channel,snr,seed,submode,band,n_cw,ctl_slots,dup,kind,outcome,data_sent,data_ok,snr_est,delivered_Bps
awgn,0.0,3,qpsk-r1/5,w,1,1,0,ctl,ok,0,0,3.7,69.7
awgn,0.0,3,qpsk-r1/5,w,1,1,0,ctl,ok,0,0,4.0,69.7
awgn,0.0,3,ack-4f,w,3,3,0,ctl,ok,0,0,3.1,69.7
awgn,0.0,3,ack-1f,w,3,3,0,ctl,ok,0,0,3.9,69.7
awgn,0.0,3,qpsk-r1/2,w,9,2,1,data,ok,7,7,3.6,69.7
awgn,0.0,3,ack-1f,w,3,3,0,ctl,ok,0,0,3.2,69.7
awgn,0.0,3,qpsk-r1/2,w,9,2,1,data,ok,7,7,3.6,69.7
awgn,0.0,3,ack-1f,w,3,3,0,ctl,ok,0,0,3.8,69.7
awgn,0.0,3,qpsk-r1/2,w,9,2,1,data,ok,7,7,3.5,69.7
awgn,0.0,3,ack-1f,w,3,3,0,ctl,ok,0,0,3.1,69.7
awgn,0.0,3,qpsk-r1/2,w,9,2,1,data,ok,7,7,3.5,69.7
awgn,0.0,3,ack-1f,w,3,3,0,ctl,ok,0,0,4.2,69.7
awgn,0.0,3,qpsk-r1/2,w,9,2,1,data,ok,7,7,3.7,69.7
awgn,0.0,3,ack-1f,w,2,2,0,ctl,ok,0,0,4.2,69.7
awgn,0.0,3,qpsk-r1/2,w,9,1,0,data,ok,8,8,3.7,69.7
awgn,0.0,3,ack-1f,w,2,2,0,ctl,ok,0,0,5.2,69.7
awgn,0.0,3,qpsk-r1/2,w,9,1,0,data,ok,8,8,3.4,69.7
awgn,0.0,3,ack-1f,w,2,2,0,ctl,ok,0,0,3.4,69.7
awgn,0.0,3,qpsk-r1/2,w,9,1,0,data,ok,8,8,3.6,69.7
awgn,0.0,3,ack-1f,w,2,2,0,ctl,ok,0,0,4.2,69.7
awgn,0.0,3,qpsk-r1/2,w,9,1,0,data,ok,8,8,3.6,69.7
awgn,0.0,3,ack-1f,w,2,2,0,ctl,ok,0,0,5.2,69.7
awgn,0.0,3,qpsk-r1/2,w,9,1,0,data,ok,8,8,3.6,69.7
awgn,0.0,3,ack-1f,w,2,2,0,ctl,ok,0,0,2.8,69.7
awgn,0.0,3,qpsk-r1/2,w,9,1,0,data,ok,8,8,3.5,69.7
awgn,0.0,3,ack-1f,w,2,2,0,ctl,ok,0,0,3.9,69.7
awgn,0.0,3,qpsk-r1/2,w,9,1,0,data,ok,8,8,3.4,69.7
awgn,0.0,3,ack-1f,w,2,2,0,ctl,ok,0,0,3.7,69.7
awgn,0.0,3,qpsk-r1/2,w,9,1,0,data,ok,8,8,3.3,69.7
awgn,0.0,3,ack-1f,w,2,2,0,ctl,ok,0,0,3.0,69.7
awgn,0.0,3,qpsk-r1/2,w,9,1,0,data,ok,8,8,3.5,69.7
awgn,0.0,3,ack-1f,w,2,2,0,ctl,ok,0,0,4.2,69.7
awgn,0.0,3,qpsk-r1/2,w,9,1,0,data,ok,8,8,3.6,69.7
awgn,0.0,3,ack-1f,w,2,2,0,ctl,ok,0,0,3.3,69.7
awgn,0.0,3,qpsk-r1/2,w,9,1,0,data,ok,8,8,3.4,69.7
awgn,0.0,3,ack-1f,w,2,2,0,ctl,ok,0,0,4.4,69.7
awgn,0.0,3,qpsk-r1/2,w,9,1,0,data,ok,8,8,3.6,69.7
awgn,0.0,3,ack-1f,w,2,2,0,ctl,ok,0,0,4.3,69.7
awgn,0.0,3,qpsk-r1/2,w,9,1,0,data,ok,8,8,3.6,69.7
awgn,0.0,3,ack-1f,w,2,2,0,ctl,ok,0,0,3.8,69.7
awgn,0.0,3,qpsk-r1/2,w,9,1,0,data,ok,8,8,3.4,69.7
awgn,0.0,3,ack-1f,w,2,2,0,ctl,ok,0,0,3.6,69.7
awgn,0.0,3,qpsk-r1/2,w,9,1,0,data,ok,8,8,3.6,69.7
awgn,0.0,3,ack-1f,w,2,2,0,ctl,ok,0,0,1.3,69.7
awgn,0.0,3,qpsk-r1/2,w,9,1,0,data,ok,8,8,3.4,69.7
awgn,0.0,3,ack-1f,w,2,2,0,ctl,ok,0,0,2.1,69.7
awgn,0.0,3,qpsk-r1/2,w,9,1,0,data,ok,8,8,3.5,69.7
awgn,0.0,3,ack-1f,w,2,2,0,ctl,ok,0,0,4.5,69.7
awgn,0.0,3,qpsk-r1/2,w,9,1,0,data,ok,8,8,3.5,69.7
awgn,0.0,3,ack-1f,w,2,2,0,ctl,ok,0,0,3.2,69.7
awgn,0.0,3,qpsk-r1/2,w,9,1,0,data,ok,8,8,3.5,69.7
awgn,0.0,3,ack-1f,w,2,2,0,ctl,ok,0,0,4.4,69.7
awgn,0.0,3,qpsk-r1/2,w,9,1,0,data,ok,8,8,3.3,69.7
awgn,0.0,3,ack-1f,w,2,2,0,ctl,ok,0,0,4.2,69.7
awgn,0.0,3,qpsk-r1/2,w,9,1,0,data,ok,8,8,3.6,69.7
awgn,0.0,3,ack-1f,w,2,2,0,ctl,ok,0,0,4.0,69.7
awgn,0.0,3,qpsk-r1/2,w,9,1,0,data,ok,8,8,3.6,69.7
awgn,0.0,3,ack-1f,w,2,2,0,ctl,ok,0,0,4.5,69.7
awgn,0.0,3,qpsk-r1/2,w,9,1,0,data,ok,8,8,3.4,69.7
awgn,0.0,3,ack-1f,w,2,2,0,ctl,ok,0,0,3.0,69.7
awgn,0.0,3,qpsk-r1/2,w,9,1,0,data,ok,8,8,3.8,69.7
awgn,0.0,3,ack-1f,w,2,2,0,ctl,ok,0,0,5.2,69.7
awgn,0.0,3,qpsk-r1/2,w,9,1,0,data,ok,8,8,3.7,69.7
awgn,0.0,3,ack-1f,w,2,2,0,ctl,ok,0,0,3.2,69.7
awgn,0.0,3,qpsk-r1/2,w,9,1,0,data,ok,8,8,3.8,69.7
awgn,0.0,3,ack-1f,w,2,2,0,ctl,ok,0,0,3.2,69.7
awgn,0.0,3,qpsk-r1/2,w,9,1,0,data,ok,8,8,3.2,69.7
awgn,0.0,3,ack-1f,w,2,2,0,ctl,ok,0,0,3.2,69.7
awgn,0.0,3,qpsk-r1/2,w,9,1,0,data,ok,8,8,3.5,69.7
awgn,0.0,3,ack-1f,w,2,2,0,ctl,ok,0,0,3.9,69.7
awgn,0.0,3,qpsk-r1/2,w,9,1,0,data,ok,8,8,3.7,69.7
awgn,0.0,3,ack-1f,w,2,2,0,ctl,ok,0,0,3.5,69.7
awgn,0.0,3,qpsk-r1/2,w,9,1,0,data,ok,8,8,3.4,69.7
awgn,0.0,3,ack-1f,w,2,2,0,ctl,ok,0,0,3.3,69.7
awgn,0.0,3,qpsk-r1/2,w,9,1,0,data,ok,8,8,3.8,69.7
awgn,0.0,3,ack-1f,w,2,2,0,ctl,ok,0,0,4.1,69.7
awgn,0.0,3,qpsk-r1/2,w,9,1,0,data,ok,8,8,3.6,69.7
awgn,0.0,3,ack-1f,w,2,2,0,ctl,ok,0,0,5.3,69.7
awgn,0.0,3,qpsk-r1/2,w,9,1,0,data,ok,8,8,3.6,69.7
awgn,0.0,3,ack-1f,w,2,2,0,ctl,ok,0,0,3.2,69.7
awgn,0.0,3,qpsk-r1/2,w,9,1,0,data,ok,8,8,3.7,69.7
awgn,0.0,3,ack-1f,w,2,2,0,ctl,ok,0,0,3.2,69.7
awgn,0.0,3,qpsk-r1/2,w,9,1,0,data,ok,8,8,3.4,69.7
awgn,0.0,3,ack-1f,w,2,2,0,ctl,ok,0,0,3.6,69.7
awgn,0.0,3,qpsk-r1/2,w,9,1,0,data,ok,8,8,3.6,69.7
awgn,0.0,3,ack-1f,w,2,2,0,ctl,ok,0,0,3.6,69.7
awgn,0.0,3,qpsk-r1/2,w,9,1,0,data,ok,8,8,3.7,69.7
awgn,0.0,3,ack-1f,w,2,2,0,ctl,ok,0,0,3.3,69.7
awgn,0.0,3,qpsk-r1/2,w,9,1,0,data,ok,8,8,3.6,69.7
awgn,0.0,3,ack-1f,w,2,2,0,ctl,ok,0,0,4.6,69.7
awgn,0.0,3,qpsk-r1/2,w,9,1,0,data,ok,8,8,3.3,69.7
awgn,0.0,3,ack-1f,w,2,2,0,ctl,ok,0,0,3.8,69.7
awgn,0.0,3,qpsk-r1/2,w,9,1,0,data,ok,8,8,3.5,69.7
awgn,0.0,3,ack-1f,w,2,2,0,ctl,ok,0,0,3.2,69.7
awgn,0.0,3,qpsk-r1/2,w,9,1,0,data,ok,8,8,3.7,69.7
awgn,0.0,3,ack-1f,w,2,2,0,ctl,ok,0,0,3.4,69.7
awgn,0.0,3,qpsk-r1/2,w,9,1,0,data,ok,8,8,3.4,69.7
awgn,0.0,6,qpsk-r1/5,w,1,1,0,ctl,ok,0,0,3.9,69.7
awgn,0.0,6,qpsk-r1/5,w,1,1,0,ctl,ok,0,0,3.5,69.7
awgn,0.0,6,ack-4f,w,3,3,0,ctl,ok,0,0,3.6,69.7
awgn,0.0,6,ack-1f,w,3,3,0,ctl,ok,0,0,3.7,69.7
awgn,0.0,6,qpsk-r1/2,w,9,2,1,data,ok,7,7,3.7,69.7
awgn,0.0,6,ack-1f,w,3,3,0,ctl,ok,0,0,3.2,69.7
awgn,0.0,6,qpsk-r1/2,w,9,2,1,data,ok,7,7,3.3,69.7
awgn,0.0,6,ack-1f,w,3,3,0,ctl,ok,0,0,3.0,69.7
awgn,0.0,6,qpsk-r1/2,w,9,2,1,data,ok,7,7,3.5,69.7
awgn,0.0,6,ack-1f,w,3,3,0,ctl,ok,0,0,3.8,69.7
awgn,0.0,6,qpsk-r1/2,w,9,2,1,data,ok,7,7,3.6,69.7
awgn,0.0,6,ack-1f,w,3,3,0,ctl,ok,0,0,3.7,69.7
awgn,0.0,6,qpsk-r1/2,w,9,2,1,data,ok,7,7,3.5,69.7
awgn,0.0,6,ack-1f,w,2,2,0,ctl,ok,0,0,3.2,69.7
awgn,0.0,6,qpsk-r1/2,w,9,1,0,data,ok,8,8,3.5,69.7
awgn,0.0,6,ack-1f,w,2,2,0,ctl,ok,0,0,2.3,69.7
awgn,0.0,6,qpsk-r1/2,w,9,1,0,data,ok,8,8,3.4,69.7
awgn,0.0,6,ack-1f,w,2,2,0,ctl,ok,0,0,4.1,69.7
awgn,0.0,6,qpsk-r1/2,w,9,1,0,data,ok,8,8,3.5,69.7
awgn,0.0,6,ack-1f,w,2,2,0,ctl,ok,0,0,3.9,69.7
awgn,0.0,6,qpsk-r1/2,w,9,1,0,data,ok,8,8,3.7,69.7
awgn,0.0,6,ack-1f,w,2,2,0,ctl,ok,0,0,4.1,69.7
awgn,0.0,6,qpsk-r1/2,w,9,1,0,data,ok,8,8,3.5,69.7
awgn,0.0,6,ack-1f,w,2,2,0,ctl,ok,0,0,3.8,69.7
awgn,0.0,6,qpsk-r1/2,w,9,1,0,data,ok,8,8,3.6,69.7
awgn,0.0,6,ack-1f,w,2,2,0,ctl,ok,0,0,4.1,69.7
awgn,0.0,6,qpsk-r1/2,w,9,1,0,data,ok,8,8,3.5,69.7
awgn,0.0,6,ack-1f,w,2,2,0,ctl,ok,0,0,4.4,69.7
awgn,0.0,6,qpsk-r1/2,w,9,1,0,data,ok,8,8,3.6,69.7
awgn,0.0,6,ack-1f,w,2,2,0,ctl,ok,0,0,4.3,69.7
awgn,0.0,6,qpsk-r1/2,w,9,1,0,data,ok,8,8,3.7,69.7
awgn,0.0,6,ack-1f,w,2,2,0,ctl,ok,0,0,3.0,69.7
awgn,0.0,6,qpsk-r1/2,w,9,1,0,data,ok,8,8,3.6,69.7
awgn,0.0,6,ack-1f,w,2,2,0,ctl,ok,0,0,2.7,69.7
awgn,0.0,6,qpsk-r1/2,w,9,1,0,data,ok,8,8,3.7,69.7
awgn,0.0,6,ack-1f,w,2,2,0,ctl,ok,0,0,4.7,69.7
awgn,0.0,6,qpsk-r1/2,w,9,1,0,data,ok,8,8,3.3,69.7
awgn,0.0,6,ack-1f,w,2,2,0,ctl,ok,0,0,2.9,69.7
awgn,0.0,6,qpsk-r1/2,w,9,1,0,data,ok,8,8,3.6,69.7
awgn,0.0,6,ack-1f,w,2,2,0,ctl,ok,0,0,3.5,69.7
awgn,0.0,6,qpsk-r1/2,w,9,1,0,data,ok,8,8,3.6,69.7
awgn,0.0,6,ack-1f,w,2,2,0,ctl,ok,0,0,3.7,69.7
awgn,0.0,6,qpsk-r1/2,w,9,1,0,data,ok,8,8,3.3,69.7
awgn,0.0,6,ack-1f,w,2,2,0,ctl,ok,0,0,4.4,69.7
awgn,0.0,6,qpsk-r1/2,w,9,1,0,data,ok,8,8,3.5,69.7
awgn,0.0,6,ack-1f,w,2,2,0,ctl,ok,0,0,4.3,69.7
awgn,0.0,6,qpsk-r1/2,w,9,1,0,data,ok,8,8,3.5,69.7
awgn,0.0,6,ack-1f,w,2,2,0,ctl,ok,0,0,3.7,69.7
awgn,0.0,6,qpsk-r1/2,w,9,1,0,data,ok,8,8,3.5,69.7
awgn,0.0,6,ack-1f,w,2,2,0,ctl,ok,0,0,4.1,69.7
awgn,0.0,6,qpsk-r1/2,w,9,1,0,data,ok,8,8,3.3,69.7
awgn,0.0,6,ack-1f,w,2,2,0,ctl,ok,0,0,2.1,69.7
awgn,0.0,6,qpsk-r1/2,w,9,1,0,data,ok,8,8,3.3,69.7
awgn,0.0,6,ack-1f,w,2,2,0,ctl,ok,0,0,3.0,69.7
awgn,0.0,6,qpsk-r1/2,w,9,1,0,data,ok,8,8,3.6,69.7
awgn,0.0,6,ack-1f,w,2,2,0,ctl,ok,0,0,3.8,69.7
awgn,0.0,6,qpsk-r1/2,w,9,1,0,data,ok,8,8,3.6,69.7
awgn,0.0,6,ack-1f,w,2,2,0,ctl,ok,0,0,3.0,69.7
awgn,0.0,6,qpsk-r1/2,w,9,1,0,data,ok,8,8,3.5,69.7
awgn,0.0,6,ack-1f,w,2,2,0,ctl,ok,0,0,3.3,69.7
awgn,0.0,6,qpsk-r1/2,w,9,1,0,data,ok,8,8,3.7,69.7
awgn,0.0,6,ack-1f,w,2,2,0,ctl,ok,0,0,3.6,69.7
awgn,0.0,6,qpsk-r1/2,w,9,1,0,data,ok,8,8,3.6,69.7
awgn,0.0,6,ack-1f,w,2,2,0,ctl,ok,0,0,3.6,69.7
awgn,0.0,6,qpsk-r1/2,w,9,1,0,data,ok,8,8,3.6,69.7
awgn,0.0,6,ack-1f,w,2,2,0,ctl,ok,0,0,3.4,69.7
awgn,0.0,6,qpsk-r1/2,w,9,1,0,data,ok,8,8,3.5,69.7
awgn,0.0,6,ack-1f,w,2,2,0,ctl,ok,0,0,4.2,69.7
awgn,0.0,6,qpsk-r1/2,w,9,1,0,data,ok,8,8,3.8,69.7
awgn,0.0,6,ack-1f,w,2,2,0,ctl,ok,0,0,3.1,69.7
awgn,0.0,6,qpsk-r1/2,w,9,1,0,data,ok,8,8,3.2,69.7
awgn,0.0,6,ack-1f,w,2,2,0,ctl,ok,0,0,5.3,69.7
awgn,0.0,6,qpsk-r1/2,w,9,1,0,data,ok,8,8,3.8,69.7
awgn,0.0,6,ack-1f,w,2,2,0,ctl,ok,0,0,5.2,69.7
awgn,0.0,6,qpsk-r1/2,w,9,1,0,data,ok,8,8,3.6,69.7
awgn,0.0,6,ack-1f,w,2,2,0,ctl,ok,0,0,5.0,69.7
awgn,0.0,6,qpsk-r1/2,w,9,1,0,data,ok,8,8,3.5,69.7
awgn,0.0,6,ack-1f,w,2,2,0,ctl,ok,0,0,2.6,69.7
awgn,0.0,6,qpsk-r1/2,w,9,1,0,data,ok,8,8,3.4,69.7
awgn,0.0,6,ack-1f,w,2,2,0,ctl,ok,0,0,3.9,69.7
awgn,0.0,6,qpsk-r1/2,w,9,1,0,data,ok,8,8,3.6,69.7
awgn,0.0,6,ack-1f,w,2,2,0,ctl,ok,0,0,4.8,69.7
awgn,0.0,6,qpsk-r1/2,w,9,1,0,data,ok,8,8,3.3,69.7
awgn,0.0,6,ack-1f,w,2,2,0,ctl,ok,0,0,3.9,69.7
awgn,0.0,6,qpsk-r1/2,w,9,1,0,data,ok,8,8,3.7,69.7
awgn,0.0,6,ack-1f,w,2,2,0,ctl,ok,0,0,3.7,69.7
awgn,0.0,6,qpsk-r1/2,w,9,1,0,data,ok,8,8,3.5,69.7
awgn,0.0,6,ack-1f,w,2,2,0,ctl,ok,0,0,3.3,69.7
awgn,0.0,6,qpsk-r1/2,w,9,1,0,data,ok,8,8,3.7,69.7
awgn,0.0,6,ack-1f,w,2,2,0,ctl,ok,0,0,3.7,69.7
awgn,0.0,6,qpsk-r1/2,w,9,1,0,data,ok,8,8,3.3,69.7
awgn,0.0,6,ack-1f,w,2,2,0,ctl,ok,0,0,4.4,69.7
awgn,0.0,6,qpsk-r1/2,w,9,1,0,data,ok,8,8,3.6,69.7
awgn,0.0,6,ack-1f,w,2,2,0,ctl,ok,0,0,4.7,69.7
awgn,0.0,6,qpsk-r1/2,w,9,1,0,data,ok,8,8,3.5,69.7
awgn,0.0,6,ack-1f,w,2,2,0,ctl,ok,0,0,4.1,69.7
awgn,0.0,6,qpsk-r1/2,w,9,1,0,data,ok,8,8,3.8,69.7
awgn,0.0,2,qpsk-r1/5,w,1,1,0,ctl,ok,0,0,3.3,69.7
awgn,0.0,2,qpsk-r1/5,w,1,1,0,ctl,ok,0,0,3.5,69.7
awgn,0.0,2,ack-4f,w,3,3,0,ctl,ok,0,0,3.6,69.7
awgn,0.0,2,ack-1f,w,3,3,0,ctl,ok,0,0,1.9,69.7
awgn,0.0,2,qpsk-r1/2,w,9,2,1,data,ok,7,7,3.6,69.7
awgn,0.0,2,ack-1f,w,3,3,0,ctl,ok,0,0,3.4,69.7
awgn,0.0,2,qpsk-r1/2,w,9,2,1,data,ok,7,7,3.8,69.7
awgn,0.0,2,ack-1f,w,3,3,0,ctl,ok,0,0,3.4,69.7
awgn,0.0,2,qpsk-r1/2,w,9,2,1,data,ok,7,7,3.7,69.7
awgn,0.0,2,ack-1f,w,2,2,0,ctl,ok,0,0,3.3,69.7
awgn,0.0,2,qpsk-r1/2,w,9,1,0,data,ok,8,8,3.4,69.7
awgn,0.0,2,ack-1f,w,3,3,0,ctl,ok,0,0,3.9,69.7
awgn,0.0,2,qpsk-r1/2,w,9,2,1,data,ok,7,7,3.5,69.7
awgn,0.0,2,ack-1f,w,2,2,0,ctl,ok,0,0,3.6,69.7
awgn,0.0,2,qpsk-r1/2,w,9,1,0,data,ok,8,8,3.6,69.7
awgn,0.0,2,ack-1f,w,2,2,0,ctl,ok,0,0,3.2,69.7
awgn,0.0,2,qpsk-r1/2,w,9,1,0,data,ok,8,8,3.5,69.7
awgn,0.0,2,ack-1f,w,2,2,0,ctl,ok,0,0,3.4,69.7
awgn,0.0,2,qpsk-r1/2,w,9,1,0,data,ok,8,8,3.5,69.7
awgn,0.0,2,ack-1f,w,2,2,0,ctl,ok,0,0,3.8,69.7
awgn,0.0,2,qpsk-r1/2,w,9,1,0,data,ok,8,8,3.5,69.7
awgn,0.0,2,ack-1f,w,2,2,0,ctl,ok,0,0,4.2,69.7
awgn,0.0,2,qpsk-r1/2,w,9,1,0,data,ok,8,8,3.4,69.7
awgn,0.0,2,ack-1f,w,2,2,0,ctl,ok,0,0,3.8,69.7
awgn,0.0,2,qpsk-r1/2,w,9,1,0,data,ok,8,8,3.5,69.7
awgn,0.0,2,ack-1f,w,2,2,0,ctl,ok,0,0,3.8,69.7
awgn,0.0,2,qpsk-r1/2,w,9,1,0,data,ok,8,8,3.6,69.7
awgn,0.0,2,ack-1f,w,2,2,0,ctl,ok,0,0,1.7,69.7
awgn,0.0,2,qpsk-r1/2,w,9,1,0,data,ok,8,8,3.4,69.7
awgn,0.0,2,ack-1f,w,2,2,0,ctl,ok,0,0,3.9,69.7
awgn,0.0,2,qpsk-r1/2,w,9,1,0,data,ok,8,8,3.8,69.7
awgn,0.0,2,ack-1f,w,2,2,0,ctl,ok,0,0,3.7,69.7
awgn,0.0,2,qpsk-r1/2,w,9,1,0,data,ok,8,8,3.4,69.7
awgn,0.0,2,ack-1f,w,2,2,0,ctl,ok,0,0,4.8,69.7
awgn,0.0,2,qpsk-r1/2,w,9,1,0,data,ok,8,8,3.3,69.7
awgn,0.0,2,ack-1f,w,2,2,0,ctl,ok,0,0,4.4,69.7
awgn,0.0,2,qpsk-r1/2,w,9,1,0,data,ok,8,8,3.6,69.7
awgn,0.0,2,ack-1f,w,2,2,0,ctl,ok,0,0,3.0,69.7
awgn,0.0,2,qpsk-r1/2,w,9,1,0,data,ok,8,8,3.5,69.7
awgn,0.0,2,ack-1f,w,2,2,0,ctl,ok,0,0,3.2,69.7
awgn,0.0,2,qpsk-r1/2,w,9,1,0,data,ok,8,8,3.4,69.7
awgn,0.0,2,ack-1f,w,2,2,0,ctl,ok,0,0,3.6,69.7
awgn,0.0,2,qpsk-r1/2,w,9,1,0,data,ok,8,8,3.6,69.7
awgn,0.0,2,ack-1f,w,2,2,0,ctl,ok,0,0,3.4,69.7
awgn,0.0,2,qpsk-r1/2,w,9,1,0,data,ok,8,8,3.5,69.7
awgn,0.0,2,ack-1f,w,2,2,0,ctl,ok,0,0,4.0,69.7
awgn,0.0,2,qpsk-r1/2,w,9,1,0,data,ok,8,8,3.2,69.7
awgn,0.0,2,ack-1f,w,2,2,0,ctl,ok,0,0,3.8,69.7
awgn,0.0,2,qpsk-r1/2,w,9,1,0,data,ok,8,8,3.4,69.7
awgn,0.0,2,ack-1f,w,2,2,0,ctl,ok,0,0,3.5,69.7
awgn,0.0,2,qpsk-r1/2,w,9,1,0,data,ok,8,8,3.6,69.7
awgn,0.0,2,ack-1f,w,2,2,0,ctl,ok,0,0,4.8,69.7
awgn,0.0,2,qpsk-r1/2,w,9,1,0,data,ok,8,8,3.5,69.7
awgn,0.0,2,ack-1f,w,2,2,0,ctl,ok,0,0,4.3,69.7
awgn,0.0,2,qpsk-r1/2,w,9,1,0,data,ok,8,8,3.5,69.7
awgn,0.0,2,ack-1f,w,2,2,0,ctl,ok,0,0,3.7,69.7
awgn,0.0,2,qpsk-r1/2,w,9,1,0,data,ok,8,8,3.5,69.7
awgn,0.0,2,ack-1f,w,2,2,0,ctl,ok,0,0,5.0,69.7
awgn,0.0,2,qpsk-r1/2,w,9,1,0,data,ok,8,8,3.8,69.7
awgn,0.0,2,ack-1f,w,2,2,0,ctl,ok,0,0,3.7,69.7
awgn,0.0,2,qpsk-r1/2,w,9,1,0,data,ok,8,8,3.6,69.7
awgn,0.0,2,ack-1f,w,2,2,0,ctl,ok,0,0,3.9,69.7
awgn,0.0,2,qpsk-r1/2,w,9,1,0,data,ok,8,8,3.4,69.7
awgn,0.0,2,ack-1f,w,2,2,0,ctl,ok,0,0,4.5,69.7
awgn,0.0,2,qpsk-r1/2,w,9,1,0,data,ok,8,8,3.7,69.7
awgn,0.0,2,ack-1f,w,2,2,0,ctl,ok,0,0,4.0,69.7
awgn,0.0,2,qpsk-r1/2,w,9,1,0,data,ok,8,8,3.4,69.7
awgn,0.0,2,ack-1f,w,2,2,0,ctl,ok,0,0,4.2,69.7
awgn,0.0,2,qpsk-r1/2,w,9,1,0,data,ok,8,8,3.6,69.7
awgn,0.0,2,ack-1f,w,2,2,0,ctl,ok,0,0,3.4,69.7
awgn,0.0,2,qpsk-r1/2,w,9,1,0,data,ok,8,8,3.6,69.7
awgn,0.0,2,ack-1f,w,2,2,0,ctl,ok,0,0,4.2,69.7
awgn,0.0,2,qpsk-r1/2,w,9,1,0,data,ok,8,8,3.5,69.7
awgn,0.0,2,ack-1f,w,2,2,0,ctl,ok,0,0,3.0,69.7
awgn,0.0,2,qpsk-r1/2,w,9,1,0,data,ok,8,8,3.7,69.7
awgn,0.0,2,ack-1f,w,2,2,0,ctl,ok,0,0,4.1,69.7
awgn,0.0,2,qpsk-r1/2,w,9,1,0,data,ok,8,8,3.6,69.7
awgn,0.0,2,ack-1f,w,2,2,0,ctl,ok,0,0,3.3,69.7
awgn,0.0,2,qpsk-r1/2,w,9,1,0,data,ok,8,8,3.6,69.7
awgn,0.0,2,ack-1f,w,2,2,0,ctl,ok,0,0,4.0,69.7
awgn,0.0,2,qpsk-r1/2,w,9,1,0,data,ok,8,8,3.7,69.7
awgn,0.0,2,ack-1f,w,2,2,0,ctl,ok,0,0,4.6,69.7
awgn,0.0,2,qpsk-r1/2,w,9,1,0,data,ok,8,8,3.7,69.7
awgn,0.0,2,ack-1f,w,2,2,0,ctl,ok,0,0,4.0,69.7
awgn,0.0,2,qpsk-r1/2,w,9,1,0,data,ok,8,8,3.5,69.7
awgn,0.0,2,ack-1f,w,2,2,0,ctl,ok,0,0,3.2,69.7
awgn,0.0,2,qpsk-r1/2,w,9,1,0,data,ok,8,8,3.5,69.7
awgn,0.0,2,ack-1f,w,2,2,0,ctl,ok,0,0,2.6,69.7
awgn,0.0,2,qpsk-r1/2,w,9,1,0,data,ok,8,8,3.6,69.7
awgn,0.0,2,ack-1f,w,2,2,0,ctl,ok,0,0,3.8,69.7
awgn,0.0,2,qpsk-r1/2,w,9,1,0,data,ok,8,8,3.6,69.7
awgn,0.0,2,ack-1f,w,2,2,0,ctl,ok,0,0,4.1,69.7
awgn,0.0,2,qpsk-r1/2,w,9,1,0,data,ok,8,8,3.5,69.7
awgn,0.0,2,ack-1f,w,2,2,0,ctl,ok,0,0,3.7,69.7
awgn,0.0,2,qpsk-r1/2,w,9,1,0,data,ok,8,8,3.6,69.7
awgn,0.0,2,ack-1f,w,2,2,0,ctl,ok,0,0,4.3,69.7
awgn,0.0,2,qpsk-r1/2,w,9,1,0,data,ok,8,8,3.5,69.7
awgn,0.0,4,qpsk-r1/5,w,1,1,0,ctl,ok,0,0,3.7,69.7
awgn,0.0,4,qpsk-r1/5,w,1,1,0,ctl,ok,0,0,3.5,69.7
awgn,0.0,4,ack-4f,w,3,3,0,ctl,ok,0,0,3.6,69.7
awgn,0.0,4,ack-1f,w,3,3,0,ctl,ok,0,0,3.5,69.7
awgn,0.0,4,qpsk-r1/2,w,9,2,1,data,ok,7,7,3.9,69.7
awgn,0.0,4,ack-1f,w,3,3,0,ctl,ok,0,0,1.5,69.7
awgn,0.0,4,qpsk-r1/2,w,9,2,1,data,ok,7,7,3.4,69.7
awgn,0.0,4,ack-1f,w,3,3,0,ctl,ok,0,0,4.2,69.7
awgn,0.0,4,qpsk-r1/2,w,9,2,1,data,ok,7,7,3.4,69.7
awgn,0.0,4,ack-1f,w,3,3,0,ctl,ok,0,0,3.7,69.7
awgn,0.0,4,qpsk-r1/2,w,9,2,1,data,ok,7,7,3.6,69.7
awgn,0.0,4,ack-1f,w,3,3,0,ctl,ok,0,0,4.1,69.7
awgn,0.0,4,qpsk-r1/2,w,9,2,1,data,ok,7,7,3.2,69.7
awgn,0.0,4,ack-1f,w,2,2,0,ctl,ok,0,0,1.7,69.7
awgn,0.0,4,qpsk-r1/2,w,9,1,0,data,ok,8,8,3.7,69.7
awgn,0.0,4,ack-1f,w,2,2,0,ctl,ok,0,0,3.5,69.7
awgn,0.0,4,qpsk-r1/2,w,9,1,0,data,ok,8,8,3.5,69.7
awgn,0.0,4,ack-1f,w,2,2,0,ctl,ok,0,0,3.0,69.7
awgn,0.0,4,qpsk-r1/2,w,9,1,0,data,ok,8,8,3.6,69.7
awgn,0.0,4,ack-1f,w,2,2,0,ctl,ok,0,0,3.4,69.7
awgn,0.0,4,qpsk-r1/2,w,9,1,0,data,ok,8,8,3.4,69.7
awgn,0.0,4,ack-1f,w,2,2,0,ctl,ok,0,0,2.6,69.7
awgn,0.0,4,qpsk-r1/2,w,9,1,0,data,ok,8,8,3.5,69.7
awgn,0.0,4,ack-1f,w,2,2,0,ctl,ok,0,0,4.1,69.7
awgn,0.0,4,qpsk-r1/2,w,9,1,0,data,ok,8,8,3.7,69.7
awgn,0.0,4,ack-1f,w,2,2,0,ctl,ok,0,0,4.1,69.7
awgn,0.0,4,qpsk-r1/2,w,9,1,0,data,ok,8,8,3.7,69.7
awgn,0.0,4,ack-1f,w,2,2,0,ctl,ok,0,0,3.3,69.7
awgn,0.0,4,qpsk-r1/2,w,9,1,0,data,ok,8,8,3.3,69.7
awgn,0.0,4,ack-1f,w,2,2,0,ctl,ok,0,0,2.3,69.7
awgn,0.0,4,qpsk-r1/2,w,9,1,0,data,ok,8,8,3.7,69.7
awgn,0.0,4,ack-1f,w,2,2,0,ctl,ok,0,0,3.4,69.7
awgn,0.0,4,qpsk-r1/2,w,9,1,0,data,ok,8,8,3.2,69.7
awgn,0.0,4,ack-1f,w,2,2,0,ctl,ok,0,0,3.7,69.7
awgn,0.0,4,qpsk-r1/2,w,9,1,0,data,ok,8,8,3.6,69.7
awgn,0.0,4,ack-1f,w,2,2,0,ctl,ok,0,0,2.8,69.7
awgn,0.0,4,qpsk-r1/2,w,9,1,0,data,ok,8,8,3.7,69.7
awgn,0.0,4,ack-1f,w,2,2,0,ctl,ok,0,0,3.2,69.7
awgn,0.0,4,qpsk-r1/2,w,9,1,0,data,ok,8,8,3.8,69.7
awgn,0.0,4,ack-1f,w,2,2,0,ctl,ok,0,0,4.2,69.7
awgn,0.0,4,qpsk-r1/2,w,9,1,0,data,ok,8,8,3.4,69.7
awgn,0.0,4,ack-1f,w,2,2,0,ctl,ok,0,0,3.3,69.7
awgn,0.0,4,qpsk-r1/2,w,9,1,0,data,ok,8,8,3.6,69.7
awgn,0.0,4,ack-1f,w,2,2,0,ctl,ok,0,0,3.9,69.7
awgn,0.0,4,qpsk-r1/2,w,9,1,0,data,ok,8,8,3.3,69.7
awgn,0.0,4,ack-1f,w,2,2,0,ctl,ok,0,0,3.9,69.7
awgn,0.0,4,qpsk-r1/2,w,9,1,0,data,ok,8,8,3.6,69.7
awgn,0.0,4,ack-1f,w,2,2,0,ctl,ok,0,0,4.3,69.7
awgn,0.0,4,qpsk-r1/2,w,9,1,0,data,ok,8,8,3.5,69.7
awgn,0.0,4,ack-1f,w,2,2,0,ctl,ok,0,0,3.9,69.7
awgn,0.0,4,qpsk-r1/2,w,9,1,0,data,ok,8,8,3.7,69.7
awgn,0.0,4,ack-1f,w,2,2,0,ctl,ok,0,0,4.2,69.7
awgn,0.0,4,qpsk-r1/2,w,9,1,0,data,ok,8,8,3.5,69.7
awgn,0.0,4,ack-1f,w,2,2,0,ctl,ok,0,0,3.4,69.7
awgn,0.0,4,qpsk-r1/2,w,9,1,0,data,ok,8,8,3.4,69.7
awgn,0.0,4,ack-1f,w,2,2,0,ctl,ok,0,0,3.8,69.7
awgn,0.0,4,qpsk-r1/2,w,9,1,0,data,ok,8,8,3.2,69.7
awgn,0.0,4,ack-1f,w,2,2,0,ctl,ok,0,0,3.3,69.7
awgn,0.0,4,qpsk-r1/2,w,9,1,0,data,ok,8,8,3.4,69.7
awgn,0.0,4,ack-1f,w,2,2,0,ctl,ok,0,0,3.0,69.7
awgn,0.0,4,qpsk-r1/2,w,9,1,0,data,ok,8,8,3.7,69.7
awgn,0.0,4,ack-1f,w,2,2,0,ctl,ok,0,0,4.0,69.7
awgn,0.0,4,qpsk-r1/2,w,9,1,0,data,ok,8,8,3.3,69.7
awgn,0.0,4,ack-1f,w,2,2,0,ctl,ok,0,0,2.0,69.7
awgn,0.0,4,qpsk-r1/2,w,9,1,0,data,ok,8,8,3.5,69.7
awgn,0.0,4,ack-1f,w,2,2,0,ctl,ok,0,0,2.5,69.7
awgn,0.0,4,qpsk-r1/2,w,9,1,0,data,ok,8,8,3.5,69.7
awgn,0.0,4,ack-1f,w,2,2,0,ctl,ok,0,0,4.4,69.7
awgn,0.0,4,qpsk-r1/2,w,9,1,0,data,ok,8,8,3.5,69.7
awgn,0.0,4,ack-1f,w,2,2,0,ctl,ok,0,0,4.3,69.7
awgn,0.0,4,qpsk-r1/2,w,9,1,0,data,ok,8,8,3.6,69.7
awgn,0.0,4,ack-1f,w,2,2,0,ctl,ok,0,0,4.7,69.7
awgn,0.0,4,qpsk-r1/2,w,9,1,0,data,ok,8,8,3.4,69.7
awgn,0.0,4,ack-1f,w,2,2,0,ctl,ok,0,0,4.3,69.7
awgn,0.0,4,qpsk-r1/2,w,9,1,0,data,ok,8,8,3.6,69.7
awgn,0.0,4,ack-1f,w,2,2,0,ctl,ok,0,0,4.7,69.7
awgn,0.0,4,qpsk-r1/2,w,9,1,0,data,ok,8,8,3.5,69.7
awgn,0.0,4,ack-1f,w,2,2,0,ctl,ok,0,0,3.8,69.7
awgn,0.0,4,qpsk-r1/2,w,9,1,0,data,ok,8,8,3.5,69.7
awgn,0.0,4,ack-1f,w,2,2,0,ctl,ok,0,0,4.6,69.7
awgn,0.0,4,qpsk-r1/2,w,9,1,0,data,ok,8,8,3.5,69.7
awgn,0.0,4,ack-1f,w,2,2,0,ctl,ok,0,0,3.2,69.7
awgn,0.0,4,qpsk-r1/2,w,9,1,0,data,ok,8,8,3.5,69.7
awgn,0.0,4,ack-1f,w,2,2,0,ctl,ok,0,0,4.1,69.7
awgn,0.0,4,qpsk-r1/2,w,9,1,0,data,ok,8,8,3.5,69.7
awgn,0.0,4,ack-1f,w,2,2,0,ctl,ok,0,0,2.8,69.7
awgn,0.0,4,qpsk-r1/2,w,9,1,0,data,ok,8,8,3.6,69.7
awgn,0.0,4,ack-1f,w,2,2,0,ctl,ok,0,0,3.7,69.7
awgn,0.0,4,qpsk-r1/2,w,9,1,0,data,ok,8,8,3.5,69.7
awgn,0.0,4,ack-1f,w,2,2,0,ctl,ok,0,0,3.7,69.7
awgn,0.0,4,qpsk-r1/2,w,9,1,0,data,ok,8,8,3.2,69.7
awgn,0.0,4,ack-1f,w,2,2,0,ctl,ok,0,0,4.0,69.7
awgn,0.0,4,qpsk-r1/2,w,9,1,0,data,ok,8,8,3.4,69.7
awgn,0.0,4,ack-1f,w,2,2,0,ctl,ok,0,0,3.4,69.7
awgn,0.0,4,qpsk-r1/2,w,9,1,0,data,ok,8,8,3.5,69.7
awgn,0.0,4,ack-1f,w,2,2,0,ctl,ok,0,0,4.3,69.7
awgn,0.0,4,qpsk-r1/2,w,9,1,0,data,ok,8,8,3.5,69.7
awgn,0.0,1,qpsk-r1/5,w,1,1,0,ctl,ok,0,0,3.6,69.7
awgn,0.0,1,qpsk-r1/5,w,1,1,0,ctl,ok,0,0,3.1,69.7
awgn,0.0,1,ack-4f,w,3,3,0,ctl,ok,0,0,3.6,69.7
awgn,0.0,1,ack-1f,w,3,3,0,ctl,ok,0,0,4.4,69.7
awgn,0.0,1,qpsk-r1/2,w,9,2,1,data,ok,7,7,3.6,69.7
awgn,0.0,1,ack-1f,w,3,3,0,ctl,ok,0,0,4.9,69.7
awgn,0.0,1,qpsk-r1/2,w,9,2,1,data,ok,7,7,3.3,69.7
awgn,0.0,1,ack-1f,w,3,3,0,ctl,ok,0,0,3.3,69.7
awgn,0.0,1,qpsk-r1/2,w,9,2,1,data,ok,7,7,3.5,69.7
awgn,0.0,1,ack-1f,w,3,3,0,ctl,ok,0,0,3.9,69.7
awgn,0.0,1,qpsk-r1/2,w,9,2,1,data,ok,7,7,3.4,69.7
awgn,0.0,1,ack-1f,w,3,3,0,ctl,ok,0,0,3.5,69.7
awgn,0.0,1,qpsk-r1/2,w,9,2,1,data,ok,7,7,3.6,69.7
awgn,0.0,1,ack-1f,w,2,2,0,ctl,ok,0,0,4.0,69.7
awgn,0.0,1,qpsk-r1/2,w,9,1,0,data,ok,8,8,3.5,69.7
awgn,0.0,1,ack-1f,w,2,2,0,ctl,ok,0,0,3.2,69.7
awgn,0.0,1,qpsk-r1/2,w,9,1,0,data,ok,8,8,3.8,69.7
awgn,0.0,1,ack-1f,w,2,2,0,ctl,ok,0,0,4.3,69.7
awgn,0.0,1,qpsk-r1/2,w,9,1,0,data,ok,8,8,3.6,69.7
awgn,0.0,1,ack-1f,w,2,2,0,ctl,ok,0,0,3.6,69.7
awgn,0.0,1,qpsk-r1/2,w,9,1,0,data,ok,8,8,3.5,69.7
awgn,0.0,1,ack-1f,w,2,2,0,ctl,ok,0,0,3.2,69.7
awgn,0.0,1,qpsk-r1/2,w,9,1,0,data,ok,8,8,3.4,69.7
awgn,0.0,1,ack-1f,w,2,2,0,ctl,ok,0,0,4.0,69.7
awgn,0.0,1,qpsk-r1/2,w,9,1,0,data,ok,8,8,3.7,69.7
awgn,0.0,1,ack-1f,w,2,2,0,ctl,ok,0,0,2.9,69.7
awgn,0.0,1,qpsk-r1/2,w,9,1,0,data,ok,8,8,3.5,69.7
awgn,0.0,1,ack-1f,w,2,2,0,ctl,ok,0,0,1.2,69.7
awgn,0.0,1,qpsk-r1/2,w,9,1,0,data,ok,8,8,3.8,69.7
awgn,0.0,1,ack-1f,w,2,2,0,ctl,ok,0,0,4.0,69.7
awgn,0.0,1,qpsk-r1/2,w,9,1,0,data,ok,8,8,3.6,69.7
awgn,0.0,1,ack-1f,w,2,2,0,ctl,ok,0,0,3.5,69.7
awgn,0.0,1,qpsk-r1/2,w,9,1,0,data,ok,8,8,3.5,69.7
awgn,0.0,1,ack-1f,w,2,2,0,ctl,ok,0,0,3.7,69.7
awgn,0.0,1,qpsk-r1/2,w,9,1,0,data,ok,8,8,3.7,69.7
awgn,0.0,1,ack-1f,w,2,2,0,ctl,ok,0,0,3.8,69.7
awgn,0.0,1,qpsk-r1/2,w,9,1,0,data,ok,8,8,3.4,69.7
awgn,0.0,1,ack-1f,w,2,2,0,ctl,ok,0,0,3.4,69.7
awgn,0.0,1,qpsk-r1/2,w,9,1,0,data,ok,8,8,3.6,69.7
awgn,0.0,1,ack-1f,w,2,2,0,ctl,ok,0,0,4.1,69.7
awgn,0.0,1,qpsk-r1/2,w,9,1,0,data,ok,8,8,3.6,69.7
awgn,0.0,1,ack-1f,w,2,2,0,ctl,ok,0,0,3.5,69.7
awgn,0.0,1,qpsk-r1/2,w,9,1,0,data,ok,8,8,3.7,69.7
awgn,0.0,1,ack-1f,w,2,2,0,ctl,ok,0,0,4.7,69.7
awgn,0.0,1,qpsk-r1/2,w,9,1,0,data,ok,8,8,3.5,69.7
awgn,0.0,1,ack-1f,w,2,2,0,ctl,ok,0,0,2.7,69.7
awgn,0.0,1,qpsk-r1/2,w,9,1,0,data,ok,8,8,3.3,69.7
awgn,0.0,1,ack-1f,w,2,2,0,ctl,ok,0,0,3.4,69.7
awgn,0.0,1,qpsk-r1/2,w,9,1,0,data,ok,8,8,3.6,69.7
awgn,0.0,1,ack-1f,w,2,2,0,ctl,ok,0,0,3.1,69.7
awgn,0.0,1,qpsk-r1/2,w,9,1,0,data,ok,8,8,3.4,69.7
awgn,0.0,1,ack-1f,w,2,2,0,ctl,ok,0,0,3.8,69.7
awgn,0.0,1,qpsk-r1/2,w,9,1,0,data,ok,8,8,3.7,69.7
awgn,0.0,1,ack-1f,w,2,2,0,ctl,ok,0,0,4.9,69.7
awgn,0.0,1,qpsk-r1/2,w,9,1,0,data,ok,8,8,3.5,69.7
awgn,0.0,1,ack-1f,w,2,2,0,ctl,ok,0,0,3.5,69.7
awgn,0.0,1,qpsk-r1/2,w,9,1,0,data,ok,8,8,3.5,69.7
awgn,0.0,1,ack-1f,w,2,2,0,ctl,ok,0,0,3.6,69.7
awgn,0.0,1,qpsk-r1/2,w,9,1,0,data,ok,8,8,3.5,69.7
awgn,0.0,1,ack-1f,w,2,2,0,ctl,ok,0,0,4.5,69.7
awgn,0.0,1,qpsk-r1/2,w,9,1,0,data,ok,8,8,3.4,69.7
awgn,0.0,1,ack-1f,w,2,2,0,ctl,ok,0,0,3.7,69.7
awgn,0.0,1,qpsk-r1/2,w,9,1,0,data,ok,8,8,3.4,69.7
awgn,0.0,1,ack-1f,w,2,2,0,ctl,ok,0,0,4.8,69.7
awgn,0.0,1,qpsk-r1/2,w,9,1,0,data,ok,8,8,3.4,69.7
awgn,0.0,1,ack-1f,w,2,2,0,ctl,ok,0,0,4.2,69.7
awgn,0.0,1,qpsk-r1/2,w,9,1,0,data,ok,8,8,3.6,69.7
awgn,0.0,1,ack-1f,w,2,2,0,ctl,ok,0,0,2.9,69.7
awgn,0.0,1,qpsk-r1/2,w,9,1,0,data,ok,8,8,3.5,69.7
awgn,0.0,1,ack-1f,w,2,2,0,ctl,ok,0,0,4.4,69.7
awgn,0.0,1,qpsk-r1/2,w,9,1,0,data,ok,8,8,3.6,69.7
awgn,0.0,1,ack-1f,w,2,2,0,ctl,ok,0,0,3.4,69.7
awgn,0.0,1,qpsk-r1/2,w,9,1,0,data,ok,8,8,3.5,69.7
awgn,0.0,1,ack-1f,w,2,2,0,ctl,ok,0,0,3.2,69.7
awgn,0.0,1,qpsk-r1/2,w,9,1,0,data,ok,8,8,3.7,69.7
awgn,0.0,1,ack-1f,w,2,2,0,ctl,ok,0,0,3.3,69.7
awgn,0.0,1,qpsk-r1/2,w,9,1,0,data,ok,8,8,3.4,69.7
awgn,0.0,1,ack-1f,w,2,2,0,ctl,ok,0,0,3.8,69.7
awgn,0.0,1,qpsk-r1/2,w,9,1,0,data,ok,8,8,3.8,69.7
awgn,0.0,1,ack-1f,w,2,2,0,ctl,ok,0,0,2.8,69.7
awgn,0.0,1,qpsk-r1/2,w,9,1,0,data,ok,8,8,3.3,69.7
awgn,0.0,1,ack-1f,w,2,2,0,ctl,ok,0,0,4.3,69.7
awgn,0.0,1,qpsk-r1/2,w,9,1,0,data,ok,8,8,3.3,69.7
awgn,0.0,1,ack-1f,w,2,2,0,ctl,ok,0,0,2.9,69.7
awgn,0.0,1,qpsk-r1/2,w,9,1,0,data,ok,8,8,3.6,69.7
awgn,0.0,1,ack-1f,w,2,2,0,ctl,ok,0,0,4.2,69.7
awgn,0.0,1,qpsk-r1/2,w,9,1,0,data,ok,8,8,3.7,69.7
awgn,0.0,1,ack-1f,w,2,2,0,ctl,ok,0,0,2.3,69.7
awgn,0.0,1,qpsk-r1/2,w,9,1,0,data,ok,8,8,3.7,69.7
awgn,0.0,1,ack-1f,w,2,2,0,ctl,ok,0,0,3.3,69.7
awgn,0.0,1,qpsk-r1/2,w,9,1,0,data,ok,8,8,3.6,69.7
awgn,0.0,1,ack-1f,w,2,2,0,ctl,ok,0,0,3.5,69.7
awgn,0.0,1,qpsk-r1/2,w,9,1,0,data,ok,8,8,3.4,69.7
awgn,0.0,1,ack-1f,w,2,2,0,ctl,ok,0,0,4.1,69.7
awgn,0.0,1,qpsk-r1/2,w,9,1,0,data,ok,8,8,3.4,69.7
awgn,0.0,1,ack-1f,w,2,2,0,ctl,ok,0,0,3.6,69.7
awgn,0.0,1,qpsk-r1/2,w,9,1,0,data,ok,8,8,3.6,69.7
awgn,0.0,0,qpsk-r1/5,w,1,1,0,ctl,ok,0,0,3.8,69.7
awgn,0.0,0,qpsk-r1/5,w,1,1,0,ctl,ok,0,0,3.5,69.7
awgn,0.0,0,ack-4f,w,3,3,0,ctl,ok,0,0,3.6,69.7
awgn,0.0,0,ack-1f,w,3,3,0,ctl,ok,0,0,3.4,69.7
awgn,0.0,0,qpsk-r1/2,w,9,2,1,data,ok,7,7,3.7,69.7
awgn,0.0,0,ack-1f,w,3,3,0,ctl,ok,0,0,3.8,69.7
awgn,0.0,0,qpsk-r1/2,w,9,2,1,data,ok,7,7,3.3,69.7
awgn,0.0,0,ack-1f,w,3,3,0,ctl,ok,0,0,3.5,69.7
awgn,0.0,0,qpsk-r1/2,w,9,2,1,data,ok,7,7,3.4,69.7
awgn,0.0,0,ack-1f,w,3,3,0,ctl,ok,0,0,4.0,69.7
awgn,0.0,0,qpsk-r1/2,w,9,2,1,data,ok,7,7,3.5,69.7
awgn,0.0,0,ack-1f,w,3,3,0,ctl,ok,0,0,3.8,69.7
awgn,0.0,0,qpsk-r1/2,w,9,2,1,data,ok,7,7,3.4,69.7
awgn,0.0,0,ack-1f,w,2,2,0,ctl,ok,0,0,4.3,69.7
awgn,0.0,0,qpsk-r1/2,w,9,1,0,data,ok,8,8,3.5,69.7
awgn,0.0,0,ack-1f,w,2,2,0,ctl,ok,0,0,3.2,69.7
awgn,0.0,0,qpsk-r1/2,w,9,1,0,data,ok,8,8,3.4,69.7
awgn,0.0,0,ack-1f,w,2,2,0,ctl,ok,0,0,2.9,69.7
awgn,0.0,0,qpsk-r1/2,w,9,1,0,data,ok,8,8,3.5,69.7
awgn,0.0,0,ack-1f,w,2,2,0,ctl,ok,0,0,3.6,69.7
awgn,0.0,0,qpsk-r1/2,w,9,1,0,data,ok,8,8,3.4,69.7
awgn,0.0,0,ack-1f,w,2,2,0,ctl,ok,0,0,3.0,69.7
awgn,0.0,0,qpsk-r1/2,w,9,1,0,data,ok,8,8,3.5,69.7
awgn,0.0,0,ack-1f,w,2,2,0,ctl,ok,0,0,5.2,69.7
awgn,0.0,0,qpsk-r1/2,w,9,1,0,data,ok,8,8,3.4,69.7
awgn,0.0,0,ack-1f,w,2,2,0,ctl,ok,0,0,4.2,69.7
awgn,0.0,0,qpsk-r1/2,w,9,1,0,data,ok,8,8,3.4,69.7
awgn,0.0,0,ack-1f,w,2,2,0,ctl,ok,0,0,2.9,69.7
awgn,0.0,0,qpsk-r1/2,w,9,1,0,data,ok,8,8,3.4,69.7
awgn,0.0,0,ack-1f,w,2,2,0,ctl,ok,0,0,2.8,69.7
awgn,0.0,0,qpsk-r1/2,w,9,1,0,data,ok,8,8,3.7,69.7
awgn,0.0,0,ack-1f,w,2,2,0,ctl,ok,0,0,3.9,69.7
awgn,0.0,0,qpsk-r1/2,w,9,1,0,data,ok,8,8,3.6,69.7
awgn,0.0,0,ack-1f,w,2,2,0,ctl,ok,0,0,4.1,69.7
awgn,0.0,0,qpsk-r1/2,w,9,1,0,data,ok,8,8,3.7,69.7
awgn,0.0,0,ack-1f,w,2,2,0,ctl,ok,0,0,3.7,69.7
awgn,0.0,0,qpsk-r1/2,w,9,1,0,data,ok,8,8,3.7,69.7
awgn,0.0,0,ack-1f,w,2,2,0,ctl,ok,0,0,3.9,69.7
awgn,0.0,0,qpsk-r1/2,w,9,1,0,data,ok,8,8,3.5,69.7
awgn,0.0,0,ack-1f,w,2,2,0,ctl,ok,0,0,4.1,69.7
awgn,0.0,0,qpsk-r1/2,w,9,1,0,data,ok,8,8,3.6,69.7
awgn,0.0,0,ack-1f,w,2,2,0,ctl,ok,0,0,4.2,69.7
awgn,0.0,0,qpsk-r1/2,w,9,1,0,data,ok,8,8,3.6,69.7
awgn,0.0,0,ack-1f,w,2,2,0,ctl,ok,0,0,2.4,69.7
awgn,0.0,0,qpsk-r1/2,w,9,1,0,data,ok,8,8,3.6,69.7
awgn,0.0,0,ack-1f,w,2,2,0,ctl,ok,0,0,3.5,69.7
awgn,0.0,0,qpsk-r1/2,w,9,1,0,data,ok,8,8,3.4,69.7
awgn,0.0,0,ack-1f,w,2,2,0,ctl,ok,0,0,3.2,69.7
awgn,0.0,0,qpsk-r1/2,w,9,1,0,data,ok,8,8,3.4,69.7
awgn,0.0,0,ack-1f,w,2,2,0,ctl,ok,0,0,3.7,69.7
awgn,0.0,0,qpsk-r1/2,w,9,1,0,data,ok,8,8,3.4,69.7
awgn,0.0,0,ack-1f,w,2,2,0,ctl,ok,0,0,3.7,69.7
awgn,0.0,0,qpsk-r1/2,w,9,1,0,data,ok,8,8,3.6,69.7
awgn,0.0,0,ack-1f,w,2,2,0,ctl,ok,0,0,4.1,69.7
awgn,0.0,0,qpsk-r1/2,w,9,1,0,data,ok,8,8,3.2,69.7
awgn,0.0,0,ack-1f,w,2,2,0,ctl,ok,0,0,3.9,69.7
awgn,0.0,0,qpsk-r1/2,w,9,1,0,data,ok,8,8,3.5,69.7
awgn,0.0,0,ack-1f,w,2,2,0,ctl,ok,0,0,2.8,69.7
awgn,0.0,0,qpsk-r1/2,w,9,1,0,data,ok,8,8,3.6,69.7
awgn,0.0,0,ack-1f,w,2,2,0,ctl,ok,0,0,2.9,69.7
awgn,0.0,0,qpsk-r1/2,w,9,1,0,data,ok,8,8,3.4,69.7
awgn,0.0,0,ack-1f,w,2,2,0,ctl,ok,0,0,4.5,69.7
awgn,0.0,0,qpsk-r1/2,w,9,1,0,data,ok,8,8,3.4,69.7
awgn,0.0,0,ack-1f,w,2,2,0,ctl,ok,0,0,3.6,69.7
awgn,0.0,0,qpsk-r1/2,w,9,1,0,data,ok,8,8,3.7,69.7
awgn,0.0,0,ack-1f,w,2,2,0,ctl,ok,0,0,4.8,69.7
awgn,0.0,0,qpsk-r1/2,w,9,1,0,data,ok,8,8,3.7,69.7
awgn,0.0,0,ack-1f,w,2,2,0,ctl,ok,0,0,3.5,69.7
awgn,0.0,0,qpsk-r1/2,w,9,1,0,data,ok,8,8,3.4,69.7
awgn,0.0,0,ack-1f,w,2,2,0,ctl,ok,0,0,3.2,69.7
awgn,0.0,0,qpsk-r1/2,w,9,1,0,data,ok,8,8,3.5,69.7
awgn,0.0,0,ack-1f,w,2,2,0,ctl,ok,0,0,3.9,69.7
awgn,0.0,0,qpsk-r1/2,w,9,1,0,data,ok,8,8,3.5,69.7
awgn,0.0,0,ack-1f,w,2,2,0,ctl,ok,0,0,3.1,69.7
awgn,0.0,0,qpsk-r1/2,w,9,1,0,data,ok,8,8,3.6,69.7
awgn,0.0,0,ack-1f,w,2,2,0,ctl,ok,0,0,3.7,69.7
awgn,0.0,0,qpsk-r1/2,w,9,1,0,data,ok,8,8,3.5,69.7
awgn,0.0,0,ack-1f,w,2,2,0,ctl,ok,0,0,4.5,69.7
awgn,0.0,0,qpsk-r1/2,w,9,1,0,data,ok,8,8,3.4,69.7
awgn,0.0,0,ack-1f,w,2,2,0,ctl,ok,0,0,4.3,69.7
awgn,0.0,0,qpsk-r1/2,w,9,1,0,data,ok,8,8,3.4,69.7
awgn,0.0,0,ack-1f,w,2,2,0,ctl,ok,0,0,4.6,69.7
awgn,0.0,0,qpsk-r1/2,w,9,1,0,data,ok,8,8,3.3,69.7
awgn,0.0,0,ack-1f,w,2,2,0,ctl,ok,0,0,3.4,69.7
awgn,0.0,0,qpsk-r1/2,w,9,1,0,data,ok,8,8,3.6,69.7
awgn,0.0,0,ack-1f,w,2,2,0,ctl,ok,0,0,3.8,69.7
awgn,0.0,0,qpsk-r1/2,w,9,1,0,data,ok,8,8,3.6,69.7
awgn,0.0,0,ack-1f,w,2,2,0,ctl,ok,0,0,2.9,69.7
awgn,0.0,0,qpsk-r1/2,w,9,1,0,data,ok,8,8,3.7,69.7
awgn,0.0,0,ack-1f,w,2,2,0,ctl,ok,0,0,3.8,69.7
awgn,0.0,0,qpsk-r1/2,w,9,1,0,data,ok,8,8,3.6,69.7
awgn,0.0,0,ack-1f,w,2,2,0,ctl,ok,0,0,4.4,69.7
awgn,0.0,0,qpsk-r1/2,w,9,1,0,data,ok,8,8,3.7,69.7
awgn,0.0,0,ack-1f,w,2,2,0,ctl,ok,0,0,2.3,69.7
awgn,0.0,0,qpsk-r1/2,w,9,1,0,data,ok,8,8,3.3,69.7
awgn,0.0,0,ack-1f,w,2,2,0,ctl,ok,0,0,3.6,69.7
awgn,0.0,0,qpsk-r1/2,w,9,1,0,data,ok,8,8,3.6,69.7
awgn,0.0,7,qpsk-r1/5,w,1,1,0,ctl,ok,0,0,3.7,69.7
awgn,0.0,7,qpsk-r1/5,w,1,1,0,ctl,ok,0,0,4.3,69.7
awgn,0.0,7,ack-4f,w,3,3,0,ctl,ok,0,0,4.1,69.7
awgn,0.0,7,ack-1f,w,3,3,0,ctl,ok,0,0,3.9,69.7
awgn,0.0,7,qpsk-r1/2,w,9,2,1,data,ok,7,7,3.5,69.7
awgn,0.0,7,ack-1f,w,3,3,0,ctl,ok,0,0,3.3,69.7
awgn,0.0,7,qpsk-r1/2,w,9,2,1,data,ok,7,7,3.5,69.7
awgn,0.0,7,ack-1f,w,3,3,0,ctl,ok,0,0,3.9,69.7
awgn,0.0,7,qpsk-r1/2,w,9,2,1,data,ok,7,7,3.5,69.7
awgn,0.0,7,ack-1f,w,3,3,0,ctl,ok,0,0,3.7,69.7
awgn,0.0,7,qpsk-r1/2,w,9,2,1,data,ok,7,7,3.6,69.7
awgn,0.0,7,ack-1f,w,3,3,0,ctl,ok,0,0,3.1,69.7
awgn,0.0,7,qpsk-r1/2,w,9,2,1,data,ok,7,7,3.6,69.7
awgn,0.0,7,ack-1f,w,2,2,0,ctl,ok,0,0,5.4,69.7
awgn,0.0,7,qpsk-r1/2,w,9,1,0,data,ok,8,8,3.6,69.7
awgn,0.0,7,ack-1f,w,2,2,0,ctl,ok,0,0,3.3,69.7
awgn,0.0,7,qpsk-r1/2,w,9,1,0,data,ok,8,8,3.6,69.7
awgn,0.0,7,ack-1f,w,2,2,0,ctl,ok,0,0,3.6,69.7
awgn,0.0,7,qpsk-r1/2,w,9,1,0,data,ok,8,8,3.5,69.7
awgn,0.0,7,ack-1f,w,2,2,0,ctl,ok,0,0,4.7,69.7
awgn,0.0,7,qpsk-r1/2,w,9,1,0,data,ok,8,8,3.4,69.7
awgn,0.0,7,ack-1f,w,2,2,0,ctl,ok,0,0,3.2,69.7
awgn,0.0,7,qpsk-r1/2,w,9,1,0,data,ok,8,8,3.4,69.7
awgn,0.0,7,ack-1f,w,2,2,0,ctl,ok,0,0,4.2,69.7
awgn,0.0,7,qpsk-r1/2,w,9,1,0,data,ok,8,8,3.5,69.7
awgn,0.0,7,ack-1f,w,2,2,0,ctl,ok,0,0,3.6,69.7
awgn,0.0,7,qpsk-r1/2,w,9,1,0,data,ok,8,8,3.4,69.7
awgn,0.0,7,ack-1f,w,2,2,0,ctl,ok,0,0,4.4,69.7
awgn,0.0,7,qpsk-r1/2,w,9,1,0,data,ok,8,8,3.6,69.7
awgn,0.0,7,ack-1f,w,2,2,0,ctl,ok,0,0,2.8,69.7
awgn,0.0,7,qpsk-r1/2,w,9,1,0,data,ok,8,8,3.5,69.7
awgn,0.0,7,ack-1f,w,2,2,0,ctl,ok,0,0,4.0,69.7
awgn,0.0,7,qpsk-r1/2,w,9,1,0,data,ok,8,8,3.6,69.7
awgn,0.0,7,ack-1f,w,2,2,0,ctl,ok,0,0,3.1,69.7
awgn,0.0,7,qpsk-r1/2,w,9,1,0,data,ok,8,8,3.5,69.7
awgn,0.0,7,ack-1f,w,2,2,0,ctl,ok,0,0,3.8,69.7
awgn,0.0,7,qpsk-r1/2,w,9,1,0,data,ok,8,8,3.6,69.7
awgn,0.0,7,ack-1f,w,2,2,0,ctl,ok,0,0,4.2,69.7
awgn,0.0,7,qpsk-r1/2,w,9,1,0,data,ok,8,8,3.6,69.7
awgn,0.0,7,ack-1f,w,2,2,0,ctl,ok,0,0,4.4,69.7
awgn,0.0,7,qpsk-r1/2,w,9,1,0,data,ok,8,8,3.6,69.7
awgn,0.0,7,ack-1f,w,2,2,0,ctl,ok,0,0,3.4,69.7
awgn,0.0,7,qpsk-r1/2,w,9,1,0,data,ok,8,8,3.5,69.7
awgn,0.0,7,ack-1f,w,2,2,0,ctl,ok,0,0,1.5,69.7
awgn,0.0,7,qpsk-r1/2,w,9,1,0,data,ok,8,8,3.7,69.7
awgn,0.0,7,ack-1f,w,2,2,0,ctl,ok,0,0,3.0,69.7
awgn,0.0,7,qpsk-r1/2,w,9,1,0,data,ok,8,8,3.6,69.7
awgn,0.0,7,ack-1f,w,2,2,0,ctl,ok,0,0,2.4,69.7
awgn,0.0,7,qpsk-r1/2,w,9,1,0,data,ok,8,8,3.4,69.7
awgn,0.0,7,ack-1f,w,2,2,0,ctl,ok,0,0,4.1,69.7
awgn,0.0,7,qpsk-r1/2,w,9,1,0,data,ok,8,8,3.6,69.7
awgn,0.0,7,ack-1f,w,2,2,0,ctl,ok,0,0,3.9,69.7
awgn,0.0,7,qpsk-r1/2,w,9,1,0,data,ok,8,8,3.5,69.7
awgn,0.0,7,ack-1f,w,2,2,0,ctl,ok,0,0,4.5,69.7
awgn,0.0,7,qpsk-r1/2,w,9,1,0,data,ok,8,8,3.5,69.7
awgn,0.0,7,ack-1f,w,2,2,0,ctl,ok,0,0,3.4,69.7
awgn,0.0,7,qpsk-r1/2,w,9,1,0,data,ok,8,8,3.6,69.7
awgn,0.0,7,ack-1f,w,2,2,0,ctl,ok,0,0,3.9,69.7
awgn,0.0,7,qpsk-r1/2,w,9,1,0,data,ok,8,8,3.4,69.7
awgn,0.0,7,ack-1f,w,2,2,0,ctl,ok,0,0,3.6,69.7
awgn,0.0,7,qpsk-r1/2,w,9,1,0,data,ok,8,8,3.7,69.7
awgn,0.0,7,ack-1f,w,2,2,0,ctl,ok,0,0,3.9,69.7
awgn,0.0,7,qpsk-r1/2,w,9,1,0,data,ok,8,8,3.7,69.7
awgn,0.0,7,ack-1f,w,2,2,0,ctl,ok,0,0,4.3,69.7
awgn,0.0,7,qpsk-r1/2,w,9,1,0,data,ok,8,8,3.7,69.7
awgn,0.0,7,ack-1f,w,2,2,0,ctl,ok,0,0,3.9,69.7
awgn,0.0,7,qpsk-r1/2,w,9,1,0,data,ok,8,8,3.4,69.7
awgn,0.0,7,ack-1f,w,2,2,0,ctl,ok,0,0,4.0,69.7
awgn,0.0,7,qpsk-r1/2,w,9,1,0,data,ok,8,8,3.7,69.7
awgn,0.0,7,ack-1f,w,2,2,0,ctl,ok,0,0,4.1,69.7
awgn,0.0,7,qpsk-r1/2,w,9,1,0,data,ok,8,8,3.4,69.7
awgn,0.0,7,ack-1f,w,2,2,0,ctl,ok,0,0,4.2,69.7
awgn,0.0,7,qpsk-r1/2,w,9,1,0,data,ok,8,8,3.7,69.7
awgn,0.0,7,ack-1f,w,2,2,0,ctl,ok,0,0,4.1,69.7
awgn,0.0,7,qpsk-r1/2,w,9,1,0,data,ok,8,8,3.5,69.7
awgn,0.0,7,ack-1f,w,2,2,0,ctl,ok,0,0,3.5,69.7
awgn,0.0,7,qpsk-r1/2,w,9,1,0,data,ok,8,8,3.6,69.7
awgn,0.0,7,ack-1f,w,2,2,0,ctl,ok,0,0,4.6,69.7
awgn,0.0,7,qpsk-r1/2,w,9,1,0,data,ok,8,8,3.3,69.7
awgn,0.0,7,ack-1f,w,2,2,0,ctl,ok,0,0,3.8,69.7
awgn,0.0,7,qpsk-r1/2,w,9,1,0,data,ok,8,8,3.7,69.7
awgn,0.0,7,ack-1f,w,2,2,0,ctl,ok,0,0,4.2,69.7
awgn,0.0,7,qpsk-r1/2,w,9,1,0,data,ok,8,8,3.5,69.7
awgn,0.0,7,ack-1f,w,2,2,0,ctl,ok,0,0,4.2,69.7
awgn,0.0,7,qpsk-r1/2,w,9,1,0,data,ok,8,8,3.4,69.7
awgn,0.0,7,ack-1f,w,2,2,0,ctl,ok,0,0,4.2,69.7
awgn,0.0,7,qpsk-r1/2,w,9,1,0,data,ok,8,8,3.6,69.7
awgn,0.0,7,ack-1f,w,2,2,0,ctl,ok,0,0,3.4,69.7
awgn,0.0,7,qpsk-r1/2,w,9,1,0,data,ok,8,8,3.3,69.7
awgn,0.0,7,ack-1f,w,2,2,0,ctl,ok,0,0,4.6,69.7
awgn,0.0,7,qpsk-r1/2,w,9,1,0,data,ok,8,8,3.6,69.7
awgn,0.0,7,ack-1f,w,2,2,0,ctl,ok,0,0,2.7,69.7
awgn,0.0,7,qpsk-r1/2,w,9,1,0,data,ok,8,8,3.6,69.7
awgn,0.0,7,ack-1f,w,2,2,0,ctl,ok,0,0,3.8,69.7
awgn,0.0,7,qpsk-r1/2,w,9,1,0,data,ok,8,8,3.4,69.7
awgn,0.0,7,ack-1f,w,2,2,0,ctl,ok,0,0,5.3,69.7
awgn,0.0,7,qpsk-r1/2,w,9,1,0,data,ok,8,8,3.5,69.7
awgn,0.0,5,qpsk-r1/5,w,1,1,0,ctl,ok,0,0,3.6,69.7
awgn,0.0,5,qpsk-r1/5,w,1,1,0,ctl,ok,0,0,3.5,69.7
awgn,0.0,5,ack-4f,w,3,3,0,ctl,ok,0,0,3.6,69.7
awgn,0.0,5,ack-1f,w,3,3,0,ctl,ok,0,0,4.1,69.7
awgn,0.0,5,qpsk-r1/2,w,9,2,1,data,ok,7,7,3.5,69.7
awgn,0.0,5,ack-1f,w,3,3,0,ctl,ok,0,0,4.3,69.7
awgn,0.0,5,qpsk-r1/2,w,9,2,1,data,ok,7,7,3.4,69.7
awgn,0.0,5,ack-1f,w,3,3,0,ctl,ok,0,0,3.5,69.7
awgn,0.0,5,qpsk-r1/2,w,9,2,1,data,ok,7,7,3.4,69.7
awgn,0.0,5,ack-1f,w,3,3,0,ctl,ok,0,0,4.2,69.7
awgn,0.0,5,qpsk-r1/2,w,9,2,1,data,ok,7,7,3.6,69.7
awgn,0.0,5,ack-1f,w,2,2,0,ctl,ok,0,0,4.5,69.7
awgn,0.0,5,qpsk-r1/2,w,9,1,0,data,ok,8,8,3.8,69.7
awgn,0.0,5,ack-1f,w,2,2,0,ctl,ok,0,0,4.3,69.7
awgn,0.0,5,qpsk-r1/2,w,9,1,0,data,ok,8,8,3.5,69.7
awgn,0.0,5,ack-1f,w,2,2,0,ctl,ok,0,0,4.6,69.7
awgn,0.0,5,qpsk-r1/2,w,9,1,0,data,ok,8,8,3.5,69.7
awgn,0.0,5,ack-1f,w,2,2,0,ctl,ok,0,0,3.9,69.7
awgn,0.0,5,qpsk-r1/2,w,9,1,0,data,ok,8,8,3.7,69.7
awgn,0.0,5,ack-1f,w,2,2,0,ctl,ok,0,0,3.7,69.7
awgn,0.0,5,qpsk-r1/2,w,9,1,0,data,ok,8,8,3.5,69.7
awgn,0.0,5,ack-1f,w,2,2,0,ctl,ok,0,0,4.7,69.7
awgn,0.0,5,qpsk-r1/2,w,9,1,0,data,ok,8,8,3.6,69.7
awgn,0.0,5,ack-1f,w,2,2,0,ctl,ok,0,0,3.7,69.7
awgn,0.0,5,qpsk-r1/2,w,9,1,0,data,ok,8,8,3.3,69.7
awgn,0.0,5,ack-1f,w,2,2,0,ctl,ok,0,0,3.8,69.7
awgn,0.0,5,qpsk-r1/2,w,9,1,0,data,ok,8,8,3.7,69.7
awgn,0.0,5,ack-1f,w,2,2,0,ctl,ok,0,0,3.6,69.7
awgn,0.0,5,qpsk-r1/2,w,9,1,0,data,ok,8,8,3.7,69.7
awgn,0.0,5,ack-1f,w,2,2,0,ctl,ok,0,0,4.5,69.7
awgn,0.0,5,qpsk-r1/2,w,9,1,0,data,ok,8,8,3.4,69.7
awgn,0.0,5,ack-1f,w,2,2,0,ctl,ok,0,0,4.0,69.7
awgn,0.0,5,qpsk-r1/2,w,9,1,0,data,ok,8,8,3.4,69.7
awgn,0.0,5,ack-1f,w,2,2,0,ctl,ok,0,0,3.2,69.7
awgn,0.0,5,qpsk-r1/2,w,9,1,0,data,ok,8,8,3.5,69.7
awgn,0.0,5,ack-1f,w,2,2,0,ctl,ok,0,0,3.8,69.7
awgn,0.0,5,qpsk-r1/2,w,9,1,0,data,ok,8,8,3.6,69.7
awgn,0.0,5,ack-1f,w,2,2,0,ctl,ok,0,0,3.1,69.7
awgn,0.0,5,qpsk-r1/2,w,9,1,0,data,ok,8,8,3.7,69.7
awgn,0.0,5,ack-1f,w,2,2,0,ctl,ok,0,0,4.1,69.7
awgn,0.0,5,qpsk-r1/2,w,9,1,0,data,ok,8,8,3.5,69.7
awgn,0.0,5,ack-1f,w,2,2,0,ctl,ok,0,0,4.5,69.7
awgn,0.0,5,qpsk-r1/2,w,9,1,0,data,ok,8,8,3.5,69.7
awgn,0.0,5,ack-1f,w,2,2,0,ctl,ok,0,0,3.0,69.7
awgn,0.0,5,qpsk-r1/2,w,9,1,0,data,ok,8,8,3.8,69.7
awgn,0.0,5,ack-1f,w,2,2,0,ctl,ok,0,0,3.5,69.7
awgn,0.0,5,qpsk-r1/2,w,9,1,0,data,ok,8,8,3.6,69.7
awgn,0.0,5,ack-1f,w,2,2,0,ctl,ok,0,0,4.2,69.7
awgn,0.0,5,qpsk-r1/2,w,9,1,0,data,ok,8,8,3.6,69.7
awgn,0.0,5,ack-1f,w,2,2,0,ctl,ok,0,0,4.0,69.7
awgn,0.0,5,qpsk-r1/2,w,9,1,0,data,ok,8,8,3.8,69.7
awgn,0.0,5,ack-1f,w,2,2,0,ctl,ok,0,0,3.0,69.7
awgn,0.0,5,qpsk-r1/2,w,9,1,0,data,ok,8,8,3.1,69.7
awgn,0.0,5,ack-1f,w,2,2,0,ctl,ok,0,0,3.9,69.7
awgn,0.0,5,qpsk-r1/2,w,9,1,0,data,ok,8,8,3.7,69.7
awgn,0.0,5,ack-1f,w,2,2,0,ctl,ok,0,0,4.1,69.7
awgn,0.0,5,qpsk-r1/2,w,9,1,0,data,ok,8,8,3.3,69.7
awgn,0.0,5,ack-1f,w,2,2,0,ctl,ok,0,0,4.3,69.7
awgn,0.0,5,qpsk-r1/2,w,9,1,0,data,ok,8,8,3.5,69.7
awgn,0.0,5,ack-1f,w,2,2,0,ctl,ok,0,0,2.3,69.7
awgn,0.0,5,qpsk-r1/2,w,9,1,0,data,ok,8,8,3.3,69.7
awgn,0.0,5,ack-1f,w,2,2,0,ctl,ok,0,0,3.4,69.7
awgn,0.0,5,qpsk-r1/2,w,9,1,0,data,ok,8,8,3.7,69.7
awgn,0.0,5,ack-1f,w,2,2,0,ctl,ok,0,0,3.3,69.7
awgn,0.0,5,qpsk-r1/2,w,9,1,0,data,ok,8,8,3.6,69.7
awgn,0.0,5,ack-1f,w,2,2,0,ctl,ok,0,0,3.8,69.7
awgn,0.0,5,qpsk-r1/2,w,9,1,0,data,ok,8,8,3.5,69.7
awgn,0.0,5,ack-1f,w,2,2,0,ctl,ok,0,0,3.6,69.7
awgn,0.0,5,qpsk-r1/2,w,9,1,0,data,ok,8,8,3.8,69.7
awgn,0.0,5,ack-1f,w,2,2,0,ctl,ok,0,0,2.7,69.7
awgn,0.0,5,qpsk-r1/2,w,9,1,0,data,ok,8,8,3.7,69.7
awgn,0.0,5,ack-1f,w,2,2,0,ctl,ok,0,0,3.7,69.7
awgn,0.0,5,qpsk-r1/2,w,9,1,0,data,ok,8,8,3.5,69.7
awgn,0.0,5,ack-1f,w,2,2,0,ctl,ok,0,0,4.4,69.7
awgn,0.0,5,qpsk-r1/2,w,9,1,0,data,ok,8,8,3.5,69.7
awgn,0.0,5,ack-1f,w,2,2,0,ctl,ok,0,0,4.0,69.7
awgn,0.0,5,qpsk-r1/2,w,9,1,0,data,ok,8,8,3.5,69.7
awgn,0.0,5,ack-1f,w,2,2,0,ctl,ok,0,0,2.9,69.7
awgn,0.0,5,qpsk-r1/2,w,9,1,0,data,ok,8,8,3.6,69.7
awgn,0.0,5,ack-1f,w,2,2,0,ctl,ok,0,0,0.4,69.7
awgn,0.0,5,qpsk-r1/2,w,9,1,0,data,ok,8,8,3.7,69.7
awgn,0.0,5,ack-1f,w,2,2,0,ctl,ok,0,0,1.6,69.7
awgn,0.0,5,qpsk-r1/2,w,9,1,0,data,ok,8,8,3.7,69.7
awgn,0.0,5,ack-1f,w,2,2,0,ctl,ok,0,0,4.5,69.7
awgn,0.0,5,qpsk-r1/2,w,9,1,0,data,ok,8,8,3.7,69.7
awgn,0.0,5,ack-1f,w,2,2,0,ctl,ok,0,0,1.7,69.7
awgn,0.0,5,qpsk-r1/2,w,9,1,0,data,ok,8,8,3.5,69.7
awgn,0.0,5,ack-1f,w,2,2,0,ctl,ok,0,0,4.0,69.7
awgn,0.0,5,qpsk-r1/2,w,9,1,0,data,ok,8,8,3.2,69.7
awgn,0.0,5,ack-1f,w,2,2,0,ctl,ok,0,0,3.1,69.7
awgn,0.0,5,qpsk-r1/2,w,9,1,0,data,ok,8,8,3.6,69.7
awgn,0.0,5,ack-1f,w,2,2,0,ctl,ok,0,0,3.4,69.7
awgn,0.0,5,qpsk-r1/2,w,9,1,0,data,ok,8,8,3.6,69.7
awgn,0.0,5,ack-1f,w,2,2,0,ctl,ok,0,0,3.0,69.7
awgn,0.0,5,qpsk-r1/2,w,9,1,0,data,ok,8,8,3.8,69.7
awgn,0.0,5,ack-1f,w,2,2,0,ctl,ok,0,0,3.5,69.7
awgn,0.0,5,qpsk-r1/2,w,9,1,0,data,ok,8,8,3.4,69.7
awgn,0.0,8,qpsk-r1/5,w,1,1,0,ctl,ok,0,0,3.4,70.1
awgn,0.0,8,qpsk-r1/5,w,1,1,0,ctl,ok,0,0,3.8,70.1
awgn,0.0,8,ack-4f,w,3,3,0,ctl,ok,0,0,3.5,70.1
awgn,0.0,8,ack-1f,w,3,3,0,ctl,ok,0,0,4.3,70.1
awgn,0.0,8,qpsk-r1/2,w,9,2,1,data,ok,7,7,3.5,70.1
awgn,0.0,8,ack-1f,w,3,3,0,ctl,ok,0,0,3.2,70.1
awgn,0.0,8,qpsk-r1/2,w,9,2,1,data,ok,7,7,3.6,70.1
awgn,0.0,8,ack-1f,w,3,3,0,ctl,ok,0,0,3.3,70.1
awgn,0.0,8,qpsk-r1/2,w,9,2,1,data,ok,7,7,3.8,70.1
awgn,0.0,8,ack-1f,w,2,2,0,ctl,ok,0,0,4.1,70.1
awgn,0.0,8,qpsk-r1/2,w,9,1,0,data,ok,8,8,3.7,70.1
awgn,0.0,8,ack-1f,w,2,2,0,ctl,ok,0,0,4.7,70.1
awgn,0.0,8,qpsk-r1/2,w,9,1,0,data,ok,8,8,3.3,70.1
awgn,0.0,8,ack-1f,w,2,2,0,ctl,ok,0,0,3.7,70.1
awgn,0.0,8,qpsk-r1/2,w,9,1,0,data,ok,8,8,3.6,70.1
awgn,0.0,8,ack-1f,w,2,2,0,ctl,ok,0,0,5.1,70.1
awgn,0.0,8,qpsk-r1/2,w,9,1,0,data,ok,8,8,3.8,70.1
awgn,0.0,8,ack-1f,w,2,2,0,ctl,ok,0,0,3.7,70.1
awgn,0.0,8,qpsk-r1/2,w,9,1,0,data,ok,8,8,3.6,70.1
awgn,0.0,8,ack-1f,w,2,2,0,ctl,ok,0,0,4.0,70.1
awgn,0.0,8,qpsk-r1/2,w,9,1,0,data,ok,8,8,3.6,70.1
awgn,0.0,8,ack-1f,w,2,2,0,ctl,ok,0,0,3.5,70.1
awgn,0.0,8,qpsk-r1/2,w,9,1,0,data,ok,8,8,3.6,70.1
awgn,0.0,8,ack-1f,w,2,2,0,ctl,ok,0,0,2.9,70.1
awgn,0.0,8,qpsk-r1/2,w,9,1,0,data,ok,8,8,3.6,70.1
awgn,0.0,8,ack-1f,w,2,2,0,ctl,ok,0,0,3.4,70.1
awgn,0.0,8,qpsk-r1/2,w,9,1,0,data,ok,8,8,3.5,70.1
awgn,0.0,8,ack-1f,w,2,2,0,ctl,ok,0,0,3.2,70.1
awgn,0.0,8,qpsk-r1/2,w,9,1,0,data,ok,8,8,3.7,70.1
awgn,0.0,8,ack-1f,w,2,2,0,ctl,ok,0,0,3.9,70.1
awgn,0.0,8,qpsk-r1/2,w,9,1,0,data,ok,8,8,3.6,70.1
awgn,0.0,8,ack-1f,w,2,2,0,ctl,ok,0,0,3.5,70.1
awgn,0.0,8,qpsk-r1/2,w,9,1,0,data,ok,8,8,3.4,70.1
awgn,0.0,8,ack-1f,w,2,2,0,ctl,ok,0,0,3.0,70.1
awgn,0.0,8,qpsk-r1/2,w,9,1,0,data,ok,8,8,3.2,70.1
awgn,0.0,8,ack-1f,w,2,2,0,ctl,ok,0,0,4.2,70.1
awgn,0.0,8,qpsk-r1/2,w,9,1,0,data,ok,8,8,3.7,70.1
awgn,0.0,8,ack-1f,w,2,2,0,ctl,ok,0,0,4.0,70.1
awgn,0.0,8,qpsk-r1/2,w,9,1,0,data,ok,8,8,3.7,70.1
awgn,0.0,8,ack-1f,w,2,2,0,ctl,ok,0,0,3.9,70.1
awgn,0.0,8,qpsk-r1/2,w,9,1,0,data,ok,8,8,3.7,70.1
awgn,0.0,8,ack-1f,w,2,2,0,ctl,ok,0,0,4.3,70.1
awgn,0.0,8,qpsk-r1/2,w,9,1,0,data,ok,8,8,3.4,70.1
awgn,0.0,8,ack-1f,w,2,2,0,ctl,ok,0,0,3.0,70.1
awgn,0.0,8,qpsk-r1/2,w,9,1,0,data,ok,8,8,3.4,70.1
awgn,0.0,8,ack-1f,w,2,2,0,ctl,ok,0,0,4.3,70.1
awgn,0.0,8,qpsk-r1/2,w,9,1,0,data,ok,8,8,3.6,70.1
awgn,0.0,8,ack-1f,w,2,2,0,ctl,ok,0,0,4.5,70.1
awgn,0.0,8,qpsk-r1/2,w,9,1,0,data,ok,8,8,3.4,70.1
awgn,0.0,8,ack-1f,w,2,2,0,ctl,ok,0,0,3.4,70.1
awgn,0.0,8,qpsk-r1/2,w,9,1,0,data,ok,8,8,3.7,70.1
awgn,0.0,8,ack-1f,w,2,2,0,ctl,ok,0,0,3.0,70.1
awgn,0.0,8,qpsk-r1/2,w,9,1,0,data,ok,8,8,3.6,70.1
awgn,0.0,8,ack-1f,w,2,2,0,ctl,ok,0,0,3.4,70.1
awgn,0.0,8,qpsk-r1/2,w,9,1,0,data,ok,8,8,3.5,70.1
awgn,0.0,8,ack-1f,w,2,2,0,ctl,ok,0,0,3.9,70.1
awgn,0.0,8,qpsk-r1/2,w,9,1,0,data,ok,8,8,3.6,70.1
awgn,0.0,8,ack-1f,w,2,2,0,ctl,ok,0,0,3.7,70.1
awgn,0.0,8,qpsk-r1/2,w,9,1,0,data,ok,8,8,3.6,70.1
awgn,0.0,8,ack-1f,w,2,2,0,ctl,ok,0,0,2.1,70.1
awgn,0.0,8,qpsk-r1/2,w,9,1,0,data,ok,8,8,3.6,70.1
awgn,0.0,8,ack-1f,w,2,2,0,ctl,ok,0,0,0.2,70.1
awgn,0.0,8,qpsk-r1/2,w,9,1,0,data,ok,8,8,3.5,70.1
awgn,0.0,8,ack-1f,w,2,2,0,ctl,ok,0,0,4.8,70.1
awgn,0.0,8,qpsk-r1/2,w,9,1,0,data,ok,8,8,3.4,70.1
awgn,0.0,8,ack-1f,w,2,2,0,ctl,ok,0,0,3.4,70.1
awgn,0.0,8,qpsk-r1/2,w,9,1,0,data,ok,8,8,3.3,70.1
awgn,0.0,8,ack-1f,w,2,2,0,ctl,ok,0,0,4.9,70.1
awgn,0.0,8,qpsk-r1/2,w,9,1,0,data,ok,8,8,3.5,70.1
awgn,0.0,8,ack-1f,w,2,2,0,ctl,ok,0,0,2.9,70.1
awgn,0.0,8,qpsk-r1/2,w,9,1,0,data,ok,8,8,3.6,70.1
awgn,0.0,8,ack-1f,w,2,2,0,ctl,ok,0,0,3.5,70.1
awgn,0.0,8,qpsk-r1/2,w,9,1,0,data,ok,8,8,3.6,70.1
awgn,0.0,8,ack-1f,w,2,2,0,ctl,ok,0,0,3.5,70.1
awgn,0.0,8,qpsk-r1/2,w,9,1,0,data,ok,8,8,3.5,70.1
awgn,0.0,8,ack-1f,w,2,2,0,ctl,ok,0,0,3.6,70.1
awgn,0.0,8,qpsk-r1/2,w,9,1,0,data,ok,8,8,3.7,70.1
awgn,0.0,8,ack-1f,w,2,2,0,ctl,ok,0,0,3.0,70.1
awgn,0.0,8,qpsk-r1/2,w,9,1,0,data,ok,8,8,3.6,70.1
awgn,0.0,8,ack-1f,w,2,2,0,ctl,ok,0,0,3.3,70.1
awgn,0.0,8,qpsk-r1/2,w,9,1,0,data,ok,8,8,3.6,70.1
awgn,0.0,8,ack-1f,w,2,2,0,ctl,ok,0,0,3.3,70.1
awgn,0.0,8,qpsk-r1/2,w,9,1,0,data,ok,8,8,3.5,70.1
awgn,0.0,8,ack-1f,w,2,2,0,ctl,ok,0,0,4.0,70.1
awgn,0.0,8,qpsk-r1/2,w,9,1,0,data,ok,8,8,3.5,70.1
awgn,0.0,8,ack-1f,w,2,2,0,ctl,ok,0,0,4.4,70.1
awgn,0.0,8,qpsk-r1/2,w,9,1,0,data,ok,8,8,3.6,70.1
awgn,0.0,8,ack-1f,w,2,2,0,ctl,ok,0,0,3.7,70.1
awgn,0.0,8,qpsk-r1/2,w,9,1,0,data,ok,8,8,3.3,70.1
awgn,0.0,8,ack-1f,w,2,2,0,ctl,ok,0,0,4.6,70.1
awgn,0.0,8,qpsk-r1/2,w,9,1,0,data,ok,8,8,3.3,70.1
awgn,0.0,8,ack-1f,w,2,2,0,ctl,ok,0,0,5.0,70.1
awgn,0.0,8,qpsk-r1/2,w,9,1,0,data,ok,8,8,3.6,70.1
awgn,0.0,8,ack-1f,w,2,2,0,ctl,ok,0,0,3.4,70.1
awgn,0.0,8,qpsk-r1/2,w,9,1,0,data,ok,8,8,3.6,70.1
awgn,0.0,8,ack-1f,w,2,2,0,ctl,ok,0,0,4.0,70.1
awgn,0.0,8,qpsk-r1/2,w,9,1,0,data,ok,8,8,3.7,70.1
awgn,0.0,10,qpsk-r1/5,w,1,1,0,ctl,ok,0,0,3.2,69.7
awgn,0.0,10,qpsk-r1/5,w,1,1,0,ctl,ok,0,0,3.8,69.7
awgn,0.0,10,ack-4f,w,3,3,0,ctl,ok,0,0,3.1,69.7
awgn,0.0,10,ack-1f,w,3,3,0,ctl,ok,0,0,2.9,69.7
awgn,0.0,10,qpsk-r1/2,w,9,2,1,data,ok,7,7,3.7,69.7
awgn,0.0,10,ack-1f,w,3,3,0,ctl,ok,0,0,3.7,69.7
awgn,0.0,10,qpsk-r1/2,w,9,2,1,data,ok,7,7,3.6,69.7
awgn,0.0,10,ack-1f,w,3,3,0,ctl,ok,0,0,4.2,69.7
awgn,0.0,10,qpsk-r1/2,w,9,2,1,data,ok,7,7,3.5,69.7
awgn,0.0,10,ack-1f,w,3,3,0,ctl,ok,0,0,2.8,69.7
awgn,0.0,10,qpsk-r1/2,w,9,2,1,data,ok,7,7,3.6,69.7
awgn,0.0,10,ack-1f,w,2,2,0,ctl,ok,0,0,3.5,69.7
awgn,0.0,10,qpsk-r1/2,w,9,1,0,data,ok,8,8,3.5,69.7
awgn,0.0,10,ack-1f,w,2,2,0,ctl,ok,0,0,4.7,69.7
awgn,0.0,10,qpsk-r1/2,w,9,1,0,data,ok,8,8,3.8,69.7
awgn,0.0,10,ack-1f,w,2,2,0,ctl,ok,0,0,4.3,69.7
awgn,0.0,10,qpsk-r1/2,w,9,1,0,data,ok,8,8,3.4,69.7
awgn,0.0,10,ack-1f,w,2,2,0,ctl,ok,0,0,3.6,69.7
awgn,0.0,10,qpsk-r1/2,w,9,1,0,data,ok,8,8,3.2,69.7
awgn,0.0,10,ack-1f,w,2,2,0,ctl,ok,0,0,3.5,69.7
awgn,0.0,10,qpsk-r1/2,w,9,1,0,data,ok,8,8,3.6,69.7
awgn,0.0,10,ack-1f,w,2,2,0,ctl,ok,0,0,3.4,69.7
awgn,0.0,10,qpsk-r1/2,w,9,1,0,data,ok,8,8,3.5,69.7
awgn,0.0,10,ack-1f,w,2,2,0,ctl,ok,0,0,3.5,69.7
awgn,0.0,10,qpsk-r1/2,w,9,1,0,data,ok,8,8,3.5,69.7
awgn,0.0,10,ack-1f,w,2,2,0,ctl,ok,0,0,3.7,69.7
awgn,0.0,10,qpsk-r1/2,w,9,1,0,data,ok,8,8,3.5,69.7
awgn,0.0,10,ack-1f,w,2,2,0,ctl,ok,0,0,4.6,69.7
awgn,0.0,10,qpsk-r1/2,w,9,1,0,data,ok,8,8,3.5,69.7
awgn,0.0,10,ack-1f,w,2,2,0,ctl,ok,0,0,2.5,69.7
awgn,0.0,10,qpsk-r1/2,w,9,1,0,data,ok,8,8,3.6,69.7
awgn,0.0,10,ack-1f,w,2,2,0,ctl,ok,0,0,3.5,69.7
awgn,0.0,10,qpsk-r1/2,w,9,1,0,data,ok,8,8,3.8,69.7
awgn,0.0,10,ack-1f,w,2,2,0,ctl,ok,0,0,3.3,69.7
awgn,0.0,10,qpsk-r1/2,w,9,1,0,data,ok,8,8,3.4,69.7
awgn,0.0,10,ack-1f,w,2,2,0,ctl,ok,0,0,4.1,69.7
awgn,0.0,10,qpsk-r1/2,w,9,1,0,data,ok,8,8,3.5,69.7
awgn,0.0,10,ack-1f,w,2,2,0,ctl,ok,0,0,4.3,69.7
awgn,0.0,10,qpsk-r1/2,w,9,1,0,data,ok,8,8,3.5,69.7
awgn,0.0,10,ack-1f,w,2,2,0,ctl,ok,0,0,4.3,69.7
awgn,0.0,10,qpsk-r1/2,w,9,1,0,data,ok,8,8,3.2,69.7
awgn,0.0,10,ack-1f,w,2,2,0,ctl,ok,0,0,4.3,69.7
awgn,0.0,10,qpsk-r1/2,w,9,1,0,data,ok,8,8,3.6,69.7
awgn,0.0,10,ack-1f,w,2,2,0,ctl,ok,0,0,4.0,69.7
awgn,0.0,10,qpsk-r1/2,w,9,1,0,data,ok,8,8,3.5,69.7
awgn,0.0,10,ack-1f,w,2,2,0,ctl,ok,0,0,3.8,69.7
awgn,0.0,10,qpsk-r1/2,w,9,1,0,data,ok,8,8,3.3,69.7
awgn,0.0,10,ack-1f,w,2,2,0,ctl,ok,0,0,3.7,69.7
awgn,0.0,10,qpsk-r1/2,w,9,1,0,data,ok,8,8,3.3,69.7
awgn,0.0,10,ack-1f,w,2,2,0,ctl,ok,0,0,3.3,69.7
awgn,0.0,10,qpsk-r1/2,w,9,1,0,data,ok,8,8,3.5,69.7
awgn,0.0,10,ack-1f,w,2,2,0,ctl,ok,0,0,3.8,69.7
awgn,0.0,10,qpsk-r1/2,w,9,1,0,data,ok,8,8,3.5,69.7
awgn,0.0,10,ack-1f,w,2,2,0,ctl,ok,0,0,4.6,69.7
awgn,0.0,10,qpsk-r1/2,w,9,1,0,data,ok,8,8,3.5,69.7
awgn,0.0,10,ack-1f,w,2,2,0,ctl,ok,0,0,4.4,69.7
awgn,0.0,10,qpsk-r1/2,w,9,1,0,data,ok,8,8,3.4,69.7
awgn,0.0,10,ack-1f,w,2,2,0,ctl,ok,0,0,3.5,69.7
awgn,0.0,10,qpsk-r1/2,w,9,1,0,data,ok,8,8,3.1,69.7
awgn,0.0,10,ack-1f,w,2,2,0,ctl,ok,0,0,4.5,69.7
awgn,0.0,10,qpsk-r1/2,w,9,1,0,data,ok,8,8,3.4,69.7
awgn,0.0,10,ack-1f,w,2,2,0,ctl,ok,0,0,3.6,69.7
awgn,0.0,10,qpsk-r1/2,w,9,1,0,data,ok,8,8,3.6,69.7
awgn,0.0,10,ack-1f,w,2,2,0,ctl,ok,0,0,3.8,69.7
awgn,0.0,10,qpsk-r1/2,w,9,1,0,data,ok,8,8,3.6,69.7
awgn,0.0,10,ack-1f,w,2,2,0,ctl,ok,0,0,3.3,69.7
awgn,0.0,10,qpsk-r1/2,w,9,1,0,data,ok,8,8,3.6,69.7
awgn,0.0,10,ack-1f,w,2,2,0,ctl,ok,0,0,4.1,69.7
awgn,0.0,10,qpsk-r1/2,w,9,1,0,data,ok,8,8,3.5,69.7
awgn,0.0,10,ack-1f,w,2,2,0,ctl,ok,0,0,3.6,69.7
awgn,0.0,10,qpsk-r1/2,w,9,1,0,data,ok,8,8,3.5,69.7
awgn,0.0,10,ack-1f,w,2,2,0,ctl,ok,0,0,3.9,69.7
awgn,0.0,10,qpsk-r1/2,w,9,1,0,data,ok,8,8,3.7,69.7
awgn,0.0,10,ack-1f,w,2,2,0,ctl,ok,0,0,4.6,69.7
awgn,0.0,10,qpsk-r1/2,w,9,1,0,data,ok,8,8,3.6,69.7
awgn,0.0,10,ack-1f,w,2,2,0,ctl,ok,0,0,3.6,69.7
awgn,0.0,10,qpsk-r1/2,w,9,1,0,data,ok,8,8,3.6,69.7
awgn,0.0,10,ack-1f,w,2,2,0,ctl,ok,0,0,3.5,69.7
awgn,0.0,10,qpsk-r1/2,w,9,1,0,data,ok,8,8,3.5,69.7
awgn,0.0,10,ack-1f,w,2,2,0,ctl,ok,0,0,4.0,69.7
awgn,0.0,10,qpsk-r1/2,w,9,1,0,data,ok,8,8,3.8,69.7
awgn,0.0,10,ack-1f,w,2,2,0,ctl,ok,0,0,3.3,69.7
awgn,0.0,10,qpsk-r1/2,w,9,1,0,data,ok,8,8,3.6,69.7
awgn,0.0,10,ack-1f,w,2,2,0,ctl,ok,0,0,4.1,69.7
awgn,0.0,10,qpsk-r1/2,w,9,1,0,data,ok,8,8,3.5,69.7
awgn,0.0,10,ack-1f,w,2,2,0,ctl,ok,0,0,3.3,69.7
awgn,0.0,10,qpsk-r1/2,w,9,1,0,data,ok,8,8,3.4,69.7
awgn,0.0,10,ack-1f,w,2,2,0,ctl,ok,0,0,3.4,69.7
awgn,0.0,10,qpsk-r1/2,w,9,1,0,data,ok,8,8,3.4,69.7
awgn,0.0,10,ack-1f,w,2,2,0,ctl,ok,0,0,3.4,69.7
awgn,0.0,10,qpsk-r1/2,w,9,1,0,data,ok,8,8,3.6,69.7
awgn,0.0,10,ack-1f,w,2,2,0,ctl,ok,0,0,4.2,69.7
awgn,0.0,10,qpsk-r1/2,w,9,1,0,data,ok,8,8,3.6,69.7
awgn,0.0,10,ack-1f,w,2,2,0,ctl,ok,0,0,2.8,69.7
awgn,0.0,10,qpsk-r1/2,w,9,1,0,data,ok,8,8,3.7,69.7
awgn,0.0,10,ack-1f,w,2,2,0,ctl,ok,0,0,3.9,69.7
awgn,0.0,10,qpsk-r1/2,w,9,1,0,data,ok,8,8,3.8,69.7
awgn,0.0,9,qpsk-r1/5,w,1,1,0,ctl,ok,0,0,3.6,69.7
awgn,0.0,9,qpsk-r1/5,w,1,1,0,ctl,ok,0,0,3.4,69.7
awgn,0.0,9,ack-4f,w,3,3,0,ctl,ok,0,0,4.0,69.7
awgn,0.0,9,ack-1f,w,3,3,0,ctl,ok,0,0,4.2,69.7
awgn,0.0,9,qpsk-r1/2,w,9,2,1,data,ok,7,7,3.4,69.7
awgn,0.0,9,ack-1f,w,3,3,0,ctl,ok,0,0,3.2,69.7
awgn,0.0,9,qpsk-r1/2,w,9,2,1,data,ok,7,7,3.6,69.7
awgn,0.0,9,ack-1f,w,3,3,0,ctl,ok,0,0,2.6,69.7
awgn,0.0,9,qpsk-r1/2,w,9,2,1,data,ok,7,7,3.6,69.7
awgn,0.0,9,ack-1f,w,3,3,0,ctl,ok,0,0,3.3,69.7
awgn,0.0,9,qpsk-r1/2,w,9,2,1,data,ok,7,7,3.6,69.7
awgn,0.0,9,ack-1f,w,2,2,0,ctl,ok,0,0,3.0,69.7
awgn,0.0,9,qpsk-r1/2,w,9,1,0,data,ok,8,8,3.6,69.7
awgn,0.0,9,ack-1f,w,2,2,0,ctl,ok,0,0,3.7,69.7
awgn,0.0,9,qpsk-r1/2,w,9,1,0,data,ok,8,8,3.3,69.7
awgn,0.0,9,ack-1f,w,2,2,0,ctl,ok,0,0,3.8,69.7
awgn,0.0,9,qpsk-r1/2,w,9,1,0,data,ok,8,8,3.5,69.7
awgn,0.0,9,ack-1f,w,2,2,0,ctl,ok,0,0,3.7,69.7
awgn,0.0,9,qpsk-r1/2,w,9,1,0,data,ok,8,8,3.5,69.7
awgn,0.0,9,ack-1f,w,2,2,0,ctl,ok,0,0,3.4,69.7
awgn,0.0,9,qpsk-r1/2,w,9,1,0,data,ok,8,8,3.7,69.7
awgn,0.0,9,ack-1f,w,2,2,0,ctl,ok,0,0,4.7,69.7
awgn,0.0,9,qpsk-r1/2,w,9,1,0,data,ok,8,8,3.4,69.7
awgn,0.0,9,ack-1f,w,2,2,0,ctl,ok,0,0,2.9,69.7
awgn,0.0,9,qpsk-r1/2,w,9,1,0,data,ok,8,8,3.6,69.7
awgn,0.0,9,ack-1f,w,2,2,0,ctl,ok,0,0,3.8,69.7
awgn,0.0,9,qpsk-r1/2,w,9,1,0,data,ok,8,8,3.4,69.7
awgn,0.0,9,ack-1f,w,2,2,0,ctl,ok,0,0,3.0,69.7
awgn,0.0,9,qpsk-r1/2,w,9,1,0,data,ok,8,8,3.5,69.7
awgn,0.0,9,ack-1f,w,2,2,0,ctl,ok,0,0,4.3,69.7
awgn,0.0,9,qpsk-r1/2,w,9,1,0,data,ok,8,8,3.7,69.7
awgn,0.0,9,ack-1f,w,2,2,0,ctl,ok,0,0,4.0,69.7
awgn,0.0,9,qpsk-r1/2,w,9,1,0,data,ok,8,8,3.5,69.7
awgn,0.0,9,ack-1f,w,2,2,0,ctl,ok,0,0,4.3,69.7
awgn,0.0,9,qpsk-r1/2,w,9,1,0,data,ok,8,8,3.5,69.7
awgn,0.0,9,ack-1f,w,2,2,0,ctl,ok,0,0,3.8,69.7
awgn,0.0,9,qpsk-r1/2,w,9,1,0,data,ok,8,8,3.4,69.7
awgn,0.0,9,ack-1f,w,2,2,0,ctl,ok,0,0,3.4,69.7
awgn,0.0,9,qpsk-r1/2,w,9,1,0,data,ok,8,8,3.5,69.7
awgn,0.0,9,ack-1f,w,2,2,0,ctl,ok,0,0,4.3,69.7
awgn,0.0,9,qpsk-r1/2,w,9,1,0,data,ok,8,8,3.5,69.7
awgn,0.0,9,ack-1f,w,2,2,0,ctl,ok,0,0,3.3,69.7
awgn,0.0,9,qpsk-r1/2,w,9,1,0,data,ok,8,8,3.5,69.7
awgn,0.0,9,ack-1f,w,2,2,0,ctl,ok,0,0,4.4,69.7
awgn,0.0,9,qpsk-r1/2,w,9,1,0,data,ok,8,8,3.8,69.7
awgn,0.0,9,ack-1f,w,2,2,0,ctl,ok,0,0,4.0,69.7
awgn,0.0,9,qpsk-r1/2,w,9,1,0,data,ok,8,8,3.3,69.7
awgn,0.0,9,ack-1f,w,2,2,0,ctl,ok,0,0,4.0,69.7
awgn,0.0,9,qpsk-r1/2,w,9,1,0,data,ok,8,8,3.7,69.7
awgn,0.0,9,ack-1f,w,2,2,0,ctl,ok,0,0,3.7,69.7
awgn,0.0,9,qpsk-r1/2,w,9,1,0,data,ok,8,8,3.7,69.7
awgn,0.0,9,ack-1f,w,2,2,0,ctl,ok,0,0,3.3,69.7
awgn,0.0,9,qpsk-r1/2,w,9,1,0,data,ok,8,8,3.7,69.7
awgn,0.0,9,ack-1f,w,2,2,0,ctl,ok,0,0,4.3,69.7
awgn,0.0,9,qpsk-r1/2,w,9,1,0,data,ok,8,8,3.3,69.7
awgn,0.0,9,ack-1f,w,2,2,0,ctl,ok,0,0,5.2,69.7
awgn,0.0,9,qpsk-r1/2,w,9,1,0,data,ok,8,8,3.6,69.7
awgn,0.0,9,ack-1f,w,2,2,0,ctl,ok,0,0,3.5,69.7
awgn,0.0,9,qpsk-r1/2,w,9,1,0,data,ok,8,8,3.5,69.7
awgn,0.0,9,ack-1f,w,2,2,0,ctl,ok,0,0,4.5,69.7
awgn,0.0,9,qpsk-r1/2,w,9,1,0,data,ok,8,8,3.6,69.7
awgn,0.0,9,ack-1f,w,2,2,0,ctl,ok,0,0,3.5,69.7
awgn,0.0,9,qpsk-r1/2,w,9,1,0,data,ok,8,8,3.9,69.7
awgn,0.0,9,ack-1f,w,2,2,0,ctl,ok,0,0,3.9,69.7
awgn,0.0,9,qpsk-r1/2,w,9,1,0,data,ok,8,8,3.8,69.7
awgn,0.0,9,ack-1f,w,2,2,0,ctl,ok,0,0,4.1,69.7
awgn,0.0,9,qpsk-r1/2,w,9,1,0,data,ok,8,8,3.6,69.7
awgn,0.0,9,ack-1f,w,2,2,0,ctl,ok,0,0,3.2,69.7
awgn,0.0,9,qpsk-r1/2,w,9,1,0,data,ok,8,8,3.7,69.7
awgn,0.0,9,ack-1f,w,2,2,0,ctl,ok,0,0,3.5,69.7
awgn,0.0,9,qpsk-r1/2,w,9,1,0,data,ok,8,8,3.5,69.7
awgn,0.0,9,ack-1f,w,2,2,0,ctl,ok,0,0,3.9,69.7
awgn,0.0,9,qpsk-r1/2,w,9,1,0,data,ok,8,8,3.7,69.7
awgn,0.0,9,ack-1f,w,2,2,0,ctl,ok,0,0,3.4,69.7
awgn,0.0,9,qpsk-r1/2,w,9,1,0,data,ok,8,8,3.4,69.7
awgn,0.0,9,ack-1f,w,2,2,0,ctl,ok,0,0,3.3,69.7
awgn,0.0,9,qpsk-r1/2,w,9,1,0,data,ok,8,8,3.7,69.7
awgn,0.0,9,ack-1f,w,2,2,0,ctl,ok,0,0,4.2,69.7
awgn,0.0,9,qpsk-r1/2,w,9,1,0,data,ok,8,8,3.6,69.7
awgn,0.0,9,ack-1f,w,2,2,0,ctl,ok,0,0,3.1,69.7
awgn,0.0,9,qpsk-r1/2,w,9,1,0,data,ok,8,8,3.5,69.7
awgn,0.0,9,ack-1f,w,2,2,0,ctl,ok,0,0,3.1,69.7
awgn,0.0,9,qpsk-r1/2,w,9,1,0,data,ok,8,8,3.5,69.7
awgn,0.0,9,ack-1f,w,2,2,0,ctl,ok,0,0,2.7,69.7
awgn,0.0,9,qpsk-r1/2,w,9,1,0,data,ok,8,8,3.4,69.7
awgn,0.0,9,ack-1f,w,2,2,0,ctl,ok,0,0,3.0,69.7
awgn,0.0,9,qpsk-r1/2,w,9,1,0,data,ok,8,8,3.6,69.7
awgn,0.0,9,ack-1f,w,2,2,0,ctl,ok,0,0,4.2,69.7
awgn,0.0,9,qpsk-r1/2,w,9,1,0,data,ok,8,8,3.6,69.7
awgn,0.0,9,ack-1f,w,2,2,0,ctl,ok,0,0,2.6,69.7
awgn,0.0,9,qpsk-r1/2,w,9,1,0,data,ok,8,8,3.5,69.7
awgn,0.0,9,ack-1f,w,2,2,0,ctl,ok,0,0,2.5,69.7
awgn,0.0,9,qpsk-r1/2,w,9,1,0,data,ok,8,8,3.4,69.7
awgn,0.0,9,ack-1f,w,2,2,0,ctl,ok,0,0,3.5,69.7
awgn,0.0,9,qpsk-r1/2,w,9,1,0,data,ok,8,8,3.5,69.7
awgn,0.0,9,ack-1f,w,2,2,0,ctl,ok,0,0,4.2,69.7
awgn,0.0,9,qpsk-r1/2,w,9,1,0,data,ok,8,8,3.5,69.7
awgn,0.0,11,qpsk-r1/5,w,1,1,0,ctl,ok,0,0,3.8,70.1
awgn,0.0,11,qpsk-r1/5,w,1,1,0,ctl,ok,0,0,3.8,70.1
awgn,0.0,11,ack-4f,w,3,3,0,ctl,ok,0,0,3.1,70.1
awgn,0.0,11,ack-1f,w,3,3,0,ctl,ok,0,0,3.2,70.1
awgn,0.0,11,qpsk-r1/2,w,9,2,1,data,ok,7,7,3.3,70.1
awgn,0.0,11,ack-1f,w,3,3,0,ctl,ok,0,0,3.5,70.1
awgn,0.0,11,qpsk-r1/2,w,9,2,1,data,ok,7,7,3.6,70.1
awgn,0.0,11,ack-1f,w,3,3,0,ctl,ok,0,0,3.9,70.1
awgn,0.0,11,qpsk-r1/2,w,9,2,1,data,ok,7,7,3.8,70.1
awgn,0.0,11,ack-1f,w,2,2,0,ctl,ok,0,0,5.1,70.1
awgn,0.0,11,qpsk-r1/2,w,9,1,0,data,ok,8,8,3.4,70.1
awgn,0.0,11,ack-1f,w,2,2,0,ctl,ok,0,0,4.2,70.1
awgn,0.0,11,qpsk-r1/2,w,9,1,0,data,ok,8,8,3.7,70.1
awgn,0.0,11,ack-1f,w,2,2,0,ctl,ok,0,0,2.5,70.1
awgn,0.0,11,qpsk-r1/2,w,9,1,0,data,ok,8,8,3.6,70.1
awgn,0.0,11,ack-1f,w,2,2,0,ctl,ok,0,0,4.0,70.1
awgn,0.0,11,qpsk-r1/2,w,9,1,0,data,ok,8,8,3.8,70.1
awgn,0.0,11,ack-1f,w,2,2,0,ctl,ok,0,0,1.5,70.1
awgn,0.0,11,qpsk-r1/2,w,9,1,0,data,ok,8,8,3.6,70.1
awgn,0.0,11,ack-1f,w,2,2,0,ctl,ok,0,0,3.1,70.1
awgn,0.0,11,qpsk-r1/2,w,9,1,0,data,ok,8,8,3.4,70.1
awgn,0.0,11,ack-1f,w,2,2,0,ctl,ok,0,0,3.5,70.1
awgn,0.0,11,qpsk-r1/2,w,9,1,0,data,ok,8,8,3.7,70.1
awgn,0.0,11,ack-1f,w,2,2,0,ctl,ok,0,0,3.4,70.1
awgn,0.0,11,qpsk-r1/2,w,9,1,0,data,ok,8,8,3.2,70.1
awgn,0.0,11,ack-1f,w,2,2,0,ctl,ok,0,0,3.6,70.1
awgn,0.0,11,qpsk-r1/2,w,9,1,0,data,ok,8,8,3.5,70.1
awgn,0.0,11,ack-1f,w,2,2,0,ctl,ok,0,0,4.5,70.1
awgn,0.0,11,qpsk-r1/2,w,9,1,0,data,ok,8,8,3.6,70.1
awgn,0.0,11,ack-1f,w,2,2,0,ctl,ok,0,0,3.4,70.1
awgn,0.0,11,qpsk-r1/2,w,9,1,0,data,ok,8,8,3.3,70.1
awgn,0.0,11,ack-1f,w,2,2,0,ctl,ok,0,0,4.3,70.1
awgn,0.0,11,qpsk-r1/2,w,9,1,0,data,ok,8,8,3.5,70.1
awgn,0.0,11,ack-1f,w,2,2,0,ctl,ok,0,0,3.7,70.1
awgn,0.0,11,qpsk-r1/2,w,9,1,0,data,ok,8,8,3.6,70.1
awgn,0.0,11,ack-1f,w,2,2,0,ctl,ok,0,0,4.2,70.1
awgn,0.0,11,qpsk-r1/2,w,9,1,0,data,ok,8,8,3.7,70.1
awgn,0.0,11,ack-1f,w,2,2,0,ctl,ok,0,0,3.4,70.1
awgn,0.0,11,qpsk-r1/2,w,9,1,0,data,ok,8,8,3.6,70.1
awgn,0.0,11,ack-1f,w,2,2,0,ctl,ok,0,0,4.0,70.1
awgn,0.0,11,qpsk-r1/2,w,9,1,0,data,ok,8,8,3.5,70.1
awgn,0.0,11,ack-1f,w,2,2,0,ctl,ok,0,0,3.5,70.1
awgn,0.0,11,qpsk-r1/2,w,9,1,0,data,ok,8,8,3.4,70.1
awgn,0.0,11,ack-1f,w,2,2,0,ctl,ok,0,0,4.7,70.1
awgn,0.0,11,qpsk-r1/2,w,9,1,0,data,ok,8,8,3.3,70.1
awgn,0.0,11,ack-1f,w,2,2,0,ctl,ok,0,0,3.7,70.1
awgn,0.0,11,qpsk-r1/2,w,9,1,0,data,ok,8,8,3.6,70.1
awgn,0.0,11,ack-1f,w,2,2,0,ctl,ok,0,0,3.5,70.1
awgn,0.0,11,qpsk-r1/2,w,9,1,0,data,ok,8,8,3.6,70.1
awgn,0.0,11,ack-1f,w,2,2,0,ctl,ok,0,0,4.7,70.1
awgn,0.0,11,qpsk-r1/2,w,9,1,0,data,ok,8,8,3.6,70.1
awgn,0.0,11,ack-1f,w,2,2,0,ctl,ok,0,0,4.0,70.1
awgn,0.0,11,qpsk-r1/2,w,9,1,0,data,ok,8,8,3.5,70.1
awgn,0.0,11,ack-1f,w,2,2,0,ctl,ok,0,0,3.4,70.1
awgn,0.0,11,qpsk-r1/2,w,9,1,0,data,ok,8,8,3.5,70.1
awgn,0.0,11,ack-1f,w,2,2,0,ctl,ok,0,0,3.1,70.1
awgn,0.0,11,qpsk-r1/2,w,9,1,0,data,ok,8,8,3.6,70.1
awgn,0.0,11,ack-1f,w,2,2,0,ctl,ok,0,0,4.3,70.1
awgn,0.0,11,qpsk-r1/2,w,9,1,0,data,ok,8,8,3.5,70.1
awgn,0.0,11,ack-1f,w,2,2,0,ctl,ok,0,0,3.6,70.1
awgn,0.0,11,qpsk-r1/2,w,9,1,0,data,ok,8,8,3.7,70.1
awgn,0.0,11,ack-1f,w,2,2,0,ctl,ok,0,0,3.3,70.1
awgn,0.0,11,qpsk-r1/2,w,9,1,0,data,ok,8,8,3.8,70.1
awgn,0.0,11,ack-1f,w,2,2,0,ctl,ok,0,0,4.5,70.1
awgn,0.0,11,qpsk-r1/2,w,9,1,0,data,ok,8,8,3.4,70.1
awgn,0.0,11,ack-1f,w,2,2,0,ctl,ok,0,0,4.2,70.1
awgn,0.0,11,qpsk-r1/2,w,9,1,0,data,ok,8,8,3.8,70.1
awgn,0.0,11,ack-1f,w,2,2,0,ctl,ok,0,0,2.8,70.1
awgn,0.0,11,qpsk-r1/2,w,9,1,0,data,ok,8,8,3.5,70.1
awgn,0.0,11,ack-1f,w,2,2,0,ctl,ok,0,0,4.0,70.1
awgn,0.0,11,qpsk-r1/2,w,9,1,0,data,ok,8,8,3.6,70.1
awgn,0.0,11,ack-1f,w,2,2,0,ctl,ok,0,0,4.2,70.1
awgn,0.0,11,qpsk-r1/2,w,9,1,0,data,ok,8,8,3.8,70.1
awgn,0.0,11,ack-1f,w,2,2,0,ctl,ok,0,0,4.3,70.1
awgn,0.0,11,qpsk-r1/2,w,9,1,0,data,ok,8,8,3.4,70.1
awgn,0.0,11,ack-1f,w,2,2,0,ctl,ok,0,0,4.2,70.1
awgn,0.0,11,qpsk-r1/2,w,9,1,0,data,ok,8,8,3.5,70.1
awgn,0.0,11,ack-1f,w,2,2,0,ctl,ok,0,0,4.1,70.1
awgn,0.0,11,qpsk-r1/2,w,9,1,0,data,ok,8,8,3.5,70.1
awgn,0.0,11,ack-1f,w,2,2,0,ctl,ok,0,0,3.3,70.1
awgn,0.0,11,qpsk-r1/2,w,9,1,0,data,ok,8,8,3.3,70.1
awgn,0.0,11,ack-1f,w,2,2,0,ctl,ok,0,0,3.5,70.1
awgn,0.0,11,qpsk-r1/2,w,9,1,0,data,ok,8,8,3.4,70.1
awgn,0.0,11,ack-1f,w,2,2,0,ctl,ok,0,0,3.2,70.1
awgn,0.0,11,qpsk-r1/2,w,9,1,0,data,ok,8,8,3.7,70.1
awgn,0.0,11,ack-1f,w,2,2,0,ctl,ok,0,0,2.3,70.1
awgn,0.0,11,qpsk-r1/2,w,9,1,0,data,ok,8,8,3.7,70.1
awgn,0.0,11,ack-1f,w,2,2,0,ctl,ok,0,0,3.7,70.1
awgn,0.0,11,qpsk-r1/2,w,9,1,0,data,ok,8,8,3.7,70.1
awgn,0.0,11,ack-1f,w,2,2,0,ctl,ok,0,0,3.9,70.1
awgn,0.0,11,qpsk-r1/2,w,9,1,0,data,ok,8,8,3.7,70.1
awgn,0.0,11,ack-1f,w,2,2,0,ctl,ok,0,0,2.8,70.1
awgn,0.0,11,qpsk-r1/2,w,9,1,0,data,ok,8,8,3.5,70.1
awgn,0.0,11,ack-1f,w,2,2,0,ctl,ok,0,0,3.1,70.1
awgn,0.0,11,qpsk-r1/2,w,9,1,0,data,ok,8,8,3.4,70.1
awgn,0.0,11,ack-1f,w,2,2,0,ctl,ok,0,0,4.0,70.1
awgn,0.0,11,qpsk-r1/2,w,9,1,0,data,ok,8,8,3.5,70.1
mpg,0.0,6,qpsk-r1/5,w,1,1,0,ctl,ok,0,0,2.4,47.2
mpg,0.0,6,qpsk-r1/5,w,1,1,0,ctl,ok,0,0,3.7,47.2
mpg,0.0,6,ack-4f,w,3,3,0,ctl,ok,0,0,-3.7,47.2
mpg,0.0,6,ack-1f,w,3,3,0,ctl,ok,0,0,1.7,47.2
mpg,0.0,6,qpsk-r1/3,w,9,2,1,data,ok,7,7,3.3,47.2
mpg,0.0,6,ack-1f,w,3,3,0,ctl,ok,0,0,3.1,47.2
mpg,0.0,6,qpsk-r1/3,w,9,2,1,data,ok,7,7,2.7,47.2
mpg,0.0,6,ack-1f,w,3,3,0,ctl,ok,0,0,3.9,47.2
mpg,0.0,6,qpsk-r1/2,w,9,2,1,data,ok,7,7,4.7,47.2
mpg,0.0,6,ack-1f,w,3,3,0,ctl,ctl_lost,0,0,-107.4,47.2
mpg,0.0,6,ack-4f,w,3,3,0,ctl,ok,0,0,-1.4,47.2
mpg,0.0,6,ack-4f,w,3,3,0,ctl,ok,0,0,0.4,47.2
mpg,0.0,6,qpsk-r1/2,w,9,2,1,data,ok,7,0,0.6,47.2
mpg,0.0,6,n4-ack-8f,n4,3,3,0,ctl,ok,0,0,5.7,47.2
mpg,0.0,6,qpsk-r1/3,w,9,2,1,data,ok,7,7,1.7,47.2
mpg,0.0,6,ack-1f,w,3,3,0,ctl,ok,0,0,6.9,47.2
mpg,0.0,6,qpsk-r1/3,w,9,2,1,data,ok,7,7,0.4,47.2
mpg,0.0,6,ack-1f,w,3,3,0,ctl,ok,0,0,4.4,47.2
mpg,0.0,6,qpsk-r1/3,w,9,2,1,data,ok,7,7,4.2,47.2
mpg,0.0,6,ack-1f,w,3,3,0,ctl,ok,0,0,3.8,47.2
mpg,0.0,6,qpsk-r1/2,w,9,2,1,data,ok,7,7,2.9,47.2
mpg,0.0,6,ack-1f,w,2,2,0,ctl,ctl_lost,0,0,-2.1,47.2
mpg,0.0,6,ack-4f,w,3,3,0,ctl,ok,0,0,-5.2,47.2
mpg,0.0,6,ack-4f,w,3,3,0,ctl,ok,0,0,1.6,47.2
mpg,0.0,6,qpsk-r1/3,w,9,2,1,data,ok,7,7,2.9,47.2
mpg,0.0,6,ack-4f,w,2,2,0,ctl,ok,0,0,6.0,47.2
mpg,0.0,6,qpsk-r1/3,w,9,1,0,data,ok,8,8,2.3,47.2
mpg,0.0,6,ack-1f,w,3,3,0,ctl,ok,0,0,4.8,47.2
mpg,0.0,6,qpsk-r1/2,w,9,2,1,data,ok,7,7,5.3,47.2
mpg,0.0,6,ack-1f,w,2,2,0,ctl,ok,0,0,-1.4,47.2
mpg,0.0,6,qpsk-r1/2,w,9,1,0,data,ok,8,8,9.6,47.2
mpg,0.0,6,ack-4f,w,3,3,0,ctl,ok,0,0,4.7,47.2
mpg,0.0,6,w48-qpsk-r1/2,w48,19,2,1,data,ok,17,0,1.4,47.2
mpg,0.0,6,ack-4f,w,2,2,0,ctl,ok,0,0,3.5,47.2
mpg,0.0,6,qpsk-r1/2,w,9,1,0,data,ok,8,8,4.2,47.2
mpg,0.0,6,ack-1f,w,2,2,0,ctl,ok,0,0,0.4,47.2
mpg,0.0,6,qpsk-r1/2,w,9,1,0,data,ok,8,8,4.3,47.2
mpg,0.0,6,ack-4f,w,2,2,0,ctl,ok,0,0,10.2,47.2
mpg,0.0,6,qpsk-r1/2,w,9,1,0,data,ok,8,8,2.8,47.2
mpg,0.0,6,ack-1f,w,2,2,0,ctl,ok,0,0,2.4,47.2
mpg,0.0,6,qpsk-r1/2,w,9,1,0,data,ok,8,8,3.4,47.2
mpg,0.0,6,ack-1f,w,2,2,0,ctl,ok,0,0,-1.1,47.2
mpg,0.0,6,qpsk-r1/2,w,9,1,0,data,ok,8,8,3.9,47.2
mpg,0.0,6,ack-4f,w,2,2,0,ctl,ok,0,0,3.1,47.2
mpg,0.0,6,qpsk-r1/2,w,9,1,0,data,ok,8,8,2.6,47.2
mpg,0.0,6,ack-4f,w,2,2,0,ctl,ok,0,0,-0.3,47.2
mpg,0.0,6,qpsk-r1/2,w,9,1,0,data,ok,8,8,4.6,47.2
mpg,0.0,6,ack-4f,w,2,2,0,ctl,ok,0,0,5.2,47.2
mpg,0.0,6,qpsk-r1/2,w,9,1,0,data,ok,8,8,4.0,47.2
mpg,0.0,6,n4-ack-2f,n4,2,2,0,ctl,ok,0,0,4.1,47.2
mpg,0.0,6,qpsk-r1/2,w,9,1,0,data,ok,8,8,4.7,47.2
mpg,0.0,6,ack-1f,w,2,2,0,ctl,ok,0,0,4.5,47.2
mpg,0.0,6,qpsk-r1/2,w,9,1,0,data,ok,8,8,3.7,47.2
mpg,0.0,6,ack-1f,w,2,2,0,ctl,ctl_lost,0,0,-0.9,47.2
mpg,0.0,6,ack-4f,w,3,3,0,ctl,ok,0,0,4.7,47.2
mpg,0.0,6,ack-4f,w,2,2,0,ctl,ok,0,0,3.0,47.2
mpg,0.0,6,qpsk-r1/2,w,9,1,0,data,ok,8,8,2.2,47.2
mpg,0.0,6,ack-4f,w,2,2,0,ctl,ok,0,0,0.3,47.2
mpg,0.0,6,qpsk-r1/2,w,9,1,0,data,ok,8,8,4.1,47.2
mpg,0.0,6,ack-4f,w,2,2,0,ctl,ok,0,0,6.1,47.2
mpg,0.0,6,qpsk-r1/2,w,9,1,0,data,ok,8,8,2.9,47.2
mpg,0.0,6,n4-ack-2f,n4,2,2,0,ctl,ok,0,0,-2.6,47.2
mpg,0.0,6,qpsk-r1/2,w,9,1,0,data,ok,8,8,2.8,47.2
mpg,0.0,6,ack-4f,w,2,2,0,ctl,ok,0,0,3.8,47.2
mpg,0.0,6,qpsk-r1/2,w,9,1,0,data,ok,8,8,6.4,47.2
mpg,0.0,6,n4-ack-2f,n4,2,2,0,ctl,ok,0,0,-3.0,47.2
mpg,0.0,6,qpsk-r1/2,w,9,1,0,data,ctl_lost,8,0,-0.4,47.2
mpg,0.0,6,ack-4f,w,3,3,0,ctl,ok,0,0,2.5,47.2
mpg,0.0,6,ack-4f,w,3,3,0,ctl,ok,0,0,7.5,47.2
mpg,0.0,6,qpsk-r1/2,w,9,2,1,data,ok,7,0,0.5,47.2
mpg,0.0,6,n4-ack-2f,n4,3,3,0,ctl,ok,0,0,6.5,47.2
mpg,0.0,6,qpsk-r1/2,w,9,2,1,data,ok,0,0,2.4,47.2
mpg,0.0,6,ack-1f,w,3,3,0,ctl,ctl_lost,0,0,-0.5,47.2
mpg,0.0,6,ack-4f,w,3,3,,ctl,missed,0,0,,47.2
mpg,0.0,6,ack-4f,w,3,3,0,ctl,ok,0,0,0.2,47.2
mpg,0.0,6,ack-4f,w,3,3,0,ctl,ok,0,0,4.1,47.2
mpg,0.0,6,qpsk-r1/2,w,9,2,1,data,ok,7,7,5.3,47.2
mpg,0.0,6,n4-ack-2f,n4,2,2,0,ctl,ok,0,0,3.6,47.2
mpg,0.0,6,qpsk-r1/2,w,9,1,0,data,ok,8,8,3.4,47.2
mpg,0.0,6,n4-ack-2f,n4,2,2,0,ctl,ok,0,0,9.4,47.2
mpg,0.0,6,qpsk-r1/2,w,9,1,0,data,ok,8,8,5.9,47.2
mpg,0.0,6,n4-ack-2f,n4,2,2,0,ctl,ok,0,0,-6.8,47.2
mpg,0.0,6,qpsk-r1/2,w,9,1,0,data,ok,8,8,6.0,47.2
mpg,0.0,6,ack-4f,w,3,3,0,ctl,ok,0,0,8.4,47.2
mpg,0.0,6,w48-qpsk-r1/2,w48,19,2,1,data,ok,17,0,2.2,47.2
mpg,0.0,6,n4-ack-2f,n4,2,2,0,ctl,ok,0,0,3.0,47.2
mpg,0.0,6,qpsk-r1/2,w,9,1,0,data,ok,8,8,3.4,47.2
mpg,0.0,6,n4-ack-2f,n4,2,2,0,ctl,ok,0,0,-1.6,47.2
mpg,0.0,6,qpsk-r1/2,w,9,1,0,data,ctl_lost,8,0,-0.4,47.2
mpg,0.0,6,ack-4f,w,3,3,0,ctl,ok,0,0,2.8,47.2
mpg,0.0,6,ack-4f,w,2,2,0,ctl,ok,0,0,4.9,47.2
mpg,0.0,6,qpsk-r1/3,w,9,1,0,data,ok,8,8,2.9,47.2
mpg,0.0,6,n4-ack-2f,n4,3,3,0,ctl,ok,0,0,7.5,47.2
mpg,0.0,6,qpsk-r1/2,w,9,2,1,data,ok,7,7,2.6,47.2
mpg,0.0,6,n4-ack-2f,n4,3,3,0,ctl,ok,0,0,5.9,47.2
mpg,0.0,6,qpsk-r1/2,w,9,2,1,data,ok,7,7,6.2,47.2
mpg,0.0,6,n4-ack-2f,n4,2,2,0,ctl,ok,0,0,4.3,47.2
mpg,0.0,6,qpsk-r1/2,w,9,1,0,data,ok,8,8,4.5,47.2
mpg,0.0,1,qpsk-r1/5,w,1,1,0,ctl,ok,0,0,4.1,36.1
mpg,0.0,1,qpsk-r1/5,w,1,1,0,ctl,ok,0,0,-1.4,36.1
mpg,0.0,1,ack-4f,w,3,3,0,ctl,ok,0,0,-0.9,36.1
mpg,0.0,1,n10-ack-4f,n10,3,3,0,ctl,ok,0,0,4.1,36.1
mpg,0.0,1,qpsk-r1/3,w,9,2,1,data,ok,7,7,5.2,36.1
mpg,0.0,1,ack-1f,w,3,3,0,ctl,ok,0,0,3.4,36.1
mpg,0.0,1,qpsk-r1/2,w,9,2,1,data,ok,7,7,7.2,36.1
mpg,0.0,1,ack-1f,w,3,3,0,ctl,ok,0,0,6.1,36.1
mpg,0.0,1,w48-qpsk-r1/2,w48,19,2,1,data,ctl_lost,17,0,2.3,36.1
mpg,0.0,1,ack-4f,w,3,3,0,ctl,ok,0,0,-7.7,36.1
mpg,0.0,1,ack-4f,w,3,3,0,ctl,ok,0,0,-3.0,36.1
mpg,0.0,1,qpsk-r1/3,w,9,2,1,data,ok,7,7,1.8,36.1
mpg,0.0,1,ack-1f,w,3,3,0,ctl,ok,0,0,1.6,36.1
mpg,0.0,1,qpsk-r1/5,w,9,2,1,data,ok,7,7,1.3,36.1
mpg,0.0,1,ack-4f,w,3,3,0,ctl,ok,0,0,3.5,36.1
mpg,0.0,1,qpsk-r1/2,w,9,2,1,data,ok,7,7,4.7,36.1
mpg,0.0,1,ack-1f,w,3,3,0,ctl,ok,0,0,3.1,36.1
mpg,0.0,1,qpsk-r1/2,w,9,2,1,data,ok,7,7,3.8,36.1
mpg,0.0,1,ack-1f,w,2,2,0,ctl,ok,0,0,6.8,36.1
mpg,0.0,1,qpsk-r1/2,w,9,1,0,data,ok,8,8,3.3,36.1
mpg,0.0,1,ack-1f,w,3,3,0,ctl,ctl_lost,0,0,-1.9,36.1
mpg,0.0,1,ack-4f,w,3,3,0,ctl,ok,0,0,1.2,36.1
mpg,0.0,1,ack-4f,w,3,3,0,ctl,ok,0,0,-1.0,36.1
mpg,0.0,1,qpsk-r1/2,w,9,2,1,data,ok,7,2,2.1,36.1
mpg,0.0,1,n10-ack-4f,n10,3,3,0,ctl,ok,0,0,-2.2,36.1
mpg,0.0,1,qpsk-r1/2,w,9,2,1,data,ctl_lost,1,0,-2.2,36.1
mpg,0.0,1,ack-4f,w,3,3,0,ctl,ok,0,0,-1.5,36.1
mpg,0.0,1,ack-4f,w,3,3,0,ctl,ok,0,0,3.7,36.1
mpg,0.0,1,qpsk-r1/5,w,9,2,1,data,ok,7,7,1.1,36.1
mpg,0.0,1,n4-ack-2f,n4,3,3,0,ctl,ok,0,0,0.3,36.1
mpg,0.0,1,qpsk-r1/3,w,9,2,1,data,ok,7,7,3.2,36.1
mpg,0.0,1,ack-4f,w,3,3,0,ctl,ok,0,0,1.9,36.1
mpg,0.0,1,qpsk-r1/2,w,9,2,1,data,ok,7,7,4.8,36.1
mpg,0.0,1,ack-4f,w,3,3,0,ctl,ok,0,0,3.6,36.1
mpg,0.0,1,qpsk-r1/2,w,9,2,1,data,ok,7,0,0.6,36.1
mpg,0.0,1,n4-ack-2f,n4,3,3,0,ctl,ok,0,0,-1.5,36.1
mpg,0.0,1,qpsk-r1/2,w,9,2,1,data,ok,0,0,5.6,36.1
mpg,0.0,1,ack-4f,w,3,3,0,ctl,ok,0,0,7.3,36.1
mpg,0.0,1,qpsk-r1/2,w,9,2,1,data,ok,7,7,4.0,36.1
mpg,0.0,1,ack-1f,w,2,2,0,ctl,ok,0,0,2.9,36.1
mpg,0.0,1,qpsk-r1/2,w,9,1,0,data,ctl_lost,8,8,3.6,36.1
mpg,0.0,1,ack-4f,w,3,3,0,ctl,ok,0,0,1.2,36.1
mpg,0.0,1,ack-4f,w,3,3,0,ctl,ok,0,0,3.0,36.1
mpg,0.0,1,w48-qpsk-r1/5,w48,19,2,1,data,ok,17,17,1.2,36.1
mpg,0.0,1,ack-1f,w,3,3,0,ctl,ok,0,0,2.2,36.1
mpg,0.0,1,w48-qpsk-r1/5,w48,19,2,1,data,ok,17,17,1.7,36.1
mpg,0.0,1,ack-1f,w,3,3,0,ctl,ok,0,0,4.5,36.1
mpg,0.0,1,w48-qpsk-r1/5,w48,19,2,1,data,ok,17,17,2.0,36.1
mpg,0.0,1,ack-1f,w,2,2,0,ctl,ok,0,0,1.7,36.1
mpg,0.0,1,w48-qpsk-r1/5,w48,19,1,0,data,ok,18,18,2.7,36.1
mpg,0.0,1,ack-1f,w,2,2,0,ctl,ok,0,0,6.7,36.1
mpg,0.0,1,w48-qpsk-r1/5,w48,19,1,0,data,ok,18,18,3.4,36.1
mpg,0.0,1,ack-1f,w,2,2,0,ctl,ok,0,0,2.7,36.1
mpg,0.0,1,w48-qpsk-r1/5,w48,19,1,0,data,ok,18,17,-0.9,36.1
mpg,0.0,1,ack-1f,w,4,4,0,ctl,ok,0,0,4.9,36.1
mpg,0.0,1,w48-qpsk-r1/5,w48,19,2,1,data,ok,16,16,2.6,36.1
mpg,0.0,1,ack-1f,w,2,2,0,ctl,ok,0,0,-0.4,36.1
mpg,0.0,1,w48-qpsk-r1/5,w48,19,1,0,data,ok,18,18,1.2,36.1
mpg,0.0,1,ack-1f,w,2,2,0,ctl,ok,0,0,1.7,36.1
mpg,0.0,1,w48-qpsk-r1/5,w48,19,1,0,data,ok,18,18,0.8,36.1
mpg,0.0,1,ack-4f,w,3,3,0,ctl,ok,0,0,0.4,36.1
mpg,0.0,1,w48-qpsk-r1/5,w48,19,2,1,data,ctl_lost,17,0,-2.9,36.1
mpg,0.0,1,ack-4f,w,3,3,0,ctl,ok,0,0,2.4,36.1
mpg,0.0,1,ack-4f,w,3,3,0,ctl,ok,0,0,7.0,36.1
mpg,0.0,1,qpsk-r1/3,w,9,2,1,data,ok,7,7,4.5,36.1
mpg,0.0,1,ack-1f,w,3,3,0,ctl,ok,0,0,5.6,36.1
mpg,0.0,1,qpsk-r1/2,w,9,2,1,data,ok,7,2,3.8,36.1
mpg,0.0,1,ack-1f,w,3,3,0,ctl,ok,0,0,1.6,36.1
mpg,0.0,1,qpsk-r1/2,w,9,2,1,data,ok,2,2,4.9,36.1
mpg,0.0,1,ack-1f,w,3,3,0,ctl,ok,0,0,4.7,36.1
mpg,0.0,1,qpsk-r1/2,w,9,2,1,data,ok,7,7,5.4,36.1
mpg,0.0,1,ack-1f,w,2,2,0,ctl,ok,0,0,6.6,36.1
mpg,0.0,1,qpsk-r1/2,w,9,1,0,data,ok,8,8,4.9,36.1
mpg,0.0,1,ack-1f,w,3,3,0,ctl,ok,0,0,-2.6,36.1
mpg,0.0,1,w48-qpsk-r1/3,w48,19,2,1,data,ok,17,1,1.4,36.1
mpg,0.0,1,ack-1f,w,4,4,0,ctl,ctl_lost,0,0,-0.9,36.1
mpg,0.0,1,ack-4f,w,3,3,0,ctl,ok,0,0,4.6,36.1
mpg,0.0,1,ack-4f,w,4,4,0,ctl,ok,0,0,-7.1,36.1
mpg,0.0,1,qpsk-r1/2,w,9,2,1,data,ok,7,0,0.7,36.1
mpg,0.0,1,n10-ack-4f,n10,3,3,0,ctl,ok,0,0,-0.8,36.1
mpg,0.0,1,qpsk-r1/2,w,9,2,1,data,ok,0,0,0.5,36.1
mpg,0.0,1,ack-4f,w,3,3,0,ctl,ok,0,0,6.8,36.1
mpg,0.0,1,qpsk-r1/3,w,9,2,1,data,ok,7,7,0.6,36.1
mpg,0.0,1,ack-1f,w,3,3,0,ctl,ok,0,0,5.1,36.1
mpg,0.0,1,qpsk-r1/3,w,9,2,1,data,ok,7,2,-0.3,36.1
mpg,0.0,1,ack-1f,w,3,3,0,ctl,ok,0,0,5.7,36.1
mpg,0.0,1,qpsk-r1/3,w,9,2,1,data,ok,3,3,3.0,36.1
mpg,0.0,1,ack-1f,w,2,2,0,ctl,ok,0,0,2.7,36.1
mpg,0.0,1,qpsk-r1/3,w,9,1,0,data,ok,8,8,3.8,36.1
mpg,0.0,1,ack-1f,w,2,2,0,ctl,ok,0,0,5.1,36.1
mpg,0.0,1,qpsk-r1/2,w,9,1,0,data,ctl_lost,8,0,-0.3,36.1
mpg,0.0,1,ack-4f,w,3,3,0,ctl,ok,0,0,-2.3,36.1
mpg,0.0,1,ack-4f,w,3,3,0,ctl,ok,0,0,0.8,36.1
mpg,0.0,1,qpsk-r1/3,w,9,2,1,data,ok,7,7,2.9,36.1
mpg,0.0,1,ack-4f,w,2,2,0,ctl,ok,0,0,-0.1,36.1
mpg,0.0,1,qpsk-r1/3,w,9,1,0,data,ok,8,8,3.3,36.1
mpg,0.0,7,qpsk-r1/5,w,1,1,0,ctl,ok,0,0,3.3,38.2
mpg,0.0,7,qpsk-r1/5,w,1,1,0,ctl,ok,0,0,5.7,38.2
mpg,0.0,7,ack-4f,w,3,3,0,ctl,ok,0,0,7.2,38.2
mpg,0.0,7,ack-1f,w,3,3,0,ctl,ok,0,0,9.0,38.2
mpg,0.0,7,w48-qpsk-r1/2,w48,19,2,1,data,ctl_lost,17,0,1.1,38.2
mpg,0.0,7,ack-4f,w,3,3,0,ctl,ok,0,0,5.5,38.2
mpg,0.0,7,ack-4f,w,3,3,0,ctl,ok,0,0,3.7,38.2
mpg,0.0,7,qpsk-r1/2,w,9,2,1,data,ok,7,3,1.6,38.2
mpg,0.0,7,ack-1f,w,3,3,0,ctl,ok,0,0,-5.0,38.2
mpg,0.0,7,qpsk-r1/2,w,9,2,1,data,ok,3,0,0.2,38.2
mpg,0.0,7,ack-4f,w,3,3,0,ctl,ok,0,0,4.6,38.2
mpg,0.0,7,qpsk-r1/3,w,9,2,1,data,ok,7,7,8.5,38.2
mpg,0.0,7,ack-1f,w,2,2,0,ctl,ok,0,0,10.1,38.2
mpg,0.0,7,qpsk-r1/2,w,9,1,0,data,ok,8,8,4.9,38.2
mpg,0.0,7,ack-1f,w,3,3,0,ctl,ok,0,0,2.0,38.2
mpg,0.0,7,w48-qpsk-r1/2,w48,19,2,1,data,ctl_lost,17,0,1.6,38.2
mpg,0.0,7,ack-4f,w,3,3,0,ctl,ok,0,0,0.6,38.2
mpg,0.0,7,ack-4f,w,3,3,0,ctl,ok,0,0,3.9,38.2
mpg,0.0,7,qpsk-r1/2,w,9,2,1,data,ok,7,3,1.9,38.2
mpg,0.0,7,ack-1f,w,3,3,0,ctl,ok,0,0,6.1,38.2
mpg,0.0,7,qpsk-r1/2,w,9,2,1,data,ok,3,3,4.4,38.2
mpg,0.0,7,ack-1f,w,3,3,0,ctl,ok,0,0,-0.1,38.2
mpg,0.0,7,qpsk-r1/2,w,9,2,1,data,ok,7,7,7.4,38.2
mpg,0.0,7,ack-1f,w,3,3,0,ctl,ok,0,0,5.7,38.2
mpg,0.0,7,w48-qpsk-r1/3,w48,19,2,1,data,ctl_lost,17,0,-0.1,38.2
mpg,0.0,7,ack-4f,w,3,3,0,ctl,ok,0,0,6.6,38.2
mpg,0.0,7,ack-4f,w,2,2,0,ctl,ok,0,0,4.1,38.2
mpg,0.0,7,qpsk-r1/2,w,9,1,0,data,ok,8,7,1.9,38.2
mpg,0.0,7,ack-1f,w,2,2,0,ctl,ok,0,0,5.6,38.2
mpg,0.0,7,qpsk-r1/2,w,9,1,0,data,ctl_lost,7,0,-1.2,38.2
mpg,0.0,7,ack-4f,w,3,3,0,ctl,ok,0,0,-0.4,38.2
mpg,0.0,7,ack-4f,w,3,3,0,ctl,ok,0,0,3.1,38.2
mpg,0.0,7,qpsk-r1/3,w,9,2,1,data,ok,7,7,1.9,38.2
mpg,0.0,7,ack-1f,w,3,3,0,ctl,ok,0,0,6.0,38.2
mpg,0.0,7,qpsk-r1/3,w,9,2,1,data,ok,7,7,2.2,38.2
mpg,0.0,7,ack-1f,w,2,2,0,ctl,ok,0,0,-2.4,38.2
mpg,0.0,7,qpsk-r1/3,w,9,1,0,data,ok,8,8,-0.4,38.2
mpg,0.0,7,ack-1f,w,3,3,0,ctl,ctl_lost,0,0,-8.4,38.2
mpg,0.0,7,ack-4f,w,3,3,0,ctl,ok,0,0,-2.5,38.2
mpg,0.0,7,ack-4f,w,3,3,0,ctl,ok,0,0,1.7,38.2
mpg,0.0,7,qpsk-r1/3,w,9,2,1,data,ok,7,7,5.2,38.2
mpg,0.0,7,n10-ack-4f,n10,2,2,0,ctl,ok,0,0,-1.2,38.2
mpg,0.0,7,qpsk-r1/3,w,9,1,0,data,ok,8,8,1.4,38.2
mpg,0.0,7,ack-4f,w,3,3,0,ctl,ok,0,0,2.6,38.2
mpg,0.0,7,qpsk-r1/2,w,9,2,1,data,ok,7,7,3.0,38.2
mpg,0.0,7,ack-4f,w,3,3,0,ctl,ok,0,0,7.1,38.2
mpg,0.0,7,qpsk-r1/2,w,9,2,1,data,ok,7,7,3.3,38.2
mpg,0.0,7,ack-1f,w,3,3,0,ctl,ctl_lost,0,0,-1.9,38.2
mpg,0.0,7,ack-4f,w,3,3,0,ctl,ok,0,0,2.8,38.2
mpg,0.0,7,ack-4f,w,3,3,0,ctl,ok,0,0,5.9,38.2
mpg,0.0,7,qpsk-r1/2,w,9,2,1,data,ok,7,7,2.5,38.2
mpg,0.0,7,n4-ack-2f,n4,3,3,0,ctl,ok,0,0,4.7,38.2
mpg,0.0,7,qpsk-r1/2,w,9,2,1,data,ctl_lost,7,0,-4.3,38.2
mpg,0.0,7,ack-4f,w,3,3,0,ctl,ok,0,0,0.4,38.2
mpg,0.0,7,ack-4f,w,3,3,0,ctl,ok,0,0,-3.3,38.2
mpg,0.0,7,qpsk-r1/3,w,9,2,1,data,ok,7,7,6.1,38.2
mpg,0.0,7,ack-4f,w,3,3,0,ctl,ok,0,0,0.6,38.2
mpg,0.0,7,qpsk-r1/2,w,9,2,1,data,ok,7,7,2.3,38.2
mpg,0.0,7,ack-4f,w,3,3,0,ctl,ok,0,0,8.3,38.2
mpg,0.0,7,qpsk-r1/2,w,9,2,1,data,ok,7,7,3.4,38.2
mpg,0.0,7,n4-ack-2f,n4,3,3,0,ctl,ok,0,0,4.8,38.2
mpg,0.0,7,qpsk-r1/2,w,9,2,1,data,ok,7,7,4.4,38.2
mpg,0.0,7,ack-1f,w,3,3,0,ctl,ok,0,0,3.0,38.2
mpg,0.0,7,qpsk-r1/2,w,9,2,1,data,ok,7,7,4.8,38.2
mpg,0.0,7,ack-4f,w,2,2,0,ctl,ok,0,0,8.3,38.2
mpg,0.0,7,qpsk-r1/2,w,9,1,0,data,ok,8,8,7.1,38.2
mpg,0.0,7,ack-1f,w,3,3,0,ctl,ok,0,0,5.4,38.2
mpg,0.0,7,16qam-r1/3,w,19,2,1,data,ok,17,15,3.7,38.2
mpg,0.0,7,ack-1f,w,3,3,0,ctl,ok,0,0,6.4,38.2
mpg,0.0,7,16qam-r1/3,w,19,2,1,data,ok,15,5,3.5,38.2
mpg,0.0,7,ack-1f,w,4,4,0,ctl,ok,0,0,-0.1,38.2
mpg,0.0,7,16qam-r1/3,w,19,2,1,data,ok,7,0,2.3,38.2
mpg,0.0,7,ack-4f,w,3,3,0,ctl,ok,0,0,2.5,38.2
mpg,0.0,7,qpsk-r1/2,w,9,2,1,data,ok,7,7,4.0,38.2
mpg,0.0,7,ack-4f,w,3,3,0,ctl,ok,0,0,-2.9,38.2
mpg,0.0,7,qpsk-r1/2,w,9,2,1,data,ok,7,7,3.7,38.2
mpg,0.0,7,ack-4f,w,2,2,0,ctl,ok,0,0,2.5,38.2
mpg,0.0,7,qpsk-r1/2,w,9,1,0,data,ok,8,8,4.1,38.2
mpg,0.0,7,ack-4f,w,2,2,0,ctl,ok,0,0,1.9,38.2
mpg,0.0,7,qpsk-r1/2,w,9,1,0,data,ctl_lost,8,3,3.0,38.2
mpg,0.0,7,ack-4f,w,3,3,0,ctl,ok,0,0,0.3,38.2
mpg,0.0,7,ack-4f,w,2,2,0,ctl,ok,0,0,3.2,38.2
mpg,0.0,7,qpsk-r1/3,w,9,1,0,data,ok,8,8,4.1,38.2
mpg,0.0,7,n4-ack-2f,n4,2,2,0,ctl,ctl_lost,0,0,-19.2,38.2
mpg,0.0,7,ack-4f,w,4,4,0,ctl,ok,0,0,-5.5,38.2
mpg,0.0,7,ack-4f,w,2,2,0,ctl,ok,0,0,1.6,38.2
mpg,0.0,7,qpsk-r1/3,w,9,1,0,data,ok,8,8,6.4,38.2
mpg,0.0,7,ack-4f,w,2,2,0,ctl,ok,0,0,-0.0,38.2
mpg,0.0,7,qpsk-r1/3,w,9,1,0,data,ok,8,8,5.3,38.2
mpg,0.0,7,ack-4f,w,2,2,0,ctl,ok,0,0,0.8,38.2
mpg,0.0,7,qpsk-r1/2,w,9,1,0,data,ctl_lost,8,0,-0.2,38.2
mpg,0.0,7,ack-4f,w,2,2,0,ctl,ok,0,0,4.6,38.2
mpg,0.0,7,ack-4f,w,2,2,0,ctl,ok,0,0,3.9,38.2
mpg,0.0,7,qpsk-r1/3,w,9,1,0,data,ok,8,8,4.0,38.2
mpg,0.0,7,ack-4f,w,2,2,0,ctl,ok,0,0,-1.9,38.2
mpg,0.0,7,w48-qpsk-r1/5,w48,19,1,0,data,ok,18,18,4.3,38.2
mpg,0.0,7,ack-4f,w,3,3,0,ctl,ok,0,0,4.9,38.2
mpg,0.0,3,qpsk-r1/5,w,1,1,0,ctl,ok,0,0,5.0,39.5
mpg,0.0,3,qpsk-r1/5,w,1,1,0,ctl,ok,0,0,3.2,39.5
mpg,0.0,3,ack-4f,w,3,3,0,ctl,ok,0,0,-2.8,39.5
mpg,0.0,3,ack-1f,w,3,3,0,ctl,ok,0,0,-3.7,39.5
mpg,0.0,3,qpsk-r1/3,w,9,2,1,data,ok,7,7,2.4,39.5
mpg,0.0,3,ack-4f,w,3,3,0,ctl,ok,0,0,3.3,39.5
mpg,0.0,3,qpsk-r1/3,w,9,2,1,data,ok,7,7,5.4,39.5
mpg,0.0,3,ack-1f,w,3,3,0,ctl,ok,0,0,6.9,39.5
mpg,0.0,3,qpsk-r1/2,w,9,2,1,data,ok,7,7,3.6,39.5
mpg,0.0,3,ack-1f,w,2,2,0,ctl,ok,0,0,-2.1,39.5
mpg,0.0,3,qpsk-r1/2,w,9,1,0,data,ok,8,8,3.9,39.5
mpg,0.0,3,ack-1f,w,3,3,0,ctl,ok,0,0,1.7,39.5
mpg,0.0,3,qpsk-r1/2,w,9,2,1,data,ok,7,7,6.3,39.5
mpg,0.0,3,ack-4f,w,3,3,0,ctl,ok,0,0,2.0,39.5
mpg,0.0,3,w48-qpsk-r1/2,w48,19,2,1,data,ctl_lost,17,0,1.5,39.5
mpg,0.0,3,ack-4f,w,3,3,0,ctl,ok,0,0,3.9,39.5
mpg,0.0,3,ack-4f,w,3,3,0,ctl,ok,0,0,4.2,39.5
mpg,0.0,3,qpsk-r1/2,w,9,2,1,data,ok,7,5,2.3,39.5
mpg,0.0,3,ack-1f,w,3,3,0,ctl,ok,0,0,3.9,39.5
mpg,0.0,3,qpsk-r1/2,w,9,2,1,data,ok,5,5,3.3,39.5
mpg,0.0,3,ack-1f,w,3,3,0,ctl,ok,0,0,6.2,39.5
mpg,0.0,3,qpsk-r1/2,w,9,2,1,data,ok,7,7,4.1,39.5
mpg,0.0,3,ack-1f,w,2,2,0,ctl,ok,0,0,2.4,39.5
mpg,0.0,3,qpsk-r1/2,w,9,1,0,data,ctl_lost,8,0,0.3,39.5
mpg,0.0,3,ack-4f,w,3,3,0,ctl,ok,0,0,-2.2,39.5
mpg,0.0,3,ack-4f,w,3,3,0,ctl,ok,0,0,-0.6,39.5
mpg,0.0,3,qpsk-r1/3,w,9,2,1,data,ok,7,2,-1.2,39.5
mpg,0.0,3,ack-1f,w,3,3,0,ctl,ok,0,0,3.5,39.5
mpg,0.0,3,qpsk-r1/3,w,9,2,1,data,ok,2,0,-0.9,39.5
mpg,0.0,3,ack-1f,w,3,3,0,ctl,ok,0,0,3.3,39.5
mpg,0.0,3,qpsk-r1/3,w,9,2,1,data,ok,5,5,4.4,39.5
mpg,0.0,3,ack-1f,w,2,2,0,ctl,ok,0,0,4.6,39.5
mpg,0.0,3,qpsk-r1/3,w,9,1,0,data,ok,8,8,4.2,39.5
mpg,0.0,3,ack-1f,w,3,3,0,ctl,ok,0,0,3.6,39.5
mpg,0.0,3,qpsk-r1/2,w,9,2,1,data,ok,7,7,6.4,39.5
mpg,0.0,3,ack-1f,w,3,3,0,ctl,ok,0,0,3.3,39.5
mpg,0.0,3,w48-qpsk-r1/3,w48,19,2,1,data,ctl_lost,17,0,-0.5,39.5
mpg,0.0,3,ack-4f,w,3,3,0,ctl,ok,0,0,7.3,39.5
mpg,0.0,3,ack-4f,w,3,3,0,ctl,ok,0,0,5.9,39.5
mpg,0.0,3,qpsk-r1/2,w,9,2,1,data,ok,7,7,3.5,39.5
mpg,0.0,3,ack-1f,w,2,2,0,ctl,ok,0,0,3.0,39.5
mpg,0.0,3,qpsk-r1/2,w,9,1,0,data,ok,8,8,6.3,39.5
mpg,0.0,3,ack-1f,w,2,2,0,ctl,ok,0,0,0.6,39.5
mpg,0.0,3,qpsk-r1/2,w,9,1,0,data,ok,8,8,4.3,39.5
mpg,0.0,3,ack-1f,w,2,2,0,ctl,ok,0,0,2.4,39.5
mpg,0.0,3,qpsk-r1/2,w,9,1,0,data,ok,8,8,4.7,39.5
mpg,0.0,3,ack-1f,w,3,3,0,ctl,ok,0,0,4.0,39.5
mpg,0.0,3,qpsk-r1/2,w,9,2,1,data,ok,7,7,2.6,39.5
mpg,0.0,3,ack-1f,w,3,3,0,ctl,ctl_lost,0,0,-5.2,39.5
mpg,0.0,3,ack-4f,w,3,3,0,ctl,ok,0,0,2.4,39.5
mpg,0.0,3,ack-4f,w,3,3,0,ctl,ok,0,0,6.3,39.5
mpg,0.0,3,qpsk-r1/2,w,9,2,1,data,ok,7,7,5.3,39.5
mpg,0.0,3,ack-1f,w,2,2,0,ctl,ok,0,0,3.9,39.5
mpg,0.0,3,qpsk-r1/2,w,9,1,0,data,ctl_lost,8,0,1.6,39.5
mpg,0.0,3,ack-4f,w,3,3,0,ctl,ok,0,0,1.5,39.5
mpg,0.0,3,ack-4f,w,2,2,0,ctl,ok,0,0,1.1,39.5
mpg,0.0,3,qpsk-r1/3,w,9,1,0,data,ok,8,8,0.9,39.5
mpg,0.0,3,ack-1f,w,2,2,0,ctl,ok,0,0,2.2,39.5
mpg,0.0,3,qpsk-r1/3,w,9,1,0,data,ok,8,7,0.4,39.5
mpg,0.0,3,ack-4f,w,3,3,0,ctl,ok,0,0,0.9,39.5
mpg,0.0,3,qpsk-r1/3,w,9,1,0,data,ok,7,7,2.2,39.5
mpg,0.0,3,ack-4f,w,2,2,0,ctl,ok,0,0,-0.3,39.5
mpg,0.0,3,qpsk-r1/3,w,9,1,0,data,ok,8,8,-0.0,39.5
mpg,0.0,3,ack-4f,w,2,2,0,ctl,ok,0,0,-15.2,39.5
mpg,0.0,3,qpsk-r1/3,w,9,1,0,data,ok,8,8,4.1,39.5
mpg,0.0,3,n10-ack-4f,n10,2,2,0,ctl,ok,0,0,5.3,39.5
mpg,0.0,3,qpsk-r1/3,w,9,1,0,data,ok,8,8,3.3,39.5
mpg,0.0,3,ack-1f,w,3,3,0,ctl,ok,0,0,5.9,39.5
mpg,0.0,3,qpsk-r1/2,w,9,2,1,data,ok,7,7,3.0,39.5
mpg,0.0,3,ack-1f,w,3,3,0,ctl,ok,0,0,2.2,39.5
mpg,0.0,3,qpsk-r1/2,w,9,2,1,data,ok,7,7,3.3,39.5
mpg,0.0,3,ack-1f,w,3,3,0,ctl,ok,0,0,2.9,39.5
mpg,0.0,3,qpsk-r1/2,w,9,2,1,data,ok,7,7,3.6,39.5
mpg,0.0,3,ack-1f,w,3,3,0,ctl,ok,0,0,3.1,39.5
mpg,0.0,3,qpsk-r1/2,w,9,2,1,data,ok,7,6,2.7,39.5
mpg,0.0,3,ack-1f,w,3,3,0,ctl,ok,0,0,-0.1,39.5
mpg,0.0,3,qpsk-r1/2,w,9,2,1,data,ok,6,0,0.5,39.5
mpg,0.0,3,ack-1f,w,3,3,0,ctl,ok,0,0,-2.3,39.5
mpg,0.0,3,qpsk-r1/2,w,9,2,1,data,ok,1,1,7.1,39.5
mpg,0.0,3,ack-4f,w,2,2,0,ctl,ok,0,0,11.1,39.5
mpg,0.0,3,qpsk-r1/2,w,9,1,0,data,ok,8,8,7.5,39.5
mpg,0.0,3,ack-1f,w,3,3,0,ctl,ok,0,0,7.2,39.5
mpg,0.0,3,w48-qpsk-r1/2,w48,19,2,1,data,ok,17,0,2.9,39.5
mpg,0.0,3,ack-1f,w,2,2,0,ctl,ok,0,0,4.6,39.5
mpg,0.0,3,qpsk-r1/2,w,9,1,0,data,ctl_lost,8,0,-0.0,39.5
mpg,0.0,3,ack-4f,w,4,4,0,ctl,ok,0,0,2.9,39.5
mpg,0.0,3,ack-4f,w,3,3,0,ctl,ok,0,0,6.0,39.5
mpg,0.0,3,qpsk-r1/3,w,9,2,1,data,ok,7,7,5.7,39.5
mpg,0.0,3,ack-1f,w,3,3,0,ctl,ok,0,0,-1.4,39.5
mpg,0.0,3,qpsk-r1/2,w,9,2,1,data,ok,7,0,-0.5,39.5
mpg,0.0,3,ack-1f,w,3,3,0,ctl,ok,0,0,2.8,39.5
mpg,0.0,3,qpsk-r1/2,w,9,2,1,data,ok,0,0,0.9,39.5
mpg,0.0,3,ack-1f,w,2,2,0,ctl,ok,0,0,5.7,39.5
mpg,0.0,3,qpsk-r1/3,w,9,1,0,data,ok,8,8,2.8,39.5
mpg,0.0,3,ack-1f,w,2,2,0,ctl,ok,0,0,5.5,39.5
mpg,0.0,3,qpsk-r1/3,w,9,1,0,data,ctl_lost,8,0,-3.4,39.5
mpg,0.0,4,qpsk-r1/5,w,1,1,0,ctl,ok,0,0,-4.7,40.4
mpg,0.0,4,qpsk-r1/5,w,1,1,0,ctl,ctl_lost,0,0,-9.2,40.4
mpg,0.0,4,n4-qpsk-r1/3,n4,1,1,,ctl,missed,0,0,,40.4
mpg,0.0,4,n4-qpsk-r1/3,n4,1,1,0,ctl,ok,0,0,-0.7,40.4
mpg,0.0,4,n4-qpsk-r1/3,n4,1,1,0,ctl,ok,0,0,2.1,40.4
mpg,0.0,4,ack-4f,w,3,3,0,ctl,ok,0,0,5.4,40.4
mpg,0.0,4,ack-1f,w,2,2,0,ctl,ok,0,0,5.1,40.4
mpg,0.0,4,qpsk-r1/2,w,9,1,0,data,ok,8,6,3.4,40.4
mpg,0.0,4,ack-1f,w,3,3,0,ctl,ok,0,0,9.0,40.4
mpg,0.0,4,qpsk-r1/2,w,9,2,1,data,ok,5,5,5.1,40.4
mpg,0.0,4,ack-1f,w,3,3,0,ctl,ok,0,0,5.0,40.4
mpg,0.0,4,qpsk-r1/2,w,9,2,1,data,ok,7,7,5.2,40.4
mpg,0.0,4,ack-1f,w,3,3,0,ctl,ok,0,0,2.0,40.4
mpg,0.0,4,w48-qpsk-r1/2,w48,19,2,1,data,ok,17,0,3.7,40.4
mpg,0.0,4,ack-1f,w,3,3,0,ctl,ok,0,0,0.2,40.4
mpg,0.0,4,w48-qpsk-r1/2,w48,19,2,1,data,ctl_lost,0,0,1.9,40.4
mpg,0.0,4,ack-4f,w,3,3,0,ctl,ok,0,0,3.3,40.4
mpg,0.0,4,ack-4f,w,3,3,0,ctl,ok,0,0,6.0,40.4
mpg,0.0,4,qpsk-r1/2,w,9,2,1,data,ok,7,7,3.3,40.4
mpg,0.0,4,ack-1f,w,3,3,0,ctl,ok,0,0,3.3,40.4
mpg,0.0,4,qpsk-r1/2,w,9,2,1,data,ok,7,4,3.1,40.4
mpg,0.0,4,ack-1f,w,3,3,0,ctl,ok,0,0,3.3,40.4
mpg,0.0,4,qpsk-r1/2,w,9,2,1,data,ok,5,0,1.4,40.4
mpg,0.0,4,ack-1f,w,3,3,0,ctl,ctl_lost,0,0,-11.5,40.4
mpg,0.0,4,ack-4f,w,3,3,0,ctl,ok,0,0,-2.3,40.4
mpg,0.0,4,ack-4f,w,3,3,0,ctl,ok,0,0,-2.5,40.4
mpg,0.0,4,qpsk-r1/3,w,9,2,1,data,ok,7,7,2.6,40.4
mpg,0.0,4,n10-ack-4f,n10,3,3,0,ctl,ok,0,0,3.4,40.4
mpg,0.0,4,qpsk-r1/3,w,9,2,1,data,ok,7,7,1.1,40.4
mpg,0.0,4,ack-4f,w,3,3,0,ctl,ok,0,0,0.7,40.4
mpg,0.0,4,qpsk-r1/2,w,9,2,1,data,ok,7,0,0.9,40.4
mpg,0.0,4,ack-4f,w,3,3,0,ctl,ok,0,0,1.4,40.4
mpg,0.0,4,qpsk-r1/3,w,9,2,1,data,ok,7,7,3.2,40.4
mpg,0.0,4,ack-4f,w,3,3,0,ctl,ok,0,0,7.8,40.4
mpg,0.0,4,qpsk-r1/2,w,9,2,1,data,ok,7,7,5.1,40.4
mpg,0.0,4,ack-1f,w,2,2,0,ctl,ctl_lost,0,0,-1.3,40.4
mpg,0.0,4,ack-4f,w,3,3,0,ctl,ok,0,0,-4.3,40.4
mpg,0.0,4,ack-4f,w,3,3,0,ctl,ok,0,0,-3.9,40.4
mpg,0.0,4,qpsk-r1/2,w,9,2,1,data,ok,7,7,2.8,40.4
mpg,0.0,4,n10-ack-4f,n10,3,3,0,ctl,ok,0,0,-1.9,40.4
mpg,0.0,4,qpsk-r1/2,w,9,2,1,data,ok,7,7,5.2,40.4
mpg,0.0,4,ack-4f,w,2,2,0,ctl,ok,0,0,2.8,40.4
mpg,0.0,4,qpsk-r1/2,w,9,1,0,data,ok,8,6,2.6,40.4
mpg,0.0,4,n4-ack-2f,n4,3,3,0,ctl,ctl_lost,0,0,-10.8,40.4
mpg,0.0,4,ack-4f,w,3,3,0,ctl,ok,0,0,1.7,40.4
mpg,0.0,4,ack-4f,w,3,3,0,ctl,ok,0,0,5.9,40.4
mpg,0.0,4,qpsk-r1/2,w,9,1,0,data,ok,8,8,2.9,40.4
mpg,0.0,4,ack-4f,w,2,2,0,ctl,ok,0,0,0.6,40.4
mpg,0.0,4,qpsk-r1/2,w,9,1,0,data,ok,8,8,3.0,40.4
mpg,0.0,4,ack-4f,w,2,2,0,ctl,ok,0,0,3.4,40.4
mpg,0.0,4,qpsk-r1/2,w,9,1,0,data,ok,8,8,2.7,40.4
mpg,0.0,4,ack-4f,w,2,2,0,ctl,ok,0,0,-8.6,40.4
mpg,0.0,4,qpsk-r1/2,w,9,1,0,data,ok,8,8,3.6,40.4
mpg,0.0,4,ack-4f,w,2,2,0,ctl,ok,0,0,7.6,40.4
mpg,0.0,4,qpsk-r1/2,w,9,1,0,data,ok,8,8,2.8,40.4
mpg,0.0,4,ack-4f,w,2,2,0,ctl,ok,0,0,5.8,40.4
mpg,0.0,4,qpsk-r1/2,w,9,1,0,data,ok,8,8,4.0,40.4
mpg,0.0,4,ack-1f,w,2,2,0,ctl,ok,0,0,-0.9,40.4
mpg,0.0,4,qpsk-r1/2,w,9,1,0,data,ok,8,8,4.3,40.4
mpg,0.0,4,ack-4f,w,2,2,0,ctl,ok,0,0,-3.4,40.4
mpg,0.0,4,qpsk-r1/2,w,9,1,0,data,ctl_lost,8,0,-1.1,40.4
mpg,0.0,4,ack-4f,w,3,3,0,ctl,ok,0,0,-1.0,40.4
mpg,0.0,4,ack-4f,w,3,3,0,ctl,ok,0,0,-3.4,40.4
mpg,0.0,4,qpsk-r1/3,w,9,2,1,data,ok,7,7,6.8,40.4
mpg,0.0,4,n10-ack-4f,n10,2,2,0,ctl,ok,0,0,4.8,40.4
mpg,0.0,4,qpsk-r1/2,w,9,1,0,data,ctl_lost,8,0,-0.1,40.4
mpg,0.0,4,ack-4f,w,3,3,0,ctl,ok,0,0,5.5,40.4
mpg,0.0,4,ack-4f,w,2,2,0,ctl,ok,0,0,5.5,40.4
mpg,0.0,4,qpsk-r1/3,w,9,1,0,data,ok,8,6,-0.5,40.4
mpg,0.0,4,ack-1f,w,3,3,0,ctl,ok,0,0,3.4,40.4
mpg,0.0,4,qpsk-r1/3,w,9,1,0,data,ok,6,6,3.0,40.4
mpg,0.0,4,ack-4f,w,2,2,,ctl,missed,0,0,,40.4
mpg,0.0,4,ack-4f,w,3,3,0,ctl,ok,0,0,-0.2,40.4
mpg,0.0,4,ack-4f,w,2,2,0,ctl,ok,0,0,6.1,40.4
mpg,0.0,4,qpsk-r1/3,w,9,1,0,data,ok,8,8,3.9,40.4
mpg,0.0,4,ack-1f,w,2,2,0,ctl,ok,0,0,7.8,40.4
mpg,0.0,4,qpsk-r1/3,w,9,1,0,data,ok,8,8,5.5,40.4
mpg,0.0,4,ack-1f,w,3,3,0,ctl,ok,0,0,5.4,40.4
mpg,0.0,4,qpsk-r1/2,w,9,2,1,data,ok,7,7,1.8,40.4
mpg,0.0,4,ack-1f,w,3,3,0,ctl,ok,0,0,2.2,40.4
mpg,0.0,4,qpsk-r1/2,w,9,2,1,data,ok,7,7,6.0,40.4
mpg,0.0,4,ack-4f,w,3,3,0,ctl,ok,0,0,3.6,40.4
mpg,0.0,4,qpsk-r1/2,w,9,2,1,data,ok,7,7,2.6,40.4
mpg,0.0,4,ack-4f,w,2,2,0,ctl,ok,0,0,-0.7,40.4
mpg,0.0,4,qpsk-r1/2,w,9,1,0,data,ok,8,5,2.7,40.4
mpg,0.0,4,ack-4f,w,3,3,0,ctl,ok,0,0,2.1,40.4
mpg,0.0,4,qpsk-r1/2,w,9,2,1,data,ok,4,4,4.5,40.4
mpg,0.0,4,ack-4f,w,3,3,0,ctl,ok,0,0,8.2,40.4
mpg,0.0,4,qpsk-r1/2,w,9,2,1,data,ok,7,7,4.3,40.4
mpg,0.0,4,ack-1f,w,2,2,0,ctl,ok,0,0,3.1,40.4
mpg,0.0,4,qpsk-r1/2,w,9,1,0,data,ok,8,8,2.4,40.4
mpg,0.0,4,ack-1f,w,2,2,0,ctl,ok,0,0,5.2,40.4
mpg,0.0,4,qpsk-r1/2,w,9,1,0,data,ok,8,8,7.8,40.4
mpg,0.0,4,ack-1f,w,3,3,0,ctl,ok,0,0,6.8,40.4
mpg,0.0,4,w48-qpsk-r1/3,w48,19,2,1,data,ok,17,0,1.7,40.4
mpg,0.0,4,ack-1f,w,4,4,0,ctl,ok,0,0,4.3,40.4
mpg,0.0,4,w48-qpsk-r1/2,w48,19,2,1,data,ok,17,16,5.9,40.4
mpg,0.0,0,qpsk-r1/5,w,1,1,0,ctl,ok,0,0,2.3,43.4
mpg,0.0,0,qpsk-r1/5,w,1,1,0,ctl,ok,0,0,5.2,43.4
mpg,0.0,0,ack-4f,w,3,3,0,ctl,ok,0,0,5.9,43.4
mpg,0.0,0,ack-1f,w,3,3,0,ctl,ok,0,0,2.6,43.4
mpg,0.0,0,qpsk-r1/2,w,9,2,1,data,ctl_lost,7,0,-3.7,43.4
mpg,0.0,0,ack-4f,w,3,3,0,ctl,ok,0,0,-1.0,43.4
mpg,0.0,0,ack-4f,w,3,3,0,ctl,ok,0,0,0.3,43.4
mpg,0.0,0,qpsk-r1/5,w,9,2,1,data,ok,7,7,7.9,43.4
mpg,0.0,0,ack-1f,w,3,3,0,ctl,ok,0,0,6.7,43.4
mpg,0.0,0,16qam-r1/3,w,19,2,1,data,ctl_lost,17,0,0.3,43.4
mpg,0.0,0,ack-4f,w,3,3,0,ctl,ok,0,0,4.4,43.4
mpg,0.0,0,ack-4f,w,3,3,0,ctl,ok,0,0,-3.5,43.4
mpg,0.0,0,w48-qpsk-r1/5,w48,19,2,1,data,ok,17,17,2.9,43.4
mpg,0.0,0,ack-1f,w,2,2,0,ctl,ctl_lost,0,0,-22.4,43.4
mpg,0.0,0,ack-4f,w,4,4,0,ctl,ok,0,0,1.3,43.4
mpg,0.0,0,ack-4f,w,3,3,0,ctl,ok,0,0,-3.0,43.4
mpg,0.0,0,w48-qpsk-r1/5,w48,19,2,1,data,ok,17,17,4.4,43.4
mpg,0.0,0,n4-ack-8f,n4,3,3,0,ctl,ok,0,0,0.5,43.4
mpg,0.0,0,w48-qpsk-r1/2,w48,19,2,1,data,ctl_lost,17,0,-0.5,43.4
mpg,0.0,0,ack-4f,w,3,3,0,ctl,ok,0,0,-0.7,43.4
mpg,0.0,0,ack-4f,w,3,3,0,ctl,ok,0,0,1.9,43.4
mpg,0.0,0,qpsk-r1/3,w,9,2,1,data,ok,7,7,7.5,43.4
mpg,0.0,0,ack-4f,w,2,2,0,ctl,ok,0,0,1.2,43.4
mpg,0.0,0,w48-qpsk-r1/5,w48,19,1,0,data,ok,18,18,1.9,43.4
mpg,0.0,0,ack-4f,w,2,2,0,ctl,ok,0,0,1.8,43.4
mpg,0.0,0,w48-qpsk-r1/5,w48,19,1,0,data,ok,18,18,3.2,43.4
mpg,0.0,0,ack-4f,w,2,2,0,ctl,ok,0,0,-3.0,43.4
mpg,0.0,0,w48-qpsk-r1/5,w48,19,1,,data,missed,0,0,,43.4
mpg,0.0,0,ack-4f,w,2,2,0,ctl,ok,0,0,3.7,43.4
mpg,0.0,0,ack-4f,w,2,2,0,ctl,ok,0,0,2.1,43.4
mpg,0.0,0,w48-qpsk-r1/5,w48,19,1,0,data,ok,18,18,1.0,43.4
mpg,0.0,0,ack-4f,w,3,3,0,ctl,ok,0,0,5.0,43.4
mpg,0.0,0,w48-qpsk-r1/5,w48,19,2,1,data,ok,17,17,2.9,43.4
mpg,0.0,0,n4-ack-2f,n4,2,2,0,ctl,ok,0,0,10.4,43.4
mpg,0.0,0,w48-qpsk-r1/5,w48,19,1,0,data,ok,18,18,3.7,43.4
mpg,0.0,0,ack-1f,w,3,3,0,ctl,ok,0,0,2.9,43.4
mpg,0.0,0,w48-qpsk-r1/3,w48,19,2,1,data,ok,17,17,2.1,43.4
mpg,0.0,0,ack-1f,w,3,3,0,ctl,ok,0,0,1.8,43.4
mpg,0.0,0,w48-qpsk-r1/3,w48,19,2,1,data,ok,17,17,3.9,43.4
mpg,0.0,0,ack-4f,w,3,3,0,ctl,ok,0,0,5.7,43.4
mpg,0.0,0,w48-qpsk-r1/3,w48,19,2,1,data,ok,17,12,1.9,43.4
mpg,0.0,0,ack-1f,w,4,4,0,ctl,ok,0,0,3.5,43.4
mpg,0.0,0,w48-qpsk-r1/3,w48,19,2,1,data,ok,12,12,4.3,43.4
mpg,0.0,0,ack-1f,w,3,3,0,ctl,ctl_lost,0,0,-4.6,43.4
mpg,0.0,0,ack-4f,w,3,3,0,ctl,ok,0,0,2.8,43.4
mpg,0.0,0,ack-4f,w,3,3,0,ctl,ok,0,0,8.0,43.4
mpg,0.0,0,w48-qpsk-r1/3,w48,19,2,1,data,ctl_lost,17,0,-0.4,43.4
mpg,0.0,0,ack-4f,w,3,3,0,ctl,ok,0,0,1.5,43.4
mpg,0.0,0,ack-4f,w,3,3,0,ctl,ok,0,0,-0.8,43.4
mpg,0.0,0,w48-qpsk-r1/5,w48,19,2,1,data,ok,17,8,-0.8,43.4
mpg,0.0,0,ack-4f,w,3,3,0,ctl,ok,0,0,5.3,43.4
mpg,0.0,0,w48-qpsk-r1/5,w48,19,2,1,data,ok,8,8,3.2,43.4
mpg,0.0,0,n4-ack-2f,n4,3,3,0,ctl,ok,0,0,2.9,43.4
mpg,0.0,0,w48-qpsk-r1/5,w48,19,2,1,data,ok,17,17,3.9,43.4
mpg,0.0,0,n4-ack-2f,n4,3,3,0,ctl,ok,0,0,4.8,43.4
mpg,0.0,0,w48-qpsk-r1/3,w48,19,2,1,data,ok,17,17,2.7,43.4
mpg,0.0,0,n4-ack-2f,n4,3,3,0,ctl,ok,0,0,-0.7,43.4
mpg,0.0,0,w48-qpsk-r1/3,w48,19,2,1,data,ok,17,17,3.3,43.4
mpg,0.0,0,ack-4f,w,3,3,0,ctl,ok,0,0,6.6,43.4
mpg,0.0,0,w48-qpsk-r1/3,w48,19,2,1,data,ok,17,17,3.5,43.4
mpg,0.0,0,n4-ack-2f,n4,3,3,0,ctl,ok,0,0,0.9,43.4
mpg,0.0,0,w48-qpsk-r1/3,w48,19,2,1,data,ok,17,17,3.5,43.4
mpg,0.0,0,n4-ack-2f,n4,3,3,0,ctl,ok,0,0,3.9,43.4
mpg,0.0,0,w48-qpsk-r1/3,w48,19,2,1,data,ok,17,14,1.8,43.4
mpg,0.0,0,n4-ack-2f,n4,4,4,0,ctl,ctl_lost,0,0,-8.2,43.4
mpg,0.0,0,ack-4f,w,3,3,,ctl,missed,0,0,,43.4
mpg,0.0,0,ack-4f,w,3,3,0,ctl,ok,0,0,8.5,43.4
mpg,0.0,0,ack-4f,w,3,3,0,ctl,ok,0,0,6.4,43.4
mpg,0.0,0,w48-qpsk-r1/3,w48,19,1,0,data,ctl_lost,18,0,-1.4,43.4
mpg,0.0,0,ack-4f,w,3,3,0,ctl,ok,0,0,-5.8,43.4
mpg,0.0,0,ack-4f,w,4,4,0,ctl,ok,0,0,-2.2,43.4
mpg,0.0,0,w48-qpsk-r1/3,w48,19,2,1,data,ok,17,17,2.2,43.4
mpg,0.0,0,ack-4f,w,3,3,0,ctl,ok,0,0,7.4,43.4
mpg,0.0,0,w48-qpsk-r1/5,w48,19,2,1,data,ok,17,17,1.4,43.4
mpg,0.0,0,n4-ack-2f,n4,3,3,0,ctl,ok,0,0,8.1,43.4
mpg,0.0,0,w48-qpsk-r1/3,w48,19,2,1,data,ok,17,17,5.1,43.4
mpg,0.0,0,ack-1f,w,2,2,0,ctl,ok,0,0,9.5,43.4
mpg,0.0,0,w48-qpsk-r1/3,w48,19,1,0,data,ok,18,18,2.9,43.4
mpg,0.0,0,ack-1f,w,3,3,0,ctl,ok,0,0,-0.2,43.4
mpg,0.0,0,w48-qpsk-r1/3,w48,19,2,1,data,ok,17,0,1.8,43.4
mpg,0.0,0,ack-4f,w,3,3,0,ctl,ok,0,0,2.6,43.4
mpg,0.0,0,w48-qpsk-r1/3,w48,19,2,1,data,ok,0,0,4.5,43.4
mpg,0.0,0,ack-4f,w,2,2,0,ctl,ok,0,0,6.3,43.4
mpg,0.0,0,w48-qpsk-r1/3,w48,19,1,0,data,ctl_lost,18,0,0.5,43.4
mpg,0.0,0,ack-4f,w,3,3,0,ctl,ok,0,0,8.3,43.4
mpg,0.0,0,ack-4f,w,3,3,0,ctl,ok,0,0,7.8,43.4
mpg,0.0,0,w48-qpsk-r1/3,w48,19,2,1,data,ctl_lost,17,0,-0.2,43.4
mpg,0.0,0,ack-4f,w,3,3,0,ctl,ok,0,0,6.1,43.4
mpg,0.0,0,ack-4f,w,2,2,0,ctl,ok,0,0,4.1,43.4
mpg,0.0,0,w48-qpsk-r1/5,w48,19,1,0,data,ok,18,18,2.4,43.4
mpg,0.0,0,n4-ack-2f,n4,2,2,0,ctl,ok,0,0,4.4,43.4
mpg,0.0,0,w48-qpsk-r1/5,w48,19,1,0,data,ctl_lost,18,0,-1.8,43.4
mpg,0.0,0,ack-4f,w,3,3,0,ctl,ok,0,0,4.0,43.4
mpg,0.0,0,ack-4f,w,3,3,0,ctl,ok,0,0,3.3,43.4
mpg,0.0,0,w48-qpsk-r1/5,w48,19,2,1,data,ok,17,17,5.0,43.4
mpg,0.0,5,qpsk-r1/5,w,1,1,0,ctl,ok,0,0,4.6,40.0
mpg,0.0,5,qpsk-r1/5,w,1,1,0,ctl,ok,0,0,6.3,40.0
mpg,0.0,5,ack-4f,w,3,3,0,ctl,ok,0,0,3.6,40.0
mpg,0.0,5,ack-1f,w,2,2,0,ctl,ctl_lost,0,0,-5.1,40.0
mpg,0.0,5,ack-4f,w,3,3,0,ctl,ok,0,0,3.0,40.0
mpg,0.0,5,ack-4f,w,3,3,0,ctl,ok,0,0,0.5,40.0
mpg,0.0,5,w48-qpsk-r1/2,w48,19,2,1,data,ok,17,1,4.1,40.0
mpg,0.0,5,ack-4f,w,4,4,0,ctl,ok,0,0,6.0,40.0
mpg,0.0,5,w48-qpsk-r1/2,w48,19,2,1,data,ok,1,0,1.8,40.0
mpg,0.0,5,ack-1f,w,3,3,0,ctl,ok,0,0,1.5,40.0
mpg,0.0,5,w48-qpsk-r1/2,w48,19,2,1,data,ctl_lost,16,0,2.1,40.0
mpg,0.0,5,ack-4f,w,3,3,0,ctl,ok,0,0,1.0,40.0
mpg,0.0,5,ack-4f,w,3,3,0,ctl,ok,0,0,6.1,40.0
mpg,0.0,5,qpsk-r1/2,w,9,2,1,data,ok,7,7,6.4,40.0
mpg,0.0,5,ack-1f,w,3,3,0,ctl,ok,0,0,3.9,40.0
mpg,0.0,5,qpsk-r1/2,w,9,2,1,data,ok,7,7,4.3,40.0
mpg,0.0,5,ack-1f,w,3,3,0,ctl,ctl_lost,0,0,-2.1,40.0
mpg,0.0,5,ack-4f,w,3,3,0,ctl,ok,0,0,3.6,40.0
mpg,0.0,5,ack-4f,w,3,3,0,ctl,ok,0,0,5.7,40.0
mpg,0.0,5,qpsk-r1/2,w,9,2,1,data,ok,7,7,4.9,40.0
mpg,0.0,5,ack-1f,w,2,2,0,ctl,ok,0,0,3.4,40.0
mpg,0.0,5,qpsk-r1/2,w,9,1,0,data,ok,8,8,3.4,40.0
mpg,0.0,5,ack-1f,w,2,2,0,ctl,ok,0,0,5.4,40.0
mpg,0.0,5,qpsk-r1/2,w,9,1,0,data,ctl_lost,8,0,0.7,40.0
mpg,0.0,5,ack-4f,w,3,3,0,ctl,ok,0,0,-0.8,40.0
mpg,0.0,5,ack-4f,w,2,2,0,ctl,ok,0,0,0.1,40.0
mpg,0.0,5,qpsk-r1/5,w,9,1,0,data,ok,8,8,0.7,40.0
mpg,0.0,5,ack-1f,w,2,2,0,ctl,ok,0,0,3.8,40.0
mpg,0.0,5,qpsk-r1/5,w,9,1,0,data,ok,8,8,-1.7,40.0
mpg,0.0,5,ack-1f,w,2,2,0,ctl,ok,0,0,5.5,40.0
mpg,0.0,5,qpsk-r1/5,w,9,1,0,data,ok,8,8,2.0,40.0
mpg,0.0,5,ack-1f,w,2,2,0,ctl,ok,0,0,-1.4,40.0
mpg,0.0,5,qpsk-r1/5,w,9,1,0,data,ok,8,8,2.3,40.0
mpg,0.0,5,ack-1f,w,3,3,,ctl,missed,0,0,,40.0
mpg,0.0,5,ack-4f,w,3,3,0,ctl,ok,0,0,-1.0,40.0
mpg,0.0,5,ack-4f,w,3,3,0,ctl,ok,0,0,4.3,40.0
mpg,0.0,5,qpsk-r1/3,w,9,2,1,data,ok,7,7,2.8,40.0
mpg,0.0,5,ack-1f,w,3,3,0,ctl,ok,0,0,5.2,40.0
mpg,0.0,5,qpsk-r1/3,w,9,2,1,data,ok,7,7,3.2,40.0
mpg,0.0,5,ack-1f,w,3,3,0,ctl,ok,0,0,-0.4,40.0
mpg,0.0,5,w48-qpsk-r1/5,w48,19,2,1,data,ok,17,1,-2.1,40.0
mpg,0.0,5,ack-1f,w,3,3,0,ctl,ok,0,0,0.8,40.0
mpg,0.0,5,qpsk-r1/3,w,9,2,1,data,ok,7,7,2.1,40.0
mpg,0.0,5,ack-4f,w,2,2,0,ctl,ok,0,0,-1.9,40.0
mpg,0.0,5,qpsk-r1/3,w,9,1,0,data,ok,8,8,3.0,40.0
mpg,0.0,5,ack-4f,w,3,3,0,ctl,ok,0,0,4.8,40.0
mpg,0.0,5,w48-qpsk-r1/5,w48,19,2,1,data,ok,17,17,1.5,40.0
mpg,0.0,5,ack-1f,w,3,3,0,ctl,ok,0,0,5.0,40.0
mpg,0.0,5,qpsk-r1/2,w,9,2,1,data,ok,7,7,3.6,40.0
mpg,0.0,5,ack-1f,w,3,3,0,ctl,ok,0,0,4.2,40.0
mpg,0.0,5,qpsk-r1/2,w,9,2,1,data,ok,7,7,5.7,40.0
mpg,0.0,5,ack-1f,w,2,2,0,ctl,ok,0,0,5.1,40.0
mpg,0.0,5,qpsk-r1/2,w,9,1,0,data,ok,8,8,4.6,40.0
mpg,0.0,5,ack-1f,w,3,3,0,ctl,ctl_lost,0,0,-9.5,40.0
mpg,0.0,5,ack-4f,w,3,3,0,ctl,ok,0,0,-4.0,40.0
mpg,0.0,5,ack-4f,w,3,3,0,ctl,ok,0,0,7.0,40.0
mpg,0.0,5,qpsk-r1/2,w,9,2,1,data,ok,7,7,6.1,40.0
mpg,0.0,5,ack-1f,w,3,3,0,ctl,ok,0,0,8.4,40.0
mpg,0.0,5,qpsk-r1/2,w,9,2,1,data,ok,7,7,5.5,40.0
mpg,0.0,5,ack-1f,w,3,3,0,ctl,ok,0,0,1.1,40.0
mpg,0.0,5,w48-qpsk-r1/2,w48,19,2,1,data,ctl_lost,17,0,0.6,40.0
mpg,0.0,5,ack-4f,w,3,3,0,ctl,ok,0,0,2.1,40.0
mpg,0.0,5,ack-4f,w,3,3,0,ctl,ok,0,0,5.0,40.0
mpg,0.0,5,qpsk-r1/2,w,9,2,1,data,ok,7,7,4.5,40.0
mpg,0.0,5,ack-1f,w,2,2,0,ctl,ok,0,0,3.5,40.0
mpg,0.0,5,qpsk-r1/2,w,9,1,0,data,ok,8,6,1.5,40.0
mpg,0.0,5,ack-1f,w,3,3,0,ctl,ok,0,0,2.6,40.0
mpg,0.0,5,qpsk-r1/2,w,9,1,0,data,ok,6,6,4.1,40.0
mpg,0.0,5,ack-1f,w,3,3,0,ctl,ok,0,0,4.8,40.0
mpg,0.0,5,qpsk-r1/2,w,9,2,1,data,ok,7,0,1.0,40.0
mpg,0.0,5,ack-1f,w,3,3,0,ctl,ok,0,0,2.6,40.0
mpg,0.0,5,qpsk-r1/2,w,9,2,1,data,ok,0,0,3.9,40.0
mpg,0.0,5,ack-1f,w,3,3,0,ctl,ok,0,0,6.7,40.0
mpg,0.0,5,qpsk-r1/2,w,9,2,1,data,ok,7,7,6.0,40.0
mpg,0.0,5,ack-1f,w,3,3,0,ctl,ok,0,0,5.1,40.0
mpg,0.0,5,w48-qpsk-r1/3,w48,19,2,1,data,ok,17,17,2.9,40.0
mpg,0.0,5,ack-1f,w,3,3,0,ctl,ok,0,0,0.6,40.0
mpg,0.0,5,w48-qpsk-r1/2,w48,19,2,1,data,ctl_lost,17,0,0.4,40.0
mpg,0.0,5,ack-4f,w,3,3,0,ctl,ok,0,0,-1.2,40.0
mpg,0.0,5,ack-4f,w,3,3,0,ctl,ok,0,0,1.5,40.0
mpg,0.0,5,qpsk-r1/2,w,9,2,1,data,ok,7,7,5.8,40.0
mpg,0.0,5,ack-1f,w,2,2,0,ctl,ok,0,0,2.6,40.0
mpg,0.0,5,qpsk-r1/2,w,9,1,0,data,ok,8,8,3.0,40.0
mpg,0.0,5,ack-1f,w,2,2,0,ctl,ok,0,0,8.1,40.0
mpg,0.0,5,qpsk-r1/2,w,9,1,0,data,ctl_lost,8,6,1.9,40.0
mpg,0.0,5,ack-4f,w,3,3,0,ctl,ok,0,0,5.7,40.0
mpg,0.0,5,ack-4f,w,2,2,0,ctl,ok,0,0,5.3,40.0
mpg,0.0,5,qpsk-r1/2,w,9,1,0,data,ok,8,8,4.5,40.0
mpg,0.0,5,ack-1f,w,2,2,0,ctl,ok,0,0,7.9,40.0
mpg,0.0,5,qpsk-r1/2,w,9,1,0,data,ok,8,8,4.9,40.0
mpg,0.0,5,ack-1f,w,2,2,0,ctl,ctl_lost,0,0,-2.0,40.0
mpg,0.0,5,ack-4f,w,3,3,0,ctl,ok,0,0,-3.8,40.0
mpg,0.0,5,ack-4f,w,3,3,0,ctl,ok,0,0,1.3,40.0
mpg,0.0,5,qpsk-r1/2,w,9,2,1,data,ok,7,0,-0.1,40.0
mpg,0.0,5,ack-4f,w,3,3,0,ctl,ok,0,0,6.5,40.0
mpg,0.0,5,qpsk-r1/3,w,9,2,1,data,ok,7,7,3.0,40.0
mpg,0.0,5,ack-1f,w,3,3,0,ctl,ok,0,0,4.2,40.0
mpg,0.0,5,qpsk-r1/2,w,9,2,1,data,ok,7,7,6.4,40.0
mpg,0.0,5,ack-1f,w,2,2,0,ctl,ok,0,0,4.7,40.0
mpg,0.0,5,qpsk-r1/2,w,9,1,0,data,ctl_lost,8,4,1.6,40.0
mpg,0.0,8,qpsk-r1/5,w,1,1,0,ctl,ok,0,0,3.8,42.9
mpg,0.0,8,qpsk-r1/5,w,1,1,0,ctl,ok,0,0,2.7,42.9
mpg,0.0,8,ack-4f,w,3,3,0,ctl,ok,0,0,0.2,42.9
mpg,0.0,8,ack-1f,w,3,3,0,ctl,ok,0,0,5.5,42.9
mpg,0.0,8,qpsk-r1/3,w,9,2,1,data,ok,7,7,2.6,42.9
mpg,0.0,8,ack-1f,w,3,3,0,ctl,ctl_lost,0,0,-9.5,42.9
mpg,0.0,8,ack-4f,w,3,3,0,ctl,ok,0,0,2.3,42.9
mpg,0.0,8,ack-4f,w,3,3,0,ctl,ok,0,0,4.3,42.9
mpg,0.0,8,qpsk-r1/3,w,9,2,1,data,ok,7,6,0.1,42.9
mpg,0.0,8,n4-ack-2f,n4,3,3,0,ctl,ok,0,0,0.5,42.9
mpg,0.0,8,qpsk-r1/3,w,9,2,1,data,ok,6,6,6.6,42.9
mpg,0.0,8,ack-4f,w,3,3,0,ctl,ok,0,0,1.8,42.9
mpg,0.0,8,w48-qpsk-r1/5,w48,19,2,1,data,ok,17,17,5.8,42.9
mpg,0.0,8,ack-4f,w,3,3,0,ctl,ok,0,0,4.7,42.9
mpg,0.0,8,w48-qpsk-r1/2,w48,19,2,1,data,ok,17,9,5.1,42.9
mpg,0.0,8,n4-ack-2f,n4,4,4,0,ctl,ok,0,0,3.4,42.9
mpg,0.0,8,w48-qpsk-r1/2,w48,19,2,1,data,ctl_lost,9,0,0.6,42.9
mpg,0.0,8,ack-4f,w,3,3,0,ctl,ok,0,0,2.0,42.9
mpg,0.0,8,ack-4f,w,4,4,0,ctl,ok,0,0,6.3,42.9
mpg,0.0,8,w48-qpsk-r1/2,w48,19,2,1,data,ok,9,0,2.2,42.9
mpg,0.0,8,ack-1f,w,3,3,0,ctl,ok,0,0,-1.3,42.9
mpg,0.0,8,qpsk-r1/2,w,9,2,1,data,ok,7,0,1.6,42.9
mpg,0.0,8,ack-4f,w,3,3,0,ctl,ok,0,0,7.3,42.9
mpg,0.0,8,qpsk-r1/2,w,9,2,1,data,ctl_lost,0,0,-0.0,42.9
mpg,0.0,8,ack-4f,w,3,3,0,ctl,ok,0,0,1.4,42.9
mpg,0.0,8,ack-4f,w,3,3,0,ctl,ok,0,0,3.4,42.9
mpg,0.0,8,qpsk-r1/3,w,9,2,1,data,ok,7,7,4.0,42.9
mpg,0.0,8,ack-1f,w,3,3,0,ctl,ok,0,0,2.6,42.9
mpg,0.0,8,w48-qpsk-r1/5,w48,19,2,1,data,ok,17,17,3.9,42.9
mpg,0.0,8,ack-4f,w,3,3,0,ctl,ok,0,0,10.0,42.9
mpg,0.0,8,w48-qpsk-r1/2,w48,19,2,1,data,ok,17,11,4.8,42.9
mpg,0.0,8,ack-1f,w,4,4,0,ctl,ok,0,0,3.4,42.9
mpg,0.0,8,w48-qpsk-r1/2,w48,19,2,1,data,ok,11,0,1.7,42.9
mpg,0.0,8,ack-1f,w,3,3,0,ctl,ok,0,0,4.7,42.9
mpg,0.0,8,w48-qpsk-r1/2,w48,19,2,1,data,ctl_lost,6,0,-0.1,42.9
mpg,0.0,8,ack-4f,w,2,2,,ctl,missed,0,0,,42.9
mpg,0.0,8,ack-4f,w,2,2,0,ctl,ok,0,0,2.7,42.9
mpg,0.0,8,ack-4f,w,3,3,0,ctl,ok,0,0,5.6,42.9
mpg,0.0,8,qpsk-r1/3,w,9,2,1,data,ok,7,7,2.7,42.9
mpg,0.0,8,ack-1f,w,2,2,0,ctl,ok,0,0,7.5,42.9
mpg,0.0,8,qpsk-r1/3,w,9,1,0,data,ok,8,8,2.8,42.9
mpg,0.0,8,ack-1f,w,3,3,0,ctl,ctl_lost,0,0,-5.8,42.9
mpg,0.0,8,ack-4f,w,3,3,0,ctl,ok,0,0,3.5,42.9
mpg,0.0,8,ack-4f,w,3,3,0,ctl,ok,0,0,4.9,42.9
mpg,0.0,8,w48-qpsk-r1/5,w48,19,2,1,data,ok,17,17,3.5,42.9
mpg,0.0,8,n4-ack-2f,n4,2,2,0,ctl,ok,0,0,4.7,42.9
mpg,0.0,8,w48-qpsk-r1/5,w48,19,1,0,data,ok,18,18,4.6,42.9
mpg,0.0,8,n4-ack-2f,n4,3,3,0,ctl,ok,0,0,4.6,42.9
mpg,0.0,8,w48-qpsk-r1/2,w48,19,2,1,data,ok,17,8,4.2,42.9
mpg,0.0,8,n4-ack-2f,n4,4,4,0,ctl,ok,0,0,5.7,42.9
mpg,0.0,8,w48-qpsk-r1/2,w48,19,2,1,data,ok,8,0,0.7,42.9
mpg,0.0,8,n4-ack-2f,n4,2,2,0,ctl,ok,0,0,1.7,42.9
mpg,0.0,8,w48-qpsk-r1/5,w48,19,1,0,data,ok,18,18,3.3,42.9
mpg,0.0,8,n4-ack-2f,n4,2,2,0,ctl,ok,0,0,9.7,42.9
mpg,0.0,8,w48-qpsk-r1/5,w48,19,1,0,data,ok,18,18,0.5,42.9
mpg,0.0,8,ack-1f,w,3,3,0,ctl,ok,0,0,1.5,42.9
mpg,0.0,8,w48-qpsk-r1/5,w48,19,2,1,data,ok,17,17,0.9,42.9
mpg,0.0,8,ack-1f,w,3,3,0,ctl,ok,0,0,3.8,42.9
mpg,0.0,8,w48-qpsk-r1/5,w48,19,2,1,data,ok,17,17,1.9,42.9
mpg,0.0,8,ack-4f,w,3,3,0,ctl,ok,0,0,-0.6,42.9
mpg,0.0,8,w48-qpsk-r1/5,w48,19,2,1,data,ok,17,17,2.2,42.9
mpg,0.0,8,ack-4f,w,2,2,0,ctl,ok,0,0,2.7,42.9
mpg,0.0,8,w48-qpsk-r1/5,w48,19,1,,data,missed,0,0,,42.9
mpg,0.0,8,ack-4f,w,3,3,0,ctl,ok,0,0,4.6,42.9
mpg,0.0,8,ack-4f,w,2,2,0,ctl,ok,0,0,-1.0,42.9
mpg,0.0,8,w48-qpsk-r1/5,w48,19,1,0,data,ok,18,18,0.4,42.9
mpg,0.0,8,ack-4f,w,2,2,0,ctl,ok,0,0,7.4,42.9
mpg,0.0,8,w48-qpsk-r1/5,w48,19,1,0,data,ok,18,18,2.4,42.9
mpg,0.0,8,n4-ack-2f,n4,2,2,0,ctl,ok,0,0,6.8,42.9
mpg,0.0,8,w48-qpsk-r1/5,w48,19,1,0,data,ok,18,18,2.2,42.9
mpg,0.0,8,ack-1f,w,2,2,0,ctl,ok,0,0,0.9,42.9
mpg,0.0,8,w48-qpsk-r1/5,w48,19,1,0,data,ok,18,18,2.3,42.9
mpg,0.0,8,n4-ack-2f,n4,2,2,,ctl,missed,0,0,,42.9
mpg,0.0,8,ack-4f,w,2,2,0,ctl,ok,0,0,-2.3,42.9
mpg,0.0,8,ack-4f,w,3,3,0,ctl,ok,0,0,-2.3,42.9
mpg,0.0,8,w48-qpsk-r1/5,w48,19,2,1,data,ok,17,17,1.0,42.9
mpg,0.0,8,ack-4f,w,3,3,0,ctl,ok,0,0,-3.0,42.9
mpg,0.0,8,w48-qpsk-r1/5,w48,19,2,1,data,ok,17,17,4.2,42.9
mpg,0.0,8,n10-ack-4f,n10,2,2,0,ctl,ok,0,0,1.4,42.9
mpg,0.0,8,w48-qpsk-r1/5,w48,19,1,0,data,ok,18,18,2.4,42.9
mpg,0.0,8,ack-4f,w,2,2,0,ctl,ok,0,0,1.1,42.9
mpg,0.0,8,w48-qpsk-r1/5,w48,19,1,0,data,ok,18,17,-0.4,42.9
mpg,0.0,8,ack-4f,w,3,3,0,ctl,ok,0,0,0.1,42.9
mpg,0.0,8,w48-qpsk-r1/5,w48,19,1,0,data,ctl_lost,17,0,-1.2,42.9
mpg,0.0,8,ack-4f,w,2,2,0,ctl,ok,0,0,0.3,42.9
mpg,0.0,8,ack-4f,w,3,3,0,ctl,ok,0,0,0.6,42.9
mpg,0.0,8,w48-qpsk-r1/5,w48,19,2,1,data,ok,16,16,1.1,42.9
mpg,0.0,8,ack-4f,w,3,3,0,ctl,ok,0,0,5.1,42.9
mpg,0.0,8,w48-qpsk-r1/5,w48,19,2,1,data,ok,17,17,2.3,42.9
mpg,0.0,8,n4-ack-2f,n4,2,2,0,ctl,ok,0,0,7.1,42.9
mpg,0.0,8,w48-qpsk-r1/5,w48,19,1,0,data,ok,18,18,0.4,42.9
mpg,0.0,8,ack-1f,w,2,2,0,ctl,ok,0,0,6.1,42.9
mpg,0.0,8,w48-qpsk-r1/5,w48,19,1,0,data,ok,18,18,1.1,42.9
mpg,0.0,8,ack-1f,w,3,3,0,ctl,ok,0,0,5.0,42.9
mpg,0.0,8,w48-qpsk-r1/5,w48,19,2,1,data,ok,17,17,4.0,42.9
mpg,8.0,1,qpsk-r1/5,w,1,1,0,ctl,ok,0,0,11.8,167.0
mpg,8.0,1,qpsk-r1/5,w,1,1,0,ctl,ok,0,0,8.3,167.0
mpg,8.0,1,ack-4f,w,2,2,0,ctl,ok,0,0,6.1,167.0
mpg,8.0,1,ack-1f,w,2,2,0,ctl,ok,0,0,11.4,167.0
mpg,8.0,1,w48-qpsk-r1/2,w48,19,1,0,data,ok,18,18,10.8,167.0
mpg,8.0,1,ack-1f,w,3,3,0,ctl,ok,0,0,12.7,167.0
mpg,8.0,1,w48-16qam-r1/3,w48,19,2,1,data,ok,17,17,10.7,167.0
mpg,8.0,1,ack-1f,w,2,2,0,ctl,ok,0,0,15.3,167.0
mpg,8.0,1,w48-16qam-r1/3,w48,19,1,0,data,ok,18,18,9.3,167.0
mpg,8.0,1,ack-1f,w,2,2,0,ctl,ok,0,0,13.4,167.0
mpg,8.0,1,w48-16qam-r1/3,w48,19,1,0,data,ok,18,18,9.2,167.0
mpg,8.0,1,ack-1f,w,3,3,0,ctl,ok,0,0,5.6,167.0
mpg,8.0,1,w48-16qam-r1/3,w48,19,2,1,data,ok,17,17,9.1,167.0
mpg,8.0,1,ack-1f,w,2,2,0,ctl,ok,0,0,12.5,167.0
mpg,8.0,1,w48-16qam-r1/3,w48,19,1,0,data,ok,18,17,9.1,167.0
mpg,8.0,1,ack-1f,w,3,3,0,ctl,ok,0,0,12.3,167.0
mpg,8.0,1,w48-16qam-r1/3,w48,19,1,0,data,ok,17,17,9.2,167.0
mpg,8.0,1,ack-1f,w,2,2,0,ctl,ok,0,0,11.8,167.0
mpg,8.0,1,w48-16qam-r1/3,w48,19,1,0,data,ok,18,18,9.7,167.0
mpg,8.0,1,ack-1f,w,2,2,0,ctl,ok,0,0,9.3,167.0
mpg,8.0,1,w48-16qam-r1/3,w48,19,1,0,data,ok,18,18,7.5,167.0
mpg,8.0,1,ack-1f,w,3,3,0,ctl,ok,0,0,8.2,167.0
mpg,8.0,1,w48-16qam-r1/3,w48,19,2,1,data,ok,17,17,8.7,167.0
mpg,8.0,1,ack-1f,w,2,2,0,ctl,ok,0,0,6.0,167.0
mpg,8.0,1,w48-16qam-r1/3,w48,19,1,0,data,ctl_lost,18,0,3.3,167.0
mpg,8.0,1,ack-4f,w,3,3,0,ctl,ok,0,0,6.7,167.0
mpg,8.0,1,ack-4f,w,3,3,0,ctl,ok,0,0,12.2,167.0
mpg,8.0,1,w48-qpsk-r1/3,w48,19,2,1,data,ok,17,17,6.8,167.0
mpg,8.0,1,ack-1f,w,3,3,0,ctl,ok,0,0,10.6,167.0
mpg,8.0,1,w48-qpsk-r1/2,w48,19,2,1,data,ok,17,17,10.4,167.0
mpg,8.0,1,ack-1f,w,3,3,0,ctl,ok,0,0,6.7,167.0
mpg,8.0,1,w48-16qam-r1/3,w48,19,2,1,data,ok,17,17,9.3,167.0
mpg,8.0,1,ack-1f,w,2,2,0,ctl,ok,0,0,10.2,167.0
mpg,8.0,1,w48-16qam-r1/3,w48,19,1,0,data,ok,18,18,7.5,167.0
mpg,8.0,1,ack-1f,w,3,3,0,ctl,ok,0,0,8.7,167.0
mpg,8.0,1,w48-16qam-r1/3,w48,19,2,1,data,ok,17,17,10.7,167.0
mpg,8.0,1,ack-1f,w,2,2,0,ctl,ok,0,0,14.9,167.0
mpg,8.0,1,w48-16qam-r1/3,w48,19,1,0,data,ok,18,18,11.3,167.0
mpg,8.0,1,ack-1f,w,2,2,0,ctl,ok,0,0,7.9,167.0
mpg,8.0,1,w48-16qam-r1/3,w48,19,1,0,data,ok,18,18,10.2,167.0
mpg,8.0,1,ack-1f,w,2,2,0,ctl,ok,0,0,12.1,167.0
mpg,8.0,1,w48-16qam-r1/3,w48,19,1,0,data,ok,18,18,8.5,167.0
mpg,8.0,1,ack-1f,w,2,2,0,ctl,ok,0,0,9.9,167.0
mpg,8.0,1,w48-16qam-r1/3,w48,19,1,0,data,ok,18,18,7.7,167.0
mpg,8.0,1,ack-1f,w,3,3,0,ctl,ok,0,0,9.7,167.0
mpg,8.0,1,w48-16qam-r1/3,w48,19,2,1,data,ok,17,17,9.3,167.0
mpg,8.0,1,ack-1f,w,2,2,0,ctl,ok,0,0,13.3,167.0
mpg,8.0,1,w48-16qam-r1/3,w48,19,1,0,data,ok,18,18,10.3,167.0
mpg,8.0,1,ack-1f,w,2,2,0,ctl,ok,0,0,8.8,167.0
mpg,8.0,1,w48-16qam-r1/3,w48,19,1,0,data,ok,18,18,11.7,167.0
mpg,8.0,1,ack-1f,w,2,2,0,ctl,ok,0,0,12.8,167.0
mpg,8.0,1,w48-16qam-r1/3,w48,19,1,0,data,ok,18,18,8.2,167.0
mpg,8.0,1,ack-1f,w,2,2,0,ctl,ok,0,0,7.6,167.0
mpg,8.0,1,w48-16qam-r1/3,w48,19,1,0,data,ok,18,18,10.2,167.0
mpg,8.0,1,ack-1f,w,2,2,0,ctl,ok,0,0,11.4,167.0
mpg,8.0,1,w48-16qam-r1/3,w48,19,1,0,data,ok,18,18,8.3,167.0
mpg,8.0,1,ack-1f,w,2,2,0,ctl,ok,0,0,8.9,167.0
mpg,8.0,1,w48-16qam-r1/3,w48,19,1,0,data,ok,18,18,8.9,167.0
mpg,8.0,1,ack-1f,w,2,2,0,ctl,ok,0,0,7.8,167.0
mpg,8.0,1,w48-16qam-r1/3,w48,19,1,0,data,ctl_lost,18,4,7.6,167.0
mpg,8.0,1,ack-4f,w,3,3,0,ctl,ok,0,0,7.3,167.0
mpg,8.0,1,ack-4f,w,3,3,0,ctl,ok,0,0,5.8,167.0
mpg,8.0,1,w48-qpsk-r1/2,w48,19,2,1,data,ok,17,17,11.2,167.0
mpg,8.0,1,ack-1f,w,2,2,0,ctl,ok,0,0,11.1,167.0
mpg,8.0,1,w48-16qam-r1/3,w48,19,1,0,data,ok,18,18,12.3,167.0
mpg,8.0,1,ack-1f,w,2,2,0,ctl,ok,0,0,11.2,167.0
mpg,8.0,1,w48-16qam-r1/3,w48,19,1,0,data,ok,18,18,13.6,167.0
mpg,8.0,1,ack-1f,w,3,3,0,ctl,ok,0,0,13.9,167.0
mpg,8.0,1,w48-16qam-r1/2,w48,19,2,1,data,ok,17,0,7.8,167.0
mpg,8.0,1,ack-1f,w,2,2,0,ctl,ok,0,0,9.2,167.0
mpg,8.0,1,w48-16qam-r1/3,w48,19,1,0,data,ok,18,18,10.7,167.0
mpg,8.0,1,ack-1f,w,2,2,0,ctl,ok,0,0,14.8,167.0
mpg,8.0,1,w48-16qam-r1/3,w48,19,1,0,data,ok,18,18,9.6,167.0
mpg,8.0,1,ack-1f,w,2,2,0,ctl,ok,0,0,9.2,167.0
mpg,8.0,1,w48-16qam-r1/3,w48,19,1,0,data,ok,18,18,8.2,167.0
mpg,8.0,1,ack-1f,w,3,3,0,ctl,ok,0,0,0.1,167.0
mpg,8.0,1,w48-16qam-r1/3,w48,19,2,,data,missed,0,0,,167.0
mpg,8.0,1,ack-4f,w,3,3,0,ctl,ok,0,0,7.6,167.0
mpg,8.0,1,ack-4f,w,2,2,0,ctl,ok,0,0,7.1,167.0
mpg,8.0,1,w48-qpsk-r1/2,w48,19,1,0,data,ok,18,18,10.6,167.0
mpg,8.0,1,ack-1f,w,2,2,0,ctl,ok,0,0,10.0,167.0
mpg,8.0,1,w48-16qam-r1/3,w48,19,1,0,data,ok,18,18,10.6,167.0
mpg,8.0,1,ack-1f,w,2,2,0,ctl,ok,0,0,7.7,167.0
mpg,8.0,1,w48-16qam-r1/3,w48,19,1,0,data,ok,18,18,8.8,167.0
mpg,8.0,1,ack-1f,w,3,3,0,ctl,ok,0,0,8.5,167.0
mpg,8.0,1,w48-16qam-r1/3,w48,19,2,1,data,ok,17,17,8.2,167.0
mpg,8.0,1,ack-1f,w,3,3,0,ctl,ok,0,0,5.0,167.0
mpg,8.0,1,w48-16qam-r1/3,w48,19,2,1,data,ok,17,17,9.6,167.0
mpg,8.0,1,ack-1f,w,2,2,0,ctl,ok,0,0,6.7,167.0
mpg,8.0,1,w48-16qam-r1/3,w48,19,1,0,data,ok,18,18,8.1,167.0
mpg,8.0,1,ack-1f,w,2,2,0,ctl,ok,0,0,10.3,167.0
mpg,8.0,1,w48-16qam-r1/3,w48,19,1,0,data,ok,18,17,7.6,167.0
mpg,8.0,1,ack-1f,w,4,4,0,ctl,ok,0,0,6.0,167.0
mpg,8.0,1,w48-16qam-r1/3,w48,19,2,1,data,ok,16,16,8.1,167.0
mpg,0.0,10,qpsk-r1/5,w,1,1,0,ctl,ok,0,0,6.8,38.2
mpg,0.0,10,qpsk-r1/5,w,1,1,0,ctl,ok,0,0,4.7,38.2
mpg,0.0,10,ack-4f,w,3,3,0,ctl,ok,0,0,5.6,38.2
mpg,0.0,10,ack-1f,w,3,3,0,ctl,ok,0,0,7.7,38.2
mpg,0.0,10,w48-qpsk-r1/2,w48,19,2,1,data,ok,17,17,5.3,38.2
mpg,0.0,10,ack-1f,w,3,3,0,ctl,ok,0,0,8.3,38.2
mpg,0.0,10,w48-qpsk-r1/2,w48,19,2,1,data,ctl_lost,17,0,0.3,38.2
mpg,0.0,10,ack-4f,w,2,2,0,ctl,ok,0,0,3.5,38.2
mpg,0.0,10,ack-4f,w,3,3,0,ctl,ok,0,0,2.0,38.2
mpg,0.0,10,w48-qpsk-r1/5,w48,19,2,1,data,ctl_lost,17,0,-0.9,38.2
mpg,0.0,10,ack-4f,w,4,4,0,ctl,ok,0,0,2.6,38.2
mpg,0.0,10,ack-4f,w,3,3,0,ctl,ok,0,0,-0.9,38.2
mpg,0.0,10,qpsk-r1/3,w,9,2,1,data,ok,7,7,0.4,38.2
mpg,0.0,10,ack-4f,w,3,3,0,ctl,ok,0,0,1.2,38.2
mpg,0.0,10,qpsk-r1/3,w,9,2,1,data,ok,7,7,4.5,38.2
mpg,0.0,10,ack-4f,w,2,2,0,ctl,ok,0,0,3.1,38.2
mpg,0.0,10,qpsk-r1/3,w,9,1,0,data,ok,8,8,1.8,38.2
mpg,0.0,10,ack-1f,w,3,3,0,ctl,ok,0,0,2.9,38.2
mpg,0.0,10,qpsk-r1/2,w,9,2,1,data,ok,7,7,3.3,38.2
mpg,0.0,10,ack-1f,w,3,3,0,ctl,ok,0,0,3.3,38.2
mpg,0.0,10,qpsk-r1/2,w,9,2,1,data,ok,7,0,0.7,38.2
mpg,0.0,10,ack-1f,w,3,3,0,ctl,ctl_lost,0,0,2.6,38.2
mpg,0.0,10,ack-4f,w,3,3,0,ctl,ok,0,0,4.1,38.2
mpg,0.0,10,ack-4f,w,3,3,0,ctl,ok,0,0,3.8,38.2
mpg,0.0,10,qpsk-r1/2,w,9,2,1,data,ok,7,7,4.2,38.2
mpg,0.0,10,n4-ack-2f,n4,2,2,0,ctl,ok,0,0,7.2,38.2
mpg,0.0,10,qpsk-r1/2,w,9,1,0,data,ok,8,8,1.4,38.2
mpg,0.0,10,ack-1f,w,3,3,0,ctl,ok,0,0,3.9,38.2
mpg,0.0,10,qpsk-r1/2,w,9,2,1,data,ok,7,7,3.8,38.2
mpg,0.0,10,ack-1f,w,3,3,0,ctl,ctl_lost,0,0,-5.1,38.2
mpg,0.0,10,ack-4f,w,3,3,0,ctl,ok,0,0,1.4,38.2
mpg,0.0,10,ack-4f,w,3,3,0,ctl,ok,0,0,2.8,38.2
mpg,0.0,10,qpsk-r1/2,w,9,2,1,data,ok,7,7,2.8,38.2
mpg,0.0,10,ack-4f,w,3,3,0,ctl,ok,0,0,1.6,38.2
mpg,0.0,10,qpsk-r1/2,w,9,2,1,data,ok,7,0,-0.3,38.2
mpg,0.0,10,n4-ack-2f,n4,3,3,0,ctl,ok,0,0,6.7,38.2
mpg,0.0,10,qpsk-r1/2,w,9,2,1,data,ok,0,0,2.3,38.2
mpg,0.0,10,n4-ack-2f,n4,3,3,0,ctl,ctl_lost,0,0,-8.1,38.2
mpg,0.0,10,ack-4f,w,3,3,0,ctl,ok,0,0,2.3,38.2
mpg,0.0,10,ack-4f,w,3,3,0,ctl,ok,0,0,-1.5,38.2
mpg,0.0,10,qpsk-r1/2,w,9,2,1,data,ok,7,0,1.9,38.2
mpg,0.0,10,n10-ack-4f,n10,2,2,0,ctl,ok,0,0,-5.8,38.2
mpg,0.0,10,qpsk-r1/2,w,9,1,0,data,ok,1,1,1.9,38.2
mpg,0.0,10,ack-4f,w,2,2,0,ctl,ok,0,0,4.4,38.2
mpg,0.0,10,qpsk-r1/2,w,9,1,0,data,ok,8,8,4.5,38.2
mpg,0.0,10,ack-4f,w,2,2,0,ctl,ok,0,0,9.8,38.2
mpg,0.0,10,qpsk-r1/2,w,9,1,0,data,ok,8,8,3.7,38.2
mpg,0.0,10,ack-1f,w,2,2,0,ctl,ok,0,0,3.0,38.2
mpg,0.0,10,qpsk-r1/2,w,9,1,0,data,ctl_lost,8,0,-0.3,38.2
mpg,0.0,10,ack-4f,w,3,3,0,ctl,ok,0,0,2.6,38.2
mpg,0.0,10,ack-4f,w,3,3,0,ctl,ok,0,0,1.9,38.2
mpg,0.0,10,qpsk-r1/2,w,9,2,1,data,ctl_lost,7,0,-1.1,38.2
mpg,0.0,10,ack-4f,w,3,3,0,ctl,ok,0,0,6.5,38.2
mpg,0.0,10,ack-4f,w,3,3,0,ctl,ok,0,0,3.7,38.2
mpg,0.0,10,qpsk-r1/2,w,9,2,1,data,ok,7,7,5.5,38.2
mpg,0.0,10,ack-4f,w,3,3,0,ctl,ok,0,0,3.5,38.2
mpg,0.0,10,w48-qpsk-r1/3,w48,19,2,1,data,ok,17,16,2.2,38.2
mpg,0.0,10,ack-4f,w,3,3,0,ctl,ok,0,0,4.1,38.2
mpg,0.0,10,w48-qpsk-r1/3,w48,19,2,1,data,ok,16,0,1.0,38.2
mpg,0.0,10,ack-4f,w,3,3,0,ctl,ok,0,0,4.6,38.2
mpg,0.0,10,qpsk-r1/2,w,9,2,1,data,ok,7,7,7.2,38.2
mpg,0.0,10,ack-4f,w,3,3,0,ctl,ok,0,0,0.6,38.2
mpg,0.0,10,w48-qpsk-r1/3,w48,19,2,1,data,ok,17,17,3.4,38.2
mpg,0.0,10,ack-4f,w,3,3,0,ctl,ok,0,0,-0.1,38.2
mpg,0.0,10,w48-qpsk-r1/3,w48,19,2,1,data,ok,17,17,4.3,38.2
mpg,0.0,10,ack-4f,w,3,3,0,ctl,ok,0,0,4.2,38.2
mpg,0.0,10,w48-qpsk-r1/3,w48,19,2,1,data,ctl_lost,17,0,-2.8,38.2
mpg,0.0,10,ack-4f,w,3,3,0,ctl,ok,0,0,1.3,38.2
mpg,0.0,10,ack-4f,w,3,3,0,ctl,ok,0,0,-1.8,38.2
mpg,0.0,10,qpsk-r1/3,w,9,2,1,data,ok,7,7,6.0,38.2
mpg,0.0,10,ack-4f,w,2,2,0,ctl,ok,0,0,0.0,38.2
mpg,0.0,10,qpsk-r1/2,w,9,1,0,data,ctl_lost,8,0,2.0,38.2
mpg,0.0,10,ack-4f,w,3,3,0,ctl,ok,0,0,5.6,38.2
mpg,0.0,10,ack-4f,w,3,3,0,ctl,ok,0,0,-1.6,38.2
mpg,0.0,10,qpsk-r1/2,w,9,2,,data,missed,0,0,,38.2
mpg,0.0,10,ack-4f,w,3,3,0,ctl,ok,0,0,6.7,38.2
mpg,0.0,10,ack-4f,w,3,3,0,ctl,ok,0,0,1.3,38.2
mpg,0.0,10,w48-qpsk-r1/3,w48,19,2,1,data,ok,17,17,2.1,38.2
mpg,0.0,10,ack-4f,w,3,3,0,ctl,ok,0,0,5.5,38.2
mpg,0.0,10,qpsk-r1/2,w,9,2,1,data,ok,7,7,2.4,38.2
mpg,0.0,10,ack-4f,w,3,3,0,ctl,ok,0,0,-1.8,38.2
mpg,0.0,10,qpsk-r1/2,w,9,2,1,data,ok,7,7,2.5,38.2
mpg,0.0,10,ack-4f,w,3,3,0,ctl,ok,0,0,2.2,38.2
mpg,0.0,10,qpsk-r1/2,w,9,2,1,data,ok,7,0,-0.6,38.2
mpg,0.0,10,ack-4f,w,2,2,0,ctl,ok,0,0,2.9,38.2
mpg,0.0,10,qpsk-r1/3,w,9,1,0,data,ok,8,8,2.8,38.2
mpg,0.0,10,ack-4f,w,2,2,0,ctl,ok,0,0,-1.3,38.2
mpg,0.0,10,qpsk-r1/3,w,9,1,0,data,ok,8,8,3.8,38.2
mpg,0.0,10,ack-4f,w,3,3,0,ctl,ok,0,0,4.6,38.2
mpg,0.0,10,qpsk-r1/2,w,9,2,1,data,ok,7,7,3.2,38.2
mpg,0.0,10,ack-4f,w,3,3,0,ctl,ok,0,0,6.8,38.2
mpg,0.0,10,qpsk-r1/2,w,9,2,1,data,ok,7,4,2.0,38.2
mpg,0.0,10,ack-1f,w,3,3,0,ctl,ok,0,0,3.5,38.2
mpg,0.0,10,qpsk-r1/2,w,9,2,1,data,ok,4,0,-0.7,38.2
mpg,0.0,10,ack-4f,w,3,3,0,ctl,ok,0,0,2.2,38.2
mpg,0.0,10,qpsk-r1/3,w,9,2,1,data,ok,7,7,3.3,38.2
mpg,0.0,2,qpsk-r1/5,w,1,1,0,ctl,ok,0,0,2.3,41.2
mpg,0.0,2,qpsk-r1/5,w,1,1,0,ctl,ok,0,0,3.8,41.2
mpg,0.0,2,ack-4f,w,3,3,0,ctl,ok,0,0,2.5,41.2
mpg,0.0,2,ack-1f,w,3,3,0,ctl,ok,0,0,1.5,41.2
mpg,0.0,2,qpsk-r1/2,w,9,2,1,data,ctl_lost,7,0,-0.7,41.2
mpg,0.0,2,ack-4f,w,3,3,0,ctl,ok,0,0,4.3,41.2
mpg,0.0,2,ack-4f,w,3,3,0,ctl,ok,0,0,5.6,41.2
mpg,0.0,2,qpsk-r1/3,w,9,2,1,data,ok,7,7,5.6,41.2
mpg,0.0,2,ack-1f,w,3,3,0,ctl,ok,0,0,0.6,41.2
mpg,0.0,2,qpsk-r1/2,w,9,2,1,data,ok,7,0,1.2,41.2
mpg,0.0,2,ack-1f,w,3,3,0,ctl,ok,0,0,4.8,41.2
mpg,0.0,2,w48-qpsk-r1/5,w48,19,2,1,data,ok,17,17,1.7,41.2
mpg,0.0,2,ack-1f,w,3,3,0,ctl,ok,0,0,6.4,41.2
mpg,0.0,2,w48-qpsk-r1/5,w48,19,2,1,data,ok,17,17,2.7,41.2
mpg,0.0,2,ack-1f,w,2,2,0,ctl,ok,0,0,5.8,41.2
mpg,0.0,2,w48-qpsk-r1/5,w48,19,1,0,data,ok,18,17,0.8,41.2
mpg,0.0,2,ack-1f,w,4,4,0,ctl,ok,0,0,6.5,41.2
mpg,0.0,2,w48-qpsk-r1/5,w48,19,2,1,data,ok,16,16,1.7,41.2
mpg,0.0,2,ack-1f,w,3,3,0,ctl,ok,0,0,-0.8,41.2
mpg,0.0,2,w48-qpsk-r1/5,w48,19,2,1,data,ok,17,16,-0.7,41.2
mpg,0.0,2,ack-1f,w,3,3,0,ctl,ok,0,0,0.2,41.2
mpg,0.0,2,w48-qpsk-r1/5,w48,19,2,1,data,ok,16,0,-0.8,41.2
mpg,0.0,2,ack-4f,w,3,3,0,ctl,ok,0,0,3.9,41.2
mpg,0.0,2,w48-qpsk-r1/5,w48,19,2,1,data,ok,1,1,0.9,41.2
mpg,0.0,2,ack-1f,w,3,3,0,ctl,ok,0,0,4.0,41.2
mpg,0.0,2,w48-qpsk-r1/5,w48,19,2,1,data,ok,17,17,2.1,41.2
mpg,0.0,2,ack-1f,w,2,2,0,ctl,ok,0,0,2.8,41.2
mpg,0.0,2,w48-qpsk-r1/5,w48,19,1,0,data,ok,18,18,5.9,41.2
mpg,0.0,2,ack-1f,w,3,3,0,ctl,ok,0,0,3.6,41.2
mpg,0.0,2,w48-qpsk-r1/2,w48,19,2,1,data,ok,17,0,3.8,41.2
mpg,0.0,2,ack-1f,w,3,3,0,ctl,ok,0,0,3.6,41.2
mpg,0.0,2,w48-qpsk-r1/2,w48,19,2,1,data,ok,0,0,5.5,41.2
mpg,0.0,2,ack-1f,w,3,3,0,ctl,ok,0,0,1.3,41.2
mpg,0.0,2,w48-qpsk-r1/2,w48,19,2,1,data,ok,17,0,2.8,41.2
mpg,0.0,2,ack-1f,w,3,3,0,ctl,ok,0,0,3.4,41.2
mpg,0.0,2,w48-qpsk-r1/2,w48,19,2,1,data,ok,0,0,3.9,41.2
mpg,0.0,2,ack-1f,w,3,3,0,ctl,ok,0,0,7.0,41.2
mpg,0.0,2,w48-qpsk-r1/2,w48,19,2,1,data,ok,17,0,2.8,41.2
mpg,0.0,2,ack-1f,w,2,2,0,ctl,ok,0,0,1.6,41.2
mpg,0.0,2,w48-qpsk-r1/5,w48,19,1,0,data,ok,18,18,3.6,41.2
mpg,0.0,2,ack-1f,w,2,2,0,ctl,ok,0,0,4.5,41.2
mpg,0.0,2,w48-qpsk-r1/5,w48,19,1,0,data,ctl_lost,18,0,-2.4,41.2
mpg,0.0,2,ack-4f,w,3,3,0,ctl,ok,0,0,-0.0,41.2
mpg,0.0,2,ack-4f,w,3,3,0,ctl,ok,0,0,1.5,41.2
mpg,0.0,2,qpsk-r1/5,w,9,2,1,data,ok,7,7,4.5,41.2
mpg,0.0,2,ack-1f,w,3,3,0,ctl,ok,0,0,1.5,41.2
mpg,0.0,2,w48-qpsk-r1/5,w48,19,2,1,data,ok,17,17,0.7,41.2
mpg,0.0,2,ack-1f,w,2,2,0,ctl,ok,0,0,4.6,41.2
mpg,0.0,2,w48-qpsk-r1/5,w48,19,1,0,data,ok,18,18,1.7,41.2
mpg,0.0,2,ack-1f,w,2,2,0,ctl,ctl_lost,0,0,-2.9,41.2
mpg,0.0,2,ack-4f,w,3,3,0,ctl,ok,0,0,-1.7,41.2
mpg,0.0,2,ack-4f,w,3,3,0,ctl,ok,0,0,-0.9,41.2
mpg,0.0,2,w48-qpsk-r1/5,w48,19,2,1,data,ok,17,17,2.0,41.2
mpg,0.0,2,ack-4f,w,3,3,0,ctl,ok,0,0,-5.3,41.2
mpg,0.0,2,w48-qpsk-r1/5,w48,19,2,1,data,ok,17,15,-0.5,41.2
mpg,0.0,2,n10-ack-4f,n10,3,3,0,ctl,ok,0,0,-1.4,41.2
mpg,0.0,2,w48-qpsk-r1/5,w48,19,2,1,data,ok,15,15,1.7,41.2
mpg,0.0,2,ack-4f,w,3,3,0,ctl,ok,0,0,-2.1,41.2
mpg,0.0,2,w48-qpsk-r1/5,w48,19,2,1,data,ok,17,17,5.0,41.2
mpg,0.0,2,ack-1f,w,2,2,0,ctl,ok,0,0,5.2,41.2
mpg,0.0,2,w48-qpsk-r1/5,w48,19,1,0,data,ok,18,18,2.8,41.2
mpg,0.0,2,ack-1f,w,3,3,0,ctl,ok,0,0,4.8,41.2
mpg,0.0,2,w48-qpsk-r1/2,w48,19,2,1,data,ctl_lost,17,0,0.8,41.2
mpg,0.0,2,ack-4f,w,3,3,0,ctl,ok,0,0,3.3,41.2
mpg,0.0,2,ack-4f,w,2,2,0,ctl,ok,0,0,5.3,41.2
mpg,0.0,2,w48-qpsk-r1/5,w48,19,1,0,data,ok,18,18,2.4,41.2
mpg,0.0,2,ack-1f,w,2,2,0,ctl,ok,0,0,4.1,41.2
mpg,0.0,2,w48-qpsk-r1/5,w48,19,1,0,data,ok,18,18,1.2,41.2
mpg,0.0,2,ack-1f,w,2,2,0,ctl,ok,0,0,5.4,41.2
mpg,0.0,2,w48-qpsk-r1/5,w48,19,1,0,data,ok,18,18,2.0,41.2
mpg,0.0,2,ack-1f,w,2,2,0,ctl,ok,0,0,-0.9,41.2
mpg,0.0,2,w48-qpsk-r1/5,w48,19,1,0,data,ctl_lost,18,0,-0.6,41.2
mpg,0.0,2,ack-4f,w,3,3,0,ctl,ok,0,0,2.6,41.2
mpg,0.0,2,ack-4f,w,3,3,0,ctl,ok,0,0,4.2,41.2
mpg,0.0,2,w48-qpsk-r1/5,w48,19,2,1,data,ok,17,17,1.0,41.2
mpg,0.0,2,ack-1f,w,3,3,0,ctl,ok,0,0,3.7,41.2
mpg,0.0,2,w48-qpsk-r1/5,w48,19,2,1,data,ok,17,17,5.2,41.2
mpg,0.0,2,ack-1f,w,3,3,0,ctl,ok,0,0,5.5,41.2
mpg,0.0,2,w48-qpsk-r1/3,w48,19,2,1,data,ok,17,17,2.8,41.2
mpg,0.0,2,ack-1f,w,3,3,0,ctl,ctl_lost,0,0,-4.2,41.2
mpg,0.0,2,ack-4f,w,3,3,0,ctl,ok,0,0,1.3,41.2
mpg,0.0,2,ack-4f,w,2,2,0,ctl,ok,0,0,6.2,41.2
mpg,0.0,2,w48-qpsk-r1/5,w48,19,1,0,data,ok,18,18,3.0,41.2
mpg,0.0,2,ack-1f,w,2,2,0,ctl,ok,0,0,9.1,41.2
mpg,0.0,2,w48-qpsk-r1/5,w48,19,1,0,data,ok,18,18,3.5,41.2
mpg,0.0,2,ack-1f,w,3,3,0,ctl,ctl_lost,0,0,0.3,41.2
mpg,0.0,2,ack-4f,w,3,3,0,ctl,ok,0,0,7.8,41.2
mpg,0.0,2,ack-4f,w,3,3,0,ctl,ok,0,0,7.0,41.2
mpg,0.0,2,w48-qpsk-r1/3,w48,19,2,1,data,ok,17,0,0.8,41.2
mpg,0.0,2,n4-ack-2f,n4,2,2,0,ctl,ctl_lost,0,0,-5.1,41.2
mpg,0.0,2,ack-4f,w,3,3,0,ctl,ok,0,0,-2.9,41.2
mpg,0.0,2,ack-4f,w,3,3,0,ctl,ok,0,0,4.4,41.2
mpg,0.0,2,w48-qpsk-r1/5,w48,19,2,1,data,ctl_lost,17,0,-2.1,41.2
mpg,0.0,2,ack-4f,w,4,4,0,ctl,ok,0,0,3.2,41.2
mpg,0.0,2,ack-4f,w,3,3,0,ctl,ok,0,0,5.1,41.2
mpg,0.0,2,qpsk-r1/3,w,9,2,1,data,ok,7,7,3.8,41.2
mpg,0.0,2,ack-1f,w,3,3,0,ctl,ok,0,0,0.8,41.2
mpg,0.0,9,qpsk-r1/5,w,1,1,0,ctl,ok,0,0,8.0,30.6
mpg,0.0,9,qpsk-r1/5,w,1,1,0,ctl,ok,0,0,8.0,30.6
mpg,0.0,9,ack-4f,w,2,2,0,ctl,ok,0,0,4.9,30.6
mpg,0.0,9,ack-1f,w,3,3,0,ctl,ok,0,0,1.2,30.6
mpg,0.0,9,w48-qpsk-r1/2,w48,19,2,1,data,ctl_lost,17,0,0.4,30.6
mpg,0.0,9,ack-4f,w,3,3,0,ctl,ok,0,0,0.8,30.6
mpg,0.0,9,ack-4f,w,3,3,0,ctl,ok,0,0,-3.3,30.6
mpg,0.0,9,qpsk-r1/3,w,9,2,1,data,ok,7,7,2.8,30.6
mpg,0.0,9,ack-4f,w,2,2,0,ctl,ok,0,0,2.0,30.6
mpg,0.0,9,qpsk-r1/3,w,9,1,0,data,ok,8,8,2.6,30.6
mpg,0.0,9,ack-4f,w,3,3,0,ctl,ok,0,0,3.4,30.6
mpg,0.0,9,w48-qpsk-r1/5,w48,19,2,1,data,ok,17,17,0.5,30.6
mpg,0.0,9,ack-1f,w,3,3,0,ctl,ok,0,0,5.8,30.6
mpg,0.0,9,w48-qpsk-r1/5,w48,19,2,1,data,ok,17,17,2.5,30.6
mpg,0.0,9,ack-1f,w,3,3,0,ctl,ctl_lost,0,0,-8.3,30.6
mpg,0.0,9,ack-4f,w,3,3,0,ctl,ok,0,0,-9.0,30.6
mpg,0.0,9,ack-4f,w,3,3,0,ctl,ok,0,0,1.2,30.6
mpg,0.0,9,qpsk-r1/3,w,9,2,1,data,ok,7,7,6.2,30.6
mpg,0.0,9,ack-4f,w,2,2,0,ctl,ok,0,0,4.4,30.6
mpg,0.0,9,qpsk-r1/3,w,9,1,0,data,ok,8,8,4.7,30.6
mpg,0.0,9,n4-ack-2f,n4,3,3,0,ctl,ok,0,0,1.6,30.6
mpg,0.0,9,w48-qpsk-r1/3,w48,19,2,1,data,ok,17,16,1.7,30.6
mpg,0.0,9,ack-1f,w,3,3,0,ctl,ok,0,0,-1.7,30.6
mpg,0.0,9,w48-qpsk-r1/3,w48,19,2,1,data,ok,16,14,1.9,30.6
mpg,0.0,9,ack-4f,w,4,4,0,ctl,ok,0,0,1.6,30.6
mpg,0.0,9,w48-qpsk-r1/3,w48,19,2,1,data,ctl_lost,15,0,-6.8,30.6
mpg,0.0,9,ack-4f,w,2,2,0,ctl,ok,0,0,3.9,30.6
mpg,0.0,9,ack-4f,w,4,4,0,ctl,ok,0,0,1.6,30.6
mpg,0.0,9,w48-qpsk-r1/3,w48,19,2,1,data,ctl_lost,15,0,-0.3,30.6
mpg,0.0,9,ack-4f,w,3,3,0,ctl,ok,0,0,5.0,30.6
mpg,0.0,9,ack-4f,w,4,4,0,ctl,ok,0,0,2.5,30.6
mpg,0.0,9,w48-qpsk-r1/3,w48,19,2,1,data,ok,15,0,1.3,30.6
mpg,0.0,9,ack-4f,w,3,3,0,ctl,ok,0,0,0.1,30.6
mpg,0.0,9,qpsk-r1/2,w,9,2,1,data,ok,7,3,1.6,30.6
mpg,0.0,9,ack-4f,w,3,3,0,ctl,ok,0,0,-3.0,30.6
mpg,0.0,9,qpsk-r1/2,w,9,2,1,data,ok,3,0,2.0,30.6
mpg,0.0,9,ack-4f,w,3,3,0,ctl,ok,0,0,4.7,30.6
mpg,0.0,9,qpsk-r1/2,w,9,2,1,data,ok,4,0,0.4,30.6
mpg,0.0,9,n4-ack-2f,n4,3,3,0,ctl,ok,0,0,0.8,30.6
mpg,0.0,9,qpsk-r1/3,w,9,2,1,data,ok,7,7,0.0,30.6
mpg,0.0,9,ack-1f,w,3,3,0,ctl,ok,0,0,-3.6,30.6
mpg,0.0,9,qpsk-r1/3,w,9,2,1,data,ok,7,7,2.7,30.6
mpg,0.0,9,ack-4f,w,3,3,0,ctl,ok,0,0,3.9,30.6
mpg,0.0,9,qpsk-r1/2,w,9,2,1,data,ok,7,7,4.0,30.6
mpg,0.0,9,ack-4f,w,2,2,0,ctl,ok,0,0,0.7,30.6
mpg,0.0,9,qpsk-r1/2,w,9,1,0,data,ok,8,8,4.3,30.6
mpg,0.0,9,ack-4f,w,3,3,0,ctl,ok,0,0,-3.7,30.6
mpg,0.0,9,w48-qpsk-r1/3,w48,19,2,1,data,ctl_lost,17,0,0.8,30.6
mpg,0.0,9,ack-4f,w,3,3,0,ctl,ok,0,0,-4.9,30.6
mpg,0.0,9,ack-4f,w,3,3,0,ctl,ctl_lost,0,0,-11.3,30.6
mpg,0.0,9,ack-4f,w,3,3,0,ctl,ok,0,0,7.5,30.6
mpg,0.0,9,ack-4f,w,2,2,0,ctl,ok,0,0,8.1,30.6
mpg,0.0,9,qpsk-r1/2,w,9,1,0,data,ok,8,8,4.0,30.6
mpg,0.0,9,n4-ack-2f,n4,2,2,0,ctl,ok,0,0,1.4,30.6
mpg,0.0,9,qpsk-r1/2,w,9,1,0,data,ctl_lost,8,0,0.4,30.6
mpg,0.0,9,ack-4f,w,3,3,0,ctl,ok,0,0,-4.6,30.6
mpg,0.0,9,ack-4f,w,3,3,0,ctl,ok,0,0,3.8,30.6
mpg,0.0,9,qpsk-r1/3,w,9,2,1,data,ok,7,7,4.3,30.6
mpg,0.0,9,ack-1f,w,2,2,0,ctl,ok,0,0,5.2,30.6
mpg,0.0,9,qpsk-r1/3,w,9,1,0,data,ok,8,8,1.9,30.6
mpg,0.0,9,ack-1f,w,3,3,0,ctl,ok,0,0,2.3,30.6
mpg,0.0,9,qpsk-r1/2,w,9,2,1,data,ok,7,7,3.5,30.6
mpg,0.0,9,ack-1f,w,3,3,0,ctl,ok,0,0,-4.6,30.6
mpg,0.0,9,w48-qpsk-r1/5,w48,19,2,1,data,ok,17,17,0.2,30.6
mpg,0.0,9,ack-4f,w,3,3,0,ctl,ok,0,0,6.2,30.6
mpg,0.0,9,qpsk-r1/2,w,9,2,1,data,ok,7,7,3.3,30.6
mpg,0.0,9,ack-1f,w,3,3,0,ctl,ok,0,0,3.9,30.6
mpg,0.0,9,qpsk-r1/2,w,9,2,1,data,ok,7,7,3.6,30.6
mpg,0.0,9,ack-1f,w,3,3,0,ctl,ok,0,0,-1.7,30.6
mpg,0.0,9,qpsk-r1/2,w,9,2,1,data,ok,7,7,5.1,30.6
mpg,0.0,9,ack-4f,w,2,2,0,ctl,ok,0,0,4.6,30.6
mpg,0.0,9,qpsk-r1/2,w,9,1,0,data,ctl_lost,8,0,-0.2,30.6
mpg,0.0,9,ack-4f,w,3,3,0,ctl,ok,0,0,3.4,30.6
mpg,0.0,9,ack-4f,w,2,2,0,ctl,ok,0,0,1.3,30.6
mpg,0.0,9,qpsk-r1/3,w,9,1,,data,missed,0,0,,30.6
mpg,0.0,9,ack-4f,w,4,4,0,ctl,ok,0,0,1.5,30.6
mpg,0.0,9,ack-4f,w,2,2,0,ctl,ok,0,0,7.0,30.6
mpg,0.0,9,qpsk-r1/3,w,9,1,0,data,ok,8,8,7.4,30.6
mpg,0.0,9,ack-1f,w,2,2,0,ctl,ok,0,0,5.1,30.6
mpg,0.0,9,qpsk-r1/2,w,9,1,0,data,ok,8,8,4.9,30.6
mpg,0.0,9,ack-1f,w,3,3,0,ctl,ok,0,0,5.2,30.6
mpg,0.0,9,w48-qpsk-r1/3,w48,19,2,1,data,ok,17,0,1.8,30.6
mpg,0.0,9,ack-1f,w,2,2,0,ctl,ok,0,0,0.2,30.6
mpg,0.0,9,w48-qpsk-r1/5,w48,19,1,0,data,ctl_lost,18,9,-0.4,30.6
mpg,0.0,9,ack-4f,w,4,4,0,ctl,ok,0,0,6.0,30.6
mpg,0.0,9,ack-4f,w,3,3,0,ctl,ok,0,0,-1.5,30.6
mpg,0.0,9,qpsk-r1/2,w,9,2,,data,missed,0,0,,30.6
mpg,0.0,9,ack-4f,w,4,4,0,ctl,ok,0,0,4.7,30.6
mpg,0.0,9,ack-4f,w,3,3,0,ctl,ok,0,0,5.9,30.6
mpg,0.0,9,w48-qpsk-r1/3,w48,19,2,1,data,ctl_lost,17,0,0.3,30.6
mpg,0.0,9,ack-4f,w,4,4,0,ctl,ok,0,0,0.9,30.6
mpg,0.0,9,ack-4f,w,2,2,0,ctl,ok,0,0,-3.7,30.6
mpg,0.0,9,qpsk-r1/3,w,9,1,0,data,ok,8,8,3.8,30.6
mpg,0.0,9,ack-1f,w,3,3,0,ctl,ok,0,0,4.7,30.6
mpg,0.0,9,qpsk-r1/2,w,9,2,1,data,ok,7,7,2.8,30.6
mpg,0.0,11,qpsk-r1/5,w,1,1,0,ctl,ok,0,0,6.8,29.8
mpg,0.0,11,qpsk-r1/5,w,1,1,0,ctl,ok,0,0,5.0,29.8
mpg,0.0,11,ack-4f,w,3,3,0,ctl,ok,0,0,-3.3,29.8
mpg,0.0,11,ack-1f,w,3,3,0,ctl,ok,0,0,1.1,29.8
mpg,0.0,11,qpsk-r1/2,w,9,2,1,data,ok,7,7,2.4,29.8
mpg,0.0,11,ack-1f,w,3,3,0,ctl,ok,0,0,1.6,29.8
mpg,0.0,11,qpsk-r1/3,w,9,2,1,data,ok,7,7,3.5,29.8
mpg,0.0,11,ack-1f,w,3,3,0,ctl,ok,0,0,5.0,29.8
mpg,0.0,11,qpsk-r1/2,w,9,2,1,data,ok,7,7,5.0,29.8
mpg,0.0,11,ack-1f,w,2,2,0,ctl,ok,0,0,8.2,29.8
mpg,0.0,11,qpsk-r1/2,w,9,1,0,data,ok,8,8,5.6,29.8
mpg,0.0,11,ack-1f,w,3,3,0,ctl,ok,0,0,7.5,29.8
mpg,0.0,11,w48-qpsk-r1/2,w48,19,2,1,data,ok,17,0,2.0,29.8
mpg,0.0,11,ack-1f,w,2,2,0,ctl,ok,0,0,3.6,29.8
mpg,0.0,11,qpsk-r1/2,w,9,1,0,data,ctl_lost,8,0,-2.9,29.8
mpg,0.0,11,ack-4f,w,4,4,0,ctl,ok,0,0,4.9,29.8
mpg,0.0,11,ack-4f,w,3,3,0,ctl,ok,0,0,1.9,29.8
mpg,0.0,11,qpsk-r1/3,w,9,2,1,data,ok,7,7,3.7,29.8
mpg,0.0,11,ack-1f,w,3,3,0,ctl,ok,0,0,7.9,29.8
mpg,0.0,11,qpsk-r1/2,w,9,2,1,data,ok,7,7,3.8,29.8
mpg,0.0,11,ack-1f,w,3,3,,ctl,missed,0,0,,29.8
mpg,0.0,11,ack-4f,w,3,3,0,ctl,ok,0,0,-6.8,29.8
mpg,0.0,11,ack-4f,w,3,3,0,ctl,ok,0,0,-0.7,29.8
mpg,0.0,11,qpsk-r1/3,w,9,2,1,data,ok,7,0,-1.5,29.8
mpg,0.0,11,ack-1f,w,3,3,0,ctl,ok,0,0,2.3,29.8
mpg,0.0,11,qpsk-r1/5,w,9,2,1,data,ok,7,7,5.6,29.8
mpg,0.0,11,ack-4f,w,2,2,0,ctl,ok,0,0,-0.0,29.8
mpg,0.0,11,qpsk-r1/3,w,9,1,0,data,ok,8,8,0.4,29.8
mpg,0.0,11,ack-1f,w,3,3,0,ctl,ok,0,0,2.5,29.8
mpg,0.0,11,qpsk-r1/2,w,9,2,1,data,ok,7,0,0.9,29.8
mpg,0.0,11,ack-1f,w,3,3,0,ctl,ok,0,0,3.8,29.8
mpg,0.0,11,qpsk-r1/3,w,9,2,1,data,ok,7,7,-0.2,29.8
mpg,0.0,11,ack-1f,w,3,3,0,ctl,ok,0,0,3.0,29.8
mpg,0.0,11,qpsk-r1/3,w,9,2,1,data,ok,7,7,1.9,29.8
mpg,0.0,11,ack-1f,w,2,2,0,ctl,ok,0,0,-0.3,29.8
mpg,0.0,11,qpsk-r1/3,w,9,1,0,data,ok,8,8,5.1,29.8
mpg,0.0,11,ack-1f,w,3,3,0,ctl,ok,0,0,1.9,29.8
mpg,0.0,11,qpsk-r1/2,w,9,2,1,data,ok,7,0,1.0,29.8
mpg,0.0,11,ack-1f,w,3,3,0,ctl,ctl_lost,0,0,-3.8,29.8
mpg,0.0,11,ack-4f,w,3,3,0,ctl,ok,0,0,-0.1,29.8
mpg,0.0,11,ack-4f,w,3,3,0,ctl,ok,0,0,3.4,29.8
mpg,0.0,11,qpsk-r1/3,w,9,2,1,data,ok,7,7,3.6,29.8
mpg,0.0,11,ack-4f,w,3,3,0,ctl,ok,0,0,6.5,29.8
mpg,0.0,11,qpsk-r1/2,w,9,2,1,data,ok,7,7,3.0,29.8
mpg,0.0,11,ack-1f,w,3,3,0,ctl,ctl_lost,0,0,0.1,29.8
mpg,0.0,11,ack-4f,w,3,3,0,ctl,ok,0,0,2.4,29.8
mpg,0.0,11,ack-4f,w,3,3,0,ctl,ok,0,0,2.7,29.8
mpg,0.0,11,qpsk-r1/2,w,9,2,1,data,ok,7,7,6.9,29.8
mpg,0.0,11,ack-4f,w,2,2,0,ctl,ok,0,0,2.0,29.8
mpg,0.0,11,qpsk-r1/2,w,9,1,0,data,ctl_lost,8,0,0.3,29.8
mpg,0.0,11,ack-4f,w,3,3,0,ctl,ok,0,0,-2.7,29.8
mpg,0.0,11,ack-4f,w,3,3,0,ctl,ok,0,0,-4.4,29.8
mpg,0.0,11,qpsk-r1/3,w,9,2,1,data,ok,7,7,4.9,29.8
mpg,0.0,11,ack-4f,w,2,2,0,ctl,ok,0,0,4.5,29.8
mpg,0.0,11,qpsk-r1/3,w,9,1,0,data,ok,8,8,2.5,29.8
mpg,0.0,11,n4-ack-2f,n4,3,3,0,ctl,ok,0,0,2.3,29.8
mpg,0.0,11,qpsk-r1/2,w,9,2,1,data,ok,7,7,3.5,29.8
mpg,0.0,11,n4-ack-2f,n4,3,3,0,ctl,ok,0,0,2.4,29.8
mpg,0.0,11,w48-qpsk-r1/5,w48,19,2,1,data,ok,17,17,3.4,29.8
mpg,0.0,11,ack-4f,w,3,3,0,ctl,ok,0,0,7.1,29.8
mpg,0.0,11,w48-qpsk-r1/2,w48,19,2,1,data,ok,17,0,1.4,29.8
mpg,0.0,11,ack-1f,w,2,2,0,ctl,ok,0,0,-1.5,29.8
mpg,0.0,11,w48-qpsk-r1/5,w48,19,1,,data,missed,0,0,,29.8
mpg,0.0,11,ack-4f,w,4,4,0,ctl,ok,0,0,4.4,29.8
mpg,0.0,11,ack-4f,w,3,3,0,ctl,ok,0,0,-2.6,29.8
mpg,0.0,11,w48-qpsk-r1/5,w48,19,2,1,data,ok,17,17,3.4,29.8
mpg,0.0,11,ack-4f,w,3,3,0,ctl,ok,0,0,6.0,29.8
mpg,0.0,11,qpsk-r1/2,w,9,2,1,data,ok,7,0,1.8,29.8
mpg,0.0,11,n4-ack-2f,n4,3,3,0,ctl,ok,0,0,3.9,29.8
mpg,0.0,11,w48-qpsk-r1/5,w48,19,2,1,data,ok,17,17,2.0,29.8
mpg,0.0,11,ack-1f,w,3,3,0,ctl,ctl_lost,0,0,-2.3,29.8
mpg,0.0,11,ack-4f,w,4,4,0,ctl,ok,0,0,1.5,29.8
mpg,0.0,11,ack-4f,w,2,2,0,ctl,ok,0,0,0.6,29.8
mpg,0.0,11,qpsk-r1/3,w,9,1,0,data,ok,8,8,2.0,29.8
mpg,0.0,11,ack-4f,w,3,3,0,ctl,ok,0,0,-4.0,29.8
mpg,0.0,11,w48-qpsk-r1/5,w48,19,2,1,data,ok,17,0,-1.4,29.8
mpg,0.0,11,ack-4f,w,3,3,0,ctl,ok,0,0,1.2,29.8
mpg,0.0,11,w48-qpsk-r1/5,w48,19,2,1,data,ok,0,0,1.2,29.8
mpg,0.0,11,ack-4f,w,3,3,0,ctl,ok,0,0,-0.2,29.8
mpg,0.0,11,w48-qpsk-r1/5,w48,19,2,1,data,ok,17,17,2.3,29.8
mpg,0.0,11,ack-4f,w,2,2,0,ctl,ok,0,0,1.1,29.8
mpg,0.0,11,w48-qpsk-r1/5,w48,19,1,0,data,ctl_lost,18,0,-1.2,29.8
mpg,0.0,11,ack-4f,w,3,3,0,ctl,ok,0,0,6.8,29.8
mpg,0.0,11,ack-4f,w,3,3,0,ctl,ok,0,0,4.4,29.8
mpg,0.0,11,qpsk-r1/2,w,9,2,1,data,ok,7,7,3.6,29.8
mpg,0.0,11,n4-ack-2f,n4,2,2,0,ctl,ok,0,0,5.6,29.8
mpg,0.0,11,qpsk-r1/2,w,9,1,0,data,ctl_lost,8,0,1.3,29.8
mpg,0.0,11,ack-4f,w,3,3,0,ctl,ok,0,0,-0.9,29.8
mpg,0.0,11,ack-4f,w,3,3,0,ctl,ok,0,0,2.2,29.8
mpg,0.0,11,qpsk-r1/3,w,9,2,1,data,ok,7,7,-0.2,29.8
mpg,0.0,11,ack-4f,w,3,3,0,ctl,ok,0,0,3.2,29.8
mpg,0.0,11,qpsk-r1/3,w,9,2,1,data,ok,7,7,2.1,29.8
mpg,0.0,11,n4-ack-2f,n4,2,2,0,ctl,ctl_lost,0,0,-8.0,29.8
mpg,0.0,11,ack-4f,w,3,3,0,ctl,ok,0,0,3.7,29.8
mpg,0.0,11,ack-4f,w,2,2,0,ctl,ok,0,0,-1.3,29.8
mpg,0.0,11,qpsk-r1/3,w,9,1,0,data,ok,8,8,1.6,29.8
mpg,0.0,11,ack-4f,w,2,2,0,ctl,ok,0,0,3.3,29.8
mpg,0.0,11,qpsk-r1/3,w,9,1,0,data,ctl_lost,8,1,-1.4,29.8
mpg,8.0,0,qpsk-r1/5,w,1,1,0,ctl,ok,0,0,11.5,152.6
mpg,8.0,0,qpsk-r1/5,w,1,1,0,ctl,ok,0,0,13.0,152.6
mpg,8.0,0,ack-4f,w,2,2,0,ctl,ok,0,0,14.1,152.6
mpg,8.0,0,ack-1f,w,3,3,0,ctl,ok,0,0,10.3,152.6
mpg,8.0,0,w48-qpsk-r3/4,w48,19,2,1,data,ok,17,0,5.0,152.6
mpg,8.0,0,ack-1f,w,3,3,0,ctl,ok,0,0,5.9,152.6
mpg,8.0,0,w48-qpsk-r1/2,w48,19,2,1,data,ok,17,17,8.4,152.6
mpg,8.0,0,ack-1f,w,2,2,0,ctl,ok,0,0,16.2,152.6
mpg,8.0,0,w48-qpsk-r1/2,w48,19,1,0,data,ok,18,18,11.8,152.6
mpg,8.0,0,ack-1f,w,2,2,0,ctl,ok,0,0,7.9,152.6
mpg,8.0,0,w48-16qam-r1/3,w48,19,1,0,data,ctl_lost,18,12,7.0,152.6
mpg,8.0,0,ack-4f,w,3,3,0,ctl,ok,0,0,10.4,152.6
mpg,8.0,0,ack-4f,w,2,2,0,ctl,ok,0,0,13.5,152.6
mpg,8.0,0,w48-qpsk-r1/2,w48,19,1,0,data,ok,18,18,9.9,152.6
mpg,8.0,0,ack-1f,w,3,3,0,ctl,ok,0,0,6.1,152.6
mpg,8.0,0,w48-qpsk-r2/3,w48,19,2,1,data,ok,17,17,12.2,152.6
mpg,8.0,0,ack-1f,w,3,3,0,ctl,ok,0,0,3.8,152.6
mpg,8.0,0,w48-16qam-r1/3,w48,19,2,1,data,ok,17,17,9.1,152.6
mpg,8.0,0,ack-1f,w,3,3,0,ctl,ok,0,0,3.4,152.6
mpg,8.0,0,w48-qpsk-r2/3,w48,19,2,1,data,ok,17,17,10.0,152.6
mpg,8.0,0,ack-1f,w,2,2,0,ctl,ok,0,0,17.8,152.6
mpg,8.0,0,w48-qpsk-r1/2,w48,19,1,0,data,ok,18,18,11.8,152.6
mpg,8.0,0,ack-1f,w,3,3,0,ctl,ok,0,0,9.3,152.6
mpg,8.0,0,w48-16qam-r1/3,w48,19,2,1,data,ok,17,17,9.6,152.6
mpg,8.0,0,ack-1f,w,3,3,0,ctl,ok,0,0,11.0,152.6
mpg,8.0,0,w48-16qam-r1/3,w48,19,2,1,data,ok,17,17,10.7,152.6
mpg,8.0,0,ack-1f,w,3,3,0,ctl,ok,0,0,0.9,152.6
mpg,8.0,0,w48-16qam-r1/3,w48,19,2,1,data,ok,17,17,11.2,152.6
mpg,8.0,0,ack-1f,w,2,2,0,ctl,ok,0,0,11.8,152.6
mpg,8.0,0,w48-16qam-r1/3,w48,19,1,0,data,ok,18,18,7.8,152.6
mpg,8.0,0,ack-1f,w,3,3,0,ctl,ok,0,0,10.0,152.6
mpg,8.0,0,w48-16qam-r1/3,w48,19,2,1,data,ok,17,17,10.5,152.6
mpg,8.0,0,ack-1f,w,3,3,0,ctl,ok,0,0,6.7,152.6
mpg,8.0,0,w48-16qam-r1/3,w48,19,2,1,data,ok,17,17,12.8,152.6
mpg,8.0,0,ack-1f,w,2,2,0,ctl,ok,0,0,13.6,152.6
mpg,8.0,0,w48-16qam-r1/3,w48,19,1,0,data,ok,18,18,9.5,152.6
mpg,8.0,0,ack-1f,w,2,2,0,ctl,ok,0,0,12.8,152.6
mpg,8.0,0,w48-16qam-r1/3,w48,19,1,0,data,ok,18,18,11.2,152.6
mpg,8.0,0,ack-1f,w,2,2,0,ctl,ok,0,0,16.7,152.6
mpg,8.0,0,w48-16qam-r1/3,w48,19,1,0,data,ok,18,18,9.8,152.6
mpg,8.0,0,ack-1f,w,2,2,0,ctl,ok,0,0,8.3,152.6
mpg,8.0,0,w48-16qam-r1/3,w48,19,1,0,data,ok,18,18,11.0,152.6
mpg,8.0,0,ack-1f,w,2,2,0,ctl,ok,0,0,18.2,152.6
mpg,8.0,0,w48-16qam-r1/3,w48,19,1,0,data,ok,18,18,10.3,152.6
mpg,8.0,0,ack-1f,w,2,2,0,ctl,ok,0,0,16.1,152.6
mpg,8.0,0,w48-16qam-r1/3,w48,19,1,0,data,ok,18,16,7.0,152.6
mpg,8.0,0,ack-1f,w,4,4,0,ctl,ok,0,0,11.9,152.6
mpg,8.0,0,w48-16qam-r1/3,w48,19,2,1,data,ok,15,0,6.4,152.6
mpg,8.0,0,ack-1f,w,2,2,0,ctl,ok,0,0,8.0,152.6
mpg,8.0,0,w48-qpsk-r1/2,w48,19,1,0,data,ok,18,18,10.8,152.6
mpg,8.0,0,ack-1f,w,3,3,0,ctl,ok,0,0,11.9,152.6
mpg,8.0,0,w48-16qam-r1/3,w48,19,2,1,data,ok,17,17,13.9,152.6
mpg,8.0,0,ack-1f,w,3,3,0,ctl,ok,0,0,16.6,152.6
mpg,8.0,0,w48-16qam-r1/2,w48,19,2,1,data,ok,17,0,8.7,152.6
mpg,8.0,0,ack-1f,w,2,2,0,ctl,ok,0,0,8.0,152.6
mpg,8.0,0,w48-16qam-r1/3,w48,19,1,0,data,ok,18,18,10.7,152.6
mpg,8.0,0,ack-1f,w,2,2,0,ctl,ok,0,0,11.5,152.6
mpg,8.0,0,w48-16qam-r1/3,w48,19,1,0,data,ok,18,18,12.3,152.6
mpg,8.0,0,ack-1f,w,3,3,0,ctl,ok,0,0,13.0,152.6
mpg,8.0,0,w48-16qam-r1/2,w48,19,2,1,data,ok,17,0,8.6,152.6
mpg,8.0,0,ack-1f,w,2,2,0,ctl,ok,0,0,4.8,152.6
mpg,8.0,0,w48-16qam-r1/3,w48,19,1,0,data,ok,18,18,11.5,152.6
mpg,8.0,0,ack-1f,w,2,2,0,ctl,ok,0,0,11.2,152.6
mpg,8.0,0,w48-16qam-r1/3,w48,19,1,0,data,ok,18,18,9.2,152.6
mpg,8.0,0,ack-1f,w,2,2,0,ctl,ok,0,0,-0.1,152.6
mpg,8.0,0,w48-16qam-r1/3,w48,19,1,0,data,ok,18,18,10.2,152.6
mpg,8.0,0,ack-1f,w,2,2,0,ctl,ok,0,0,6.7,152.6
mpg,8.0,0,w48-16qam-r1/3,w48,19,1,0,data,ctl_lost,18,0,4.8,152.6
mpg,8.0,0,ack-4f,w,3,3,0,ctl,ok,0,0,6.9,152.6
mpg,8.0,0,ack-4f,w,3,3,0,ctl,ok,0,0,6.7,152.6
mpg,8.0,0,w48-qpsk-r1/2,w48,19,2,1,data,ok,17,17,10.6,152.6
mpg,8.0,0,ack-1f,w,2,2,0,ctl,ok,0,0,15.6,152.6
mpg,8.0,0,w48-16qam-r1/3,w48,19,1,0,data,ok,18,18,9.0,152.6
mpg,8.0,0,ack-1f,w,2,2,0,ctl,ok,0,0,16.4,152.6
mpg,8.0,0,w48-16qam-r1/3,w48,19,1,0,data,ok,18,18,12.5,152.6
mpg,8.0,0,ack-1f,w,2,2,0,ctl,ok,0,0,17.7,152.6
mpg,8.0,0,w48-16qam-r1/3,w48,19,1,0,data,ok,18,18,12.0,152.6
mpg,8.0,0,ack-1f,w,3,3,0,ctl,ok,0,0,9.5,152.6
mpg,8.0,0,w48-16qam-r1/2,w48,19,2,1,data,ok,17,0,8.9,152.6
mpg,8.0,0,ack-1f,w,3,3,0,ctl,ok,0,0,7.7,152.6
mpg,8.0,0,w48-16qam-r1/3,w48,19,2,1,data,ok,17,17,11.1,152.6
mpg,8.0,0,ack-1f,w,3,3,0,ctl,ok,0,0,14.3,152.6
mpg,8.0,0,w48-16qam-r1/3,w48,19,2,1,data,ok,17,17,9.2,152.6
mpg,8.0,0,ack-1f,w,2,2,0,ctl,ok,0,0,10.5,152.6
mpg,8.0,0,w48-16qam-r1/3,w48,19,1,0,data,ok,18,18,11.2,152.6
mpg,8.0,0,ack-1f,w,2,2,0,ctl,ok,0,0,11.8,152.6
mpg,8.0,0,w48-16qam-r1/3,w48,19,1,0,data,ok,18,18,8.5,152.6
mpg,8.0,0,ack-1f,w,2,2,0,ctl,ok,0,0,14.5,152.6
mpg,8.0,0,w48-16qam-r1/3,w48,19,1,0,data,ok,18,18,8.8,152.6
mpg,8.0,0,ack-1f,w,3,3,0,ctl,ok,0,0,15.4,152.6
mpg,8.0,0,w48-16qam-r1/3,w48,19,2,1,data,ok,17,9,6.6,152.6
mpg,8.0,0,ack-1f,w,4,4,0,ctl,ok,0,0,5.7,152.6
mpg,8.0,0,w48-16qam-r1/3,w48,19,2,1,data,ok,9,9,11.4,152.6
mpg,8.0,7,qpsk-r1/5,w,1,1,0,ctl,ok,0,0,11.2,168.7
mpg,8.0,7,qpsk-r1/5,w,1,1,0,ctl,ok,0,0,11.4,168.7
mpg,8.0,7,ack-4f,w,3,3,0,ctl,ok,0,0,15.1,168.7
mpg,8.0,7,ack-1f,w,2,2,0,ctl,ok,0,0,17.2,168.7
mpg,8.0,7,w48-qpsk-r3/4,w48,19,1,0,data,ok,18,16,9.4,168.7
mpg,8.0,7,ack-1f,w,3,3,0,ctl,ok,0,0,12.2,168.7
mpg,8.0,7,w48-16qam-r1/3,w48,19,1,0,data,ok,18,18,11.8,168.7
mpg,8.0,7,ack-1f,w,2,2,0,ctl,ok,0,0,8.4,168.7
mpg,8.0,7,w48-16qam-r1/3,w48,19,1,0,data,ok,18,18,7.7,168.7
mpg,8.0,7,ack-1f,w,3,3,0,ctl,ok,0,0,9.7,168.7
mpg,8.0,7,w48-16qam-r1/3,w48,19,2,1,data,ok,17,17,13.0,168.7
mpg,8.0,7,ack-1f,w,2,2,0,ctl,ok,0,0,16.2,168.7
mpg,8.0,7,w48-16qam-r1/3,w48,19,1,0,data,ok,18,18,12.4,168.7
mpg,8.0,7,ack-1f,w,2,2,0,ctl,ok,0,0,10.0,168.7
mpg,8.0,7,w48-16qam-r1/3,w48,19,1,0,data,ok,18,18,9.1,168.7
mpg,8.0,7,ack-1f,w,2,2,0,ctl,ok,0,0,11.2,168.7
mpg,8.0,7,w48-16qam-r1/3,w48,19,1,0,data,ok,18,18,8.1,168.7
mpg,8.0,7,ack-1f,w,2,2,0,ctl,ok,0,0,12.9,168.7
mpg,8.0,7,w48-16qam-r1/3,w48,19,1,0,data,ok,18,18,8.0,168.7
mpg,8.0,7,ack-1f,w,3,3,0,ctl,ok,0,0,14.0,168.7
mpg,8.0,7,w48-16qam-r1/3,w48,19,2,1,data,ok,17,17,10.2,168.7
mpg,8.0,7,ack-1f,w,2,2,0,ctl,ok,0,0,15.6,168.7
mpg,8.0,7,w48-16qam-r1/3,w48,19,1,0,data,ok,18,18,11.6,168.7
mpg,8.0,7,ack-1f,w,2,2,0,ctl,ok,0,0,13.5,168.7
mpg,8.0,7,w48-16qam-r1/3,w48,19,1,0,data,ok,18,18,8.7,168.7
mpg,8.0,7,ack-1f,w,2,2,0,ctl,ok,0,0,15.5,168.7
mpg,8.0,7,w48-16qam-r1/3,w48,19,1,0,data,ok,18,18,8.9,168.7
mpg,8.0,7,ack-1f,w,2,2,0,ctl,ok,0,0,7.4,168.7
mpg,8.0,7,w48-16qam-r1/3,w48,19,1,0,data,ok,18,18,8.2,168.7
mpg,8.0,7,ack-1f,w,2,2,0,ctl,ok,0,0,6.0,168.7
mpg,8.0,7,w48-16qam-r1/3,w48,19,1,0,data,ok,18,18,11.5,168.7
mpg,8.0,7,ack-1f,w,2,2,0,ctl,ok,0,0,6.1,168.7
mpg,8.0,7,w48-16qam-r1/3,w48,19,1,0,data,ok,18,18,8.7,168.7
mpg,8.0,7,ack-1f,w,2,2,0,ctl,ok,0,0,7.9,168.7
mpg,8.0,7,w48-16qam-r1/3,w48,19,1,0,data,ok,18,18,8.3,168.7
mpg,8.0,7,ack-1f,w,2,2,0,ctl,ok,0,0,9.7,168.7
mpg,8.0,7,w48-16qam-r1/3,w48,19,1,0,data,ctl_lost,18,0,5.6,168.7
mpg,8.0,7,ack-4f,w,3,3,0,ctl,ok,0,0,12.5,168.7
mpg,8.0,7,ack-4f,w,3,3,0,ctl,ok,0,0,14.0,168.7
mpg,8.0,7,w48-qpsk-r1/2,w48,19,2,1,data,ok,17,17,10.8,168.7
mpg,8.0,7,ack-1f,w,2,2,0,ctl,ok,0,0,8.3,168.7
mpg,8.0,7,w48-16qam-r1/3,w48,19,1,0,data,ok,18,18,11.9,168.7
mpg,8.0,7,ack-1f,w,2,2,0,ctl,ok,0,0,12.2,168.7
mpg,8.0,7,w48-16qam-r1/3,w48,19,1,0,data,ok,18,18,10.0,168.7
mpg,8.0,7,ack-1f,w,2,2,0,ctl,ok,0,0,13.3,168.7
mpg,8.0,7,w48-16qam-r1/3,w48,19,1,0,data,ctl_lost,18,7,6.3,168.7
mpg,8.0,7,ack-4f,w,3,3,0,ctl,ok,0,0,12.9,168.7
mpg,8.0,7,ack-4f,w,2,2,0,ctl,ok,0,0,7.7,168.7
mpg,8.0,7,w48-qpsk-r1/2,w48,19,1,0,data,ok,18,18,7.7,168.7
mpg,8.0,7,ack-1f,w,2,2,0,ctl,ok,0,0,1.1,168.7
mpg,8.0,7,w48-qpsk-r1/2,w48,19,1,0,data,ctl_lost,18,4,5.5,168.7
mpg,8.0,7,ack-4f,w,3,3,0,ctl,ok,0,0,6.4,168.7
mpg,8.0,7,ack-4f,w,3,3,0,ctl,ok,0,0,12.5,168.7
mpg,8.0,7,w48-qpsk-r1/3,w48,19,2,1,data,ok,17,17,11.5,168.7
mpg,8.0,7,ack-1f,w,3,3,0,ctl,ok,0,0,10.4,168.7
mpg,8.0,7,w48-16qam-r1/3,w48,19,2,1,data,ok,17,17,10.8,168.7
mpg,8.0,7,ack-1f,w,2,2,0,ctl,ok,0,0,12.8,168.7
mpg,8.0,7,w48-16qam-r1/3,w48,19,1,0,data,ok,18,18,8.3,168.7
mpg,8.0,7,ack-1f,w,3,3,0,ctl,ok,0,0,9.4,168.7
mpg,8.0,7,w48-16qam-r1/3,w48,19,2,1,data,ok,17,17,10.3,168.7
mpg,8.0,7,ack-1f,w,3,3,0,ctl,ok,0,0,13.9,168.7
mpg,8.0,7,w48-16qam-r1/3,w48,19,2,1,data,ok,17,17,11.1,168.7
mpg,8.0,7,ack-1f,w,2,2,0,ctl,ok,0,0,17.2,168.7
mpg,8.0,7,w48-16qam-r1/3,w48,19,1,0,data,ok,18,18,10.8,168.7
mpg,8.0,7,ack-1f,w,2,2,0,ctl,ok,0,0,12.5,168.7
mpg,8.0,7,w48-16qam-r1/3,w48,19,1,0,data,ok,18,18,9.5,168.7
mpg,8.0,7,ack-1f,w,2,2,0,ctl,ok,0,0,13.0,168.7
mpg,8.0,7,w48-16qam-r1/3,w48,19,1,0,data,ok,18,18,7.5,168.7
mpg,8.0,7,ack-1f,w,3,3,0,ctl,ok,0,0,5.1,168.7
mpg,8.0,7,w48-16qam-r1/3,w48,19,2,1,data,ok,17,17,8.6,168.7
mpg,8.0,7,ack-1f,w,3,3,0,ctl,ok,0,0,4.6,168.7
mpg,8.0,7,w48-16qam-r1/3,w48,19,2,1,data,ok,17,17,10.8,168.7
mpg,8.0,7,ack-1f,w,2,2,0,ctl,ok,0,0,10.7,168.7
mpg,8.0,7,w48-16qam-r1/3,w48,19,1,0,data,ok,18,18,9.3,168.7
mpg,8.0,7,ack-1f,w,2,2,0,ctl,ok,0,0,12.4,168.7
mpg,8.0,7,w48-16qam-r1/3,w48,19,1,0,data,ok,18,18,10.0,168.7
mpg,8.0,7,ack-1f,w,2,2,0,ctl,ok,0,0,10.7,168.7
mpg,8.0,7,w48-16qam-r1/3,w48,19,1,0,data,ok,18,18,11.2,168.7
mpg,8.0,7,ack-1f,w,2,2,0,ctl,ok,0,0,7.6,168.7
mpg,8.0,7,w48-16qam-r1/3,w48,19,1,0,data,ok,18,18,10.2,168.7
mpg,8.0,7,ack-1f,w,2,2,0,ctl,ok,0,0,12.6,168.7
mpg,8.0,7,w48-16qam-r1/3,w48,19,1,0,data,ctl_lost,18,0,7.0,168.7
mpg,8.0,7,ack-4f,w,2,2,0,ctl,ok,0,0,14.0,168.7
mpg,8.0,7,ack-4f,w,3,3,0,ctl,ok,0,0,13.2,168.7
mpg,8.0,7,w48-16qam-r1/3,w48,19,2,1,data,ok,17,17,11.1,168.7
mpg,8.0,7,ack-1f,w,2,2,0,ctl,ok,0,0,14.6,168.7
mpg,8.0,7,w48-16qam-r1/3,w48,19,1,0,data,ok,18,18,7.4,168.7
mpg,8.0,7,ack-1f,w,3,3,0,ctl,ok,0,0,8.1,168.7
mpg,8.0,7,w48-16qam-r1/3,w48,19,2,1,data,ok,17,17,9.0,168.7
mpg,8.0,7,ack-1f,w,3,3,0,ctl,ok,0,0,13.1,168.7
mpg,8.0,7,w48-16qam-r1/3,w48,19,2,1,data,ok,17,17,8.9,168.7
mpg,8.0,7,ack-1f,w,2,2,0,ctl,ok,0,0,13.8,168.7
mpg,8.0,7,w48-16qam-r1/3,w48,19,1,0,data,ok,18,18,12.3,168.7
mpg,8.0,3,qpsk-r1/5,w,1,1,0,ctl,ok,0,0,12.8,164.9
mpg,8.0,3,qpsk-r1/5,w,1,1,0,ctl,ok,0,0,11.9,164.9
mpg,8.0,3,ack-4f,w,3,3,0,ctl,ok,0,0,6.1,164.9
mpg,8.0,3,ack-1f,w,2,2,0,ctl,ok,0,0,7.8,164.9
mpg,8.0,3,w48-qpsk-r1/2,w48,19,1,0,data,ok,18,18,8.2,164.9
mpg,8.0,3,ack-1f,w,2,2,0,ctl,ok,0,0,11.3,164.9
mpg,8.0,3,w48-qpsk-r1/2,w48,19,1,0,data,ok,18,18,11.1,164.9
mpg,8.0,3,ack-1f,w,2,2,0,ctl,ok,0,0,15.1,164.9
mpg,8.0,3,w48-16qam-r1/3,w48,19,1,0,data,ok,18,18,9.6,164.9
mpg,8.0,3,ack-1f,w,2,2,0,ctl,ok,0,0,7.9,164.9
mpg,8.0,3,w48-16qam-r1/3,w48,19,1,0,data,ok,18,18,10.6,164.9
mpg,8.0,3,ack-1f,w,2,2,0,ctl,ok,0,0,10.6,164.9
mpg,8.0,3,w48-16qam-r1/3,w48,19,1,0,data,ok,18,18,10.6,164.9
mpg,8.0,3,ack-1f,w,2,2,0,ctl,ok,0,0,10.5,164.9
mpg,8.0,3,w48-16qam-r1/3,w48,19,1,0,data,ok,18,18,9.6,164.9
mpg,8.0,3,ack-1f,w,2,2,0,ctl,ok,0,0,9.5,164.9
mpg,8.0,3,w48-16qam-r1/3,w48,19,1,0,data,ok,18,18,11.1,164.9
mpg,8.0,3,ack-1f,w,2,2,0,ctl,ok,0,0,7.2,164.9
mpg,8.0,3,w48-16qam-r1/3,w48,19,1,0,data,ok,18,18,8.5,164.9
mpg,8.0,3,ack-1f,w,2,2,0,ctl,ok,0,0,12.4,164.9
mpg,8.0,3,w48-16qam-r1/3,w48,19,1,0,data,ok,18,18,10.4,164.9
mpg,8.0,3,ack-1f,w,2,2,0,ctl,ok,0,0,9.1,164.9
mpg,8.0,3,w48-16qam-r1/3,w48,19,1,0,data,ok,18,18,8.8,164.9
mpg,8.0,3,ack-1f,w,3,3,0,ctl,ok,0,0,13.1,164.9
mpg,8.0,3,w48-16qam-r1/3,w48,19,2,1,data,ok,17,0,5.7,164.9
mpg,8.0,3,ack-1f,w,3,3,0,ctl,ok,0,0,9.5,164.9
mpg,8.0,3,w48-qpsk-r1/2,w48,19,2,1,data,ok,17,17,8.0,164.9
mpg,8.0,3,ack-1f,w,2,2,0,ctl,ok,0,0,6.1,164.9
mpg,8.0,3,w48-qpsk-r1/2,w48,19,1,0,data,ctl_lost,18,0,5.3,164.9
mpg,8.0,3,ack-4f,w,3,3,0,ctl,ok,0,0,14.2,164.9
mpg,8.0,3,ack-4f,w,3,3,0,ctl,ok,0,0,8.4,164.9
mpg,8.0,3,w48-16qam-r1/3,w48,19,2,1,data,ok,17,17,12.2,164.9
mpg,8.0,3,ack-1f,w,3,3,0,ctl,ok,0,0,7.5,164.9
mpg,8.0,3,w48-16qam-r1/2,w48,19,2,1,data,ok,17,17,11.8,164.9
mpg,8.0,3,ack-1f,w,3,3,0,ctl,ok,0,0,14.1,164.9
mpg,8.0,3,w48-16qam-r1/2,w48,19,2,1,data,ok,17,0,7.7,164.9
mpg,8.0,3,ack-1f,w,2,2,0,ctl,ok,0,0,11.7,164.9
mpg,8.0,3,w48-16qam-r1/3,w48,19,1,0,data,ok,18,18,11.3,164.9
mpg,8.0,3,ack-1f,w,2,2,0,ctl,ok,0,0,10.0,164.9
mpg,8.0,3,w48-16qam-r1/3,w48,19,1,0,data,ok,18,18,10.8,164.9
mpg,8.0,3,ack-1f,w,2,2,0,ctl,ok,0,0,16.5,164.9
mpg,8.0,3,w48-16qam-r1/3,w48,19,1,0,data,ok,18,18,10.7,164.9
mpg,8.0,3,ack-1f,w,2,2,0,ctl,ok,0,0,10.7,164.9
mpg,8.0,3,w48-16qam-r1/3,w48,19,1,0,data,ok,18,18,13.3,164.9
mpg,8.0,3,ack-1f,w,3,3,0,ctl,ok,0,0,14.0,164.9
mpg,8.0,3,w48-16qam-r1/2,w48,19,2,1,data,ok,17,17,10.9,164.9
mpg,8.0,3,ack-1f,w,3,3,0,ctl,ok,0,0,10.0,164.9
mpg,8.0,3,w48-16qam-r1/2,w48,19,2,1,data,ok,17,0,7.0,164.9
mpg,8.0,3,ack-1f,w,2,2,0,ctl,ok,0,0,13.9,164.9
mpg,8.0,3,w48-16qam-r1/3,w48,19,1,0,data,ok,18,18,10.5,164.9
mpg,8.0,3,ack-1f,w,2,2,0,ctl,ok,0,0,8.0,164.9
mpg,8.0,3,w48-16qam-r1/3,w48,19,1,0,data,ok,18,18,9.0,164.9
mpg,8.0,3,ack-1f,w,2,2,0,ctl,ok,0,0,9.6,164.9
mpg,8.0,3,w48-16qam-r1/3,w48,19,1,0,data,ok,18,18,7.8,164.9
mpg,8.0,3,ack-1f,w,2,2,0,ctl,ok,0,0,11.4,164.9
mpg,8.0,3,w48-16qam-r1/3,w48,19,1,0,data,ok,18,18,8.8,164.9
mpg,8.0,3,ack-1f,w,2,2,0,ctl,ok,0,0,6.6,164.9
mpg,8.0,3,w48-16qam-r1/3,w48,19,1,0,data,ctl_lost,18,8,6.5,164.9
mpg,8.0,3,ack-4f,w,2,2,0,ctl,ok,0,0,8.3,164.9
mpg,8.0,3,ack-4f,w,3,3,0,ctl,ok,0,0,8.1,164.9
mpg,8.0,3,w48-qpsk-r1/2,w48,19,2,1,data,ok,17,17,7.3,164.9
mpg,8.0,3,ack-1f,w,3,3,0,ctl,ok,0,0,4.5,164.9
mpg,8.0,3,w48-qpsk-r1/2,w48,19,2,1,data,ok,17,17,10.6,164.9
mpg,8.0,3,ack-1f,w,3,3,0,ctl,ok,0,0,13.0,164.9
mpg,8.0,3,w48-16qam-r1/3,w48,19,2,1,data,ok,17,17,10.1,164.9
mpg,8.0,3,ack-1f,w,2,2,0,ctl,ok,0,0,9.4,164.9
mpg,8.0,3,w48-16qam-r1/3,w48,19,1,0,data,ok,18,18,8.5,164.9
mpg,8.0,3,ack-1f,w,2,2,0,ctl,ok,0,0,10.3,164.9
mpg,8.0,3,w48-16qam-r1/3,w48,19,1,0,data,ok,18,18,10.3,164.9
mpg,8.0,3,ack-1f,w,2,2,0,ctl,ok,0,0,8.8,164.9
mpg,8.0,3,w48-16qam-r1/3,w48,19,1,0,data,ok,18,18,8.5,164.9
mpg,8.0,3,ack-1f,w,2,2,0,ctl,ok,0,0,14.9,164.9
mpg,8.0,3,w48-16qam-r1/3,w48,19,1,0,data,ok,18,16,7.3,164.9
mpg,8.0,3,ack-1f,w,4,4,0,ctl,ok,0,0,10.2,164.9
mpg,8.0,3,w48-16qam-r1/3,w48,19,2,1,data,ok,15,14,7.2,164.9
mpg,8.0,3,ack-1f,w,4,4,0,ctl,ok,0,0,15.1,164.9
mpg,8.0,3,w48-16qam-r1/3,w48,19,2,1,data,ok,16,16,13.8,164.9
mpg,8.0,3,ack-1f,w,2,2,0,ctl,ok,0,0,17.0,164.9
mpg,8.0,3,w48-16qam-r1/3,w48,19,1,0,data,ok,18,18,11.1,164.9
mpg,8.0,3,ack-1f,w,3,3,0,ctl,ok,0,0,12.6,164.9
mpg,8.0,3,w48-16qam-r1/2,w48,19,2,1,data,ok,17,17,10.5,164.9
mpg,8.0,3,ack-1f,w,2,2,0,ctl,ok,0,0,6.5,164.9
mpg,8.0,3,w48-16qam-r1/3,w48,19,1,0,data,ctl_lost,18,1,6.5,164.9
mpg,8.0,3,ack-4f,w,3,3,0,ctl,ok,0,0,13.7,164.9
mpg,8.0,3,ack-4f,w,3,3,0,ctl,ok,0,0,14.2,164.9
mpg,8.0,3,w48-16qam-r1/3,w48,19,2,1,data,ok,17,17,9.6,164.9
mpg,8.0,3,ack-1f,w,2,2,0,ctl,ok,0,0,7.3,164.9
mpg,8.0,3,w48-16qam-r1/3,w48,19,1,0,data,ok,18,18,8.3,164.9
mpg,8.0,3,ack-1f,w,2,2,0,ctl,ok,0,0,2.0,164.9
mpg,8.0,3,w48-16qam-r1/3,w48,19,1,0,data,ok,18,18,10.6,164.9
mpg,8.0,3,ack-1f,w,2,2,0,ctl,ok,0,0,11.8,164.9
mpg,8.0,3,w48-16qam-r1/3,w48,19,1,0,data,ctl_lost,18,9,7.0,164.9
mpg,8.0,3,ack-4f,w,3,3,0,ctl,ok,0,0,3.8,164.9
mpg,8.0,3,ack-4f,w,3,3,0,ctl,ok,0,0,8.1,164.9
mpg,8.0,4,qpsk-r1/5,w,1,1,0,ctl,ok,0,0,4.7,146.2
mpg,8.0,4,qpsk-r1/5,w,1,1,0,ctl,ok,0,0,3.0,146.2
mpg,8.0,4,ack-4f,w,3,3,0,ctl,ok,0,0,6.0,146.2
mpg,8.0,4,ack-1f,w,3,3,0,ctl,ok,0,0,5.9,146.2
mpg,8.0,4,w48-qpsk-r1/2,w48,19,2,1,data,ok,17,17,11.3,146.2
mpg,8.0,4,ack-1f,w,3,3,0,ctl,ok,0,0,7.6,146.2
mpg,8.0,4,w48-16qam-r1/3,w48,19,2,1,data,ok,17,17,11.2,146.2
mpg,8.0,4,ack-1f,w,2,2,0,ctl,ok,0,0,12.1,146.2
mpg,8.0,4,w48-16qam-r1/3,w48,19,1,0,data,ok,18,18,9.7,146.2
mpg,8.0,4,ack-1f,w,2,2,0,ctl,ok,0,0,16.1,146.2
mpg,8.0,4,w48-16qam-r1/3,w48,19,1,0,data,ok,18,18,10.8,146.2
mpg,8.0,4,ack-1f,w,2,2,0,ctl,ok,0,0,14.4,146.2
mpg,8.0,4,w48-16qam-r1/3,w48,19,1,0,data,ok,18,18,10.4,146.2
mpg,8.0,4,ack-1f,w,2,2,0,ctl,ok,0,0,9.8,146.2
mpg,8.0,4,w48-16qam-r1/3,w48,19,1,0,data,ok,18,18,10.4,146.2
mpg,8.0,4,ack-1f,w,2,2,0,ctl,ok,0,0,8.5,146.2
mpg,8.0,4,w48-16qam-r1/3,w48,19,1,0,data,ok,18,18,9.8,146.2
mpg,8.0,4,ack-1f,w,2,2,0,ctl,ok,0,0,10.5,146.2
mpg,8.0,4,w48-16qam-r1/3,w48,19,1,0,data,ok,18,18,10.4,146.2
mpg,8.0,4,ack-1f,w,2,2,0,ctl,ok,0,0,10.1,146.2
mpg,8.0,4,w48-16qam-r1/3,w48,19,1,0,data,ctl_lost,18,4,6.9,146.2
mpg,8.0,4,ack-4f,w,3,3,0,ctl,ok,0,0,11.6,146.2
mpg,8.0,4,ack-4f,w,2,2,0,ctl,ok,0,0,12.6,146.2
mpg,8.0,4,w48-qpsk-r1/2,w48,19,1,0,data,ok,18,18,8.4,146.2
mpg,8.0,4,ack-1f,w,2,2,0,ctl,ok,0,0,6.4,146.2
mpg,8.0,4,w48-qpsk-r1/2,w48,19,1,0,data,ok,18,18,10.6,146.2
mpg,8.0,4,ack-1f,w,3,3,0,ctl,ok,0,0,8.5,146.2
mpg,8.0,4,w48-16qam-r1/3,w48,19,2,1,data,ok,17,5,6.7,146.2
mpg,8.0,4,ack-1f,w,4,4,0,ctl,ok,0,0,9.9,146.2
mpg,8.0,4,w48-16qam-r1/3,w48,19,2,1,data,ok,5,5,8.1,146.2
mpg,8.0,4,ack-1f,w,2,2,0,ctl,ok,0,0,9.8,146.2
mpg,8.0,4,w48-qpsk-r1/2,w48,19,1,0,data,ok,18,18,8.2,146.2
mpg,8.0,4,ack-1f,w,2,2,0,ctl,ok,0,0,7.8,146.2
mpg,8.0,4,w48-qpsk-r1/2,w48,19,1,0,data,ok,18,18,10.6,146.2
mpg,8.0,4,ack-1f,w,3,3,0,ctl,ok,0,0,9.8,146.2
mpg,8.0,4,w48-16qam-r1/3,w48,19,2,1,data,ok,17,15,9.1,146.2
mpg,8.0,4,ack-1f,w,3,3,0,ctl,ok,0,0,5.1,146.2
mpg,8.0,4,w48-16qam-r1/3,w48,19,2,1,data,ok,15,15,9.9,146.2
mpg,8.0,4,ack-1f,w,3,3,0,ctl,ok,0,0,6.4,146.2
mpg,8.0,4,w48-16qam-r1/3,w48,19,2,1,data,ok,17,17,10.5,146.2
mpg,8.0,4,ack-1f,w,2,2,0,ctl,ok,0,0,11.3,146.2
mpg,8.0,4,w48-16qam-r1/3,w48,19,1,0,data,ok,18,18,10.5,146.2
mpg,8.0,4,ack-1f,w,2,2,0,ctl,ok,0,0,2.9,146.2
mpg,8.0,4,w48-16qam-r1/3,w48,19,1,0,data,ok,18,18,9.0,146.2
mpg,8.0,4,ack-1f,w,2,2,0,ctl,ok,0,0,11.9,146.2
mpg,8.0,4,w48-16qam-r1/3,w48,19,1,0,data,ctl_lost,18,0,6.1,146.2
mpg,8.0,4,ack-4f,w,3,3,0,ctl,ok,0,0,13.7,146.2
mpg,8.0,4,ack-4f,w,2,2,0,ctl,ok,0,0,8.3,146.2
mpg,8.0,4,w48-qpsk-r1/2,w48,19,1,0,data,ok,18,18,9.9,146.2
mpg,8.0,4,ack-1f,w,2,2,0,ctl,ok,0,0,10.1,146.2
mpg,8.0,4,w48-qpsk-r2/3,w48,19,1,0,data,ok,18,16,8.0,146.2
mpg,8.0,4,ack-1f,w,3,3,0,ctl,ok,0,0,13.3,146.2
mpg,8.0,4,w48-qpsk-r2/3,w48,19,2,1,data,ok,15,15,11.2,146.2
mpg,8.0,4,ack-1f,w,3,3,0,ctl,ok,0,0,13.4,146.2
mpg,8.0,4,w48-16qam-r1/3,w48,19,2,1,data,ok,17,17,9.7,146.2
mpg,8.0,4,ack-1f,w,2,2,0,ctl,ok,0,0,12.1,146.2
mpg,8.0,4,w48-16qam-r1/3,w48,19,1,0,data,ok,18,18,9.2,146.2
mpg,8.0,4,ack-1f,w,3,3,0,ctl,ok,0,0,8.3,146.2
mpg,8.0,4,w48-16qam-r1/3,w48,19,2,1,data,ok,17,0,4.7,146.2
mpg,8.0,4,ack-1f,w,2,2,0,ctl,ok,0,0,10.3,146.2
mpg,8.0,4,w48-qpsk-r1/2,w48,19,1,0,data,ok,18,18,10.1,146.2
mpg,8.0,4,ack-1f,w,2,2,0,ctl,ok,0,0,16.6,146.2
mpg,8.0,4,w48-qpsk-r1/2,w48,19,1,0,data,ok,18,18,9.8,146.2
mpg,8.0,4,ack-1f,w,2,2,0,ctl,ok,0,0,8.2,146.2
mpg,8.0,4,w48-16qam-r1/3,w48,19,1,0,data,ok,18,18,9.5,146.2
mpg,8.0,4,ack-1f,w,2,2,0,ctl,ok,0,0,14.3,146.2
mpg,8.0,4,w48-16qam-r1/3,w48,19,1,0,data,ctl_lost,18,0,5.5,146.2
mpg,8.0,4,ack-4f,w,2,2,0,ctl,ok,0,0,14.0,146.2
mpg,8.0,4,ack-4f,w,2,2,0,ctl,ok,0,0,12.7,146.2
mpg,8.0,4,w48-qpsk-r1/2,w48,19,1,0,data,ctl_lost,18,0,2.5,146.2
mpg,8.0,4,ack-4f,w,3,3,0,ctl,ok,0,0,14.1,146.2
mpg,8.0,4,ack-4f,w,3,3,0,ctl,ok,0,0,7.6,146.2
mpg,8.0,4,w48-qpsk-r1/2,w48,19,2,1,data,ok,17,17,11.8,146.2
mpg,8.0,4,ack-1f,w,2,2,0,ctl,ok,0,0,13.8,146.2
mpg,8.0,4,w48-qpsk-r2/3,w48,19,1,0,data,ok,18,18,9.4,146.2
mpg,8.0,4,ack-1f,w,2,2,0,ctl,ok,0,0,3.8,146.2
mpg,8.0,4,w48-qpsk-r2/3,w48,19,1,0,data,ok,18,18,10.4,146.2
mpg,8.0,4,ack-1f,w,3,3,0,ctl,ok,0,0,14.8,146.2
mpg,8.0,4,w48-qpsk-r2/3,w48,19,2,1,data,ok,17,17,10.4,146.2
mpg,8.0,4,ack-1f,w,2,2,0,ctl,ok,0,0,11.5,146.2
mpg,8.0,4,w48-qpsk-r2/3,w48,19,1,0,data,ctl_lost,18,0,8.4,146.2
mpg,8.0,4,ack-4f,w,3,3,0,ctl,ok,0,0,12.8,146.2
mpg,8.0,4,ack-4f,w,2,2,0,ctl,ok,0,0,11.7,146.2
mpg,8.0,4,w48-qpsk-r1/2,w48,19,1,0,data,ok,18,18,11.4,146.2
mpg,8.0,4,ack-1f,w,2,2,0,ctl,ok,0,0,14.4,146.2
mpg,8.0,4,w48-qpsk-r2/3,w48,19,1,0,data,ok,18,18,11.0,146.2
mpg,8.0,4,ack-1f,w,2,2,0,ctl,ok,0,0,11.9,146.2
mpg,8.0,4,w48-16qam-r1/3,w48,19,1,0,data,ok,18,18,7.8,146.2
mpg,8.0,4,ack-1f,w,2,2,0,ctl,ok,0,0,10.4,146.2
mpg,8.0,4,w48-qpsk-r1/2,w48,19,1,0,data,ok,18,18,12.1,146.2
mpg,8.0,4,ack-1f,w,2,2,0,ctl,ok,0,0,14.1,146.2
mpg,8.0,4,w48-qpsk-r1/2,w48,19,1,0,data,ok,18,18,9.9,146.2
mpg,8.0,4,ack-1f,w,3,3,0,ctl,ok,0,0,8.8,146.2
mpg,8.0,4,w48-16qam-r1/3,w48,19,2,1,data,ok,17,17,13.7,146.2
mpg,8.0,6,qpsk-r1/5,w,1,1,0,ctl,ok,0,0,10.3,176.4
mpg,8.0,6,qpsk-r1/5,w,1,1,0,ctl,ok,0,0,11.7,176.4
mpg,8.0,6,ack-4f,w,2,2,0,ctl,ok,0,0,4.7,176.4
mpg,8.0,6,ack-1f,w,3,3,0,ctl,ok,0,0,6.5,176.4
mpg,8.0,6,w48-qpsk-r1/2,w48,19,2,1,data,ok,17,17,9.9,176.4
mpg,8.0,6,ack-1f,w,3,3,0,ctl,ok,0,0,10.8,176.4
mpg,8.0,6,w48-16qam-r1/3,w48,19,2,1,data,ok,17,17,8.5,176.4
mpg,8.0,6,ack-1f,w,2,2,0,ctl,ok,0,0,12.5,176.4
mpg,8.0,6,w48-16qam-r1/3,w48,19,1,0,data,ok,18,18,11.3,176.4
mpg,8.0,6,ack-1f,w,2,2,0,ctl,ok,0,0,1.6,176.4
mpg,8.0,6,w48-16qam-r1/3,w48,19,1,0,data,ok,18,17,7.2,176.4
mpg,8.0,6,ack-1f,w,4,4,0,ctl,ok,0,0,6.6,176.4
mpg,8.0,6,w48-16qam-r1/3,w48,19,2,1,data,ok,16,16,9.4,176.4
mpg,8.0,6,ack-1f,w,3,3,0,ctl,ok,0,0,11.2,176.4
mpg,8.0,6,w48-16qam-r1/3,w48,19,2,1,data,ok,17,17,8.9,176.4
mpg,8.0,6,ack-1f,w,2,2,0,ctl,ok,0,0,8.7,176.4
mpg,8.0,6,w48-16qam-r1/3,w48,19,1,0,data,ok,18,18,8.3,176.4
mpg,8.0,6,ack-1f,w,2,2,0,ctl,ok,0,0,7.7,176.4
mpg,8.0,6,w48-16qam-r1/3,w48,19,1,0,data,ok,18,18,8.2,176.4
mpg,8.0,6,ack-1f,w,3,3,0,ctl,ok,0,0,12.8,176.4
mpg,8.0,6,w48-16qam-r1/3,w48,19,2,1,data,ok,17,17,8.3,176.4
mpg,8.0,6,ack-1f,w,3,3,0,ctl,ok,0,0,10.5,176.4
mpg,8.0,6,w48-16qam-r1/3,w48,19,2,1,data,ok,17,17,10.3,176.4
mpg,8.0,6,ack-1f,w,2,2,0,ctl,ok,0,0,11.1,176.4
mpg,8.0,6,w48-16qam-r1/3,w48,19,1,0,data,ok,18,18,10.0,176.4
mpg,8.0,6,ack-1f,w,2,2,0,ctl,ok,0,0,14.3,176.4
mpg,8.0,6,w48-16qam-r1/3,w48,19,1,0,data,ok,18,18,11.2,176.4
mpg,8.0,6,ack-1f,w,2,2,0,ctl,ok,0,0,12.9,176.4
mpg,8.0,6,w48-16qam-r1/3,w48,19,1,0,data,ok,18,18,14.7,176.4
mpg,8.0,6,ack-1f,w,3,3,0,ctl,ok,0,0,11.9,176.4
mpg,8.0,6,w48-16qam-r1/2,w48,19,2,1,data,ok,17,0,8.0,176.4
mpg,8.0,6,ack-1f,w,2,2,0,ctl,ok,0,0,12.0,176.4
mpg,8.0,6,w48-16qam-r1/3,w48,19,1,0,data,ok,18,18,9.4,176.4
mpg,8.0,6,ack-1f,w,2,2,0,ctl,ok,0,0,11.2,176.4
mpg,8.0,6,w48-16qam-r1/3,w48,19,1,0,data,ok,18,18,10.3,176.4
mpg,8.0,6,ack-1f,w,2,2,0,ctl,ok,0,0,17.3,176.4
mpg,8.0,6,w48-16qam-r1/3,w48,19,1,0,data,ok,18,18,10.5,176.4
mpg,8.0,6,ack-1f,w,2,2,0,ctl,ok,0,0,12.3,176.4
mpg,8.0,6,w48-16qam-r1/3,w48,19,1,0,data,ok,18,18,10.9,176.4
mpg,8.0,6,ack-1f,w,2,2,0,ctl,ok,0,0,9.7,176.4
mpg,8.0,6,w48-16qam-r1/3,w48,19,1,0,data,ok,18,18,9.0,176.4
mpg,8.0,6,ack-1f,w,2,2,0,ctl,ok,0,0,9.8,176.4
mpg,8.0,6,w48-16qam-r1/3,w48,19,1,0,data,ok,18,18,10.4,176.4
mpg,8.0,6,ack-1f,w,2,2,0,ctl,ok,0,0,8.1,176.4
mpg,8.0,6,w48-16qam-r1/3,w48,19,1,0,data,ok,18,18,11.9,176.4
mpg,8.0,6,ack-1f,w,2,2,0,ctl,ok,0,0,12.6,176.4
mpg,8.0,6,w48-16qam-r1/3,w48,19,1,0,data,ok,18,18,10.2,176.4
mpg,8.0,6,ack-1f,w,2,2,0,ctl,ok,0,0,11.1,176.4
mpg,8.0,6,w48-16qam-r1/3,w48,19,1,0,data,ok,18,18,12.0,176.4
mpg,8.0,6,ack-1f,w,2,2,0,ctl,ok,0,0,12.3,176.4
mpg,8.0,6,w48-16qam-r1/3,w48,19,1,0,data,ok,18,18,7.6,176.4
mpg,8.0,6,ack-1f,w,2,2,0,ctl,ok,0,0,11.5,176.4
mpg,8.0,6,w48-16qam-r1/3,w48,19,1,0,data,ok,18,18,9.4,176.4
mpg,8.0,6,ack-1f,w,2,2,0,ctl,ok,0,0,10.1,176.4
mpg,8.0,6,w48-16qam-r1/3,w48,19,1,0,data,ctl_lost,18,0,6.8,176.4
mpg,8.0,6,ack-4f,w,2,2,0,ctl,ok,0,0,14.5,176.4
mpg,8.0,6,ack-4f,w,3,3,0,ctl,ok,0,0,12.3,176.4
mpg,8.0,6,w48-16qam-r1/3,w48,19,2,1,data,ok,17,17,9.5,176.4
mpg,8.0,6,ack-1f,w,2,2,0,ctl,ok,0,0,8.4,176.4
mpg,8.0,6,w48-16qam-r1/3,w48,19,1,0,data,ok,18,18,9.3,176.4
mpg,8.0,6,ack-1f,w,2,2,0,ctl,ok,0,0,13.6,176.4
mpg,8.0,6,w48-16qam-r1/3,w48,19,1,0,data,ok,18,18,14.3,176.4
mpg,8.0,6,ack-1f,w,3,3,0,ctl,ok,0,0,11.0,176.4
mpg,8.0,6,w48-16qam-r1/2,w48,19,2,1,data,ctl_lost,17,0,3.4,176.4
mpg,8.0,6,ack-4f,w,2,2,0,ctl,ok,0,0,14.3,176.4
mpg,8.0,6,ack-4f,w,3,3,0,ctl,ok,0,0,13.6,176.4
mpg,8.0,6,w48-16qam-r1/3,w48,19,2,1,data,ok,17,0,6.3,176.4
mpg,8.0,6,ack-1f,w,3,3,0,ctl,ok,0,0,14.4,176.4
mpg,8.0,6,w48-16qam-r1/3,w48,19,2,1,data,ok,0,0,6.3,176.4
mpg,8.0,6,ack-1f,w,3,3,0,ctl,ok,0,0,-1.7,176.4
mpg,8.0,6,w48-qpsk-r1/2,w48,19,2,1,data,ok,17,17,9.0,176.4
mpg,8.0,6,ack-1f,w,3,3,0,ctl,ok,0,0,14.9,176.4
mpg,8.0,6,w48-16qam-r1/3,w48,19,2,1,data,ok,17,17,10.6,176.4
mpg,8.0,6,ack-1f,w,2,2,0,ctl,ok,0,0,6.5,176.4
mpg,8.0,6,w48-16qam-r1/3,w48,19,1,0,data,ok,18,18,10.8,176.4
mpg,8.0,6,ack-1f,w,2,2,0,ctl,ok,0,0,14.6,176.4
mpg,8.0,6,w48-16qam-r1/3,w48,19,1,0,data,ok,18,18,9.5,176.4
mpg,8.0,6,ack-1f,w,2,2,0,ctl,ok,0,0,12.4,176.4
mpg,8.0,6,w48-16qam-r1/3,w48,19,1,0,data,ok,18,18,13.0,176.4
mpg,8.0,6,ack-1f,w,2,2,0,ctl,ok,0,0,14.1,176.4
mpg,8.0,6,w48-16qam-r1/3,w48,19,1,0,data,ok,18,18,8.6,176.4
mpg,8.0,6,ack-1f,w,2,2,0,ctl,ok,0,0,13.8,176.4
mpg,8.0,6,w48-16qam-r1/3,w48,19,1,0,data,ok,18,18,10.5,176.4
mpg,8.0,6,ack-1f,w,2,2,0,ctl,ok,0,0,7.4,176.4
mpg,8.0,6,w48-16qam-r1/3,w48,19,1,0,data,ok,18,18,7.3,176.4
mpg,8.0,6,ack-1f,w,2,2,0,ctl,ok,0,0,12.1,176.4
mpg,8.0,6,w48-16qam-r1/3,w48,19,1,0,data,ok,18,18,10.2,176.4
mpg,8.0,6,ack-1f,w,2,2,0,ctl,ok,0,0,13.4,176.4
mpg,8.0,6,w48-16qam-r1/3,w48,19,1,0,data,ok,18,18,9.9,176.4
mpg,8.0,6,ack-1f,w,2,2,0,ctl,ok,0,0,13.8,176.4
mpg,8.0,6,w48-16qam-r1/3,w48,19,1,0,data,ok,18,18,11.4,176.4
mpg,8.0,6,ack-1f,w,2,2,0,ctl,ok,0,0,11.3,176.4
mpg,8.0,6,w48-16qam-r1/3,w48,19,1,0,data,ok,18,18,9.4,176.4
mpg,8.0,2,qpsk-r1/5,w,1,1,0,ctl,ok,0,0,10.4,145.3
mpg,8.0,2,qpsk-r1/5,w,1,1,0,ctl,ok,0,0,11.8,145.3
mpg,8.0,2,ack-4f,w,3,3,0,ctl,ok,0,0,10.4,145.3
mpg,8.0,2,ack-1f,w,2,2,0,ctl,ok,0,0,9.6,145.3
mpg,8.0,2,w48-16qam-r1/3,w48,19,1,0,data,ctl_lost,18,0,6.3,145.3
mpg,8.0,2,ack-4f,w,3,3,0,ctl,ok,0,0,12.8,145.3
mpg,8.0,2,ack-4f,w,2,2,0,ctl,ok,0,0,13.4,145.3
mpg,8.0,2,w48-qpsk-r1/2,w48,19,1,0,data,ok,18,18,11.0,145.3
mpg,8.0,2,ack-1f,w,2,2,0,ctl,ok,0,0,9.2,145.3
mpg,8.0,2,w48-qpsk-r2/3,w48,19,1,0,data,ctl_lost,18,0,5.7,145.3
mpg,8.0,2,ack-4f,w,2,2,0,ctl,ok,0,0,15.4,145.3
mpg,8.0,2,ack-4f,w,3,3,0,ctl,ok,0,0,7.7,145.3
mpg,8.0,2,w48-qpsk-r1/2,w48,19,2,1,data,ok,17,17,10.1,145.3
mpg,8.0,2,ack-1f,w,3,3,0,ctl,ok,0,0,11.8,145.3
mpg,8.0,2,w48-16qam-r1/3,w48,19,2,1,data,ok,17,17,10.5,145.3
mpg,8.0,2,ack-1f,w,3,3,0,ctl,ok,0,0,9.3,145.3
mpg,8.0,2,w48-16qam-r1/3,w48,19,2,1,data,ok,17,17,11.1,145.3
mpg,8.0,2,ack-1f,w,2,2,0,ctl,ok,0,0,6.0,145.3
mpg,8.0,2,w48-16qam-r1/3,w48,19,1,0,data,ctl_lost,18,0,5.5,145.3
mpg,8.0,2,ack-4f,w,3,3,0,ctl,ok,0,0,10.0,145.3
mpg,8.0,2,ack-4f,w,3,3,0,ctl,ok,0,0,9.3,145.3
mpg,8.0,2,w48-qpsk-r1/2,w48,19,2,1,data,ok,17,17,6.9,145.3
mpg,8.0,2,ack-1f,w,2,2,0,ctl,ok,0,0,11.2,145.3
mpg,8.0,2,w48-qpsk-r1/2,w48,19,1,0,data,ok,18,18,8.8,145.3
mpg,8.0,2,ack-1f,w,2,2,0,ctl,ok,0,0,7.5,145.3
mpg,8.0,2,w48-qpsk-r1/2,w48,19,1,0,data,ok,18,18,10.5,145.3
mpg,8.0,2,ack-1f,w,2,2,0,ctl,ok,0,0,6.5,145.3
mpg,8.0,2,w48-qpsk-r1/2,w48,19,1,0,data,ok,18,18,12.9,145.3
mpg,8.0,2,ack-1f,w,3,3,0,ctl,ok,0,0,13.8,145.3
mpg,8.0,2,w48-16qam-r1/2,w48,19,2,1,data,ok,17,16,10.4,145.3
mpg,8.0,2,ack-1f,w,4,4,0,ctl,ok,0,0,14.5,145.3
mpg,8.0,2,w48-16qam-r1/2,w48,19,2,1,data,ok,16,16,12.5,145.3
mpg,8.0,2,ack-1f,w,3,3,0,ctl,ok,0,0,10.8,145.3
mpg,8.0,2,w48-16qam-r1/3,w48,19,2,1,data,ok,17,17,10.5,145.3
mpg,8.0,2,ack-1f,w,3,3,0,ctl,ok,0,0,9.1,145.3
mpg,8.0,2,w48-16qam-r1/3,w48,19,2,1,data,ok,17,17,10.9,145.3
mpg,8.0,2,ack-1f,w,3,3,0,ctl,ok,0,0,12.5,145.3
mpg,8.0,2,w48-16qam-r1/2,w48,19,2,1,data,ok,17,16,10.5,145.3
mpg,8.0,2,ack-1f,w,3,3,0,ctl,ok,0,0,9.8,145.3
mpg,8.0,2,w48-16qam-r1/2,w48,19,2,1,data,ok,16,0,9.9,145.3
mpg,8.0,2,ack-1f,w,3,3,0,ctl,ok,0,0,13.5,145.3
mpg,8.0,2,w48-16qam-r1/3,w48,19,2,1,data,ok,17,9,7.0,145.3
mpg,8.0,2,ack-1f,w,4,4,0,ctl,ok,0,0,6.0,145.3
mpg,8.0,2,w48-16qam-r1/3,w48,19,2,1,data,ok,11,11,9.0,145.3
mpg,8.0,2,ack-1f,w,2,2,0,ctl,ok,0,0,12.3,145.3
mpg,8.0,2,w48-qpsk-r1/2,w48,19,1,0,data,ok,18,18,10.4,145.3
mpg,8.0,2,ack-1f,w,3,3,0,ctl,ok,0,0,8.0,145.3
mpg,8.0,2,w48-16qam-r1/3,w48,19,2,1,data,ok,17,17,8.9,145.3
mpg,8.0,2,ack-1f,w,3,3,0,ctl,ok,0,0,12.1,145.3
mpg,8.0,2,w48-16qam-r1/3,w48,19,2,1,data,ok,17,0,5.6,145.3
mpg,8.0,2,ack-1f,w,2,2,0,ctl,ok,0,0,6.8,145.3
mpg,8.0,2,w48-qpsk-r1/2,w48,19,1,0,data,ok,18,18,9.6,145.3
mpg,8.0,2,ack-1f,w,2,2,0,ctl,ok,0,0,-0.4,145.3
mpg,8.0,2,w48-qpsk-r1/2,w48,19,1,0,data,ok,18,18,7.1,145.3
mpg,8.0,2,ack-1f,w,2,2,0,ctl,ok,0,0,12.3,145.3
mpg,8.0,2,w48-qpsk-r1/2,w48,19,1,0,data,ok,18,18,6.1,145.3
mpg,8.0,2,ack-1f,w,2,2,0,ctl,ok,0,0,11.9,145.3
mpg,8.0,2,w48-qpsk-r1/2,w48,19,1,0,data,ok,18,18,11.9,145.3
mpg,8.0,2,ack-1f,w,2,2,0,ctl,ok,0,0,16.3,145.3
mpg,8.0,2,w48-qpsk-r1/2,w48,19,1,0,data,ok,18,18,10.8,145.3
mpg,8.0,2,ack-1f,w,3,3,0,ctl,ok,0,0,15.0,145.3
mpg,8.0,2,w48-16qam-r1/2,w48,19,2,1,data,ok,17,0,9.2,145.3
mpg,8.0,2,ack-1f,w,2,2,0,ctl,ok,0,0,11.5,145.3
mpg,8.0,2,w48-16qam-r1/3,w48,19,1,0,data,ok,18,18,10.4,145.3
mpg,8.0,2,ack-1f,w,2,2,0,ctl,ok,0,0,10.8,145.3
mpg,8.0,2,w48-16qam-r1/3,w48,19,1,0,data,ok,18,18,8.6,145.3
mpg,8.0,2,ack-1f,w,3,3,0,ctl,ok,0,0,9.2,145.3
mpg,8.0,2,w48-16qam-r1/3,w48,19,2,1,data,ok,17,17,9.3,145.3
mpg,8.0,2,ack-1f,w,3,3,0,ctl,ok,0,0,10.7,145.3
mpg,8.0,2,w48-16qam-r1/3,w48,19,2,1,data,ok,17,17,9.1,145.3
mpg,8.0,2,ack-1f,w,2,2,0,ctl,ok,0,0,8.9,145.3
mpg,8.0,2,w48-16qam-r1/3,w48,19,1,0,data,ok,18,11,6.9,145.3
mpg,8.0,2,ack-1f,w,4,4,0,ctl,ok,0,0,10.8,145.3
mpg,8.0,2,w48-16qam-r1/3,w48,19,2,1,data,ok,10,10,8.5,145.3
mpg,8.0,2,ack-1f,w,2,2,0,ctl,ok,0,0,13.3,145.3
mpg,8.0,2,w48-qpsk-r1/2,w48,19,1,0,data,ok,18,18,11.9,145.3
mpg,8.0,2,ack-1f,w,2,2,0,ctl,ok,0,0,12.9,145.3
mpg,8.0,2,w48-16qam-r1/3,w48,19,1,0,data,ok,18,18,10.5,145.3
mpg,8.0,2,ack-1f,w,2,2,0,ctl,ok,0,0,16.9,145.3
mpg,8.0,2,w48-16qam-r1/3,w48,19,1,0,data,ok,18,14,9.0,145.3
mpg,8.0,2,ack-1f,w,4,4,0,ctl,ok,0,0,11.8,145.3
mpg,8.0,2,w48-16qam-r1/3,w48,19,2,1,data,ok,13,13,11.7,145.3
mpg,8.0,2,ack-1f,w,2,2,0,ctl,ok,0,0,16.0,145.3
mpg,8.0,2,w48-16qam-r1/3,w48,19,1,0,data,ok,18,18,9.9,145.3
mpg,8.0,2,ack-1f,w,2,2,0,ctl,ok,0,0,16.1,145.3
mpg,8.0,2,w48-16qam-r1/3,w48,19,1,0,data,ok,18,18,11.0,145.3
mpg,8.0,2,ack-1f,w,2,2,0,ctl,ok,0,0,9.0,145.3
mpg,8.0,2,w48-16qam-r1/3,w48,19,1,0,data,ok,18,18,9.1,145.3
mpg,8.0,2,ack-1f,w,2,2,0,ctl,ok,0,0,8.1,145.3
mpg,8.0,2,w48-16qam-r1/3,w48,19,1,0,data,ctl_lost,18,0,6.0,145.3
mpg,8.0,2,ack-4f,w,2,2,0,ctl,ok,0,0,12.6,145.3
mpg,8.0,2,ack-4f,w,2,2,0,ctl,ok,0,0,14.6,145.3
mpg,8.0,2,w48-qpsk-r1/2,w48,19,1,0,data,ok,18,18,8.9,145.3
mpp,-4.0,0,qpsk-r1/5,w,1,1,0,ctl,ok,0,0,1.2,20.4
mpp,-4.0,0,qpsk-r1/5,w,1,1,0,ctl,ok,0,0,-1.6,20.4
mpp,-4.0,0,ack-4f,w,3,3,0,ctl,ok,0,0,-3.8,20.4
mpp,-4.0,0,n10-ack-4f,n10,3,3,0,ctl,ok,0,0,-2.6,20.4
mpp,-4.0,0,qpsk-r1/5,w,9,2,1,data,ok,7,7,0.7,20.4
mpp,-4.0,0,ack-4f,w,3,3,0,ctl,ok,0,0,-1.9,20.4
mpp,-4.0,0,qpsk-r1/5,w,9,2,1,data,ok,7,7,-1.7,20.4
mpp,-4.0,0,n10-ack-4f,n10,2,2,0,ctl,ok,0,0,-6.9,20.4
mpp,-4.0,0,qpsk-r1/5,w,9,1,0,data,ok,8,8,-1.5,20.4
mpp,-4.0,0,ack-4f,w,3,3,0,ctl,ok,0,0,-2.9,20.4
mpp,-4.0,0,qpsk-r1/5,w,9,2,1,data,ok,7,7,0.9,20.4
mpp,-4.0,0,n10-ack-4f,n10,2,2,0,ctl,ok,0,0,-0.1,20.4
mpp,-4.0,0,qpsk-r1/5,w,9,1,0,data,ok,8,8,0.4,20.4
mpp,-4.0,0,ack-4f,w,2,2,0,ctl,ok,0,0,-5.1,20.4
mpp,-4.0,0,qpsk-r1/5,w,9,1,0,data,ok,8,8,-2.1,20.4
mpp,-4.0,0,ack-4f,w,2,2,0,ctl,ok,0,0,0.3,20.4
mpp,-4.0,0,qpsk-r1/5,w,9,1,0,data,ok,8,8,-0.8,20.4
mpp,-4.0,0,n10-ack-4f,n10,2,2,0,ctl,ok,0,0,-3.1,20.4
mpp,-4.0,0,qpsk-r1/5,w,9,1,0,data,ok,8,8,0.9,20.4
mpp,-4.0,0,ack-4f,w,2,2,0,ctl,ok,0,0,-0.4,20.4
mpp,-4.0,0,qpsk-r1/5,w,9,1,0,data,ok,8,8,-1.1,20.4
mpp,-4.0,0,ack-4f,w,2,2,0,ctl,ok,0,0,-2.7,20.4
mpp,-4.0,0,qpsk-r1/5,w,9,1,0,data,ok,8,8,-0.4,20.4
mpp,-4.0,0,ack-4f,w,2,2,0,ctl,ok,0,0,-2.0,20.4
mpp,-4.0,0,qpsk-r1/5,w,9,1,0,data,ok,8,8,-0.2,20.4
mpp,-4.0,0,n10-ack-4f,n10,2,2,0,ctl,ok,0,0,-5.1,20.4
mpp,-4.0,0,qpsk-r1/5,w,9,1,0,data,ok,8,8,-2.1,20.4
mpp,-4.0,0,ack-4f,w,2,2,0,ctl,ok,0,0,-2.6,20.4
mpp,-4.0,0,qpsk-r1/5,w,9,1,0,data,ctl_lost,8,0,-5.0,20.4
mpp,-4.0,0,ack-4f,w,3,3,0,ctl,ok,0,0,-3.0,20.4
mpp,-4.0,0,ack-4f,w,3,3,0,ctl,ok,0,0,-1.4,20.4
mpp,-4.0,0,qpsk-r1/5,w,9,2,1,data,ok,7,7,-1.6,20.4
mpp,-4.0,0,n10-ack-4f,n10,3,3,0,ctl,ok,0,0,-2.9,20.4
mpp,-4.0,0,qpsk-r1/5,w,9,2,1,data,ok,7,7,-0.6,20.4
mpp,-4.0,0,ack-4f,w,2,2,0,ctl,ok,0,0,-2.1,20.4
mpp,-4.0,0,qpsk-r1/5,w,9,1,0,data,ok,8,8,-0.5,20.4
mpp,-4.0,0,n10-ack-4f,n10,2,2,,ctl,missed,0,0,,20.4
mpp,-4.0,0,ack-4f,w,3,3,0,ctl,ok,0,0,-1.5,20.4
mpp,-4.0,0,ack-4f,w,3,3,0,ctl,ok,0,0,-4.7,20.4
mpp,-4.0,0,qpsk-r1/5,w,9,2,1,data,ok,7,0,-2.7,20.4
mpp,-4.0,0,n10-ack-4f,n10,3,3,0,ctl,ok,0,0,0.6,20.4
mpp,-4.0,0,qpsk-r1/5,w,9,2,1,data,ok,2,2,-1.4,20.4
mpp,-4.0,0,ack-4f,w,2,2,0,ctl,ok,0,0,-2.0,20.4
mpp,-4.0,0,qpsk-r1/5,w,9,1,0,data,ok,8,8,1.2,20.4
mpp,-4.0,0,ack-4f,w,2,2,0,ctl,ok,0,0,-3.1,20.4
mpp,-4.0,0,qpsk-r1/5,w,9,1,0,data,ok,8,8,-1.5,20.4
mpp,-4.0,0,n10-ack-4f,n10,2,2,0,ctl,ok,0,0,-5.2,20.4
mpp,-4.0,0,qpsk-r1/5,w,9,1,0,data,ok,8,8,1.0,20.4
mpp,-4.0,0,ack-4f,w,2,2,0,ctl,ok,0,0,-2.4,20.4
mpp,-4.0,0,qpsk-r1/5,w,9,1,0,data,ok,8,8,-1.0,20.4
mpp,-4.0,0,n10-ack-4f,n10,2,2,0,ctl,ok,0,0,-0.3,20.4
mpp,-4.0,0,qpsk-r1/5,w,9,1,0,data,ok,8,8,0.1,20.4
mpp,-4.0,0,ack-4f,w,2,2,0,ctl,ok,0,0,-0.7,20.4
mpp,-4.0,0,qpsk-r1/5,w,9,1,,data,missed,0,0,,20.4
mpp,-4.0,0,ack-4f,w,3,3,0,ctl,ok,0,0,-1.7,20.4
mpp,-4.0,0,ack-4f,w,2,2,0,ctl,ok,0,0,0.5,20.4
mpp,-4.0,0,qpsk-r1/5,w,9,1,0,data,ok,8,8,-0.8,20.4
mpp,-4.0,0,ack-4f,w,2,2,0,ctl,ok,0,0,1.9,20.4
mpp,-4.0,0,qpsk-r1/5,w,9,1,0,data,ok,8,8,-2.3,20.4
mpp,-4.0,0,ack-4f,w,2,2,0,ctl,ok,0,0,-2.3,20.4
mpp,-4.0,0,qpsk-r1/5,w,9,1,0,data,ctl_lost,8,0,-2.2,20.4
mpp,-4.0,0,ack-4f,w,3,3,,ctl,missed,0,0,,20.4
mpp,-4.0,0,ack-4f,w,3,3,0,ctl,ok,0,0,-1.4,20.4
mpp,-4.0,0,ack-4f,w,3,3,0,ctl,ok,0,0,1.1,20.4
mpp,-4.0,0,qpsk-r1/5,w,9,2,1,data,ok,7,7,-0.3,20.4
mpp,-4.0,0,ack-4f,w,3,3,0,ctl,ok,0,0,2.7,20.4
mpp,-4.0,0,qpsk-r1/5,w,9,2,1,data,ok,7,7,0.2,20.4
mpp,-4.0,0,ack-4f,w,2,2,0,ctl,ok,0,0,-0.4,20.4
mpp,-4.0,0,qpsk-r1/5,w,9,1,0,data,ok,8,8,0.5,20.4
mpp,-4.0,0,ack-4f,w,2,2,0,ctl,ok,0,0,0.0,20.4
mpp,-4.0,0,qpsk-r1/5,w,9,1,0,data,ok,8,8,-2.1,20.4
mpp,-4.0,0,ack-4f,w,2,2,0,ctl,ok,0,0,-4.4,20.4
mpp,-4.0,0,qpsk-r1/5,w,9,1,0,data,ok,8,8,-0.8,20.4
mpp,-4.0,0,ack-4f,w,2,2,0,ctl,ok,0,0,-0.8,20.4
mpp,-4.0,0,qpsk-r1/5,w,9,1,0,data,ctl_lost,8,0,-2.0,20.4
mpp,-4.0,0,ack-4f,w,3,3,0,ctl,ok,0,0,0.1,20.4
mpp,-4.0,0,ack-4f,w,3,3,0,ctl,ok,0,0,1.5,20.4
mpp,-4.0,0,qpsk-r1/5,w,9,2,1,data,ok,7,7,-1.1,20.4
mpp,-4.0,0,ack-4f,w,3,3,0,ctl,ok,0,0,-0.7,20.4
mpp,-4.0,0,qpsk-r1/5,w,9,2,1,data,ok,7,7,-1.5,20.4
mpp,-4.0,0,ack-4f,w,3,3,0,ctl,ok,0,0,2.0,20.4
mpp,-4.0,0,qpsk-r1/5,w,9,2,1,data,ok,7,7,-0.1,20.4
mpp,-4.0,0,ack-4f,w,2,2,0,ctl,ok,0,0,-5.0,20.4
mpp,-4.0,0,qpsk-r1/5,w,9,1,0,data,ok,8,8,0.5,20.4
mpp,-4.0,0,ack-4f,w,2,2,0,ctl,ok,0,0,-1.2,20.4
mpp,-4.0,0,qpsk-r1/5,w,9,1,0,data,ok,8,8,-0.3,20.4
mpp,-4.0,0,n10-ack-4f,n10,2,2,0,ctl,ok,0,0,-4.0,20.4
mpp,-4.0,0,qpsk-r1/5,w,9,1,0,data,ok,8,8,2.3,20.4
mpp,-4.0,0,ack-4f,w,2,2,0,ctl,ok,0,0,-4.1,20.4
mpp,-4.0,0,qpsk-r1/5,w,9,1,0,data,ok,8,8,0.8,20.4
mpp,-4.0,0,n10-ack-4f,n10,2,2,,ctl,missed,0,0,,20.4
mpp,-4.0,0,ack-4f,w,3,3,0,ctl,ok,0,0,1.5,20.4
mpp,-4.0,0,ack-4f,w,2,2,,ctl,missed,0,0,,20.4
mpp,-4.0,0,ack-4f,w,3,3,0,ctl,ok,0,0,-1.1,20.4
mpp,-4.0,0,ack-4f,w,2,2,0,ctl,ok,0,0,1.2,20.4
mpp,-4.0,0,qpsk-r1/5,w,9,1,0,data,ok,8,8,-1.5,20.4
mpg,8.0,5,qpsk-r1/5,w,1,1,0,ctl,ok,0,0,12.3,151.7
mpg,8.0,5,qpsk-r1/5,w,1,1,0,ctl,ok,0,0,14.1,151.7
mpg,8.0,5,ack-4f,w,2,2,0,ctl,ok,0,0,12.1,151.7
mpg,8.0,5,ack-1f,w,3,3,0,ctl,ok,0,0,6.1,151.7
mpg,8.0,5,w48-qpsk-r3/4,w48,19,2,1,data,ok,17,0,10.3,151.7
mpg,8.0,5,ack-1f,w,3,3,0,ctl,ok,0,0,13.7,151.7
mpg,8.0,5,w48-16qam-r1/3,w48,19,2,1,data,ok,17,17,11.7,151.7
mpg,8.0,5,ack-1f,w,2,2,0,ctl,ok,0,0,11.1,151.7
mpg,8.0,5,w48-16qam-r1/3,w48,19,1,0,data,ok,18,18,9.2,151.7
mpg,8.0,5,ack-1f,w,2,2,0,ctl,ok,0,0,8.0,151.7
mpg,8.0,5,w48-16qam-r1/3,w48,19,1,0,data,ok,18,18,10.3,151.7
mpg,8.0,5,ack-1f,w,2,2,0,ctl,ok,0,0,8.3,151.7
mpg,8.0,5,w48-16qam-r1/3,w48,19,1,0,data,ok,18,18,11.2,151.7
mpg,8.0,5,ack-1f,w,2,2,0,ctl,ok,0,0,11.1,151.7
mpg,8.0,5,w48-16qam-r1/3,w48,19,1,0,data,ok,18,18,10.6,151.7
mpg,8.0,5,ack-1f,w,2,2,0,ctl,ok,0,0,9.3,151.7
mpg,8.0,5,w48-16qam-r1/3,w48,19,1,0,data,ok,18,18,9.4,151.7
mpg,8.0,5,ack-1f,w,2,2,0,ctl,ok,0,0,14.6,151.7
mpg,8.0,5,w48-16qam-r1/3,w48,19,1,0,data,ok,18,18,9.9,151.7
mpg,8.0,5,ack-1f,w,2,2,0,ctl,ok,0,0,8.7,151.7
mpg,8.0,5,w48-16qam-r1/3,w48,19,1,0,data,ok,18,18,9.8,151.7
mpg,8.0,5,ack-1f,w,2,2,0,ctl,ok,0,0,10.7,151.7
mpg,8.0,5,w48-16qam-r1/3,w48,19,1,0,data,ok,18,18,8.0,151.7
mpg,8.0,5,ack-1f,w,2,2,0,ctl,ok,0,0,7.5,151.7
mpg,8.0,5,w48-16qam-r1/3,w48,19,1,0,data,ok,18,18,8.0,151.7
mpg,8.0,5,ack-1f,w,3,3,0,ctl,ok,0,0,4.9,151.7
mpg,8.0,5,w48-16qam-r1/3,w48,19,2,1,data,ok,17,17,8.2,151.7
mpg,8.0,5,ack-1f,w,3,3,0,ctl,ok,0,0,12.9,151.7
mpg,8.0,5,w48-16qam-r1/3,w48,19,2,1,data,ok,17,17,9.0,151.7
mpg,8.0,5,ack-1f,w,2,2,0,ctl,ok,0,0,12.0,151.7
mpg,8.0,5,w48-16qam-r1/3,w48,19,1,0,data,ctl_lost,18,0,6.3,151.7
mpg,8.0,5,ack-4f,w,2,2,0,ctl,ok,0,0,12.9,151.7
mpg,8.0,5,ack-4f,w,3,3,0,ctl,ok,0,0,12.4,151.7
mpg,8.0,5,w48-16qam-r1/3,w48,19,2,1,data,ok,17,17,11.4,151.7
mpg,8.0,5,ack-1f,w,2,2,0,ctl,ok,0,0,15.4,151.7
mpg,8.0,5,w48-16qam-r1/3,w48,19,1,0,data,ctl_lost,18,2,7.2,151.7
mpg,8.0,5,ack-4f,w,3,3,0,ctl,ok,0,0,10.8,151.7
mpg,8.0,5,ack-4f,w,2,2,0,ctl,ok,0,0,10.5,151.7
mpg,8.0,5,w48-qpsk-r1/2,w48,19,1,0,data,ok,18,18,9.5,151.7
mpg,8.0,5,ack-1f,w,2,2,0,ctl,ok,0,0,11.8,151.7
mpg,8.0,5,w48-qpsk-r1/2,w48,19,1,0,data,ok,18,18,7.0,151.7
mpg,8.0,5,ack-1f,w,2,2,0,ctl,ok,0,0,12.5,151.7
mpg,8.0,5,w48-qpsk-r1/2,w48,19,1,0,data,ok,18,18,9.9,151.7
mpg,8.0,5,ack-1f,w,2,2,0,ctl,ok,0,0,11.6,151.7
mpg,8.0,5,w48-qpsk-r1/2,w48,19,1,0,data,ok,18,18,9.9,151.7
mpg,8.0,5,ack-1f,w,3,3,0,ctl,ok,0,0,14.6,151.7
mpg,8.0,5,w48-16qam-r1/3,w48,19,2,1,data,ok,17,17,11.8,151.7
mpg,8.0,5,ack-1f,w,2,2,0,ctl,ok,0,0,13.8,151.7
mpg,8.0,5,w48-16qam-r1/3,w48,19,1,0,data,ok,18,18,11.6,151.7
mpg,8.0,5,ack-1f,w,3,3,0,ctl,ok,0,0,12.5,151.7
mpg,8.0,5,w48-16qam-r1/2,w48,19,2,1,data,ok,17,0,9.5,151.7
mpg,8.0,5,ack-1f,w,3,3,0,ctl,ok,0,0,15.2,151.7
mpg,8.0,5,w48-16qam-r1/3,w48,19,2,1,data,ok,17,17,10.6,151.7
mpg,8.0,5,ack-1f,w,3,3,0,ctl,ok,0,0,13.3,151.7
mpg,8.0,5,w48-16qam-r1/3,w48,19,2,1,data,ok,17,16,7.7,151.7
mpg,8.0,5,ack-1f,w,3,3,0,ctl,ctl_lost,0,0,-5.8,151.7
mpg,8.0,5,ack-4f,w,3,3,0,ctl,ok,0,0,8.8,151.7
mpg,8.0,5,ack-4f,w,3,3,0,ctl,ok,0,0,12.0,151.7
mpg,8.0,5,w48-16qam-r1/3,w48,19,2,1,data,ok,17,17,10.2,151.7
mpg,8.0,5,ack-1f,w,2,2,0,ctl,ok,0,0,8.2,151.7
mpg,8.0,5,w48-16qam-r1/3,w48,19,1,0,data,ok,18,18,9.0,151.7
mpg,8.0,5,ack-1f,w,2,2,0,ctl,ok,0,0,6.6,151.7
mpg,8.0,5,w48-16qam-r1/3,w48,19,1,0,data,ok,18,18,8.9,151.7
mpg,8.0,5,ack-1f,w,2,2,0,ctl,ok,0,0,11.8,151.7
mpg,8.0,5,w48-16qam-r1/3,w48,19,1,0,data,ok,18,18,9.7,151.7
mpg,8.0,5,ack-1f,w,2,2,0,ctl,ok,0,0,8.2,151.7
mpg,8.0,5,w48-16qam-r1/3,w48,19,1,0,data,ctl_lost,18,8,6.7,151.7
mpg,8.0,5,ack-4f,w,3,3,0,ctl,ok,0,0,11.6,151.7
mpg,8.0,5,ack-4f,w,2,2,0,ctl,ok,0,0,14.7,151.7
mpg,8.0,5,w48-qpsk-r1/2,w48,19,1,0,data,ok,18,18,12.0,151.7
mpg,8.0,5,ack-1f,w,2,2,0,ctl,ok,0,0,12.0,151.7
mpg,8.0,5,w48-16qam-r1/3,w48,19,1,0,data,ok,18,18,10.3,151.7
mpg,8.0,5,ack-1f,w,2,2,0,ctl,ok,0,0,9.1,151.7
mpg,8.0,5,w48-16qam-r1/3,w48,19,1,0,data,ok,18,18,8.4,151.7
mpg,8.0,5,ack-1f,w,3,3,0,ctl,ok,0,0,14.3,151.7
mpg,8.0,5,w48-16qam-r1/3,w48,19,2,1,data,ok,17,17,10.0,151.7
mpg,8.0,5,ack-1f,w,3,3,0,ctl,ok,0,0,14.3,151.7
mpg,8.0,5,w48-16qam-r1/3,w48,19,2,1,data,ok,17,17,10.3,151.7
mpg,8.0,5,ack-1f,w,2,2,0,ctl,ok,0,0,5.9,151.7
mpg,8.0,5,w48-16qam-r1/3,w48,19,1,0,data,ok,18,18,12.5,151.7
mpg,8.0,5,ack-1f,w,2,2,0,ctl,ok,0,0,9.2,151.7
mpg,8.0,5,w48-16qam-r1/3,w48,19,1,0,data,ok,18,18,9.0,151.7
mpg,8.0,5,ack-1f,w,2,2,0,ctl,ok,0,0,11.0,151.7
mpg,8.0,5,w48-16qam-r1/3,w48,19,1,0,data,ok,18,18,12.2,151.7
mpg,8.0,5,ack-1f,w,2,2,0,ctl,ok,0,0,14.0,151.7
mpg,8.0,5,w48-16qam-r1/3,w48,19,1,0,data,ctl_lost,18,0,7.2,151.7
mpg,8.0,5,ack-4f,w,2,2,0,ctl,ok,0,0,8.8,151.7
mpg,8.0,5,ack-4f,w,3,3,0,ctl,ok,0,0,7.9,151.7
mpg,8.0,5,w48-qpsk-r1/2,w48,19,2,1,data,ok,17,17,9.8,151.7
mpg,8.0,5,ack-1f,w,3,3,0,ctl,ok,0,0,13.9,151.7
mpg,8.0,5,w48-qpsk-r2/3,w48,19,2,1,data,ok,17,0,6.0,151.7
mpg,8.0,5,ack-1f,w,2,2,0,ctl,ok,0,0,10.1,151.7
mpg,8.0,5,w48-qpsk-r1/2,w48,19,1,0,data,ok,18,18,12.4,151.7
mpg,8.0,5,ack-1f,w,2,2,0,ctl,ok,0,0,11.3,151.7
mpg,8.0,5,w48-qpsk-r1/2,w48,19,1,0,data,ctl_lost,18,0,3.3,151.7
mpp,-4.0,2,qpsk-r1/5,w,1,1,0,ctl,ok,0,0,-1.5,21.2
mpp,-4.0,2,qpsk-r1/5,w,1,1,0,ctl,ok,0,0,0.6,21.2
mpp,-4.0,2,ack-4f,w,3,3,0,ctl,ok,0,0,-5.7,21.2
mpp,-4.0,2,ack-4f,w,3,3,0,ctl,ok,0,0,-3.9,21.2
mpp,-4.0,2,qpsk-r1/5,w,9,2,1,data,ok,7,7,-1.0,21.2
mpp,-4.0,2,n10-ack-4f,n10,3,3,0,ctl,ok,0,0,-2.8,21.2
mpp,-4.0,2,qpsk-r1/5,w,9,2,1,data,ok,7,7,-1.2,21.2
mpp,-4.0,2,ack-4f,w,2,2,0,ctl,ok,0,0,-0.7,21.2
mpp,-4.0,2,qpsk-r1/5,w,9,1,0,data,ok,8,8,-2.0,21.2
mpp,-4.0,2,ack-4f,w,3,3,0,ctl,ok,0,0,0.6,21.2
mpp,-4.0,2,qpsk-r1/5,w,9,2,1,data,ok,7,7,-1.6,21.2
mpp,-4.0,2,ack-4f,w,3,3,0,ctl,ok,0,0,-2.0,21.2
mpp,-4.0,2,qpsk-r1/5,w,9,2,1,data,ok,7,7,-0.5,21.2
mpp,-4.0,2,ack-4f,w,2,2,0,ctl,ok,0,0,-2.9,21.2
mpp,-4.0,2,qpsk-r1/5,w,9,1,0,data,ok,8,8,-0.9,21.2
mpp,-4.0,2,n10-ack-4f,n10,2,2,0,ctl,ok,0,0,-1.5,21.2
mpp,-4.0,2,qpsk-r1/5,w,9,1,0,data,ok,8,8,-0.2,21.2
mpp,-4.0,2,ack-4f,w,2,2,0,ctl,ok,0,0,2.2,21.2
mpp,-4.0,2,qpsk-r1/5,w,9,1,0,data,ok,8,8,-1.1,21.2
mpp,-4.0,2,ack-4f,w,2,2,0,ctl,ok,0,0,-1.7,21.2
mpp,-4.0,2,qpsk-r1/5,w,9,1,0,data,ok,8,8,-1.4,21.2
mpp,-4.0,2,ack-4f,w,2,2,0,ctl,ok,0,0,-1.2,21.2
mpp,-4.0,2,qpsk-r1/5,w,9,1,0,data,ok,8,8,-0.6,21.2
mpp,-4.0,2,ack-4f,w,2,2,0,ctl,ok,0,0,-7.7,21.2
mpp,-4.0,2,qpsk-r1/5,w,9,1,0,data,ctl_lost,8,3,-2.1,21.2
mpp,-4.0,2,ack-4f,w,3,3,0,ctl,ok,0,0,-2.2,21.2
mpp,-4.0,2,ack-4f,w,3,3,0,ctl,ok,0,0,-0.6,21.2
mpp,-4.0,2,qpsk-r1/5,w,9,2,1,data,ok,7,7,-0.9,21.2
mpp,-4.0,2,n10-ack-4f,n10,3,3,0,ctl,ok,0,0,-0.6,21.2
mpp,-4.0,2,qpsk-r1/5,w,9,2,1,data,ok,7,7,-1.5,21.2
mpp,-4.0,2,ack-4f,w,2,2,0,ctl,ok,0,0,-2.9,21.2
mpp,-4.0,2,qpsk-r1/5,w,9,1,0,data,ok,8,8,-1.2,21.2
mpp,-4.0,2,ack-4f,w,2,2,0,ctl,ctl_lost,0,0,-3.1,21.2
mpp,-4.0,2,ack-4f,w,3,3,0,ctl,ok,0,0,1.7,21.2
mpp,-4.0,2,ack-4f,w,2,2,0,ctl,ok,0,0,1.0,21.2
mpp,-4.0,2,qpsk-r1/5,w,9,1,0,data,ok,8,8,-0.2,21.2
mpp,-4.0,2,n10-ack-4f,n10,2,2,0,ctl,ok,0,0,0.7,21.2
mpp,-4.0,2,qpsk-r1/5,w,9,1,0,data,ok,8,8,-2.3,21.2
mpp,-4.0,2,ack-4f,w,3,3,0,ctl,ok,0,0,-1.1,21.2
mpp,-4.0,2,qpsk-r1/5,w,9,2,1,data,ok,7,7,-1.8,21.2
mpp,-4.0,2,n10-ack-4f,n10,3,3,0,ctl,ok,0,0,-1.4,21.2
mpp,-4.0,2,qpsk-r1/5,w,9,2,1,data,ok,7,7,-1.3,21.2
mpp,-4.0,2,ack-4f,w,2,2,0,ctl,ok,0,0,-2.5,21.2
mpp,-4.0,2,qpsk-r1/5,w,9,1,0,data,ok,8,8,-0.7,21.2
mpp,-4.0,2,n10-ack-4f,n10,2,2,0,ctl,ok,0,0,-4.3,21.2
mpp,-4.0,2,qpsk-r1/5,w,9,1,0,data,ctl_lost,8,0,-4.0,21.2
mpp,-4.0,2,ack-4f,w,3,3,0,ctl,ok,0,0,-0.6,21.2
mpp,-4.0,2,ack-4f,w,3,3,0,ctl,ok,0,0,-0.3,21.2
mpp,-4.0,2,qpsk-r1/5,w,9,2,1,data,ok,7,7,-1.1,21.2
mpp,-4.0,2,n10-ack-4f,n10,3,3,0,ctl,ok,0,0,1.9,21.2
mpp,-4.0,2,qpsk-r1/5,w,9,2,,data,missed,0,0,,21.2
mpp,-4.0,2,ack-4f,w,3,3,0,ctl,ok,0,0,0.3,21.2
mpp,-4.0,2,ack-4f,w,3,3,0,ctl,ok,0,0,-0.4,21.2
mpp,-4.0,2,qpsk-r1/5,w,9,2,1,data,ok,7,7,-1.9,21.2
mpp,-4.0,2,ack-4f,w,3,3,0,ctl,ok,0,0,-1.5,21.2
mpp,-4.0,2,qpsk-r1/5,w,9,2,1,data,ok,7,7,-1.4,21.2
mpp,-4.0,2,n10-ack-4f,n10,3,3,0,ctl,ok,0,0,1.0,21.2
mpp,-4.0,2,qpsk-r1/5,w,9,2,1,data,ok,7,7,-0.2,21.2
mpp,-4.0,2,ack-4f,w,2,2,0,ctl,ok,0,0,-1.0,21.2
mpp,-4.0,2,qpsk-r1/5,w,9,1,0,data,ok,8,8,-0.7,21.2
mpp,-4.0,2,n10-ack-4f,n10,2,2,0,ctl,ok,0,0,1.5,21.2
mpp,-4.0,2,qpsk-r1/5,w,9,1,0,data,ok,8,8,0.4,21.2
mpp,-4.0,2,ack-4f,w,2,2,0,ctl,ok,0,0,-1.0,21.2
mpp,-4.0,2,qpsk-r1/5,w,9,1,0,data,ok,8,8,-1.1,21.2
mpp,-4.0,2,ack-4f,w,2,2,0,ctl,ok,0,0,-4.2,21.2
mpp,-4.0,2,qpsk-r1/5,w,9,1,0,data,ok,8,8,-1.7,21.2
mpp,-4.0,2,n10-ack-4f,n10,2,2,0,ctl,ok,0,0,-2.5,21.2
mpp,-4.0,2,qpsk-r1/5,w,9,1,0,data,ok,8,8,0.1,21.2
mpp,-4.0,2,ack-4f,w,2,2,0,ctl,ok,0,0,-0.2,21.2
mpp,-4.0,2,qpsk-r1/5,w,9,1,0,data,ok,8,8,-0.4,21.2
mpp,-4.0,2,n10-ack-4f,n10,2,2,0,ctl,ok,0,0,-2.0,21.2
mpp,-4.0,2,qpsk-r1/5,w,9,1,0,data,ctl_lost,8,0,-2.9,21.2
mpp,-4.0,2,ack-4f,w,3,3,0,ctl,ok,0,0,-2.7,21.2
mpp,-4.0,2,ack-4f,w,3,3,0,ctl,ok,0,0,-1.8,21.2
mpp,-4.0,2,qpsk-r1/5,w,9,2,1,data,ok,7,7,0.3,21.2
mpp,-4.0,2,n10-ack-4f,n10,3,3,0,ctl,ok,0,0,-0.6,21.2
mpp,-4.0,2,qpsk-r1/5,w,9,2,1,data,ok,7,7,-0.7,21.2
mpp,-4.0,2,ack-4f,w,2,2,0,ctl,ok,0,0,-1.2,21.2
mpp,-4.0,2,qpsk-r1/5,w,9,1,0,data,ok,8,8,-0.9,21.2
mpp,-4.0,2,n10-ack-4f,n10,2,2,0,ctl,ok,0,0,0.1,21.2
mpp,-4.0,2,qpsk-r1/5,w,9,1,0,data,ok,8,8,-0.2,21.2
mpp,-4.0,2,ack-4f,w,2,2,0,ctl,ok,0,0,-3.0,21.2
mpp,-4.0,2,qpsk-r1/5,w,9,1,0,data,ok,8,8,-1.8,21.2
mpp,-4.0,2,n10-ack-4f,n10,2,2,0,ctl,ok,0,0,-1.8,21.2
mpp,-4.0,2,qpsk-r1/5,w,9,1,0,data,ok,8,8,-0.5,21.2
mpp,-4.0,2,ack-4f,w,2,2,0,ctl,ok,0,0,3.7,21.2
mpp,-4.0,2,qpsk-r1/5,w,9,1,0,data,ok,8,8,-1.5,21.2
mpp,-4.0,2,ack-1f,w,2,2,0,ctl,ok,0,0,1.3,21.2
mpp,-4.0,2,qpsk-r1/5,w,9,1,0,data,ok,8,8,0.2,21.2
mpp,-4.0,2,ack-1f,w,2,2,0,ctl,ok,0,0,-0.9,21.2
mpp,-4.0,2,qpsk-r1/5,w,9,1,0,data,ok,8,8,-0.8,21.2
mpp,-4.0,2,ack-4f,w,2,2,0,ctl,ok,0,0,1.0,21.2
mpp,-4.0,2,qpsk-r1/5,w,9,1,0,data,ok,8,8,-1.5,21.2
mpp,-4.0,1,qpsk-r1/5,w,1,1,0,ctl,ok,0,0,1.0,20.0
mpp,-4.0,1,qpsk-r1/5,w,1,1,0,ctl,ok,0,0,-0.4,20.0
mpp,-4.0,1,ack-4f,w,3,3,0,ctl,ok,0,0,-2.2,20.0
mpp,-4.0,1,n10-ack-4f,n10,3,3,0,ctl,ctl_lost,0,0,-8.3,20.0
mpp,-4.0,1,ack-4f,w,3,3,0,ctl,ok,0,0,-0.8,20.0
mpp,-4.0,1,ack-4f,w,3,3,0,ctl,ok,0,0,-4.9,20.0
mpp,-4.0,1,qpsk-r1/5,w,9,2,1,data,ok,7,7,-1.6,20.0
mpp,-4.0,1,n4-ack-8f,n4,3,3,0,ctl,ok,0,0,1.2,20.0
mpp,-4.0,1,qpsk-r1/5,w,9,2,1,data,ok,7,7,-1.0,20.0
mpp,-4.0,1,ack-4f,w,3,3,0,ctl,ok,0,0,-0.3,20.0
mpp,-4.0,1,qpsk-r1/5,w,9,2,1,data,ok,7,0,-2.1,20.0
mpp,-4.0,1,ack-4f,w,3,3,0,ctl,ok,0,0,0.2,20.0
mpp,-4.0,1,qpsk-r1/5,w,9,2,1,data,ok,0,0,-1.3,20.0
mpp,-4.0,1,ack-4f,w,3,3,0,ctl,ok,0,0,-2.6,20.0
mpp,-4.0,1,qpsk-r1/5,w,9,2,1,data,ok,7,7,-0.4,20.0
mpp,-4.0,1,ack-4f,w,2,2,0,ctl,ctl_lost,0,0,-9.3,20.0
mpp,-4.0,1,ack-4f,w,3,3,0,ctl,ok,0,0,0.2,20.0
mpp,-4.0,1,ack-4f,w,2,2,0,ctl,ok,0,0,-4.4,20.0
mpp,-4.0,1,qpsk-r1/5,w,9,1,0,data,ok,8,8,-0.9,20.0
mpp,-4.0,1,n4-ack-8f,n4,2,2,0,ctl,ok,0,0,-1.4,20.0
mpp,-4.0,1,qpsk-r1/5,w,9,1,0,data,ok,8,8,-2.8,20.0
mpp,-4.0,1,polar-k96-f4,w,1,1,0,ctl,ok,0,0,-2.3,20.0
mpp,-4.0,1,qpsk-r1/5,w,9,2,1,data,ok,7,7,-0.1,20.0
mpp,-4.0,1,ack-4f,w,2,2,0,ctl,ok,0,0,-0.2,20.0
mpp,-4.0,1,qpsk-r1/5,w,9,1,0,data,ok,8,8,-1.3,20.0
mpp,-4.0,1,polar-k96-f4,w,1,1,0,ctl,ok,0,0,-6.6,20.0
mpp,-4.0,1,qpsk-r1/5,w,9,1,0,data,ok,8,5,-2.3,20.0
mpp,-4.0,1,n4-ack-8f,n4,3,3,0,ctl,ok,0,0,-0.8,20.0
mpp,-4.0,1,qpsk-r1/5,w,9,1,0,data,ok,5,5,-0.4,20.0
mpp,-4.0,1,polar-k96-f4,w,1,1,0,ctl,ok,0,0,-1.3,20.0
mpp,-4.0,1,qpsk-r1/5,w,9,1,0,data,ctl_lost,8,5,-3.2,20.0
mpp,-4.0,1,ack-4f,w,3,3,0,ctl,ok,0,0,-1.0,20.0
mpp,-4.0,1,ack-4f,w,3,3,0,ctl,ok,0,0,3.2,20.0
mpp,-4.0,1,qpsk-r1/5,w,9,2,1,data,ok,7,7,-1.7,20.0
mpp,-4.0,1,ack-4f,w,3,3,0,ctl,ok,0,0,-1.4,20.0
mpp,-4.0,1,qpsk-r1/5,w,9,2,1,data,ok,7,7,0.3,20.0
mpp,-4.0,1,ack-4f,w,2,2,0,ctl,ok,0,0,3.1,20.0
mpp,-4.0,1,qpsk-r1/5,w,9,1,0,data,ok,8,8,-1.2,20.0
mpp,-4.0,1,ack-4f,w,2,2,0,ctl,ok,0,0,-1.9,20.0
mpp,-4.0,1,qpsk-r1/5,w,9,1,0,data,ok,8,8,-0.7,20.0
mpp,-4.0,1,ack-4f,w,2,2,0,ctl,ok,0,0,1.8,20.0
mpp,-4.0,1,qpsk-r1/5,w,9,1,0,data,ok,8,8,-1.9,20.0
mpp,-4.0,1,polar-k96-f4,w,1,1,0,ctl,ctl_lost,0,0,-5.6,20.0
mpp,-4.0,1,ack-4f,w,3,3,0,ctl,ok,0,0,-7.4,20.0
mpp,-4.0,1,ack-4f,w,3,3,0,ctl,ok,0,0,-0.8,20.0
mpp,-4.0,1,qpsk-r1/5,w,9,2,1,data,ok,7,7,-2.5,20.0
mpp,-4.0,1,n4-ack-8f,n4,3,3,0,ctl,ok,0,0,-0.4,20.0
mpp,-4.0,1,qpsk-r1/5,w,9,2,1,data,ok,7,7,-2.4,20.0
mpp,-4.0,1,ack-4f,w,2,2,0,ctl,ok,0,0,1.0,20.0
mpp,-4.0,1,qpsk-r1/5,w,9,1,0,data,ok,8,8,0.5,20.0
mpp,-4.0,1,ack-4f,w,2,2,0,ctl,ok,0,0,2.6,20.0
mpp,-4.0,1,qpsk-r1/5,w,9,1,0,data,ok,8,8,-0.9,20.0
mpp,-4.0,1,ack-4f,w,2,2,0,ctl,ok,0,0,-1.7,20.0
mpp,-4.0,1,qpsk-r1/5,w,9,1,0,data,ok,8,8,0.2,20.0
mpp,-4.0,1,ack-4f,w,2,2,0,ctl,ok,0,0,0.0,20.0
mpp,-4.0,1,qpsk-r1/5,w,9,1,0,data,ok,8,8,-1.1,20.0
mpp,-4.0,1,ack-4f,w,2,2,0,ctl,ok,0,0,1.7,20.0
mpp,-4.0,1,qpsk-r1/5,w,9,1,0,data,ok,8,8,-0.3,20.0
mpp,-4.0,1,ack-4f,w,2,2,0,ctl,ok,0,0,-3.9,20.0
mpp,-4.0,1,qpsk-r1/5,w,9,1,0,data,ok,8,8,-2.3,20.0
mpp,-4.0,1,ack-4f,w,2,2,0,ctl,ok,0,0,-4.1,20.0
mpp,-4.0,1,qpsk-r1/5,w,9,1,0,data,ok,8,8,-0.9,20.0
mpp,-4.0,1,n4-ack-8f,n4,2,2,0,ctl,ok,0,0,-0.4,20.0
mpp,-4.0,1,qpsk-r1/5,w,9,1,0,data,ok,8,8,-0.2,20.0
mpp,-4.0,1,ack-4f,w,2,2,0,ctl,ok,0,0,-0.2,20.0
mpp,-4.0,1,qpsk-r1/5,w,9,1,0,data,ok,8,8,-0.7,20.0
mpp,-4.0,1,ack-4f,w,2,2,,ctl,missed,0,0,,20.0
mpp,-4.0,1,ack-4f,w,3,3,0,ctl,ok,0,0,-1.9,20.0
mpp,-4.0,1,ack-4f,w,2,2,,ctl,missed,0,0,,20.0
mpp,-4.0,1,ack-4f,w,3,3,0,ctl,ok,0,0,-2.0,20.0
mpp,-4.0,1,ack-4f,w,3,3,0,ctl,ok,0,0,-1.1,20.0
mpp,-4.0,1,qpsk-r1/5,w,9,2,1,data,ok,7,7,-0.5,20.0
mpp,-4.0,1,ack-4f,w,2,2,0,ctl,ok,0,0,-0.7,20.0
mpp,-4.0,1,qpsk-r1/5,w,9,1,0,data,ok,8,8,0.2,20.0
mpp,-4.0,1,ack-4f,w,2,2,0,ctl,ok,0,0,-0.2,20.0
mpp,-4.0,1,qpsk-r1/5,w,9,1,0,data,ok,8,8,-0.6,20.0
mpp,-4.0,1,ack-4f,w,2,2,0,ctl,ok,0,0,-1.1,20.0
mpp,-4.0,1,qpsk-r1/5,w,9,1,0,data,ok,8,8,-0.1,20.0
mpp,-4.0,1,ack-4f,w,2,2,0,ctl,ok,0,0,-0.6,20.0
mpp,-4.0,1,qpsk-r1/5,w,9,1,0,data,ok,8,8,-1.0,20.0
mpp,-4.0,1,ack-4f,w,2,2,0,ctl,ok,0,0,-5.5,20.0
mpp,-4.0,1,qpsk-r1/5,w,9,1,0,data,ok,8,8,-0.1,20.0
mpp,-4.0,1,ack-4f,w,2,2,0,ctl,ok,0,0,-2.6,20.0
mpp,-4.0,1,qpsk-r1/5,w,9,1,0,data,ok,8,8,-0.7,20.0
mpp,-4.0,1,n4-ack-8f,n4,2,2,0,ctl,ok,0,0,0.6,20.0
mpp,-4.0,1,qpsk-r1/5,w,9,1,0,data,ctl_lost,8,3,-2.2,20.0
mpp,-4.0,1,ack-4f,w,3,3,0,ctl,ok,0,0,2.0,20.0
mpp,-4.0,1,ack-4f,w,2,2,0,ctl,ok,0,0,-2.4,20.0
mpp,-4.0,1,qpsk-r1/5,w,9,1,0,data,ok,8,8,-1.3,20.0
mpp,-4.0,1,ack-4f,w,3,3,0,ctl,ok,0,0,-4.4,20.0
mpp,-4.0,1,qpsk-r1/3,w,9,2,1,data,ctl_lost,7,0,-1.6,20.0
mpp,-4.0,1,ack-4f,w,3,3,0,ctl,ok,0,0,-1.7,20.0
mpp,-4.0,1,ack-4f,w,2,2,0,ctl,ok,0,0,-0.4,20.0
mpp,-4.0,1,qpsk-r1/5,w,9,1,0,data,ok,8,8,-0.9,20.0
mpp,-4.0,1,ack-4f,w,2,2,0,ctl,ok,0,0,-2.9,20.0
mpp,-4.0,1,qpsk-r1/5,w,9,1,0,data,ok,8,8,-1.3,20.0
mpp,-4.0,3,qpsk-r1/5,w,1,1,0,ctl,ok,0,0,-2.5,25.5
mpp,-4.0,3,qpsk-r1/5,w,1,1,0,ctl,ok,0,0,-1.8,25.5
mpp,-4.0,3,ack-4f,w,3,3,0,ctl,ok,0,0,0.3,25.5
mpp,-4.0,3,n10-ack-4f,n10,3,3,0,ctl,ok,0,0,-3.9,25.5
mpp,-4.0,3,qpsk-r1/5,w,9,2,1,data,ok,7,7,-1.4,25.5
mpp,-4.0,3,ack-4f,w,3,3,0,ctl,ok,0,0,-2.2,25.5
mpp,-4.0,3,qpsk-r1/5,w,9,2,1,data,ok,7,7,-1.0,25.5
mpp,-4.0,3,n10-ack-4f,n10,3,3,0,ctl,ok,0,0,-4.3,25.5
mpp,-4.0,3,qpsk-r1/5,w,9,2,1,data,ok,7,5,-2.5,25.5
mpp,-4.0,3,ack-4f,w,3,3,0,ctl,ok,0,0,-3.5,25.5
mpp,-4.0,3,qpsk-r1/5,w,9,2,1,data,ok,5,5,-0.8,25.5
mpp,-4.0,3,n10-ack-4f,n10,3,3,0,ctl,ok,0,0,1.1,25.5
mpp,-4.0,3,qpsk-r1/5,w,9,2,1,data,ok,7,7,0.6,25.5
mpp,-4.0,3,ack-4f,w,2,2,0,ctl,ok,0,0,3.0,25.5
mpp,-4.0,3,qpsk-r1/5,w,9,1,0,data,ok,8,8,-0.1,25.5
mpp,-4.0,3,ack-1f,w,2,2,0,ctl,ok,0,0,4.2,25.5
mpp,-4.0,3,qpsk-r1/5,w,9,1,0,data,ok,8,8,-0.4,25.5
mpp,-4.0,3,ack-1f,w,2,2,0,ctl,ok,0,0,-1.4,25.5
mpp,-4.0,3,qpsk-r1/5,w,9,1,0,data,ok,8,8,-0.6,25.5
mpp,-4.0,3,ack-1f,w,2,2,0,ctl,ctl_lost,0,0,0.9,25.5
mpp,-4.0,3,ack-4f,w,3,3,0,ctl,ok,0,0,-0.5,25.5
mpp,-4.0,3,ack-4f,w,2,2,0,ctl,ok,0,0,0.1,25.5
mpp,-4.0,3,qpsk-r1/5,w,9,1,0,data,ok,8,8,-2.0,25.5
mpp,-4.0,3,ack-4f,w,3,3,0,ctl,ok,0,0,-0.3,25.5
mpp,-4.0,3,qpsk-r1/5,w,9,2,1,data,ok,7,7,-1.3,25.5
mpp,-4.0,3,ack-4f,w,2,2,0,ctl,ok,0,0,-1.0,25.5
mpp,-4.0,3,qpsk-r1/5,w,9,1,0,data,ok,8,8,0.1,25.5
mpp,-4.0,3,ack-4f,w,2,2,0,ctl,ok,0,0,-0.5,25.5
mpp,-4.0,3,qpsk-r1/5,w,9,1,0,data,ok,8,8,-0.3,25.5
mpp,-4.0,3,ack-4f,w,2,2,0,ctl,ok,0,0,-0.4,25.5
mpp,-4.0,3,qpsk-r1/5,w,9,1,0,data,ok,8,8,-0.9,25.5
mpp,-4.0,3,ack-4f,w,2,2,0,ctl,ok,0,0,-2.0,25.5
mpp,-4.0,3,qpsk-r1/5,w,9,1,0,data,ok,8,8,-0.7,25.5
mpp,-4.0,3,ack-4f,w,2,2,0,ctl,ok,0,0,-3.7,25.5
mpp,-4.0,3,qpsk-r1/5,w,9,1,0,data,ok,8,8,0.0,25.5
mpp,-4.0,3,ack-4f,w,2,2,0,ctl,ok,0,0,3.9,25.5
mpp,-4.0,3,qpsk-r1/5,w,9,1,0,data,ok,8,8,-0.9,25.5
mpp,-4.0,3,ack-4f,w,2,2,0,ctl,ok,0,0,-0.8,25.5
mpp,-4.0,3,qpsk-r1/5,w,9,1,0,data,ok,8,7,-3.2,25.5
mpp,-4.0,3,ack-4f,w,3,3,,ctl,missed,0,0,,25.5
mpp,-4.0,3,ack-4f,w,3,3,0,ctl,ok,0,0,-0.6,25.5
mpp,-4.0,3,ack-4f,w,3,3,0,ctl,ok,0,0,-1.9,25.5
mpp,-4.0,3,qpsk-r1/5,w,9,2,1,data,ok,7,7,-1.6,25.5
mpp,-4.0,3,ack-4f,w,2,2,0,ctl,ok,0,0,-4.7,25.5
mpp,-4.0,3,qpsk-r1/5,w,9,1,0,data,ok,8,8,-1.4,25.5
mpp,-4.0,3,n10-ack-4f,n10,2,2,0,ctl,ok,0,0,1.8,25.5
mpp,-4.0,3,qpsk-r1/5,w,9,1,0,data,ok,8,8,-0.8,25.5
mpp,-4.0,3,ack-4f,w,2,2,0,ctl,ok,0,0,-1.5,25.5
mpp,-4.0,3,qpsk-r1/5,w,9,1,0,data,ok,8,8,-1.6,25.5
mpp,-4.0,3,ack-4f,w,2,2,0,ctl,ok,0,0,-4.6,25.5
mpp,-4.0,3,qpsk-r1/5,w,9,1,0,data,ok,8,8,-0.5,25.5
mpp,-4.0,3,ack-4f,w,2,2,0,ctl,ok,0,0,-5.6,25.5
mpp,-4.0,3,qpsk-r1/5,w,9,1,0,data,ok,8,8,-1.1,25.5
mpp,-4.0,3,n10-ack-4f,n10,2,2,0,ctl,ok,0,0,-5.4,25.5
mpp,-4.0,3,qpsk-r1/5,w,9,1,0,data,ok,8,8,-0.9,25.5
mpp,-4.0,3,ack-4f,w,2,2,0,ctl,ok,0,0,0.4,25.5
mpp,-4.0,3,qpsk-r1/5,w,9,1,0,data,ok,8,8,-0.9,25.5
mpp,-4.0,3,ack-4f,w,2,2,0,ctl,ok,0,0,-1.1,25.5
mpp,-4.0,3,qpsk-r1/5,w,9,1,0,data,ok,8,8,-0.9,25.5
mpp,-4.0,3,ack-4f,w,2,2,0,ctl,ok,0,0,-1.0,25.5
mpp,-4.0,3,qpsk-r1/5,w,9,1,0,data,ok,8,8,-1.3,25.5
mpp,-4.0,3,ack-4f,w,2,2,0,ctl,ok,0,0,2.5,25.5
mpp,-4.0,3,qpsk-r1/5,w,9,1,0,data,ok,8,8,-1.7,25.5
mpp,-4.0,3,ack-4f,w,2,2,0,ctl,ok,0,0,-0.8,25.5
mpp,-4.0,3,qpsk-r1/5,w,9,1,0,data,ok,8,8,-0.5,25.5
mpp,-4.0,3,ack-4f,w,2,2,0,ctl,ok,0,0,1.5,25.5
mpp,-4.0,3,qpsk-r1/5,w,9,1,0,data,ok,8,8,1.1,25.5
mpp,-4.0,3,ack-4f,w,2,2,0,ctl,ok,0,0,-3.1,25.5
mpp,-4.0,3,qpsk-r1/5,w,9,1,0,data,ok,8,8,-1.4,25.5
mpp,-4.0,3,ack-4f,w,2,2,0,ctl,ok,0,0,0.5,25.5
mpp,-4.0,3,qpsk-r1/5,w,9,1,0,data,ok,8,8,-1.1,25.5
mpp,-4.0,3,ack-4f,w,2,2,0,ctl,ok,0,0,-5.9,25.5
mpp,-4.0,3,qpsk-r1/5,w,9,1,0,data,ok,8,8,-0.2,25.5
mpp,-4.0,3,ack-4f,w,2,2,0,ctl,ok,0,0,-4.0,25.5
mpp,-4.0,3,qpsk-r1/5,w,9,1,0,data,ok,8,8,-1.2,25.5
mpp,-4.0,3,n10-ack-4f,n10,2,2,0,ctl,ok,0,0,0.1,25.5
mpp,-4.0,3,qpsk-r1/5,w,9,1,0,data,ok,8,8,-1.0,25.5
mpp,-4.0,3,ack-4f,w,2,2,0,ctl,ok,0,0,-4.7,25.5
mpp,-4.0,3,qpsk-r1/5,w,9,1,0,data,ok,8,8,0.9,25.5
mpp,-4.0,3,ack-4f,w,2,2,0,ctl,ok,0,0,-3.5,25.5
mpp,-4.0,3,qpsk-r1/5,w,9,1,0,data,ok,8,8,-0.2,25.5
mpp,-4.0,3,n10-ack-4f,n10,2,2,0,ctl,ok,0,0,-1.8,25.5
mpp,-4.0,3,qpsk-r1/5,w,9,1,0,data,ok,8,8,-0.5,25.5
mpp,-4.0,3,ack-4f,w,2,2,0,ctl,ok,0,0,0.8,25.5
mpp,-4.0,3,qpsk-r1/5,w,9,1,0,data,ok,8,8,-0.7,25.5
mpp,-4.0,3,ack-4f,w,2,2,0,ctl,ok,0,0,-1.9,25.5
mpp,-4.0,3,qpsk-r1/5,w,9,1,0,data,ok,8,8,0.8,25.5
mpp,-4.0,3,ack-4f,w,2,2,0,ctl,ok,0,0,-0.9,25.5
mpp,-4.0,3,qpsk-r1/5,w,9,1,0,data,ok,8,8,-1.2,25.5
mpp,-4.0,3,ack-4f,w,2,2,0,ctl,ok,0,0,-1.6,25.5
mpp,-4.0,3,qpsk-r1/5,w,9,1,0,data,ok,8,8,-0.2,25.5
mpp,-4.0,3,ack-4f,w,2,2,0,ctl,ok,0,0,-5.2,25.5
mpp,-4.0,3,qpsk-r1/5,w,9,1,0,data,ok,8,8,-0.7,25.5
mpp,-4.0,3,ack-4f,w,2,2,0,ctl,ok,0,0,-0.1,25.5
mpp,-4.0,4,qpsk-r1/5,w,1,1,0,ctl,ok,0,0,2.7,24.6
mpp,-4.0,4,qpsk-r1/5,w,1,1,0,ctl,ok,0,0,0.3,24.6
mpp,-4.0,4,ack-4f,w,3,3,0,ctl,ok,0,0,2.7,24.6
mpp,-4.0,4,ack-4f,w,3,3,0,ctl,ok,0,0,-0.9,24.6
mpp,-4.0,4,qpsk-r1/3,w,9,2,1,data,ok,7,0,-0.9,24.6
mpp,-4.0,4,ack-4f,w,2,2,0,ctl,ok,0,0,-1.9,24.6
mpp,-4.0,4,qpsk-r1/5,w,9,1,0,data,ok,8,8,-1.0,24.6
mpp,-4.0,4,ack-4f,w,3,3,0,ctl,ok,0,0,1.0,24.6
mpp,-4.0,4,qpsk-r1/5,w,9,2,1,data,ok,7,7,-1.1,24.6
mpp,-4.0,4,ack-4f,w,3,3,0,ctl,ok,0,0,-3.0,24.6
mpp,-4.0,4,qpsk-r1/5,w,9,2,1,data,ok,7,7,-0.5,24.6
mpp,-4.0,4,ack-4f,w,3,3,0,ctl,ok,0,0,-1.4,24.6
mpp,-4.0,4,qpsk-r1/5,w,9,2,1,data,ok,7,7,-0.5,24.6
mpp,-4.0,4,ack-4f,w,2,2,0,ctl,ok,0,0,0.1,24.6
mpp,-4.0,4,qpsk-r1/5,w,9,1,0,data,ok,8,8,-1.0,24.6
mpp,-4.0,4,ack-4f,w,2,2,0,ctl,ok,0,0,0.3,24.6
mpp,-4.0,4,qpsk-r1/5,w,9,1,0,data,ok,8,8,-1.0,24.6
mpp,-4.0,4,ack-4f,w,3,3,0,ctl,ok,0,0,-1.0,24.6
mpp,-4.0,4,qpsk-r1/5,w,9,2,1,data,ok,7,7,-1.4,24.6
mpp,-4.0,4,ack-4f,w,2,2,0,ctl,ok,0,0,1.6,24.6
mpp,-4.0,4,qpsk-r1/5,w,9,1,0,data,ok,8,8,0.4,24.6
mpp,-4.0,4,ack-4f,w,2,2,0,ctl,ok,0,0,0.4,24.6
mpp,-4.0,4,qpsk-r1/5,w,9,1,0,data,ok,8,8,-2.3,24.6
mpp,-4.0,4,ack-4f,w,2,2,0,ctl,ok,0,0,-0.4,24.6
mpp,-4.0,4,qpsk-r1/5,w,9,1,0,data,ok,8,8,-0.9,24.6
mpp,-4.0,4,ack-4f,w,2,2,0,ctl,ok,0,0,1.9,24.6
mpp,-4.0,4,qpsk-r1/5,w,9,1,0,data,ok,8,8,-0.4,24.6
mpp,-4.0,4,ack-4f,w,2,2,0,ctl,ok,0,0,1.3,24.6
mpp,-4.0,4,qpsk-r1/5,w,9,1,0,data,ok,8,8,-1.7,24.6
mpp,-4.0,4,ack-4f,w,2,2,0,ctl,ok,0,0,0.2,24.6
mpp,-4.0,4,qpsk-r1/5,w,9,1,0,data,ok,8,8,-1.8,24.6
mpp,-4.0,4,ack-4f,w,2,2,0,ctl,ok,0,0,-1.8,24.6
mpp,-4.0,4,qpsk-r1/5,w,9,1,0,data,ok,8,8,-2.1,24.6
mpp,-4.0,4,ack-4f,w,2,2,0,ctl,ok,0,0,1.9,24.6
mpp,-4.0,4,qpsk-r1/5,w,9,1,0,data,ok,8,8,0.7,24.6
mpp,-4.0,4,ack-4f,w,2,2,0,ctl,ok,0,0,-0.3,24.6
mpp,-4.0,4,qpsk-r1/5,w,9,1,0,data,ok,8,8,-1.8,24.6
mpp,-4.0,4,ack-4f,w,2,2,0,ctl,ok,0,0,2.1,24.6
mpp,-4.0,4,qpsk-r1/5,w,9,1,0,data,ok,8,8,-1.8,24.6
mpp,-4.0,4,ack-4f,w,2,2,0,ctl,ok,0,0,1.1,24.6
mpp,-4.0,4,qpsk-r1/5,w,9,1,0,data,ok,8,8,0.3,24.6
mpp,-4.0,4,ack-4f,w,2,2,0,ctl,ok,0,0,2.1,24.6
mpp,-4.0,4,qpsk-r1/5,w,9,1,0,data,ok,8,8,-1.7,24.6
mpp,-4.0,4,ack-1f,w,2,2,0,ctl,ok,0,0,1.5,24.6
mpp,-4.0,4,qpsk-r1/5,w,9,1,0,data,ok,8,8,-1.0,24.6
mpp,-4.0,4,ack-1f,w,2,2,0,ctl,ctl_lost,0,0,-4.3,24.6
mpp,-4.0,4,ack-4f,w,3,3,0,ctl,ok,0,0,0.4,24.6
mpp,-4.0,4,ack-4f,w,2,2,0,ctl,ok,0,0,-5.0,24.6
mpp,-4.0,4,qpsk-r1/5,w,9,1,0,data,ok,8,8,-1.9,24.6
mpp,-4.0,4,ack-4f,w,2,2,0,ctl,ok,0,0,-0.2,24.6
mpp,-4.0,4,qpsk-r1/5,w,9,1,0,data,ok,8,8,-1.2,24.6
mpp,-4.0,4,ack-4f,w,2,2,0,ctl,ok,0,0,-3.2,24.6
mpp,-4.0,4,qpsk-r1/5,w,9,1,0,data,ok,8,8,-1.7,24.6
mpp,-4.0,4,ack-4f,w,2,2,0,ctl,ok,0,0,-1.1,24.6
mpp,-4.0,4,qpsk-r1/5,w,9,1,0,data,ok,8,8,-0.2,24.6
mpp,-4.0,4,ack-4f,w,2,2,0,ctl,ok,0,0,-2.5,24.6
mpp,-4.0,4,qpsk-r1/5,w,9,1,0,data,ok,8,8,-1.3,24.6
mpp,-4.0,4,ack-4f,w,2,2,0,ctl,ok,0,0,-2.1,24.6
mpp,-4.0,4,qpsk-r1/5,w,9,1,0,data,ok,8,8,-0.7,24.6
mpp,-4.0,4,ack-4f,w,2,2,0,ctl,ok,0,0,-1.5,24.6
mpp,-4.0,4,qpsk-r1/5,w,9,1,0,data,ok,8,8,-1.2,24.6
mpp,-4.0,4,ack-4f,w,2,2,0,ctl,ok,0,0,-0.5,24.6
mpp,-4.0,4,qpsk-r1/5,w,9,1,0,data,ok,8,8,-3.1,24.6
mpp,-4.0,4,ack-4f,w,2,2,0,ctl,ok,0,0,-4.1,24.6
mpp,-4.0,4,qpsk-r1/5,w,9,1,0,data,ok,8,8,-1.3,24.6
mpp,-4.0,4,ack-4f,w,2,2,0,ctl,ok,0,0,0.2,24.6
mpp,-4.0,4,qpsk-r1/5,w,9,1,0,data,ok,8,8,-0.2,24.6
mpp,-4.0,4,ack-4f,w,2,2,0,ctl,ok,0,0,-1.2,24.6
mpp,-4.0,4,qpsk-r1/5,w,9,1,0,data,ok,8,8,-1.2,24.6
mpp,-4.0,4,ack-4f,w,2,2,0,ctl,ok,0,0,0.9,24.6
mpp,-4.0,4,qpsk-r1/5,w,9,1,0,data,ok,8,8,0.7,24.6
mpp,-4.0,4,ack-4f,w,2,2,0,ctl,ok,0,0,-1.4,24.6
mpp,-4.0,4,qpsk-r1/5,w,9,1,0,data,ok,8,8,-1.2,24.6
mpp,-4.0,4,ack-4f,w,2,2,0,ctl,ctl_lost,0,0,-8.4,24.6
mpp,-4.0,4,ack-4f,w,3,3,0,ctl,ok,0,0,0.5,24.6
mpp,-4.0,4,ack-4f,w,2,2,0,ctl,ok,0,0,-3.3,24.6
mpp,-4.0,4,qpsk-r1/5,w,9,1,0,data,ok,8,8,-0.2,24.6
mpp,-4.0,4,n4-ack-8f,n4,2,2,0,ctl,ok,0,0,-1.1,24.6
mpp,-4.0,4,qpsk-r1/5,w,9,1,0,data,ok,8,8,-0.2,24.6
mpp,-4.0,4,ack-4f,w,2,2,0,ctl,ok,0,0,-2.3,24.6
mpp,-4.0,4,qpsk-r1/5,w,9,1,0,data,ok,8,8,-1.4,24.6
mpp,-4.0,4,ack-4f,w,2,2,0,ctl,ok,0,0,-0.0,24.6
mpp,-4.0,4,qpsk-r1/5,w,9,1,0,data,ok,8,8,-1.4,24.6
mpp,-4.0,4,ack-4f,w,2,2,0,ctl,ok,0,0,1.2,24.6
mpp,-4.0,4,qpsk-r1/5,w,9,1,0,data,ok,8,8,-0.7,24.6
mpp,-4.0,4,ack-4f,w,2,2,0,ctl,ok,0,0,-1.9,24.6
mpp,-4.0,4,qpsk-r1/5,w,9,1,0,data,ok,8,8,-0.7,24.6
mpp,-4.0,4,ack-4f,w,2,2,0,ctl,ok,0,0,-2.7,24.6
mpp,-4.0,4,qpsk-r1/5,w,9,1,0,data,ok,8,8,0.2,24.6
mpp,-4.0,4,ack-4f,w,2,2,0,ctl,ok,0,0,-0.7,24.6
mpp,-4.0,4,qpsk-r1/5,w,9,1,0,data,ok,8,8,0.7,24.6
mpp,-4.0,4,ack-4f,w,2,2,0,ctl,ok,0,0,2.3,24.6
mpp,-4.0,4,qpsk-r1/5,w,9,1,0,data,ok,8,8,-0.3,24.6
mpp,-4.0,6,qpsk-r1/5,w,1,1,0,ctl,ok,0,0,0.8,21.7
mpp,-4.0,6,qpsk-r1/5,w,1,1,0,ctl,ok,0,0,-0.4,21.7
mpp,-4.0,6,ack-4f,w,3,3,,ctl,missed,0,0,,21.7
mpp,-4.0,6,ack-4f,w,3,3,0,ctl,ok,0,0,-0.3,21.7
mpp,-4.0,6,ack-4f,w,3,3,0,ctl,ok,0,0,0.1,21.7
mpp,-4.0,6,qpsk-r1/5,w,9,2,1,data,ok,7,7,-1.4,21.7
mpp,-4.0,6,ack-4f,w,3,3,0,ctl,ok,0,0,1.9,21.7
mpp,-4.0,6,qpsk-r1/5,w,9,2,1,data,ok,7,0,-1.3,21.7
mpp,-4.0,6,ack-4f,w,3,3,0,ctl,ok,0,0,-1.5,21.7
mpp,-4.0,6,qpsk-r1/5,w,9,2,1,data,ok,0,0,-1.7,21.7
mpp,-4.0,6,ack-4f,w,3,3,0,ctl,ok,0,0,-1.6,21.7
mpp,-4.0,6,qpsk-r1/5,w,9,2,1,data,ok,7,7,-0.9,21.7
mpp,-4.0,6,ack-4f,w,3,3,0,ctl,ok,0,0,0.0,21.7
mpp,-4.0,6,qpsk-r1/5,w,9,2,1,data,ok,7,7,-1.0,21.7
mpp,-4.0,6,ack-4f,w,2,2,0,ctl,ok,0,0,-2.3,21.7
mpp,-4.0,6,qpsk-r1/5,w,9,1,0,data,ok,8,8,-0.7,21.7
mpp,-4.0,6,ack-4f,w,2,2,0,ctl,ok,0,0,-2.8,21.7
mpp,-4.0,6,qpsk-r1/5,w,9,1,0,data,ok,8,8,-1.0,21.7
mpp,-4.0,6,ack-4f,w,2,2,0,ctl,ok,0,0,-0.1,21.7
mpp,-4.0,6,qpsk-r1/5,w,9,1,0,data,ok,8,8,-0.3,21.7
mpp,-4.0,6,ack-4f,w,2,2,0,ctl,ok,0,0,-0.7,21.7
mpp,-4.0,6,qpsk-r1/5,w,9,1,0,data,ok,8,8,-0.9,21.7
mpp,-4.0,6,ack-4f,w,2,2,0,ctl,ok,0,0,-1.8,21.7
mpp,-4.0,6,qpsk-r1/5,w,9,1,0,data,ok,8,8,-0.3,21.7
mpp,-4.0,6,ack-4f,w,2,2,0,ctl,ok,0,0,-0.2,21.7
mpp,-4.0,6,qpsk-r1/5,w,9,1,0,data,ok,8,8,-1.0,21.7
mpp,-4.0,6,ack-4f,w,2,2,0,ctl,ok,0,0,-0.0,21.7
mpp,-4.0,6,qpsk-r1/5,w,9,1,0,data,ok,8,8,-0.5,21.7
mpp,-4.0,6,ack-4f,w,2,2,0,ctl,ok,0,0,-0.2,21.7
mpp,-4.0,6,qpsk-r1/5,w,9,1,0,data,ok,8,8,1.6,21.7
mpp,-4.0,6,ack-4f,w,2,2,0,ctl,ok,0,0,2.6,21.7
mpp,-4.0,6,qpsk-r1/5,w,9,1,0,data,ok,8,8,0.3,21.7
mpp,-4.0,6,ack-4f,w,2,2,0,ctl,ok,0,0,-3.7,21.7
mpp,-4.0,6,qpsk-r1/5,w,9,1,0,data,ok,8,8,-1.9,21.7
mpp,-4.0,6,ack-4f,w,2,2,0,ctl,ok,0,0,-10.2,21.7
mpp,-4.0,6,qpsk-r1/5,w,9,1,0,data,ok,8,8,-0.4,21.7
mpp,-4.0,6,ack-4f,w,2,2,0,ctl,ok,0,0,-2.2,21.7
mpp,-4.0,6,qpsk-r1/5,w,9,1,0,data,ok,8,8,-1.3,21.7
mpp,-4.0,6,ack-4f,w,2,2,0,ctl,ok,0,0,-1.9,21.7
mpp,-4.0,6,qpsk-r1/5,w,9,1,0,data,ok,8,8,-0.7,21.7
mpp,-4.0,6,ack-4f,w,2,2,0,ctl,ok,0,0,-2.3,21.7
mpp,-4.0,6,qpsk-r1/5,w,9,1,,data,missed,0,0,,21.7
mpp,-4.0,6,ack-4f,w,3,3,0,ctl,ok,0,0,-1.2,21.7
mpp,-4.0,6,ack-4f,w,2,2,0,ctl,ok,0,0,1.4,21.7
mpp,-4.0,6,qpsk-r1/5,w,9,1,0,data,ok,8,3,-3.1,21.7
mpp,-4.0,6,ack-4f,w,3,3,0,ctl,ok,0,0,-4.5,21.7
mpp,-4.0,6,qpsk-r1/5,w,9,2,1,data,ok,2,2,-1.5,21.7
mpp,-4.0,6,ack-4f,w,2,2,0,ctl,ok,0,0,0.2,21.7
mpp,-4.0,6,qpsk-r1/5,w,9,1,0,data,ok,8,8,1.2,21.7
mpp,-4.0,6,ack-4f,w,2,2,0,ctl,ok,0,0,0.5,21.7
mpp,-4.0,6,qpsk-r1/5,w,9,1,0,data,ok,8,8,-1.5,21.7
mpp,-4.0,6,ack-4f,w,2,2,0,ctl,ok,0,0,1.7,21.7
mpp,-4.0,6,qpsk-r1/5,w,9,1,0,data,ok,8,8,-1.6,21.7
mpp,-4.0,6,ack-4f,w,2,2,0,ctl,ok,0,0,0.4,21.7
mpp,-4.0,6,qpsk-r1/5,w,9,1,0,data,ctl_lost,8,0,-2.2,21.7
mpp,-4.0,6,ack-4f,w,3,3,0,ctl,ok,0,0,0.8,21.7
mpp,-4.0,6,ack-4f,w,2,2,0,ctl,ok,0,0,0.2,21.7
mpp,-4.0,6,qpsk-r1/5,w,9,1,0,data,ok,8,8,-0.1,21.7
mpp,-4.0,6,ack-4f,w,2,2,0,ctl,ok,0,0,1.6,21.7
mpp,-4.0,6,qpsk-r1/5,w,9,1,0,data,ok,8,8,-2.2,21.7
mpp,-4.0,6,ack-4f,w,2,2,0,ctl,ok,0,0,-0.4,21.7
mpp,-4.0,6,qpsk-r1/5,w,9,1,0,data,ok,8,8,-0.3,21.7
mpp,-4.0,6,ack-4f,w,2,2,0,ctl,ok,0,0,-3.8,21.7
mpp,-4.0,6,qpsk-r1/5,w,9,1,0,data,ok,8,8,-1.6,21.7
mpp,-4.0,6,ack-4f,w,2,2,0,ctl,ok,0,0,-3.5,21.7
mpp,-4.0,6,qpsk-r1/5,w,9,1,0,data,ok,8,8,-0.5,21.7
mpp,-4.0,6,ack-4f,w,2,2,0,ctl,ok,0,0,1.0,21.7
mpp,-4.0,6,qpsk-r1/5,w,9,1,0,data,ok,8,8,-0.4,21.7
mpp,-4.0,6,ack-4f,w,2,2,0,ctl,ok,0,0,-0.8,21.7
mpp,-4.0,6,qpsk-r1/5,w,9,1,0,data,ok,8,8,-0.7,21.7
mpp,-4.0,6,ack-4f,w,2,2,0,ctl,ok,0,0,-2.1,21.7
mpp,-4.0,6,qpsk-r1/5,w,9,1,0,data,ok,8,8,-0.7,21.7
mpp,-4.0,6,ack-4f,w,2,2,,ctl,missed,0,0,,21.7
mpp,-4.0,6,ack-4f,w,3,3,0,ctl,ok,0,0,-2.3,21.7
mpp,-4.0,6,ack-4f,w,2,2,0,ctl,ok,0,0,-0.5,21.7
mpp,-4.0,6,qpsk-r1/5,w,9,1,0,data,ok,8,8,-1.7,21.7
mpp,-4.0,6,ack-4f,w,2,2,0,ctl,ok,0,0,-0.8,21.7
mpp,-4.0,6,qpsk-r1/5,w,9,1,0,data,ok,8,8,0.5,21.7
mpp,-4.0,6,ack-4f,w,2,2,0,ctl,ok,0,0,1.2,21.7
mpp,-4.0,6,qpsk-r1/5,w,9,1,0,data,ok,8,8,-0.9,21.7
mpp,-4.0,6,ack-4f,w,2,2,0,ctl,ok,0,0,-0.6,21.7
mpp,-4.0,6,qpsk-r1/5,w,9,1,,data,missed,0,0,,21.7
mpp,-4.0,6,ack-4f,w,3,3,0,ctl,ok,0,0,-3.6,21.7
mpp,-4.0,6,ack-4f,w,3,3,0,ctl,ok,0,0,-0.7,21.7
mpp,-4.0,6,qpsk-r1/5,w,9,2,1,data,ok,7,7,-1.5,21.7
mpp,-4.0,6,ack-4f,w,3,3,0,ctl,ok,0,0,-0.9,21.7
mpp,-4.0,6,qpsk-r1/5,w,9,2,1,data,ok,7,7,-0.5,21.7
mpp,-4.0,6,ack-4f,w,2,2,0,ctl,ok,0,0,0.2,21.7
mpp,-4.0,6,qpsk-r1/5,w,9,1,0,data,ok,8,8,-1.6,21.7
mpp,-4.0,6,ack-4f,w,2,2,0,ctl,ok,0,0,-0.8,21.7
mpp,-4.0,6,qpsk-r1/5,w,9,1,0,data,ok,8,8,-2.7,21.7
mpp,-4.0,6,ack-4f,w,2,2,0,ctl,ok,0,0,0.3,21.7
mpp,-4.0,6,qpsk-r1/5,w,9,1,0,data,ok,8,8,-1.2,21.7
mpg,8.0,8,qpsk-r1/5,w,1,1,0,ctl,ok,0,0,11.7,160.7
mpg,8.0,8,qpsk-r1/5,w,1,1,0,ctl,ok,0,0,10.6,160.7
mpg,8.0,8,ack-4f,w,2,2,0,ctl,ok,0,0,6.2,160.7
mpg,8.0,8,ack-1f,w,3,3,0,ctl,ok,0,0,11.9,160.7
mpg,8.0,8,w48-qpsk-r1/2,w48,19,2,1,data,ok,17,17,9.3,160.7
mpg,8.0,8,ack-1f,w,3,3,0,ctl,ok,0,0,0.9,160.7
mpg,8.0,8,w48-16qam-r1/3,w48,19,2,1,data,ok,17,17,7.6,160.7
mpg,8.0,8,ack-1f,w,3,3,0,ctl,ok,0,0,5.9,160.7
mpg,8.0,8,w48-16qam-r1/3,w48,19,2,1,data,ok,17,17,9.3,160.7
mpg,8.0,8,ack-1f,w,3,3,0,ctl,ok,0,0,15.9,160.7
mpg,8.0,8,w48-16qam-r1/3,w48,19,2,1,data,ok,17,17,14.1,160.7
mpg,8.0,8,ack-1f,w,2,2,0,ctl,ok,0,0,9.9,160.7
mpg,8.0,8,w48-16qam-r1/3,w48,19,1,0,data,ok,18,18,12.7,160.7
mpg,8.0,8,ack-1f,w,3,3,0,ctl,ok,0,0,13.5,160.7
mpg,8.0,8,w48-16qam-r1/2,w48,19,2,1,data,ok,17,17,11.6,160.7
mpg,8.0,8,ack-1f,w,3,3,0,ctl,ok,0,0,11.5,160.7
mpg,8.0,8,w48-16qam-r1/2,w48,19,2,1,data,ok,17,0,5.1,160.7
mpg,8.0,8,ack-1f,w,3,3,0,ctl,ok,0,0,11.5,160.7
mpg,8.0,8,w48-16qam-r1/3,w48,19,2,1,data,ok,17,17,11.3,160.7
mpg,8.0,8,ack-1f,w,3,3,0,ctl,ok,0,0,7.2,160.7
mpg,8.0,8,w48-16qam-r1/3,w48,19,2,1,data,ok,17,16,8.0,160.7
mpg,8.0,8,ack-1f,w,3,3,0,ctl,ok,0,0,8.6,160.7
mpg,8.0,8,w48-16qam-r1/3,w48,19,1,0,data,ok,17,17,10.7,160.7
mpg,8.0,8,ack-1f,w,2,2,0,ctl,ok,0,0,6.9,160.7
mpg,8.0,8,w48-16qam-r1/3,w48,19,1,0,data,ok,18,18,10.5,160.7
mpg,8.0,8,ack-1f,w,2,2,0,ctl,ok,0,0,13.3,160.7
mpg,8.0,8,w48-16qam-r1/3,w48,19,1,0,data,ok,18,18,9.3,160.7
mpg,8.0,8,ack-1f,w,2,2,0,ctl,ok,0,0,13.0,160.7
mpg,8.0,8,w48-16qam-r1/3,w48,19,1,0,data,ok,18,18,12.9,160.7
mpg,8.0,8,ack-1f,w,2,2,0,ctl,ok,0,0,17.1,160.7
mpg,8.0,8,w48-16qam-r1/3,w48,19,1,0,data,ok,18,18,11.0,160.7
mpg,8.0,8,ack-1f,w,3,3,0,ctl,ok,0,0,12.2,160.7
mpg,8.0,8,w48-16qam-r1/2,w48,19,2,1,data,ok,17,0,8.9,160.7
mpg,8.0,8,ack-1f,w,2,2,0,ctl,ok,0,0,12.3,160.7
mpg,8.0,8,w48-16qam-r1/3,w48,19,1,0,data,ctl_lost,18,0,5.6,160.7
mpg,8.0,8,ack-4f,w,3,3,0,ctl,ok,0,0,5.3,160.7
mpg,8.0,8,ack-4f,w,3,3,0,ctl,ok,0,0,12.4,160.7
mpg,8.0,8,w48-qpsk-r1/3,w48,19,2,1,data,ok,17,17,12.0,160.7
mpg,8.0,8,ack-1f,w,2,2,0,ctl,ok,0,0,15.1,160.7
mpg,8.0,8,w48-16qam-r1/3,w48,19,1,0,data,ok,18,18,9.8,160.7
mpg,8.0,8,ack-1f,w,2,2,0,ctl,ok,0,0,3.3,160.7
mpg,8.0,8,w48-16qam-r1/3,w48,19,1,0,data,ok,18,18,13.2,160.7
mpg,8.0,8,ack-1f,w,2,2,0,ctl,ok,0,0,13.3,160.7
mpg,8.0,8,w48-16qam-r1/3,w48,19,1,0,data,ok,18,18,10.2,160.7
mpg,8.0,8,ack-1f,w,2,2,0,ctl,ok,0,0,13.4,160.7
mpg,8.0,8,w48-16qam-r1/3,w48,19,1,0,data,ok,18,18,11.7,160.7
mpg,8.0,8,ack-1f,w,2,2,0,ctl,ok,0,0,12.1,160.7
mpg,8.0,8,w48-16qam-r1/3,w48,19,1,0,data,ok,18,18,11.0,160.7
mpg,8.0,8,ack-1f,w,2,2,0,ctl,ok,0,0,12.0,160.7
mpg,8.0,8,w48-16qam-r1/3,w48,19,1,0,data,ok,18,18,8.7,160.7
mpg,8.0,8,ack-1f,w,2,2,0,ctl,ok,0,0,12.8,160.7
mpg,8.0,8,w48-16qam-r1/3,w48,19,1,0,data,ok,18,18,11.1,160.7
mpg,8.0,8,ack-1f,w,2,2,0,ctl,ok,0,0,9.7,160.7
mpg,8.0,8,w48-16qam-r1/3,w48,19,1,0,data,ctl_lost,18,8,7.7,160.7
mpg,8.0,8,ack-4f,w,3,3,0,ctl,ok,0,0,9.5,160.7
mpg,8.0,8,ack-4f,w,2,2,0,ctl,ok,0,0,9.6,160.7
mpg,8.0,8,w48-qpsk-r1/2,w48,19,1,0,data,ok,18,18,9.6,160.7
mpg,8.0,8,ack-1f,w,2,2,0,ctl,ok,0,0,11.2,160.7
mpg,8.0,8,w48-qpsk-r1/2,w48,19,1,0,data,ok,18,18,10.3,160.7
mpg,8.0,8,ack-1f,w,3,3,0,ctl,ok,0,0,5.9,160.7
mpg,8.0,8,w48-16qam-r1/3,w48,19,2,1,data,ok,17,7,7.4,160.7
mpg,8.0,8,ack-1f,w,4,4,0,ctl,ok,0,0,13.4,160.7
mpg,8.0,8,w48-16qam-r1/3,w48,19,2,1,data,ok,7,7,8.6,160.7
mpg,8.0,8,ack-1f,w,2,2,0,ctl,ok,0,0,6.8,160.7
mpg,8.0,8,w48-qpsk-r1/2,w48,19,1,0,data,ok,18,18,9.2,160.7
mpg,8.0,8,ack-1f,w,3,3,0,ctl,ok,0,0,15.2,160.7
mpg,8.0,8,w48-16qam-r1/3,w48,19,2,1,data,ok,17,17,9.6,160.7
mpg,8.0,8,ack-1f,w,2,2,0,ctl,ok,0,0,16.4,160.7
mpg,8.0,8,w48-16qam-r1/3,w48,19,1,0,data,ok,18,18,9.8,160.7
mpg,8.0,8,ack-1f,w,2,2,0,ctl,ok,0,0,10.9,160.7
mpg,8.0,8,w48-16qam-r1/3,w48,19,1,0,data,ok,18,18,9.9,160.7
mpg,8.0,8,ack-1f,w,2,2,0,ctl,ok,0,0,4.1,160.7
mpg,8.0,8,w48-16qam-r1/3,w48,19,1,0,data,ctl_lost,18,0,4.9,160.7
mpg,8.0,8,ack-4f,w,3,3,0,ctl,ok,0,0,12.1,160.7
mpg,8.0,8,ack-4f,w,3,3,0,ctl,ok,0,0,5.8,160.7
mpg,8.0,8,w48-qpsk-r1/2,w48,19,2,1,data,ok,17,17,11.7,160.7
mpg,8.0,8,ack-1f,w,2,2,0,ctl,ok,0,0,9.8,160.7
mpg,8.0,8,w48-qpsk-r2/3,w48,19,1,0,data,ok,18,18,10.2,160.7
mpg,8.0,8,ack-1f,w,2,2,0,ctl,ok,0,0,8.9,160.7
mpg,8.0,8,w48-16qam-r1/3,w48,19,1,0,data,ok,18,18,8.5,160.7
mpg,8.0,8,ack-1f,w,2,2,0,ctl,ok,0,0,9.2,160.7
mpg,8.0,8,w48-qpsk-r1/2,w48,19,1,0,data,ok,18,18,6.1,160.7
mpg,8.0,8,ack-1f,w,2,2,0,ctl,ok,0,0,4.7,160.7
mpg,8.0,8,w48-qpsk-r1/2,w48,19,1,0,data,ok,18,18,10.6,160.7
mpg,8.0,8,ack-1f,w,2,2,0,ctl,ok,0,0,12.8,160.7
mpg,8.0,8,w48-qpsk-r1/2,w48,19,1,0,data,ok,18,18,10.2,160.7
mpg,8.0,8,ack-1f,w,3,3,0,ctl,ok,0,0,14.6,160.7
mpg,8.0,8,w48-16qam-r1/3,w48,19,2,1,data,ok,17,17,10.2,160.7
mpg,8.0,8,ack-1f,w,3,3,0,ctl,ok,0,0,11.5,160.7
mpg,8.0,8,w48-16qam-r1/3,w48,19,2,1,data,ok,17,17,9.6,160.7
mpg,8.0,8,ack-1f,w,3,3,0,ctl,ok,0,0,10.4,160.7
mpg,8.0,8,w48-16qam-r1/3,w48,19,2,1,data,ok,17,17,9.7,160.7
mpg,8.0,8,ack-1f,w,3,3,0,ctl,ok,0,0,12.5,160.7
mpg,8.0,8,w48-16qam-r1/3,w48,19,2,1,data,ok,17,17,10.6,160.7
mpp,-4.0,5,qpsk-r1/5,w,1,1,0,ctl,ok,0,0,0.7,20.0
mpp,-4.0,5,qpsk-r1/5,w,1,1,0,ctl,ctl_lost,0,0,-4.2,20.0
mpp,-4.0,5,n4-qpsk-r1/3,n4,1,1,0,ctl,ok,0,0,0.6,20.0
mpp,-4.0,5,n4-qpsk-r1/3,n4,1,1,0,ctl,ok,0,0,0.0,20.0
mpp,-4.0,5,ack-4f,w,3,3,0,ctl,ok,0,0,-1.2,20.0
mpp,-4.0,5,n10-ack-4f,n10,3,3,0,ctl,ok,0,0,0.2,20.0
mpp,-4.0,5,qpsk-r1/3,w,9,2,1,data,ok,7,7,0.2,20.0
mpp,-4.0,5,ack-1f,w,3,3,0,ctl,ctl_lost,0,0,-6.2,20.0
mpp,-4.0,5,ack-4f,w,3,3,0,ctl,ok,0,0,1.1,20.0
mpp,-4.0,5,ack-4f,w,2,2,0,ctl,ok,0,0,0.2,20.0
mpp,-4.0,5,qpsk-r1/5,w,9,1,0,data,ok,8,8,-2.8,20.0
mpp,-4.0,5,n10-ack-4f,n10,3,3,0,ctl,ok,0,0,-7.0,20.0
mpp,-4.0,5,qpsk-r1/5,w,9,2,1,data,ok,7,7,-1.1,20.0
mpp,-4.0,5,ack-4f,w,3,3,0,ctl,ok,0,0,-2.4,20.0
mpp,-4.0,5,qpsk-r1/5,w,9,2,1,data,ok,7,7,-2.1,20.0
mpp,-4.0,5,n10-ack-4f,n10,3,3,0,ctl,ok,0,0,0.0,20.0
mpp,-4.0,5,qpsk-r1/5,w,9,2,1,data,ok,7,7,-0.5,20.0
mpp,-4.0,5,ack-4f,w,2,2,0,ctl,ok,0,0,1.1,20.0
mpp,-4.0,5,qpsk-r1/5,w,9,1,0,data,ok,8,8,-2.0,20.0
mpp,-4.0,5,ack-4f,w,3,3,0,ctl,ok,0,0,-2.0,20.0
mpp,-4.0,5,qpsk-r1/5,w,9,2,1,data,ok,7,7,-2.0,20.0
mpp,-4.0,5,ack-4f,w,2,2,0,ctl,ok,0,0,2.2,20.0
mpp,-4.0,5,qpsk-r1/5,w,9,1,0,data,ok,8,8,-0.1,20.0
mpp,-4.0,5,ack-4f,w,2,2,0,ctl,ok,0,0,0.3,20.0
mpp,-4.0,5,qpsk-r1/5,w,9,1,0,data,ok,8,8,-0.3,20.0
mpp,-4.0,5,ack-4f,w,2,2,0,ctl,ok,0,0,-4.5,20.0
mpp,-4.0,5,qpsk-r1/5,w,9,1,0,data,ok,8,8,-1.2,20.0
mpp,-4.0,5,n10-ack-4f,n10,2,2,,ctl,missed,0,0,,20.0
mpp,-4.0,5,ack-4f,w,3,3,0,ctl,ok,0,0,-2.6,20.0
mpp,-4.0,5,ack-4f,w,3,3,0,ctl,ok,0,0,-1.4,20.0
mpp,-4.0,5,qpsk-r1/5,w,9,2,1,data,ok,7,7,-2.2,20.0
mpp,-4.0,5,n10-ack-4f,n10,2,2,0,ctl,ok,0,0,0.3,20.0
mpp,-4.0,5,qpsk-r1/5,w,9,1,0,data,ok,8,8,-2.8,20.0
mpp,-4.0,5,ack-4f,w,3,3,0,ctl,ok,0,0,-1.0,20.0
mpp,-4.0,5,qpsk-r1/5,w,9,2,,data,missed,0,0,,20.0
mpp,-4.0,5,ack-4f,w,3,3,0,ctl,ok,0,0,-3.1,20.0
mpp,-4.0,5,ack-4f,w,3,3,0,ctl,ok,0,0,0.8,20.0
mpp,-4.0,5,qpsk-r1/5,w,9,2,1,data,ok,7,7,-0.4,20.0
mpp,-4.0,5,ack-4f,w,2,2,0,ctl,ok,0,0,0.5,20.0
mpp,-4.0,5,qpsk-r1/5,w,9,1,0,data,ok,8,8,-0.3,20.0
mpp,-4.0,5,ack-4f,w,2,2,0,ctl,ok,0,0,-0.5,20.0
mpp,-4.0,5,qpsk-r1/5,w,9,1,0,data,ok,8,8,-1.4,20.0
mpp,-4.0,5,ack-4f,w,2,2,0,ctl,ok,0,0,-0.3,20.0
mpp,-4.0,5,qpsk-r1/5,w,9,1,0,data,ok,8,8,-1.9,20.0
mpp,-4.0,5,ack-4f,w,2,2,0,ctl,ok,0,0,0.5,20.0
mpp,-4.0,5,qpsk-r1/5,w,9,1,0,data,ok,8,8,-0.2,20.0
mpp,-4.0,5,ack-4f,w,2,2,0,ctl,ok,0,0,-0.6,20.0
mpp,-4.0,5,qpsk-r1/5,w,9,1,0,data,ok,8,8,0.3,20.0
mpp,-4.0,5,ack-4f,w,2,2,0,ctl,ok,0,0,2.9,20.0
mpp,-4.0,5,qpsk-r1/5,w,9,1,0,data,ok,8,8,1.0,20.0
mpp,-4.0,5,ack-4f,w,2,2,0,ctl,ok,0,0,-2.2,20.0
mpp,-4.0,5,qpsk-r1/5,w,9,1,0,data,ok,8,8,-0.9,20.0
mpp,-4.0,5,ack-4f,w,2,2,0,ctl,ok,0,0,-2.2,20.0
mpp,-4.0,5,qpsk-r1/5,w,9,1,0,data,ctl_lost,8,0,-2.8,20.0
mpp,-4.0,5,ack-4f,w,3,3,0,ctl,ok,0,0,-3.1,20.0
mpp,-4.0,5,ack-4f,w,3,3,0,ctl,ok,0,0,-3.6,20.0
mpp,-4.0,5,qpsk-r1/5,w,9,2,1,data,ok,7,0,-3.4,20.0
mpp,-4.0,5,ack-4f,w,3,3,0,ctl,ok,0,0,-1.2,20.0
mpp,-4.0,5,qpsk-r1/5,w,9,2,1,data,ok,0,0,1.1,20.0
mpp,-4.0,5,ack-4f,w,2,2,0,ctl,ok,0,0,1.9,20.0
mpp,-4.0,5,qpsk-r1/5,w,9,1,0,data,ok,8,8,-1.6,20.0
mpp,-4.0,5,ack-4f,w,2,2,0,ctl,ok,0,0,-0.6,20.0
mpp,-4.0,5,qpsk-r1/5,w,9,1,0,data,ok,8,8,-0.0,20.0
mpp,-4.0,5,ack-4f,w,2,2,0,ctl,ok,0,0,-4.4,20.0
mpp,-4.0,5,qpsk-r1/5,w,9,1,0,data,ok,8,8,-0.6,20.0
mpp,-4.0,5,ack-4f,w,2,2,0,ctl,ok,0,0,-2.5,20.0
mpp,-4.0,5,qpsk-r1/5,w,9,1,0,data,ctl_lost,8,0,-3.1,20.0
mpp,-4.0,5,ack-4f,w,3,3,,ctl,missed,0,0,,20.0
mpp,-4.0,5,ack-4f,w,3,3,0,ctl,ok,0,0,-1.4,20.0
mpp,-4.0,5,ack-4f,w,3,3,0,ctl,ok,0,0,-2.7,20.0
mpp,-4.0,5,qpsk-r1/5,w,9,2,1,data,ok,7,7,-0.1,20.0
mpp,-4.0,5,ack-4f,w,2,2,0,ctl,ok,0,0,0.4,20.0
mpp,-4.0,5,qpsk-r1/5,w,9,1,0,data,ok,8,8,-2.1,20.0
mpp,-4.0,5,ack-4f,w,2,2,0,ctl,ok,0,0,-0.8,20.0
mpp,-4.0,5,qpsk-r1/5,w,9,1,0,data,ok,8,8,-2.3,20.0
mpp,-4.0,5,ack-4f,w,3,3,0,ctl,ok,0,0,-1.4,20.0
mpp,-4.0,5,qpsk-r1/5,w,9,2,1,data,ok,7,7,-0.2,20.0
mpp,-4.0,5,ack-4f,w,2,2,0,ctl,ok,0,0,-3.5,20.0
mpp,-4.0,5,qpsk-r1/5,w,9,1,0,data,ok,8,8,-1.7,20.0
mpp,-4.0,5,ack-4f,w,2,2,0,ctl,ok,0,0,-1.5,20.0
mpp,-4.0,5,qpsk-r1/5,w,9,1,0,data,ctl_lost,8,8,-2.3,20.0
mpp,-4.0,5,ack-4f,w,3,3,0,ctl,ok,0,0,0.7,20.0
mpp,-4.0,5,ack-4f,w,3,3,,ctl,missed,0,0,,20.0
mpp,-4.0,5,ack-4f,w,3,3,0,ctl,ok,0,0,-3.9,20.0
mpp,-4.0,5,ack-4f,w,3,3,0,ctl,ok,0,0,-0.2,20.0
mpp,-4.0,5,qpsk-r1/5,w,9,2,1,data,ok,7,6,-2.5,20.0
mpp,-4.0,5,ack-4f,w,3,3,0,ctl,ok,0,0,-2.7,20.0
mpp,-4.0,5,qpsk-r1/5,w,9,2,1,data,ok,6,6,-1.7,20.0
mpp,-4.0,5,ack-4f,w,3,3,0,ctl,ok,0,0,-0.8,20.0
mpp,-4.0,5,qpsk-r1/5,w,9,2,1,data,ok,7,7,-0.2,20.0
mpp,-4.0,5,ack-4f,w,2,2,0,ctl,ok,0,0,0.2,20.0
mpp,-4.0,5,qpsk-r1/5,w,9,1,0,data,ok,8,8,-0.4,20.0
mpp,-4.0,5,ack-4f,w,2,2,0,ctl,ok,0,0,-4.4,20.0
mpp,-4.0,5,qpsk-r1/5,w,9,1,0,data,ok,8,8,-2.0,20.0
mpp,-4.0,5,ack-4f,w,2,2,0,ctl,ok,0,0,-2.8,20.0
mpp,-4.0,5,qpsk-r1/5,w,9,1,0,data,ok,8,8,-0.1,20.0
mpp,-4.0,7,qpsk-r1/5,w,1,1,0,ctl,ok,0,0,-1.7,22.9
mpp,-4.0,7,qpsk-r1/5,w,1,1,0,ctl,ok,0,0,-0.5,22.9
mpp,-4.0,7,ack-4f,w,3,3,0,ctl,ok,0,0,-1.8,22.9
mpp,-4.0,7,ack-4f,w,3,3,0,ctl,ok,0,0,2.9,22.9
mpp,-4.0,7,qpsk-r1/5,w,9,2,1,data,ok,7,7,-0.9,22.9
mpp,-4.0,7,ack-4f,w,3,3,0,ctl,ok,0,0,0.2,22.9
mpp,-4.0,7,qpsk-r1/5,w,9,2,1,data,ok,7,7,-0.2,22.9
mpp,-4.0,7,ack-4f,w,2,2,0,ctl,ok,0,0,-3.7,22.9
mpp,-4.0,7,qpsk-r1/5,w,9,1,0,data,ok,8,8,-0.7,22.9
mpp,-4.0,7,n10-ack-4f,n10,2,2,0,ctl,ok,0,0,4.2,22.9
mpp,-4.0,7,qpsk-r1/5,w,9,1,0,data,ctl_lost,8,7,-2.5,22.9
mpp,-4.0,7,ack-4f,w,3,3,0,ctl,ok,0,0,0.8,22.9
mpp,-4.0,7,ack-4f,w,3,3,0,ctl,ok,0,0,-2.5,22.9
mpp,-4.0,7,qpsk-r1/5,w,9,2,1,data,ok,7,7,0.4,22.9
mpp,-4.0,7,ack-1f,w,2,2,0,ctl,ok,0,0,2.2,22.9
mpp,-4.0,7,qpsk-r1/5,w,9,1,0,data,ok,8,8,-1.2,22.9
mpp,-4.0,7,ack-4f,w,3,3,0,ctl,ok,0,0,-3.9,22.9
mpp,-4.0,7,qpsk-r1/5,w,9,2,1,data,ok,7,7,-0.9,22.9
mpp,-4.0,7,ack-4f,w,3,3,0,ctl,ok,0,0,-4.7,22.9
mpp,-4.0,7,qpsk-r1/5,w,9,2,,data,missed,0,0,,22.9
mpp,-4.0,7,ack-4f,w,3,3,0,ctl,ok,0,0,-0.8,22.9
mpp,-4.0,7,ack-4f,w,3,3,0,ctl,ok,0,0,-1.6,22.9
mpp,-4.0,7,qpsk-r1/5,w,9,2,1,data,ok,7,7,-1.9,22.9
mpp,-4.0,7,n10-ack-4f,n10,3,3,0,ctl,ok,0,0,0.8,22.9
mpp,-4.0,7,qpsk-r1/5,w,9,2,1,data,ok,7,7,0.2,22.9
mpp,-4.0,7,ack-4f,w,2,2,0,ctl,ok,0,0,-1.2,22.9
mpp,-4.0,7,qpsk-r1/5,w,9,1,0,data,ok,8,8,-1.0,22.9
mpp,-4.0,7,ack-4f,w,2,2,0,ctl,ok,0,0,0.5,22.9
mpp,-4.0,7,qpsk-r1/5,w,9,1,0,data,ok,8,8,-0.1,22.9
mpp,-4.0,7,ack-4f,w,2,2,0,ctl,ok,0,0,-2.6,22.9
mpp,-4.0,7,qpsk-r1/5,w,9,1,0,data,ok,8,8,-0.3,22.9
mpp,-4.0,7,n10-ack-4f,n10,2,2,0,ctl,ok,0,0,-0.4,22.9
mpp,-4.0,7,qpsk-r1/5,w,9,1,0,data,ok,8,8,0.3,22.9
mpp,-4.0,7,ack-4f,w,2,2,0,ctl,ok,0,0,0.2,22.9
mpp,-4.0,7,qpsk-r1/5,w,9,1,0,data,ok,8,8,-1.2,22.9
mpp,-4.0,7,ack-4f,w,2,2,0,ctl,ok,0,0,-4.0,22.9
mpp,-4.0,7,qpsk-r1/5,w,9,1,0,data,ok,8,8,-2.2,22.9
mpp,-4.0,7,ack-4f,w,2,2,0,ctl,ok,0,0,0.8,22.9
mpp,-4.0,7,qpsk-r1/5,w,9,1,0,data,ok,8,8,-0.6,22.9
mpp,-4.0,7,ack-4f,w,2,2,0,ctl,ok,0,0,0.6,22.9
mpp,-4.0,7,qpsk-r1/5,w,9,1,0,data,ok,8,8,-1.2,22.9
mpp,-4.0,7,ack-4f,w,2,2,0,ctl,ok,0,0,1.9,22.9
mpp,-4.0,7,qpsk-r1/5,w,9,1,0,data,ok,8,8,0.8,22.9
mpp,-4.0,7,ack-1f,w,2,2,0,ctl,ok,0,0,1.0,22.9
mpp,-4.0,7,qpsk-r1/5,w,9,1,0,data,ok,8,8,-0.0,22.9
mpp,-4.0,7,ack-1f,w,2,2,0,ctl,ok,0,0,1.4,22.9
mpp,-4.0,7,qpsk-r1/5,w,9,1,0,data,ok,8,8,-0.6,22.9
mpp,-4.0,7,ack-1f,w,2,2,0,ctl,ok,0,0,-2.9,22.9
mpp,-4.0,7,qpsk-r1/5,w,9,1,0,data,ok,8,8,0.0,22.9
mpp,-4.0,7,ack-4f,w,2,2,0,ctl,ok,0,0,-0.4,22.9
mpp,-4.0,7,qpsk-r1/5,w,9,1,0,data,ok,8,8,-0.9,22.9
mpp,-4.0,7,ack-4f,w,2,2,0,ctl,ok,0,0,1.4,22.9
mpp,-4.0,7,qpsk-r1/5,w,9,1,0,data,ok,8,8,-0.7,22.9
mpp,-4.0,7,ack-4f,w,2,2,0,ctl,ok,0,0,-1.1,22.9
mpp,-4.0,7,qpsk-r1/5,w,9,1,0,data,ok,8,8,-0.7,22.9
mpp,-4.0,7,ack-4f,w,2,2,0,ctl,ok,0,0,-1.2,22.9
mpp,-4.0,7,qpsk-r1/5,w,9,1,0,data,ok,8,8,0.7,22.9
mpp,-4.0,7,ack-4f,w,2,2,0,ctl,ok,0,0,-2.7,22.9
mpp,-4.0,7,qpsk-r1/5,w,9,1,0,data,ok,8,8,-0.0,22.9
mpp,-4.0,7,ack-4f,w,2,2,0,ctl,ok,0,0,2.1,22.9
mpp,-4.0,7,qpsk-r1/5,w,9,1,0,data,ok,8,8,-2.3,22.9
mpp,-4.0,7,ack-4f,w,2,2,0,ctl,ok,0,0,-3.8,22.9
mpp,-4.0,7,qpsk-r1/5,w,9,1,,data,missed,0,0,,22.9
mpp,-4.0,7,ack-4f,w,3,3,0,ctl,ok,0,0,-1.2,22.9
mpp,-4.0,7,ack-4f,w,2,2,0,ctl,ok,0,0,-2.9,22.9
mpp,-4.0,7,qpsk-r1/5,w,9,1,0,data,ok,8,8,-0.8,22.9
mpp,-4.0,7,ack-4f,w,2,2,0,ctl,ok,0,0,-2.4,22.9
mpp,-4.0,7,qpsk-r1/5,w,9,1,0,data,ok,8,8,-1.0,22.9
mpp,-4.0,7,ack-4f,w,2,2,0,ctl,ok,0,0,0.6,22.9
mpp,-4.0,7,qpsk-r1/5,w,9,1,0,data,ok,8,8,-0.9,22.9
mpp,-4.0,7,ack-4f,w,2,2,0,ctl,ok,0,0,0.7,22.9
mpp,-4.0,7,qpsk-r1/5,w,9,1,0,data,ok,8,8,-1.9,22.9
mpp,-4.0,7,ack-4f,w,2,2,0,ctl,ok,0,0,-0.0,22.9
mpp,-4.0,7,qpsk-r1/5,w,9,1,0,data,ok,8,8,0.6,22.9
mpp,-4.0,7,ack-4f,w,2,2,0,ctl,ok,0,0,-0.1,22.9
mpp,-4.0,7,qpsk-r1/5,w,9,1,0,data,ok,8,8,-2.5,22.9
mpp,-4.0,7,ack-4f,w,2,2,0,ctl,ok,0,0,0.2,22.9
mpp,-4.0,7,qpsk-r1/5,w,9,1,0,data,ok,8,8,-0.5,22.9
mpp,-4.0,7,ack-4f,w,2,2,0,ctl,ok,0,0,0.5,22.9
mpp,-4.0,7,qpsk-r1/5,w,9,1,0,data,ok,8,8,0.9,22.9
mpp,-4.0,7,ack-4f,w,2,2,0,ctl,ok,0,0,-1.4,22.9
mpp,-4.0,7,qpsk-r1/5,w,9,1,0,data,ok,8,8,-2.5,22.9
mpp,-4.0,7,ack-4f,w,2,2,0,ctl,ok,0,0,-2.8,22.9
mpp,-4.0,7,qpsk-r1/5,w,9,1,0,data,ok,8,8,-0.9,22.9
mpp,-4.0,7,ack-4f,w,2,2,,ctl,missed,0,0,,22.9
mpp,-4.0,7,ack-4f,w,3,3,0,ctl,ok,0,0,-3.1,22.9
mpp,-4.0,7,ack-4f,w,2,2,0,ctl,ok,0,0,-0.5,22.9
mpp,-4.0,7,qpsk-r1/5,w,9,1,0,data,ok,8,8,-0.6,22.9
mpp,-4.0,7,ack-4f,w,2,2,0,ctl,ok,0,0,-0.4,22.9
mpp,-4.0,7,qpsk-r1/5,w,9,1,0,data,ok,8,8,-0.6,22.9
mpp,-4.0,7,ack-4f,w,2,2,0,ctl,ok,0,0,-1.9,22.9
mpp,-4.0,7,qpsk-r1/5,w,9,1,0,data,ok,8,8,-1.2,22.9
mpp,-4.0,7,ack-4f,w,2,2,0,ctl,ok,0,0,-1.7,22.9
mpp,-4.0,7,qpsk-r1/5,w,9,1,0,data,ok,8,8,-1.0,22.9
mpg,8.0,10,qpsk-r1/5,w,1,1,0,ctl,ok,0,0,14.6,169.2
mpg,8.0,10,qpsk-r1/5,w,1,1,0,ctl,ok,0,0,12.7,169.2
mpg,8.0,10,ack-4f,w,2,2,0,ctl,ok,0,0,13.3,169.2
mpg,8.0,10,ack-1f,w,2,2,0,ctl,ok,0,0,15.7,169.2
mpg,8.0,10,w48-qpsk-r3/4,w48,19,1,0,data,ok,18,18,13.0,169.2
mpg,8.0,10,ack-1f,w,3,3,0,ctl,ok,0,0,15.7,169.2
mpg,8.0,10,w48-16qam-r1/2,w48,19,2,1,data,ok,17,0,8.5,169.2
mpg,8.0,10,ack-1f,w,3,3,0,ctl,ok,0,0,9.5,169.2
mpg,8.0,10,w48-16qam-r1/3,w48,19,2,1,data,ok,17,17,8.3,169.2
mpg,8.0,10,ack-1f,w,2,2,0,ctl,ok,0,0,3.9,169.2
mpg,8.0,10,w48-qpsk-r1/2,w48,19,1,0,data,ok,18,18,9.3,169.2
mpg,8.0,10,ack-1f,w,3,3,0,ctl,ok,0,0,2.9,169.2
mpg,8.0,10,w48-16qam-r1/3,w48,19,2,1,data,ok,17,15,6.6,169.2
mpg,8.0,10,ack-1f,w,4,4,0,ctl,ok,0,0,9.1,169.2
mpg,8.0,10,w48-16qam-r1/3,w48,19,2,1,data,ok,15,15,10.9,169.2
mpg,8.0,10,ack-1f,w,2,2,0,ctl,ok,0,0,11.1,169.2
mpg,8.0,10,w48-16qam-r1/3,w48,19,1,0,data,ok,18,18,8.8,169.2
mpg,8.0,10,ack-1f,w,2,2,0,ctl,ok,0,0,9.3,169.2
mpg,8.0,10,w48-16qam-r1/3,w48,19,1,0,data,ok,18,12,7.7,169.2
mpg,8.0,10,ack-1f,w,4,4,0,ctl,ok,0,0,10.1,169.2
mpg,8.0,10,w48-16qam-r1/3,w48,19,2,1,data,ok,11,4,6.6,169.2
mpg,8.0,10,ack-1f,w,4,4,0,ctl,ok,0,0,9.6,169.2
mpg,8.0,10,w48-16qam-r1/3,w48,19,2,1,data,ok,10,10,9.7,169.2
mpg,8.0,10,ack-1f,w,2,2,0,ctl,ok,0,0,10.4,169.2
mpg,8.0,10,w48-16qam-r1/3,w48,19,1,0,data,ok,18,18,10.7,169.2
mpg,8.0,10,ack-1f,w,2,2,0,ctl,ok,0,0,9.9,169.2
mpg,8.0,10,w48-16qam-r1/3,w48,19,1,0,data,ok,18,18,11.7,169.2
mpg,8.0,10,ack-1f,w,2,2,0,ctl,ok,0,0,11.4,169.2
mpg,8.0,10,w48-16qam-r1/3,w48,19,1,0,data,ok,18,18,8.6,169.2
mpg,8.0,10,ack-1f,w,2,2,0,ctl,ok,0,0,8.7,169.2
mpg,8.0,10,w48-16qam-r1/3,w48,19,1,0,data,ok,18,18,9.3,169.2
mpg,8.0,10,ack-1f,w,2,2,0,ctl,ok,0,0,6.4,169.2
mpg,8.0,10,w48-16qam-r1/3,w48,19,1,0,data,ctl_lost,18,0,6.8,169.2
mpg,8.0,10,ack-4f,w,3,3,0,ctl,ok,0,0,4.2,169.2
mpg,8.0,10,ack-4f,w,3,3,0,ctl,ok,0,0,11.5,169.2
mpg,8.0,10,w48-qpsk-r1/3,w48,19,2,1,data,ok,17,17,10.7,169.2
mpg,8.0,10,ack-1f,w,3,3,0,ctl,ok,0,0,2.7,169.2
mpg,8.0,10,w48-16qam-r1/3,w48,19,2,1,data,ok,17,17,9.2,169.2
mpg,8.0,10,ack-1f,w,2,2,0,ctl,ok,0,0,2.3,169.2
mpg,8.0,10,w48-16qam-r1/3,w48,19,1,0,data,ok,18,18,8.9,169.2
mpg,8.0,10,ack-1f,w,2,2,0,ctl,ok,0,0,12.1,169.2
mpg,8.0,10,w48-16qam-r1/3,w48,19,1,0,data,ok,18,18,10.2,169.2
mpg,8.0,10,ack-1f,w,2,2,0,ctl,ok,0,0,17.5,169.2
mpg,8.0,10,w48-16qam-r1/3,w48,19,1,0,data,ok,18,18,11.0,169.2
mpg,8.0,10,ack-1f,w,2,2,0,ctl,ok,0,0,11.2,169.2
mpg,8.0,10,w48-16qam-r1/3,w48,19,1,0,data,ok,18,18,7.3,169.2
mpg,8.0,10,ack-1f,w,2,2,0,ctl,ok,0,0,11.2,169.2
mpg,8.0,10,w48-16qam-r1/3,w48,19,1,0,data,ok,18,18,7.2,169.2
mpg,8.0,10,ack-1f,w,3,3,0,ctl,ok,0,0,4.5,169.2
mpg,8.0,10,w48-16qam-r1/3,w48,19,2,1,data,ok,17,15,8.8,169.2
mpg,8.0,10,ack-1f,w,4,4,0,ctl,ok,0,0,5.1,169.2
mpg,8.0,10,w48-16qam-r1/3,w48,19,2,1,data,ok,15,15,11.9,169.2
mpg,8.0,10,ack-1f,w,2,2,0,ctl,ok,0,0,15.2,169.2
mpg,8.0,10,w48-16qam-r1/3,w48,19,1,0,data,ok,18,18,10.6,169.2
mpg,8.0,10,ack-1f,w,2,2,0,ctl,ok,0,0,12.2,169.2
mpg,8.0,10,w48-16qam-r1/3,w48,19,1,0,data,ok,18,18,9.0,169.2
mpg,8.0,10,ack-1f,w,2,2,0,ctl,ok,0,0,12.2,169.2
mpg,8.0,10,w48-16qam-r1/3,w48,19,1,0,data,ok,18,18,11.8,169.2
mpg,8.0,10,ack-1f,w,2,2,0,ctl,ok,0,0,6.6,169.2
mpg,8.0,10,w48-16qam-r1/3,w48,19,1,0,data,ok,18,18,11.1,169.2
mpg,8.0,10,ack-1f,w,2,2,0,ctl,ok,0,0,11.1,169.2
mpg,8.0,10,w48-16qam-r1/3,w48,19,1,0,data,ok,18,18,11.0,169.2
mpg,8.0,10,ack-1f,w,2,2,0,ctl,ok,0,0,16.3,169.2
mpg,8.0,10,w48-16qam-r1/3,w48,19,1,0,data,ok,18,18,8.6,169.2
mpg,8.0,10,ack-1f,w,2,2,0,ctl,ok,0,0,6.1,169.2
mpg,8.0,10,w48-16qam-r1/3,w48,19,1,0,data,ctl_lost,18,0,3.6,169.2
mpg,8.0,10,ack-4f,w,2,2,0,ctl,ok,0,0,15.5,169.2
mpg,8.0,10,ack-4f,w,3,3,0,ctl,ok,0,0,15.2,169.2
mpg,8.0,10,w48-16qam-r1/3,w48,19,2,1,data,ok,17,17,7.8,169.2
mpg,8.0,10,ack-1f,w,3,3,0,ctl,ok,0,0,7.8,169.2
mpg,8.0,10,w48-16qam-r1/3,w48,19,2,1,data,ok,17,17,10.8,169.2
mpg,8.0,10,ack-1f,w,2,2,0,ctl,ok,0,0,2.7,169.2
mpg,8.0,10,w48-16qam-r1/3,w48,19,1,0,data,ok,18,17,7.1,169.2
mpg,8.0,10,ack-1f,w,3,3,0,ctl,ok,0,0,14.7,169.2
mpg,8.0,10,w48-16qam-r1/3,w48,19,2,1,data,ok,16,16,9.7,169.2
mpg,8.0,10,ack-1f,w,2,2,0,ctl,ok,0,0,7.9,169.2
mpg,8.0,10,w48-16qam-r1/3,w48,19,1,0,data,ok,18,18,9.0,169.2
mpg,8.0,10,ack-1f,w,2,2,0,ctl,ok,0,0,12.5,169.2
mpg,8.0,10,w48-16qam-r1/3,w48,19,1,0,data,ok,18,17,7.6,169.2
mpg,8.0,10,ack-1f,w,3,3,0,ctl,ok,0,0,10.2,169.2
mpg,8.0,10,w48-16qam-r1/3,w48,19,2,1,data,ok,16,0,5.2,169.2
mpg,8.0,10,ack-1f,w,3,3,0,ctl,ok,0,0,6.3,169.2
mpg,8.0,10,w48-qpsk-r1/2,w48,19,2,1,data,ok,17,17,9.3,169.2
mpg,8.0,10,ack-1f,w,3,3,0,ctl,ok,0,0,12.2,169.2
mpg,8.0,10,w48-16qam-r1/3,w48,19,2,1,data,ok,17,17,9.6,169.2
mpg,8.0,10,ack-1f,w,2,2,0,ctl,ok,0,0,13.1,169.2
mpg,8.0,10,w48-16qam-r1/3,w48,19,1,0,data,ok,18,18,10.1,169.2
mpg,8.0,10,ack-1f,w,2,2,0,ctl,ok,0,0,7.5,169.2
mpg,8.0,10,w48-16qam-r1/3,w48,19,1,0,data,ok,18,18,10.2,169.2
mpg,8.0,10,ack-1f,w,2,2,0,ctl,ok,0,0,4.8,169.2
mpg,8.0,10,w48-16qam-r1/3,w48,19,1,0,data,ok,18,18,10.2,169.2
mpg,8.0,10,ack-1f,w,2,2,0,ctl,ok,0,0,7.7,169.2
mpg,8.0,10,w48-16qam-r1/3,w48,19,1,0,data,ok,18,18,9.9,169.2
mpp,-4.0,8,qpsk-r1/5,w,1,1,0,ctl,ok,0,0,1.3,22.9
mpp,-4.0,8,qpsk-r1/5,w,1,1,0,ctl,ok,0,0,2.9,22.9
mpp,-4.0,8,ack-4f,w,3,3,0,ctl,ok,0,0,-3.3,22.9
mpp,-4.0,8,ack-1f,w,3,3,0,ctl,ok,0,0,2.0,22.9
mpp,-4.0,8,qpsk-r1/5,w,9,2,1,data,ok,7,7,-1.6,22.9
mpp,-4.0,8,ack-1f,w,3,3,0,ctl,ctl_lost,0,0,-3.4,22.9
mpp,-4.0,8,ack-4f,w,3,3,0,ctl,ok,0,0,2.0,22.9
mpp,-4.0,8,ack-4f,w,3,3,0,ctl,ok,0,0,0.2,22.9
mpp,-4.0,8,qpsk-r1/5,w,9,2,1,data,ok,7,7,-1.1,22.9
mpp,-4.0,8,n10-ack-4f,n10,2,2,0,ctl,ok,0,0,-0.1,22.9
mpp,-4.0,8,qpsk-r1/5,w,9,1,0,data,ok,8,8,-1.2,22.9
mpp,-4.0,8,ack-4f,w,3,3,0,ctl,ok,0,0,-2.5,22.9
mpp,-4.0,8,qpsk-r1/5,w,9,2,1,data,ok,7,7,-0.8,22.9
mpp,-4.0,8,ack-4f,w,3,3,0,ctl,ok,0,0,0.0,22.9
mpp,-4.0,8,qpsk-r1/5,w,9,2,1,data,ok,7,7,-0.9,22.9
mpp,-4.0,8,n10-ack-4f,n10,2,2,0,ctl,ok,0,0,-1.5,22.9
mpp,-4.0,8,qpsk-r1/5,w,9,1,0,data,ok,8,8,-2.4,22.9
mpp,-4.0,8,ack-4f,w,3,3,0,ctl,ok,0,0,-3.0,22.9
mpp,-4.0,8,qpsk-r1/5,w,9,2,1,data,ok,7,7,-0.9,22.9
mpp,-4.0,8,ack-4f,w,3,3,0,ctl,ok,0,0,1.0,22.9
mpp,-4.0,8,qpsk-r1/5,w,9,2,1,data,ok,7,7,-1.8,22.9
mpp,-4.0,8,ack-4f,w,2,2,0,ctl,ok,0,0,1.9,22.9
mpp,-4.0,8,qpsk-r1/5,w,9,1,0,data,ok,8,8,-0.5,22.9
mpp,-4.0,8,ack-4f,w,2,2,0,ctl,ok,0,0,-3.5,22.9
mpp,-4.0,8,qpsk-r1/5,w,9,1,0,data,ok,8,8,-0.6,22.9
mpp,-4.0,8,ack-4f,w,2,2,0,ctl,ok,0,0,-2.7,22.9
mpp,-4.0,8,qpsk-r1/5,w,9,1,0,data,ok,8,8,-0.5,22.9
mpp,-4.0,8,n10-ack-4f,n10,2,2,0,ctl,ok,0,0,1.5,22.9
mpp,-4.0,8,qpsk-r1/5,w,9,1,0,data,ok,8,8,1.0,22.9
mpp,-4.0,8,ack-4f,w,2,2,0,ctl,ctl_lost,0,0,-5.1,22.9
mpp,-4.0,8,ack-4f,w,3,3,0,ctl,ok,0,0,-1.7,22.9
mpp,-4.0,8,ack-4f,w,2,2,0,ctl,ok,0,0,-0.5,22.9
mpp,-4.0,8,qpsk-r1/5,w,9,1,0,data,ok,8,8,0.3,22.9
mpp,-4.0,8,n10-ack-4f,n10,2,2,0,ctl,ok,0,0,1.9,22.9
mpp,-4.0,8,qpsk-r1/5,w,9,1,0,data,ok,8,8,0.5,22.9
mpp,-4.0,8,ack-4f,w,2,2,0,ctl,ok,0,0,-2.4,22.9
mpp,-4.0,8,qpsk-r1/5,w,9,1,0,data,ctl_lost,8,0,-2.3,22.9
mpp,-4.0,8,ack-4f,w,3,3,0,ctl,ok,0,0,-1.7,22.9
mpp,-4.0,8,ack-4f,w,3,3,0,ctl,ok,0,0,-1.0,22.9
mpp,-4.0,8,qpsk-r1/5,w,9,2,1,data,ok,7,7,-1.5,22.9
mpp,-4.0,8,n10-ack-4f,n10,3,3,0,ctl,ok,0,0,0.2,22.9
mpp,-4.0,8,qpsk-r1/5,w,9,2,1,data,ok,7,7,-0.9,22.9
mpp,-4.0,8,ack-4f,w,2,2,0,ctl,ok,0,0,0.8,22.9
mpp,-4.0,8,qpsk-r1/5,w,9,1,0,data,ok,8,8,0.1,22.9
mpp,-4.0,8,ack-4f,w,2,2,0,ctl,ok,0,0,-3.8,22.9
mpp,-4.0,8,qpsk-r1/5,w,9,1,0,data,ok,8,8,-0.8,22.9
mpp,-4.0,8,n10-ack-4f,n10,2,2,0,ctl,ok,0,0,-4.6,22.9
mpp,-4.0,8,qpsk-r1/5,w,9,1,0,data,ok,8,8,-1.3,22.9
mpp,-4.0,8,n10-ack-4f,n10,2,2,0,ctl,ctl_lost,0,0,-6.8,22.9
mpp,-4.0,8,ack-4f,w,3,3,0,ctl,ok,0,0,-3.0,22.9
mpp,-4.0,8,ack-4f,w,3,3,0,ctl,ok,0,0,-0.5,22.9
mpp,-4.0,8,qpsk-r1/5,w,9,2,1,data,ok,7,7,-0.6,22.9
mpp,-4.0,8,n10-ack-4f,n10,2,2,,ctl,missed,0,0,,22.9
mpp,-4.0,8,ack-4f,w,3,3,0,ctl,ok,0,0,-0.3,22.9
mpp,-4.0,8,ack-4f,w,2,2,0,ctl,ok,0,0,-0.5,22.9
mpp,-4.0,8,qpsk-r1/5,w,9,1,0,data,ok,8,8,1.1,22.9
mpp,-4.0,8,ack-4f,w,2,2,0,ctl,ok,0,0,-0.5,22.9
mpp,-4.0,8,qpsk-r1/5,w,9,1,0,data,ok,8,8,-1.3,22.9
mpp,-4.0,8,ack-4f,w,2,2,0,ctl,ok,0,0,5.5,22.9
mpp,-4.0,8,qpsk-r1/5,w,9,1,0,data,ok,8,8,0.6,22.9
mpp,-4.0,8,n4-ack-2f,n4,2,2,,ctl,missed,0,0,,22.9
mpp,-4.0,8,ack-4f,w,3,3,0,ctl,ok,0,0,0.2,22.9
mpp,-4.0,8,ack-4f,w,2,2,0,ctl,ok,0,0,-2.6,22.9
mpp,-4.0,8,qpsk-r1/5,w,9,1,0,data,ok,8,8,-0.1,22.9
mpp,-4.0,8,ack-4f,w,2,2,0,ctl,ok,0,0,0.9,22.9
mpp,-4.0,8,qpsk-r1/5,w,9,1,0,data,ok,8,8,0.2,22.9
mpp,-4.0,8,n10-ack-4f,n10,2,2,0,ctl,ok,0,0,-3.7,22.9
mpp,-4.0,8,qpsk-r1/5,w,9,1,0,data,ok,8,8,-2.1,22.9
mpp,-4.0,8,ack-4f,w,2,2,0,ctl,ok,0,0,-2.7,22.9
mpp,-4.0,8,qpsk-r1/5,w,9,1,0,data,ok,8,8,-0.7,22.9
mpp,-4.0,8,n10-ack-4f,n10,2,2,0,ctl,ok,0,0,-3.9,22.9
mpp,-4.0,8,qpsk-r1/5,w,9,1,0,data,ok,8,8,-0.5,22.9
mpp,-4.0,8,ack-4f,w,2,2,0,ctl,ok,0,0,1.2,22.9
mpp,-4.0,8,qpsk-r1/5,w,9,1,0,data,ok,8,8,-1.8,22.9
mpp,-4.0,8,ack-4f,w,2,2,0,ctl,ok,0,0,-3.1,22.9
mpp,-4.0,8,qpsk-r1/5,w,9,1,0,data,ok,8,8,-0.6,22.9
mpp,-4.0,8,ack-4f,w,2,2,0,ctl,ok,0,0,0.6,22.9
mpp,-4.0,8,qpsk-r1/5,w,9,1,0,data,ok,8,8,-1.8,22.9
mpp,-4.0,8,ack-4f,w,2,2,0,ctl,ok,0,0,-1.1,22.9
mpp,-4.0,8,qpsk-r1/5,w,9,1,0,data,ok,8,7,-2.4,22.9
mpp,-4.0,8,ack-4f,w,2,2,0,ctl,ok,0,0,0.4,22.9
mpp,-4.0,8,qpsk-r1/5,w,9,1,0,data,ok,7,7,0.1,22.9
mpp,-4.0,8,ack-4f,w,2,2,0,ctl,ok,0,0,3.3,22.9
mpp,-4.0,8,qpsk-r1/5,w,9,1,0,data,ok,8,8,-0.5,22.9
mpp,-4.0,8,ack-4f,w,2,2,0,ctl,ok,0,0,-0.2,22.9
mpp,-4.0,8,qpsk-r1/5,w,9,1,0,data,ok,8,8,-1.4,22.9
mpp,-4.0,8,ack-4f,w,2,2,0,ctl,ok,0,0,3.3,22.9
mpp,-4.0,8,qpsk-r1/5,w,9,1,0,data,ok,8,8,-0.4,22.9
mpp,-4.0,8,ack-4f,w,2,2,0,ctl,ok,0,0,1.3,22.9
mpp,-4.0,8,qpsk-r1/5,w,9,1,0,data,ok,8,8,-1.4,22.9
mpp,-4.0,8,ack-4f,w,2,2,0,ctl,ok,0,0,0.3,22.9
mpp,-4.0,8,qpsk-r1/5,w,9,1,0,data,ok,8,8,-1.6,22.9
mpp,-4.0,8,ack-4f,w,2,2,,ctl,missed,0,0,,22.9
mpp,-4.0,8,ack-4f,w,3,3,0,ctl,ok,0,0,-3.1,22.9
mpp,-4.0,8,ack-4f,w,3,3,0,ctl,ok,0,0,-2.9,22.9
mpp,-4.0,8,qpsk-r1/5,w,9,2,1,data,ok,7,7,-0.4,22.9
mpp,-4.0,8,ack-4f,w,2,2,0,ctl,ok,0,0,-0.8,22.9
mpp,-4.0,8,qpsk-r1/5,w,9,1,0,data,ctl_lost,8,1,-2.8,22.9
mpp,-4.0,9,qpsk-r1/5,w,1,1,0,ctl,ok,0,0,-3.2,20.4
mpp,-4.0,9,qpsk-r1/5,w,1,1,0,ctl,ctl_lost,0,0,-3.1,20.4
mpp,-4.0,9,n4-qpsk-r1/3,n4,1,1,0,ctl,ok,0,0,-0.2,20.4
mpp,-4.0,9,n4-qpsk-r1/3,n4,1,1,0,ctl,ctl_lost,0,0,-4.0,20.4
mpp,-4.0,9,n4-qpsk-r1/3,n4,1,1,0,ctl,ok,0,0,-1.8,20.4
mpp,-4.0,9,n4-qpsk-r1/3,n4,1,1,0,ctl,ok,0,0,-1.6,20.4
mpp,-4.0,9,ack-4f,w,3,3,0,ctl,ok,0,0,-1.2,20.4
mpp,-4.0,9,ack-4f,w,3,3,0,ctl,ok,0,0,-0.8,20.4
mpp,-4.0,9,qpsk-r1/5,w,9,2,1,data,ok,7,7,-0.0,20.4
mpp,-4.0,9,ack-4f,w,3,3,0,ctl,ok,0,0,1.2,20.4
mpp,-4.0,9,qpsk-r1/5,w,9,2,1,data,ok,7,7,-0.8,20.4
mpp,-4.0,9,ack-4f,w,2,2,0,ctl,ok,0,0,-1.4,20.4
mpp,-4.0,9,qpsk-r1/5,w,9,1,0,data,ok,8,8,-1.4,20.4
mpp,-4.0,9,ack-4f,w,3,3,0,ctl,ok,0,0,-0.1,20.4
mpp,-4.0,9,qpsk-r1/5,w,9,2,1,data,ok,7,7,-0.7,20.4
mpp,-4.0,9,ack-4f,w,2,2,0,ctl,ok,0,0,0.2,20.4
mpp,-4.0,9,qpsk-r1/5,w,9,1,0,data,ctl_lost,8,0,-2.4,20.4
mpp,-4.0,9,ack-4f,w,3,3,0,ctl,ok,0,0,-0.2,20.4
mpp,-4.0,9,ack-4f,w,3,3,0,ctl,ok,0,0,0.7,20.4
mpp,-4.0,9,qpsk-r1/5,w,9,2,1,data,ok,7,7,0.6,20.4
mpp,-4.0,9,ack-4f,w,2,2,0,ctl,ok,0,0,1.6,20.4
mpp,-4.0,9,qpsk-r1/5,w,9,1,0,data,ok,8,8,0.0,20.4
mpp,-4.0,9,ack-4f,w,2,2,0,ctl,ok,0,0,0.1,20.4
mpp,-4.0,9,qpsk-r1/5,w,9,1,0,data,ok,8,8,-0.7,20.4
mpp,-4.0,9,ack-4f,w,3,3,0,ctl,ok,0,0,-2.5,20.4
mpp,-4.0,9,qpsk-r1/5,w,9,2,1,data,ok,7,7,0.2,20.4
mpp,-4.0,9,ack-4f,w,2,2,0,ctl,ok,0,0,-0.8,20.4
mpp,-4.0,9,qpsk-r1/5,w,9,1,0,data,ok,8,8,-0.6,20.4
mpp,-4.0,9,ack-4f,w,2,2,0,ctl,ok,0,0,0.3,20.4
mpp,-4.0,9,qpsk-r1/5,w,9,1,0,data,ok,8,8,-1.4,20.4
mpp,-4.0,9,ack-4f,w,3,3,0,ctl,ok,0,0,2.5,20.4
mpp,-4.0,9,qpsk-r1/5,w,9,2,1,data,ok,7,7,-0.2,20.4
mpp,-4.0,9,ack-4f,w,3,3,0,ctl,ok,0,0,-0.5,20.4
mpp,-4.0,9,qpsk-r1/5,w,9,2,1,data,ok,7,7,-1.1,20.4
mpp,-4.0,9,ack-4f,w,2,2,0,ctl,ok,0,0,-4.6,20.4
mpp,-4.0,9,qpsk-r1/5,w,9,1,0,data,ok,8,8,0.9,20.4
mpp,-4.0,9,ack-4f,w,2,2,0,ctl,ok,0,0,-0.6,20.4
mpp,-4.0,9,qpsk-r1/5,w,9,1,0,data,ok,8,8,-0.8,20.4
mpp,-4.0,9,ack-4f,w,2,2,0,ctl,ok,0,0,-0.6,20.4
mpp,-4.0,9,qpsk-r1/5,w,9,1,0,data,ok,8,8,-0.7,20.4
mpp,-4.0,9,ack-4f,w,2,2,0,ctl,ok,0,0,-0.9,20.4
mpp,-4.0,9,qpsk-r1/5,w,9,1,0,data,ok,8,8,-1.1,20.4
mpp,-4.0,9,ack-4f,w,2,2,0,ctl,ok,0,0,-10.2,20.4
mpp,-4.0,9,qpsk-r1/5,w,9,1,0,data,ok,8,8,0.7,20.4
mpp,-4.0,9,ack-4f,w,2,2,0,ctl,ok,0,0,0.8,20.4
mpp,-4.0,9,qpsk-r1/5,w,9,1,0,data,ok,8,8,-1.3,20.4
mpp,-4.0,9,ack-4f,w,2,2,0,ctl,ok,0,0,-1.0,20.4
mpp,-4.0,9,qpsk-r1/5,w,9,1,0,data,ok,8,8,0.4,20.4
mpp,-4.0,9,ack-4f,w,2,2,0,ctl,ok,0,0,-0.2,20.4
mpp,-4.0,9,qpsk-r1/5,w,9,1,0,data,ok,8,8,-2.3,20.4
mpp,-4.0,9,ack-4f,w,2,2,,ctl,missed,0,0,,20.4
mpp,-4.0,9,ack-4f,w,3,3,0,ctl,ok,0,0,-1.5,20.4
mpp,-4.0,9,ack-4f,w,3,3,0,ctl,ok,0,0,-0.2,20.4
mpp,-4.0,9,qpsk-r1/5,w,9,2,1,data,ok,7,7,-1.4,20.4
mpp,-4.0,9,ack-4f,w,3,3,0,ctl,ok,0,0,-1.9,20.4
mpp,-4.0,9,qpsk-r1/5,w,9,2,1,data,ok,7,7,-2.4,20.4
mpp,-4.0,9,ack-4f,w,2,2,0,ctl,ok,0,0,-1.5,20.4
mpp,-4.0,9,qpsk-r1/5,w,9,1,0,data,ok,8,8,-0.4,20.4
mpp,-4.0,9,ack-4f,w,2,2,0,ctl,ok,0,0,-1.7,20.4
mpp,-4.0,9,qpsk-r1/5,w,9,1,0,data,ok,8,8,-0.6,20.4
mpp,-4.0,9,ack-4f,w,2,2,0,ctl,ok,0,0,-3.3,20.4
mpp,-4.0,9,qpsk-r1/5,w,9,1,0,data,ok,8,8,-1.1,20.4
mpp,-4.0,9,ack-4f,w,2,2,0,ctl,ok,0,0,2.7,20.4
mpp,-4.0,9,qpsk-r1/5,w,9,1,0,data,ok,8,6,-2.2,20.4
mpp,-4.0,9,ack-4f,w,3,3,0,ctl,ok,0,0,1.3,20.4
mpp,-4.0,9,qpsk-r1/5,w,9,1,0,data,ok,6,6,-2.2,20.4
mpp,-4.0,9,ack-4f,w,2,2,0,ctl,ok,0,0,-0.1,20.4
mpp,-4.0,9,qpsk-r1/5,w,9,1,0,data,ok,8,8,-1.2,20.4
mpp,-4.0,9,ack-4f,w,2,2,0,ctl,ok,0,0,-2.5,20.4
mpp,-4.0,9,qpsk-r1/5,w,9,1,0,data,ctl_lost,8,0,-3.1,20.4
mpp,-4.0,9,ack-4f,w,3,3,0,ctl,ok,0,0,0.5,20.4
mpp,-4.0,9,ack-4f,w,3,3,0,ctl,ok,0,0,-0.1,20.4
mpp,-4.0,9,qpsk-r1/5,w,9,2,1,data,ok,7,6,-2.8,20.4
mpp,-4.0,9,ack-4f,w,3,3,0,ctl,ok,0,0,1.9,20.4
mpp,-4.0,9,qpsk-r1/5,w,9,1,0,data,ctl_lost,7,1,-2.4,20.4
mpp,-4.0,9,ack-4f,w,3,3,0,ctl,ok,0,0,0.7,20.4
mpp,-4.0,9,ack-4f,w,3,3,0,ctl,ok,0,0,-0.7,20.4
mpp,-4.0,9,qpsk-r1/5,w,9,2,1,data,ok,6,6,-0.5,20.4
mpp,-4.0,9,ack-4f,w,3,3,0,ctl,ok,0,0,-3.8,20.4
mpp,-4.0,9,qpsk-r1/5,w,9,2,1,data,ok,7,7,-0.5,20.4
mpp,-4.0,9,ack-4f,w,2,2,0,ctl,ok,0,0,-0.6,20.4
mpp,-4.0,9,qpsk-r1/5,w,9,1,0,data,ok,8,8,-1.9,20.4
mpp,-4.0,9,ack-4f,w,3,3,0,ctl,ok,0,0,0.9,20.4
mpp,-4.0,9,qpsk-r1/5,w,9,2,1,data,ok,7,7,1.1,20.4
mpp,-4.0,9,ack-4f,w,2,2,0,ctl,ok,0,0,1.7,20.4
mpp,-4.0,9,qpsk-r1/5,w,9,1,0,data,ok,8,8,-1.7,20.4
mpp,-4.0,9,ack-4f,w,2,2,0,ctl,ok,0,0,0.5,20.4
mpp,-4.0,9,qpsk-r1/5,w,9,1,0,data,ok,8,8,0.2,20.4
mpp,-4.0,9,ack-4f,w,2,2,0,ctl,ok,0,0,-1.9,20.4
mpp,-4.0,9,qpsk-r1/5,w,9,1,0,data,ok,8,8,-0.9,20.4
mpp,-4.0,9,ack-4f,w,2,2,0,ctl,ok,0,0,-3.5,20.4
mpp,-4.0,9,qpsk-r1/5,w,9,1,0,data,ok,8,8,-1.4,20.4
mpp,-4.0,10,qpsk-r1/5,w,1,1,0,ctl,ok,0,0,-2.2,22.9
mpp,-4.0,10,qpsk-r1/5,w,1,1,0,ctl,ok,0,0,0.4,22.9
mpp,-4.0,10,ack-4f,w,3,3,0,ctl,ok,0,0,-1.6,22.9
mpp,-4.0,10,ack-4f,w,3,3,0,ctl,ok,0,0,1.4,22.9
mpp,-4.0,10,qpsk-r1/5,w,9,2,1,data,ok,7,7,-1.3,22.9
mpp,-4.0,10,ack-4f,w,3,3,0,ctl,ok,0,0,0.1,22.9
mpp,-4.0,10,qpsk-r1/5,w,9,2,1,data,ok,7,7,0.0,22.9
mpp,-4.0,10,ack-4f,w,3,3,0,ctl,ok,0,0,-0.6,22.9
mpp,-4.0,10,qpsk-r1/5,w,9,2,1,data,ok,7,7,-1.0,22.9
mpp,-4.0,10,ack-4f,w,2,2,0,ctl,ok,0,0,-3.0,22.9
mpp,-4.0,10,qpsk-r1/5,w,9,1,0,data,ok,8,8,-0.1,22.9
mpp,-4.0,10,ack-4f,w,2,2,0,ctl,ok,0,0,-2.8,22.9
mpp,-4.0,10,qpsk-r1/5,w,9,1,0,data,ok,8,8,-0.8,22.9
mpp,-4.0,10,n4-ack-8f,n4,2,2,0,ctl,ok,0,0,-1.6,22.9
mpp,-4.0,10,qpsk-r1/5,w,9,1,0,data,ok,8,8,-0.0,22.9
mpp,-4.0,10,ack-4f,w,2,2,0,ctl,ok,0,0,-4.6,22.9
mpp,-4.0,10,qpsk-r1/5,w,9,1,0,data,ok,8,8,-0.5,22.9
mpp,-4.0,10,ack-4f,w,2,2,0,ctl,ok,0,0,-1.1,22.9
mpp,-4.0,10,qpsk-r1/5,w,9,1,0,data,ok,8,8,-0.2,22.9
mpp,-4.0,10,ack-4f,w,2,2,0,ctl,ok,0,0,-0.8,22.9
mpp,-4.0,10,qpsk-r1/5,w,9,1,0,data,ok,8,8,-0.3,22.9
mpp,-4.0,10,ack-4f,w,2,2,0,ctl,ok,0,0,3.4,22.9
mpp,-4.0,10,qpsk-r1/5,w,9,1,0,data,ok,8,8,-0.9,22.9
mpp,-4.0,10,ack-4f,w,2,2,0,ctl,ok,0,0,-3.9,22.9
mpp,-4.0,10,qpsk-r1/5,w,9,1,,data,missed,0,0,,22.9
mpp,-4.0,10,ack-4f,w,3,3,0,ctl,ok,0,0,-1.7,22.9
mpp,-4.0,10,ack-4f,w,3,3,0,ctl,ok,0,0,-3.5,22.9
mpp,-4.0,10,qpsk-r1/5,w,9,2,1,data,ok,7,7,-0.6,22.9
mpp,-4.0,10,n10-ack-4f,n10,2,2,0,ctl,ok,0,0,-1.8,22.9
mpp,-4.0,10,qpsk-r1/5,w,9,1,0,data,ok,8,8,-1.6,22.9
mpp,-4.0,10,ack-4f,w,2,2,0,ctl,ok,0,0,-1.5,22.9
mpp,-4.0,10,qpsk-r1/5,w,9,1,0,data,ok,8,8,-2.0,22.9
mpp,-4.0,10,ack-4f,w,2,2,0,ctl,ok,0,0,0.6,22.9
mpp,-4.0,10,qpsk-r1/5,w,9,1,0,data,ok,8,8,-0.5,22.9
mpp,-4.0,10,ack-4f,w,2,2,0,ctl,ok,0,0,0.1,22.9
mpp,-4.0,10,qpsk-r1/5,w,9,1,0,data,ok,8,8,-1.4,22.9
mpp,-4.0,10,ack-4f,w,2,2,0,ctl,ok,0,0,2.7,22.9
mpp,-4.0,10,qpsk-r1/5,w,9,1,0,data,ok,8,8,-1.7,22.9
mpp,-4.0,10,ack-4f,w,2,2,0,ctl,ok,0,0,-5.2,22.9
mpp,-4.0,10,qpsk-r1/5,w,9,1,0,data,ok,8,8,-1.8,22.9
mpp,-4.0,10,ack-4f,w,2,2,0,ctl,ok,0,0,-1.3,22.9
mpp,-4.0,10,qpsk-r1/5,w,9,1,0,data,ok,8,8,-1.8,22.9
mpp,-4.0,10,ack-4f,w,2,2,0,ctl,ok,0,0,1.4,22.9
mpp,-4.0,10,qpsk-r1/5,w,9,1,0,data,ctl_lost,8,3,-3.0,22.9
mpp,-4.0,10,ack-4f,w,3,3,0,ctl,ok,0,0,2.0,22.9
mpp,-4.0,10,ack-4f,w,3,3,0,ctl,ok,0,0,-0.9,22.9
mpp,-4.0,10,qpsk-r1/5,w,9,2,1,data,ok,7,7,-1.8,22.9
mpp,-4.0,10,ack-4f,w,2,2,0,ctl,ok,0,0,-1.3,22.9
mpp,-4.0,10,qpsk-r1/5,w,9,1,0,data,ok,8,8,-1.7,22.9
mpp,-4.0,10,ack-4f,w,3,3,0,ctl,ok,0,0,-1.7,22.9
mpp,-4.0,10,qpsk-r1/5,w,9,2,1,data,ok,7,7,-1.0,22.9
mpp,-4.0,10,ack-4f,w,2,2,0,ctl,ok,0,0,-4.3,22.9
mpp,-4.0,10,qpsk-r1/5,w,9,1,0,data,ok,8,8,-0.8,22.9
mpp,-4.0,10,ack-4f,w,2,2,0,ctl,ok,0,0,2.1,22.9
mpp,-4.0,10,qpsk-r1/5,w,9,1,0,data,ok,8,8,0.8,22.9
mpp,-4.0,10,ack-4f,w,2,2,0,ctl,ok,0,0,-3.3,22.9
mpp,-4.0,10,qpsk-r1/5,w,9,1,0,data,ok,8,8,-0.3,22.9
mpp,-4.0,10,ack-4f,w,2,2,0,ctl,ok,0,0,-2.3,22.9
mpp,-4.0,10,qpsk-r1/5,w,9,1,0,data,ok,8,8,-1.5,22.9
mpp,-4.0,10,ack-4f,w,2,2,0,ctl,ok,0,0,-4.1,22.9
mpp,-4.0,10,qpsk-r1/5,w,9,1,0,data,ok,8,8,-0.4,22.9
mpp,-4.0,10,ack-4f,w,2,2,0,ctl,ok,0,0,1.2,22.9
mpp,-4.0,10,qpsk-r1/5,w,9,1,0,data,ctl_lost,8,0,-3.8,22.9
mpp,-4.0,10,ack-4f,w,3,3,0,ctl,ok,0,0,1.2,22.9
mpp,-4.0,10,ack-4f,w,3,3,0,ctl,ok,0,0,-1.8,22.9
mpp,-4.0,10,qpsk-r1/5,w,9,2,1,data,ok,7,7,-0.8,22.9
mpp,-4.0,10,ack-4f,w,2,2,0,ctl,ok,0,0,0.0,22.9
mpp,-4.0,10,qpsk-r1/5,w,9,1,0,data,ok,8,8,-1.9,22.9
mpp,-4.0,10,ack-4f,w,3,3,0,ctl,ok,0,0,-0.9,22.9
mpp,-4.0,10,qpsk-r1/5,w,9,2,1,data,ok,7,7,-1.6,22.9
mpp,-4.0,10,ack-4f,w,3,3,0,ctl,ok,0,0,-0.7,22.9
mpp,-4.0,10,qpsk-r1/5,w,9,2,1,data,ok,7,7,-0.9,22.9
mpp,-4.0,10,ack-4f,w,2,2,0,ctl,ok,0,0,-1.4,22.9
mpp,-4.0,10,qpsk-r1/5,w,9,1,0,data,ok,8,8,-1.8,22.9
mpp,-4.0,10,ack-4f,w,2,2,0,ctl,ok,0,0,-3.1,22.9
mpp,-4.0,10,qpsk-r1/5,w,9,1,0,data,ok,8,8,-0.5,22.9
mpp,-4.0,10,ack-4f,w,2,2,0,ctl,ok,0,0,-0.7,22.9
mpp,-4.0,10,qpsk-r1/5,w,9,1,0,data,ok,8,8,-0.4,22.9
mpp,-4.0,10,ack-4f,w,2,2,0,ctl,ok,0,0,-2.7,22.9
mpp,-4.0,10,qpsk-r1/5,w,9,1,0,data,ok,8,8,-0.8,22.9
mpp,-4.0,10,ack-4f,w,2,2,0,ctl,ok,0,0,-3.4,22.9
mpp,-4.0,10,qpsk-r1/5,w,9,1,0,data,ok,8,8,-0.4,22.9
mpp,-4.0,10,ack-4f,w,2,2,0,ctl,ok,0,0,-3.9,22.9
mpp,-4.0,10,qpsk-r1/5,w,9,1,0,data,ok,8,8,-0.4,22.9
mpp,-4.0,10,ack-4f,w,2,2,0,ctl,ok,0,0,1.3,22.9
mpp,-4.0,10,qpsk-r1/5,w,9,1,0,data,ok,8,8,-2.0,22.9
mpp,-4.0,10,ack-4f,w,2,2,0,ctl,ok,0,0,-2.8,22.9
mpp,-4.0,10,qpsk-r1/5,w,9,1,0,data,ok,8,8,-1.0,22.9
mpp,-4.0,10,ack-4f,w,2,2,0,ctl,ok,0,0,-2.8,22.9
mpp,-4.0,10,qpsk-r1/5,w,9,1,0,data,ok,8,8,-0.9,22.9
mpp,-4.0,10,ack-4f,w,2,2,0,ctl,ok,0,0,-1.0,22.9
mpp,-4.0,10,qpsk-r1/5,w,9,1,0,data,ok,8,8,-1.0,22.9
mpp,-4.0,11,qpsk-r1/5,w,1,1,0,ctl,ok,0,0,-0.8,19.1
mpp,-4.0,11,qpsk-r1/5,w,1,1,0,ctl,ctl_lost,0,0,-4.4,19.1
mpp,-4.0,11,n4-qpsk-r1/3,n4,1,1,0,ctl,ok,0,0,-0.9,19.1
mpp,-4.0,11,n4-qpsk-r1/3,n4,1,1,0,ctl,ok,0,0,-1.3,19.1
mpp,-4.0,11,ack-4f,w,3,3,0,ctl,ok,0,0,-0.6,19.1
mpp,-4.0,11,n10-ack-4f,n10,3,3,,ctl,missed,0,0,,19.1
mpp,-4.0,11,ack-4f,w,3,3,0,ctl,ok,0,0,2.3,19.1
mpp,-4.0,11,ack-4f,w,3,3,0,ctl,ok,0,0,-3.5,19.1
mpp,-4.0,11,qpsk-r1/5,w,9,2,1,data,ok,7,7,-0.1,19.1
mpp,-4.0,11,n10-ack-4f,n10,3,3,0,ctl,ok,0,0,-2.5,19.1
mpp,-4.0,11,qpsk-r1/3,w,9,2,1,data,ctl_lost,7,0,-2.4,19.1
mpp,-4.0,11,ack-4f,w,3,3,0,ctl,ok,0,0,-2.1,19.1
mpp,-4.0,11,ack-4f,w,3,3,0,ctl,ok,0,0,0.5,19.1
mpp,-4.0,11,qpsk-r1/5,w,9,2,1,data,ok,7,7,-0.7,19.1
mpp,-4.0,11,ack-4f,w,3,3,0,ctl,ok,0,0,-2.6,19.1
mpp,-4.0,11,qpsk-r1/5,w,9,2,1,data,ok,7,7,-1.4,19.1
mpp,-4.0,11,ack-4f,w,2,2,0,ctl,ok,0,0,1.6,19.1
mpp,-4.0,11,qpsk-r1/5,w,9,1,0,data,ok,8,8,-1.7,19.1
mpp,-4.0,11,ack-4f,w,3,3,0,ctl,ok,0,0,0.2,19.1
mpp,-4.0,11,qpsk-r1/5,w,9,2,1,data,ok,7,7,-1.2,19.1
mpp,-4.0,11,ack-4f,w,2,2,0,ctl,ok,0,0,0.1,19.1
mpp,-4.0,11,qpsk-r1/5,w,9,1,0,data,ok,8,8,-0.8,19.1
mpp,-4.0,11,ack-4f,w,2,2,0,ctl,ok,0,0,1.0,19.1
mpp,-4.0,11,qpsk-r1/5,w,9,1,0,data,ok,8,8,-0.1,19.1
mpp,-4.0,11,ack-4f,w,2,2,0,ctl,ok,0,0,0.1,19.1
mpp,-4.0,11,qpsk-r1/5,w,9,1,0,data,ok,8,8,-0.6,19.1
mpp,-4.0,11,ack-4f,w,2,2,0,ctl,ok,0,0,0.9,19.1
mpp,-4.0,11,qpsk-r1/5,w,9,1,0,data,ok,8,8,-0.1,19.1
mpp,-4.0,11,ack-4f,w,2,2,0,ctl,ok,0,0,-0.4,19.1
mpp,-4.0,11,qpsk-r1/5,w,9,1,0,data,ctl_lost,8,0,-3.3,19.1
mpp,-4.0,11,ack-4f,w,3,3,0,ctl,ok,0,0,-2.8,19.1
mpp,-4.0,11,ack-4f,w,3,3,0,ctl,ok,0,0,-0.6,19.1
mpp,-4.0,11,qpsk-r1/5,w,9,2,1,data,ok,7,6,-2.4,19.1
mpp,-4.0,11,ack-4f,w,3,3,0,ctl,ok,0,0,-1.9,19.1
mpp,-4.0,11,qpsk-r1/5,w,9,2,1,data,ok,6,6,-1.1,19.1
mpp,-4.0,11,ack-4f,w,3,3,0,ctl,ok,0,0,0.0,19.1
mpp,-4.0,11,qpsk-r1/5,w,9,2,1,data,ok,7,7,-0.4,19.1
mpp,-4.0,11,ack-4f,w,2,2,0,ctl,ok,0,0,0.2,19.1
mpp,-4.0,11,qpsk-r1/5,w,9,1,,data,missed,0,0,,19.1
mpp,-4.0,11,ack-4f,w,3,3,0,ctl,ok,0,0,-1.4,19.1
mpp,-4.0,11,ack-4f,w,3,3,0,ctl,ok,0,0,-1.2,19.1
mpp,-4.0,11,qpsk-r1/5,w,9,2,1,data,ok,7,7,1.6,19.1
mpp,-4.0,11,ack-4f,w,2,2,0,ctl,ok,0,0,-0.3,19.1
mpp,-4.0,11,qpsk-r1/5,w,9,1,0,data,ok,8,8,-0.6,19.1
mpp,-4.0,11,ack-4f,w,2,2,0,ctl,ok,0,0,-2.6,19.1
mpp,-4.0,11,qpsk-r1/5,w,9,1,0,data,ok,8,8,-0.8,19.1
mpp,-4.0,11,ack-4f,w,2,2,0,ctl,ok,0,0,0.6,19.1
mpp,-4.0,11,qpsk-r1/5,w,9,1,0,data,ok,8,8,-2.0,19.1
mpp,-4.0,11,ack-4f,w,2,2,0,ctl,ok,0,0,-0.3,19.1
mpp,-4.0,11,qpsk-r1/5,w,9,1,0,data,ok,8,8,-0.7,19.1
mpp,-4.0,11,ack-4f,w,2,2,0,ctl,ok,0,0,2.7,19.1
mpp,-4.0,11,qpsk-r1/5,w,9,1,0,data,ok,8,8,-0.3,19.1
mpp,-4.0,11,ack-4f,w,2,2,0,ctl,ok,0,0,-0.3,19.1
mpp,-4.0,11,qpsk-r1/5,w,9,1,,data,missed,0,0,,19.1
mpp,-4.0,11,ack-4f,w,2,2,0,ctl,ok,0,0,-0.6,19.1
mpp,-4.0,11,ack-4f,w,2,2,0,ctl,ok,0,0,3.0,19.1
mpp,-4.0,11,qpsk-r1/5,w,9,1,0,data,ok,8,8,-0.5,19.1
mpp,-4.0,11,ack-4f,w,2,2,0,ctl,ok,0,0,-1.0,19.1
mpp,-4.0,11,qpsk-r1/5,w,9,1,0,data,ok,8,8,-1.9,19.1
mpp,-4.0,11,ack-4f,w,2,2,0,ctl,ok,0,0,0.4,19.1
mpp,-4.0,11,qpsk-r1/5,w,9,1,0,data,ok,8,8,-1.1,19.1
mpp,-4.0,11,ack-4f,w,2,2,0,ctl,ok,0,0,1.4,19.1
mpp,-4.0,11,qpsk-r1/5,w,9,1,0,data,ok,8,8,-0.4,19.1
mpp,-4.0,11,ack-4f,w,2,2,0,ctl,ok,0,0,-1.8,19.1
mpp,-4.0,11,qpsk-r1/5,w,9,1,0,data,ok,8,7,-1.9,19.1
mpp,-4.0,11,ack-4f,w,3,3,0,ctl,ok,0,0,2.1,19.1
mpp,-4.0,11,qpsk-r1/5,w,9,1,,data,missed,0,0,,19.1
mpp,-4.0,11,ack-4f,w,3,3,0,ctl,ok,0,0,-2.3,19.1
mpp,-4.0,11,ack-4f,w,3,3,0,ctl,ok,0,0,1.5,19.1
mpp,-4.0,11,qpsk-r1/5,w,9,2,1,data,ok,6,6,-2.5,19.1
mpp,-4.0,11,ack-4f,w,2,2,0,ctl,ok,0,0,-3.0,19.1
mpp,-4.0,11,qpsk-r1/5,w,9,1,0,data,ok,8,8,0.1,19.1
mpp,-4.0,11,ack-4f,w,2,2,0,ctl,ok,0,0,1.1,19.1
mpp,-4.0,11,qpsk-r1/5,w,9,1,0,data,ok,8,8,-0.9,19.1
mpp,-4.0,11,ack-4f,w,2,2,0,ctl,ok,0,0,0.0,19.1
mpp,-4.0,11,qpsk-r1/5,w,9,1,0,data,ok,8,8,-0.8,19.1
mpp,-4.0,11,ack-4f,w,2,2,0,ctl,ok,0,0,-0.0,19.1
mpp,-4.0,11,qpsk-r1/5,w,9,1,0,data,ok,8,8,-0.7,19.1
mpp,-4.0,11,ack-4f,w,2,2,0,ctl,ok,0,0,-1.0,19.1
mpp,-4.0,11,qpsk-r1/5,w,9,1,0,data,ok,8,8,0.0,19.1
mpp,-4.0,11,ack-4f,w,2,2,0,ctl,ok,0,0,-2.1,19.1
mpp,-4.0,11,qpsk-r1/5,w,9,1,0,data,ok,8,8,-1.0,19.1
mpp,-4.0,11,ack-4f,w,2,2,0,ctl,ok,0,0,0.5,19.1
mpp,-4.0,11,qpsk-r1/5,w,9,1,0,data,ok,8,8,-1.5,19.1
mpp,-4.0,11,ack-4f,w,2,2,0,ctl,ok,0,0,-5.2,19.1
mpp,-4.0,11,qpsk-r1/5,w,9,1,0,data,ctl_lost,8,0,-3.9,19.1
mpp,-4.0,11,ack-4f,w,3,3,0,ctl,ok,0,0,-0.5,19.1
mpp,-4.0,11,ack-4f,w,3,3,0,ctl,ok,0,0,1.3,19.1
mpp,-4.0,11,qpsk-r1/5,w,9,2,1,data,ok,7,7,-1.7,19.1
mpp,-4.0,11,ack-4f,w,2,2,0,ctl,ok,0,0,-0.2,19.1
mpp,-4.0,11,qpsk-r1/5,w,9,1,0,data,ok,8,8,-1.2,19.1
mpp,-4.0,11,ack-4f,w,2,2,0,ctl,ok,0,0,-0.9,19.1
mpp,-4.0,11,qpsk-r1/5,w,9,1,0,data,ok,8,8,-1.5,19.1
mpp,0.0,2,qpsk-r1/5,w,1,1,0,ctl,ok,0,0,1.7,52.7
mpp,0.0,2,qpsk-r1/5,w,1,1,0,ctl,ok,0,0,4.3,52.7
mpp,0.0,2,ack-4f,w,3,3,0,ctl,ok,0,0,1.6,52.7
mpp,0.0,2,ack-1f,w,3,3,0,ctl,ok,0,0,-3.1,52.7
mpp,0.0,2,qpsk-r1/3,w,9,2,1,data,ok,7,7,3.2,52.7
mpp,0.0,2,ack-1f,w,3,3,0,ctl,ok,0,0,-3.6,52.7
mpp,0.0,2,qpsk-r1/3,w,9,2,1,data,ok,7,7,3.6,52.7
mpp,0.0,2,n10-ack-4f,n10,2,2,0,ctl,ok,0,0,2.1,52.7
mpp,0.0,2,qpsk-r1/3,w,9,1,0,data,ctl_lost,8,5,0.4,52.7
mpp,0.0,2,ack-4f,w,3,3,0,ctl,ok,0,0,4.0,52.7
mpp,0.0,2,ack-4f,w,2,2,0,ctl,ok,0,0,5.8,52.7
mpp,0.0,2,qpsk-r1/5,w,9,1,0,data,ok,8,8,-0.4,52.7
mpp,0.0,2,ack-1f,w,2,2,0,ctl,ok,0,0,5.0,52.7
mpp,0.0,2,qpsk-r1/5,w,9,1,0,data,ok,8,8,3.3,52.7
mpp,0.0,2,ack-1f,w,2,2,0,ctl,ok,0,0,5.8,52.7
mpp,0.0,2,qpsk-r1/5,w,9,1,0,data,ok,8,8,4.5,52.7
mpp,0.0,2,ack-1f,w,3,3,0,ctl,ok,0,0,2.8,52.7
mpp,0.0,2,qpsk-r1/2,w,9,2,1,data,ok,7,7,3.3,52.7
mpp,0.0,2,ack-1f,w,3,3,0,ctl,ok,0,0,8.8,52.7
mpp,0.0,2,qpsk-r1/2,w,9,2,1,data,ok,7,6,3.3,52.7
mpp,0.0,2,ack-1f,w,3,3,0,ctl,ctl_lost,0,0,-3.9,52.7
mpp,0.0,2,ack-4f,w,3,3,0,ctl,ok,0,0,2.1,52.7
mpp,0.0,2,ack-4f,w,3,3,0,ctl,ok,0,0,1.4,52.7
mpp,0.0,2,qpsk-r1/2,w,9,2,1,data,ok,7,7,2.9,52.7
mpp,0.0,2,ack-4f,w,3,3,0,ctl,ok,0,0,2.3,52.7
mpp,0.0,2,qpsk-r1/2,w,9,2,1,data,ok,7,7,3.8,52.7
mpp,0.0,2,ack-4f,w,3,3,0,ctl,ok,0,0,2.0,52.7
mpp,0.0,2,qpsk-r1/2,w,9,2,1,data,ok,7,5,3.0,52.7
mpp,0.0,2,ack-4f,w,3,3,0,ctl,ok,0,0,3.3,52.7
mpp,0.0,2,qpsk-r1/2,w,9,2,1,data,ok,5,5,4.7,52.7
mpp,0.0,2,ack-4f,w,3,3,0,ctl,ok,0,0,3.0,52.7
mpp,0.0,2,qpsk-r1/2,w,9,2,1,data,ok,7,7,4.0,52.7
mpp,0.0,2,ack-4f,w,2,2,0,ctl,ok,0,0,4.6,52.7
mpp,0.0,2,qpsk-r1/2,w,9,1,0,data,ctl_lost,8,0,0.5,52.7
mpp,0.0,2,ack-4f,w,3,3,0,ctl,ok,0,0,3.3,52.7
mpp,0.0,2,ack-4f,w,3,3,0,ctl,ok,0,0,5.9,52.7
mpp,0.0,2,qpsk-r1/2,w,9,2,1,data,ok,7,7,3.5,52.7
mpp,0.0,2,ack-1f,w,3,3,0,ctl,ok,0,0,5.6,52.7
mpp,0.0,2,qpsk-r1/2,w,9,2,1,data,ok,7,7,2.9,52.7
mpp,0.0,2,ack-1f,w,3,3,0,ctl,ok,0,0,3.5,52.7
mpp,0.0,2,qpsk-r1/2,w,9,2,1,data,ok,7,7,3.1,52.7
mpp,0.0,2,ack-1f,w,3,3,0,ctl,ok,0,0,5.4,52.7
mpp,0.0,2,qpsk-r1/2,w,9,2,1,data,ok,7,7,4.1,52.7
mpp,0.0,2,ack-1f,w,3,3,0,ctl,ok,0,0,5.6,52.7
mpp,0.0,2,qpsk-r1/2,w,9,2,1,data,ok,7,7,4.0,52.7
mpp,0.0,2,ack-1f,w,2,2,0,ctl,ok,0,0,7.3,52.7
mpp,0.0,2,qpsk-r1/2,w,9,1,0,data,ok,8,8,3.0,52.7
mpp,0.0,2,ack-1f,w,2,2,0,ctl,ok,0,0,4.3,52.7
mpp,0.0,2,qpsk-r1/2,w,9,1,,data,missed,0,0,,52.7
mpp,0.0,2,ack-4f,w,3,3,0,ctl,ok,0,0,5.5,52.7
mpp,0.0,2,ack-4f,w,2,2,0,ctl,ok,0,0,0.4,52.7
mpp,0.0,2,qpsk-r1/2,w,9,1,0,data,ok,8,8,4.0,52.7
mpp,0.0,2,ack-4f,w,2,2,0,ctl,ok,0,0,0.5,52.7
mpp,0.0,2,qpsk-r1/2,w,9,1,0,data,ok,8,8,4.1,52.7
mpp,0.0,2,ack-4f,w,2,2,0,ctl,ok,0,0,3.2,52.7
mpp,0.0,2,qpsk-r1/2,w,9,1,0,data,ok,8,7,2.8,52.7
mpp,0.0,2,ack-4f,w,3,3,0,ctl,ok,0,0,2.6,52.7
mpp,0.0,2,qpsk-r1/2,w,9,1,0,data,ok,7,7,3.6,52.7
mpp,0.0,2,ack-4f,w,2,2,0,ctl,ok,0,0,3.8,52.7
mpp,0.0,2,qpsk-r1/2,w,9,1,0,data,ok,8,8,3.9,52.7
mpp,0.0,2,ack-4f,w,2,2,0,ctl,ok,0,0,4.4,52.7
mpp,0.0,2,qpsk-r1/2,w,9,1,0,data,ok,8,8,4.1,52.7
mpp,0.0,2,ack-1f,w,2,2,0,ctl,ok,0,0,7.5,52.7
mpp,0.0,2,qpsk-r1/2,w,9,1,0,data,ok,8,8,4.0,52.7
mpp,0.0,2,ack-1f,w,2,2,0,ctl,ctl_lost,0,0,1.8,52.7
mpp,0.0,2,ack-4f,w,3,3,0,ctl,ok,0,0,2.8,52.7
mpp,0.0,2,ack-4f,w,2,2,0,ctl,ok,0,0,1.6,52.7
mpp,0.0,2,qpsk-r1/2,w,9,1,0,data,ok,8,8,4.7,52.7
mpp,0.0,2,ack-4f,w,2,2,0,ctl,ok,0,0,-2.3,52.7
mpp,0.0,2,qpsk-r1/2,w,9,1,0,data,ok,8,8,3.8,52.7
mpp,0.0,2,ack-4f,w,2,2,0,ctl,ok,0,0,3.5,52.7
mpp,0.0,2,qpsk-r1/2,w,9,1,0,data,ok,8,8,4.5,52.7
mpp,0.0,2,ack-4f,w,2,2,0,ctl,ok,0,0,4.4,52.7
mpp,0.0,2,qpsk-r1/2,w,9,1,0,data,ok,8,8,4.0,52.7
mpp,0.0,2,ack-1f,w,2,2,0,ctl,ok,0,0,2.7,52.7
mpp,0.0,2,qpsk-r1/2,w,9,1,0,data,ok,8,8,3.3,52.7
mpp,0.0,2,ack-1f,w,2,2,0,ctl,ok,0,0,-1.5,52.7
mpp,0.0,2,qpsk-r1/2,w,9,1,0,data,ok,8,8,4.5,52.7
mpp,0.0,2,ack-4f,w,2,2,0,ctl,ok,0,0,4.4,52.7
mpp,0.0,2,qpsk-r1/2,w,9,1,0,data,ok,8,8,3.9,52.7
mpp,0.0,2,ack-4f,w,2,2,0,ctl,ok,0,0,0.9,52.7
mpp,0.0,2,qpsk-r1/2,w,9,1,0,data,ok,8,8,3.6,52.7
mpp,0.0,2,ack-4f,w,2,2,0,ctl,ok,0,0,4.1,52.7
mpp,0.0,2,qpsk-r1/2,w,9,1,0,data,ok,8,8,4.9,52.7
mpp,0.0,2,ack-4f,w,2,2,0,ctl,ok,0,0,3.3,52.7
mpp,0.0,2,qpsk-r1/2,w,9,1,0,data,ok,8,8,3.3,52.7
mpp,0.0,2,ack-4f,w,2,2,0,ctl,ok,0,0,3.7,52.7
mpp,0.0,2,qpsk-r1/2,w,9,1,0,data,ok,8,8,3.3,52.7
mpp,0.0,2,ack-1f,w,2,2,0,ctl,ok,0,0,1.8,52.7
mpp,0.0,2,qpsk-r1/2,w,9,1,0,data,ok,8,8,5.0,52.7
mpp,0.0,2,ack-1f,w,2,2,0,ctl,ok,0,0,4.8,52.7
mpp,0.0,2,qpsk-r1/2,w,9,1,0,data,ok,8,8,3.6,52.7
mpp,0.0,2,ack-1f,w,2,2,0,ctl,ok,0,0,2.9,52.7
mpp,0.0,2,qpsk-r1/2,w,9,1,0,data,ok,8,8,3.6,52.7
mpp,0.0,2,ack-1f,w,2,2,0,ctl,ok,0,0,1.7,52.7
mpp,0.0,2,qpsk-r1/2,w,9,1,0,data,ok,8,8,2.8,52.7
mpg,8.0,9,qpsk-r1/5,w,1,1,0,ctl,ok,0,0,15.4,137.7
mpg,8.0,9,qpsk-r1/5,w,1,1,0,ctl,ok,0,0,15.8,137.7
mpg,8.0,9,ack-4f,w,3,3,0,ctl,ok,0,0,12.5,137.7
mpg,8.0,9,ack-1f,w,2,2,0,ctl,ok,0,0,7.7,137.7
mpg,8.0,9,w48-qpsk-r3/4,w48,19,1,0,data,ctl_lost,18,0,8.2,137.7
mpg,8.0,9,ack-4f,w,3,3,0,ctl,ok,0,0,8.0,137.7
mpg,8.0,9,ack-4f,w,2,2,0,ctl,ok,0,0,3.6,137.7
mpg,8.0,9,w48-qpsk-r1/2,w48,19,1,0,data,ok,18,18,9.4,137.7
mpg,8.0,9,ack-1f,w,3,3,0,ctl,ok,0,0,9.7,137.7
mpg,8.0,9,w48-16qam-r1/3,w48,19,2,1,data,ok,17,17,9.9,137.7
mpg,8.0,9,ack-1f,w,2,2,0,ctl,ok,0,0,10.0,137.7
mpg,8.0,9,w48-16qam-r1/3,w48,19,1,0,data,ok,18,18,9.2,137.7
mpg,8.0,9,ack-1f,w,2,2,0,ctl,ok,0,0,13.4,137.7
mpg,8.0,9,w48-16qam-r1/3,w48,19,1,0,data,ok,18,18,10.6,137.7
mpg,8.0,9,ack-1f,w,2,2,0,ctl,ok,0,0,4.2,137.7
mpg,8.0,9,w48-16qam-r1/3,w48,19,1,0,data,ctl_lost,18,0,3.4,137.7
mpg,8.0,9,ack-4f,w,3,3,0,ctl,ok,0,0,16.3,137.7
mpg,8.0,9,ack-4f,w,3,3,0,ctl,ok,0,0,14.6,137.7
mpg,8.0,9,w48-qpsk-r1/2,w48,19,2,1,data,ok,17,17,12.2,137.7
mpg,8.0,9,ack-1f,w,3,3,0,ctl,ok,0,0,12.6,137.7
mpg,8.0,9,w48-16qam-r1/2,w48,19,2,1,data,ok,17,0,8.7,137.7
mpg,8.0,9,ack-1f,w,3,3,0,ctl,ok,0,0,12.6,137.7
mpg,8.0,9,w48-16qam-r1/3,w48,19,2,1,data,ok,17,17,8.6,137.7
mpg,8.0,9,ack-1f,w,3,3,0,ctl,ok,0,0,11.4,137.7
mpg,8.0,9,w48-16qam-r1/3,w48,19,2,1,data,ok,17,0,4.4,137.7
mpg,8.0,9,ack-1f,w,3,3,0,ctl,ok,0,0,4.5,137.7
mpg,8.0,9,w48-qpsk-r1/2,w48,19,2,1,data,ok,17,17,10.3,137.7
mpg,8.0,9,ack-1f,w,2,2,0,ctl,ok,0,0,11.6,137.7
mpg,8.0,9,w48-qpsk-r1/2,w48,19,1,0,data,ok,18,18,9.0,137.7
mpg,8.0,9,ack-1f,w,2,2,0,ctl,ok,0,0,13.4,137.7
mpg,8.0,9,w48-qpsk-r1/2,w48,19,1,0,data,ok,18,18,9.6,137.7
mpg,8.0,9,ack-1f,w,3,3,0,ctl,ok,0,0,9.4,137.7
mpg,8.0,9,w48-16qam-r1/3,w48,19,2,1,data,ok,17,17,7.2,137.7
mpg,8.0,9,ack-1f,w,2,2,0,ctl,ok,0,0,9.1,137.7
mpg,8.0,9,w48-qpsk-r1/2,w48,19,1,0,data,ctl_lost,18,0,1.0,137.7
mpg,8.0,9,ack-4f,w,3,3,0,ctl,ok,0,0,14.2,137.7
mpg,8.0,9,ack-4f,w,3,3,0,ctl,ok,0,0,12.8,137.7
mpg,8.0,9,16qam-r1/2,w,9,2,1,data,ok,7,7,10.1,137.7
mpg,8.0,9,ack-1f,w,2,2,0,ctl,ok,0,0,9.4,137.7
mpg,8.0,9,w48-qpsk-r2/3,w48,19,1,0,data,ok,18,18,9.1,137.7
mpg,8.0,9,ack-1f,w,3,3,0,ctl,ok,0,0,7.2,137.7
mpg,8.0,9,w48-16qam-r1/3,w48,19,2,1,data,ok,17,17,8.4,137.7
mpg,8.0,9,ack-1f,w,3,3,0,ctl,ok,0,0,12.3,137.7
mpg,8.0,9,w48-16qam-r1/3,w48,19,2,1,data,ok,17,17,9.0,137.7
mpg,8.0,9,ack-1f,w,3,3,0,ctl,ok,0,0,3.0,137.7
mpg,8.0,9,w48-16qam-r1/3,w48,19,2,1,data,ok,17,17,10.4,137.7
mpg,8.0,9,ack-1f,w,2,2,0,ctl,ok,0,0,6.5,137.7
mpg,8.0,9,w48-16qam-r1/3,w48,19,1,0,data,ok,18,18,8.5,137.7
mpg,8.0,9,ack-1f,w,2,2,0,ctl,ok,0,0,2.8,137.7
mpg,8.0,9,w48-16qam-r1/3,w48,19,1,0,data,ok,18,17,7.4,137.7
mpg,8.0,9,ack-1f,w,4,4,0,ctl,ok,0,0,15.9,137.7
mpg,8.0,9,w48-16qam-r1/3,w48,19,2,1,data,ok,16,16,11.3,137.7
mpg,8.0,9,ack-1f,w,2,2,0,ctl,ok,0,0,11.0,137.7
mpg,8.0,9,w48-16qam-r1/3,w48,19,1,0,data,ctl_lost,18,0,6.1,137.7
mpg,8.0,9,ack-4f,w,3,3,0,ctl,ok,0,0,5.9,137.7
mpg,8.0,9,ack-4f,w,3,3,0,ctl,ok,0,0,11.8,137.7
mpg,8.0,9,w48-qpsk-r1/3,w48,19,2,1,data,ok,17,17,10.4,137.7
mpg,8.0,9,ack-1f,w,3,3,0,ctl,ok,0,0,12.9,137.7
mpg,8.0,9,w48-16qam-r1/3,w48,19,2,1,data,ok,17,13,7.6,137.7
mpg,8.0,9,ack-1f,w,4,4,0,ctl,ok,0,0,12.2,137.7
mpg,8.0,9,w48-16qam-r1/3,w48,19,2,1,data,ok,13,13,9.6,137.7
mpg,8.0,9,ack-1f,w,3,3,0,ctl,ok,0,0,2.9,137.7
mpg,8.0,9,w48-16qam-r1/3,w48,19,2,,data,missed,0,0,,137.7
mpg,8.0,9,ack-4f,w,2,2,0,ctl,ok,0,0,8.6,137.7
mpg,8.0,9,ack-4f,w,3,3,0,ctl,ok,0,0,7.4,137.7
mpg,8.0,9,w48-16qam-r1/3,w48,19,2,1,data,ok,17,17,9.6,137.7
mpg,8.0,9,ack-1f,w,3,3,0,ctl,ok,0,0,9.9,137.7
mpg,8.0,9,w48-16qam-r1/3,w48,19,2,1,data,ok,17,17,9.2,137.7
mpg,8.0,9,ack-1f,w,2,2,0,ctl,ok,0,0,14.3,137.7
mpg,8.0,9,w48-16qam-r1/3,w48,19,1,0,data,ok,18,18,9.4,137.7
mpg,8.0,9,ack-1f,w,2,2,0,ctl,ok,0,0,-1.4,137.7
mpg,8.0,9,w48-16qam-r1/3,w48,19,1,0,data,ctl_lost,18,0,6.1,137.7
mpg,8.0,9,ack-4f,w,3,3,0,ctl,ok,0,0,14.1,137.7
mpg,8.0,9,ack-4f,w,3,3,0,ctl,ok,0,0,14.2,137.7
mpg,8.0,9,w48-qpsk-r2/3,w48,19,2,1,data,ok,17,17,10.5,137.7
mpg,8.0,9,ack-1f,w,2,2,0,ctl,ok,0,0,14.6,137.7
mpg,8.0,9,w48-qpsk-r2/3,w48,19,1,0,data,ok,18,18,11.0,137.7
mpg,8.0,9,ack-1f,w,2,2,0,ctl,ok,0,0,12.8,137.7
mpg,8.0,9,w48-16qam-r1/3,w48,19,1,0,data,ok,18,18,10.6,137.7
mpg,8.0,9,ack-1f,w,2,2,0,ctl,ok,0,0,10.9,137.7
mpg,8.0,9,w48-16qam-r1/3,w48,19,1,0,data,ok,18,18,9.0,137.7
mpg,8.0,9,ack-1f,w,3,3,0,ctl,ok,0,0,6.3,137.7
mpg,8.0,9,w48-16qam-r1/3,w48,19,2,1,data,ok,17,17,8.5,137.7
mpg,8.0,9,ack-1f,w,3,3,0,ctl,ok,0,0,13.6,137.7
mpg,8.0,9,w48-16qam-r1/3,w48,19,2,1,data,ok,17,17,10.9,137.7
mpg,8.0,9,ack-1f,w,3,3,0,ctl,ok,0,0,12.1,137.7
mpg,8.0,9,w48-16qam-r1/3,w48,19,2,1,data,ok,17,17,9.6,137.7
mpg,8.0,9,ack-1f,w,2,2,0,ctl,ok,0,0,12.7,137.7
mpg,8.0,9,w48-16qam-r1/3,w48,19,1,0,data,ok,18,18,9.1,137.7
mpg,8.0,9,ack-1f,w,2,2,0,ctl,ok,0,0,7.6,137.7
mpg,8.0,9,w48-16qam-r1/3,w48,19,1,0,data,ok,18,18,8.7,137.7
mpg,8.0,9,ack-1f,w,3,3,0,ctl,ok,0,0,9.5,137.7
mpg,8.0,9,w48-16qam-r1/3,w48,19,2,1,data,ok,17,17,8.9,137.7
mpp,0.0,0,qpsk-r1/5,w,1,1,0,ctl,ok,0,0,2.2,42.1
mpp,0.0,0,qpsk-r1/5,w,1,1,0,ctl,ok,0,0,2.1,42.1
mpp,0.0,0,ack-4f,w,3,3,0,ctl,ok,0,0,1.6,42.1
mpp,0.0,0,ack-1f,w,3,3,0,ctl,ok,0,0,6.2,42.1
mpp,0.0,0,qpsk-r1/3,w,9,2,1,data,ok,7,7,4.3,42.1
mpp,0.0,0,ack-1f,w,3,3,0,ctl,ok,0,0,3.3,42.1
mpp,0.0,0,qpsk-r1/3,w,9,2,1,data,ok,7,7,3.7,42.1
mpp,0.0,0,ack-1f,w,3,3,0,ctl,ok,0,0,1.6,42.1
mpp,0.0,0,qpsk-r1/2,w,9,2,1,data,ok,7,7,3.2,42.1
mpp,0.0,0,ack-1f,w,3,3,0,ctl,ok,0,0,4.5,42.1
mpp,0.0,0,qpsk-r1/2,w,9,2,1,data,ok,7,7,3.8,42.1
mpp,0.0,0,ack-1f,w,3,3,0,ctl,ok,0,0,5.6,42.1
mpp,0.0,0,qpsk-r1/2,w,9,2,1,data,ok,7,7,3.9,42.1
mpp,0.0,0,ack-1f,w,3,3,0,ctl,ok,0,0,1.6,42.1
mpp,0.0,0,qpsk-r1/2,w,9,2,1,data,ok,7,0,1.3,42.1
mpp,0.0,0,ack-1f,w,3,3,0,ctl,ok,0,0,4.2,42.1
mpp,0.0,0,qpsk-r1/2,w,9,2,1,data,ok,0,0,3.9,42.1
mpp,0.0,0,ack-1f,w,3,3,0,ctl,ok,0,0,4.4,42.1
mpp,0.0,0,qpsk-r1/2,w,9,2,1,data,ok,7,7,4.0,42.1
mpp,0.0,0,ack-1f,w,2,2,0,ctl,ok,0,0,1.5,42.1
mpp,0.0,0,qpsk-r1/2,w,9,1,0,data,ok,8,8,4.1,42.1
mpp,0.0,0,ack-1f,w,2,2,0,ctl,ctl_lost,0,0,1.6,42.1
mpp,0.0,0,ack-4f,w,3,3,0,ctl,ok,0,0,2.0,42.1
mpp,0.0,0,ack-4f,w,2,2,0,ctl,ok,0,0,3.4,42.1
mpp,0.0,0,qpsk-r1/2,w,9,1,0,data,ok,8,8,4.1,42.1
mpp,0.0,0,ack-4f,w,2,2,0,ctl,ok,0,0,4.8,42.1
mpp,0.0,0,qpsk-r1/2,w,9,1,0,data,ctl_lost,8,0,1.4,42.1
mpp,0.0,0,ack-4f,w,3,3,0,ctl,ok,0,0,1.4,42.1
mpp,0.0,0,ack-4f,w,3,3,0,ctl,ok,0,0,3.7,42.1
mpp,0.0,0,qpsk-r1/3,w,9,2,1,data,ok,7,7,3.4,42.1
mpp,0.0,0,ack-4f,w,3,3,0,ctl,ok,0,0,-2.4,42.1
mpp,0.0,0,qpsk-r1/2,w,9,2,1,data,ok,7,0,1.7,42.1
mpp,0.0,0,ack-4f,w,3,3,0,ctl,ok,0,0,-0.3,42.1
mpp,0.0,0,qpsk-r1/2,w,9,2,1,data,ok,0,0,4.3,42.1
mpp,0.0,0,ack-4f,w,3,3,0,ctl,ok,0,0,3.1,42.1
mpp,0.0,0,qpsk-r1/2,w,9,2,1,data,ok,7,7,3.5,42.1
mpp,0.0,0,ack-4f,w,2,2,0,ctl,ok,0,0,3.6,42.1
mpp,0.0,0,qpsk-r1/2,w,9,1,0,data,ok,8,8,4.1,42.1
mpp,0.0,0,ack-4f,w,2,2,0,ctl,ok,0,0,5.6,42.1
mpp,0.0,0,qpsk-r1/2,w,9,1,0,data,ctl_lost,8,0,0.6,42.1
mpp,0.0,0,ack-4f,w,3,3,0,ctl,ok,0,0,1.7,42.1
mpp,0.0,0,ack-4f,w,3,3,0,ctl,ok,0,0,1.9,42.1
mpp,0.0,0,qpsk-r1/3,w,9,2,1,data,ok,7,7,4.4,42.1
mpp,0.0,0,ack-4f,w,3,3,0,ctl,ok,0,0,2.7,42.1
mpp,0.0,0,qpsk-r1/2,w,9,2,1,data,ok,7,7,4.3,42.1
mpp,0.0,0,ack-4f,w,3,3,0,ctl,ok,0,0,4.6,42.1
mpp,0.0,0,qpsk-r1/2,w,9,2,1,data,ok,7,0,1.0,42.1
mpp,0.0,0,ack-4f,w,3,3,0,ctl,ok,0,0,5.6,42.1
mpp,0.0,0,qpsk-r1/2,w,9,2,,data,missed,0,0,,42.1
mpp,0.0,0,ack-4f,w,3,3,0,ctl,ok,0,0,4.0,42.1
mpp,0.0,0,ack-4f,w,3,3,0,ctl,ok,0,0,3.8,42.1
mpp,0.0,0,qpsk-r1/3,w,9,2,1,data,ok,7,7,3.4,42.1
mpp,0.0,0,ack-1f,w,3,3,0,ctl,ok,0,0,5.9,42.1
mpp,0.0,0,qpsk-r1/2,w,9,2,1,data,ok,7,7,4.3,42.1
mpp,0.0,0,ack-1f,w,3,3,0,ctl,ok,0,0,3.6,42.1
mpp,0.0,0,qpsk-r1/2,w,9,2,1,data,ok,7,7,3.5,42.1
mpp,0.0,0,ack-1f,w,3,3,0,ctl,ok,0,0,2.0,42.1
mpp,0.0,0,qpsk-r1/2,w,9,2,1,data,ok,7,7,2.5,42.1
mpp,0.0,0,ack-1f,w,3,3,0,ctl,ok,0,0,1.5,42.1
mpp,0.0,0,qpsk-r1/2,w,9,2,1,data,ok,7,0,1.9,42.1
mpp,0.0,0,ack-4f,w,3,3,0,ctl,ok,0,0,4.3,42.1
mpp,0.0,0,qpsk-r1/3,w,9,2,1,data,ok,7,7,2.0,42.1
mpp,0.0,0,ack-4f,w,3,3,0,ctl,ok,0,0,1.3,42.1
mpp,0.0,0,qpsk-r1/3,w,9,2,1,data,ok,7,7,1.5,42.1
mpp,0.0,0,ack-4f,w,3,3,0,ctl,ok,0,0,6.0,42.1
mpp,0.0,0,qpsk-r1/3,w,9,2,1,data,ok,7,7,3.1,42.1
mpp,0.0,0,ack-1f,w,2,2,0,ctl,ok,0,0,2.1,42.1
mpp,0.0,0,qpsk-r1/3,w,9,1,0,data,ok,8,8,3.2,42.1
mpp,0.0,0,ack-1f,w,3,3,0,ctl,ctl_lost,0,0,-1.8,42.1
mpp,0.0,0,ack-4f,w,3,3,0,ctl,ok,0,0,5.2,42.1
mpp,0.0,0,ack-4f,w,2,2,0,ctl,ok,0,0,6.4,42.1
mpp,0.0,0,qpsk-r1/2,w,9,1,0,data,ok,8,8,3.0,42.1
mpp,0.0,0,ack-1f,w,2,2,0,ctl,ctl_lost,0,0,-1.7,42.1
mpp,0.0,0,ack-4f,w,3,3,0,ctl,ok,0,0,3.5,42.1
mpp,0.0,0,ack-4f,w,3,3,0,ctl,ok,0,0,3.2,42.1
mpp,0.0,0,qpsk-r1/2,w,9,2,1,data,ok,7,7,3.0,42.1
mpp,0.0,0,ack-4f,w,3,3,0,ctl,ok,0,0,6.6,42.1
mpp,0.0,0,qpsk-r1/2,w,9,2,1,data,ok,7,7,3.9,42.1
mpp,0.0,0,n4-ack-2f,n4,2,2,0,ctl,ok,0,0,2.1,42.1
mpp,0.0,0,qpsk-r1/2,w,9,1,0,data,ok,8,8,4.4,42.1
mpp,0.0,0,ack-1f,w,2,2,0,ctl,ok,0,0,4.6,42.1
mpp,0.0,0,qpsk-r1/2,w,9,1,0,data,ok,8,8,3.4,42.1
mpp,0.0,0,ack-4f,w,2,2,0,ctl,ok,0,0,2.8,42.1
mpp,0.0,0,qpsk-r1/2,w,9,1,0,data,ok,8,8,3.4,42.1
mpp,0.0,0,ack-4f,w,2,2,0,ctl,ok,0,0,6.8,42.1
mpp,0.0,0,qpsk-r1/2,w,9,1,0,data,ok,8,8,4.0,42.1
mpp,0.0,0,ack-1f,w,2,2,0,ctl,ok,0,0,5.5,42.1
mpp,0.0,0,qpsk-r1/2,w,9,1,0,data,ctl_lost,8,7,3.3,42.1
mpp,0.0,0,ack-4f,w,3,3,0,ctl,ok,0,0,3.8,42.1
mpp,0.0,0,ack-4f,w,3,3,0,ctl,ok,0,0,4.2,42.1
mpp,0.0,0,qpsk-r1/2,w,9,2,1,data,ok,7,7,4.0,42.1
mpp,0.0,0,ack-1f,w,2,2,0,ctl,ok,0,0,3.2,42.1
mpp,0.0,0,qpsk-r1/2,w,9,1,0,data,ok,8,8,4.4,42.1
mpp,0.0,0,ack-4f,w,2,2,0,ctl,ok,0,0,0.5,42.1
mpp,0.0,0,qpsk-r1/2,w,9,1,0,data,ok,8,8,4.1,42.1
mpp,0.0,0,ack-4f,w,2,2,0,ctl,ok,0,0,3.2,42.1
mpp,0.0,0,qpsk-r1/2,w,9,1,0,data,ok,8,8,4.1,42.1
mpp,0.0,3,qpsk-r1/5,w,1,1,0,ctl,ok,0,0,2.2,43.4
mpp,0.0,3,qpsk-r1/5,w,1,1,0,ctl,ok,0,0,2.1,43.4
mpp,0.0,3,ack-4f,w,3,3,0,ctl,ok,0,0,4.2,43.4
mpp,0.0,3,ack-1f,w,3,3,0,ctl,ok,0,0,5.4,43.4
mpp,0.0,3,qpsk-r1/3,w,9,2,1,data,ok,7,7,2.3,43.4
mpp,0.0,3,ack-1f,w,3,3,0,ctl,ok,0,0,4.9,43.4
mpp,0.0,3,qpsk-r1/3,w,9,2,1,data,ok,7,7,2.5,43.4
mpp,0.0,3,ack-1f,w,3,3,0,ctl,ok,0,0,5.9,43.4
mpp,0.0,3,qpsk-r1/3,w,9,2,1,data,ok,7,7,0.8,43.4
mpp,0.0,3,ack-1f,w,3,3,0,ctl,ok,0,0,0.6,43.4
mpp,0.0,3,qpsk-r1/3,w,9,2,1,data,ok,7,7,3.8,43.4
mpp,0.0,3,ack-1f,w,3,3,0,ctl,ok,0,0,6.0,43.4
mpp,0.0,3,qpsk-r1/3,w,9,2,1,data,ok,7,7,4.2,43.4
mpp,0.0,3,ack-1f,w,3,3,0,ctl,ok,0,0,8.6,43.4
mpp,0.0,3,qpsk-r1/2,w,9,2,1,data,ok,7,7,5.0,43.4
mpp,0.0,3,ack-1f,w,3,3,0,ctl,ok,0,0,5.3,43.4
mpp,0.0,3,qpsk-r1/2,w,9,2,1,data,ok,7,7,3.9,43.4
mpp,0.0,3,ack-1f,w,3,3,0,ctl,ok,0,0,0.5,43.4
mpp,0.0,3,qpsk-r1/2,w,9,2,1,data,ok,7,6,3.1,43.4
mpp,0.0,3,ack-1f,w,3,3,0,ctl,ok,0,0,6.9,43.4
mpp,0.0,3,qpsk-r1/2,w,9,2,1,data,ok,6,6,3.2,43.4
mpp,0.0,3,ack-1f,w,3,3,0,ctl,ok,0,0,5.1,43.4
mpp,0.0,3,qpsk-r1/2,w,9,2,1,data,ok,7,7,3.3,43.4
mpp,0.0,3,ack-1f,w,3,3,0,ctl,ok,0,0,5.8,43.4
mpp,0.0,3,qpsk-r1/2,w,9,2,1,data,ok,7,7,3.4,43.4
mpp,0.0,3,ack-1f,w,3,3,0,ctl,ok,0,0,3.5,43.4
mpp,0.0,3,qpsk-r1/2,w,9,2,1,data,ok,7,7,3.8,43.4
mpp,0.0,3,ack-1f,w,3,3,0,ctl,ok,0,0,5.8,43.4
mpp,0.0,3,qpsk-r1/2,w,9,2,1,data,ok,7,7,3.9,43.4
mpp,0.0,3,ack-1f,w,2,2,0,ctl,ok,0,0,4.6,43.4
mpp,0.0,3,qpsk-r1/2,w,9,1,0,data,ok,8,6,2.8,43.4
mpp,0.0,3,ack-1f,w,3,3,0,ctl,ok,0,0,3.4,43.4
mpp,0.0,3,qpsk-r1/2,w,9,2,1,data,ok,5,5,4.0,43.4
mpp,0.0,3,ack-1f,w,3,3,0,ctl,ok,0,0,8.8,43.4
mpp,0.0,3,qpsk-r1/2,w,9,2,1,data,ok,7,1,3.2,43.4
mpp,0.0,3,ack-1f,w,3,3,0,ctl,ok,0,0,3.8,43.4
mpp,0.0,3,qpsk-r1/2,w,9,1,0,data,ctl_lost,3,2,3.0,43.4
mpp,0.0,3,ack-4f,w,3,3,0,ctl,ok,0,0,4.6,43.4
mpp,0.0,3,ack-4f,w,3,3,0,ctl,ok,0,0,2.8,43.4
mpp,0.0,3,qpsk-r1/2,w,9,2,1,data,ok,2,0,1.5,43.4
mpp,0.0,3,ack-1f,w,3,3,0,ctl,ok,0,0,1.5,43.4
mpp,0.0,3,qpsk-r1/2,w,9,2,1,data,ok,5,0,2.2,43.4
mpp,0.0,3,ack-1f,w,3,3,0,ctl,ok,0,0,4.0,43.4
mpp,0.0,3,qpsk-r1/3,w,9,2,1,data,ok,7,7,3.6,43.4
mpp,0.0,3,ack-1f,w,3,3,0,ctl,ok,0,0,3.0,43.4
mpp,0.0,3,qpsk-r1/2,w,9,2,1,data,ok,7,7,3.2,43.4
mpp,0.0,3,ack-1f,w,3,3,0,ctl,ok,0,0,4.0,43.4
mpp,0.0,3,qpsk-r1/2,w,9,2,1,data,ok,7,7,2.4,43.4
mpp,0.0,3,ack-1f,w,3,3,0,ctl,ok,0,0,3.3,43.4
mpp,0.0,3,qpsk-r1/2,w,9,2,1,data,ok,7,0,1.8,43.4
mpp,0.0,3,ack-1f,w,3,3,0,ctl,ctl_lost,0,0,1.2,43.4
mpp,0.0,3,ack-4f,w,3,3,0,ctl,ok,0,0,5.0,43.4
mpp,0.0,3,ack-4f,w,3,3,0,ctl,ok,0,0,1.3,43.4
mpp,0.0,3,qpsk-r1/2,w,9,2,1,data,ok,7,7,2.9,43.4
mpp,0.0,3,ack-1f,w,2,2,0,ctl,ok,0,0,1.3,43.4
mpp,0.0,3,qpsk-r1/2,w,9,1,0,data,ok,8,8,3.8,43.4
mpp,0.0,3,ack-1f,w,2,2,0,ctl,ok,0,0,0.9,43.4
mpp,0.0,3,qpsk-r1/2,w,9,1,0,data,ok,8,8,3.0,43.4
mpp,0.0,3,ack-1f,w,2,2,0,ctl,ok,0,0,2.7,43.4
mpp,0.0,3,qpsk-r1/2,w,9,1,0,data,ok,8,8,3.5,43.4
mpp,0.0,3,ack-1f,w,2,2,0,ctl,ok,0,0,6.3,43.4
mpp,0.0,3,qpsk-r1/2,w,9,1,0,data,ok,8,8,3.0,43.4
mpp,0.0,3,ack-1f,w,2,2,0,ctl,ok,0,0,6.6,43.4
mpp,0.0,3,qpsk-r1/2,w,9,1,0,data,ctl_lost,8,0,-0.0,43.4
mpp,0.0,3,ack-4f,w,3,3,0,ctl,ok,0,0,2.2,43.4
mpp,0.0,3,ack-4f,w,3,3,0,ctl,ok,0,0,3.7,43.4
mpp,0.0,3,qpsk-r1/3,w,9,2,1,data,ok,7,7,3.0,43.4
mpp,0.0,3,ack-1f,w,3,3,0,ctl,ok,0,0,6.1,43.4
mpp,0.0,3,qpsk-r1/2,w,9,2,1,data,ok,7,7,5.4,43.4
mpp,0.0,3,ack-1f,w,2,2,0,ctl,ok,0,0,5.0,43.4
mpp,0.0,3,qpsk-r1/2,w,9,1,0,data,ctl_lost,8,0,1.6,43.4
mpp,0.0,3,ack-4f,w,3,3,0,ctl,ok,0,0,2.1,43.4
mpp,0.0,3,ack-4f,w,3,3,0,ctl,ok,0,0,5.0,43.4
mpp,0.0,3,qpsk-r1/3,w,9,2,1,data,ok,7,7,3.7,43.4
mpp,0.0,3,ack-1f,w,3,3,0,ctl,ok,0,0,1.6,43.4
mpp,0.0,3,qpsk-r1/2,w,9,2,1,data,ok,7,7,3.6,43.4
mpp,0.0,3,ack-1f,w,3,3,0,ctl,ctl_lost,0,0,-3.0,43.4
mpp,0.0,3,ack-4f,w,3,3,0,ctl,ok,0,0,4.9,43.4
mpp,0.0,3,ack-4f,w,3,3,0,ctl,ok,0,0,2.1,43.4
mpp,0.0,3,qpsk-r1/2,w,9,2,1,data,ok,7,7,3.9,43.4
mpp,0.0,3,ack-4f,w,2,2,0,ctl,ok,0,0,5.5,43.4
mpp,0.0,3,qpsk-r1/2,w,9,1,0,data,ok,8,8,3.7,43.4
mpp,0.0,3,ack-1f,w,3,3,0,ctl,ctl_lost,0,0,-2.0,43.4
mpp,0.0,3,ack-4f,w,3,3,0,ctl,ok,0,0,3.6,43.4
mpp,0.0,3,ack-4f,w,3,3,0,ctl,ok,0,0,2.3,43.4
mpp,0.0,3,qpsk-r1/2,w,9,2,1,data,ok,7,7,3.6,43.4
mpp,0.0,3,ack-4f,w,2,2,0,ctl,ok,0,0,1.9,43.4
mpp,0.0,3,qpsk-r1/2,w,9,1,0,data,ctl_lost,8,0,0.3,43.4
mpp,0.0,3,ack-4f,w,2,2,0,ctl,ok,0,0,1.0,43.4
mpp,0.0,3,ack-4f,w,3,3,0,ctl,ok,0,0,5.3,43.4
mpp,0.0,3,qpsk-r1/3,w,9,2,1,data,ok,7,7,3.5,43.4
mpp,0.0,3,ack-1f,w,2,2,0,ctl,ok,0,0,-0.2,43.4
mpp,0.0,3,qpsk-r1/3,w,9,1,0,data,ok,8,8,4.2,43.4
mpp,0.0,3,ack-1f,w,3,3,0,ctl,ok,0,0,6.0,43.4
mpp,0.0,3,qpsk-r1/2,w,9,2,1,data,ok,7,7,3.0,43.4
mpp,0.0,3,ack-1f,w,3,3,0,ctl,ok,0,0,5.0,43.4
mpp,0.0,3,qpsk-r1/2,w,9,2,1,data,ok,7,7,3.3,43.4
mpp,0.0,3,ack-1f,w,3,3,0,ctl,ok,0,0,0.3,43.4
mpp,0.0,3,qpsk-r1/2,w,9,2,1,data,ok,7,3,3.3,43.4
mpp,0.0,4,qpsk-r1/5,w,1,1,0,ctl,ok,0,0,6.3,49.3
mpp,0.0,4,qpsk-r1/5,w,1,1,0,ctl,ok,0,0,3.5,49.3
mpp,0.0,4,ack-4f,w,3,3,0,ctl,ok,0,0,4.6,49.3
mpp,0.0,4,ack-1f,w,2,2,0,ctl,ok,0,0,-0.8,49.3
mpp,0.0,4,qpsk-r1/2,w,9,1,0,data,ok,8,8,4.2,49.3
mpp,0.0,4,ack-1f,w,3,3,0,ctl,ok,0,0,-1.8,49.3
mpp,0.0,4,qpsk-r1/2,w,9,2,1,data,ok,7,6,2.8,49.3
mpp,0.0,4,ack-4f,w,3,3,0,ctl,ok,0,0,2.5,49.3
mpp,0.0,4,qpsk-r1/2,w,9,2,1,data,ok,6,6,2.7,49.3
mpp,0.0,4,ack-4f,w,3,3,0,ctl,ok,0,0,0.8,49.3
mpp,0.0,4,qpsk-r1/2,w,9,2,1,data,ok,7,0,0.1,49.3
mpp,0.0,4,ack-4f,w,3,3,0,ctl,ok,0,0,4.4,49.3
mpp,0.0,4,qpsk-r1/2,w,9,2,1,data,ok,0,0,3.5,49.3
mpp,0.0,4,ack-1f,w,3,3,0,ctl,ok,0,0,4.6,49.3
mpp,0.0,4,qpsk-r1/2,w,9,2,1,data,ok,7,7,2.6,49.3
mpp,0.0,4,ack-1f,w,3,3,0,ctl,ok,0,0,3.8,49.3
mpp,0.0,4,qpsk-r1/2,w,9,2,1,data,ok,7,7,3.6,49.3
mpp,0.0,4,ack-1f,w,3,3,0,ctl,ok,0,0,6.1,49.3
mpp,0.0,4,qpsk-r1/2,w,9,2,1,data,ok,7,0,1.9,49.3
mpp,0.0,4,ack-1f,w,3,3,0,ctl,ok,0,0,2.3,49.3
mpp,0.0,4,qpsk-r1/2,w,9,2,1,data,ok,0,0,3.8,49.3
mpp,0.0,4,ack-1f,w,3,3,0,ctl,ok,0,0,3.4,49.3
mpp,0.0,4,qpsk-r1/2,w,9,2,1,data,ctl_lost,7,3,3.3,49.3
mpp,0.0,4,ack-4f,w,3,3,0,ctl,ok,0,0,4.1,49.3
mpp,0.0,4,ack-4f,w,3,3,0,ctl,ok,0,0,1.6,49.3
mpp,0.0,4,qpsk-r1/2,w,9,2,1,data,ok,7,7,3.2,49.3
mpp,0.0,4,ack-1f,w,2,2,0,ctl,ok,0,0,5.0,49.3
mpp,0.0,4,qpsk-r1/2,w,9,1,0,data,ok,8,8,2.6,49.3
mpp,0.0,4,ack-1f,w,3,3,0,ctl,ok,0,0,2.7,49.3
mpp,0.0,4,qpsk-r1/2,w,9,2,1,data,ok,7,7,3.5,49.3
mpp,0.0,4,ack-1f,w,3,3,0,ctl,ok,0,0,0.5,49.3
mpp,0.0,4,qpsk-r1/2,w,9,2,1,data,ok,7,7,3.7,49.3
mpp,0.0,4,ack-1f,w,2,2,0,ctl,ok,0,0,-1.9,49.3
mpp,0.0,4,qpsk-r1/2,w,9,1,0,data,ok,8,8,2.9,49.3
mpp,0.0,4,ack-4f,w,3,3,0,ctl,ok,0,0,2.1,49.3
mpp,0.0,4,qpsk-r1/2,w,9,2,1,data,ok,7,7,4.2,49.3
mpp,0.0,4,ack-1f,w,2,2,0,ctl,ok,0,0,6.3,49.3
mpp,0.0,4,qpsk-r1/2,w,9,1,0,data,ok,8,8,3.8,49.3
mpp,0.0,4,ack-1f,w,2,2,0,ctl,ok,0,0,3.6,49.3
mpp,0.0,4,qpsk-r1/2,w,9,1,0,data,ctl_lost,8,8,3.5,49.3
mpp,0.0,4,ack-4f,w,3,3,0,ctl,ok,0,0,4.5,49.3
mpp,0.0,4,ack-4f,w,3,3,0,ctl,ok,0,0,2.8,49.3
mpp,0.0,4,qpsk-r1/2,w,9,2,1,data,ok,7,7,4.2,49.3
mpp,0.0,4,ack-1f,w,2,2,0,ctl,ok,0,0,4.2,49.3
mpp,0.0,4,qpsk-r1/2,w,9,1,0,data,ok,8,8,2.8,49.3
mpp,0.0,4,ack-1f,w,3,3,0,ctl,ok,0,0,5.8,49.3
mpp,0.0,4,qpsk-r1/2,w,9,2,1,data,ok,7,0,1.2,49.3
mpp,0.0,4,ack-1f,w,3,3,0,ctl,ok,0,0,1.7,49.3
mpp,0.0,4,qpsk-r1/2,w,9,2,1,data,ok,0,0,3.0,49.3
mpp,0.0,4,ack-1f,w,3,3,0,ctl,ok,0,0,2.3,49.3
mpp,0.0,4,qpsk-r1/2,w,9,2,1,data,ok,7,7,3.6,49.3
mpp,0.0,4,ack-1f,w,2,2,0,ctl,ok,0,0,2.3,49.3
mpp,0.0,4,qpsk-r1/2,w,9,1,0,data,ctl_lost,8,0,1.8,49.3
mpp,0.0,4,ack-4f,w,3,3,0,ctl,ok,0,0,5.3,49.3
mpp,0.0,4,ack-4f,w,3,3,0,ctl,ok,0,0,3.0,49.3
mpp,0.0,4,qpsk-r1/2,w,9,2,1,data,ok,7,7,4.1,49.3
mpp,0.0,4,ack-1f,w,2,2,0,ctl,ok,0,0,4.0,49.3
mpp,0.0,4,qpsk-r1/2,w,9,1,0,data,ok,8,8,3.7,49.3
mpp,0.0,4,ack-1f,w,3,3,0,ctl,ok,0,0,-1.7,49.3
mpp,0.0,4,qpsk-r1/2,w,9,2,1,data,ok,7,7,2.7,49.3
mpp,0.0,4,ack-1f,w,3,3,0,ctl,ok,0,0,3.6,49.3
mpp,0.0,4,qpsk-r1/2,w,9,2,1,data,ok,7,7,3.8,49.3
mpp,0.0,4,ack-1f,w,3,3,0,ctl,ok,0,0,6.1,49.3
mpp,0.0,4,qpsk-r1/2,w,9,2,1,data,ok,7,0,1.5,49.3
mpp,0.0,4,ack-1f,w,3,3,0,ctl,ok,0,0,1.1,49.3
mpp,0.0,4,qpsk-r1/2,w,9,2,1,data,ok,0,0,3.8,49.3
mpp,0.0,4,ack-1f,w,3,3,0,ctl,ok,0,0,-5.0,49.3
mpp,0.0,4,qpsk-r1/2,w,9,2,1,data,ok,7,7,3.5,49.3
mpp,0.0,4,ack-4f,w,2,2,0,ctl,ok,0,0,3.2,49.3
mpp,0.0,4,qpsk-r1/2,w,9,1,0,data,ok,8,8,3.4,49.3
mpp,0.0,4,ack-1f,w,2,2,0,ctl,ctl_lost,0,0,-0.9,49.3
mpp,0.0,4,ack-4f,w,3,3,0,ctl,ok,0,0,-0.6,49.3
mpp,0.0,4,ack-4f,w,3,3,0,ctl,ok,0,0,5.1,49.3
mpp,0.0,4,qpsk-r1/2,w,9,2,1,data,ok,7,7,4.4,49.3
mpp,0.0,4,ack-1f,w,3,3,0,ctl,ok,0,0,2.8,49.3
mpp,0.0,4,qpsk-r1/2,w,9,2,1,data,ok,7,6,3.4,49.3
mpp,0.0,4,ack-1f,w,3,3,0,ctl,ok,0,0,1.3,49.3
mpp,0.0,4,qpsk-r1/2,w,9,1,0,data,ok,7,7,3.2,49.3
mpp,0.0,4,ack-1f,w,2,2,0,ctl,ok,0,0,0.5,49.3
mpp,0.0,4,qpsk-r1/2,w,9,1,0,data,ok,8,8,4.9,49.3
mpp,0.0,4,ack-1f,w,2,2,0,ctl,ok,0,0,4.3,49.3
mpp,0.0,4,qpsk-r1/2,w,9,1,0,data,ok,8,8,4.0,49.3
mpp,0.0,4,ack-1f,w,2,2,0,ctl,ok,0,0,4.3,49.3
mpp,0.0,4,qpsk-r1/2,w,9,1,0,data,ok,8,8,2.2,49.3
mpp,0.0,4,ack-1f,w,2,2,0,ctl,ok,0,0,4.4,49.3
mpp,0.0,4,qpsk-r1/2,w,9,1,0,data,ctl_lost,8,0,0.5,49.3
mpp,0.0,4,ack-4f,w,3,3,0,ctl,ok,0,0,2.8,49.3
mpp,0.0,4,ack-4f,w,3,3,0,ctl,ok,0,0,4.0,49.3
mpp,0.0,4,qpsk-r1/2,w,9,2,1,data,ok,7,7,4.7,49.3
mpp,0.0,4,ack-1f,w,2,2,0,ctl,ok,0,0,1.3,49.3
mpp,0.0,4,qpsk-r1/2,w,9,1,0,data,ok,8,8,5.1,49.3
mpp,0.0,4,ack-1f,w,2,2,0,ctl,ok,0,0,-0.1,49.3
mpp,0.0,4,qpsk-r1/2,w,9,1,0,data,ok,8,8,3.9,49.3
mpp,0.0,4,ack-1f,w,2,2,0,ctl,ok,0,0,4.7,49.3
mpp,0.0,4,qpsk-r1/2,w,9,1,0,data,ok,8,8,4.5,49.3
mpp,0.0,4,ack-1f,w,2,2,0,ctl,ok,0,0,6.9,49.3
mpp,0.0,4,qpsk-r1/2,w,9,1,0,data,ok,8,7,2.7,49.3
mpp,0.0,7,qpsk-r1/5,w,1,1,0,ctl,ok,0,0,2.1,45.0
mpp,0.0,7,qpsk-r1/5,w,1,1,0,ctl,ok,0,0,3.2,45.0
mpp,0.0,7,ack-4f,w,3,3,0,ctl,ok,0,0,1.7,45.0
mpp,0.0,7,ack-1f,w,3,3,0,ctl,ok,0,0,6.4,45.0
mpp,0.0,7,qpsk-r1/3,w,9,2,1,data,ok,7,7,2.0,45.0
mpp,0.0,7,ack-1f,w,3,3,0,ctl,ok,0,0,1.0,45.0
mpp,0.0,7,qpsk-r1/3,w,9,2,1,data,ok,7,7,3.6,45.0
mpp,0.0,7,ack-1f,w,3,3,0,ctl,ok,0,0,2.8,45.0
mpp,0.0,7,qpsk-r1/3,w,9,2,1,data,ok,7,7,4.1,45.0
mpp,0.0,7,ack-1f,w,3,3,0,ctl,ok,0,0,1.8,45.0
mpp,0.0,7,qpsk-r1/2,w,9,2,1,data,ok,7,7,4.5,45.0
mpp,0.0,7,ack-1f,w,3,3,0,ctl,ok,0,0,4.6,45.0
mpp,0.0,7,qpsk-r1/2,w,9,2,1,data,ok,7,7,3.4,45.0
mpp,0.0,7,ack-1f,w,3,3,0,ctl,ok,0,0,5.8,45.0
mpp,0.0,7,qpsk-r1/2,w,9,2,1,data,ok,7,7,4.6,45.0
mpp,0.0,7,ack-1f,w,3,3,0,ctl,ok,0,0,3.3,45.0
mpp,0.0,7,qpsk-r1/2,w,9,2,1,data,ok,7,0,2.1,45.0
mpp,0.0,7,ack-1f,w,3,3,0,ctl,ok,0,0,6.9,45.0
mpp,0.0,7,qpsk-r1/2,w,9,2,1,data,ok,0,0,3.2,45.0
mpp,0.0,7,ack-1f,w,3,3,0,ctl,ok,0,0,-0.9,45.0
mpp,0.0,7,qpsk-r1/2,w,9,2,1,data,ok,7,7,4.5,45.0
mpp,0.0,7,ack-1f,w,3,3,0,ctl,ok,0,0,-1.1,45.0
mpp,0.0,7,qpsk-r1/2,w,9,2,1,data,ok,7,7,3.5,45.0
mpp,0.0,7,ack-4f,w,2,2,0,ctl,ok,0,0,2.0,45.0
mpp,0.0,7,qpsk-r1/2,w,9,1,0,data,ok,8,8,3.8,45.0
mpp,0.0,7,ack-4f,w,3,3,0,ctl,ok,0,0,5.4,45.0
mpp,0.0,7,qpsk-r1/2,w,9,2,1,data,ok,7,0,2.7,45.0
mpp,0.0,7,ack-1f,w,3,3,0,ctl,ok,0,0,2.7,45.0
mpp,0.0,7,qpsk-r1/2,w,9,2,1,data,ok,0,0,4.4,45.0
mpp,0.0,7,ack-1f,w,3,3,0,ctl,ok,0,0,5.5,45.0
mpp,0.0,7,qpsk-r1/2,w,9,2,1,data,ok,7,7,4.6,45.0
mpp,0.0,7,ack-1f,w,2,2,0,ctl,ok,0,0,6.6,45.0
mpp,0.0,7,qpsk-r1/2,w,9,1,0,data,ok,8,8,3.9,45.0
mpp,0.0,7,ack-1f,w,2,2,0,ctl,ctl_lost,0,0,-2.5,45.0
mpp,0.0,7,ack-4f,w,3,3,0,ctl,ok,0,0,4.0,45.0
mpp,0.0,7,ack-4f,w,2,2,0,ctl,ok,0,0,4.1,45.0
mpp,0.0,7,qpsk-r1/2,w,9,1,0,data,ok,8,8,4.6,45.0
mpp,0.0,7,ack-4f,w,2,2,0,ctl,ok,0,0,4.1,45.0
mpp,0.0,7,qpsk-r1/2,w,9,1,0,data,ctl_lost,8,0,-0.0,45.0
mpp,0.0,7,ack-4f,w,3,3,0,ctl,ok,0,0,4.8,45.0
mpp,0.0,7,ack-4f,w,3,3,0,ctl,ok,0,0,1.8,45.0
mpp,0.0,7,qpsk-r1/2,w,9,2,1,data,ok,7,7,4.0,45.0
mpp,0.0,7,ack-4f,w,2,2,0,ctl,ok,0,0,-0.8,45.0
mpp,0.0,7,qpsk-r1/2,w,9,1,0,data,ok,8,8,3.7,45.0
mpp,0.0,7,ack-4f,w,3,3,0,ctl,ok,0,0,4.8,45.0
mpp,0.0,7,qpsk-r1/2,w,9,2,1,data,ok,7,7,5.0,45.0
mpp,0.0,7,ack-4f,w,2,2,0,ctl,ok,0,0,2.8,45.0
mpp,0.0,7,qpsk-r1/2,w,9,1,0,data,ok,8,8,3.1,45.0
mpp,0.0,7,ack-4f,w,2,2,0,ctl,ok,0,0,-0.3,45.0
mpp,0.0,7,qpsk-r1/2,w,9,1,0,data,ok,8,8,3.9,45.0
mpp,0.0,7,ack-4f,w,2,2,0,ctl,ok,0,0,2.6,45.0
mpp,0.0,7,qpsk-r1/2,w,9,1,0,data,ok,8,8,4.2,45.0
mpp,0.0,7,ack-4f,w,2,2,0,ctl,ok,0,0,1.6,45.0
mpp,0.0,7,qpsk-r1/2,w,9,1,0,data,ok,8,8,3.5,45.0
mpp,0.0,7,ack-4f,w,2,2,0,ctl,ok,0,0,5.4,45.0
mpp,0.0,7,qpsk-r1/2,w,9,1,0,data,ok,8,8,3.5,45.0
mpp,0.0,7,ack-4f,w,2,2,0,ctl,ok,0,0,4.1,45.0
mpp,0.0,7,qpsk-r1/2,w,9,1,0,data,ok,8,8,4.2,45.0
mpp,0.0,7,ack-1f,w,2,2,0,ctl,ctl_lost,0,0,-3.2,45.0
mpp,0.0,7,ack-4f,w,3,3,0,ctl,ok,0,0,6.1,45.0
mpp,0.0,7,ack-4f,w,3,3,0,ctl,ok,0,0,6.3,45.0
mpp,0.0,7,w48-qpsk-r1/2,w48,19,2,1,data,ctl_lost,17,0,1.6,45.0
mpp,0.0,7,ack-4f,w,3,3,0,ctl,ok,0,0,3.7,45.0
mpp,0.0,7,ack-4f,w,2,2,0,ctl,ok,0,0,2.9,45.0
mpp,0.0,7,qpsk-r1/2,w,9,1,0,data,ctl_lost,8,0,1.7,45.0
mpp,0.0,7,ack-4f,w,4,4,0,ctl,ok,0,0,1.4,45.0
mpp,0.0,7,ack-4f,w,3,3,0,ctl,ok,0,0,3.0,45.0
mpp,0.0,7,qpsk-r1/3,w,9,2,1,data,ok,7,7,4.6,45.0
mpp,0.0,7,ack-4f,w,3,3,0,ctl,ok,0,0,4.0,45.0
mpp,0.0,7,qpsk-r1/2,w,9,2,1,data,ok,7,7,4.4,45.0
mpp,0.0,7,ack-1f,w,2,2,0,ctl,ok,0,0,-2.0,45.0
mpp,0.0,7,qpsk-r1/2,w,9,1,0,data,ok,8,8,2.7,45.0
mpp,0.0,7,ack-4f,w,3,3,0,ctl,ok,0,0,4.4,45.0
mpp,0.0,7,qpsk-r1/2,w,9,2,1,data,ok,7,7,3.8,45.0
mpp,0.0,7,ack-4f,w,3,3,0,ctl,ok,0,0,5.5,45.0
mpp,0.0,7,qpsk-r1/2,w,9,2,1,data,ok,7,7,3.6,45.0
mpp,0.0,7,ack-1f,w,2,2,0,ctl,ok,0,0,5.3,45.0
mpp,0.0,7,qpsk-r1/2,w,9,1,0,data,ctl_lost,8,0,1.9,45.0
mpp,0.0,7,ack-4f,w,3,3,0,ctl,ok,0,0,-0.5,45.0
mpp,0.0,7,ack-4f,w,3,3,0,ctl,ok,0,0,2.3,45.0
mpp,0.0,7,qpsk-r1/3,w,9,2,1,data,ok,7,7,3.0,45.0
mpp,0.0,7,ack-1f,w,2,2,0,ctl,ok,0,0,6.6,45.0
mpp,0.0,7,qpsk-r1/3,w,9,1,0,data,ok,8,8,4.9,45.0
mpp,0.0,7,ack-1f,w,3,3,0,ctl,ok,0,0,1.7,45.0
mpp,0.0,7,qpsk-r1/2,w,9,2,1,data,ok,7,7,3.9,45.0
mpp,0.0,7,ack-1f,w,3,3,0,ctl,ok,0,0,2.7,45.0
mpp,0.0,7,qpsk-r1/2,w,9,2,1,data,ok,7,7,3.2,45.0
mpp,0.0,7,ack-1f,w,3,3,0,ctl,ctl_lost,0,0,1.7,45.0
mpp,0.0,7,ack-4f,w,3,3,0,ctl,ok,0,0,0.4,45.0
mpp,0.0,7,ack-4f,w,3,3,0,ctl,ok,0,0,-0.1,45.0
mpp,0.0,7,qpsk-r1/2,w,9,2,1,data,ok,7,7,3.5,45.0
mpp,0.0,7,ack-4f,w,3,3,0,ctl,ok,0,0,2.4,45.0
mpp,0.0,7,qpsk-r1/2,w,9,2,1,data,ok,7,7,4.0,45.0
mpp,0.0,7,ack-4f,w,3,3,0,ctl,ok,0,0,1.9,45.0
mpp,0.0,7,qpsk-r1/2,w,9,2,1,data,ctl_lost,7,1,2.4,45.0
mpp,0.0,7,ack-4f,w,3,3,0,ctl,ok,0,0,0.4,45.0
mpp,0.0,7,ack-4f,w,3,3,0,ctl,ok,0,0,5.4,45.0
mpp,0.0,7,qpsk-r1/3,w,9,2,1,data,ok,7,7,3.5,45.0
mpp,0.0,1,qpsk-r1/5,w,1,1,0,ctl,ok,0,0,1.0,42.9
mpp,0.0,1,qpsk-r1/5,w,1,1,0,ctl,ok,0,0,5.5,42.9
mpp,0.0,1,ack-4f,w,3,3,0,ctl,ok,0,0,1.8,42.9
mpp,0.0,1,ack-1f,w,3,3,0,ctl,ok,0,0,5.3,42.9
mpp,0.0,1,qpsk-r1/3,w,9,2,1,data,ok,7,7,2.6,42.9
mpp,0.0,1,ack-1f,w,3,3,0,ctl,ok,0,0,3.0,42.9
mpp,0.0,1,qpsk-r1/3,w,9,2,1,data,ok,7,7,3.5,42.9
mpp,0.0,1,ack-1f,w,3,3,0,ctl,ok,0,0,5.7,42.9
mpp,0.0,1,qpsk-r1/3,w,9,2,1,data,ok,7,7,3.0,42.9
mpp,0.0,1,ack-1f,w,2,2,0,ctl,ctl_lost,0,0,-0.1,42.9
mpp,0.0,1,ack-4f,w,3,3,0,ctl,ok,0,0,-0.4,42.9
mpp,0.0,1,ack-4f,w,3,3,0,ctl,ok,0,0,4.2,42.9
mpp,0.0,1,qpsk-r1/3,w,9,2,1,data,ok,7,7,3.2,42.9
mpp,0.0,1,ack-1f,w,3,3,0,ctl,ok,0,0,3.2,42.9
mpp,0.0,1,qpsk-r1/3,w,9,2,1,data,ok,7,7,2.3,42.9
mpp,0.0,1,ack-1f,w,3,3,0,ctl,ok,0,0,5.5,42.9
mpp,0.0,1,qpsk-r1/3,w,9,2,1,data,ok,7,7,3.4,42.9
mpp,0.0,1,ack-1f,w,2,2,0,ctl,ok,0,0,3.4,42.9
mpp,0.0,1,qpsk-r1/3,w,9,1,0,data,ok,8,8,2.4,42.9
mpp,0.0,1,ack-1f,w,3,3,0,ctl,ok,0,0,1.4,42.9
mpp,0.0,1,qpsk-r1/3,w,9,2,1,data,ok,7,7,1.4,42.9
mpp,0.0,1,ack-1f,w,3,3,0,ctl,ok,0,0,3.0,42.9
mpp,0.0,1,qpsk-r1/3,w,9,2,1,data,ok,7,7,3.6,42.9
mpp,0.0,1,ack-1f,w,2,2,0,ctl,ok,0,0,4.0,42.9
mpp,0.0,1,qpsk-r1/3,w,9,1,0,data,ok,8,8,2.9,42.9
mpp,0.0,1,ack-1f,w,2,2,0,ctl,ok,0,0,1.3,42.9
mpp,0.0,1,qpsk-r1/3,w,9,1,0,data,ctl_lost,8,0,-0.6,42.9
mpp,0.0,1,ack-4f,w,3,3,0,ctl,ok,0,0,1.4,42.9
mpp,0.0,1,ack-4f,w,3,3,0,ctl,ok,0,0,2.8,42.9
mpp,0.0,1,qpsk-r1/5,w,9,2,1,data,ok,7,7,4.3,42.9
mpp,0.0,1,ack-1f,w,2,2,0,ctl,ok,0,0,1.0,42.9
mpp,0.0,1,qpsk-r1/3,w,9,1,0,data,ok,8,8,2.1,42.9
mpp,0.0,1,ack-1f,w,3,3,0,ctl,ok,0,0,4.0,42.9
mpp,0.0,1,w48-qpsk-r1/5,w48,19,2,1,data,ok,17,17,1.9,42.9
mpp,0.0,1,ack-1f,w,3,3,0,ctl,ok,0,0,6.3,42.9
mpp,0.0,1,w48-qpsk-r1/5,w48,19,2,1,data,ok,17,17,2.0,42.9
mpp,0.0,1,ack-1f,w,3,3,0,ctl,ok,0,0,3.8,42.9
mpp,0.0,1,w48-qpsk-r1/5,w48,19,2,1,data,ok,17,17,2.8,42.9
mpp,0.0,1,ack-1f,w,2,2,0,ctl,ctl_lost,0,0,-2.4,42.9
mpp,0.0,1,ack-4f,w,3,3,0,ctl,ok,0,0,3.8,42.9
mpp,0.0,1,ack-4f,w,3,3,0,ctl,ok,0,0,4.8,42.9
mpp,0.0,1,w48-qpsk-r1/5,w48,19,2,1,data,ok,17,17,1.3,42.9
mpp,0.0,1,ack-4f,w,3,3,0,ctl,ok,0,0,1.3,42.9
mpp,0.0,1,w48-qpsk-r1/5,w48,19,2,1,data,ok,17,17,0.6,42.9
mpp,0.0,1,ack-4f,w,3,3,0,ctl,ok,0,0,2.2,42.9
mpp,0.0,1,w48-qpsk-r1/5,w48,19,2,1,data,ok,17,3,0.3,42.9
mpp,0.0,1,ack-4f,w,4,4,0,ctl,ok,0,0,3.0,42.9
mpp,0.0,1,w48-qpsk-r1/5,w48,19,2,1,data,ok,3,3,1.8,42.9
mpp,0.0,1,ack-4f,w,3,3,0,ctl,ok,0,0,2.8,42.9
mpp,0.0,1,w48-qpsk-r1/5,w48,19,2,1,data,ok,17,17,1.1,42.9
mpp,0.0,1,ack-4f,w,3,3,0,ctl,ok,0,0,-2.2,42.9
mpp,0.0,1,w48-qpsk-r1/5,w48,19,2,1,data,ok,17,17,2.8,42.9
mpp,0.0,1,ack-4f,w,2,2,0,ctl,ok,0,0,4.1,42.9
mpp,0.0,1,w48-qpsk-r1/5,w48,19,1,0,data,ok,18,18,1.4,42.9
mpp,0.0,1,ack-4f,w,2,2,0,ctl,ok,0,0,2.2,42.9
mpp,0.0,1,w48-qpsk-r1/5,w48,19,1,0,data,ok,18,18,2.2,42.9
mpp,0.0,1,ack-4f,w,2,2,0,ctl,ok,0,0,3.1,42.9
mpp,0.0,1,w48-qpsk-r1/5,w48,19,1,0,data,ctl_lost,18,0,0.4,42.9
mpp,0.0,1,ack-4f,w,3,3,0,ctl,ok,0,0,2.1,42.9
mpp,0.0,1,ack-4f,w,3,3,0,ctl,ok,0,0,2.9,42.9
mpp,0.0,1,qpsk-r1/3,w,9,2,1,data,ok,7,7,1.2,42.9
mpp,0.0,1,ack-4f,w,3,3,0,ctl,ok,0,0,3.6,42.9
mpp,0.0,1,qpsk-r1/3,w,9,2,1,data,ok,7,7,3.2,42.9
mpp,0.0,1,ack-4f,w,3,3,0,ctl,ok,0,0,3.4,42.9
mpp,0.0,1,qpsk-r1/3,w,9,2,1,data,ok,7,7,3.5,42.9
mpp,0.0,1,ack-1f,w,3,3,0,ctl,ok,0,0,4.2,42.9
mpp,0.0,1,w48-qpsk-r1/5,w48,19,2,1,data,ok,17,16,0.5,42.9
mpp,0.0,1,ack-1f,w,4,4,0,ctl,ok,0,0,-0.7,42.9
mpp,0.0,1,w48-qpsk-r1/5,w48,19,2,1,data,ok,16,2,0.6,42.9
mpp,0.0,1,ack-4f,w,4,4,0,ctl,ok,0,0,2.5,42.9
mpp,0.0,1,w48-qpsk-r1/5,w48,19,2,1,data,ok,7,7,1.2,42.9
mpp,0.0,1,ack-4f,w,3,3,0,ctl,ok,0,0,1.0,42.9
mpp,0.0,1,w48-qpsk-r1/5,w48,19,2,1,data,ok,17,17,0.5,42.9
mpp,0.0,1,ack-4f,w,3,3,0,ctl,ok,0,0,-0.6,42.9
mpp,0.0,1,w48-qpsk-r1/5,w48,19,2,1,data,ok,17,17,2.0,42.9
mpp,0.0,1,ack-4f,w,2,2,0,ctl,ok,0,0,1.3,42.9
mpp,0.0,1,w48-qpsk-r1/5,w48,19,1,0,data,ok,18,18,2.3,42.9
mpp,0.0,1,ack-4f,w,2,2,0,ctl,ok,0,0,3.3,42.9
mpp,0.0,1,w48-qpsk-r1/5,w48,19,1,0,data,ok,18,18,0.8,42.9
mpp,0.0,1,ack-1f,w,2,2,0,ctl,ok,0,0,4.0,42.9
mpp,0.0,1,w48-qpsk-r1/5,w48,19,1,0,data,ok,18,18,3.2,42.9
mpp,0.0,1,ack-1f,w,2,2,0,ctl,ok,0,0,1.4,42.9
mpp,0.0,1,w48-qpsk-r1/5,w48,19,1,0,data,ok,18,18,1.0,42.9
mpp,0.0,1,ack-1f,w,2,2,0,ctl,ok,0,0,4.8,42.9
mpp,0.0,1,w48-qpsk-r1/5,w48,19,1,0,data,ok,18,18,2.5,42.9
mpp,0.0,1,ack-1f,w,2,2,0,ctl,ok,0,0,2.2,42.9
mpp,0.0,1,w48-qpsk-r1/5,w48,19,1,0,data,ok,18,18,1.5,42.9
mpp,0.0,1,ack-1f,w,2,2,0,ctl,ok,0,0,2.5,42.9
mpp,0.0,1,w48-qpsk-r1/5,w48,19,1,0,data,ok,18,18,0.9,42.9
mpp,0.0,1,ack-1f,w,2,2,0,ctl,ok,0,0,2.2,42.9
mpp,0.0,1,w48-qpsk-r1/5,w48,19,1,0,data,ok,18,18,1.2,42.9
mpp,0.0,1,ack-1f,w,2,2,0,ctl,ok,0,0,7.1,42.9
mpp,0.0,1,w48-qpsk-r1/5,w48,19,1,0,data,ctl_lost,18,0,0.1,42.9
mpp,0.0,5,qpsk-r1/5,w,1,1,0,ctl,ok,0,0,1.0,49.3
mpp,0.0,5,qpsk-r1/5,w,1,1,0,ctl,ok,0,0,0.4,49.3
mpp,0.0,5,ack-4f,w,3,3,0,ctl,ok,0,0,3.7,49.3
mpp,0.0,5,ack-4f,w,3,3,0,ctl,ok,0,0,5.2,49.3
mpp,0.0,5,qpsk-r1/3,w,9,2,1,data,ok,7,7,4.2,49.3
mpp,0.0,5,ack-1f,w,3,3,0,ctl,ok,0,0,5.7,49.3
mpp,0.0,5,qpsk-r1/2,w,9,2,1,data,ok,7,7,4.2,49.3
mpp,0.0,5,ack-1f,w,3,3,0,ctl,ok,0,0,5.6,49.3
mpp,0.0,5,qpsk-r1/2,w,9,2,1,data,ok,7,7,3.8,49.3
mpp,0.0,5,ack-1f,w,3,3,0,ctl,ok,0,0,0.7,49.3
mpp,0.0,5,qpsk-r1/2,w,9,2,1,data,ok,7,0,0.1,49.3
mpp,0.0,5,ack-1f,w,3,3,0,ctl,ok,0,0,1.8,49.3
mpp,0.0,5,qpsk-r1/2,w,9,2,1,data,ok,0,0,3.6,49.3
mpp,0.0,5,ack-1f,w,3,3,0,ctl,ok,0,0,2.5,49.3
mpp,0.0,5,qpsk-r1/2,w,9,2,1,data,ok,7,0,2.2,49.3
mpp,0.0,5,ack-1f,w,3,3,0,ctl,ok,0,0,4.4,49.3
mpp,0.0,5,qpsk-r1/2,w,9,2,1,data,ok,0,0,2.9,49.3
mpp,0.0,5,ack-1f,w,3,3,0,ctl,ok,0,0,4.3,49.3
mpp,0.0,5,qpsk-r1/2,w,9,2,1,data,ok,7,0,0.5,49.3
mpp,0.0,5,ack-1f,w,3,3,0,ctl,ok,0,0,0.3,49.3
mpp,0.0,5,qpsk-r1/2,w,9,2,1,data,ok,0,0,3.0,49.3
mpp,0.0,5,ack-1f,w,3,3,0,ctl,ok,0,0,6.4,49.3
mpp,0.0,5,qpsk-r1/2,w,9,2,1,data,ok,7,7,3.4,49.3
mpp,0.0,5,ack-1f,w,2,2,0,ctl,ok,0,0,7.5,49.3
mpp,0.0,5,qpsk-r1/2,w,9,1,0,data,ok,8,8,4.0,49.3
mpp,0.0,5,ack-1f,w,2,2,0,ctl,ok,0,0,1.3,49.3
mpp,0.0,5,qpsk-r1/2,w,9,1,0,data,ok,8,8,3.2,49.3
mpp,0.0,5,ack-1f,w,2,2,0,ctl,ctl_lost,0,0,-0.7,49.3
mpp,0.0,5,ack-4f,w,3,3,0,ctl,ok,0,0,-0.1,49.3
mpp,0.0,5,ack-4f,w,3,3,0,ctl,ok,0,0,2.8,49.3
mpp,0.0,5,qpsk-r1/2,w,9,2,1,data,ok,7,0,0.2,49.3
mpp,0.0,5,ack-1f,w,3,3,0,ctl,ok,0,0,1.7,49.3
mpp,0.0,5,qpsk-r1/5,w,9,2,1,data,ok,7,7,-0.2,49.3
mpp,0.0,5,ack-1f,w,3,3,0,ctl,ok,0,0,3.6,49.3
mpp,0.0,5,qpsk-r1/5,w,9,2,1,data,ok,7,7,3.5,49.3
mpp,0.0,5,ack-1f,w,3,3,0,ctl,ok,0,0,2.5,49.3
mpp,0.0,5,qpsk-r1/2,w,9,2,1,data,ok,7,7,3.5,49.3
mpp,0.0,5,ack-1f,w,2,2,0,ctl,ok,0,0,4.6,49.3
mpp,0.0,5,qpsk-r1/2,w,9,1,0,data,ok,8,8,3.8,49.3
mpp,0.0,5,ack-1f,w,2,2,0,ctl,ok,0,0,7.2,49.3
mpp,0.0,5,qpsk-r1/2,w,9,1,0,data,ok,8,8,4.0,49.3
mpp,0.0,5,ack-1f,w,2,2,0,ctl,ok,0,0,2.8,49.3
mpp,0.0,5,qpsk-r1/2,w,9,1,0,data,ok,8,8,4.7,49.3
mpp,0.0,5,ack-1f,w,2,2,0,ctl,ok,0,0,-1.2,49.3
mpp,0.0,5,qpsk-r1/2,w,9,1,0,data,ctl_lost,8,0,1.7,49.3
mpp,0.0,5,ack-4f,w,3,3,0,ctl,ok,0,0,3.7,49.3
mpp,0.0,5,ack-4f,w,3,3,0,ctl,ok,0,0,3.1,49.3
mpp,0.0,5,qpsk-r1/2,w,9,2,1,data,ok,7,7,4.0,49.3
mpp,0.0,5,ack-1f,w,2,2,0,ctl,ok,0,0,3.1,49.3
mpp,0.0,5,qpsk-r1/2,w,9,1,0,data,ok,8,8,3.6,49.3
mpp,0.0,5,ack-1f,w,2,2,0,ctl,ok,0,0,4.9,49.3
mpp,0.0,5,qpsk-r1/2,w,9,1,0,data,ok,8,8,3.9,49.3
mpp,0.0,5,ack-1f,w,2,2,0,ctl,ok,0,0,1.5,49.3
mpp,0.0,5,qpsk-r1/2,w,9,1,0,data,ok,8,8,3.3,49.3
mpp,0.0,5,ack-1f,w,2,2,0,ctl,ok,0,0,0.1,49.3
mpp,0.0,5,qpsk-r1/2,w,9,1,0,data,ok,8,8,3.0,49.3
mpp,0.0,5,ack-1f,w,2,2,0,ctl,ok,0,0,3.0,49.3
mpp,0.0,5,qpsk-r1/2,w,9,1,0,data,ok,8,7,2.4,49.3
mpp,0.0,5,ack-1f,w,3,3,0,ctl,ok,0,0,0.8,49.3
mpp,0.0,5,qpsk-r1/2,w,9,2,1,data,ok,6,6,4.0,49.3
mpp,0.0,5,ack-1f,w,2,2,0,ctl,ok,0,0,3.1,49.3
mpp,0.0,5,qpsk-r1/2,w,9,1,0,data,ok,8,8,4.2,49.3
mpp,0.0,5,ack-1f,w,2,2,0,ctl,ok,0,0,3.9,49.3
mpp,0.0,5,qpsk-r1/2,w,9,1,0,data,ok,8,8,3.2,49.3
mpp,0.0,5,ack-1f,w,2,2,0,ctl,ok,0,0,4.3,49.3
mpp,0.0,5,qpsk-r1/2,w,9,1,0,data,ok,8,8,3.5,49.3
mpp,0.0,5,ack-1f,w,2,2,0,ctl,ok,0,0,7.4,49.3
mpp,0.0,5,qpsk-r1/2,w,9,1,0,data,ok,8,8,3.7,49.3
mpp,0.0,5,ack-1f,w,2,2,0,ctl,ok,0,0,-4.9,49.3
mpp,0.0,5,qpsk-r1/2,w,9,1,0,data,ok,8,8,3.4,49.3
mpp,0.0,5,ack-1f,w,2,2,0,ctl,ctl_lost,0,0,-1.5,49.3
mpp,0.0,5,ack-4f,w,3,3,0,ctl,ok,0,0,0.5,49.3
mpp,0.0,5,ack-4f,w,2,2,0,ctl,ok,0,0,3.7,49.3
mpp,0.0,5,qpsk-r1/2,w,9,1,0,data,ok,8,8,3.2,49.3
mpp,0.0,5,ack-1f,w,2,2,0,ctl,ok,0,0,1.4,49.3
mpp,0.0,5,qpsk-r1/2,w,9,1,0,data,ok,8,8,3.2,49.3
mpp,0.0,5,ack-1f,w,2,2,0,ctl,ok,0,0,4.2,49.3
mpp,0.0,5,qpsk-r1/2,w,9,1,0,data,ctl_lost,8,4,2.5,49.3
mpp,0.0,5,ack-4f,w,3,3,0,ctl,ok,0,0,0.6,49.3
mpp,0.0,5,ack-4f,w,3,3,0,ctl,ok,0,0,4.4,49.3
mpp,0.0,5,qpsk-r1/2,w,9,2,1,data,ok,7,7,4.9,49.3
mpp,0.0,5,ack-1f,w,2,2,0,ctl,ok,0,0,5.0,49.3
mpp,0.0,5,qpsk-r1/2,w,9,1,0,data,ok,8,7,2.9,49.3
mpp,0.0,5,ack-1f,w,3,3,0,ctl,ctl_lost,0,0,-0.4,49.3
mpp,0.0,5,ack-4f,w,3,3,0,ctl,ok,0,0,3.0,49.3
mpp,0.0,5,ack-4f,w,3,3,0,ctl,ok,0,0,3.2,49.3
mpp,0.0,5,qpsk-r1/2,w,9,2,1,data,ok,7,0,2.1,49.3
mpp,0.0,5,ack-4f,w,3,3,0,ctl,ok,0,0,5.4,49.3
mpp,0.0,5,qpsk-r1/2,w,9,2,1,data,ok,1,0,2.8,49.3
mpp,0.0,5,ack-1f,w,3,3,0,ctl,ok,0,0,1.0,49.3
mpp,0.0,5,qpsk-r1/2,w,9,2,1,data,ok,6,6,3.4,49.3
mpp,0.0,5,ack-4f,w,2,2,0,ctl,ok,0,0,4.2,49.3
mpp,0.0,5,qpsk-r1/2,w,9,1,0,data,ok,8,8,3.4,49.3
mpp,0.0,5,ack-4f,w,2,2,0,ctl,ok,0,0,2.0,49.3
mpp,0.0,5,qpsk-r1/2,w,9,1,0,data,ok,8,8,3.7,49.3
mpp,0.0,5,ack-4f,w,2,2,0,ctl,ok,0,0,2.6,49.3
mpp,0.0,5,qpsk-r1/2,w,9,1,0,data,ok,8,7,3.5,49.3
mpp,0.0,5,ack-4f,w,3,3,0,ctl,ok,0,0,4.5,49.3
mpp,0.0,5,qpsk-r1/2,w,9,1,0,data,ok,7,7,3.3,49.3
mpp,0.0,8,qpsk-r1/5,w,1,1,0,ctl,ok,0,0,4.0,52.3
mpp,0.0,8,qpsk-r1/5,w,1,1,0,ctl,ok,0,0,6.9,52.3
mpp,0.0,8,ack-4f,w,3,3,0,ctl,ok,0,0,1.6,52.3
mpp,0.0,8,ack-1f,w,3,3,0,ctl,ok,0,0,5.9,52.3
mpp,0.0,8,qpsk-r1/2,w,9,2,1,data,ok,7,7,3.4,52.3
mpp,0.0,8,ack-1f,w,3,3,0,ctl,ok,0,0,0.4,52.3
mpp,0.0,8,qpsk-r1/2,w,9,2,1,data,ok,7,7,4.1,52.3
mpp,0.0,8,ack-1f,w,3,3,0,ctl,ok,0,0,2.0,52.3
mpp,0.0,8,qpsk-r1/2,w,9,2,1,data,ok,7,7,3.1,52.3
mpp,0.0,8,ack-1f,w,3,3,0,ctl,ok,0,0,6.5,52.3
mpp,0.0,8,qpsk-r1/2,w,9,2,1,data,ok,7,7,2.2,52.3
mpp,0.0,8,ack-1f,w,3,3,0,ctl,ok,0,0,5.0,52.3
mpp,0.0,8,qpsk-r1/2,w,9,2,1,data,ok,7,7,4.0,52.3
mpp,0.0,8,ack-1f,w,3,3,0,ctl,ok,0,0,1.5,52.3
mpp,0.0,8,qpsk-r1/2,w,9,2,1,data,ok,7,4,2.3,52.3
mpp,0.0,8,ack-1f,w,3,3,0,ctl,ok,0,0,2.5,52.3
mpp,0.0,8,qpsk-r1/2,w,9,2,1,data,ok,4,0,0.3,52.3
mpp,0.0,8,ack-1f,w,3,3,0,ctl,ok,0,0,1.9,52.3
mpp,0.0,8,qpsk-r1/2,w,9,2,1,data,ok,3,3,4.0,52.3
mpp,0.0,8,ack-1f,w,3,3,0,ctl,ctl_lost,0,0,-0.5,52.3
mpp,0.0,8,ack-4f,w,3,3,0,ctl,ok,0,0,5.9,52.3
mpp,0.0,8,ack-4f,w,2,2,0,ctl,ok,0,0,4.9,52.3
mpp,0.0,8,qpsk-r1/2,w,9,1,0,data,ok,8,8,3.4,52.3
mpp,0.0,8,ack-1f,w,2,2,0,ctl,ctl_lost,0,0,0.3,52.3
mpp,0.0,8,ack-4f,w,3,3,0,ctl,ok,0,0,2.5,52.3
mpp,0.0,8,ack-4f,w,3,3,0,ctl,ok,0,0,4.0,52.3
mpp,0.0,8,qpsk-r1/2,w,9,2,1,data,ok,7,7,3.7,52.3
mpp,0.0,8,ack-4f,w,2,2,0,ctl,ok,0,0,2.5,52.3
mpp,0.0,8,qpsk-r1/2,w,9,1,0,data,ok,8,8,3.9,52.3
mpp,0.0,8,ack-4f,w,2,2,0,ctl,ok,0,0,1.2,52.3
mpp,0.0,8,qpsk-r1/2,w,9,1,0,data,ok,8,8,4.1,52.3
mpp,0.0,8,ack-4f,w,2,2,0,ctl,ok,0,0,5.1,52.3
mpp,0.0,8,qpsk-r1/2,w,9,1,0,data,ok,8,7,3.1,52.3
mpp,0.0,8,ack-1f,w,3,3,0,ctl,ok,0,0,-1.5,52.3
mpp,0.0,8,qpsk-r1/2,w,9,1,0,data,ok,7,7,5.1,52.3
mpp,0.0,8,ack-4f,w,2,2,0,ctl,ok,0,0,7.1,52.3
mpp,0.0,8,qpsk-r1/2,w,9,1,0,data,ok,8,8,2.9,52.3
mpp,0.0,8,ack-1f,w,2,2,0,ctl,ok,0,0,1.5,52.3
mpp,0.0,8,qpsk-r1/2,w,9,1,0,data,ctl_lost,8,0,0.8,52.3
mpp,0.0,8,ack-4f,w,3,3,0,ctl,ok,0,0,3.5,52.3
mpp,0.0,8,ack-4f,w,3,3,0,ctl,ok,0,0,2.1,52.3
mpp,0.0,8,qpsk-r1/2,w,9,2,1,data,ok,7,7,4.6,52.3
mpp,0.0,8,ack-4f,w,2,2,0,ctl,ok,0,0,2.7,52.3
mpp,0.0,8,qpsk-r1/2,w,9,1,0,data,ok,8,8,4.0,52.3
mpp,0.0,8,ack-4f,w,2,2,0,ctl,ok,0,0,4.9,52.3
mpp,0.0,8,qpsk-r1/2,w,9,1,0,data,ok,8,8,4.5,52.3
mpp,0.0,8,ack-1f,w,2,2,0,ctl,ok,0,0,3.8,52.3
mpp,0.0,8,qpsk-r1/2,w,9,1,0,data,ok,8,8,3.7,52.3
mpp,0.0,8,ack-1f,w,2,2,0,ctl,ok,0,0,5.8,52.3
mpp,0.0,8,qpsk-r1/2,w,9,1,0,data,ok,8,8,3.6,52.3
mpp,0.0,8,ack-1f,w,2,2,0,ctl,ok,0,0,-2.1,52.3
mpp,0.0,8,qpsk-r1/2,w,9,1,0,data,ok,8,8,2.6,52.3
mpp,0.0,8,ack-1f,w,3,3,0,ctl,ok,0,0,-1.7,52.3
mpp,0.0,8,qpsk-r1/2,w,9,2,1,data,ok,7,7,3.0,52.3
mpp,0.0,8,ack-4f,w,3,3,0,ctl,ok,0,0,6.0,52.3
mpp,0.0,8,qpsk-r1/2,w,9,2,1,data,ok,7,7,4.5,52.3
mpp,0.0,8,ack-1f,w,2,2,0,ctl,ok,0,0,7.1,52.3
mpp,0.0,8,qpsk-r1/2,w,9,1,0,data,ctl_lost,8,0,0.3,52.3
mpp,0.0,8,ack-4f,w,3,3,0,ctl,ok,0,0,5.0,52.3
mpp,0.0,8,ack-4f,w,3,3,0,ctl,ok,0,0,4.6,52.3
mpp,0.0,8,qpsk-r1/2,w,9,2,1,data,ok,7,7,4.1,52.3
mpp,0.0,8,ack-1f,w,2,2,0,ctl,ok,0,0,0.7,52.3
mpp,0.0,8,qpsk-r1/2,w,9,1,0,data,ok,8,8,3.8,52.3
mpp,0.0,8,ack-1f,w,2,2,0,ctl,ok,0,0,4.3,52.3
mpp,0.0,8,qpsk-r1/2,w,9,1,0,data,ok,8,8,4.2,52.3
mpp,0.0,8,ack-1f,w,2,2,0,ctl,ok,0,0,3.8,52.3
mpp,0.0,8,qpsk-r1/2,w,9,1,0,data,ctl_lost,8,0,1.9,52.3
mpp,0.0,8,ack-4f,w,3,3,0,ctl,ok,0,0,-0.4,52.3
mpp,0.0,8,ack-4f,w,2,2,0,ctl,ok,0,0,4.8,52.3
mpp,0.0,8,qpsk-r1/5,w,9,1,0,data,ok,8,8,3.3,52.3
mpp,0.0,8,ack-1f,w,3,3,0,ctl,ok,0,0,2.2,52.3
mpp,0.0,8,qpsk-r1/2,w,9,2,1,data,ok,7,7,4.0,52.3
mpp,0.0,8,ack-1f,w,3,3,0,ctl,ok,0,0,5.3,52.3
mpp,0.0,8,qpsk-r1/2,w,9,2,1,data,ok,7,6,2.7,52.3
mpp,0.0,8,ack-1f,w,3,3,0,ctl,ok,0,0,6.4,52.3
mpp,0.0,8,qpsk-r1/2,w,9,2,1,data,ok,6,6,4.1,52.3
mpp,0.0,8,ack-1f,w,3,3,0,ctl,ok,0,0,4.5,52.3
mpp,0.0,8,qpsk-r1/2,w,9,2,1,data,ok,7,2,2.3,52.3
mpp,0.0,8,ack-1f,w,3,3,0,ctl,ok,0,0,3.4,52.3
mpp,0.0,8,qpsk-r1/2,w,9,2,1,data,ok,2,2,2.9,52.3
mpp,0.0,8,ack-1f,w,3,3,0,ctl,ok,0,0,-0.1,52.3
mpp,0.0,8,qpsk-r1/2,w,9,2,1,data,ok,7,7,4.3,52.3
mpp,0.0,8,ack-1f,w,2,2,0,ctl,ok,0,0,5.7,52.3
mpp,0.0,8,qpsk-r1/2,w,9,1,0,data,ok,8,8,3.7,52.3
mpp,0.0,8,ack-1f,w,2,2,0,ctl,ok,0,0,3.3,52.3
mpp,0.0,8,qpsk-r1/2,w,9,1,0,data,ok,8,8,3.0,52.3
mpp,0.0,8,ack-1f,w,2,2,0,ctl,ok,0,0,5.0,52.3
mpp,0.0,8,qpsk-r1/2,w,9,1,0,data,ok,8,8,5.3,52.3
mpp,0.0,8,ack-1f,w,2,2,0,ctl,ok,0,0,3.1,52.3
mpp,0.0,8,qpsk-r1/2,w,9,1,0,data,ok,8,8,3.1,52.3
mpp,0.0,8,ack-1f,w,2,2,0,ctl,ok,0,0,-0.4,52.3
mpp,0.0,8,qpsk-r1/2,w,9,1,0,data,ok,8,8,3.8,52.3
mpp,0.0,8,ack-1f,w,2,2,0,ctl,ok,0,0,1.8,52.3
mpp,0.0,8,qpsk-r1/2,w,9,1,0,data,ctl_lost,8,1,2.7,52.3
mpp,0.0,8,ack-4f,w,3,3,0,ctl,ok,0,0,4.1,52.3
mpp,0.0,8,ack-4f,w,3,3,0,ctl,ok,0,0,3.1,52.3
mpp,0.0,8,qpsk-r1/2,w,9,2,1,data,ok,7,7,3.6,52.3
mpp,0.0,8,ack-1f,w,2,2,0,ctl,ok,0,0,0.8,52.3
mpp,0.0,8,qpsk-r1/2,w,9,1,0,data,ok,8,8,4.3,52.3
mpp,0.0,6,qpsk-r1/5,w,1,1,0,ctl,ok,0,0,4.6,48.9
mpp,0.0,6,qpsk-r1/5,w,1,1,0,ctl,ok,0,0,4.8,48.9
mpp,0.0,6,ack-4f,w,3,3,0,ctl,ok,0,0,0.7,48.9
mpp,0.0,6,ack-1f,w,3,3,0,ctl,ok,0,0,4.6,48.9
mpp,0.0,6,qpsk-r1/2,w,9,2,1,data,ok,7,7,3.3,48.9
mpp,0.0,6,ack-1f,w,3,3,0,ctl,ok,0,0,1.8,48.9
mpp,0.0,6,qpsk-r1/2,w,9,2,1,data,ok,7,7,4.1,48.9
mpp,0.0,6,ack-1f,w,3,3,0,ctl,ok,0,0,1.9,48.9
mpp,0.0,6,qpsk-r1/2,w,9,2,1,data,ok,7,7,3.6,48.9
mpp,0.0,6,ack-1f,w,3,3,0,ctl,ok,0,0,3.9,48.9
mpp,0.0,6,qpsk-r1/2,w,9,2,1,data,ok,7,0,1.7,48.9
mpp,0.0,6,ack-1f,w,3,3,0,ctl,ok,0,0,0.5,48.9
mpp,0.0,6,qpsk-r1/2,w,9,2,1,data,ok,0,0,3.7,48.9
mpp,0.0,6,ack-1f,w,3,3,0,ctl,ok,0,0,3.5,48.9
mpp,0.0,6,qpsk-r1/2,w,9,2,1,data,ok,7,2,2.6,48.9
mpp,0.0,6,ack-1f,w,3,3,0,ctl,ok,0,0,3.8,48.9
mpp,0.0,6,qpsk-r1/2,w,9,2,1,data,ok,2,2,3.6,48.9
mpp,0.0,6,ack-1f,w,3,3,0,ctl,ok,0,0,5.5,48.9
mpp,0.0,6,qpsk-r1/2,w,9,2,1,data,ok,7,7,3.2,48.9
mpp,0.0,6,ack-1f,w,2,2,0,ctl,ok,0,0,4.4,48.9
mpp,0.0,6,qpsk-r1/2,w,9,1,0,data,ok,8,8,4.1,48.9
mpp,0.0,6,ack-1f,w,2,2,0,ctl,ok,0,0,0.3,48.9
mpp,0.0,6,qpsk-r1/2,w,9,1,0,data,ctl_lost,8,0,2.2,48.9
mpp,0.0,6,ack-4f,w,3,3,0,ctl,ok,0,0,-0.3,48.9
mpp,0.0,6,ack-4f,w,3,3,0,ctl,ok,0,0,3.8,48.9
mpp,0.0,6,qpsk-r1/2,w,9,2,1,data,ok,7,7,4.6,48.9
mpp,0.0,6,ack-1f,w,3,3,0,ctl,ok,0,0,5.2,48.9
mpp,0.0,6,qpsk-r1/2,w,9,2,1,data,ok,7,7,3.5,48.9
mpp,0.0,6,ack-1f,w,2,2,0,ctl,ok,0,0,2.8,48.9
mpp,0.0,6,qpsk-r1/2,w,9,1,0,data,ok,8,8,4.0,48.9
mpp,0.0,6,ack-1f,w,2,2,0,ctl,ok,0,0,5.8,48.9
mpp,0.0,6,qpsk-r1/2,w,9,1,0,data,ok,8,8,4.7,48.9
mpp,0.0,6,ack-1f,w,2,2,0,ctl,ok,0,0,5.0,48.9
mpp,0.0,6,qpsk-r1/2,w,9,1,0,data,ok,8,8,5.2,48.9
mpp,0.0,6,ack-1f,w,2,2,0,ctl,ok,0,0,1.5,48.9
mpp,0.0,6,qpsk-r1/2,w,9,1,0,data,ctl_lost,8,5,2.5,48.9
mpp,0.0,6,ack-4f,w,3,3,0,ctl,ok,0,0,1.9,48.9
mpp,0.0,6,ack-4f,w,3,3,0,ctl,ok,0,0,3.1,48.9
mpp,0.0,6,qpsk-r1/2,w,9,2,1,data,ok,7,7,4.0,48.9
mpp,0.0,6,ack-1f,w,3,3,0,ctl,ok,0,0,-2.2,48.9
mpp,0.0,6,qpsk-r1/2,w,9,2,1,data,ok,7,7,3.4,48.9
mpp,0.0,6,ack-1f,w,2,2,0,ctl,ok,0,0,8.6,48.9
mpp,0.0,6,qpsk-r1/2,w,9,1,0,data,ok,8,7,2.6,48.9
mpp,0.0,6,ack-1f,w,3,3,0,ctl,ok,0,0,5.0,48.9
mpp,0.0,6,qpsk-r1/2,w,9,2,1,data,ok,6,6,2.3,48.9
mpp,0.0,6,ack-1f,w,3,3,0,ctl,ok,0,0,2.4,48.9
mpp,0.0,6,qpsk-r1/2,w,9,2,1,data,ok,7,7,2.8,48.9
mpp,0.0,6,ack-1f,w,3,3,0,ctl,ok,0,0,0.2,48.9
mpp,0.0,6,qpsk-r1/2,w,9,2,1,data,ok,7,0,1.8,48.9
mpp,0.0,6,ack-1f,w,3,3,0,ctl,ok,0,0,-0.8,48.9
mpp,0.0,6,qpsk-r1/2,w,9,2,1,data,ok,0,0,3.7,48.9
mpp,0.0,6,ack-1f,w,3,3,0,ctl,ok,0,0,4.6,48.9
mpp,0.0,6,qpsk-r1/2,w,9,2,1,data,ok,7,7,3.6,48.9
mpp,0.0,6,ack-1f,w,2,2,0,ctl,ok,0,0,4.9,48.9
mpp,0.0,6,qpsk-r1/2,w,9,1,0,data,ctl_lost,8,0,2.3,48.9
mpp,0.0,6,ack-4f,w,3,3,0,ctl,ok,0,0,2.0,48.9
mpp,0.0,6,ack-4f,w,3,3,0,ctl,ok,0,0,3.8,48.9
mpp,0.0,6,qpsk-r1/2,w,9,2,1,data,ok,7,7,2.9,48.9
mpp,0.0,6,ack-1f,w,3,3,0,ctl,ok,0,0,5.1,48.9
mpp,0.0,6,qpsk-r1/2,w,9,2,1,data,ok,7,0,1.1,48.9
mpp,0.0,6,ack-1f,w,3,3,0,ctl,ok,0,0,5.1,48.9
mpp,0.0,6,qpsk-r1/2,w,9,2,1,data,ok,0,0,3.6,48.9
mpp,0.0,6,ack-1f,w,3,3,0,ctl,ok,0,0,2.3,48.9
mpp,0.0,6,qpsk-r1/2,w,9,2,1,data,ok,7,7,2.7,48.9
mpp,0.0,6,ack-1f,w,2,2,0,ctl,ok,0,0,3.7,48.9
mpp,0.0,6,qpsk-r1/2,w,9,1,0,data,ok,8,8,3.7,48.9
mpp,0.0,6,ack-1f,w,2,2,0,ctl,ctl_lost,0,0,-1.6,48.9
mpp,0.0,6,ack-4f,w,3,3,0,ctl,ok,0,0,0.4,48.9
mpp,0.0,6,ack-4f,w,3,3,0,ctl,ok,0,0,4.0,48.9
mpp,0.0,6,qpsk-r1/2,w,9,2,1,data,ok,7,7,3.7,48.9
mpp,0.0,6,ack-1f,w,2,2,0,ctl,ok,0,0,4.8,48.9
mpp,0.0,6,qpsk-r1/2,w,9,1,0,data,ok,8,8,4.0,48.9
mpp,0.0,6,ack-1f,w,2,2,0,ctl,ok,0,0,7.8,48.9
mpp,0.0,6,qpsk-r1/2,w,9,1,0,data,ok,8,8,3.3,48.9
mpp,0.0,6,ack-1f,w,2,2,0,ctl,ok,0,0,0.3,48.9
mpp,0.0,6,qpsk-r1/2,w,9,1,0,data,ok,8,8,3.0,48.9
mpp,0.0,6,ack-1f,w,2,2,0,ctl,ok,0,0,5.6,48.9
mpp,0.0,6,qpsk-r1/2,w,9,1,0,data,ctl_lost,8,2,2.4,48.9
mpp,0.0,6,ack-4f,w,3,3,0,ctl,ok,0,0,2.7,48.9
mpp,0.0,6,ack-4f,w,3,3,0,ctl,ok,0,0,1.2,48.9
mpp,0.0,6,qpsk-r1/2,w,9,2,1,data,ok,7,7,3.3,48.9
mpp,0.0,6,ack-1f,w,2,2,0,ctl,ok,0,0,1.0,48.9
mpp,0.0,6,qpsk-r1/2,w,9,1,0,data,ok,8,8,3.7,48.9
mpp,0.0,6,ack-4f,w,2,2,0,ctl,ok,0,0,3.0,48.9
mpp,0.0,6,qpsk-r1/2,w,9,1,0,data,ok,8,8,4.1,48.9
mpp,0.0,6,ack-1f,w,2,2,0,ctl,ctl_lost,0,0,3.3,48.9
mpp,0.0,6,ack-4f,w,3,3,0,ctl,ok,0,0,2.3,48.9
mpp,0.0,6,ack-4f,w,2,2,0,ctl,ok,0,0,5.4,48.9
mpp,0.0,6,qpsk-r1/2,w,9,1,0,data,ok,8,8,4.1,48.9
mpp,0.0,6,ack-1f,w,2,2,0,ctl,ok,0,0,3.8,48.9
mpp,0.0,6,qpsk-r1/2,w,9,1,0,data,ok,8,8,2.9,48.9
mpp,0.0,6,ack-1f,w,2,2,0,ctl,ok,0,0,2.1,48.9
mpp,0.0,6,qpsk-r1/2,w,9,1,0,data,ok,8,8,3.9,48.9
mpp,0.0,6,ack-4f,w,2,2,0,ctl,ok,0,0,3.9,48.9
mpp,0.0,6,qpsk-r1/2,w,9,1,0,data,ok,8,8,3.5,48.9
mpp,0.0,6,ack-4f,w,2,2,0,ctl,ok,0,0,1.2,48.9
mpp,0.0,6,qpsk-r1/2,w,9,1,0,data,ctl_lost,8,0,2.0,48.9
mpp,0.0,6,ack-4f,w,3,3,0,ctl,ok,0,0,4.8,48.9
mpp,0.0,6,ack-4f,w,3,3,0,ctl,ok,0,0,1.4,48.9
mpg,8.0,11,qpsk-r1/5,w,1,1,0,ctl,ok,0,0,14.6,122.4
mpg,8.0,11,qpsk-r1/5,w,1,1,0,ctl,ok,0,0,12.9,122.4
mpg,8.0,11,ack-4f,w,2,2,0,ctl,ok,0,0,6.1,122.4
mpg,8.0,11,ack-1f,w,3,3,0,ctl,ok,0,0,7.1,122.4
mpg,8.0,11,w48-16qam-r1/3,w48,19,2,1,data,ok,17,17,9.5,122.4
mpg,8.0,11,ack-1f,w,3,3,0,ctl,ok,0,0,9.5,122.4
mpg,8.0,11,w48-16qam-r1/3,w48,19,2,1,data,ok,17,17,10.8,122.4
mpg,8.0,11,ack-1f,w,2,2,0,ctl,ok,0,0,13.5,122.4
mpg,8.0,11,w48-16qam-r1/3,w48,19,1,0,data,ok,18,18,10.6,122.4
mpg,8.0,11,ack-1f,w,2,2,0,ctl,ok,0,0,15.6,122.4
mpg,8.0,11,w48-16qam-r1/3,w48,19,1,0,data,ok,18,18,12.0,122.4
mpg,8.0,11,ack-1f,w,2,2,0,ctl,ok,0,0,12.7,122.4
mpg,8.0,11,w48-16qam-r1/3,w48,19,1,0,data,ok,18,18,9.9,122.4
mpg,8.0,11,ack-1f,w,2,2,0,ctl,ok,0,0,2.5,122.4
mpg,8.0,11,w48-16qam-r1/3,w48,19,1,0,data,ctl_lost,18,0,3.6,122.4
mpg,8.0,11,ack-4f,w,3,3,0,ctl,ok,0,0,12.5,122.4
mpg,8.0,11,ack-4f,w,3,3,0,ctl,ok,0,0,5.7,122.4
mpg,8.0,11,w48-qpsk-r1/2,w48,19,2,1,data,ok,17,17,10.1,122.4
mpg,8.0,11,ack-1f,w,3,3,0,ctl,ok,0,0,16.7,122.4
mpg,8.0,11,w48-qpsk-r2/3,w48,19,2,1,data,ok,17,0,5.6,122.4
mpg,8.0,11,ack-1f,w,2,2,0,ctl,ok,0,0,2.4,122.4
mpg,8.0,11,w48-qpsk-r1/2,w48,19,1,,data,missed,0,0,,122.4
mpg,8.0,11,ack-4f,w,4,4,0,ctl,ok,0,0,8.9,122.4
mpg,8.0,11,ack-4f,w,3,3,0,ctl,ok,0,0,8.5,122.4
mpg,8.0,11,w48-qpsk-r1/2,w48,19,2,1,data,ok,17,17,11.6,122.4
mpg,8.0,11,ack-1f,w,2,2,0,ctl,ok,0,0,6.4,122.4
mpg,8.0,11,w48-qpsk-r2/3,w48,19,1,0,data,ctl_lost,18,4,8.4,122.4
mpg,8.0,11,ack-4f,w,4,4,0,ctl,ok,0,0,4.5,122.4
mpg,8.0,11,ack-4f,w,2,2,0,ctl,ok,0,0,8.9,122.4
mpg,8.0,11,w48-qpsk-r1/2,w48,19,1,0,data,ok,18,18,8.5,122.4
mpg,8.0,11,ack-1f,w,2,2,0,ctl,ok,0,0,2.3,122.4
mpg,8.0,11,w48-qpsk-r1/2,w48,19,1,0,data,ok,18,18,7.4,122.4
mpg,8.0,11,ack-1f,w,2,2,0,ctl,ok,0,0,-0.8,122.4
mpg,8.0,11,w48-qpsk-r1/2,w48,19,1,0,data,ok,18,18,11.1,122.4
mpg,8.0,11,ack-4f,w,3,3,0,ctl,ok,0,0,9.0,122.4
mpg,8.0,11,w48-16qam-r1/3,w48,19,2,1,data,ok,17,5,6.4,122.4
mpg,8.0,11,ack-1f,w,4,4,0,ctl,ok,0,0,6.1,122.4
mpg,8.0,11,w48-16qam-r1/3,w48,19,2,1,data,ok,5,5,11.3,122.4
mpg,8.0,11,ack-1f,w,3,3,0,ctl,ok,0,0,7.4,122.4
mpg,8.0,11,w48-16qam-r1/3,w48,19,2,1,data,ok,17,17,11.0,122.4
mpg,8.0,11,ack-1f,w,2,2,0,ctl,ok,0,0,4.7,122.4
mpg,8.0,11,w48-16qam-r1/3,w48,19,1,0,data,ctl_lost,18,0,6.0,122.4
mpg,8.0,11,ack-4f,w,3,3,0,ctl,ok,0,0,15.8,122.4
mpg,8.0,11,ack-4f,w,2,2,0,ctl,ok,0,0,17.7,122.4
mpg,8.0,11,w48-qpsk-r1/2,w48,19,1,0,data,ok,18,18,8.6,122.4
mpg,8.0,11,ack-1f,w,2,2,0,ctl,ok,0,0,10.9,122.4
mpg,8.0,11,w48-qpsk-r1/2,w48,19,1,0,data,ctl_lost,18,5,4.1,122.4
mpg,8.0,11,ack-4f,w,3,3,0,ctl,ok,0,0,12.3,122.4
mpg,8.0,11,ack-4f,w,3,3,0,ctl,ok,0,0,13.3,122.4
mpg,8.0,11,w48-qpsk-r1/2,w48,19,2,1,data,ok,17,17,9.5,122.4
mpg,8.0,11,ack-1f,w,3,3,0,ctl,ok,0,0,8.6,122.4
mpg,8.0,11,w48-16qam-r1/3,w48,19,2,1,data,ok,17,4,8.4,122.4
mpg,8.0,11,ack-1f,w,4,4,0,ctl,ok,0,0,8.1,122.4
mpg,8.0,11,w48-16qam-r1/3,w48,19,2,1,data,ok,4,4,12.7,122.4
mpg,8.0,11,ack-1f,w,3,3,0,ctl,ok,0,0,9.9,122.4
mpg,8.0,11,w48-16qam-r1/3,w48,19,2,1,data,ok,17,17,10.9,122.4
mpg,8.0,11,ack-1f,w,2,2,0,ctl,ok,0,0,10.4,122.4
mpg,8.0,11,w48-16qam-r1/3,w48,19,1,0,data,ok,18,18,7.7,122.4
mpg,8.0,11,ack-1f,w,3,3,0,ctl,ok,0,0,13.3,122.4
mpg,8.0,11,w48-16qam-r1/3,w48,19,2,1,data,ok,17,17,11.7,122.4
mpg,8.0,11,ack-1f,w,2,2,0,ctl,ok,0,0,7.8,122.4
mpg,8.0,11,w48-16qam-r1/3,w48,19,1,0,data,ok,18,18,10.8,122.4
mpg,8.0,11,ack-1f,w,2,2,0,ctl,ok,0,0,15.2,122.4
mpg,8.0,11,w48-16qam-r1/3,w48,19,1,0,data,ok,18,18,8.8,122.4
mpg,8.0,11,ack-1f,w,3,3,0,ctl,ok,0,0,11.8,122.4
mpg,8.0,11,w48-16qam-r1/3,w48,19,2,1,data,ok,17,17,9.3,122.4
mpg,8.0,11,ack-1f,w,3,3,0,ctl,ok,0,0,8.2,122.4
mpg,8.0,11,w48-16qam-r1/3,w48,19,2,1,data,ok,17,17,9.0,122.4
mpg,8.0,11,ack-1f,w,2,2,0,ctl,ok,0,0,9.5,122.4
mpg,8.0,11,w48-16qam-r1/3,w48,19,1,0,data,ok,18,18,7.7,122.4
mpg,8.0,11,ack-1f,w,3,3,0,ctl,ok,0,0,11.9,122.4
mpg,8.0,11,w48-16qam-r1/3,w48,19,2,1,data,ok,17,1,5.9,122.4
mpg,8.0,11,ack-1f,w,3,3,0,ctl,ok,0,0,7.8,122.4
mpg,8.0,11,w48-qpsk-r1/2,w48,19,2,1,data,ok,17,17,8.6,122.4
mpg,8.0,11,ack-1f,w,2,2,0,ctl,ok,0,0,11.2,122.4
mpg,8.0,11,w48-qpsk-r1/2,w48,19,1,0,data,ok,18,18,10.4,122.4
mpg,8.0,11,ack-1f,w,2,2,0,ctl,ok,0,0,7.9,122.4
mpg,8.0,11,w48-16qam-r1/3,w48,19,1,0,data,ctl_lost,18,1,6.7,122.4
mpg,8.0,11,ack-4f,w,3,3,0,ctl,ok,0,0,14.3,122.4
mpg,8.0,11,ack-4f,w,3,3,0,ctl,ok,0,0,12.8,122.4
mpg,8.0,11,w48-16qam-r1/3,w48,19,2,1,data,ok,17,17,7.9,122.4
mpg,8.0,11,ack-1f,w,2,2,0,ctl,ok,0,0,12.8,122.4
mpg,8.0,11,w48-qpsk-r1/2,w48,19,1,0,data,ctl_lost,18,13,6.4,122.4
mpg,8.0,11,ack-4f,w,3,3,0,ctl,ok,0,0,8.1,122.4
mpg,8.0,11,ack-4f,w,2,2,0,ctl,ok,0,0,10.4,122.4
mpg,8.0,11,w48-qpsk-r1/3,w48,19,1,0,data,ok,18,18,8.5,122.4
mpg,8.0,11,ack-1f,w,3,3,0,ctl,ok,0,0,10.1,122.4
mpg,8.0,11,w48-qpsk-r1/2,w48,19,2,1,data,ok,17,17,8.2,122.4
mpg,8.0,11,ack-1f,w,3,3,0,ctl,ok,0,0,5.1,122.4
mpg,8.0,11,w48-qpsk-r1/2,w48,19,2,1,data,ok,17,17,10.0,122.4
mpg,8.0,11,ack-1f,w,3,3,0,ctl,ok,0,0,11.3,122.4
mpg,8.0,11,w48-16qam-r1/3,w48,19,2,1,data,ok,17,17,9.4,122.4
mpg,8.0,11,ack-1f,w,2,2,0,ctl,ok,0,0,6.6,122.4
mpg,8.0,11,w48-16qam-r1/3,w48,19,1,0,data,ctl_lost,18,0,3.3,122.4
mpp,8.0,0,qpsk-r1/5,w,1,1,0,ctl,ok,0,0,11.5,202.7
mpp,8.0,0,qpsk-r1/5,w,1,1,0,ctl,ok,0,0,9.2,202.7
mpp,8.0,0,ack-4f,w,2,2,0,ctl,ok,0,0,10.6,202.7
mpp,8.0,0,ack-1f,w,3,3,0,ctl,ok,0,0,11.6,202.7
mpp,8.0,0,w48-16qam-r1/3,w48,19,2,1,data,ok,17,17,10.4,202.7
mpp,8.0,0,ack-1f,w,2,2,0,ctl,ok,0,0,11.6,202.7
mpp,8.0,0,w48-16qam-r1/3,w48,19,1,0,data,ok,18,18,9.7,202.7
mpp,8.0,0,ack-1f,w,2,2,0,ctl,ok,0,0,7.2,202.7
mpp,8.0,0,w48-16qam-r1/3,w48,19,1,0,data,ok,18,18,9.6,202.7
mpp,8.0,0,ack-1f,w,2,2,0,ctl,ok,0,0,10.2,202.7
mpp,8.0,0,w48-16qam-r1/3,w48,19,1,0,data,ok,18,18,10.0,202.7
mpp,8.0,0,ack-1f,w,2,2,0,ctl,ok,0,0,8.7,202.7
mpp,8.0,0,w48-16qam-r1/3,w48,19,1,0,data,ok,18,18,10.0,202.7
mpp,8.0,0,ack-1f,w,2,2,0,ctl,ok,0,0,6.2,202.7
mpp,8.0,0,w48-16qam-r1/3,w48,19,1,0,data,ok,18,18,9.3,202.7
mpp,8.0,0,ack-1f,w,2,2,0,ctl,ok,0,0,11.8,202.7
mpp,8.0,0,w48-16qam-r1/3,w48,19,1,0,data,ok,18,18,10.4,202.7
mpp,8.0,0,ack-1f,w,2,2,0,ctl,ok,0,0,9.5,202.7
mpp,8.0,0,w48-16qam-r1/3,w48,19,1,0,data,ok,18,18,10.1,202.7
mpp,8.0,0,ack-1f,w,2,2,0,ctl,ok,0,0,13.6,202.7
mpp,8.0,0,w48-16qam-r1/3,w48,19,1,0,data,ok,18,18,10.6,202.7
mpp,8.0,0,ack-1f,w,2,2,0,ctl,ok,0,0,7.5,202.7
mpp,8.0,0,w48-16qam-r1/3,w48,19,1,0,data,ok,18,18,10.2,202.7
mpp,8.0,0,ack-1f,w,2,2,0,ctl,ok,0,0,12.0,202.7
mpp,8.0,0,w48-16qam-r1/3,w48,19,1,0,data,ok,18,18,9.2,202.7
mpp,8.0,0,ack-1f,w,2,2,0,ctl,ok,0,0,12.1,202.7
mpp,8.0,0,w48-16qam-r1/3,w48,19,1,0,data,ok,18,18,8.7,202.7
mpp,8.0,0,ack-1f,w,3,3,0,ctl,ok,0,0,11.9,202.7
mpp,8.0,0,w48-16qam-r1/3,w48,19,2,1,data,ok,17,17,9.4,202.7
mpp,8.0,0,ack-1f,w,2,2,0,ctl,ok,0,0,3.3,202.7
mpp,8.0,0,w48-16qam-r1/3,w48,19,1,0,data,ok,18,17,8.3,202.7
mpp,8.0,0,ack-1f,w,3,3,0,ctl,ok,0,0,9.7,202.7
mpp,8.0,0,w48-16qam-r1/3,w48,19,2,1,data,ok,16,16,10.5,202.7
mpp,8.0,0,ack-1f,w,2,2,0,ctl,ok,0,0,9.0,202.7
mpp,8.0,0,w48-16qam-r1/3,w48,19,1,0,data,ok,18,18,10.7,202.7
mpp,8.0,0,ack-1f,w,2,2,0,ctl,ok,0,0,10.9,202.7
mpp,8.0,0,w48-16qam-r1/3,w48,19,1,0,data,ok,18,18,10.2,202.7
mpp,8.0,0,ack-1f,w,2,2,0,ctl,ok,0,0,11.2,202.7
mpp,8.0,0,w48-16qam-r1/3,w48,19,1,0,data,ok,18,18,9.5,202.7
mpp,8.0,0,ack-1f,w,2,2,0,ctl,ok,0,0,10.6,202.7
mpp,8.0,0,w48-16qam-r1/3,w48,19,1,0,data,ok,18,18,9.9,202.7
mpp,8.0,0,ack-1f,w,2,2,0,ctl,ok,0,0,12.0,202.7
mpp,8.0,0,w48-16qam-r1/3,w48,19,1,0,data,ok,18,18,10.4,202.7
mpp,8.0,0,ack-1f,w,2,2,0,ctl,ok,0,0,7.9,202.7
mpp,8.0,0,w48-16qam-r1/3,w48,19,1,0,data,ok,18,18,9.6,202.7
mpp,8.0,0,ack-1f,w,2,2,0,ctl,ok,0,0,6.9,202.7
mpp,8.0,0,w48-16qam-r1/3,w48,19,1,0,data,ok,18,18,10.7,202.7
mpp,8.0,0,ack-1f,w,2,2,0,ctl,ok,0,0,10.8,202.7
mpp,8.0,0,w48-16qam-r1/3,w48,19,1,0,data,ok,18,18,9.2,202.7
mpp,8.0,0,ack-1f,w,2,2,0,ctl,ok,0,0,14.8,202.7
mpp,8.0,0,w48-16qam-r1/3,w48,19,1,0,data,ok,18,18,9.8,202.7
mpp,8.0,0,ack-1f,w,2,2,0,ctl,ok,0,0,10.8,202.7
mpp,8.0,0,w48-16qam-r1/3,w48,19,1,0,data,ok,18,18,9.8,202.7
mpp,8.0,0,ack-1f,w,2,2,0,ctl,ok,0,0,14.1,202.7
mpp,8.0,0,w48-16qam-r1/3,w48,19,1,0,data,ok,18,18,9.3,202.7
mpp,8.0,0,ack-1f,w,2,2,0,ctl,ok,0,0,11.1,202.7
mpp,8.0,0,w48-16qam-r1/3,w48,19,1,0,data,ok,18,18,9.3,202.7
mpp,8.0,0,ack-1f,w,2,2,0,ctl,ok,0,0,15.3,202.7
mpp,8.0,0,w48-16qam-r1/3,w48,19,1,0,data,ok,18,18,9.3,202.7
mpp,8.0,0,ack-1f,w,2,2,0,ctl,ok,0,0,10.6,202.7
mpp,8.0,0,w48-16qam-r1/3,w48,19,1,0,data,ok,18,14,8.0,202.7
mpp,8.0,0,ack-1f,w,3,3,0,ctl,ok,0,0,8.6,202.7
mpp,8.0,0,w48-16qam-r1/3,w48,19,1,0,data,ok,14,14,9.3,202.7
mpp,8.0,0,ack-1f,w,2,2,0,ctl,ok,0,0,16.4,202.7
mpp,8.0,0,w48-16qam-r1/3,w48,19,1,0,data,ok,18,18,9.7,202.7
mpp,8.0,0,ack-1f,w,2,2,0,ctl,ok,0,0,10.5,202.7
mpp,8.0,0,w48-16qam-r1/3,w48,19,1,0,data,ok,18,18,9.4,202.7
mpp,8.0,0,ack-1f,w,2,2,0,ctl,ok,0,0,13.4,202.7
mpp,8.0,0,w48-16qam-r1/3,w48,19,1,0,data,ok,18,18,10.2,202.7
mpp,8.0,0,ack-1f,w,2,2,0,ctl,ok,0,0,12.0,202.7
mpp,8.0,0,w48-16qam-r1/3,w48,19,1,0,data,ok,18,18,9.0,202.7
mpp,8.0,0,ack-1f,w,2,2,0,ctl,ok,0,0,8.7,202.7
mpp,8.0,0,w48-16qam-r1/3,w48,19,1,0,data,ok,18,18,10.6,202.7
mpp,8.0,0,ack-1f,w,2,2,0,ctl,ok,0,0,8.8,202.7
mpp,8.0,0,w48-16qam-r1/3,w48,19,1,0,data,ok,18,18,10.2,202.7
mpp,8.0,0,ack-1f,w,2,2,0,ctl,ok,0,0,10.3,202.7
mpp,8.0,0,w48-16qam-r1/3,w48,19,1,0,data,ok,18,18,11.0,202.7
mpp,8.0,0,ack-1f,w,2,2,0,ctl,ok,0,0,13.6,202.7
mpp,8.0,0,w48-16qam-r1/3,w48,19,1,0,data,ok,18,18,9.4,202.7
mpp,8.0,0,ack-1f,w,2,2,0,ctl,ok,0,0,7.3,202.7
mpp,8.0,0,w48-16qam-r1/3,w48,19,1,0,data,ok,18,18,10.4,202.7
mpp,8.0,0,ack-1f,w,2,2,0,ctl,ok,0,0,13.4,202.7
mpp,8.0,0,w48-16qam-r1/3,w48,19,1,0,data,ok,18,18,10.6,202.7
mpp,8.0,0,ack-1f,w,2,2,0,ctl,ok,0,0,10.6,202.7
mpp,8.0,0,w48-16qam-r1/3,w48,19,1,0,data,ok,18,18,10.7,202.7
mpp,8.0,0,ack-1f,w,2,2,0,ctl,ok,0,0,12.3,202.7
mpp,8.0,0,w48-16qam-r1/3,w48,19,1,0,data,ok,18,18,9.9,202.7
mpp,8.0,0,ack-1f,w,2,2,0,ctl,ok,0,0,8.7,202.7
mpp,8.0,0,w48-16qam-r1/3,w48,19,1,0,data,ok,18,18,10.8,202.7
mpp,8.0,0,ack-1f,w,2,2,0,ctl,ok,0,0,6.5,202.7
mpp,8.0,0,w48-16qam-r1/3,w48,19,1,0,data,ok,18,18,10.2,202.7
mpp,8.0,0,ack-1f,w,2,2,0,ctl,ok,0,0,7.0,202.7
mpp,8.0,0,w48-16qam-r1/3,w48,19,1,0,data,ok,18,18,9.5,202.7
mpp,8.0,2,qpsk-r1/5,w,1,1,0,ctl,ok,0,0,10.6,202.7
mpp,8.0,2,qpsk-r1/5,w,1,1,0,ctl,ok,0,0,12.2,202.7
mpp,8.0,2,ack-4f,w,2,2,0,ctl,ok,0,0,8.3,202.7
mpp,8.0,2,ack-1f,w,2,2,0,ctl,ok,0,0,10.5,202.7
mpp,8.0,2,w48-qpsk-r1/2,w48,19,1,0,data,ok,18,18,9.7,202.7
mpp,8.0,2,ack-1f,w,3,3,0,ctl,ok,0,0,6.3,202.7
mpp,8.0,2,w48-16qam-r1/3,w48,19,2,1,data,ok,17,17,9.6,202.7
mpp,8.0,2,ack-1f,w,2,2,0,ctl,ok,0,0,10.0,202.7
mpp,8.0,2,w48-16qam-r1/3,w48,19,1,0,data,ok,18,18,9.0,202.7
mpp,8.0,2,ack-1f,w,2,2,0,ctl,ok,0,0,10.5,202.7
mpp,8.0,2,w48-16qam-r1/3,w48,19,1,0,data,ok,18,18,9.1,202.7
mpp,8.0,2,ack-1f,w,3,3,0,ctl,ok,0,0,9.2,202.7
mpp,8.0,2,w48-16qam-r1/3,w48,19,2,1,data,ok,17,17,8.8,202.7
mpp,8.0,2,ack-1f,w,3,3,0,ctl,ok,0,0,13.6,202.7
mpp,8.0,2,w48-16qam-r1/3,w48,19,2,1,data,ok,17,17,10.5,202.7
mpp,8.0,2,ack-1f,w,2,2,0,ctl,ok,0,0,10.9,202.7
mpp,8.0,2,w48-16qam-r1/3,w48,19,1,0,data,ok,18,18,9.9,202.7
mpp,8.0,2,ack-1f,w,2,2,0,ctl,ok,0,0,11.5,202.7
mpp,8.0,2,w48-16qam-r1/3,w48,19,1,0,data,ok,18,18,10.3,202.7
mpp,8.0,2,ack-1f,w,2,2,0,ctl,ok,0,0,6.4,202.7
mpp,8.0,2,w48-16qam-r1/3,w48,19,1,0,data,ok,18,18,9.0,202.7
mpp,8.0,2,ack-1f,w,2,2,0,ctl,ok,0,0,7.9,202.7
mpp,8.0,2,w48-16qam-r1/3,w48,19,1,0,data,ok,18,18,9.5,202.7
mpp,8.0,2,ack-1f,w,2,2,0,ctl,ok,0,0,14.6,202.7
mpp,8.0,2,w48-16qam-r1/3,w48,19,1,0,data,ok,18,18,9.0,202.7
mpp,8.0,2,ack-1f,w,2,2,0,ctl,ok,0,0,9.8,202.7
mpp,8.0,2,w48-16qam-r1/3,w48,19,1,0,data,ok,18,18,9.6,202.7
mpp,8.0,2,ack-1f,w,2,2,0,ctl,ok,0,0,13.8,202.7
mpp,8.0,2,w48-16qam-r1/3,w48,19,1,0,data,ok,18,18,11.2,202.7
mpp,8.0,2,ack-1f,w,2,2,0,ctl,ok,0,0,6.4,202.7
mpp,8.0,2,w48-16qam-r1/3,w48,19,1,0,data,ok,18,18,10.7,202.7
mpp,8.0,2,ack-1f,w,2,2,0,ctl,ok,0,0,13.4,202.7
mpp,8.0,2,w48-16qam-r1/3,w48,19,1,0,data,ok,18,18,9.1,202.7
mpp,8.0,2,ack-1f,w,2,2,0,ctl,ok,0,0,7.2,202.7
mpp,8.0,2,w48-16qam-r1/3,w48,19,1,0,data,ok,18,18,10.0,202.7
mpp,8.0,2,ack-1f,w,2,2,0,ctl,ok,0,0,13.0,202.7
mpp,8.0,2,w48-16qam-r1/3,w48,19,1,0,data,ok,18,18,10.0,202.7
mpp,8.0,2,ack-1f,w,2,2,0,ctl,ok,0,0,13.0,202.7
mpp,8.0,2,w48-16qam-r1/3,w48,19,1,0,data,ok,18,18,8.4,202.7
mpp,8.0,2,ack-1f,w,2,2,0,ctl,ok,0,0,8.3,202.7
mpp,8.0,2,w48-16qam-r1/3,w48,19,1,0,data,ok,18,18,10.9,202.7
mpp,8.0,2,ack-1f,w,2,2,0,ctl,ok,0,0,12.9,202.7
mpp,8.0,2,w48-16qam-r1/3,w48,19,1,0,data,ok,18,18,9.6,202.7
mpp,8.0,2,ack-1f,w,2,2,0,ctl,ok,0,0,16.1,202.7
mpp,8.0,2,w48-16qam-r1/3,w48,19,1,0,data,ok,18,18,10.6,202.7
mpp,8.0,2,ack-1f,w,2,2,0,ctl,ok,0,0,7.7,202.7
mpp,8.0,2,w48-16qam-r1/3,w48,19,1,0,data,ok,18,18,8.4,202.7
mpp,8.0,2,ack-1f,w,2,2,0,ctl,ok,0,0,8.2,202.7
mpp,8.0,2,w48-16qam-r1/3,w48,19,1,0,data,ok,18,18,9.6,202.7
mpp,8.0,2,ack-1f,w,2,2,0,ctl,ok,0,0,10.4,202.7
mpp,8.0,2,w48-16qam-r1/3,w48,19,1,0,data,ok,18,18,9.8,202.7
mpp,8.0,2,ack-1f,w,2,2,0,ctl,ok,0,0,13.5,202.7
mpp,8.0,2,w48-16qam-r1/3,w48,19,1,0,data,ok,18,18,10.4,202.7
mpp,8.0,2,ack-1f,w,2,2,0,ctl,ok,0,0,9.1,202.7
mpp,8.0,2,w48-16qam-r1/3,w48,19,1,0,data,ok,18,18,9.4,202.7
mpp,8.0,2,ack-1f,w,2,2,0,ctl,ok,0,0,11.7,202.7
mpp,8.0,2,w48-16qam-r1/3,w48,19,1,0,data,ok,18,18,10.5,202.7
mpp,8.0,2,ack-1f,w,2,2,0,ctl,ok,0,0,10.5,202.7
mpp,8.0,2,w48-16qam-r1/3,w48,19,1,0,data,ok,18,18,10.1,202.7
mpp,8.0,2,ack-1f,w,2,2,0,ctl,ok,0,0,13.1,202.7
mpp,8.0,2,w48-16qam-r1/3,w48,19,1,0,data,ok,18,18,10.8,202.7
mpp,8.0,2,ack-1f,w,2,2,0,ctl,ok,0,0,12.4,202.7
mpp,8.0,2,w48-16qam-r1/3,w48,19,1,0,data,ok,18,18,9.7,202.7
mpp,8.0,2,ack-1f,w,2,2,0,ctl,ok,0,0,10.9,202.7
mpp,8.0,2,w48-16qam-r1/3,w48,19,1,0,data,ok,18,18,11.0,202.7
mpp,8.0,2,ack-1f,w,2,2,0,ctl,ok,0,0,8.7,202.7
mpp,8.0,2,w48-16qam-r1/3,w48,19,1,0,data,ok,18,18,9.2,202.7
mpp,8.0,2,ack-1f,w,2,2,0,ctl,ok,0,0,9.5,202.7
mpp,8.0,2,w48-16qam-r1/3,w48,19,1,0,data,ok,18,18,10.4,202.7
mpp,8.0,2,ack-1f,w,2,2,0,ctl,ok,0,0,10.8,202.7
mpp,8.0,2,w48-16qam-r1/3,w48,19,1,0,data,ok,18,18,9.8,202.7
mpp,8.0,2,ack-1f,w,2,2,0,ctl,ok,0,0,9.5,202.7
mpp,8.0,2,w48-16qam-r1/3,w48,19,1,0,data,ok,18,18,9.3,202.7
mpp,8.0,2,ack-1f,w,2,2,0,ctl,ok,0,0,12.2,202.7
mpp,8.0,2,w48-16qam-r1/3,w48,19,1,0,data,ok,18,18,10.2,202.7
mpp,8.0,2,ack-1f,w,2,2,0,ctl,ok,0,0,12.8,202.7
mpp,8.0,2,w48-16qam-r1/3,w48,19,1,0,data,ok,18,18,10.0,202.7
mpp,8.0,2,ack-1f,w,2,2,0,ctl,ok,0,0,11.7,202.7
mpp,8.0,2,w48-16qam-r1/3,w48,19,1,0,data,ok,18,18,9.9,202.7
mpp,8.0,2,ack-1f,w,2,2,0,ctl,ok,0,0,8.5,202.7
mpp,8.0,2,w48-16qam-r1/3,w48,19,1,0,data,ok,18,18,11.4,202.7
mpp,8.0,2,ack-1f,w,2,2,0,ctl,ok,0,0,10.6,202.7
mpp,8.0,2,w48-16qam-r1/3,w48,19,1,0,data,ok,18,18,9.6,202.7
mpp,8.0,2,ack-1f,w,2,2,0,ctl,ok,0,0,11.6,202.7
mpp,8.0,2,w48-16qam-r1/3,w48,19,1,0,data,ok,18,18,8.7,202.7
mpp,8.0,2,ack-1f,w,2,2,0,ctl,ok,0,0,14.8,202.7
mpp,8.0,2,w48-16qam-r1/3,w48,19,1,0,data,ok,18,18,11.4,202.7
mpp,8.0,2,ack-1f,w,2,2,0,ctl,ok,0,0,9.5,202.7
mpp,8.0,2,w48-16qam-r1/3,w48,19,1,0,data,ok,18,18,9.8,202.7
mpp,8.0,2,ack-1f,w,2,2,0,ctl,ok,0,0,11.9,202.7
mpp,8.0,2,w48-16qam-r1/3,w48,19,1,0,data,ok,18,18,10.1,202.7
mpp,8.0,2,ack-1f,w,2,2,0,ctl,ok,0,0,13.2,202.7
mpp,8.0,2,w48-16qam-r1/3,w48,19,1,0,data,ok,18,18,8.8,202.7
mpp,8.0,4,qpsk-r1/5,w,1,1,0,ctl,ok,0,0,14.2,204.4
mpp,8.0,4,qpsk-r1/5,w,1,1,0,ctl,ok,0,0,11.2,204.4
mpp,8.0,4,ack-4f,w,2,2,0,ctl,ok,0,0,11.0,204.4
mpp,8.0,4,ack-1f,w,2,2,0,ctl,ok,0,0,14.3,204.4
mpp,8.0,4,w48-16qam-r1/3,w48,19,1,0,data,ok,18,18,10.7,204.4
mpp,8.0,4,ack-1f,w,2,2,0,ctl,ok,0,0,8.6,204.4
mpp,8.0,4,w48-16qam-r1/3,w48,19,1,0,data,ok,18,18,9.3,204.4
mpp,8.0,4,ack-1f,w,2,2,0,ctl,ok,0,0,12.0,204.4
mpp,8.0,4,w48-16qam-r1/3,w48,19,1,0,data,ok,18,18,9.3,204.4
mpp,8.0,4,ack-1f,w,2,2,0,ctl,ok,0,0,12.8,204.4
mpp,8.0,4,w48-16qam-r1/3,w48,19,1,0,data,ok,18,18,8.5,204.4
mpp,8.0,4,ack-1f,w,3,3,0,ctl,ok,0,0,6.7,204.4
mpp,8.0,4,w48-16qam-r1/3,w48,19,2,1,data,ok,17,17,10.2,204.4
mpp,8.0,4,ack-1f,w,2,2,0,ctl,ok,0,0,7.5,204.4
mpp,8.0,4,w48-16qam-r1/3,w48,19,1,0,data,ok,18,18,9.5,204.4
mpp,8.0,4,ack-1f,w,2,2,0,ctl,ok,0,0,11.5,204.4
mpp,8.0,4,w48-16qam-r1/3,w48,19,1,0,data,ok,18,18,9.6,204.4
mpp,8.0,4,ack-1f,w,2,2,0,ctl,ok,0,0,13.9,204.4
mpp,8.0,4,w48-16qam-r1/3,w48,19,1,0,data,ok,18,18,8.2,204.4
mpp,8.0,4,ack-1f,w,3,3,0,ctl,ok,0,0,15.4,204.4
mpp,8.0,4,w48-16qam-r1/3,w48,19,2,1,data,ok,17,17,9.9,204.4
mpp,8.0,4,ack-1f,w,2,2,0,ctl,ok,0,0,10.8,204.4
mpp,8.0,4,w48-16qam-r1/3,w48,19,1,0,data,ok,18,18,9.6,204.4
mpp,8.0,4,ack-1f,w,2,2,0,ctl,ok,0,0,8.1,204.4
mpp,8.0,4,w48-16qam-r1/3,w48,19,1,0,data,ok,18,18,9.6,204.4
mpp,8.0,4,ack-1f,w,2,2,0,ctl,ok,0,0,9.9,204.4
mpp,8.0,4,w48-16qam-r1/3,w48,19,1,0,data,ok,18,18,9.0,204.4
mpp,8.0,4,ack-1f,w,2,2,0,ctl,ok,0,0,9.3,204.4
mpp,8.0,4,w48-16qam-r1/3,w48,19,1,0,data,ok,18,18,10.0,204.4
mpp,8.0,4,ack-1f,w,2,2,0,ctl,ok,0,0,6.6,204.4
mpp,8.0,4,w48-16qam-r1/3,w48,19,1,0,data,ok,18,18,9.6,204.4
mpp,8.0,4,ack-1f,w,2,2,0,ctl,ok,0,0,5.9,204.4
mpp,8.0,4,w48-16qam-r1/3,w48,19,1,0,data,ok,18,18,9.4,204.4
mpp,8.0,4,ack-1f,w,2,2,0,ctl,ok,0,0,5.6,204.4
mpp,8.0,4,w48-16qam-r1/3,w48,19,1,0,data,ok,18,18,10.1,204.4
mpp,8.0,4,ack-1f,w,2,2,0,ctl,ok,0,0,8.9,204.4
mpp,8.0,4,w48-16qam-r1/3,w48,19,1,0,data,ok,18,18,10.5,204.4
mpp,8.0,4,ack-1f,w,2,2,0,ctl,ok,0,0,14.1,204.4
mpp,8.0,4,w48-16qam-r1/3,w48,19,1,0,data,ok,18,18,10.1,204.4
mpp,8.0,4,ack-1f,w,2,2,0,ctl,ok,0,0,8.6,204.4
mpp,8.0,4,w48-16qam-r1/3,w48,19,1,0,data,ok,18,18,9.7,204.4
mpp,8.0,4,ack-1f,w,2,2,0,ctl,ok,0,0,9.0,204.4
mpp,8.0,4,w48-16qam-r1/3,w48,19,1,0,data,ok,18,18,10.4,204.4
mpp,8.0,4,ack-1f,w,2,2,0,ctl,ok,0,0,12.2,204.4
mpp,8.0,4,w48-16qam-r1/3,w48,19,1,0,data,ok,18,18,8.8,204.4
mpp,8.0,4,ack-1f,w,2,2,0,ctl,ok,0,0,14.1,204.4
mpp,8.0,4,w48-16qam-r1/3,w48,19,1,0,data,ok,18,18,9.5,204.4
mpp,8.0,4,ack-1f,w,2,2,0,ctl,ok,0,0,8.9,204.4
mpp,8.0,4,w48-16qam-r1/3,w48,19,1,0,data,ok,18,18,9.8,204.4
mpp,8.0,4,ack-1f,w,2,2,0,ctl,ok,0,0,15.0,204.4
mpp,8.0,4,w48-16qam-r1/3,w48,19,1,0,data,ok,18,18,9.8,204.4
mpp,8.0,4,ack-1f,w,2,2,0,ctl,ok,0,0,10.5,204.4
mpp,8.0,4,w48-16qam-r1/3,w48,19,1,0,data,ok,18,18,9.4,204.4
mpp,8.0,4,ack-1f,w,2,2,0,ctl,ok,0,0,15.3,204.4
mpp,8.0,4,w48-16qam-r1/3,w48,19,1,0,data,ok,18,18,10.1,204.4
mpp,8.0,4,ack-1f,w,2,2,0,ctl,ok,0,0,8.0,204.4
mpp,8.0,4,w48-16qam-r1/3,w48,19,1,0,data,ok,18,18,9.7,204.4
mpp,8.0,4,ack-1f,w,2,2,0,ctl,ok,0,0,7.8,204.4
mpp,8.0,4,w48-16qam-r1/3,w48,19,1,0,data,ok,18,18,9.2,204.4
mpp,8.0,4,ack-1f,w,2,2,0,ctl,ok,0,0,13.6,204.4
mpp,8.0,4,w48-16qam-r1/3,w48,19,1,0,data,ok,18,18,10.2,204.4
mpp,8.0,4,ack-1f,w,2,2,0,ctl,ok,0,0,8.9,204.4
mpp,8.0,4,w48-16qam-r1/3,w48,19,1,0,data,ok,18,18,7.9,204.4
mpp,8.0,4,ack-1f,w,2,2,0,ctl,ok,0,0,6.3,204.4
mpp,8.0,4,w48-16qam-r1/3,w48,19,1,0,data,ok,18,18,9.6,204.4
mpp,8.0,4,ack-1f,w,2,2,0,ctl,ok,0,0,11.6,204.4
mpp,8.0,4,w48-16qam-r1/3,w48,19,1,0,data,ok,18,18,9.9,204.4
mpp,8.0,4,ack-1f,w,2,2,0,ctl,ok,0,0,7.9,204.4
mpp,8.0,4,w48-16qam-r1/3,w48,19,1,0,data,ok,18,18,8.8,204.4
mpp,8.0,4,ack-1f,w,2,2,0,ctl,ok,0,0,6.2,204.4
mpp,8.0,4,w48-16qam-r1/3,w48,19,1,0,data,ok,18,18,10.6,204.4
mpp,8.0,4,ack-1f,w,2,2,0,ctl,ok,0,0,13.9,204.4
mpp,8.0,4,w48-16qam-r1/3,w48,19,1,0,data,ok,18,18,9.8,204.4
mpp,8.0,4,ack-1f,w,2,2,0,ctl,ok,0,0,7.6,204.4
mpp,8.0,4,w48-16qam-r1/3,w48,19,1,0,data,ok,18,18,9.0,204.4
mpp,8.0,4,ack-1f,w,2,2,0,ctl,ok,0,0,10.9,204.4
mpp,8.0,4,w48-16qam-r1/3,w48,19,1,0,data,ok,18,18,11.1,204.4
mpp,8.0,4,ack-1f,w,2,2,0,ctl,ok,0,0,12.6,204.4
mpp,8.0,4,w48-16qam-r1/3,w48,19,1,0,data,ok,18,18,10.2,204.4
mpp,8.0,4,ack-1f,w,2,2,0,ctl,ok,0,0,10.3,204.4
mpp,8.0,4,w48-16qam-r1/3,w48,19,1,0,data,ok,18,18,8.8,204.4
mpp,8.0,4,ack-1f,w,2,2,0,ctl,ok,0,0,11.9,204.4
mpp,8.0,4,w48-16qam-r1/3,w48,19,1,0,data,ok,18,18,9.1,204.4
mpp,8.0,4,ack-1f,w,2,2,0,ctl,ok,0,0,13.5,204.4
mpp,8.0,4,w48-16qam-r1/3,w48,19,1,0,data,ok,18,18,10.1,204.4
mpp,8.0,4,ack-1f,w,2,2,0,ctl,ok,0,0,13.3,204.4
mpp,8.0,4,w48-16qam-r1/3,w48,19,1,0,data,ok,18,18,11.4,204.4
mpp,8.0,4,ack-1f,w,2,2,0,ctl,ok,0,0,12.9,204.4
mpp,8.0,4,w48-16qam-r1/3,w48,19,1,0,data,ok,18,18,10.4,204.4
mpp,8.0,4,ack-1f,w,2,2,0,ctl,ok,0,0,6.5,204.4
mpp,8.0,4,w48-16qam-r1/3,w48,19,1,0,data,ok,18,18,10.8,204.4
mpp,8.0,4,ack-1f,w,2,2,0,ctl,ok,0,0,13.1,204.4
mpp,8.0,4,w48-16qam-r1/3,w48,19,1,0,data,ok,18,18,10.0,204.4
mpp,0.0,10,qpsk-r1/5,w,1,1,0,ctl,ok,0,0,2.5,38.2
mpp,0.0,10,qpsk-r1/5,w,1,1,0,ctl,ok,0,0,5.2,38.2
mpp,0.0,10,ack-4f,w,3,3,0,ctl,ok,0,0,4.3,38.2
mpp,0.0,10,ack-1f,w,3,3,0,ctl,ok,0,0,2.8,38.2
mpp,0.0,10,qpsk-r1/2,w,9,2,1,data,ok,7,1,2.7,38.2
mpp,0.0,10,ack-1f,w,3,3,0,ctl,ok,0,0,5.0,38.2
mpp,0.0,10,qpsk-r1/2,w,9,2,1,data,ok,2,0,0.3,38.2
mpp,0.0,10,ack-1f,w,3,3,0,ctl,ok,0,0,5.8,38.2
mpp,0.0,10,qpsk-r1/3,w,9,2,1,data,ok,7,0,0.8,38.2
mpp,0.0,10,ack-1f,w,3,3,0,ctl,ok,0,0,3.5,38.2
mpp,0.0,10,qpsk-r1/3,w,9,2,1,data,ok,4,4,4.7,38.2
mpp,0.0,10,ack-1f,w,3,3,0,ctl,ok,0,0,4.0,38.2
mpp,0.0,10,qpsk-r1/3,w,9,2,1,data,ok,7,7,3.0,38.2
mpp,0.0,10,ack-1f,w,3,3,0,ctl,ok,0,0,6.7,38.2
mpp,0.0,10,qpsk-r1/2,w,9,2,1,data,ok,7,7,3.4,38.2
mpp,0.0,10,ack-1f,w,3,3,0,ctl,ok,0,0,7.3,38.2
mpp,0.0,10,qpsk-r1/2,w,9,2,1,data,ok,7,7,3.6,38.2
mpp,0.0,10,ack-1f,w,3,3,0,ctl,ok,0,0,2.1,38.2
mpp,0.0,10,qpsk-r1/2,w,9,2,1,data,ok,7,7,3.5,38.2
mpp,0.0,10,ack-1f,w,3,3,0,ctl,ok,0,0,4.6,38.2
mpp,0.0,10,qpsk-r1/2,w,9,2,1,data,ok,7,7,5.3,38.2
mpp,0.0,10,ack-1f,w,2,2,0,ctl,ok,0,0,4.7,38.2
mpp,0.0,10,qpsk-r1/2,w,9,1,0,data,ok,8,8,4.0,38.2
mpp,0.0,10,ack-1f,w,2,2,0,ctl,ok,0,0,2.8,38.2
mpp,0.0,10,qpsk-r1/2,w,9,1,0,data,ctl_lost,8,0,1.8,38.2
mpp,0.0,10,ack-4f,w,3,3,0,ctl,ok,0,0,2.9,38.2
mpp,0.0,10,ack-4f,w,3,3,0,ctl,ok,0,0,0.2,38.2
mpp,0.0,10,qpsk-r1/3,w,9,2,1,data,ok,7,7,2.6,38.2
mpp,0.0,10,ack-4f,w,3,3,0,ctl,ok,0,0,1.2,38.2
mpp,0.0,10,qpsk-r1/2,w,9,2,1,data,ok,7,0,1.0,38.2
mpp,0.0,10,ack-4f,w,3,3,0,ctl,ok,0,0,3.0,38.2
mpp,0.0,10,qpsk-r1/3,w,9,2,1,data,ok,7,7,3.6,38.2
mpp,0.0,10,ack-1f,w,2,2,0,ctl,ok,0,0,1.9,38.2
mpp,0.0,10,qpsk-r1/3,w,9,1,0,data,ok,8,8,2.3,38.2
mpp,0.0,10,ack-1f,w,2,2,0,ctl,ok,0,0,3.0,38.2
mpp,0.0,10,qpsk-r1/3,w,9,1,0,data,ok,8,8,4.4,38.2
mpp,0.0,10,ack-1f,w,2,2,0,ctl,ok,0,0,-1.3,38.2
mpp,0.0,10,qpsk-r1/3,w,9,1,0,data,ok,8,8,3.0,38.2
mpp,0.0,10,ack-1f,w,3,3,0,ctl,ok,0,0,-2.8,38.2
mpp,0.0,10,qpsk-r1/2,w,9,2,1,data,ok,7,7,3.4,38.2
mpp,0.0,10,ack-4f,w,3,3,0,ctl,ok,0,0,3.7,38.2
mpp,0.0,10,qpsk-r1/2,w,9,2,1,data,ok,7,0,0.8,38.2
mpp,0.0,10,ack-1f,w,2,2,0,ctl,ok,0,0,3.1,38.2
mpp,0.0,10,qpsk-r1/3,w,9,1,0,data,ok,8,8,1.9,38.2
mpp,0.0,10,ack-1f,w,3,3,0,ctl,ok,0,0,5.5,38.2
mpp,0.0,10,qpsk-r1/3,w,9,2,1,data,ok,7,7,0.8,38.2
mpp,0.0,10,ack-1f,w,3,3,0,ctl,ctl_lost,0,0,-1.6,38.2
mpp,0.0,10,ack-4f,w,3,3,0,ctl,ok,0,0,3.9,38.2
mpp,0.0,10,ack-4f,w,2,2,0,ctl,ok,0,0,4.0,38.2
mpp,0.0,10,qpsk-r1/3,w,9,1,0,data,ok,8,8,3.1,38.2
mpp,0.0,10,ack-1f,w,3,3,0,ctl,ok,0,0,6.4,38.2
mpp,0.0,10,qpsk-r1/2,w,9,2,1,data,ok,7,0,3.0,38.2
mpp,0.0,10,ack-1f,w,2,2,0,ctl,ok,0,0,1.5,38.2
mpp,0.0,10,qpsk-r1/3,w,9,1,0,data,ok,8,8,2.8,38.2
mpp,0.0,10,ack-1f,w,2,2,0,ctl,ok,0,0,-1.6,38.2
mpp,0.0,10,qpsk-r1/3,w,9,1,0,data,ok,8,8,2.5,38.2
mpp,0.0,10,ack-1f,w,2,2,0,ctl,ctl_lost,0,0,-0.4,38.2
mpp,0.0,10,ack-4f,w,3,3,0,ctl,ok,0,0,4.4,38.2
mpp,0.0,10,ack-4f,w,2,2,0,ctl,ok,0,0,6.1,38.2
mpp,0.0,10,qpsk-r1/3,w,9,1,0,data,ok,8,8,4.9,38.2
mpp,0.0,10,ack-1f,w,2,2,0,ctl,ok,0,0,3.1,38.2
mpp,0.0,10,qpsk-r1/2,w,9,1,0,data,ok,8,8,3.6,38.2
mpp,0.0,10,ack-1f,w,2,2,0,ctl,ctl_lost,0,0,-4.8,38.2
mpp,0.0,10,ack-4f,w,3,3,0,ctl,ok,0,0,1.9,38.2
mpp,0.0,10,ack-4f,w,2,2,0,ctl,ok,0,0,6.1,38.2
mpp,0.0,10,qpsk-r1/3,w,9,1,0,data,ok,8,8,4.2,38.2
mpp,0.0,10,ack-4f,w,2,2,0,ctl,ok,0,0,4.1,38.2
mpp,0.0,10,qpsk-r1/3,w,9,1,0,data,ok,8,8,3.6,38.2
mpp,0.0,10,ack-4f,w,3,3,0,ctl,ok,0,0,0.3,38.2
mpp,0.0,10,qpsk-r1/2,w,9,2,1,data,ok,7,0,1.3,38.2
mpp,0.0,10,ack-4f,w,2,2,0,ctl,ok,0,0,4.1,38.2
mpp,0.0,10,qpsk-r1/3,w,9,1,0,data,ok,8,8,3.1,38.2
mpp,0.0,10,ack-4f,w,2,2,0,ctl,ok,0,0,3.8,38.2
mpp,0.0,10,qpsk-r1/3,w,9,1,0,data,ok,8,8,2.8,38.2
mpp,0.0,10,ack-4f,w,2,2,0,ctl,ok,0,0,2.5,38.2
mpp,0.0,10,qpsk-r1/3,w,9,1,0,data,ok,8,8,2.4,38.2
mpp,0.0,10,ack-4f,w,2,2,0,ctl,ok,0,0,2.4,38.2
mpp,0.0,10,qpsk-r1/3,w,9,1,0,data,ok,8,8,3.4,38.2
mpp,0.0,10,ack-4f,w,2,2,0,ctl,ok,0,0,-0.4,38.2
mpp,0.0,10,qpsk-r1/3,w,9,1,0,data,ok,8,8,2.2,38.2
mpp,0.0,10,ack-4f,w,2,2,0,ctl,ok,0,0,5.2,38.2
mpp,0.0,10,qpsk-r1/3,w,9,1,0,data,ok,8,8,3.3,38.2
mpp,0.0,10,ack-4f,w,2,2,0,ctl,ok,0,0,5.1,38.2
mpp,0.0,10,qpsk-r1/3,w,9,1,0,data,ok,8,8,3.8,38.2
mpp,0.0,10,ack-4f,w,2,2,0,ctl,ok,0,0,1.7,38.2
mpp,0.0,10,qpsk-r1/3,w,9,1,0,data,ok,8,8,2.6,38.2
mpp,0.0,10,ack-4f,w,2,2,0,ctl,ok,0,0,-0.2,38.2
mpp,0.0,10,qpsk-r1/3,w,9,1,0,data,ok,8,8,4.1,38.2
mpp,0.0,10,ack-4f,w,2,2,0,ctl,ok,0,0,4.4,38.2
mpp,0.0,10,qpsk-r1/3,w,9,1,0,data,ok,8,8,4.3,38.2
mpp,0.0,10,ack-4f,w,2,2,0,ctl,ok,0,0,3.3,38.2
mpp,0.0,10,qpsk-r1/2,w,9,1,0,data,ctl_lost,8,0,0.4,38.2
mpp,0.0,10,ack-4f,w,3,3,0,ctl,ok,0,0,3.0,38.2
mpp,0.0,10,ack-4f,w,2,2,0,ctl,ok,0,0,4.1,38.2
mpp,0.0,10,qpsk-r1/3,w,9,1,0,data,ok,8,8,3.4,38.2
mpp,0.0,10,ack-4f,w,2,2,0,ctl,ok,0,0,3.9,38.2
mpp,0.0,10,qpsk-r1/3,w,9,1,0,data,ok,8,8,3.3,38.2
mpp,0.0,10,ack-4f,w,2,2,0,ctl,ok,0,0,0.6,38.2
mpp,8.0,1,qpsk-r1/5,w,1,1,0,ctl,ok,0,0,11.7,193.4
mpp,8.0,1,qpsk-r1/5,w,1,1,0,ctl,ok,0,0,13.4,193.4
mpp,8.0,1,ack-4f,w,2,2,0,ctl,ok,0,0,11.0,193.4
mpp,8.0,1,ack-1f,w,3,3,0,ctl,ok,0,0,16.8,193.4
mpp,8.0,1,w48-16qam-r1/3,w48,19,2,1,data,ok,17,17,9.2,193.4
mpp,8.0,1,ack-1f,w,3,3,0,ctl,ok,0,0,10.6,193.4
mpp,8.0,1,w48-16qam-r1/3,w48,19,2,1,data,ok,17,17,10.0,193.4
mpp,8.0,1,ack-1f,w,2,2,0,ctl,ok,0,0,9.6,193.4
mpp,8.0,1,w48-16qam-r1/3,w48,19,1,0,data,ok,18,18,9.6,193.4
mpp,8.0,1,ack-1f,w,2,2,0,ctl,ok,0,0,7.4,193.4
mpp,8.0,1,w48-16qam-r1/3,w48,19,1,0,data,ok,18,18,9.5,193.4
mpp,8.0,1,ack-1f,w,2,2,0,ctl,ok,0,0,7.5,193.4
mpp,8.0,1,w48-16qam-r1/3,w48,19,1,0,data,ok,18,18,9.4,193.4
mpp,8.0,1,ack-1f,w,2,2,0,ctl,ok,0,0,7.6,193.4
mpp,8.0,1,w48-16qam-r1/3,w48,19,1,0,data,ok,18,18,10.1,193.4
mpp,8.0,1,ack-1f,w,2,2,0,ctl,ok,0,0,7.4,193.4
mpp,8.0,1,w48-16qam-r1/3,w48,19,1,0,data,ok,18,18,9.8,193.4
mpp,8.0,1,ack-1f,w,2,2,0,ctl,ok,0,0,10.3,193.4
mpp,8.0,1,w48-16qam-r1/3,w48,19,1,0,data,ok,18,18,8.2,193.4
mpp,8.0,1,ack-1f,w,2,2,0,ctl,ok,0,0,9.8,193.4
mpp,8.0,1,w48-16qam-r1/3,w48,19,1,0,data,ok,18,18,8.9,193.4
mpp,8.0,1,ack-1f,w,2,2,0,ctl,ok,0,0,7.4,193.4
mpp,8.0,1,w48-16qam-r1/3,w48,19,1,0,data,ok,18,18,10.0,193.4
mpp,8.0,1,ack-1f,w,2,2,0,ctl,ok,0,0,11.0,193.4
mpp,8.0,1,w48-16qam-r1/3,w48,19,1,0,data,ok,18,18,8.7,193.4
mpp,8.0,1,ack-1f,w,2,2,0,ctl,ok,0,0,11.8,193.4
mpp,8.0,1,w48-16qam-r1/3,w48,19,1,0,data,ok,18,18,9.6,193.4
mpp,8.0,1,ack-1f,w,2,2,0,ctl,ok,0,0,9.1,193.4
mpp,8.0,1,w48-16qam-r1/3,w48,19,1,0,data,ok,18,18,9.3,193.4
mpp,8.0,1,ack-1f,w,2,2,0,ctl,ok,0,0,9.1,193.4
mpp,8.0,1,w48-16qam-r1/3,w48,19,1,0,data,ok,18,18,8.2,193.4
mpp,8.0,1,ack-1f,w,2,2,0,ctl,ok,0,0,8.6,193.4
mpp,8.0,1,w48-16qam-r1/3,w48,19,1,0,data,ok,18,18,10.9,193.4
mpp,8.0,1,ack-1f,w,2,2,0,ctl,ok,0,0,6.4,193.4
mpp,8.0,1,w48-16qam-r1/3,w48,19,1,0,data,ok,18,18,9.6,193.4
mpp,8.0,1,ack-1f,w,2,2,0,ctl,ok,0,0,14.9,193.4
mpp,8.0,1,w48-16qam-r1/3,w48,19,1,0,data,ok,18,18,10.0,193.4
mpp,8.0,1,ack-1f,w,2,2,0,ctl,ok,0,0,10.0,193.4
mpp,8.0,1,w48-16qam-r1/3,w48,19,1,0,data,ok,18,18,9.1,193.4
mpp,8.0,1,ack-1f,w,2,2,0,ctl,ok,0,0,13.8,193.4
mpp,8.0,1,w48-16qam-r1/3,w48,19,1,0,data,ok,18,18,9.3,193.4
mpp,8.0,1,ack-1f,w,2,2,0,ctl,ok,0,0,9.2,193.4
mpp,8.0,1,w48-16qam-r1/3,w48,19,1,0,data,ctl_lost,18,12,7.4,193.4
mpp,8.0,1,ack-4f,w,3,3,0,ctl,ok,0,0,13.3,193.4
mpp,8.0,1,ack-4f,w,2,2,0,ctl,ok,0,0,10.1,193.4
mpp,8.0,1,w48-16qam-r1/3,w48,19,1,0,data,ok,18,18,9.2,193.4
mpp,8.0,1,ack-1f,w,3,3,0,ctl,ok,0,0,11.3,193.4
mpp,8.0,1,w48-16qam-r1/3,w48,19,2,1,data,ok,17,17,10.0,193.4
mpp,8.0,1,ack-1f,w,2,2,0,ctl,ok,0,0,13.5,193.4
mpp,8.0,1,w48-16qam-r1/3,w48,19,1,0,data,ok,18,18,10.4,193.4
mpp,8.0,1,ack-1f,w,2,2,0,ctl,ok,0,0,9.0,193.4
mpp,8.0,1,w48-16qam-r1/3,w48,19,1,0,data,ok,18,18,9.6,193.4
mpp,8.0,1,ack-1f,w,2,2,0,ctl,ok,0,0,12.1,193.4
mpp,8.0,1,w48-16qam-r1/3,w48,19,1,0,data,ok,18,18,10.5,193.4
mpp,8.0,1,ack-1f,w,2,2,0,ctl,ok,0,0,10.8,193.4
mpp,8.0,1,w48-16qam-r1/3,w48,19,1,0,data,ok,18,18,10.5,193.4
mpp,8.0,1,ack-1f,w,2,2,0,ctl,ok,0,0,5.9,193.4
mpp,8.0,1,w48-16qam-r1/3,w48,19,1,0,data,ok,18,18,9.0,193.4
mpp,8.0,1,ack-1f,w,2,2,0,ctl,ok,0,0,9.0,193.4
mpp,8.0,1,w48-16qam-r1/3,w48,19,1,0,data,ctl_lost,18,18,8.5,193.4
mpp,8.0,1,ack-4f,w,3,3,0,ctl,ok,0,0,11.8,193.4
mpp,8.0,1,ack-4f,w,3,3,0,ctl,ok,0,0,11.6,193.4
mpp,8.0,1,w48-16qam-r1/3,w48,19,2,1,data,ok,17,17,10.0,193.4
mpp,8.0,1,ack-1f,w,2,2,0,ctl,ok,0,0,12.6,193.4
mpp,8.0,1,w48-16qam-r1/3,w48,19,1,0,data,ok,18,18,9.9,193.4
mpp,8.0,1,ack-1f,w,2,2,0,ctl,ok,0,0,9.4,193.4
mpp,8.0,1,w48-16qam-r1/3,w48,19,1,0,data,ok,18,16,7.6,193.4
mpp,8.0,1,ack-1f,w,3,3,0,ctl,ok,0,0,13.9,193.4
mpp,8.0,1,w48-16qam-r1/3,w48,19,2,1,data,ok,15,15,9.8,193.4
mpp,8.0,1,ack-1f,w,2,2,0,ctl,ok,0,0,8.2,193.4
mpp,8.0,1,w48-16qam-r1/3,w48,19,1,0,data,ok,18,18,9.9,193.4
mpp,8.0,1,ack-1f,w,2,2,0,ctl,ok,0,0,13.4,193.4
mpp,8.0,1,w48-16qam-r1/3,w48,19,1,0,data,ok,18,18,9.5,193.4
mpp,8.0,1,ack-1f,w,2,2,0,ctl,ok,0,0,7.2,193.4
mpp,8.0,1,w48-16qam-r1/3,w48,19,1,0,data,ok,18,18,9.9,193.4
mpp,8.0,1,ack-1f,w,2,2,0,ctl,ok,0,0,12.3,193.4
mpp,8.0,1,w48-16qam-r1/3,w48,19,1,0,data,ok,18,18,9.7,193.4
mpp,8.0,1,ack-1f,w,2,2,0,ctl,ok,0,0,12.8,193.4
mpp,8.0,1,w48-16qam-r1/3,w48,19,1,0,data,ok,18,18,8.6,193.4
mpp,8.0,1,ack-1f,w,3,3,0,ctl,ok,0,0,11.8,193.4
mpp,8.0,1,w48-16qam-r1/3,w48,19,2,1,data,ok,17,17,10.4,193.4
mpp,8.0,1,ack-1f,w,2,2,0,ctl,ok,0,0,6.6,193.4
mpp,8.0,1,w48-16qam-r1/3,w48,19,1,0,data,ok,18,18,8.8,193.4
mpp,8.0,1,ack-1f,w,2,2,0,ctl,ok,0,0,11.2,193.4
mpp,8.0,1,w48-16qam-r1/3,w48,19,1,0,data,ok,18,18,9.7,193.4
mpp,8.0,1,ack-1f,w,2,2,0,ctl,ok,0,0,9.4,193.4
mpp,8.0,1,w48-16qam-r1/3,w48,19,1,0,data,ok,18,18,9.6,193.4
mpp,8.0,1,ack-1f,w,2,2,0,ctl,ok,0,0,11.3,193.4
mpp,8.0,1,w48-16qam-r1/3,w48,19,1,0,data,ok,18,18,10.0,193.4
mpp,8.0,1,ack-1f,w,2,2,0,ctl,ok,0,0,7.6,193.4
mpp,8.0,1,w48-16qam-r1/3,w48,19,1,0,data,ok,18,18,9.4,193.4
mpp,8.0,1,ack-1f,w,2,2,0,ctl,ok,0,0,13.7,193.4
mpp,8.0,1,w48-16qam-r1/3,w48,19,1,0,data,ok,18,18,8.9,193.4
mpp,8.0,1,ack-1f,w,2,2,0,ctl,ok,0,0,7.9,193.4
mpp,8.0,3,qpsk-r1/5,w,1,1,0,ctl,ok,0,0,10.6,203.2
mpp,8.0,3,qpsk-r1/5,w,1,1,0,ctl,ok,0,0,9.1,203.2
mpp,8.0,3,ack-4f,w,2,2,0,ctl,ok,0,0,10.8,203.2
mpp,8.0,3,ack-1f,w,3,3,0,ctl,ok,0,0,5.9,203.2
mpp,8.0,3,w48-16qam-r1/3,w48,19,2,1,data,ok,17,17,8.5,203.2
mpp,8.0,3,ack-1f,w,3,3,0,ctl,ok,0,0,12.8,203.2
mpp,8.0,3,w48-16qam-r1/3,w48,19,2,1,data,ok,17,17,9.5,203.2
mpp,8.0,3,ack-1f,w,2,2,0,ctl,ok,0,0,13.6,203.2
mpp,8.0,3,w48-16qam-r1/3,w48,19,1,0,data,ok,18,15,7.7,203.2
mpp,8.0,3,ack-1f,w,4,4,0,ctl,ok,0,0,12.8,203.2
mpp,8.0,3,w48-16qam-r1/3,w48,19,2,1,data,ok,14,14,10.0,203.2
mpp,8.0,3,ack-1f,w,2,2,0,ctl,ok,0,0,3.9,203.2
mpp,8.0,3,w48-16qam-r1/3,w48,19,1,0,data,ok,18,18,11.0,203.2
mpp,8.0,3,ack-1f,w,2,2,0,ctl,ok,0,0,14.9,203.2
mpp,8.0,3,w48-16qam-r1/3,w48,19,1,0,data,ok,18,18,11.2,203.2
mpp,8.0,3,ack-1f,w,2,2,0,ctl,ok,0,0,11.6,203.2
mpp,8.0,3,w48-16qam-r1/3,w48,19,1,0,data,ok,18,18,9.9,203.2
mpp,8.0,3,ack-1f,w,2,2,0,ctl,ok,0,0,13.1,203.2
mpp,8.0,3,w48-16qam-r1/3,w48,19,1,0,data,ok,18,18,9.4,203.2
mpp,8.0,3,ack-1f,w,2,2,0,ctl,ok,0,0,7.3,203.2
mpp,8.0,3,w48-16qam-r1/3,w48,19,1,0,data,ok,18,18,9.3,203.2
mpp,8.0,3,ack-1f,w,2,2,0,ctl,ok,0,0,11.7,203.2
mpp,8.0,3,w48-16qam-r1/3,w48,19,1,0,data,ok,18,18,10.3,203.2
mpp,8.0,3,ack-1f,w,2,2,0,ctl,ok,0,0,9.6,203.2
mpp,8.0,3,w48-16qam-r1/3,w48,19,1,0,data,ok,18,18,9.4,203.2
mpp,8.0,3,ack-1f,w,2,2,0,ctl,ok,0,0,14.6,203.2
mpp,8.0,3,w48-16qam-r1/3,w48,19,1,0,data,ok,18,18,10.8,203.2
mpp,8.0,3,ack-1f,w,2,2,0,ctl,ok,0,0,9.7,203.2
mpp,8.0,3,w48-16qam-r1/3,w48,19,1,0,data,ok,18,18,9.8,203.2
mpp,8.0,3,ack-1f,w,2,2,0,ctl,ok,0,0,9.7,203.2
mpp,8.0,3,w48-16qam-r1/3,w48,19,1,0,data,ok,18,18,9.4,203.2
mpp,8.0,3,ack-1f,w,2,2,0,ctl,ok,0,0,13.6,203.2
mpp,8.0,3,w48-16qam-r1/3,w48,19,1,0,data,ok,18,18,10.0,203.2
mpp,8.0,3,ack-1f,w,2,2,0,ctl,ok,0,0,8.8,203.2
mpp,8.0,3,w48-16qam-r1/3,w48,19,1,0,data,ok,18,18,10.5,203.2
mpp,8.0,3,ack-1f,w,2,2,0,ctl,ok,0,0,9.1,203.2
mpp,8.0,3,w48-16qam-r1/3,w48,19,1,0,data,ok,18,18,9.5,203.2
mpp,8.0,3,ack-1f,w,2,2,0,ctl,ok,0,0,12.8,203.2
mpp,8.0,3,w48-16qam-r1/3,w48,19,1,0,data,ok,18,18,8.3,203.2
mpp,8.0,3,ack-1f,w,2,2,0,ctl,ok,0,0,10.2,203.2
mpp,8.0,3,w48-16qam-r1/3,w48,19,1,0,data,ok,18,18,9.0,203.2
mpp,8.0,3,ack-1f,w,2,2,0,ctl,ok,0,0,11.4,203.2
mpp,8.0,3,w48-16qam-r1/3,w48,19,1,0,data,ok,18,18,9.0,203.2
mpp,8.0,3,ack-1f,w,2,2,0,ctl,ok,0,0,9.8,203.2
mpp,8.0,3,w48-16qam-r1/3,w48,19,1,0,data,ok,18,18,9.3,203.2
mpp,8.0,3,ack-1f,w,2,2,0,ctl,ok,0,0,9.4,203.2
mpp,8.0,3,w48-16qam-r1/3,w48,19,1,0,data,ok,18,18,9.4,203.2
mpp,8.0,3,ack-1f,w,2,2,0,ctl,ctl_lost,0,0,0.7,203.2
mpp,8.0,3,ack-4f,w,3,3,0,ctl,ok,0,0,10.1,203.2
mpp,8.0,3,ack-4f,w,2,2,0,ctl,ok,0,0,10.9,203.2
mpp,8.0,3,w48-16qam-r1/3,w48,19,1,0,data,ok,18,18,10.4,203.2
mpp,8.0,3,ack-1f,w,2,2,0,ctl,ok,0,0,10.2,203.2
mpp,8.0,3,w48-16qam-r1/3,w48,19,1,0,data,ok,18,18,8.7,203.2
mpp,8.0,3,ack-1f,w,2,2,0,ctl,ok,0,0,13.8,203.2
mpp,8.0,3,w48-16qam-r1/3,w48,19,1,0,data,ok,18,18,9.4,203.2
mpp,8.0,3,ack-1f,w,2,2,0,ctl,ok,0,0,11.2,203.2
mpp,8.0,3,w48-16qam-r1/3,w48,19,1,0,data,ok,18,18,10.0,203.2
mpp,8.0,3,ack-1f,w,2,2,0,ctl,ok,0,0,13.1,203.2
mpp,8.0,3,w48-16qam-r1/3,w48,19,1,0,data,ok,18,18,9.4,203.2
mpp,8.0,3,ack-1f,w,2,2,0,ctl,ok,0,0,11.3,203.2
mpp,8.0,3,w48-16qam-r1/3,w48,19,1,0,data,ok,18,18,10.0,203.2
mpp,8.0,3,ack-1f,w,2,2,0,ctl,ok,0,0,9.6,203.2
mpp,8.0,3,w48-16qam-r1/3,w48,19,1,0,data,ok,18,18,8.9,203.2
mpp,8.0,3,ack-1f,w,2,2,0,ctl,ok,0,0,9.5,203.2
mpp,8.0,3,w48-16qam-r1/3,w48,19,1,0,data,ok,18,18,9.4,203.2
mpp,8.0,3,ack-1f,w,2,2,0,ctl,ok,0,0,12.9,203.2
mpp,8.0,3,w48-16qam-r1/3,w48,19,1,0,data,ok,18,18,11.4,203.2
mpp,8.0,3,ack-1f,w,2,2,0,ctl,ok,0,0,11.1,203.2
mpp,8.0,3,w48-16qam-r1/3,w48,19,1,0,data,ok,18,18,8.7,203.2
mpp,8.0,3,ack-1f,w,2,2,0,ctl,ok,0,0,11.1,203.2
mpp,8.0,3,w48-16qam-r1/3,w48,19,1,0,data,ok,18,18,10.1,203.2
mpp,8.0,3,ack-1f,w,2,2,0,ctl,ok,0,0,8.6,203.2
mpp,8.0,3,w48-16qam-r1/3,w48,19,1,0,data,ok,18,18,9.1,203.2
mpp,8.0,3,ack-1f,w,2,2,0,ctl,ok,0,0,12.3,203.2
mpp,8.0,3,w48-16qam-r1/3,w48,19,1,0,data,ok,18,18,9.7,203.2
mpp,8.0,3,ack-1f,w,2,2,0,ctl,ok,0,0,10.1,203.2
mpp,8.0,3,w48-16qam-r1/3,w48,19,1,0,data,ok,18,18,10.4,203.2
mpp,8.0,3,ack-1f,w,2,2,0,ctl,ok,0,0,9.5,203.2
mpp,8.0,3,w48-16qam-r1/3,w48,19,1,0,data,ok,18,18,9.6,203.2
mpp,8.0,3,ack-1f,w,2,2,0,ctl,ok,0,0,9.9,203.2
mpp,8.0,3,w48-16qam-r1/3,w48,19,1,0,data,ok,18,18,9.8,203.2
mpp,8.0,3,ack-1f,w,2,2,0,ctl,ok,0,0,10.6,203.2
mpp,8.0,3,w48-16qam-r1/3,w48,19,1,0,data,ok,18,18,9.8,203.2
mpp,8.0,3,ack-1f,w,2,2,0,ctl,ok,0,0,6.5,203.2
mpp,8.0,3,w48-16qam-r1/3,w48,19,1,0,data,ok,18,18,11.1,203.2
mpp,8.0,3,ack-1f,w,2,2,0,ctl,ok,0,0,9.7,203.2
mpp,8.0,3,w48-16qam-r1/3,w48,19,1,0,data,ok,18,18,10.2,203.2
mpp,8.0,3,ack-1f,w,2,2,0,ctl,ok,0,0,11.2,203.2
mpp,8.0,3,w48-16qam-r1/3,w48,19,1,0,data,ok,18,18,9.8,203.2
mpp,8.0,3,ack-1f,w,2,2,0,ctl,ok,0,0,9.3,203.2
mpp,8.0,3,w48-16qam-r1/3,w48,19,1,0,data,ok,18,18,9.5,203.2
mpp,8.0,3,ack-1f,w,2,2,0,ctl,ok,0,0,8.4,203.2
mpp,8.0,3,w48-16qam-r1/3,w48,19,1,0,data,ok,18,18,9.1,203.2
mpp,8.0,3,ack-1f,w,2,2,0,ctl,ok,0,0,6.9,203.2
mpp,8.0,3,w48-16qam-r1/3,w48,19,1,0,data,ok,18,18,9.6,203.2
mpp,8.0,5,qpsk-r1/5,w,1,1,0,ctl,ok,0,0,9.9,204.0
mpp,8.0,5,qpsk-r1/5,w,1,1,0,ctl,ok,0,0,9.4,204.0
mpp,8.0,5,ack-4f,w,2,2,0,ctl,ok,0,0,11.9,204.0
mpp,8.0,5,ack-1f,w,3,3,0,ctl,ok,0,0,11.5,204.0
mpp,8.0,5,w48-16qam-r1/3,w48,19,2,1,data,ok,17,17,11.0,204.0
mpp,8.0,5,ack-1f,w,2,2,0,ctl,ok,0,0,13.7,204.0
mpp,8.0,5,w48-16qam-r1/3,w48,19,1,0,data,ok,18,18,10.6,204.0
mpp,8.0,5,ack-1f,w,2,2,0,ctl,ok,0,0,14.5,204.0
mpp,8.0,5,w48-16qam-r1/3,w48,19,1,0,data,ok,18,18,10.0,204.0
mpp,8.0,5,ack-1f,w,2,2,0,ctl,ok,0,0,9.7,204.0
mpp,8.0,5,w48-16qam-r1/3,w48,19,1,0,data,ok,18,18,8.6,204.0
mpp,8.0,5,ack-1f,w,3,3,0,ctl,ok,0,0,10.3,204.0
mpp,8.0,5,w48-16qam-r1/3,w48,19,2,1,data,ok,17,17,10.0,204.0
mpp,8.0,5,ack-1f,w,2,2,0,ctl,ok,0,0,10.4,204.0
mpp,8.0,5,w48-16qam-r1/3,w48,19,1,0,data,ok,18,18,9.3,204.0
mpp,8.0,5,ack-1f,w,2,2,0,ctl,ok,0,0,12.2,204.0
mpp,8.0,5,w48-16qam-r1/3,w48,19,1,0,data,ok,18,18,9.6,204.0
mpp,8.0,5,ack-1f,w,2,2,0,ctl,ok,0,0,10.5,204.0
mpp,8.0,5,w48-16qam-r1/3,w48,19,1,0,data,ok,18,18,8.4,204.0
mpp,8.0,5,ack-1f,w,3,3,0,ctl,ok,0,0,11.3,204.0
mpp,8.0,5,w48-16qam-r1/3,w48,19,2,1,data,ok,17,17,9.8,204.0
mpp,8.0,5,ack-1f,w,2,2,0,ctl,ok,0,0,8.2,204.0
mpp,8.0,5,w48-16qam-r1/3,w48,19,1,0,data,ok,18,18,10.0,204.0
mpp,8.0,5,ack-1f,w,2,2,0,ctl,ok,0,0,6.9,204.0
mpp,8.0,5,w48-16qam-r1/3,w48,19,1,0,data,ok,18,18,10.2,204.0
mpp,8.0,5,ack-1f,w,2,2,0,ctl,ok,0,0,11.4,204.0
mpp,8.0,5,w48-16qam-r1/3,w48,19,1,0,data,ok,18,18,9.5,204.0
mpp,8.0,5,ack-1f,w,2,2,0,ctl,ok,0,0,9.8,204.0
mpp,8.0,5,w48-16qam-r1/3,w48,19,1,0,data,ok,18,18,9.1,204.0
mpp,8.0,5,ack-1f,w,2,2,0,ctl,ok,0,0,5.5,204.0
mpp,8.0,5,w48-16qam-r1/3,w48,19,1,0,data,ok,18,18,8.7,204.0
mpp,8.0,5,ack-1f,w,2,2,0,ctl,ok,0,0,9.0,204.0
mpp,8.0,5,w48-16qam-r1/3,w48,19,1,0,data,ok,18,18,9.6,204.0
mpp,8.0,5,ack-1f,w,2,2,0,ctl,ok,0,0,15.5,204.0
mpp,8.0,5,w48-16qam-r1/3,w48,19,1,0,data,ok,18,18,9.6,204.0
mpp,8.0,5,ack-1f,w,2,2,0,ctl,ok,0,0,7.2,204.0
mpp,8.0,5,w48-16qam-r1/3,w48,19,1,0,data,ok,18,18,9.9,204.0
mpp,8.0,5,ack-1f,w,2,2,0,ctl,ok,0,0,15.3,204.0
mpp,8.0,5,w48-16qam-r1/3,w48,19,1,0,data,ok,18,18,10.3,204.0
mpp,8.0,5,ack-1f,w,2,2,0,ctl,ok,0,0,8.4,204.0
mpp,8.0,5,w48-16qam-r1/3,w48,19,1,0,data,ok,18,18,10.6,204.0
mpp,8.0,5,ack-1f,w,2,2,0,ctl,ok,0,0,3.8,204.0
mpp,8.0,5,w48-16qam-r1/3,w48,19,1,0,data,ok,18,18,8.5,204.0
mpp,8.0,5,ack-1f,w,2,2,0,ctl,ok,0,0,4.3,204.0
mpp,8.0,5,w48-16qam-r1/3,w48,19,1,0,data,ok,18,18,9.5,204.0
mpp,8.0,5,ack-1f,w,2,2,0,ctl,ok,0,0,9.8,204.0
mpp,8.0,5,w48-16qam-r1/3,w48,19,1,0,data,ok,18,18,10.3,204.0
mpp,8.0,5,ack-1f,w,2,2,0,ctl,ok,0,0,15.1,204.0
mpp,8.0,5,w48-16qam-r1/3,w48,19,1,0,data,ok,18,18,10.6,204.0
mpp,8.0,5,ack-1f,w,2,2,0,ctl,ok,0,0,5.7,204.0
mpp,8.0,5,w48-16qam-r1/3,w48,19,1,0,data,ok,18,18,9.7,204.0
mpp,8.0,5,ack-1f,w,2,2,0,ctl,ok,0,0,11.5,204.0
mpp,8.0,5,w48-16qam-r1/3,w48,19,1,0,data,ok,18,18,8.7,204.0
mpp,8.0,5,ack-1f,w,2,2,0,ctl,ok,0,0,11.2,204.0
mpp,8.0,5,w48-16qam-r1/3,w48,19,1,0,data,ok,18,18,9.0,204.0
mpp,8.0,5,ack-1f,w,2,2,0,ctl,ok,0,0,10.3,204.0
mpp,8.0,5,w48-16qam-r1/3,w48,19,1,0,data,ok,18,18,10.1,204.0
mpp,8.0,5,ack-1f,w,2,2,0,ctl,ok,0,0,14.0,204.0
mpp,8.0,5,w48-16qam-r1/3,w48,19,1,0,data,ok,18,18,10.7,204.0
mpp,8.0,5,ack-1f,w,2,2,0,ctl,ok,0,0,13.4,204.0
mpp,8.0,5,w48-16qam-r1/3,w48,19,1,0,data,ok,18,18,9.4,204.0
mpp,8.0,5,ack-1f,w,2,2,0,ctl,ok,0,0,8.3,204.0
mpp,8.0,5,w48-16qam-r1/3,w48,19,1,0,data,ok,18,18,10.2,204.0
mpp,8.0,5,ack-1f,w,2,2,0,ctl,ok,0,0,10.7,204.0
mpp,8.0,5,w48-16qam-r1/3,w48,19,1,0,data,ok,18,18,10.0,204.0
mpp,8.0,5,ack-1f,w,2,2,0,ctl,ok,0,0,8.1,204.0
mpp,8.0,5,w48-16qam-r1/3,w48,19,1,0,data,ok,18,18,9.2,204.0
mpp,8.0,5,ack-1f,w,2,2,0,ctl,ok,0,0,10.4,204.0
mpp,8.0,5,w48-16qam-r1/3,w48,19,1,0,data,ok,18,18,9.1,204.0
mpp,8.0,5,ack-1f,w,2,2,0,ctl,ok,0,0,9.0,204.0
mpp,8.0,5,w48-16qam-r1/3,w48,19,1,0,data,ok,18,18,10.3,204.0
mpp,8.0,5,ack-1f,w,2,2,0,ctl,ok,0,0,10.3,204.0
mpp,8.0,5,w48-16qam-r1/3,w48,19,1,0,data,ok,18,18,9.4,204.0
mpp,8.0,5,ack-1f,w,2,2,0,ctl,ok,0,0,7.0,204.0
mpp,8.0,5,w48-16qam-r1/3,w48,19,1,0,data,ok,18,18,9.6,204.0
mpp,8.0,5,ack-1f,w,2,2,0,ctl,ok,0,0,7.4,204.0
mpp,8.0,5,w48-16qam-r1/3,w48,19,1,0,data,ok,18,18,10.7,204.0
mpp,8.0,5,ack-1f,w,2,2,0,ctl,ok,0,0,13.0,204.0
mpp,8.0,5,w48-16qam-r1/3,w48,19,1,0,data,ok,18,18,8.4,204.0
mpp,8.0,5,ack-1f,w,2,2,0,ctl,ok,0,0,9.9,204.0
mpp,8.0,5,w48-16qam-r1/3,w48,19,1,0,data,ok,18,18,8.6,204.0
mpp,8.0,5,ack-1f,w,2,2,0,ctl,ok,0,0,11.1,204.0
mpp,8.0,5,w48-16qam-r1/3,w48,19,1,0,data,ok,18,18,8.8,204.0
mpp,8.0,5,ack-1f,w,2,2,0,ctl,ok,0,0,12.2,204.0
mpp,8.0,5,w48-16qam-r1/3,w48,19,1,0,data,ok,18,18,9.7,204.0
mpp,8.0,5,ack-1f,w,2,2,0,ctl,ok,0,0,10.0,204.0
mpp,8.0,5,w48-16qam-r1/3,w48,19,1,0,data,ok,18,18,9.8,204.0
mpp,8.0,5,ack-1f,w,2,2,0,ctl,ok,0,0,11.8,204.0
mpp,8.0,5,w48-16qam-r1/3,w48,19,1,0,data,ok,18,18,9.8,204.0
mpp,8.0,5,ack-1f,w,2,2,0,ctl,ok,0,0,14.6,204.0
mpp,8.0,5,w48-16qam-r1/3,w48,19,1,0,data,ok,18,18,9.5,204.0
mpp,8.0,5,ack-1f,w,2,2,0,ctl,ok,0,0,13.2,204.0
mpp,8.0,5,w48-16qam-r1/3,w48,19,1,0,data,ok,18,18,9.1,204.0
mpp,0.0,9,qpsk-r1/5,w,1,1,0,ctl,ok,0,0,1.5,44.6
mpp,0.0,9,qpsk-r1/5,w,1,1,0,ctl,ok,0,0,1.0,44.6
mpp,0.0,9,ack-4f,w,3,3,0,ctl,ok,0,0,2.8,44.6
mpp,0.0,9,ack-4f,w,3,3,0,ctl,ok,0,0,2.1,44.6
mpp,0.0,9,qpsk-r1/2,w,9,2,1,data,ok,7,3,2.6,44.6
mpp,0.0,9,ack-4f,w,3,3,0,ctl,ok,0,0,1.8,44.6
mpp,0.0,9,qpsk-r1/2,w,9,2,1,data,ok,4,0,2.1,44.6
mpp,0.0,9,ack-4f,w,3,3,0,ctl,ok,0,0,4.5,44.6
mpp,0.0,9,qpsk-r1/2,w,9,2,1,data,ok,3,3,4.5,44.6
mpp,0.0,9,ack-1f,w,3,3,0,ctl,ok,0,0,1.6,44.6
mpp,0.0,9,qpsk-r1/2,w,9,2,1,data,ok,7,7,3.5,44.6
mpp,0.0,9,ack-1f,w,2,2,0,ctl,ok,0,0,6.6,44.6
mpp,0.0,9,qpsk-r1/2,w,9,1,0,data,ok,8,8,3.8,44.6
mpp,0.0,9,ack-1f,w,2,2,0,ctl,ok,0,0,3.5,44.6
mpp,0.0,9,qpsk-r1/2,w,9,1,0,data,ok,8,8,4.0,44.6
mpp,0.0,9,ack-1f,w,2,2,0,ctl,ok,0,0,2.5,44.6
mpp,0.0,9,qpsk-r1/2,w,9,1,0,data,ctl_lost,8,0,1.2,44.6
mpp,0.0,9,ack-4f,w,3,3,0,ctl,ok,0,0,2.6,44.6
mpp,0.0,9,ack-4f,w,2,2,0,ctl,ok,0,0,2.3,44.6
mpp,0.0,9,qpsk-r1/5,w,9,1,0,data,ok,8,8,3.4,44.6
mpp,0.0,9,ack-1f,w,3,3,0,ctl,ok,0,0,2.6,44.6
mpp,0.0,9,qpsk-r1/2,w,9,2,1,data,ok,7,7,4.6,44.6
mpp,0.0,9,ack-1f,w,3,3,0,ctl,ok,0,0,4.8,44.6
mpp,0.0,9,qpsk-r1/2,w,9,2,1,data,ok,7,3,3.2,44.6
mpp,0.0,9,ack-1f,w,3,3,0,ctl,ok,0,0,2.7,44.6
mpp,0.0,9,qpsk-r1/2,w,9,2,1,data,ok,3,3,2.4,44.6
mpp,0.0,9,ack-1f,w,3,3,0,ctl,ok,0,0,4.9,44.6
mpp,0.0,9,qpsk-r1/2,w,9,2,1,data,ok,7,7,4.1,44.6
mpp,0.0,9,ack-1f,w,3,3,0,ctl,ok,0,0,4.4,44.6
mpp,0.0,9,qpsk-r1/2,w,9,2,1,data,ok,7,7,3.7,44.6
mpp,0.0,9,ack-1f,w,2,2,0,ctl,ok,0,0,-2.5,44.6
mpp,0.0,9,qpsk-r1/2,w,9,1,0,data,ctl_lost,8,0,0.9,44.6
mpp,0.0,9,ack-4f,w,3,3,0,ctl,ok,0,0,5.5,44.6
mpp,0.0,9,ack-4f,w,3,3,0,ctl,ok,0,0,2.3,44.6
mpp,0.0,9,qpsk-r1/2,w,9,2,1,data,ok,7,7,3.7,44.6
mpp,0.0,9,ack-4f,w,3,3,0,ctl,ok,0,0,2.0,44.6
mpp,0.0,9,qpsk-r1/2,w,9,2,1,data,ok,7,7,3.8,44.6
mpp,0.0,9,ack-1f,w,3,3,0,ctl,ok,0,0,4.6,44.6
mpp,0.0,9,qpsk-r1/2,w,9,2,1,data,ok,7,3,2.7,44.6
mpp,0.0,9,ack-1f,w,3,3,0,ctl,ok,0,0,2.3,44.6
mpp,0.0,9,qpsk-r1/2,w,9,2,1,data,ok,4,4,3.8,44.6
mpp,0.0,9,ack-1f,w,3,3,0,ctl,ok,0,0,5.8,44.6
mpp,0.0,9,qpsk-r1/2,w,9,2,1,data,ok,7,7,4.4,44.6
mpp,0.0,9,ack-1f,w,2,2,0,ctl,ok,0,0,3.9,44.6
mpp,0.0,9,qpsk-r1/2,w,9,1,0,data,ctl_lost,8,6,2.9,44.6
mpp,0.0,9,ack-4f,w,3,3,0,ctl,ok,0,0,5.1,44.6
mpp,0.0,9,ack-4f,w,3,3,0,ctl,ok,0,0,4.4,44.6
mpp,0.0,9,qpsk-r1/2,w,9,2,1,data,ok,7,0,0.7,44.6
mpp,0.0,9,ack-1f,w,3,3,0,ctl,ok,0,0,4.5,44.6
mpp,0.0,9,qpsk-r1/2,w,9,2,1,data,ok,0,0,3.3,44.6
mpp,0.0,9,ack-1f,w,3,3,0,ctl,ok,0,0,6.9,44.6
mpp,0.0,9,qpsk-r1/2,w,9,2,1,data,ok,7,4,2.6,44.6
mpp,0.0,9,ack-1f,w,3,3,0,ctl,ok,0,0,2.1,44.6
mpp,0.0,9,qpsk-r1/2,w,9,2,1,data,ok,4,0,0.8,44.6
mpp,0.0,9,ack-1f,w,3,3,0,ctl,ok,0,0,6.8,44.6
mpp,0.0,9,qpsk-r1/2,w,9,2,1,data,ok,3,0,2.9,44.6
mpp,0.0,9,ack-1f,w,3,3,0,ctl,ok,0,0,5.3,44.6
mpp,0.0,9,qpsk-r1/2,w,9,2,1,data,ok,6,6,2.7,44.6
mpp,0.0,9,ack-1f,w,3,3,0,ctl,ok,0,0,3.2,44.6
mpp,0.0,9,qpsk-r1/2,w,9,2,1,data,ok,7,7,4.2,44.6
mpp,0.0,9,ack-1f,w,2,2,0,ctl,ok,0,0,3.8,44.6
mpp,0.0,9,qpsk-r1/2,w,9,1,0,data,ctl_lost,8,2,2.3,44.6
mpp,0.0,9,ack-4f,w,3,3,0,ctl,ok,0,0,1.0,44.6
mpp,0.0,9,ack-4f,w,3,3,0,ctl,ok,0,0,4.2,44.6
mpp,0.0,9,qpsk-r1/2,w,9,2,1,data,ok,7,7,3.4,44.6
mpp,0.0,9,ack-1f,w,3,3,0,ctl,ok,0,0,0.3,44.6
mpp,0.0,9,qpsk-r1/2,w,9,2,1,data,ok,7,7,3.9,44.6
mpp,0.0,9,ack-1f,w,2,2,0,ctl,ok,0,0,-1.3,44.6
mpp,0.0,9,qpsk-r1/2,w,9,1,0,data,ok,8,7,3.1,44.6
mpp,0.0,9,ack-1f,w,3,3,0,ctl,ok,0,0,1.2,44.6
mpp,0.0,9,qpsk-r1/2,w,9,1,0,data,ok,7,7,4.0,44.6
mpp,0.0,9,ack-1f,w,2,2,0,ctl,ok,0,0,1.4,44.6
mpp,0.0,9,qpsk-r1/2,w,9,1,0,data,ctl_lost,8,0,0.6,44.6
mpp,0.0,9,ack-4f,w,3,3,0,ctl,ok,0,0,3.7,44.6
mpp,0.0,9,ack-4f,w,3,3,0,ctl,ok,0,0,4.6,44.6
mpp,0.0,9,qpsk-r1/2,w,9,2,1,data,ok,7,5,2.8,44.6
mpp,0.0,9,ack-1f,w,3,3,0,ctl,ok,0,0,6.1,44.6
mpp,0.0,9,qpsk-r1/2,w,9,2,1,data,ok,5,5,4.0,44.6
mpp,0.0,9,ack-1f,w,3,3,0,ctl,ok,0,0,4.0,44.6
mpp,0.0,9,qpsk-r1/2,w,9,2,1,data,ok,7,0,0.7,44.6
mpp,0.0,9,ack-1f,w,3,3,0,ctl,ok,0,0,0.8,44.6
mpp,0.0,9,qpsk-r1/2,w,9,2,1,data,ok,0,0,3.5,44.6
mpp,0.0,9,ack-1f,w,3,3,0,ctl,ok,0,0,3.5,44.6
mpp,0.0,9,qpsk-r1/2,w,9,2,1,data,ok,7,7,4.0,44.6
mpp,0.0,9,ack-1f,w,2,2,0,ctl,ok,0,0,3.3,44.6
mpp,0.0,9,qpsk-r1/2,w,9,1,0,data,ok,8,8,3.7,44.6
mpp,0.0,9,ack-1f,w,2,2,0,ctl,ok,0,0,1.9,44.6
mpp,0.0,9,qpsk-r1/2,w,9,1,0,data,ok,8,8,4.9,44.6
mpp,0.0,9,ack-1f,w,2,2,0,ctl,ok,0,0,2.4,44.6
mpp,0.0,9,qpsk-r1/2,w,9,1,0,data,ok,8,8,3.2,44.6
mpp,0.0,9,ack-1f,w,2,2,0,ctl,ok,0,0,6.4,44.6
mpp,0.0,9,qpsk-r1/2,w,9,1,0,data,ok,8,8,4.2,44.6
mpp,0.0,9,ack-1f,w,2,2,0,ctl,ok,0,0,2.4,44.6
mpp,0.0,9,qpsk-r1/2,w,9,1,0,data,ok,8,8,3.7,44.6
mpp,0.0,9,ack-1f,w,2,2,0,ctl,ok,0,0,2.6,44.6
mpp,0.0,9,qpsk-r1/2,w,9,1,0,data,ok,8,8,3.0,44.6
mpp,8.0,6,qpsk-r1/5,w,1,1,0,ctl,ok,0,0,12.4,202.7
mpp,8.0,6,qpsk-r1/5,w,1,1,0,ctl,ok,0,0,12.7,202.7
mpp,8.0,6,ack-4f,w,2,2,0,ctl,ok,0,0,8.5,202.7
mpp,8.0,6,ack-1f,w,2,2,0,ctl,ok,0,0,9.0,202.7
mpp,8.0,6,w48-qpsk-r1/2,w48,19,1,0,data,ok,18,18,9.9,202.7
mpp,8.0,6,ack-1f,w,3,3,0,ctl,ok,0,0,9.6,202.7
mpp,8.0,6,w48-16qam-r1/3,w48,19,2,1,data,ok,17,17,10.6,202.7
mpp,8.0,6,ack-1f,w,2,2,0,ctl,ok,0,0,7.1,202.7
mpp,8.0,6,w48-16qam-r1/3,w48,19,1,0,data,ok,18,18,9.9,202.7
mpp,8.0,6,ack-1f,w,2,2,0,ctl,ok,0,0,6.6,202.7
mpp,8.0,6,w48-16qam-r1/3,w48,19,1,0,data,ok,18,18,8.8,202.7
mpp,8.0,6,ack-1f,w,3,3,0,ctl,ok,0,0,14.9,202.7
mpp,8.0,6,w48-16qam-r1/3,w48,19,2,1,data,ok,17,17,9.5,202.7
mpp,8.0,6,ack-1f,w,2,2,0,ctl,ok,0,0,8.5,202.7
mpp,8.0,6,w48-16qam-r1/3,w48,19,1,0,data,ok,18,18,9.0,202.7
mpp,8.0,6,ack-1f,w,2,2,0,ctl,ok,0,0,13.0,202.7
mpp,8.0,6,w48-16qam-r1/3,w48,19,1,0,data,ok,18,18,9.1,202.7
mpp,8.0,6,ack-1f,w,2,2,0,ctl,ok,0,0,12.0,202.7
mpp,8.0,6,w48-16qam-r1/3,w48,19,1,0,data,ok,18,18,9.6,202.7
mpp,8.0,6,ack-1f,w,2,2,0,ctl,ok,0,0,9.2,202.7
mpp,8.0,6,w48-16qam-r1/3,w48,19,1,0,data,ok,18,18,10.6,202.7
mpp,8.0,6,ack-1f,w,2,2,0,ctl,ok,0,0,6.8,202.7
mpp,8.0,6,w48-16qam-r1/3,w48,19,1,0,data,ok,18,18,9.7,202.7
mpp,8.0,6,ack-1f,w,2,2,0,ctl,ok,0,0,10.2,202.7
mpp,8.0,6,w48-16qam-r1/3,w48,19,1,0,data,ok,18,18,11.2,202.7
mpp,8.0,6,ack-1f,w,2,2,0,ctl,ok,0,0,13.5,202.7
mpp,8.0,6,w48-16qam-r1/3,w48,19,1,0,data,ok,18,18,10.4,202.7
mpp,8.0,6,ack-1f,w,2,2,0,ctl,ok,0,0,11.0,202.7
mpp,8.0,6,w48-16qam-r1/3,w48,19,1,0,data,ok,18,18,10.4,202.7
mpp,8.0,6,ack-1f,w,2,2,0,ctl,ok,0,0,7.1,202.7
mpp,8.0,6,w48-16qam-r1/3,w48,19,1,0,data,ok,18,18,11.1,202.7
mpp,8.0,6,ack-1f,w,2,2,0,ctl,ok,0,0,14.5,202.7
mpp,8.0,6,w48-16qam-r1/3,w48,19,1,0,data,ok,18,18,11.3,202.7
mpp,8.0,6,ack-1f,w,2,2,0,ctl,ok,0,0,7.3,202.7
mpp,8.0,6,w48-16qam-r1/3,w48,19,1,0,data,ok,18,18,9.1,202.7
mpp,8.0,6,ack-1f,w,2,2,0,ctl,ok,0,0,8.9,202.7
mpp,8.0,6,w48-16qam-r1/3,w48,19,1,0,data,ok,18,18,10.1,202.7
mpp,8.0,6,ack-1f,w,2,2,0,ctl,ok,0,0,11.6,202.7
mpp,8.0,6,w48-16qam-r1/3,w48,19,1,0,data,ok,18,18,10.2,202.7
mpp,8.0,6,ack-1f,w,2,2,0,ctl,ok,0,0,9.7,202.7
mpp,8.0,6,w48-16qam-r1/3,w48,19,1,0,data,ok,18,18,9.3,202.7
mpp,8.0,6,ack-1f,w,2,2,0,ctl,ok,0,0,12.9,202.7
mpp,8.0,6,w48-16qam-r1/3,w48,19,1,0,data,ok,18,18,9.0,202.7
mpp,8.0,6,ack-1f,w,2,2,0,ctl,ok,0,0,11.3,202.7
mpp,8.0,6,w48-16qam-r1/3,w48,19,1,0,data,ok,18,18,9.3,202.7
mpp,8.0,6,ack-1f,w,2,2,0,ctl,ok,0,0,8.4,202.7
mpp,8.0,6,w48-16qam-r1/3,w48,19,1,0,data,ok,18,17,7.6,202.7
mpp,8.0,6,ack-1f,w,4,4,0,ctl,ok,0,0,9.2,202.7
mpp,8.0,6,w48-16qam-r1/3,w48,19,2,1,data,ok,16,16,9.9,202.7
mpp,8.0,6,ack-1f,w,2,2,0,ctl,ok,0,0,11.5,202.7
mpp,8.0,6,w48-16qam-r1/3,w48,19,1,0,data,ok,18,18,10.4,202.7
mpp,8.0,6,ack-1f,w,2,2,0,ctl,ok,0,0,8.1,202.7
mpp,8.0,6,w48-16qam-r1/3,w48,19,1,0,data,ok,18,18,8.5,202.7
mpp,8.0,6,ack-1f,w,2,2,0,ctl,ok,0,0,7.7,202.7
mpp,8.0,6,w48-16qam-r1/3,w48,19,1,0,data,ok,18,18,9.5,202.7
mpp,8.0,6,ack-1f,w,2,2,0,ctl,ok,0,0,9.4,202.7
mpp,8.0,6,w48-16qam-r1/3,w48,19,1,0,data,ok,18,18,9.6,202.7
mpp,8.0,6,ack-1f,w,2,2,0,ctl,ok,0,0,11.8,202.7
mpp,8.0,6,w48-16qam-r1/3,w48,19,1,0,data,ok,18,18,10.2,202.7
mpp,8.0,6,ack-1f,w,2,2,0,ctl,ok,0,0,10.5,202.7
mpp,8.0,6,w48-16qam-r1/3,w48,19,1,0,data,ok,18,18,9.0,202.7
mpp,8.0,6,ack-1f,w,2,2,0,ctl,ok,0,0,8.9,202.7
mpp,8.0,6,w48-16qam-r1/3,w48,19,1,0,data,ok,18,18,10.1,202.7
mpp,8.0,6,ack-1f,w,2,2,0,ctl,ok,0,0,7.2,202.7
mpp,8.0,6,w48-16qam-r1/3,w48,19,1,0,data,ok,18,18,10.0,202.7
mpp,8.0,6,ack-1f,w,2,2,0,ctl,ok,0,0,15.0,202.7
mpp,8.0,6,w48-16qam-r1/3,w48,19,1,0,data,ok,18,18,9.4,202.7
mpp,8.0,6,ack-1f,w,2,2,0,ctl,ok,0,0,12.6,202.7
mpp,8.0,6,w48-16qam-r1/3,w48,19,1,0,data,ok,18,18,10.0,202.7
mpp,8.0,6,ack-1f,w,2,2,0,ctl,ok,0,0,11.1,202.7
mpp,8.0,6,w48-16qam-r1/3,w48,19,1,0,data,ok,18,18,9.3,202.7
mpp,8.0,6,ack-1f,w,2,2,0,ctl,ok,0,0,9.7,202.7
mpp,8.0,6,w48-16qam-r1/3,w48,19,1,0,data,ok,18,18,9.9,202.7
mpp,8.0,6,ack-1f,w,2,2,0,ctl,ok,0,0,12.5,202.7
mpp,8.0,6,w48-16qam-r1/3,w48,19,1,0,data,ok,18,18,8.8,202.7
mpp,8.0,6,ack-1f,w,2,2,0,ctl,ok,0,0,10.8,202.7
mpp,8.0,6,w48-16qam-r1/3,w48,19,1,0,data,ok,18,18,10.1,202.7
mpp,8.0,6,ack-1f,w,2,2,0,ctl,ok,0,0,15.3,202.7
mpp,8.0,6,w48-16qam-r1/3,w48,19,1,0,data,ok,18,18,10.0,202.7
mpp,8.0,6,ack-1f,w,2,2,0,ctl,ok,0,0,13.3,202.7
mpp,8.0,6,w48-16qam-r1/3,w48,19,1,0,data,ok,18,18,10.1,202.7
mpp,8.0,6,ack-1f,w,2,2,0,ctl,ok,0,0,9.8,202.7
mpp,8.0,6,w48-16qam-r1/3,w48,19,1,0,data,ok,18,18,9.2,202.7
mpp,8.0,6,ack-1f,w,2,2,0,ctl,ok,0,0,10.1,202.7
mpp,8.0,6,w48-16qam-r1/3,w48,19,1,0,data,ok,18,18,10.5,202.7
mpp,8.0,6,ack-1f,w,2,2,0,ctl,ok,0,0,10.3,202.7
mpp,8.0,6,w48-16qam-r1/3,w48,19,1,0,data,ok,18,18,10.0,202.7
mpp,8.0,6,ack-1f,w,2,2,0,ctl,ok,0,0,11.3,202.7
mpp,8.0,6,w48-16qam-r1/3,w48,19,1,0,data,ok,18,18,9.8,202.7
mpp,8.0,6,ack-1f,w,2,2,0,ctl,ok,0,0,11.6,202.7
mpp,8.0,6,w48-16qam-r1/3,w48,19,1,0,data,ok,18,18,8.9,202.7
mpp,8.0,6,ack-1f,w,2,2,0,ctl,ok,0,0,6.1,202.7
mpp,8.0,6,w48-16qam-r1/3,w48,19,1,0,data,ok,18,18,9.4,202.7
mpp,8.0,7,qpsk-r1/5,w,1,1,0,ctl,ok,0,0,10.4,204.4
mpp,8.0,7,qpsk-r1/5,w,1,1,0,ctl,ok,0,0,11.2,204.4
mpp,8.0,7,ack-4f,w,2,2,0,ctl,ok,0,0,10.9,204.4
mpp,8.0,7,ack-1f,w,3,3,0,ctl,ok,0,0,14.5,204.4
mpp,8.0,7,w48-16qam-r1/3,w48,19,2,1,data,ok,17,17,10.0,204.4
mpp,8.0,7,ack-1f,w,2,2,0,ctl,ok,0,0,10.1,204.4
mpp,8.0,7,w48-16qam-r1/3,w48,19,1,0,data,ok,18,18,10.2,204.4
mpp,8.0,7,ack-1f,w,2,2,0,ctl,ok,0,0,10.2,204.4
mpp,8.0,7,w48-16qam-r1/3,w48,19,1,0,data,ok,18,18,10.1,204.4
mpp,8.0,7,ack-1f,w,2,2,0,ctl,ok,0,0,12.1,204.4
mpp,8.0,7,w48-16qam-r1/3,w48,19,1,0,data,ok,18,18,10.7,204.4
mpp,8.0,7,ack-1f,w,2,2,0,ctl,ok,0,0,6.8,204.4
mpp,8.0,7,w48-16qam-r1/3,w48,19,1,0,data,ok,18,18,9.8,204.4
mpp,8.0,7,ack-1f,w,2,2,0,ctl,ok,0,0,7.8,204.4
mpp,8.0,7,w48-16qam-r1/3,w48,19,1,0,data,ok,18,18,10.8,204.4
mpp,8.0,7,ack-1f,w,2,2,0,ctl,ok,0,0,10.9,204.4
mpp,8.0,7,w48-16qam-r1/3,w48,19,1,0,data,ok,18,18,9.5,204.4
mpp,8.0,7,ack-1f,w,2,2,0,ctl,ok,0,0,14.6,204.4
mpp,8.0,7,w48-16qam-r1/3,w48,19,1,0,data,ok,18,18,8.8,204.4
mpp,8.0,7,ack-1f,w,3,3,0,ctl,ok,0,0,12.1,204.4
mpp,8.0,7,w48-16qam-r1/3,w48,19,2,1,data,ok,17,17,10.5,204.4
mpp,8.0,7,ack-1f,w,2,2,0,ctl,ok,0,0,9.1,204.4
mpp,8.0,7,w48-16qam-r1/3,w48,19,1,0,data,ok,18,18,10.0,204.4
mpp,8.0,7,ack-1f,w,2,2,0,ctl,ok,0,0,6.5,204.4
mpp,8.0,7,w48-16qam-r1/3,w48,19,1,0,data,ok,18,18,9.8,204.4
mpp,8.0,7,ack-1f,w,2,2,0,ctl,ok,0,0,11.5,204.4
mpp,8.0,7,w48-16qam-r1/3,w48,19,1,0,data,ok,18,18,9.1,204.4
mpp,8.0,7,ack-1f,w,2,2,0,ctl,ok,0,0,6.2,204.4
mpp,8.0,7,w48-16qam-r1/3,w48,19,1,0,data,ok,18,18,10.5,204.4
mpp,8.0,7,ack-1f,w,2,2,0,ctl,ok,0,0,13.8,204.4
mpp,8.0,7,w48-16qam-r1/3,w48,19,1,0,data,ok,18,18,10.6,204.4
mpp,8.0,7,ack-1f,w,2,2,0,ctl,ok,0,0,10.2,204.4
mpp,8.0,7,w48-16qam-r1/3,w48,19,1,0,data,ok,18,18,10.7,204.4
mpp,8.0,7,ack-1f,w,2,2,0,ctl,ok,0,0,7.6,204.4
mpp,8.0,7,w48-16qam-r1/3,w48,19,1,0,data,ok,18,18,11.0,204.4
mpp,8.0,7,ack-1f,w,2,2,0,ctl,ok,0,0,8.2,204.4
mpp,8.0,7,w48-16qam-r1/3,w48,19,1,0,data,ok,18,18,8.6,204.4
mpp,8.0,7,ack-1f,w,2,2,0,ctl,ok,0,0,12.8,204.4
mpp,8.0,7,w48-16qam-r1/3,w48,19,1,0,data,ok,18,18,9.5,204.4
mpp,8.0,7,ack-1f,w,2,2,0,ctl,ok,0,0,13.8,204.4
mpp,8.0,7,w48-16qam-r1/3,w48,19,1,0,data,ok,18,18,10.4,204.4
mpp,8.0,7,ack-1f,w,2,2,0,ctl,ok,0,0,13.8,204.4
mpp,8.0,7,w48-16qam-r1/3,w48,19,1,0,data,ok,18,18,10.6,204.4
mpp,8.0,7,ack-1f,w,2,2,0,ctl,ok,0,0,15.6,204.4
mpp,8.0,7,w48-16qam-r1/3,w48,19,1,0,data,ok,18,18,10.3,204.4
mpp,8.0,7,ack-1f,w,2,2,0,ctl,ok,0,0,13.7,204.4
mpp,8.0,7,w48-16qam-r1/3,w48,19,1,0,data,ok,18,18,9.0,204.4
mpp,8.0,7,ack-1f,w,2,2,0,ctl,ok,0,0,7.6,204.4
mpp,8.0,7,w48-16qam-r1/3,w48,19,1,0,data,ok,18,18,10.4,204.4
mpp,8.0,7,ack-1f,w,2,2,0,ctl,ok,0,0,10.0,204.4
mpp,8.0,7,w48-16qam-r1/3,w48,19,1,0,data,ok,18,18,10.3,204.4
mpp,8.0,7,ack-1f,w,2,2,0,ctl,ok,0,0,11.5,204.4
mpp,8.0,7,w48-16qam-r1/3,w48,19,1,0,data,ok,18,18,9.9,204.4
mpp,8.0,7,ack-1f,w,2,2,0,ctl,ok,0,0,11.2,204.4
mpp,8.0,7,w48-16qam-r1/3,w48,19,1,0,data,ok,18,18,10.3,204.4
mpp,8.0,7,ack-1f,w,2,2,0,ctl,ok,0,0,8.6,204.4
mpp,8.0,7,w48-16qam-r1/3,w48,19,1,0,data,ok,18,18,9.6,204.4
mpp,8.0,7,ack-1f,w,2,2,0,ctl,ok,0,0,10.9,204.4
mpp,8.0,7,w48-16qam-r1/3,w48,19,1,0,data,ok,18,18,10.8,204.4
mpp,8.0,7,ack-1f,w,2,2,0,ctl,ok,0,0,12.8,204.4
mpp,8.0,7,w48-16qam-r1/3,w48,19,1,0,data,ok,18,18,8.5,204.4
mpp,8.0,7,ack-1f,w,2,2,0,ctl,ok,0,0,12.4,204.4
mpp,8.0,7,w48-16qam-r1/3,w48,19,1,0,data,ok,18,18,8.6,204.4
mpp,8.0,7,ack-1f,w,2,2,0,ctl,ok,0,0,13.6,204.4
mpp,8.0,7,w48-16qam-r1/3,w48,19,1,0,data,ok,18,18,10.5,204.4
mpp,8.0,7,ack-1f,w,2,2,0,ctl,ok,0,0,12.4,204.4
mpp,8.0,7,w48-16qam-r1/3,w48,19,1,0,data,ok,18,18,9.7,204.4
mpp,8.0,7,ack-1f,w,2,2,0,ctl,ok,0,0,14.1,204.4
mpp,8.0,7,w48-16qam-r1/3,w48,19,1,0,data,ok,18,18,9.0,204.4
mpp,8.0,7,ack-1f,w,2,2,0,ctl,ok,0,0,13.5,204.4
mpp,8.0,7,w48-16qam-r1/3,w48,19,1,0,data,ok,18,18,9.7,204.4
mpp,8.0,7,ack-1f,w,2,2,0,ctl,ok,0,0,11.9,204.4
mpp,8.0,7,w48-16qam-r1/3,w48,19,1,0,data,ok,18,18,9.5,204.4
mpp,8.0,7,ack-1f,w,2,2,0,ctl,ok,0,0,15.1,204.4
mpp,8.0,7,w48-16qam-r1/3,w48,19,1,0,data,ok,18,18,10.4,204.4
mpp,8.0,7,ack-1f,w,2,2,0,ctl,ok,0,0,11.2,204.4
mpp,8.0,7,w48-16qam-r1/3,w48,19,1,0,data,ok,18,18,8.6,204.4
mpp,8.0,7,ack-1f,w,2,2,0,ctl,ok,0,0,8.5,204.4
mpp,8.0,7,w48-16qam-r1/3,w48,19,1,0,data,ok,18,18,9.6,204.4
mpp,8.0,7,ack-1f,w,2,2,0,ctl,ok,0,0,11.9,204.4
mpp,8.0,7,w48-16qam-r1/3,w48,19,1,0,data,ok,18,18,11.4,204.4
mpp,8.0,7,ack-1f,w,2,2,0,ctl,ok,0,0,14.3,204.4
mpp,8.0,7,w48-16qam-r1/3,w48,19,1,0,data,ok,18,18,8.9,204.4
mpp,8.0,7,ack-1f,w,2,2,0,ctl,ok,0,0,11.7,204.4
mpp,8.0,7,w48-16qam-r1/3,w48,19,1,0,data,ok,18,18,10.0,204.4
mpp,8.0,7,ack-1f,w,2,2,0,ctl,ok,0,0,8.1,204.4
mpp,8.0,7,w48-16qam-r1/3,w48,19,1,0,data,ok,18,18,9.2,204.4
mpp,8.0,7,ack-1f,w,2,2,0,ctl,ok,0,0,6.1,204.4
mpp,8.0,7,w48-16qam-r1/3,w48,19,1,0,data,ok,18,18,10.7,204.4
mpp,8.0,7,ack-1f,w,2,2,0,ctl,ok,0,0,11.1,204.4
mpp,8.0,7,w48-16qam-r1/3,w48,19,1,0,data,ok,18,18,8.7,204.4
mpp,8.0,7,ack-1f,w,2,2,0,ctl,ok,0,0,5.7,204.4
mpp,8.0,7,w48-16qam-r1/3,w48,19,1,0,data,ok,18,18,9.6,204.4
mpp,0.0,11,qpsk-r1/5,w,1,1,0,ctl,ok,0,0,2.4,45.5
mpp,0.0,11,qpsk-r1/5,w,1,1,0,ctl,ok,0,0,-0.4,45.5
mpp,0.0,11,ack-4f,w,3,3,0,ctl,ok,0,0,1.7,45.5
mpp,0.0,11,ack-4f,w,3,3,0,ctl,ok,0,0,2.6,45.5
mpp,0.0,11,qpsk-r1/3,w,9,2,1,data,ok,7,7,3.6,45.5
mpp,0.0,11,ack-4f,w,3,3,0,ctl,ok,0,0,2.3,45.5
mpp,0.0,11,qpsk-r1/3,w,9,2,1,data,ok,7,7,4.1,45.5
mpp,0.0,11,ack-1f,w,3,3,0,ctl,ok,0,0,6.6,45.5
mpp,0.0,11,qpsk-r1/2,w,9,2,1,data,ok,7,7,3.4,45.5
mpp,0.0,11,ack-1f,w,3,3,0,ctl,ok,0,0,0.7,45.5
mpp,0.0,11,qpsk-r1/2,w,9,2,1,data,ok,7,0,2.4,45.5
mpp,0.0,11,ack-1f,w,3,3,0,ctl,ok,0,0,2.9,45.5
mpp,0.0,11,qpsk-r1/2,w,9,2,1,data,ok,1,1,3.1,45.5
mpp,0.0,11,ack-1f,w,3,3,0,ctl,ok,0,0,0.4,45.5
mpp,0.0,11,qpsk-r1/2,w,9,2,1,data,ok,7,7,3.6,45.5
mpp,0.0,11,ack-1f,w,3,3,0,ctl,ctl_lost,0,0,-1.0,45.5
mpp,0.0,11,ack-4f,w,3,3,0,ctl,ok,0,0,3.7,45.5
mpp,0.0,11,ack-4f,w,3,3,0,ctl,ok,0,0,1.9,45.5
mpp,0.0,11,qpsk-r1/2,w,9,2,1,data,ok,7,7,3.5,45.5
mpp,0.0,11,ack-4f,w,2,2,0,ctl,ok,0,0,2.6,45.5
mpp,0.0,11,qpsk-r1/2,w,9,1,0,data,ok,8,8,3.7,45.5
mpp,0.0,11,ack-4f,w,3,3,0,ctl,ok,0,0,4.6,45.5
mpp,0.0,11,qpsk-r1/2,w,9,2,1,data,ok,7,7,3.5,45.5
mpp,0.0,11,ack-1f,w,3,3,0,ctl,ok,0,0,3.4,45.5
mpp,0.0,11,qpsk-r1/2,w,9,2,1,data,ok,7,7,3.4,45.5
mpp,0.0,11,ack-1f,w,3,3,0,ctl,ok,0,0,2.6,45.5
mpp,0.0,11,qpsk-r1/2,w,9,2,1,data,ok,7,7,3.9,45.5
mpp,0.0,11,ack-1f,w,2,2,0,ctl,ok,0,0,2.0,45.5
mpp,0.0,11,qpsk-r1/2,w,9,1,0,data,ctl_lost,8,0,1.9,45.5
mpp,0.0,11,ack-4f,w,3,3,0,ctl,ok,0,0,4.0,45.5
mpp,0.0,11,ack-4f,w,3,3,0,ctl,ok,0,0,2.7,45.5
mpp,0.0,11,qpsk-r1/2,w,9,2,1,data,ok,7,7,3.3,45.5
mpp,0.0,11,ack-1f,w,3,3,0,ctl,ok,0,0,4.4,45.5
mpp,0.0,11,qpsk-r1/2,w,9,2,1,data,ok,7,7,3.2,45.5
mpp,0.0,11,ack-1f,w,3,3,0,ctl,ok,0,0,2.1,45.5
mpp,0.0,11,qpsk-r1/2,w,9,2,1,data,ok,7,0,1.1,45.5
mpp,0.0,11,ack-1f,w,3,3,0,ctl,ok,0,0,2.9,45.5
mpp,0.0,11,qpsk-r1/2,w,9,2,1,data,ok,0,0,3.7,45.5
mpp,0.0,11,ack-1f,w,3,3,0,ctl,ok,0,0,3.2,45.5
mpp,0.0,11,qpsk-r1/2,w,9,2,1,data,ok,7,0,2.2,45.5
mpp,0.0,11,ack-1f,w,3,3,0,ctl,ok,0,0,4.2,45.5
mpp,0.0,11,qpsk-r1/2,w,9,2,1,data,ok,0,0,3.4,45.5
mpp,0.0,11,ack-1f,w,3,3,0,ctl,ok,0,0,8.8,45.5
mpp,0.0,11,qpsk-r1/2,w,9,2,1,data,ok,7,7,4.5,45.5
mpp,0.0,11,ack-1f,w,2,2,0,ctl,ok,0,0,0.7,45.5
mpp,0.0,11,qpsk-r1/2,w,9,1,0,data,ctl_lost,8,7,3.0,45.5
mpp,0.0,11,ack-4f,w,3,3,0,ctl,ok,0,0,2.5,45.5
mpp,0.0,11,ack-4f,w,3,3,0,ctl,ok,0,0,4.8,45.5
mpp,0.0,11,qpsk-r1/2,w,9,2,1,data,ok,7,2,2.2,45.5
mpp,0.0,11,ack-1f,w,3,3,0,ctl,ok,0,0,0.7,45.5
mpp,0.0,11,qpsk-r1/2,w,9,2,1,data,ok,3,3,4.7,45.5
mpp,0.0,11,ack-1f,w,3,3,0,ctl,ok,0,0,1.7,45.5
mpp,0.0,11,qpsk-r1/2,w,9,2,1,data,ok,7,7,2.8,45.5
mpp,0.0,11,ack-1f,w,2,2,0,ctl,ok,0,0,5.8,45.5
mpp,0.0,11,qpsk-r1/2,w,9,1,0,data,ok,8,8,3.4,45.5
mpp,0.0,11,ack-1f,w,3,3,0,ctl,ok,0,0,7.1,45.5
mpp,0.0,11,qpsk-r1/2,w,9,2,1,data,ok,7,7,4.3,45.5
mpp,0.0,11,ack-1f,w,2,2,0,ctl,ok,0,0,0.9,45.5
mpp,0.0,11,qpsk-r1/2,w,9,1,0,data,ok,8,8,4.0,45.5
mpp,0.0,11,ack-1f,w,2,2,0,ctl,ok,0,0,2.2,45.5
mpp,0.0,11,qpsk-r1/2,w,9,1,0,data,ok,8,7,2.5,45.5
mpp,0.0,11,ack-1f,w,3,3,0,ctl,ok,0,0,4.2,45.5
mpp,0.0,11,qpsk-r1/2,w,9,1,0,data,ok,7,7,3.8,45.5
mpp,0.0,11,ack-1f,w,2,2,0,ctl,ok,0,0,3.2,45.5
mpp,0.0,11,qpsk-r1/2,w,9,1,0,data,ok,8,8,4.0,45.5
mpp,0.0,11,ack-1f,w,2,2,0,ctl,ok,0,0,4.2,45.5
mpp,0.0,11,qpsk-r1/2,w,9,1,0,data,ctl_lost,8,0,1.6,45.5
mpp,0.0,11,ack-4f,w,3,3,0,ctl,ok,0,0,4.8,45.5
mpp,0.0,11,ack-4f,w,3,3,0,ctl,ok,0,0,4.9,45.5
mpp,0.0,11,qpsk-r1/2,w,9,2,1,data,ok,7,7,3.4,45.5
mpp,0.0,11,ack-1f,w,2,2,0,ctl,ctl_lost,0,0,-9.9,45.5
mpp,0.0,11,ack-4f,w,3,3,0,ctl,ok,0,0,-2.3,45.5
mpp,0.0,11,ack-4f,w,3,3,0,ctl,ok,0,0,4.8,45.5
mpp,0.0,11,qpsk-r1/2,w,9,2,1,data,ok,7,7,3.2,45.5
mpp,0.0,11,ack-4f,w,3,3,0,ctl,ok,0,0,4.1,45.5
mpp,0.0,11,qpsk-r1/2,w,9,2,1,data,ok,7,7,4.6,45.5
mpp,0.0,11,ack-1f,w,2,2,0,ctl,ok,0,0,5.2,45.5
mpp,0.0,11,qpsk-r1/2,w,9,1,0,data,ok,8,8,3.6,45.5
mpp,0.0,11,ack-1f,w,2,2,0,ctl,ok,0,0,6.4,45.5
mpp,0.0,11,qpsk-r1/2,w,9,1,0,data,ctl_lost,8,7,2.6,45.5
mpp,0.0,11,ack-4f,w,3,3,0,ctl,ok,0,0,1.9,45.5
mpp,0.0,11,ack-4f,w,3,3,0,ctl,ok,0,0,1.9,45.5
mpp,0.0,11,qpsk-r1/2,w,9,2,1,data,ok,7,7,4.4,45.5
mpp,0.0,11,ack-1f,w,3,3,0,ctl,ok,0,0,5.4,45.5
mpp,0.0,11,qpsk-r1/2,w,9,2,1,data,ok,7,7,3.2,45.5
mpp,0.0,11,ack-1f,w,2,2,0,ctl,ok,0,0,0.4,45.5
mpp,0.0,11,qpsk-r1/2,w,9,1,0,data,ok,8,8,3.3,45.5
mpp,0.0,11,ack-1f,w,3,3,0,ctl,ok,0,0,-1.8,45.5
mpp,0.0,11,qpsk-r1/2,w,9,2,1,data,ok,7,0,-0.0,45.5
mpp,0.0,11,ack-4f,w,3,3,0,ctl,ok,0,0,3.0,45.5
mpp,0.0,11,qpsk-r1/2,w,9,2,1,data,ok,0,0,1.6,45.5
mpp,0.0,11,ack-4f,w,3,3,0,ctl,ok,0,0,4.3,45.5
mpp,0.0,11,qpsk-r1/2,w,9,2,1,data,ok,7,7,2.6,45.5
mpp,0.0,11,ack-1f,w,3,3,0,ctl,ok,0,0,2.3,45.5
mpp,0.0,11,qpsk-r1/2,w,9,2,1,data,ok,7,7,2.9,45.5
mpp,0.0,11,ack-1f,w,2,2,0,ctl,ok,0,0,4.6,45.5
mpp,0.0,11,qpsk-r1/2,w,9,1,0,data,ok,8,8,3.4,45.5
mpp,8.0,9,qpsk-r1/5,w,1,1,0,ctl,ok,0,0,9.5,204.0
mpp,8.0,9,qpsk-r1/5,w,1,1,0,ctl,ok,0,0,8.9,204.0
mpp,8.0,9,ack-4f,w,2,2,0,ctl,ok,0,0,11.8,204.0
mpp,8.0,9,ack-1f,w,3,3,0,ctl,ok,0,0,10.4,204.0
mpp,8.0,9,w48-16qam-r1/3,w48,19,2,1,data,ok,17,17,8.9,204.0
mpp,8.0,9,ack-1f,w,3,3,0,ctl,ok,0,0,9.9,204.0
mpp,8.0,9,w48-16qam-r1/3,w48,19,2,1,data,ok,17,17,8.0,204.0
mpp,8.0,9,ack-1f,w,3,3,0,ctl,ok,0,0,10.7,204.0
mpp,8.0,9,w48-16qam-r1/3,w48,19,2,1,data,ok,17,17,10.9,204.0
mpp,8.0,9,ack-1f,w,2,2,0,ctl,ok,0,0,9.7,204.0
mpp,8.0,9,w48-16qam-r1/3,w48,19,1,0,data,ok,18,18,10.5,204.0
mpp,8.0,9,ack-1f,w,2,2,0,ctl,ok,0,0,12.2,204.0
mpp,8.0,9,w48-16qam-r1/3,w48,19,1,0,data,ok,18,18,9.5,204.0
mpp,8.0,9,ack-1f,w,2,2,0,ctl,ok,0,0,13.4,204.0
mpp,8.0,9,w48-16qam-r1/3,w48,19,1,0,data,ok,18,18,10.1,204.0
mpp,8.0,9,ack-1f,w,2,2,0,ctl,ok,0,0,9.5,204.0
mpp,8.0,9,w48-16qam-r1/3,w48,19,1,0,data,ok,18,18,8.8,204.0
mpp,8.0,9,ack-1f,w,2,2,0,ctl,ok,0,0,15.5,204.0
mpp,8.0,9,w48-16qam-r1/3,w48,19,1,0,data,ok,18,18,9.7,204.0
mpp,8.0,9,ack-1f,w,2,2,0,ctl,ok,0,0,11.7,204.0
mpp,8.0,9,w48-16qam-r1/3,w48,19,1,0,data,ok,18,18,11.1,204.0
mpp,8.0,9,ack-1f,w,2,2,0,ctl,ok,0,0,14.8,204.0
mpp,8.0,9,w48-16qam-r1/3,w48,19,1,0,data,ok,18,18,9.6,204.0
mpp,8.0,9,ack-1f,w,2,2,0,ctl,ok,0,0,10.2,204.0
mpp,8.0,9,w48-16qam-r1/3,w48,19,1,0,data,ok,18,18,9.8,204.0
mpp,8.0,9,ack-1f,w,2,2,0,ctl,ok,0,0,11.0,204.0
mpp,8.0,9,w48-16qam-r1/3,w48,19,1,0,data,ok,18,18,10.5,204.0
mpp,8.0,9,ack-1f,w,2,2,0,ctl,ok,0,0,9.8,204.0
mpp,8.0,9,w48-16qam-r1/3,w48,19,1,0,data,ok,18,18,10.1,204.0
mpp,8.0,9,ack-1f,w,2,2,0,ctl,ok,0,0,10.5,204.0
mpp,8.0,9,w48-16qam-r1/3,w48,19,1,0,data,ok,18,18,8.1,204.0
mpp,8.0,9,ack-1f,w,2,2,0,ctl,ok,0,0,8.5,204.0
mpp,8.0,9,w48-16qam-r1/3,w48,19,1,0,data,ok,18,18,10.2,204.0
mpp,8.0,9,ack-1f,w,2,2,0,ctl,ok,0,0,13.2,204.0
mpp,8.0,9,w48-16qam-r1/3,w48,19,1,0,data,ok,18,18,10.1,204.0
mpp,8.0,9,ack-1f,w,2,2,0,ctl,ok,0,0,10.0,204.0
mpp,8.0,9,w48-16qam-r1/3,w48,19,1,0,data,ok,18,18,9.9,204.0
mpp,8.0,9,ack-1f,w,2,2,0,ctl,ok,0,0,11.2,204.0
mpp,8.0,9,w48-16qam-r1/3,w48,19,1,0,data,ok,18,18,9.9,204.0
mpp,8.0,9,ack-1f,w,2,2,0,ctl,ok,0,0,11.9,204.0
mpp,8.0,9,w48-16qam-r1/3,w48,19,1,0,data,ok,18,18,9.4,204.0
mpp,8.0,9,ack-1f,w,2,2,0,ctl,ok,0,0,14.9,204.0
mpp,8.0,9,w48-16qam-r1/3,w48,19,1,0,data,ok,18,18,11.1,204.0
mpp,8.0,9,ack-1f,w,2,2,0,ctl,ok,0,0,12.1,204.0
mpp,8.0,9,w48-16qam-r1/3,w48,19,1,0,data,ok,18,18,10.1,204.0
mpp,8.0,9,ack-1f,w,2,2,0,ctl,ok,0,0,13.5,204.0
mpp,8.0,9,w48-16qam-r1/3,w48,19,1,0,data,ok,18,18,8.3,204.0
mpp,8.0,9,ack-1f,w,2,2,0,ctl,ok,0,0,10.5,204.0
mpp,8.0,9,w48-16qam-r1/3,w48,19,1,0,data,ok,18,18,9.5,204.0
mpp,8.0,9,ack-1f,w,2,2,0,ctl,ok,0,0,12.4,204.0
mpp,8.0,9,w48-16qam-r1/3,w48,19,1,0,data,ok,18,18,9.1,204.0
mpp,8.0,9,ack-1f,w,2,2,0,ctl,ok,0,0,12.0,204.0
mpp,8.0,9,w48-16qam-r1/3,w48,19,1,0,data,ok,18,18,9.5,204.0
mpp,8.0,9,ack-1f,w,2,2,0,ctl,ok,0,0,12.7,204.0
mpp,8.0,9,w48-16qam-r1/3,w48,19,1,0,data,ok,18,18,9.2,204.0
mpp,8.0,9,ack-1f,w,2,2,0,ctl,ok,0,0,7.3,204.0
mpp,8.0,9,w48-16qam-r1/3,w48,19,1,0,data,ok,18,18,9.0,204.0
mpp,8.0,9,ack-1f,w,2,2,0,ctl,ok,0,0,14.0,204.0
mpp,8.0,9,w48-16qam-r1/3,w48,19,1,0,data,ok,18,18,10.5,204.0
mpp,8.0,9,ack-1f,w,2,2,0,ctl,ok,0,0,8.5,204.0
mpp,8.0,9,w48-16qam-r1/3,w48,19,1,0,data,ok,18,18,9.1,204.0
mpp,8.0,9,ack-1f,w,2,2,0,ctl,ok,0,0,13.1,204.0
mpp,8.0,9,w48-16qam-r1/3,w48,19,1,0,data,ok,18,18,10.2,204.0
mpp,8.0,9,ack-1f,w,2,2,0,ctl,ok,0,0,4.4,204.0
mpp,8.0,9,w48-16qam-r1/3,w48,19,1,0,data,ok,18,18,9.7,204.0
mpp,8.0,9,ack-1f,w,2,2,0,ctl,ok,0,0,13.3,204.0
mpp,8.0,9,w48-16qam-r1/3,w48,19,1,0,data,ok,18,18,8.6,204.0
mpp,8.0,9,ack-1f,w,2,2,0,ctl,ok,0,0,11.6,204.0
mpp,8.0,9,w48-16qam-r1/3,w48,19,1,0,data,ok,18,18,9.6,204.0
mpp,8.0,9,ack-1f,w,2,2,0,ctl,ok,0,0,11.3,204.0
mpp,8.0,9,w48-16qam-r1/3,w48,19,1,0,data,ok,18,18,8.1,204.0
mpp,8.0,9,ack-1f,w,2,2,0,ctl,ok,0,0,11.9,204.0
mpp,8.0,9,w48-16qam-r1/3,w48,19,1,0,data,ok,18,18,9.7,204.0
mpp,8.0,9,ack-1f,w,2,2,0,ctl,ok,0,0,12.4,204.0
mpp,8.0,9,w48-16qam-r1/3,w48,19,1,0,data,ok,18,18,9.9,204.0
mpp,8.0,9,ack-1f,w,2,2,0,ctl,ok,0,0,12.8,204.0
mpp,8.0,9,w48-16qam-r1/3,w48,19,1,0,data,ok,18,18,10.2,204.0
mpp,8.0,9,ack-1f,w,2,2,0,ctl,ok,0,0,10.0,204.0
mpp,8.0,9,w48-16qam-r1/3,w48,19,1,0,data,ok,18,18,9.7,204.0
mpp,8.0,9,ack-1f,w,2,2,0,ctl,ok,0,0,8.8,204.0
mpp,8.0,9,w48-16qam-r1/3,w48,19,1,0,data,ok,18,18,10.0,204.0
mpp,8.0,9,ack-1f,w,2,2,0,ctl,ok,0,0,10.5,204.0
mpp,8.0,9,w48-16qam-r1/3,w48,19,1,0,data,ok,18,18,9.6,204.0
mpp,8.0,9,ack-1f,w,2,2,0,ctl,ok,0,0,6.2,204.0
mpp,8.0,9,w48-16qam-r1/3,w48,19,1,0,data,ok,18,18,10.7,204.0
mpp,8.0,9,ack-1f,w,2,2,0,ctl,ok,0,0,16.9,204.0
mpp,8.0,9,w48-16qam-r1/3,w48,19,1,0,data,ok,18,18,8.8,204.0
mpp,8.0,9,ack-1f,w,2,2,0,ctl,ok,0,0,10.6,204.0
mpp,8.0,9,w48-16qam-r1/3,w48,19,1,0,data,ok,18,18,10.4,204.0
mpp,8.0,9,ack-1f,w,2,2,0,ctl,ok,0,0,11.9,204.0
mpp,8.0,9,w48-16qam-r1/3,w48,19,1,0,data,ok,18,18,9.5,204.0
mpp,8.0,9,ack-1f,w,2,2,0,ctl,ok,0,0,11.3,204.0
mpp,8.0,9,w48-16qam-r1/3,w48,19,1,0,data,ok,18,18,9.6,204.0
mpp,8.0,8,qpsk-r1/5,w,1,1,0,ctl,ok,0,0,12.9,204.0
mpp,8.0,8,qpsk-r1/5,w,1,1,0,ctl,ok,0,0,14.7,204.0
mpp,8.0,8,ack-4f,w,2,2,0,ctl,ok,0,0,11.6,204.0
mpp,8.0,8,ack-1f,w,2,2,0,ctl,ok,0,0,10.7,204.0
mpp,8.0,8,w48-16qam-r1/3,w48,19,1,0,data,ok,18,18,9.7,204.0
mpp,8.0,8,ack-1f,w,3,3,0,ctl,ok,0,0,10.0,204.0
mpp,8.0,8,w48-16qam-r1/3,w48,19,2,1,data,ok,17,17,10.4,204.0
mpp,8.0,8,ack-1f,w,2,2,0,ctl,ok,0,0,8.9,204.0
mpp,8.0,8,w48-16qam-r1/3,w48,19,1,0,data,ok,18,18,9.6,204.0
mpp,8.0,8,ack-1f,w,2,2,0,ctl,ok,0,0,13.1,204.0
mpp,8.0,8,w48-16qam-r1/3,w48,19,1,0,data,ok,18,18,9.1,204.0
mpp,8.0,8,ack-1f,w,2,2,0,ctl,ok,0,0,11.6,204.0
mpp,8.0,8,w48-16qam-r1/3,w48,19,1,0,data,ok,18,18,10.1,204.0
mpp,8.0,8,ack-1f,w,2,2,0,ctl,ok,0,0,10.6,204.0
mpp,8.0,8,w48-16qam-r1/3,w48,19,1,0,data,ok,18,18,9.8,204.0
mpp,8.0,8,ack-1f,w,2,2,0,ctl,ok,0,0,13.0,204.0
mpp,8.0,8,w48-16qam-r1/3,w48,19,1,0,data,ok,18,18,7.9,204.0
mpp,8.0,8,ack-1f,w,3,3,0,ctl,ok,0,0,11.3,204.0
mpp,8.0,8,w48-16qam-r1/3,w48,19,2,1,data,ok,17,17,10.4,204.0
mpp,8.0,8,ack-1f,w,2,2,0,ctl,ok,0,0,12.6,204.0
mpp,8.0,8,w48-16qam-r1/3,w48,19,1,0,data,ok,18,18,9.4,204.0
mpp,8.0,8,ack-1f,w,2,2,0,ctl,ok,0,0,11.8,204.0
mpp,8.0,8,w48-16qam-r1/3,w48,19,1,0,data,ok,18,18,9.5,204.0
mpp,8.0,8,ack-1f,w,2,2,0,ctl,ok,0,0,10.7,204.0
mpp,8.0,8,w48-16qam-r1/3,w48,19,1,0,data,ok,18,18,9.8,204.0
mpp,8.0,8,ack-1f,w,2,2,0,ctl,ok,0,0,12.5,204.0
mpp,8.0,8,w48-16qam-r1/3,w48,19,1,0,data,ok,18,18,10.1,204.0
mpp,8.0,8,ack-1f,w,2,2,0,ctl,ok,0,0,8.3,204.0
mpp,8.0,8,w48-16qam-r1/3,w48,19,1,0,data,ok,18,18,10.6,204.0
mpp,8.0,8,ack-1f,w,2,2,0,ctl,ok,0,0,12.1,204.0
mpp,8.0,8,w48-16qam-r1/3,w48,19,1,0,data,ok,18,18,9.1,204.0
mpp,8.0,8,ack-1f,w,2,2,0,ctl,ok,0,0,6.0,204.0
mpp,8.0,8,w48-16qam-r1/3,w48,19,1,0,data,ok,18,18,11.7,204.0
mpp,8.0,8,ack-1f,w,2,2,0,ctl,ok,0,0,11.9,204.0
mpp,8.0,8,w48-16qam-r1/3,w48,19,1,0,data,ok,18,18,8.4,204.0
mpp,8.0,8,ack-1f,w,2,2,0,ctl,ok,0,0,14.2,204.0
mpp,8.0,8,w48-16qam-r1/3,w48,19,1,0,data,ok,18,18,9.9,204.0
mpp,8.0,8,ack-1f,w,2,2,0,ctl,ok,0,0,10.4,204.0
mpp,8.0,8,w48-16qam-r1/3,w48,19,1,0,data,ok,18,18,10.9,204.0
mpp,8.0,8,ack-1f,w,2,2,0,ctl,ok,0,0,8.2,204.0
mpp,8.0,8,w48-16qam-r1/3,w48,19,1,0,data,ok,18,18,10.2,204.0
mpp,8.0,8,ack-1f,w,2,2,0,ctl,ok,0,0,10.9,204.0
mpp,8.0,8,w48-16qam-r1/3,w48,19,1,0,data,ok,18,18,10.6,204.0
mpp,8.0,8,ack-1f,w,2,2,0,ctl,ok,0,0,10.5,204.0
mpp,8.0,8,w48-16qam-r1/3,w48,19,1,0,data,ok,18,18,10.0,204.0
mpp,8.0,8,ack-1f,w,2,2,0,ctl,ok,0,0,9.4,204.0
mpp,8.0,8,w48-16qam-r1/3,w48,19,1,0,data,ok,18,18,10.0,204.0
mpp,8.0,8,ack-1f,w,2,2,0,ctl,ok,0,0,9.6,204.0
mpp,8.0,8,w48-16qam-r1/3,w48,19,1,0,data,ok,18,18,9.0,204.0
mpp,8.0,8,ack-1f,w,2,2,0,ctl,ok,0,0,8.8,204.0
mpp,8.0,8,w48-16qam-r1/3,w48,19,1,0,data,ok,18,18,9.6,204.0
mpp,8.0,8,ack-1f,w,2,2,0,ctl,ok,0,0,11.1,204.0
mpp,8.0,8,w48-16qam-r1/3,w48,19,1,0,data,ok,18,18,11.3,204.0
mpp,8.0,8,ack-1f,w,2,2,0,ctl,ok,0,0,13.4,204.0
mpp,8.0,8,w48-16qam-r1/3,w48,19,1,0,data,ok,18,18,8.6,204.0
mpp,8.0,8,ack-1f,w,2,2,0,ctl,ok,0,0,12.4,204.0
mpp,8.0,8,w48-16qam-r1/3,w48,19,1,0,data,ok,18,18,10.7,204.0
mpp,8.0,8,ack-1f,w,2,2,0,ctl,ok,0,0,12.4,204.0
mpp,8.0,8,w48-16qam-r1/3,w48,19,1,0,data,ok,18,18,10.1,204.0
mpp,8.0,8,ack-1f,w,2,2,0,ctl,ok,0,0,14.7,204.0
mpp,8.0,8,w48-16qam-r1/3,w48,19,1,0,data,ok,18,18,10.3,204.0
mpp,8.0,8,ack-1f,w,2,2,0,ctl,ok,0,0,6.3,204.0
mpp,8.0,8,w48-16qam-r1/3,w48,19,1,0,data,ok,18,18,9.5,204.0
mpp,8.0,8,ack-1f,w,2,2,0,ctl,ok,0,0,7.2,204.0
mpp,8.0,8,w48-16qam-r1/3,w48,19,1,0,data,ok,18,18,8.4,204.0
mpp,8.0,8,ack-1f,w,2,2,0,ctl,ok,0,0,7.4,204.0
mpp,8.0,8,w48-16qam-r1/3,w48,19,1,0,data,ok,18,18,8.9,204.0
mpp,8.0,8,ack-1f,w,2,2,0,ctl,ok,0,0,10.2,204.0
mpp,8.0,8,w48-16qam-r1/3,w48,19,1,0,data,ok,18,18,11.1,204.0
mpp,8.0,8,ack-1f,w,2,2,0,ctl,ok,0,0,9.7,204.0
mpp,8.0,8,w48-16qam-r1/3,w48,19,1,0,data,ok,18,18,9.4,204.0
mpp,8.0,8,ack-1f,w,2,2,0,ctl,ok,0,0,14.5,204.0
mpp,8.0,8,w48-16qam-r1/3,w48,19,1,0,data,ok,18,18,9.9,204.0
mpp,8.0,8,ack-1f,w,2,2,0,ctl,ok,0,0,9.7,204.0
mpp,8.0,8,w48-16qam-r1/3,w48,19,1,0,data,ok,18,18,8.6,204.0
mpp,8.0,8,ack-1f,w,2,2,0,ctl,ok,0,0,8.0,204.0
mpp,8.0,8,w48-16qam-r1/3,w48,19,1,0,data,ok,18,18,10.7,204.0
mpp,8.0,8,ack-1f,w,2,2,0,ctl,ok,0,0,13.5,204.0
mpp,8.0,8,w48-16qam-r1/3,w48,19,1,0,data,ok,18,18,11.1,204.0
mpp,8.0,8,ack-1f,w,2,2,0,ctl,ok,0,0,10.8,204.0
mpp,8.0,8,w48-16qam-r1/3,w48,19,1,0,data,ok,18,18,10.2,204.0
mpp,8.0,8,ack-1f,w,2,2,0,ctl,ok,0,0,9.3,204.0
mpp,8.0,8,w48-16qam-r1/3,w48,19,1,0,data,ok,18,18,10.9,204.0
mpp,8.0,8,ack-1f,w,2,2,0,ctl,ok,0,0,9.1,204.0
mpp,8.0,8,w48-16qam-r1/3,w48,19,1,0,data,ok,18,18,10.3,204.0
mpp,8.0,8,ack-1f,w,2,2,0,ctl,ok,0,0,9.3,204.0
mpp,8.0,8,w48-16qam-r1/3,w48,19,1,0,data,ok,18,18,9.7,204.0
mpp,8.0,8,ack-1f,w,2,2,0,ctl,ok,0,0,6.8,204.0
mpp,8.0,8,w48-16qam-r1/3,w48,19,1,0,data,ok,18,17,8.6,204.0
mpp,8.0,8,ack-1f,w,3,3,0,ctl,ok,0,0,11.2,204.0
mpp,8.0,8,w48-16qam-r1/3,w48,19,1,0,data,ok,17,17,9.6,204.0
mpp,8.0,8,ack-1f,w,2,2,0,ctl,ok,0,0,9.9,204.0
mpp,8.0,8,w48-16qam-r1/3,w48,19,1,0,data,ok,18,18,9.1,204.0
mpp,8.0,11,qpsk-r1/5,w,1,1,0,ctl,ok,0,0,11.6,198.1
mpp,8.0,11,qpsk-r1/5,w,1,1,0,ctl,ok,0,0,7.3,198.1
mpp,8.0,11,ack-4f,w,3,3,0,ctl,ok,0,0,9.5,198.1
mpp,8.0,11,ack-1f,w,2,2,0,ctl,ok,0,0,9.5,198.1
mpp,8.0,11,w48-qpsk-r1/2,w48,19,1,0,data,ok,18,18,10.6,198.1
mpp,8.0,11,ack-1f,w,2,2,0,ctl,ok,0,0,7.7,198.1
mpp,8.0,11,w48-16qam-r1/3,w48,19,1,0,data,ok,18,18,10.6,198.1
mpp,8.0,11,ack-1f,w,2,2,0,ctl,ok,0,0,10.6,198.1
mpp,8.0,11,w48-16qam-r1/3,w48,19,1,0,data,ok,18,18,10.0,198.1
mpp,8.0,11,ack-1f,w,2,2,0,ctl,ok,0,0,9.4,198.1
mpp,8.0,11,w48-16qam-r1/3,w48,19,1,0,data,ok,18,18,8.5,198.1
mpp,8.0,11,ack-1f,w,3,3,0,ctl,ok,0,0,10.3,198.1
mpp,8.0,11,w48-16qam-r1/3,w48,19,2,1,data,ok,17,17,9.4,198.1
mpp,8.0,11,ack-1f,w,2,2,0,ctl,ok,0,0,7.1,198.1
mpp,8.0,11,w48-16qam-r1/3,w48,19,1,0,data,ok,18,18,10.1,198.1
mpp,8.0,11,ack-1f,w,2,2,0,ctl,ok,0,0,5.8,198.1
mpp,8.0,11,w48-16qam-r1/3,w48,19,1,0,data,ok,18,18,8.9,198.1
mpp,8.0,11,ack-1f,w,2,2,0,ctl,ok,0,0,14.3,198.1
mpp,8.0,11,w48-16qam-r1/3,w48,19,1,0,data,ok,18,18,10.2,198.1
mpp,8.0,11,ack-1f,w,2,2,0,ctl,ok,0,0,6.2,198.1
mpp,8.0,11,w48-16qam-r1/3,w48,19,1,0,data,ok,18,18,9.4,198.1
mpp,8.0,11,ack-1f,w,2,2,0,ctl,ok,0,0,11.8,198.1
mpp,8.0,11,w48-16qam-r1/3,w48,19,1,0,data,ok,18,18,10.2,198.1
mpp,8.0,11,ack-1f,w,2,2,0,ctl,ok,0,0,10.3,198.1
mpp,8.0,11,w48-16qam-r1/3,w48,19,1,0,data,ok,18,18,9.4,198.1
mpp,8.0,11,ack-1f,w,2,2,0,ctl,ok,0,0,13.6,198.1
mpp,8.0,11,w48-16qam-r1/3,w48,19,1,0,data,ok,18,18,9.7,198.1
mpp,8.0,11,ack-1f,w,2,2,0,ctl,ok,0,0,13.5,198.1
mpp,8.0,11,w48-16qam-r1/3,w48,19,1,0,data,ok,18,18,9.6,198.1
mpp,8.0,11,ack-1f,w,2,2,0,ctl,ok,0,0,6.0,198.1
mpp,8.0,11,w48-16qam-r1/3,w48,19,1,0,data,ok,18,18,9.7,198.1
mpp,8.0,11,ack-1f,w,2,2,0,ctl,ok,0,0,12.0,198.1
mpp,8.0,11,w48-16qam-r1/3,w48,19,1,0,data,ok,18,18,9.9,198.1
mpp,8.0,11,ack-1f,w,2,2,0,ctl,ok,0,0,11.0,198.1
mpp,8.0,11,w48-16qam-r1/3,w48,19,1,0,data,ok,18,18,9.4,198.1
mpp,8.0,11,ack-1f,w,2,2,0,ctl,ok,0,0,13.7,198.1
mpp,8.0,11,w48-16qam-r1/3,w48,19,1,0,data,ok,18,18,9.2,198.1
mpp,8.0,11,ack-1f,w,2,2,0,ctl,ok,0,0,6.6,198.1
mpp,8.0,11,w48-16qam-r1/3,w48,19,1,0,data,ok,18,18,9.3,198.1
mpp,8.0,11,ack-1f,w,2,2,0,ctl,ok,0,0,14.5,198.1
mpp,8.0,11,w48-16qam-r1/3,w48,19,1,0,data,ok,18,18,10.4,198.1
mpp,8.0,11,ack-1f,w,2,2,0,ctl,ok,0,0,14.1,198.1
mpp,8.0,11,w48-16qam-r1/3,w48,19,1,0,data,ok,18,18,9.7,198.1
mpp,8.0,11,ack-1f,w,2,2,0,ctl,ok,0,0,14.0,198.1
mpp,8.0,11,w48-16qam-r1/3,w48,19,1,0,data,ok,18,18,9.4,198.1
mpp,8.0,11,ack-1f,w,2,2,0,ctl,ok,0,0,12.0,198.1
mpp,8.0,11,w48-16qam-r1/3,w48,19,1,0,data,ok,18,18,8.7,198.1
mpp,8.0,11,ack-1f,w,2,2,0,ctl,ok,0,0,8.8,198.1
mpp,8.0,11,w48-16qam-r1/3,w48,19,1,0,data,ok,18,18,10.6,198.1
mpp,8.0,11,ack-1f,w,2,2,0,ctl,ok,0,0,11.8,198.1
mpp,8.0,11,w48-16qam-r1/3,w48,19,1,0,data,ok,18,18,9.4,198.1
mpp,8.0,11,ack-1f,w,2,2,0,ctl,ok,0,0,13.1,198.1
mpp,8.0,11,w48-16qam-r1/3,w48,19,1,0,data,ok,18,18,9.8,198.1
mpp,8.0,11,ack-1f,w,2,2,0,ctl,ok,0,0,13.4,198.1
mpp,8.0,11,w48-16qam-r1/3,w48,19,1,0,data,ok,18,18,10.2,198.1
mpp,8.0,11,ack-1f,w,2,2,0,ctl,ok,0,0,11.0,198.1
mpp,8.0,11,w48-16qam-r1/3,w48,19,1,0,data,ok,18,18,9.9,198.1
mpp,8.0,11,ack-1f,w,2,2,0,ctl,ok,0,0,5.7,198.1
mpp,8.0,11,w48-16qam-r1/3,w48,19,1,0,data,ok,18,18,9.5,198.1
mpp,8.0,11,ack-1f,w,2,2,0,ctl,ok,0,0,11.3,198.1
mpp,8.0,11,w48-16qam-r1/3,w48,19,1,0,data,ok,18,18,10.7,198.1
mpp,8.0,11,ack-1f,w,2,2,0,ctl,ok,0,0,12.7,198.1
mpp,8.0,11,w48-16qam-r1/3,w48,19,1,0,data,ok,18,18,10.0,198.1
mpp,8.0,11,ack-1f,w,2,2,0,ctl,ok,0,0,8.9,198.1
mpp,8.0,11,w48-16qam-r1/3,w48,19,1,0,data,ok,18,16,8.4,198.1
mpp,8.0,11,ack-1f,w,3,3,0,ctl,ok,0,0,11.0,198.1
mpp,8.0,11,w48-16qam-r1/3,w48,19,1,0,data,ok,16,16,9.3,198.1
mpp,8.0,11,ack-1f,w,2,2,0,ctl,ok,0,0,11.2,198.1
mpp,8.0,11,w48-16qam-r1/3,w48,19,1,0,data,ok,18,18,8.8,198.1
mpp,8.0,11,ack-1f,w,2,2,0,ctl,ok,0,0,8.4,198.1
mpp,8.0,11,w48-16qam-r1/3,w48,19,1,0,data,ok,18,18,9.6,198.1
mpp,8.0,11,ack-1f,w,2,2,0,ctl,ok,0,0,15.2,198.1
mpp,8.0,11,w48-16qam-r1/3,w48,19,1,0,data,ok,18,18,10.4,198.1
mpp,8.0,11,ack-1f,w,2,2,0,ctl,ok,0,0,8.4,198.1
mpp,8.0,11,w48-16qam-r1/3,w48,19,1,0,data,ok,18,18,10.0,198.1
mpp,8.0,11,ack-1f,w,2,2,0,ctl,ok,0,0,5.1,198.1
mpp,8.0,11,w48-16qam-r1/3,w48,19,1,0,data,ok,18,18,9.2,198.1
mpp,8.0,11,ack-1f,w,2,2,0,ctl,ok,0,0,9.9,198.1
mpp,8.0,11,w48-16qam-r1/3,w48,19,1,0,data,ok,18,18,10.6,198.1
mpp,8.0,11,ack-1f,w,2,2,0,ctl,ok,0,0,13.4,198.1
mpp,8.0,11,w48-16qam-r1/3,w48,19,1,0,data,ok,18,18,9.8,198.1
mpp,8.0,11,ack-1f,w,2,2,0,ctl,ok,0,0,11.4,198.1
mpp,8.0,11,w48-16qam-r1/3,w48,19,1,0,data,ok,18,18,9.7,198.1
mpp,8.0,11,ack-1f,w,2,2,0,ctl,ok,0,0,3.4,198.1
mpp,8.0,11,w48-16qam-r1/3,w48,19,1,0,data,ctl_lost,18,15,8.0,198.1
mpp,8.0,11,ack-4f,w,3,3,0,ctl,ok,0,0,9.5,198.1
mpp,8.0,11,ack-4f,w,3,3,0,ctl,ok,0,0,8.9,198.1
mpp,8.0,11,w48-16qam-r1/3,w48,19,2,1,data,ok,17,17,9.6,198.1
mpp,8.0,11,ack-1f,w,2,2,0,ctl,ok,0,0,8.8,198.1
mpp,8.0,11,w48-16qam-r1/3,w48,19,1,0,data,ok,18,18,9.7,198.1
mpp,8.0,11,ack-1f,w,2,2,0,ctl,ok,0,0,5.2,198.1
mpp,8.0,11,w48-16qam-r1/3,w48,19,1,0,data,ok,18,18,9.5,198.1
mpp,8.0,11,ack-1f,w,2,2,0,ctl,ok,0,0,13.5,198.1
mpp,8.0,11,w48-16qam-r1/3,w48,19,1,0,data,ok,18,18,9.7,198.1
mpp,8.0,10,qpsk-r1/5,w,1,1,0,ctl,ok,0,0,11.2,195.9
mpp,8.0,10,qpsk-r1/5,w,1,1,0,ctl,ok,0,0,13.0,195.9
mpp,8.0,10,ack-4f,w,2,2,0,ctl,ok,0,0,13.0,195.9
mpp,8.0,10,ack-1f,w,2,2,0,ctl,ok,0,0,11.1,195.9
mpp,8.0,10,w48-16qam-r1/3,w48,19,1,0,data,ok,18,18,9.2,195.9
mpp,8.0,10,ack-1f,w,3,3,0,ctl,ok,0,0,11.8,195.9
mpp,8.0,10,w48-16qam-r1/3,w48,19,2,1,data,ok,17,17,9.5,195.9
mpp,8.0,10,ack-1f,w,2,2,0,ctl,ok,0,0,13.1,195.9
mpp,8.0,10,w48-16qam-r1/3,w48,19,1,0,data,ok,18,18,8.7,195.9
mpp,8.0,10,ack-1f,w,3,3,0,ctl,ok,0,0,10.2,195.9
mpp,8.0,10,w48-16qam-r1/3,w48,19,2,1,data,ok,17,17,10.9,195.9
mpp,8.0,10,ack-1f,w,2,2,0,ctl,ok,0,0,11.5,195.9
mpp,8.0,10,w48-16qam-r1/3,w48,19,1,0,data,ok,18,18,9.3,195.9
mpp,8.0,10,ack-1f,w,2,2,0,ctl,ok,0,0,12.0,195.9
mpp,8.0,10,w48-16qam-r1/3,w48,19,1,0,data,ok,18,18,10.4,195.9
mpp,8.0,10,ack-1f,w,2,2,0,ctl,ok,0,0,14.2,195.9
mpp,8.0,10,w48-16qam-r1/3,w48,19,1,0,data,ok,18,18,8.9,195.9
mpp,8.0,10,ack-1f,w,2,2,0,ctl,ok,0,0,15.2,195.9
mpp,8.0,10,w48-16qam-r1/3,w48,19,1,0,data,ok,18,18,9.2,195.9
mpp,8.0,10,ack-1f,w,2,2,0,ctl,ok,0,0,9.9,195.9
mpp,8.0,10,w48-16qam-r1/3,w48,19,1,0,data,ok,18,18,11.2,195.9
mpp,8.0,10,ack-1f,w,2,2,0,ctl,ok,0,0,8.2,195.9
mpp,8.0,10,w48-16qam-r1/3,w48,19,1,0,data,ok,18,18,9.8,195.9
mpp,8.0,10,ack-1f,w,2,2,0,ctl,ok,0,0,10.7,195.9
mpp,8.0,10,w48-16qam-r1/3,w48,19,1,0,data,ctl_lost,18,12,7.6,195.9
mpp,8.0,10,ack-4f,w,3,3,0,ctl,ok,0,0,10.0,195.9
mpp,8.0,10,ack-4f,w,2,2,0,ctl,ok,0,0,12.6,195.9
mpp,8.0,10,w48-qpsk-r1/2,w48,19,1,0,data,ok,18,18,8.8,195.9
mpp,8.0,10,ack-1f,w,2,2,0,ctl,ok,0,0,11.5,195.9
mpp,8.0,10,w48-qpsk-r1/2,w48,19,1,0,data,ok,18,18,9.5,195.9
mpp,8.0,10,ack-1f,w,3,3,0,ctl,ok,0,0,13.9,195.9
mpp,8.0,10,w48-16qam-r1/3,w48,19,2,1,data,ok,17,16,8.0,195.9
mpp,8.0,10,ack-1f,w,4,4,0,ctl,ok,0,0,8.7,195.9
mpp,8.0,10,w48-16qam-r1/3,w48,19,2,1,data,ok,16,16,9.6,195.9
mpp,8.0,10,ack-1f,w,3,3,0,ctl,ok,0,0,12.0,195.9
mpp,8.0,10,w48-16qam-r1/3,w48,19,2,1,data,ok,17,17,10.1,195.9
mpp,8.0,10,ack-1f,w,2,2,0,ctl,ok,0,0,12.6,195.9
mpp,8.0,10,w48-16qam-r1/3,w48,19,1,0,data,ok,18,18,9.8,195.9
mpp,8.0,10,ack-1f,w,2,2,0,ctl,ok,0,0,12.4,195.9
mpp,8.0,10,w48-16qam-r1/3,w48,19,1,0,data,ok,18,18,9.3,195.9
mpp,8.0,10,ack-1f,w,2,2,0,ctl,ok,0,0,9.3,195.9
mpp,8.0,10,w48-16qam-r1/3,w48,19,1,0,data,ok,18,18,8.9,195.9
mpp,8.0,10,ack-1f,w,2,2,0,ctl,ok,0,0,9.6,195.9
mpp,8.0,10,w48-16qam-r1/3,w48,19,1,0,data,ok,18,18,8.7,195.9
mpp,8.0,10,ack-1f,w,3,3,0,ctl,ok,0,0,12.4,195.9
mpp,8.0,10,w48-16qam-r1/3,w48,19,2,1,data,ok,17,17,9.3,195.9
mpp,8.0,10,ack-1f,w,2,2,0,ctl,ok,0,0,13.0,195.9
mpp,8.0,10,w48-16qam-r1/3,w48,19,1,0,data,ok,18,18,9.8,195.9
mpp,8.0,10,ack-1f,w,2,2,0,ctl,ok,0,0,10.9,195.9
mpp,8.0,10,w48-16qam-r1/3,w48,19,1,0,data,ok,18,18,9.4,195.9
mpp,8.0,10,ack-1f,w,2,2,0,ctl,ok,0,0,8.1,195.9
mpp,8.0,10,w48-16qam-r1/3,w48,19,1,0,data,ok,18,18,8.8,195.9
mpp,8.0,10,ack-1f,w,2,2,0,ctl,ok,0,0,8.5,195.9
mpp,8.0,10,w48-16qam-r1/3,w48,19,1,0,data,ok,18,18,8.6,195.9
mpp,8.0,10,ack-1f,w,2,2,0,ctl,ok,0,0,10.2,195.9
mpp,8.0,10,w48-16qam-r1/3,w48,19,1,0,data,ok,18,18,11.1,195.9
mpp,8.0,10,ack-1f,w,2,2,0,ctl,ok,0,0,13.1,195.9
mpp,8.0,10,w48-16qam-r1/3,w48,19,1,0,data,ok,18,18,10.1,195.9
mpp,8.0,10,ack-1f,w,2,2,0,ctl,ok,0,0,6.3,195.9
mpp,8.0,10,w48-16qam-r1/3,w48,19,1,0,data,ok,18,18,9.5,195.9
mpp,8.0,10,ack-1f,w,2,2,0,ctl,ok,0,0,10.3,195.9
mpp,8.0,10,w48-16qam-r1/3,w48,19,1,0,data,ok,18,18,10.5,195.9
mpp,8.0,10,ack-1f,w,2,2,0,ctl,ok,0,0,9.8,195.9
mpp,8.0,10,w48-16qam-r1/3,w48,19,1,0,data,ok,18,18,9.2,195.9
mpp,8.0,10,ack-1f,w,2,2,0,ctl,ok,0,0,10.7,195.9
mpp,8.0,10,w48-16qam-r1/3,w48,19,1,0,data,ok,18,18,9.2,195.9
mpp,8.0,10,ack-1f,w,2,2,0,ctl,ok,0,0,12.9,195.9
mpp,8.0,10,w48-16qam-r1/3,w48,19,1,0,data,ok,18,18,9.8,195.9
mpp,8.0,10,ack-1f,w,2,2,0,ctl,ok,0,0,16.0,195.9
mpp,8.0,10,w48-16qam-r1/3,w48,19,1,0,data,ok,18,18,8.6,195.9
mpp,8.0,10,ack-1f,w,2,2,0,ctl,ok,0,0,14.2,195.9
mpp,8.0,10,w48-16qam-r1/3,w48,19,1,0,data,ok,18,18,8.7,195.9
mpp,8.0,10,ack-1f,w,2,2,0,ctl,ok,0,0,10.2,195.9
mpp,8.0,10,w48-16qam-r1/3,w48,19,1,0,data,ok,18,18,8.9,195.9
mpp,8.0,10,ack-1f,w,2,2,0,ctl,ok,0,0,11.5,195.9
mpp,8.0,10,w48-16qam-r1/3,w48,19,1,0,data,ok,18,18,9.1,195.9
mpp,8.0,10,ack-1f,w,2,2,0,ctl,ok,0,0,12.1,195.9
mpp,8.0,10,w48-16qam-r1/3,w48,19,1,0,data,ok,18,18,8.8,195.9
mpp,8.0,10,ack-1f,w,2,2,0,ctl,ok,0,0,13.7,195.9
mpp,8.0,10,w48-16qam-r1/3,w48,19,1,0,data,ok,18,18,9.9,195.9
mpp,8.0,10,ack-1f,w,2,2,0,ctl,ok,0,0,8.9,195.9
mpp,8.0,10,w48-16qam-r1/3,w48,19,1,0,data,ok,18,18,9.2,195.9
mpp,8.0,10,ack-1f,w,2,2,0,ctl,ok,0,0,8.6,195.9
mpp,8.0,10,w48-16qam-r1/3,w48,19,1,0,data,ok,18,18,10.1,195.9
mpp,8.0,10,ack-1f,w,2,2,0,ctl,ok,0,0,6.1,195.9
mpp,8.0,10,w48-16qam-r1/3,w48,19,1,0,data,ok,18,18,10.3,195.9
mpp,8.0,10,ack-1f,w,2,2,0,ctl,ok,0,0,13.2,195.9
mpp,8.0,10,w48-16qam-r1/3,w48,19,1,0,data,ok,18,18,8.7,195.9
mpp,8.0,10,ack-1f,w,2,2,0,ctl,ok,0,0,6.0,195.9
mpp,8.0,10,w48-16qam-r1/3,w48,19,1,0,data,ok,18,18,9.9,195.9
mpp,8.0,10,ack-1f,w,2,2,0,ctl,ok,0,0,10.3,195.9
mpp,8.0,10,w48-16qam-r1/3,w48,19,1,0,data,ok,18,18,9.6,195.9
mpp,8.0,10,ack-1f,w,2,2,0,ctl,ok,0,0,11.7,195.9
mpp,8.0,10,w48-16qam-r1/3,w48,19,1,0,data,ok,18,18,10.1,195.9
mpd,-4.0,0,qpsk-r1/5,w,1,1,0,ctl,ctl_lost,0,0,1.2,17.0
mpd,-4.0,0,n4-qpsk-r1/3,n4,1,1,0,ctl,ok,0,0,-3.9,17.0
mpd,-4.0,0,n4-qpsk-r1/3,n4,1,1,0,ctl,ok,0,0,-4.6,17.0
mpd,-4.0,0,ack-4f,w,3,3,0,ctl,ok,0,0,-0.4,17.0
mpd,-4.0,0,ack-4f,w,3,3,0,ctl,ok,0,0,-0.8,17.0
mpd,-4.0,0,qpsk-r1/5,w,9,2,1,data,ok,7,7,-2.1,17.0
mpd,-4.0,0,ack-4f,w,3,3,0,ctl,ok,0,0,-2.8,17.0
mpd,-4.0,0,qpsk-r1/5,w,9,2,1,data,ok,7,7,-1.4,17.0
mpd,-4.0,0,ack-4f,w,3,3,0,ctl,ok,0,0,-2.3,17.0
mpd,-4.0,0,qpsk-r1/5,w,9,2,1,data,ok,7,7,-1.1,17.0
mpd,-4.0,0,ack-4f,w,3,3,0,ctl,ok,0,0,0.5,17.0
mpd,-4.0,0,qpsk-r1/5,w,9,2,1,data,ok,7,6,-1.0,17.0
mpd,-4.0,0,ack-4f,w,3,3,0,ctl,ok,0,0,1.7,17.0
mpd,-4.0,0,qpsk-r1/5,w,9,1,0,data,ok,7,7,-1.1,17.0
mpd,-4.0,0,ack-4f,w,3,3,0,ctl,ok,0,0,-3.1,17.0
mpd,-4.0,0,qpsk-r1/5,w,9,2,1,data,ok,7,7,-1.2,17.0
mpd,-4.0,0,ack-4f,w,3,3,0,ctl,ok,0,0,0.1,17.0
mpd,-4.0,0,qpsk-r1/5,w,9,2,1,data,ok,7,7,-1.0,17.0
mpd,-4.0,0,ack-4f,w,2,2,0,ctl,ok,0,0,-3.4,17.0
mpd,-4.0,0,qpsk-r1/5,w,9,1,0,data,ok,8,8,-1.0,17.0
mpd,-4.0,0,ack-4f,w,2,2,0,ctl,ok,0,0,-0.2,17.0
mpd,-4.0,0,qpsk-r1/5,w,9,1,0,data,ok,8,8,-0.5,17.0
mpd,-4.0,0,ack-4f,w,2,2,0,ctl,ok,0,0,-0.8,17.0
mpd,-4.0,0,qpsk-r1/5,w,9,1,0,data,ctl_lost,8,0,-2.9,17.0
mpd,-4.0,0,ack-4f,w,3,3,0,ctl,ok,0,0,-0.9,17.0
mpd,-4.0,0,ack-4f,w,3,3,0,ctl,ok,0,0,0.3,17.0
mpd,-4.0,0,qpsk-r1/5,w,9,2,1,data,ok,7,7,-2.0,17.0
mpd,-4.0,0,ack-4f,w,3,3,0,ctl,ok,0,0,-2.4,17.0
mpd,-4.0,0,qpsk-r1/5,w,9,2,1,data,ok,7,3,-1.4,17.0
mpd,-4.0,0,ack-4f,w,3,3,,ctl,missed,0,0,,17.0
mpd,-4.0,0,ack-4f,w,3,3,0,ctl,ok,0,0,-4.4,17.0
mpd,-4.0,0,ack-4f,w,3,3,0,ctl,ok,0,0,0.2,17.0
mpd,-4.0,0,qpsk-r1/5,w,9,2,1,data,ok,7,6,-2.3,17.0
mpd,-4.0,0,ack-4f,w,3,3,0,ctl,ok,0,0,-1.8,17.0
mpd,-4.0,0,qpsk-r1/5,w,9,2,1,data,ok,6,6,-1.2,17.0
mpd,-4.0,0,ack-4f,w,2,2,0,ctl,ok,0,0,1.2,17.0
mpd,-4.0,0,qpsk-r1/5,w,9,1,0,data,ok,8,8,-1.1,17.0
mpd,-4.0,0,ack-4f,w,2,2,0,ctl,ok,0,0,-0.5,17.0
mpd,-4.0,0,qpsk-r1/5,w,9,1,0,data,ok,8,8,-1.6,17.0
mpd,-4.0,0,ack-4f,w,2,2,0,ctl,ok,0,0,-1.2,17.0
mpd,-4.0,0,qpsk-r1/5,w,9,1,0,data,ctl_lost,8,5,-2.8,17.0
mpd,-4.0,0,ack-4f,w,3,3,0,ctl,ok,0,0,1.2,17.0
mpd,-4.0,0,ack-4f,w,3,3,0,ctl,ok,0,0,-0.5,17.0
mpd,-4.0,0,qpsk-r1/5,w,9,2,1,data,ok,7,0,-3.2,17.0
mpd,-4.0,0,ack-4f,w,3,3,0,ctl,ok,0,0,-1.0,17.0
mpd,-4.0,0,qpsk-r1/5,w,9,2,1,data,ok,0,0,-1.7,17.0
mpd,-4.0,0,ack-4f,w,3,3,0,ctl,ok,0,0,-1.6,17.0
mpd,-4.0,0,qpsk-r1/5,w,9,2,1,data,ok,7,7,-0.7,17.0
mpd,-4.0,0,ack-4f,w,2,2,0,ctl,ok,0,0,-2.6,17.0
mpd,-4.0,0,qpsk-r1/5,w,9,1,0,data,ok,8,8,-2.3,17.0
mpd,-4.0,0,ack-4f,w,3,3,0,ctl,ok,0,0,-0.4,17.0
mpd,-4.0,0,qpsk-r1/5,w,9,2,1,data,ok,7,7,0.0,17.0
mpd,-4.0,0,ack-4f,w,2,2,0,ctl,ok,0,0,1.4,17.0
mpd,-4.0,0,qpsk-r1/5,w,9,1,0,data,ok,8,8,-0.9,17.0
mpd,-4.0,0,ack-4f,w,2,2,0,ctl,ok,0,0,-1.7,17.0
mpd,-4.0,0,qpsk-r1/5,w,9,1,0,data,ok,8,8,-1.8,17.0
mpd,-4.0,0,ack-4f,w,2,2,0,ctl,ok,0,0,-3.8,17.0
mpd,-4.0,0,qpsk-r1/5,w,9,1,0,data,ok,8,8,-2.0,17.0
mpd,-4.0,0,ack-4f,w,2,2,0,ctl,ok,0,0,-2.9,17.0
mpd,-4.0,0,qpsk-r1/5,w,9,1,0,data,ctl_lost,8,1,-2.8,17.0
mpd,-4.0,0,ack-4f,w,3,3,0,ctl,ok,0,0,-1.8,17.0
mpd,-4.0,0,ack-4f,w,3,3,0,ctl,ok,0,0,-0.4,17.0
mpd,-4.0,0,qpsk-r1/5,w,9,2,1,data,ok,7,0,-1.9,17.0
mpd,-4.0,0,ack-4f,w,3,3,0,ctl,ok,0,0,-0.3,17.0
mpd,-4.0,0,qpsk-r1/5,w,9,2,1,data,ok,0,0,-2.4,17.0
mpd,-4.0,0,ack-4f,w,3,3,0,ctl,ok,0,0,-0.8,17.0
mpd,-4.0,0,qpsk-r1/5,w,9,2,1,data,ok,7,7,-2.3,17.0
mpd,-4.0,0,ack-4f,w,3,3,0,ctl,ok,0,0,0.8,17.0
mpd,-4.0,0,qpsk-r1/5,w,9,2,1,data,ok,7,0,-1.9,17.0
mpd,-4.0,0,ack-4f,w,3,3,0,ctl,ok,0,0,-1.5,17.0
mpd,-4.0,0,qpsk-r1/5,w,9,1,0,data,ok,2,2,-0.9,17.0
mpd,-4.0,0,ack-4f,w,2,2,0,ctl,ok,0,0,0.6,17.0
mpd,-4.0,0,qpsk-r1/5,w,9,1,0,data,ok,8,8,-1.1,17.0
mpd,-4.0,0,ack-4f,w,2,2,0,ctl,ok,0,0,-3.0,17.0
mpd,-4.0,0,qpsk-r1/5,w,9,1,0,data,ok,8,8,-1.6,17.0
mpd,-4.0,0,ack-4f,w,2,2,0,ctl,ok,0,0,-5.3,17.0
mpd,-4.0,0,qpsk-r1/5,w,9,1,0,data,ok,8,8,-0.6,17.0
mpd,-4.0,0,ack-4f,w,2,2,0,ctl,ok,0,0,-1.3,17.0
mpd,-4.0,0,qpsk-r1/5,w,9,1,0,data,ok,8,8,-1.7,17.0
mpd,-4.0,0,ack-4f,w,2,2,0,ctl,ok,0,0,-4.1,17.0
mpd,-4.0,0,qpsk-r1/5,w,9,1,0,data,ctl_lost,8,0,-1.5,17.0
mpd,-4.0,0,ack-4f,w,3,3,0,ctl,ok,0,0,-1.5,17.0
mpd,-4.0,0,ack-4f,w,3,3,0,ctl,ok,0,0,-1.3,17.0
mpd,-4.0,0,qpsk-r1/5,w,9,2,1,data,ok,7,7,-0.7,17.0
mpd,-4.0,0,ack-4f,w,3,3,0,ctl,ok,0,0,-0.4,17.0
mpd,-4.0,0,qpsk-r1/5,w,9,2,1,data,ok,7,7,-1.0,17.0
mpd,-4.0,0,ack-4f,w,3,3,,ctl,missed,0,0,,17.0
mpd,-4.0,0,ack-4f,w,3,3,0,ctl,ok,0,0,-0.8,17.0
mpd,-4.0,0,ack-4f,w,3,3,0,ctl,ok,0,0,-1.5,17.0
mpd,-4.0,0,qpsk-r1/5,w,9,2,1,data,ok,7,0,-2.5,17.0
mpd,-4.0,0,ack-4f,w,3,3,0,ctl,ok,0,0,0.9,17.0
mpd,-4.0,0,qpsk-r1/5,w,9,2,1,data,ok,0,0,-0.8,17.0
mpd,-4.0,2,qpsk-r1/5,w,1,1,0,ctl,ctl_lost,0,0,-2.3,15.7
mpd,-4.0,2,n4-qpsk-r1/3,n4,1,1,0,ctl,ok,0,0,-5.0,15.7
mpd,-4.0,2,n4-qpsk-r1/3,n4,1,1,0,ctl,ok,0,0,-9.4,15.7
mpd,-4.0,2,ack-4f,w,3,3,0,ctl,ok,0,0,-0.6,15.7
mpd,-4.0,2,n10-ack-4f,n10,3,3,0,ctl,ok,0,0,-1.3,15.7
mpd,-4.0,2,qpsk-r1/5,w,9,2,1,data,ok,7,1,-2.1,15.7
mpd,-4.0,2,ack-4f,w,3,3,0,ctl,ok,0,0,-0.8,15.7
mpd,-4.0,2,qpsk-r1/5,w,9,2,1,data,ok,1,0,-0.5,15.7
mpd,-4.0,2,ack-4f,w,3,3,0,ctl,ok,0,0,0.8,15.7
mpd,-4.0,2,qpsk-r1/5,w,9,2,1,data,ok,7,7,-1.0,15.7
mpd,-4.0,2,ack-4f,w,3,3,,ctl,missed,0,0,,15.7
mpd,-4.0,2,ack-4f,w,3,3,0,ctl,ok,0,0,-3.6,15.7
mpd,-4.0,2,ack-4f,w,3,3,0,ctl,ok,0,0,1.4,15.7
mpd,-4.0,2,qpsk-r1/5,w,9,2,1,data,ok,7,1,-2.5,15.7
mpd,-4.0,2,ack-4f,w,3,3,0,ctl,ok,0,0,-2.6,15.7
mpd,-4.0,2,qpsk-r1/5,w,9,2,1,data,ok,2,0,-2.7,15.7
mpd,-4.0,2,ack-4f,w,3,3,0,ctl,ok,0,0,-2.0,15.7
mpd,-4.0,2,qpsk-r1/5,w,9,2,1,data,ok,6,6,-1.2,15.7
mpd,-4.0,2,n10-ack-4f,n10,2,2,0,ctl,ok,0,0,0.1,15.7
mpd,-4.0,2,qpsk-r1/5,w,9,1,0,data,ok,8,7,-1.7,15.7
mpd,-4.0,2,ack-4f,w,3,3,0,ctl,ok,0,0,-2.3,15.7
mpd,-4.0,2,qpsk-r1/5,w,9,1,,data,missed,0,0,,15.7
mpd,-4.0,2,ack-4f,w,3,3,0,ctl,ok,0,0,-1.6,15.7
mpd,-4.0,2,ack-4f,w,3,3,0,ctl,ok,0,0,-4.5,15.7
mpd,-4.0,2,qpsk-r1/5,w,9,2,,data,missed,0,0,,15.7
mpd,-4.0,2,ack-4f,w,2,2,0,ctl,ok,0,0,-3.5,15.7
mpd,-4.0,2,ack-4f,w,3,3,0,ctl,ok,0,0,-2.0,15.7
mpd,-4.0,2,qpsk-r1/5,w,9,2,1,data,ok,6,6,-0.6,15.7
mpd,-4.0,2,n10-ack-4f,n10,2,2,,ctl,missed,0,0,,15.7
mpd,-4.0,2,ack-4f,w,3,3,0,ctl,ok,0,0,0.2,15.7
mpd,-4.0,2,ack-4f,w,2,2,0,ctl,ok,0,0,-2.1,15.7
mpd,-4.0,2,qpsk-r1/5,w,9,1,0,data,ok,8,7,-0.8,15.7
mpd,-4.0,2,n10-ack-4f,n10,3,3,,ctl,missed,0,0,,15.7
mpd,-4.0,2,ack-4f,w,3,3,0,ctl,ok,0,0,-3.0,15.7
mpd,-4.0,2,ack-4f,w,3,3,0,ctl,ok,0,0,-3.0,15.7
mpd,-4.0,2,qpsk-r1/5,w,9,1,0,data,ok,8,8,-0.7,15.7
mpd,-4.0,2,n10-ack-4f,n10,2,2,0,ctl,ok,0,0,-0.5,15.7
mpd,-4.0,2,qpsk-r1/5,w,9,1,0,data,ok,8,8,-0.9,15.7
mpd,-4.0,2,ack-4f,w,2,2,0,ctl,ok,0,0,-2.0,15.7
mpd,-4.0,2,qpsk-r1/5,w,9,1,0,data,ok,8,8,1.6,15.7
mpd,-4.0,2,ack-4f,w,2,2,0,ctl,ok,0,0,-0.7,15.7
mpd,-4.0,2,qpsk-r1/5,w,9,1,0,data,ok,8,8,0.2,15.7
mpd,-4.0,2,ack-4f,w,2,2,0,ctl,ok,0,0,-1.2,15.7
mpd,-4.0,2,qpsk-r1/5,w,9,1,0,data,ok,8,8,-1.1,15.7
mpd,-4.0,2,ack-4f,w,2,2,0,ctl,ok,0,0,-1.9,15.7
mpd,-4.0,2,qpsk-r1/5,w,9,1,0,data,ok,8,8,-0.1,15.7
mpd,-4.0,2,ack-4f,w,2,2,,ctl,missed,0,0,,15.7
mpd,-4.0,2,ack-4f,w,3,3,0,ctl,ok,0,0,-1.0,15.7
mpd,-4.0,2,ack-4f,w,2,2,0,ctl,ok,0,0,-2.6,15.7
mpd,-4.0,2,qpsk-r1/5,w,9,1,0,data,ok,8,8,-1.4,15.7
mpd,-4.0,2,ack-4f,w,2,2,0,ctl,ok,0,0,0.0,15.7
mpd,-4.0,2,qpsk-r1/5,w,9,1,0,data,ctl_lost,8,3,-2.9,15.7
mpd,-4.0,2,ack-4f,w,3,3,0,ctl,ok,0,0,-1.8,15.7
mpd,-4.0,2,ack-4f,w,3,3,0,ctl,ok,0,0,-3.4,15.7
mpd,-4.0,2,qpsk-r1/5,w,9,2,1,data,ok,7,7,-1.9,15.7
mpd,-4.0,2,ack-4f,w,3,3,0,ctl,ok,0,0,2.1,15.7
mpd,-4.0,2,qpsk-r1/5,w,9,2,1,data,ok,7,0,-1.8,15.7
mpd,-4.0,2,ack-4f,w,3,3,0,ctl,ok,0,0,0.0,15.7
mpd,-4.0,2,qpsk-r1/5,w,9,2,1,data,ok,1,0,-3.1,15.7
mpd,-4.0,2,ack-4f,w,3,3,0,ctl,ok,0,0,-2.3,15.7
mpd,-4.0,2,qpsk-r1/5,w,9,2,1,data,ok,6,6,-0.7,15.7
mpd,-4.0,2,ack-4f,w,2,2,0,ctl,ok,0,0,-0.7,15.7
mpd,-4.0,2,qpsk-r1/5,w,9,1,0,data,ctl_lost,8,0,-2.1,15.7
mpd,-4.0,2,ack-4f,w,3,3,0,ctl,ok,0,0,-1.9,15.7
mpd,-4.0,2,ack-4f,w,3,3,0,ctl,ok,0,0,0.3,15.7
mpd,-4.0,2,qpsk-r1/5,w,9,2,1,data,ok,7,7,-1.1,15.7
mpd,-4.0,2,ack-4f,w,3,3,0,ctl,ok,0,0,-0.7,15.7
mpd,-4.0,2,qpsk-r1/5,w,9,2,1,data,ok,7,7,-0.1,15.7
mpd,-4.0,2,ack-4f,w,2,2,0,ctl,ok,0,0,-1.8,15.7
mpd,-4.0,2,qpsk-r1/5,w,9,1,0,data,ok,8,2,-1.6,15.7
mpd,-4.0,2,ack-4f,w,3,3,0,ctl,ok,0,0,-0.8,15.7
mpd,-4.0,2,qpsk-r1/5,w,9,1,0,data,ok,2,2,-0.9,15.7
mpd,-4.0,2,ack-4f,w,2,2,0,ctl,ok,0,0,-0.2,15.7
mpd,-4.0,2,qpsk-r1/5,w,9,1,0,data,ok,8,8,-1.2,15.7
mpd,-4.0,2,ack-4f,w,2,2,0,ctl,ok,0,0,0.2,15.7
mpd,-4.0,2,qpsk-r1/5,w,9,1,0,data,ctl_lost,8,7,-2.3,15.7
mpd,-4.0,2,ack-4f,w,3,3,0,ctl,ok,0,0,-1.4,15.7
mpd,-4.0,2,ack-4f,w,3,3,0,ctl,ok,0,0,0.1,15.7
mpd,-4.0,2,qpsk-r1/5,w,9,2,1,data,ok,7,5,-1.5,15.7
mpd,-4.0,2,ack-4f,w,3,3,0,ctl,ok,0,0,-0.8,15.7
mpd,-4.0,2,qpsk-r1/5,w,9,2,1,data,ok,5,5,-1.4,15.7
mpd,-4.0,2,ack-4f,w,3,3,0,ctl,ok,0,0,1.1,15.7
mpd,-4.0,2,qpsk-r1/5,w,9,2,1,data,ok,7,4,-1.1,15.7
mpd,-4.0,2,ack-4f,w,3,3,0,ctl,ok,0,0,1.5,15.7
mpd,-4.0,2,qpsk-r1/5,w,9,2,1,data,ok,6,0,-2.3,15.7
mpd,-4.0,2,ack-4f,w,3,3,0,ctl,ok,0,0,-2.5,15.7
mpd,-4.0,2,qpsk-r1/5,w,9,2,1,data,ok,3,2,-0.9,15.7
mpd,-4.0,2,ack-4f,w,3,3,0,ctl,ok,0,0,1.4,15.7
mpd,-4.0,2,qpsk-r1/5,w,9,2,1,data,ok,7,2,-1.3,15.7
mpd,-4.0,2,ack-4f,w,3,3,0,ctl,ok,0,0,-2.6,15.7
mpd,-4.0,2,qpsk-r1/5,w,9,1,0,data,ok,3,3,-0.8,15.7
mpd,-4.0,2,ack-4f,w,2,2,0,ctl,ok,0,0,-3.2,15.7
mpd,-4.0,2,qpsk-r1/5,w,9,1,0,data,ok,8,8,-0.4,15.7
mpd,-4.0,2,ack-4f,w,2,2,0,ctl,ok,0,0,-3.0,15.7
mpd,-4.0,2,qpsk-r1/5,w,9,1,0,data,ok,8,8,-1.2,15.7
mpd,-4.0,3,qpsk-r1/5,w,1,1,0,ctl,ok,0,0,-2.5,14.9
mpd,-4.0,3,qpsk-r1/5,w,1,1,0,ctl,ctl_lost,0,0,-0.9,14.9
mpd,-4.0,3,n4-qpsk-r1/3,n4,1,1,0,ctl,ok,0,0,-3.1,14.9
mpd,-4.0,3,n4-qpsk-r1/3,n4,1,1,,ctl,missed,0,0,,14.9
mpd,-4.0,3,n4-qpsk-r1/3,n4,1,1,,ctl,missed,0,0,,14.9
mpd,-4.0,3,n4-qpsk-r1/3,n4,1,1,0,ctl,ok,0,0,-4.9,14.9
mpd,-4.0,3,n4-qpsk-r1/3,n4,1,1,,ctl,missed,0,0,,14.9
mpd,-4.0,3,n4-qpsk-r1/3,n4,1,1,0,ctl,ok,0,0,-3.9,14.9
mpd,-4.0,3,n4-qpsk-r1/3,n4,1,1,0,ctl,ok,0,0,-1.7,14.9
mpd,-4.0,3,ack-4f,w,3,3,0,ctl,ok,0,0,-4.9,14.9
mpd,-4.0,3,ack-4f,w,3,3,0,ctl,ok,0,0,-0.1,14.9
mpd,-4.0,3,fsk32r62-r1/2,c32r62,10,2,1,data,ok,8,8,-1.4,14.9
mpd,-4.0,3,ack-4f,w,3,3,0,ctl,ok,0,0,-0.6,14.9
mpd,-4.0,3,qpsk-r1/5,w,9,2,1,data,ok,7,7,-2.5,14.9
mpd,-4.0,3,ack-4f,w,3,3,0,ctl,ok,0,0,-1.7,14.9
mpd,-4.0,3,qpsk-r1/5,w,9,2,1,data,ok,7,6,-2.3,14.9
mpd,-4.0,3,ack-4f,w,3,3,0,ctl,ok,0,0,-0.1,14.9
mpd,-4.0,3,qpsk-r1/5,w,9,2,1,data,ok,6,6,-1.0,14.9
mpd,-4.0,3,ack-4f,w,3,3,0,ctl,ok,0,0,-0.8,14.9
mpd,-4.0,3,qpsk-r1/5,w,9,2,1,data,ok,7,7,-1.4,14.9
mpd,-4.0,3,ack-4f,w,3,3,0,ctl,ok,0,0,-1.9,14.9
mpd,-4.0,3,qpsk-r1/5,w,9,2,1,data,ok,7,7,-1.2,14.9
mpd,-4.0,3,ack-4f,w,3,3,0,ctl,ok,0,0,-3.4,14.9
mpd,-4.0,3,qpsk-r1/5,w,9,2,1,data,ok,7,1,-1.4,14.9
mpd,-4.0,3,ack-4f,w,3,3,0,ctl,ok,0,0,-0.9,14.9
mpd,-4.0,3,qpsk-r1/5,w,9,2,1,data,ok,3,1,-0.4,14.9
mpd,-4.0,3,ack-4f,w,2,2,0,ctl,ok,0,0,-0.6,14.9
mpd,-4.0,3,qpsk-r1/5,w,9,1,0,data,ctl_lost,8,0,-3.2,14.9
mpd,-4.0,3,ack-4f,w,3,3,0,ctl,ok,0,0,-2.6,14.9
mpd,-4.0,3,ack-4f,w,3,3,0,ctl,ok,0,0,-1.2,14.9
mpd,-4.0,3,qpsk-r1/5,w,9,2,1,data,ok,7,7,-1.4,14.9
mpd,-4.0,3,ack-4f,w,3,3,0,ctl,ok,0,0,-3.0,14.9
mpd,-4.0,3,qpsk-r1/5,w,9,2,1,data,ok,7,5,-1.7,14.9
mpd,-4.0,3,ack-4f,w,3,3,0,ctl,ok,0,0,-1.8,14.9
mpd,-4.0,3,qpsk-r1/5,w,9,2,1,data,ok,7,7,-1.0,14.9
mpd,-4.0,3,ack-4f,w,3,3,0,ctl,ok,0,0,-1.4,14.9
mpd,-4.0,3,qpsk-r1/5,w,9,2,1,data,ok,7,0,-2.9,14.9
mpd,-4.0,3,ack-4f,w,3,3,0,ctl,ok,0,0,-0.6,14.9
mpd,-4.0,3,qpsk-r1/5,w,9,2,1,data,ok,0,0,0.6,14.9
mpd,-4.0,3,ack-4f,w,2,2,0,ctl,ok,0,0,-1.1,14.9
mpd,-4.0,3,qpsk-r1/5,w,9,1,0,data,ok,8,8,-1.8,14.9
mpd,-4.0,3,ack-4f,w,2,2,0,ctl,ok,0,0,-1.7,14.9
mpd,-4.0,3,qpsk-r1/5,w,9,1,0,data,ok,8,8,-1.3,14.9
mpd,-4.0,3,ack-4f,w,2,2,0,ctl,ok,0,0,-2.5,14.9
mpd,-4.0,3,qpsk-r1/5,w,9,1,0,data,ok,8,8,-2.3,14.9
mpd,-4.0,3,ack-4f,w,2,2,0,ctl,ok,0,0,1.6,14.9
mpd,-4.0,3,qpsk-r1/5,w,9,1,0,data,ok,8,5,-1.2,14.9
mpd,-4.0,3,ack-4f,w,3,3,0,ctl,ok,0,0,-0.0,14.9
mpd,-4.0,3,qpsk-r1/5,w,9,1,0,data,ok,5,5,-1.6,14.9
mpd,-4.0,3,ack-4f,w,2,2,,ctl,missed,0,0,,14.9
mpd,-4.0,3,ack-4f,w,3,3,0,ctl,ok,0,0,-4.1,14.9
mpd,-4.0,3,ack-4f,w,3,3,0,ctl,ok,0,0,-0.7,14.9
mpd,-4.0,3,qpsk-r1/5,w,9,2,1,data,ok,7,7,-0.9,14.9
mpd,-4.0,3,ack-4f,w,2,2,0,ctl,ok,0,0,-4.6,14.9
mpd,-4.0,3,qpsk-r1/5,w,9,1,0,data,ok,8,8,-0.2,14.9
mpd,-4.0,3,ack-4f,w,2,2,0,ctl,ok,0,0,-1.0,14.9
mpd,-4.0,3,qpsk-r1/5,w,9,1,0,data,ctl_lost,8,0,-1.7,14.9
mpd,-4.0,3,ack-4f,w,3,3,0,ctl,ok,0,0,-2.9,14.9
mpd,-4.0,3,ack-4f,w,3,3,0,ctl,ok,0,0,-2.6,14.9
mpd,-4.0,3,qpsk-r1/5,w,9,2,1,data,ok,7,7,0.5,14.9
mpd,-4.0,3,ack-4f,w,2,2,0,ctl,ok,0,0,-1.1,14.9
mpd,-4.0,3,qpsk-r1/5,w,9,1,0,data,ok,8,7,-1.7,14.9
mpd,-4.0,3,ack-4f,w,3,3,0,ctl,ok,0,0,-2.1,14.9
mpd,-4.0,3,qpsk-r1/5,w,9,1,0,data,ok,7,7,-0.6,14.9
mpd,-4.0,3,ack-4f,w,2,2,0,ctl,ok,0,0,-2.6,14.9
mpd,-4.0,3,qpsk-r1/5,w,9,1,0,data,ctl_lost,8,1,-1.9,14.9
mpd,-4.0,3,ack-4f,w,3,3,0,ctl,ok,0,0,-2.3,14.9
mpd,-4.0,3,ack-4f,w,3,3,0,ctl,ok,0,0,-2.4,14.9
mpd,-4.0,3,qpsk-r1/5,w,9,2,1,data,ok,7,7,-1.4,14.9
mpd,-4.0,3,ack-4f,w,3,3,0,ctl,ok,0,0,-2.7,14.9
mpd,-4.0,3,qpsk-r1/5,w,9,2,1,data,ok,7,0,-2.1,14.9
mpd,-4.0,3,ack-4f,w,3,3,0,ctl,ok,0,0,-0.1,14.9
mpd,-4.0,3,qpsk-r1/5,w,9,2,1,data,ok,1,1,-0.3,14.9
mpd,-4.0,3,ack-4f,w,2,2,0,ctl,ok,0,0,-0.6,14.9
mpd,-4.0,3,qpsk-r1/5,w,9,1,0,data,ok,8,8,-1.3,14.9
mpd,-4.0,3,ack-4f,w,2,2,0,ctl,ok,0,0,0.0,14.9
mpd,-4.0,3,qpsk-r1/5,w,9,1,0,data,ok,8,4,-2.1,14.9
mpd,-4.0,3,ack-4f,w,3,3,0,ctl,ok,0,0,-0.7,14.9
mpd,-4.0,3,qpsk-r1/5,w,9,2,1,data,ok,3,1,-0.8,14.9
mpd,-4.0,3,ack-4f,w,3,3,0,ctl,ok,0,0,-2.2,14.9
mpd,-4.0,3,qpsk-r1/5,w,9,1,0,data,ok,7,7,-1.7,14.9
mpd,-4.0,3,ack-4f,w,2,2,0,ctl,ok,0,0,-1.5,14.9
mpd,-4.0,3,qpsk-r1/5,w,9,1,0,data,ok,8,6,-1.3,14.9
mpd,-4.0,3,ack-4f,w,3,3,0,ctl,ok,0,0,-0.7,14.9
mpd,-4.0,3,qpsk-r1/5,w,9,1,0,data,ctl_lost,6,0,-2.8,14.9
mpd,-4.0,3,ack-4f,w,3,3,0,ctl,ok,0,0,1.7,14.9
mpd,-4.0,3,ack-4f,w,3,3,0,ctl,ok,0,0,0.1,14.9
mpd,-4.0,3,qpsk-r1/5,w,9,1,0,data,ctl_lost,6,1,-2.5,14.9
mpd,-4.0,3,ack-4f,w,3,3,0,ctl,ok,0,0,-4.3,14.9
mpd,-4.0,7,qpsk-r1/5,w,1,1,0,ctl,ok,0,0,0.1,18.3
mpd,-4.0,7,qpsk-r1/5,w,1,1,0,ctl,ok,0,0,0.3,18.3
mpd,-4.0,7,ack-4f,w,3,3,0,ctl,ok,0,0,-1.5,18.3
mpd,-4.0,7,ack-4f,w,3,3,0,ctl,ok,0,0,-3.3,18.3
mpd,-4.0,7,qpsk-r1/5,w,9,2,1,data,ok,7,7,-0.8,18.3
mpd,-4.0,7,ack-4f,w,3,3,0,ctl,ok,0,0,-2.4,18.3
mpd,-4.0,7,qpsk-r1/5,w,9,2,1,data,ok,7,7,-1.8,18.3
mpd,-4.0,7,n4-ack-8f,n4,3,3,0,ctl,ok,0,0,-3.7,18.3
mpd,-4.0,7,qpsk-r1/5,w,9,2,1,data,ok,7,6,-2.3,18.3
mpd,-4.0,7,ack-4f,w,3,3,0,ctl,ok,0,0,-2.1,18.3
mpd,-4.0,7,qpsk-r1/5,w,9,2,1,data,ok,6,6,-1.4,18.3
mpd,-4.0,7,ack-4f,w,3,3,0,ctl,ok,0,0,0.7,18.3
mpd,-4.0,7,qpsk-r1/5,w,9,2,1,data,ok,7,2,-2.2,18.3
mpd,-4.0,7,ack-4f,w,3,3,0,ctl,ok,0,0,-4.7,18.3
mpd,-4.0,7,qpsk-r1/5,w,9,2,1,data,ok,2,2,-0.8,18.3
mpd,-4.0,7,ack-4f,w,3,3,0,ctl,ok,0,0,-0.5,18.3
mpd,-4.0,7,qpsk-r1/5,w,9,2,1,data,ok,7,7,-2.4,18.3
mpd,-4.0,7,ack-4f,w,3,3,0,ctl,ok,0,0,0.9,18.3
mpd,-4.0,7,qpsk-r1/5,w,9,2,1,data,ok,7,7,-1.8,18.3
mpd,-4.0,7,ack-4f,w,3,3,0,ctl,ok,0,0,-2.0,18.3
mpd,-4.0,7,qpsk-r1/5,w,9,2,1,data,ok,7,7,-1.9,18.3
mpd,-4.0,7,ack-4f,w,2,2,0,ctl,ok,0,0,-1.8,18.3
mpd,-4.0,7,qpsk-r1/5,w,9,1,0,data,ctl_lost,8,0,-2.0,18.3
mpd,-4.0,7,ack-4f,w,3,3,0,ctl,ok,0,0,-2.1,18.3
mpd,-4.0,7,ack-4f,w,3,3,0,ctl,ok,0,0,0.7,18.3
mpd,-4.0,7,qpsk-r1/5,w,9,2,1,data,ok,7,7,-0.6,18.3
mpd,-4.0,7,ack-4f,w,3,3,0,ctl,ok,0,0,-4.2,18.3
mpd,-4.0,7,qpsk-r1/5,w,9,2,,data,missed,0,0,,18.3
mpd,-4.0,7,ack-4f,w,3,3,0,ctl,ok,0,0,-1.1,18.3
mpd,-4.0,7,ack-4f,w,3,3,0,ctl,ok,0,0,-2.6,18.3
mpd,-4.0,7,qpsk-r1/5,w,9,2,1,data,ok,7,7,-0.7,18.3
mpd,-4.0,7,ack-4f,w,3,3,0,ctl,ok,0,0,-1.9,18.3
mpd,-4.0,7,qpsk-r1/5,w,9,2,1,data,ok,7,7,0.0,18.3
mpd,-4.0,7,ack-4f,w,2,2,0,ctl,ok,0,0,-1.9,18.3
mpd,-4.0,7,qpsk-r1/5,w,9,1,0,data,ok,8,8,-2.4,18.3
mpd,-4.0,7,ack-4f,w,2,2,0,ctl,ok,0,0,-0.8,18.3
mpd,-4.0,7,qpsk-r1/5,w,9,1,0,data,ok,8,8,-0.5,18.3
mpd,-4.0,7,ack-4f,w,2,2,0,ctl,ok,0,0,-5.4,18.3
mpd,-4.0,7,qpsk-r1/5,w,9,1,0,data,ok,8,8,-1.9,18.3
mpd,-4.0,7,ack-4f,w,2,2,0,ctl,ok,0,0,-2.2,18.3
mpd,-4.0,7,qpsk-r1/5,w,9,1,0,data,ok,8,8,-1.8,18.3
mpd,-4.0,7,ack-4f,w,2,2,,ctl,missed,0,0,,18.3
mpd,-4.0,7,ack-4f,w,3,3,0,ctl,ok,0,0,-1.1,18.3
mpd,-4.0,7,ack-4f,w,3,3,0,ctl,ok,0,0,-3.1,18.3
mpd,-4.0,7,qpsk-r1/5,w,9,2,1,data,ok,7,7,-1.0,18.3
mpd,-4.0,7,ack-4f,w,2,2,0,ctl,ok,0,0,-0.6,18.3
mpd,-4.0,7,qpsk-r1/5,w,9,1,0,data,ctl_lost,8,1,-1.2,18.3
mpd,-4.0,7,ack-4f,w,3,3,0,ctl,ok,0,0,-0.3,18.3
mpd,-4.0,7,ack-4f,w,3,3,0,ctl,ok,0,0,-1.2,18.3
mpd,-4.0,7,qpsk-r1/5,w,9,2,1,data,ok,7,7,-1.1,18.3
mpd,-4.0,7,ack-4f,w,3,3,0,ctl,ok,0,0,1.0,18.3
mpd,-4.0,7,qpsk-r1/5,w,9,2,1,data,ok,7,0,-1.9,18.3
mpd,-4.0,7,ack-4f,w,3,3,0,ctl,ok,0,0,-1.0,18.3
mpd,-4.0,7,qpsk-r1/5,w,9,2,1,data,ok,0,0,-2.7,18.3
mpd,-4.0,7,ack-4f,w,3,3,0,ctl,ok,0,0,-2.7,18.3
mpd,-4.0,7,qpsk-r1/5,w,9,2,1,data,ok,7,7,-0.7,18.3
mpd,-4.0,7,ack-4f,w,2,2,0,ctl,ok,0,0,-3.9,18.3
mpd,-4.0,7,qpsk-r1/5,w,9,1,0,data,ok,8,8,-0.3,18.3
mpd,-4.0,7,ack-4f,w,2,2,0,ctl,ok,0,0,-5.2,18.3
mpd,-4.0,7,qpsk-r1/5,w,9,1,0,data,ctl_lost,8,4,-1.8,18.3
mpd,-4.0,7,ack-4f,w,3,3,0,ctl,ok,0,0,-1.4,18.3
mpd,-4.0,7,ack-4f,w,3,3,0,ctl,ok,0,0,-2.7,18.3
mpd,-4.0,7,qpsk-r1/5,w,9,2,1,data,ok,7,6,-1.7,18.3
mpd,-4.0,7,ack-4f,w,3,3,0,ctl,ok,0,0,-2.5,18.3
mpd,-4.0,7,qpsk-r1/5,w,9,2,1,data,ok,6,6,0.8,18.3
mpd,-4.0,7,ack-4f,w,2,2,0,ctl,ok,0,0,-3.1,18.3
mpd,-4.0,7,qpsk-r1/5,w,9,1,0,data,ok,8,8,-1.8,18.3
mpd,-4.0,7,ack-4f,w,2,2,0,ctl,ok,0,0,-0.2,18.3
mpd,-4.0,7,qpsk-r1/5,w,9,1,0,data,ok,8,8,-1.2,18.3
mpd,-4.0,7,ack-4f,w,3,3,0,ctl,ok,0,0,-1.4,18.3
mpd,-4.0,7,qpsk-r1/5,w,9,2,1,data,ok,7,7,-0.8,18.3
mpd,-4.0,7,ack-4f,w,2,2,0,ctl,ok,0,0,-0.1,18.3
mpd,-4.0,7,qpsk-r1/5,w,9,1,0,data,ok,8,8,-0.1,18.3
mpd,-4.0,7,ack-4f,w,2,2,0,ctl,ok,0,0,0.3,18.3
mpd,-4.0,7,qpsk-r1/5,w,9,1,,data,missed,0,0,,18.3
mpd,-4.0,7,ack-4f,w,3,3,0,ctl,ok,0,0,-2.9,18.3
mpd,-4.0,7,ack-4f,w,3,3,0,ctl,ok,0,0,-1.5,18.3
mpd,-4.0,7,qpsk-r1/5,w,9,2,1,data,ok,7,7,-0.8,18.3
mpd,-4.0,7,ack-4f,w,3,3,0,ctl,ok,0,0,-1.4,18.3
mpd,-4.0,7,qpsk-r1/5,w,9,2,1,data,ok,7,7,-0.7,18.3
mpd,-4.0,7,ack-4f,w,2,2,0,ctl,ok,0,0,-1.7,18.3
mpd,-4.0,7,qpsk-r1/5,w,9,1,0,data,ok,8,6,-2.3,18.3
mpd,-4.0,7,ack-4f,w,3,3,0,ctl,ok,0,0,-1.2,18.3
mpd,-4.0,7,qpsk-r1/5,w,9,1,0,data,ok,6,6,-1.5,18.3
mpd,-4.0,7,ack-4f,w,2,2,0,ctl,ok,0,0,-0.6,18.3
mpd,-4.0,7,qpsk-r1/5,w,9,1,0,data,ok,8,8,-1.4,18.3
mpd,-4.0,7,ack-4f,w,2,2,0,ctl,ok,0,0,0.5,18.3
mpd,-4.0,7,qpsk-r1/5,w,9,1,0,data,ok,8,8,-2.1,18.3
mpd,-4.0,7,ack-4f,w,2,2,0,ctl,ok,0,0,-2.2,18.3
mpd,-4.0,7,qpsk-r1/5,w,9,1,0,data,ok,8,8,-1.5,18.3
mpd,-4.0,7,ack-4f,w,2,2,0,ctl,ok,0,0,-1.3,18.3
mpd,-4.0,7,qpsk-r1/5,w,9,1,0,data,ok,8,8,-0.3,18.3
mpd,-4.0,4,qpsk-r1/5,w,1,1,0,ctl,ok,0,0,-0.4,17.0
mpd,-4.0,4,qpsk-r1/5,w,1,1,0,ctl,ok,0,0,1.5,17.0
mpd,-4.0,4,ack-4f,w,3,3,0,ctl,ok,0,0,-2.2,17.0
mpd,-4.0,4,ack-4f,w,3,3,0,ctl,ok,0,0,-1.6,17.0
mpd,-4.0,4,qpsk-r1/5,w,9,2,1,data,ok,7,7,-1.2,17.0
mpd,-4.0,4,ack-4f,w,3,3,0,ctl,ok,0,0,-1.8,17.0
mpd,-4.0,4,qpsk-r1/5,w,9,2,1,data,ok,7,7,-1.5,17.0
mpd,-4.0,4,ack-4f,w,3,3,0,ctl,ok,0,0,-3.7,17.0
mpd,-4.0,4,qpsk-r1/5,w,9,2,1,data,ok,7,7,0.1,17.0
mpd,-4.0,4,n4-ack-8f,n4,2,2,0,ctl,ok,0,0,-5.6,17.0
mpd,-4.0,4,qpsk-r1/5,w,9,1,0,data,ok,8,8,-1.7,17.0
mpd,-4.0,4,ack-4f,w,2,2,0,ctl,ok,0,0,-4.0,17.0
mpd,-4.0,4,qpsk-r1/5,w,9,1,0,data,ctl_lost,8,6,-1.5,17.0
mpd,-4.0,4,ack-4f,w,3,3,0,ctl,ok,0,0,0.5,17.0
mpd,-4.0,4,ack-4f,w,3,3,0,ctl,ok,0,0,-4.2,17.0
mpd,-4.0,4,qpsk-r1/5,w,9,2,1,data,ok,7,6,-1.6,17.0
mpd,-4.0,4,n4-ack-8f,n4,3,3,0,ctl,ok,0,0,-4.6,17.0
mpd,-4.0,4,qpsk-r1/5,w,9,2,1,data,ok,6,6,-1.4,17.0
mpd,-4.0,4,ack-4f,w,3,3,0,ctl,ok,0,0,-3.0,17.0
mpd,-4.0,4,qpsk-r1/5,w,9,2,1,data,ok,7,7,0.0,17.0
mpd,-4.0,4,ack-4f,w,3,3,0,ctl,ok,0,0,-0.8,17.0
mpd,-4.0,4,qpsk-r1/5,w,9,2,1,data,ok,7,7,-2.0,17.0
mpd,-4.0,4,ack-4f,w,3,3,0,ctl,ok,0,0,-1.1,17.0
mpd,-4.0,4,qpsk-r1/5,w,9,2,1,data,ok,7,0,-1.5,17.0
mpd,-4.0,4,ack-4f,w,3,3,0,ctl,ok,0,0,1.2,17.0
mpd,-4.0,4,qpsk-r1/5,w,9,2,1,data,ok,3,1,-0.9,17.0
mpd,-4.0,4,ack-4f,w,2,2,0,ctl,ok,0,0,-1.6,17.0
mpd,-4.0,4,qpsk-r1/5,w,9,1,0,data,ok,8,8,-2.3,17.0
mpd,-4.0,4,ack-4f,w,3,3,0,ctl,ok,0,0,-1.8,17.0
mpd,-4.0,4,qpsk-r1/5,w,9,2,1,data,ok,7,0,-2.1,17.0
mpd,-4.0,4,ack-4f,w,3,3,0,ctl,ok,0,0,-2.9,17.0
mpd,-4.0,4,qpsk-r1/5,w,9,2,1,data,ctl_lost,1,0,-3.2,17.0
mpd,-4.0,4,ack-4f,w,3,3,0,ctl,ok,0,0,-1.9,17.0
mpd,-4.0,4,ack-4f,w,3,3,0,ctl,ok,0,0,-1.6,17.0
mpd,-4.0,4,qpsk-r1/5,w,9,2,1,data,ok,1,1,0.2,17.0
mpd,-4.0,4,ack-4f,w,3,3,0,ctl,ok,0,0,0.4,17.0
mpd,-4.0,4,qpsk-r1/5,w,9,2,1,data,ok,7,7,-1.3,17.0
mpd,-4.0,4,ack-4f,w,2,2,0,ctl,ok,0,0,-2.1,17.0
mpd,-4.0,4,qpsk-r1/5,w,9,1,0,data,ok,8,8,-1.7,17.0
mpd,-4.0,4,ack-4f,w,3,3,0,ctl,ok,0,0,-2.7,17.0
mpd,-4.0,4,qpsk-r1/5,w,9,2,1,data,ok,7,7,1.0,17.0
mpd,-4.0,4,ack-4f,w,2,2,0,ctl,ok,0,0,0.4,17.0
mpd,-4.0,4,qpsk-r1/5,w,9,1,0,data,ok,8,8,-1.1,17.0
mpd,-4.0,4,ack-4f,w,2,2,0,ctl,ok,0,0,-1.9,17.0
mpd,-4.0,4,qpsk-r1/5,w,9,1,0,data,ok,8,8,-0.4,17.0
mpd,-4.0,4,ack-4f,w,2,2,0,ctl,ok,0,0,-0.2,17.0
mpd,-4.0,4,qpsk-r1/5,w,9,1,0,data,ok,8,8,-0.8,17.0
mpd,-4.0,4,ack-4f,w,2,2,0,ctl,ok,0,0,-0.4,17.0
mpd,-4.0,4,qpsk-r1/5,w,9,1,0,data,ok,8,8,-1.4,17.0
mpd,-4.0,4,ack-4f,w,2,2,0,ctl,ok,0,0,2.0,17.0
mpd,-4.0,4,qpsk-r1/5,w,9,1,0,data,ok,8,8,-0.2,17.0
mpd,-4.0,4,ack-4f,w,2,2,0,ctl,ok,0,0,-0.2,17.0
mpd,-4.0,4,qpsk-r1/5,w,9,1,0,data,ctl_lost,8,0,-2.7,17.0
mpd,-4.0,4,ack-4f,w,3,3,0,ctl,ok,0,0,0.2,17.0
mpd,-4.0,4,ack-4f,w,3,3,0,ctl,ok,0,0,-1.3,17.0
mpd,-4.0,4,qpsk-r1/5,w,9,2,1,data,ok,7,0,-1.9,17.0
mpd,-4.0,4,ack-4f,w,3,3,0,ctl,ok,0,0,-0.5,17.0
mpd,-4.0,4,qpsk-r1/5,w,9,2,1,data,ok,0,0,-2.0,17.0
mpd,-4.0,4,ack-4f,w,3,3,0,ctl,ok,0,0,-3.6,17.0
mpd,-4.0,4,qpsk-r1/5,w,9,2,1,data,ok,7,7,-0.1,17.0
mpd,-4.0,4,ack-4f,w,2,2,0,ctl,ok,0,0,-1.7,17.0
mpd,-4.0,4,qpsk-r1/5,w,9,1,0,data,ctl_lost,8,0,-3.1,17.0
mpd,-4.0,4,ack-4f,w,3,3,0,ctl,ok,0,0,-1.7,17.0
mpd,-4.0,4,ack-4f,w,3,3,0,ctl,ok,0,0,-1.3,17.0
mpd,-4.0,4,qpsk-r1/5,w,9,2,1,data,ok,7,7,-1.1,17.0
mpd,-4.0,4,ack-4f,w,3,3,0,ctl,ok,0,0,-1.4,17.0
mpd,-4.0,4,qpsk-r1/5,w,9,2,1,data,ok,7,7,-1.7,17.0
mpd,-4.0,4,ack-4f,w,3,3,0,ctl,ok,0,0,-1.8,17.0
mpd,-4.0,4,qpsk-r1/5,w,9,2,1,data,ok,7,7,-0.7,17.0
mpd,-4.0,4,ack-4f,w,2,2,0,ctl,ok,0,0,-3.4,17.0
mpd,-4.0,4,qpsk-r1/5,w,9,1,0,data,ctl_lost,8,1,-1.4,17.0
mpd,-4.0,4,ack-4f,w,3,3,0,ctl,ok,0,0,0.3,17.0
mpd,-4.0,4,ack-4f,w,3,3,0,ctl,ok,0,0,-2.1,17.0
mpd,-4.0,4,qpsk-r1/5,w,9,2,1,data,ok,7,7,-1.2,17.0
mpd,-4.0,4,ack-4f,w,3,3,0,ctl,ok,0,0,-0.0,17.0
mpd,-4.0,4,qpsk-r1/5,w,9,2,1,data,ok,7,0,-2.4,17.0
mpd,-4.0,4,ack-4f,w,3,3,0,ctl,ok,0,0,-0.5,17.0
mpd,-4.0,4,qpsk-r1/5,w,9,2,1,data,ok,1,0,-2.1,17.0
mpd,-4.0,4,ack-4f,w,3,3,0,ctl,ok,0,0,-0.1,17.0
mpd,-4.0,4,qpsk-r1/5,w,9,2,1,data,ok,7,7,0.4,17.0
mpd,-4.0,4,ack-4f,w,2,2,0,ctl,ok,0,0,-2.4,17.0
mpd,-4.0,4,qpsk-r1/5,w,9,1,0,data,ok,8,8,-2.8,17.0
mpd,-4.0,4,ack-4f,w,2,2,0,ctl,ok,0,0,-2.0,17.0
mpd,-4.0,4,qpsk-r1/5,w,9,1,0,data,ok,8,8,-0.4,17.0
mpd,-4.0,4,ack-4f,w,3,3,0,ctl,ok,0,0,-0.9,17.0
mpd,-4.0,4,qpsk-r1/5,w,9,2,1,data,ok,7,7,-1.6,17.0
mpd,-4.0,4,ack-4f,w,2,2,0,ctl,ok,0,0,-3.4,17.0
mpd,-4.0,4,qpsk-r1/5,w,9,1,0,data,ctl_lost,8,0,-1.9,17.0
mpd,-4.0,4,ack-4f,w,3,3,0,ctl,ok,0,0,-2.3,17.0
mpd,-4.0,4,ack-4f,w,3,3,0,ctl,ok,0,0,-4.4,17.0
mpd,-4.0,4,qpsk-r1/5,w,9,2,1,data,ok,7,7,-0.5,17.0
mpd,-4.0,1,qpsk-r1/5,w,1,1,0,ctl,ok,0,0,-2.7,14.0
mpd,-4.0,1,qpsk-r1/5,w,1,1,0,ctl,ok,0,0,-1.7,14.0
mpd,-4.0,1,ack-4f,w,3,3,0,ctl,ok,0,0,-0.5,14.0
mpd,-4.0,1,n10-ack-4f,n10,3,3,0,ctl,ok,0,0,-2.6,14.0
mpd,-4.0,1,qpsk-r1/5,w,9,2,1,data,ok,7,7,-2.0,14.0
mpd,-4.0,1,ack-4f,w,3,3,0,ctl,ok,0,0,0.4,14.0
mpd,-4.0,1,qpsk-r1/5,w,9,2,1,data,ok,7,7,-0.9,14.0
mpd,-4.0,1,ack-4f,w,3,3,0,ctl,ok,0,0,1.3,14.0
mpd,-4.0,1,qpsk-r1/5,w,9,2,1,data,ok,7,7,-0.0,14.0
mpd,-4.0,1,ack-4f,w,2,2,0,ctl,ok,0,0,1.6,14.0
mpd,-4.0,1,qpsk-r1/5,w,9,1,0,data,ctl_lost,8,0,-2.7,14.0
mpd,-4.0,1,ack-4f,w,3,3,0,ctl,ok,0,0,0.0,14.0
mpd,-4.0,1,ack-4f,w,3,3,0,ctl,ok,0,0,0.5,14.0
mpd,-4.0,1,qpsk-r1/5,w,9,2,1,data,ok,7,7,-1.2,14.0
mpd,-4.0,1,ack-4f,w,3,3,0,ctl,ok,0,0,-0.7,14.0
mpd,-4.0,1,qpsk-r1/5,w,9,2,1,data,ok,7,0,-2.2,14.0
mpd,-4.0,1,ack-4f,w,3,3,0,ctl,ok,0,0,-0.7,14.0
mpd,-4.0,1,qpsk-r1/5,w,9,2,1,data,ok,1,1,-1.2,14.0
mpd,-4.0,1,ack-4f,w,3,3,0,ctl,ok,0,0,1.8,14.0
mpd,-4.0,1,qpsk-r1/5,w,9,2,1,data,ok,7,5,-1.6,14.0
mpd,-4.0,1,ack-4f,w,3,3,0,ctl,ok,0,0,-0.4,14.0
mpd,-4.0,1,qpsk-r1/5,w,9,2,1,data,ok,5,5,-1.2,14.0
mpd,-4.0,1,ack-4f,w,3,3,0,ctl,ok,0,0,-1.1,14.0
mpd,-4.0,1,qpsk-r1/5,w,9,2,1,data,ok,7,7,-1.6,14.0
mpd,-4.0,1,ack-4f,w,3,3,,ctl,missed,0,0,,14.0
mpd,-4.0,1,ack-4f,w,3,3,0,ctl,ok,0,0,-1.6,14.0
mpd,-4.0,1,ack-4f,w,3,3,0,ctl,ok,0,0,0.2,14.0
mpd,-4.0,1,qpsk-r1/5,w,9,2,1,data,ok,7,7,-1.5,14.0
mpd,-4.0,1,ack-4f,w,3,3,0,ctl,ok,0,0,-0.4,14.0
mpd,-4.0,1,qpsk-r1/5,w,9,2,1,data,ok,7,0,-1.9,14.0
mpd,-4.0,1,ack-4f,w,3,3,0,ctl,ok,0,0,1.1,14.0
mpd,-4.0,1,qpsk-r1/5,w,9,2,1,data,ok,0,0,-2.9,14.0
mpd,-4.0,1,ack-4f,w,3,3,0,ctl,ok,0,0,-0.9,14.0
mpd,-4.0,1,qpsk-r1/5,w,9,2,1,data,ok,7,7,-2.1,14.0
mpd,-4.0,1,ack-4f,w,3,3,0,ctl,ok,0,0,-0.8,14.0
mpd,-4.0,1,qpsk-r1/5,w,9,2,1,data,ok,7,7,-1.1,14.0
mpd,-4.0,1,ack-4f,w,2,2,0,ctl,ok,0,0,-0.3,14.0
mpd,-4.0,1,qpsk-r1/5,w,9,1,0,data,ctl_lost,8,0,-2.2,14.0
mpd,-4.0,1,ack-4f,w,3,3,0,ctl,ok,0,0,-1.8,14.0
mpd,-4.0,1,ack-4f,w,3,3,0,ctl,ok,0,0,-1.7,14.0
mpd,-4.0,1,qpsk-r1/5,w,9,2,1,data,ok,7,7,-0.3,14.0
mpd,-4.0,1,ack-4f,w,3,3,0,ctl,ok,0,0,-2.3,14.0
mpd,-4.0,1,qpsk-r1/5,w,9,2,1,data,ok,7,7,-0.8,14.0
mpd,-4.0,1,ack-4f,w,2,2,0,ctl,ok,0,0,-3.8,14.0
mpd,-4.0,1,qpsk-r1/5,w,9,1,0,data,ctl_lost,8,2,-1.8,14.0
mpd,-4.0,1,ack-4f,w,3,3,0,ctl,ok,0,0,-5.3,14.0
mpd,-4.0,1,ack-4f,w,3,3,,ctl,missed,0,0,,14.0
mpd,-4.0,1,ack-4f,w,3,3,0,ctl,ok,0,0,-1.8,14.0
mpd,-4.0,1,ack-4f,w,3,3,0,ctl,ok,0,0,-4.7,14.0
mpd,-4.0,1,qpsk-r1/5,w,9,2,1,data,ok,7,3,-1.9,14.0
mpd,-4.0,1,ack-4f,w,3,3,0,ctl,ok,0,0,4.3,14.0
mpd,-4.0,1,qpsk-r1/5,w,9,2,1,data,ok,4,0,-2.1,14.0
mpd,-4.0,1,ack-4f,w,3,3,0,ctl,ctl_lost,0,0,-4.4,14.0
mpd,-4.0,1,ack-4f,w,3,3,0,ctl,ok,0,0,-1.6,14.0
mpd,-4.0,1,ack-4f,w,3,3,0,ctl,ok,0,0,-1.2,14.0
mpd,-4.0,1,qpsk-r1/5,w,9,2,1,data,ok,7,0,-2.3,14.0
mpd,-4.0,1,ack-4f,w,3,3,0,ctl,ok,0,0,-2.0,14.0
mpd,-4.0,1,qpsk-r1/5,w,9,2,1,data,ok,0,0,-2.3,14.0
mpd,-4.0,1,ack-4f,w,3,3,0,ctl,ok,0,0,-0.6,14.0
mpd,-4.0,1,qpsk-r1/5,w,9,2,1,data,ok,7,7,-0.4,14.0
mpd,-4.0,1,ack-4f,w,2,2,0,ctl,ok,0,0,-1.9,14.0
mpd,-4.0,1,qpsk-r1/5,w,9,1,0,data,ctl_lost,8,0,-2.8,14.0
mpd,-4.0,1,ack-4f,w,3,3,0,ctl,ok,0,0,0.3,14.0
mpd,-4.0,1,ack-4f,w,3,3,0,ctl,ok,0,0,1.0,14.0
mpd,-4.0,1,qpsk-r1/5,w,9,2,1,data,ok,7,2,-2.3,14.0
mpd,-4.0,1,ack-4f,w,3,3,0,ctl,ctl_lost,0,0,-9.4,14.0
mpd,-4.0,1,ack-4f,w,3,3,0,ctl,ok,0,0,-2.1,14.0
mpd,-4.0,1,ack-4f,w,3,3,0,ctl,ok,0,0,-3.1,14.0
mpd,-4.0,1,qpsk-r1/5,w,9,2,1,data,ok,7,3,-2.4,14.0
mpd,-4.0,1,n4-ack-8f,n4,3,3,0,ctl,ok,0,0,-4.4,14.0
mpd,-4.0,1,qpsk-r1/5,w,9,2,1,data,ok,7,7,-1.9,14.0
mpd,-4.0,1,ack-4f,w,3,3,0,ctl,ok,0,0,2.1,14.0
mpd,-4.0,1,qpsk-r1/5,w,9,2,1,data,ok,7,0,-2.6,14.0
mpd,-4.0,1,ack-4f,w,3,3,0,ctl,ok,0,0,0.7,14.0
mpd,-4.0,1,qpsk-r1/5,w,9,2,1,data,ok,0,0,-2.5,14.0
mpd,-4.0,1,ack-4f,w,3,3,0,ctl,ok,0,0,-2.0,14.0
mpd,-4.0,1,qpsk-r1/5,w,9,2,1,data,ok,7,7,-1.3,14.0
mpd,-4.0,1,ack-4f,w,2,2,0,ctl,ok,0,0,-3.4,14.0
mpd,-4.0,1,qpsk-r1/5,w,9,1,0,data,ok,8,8,-1.0,14.0
mpd,-4.0,1,ack-4f,w,2,2,0,ctl,ok,0,0,-0.3,14.0
mpd,-4.0,1,qpsk-r1/5,w,9,1,0,data,ok,8,8,-1.3,14.0
mpd,-4.0,1,ack-4f,w,2,2,0,ctl,ok,0,0,-2.1,14.0
mpd,-4.0,1,qpsk-r1/5,w,9,1,0,data,ctl_lost,8,0,-1.9,14.0
mpd,-4.0,1,ack-4f,w,3,3,0,ctl,ok,0,0,-1.8,14.0
mpd,-4.0,1,ack-4f,w,3,3,0,ctl,ok,0,0,-3.0,14.0
mpd,-4.0,1,qpsk-r1/5,w,9,2,1,data,ok,7,3,-0.3,14.0
mpd,-4.0,1,ack-4f,w,3,3,0,ctl,ok,0,0,-0.3,14.0
mpd,-4.0,1,qpsk-r1/5,w,9,2,1,data,ok,4,4,-1.5,14.0
mpd,-4.0,1,ack-4f,w,2,2,0,ctl,ok,0,0,-1.1,14.0
mpd,-4.0,1,qpsk-r1/5,w,9,1,0,data,ctl_lost,8,2,-1.8,14.0
mpd,-4.0,1,ack-4f,w,3,3,0,ctl,ok,0,0,-0.8,14.0
mpd,-4.0,1,ack-4f,w,3,3,0,ctl,ok,0,0,-1.5,14.0
mpd,-4.0,1,qpsk-r1/5,w,9,2,1,data,ok,7,7,-1.7,14.0
mpd,-4.0,1,ack-4f,w,3,3,0,ctl,ok,0,0,-4.1,14.0
mpd,-4.0,1,qpsk-r1/5,w,9,2,1,data,ok,7,7,-0.1,14.0
mpd,-4.0,6,qpsk-r1/5,w,1,1,0,ctl,ok,0,0,1.2,17.4
mpd,-4.0,6,qpsk-r1/5,w,1,1,0,ctl,ctl_lost,0,0,-3.1,17.4
mpd,-4.0,6,n4-qpsk-r1/3,n4,1,1,0,ctl,ok,0,0,-3.1,17.4
mpd,-4.0,6,n4-qpsk-r1/3,n4,1,1,0,ctl,ok,0,0,-4.9,17.4
mpd,-4.0,6,ack-4f,w,3,3,0,ctl,ok,0,0,-0.7,17.4
mpd,-4.0,6,ack-4f,w,3,3,0,ctl,ok,0,0,0.4,17.4
mpd,-4.0,6,qpsk-r1/5,w,9,2,1,data,ok,7,7,-1.2,17.4
mpd,-4.0,6,ack-4f,w,3,3,0,ctl,ok,0,0,-3.9,17.4
mpd,-4.0,6,qpsk-r1/5,w,9,2,1,data,ok,7,7,-1.7,17.4
mpd,-4.0,6,ack-4f,w,3,3,0,ctl,ok,0,0,1.1,17.4
mpd,-4.0,6,qpsk-r1/5,w,9,2,1,data,ok,7,6,-2.1,17.4
mpd,-4.0,6,ack-4f,w,3,3,0,ctl,ok,0,0,-2.7,17.4
mpd,-4.0,6,qpsk-r1/5,w,9,2,1,data,ok,6,6,-0.5,17.4
mpd,-4.0,6,ack-4f,w,3,3,0,ctl,ok,0,0,-0.6,17.4
mpd,-4.0,6,qpsk-r1/5,w,9,2,1,data,ok,7,7,-0.8,17.4
mpd,-4.0,6,ack-4f,w,2,2,0,ctl,ok,0,0,0.7,17.4
mpd,-4.0,6,qpsk-r1/5,w,9,1,0,data,ok,8,8,-0.9,17.4
mpd,-4.0,6,ack-4f,w,2,2,0,ctl,ok,0,0,-1.3,17.4
mpd,-4.0,6,qpsk-r1/5,w,9,1,0,data,ok,8,8,-1.5,17.4
mpd,-4.0,6,ack-4f,w,3,3,0,ctl,ok,0,0,-1.9,17.4
mpd,-4.0,6,qpsk-r1/5,w,9,2,1,data,ok,7,0,-3.3,17.4
mpd,-4.0,6,ack-4f,w,3,3,0,ctl,ok,0,0,-1.6,17.4
mpd,-4.0,6,qpsk-r1/5,w,9,2,1,data,ctl_lost,0,0,-4.3,17.4
mpd,-4.0,6,ack-4f,w,3,3,0,ctl,ok,0,0,-0.4,17.4
mpd,-4.0,6,ack-4f,w,3,3,0,ctl,ok,0,0,-1.2,17.4
mpd,-4.0,6,qpsk-r1/5,w,9,2,1,data,ok,0,0,-1.5,17.4
mpd,-4.0,6,ack-4f,w,3,3,0,ctl,ok,0,0,-4.1,17.4
mpd,-4.0,6,qpsk-r1/5,w,9,2,1,data,ok,7,7,-1.7,17.4
mpd,-4.0,6,ack-4f,w,3,3,0,ctl,ok,0,0,1.0,17.4
mpd,-4.0,6,qpsk-r1/5,w,9,2,1,data,ok,7,7,-1.9,17.4
mpd,-4.0,6,ack-4f,w,3,3,0,ctl,ok,0,0,-1.8,17.4
mpd,-4.0,6,qpsk-r1/5,w,9,2,1,data,ok,7,7,-1.5,17.4
mpd,-4.0,6,ack-4f,w,3,3,0,ctl,ok,0,0,-1.4,17.4
mpd,-4.0,6,qpsk-r1/5,w,9,2,1,data,ok,7,7,-2.2,17.4
mpd,-4.0,6,ack-4f,w,3,3,0,ctl,ok,0,0,0.3,17.4
mpd,-4.0,6,qpsk-r1/5,w,9,2,1,data,ok,7,0,-1.7,17.4
mpd,-4.0,6,ack-4f,w,3,3,0,ctl,ok,0,0,-0.3,17.4
mpd,-4.0,6,qpsk-r1/5,w,9,1,0,data,ok,4,4,-0.3,17.4
mpd,-4.0,6,ack-4f,w,2,2,0,ctl,ok,0,0,0.9,17.4
mpd,-4.0,6,qpsk-r1/5,w,9,1,0,data,ctl_lost,8,0,-2.5,17.4
mpd,-4.0,6,ack-4f,w,3,3,0,ctl,ok,0,0,-1.8,17.4
mpd,-4.0,6,ack-4f,w,3,3,0,ctl,ok,0,0,-2.0,17.4
mpd,-4.0,6,qpsk-r1/5,w,9,2,1,data,ok,7,2,-0.9,17.4
mpd,-4.0,6,ack-4f,w,3,3,0,ctl,ok,0,0,-3.5,17.4
mpd,-4.0,6,qpsk-r1/5,w,9,2,1,data,ok,5,0,-2.7,17.4
mpd,-4.0,6,ack-4f,w,3,3,0,ctl,ok,0,0,0.1,17.4
mpd,-4.0,6,qpsk-r1/5,w,9,2,1,data,ok,6,0,-2.9,17.4
mpd,-4.0,6,ack-4f,w,3,3,0,ctl,ok,0,0,1.8,17.4
mpd,-4.0,6,qpsk-r1/5,w,9,2,1,data,ok,1,0,-2.2,17.4
mpd,-4.0,6,ack-4f,w,3,3,0,ctl,ok,0,0,-1.7,17.4
mpd,-4.0,6,qpsk-r1/5,w,9,2,1,data,ok,7,0,-2.4,17.4
mpd,-4.0,6,ack-4f,w,3,3,0,ctl,ok,0,0,-2.3,17.4
mpd,-4.0,6,qpsk-r1/5,w,9,2,1,data,ok,1,1,-0.0,17.4
mpd,-4.0,6,ack-4f,w,2,2,0,ctl,ok,0,0,-3.8,17.4
mpd,-4.0,6,qpsk-r1/5,w,9,1,0,data,ctl_lost,8,6,-0.4,17.4
mpd,-4.0,6,ack-4f,w,3,3,0,ctl,ok,0,0,-1.0,17.4
mpd,-4.0,6,ack-4f,w,3,3,0,ctl,ok,0,0,-0.4,17.4
mpd,-4.0,6,qpsk-r1/5,w,9,2,1,data,ok,7,7,-2.1,17.4
mpd,-4.0,6,ack-4f,w,3,3,0,ctl,ok,0,0,1.8,17.4
mpd,-4.0,6,qpsk-r1/5,w,9,2,1,data,ok,7,0,-2.5,17.4
mpd,-4.0,6,ack-4f,w,3,3,0,ctl,ok,0,0,-2.3,17.4
mpd,-4.0,6,qpsk-r1/5,w,9,2,1,data,ok,0,0,-1.0,17.4
mpd,-4.0,6,ack-4f,w,2,2,0,ctl,ok,0,0,-1.6,17.4
mpd,-4.0,6,qpsk-r1/5,w,9,1,0,data,ok,8,8,-1.4,17.4
mpd,-4.0,6,ack-4f,w,2,2,0,ctl,ok,0,0,-3.5,17.4
mpd,-4.0,6,qpsk-r1/5,w,9,1,0,data,ok,8,8,-1.0,17.4
mpd,-4.0,6,ack-4f,w,2,2,0,ctl,ok,0,0,1.4,17.4
mpd,-4.0,6,qpsk-r1/5,w,9,1,0,data,ok,8,8,-0.8,17.4
mpd,-4.0,6,ack-4f,w,2,2,0,ctl,ok,0,0,-0.4,17.4
mpd,-4.0,6,qpsk-r1/5,w,9,1,0,data,ok,8,8,-2.4,17.4
mpd,-4.0,6,ack-4f,w,2,2,0,ctl,ok,0,0,-1.6,17.4
mpd,-4.0,6,qpsk-r1/5,w,9,1,0,data,ok,8,8,-2.5,17.4
mpd,-4.0,6,ack-4f,w,3,3,0,ctl,ok,0,0,-2.1,17.4
mpd,-4.0,6,qpsk-r1/5,w,9,2,1,data,ok,7,7,-0.7,17.4
mpd,-4.0,6,ack-4f,w,2,2,0,ctl,ok,0,0,-3.1,17.4
mpd,-4.0,6,qpsk-r1/5,w,9,1,0,data,ok,8,8,-1.3,17.4
mpd,-4.0,6,ack-4f,w,2,2,0,ctl,ok,0,0,-2.7,17.4
mpd,-4.0,6,qpsk-r1/5,w,9,1,0,data,ctl_lost,8,6,-1.8,17.4
mpd,-4.0,6,ack-4f,w,3,3,0,ctl,ok,0,0,-2.9,17.4
mpd,-4.0,6,ack-4f,w,3,3,0,ctl,ok,0,0,-2.9,17.4
mpd,-4.0,6,qpsk-r1/5,w,9,2,1,data,ok,7,7,-0.6,17.4
mpd,-4.0,6,ack-4f,w,3,3,0,ctl,ok,0,0,1.1,17.4
mpd,-4.0,6,qpsk-r1/5,w,9,2,1,data,ok,7,7,-0.3,17.4
mpd,-4.0,6,ack-4f,w,2,2,0,ctl,ok,0,0,-1.2,17.4
mpd,-4.0,6,qpsk-r1/5,w,9,1,0,data,ok,8,8,-0.4,17.4
mpd,-4.0,6,ack-4f,w,2,2,0,ctl,ok,0,0,0.0,17.4
mpd,-4.0,6,qpsk-r1/5,w,9,1,0,data,ok,8,8,-1.8,17.4
mpd,-4.0,6,ack-4f,w,2,2,0,ctl,ok,0,0,0.3,17.4
mpd,-4.0,6,qpsk-r1/5,w,9,1,0,data,ok,8,8,-0.0,17.4
mpd,-4.0,6,ack-4f,w,2,2,0,ctl,ok,0,0,-1.2,17.4
mpd,-4.0,6,qpsk-r1/5,w,9,1,0,data,ctl_lost,8,5,-1.5,17.4
mpd,-4.0,5,qpsk-r1/5,w,1,1,0,ctl,ok,0,0,-3.1,14.4
mpd,-4.0,5,qpsk-r1/5,w,1,1,0,ctl,ok,0,0,-2.2,14.4
mpd,-4.0,5,ack-4f,w,3,3,0,ctl,ok,0,0,-3.5,14.4
mpd,-4.0,5,n10-ack-4f,n10,3,3,0,ctl,ok,0,0,0.2,14.4
mpd,-4.0,5,fsk32r62-r1/2,c32r62,10,2,1,data,ok,8,8,-1.2,14.4
mpd,-4.0,5,ack-4f,w,2,2,0,ctl,ok,0,0,-2.6,14.4
mpd,-4.0,5,qpsk-r1/5,w,9,1,0,data,ctl_lost,8,1,-2.0,14.4
mpd,-4.0,5,ack-4f,w,3,3,0,ctl,ok,0,0,0.0,14.4
mpd,-4.0,5,ack-4f,w,3,3,0,ctl,ok,0,0,-3.0,14.4
mpd,-4.0,5,fsk32r62-r1/2,c32r62,10,2,1,data,ok,8,8,-1.7,14.4
mpd,-4.0,5,n10-ack-4f,n10,3,3,0,ctl,ok,0,0,0.1,14.4
mpd,-4.0,5,qpsk-r1/3,w,9,2,1,data,ok,7,0,-0.0,14.4
mpd,-4.0,5,ack-4f,w,3,3,0,ctl,ok,0,0,-3.6,14.4
mpd,-4.0,5,qpsk-r1/3,w,9,2,1,data,ok,2,0,0.4,14.4
mpd,-4.0,5,ack-4f,w,3,3,0,ctl,ok,0,0,-3.2,14.4
mpd,-4.0,5,qpsk-r1/3,w,9,2,,data,missed,0,0,,14.4
mpd,-4.0,5,ack-4f,w,2,2,0,ctl,ok,0,0,-0.1,14.4
mpd,-4.0,5,ack-4f,w,3,3,0,ctl,ok,0,0,-0.4,14.4
mpd,-4.0,5,qpsk-r1/3,w,9,2,1,data,ok,6,0,-0.7,14.4
mpd,-4.0,5,n10-ack-4f,n10,3,3,,ctl,missed,0,0,,14.4
mpd,-4.0,5,ack-4f,w,3,3,0,ctl,ok,0,0,-2.3,14.4
mpd,-4.0,5,ack-4f,w,3,3,0,ctl,ok,0,0,-3.2,14.4
mpd,-4.0,5,qpsk-r1/3,w,9,2,1,data,ok,7,0,-1.5,14.4
mpd,-4.0,5,n10-ack-4f,n10,3,3,0,ctl,ok,0,0,-0.8,14.4
mpd,-4.0,5,qpsk-r1/3,w,9,2,1,data,ctl_lost,6,0,-3.1,14.4
mpd,-4.0,5,ack-4f,w,3,3,0,ctl,ok,0,0,-1.0,14.4
mpd,-4.0,5,ack-4f,w,3,3,0,ctl,ok,0,0,-2.0,14.4
mpd,-4.0,5,fsk32r62-r1/2,c32r62,10,2,1,data,ok,8,8,-1.4,14.4
mpd,-4.0,5,ack-4f,w,3,3,0,ctl,ok,0,0,-5.0,14.4
mpd,-4.0,5,qpsk-r1/3,w,9,2,1,data,ok,7,0,-1.1,14.4
mpd,-4.0,5,n10-ack-4f,n10,3,3,0,ctl,ok,0,0,-0.7,14.4
mpd,-4.0,5,qpsk-r1/3,w,9,2,1,data,ctl_lost,0,0,-2.5,14.4
mpd,-4.0,5,ack-4f,w,3,3,,ctl,missed,0,0,,14.4
mpd,-4.0,5,ack-4f,w,3,3,0,ctl,ok,0,0,1.1,14.4
mpd,-4.0,5,ack-4f,w,3,3,0,ctl,ok,0,0,-0.3,14.4
mpd,-4.0,5,qpsk-r1/5,w,9,2,1,data,ok,7,7,-1.4,14.4
mpd,-4.0,5,ack-4f,w,3,3,0,ctl,ok,0,0,0.6,14.4
mpd,-4.0,5,qpsk-r1/5,w,9,2,1,data,ok,7,6,-2.0,14.4
mpd,-4.0,5,ack-4f,w,3,3,0,ctl,ok,0,0,1.6,14.4
mpd,-4.0,5,qpsk-r1/5,w,9,2,1,data,ok,6,6,-0.1,14.4
mpd,-4.0,5,ack-4f,w,3,3,0,ctl,ok,0,0,-0.2,14.4
mpd,-4.0,5,qpsk-r1/5,w,9,2,1,data,ok,7,7,-1.8,14.4
mpd,-4.0,5,ack-4f,w,3,3,0,ctl,ok,0,0,-2.0,14.4
mpd,-4.0,5,qpsk-r1/5,w,9,2,1,data,ok,7,0,-2.0,14.4
mpd,-4.0,5,n10-ack-4f,n10,3,3,0,ctl,ok,0,0,-2.0,14.4
mpd,-4.0,5,qpsk-r1/5,w,9,2,1,data,ok,2,2,-1.3,14.4
mpd,-4.0,5,ack-4f,w,3,3,0,ctl,ok,0,0,-1.1,14.4
mpd,-4.0,5,qpsk-r1/5,w,9,2,1,data,ok,7,0,-2.0,14.4
mpd,-4.0,5,ack-4f,w,3,3,0,ctl,ok,0,0,-1.0,14.4
mpd,-4.0,5,qpsk-r1/5,w,9,2,1,data,ok,0,0,-1.7,14.4
mpd,-4.0,5,ack-4f,w,3,3,,ctl,missed,0,0,,14.4
mpd,-4.0,5,ack-4f,w,3,3,0,ctl,ok,0,0,-1.4,14.4
mpd,-4.0,5,ack-4f,w,3,3,0,ctl,ok,0,0,0.4,14.4
mpd,-4.0,5,qpsk-r1/5,w,9,2,1,data,ok,7,7,-2.4,14.4
mpd,-4.0,5,ack-4f,w,3,3,0,ctl,ok,0,0,0.6,14.4
mpd,-4.0,5,qpsk-r1/5,w,9,2,1,data,ok,7,0,-2.3,14.4
mpd,-4.0,5,ack-4f,w,3,3,0,ctl,ok,0,0,-0.2,14.4
mpd,-4.0,5,qpsk-r1/5,w,9,2,1,data,ok,1,1,-2.1,14.4
mpd,-4.0,5,ack-4f,w,3,3,0,ctl,ok,0,0,-2.2,14.4
mpd,-4.0,5,qpsk-r1/5,w,9,2,1,data,ok,7,7,-1.6,14.4
mpd,-4.0,5,ack-4f,w,2,2,0,ctl,ok,0,0,-2.4,14.4
mpd,-4.0,5,qpsk-r1/5,w,9,1,0,data,ok,8,8,-0.3,14.4
mpd,-4.0,5,n10-ack-4f,n10,2,2,,ctl,missed,0,0,,14.4
mpd,-4.0,5,ack-4f,w,3,3,0,ctl,ok,0,0,-1.2,14.4
mpd,-4.0,5,ack-4f,w,2,2,0,ctl,ok,0,0,0.2,14.4
mpd,-4.0,5,qpsk-r1/5,w,9,1,0,data,ok,8,8,-2.1,14.4
mpd,-4.0,5,ack-4f,w,2,2,0,ctl,ok,0,0,-1.3,14.4
mpd,-4.0,5,qpsk-r1/5,w,9,1,0,data,ok,8,7,-1.2,14.4
mpd,-4.0,5,ack-4f,w,3,3,0,ctl,ok,0,0,-1.7,14.4
mpd,-4.0,5,qpsk-r1/5,w,9,1,0,data,ok,7,7,-1.6,14.4
mpd,-4.0,5,ack-4f,w,2,2,0,ctl,ok,0,0,1.2,14.4
mpd,-4.0,5,qpsk-r1/5,w,9,1,0,data,ok,8,8,-1.6,14.4
mpd,-4.0,5,ack-4f,w,2,2,0,ctl,ok,0,0,-2.5,14.4
mpd,-4.0,5,qpsk-r1/5,w,9,1,0,data,ok,8,8,-0.6,14.4
mpd,-4.0,5,ack-4f,w,2,2,0,ctl,ok,0,0,-0.2,14.4
mpd,-4.0,5,qpsk-r1/5,w,9,1,0,data,ok,8,8,-2.0,14.4
mpd,-4.0,5,ack-4f,w,2,2,0,ctl,ok,0,0,-3.3,14.4
mpd,-4.0,5,qpsk-r1/5,w,9,1,0,data,ctl_lost,8,7,-1.5,14.4
mpd,-4.0,5,ack-4f,w,3,3,0,ctl,ok,0,0,-1.9,14.4
mpd,-4.0,5,ack-4f,w,3,3,0,ctl,ok,0,0,-0.8,14.4
mpd,-4.0,5,qpsk-r1/5,w,9,2,1,data,ok,7,0,-2.1,14.4
mpd,-4.0,5,ack-4f,w,3,3,0,ctl,ok,0,0,0.0,14.4
mpd,-4.0,5,qpsk-r1/5,w,9,2,1,data,ok,0,0,-0.5,14.4
mpd,-4.0,5,ack-4f,w,2,2,0,ctl,ok,0,0,-0.4,14.4
mpd,-4.0,5,qpsk-r1/5,w,9,1,0,data,ok,8,8,-1.6,14.4
mpd,-4.0,5,ack-4f,w,2,2,0,ctl,ok,0,0,-1.2,14.4
mpd,-4.0,5,qpsk-r1/5,w,9,1,0,data,ctl_lost,8,0,-2.5,14.4
mpd,-4.0,8,qpsk-r1/5,w,1,1,0,ctl,ok,0,0,-2.4,18.3
mpd,-4.0,8,qpsk-r1/5,w,1,1,0,ctl,ok,0,0,0.7,18.3
mpd,-4.0,8,ack-4f,w,3,3,0,ctl,ok,0,0,-1.7,18.3
mpd,-4.0,8,ack-4f,w,3,3,0,ctl,ok,0,0,-0.3,18.3
mpd,-4.0,8,qpsk-r1/5,w,9,2,1,data,ok,7,7,-1.8,18.3
mpd,-4.0,8,ack-4f,w,3,3,0,ctl,ok,0,0,-0.9,18.3
mpd,-4.0,8,qpsk-r1/5,w,9,2,1,data,ok,7,7,-1.6,18.3
mpd,-4.0,8,ack-4f,w,3,3,0,ctl,ok,0,0,1.3,18.3
mpd,-4.0,8,qpsk-r1/5,w,9,2,1,data,ok,7,7,-1.8,18.3
mpd,-4.0,8,ack-4f,w,3,3,0,ctl,ok,0,0,-1.0,18.3
mpd,-4.0,8,qpsk-r1/5,w,9,2,1,data,ok,7,1,-2.0,18.3
mpd,-4.0,8,ack-4f,w,3,3,0,ctl,ok,0,0,-1.4,18.3
mpd,-4.0,8,qpsk-r1/5,w,9,2,1,data,ok,1,0,-1.3,18.3
mpd,-4.0,8,ack-4f,w,2,2,0,ctl,ok,0,0,-1.6,18.3
mpd,-4.0,8,qpsk-r1/5,w,9,1,0,data,ok,8,8,-1.4,18.3
mpd,-4.0,8,ack-4f,w,2,2,0,ctl,ok,0,0,-0.6,18.3
mpd,-4.0,8,qpsk-r1/5,w,9,1,0,data,ok,8,8,-1.1,18.3
mpd,-4.0,8,ack-4f,w,2,2,0,ctl,ctl_lost,0,0,-9.5,18.3
mpd,-4.0,8,ack-4f,w,3,3,0,ctl,ok,0,0,-0.3,18.3
mpd,-4.0,8,ack-4f,w,2,2,0,ctl,ok,0,0,-1.3,18.3
mpd,-4.0,8,qpsk-r1/5,w,9,1,0,data,ok,8,6,-1.7,18.3
mpd,-4.0,8,n4-ack-8f,n4,3,3,0,ctl,ok,0,0,-6.4,18.3
mpd,-4.0,8,qpsk-r1/5,w,9,1,0,data,ctl_lost,6,5,-0.9,18.3
mpd,-4.0,8,ack-4f,w,3,3,0,ctl,ok,0,0,-1.1,18.3
mpd,-4.0,8,ack-4f,w,3,3,0,ctl,ok,0,0,-1.6,18.3
mpd,-4.0,8,qpsk-r1/5,w,9,2,1,data,ok,5,5,-0.7,18.3
mpd,-4.0,8,n10-ack-4f,n10,3,3,,ctl,missed,0,0,,18.3
mpd,-4.0,8,ack-4f,w,3,3,0,ctl,ok,0,0,-1.7,18.3
mpd,-4.0,8,ack-4f,w,3,3,0,ctl,ok,0,0,0.4,18.3
mpd,-4.0,8,qpsk-r1/5,w,9,2,1,data,ok,7,7,-0.5,18.3
mpd,-4.0,8,n10-ack-4f,n10,3,3,0,ctl,ok,0,0,-0.9,18.3
mpd,-4.0,8,qpsk-r1/5,w,9,2,1,data,ok,7,7,0.2,18.3
mpd,-4.0,8,ack-4f,w,2,2,0,ctl,ok,0,0,-1.5,18.3
mpd,-4.0,8,qpsk-r1/5,w,9,1,0,data,ctl_lost,8,0,-2.1,18.3
mpd,-4.0,8,ack-4f,w,3,3,0,ctl,ok,0,0,-4.5,18.3
mpd,-4.0,8,ack-4f,w,3,3,0,ctl,ok,0,0,-0.5,18.3
mpd,-4.0,8,qpsk-r1/5,w,9,2,1,data,ok,7,7,-1.3,18.3
mpd,-4.0,8,n10-ack-4f,n10,3,3,,ctl,missed,0,0,,18.3
mpd,-4.0,8,ack-4f,w,3,3,0,ctl,ok,0,0,-2.0,18.3
mpd,-4.0,8,ack-4f,w,3,3,0,ctl,ok,0,0,1.4,18.3
mpd,-4.0,8,qpsk-r1/5,w,9,2,1,data,ok,7,7,-1.7,18.3
mpd,-4.0,8,ack-4f,w,3,3,0,ctl,ok,0,0,-4.7,18.3
mpd,-4.0,8,qpsk-r1/5,w,9,2,1,data,ok,7,7,-0.2,18.3
mpd,-4.0,8,n10-ack-4f,n10,2,2,0,ctl,ok,0,0,-3.5,18.3
mpd,-4.0,8,qpsk-r1/5,w,9,1,0,data,ok,8,8,-2.5,18.3
mpd,-4.0,8,ack-4f,w,3,3,0,ctl,ok,0,0,-1.4,18.3
mpd,-4.0,8,qpsk-r1/5,w,9,2,1,data,ok,7,7,-1.1,18.3
mpd,-4.0,8,n10-ack-4f,n10,3,3,,ctl,missed,0,0,,18.3
mpd,-4.0,8,ack-4f,w,3,3,0,ctl,ok,0,0,-1.3,18.3
mpd,-4.0,8,ack-4f,w,2,2,0,ctl,ok,0,0,-4.0,18.3
mpd,-4.0,8,qpsk-r1/5,w,9,1,0,data,ok,8,8,-0.5,18.3
mpd,-4.0,8,n10-ack-4f,n10,2,2,0,ctl,ok,0,0,-0.4,18.3
mpd,-4.0,8,qpsk-r1/5,w,9,1,0,data,ctl_lost,8,2,-1.4,18.3
mpd,-4.0,8,ack-4f,w,3,3,0,ctl,ok,0,0,3.3,18.3
mpd,-4.0,8,ack-4f,w,2,2,0,ctl,ok,0,0,-2.2,18.3
mpd,-4.0,8,qpsk-r1/5,w,9,1,0,data,ok,8,8,-0.9,18.3
mpd,-4.0,8,n10-ack-4f,n10,2,2,0,ctl,ok,0,0,-0.6,18.3
mpd,-4.0,8,qpsk-r1/5,w,9,1,0,data,ok,8,8,-1.0,18.3
mpd,-4.0,8,ack-4f,w,3,3,,ctl,missed,0,0,,18.3
mpd,-4.0,8,ack-4f,w,3,3,0,ctl,ok,0,0,0.3,18.3
mpd,-4.0,8,ack-4f,w,2,2,0,ctl,ok,0,0,-3.4,18.3
mpd,-4.0,8,qpsk-r1/5,w,9,1,0,data,ok,8,8,-0.6,18.3
mpd,-4.0,8,n10-ack-4f,n10,2,2,0,ctl,ok,0,0,-0.5,18.3
mpd,-4.0,8,qpsk-r1/5,w,9,1,0,data,ok,8,8,-1.6,18.3
mpd,-4.0,8,ack-4f,w,3,3,0,ctl,ok,0,0,-2.0,18.3
mpd,-4.0,8,qpsk-r1/5,w,9,2,1,data,ok,7,7,-0.8,18.3
mpd,-4.0,8,n10-ack-4f,n10,3,3,,ctl,missed,0,0,,18.3
mpd,-4.0,8,ack-4f,w,3,3,0,ctl,ok,0,0,0.6,18.3
mpd,-4.0,8,ack-4f,w,2,2,0,ctl,ok,0,0,-1.3,18.3
mpd,-4.0,8,qpsk-r1/5,w,9,1,0,data,ctl_lost,8,2,-1.0,18.3
mpd,-4.0,8,ack-4f,w,3,3,0,ctl,ok,0,0,-0.6,18.3
mpd,-4.0,8,ack-4f,w,3,3,0,ctl,ok,0,0,-1.3,18.3
mpd,-4.0,8,qpsk-r1/5,w,9,2,1,data,ok,7,6,-1.0,18.3
mpd,-4.0,8,n10-ack-4f,n10,3,3,0,ctl,ok,0,0,0.5,18.3
mpd,-4.0,8,qpsk-r1/5,w,9,2,1,data,ok,6,6,-1.6,18.3
mpd,-4.0,8,ack-4f,w,3,3,0,ctl,ok,0,0,-1.3,18.3
mpd,-4.0,8,qpsk-r1/5,w,9,2,1,data,ok,7,7,-2.0,18.3
mpd,-4.0,8,ack-4f,w,3,3,0,ctl,ok,0,0,0.9,18.3
mpd,-4.0,8,qpsk-r1/5,w,9,2,1,data,ok,7,0,-3.0,18.3
mpd,-4.0,8,ack-4f,w,3,3,0,ctl,ok,0,0,-2.1,18.3
mpd,-4.0,8,qpsk-r1/5,w,9,2,1,data,ok,0,0,-2.6,18.3
mpd,-4.0,8,n10-ack-4f,n10,3,3,0,ctl,ok,0,0,-2.6,18.3
mpd,-4.0,8,qpsk-r1/5,w,9,2,1,data,ok,7,7,-0.9,18.3
mpd,-4.0,8,ack-4f,w,3,3,0,ctl,ok,0,0,1.7,18.3
mpd,-4.0,8,qpsk-r1/5,w,9,2,1,data,ok,7,7,0.1,18.3
mpd,-4.0,8,ack-4f,w,2,2,0,ctl,ok,0,0,-0.9,18.3
mpd,-4.0,8,qpsk-r1/5,w,9,1,0,data,ok,8,8,-1.6,18.3
mpd,-4.0,8,ack-4f,w,2,2,0,ctl,ok,0,0,-4.1,18.3
mpd,-4.0,8,qpsk-r1/5,w,9,1,0,data,ok,8,8,-1.0,18.3
mpd,-4.0,8,n10-ack-4f,n10,2,2,0,ctl,ok,0,0,0.2,18.3
mpd,-4.0,8,qpsk-r1/5,w,9,1,0,data,ok,8,6,-0.4,18.3
mpd,-4.0,8,ack-4f,w,3,3,0,ctl,ok,0,0,-1.5,18.3
mpd,-4.0,8,qpsk-r1/5,w,9,1,0,data,ok,6,6,-1.5,18.3
mpd,-4.0,8,ack-4f,w,2,2,0,ctl,ok,0,0,-1.0,18.3
mpd,-4.0,8,qpsk-r1/5,w,9,1,0,data,ok,8,8,-0.0,18.3
mpd,-4.0,8,n10-ack-4f,n10,2,2,0,ctl,ok,0,0,-2.3,18.3
mpd,-4.0,8,qpsk-r1/5,w,9,1,0,data,ok,8,8,-0.7,18.3
mpd,-4.0,8,ack-4f,w,2,2,0,ctl,ok,0,0,-6.2,18.3
mpd,0.0,2,qpsk-r1/5,w,1,1,0,ctl,ok,0,0,-0.3,37.4
mpd,0.0,2,qpsk-r1/5,w,1,1,0,ctl,ok,0,0,5.0,37.4
mpd,0.0,2,ack-4f,w,3,3,0,ctl,ok,0,0,-0.0,37.4
mpd,0.0,2,ack-1f,w,3,3,0,ctl,ok,0,0,2.8,37.4
mpd,0.0,2,qpsk-r1/5,w,9,2,1,data,ok,7,7,2.5,37.4
mpd,0.0,2,ack-1f,w,2,2,0,ctl,ok,0,0,3.0,37.4
mpd,0.0,2,qpsk-r1/5,w,9,1,0,data,ok,8,8,0.3,37.4
mpd,0.0,2,ack-1f,w,2,2,0,ctl,ok,0,0,4.5,37.4
mpd,0.0,2,qpsk-r1/5,w,9,1,0,data,ok,8,8,3.1,37.4
mpd,0.0,2,ack-1f,w,2,2,0,ctl,ok,0,0,4.9,37.4
mpd,0.0,2,qpsk-r1/5,w,9,1,0,data,ok,8,8,2.2,37.4
mpd,0.0,2,ack-1f,w,3,3,0,ctl,ok,0,0,3.5,37.4
mpd,0.0,2,qpsk-r1/3,w,9,2,1,data,ok,7,7,4.0,37.4
mpd,0.0,2,ack-1f,w,3,3,0,ctl,ctl_lost,0,0,-1.8,37.4
mpd,0.0,2,ack-4f,w,3,3,0,ctl,ok,0,0,1.1,37.4
mpd,0.0,2,ack-4f,w,3,3,0,ctl,ok,0,0,0.5,37.4
mpd,0.0,2,qpsk-r1/3,w,9,2,1,data,ok,7,7,3.7,37.4
mpd,0.0,2,ack-4f,w,3,3,0,ctl,ok,0,0,3.7,37.4
mpd,0.0,2,qpsk-r1/3,w,9,2,1,data,ok,7,7,1.7,37.4
mpd,0.0,2,ack-4f,w,3,3,0,ctl,ok,0,0,3.0,37.4
mpd,0.0,2,qpsk-r1/3,w,9,2,1,data,ok,7,7,2.8,37.4
mpd,0.0,2,ack-4f,w,3,3,0,ctl,ok,0,0,3.1,37.4
mpd,0.0,2,qpsk-r1/3,w,9,2,1,data,ok,7,7,4.1,37.4
mpd,0.0,2,ack-4f,w,2,2,0,ctl,ok,0,0,2.3,37.4
mpd,0.0,2,qpsk-r1/3,w,9,1,0,data,ok,8,8,1.0,37.4
mpd,0.0,2,ack-4f,w,2,2,0,ctl,ok,0,0,2.8,37.4
mpd,0.0,2,qpsk-r1/3,w,9,1,0,data,ok,8,8,1.4,37.4
mpd,0.0,2,ack-4f,w,3,3,0,ctl,ok,0,0,4.9,37.4
mpd,0.0,2,qpsk-r1/3,w,9,2,1,data,ok,7,7,3.9,37.4
mpd,0.0,2,ack-4f,w,2,2,0,ctl,ok,0,0,2.7,37.4
mpd,0.0,2,qpsk-r1/3,w,9,1,0,data,ok,8,8,0.8,37.4
mpd,0.0,2,ack-4f,w,2,2,0,ctl,ok,0,0,4.1,37.4
mpd,0.0,2,qpsk-r1/3,w,9,1,0,data,ok,8,8,3.8,37.4
mpd,0.0,2,ack-4f,w,2,2,0,ctl,ok,0,0,1.7,37.4
mpd,0.0,2,qpsk-r1/3,w,9,1,0,data,ok,8,8,3.5,37.4
mpd,0.0,2,ack-4f,w,2,2,0,ctl,ok,0,0,3.8,37.4
mpd,0.0,2,qpsk-r1/3,w,9,1,0,data,ok,8,8,3.1,37.4
mpd,0.0,2,ack-4f,w,2,2,0,ctl,ok,0,0,0.9,37.4
mpd,0.0,2,qpsk-r1/3,w,9,1,0,data,ok,8,8,2.9,37.4
mpd,0.0,2,ack-4f,w,2,2,0,ctl,ok,0,0,0.4,37.4
mpd,0.0,2,qpsk-r1/3,w,9,1,0,data,ok,8,8,1.0,37.4
mpd,0.0,2,ack-4f,w,2,2,0,ctl,ok,0,0,4.7,37.4
mpd,0.0,2,qpsk-r1/3,w,9,1,0,data,ok,8,8,2.4,37.4
mpd,0.0,2,ack-4f,w,3,3,0,ctl,ok,0,0,1.7,37.4
mpd,0.0,2,qpsk-r1/3,w,9,2,1,data,ok,7,7,3.5,37.4
mpd,0.0,2,ack-4f,w,2,2,0,ctl,ok,0,0,2.0,37.4
mpd,0.0,2,qpsk-r1/3,w,9,1,0,data,ok,8,8,3.2,37.4
mpd,0.0,2,ack-4f,w,2,2,0,ctl,ok,0,0,1.8,37.4
mpd,0.0,2,qpsk-r1/3,w,9,1,0,data,ctl_lost,8,3,2.1,37.4
mpd,0.0,2,ack-4f,w,2,2,0,ctl,ok,0,0,0.8,37.4
mpd,0.0,2,ack-4f,w,3,3,0,ctl,ok,0,0,2.0,37.4
mpd,0.0,2,qpsk-r1/3,w,9,2,1,data,ok,7,0,0.5,37.4
mpd,0.0,2,ack-4f,w,3,3,0,ctl,ok,0,0,4.2,37.4
mpd,0.0,2,qpsk-r1/3,w,9,2,1,data,ok,1,1,1.5,37.4
mpd,0.0,2,ack-4f,w,3,3,0,ctl,ok,0,0,3.0,37.4
mpd,0.0,2,qpsk-r1/3,w,9,2,1,data,ok,7,7,3.0,37.4
mpd,0.0,2,ack-4f,w,3,3,0,ctl,ok,0,0,1.5,37.4
mpd,0.0,2,qpsk-r1/3,w,9,2,1,data,ok,7,7,2.8,37.4
mpd,0.0,2,ack-4f,w,2,2,0,ctl,ok,0,0,4.5,37.4
mpd,0.0,2,qpsk-r1/3,w,9,1,0,data,ok,8,8,1.9,37.4
mpd,0.0,2,ack-4f,w,2,2,0,ctl,ok,0,0,5.5,37.4
mpd,0.0,2,qpsk-r1/3,w,9,1,0,data,ok,8,8,2.1,37.4
mpd,0.0,2,ack-1f,w,2,2,0,ctl,ok,0,0,5.2,37.4
mpd,0.0,2,qpsk-r1/3,w,9,1,0,data,ok,8,8,1.6,37.4
mpd,0.0,2,ack-1f,w,2,2,0,ctl,ok,0,0,4.4,37.4
mpd,0.0,2,qpsk-r1/3,w,9,1,0,data,ok,8,8,4.0,37.4
mpd,0.0,2,ack-1f,w,2,2,0,ctl,ok,0,0,1.2,37.4
mpd,0.0,2,qpsk-r1/3,w,9,1,0,data,ok,8,8,1.7,37.4
mpd,0.0,2,ack-1f,w,2,2,0,ctl,ok,0,0,1.0,37.4
mpd,0.0,2,qpsk-r1/3,w,9,1,0,data,ok,8,8,1.2,37.4
mpd,0.0,2,ack-4f,w,2,2,0,ctl,ok,0,0,0.7,37.4
mpd,0.0,2,qpsk-r1/3,w,9,1,0,data,ok,8,8,4.1,37.4
mpd,0.0,2,ack-4f,w,2,2,0,ctl,ok,0,0,2.1,37.4
mpd,0.0,2,qpsk-r1/3,w,9,1,0,data,ok,8,8,2.9,37.4
mpd,0.0,2,ack-4f,w,2,2,0,ctl,ok,0,0,1.8,37.4
mpd,0.0,2,qpsk-r1/3,w,9,1,0,data,ok,8,8,1.4,37.4
mpd,0.0,2,ack-4f,w,2,2,0,ctl,ok,0,0,3.4,37.4
mpd,0.0,2,qpsk-r1/3,w,9,1,0,data,ok,8,8,2.0,37.4
mpd,0.0,2,ack-4f,w,2,2,0,ctl,ok,0,0,2.7,37.4
mpd,0.0,2,qpsk-r1/3,w,9,1,0,data,ok,8,8,4.0,37.4
mpd,0.0,2,ack-1f,w,2,2,0,ctl,ok,0,0,3.1,37.4
mpd,0.0,2,qpsk-r1/3,w,9,1,0,data,ok,8,8,2.9,37.4
mpd,0.0,2,ack-4f,w,2,2,0,ctl,ok,0,0,4.5,37.4
mpd,0.0,2,qpsk-r1/3,w,9,1,0,data,ok,8,8,2.4,37.4
mpd,0.0,2,ack-1f,w,2,2,0,ctl,ok,0,0,1.8,37.4
mpd,0.0,2,qpsk-r1/3,w,9,1,0,data,ok,8,8,1.6,37.4
mpd,0.0,2,ack-1f,w,2,2,0,ctl,ok,0,0,2.3,37.4
mpd,0.0,2,qpsk-r1/3,w,9,1,0,data,ok,8,8,1.2,37.4
mpd,0.0,2,ack-4f,w,2,2,0,ctl,ok,0,0,1.3,37.4
mpd,0.0,2,qpsk-r1/3,w,9,1,0,data,ok,8,8,3.0,37.4
mpd,0.0,2,ack-4f,w,2,2,0,ctl,ok,0,0,2.3,37.4
mpd,0.0,2,qpsk-r1/3,w,9,1,0,data,ctl_lost,8,6,1.6,37.4
mpd,0.0,2,ack-4f,w,2,2,0,ctl,ok,0,0,1.7,37.4
mpd,0.0,2,ack-4f,w,3,3,0,ctl,ok,0,0,3.6,37.4
mpd,0.0,2,qpsk-r1/3,w,9,2,1,data,ok,7,7,4.0,37.4
mpd,-4.0,10,qpsk-r1/5,w,1,1,0,ctl,ok,0,0,2.1,14.4
mpd,-4.0,10,qpsk-r1/5,w,1,1,0,ctl,ctl_lost,0,0,-1.9,14.4
mpd,-4.0,10,n4-qpsk-r1/3,n4,1,1,0,ctl,ok,0,0,-9.3,14.4
mpd,-4.0,10,n4-qpsk-r1/3,n4,1,1,0,ctl,ok,0,0,-6.9,14.4
mpd,-4.0,10,n4-qpsk-r1/3,n4,1,1,0,ctl,ok,0,0,-5.5,14.4
mpd,-4.0,10,ack-4f,w,3,3,0,ctl,ok,0,0,-5.2,14.4
mpd,-4.0,10,ack-4f,w,3,3,0,ctl,ok,0,0,-0.6,14.4
mpd,-4.0,10,fsk32r62-r1/2,c32r62,10,2,1,data,ok,8,8,-1.6,14.4
mpd,-4.0,10,ack-4f,w,3,3,0,ctl,ok,0,0,-0.9,14.4
mpd,-4.0,10,qpsk-r1/5,w,9,2,1,data,ok,7,0,-2.8,14.4
mpd,-4.0,10,ack-4f,w,3,3,0,ctl,ok,0,0,-0.8,14.4
mpd,-4.0,10,fsk32r62-r1/2,c32r62,10,2,1,data,ok,8,8,-2.1,14.4
mpd,-4.0,10,ack-4f,w,3,3,0,ctl,ok,0,0,0.8,14.4
mpd,-4.0,10,qpsk-r1/5,w,9,2,1,data,ok,7,0,-3.1,14.4
mpd,-4.0,10,ack-4f,w,3,3,0,ctl,ok,0,0,-0.9,14.4
mpd,-4.0,10,fsk32r62-r1/2,c32r62,10,2,1,data,ok,8,8,-1.9,14.4
mpd,-4.0,10,ack-4f,w,3,3,0,ctl,ok,0,0,-0.4,14.4
mpd,-4.0,10,qpsk-r1/5,w,9,2,1,data,ok,7,2,-2.2,14.4
mpd,-4.0,10,ack-4f,w,3,3,0,ctl,ok,0,0,1.3,14.4
mpd,-4.0,10,qpsk-r1/5,w,9,2,1,data,ok,2,0,-1.9,14.4
mpd,-4.0,10,ack-4f,w,3,3,0,ctl,ok,0,0,-0.6,14.4
mpd,-4.0,10,qpsk-r1/5,w,9,2,1,data,ok,7,7,0.6,14.4
mpd,-4.0,10,ack-4f,w,2,2,0,ctl,ok,0,0,-0.9,14.4
mpd,-4.0,10,qpsk-r1/5,w,9,1,0,data,ok,8,8,-1.2,14.4
mpd,-4.0,10,ack-4f,w,2,2,0,ctl,ok,0,0,0.4,14.4
mpd,-4.0,10,qpsk-r1/5,w,9,1,0,data,ok,8,8,0.2,14.4
mpd,-4.0,10,ack-4f,w,2,2,0,ctl,ok,0,0,-0.5,14.4
mpd,-4.0,10,qpsk-r1/5,w,9,1,0,data,ctl_lost,8,0,-3.7,14.4
mpd,-4.0,10,ack-4f,w,3,3,0,ctl,ok,0,0,0.1,14.4
mpd,-4.0,10,ack-4f,w,3,3,0,ctl,ok,0,0,0.1,14.4
mpd,-4.0,10,qpsk-r1/5,w,9,2,1,data,ok,7,7,-0.2,14.4
mpd,-4.0,10,ack-4f,w,3,3,,ctl,missed,0,0,,14.4
mpd,-4.0,10,ack-4f,w,3,3,0,ctl,ok,0,0,-0.5,14.4
mpd,-4.0,10,ack-4f,w,3,3,0,ctl,ok,0,0,-2.5,14.4
mpd,-4.0,10,qpsk-r1/5,w,9,2,1,data,ok,7,6,-1.1,14.4
mpd,-4.0,10,ack-4f,w,3,3,0,ctl,ok,0,0,-0.6,14.4
mpd,-4.0,10,qpsk-r1/5,w,9,2,1,data,ok,5,5,-1.3,14.4
mpd,-4.0,10,ack-4f,w,3,3,0,ctl,ok,0,0,0.9,14.4
mpd,-4.0,10,qpsk-r1/5,w,9,2,1,data,ok,7,7,-2.0,14.4
mpd,-4.0,10,ack-4f,w,3,3,,ctl,missed,0,0,,14.4
mpd,-4.0,10,ack-4f,w,3,3,0,ctl,ok,0,0,-1.4,14.4
mpd,-4.0,10,ack-4f,w,3,3,0,ctl,ok,0,0,-3.2,14.4
mpd,-4.0,10,qpsk-r1/5,w,9,2,1,data,ok,7,2,-1.9,14.4
mpd,-4.0,10,ack-4f,w,3,3,0,ctl,ok,0,0,-2.2,14.4
mpd,-4.0,10,qpsk-r1/5,w,9,2,1,data,ok,2,2,-1.3,14.4
mpd,-4.0,10,ack-4f,w,2,2,0,ctl,ok,0,0,-2.9,14.4
mpd,-4.0,10,qpsk-r1/5,w,9,1,0,data,ok,8,8,0.2,14.4
mpd,-4.0,10,ack-4f,w,2,2,0,ctl,ok,0,0,1.2,14.4
mpd,-4.0,10,qpsk-r1/5,w,9,1,0,data,ok,8,8,-1.4,14.4
mpd,-4.0,10,ack-4f,w,2,2,0,ctl,ok,0,0,0.6,14.4
mpd,-4.0,10,qpsk-r1/5,w,9,1,0,data,ok,8,6,-1.4,14.4
mpd,-4.0,10,ack-4f,w,3,3,0,ctl,ok,0,0,-1.4,14.4
mpd,-4.0,10,qpsk-r1/5,w,9,1,0,data,ok,6,6,-1.5,14.4
mpd,-4.0,10,ack-4f,w,2,2,0,ctl,ok,0,0,-0.9,14.4
mpd,-4.0,10,qpsk-r1/5,w,9,1,0,data,ok,8,8,-1.5,14.4
mpd,-4.0,10,ack-4f,w,2,2,0,ctl,ok,0,0,-0.2,14.4
mpd,-4.0,10,qpsk-r1/5,w,9,1,0,data,ok,8,8,-1.0,14.4
mpd,-4.0,10,ack-4f,w,2,2,0,ctl,ok,0,0,-1.3,14.4
mpd,-4.0,10,qpsk-r1/5,w,9,1,0,data,ok,8,8,-1.2,14.4
mpd,-4.0,10,ack-4f,w,2,2,0,ctl,ok,0,0,0.5,14.4
mpd,-4.0,10,qpsk-r1/5,w,9,1,0,data,ctl_lost,8,1,-3.5,14.4
mpd,-4.0,10,ack-4f,w,3,3,0,ctl,ok,0,0,-3.5,14.4
mpd,-4.0,10,ack-4f,w,3,3,0,ctl,ok,0,0,-2.1,14.4
mpd,-4.0,10,qpsk-r1/5,w,9,2,1,data,ok,7,0,-3.1,14.4
mpd,-4.0,10,ack-4f,w,3,3,,ctl,missed,0,0,,14.4
mpd,-4.0,10,ack-4f,w,3,3,0,ctl,ok,0,0,-0.3,14.4
mpd,-4.0,10,ack-4f,w,3,3,0,ctl,ok,0,0,-3.3,14.4
mpd,-4.0,10,qpsk-r1/5,w,9,2,1,data,ok,7,7,-1.2,14.4
mpd,-4.0,10,ack-4f,w,2,2,0,ctl,ok,0,0,-3.7,14.4
mpd,-4.0,10,qpsk-r1/5,w,9,1,0,data,ctl_lost,8,1,-1.8,14.4
mpd,-4.0,10,ack-4f,w,2,2,0,ctl,ok,0,0,-0.8,14.4
mpd,-4.0,10,ack-4f,w,3,3,0,ctl,ok,0,0,-1.2,14.4
mpd,-4.0,10,qpsk-r1/5,w,9,2,1,data,ok,7,7,-0.7,14.4
mpd,-4.0,10,ack-4f,w,3,3,0,ctl,ok,0,0,0.5,14.4
mpd,-4.0,10,qpsk-r1/5,w,9,2,1,data,ok,7,7,-0.9,14.4
mpd,-4.0,10,ack-4f,w,3,3,0,ctl,ok,0,0,1.2,14.4
mpd,-4.0,10,qpsk-r1/5,w,9,2,1,data,ok,7,6,-2.4,14.4
mpd,-4.0,10,ack-4f,w,3,3,0,ctl,ok,0,0,-0.6,14.4
mpd,-4.0,10,qpsk-r1/5,w,9,2,1,data,ok,6,0,-3.3,14.4
mpd,-4.0,10,ack-4f,w,3,3,0,ctl,ok,0,0,-0.1,14.4
mpd,-4.0,10,qpsk-r1/5,w,9,2,1,data,ok,1,0,-0.6,14.4
mpd,-4.0,10,ack-4f,w,2,2,0,ctl,ok,0,0,0.0,14.4
mpd,-4.0,10,qpsk-r1/5,w,9,1,0,data,ok,8,8,-0.7,14.4
mpd,-4.0,10,ack-4f,w,2,2,0,ctl,ok,0,0,-2.3,14.4
mpd,-4.0,10,qpsk-r1/5,w,9,1,0,data,ok,8,8,-1.1,14.4
mpd,-4.0,9,qpsk-r1/5,w,1,1,0,ctl,ctl_lost,0,0,-4.1,17.4
mpd,-4.0,9,n4-qpsk-r1/3,n4,1,1,0,ctl,ok,0,0,-6.8,17.4
mpd,-4.0,9,n4-qpsk-r1/3,n4,1,1,,ctl,missed,0,0,,17.4
mpd,-4.0,9,n4-qpsk-r1/3,n4,1,1,,ctl,missed,0,0,,17.4
mpd,-4.0,9,n4-qpsk-r1/3,n4,1,1,0,ctl,ok,0,0,-4.5,17.4
mpd,-4.0,9,n4-qpsk-r1/3,n4,1,1,0,ctl,ok,0,0,-4.2,17.4
mpd,-4.0,9,ack-4f,w,3,3,0,ctl,ok,0,0,-2.4,17.4
mpd,-4.0,9,ack-4f,w,3,3,0,ctl,ok,0,0,-2.5,17.4
mpd,-4.0,9,fsk32r62-r1/2,c32r62,10,2,1,data,ok,8,8,-1.6,17.4
mpd,-4.0,9,n10-ack-4f,n10,3,3,0,ctl,ok,0,0,-1.6,17.4
mpd,-4.0,9,qpsk-r1/5,w,9,2,1,data,ok,7,7,-0.9,17.4
mpd,-4.0,9,ack-4f,w,3,3,0,ctl,ok,0,0,-0.3,17.4
mpd,-4.0,9,qpsk-r1/5,w,9,2,1,data,ok,7,7,-2.0,17.4
mpd,-4.0,9,ack-4f,w,3,3,0,ctl,ok,0,0,-3.0,17.4
mpd,-4.0,9,qpsk-r1/5,w,9,2,1,data,ok,7,4,-1.2,17.4
mpd,-4.0,9,n10-ack-4f,n10,3,3,0,ctl,ok,0,0,-4.5,17.4
mpd,-4.0,9,qpsk-r1/5,w,9,2,1,data,ok,4,4,-1.4,17.4
mpd,-4.0,9,ack-4f,w,3,3,0,ctl,ok,0,0,-1.3,17.4
mpd,-4.0,9,qpsk-r1/5,w,9,2,1,data,ok,7,1,-1.5,17.4
mpd,-4.0,9,ack-4f,w,3,3,0,ctl,ok,0,0,-2.9,17.4
mpd,-4.0,9,qpsk-r1/5,w,9,2,1,data,ok,4,4,-1.3,17.4
mpd,-4.0,9,n10-ack-4f,n10,3,3,,ctl,missed,0,0,,17.4
mpd,-4.0,9,ack-4f,w,3,3,0,ctl,ok,0,0,-3.6,17.4
mpd,-4.0,9,ack-4f,w,3,3,0,ctl,ok,0,0,-0.7,17.4
mpd,-4.0,9,qpsk-r1/5,w,9,2,1,data,ok,7,1,-2.3,17.4
mpd,-4.0,9,n10-ack-4f,n10,3,3,0,ctl,ok,0,0,0.2,17.4
mpd,-4.0,9,qpsk-r1/5,w,9,2,1,data,ok,1,1,-2.5,17.4
mpd,-4.0,9,ack-4f,w,3,3,0,ctl,ok,0,0,0.2,17.4
mpd,-4.0,9,qpsk-r1/5,w,9,2,1,data,ok,7,7,-1.8,17.4
mpd,-4.0,9,ack-4f,w,2,2,0,ctl,ok,0,0,-0.9,17.4
mpd,-4.0,9,qpsk-r1/5,w,9,1,0,data,ok,8,8,-1.4,17.4
mpd,-4.0,9,ack-4f,w,2,2,0,ctl,ok,0,0,-0.8,17.4
mpd,-4.0,9,qpsk-r1/5,w,9,1,0,data,ctl_lost,8,1,-2.4,17.4
mpd,-4.0,9,ack-4f,w,3,3,0,ctl,ok,0,0,-3.7,17.4
mpd,-4.0,9,ack-4f,w,3,3,0,ctl,ok,0,0,-0.9,17.4
mpd,-4.0,9,qpsk-r1/5,w,9,2,1,data,ok,7,0,-2.9,17.4
mpd,-4.0,9,ack-4f,w,3,3,0,ctl,ok,0,0,-2.2,17.4
mpd,-4.0,9,qpsk-r1/5,w,9,2,1,data,ok,0,0,-1.0,17.4
mpd,-4.0,9,ack-4f,w,3,3,0,ctl,ok,0,0,0.6,17.4
mpd,-4.0,9,qpsk-r1/5,w,9,2,1,data,ok,7,7,-1.9,17.4
mpd,-4.0,9,ack-4f,w,2,2,0,ctl,ok,0,0,1.9,17.4
mpd,-4.0,9,qpsk-r1/5,w,9,1,0,data,ok,8,8,-1.1,17.4
mpd,-4.0,9,ack-4f,w,2,2,0,ctl,ok,0,0,-1.4,17.4
mpd,-4.0,9,qpsk-r1/5,w,9,1,0,data,ok,8,8,-2.4,17.4
mpd,-4.0,9,ack-4f,w,2,2,0,ctl,ok,0,0,-1.2,17.4
mpd,-4.0,9,qpsk-r1/5,w,9,1,0,data,ok,8,8,-0.9,17.4
mpd,-4.0,9,ack-4f,w,2,2,0,ctl,ok,0,0,-0.5,17.4
mpd,-4.0,9,qpsk-r1/5,w,9,1,0,data,ok,8,8,-1.2,17.4
mpd,-4.0,9,ack-4f,w,2,2,0,ctl,ok,0,0,-1.6,17.4
mpd,-4.0,9,qpsk-r1/5,w,9,1,0,data,ok,8,8,-0.7,17.4
mpd,-4.0,9,ack-4f,w,2,2,0,ctl,ok,0,0,-1.1,17.4
mpd,-4.0,9,qpsk-r1/5,w,9,1,0,data,ok,8,8,-1.1,17.4
mpd,-4.0,9,ack-4f,w,2,2,0,ctl,ok,0,0,0.9,17.4
mpd,-4.0,9,qpsk-r1/5,w,9,1,0,data,ok,8,8,-1.2,17.4
mpd,-4.0,9,ack-4f,w,2,2,0,ctl,ok,0,0,-1.6,17.4
mpd,-4.0,9,qpsk-r1/5,w,9,1,0,data,ok,8,8,-0.0,17.4
mpd,-4.0,9,ack-4f,w,2,2,0,ctl,ok,0,0,1.1,17.4
mpd,-4.0,9,qpsk-r1/5,w,9,1,0,data,ok,8,8,-0.2,17.4
mpd,-4.0,9,ack-4f,w,2,2,0,ctl,ok,0,0,-3.3,17.4
mpd,-4.0,9,qpsk-r1/5,w,9,1,0,data,ctl_lost,8,7,-1.6,17.4
mpd,-4.0,9,ack-4f,w,3,3,0,ctl,ok,0,0,-1.1,17.4
mpd,-4.0,9,ack-4f,w,3,3,0,ctl,ok,0,0,-1.5,17.4
mpd,-4.0,9,qpsk-r1/5,w,9,2,1,data,ok,7,7,-1.6,17.4
mpd,-4.0,9,ack-4f,w,3,3,0,ctl,ok,0,0,0.6,17.4
mpd,-4.0,9,qpsk-r1/5,w,9,2,1,data,ok,7,7,-1.4,17.4
mpd,-4.0,9,ack-4f,w,3,3,0,ctl,ok,0,0,2.3,17.4
mpd,-4.0,9,qpsk-r1/5,w,9,2,1,data,ok,7,7,-1.5,17.4
mpd,-4.0,9,ack-4f,w,2,2,0,ctl,ok,0,0,1.6,17.4
mpd,-4.0,9,qpsk-r1/5,w,9,1,0,data,ok,8,8,-0.6,17.4
mpd,-4.0,9,ack-4f,w,2,2,0,ctl,ok,0,0,-0.7,17.4
mpd,-4.0,9,qpsk-r1/5,w,9,1,0,data,ok,8,8,-0.6,17.4
mpd,-4.0,9,ack-4f,w,2,2,0,ctl,ok,0,0,-4.5,17.4
mpd,-4.0,9,qpsk-r1/5,w,9,1,0,data,ok,8,8,-1.6,17.4
mpd,-4.0,9,ack-4f,w,2,2,0,ctl,ok,0,0,-0.8,17.4
mpd,-4.0,9,qpsk-r1/5,w,9,1,0,data,ok,8,8,-1.4,17.4
mpd,-4.0,9,ack-4f,w,2,2,0,ctl,ok,0,0,0.3,17.4
mpd,-4.0,9,qpsk-r1/5,w,9,1,0,data,ctl_lost,8,0,-4.0,17.4
mpd,-4.0,9,ack-4f,w,3,3,0,ctl,ok,0,0,-1.0,17.4
mpd,-4.0,9,ack-4f,w,3,3,0,ctl,ok,0,0,-1.3,17.4
mpd,-4.0,9,qpsk-r1/5,w,9,2,1,data,ok,7,0,-2.2,17.4
mpd,-4.0,9,ack-4f,w,3,3,0,ctl,ok,0,0,-1.1,17.4
mpd,-4.0,9,qpsk-r1/5,w,9,2,1,data,ok,0,0,-0.5,17.4
mpd,-4.0,9,ack-4f,w,3,3,,ctl,missed,0,0,,17.4
mpd,-4.0,9,ack-4f,w,3,3,0,ctl,ok,0,0,1.6,17.4
mpd,-4.0,9,ack-4f,w,2,2,0,ctl,ok,0,0,-2.8,17.4
mpd,-4.0,9,qpsk-r1/5,w,9,1,0,data,ok,8,7,-0.7,17.4
mpd,-4.0,9,ack-4f,w,3,3,0,ctl,ok,0,0,-2.3,17.4
mpd,-4.0,9,qpsk-r1/5,w,9,1,0,data,ok,7,7,-1.0,17.4
mpd,-4.0,9,ack-4f,w,2,2,0,ctl,ok,0,0,-3.5,17.4
mpd,-4.0,9,qpsk-r1/5,w,9,1,0,data,ok,8,8,-0.7,17.4
mpd,0.0,5,qpsk-r1/5,w,1,1,0,ctl,ok,0,0,2.0,32.3
mpd,0.0,5,qpsk-r1/5,w,1,1,0,ctl,ok,0,0,3.7,32.3
mpd,0.0,5,ack-4f,w,3,3,0,ctl,ok,0,0,0.2,32.3
mpd,0.0,5,ack-1f,w,3,3,0,ctl,ok,0,0,6.2,32.3
mpd,0.0,5,qpsk-r1/5,w,9,2,1,data,ok,7,7,4.2,32.3
mpd,0.0,5,ack-1f,w,3,3,0,ctl,ok,0,0,4.1,32.3
mpd,0.0,5,qpsk-r1/3,w,9,2,1,data,ok,7,7,1.7,32.3
mpd,0.0,5,ack-1f,w,3,3,0,ctl,ok,0,0,3.5,32.3
mpd,0.0,5,qpsk-r1/3,w,9,2,1,data,ok,7,7,1.3,32.3
mpd,0.0,5,ack-1f,w,3,3,0,ctl,ok,0,0,2.9,32.3
mpd,0.0,5,qpsk-r1/3,w,9,2,1,data,ok,7,7,1.8,32.3
mpd,0.0,5,ack-1f,w,3,3,0,ctl,ok,0,0,6.7,32.3
mpd,0.0,5,qpsk-r1/3,w,9,2,1,data,ok,7,7,1.4,32.3
mpd,0.0,5,ack-1f,w,3,3,0,ctl,ok,0,0,4.0,32.3
mpd,0.0,5,qpsk-r1/3,w,9,2,1,data,ok,7,7,2.0,32.3
mpd,0.0,5,ack-1f,w,3,3,0,ctl,ok,0,0,1.5,32.3
mpd,0.0,5,qpsk-r1/3,w,9,2,1,data,ok,7,7,1.5,32.3
mpd,0.0,5,ack-1f,w,3,3,0,ctl,ok,0,0,4.6,32.3
mpd,0.0,5,qpsk-r1/3,w,9,2,1,data,ok,7,7,3.1,32.3
mpd,0.0,5,ack-1f,w,3,3,0,ctl,ok,0,0,1.0,32.3
mpd,0.0,5,qpsk-r1/3,w,9,2,1,data,ok,7,7,2.2,32.3
mpd,0.0,5,ack-1f,w,2,2,0,ctl,ctl_lost,0,0,-0.2,32.3
mpd,0.0,5,ack-4f,w,3,3,0,ctl,ok,0,0,3.8,32.3
mpd,0.0,5,ack-4f,w,2,2,0,ctl,ok,0,0,3.7,32.3
mpd,0.0,5,qpsk-r1/3,w,9,1,0,data,ctl_lost,8,0,-0.1,32.3
mpd,0.0,5,ack-4f,w,3,3,0,ctl,ok,0,0,3.6,32.3
mpd,0.0,5,ack-4f,w,3,3,0,ctl,ok,0,0,1.6,32.3
mpd,0.0,5,qpsk-r1/3,w,9,2,1,data,ok,7,7,2.1,32.3
mpd,0.0,5,ack-1f,w,3,3,0,ctl,ok,0,0,3.2,32.3
mpd,0.0,5,qpsk-r1/3,w,9,2,1,data,ok,7,7,3.1,32.3
mpd,0.0,5,ack-1f,w,3,3,0,ctl,ok,0,0,1.1,32.3
mpd,0.0,5,qpsk-r1/3,w,9,2,1,data,ok,7,7,2.5,32.3
mpd,0.0,5,ack-1f,w,3,3,0,ctl,ok,0,0,4.2,32.3
mpd,0.0,5,qpsk-r1/3,w,9,2,1,data,ok,7,7,3.7,32.3
mpd,0.0,5,ack-1f,w,2,2,0,ctl,ok,0,0,5.1,32.3
mpd,0.0,5,qpsk-r1/3,w,9,1,0,data,ok,8,8,2.4,32.3
mpd,0.0,5,ack-1f,w,2,2,0,ctl,ok,0,0,4.7,32.3
mpd,0.0,5,qpsk-r1/3,w,9,1,0,data,ok,8,8,3.3,32.3
mpd,0.0,5,ack-1f,w,2,2,0,ctl,ok,0,0,7.3,32.3
mpd,0.0,5,qpsk-r1/3,w,9,1,0,data,ok,8,8,1.3,32.3
mpd,0.0,5,ack-1f,w,2,2,0,ctl,ok,0,0,-2.2,32.3
mpd,0.0,5,qpsk-r1/3,w,9,1,0,data,ok,8,8,0.8,32.3
mpd,0.0,5,ack-1f,w,3,3,0,ctl,ctl_lost,0,0,-2.3,32.3
mpd,0.0,5,ack-4f,w,3,3,0,ctl,ok,0,0,3.9,32.3
mpd,0.0,5,ack-4f,w,2,2,0,ctl,ok,0,0,3.7,32.3
mpd,0.0,5,qpsk-r1/3,w,9,1,0,data,ok,8,8,1.9,32.3
mpd,0.0,5,ack-4f,w,2,2,0,ctl,ok,0,0,3.1,32.3
mpd,0.0,5,qpsk-r1/3,w,9,1,0,data,ok,8,8,2.5,32.3
mpd,0.0,5,ack-4f,w,2,2,0,ctl,ok,0,0,-0.4,32.3
mpd,0.0,5,qpsk-r1/3,w,9,1,0,data,ok,8,8,2.2,32.3
mpd,0.0,5,ack-4f,w,2,2,0,ctl,ok,0,0,-0.5,32.3
mpd,0.0,5,qpsk-r1/3,w,9,1,0,data,ctl_lost,8,5,0.4,32.3
mpd,0.0,5,ack-4f,w,3,3,0,ctl,ok,0,0,1.0,32.3
mpd,0.0,5,ack-4f,w,3,3,0,ctl,ok,0,0,2.4,32.3
mpd,0.0,5,qpsk-r1/3,w,9,2,1,data,ok,7,7,3.1,32.3
mpd,0.0,5,ack-4f,w,3,3,0,ctl,ok,0,0,4.6,32.3
mpd,0.0,5,qpsk-r1/3,w,9,2,1,data,ok,7,7,3.5,32.3
mpd,0.0,5,ack-4f,w,2,2,0,ctl,ok,0,0,0.5,32.3
mpd,0.0,5,qpsk-r1/3,w,9,1,0,data,ok,8,8,3.7,32.3
mpd,0.0,5,ack-4f,w,2,2,0,ctl,ok,0,0,-0.2,32.3
mpd,0.0,5,qpsk-r1/3,w,9,1,0,data,ctl_lost,8,2,0.6,32.3
mpd,0.0,5,ack-4f,w,3,3,0,ctl,ok,0,0,4.0,32.3
mpd,0.0,5,ack-4f,w,3,3,0,ctl,ok,0,0,0.3,32.3
mpd,0.0,5,qpsk-r1/3,w,9,2,1,data,ok,7,7,3.3,32.3
mpd,0.0,5,ack-4f,w,2,2,0,ctl,ok,0,0,3.9,32.3
mpd,0.0,5,qpsk-r1/3,w,9,1,0,data,ok,8,8,3.0,32.3
mpd,0.0,5,ack-4f,w,3,3,0,ctl,ok,0,0,4.7,32.3
mpd,0.0,5,qpsk-r1/3,w,9,2,1,data,ok,7,7,2.8,32.3
mpd,0.0,5,ack-1f,w,3,3,0,ctl,ok,0,0,2.3,32.3
mpd,0.0,5,qpsk-r1/3,w,9,2,1,data,ok,7,7,2.0,32.3
mpd,0.0,5,ack-1f,w,3,3,0,ctl,ctl_lost,0,0,-9.6,32.3
mpd,0.0,5,ack-4f,w,3,3,0,ctl,ok,0,0,1.4,32.3
mpd,0.0,5,ack-4f,w,3,3,0,ctl,ok,0,0,3.0,32.3
mpd,0.0,5,qpsk-r1/3,w,9,2,1,data,ok,7,6,1.7,32.3
mpd,0.0,5,ack-4f,w,3,3,0,ctl,ok,0,0,4.9,32.3
mpd,0.0,5,qpsk-r1/3,w,9,2,1,data,ok,6,6,0.9,32.3
mpd,0.0,5,ack-4f,w,3,3,0,ctl,ok,0,0,2.5,32.3
mpd,0.0,5,qpsk-r1/3,w,9,2,1,data,ok,7,7,2.1,32.3
mpd,0.0,5,ack-4f,w,3,3,0,ctl,ok,0,0,4.3,32.3
mpd,0.0,5,qpsk-r1/3,w,9,2,1,data,ok,7,7,2.9,32.3
mpd,0.0,5,ack-4f,w,2,2,0,ctl,ok,0,0,4.6,32.3
mpd,0.0,5,qpsk-r1/3,w,9,1,0,data,ctl_lost,8,2,0.6,32.3
mpd,0.0,5,ack-4f,w,3,3,0,ctl,ok,0,0,0.4,32.3
mpd,0.0,5,ack-4f,w,3,3,0,ctl,ok,0,0,5.5,32.3
mpd,0.0,5,qpsk-r1/3,w,9,2,1,data,ok,7,7,0.7,32.3
mpd,0.0,5,ack-4f,w,3,3,0,ctl,ok,0,0,1.8,32.3
mpd,0.0,5,qpsk-r1/3,w,9,2,1,data,ok,7,7,1.5,32.3
mpd,0.0,5,ack-4f,w,3,3,0,ctl,ok,0,0,1.5,32.3
mpd,0.0,5,qpsk-r1/3,w,9,2,1,data,ok,7,7,3.5,32.3
mpd,0.0,5,ack-4f,w,2,2,0,ctl,ok,0,0,-0.9,32.3
mpd,0.0,5,qpsk-r1/3,w,9,1,0,data,ok,8,8,1.7,32.3
mpd,0.0,5,ack-4f,w,2,2,0,ctl,ok,0,0,-2.2,32.3
mpd,0.0,5,qpsk-r1/3,w,9,1,0,data,ok,8,8,2.4,32.3
mpd,0.0,5,ack-4f,w,2,2,0,ctl,ok,0,0,3.1,32.3
mpd,0.0,5,qpsk-r1/3,w,9,1,0,data,ctl_lost,8,2,0.2,32.3
mpd,0.0,5,ack-4f,w,3,3,0,ctl,ok,0,0,3.0,32.3
mpd,0.0,5,ack-4f,w,3,3,0,ctl,ok,0,0,4.3,32.3
mpd,0.0,5,qpsk-r1/3,w,9,2,1,data,ok,7,7,2.5,32.3
mpd,-4.0,11,qpsk-r1/5,w,1,1,0,ctl,ok,0,0,-3.3,17.0
mpd,-4.0,11,qpsk-r1/5,w,1,1,0,ctl,ok,0,0,-1.0,17.0
mpd,-4.0,11,ack-4f,w,3,3,0,ctl,ok,0,0,0.3,17.0
mpd,-4.0,11,ack-4f,w,3,3,0,ctl,ok,0,0,-1.4,17.0
mpd,-4.0,11,qpsk-r1/5,w,9,2,1,data,ok,7,7,-1.6,17.0
mpd,-4.0,11,ack-4f,w,3,3,0,ctl,ok,0,0,-2.6,17.0
mpd,-4.0,11,qpsk-r1/5,w,9,2,1,data,ctl_lost,7,0,-4.2,17.0
mpd,-4.0,11,ack-4f,w,3,3,0,ctl,ok,0,0,-2.5,17.0
mpd,-4.0,11,ack-4f,w,3,3,0,ctl,ok,0,0,-1.1,17.0
mpd,-4.0,11,fsk32r62-r1/2,c32r62,10,2,1,data,ok,8,8,-1.7,17.0
mpd,-4.0,11,ack-4f,w,3,3,0,ctl,ok,0,0,-1.3,17.0
mpd,-4.0,11,qpsk-r1/5,w,9,2,1,data,ok,7,2,-1.7,17.0
mpd,-4.0,11,ack-4f,w,3,3,0,ctl,ok,0,0,-1.2,17.0
mpd,-4.0,11,qpsk-r1/5,w,9,2,1,data,ok,2,1,-1.9,17.0
mpd,-4.0,11,ack-4f,w,3,3,0,ctl,ok,0,0,0.5,17.0
mpd,-4.0,11,qpsk-r1/5,w,9,2,1,data,ok,7,7,-1.1,17.0
mpd,-4.0,11,ack-4f,w,3,3,0,ctl,ok,0,0,-2.4,17.0
mpd,-4.0,11,qpsk-r1/5,w,9,2,1,data,ok,7,7,-0.6,17.0
mpd,-4.0,11,ack-4f,w,3,3,0,ctl,ok,0,0,-1.8,17.0
mpd,-4.0,11,qpsk-r1/5,w,9,2,1,data,ok,7,6,-1.1,17.0
mpd,-4.0,11,ack-4f,w,3,3,0,ctl,ok,0,0,0.0,17.0
mpd,-4.0,11,qpsk-r1/5,w,9,2,1,data,ok,6,4,-0.8,17.0
mpd,-4.0,11,ack-4f,w,2,2,0,ctl,ok,0,0,-2.0,17.0
mpd,-4.0,11,qpsk-r1/5,w,9,1,,data,missed,0,0,,17.0
mpd,-4.0,11,ack-4f,w,3,3,0,ctl,ok,0,0,-1.2,17.0
mpd,-4.0,11,ack-4f,w,3,3,0,ctl,ok,0,0,-1.4,17.0
mpd,-4.0,11,qpsk-r1/5,w,9,2,1,data,ok,7,3,-2.1,17.0
mpd,-4.0,11,ack-4f,w,3,3,0,ctl,ok,0,0,-0.5,17.0
mpd,-4.0,11,qpsk-r1/5,w,9,2,1,data,ok,4,0,-1.5,17.0
mpd,-4.0,11,ack-4f,w,3,3,,ctl,missed,0,0,,17.0
mpd,-4.0,11,ack-4f,w,3,3,0,ctl,ok,0,0,-3.1,17.0
mpd,-4.0,11,ack-4f,w,3,3,0,ctl,ok,0,0,0.1,17.0
mpd,-4.0,11,qpsk-r1/5,w,9,2,1,data,ok,7,7,-1.0,17.0
mpd,-4.0,11,ack-4f,w,3,3,0,ctl,ok,0,0,-3.5,17.0
mpd,-4.0,11,qpsk-r1/5,w,9,2,1,data,ok,7,7,-0.5,17.0
mpd,-4.0,11,ack-4f,w,2,2,0,ctl,ok,0,0,-1.7,17.0
mpd,-4.0,11,qpsk-r1/5,w,9,1,0,data,ok,8,8,-1.1,17.0
mpd,-4.0,11,ack-4f,w,2,2,0,ctl,ok,0,0,-1.6,17.0
mpd,-4.0,11,qpsk-r1/5,w,9,1,0,data,ok,8,8,-2.3,17.0
mpd,-4.0,11,ack-4f,w,2,2,0,ctl,ok,0,0,-0.5,17.0
mpd,-4.0,11,qpsk-r1/5,w,9,1,0,data,ok,8,3,-1.7,17.0
mpd,-4.0,11,ack-4f,w,3,3,0,ctl,ok,0,0,-0.1,17.0
mpd,-4.0,11,qpsk-r1/5,w,9,1,0,data,ctl_lost,3,1,-1.7,17.0
mpd,-4.0,11,ack-4f,w,3,3,0,ctl,ok,0,0,1.5,17.0
mpd,-4.0,11,ack-4f,w,3,3,0,ctl,ok,0,0,-2.1,17.0
mpd,-4.0,11,qpsk-r1/5,w,9,1,0,data,ctl_lost,3,0,-2.7,17.0
mpd,-4.0,11,ack-4f,w,3,3,0,ctl,ok,0,0,-3.6,17.0
mpd,-4.0,11,ack-4f,w,3,3,0,ctl,ok,0,0,-0.3,17.0
mpd,-4.0,11,qpsk-r1/5,w,9,2,1,data,ok,2,2,-0.2,17.0
mpd,-4.0,11,ack-4f,w,3,3,0,ctl,ok,0,0,-1.3,17.0
mpd,-4.0,11,qpsk-r1/5,w,9,2,1,data,ok,7,7,-2.1,17.0
mpd,-4.0,11,ack-4f,w,3,3,0,ctl,ok,0,0,1.0,17.0
mpd,-4.0,11,qpsk-r1/5,w,9,2,1,data,ok,7,4,-2.3,17.0
mpd,-4.0,11,ack-4f,w,3,3,0,ctl,ok,0,0,-1.7,17.0
mpd,-4.0,11,qpsk-r1/5,w,9,2,1,data,ok,4,4,-0.1,17.0
mpd,-4.0,11,ack-4f,w,2,2,0,ctl,ok,0,0,0.2,17.0
mpd,-4.0,11,qpsk-r1/5,w,9,1,0,data,ok,8,8,-0.6,17.0
mpd,-4.0,11,ack-4f,w,2,2,0,ctl,ok,0,0,-4.4,17.0
mpd,-4.0,11,qpsk-r1/5,w,9,1,0,data,ctl_lost,8,8,-2.2,17.0
mpd,-4.0,11,ack-4f,w,3,3,0,ctl,ok,0,0,-0.8,17.0
mpd,-4.0,11,ack-4f,w,3,3,0,ctl,ok,0,0,-2.5,17.0
mpd,-4.0,11,qpsk-r1/5,w,9,2,1,data,ok,7,7,-1.4,17.0
mpd,-4.0,11,ack-4f,w,3,3,0,ctl,ok,0,0,-2.5,17.0
mpd,-4.0,11,qpsk-r1/5,w,9,2,1,data,ok,7,7,-2.2,17.0
mpd,-4.0,11,ack-4f,w,3,3,0,ctl,ok,0,0,-0.7,17.0
mpd,-4.0,11,qpsk-r1/5,w,9,2,1,data,ok,7,0,-2.9,17.0
mpd,-4.0,11,ack-4f,w,3,3,0,ctl,ok,0,0,-3.3,17.0
mpd,-4.0,11,qpsk-r1/5,w,9,2,1,data,ok,1,1,-0.6,17.0
mpd,-4.0,11,ack-4f,w,3,3,0,ctl,ok,0,0,-3.2,17.0
mpd,-4.0,11,qpsk-r1/5,w,9,2,1,data,ok,7,3,-1.5,17.0
mpd,-4.0,11,ack-4f,w,3,3,0,ctl,ok,0,0,-1.0,17.0
mpd,-4.0,11,qpsk-r1/5,w,9,1,0,data,ok,6,5,-1.9,17.0
mpd,-4.0,11,ack-4f,w,3,3,0,ctl,ok,0,0,-3.7,17.0
mpd,-4.0,11,qpsk-r1/5,w,9,2,1,data,ok,7,7,0.5,17.0
mpd,-4.0,11,ack-4f,w,2,2,0,ctl,ok,0,0,-1.4,17.0
mpd,-4.0,11,qpsk-r1/5,w,9,1,0,data,ok,8,8,-0.4,17.0
mpd,-4.0,11,ack-4f,w,2,2,0,ctl,ok,0,0,-0.4,17.0
mpd,-4.0,11,qpsk-r1/5,w,9,1,0,data,ok,8,8,-0.0,17.0
mpd,-4.0,11,ack-4f,w,2,2,0,ctl,ok,0,0,-1.5,17.0
mpd,-4.0,11,qpsk-r1/5,w,9,1,0,data,ok,8,8,-1.2,17.0
mpd,-4.0,11,ack-4f,w,2,2,0,ctl,ok,0,0,-1.8,17.0
mpd,-4.0,11,qpsk-r1/5,w,9,1,0,data,ok,8,8,-1.7,17.0
mpd,-4.0,11,ack-4f,w,2,2,0,ctl,ok,0,0,0.1,17.0
mpd,-4.0,11,qpsk-r1/5,w,9,1,0,data,ok,8,8,-1.5,17.0
mpd,-4.0,11,ack-4f,w,2,2,0,ctl,ok,0,0,-5.1,17.0
mpd,-4.0,11,qpsk-r1/5,w,9,1,0,data,ok,8,8,-1.7,17.0
mpd,-4.0,11,ack-4f,w,2,2,0,ctl,ok,0,0,-2.8,17.0
mpd,-4.0,11,qpsk-r1/5,w,9,1,0,data,ok,8,8,-0.5,17.0
mpd,-4.0,11,ack-4f,w,2,2,,ctl,missed,0,0,,17.0
mpd,-4.0,11,ack-4f,w,3,3,0,ctl,ok,0,0,-1.7,17.0
mpd,0.0,6,qpsk-r1/5,w,1,1,0,ctl,ok,0,0,3.9,33.6
mpd,0.0,6,qpsk-r1/5,w,1,1,0,ctl,ok,0,0,0.1,33.6
mpd,0.0,6,ack-4f,w,3,3,0,ctl,ok,0,0,0.6,33.6
mpd,0.0,6,ack-4f,w,3,3,0,ctl,ok,0,0,2.1,33.6
mpd,0.0,6,qpsk-r1/3,w,9,2,1,data,ok,7,7,2.7,33.6
mpd,0.0,6,ack-4f,w,2,2,0,ctl,ok,0,0,3.3,33.6
mpd,0.0,6,qpsk-r1/5,w,9,1,0,data,ok,8,8,2.7,33.6
mpd,0.0,6,ack-1f,w,3,3,0,ctl,ok,0,0,-2.0,33.6
mpd,0.0,6,qpsk-r1/3,w,9,2,1,data,ok,7,7,2.3,33.6
mpd,0.0,6,ack-4f,w,3,3,0,ctl,ok,0,0,1.5,33.6
mpd,0.0,6,qpsk-r1/3,w,9,2,1,data,ok,7,7,4.0,33.6
mpd,0.0,6,ack-4f,w,3,3,0,ctl,ok,0,0,4.9,33.6
mpd,0.0,6,qpsk-r1/3,w,9,2,1,data,ok,7,7,2.1,33.6
mpd,0.0,6,ack-1f,w,3,3,0,ctl,ctl_lost,0,0,4.2,33.6
mpd,0.0,6,ack-4f,w,3,3,0,ctl,ok,0,0,1.2,33.6
mpd,0.0,6,ack-4f,w,3,3,0,ctl,ok,0,0,3.4,33.6
mpd,0.0,6,qpsk-r1/3,w,9,2,1,data,ok,7,7,4.5,33.6
mpd,0.0,6,ack-4f,w,2,2,0,ctl,ok,0,0,4.5,33.6
mpd,0.0,6,qpsk-r1/3,w,9,1,0,data,ok,8,8,3.5,33.6
mpd,0.0,6,ack-4f,w,2,2,0,ctl,ok,0,0,2.7,33.6
mpd,0.0,6,qpsk-r1/3,w,9,1,0,data,ok,8,8,2.6,33.6
mpd,0.0,6,ack-4f,w,2,2,0,ctl,ok,0,0,3.5,33.6
mpd,0.0,6,qpsk-r1/3,w,9,1,0,data,ok,8,8,1.1,33.6
mpd,0.0,6,ack-4f,w,3,3,0,ctl,ok,0,0,0.7,33.6
mpd,0.0,6,qpsk-r1/3,w,9,2,1,data,ok,7,7,0.2,33.6
mpd,0.0,6,ack-4f,w,3,3,0,ctl,ok,0,0,-0.3,33.6
mpd,0.0,6,qpsk-r1/3,w,9,2,1,data,ok,7,7,3.4,33.6
mpd,0.0,6,ack-4f,w,3,3,0,ctl,ok,0,0,1.3,33.6
mpd,0.0,6,qpsk-r1/3,w,9,2,1,data,ok,7,2,0.9,33.6
mpd,0.0,6,ack-4f,w,3,3,0,ctl,ok,0,0,0.7,33.6
mpd,0.0,6,qpsk-r1/3,w,9,1,0,data,ok,3,3,3.8,33.6
mpd,0.0,6,ack-4f,w,2,2,0,ctl,ok,0,0,0.7,33.6
mpd,0.0,6,qpsk-r1/3,w,9,1,0,data,ok,8,8,3.1,33.6
mpd,0.0,6,ack-4f,w,2,2,0,ctl,ok,0,0,-1.5,33.6
mpd,0.0,6,qpsk-r1/3,w,9,1,0,data,ok,8,8,1.7,33.6
mpd,0.0,6,ack-4f,w,2,2,0,ctl,ok,0,0,0.5,33.6
mpd,0.0,6,qpsk-r1/3,w,9,1,0,data,ok,8,8,2.3,33.6
mpd,0.0,6,ack-4f,w,2,2,0,ctl,ok,0,0,2.4,33.6
mpd,0.0,6,qpsk-r1/3,w,9,1,0,data,ok,8,8,1.7,33.6
mpd,0.0,6,ack-4f,w,2,2,0,ctl,ok,0,0,3.1,33.6
mpd,0.0,6,qpsk-r1/3,w,9,1,0,data,ok,8,8,2.9,33.6
mpd,0.0,6,ack-4f,w,2,2,0,ctl,ok,0,0,1.7,33.6
mpd,0.0,6,qpsk-r1/3,w,9,1,0,data,ok,8,8,0.6,33.6
mpd,0.0,6,ack-4f,w,2,2,0,ctl,ok,0,0,5.3,33.6
mpd,0.0,6,qpsk-r1/3,w,9,1,0,data,ok,8,8,3.0,33.6
mpd,0.0,6,ack-4f,w,2,2,0,ctl,ok,0,0,4.6,33.6
mpd,0.0,6,qpsk-r1/3,w,9,1,0,data,ok,8,8,2.4,33.6
mpd,0.0,6,ack-4f,w,2,2,0,ctl,ok,0,0,0.1,33.6
mpd,0.0,6,qpsk-r1/3,w,9,1,0,data,ok,8,8,1.2,33.6
mpd,0.0,6,ack-4f,w,2,2,0,ctl,ok,0,0,4.9,33.6
mpd,0.0,6,qpsk-r1/3,w,9,1,0,data,ok,8,8,2.3,33.6
mpd,0.0,6,ack-4f,w,2,2,0,ctl,ok,0,0,2.8,33.6
mpd,0.0,6,qpsk-r1/3,w,9,1,0,data,ok,8,8,3.4,33.6
mpd,0.0,6,ack-4f,w,2,2,0,ctl,ok,0,0,2.4,33.6
mpd,0.0,6,qpsk-r1/3,w,9,1,0,data,ok,8,8,3.7,33.6
mpd,0.0,6,ack-4f,w,2,2,0,ctl,ok,0,0,-0.1,33.6
mpd,0.0,6,qpsk-r1/3,w,9,1,0,data,ctl_lost,8,0,0.7,33.6
mpd,0.0,6,ack-4f,w,3,3,0,ctl,ok,0,0,2.1,33.6
mpd,0.0,6,ack-4f,w,3,3,0,ctl,ok,0,0,1.7,33.6
mpd,0.0,6,qpsk-r1/3,w,9,2,1,data,ok,7,7,1.1,33.6
mpd,0.0,6,ack-4f,w,3,3,0,ctl,ok,0,0,5.5,33.6
mpd,0.0,6,qpsk-r1/3,w,9,2,1,data,ok,7,7,1.2,33.6
mpd,0.0,6,ack-4f,w,3,3,0,ctl,ok,0,0,0.8,33.6
mpd,0.0,6,qpsk-r1/3,w,9,2,1,data,ok,7,7,2.0,33.6
mpd,0.0,6,ack-4f,w,3,3,0,ctl,ok,0,0,0.7,33.6
mpd,0.0,6,qpsk-r1/3,w,9,2,1,data,ok,7,7,2.4,33.6
mpd,0.0,6,ack-4f,w,2,2,0,ctl,ok,0,0,2.1,33.6
mpd,0.0,6,qpsk-r1/3,w,9,1,0,data,ctl_lost,8,1,1.0,33.6
mpd,0.0,6,ack-4f,w,3,3,0,ctl,ok,0,0,3.5,33.6
mpd,0.0,6,ack-4f,w,3,3,0,ctl,ok,0,0,2.9,33.6
mpd,0.0,6,qpsk-r1/3,w,9,2,1,data,ok,7,7,3.0,33.6
mpd,0.0,6,ack-4f,w,2,2,0,ctl,ok,0,0,2.4,33.6
mpd,0.0,6,qpsk-r1/3,w,9,1,0,data,ctl_lost,8,7,0.7,33.6
mpd,0.0,6,ack-4f,w,3,3,0,ctl,ok,0,0,1.7,33.6
mpd,0.0,6,ack-4f,w,3,3,0,ctl,ok,0,0,2.9,33.6
mpd,0.0,6,qpsk-r1/5,w,9,2,1,data,ok,7,7,0.0,33.6
mpd,0.0,6,ack-4f,w,3,3,0,ctl,ok,0,0,5.6,33.6
mpd,0.0,6,qpsk-r1/5,w,9,2,1,data,ok,7,7,2.8,33.6
mpd,0.0,6,ack-1f,w,3,3,0,ctl,ok,0,0,2.9,33.6
mpd,0.0,6,qpsk-r1/3,w,9,2,1,data,ok,7,7,1.3,33.6
mpd,0.0,6,ack-4f,w,3,3,0,ctl,ok,0,0,3.1,33.6
mpd,0.0,6,qpsk-r1/3,w,9,2,1,data,ok,7,5,0.9,33.6
mpd,0.0,6,ack-4f,w,3,3,0,ctl,ok,0,0,4.2,33.6
mpd,0.0,6,qpsk-r1/3,w,9,2,1,data,ok,5,5,4.2,33.6
mpd,0.0,6,ack-4f,w,3,3,0,ctl,ok,0,0,3.8,33.6
mpd,0.0,6,qpsk-r1/3,w,9,2,1,data,ok,7,7,3.6,33.6
mpd,0.0,6,ack-4f,w,2,2,0,ctl,ok,0,0,1.6,33.6
mpd,0.0,6,qpsk-r1/3,w,9,1,0,data,ok,8,8,2.1,33.6
mpd,0.0,6,ack-4f,w,2,2,0,ctl,ok,0,0,5.2,33.6
mpd,0.0,6,qpsk-r1/3,w,9,1,0,data,ok,8,8,3.8,33.6
mpd,0.0,6,ack-4f,w,2,2,0,ctl,ok,0,0,-0.8,33.6
mpd,0.0,6,qpsk-r1/3,w,9,1,0,data,ok,8,8,2.3,33.6
mpd,0.0,0,qpsk-r1/5,w,1,1,0,ctl,ok,0,0,3.7,32.7
mpd,0.0,0,qpsk-r1/5,w,1,1,0,ctl,ok,0,0,1.9,32.7
mpd,0.0,0,ack-4f,w,3,3,0,ctl,ok,0,0,3.7,32.7
mpd,0.0,0,ack-4f,w,3,3,0,ctl,ok,0,0,3.4,32.7
mpd,0.0,0,qpsk-r1/2,w,9,2,1,data,ok,7,0,1.1,32.7
mpd,0.0,0,ack-4f,w,3,3,0,ctl,ok,0,0,2.0,32.7
mpd,0.0,0,qpsk-r1/2,w,9,2,1,data,ok,0,0,3.6,32.7
mpd,0.0,0,ack-4f,w,3,3,0,ctl,ok,0,0,1.1,32.7
mpd,0.0,0,qpsk-r1/2,w,9,2,1,data,ok,7,7,3.9,32.7
mpd,0.0,0,ack-4f,w,3,3,0,ctl,ok,0,0,-1.4,32.7
mpd,0.0,0,qpsk-r1/2,w,9,2,1,data,ok,7,7,3.9,32.7
mpd,0.0,0,ack-4f,w,3,3,0,ctl,ok,0,0,4.9,32.7
mpd,0.0,0,qpsk-r1/2,w,9,2,1,data,ok,7,0,1.9,32.7
mpd,0.0,0,ack-4f,w,3,3,0,ctl,ok,0,0,3.8,32.7
mpd,0.0,0,qpsk-r1/2,w,9,2,1,data,ok,0,0,2.8,32.7
mpd,0.0,0,ack-1f,w,3,3,,ctl,missed,0,0,,32.7
mpd,0.0,0,ack-4f,w,3,3,0,ctl,ok,0,0,0.5,32.7
mpd,0.0,0,ack-4f,w,3,3,0,ctl,ok,0,0,4.9,32.7
mpd,0.0,0,qpsk-r1/2,w,9,2,1,data,ok,7,7,3.5,32.7
mpd,0.0,0,ack-1f,w,3,3,0,ctl,ok,0,0,4.9,32.7
mpd,0.0,0,qpsk-r1/2,w,9,2,1,data,ok,7,6,3.4,32.7
mpd,0.0,0,ack-1f,w,3,3,0,ctl,ok,0,0,-2.0,32.7
mpd,0.0,0,qpsk-r1/2,w,9,2,1,data,ok,6,0,2.3,32.7
mpd,0.0,0,ack-1f,w,3,3,0,ctl,ok,0,0,6.0,32.7
mpd,0.0,0,qpsk-r1/2,w,9,2,1,data,ok,2,2,4.2,32.7
mpd,0.0,0,ack-1f,w,3,3,0,ctl,ok,0,0,-0.1,32.7
mpd,0.0,0,qpsk-r1/2,w,9,2,1,data,ok,7,0,1.3,32.7
mpd,0.0,0,ack-1f,w,2,2,0,ctl,ok,0,0,1.3,32.7
mpd,0.0,0,qpsk-r1/2,w,9,1,0,data,ctl_lost,1,0,2.9,32.7
mpd,0.0,0,ack-4f,w,3,3,0,ctl,ok,0,0,2.4,32.7
mpd,0.0,0,ack-4f,w,3,3,0,ctl,ok,0,0,1.0,32.7
mpd,0.0,0,qpsk-r1/2,w,9,2,1,data,ok,0,0,0.2,32.7
mpd,0.0,0,ack-4f,w,3,3,0,ctl,ok,0,0,-0.3,32.7
mpd,0.0,0,qpsk-r1/2,w,9,2,1,data,ok,7,6,3.3,32.7
mpd,0.0,0,ack-4f,w,3,3,0,ctl,ok,0,0,4.2,32.7
mpd,0.0,0,qpsk-r1/2,w,9,2,1,data,ok,6,5,2.9,32.7
mpd,0.0,0,ack-4f,w,3,3,0,ctl,ok,0,0,1.0,32.7
mpd,0.0,0,qpsk-r1/2,w,9,2,1,data,ok,7,0,1.4,32.7
mpd,0.0,0,ack-1f,w,3,3,0,ctl,ok,0,0,1.4,32.7
mpd,0.0,0,qpsk-r1/2,w,9,2,1,data,ok,0,0,2.8,32.7
mpd,0.0,0,ack-4f,w,3,3,0,ctl,ok,0,0,-0.9,32.7
mpd,0.0,0,qpsk-r1/2,w,9,2,1,data,ok,7,7,3.5,32.7
mpd,0.0,0,ack-4f,w,2,2,0,ctl,ok,0,0,2.5,32.7
mpd,0.0,0,qpsk-r1/2,w,9,1,0,data,ok,8,8,4.4,32.7
mpd,0.0,0,ack-4f,w,2,2,0,ctl,ok,0,0,4.7,32.7
mpd,0.0,0,qpsk-r1/2,w,9,1,0,data,ctl_lost,8,2,2.3,32.7
mpd,0.0,0,ack-4f,w,3,3,0,ctl,ok,0,0,3.4,32.7
mpd,0.0,0,ack-4f,w,3,3,0,ctl,ok,0,0,0.7,32.7
mpd,0.0,0,qpsk-r1/2,w,9,2,1,data,ok,7,0,2.4,32.7
mpd,0.0,0,ack-1f,w,3,3,0,ctl,ok,0,0,2.2,32.7
mpd,0.0,0,qpsk-r1/2,w,9,2,1,data,ok,2,0,2.7,32.7
mpd,0.0,0,ack-4f,w,3,3,0,ctl,ok,0,0,1.0,32.7
mpd,0.0,0,qpsk-r1/2,w,9,2,1,data,ok,6,6,3.1,32.7
mpd,0.0,0,ack-1f,w,3,3,0,ctl,ok,0,0,5.2,32.7
mpd,0.0,0,qpsk-r1/2,w,9,2,1,data,ok,7,7,3.9,32.7
mpd,0.0,0,ack-1f,w,2,2,0,ctl,ctl_lost,0,0,1.0,32.7
mpd,0.0,0,ack-4f,w,3,3,0,ctl,ok,0,0,3.4,32.7
mpd,0.0,0,ack-4f,w,2,2,0,ctl,ok,0,0,2.1,32.7
mpd,0.0,0,qpsk-r1/2,w,9,1,0,data,ctl_lost,8,0,1.9,32.7
mpd,0.0,0,ack-4f,w,3,3,0,ctl,ok,0,0,-2.5,32.7
mpd,0.0,0,ack-4f,w,3,3,0,ctl,ok,0,0,4.1,32.7
mpd,0.0,0,qpsk-r1/2,w,9,2,1,data,ok,7,0,1.5,32.7
mpd,0.0,0,ack-4f,w,3,3,0,ctl,ok,0,0,3.2,32.7
mpd,0.0,0,qpsk-r1/2,w,9,2,1,data,ok,0,0,2.7,32.7
mpd,0.0,0,ack-1f,w,3,3,0,ctl,ok,0,0,-0.9,32.7
mpd,0.0,0,qpsk-r1/2,w,9,2,1,data,ok,7,0,2.5,32.7
mpd,0.0,0,ack-4f,w,3,3,0,ctl,ok,0,0,2.6,32.7
mpd,0.0,0,qpsk-r1/2,w,9,2,1,data,ok,0,0,1.1,32.7
mpd,0.0,0,ack-4f,w,3,3,0,ctl,ok,0,0,1.4,32.7
mpd,0.0,0,qpsk-r1/2,w,9,2,1,data,ok,7,7,3.3,32.7
mpd,0.0,0,ack-4f,w,3,3,0,ctl,ok,0,0,3.0,32.7
mpd,0.0,0,qpsk-r1/2,w,9,2,1,data,ok,7,6,3.6,32.7
mpd,0.0,0,ack-4f,w,3,3,0,ctl,ok,0,0,3.0,32.7
mpd,0.0,0,qpsk-r1/2,w,9,1,0,data,ctl_lost,7,1,3.0,32.7
mpd,0.0,0,ack-4f,w,3,3,0,ctl,ok,0,0,4.8,32.7
mpd,0.0,0,ack-4f,w,3,3,0,ctl,ok,0,0,2.8,32.7
mpd,0.0,0,qpsk-r1/2,w,9,2,1,data,ok,6,1,3.5,32.7
mpd,0.0,0,ack-4f,w,3,3,0,ctl,ok,0,0,3.8,32.7
mpd,0.0,0,ack-4f,w,3,3,0,ctl,ok,0,0,3.2,32.7
mpd,0.0,0,qpsk-r1/2,w,9,2,1,data,ok,6,6,3.2,32.7
mpd,0.0,0,ack-1f,w,3,3,0,ctl,ok,0,0,6.6,32.7
mpd,0.0,0,qpsk-r1/2,w,9,2,1,data,ok,7,7,3.7,32.7
mpd,0.0,0,ack-1f,w,3,3,0,ctl,ok,0,0,7.1,32.7
mpd,0.0,0,qpsk-r1/2,w,9,2,1,data,ok,7,0,1.9,32.7
mpd,0.0,0,ack-1f,w,3,3,0,ctl,ok,0,0,-1.7,32.7
mpd,0.0,0,qpsk-r1/2,w,9,2,1,data,ok,0,0,3.6,32.7
mpd,0.0,0,ack-1f,w,3,3,0,ctl,ok,0,0,5.9,32.7
mpd,0.0,0,qpsk-r1/2,w,9,2,1,data,ok,7,0,2.8,32.7
mpd,0.0,0,ack-1f,w,3,3,0,ctl,ok,0,0,2.5,32.7
mpd,0.0,0,qpsk-r1/2,w,9,1,0,data,ok,2,2,4.0,32.7
mpd,0.0,0,ack-1f,w,3,3,0,ctl,ctl_lost,0,0,-1.8,32.7
mpd,0.0,0,ack-4f,w,3,3,0,ctl,ok,0,0,4.2,32.7
mpd,0.0,0,ack-4f,w,2,2,0,ctl,ok,0,0,2.3,32.7
mpd,0.0,0,qpsk-r1/2,w,9,1,0,data,ctl_lost,8,0,1.4,32.7
mpd,0.0,0,ack-4f,w,3,3,0,ctl,ok,0,0,3.6,32.7
mpd,0.0,0,ack-4f,w,3,3,0,ctl,ok,0,0,0.3,32.7
mpd,0.0,0,qpsk-r1/2,w,9,2,1,data,ctl_lost,7,0,0.2,32.7
mpd,0.0,3,qpsk-r1/5,w,1,1,0,ctl,ok,0,0,3.6,32.7
mpd,0.0,3,qpsk-r1/5,w,1,1,0,ctl,ok,0,0,2.1,32.7
mpd,0.0,3,ack-4f,w,3,3,0,ctl,ok,0,0,1.7,32.7
mpd,0.0,3,ack-4f,w,3,3,0,ctl,ok,0,0,2.1,32.7
mpd,0.0,3,qpsk-r1/3,w,9,2,1,data,ok,7,7,2.1,32.7
mpd,0.0,3,ack-4f,w,3,3,0,ctl,ok,0,0,1.0,32.7
mpd,0.0,3,qpsk-r1/3,w,9,2,1,data,ok,7,1,0.8,32.7
mpd,0.0,3,ack-4f,w,3,3,0,ctl,ok,0,0,3.4,32.7
mpd,0.0,3,qpsk-r1/3,w,9,2,1,data,ok,3,3,4.4,32.7
mpd,0.0,3,ack-4f,w,3,3,0,ctl,ok,0,0,4.1,32.7
mpd,0.0,3,qpsk-r1/3,w,9,2,1,data,ok,7,7,3.7,32.7
mpd,0.0,3,ack-1f,w,2,2,0,ctl,ok,0,0,3.3,32.7
mpd,0.0,3,qpsk-r1/3,w,9,1,0,data,ctl_lost,8,0,-0.0,32.7
mpd,0.0,3,ack-4f,w,3,3,0,ctl,ok,0,0,3.9,32.7
mpd,0.0,3,ack-4f,w,3,3,0,ctl,ok,0,0,5.0,32.7
mpd,0.0,3,qpsk-r1/5,w,9,2,1,data,ok,7,7,1.6,32.7
mpd,0.0,3,ack-1f,w,3,3,0,ctl,ok,0,0,4.9,32.7
mpd,0.0,3,qpsk-r1/3,w,9,2,1,data,ok,7,7,1.6,32.7
mpd,0.0,3,ack-1f,w,2,2,0,ctl,ok,0,0,3.2,32.7
mpd,0.0,3,qpsk-r1/5,w,9,1,0,data,ok,8,8,1.7,32.7
mpd,0.0,3,ack-1f,w,2,2,0,ctl,ok,0,0,1.0,32.7
mpd,0.0,3,qpsk-r1/5,w,9,1,0,data,ok,8,8,3.7,32.7
mpd,0.0,3,ack-1f,w,3,3,0,ctl,ok,0,0,4.7,32.7
mpd,0.0,3,qpsk-r1/3,w,9,2,,data,missed,0,0,,32.7
mpd,0.0,3,ack-4f,w,3,3,0,ctl,ok,0,0,1.1,32.7
mpd,0.0,3,ack-4f,w,3,3,0,ctl,ok,0,0,2.6,32.7
mpd,0.0,3,qpsk-r1/3,w,9,2,1,data,ok,7,4,1.0,32.7
mpd,0.0,3,ack-1f,w,3,3,0,ctl,ok,0,0,1.6,32.7
mpd,0.0,3,qpsk-r1/3,w,9,2,1,data,ok,6,6,2.4,32.7
mpd,0.0,3,ack-4f,w,3,3,0,ctl,ok,0,0,4.2,32.7
mpd,0.0,3,qpsk-r1/3,w,9,2,1,data,ok,7,7,2.9,32.7
mpd,0.0,3,ack-1f,w,3,3,0,ctl,ok,0,0,0.4,32.7
mpd,0.0,3,qpsk-r1/3,w,9,2,1,data,ok,7,7,0.8,32.7
mpd,0.0,3,ack-1f,w,3,3,0,ctl,ok,0,0,3.3,32.7
mpd,0.0,3,qpsk-r1/3,w,9,2,1,data,ok,7,7,3.8,32.7
mpd,0.0,3,ack-1f,w,3,3,0,ctl,ok,0,0,4.1,32.7
mpd,0.0,3,qpsk-r1/3,w,9,2,1,data,ok,7,7,2.7,32.7
mpd,0.0,3,ack-1f,w,2,2,0,ctl,ok,0,0,5.4,32.7
mpd,0.0,3,qpsk-r1/3,w,9,1,0,data,ok,8,8,3.4,32.7
mpd,0.0,3,ack-1f,w,2,2,0,ctl,ok,0,0,8.0,32.7
mpd,0.0,3,qpsk-r1/3,w,9,1,0,data,ok,8,8,2.8,32.7
mpd,0.0,3,ack-1f,w,2,2,0,ctl,ok,0,0,3.2,32.7
mpd,0.0,3,qpsk-r1/3,w,9,1,0,data,ok,8,8,4.1,32.7
mpd,0.0,3,ack-1f,w,2,2,0,ctl,ok,0,0,6.1,32.7
mpd,0.0,3,qpsk-r1/3,w,9,1,0,data,ok,8,8,1.6,32.7
mpd,0.0,3,ack-1f,w,2,2,0,ctl,ok,0,0,4.3,32.7
mpd,0.0,3,qpsk-r1/3,w,9,1,0,data,ok,8,8,3.2,32.7
mpd,0.0,3,ack-1f,w,2,2,0,ctl,ctl_lost,0,0,2.6,32.7
mpd,0.0,3,ack-4f,w,3,3,0,ctl,ok,0,0,1.7,32.7
mpd,0.0,3,ack-4f,w,2,2,0,ctl,ok,0,0,3.7,32.7
mpd,0.0,3,qpsk-r1/3,w,9,1,0,data,ctl_lost,8,0,0.3,32.7
mpd,0.0,3,ack-4f,w,3,3,0,ctl,ok,0,0,3.6,32.7
mpd,0.0,3,ack-4f,w,3,3,0,ctl,ok,0,0,4.4,32.7
mpd,0.0,3,qpsk-r1/3,w,9,2,1,data,ok,7,7,3.0,32.7
mpd,0.0,3,ack-1f,w,2,2,0,ctl,ok,0,0,3.1,32.7
mpd,0.0,3,qpsk-r1/3,w,9,1,0,data,ok,8,8,1.9,32.7
mpd,0.0,3,ack-1f,w,3,3,0,ctl,ok,0,0,4.1,32.7
mpd,0.0,3,qpsk-r1/3,w,9,2,1,data,ok,7,5,0.6,32.7
mpd,0.0,3,ack-1f,w,3,3,0,ctl,ok,0,0,-1.0,32.7
mpd,0.0,3,qpsk-r1/3,w,9,2,1,data,ok,6,6,3.8,32.7
mpd,0.0,3,ack-4f,w,3,3,0,ctl,ok,0,0,2.5,32.7
mpd,0.0,3,qpsk-r1/3,w,9,2,1,data,ok,7,6,1.3,32.7
mpd,0.0,3,ack-4f,w,2,2,0,ctl,ok,0,0,-0.6,32.7
mpd,0.0,3,qpsk-r1/3,w,9,1,0,data,ok,8,8,2.3,32.7
mpd,0.0,3,ack-4f,w,3,3,0,ctl,ok,0,0,2.1,32.7
mpd,0.0,3,qpsk-r1/3,w,9,2,1,data,ok,7,7,1.4,32.7
mpd,0.0,3,ack-4f,w,3,3,0,ctl,ok,0,0,2.5,32.7
mpd,0.0,3,qpsk-r1/3,w,9,2,1,data,ok,7,7,3.5,32.7
mpd,0.0,3,ack-4f,w,2,2,0,ctl,ok,0,0,-0.0,32.7
mpd,0.0,3,qpsk-r1/3,w,9,1,0,data,ok,8,8,2.0,32.7
mpd,0.0,3,ack-4f,w,2,2,0,ctl,ok,0,0,4.2,32.7
mpd,0.0,3,qpsk-r1/3,w,9,1,0,data,ok,8,8,2.2,32.7
mpd,0.0,3,ack-4f,w,2,2,0,ctl,ok,0,0,1.6,32.7
mpd,0.0,3,qpsk-r1/3,w,9,1,0,data,ctl_lost,8,0,0.9,32.7
mpd,0.0,3,ack-4f,w,3,3,0,ctl,ok,0,0,2.0,32.7
mpd,0.0,3,ack-4f,w,3,3,0,ctl,ok,0,0,2.7,32.7
mpd,0.0,3,qpsk-r1/3,w,9,2,1,data,ok,7,7,2.2,32.7
mpd,0.0,3,ack-4f,w,3,3,0,ctl,ok,0,0,2.5,32.7
mpd,0.0,3,qpsk-r1/3,w,9,2,1,data,ok,7,0,1.2,32.7
mpd,0.0,3,ack-4f,w,3,3,0,ctl,ok,0,0,1.3,32.7
mpd,0.0,3,qpsk-r1/3,w,9,2,1,data,ok,2,1,0.5,32.7
mpd,0.0,3,ack-4f,w,3,3,0,ctl,ok,0,0,2.8,32.7
mpd,0.0,3,qpsk-r1/3,w,9,2,1,data,ok,7,7,4.2,32.7
mpd,0.0,3,ack-4f,w,2,2,0,ctl,ok,0,0,3.2,32.7
mpd,0.0,3,qpsk-r1/3,w,9,1,0,data,ok,8,8,2.0,32.7
mpd,0.0,3,ack-1f,w,2,2,0,ctl,ok,0,0,2.4,32.7
mpd,0.0,3,qpsk-r1/3,w,9,1,0,data,ok,8,8,3.9,32.7
mpd,0.0,3,ack-4f,w,2,2,0,ctl,ok,0,0,4.6,32.7
mpd,0.0,3,qpsk-r1/3,w,9,1,0,data,ok,8,8,0.6,32.7
mpd,0.0,3,ack-1f,w,2,2,0,ctl,ok,0,0,0.2,32.7
mpd,0.0,3,qpsk-r1/3,w,9,1,0,data,ok,8,8,3.8,32.7
mpd,0.0,3,ack-1f,w,2,2,0,ctl,ok,0,0,1.6,32.7
mpd,0.0,3,qpsk-r1/3,w,9,1,0,data,ok,8,8,3.3,32.7
mpd,0.0,3,ack-4f,w,2,2,0,ctl,ok,0,0,1.9,32.7
mpd,0.0,3,qpsk-r1/3,w,9,1,0,data,ok,8,8,1.2,32.7
mpd,0.0,4,qpsk-r1/5,w,1,1,0,ctl,ok,0,0,2.1,34.0
mpd,0.0,4,qpsk-r1/5,w,1,1,0,ctl,ok,0,0,5.9,34.0
mpd,0.0,4,ack-4f,w,3,3,0,ctl,ok,0,0,1.1,34.0
mpd,0.0,4,ack-1f,w,3,3,0,ctl,ok,0,0,2.0,34.0
mpd,0.0,4,qpsk-r1/5,w,9,2,1,data,ok,7,7,1.4,34.0
mpd,0.0,4,ack-1f,w,2,2,0,ctl,ok,0,0,0.2,34.0
mpd,0.0,4,qpsk-r1/5,w,9,1,0,data,ok,8,8,1.5,34.0
mpd,0.0,4,ack-4f,w,2,2,0,ctl,ok,0,0,2.3,34.0
mpd,0.0,4,qpsk-r1/5,w,9,1,0,data,ok,8,8,4.2,34.0
mpd,0.0,4,ack-4f,w,3,3,0,ctl,ok,0,0,2.8,34.0
mpd,0.0,4,qpsk-r1/3,w,9,2,1,data,ok,7,7,2.9,34.0
mpd,0.0,4,ack-1f,w,3,3,0,ctl,ok,0,0,-1.8,34.0
mpd,0.0,4,qpsk-r1/3,w,9,2,1,data,ok,7,7,3.4,34.0
mpd,0.0,4,ack-4f,w,3,3,0,ctl,ok,0,0,3.9,34.0
mpd,0.0,4,qpsk-r1/3,w,9,2,1,data,ok,7,7,1.7,34.0
mpd,0.0,4,ack-1f,w,3,3,0,ctl,ok,0,0,7.1,34.0
mpd,0.0,4,qpsk-r1/3,w,9,2,1,data,ok,7,5,1.2,34.0
mpd,0.0,4,ack-1f,w,3,3,0,ctl,ok,0,0,0.8,34.0
mpd,0.0,4,qpsk-r1/3,w,9,2,1,data,ok,6,6,3.4,34.0
mpd,0.0,4,ack-1f,w,3,3,0,ctl,ok,0,0,4.0,34.0
mpd,0.0,4,qpsk-r1/3,w,9,2,1,data,ok,7,0,-0.4,34.0
mpd,0.0,4,ack-1f,w,3,3,0,ctl,ok,0,0,2.0,34.0
mpd,0.0,4,qpsk-r1/3,w,9,2,1,data,ok,1,1,3.1,34.0
mpd,0.0,4,ack-1f,w,3,3,0,ctl,ok,0,0,1.4,34.0
mpd,0.0,4,qpsk-r1/3,w,9,2,1,data,ok,7,7,2.9,34.0
mpd,0.0,4,ack-1f,w,2,2,0,ctl,ok,0,0,1.1,34.0
mpd,0.0,4,qpsk-r1/3,w,9,1,0,data,ok,8,8,3.4,34.0
mpd,0.0,4,ack-1f,w,2,2,0,ctl,ok,0,0,1.1,34.0
mpd,0.0,4,qpsk-r1/3,w,9,1,0,data,ok,8,8,3.5,34.0
mpd,0.0,4,ack-1f,w,2,2,0,ctl,ok,0,0,-3.0,34.0
mpd,0.0,4,qpsk-r1/3,w,9,1,0,data,ctl_lost,8,3,0.8,34.0
mpd,0.0,4,ack-4f,w,3,3,0,ctl,ok,0,0,5.0,34.0
mpd,0.0,4,ack-4f,w,3,3,0,ctl,ok,0,0,3.6,34.0
mpd,0.0,4,qpsk-r1/3,w,9,2,1,data,ok,7,1,1.7,34.0
mpd,0.0,4,ack-1f,w,3,3,0,ctl,ok,0,0,1.7,34.0
mpd,0.0,4,qpsk-r1/3,w,9,1,0,data,ok,4,4,2.7,34.0
mpd,0.0,4,ack-1f,w,3,3,0,ctl,ok,0,0,0.1,34.0
mpd,0.0,4,qpsk-r1/3,w,9,2,1,data,ok,7,7,4.1,34.0
mpd,0.0,4,ack-1f,w,2,2,0,ctl,ok,0,0,0.2,34.0
mpd,0.0,4,qpsk-r1/3,w,9,1,0,data,ok,8,8,2.5,34.0
mpd,0.0,4,ack-1f,w,2,2,0,ctl,ok,0,0,6.8,34.0
mpd,0.0,4,qpsk-r1/3,w,9,1,0,data,ok,8,8,2.3,34.0
mpd,0.0,4,ack-1f,w,3,3,0,ctl,ok,0,0,3.2,34.0
mpd,0.0,4,qpsk-r1/3,w,9,2,1,data,ok,7,7,2.2,34.0
mpd,0.0,4,ack-1f,w,3,3,0,ctl,ok,0,0,6.8,34.0
mpd,0.0,4,qpsk-r1/3,w,9,2,1,data,ok,7,7,4.1,34.0
mpd,0.0,4,ack-1f,w,2,2,0,ctl,ok,0,0,2.4,34.0
mpd,0.0,4,qpsk-r1/3,w,9,1,0,data,ok,8,8,3.2,34.0
mpd,0.0,4,ack-1f,w,2,2,0,ctl,ok,0,0,2.0,34.0
mpd,0.0,4,qpsk-r1/3,w,9,1,0,data,ctl_lost,8,0,1.6,34.0
mpd,0.0,4,ack-4f,w,3,3,0,ctl,ok,0,0,1.8,34.0
mpd,0.0,4,ack-4f,w,3,3,0,ctl,ok,0,0,-0.3,34.0
mpd,0.0,4,qpsk-r1/3,w,9,2,1,data,ok,7,7,4.2,34.0
mpd,0.0,4,ack-1f,w,2,2,0,ctl,ok,0,0,4.0,34.0
mpd,0.0,4,qpsk-r1/3,w,9,1,0,data,ok,8,8,3.8,34.0
mpd,0.0,4,ack-1f,w,2,2,0,ctl,ok,0,0,3.7,34.0
mpd,0.0,4,qpsk-r1/3,w,9,1,0,data,ok,8,8,3.4,34.0
mpd,0.0,4,ack-1f,w,2,2,0,ctl,ok,0,0,4.1,34.0
mpd,0.0,4,qpsk-r1/3,w,9,1,0,data,ok,8,8,2.2,34.0
mpd,0.0,4,ack-1f,w,3,3,0,ctl,ctl_lost,0,0,0.0,34.0
mpd,0.0,4,ack-4f,w,3,3,0,ctl,ok,0,0,0.3,34.0
mpd,0.0,4,ack-4f,w,3,3,0,ctl,ok,0,0,1.5,34.0
mpd,0.0,4,qpsk-r1/3,w,9,2,1,data,ok,7,7,2.0,34.0
mpd,0.0,4,ack-4f,w,3,3,0,ctl,ok,0,0,0.4,34.0
mpd,0.0,4,qpsk-r1/3,w,9,2,1,data,ok,7,7,2.1,34.0
mpd,0.0,4,ack-4f,w,3,3,0,ctl,ok,0,0,2.5,34.0
mpd,0.0,4,qpsk-r1/3,w,9,2,1,data,ok,7,0,-1.9,34.0
mpd,0.0,4,ack-4f,w,3,3,0,ctl,ok,0,0,2.5,34.0
mpd,0.0,4,qpsk-r1/3,w,9,2,1,data,ok,0,0,1.5,34.0
mpd,0.0,4,ack-4f,w,3,3,0,ctl,ok,0,0,0.3,34.0
mpd,0.0,4,qpsk-r1/3,w,9,2,1,data,ok,7,7,2.6,34.0
mpd,0.0,4,ack-4f,w,2,2,0,ctl,ok,0,0,5.1,34.0
mpd,0.0,4,qpsk-r1/3,w,9,1,0,data,ok,8,8,3.2,34.0
mpd,0.0,4,ack-1f,w,2,2,0,ctl,ok,0,0,2.0,34.0
mpd,0.0,4,qpsk-r1/3,w,9,1,0,data,ok,8,8,3.4,34.0
mpd,0.0,4,ack-1f,w,2,2,0,ctl,ctl_lost,0,0,-7.0,34.0
mpd,0.0,4,ack-4f,w,3,3,0,ctl,ok,0,0,3.5,34.0
mpd,0.0,4,ack-4f,w,2,2,0,ctl,ok,0,0,3.7,34.0
mpd,0.0,4,qpsk-r1/3,w,9,1,0,data,ok,8,8,3.4,34.0
mpd,0.0,4,ack-4f,w,2,2,0,ctl,ok,0,0,1.5,34.0
mpd,0.0,4,qpsk-r1/3,w,9,1,0,data,ctl_lost,8,0,0.2,34.0
mpd,0.0,4,ack-4f,w,3,3,0,ctl,ok,0,0,3.6,34.0
mpd,0.0,4,ack-4f,w,3,3,0,ctl,ok,0,0,5.5,34.0
mpd,0.0,4,qpsk-r1/3,w,9,2,1,data,ok,7,7,0.9,34.0
mpd,0.0,4,ack-4f,w,2,2,0,ctl,ok,0,0,4.5,34.0
mpd,0.0,4,qpsk-r1/3,w,9,1,0,data,ok,8,8,1.9,34.0
mpd,0.0,4,ack-1f,w,3,3,0,ctl,ok,0,0,3.1,34.0
mpd,0.0,4,qpsk-r1/3,w,9,2,1,data,ok,7,7,3.2,34.0
mpd,0.0,4,ack-4f,w,2,2,0,ctl,ok,0,0,3.5,34.0
mpd,0.0,4,qpsk-r1/3,w,9,1,0,data,ok,8,8,3.6,34.0
mpd,0.0,4,ack-4f,w,2,2,0,ctl,ok,0,0,0.3,34.0
mpd,0.0,4,qpsk-r1/3,w,9,1,0,data,ok,8,8,3.3,34.0
mpd,0.0,4,ack-4f,w,2,2,0,ctl,ok,0,0,5.7,34.0
mpd,0.0,4,qpsk-r1/3,w,9,1,0,data,ok,8,8,3.1,34.0
mpd,0.0,4,ack-4f,w,2,2,0,ctl,ok,0,0,5.6,34.0
mpd,0.0,4,qpsk-r1/3,w,9,1,0,data,ok,8,8,1.9,34.0
mpd,0.0,4,ack-1f,w,2,2,0,ctl,ok,0,0,3.7,34.0
mpd,0.0,8,qpsk-r1/5,w,1,1,0,ctl,ok,0,0,1.8,37.0
mpd,0.0,8,qpsk-r1/5,w,1,1,0,ctl,ok,0,0,5.3,37.0
mpd,0.0,8,ack-4f,w,3,3,0,ctl,ok,0,0,3.3,37.0
mpd,0.0,8,ack-1f,w,3,3,0,ctl,ok,0,0,3.6,37.0
mpd,0.0,8,qpsk-r1/3,w,9,2,1,data,ok,7,7,2.0,37.0
mpd,0.0,8,ack-1f,w,3,3,0,ctl,ok,0,0,1.1,37.0
mpd,0.0,8,qpsk-r1/3,w,9,2,1,data,ok,7,7,3.0,37.0
mpd,0.0,8,ack-1f,w,3,3,0,ctl,ok,0,0,1.3,37.0
mpd,0.0,8,qpsk-r1/3,w,9,2,1,data,ok,7,7,2.3,37.0
mpd,0.0,8,ack-4f,w,3,3,0,ctl,ok,0,0,3.3,37.0
mpd,0.0,8,qpsk-r1/3,w,9,2,1,data,ok,7,0,-0.1,37.0
mpd,0.0,8,ack-1f,w,3,3,0,ctl,ok,0,0,2.3,37.0
mpd,0.0,8,qpsk-r1/3,w,9,2,1,data,ok,2,2,3.1,37.0
mpd,0.0,8,ack-1f,w,3,3,0,ctl,ok,0,0,4.8,37.0
mpd,0.0,8,qpsk-r1/3,w,9,2,1,data,ok,7,7,4.0,37.0
mpd,0.0,8,ack-1f,w,2,2,0,ctl,ok,0,0,5.8,37.0
mpd,0.0,8,qpsk-r1/3,w,9,1,0,data,ok,8,8,2.1,37.0
mpd,0.0,8,ack-1f,w,2,2,0,ctl,ok,0,0,5.4,37.0
mpd,0.0,8,qpsk-r1/3,w,9,1,0,data,ok,8,8,1.9,37.0
mpd,0.0,8,ack-1f,w,3,3,0,ctl,ok,0,0,2.0,37.0
mpd,0.0,8,qpsk-r1/3,w,9,2,1,data,ok,7,7,3.5,37.0
mpd,0.0,8,ack-1f,w,2,2,0,ctl,ok,0,0,1.9,37.0
mpd,0.0,8,qpsk-r1/3,w,9,1,0,data,ok,8,8,2.0,37.0
mpd,0.0,8,ack-1f,w,2,2,0,ctl,ok,0,0,3.4,37.0
mpd,0.0,8,qpsk-r1/3,w,9,1,0,data,ok,8,8,3.1,37.0
mpd,0.0,8,ack-1f,w,2,2,0,ctl,ok,0,0,2.1,37.0
mpd,0.0,8,qpsk-r1/3,w,9,1,0,data,ok,8,8,3.7,37.0
mpd,0.0,8,ack-1f,w,2,2,0,ctl,ok,0,0,3.1,37.0
mpd,0.0,8,qpsk-r1/3,w,9,1,0,data,ok,8,8,2.7,37.0
mpd,0.0,8,ack-1f,w,2,2,0,ctl,ok,0,0,-0.5,37.0
mpd,0.0,8,qpsk-r1/3,w,9,1,0,data,ok,8,8,3.8,37.0
mpd,0.0,8,ack-1f,w,2,2,0,ctl,ok,0,0,6.4,37.0
mpd,0.0,8,qpsk-r1/3,w,9,1,0,data,ok,8,8,3.4,37.0
mpd,0.0,8,ack-1f,w,2,2,0,ctl,ok,0,0,3.5,37.0
mpd,0.0,8,qpsk-r1/3,w,9,1,0,data,ctl_lost,8,0,0.7,37.0
mpd,0.0,8,ack-4f,w,3,3,0,ctl,ok,0,0,1.7,37.0
mpd,0.0,8,ack-4f,w,3,3,0,ctl,ok,0,0,4.4,37.0
mpd,0.0,8,qpsk-r1/3,w,9,2,1,data,ok,7,7,2.1,37.0
mpd,0.0,8,ack-1f,w,3,3,0,ctl,ok,0,0,0.5,37.0
mpd,0.0,8,qpsk-r1/3,w,9,2,1,data,ok,7,7,1.1,37.0
mpd,0.0,8,ack-1f,w,3,3,0,ctl,ok,0,0,6.5,37.0
mpd,0.0,8,qpsk-r1/3,w,9,2,1,data,ok,7,3,0.6,37.0
mpd,0.0,8,ack-1f,w,3,3,0,ctl,ok,0,0,4.5,37.0
mpd,0.0,8,qpsk-r1/3,w,9,2,1,data,ok,3,3,2.3,37.0
mpd,0.0,8,ack-1f,w,3,3,0,ctl,ok,0,0,1.3,37.0
mpd,0.0,8,qpsk-r1/3,w,9,2,1,data,ok,7,7,3.9,37.0
mpd,0.0,8,ack-1f,w,2,2,0,ctl,ok,0,0,2.6,37.0
mpd,0.0,8,qpsk-r1/3,w,9,1,0,data,ok,8,8,2.6,37.0
mpd,0.0,8,ack-1f,w,2,2,0,ctl,ok,0,0,-0.7,37.0
mpd,0.0,8,qpsk-r1/3,w,9,1,0,data,ok,8,8,3.7,37.0
mpd,0.0,8,ack-1f,w,2,2,0,ctl,ok,0,0,4.2,37.0
mpd,0.0,8,qpsk-r1/3,w,9,1,0,data,ok,8,8,3.7,37.0
mpd,0.0,8,ack-1f,w,2,2,0,ctl,ok,0,0,0.3,37.0
mpd,0.0,8,qpsk-r1/3,w,9,1,0,data,ok,8,8,3.5,37.0
mpd,0.0,8,ack-1f,w,2,2,0,ctl,ok,0,0,0.0,37.0
mpd,0.0,8,qpsk-r1/3,w,9,1,0,data,ok,8,8,1.2,37.0
mpd,0.0,8,ack-1f,w,2,2,0,ctl,ok,0,0,1.7,37.0
mpd,0.0,8,qpsk-r1/3,w,9,1,0,data,ok,8,8,4.1,37.0
mpd,0.0,8,ack-1f,w,2,2,0,ctl,ok,0,0,2.6,37.0
mpd,0.0,8,qpsk-r1/3,w,9,1,0,data,ok,8,8,3.1,37.0
mpd,0.0,8,ack-1f,w,2,2,0,ctl,ok,0,0,1.7,37.0
mpd,0.0,8,qpsk-r1/3,w,9,1,0,data,ok,8,8,1.6,37.0
mpd,0.0,8,ack-1f,w,2,2,0,ctl,ok,0,0,-1.5,37.0
mpd,0.0,8,qpsk-r1/3,w,9,1,0,data,ok,8,8,3.2,37.0
mpd,0.0,8,ack-1f,w,2,2,0,ctl,ok,0,0,2.3,37.0
mpd,0.0,8,qpsk-r1/3,w,9,1,0,data,ok,8,8,3.8,37.0
mpd,0.0,8,ack-1f,w,2,2,0,ctl,ok,0,0,2.9,37.0
mpd,0.0,8,qpsk-r1/3,w,9,1,0,data,ok,8,8,2.9,37.0
mpd,0.0,8,ack-1f,w,2,2,0,ctl,ok,0,0,4.5,37.0
mpd,0.0,8,qpsk-r1/3,w,9,1,0,data,ctl_lost,8,0,1.2,37.0
mpd,0.0,8,ack-4f,w,3,3,0,ctl,ok,0,0,-0.3,37.0
mpd,0.0,8,ack-4f,w,3,3,0,ctl,ok,0,0,4.3,37.0
mpd,0.0,8,qpsk-r1/3,w,9,2,1,data,ok,7,7,2.8,37.0
mpd,0.0,8,ack-1f,w,3,3,0,ctl,ok,0,0,-0.6,37.0
mpd,0.0,8,qpsk-r1/3,w,9,2,1,data,ok,7,7,3.9,37.0
mpd,0.0,8,ack-1f,w,2,2,0,ctl,ctl_lost,0,0,1.0,37.0
mpd,0.0,8,ack-4f,w,3,3,0,ctl,ok,0,0,0.8,37.0
mpd,0.0,8,ack-4f,w,2,2,0,ctl,ok,0,0,3.9,37.0
mpd,0.0,8,qpsk-r1/3,w,9,1,0,data,ok,8,8,2.0,37.0
mpd,0.0,8,ack-1f,w,3,3,0,ctl,ok,0,0,2.0,37.0
mpd,0.0,8,qpsk-r1/3,w,9,2,1,data,ok,7,7,3.2,37.0
mpd,0.0,8,ack-1f,w,2,2,0,ctl,ok,0,0,6.8,37.0
mpd,0.0,8,qpsk-r1/3,w,9,1,0,data,ok,8,8,3.8,37.0
mpd,0.0,8,ack-1f,w,2,2,0,ctl,ok,0,0,4.8,37.0
mpd,0.0,8,qpsk-r1/3,w,9,1,0,data,ok,8,8,3.9,37.0
mpd,0.0,8,ack-1f,w,2,2,0,ctl,ok,0,0,7.3,37.0
mpd,0.0,8,qpsk-r1/3,w,9,1,0,data,ok,8,8,2.9,37.0
mpd,0.0,8,ack-1f,w,2,2,0,ctl,ok,0,0,2.9,37.0
mpd,0.0,8,qpsk-r1/3,w,9,1,0,data,ctl_lost,8,6,0.9,37.0
mpd,0.0,8,ack-4f,w,3,3,0,ctl,ok,0,0,1.8,37.0
mpd,0.0,8,ack-4f,w,3,3,0,ctl,ok,0,0,3.3,37.0
mpd,0.0,8,qpsk-r1/3,w,9,2,1,data,ok,7,7,3.0,37.0
mpd,0.0,8,ack-1f,w,3,3,0,ctl,ok,0,0,-3.3,37.0
mpd,0.0,8,qpsk-r1/3,w,9,2,1,data,ok,7,0,0.4,37.0
mpd,0.0,8,ack-4f,w,3,3,0,ctl,ok,0,0,3.9,37.0
mpd,0.0,8,qpsk-r1/3,w,9,2,1,data,ok,2,2,3.3,37.0
mpd,0.0,8,ack-1f,w,3,3,0,ctl,ok,0,0,5.3,37.0
mpd,0.0,8,qpsk-r1/3,w,9,2,1,data,ok,7,7,1.9,37.0
mpd,0.0,10,qpsk-r1/5,w,1,1,0,ctl,ok,0,0,5.8,33.6
mpd,0.0,10,qpsk-r1/5,w,1,1,0,ctl,ok,0,0,3.5,33.6
mpd,0.0,10,ack-4f,w,3,3,0,ctl,ok,0,0,2.5,33.6
mpd,0.0,10,ack-1f,w,3,3,0,ctl,ok,0,0,3.8,33.6
mpd,0.0,10,qpsk-r1/2,w,9,2,1,data,ok,7,0,1.8,33.6
mpd,0.0,10,ack-1f,w,2,2,0,ctl,ok,0,0,-0.4,33.6
mpd,0.0,10,qpsk-r1/5,w,9,1,0,data,ok,8,8,2.1,33.6
mpd,0.0,10,ack-1f,w,2,2,0,ctl,ctl_lost,0,0,-0.2,33.6
mpd,0.0,10,ack-4f,w,4,4,0,ctl,ok,0,0,2.1,33.6
mpd,0.0,10,ack-4f,w,2,2,0,ctl,ok,0,0,3.9,33.6
mpd,0.0,10,qpsk-r1/5,w,9,1,0,data,ok,8,8,1.2,33.6
mpd,0.0,10,ack-4f,w,2,2,0,ctl,ok,0,0,4.4,33.6
mpd,0.0,10,qpsk-r1/5,w,9,1,0,data,ok,8,8,3.5,33.6
mpd,0.0,10,ack-4f,w,2,2,0,ctl,ok,0,0,3.4,33.6
mpd,0.0,10,qpsk-r1/5,w,9,1,0,data,ok,8,8,1.7,33.6
mpd,0.0,10,ack-1f,w,3,3,0,ctl,ok,0,0,4.8,33.6
mpd,0.0,10,qpsk-r1/3,w,9,2,1,data,ok,7,7,2.3,33.6
mpd,0.0,10,ack-1f,w,3,3,0,ctl,ok,0,0,1.0,33.6
mpd,0.0,10,qpsk-r1/3,w,9,2,1,data,ok,7,7,2.3,33.6
mpd,0.0,10,ack-4f,w,3,3,0,ctl,ok,0,0,4.1,33.6
mpd,0.0,10,qpsk-r1/3,w,9,2,1,data,ok,7,7,2.8,33.6
mpd,0.0,10,ack-4f,w,3,3,0,ctl,ok,0,0,0.8,33.6
mpd,0.0,10,qpsk-r1/3,w,9,2,1,data,ok,7,7,3.4,33.6
mpd,0.0,10,ack-4f,w,3,3,0,ctl,ok,0,0,-0.7,33.6
mpd,0.0,10,qpsk-r1/3,w,9,2,1,data,ok,7,2,0.1,33.6
mpd,0.0,10,ack-4f,w,3,3,0,ctl,ok,0,0,5.2,33.6
mpd,0.0,10,qpsk-r1/3,w,9,2,1,data,ok,4,4,1.7,33.6
mpd,0.0,10,ack-4f,w,3,3,0,ctl,ok,0,0,1.4,33.6
mpd,0.0,10,qpsk-r1/3,w,9,2,1,data,ok,7,7,2.4,33.6
mpd,0.0,10,ack-4f,w,3,3,0,ctl,ok,0,0,3.9,33.6
mpd,0.0,10,qpsk-r1/3,w,9,2,1,data,ok,7,7,1.9,33.6
mpd,0.0,10,ack-4f,w,2,2,0,ctl,ok,0,0,5.2,33.6
mpd,0.0,10,qpsk-r1/3,w,9,1,0,data,ok,8,8,3.0,33.6
mpd,0.0,10,ack-1f,w,2,2,0,ctl,ok,0,0,-2.6,33.6
mpd,0.0,10,qpsk-r1/3,w,9,1,0,data,ok,8,8,1.1,33.6
mpd,0.0,10,ack-4f,w,2,2,0,ctl,ok,0,0,4.4,33.6
mpd,0.0,10,qpsk-r1/3,w,9,1,0,data,ok,8,5,1.2,33.6
mpd,0.0,10,ack-4f,w,3,3,0,ctl,ok,0,0,1.8,33.6
mpd,0.0,10,qpsk-r1/3,w,9,2,1,data,ok,4,4,2.1,33.6
mpd,0.0,10,ack-4f,w,3,3,0,ctl,ok,0,0,2.8,33.6
mpd,0.0,10,qpsk-r1/3,w,9,2,1,data,ok,7,7,2.5,33.6
mpd,0.0,10,ack-4f,w,2,2,0,ctl,ok,0,0,4.7,33.6
mpd,0.0,10,qpsk-r1/3,w,9,1,0,data,ok,8,8,3.9,33.6
mpd,0.0,10,ack-4f,w,2,2,0,ctl,ok,0,0,1.9,33.6
mpd,0.0,10,qpsk-r1/3,w,9,1,0,data,ok,8,8,3.4,33.6
mpd,0.0,10,ack-4f,w,2,2,0,ctl,ok,0,0,4.0,33.6
mpd,0.0,10,qpsk-r1/3,w,9,1,0,data,ok,8,8,2.1,33.6
mpd,0.0,10,ack-4f,w,2,2,0,ctl,ok,0,0,2.8,33.6
mpd,0.0,10,qpsk-r1/3,w,9,1,0,data,ok,8,8,1.3,33.6
mpd,0.0,10,ack-4f,w,2,2,0,ctl,ok,0,0,3.4,33.6
mpd,0.0,10,qpsk-r1/3,w,9,1,0,data,ok,8,8,3.3,33.6
mpd,0.0,10,ack-4f,w,2,2,0,ctl,ok,0,0,5.7,33.6
mpd,0.0,10,qpsk-r1/3,w,9,1,0,data,ctl_lost,8,5,1.1,33.6
mpd,0.0,10,ack-4f,w,3,3,0,ctl,ok,0,0,1.6,33.6
mpd,0.0,10,ack-4f,w,3,3,0,ctl,ok,0,0,4.0,33.6
mpd,0.0,10,qpsk-r1/3,w,9,2,1,data,ok,7,6,1.4,33.6
mpd,0.0,10,ack-1f,w,3,3,0,ctl,ok,0,0,1.6,33.6
mpd,0.0,10,qpsk-r1/3,w,9,2,1,data,ok,6,6,2.3,33.6
mpd,0.0,10,ack-4f,w,2,2,0,ctl,ok,0,0,5.5,33.6
mpd,0.0,10,qpsk-r1/3,w,9,1,0,data,ok,8,8,3.4,33.6
mpd,0.0,10,ack-1f,w,2,2,0,ctl,ok,0,0,2.4,33.6
mpd,0.0,10,qpsk-r1/3,w,9,1,0,data,ok,8,8,3.9,33.6
mpd,0.0,10,ack-1f,w,2,2,0,ctl,ok,0,0,2.5,33.6
mpd,0.0,10,qpsk-r1/3,w,9,1,0,data,ok,8,8,2.9,33.6
mpd,0.0,10,ack-4f,w,2,2,0,ctl,ok,0,0,2.7,33.6
mpd,0.0,10,qpsk-r1/3,w,9,1,0,data,ctl_lost,8,0,0.8,33.6
mpd,0.0,10,ack-4f,w,3,3,0,ctl,ok,0,0,1.0,33.6
mpd,0.0,10,ack-4f,w,3,3,0,ctl,ok,0,0,2.9,33.6
mpd,0.0,10,qpsk-r1/3,w,9,2,1,data,ok,7,7,2.9,33.6
mpd,0.0,10,ack-4f,w,3,3,0,ctl,ok,0,0,1.6,33.6
mpd,0.0,10,qpsk-r1/3,w,9,2,1,data,ok,7,7,2.7,33.6
mpd,0.0,10,ack-4f,w,3,3,0,ctl,ok,0,0,-0.1,33.6
mpd,0.0,10,qpsk-r1/3,w,9,2,1,data,ok,7,0,0.8,33.6
mpd,0.0,10,ack-4f,w,3,3,0,ctl,ok,0,0,1.6,33.6
mpd,0.0,10,qpsk-r1/3,w,9,2,1,data,ok,1,1,2.8,33.6
mpd,0.0,10,ack-4f,w,3,3,0,ctl,ok,0,0,3.4,33.6
mpd,0.0,10,qpsk-r1/3,w,9,2,1,data,ok,7,7,2.9,33.6
mpd,0.0,10,ack-4f,w,2,2,0,ctl,ok,0,0,1.7,33.6
mpd,0.0,10,qpsk-r1/3,w,9,1,0,data,ok,8,8,4.2,33.6
mpd,0.0,10,ack-4f,w,2,2,0,ctl,ok,0,0,1.7,33.6
mpd,0.0,10,qpsk-r1/3,w,9,1,0,data,ok,8,8,2.2,33.6
mpd,0.0,10,ack-4f,w,2,2,0,ctl,ok,0,0,5.6,33.6
mpd,0.0,10,qpsk-r1/3,w,9,1,0,data,ok,8,8,2.7,33.6
mpd,0.0,10,ack-1f,w,2,2,0,ctl,ok,0,0,3.0,33.6
mpd,0.0,10,qpsk-r1/3,w,9,1,0,data,ok,8,8,3.2,33.6
mpd,0.0,10,ack-1f,w,2,2,0,ctl,ctl_lost,0,0,-2.0,33.6
mpd,0.0,10,ack-4f,w,3,3,0,ctl,ok,0,0,0.2,33.6
mpd,0.0,10,ack-4f,w,2,2,0,ctl,ok,0,0,2.2,33.6
mpd,0.0,10,qpsk-r1/3,w,9,1,0,data,ok,8,8,1.1,33.6
mpd,0.0,10,ack-4f,w,3,3,0,ctl,ok,0,0,4.0,33.6
mpd,0.0,10,qpsk-r1/3,w,9,2,1,data,ok,7,7,2.3,33.6
mpd,0.0,10,ack-4f,w,2,2,0,ctl,ok,0,0,2.9,33.6
mpd,0.0,10,qpsk-r1/3,w,9,1,0,data,ok,8,8,1.2,33.6
mpd,0.0,10,ack-4f,w,2,2,0,ctl,ok,0,0,1.5,33.6
mpd,0.0,10,qpsk-r1/3,w,9,1,0,data,ok,8,8,2.0,33.6
mpd,0.0,7,qpsk-r1/5,w,1,1,0,ctl,ok,0,0,5.8,32.7
mpd,0.0,7,qpsk-r1/5,w,1,1,0,ctl,ok,0,0,6.7,32.7
mpd,0.0,7,ack-4f,w,3,3,0,ctl,ok,0,0,3.4,32.7
mpd,0.0,7,ack-1f,w,3,3,0,ctl,ok,0,0,1.4,32.7
mpd,0.0,7,qpsk-r1/2,w,9,2,1,data,ok,7,0,2.8,32.7
mpd,0.0,7,ack-1f,w,3,3,0,ctl,ok,0,0,6.0,32.7
mpd,0.0,7,qpsk-r1/3,w,9,2,1,data,ok,7,7,1.0,32.7
mpd,0.0,7,ack-1f,w,3,3,0,ctl,ok,0,0,3.9,32.7
mpd,0.0,7,qpsk-r1/3,w,9,2,1,data,ok,7,7,2.7,32.7
mpd,0.0,7,ack-1f,w,3,3,0,ctl,ok,0,0,2.0,32.7
mpd,0.0,7,qpsk-r1/3,w,9,2,1,data,ok,7,7,3.3,32.7
mpd,0.0,7,ack-1f,w,3,3,0,ctl,ok,0,0,2.2,32.7
mpd,0.0,7,qpsk-r1/3,w,9,2,1,data,ok,7,4,0.5,32.7
mpd,0.0,7,ack-1f,w,3,3,0,ctl,ok,0,0,3.9,32.7
mpd,0.0,7,qpsk-r1/3,w,9,2,1,data,ok,3,0,0.5,32.7
mpd,0.0,7,ack-1f,w,3,3,0,ctl,ok,0,0,3.5,32.7
mpd,0.0,7,qpsk-r1/3,w,9,2,1,data,ok,7,7,2.5,32.7
mpd,0.0,7,ack-1f,w,3,3,0,ctl,ok,0,0,2.2,32.7
mpd,0.0,7,qpsk-r1/3,w,9,2,1,data,ok,7,7,1.5,32.7
mpd,0.0,7,ack-1f,w,3,3,0,ctl,ctl_lost,0,0,-1.0,32.7
mpd,0.0,7,ack-4f,w,3,3,0,ctl,ok,0,0,1.6,32.7
mpd,0.0,7,ack-4f,w,3,3,0,ctl,ok,0,0,2.1,32.7
mpd,0.0,7,qpsk-r1/3,w,9,2,1,data,ok,7,7,4.3,32.7
mpd,0.0,7,ack-4f,w,2,2,0,ctl,ok,0,0,1.2,32.7
mpd,0.0,7,qpsk-r1/3,w,9,1,0,data,ok,8,8,3.4,32.7
mpd,0.0,7,ack-4f,w,3,3,0,ctl,ok,0,0,3.3,32.7
mpd,0.0,7,w48-qpsk-r1/2,w48,19,2,1,data,ctl_lost,17,0,1.4,32.7
mpd,0.0,7,ack-4f,w,3,3,0,ctl,ok,0,0,2.1,32.7
mpd,0.0,7,ack-4f,w,2,2,0,ctl,ok,0,0,4.5,32.7
mpd,0.0,7,qpsk-r1/3,w,9,1,0,data,ok,8,8,2.4,32.7
mpd,0.0,7,ack-4f,w,2,2,0,ctl,ok,0,0,3.8,32.7
mpd,0.0,7,qpsk-r1/3,w,9,1,0,data,ok,8,8,3.7,32.7
mpd,0.0,7,ack-4f,w,2,2,0,ctl,ok,0,0,1.9,32.7
mpd,0.0,7,qpsk-r1/3,w,9,1,0,data,ok,8,8,0.9,32.7
mpd,0.0,7,ack-4f,w,2,2,0,ctl,ok,0,0,3.9,32.7
mpd,0.0,7,qpsk-r1/3,w,9,1,0,data,ok,8,8,4.7,32.7
mpd,0.0,7,ack-4f,w,2,2,0,ctl,ok,0,0,1.2,32.7
mpd,0.0,7,qpsk-r1/3,w,9,1,0,data,ctl_lost,8,3,1.9,32.7
mpd,0.0,7,ack-4f,w,3,3,0,ctl,ok,0,0,3.6,32.7
mpd,0.0,7,ack-4f,w,3,3,0,ctl,ok,0,0,5.8,32.7
mpd,0.0,7,qpsk-r1/3,w,9,2,1,data,ok,7,7,3.4,32.7
mpd,0.0,7,ack-1f,w,2,2,0,ctl,ok,0,0,2.2,32.7
mpd,0.0,7,qpsk-r1/3,w,9,1,0,data,ok,8,8,3.7,32.7
mpd,0.0,7,ack-1f,w,2,2,0,ctl,ok,0,0,4.0,32.7
mpd,0.0,7,qpsk-r1/3,w,9,1,0,data,ctl_lost,8,3,0.7,32.7
mpd,0.0,7,ack-4f,w,3,3,0,ctl,ok,0,0,1.0,32.7
mpd,0.0,7,ack-4f,w,3,3,0,ctl,ok,0,0,1.9,32.7
mpd,0.0,7,qpsk-r1/5,w,9,2,1,data,ok,7,7,4.1,32.7
mpd,0.0,7,ack-4f,w,3,3,0,ctl,ok,0,0,-0.5,32.7
mpd,0.0,7,qpsk-r1/3,w,9,2,1,data,ok,7,7,3.0,32.7
mpd,0.0,7,ack-4f,w,3,3,0,ctl,ok,0,0,4.1,32.7
mpd,0.0,7,qpsk-r1/3,w,9,2,1,data,ok,7,7,4.0,32.7
mpd,0.0,7,ack-4f,w,3,3,0,ctl,ok,0,0,3.4,32.7
mpd,0.0,7,qpsk-r1/3,w,9,2,1,data,ok,7,3,1.7,32.7
mpd,0.0,7,ack-4f,w,3,3,0,ctl,ok,0,0,1.3,32.7
mpd,0.0,7,qpsk-r1/3,w,9,2,1,data,ok,5,5,1.3,32.7
mpd,0.0,7,ack-4f,w,3,3,0,ctl,ok,0,0,3.3,32.7
mpd,0.0,7,qpsk-r1/3,w,9,2,1,data,ok,7,7,3.7,32.7
mpd,0.0,7,ack-4f,w,3,3,0,ctl,ok,0,0,2.7,32.7
mpd,0.0,7,qpsk-r1/3,w,9,2,1,data,ok,7,7,1.8,32.7
mpd,0.0,7,ack-4f,w,2,2,0,ctl,ok,0,0,1.0,32.7
mpd,0.0,7,qpsk-r1/3,w,9,1,0,data,ok,8,8,2.3,32.7
mpd,0.0,7,ack-4f,w,3,3,0,ctl,ok,0,0,5.1,32.7
mpd,0.0,7,qpsk-r1/3,w,9,2,1,data,ok,7,7,3.1,32.7
mpd,0.0,7,ack-4f,w,2,2,0,ctl,ok,0,0,3.7,32.7
mpd,0.0,7,qpsk-r1/3,w,9,1,0,data,ok,8,8,3.8,32.7
mpd,0.0,7,ack-4f,w,2,2,0,ctl,ok,0,0,1.8,32.7
mpd,0.0,7,qpsk-r1/3,w,9,1,0,data,ok,8,8,3.3,32.7
mpd,0.0,7,ack-4f,w,2,2,0,ctl,ok,0,0,3.5,32.7
mpd,0.0,7,qpsk-r1/3,w,9,1,0,data,ok,8,8,4.1,32.7
mpd,0.0,7,ack-4f,w,2,2,0,ctl,ok,0,0,1.0,32.7
mpd,0.0,7,qpsk-r1/3,w,9,1,0,data,ok,8,8,3.7,32.7
mpd,0.0,7,ack-4f,w,2,2,0,ctl,ok,0,0,1.9,32.7
mpd,0.0,7,qpsk-r1/3,w,9,1,0,data,ok,8,8,4.3,32.7
mpd,0.0,7,ack-4f,w,2,2,0,ctl,ok,0,0,3.1,32.7
mpd,0.0,7,qpsk-r1/3,w,9,1,0,data,ok,8,8,3.6,32.7
mpd,0.0,7,ack-4f,w,2,2,0,ctl,ok,0,0,-0.4,32.7
mpd,0.0,7,qpsk-r1/3,w,9,1,0,data,ok,8,8,3.5,32.7
mpd,0.0,7,ack-4f,w,2,2,0,ctl,ok,0,0,-0.3,32.7
mpd,0.0,7,qpsk-r1/3,w,9,1,0,data,ok,8,8,3.8,32.7
mpd,0.0,7,ack-4f,w,2,2,0,ctl,ok,0,0,4.1,32.7
mpd,0.0,7,qpsk-r1/3,w,9,1,0,data,ok,8,8,3.3,32.7
mpd,0.0,7,ack-4f,w,2,2,0,ctl,ok,0,0,1.8,32.7
mpd,0.0,7,qpsk-r1/3,w,9,1,0,data,ctl_lost,8,8,0.9,32.7
mpd,0.0,7,ack-4f,w,3,3,0,ctl,ok,0,0,1.9,32.7
mpd,0.0,7,ack-4f,w,3,3,0,ctl,ok,0,0,2.0,32.7
mpd,0.0,7,qpsk-r1/3,w,9,2,1,data,ok,7,1,0.8,32.7
mpd,0.0,7,ack-4f,w,3,3,0,ctl,ok,0,0,4.6,32.7
mpd,0.0,7,qpsk-r1/3,w,9,2,1,data,ok,2,2,1.9,32.7
mpd,0.0,7,ack-4f,w,3,3,0,ctl,ok,0,0,3.7,32.7
mpd,0.0,7,qpsk-r1/3,w,9,2,1,data,ok,7,7,0.4,32.7
mpd,0.0,7,ack-1f,w,3,3,0,ctl,ok,0,0,4.1,32.7
mpd,0.0,7,qpsk-r1/3,w,9,2,1,data,ok,7,7,2.6,32.7
mpd,0.0,7,ack-1f,w,3,3,0,ctl,ok,0,0,0.8,32.7
mpd,0.0,1,qpsk-r1/5,w,1,1,0,ctl,ok,0,0,2.4,34.4
mpd,0.0,1,qpsk-r1/5,w,1,1,0,ctl,ok,0,0,1.4,34.4
mpd,0.0,1,ack-4f,w,3,3,0,ctl,ok,0,0,4.5,34.4
mpd,0.0,1,ack-4f,w,3,3,0,ctl,ok,0,0,1.4,34.4
mpd,0.0,1,qpsk-r1/2,w,9,2,1,data,ok,7,7,3.1,34.4
mpd,0.0,1,ack-4f,w,3,3,0,ctl,ok,0,0,4.8,34.4
mpd,0.0,1,qpsk-r1/2,w,9,2,1,data,ok,7,3,3.8,34.4
mpd,0.0,1,ack-1f,w,3,3,0,ctl,ok,0,0,8.2,34.4
mpd,0.0,1,qpsk-r1/2,w,9,2,1,data,ok,5,0,2.2,34.4
mpd,0.0,1,ack-1f,w,3,3,0,ctl,ok,0,0,5.2,34.4
mpd,0.0,1,qpsk-r1/2,w,9,2,1,data,ok,5,0,2.3,34.4
mpd,0.0,1,ack-1f,w,3,3,0,ctl,ok,0,0,1.4,34.4
mpd,0.0,1,qpsk-r1/2,w,9,2,1,data,ok,2,0,2.6,34.4
mpd,0.0,1,ack-1f,w,3,3,0,ctl,ok,0,0,1.7,34.4
mpd,0.0,1,qpsk-r1/2,w,9,2,1,data,ok,5,5,4.1,34.4
mpd,0.0,1,ack-1f,w,3,3,0,ctl,ok,0,0,5.8,34.4
mpd,0.0,1,qpsk-r1/2,w,9,2,1,data,ok,7,0,2.0,34.4
mpd,0.0,1,ack-1f,w,3,3,0,ctl,ok,0,0,3.7,34.4
mpd,0.0,1,qpsk-r1/2,w,9,2,1,data,ok,0,0,3.0,34.4
mpd,0.0,1,ack-1f,w,3,3,0,ctl,ok,0,0,0.6,34.4
mpd,0.0,1,qpsk-r1/2,w,9,2,1,data,ok,7,0,1.4,34.4
mpd,0.0,1,ack-1f,w,3,3,0,ctl,ok,0,0,1.1,34.4
mpd,0.0,1,qpsk-r1/2,w,9,2,1,data,ok,0,0,1.0,34.4
mpd,0.0,1,ack-4f,w,3,3,0,ctl,ok,0,0,1.5,34.4
mpd,0.0,1,qpsk-r1/2,w,9,2,1,data,ok,7,0,1.8,34.4
mpd,0.0,1,ack-4f,w,2,2,0,ctl,ok,0,0,-0.7,34.4
mpd,0.0,1,qpsk-r1/5,w,9,1,0,data,ok,8,8,3.6,34.4
mpd,0.0,1,ack-4f,w,3,3,0,ctl,ok,0,0,2.1,34.4
mpd,0.0,1,qpsk-r1/2,w,9,2,1,data,ok,7,7,4.1,34.4
mpd,0.0,1,ack-4f,w,2,2,0,ctl,ok,0,0,1.0,34.4
mpd,0.0,1,qpsk-r1/2,w,9,1,0,data,ok,8,8,4.0,34.4
mpd,0.0,1,ack-4f,w,2,2,0,ctl,ok,0,0,2.3,34.4
mpd,0.0,1,qpsk-r1/2,w,9,1,0,data,ok,8,8,3.6,34.4
mpd,0.0,1,ack-4f,w,2,2,0,ctl,ok,0,0,2.1,34.4
mpd,0.0,1,qpsk-r1/2,w,9,1,0,data,ctl_lost,8,0,0.4,34.4
mpd,0.0,1,ack-4f,w,2,2,0,ctl,ok,0,0,1.6,34.4
mpd,0.0,1,ack-4f,w,3,3,0,ctl,ok,0,0,2.2,34.4
mpd,0.0,1,qpsk-r1/5,w,9,2,1,data,ok,7,7,2.5,34.4
mpd,0.0,1,ack-1f,w,3,3,0,ctl,ok,0,0,3.9,34.4
mpd,0.0,1,qpsk-r1/2,w,9,2,1,data,ok,7,7,3.6,34.4
mpd,0.0,1,ack-1f,w,3,3,0,ctl,ok,0,0,6.0,34.4
mpd,0.0,1,qpsk-r1/2,w,9,2,1,data,ok,7,6,3.4,34.4
mpd,0.0,1,ack-1f,w,3,3,0,ctl,ok,0,0,0.9,34.4
mpd,0.0,1,qpsk-r1/2,w,9,1,0,data,ctl_lost,7,0,-0.4,34.4
mpd,0.0,1,ack-4f,w,3,3,0,ctl,ok,0,0,-0.1,34.4
mpd,0.0,1,ack-4f,w,3,3,0,ctl,ok,0,0,0.6,34.4
mpd,0.0,1,qpsk-r1/2,w,9,2,1,data,ok,6,4,2.8,34.4
mpd,0.0,1,ack-4f,w,3,3,0,ctl,ok,0,0,1.0,34.4
mpd,0.0,1,qpsk-r1/2,w,9,2,1,data,ok,6,0,0.9,34.4
mpd,0.0,1,ack-4f,w,3,3,0,ctl,ok,0,0,2.9,34.4
mpd,0.0,1,qpsk-r1/2,w,9,2,1,data,ok,1,0,3.8,34.4
mpd,0.0,1,ack-1f,w,3,3,0,ctl,ok,0,0,1.7,34.4
mpd,0.0,1,qpsk-r1/2,w,9,2,1,data,ok,7,4,2.9,34.4
mpd,0.0,1,ack-1f,w,2,2,0,ctl,ok,0,0,-0.8,34.4
mpd,0.0,1,qpsk-r1/2,w,9,1,0,data,ok,8,8,3.3,34.4
mpd,0.0,1,ack-1f,w,2,2,0,ctl,ok,0,0,0.9,34.4
mpd,0.0,1,qpsk-r1/2,w,9,1,0,data,ctl_lost,8,0,3.1,34.4
mpd,0.0,1,ack-4f,w,3,3,0,ctl,ok,0,0,2.7,34.4
mpd,0.0,1,ack-4f,w,3,3,0,ctl,ok,0,0,4.0,34.4
mpd,0.0,1,qpsk-r1/2,w,9,2,1,data,ok,7,0,1.7,34.4
mpd,0.0,1,ack-1f,w,3,3,0,ctl,ok,0,0,4.3,34.4
mpd,0.0,1,qpsk-r1/2,w,9,2,1,data,ok,0,0,1.3,34.4
mpd,0.0,1,ack-1f,w,3,3,0,ctl,ok,0,0,7.5,34.4
mpd,0.0,1,qpsk-r1/2,w,9,2,1,data,ok,7,0,2.0,34.4
mpd,0.0,1,ack-1f,w,3,3,0,ctl,ok,0,0,1.8,34.4
mpd,0.0,1,qpsk-r1/2,w,9,2,1,data,ok,0,0,2.2,34.4
mpd,0.0,1,ack-1f,w,3,3,0,ctl,ok,0,0,1.3,34.4
mpd,0.0,1,qpsk-r1/2,w,9,2,1,data,ok,7,7,3.2,34.4
mpd,0.0,1,ack-1f,w,2,2,0,ctl,ok,0,0,6.8,34.4
mpd,0.0,1,qpsk-r1/2,w,9,1,0,data,ok,8,8,3.4,34.4
mpd,0.0,1,ack-1f,w,2,2,0,ctl,ok,0,0,1.9,34.4
mpd,0.0,1,qpsk-r1/2,w,9,1,0,data,ctl_lost,8,0,1.6,34.4
mpd,0.0,1,ack-4f,w,3,3,0,ctl,ok,0,0,1.3,34.4
mpd,0.0,1,ack-4f,w,3,3,0,ctl,ok,0,0,1.3,34.4
mpd,0.0,1,qpsk-r1/2,w,9,2,1,data,ok,7,0,1.8,34.4
mpd,0.0,1,ack-1f,w,3,3,0,ctl,ok,0,0,3.0,34.4
mpd,0.0,1,qpsk-r1/2,w,9,2,1,data,ok,0,0,2.6,34.4
mpd,0.0,1,ack-1f,w,3,3,0,ctl,ok,0,0,2.7,34.4
mpd,0.0,1,qpsk-r1/2,w,9,2,1,data,ok,7,7,3.7,34.4
mpd,0.0,1,ack-1f,w,2,2,0,ctl,ok,0,0,-0.9,34.4
mpd,0.0,1,qpsk-r1/2,w,9,1,0,data,ok,8,7,3.2,34.4
mpd,0.0,1,ack-1f,w,3,3,0,ctl,ok,0,0,0.8,34.4
mpd,0.0,1,qpsk-r1/2,w,9,1,0,data,ctl_lost,7,0,0.3,34.4
mpd,0.0,1,ack-4f,w,3,3,0,ctl,ok,0,0,4.1,34.4
mpd,0.0,1,ack-4f,w,3,3,0,ctl,ok,0,0,4.3,34.4
mpd,0.0,1,qpsk-r1/2,w,9,2,1,data,ok,6,6,3.1,34.4
mpd,0.0,1,ack-1f,w,2,2,0,ctl,ok,0,0,3.7,34.4
mpd,0.0,1,qpsk-r1/2,w,9,1,0,data,ctl_lost,8,0,2.3,34.4
mpd,0.0,1,ack-4f,w,3,3,0,ctl,ok,0,0,3.8,34.4
mpd,0.0,1,ack-4f,w,3,3,0,ctl,ok,0,0,3.5,34.4
mpd,0.0,1,qpsk-r1/2,w,9,2,1,data,ok,7,0,1.7,34.4
mpd,0.0,1,ack-1f,w,3,3,0,ctl,ok,0,0,5.1,34.4
mpd,0.0,1,qpsk-r1/2,w,9,2,1,data,ok,0,0,1.1,34.4
mpd,0.0,1,ack-1f,w,3,3,0,ctl,ok,0,0,4.0,34.4
mpd,0.0,1,qpsk-r1/2,w,9,2,1,data,ok,7,0,2.2,34.4
mpd,0.0,9,qpsk-r1/5,w,1,1,0,ctl,ok,0,0,-0.0,34.0
mpd,0.0,9,qpsk-r1/5,w,1,1,0,ctl,ok,0,0,3.7,34.0
mpd,0.0,9,ack-4f,w,3,3,0,ctl,ok,0,0,3.4,34.0
mpd,0.0,9,ack-1f,w,3,3,0,ctl,ok,0,0,-0.1,34.0
mpd,0.0,9,qpsk-r1/3,w,9,2,1,data,ok,7,7,2.9,34.0
mpd,0.0,9,ack-1f,w,3,3,0,ctl,ok,0,0,7.3,34.0
mpd,0.0,9,qpsk-r1/3,w,9,2,1,data,ok,7,7,3.7,34.0
mpd,0.0,9,ack-1f,w,3,3,0,ctl,ok,0,0,4.7,34.0
mpd,0.0,9,qpsk-r1/3,w,9,2,1,data,ok,7,5,0.9,34.0
mpd,0.0,9,ack-1f,w,3,3,0,ctl,ok,0,0,1.4,34.0
mpd,0.0,9,qpsk-r1/3,w,9,2,1,data,ok,5,5,2.8,34.0
mpd,0.0,9,ack-1f,w,3,3,0,ctl,ok,0,0,3.4,34.0
mpd,0.0,9,qpsk-r1/3,w,9,2,1,data,ok,7,7,1.5,34.0
mpd,0.0,9,ack-1f,w,3,3,0,ctl,ok,0,0,5.6,34.0
mpd,0.0,9,qpsk-r1/3,w,9,2,1,data,ok,7,7,3.1,34.0
mpd,0.0,9,ack-1f,w,3,3,0,ctl,ok,0,0,4.7,34.0
mpd,0.0,9,qpsk-r1/3,w,9,2,1,data,ok,7,7,2.4,34.0
mpd,0.0,9,ack-1f,w,3,3,0,ctl,ok,0,0,3.0,34.0
mpd,0.0,9,qpsk-r1/3,w,9,2,1,data,ok,7,2,0.8,34.0
mpd,0.0,9,ack-1f,w,3,3,0,ctl,ok,0,0,-0.5,34.0
mpd,0.0,9,qpsk-r1/3,w,9,2,1,data,ok,4,4,2.4,34.0
mpd,0.0,9,ack-1f,w,3,3,0,ctl,ok,0,0,2.6,34.0
mpd,0.0,9,qpsk-r1/3,w,9,2,1,data,ok,7,7,1.9,34.0
mpd,0.0,9,ack-1f,w,2,2,0,ctl,ok,0,0,6.2,34.0
mpd,0.0,9,qpsk-r1/3,w,9,1,0,data,ok,8,8,3.7,34.0
mpd,0.0,9,ack-1f,w,2,2,0,ctl,ok,0,0,1.9,34.0
mpd,0.0,9,qpsk-r1/3,w,9,1,0,data,ctl_lost,8,1,0.1,34.0
mpd,0.0,9,ack-4f,w,3,3,0,ctl,ok,0,0,0.7,34.0
mpd,0.0,9,ack-4f,w,3,3,0,ctl,ok,0,0,1.7,34.0
mpd,0.0,9,qpsk-r1/3,w,9,2,1,data,ok,7,0,1.2,34.0
mpd,0.0,9,ack-1f,w,3,3,0,ctl,ok,0,0,3.0,34.0
mpd,0.0,9,qpsk-r1/3,w,9,2,1,data,ok,2,2,3.1,34.0
mpd,0.0,9,ack-1f,w,3,3,0,ctl,ok,0,0,3.1,34.0
mpd,0.0,9,qpsk-r1/3,w,9,2,1,data,ok,7,5,3.4,34.0
mpd,0.0,9,ack-1f,w,2,2,0,ctl,ctl_lost,0,0,-1.1,34.0
mpd,0.0,9,ack-4f,w,3,3,0,ctl,ok,0,0,4.0,34.0
mpd,0.0,9,ack-4f,w,2,2,0,ctl,ok,0,0,3.7,34.0
mpd,0.0,9,qpsk-r1/3,w,9,1,0,data,ok,8,8,3.5,34.0
mpd,0.0,9,ack-4f,w,2,2,0,ctl,ok,0,0,2.8,34.0
mpd,0.0,9,qpsk-r1/3,w,9,1,0,data,ok,8,8,0.8,34.0
mpd,0.0,9,ack-1f,w,2,2,0,ctl,ctl_lost,0,0,-0.9,34.0
mpd,0.0,9,ack-4f,w,3,3,0,ctl,ok,0,0,3.8,34.0
mpd,0.0,9,ack-4f,w,3,3,0,ctl,ok,0,0,3.4,34.0
mpd,0.0,9,qpsk-r1/3,w,9,2,1,data,ok,7,1,0.7,34.0
mpd,0.0,9,ack-4f,w,3,3,0,ctl,ok,0,0,1.8,34.0
mpd,0.0,9,qpsk-r1/3,w,9,1,0,data,ok,5,5,3.0,34.0
mpd,0.0,9,ack-4f,w,2,2,0,ctl,ok,0,0,3.9,34.0
mpd,0.0,9,qpsk-r1/3,w,9,1,0,data,ok,8,8,2.4,34.0
mpd,0.0,9,ack-4f,w,2,2,0,ctl,ok,0,0,1.4,34.0
mpd,0.0,9,qpsk-r1/3,w,9,1,0,data,ok,8,8,4.0,34.0
mpd,0.0,9,ack-4f,w,2,2,0,ctl,ok,0,0,1.7,34.0
mpd,0.0,9,qpsk-r1/3,w,9,1,0,data,ok,8,8,1.0,34.0
mpd,0.0,9,ack-4f,w,2,2,0,ctl,ok,0,0,0.5,34.0
mpd,0.0,9,qpsk-r1/3,w,9,1,0,data,ok,8,8,3.9,34.0
mpd,0.0,9,ack-4f,w,2,2,0,ctl,ok,0,0,1.9,34.0
mpd,0.0,9,qpsk-r1/3,w,9,1,0,data,ok,8,8,1.9,34.0
mpd,0.0,9,ack-4f,w,2,2,0,ctl,ok,0,0,1.2,34.0
mpd,0.0,9,qpsk-r1/3,w,9,1,0,data,ctl_lost,8,0,0.7,34.0
mpd,0.0,9,ack-4f,w,3,3,0,ctl,ok,0,0,1.0,34.0
mpd,0.0,9,ack-4f,w,3,3,0,ctl,ok,0,0,1.6,34.0
mpd,0.0,9,qpsk-r1/3,w,9,2,1,data,ok,7,7,2.7,34.0
mpd,0.0,9,ack-4f,w,3,3,0,ctl,ok,0,0,4.2,34.0
mpd,0.0,9,qpsk-r1/3,w,9,2,1,data,ok,7,7,3.3,34.0
mpd,0.0,9,ack-4f,w,2,2,0,ctl,ok,0,0,2.3,34.0
mpd,0.0,9,qpsk-r1/3,w,9,1,0,data,ok,8,8,3.4,34.0
mpd,0.0,9,ack-4f,w,2,2,0,ctl,ok,0,0,2.2,34.0
mpd,0.0,9,qpsk-r1/3,w,9,1,0,data,ok,8,8,2.2,34.0
mpd,0.0,9,ack-4f,w,2,2,0,ctl,ok,0,0,5.4,34.0
mpd,0.0,9,qpsk-r1/3,w,9,1,0,data,ok,8,8,2.8,34.0
mpd,0.0,9,ack-1f,w,2,2,0,ctl,ok,0,0,1.4,34.0
mpd,0.0,9,qpsk-r1/3,w,9,1,0,data,ok,8,8,2.7,34.0
mpd,0.0,9,ack-1f,w,2,2,0,ctl,ok,0,0,2.8,34.0
mpd,0.0,9,qpsk-r1/3,w,9,1,0,data,ok,8,8,2.2,34.0
mpd,0.0,9,ack-1f,w,2,2,0,ctl,ok,0,0,5.6,34.0
mpd,0.0,9,qpsk-r1/3,w,9,1,0,data,ok,8,8,3.6,34.0
mpd,0.0,9,ack-1f,w,2,2,0,ctl,ok,0,0,4.5,34.0
mpd,0.0,9,qpsk-r1/3,w,9,1,0,data,ok,8,8,2.7,34.0
mpd,0.0,9,ack-1f,w,2,2,0,ctl,ok,0,0,2.1,34.0
mpd,0.0,9,qpsk-r1/3,w,9,1,0,data,ok,8,8,2.5,34.0
mpd,0.0,9,ack-1f,w,2,2,0,ctl,ok,0,0,2.6,34.0
mpd,0.0,9,qpsk-r1/3,w,9,1,0,data,ctl_lost,8,0,0.4,34.0
mpd,0.0,9,ack-4f,w,3,3,0,ctl,ok,0,0,3.0,34.0
mpd,0.0,9,ack-4f,w,3,3,0,ctl,ok,0,0,3.4,34.0
mpd,0.0,9,qpsk-r1/3,w,9,2,1,data,ok,7,7,1.8,34.0
mpd,0.0,9,ack-1f,w,3,3,0,ctl,ok,0,0,2.7,34.0
mpd,0.0,9,qpsk-r1/3,w,9,2,1,data,ok,7,7,3.0,34.0
mpd,0.0,9,ack-1f,w,2,2,0,ctl,ctl_lost,0,0,0.9,34.0
mpd,0.0,9,ack-4f,w,3,3,0,ctl,ok,0,0,2.4,34.0
mpd,0.0,9,ack-4f,w,2,2,0,ctl,ok,0,0,1.7,34.0
mpd,0.0,9,qpsk-r1/3,w,9,1,0,data,ok,8,8,1.4,34.0
mpd,0.0,9,ack-4f,w,2,2,0,ctl,ok,0,0,4.4,34.0
mpd,0.0,9,qpsk-r1/3,w,9,1,0,data,ctl_lost,8,0,0.4,34.0
mpd,0.0,9,ack-4f,w,3,3,0,ctl,ok,0,0,5.3,34.0
mpd,0.0,9,ack-4f,w,3,3,0,ctl,ok,0,0,2.9,34.0
mpd,0.0,9,qpsk-r1/3,w,9,2,1,data,ok,7,7,2.9,34.0
mpd,0.0,9,ack-1f,w,2,2,0,ctl,ok,0,0,0.4,34.0
mpd,0.0,9,qpsk-r1/3,w,9,1,0,data,ok,8,8,2.0,34.0
mpd,0.0,9,ack-4f,w,3,3,0,ctl,ok,0,0,0.5,34.0
mpd,0.0,9,qpsk-r1/3,w,9,2,1,data,ok,7,7,3.8,34.0
mpd,8.0,2,qpsk-r1/5,w,1,1,0,ctl,ok,0,0,10.1,183.2
mpd,8.0,2,qpsk-r1/5,w,1,1,0,ctl,ok,0,0,12.5,183.2
mpd,8.0,2,ack-4f,w,2,2,0,ctl,ok,0,0,9.8,183.2
mpd,8.0,2,ack-1f,w,2,2,0,ctl,ok,0,0,12.0,183.2
mpd,8.0,2,w48-qpsk-r1/2,w48,19,1,0,data,ok,18,18,8.0,183.2
mpd,8.0,2,ack-1f,w,2,2,0,ctl,ok,0,0,5.4,183.2
mpd,8.0,2,w48-qpsk-r1/2,w48,19,1,0,data,ok,18,18,9.5,183.2
mpd,8.0,2,ack-1f,w,3,3,0,ctl,ok,0,0,7.9,183.2
mpd,8.0,2,w48-16qam-r1/3,w48,19,2,1,data,ok,17,17,9.7,183.2
mpd,8.0,2,ack-1f,w,2,2,0,ctl,ok,0,0,12.1,183.2
mpd,8.0,2,w48-16qam-r1/3,w48,19,1,0,data,ok,18,18,8.7,183.2
mpd,8.0,2,ack-1f,w,3,3,0,ctl,ok,0,0,14.0,183.2
mpd,8.0,2,w48-16qam-r1/3,w48,19,2,1,data,ok,17,17,10.0,183.2
mpd,8.0,2,ack-1f,w,2,2,0,ctl,ok,0,0,9.8,183.2
mpd,8.0,2,w48-16qam-r1/3,w48,19,1,0,data,ok,18,18,8.2,183.2
mpd,8.0,2,ack-1f,w,3,3,0,ctl,ok,0,0,12.8,183.2
mpd,8.0,2,w48-16qam-r1/3,w48,19,2,1,data,ok,17,17,9.4,183.2
mpd,8.0,2,ack-1f,w,2,2,0,ctl,ok,0,0,11.5,183.2
mpd,8.0,2,w48-16qam-r1/3,w48,19,1,0,data,ok,18,18,9.0,183.2
mpd,8.0,2,ack-1f,w,2,2,0,ctl,ok,0,0,8.4,183.2
mpd,8.0,2,w48-16qam-r1/3,w48,19,1,0,data,ok,18,18,9.1,183.2
mpd,8.0,2,ack-1f,w,2,2,0,ctl,ok,0,0,12.2,183.2
mpd,8.0,2,w48-16qam-r1/3,w48,19,1,0,data,ok,18,18,10.5,183.2
mpd,8.0,2,ack-1f,w,2,2,0,ctl,ok,0,0,8.9,183.2
mpd,8.0,2,w48-16qam-r1/3,w48,19,1,0,data,ctl_lost,18,8,7.9,183.2
mpd,8.0,2,ack-4f,w,2,2,0,ctl,ok,0,0,7.8,183.2
mpd,8.0,2,ack-4f,w,3,3,0,ctl,ok,0,0,11.3,183.2
mpd,8.0,2,w48-qpsk-r1/2,w48,19,2,1,data,ok,17,17,10.4,183.2
mpd,8.0,2,ack-1f,w,2,2,0,ctl,ok,0,0,11.0,183.2
mpd,8.0,2,w48-16qam-r1/3,w48,19,1,0,data,ok,18,18,9.1,183.2
mpd,8.0,2,ack-1f,w,3,3,0,ctl,ok,0,0,8.5,183.2
mpd,8.0,2,w48-16qam-r1/3,w48,19,2,1,data,ok,17,17,10.0,183.2
mpd,8.0,2,ack-1f,w,2,2,0,ctl,ok,0,0,10.5,183.2
mpd,8.0,2,w48-16qam-r1/3,w48,19,1,0,data,ok,18,18,8.9,183.2
mpd,8.0,2,ack-1f,w,3,3,0,ctl,ok,0,0,12.4,183.2
mpd,8.0,2,w48-16qam-r1/3,w48,19,2,1,data,ok,17,17,8.7,183.2
mpd,8.0,2,ack-1f,w,3,3,0,ctl,ok,0,0,9.5,183.2
mpd,8.0,2,w48-16qam-r1/3,w48,19,2,1,data,ok,17,17,9.8,183.2
mpd,8.0,2,ack-1f,w,2,2,0,ctl,ok,0,0,9.3,183.2
mpd,8.0,2,w48-16qam-r1/3,w48,19,1,0,data,ok,18,18,9.7,183.2
mpd,8.0,2,ack-1f,w,2,2,0,ctl,ok,0,0,14.2,183.2
mpd,8.0,2,w48-16qam-r1/3,w48,19,1,0,data,ok,18,18,8.4,183.2
mpd,8.0,2,ack-1f,w,3,3,0,ctl,ok,0,0,8.7,183.2
mpd,8.0,2,w48-16qam-r1/3,w48,19,2,1,data,ok,17,17,9.9,183.2
mpd,8.0,2,ack-1f,w,2,2,0,ctl,ok,0,0,13.3,183.2
mpd,8.0,2,w48-16qam-r1/3,w48,19,1,0,data,ok,18,18,8.7,183.2
mpd,8.0,2,ack-1f,w,2,2,0,ctl,ok,0,0,12.0,183.2
mpd,8.0,2,w48-16qam-r1/3,w48,19,1,0,data,ok,18,18,9.7,183.2
mpd,8.0,2,ack-1f,w,2,2,0,ctl,ok,0,0,10.5,183.2
mpd,8.0,2,w48-16qam-r1/3,w48,19,1,0,data,ok,18,18,8.3,183.2
mpd,8.0,2,ack-1f,w,3,3,0,ctl,ok,0,0,10.0,183.2
mpd,8.0,2,w48-16qam-r1/3,w48,19,2,1,data,ok,17,17,9.7,183.2
mpd,8.0,2,ack-1f,w,2,2,0,ctl,ok,0,0,10.8,183.2
mpd,8.0,2,w48-16qam-r1/3,w48,19,1,0,data,ok,18,14,7.7,183.2
mpd,8.0,2,ack-1f,w,4,4,0,ctl,ok,0,0,13.9,183.2
mpd,8.0,2,w48-16qam-r1/3,w48,19,2,1,data,ok,13,13,9.2,183.2
mpd,8.0,2,ack-1f,w,2,2,0,ctl,ok,0,0,12.5,183.2
mpd,8.0,2,w48-16qam-r1/3,w48,19,1,0,data,ok,18,18,8.9,183.2
mpd,8.0,2,ack-1f,w,2,2,0,ctl,ok,0,0,11.3,183.2
mpd,8.0,2,w48-16qam-r1/3,w48,19,1,0,data,ok,18,18,9.8,183.2
mpd,8.0,2,ack-1f,w,2,2,0,ctl,ok,0,0,8.6,183.2
mpd,8.0,2,w48-16qam-r1/3,w48,19,1,0,data,ok,18,18,8.1,183.2
mpd,8.0,2,ack-1f,w,2,2,0,ctl,ok,0,0,10.2,183.2
mpd,8.0,2,w48-16qam-r1/3,w48,19,1,0,data,ok,18,18,9.8,183.2
mpd,8.0,2,ack-1f,w,2,2,0,ctl,ok,0,0,10.5,183.2
mpd,8.0,2,w48-16qam-r1/3,w48,19,1,0,data,ok,18,18,10.1,183.2
mpd,8.0,2,ack-1f,w,2,2,0,ctl,ok,0,0,10.2,183.2
mpd,8.0,2,w48-16qam-r1/3,w48,19,1,0,data,ok,18,18,9.5,183.2
mpd,8.0,2,ack-1f,w,2,2,0,ctl,ok,0,0,10.2,183.2
mpd,8.0,2,w48-16qam-r1/3,w48,19,1,0,data,ok,18,18,8.3,183.2
mpd,8.0,2,ack-1f,w,2,2,0,ctl,ok,0,0,7.9,183.2
mpd,8.0,2,w48-16qam-r1/3,w48,19,1,0,data,ok,18,18,8.4,183.2
mpd,8.0,2,ack-1f,w,2,2,0,ctl,ok,0,0,13.0,183.2
mpd,8.0,2,w48-16qam-r1/3,w48,19,1,0,data,ok,18,18,7.9,183.2
mpd,8.0,2,ack-1f,w,2,2,0,ctl,ok,0,0,8.9,183.2
mpd,8.0,2,w48-16qam-r1/3,w48,19,1,0,data,ctl_lost,18,16,7.7,183.2
mpd,8.0,2,ack-4f,w,2,2,0,ctl,ok,0,0,11.9,183.2
mpd,8.0,2,ack-4f,w,3,3,0,ctl,ok,0,0,10.9,183.2
mpd,8.0,2,w48-16qam-r1/3,w48,19,2,1,data,ok,17,17,9.5,183.2
mpd,8.0,2,ack-1f,w,2,2,0,ctl,ok,0,0,10.6,183.2
mpd,8.0,2,w48-16qam-r1/3,w48,19,1,0,data,ok,18,18,9.8,183.2
mpd,8.0,2,ack-1f,w,2,2,0,ctl,ok,0,0,13.4,183.2
mpd,8.0,2,w48-16qam-r1/3,w48,19,1,0,data,ok,18,18,8.6,183.2
mpd,8.0,2,ack-1f,w,2,2,0,ctl,ok,0,0,11.3,183.2
mpd,8.0,2,w48-16qam-r1/3,w48,19,1,0,data,ok,18,18,8.6,183.2
mpd,8.0,2,ack-1f,w,2,2,0,ctl,ok,0,0,13.2,183.2
mpd,8.0,2,w48-16qam-r1/3,w48,19,1,0,data,ok,18,18,8.1,183.2
mpd,8.0,2,ack-1f,w,3,3,0,ctl,ok,0,0,13.4,183.2
mpd,8.0,2,w48-16qam-r1/3,w48,19,2,1,data,ok,17,17,10.3,183.2
mpd,8.0,2,ack-1f,w,2,2,0,ctl,ok,0,0,14.9,183.2
mpd,8.0,2,w48-16qam-r1/3,w48,19,1,0,data,ok,18,18,9.2,183.2
mpd,8.0,2,ack-1f,w,2,2,0,ctl,ok,0,0,12.5,183.2
mpd,8.0,2,w48-16qam-r1/3,w48,19,1,0,data,ok,18,18,8.7,183.2
mpd,8.0,0,qpsk-r1/5,w,1,1,0,ctl,ok,0,0,10.2,159.4
mpd,8.0,0,qpsk-r1/5,w,1,1,0,ctl,ok,0,0,10.0,159.4
mpd,8.0,0,ack-4f,w,2,2,0,ctl,ok,0,0,10.9,159.4
mpd,8.0,0,ack-1f,w,2,2,0,ctl,ok,0,0,9.7,159.4
mpd,8.0,0,w48-qpsk-r1/2,w48,19,1,0,data,ok,18,18,8.5,159.4
mpd,8.0,0,ack-1f,w,2,2,0,ctl,ok,0,0,10.7,159.4
mpd,8.0,0,w48-qpsk-r1/2,w48,19,1,0,data,ok,18,18,8.6,159.4
mpd,8.0,0,ack-1f,w,2,2,0,ctl,ok,0,0,9.9,159.4
mpd,8.0,0,w48-qpsk-r1/2,w48,19,1,0,data,ok,18,18,9.0,159.4
mpd,8.0,0,ack-1f,w,3,3,0,ctl,ok,0,0,8.6,159.4
mpd,8.0,0,w48-16qam-r1/3,w48,19,2,1,data,ok,17,17,8.4,159.4
mpd,8.0,0,ack-1f,w,3,3,0,ctl,ok,0,0,13.1,159.4
mpd,8.0,0,w48-16qam-r1/3,w48,19,2,1,data,ok,17,17,9.6,159.4
mpd,8.0,0,ack-1f,w,2,2,0,ctl,ok,0,0,10.8,159.4
mpd,8.0,0,w48-16qam-r1/3,w48,19,1,0,data,ok,18,18,10.2,159.4
mpd,8.0,0,ack-1f,w,2,2,0,ctl,ok,0,0,8.5,159.4
mpd,8.0,0,w48-16qam-r1/3,w48,19,1,0,data,ctl_lost,18,7,7.4,159.4
mpd,8.0,0,ack-4f,w,2,2,0,ctl,ok,0,0,10.0,159.4
mpd,8.0,0,ack-4f,w,2,2,0,ctl,ok,0,0,11.0,159.4
mpd,8.0,0,w48-qpsk-r1/2,w48,19,1,0,data,ok,18,18,8.8,159.4
mpd,8.0,0,ack-1f,w,2,2,0,ctl,ok,0,0,7.4,159.4
mpd,8.0,0,w48-qpsk-r1/2,w48,19,1,0,data,ok,18,18,9.3,159.4
mpd,8.0,0,ack-1f,w,3,3,0,ctl,ok,0,0,9.8,159.4
mpd,8.0,0,w48-16qam-r1/3,w48,19,2,1,data,ok,17,16,8.4,159.4
mpd,8.0,0,ack-1f,w,4,4,0,ctl,ok,0,0,12.5,159.4
mpd,8.0,0,w48-16qam-r1/3,w48,19,2,1,data,ok,16,16,9.1,159.4
mpd,8.0,0,ack-1f,w,3,3,0,ctl,ok,0,0,7.6,159.4
mpd,8.0,0,w48-16qam-r1/3,w48,19,2,1,data,ok,17,15,8.0,159.4
mpd,8.0,0,ack-1f,w,4,4,0,ctl,ok,0,0,9.6,159.4
mpd,8.0,0,w48-16qam-r1/3,w48,19,2,1,data,ok,15,15,8.8,159.4
mpd,8.0,0,ack-1f,w,3,3,0,ctl,ok,0,0,11.0,159.4
mpd,8.0,0,w48-16qam-r1/3,w48,19,2,1,data,ok,17,1,7.3,159.4
mpd,8.0,0,ack-1f,w,3,3,0,ctl,ok,0,0,11.9,159.4
mpd,8.0,0,w48-qpsk-r1/2,w48,19,1,0,data,ok,18,18,8.9,159.4
mpd,8.0,0,ack-1f,w,2,2,0,ctl,ok,0,0,8.5,159.4
mpd,8.0,0,w48-qpsk-r1/2,w48,19,1,0,data,ok,18,18,9.4,159.4
mpd,8.0,0,ack-1f,w,3,3,0,ctl,ok,0,0,11.1,159.4
mpd,8.0,0,w48-16qam-r1/3,w48,19,2,1,data,ok,17,17,9.8,159.4
mpd,8.0,0,ack-1f,w,2,2,0,ctl,ok,0,0,10.0,159.4
mpd,8.0,0,w48-16qam-r1/3,w48,19,1,0,data,ok,18,18,8.8,159.4
mpd,8.0,0,ack-1f,w,2,2,0,ctl,ok,0,0,9.1,159.4
mpd,8.0,0,w48-16qam-r1/3,w48,19,1,0,data,ok,18,18,8.5,159.4
mpd,8.0,0,ack-1f,w,3,3,0,ctl,ok,0,0,8.1,159.4
mpd,8.0,0,w48-16qam-r1/3,w48,19,2,1,data,ok,17,17,9.9,159.4
mpd,8.0,0,ack-1f,w,2,2,0,ctl,ok,0,0,11.4,159.4
mpd,8.0,0,w48-16qam-r1/3,w48,19,1,0,data,ok,18,18,8.6,159.4
mpd,8.0,0,ack-1f,w,2,2,0,ctl,ok,0,0,10.9,159.4
mpd,8.0,0,w48-16qam-r1/3,w48,19,1,0,data,ok,18,18,9.3,159.4
mpd,8.0,0,ack-1f,w,2,2,0,ctl,ok,0,0,12.0,159.4
mpd,8.0,0,w48-16qam-r1/3,w48,19,1,0,data,ok,18,18,9.3,159.4
mpd,8.0,0,ack-1f,w,2,2,0,ctl,ok,0,0,11.8,159.4
mpd,8.0,0,w48-16qam-r1/3,w48,19,1,0,data,ok,18,18,8.0,159.4
mpd,8.0,0,ack-1f,w,3,3,0,ctl,ok,0,0,9.6,159.4
mpd,8.0,0,w48-16qam-r1/3,w48,19,2,1,data,ok,17,17,8.6,159.4
mpd,8.0,0,ack-1f,w,2,2,0,ctl,ok,0,0,13.0,159.4
mpd,8.0,0,w48-16qam-r1/3,w48,19,1,0,data,ok,18,18,9.1,159.4
mpd,8.0,0,ack-1f,w,2,2,0,ctl,ok,0,0,12.3,159.4
mpd,8.0,0,w48-16qam-r1/3,w48,19,1,0,data,ok,18,18,10.3,159.4
mpd,8.0,0,ack-1f,w,2,2,0,ctl,ok,0,0,11.0,159.4
mpd,8.0,0,w48-16qam-r1/3,w48,19,1,0,data,ok,18,18,9.3,159.4
mpd,8.0,0,ack-1f,w,2,2,0,ctl,ok,0,0,14.8,159.4
mpd,8.0,0,w48-16qam-r1/3,w48,19,1,0,data,ctl_lost,18,2,7.1,159.4
mpd,8.0,0,ack-4f,w,2,2,0,ctl,ok,0,0,9.4,159.4
mpd,8.0,0,ack-4f,w,3,3,0,ctl,ok,0,0,11.7,159.4
mpd,8.0,0,w48-qpsk-r1/2,w48,19,2,1,data,ok,17,17,8.0,159.4
mpd,8.0,0,ack-1f,w,2,2,0,ctl,ok,0,0,14.1,159.4
mpd,8.0,0,w48-qpsk-r1/2,w48,19,1,0,data,ok,18,18,8.7,159.4
mpd,8.0,0,ack-1f,w,3,3,0,ctl,ok,0,0,12.3,159.4
mpd,8.0,0,w48-16qam-r1/3,w48,19,2,1,data,ok,17,17,9.2,159.4
mpd,8.0,0,ack-1f,w,2,2,0,ctl,ok,0,0,12.8,159.4
mpd,8.0,0,w48-16qam-r1/3,w48,19,1,0,data,ctl_lost,18,4,7.5,159.4
mpd,8.0,0,ack-4f,w,2,2,0,ctl,ok,0,0,9.1,159.4
mpd,8.0,0,ack-4f,w,2,2,0,ctl,ok,0,0,12.4,159.4
mpd,8.0,0,w48-qpsk-r1/2,w48,19,1,0,data,ok,18,18,9.3,159.4
mpd,8.0,0,ack-1f,w,2,2,0,ctl,ok,0,0,8.5,159.4
mpd,8.0,0,w48-qpsk-r1/2,w48,19,1,0,data,ok,18,18,8.9,159.4
mpd,8.0,0,ack-1f,w,2,2,0,ctl,ok,0,0,10.7,159.4
mpd,8.0,0,w48-qpsk-r1/2,w48,19,1,0,data,ok,18,18,8.8,159.4
mpd,8.0,0,ack-1f,w,2,2,0,ctl,ok,0,0,6.9,159.4
mpd,8.0,0,w48-qpsk-r1/2,w48,19,1,0,data,ok,18,18,8.8,159.4
mpd,8.0,0,ack-1f,w,2,2,0,ctl,ok,0,0,12.9,159.4
mpd,8.0,0,w48-qpsk-r1/2,w48,19,1,0,data,ok,18,18,7.6,159.4
mpd,8.0,0,ack-1f,w,2,2,0,ctl,ok,0,0,9.6,159.4
mpd,8.0,0,w48-qpsk-r1/2,w48,19,1,0,data,ok,18,18,10.1,159.4
mpd,8.0,0,ack-1f,w,3,3,0,ctl,ok,0,0,11.2,159.4
mpd,8.0,0,w48-16qam-r1/3,w48,19,2,1,data,ok,17,17,8.3,159.4
mpd,8.0,0,ack-1f,w,3,3,0,ctl,ok,0,0,9.0,159.4
mpd,8.0,0,w48-16qam-r1/3,w48,19,2,1,data,ok,17,17,8.8,159.4
mpd,8.0,0,ack-1f,w,3,3,0,ctl,ok,0,0,10.5,159.4
mpd,8.0,0,w48-16qam-r1/3,w48,19,2,1,data,ok,17,17,10.2,159.4
mpd,8.0,0,ack-1f,w,2,2,0,ctl,ok,0,0,11.3,159.4
mpd,8.0,0,w48-16qam-r1/3,w48,19,1,0,data,ok,18,18,9.4,159.4
mpd,8.0,0,ack-1f,w,2,2,0,ctl,ok,0,0,11.3,159.4
mpd,8.0,0,w48-16qam-r1/3,w48,19,1,0,data,ok,18,18,8.6,159.4
mpd,0.0,11,qpsk-r1/5,w,1,1,0,ctl,ok,0,0,3.1,27.2
mpd,0.0,11,qpsk-r1/5,w,1,1,0,ctl,ok,0,0,2.7,27.2
mpd,0.0,11,ack-4f,w,3,3,0,ctl,ok,0,0,4.6,27.2
mpd,0.0,11,ack-1f,w,3,3,0,ctl,ok,0,0,4.6,27.2
mpd,0.0,11,qpsk-r1/2,w,9,2,1,data,ok,7,7,3.6,27.2
mpd,0.0,11,ack-1f,w,3,3,0,ctl,ctl_lost,0,0,-1.8,27.2
mpd,0.0,11,ack-4f,w,3,3,0,ctl,ok,0,0,1.2,27.2
mpd,0.0,11,ack-4f,w,3,3,0,ctl,ok,0,0,-0.1,27.2
mpd,0.0,11,qpsk-r1/2,w,9,2,1,data,ok,7,0,0.0,27.2
mpd,0.0,11,ack-4f,w,3,3,0,ctl,ok,0,0,3.1,27.2
mpd,0.0,11,qpsk-r1/5,w,9,2,1,data,ok,7,7,3.5,27.2
mpd,0.0,11,ack-4f,w,2,2,0,ctl,ok,0,0,2.8,27.2
mpd,0.0,11,qpsk-r1/5,w,9,1,0,data,ok,8,8,2.2,27.2
mpd,0.0,11,ack-4f,w,3,3,0,ctl,ok,0,0,3.0,27.2
mpd,0.0,11,qpsk-r1/2,w,9,2,1,data,ok,7,6,3.0,27.2
mpd,0.0,11,ack-4f,w,3,3,0,ctl,ok,0,0,4.6,27.2
mpd,0.0,11,qpsk-r1/2,w,9,2,1,data,ok,7,0,2.2,27.2
mpd,0.0,11,ack-4f,w,3,3,0,ctl,ok,0,0,0.4,27.2
mpd,0.0,11,qpsk-r1/2,w,9,2,1,data,ok,0,0,2.6,27.2
mpd,0.0,11,ack-4f,w,3,3,0,ctl,ok,0,0,2.9,27.2
mpd,0.0,11,qpsk-r1/2,w,9,2,1,data,ok,7,0,2.0,27.2
mpd,0.0,11,ack-4f,w,3,3,0,ctl,ok,0,0,0.8,27.2
mpd,0.0,11,qpsk-r1/2,w,9,2,1,data,ok,0,0,3.5,27.2
mpd,0.0,11,ack-4f,w,3,3,0,ctl,ok,0,0,2.1,27.2
mpd,0.0,11,qpsk-r1/2,w,9,2,1,data,ok,7,0,1.7,27.2
mpd,0.0,11,ack-4f,w,3,3,0,ctl,ok,0,0,3.6,27.2
mpd,0.0,11,qpsk-r1/2,w,9,2,1,data,ok,0,0,3.2,27.2
mpd,0.0,11,ack-4f,w,3,3,0,ctl,ok,0,0,4.5,27.2
mpd,0.0,11,qpsk-r1/2,w,9,2,1,data,ok,7,7,3.2,27.2
mpd,0.0,11,ack-4f,w,2,2,0,ctl,ok,0,0,1.4,27.2
mpd,0.0,11,qpsk-r1/2,w,9,1,0,data,ctl_lost,8,0,1.2,27.2
mpd,0.0,11,ack-4f,w,3,3,0,ctl,ok,0,0,4.0,27.2
mpd,0.0,11,ack-4f,w,3,3,0,ctl,ok,0,0,5.8,27.2
mpd,0.0,11,qpsk-r1/2,w,9,2,1,data,ok,7,0,0.9,27.2
mpd,0.0,11,ack-4f,w,3,3,0,ctl,ok,0,0,4.6,27.2
mpd,0.0,11,qpsk-r1/2,w,9,2,1,data,ok,0,0,2.4,27.2
mpd,0.0,11,ack-4f,w,3,3,0,ctl,ok,0,0,1.8,27.2
mpd,0.0,11,qpsk-r1/2,w,9,2,1,data,ok,7,0,2.3,27.2
mpd,0.0,11,ack-4f,w,3,3,0,ctl,ok,0,0,2.0,27.2
mpd,0.0,11,qpsk-r1/2,w,9,2,1,data,ok,0,0,-0.0,27.2
mpd,0.0,11,ack-4f,w,3,3,0,ctl,ok,0,0,1.6,27.2
mpd,0.0,11,qpsk-r1/2,w,9,2,1,data,ok,7,0,1.9,27.2
mpd,0.0,11,ack-4f,w,2,2,0,ctl,ok,0,0,1.0,27.2
mpd,0.0,11,qpsk-r1/5,w,9,1,0,data,ok,8,8,1.7,27.2
mpd,0.0,11,ack-4f,w,3,3,0,ctl,ok,0,0,2.2,27.2
mpd,0.0,11,qpsk-r1/2,w,9,2,1,data,ok,7,7,3.8,27.2
mpd,0.0,11,ack-4f,w,2,2,0,ctl,ok,0,0,4.7,27.2
mpd,0.0,11,qpsk-r1/2,w,9,1,0,data,ctl_lost,8,0,2.1,27.2
mpd,0.0,11,ack-4f,w,3,3,0,ctl,ok,0,0,3.2,27.2
mpd,0.0,11,ack-4f,w,3,3,0,ctl,ok,0,0,0.1,27.2
mpd,0.0,11,qpsk-r1/2,w,9,2,1,data,ok,7,3,2.8,27.2
mpd,0.0,11,ack-4f,w,3,3,0,ctl,ok,0,0,4.5,27.2
mpd,0.0,11,qpsk-r1/2,w,9,2,1,data,ok,4,0,0.3,27.2
mpd,0.0,11,ack-4f,w,3,3,0,ctl,ok,0,0,2.1,27.2
mpd,0.0,11,qpsk-r1/2,w,9,2,1,data,ok,3,0,2.0,27.2
mpd,0.0,11,ack-4f,w,2,2,0,ctl,ok,0,0,3.1,27.2
mpd,0.0,11,qpsk-r1/5,w,9,1,0,data,ok,8,8,2.2,27.2
mpd,0.0,11,ack-4f,w,3,3,0,ctl,ok,0,0,3.6,27.2
mpd,0.0,11,qpsk-r1/2,w,9,2,1,data,ok,7,7,4.1,27.2
mpd,0.0,11,ack-4f,w,2,2,0,ctl,ok,0,0,5.0,27.2
mpd,0.0,11,qpsk-r1/2,w,9,1,0,data,ctl_lost,8,0,2.8,27.2
mpd,0.0,11,ack-4f,w,3,3,0,ctl,ok,0,0,2.2,27.2
mpd,0.0,11,ack-4f,w,3,3,0,ctl,ok,0,0,4.1,27.2
mpd,0.0,11,qpsk-r1/2,w,9,2,1,data,ok,7,0,0.2,27.2
mpd,0.0,11,ack-4f,w,3,3,0,ctl,ok,0,0,3.9,27.2
mpd,0.0,11,qpsk-r1/2,w,9,2,1,data,ok,0,0,2.8,27.2
mpd,0.0,11,ack-4f,w,3,3,0,ctl,ok,0,0,5.0,27.2
mpd,0.0,11,qpsk-r1/2,w,9,2,1,data,ok,7,7,3.2,27.2
mpd,0.0,11,ack-4f,w,3,3,0,ctl,ok,0,0,0.7,27.2
mpd,0.0,11,qpsk-r1/2,w,9,2,1,data,ok,7,0,1.7,27.2
mpd,0.0,11,ack-4f,w,3,3,0,ctl,ok,0,0,4.2,27.2
mpd,0.0,11,qpsk-r1/2,w,9,2,1,data,ok,0,0,1.9,27.2
mpd,0.0,11,ack-4f,w,3,3,0,ctl,ok,0,0,4.3,27.2
mpd,0.0,11,qpsk-r1/2,w,9,2,1,data,ok,7,7,3.2,27.2
mpd,0.0,11,ack-4f,w,2,2,0,ctl,ok,0,0,-1.4,27.2
mpd,0.0,11,qpsk-r1/2,w,9,1,0,data,ctl_lost,8,2,3.1,27.2
mpd,0.0,11,ack-4f,w,3,3,0,ctl,ok,0,0,0.9,27.2
mpd,0.0,11,ack-4f,w,3,3,0,ctl,ok,0,0,3.2,27.2
mpd,0.0,11,qpsk-r1/2,w,9,2,1,data,ok,7,7,3.4,27.2
mpd,0.0,11,ack-4f,w,3,3,0,ctl,ok,0,0,5.0,27.2
mpd,0.0,11,qpsk-r1/2,w,9,2,1,data,ok,7,0,1.0,27.2
mpd,0.0,11,ack-4f,w,3,3,0,ctl,ok,0,0,2.3,27.2
mpd,0.0,11,qpsk-r1/2,w,9,2,1,data,ok,0,0,3.1,27.2
mpd,0.0,11,ack-4f,w,3,3,0,ctl,ok,0,0,4.2,27.2
mpd,0.0,11,qpsk-r1/2,w,9,2,1,data,ok,7,7,3.8,27.2
mpd,0.0,11,ack-4f,w,2,2,0,ctl,ok,0,0,2.2,27.2
mpd,0.0,11,qpsk-r1/2,w,9,1,0,data,ctl_lost,8,0,2.8,27.2
mpd,0.0,11,ack-4f,w,3,3,0,ctl,ok,0,0,0.3,27.2
mpd,0.0,11,ack-4f,w,3,3,0,ctl,ok,0,0,4.1,27.2
mpd,0.0,11,qpsk-r1/2,w,9,2,1,data,ok,7,0,0.4,27.2
mpd,0.0,11,ack-4f,w,3,3,0,ctl,ok,0,0,1.8,27.2
mpd,0.0,11,qpsk-r1/2,w,9,2,1,data,ok,0,0,2.9,27.2
mpd,8.0,1,qpsk-r1/5,w,1,1,0,ctl,ok,0,0,10.0,189.6
mpd,8.0,1,qpsk-r1/5,w,1,1,0,ctl,ok,0,0,10.9,189.6
mpd,8.0,1,ack-4f,w,3,3,0,ctl,ok,0,0,12.1,189.6
mpd,8.0,1,ack-1f,w,3,3,0,ctl,ok,0,0,7.5,189.6
mpd,8.0,1,w48-16qam-r1/3,w48,19,2,1,data,ok,17,17,8.1,189.6
mpd,8.0,1,ack-1f,w,2,2,0,ctl,ok,0,0,3.2,189.6
mpd,8.0,1,w48-qpsk-r1/2,w48,19,1,0,data,ok,18,18,9.3,189.6
mpd,8.0,1,ack-1f,w,3,3,0,ctl,ok,0,0,9.4,189.6
mpd,8.0,1,w48-16qam-r1/3,w48,19,2,1,data,ok,17,17,9.3,189.6
mpd,8.0,1,ack-1f,w,3,3,0,ctl,ok,0,0,10.2,189.6
mpd,8.0,1,w48-16qam-r1/3,w48,19,2,1,data,ok,17,17,8.4,189.6
mpd,8.0,1,ack-1f,w,3,3,0,ctl,ok,0,0,10.4,189.6
mpd,8.0,1,w48-16qam-r1/3,w48,19,2,1,data,ok,17,17,8.7,189.6
mpd,8.0,1,ack-1f,w,3,3,0,ctl,ok,0,0,9.8,189.6
mpd,8.0,1,w48-16qam-r1/3,w48,19,2,1,data,ok,17,17,10.2,189.6
mpd,8.0,1,ack-1f,w,2,2,0,ctl,ok,0,0,9.1,189.6
mpd,8.0,1,w48-16qam-r1/3,w48,19,1,0,data,ok,18,18,8.9,189.6
mpd,8.0,1,ack-1f,w,2,2,0,ctl,ok,0,0,10.2,189.6
mpd,8.0,1,w48-16qam-r1/3,w48,19,1,0,data,ok,18,18,9.7,189.6
mpd,8.0,1,ack-1f,w,2,2,0,ctl,ok,0,0,12.8,189.6
mpd,8.0,1,w48-16qam-r1/3,w48,19,1,0,data,ok,18,18,8.0,189.6
mpd,8.0,1,ack-1f,w,3,3,0,ctl,ok,0,0,7.1,189.6
mpd,8.0,1,w48-16qam-r1/3,w48,19,2,1,data,ok,17,2,7.2,189.6
mpd,8.0,1,ack-1f,w,4,4,0,ctl,ok,0,0,11.9,189.6
mpd,8.0,1,w48-16qam-r1/3,w48,19,2,1,data,ok,4,4,8.0,189.6
mpd,8.0,1,ack-1f,w,3,3,0,ctl,ok,0,0,10.9,189.6
mpd,8.0,1,w48-16qam-r1/3,w48,19,2,1,data,ok,17,11,7.7,189.6
mpd,8.0,1,ack-1f,w,4,4,0,ctl,ok,0,0,10.9,189.6
mpd,8.0,1,w48-16qam-r1/3,w48,19,2,1,data,ok,11,11,10.0,189.6
mpd,8.0,1,ack-1f,w,2,2,0,ctl,ok,0,0,9.8,189.6
mpd,8.0,1,w48-16qam-r1/3,w48,19,1,0,data,ok,18,18,10.0,189.6
mpd,8.0,1,ack-1f,w,2,2,0,ctl,ok,0,0,11.6,189.6
mpd,8.0,1,w48-16qam-r1/3,w48,19,1,0,data,ok,18,18,9.9,189.6
mpd,8.0,1,ack-1f,w,2,2,0,ctl,ok,0,0,10.2,189.6
mpd,8.0,1,w48-16qam-r1/3,w48,19,1,0,data,ok,18,18,9.5,189.6
mpd,8.0,1,ack-1f,w,2,2,0,ctl,ok,0,0,14.0,189.6
mpd,8.0,1,w48-16qam-r1/3,w48,19,1,0,data,ok,18,18,8.0,189.6
mpd,8.0,1,ack-1f,w,2,2,0,ctl,ok,0,0,10.9,189.6
mpd,8.0,1,w48-16qam-r1/3,w48,19,1,0,data,ok,18,18,9.2,189.6
mpd,8.0,1,ack-1f,w,2,2,0,ctl,ok,0,0,6.9,189.6
mpd,8.0,1,w48-16qam-r1/3,w48,19,1,0,data,ok,18,18,10.4,189.6
mpd,8.0,1,ack-1f,w,2,2,0,ctl,ok,0,0,11.4,189.6
mpd,8.0,1,w48-16qam-r1/3,w48,19,1,0,data,ok,18,18,9.1,189.6
mpd,8.0,1,ack-1f,w,2,2,0,ctl,ok,0,0,11.3,189.6
mpd,8.0,1,w48-16qam-r1/3,w48,19,1,0,data,ok,18,18,8.9,189.6
mpd,8.0,1,ack-1f,w,2,2,0,ctl,ok,0,0,13.3,189.6
mpd,8.0,1,w48-16qam-r1/3,w48,19,1,0,data,ok,18,18,8.7,189.6
mpd,8.0,1,ack-1f,w,2,2,0,ctl,ok,0,0,11.4,189.6
mpd,8.0,1,w48-16qam-r1/3,w48,19,1,0,data,ok,18,15,8.0,189.6
mpd,8.0,1,ack-1f,w,3,3,0,ctl,ok,0,0,14.7,189.6
mpd,8.0,1,w48-16qam-r1/3,w48,19,1,0,data,ok,15,15,9.4,189.6
mpd,8.0,1,ack-1f,w,2,2,0,ctl,ok,0,0,13.9,189.6
mpd,8.0,1,w48-16qam-r1/3,w48,19,1,0,data,ok,18,17,7.9,189.6
mpd,8.0,1,ack-1f,w,3,3,0,ctl,ok,0,0,8.6,189.6
mpd,8.0,1,w48-16qam-r1/3,w48,19,1,0,data,ok,17,17,7.9,189.6
mpd,8.0,1,ack-1f,w,2,2,0,ctl,ok,0,0,13.0,189.6
mpd,8.0,1,w48-16qam-r1/3,w48,19,1,0,data,ok,18,18,8.6,189.6
mpd,8.0,1,ack-1f,w,2,2,0,ctl,ok,0,0,10.5,189.6
mpd,8.0,1,w48-16qam-r1/3,w48,19,1,0,data,ok,18,16,8.1,189.6
mpd,8.0,1,ack-1f,w,3,3,0,ctl,ok,0,0,6.3,189.6
mpd,8.0,1,w48-16qam-r1/3,w48,19,1,0,data,ok,16,16,8.8,189.6
mpd,8.0,1,ack-1f,w,2,2,0,ctl,ok,0,0,8.2,189.6
mpd,8.0,1,w48-16qam-r1/3,w48,19,1,0,data,ok,18,18,9.8,189.6
mpd,8.0,1,ack-1f,w,2,2,0,ctl,ok,0,0,8.2,189.6
mpd,8.0,1,w48-16qam-r1/3,w48,19,1,0,data,ok,18,17,8.8,189.6
mpd,8.0,1,ack-1f,w,3,3,0,ctl,ok,0,0,9.2,189.6
mpd,8.0,1,w48-16qam-r1/3,w48,19,1,0,data,ok,17,17,9.0,189.6
mpd,8.0,1,ack-1f,w,2,2,0,ctl,ok,0,0,14.1,189.6
mpd,8.0,1,w48-16qam-r1/3,w48,19,1,0,data,ok,18,18,9.7,189.6
mpd,8.0,1,ack-1f,w,2,2,0,ctl,ok,0,0,14.6,189.6
mpd,8.0,1,w48-16qam-r1/3,w48,19,1,0,data,ok,18,18,8.2,189.6
mpd,8.0,1,ack-1f,w,2,2,0,ctl,ok,0,0,12.2,189.6
mpd,8.0,1,w48-16qam-r1/3,w48,19,1,0,data,ok,18,18,8.0,189.6
mpd,8.0,1,ack-1f,w,2,2,0,ctl,ok,0,0,10.6,189.6
mpd,8.0,1,w48-16qam-r1/3,w48,19,1,0,data,ok,18,18,9.7,189.6
mpd,8.0,1,ack-1f,w,2,2,0,ctl,ok,0,0,12.6,189.6
mpd,8.0,1,w48-16qam-r1/3,w48,19,1,0,data,ok,18,18,9.9,189.6
mpd,8.0,1,ack-1f,w,2,2,0,ctl,ok,0,0,14.6,189.6
mpd,8.0,1,w48-16qam-r1/3,w48,19,1,0,data,ok,18,17,8.2,189.6
mpd,8.0,1,ack-1f,w,3,3,0,ctl,ok,0,0,10.2,189.6
mpd,8.0,1,w48-16qam-r1/3,w48,19,1,0,data,ctl_lost,17,4,6.9,189.6
mpd,8.0,1,ack-4f,w,2,2,0,ctl,ok,0,0,12.0,189.6
mpd,8.0,1,ack-4f,w,3,3,0,ctl,ok,0,0,6.6,189.6
mpd,8.0,1,w48-16qam-r1/3,w48,19,1,0,data,ok,17,17,8.8,189.6
mpd,8.0,1,ack-1f,w,2,2,0,ctl,ok,0,0,9.9,189.6
mpd,8.0,1,w48-16qam-r1/3,w48,19,1,0,data,ok,18,18,9.2,189.6
mpd,8.0,1,ack-1f,w,2,2,0,ctl,ok,0,0,7.5,189.6
mpd,8.0,1,w48-16qam-r1/3,w48,19,1,0,data,ok,18,18,9.5,189.6
mpd,8.0,1,ack-1f,w,2,2,0,ctl,ok,0,0,12.0,189.6
mpd,8.0,1,w48-16qam-r1/3,w48,19,1,0,data,ok,18,18,8.7,189.6
mpd,8.0,1,ack-1f,w,2,2,0,ctl,ok,0,0,11.5,189.6
mpd,8.0,1,w48-16qam-r1/3,w48,19,1,0,data,ok,18,18,8.7,189.6
mpd,8.0,1,ack-1f,w,2,2,0,ctl,ok,0,0,11.1,189.6
mpd,8.0,1,w48-16qam-r1/3,w48,19,1,0,data,ok,18,18,8.3,189.6
mpd,8.0,5,qpsk-r1/5,w,1,1,0,ctl,ok,0,0,9.8,181.1
mpd,8.0,5,qpsk-r1/5,w,1,1,0,ctl,ok,0,0,11.2,181.1
mpd,8.0,5,ack-4f,w,2,2,0,ctl,ok,0,0,9.7,181.1
mpd,8.0,5,ack-1f,w,2,2,0,ctl,ok,0,0,7.8,181.1
mpd,8.0,5,w48-qpsk-r1/2,w48,19,1,0,data,ok,18,18,9.4,181.1
mpd,8.0,5,ack-1f,w,3,3,0,ctl,ok,0,0,11.9,181.1
mpd,8.0,5,w48-16qam-r1/3,w48,19,2,1,data,ok,17,17,9.6,181.1
mpd,8.0,5,ack-1f,w,2,2,0,ctl,ok,0,0,7.8,181.1
mpd,8.0,5,w48-16qam-r1/3,w48,19,1,0,data,ok,18,18,8.3,181.1
mpd,8.0,5,ack-1f,w,3,3,0,ctl,ok,0,0,11.1,181.1
mpd,8.0,5,w48-16qam-r1/3,w48,19,2,1,data,ok,17,17,8.0,181.1
mpd,8.0,5,ack-1f,w,2,2,0,ctl,ok,0,0,11.0,181.1
mpd,8.0,5,w48-qpsk-r1/2,w48,19,1,0,data,ok,18,18,8.8,181.1
mpd,8.0,5,ack-1f,w,3,3,0,ctl,ok,0,0,13.0,181.1
mpd,8.0,5,w48-16qam-r1/3,w48,19,2,1,data,ok,17,17,8.6,181.1
mpd,8.0,5,ack-1f,w,3,3,0,ctl,ok,0,0,12.3,181.1
mpd,8.0,5,w48-16qam-r1/3,w48,19,2,1,data,ok,17,17,9.1,181.1
mpd,8.0,5,ack-1f,w,3,3,0,ctl,ok,0,0,9.9,181.1
mpd,8.0,5,w48-16qam-r1/3,w48,19,2,1,data,ok,17,17,9.7,181.1
mpd,8.0,5,ack-1f,w,2,2,0,ctl,ok,0,0,10.7,181.1
mpd,8.0,5,w48-16qam-r1/3,w48,19,1,0,data,ok,18,18,8.3,181.1
mpd,8.0,5,ack-1f,w,3,3,0,ctl,ok,0,0,11.4,181.1
mpd,8.0,5,w48-16qam-r1/3,w48,19,2,1,data,ok,17,17,8.6,181.1
mpd,8.0,5,ack-1f,w,3,3,0,ctl,ok,0,0,10.5,181.1
mpd,8.0,5,w48-16qam-r1/3,w48,19,2,1,data,ok,17,17,8.7,181.1
mpd,8.0,5,ack-1f,w,2,2,0,ctl,ok,0,0,9.6,181.1
mpd,8.0,5,w48-16qam-r1/3,w48,19,1,0,data,ok,18,18,8.3,181.1
mpd,8.0,5,ack-1f,w,3,3,0,ctl,ok,0,0,11.7,181.1
mpd,8.0,5,w48-16qam-r1/3,w48,19,2,1,data,ok,17,17,9.0,181.1
mpd,8.0,5,ack-1f,w,2,2,0,ctl,ok,0,0,14.5,181.1
mpd,8.0,5,w48-16qam-r1/3,w48,19,1,0,data,ok,18,18,10.4,181.1
mpd,8.0,5,ack-1f,w,2,2,0,ctl,ok,0,0,6.4,181.1
mpd,8.0,5,w48-16qam-r1/3,w48,19,1,0,data,ok,18,18,9.7,181.1
mpd,8.0,5,ack-1f,w,2,2,0,ctl,ok,0,0,10.0,181.1
mpd,8.0,5,w48-16qam-r1/3,w48,19,1,0,data,ok,18,18,7.9,181.1
mpd,8.0,5,ack-1f,w,2,2,0,ctl,ok,0,0,8.9,181.1
mpd,8.0,5,w48-16qam-r1/3,w48,19,1,0,data,ok,18,18,9.9,181.1
mpd,8.0,5,ack-1f,w,2,2,0,ctl,ok,0,0,8.7,181.1
mpd,8.0,5,w48-16qam-r1/3,w48,19,1,0,data,ok,18,18,8.7,181.1
mpd,8.0,5,ack-1f,w,2,2,0,ctl,ok,0,0,11.4,181.1
mpd,8.0,5,w48-16qam-r1/3,w48,19,1,0,data,ok,18,18,9.6,181.1
mpd,8.0,5,ack-1f,w,2,2,0,ctl,ok,0,0,13.5,181.1
mpd,8.0,5,w48-16qam-r1/3,w48,19,1,0,data,ok,18,18,9.2,181.1
mpd,8.0,5,ack-1f,w,2,2,0,ctl,ok,0,0,11.5,181.1
mpd,8.0,5,w48-16qam-r1/3,w48,19,1,0,data,ok,18,18,9.7,181.1
mpd,8.0,5,ack-1f,w,2,2,0,ctl,ok,0,0,13.6,181.1
mpd,8.0,5,w48-16qam-r1/3,w48,19,1,0,data,ok,18,18,9.6,181.1
mpd,8.0,5,ack-1f,w,2,2,0,ctl,ok,0,0,11.2,181.1
mpd,8.0,5,w48-16qam-r1/3,w48,19,1,0,data,ok,18,18,9.7,181.1
mpd,8.0,5,ack-1f,w,2,2,0,ctl,ok,0,0,6.3,181.1
mpd,8.0,5,w48-16qam-r1/3,w48,19,1,0,data,ok,18,18,8.2,181.1
mpd,8.0,5,ack-1f,w,2,2,0,ctl,ok,0,0,8.8,181.1
mpd,8.0,5,w48-16qam-r1/3,w48,19,1,0,data,ok,18,18,9.3,181.1
mpd,8.0,5,ack-1f,w,2,2,0,ctl,ok,0,0,8.1,181.1
mpd,8.0,5,w48-16qam-r1/3,w48,19,1,0,data,ok,18,18,8.4,181.1
mpd,8.0,5,ack-1f,w,2,2,0,ctl,ok,0,0,9.6,181.1
mpd,8.0,5,w48-16qam-r1/3,w48,19,1,0,data,ctl_lost,18,0,7.1,181.1
mpd,8.0,5,ack-4f,w,2,2,0,ctl,ok,0,0,10.5,181.1
mpd,8.0,5,ack-4f,w,3,3,0,ctl,ok,0,0,12.0,181.1
mpd,8.0,5,w48-16qam-r1/3,w48,19,2,1,data,ok,17,17,8.8,181.1
mpd,8.0,5,ack-1f,w,3,3,0,ctl,ok,0,0,11.5,181.1
mpd,8.0,5,w48-16qam-r1/3,w48,19,2,1,data,ok,17,17,9.4,181.1
mpd,8.0,5,ack-1f,w,2,2,0,ctl,ok,0,0,10.0,181.1
mpd,8.0,5,w48-16qam-r1/3,w48,19,1,0,data,ok,18,18,9.3,181.1
mpd,8.0,5,ack-1f,w,2,2,0,ctl,ok,0,0,11.4,181.1
mpd,8.0,5,w48-16qam-r1/3,w48,19,1,0,data,ok,18,18,8.4,181.1
mpd,8.0,5,ack-1f,w,2,2,0,ctl,ok,0,0,7.5,181.1
mpd,8.0,5,w48-16qam-r1/3,w48,19,1,0,data,ok,18,15,8.2,181.1
mpd,8.0,5,ack-1f,w,4,4,0,ctl,ok,0,0,13.9,181.1
mpd,8.0,5,w48-16qam-r1/3,w48,19,2,1,data,ok,14,14,9.3,181.1
mpd,8.0,5,ack-1f,w,2,2,0,ctl,ok,0,0,12.9,181.1
mpd,8.0,5,w48-16qam-r1/3,w48,19,1,0,data,ok,18,18,9.4,181.1
mpd,8.0,5,ack-1f,w,2,2,0,ctl,ok,0,0,11.2,181.1
mpd,8.0,5,w48-16qam-r1/3,w48,19,1,0,data,ok,18,18,8.1,181.1
mpd,8.0,5,ack-1f,w,2,2,0,ctl,ok,0,0,10.5,181.1
mpd,8.0,5,w48-16qam-r1/3,w48,19,1,0,data,ok,18,18,8.9,181.1
mpd,8.0,5,ack-1f,w,2,2,0,ctl,ok,0,0,12.8,181.1
mpd,8.0,5,w48-16qam-r1/3,w48,19,1,0,data,ok,18,18,9.0,181.1
mpd,8.0,5,ack-1f,w,2,2,0,ctl,ok,0,0,9.3,181.1
mpd,8.0,5,w48-16qam-r1/3,w48,19,1,0,data,ok,18,18,9.2,181.1
mpd,8.0,5,ack-1f,w,2,2,0,ctl,ok,0,0,9.0,181.1
mpd,8.0,5,w48-16qam-r1/3,w48,19,1,0,data,ok,18,18,8.4,181.1
mpd,8.0,5,ack-1f,w,2,2,0,ctl,ok,0,0,13.0,181.1
mpd,8.0,5,w48-16qam-r1/3,w48,19,1,0,data,ok,18,18,9.3,181.1
mpd,8.0,5,ack-1f,w,2,2,0,ctl,ok,0,0,11.6,181.1
mpd,8.0,5,w48-16qam-r1/3,w48,19,1,0,data,ctl_lost,18,6,7.8,181.1
mpd,8.0,5,ack-4f,w,3,3,0,ctl,ok,0,0,8.1,181.1
mpd,8.0,5,ack-4f,w,3,3,0,ctl,ok,0,0,11.6,181.1
mpd,8.0,5,w48-qpsk-r1/2,w48,19,2,1,data,ok,17,17,9.6,181.1
mpd,8.0,5,ack-1f,w,2,2,0,ctl,ok,0,0,12.1,181.1
mpd,8.0,5,w48-16qam-r1/3,w48,19,1,0,data,ok,18,17,8.1,181.1
mpd,8.0,5,ack-1f,w,3,3,0,ctl,ok,0,0,11.6,181.1
mpd,8.0,5,w48-16qam-r1/3,w48,19,2,1,data,ok,16,16,8.5,181.1
mpd,8.0,6,qpsk-r1/5,w,1,1,0,ctl,ok,0,0,11.6,175.1
mpd,8.0,6,qpsk-r1/5,w,1,1,0,ctl,ok,0,0,8.3,175.1
mpd,8.0,6,ack-4f,w,3,3,0,ctl,ok,0,0,10.5,175.1
mpd,8.0,6,ack-1f,w,3,3,0,ctl,ok,0,0,10.3,175.1
mpd,8.0,6,w48-16qam-r1/3,w48,19,2,1,data,ok,17,17,9.9,175.1
mpd,8.0,6,ack-1f,w,3,3,0,ctl,ok,0,0,12.0,175.1
mpd,8.0,6,w48-16qam-r1/3,w48,19,2,1,data,ok,17,17,9.2,175.1
mpd,8.0,6,ack-1f,w,2,2,0,ctl,ok,0,0,8.7,175.1
mpd,8.0,6,w48-16qam-r1/3,w48,19,1,0,data,ok,18,18,9.2,175.1
mpd,8.0,6,ack-1f,w,2,2,0,ctl,ok,0,0,8.6,175.1
mpd,8.0,6,w48-16qam-r1/3,w48,19,1,0,data,ok,18,18,9.4,175.1
mpd,8.0,6,ack-1f,w,2,2,0,ctl,ok,0,0,10.4,175.1
mpd,8.0,6,w48-16qam-r1/3,w48,19,1,0,data,ok,18,18,8.4,175.1
mpd,8.0,6,ack-1f,w,3,3,0,ctl,ok,0,0,12.3,175.1
mpd,8.0,6,w48-16qam-r1/3,w48,19,2,1,data,ok,17,17,8.8,175.1
mpd,8.0,6,ack-1f,w,3,3,0,ctl,ok,0,0,9.2,175.1
mpd,8.0,6,w48-16qam-r1/3,w48,19,2,1,data,ok,17,17,8.9,175.1
mpd,8.0,6,ack-1f,w,2,2,0,ctl,ok,0,0,14.6,175.1
mpd,8.0,6,w48-16qam-r1/3,w48,19,1,0,data,ok,18,18,8.2,175.1
mpd,8.0,6,ack-1f,w,3,3,0,ctl,ok,0,0,11.8,175.1
mpd,8.0,6,w48-16qam-r1/3,w48,19,2,1,data,ok,17,17,9.2,175.1
mpd,8.0,6,ack-1f,w,2,2,0,ctl,ok,0,0,6.2,175.1
mpd,8.0,6,w48-16qam-r1/3,w48,19,1,0,data,ok,18,17,7.9,175.1
mpd,8.0,6,ack-1f,w,3,3,0,ctl,ok,0,0,10.4,175.1
mpd,8.0,6,w48-16qam-r1/3,w48,19,2,1,data,ok,16,0,6.9,175.1
mpd,8.0,6,ack-1f,w,3,3,0,ctl,ok,0,0,10.0,175.1
mpd,8.0,6,w48-qpsk-r1/2,w48,19,2,1,data,ok,17,17,8.2,175.1
mpd,8.0,6,ack-1f,w,3,3,0,ctl,ok,0,0,9.5,175.1
mpd,8.0,6,w48-16qam-r1/3,w48,19,2,1,data,ok,17,4,7.3,175.1
mpd,8.0,6,ack-1f,w,4,4,0,ctl,ok,0,0,12.1,175.1
mpd,8.0,6,w48-16qam-r1/3,w48,19,2,1,data,ok,4,4,9.9,175.1
mpd,8.0,6,ack-1f,w,2,2,0,ctl,ok,0,0,9.8,175.1
mpd,8.0,6,w48-16qam-r1/3,w48,19,1,0,data,ok,18,18,9.4,175.1
mpd,8.0,6,ack-1f,w,2,2,0,ctl,ok,0,0,12.1,175.1
mpd,8.0,6,w48-16qam-r1/3,w48,19,1,0,data,ok,18,18,9.2,175.1
mpd,8.0,6,ack-1f,w,2,2,0,ctl,ok,0,0,9.4,175.1
mpd,8.0,6,w48-16qam-r1/3,w48,19,1,0,data,ok,18,18,8.4,175.1
mpd,8.0,6,ack-1f,w,2,2,0,ctl,ok,0,0,10.7,175.1
mpd,8.0,6,w48-16qam-r1/3,w48,19,1,0,data,ok,18,18,9.1,175.1
mpd,8.0,6,ack-1f,w,2,2,0,ctl,ok,0,0,13.5,175.1
mpd,8.0,6,w48-16qam-r1/3,w48,19,1,0,data,ok,18,18,9.3,175.1
mpd,8.0,6,ack-1f,w,2,2,0,ctl,ok,0,0,10.1,175.1
mpd,8.0,6,w48-16qam-r1/3,w48,19,1,0,data,ok,18,18,8.6,175.1
mpd,8.0,6,ack-1f,w,2,2,0,ctl,ok,0,0,11.7,175.1
mpd,8.0,6,w48-16qam-r1/3,w48,19,1,0,data,ctl_lost,18,8,7.8,175.1
mpd,8.0,6,ack-4f,w,2,2,0,ctl,ok,0,0,12.3,175.1
mpd,8.0,6,ack-4f,w,3,3,0,ctl,ok,0,0,8.8,175.1
mpd,8.0,6,w48-16qam-r1/3,w48,19,2,1,data,ok,17,16,8.2,175.1
mpd,8.0,6,ack-1f,w,3,3,0,ctl,ok,0,0,10.5,175.1
mpd,8.0,6,w48-16qam-r1/3,w48,19,2,1,data,ok,16,14,7.6,175.1
mpd,8.0,6,ack-1f,w,4,4,0,ctl,ok,0,0,10.5,175.1
mpd,8.0,6,w48-16qam-r1/3,w48,19,2,1,data,ok,15,13,8.3,175.1
mpd,8.0,6,ack-1f,w,3,3,0,ctl,ok,0,0,11.1,175.1
mpd,8.0,6,w48-16qam-r1/3,w48,19,2,1,data,ok,16,16,8.8,175.1
mpd,8.0,6,ack-1f,w,2,2,0,ctl,ok,0,0,10.3,175.1
mpd,8.0,6,w48-16qam-r1/3,w48,19,1,0,data,ctl_lost,18,1,7.4,175.1
mpd,8.0,6,ack-4f,w,2,2,0,ctl,ok,0,0,7.9,175.1
mpd,8.0,6,ack-4f,w,3,3,0,ctl,ok,0,0,10.0,175.1
mpd,8.0,6,w48-qpsk-r1/2,w48,19,2,1,data,ok,17,17,9.4,175.1
mpd,8.0,6,ack-1f,w,3,3,0,ctl,ok,0,0,10.6,175.1
mpd,8.0,6,w48-16qam-r1/3,w48,19,2,1,data,ok,17,17,9.2,175.1
mpd,8.0,6,ack-1f,w,3,3,0,ctl,ok,0,0,7.9,175.1
mpd,8.0,6,w48-16qam-r1/3,w48,19,2,1,data,ok,17,17,8.9,175.1
mpd,8.0,6,ack-1f,w,3,3,0,ctl,ok,0,0,13.4,175.1
mpd,8.0,6,w48-16qam-r1/3,w48,19,2,1,data,ok,17,17,7.9,175.1
mpd,8.0,6,ack-1f,w,3,3,0,ctl,ok,0,0,11.6,175.1
mpd,8.0,6,w48-16qam-r1/3,w48,19,2,1,data,ok,17,17,9.1,175.1
mpd,8.0,6,ack-1f,w,2,2,0,ctl,ok,0,0,12.9,175.1
mpd,8.0,6,w48-16qam-r1/3,w48,19,1,0,data,ok,18,18,8.1,175.1
mpd,8.0,6,ack-1f,w,3,3,0,ctl,ok,0,0,13.2,175.1
mpd,8.0,6,w48-16qam-r1/3,w48,19,2,1,data,ok,17,17,9.2,175.1
mpd,8.0,6,ack-1f,w,2,2,0,ctl,ok,0,0,11.7,175.1
mpd,8.0,6,w48-16qam-r1/3,w48,19,1,0,data,ok,18,18,9.3,175.1
mpd,8.0,6,ack-1f,w,2,2,0,ctl,ok,0,0,11.7,175.1
mpd,8.0,6,w48-16qam-r1/3,w48,19,1,0,data,ok,18,18,9.3,175.1
mpd,8.0,6,ack-1f,w,2,2,0,ctl,ok,0,0,12.6,175.1
mpd,8.0,6,w48-16qam-r1/3,w48,19,1,0,data,ok,18,18,8.8,175.1
mpd,8.0,6,ack-1f,w,2,2,0,ctl,ok,0,0,9.6,175.1
mpd,8.0,6,w48-16qam-r1/3,w48,19,1,0,data,ok,18,18,8.3,175.1
mpd,8.0,6,ack-1f,w,2,2,0,ctl,ok,0,0,7.5,175.1
mpd,8.0,6,w48-16qam-r1/3,w48,19,1,0,data,ok,18,18,9.4,175.1
mpd,8.0,6,ack-1f,w,2,2,0,ctl,ok,0,0,9.8,175.1
mpd,8.0,6,w48-16qam-r1/3,w48,19,1,0,data,ok,18,18,9.2,175.1
mpd,8.0,6,ack-1f,w,2,2,0,ctl,ok,0,0,12.5,175.1
mpd,8.0,6,w48-16qam-r1/3,w48,19,1,0,data,ok,18,18,9.8,175.1
mpd,8.0,6,ack-1f,w,2,2,0,ctl,ok,0,0,14.5,175.1
mpd,8.0,6,w48-16qam-r1/3,w48,19,1,0,data,ok,18,18,9.8,175.1
mpd,8.0,6,ack-1f,w,2,2,0,ctl,ok,0,0,11.2,175.1
mpd,8.0,6,w48-16qam-r1/3,w48,19,1,0,data,ok,18,18,8.5,175.1
mpd,8.0,6,ack-1f,w,2,2,0,ctl,ok,0,0,9.1,175.1
mpd,8.0,6,w48-16qam-r1/3,w48,19,1,0,data,ok,18,18,9.8,175.1
mpd,8.0,6,ack-1f,w,2,2,0,ctl,ok,0,0,9.0,175.1
mpd,8.0,6,w48-16qam-r1/3,w48,19,1,0,data,ok,18,18,10.0,175.1
mpd,8.0,7,qpsk-r1/5,w,1,1,0,ctl,ok,0,0,13.4,182.8
mpd,8.0,7,qpsk-r1/5,w,1,1,0,ctl,ok,0,0,14.3,182.8
mpd,8.0,7,ack-4f,w,2,2,0,ctl,ok,0,0,10.3,182.8
mpd,8.0,7,ack-1f,w,3,3,0,ctl,ok,0,0,12.2,182.8
mpd,8.0,7,w48-16qam-r1/3,w48,19,2,1,data,ok,17,17,9.5,182.8
mpd,8.0,7,ack-1f,w,3,3,0,ctl,ok,0,0,13.2,182.8
mpd,8.0,7,w48-16qam-r1/3,w48,19,2,1,data,ok,17,17,9.1,182.8
mpd,8.0,7,ack-1f,w,3,3,0,ctl,ok,0,0,10.0,182.8
mpd,8.0,7,w48-16qam-r1/3,w48,19,2,1,data,ok,17,17,9.1,182.8
mpd,8.0,7,ack-1f,w,3,3,0,ctl,ok,0,0,13.6,182.8
mpd,8.0,7,w48-16qam-r1/3,w48,19,2,1,data,ok,17,13,8.0,182.8
mpd,8.0,7,ack-1f,w,4,4,0,ctl,ok,0,0,11.1,182.8
mpd,8.0,7,w48-16qam-r1/3,w48,19,2,1,data,ok,13,13,8.7,182.8
mpd,8.0,7,ack-1f,w,3,3,0,ctl,ok,0,0,12.1,182.8
mpd,8.0,7,w48-16qam-r1/3,w48,19,2,1,data,ok,17,17,9.2,182.8
mpd,8.0,7,ack-1f,w,2,2,0,ctl,ok,0,0,12.6,182.8
mpd,8.0,7,w48-16qam-r1/3,w48,19,1,0,data,ok,18,18,8.4,182.8
mpd,8.0,7,ack-1f,w,3,3,0,ctl,ok,0,0,10.1,182.8
mpd,8.0,7,w48-16qam-r1/3,w48,19,2,1,data,ok,17,17,9.2,182.8
mpd,8.0,7,ack-1f,w,2,2,0,ctl,ok,0,0,12.4,182.8
mpd,8.0,7,w48-16qam-r1/3,w48,19,1,0,data,ok,18,18,9.5,182.8
mpd,8.0,7,ack-1f,w,2,2,0,ctl,ok,0,0,12.6,182.8
mpd,8.0,7,w48-16qam-r1/3,w48,19,1,0,data,ok,18,18,9.0,182.8
mpd,8.0,7,ack-1f,w,2,2,0,ctl,ok,0,0,9.3,182.8
mpd,8.0,7,w48-16qam-r1/3,w48,19,1,0,data,ok,18,12,7.5,182.8
mpd,8.0,7,ack-1f,w,4,4,0,ctl,ok,0,0,10.4,182.8
mpd,8.0,7,w48-16qam-r1/3,w48,19,2,1,data,ok,11,11,9.6,182.8
mpd,8.0,7,ack-1f,w,2,2,0,ctl,ok,0,0,10.4,182.8
mpd,8.0,7,w48-16qam-r1/3,w48,19,1,0,data,ctl_lost,18,0,7.4,182.8
mpd,8.0,7,ack-4f,w,3,3,0,ctl,ok,0,0,12.6,182.8
mpd,8.0,7,ack-4f,w,3,3,0,ctl,ok,0,0,11.6,182.8
mpd,8.0,7,w48-16qam-r1/3,w48,19,2,1,data,ok,17,17,8.9,182.8
mpd,8.0,7,ack-1f,w,3,3,0,ctl,ok,0,0,10.0,182.8
mpd,8.0,7,w48-16qam-r1/3,w48,19,2,1,data,ok,17,17,10.6,182.8
mpd,8.0,7,ack-1f,w,2,2,0,ctl,ok,0,0,10.5,182.8
mpd,8.0,7,w48-16qam-r1/3,w48,19,1,0,data,ok,18,18,9.0,182.8
mpd,8.0,7,ack-1f,w,2,2,0,ctl,ok,0,0,15.9,182.8
mpd,8.0,7,w48-16qam-r1/3,w48,19,1,0,data,ok,18,18,8.3,182.8
mpd,8.0,7,ack-1f,w,3,3,0,ctl,ok,0,0,11.5,182.8
mpd,8.0,7,w48-16qam-r1/3,w48,19,2,1,data,ok,17,17,8.7,182.8
mpd,8.0,7,ack-1f,w,3,3,0,ctl,ok,0,0,13.4,182.8
mpd,8.0,7,w48-16qam-r1/3,w48,19,2,1,data,ok,17,17,9.9,182.8
mpd,8.0,7,ack-1f,w,2,2,0,ctl,ok,0,0,10.6,182.8
mpd,8.0,7,w48-16qam-r1/3,w48,19,1,0,data,ok,18,18,8.4,182.8
mpd,8.0,7,ack-1f,w,2,2,0,ctl,ok,0,0,9.8,182.8
mpd,8.0,7,w48-16qam-r1/3,w48,19,1,0,data,ok,18,18,8.8,182.8
mpd,8.0,7,ack-1f,w,2,2,0,ctl,ok,0,0,8.6,182.8
mpd,8.0,7,w48-16qam-r1/3,w48,19,1,0,data,ok,18,18,9.4,182.8
mpd,8.0,7,ack-1f,w,2,2,0,ctl,ok,0,0,2.3,182.8
mpd,8.0,7,w48-16qam-r1/3,w48,19,1,0,data,ok,18,18,10.1,182.8
mpd,8.0,7,ack-1f,w,2,2,0,ctl,ok,0,0,11.6,182.8
mpd,8.0,7,w48-16qam-r1/3,w48,19,1,0,data,ok,18,18,10.1,182.8
mpd,8.0,7,ack-1f,w,2,2,0,ctl,ok,0,0,11.3,182.8
mpd,8.0,7,w48-16qam-r1/3,w48,19,1,0,data,ok,18,18,8.0,182.8
mpd,8.0,7,ack-1f,w,2,2,0,ctl,ok,0,0,11.3,182.8
mpd,8.0,7,w48-16qam-r1/3,w48,19,1,0,data,ok,18,18,9.5,182.8
mpd,8.0,7,ack-1f,w,2,2,0,ctl,ok,0,0,9.6,182.8
mpd,8.0,7,w48-16qam-r1/3,w48,19,1,0,data,ok,18,18,8.5,182.8
mpd,8.0,7,ack-1f,w,2,2,0,ctl,ok,0,0,11.7,182.8
mpd,8.0,7,w48-16qam-r1/3,w48,19,1,0,data,ok,18,18,8.7,182.8
mpd,8.0,7,ack-1f,w,2,2,0,ctl,ok,0,0,11.2,182.8
mpd,8.0,7,w48-16qam-r1/3,w48,19,1,0,data,ok,18,18,8.8,182.8
mpd,8.0,7,ack-1f,w,2,2,0,ctl,ok,0,0,9.7,182.8
mpd,8.0,7,w48-16qam-r1/3,w48,19,1,0,data,ok,18,18,9.1,182.8
mpd,8.0,7,ack-1f,w,2,2,0,ctl,ok,0,0,13.0,182.8
mpd,8.0,7,w48-16qam-r1/3,w48,19,1,0,data,ok,18,18,10.1,182.8
mpd,8.0,7,ack-1f,w,2,2,0,ctl,ok,0,0,10.6,182.8
mpd,8.0,7,w48-16qam-r1/3,w48,19,1,0,data,ok,18,18,9.6,182.8
mpd,8.0,7,ack-1f,w,2,2,0,ctl,ok,0,0,12.3,182.8
mpd,8.0,7,w48-16qam-r1/3,w48,19,1,0,data,ok,18,18,8.2,182.8
mpd,8.0,7,ack-1f,w,2,2,0,ctl,ok,0,0,11.8,182.8
mpd,8.0,7,w48-16qam-r1/3,w48,19,1,0,data,ok,18,18,10.6,182.8
mpd,8.0,7,ack-1f,w,2,2,0,ctl,ok,0,0,12.6,182.8
mpd,8.0,7,w48-16qam-r1/3,w48,19,1,0,data,ok,18,18,9.7,182.8
mpd,8.0,7,ack-1f,w,2,2,0,ctl,ok,0,0,9.9,182.8
mpd,8.0,7,w48-16qam-r1/3,w48,19,1,0,data,ctl_lost,18,7,7.7,182.8
mpd,8.0,7,ack-4f,w,2,2,0,ctl,ok,0,0,9.0,182.8
mpd,8.0,7,ack-4f,w,3,3,0,ctl,ok,0,0,11.9,182.8
mpd,8.0,7,w48-qpsk-r1/2,w48,19,2,1,data,ok,17,17,10.2,182.8
mpd,8.0,7,ack-1f,w,2,2,0,ctl,ok,0,0,9.4,182.8
mpd,8.0,7,w48-16qam-r1/3,w48,19,1,0,data,ok,18,18,10.1,182.8
mpd,8.0,7,ack-1f,w,2,2,0,ctl,ok,0,0,9.9,182.8
mpd,8.0,7,w48-16qam-r1/3,w48,19,1,0,data,ok,18,18,8.8,182.8
mpd,8.0,7,ack-1f,w,2,2,0,ctl,ok,0,0,11.5,182.8
mpd,8.0,7,w48-16qam-r1/3,w48,19,1,0,data,ok,18,15,8.0,182.8
mpd,8.0,7,ack-1f,w,3,3,0,ctl,ok,0,0,8.1,182.8
mpd,8.0,7,w48-16qam-r1/3,w48,19,2,1,data,ok,14,14,9.2,182.8
mpd,8.0,7,ack-1f,w,2,2,0,ctl,ok,0,0,14.6,182.8
mpd,8.0,7,w48-16qam-r1/3,w48,19,1,0,data,ok,18,18,9.5,182.8
mpd,8.0,7,ack-1f,w,2,2,0,ctl,ok,0,0,6.0,182.8
mpd,8.0,7,w48-16qam-r1/3,w48,19,1,0,data,ok,18,18,8.7,182.8
mpd,8.0,7,ack-1f,w,2,2,0,ctl,ok,0,0,10.3,182.8
mpd,8.0,7,w48-16qam-r1/3,w48,19,1,0,data,ok,18,18,9.1,182.8
mpd,8.0,4,qpsk-r1/5,w,1,1,0,ctl,ok,0,0,11.7,170.4
mpd,8.0,4,qpsk-r1/5,w,1,1,0,ctl,ok,0,0,13.3,170.4
mpd,8.0,4,ack-4f,w,2,2,0,ctl,ok,0,0,10.7,170.4
mpd,8.0,4,ack-1f,w,3,3,0,ctl,ok,0,0,10.2,170.4
mpd,8.0,4,w48-16qam-r1/3,w48,19,2,1,data,ok,17,7,7.7,170.4
mpd,8.0,4,ack-1f,w,4,4,0,ctl,ok,0,0,12.6,170.4
mpd,8.0,4,w48-16qam-r1/3,w48,19,2,1,data,ok,6,6,8.8,170.4
mpd,8.0,4,ack-1f,w,3,3,0,ctl,ok,0,0,12.1,170.4
mpd,8.0,4,w48-16qam-r1/3,w48,19,2,1,data,ok,17,17,9.9,170.4
mpd,8.0,4,ack-1f,w,2,2,0,ctl,ok,0,0,12.3,170.4
mpd,8.0,4,w48-16qam-r1/3,w48,19,1,0,data,ok,18,18,9.9,170.4
mpd,8.0,4,ack-1f,w,2,2,0,ctl,ok,0,0,9.1,170.4
mpd,8.0,4,w48-16qam-r1/3,w48,19,1,0,data,ok,18,18,9.7,170.4
mpd,8.0,4,ack-1f,w,2,2,0,ctl,ok,0,0,10.5,170.4
mpd,8.0,4,w48-16qam-r1/3,w48,19,1,0,data,ctl_lost,18,11,7.7,170.4
mpd,8.0,4,ack-4f,w,2,2,0,ctl,ok,0,0,9.2,170.4
mpd,8.0,4,ack-4f,w,3,3,0,ctl,ok,0,0,10.9,170.4
mpd,8.0,4,w48-qpsk-r1/2,w48,19,2,1,data,ok,17,17,9.9,170.4
mpd,8.0,4,ack-1f,w,3,3,0,ctl,ok,0,0,11.3,170.4
mpd,8.0,4,w48-16qam-r1/3,w48,19,2,1,data,ok,17,17,9.3,170.4
mpd,8.0,4,ack-1f,w,3,3,0,ctl,ok,0,0,9.7,170.4
mpd,8.0,4,w48-16qam-r1/3,w48,19,2,1,data,ok,17,17,8.7,170.4
mpd,8.0,4,ack-1f,w,3,3,0,ctl,ok,0,0,7.5,170.4
mpd,8.0,4,w48-16qam-r1/3,w48,19,2,1,data,ok,17,7,7.8,170.4
mpd,8.0,4,ack-1f,w,4,4,0,ctl,ok,0,0,8.9,170.4
mpd,8.0,4,w48-16qam-r1/3,w48,19,2,1,data,ok,8,8,9.2,170.4
mpd,8.0,4,ack-1f,w,3,3,0,ctl,ok,0,0,11.7,170.4
mpd,8.0,4,w48-16qam-r1/3,w48,19,2,1,data,ok,17,17,9.5,170.4
mpd,8.0,4,ack-1f,w,2,2,0,ctl,ok,0,0,8.7,170.4
mpd,8.0,4,w48-16qam-r1/3,w48,19,1,0,data,ok,18,17,7.8,170.4
mpd,8.0,4,ack-1f,w,3,3,0,ctl,ok,0,0,9.3,170.4
mpd,8.0,4,w48-16qam-r1/3,w48,19,2,1,data,ok,16,16,9.0,170.4
mpd,8.0,4,ack-1f,w,2,2,0,ctl,ok,0,0,6.0,170.4
mpd,8.0,4,w48-16qam-r1/3,w48,19,1,0,data,ok,18,18,8.5,170.4
mpd,8.0,4,ack-1f,w,3,3,0,ctl,ok,0,0,6.1,170.4
mpd,8.0,4,w48-16qam-r1/3,w48,19,2,1,data,ok,17,17,8.2,170.4
mpd,8.0,4,ack-1f,w,3,3,0,ctl,ok,0,0,13.7,170.4
mpd,8.0,4,w48-16qam-r1/3,w48,19,2,1,data,ok,17,17,9.7,170.4
mpd,8.0,4,ack-1f,w,2,2,0,ctl,ok,0,0,13.1,170.4
mpd,8.0,4,w48-16qam-r1/3,w48,19,1,0,data,ok,18,18,9.6,170.4
mpd,8.0,4,ack-1f,w,2,2,0,ctl,ok,0,0,11.2,170.4
mpd,8.0,4,w48-16qam-r1/3,w48,19,1,0,data,ok,18,18,9.3,170.4
mpd,8.0,4,ack-1f,w,2,2,0,ctl,ok,0,0,9.7,170.4
mpd,8.0,4,w48-16qam-r1/3,w48,19,1,0,data,ok,18,18,9.9,170.4
mpd,8.0,4,ack-1f,w,2,2,0,ctl,ok,0,0,13.1,170.4
mpd,8.0,4,w48-16qam-r1/3,w48,19,1,0,data,ok,18,15,8.1,170.4
mpd,8.0,4,ack-1f,w,3,3,0,ctl,ok,0,0,11.0,170.4
mpd,8.0,4,w48-16qam-r1/3,w48,19,1,0,data,ok,15,15,9.0,170.4
mpd,8.0,4,ack-1f,w,2,2,0,ctl,ok,0,0,13.4,170.4
mpd,8.0,4,w48-16qam-r1/3,w48,19,1,0,data,ctl_lost,18,6,7.7,170.4
mpd,8.0,4,ack-4f,w,2,2,0,ctl,ok,0,0,13.5,170.4
mpd,8.0,4,ack-4f,w,2,2,0,ctl,ok,0,0,11.6,170.4
mpd,8.0,4,w48-16qam-r1/3,w48,19,1,0,data,ok,18,18,8.5,170.4
mpd,8.0,4,ack-1f,w,3,3,0,ctl,ok,0,0,10.3,170.4
mpd,8.0,4,w48-16qam-r1/3,w48,19,2,1,data,ok,17,17,8.3,170.4
mpd,8.0,4,ack-1f,w,3,3,0,ctl,ok,0,0,5.9,170.4
mpd,8.0,4,w48-16qam-r1/3,w48,19,2,1,data,ok,17,17,8.7,170.4
mpd,8.0,4,ack-1f,w,3,3,0,ctl,ok,0,0,10.1,170.4
mpd,8.0,4,w48-16qam-r1/3,w48,19,2,1,data,ok,17,17,8.7,170.4
mpd,8.0,4,ack-1f,w,2,2,0,ctl,ok,0,0,11.2,170.4
mpd,8.0,4,w48-16qam-r1/3,w48,19,1,0,data,ok,18,18,9.3,170.4
mpd,8.0,4,ack-1f,w,2,2,0,ctl,ok,0,0,10.8,170.4
mpd,8.0,4,w48-16qam-r1/3,w48,19,1,0,data,ok,18,18,9.4,170.4
mpd,8.0,4,ack-1f,w,2,2,0,ctl,ok,0,0,7.8,170.4
mpd,8.0,4,w48-16qam-r1/3,w48,19,1,0,data,ok,18,18,7.9,170.4
mpd,8.0,4,ack-1f,w,2,2,0,ctl,ok,0,0,12.4,170.4
mpd,8.0,4,w48-16qam-r1/3,w48,19,1,0,data,ctl_lost,18,15,7.7,170.4
mpd,8.0,4,ack-4f,w,3,3,0,ctl,ok,0,0,11.1,170.4
mpd,8.0,4,ack-4f,w,3,3,0,ctl,ok,0,0,10.9,170.4
mpd,8.0,4,w48-16qam-r1/3,w48,19,2,1,data,ok,17,17,10.5,170.4
mpd,8.0,4,ack-1f,w,2,2,0,ctl,ok,0,0,13.3,170.4
mpd,8.0,4,w48-16qam-r1/3,w48,19,1,0,data,ok,18,18,7.9,170.4
mpd,8.0,4,ack-1f,w,3,3,0,ctl,ok,0,0,11.5,170.4
mpd,8.0,4,w48-16qam-r1/3,w48,19,2,1,data,ok,17,17,9.0,170.4
mpd,8.0,4,ack-1f,w,3,3,0,ctl,ok,0,0,11.9,170.4
mpd,8.0,4,w48-16qam-r1/3,w48,19,2,1,data,ok,17,17,9.8,170.4
mpd,8.0,4,ack-1f,w,2,2,0,ctl,ok,0,0,12.6,170.4
mpd,8.0,4,w48-16qam-r1/3,w48,19,1,0,data,ok,18,5,7.1,170.4
mpd,8.0,4,ack-1f,w,4,4,0,ctl,ok,0,0,9.5,170.4
mpd,8.0,4,w48-16qam-r1/3,w48,19,2,1,data,ok,4,4,9.2,170.4
mpd,8.0,4,ack-1f,w,2,2,0,ctl,ok,0,0,7.8,170.4
mpd,8.0,4,w48-16qam-r1/3,w48,19,1,0,data,ok,18,18,8.9,170.4
mpd,8.0,4,ack-1f,w,2,2,0,ctl,ok,0,0,10.8,170.4
mpd,8.0,4,w48-16qam-r1/3,w48,19,1,0,data,ok,18,18,9.0,170.4
mpd,8.0,4,ack-1f,w,2,2,0,ctl,ok,0,0,10.9,170.4
mpd,8.0,4,w48-16qam-r1/3,w48,19,1,0,data,ok,18,18,9.2,170.4
mpd,8.0,4,ack-1f,w,2,2,0,ctl,ok,0,0,11.1,170.4
mpd,8.0,4,w48-16qam-r1/3,w48,19,1,0,data,ok,18,18,9.6,170.4
mpd,8.0,4,ack-1f,w,2,2,0,ctl,ok,0,0,6.0,170.4
mpd,8.0,4,w48-16qam-r1/3,w48,19,1,0,data,ok,18,18,9.6,170.4
mpd,8.0,4,ack-1f,w,2,2,0,ctl,ok,0,0,8.8,170.4
mpd,8.0,4,w48-16qam-r1/3,w48,19,1,0,data,ok,18,18,9.2,170.4
mpd,8.0,4,ack-1f,w,2,2,0,ctl,ok,0,0,11.0,170.4
mpd,8.0,4,w48-16qam-r1/3,w48,19,1,0,data,ok,18,18,9.9,170.4
mpd,8.0,8,qpsk-r1/5,w,1,1,0,ctl,ok,0,0,10.3,183.2
mpd,8.0,8,qpsk-r1/5,w,1,1,0,ctl,ok,0,0,12.8,183.2
mpd,8.0,8,ack-4f,w,2,2,0,ctl,ok,0,0,10.6,183.2
mpd,8.0,8,ack-1f,w,2,2,0,ctl,ok,0,0,11.3,183.2
mpd,8.0,8,w48-qpsk-r1/2,w48,19,1,0,data,ok,18,18,9.7,183.2
mpd,8.0,8,ack-1f,w,3,3,0,ctl,ok,0,0,9.6,183.2
mpd,8.0,8,w48-16qam-r1/3,w48,19,2,1,data,ok,17,17,8.4,183.2
mpd,8.0,8,ack-1f,w,3,3,0,ctl,ok,0,0,10.0,183.2
mpd,8.0,8,w48-16qam-r1/3,w48,19,2,1,data,ok,17,12,7.6,183.2
mpd,8.0,8,ack-1f,w,4,4,0,ctl,ok,0,0,8.3,183.2
mpd,8.0,8,w48-16qam-r1/3,w48,19,2,1,data,ok,12,12,8.1,183.2
mpd,8.0,8,ack-1f,w,2,2,0,ctl,ok,0,0,11.0,183.2
mpd,8.0,8,w48-qpsk-r1/2,w48,19,1,0,data,ok,18,18,9.5,183.2
mpd,8.0,8,ack-1f,w,2,2,0,ctl,ok,0,0,9.2,183.2
mpd,8.0,8,w48-16qam-r1/3,w48,19,1,0,data,ok,18,18,9.1,183.2
mpd,8.0,8,ack-1f,w,2,2,0,ctl,ok,0,0,15.2,183.2
mpd,8.0,8,w48-16qam-r1/3,w48,19,1,0,data,ok,18,18,9.7,183.2
mpd,8.0,8,ack-1f,w,2,2,0,ctl,ok,0,0,11.1,183.2
mpd,8.0,8,w48-16qam-r1/3,w48,19,1,0,data,ok,18,18,9.3,183.2
mpd,8.0,8,ack-1f,w,2,2,0,ctl,ok,0,0,9.4,183.2
mpd,8.0,8,w48-16qam-r1/3,w48,19,1,0,data,ok,18,18,9.2,183.2
mpd,8.0,8,ack-1f,w,2,2,0,ctl,ok,0,0,11.1,183.2
mpd,8.0,8,w48-16qam-r1/3,w48,19,1,0,data,ok,18,18,9.7,183.2
mpd,8.0,8,ack-1f,w,2,2,0,ctl,ok,0,0,12.0,183.2
mpd,8.0,8,w48-16qam-r1/3,w48,19,1,0,data,ctl_lost,18,4,7.7,183.2
mpd,8.0,8,ack-4f,w,2,2,0,ctl,ok,0,0,12.1,183.2
mpd,8.0,8,ack-4f,w,3,3,0,ctl,ok,0,0,11.0,183.2
mpd,8.0,8,w48-16qam-r1/3,w48,19,2,1,data,ok,17,17,8.6,183.2
mpd,8.0,8,ack-1f,w,3,3,0,ctl,ok,0,0,10.9,183.2
mpd,8.0,8,w48-16qam-r1/3,w48,19,2,1,data,ok,17,17,9.2,183.2
mpd,8.0,8,ack-1f,w,3,3,0,ctl,ok,0,0,14.3,183.2
mpd,8.0,8,w48-16qam-r1/3,w48,19,2,1,data,ok,17,17,8.3,183.2
mpd,8.0,8,ack-1f,w,3,3,0,ctl,ok,0,0,9.5,183.2
mpd,8.0,8,w48-16qam-r1/3,w48,19,2,1,data,ok,17,17,8.6,183.2
mpd,8.0,8,ack-1f,w,3,3,0,ctl,ok,0,0,5.6,183.2
mpd,8.0,8,w48-16qam-r1/3,w48,19,2,1,data,ok,17,17,8.6,183.2
mpd,8.0,8,ack-1f,w,3,3,0,ctl,ok,0,0,7.8,183.2
mpd,8.0,8,w48-16qam-r1/3,w48,19,2,1,data,ok,17,17,8.3,183.2
mpd,8.0,8,ack-1f,w,3,3,0,ctl,ok,0,0,9.4,183.2
mpd,8.0,8,w48-16qam-r1/3,w48,19,2,1,data,ok,17,17,9.7,183.2
mpd,8.0,8,ack-1f,w,2,2,0,ctl,ok,0,0,11.5,183.2
mpd,8.0,8,w48-16qam-r1/3,w48,19,1,0,data,ok,18,18,8.8,183.2
mpd,8.0,8,ack-1f,w,2,2,0,ctl,ok,0,0,12.0,183.2
mpd,8.0,8,w48-16qam-r1/3,w48,19,1,0,data,ok,18,18,9.2,183.2
mpd,8.0,8,ack-1f,w,2,2,0,ctl,ok,0,0,11.6,183.2
mpd,8.0,8,w48-16qam-r1/3,w48,19,1,0,data,ok,18,18,9.0,183.2
mpd,8.0,8,ack-1f,w,2,2,0,ctl,ok,0,0,11.1,183.2
mpd,8.0,8,w48-16qam-r1/3,w48,19,1,0,data,ok,18,18,9.1,183.2
mpd,8.0,8,ack-1f,w,2,2,0,ctl,ok,0,0,12.6,183.2
mpd,8.0,8,w48-16qam-r1/3,w48,19,1,0,data,ok,18,18,10.1,183.2
mpd,8.0,8,ack-1f,w,2,2,0,ctl,ok,0,0,10.3,183.2
mpd,8.0,8,w48-16qam-r1/3,w48,19,1,0,data,ok,18,18,9.4,183.2
mpd,8.0,8,ack-1f,w,2,2,0,ctl,ok,0,0,11.9,183.2
mpd,8.0,8,w48-16qam-r1/3,w48,19,1,0,data,ok,18,18,9.1,183.2
mpd,8.0,8,ack-1f,w,2,2,0,ctl,ok,0,0,15.1,183.2
mpd,8.0,8,w48-16qam-r1/3,w48,19,1,0,data,ok,18,18,9.9,183.2
mpd,8.0,8,ack-1f,w,2,2,0,ctl,ok,0,0,9.7,183.2
mpd,8.0,8,w48-16qam-r1/3,w48,19,1,0,data,ok,18,18,9.5,183.2
mpd,8.0,8,ack-1f,w,2,2,0,ctl,ok,0,0,8.0,183.2
mpd,8.0,8,w48-16qam-r1/3,w48,19,1,0,data,ok,18,18,9.1,183.2
mpd,8.0,8,ack-1f,w,2,2,0,ctl,ok,0,0,11.1,183.2
mpd,8.0,8,w48-16qam-r1/3,w48,19,1,0,data,ok,18,18,8.9,183.2
mpd,8.0,8,ack-1f,w,2,2,0,ctl,ok,0,0,11.7,183.2
mpd,8.0,8,w48-16qam-r1/3,w48,19,1,0,data,ok,18,18,8.4,183.2
mpd,8.0,8,ack-1f,w,2,2,0,ctl,ok,0,0,8.3,183.2
mpd,8.0,8,w48-16qam-r1/3,w48,19,1,0,data,ok,18,18,9.0,183.2
mpd,8.0,8,ack-1f,w,2,2,0,ctl,ok,0,0,9.3,183.2
mpd,8.0,8,w48-16qam-r1/3,w48,19,1,0,data,ok,18,15,8.0,183.2
mpd,8.0,8,ack-1f,w,3,3,0,ctl,ok,0,0,12.0,183.2
mpd,8.0,8,w48-16qam-r1/3,w48,19,1,0,data,ok,15,15,8.0,183.2
mpd,8.0,8,ack-1f,w,2,2,0,ctl,ok,0,0,11.3,183.2
mpd,8.0,8,w48-16qam-r1/3,w48,19,1,0,data,ok,18,18,9.2,183.2
mpd,8.0,8,ack-1f,w,2,2,0,ctl,ok,0,0,11.4,183.2
mpd,8.0,8,w48-16qam-r1/3,w48,19,1,0,data,ok,18,18,8.9,183.2
mpd,8.0,8,ack-1f,w,2,2,0,ctl,ok,0,0,9.6,183.2
mpd,8.0,8,w48-16qam-r1/3,w48,19,1,0,data,ok,18,18,9.0,183.2
mpd,8.0,8,ack-1f,w,2,2,0,ctl,ok,0,0,9.7,183.2
mpd,8.0,8,w48-16qam-r1/3,w48,19,1,0,data,ok,18,18,9.4,183.2
mpd,8.0,8,ack-1f,w,2,2,0,ctl,ok,0,0,10.4,183.2
mpd,8.0,8,w48-16qam-r1/3,w48,19,1,0,data,ok,18,18,8.9,183.2
mpd,8.0,8,ack-1f,w,2,2,0,ctl,ok,0,0,11.7,183.2
mpd,8.0,8,w48-16qam-r1/3,w48,19,1,0,data,ctl_lost,18,12,7.9,183.2
mpd,8.0,8,ack-4f,w,3,3,0,ctl,ok,0,0,9.9,183.2
mpd,8.0,8,ack-4f,w,3,3,0,ctl,ok,0,0,11.2,183.2
mpd,8.0,8,w48-16qam-r1/3,w48,19,2,1,data,ok,17,17,8.5,183.2
mpd,8.0,8,ack-1f,w,3,3,0,ctl,ok,0,0,10.2,183.2
mpd,8.0,8,w48-16qam-r1/3,w48,19,2,1,data,ok,17,17,8.3,183.2
mpd,8.0,8,ack-1f,w,3,3,0,ctl,ok,0,0,12.0,183.2
mpd,8.0,8,w48-16qam-r1/3,w48,19,2,1,data,ok,17,17,9.2,183.2
mpd,8.0,8,ack-1f,w,2,2,0,ctl,ok,0,0,12.5,183.2
mpd,8.0,8,w48-16qam-r1/3,w48,19,1,0,data,ok,18,18,9.4,183.2
mpd,8.0,8,ack-1f,w,2,2,0,ctl,ok,0,0,8.0,183.2
mpd,8.0,8,w48-16qam-r1/3,w48,19,1,0,data,ok,18,18,8.2,183.2
mpd,8.0,3,qpsk-r1/5,w,1,1,0,ctl,ok,0,0,11.5,157.7
mpd,8.0,3,qpsk-r1/5,w,1,1,0,ctl,ok,0,0,11.4,157.7
mpd,8.0,3,ack-4f,w,2,2,0,ctl,ok,0,0,11.0,157.7
mpd,8.0,3,ack-1f,w,3,3,0,ctl,ok,0,0,11.4,157.7
mpd,8.0,3,w48-16qam-r1/3,w48,19,2,1,data,ok,17,17,9.0,157.7
mpd,8.0,3,ack-1f,w,3,3,0,ctl,ok,0,0,8.2,157.7
mpd,8.0,3,w48-16qam-r1/3,w48,19,2,1,data,ok,17,17,8.8,157.7
mpd,8.0,3,ack-1f,w,3,3,0,ctl,ok,0,0,13.3,157.7
mpd,8.0,3,w48-16qam-r1/3,w48,19,2,1,data,ok,17,17,9.7,157.7
mpd,8.0,3,ack-1f,w,2,2,0,ctl,ok,0,0,11.8,157.7
mpd,8.0,3,w48-16qam-r1/3,w48,19,1,0,data,ok,18,18,10.2,157.7
mpd,8.0,3,ack-1f,w,2,2,0,ctl,ok,0,0,9.7,157.7
mpd,8.0,3,w48-16qam-r1/3,w48,19,1,0,data,ok,18,18,9.2,157.7
mpd,8.0,3,ack-1f,w,2,2,0,ctl,ok,0,0,8.2,157.7
mpd,8.0,3,w48-16qam-r1/3,w48,19,1,0,data,ok,18,18,9.8,157.7
mpd,8.0,3,ack-1f,w,2,2,0,ctl,ok,0,0,11.8,157.7
mpd,8.0,3,w48-16qam-r1/3,w48,19,1,0,data,ok,18,18,8.7,157.7
mpd,8.0,3,ack-1f,w,2,2,0,ctl,ok,0,0,10.2,157.7
mpd,8.0,3,w48-16qam-r1/3,w48,19,1,0,data,ctl_lost,18,18,7.8,157.7
mpd,8.0,3,ack-4f,w,3,3,0,ctl,ok,0,0,11.0,157.7
mpd,8.0,3,ack-4f,w,2,2,0,ctl,ok,0,0,11.1,157.7
mpd,8.0,3,w48-qpsk-r1/2,w48,19,1,0,data,ok,18,18,10.2,157.7
mpd,8.0,3,ack-1f,w,3,3,0,ctl,ok,0,0,10.0,157.7
mpd,8.0,3,w48-16qam-r1/3,w48,19,2,1,data,ok,17,12,7.7,157.7
mpd,8.0,3,ack-1f,w,4,4,0,ctl,ok,0,0,12.0,157.7
mpd,8.0,3,w48-16qam-r1/3,w48,19,2,1,data,ok,12,8,7.5,157.7
mpd,8.0,3,ack-1f,w,4,4,0,ctl,ok,0,0,12.0,157.7
mpd,8.0,3,w48-16qam-r1/3,w48,19,2,1,data,ok,14,10,7.7,157.7
mpd,8.0,3,ack-1f,w,4,4,0,ctl,ok,0,0,12.3,157.7
mpd,8.0,3,w48-16qam-r1/3,w48,19,2,1,data,ok,14,14,8.2,157.7
mpd,8.0,3,ack-1f,w,3,3,0,ctl,ok,0,0,10.2,157.7
mpd,8.0,3,w48-16qam-r1/3,w48,19,2,1,data,ok,17,8,7.1,157.7
mpd,8.0,3,ack-1f,w,4,4,0,ctl,ok,0,0,11.9,157.7
mpd,8.0,3,w48-16qam-r1/3,w48,19,2,1,data,ok,8,8,9.8,157.7
mpd,8.0,3,ack-1f,w,2,2,0,ctl,ok,0,0,13.1,157.7
mpd,8.0,3,w48-16qam-r1/3,w48,19,1,0,data,ok,18,18,8.7,157.7
mpd,8.0,3,ack-1f,w,2,2,0,ctl,ok,0,0,8.3,157.7
mpd,8.0,3,w48-16qam-r1/3,w48,19,1,0,data,ok,18,18,8.1,157.7
mpd,8.0,3,ack-1f,w,2,2,0,ctl,ok,0,0,11.4,157.7
mpd,8.0,3,w48-16qam-r1/3,w48,19,1,0,data,ok,18,18,8.3,157.7
mpd,8.0,3,ack-1f,w,2,2,0,ctl,ok,0,0,8.5,157.7
mpd,8.0,3,w48-16qam-r1/3,w48,19,1,0,data,ctl_lost,18,14,7.8,157.7
mpd,8.0,3,ack-4f,w,2,2,0,ctl,ok,0,0,14.0,157.7
mpd,8.0,3,ack-4f,w,2,2,0,ctl,ok,0,0,11.0,157.7
mpd,8.0,3,w48-16qam-r1/3,w48,19,1,0,data,ok,18,18,9.2,157.7
mpd,8.0,3,ack-1f,w,2,2,0,ctl,ok,0,0,10.7,157.7
mpd,8.0,3,w48-16qam-r1/3,w48,19,1,0,data,ctl_lost,18,7,7.5,157.7
mpd,8.0,3,ack-4f,w,3,3,0,ctl,ok,0,0,11.9,157.7
mpd,8.0,3,ack-4f,w,2,2,0,ctl,ok,0,0,12.6,157.7
mpd,8.0,3,w48-qpsk-r1/2,w48,19,1,0,data,ok,18,18,8.6,157.7
mpd,8.0,3,ack-1f,w,2,2,0,ctl,ok,0,0,10.1,157.7
mpd,8.0,3,w48-qpsk-r1/2,w48,19,1,0,data,ok,18,18,9.4,157.7
mpd,8.0,3,ack-1f,w,3,3,0,ctl,ok,0,0,12.1,157.7
mpd,8.0,3,w48-16qam-r1/3,w48,19,2,1,data,ok,17,17,8.9,157.7
mpd,8.0,3,ack-1f,w,3,3,0,ctl,ok,0,0,7.1,157.7
mpd,8.0,3,w48-16qam-r1/3,w48,19,2,1,data,ok,17,17,8.3,157.7
mpd,8.0,3,ack-1f,w,2,2,0,ctl,ok,0,0,13.1,157.7
mpd,8.0,3,w48-qpsk-r1/2,w48,19,1,0,data,ok,18,18,10.5,157.7
mpd,8.0,3,ack-1f,w,2,2,0,ctl,ok,0,0,8.9,157.7
mpd,8.0,3,w48-16qam-r1/3,w48,19,1,0,data,ok,18,16,8.6,157.7
mpd,8.0,3,ack-1f,w,4,4,0,ctl,ok,0,0,13.7,157.7
mpd,8.0,3,w48-16qam-r1/3,w48,19,2,1,data,ok,15,15,8.4,157.7
mpd,8.0,3,ack-1f,w,2,2,0,ctl,ok,0,0,9.8,157.7
mpd,8.0,3,w48-qpsk-r1/2,w48,19,1,0,data,ok,18,18,10.3,157.7
mpd,8.0,3,ack-1f,w,2,2,0,ctl,ok,0,0,10.6,157.7
mpd,8.0,3,w48-16qam-r1/3,w48,19,1,0,data,ok,18,18,8.5,157.7
mpd,8.0,3,ack-1f,w,3,3,0,ctl,ok,0,0,8.4,157.7
mpd,8.0,3,w48-16qam-r1/3,w48,19,2,1,data,ok,17,17,8.4,157.7
mpd,8.0,3,ack-1f,w,3,3,0,ctl,ok,0,0,12.2,157.7
mpd,8.0,3,w48-16qam-r1/3,w48,19,2,1,data,ok,17,17,9.3,157.7
mpd,8.0,3,ack-1f,w,2,2,0,ctl,ok,0,0,6.7,157.7
mpd,8.0,3,w48-16qam-r1/3,w48,19,1,0,data,ok,18,18,9.1,157.7
mpd,8.0,3,ack-1f,w,2,2,0,ctl,ok,0,0,6.8,157.7
mpd,8.0,3,w48-16qam-r1/3,w48,19,1,0,data,ok,18,17,7.8,157.7
mpd,8.0,3,ack-1f,w,3,3,0,ctl,ok,0,0,9.7,157.7
mpd,8.0,3,w48-16qam-r1/3,w48,19,2,1,data,ok,16,3,7.6,157.7
mpd,8.0,3,ack-1f,w,4,4,0,ctl,ok,0,0,11.0,157.7
mpd,8.0,3,w48-16qam-r1/3,w48,19,2,1,data,ok,6,6,8.9,157.7
mpd,8.0,3,ack-1f,w,2,2,0,ctl,ok,0,0,13.0,157.7
mpd,8.0,3,w48-16qam-r1/3,w48,19,1,0,data,ok,18,18,9.1,157.7
mpd,8.0,3,ack-1f,w,2,2,0,ctl,ok,0,0,13.1,157.7
mpd,8.0,3,w48-16qam-r1/3,w48,19,1,0,data,ok,18,18,10.1,157.7
mpd,8.0,3,ack-1f,w,2,2,0,ctl,ok,0,0,9.4,157.7
mpd,8.0,3,w48-16qam-r1/3,w48,19,1,0,data,ok,18,18,9.1,157.7
mpd,8.0,3,ack-1f,w,2,2,0,ctl,ok,0,0,13.4,157.7
mpd,8.0,3,w48-16qam-r1/3,w48,19,1,0,data,ok,18,18,10.4,157.7
mpd,8.0,3,ack-1f,w,2,2,0,ctl,ok,0,0,7.9,157.7
mpd,8.0,3,w48-16qam-r1/3,w48,19,1,0,data,ctl_lost,18,0,7.2,157.7
mpd,8.0,3,ack-4f,w,2,2,0,ctl,ok,0,0,11.6,157.7
mpd,8.0,3,ack-4f,w,3,3,0,ctl,ok,0,0,10.2,157.7
mpd,8.0,3,w48-16qam-r1/3,w48,19,2,1,data,ok,17,17,9.3,157.7
mpd,8.0,3,ack-1f,w,2,2,0,ctl,ok,0,0,13.5,157.7
mpd,8.0,3,w48-16qam-r1/3,w48,19,1,0,data,ctl_lost,18,2,7.5,157.7
mpd,8.0,10,qpsk-r1/5,w,1,1,0,ctl,ok,0,0,13.0,168.7
mpd,8.0,10,qpsk-r1/5,w,1,1,0,ctl,ok,0,0,11.3,168.7
mpd,8.0,10,ack-4f,w,3,3,0,ctl,ok,0,0,10.5,168.7
mpd,8.0,10,ack-1f,w,3,3,0,ctl,ok,0,0,11.7,168.7
mpd,8.0,10,w48-16qam-r1/3,w48,19,2,1,data,ok,17,17,9.6,168.7
mpd,8.0,10,ack-1f,w,3,3,0,ctl,ok,0,0,13.2,168.7
mpd,8.0,10,w48-16qam-r1/3,w48,19,2,1,data,ok,17,17,8.6,168.7
mpd,8.0,10,ack-1f,w,3,3,0,ctl,ok,0,0,10.4,168.7
mpd,8.0,10,w48-16qam-r1/3,w48,19,2,1,data,ok,17,17,9.8,168.7
mpd,8.0,10,ack-1f,w,2,2,0,ctl,ok,0,0,10.0,168.7
mpd,8.0,10,w48-16qam-r1/3,w48,19,1,0,data,ok,18,18,8.9,168.7
mpd,8.0,10,ack-1f,w,2,2,0,ctl,ok,0,0,10.5,168.7
mpd,8.0,10,w48-16qam-r1/3,w48,19,1,0,data,ctl_lost,18,13,7.8,168.7
mpd,8.0,10,ack-4f,w,2,2,0,ctl,ok,0,0,12.1,168.7
mpd,8.0,10,ack-4f,w,2,2,0,ctl,ok,0,0,10.7,168.7
mpd,8.0,10,w48-qpsk-r1/2,w48,19,1,0,data,ok,18,18,9.1,168.7
mpd,8.0,10,ack-1f,w,2,2,0,ctl,ok,0,0,12.2,168.7
mpd,8.0,10,w48-qpsk-r1/2,w48,19,1,0,data,ok,18,18,8.2,168.7
mpd,8.0,10,ack-1f,w,2,2,0,ctl,ok,0,0,11.6,168.7
mpd,8.0,10,w48-qpsk-r1/2,w48,19,1,0,data,ok,18,18,8.7,168.7
mpd,8.0,10,ack-1f,w,2,2,0,ctl,ok,0,0,12.2,168.7
mpd,8.0,10,w48-qpsk-r1/2,w48,19,1,0,data,ok,18,18,9.2,168.7
mpd,8.0,10,ack-1f,w,2,2,0,ctl,ok,0,0,9.5,168.7
mpd,8.0,10,w48-qpsk-r1/2,w48,19,1,0,data,ok,18,18,7.5,168.7
mpd,8.0,10,ack-1f,w,2,2,0,ctl,ok,0,0,10.1,168.7
mpd,8.0,10,w48-qpsk-r1/2,w48,19,1,0,data,ok,18,18,8.3,168.7
mpd,8.0,10,ack-1f,w,2,2,0,ctl,ok,0,0,11.4,168.7
mpd,8.0,10,w48-qpsk-r1/2,w48,19,1,0,data,ok,18,18,8.2,168.7
mpd,8.0,10,ack-1f,w,2,2,0,ctl,ok,0,0,11.5,168.7
mpd,8.0,10,w48-qpsk-r1/2,w48,19,1,0,data,ok,18,18,9.2,168.7
mpd,8.0,10,ack-1f,w,2,2,0,ctl,ok,0,0,9.2,168.7
mpd,8.0,10,w48-qpsk-r1/2,w48,19,1,0,data,ok,18,18,10.2,168.7
mpd,8.0,10,ack-1f,w,3,3,0,ctl,ok,0,0,6.3,168.7
mpd,8.0,10,w48-16qam-r1/3,w48,19,2,1,data,ok,17,17,9.2,168.7
mpd,8.0,10,ack-1f,w,3,3,0,ctl,ok,0,0,10.5,168.7
mpd,8.0,10,w48-16qam-r1/3,w48,19,2,1,data,ok,17,17,9.1,168.7
mpd,8.0,10,ack-1f,w,3,3,0,ctl,ok,0,0,10.8,168.7
mpd,8.0,10,w48-16qam-r1/3,w48,19,2,1,data,ok,17,17,7.8,168.7
mpd,8.0,10,ack-1f,w,2,2,0,ctl,ok,0,0,12.9,168.7
mpd,8.0,10,w48-qpsk-r1/2,w48,19,1,0,data,ok,18,18,9.1,168.7
mpd,8.0,10,ack-1f,w,3,3,0,ctl,ok,0,0,11.4,168.7
mpd,8.0,10,w48-16qam-r1/3,w48,19,2,1,data,ok,17,17,10.0,168.7
mpd,8.0,10,ack-1f,w,2,2,0,ctl,ok,0,0,12.7,168.7
mpd,8.0,10,w48-16qam-r1/3,w48,19,1,0,data,ok,18,18,9.3,168.7
mpd,8.0,10,ack-1f,w,2,2,0,ctl,ok,0,0,11.5,168.7
mpd,8.0,10,w48-16qam-r1/3,w48,19,1,0,data,ok,18,18,9.6,168.7
mpd,8.0,10,ack-1f,w,2,2,0,ctl,ok,0,0,12.3,168.7
mpd,8.0,10,w48-16qam-r1/3,w48,19,1,0,data,ok,18,18,9.3,168.7
mpd,8.0,10,ack-1f,w,2,2,0,ctl,ok,0,0,9.0,168.7
mpd,8.0,10,w48-16qam-r1/3,w48,19,1,0,data,ok,18,18,9.1,168.7
mpd,8.0,10,ack-1f,w,3,3,0,ctl,ok,0,0,8.3,168.7
mpd,8.0,10,w48-16qam-r1/3,w48,19,2,1,data,ok,17,8,7.9,168.7
mpd,8.0,10,ack-1f,w,4,4,0,ctl,ok,0,0,7.1,168.7
mpd,8.0,10,w48-16qam-r1/3,w48,19,2,1,data,ok,9,9,9.3,168.7
mpd,8.0,10,ack-1f,w,2,2,0,ctl,ok,0,0,13.3,168.7
mpd,8.0,10,w48-16qam-r1/3,w48,19,1,0,data,ok,18,18,9.6,168.7
mpd,8.0,10,ack-1f,w,2,2,0,ctl,ok,0,0,15.6,168.7
mpd,8.0,10,w48-16qam-r1/3,w48,19,1,0,data,ok,18,18,9.3,168.7
mpd,8.0,10,ack-1f,w,2,2,0,ctl,ok,0,0,11.5,168.7
mpd,8.0,10,w48-16qam-r1/3,w48,19,1,0,data,ok,18,17,8.1,168.7
mpd,8.0,10,ack-1f,w,4,4,0,ctl,ok,0,0,10.9,168.7
mpd,8.0,10,w48-16qam-r1/3,w48,19,2,1,data,ok,16,16,9.6,168.7
mpd,8.0,10,ack-1f,w,2,2,0,ctl,ok,0,0,10.8,168.7
mpd,8.0,10,w48-16qam-r1/3,w48,19,1,0,data,ok,18,18,8.0,168.7
mpd,8.0,10,ack-1f,w,2,2,0,ctl,ok,0,0,10.3,168.7
mpd,8.0,10,w48-16qam-r1/3,w48,19,1,0,data,ok,18,18,8.2,168.7
mpd,8.0,10,ack-1f,w,3,3,0,ctl,ok,0,0,6.9,168.7
mpd,8.0,10,w48-16qam-r1/3,w48,19,2,1,data,ok,17,17,8.7,168.7
mpd,8.0,10,ack-1f,w,2,2,0,ctl,ok,0,0,12.5,168.7
mpd,8.0,10,w48-16qam-r1/3,w48,19,1,0,data,ok,18,18,8.9,168.7
mpd,8.0,10,ack-1f,w,2,2,0,ctl,ok,0,0,11.7,168.7
mpd,8.0,10,w48-16qam-r1/3,w48,19,1,0,data,ctl_lost,18,12,7.8,168.7
mpd,8.0,10,ack-4f,w,2,2,0,ctl,ok,0,0,9.8,168.7
mpd,8.0,10,ack-4f,w,2,2,0,ctl,ok,0,0,10.4,168.7
mpd,8.0,10,w48-qpsk-r1/2,w48,19,1,0,data,ok,18,18,7.5,168.7
mpd,8.0,10,ack-1f,w,2,2,0,ctl,ok,0,0,13.3,168.7
mpd,8.0,10,w48-qpsk-r1/2,w48,19,1,0,data,ok,18,18,8.1,168.7
mpd,8.0,10,ack-1f,w,2,2,0,ctl,ok,0,0,10.0,168.7
mpd,8.0,10,w48-qpsk-r1/2,w48,19,1,0,data,ok,18,18,8.8,168.7
mpd,8.0,10,ack-1f,w,3,3,0,ctl,ok,0,0,12.2,168.7
mpd,8.0,10,w48-16qam-r1/3,w48,19,2,1,data,ok,17,17,9.7,168.7
mpd,8.0,10,ack-1f,w,2,2,0,ctl,ok,0,0,10.6,168.7
mpd,8.0,10,w48-16qam-r1/3,w48,19,1,0,data,ok,18,18,9.3,168.7
mpd,8.0,10,ack-1f,w,2,2,0,ctl,ok,0,0,12.6,168.7
mpd,8.0,10,w48-16qam-r1/3,w48,19,1,0,data,ok,18,18,8.4,168.7
mpd,8.0,10,ack-1f,w,3,3,0,ctl,ok,0,0,11.8,168.7
mpd,8.0,10,w48-16qam-r1/3,w48,19,2,1,data,ok,17,17,8.1,168.7
mpd,8.0,10,ack-1f,w,3,3,0,ctl,ok,0,0,10.7,168.7
mpd,8.0,10,w48-16qam-r1/3,w48,19,2,1,data,ok,17,16,8.4,168.7
mpd,8.0,10,ack-1f,w,3,3,0,ctl,ok,0,0,11.6,168.7
mpd,8.0,10,w48-16qam-r1/3,w48,19,2,1,data,ok,16,16,8.9,168.7
mpd,8.0,10,ack-1f,w,2,2,0,ctl,ok,0,0,13.4,168.7
mpd,8.0,10,w48-16qam-r1/3,w48,19,1,0,data,ok,18,18,7.6,168.7
mpd,8.0,9,qpsk-r1/5,w,1,1,0,ctl,ok,0,0,8.8,174.2
mpd,8.0,9,qpsk-r1/5,w,1,1,0,ctl,ok,0,0,10.8,174.2
mpd,8.0,9,ack-4f,w,3,3,0,ctl,ok,0,0,10.8,174.2
mpd,8.0,9,ack-1f,w,2,2,0,ctl,ok,0,0,8.8,174.2
mpd,8.0,9,w48-qpsk-r1/2,w48,19,1,0,data,ok,18,18,9.3,174.2
mpd,8.0,9,ack-1f,w,3,3,0,ctl,ok,0,0,12.1,174.2
mpd,8.0,9,w48-16qam-r1/3,w48,19,2,1,data,ok,17,17,10.3,174.2
mpd,8.0,9,ack-1f,w,2,2,0,ctl,ok,0,0,12.0,174.2
mpd,8.0,9,w48-16qam-r1/3,w48,19,1,0,data,ok,18,18,8.1,174.2
mpd,8.0,9,ack-1f,w,3,3,0,ctl,ok,0,0,11.3,174.2
mpd,8.0,9,w48-16qam-r1/3,w48,19,2,1,data,ok,17,17,8.8,174.2
mpd,8.0,9,ack-1f,w,3,3,0,ctl,ok,0,0,7.8,174.2
mpd,8.0,9,w48-16qam-r1/3,w48,19,2,1,data,ok,17,14,7.9,174.2
mpd,8.0,9,ack-1f,w,4,4,0,ctl,ok,0,0,8.5,174.2
mpd,8.0,9,w48-16qam-r1/3,w48,19,2,1,data,ok,14,14,9.6,174.2
mpd,8.0,9,ack-1f,w,2,2,0,ctl,ok,0,0,10.5,174.2
mpd,8.0,9,w48-16qam-r1/3,w48,19,1,0,data,ok,18,18,8.9,174.2
mpd,8.0,9,ack-1f,w,2,2,0,ctl,ok,0,0,12.2,174.2
mpd,8.0,9,w48-16qam-r1/3,w48,19,1,0,data,ok,18,18,9.6,174.2
mpd,8.0,9,ack-1f,w,2,2,0,ctl,ok,0,0,10.9,174.2
mpd,8.0,9,w48-16qam-r1/3,w48,19,1,0,data,ok,18,18,8.4,174.2
mpd,8.0,9,ack-1f,w,2,2,0,ctl,ok,0,0,10.7,174.2
mpd,8.0,9,w48-16qam-r1/3,w48,19,1,0,data,ok,18,18,8.2,174.2
mpd,8.0,9,ack-1f,w,3,3,0,ctl,ok,0,0,13.3,174.2
mpd,8.0,9,w48-16qam-r1/3,w48,19,2,1,data,ok,17,17,9.5,174.2
mpd,8.0,9,ack-1f,w,2,2,0,ctl,ok,0,0,7.2,174.2
mpd,8.0,9,w48-16qam-r1/3,w48,19,1,0,data,ok,18,18,8.4,174.2
mpd,8.0,9,ack-1f,w,2,2,0,ctl,ok,0,0,11.2,174.2
mpd,8.0,9,w48-16qam-r1/3,w48,19,1,0,data,ok,18,18,9.1,174.2
mpd,8.0,9,ack-1f,w,2,2,0,ctl,ok,0,0,11.1,174.2
mpd,8.0,9,w48-16qam-r1/3,w48,19,1,0,data,ok,18,18,8.2,174.2
mpd,8.0,9,ack-1f,w,2,2,0,ctl,ok,0,0,14.8,174.2
mpd,8.0,9,w48-16qam-r1/3,w48,19,1,0,data,ok,18,18,8.9,174.2
mpd,8.0,9,ack-1f,w,2,2,0,ctl,ok,0,0,10.9,174.2
mpd,8.0,9,w48-16qam-r1/3,w48,19,1,0,data,ok,18,18,10.2,174.2
mpd,8.0,9,ack-1f,w,2,2,0,ctl,ok,0,0,5.7,174.2
mpd,8.0,9,w48-16qam-r1/3,w48,19,1,0,data,ok,18,18,9.0,174.2
mpd,8.0,9,ack-1f,w,2,2,0,ctl,ok,0,0,7.7,174.2
mpd,8.0,9,w48-16qam-r1/3,w48,19,1,0,data,ok,18,18,7.6,174.2
mpd,8.0,9,ack-1f,w,2,2,0,ctl,ok,0,0,10.2,174.2
mpd,8.0,9,w48-16qam-r1/3,w48,19,1,0,data,ok,18,18,9.0,174.2
mpd,8.0,9,ack-1f,w,2,2,0,ctl,ok,0,0,10.5,174.2
mpd,8.0,9,w48-16qam-r1/3,w48,19,1,0,data,ok,18,18,9.3,174.2
mpd,8.0,9,ack-1f,w,2,2,0,ctl,ok,0,0,12.7,174.2
mpd,8.0,9,w48-16qam-r1/3,w48,19,1,0,data,ok,18,18,9.6,174.2
mpd,8.0,9,ack-1f,w,2,2,0,ctl,ok,0,0,12.3,174.2
mpd,8.0,9,w48-16qam-r1/3,w48,19,1,0,data,ok,18,18,9.8,174.2
mpd,8.0,9,ack-1f,w,2,2,0,ctl,ok,0,0,8.9,174.2
mpd,8.0,9,w48-16qam-r1/3,w48,19,1,0,data,ok,18,18,8.3,174.2
mpd,8.0,9,ack-1f,w,2,2,0,ctl,ok,0,0,12.3,174.2
mpd,8.0,9,w48-16qam-r1/3,w48,19,1,0,data,ok,18,18,10.1,174.2
mpd,8.0,9,ack-1f,w,2,2,0,ctl,ok,0,0,12.5,174.2
mpd,8.0,9,w48-16qam-r1/3,w48,19,1,0,data,ok,18,18,8.2,174.2
mpd,8.0,9,ack-1f,w,2,2,0,ctl,ok,0,0,9.4,174.2
mpd,8.0,9,w48-16qam-r1/3,w48,19,1,0,data,ok,18,18,9.4,174.2
mpd,8.0,9,ack-1f,w,2,2,0,ctl,ok,0,0,12.4,174.2
mpd,8.0,9,w48-16qam-r1/3,w48,19,1,0,data,ok,18,18,9.1,174.2
mpd,8.0,9,ack-1f,w,2,2,0,ctl,ok,0,0,10.1,174.2
mpd,8.0,9,w48-16qam-r1/3,w48,19,1,0,data,ctl_lost,18,17,8.0,174.2
mpd,8.0,9,ack-4f,w,3,3,0,ctl,ok,0,0,11.5,174.2
mpd,8.0,9,ack-4f,w,3,3,0,ctl,ok,0,0,11.2,174.2
mpd,8.0,9,w48-16qam-r1/3,w48,19,2,1,data,ok,17,17,10.0,174.2
mpd,8.0,9,ack-1f,w,2,2,0,ctl,ok,0,0,10.6,174.2
mpd,8.0,9,w48-16qam-r1/3,w48,19,1,0,data,ctl_lost,18,15,7.8,174.2
mpd,8.0,9,ack-4f,w,3,3,0,ctl,ok,0,0,10.5,174.2
mpd,8.0,9,ack-4f,w,2,2,0,ctl,ok,0,0,10.6,174.2
mpd,8.0,9,w48-qpsk-r1/2,w48,19,1,0,data,ok,18,18,8.3,174.2
mpd,8.0,9,ack-1f,w,2,2,0,ctl,ok,0,0,12.8,174.2
mpd,8.0,9,w48-qpsk-r1/2,w48,19,1,0,data,ok,18,18,9.6,174.2
mpd,8.0,9,ack-1f,w,3,3,0,ctl,ok,0,0,12.9,174.2
mpd,8.0,9,w48-16qam-r1/3,w48,19,2,1,data,ok,17,17,9.1,174.2
mpd,8.0,9,ack-1f,w,3,3,0,ctl,ok,0,0,12.1,174.2
mpd,8.0,9,w48-16qam-r1/3,w48,19,2,1,data,ok,17,17,8.7,174.2
mpd,8.0,9,ack-1f,w,3,3,0,ctl,ok,0,0,13.7,174.2
mpd,8.0,9,w48-16qam-r1/3,w48,19,2,1,data,ok,17,17,8.9,174.2
mpd,8.0,9,ack-1f,w,3,3,0,ctl,ok,0,0,10.6,174.2
mpd,8.0,9,w48-16qam-r1/3,w48,19,2,1,data,ok,17,17,9.1,174.2
mpd,8.0,9,ack-1f,w,2,2,0,ctl,ok,0,0,10.8,174.2
mpd,8.0,9,w48-16qam-r1/3,w48,19,1,0,data,ok,18,18,9.5,174.2
mpd,8.0,9,ack-1f,w,2,2,0,ctl,ok,0,0,11.5,174.2
mpd,8.0,9,w48-16qam-r1/3,w48,19,1,0,data,ok,18,18,9.0,174.2
mpd,8.0,9,ack-1f,w,2,2,0,ctl,ok,0,0,10.5,174.2
mpd,8.0,9,w48-16qam-r1/3,w48,19,1,0,data,ok,18,18,9.3,174.2
mpd,8.0,9,ack-1f,w,2,2,0,ctl,ok,0,0,9.1,174.2
mpd,8.0,9,w48-16qam-r1/3,w48,19,1,0,data,ok,18,18,8.7,174.2
mpd,8.0,9,ack-1f,w,2,2,0,ctl,ok,0,0,12.3,174.2
mpd,8.0,9,w48-16qam-r1/3,w48,19,1,0,data,ctl_lost,18,15,8.1,174.2
mpd,8.0,9,ack-4f,w,3,3,0,ctl,ok,0,0,11.2,174.2
mpd,8.0,9,ack-4f,w,3,3,0,ctl,ok,0,0,12.1,174.2
mpd,8.0,9,w48-16qam-r1/3,w48,19,2,1,data,ok,17,17,8.5,174.2
mpd,8.0,9,ack-1f,w,3,3,0,ctl,ok,0,0,11.6,174.2
mpd,8.0,9,w48-16qam-r1/3,w48,19,2,1,data,ok,17,13,7.6,174.2
mpd,8.0,9,ack-1f,w,4,4,0,ctl,ok,0,0,11.2,174.2
mpd,8.0,9,w48-16qam-r1/3,w48,19,2,1,data,ok,13,11,7.9,174.2
mpd,8.0,11,qpsk-r1/5,w,1,1,0,ctl,ok,0,0,11.1,161.9
mpd,8.0,11,qpsk-r1/5,w,1,1,0,ctl,ok,0,0,10.6,161.9
mpd,8.0,11,ack-4f,w,3,3,0,ctl,ok,0,0,12.0,161.9
mpd,8.0,11,ack-1f,w,2,2,0,ctl,ok,0,0,12.1,161.9
mpd,8.0,11,w48-16qam-r1/3,w48,19,1,0,data,ok,18,18,9.4,161.9
mpd,8.0,11,ack-1f,w,3,3,0,ctl,ok,0,0,12.9,161.9
mpd,8.0,11,w48-16qam-r1/3,w48,19,2,1,data,ok,17,16,8.2,161.9
mpd,8.0,11,ack-1f,w,4,4,0,ctl,ok,0,0,12.4,161.9
mpd,8.0,11,w48-16qam-r1/3,w48,19,2,1,data,ok,16,16,8.9,161.9
mpd,8.0,11,ack-1f,w,3,3,0,ctl,ok,0,0,12.4,161.9
mpd,8.0,11,w48-16qam-r1/3,w48,19,2,1,data,ok,17,12,7.4,161.9
mpd,8.0,11,ack-1f,w,4,4,0,ctl,ok,0,0,8.3,161.9
mpd,8.0,11,w48-16qam-r1/3,w48,19,2,1,data,ok,12,7,7.4,161.9
mpd,8.0,11,ack-1f,w,3,3,0,ctl,ok,0,0,9.9,161.9
mpd,8.0,11,w48-16qam-r1/3,w48,19,2,1,data,ok,14,14,9.0,161.9
mpd,8.0,11,ack-1f,w,2,2,0,ctl,ok,0,0,10.5,161.9
mpd,8.0,11,w48-16qam-r1/3,w48,19,1,0,data,ok,18,18,9.3,161.9
mpd,8.0,11,ack-1f,w,2,2,0,ctl,ok,0,0,9.7,161.9
mpd,8.0,11,w48-16qam-r1/3,w48,19,1,0,data,ok,18,18,9.2,161.9
mpd,8.0,11,ack-1f,w,2,2,0,ctl,ok,0,0,10.4,161.9
mpd,8.0,11,w48-16qam-r1/3,w48,19,1,0,data,ok,18,18,8.2,161.9
mpd,8.0,11,ack-1f,w,2,2,0,ctl,ok,0,0,14.5,161.9
mpd,8.0,11,w48-16qam-r1/3,w48,19,1,0,data,ok,18,17,8.0,161.9
mpd,8.0,11,ack-1f,w,4,4,0,ctl,ok,0,0,11.7,161.9
mpd,8.0,11,w48-16qam-r1/3,w48,19,2,1,data,ok,16,16,8.9,161.9
mpd,8.0,11,ack-1f,w,2,2,0,ctl,ok,0,0,11.0,161.9
mpd,8.0,11,w48-16qam-r1/3,w48,19,1,0,data,ctl_lost,18,15,8.2,161.9
mpd,8.0,11,ack-4f,w,3,3,0,ctl,ok,0,0,9.2,161.9
mpd,8.0,11,ack-4f,w,3,3,0,ctl,ok,0,0,10.5,161.9
mpd,8.0,11,w48-qpsk-r1/2,w48,19,2,1,data,ok,17,17,7.6,161.9
mpd,8.0,11,ack-1f,w,3,3,0,ctl,ok,0,0,13.7,161.9
mpd,8.0,11,w48-qpsk-r1/2,w48,19,2,1,data,ok,17,17,8.6,161.9
mpd,8.0,11,ack-1f,w,3,3,0,ctl,ok,0,0,13.1,161.9
mpd,8.0,11,w48-16qam-r1/3,w48,19,2,1,data,ok,17,0,7.3,161.9
mpd,8.0,11,ack-1f,w,2,2,0,ctl,ok,0,0,11.6,161.9
mpd,8.0,11,w48-qpsk-r1/2,w48,19,1,0,data,ok,18,18,8.6,161.9
mpd,8.0,11,ack-1f,w,2,2,0,ctl,ok,0,0,10.7,161.9
mpd,8.0,11,w48-qpsk-r1/2,w48,19,1,0,data,ok,18,18,9.9,161.9
mpd,8.0,11,ack-1f,w,2,2,0,ctl,ok,0,0,10.7,161.9
mpd,8.0,11,w48-16qam-r1/3,w48,19,1,0,data,ok,18,18,9.2,161.9
mpd,8.0,11,ack-1f,w,2,2,0,ctl,ok,0,0,11.5,161.9
mpd,8.0,11,w48-16qam-r1/3,w48,19,1,0,data,ok,18,18,8.6,161.9
mpd,8.0,11,ack-1f,w,3,3,0,ctl,ok,0,0,8.7,161.9
mpd,8.0,11,w48-16qam-r1/3,w48,19,2,1,data,ok,17,0,7.1,161.9
mpd,8.0,11,ack-1f,w,2,2,0,ctl,ok,0,0,9.2,161.9
mpd,8.0,11,w48-qpsk-r1/2,w48,19,1,0,data,ok,18,18,9.4,161.9
mpd,8.0,11,ack-1f,w,2,2,0,ctl,ok,0,0,12.3,161.9
mpd,8.0,11,w48-16qam-r1/3,w48,19,1,0,data,ok,18,18,8.7,161.9
mpd,8.0,11,ack-1f,w,2,2,0,ctl,ok,0,0,11.8,161.9
mpd,8.0,11,w48-16qam-r1/3,w48,19,1,0,data,ok,18,18,9.0,161.9
mpd,8.0,11,ack-1f,w,2,2,0,ctl,ok,0,0,12.2,161.9
mpd,8.0,11,w48-16qam-r1/3,w48,19,1,0,data,ok,18,18,9.7,161.9
mpd,8.0,11,ack-1f,w,2,2,0,ctl,ok,0,0,13.5,161.9
mpd,8.0,11,w48-16qam-r1/3,w48,19,1,0,data,ok,18,18,8.9,161.9
mpd,8.0,11,ack-1f,w,2,2,0,ctl,ok,0,0,13.7,161.9
mpd,8.0,11,w48-16qam-r1/3,w48,19,1,0,data,ok,18,18,9.0,161.9
mpd,8.0,11,ack-1f,w,2,2,0,ctl,ok,0,0,10.1,161.9
mpd,8.0,11,w48-16qam-r1/3,w48,19,1,0,data,ok,18,18,8.0,161.9
mpd,8.0,11,ack-1f,w,2,2,0,ctl,ok,0,0,11.4,161.9
mpd,8.0,11,w48-16qam-r1/3,w48,19,1,0,data,ok,18,18,8.6,161.9
mpd,8.0,11,ack-1f,w,2,2,0,ctl,ok,0,0,10.6,161.9
mpd,8.0,11,w48-16qam-r1/3,w48,19,1,0,data,ok,18,18,9.3,161.9
mpd,8.0,11,ack-1f,w,2,2,0,ctl,ok,0,0,9.0,161.9
mpd,8.0,11,w48-16qam-r1/3,w48,19,1,0,data,ok,18,18,9.4,161.9
mpd,8.0,11,ack-1f,w,2,2,0,ctl,ok,0,0,8.1,161.9
mpd,8.0,11,w48-16qam-r1/3,w48,19,1,0,data,ok,18,18,7.6,161.9
mpd,8.0,11,ack-1f,w,2,2,0,ctl,ok,0,0,12.5,161.9
mpd,8.0,11,w48-16qam-r1/3,w48,19,1,0,data,ok,18,18,8.6,161.9
mpd,8.0,11,ack-1f,w,2,2,0,ctl,ok,0,0,10.0,161.9
mpd,8.0,11,w48-16qam-r1/3,w48,19,1,0,data,ok,18,18,8.9,161.9
mpd,8.0,11,ack-1f,w,2,2,0,ctl,ok,0,0,10.7,161.9
mpd,8.0,11,w48-16qam-r1/3,w48,19,1,0,data,ok,18,18,8.7,161.9
mpd,8.0,11,ack-1f,w,2,2,0,ctl,ok,0,0,1.8,161.9
mpd,8.0,11,w48-16qam-r1/3,w48,19,1,0,data,ok,18,16,7.9,161.9
mpd,8.0,11,ack-1f,w,3,3,0,ctl,ok,0,0,6.7,161.9
mpd,8.0,11,w48-16qam-r1/3,w48,19,1,0,data,ok,16,16,8.2,161.9
mpd,8.0,11,ack-1f,w,2,2,0,ctl,ok,0,0,9.5,161.9
mpd,8.0,11,w48-16qam-r1/3,w48,19,1,0,data,ok,18,18,9.4,161.9
mpd,8.0,11,ack-1f,w,2,2,0,ctl,ok,0,0,12.2,161.9
mpd,8.0,11,w48-16qam-r1/3,w48,19,1,0,data,ctl_lost,18,17,7.8,161.9
mpd,8.0,11,ack-4f,w,3,3,0,ctl,ok,0,0,11.5,161.9
mpd,8.0,11,ack-4f,w,3,3,0,ctl,ok,0,0,12.0,161.9
mpd,8.0,11,w48-16qam-r1/3,w48,19,2,1,data,ok,17,17,8.9,161.9
mpd,8.0,11,ack-1f,w,2,2,0,ctl,ok,0,0,8.8,161.9
mpd,8.0,11,w48-16qam-r1/3,w48,19,1,0,data,ctl_lost,18,11,7.8,161.9
mpd,8.0,11,ack-4f,w,3,3,0,ctl,ok,0,0,10.7,161.9
mpd,8.0,11,ack-4f,w,2,2,0,ctl,ok,0,0,12.2,161.9
mpd,8.0,11,w48-qpsk-r1/2,w48,19,1,0,data,ok,18,18,8.1,161.9
mpd,8.0,11,ack-1f,w,2,2,0,ctl,ok,0,0,13.3,161.9
mpd,8.0,11,w48-qpsk-r1/2,w48,19,1,0,data,ok,18,18,8.7,161.9
mpd,8.0,11,ack-1f,w,2,2,0,ctl,ok,0,0,12.2,161.9
mpd,8.0,11,w48-qpsk-r1/2,w48,19,1,0,data,ok,18,18,10.1,161.9
mpd,8.0,11,ack-1f,w,2,2,0,ctl,ok,0,0,5.2,161.9
mpd,8.0,11,w48-16qam-r1/3,w48,19,1,0,data,ok,18,18,9.5,161.9
