channel,snr,seed,submode,band,n_cw,ctl_slots,dup,kind,outcome,data_sent,data_ok,snr_est,delivered_Bps
awgn,0.0,3,qpsk-r1/5,w,1,1,0,ctl,ok,0,0,3.7,69.7
awgn,0.0,3,qpsk-r1/5,w,1,1,0,ctl,ok,0,0,4.0,69.7
awgn,0.0,3,ack-4f,w,3,3,0,ctl,ok,0,0,3.1,69.7
awgn,0.0,3,ack-1f,w,3,3,0,ctl,ok,0,0,3.9,69.7
awgn,0.0,3,qpsk-r1/2,w,9,2,1,data,ok,7,7,3.6,69.7
awgn,0.0,3,ack-1f,w,3,3,0,ctl,ok,0,0,3.2,69.7
awgn,0.0,3,qpsk-r1/2,w,9,2,1,data,ok,7,7,3.6,69.7
awgn,0.0,3,ack-1f,w,3,3,0,ctl,ok,0,0,3.8,69.7
awgn,0.0,3,qpsk-r1/2,w,9,2,1,data,ok,7,7,3.5,69.7
awgn,0.0,3,ack-1f,w,3,3,0,ctl,ok,0,0,3.1,69.7
awgn,0.0,3,qpsk-r1/2,w,9,2,1,data,ok,7,7,3.5,69.7
awgn,0.0,3,ack-1f,w,3,3,0,ctl,ok,0,0,4.2,69.7
awgn,0.0,3,qpsk-r1/2,w,9,2,1,data,ok,7,7,3.7,69.7
awgn,0.0,3,ack-1f,w,2,2,0,ctl,ok,0,0,4.2,69.7
awgn,0.0,3,qpsk-r1/2,w,9,1,0,data,ok,8,8,3.7,69.7
awgn,0.0,3,ack-1f,w,2,2,0,ctl,ok,0,0,5.2,69.7
awgn,0.0,3,qpsk-r1/2,w,9,1,0,data,ok,8,8,3.4,69.7
awgn,0.0,3,ack-1f,w,2,2,0,ctl,ok,0,0,3.4,69.7
awgn,0.0,3,qpsk-r1/2,w,9,1,0,data,ok,8,8,3.6,69.7
awgn,0.0,3,ack-1f,w,2,2,0,ctl,ok,0,0,4.2,69.7
awgn,0.0,3,qpsk-r1/2,w,9,1,0,data,ok,8,8,3.6,69.7
awgn,0.0,3,ack-1f,w,2,2,0,ctl,ok,0,0,5.2,69.7
awgn,0.0,3,qpsk-r1/2,w,9,1,0,data,ok,8,8,3.6,69.7
awgn,0.0,3,ack-1f,w,2,2,0,ctl,ok,0,0,2.8,69.7
awgn,0.0,3,qpsk-r1/2,w,9,1,0,data,ok,8,8,3.5,69.7
awgn,0.0,3,ack-1f,w,2,2,0,ctl,ok,0,0,3.9,69.7
awgn,0.0,3,qpsk-r1/2,w,9,1,0,data,ok,8,8,3.4,69.7
awgn,0.0,3,ack-1f,w,2,2,0,ctl,ok,0,0,3.7,69.7
awgn,0.0,3,qpsk-r1/2,w,9,1,0,data,ok,8,8,3.3,69.7
awgn,0.0,3,ack-1f,w,2,2,0,ctl,ok,0,0,3.0,69.7
awgn,0.0,3,qpsk-r1/2,w,9,1,0,data,ok,8,8,3.5,69.7
awgn,0.0,3,ack-1f,w,2,2,0,ctl,ok,0,0,4.2,69.7
awgn,0.0,3,qpsk-r1/2,w,9,1,0,data,ok,8,8,3.6,69.7
awgn,0.0,3,ack-1f,w,2,2,0,ctl,ok,0,0,3.3,69.7
awgn,0.0,3,qpsk-r1/2,w,9,1,0,data,ok,8,8,3.4,69.7
awgn,0.0,3,ack-1f,w,2,2,0,ctl,ok,0,0,4.4,69.7
awgn,0.0,3,qpsk-r1/2,w,9,1,0,data,ok,8,8,3.6,69.7
awgn,0.0,3,ack-1f,w,2,2,0,ctl,ok,0,0,4.3,69.7
awgn,0.0,3,qpsk-r1/2,w,9,1,0,data,ok,8,8,3.6,69.7
awgn,0.0,3,ack-1f,w,2,2,0,ctl,ok,0,0,3.8,69.7
awgn,0.0,3,qpsk-r1/2,w,9,1,0,data,ok,8,8,3.4,69.7
awgn,0.0,3,ack-1f,w,2,2,0,ctl,ok,0,0,3.6,69.7
awgn,0.0,3,qpsk-r1/2,w,9,1,0,data,ok,8,8,3.6,69.7
awgn,0.0,3,ack-1f,w,2,2,0,ctl,ok,0,0,1.3,69.7
awgn,0.0,3,qpsk-r1/2,w,9,1,0,data,ok,8,8,3.4,69.7
awgn,0.0,3,ack-1f,w,2,2,0,ctl,ok,0,0,2.1,69.7
awgn,0.0,3,qpsk-r1/2,w,9,1,0,data,ok,8,8,3.5,69.7
awgn,0.0,3,ack-1f,w,2,2,0,ctl,ok,0,0,4.5,69.7
awgn,0.0,3,qpsk-r1/2,w,9,1,0,data,ok,8,8,3.5,69.7
awgn,0.0,3,ack-1f,w,2,2,0,ctl,ok,0,0,3.2,69.7
awgn,0.0,3,qpsk-r1/2,w,9,1,0,data,ok,8,8,3.5,69.7
awgn,0.0,3,ack-1f,w,2,2,0,ctl,ok,0,0,4.4,69.7
awgn,0.0,3,qpsk-r1/2,w,9,1,0,data,ok,8,8,3.3,69.7
awgn,0.0,3,ack-1f,w,2,2,0,ctl,ok,0,0,4.2,69.7
awgn,0.0,3,qpsk-r1/2,w,9,1,0,data,ok,8,8,3.6,69.7
awgn,0.0,3,ack-1f,w,2,2,0,ctl,ok,0,0,4.0,69.7
awgn,0.0,3,qpsk-r1/2,w,9,1,0,data,ok,8,8,3.6,69.7
awgn,0.0,3,ack-1f,w,2,2,0,ctl,ok,0,0,4.5,69.7
awgn,0.0,3,qpsk-r1/2,w,9,1,0,data,ok,8,8,3.4,69.7
awgn,0.0,3,ack-1f,w,2,2,0,ctl,ok,0,0,3.0,69.7
awgn,0.0,3,qpsk-r1/2,w,9,1,0,data,ok,8,8,3.8,69.7
awgn,0.0,3,ack-1f,w,2,2,0,ctl,ok,0,0,5.2,69.7
awgn,0.0,3,qpsk-r1/2,w,9,1,0,data,ok,8,8,3.7,69.7
awgn,0.0,3,ack-1f,w,2,2,0,ctl,ok,0,0,3.2,69.7
awgn,0.0,3,qpsk-r1/2,w,9,1,0,data,ok,8,8,3.8,69.7
awgn,0.0,3,ack-1f,w,2,2,0,ctl,ok,0,0,3.2,69.7
awgn,0.0,3,qpsk-r1/2,w,9,1,0,data,ok,8,8,3.2,69.7
awgn,0.0,3,ack-1f,w,2,2,0,ctl,ok,0,0,3.2,69.7
awgn,0.0,3,qpsk-r1/2,w,9,1,0,data,ok,8,8,3.5,69.7
awgn,0.0,3,ack-1f,w,2,2,0,ctl,ok,0,0,3.9,69.7
awgn,0.0,3,qpsk-r1/2,w,9,1,0,data,ok,8,8,3.7,69.7
awgn,0.0,3,ack-1f,w,2,2,0,ctl,ok,0,0,3.5,69.7
awgn,0.0,3,qpsk-r1/2,w,9,1,0,data,ok,8,8,3.4,69.7
awgn,0.0,3,ack-1f,w,2,2,0,ctl,ok,0,0,3.3,69.7
awgn,0.0,3,qpsk-r1/2,w,9,1,0,data,ok,8,8,3.8,69.7
awgn,0.0,3,ack-1f,w,2,2,0,ctl,ok,0,0,4.1,69.7
awgn,0.0,3,qpsk-r1/2,w,9,1,0,data,ok,8,8,3.6,69.7
awgn,0.0,3,ack-1f,w,2,2,0,ctl,ok,0,0,5.3,69.7
awgn,0.0,3,qpsk-r1/2,w,9,1,0,data,ok,8,8,3.6,69.7
awgn,0.0,3,ack-1f,w,2,2,0,ctl,ok,0,0,3.2,69.7
awgn,0.0,3,qpsk-r1/2,w,9,1,0,data,ok,8,8,3.7,69.7
awgn,0.0,3,ack-1f,w,2,2,0,ctl,ok,0,0,3.2,69.7
awgn,0.0,3,qpsk-r1/2,w,9,1,0,data,ok,8,8,3.4,69.7
awgn,0.0,3,ack-1f,w,2,2,0,ctl,ok,0,0,3.6,69.7
awgn,0.0,3,qpsk-r1/2,w,9,1,0,data,ok,8,8,3.6,69.7
awgn,0.0,3,ack-1f,w,2,2,0,ctl,ok,0,0,3.6,69.7
awgn,0.0,3,qpsk-r1/2,w,9,1,0,data,ok,8,8,3.7,69.7
awgn,0.0,3,ack-1f,w,2,2,0,ctl,ok,0,0,3.3,69.7
awgn,0.0,3,qpsk-r1/2,w,9,1,0,data,ok,8,8,3.6,69.7
awgn,0.0,3,ack-1f,w,2,2,0,ctl,ok,0,0,4.6,69.7
awgn,0.0,3,qpsk-r1/2,w,9,1,0,data,ok,8,8,3.3,69.7
awgn,0.0,3,ack-1f,w,2,2,0,ctl,ok,0,0,3.8,69.7
awgn,0.0,3,qpsk-r1/2,w,9,1,0,data,ok,8,8,3.5,69.7
awgn,0.0,3,ack-1f,w,2,2,0,ctl,ok,0,0,3.2,69.7
awgn,0.0,3,qpsk-r1/2,w,9,1,0,data,ok,8,8,3.7,69.7
awgn,0.0,3,ack-1f,w,2,2,0,ctl,ok,0,0,3.4,69.7
awgn,0.0,3,qpsk-r1/2,w,9,1,0,data,ok,8,8,3.4,69.7
awgn,0.0,7,qpsk-r1/5,w,1,1,0,ctl,ok,0,0,3.7,69.7
awgn,0.0,7,qpsk-r1/5,w,1,1,0,ctl,ok,0,0,4.3,69.7
awgn,0.0,7,ack-4f,w,3,3,0,ctl,ok,0,0,4.1,69.7
awgn,0.0,7,ack-1f,w,3,3,0,ctl,ok,0,0,3.9,69.7
awgn,0.0,7,qpsk-r1/2,w,9,2,1,data,ok,7,7,3.5,69.7
awgn,0.0,7,ack-1f,w,3,3,0,ctl,ok,0,0,3.3,69.7
awgn,0.0,7,qpsk-r1/2,w,9,2,1,data,ok,7,7,3.5,69.7
awgn,0.0,7,ack-1f,w,3,3,0,ctl,ok,0,0,3.9,69.7
awgn,0.0,7,qpsk-r1/2,w,9,2,1,data,ok,7,7,3.5,69.7
awgn,0.0,7,ack-1f,w,3,3,0,ctl,ok,0,0,3.7,69.7
awgn,0.0,7,qpsk-r1/2,w,9,2,1,data,ok,7,7,3.6,69.7
awgn,0.0,7,ack-1f,w,3,3,0,ctl,ok,0,0,3.1,69.7
awgn,0.0,7,qpsk-r1/2,w,9,2,1,data,ok,7,7,3.6,69.7
awgn,0.0,7,ack-1f,w,2,2,0,ctl,ok,0,0,5.4,69.7
awgn,0.0,7,qpsk-r1/2,w,9,1,0,data,ok,8,8,3.6,69.7
awgn,0.0,7,ack-1f,w,2,2,0,ctl,ok,0,0,3.3,69.7
awgn,0.0,7,qpsk-r1/2,w,9,1,0,data,ok,8,8,3.6,69.7
awgn,0.0,7,ack-1f,w,2,2,0,ctl,ok,0,0,3.6,69.7
awgn,0.0,7,qpsk-r1/2,w,9,1,0,data,ok,8,8,3.5,69.7
awgn,0.0,7,ack-1f,w,2,2,0,ctl,ok,0,0,4.7,69.7
awgn,0.0,7,qpsk-r1/2,w,9,1,0,data,ok,8,8,3.4,69.7
awgn,0.0,7,ack-1f,w,2,2,0,ctl,ok,0,0,3.2,69.7
awgn,0.0,7,qpsk-r1/2,w,9,1,0,data,ok,8,8,3.4,69.7
awgn,0.0,7,ack-1f,w,2,2,0,ctl,ok,0,0,4.2,69.7
awgn,0.0,7,qpsk-r1/2,w,9,1,0,data,ok,8,8,3.5,69.7
awgn,0.0,7,ack-1f,w,2,2,0,ctl,ok,0,0,3.6,69.7
awgn,0.0,7,qpsk-r1/2,w,9,1,0,data,ok,8,8,3.4,69.7
awgn,0.0,7,ack-1f,w,2,2,0,ctl,ok,0,0,4.4,69.7
awgn,0.0,7,qpsk-r1/2,w,9,1,0,data,ok,8,8,3.6,69.7
awgn,0.0,7,ack-1f,w,2,2,0,ctl,ok,0,0,2.8,69.7
awgn,0.0,7,qpsk-r1/2,w,9,1,0,data,ok,8,8,3.5,69.7
awgn,0.0,7,ack-1f,w,2,2,0,ctl,ok,0,0,4.0,69.7
awgn,0.0,7,qpsk-r1/2,w,9,1,0,data,ok,8,8,3.6,69.7
awgn,0.0,7,ack-1f,w,2,2,0,ctl,ok,0,0,3.1,69.7
awgn,0.0,7,qpsk-r1/2,w,9,1,0,data,ok,8,8,3.5,69.7
awgn,0.0,7,ack-1f,w,2,2,0,ctl,ok,0,0,3.8,69.7
awgn,0.0,7,qpsk-r1/2,w,9,1,0,data,ok,8,8,3.6,69.7
awgn,0.0,7,ack-1f,w,2,2,0,ctl,ok,0,0,4.2,69.7
awgn,0.0,7,qpsk-r1/2,w,9,1,0,data,ok,8,8,3.6,69.7
awgn,0.0,7,ack-1f,w,2,2,0,ctl,ok,0,0,4.4,69.7
awgn,0.0,7,qpsk-r1/2,w,9,1,0,data,ok,8,8,3.6,69.7
awgn,0.0,7,ack-1f,w,2,2,0,ctl,ok,0,0,3.4,69.7
awgn,0.0,7,qpsk-r1/2,w,9,1,0,data,ok,8,8,3.5,69.7
awgn,0.0,7,ack-1f,w,2,2,0,ctl,ok,0,0,1.5,69.7
awgn,0.0,7,qpsk-r1/2,w,9,1,0,data,ok,8,8,3.7,69.7
awgn,0.0,7,ack-1f,w,2,2,0,ctl,ok,0,0,3.0,69.7
awgn,0.0,7,qpsk-r1/2,w,9,1,0,data,ok,8,8,3.6,69.7
awgn,0.0,7,ack-1f,w,2,2,0,ctl,ok,0,0,2.4,69.7
awgn,0.0,7,qpsk-r1/2,w,9,1,0,data,ok,8,8,3.4,69.7
awgn,0.0,7,ack-1f,w,2,2,0,ctl,ok,0,0,4.1,69.7
awgn,0.0,7,qpsk-r1/2,w,9,1,0,data,ok,8,8,3.6,69.7
awgn,0.0,7,ack-1f,w,2,2,0,ctl,ok,0,0,3.9,69.7
awgn,0.0,7,qpsk-r1/2,w,9,1,0,data,ok,8,8,3.5,69.7
awgn,0.0,7,ack-1f,w,2,2,0,ctl,ok,0,0,4.5,69.7
awgn,0.0,7,qpsk-r1/2,w,9,1,0,data,ok,8,8,3.5,69.7
awgn,0.0,7,ack-1f,w,2,2,0,ctl,ok,0,0,3.4,69.7
awgn,0.0,7,qpsk-r1/2,w,9,1,0,data,ok,8,8,3.6,69.7
awgn,0.0,7,ack-1f,w,2,2,0,ctl,ok,0,0,3.9,69.7
awgn,0.0,7,qpsk-r1/2,w,9,1,0,data,ok,8,8,3.4,69.7
awgn,0.0,7,ack-1f,w,2,2,0,ctl,ok,0,0,3.6,69.7
awgn,0.0,7,qpsk-r1/2,w,9,1,0,data,ok,8,8,3.7,69.7
awgn,0.0,7,ack-1f,w,2,2,0,ctl,ok,0,0,3.9,69.7
awgn,0.0,7,qpsk-r1/2,w,9,1,0,data,ok,8,8,3.7,69.7
awgn,0.0,7,ack-1f,w,2,2,0,ctl,ok,0,0,4.3,69.7
awgn,0.0,7,qpsk-r1/2,w,9,1,0,data,ok,8,8,3.7,69.7
awgn,0.0,7,ack-1f,w,2,2,0,ctl,ok,0,0,3.9,69.7
awgn,0.0,7,qpsk-r1/2,w,9,1,0,data,ok,8,8,3.4,69.7
awgn,0.0,7,ack-1f,w,2,2,0,ctl,ok,0,0,4.0,69.7
awgn,0.0,7,qpsk-r1/2,w,9,1,0,data,ok,8,8,3.7,69.7
awgn,0.0,7,ack-1f,w,2,2,0,ctl,ok,0,0,4.1,69.7
awgn,0.0,7,qpsk-r1/2,w,9,1,0,data,ok,8,8,3.4,69.7
awgn,0.0,7,ack-1f,w,2,2,0,ctl,ok,0,0,4.2,69.7
awgn,0.0,7,qpsk-r1/2,w,9,1,0,data,ok,8,8,3.7,69.7
awgn,0.0,7,ack-1f,w,2,2,0,ctl,ok,0,0,4.1,69.7
awgn,0.0,7,qpsk-r1/2,w,9,1,0,data,ok,8,8,3.5,69.7
awgn,0.0,7,ack-1f,w,2,2,0,ctl,ok,0,0,3.5,69.7
awgn,0.0,7,qpsk-r1/2,w,9,1,0,data,ok,8,8,3.6,69.7
awgn,0.0,7,ack-1f,w,2,2,0,ctl,ok,0,0,4.6,69.7
awgn,0.0,7,qpsk-r1/2,w,9,1,0,data,ok,8,8,3.3,69.7
awgn,0.0,7,ack-1f,w,2,2,0,ctl,ok,0,0,3.8,69.7
awgn,0.0,7,qpsk-r1/2,w,9,1,0,data,ok,8,8,3.7,69.7
awgn,0.0,7,ack-1f,w,2,2,0,ctl,ok,0,0,4.2,69.7
awgn,0.0,7,qpsk-r1/2,w,9,1,0,data,ok,8,8,3.5,69.7
awgn,0.0,7,ack-1f,w,2,2,0,ctl,ok,0,0,4.2,69.7
awgn,0.0,7,qpsk-r1/2,w,9,1,0,data,ok,8,8,3.4,69.7
awgn,0.0,7,ack-1f,w,2,2,0,ctl,ok,0,0,4.2,69.7
awgn,0.0,7,qpsk-r1/2,w,9,1,0,data,ok,8,8,3.6,69.7
awgn,0.0,7,ack-1f,w,2,2,0,ctl,ok,0,0,3.4,69.7
awgn,0.0,7,qpsk-r1/2,w,9,1,0,data,ok,8,8,3.3,69.7
awgn,0.0,7,ack-1f,w,2,2,0,ctl,ok,0,0,4.6,69.7
awgn,0.0,7,qpsk-r1/2,w,9,1,0,data,ok,8,8,3.6,69.7
awgn,0.0,7,ack-1f,w,2,2,0,ctl,ok,0,0,2.7,69.7
awgn,0.0,7,qpsk-r1/2,w,9,1,0,data,ok,8,8,3.6,69.7
awgn,0.0,7,ack-1f,w,2,2,0,ctl,ok,0,0,3.8,69.7
awgn,0.0,7,qpsk-r1/2,w,9,1,0,data,ok,8,8,3.4,69.7
awgn,0.0,7,ack-1f,w,2,2,0,ctl,ok,0,0,5.3,69.7
awgn,0.0,7,qpsk-r1/2,w,9,1,0,data,ok,8,8,3.5,69.7
awgn,0.0,5,qpsk-r1/5,w,1,1,0,ctl,ok,0,0,3.6,69.7
awgn,0.0,5,qpsk-r1/5,w,1,1,0,ctl,ok,0,0,3.5,69.7
awgn,0.0,5,ack-4f,w,3,3,0,ctl,ok,0,0,3.6,69.7
awgn,0.0,5,ack-1f,w,3,3,0,ctl,ok,0,0,4.1,69.7
awgn,0.0,5,qpsk-r1/2,w,9,2,1,data,ok,7,7,3.5,69.7
awgn,0.0,5,ack-1f,w,3,3,0,ctl,ok,0,0,4.3,69.7
awgn,0.0,5,qpsk-r1/2,w,9,2,1,data,ok,7,7,3.4,69.7
awgn,0.0,5,ack-1f,w,3,3,0,ctl,ok,0,0,3.5,69.7
awgn,0.0,5,qpsk-r1/2,w,9,2,1,data,ok,7,7,3.4,69.7
awgn,0.0,5,ack-1f,w,3,3,0,ctl,ok,0,0,4.2,69.7
awgn,0.0,5,qpsk-r1/2,w,9,2,1,data,ok,7,7,3.6,69.7
awgn,0.0,5,ack-1f,w,2,2,0,ctl,ok,0,0,4.5,69.7
awgn,0.0,5,qpsk-r1/2,w,9,1,0,data,ok,8,8,3.8,69.7
awgn,0.0,5,ack-1f,w,2,2,0,ctl,ok,0,0,4.3,69.7
awgn,0.0,5,qpsk-r1/2,w,9,1,0,data,ok,8,8,3.5,69.7
awgn,0.0,5,ack-1f,w,2,2,0,ctl,ok,0,0,4.6,69.7
awgn,0.0,5,qpsk-r1/2,w,9,1,0,data,ok,8,8,3.5,69.7
awgn,0.0,5,ack-1f,w,2,2,0,ctl,ok,0,0,3.9,69.7
awgn,0.0,5,qpsk-r1/2,w,9,1,0,data,ok,8,8,3.7,69.7
awgn,0.0,5,ack-1f,w,2,2,0,ctl,ok,0,0,3.7,69.7
awgn,0.0,5,qpsk-r1/2,w,9,1,0,data,ok,8,8,3.5,69.7
awgn,0.0,5,ack-1f,w,2,2,0,ctl,ok,0,0,4.7,69.7
awgn,0.0,5,qpsk-r1/2,w,9,1,0,data,ok,8,8,3.6,69.7
awgn,0.0,5,ack-1f,w,2,2,0,ctl,ok,0,0,3.7,69.7
awgn,0.0,5,qpsk-r1/2,w,9,1,0,data,ok,8,8,3.3,69.7
awgn,0.0,5,ack-1f,w,2,2,0,ctl,ok,0,0,3.8,69.7
awgn,0.0,5,qpsk-r1/2,w,9,1,0,data,ok,8,8,3.7,69.7
awgn,0.0,5,ack-1f,w,2,2,0,ctl,ok,0,0,3.6,69.7
awgn,0.0,5,qpsk-r1/2,w,9,1,0,data,ok,8,8,3.7,69.7
awgn,0.0,5,ack-1f,w,2,2,0,ctl,ok,0,0,4.5,69.7
awgn,0.0,5,qpsk-r1/2,w,9,1,0,data,ok,8,8,3.4,69.7
awgn,0.0,5,ack-1f,w,2,2,0,ctl,ok,0,0,4.0,69.7
awgn,0.0,5,qpsk-r1/2,w,9,1,0,data,ok,8,8,3.4,69.7
awgn,0.0,5,ack-1f,w,2,2,0,ctl,ok,0,0,3.2,69.7
awgn,0.0,5,qpsk-r1/2,w,9,1,0,data,ok,8,8,3.5,69.7
awgn,0.0,5,ack-1f,w,2,2,0,ctl,ok,0,0,3.8,69.7
awgn,0.0,5,qpsk-r1/2,w,9,1,0,data,ok,8,8,3.6,69.7
awgn,0.0,5,ack-1f,w,2,2,0,ctl,ok,0,0,3.1,69.7
awgn,0.0,5,qpsk-r1/2,w,9,1,0,data,ok,8,8,3.7,69.7
awgn,0.0,5,ack-1f,w,2,2,0,ctl,ok,0,0,4.1,69.7
awgn,0.0,5,qpsk-r1/2,w,9,1,0,data,ok,8,8,3.5,69.7
awgn,0.0,5,ack-1f,w,2,2,0,ctl,ok,0,0,4.5,69.7
awgn,0.0,5,qpsk-r1/2,w,9,1,0,data,ok,8,8,3.5,69.7
awgn,0.0,5,ack-1f,w,2,2,0,ctl,ok,0,0,3.0,69.7
awgn,0.0,5,qpsk-r1/2,w,9,1,0,data,ok,8,8,3.8,69.7
awgn,0.0,5,ack-1f,w,2,2,0,ctl,ok,0,0,3.5,69.7
awgn,0.0,5,qpsk-r1/2,w,9,1,0,data,ok,8,8,3.6,69.7
awgn,0.0,5,ack-1f,w,2,2,0,ctl,ok,0,0,4.2,69.7
awgn,0.0,5,qpsk-r1/2,w,9,1,0,data,ok,8,8,3.6,69.7
awgn,0.0,5,ack-1f,w,2,2,0,ctl,ok,0,0,4.0,69.7
awgn,0.0,5,qpsk-r1/2,w,9,1,0,data,ok,8,8,3.8,69.7
awgn,0.0,5,ack-1f,w,2,2,0,ctl,ok,0,0,3.0,69.7
awgn,0.0,5,qpsk-r1/2,w,9,1,0,data,ok,8,8,3.1,69.7
awgn,0.0,5,ack-1f,w,2,2,0,ctl,ok,0,0,3.9,69.7
awgn,0.0,5,qpsk-r1/2,w,9,1,0,data,ok,8,8,3.7,69.7
awgn,0.0,5,ack-1f,w,2,2,0,ctl,ok,0,0,4.1,69.7
awgn,0.0,5,qpsk-r1/2,w,9,1,0,data,ok,8,8,3.3,69.7
awgn,0.0,5,ack-1f,w,2,2,0,ctl,ok,0,0,4.3,69.7
awgn,0.0,5,qpsk-r1/2,w,9,1,0,data,ok,8,8,3.5,69.7
awgn,0.0,5,ack-1f,w,2,2,0,ctl,ok,0,0,2.3,69.7
awgn,0.0,5,qpsk-r1/2,w,9,1,0,data,ok,8,8,3.3,69.7
awgn,0.0,5,ack-1f,w,2,2,0,ctl,ok,0,0,3.4,69.7
awgn,0.0,5,qpsk-r1/2,w,9,1,0,data,ok,8,8,3.7,69.7
awgn,0.0,5,ack-1f,w,2,2,0,ctl,ok,0,0,3.3,69.7
awgn,0.0,5,qpsk-r1/2,w,9,1,0,data,ok,8,8,3.6,69.7
awgn,0.0,5,ack-1f,w,2,2,0,ctl,ok,0,0,3.8,69.7
awgn,0.0,5,qpsk-r1/2,w,9,1,0,data,ok,8,8,3.5,69.7
awgn,0.0,5,ack-1f,w,2,2,0,ctl,ok,0,0,3.6,69.7
awgn,0.0,5,qpsk-r1/2,w,9,1,0,data,ok,8,8,3.8,69.7
awgn,0.0,5,ack-1f,w,2,2,0,ctl,ok,0,0,2.7,69.7
awgn,0.0,5,qpsk-r1/2,w,9,1,0,data,ok,8,8,3.7,69.7
awgn,0.0,5,ack-1f,w,2,2,0,ctl,ok,0,0,3.7,69.7
awgn,0.0,5,qpsk-r1/2,w,9,1,0,data,ok,8,8,3.5,69.7
awgn,0.0,5,ack-1f,w,2,2,0,ctl,ok,0,0,4.4,69.7
awgn,0.0,5,qpsk-r1/2,w,9,1,0,data,ok,8,8,3.5,69.7
awgn,0.0,5,ack-1f,w,2,2,0,ctl,ok,0,0,4.0,69.7
awgn,0.0,5,qpsk-r1/2,w,9,1,0,data,ok,8,8,3.5,69.7
awgn,0.0,5,ack-1f,w,2,2,0,ctl,ok,0,0,2.9,69.7
awgn,0.0,5,qpsk-r1/2,w,9,1,0,data,ok,8,8,3.6,69.7
awgn,0.0,5,ack-1f,w,2,2,0,ctl,ok,0,0,0.4,69.7
awgn,0.0,5,qpsk-r1/2,w,9,1,0,data,ok,8,8,3.7,69.7
awgn,0.0,5,ack-1f,w,2,2,0,ctl,ok,0,0,1.6,69.7
awgn,0.0,5,qpsk-r1/2,w,9,1,0,data,ok,8,8,3.7,69.7
awgn,0.0,5,ack-1f,w,2,2,0,ctl,ok,0,0,4.5,69.7
awgn,0.0,5,qpsk-r1/2,w,9,1,0,data,ok,8,8,3.7,69.7
awgn,0.0,5,ack-1f,w,2,2,0,ctl,ok,0,0,1.7,69.7
awgn,0.0,5,qpsk-r1/2,w,9,1,0,data,ok,8,8,3.5,69.7
awgn,0.0,5,ack-1f,w,2,2,0,ctl,ok,0,0,4.0,69.7
awgn,0.0,5,qpsk-r1/2,w,9,1,0,data,ok,8,8,3.2,69.7
awgn,0.0,5,ack-1f,w,2,2,0,ctl,ok,0,0,3.1,69.7
awgn,0.0,5,qpsk-r1/2,w,9,1,0,data,ok,8,8,3.6,69.7
awgn,0.0,5,ack-1f,w,2,2,0,ctl,ok,0,0,3.4,69.7
awgn,0.0,5,qpsk-r1/2,w,9,1,0,data,ok,8,8,3.6,69.7
awgn,0.0,5,ack-1f,w,2,2,0,ctl,ok,0,0,3.0,69.7
awgn,0.0,5,qpsk-r1/2,w,9,1,0,data,ok,8,8,3.8,69.7
awgn,0.0,5,ack-1f,w,2,2,0,ctl,ok,0,0,3.5,69.7
awgn,0.0,5,qpsk-r1/2,w,9,1,0,data,ok,8,8,3.4,69.7
awgn,0.0,2,qpsk-r1/5,w,1,1,0,ctl,ok,0,0,3.3,69.7
awgn,0.0,2,qpsk-r1/5,w,1,1,0,ctl,ok,0,0,3.5,69.7
awgn,0.0,2,ack-4f,w,3,3,0,ctl,ok,0,0,3.6,69.7
awgn,0.0,2,ack-1f,w,3,3,0,ctl,ok,0,0,1.9,69.7
awgn,0.0,2,qpsk-r1/2,w,9,2,1,data,ok,7,7,3.6,69.7
awgn,0.0,2,ack-1f,w,3,3,0,ctl,ok,0,0,3.4,69.7
awgn,0.0,2,qpsk-r1/2,w,9,2,1,data,ok,7,7,3.8,69.7
awgn,0.0,2,ack-1f,w,3,3,0,ctl,ok,0,0,3.4,69.7
awgn,0.0,2,qpsk-r1/2,w,9,2,1,data,ok,7,7,3.7,69.7
awgn,0.0,2,ack-1f,w,2,2,0,ctl,ok,0,0,3.3,69.7
awgn,0.0,2,qpsk-r1/2,w,9,1,0,data,ok,8,8,3.4,69.7
awgn,0.0,2,ack-1f,w,3,3,0,ctl,ok,0,0,3.9,69.7
awgn,0.0,2,qpsk-r1/2,w,9,2,1,data,ok,7,7,3.5,69.7
awgn,0.0,2,ack-1f,w,2,2,0,ctl,ok,0,0,3.6,69.7
awgn,0.0,2,qpsk-r1/2,w,9,1,0,data,ok,8,8,3.6,69.7
awgn,0.0,2,ack-1f,w,2,2,0,ctl,ok,0,0,3.2,69.7
awgn,0.0,2,qpsk-r1/2,w,9,1,0,data,ok,8,8,3.5,69.7
awgn,0.0,2,ack-1f,w,2,2,0,ctl,ok,0,0,3.4,69.7
awgn,0.0,2,qpsk-r1/2,w,9,1,0,data,ok,8,8,3.5,69.7
awgn,0.0,2,ack-1f,w,2,2,0,ctl,ok,0,0,3.8,69.7
awgn,0.0,2,qpsk-r1/2,w,9,1,0,data,ok,8,8,3.5,69.7
awgn,0.0,2,ack-1f,w,2,2,0,ctl,ok,0,0,4.2,69.7
awgn,0.0,2,qpsk-r1/2,w,9,1,0,data,ok,8,8,3.4,69.7
awgn,0.0,2,ack-1f,w,2,2,0,ctl,ok,0,0,3.8,69.7
awgn,0.0,2,qpsk-r1/2,w,9,1,0,data,ok,8,8,3.5,69.7
awgn,0.0,2,ack-1f,w,2,2,0,ctl,ok,0,0,3.8,69.7
awgn,0.0,2,qpsk-r1/2,w,9,1,0,data,ok,8,8,3.6,69.7
awgn,0.0,2,ack-1f,w,2,2,0,ctl,ok,0,0,1.7,69.7
awgn,0.0,2,qpsk-r1/2,w,9,1,0,data,ok,8,8,3.4,69.7
awgn,0.0,2,ack-1f,w,2,2,0,ctl,ok,0,0,3.9,69.7
awgn,0.0,2,qpsk-r1/2,w,9,1,0,data,ok,8,8,3.8,69.7
awgn,0.0,2,ack-1f,w,2,2,0,ctl,ok,0,0,3.7,69.7
awgn,0.0,2,qpsk-r1/2,w,9,1,0,data,ok,8,8,3.4,69.7
awgn,0.0,2,ack-1f,w,2,2,0,ctl,ok,0,0,4.8,69.7
awgn,0.0,2,qpsk-r1/2,w,9,1,0,data,ok,8,8,3.3,69.7
awgn,0.0,2,ack-1f,w,2,2,0,ctl,ok,0,0,4.4,69.7
awgn,0.0,2,qpsk-r1/2,w,9,1,0,data,ok,8,8,3.6,69.7
awgn,0.0,2,ack-1f,w,2,2,0,ctl,ok,0,0,3.0,69.7
awgn,0.0,2,qpsk-r1/2,w,9,1,0,data,ok,8,8,3.5,69.7
awgn,0.0,2,ack-1f,w,2,2,0,ctl,ok,0,0,3.2,69.7
awgn,0.0,2,qpsk-r1/2,w,9,1,0,data,ok,8,8,3.4,69.7
awgn,0.0,2,ack-1f,w,2,2,0,ctl,ok,0,0,3.6,69.7
awgn,0.0,2,qpsk-r1/2,w,9,1,0,data,ok,8,8,3.6,69.7
awgn,0.0,2,ack-1f,w,2,2,0,ctl,ok,0,0,3.4,69.7
awgn,0.0,2,qpsk-r1/2,w,9,1,0,data,ok,8,8,3.5,69.7
awgn,0.0,2,ack-1f,w,2,2,0,ctl,ok,0,0,4.0,69.7
awgn,0.0,2,qpsk-r1/2,w,9,1,0,data,ok,8,8,3.2,69.7
awgn,0.0,2,ack-1f,w,2,2,0,ctl,ok,0,0,3.8,69.7
awgn,0.0,2,qpsk-r1/2,w,9,1,0,data,ok,8,8,3.4,69.7
awgn,0.0,2,ack-1f,w,2,2,0,ctl,ok,0,0,3.5,69.7
awgn,0.0,2,qpsk-r1/2,w,9,1,0,data,ok,8,8,3.6,69.7
awgn,0.0,2,ack-1f,w,2,2,0,ctl,ok,0,0,4.8,69.7
awgn,0.0,2,qpsk-r1/2,w,9,1,0,data,ok,8,8,3.5,69.7
awgn,0.0,2,ack-1f,w,2,2,0,ctl,ok,0,0,4.3,69.7
awgn,0.0,2,qpsk-r1/2,w,9,1,0,data,ok,8,8,3.5,69.7
awgn,0.0,2,ack-1f,w,2,2,0,ctl,ok,0,0,3.7,69.7
awgn,0.0,2,qpsk-r1/2,w,9,1,0,data,ok,8,8,3.5,69.7
awgn,0.0,2,ack-1f,w,2,2,0,ctl,ok,0,0,5.0,69.7
awgn,0.0,2,qpsk-r1/2,w,9,1,0,data,ok,8,8,3.8,69.7
awgn,0.0,2,ack-1f,w,2,2,0,ctl,ok,0,0,3.7,69.7
awgn,0.0,2,qpsk-r1/2,w,9,1,0,data,ok,8,8,3.6,69.7
awgn,0.0,2,ack-1f,w,2,2,0,ctl,ok,0,0,3.9,69.7
awgn,0.0,2,qpsk-r1/2,w,9,1,0,data,ok,8,8,3.4,69.7
awgn,0.0,2,ack-1f,w,2,2,0,ctl,ok,0,0,4.5,69.7
awgn,0.0,2,qpsk-r1/2,w,9,1,0,data,ok,8,8,3.7,69.7
awgn,0.0,2,ack-1f,w,2,2,0,ctl,ok,0,0,4.0,69.7
awgn,0.0,2,qpsk-r1/2,w,9,1,0,data,ok,8,8,3.4,69.7
awgn,0.0,2,ack-1f,w,2,2,0,ctl,ok,0,0,4.2,69.7
awgn,0.0,2,qpsk-r1/2,w,9,1,0,data,ok,8,8,3.6,69.7
awgn,0.0,2,ack-1f,w,2,2,0,ctl,ok,0,0,3.4,69.7
awgn,0.0,2,qpsk-r1/2,w,9,1,0,data,ok,8,8,3.6,69.7
awgn,0.0,2,ack-1f,w,2,2,0,ctl,ok,0,0,4.2,69.7
awgn,0.0,2,qpsk-r1/2,w,9,1,0,data,ok,8,8,3.5,69.7
awgn,0.0,2,ack-1f,w,2,2,0,ctl,ok,0,0,3.0,69.7
awgn,0.0,2,qpsk-r1/2,w,9,1,0,data,ok,8,8,3.7,69.7
awgn,0.0,2,ack-1f,w,2,2,0,ctl,ok,0,0,4.1,69.7
awgn,0.0,2,qpsk-r1/2,w,9,1,0,data,ok,8,8,3.6,69.7
awgn,0.0,2,ack-1f,w,2,2,0,ctl,ok,0,0,3.3,69.7
awgn,0.0,2,qpsk-r1/2,w,9,1,0,data,ok,8,8,3.6,69.7
awgn,0.0,2,ack-1f,w,2,2,0,ctl,ok,0,0,4.0,69.7
awgn,0.0,2,qpsk-r1/2,w,9,1,0,data,ok,8,8,3.7,69.7
awgn,0.0,2,ack-1f,w,2,2,0,ctl,ok,0,0,4.6,69.7
awgn,0.0,2,qpsk-r1/2,w,9,1,0,data,ok,8,8,3.7,69.7
awgn,0.0,2,ack-1f,w,2,2,0,ctl,ok,0,0,4.0,69.7
awgn,0.0,2,qpsk-r1/2,w,9,1,0,data,ok,8,8,3.5,69.7
awgn,0.0,2,ack-1f,w,2,2,0,ctl,ok,0,0,3.2,69.7
awgn,0.0,2,qpsk-r1/2,w,9,1,0,data,ok,8,8,3.5,69.7
awgn,0.0,2,ack-1f,w,2,2,0,ctl,ok,0,0,2.6,69.7
awgn,0.0,2,qpsk-r1/2,w,9,1,0,data,ok,8,8,3.6,69.7
awgn,0.0,2,ack-1f,w,2,2,0,ctl,ok,0,0,3.8,69.7
awgn,0.0,2,qpsk-r1/2,w,9,1,0,data,ok,8,8,3.6,69.7
awgn,0.0,2,ack-1f,w,2,2,0,ctl,ok,0,0,4.1,69.7
awgn,0.0,2,qpsk-r1/2,w,9,1,0,data,ok,8,8,3.5,69.7
awgn,0.0,2,ack-1f,w,2,2,0,ctl,ok,0,0,3.7,69.7
awgn,0.0,2,qpsk-r1/2,w,9,1,0,data,ok,8,8,3.6,69.7
awgn,0.0,2,ack-1f,w,2,2,0,ctl,ok,0,0,4.3,69.7
awgn,0.0,2,qpsk-r1/2,w,9,1,0,data,ok,8,8,3.5,69.7
awgn,0.0,0,qpsk-r1/5,w,1,1,0,ctl,ok,0,0,3.8,69.7
awgn,0.0,0,qpsk-r1/5,w,1,1,0,ctl,ok,0,0,3.5,69.7
awgn,0.0,0,ack-4f,w,3,3,0,ctl,ok,0,0,3.6,69.7
awgn,0.0,0,ack-1f,w,3,3,0,ctl,ok,0,0,3.4,69.7
awgn,0.0,0,qpsk-r1/2,w,9,2,1,data,ok,7,7,3.7,69.7
awgn,0.0,0,ack-1f,w,3,3,0,ctl,ok,0,0,3.8,69.7
awgn,0.0,0,qpsk-r1/2,w,9,2,1,data,ok,7,7,3.3,69.7
awgn,0.0,0,ack-1f,w,3,3,0,ctl,ok,0,0,3.5,69.7
awgn,0.0,0,qpsk-r1/2,w,9,2,1,data,ok,7,7,3.4,69.7
awgn,0.0,0,ack-1f,w,3,3,0,ctl,ok,0,0,4.0,69.7
awgn,0.0,0,qpsk-r1/2,w,9,2,1,data,ok,7,7,3.5,69.7
awgn,0.0,0,ack-1f,w,3,3,0,ctl,ok,0,0,3.8,69.7
awgn,0.0,0,qpsk-r1/2,w,9,2,1,data,ok,7,7,3.4,69.7
awgn,0.0,0,ack-1f,w,2,2,0,ctl,ok,0,0,4.3,69.7
awgn,0.0,0,qpsk-r1/2,w,9,1,0,data,ok,8,8,3.5,69.7
awgn,0.0,0,ack-1f,w,2,2,0,ctl,ok,0,0,3.2,69.7
awgn,0.0,0,qpsk-r1/2,w,9,1,0,data,ok,8,8,3.4,69.7
awgn,0.0,0,ack-1f,w,2,2,0,ctl,ok,0,0,2.9,69.7
awgn,0.0,0,qpsk-r1/2,w,9,1,0,data,ok,8,8,3.5,69.7
awgn,0.0,0,ack-1f,w,2,2,0,ctl,ok,0,0,3.6,69.7
awgn,0.0,0,qpsk-r1/2,w,9,1,0,data,ok,8,8,3.4,69.7
awgn,0.0,0,ack-1f,w,2,2,0,ctl,ok,0,0,3.0,69.7
awgn,0.0,0,qpsk-r1/2,w,9,1,0,data,ok,8,8,3.5,69.7
awgn,0.0,0,ack-1f,w,2,2,0,ctl,ok,0,0,5.2,69.7
awgn,0.0,0,qpsk-r1/2,w,9,1,0,data,ok,8,8,3.4,69.7
awgn,0.0,0,ack-1f,w,2,2,0,ctl,ok,0,0,4.2,69.7
awgn,0.0,0,qpsk-r1/2,w,9,1,0,data,ok,8,8,3.4,69.7
awgn,0.0,0,ack-1f,w,2,2,0,ctl,ok,0,0,2.9,69.7
awgn,0.0,0,qpsk-r1/2,w,9,1,0,data,ok,8,8,3.4,69.7
awgn,0.0,0,ack-1f,w,2,2,0,ctl,ok,0,0,2.8,69.7
awgn,0.0,0,qpsk-r1/2,w,9,1,0,data,ok,8,8,3.7,69.7
awgn,0.0,0,ack-1f,w,2,2,0,ctl,ok,0,0,3.9,69.7
awgn,0.0,0,qpsk-r1/2,w,9,1,0,data,ok,8,8,3.6,69.7
awgn,0.0,0,ack-1f,w,2,2,0,ctl,ok,0,0,4.1,69.7
awgn,0.0,0,qpsk-r1/2,w,9,1,0,data,ok,8,8,3.7,69.7
awgn,0.0,0,ack-1f,w,2,2,0,ctl,ok,0,0,3.7,69.7
awgn,0.0,0,qpsk-r1/2,w,9,1,0,data,ok,8,8,3.7,69.7
awgn,0.0,0,ack-1f,w,2,2,0,ctl,ok,0,0,3.9,69.7
awgn,0.0,0,qpsk-r1/2,w,9,1,0,data,ok,8,8,3.5,69.7
awgn,0.0,0,ack-1f,w,2,2,0,ctl,ok,0,0,4.1,69.7
awgn,0.0,0,qpsk-r1/2,w,9,1,0,data,ok,8,8,3.6,69.7
awgn,0.0,0,ack-1f,w,2,2,0,ctl,ok,0,0,4.2,69.7
awgn,0.0,0,qpsk-r1/2,w,9,1,0,data,ok,8,8,3.6,69.7
awgn,0.0,0,ack-1f,w,2,2,0,ctl,ok,0,0,2.4,69.7
awgn,0.0,0,qpsk-r1/2,w,9,1,0,data,ok,8,8,3.6,69.7
awgn,0.0,0,ack-1f,w,2,2,0,ctl,ok,0,0,3.5,69.7
awgn,0.0,0,qpsk-r1/2,w,9,1,0,data,ok,8,8,3.4,69.7
awgn,0.0,0,ack-1f,w,2,2,0,ctl,ok,0,0,3.2,69.7
awgn,0.0,0,qpsk-r1/2,w,9,1,0,data,ok,8,8,3.4,69.7
awgn,0.0,0,ack-1f,w,2,2,0,ctl,ok,0,0,3.7,69.7
awgn,0.0,0,qpsk-r1/2,w,9,1,0,data,ok,8,8,3.4,69.7
awgn,0.0,0,ack-1f,w,2,2,0,ctl,ok,0,0,3.7,69.7
awgn,0.0,0,qpsk-r1/2,w,9,1,0,data,ok,8,8,3.6,69.7
awgn,0.0,0,ack-1f,w,2,2,0,ctl,ok,0,0,4.1,69.7
awgn,0.0,0,qpsk-r1/2,w,9,1,0,data,ok,8,8,3.2,69.7
awgn,0.0,0,ack-1f,w,2,2,0,ctl,ok,0,0,3.9,69.7
awgn,0.0,0,qpsk-r1/2,w,9,1,0,data,ok,8,8,3.5,69.7
awgn,0.0,0,ack-1f,w,2,2,0,ctl,ok,0,0,2.8,69.7
awgn,0.0,0,qpsk-r1/2,w,9,1,0,data,ok,8,8,3.6,69.7
awgn,0.0,0,ack-1f,w,2,2,0,ctl,ok,0,0,2.9,69.7
awgn,0.0,0,qpsk-r1/2,w,9,1,0,data,ok,8,8,3.4,69.7
awgn,0.0,0,ack-1f,w,2,2,0,ctl,ok,0,0,4.5,69.7
awgn,0.0,0,qpsk-r1/2,w,9,1,0,data,ok,8,8,3.4,69.7
awgn,0.0,0,ack-1f,w,2,2,0,ctl,ok,0,0,3.6,69.7
awgn,0.0,0,qpsk-r1/2,w,9,1,0,data,ok,8,8,3.7,69.7
awgn,0.0,0,ack-1f,w,2,2,0,ctl,ok,0,0,4.8,69.7
awgn,0.0,0,qpsk-r1/2,w,9,1,0,data,ok,8,8,3.7,69.7
awgn,0.0,0,ack-1f,w,2,2,0,ctl,ok,0,0,3.5,69.7
awgn,0.0,0,qpsk-r1/2,w,9,1,0,data,ok,8,8,3.4,69.7
awgn,0.0,0,ack-1f,w,2,2,0,ctl,ok,0,0,3.2,69.7
awgn,0.0,0,qpsk-r1/2,w,9,1,0,data,ok,8,8,3.5,69.7
awgn,0.0,0,ack-1f,w,2,2,0,ctl,ok,0,0,3.9,69.7
awgn,0.0,0,qpsk-r1/2,w,9,1,0,data,ok,8,8,3.5,69.7
awgn,0.0,0,ack-1f,w,2,2,0,ctl,ok,0,0,3.1,69.7
awgn,0.0,0,qpsk-r1/2,w,9,1,0,data,ok,8,8,3.6,69.7
awgn,0.0,0,ack-1f,w,2,2,0,ctl,ok,0,0,3.7,69.7
awgn,0.0,0,qpsk-r1/2,w,9,1,0,data,ok,8,8,3.5,69.7
awgn,0.0,0,ack-1f,w,2,2,0,ctl,ok,0,0,4.5,69.7
awgn,0.0,0,qpsk-r1/2,w,9,1,0,data,ok,8,8,3.4,69.7
awgn,0.0,0,ack-1f,w,2,2,0,ctl,ok,0,0,4.3,69.7
awgn,0.0,0,qpsk-r1/2,w,9,1,0,data,ok,8,8,3.4,69.7
awgn,0.0,0,ack-1f,w,2,2,0,ctl,ok,0,0,4.6,69.7
awgn,0.0,0,qpsk-r1/2,w,9,1,0,data,ok,8,8,3.3,69.7
awgn,0.0,0,ack-1f,w,2,2,0,ctl,ok,0,0,3.4,69.7
awgn,0.0,0,qpsk-r1/2,w,9,1,0,data,ok,8,8,3.6,69.7
awgn,0.0,0,ack-1f,w,2,2,0,ctl,ok,0,0,3.8,69.7
awgn,0.0,0,qpsk-r1/2,w,9,1,0,data,ok,8,8,3.6,69.7
awgn,0.0,0,ack-1f,w,2,2,0,ctl,ok,0,0,2.9,69.7
awgn,0.0,0,qpsk-r1/2,w,9,1,0,data,ok,8,8,3.7,69.7
awgn,0.0,0,ack-1f,w,2,2,0,ctl,ok,0,0,3.8,69.7
awgn,0.0,0,qpsk-r1/2,w,9,1,0,data,ok,8,8,3.6,69.7
awgn,0.0,0,ack-1f,w,2,2,0,ctl,ok,0,0,4.4,69.7
awgn,0.0,0,qpsk-r1/2,w,9,1,0,data,ok,8,8,3.7,69.7
awgn,0.0,0,ack-1f,w,2,2,0,ctl,ok,0,0,2.3,69.7
awgn,0.0,0,qpsk-r1/2,w,9,1,0,data,ok,8,8,3.3,69.7
awgn,0.0,0,ack-1f,w,2,2,0,ctl,ok,0,0,3.6,69.7
awgn,0.0,0,qpsk-r1/2,w,9,1,0,data,ok,8,8,3.6,69.7
awgn,0.0,1,qpsk-r1/5,w,1,1,0,ctl,ok,0,0,3.6,69.7
awgn,0.0,1,qpsk-r1/5,w,1,1,0,ctl,ok,0,0,3.1,69.7
awgn,0.0,1,ack-4f,w,3,3,0,ctl,ok,0,0,3.6,69.7
awgn,0.0,1,ack-1f,w,3,3,0,ctl,ok,0,0,4.4,69.7
awgn,0.0,1,qpsk-r1/2,w,9,2,1,data,ok,7,7,3.6,69.7
awgn,0.0,1,ack-1f,w,3,3,0,ctl,ok,0,0,4.9,69.7
awgn,0.0,1,qpsk-r1/2,w,9,2,1,data,ok,7,7,3.3,69.7
awgn,0.0,1,ack-1f,w,3,3,0,ctl,ok,0,0,3.3,69.7
awgn,0.0,1,qpsk-r1/2,w,9,2,1,data,ok,7,7,3.5,69.7
awgn,0.0,1,ack-1f,w,3,3,0,ctl,ok,0,0,3.9,69.7
awgn,0.0,1,qpsk-r1/2,w,9,2,1,data,ok,7,7,3.4,69.7
awgn,0.0,1,ack-1f,w,3,3,0,ctl,ok,0,0,3.5,69.7
awgn,0.0,1,qpsk-r1/2,w,9,2,1,data,ok,7,7,3.6,69.7
awgn,0.0,1,ack-1f,w,2,2,0,ctl,ok,0,0,4.0,69.7
awgn,0.0,1,qpsk-r1/2,w,9,1,0,data,ok,8,8,3.5,69.7
awgn,0.0,1,ack-1f,w,2,2,0,ctl,ok,0,0,3.2,69.7
awgn,0.0,1,qpsk-r1/2,w,9,1,0,data,ok,8,8,3.8,69.7
awgn,0.0,1,ack-1f,w,2,2,0,ctl,ok,0,0,4.3,69.7
awgn,0.0,1,qpsk-r1/2,w,9,1,0,data,ok,8,8,3.6,69.7
awgn,0.0,1,ack-1f,w,2,2,0,ctl,ok,0,0,3.6,69.7
awgn,0.0,1,qpsk-r1/2,w,9,1,0,data,ok,8,8,3.5,69.7
awgn,0.0,1,ack-1f,w,2,2,0,ctl,ok,0,0,3.2,69.7
awgn,0.0,1,qpsk-r1/2,w,9,1,0,data,ok,8,8,3.4,69.7
awgn,0.0,1,ack-1f,w,2,2,0,ctl,ok,0,0,4.0,69.7
awgn,0.0,1,qpsk-r1/2,w,9,1,0,data,ok,8,8,3.7,69.7
awgn,0.0,1,ack-1f,w,2,2,0,ctl,ok,0,0,2.9,69.7
awgn,0.0,1,qpsk-r1/2,w,9,1,0,data,ok,8,8,3.5,69.7
awgn,0.0,1,ack-1f,w,2,2,0,ctl,ok,0,0,1.2,69.7
awgn,0.0,1,qpsk-r1/2,w,9,1,0,data,ok,8,8,3.8,69.7
awgn,0.0,1,ack-1f,w,2,2,0,ctl,ok,0,0,4.0,69.7
awgn,0.0,1,qpsk-r1/2,w,9,1,0,data,ok,8,8,3.6,69.7
awgn,0.0,1,ack-1f,w,2,2,0,ctl,ok,0,0,3.5,69.7
awgn,0.0,1,qpsk-r1/2,w,9,1,0,data,ok,8,8,3.5,69.7
awgn,0.0,1,ack-1f,w,2,2,0,ctl,ok,0,0,3.7,69.7
awgn,0.0,1,qpsk-r1/2,w,9,1,0,data,ok,8,8,3.7,69.7
awgn,0.0,1,ack-1f,w,2,2,0,ctl,ok,0,0,3.8,69.7
awgn,0.0,1,qpsk-r1/2,w,9,1,0,data,ok,8,8,3.4,69.7
awgn,0.0,1,ack-1f,w,2,2,0,ctl,ok,0,0,3.4,69.7
awgn,0.0,1,qpsk-r1/2,w,9,1,0,data,ok,8,8,3.6,69.7
awgn,0.0,1,ack-1f,w,2,2,0,ctl,ok,0,0,4.1,69.7
awgn,0.0,1,qpsk-r1/2,w,9,1,0,data,ok,8,8,3.6,69.7
awgn,0.0,1,ack-1f,w,2,2,0,ctl,ok,0,0,3.5,69.7
awgn,0.0,1,qpsk-r1/2,w,9,1,0,data,ok,8,8,3.7,69.7
awgn,0.0,1,ack-1f,w,2,2,0,ctl,ok,0,0,4.7,69.7
awgn,0.0,1,qpsk-r1/2,w,9,1,0,data,ok,8,8,3.5,69.7
awgn,0.0,1,ack-1f,w,2,2,0,ctl,ok,0,0,2.7,69.7
awgn,0.0,1,qpsk-r1/2,w,9,1,0,data,ok,8,8,3.3,69.7
awgn,0.0,1,ack-1f,w,2,2,0,ctl,ok,0,0,3.4,69.7
awgn,0.0,1,qpsk-r1/2,w,9,1,0,data,ok,8,8,3.6,69.7
awgn,0.0,1,ack-1f,w,2,2,0,ctl,ok,0,0,3.1,69.7
awgn,0.0,1,qpsk-r1/2,w,9,1,0,data,ok,8,8,3.4,69.7
awgn,0.0,1,ack-1f,w,2,2,0,ctl,ok,0,0,3.8,69.7
awgn,0.0,1,qpsk-r1/2,w,9,1,0,data,ok,8,8,3.7,69.7
awgn,0.0,1,ack-1f,w,2,2,0,ctl,ok,0,0,4.9,69.7
awgn,0.0,1,qpsk-r1/2,w,9,1,0,data,ok,8,8,3.5,69.7
awgn,0.0,1,ack-1f,w,2,2,0,ctl,ok,0,0,3.5,69.7
awgn,0.0,1,qpsk-r1/2,w,9,1,0,data,ok,8,8,3.5,69.7
awgn,0.0,1,ack-1f,w,2,2,0,ctl,ok,0,0,3.6,69.7
awgn,0.0,1,qpsk-r1/2,w,9,1,0,data,ok,8,8,3.5,69.7
awgn,0.0,1,ack-1f,w,2,2,0,ctl,ok,0,0,4.5,69.7
awgn,0.0,1,qpsk-r1/2,w,9,1,0,data,ok,8,8,3.4,69.7
awgn,0.0,1,ack-1f,w,2,2,0,ctl,ok,0,0,3.7,69.7
awgn,0.0,1,qpsk-r1/2,w,9,1,0,data,ok,8,8,3.4,69.7
awgn,0.0,1,ack-1f,w,2,2,0,ctl,ok,0,0,4.8,69.7
awgn,0.0,1,qpsk-r1/2,w,9,1,0,data,ok,8,8,3.4,69.7
awgn,0.0,1,ack-1f,w,2,2,0,ctl,ok,0,0,4.2,69.7
awgn,0.0,1,qpsk-r1/2,w,9,1,0,data,ok,8,8,3.6,69.7
awgn,0.0,1,ack-1f,w,2,2,0,ctl,ok,0,0,2.9,69.7
awgn,0.0,1,qpsk-r1/2,w,9,1,0,data,ok,8,8,3.5,69.7
awgn,0.0,1,ack-1f,w,2,2,0,ctl,ok,0,0,4.4,69.7
awgn,0.0,1,qpsk-r1/2,w,9,1,0,data,ok,8,8,3.6,69.7
awgn,0.0,1,ack-1f,w,2,2,0,ctl,ok,0,0,3.4,69.7
awgn,0.0,1,qpsk-r1/2,w,9,1,0,data,ok,8,8,3.5,69.7
awgn,0.0,1,ack-1f,w,2,2,0,ctl,ok,0,0,3.2,69.7
awgn,0.0,1,qpsk-r1/2,w,9,1,0,data,ok,8,8,3.7,69.7
awgn,0.0,1,ack-1f,w,2,2,0,ctl,ok,0,0,3.3,69.7
awgn,0.0,1,qpsk-r1/2,w,9,1,0,data,ok,8,8,3.4,69.7
awgn,0.0,1,ack-1f,w,2,2,0,ctl,ok,0,0,3.8,69.7
awgn,0.0,1,qpsk-r1/2,w,9,1,0,data,ok,8,8,3.8,69.7
awgn,0.0,1,ack-1f,w,2,2,0,ctl,ok,0,0,2.8,69.7
awgn,0.0,1,qpsk-r1/2,w,9,1,0,data,ok,8,8,3.3,69.7
awgn,0.0,1,ack-1f,w,2,2,0,ctl,ok,0,0,4.3,69.7
awgn,0.0,1,qpsk-r1/2,w,9,1,0,data,ok,8,8,3.3,69.7
awgn,0.0,1,ack-1f,w,2,2,0,ctl,ok,0,0,2.9,69.7
awgn,0.0,1,qpsk-r1/2,w,9,1,0,data,ok,8,8,3.6,69.7
awgn,0.0,1,ack-1f,w,2,2,0,ctl,ok,0,0,4.2,69.7
awgn,0.0,1,qpsk-r1/2,w,9,1,0,data,ok,8,8,3.7,69.7
awgn,0.0,1,ack-1f,w,2,2,0,ctl,ok,0,0,2.3,69.7
awgn,0.0,1,qpsk-r1/2,w,9,1,0,data,ok,8,8,3.7,69.7
awgn,0.0,1,ack-1f,w,2,2,0,ctl,ok,0,0,3.3,69.7
awgn,0.0,1,qpsk-r1/2,w,9,1,0,data,ok,8,8,3.6,69.7
awgn,0.0,1,ack-1f,w,2,2,0,ctl,ok,0,0,3.5,69.7
awgn,0.0,1,qpsk-r1/2,w,9,1,0,data,ok,8,8,3.4,69.7
awgn,0.0,1,ack-1f,w,2,2,0,ctl,ok,0,0,4.1,69.7
awgn,0.0,1,qpsk-r1/2,w,9,1,0,data,ok,8,8,3.4,69.7
awgn,0.0,1,ack-1f,w,2,2,0,ctl,ok,0,0,3.6,69.7
awgn,0.0,1,qpsk-r1/2,w,9,1,0,data,ok,8,8,3.6,69.7
awgn,0.0,6,qpsk-r1/5,w,1,1,0,ctl,ok,0,0,3.9,69.7
awgn,0.0,6,qpsk-r1/5,w,1,1,0,ctl,ok,0,0,3.5,69.7
awgn,0.0,6,ack-4f,w,3,3,0,ctl,ok,0,0,3.6,69.7
awgn,0.0,6,ack-1f,w,3,3,0,ctl,ok,0,0,3.7,69.7
awgn,0.0,6,qpsk-r1/2,w,9,2,1,data,ok,7,7,3.7,69.7
awgn,0.0,6,ack-1f,w,3,3,0,ctl,ok,0,0,3.2,69.7
awgn,0.0,6,qpsk-r1/2,w,9,2,1,data,ok,7,7,3.3,69.7
awgn,0.0,6,ack-1f,w,3,3,0,ctl,ok,0,0,3.0,69.7
awgn,0.0,6,qpsk-r1/2,w,9,2,1,data,ok,7,7,3.5,69.7
awgn,0.0,6,ack-1f,w,3,3,0,ctl,ok,0,0,3.8,69.7
awgn,0.0,6,qpsk-r1/2,w,9,2,1,data,ok,7,7,3.6,69.7
awgn,0.0,6,ack-1f,w,3,3,0,ctl,ok,0,0,3.7,69.7
awgn,0.0,6,qpsk-r1/2,w,9,2,1,data,ok,7,7,3.5,69.7
awgn,0.0,6,ack-1f,w,2,2,0,ctl,ok,0,0,3.2,69.7
awgn,0.0,6,qpsk-r1/2,w,9,1,0,data,ok,8,8,3.5,69.7
awgn,0.0,6,ack-1f,w,2,2,0,ctl,ok,0,0,2.3,69.7
awgn,0.0,6,qpsk-r1/2,w,9,1,0,data,ok,8,8,3.4,69.7
awgn,0.0,6,ack-1f,w,2,2,0,ctl,ok,0,0,4.1,69.7
awgn,0.0,6,qpsk-r1/2,w,9,1,0,data,ok,8,8,3.5,69.7
awgn,0.0,6,ack-1f,w,2,2,0,ctl,ok,0,0,3.9,69.7
awgn,0.0,6,qpsk-r1/2,w,9,1,0,data,ok,8,8,3.7,69.7
awgn,0.0,6,ack-1f,w,2,2,0,ctl,ok,0,0,4.1,69.7
awgn,0.0,6,qpsk-r1/2,w,9,1,0,data,ok,8,8,3.5,69.7
awgn,0.0,6,ack-1f,w,2,2,0,ctl,ok,0,0,3.8,69.7
awgn,0.0,6,qpsk-r1/2,w,9,1,0,data,ok,8,8,3.6,69.7
awgn,0.0,6,ack-1f,w,2,2,0,ctl,ok,0,0,4.1,69.7
awgn,0.0,6,qpsk-r1/2,w,9,1,0,data,ok,8,8,3.5,69.7
awgn,0.0,6,ack-1f,w,2,2,0,ctl,ok,0,0,4.4,69.7
awgn,0.0,6,qpsk-r1/2,w,9,1,0,data,ok,8,8,3.6,69.7
awgn,0.0,6,ack-1f,w,2,2,0,ctl,ok,0,0,4.3,69.7
awgn,0.0,6,qpsk-r1/2,w,9,1,0,data,ok,8,8,3.7,69.7
awgn,0.0,6,ack-1f,w,2,2,0,ctl,ok,0,0,3.0,69.7
awgn,0.0,6,qpsk-r1/2,w,9,1,0,data,ok,8,8,3.6,69.7
awgn,0.0,6,ack-1f,w,2,2,0,ctl,ok,0,0,2.7,69.7
awgn,0.0,6,qpsk-r1/2,w,9,1,0,data,ok,8,8,3.7,69.7
awgn,0.0,6,ack-1f,w,2,2,0,ctl,ok,0,0,4.7,69.7
awgn,0.0,6,qpsk-r1/2,w,9,1,0,data,ok,8,8,3.3,69.7
awgn,0.0,6,ack-1f,w,2,2,0,ctl,ok,0,0,2.9,69.7
awgn,0.0,6,qpsk-r1/2,w,9,1,0,data,ok,8,8,3.6,69.7
awgn,0.0,6,ack-1f,w,2,2,0,ctl,ok,0,0,3.5,69.7
awgn,0.0,6,qpsk-r1/2,w,9,1,0,data,ok,8,8,3.6,69.7
awgn,0.0,6,ack-1f,w,2,2,0,ctl,ok,0,0,3.7,69.7
awgn,0.0,6,qpsk-r1/2,w,9,1,0,data,ok,8,8,3.3,69.7
awgn,0.0,6,ack-1f,w,2,2,0,ctl,ok,0,0,4.4,69.7
awgn,0.0,6,qpsk-r1/2,w,9,1,0,data,ok,8,8,3.5,69.7
awgn,0.0,6,ack-1f,w,2,2,0,ctl,ok,0,0,4.3,69.7
awgn,0.0,6,qpsk-r1/2,w,9,1,0,data,ok,8,8,3.5,69.7
awgn,0.0,6,ack-1f,w,2,2,0,ctl,ok,0,0,3.7,69.7
awgn,0.0,6,qpsk-r1/2,w,9,1,0,data,ok,8,8,3.5,69.7
awgn,0.0,6,ack-1f,w,2,2,0,ctl,ok,0,0,4.1,69.7
awgn,0.0,6,qpsk-r1/2,w,9,1,0,data,ok,8,8,3.3,69.7
awgn,0.0,6,ack-1f,w,2,2,0,ctl,ok,0,0,2.1,69.7
awgn,0.0,6,qpsk-r1/2,w,9,1,0,data,ok,8,8,3.3,69.7
awgn,0.0,6,ack-1f,w,2,2,0,ctl,ok,0,0,3.0,69.7
awgn,0.0,6,qpsk-r1/2,w,9,1,0,data,ok,8,8,3.6,69.7
awgn,0.0,6,ack-1f,w,2,2,0,ctl,ok,0,0,3.8,69.7
awgn,0.0,6,qpsk-r1/2,w,9,1,0,data,ok,8,8,3.6,69.7
awgn,0.0,6,ack-1f,w,2,2,0,ctl,ok,0,0,3.0,69.7
awgn,0.0,6,qpsk-r1/2,w,9,1,0,data,ok,8,8,3.5,69.7
awgn,0.0,6,ack-1f,w,2,2,0,ctl,ok,0,0,3.3,69.7
awgn,0.0,6,qpsk-r1/2,w,9,1,0,data,ok,8,8,3.7,69.7
awgn,0.0,6,ack-1f,w,2,2,0,ctl,ok,0,0,3.6,69.7
awgn,0.0,6,qpsk-r1/2,w,9,1,0,data,ok,8,8,3.6,69.7
awgn,0.0,6,ack-1f,w,2,2,0,ctl,ok,0,0,3.6,69.7
awgn,0.0,6,qpsk-r1/2,w,9,1,0,data,ok,8,8,3.6,69.7
awgn,0.0,6,ack-1f,w,2,2,0,ctl,ok,0,0,3.4,69.7
awgn,0.0,6,qpsk-r1/2,w,9,1,0,data,ok,8,8,3.5,69.7
awgn,0.0,6,ack-1f,w,2,2,0,ctl,ok,0,0,4.2,69.7
awgn,0.0,6,qpsk-r1/2,w,9,1,0,data,ok,8,8,3.8,69.7
awgn,0.0,6,ack-1f,w,2,2,0,ctl,ok,0,0,3.1,69.7
awgn,0.0,6,qpsk-r1/2,w,9,1,0,data,ok,8,8,3.2,69.7
awgn,0.0,6,ack-1f,w,2,2,0,ctl,ok,0,0,5.3,69.7
awgn,0.0,6,qpsk-r1/2,w,9,1,0,data,ok,8,8,3.8,69.7
awgn,0.0,6,ack-1f,w,2,2,0,ctl,ok,0,0,5.2,69.7
awgn,0.0,6,qpsk-r1/2,w,9,1,0,data,ok,8,8,3.6,69.7
awgn,0.0,6,ack-1f,w,2,2,0,ctl,ok,0,0,5.0,69.7
awgn,0.0,6,qpsk-r1/2,w,9,1,0,data,ok,8,8,3.5,69.7
awgn,0.0,6,ack-1f,w,2,2,0,ctl,ok,0,0,2.6,69.7
awgn,0.0,6,qpsk-r1/2,w,9,1,0,data,ok,8,8,3.4,69.7
awgn,0.0,6,ack-1f,w,2,2,0,ctl,ok,0,0,3.9,69.7
awgn,0.0,6,qpsk-r1/2,w,9,1,0,data,ok,8,8,3.6,69.7
awgn,0.0,6,ack-1f,w,2,2,0,ctl,ok,0,0,4.8,69.7
awgn,0.0,6,qpsk-r1/2,w,9,1,0,data,ok,8,8,3.3,69.7
awgn,0.0,6,ack-1f,w,2,2,0,ctl,ok,0,0,3.9,69.7
awgn,0.0,6,qpsk-r1/2,w,9,1,0,data,ok,8,8,3.7,69.7
awgn,0.0,6,ack-1f,w,2,2,0,ctl,ok,0,0,3.7,69.7
awgn,0.0,6,qpsk-r1/2,w,9,1,0,data,ok,8,8,3.5,69.7
awgn,0.0,6,ack-1f,w,2,2,0,ctl,ok,0,0,3.3,69.7
awgn,0.0,6,qpsk-r1/2,w,9,1,0,data,ok,8,8,3.7,69.7
awgn,0.0,6,ack-1f,w,2,2,0,ctl,ok,0,0,3.7,69.7
awgn,0.0,6,qpsk-r1/2,w,9,1,0,data,ok,8,8,3.3,69.7
awgn,0.0,6,ack-1f,w,2,2,0,ctl,ok,0,0,4.4,69.7
awgn,0.0,6,qpsk-r1/2,w,9,1,0,data,ok,8,8,3.6,69.7
awgn,0.0,6,ack-1f,w,2,2,0,ctl,ok,0,0,4.7,69.7
awgn,0.0,6,qpsk-r1/2,w,9,1,0,data,ok,8,8,3.5,69.7
awgn,0.0,6,ack-1f,w,2,2,0,ctl,ok,0,0,4.1,69.7
awgn,0.0,6,qpsk-r1/2,w,9,1,0,data,ok,8,8,3.8,69.7
awgn,0.0,4,qpsk-r1/5,w,1,1,0,ctl,ok,0,0,3.7,69.7
awgn,0.0,4,qpsk-r1/5,w,1,1,0,ctl,ok,0,0,3.5,69.7
awgn,0.0,4,ack-4f,w,3,3,0,ctl,ok,0,0,3.6,69.7
awgn,0.0,4,ack-1f,w,3,3,0,ctl,ok,0,0,3.5,69.7
awgn,0.0,4,qpsk-r1/2,w,9,2,1,data,ok,7,7,3.9,69.7
awgn,0.0,4,ack-1f,w,3,3,0,ctl,ok,0,0,1.5,69.7
awgn,0.0,4,qpsk-r1/2,w,9,2,1,data,ok,7,7,3.4,69.7
awgn,0.0,4,ack-1f,w,3,3,0,ctl,ok,0,0,4.2,69.7
awgn,0.0,4,qpsk-r1/2,w,9,2,1,data,ok,7,7,3.4,69.7
awgn,0.0,4,ack-1f,w,3,3,0,ctl,ok,0,0,3.7,69.7
awgn,0.0,4,qpsk-r1/2,w,9,2,1,data,ok,7,7,3.6,69.7
awgn,0.0,4,ack-1f,w,3,3,0,ctl,ok,0,0,4.1,69.7
awgn,0.0,4,qpsk-r1/2,w,9,2,1,data,ok,7,7,3.2,69.7
awgn,0.0,4,ack-1f,w,2,2,0,ctl,ok,0,0,1.7,69.7
awgn,0.0,4,qpsk-r1/2,w,9,1,0,data,ok,8,8,3.7,69.7
awgn,0.0,4,ack-1f,w,2,2,0,ctl,ok,0,0,3.5,69.7
awgn,0.0,4,qpsk-r1/2,w,9,1,0,data,ok,8,8,3.5,69.7
awgn,0.0,4,ack-1f,w,2,2,0,ctl,ok,0,0,3.0,69.7
awgn,0.0,4,qpsk-r1/2,w,9,1,0,data,ok,8,8,3.6,69.7
awgn,0.0,4,ack-1f,w,2,2,0,ctl,ok,0,0,3.4,69.7
awgn,0.0,4,qpsk-r1/2,w,9,1,0,data,ok,8,8,3.4,69.7
awgn,0.0,4,ack-1f,w,2,2,0,ctl,ok,0,0,2.6,69.7
awgn,0.0,4,qpsk-r1/2,w,9,1,0,data,ok,8,8,3.5,69.7
awgn,0.0,4,ack-1f,w,2,2,0,ctl,ok,0,0,4.1,69.7
awgn,0.0,4,qpsk-r1/2,w,9,1,0,data,ok,8,8,3.7,69.7
awgn,0.0,4,ack-1f,w,2,2,0,ctl,ok,0,0,4.1,69.7
awgn,0.0,4,qpsk-r1/2,w,9,1,0,data,ok,8,8,3.7,69.7
awgn,0.0,4,ack-1f,w,2,2,0,ctl,ok,0,0,3.3,69.7
awgn,0.0,4,qpsk-r1/2,w,9,1,0,data,ok,8,8,3.3,69.7
awgn,0.0,4,ack-1f,w,2,2,0,ctl,ok,0,0,2.3,69.7
awgn,0.0,4,qpsk-r1/2,w,9,1,0,data,ok,8,8,3.7,69.7
awgn,0.0,4,ack-1f,w,2,2,0,ctl,ok,0,0,3.4,69.7
awgn,0.0,4,qpsk-r1/2,w,9,1,0,data,ok,8,8,3.2,69.7
awgn,0.0,4,ack-1f,w,2,2,0,ctl,ok,0,0,3.7,69.7
awgn,0.0,4,qpsk-r1/2,w,9,1,0,data,ok,8,8,3.6,69.7
awgn,0.0,4,ack-1f,w,2,2,0,ctl,ok,0,0,2.8,69.7
awgn,0.0,4,qpsk-r1/2,w,9,1,0,data,ok,8,8,3.7,69.7
awgn,0.0,4,ack-1f,w,2,2,0,ctl,ok,0,0,3.2,69.7
awgn,0.0,4,qpsk-r1/2,w,9,1,0,data,ok,8,8,3.8,69.7
awgn,0.0,4,ack-1f,w,2,2,0,ctl,ok,0,0,4.2,69.7
awgn,0.0,4,qpsk-r1/2,w,9,1,0,data,ok,8,8,3.4,69.7
awgn,0.0,4,ack-1f,w,2,2,0,ctl,ok,0,0,3.3,69.7
awgn,0.0,4,qpsk-r1/2,w,9,1,0,data,ok,8,8,3.6,69.7
awgn,0.0,4,ack-1f,w,2,2,0,ctl,ok,0,0,3.9,69.7
awgn,0.0,4,qpsk-r1/2,w,9,1,0,data,ok,8,8,3.3,69.7
awgn,0.0,4,ack-1f,w,2,2,0,ctl,ok,0,0,3.9,69.7
awgn,0.0,4,qpsk-r1/2,w,9,1,0,data,ok,8,8,3.6,69.7
awgn,0.0,4,ack-1f,w,2,2,0,ctl,ok,0,0,4.3,69.7
awgn,0.0,4,qpsk-r1/2,w,9,1,0,data,ok,8,8,3.5,69.7
awgn,0.0,4,ack-1f,w,2,2,0,ctl,ok,0,0,3.9,69.7
awgn,0.0,4,qpsk-r1/2,w,9,1,0,data,ok,8,8,3.7,69.7
awgn,0.0,4,ack-1f,w,2,2,0,ctl,ok,0,0,4.2,69.7
awgn,0.0,4,qpsk-r1/2,w,9,1,0,data,ok,8,8,3.5,69.7
awgn,0.0,4,ack-1f,w,2,2,0,ctl,ok,0,0,3.4,69.7
awgn,0.0,4,qpsk-r1/2,w,9,1,0,data,ok,8,8,3.4,69.7
awgn,0.0,4,ack-1f,w,2,2,0,ctl,ok,0,0,3.8,69.7
awgn,0.0,4,qpsk-r1/2,w,9,1,0,data,ok,8,8,3.2,69.7
awgn,0.0,4,ack-1f,w,2,2,0,ctl,ok,0,0,3.3,69.7
awgn,0.0,4,qpsk-r1/2,w,9,1,0,data,ok,8,8,3.4,69.7
awgn,0.0,4,ack-1f,w,2,2,0,ctl,ok,0,0,3.0,69.7
awgn,0.0,4,qpsk-r1/2,w,9,1,0,data,ok,8,8,3.7,69.7
awgn,0.0,4,ack-1f,w,2,2,0,ctl,ok,0,0,4.0,69.7
awgn,0.0,4,qpsk-r1/2,w,9,1,0,data,ok,8,8,3.3,69.7
awgn,0.0,4,ack-1f,w,2,2,0,ctl,ok,0,0,2.0,69.7
awgn,0.0,4,qpsk-r1/2,w,9,1,0,data,ok,8,8,3.5,69.7
awgn,0.0,4,ack-1f,w,2,2,0,ctl,ok,0,0,2.5,69.7
awgn,0.0,4,qpsk-r1/2,w,9,1,0,data,ok,8,8,3.5,69.7
awgn,0.0,4,ack-1f,w,2,2,0,ctl,ok,0,0,4.4,69.7
awgn,0.0,4,qpsk-r1/2,w,9,1,0,data,ok,8,8,3.5,69.7
awgn,0.0,4,ack-1f,w,2,2,0,ctl,ok,0,0,4.3,69.7
awgn,0.0,4,qpsk-r1/2,w,9,1,0,data,ok,8,8,3.6,69.7
awgn,0.0,4,ack-1f,w,2,2,0,ctl,ok,0,0,4.7,69.7
awgn,0.0,4,qpsk-r1/2,w,9,1,0,data,ok,8,8,3.4,69.7
awgn,0.0,4,ack-1f,w,2,2,0,ctl,ok,0,0,4.3,69.7
awgn,0.0,4,qpsk-r1/2,w,9,1,0,data,ok,8,8,3.6,69.7
awgn,0.0,4,ack-1f,w,2,2,0,ctl,ok,0,0,4.7,69.7
awgn,0.0,4,qpsk-r1/2,w,9,1,0,data,ok,8,8,3.5,69.7
awgn,0.0,4,ack-1f,w,2,2,0,ctl,ok,0,0,3.8,69.7
awgn,0.0,4,qpsk-r1/2,w,9,1,0,data,ok,8,8,3.5,69.7
awgn,0.0,4,ack-1f,w,2,2,0,ctl,ok,0,0,4.6,69.7
awgn,0.0,4,qpsk-r1/2,w,9,1,0,data,ok,8,8,3.5,69.7
awgn,0.0,4,ack-1f,w,2,2,0,ctl,ok,0,0,3.2,69.7
awgn,0.0,4,qpsk-r1/2,w,9,1,0,data,ok,8,8,3.5,69.7
awgn,0.0,4,ack-1f,w,2,2,0,ctl,ok,0,0,4.1,69.7
awgn,0.0,4,qpsk-r1/2,w,9,1,0,data,ok,8,8,3.5,69.7
awgn,0.0,4,ack-1f,w,2,2,0,ctl,ok,0,0,2.8,69.7
awgn,0.0,4,qpsk-r1/2,w,9,1,0,data,ok,8,8,3.6,69.7
awgn,0.0,4,ack-1f,w,2,2,0,ctl,ok,0,0,3.7,69.7
awgn,0.0,4,qpsk-r1/2,w,9,1,0,data,ok,8,8,3.5,69.7
awgn,0.0,4,ack-1f,w,2,2,0,ctl,ok,0,0,3.7,69.7
awgn,0.0,4,qpsk-r1/2,w,9,1,0,data,ok,8,8,3.2,69.7
awgn,0.0,4,ack-1f,w,2,2,0,ctl,ok,0,0,4.0,69.7
awgn,0.0,4,qpsk-r1/2,w,9,1,0,data,ok,8,8,3.4,69.7
awgn,0.0,4,ack-1f,w,2,2,0,ctl,ok,0,0,3.4,69.7
awgn,0.0,4,qpsk-r1/2,w,9,1,0,data,ok,8,8,3.5,69.7
awgn,0.0,4,ack-1f,w,2,2,0,ctl,ok,0,0,4.3,69.7
awgn,0.0,4,qpsk-r1/2,w,9,1,0,data,ok,8,8,3.5,69.7
awgn,0.0,8,qpsk-r1/5,w,1,1,0,ctl,ok,0,0,3.4,70.1
awgn,0.0,8,qpsk-r1/5,w,1,1,0,ctl,ok,0,0,3.8,70.1
awgn,0.0,8,ack-4f,w,3,3,0,ctl,ok,0,0,3.5,70.1
awgn,0.0,8,ack-1f,w,3,3,0,ctl,ok,0,0,4.3,70.1
awgn,0.0,8,qpsk-r1/2,w,9,2,1,data,ok,7,7,3.5,70.1
awgn,0.0,8,ack-1f,w,3,3,0,ctl,ok,0,0,3.2,70.1
awgn,0.0,8,qpsk-r1/2,w,9,2,1,data,ok,7,7,3.6,70.1
awgn,0.0,8,ack-1f,w,3,3,0,ctl,ok,0,0,3.3,70.1
awgn,0.0,8,qpsk-r1/2,w,9,2,1,data,ok,7,7,3.8,70.1
awgn,0.0,8,ack-1f,w,2,2,0,ctl,ok,0,0,4.1,70.1
awgn,0.0,8,qpsk-r1/2,w,9,1,0,data,ok,8,8,3.7,70.1
awgn,0.0,8,ack-1f,w,2,2,0,ctl,ok,0,0,4.7,70.1
awgn,0.0,8,qpsk-r1/2,w,9,1,0,data,ok,8,8,3.3,70.1
awgn,0.0,8,ack-1f,w,2,2,0,ctl,ok,0,0,3.7,70.1
awgn,0.0,8,qpsk-r1/2,w,9,1,0,data,ok,8,8,3.6,70.1
awgn,0.0,8,ack-1f,w,2,2,0,ctl,ok,0,0,5.1,70.1
awgn,0.0,8,qpsk-r1/2,w,9,1,0,data,ok,8,8,3.8,70.1
awgn,0.0,8,ack-1f,w,2,2,0,ctl,ok,0,0,3.7,70.1
awgn,0.0,8,qpsk-r1/2,w,9,1,0,data,ok,8,8,3.6,70.1
awgn,0.0,8,ack-1f,w,2,2,0,ctl,ok,0,0,4.0,70.1
awgn,0.0,8,qpsk-r1/2,w,9,1,0,data,ok,8,8,3.6,70.1
awgn,0.0,8,ack-1f,w,2,2,0,ctl,ok,0,0,3.5,70.1
awgn,0.0,8,qpsk-r1/2,w,9,1,0,data,ok,8,8,3.6,70.1
awgn,0.0,8,ack-1f,w,2,2,0,ctl,ok,0,0,2.9,70.1
awgn,0.0,8,qpsk-r1/2,w,9,1,0,data,ok,8,8,3.6,70.1
awgn,0.0,8,ack-1f,w,2,2,0,ctl,ok,0,0,3.4,70.1
awgn,0.0,8,qpsk-r1/2,w,9,1,0,data,ok,8,8,3.5,70.1
awgn,0.0,8,ack-1f,w,2,2,0,ctl,ok,0,0,3.2,70.1
awgn,0.0,8,qpsk-r1/2,w,9,1,0,data,ok,8,8,3.7,70.1
awgn,0.0,8,ack-1f,w,2,2,0,ctl,ok,0,0,3.9,70.1
awgn,0.0,8,qpsk-r1/2,w,9,1,0,data,ok,8,8,3.6,70.1
awgn,0.0,8,ack-1f,w,2,2,0,ctl,ok,0,0,3.5,70.1
awgn,0.0,8,qpsk-r1/2,w,9,1,0,data,ok,8,8,3.4,70.1
awgn,0.0,8,ack-1f,w,2,2,0,ctl,ok,0,0,3.0,70.1
awgn,0.0,8,qpsk-r1/2,w,9,1,0,data,ok,8,8,3.2,70.1
awgn,0.0,8,ack-1f,w,2,2,0,ctl,ok,0,0,4.2,70.1
awgn,0.0,8,qpsk-r1/2,w,9,1,0,data,ok,8,8,3.7,70.1
awgn,0.0,8,ack-1f,w,2,2,0,ctl,ok,0,0,4.0,70.1
awgn,0.0,8,qpsk-r1/2,w,9,1,0,data,ok,8,8,3.7,70.1
awgn,0.0,8,ack-1f,w,2,2,0,ctl,ok,0,0,3.9,70.1
awgn,0.0,8,qpsk-r1/2,w,9,1,0,data,ok,8,8,3.7,70.1
awgn,0.0,8,ack-1f,w,2,2,0,ctl,ok,0,0,4.3,70.1
awgn,0.0,8,qpsk-r1/2,w,9,1,0,data,ok,8,8,3.4,70.1
awgn,0.0,8,ack-1f,w,2,2,0,ctl,ok,0,0,3.0,70.1
awgn,0.0,8,qpsk-r1/2,w,9,1,0,data,ok,8,8,3.4,70.1
awgn,0.0,8,ack-1f,w,2,2,0,ctl,ok,0,0,4.3,70.1
awgn,0.0,8,qpsk-r1/2,w,9,1,0,data,ok,8,8,3.6,70.1
awgn,0.0,8,ack-1f,w,2,2,0,ctl,ok,0,0,4.5,70.1
awgn,0.0,8,qpsk-r1/2,w,9,1,0,data,ok,8,8,3.4,70.1
awgn,0.0,8,ack-1f,w,2,2,0,ctl,ok,0,0,3.4,70.1
awgn,0.0,8,qpsk-r1/2,w,9,1,0,data,ok,8,8,3.7,70.1
awgn,0.0,8,ack-1f,w,2,2,0,ctl,ok,0,0,3.0,70.1
awgn,0.0,8,qpsk-r1/2,w,9,1,0,data,ok,8,8,3.6,70.1
awgn,0.0,8,ack-1f,w,2,2,0,ctl,ok,0,0,3.4,70.1
awgn,0.0,8,qpsk-r1/2,w,9,1,0,data,ok,8,8,3.5,70.1
awgn,0.0,8,ack-1f,w,2,2,0,ctl,ok,0,0,3.9,70.1
awgn,0.0,8,qpsk-r1/2,w,9,1,0,data,ok,8,8,3.6,70.1
awgn,0.0,8,ack-1f,w,2,2,0,ctl,ok,0,0,3.7,70.1
awgn,0.0,8,qpsk-r1/2,w,9,1,0,data,ok,8,8,3.6,70.1
awgn,0.0,8,ack-1f,w,2,2,0,ctl,ok,0,0,2.1,70.1
awgn,0.0,8,qpsk-r1/2,w,9,1,0,data,ok,8,8,3.6,70.1
awgn,0.0,8,ack-1f,w,2,2,0,ctl,ok,0,0,0.2,70.1
awgn,0.0,8,qpsk-r1/2,w,9,1,0,data,ok,8,8,3.5,70.1
awgn,0.0,8,ack-1f,w,2,2,0,ctl,ok,0,0,4.8,70.1
awgn,0.0,8,qpsk-r1/2,w,9,1,0,data,ok,8,8,3.4,70.1
awgn,0.0,8,ack-1f,w,2,2,0,ctl,ok,0,0,3.4,70.1
awgn,0.0,8,qpsk-r1/2,w,9,1,0,data,ok,8,8,3.3,70.1
awgn,0.0,8,ack-1f,w,2,2,0,ctl,ok,0,0,4.9,70.1
awgn,0.0,8,qpsk-r1/2,w,9,1,0,data,ok,8,8,3.5,70.1
awgn,0.0,8,ack-1f,w,2,2,0,ctl,ok,0,0,2.9,70.1
awgn,0.0,8,qpsk-r1/2,w,9,1,0,data,ok,8,8,3.6,70.1
awgn,0.0,8,ack-1f,w,2,2,0,ctl,ok,0,0,3.5,70.1
awgn,0.0,8,qpsk-r1/2,w,9,1,0,data,ok,8,8,3.6,70.1
awgn,0.0,8,ack-1f,w,2,2,0,ctl,ok,0,0,3.5,70.1
awgn,0.0,8,qpsk-r1/2,w,9,1,0,data,ok,8,8,3.5,70.1
awgn,0.0,8,ack-1f,w,2,2,0,ctl,ok,0,0,3.6,70.1
awgn,0.0,8,qpsk-r1/2,w,9,1,0,data,ok,8,8,3.7,70.1
awgn,0.0,8,ack-1f,w,2,2,0,ctl,ok,0,0,3.0,70.1
awgn,0.0,8,qpsk-r1/2,w,9,1,0,data,ok,8,8,3.6,70.1
awgn,0.0,8,ack-1f,w,2,2,0,ctl,ok,0,0,3.3,70.1
awgn,0.0,8,qpsk-r1/2,w,9,1,0,data,ok,8,8,3.6,70.1
awgn,0.0,8,ack-1f,w,2,2,0,ctl,ok,0,0,3.3,70.1
awgn,0.0,8,qpsk-r1/2,w,9,1,0,data,ok,8,8,3.5,70.1
awgn,0.0,8,ack-1f,w,2,2,0,ctl,ok,0,0,4.0,70.1
awgn,0.0,8,qpsk-r1/2,w,9,1,0,data,ok,8,8,3.5,70.1
awgn,0.0,8,ack-1f,w,2,2,0,ctl,ok,0,0,4.4,70.1
awgn,0.0,8,qpsk-r1/2,w,9,1,0,data,ok,8,8,3.6,70.1
awgn,0.0,8,ack-1f,w,2,2,0,ctl,ok,0,0,3.7,70.1
awgn,0.0,8,qpsk-r1/2,w,9,1,0,data,ok,8,8,3.3,70.1
awgn,0.0,8,ack-1f,w,2,2,0,ctl,ok,0,0,4.6,70.1
awgn,0.0,8,qpsk-r1/2,w,9,1,0,data,ok,8,8,3.3,70.1
awgn,0.0,8,ack-1f,w,2,2,0,ctl,ok,0,0,5.0,70.1
awgn,0.0,8,qpsk-r1/2,w,9,1,0,data,ok,8,8,3.6,70.1
awgn,0.0,8,ack-1f,w,2,2,0,ctl,ok,0,0,3.4,70.1
awgn,0.0,8,qpsk-r1/2,w,9,1,0,data,ok,8,8,3.6,70.1
awgn,0.0,8,ack-1f,w,2,2,0,ctl,ok,0,0,4.0,70.1
awgn,0.0,8,qpsk-r1/2,w,9,1,0,data,ok,8,8,3.7,70.1
awgn,0.0,9,qpsk-r1/5,w,1,1,0,ctl,ok,0,0,3.6,69.7
awgn,0.0,9,qpsk-r1/5,w,1,1,0,ctl,ok,0,0,3.4,69.7
awgn,0.0,9,ack-4f,w,3,3,0,ctl,ok,0,0,4.0,69.7
awgn,0.0,9,ack-1f,w,3,3,0,ctl,ok,0,0,4.2,69.7
awgn,0.0,9,qpsk-r1/2,w,9,2,1,data,ok,7,7,3.4,69.7
awgn,0.0,9,ack-1f,w,3,3,0,ctl,ok,0,0,3.2,69.7
awgn,0.0,9,qpsk-r1/2,w,9,2,1,data,ok,7,7,3.6,69.7
awgn,0.0,9,ack-1f,w,3,3,0,ctl,ok,0,0,2.6,69.7
awgn,0.0,9,qpsk-r1/2,w,9,2,1,data,ok,7,7,3.6,69.7
awgn,0.0,9,ack-1f,w,3,3,0,ctl,ok,0,0,3.3,69.7
awgn,0.0,9,qpsk-r1/2,w,9,2,1,data,ok,7,7,3.6,69.7
awgn,0.0,9,ack-1f,w,2,2,0,ctl,ok,0,0,3.0,69.7
awgn,0.0,9,qpsk-r1/2,w,9,1,0,data,ok,8,8,3.6,69.7
awgn,0.0,9,ack-1f,w,2,2,0,ctl,ok,0,0,3.7,69.7
awgn,0.0,9,qpsk-r1/2,w,9,1,0,data,ok,8,8,3.3,69.7
awgn,0.0,9,ack-1f,w,2,2,0,ctl,ok,0,0,3.8,69.7
awgn,0.0,9,qpsk-r1/2,w,9,1,0,data,ok,8,8,3.5,69.7
awgn,0.0,9,ack-1f,w,2,2,0,ctl,ok,0,0,3.7,69.7
awgn,0.0,9,qpsk-r1/2,w,9,1,0,data,ok,8,8,3.5,69.7
awgn,0.0,9,ack-1f,w,2,2,0,ctl,ok,0,0,3.4,69.7
awgn,0.0,9,qpsk-r1/2,w,9,1,0,data,ok,8,8,3.7,69.7
awgn,0.0,9,ack-1f,w,2,2,0,ctl,ok,0,0,4.7,69.7
awgn,0.0,9,qpsk-r1/2,w,9,1,0,data,ok,8,8,3.4,69.7
awgn,0.0,9,ack-1f,w,2,2,0,ctl,ok,0,0,2.9,69.7
awgn,0.0,9,qpsk-r1/2,w,9,1,0,data,ok,8,8,3.6,69.7
awgn,0.0,9,ack-1f,w,2,2,0,ctl,ok,0,0,3.8,69.7
awgn,0.0,9,qpsk-r1/2,w,9,1,0,data,ok,8,8,3.4,69.7
awgn,0.0,9,ack-1f,w,2,2,0,ctl,ok,0,0,3.0,69.7
awgn,0.0,9,qpsk-r1/2,w,9,1,0,data,ok,8,8,3.5,69.7
awgn,0.0,9,ack-1f,w,2,2,0,ctl,ok,0,0,4.3,69.7
awgn,0.0,9,qpsk-r1/2,w,9,1,0,data,ok,8,8,3.7,69.7
awgn,0.0,9,ack-1f,w,2,2,0,ctl,ok,0,0,4.0,69.7
awgn,0.0,9,qpsk-r1/2,w,9,1,0,data,ok,8,8,3.5,69.7
awgn,0.0,9,ack-1f,w,2,2,0,ctl,ok,0,0,4.3,69.7
awgn,0.0,9,qpsk-r1/2,w,9,1,0,data,ok,8,8,3.5,69.7
awgn,0.0,9,ack-1f,w,2,2,0,ctl,ok,0,0,3.8,69.7
awgn,0.0,9,qpsk-r1/2,w,9,1,0,data,ok,8,8,3.4,69.7
awgn,0.0,9,ack-1f,w,2,2,0,ctl,ok,0,0,3.4,69.7
awgn,0.0,9,qpsk-r1/2,w,9,1,0,data,ok,8,8,3.5,69.7
awgn,0.0,9,ack-1f,w,2,2,0,ctl,ok,0,0,4.3,69.7
awgn,0.0,9,qpsk-r1/2,w,9,1,0,data,ok,8,8,3.5,69.7
awgn,0.0,9,ack-1f,w,2,2,0,ctl,ok,0,0,3.3,69.7
awgn,0.0,9,qpsk-r1/2,w,9,1,0,data,ok,8,8,3.5,69.7
awgn,0.0,9,ack-1f,w,2,2,0,ctl,ok,0,0,4.4,69.7
awgn,0.0,9,qpsk-r1/2,w,9,1,0,data,ok,8,8,3.8,69.7
awgn,0.0,9,ack-1f,w,2,2,0,ctl,ok,0,0,4.0,69.7
awgn,0.0,9,qpsk-r1/2,w,9,1,0,data,ok,8,8,3.3,69.7
awgn,0.0,9,ack-1f,w,2,2,0,ctl,ok,0,0,4.0,69.7
awgn,0.0,9,qpsk-r1/2,w,9,1,0,data,ok,8,8,3.7,69.7
awgn,0.0,9,ack-1f,w,2,2,0,ctl,ok,0,0,3.7,69.7
awgn,0.0,9,qpsk-r1/2,w,9,1,0,data,ok,8,8,3.7,69.7
awgn,0.0,9,ack-1f,w,2,2,0,ctl,ok,0,0,3.3,69.7
awgn,0.0,9,qpsk-r1/2,w,9,1,0,data,ok,8,8,3.7,69.7
awgn,0.0,9,ack-1f,w,2,2,0,ctl,ok,0,0,4.3,69.7
awgn,0.0,9,qpsk-r1/2,w,9,1,0,data,ok,8,8,3.3,69.7
awgn,0.0,9,ack-1f,w,2,2,0,ctl,ok,0,0,5.2,69.7
awgn,0.0,9,qpsk-r1/2,w,9,1,0,data,ok,8,8,3.6,69.7
awgn,0.0,9,ack-1f,w,2,2,0,ctl,ok,0,0,3.5,69.7
awgn,0.0,9,qpsk-r1/2,w,9,1,0,data,ok,8,8,3.5,69.7
awgn,0.0,9,ack-1f,w,2,2,0,ctl,ok,0,0,4.5,69.7
awgn,0.0,9,qpsk-r1/2,w,9,1,0,data,ok,8,8,3.6,69.7
awgn,0.0,9,ack-1f,w,2,2,0,ctl,ok,0,0,3.5,69.7
awgn,0.0,9,qpsk-r1/2,w,9,1,0,data,ok,8,8,3.9,69.7
awgn,0.0,9,ack-1f,w,2,2,0,ctl,ok,0,0,3.9,69.7
awgn,0.0,9,qpsk-r1/2,w,9,1,0,data,ok,8,8,3.8,69.7
awgn,0.0,9,ack-1f,w,2,2,0,ctl,ok,0,0,4.1,69.7
awgn,0.0,9,qpsk-r1/2,w,9,1,0,data,ok,8,8,3.6,69.7
awgn,0.0,9,ack-1f,w,2,2,0,ctl,ok,0,0,3.2,69.7
awgn,0.0,9,qpsk-r1/2,w,9,1,0,data,ok,8,8,3.7,69.7
awgn,0.0,9,ack-1f,w,2,2,0,ctl,ok,0,0,3.5,69.7
awgn,0.0,9,qpsk-r1/2,w,9,1,0,data,ok,8,8,3.5,69.7
awgn,0.0,9,ack-1f,w,2,2,0,ctl,ok,0,0,3.9,69.7
awgn,0.0,9,qpsk-r1/2,w,9,1,0,data,ok,8,8,3.7,69.7
awgn,0.0,9,ack-1f,w,2,2,0,ctl,ok,0,0,3.4,69.7
awgn,0.0,9,qpsk-r1/2,w,9,1,0,data,ok,8,8,3.4,69.7
awgn,0.0,9,ack-1f,w,2,2,0,ctl,ok,0,0,3.3,69.7
awgn,0.0,9,qpsk-r1/2,w,9,1,0,data,ok,8,8,3.7,69.7
awgn,0.0,9,ack-1f,w,2,2,0,ctl,ok,0,0,4.2,69.7
awgn,0.0,9,qpsk-r1/2,w,9,1,0,data,ok,8,8,3.6,69.7
awgn,0.0,9,ack-1f,w,2,2,0,ctl,ok,0,0,3.1,69.7
awgn,0.0,9,qpsk-r1/2,w,9,1,0,data,ok,8,8,3.5,69.7
awgn,0.0,9,ack-1f,w,2,2,0,ctl,ok,0,0,3.1,69.7
awgn,0.0,9,qpsk-r1/2,w,9,1,0,data,ok,8,8,3.5,69.7
awgn,0.0,9,ack-1f,w,2,2,0,ctl,ok,0,0,2.7,69.7
awgn,0.0,9,qpsk-r1/2,w,9,1,0,data,ok,8,8,3.4,69.7
awgn,0.0,9,ack-1f,w,2,2,0,ctl,ok,0,0,3.0,69.7
awgn,0.0,9,qpsk-r1/2,w,9,1,0,data,ok,8,8,3.6,69.7
awgn,0.0,9,ack-1f,w,2,2,0,ctl,ok,0,0,4.2,69.7
awgn,0.0,9,qpsk-r1/2,w,9,1,0,data,ok,8,8,3.6,69.7
awgn,0.0,9,ack-1f,w,2,2,0,ctl,ok,0,0,2.6,69.7
awgn,0.0,9,qpsk-r1/2,w,9,1,0,data,ok,8,8,3.5,69.7
awgn,0.0,9,ack-1f,w,2,2,0,ctl,ok,0,0,2.5,69.7
awgn,0.0,9,qpsk-r1/2,w,9,1,0,data,ok,8,8,3.4,69.7
awgn,0.0,9,ack-1f,w,2,2,0,ctl,ok,0,0,3.5,69.7
awgn,0.0,9,qpsk-r1/2,w,9,1,0,data,ok,8,8,3.5,69.7
awgn,0.0,9,ack-1f,w,2,2,0,ctl,ok,0,0,4.2,69.7
awgn,0.0,9,qpsk-r1/2,w,9,1,0,data,ok,8,8,3.5,69.7
awgn,0.0,11,qpsk-r1/5,w,1,1,0,ctl,ok,0,0,3.8,70.1
awgn,0.0,11,qpsk-r1/5,w,1,1,0,ctl,ok,0,0,3.8,70.1
awgn,0.0,11,ack-4f,w,3,3,0,ctl,ok,0,0,3.1,70.1
awgn,0.0,11,ack-1f,w,3,3,0,ctl,ok,0,0,3.2,70.1
awgn,0.0,11,qpsk-r1/2,w,9,2,1,data,ok,7,7,3.3,70.1
awgn,0.0,11,ack-1f,w,3,3,0,ctl,ok,0,0,3.5,70.1
awgn,0.0,11,qpsk-r1/2,w,9,2,1,data,ok,7,7,3.6,70.1
awgn,0.0,11,ack-1f,w,3,3,0,ctl,ok,0,0,3.9,70.1
awgn,0.0,11,qpsk-r1/2,w,9,2,1,data,ok,7,7,3.8,70.1
awgn,0.0,11,ack-1f,w,2,2,0,ctl,ok,0,0,5.1,70.1
awgn,0.0,11,qpsk-r1/2,w,9,1,0,data,ok,8,8,3.4,70.1
awgn,0.0,11,ack-1f,w,2,2,0,ctl,ok,0,0,4.2,70.1
awgn,0.0,11,qpsk-r1/2,w,9,1,0,data,ok,8,8,3.7,70.1
awgn,0.0,11,ack-1f,w,2,2,0,ctl,ok,0,0,2.5,70.1
awgn,0.0,11,qpsk-r1/2,w,9,1,0,data,ok,8,8,3.6,70.1
awgn,0.0,11,ack-1f,w,2,2,0,ctl,ok,0,0,4.0,70.1
awgn,0.0,11,qpsk-r1/2,w,9,1,0,data,ok,8,8,3.8,70.1
awgn,0.0,11,ack-1f,w,2,2,0,ctl,ok,0,0,1.5,70.1
awgn,0.0,11,qpsk-r1/2,w,9,1,0,data,ok,8,8,3.6,70.1
awgn,0.0,11,ack-1f,w,2,2,0,ctl,ok,0,0,3.1,70.1
awgn,0.0,11,qpsk-r1/2,w,9,1,0,data,ok,8,8,3.4,70.1
awgn,0.0,11,ack-1f,w,2,2,0,ctl,ok,0,0,3.5,70.1
awgn,0.0,11,qpsk-r1/2,w,9,1,0,data,ok,8,8,3.7,70.1
awgn,0.0,11,ack-1f,w,2,2,0,ctl,ok,0,0,3.4,70.1
awgn,0.0,11,qpsk-r1/2,w,9,1,0,data,ok,8,8,3.2,70.1
awgn,0.0,11,ack-1f,w,2,2,0,ctl,ok,0,0,3.6,70.1
awgn,0.0,11,qpsk-r1/2,w,9,1,0,data,ok,8,8,3.5,70.1
awgn,0.0,11,ack-1f,w,2,2,0,ctl,ok,0,0,4.5,70.1
awgn,0.0,11,qpsk-r1/2,w,9,1,0,data,ok,8,8,3.6,70.1
awgn,0.0,11,ack-1f,w,2,2,0,ctl,ok,0,0,3.4,70.1
awgn,0.0,11,qpsk-r1/2,w,9,1,0,data,ok,8,8,3.3,70.1
awgn,0.0,11,ack-1f,w,2,2,0,ctl,ok,0,0,4.3,70.1
awgn,0.0,11,qpsk-r1/2,w,9,1,0,data,ok,8,8,3.5,70.1
awgn,0.0,11,ack-1f,w,2,2,0,ctl,ok,0,0,3.7,70.1
awgn,0.0,11,qpsk-r1/2,w,9,1,0,data,ok,8,8,3.6,70.1
awgn,0.0,11,ack-1f,w,2,2,0,ctl,ok,0,0,4.2,70.1
awgn,0.0,11,qpsk-r1/2,w,9,1,0,data,ok,8,8,3.7,70.1
awgn,0.0,11,ack-1f,w,2,2,0,ctl,ok,0,0,3.4,70.1
awgn,0.0,11,qpsk-r1/2,w,9,1,0,data,ok,8,8,3.6,70.1
awgn,0.0,11,ack-1f,w,2,2,0,ctl,ok,0,0,4.0,70.1
awgn,0.0,11,qpsk-r1/2,w,9,1,0,data,ok,8,8,3.5,70.1
awgn,0.0,11,ack-1f,w,2,2,0,ctl,ok,0,0,3.5,70.1
awgn,0.0,11,qpsk-r1/2,w,9,1,0,data,ok,8,8,3.4,70.1
awgn,0.0,11,ack-1f,w,2,2,0,ctl,ok,0,0,4.7,70.1
awgn,0.0,11,qpsk-r1/2,w,9,1,0,data,ok,8,8,3.3,70.1
awgn,0.0,11,ack-1f,w,2,2,0,ctl,ok,0,0,3.7,70.1
awgn,0.0,11,qpsk-r1/2,w,9,1,0,data,ok,8,8,3.6,70.1
awgn,0.0,11,ack-1f,w,2,2,0,ctl,ok,0,0,3.5,70.1
awgn,0.0,11,qpsk-r1/2,w,9,1,0,data,ok,8,8,3.6,70.1
awgn,0.0,11,ack-1f,w,2,2,0,ctl,ok,0,0,4.7,70.1
awgn,0.0,11,qpsk-r1/2,w,9,1,0,data,ok,8,8,3.6,70.1
awgn,0.0,11,ack-1f,w,2,2,0,ctl,ok,0,0,4.0,70.1
awgn,0.0,11,qpsk-r1/2,w,9,1,0,data,ok,8,8,3.5,70.1
awgn,0.0,11,ack-1f,w,2,2,0,ctl,ok,0,0,3.4,70.1
awgn,0.0,11,qpsk-r1/2,w,9,1,0,data,ok,8,8,3.5,70.1
awgn,0.0,11,ack-1f,w,2,2,0,ctl,ok,0,0,3.1,70.1
awgn,0.0,11,qpsk-r1/2,w,9,1,0,data,ok,8,8,3.6,70.1
awgn,0.0,11,ack-1f,w,2,2,0,ctl,ok,0,0,4.3,70.1
awgn,0.0,11,qpsk-r1/2,w,9,1,0,data,ok,8,8,3.5,70.1
awgn,0.0,11,ack-1f,w,2,2,0,ctl,ok,0,0,3.6,70.1
awgn,0.0,11,qpsk-r1/2,w,9,1,0,data,ok,8,8,3.7,70.1
awgn,0.0,11,ack-1f,w,2,2,0,ctl,ok,0,0,3.3,70.1
awgn,0.0,11,qpsk-r1/2,w,9,1,0,data,ok,8,8,3.8,70.1
awgn,0.0,11,ack-1f,w,2,2,0,ctl,ok,0,0,4.5,70.1
awgn,0.0,11,qpsk-r1/2,w,9,1,0,data,ok,8,8,3.4,70.1
awgn,0.0,11,ack-1f,w,2,2,0,ctl,ok,0,0,4.2,70.1
awgn,0.0,11,qpsk-r1/2,w,9,1,0,data,ok,8,8,3.8,70.1
awgn,0.0,11,ack-1f,w,2,2,0,ctl,ok,0,0,2.8,70.1
awgn,0.0,11,qpsk-r1/2,w,9,1,0,data,ok,8,8,3.5,70.1
awgn,0.0,11,ack-1f,w,2,2,0,ctl,ok,0,0,4.0,70.1
awgn,0.0,11,qpsk-r1/2,w,9,1,0,data,ok,8,8,3.6,70.1
awgn,0.0,11,ack-1f,w,2,2,0,ctl,ok,0,0,4.2,70.1
awgn,0.0,11,qpsk-r1/2,w,9,1,0,data,ok,8,8,3.8,70.1
awgn,0.0,11,ack-1f,w,2,2,0,ctl,ok,0,0,4.3,70.1
awgn,0.0,11,qpsk-r1/2,w,9,1,0,data,ok,8,8,3.4,70.1
awgn,0.0,11,ack-1f,w,2,2,0,ctl,ok,0,0,4.2,70.1
awgn,0.0,11,qpsk-r1/2,w,9,1,0,data,ok,8,8,3.5,70.1
awgn,0.0,11,ack-1f,w,2,2,0,ctl,ok,0,0,4.1,70.1
awgn,0.0,11,qpsk-r1/2,w,9,1,0,data,ok,8,8,3.5,70.1
awgn,0.0,11,ack-1f,w,2,2,0,ctl,ok,0,0,3.3,70.1
awgn,0.0,11,qpsk-r1/2,w,9,1,0,data,ok,8,8,3.3,70.1
awgn,0.0,11,ack-1f,w,2,2,0,ctl,ok,0,0,3.5,70.1
awgn,0.0,11,qpsk-r1/2,w,9,1,0,data,ok,8,8,3.4,70.1
awgn,0.0,11,ack-1f,w,2,2,0,ctl,ok,0,0,3.2,70.1
awgn,0.0,11,qpsk-r1/2,w,9,1,0,data,ok,8,8,3.7,70.1
awgn,0.0,11,ack-1f,w,2,2,0,ctl,ok,0,0,2.3,70.1
awgn,0.0,11,qpsk-r1/2,w,9,1,0,data,ok,8,8,3.7,70.1
awgn,0.0,11,ack-1f,w,2,2,0,ctl,ok,0,0,3.7,70.1
awgn,0.0,11,qpsk-r1/2,w,9,1,0,data,ok,8,8,3.7,70.1
awgn,0.0,11,ack-1f,w,2,2,0,ctl,ok,0,0,3.9,70.1
awgn,0.0,11,qpsk-r1/2,w,9,1,0,data,ok,8,8,3.7,70.1
awgn,0.0,11,ack-1f,w,2,2,0,ctl,ok,0,0,2.8,70.1
awgn,0.0,11,qpsk-r1/2,w,9,1,0,data,ok,8,8,3.5,70.1
awgn,0.0,11,ack-1f,w,2,2,0,ctl,ok,0,0,3.1,70.1
awgn,0.0,11,qpsk-r1/2,w,9,1,0,data,ok,8,8,3.4,70.1
awgn,0.0,11,ack-1f,w,2,2,0,ctl,ok,0,0,4.0,70.1
awgn,0.0,11,qpsk-r1/2,w,9,1,0,data,ok,8,8,3.5,70.1
awgn,0.0,10,qpsk-r1/5,w,1,1,0,ctl,ok,0,0,3.2,69.7
awgn,0.0,10,qpsk-r1/5,w,1,1,0,ctl,ok,0,0,3.8,69.7
awgn,0.0,10,ack-4f,w,3,3,0,ctl,ok,0,0,3.1,69.7
awgn,0.0,10,ack-1f,w,3,3,0,ctl,ok,0,0,2.9,69.7
awgn,0.0,10,qpsk-r1/2,w,9,2,1,data,ok,7,7,3.7,69.7
awgn,0.0,10,ack-1f,w,3,3,0,ctl,ok,0,0,3.7,69.7
awgn,0.0,10,qpsk-r1/2,w,9,2,1,data,ok,7,7,3.6,69.7
awgn,0.0,10,ack-1f,w,3,3,0,ctl,ok,0,0,4.2,69.7
awgn,0.0,10,qpsk-r1/2,w,9,2,1,data,ok,7,7,3.5,69.7
awgn,0.0,10,ack-1f,w,3,3,0,ctl,ok,0,0,2.8,69.7
awgn,0.0,10,qpsk-r1/2,w,9,2,1,data,ok,7,7,3.6,69.7
awgn,0.0,10,ack-1f,w,2,2,0,ctl,ok,0,0,3.5,69.7
awgn,0.0,10,qpsk-r1/2,w,9,1,0,data,ok,8,8,3.5,69.7
awgn,0.0,10,ack-1f,w,2,2,0,ctl,ok,0,0,4.7,69.7
awgn,0.0,10,qpsk-r1/2,w,9,1,0,data,ok,8,8,3.8,69.7
awgn,0.0,10,ack-1f,w,2,2,0,ctl,ok,0,0,4.3,69.7
awgn,0.0,10,qpsk-r1/2,w,9,1,0,data,ok,8,8,3.4,69.7
awgn,0.0,10,ack-1f,w,2,2,0,ctl,ok,0,0,3.6,69.7
awgn,0.0,10,qpsk-r1/2,w,9,1,0,data,ok,8,8,3.2,69.7
awgn,0.0,10,ack-1f,w,2,2,0,ctl,ok,0,0,3.5,69.7
awgn,0.0,10,qpsk-r1/2,w,9,1,0,data,ok,8,8,3.6,69.7
awgn,0.0,10,ack-1f,w,2,2,0,ctl,ok,0,0,3.4,69.7
awgn,0.0,10,qpsk-r1/2,w,9,1,0,data,ok,8,8,3.5,69.7
awgn,0.0,10,ack-1f,w,2,2,0,ctl,ok,0,0,3.5,69.7
awgn,0.0,10,qpsk-r1/2,w,9,1,0,data,ok,8,8,3.5,69.7
awgn,0.0,10,ack-1f,w,2,2,0,ctl,ok,0,0,3.7,69.7
awgn,0.0,10,qpsk-r1/2,w,9,1,0,data,ok,8,8,3.5,69.7
awgn,0.0,10,ack-1f,w,2,2,0,ctl,ok,0,0,4.6,69.7
awgn,0.0,10,qpsk-r1/2,w,9,1,0,data,ok,8,8,3.5,69.7
awgn,0.0,10,ack-1f,w,2,2,0,ctl,ok,0,0,2.5,69.7
awgn,0.0,10,qpsk-r1/2,w,9,1,0,data,ok,8,8,3.6,69.7
awgn,0.0,10,ack-1f,w,2,2,0,ctl,ok,0,0,3.5,69.7
awgn,0.0,10,qpsk-r1/2,w,9,1,0,data,ok,8,8,3.8,69.7
awgn,0.0,10,ack-1f,w,2,2,0,ctl,ok,0,0,3.3,69.7
awgn,0.0,10,qpsk-r1/2,w,9,1,0,data,ok,8,8,3.4,69.7
awgn,0.0,10,ack-1f,w,2,2,0,ctl,ok,0,0,4.1,69.7
awgn,0.0,10,qpsk-r1/2,w,9,1,0,data,ok,8,8,3.5,69.7
awgn,0.0,10,ack-1f,w,2,2,0,ctl,ok,0,0,4.3,69.7
awgn,0.0,10,qpsk-r1/2,w,9,1,0,data,ok,8,8,3.5,69.7
awgn,0.0,10,ack-1f,w,2,2,0,ctl,ok,0,0,4.3,69.7
awgn,0.0,10,qpsk-r1/2,w,9,1,0,data,ok,8,8,3.2,69.7
awgn,0.0,10,ack-1f,w,2,2,0,ctl,ok,0,0,4.3,69.7
awgn,0.0,10,qpsk-r1/2,w,9,1,0,data,ok,8,8,3.6,69.7
awgn,0.0,10,ack-1f,w,2,2,0,ctl,ok,0,0,4.0,69.7
awgn,0.0,10,qpsk-r1/2,w,9,1,0,data,ok,8,8,3.5,69.7
awgn,0.0,10,ack-1f,w,2,2,0,ctl,ok,0,0,3.8,69.7
awgn,0.0,10,qpsk-r1/2,w,9,1,0,data,ok,8,8,3.3,69.7
awgn,0.0,10,ack-1f,w,2,2,0,ctl,ok,0,0,3.7,69.7
awgn,0.0,10,qpsk-r1/2,w,9,1,0,data,ok,8,8,3.3,69.7
awgn,0.0,10,ack-1f,w,2,2,0,ctl,ok,0,0,3.3,69.7
awgn,0.0,10,qpsk-r1/2,w,9,1,0,data,ok,8,8,3.5,69.7
awgn,0.0,10,ack-1f,w,2,2,0,ctl,ok,0,0,3.8,69.7
awgn,0.0,10,qpsk-r1/2,w,9,1,0,data,ok,8,8,3.5,69.7
awgn,0.0,10,ack-1f,w,2,2,0,ctl,ok,0,0,4.6,69.7
awgn,0.0,10,qpsk-r1/2,w,9,1,0,data,ok,8,8,3.5,69.7
awgn,0.0,10,ack-1f,w,2,2,0,ctl,ok,0,0,4.4,69.7
awgn,0.0,10,qpsk-r1/2,w,9,1,0,data,ok,8,8,3.4,69.7
awgn,0.0,10,ack-1f,w,2,2,0,ctl,ok,0,0,3.5,69.7
awgn,0.0,10,qpsk-r1/2,w,9,1,0,data,ok,8,8,3.1,69.7
awgn,0.0,10,ack-1f,w,2,2,0,ctl,ok,0,0,4.5,69.7
awgn,0.0,10,qpsk-r1/2,w,9,1,0,data,ok,8,8,3.4,69.7
awgn,0.0,10,ack-1f,w,2,2,0,ctl,ok,0,0,3.6,69.7
awgn,0.0,10,qpsk-r1/2,w,9,1,0,data,ok,8,8,3.6,69.7
awgn,0.0,10,ack-1f,w,2,2,0,ctl,ok,0,0,3.8,69.7
awgn,0.0,10,qpsk-r1/2,w,9,1,0,data,ok,8,8,3.6,69.7
awgn,0.0,10,ack-1f,w,2,2,0,ctl,ok,0,0,3.3,69.7
awgn,0.0,10,qpsk-r1/2,w,9,1,0,data,ok,8,8,3.6,69.7
awgn,0.0,10,ack-1f,w,2,2,0,ctl,ok,0,0,4.1,69.7
awgn,0.0,10,qpsk-r1/2,w,9,1,0,data,ok,8,8,3.5,69.7
awgn,0.0,10,ack-1f,w,2,2,0,ctl,ok,0,0,3.6,69.7
awgn,0.0,10,qpsk-r1/2,w,9,1,0,data,ok,8,8,3.5,69.7
awgn,0.0,10,ack-1f,w,2,2,0,ctl,ok,0,0,3.9,69.7
awgn,0.0,10,qpsk-r1/2,w,9,1,0,data,ok,8,8,3.7,69.7
awgn,0.0,10,ack-1f,w,2,2,0,ctl,ok,0,0,4.6,69.7
awgn,0.0,10,qpsk-r1/2,w,9,1,0,data,ok,8,8,3.6,69.7
awgn,0.0,10,ack-1f,w,2,2,0,ctl,ok,0,0,3.6,69.7
awgn,0.0,10,qpsk-r1/2,w,9,1,0,data,ok,8,8,3.6,69.7
awgn,0.0,10,ack-1f,w,2,2,0,ctl,ok,0,0,3.5,69.7
awgn,0.0,10,qpsk-r1/2,w,9,1,0,data,ok,8,8,3.5,69.7
awgn,0.0,10,ack-1f,w,2,2,0,ctl,ok,0,0,4.0,69.7
awgn,0.0,10,qpsk-r1/2,w,9,1,0,data,ok,8,8,3.8,69.7
awgn,0.0,10,ack-1f,w,2,2,0,ctl,ok,0,0,3.3,69.7
awgn,0.0,10,qpsk-r1/2,w,9,1,0,data,ok,8,8,3.6,69.7
awgn,0.0,10,ack-1f,w,2,2,0,ctl,ok,0,0,4.1,69.7
awgn,0.0,10,qpsk-r1/2,w,9,1,0,data,ok,8,8,3.5,69.7
awgn,0.0,10,ack-1f,w,2,2,0,ctl,ok,0,0,3.3,69.7
awgn,0.0,10,qpsk-r1/2,w,9,1,0,data,ok,8,8,3.4,69.7
awgn,0.0,10,ack-1f,w,2,2,0,ctl,ok,0,0,3.4,69.7
awgn,0.0,10,qpsk-r1/2,w,9,1,0,data,ok,8,8,3.4,69.7
awgn,0.0,10,ack-1f,w,2,2,0,ctl,ok,0,0,3.4,69.7
awgn,0.0,10,qpsk-r1/2,w,9,1,0,data,ok,8,8,3.6,69.7
awgn,0.0,10,ack-1f,w,2,2,0,ctl,ok,0,0,4.2,69.7
awgn,0.0,10,qpsk-r1/2,w,9,1,0,data,ok,8,8,3.6,69.7
awgn,0.0,10,ack-1f,w,2,2,0,ctl,ok,0,0,2.8,69.7
awgn,0.0,10,qpsk-r1/2,w,9,1,0,data,ok,8,8,3.7,69.7
awgn,0.0,10,ack-1f,w,2,2,0,ctl,ok,0,0,3.9,69.7
awgn,0.0,10,qpsk-r1/2,w,9,1,0,data,ok,8,8,3.8,69.7
mpg,0.0,4,qpsk-r1/5,w,1,1,0,ctl,ok,0,0,-4.7,40.0
mpg,0.0,4,qpsk-r1/5,w,1,1,0,ctl,ctl_lost,0,0,-9.2,40.0
mpg,0.0,4,n4-qpsk-r1/3,n4,1,1,,ctl,missed,0,0,,40.0
mpg,0.0,4,n4-qpsk-r1/3,n4,1,1,0,ctl,ok,0,0,-0.7,40.0
mpg,0.0,4,n4-qpsk-r1/3,n4,1,1,0,ctl,ok,0,0,2.1,40.0
mpg,0.0,4,ack-4f,w,3,3,0,ctl,ok,0,0,5.4,40.0
mpg,0.0,4,ack-1f,w,2,2,0,ctl,ok,0,0,5.1,40.0
mpg,0.0,4,qpsk-r1/2,w,9,1,0,data,ok,8,6,3.4,40.0
mpg,0.0,4,ack-1f,w,3,3,0,ctl,ok,0,0,9.0,40.0
mpg,0.0,4,qpsk-r1/2,w,9,2,1,data,ok,5,5,5.1,40.0
mpg,0.0,4,ack-1f,w,3,3,0,ctl,ok,0,0,5.0,40.0
mpg,0.0,4,qpsk-r1/2,w,9,2,1,data,ok,7,7,5.2,40.0
mpg,0.0,4,ack-1f,w,3,3,0,ctl,ok,0,0,2.0,40.0
mpg,0.0,4,w48-qpsk-r1/2,w48,19,2,1,data,ok,17,0,3.7,40.0
mpg,0.0,4,ack-1f,w,3,3,0,ctl,ok,0,0,0.2,40.0
mpg,0.0,4,w48-qpsk-r1/2,w48,19,2,1,data,ok,0,0,1.9,40.0
mpg,0.0,4,ack-1f,w,3,3,0,ctl,ok,0,0,1.1,40.0
mpg,0.0,4,w48-qpsk-r1/2,w48,19,2,1,data,ok,17,0,2.3,40.0
mpg,0.0,4,ack-4f,w,3,3,0,ctl,ok,0,0,2.1,40.0
mpg,0.0,4,w48-qpsk-r1/5,w48,19,2,1,data,ok,17,0,-0.2,40.0
mpg,0.0,4,ack-1f,w,3,3,0,ctl,ok,0,0,6.9,40.0
mpg,0.0,4,qpsk-r1/2,w,9,2,1,data,ok,7,7,3.2,40.0
mpg,0.0,4,ack-1f,w,3,3,0,ctl,ok,0,0,0.3,40.0
mpg,0.0,4,qpsk-r1/2,w,9,2,1,data,ok,7,0,-0.8,40.0
mpg,0.0,4,ack-1f,w,3,3,0,ctl,ok,0,0,2.4,40.0
mpg,0.0,4,qpsk-r1/2,w,9,2,1,data,ok,0,0,2.7,40.0
mpg,0.0,4,ack-1f,w,3,3,0,ctl,ok,0,0,2.6,40.0
mpg,0.0,4,qpsk-r1/2,w,9,2,1,data,ok,7,0,1.0,40.0
mpg,0.0,4,ack-1f,w,3,3,0,ctl,ok,0,0,0.5,40.0
mpg,0.0,4,qpsk-r1/2,w,9,2,1,data,ok,0,0,0.1,40.0
mpg,0.0,4,ack-1f,w,3,3,0,ctl,ctl_lost,0,0,-3.5,40.0
mpg,0.0,4,ack-4f,w,3,3,0,ctl,ok,0,0,5.7,40.0
mpg,0.0,4,ack-4f,w,2,2,0,ctl,ok,0,0,3.4,40.0
mpg,0.0,4,qpsk-r1/2,w,9,1,0,data,ok,8,8,5.1,40.0
mpg,0.0,4,ack-1f,w,2,2,0,ctl,ok,0,0,6.1,40.0
mpg,0.0,4,qpsk-r1/2,w,9,1,0,data,ctl_lost,8,2,2.7,40.0
mpg,0.0,4,ack-4f,w,3,3,0,ctl,ok,0,0,-4.0,40.0
mpg,0.0,4,ack-4f,w,3,3,0,ctl,ok,0,0,1.8,40.0
mpg,0.0,4,qpsk-r1/2,w,9,2,1,data,ok,7,7,2.4,40.0
mpg,0.0,4,ack-1f,w,3,3,0,ctl,ok,0,0,3.2,40.0
mpg,0.0,4,qpsk-r1/2,w,9,2,1,data,ok,7,7,5.1,40.0
mpg,0.0,4,ack-1f,w,2,2,0,ctl,ok,0,0,2.5,40.0
mpg,0.0,4,qpsk-r1/2,w,9,1,0,data,ctl_lost,8,1,2.4,40.0
mpg,0.0,4,ack-4f,w,3,3,0,ctl,ok,0,0,0.5,40.0
mpg,0.0,4,ack-4f,w,3,3,0,ctl,ok,0,0,5.9,40.0
mpg,0.0,4,qpsk-r1/3,w,9,2,1,data,ok,7,7,3.2,40.0
mpg,0.0,4,ack-1f,w,3,3,0,ctl,ok,0,0,0.2,40.0
mpg,0.0,4,qpsk-r1/2,w,9,2,1,data,ok,7,7,3.1,40.0
mpg,0.0,4,ack-1f,w,3,3,0,ctl,ok,0,0,1.6,40.0
mpg,0.0,4,qpsk-r1/2,w,9,2,1,data,ok,7,7,2.9,40.0
mpg,0.0,4,ack-1f,w,3,3,0,ctl,ok,0,0,2.8,40.0
mpg,0.0,4,qpsk-r1/2,w,9,2,1,data,ok,7,7,3.0,40.0
mpg,0.0,4,ack-1f,w,3,3,0,ctl,ok,0,0,2.0,40.0
mpg,0.0,4,qpsk-r1/2,w,9,2,1,data,ok,7,7,4.1,40.0
mpg,0.0,4,ack-1f,w,2,2,0,ctl,ok,0,0,5.0,40.0
mpg,0.0,4,qpsk-r1/2,w,9,1,0,data,ok,8,8,4.4,40.0
mpg,0.0,4,ack-1f,w,2,2,0,ctl,ok,0,0,5.0,40.0
mpg,0.0,4,qpsk-r1/2,w,9,1,0,data,ok,8,8,3.8,40.0
mpg,0.0,4,ack-1f,w,2,2,0,ctl,ok,0,0,5.5,40.0
mpg,0.0,4,qpsk-r1/2,w,9,1,0,data,ctl_lost,8,0,-1.2,40.0
mpg,0.0,4,ack-4f,w,3,3,0,ctl,ok,0,0,1.8,40.0
mpg,0.0,4,ack-4f,w,3,3,0,ctl,ok,0,0,1.5,40.0
mpg,0.0,4,qpsk-r1/3,w,9,2,1,data,ok,7,7,6.1,40.0
mpg,0.0,4,ack-1f,w,3,3,0,ctl,ok,0,0,3.9,40.0
mpg,0.0,4,qpsk-r1/2,w,9,2,1,data,ok,7,7,3.2,40.0
mpg,0.0,4,ack-1f,w,3,3,0,ctl,ok,0,0,-0.8,40.0
mpg,0.0,4,w48-qpsk-r1/2,w48,19,2,1,data,ok,17,0,2.1,40.0
mpg,0.0,4,ack-1f,w,3,3,0,ctl,ok,0,0,2.2,40.0
mpg,0.0,4,qpsk-r1/2,w,9,2,1,data,ok,7,0,-0.6,40.0
mpg,0.0,4,ack-1f,w,3,3,0,ctl,ok,0,0,6.1,40.0
mpg,0.0,4,qpsk-r1/3,w,9,2,1,data,ok,7,3,1.1,40.0
mpg,0.0,4,ack-1f,w,3,3,0,ctl,ctl_lost,0,0,-7.1,40.0
mpg,0.0,4,ack-4f,w,4,4,0,ctl,ok,0,0,5.6,40.0
mpg,0.0,4,ack-4f,w,3,3,0,ctl,ok,0,0,6.2,40.0
mpg,0.0,4,qpsk-r1/3,w,9,1,0,data,ok,8,8,4.8,40.0
mpg,0.0,4,ack-1f,w,2,2,0,ctl,ok,0,0,7.3,40.0
mpg,0.0,4,qpsk-r1/2,w,9,1,0,data,ok,8,8,4.4,40.0
mpg,0.0,4,ack-1f,w,2,2,0,ctl,ok,0,0,4.4,40.0
mpg,0.0,4,qpsk-r1/2,w,9,1,0,data,ok,8,0,1.3,40.0
mpg,0.0,4,ack-1f,w,3,3,0,ctl,ok,0,0,5.3,40.0
mpg,0.0,4,qpsk-r1/2,w,9,2,1,data,ok,0,0,5.6,40.0
mpg,0.0,4,ack-1f,w,3,3,0,ctl,ok,0,0,0.9,40.0
mpg,0.0,4,qpsk-r1/2,w,9,2,1,data,ok,6,6,2.3,40.0
mpg,0.0,4,ack-1f,w,2,2,0,ctl,ctl_lost,0,0,-5.5,40.0
mpg,0.0,4,ack-4f,w,3,3,0,ctl,ok,0,0,1.6,40.0
mpg,0.0,4,ack-4f,w,3,3,0,ctl,ok,0,0,2.2,40.0
mpg,0.0,4,qpsk-r1/3,w,9,2,1,data,ok,7,7,4.8,40.0
mpg,0.0,4,ack-4f,w,3,3,0,ctl,ok,0,0,1.2,40.0
mpg,0.0,4,qpsk-r1/2,w,9,2,1,data,ok,7,7,5.9,40.0
mpg,0.0,4,ack-1f,w,3,3,0,ctl,ok,0,0,4.3,40.0
mpg,0.0,4,w48-qpsk-r1/2,w48,19,2,1,data,ok,17,0,0.2,40.0
mpg,0.0,4,ack-1f,w,2,2,0,ctl,ok,0,0,-2.0,40.0
mpg,0.0,4,qpsk-r1/2,w,9,1,0,data,ok,8,8,5.4,40.0
mpg,0.0,4,ack-1f,w,2,2,0,ctl,ok,0,0,8.7,40.0
mpg,0.0,4,qpsk-r1/2,w,9,1,0,data,ok,8,8,5.7,40.0
mpg,0.0,4,ack-1f,w,3,3,0,ctl,ok,0,0,5.1,40.0
mpg,0.0,4,w48-qpsk-r1/3,w48,19,2,1,data,ok,17,17,5.1,40.0
mpg,0.0,4,ack-1f,w,3,3,0,ctl,ok,0,0,7.1,40.0
mpg,0.0,6,qpsk-r1/5,w,1,1,0,ctl,ok,0,0,2.4,47.2
mpg,0.0,6,qpsk-r1/5,w,1,1,0,ctl,ok,0,0,3.7,47.2
mpg,0.0,6,ack-4f,w,3,3,0,ctl,ok,0,0,-3.7,47.2
mpg,0.0,6,ack-1f,w,3,3,0,ctl,ok,0,0,1.7,47.2
mpg,0.0,6,qpsk-r1/3,w,9,2,1,data,ok,7,7,3.3,47.2
mpg,0.0,6,ack-1f,w,3,3,0,ctl,ok,0,0,3.1,47.2
mpg,0.0,6,qpsk-r1/3,w,9,2,1,data,ok,7,7,2.7,47.2
mpg,0.0,6,ack-1f,w,3,3,0,ctl,ok,0,0,3.9,47.2
mpg,0.0,6,qpsk-r1/2,w,9,2,1,data,ok,7,7,4.7,47.2
mpg,0.0,6,ack-1f,w,3,3,0,ctl,ctl_lost,0,0,-107.4,47.2
mpg,0.0,6,ack-4f,w,3,3,0,ctl,ok,0,0,-1.4,47.2
mpg,0.0,6,ack-4f,w,3,3,0,ctl,ok,0,0,0.4,47.2
mpg,0.0,6,qpsk-r1/2,w,9,2,1,data,ok,7,0,0.6,47.2
mpg,0.0,6,n4-ack-8f,n4,3,3,0,ctl,ok,0,0,5.7,47.2
mpg,0.0,6,qpsk-r1/3,w,9,2,1,data,ok,7,7,1.7,47.2
mpg,0.0,6,ack-1f,w,3,3,0,ctl,ok,0,0,6.9,47.2
mpg,0.0,6,qpsk-r1/3,w,9,2,1,data,ok,7,7,0.4,47.2
mpg,0.0,6,ack-1f,w,3,3,0,ctl,ok,0,0,4.4,47.2
mpg,0.0,6,qpsk-r1/3,w,9,2,1,data,ok,7,7,4.2,47.2
mpg,0.0,6,ack-1f,w,3,3,0,ctl,ok,0,0,3.8,47.2
mpg,0.0,6,qpsk-r1/2,w,9,2,1,data,ok,7,7,2.9,47.2
mpg,0.0,6,ack-1f,w,2,2,0,ctl,ctl_lost,0,0,-2.1,47.2
mpg,0.0,6,ack-4f,w,3,3,0,ctl,ok,0,0,-5.2,47.2
mpg,0.0,6,ack-4f,w,3,3,0,ctl,ok,0,0,1.6,47.2
mpg,0.0,6,qpsk-r1/3,w,9,2,1,data,ok,7,7,2.9,47.2
mpg,0.0,6,ack-4f,w,2,2,0,ctl,ok,0,0,6.0,47.2
mpg,0.0,6,qpsk-r1/3,w,9,1,0,data,ok,8,8,2.3,47.2
mpg,0.0,6,ack-1f,w,3,3,0,ctl,ok,0,0,4.8,47.2
mpg,0.0,6,qpsk-r1/2,w,9,2,1,data,ok,7,7,5.3,47.2
mpg,0.0,6,ack-1f,w,2,2,0,ctl,ok,0,0,-1.4,47.2
mpg,0.0,6,qpsk-r1/2,w,9,1,0,data,ok,8,8,9.6,47.2
mpg,0.0,6,ack-4f,w,3,3,0,ctl,ok,0,0,4.7,47.2
mpg,0.0,6,w48-qpsk-r1/2,w48,19,2,1,data,ok,17,0,1.4,47.2
mpg,0.0,6,ack-4f,w,2,2,0,ctl,ok,0,0,3.5,47.2
mpg,0.0,6,qpsk-r1/2,w,9,1,0,data,ok,8,8,4.2,47.2
mpg,0.0,6,ack-1f,w,2,2,0,ctl,ok,0,0,0.4,47.2
mpg,0.0,6,qpsk-r1/2,w,9,1,0,data,ok,8,8,4.3,47.2
mpg,0.0,6,ack-4f,w,2,2,0,ctl,ok,0,0,10.2,47.2
mpg,0.0,6,qpsk-r1/2,w,9,1,0,data,ok,8,8,2.8,47.2
mpg,0.0,6,ack-1f,w,2,2,0,ctl,ok,0,0,2.4,47.2
mpg,0.0,6,qpsk-r1/2,w,9,1,0,data,ok,8,8,3.4,47.2
mpg,0.0,6,ack-1f,w,2,2,0,ctl,ok,0,0,-1.1,47.2
mpg,0.0,6,qpsk-r1/2,w,9,1,0,data,ok,8,8,3.9,47.2
mpg,0.0,6,ack-4f,w,2,2,0,ctl,ok,0,0,3.1,47.2
mpg,0.0,6,qpsk-r1/2,w,9,1,0,data,ok,8,8,2.6,47.2
mpg,0.0,6,ack-4f,w,2,2,0,ctl,ok,0,0,-0.3,47.2
mpg,0.0,6,qpsk-r1/2,w,9,1,0,data,ok,8,8,4.6,47.2
mpg,0.0,6,ack-4f,w,2,2,0,ctl,ok,0,0,5.2,47.2
mpg,0.0,6,qpsk-r1/2,w,9,1,0,data,ok,8,8,4.0,47.2
mpg,0.0,6,n4-ack-2f,n4,2,2,0,ctl,ok,0,0,4.1,47.2
mpg,0.0,6,qpsk-r1/2,w,9,1,0,data,ok,8,8,4.7,47.2
mpg,0.0,6,ack-1f,w,2,2,0,ctl,ok,0,0,4.5,47.2
mpg,0.0,6,qpsk-r1/2,w,9,1,0,data,ok,8,8,3.7,47.2
mpg,0.0,6,ack-1f,w,2,2,0,ctl,ctl_lost,0,0,-0.9,47.2
mpg,0.0,6,ack-4f,w,3,3,0,ctl,ok,0,0,4.7,47.2
mpg,0.0,6,ack-4f,w,2,2,0,ctl,ok,0,0,3.0,47.2
mpg,0.0,6,qpsk-r1/2,w,9,1,0,data,ok,8,8,2.2,47.2
mpg,0.0,6,ack-4f,w,2,2,0,ctl,ok,0,0,0.3,47.2
mpg,0.0,6,qpsk-r1/2,w,9,1,0,data,ok,8,8,4.1,47.2
mpg,0.0,6,ack-4f,w,2,2,0,ctl,ok,0,0,6.1,47.2
mpg,0.0,6,qpsk-r1/2,w,9,1,0,data,ok,8,8,2.9,47.2
mpg,0.0,6,n4-ack-2f,n4,2,2,0,ctl,ok,0,0,-2.6,47.2
mpg,0.0,6,qpsk-r1/2,w,9,1,0,data,ok,8,8,2.8,47.2
mpg,0.0,6,ack-4f,w,2,2,0,ctl,ok,0,0,3.8,47.2
mpg,0.0,6,qpsk-r1/2,w,9,1,0,data,ok,8,8,6.4,47.2
mpg,0.0,6,n4-ack-2f,n4,2,2,0,ctl,ok,0,0,-3.0,47.2
mpg,0.0,6,qpsk-r1/2,w,9,1,0,data,ctl_lost,8,0,-0.4,47.2
mpg,0.0,6,ack-4f,w,3,3,0,ctl,ok,0,0,2.5,47.2
mpg,0.0,6,ack-4f,w,3,3,0,ctl,ok,0,0,7.5,47.2
mpg,0.0,6,qpsk-r1/2,w,9,2,1,data,ok,7,0,0.5,47.2
mpg,0.0,6,n4-ack-2f,n4,3,3,0,ctl,ok,0,0,6.5,47.2
mpg,0.0,6,qpsk-r1/2,w,9,2,1,data,ok,0,0,2.4,47.2
mpg,0.0,6,ack-1f,w,3,3,0,ctl,ctl_lost,0,0,-0.5,47.2
mpg,0.0,6,ack-4f,w,3,3,,ctl,missed,0,0,,47.2
mpg,0.0,6,ack-4f,w,3,3,0,ctl,ok,0,0,0.2,47.2
mpg,0.0,6,ack-4f,w,3,3,0,ctl,ok,0,0,4.1,47.2
mpg,0.0,6,qpsk-r1/2,w,9,2,1,data,ok,7,7,5.3,47.2
mpg,0.0,6,n4-ack-2f,n4,2,2,0,ctl,ok,0,0,3.6,47.2
mpg,0.0,6,qpsk-r1/2,w,9,1,0,data,ok,8,8,3.4,47.2
mpg,0.0,6,n4-ack-2f,n4,2,2,0,ctl,ok,0,0,9.4,47.2
mpg,0.0,6,qpsk-r1/2,w,9,1,0,data,ok,8,8,5.9,47.2
mpg,0.0,6,n4-ack-2f,n4,2,2,0,ctl,ok,0,0,-6.8,47.2
mpg,0.0,6,qpsk-r1/2,w,9,1,0,data,ok,8,8,6.0,47.2
mpg,0.0,6,ack-4f,w,3,3,0,ctl,ok,0,0,8.4,47.2
mpg,0.0,6,w48-qpsk-r1/2,w48,19,2,1,data,ok,17,0,2.2,47.2
mpg,0.0,6,n4-ack-2f,n4,2,2,0,ctl,ok,0,0,3.0,47.2
mpg,0.0,6,qpsk-r1/2,w,9,1,0,data,ok,8,8,3.4,47.2
mpg,0.0,6,n4-ack-2f,n4,2,2,0,ctl,ok,0,0,-1.6,47.2
mpg,0.0,6,qpsk-r1/2,w,9,1,0,data,ctl_lost,8,0,-0.4,47.2
mpg,0.0,6,ack-4f,w,3,3,0,ctl,ok,0,0,2.8,47.2
mpg,0.0,6,ack-4f,w,2,2,0,ctl,ok,0,0,4.9,47.2
mpg,0.0,6,qpsk-r1/3,w,9,1,0,data,ok,8,8,2.9,47.2
mpg,0.0,6,n4-ack-2f,n4,3,3,0,ctl,ok,0,0,7.5,47.2
mpg,0.0,6,qpsk-r1/2,w,9,2,1,data,ok,7,7,2.6,47.2
mpg,0.0,6,n4-ack-2f,n4,3,3,0,ctl,ok,0,0,5.9,47.2
mpg,0.0,6,qpsk-r1/2,w,9,2,1,data,ok,7,7,6.2,47.2
mpg,0.0,6,n4-ack-2f,n4,2,2,0,ctl,ok,0,0,4.3,47.2
mpg,0.0,6,qpsk-r1/2,w,9,1,0,data,ok,8,8,4.5,47.2
mpg,0.0,3,qpsk-r1/5,w,1,1,0,ctl,ok,0,0,5.0,42.9
mpg,0.0,3,qpsk-r1/5,w,1,1,0,ctl,ok,0,0,3.2,42.9
mpg,0.0,3,ack-4f,w,3,3,0,ctl,ok,0,0,-2.8,42.9
mpg,0.0,3,ack-1f,w,3,3,0,ctl,ok,0,0,-3.7,42.9
mpg,0.0,3,qpsk-r1/3,w,9,2,1,data,ok,7,7,2.4,42.9
mpg,0.0,3,ack-4f,w,3,3,0,ctl,ok,0,0,3.3,42.9
mpg,0.0,3,qpsk-r1/3,w,9,2,1,data,ok,7,7,5.4,42.9
mpg,0.0,3,ack-1f,w,3,3,0,ctl,ok,0,0,6.9,42.9
mpg,0.0,3,qpsk-r1/2,w,9,2,1,data,ok,7,7,3.6,42.9
mpg,0.0,3,ack-1f,w,2,2,0,ctl,ok,0,0,-2.1,42.9
mpg,0.0,3,qpsk-r1/2,w,9,1,0,data,ok,8,8,3.9,42.9
mpg,0.0,3,ack-1f,w,3,3,0,ctl,ok,0,0,1.7,42.9
mpg,0.0,3,qpsk-r1/2,w,9,2,1,data,ok,7,7,6.3,42.9
mpg,0.0,3,ack-4f,w,3,3,0,ctl,ok,0,0,2.0,42.9
mpg,0.0,3,w48-qpsk-r1/2,w48,19,2,1,data,ok,17,0,1.5,42.9
mpg,0.0,3,ack-1f,w,3,3,0,ctl,ok,0,0,1.6,42.9
mpg,0.0,3,w48-qpsk-r1/2,w48,19,2,1,data,ok,0,0,3.0,42.9
mpg,0.0,3,ack-1f,w,3,3,0,ctl,ok,0,0,-0.4,42.9
mpg,0.0,3,w48-qpsk-r1/2,w48,19,2,1,data,ok,17,0,0.5,42.9
mpg,0.0,3,ack-1f,w,3,3,0,ctl,ok,0,0,3.7,42.9
mpg,0.0,3,w48-qpsk-r1/2,w48,19,2,1,data,ok,0,0,2.6,42.9
mpg,0.0,3,ack-1f,w,3,3,0,ctl,ok,0,0,1.4,42.9
mpg,0.0,3,w48-qpsk-r1/2,w48,19,2,1,data,ok,17,0,1.3,42.9
mpg,0.0,3,ack-1f,w,3,3,0,ctl,ok,0,0,4.8,42.9
mpg,0.0,3,w48-qpsk-r1/2,w48,19,2,1,data,ctl_lost,0,0,-1.6,42.9
mpg,0.0,3,ack-4f,w,3,3,0,ctl,ok,0,0,-0.2,42.9
mpg,0.0,3,ack-4f,w,2,2,0,ctl,ok,0,0,1.9,42.9
mpg,0.0,3,qpsk-r1/5,w,9,1,0,data,ok,8,8,0.7,42.9
mpg,0.0,3,ack-1f,w,2,2,0,ctl,ctl_lost,0,0,-9.2,42.9
mpg,0.0,3,ack-4f,w,4,4,0,ctl,ok,0,0,2.8,42.9
mpg,0.0,3,ack-4f,w,3,3,0,ctl,ok,0,0,3.8,42.9
mpg,0.0,3,qpsk-r1/3,w,9,2,1,data,ok,7,7,4.6,42.9
mpg,0.0,3,ack-4f,w,3,3,0,ctl,ok,0,0,6.4,42.9
mpg,0.0,3,qpsk-r1/2,w,9,2,1,data,ok,7,7,3.6,42.9
mpg,0.0,3,ack-1f,w,2,2,0,ctl,ok,0,0,2.3,42.9
mpg,0.0,3,qpsk-r1/2,w,9,1,0,data,ok,8,8,5.5,42.9
mpg,0.0,3,ack-1f,w,2,2,0,ctl,ctl_lost,0,0,-6.0,42.9
mpg,0.0,3,ack-4f,w,3,3,0,ctl,ok,0,0,3.1,42.9
mpg,0.0,3,ack-4f,w,2,2,0,ctl,ok,0,0,5.6,42.9
mpg,0.0,3,qpsk-r1/2,w,9,1,0,data,ok,8,8,5.2,42.9
mpg,0.0,3,n4-ack-2f,n4,2,2,0,ctl,ctl_lost,0,0,-3.8,42.9
mpg,0.0,3,ack-4f,w,3,3,0,ctl,ok,0,0,2.0,42.9
mpg,0.0,3,ack-4f,w,3,3,0,ctl,ok,0,0,3.9,42.9
mpg,0.0,3,qpsk-r1/2,w,9,2,1,data,ok,7,7,6.6,42.9
mpg,0.0,3,ack-4f,w,2,2,0,ctl,ok,0,0,0.7,42.9
mpg,0.0,3,qpsk-r1/2,w,9,1,0,data,ok,8,8,4.0,42.9
mpg,0.0,3,ack-4f,w,3,3,0,ctl,ok,0,0,3.8,42.9
mpg,0.0,3,w48-qpsk-r1/2,w48,19,2,1,data,ok,17,3,4.4,42.9
mpg,0.0,3,ack-4f,w,3,3,0,ctl,ok,0,0,4.2,42.9
mpg,0.0,3,w48-qpsk-r1/2,w48,19,2,1,data,ok,3,0,0.9,42.9
mpg,0.0,3,ack-4f,w,3,3,0,ctl,ok,0,0,2.7,42.9
mpg,0.0,3,qpsk-r1/2,w,9,2,1,data,ok,7,7,6.2,42.9
mpg,0.0,3,ack-4f,w,2,2,0,ctl,ok,0,0,1.8,42.9
mpg,0.0,3,qpsk-r1/2,w,9,1,0,data,ctl_lost,8,0,1.0,42.9
mpg,0.0,3,ack-4f,w,3,3,0,ctl,ok,0,0,-4.1,42.9
mpg,0.0,3,ack-4f,w,3,3,0,ctl,ok,0,0,1.2,42.9
mpg,0.0,3,qpsk-r1/3,w,9,2,1,data,ok,7,7,0.6,42.9
mpg,0.0,3,ack-4f,w,3,3,0,ctl,ok,0,0,1.0,42.9
mpg,0.0,3,qpsk-r1/3,w,9,2,1,data,ok,7,2,0.4,42.9
mpg,0.0,3,ack-4f,w,3,3,0,ctl,ok,0,0,1.7,42.9
mpg,0.0,3,qpsk-r1/3,w,9,2,1,data,ok,2,2,2.0,42.9
mpg,0.0,3,ack-4f,w,2,2,0,ctl,ok,0,0,0.9,42.9
mpg,0.0,3,qpsk-r1/3,w,9,1,0,data,ok,8,8,-0.4,42.9
mpg,0.0,3,ack-4f,w,2,2,0,ctl,ok,0,0,-13.3,42.9
mpg,0.0,3,qpsk-r1/3,w,9,1,0,data,ok,8,8,4.3,42.9
mpg,0.0,3,n10-ack-4f,n10,2,2,0,ctl,ok,0,0,5.3,42.9
mpg,0.0,3,qpsk-r1/3,w,9,1,0,data,ok,8,8,3.3,42.9
mpg,0.0,3,polar-k96-f4,w,1,1,0,ctl,ok,0,0,5.4,42.9
mpg,0.0,3,qpsk-r1/2,w,9,2,1,data,ok,7,6,2.9,42.9
mpg,0.0,3,ack-1f,w,3,3,0,ctl,ok,0,0,2.5,42.9
mpg,0.0,3,qpsk-r1/2,w,9,2,1,data,ok,6,6,3.4,42.9
mpg,0.0,3,ack-4f,w,3,3,0,ctl,ok,0,0,-0.3,42.9
mpg,0.0,3,qpsk-r1/2,w,9,2,1,data,ok,7,7,3.7,42.9
mpg,0.0,3,ack-4f,w,3,3,0,ctl,ok,0,0,5.0,42.9
mpg,0.0,3,qpsk-r1/2,w,9,2,1,data,ok,7,0,1.1,42.9
mpg,0.0,3,ack-4f,w,3,3,0,ctl,ok,0,0,2.6,42.9
mpg,0.0,3,qpsk-r1/2,w,9,2,1,data,ok,0,0,-0.6,42.9
mpg,0.0,3,ack-4f,w,3,3,0,ctl,ok,0,0,7.6,42.9
mpg,0.0,3,qpsk-r1/3,w,9,2,1,data,ok,7,7,9.2,42.9
mpg,0.0,3,ack-1f,w,3,3,0,ctl,ok,0,0,8.9,42.9
mpg,0.0,3,w48-qpsk-r1/2,w48,19,2,1,data,ok,17,0,3.3,42.9
mpg,0.0,3,ack-1f,w,3,3,0,ctl,ok,0,0,5.2,42.9
mpg,0.0,3,w48-qpsk-r1/3,w48,19,2,1,data,ok,17,17,2.8,42.9
mpg,0.0,3,ack-1f,w,2,2,0,ctl,ctl_lost,0,0,-2.3,42.9
mpg,0.0,3,ack-4f,w,4,4,0,ctl,ok,0,0,-0.8,42.9
mpg,0.0,3,ack-4f,w,3,3,0,ctl,ok,0,0,-0.1,42.9
mpg,0.0,3,qpsk-r1/2,w,9,2,1,data,ok,7,7,4.6,42.9
mpg,0.0,3,ack-4f,w,3,3,0,ctl,ok,0,0,8.2,42.9
mpg,0.0,3,qpsk-r1/2,w,9,2,1,data,ok,7,0,0.6,42.9
mpg,0.0,3,ack-4f,w,3,3,0,ctl,ok,0,0,-2.8,42.9
mpg,0.0,3,qpsk-r1/2,w,9,2,1,data,ok,0,0,1.8,42.9
mpg,0.0,3,ack-4f,w,3,3,0,ctl,ok,0,0,-0.4,42.9
mpg,0.0,3,qpsk-r1/2,w,9,2,1,data,ok,7,7,3.7,42.9
mpg,0.0,3,ack-4f,w,2,2,0,ctl,ok,0,0,1.1,42.9
mpg,0.0,3,qpsk-r1/2,w,9,1,0,data,ctl_lost,8,0,-0.6,42.9
mpg,0.0,1,qpsk-r1/5,w,1,1,0,ctl,ok,0,0,4.1,45.9
mpg,0.0,1,qpsk-r1/5,w,1,1,0,ctl,ok,0,0,-1.4,45.9
mpg,0.0,1,ack-4f,w,3,3,0,ctl,ok,0,0,-0.9,45.9
mpg,0.0,1,n10-ack-4f,n10,3,3,0,ctl,ok,0,0,4.1,45.9
mpg,0.0,1,qpsk-r1/3,w,9,2,1,data,ok,7,7,5.2,45.9
mpg,0.0,1,ack-1f,w,3,3,0,ctl,ok,0,0,3.4,45.9
mpg,0.0,1,qpsk-r1/2,w,9,2,1,data,ok,7,7,7.2,45.9
mpg,0.0,1,ack-1f,w,3,3,0,ctl,ok,0,0,6.1,45.9
mpg,0.0,1,w48-qpsk-r1/2,w48,19,2,1,data,ok,17,0,2.3,45.9
mpg,0.0,1,ack-1f,w,3,3,0,ctl,ok,0,0,2.1,45.9
mpg,0.0,1,w48-qpsk-r1/2,w48,19,2,1,data,ok,0,0,1.0,45.9
mpg,0.0,1,ack-1f,w,3,3,0,ctl,ok,0,0,1.0,45.9
mpg,0.0,1,w48-qpsk-r1/2,w48,19,2,1,data,ok,17,0,1.0,45.9
mpg,0.0,1,ack-1f,w,3,3,0,ctl,ok,0,0,4.4,45.9
mpg,0.0,1,w48-qpsk-r1/2,w48,19,2,1,data,ok,0,0,1.9,45.9
mpg,0.0,1,ack-1f,w,3,3,0,ctl,ok,0,0,4.8,45.9
mpg,0.0,1,w48-qpsk-r1/2,w48,19,2,1,data,ok,17,0,1.4,45.9
mpg,0.0,1,ack-1f,w,3,3,0,ctl,ok,0,0,1.3,45.9
mpg,0.0,1,w48-qpsk-r1/2,w48,19,2,1,data,ok,0,0,2.5,45.9
mpg,0.0,1,ack-1f,w,3,3,0,ctl,ok,0,0,3.9,45.9
mpg,0.0,1,w48-qpsk-r1/2,w48,19,2,1,data,ctl_lost,17,0,0.2,45.9
mpg,0.0,1,ack-4f,w,3,3,0,ctl,ok,0,0,5.0,45.9
mpg,0.0,1,ack-4f,w,3,3,0,ctl,ok,0,0,-1.3,45.9
mpg,0.0,1,qpsk-r1/2,w,9,2,1,data,ok,7,0,-1.7,45.9
mpg,0.0,1,ack-1f,w,3,3,0,ctl,ok,0,0,-2.2,45.9
mpg,0.0,1,qpsk-r1/2,w,9,2,1,data,ok,0,0,-1.2,45.9
mpg,0.0,1,ack-4f,w,3,3,0,ctl,ok,0,0,4.6,45.9
mpg,0.0,1,qpsk-r1/5,w,9,2,1,data,ok,7,7,-0.8,45.9
mpg,0.0,1,ack-1f,w,2,2,0,ctl,ok,0,0,5.3,45.9
mpg,0.0,1,qpsk-r1/5,w,9,1,0,data,ok,8,8,3.1,45.9
mpg,0.0,1,ack-1f,w,3,3,0,ctl,ok,0,0,-0.1,45.9
mpg,0.0,1,qpsk-r1/2,w,9,2,1,data,ok,7,7,4.6,45.9
mpg,0.0,1,ack-1f,w,2,2,0,ctl,ok,0,0,2.9,45.9
mpg,0.0,1,qpsk-r1/2,w,9,1,0,data,ok,8,6,1.6,45.9
mpg,0.0,1,ack-1f,w,3,3,0,ctl,ok,0,0,-2.3,45.9
mpg,0.0,1,qpsk-r1/2,w,9,1,0,data,ok,6,6,5.0,45.9
mpg,0.0,1,ack-1f,w,2,2,0,ctl,ok,0,0,6.7,45.9
mpg,0.0,1,qpsk-r1/2,w,9,1,0,data,ok,8,8,5.3,45.9
mpg,0.0,1,ack-1f,w,3,3,0,ctl,ok,0,0,2.8,45.9
mpg,0.0,1,w48-qpsk-r1/2,w48,19,2,1,data,ok,17,0,2.8,45.9
mpg,0.0,1,ack-1f,w,3,3,0,ctl,ok,0,0,0.2,45.9
mpg,0.0,1,w48-qpsk-r1/2,w48,19,2,1,data,ok,0,0,1.0,45.9
mpg,0.0,1,ack-1f,w,3,3,0,ctl,ok,0,0,3.3,45.9
mpg,0.0,1,qpsk-r1/2,w,9,2,1,data,ok,7,1,0.9,45.9
mpg,0.0,1,ack-1f,w,3,3,0,ctl,ok,0,0,1.5,45.9
mpg,0.0,1,qpsk-r1/2,w,9,2,1,data,ok,1,1,4.2,45.9
mpg,0.0,1,ack-1f,w,2,2,0,ctl,ok,0,0,1.0,45.9
mpg,0.0,1,qpsk-r1/2,w,9,1,0,data,ok,8,8,5.1,45.9
mpg,0.0,1,ack-1f,w,3,3,0,ctl,ok,0,0,2.4,45.9
mpg,0.0,1,w48-qpsk-r1/2,w48,19,2,1,data,ok,17,0,3.2,45.9
mpg,0.0,1,ack-1f,w,2,2,0,ctl,ok,0,0,6.6,45.9
mpg,0.0,1,qpsk-r1/2,w,9,1,0,data,ok,8,8,3.6,45.9
mpg,0.0,1,ack-1f,w,2,2,0,ctl,ok,0,0,3.4,45.9
mpg,0.0,1,qpsk-r1/2,w,9,1,0,data,ok,8,8,2.1,45.9
mpg,0.0,1,ack-1f,w,2,2,0,ctl,ok,0,0,7.5,45.9
mpg,0.0,1,qpsk-r1/2,w,9,1,0,data,ok,8,8,3.1,45.9
mpg,0.0,1,ack-1f,w,2,2,0,ctl,ok,0,0,1.8,45.9
mpg,0.0,1,qpsk-r1/2,w,9,1,0,data,ok,8,7,2.0,45.9
mpg,0.0,1,ack-1f,w,3,3,0,ctl,ok,0,0,1.8,45.9
mpg,0.0,1,qpsk-r1/2,w,9,1,0,data,ctl_lost,7,0,-1.1,45.9
mpg,0.0,1,ack-4f,w,3,3,0,ctl,ok,0,0,-4.9,45.9
mpg,0.0,1,ack-4f,w,3,3,0,ctl,ok,0,0,0.1,45.9
mpg,0.0,1,qpsk-r1/2,w,9,2,1,data,ok,6,0,-2.7,45.9
mpg,0.0,1,ack-1f,w,3,3,0,ctl,ok,0,0,6.0,45.9
mpg,0.0,1,qpsk-r1/5,w,9,2,1,data,ok,7,7,5.1,45.9
mpg,0.0,1,ack-1f,w,3,3,0,ctl,ok,0,0,5.7,45.9
mpg,0.0,1,qpsk-r1/2,w,9,2,1,data,ok,7,7,4.5,45.9
mpg,0.0,1,ack-1f,w,2,2,0,ctl,ctl_lost,0,0,-1.9,45.9
mpg,0.0,1,ack-4f,w,3,3,0,ctl,ok,0,0,4.0,45.9
mpg,0.0,1,ack-4f,w,2,2,0,ctl,ok,0,0,7.6,45.9
mpg,0.0,1,qpsk-r1/2,w,9,1,0,data,ok,8,8,3.1,45.9
mpg,0.0,1,ack-1f,w,2,2,0,ctl,ok,0,0,1.8,45.9
mpg,0.0,1,qpsk-r1/2,w,9,1,0,data,ok,8,8,5.9,45.9
mpg,0.0,1,ack-1f,w,2,2,0,ctl,ok,0,0,2.7,45.9
mpg,0.0,1,qpsk-r1/2,w,9,1,0,data,ok,8,8,4.7,45.9
mpg,0.0,1,ack-1f,w,2,2,0,ctl,ok,0,0,1.8,45.9
mpg,0.0,1,qpsk-r1/2,w,9,1,0,data,ok,8,8,3.1,45.9
mpg,0.0,1,ack-1f,w,2,2,0,ctl,ok,0,0,4.4,45.9
mpg,0.0,1,qpsk-r1/2,w,9,1,0,data,ctl_lost,8,0,-1.9,45.9
mpg,0.0,1,ack-4f,w,3,3,0,ctl,ok,0,0,3.3,45.9
mpg,0.0,1,ack-4f,w,3,3,0,ctl,ok,0,0,-2.0,45.9
mpg,0.0,1,qpsk-r1/3,w,9,2,1,data,ok,7,7,1.8,45.9
mpg,0.0,1,ack-1f,w,3,3,0,ctl,ok,0,0,7.5,45.9
mpg,0.0,1,qpsk-r1/2,w,9,2,1,data,ok,7,0,1.0,45.9
mpg,0.0,1,ack-1f,w,3,3,0,ctl,ok,0,0,3.1,45.9
mpg,0.0,1,qpsk-r1/2,w,9,2,1,data,ok,0,0,0.5,45.9
mpg,0.0,1,ack-1f,w,3,3,0,ctl,ok,0,0,6.5,45.9
mpg,0.0,1,qpsk-r1/3,w,9,2,1,data,ok,7,7,3.3,45.9
mpg,0.0,1,ack-1f,w,3,3,0,ctl,ok,0,0,3.5,45.9
mpg,0.0,1,qpsk-r1/2,w,9,2,1,data,ok,7,7,3.2,45.9
mpg,0.0,1,ack-1f,w,2,2,0,ctl,ok,0,0,5.5,45.9
mpg,0.0,1,qpsk-r1/2,w,9,1,0,data,ctl_lost,8,0,-0.9,45.9
mpg,0.0,1,ack-4f,w,3,3,0,ctl,ok,0,0,1.6,45.9
mpg,0.0,1,ack-4f,w,3,3,0,ctl,ok,0,0,-0.2,45.9
mpg,0.0,1,qpsk-r1/3,w,9,2,1,data,ok,7,7,3.4,45.9
mpg,0.0,1,ack-1f,w,3,3,0,ctl,ok,0,0,-3.0,45.9
mpg,0.0,1,qpsk-r1/2,w,9,2,1,data,ok,7,0,2.0,45.9
mpg,0.0,5,qpsk-r1/5,w,1,1,0,ctl,ok,0,0,4.6,45.5
mpg,0.0,5,qpsk-r1/5,w,1,1,0,ctl,ok,0,0,6.3,45.5
mpg,0.0,5,ack-4f,w,3,3,0,ctl,ok,0,0,3.6,45.5
mpg,0.0,5,ack-1f,w,2,2,0,ctl,ctl_lost,0,0,-5.1,45.5
mpg,0.0,5,ack-4f,w,3,3,0,ctl,ok,0,0,3.0,45.5
mpg,0.0,5,ack-4f,w,3,3,0,ctl,ok,0,0,0.5,45.5
mpg,0.0,5,w48-qpsk-r1/2,w48,19,2,1,data,ok,17,1,4.1,45.5
mpg,0.0,5,ack-4f,w,4,4,0,ctl,ok,0,0,6.0,45.5
mpg,0.0,5,w48-qpsk-r1/2,w48,19,2,1,data,ok,1,0,1.8,45.5
mpg,0.0,5,ack-1f,w,3,3,0,ctl,ok,0,0,1.5,45.5
mpg,0.0,5,w48-qpsk-r1/2,w48,19,2,1,data,ok,16,0,2.1,45.5
mpg,0.0,5,ack-1f,w,3,3,0,ctl,ok,0,0,3.9,45.5
mpg,0.0,5,w48-qpsk-r1/2,w48,19,2,1,data,ok,1,0,2.8,45.5
mpg,0.0,5,ack-1f,w,3,3,0,ctl,ok,0,0,7.2,45.5
mpg,0.0,5,w48-qpsk-r1/2,w48,19,2,1,data,ok,16,0,3.6,45.5
mpg,0.0,5,ack-1f,w,3,3,0,ctl,ok,0,0,-0.4,45.5
mpg,0.0,5,w48-qpsk-r1/2,w48,19,2,1,data,ctl_lost,1,0,0.4,45.5
mpg,0.0,5,ack-4f,w,3,3,0,ctl,ok,0,0,7.5,45.5
mpg,0.0,5,ack-4f,w,3,3,0,ctl,ok,0,0,2.2,45.5
mpg,0.0,5,qpsk-r1/2,w,9,2,1,data,ok,7,0,0.1,45.5
mpg,0.0,5,ack-4f,w,3,3,0,ctl,ok,0,0,5.8,45.5
mpg,0.0,5,qpsk-r1/2,w,9,2,1,data,ok,0,0,3.0,45.5
mpg,0.0,5,ack-1f,w,3,3,0,ctl,ok,0,0,2.9,45.5
mpg,0.0,5,qpsk-r1/2,w,9,2,1,data,ok,7,0,-0.2,45.5
mpg,0.0,5,ack-1f,w,3,3,0,ctl,ok,0,0,-0.2,45.5
mpg,0.0,5,qpsk-r1/2,w,9,2,1,data,ok,0,0,0.5,45.5
mpg,0.0,5,ack-1f,w,2,2,0,ctl,ctl_lost,0,0,-4.7,45.5
mpg,0.0,5,ack-4f,w,3,3,0,ctl,ok,0,0,-4.7,45.5
mpg,0.0,5,ack-4f,w,3,3,0,ctl,ok,0,0,-1.2,45.5
mpg,0.0,5,qpsk-r1/5,w,9,2,1,data,ok,7,7,1.8,45.5
mpg,0.0,5,n10-ack-4f,n10,2,2,0,ctl,ok,0,0,-3.9,45.5
mpg,0.0,5,qpsk-r1/5,w,9,1,0,data,ok,8,8,2.1,45.5
mpg,0.0,5,ack-4f,w,3,3,0,ctl,ok,0,0,-6.5,45.5
mpg,0.0,5,qpsk-r1/2,w,9,2,1,data,ok,7,7,2.8,45.5
mpg,0.0,5,n10-ack-4f,n10,3,3,0,ctl,ok,0,0,-3.4,45.5
mpg,0.0,5,qpsk-r1/2,w,9,2,1,data,ok,7,7,5.0,45.5
mpg,0.0,5,ack-4f,w,2,2,0,ctl,ok,0,0,-4.4,45.5
mpg,0.0,5,qpsk-r1/2,w,9,1,0,data,ctl_lost,8,4,2.2,45.5
mpg,0.0,5,ack-4f,w,3,3,0,ctl,ok,0,0,2.9,45.5
mpg,0.0,5,ack-4f,w,3,3,0,ctl,ok,0,0,-0.1,45.5
mpg,0.0,5,qpsk-r1/2,w,9,2,1,data,ok,7,7,1.6,45.5
mpg,0.0,5,ack-4f,w,3,3,0,ctl,ok,0,0,1.0,45.5
mpg,0.0,5,qpsk-r1/2,w,9,2,1,data,ok,7,7,3.0,45.5
mpg,0.0,5,ack-4f,w,3,3,0,ctl,ok,0,0,6.7,45.5
mpg,0.0,5,qpsk-r1/2,w,9,2,1,data,ok,7,7,3.5,45.5
mpg,0.0,5,ack-1f,w,3,3,0,ctl,ok,0,0,4.1,45.5
mpg,0.0,5,qpsk-r1/2,w,9,2,1,data,ok,7,7,3.7,45.5
mpg,0.0,5,ack-1f,w,2,2,0,ctl,ok,0,0,5.5,45.5
mpg,0.0,5,qpsk-r1/2,w,9,1,0,data,ok,8,8,5.2,45.5
mpg,0.0,5,ack-1f,w,2,2,0,ctl,ok,0,0,7.2,45.5
mpg,0.0,5,qpsk-r1/2,w,9,1,0,data,ok,8,8,3.8,45.5
mpg,0.0,5,ack-1f,w,2,2,0,ctl,ctl_lost,0,0,-9.2,45.5
mpg,0.0,5,ack-4f,w,3,3,0,ctl,ok,0,0,2.5,45.5
mpg,0.0,5,ack-4f,w,2,2,0,ctl,ok,0,0,8.4,45.5
mpg,0.0,5,qpsk-r1/2,w,9,1,0,data,ok,8,8,5.7,45.5
mpg,0.0,5,n4-ack-2f,n4,2,2,0,ctl,ok,0,0,9.0,45.5
mpg,0.0,5,qpsk-r1/2,w,9,1,0,data,ok,8,8,4.9,45.5
mpg,0.0,5,ack-1f,w,3,3,0,ctl,ok,0,0,1.8,45.5
mpg,0.0,5,w48-qpsk-r1/3,w48,19,2,1,data,ok,17,0,1.6,45.5
mpg,0.0,5,ack-1f,w,2,2,0,ctl,ok,0,0,3.1,45.5
mpg,0.0,5,qpsk-r1/2,w,9,1,0,data,ok,8,8,3.9,45.5
mpg,0.0,5,ack-4f,w,2,2,0,ctl,ok,0,0,4.8,45.5
mpg,0.0,5,qpsk-r1/2,w,9,1,0,data,ok,8,8,3.5,45.5
mpg,0.0,5,n4-ack-2f,n4,2,2,0,ctl,ok,0,0,-1.1,45.5
mpg,0.0,5,qpsk-r1/2,w,9,1,0,data,ok,8,8,2.7,45.5
mpg,0.0,5,ack-4f,w,2,2,0,ctl,ok,0,0,5.5,45.5
mpg,0.0,5,qpsk-r1/2,w,9,1,0,data,ok,8,8,3.2,45.5
mpg,0.0,5,n4-ack-2f,n4,2,2,0,ctl,ok,0,0,-6.5,45.5
mpg,0.0,5,qpsk-r1/2,w,9,1,0,data,ok,8,8,2.8,45.5
mpg,0.0,5,ack-4f,w,2,2,0,ctl,ok,0,0,2.9,45.5
mpg,0.0,5,qpsk-r1/2,w,9,1,0,data,ok,8,8,6.2,45.5
mpg,0.0,5,ack-4f,w,2,2,0,ctl,ok,0,0,4.4,45.5
mpg,0.0,5,qpsk-r1/2,w,9,1,0,data,ok,8,8,4.0,45.5
mpg,0.0,5,ack-4f,w,3,3,0,ctl,ok,0,0,-2.8,45.5
mpg,0.0,5,w48-qpsk-r1/3,w48,19,2,1,data,ok,17,0,-0.6,45.5
mpg,0.0,5,ack-4f,w,2,2,0,ctl,ok,0,0,7.7,45.5
mpg,0.0,5,qpsk-r1/2,w,9,1,0,data,ok,8,8,4.2,45.5
mpg,0.0,5,n4-ack-2f,n4,2,2,0,ctl,ok,0,0,7.8,45.5
mpg,0.0,5,qpsk-r1/2,w,9,1,0,data,ok,8,5,2.9,45.5
mpg,0.0,5,ack-1f,w,3,3,0,ctl,ok,0,0,-1.0,45.5
mpg,0.0,5,qpsk-r1/2,w,9,1,0,data,ok,5,5,4.7,45.5
mpg,0.0,5,ack-4f,w,2,2,0,ctl,ok,0,0,0.8,45.5
mpg,0.0,5,qpsk-r1/2,w,9,1,0,data,ok,8,8,3.6,45.5
mpg,0.0,5,ack-4f,w,2,2,0,ctl,ok,0,0,-4.4,45.5
mpg,0.0,5,qpsk-r1/2,w,9,1,0,data,ok,8,8,5.9,45.5
mpg,0.0,5,ack-4f,w,3,3,0,ctl,ok,0,0,6.3,45.5
mpg,0.0,5,w48-qpsk-r1/3,w48,19,2,1,data,ok,17,0,0.2,45.5
mpg,0.0,5,n4-ack-2f,n4,2,2,0,ctl,ctl_lost,0,0,-10.2,45.5
mpg,0.0,5,ack-4f,w,3,3,0,ctl,ok,0,0,0.9,45.5
mpg,0.0,5,ack-4f,w,2,2,0,ctl,ok,0,0,1.7,45.5
mpg,0.0,5,qpsk-r1/2,w,9,1,0,data,ok,8,8,3.4,45.5
mpg,0.0,5,ack-4f,w,2,2,0,ctl,ok,0,0,6.0,45.5
mpg,0.0,5,qpsk-r1/2,w,9,1,0,data,ctl_lost,8,0,0.9,45.5
mpg,0.0,5,ack-4f,w,3,3,0,ctl,ok,0,0,8.2,45.5
mpg,0.0,5,ack-4f,w,2,2,0,ctl,ok,0,0,8.7,45.5
mpg,0.0,5,qpsk-r1/2,w,9,1,0,data,ok,8,8,3.7,45.5
mpg,0.0,5,ack-1f,w,2,2,0,ctl,ok,0,0,0.9,45.5
mpg,0.0,5,qpsk-r1/2,w,9,1,0,data,ctl_lost,8,0,-2.2,45.5
mpg,0.0,7,qpsk-r1/5,w,1,1,0,ctl,ok,0,0,3.3,38.7
mpg,0.0,7,qpsk-r1/5,w,1,1,0,ctl,ok,0,0,5.7,38.7
mpg,0.0,7,ack-4f,w,3,3,0,ctl,ok,0,0,7.2,38.7
mpg,0.0,7,ack-1f,w,3,3,0,ctl,ok,0,0,9.0,38.7
mpg,0.0,7,w48-qpsk-r1/2,w48,19,2,1,data,ok,17,0,1.1,38.7
mpg,0.0,7,ack-1f,w,3,3,0,ctl,ok,0,0,3.6,38.7
mpg,0.0,7,w48-qpsk-r1/2,w48,19,2,1,data,ok,0,0,3.9,38.7
mpg,0.0,7,ack-1f,w,3,3,0,ctl,ok,0,0,0.6,38.7
mpg,0.0,7,w48-qpsk-r1/2,w48,19,2,1,data,ctl_lost,17,0,-0.5,38.7
mpg,0.0,7,ack-4f,w,3,3,0,ctl,ok,0,0,1.0,38.7
mpg,0.0,7,ack-4f,w,3,3,0,ctl,ok,0,0,4.4,38.7
mpg,0.0,7,qpsk-r1/3,w,9,2,1,data,ok,7,7,8.4,38.7
mpg,0.0,7,ack-1f,w,3,3,0,ctl,ok,0,0,11.0,38.7
mpg,0.0,7,w48-qpsk-r1/2,w48,19,2,1,data,ok,17,0,1.4,38.7
mpg,0.0,7,ack-1f,w,3,3,0,ctl,ok,0,0,1.9,38.7
mpg,0.0,7,qpsk-r1/2,w,9,2,1,data,ok,7,7,3.4,38.7
mpg,0.0,7,ack-1f,w,3,3,0,ctl,ok,0,0,3.5,38.7
mpg,0.0,7,qpsk-r1/2,w,9,2,1,data,ok,7,7,3.3,38.7
mpg,0.0,7,ack-1f,w,3,3,0,ctl,ok,0,0,-1.4,38.7
mpg,0.0,7,qpsk-r1/2,w,9,2,,data,missed,0,0,,38.7
mpg,0.0,7,ack-4f,w,3,3,0,ctl,ok,0,0,-0.4,38.7
mpg,0.0,7,ack-4f,w,3,3,0,ctl,ok,0,0,-2.3,38.7
mpg,0.0,7,qpsk-r1/2,w,9,2,1,data,ok,7,7,7.4,38.7
mpg,0.0,7,ack-4f,w,2,2,0,ctl,ok,0,0,6.1,38.7
mpg,0.0,7,qpsk-r1/2,w,9,1,0,data,ctl_lost,8,0,1.6,38.7
mpg,0.0,7,ack-4f,w,3,3,0,ctl,ok,0,0,6.6,38.7
mpg,0.0,7,ack-4f,w,3,3,0,ctl,ok,0,0,4.1,38.7
mpg,0.0,7,qpsk-r1/2,w,9,2,1,data,ok,7,7,2.2,38.7
mpg,0.0,7,ack-1f,w,3,3,0,ctl,ok,0,0,4.7,38.7
mpg,0.0,7,qpsk-r1/2,w,9,2,1,data,ok,7,0,-1.6,38.7
mpg,0.0,7,ack-1f,w,3,3,0,ctl,ctl_lost,0,0,0.3,38.7
mpg,0.0,7,ack-4f,w,3,3,0,ctl,ok,0,0,0.1,38.7
mpg,0.0,7,ack-4f,w,2,2,0,ctl,ok,0,0,6.0,38.7
mpg,0.0,7,qpsk-r1/5,w,9,1,0,data,ok,8,8,2.0,38.7
mpg,0.0,7,ack-4f,w,3,3,0,ctl,ok,0,0,4.2,38.7
mpg,0.0,7,qpsk-r1/3,w,9,2,1,data,ok,7,7,1.6,38.7
mpg,0.0,7,ack-1f,w,2,2,0,ctl,ctl_lost,0,0,-11.0,38.7
mpg,0.0,7,ack-4f,w,3,3,0,ctl,ok,0,0,2.3,38.7
mpg,0.0,7,ack-4f,w,3,3,0,ctl,ok,0,0,2.1,38.7
mpg,0.0,7,qpsk-r1/3,w,9,2,1,data,ok,7,0,-1.6,38.7
mpg,0.0,7,n10-ack-4f,n10,3,3,0,ctl,ok,0,0,2.5,38.7
mpg,0.0,7,qpsk-r1/3,w,9,2,1,data,ok,0,0,5.1,38.7
mpg,0.0,7,n4-ack-2f,n4,2,2,0,ctl,ok,0,0,-2.5,38.7
mpg,0.0,7,qpsk-r1/3,w,9,1,0,data,ok,8,8,2.0,38.7
mpg,0.0,7,ack-4f,w,3,3,0,ctl,ok,0,0,5.0,38.7
mpg,0.0,7,w48-qpsk-r1/2,w48,19,2,1,data,ok,17,0,1.8,38.7
mpg,0.0,7,n4-ack-2f,n4,3,3,0,ctl,ok,0,0,7.0,38.7
mpg,0.0,7,qpsk-r1/2,w,9,2,1,data,ok,7,0,0.2,38.7
mpg,0.0,7,ack-1f,w,2,2,0,ctl,ok,0,0,1.2,38.7
mpg,0.0,7,qpsk-r1/3,w,9,1,0,data,ok,8,8,3.8,38.7
mpg,0.0,7,ack-4f,w,2,2,0,ctl,ok,0,0,1.9,38.7
mpg,0.0,7,qpsk-r1/3,w,9,1,0,data,ok,8,8,1.0,38.7
mpg,0.0,7,ack-4f,w,3,3,,ctl,missed,0,0,,38.7
mpg,0.0,7,ack-4f,w,3,3,0,ctl,ok,0,0,-1.0,38.7
mpg,0.0,7,ack-4f,w,3,3,0,ctl,ok,0,0,1.3,38.7
mpg,0.0,7,qpsk-r1/3,w,9,2,1,data,ok,7,7,4.4,38.7
mpg,0.0,7,ack-4f,w,3,3,0,ctl,ok,0,0,6.2,38.7
mpg,0.0,7,qpsk-r1/2,w,9,2,1,data,ok,7,7,1.8,38.7
mpg,0.0,7,n4-ack-2f,n4,3,3,0,ctl,ok,0,0,0.4,38.7
mpg,0.0,7,qpsk-r1/2,w,9,2,1,data,ok,7,7,6.0,38.7
mpg,0.0,7,ack-4f,w,2,2,0,ctl,ok,0,0,-0.7,38.7
mpg,0.0,7,qpsk-r1/2,w,9,1,0,data,ok,8,8,3.8,38.7
mpg,0.0,7,ack-4f,w,2,2,0,ctl,ok,0,0,5.0,38.7
mpg,0.0,7,qpsk-r1/2,w,9,1,0,data,ok,8,8,4.9,38.7
mpg,0.0,7,n4-ack-2f,n4,2,2,0,ctl,ok,0,0,0.7,38.7
mpg,0.0,7,qpsk-r1/2,w,9,1,0,data,ok,8,8,8.0,38.7
mpg,0.0,7,n4-ack-2f,n4,2,2,0,ctl,ok,0,0,2.8,38.7
mpg,0.0,7,w48-qpsk-r1/2,w48,19,1,0,data,ctl_lost,18,0,0.9,38.7
mpg,0.0,7,ack-4f,w,3,3,0,ctl,ok,0,0,4.7,38.7
mpg,0.0,7,ack-4f,w,2,2,0,ctl,ok,0,0,5.9,38.7
mpg,0.0,7,qpsk-r1/2,w,9,1,0,data,ok,8,8,3.1,38.7
mpg,0.0,7,n4-ack-2f,n4,2,2,0,ctl,ctl_lost,0,0,-3.5,38.7
mpg,0.0,7,ack-4f,w,4,4,0,ctl,ok,0,0,0.9,38.7
mpg,0.0,7,ack-4f,w,3,3,0,ctl,ok,0,0,4.4,38.7
mpg,0.0,7,qpsk-r1/2,w,9,2,1,data,ok,7,7,1.6,38.7
mpg,0.0,7,ack-4f,w,3,3,0,ctl,ok,0,0,6.7,38.7
mpg,0.0,7,qpsk-r1/2,w,9,2,1,data,ok,7,3,2.7,38.7
mpg,0.0,7,n4-ack-2f,n4,3,3,0,ctl,ok,0,0,7.0,38.7
mpg,0.0,7,qpsk-r1/2,w,9,2,1,data,ok,3,3,4.4,38.7
mpg,0.0,7,ack-1f,w,2,2,0,ctl,ok,0,0,4.3,38.7
mpg,0.0,7,qpsk-r1/2,w,9,1,0,data,ok,8,6,2.2,38.7
mpg,0.0,7,ack-1f,w,3,3,0,ctl,ok,0,0,0.1,38.7
mpg,0.0,7,qpsk-r1/2,w,9,1,0,data,ok,6,3,2.5,38.7
mpg,0.0,7,ack-4f,w,3,3,0,ctl,ok,0,0,3.3,38.7
mpg,0.0,7,qpsk-r1/2,w,9,2,1,data,ok,4,4,3.6,38.7
mpg,0.0,7,ack-4f,w,2,2,0,ctl,ok,0,0,-3.2,38.7
mpg,0.0,7,qpsk-r1/2,w,9,1,0,data,ok,8,8,4.2,38.7
mpg,0.0,7,ack-4f,w,2,2,0,ctl,ok,0,0,6.9,38.7
mpg,0.0,7,qpsk-r1/2,w,9,1,0,data,ok,8,8,5.5,38.7
mpg,0.0,7,ack-4f,w,2,2,0,ctl,ok,0,0,6.1,38.7
mpg,0.0,7,qpsk-r1/2,w,9,1,0,data,ok,8,7,1.0,38.7
mpg,0.0,7,ack-1f,w,3,3,0,ctl,ok,0,0,-0.3,38.7
mpg,0.0,7,qpsk-r1/2,w,9,1,0,data,ok,7,6,2.1,38.7
mpg,0.0,7,ack-4f,w,3,3,0,ctl,ok,0,0,5.5,38.7
mpg,0.0,7,qpsk-r1/2,w,9,1,0,data,ok,7,7,2.7,38.7
mpg,0.0,7,ack-4f,w,2,2,0,ctl,ok,0,0,6.9,38.7
mpg,0.0,7,qpsk-r1/2,w,9,1,0,data,ok,8,8,3.8,38.7
mpg,0.0,0,qpsk-r1/5,w,1,1,0,ctl,ok,0,0,2.3,39.5
mpg,0.0,0,qpsk-r1/5,w,1,1,0,ctl,ok,0,0,5.2,39.5
mpg,0.0,0,ack-4f,w,3,3,0,ctl,ok,0,0,5.9,39.5
mpg,0.0,0,ack-1f,w,3,3,0,ctl,ok,0,0,2.6,39.5
mpg,0.0,0,qpsk-r1/2,w,9,2,1,data,ctl_lost,7,0,-3.7,39.5
mpg,0.0,0,ack-4f,w,3,3,0,ctl,ok,0,0,-1.0,39.5
mpg,0.0,0,ack-4f,w,3,3,0,ctl,ok,0,0,0.3,39.5
mpg,0.0,0,qpsk-r1/5,w,9,2,1,data,ok,7,7,7.9,39.5
mpg,0.0,0,ack-1f,w,3,3,0,ctl,ok,0,0,6.7,39.5
mpg,0.0,0,16qam-r1/3,w,19,2,1,data,ok,17,0,0.3,39.5
mpg,0.0,0,ack-1f,w,3,3,0,ctl,ok,0,0,0.9,39.5
mpg,0.0,0,w48-qpsk-r1/5,w48,19,2,1,data,ok,17,17,0.6,39.5
mpg,0.0,0,ack-1f,w,3,3,0,ctl,ok,0,0,6.8,39.5
mpg,0.0,0,w48-qpsk-r1/5,w48,19,2,1,data,ok,17,17,1.8,39.5
mpg,0.0,0,ack-1f,w,3,3,0,ctl,ok,0,0,0.1,39.5
mpg,0.0,0,w48-qpsk-r1/5,w48,19,2,1,data,ok,17,17,4.7,39.5
mpg,0.0,0,ack-1f,w,3,3,0,ctl,ctl_lost,0,0,-5.6,39.5
mpg,0.0,0,ack-4f,w,3,3,0,ctl,ok,0,0,5.4,39.5
mpg,0.0,0,ack-4f,w,3,3,0,ctl,ok,0,0,6.2,39.5
mpg,0.0,0,16qam-r1/3,w,19,2,1,data,ctl_lost,17,0,-0.3,39.5
mpg,0.0,0,ack-4f,w,3,3,0,ctl,ok,0,0,3.8,39.5
mpg,0.0,0,ack-4f,w,3,3,0,ctl,ok,0,0,8.6,39.5
mpg,0.0,0,w48-qpsk-r1/5,w48,19,2,1,data,ok,17,17,4.1,39.5
mpg,0.0,0,ack-1f,w,2,2,0,ctl,ok,0,0,2.2,39.5
mpg,0.0,0,w48-qpsk-r1/5,w48,19,1,0,data,ok,18,18,2.0,39.5
mpg,0.0,0,ack-1f,w,3,3,0,ctl,ok,0,0,3.2,39.5
mpg,0.0,0,w48-qpsk-r1/2,w48,19,2,1,data,ok,17,0,2.9,39.5
mpg,0.0,0,ack-1f,w,3,3,0,ctl,ctl_lost,0,0,-5.1,39.5
mpg,0.0,0,ack-4f,w,3,3,0,ctl,ok,0,0,2.8,39.5
mpg,0.0,0,ack-4f,w,2,2,0,ctl,ok,0,0,5.8,39.5
mpg,0.0,0,w48-qpsk-r1/5,w48,19,1,0,data,ok,18,18,2.6,39.5
mpg,0.0,0,n4-ack-2f,n4,2,2,0,ctl,ok,0,0,0.3,39.5
mpg,0.0,0,w48-qpsk-r1/5,w48,19,1,0,data,ok,18,18,-0.3,39.5
mpg,0.0,0,ack-4f,w,3,3,0,ctl,ok,0,0,8.6,39.5
mpg,0.0,0,w48-qpsk-r1/5,w48,19,2,1,data,ok,17,17,4.2,39.5
mpg,0.0,0,ack-1f,w,3,3,0,ctl,ok,0,0,5.5,39.5
mpg,0.0,0,w48-qpsk-r1/2,w48,19,2,1,data,ok,17,0,2.1,39.5
mpg,0.0,0,ack-1f,w,3,3,0,ctl,ctl_lost,0,0,-6.1,39.5
mpg,0.0,0,ack-4f,w,3,3,0,ctl,ok,0,0,6.5,39.5
mpg,0.0,0,ack-4f,w,3,3,0,ctl,ok,0,0,4.6,39.5
mpg,0.0,0,w48-qpsk-r1/2,w48,19,2,1,data,ok,17,0,3.8,39.5
mpg,0.0,0,n4-ack-2f,n4,3,3,0,ctl,ok,0,0,8.3,39.5
mpg,0.0,0,w48-qpsk-r1/2,w48,19,2,1,data,ok,17,0,1.7,39.5
mpg,0.0,0,n4-ack-2f,n4,3,3,0,ctl,ok,0,0,7.2,39.5
mpg,0.0,0,w48-qpsk-r1/2,w48,19,2,1,data,ok,0,0,3.9,39.5
mpg,0.0,0,n4-ack-2f,n4,3,3,0,ctl,ok,0,0,8.2,39.5
mpg,0.0,0,w48-qpsk-r1/2,w48,19,2,1,data,ok,17,0,2.1,39.5
mpg,0.0,0,n4-ack-2f,n4,3,3,0,ctl,ok,0,0,-6.4,39.5
mpg,0.0,0,w48-qpsk-r1/2,w48,19,2,1,data,ok,0,0,0.2,39.5
mpg,0.0,0,ack-4f,w,2,2,0,ctl,ok,0,0,-0.8,39.5
mpg,0.0,0,w48-qpsk-r1/5,w48,19,1,0,data,ctl_lost,18,0,-1.7,39.5
mpg,0.0,0,ack-4f,w,3,3,0,ctl,ok,0,0,5.5,39.5
mpg,0.0,0,ack-4f,w,3,3,0,ctl,ok,0,0,4.5,39.5
mpg,0.0,0,w48-qpsk-r1/5,w48,19,2,1,data,ok,17,17,5.3,39.5
mpg,0.0,0,n4-ack-2f,n4,2,2,0,ctl,ok,0,0,6.0,39.5
mpg,0.0,0,w48-qpsk-r1/2,w48,19,1,0,data,ctl_lost,18,0,3.3,39.5
mpg,0.0,0,ack-4f,w,4,4,0,ctl,ok,0,0,1.9,39.5
mpg,0.0,0,ack-4f,w,3,3,0,ctl,ok,0,0,7.0,39.5
mpg,0.0,0,w48-qpsk-r1/5,w48,19,2,1,data,ok,17,17,1.7,39.5
mpg,0.0,0,n4-ack-2f,n4,3,3,0,ctl,ok,0,0,7.2,39.5
mpg,0.0,0,w48-qpsk-r1/5,w48,19,2,1,data,ok,17,17,5.0,39.5
mpg,0.0,0,n4-ack-2f,n4,3,3,0,ctl,ok,0,0,4.0,39.5
mpg,0.0,0,w48-qpsk-r1/2,w48,19,2,1,data,ok,17,0,3.5,39.5
mpg,0.0,0,n4-ack-2f,n4,3,3,0,ctl,ctl_lost,0,0,-11.5,39.5
mpg,0.0,0,ack-4f,w,3,3,0,ctl,ok,0,0,4.1,39.5
mpg,0.0,0,ack-4f,w,2,2,0,ctl,ok,0,0,4.7,39.5
mpg,0.0,0,w48-qpsk-r1/5,w48,19,1,0,data,ok,18,18,1.7,39.5
mpg,0.0,0,ack-4f,w,2,2,0,ctl,ok,0,0,-5.5,39.5
mpg,0.0,0,w48-qpsk-r1/5,w48,19,1,,data,missed,0,0,,39.5
mpg,0.0,0,ack-4f,w,3,3,0,ctl,ok,0,0,-8.2,39.5
mpg,0.0,0,ack-4f,w,3,3,0,ctl,ok,0,0,1.1,39.5
mpg,0.0,0,qpsk-r1/5,w,9,2,1,data,ok,7,7,-1.8,39.5
mpg,0.0,0,ack-4f,w,3,3,0,ctl,ok,0,0,1.7,39.5
mpg,0.0,0,qpsk-r1/5,w,9,2,1,data,ok,7,7,5.7,39.5
mpg,0.0,0,ack-4f,w,3,3,0,ctl,ok,0,0,7.0,39.5
mpg,0.0,0,w48-qpsk-r1/5,w48,19,2,1,data,ok,17,17,1.8,39.5
mpg,0.0,0,ack-4f,w,2,2,0,ctl,ok,0,0,8.8,39.5
mpg,0.0,0,w48-qpsk-r1/5,w48,19,1,0,data,ok,18,18,4.9,39.5
mpg,0.0,0,ack-1f,w,3,3,0,ctl,ok,0,0,7.9,39.5
mpg,0.0,0,w48-qpsk-r1/2,w48,19,2,1,data,ok,17,0,2.9,39.5
mpg,0.0,0,ack-1f,w,2,2,0,ctl,ok,0,0,0.1,39.5
mpg,0.0,0,w48-qpsk-r1/5,w48,19,1,0,data,ok,18,18,2.4,39.5
mpg,0.0,0,ack-4f,w,2,2,0,ctl,ok,0,0,4.1,39.5
mpg,0.0,0,w48-qpsk-r1/5,w48,19,1,0,data,ok,18,18,4.4,39.5
mpg,0.0,0,ack-4f,w,2,2,0,ctl,ok,0,0,5.5,39.5
mpg,0.0,0,w48-qpsk-r1/5,w48,19,1,0,data,ok,18,18,0.9,39.5
mpg,0.0,0,ack-4f,w,2,2,0,ctl,ok,0,0,7.0,39.5
mpg,0.0,0,w48-qpsk-r1/5,w48,19,1,0,data,ok,18,18,2.2,39.5
mpg,0.0,0,n4-ack-2f,n4,2,2,0,ctl,ok,0,0,2.2,39.5
mpg,0.0,0,w48-qpsk-r1/5,w48,19,1,0,data,ok,18,18,1.6,39.5
mpg,0.0,0,ack-4f,w,2,2,,ctl,missed,0,0,,39.5
mpg,0.0,0,ack-4f,w,3,3,0,ctl,ok,0,0,5.5,39.5
mpg,0.0,0,ack-4f,w,2,2,0,ctl,ok,0,0,8.4,39.5
mpg,0.0,0,w48-qpsk-r1/5,w48,19,1,0,data,ok,18,18,0.4,39.5
mpg,0.0,0,n4-ack-2f,n4,2,2,0,ctl,ok,0,0,3.2,39.5
mpg,0.0,0,w48-qpsk-r1/5,w48,19,1,0,data,ok,18,18,-0.7,39.5
mpg,0.0,0,ack-4f,w,3,3,0,ctl,ok,0,0,10.0,39.5
mpg,0.0,2,qpsk-r1/5,w,1,1,0,ctl,ok,0,0,2.3,42.9
mpg,0.0,2,qpsk-r1/5,w,1,1,0,ctl,ok,0,0,3.8,42.9
mpg,0.0,2,ack-4f,w,3,3,0,ctl,ok,0,0,2.5,42.9
mpg,0.0,2,ack-1f,w,3,3,0,ctl,ok,0,0,1.5,42.9
mpg,0.0,2,qpsk-r1/2,w,9,2,1,data,ok,7,0,-0.7,42.9
mpg,0.0,2,ack-1f,w,3,3,0,ctl,ok,0,0,-4.1,42.9
mpg,0.0,2,qpsk-r1/3,w,9,2,1,data,ok,7,7,5.2,42.9
mpg,0.0,2,ack-4f,w,2,2,0,ctl,ok,0,0,7.6,42.9
mpg,0.0,2,qpsk-r1/3,w,9,1,0,data,ok,8,8,2.7,42.9
mpg,0.0,2,ack-1f,w,3,3,0,ctl,ctl_lost,0,0,-109.0,42.9
mpg,0.0,2,ack-4f,w,3,3,0,ctl,ok,0,0,-2.1,42.9
mpg,0.0,2,ack-4f,w,3,3,0,ctl,ok,0,0,5.7,42.9
mpg,0.0,2,qpsk-r1/3,w,9,2,1,data,ok,7,7,4.8,42.9
mpg,0.0,2,n10-ack-4f,n10,2,2,0,ctl,ok,0,0,5.2,42.9
mpg,0.0,2,qpsk-r1/3,w,9,1,0,data,ok,8,8,3.7,42.9
mpg,0.0,2,ack-1f,w,3,3,0,ctl,ok,0,0,6.1,42.9
mpg,0.0,2,qpsk-r1/2,w,9,2,1,data,ok,7,2,1.2,42.9
mpg,0.0,2,ack-1f,w,3,3,0,ctl,ok,0,0,7.4,42.9
mpg,0.0,2,qpsk-r1/2,w,9,2,1,data,ok,2,0,4.0,42.9
mpg,0.0,2,ack-1f,w,3,3,0,ctl,ok,0,0,2.2,42.9
mpg,0.0,2,qpsk-r1/2,w,9,2,1,data,ok,5,5,2.5,42.9
mpg,0.0,2,ack-1f,w,3,3,0,ctl,ok,0,0,2.2,42.9
mpg,0.0,2,qpsk-r1/2,w,9,2,1,data,ok,7,1,1.6,42.9
mpg,0.0,2,ack-4f,w,3,3,0,ctl,ok,0,0,2.4,42.9
mpg,0.0,2,qpsk-r1/2,w,9,2,1,data,ok,1,1,2.9,42.9
mpg,0.0,2,ack-4f,w,3,3,0,ctl,ok,0,0,-0.2,42.9
mpg,0.0,2,qpsk-r1/2,w,9,2,1,data,ok,7,6,2.4,42.9
mpg,0.0,2,ack-4f,w,3,3,0,ctl,ok,0,0,2.7,42.9
mpg,0.0,2,qpsk-r1/2,w,9,1,0,data,ok,7,7,5.8,42.9
mpg,0.0,2,ack-4f,w,2,2,0,ctl,ok,0,0,4.7,42.9
mpg,0.0,2,qpsk-r1/2,w,9,1,0,data,ok,8,8,3.3,42.9
mpg,0.0,2,ack-1f,w,2,2,0,ctl,ok,0,0,3.4,42.9
mpg,0.0,2,qpsk-r1/2,w,9,1,0,data,ok,8,8,7.7,42.9
mpg,0.0,2,ack-1f,w,3,3,0,ctl,ok,0,0,-0.7,42.9
mpg,0.0,2,w48-qpsk-r1/3,w48,19,2,1,data,ok,17,17,2.5,42.9
mpg,0.0,2,ack-4f,w,2,2,0,ctl,ok,0,0,2.7,42.9
mpg,0.0,2,qpsk-r1/2,w,9,1,0,data,ok,8,8,5.8,42.9
mpg,0.0,2,ack-4f,w,2,2,0,ctl,ok,0,0,7.4,42.9
mpg,0.0,2,qpsk-r1/2,w,9,1,0,data,ok,8,8,3.8,42.9
mpg,0.0,2,ack-1f,w,2,2,0,ctl,ok,0,0,5.1,42.9
mpg,0.0,2,qpsk-r1/2,w,9,1,0,data,ok,8,8,3.0,42.9
mpg,0.0,2,ack-1f,w,2,2,0,ctl,ok,0,0,4.5,42.9
mpg,0.0,2,qpsk-r1/2,w,9,1,0,data,ctl_lost,8,0,-0.8,42.9
mpg,0.0,2,ack-4f,w,3,3,0,ctl,ok,0,0,-1.3,42.9
mpg,0.0,2,ack-4f,w,3,3,0,ctl,ok,0,0,-2.7,42.9
mpg,0.0,2,qpsk-r1/3,w,9,2,1,data,ok,7,7,4.5,42.9
mpg,0.0,2,ack-4f,w,2,2,0,ctl,ok,0,0,3.0,42.9
mpg,0.0,2,qpsk-r1/3,w,9,1,0,data,ok,8,8,1.3,42.9
mpg,0.0,2,ack-4f,w,3,3,0,ctl,ok,0,0,1.8,42.9
mpg,0.0,2,w48-qpsk-r1/2,w48,19,2,1,data,ok,17,0,1.8,42.9
mpg,0.0,2,n4-ack-2f,n4,3,3,0,ctl,ctl_lost,0,0,-8.7,42.9
mpg,0.0,2,ack-4f,w,3,3,0,ctl,ok,0,0,-0.7,42.9
mpg,0.0,2,ack-4f,w,2,2,0,ctl,ok,0,0,-1.4,42.9
mpg,0.0,2,qpsk-r1/3,w,9,1,0,data,ok,8,8,4.1,42.9
mpg,0.0,2,ack-4f,w,2,2,0,ctl,ctl_lost,0,0,-10.5,42.9
mpg,0.0,2,ack-4f,w,4,4,0,ctl,ok,0,0,-1.1,42.9
mpg,0.0,2,ack-4f,w,2,2,0,ctl,ok,0,0,-0.7,42.9
mpg,0.0,2,qpsk-r1/3,w,9,1,0,data,ok,8,8,2.4,42.9
mpg,0.0,2,n10-ack-4f,n10,2,2,0,ctl,ok,0,0,-3.5,42.9
mpg,0.0,2,qpsk-r1/3,w,9,1,0,data,ok,8,8,1.3,42.9
mpg,0.0,2,ack-4f,w,2,2,0,ctl,ok,0,0,5.8,42.9
mpg,0.0,2,qpsk-r1/3,w,9,1,0,data,ok,8,8,7.7,42.9
mpg,0.0,2,ack-1f,w,3,3,0,ctl,ok,0,0,2.3,42.9
mpg,0.0,2,w48-qpsk-r1/2,w48,19,2,1,data,ok,17,0,2.6,42.9
mpg,0.0,2,ack-1f,w,3,3,0,ctl,ok,0,0,1.9,42.9
mpg,0.0,2,w48-qpsk-r1/2,w48,19,2,1,data,ok,0,0,0.6,42.9
mpg,0.0,2,ack-1f,w,3,3,0,ctl,ok,0,0,0.8,42.9
mpg,0.0,2,w48-qpsk-r1/2,w48,19,2,1,data,ok,17,0,4.1,42.9
mpg,0.0,2,ack-4f,w,3,3,0,ctl,ok,0,0,0.0,42.9
mpg,0.0,2,w48-qpsk-r1/2,w48,19,2,1,data,ok,0,0,1.2,42.9
mpg,0.0,2,ack-4f,w,3,3,0,ctl,ok,0,0,2.6,42.9
mpg,0.0,2,w48-qpsk-r1/2,w48,19,2,1,data,ok,17,0,2.1,42.9
mpg,0.0,2,n10-ack-4f,n10,3,3,0,ctl,ok,0,0,-3.9,42.9
mpg,0.0,2,w48-qpsk-r1/2,w48,19,2,1,data,ctl_lost,0,0,-1.0,42.9
mpg,0.0,2,ack-4f,w,3,3,0,ctl,ok,0,0,2.8,42.9
mpg,0.0,2,ack-4f,w,2,2,0,ctl,ok,0,0,4.9,42.9
mpg,0.0,2,qpsk-r1/3,w,9,1,0,data,ok,8,8,4.0,42.9
mpg,0.0,2,ack-1f,w,3,3,0,ctl,ok,0,0,3.5,42.9
mpg,0.0,2,qpsk-r1/2,w,9,2,1,data,ok,7,7,4.5,42.9
mpg,0.0,2,ack-1f,w,2,2,0,ctl,ok,0,0,6.1,42.9
mpg,0.0,2,qpsk-r1/2,w,9,1,0,data,ok,8,8,6.2,42.9
mpg,0.0,2,ack-1f,w,3,3,0,ctl,ok,0,0,2.9,42.9
mpg,0.0,2,w48-qpsk-r1/3,w48,19,2,1,data,ok,17,0,1.4,42.9
mpg,0.0,2,ack-1f,w,2,2,0,ctl,ok,0,0,2.5,42.9
mpg,0.0,2,qpsk-r1/2,w,9,1,0,data,ok,8,8,7.7,42.9
mpg,0.0,2,ack-1f,w,3,3,0,ctl,ok,0,0,7.0,42.9
mpg,0.0,2,w48-qpsk-r1/3,w48,19,2,1,data,ok,17,17,3.1,42.9
mpg,0.0,2,ack-1f,w,3,3,0,ctl,ok,0,0,8.8,42.9
mpg,0.0,2,w48-qpsk-r1/3,w48,19,2,1,data,ok,17,0,1.3,42.9
mpg,0.0,2,ack-1f,w,3,3,0,ctl,ok,0,0,1.1,42.9
mpg,0.0,2,qpsk-r1/2,w,9,2,1,data,ok,7,5,2.0,42.9
mpg,0.0,2,ack-1f,w,3,3,0,ctl,ok,0,0,1.5,42.9
mpg,0.0,2,qpsk-r1/2,w,9,2,1,data,ok,5,0,-1.1,42.9
mpg,0.0,2,ack-4f,w,2,2,0,ctl,ok,0,0,3.9,42.9
mpg,0.0,2,qpsk-r1/3,w,9,1,0,data,ok,8,8,4.6,42.9
mpg,0.0,2,ack-1f,w,2,2,0,ctl,ok,0,0,2.0,42.9
mpg,0.0,2,qpsk-r1/3,w,9,1,0,data,ok,8,8,4.7,42.9
mpg,0.0,10,qpsk-r1/5,w,1,1,0,ctl,ok,0,0,6.8,42.5
mpg,0.0,10,qpsk-r1/5,w,1,1,0,ctl,ok,0,0,4.7,42.5
mpg,0.0,10,ack-4f,w,3,3,0,ctl,ok,0,0,5.6,42.5
mpg,0.0,10,ack-1f,w,3,3,0,ctl,ok,0,0,7.7,42.5
mpg,0.0,10,w48-qpsk-r1/2,w48,19,2,1,data,ok,17,17,5.3,42.5
mpg,0.0,10,ack-1f,w,3,3,0,ctl,ok,0,0,8.3,42.5
mpg,0.0,10,w48-qpsk-r1/2,w48,19,2,1,data,ctl_lost,17,0,0.3,42.5
mpg,0.0,10,ack-4f,w,2,2,0,ctl,ok,0,0,3.5,42.5
mpg,0.0,10,ack-4f,w,3,3,0,ctl,ok,0,0,2.0,42.5
mpg,0.0,10,w48-qpsk-r1/5,w48,19,2,1,data,ok,17,2,-0.9,42.5
mpg,0.0,10,ack-1f,w,4,4,0,ctl,ok,0,0,0.0,42.5
mpg,0.0,10,w48-qpsk-r1/5,w48,19,2,1,data,ok,2,2,-0.5,42.5
mpg,0.0,10,ack-1f,w,3,3,0,ctl,ctl_lost,0,0,-3.2,42.5
mpg,0.0,10,ack-4f,w,3,3,0,ctl,ok,0,0,1.1,42.5
mpg,0.0,10,ack-4f,w,3,3,0,ctl,ok,0,0,1.4,42.5
mpg,0.0,10,qpsk-r1/3,w,9,2,1,data,ok,7,7,4.5,42.5
mpg,0.0,10,ack-4f,w,3,3,0,ctl,ok,0,0,3.0,42.5
mpg,0.0,10,w48-qpsk-r1/5,w48,19,2,1,data,ok,17,17,1.1,42.5
mpg,0.0,10,n4-ack-2f,n4,2,2,0,ctl,ok,0,0,-2.6,42.5
mpg,0.0,10,w48-qpsk-r1/5,w48,19,1,0,data,ok,18,18,0.3,42.5
mpg,0.0,10,ack-4f,w,3,3,0,ctl,ok,0,0,0.5,42.5
mpg,0.0,10,w48-qpsk-r1/5,w48,19,2,1,data,ok,17,3,-0.6,42.5
mpg,0.0,10,ack-4f,w,4,4,0,ctl,ok,0,0,4.1,42.5
mpg,0.0,10,w48-qpsk-r1/5,w48,19,2,1,data,ok,3,3,1.2,42.5
mpg,0.0,10,n4-ack-2f,n4,3,3,0,ctl,ok,0,0,6.8,42.5
mpg,0.0,10,w48-qpsk-r1/5,w48,19,2,1,data,ok,17,17,3.1,42.5
mpg,0.0,10,ack-1f,w,2,2,0,ctl,ok,0,0,5.6,42.5
mpg,0.0,10,w48-qpsk-r1/5,w48,19,1,0,data,ok,18,18,3.5,42.5
mpg,0.0,10,ack-1f,w,2,2,0,ctl,ctl_lost,0,0,-2.6,42.5
mpg,0.0,10,ack-4f,w,3,3,0,ctl,ok,0,0,2.4,42.5
mpg,0.0,10,ack-4f,w,3,3,0,ctl,ok,0,0,3.1,42.5
mpg,0.0,10,qpsk-r1/2,w,9,2,1,data,ok,7,7,2.6,42.5
mpg,0.0,10,ack-4f,w,2,2,0,ctl,ok,0,0,2.7,42.5
mpg,0.0,10,w48-qpsk-r1/5,w48,19,1,0,data,ctl_lost,18,0,-2.5,42.5
mpg,0.0,10,ack-4f,w,3,3,0,ctl,ok,0,0,1.9,42.5
mpg,0.0,10,ack-4f,w,3,3,0,ctl,ok,0,0,-2.1,42.5
mpg,0.0,10,qpsk-r1/3,w,9,2,1,data,ok,7,7,2.8,42.5
mpg,0.0,10,ack-4f,w,2,2,0,ctl,ok,0,0,1.8,42.5
mpg,0.0,10,qpsk-r1/3,w,9,1,0,data,ok,8,8,1.6,42.5
mpg,0.0,10,ack-4f,w,3,3,0,ctl,ok,0,0,-2.3,42.5
mpg,0.0,10,qpsk-r1/2,w,9,2,1,data,ok,7,6,1.7,42.5
mpg,0.0,10,ack-4f,w,3,3,0,ctl,ok,0,0,4.1,42.5
mpg,0.0,10,qpsk-r1/2,w,9,2,1,data,ok,6,6,5.0,42.5
mpg,0.0,10,n4-ack-2f,n4,3,3,0,ctl,ok,0,0,10.9,42.5
mpg,0.0,10,qpsk-r1/2,w,9,2,1,data,ok,7,7,3.6,42.5
mpg,0.0,10,ack-1f,w,2,2,0,ctl,ok,0,0,4.5,42.5
mpg,0.0,10,qpsk-r1/2,w,9,1,0,data,ctl_lost,8,0,0.7,42.5
mpg,0.0,10,ack-4f,w,3,3,0,ctl,ok,0,0,2.0,42.5
mpg,0.0,10,ack-4f,w,2,2,0,ctl,ok,0,0,1.6,42.5
mpg,0.0,10,qpsk-r1/3,w,9,1,0,data,ok,8,8,-0.5,42.5
mpg,0.0,10,ack-4f,w,3,3,0,ctl,ok,0,0,1.1,42.5
mpg,0.0,10,qpsk-r1/3,w,9,2,1,data,ok,7,7,3.7,42.5
mpg,0.0,10,ack-4f,w,2,2,0,ctl,ok,0,0,8.5,42.5
mpg,0.0,10,qpsk-r1/3,w,9,1,0,data,ok,8,8,6.2,42.5
mpg,0.0,10,n4-ack-2f,n4,3,3,0,ctl,ok,0,0,3.0,42.5
mpg,0.0,10,w48-qpsk-r1/3,w48,19,2,1,data,ok,17,17,3.7,42.5
mpg,0.0,10,n4-ack-2f,n4,3,3,0,ctl,ok,0,0,1.8,42.5
mpg,0.0,10,w48-qpsk-r1/3,w48,19,2,1,data,ok,17,17,3.4,42.5
mpg,0.0,10,ack-4f,w,3,3,0,ctl,ok,0,0,6.9,42.5
mpg,0.0,10,w48-qpsk-r1/3,w48,19,2,1,data,ok,17,17,3.5,42.5
mpg,0.0,10,n4-ack-2f,n4,3,3,0,ctl,ok,0,0,4.4,42.5
mpg,0.0,10,w48-qpsk-r1/3,w48,19,2,1,data,ok,17,0,-2.0,42.5
mpg,0.0,10,n4-ack-2f,n4,3,3,0,ctl,ok,0,0,8.2,42.5
mpg,0.0,10,w48-qpsk-r1/5,w48,19,2,1,data,ok,17,17,3.9,42.5
mpg,0.0,10,ack-1f,w,3,3,0,ctl,ok,0,0,1.6,42.5
mpg,0.0,10,w48-qpsk-r1/3,w48,19,2,1,data,ctl_lost,17,0,-3.7,42.5
mpg,0.0,10,ack-4f,w,3,3,0,ctl,ok,0,0,-0.1,42.5
mpg,0.0,10,ack-4f,w,3,3,0,ctl,ok,0,0,6.4,42.5
mpg,0.0,10,qpsk-r1/3,w,9,2,1,data,ok,7,7,4.6,42.5
mpg,0.0,10,n4-ack-2f,n4,3,3,0,ctl,ctl_lost,0,0,-18.8,42.5
mpg,0.0,10,ack-4f,w,4,4,0,ctl,ok,0,0,0.9,42.5
mpg,0.0,10,ack-4f,w,3,3,0,ctl,ok,0,0,5.5,42.5
mpg,0.0,10,w48-qpsk-r1/5,w48,19,2,1,data,ok,17,17,1.8,42.5
mpg,0.0,10,ack-4f,w,3,3,0,ctl,ok,0,0,-3.4,42.5
mpg,0.0,10,w48-qpsk-r1/5,w48,19,2,1,data,ok,17,17,1.8,42.5
mpg,0.0,10,ack-4f,w,2,2,0,ctl,ok,0,0,1.4,42.5
mpg,0.0,10,w48-qpsk-r1/5,w48,19,1,0,data,ok,18,18,2.6,42.5
mpg,0.0,10,ack-4f,w,2,2,0,ctl,ok,0,0,2.8,42.5
mpg,0.0,10,w48-qpsk-r1/5,w48,19,1,0,data,ctl_lost,18,0,-0.5,42.5
mpg,0.0,10,ack-4f,w,3,3,0,ctl,ok,0,0,4.7,42.5
mpg,0.0,10,ack-4f,w,2,2,0,ctl,ok,0,0,4.5,42.5
mpg,0.0,10,qpsk-r1/3,w,9,1,0,data,ok,8,8,0.4,42.5
mpg,0.0,10,ack-4f,w,3,3,0,ctl,ok,0,0,-1.4,42.5
mpg,0.0,10,qpsk-r1/2,w,9,2,1,data,ok,7,7,1.9,42.5
mpg,0.0,10,ack-4f,w,2,2,0,ctl,ok,0,0,4.7,42.5
mpg,0.0,10,qpsk-r1/3,w,9,1,0,data,ok,8,8,2.9,42.5
mpg,0.0,10,ack-4f,w,3,3,0,ctl,ok,0,0,3.8,42.5
mpg,0.0,10,qpsk-r1/2,w,9,2,1,data,ok,7,7,4.2,42.5
mpg,0.0,10,ack-4f,w,3,3,0,ctl,ok,0,0,-1.7,42.5
mpg,0.0,10,qpsk-r1/2,w,9,2,1,data,ok,7,7,4.2,42.5
mpg,0.0,10,ack-4f,w,2,2,0,ctl,ok,0,0,-3.0,42.5
mpg,0.0,10,qpsk-r1/2,w,9,1,0,data,ok,8,8,2.5,42.5
mpg,0.0,10,ack-4f,w,3,3,0,ctl,ok,0,0,-1.1,42.5
mpg,0.0,10,qpsk-r1/2,w,9,2,1,data,ok,7,7,2.6,42.5
mpg,0.0,8,qpsk-r1/5,w,1,1,0,ctl,ok,0,0,3.8,41.6
mpg,0.0,8,qpsk-r1/5,w,1,1,0,ctl,ok,0,0,2.7,41.6
mpg,0.0,8,ack-4f,w,3,3,0,ctl,ok,0,0,0.2,41.6
mpg,0.0,8,ack-1f,w,3,3,0,ctl,ok,0,0,5.5,41.6
mpg,0.0,8,qpsk-r1/3,w,9,2,1,data,ok,7,7,2.6,41.6
mpg,0.0,8,ack-1f,w,3,3,0,ctl,ctl_lost,0,0,-9.5,41.6
mpg,0.0,8,ack-4f,w,3,3,0,ctl,ok,0,0,2.3,41.6
mpg,0.0,8,ack-4f,w,3,3,0,ctl,ok,0,0,4.3,41.6
mpg,0.0,8,qpsk-r1/3,w,9,2,1,data,ok,7,5,0.1,41.6
mpg,0.0,8,n4-ack-2f,n4,3,3,0,ctl,ok,0,0,0.5,41.6
mpg,0.0,8,qpsk-r1/3,w,9,2,1,data,ok,5,5,6.6,41.6
mpg,0.0,8,ack-4f,w,3,3,0,ctl,ok,0,0,1.9,41.6
mpg,0.0,8,w48-qpsk-r1/5,w48,19,2,1,data,ok,17,17,5.7,41.6
mpg,0.0,8,ack-4f,w,3,3,0,ctl,ok,0,0,4.7,41.6
mpg,0.0,8,w48-qpsk-r1/2,w48,19,2,1,data,ok,17,10,5.0,41.6
mpg,0.0,8,n4-ack-2f,n4,4,4,0,ctl,ok,0,0,3.4,41.6
mpg,0.0,8,w48-qpsk-r1/2,w48,19,2,1,data,ctl_lost,10,0,0.7,41.6
mpg,0.0,8,ack-4f,w,3,3,0,ctl,ok,0,0,2.0,41.6
mpg,0.0,8,ack-4f,w,4,4,0,ctl,ok,0,0,6.3,41.6
mpg,0.0,8,w48-qpsk-r1/2,w48,19,2,1,data,ok,10,0,2.2,41.6
mpg,0.0,8,ack-1f,w,3,3,0,ctl,ok,0,0,-1.1,41.6
mpg,0.0,8,qpsk-r1/2,w,9,2,1,data,ok,7,0,1.7,41.6
mpg,0.0,8,ack-4f,w,3,3,0,ctl,ok,0,0,7.3,41.6
mpg,0.0,8,qpsk-r1/2,w,9,2,1,data,ok,0,0,-0.2,41.6
mpg,0.0,8,n4-ack-2f,n4,3,3,0,ctl,ctl_lost,0,0,-8.0,41.6
mpg,0.0,8,ack-4f,w,3,3,0,ctl,ok,0,0,3.0,41.6
mpg,0.0,8,ack-4f,w,3,3,0,ctl,ok,0,0,3.7,41.6
mpg,0.0,8,qpsk-r1/3,w,9,2,1,data,ok,7,7,3.8,41.6
mpg,0.0,8,ack-4f,w,3,3,0,ctl,ok,0,0,2.0,41.6
mpg,0.0,8,qpsk-r1/2,w,9,2,1,data,ok,7,7,6.8,41.6
mpg,0.0,8,ack-4f,w,3,3,0,ctl,ok,0,0,9.8,41.6
mpg,0.0,8,w48-qpsk-r1/2,w48,19,2,1,data,ok,17,0,3.8,41.6
mpg,0.0,8,ack-1f,w,3,3,0,ctl,ok,0,0,5.9,41.6
mpg,0.0,8,w48-qpsk-r1/2,w48,19,2,1,data,ok,0,0,1.7,41.6
mpg,0.0,8,ack-1f,w,3,3,0,ctl,ok,0,0,4.9,41.6
mpg,0.0,8,w48-qpsk-r1/2,w48,19,2,1,data,ctl_lost,17,0,-1.4,41.6
mpg,0.0,8,ack-4f,w,3,3,,ctl,missed,0,0,,41.6
mpg,0.0,8,ack-4f,w,3,3,0,ctl,ok,0,0,5.5,41.6
mpg,0.0,8,ack-4f,w,3,3,0,ctl,ok,0,0,1.7,41.6
mpg,0.0,8,qpsk-r1/2,w,9,2,1,data,ok,7,7,4.7,41.6
mpg,0.0,8,ack-4f,w,2,2,0,ctl,ok,0,0,4.5,41.6
mpg,0.0,8,qpsk-r1/2,w,9,1,0,data,ctl_lost,8,0,-1.4,41.6
mpg,0.0,8,ack-4f,w,3,3,0,ctl,ok,0,0,6.1,41.6
mpg,0.0,8,ack-4f,w,2,2,0,ctl,ok,0,0,7.0,41.6
mpg,0.0,8,qpsk-r1/3,w,9,1,0,data,ok,8,8,4.4,41.6
mpg,0.0,8,ack-1f,w,3,3,0,ctl,ok,0,0,4.1,41.6
mpg,0.0,8,qpsk-r1/2,w,9,2,1,data,ok,7,7,6.5,41.6
mpg,0.0,8,ack-1f,w,3,3,0,ctl,ok,0,0,6.0,41.6
mpg,0.0,8,w48-qpsk-r1/2,w48,19,2,1,data,ok,17,6,4.1,41.6
mpg,0.0,8,ack-1f,w,4,4,0,ctl,ok,0,0,5.0,41.6
mpg,0.0,8,w48-qpsk-r1/2,w48,19,2,1,data,ok,6,0,0.5,41.6
mpg,0.0,8,ack-1f,w,2,2,0,ctl,ok,0,0,4.1,41.6
mpg,0.0,8,w48-qpsk-r1/5,w48,19,1,0,data,ok,18,18,3.3,41.6
mpg,0.0,8,ack-1f,w,2,2,0,ctl,ok,0,0,6.5,41.6
mpg,0.0,8,w48-qpsk-r1/5,w48,19,1,0,data,ok,18,18,0.6,41.6
mpg,0.0,8,ack-1f,w,3,3,0,ctl,ok,0,0,-0.5,41.6
mpg,0.0,8,w48-qpsk-r1/5,w48,19,2,1,data,ok,17,17,0.8,41.6
mpg,0.0,8,ack-1f,w,3,3,0,ctl,ok,0,0,2.7,41.6
mpg,0.0,8,w48-qpsk-r1/5,w48,19,2,1,data,ok,17,17,2.1,41.6
mpg,0.0,8,ack-4f,w,3,3,0,ctl,ok,0,0,-2.9,41.6
mpg,0.0,8,w48-qpsk-r1/5,w48,19,2,1,data,ok,17,17,2.4,41.6
mpg,0.0,8,ack-4f,w,2,2,0,ctl,ok,0,0,3.3,41.6
mpg,0.0,8,w48-qpsk-r1/5,w48,19,1,0,data,ok,18,18,0.8,41.6
mpg,0.0,8,n4-ack-2f,n4,2,2,0,ctl,ok,0,0,1.0,41.6
mpg,0.0,8,w48-qpsk-r1/5,w48,19,1,0,data,ok,18,17,-0.4,41.6
mpg,0.0,8,ack-1f,w,3,3,0,ctl,ok,0,0,2.1,41.6
mpg,0.0,8,w48-qpsk-r1/5,w48,19,2,1,data,ok,16,16,3.6,41.6
mpg,0.0,8,ack-1f,w,2,2,0,ctl,ok,0,0,7.3,41.6
mpg,0.0,8,w48-qpsk-r1/5,w48,19,1,0,data,ok,18,18,2.3,41.6
mpg,0.0,8,ack-1f,w,2,2,0,ctl,ok,0,0,5.0,41.6
mpg,0.0,8,w48-qpsk-r1/5,w48,19,1,0,data,ok,18,18,2.5,41.6
mpg,0.0,8,ack-1f,w,2,2,0,ctl,ok,0,0,4.1,41.6
mpg,0.0,8,w48-qpsk-r1/5,w48,19,1,0,data,ctl_lost,18,0,-2.3,41.6
mpg,0.0,8,ack-4f,w,3,3,0,ctl,ok,0,0,0.9,41.6
mpg,0.0,8,ack-4f,w,3,3,0,ctl,ok,0,0,-3.3,41.6
mpg,0.0,8,qpsk-r1/3,w,9,2,1,data,ok,7,7,2.8,41.6
mpg,0.0,8,ack-4f,w,3,3,0,ctl,ok,0,0,1.3,41.6
mpg,0.0,8,w48-qpsk-r1/5,w48,19,2,1,data,ok,17,17,3.4,41.6
mpg,0.0,8,ack-4f,w,3,3,0,ctl,ok,0,0,1.2,41.6
mpg,0.0,8,qpsk-r1/2,w,9,2,1,data,ok,7,0,1.4,41.6
mpg,0.0,8,ack-4f,w,3,3,0,ctl,ok,0,0,5.1,41.6
mpg,0.0,8,w48-qpsk-r1/5,w48,19,2,1,data,ok,17,0,-1.5,41.6
mpg,0.0,8,ack-1f,w,3,3,0,ctl,ok,0,0,1.3,41.6
mpg,0.0,8,w48-qpsk-r1/5,w48,19,2,1,data,ok,0,0,1.4,41.6
mpg,0.0,8,ack-1f,w,3,3,0,ctl,ok,0,0,1.8,41.6
mpg,0.0,8,qpsk-r1/3,w,9,2,1,data,ok,7,7,2.6,41.6
mpg,0.0,8,ack-4f,w,3,3,0,ctl,ok,0,0,5.3,41.6
mpg,0.0,8,w48-qpsk-r1/5,w48,19,2,1,data,ok,17,17,2.3,41.6
mpg,0.0,8,ack-1f,w,2,2,0,ctl,ok,0,0,5.9,41.6
mpg,0.0,8,w48-qpsk-r1/5,w48,19,1,0,data,ok,18,7,-0.0,41.6
mpg,0.0,8,ack-1f,w,4,4,0,ctl,ok,0,0,5.3,41.6
mpg,0.0,8,w48-qpsk-r1/5,w48,19,2,1,data,ok,6,6,1.1,41.6
mpg,0.0,8,ack-1f,w,3,3,0,ctl,ok,0,0,5.2,41.6
mpg,0.0,8,w48-qpsk-r1/5,w48,19,2,1,data,ok,17,17,4.2,41.6
mpg,0.0,11,qpsk-r1/5,w,1,1,0,ctl,ok,0,0,6.8,30.2
mpg,0.0,11,qpsk-r1/5,w,1,1,0,ctl,ok,0,0,5.0,30.2
mpg,0.0,11,ack-4f,w,3,3,0,ctl,ok,0,0,-3.3,30.2
mpg,0.0,11,ack-1f,w,3,3,0,ctl,ok,0,0,1.1,30.2
mpg,0.0,11,qpsk-r1/2,w,9,2,1,data,ok,7,7,2.4,30.2
mpg,0.0,11,ack-1f,w,3,3,0,ctl,ok,0,0,1.6,30.2
mpg,0.0,11,qpsk-r1/3,w,9,2,1,data,ok,7,7,3.5,30.2
mpg,0.0,11,ack-1f,w,3,3,0,ctl,ok,0,0,5.0,30.2
mpg,0.0,11,qpsk-r1/2,w,9,2,1,data,ok,7,7,5.0,30.2
mpg,0.0,11,ack-1f,w,2,2,0,ctl,ok,0,0,8.2,30.2
mpg,0.0,11,qpsk-r1/2,w,9,1,0,data,ok,8,8,5.6,30.2
mpg,0.0,11,ack-1f,w,3,3,0,ctl,ok,0,0,7.5,30.2
mpg,0.0,11,w48-qpsk-r1/2,w48,19,2,1,data,ok,17,0,2.0,30.2
mpg,0.0,11,ack-1f,w,2,2,0,ctl,ok,0,0,3.6,30.2
mpg,0.0,11,qpsk-r1/2,w,9,1,0,data,ctl_lost,8,0,-2.9,30.2
mpg,0.0,11,ack-4f,w,4,4,0,ctl,ok,0,0,4.9,30.2
mpg,0.0,11,ack-4f,w,3,3,0,ctl,ok,0,0,1.9,30.2
mpg,0.0,11,qpsk-r1/3,w,9,2,1,data,ok,7,7,3.7,30.2
mpg,0.0,11,ack-1f,w,3,3,0,ctl,ok,0,0,7.9,30.2
mpg,0.0,11,qpsk-r1/2,w,9,2,1,data,ok,7,7,3.8,30.2
mpg,0.0,11,ack-1f,w,3,3,,ctl,missed,0,0,,30.2
mpg,0.0,11,ack-4f,w,3,3,0,ctl,ok,0,0,-6.8,30.2
mpg,0.0,11,ack-4f,w,3,3,0,ctl,ok,0,0,-0.7,30.2
mpg,0.0,11,qpsk-r1/3,w,9,2,1,data,ok,7,0,-1.5,30.2
mpg,0.0,11,ack-1f,w,3,3,0,ctl,ok,0,0,2.3,30.2
mpg,0.0,11,qpsk-r1/5,w,9,2,1,data,ok,7,7,5.6,30.2
mpg,0.0,11,ack-4f,w,2,2,0,ctl,ok,0,0,-0.0,30.2
mpg,0.0,11,qpsk-r1/3,w,9,1,0,data,ok,8,8,0.4,30.2
mpg,0.0,11,ack-1f,w,3,3,0,ctl,ok,0,0,2.5,30.2
mpg,0.0,11,qpsk-r1/2,w,9,2,1,data,ok,7,0,0.9,30.2
mpg,0.0,11,ack-1f,w,3,3,0,ctl,ok,0,0,3.8,30.2
mpg,0.0,11,qpsk-r1/3,w,9,2,1,data,ok,7,7,-0.2,30.2
mpg,0.0,11,ack-1f,w,3,3,0,ctl,ok,0,0,3.0,30.2
mpg,0.0,11,qpsk-r1/3,w,9,2,1,data,ok,7,7,1.9,30.2
mpg,0.0,11,ack-1f,w,2,2,0,ctl,ok,0,0,-0.3,30.2
mpg,0.0,11,qpsk-r1/3,w,9,1,0,data,ok,8,8,5.1,30.2
mpg,0.0,11,ack-1f,w,3,3,0,ctl,ok,0,0,1.9,30.2
mpg,0.0,11,qpsk-r1/2,w,9,2,1,data,ok,7,0,1.0,30.2
mpg,0.0,11,ack-1f,w,3,3,0,ctl,ctl_lost,0,0,-3.8,30.2
mpg,0.0,11,ack-4f,w,3,3,0,ctl,ok,0,0,-0.1,30.2
mpg,0.0,11,ack-4f,w,3,3,0,ctl,ok,0,0,3.4,30.2
mpg,0.0,11,qpsk-r1/3,w,9,2,1,data,ok,7,7,3.6,30.2
mpg,0.0,11,ack-4f,w,3,3,0,ctl,ok,0,0,6.5,30.2
mpg,0.0,11,qpsk-r1/2,w,9,2,1,data,ok,7,7,3.0,30.2
mpg,0.0,11,ack-1f,w,3,3,0,ctl,ctl_lost,0,0,0.1,30.2
mpg,0.0,11,ack-4f,w,3,3,0,ctl,ok,0,0,2.4,30.2
mpg,0.0,11,ack-4f,w,3,3,0,ctl,ok,0,0,2.7,30.2
mpg,0.0,11,qpsk-r1/2,w,9,2,1,data,ok,7,7,6.9,30.2
mpg,0.0,11,ack-4f,w,2,2,0,ctl,ok,0,0,2.0,30.2
mpg,0.0,11,qpsk-r1/2,w,9,1,0,data,ctl_lost,8,0,0.3,30.2
mpg,0.0,11,ack-4f,w,3,3,0,ctl,ok,0,0,-2.7,30.2
mpg,0.0,11,ack-4f,w,3,3,0,ctl,ok,0,0,-4.4,30.2
mpg,0.0,11,qpsk-r1/3,w,9,2,1,data,ok,7,7,4.9,30.2
mpg,0.0,11,ack-4f,w,2,2,0,ctl,ok,0,0,4.5,30.2
mpg,0.0,11,qpsk-r1/3,w,9,1,0,data,ok,8,8,2.5,30.2
mpg,0.0,11,n4-ack-2f,n4,3,3,0,ctl,ok,0,0,2.3,30.2
mpg,0.0,11,qpsk-r1/2,w,9,2,1,data,ok,7,7,3.5,30.2
mpg,0.0,11,n4-ack-2f,n4,3,3,0,ctl,ok,0,0,2.4,30.2
mpg,0.0,11,w48-qpsk-r1/5,w48,19,2,1,data,ok,17,17,3.4,30.2
mpg,0.0,11,ack-4f,w,3,3,0,ctl,ok,0,0,7.1,30.2
mpg,0.0,11,w48-qpsk-r1/2,w48,19,2,1,data,ok,17,0,1.4,30.2
mpg,0.0,11,ack-1f,w,2,2,0,ctl,ok,0,0,-1.5,30.2
mpg,0.0,11,w48-qpsk-r1/5,w48,19,1,,data,missed,0,0,,30.2
mpg,0.0,11,ack-4f,w,4,4,0,ctl,ok,0,0,4.4,30.2
mpg,0.0,11,ack-4f,w,3,3,0,ctl,ok,0,0,-2.6,30.2
mpg,0.0,11,w48-qpsk-r1/5,w48,19,2,1,data,ok,17,17,3.4,30.2
mpg,0.0,11,ack-4f,w,3,3,0,ctl,ok,0,0,6.0,30.2
mpg,0.0,11,qpsk-r1/2,w,9,2,1,data,ok,7,0,1.8,30.2
mpg,0.0,11,n4-ack-2f,n4,3,3,0,ctl,ok,0,0,3.9,30.2
mpg,0.0,11,w48-qpsk-r1/5,w48,19,2,1,data,ok,17,17,2.0,30.2
mpg,0.0,11,ack-1f,w,3,3,0,ctl,ctl_lost,0,0,-2.3,30.2
mpg,0.0,11,ack-4f,w,4,4,0,ctl,ok,0,0,1.5,30.2
mpg,0.0,11,ack-4f,w,2,2,0,ctl,ok,0,0,0.6,30.2
mpg,0.0,11,qpsk-r1/3,w,9,1,0,data,ok,8,8,2.0,30.2
mpg,0.0,11,ack-4f,w,3,3,0,ctl,ok,0,0,-4.0,30.2
mpg,0.0,11,w48-qpsk-r1/5,w48,19,2,1,data,ok,17,4,-1.4,30.2
mpg,0.0,11,ack-4f,w,4,4,0,ctl,ok,0,0,1.3,30.2
mpg,0.0,11,w48-qpsk-r1/5,w48,19,2,1,data,ok,4,4,1.0,30.2
mpg,0.0,11,ack-4f,w,3,3,0,ctl,ok,0,0,1.1,30.2
mpg,0.0,11,w48-qpsk-r1/5,w48,19,2,1,data,ok,17,17,2.5,30.2
mpg,0.0,11,ack-4f,w,2,2,0,ctl,ok,0,0,-0.4,30.2
mpg,0.0,11,w48-qpsk-r1/5,w48,19,1,0,data,ctl_lost,18,0,-1.4,30.2
mpg,0.0,11,ack-4f,w,3,3,0,ctl,ok,0,0,7.2,30.2
mpg,0.0,11,ack-4f,w,3,3,0,ctl,ok,0,0,2.6,30.2
mpg,0.0,11,qpsk-r1/2,w,9,2,1,data,ok,7,7,4.1,30.2
mpg,0.0,11,ack-4f,w,2,2,0,ctl,ok,0,0,5.0,30.2
mpg,0.0,11,qpsk-r1/2,w,9,1,0,data,ctl_lost,8,0,0.6,30.2
mpg,0.0,11,ack-4f,w,3,3,0,ctl,ok,0,0,1.7,30.2
mpg,0.0,11,ack-4f,w,3,3,0,ctl,ok,0,0,1.3,30.2
mpg,0.0,11,qpsk-r1/3,w,9,2,1,data,ok,7,7,0.1,30.2
mpg,0.0,11,ack-4f,w,2,2,0,ctl,ok,0,0,5.7,30.2
mpg,0.0,11,qpsk-r1/3,w,9,1,0,data,ok,8,8,1.5,30.2
mpg,0.0,11,n4-ack-2f,n4,2,2,0,ctl,ctl_lost,0,0,-7.4,30.2
mpg,0.0,11,ack-4f,w,3,3,0,ctl,ok,0,0,3.9,30.2
mpg,0.0,11,ack-4f,w,2,2,0,ctl,ok,0,0,-5.8,30.2
mpg,0.0,11,qpsk-r1/3,w,9,1,0,data,ok,8,8,1.9,30.2
mpg,0.0,11,n10-ack-4f,n10,3,3,0,ctl,ok,0,0,2.0,30.2
mpg,0.0,11,w48-qpsk-r1/5,w48,19,2,1,data,ok,17,0,-3.6,30.2
mpg,0.0,9,qpsk-r1/5,w,1,1,0,ctl,ok,0,0,8.0,35.3
mpg,0.0,9,qpsk-r1/5,w,1,1,0,ctl,ok,0,0,8.0,35.3
mpg,0.0,9,ack-4f,w,2,2,0,ctl,ok,0,0,4.9,35.3
mpg,0.0,9,ack-1f,w,3,3,0,ctl,ok,0,0,1.2,35.3
mpg,0.0,9,w48-qpsk-r1/2,w48,19,2,1,data,ok,17,0,0.4,35.3
mpg,0.0,9,ack-1f,w,3,3,0,ctl,ok,0,0,-1.6,35.3
mpg,0.0,9,qpsk-r1/2,w,9,2,1,data,ok,7,0,1.1,35.3
mpg,0.0,9,ack-4f,w,3,3,0,ctl,ok,0,0,4.7,35.3
mpg,0.0,9,qpsk-r1/2,w,9,2,1,data,ok,0,0,1.9,35.3
mpg,0.0,9,ack-1f,w,3,3,0,ctl,ok,0,0,3.3,35.3
mpg,0.0,9,qpsk-r1/3,w,9,2,1,data,ok,7,7,2.9,35.3
mpg,0.0,9,ack-1f,w,3,3,0,ctl,ok,0,0,-0.3,35.3
mpg,0.0,9,qpsk-r1/2,w,9,2,1,data,ok,7,7,3.7,35.3
mpg,0.0,9,ack-1f,w,3,3,0,ctl,ok,0,0,4.5,35.3
mpg,0.0,9,qpsk-r1/2,w,9,2,1,data,ok,7,0,1.6,35.3
mpg,0.0,9,ack-1f,w,3,3,0,ctl,ctl_lost,0,0,-4.0,35.3
mpg,0.0,9,ack-4f,w,3,3,0,ctl,ok,0,0,0.3,35.3
mpg,0.0,9,ack-4f,w,3,3,0,ctl,ok,0,0,3.5,35.3
mpg,0.0,9,qpsk-r1/3,w,9,2,1,data,ok,7,7,6.5,35.3
mpg,0.0,9,ack-1f,w,3,3,0,ctl,ok,0,0,2.3,35.3
mpg,0.0,9,qpsk-r1/2,w,9,2,1,data,ok,7,7,5.5,35.3
mpg,0.0,9,ack-1f,w,3,3,0,ctl,ok,0,0,4.2,35.3
mpg,0.0,9,w48-qpsk-r1/2,w48,19,2,1,data,ok,17,0,0.9,35.3
mpg,0.0,9,ack-1f,w,2,2,0,ctl,ok,0,0,1.7,35.3
mpg,0.0,9,qpsk-r1/2,w,9,1,0,data,ok,8,8,3.6,35.3
mpg,0.0,9,ack-1f,w,3,3,0,ctl,ctl_lost,0,0,2.8,35.3
mpg,0.0,9,ack-4f,w,4,4,0,ctl,ok,0,0,-1.2,35.3
mpg,0.0,9,ack-4f,w,3,3,0,ctl,ok,0,0,-3.3,35.3
mpg,0.0,9,qpsk-r1/2,w,9,2,1,data,ok,7,0,1.3,35.3
mpg,0.0,9,ack-4f,w,2,2,0,ctl,ok,0,0,4.0,35.3
mpg,0.0,9,qpsk-r1/5,w,9,1,0,data,ok,8,8,-0.6,35.3
mpg,0.0,9,n4-ack-2f,n4,3,3,0,ctl,ok,0,0,0.7,35.3
mpg,0.0,9,qpsk-r1/3,w,9,2,1,data,ok,7,7,3.7,35.3
mpg,0.0,9,ack-4f,w,3,3,0,ctl,ok,0,0,4.3,35.3
mpg,0.0,9,qpsk-r1/2,w,9,2,1,data,ok,7,6,1.6,35.3
mpg,0.0,9,ack-1f,w,3,3,0,ctl,ok,0,0,0.6,35.3
mpg,0.0,9,qpsk-r1/2,w,9,1,0,data,ctl_lost,7,0,-4.8,35.3
mpg,0.0,9,ack-4f,w,3,3,0,ctl,ok,0,0,4.5,35.3
mpg,0.0,9,ack-4f,w,3,3,0,ctl,ok,0,0,6.1,35.3
mpg,0.0,9,qpsk-r1/3,w,9,2,1,data,ok,7,7,2.7,35.3
mpg,0.0,9,ack-1f,w,3,3,0,ctl,ok,0,0,-0.5,35.3
mpg,0.0,9,qpsk-r1/2,w,9,2,1,data,ok,7,0,-0.2,35.3
mpg,0.0,9,ack-1f,w,2,2,0,ctl,ok,0,0,5.3,35.3
mpg,0.0,9,qpsk-r1/3,w,9,1,0,data,ok,8,8,1.9,35.3
mpg,0.0,9,ack-1f,w,2,2,0,ctl,ok,0,0,3.1,35.3
mpg,0.0,9,qpsk-r1/3,w,9,1,0,data,ok,8,8,4.8,35.3
mpg,0.0,9,ack-1f,w,3,3,0,ctl,ctl_lost,0,0,-7.4,35.3
mpg,0.0,9,ack-4f,w,3,3,0,ctl,ok,0,0,-2.8,35.3
mpg,0.0,9,ack-4f,w,3,3,0,ctl,ok,0,0,2.5,35.3
mpg,0.0,9,qpsk-r1/2,w,9,2,1,data,ok,7,7,4.2,35.3
mpg,0.0,9,n10-ack-4f,n10,2,2,0,ctl,ctl_lost,0,0,-7.1,35.3
mpg,0.0,9,ack-4f,w,3,3,0,ctl,ok,0,0,3.8,35.3
mpg,0.0,9,ack-4f,w,2,2,0,ctl,ok,0,0,2.0,35.3
mpg,0.0,9,qpsk-r1/2,w,9,1,0,data,ctl_lost,8,0,-2.8,35.3
mpg,0.0,9,ack-4f,w,3,3,0,ctl,ok,0,0,7.9,35.3
mpg,0.0,9,ack-4f,w,3,3,0,ctl,ok,0,0,7.0,35.3
mpg,0.0,9,w48-qpsk-r1/5,w48,19,2,1,data,ok,17,17,3.7,35.3
mpg,0.0,9,ack-1f,w,3,3,0,ctl,ok,0,0,-1.6,35.3
mpg,0.0,9,16qam-r1/3,w,19,2,1,data,ok,17,0,-0.6,35.3
mpg,0.0,9,ack-4f,w,3,3,0,ctl,ok,0,0,-2.9,35.3
mpg,0.0,9,w48-qpsk-r1/5,w48,19,2,1,data,ok,17,17,1.7,35.3
mpg,0.0,9,ack-4f,w,3,3,0,ctl,ok,0,0,0.6,35.3
mpg,0.0,9,w48-qpsk-r1/5,w48,19,2,1,data,ok,17,17,2.0,35.3
mpg,0.0,9,ack-4f,w,3,3,0,ctl,ok,0,0,2.9,35.3
mpg,0.0,9,w48-qpsk-r1/5,w48,19,2,1,data,ok,17,17,2.5,35.3
mpg,0.0,9,ack-4f,w,2,2,0,ctl,ok,0,0,-5.7,35.3
mpg,0.0,9,w48-qpsk-r1/5,w48,19,1,,data,missed,0,0,,35.3
mpg,0.0,9,ack-4f,w,3,3,0,ctl,ok,0,0,-0.6,35.3
mpg,0.0,9,ack-4f,w,3,3,0,ctl,ok,0,0,1.7,35.3
mpg,0.0,9,w48-qpsk-r1/5,w48,19,2,1,data,ok,17,17,2.1,35.3
mpg,0.0,9,ack-4f,w,3,3,0,ctl,ok,0,0,-0.6,35.3
mpg,0.0,9,w48-qpsk-r1/5,w48,19,2,1,data,ok,17,17,2.4,35.3
mpg,0.0,9,ack-4f,w,2,2,0,ctl,ok,0,0,6.7,35.3
mpg,0.0,9,w48-qpsk-r1/5,w48,19,1,0,data,ok,18,18,1.4,35.3
mpg,0.0,9,n4-ack-2f,n4,2,2,0,ctl,ok,0,0,-1.1,35.3
mpg,0.0,9,w48-qpsk-r1/5,w48,19,1,0,data,ctl_lost,18,0,-2.1,35.3
mpg,0.0,9,ack-4f,w,3,3,0,ctl,ok,0,0,5.0,35.3
mpg,0.0,9,ack-4f,w,3,3,0,ctl,ok,0,0,3.0,35.3
mpg,0.0,9,w48-qpsk-r1/5,w48,19,2,1,data,ok,17,17,3.4,35.3
mpg,0.0,9,ack-4f,w,3,3,0,ctl,ok,0,0,9.0,35.3
mpg,0.0,9,16qam-r1/3,w,19,2,1,data,ok,17,17,4.7,35.3
mpg,0.0,9,ack-1f,w,2,2,0,ctl,ok,0,0,2.6,35.3
mpg,0.0,9,w48-qpsk-r1/5,w48,19,1,0,data,ok,18,18,2.3,35.3
mpg,0.0,9,ack-1f,w,2,2,0,ctl,ok,0,0,3.1,35.3
mpg,0.0,9,w48-qpsk-r1/5,w48,19,1,0,data,ok,18,12,-0.1,35.3
mpg,0.0,9,ack-4f,w,4,4,0,ctl,ok,0,0,2.7,35.3
mpg,0.0,9,w48-qpsk-r1/5,w48,19,2,1,data,ok,11,11,1.6,35.3
mpg,0.0,9,n4-ack-2f,n4,3,3,0,ctl,ok,0,0,-2.3,35.3
mpg,0.0,9,w48-qpsk-r1/5,w48,19,2,1,data,ok,17,17,3.5,35.3
mpg,0.0,9,ack-4f,w,2,2,0,ctl,ok,0,0,5.5,35.3
mpg,0.0,9,w48-qpsk-r1/5,w48,19,1,0,data,ok,18,18,0.9,35.3
mpg,0.0,9,n4-ack-2f,n4,2,2,0,ctl,ok,0,0,-1.4,35.3
mpg,0.0,9,w48-qpsk-r1/5,w48,19,1,0,data,ok,18,18,1.3,35.3
mpg,0.0,9,ack-4f,w,3,3,0,ctl,ok,0,0,4.9,35.3
mpg,0.0,9,w48-qpsk-r1/5,w48,19,2,1,data,ok,17,17,0.6,35.3
mpg,0.0,9,n4-ack-2f,n4,3,3,0,ctl,ok,0,0,-1.1,35.3
mpg,0.0,9,w48-qpsk-r1/5,w48,19,2,1,data,ok,17,17,2.4,35.3
mpg,8.0,1,qpsk-r1/5,w,1,1,0,ctl,ok,0,0,11.8,171.7
mpg,8.0,1,qpsk-r1/5,w,1,1,0,ctl,ok,0,0,8.3,171.7
mpg,8.0,1,ack-4f,w,2,2,0,ctl,ok,0,0,6.1,171.7
mpg,8.0,1,ack-1f,w,2,2,0,ctl,ok,0,0,11.4,171.7
mpg,8.0,1,w48-qpsk-r1/2,w48,19,1,0,data,ok,18,18,10.8,171.7
mpg,8.0,1,ack-1f,w,3,3,0,ctl,ok,0,0,12.7,171.7
mpg,8.0,1,w48-16qam-r1/3,w48,19,2,1,data,ok,17,17,10.7,171.7
mpg,8.0,1,ack-1f,w,2,2,0,ctl,ok,0,0,15.3,171.7
mpg,8.0,1,w48-16qam-r1/3,w48,19,1,0,data,ok,18,18,9.3,171.7
mpg,8.0,1,ack-1f,w,2,2,0,ctl,ok,0,0,13.4,171.7
mpg,8.0,1,w48-16qam-r1/3,w48,19,1,0,data,ok,18,18,9.2,171.7
mpg,8.0,1,ack-1f,w,3,3,0,ctl,ok,0,0,5.6,171.7
mpg,8.0,1,w48-16qam-r1/3,w48,19,2,1,data,ok,17,17,9.1,171.7
mpg,8.0,1,ack-1f,w,2,2,0,ctl,ok,0,0,12.5,171.7
mpg,8.0,1,w48-16qam-r1/3,w48,19,1,0,data,ok,18,17,9.1,171.7
mpg,8.0,1,ack-1f,w,3,3,0,ctl,ok,0,0,12.3,171.7
mpg,8.0,1,w48-16qam-r1/3,w48,19,1,0,data,ok,17,17,9.2,171.7
mpg,8.0,1,ack-1f,w,2,2,0,ctl,ok,0,0,11.8,171.7
mpg,8.0,1,w48-16qam-r1/3,w48,19,1,0,data,ok,18,18,9.7,171.7
mpg,8.0,1,ack-1f,w,2,2,0,ctl,ok,0,0,9.3,171.7
mpg,8.0,1,w48-16qam-r1/3,w48,19,1,0,data,ok,18,18,7.5,171.7
mpg,8.0,1,ack-1f,w,3,3,0,ctl,ok,0,0,8.2,171.7
mpg,8.0,1,w48-16qam-r1/3,w48,19,2,1,data,ok,17,17,8.7,171.7
mpg,8.0,1,ack-1f,w,2,2,0,ctl,ok,0,0,6.0,171.7
mpg,8.0,1,w48-16qam-r1/3,w48,19,1,0,data,ctl_lost,18,0,3.3,171.7
mpg,8.0,1,ack-4f,w,3,3,0,ctl,ok,0,0,6.7,171.7
mpg,8.0,1,ack-4f,w,3,3,0,ctl,ok,0,0,12.2,171.7
mpg,8.0,1,w48-qpsk-r1/3,w48,19,2,1,data,ok,17,17,6.8,171.7
mpg,8.0,1,ack-1f,w,3,3,0,ctl,ok,0,0,10.6,171.7
mpg,8.0,1,w48-qpsk-r1/2,w48,19,2,1,data,ok,17,17,10.4,171.7
mpg,8.0,1,ack-1f,w,3,3,0,ctl,ok,0,0,6.7,171.7
mpg,8.0,1,w48-16qam-r1/3,w48,19,2,1,data,ok,17,17,9.3,171.7
mpg,8.0,1,ack-1f,w,2,2,0,ctl,ok,0,0,10.2,171.7
mpg,8.0,1,w48-16qam-r1/3,w48,19,1,0,data,ok,18,18,7.5,171.7
mpg,8.0,1,ack-1f,w,3,3,0,ctl,ok,0,0,8.7,171.7
mpg,8.0,1,w48-16qam-r1/3,w48,19,2,1,data,ok,17,17,10.7,171.7
mpg,8.0,1,ack-1f,w,2,2,0,ctl,ok,0,0,14.9,171.7
mpg,8.0,1,w48-16qam-r1/3,w48,19,1,0,data,ok,18,18,11.3,171.7
mpg,8.0,1,ack-1f,w,2,2,0,ctl,ok,0,0,7.9,171.7
mpg,8.0,1,w48-16qam-r1/3,w48,19,1,0,data,ok,18,18,10.2,171.7
mpg,8.0,1,ack-1f,w,2,2,0,ctl,ok,0,0,12.1,171.7
mpg,8.0,1,w48-16qam-r1/3,w48,19,1,0,data,ok,18,18,8.5,171.7
mpg,8.0,1,ack-1f,w,2,2,0,ctl,ok,0,0,9.9,171.7
mpg,8.0,1,w48-16qam-r1/3,w48,19,1,0,data,ok,18,18,7.7,171.7
mpg,8.0,1,ack-1f,w,3,3,0,ctl,ok,0,0,9.7,171.7
mpg,8.0,1,w48-16qam-r1/3,w48,19,2,1,data,ok,17,17,9.3,171.7
mpg,8.0,1,ack-1f,w,2,2,0,ctl,ok,0,0,13.3,171.7
mpg,8.0,1,w48-16qam-r1/3,w48,19,1,0,data,ok,18,18,10.3,171.7
mpg,8.0,1,ack-1f,w,2,2,0,ctl,ok,0,0,8.8,171.7
mpg,8.0,1,w48-16qam-r1/3,w48,19,1,0,data,ok,18,18,11.7,171.7
mpg,8.0,1,ack-1f,w,2,2,0,ctl,ok,0,0,12.8,171.7
mpg,8.0,1,w48-16qam-r1/3,w48,19,1,0,data,ok,18,18,8.2,171.7
mpg,8.0,1,ack-1f,w,2,2,0,ctl,ok,0,0,7.6,171.7
mpg,8.0,1,w48-16qam-r1/3,w48,19,1,0,data,ok,18,18,10.2,171.7
mpg,8.0,1,ack-1f,w,2,2,0,ctl,ok,0,0,11.4,171.7
mpg,8.0,1,w48-16qam-r1/3,w48,19,1,0,data,ok,18,18,8.3,171.7
mpg,8.0,1,ack-1f,w,2,2,0,ctl,ok,0,0,8.9,171.7
mpg,8.0,1,w48-16qam-r1/3,w48,19,1,0,data,ok,18,18,8.9,171.7
mpg,8.0,1,ack-1f,w,2,2,0,ctl,ok,0,0,7.8,171.7
mpg,8.0,1,w48-16qam-r1/3,w48,19,1,0,data,ctl_lost,18,4,7.6,171.7
mpg,8.0,1,ack-4f,w,3,3,0,ctl,ok,0,0,7.3,171.7
mpg,8.0,1,ack-4f,w,3,3,0,ctl,ok,0,0,5.8,171.7
mpg,8.0,1,w48-qpsk-r1/2,w48,19,2,1,data,ok,17,17,11.2,171.7
mpg,8.0,1,ack-1f,w,2,2,0,ctl,ok,0,0,11.1,171.7
mpg,8.0,1,w48-16qam-r1/3,w48,19,1,0,data,ok,18,18,12.3,171.7
mpg,8.0,1,ack-1f,w,2,2,0,ctl,ok,0,0,11.2,171.7
mpg,8.0,1,w48-16qam-r1/3,w48,19,1,0,data,ok,18,18,13.6,171.7
mpg,8.0,1,ack-1f,w,3,3,0,ctl,ok,0,0,13.9,171.7
mpg,8.0,1,w48-16qam-r1/2,w48,19,2,1,data,ok,17,0,7.8,171.7
mpg,8.0,1,ack-1f,w,2,2,0,ctl,ok,0,0,9.2,171.7
mpg,8.0,1,w48-16qam-r1/3,w48,19,1,0,data,ok,18,18,10.7,171.7
mpg,8.0,1,ack-1f,w,2,2,0,ctl,ok,0,0,14.8,171.7
mpg,8.0,1,w48-16qam-r1/3,w48,19,1,0,data,ok,18,18,9.6,171.7
mpg,8.0,1,ack-1f,w,2,2,0,ctl,ok,0,0,9.2,171.7
mpg,8.0,1,w48-16qam-r1/3,w48,19,1,0,data,ok,18,18,8.2,171.7
mpg,8.0,1,ack-1f,w,3,3,0,ctl,ok,0,0,0.1,171.7
mpg,8.0,1,w48-16qam-r1/3,w48,19,2,,data,missed,0,0,,171.7
mpg,8.0,1,ack-4f,w,3,3,0,ctl,ok,0,0,7.6,171.7
mpg,8.0,1,ack-4f,w,2,2,0,ctl,ok,0,0,7.1,171.7
mpg,8.0,1,w48-qpsk-r1/2,w48,19,1,0,data,ok,18,18,10.6,171.7
mpg,8.0,1,ack-1f,w,2,2,0,ctl,ok,0,0,10.0,171.7
mpg,8.0,1,w48-16qam-r1/3,w48,19,1,0,data,ok,18,18,10.6,171.7
mpg,8.0,1,ack-1f,w,2,2,0,ctl,ok,0,0,7.7,171.7
mpg,8.0,1,w48-16qam-r1/3,w48,19,1,0,data,ok,18,18,8.8,171.7
mpg,8.0,1,ack-1f,w,3,3,0,ctl,ok,0,0,8.5,171.7
mpg,8.0,1,w48-16qam-r1/3,w48,19,2,1,data,ok,17,17,8.2,171.7
mpg,8.0,1,ack-1f,w,3,3,0,ctl,ok,0,0,5.0,171.7
mpg,8.0,1,w48-16qam-r1/3,w48,19,2,1,data,ok,17,17,9.6,171.7
mpg,8.0,1,ack-1f,w,2,2,0,ctl,ok,0,0,6.7,171.7
mpg,8.0,1,w48-16qam-r1/3,w48,19,1,0,data,ok,18,18,8.1,171.7
mpg,8.0,1,ack-1f,w,2,2,0,ctl,ok,0,0,10.3,171.7
mpg,8.0,1,w48-16qam-r1/3,w48,19,1,0,data,ok,18,18,7.6,171.7
mpg,8.0,1,ack-1f,w,3,3,0,ctl,ok,0,0,6.1,171.7
mpg,8.0,1,w48-16qam-r1/3,w48,19,2,1,data,ok,17,15,8.0,171.7
mpg,8.0,0,qpsk-r1/5,w,1,1,0,ctl,ok,0,0,11.5,152.6
mpg,8.0,0,qpsk-r1/5,w,1,1,0,ctl,ok,0,0,13.0,152.6
mpg,8.0,0,ack-4f,w,2,2,0,ctl,ok,0,0,14.1,152.6
mpg,8.0,0,ack-1f,w,3,3,0,ctl,ok,0,0,10.3,152.6
mpg,8.0,0,w48-qpsk-r3/4,w48,19,2,1,data,ok,17,0,5.0,152.6
mpg,8.0,0,ack-1f,w,3,3,0,ctl,ok,0,0,5.9,152.6
mpg,8.0,0,w48-qpsk-r1/2,w48,19,2,1,data,ok,17,17,8.4,152.6
mpg,8.0,0,ack-1f,w,2,2,0,ctl,ok,0,0,16.2,152.6
mpg,8.0,0,w48-qpsk-r1/2,w48,19,1,0,data,ok,18,18,11.8,152.6
mpg,8.0,0,ack-1f,w,2,2,0,ctl,ok,0,0,7.9,152.6
mpg,8.0,0,w48-16qam-r1/3,w48,19,1,0,data,ctl_lost,18,12,7.0,152.6
mpg,8.0,0,ack-4f,w,3,3,0,ctl,ok,0,0,10.4,152.6
mpg,8.0,0,ack-4f,w,2,2,0,ctl,ok,0,0,13.5,152.6
mpg,8.0,0,w48-qpsk-r1/2,w48,19,1,0,data,ok,18,18,9.9,152.6
mpg,8.0,0,ack-1f,w,3,3,0,ctl,ok,0,0,6.1,152.6
mpg,8.0,0,w48-qpsk-r2/3,w48,19,2,1,data,ok,17,17,12.2,152.6
mpg,8.0,0,ack-1f,w,3,3,0,ctl,ok,0,0,3.8,152.6
mpg,8.0,0,w48-16qam-r1/3,w48,19,2,1,data,ok,17,17,9.1,152.6
mpg,8.0,0,ack-1f,w,3,3,0,ctl,ok,0,0,3.4,152.6
mpg,8.0,0,w48-qpsk-r2/3,w48,19,2,1,data,ok,17,17,10.0,152.6
mpg,8.0,0,ack-1f,w,2,2,0,ctl,ok,0,0,17.8,152.6
mpg,8.0,0,w48-qpsk-r1/2,w48,19,1,0,data,ok,18,18,11.8,152.6
mpg,8.0,0,ack-1f,w,3,3,0,ctl,ok,0,0,9.3,152.6
mpg,8.0,0,w48-16qam-r1/3,w48,19,2,1,data,ok,17,17,9.6,152.6
mpg,8.0,0,ack-1f,w,3,3,0,ctl,ok,0,0,11.0,152.6
mpg,8.0,0,w48-16qam-r1/3,w48,19,2,1,data,ok,17,17,10.7,152.6
mpg,8.0,0,ack-1f,w,3,3,0,ctl,ok,0,0,0.9,152.6
mpg,8.0,0,w48-16qam-r1/3,w48,19,2,1,data,ok,17,17,11.2,152.6
mpg,8.0,0,ack-1f,w,2,2,0,ctl,ok,0,0,11.8,152.6
mpg,8.0,0,w48-16qam-r1/3,w48,19,1,0,data,ok,18,18,7.8,152.6
mpg,8.0,0,ack-1f,w,3,3,0,ctl,ok,0,0,10.0,152.6
mpg,8.0,0,w48-16qam-r1/3,w48,19,2,1,data,ok,17,17,10.5,152.6
mpg,8.0,0,ack-1f,w,3,3,0,ctl,ok,0,0,6.7,152.6
mpg,8.0,0,w48-16qam-r1/3,w48,19,2,1,data,ok,17,17,12.8,152.6
mpg,8.0,0,ack-1f,w,2,2,0,ctl,ok,0,0,13.6,152.6
mpg,8.0,0,w48-16qam-r1/3,w48,19,1,0,data,ok,18,18,9.5,152.6
mpg,8.0,0,ack-1f,w,2,2,0,ctl,ok,0,0,12.8,152.6
mpg,8.0,0,w48-16qam-r1/3,w48,19,1,0,data,ok,18,18,11.2,152.6
mpg,8.0,0,ack-1f,w,2,2,0,ctl,ok,0,0,16.7,152.6
mpg,8.0,0,w48-16qam-r1/3,w48,19,1,0,data,ok,18,18,9.8,152.6
mpg,8.0,0,ack-1f,w,2,2,0,ctl,ok,0,0,8.3,152.6
mpg,8.0,0,w48-16qam-r1/3,w48,19,1,0,data,ok,18,18,11.0,152.6
mpg,8.0,0,ack-1f,w,2,2,0,ctl,ok,0,0,18.2,152.6
mpg,8.0,0,w48-16qam-r1/3,w48,19,1,0,data,ok,18,18,10.3,152.6
mpg,8.0,0,ack-1f,w,2,2,0,ctl,ok,0,0,16.1,152.6
mpg,8.0,0,w48-16qam-r1/3,w48,19,1,0,data,ok,18,16,7.0,152.6
mpg,8.0,0,ack-1f,w,4,4,0,ctl,ok,0,0,11.9,152.6
mpg,8.0,0,w48-16qam-r1/3,w48,19,2,1,data,ok,15,0,6.4,152.6
mpg,8.0,0,ack-1f,w,2,2,0,ctl,ok,0,0,8.0,152.6
mpg,8.0,0,w48-qpsk-r1/2,w48,19,1,0,data,ok,18,18,10.8,152.6
mpg,8.0,0,ack-1f,w,3,3,0,ctl,ok,0,0,11.9,152.6
mpg,8.0,0,w48-16qam-r1/3,w48,19,2,1,data,ok,17,17,13.9,152.6
mpg,8.0,0,ack-1f,w,3,3,0,ctl,ok,0,0,16.6,152.6
mpg,8.0,0,w48-16qam-r1/2,w48,19,2,1,data,ok,17,0,8.7,152.6
mpg,8.0,0,ack-1f,w,2,2,0,ctl,ok,0,0,8.0,152.6
mpg,8.0,0,w48-16qam-r1/3,w48,19,1,0,data,ok,18,18,10.7,152.6
mpg,8.0,0,ack-1f,w,2,2,0,ctl,ok,0,0,11.5,152.6
mpg,8.0,0,w48-16qam-r1/3,w48,19,1,0,data,ok,18,18,12.3,152.6
mpg,8.0,0,ack-1f,w,3,3,0,ctl,ok,0,0,13.0,152.6
mpg,8.0,0,w48-16qam-r1/2,w48,19,2,1,data,ok,17,0,8.6,152.6
mpg,8.0,0,ack-1f,w,2,2,0,ctl,ok,0,0,4.8,152.6
mpg,8.0,0,w48-16qam-r1/3,w48,19,1,0,data,ok,18,18,11.5,152.6
mpg,8.0,0,ack-1f,w,2,2,0,ctl,ok,0,0,11.2,152.6
mpg,8.0,0,w48-16qam-r1/3,w48,19,1,0,data,ok,18,18,9.2,152.6
mpg,8.0,0,ack-1f,w,2,2,0,ctl,ok,0,0,-0.1,152.6
mpg,8.0,0,w48-16qam-r1/3,w48,19,1,0,data,ok,18,18,10.2,152.6
mpg,8.0,0,ack-1f,w,2,2,0,ctl,ok,0,0,6.7,152.6
mpg,8.0,0,w48-16qam-r1/3,w48,19,1,0,data,ctl_lost,18,0,4.8,152.6
mpg,8.0,0,ack-4f,w,3,3,0,ctl,ok,0,0,6.9,152.6
mpg,8.0,0,ack-4f,w,3,3,0,ctl,ok,0,0,6.7,152.6
mpg,8.0,0,w48-qpsk-r1/2,w48,19,2,1,data,ok,17,17,10.6,152.6
mpg,8.0,0,ack-1f,w,2,2,0,ctl,ok,0,0,15.6,152.6
mpg,8.0,0,w48-16qam-r1/3,w48,19,1,0,data,ok,18,18,9.0,152.6
mpg,8.0,0,ack-1f,w,2,2,0,ctl,ok,0,0,16.4,152.6
mpg,8.0,0,w48-16qam-r1/3,w48,19,1,0,data,ok,18,18,12.5,152.6
mpg,8.0,0,ack-1f,w,2,2,0,ctl,ok,0,0,17.7,152.6
mpg,8.0,0,w48-16qam-r1/3,w48,19,1,0,data,ok,18,18,12.0,152.6
mpg,8.0,0,ack-1f,w,3,3,0,ctl,ok,0,0,9.5,152.6
mpg,8.0,0,w48-16qam-r1/2,w48,19,2,1,data,ok,17,0,8.9,152.6
mpg,8.0,0,ack-1f,w,3,3,0,ctl,ok,0,0,7.7,152.6
mpg,8.0,0,w48-16qam-r1/3,w48,19,2,1,data,ok,17,17,11.1,152.6
mpg,8.0,0,ack-1f,w,3,3,0,ctl,ok,0,0,14.3,152.6
mpg,8.0,0,w48-16qam-r1/3,w48,19,2,1,data,ok,17,17,9.2,152.6
mpg,8.0,0,ack-1f,w,2,2,0,ctl,ok,0,0,10.5,152.6
mpg,8.0,0,w48-16qam-r1/3,w48,19,1,0,data,ok,18,18,11.2,152.6
mpg,8.0,0,ack-1f,w,2,2,0,ctl,ok,0,0,11.8,152.6
mpg,8.0,0,w48-16qam-r1/3,w48,19,1,0,data,ok,18,18,8.5,152.6
mpg,8.0,0,ack-1f,w,2,2,0,ctl,ok,0,0,14.5,152.6
mpg,8.0,0,w48-16qam-r1/3,w48,19,1,0,data,ok,18,18,8.8,152.6
mpg,8.0,0,ack-1f,w,3,3,0,ctl,ok,0,0,15.4,152.6
mpg,8.0,0,w48-16qam-r1/3,w48,19,2,1,data,ok,17,11,6.6,152.6
mpg,8.0,0,ack-1f,w,4,4,0,ctl,ok,0,0,5.7,152.6
mpg,8.0,0,w48-16qam-r1/3,w48,19,2,1,data,ok,11,11,11.6,152.6
mpg,8.0,2,qpsk-r1/5,w,1,1,0,ctl,ok,0,0,10.4,144.9
mpg,8.0,2,qpsk-r1/5,w,1,1,0,ctl,ok,0,0,11.8,144.9
mpg,8.0,2,ack-4f,w,3,3,0,ctl,ok,0,0,10.4,144.9
mpg,8.0,2,ack-1f,w,2,2,0,ctl,ok,0,0,9.6,144.9
mpg,8.0,2,w48-16qam-r1/3,w48,19,1,0,data,ctl_lost,18,0,6.3,144.9
mpg,8.0,2,ack-4f,w,3,3,0,ctl,ok,0,0,12.8,144.9
mpg,8.0,2,ack-4f,w,2,2,0,ctl,ok,0,0,13.4,144.9
mpg,8.0,2,w48-qpsk-r1/2,w48,19,1,0,data,ok,18,18,11.0,144.9
mpg,8.0,2,ack-1f,w,2,2,0,ctl,ok,0,0,9.2,144.9
mpg,8.0,2,w48-qpsk-r2/3,w48,19,1,0,data,ctl_lost,18,0,5.7,144.9
mpg,8.0,2,ack-4f,w,2,2,0,ctl,ok,0,0,15.4,144.9
mpg,8.0,2,ack-4f,w,3,3,0,ctl,ok,0,0,7.7,144.9
mpg,8.0,2,w48-qpsk-r1/2,w48,19,2,1,data,ok,17,17,10.1,144.9
mpg,8.0,2,ack-1f,w,3,3,0,ctl,ok,0,0,11.8,144.9
mpg,8.0,2,w48-16qam-r1/3,w48,19,2,1,data,ok,17,17,10.5,144.9
mpg,8.0,2,ack-1f,w,3,3,0,ctl,ok,0,0,9.3,144.9
mpg,8.0,2,w48-16qam-r1/3,w48,19,2,1,data,ok,17,17,11.1,144.9
mpg,8.0,2,ack-1f,w,2,2,0,ctl,ok,0,0,6.0,144.9
mpg,8.0,2,w48-16qam-r1/3,w48,19,1,0,data,ctl_lost,18,0,5.5,144.9
mpg,8.0,2,ack-4f,w,3,3,0,ctl,ok,0,0,10.0,144.9
mpg,8.0,2,ack-4f,w,3,3,0,ctl,ok,0,0,9.3,144.9
mpg,8.0,2,w48-qpsk-r1/2,w48,19,2,1,data,ok,17,17,6.9,144.9
mpg,8.0,2,ack-1f,w,2,2,0,ctl,ok,0,0,11.2,144.9
mpg,8.0,2,w48-qpsk-r1/2,w48,19,1,0,data,ok,18,18,8.8,144.9
mpg,8.0,2,ack-1f,w,2,2,0,ctl,ok,0,0,7.5,144.9
mpg,8.0,2,w48-qpsk-r1/2,w48,19,1,0,data,ok,18,18,10.5,144.9
mpg,8.0,2,ack-1f,w,2,2,0,ctl,ok,0,0,6.5,144.9
mpg,8.0,2,w48-qpsk-r1/2,w48,19,1,0,data,ok,18,18,12.9,144.9
mpg,8.0,2,ack-1f,w,3,3,0,ctl,ok,0,0,13.8,144.9
mpg,8.0,2,w48-16qam-r1/2,w48,19,2,1,data,ok,17,16,10.4,144.9
mpg,8.0,2,ack-1f,w,4,4,0,ctl,ok,0,0,14.5,144.9
mpg,8.0,2,w48-16qam-r1/2,w48,19,2,1,data,ok,16,16,12.5,144.9
mpg,8.0,2,ack-1f,w,3,3,0,ctl,ok,0,0,10.8,144.9
mpg,8.0,2,w48-16qam-r1/3,w48,19,2,1,data,ok,17,17,10.5,144.9
mpg,8.0,2,ack-1f,w,3,3,0,ctl,ok,0,0,9.1,144.9
mpg,8.0,2,w48-16qam-r1/3,w48,19,2,1,data,ok,17,17,10.9,144.9
mpg,8.0,2,ack-1f,w,3,3,0,ctl,ok,0,0,12.5,144.9
mpg,8.0,2,w48-16qam-r1/2,w48,19,2,1,data,ok,17,16,10.5,144.9
mpg,8.0,2,ack-1f,w,3,3,0,ctl,ok,0,0,9.8,144.9
mpg,8.0,2,w48-16qam-r1/2,w48,19,2,1,data,ok,16,0,9.9,144.9
mpg,8.0,2,ack-1f,w,3,3,0,ctl,ok,0,0,13.5,144.9
mpg,8.0,2,w48-16qam-r1/3,w48,19,2,1,data,ok,17,9,7.0,144.9
mpg,8.0,2,ack-1f,w,4,4,0,ctl,ok,0,0,6.0,144.9
mpg,8.0,2,w48-16qam-r1/3,w48,19,2,1,data,ok,9,9,8.9,144.9
mpg,8.0,2,ack-1f,w,2,2,0,ctl,ok,0,0,12.2,144.9
mpg,8.0,2,w48-qpsk-r1/2,w48,19,1,0,data,ok,18,18,10.3,144.9
mpg,8.0,2,ack-1f,w,3,3,0,ctl,ok,0,0,7.9,144.9
mpg,8.0,2,w48-16qam-r1/3,w48,19,2,1,data,ok,17,17,8.8,144.9
mpg,8.0,2,ack-1f,w,3,3,0,ctl,ok,0,0,12.1,144.9
mpg,8.0,2,w48-16qam-r1/3,w48,19,2,1,data,ok,17,0,5.7,144.9
mpg,8.0,2,ack-1f,w,2,2,0,ctl,ok,0,0,6.8,144.9
mpg,8.0,2,w48-qpsk-r1/2,w48,19,1,0,data,ok,18,18,9.7,144.9
mpg,8.0,2,ack-1f,w,2,2,0,ctl,ok,0,0,-0.4,144.9
mpg,8.0,2,w48-qpsk-r1/2,w48,19,1,0,data,ok,18,18,7.0,144.9
mpg,8.0,2,ack-1f,w,2,2,0,ctl,ok,0,0,12.3,144.9
mpg,8.0,2,w48-qpsk-r1/2,w48,19,1,0,data,ok,18,18,6.2,144.9
mpg,8.0,2,ack-1f,w,2,2,0,ctl,ok,0,0,12.0,144.9
mpg,8.0,2,w48-qpsk-r1/2,w48,19,1,0,data,ok,18,18,12.0,144.9
mpg,8.0,2,ack-1f,w,2,2,0,ctl,ok,0,0,16.2,144.9
mpg,8.0,2,w48-qpsk-r1/2,w48,19,1,0,data,ok,18,18,10.8,144.9
mpg,8.0,2,ack-1f,w,3,3,0,ctl,ok,0,0,15.0,144.9
mpg,8.0,2,w48-16qam-r1/2,w48,19,2,1,data,ok,17,0,9.1,144.9
mpg,8.0,2,ack-1f,w,2,2,0,ctl,ok,0,0,11.5,144.9
mpg,8.0,2,w48-16qam-r1/3,w48,19,1,0,data,ok,18,18,10.3,144.9
mpg,8.0,2,ack-1f,w,3,3,0,ctl,ok,0,0,11.0,144.9
mpg,8.0,2,w48-16qam-r1/3,w48,19,2,1,data,ok,17,17,8.8,144.9
mpg,8.0,2,ack-1f,w,3,3,0,ctl,ok,0,0,8.8,144.9
mpg,8.0,2,w48-16qam-r1/3,w48,19,2,1,data,ok,17,17,9.4,144.9
mpg,8.0,2,ack-1f,w,3,3,0,ctl,ok,0,0,10.9,144.9
mpg,8.0,2,w48-16qam-r1/3,w48,19,2,1,data,ok,17,17,9.1,144.9
mpg,8.0,2,ack-1f,w,2,2,0,ctl,ok,0,0,8.8,144.9
mpg,8.0,2,w48-16qam-r1/3,w48,19,1,0,data,ok,18,10,6.8,144.9
mpg,8.0,2,ack-1f,w,4,4,0,ctl,ok,0,0,10.9,144.9
mpg,8.0,2,w48-16qam-r1/3,w48,19,2,1,data,ok,9,9,8.5,144.9
mpg,8.0,2,ack-1f,w,2,2,0,ctl,ok,0,0,13.3,144.9
mpg,8.0,2,w48-qpsk-r1/2,w48,19,1,0,data,ok,18,18,11.8,144.9
mpg,8.0,2,ack-1f,w,2,2,0,ctl,ok,0,0,12.0,144.9
mpg,8.0,2,w48-16qam-r1/3,w48,19,1,0,data,ok,18,18,10.8,144.9
mpg,8.0,2,ack-1f,w,2,2,0,ctl,ok,0,0,17.0,144.9
mpg,8.0,2,w48-16qam-r1/3,w48,19,1,0,data,ok,18,17,8.9,144.9
mpg,8.0,2,ack-1f,w,3,3,0,ctl,ok,0,0,11.7,144.9
mpg,8.0,2,w48-16qam-r1/3,w48,19,2,1,data,ok,16,16,11.6,144.9
mpg,8.0,2,ack-1f,w,2,2,0,ctl,ok,0,0,16.1,144.9
mpg,8.0,2,w48-16qam-r1/3,w48,19,1,0,data,ok,18,18,9.8,144.9
mpg,8.0,2,ack-1f,w,2,2,0,ctl,ok,0,0,15.9,144.9
mpg,8.0,2,w48-16qam-r1/3,w48,19,1,0,data,ok,18,18,11.0,144.9
mpg,8.0,2,ack-1f,w,2,2,0,ctl,ok,0,0,8.9,144.9
mpg,8.0,2,w48-16qam-r1/3,w48,19,1,0,data,ok,18,18,9.2,144.9
mpg,8.0,2,ack-1f,w,2,2,0,ctl,ok,0,0,8.1,144.9
mpg,8.0,2,w48-16qam-r1/3,w48,19,1,0,data,ctl_lost,18,0,5.9,144.9
mpg,8.0,2,ack-4f,w,2,2,0,ctl,ok,0,0,12.6,144.9
mpg,8.0,2,ack-4f,w,2,2,0,ctl,ok,0,0,14.7,144.9
mpg,8.0,2,w48-qpsk-r1/2,w48,19,1,0,data,ok,18,18,9.1,144.9
mpg,8.0,4,qpsk-r1/5,w,1,1,0,ctl,ok,0,0,4.7,144.5
mpg,8.0,4,qpsk-r1/5,w,1,1,0,ctl,ok,0,0,3.0,144.5
mpg,8.0,4,ack-4f,w,3,3,0,ctl,ok,0,0,6.0,144.5
mpg,8.0,4,ack-1f,w,3,3,0,ctl,ok,0,0,5.9,144.5
mpg,8.0,4,w48-qpsk-r1/2,w48,19,2,1,data,ok,17,17,11.3,144.5
mpg,8.0,4,ack-1f,w,3,3,0,ctl,ok,0,0,7.6,144.5
mpg,8.0,4,w48-16qam-r1/3,w48,19,2,1,data,ok,17,17,11.2,144.5
mpg,8.0,4,ack-1f,w,2,2,0,ctl,ok,0,0,12.1,144.5
mpg,8.0,4,w48-16qam-r1/3,w48,19,1,0,data,ok,18,18,9.7,144.5
mpg,8.0,4,ack-1f,w,2,2,0,ctl,ok,0,0,16.1,144.5
mpg,8.0,4,w48-16qam-r1/3,w48,19,1,0,data,ok,18,18,10.8,144.5
mpg,8.0,4,ack-1f,w,2,2,0,ctl,ok,0,0,14.4,144.5
mpg,8.0,4,w48-16qam-r1/3,w48,19,1,0,data,ok,18,18,10.4,144.5
mpg,8.0,4,ack-1f,w,2,2,0,ctl,ok,0,0,9.8,144.5
mpg,8.0,4,w48-16qam-r1/3,w48,19,1,0,data,ok,18,18,10.4,144.5
mpg,8.0,4,ack-1f,w,2,2,0,ctl,ok,0,0,8.5,144.5
mpg,8.0,4,w48-16qam-r1/3,w48,19,1,0,data,ok,18,18,9.8,144.5
mpg,8.0,4,ack-1f,w,2,2,0,ctl,ok,0,0,10.5,144.5
mpg,8.0,4,w48-16qam-r1/3,w48,19,1,0,data,ok,18,18,10.4,144.5
mpg,8.0,4,ack-1f,w,2,2,0,ctl,ok,0,0,10.1,144.5
mpg,8.0,4,w48-16qam-r1/3,w48,19,1,0,data,ctl_lost,18,4,6.9,144.5
mpg,8.0,4,ack-4f,w,3,3,0,ctl,ok,0,0,11.6,144.5
mpg,8.0,4,ack-4f,w,2,2,0,ctl,ok,0,0,12.6,144.5
mpg,8.0,4,w48-qpsk-r1/2,w48,19,1,0,data,ok,18,18,8.4,144.5
mpg,8.0,4,ack-1f,w,2,2,0,ctl,ok,0,0,6.4,144.5
mpg,8.0,4,w48-qpsk-r1/2,w48,19,1,0,data,ok,18,18,10.6,144.5
mpg,8.0,4,ack-1f,w,3,3,0,ctl,ok,0,0,8.5,144.5
mpg,8.0,4,w48-16qam-r1/3,w48,19,2,1,data,ok,17,4,6.7,144.5
mpg,8.0,4,ack-1f,w,4,4,0,ctl,ok,0,0,10.0,144.5
mpg,8.0,4,w48-16qam-r1/3,w48,19,2,1,data,ok,4,4,8.1,144.5
mpg,8.0,4,ack-1f,w,2,2,0,ctl,ok,0,0,9.8,144.5
mpg,8.0,4,w48-qpsk-r1/2,w48,19,1,0,data,ok,18,18,8.4,144.5
mpg,8.0,4,ack-1f,w,2,2,0,ctl,ok,0,0,7.8,144.5
mpg,8.0,4,w48-qpsk-r1/2,w48,19,1,0,data,ok,18,18,10.4,144.5
mpg,8.0,4,ack-1f,w,3,3,0,ctl,ok,0,0,9.8,144.5
mpg,8.0,4,w48-16qam-r1/3,w48,19,2,1,data,ok,17,8,8.8,144.5
mpg,8.0,4,ack-1f,w,4,4,0,ctl,ok,0,0,5.0,144.5
mpg,8.0,4,w48-16qam-r1/3,w48,19,2,1,data,ok,9,9,10.0,144.5
mpg,8.0,4,ack-1f,w,3,3,0,ctl,ok,0,0,6.7,144.5
mpg,8.0,4,w48-16qam-r1/3,w48,19,2,1,data,ok,17,17,10.7,144.5
mpg,8.0,4,ack-1f,w,2,2,0,ctl,ok,0,0,10.9,144.5
mpg,8.0,4,w48-16qam-r1/3,w48,19,1,0,data,ok,18,18,10.4,144.5
mpg,8.0,4,ack-1f,w,2,2,0,ctl,ok,0,0,5.1,144.5
mpg,8.0,4,w48-16qam-r1/3,w48,19,1,0,data,ok,18,18,9.1,144.5
mpg,8.0,4,ack-1f,w,2,2,0,ctl,ok,0,0,12.0,144.5
mpg,8.0,4,w48-16qam-r1/3,w48,19,1,0,data,ctl_lost,18,0,6.0,144.5
mpg,8.0,4,ack-4f,w,3,3,0,ctl,ok,0,0,13.8,144.5
mpg,8.0,4,ack-4f,w,2,2,0,ctl,ok,0,0,8.0,144.5
mpg,8.0,4,w48-qpsk-r1/2,w48,19,1,0,data,ok,18,18,9.9,144.5
mpg,8.0,4,ack-1f,w,2,2,0,ctl,ok,0,0,9.7,144.5
mpg,8.0,4,w48-qpsk-r2/3,w48,19,1,0,data,ok,18,16,7.9,144.5
mpg,8.0,4,ack-1f,w,3,3,0,ctl,ok,0,0,13.3,144.5
mpg,8.0,4,w48-qpsk-r2/3,w48,19,2,1,data,ok,15,15,11.2,144.5
mpg,8.0,4,ack-1f,w,3,3,0,ctl,ok,0,0,13.3,144.5
mpg,8.0,4,w48-16qam-r1/3,w48,19,2,1,data,ok,17,17,9.8,144.5
mpg,8.0,4,ack-1f,w,2,2,0,ctl,ok,0,0,12.1,144.5
mpg,8.0,4,w48-16qam-r1/3,w48,19,1,0,data,ok,18,18,9.3,144.5
mpg,8.0,4,ack-1f,w,3,3,0,ctl,ok,0,0,8.0,144.5
mpg,8.0,4,w48-16qam-r1/3,w48,19,2,1,data,ok,17,0,4.5,144.5
mpg,8.0,4,ack-1f,w,2,2,0,ctl,ok,0,0,10.7,144.5
mpg,8.0,4,w48-qpsk-r1/2,w48,19,1,0,data,ok,18,18,10.1,144.5
mpg,8.0,4,ack-1f,w,2,2,0,ctl,ok,0,0,16.7,144.5
mpg,8.0,4,w48-qpsk-r1/2,w48,19,1,0,data,ok,18,18,9.8,144.5
mpg,8.0,4,ack-1f,w,2,2,0,ctl,ok,0,0,8.2,144.5
mpg,8.0,4,w48-16qam-r1/3,w48,19,1,0,data,ok,18,18,9.3,144.5
mpg,8.0,4,ack-1f,w,2,2,0,ctl,ok,0,0,13.7,144.5
mpg,8.0,4,w48-16qam-r1/3,w48,19,1,0,data,ctl_lost,18,0,5.4,144.5
mpg,8.0,4,ack-4f,w,2,2,0,ctl,ok,0,0,13.8,144.5
mpg,8.0,4,ack-4f,w,2,2,0,ctl,ok,0,0,12.3,144.5
mpg,8.0,4,w48-qpsk-r1/2,w48,19,1,0,data,ctl_lost,18,0,2.5,144.5
mpg,8.0,4,ack-4f,w,3,3,0,ctl,ok,0,0,13.9,144.5
mpg,8.0,4,ack-4f,w,3,3,0,ctl,ok,0,0,7.3,144.5
mpg,8.0,4,w48-qpsk-r1/2,w48,19,2,1,data,ok,17,17,12.0,144.5
mpg,8.0,4,ack-1f,w,2,2,0,ctl,ok,0,0,13.7,144.5
mpg,8.0,4,w48-qpsk-r2/3,w48,19,1,0,data,ok,18,18,9.4,144.5
mpg,8.0,4,ack-1f,w,2,2,0,ctl,ok,0,0,3.8,144.5
mpg,8.0,4,w48-qpsk-r2/3,w48,19,1,0,data,ok,18,18,10.7,144.5
mpg,8.0,4,ack-1f,w,3,3,0,ctl,ok,0,0,15.3,144.5
mpg,8.0,4,w48-qpsk-r2/3,w48,19,2,1,data,ok,17,17,10.3,144.5
mpg,8.0,4,ack-1f,w,2,2,0,ctl,ok,0,0,11.8,144.5
mpg,8.0,4,w48-qpsk-r2/3,w48,19,1,0,data,ctl_lost,18,0,8.2,144.5
mpg,8.0,4,ack-4f,w,3,3,0,ctl,ok,0,0,12.9,144.5
mpg,8.0,4,ack-4f,w,2,2,0,ctl,ok,0,0,10.9,144.5
mpg,8.0,4,w48-qpsk-r1/2,w48,19,1,0,data,ok,18,18,11.3,144.5
mpg,8.0,4,ack-1f,w,2,2,0,ctl,ok,0,0,15.1,144.5
mpg,8.0,4,w48-qpsk-r2/3,w48,19,1,0,data,ok,18,18,10.7,144.5
mpg,8.0,4,ack-1f,w,2,2,0,ctl,ok,0,0,11.5,144.5
mpg,8.0,4,w48-16qam-r1/3,w48,19,1,0,data,ok,18,18,7.9,144.5
mpg,8.0,4,ack-1f,w,2,2,0,ctl,ok,0,0,10.7,144.5
mpg,8.0,4,w48-qpsk-r1/2,w48,19,1,0,data,ok,18,18,12.3,144.5
mpg,8.0,4,ack-1f,w,2,2,0,ctl,ok,0,0,14.5,144.5
mpg,8.0,4,w48-qpsk-r1/2,w48,19,1,0,data,ok,18,18,9.8,144.5
mpg,8.0,4,ack-1f,w,3,3,0,ctl,ok,0,0,9.6,144.5
mpg,8.0,4,w48-16qam-r1/3,w48,19,2,1,data,ok,17,17,13.5,144.5
mpg,8.0,6,qpsk-r1/5,w,1,1,0,ctl,ok,0,0,10.3,176.4
mpg,8.0,6,qpsk-r1/5,w,1,1,0,ctl,ok,0,0,11.7,176.4
mpg,8.0,6,ack-4f,w,2,2,0,ctl,ok,0,0,4.7,176.4
mpg,8.0,6,ack-1f,w,3,3,0,ctl,ok,0,0,6.5,176.4
mpg,8.0,6,w48-qpsk-r1/2,w48,19,2,1,data,ok,17,17,9.9,176.4
mpg,8.0,6,ack-1f,w,3,3,0,ctl,ok,0,0,10.8,176.4
mpg,8.0,6,w48-16qam-r1/3,w48,19,2,1,data,ok,17,17,8.5,176.4
mpg,8.0,6,ack-1f,w,2,2,0,ctl,ok,0,0,12.5,176.4
mpg,8.0,6,w48-16qam-r1/3,w48,19,1,0,data,ok,18,18,11.3,176.4
mpg,8.0,6,ack-1f,w,2,2,0,ctl,ok,0,0,1.6,176.4
mpg,8.0,6,w48-16qam-r1/3,w48,19,1,0,data,ok,18,17,7.2,176.4
mpg,8.0,6,ack-1f,w,4,4,0,ctl,ok,0,0,6.6,176.4
mpg,8.0,6,w48-16qam-r1/3,w48,19,2,1,data,ok,16,16,9.4,176.4
mpg,8.0,6,ack-1f,w,3,3,0,ctl,ok,0,0,11.2,176.4
mpg,8.0,6,w48-16qam-r1/3,w48,19,2,1,data,ok,17,17,8.9,176.4
mpg,8.0,6,ack-1f,w,2,2,0,ctl,ok,0,0,8.7,176.4
mpg,8.0,6,w48-16qam-r1/3,w48,19,1,0,data,ok,18,18,8.3,176.4
mpg,8.0,6,ack-1f,w,2,2,0,ctl,ok,0,0,7.7,176.4
mpg,8.0,6,w48-16qam-r1/3,w48,19,1,0,data,ok,18,18,8.2,176.4
mpg,8.0,6,ack-1f,w,3,3,0,ctl,ok,0,0,12.8,176.4
mpg,8.0,6,w48-16qam-r1/3,w48,19,2,1,data,ok,17,17,8.3,176.4
mpg,8.0,6,ack-1f,w,3,3,0,ctl,ok,0,0,10.5,176.4
mpg,8.0,6,w48-16qam-r1/3,w48,19,2,1,data,ok,17,17,10.3,176.4
mpg,8.0,6,ack-1f,w,2,2,0,ctl,ok,0,0,11.1,176.4
mpg,8.0,6,w48-16qam-r1/3,w48,19,1,0,data,ok,18,18,10.0,176.4
mpg,8.0,6,ack-1f,w,2,2,0,ctl,ok,0,0,14.3,176.4
mpg,8.0,6,w48-16qam-r1/3,w48,19,1,0,data,ok,18,18,11.2,176.4
mpg,8.0,6,ack-1f,w,2,2,0,ctl,ok,0,0,12.9,176.4
mpg,8.0,6,w48-16qam-r1/3,w48,19,1,0,data,ok,18,18,14.7,176.4
mpg,8.0,6,ack-1f,w,3,3,0,ctl,ok,0,0,11.9,176.4
mpg,8.0,6,w48-16qam-r1/2,w48,19,2,1,data,ok,17,0,8.0,176.4
mpg,8.0,6,ack-1f,w,2,2,0,ctl,ok,0,0,12.0,176.4
mpg,8.0,6,w48-16qam-r1/3,w48,19,1,0,data,ok,18,18,9.4,176.4
mpg,8.0,6,ack-1f,w,2,2,0,ctl,ok,0,0,11.2,176.4
mpg,8.0,6,w48-16qam-r1/3,w48,19,1,0,data,ok,18,18,10.3,176.4
mpg,8.0,6,ack-1f,w,2,2,0,ctl,ok,0,0,17.3,176.4
mpg,8.0,6,w48-16qam-r1/3,w48,19,1,0,data,ok,18,18,10.5,176.4
mpg,8.0,6,ack-1f,w,2,2,0,ctl,ok,0,0,12.3,176.4
mpg,8.0,6,w48-16qam-r1/3,w48,19,1,0,data,ok,18,18,10.9,176.4
mpg,8.0,6,ack-1f,w,2,2,0,ctl,ok,0,0,9.7,176.4
mpg,8.0,6,w48-16qam-r1/3,w48,19,1,0,data,ok,18,18,9.0,176.4
mpg,8.0,6,ack-1f,w,2,2,0,ctl,ok,0,0,9.8,176.4
mpg,8.0,6,w48-16qam-r1/3,w48,19,1,0,data,ok,18,18,10.4,176.4
mpg,8.0,6,ack-1f,w,2,2,0,ctl,ok,0,0,8.1,176.4
mpg,8.0,6,w48-16qam-r1/3,w48,19,1,0,data,ok,18,18,11.9,176.4
mpg,8.0,6,ack-1f,w,2,2,0,ctl,ok,0,0,12.6,176.4
mpg,8.0,6,w48-16qam-r1/3,w48,19,1,0,data,ok,18,18,10.2,176.4
mpg,8.0,6,ack-1f,w,2,2,0,ctl,ok,0,0,11.1,176.4
mpg,8.0,6,w48-16qam-r1/3,w48,19,1,0,data,ok,18,18,12.0,176.4
mpg,8.0,6,ack-1f,w,2,2,0,ctl,ok,0,0,12.3,176.4
mpg,8.0,6,w48-16qam-r1/3,w48,19,1,0,data,ok,18,18,7.6,176.4
mpg,8.0,6,ack-1f,w,2,2,0,ctl,ok,0,0,11.5,176.4
mpg,8.0,6,w48-16qam-r1/3,w48,19,1,0,data,ok,18,18,9.4,176.4
mpg,8.0,6,ack-1f,w,2,2,0,ctl,ok,0,0,10.1,176.4
mpg,8.0,6,w48-16qam-r1/3,w48,19,1,0,data,ctl_lost,18,0,6.8,176.4
mpg,8.0,6,ack-4f,w,2,2,0,ctl,ok,0,0,14.5,176.4
mpg,8.0,6,ack-4f,w,3,3,0,ctl,ok,0,0,12.3,176.4
mpg,8.0,6,w48-16qam-r1/3,w48,19,2,1,data,ok,17,17,9.5,176.4
mpg,8.0,6,ack-1f,w,2,2,0,ctl,ok,0,0,8.4,176.4
mpg,8.0,6,w48-16qam-r1/3,w48,19,1,0,data,ok,18,18,9.3,176.4
mpg,8.0,6,ack-1f,w,2,2,0,ctl,ok,0,0,13.6,176.4
mpg,8.0,6,w48-16qam-r1/3,w48,19,1,0,data,ok,18,18,14.3,176.4
mpg,8.0,6,ack-1f,w,3,3,0,ctl,ok,0,0,11.0,176.4
mpg,8.0,6,w48-16qam-r1/2,w48,19,2,1,data,ctl_lost,17,0,3.4,176.4
mpg,8.0,6,ack-4f,w,2,2,0,ctl,ok,0,0,14.3,176.4
mpg,8.0,6,ack-4f,w,3,3,0,ctl,ok,0,0,13.6,176.4
mpg,8.0,6,w48-16qam-r1/3,w48,19,2,1,data,ok,17,0,6.3,176.4
mpg,8.0,6,ack-1f,w,3,3,0,ctl,ok,0,0,14.4,176.4
mpg,8.0,6,w48-16qam-r1/3,w48,19,2,1,data,ok,0,0,6.3,176.4
mpg,8.0,6,ack-1f,w,3,3,0,ctl,ok,0,0,-1.7,176.4
mpg,8.0,6,w48-qpsk-r1/2,w48,19,2,1,data,ok,17,17,9.0,176.4
mpg,8.0,6,ack-1f,w,3,3,0,ctl,ok,0,0,14.9,176.4
mpg,8.0,6,w48-16qam-r1/3,w48,19,2,1,data,ok,17,17,10.6,176.4
mpg,8.0,6,ack-1f,w,2,2,0,ctl,ok,0,0,6.5,176.4
mpg,8.0,6,w48-16qam-r1/3,w48,19,1,0,data,ok,18,18,10.8,176.4
mpg,8.0,6,ack-1f,w,2,2,0,ctl,ok,0,0,14.6,176.4
mpg,8.0,6,w48-16qam-r1/3,w48,19,1,0,data,ok,18,18,9.5,176.4
mpg,8.0,6,ack-1f,w,2,2,0,ctl,ok,0,0,12.4,176.4
mpg,8.0,6,w48-16qam-r1/3,w48,19,1,0,data,ok,18,18,13.0,176.4
mpg,8.0,6,ack-1f,w,2,2,0,ctl,ok,0,0,14.1,176.4
mpg,8.0,6,w48-16qam-r1/3,w48,19,1,0,data,ok,18,18,8.6,176.4
mpg,8.0,6,ack-1f,w,2,2,0,ctl,ok,0,0,13.8,176.4
mpg,8.0,6,w48-16qam-r1/3,w48,19,1,0,data,ok,18,18,10.5,176.4
mpg,8.0,6,ack-1f,w,2,2,0,ctl,ok,0,0,7.4,176.4
mpg,8.0,6,w48-16qam-r1/3,w48,19,1,0,data,ok,18,18,7.3,176.4
mpg,8.0,6,ack-1f,w,2,2,0,ctl,ok,0,0,12.1,176.4
mpg,8.0,6,w48-16qam-r1/3,w48,19,1,0,data,ok,18,18,10.2,176.4
mpg,8.0,6,ack-1f,w,2,2,0,ctl,ok,0,0,13.4,176.4
mpg,8.0,6,w48-16qam-r1/3,w48,19,1,0,data,ok,18,18,9.9,176.4
mpg,8.0,6,ack-1f,w,2,2,0,ctl,ok,0,0,13.8,176.4
mpg,8.0,6,w48-16qam-r1/3,w48,19,1,0,data,ok,18,18,11.4,176.4
mpg,8.0,6,ack-1f,w,2,2,0,ctl,ok,0,0,11.3,176.4
mpg,8.0,6,w48-16qam-r1/3,w48,19,1,0,data,ok,18,18,9.4,176.4
mpg,8.0,5,qpsk-r1/5,w,1,1,0,ctl,ok,0,0,12.3,154.3
mpg,8.0,5,qpsk-r1/5,w,1,1,0,ctl,ok,0,0,14.1,154.3
mpg,8.0,5,ack-4f,w,2,2,0,ctl,ok,0,0,12.1,154.3
mpg,8.0,5,ack-1f,w,3,3,0,ctl,ok,0,0,6.1,154.3
mpg,8.0,5,w48-qpsk-r3/4,w48,19,2,1,data,ok,17,0,10.3,154.3
mpg,8.0,5,ack-1f,w,3,3,0,ctl,ok,0,0,13.7,154.3
mpg,8.0,5,w48-16qam-r1/3,w48,19,2,1,data,ok,17,17,11.7,154.3
mpg,8.0,5,ack-1f,w,2,2,0,ctl,ok,0,0,11.1,154.3
mpg,8.0,5,w48-16qam-r1/3,w48,19,1,0,data,ok,18,18,9.2,154.3
mpg,8.0,5,ack-1f,w,2,2,0,ctl,ok,0,0,8.0,154.3
mpg,8.0,5,w48-16qam-r1/3,w48,19,1,0,data,ok,18,18,10.3,154.3
mpg,8.0,5,ack-1f,w,2,2,0,ctl,ok,0,0,8.3,154.3
mpg,8.0,5,w48-16qam-r1/3,w48,19,1,0,data,ok,18,18,11.2,154.3
mpg,8.0,5,ack-1f,w,2,2,0,ctl,ok,0,0,11.1,154.3
mpg,8.0,5,w48-16qam-r1/3,w48,19,1,0,data,ok,18,18,10.6,154.3
mpg,8.0,5,ack-1f,w,2,2,0,ctl,ok,0,0,9.3,154.3
mpg,8.0,5,w48-16qam-r1/3,w48,19,1,0,data,ok,18,18,9.4,154.3
mpg,8.0,5,ack-1f,w,2,2,0,ctl,ok,0,0,14.6,154.3
mpg,8.0,5,w48-16qam-r1/3,w48,19,1,0,data,ok,18,18,9.9,154.3
mpg,8.0,5,ack-1f,w,2,2,0,ctl,ok,0,0,8.7,154.3
mpg,8.0,5,w48-16qam-r1/3,w48,19,1,0,data,ok,18,18,9.8,154.3
mpg,8.0,5,ack-1f,w,2,2,0,ctl,ok,0,0,10.7,154.3
mpg,8.0,5,w48-16qam-r1/3,w48,19,1,0,data,ok,18,18,8.0,154.3
mpg,8.0,5,ack-1f,w,2,2,0,ctl,ok,0,0,7.5,154.3
mpg,8.0,5,w48-16qam-r1/3,w48,19,1,0,data,ok,18,18,8.0,154.3
mpg,8.0,5,ack-1f,w,3,3,0,ctl,ok,0,0,4.9,154.3
mpg,8.0,5,w48-16qam-r1/3,w48,19,2,1,data,ok,17,17,8.2,154.3
mpg,8.0,5,ack-1f,w,3,3,0,ctl,ok,0,0,12.9,154.3
mpg,8.0,5,w48-16qam-r1/3,w48,19,2,1,data,ok,17,17,9.0,154.3
mpg,8.0,5,ack-1f,w,2,2,0,ctl,ok,0,0,12.0,154.3
mpg,8.0,5,w48-16qam-r1/3,w48,19,1,0,data,ctl_lost,18,0,6.3,154.3
mpg,8.0,5,ack-4f,w,2,2,0,ctl,ok,0,0,12.9,154.3
mpg,8.0,5,ack-4f,w,3,3,0,ctl,ok,0,0,12.4,154.3
mpg,8.0,5,w48-16qam-r1/3,w48,19,2,1,data,ok,17,17,11.4,154.3
mpg,8.0,5,ack-1f,w,2,2,0,ctl,ok,0,0,15.4,154.3
mpg,8.0,5,w48-16qam-r1/3,w48,19,1,0,data,ctl_lost,18,3,7.2,154.3
mpg,8.0,5,ack-4f,w,3,3,0,ctl,ok,0,0,10.8,154.3
mpg,8.0,5,ack-4f,w,2,2,0,ctl,ok,0,0,10.5,154.3
mpg,8.0,5,w48-qpsk-r1/2,w48,19,1,0,data,ok,18,18,9.5,154.3
mpg,8.0,5,ack-1f,w,2,2,0,ctl,ok,0,0,11.8,154.3
mpg,8.0,5,w48-qpsk-r1/2,w48,19,1,0,data,ok,18,18,7.0,154.3
mpg,8.0,5,ack-1f,w,2,2,0,ctl,ok,0,0,12.5,154.3
mpg,8.0,5,w48-qpsk-r1/2,w48,19,1,0,data,ok,18,18,9.9,154.3
mpg,8.0,5,ack-1f,w,2,2,0,ctl,ok,0,0,11.6,154.3
mpg,8.0,5,w48-qpsk-r1/2,w48,19,1,0,data,ok,18,18,9.9,154.3
mpg,8.0,5,ack-1f,w,3,3,0,ctl,ok,0,0,14.6,154.3
mpg,8.0,5,w48-16qam-r1/3,w48,19,2,1,data,ok,17,17,11.8,154.3
mpg,8.0,5,ack-1f,w,2,2,0,ctl,ok,0,0,13.8,154.3
mpg,8.0,5,w48-16qam-r1/3,w48,19,1,0,data,ok,18,18,11.6,154.3
mpg,8.0,5,ack-1f,w,3,3,0,ctl,ok,0,0,12.5,154.3
mpg,8.0,5,w48-16qam-r1/2,w48,19,2,1,data,ok,17,0,9.5,154.3
mpg,8.0,5,ack-1f,w,3,3,0,ctl,ok,0,0,15.2,154.3
mpg,8.0,5,w48-16qam-r1/3,w48,19,2,1,data,ok,17,17,10.6,154.3
mpg,8.0,5,ack-1f,w,3,3,0,ctl,ok,0,0,13.3,154.3
mpg,8.0,5,w48-16qam-r1/3,w48,19,2,1,data,ok,17,16,7.7,154.3
mpg,8.0,5,ack-1f,w,3,3,0,ctl,ctl_lost,0,0,-5.8,154.3
mpg,8.0,5,ack-4f,w,3,3,0,ctl,ok,0,0,8.8,154.3
mpg,8.0,5,ack-4f,w,3,3,0,ctl,ok,0,0,12.0,154.3
mpg,8.0,5,w48-16qam-r1/3,w48,19,2,1,data,ok,17,17,10.2,154.3
mpg,8.0,5,ack-1f,w,2,2,0,ctl,ok,0,0,8.2,154.3
mpg,8.0,5,w48-16qam-r1/3,w48,19,1,0,data,ok,18,18,9.0,154.3
mpg,8.0,5,ack-1f,w,2,2,0,ctl,ok,0,0,6.6,154.3
mpg,8.0,5,w48-16qam-r1/3,w48,19,1,0,data,ok,18,18,8.9,154.3
mpg,8.0,5,ack-1f,w,2,2,0,ctl,ok,0,0,11.8,154.3
mpg,8.0,5,w48-16qam-r1/3,w48,19,1,0,data,ok,18,18,9.7,154.3
mpg,8.0,5,ack-1f,w,2,2,0,ctl,ok,0,0,8.2,154.3
mpg,8.0,5,w48-16qam-r1/3,w48,19,1,0,data,ok,18,8,6.7,154.3
mpg,8.0,5,ack-1f,w,4,4,0,ctl,ok,0,0,12.4,154.3
mpg,8.0,5,w48-16qam-r1/3,w48,19,2,1,data,ok,7,7,11.7,154.3
mpg,8.0,5,ack-1f,w,2,2,0,ctl,ok,0,0,12.2,154.3
mpg,8.0,5,w48-16qam-r1/3,w48,19,1,0,data,ok,18,18,12.5,154.3
mpg,8.0,5,ack-1f,w,3,3,0,ctl,ok,0,0,10.6,154.3
mpg,8.0,5,w48-16qam-r1/2,w48,19,2,1,data,ok,17,0,6.2,154.3
mpg,8.0,5,ack-1f,w,3,3,0,ctl,ok,0,0,5.0,154.3
mpg,8.0,5,w48-16qam-r1/3,w48,19,2,1,data,ok,17,17,9.1,154.3
mpg,8.0,5,ack-1f,w,3,3,0,ctl,ok,0,0,14.1,154.3
mpg,8.0,5,w48-16qam-r1/3,w48,19,2,1,data,ok,17,17,11.9,154.3
mpg,8.0,5,ack-1f,w,2,2,0,ctl,ok,0,0,10.2,154.3
mpg,8.0,5,w48-16qam-r1/3,w48,19,1,0,data,ok,18,18,12.5,154.3
mpg,8.0,5,ack-1f,w,2,2,0,ctl,ok,0,0,10.3,154.3
mpg,8.0,5,w48-16qam-r1/3,w48,19,1,0,data,ok,18,18,7.3,154.3
mpg,8.0,5,ack-1f,w,2,2,0,ctl,ok,0,0,14.0,154.3
mpg,8.0,5,w48-16qam-r1/3,w48,19,1,0,data,ok,18,18,11.0,154.3
mpg,8.0,5,ack-1f,w,2,2,0,ctl,ok,0,0,13.8,154.3
mpg,8.0,5,w48-16qam-r1/3,w48,19,1,0,data,ok,18,18,11.2,154.3
mpg,8.0,5,ack-1f,w,2,2,0,ctl,ok,0,0,1.0,154.3
mpg,8.0,5,w48-16qam-r1/3,w48,19,1,0,data,ctl_lost,18,1,6.2,154.3
mpg,8.0,5,ack-4f,w,3,3,0,ctl,ok,0,0,8.5,154.3
mpg,8.0,5,ack-4f,w,3,3,0,ctl,ok,0,0,11.5,154.3
mpg,8.0,5,w48-qpsk-r1/2,w48,19,2,1,data,ok,17,17,8.9,154.3
mpg,8.0,5,ack-1f,w,3,3,0,ctl,ok,0,0,13.1,154.3
mpg,8.0,5,w48-qpsk-r1/2,w48,19,2,1,data,ok,17,17,10.5,154.3
mpg,8.0,5,ack-1f,w,3,3,0,ctl,ok,0,0,12.4,154.3
mpg,8.0,5,w48-16qam-r1/3,w48,19,2,1,data,ok,17,17,8.7,154.3
mpg,8.0,7,qpsk-r1/5,w,1,1,0,ctl,ok,0,0,11.2,179.8
mpg,8.0,7,qpsk-r1/5,w,1,1,0,ctl,ok,0,0,11.4,179.8
mpg,8.0,7,ack-4f,w,3,3,0,ctl,ok,0,0,15.1,179.8
mpg,8.0,7,ack-1f,w,2,2,0,ctl,ok,0,0,17.2,179.8
mpg,8.0,7,w48-qpsk-r3/4,w48,19,1,0,data,ok,18,15,9.4,179.8
mpg,8.0,7,ack-1f,w,4,4,0,ctl,ok,0,0,12.4,179.8
mpg,8.0,7,w48-qpsk-r3/4,w48,19,2,1,data,ok,14,14,11.9,179.8
mpg,8.0,7,ack-1f,w,2,2,0,ctl,ok,0,0,7.9,179.8
mpg,8.0,7,w48-16qam-r1/3,w48,19,1,0,data,ok,18,18,7.7,179.8
mpg,8.0,7,ack-1f,w,3,3,0,ctl,ok,0,0,10.0,179.8
mpg,8.0,7,w48-16qam-r1/3,w48,19,2,1,data,ok,17,17,13.0,179.8
mpg,8.0,7,ack-1f,w,2,2,0,ctl,ok,0,0,15.9,179.8
mpg,8.0,7,w48-16qam-r1/3,w48,19,1,0,data,ok,18,18,12.1,179.8
mpg,8.0,7,ack-1f,w,2,2,0,ctl,ok,0,0,9.7,179.8
mpg,8.0,7,w48-16qam-r1/3,w48,19,1,0,data,ok,18,18,9.2,179.8
mpg,8.0,7,ack-1f,w,2,2,0,ctl,ok,0,0,10.4,179.8
mpg,8.0,7,w48-16qam-r1/3,w48,19,1,0,data,ok,18,18,8.2,179.8
mpg,8.0,7,ack-1f,w,3,3,0,ctl,ok,0,0,12.8,179.8
mpg,8.0,7,w48-16qam-r1/3,w48,19,2,1,data,ok,17,17,8.0,179.8
mpg,8.0,7,ack-1f,w,3,3,0,ctl,ok,0,0,14.5,179.8
mpg,8.0,7,w48-16qam-r1/3,w48,19,2,1,data,ok,17,17,10.4,179.8
mpg,8.0,7,ack-1f,w,2,2,0,ctl,ok,0,0,16.4,179.8
mpg,8.0,7,w48-16qam-r1/3,w48,19,1,0,data,ok,18,18,11.4,179.8
mpg,8.0,7,ack-1f,w,2,2,0,ctl,ok,0,0,13.1,179.8
mpg,8.0,7,w48-16qam-r1/3,w48,19,1,0,data,ok,18,18,8.8,179.8
mpg,8.0,7,ack-1f,w,2,2,0,ctl,ok,0,0,14.8,179.8
mpg,8.0,7,w48-16qam-r1/3,w48,19,1,0,data,ok,18,18,8.9,179.8
mpg,8.0,7,ack-1f,w,2,2,0,ctl,ok,0,0,8.0,179.8
mpg,8.0,7,w48-16qam-r1/3,w48,19,1,0,data,ok,18,18,8.0,179.8
mpg,8.0,7,ack-1f,w,2,2,0,ctl,ok,0,0,6.7,179.8
mpg,8.0,7,w48-16qam-r1/3,w48,19,1,0,data,ok,18,18,11.5,179.8
mpg,8.0,7,ack-1f,w,2,2,0,ctl,ok,0,0,3.1,179.8
mpg,8.0,7,w48-16qam-r1/3,w48,19,1,0,data,ok,18,18,8.6,179.8
mpg,8.0,7,ack-1f,w,2,2,0,ctl,ok,0,0,7.7,179.8
mpg,8.0,7,w48-16qam-r1/3,w48,19,1,0,data,ok,18,18,8.2,179.8
mpg,8.0,7,ack-1f,w,2,2,0,ctl,ok,0,0,10.0,179.8
mpg,8.0,7,w48-16qam-r1/3,w48,19,1,0,data,ctl_lost,18,0,5.6,179.8
mpg,8.0,7,ack-4f,w,3,3,0,ctl,ok,0,0,12.7,179.8
mpg,8.0,7,ack-4f,w,3,3,0,ctl,ok,0,0,14.0,179.8
mpg,8.0,7,w48-16qam-r1/3,w48,19,2,1,data,ok,17,17,10.6,179.8
mpg,8.0,7,ack-1f,w,2,2,0,ctl,ok,0,0,9.7,179.8
mpg,8.0,7,w48-16qam-r1/3,w48,19,1,0,data,ok,18,18,11.5,179.8
mpg,8.0,7,ack-1f,w,2,2,0,ctl,ok,0,0,12.1,179.8
mpg,8.0,7,w48-16qam-r1/3,w48,19,1,0,data,ok,18,18,10.3,179.8
mpg,8.0,7,ack-1f,w,2,2,0,ctl,ok,0,0,13.2,179.8
mpg,8.0,7,w48-16qam-r1/3,w48,19,1,0,data,ctl_lost,18,6,6.0,179.8
mpg,8.0,7,ack-4f,w,3,3,0,ctl,ok,0,0,12.4,179.8
mpg,8.0,7,ack-4f,w,2,2,0,ctl,ok,0,0,7.7,179.8
mpg,8.0,7,w48-qpsk-r1/2,w48,19,1,0,data,ok,18,18,7.5,179.8
mpg,8.0,7,ack-1f,w,2,2,0,ctl,ok,0,0,-0.8,179.8
mpg,8.0,7,w48-qpsk-r1/2,w48,19,1,0,data,ok,18,12,5.6,179.8
mpg,8.0,7,ack-1f,w,4,4,0,ctl,ok,0,0,4.5,179.8
mpg,8.0,7,w48-qpsk-r1/2,w48,19,2,1,data,ok,11,11,12.2,179.8
mpg,8.0,7,ack-1f,w,2,2,0,ctl,ok,0,0,11.1,179.8
mpg,8.0,7,w48-qpsk-r1/2,w48,19,1,0,data,ok,18,18,6.8,179.8
mpg,8.0,7,ack-1f,w,2,2,0,ctl,ok,0,0,11.7,179.8
mpg,8.0,7,w48-qpsk-r1/2,w48,19,1,0,data,ok,18,18,11.6,179.8
mpg,8.0,7,ack-1f,w,2,2,0,ctl,ok,0,0,11.3,179.8
mpg,8.0,7,w48-qpsk-r1/2,w48,19,1,0,data,ok,18,18,9.4,179.8
mpg,8.0,7,ack-1f,w,3,3,0,ctl,ok,0,0,14.0,179.8
mpg,8.0,7,w48-16qam-r1/3,w48,19,2,1,data,ok,17,17,10.3,179.8
mpg,8.0,7,ack-1f,w,3,3,0,ctl,ok,0,0,11.8,179.8
mpg,8.0,7,w48-16qam-r1/3,w48,19,2,1,data,ok,17,17,12.7,179.8
mpg,8.0,7,ack-1f,w,2,2,0,ctl,ok,0,0,11.9,179.8
mpg,8.0,7,w48-16qam-r1/3,w48,19,1,0,data,ok,18,18,9.0,179.8
mpg,8.0,7,ack-1f,w,2,2,0,ctl,ok,0,0,10.6,179.8
mpg,8.0,7,w48-16qam-r1/3,w48,19,1,0,data,ok,18,18,9.5,179.8
mpg,8.0,7,ack-1f,w,3,3,0,ctl,ok,0,0,6.8,179.8
mpg,8.0,7,w48-16qam-r1/3,w48,19,2,1,data,ok,17,17,7.9,179.8
mpg,8.0,7,ack-1f,w,3,3,0,ctl,ok,0,0,12.1,179.8
mpg,8.0,7,w48-16qam-r1/3,w48,19,2,1,data,ok,17,17,8.4,179.8
mpg,8.0,7,ack-1f,w,3,3,0,ctl,ok,0,0,14.6,179.8
mpg,8.0,7,w48-16qam-r1/3,w48,19,2,1,data,ok,17,17,8.5,179.8
mpg,8.0,7,ack-1f,w,3,3,0,ctl,ok,0,0,11.9,179.8
mpg,8.0,7,w48-16qam-r1/3,w48,19,2,1,data,ok,17,17,10.7,179.8
mpg,8.0,7,ack-1f,w,2,2,0,ctl,ok,0,0,8.8,179.8
mpg,8.0,7,w48-16qam-r1/3,w48,19,1,0,data,ok,18,18,10.0,179.8
mpg,8.0,7,ack-1f,w,2,2,0,ctl,ok,0,0,11.1,179.8
mpg,8.0,7,w48-16qam-r1/3,w48,19,1,0,data,ok,18,18,10.4,179.8
mpg,8.0,7,ack-1f,w,2,2,0,ctl,ok,0,0,11.4,179.8
mpg,8.0,7,w48-16qam-r1/3,w48,19,1,0,data,ok,18,18,10.6,179.8
mpg,8.0,7,ack-1f,w,2,2,0,ctl,ok,0,0,4.9,179.8
mpg,8.0,7,w48-16qam-r1/3,w48,19,1,0,data,ok,18,18,13.2,179.8
mpg,8.0,7,ack-1f,w,2,2,0,ctl,ok,0,0,14.9,179.8
mpg,8.0,7,w48-16qam-r1/3,w48,19,1,0,data,ok,18,18,11.3,179.8
mpg,8.0,7,ack-1f,w,2,2,0,ctl,ok,0,0,10.9,179.8
mpg,8.0,7,w48-16qam-r1/3,w48,19,1,0,data,ok,18,18,7.7,179.8
mpg,8.0,7,ack-1f,w,2,2,0,ctl,ok,0,0,6.4,179.8
mpg,8.0,7,w48-16qam-r1/3,w48,19,1,0,data,ok,18,18,9.4,179.8
mpg,8.0,7,ack-1f,w,2,2,0,ctl,ok,0,0,14.8,179.8
mpg,8.0,7,w48-16qam-r1/3,w48,19,1,0,data,ok,18,18,9.2,179.8
mpg,8.0,7,ack-1f,w,2,2,0,ctl,ok,0,0,15.0,179.8
mpg,8.0,7,w48-16qam-r1/3,w48,19,1,0,data,ok,18,18,12.2,179.8
mpg,8.0,3,qpsk-r1/5,w,1,1,0,ctl,ok,0,0,12.8,164.9
mpg,8.0,3,qpsk-r1/5,w,1,1,0,ctl,ok,0,0,11.9,164.9
mpg,8.0,3,ack-4f,w,3,3,0,ctl,ok,0,0,6.1,164.9
mpg,8.0,3,ack-1f,w,2,2,0,ctl,ok,0,0,7.8,164.9
mpg,8.0,3,w48-qpsk-r1/2,w48,19,1,0,data,ok,18,18,8.2,164.9
mpg,8.0,3,ack-1f,w,2,2,0,ctl,ok,0,0,11.3,164.9
mpg,8.0,3,w48-qpsk-r1/2,w48,19,1,0,data,ok,18,18,11.1,164.9
mpg,8.0,3,ack-1f,w,2,2,0,ctl,ok,0,0,15.1,164.9
mpg,8.0,3,w48-16qam-r1/3,w48,19,1,0,data,ok,18,18,9.6,164.9
mpg,8.0,3,ack-1f,w,2,2,0,ctl,ok,0,0,7.9,164.9
mpg,8.0,3,w48-16qam-r1/3,w48,19,1,0,data,ok,18,18,10.6,164.9
mpg,8.0,3,ack-1f,w,2,2,0,ctl,ok,0,0,10.6,164.9
mpg,8.0,3,w48-16qam-r1/3,w48,19,1,0,data,ok,18,18,10.6,164.9
mpg,8.0,3,ack-1f,w,2,2,0,ctl,ok,0,0,10.5,164.9
mpg,8.0,3,w48-16qam-r1/3,w48,19,1,0,data,ok,18,18,9.6,164.9
mpg,8.0,3,ack-1f,w,2,2,0,ctl,ok,0,0,9.5,164.9
mpg,8.0,3,w48-16qam-r1/3,w48,19,1,0,data,ok,18,18,11.1,164.9
mpg,8.0,3,ack-1f,w,2,2,0,ctl,ok,0,0,7.2,164.9
mpg,8.0,3,w48-16qam-r1/3,w48,19,1,0,data,ok,18,18,8.5,164.9
mpg,8.0,3,ack-1f,w,2,2,0,ctl,ok,0,0,12.4,164.9
mpg,8.0,3,w48-16qam-r1/3,w48,19,1,0,data,ok,18,18,10.4,164.9
mpg,8.0,3,ack-1f,w,2,2,0,ctl,ok,0,0,9.1,164.9
mpg,8.0,3,w48-16qam-r1/3,w48,19,1,0,data,ok,18,18,8.8,164.9
mpg,8.0,3,ack-1f,w,3,3,0,ctl,ok,0,0,13.1,164.9
mpg,8.0,3,w48-16qam-r1/3,w48,19,2,1,data,ok,17,0,5.7,164.9
mpg,8.0,3,ack-1f,w,3,3,0,ctl,ok,0,0,9.5,164.9
mpg,8.0,3,w48-qpsk-r1/2,w48,19,2,1,data,ok,17,17,8.0,164.9
mpg,8.0,3,ack-1f,w,2,2,0,ctl,ok,0,0,6.1,164.9
mpg,8.0,3,w48-qpsk-r1/2,w48,19,1,0,data,ctl_lost,18,0,5.3,164.9
mpg,8.0,3,ack-4f,w,3,3,0,ctl,ok,0,0,14.2,164.9
mpg,8.0,3,ack-4f,w,3,3,0,ctl,ok,0,0,8.4,164.9
mpg,8.0,3,w48-16qam-r1/3,w48,19,2,1,data,ok,17,17,12.2,164.9
mpg,8.0,3,ack-1f,w,3,3,0,ctl,ok,0,0,7.5,164.9
mpg,8.0,3,w48-16qam-r1/2,w48,19,2,1,data,ok,17,17,11.8,164.9
mpg,8.0,3,ack-1f,w,3,3,0,ctl,ok,0,0,14.1,164.9
mpg,8.0,3,w48-16qam-r1/2,w48,19,2,1,data,ok,17,0,7.7,164.9
mpg,8.0,3,ack-1f,w,2,2,0,ctl,ok,0,0,11.7,164.9
mpg,8.0,3,w48-16qam-r1/3,w48,19,1,0,data,ok,18,18,11.3,164.9
mpg,8.0,3,ack-1f,w,2,2,0,ctl,ok,0,0,10.0,164.9
mpg,8.0,3,w48-16qam-r1/3,w48,19,1,0,data,ok,18,18,10.8,164.9
mpg,8.0,3,ack-1f,w,2,2,0,ctl,ok,0,0,16.5,164.9
mpg,8.0,3,w48-16qam-r1/3,w48,19,1,0,data,ok,18,18,10.7,164.9
mpg,8.0,3,ack-1f,w,2,2,0,ctl,ok,0,0,10.7,164.9
mpg,8.0,3,w48-16qam-r1/3,w48,19,1,0,data,ok,18,18,13.3,164.9
mpg,8.0,3,ack-1f,w,3,3,0,ctl,ok,0,0,14.0,164.9
mpg,8.0,3,w48-16qam-r1/2,w48,19,2,1,data,ok,17,17,10.9,164.9
mpg,8.0,3,ack-1f,w,3,3,0,ctl,ok,0,0,10.0,164.9
mpg,8.0,3,w48-16qam-r1/2,w48,19,2,1,data,ok,17,0,7.0,164.9
mpg,8.0,3,ack-1f,w,2,2,0,ctl,ok,0,0,13.9,164.9
mpg,8.0,3,w48-16qam-r1/3,w48,19,1,0,data,ok,18,18,10.5,164.9
mpg,8.0,3,ack-1f,w,2,2,0,ctl,ok,0,0,8.0,164.9
mpg,8.0,3,w48-16qam-r1/3,w48,19,1,0,data,ok,18,18,9.0,164.9
mpg,8.0,3,ack-1f,w,2,2,0,ctl,ok,0,0,9.6,164.9
mpg,8.0,3,w48-16qam-r1/3,w48,19,1,0,data,ok,18,18,7.8,164.9
mpg,8.0,3,ack-1f,w,2,2,0,ctl,ok,0,0,11.4,164.9
mpg,8.0,3,w48-16qam-r1/3,w48,19,1,0,data,ok,18,18,8.8,164.9
mpg,8.0,3,ack-1f,w,2,2,0,ctl,ok,0,0,6.6,164.9
mpg,8.0,3,w48-16qam-r1/3,w48,19,1,0,data,ctl_lost,18,8,6.5,164.9
mpg,8.0,3,ack-4f,w,2,2,0,ctl,ok,0,0,8.3,164.9
mpg,8.0,3,ack-4f,w,3,3,0,ctl,ok,0,0,8.1,164.9
mpg,8.0,3,w48-qpsk-r1/2,w48,19,2,1,data,ok,17,17,7.3,164.9
mpg,8.0,3,ack-1f,w,3,3,0,ctl,ok,0,0,4.5,164.9
mpg,8.0,3,w48-qpsk-r1/2,w48,19,2,1,data,ok,17,17,10.6,164.9
mpg,8.0,3,ack-1f,w,3,3,0,ctl,ok,0,0,13.0,164.9
mpg,8.0,3,w48-16qam-r1/3,w48,19,2,1,data,ok,17,17,10.1,164.9
mpg,8.0,3,ack-1f,w,2,2,0,ctl,ok,0,0,9.4,164.9
mpg,8.0,3,w48-16qam-r1/3,w48,19,1,0,data,ok,18,18,8.5,164.9
mpg,8.0,3,ack-1f,w,2,2,0,ctl,ok,0,0,10.3,164.9
mpg,8.0,3,w48-16qam-r1/3,w48,19,1,0,data,ok,18,18,10.3,164.9
mpg,8.0,3,ack-1f,w,2,2,0,ctl,ok,0,0,8.8,164.9
mpg,8.0,3,w48-16qam-r1/3,w48,19,1,0,data,ok,18,18,8.5,164.9
mpg,8.0,3,ack-1f,w,2,2,0,ctl,ok,0,0,14.9,164.9
mpg,8.0,3,w48-16qam-r1/3,w48,19,1,0,data,ok,18,16,7.3,164.9
mpg,8.0,3,ack-1f,w,4,4,0,ctl,ok,0,0,10.2,164.9
mpg,8.0,3,w48-16qam-r1/3,w48,19,2,1,data,ok,15,14,7.2,164.9
mpg,8.0,3,ack-1f,w,4,4,0,ctl,ok,0,0,15.1,164.9
mpg,8.0,3,w48-16qam-r1/3,w48,19,2,1,data,ok,16,16,13.8,164.9
mpg,8.0,3,ack-1f,w,2,2,0,ctl,ok,0,0,17.0,164.9
mpg,8.0,3,w48-16qam-r1/3,w48,19,1,0,data,ok,18,18,11.1,164.9
mpg,8.0,3,ack-1f,w,3,3,0,ctl,ok,0,0,12.6,164.9
mpg,8.0,3,w48-16qam-r1/2,w48,19,2,1,data,ok,17,17,10.5,164.9
mpg,8.0,3,ack-1f,w,2,2,0,ctl,ok,0,0,6.5,164.9
mpg,8.0,3,w48-16qam-r1/3,w48,19,1,0,data,ctl_lost,18,0,6.5,164.9
mpg,8.0,3,ack-4f,w,3,3,0,ctl,ok,0,0,13.7,164.9
mpg,8.0,3,ack-4f,w,3,3,0,ctl,ok,0,0,14.2,164.9
mpg,8.0,3,w48-16qam-r1/3,w48,19,2,1,data,ok,17,17,9.6,164.9
mpg,8.0,3,ack-1f,w,2,2,0,ctl,ok,0,0,7.3,164.9
mpg,8.0,3,w48-16qam-r1/3,w48,19,1,0,data,ok,18,18,8.3,164.9
mpg,8.0,3,ack-1f,w,2,2,0,ctl,ok,0,0,2.0,164.9
mpg,8.0,3,w48-16qam-r1/3,w48,19,1,0,data,ok,18,18,10.6,164.9
mpg,8.0,3,ack-1f,w,2,2,0,ctl,ok,0,0,11.8,164.9
mpg,8.0,3,w48-16qam-r1/3,w48,19,1,0,data,ctl_lost,18,10,7.0,164.9
mpg,8.0,3,ack-4f,w,3,3,0,ctl,ok,0,0,3.8,164.9
mpg,8.0,3,ack-4f,w,3,3,0,ctl,ok,0,0,8.1,164.9
mpp,-4.0,0,qpsk-r1/5,w,1,1,0,ctl,ok,0,0,1.2,22.5
mpp,-4.0,0,qpsk-r1/5,w,1,1,0,ctl,ok,0,0,-1.6,22.5
mpp,-4.0,0,ack-4f,w,3,3,0,ctl,ok,0,0,-3.8,22.5
mpp,-4.0,0,n10-ack-4f,n10,3,3,0,ctl,ok,0,0,-2.6,22.5
mpp,-4.0,0,qpsk-r1/5,w,9,2,1,data,ok,7,7,0.7,22.5
mpp,-4.0,0,ack-4f,w,3,3,0,ctl,ok,0,0,-1.9,22.5
mpp,-4.0,0,qpsk-r1/5,w,9,2,1,data,ok,7,7,-1.7,22.5
mpp,-4.0,0,n10-ack-4f,n10,2,2,0,ctl,ok,0,0,-6.9,22.5
mpp,-4.0,0,qpsk-r1/5,w,9,1,0,data,ok,8,8,-1.5,22.5
mpp,-4.0,0,ack-4f,w,3,3,0,ctl,ok,0,0,-2.9,22.5
mpp,-4.0,0,qpsk-r1/5,w,9,2,1,data,ok,7,7,0.9,22.5
mpp,-4.0,0,n10-ack-4f,n10,2,2,0,ctl,ok,0,0,-0.1,22.5
mpp,-4.0,0,qpsk-r1/5,w,9,1,0,data,ok,8,8,0.4,22.5
mpp,-4.0,0,ack-4f,w,2,2,0,ctl,ok,0,0,-5.1,22.5
mpp,-4.0,0,qpsk-r1/5,w,9,1,0,data,ok,8,8,-2.1,22.5
mpp,-4.0,0,ack-4f,w,2,2,0,ctl,ok,0,0,0.3,22.5
mpp,-4.0,0,qpsk-r1/5,w,9,1,0,data,ok,8,8,-0.8,22.5
mpp,-4.0,0,n10-ack-4f,n10,2,2,0,ctl,ok,0,0,-3.1,22.5
mpp,-4.0,0,qpsk-r1/5,w,9,1,0,data,ok,8,8,0.9,22.5
mpp,-4.0,0,ack-4f,w,2,2,0,ctl,ok,0,0,-0.4,22.5
mpp,-4.0,0,qpsk-r1/5,w,9,1,0,data,ok,8,8,-1.1,22.5
mpp,-4.0,0,ack-4f,w,2,2,0,ctl,ok,0,0,-2.7,22.5
mpp,-4.0,0,qpsk-r1/5,w,9,1,0,data,ok,8,8,-0.4,22.5
mpp,-4.0,0,ack-4f,w,2,2,0,ctl,ok,0,0,-2.0,22.5
mpp,-4.0,0,qpsk-r1/5,w,9,1,0,data,ok,8,8,-0.2,22.5
mpp,-4.0,0,n10-ack-4f,n10,2,2,0,ctl,ok,0,0,-5.1,22.5
mpp,-4.0,0,qpsk-r1/5,w,9,1,0,data,ok,8,8,-2.1,22.5
mpp,-4.0,0,ack-4f,w,2,2,0,ctl,ok,0,0,-2.6,22.5
mpp,-4.0,0,qpsk-r1/5,w,9,1,0,data,ctl_lost,8,0,-5.0,22.5
mpp,-4.0,0,ack-4f,w,3,3,0,ctl,ok,0,0,-3.0,22.5
mpp,-4.0,0,ack-4f,w,3,3,0,ctl,ok,0,0,-1.4,22.5
mpp,-4.0,0,qpsk-r1/5,w,9,2,1,data,ok,7,7,-1.6,22.5
mpp,-4.0,0,n10-ack-4f,n10,3,3,0,ctl,ok,0,0,-2.9,22.5
mpp,-4.0,0,qpsk-r1/5,w,9,2,1,data,ok,7,7,-0.6,22.5
mpp,-4.0,0,ack-4f,w,2,2,0,ctl,ok,0,0,-2.1,22.5
mpp,-4.0,0,qpsk-r1/5,w,9,1,0,data,ok,8,8,-0.5,22.5
mpp,-4.0,0,n10-ack-4f,n10,2,2,,ctl,missed,0,0,,22.5
mpp,-4.0,0,ack-4f,w,3,3,0,ctl,ok,0,0,-1.5,22.5
mpp,-4.0,0,ack-4f,w,3,3,0,ctl,ok,0,0,-4.7,22.5
mpp,-4.0,0,qpsk-r1/5,w,9,2,1,data,ok,7,7,-2.7,22.5
mpp,-4.0,0,n10-ack-4f,n10,3,3,0,ctl,ok,0,0,0.5,22.5
mpp,-4.0,0,qpsk-r1/5,w,9,2,1,data,ok,7,7,-0.7,22.5
mpp,-4.0,0,ack-4f,w,2,2,0,ctl,ok,0,0,-2.0,22.5
mpp,-4.0,0,qpsk-r1/5,w,9,1,0,data,ok,8,8,1.2,22.5
mpp,-4.0,0,ack-4f,w,2,2,0,ctl,ok,0,0,-3.2,22.5
mpp,-4.0,0,qpsk-r1/5,w,9,1,0,data,ok,8,8,-1.5,22.5
mpp,-4.0,0,n10-ack-4f,n10,2,2,0,ctl,ok,0,0,-5.2,22.5
mpp,-4.0,0,qpsk-r1/5,w,9,1,0,data,ok,8,8,-2.0,22.5
mpp,-4.0,0,ack-4f,w,2,2,0,ctl,ok,0,0,-2.3,22.5
mpp,-4.0,0,qpsk-r1/5,w,9,1,0,data,ok,8,8,-1.0,22.5
mpp,-4.0,0,n10-ack-4f,n10,2,2,0,ctl,ok,0,0,-0.5,22.5
mpp,-4.0,0,qpsk-r1/5,w,9,1,0,data,ok,8,8,0.1,22.5
mpp,-4.0,0,ack-4f,w,2,2,0,ctl,ok,0,0,-0.5,22.5
mpp,-4.0,0,qpsk-r1/5,w,9,1,,data,missed,0,0,,22.5
mpp,-4.0,0,ack-4f,w,3,3,0,ctl,ok,0,0,-1.7,22.5
mpp,-4.0,0,ack-4f,w,2,2,0,ctl,ok,0,0,0.7,22.5
mpp,-4.0,0,qpsk-r1/5,w,9,1,0,data,ok,8,8,-0.7,22.5
mpp,-4.0,0,ack-4f,w,2,2,0,ctl,ok,0,0,1.8,22.5
mpp,-4.0,0,qpsk-r1/5,w,9,1,0,data,ok,8,8,-1.9,22.5
mpp,-4.0,0,ack-4f,w,2,2,0,ctl,ok,0,0,-2.1,22.5
mpp,-4.0,0,qpsk-r1/5,w,9,1,0,data,ctl_lost,8,1,-2.0,22.5
mpp,-4.0,0,ack-4f,w,3,3,,ctl,missed,0,0,,22.5
mpp,-4.0,0,ack-4f,w,3,3,0,ctl,ok,0,0,-1.4,22.5
mpp,-4.0,0,ack-4f,w,3,3,0,ctl,ok,0,0,1.2,22.5
mpp,-4.0,0,qpsk-r1/5,w,9,2,1,data,ok,7,7,-0.3,22.5
mpp,-4.0,0,ack-4f,w,3,3,0,ctl,ok,0,0,2.6,22.5
mpp,-4.0,0,qpsk-r1/5,w,9,2,1,data,ok,7,7,0.1,22.5
mpp,-4.0,0,ack-4f,w,2,2,0,ctl,ok,0,0,-2.1,22.5
mpp,-4.0,0,qpsk-r1/5,w,9,1,0,data,ok,8,8,0.5,22.5
mpp,-4.0,0,ack-4f,w,2,2,0,ctl,ok,0,0,0.0,22.5
mpp,-4.0,0,qpsk-r1/5,w,9,1,0,data,ok,8,8,-2.1,22.5
mpp,-4.0,0,ack-4f,w,2,2,0,ctl,ok,0,0,-4.4,22.5
mpp,-4.0,0,qpsk-r1/5,w,9,1,0,data,ok,8,8,-1.0,22.5
mpp,-4.0,0,ack-4f,w,2,2,0,ctl,ok,0,0,-1.2,22.5
mpp,-4.0,0,qpsk-r1/5,w,9,1,0,data,ok,8,8,-1.5,22.5
mpp,-4.0,0,n10-ack-4f,n10,2,2,0,ctl,ok,0,0,4.6,22.5
mpp,-4.0,0,qpsk-r1/5,w,9,1,0,data,ok,8,8,0.1,22.5
mpp,-4.0,0,ack-4f,w,2,2,0,ctl,ok,0,0,1.4,22.5
mpp,-4.0,0,qpsk-r1/5,w,9,1,0,data,ok,8,8,-1.9,22.5
mpp,-4.0,0,ack-1f,w,2,2,0,ctl,ctl_lost,0,0,-5.8,22.5
mpp,-4.0,0,ack-4f,w,3,3,0,ctl,ok,0,0,0.3,22.5
mpp,-4.0,0,ack-4f,w,2,2,0,ctl,ok,0,0,-1.7,22.5
mpp,-4.0,0,qpsk-r1/5,w,9,1,0,data,ok,8,8,0.5,22.5
mpp,-4.0,0,n10-ack-4f,n10,2,2,0,ctl,ok,0,0,-3.8,22.5
mpp,-4.0,0,qpsk-r1/5,w,9,1,0,data,ok,8,8,0.0,22.5
mpp,-4.0,0,ack-4f,w,2,2,0,ctl,ok,0,0,-0.2,22.5
mpp,-4.0,0,qpsk-r1/5,w,9,1,0,data,ok,8,8,0.1,22.5
mpp,-4.0,0,ack-4f,w,2,2,0,ctl,ok,0,0,0.5,22.5
mpp,-4.0,0,qpsk-r1/5,w,9,1,0,data,ok,8,8,-0.0,22.5
mpp,-4.0,0,ack-4f,w,2,2,0,ctl,ok,0,0,-1.4,22.5
mpp,-4.0,0,qpsk-r1/5,w,9,1,0,data,ok,8,8,-0.5,22.5
mpp,-4.0,0,ack-4f,w,2,2,0,ctl,ok,0,0,-0.3,22.5
mpp,-4.0,0,qpsk-r1/5,w,9,1,0,data,ok,8,8,-0.1,22.5
mpp,-4.0,0,ack-4f,w,2,2,0,ctl,ok,0,0,-1.7,22.5
mpp,-4.0,0,qpsk-r1/5,w,9,1,0,data,ok,8,8,-1.7,22.5
mpg,8.0,8,qpsk-r1/5,w,1,1,0,ctl,ok,0,0,11.7,165.3
mpg,8.0,8,qpsk-r1/5,w,1,1,0,ctl,ok,0,0,10.6,165.3
mpg,8.0,8,ack-4f,w,2,2,0,ctl,ok,0,0,6.2,165.3
mpg,8.0,8,ack-1f,w,3,3,0,ctl,ok,0,0,11.9,165.3
mpg,8.0,8,w48-qpsk-r1/2,w48,19,2,1,data,ok,17,17,9.3,165.3
mpg,8.0,8,ack-1f,w,3,3,0,ctl,ok,0,0,0.9,165.3
mpg,8.0,8,w48-16qam-r1/3,w48,19,2,1,data,ok,17,17,7.6,165.3
mpg,8.0,8,ack-1f,w,3,3,0,ctl,ok,0,0,5.9,165.3
mpg,8.0,8,w48-16qam-r1/3,w48,19,2,1,data,ok,17,17,9.3,165.3
mpg,8.0,8,ack-1f,w,3,3,0,ctl,ok,0,0,15.9,165.3
mpg,8.0,8,w48-16qam-r1/3,w48,19,2,1,data,ok,17,17,14.1,165.3
mpg,8.0,8,ack-1f,w,2,2,0,ctl,ok,0,0,9.9,165.3
mpg,8.0,8,w48-16qam-r1/3,w48,19,1,0,data,ok,18,18,12.7,165.3
mpg,8.0,8,ack-1f,w,3,3,0,ctl,ok,0,0,13.5,165.3
mpg,8.0,8,w48-16qam-r1/2,w48,19,2,1,data,ok,17,17,11.6,165.3
mpg,8.0,8,ack-1f,w,3,3,0,ctl,ok,0,0,11.5,165.3
mpg,8.0,8,w48-16qam-r1/2,w48,19,2,1,data,ok,17,0,5.1,165.3
mpg,8.0,8,ack-1f,w,3,3,0,ctl,ok,0,0,11.5,165.3
mpg,8.0,8,w48-16qam-r1/3,w48,19,2,1,data,ok,17,17,11.3,165.3
mpg,8.0,8,ack-1f,w,3,3,0,ctl,ok,0,0,7.2,165.3
mpg,8.0,8,w48-16qam-r1/3,w48,19,2,1,data,ok,17,17,8.0,165.3
mpg,8.0,8,ack-1f,w,2,2,0,ctl,ok,0,0,8.3,165.3
mpg,8.0,8,w48-16qam-r1/3,w48,19,1,0,data,ok,18,18,10.9,165.3
mpg,8.0,8,ack-1f,w,2,2,0,ctl,ok,0,0,6.0,165.3
mpg,8.0,8,w48-16qam-r1/3,w48,19,1,0,data,ok,18,18,10.3,165.3
mpg,8.0,8,ack-1f,w,2,2,0,ctl,ok,0,0,13.7,165.3
mpg,8.0,8,w48-16qam-r1/3,w48,19,1,0,data,ok,18,18,9.8,165.3
mpg,8.0,8,ack-1f,w,2,2,0,ctl,ok,0,0,13.2,165.3
mpg,8.0,8,w48-16qam-r1/3,w48,19,1,0,data,ok,18,18,12.8,165.3
mpg,8.0,8,ack-1f,w,2,2,0,ctl,ok,0,0,17.3,165.3
mpg,8.0,8,w48-16qam-r1/3,w48,19,1,0,data,ok,18,18,11.2,165.3
mpg,8.0,8,ack-1f,w,3,3,0,ctl,ok,0,0,12.3,165.3
mpg,8.0,8,w48-16qam-r1/2,w48,19,2,1,data,ok,17,0,8.6,165.3
mpg,8.0,8,ack-1f,w,2,2,0,ctl,ok,0,0,12.5,165.3
mpg,8.0,8,w48-16qam-r1/3,w48,19,1,0,data,ctl_lost,18,0,5.6,165.3
mpg,8.0,8,ack-4f,w,3,3,0,ctl,ok,0,0,4.3,165.3
mpg,8.0,8,ack-4f,w,2,2,0,ctl,ok,0,0,11.7,165.3
mpg,8.0,8,qpsk-r1/2,w,9,1,0,data,ok,8,8,10.0,165.3
mpg,8.0,8,ack-1f,w,3,3,0,ctl,ok,0,0,13.9,165.3
mpg,8.0,8,w48-qpsk-r1/2,w48,19,2,1,data,ok,17,17,11.1,165.3
mpg,8.0,8,ack-1f,w,2,2,0,ctl,ok,0,0,5.3,165.3
mpg,8.0,8,w48-16qam-r1/3,w48,19,1,0,data,ok,18,18,13.0,165.3
mpg,8.0,8,ack-1f,w,2,2,0,ctl,ok,0,0,14.6,165.3
mpg,8.0,8,w48-16qam-r1/3,w48,19,1,0,data,ok,18,18,9.6,165.3
mpg,8.0,8,ack-1f,w,2,2,0,ctl,ok,0,0,13.4,165.3
mpg,8.0,8,w48-16qam-r1/3,w48,19,1,0,data,ok,18,18,11.8,165.3
mpg,8.0,8,ack-1f,w,2,2,0,ctl,ok,0,0,13.3,165.3
mpg,8.0,8,w48-16qam-r1/3,w48,19,1,0,data,ok,18,18,10.9,165.3
mpg,8.0,8,ack-1f,w,2,2,0,ctl,ok,0,0,10.4,165.3
mpg,8.0,8,w48-16qam-r1/3,w48,19,1,0,data,ok,18,18,8.8,165.3
mpg,8.0,8,ack-1f,w,2,2,0,ctl,ok,0,0,13.1,165.3
mpg,8.0,8,w48-16qam-r1/3,w48,19,1,0,data,ok,18,18,11.2,165.3
mpg,8.0,8,ack-1f,w,2,2,0,ctl,ok,0,0,9.0,165.3
mpg,8.0,8,w48-16qam-r1/3,w48,19,1,0,data,ok,18,16,8.1,165.3
mpg,8.0,8,ack-1f,w,4,4,0,ctl,ok,0,0,7.5,165.3
mpg,8.0,8,w48-16qam-r1/3,w48,19,2,1,data,ok,15,15,9.1,165.3
mpg,8.0,8,ack-1f,w,3,3,0,ctl,ok,0,0,11.4,165.3
mpg,8.0,8,w48-16qam-r1/3,w48,19,2,1,data,ok,17,17,9.6,165.3
mpg,8.0,8,ack-1f,w,2,2,0,ctl,ok,0,0,12.4,165.3
mpg,8.0,8,w48-16qam-r1/3,w48,19,1,0,data,ok,18,18,8.4,165.3
mpg,8.0,8,ack-1f,w,2,2,0,ctl,ok,0,0,7.9,165.3
mpg,8.0,8,w48-16qam-r1/3,w48,19,1,0,data,ok,18,18,9.0,165.3
mpg,8.0,8,ack-1f,w,2,2,0,ctl,ok,0,0,10.4,165.3
mpg,8.0,8,w48-16qam-r1/3,w48,19,1,0,data,ok,18,18,7.4,165.3
mpg,8.0,8,ack-1f,w,3,3,0,ctl,ok,0,0,9.5,165.3
mpg,8.0,8,w48-16qam-r1/3,w48,19,2,1,data,ok,17,17,11.2,165.3
mpg,8.0,8,ack-1f,w,2,2,0,ctl,ok,0,0,14.8,165.3
mpg,8.0,8,w48-16qam-r1/3,w48,19,1,0,data,ok,18,18,9.9,165.3
mpg,8.0,8,ack-1f,w,2,2,0,ctl,ok,0,0,9.8,165.3
mpg,8.0,8,w48-16qam-r1/3,w48,19,1,0,data,ok,18,18,10.2,165.3
mpg,8.0,8,ack-1f,w,2,2,0,ctl,ok,0,0,13.0,165.3
mpg,8.0,8,w48-16qam-r1/3,w48,19,1,0,data,ctl_lost,18,0,5.1,165.3
mpg,8.0,8,ack-4f,w,2,2,0,ctl,ok,0,0,8.2,165.3
mpg,8.0,8,ack-4f,w,3,3,0,ctl,ok,0,0,3.1,165.3
mpg,8.0,8,w48-qpsk-r1/2,w48,19,2,1,data,ok,17,17,9.2,165.3
mpg,8.0,8,ack-1f,w,3,3,0,ctl,ok,0,0,9.6,165.3
mpg,8.0,8,w48-16qam-r1/3,w48,19,2,1,data,ok,17,17,10.9,165.3
mpg,8.0,8,ack-1f,w,2,2,0,ctl,ok,0,0,8.9,165.3
mpg,8.0,8,w48-16qam-r1/3,w48,19,1,0,data,ok,18,18,10.4,165.3
mpg,8.0,8,ack-1f,w,2,2,0,ctl,ok,0,0,8.3,165.3
mpg,8.0,8,w48-16qam-r1/3,w48,19,1,0,data,ctl_lost,18,6,7.2,165.3
mpg,8.0,8,ack-4f,w,2,2,0,ctl,ok,0,0,6.8,165.3
mpg,8.0,8,ack-4f,w,3,3,0,ctl,ok,0,0,6.3,165.3
mpg,8.0,8,w48-qpsk-r1/2,w48,19,2,1,data,ok,17,17,10.4,165.3
mpg,8.0,8,ack-1f,w,2,2,0,ctl,ok,0,0,10.5,165.3
mpg,8.0,8,w48-qpsk-r1/2,w48,19,1,0,data,ok,18,18,10.0,165.3
mpg,8.0,8,ack-1f,w,3,3,0,ctl,ok,0,0,13.3,165.3
mpg,8.0,8,w48-16qam-r1/3,w48,19,2,1,data,ok,17,17,10.3,165.3
mpg,8.0,8,ack-1f,w,3,3,0,ctl,ok,0,0,14.2,165.3
mpg,8.0,8,w48-16qam-r1/3,w48,19,2,1,data,ok,17,17,9.0,165.3
mpg,8.0,8,ack-1f,w,3,3,0,ctl,ok,0,0,12.5,165.3
mpg,8.0,8,w48-16qam-r1/3,w48,19,2,1,data,ok,17,17,8.7,165.3
mpg,8.0,8,ack-1f,w,3,3,0,ctl,ok,0,0,12.2,165.3
mpg,8.0,8,w48-16qam-r1/3,w48,19,2,1,data,ok,17,17,11.3,165.3
mpp,-4.0,1,qpsk-r1/5,w,1,1,0,ctl,ok,0,0,1.0,20.8
mpp,-4.0,1,qpsk-r1/5,w,1,1,0,ctl,ok,0,0,-0.4,20.8
mpp,-4.0,1,ack-4f,w,3,3,0,ctl,ok,0,0,-2.2,20.8
mpp,-4.0,1,n10-ack-4f,n10,3,3,0,ctl,ctl_lost,0,0,-8.3,20.8
mpp,-4.0,1,ack-4f,w,3,3,0,ctl,ok,0,0,-0.8,20.8
mpp,-4.0,1,ack-4f,w,3,3,0,ctl,ok,0,0,-4.9,20.8
mpp,-4.0,1,qpsk-r1/5,w,9,2,1,data,ok,7,7,-1.6,20.8
mpp,-4.0,1,n4-ack-8f,n4,3,3,0,ctl,ok,0,0,1.2,20.8
mpp,-4.0,1,qpsk-r1/5,w,9,2,1,data,ok,7,7,-1.0,20.8
mpp,-4.0,1,ack-4f,w,3,3,0,ctl,ok,0,0,-0.3,20.8
mpp,-4.0,1,qpsk-r1/5,w,9,2,1,data,ok,7,1,-2.1,20.8
mpp,-4.0,1,ack-4f,w,3,3,0,ctl,ok,0,0,0.4,20.8
mpp,-4.0,1,qpsk-r1/5,w,9,2,1,data,ok,2,2,-1.3,20.8
mpp,-4.0,1,ack-4f,w,3,3,0,ctl,ok,0,0,-2.5,20.8
mpp,-4.0,1,qpsk-r1/5,w,9,2,1,data,ok,7,7,-0.5,20.8
mpp,-4.0,1,ack-4f,w,2,2,0,ctl,ctl_lost,0,0,-9.4,20.8
mpp,-4.0,1,ack-4f,w,3,3,0,ctl,ok,0,0,0.2,20.8
mpp,-4.0,1,ack-4f,w,2,2,,ctl,missed,0,0,,20.8
mpp,-4.0,1,ack-4f,w,3,3,0,ctl,ok,0,0,-3.0,20.8
mpp,-4.0,1,ack-4f,w,3,3,0,ctl,ok,0,0,-0.1,20.8
mpp,-4.0,1,qpsk-r1/5,w,9,2,1,data,ok,7,7,-2.0,20.8
mpp,-4.0,1,n4-ack-8f,n4,3,3,0,ctl,ok,0,0,-4.3,20.8
mpp,-4.0,1,qpsk-r1/5,w,9,2,1,data,ok,7,7,-0.7,20.8
mpp,-4.0,1,ack-4f,w,2,2,0,ctl,ok,0,0,2.0,20.8
mpp,-4.0,1,qpsk-r1/5,w,9,1,0,data,ok,8,8,-0.7,20.8
mpp,-4.0,1,ack-4f,w,2,2,0,ctl,ok,0,0,-5.1,20.8
mpp,-4.0,1,qpsk-r1/5,w,9,1,0,data,ok,8,8,-0.9,20.8
mpp,-4.0,1,ack-4f,w,2,2,0,ctl,ok,0,0,-0.6,20.8
mpp,-4.0,1,qpsk-r1/5,w,9,1,0,data,ok,8,8,-0.5,20.8
mpp,-4.0,1,n4-ack-8f,n4,2,2,0,ctl,ok,0,0,-2.6,20.8
mpp,-4.0,1,qpsk-r1/5,w,9,1,0,data,ok,8,8,0.1,20.8
mpp,-4.0,1,ack-4f,w,2,2,0,ctl,ok,0,0,-5.9,20.8
mpp,-4.0,1,qpsk-r1/5,w,9,1,0,data,ok,8,8,-0.3,20.8
mpp,-4.0,1,n4-ack-8f,n4,2,2,0,ctl,ok,0,0,-3.1,20.8
mpp,-4.0,1,qpsk-r1/5,w,9,1,0,data,ok,8,8,0.1,20.8
mpp,-4.0,1,n4-ack-8f,n4,2,2,0,ctl,ok,0,0,-1.1,20.8
mpp,-4.0,1,qpsk-r1/5,w,9,1,0,data,ok,8,8,0.3,20.8
mpp,-4.0,1,ack-1f,w,2,2,0,ctl,ctl_lost,0,0,-3.6,20.8
mpp,-4.0,1,ack-4f,w,3,3,0,ctl,ok,0,0,-0.2,20.8
mpp,-4.0,1,ack-4f,w,2,2,0,ctl,ok,0,0,0.2,20.8
mpp,-4.0,1,qpsk-r1/5,w,9,1,0,data,ok,8,8,-0.4,20.8
mpp,-4.0,1,ack-4f,w,2,2,0,ctl,ok,0,0,3.2,20.8
mpp,-4.0,1,qpsk-r1/5,w,9,1,0,data,ok,8,8,-2.0,20.8
mpp,-4.0,1,ack-4f,w,2,2,0,ctl,ok,0,0,-3.7,20.8
mpp,-4.0,1,qpsk-r1/5,w,9,1,0,data,ctl_lost,8,0,-4.1,20.8
mpp,-4.0,1,ack-4f,w,3,3,0,ctl,ok,0,0,1.1,20.8
mpp,-4.0,1,ack-4f,w,3,3,0,ctl,ok,0,0,-2.6,20.8
mpp,-4.0,1,qpsk-r1/5,w,9,2,1,data,ok,7,0,-2.3,20.8
mpp,-4.0,1,n4-ack-8f,n4,3,3,0,ctl,ok,0,0,-0.8,20.8
mpp,-4.0,1,qpsk-r1/5,w,9,1,0,data,ok,2,2,0.2,20.8
mpp,-4.0,1,ack-4f,w,2,2,,ctl,missed,0,0,,20.8
mpp,-4.0,1,ack-4f,w,3,3,0,ctl,ok,0,0,0.4,20.8
mpp,-4.0,1,ack-4f,w,2,2,0,ctl,ok,0,0,1.2,20.8
mpp,-4.0,1,qpsk-r1/5,w,9,1,0,data,ok,8,8,-0.8,20.8
mpp,-4.0,1,ack-4f,w,2,2,0,ctl,ok,0,0,-0.9,20.8
mpp,-4.0,1,qpsk-r1/5,w,9,1,0,data,ok,8,8,-0.7,20.8
mpp,-4.0,1,ack-4f,w,2,2,0,ctl,ok,0,0,0.2,20.8
mpp,-4.0,1,qpsk-r1/5,w,9,1,0,data,ok,8,8,0.1,20.8
mpp,-4.0,1,ack-4f,w,2,2,0,ctl,ok,0,0,-1.7,20.8
mpp,-4.0,1,qpsk-r1/5,w,9,1,0,data,ctl_lost,8,0,-2.4,20.8
mpp,-4.0,1,ack-4f,w,3,3,0,ctl,ok,0,0,-0.1,20.8
mpp,-4.0,1,ack-4f,w,3,3,0,ctl,ok,0,0,-2.3,20.8
mpp,-4.0,1,qpsk-r1/5,w,9,2,1,data,ok,7,7,-2.2,20.8
mpp,-4.0,1,ack-4f,w,3,3,0,ctl,ok,0,0,-0.9,20.8
mpp,-4.0,1,qpsk-r1/5,w,9,2,1,data,ok,7,7,-0.8,20.8
mpp,-4.0,1,ack-4f,w,3,3,0,ctl,ok,0,0,-1.3,20.8
mpp,-4.0,1,qpsk-r1/5,w,9,2,1,data,ok,7,7,-0.5,20.8
mpp,-4.0,1,ack-4f,w,2,2,0,ctl,ok,0,0,-5.5,20.8
mpp,-4.0,1,qpsk-r1/5,w,9,1,0,data,ok,8,8,-1.6,20.8
mpp,-4.0,1,n4-ack-8f,n4,2,2,,ctl,missed,0,0,,20.8
mpp,-4.0,1,ack-4f,w,3,3,0,ctl,ok,0,0,0.3,20.8
mpp,-4.0,1,ack-4f,w,2,2,0,ctl,ok,0,0,-0.4,20.8
mpp,-4.0,1,qpsk-r1/5,w,9,1,0,data,ok,8,8,-1.6,20.8
mpp,-4.0,1,ack-4f,w,2,2,0,ctl,ok,0,0,-1.0,20.8
mpp,-4.0,1,qpsk-r1/5,w,9,1,0,data,ok,8,8,0.1,20.8
mpp,-4.0,1,ack-4f,w,2,2,0,ctl,ok,0,0,-1.2,20.8
mpp,-4.0,1,qpsk-r1/5,w,9,1,0,data,ok,8,8,-0.6,20.8
mpp,-4.0,1,ack-4f,w,2,2,0,ctl,ok,0,0,-0.2,20.8
mpp,-4.0,1,qpsk-r1/5,w,9,1,0,data,ok,8,8,-0.7,20.8
mpp,-4.0,1,ack-4f,w,2,2,0,ctl,ok,0,0,-0.4,20.8
mpp,-4.0,1,qpsk-r1/5,w,9,1,0,data,ok,8,8,-0.4,20.8
mpp,-4.0,1,ack-4f,w,2,2,0,ctl,ok,0,0,-2.4,20.8
mpp,-4.0,1,qpsk-r1/5,w,9,1,0,data,ok,8,8,-0.2,20.8
mpp,-4.0,1,ack-4f,w,2,2,0,ctl,ok,0,0,0.1,20.8
mpp,-4.0,1,qpsk-r1/5,w,9,1,0,data,ok,8,8,-1.5,20.8
mpp,-4.0,1,ack-4f,w,2,2,0,ctl,ok,0,0,1.0,20.8
mpp,-4.0,1,qpsk-r1/5,w,9,1,0,data,ok,8,8,-0.8,20.8
mpp,-4.0,1,ack-4f,w,2,2,0,ctl,ok,0,0,-2.9,20.8
mpp,-4.0,1,qpsk-r1/5,w,9,1,0,data,ok,8,8,-0.9,20.8
mpp,-4.0,1,ack-4f,w,2,2,0,ctl,ok,0,0,-2.5,20.8
mpp,-4.0,1,qpsk-r1/5,w,9,1,0,data,ok,8,8,-1.7,20.8
mpp,-4.0,1,ack-4f,w,2,2,0,ctl,ok,0,0,-1.1,20.8
mpp,-4.0,1,qpsk-r1/5,w,9,1,0,data,ok,8,8,-2.4,20.8
mpp,-4.0,1,ack-4f,w,2,2,0,ctl,ctl_lost,0,0,-4.8,20.8
mpp,-4.0,1,ack-4f,w,3,3,0,ctl,ok,0,0,-0.1,20.8
mpp,-4.0,1,ack-4f,w,2,2,0,ctl,ok,0,0,-0.3,20.8
mpp,-4.0,1,qpsk-r1/5,w,9,1,0,data,ok,8,8,-1.9,20.8
mpp,-4.0,1,n4-ack-8f,n4,2,2,,ctl,missed,0,0,,20.8
mpp,-4.0,3,qpsk-r1/5,w,1,1,0,ctl,ok,0,0,-2.5,25.1
mpp,-4.0,3,qpsk-r1/5,w,1,1,0,ctl,ok,0,0,-1.8,25.1
mpp,-4.0,3,ack-4f,w,3,3,0,ctl,ok,0,0,0.3,25.1
mpp,-4.0,3,n10-ack-4f,n10,3,3,0,ctl,ok,0,0,-3.9,25.1
mpp,-4.0,3,qpsk-r1/5,w,9,2,1,data,ok,7,7,-1.4,25.1
mpp,-4.0,3,ack-4f,w,3,3,0,ctl,ok,0,0,-2.2,25.1
mpp,-4.0,3,qpsk-r1/5,w,9,2,1,data,ok,7,7,-1.0,25.1
mpp,-4.0,3,n10-ack-4f,n10,3,3,0,ctl,ok,0,0,-4.3,25.1
mpp,-4.0,3,qpsk-r1/5,w,9,2,1,data,ok,7,5,-2.5,25.1
mpp,-4.0,3,ack-4f,w,3,3,0,ctl,ok,0,0,-3.5,25.1
mpp,-4.0,3,qpsk-r1/5,w,9,2,1,data,ok,5,5,-0.8,25.1
mpp,-4.0,3,n10-ack-4f,n10,3,3,0,ctl,ok,0,0,1.1,25.1
mpp,-4.0,3,qpsk-r1/5,w,9,2,1,data,ok,7,7,0.6,25.1
mpp,-4.0,3,ack-4f,w,2,2,0,ctl,ok,0,0,3.0,25.1
mpp,-4.0,3,qpsk-r1/5,w,9,1,0,data,ok,8,8,-0.1,25.1
mpp,-4.0,3,ack-1f,w,2,2,0,ctl,ok,0,0,4.2,25.1
mpp,-4.0,3,qpsk-r1/5,w,9,1,0,data,ok,8,8,-0.4,25.1
mpp,-4.0,3,ack-1f,w,2,2,0,ctl,ok,0,0,-1.4,25.1
mpp,-4.0,3,qpsk-r1/5,w,9,1,0,data,ok,8,8,-0.6,25.1
mpp,-4.0,3,ack-1f,w,2,2,0,ctl,ctl_lost,0,0,0.9,25.1
mpp,-4.0,3,ack-4f,w,3,3,0,ctl,ok,0,0,-0.5,25.1
mpp,-4.0,3,ack-4f,w,2,2,0,ctl,ok,0,0,0.1,25.1
mpp,-4.0,3,qpsk-r1/5,w,9,1,0,data,ok,8,8,-2.0,25.1
mpp,-4.0,3,ack-4f,w,3,3,0,ctl,ok,0,0,-0.3,25.1
mpp,-4.0,3,qpsk-r1/5,w,9,2,1,data,ok,7,7,-1.3,25.1
mpp,-4.0,3,ack-4f,w,2,2,0,ctl,ok,0,0,-1.0,25.1
mpp,-4.0,3,qpsk-r1/5,w,9,1,0,data,ok,8,8,0.1,25.1
mpp,-4.0,3,ack-4f,w,2,2,0,ctl,ok,0,0,-0.5,25.1
mpp,-4.0,3,qpsk-r1/5,w,9,1,0,data,ok,8,8,-0.3,25.1
mpp,-4.0,3,ack-4f,w,2,2,0,ctl,ok,0,0,-0.4,25.1
mpp,-4.0,3,qpsk-r1/5,w,9,1,0,data,ok,8,8,-0.9,25.1
mpp,-4.0,3,ack-4f,w,2,2,0,ctl,ok,0,0,-2.0,25.1
mpp,-4.0,3,qpsk-r1/5,w,9,1,0,data,ok,8,8,-0.7,25.1
mpp,-4.0,3,ack-4f,w,2,2,0,ctl,ok,0,0,-3.7,25.1
mpp,-4.0,3,qpsk-r1/5,w,9,1,0,data,ok,8,8,0.0,25.1
mpp,-4.0,3,ack-4f,w,2,2,0,ctl,ok,0,0,3.9,25.1
mpp,-4.0,3,qpsk-r1/5,w,9,1,0,data,ok,8,8,-0.9,25.1
mpp,-4.0,3,ack-4f,w,2,2,0,ctl,ok,0,0,-0.8,25.1
mpp,-4.0,3,qpsk-r1/5,w,9,1,0,data,ok,8,6,-3.2,25.1
mpp,-4.0,3,ack-4f,w,3,3,,ctl,missed,0,0,,25.1
mpp,-4.0,3,ack-4f,w,3,3,0,ctl,ok,0,0,-0.6,25.1
mpp,-4.0,3,ack-4f,w,3,3,0,ctl,ok,0,0,-2.3,25.1
mpp,-4.0,3,qpsk-r1/5,w,9,2,1,data,ok,7,7,-0.8,25.1
mpp,-4.0,3,ack-4f,w,2,2,0,ctl,ok,0,0,-4.5,25.1
mpp,-4.0,3,qpsk-r1/5,w,9,1,0,data,ok,8,8,-1.4,25.1
mpp,-4.0,3,n10-ack-4f,n10,2,2,0,ctl,ok,0,0,1.9,25.1
mpp,-4.0,3,qpsk-r1/5,w,9,1,0,data,ok,8,8,-0.7,25.1
mpp,-4.0,3,ack-4f,w,2,2,0,ctl,ok,0,0,-1.6,25.1
mpp,-4.0,3,qpsk-r1/5,w,9,1,0,data,ok,8,8,-1.6,25.1
mpp,-4.0,3,ack-4f,w,2,2,0,ctl,ok,0,0,-3.5,25.1
mpp,-4.0,3,qpsk-r1/5,w,9,1,0,data,ok,8,8,-0.4,25.1
mpp,-4.0,3,ack-4f,w,2,2,0,ctl,ok,0,0,-5.9,25.1
mpp,-4.0,3,qpsk-r1/5,w,9,1,0,data,ok,8,8,-1.1,25.1
mpp,-4.0,3,n10-ack-4f,n10,2,2,0,ctl,ok,0,0,-4.2,25.1
mpp,-4.0,3,qpsk-r1/5,w,9,1,0,data,ok,8,8,-0.9,25.1
mpp,-4.0,3,ack-4f,w,2,2,0,ctl,ok,0,0,0.3,25.1
mpp,-4.0,3,qpsk-r1/5,w,9,1,0,data,ok,8,8,-0.8,25.1
mpp,-4.0,3,ack-4f,w,2,2,0,ctl,ok,0,0,-1.2,25.1
mpp,-4.0,3,qpsk-r1/5,w,9,1,0,data,ok,8,8,-1.0,25.1
mpp,-4.0,3,ack-4f,w,2,2,0,ctl,ok,0,0,-1.0,25.1
mpp,-4.0,3,qpsk-r1/5,w,9,1,0,data,ok,8,8,-1.3,25.1
mpp,-4.0,3,ack-4f,w,2,2,0,ctl,ok,0,0,2.7,25.1
mpp,-4.0,3,qpsk-r1/5,w,9,1,0,data,ok,8,8,-1.9,25.1
mpp,-4.0,3,ack-4f,w,2,2,0,ctl,ok,0,0,-0.8,25.1
mpp,-4.0,3,qpsk-r1/5,w,9,1,0,data,ok,8,8,-0.6,25.1
mpp,-4.0,3,ack-4f,w,2,2,0,ctl,ok,0,0,1.5,25.1
mpp,-4.0,3,qpsk-r1/5,w,9,1,0,data,ok,8,8,1.0,25.1
mpp,-4.0,3,ack-4f,w,2,2,0,ctl,ok,0,0,-3.1,25.1
mpp,-4.0,3,qpsk-r1/5,w,9,1,0,data,ok,8,8,-1.2,25.1
mpp,-4.0,3,ack-4f,w,2,2,0,ctl,ok,0,0,0.4,25.1
mpp,-4.0,3,qpsk-r1/5,w,9,1,0,data,ok,8,8,-0.9,25.1
mpp,-4.0,3,ack-4f,w,2,2,0,ctl,ok,0,0,-5.9,25.1
mpp,-4.0,3,qpsk-r1/5,w,9,1,0,data,ok,8,8,-0.1,25.1
mpp,-4.0,3,ack-4f,w,2,2,0,ctl,ok,0,0,-4.0,25.1
mpp,-4.0,3,qpsk-r1/5,w,9,1,0,data,ok,8,8,-1.2,25.1
mpp,-4.0,3,n10-ack-4f,n10,2,2,0,ctl,ok,0,0,0.2,25.1
mpp,-4.0,3,qpsk-r1/5,w,9,1,0,data,ok,8,8,-1.0,25.1
mpp,-4.0,3,ack-4f,w,2,2,0,ctl,ok,0,0,-4.5,25.1
mpp,-4.0,3,qpsk-r1/5,w,9,1,0,data,ok,8,8,0.9,25.1
mpp,-4.0,3,ack-4f,w,2,2,0,ctl,ok,0,0,-3.6,25.1
mpp,-4.0,3,qpsk-r1/5,w,9,1,0,data,ok,8,8,-0.1,25.1
mpp,-4.0,3,n10-ack-4f,n10,2,2,0,ctl,ok,0,0,-1.7,25.1
mpp,-4.0,3,qpsk-r1/5,w,9,1,0,data,ok,8,8,-0.5,25.1
mpp,-4.0,3,ack-4f,w,2,2,0,ctl,ok,0,0,0.8,25.1
mpp,-4.0,3,qpsk-r1/5,w,9,1,0,data,ok,8,8,-0.8,25.1
mpp,-4.0,3,ack-4f,w,2,2,0,ctl,ok,0,0,-2.3,25.1
mpp,-4.0,3,qpsk-r1/5,w,9,1,0,data,ok,8,8,0.8,25.1
mpp,-4.0,3,ack-4f,w,2,2,0,ctl,ok,0,0,-2.1,25.1
mpp,-4.0,3,qpsk-r1/5,w,9,1,0,data,ok,8,8,-1.1,25.1
mpp,-4.0,3,ack-4f,w,2,2,0,ctl,ok,0,0,-1.9,25.1
mpp,-4.0,3,qpsk-r1/5,w,9,1,0,data,ok,8,8,-0.2,25.1
mpp,-4.0,3,ack-4f,w,2,2,0,ctl,ok,0,0,-5.2,25.1
mpp,-4.0,3,qpsk-r1/5,w,9,1,0,data,ok,8,8,-0.7,25.1
mpp,-4.0,3,ack-4f,w,2,2,0,ctl,ok,0,0,-0.2,25.1
mpg,8.0,9,qpsk-r1/5,w,1,1,0,ctl,ok,0,0,15.4,133.4
mpg,8.0,9,qpsk-r1/5,w,1,1,0,ctl,ok,0,0,15.8,133.4
mpg,8.0,9,ack-4f,w,3,3,0,ctl,ok,0,0,12.5,133.4
mpg,8.0,9,ack-1f,w,2,2,0,ctl,ok,0,0,7.7,133.4
mpg,8.0,9,w48-qpsk-r3/4,w48,19,1,0,data,ctl_lost,18,0,8.2,133.4
mpg,8.0,9,ack-4f,w,3,3,0,ctl,ok,0,0,8.0,133.4
mpg,8.0,9,ack-4f,w,2,2,0,ctl,ok,0,0,3.6,133.4
mpg,8.0,9,w48-qpsk-r1/2,w48,19,1,0,data,ok,18,18,9.4,133.4
mpg,8.0,9,ack-1f,w,3,3,0,ctl,ok,0,0,9.7,133.4
mpg,8.0,9,w48-16qam-r1/3,w48,19,2,1,data,ok,17,17,9.9,133.4
mpg,8.0,9,ack-1f,w,2,2,0,ctl,ok,0,0,10.0,133.4
mpg,8.0,9,w48-16qam-r1/3,w48,19,1,0,data,ok,18,18,9.2,133.4
mpg,8.0,9,ack-1f,w,2,2,0,ctl,ok,0,0,13.4,133.4
mpg,8.0,9,w48-16qam-r1/3,w48,19,1,0,data,ok,18,18,10.6,133.4
mpg,8.0,9,ack-1f,w,2,2,0,ctl,ok,0,0,4.2,133.4
mpg,8.0,9,w48-16qam-r1/3,w48,19,1,0,data,ctl_lost,18,0,3.4,133.4
mpg,8.0,9,ack-4f,w,3,3,0,ctl,ok,0,0,16.3,133.4
mpg,8.0,9,ack-4f,w,3,3,0,ctl,ok,0,0,14.6,133.4
mpg,8.0,9,w48-qpsk-r1/2,w48,19,2,1,data,ok,17,17,12.2,133.4
mpg,8.0,9,ack-1f,w,3,3,0,ctl,ok,0,0,12.6,133.4
mpg,8.0,9,w48-16qam-r1/2,w48,19,2,1,data,ok,17,0,8.7,133.4
mpg,8.0,9,ack-1f,w,3,3,0,ctl,ok,0,0,12.6,133.4
mpg,8.0,9,w48-16qam-r1/3,w48,19,2,1,data,ok,17,17,8.6,133.4
mpg,8.0,9,ack-1f,w,3,3,0,ctl,ok,0,0,11.4,133.4
mpg,8.0,9,w48-16qam-r1/3,w48,19,2,1,data,ok,17,0,4.4,133.4
mpg,8.0,9,ack-1f,w,3,3,0,ctl,ok,0,0,4.5,133.4
mpg,8.0,9,w48-qpsk-r1/2,w48,19,2,1,data,ok,17,17,10.3,133.4
mpg,8.0,9,ack-1f,w,2,2,0,ctl,ok,0,0,11.6,133.4
mpg,8.0,9,w48-qpsk-r1/2,w48,19,1,0,data,ok,18,18,9.0,133.4
mpg,8.0,9,ack-1f,w,2,2,0,ctl,ok,0,0,13.4,133.4
mpg,8.0,9,w48-qpsk-r1/2,w48,19,1,0,data,ok,18,18,9.6,133.4
mpg,8.0,9,ack-1f,w,3,3,0,ctl,ok,0,0,9.4,133.4
mpg,8.0,9,w48-16qam-r1/3,w48,19,2,1,data,ok,17,16,7.2,133.4
mpg,8.0,9,ack-1f,w,3,3,0,ctl,ok,0,0,8.5,133.4
mpg,8.0,9,w48-16qam-r1/3,w48,19,2,1,data,ctl_lost,16,0,0.6,133.4
mpg,8.0,9,ack-4f,w,3,3,0,ctl,ok,0,0,14.2,133.4
mpg,8.0,9,ack-4f,w,3,3,0,ctl,ok,0,0,12.7,133.4
mpg,8.0,9,w48-qpsk-r1/2,w48,19,2,1,data,ok,17,17,9.9,133.4
mpg,8.0,9,ack-1f,w,2,2,0,ctl,ok,0,0,8.7,133.4
mpg,8.0,9,w48-qpsk-r2/3,w48,19,1,0,data,ok,18,18,9.3,133.4
mpg,8.0,9,ack-1f,w,2,2,0,ctl,ok,0,0,4.2,133.4
mpg,8.0,9,w48-qpsk-r1/2,w48,19,1,0,data,ok,18,18,9.0,133.4
mpg,8.0,9,ack-1f,w,2,2,0,ctl,ok,0,0,11.9,133.4
mpg,8.0,9,w48-qpsk-r1/2,w48,19,1,0,data,ok,18,18,9.3,133.4
mpg,8.0,9,ack-1f,w,2,2,0,ctl,ok,0,0,3.0,133.4
mpg,8.0,9,w48-qpsk-r1/2,w48,19,1,0,data,ok,18,18,10.4,133.4
mpg,8.0,9,ack-1f,w,2,2,0,ctl,ok,0,0,6.1,133.4
mpg,8.0,9,w48-qpsk-r1/2,w48,19,1,0,data,ok,18,18,8.8,133.4
mpg,8.0,9,ack-1f,w,2,2,0,ctl,ok,0,0,3.7,133.4
mpg,8.0,9,w48-qpsk-r1/2,w48,19,1,0,data,ok,18,18,8.1,133.4
mpg,8.0,9,ack-1f,w,2,2,0,ctl,ok,0,0,15.9,133.4
mpg,8.0,9,w48-qpsk-r1/2,w48,19,1,0,data,ok,18,18,11.4,133.4
mpg,8.0,9,ack-1f,w,2,2,0,ctl,ok,0,0,11.0,133.4
mpg,8.0,9,w48-qpsk-r1/2,w48,19,1,0,data,ok,18,18,6.5,133.4
mpg,8.0,9,ack-1f,w,2,2,0,ctl,ok,0,0,9.5,133.4
mpg,8.0,9,w48-qpsk-r1/2,w48,19,1,0,data,ok,18,18,8.8,133.4
mpg,8.0,9,ack-1f,w,2,2,0,ctl,ok,0,0,12.0,133.4
mpg,8.0,9,w48-qpsk-r1/2,w48,19,1,0,data,ok,18,18,11.1,133.4
mpg,8.0,9,ack-1f,w,2,2,0,ctl,ok,0,0,10.0,133.4
mpg,8.0,9,w48-qpsk-r1/2,w48,19,1,0,data,ok,18,18,11.1,133.4
mpg,8.0,9,ack-1f,w,3,3,0,ctl,ok,0,0,8.8,133.4
mpg,8.0,9,w48-qpsk-r2/3,w48,19,2,1,data,ok,17,0,6.2,133.4
mpg,8.0,9,ack-1f,w,2,2,0,ctl,ok,0,0,14.4,133.4
mpg,8.0,9,w48-qpsk-r1/2,w48,19,1,0,data,ok,18,18,9.9,133.4
mpg,8.0,9,ack-1f,w,2,2,0,ctl,ok,0,0,10.9,133.4
mpg,8.0,9,w48-qpsk-r1/2,w48,19,1,0,data,ok,18,18,9.8,133.4
mpg,8.0,9,ack-1f,w,2,2,0,ctl,ok,0,0,9.0,133.4
mpg,8.0,9,w48-qpsk-r1/2,w48,19,1,0,data,ok,18,18,9.5,133.4
mpg,8.0,9,ack-1f,w,2,2,0,ctl,ok,0,0,14.1,133.4
mpg,8.0,9,w48-qpsk-r1/2,w48,19,1,0,data,ok,18,18,9.5,133.4
mpg,8.0,9,ack-1f,w,2,2,0,ctl,ok,0,0,1.5,133.4
mpg,8.0,9,w48-qpsk-r1/2,w48,19,1,0,data,ok,18,18,6.2,133.4
mpg,8.0,9,ack-1f,w,2,2,0,ctl,ok,0,0,7.1,133.4
mpg,8.0,9,w48-qpsk-r1/2,w48,19,1,0,data,ok,18,18,10.4,133.4
mpg,8.0,9,ack-1f,w,2,2,0,ctl,ok,0,0,7.4,133.4
mpg,8.0,9,w48-qpsk-r1/2,w48,19,1,0,data,ok,18,18,12.3,133.4
mpg,8.0,9,ack-1f,w,2,2,0,ctl,ok,0,0,13.3,133.4
mpg,8.0,9,w48-qpsk-r2/3,w48,19,1,0,data,ok,18,18,10.9,133.4
mpg,8.0,9,ack-1f,w,2,2,0,ctl,ok,0,0,14.7,133.4
mpg,8.0,9,w48-qpsk-r2/3,w48,19,1,0,data,ok,18,18,9.7,133.4
mpg,8.0,9,ack-1f,w,3,3,0,ctl,ok,0,0,10.8,133.4
mpg,8.0,9,w48-qpsk-r2/3,w48,19,2,1,data,ok,17,8,7.0,133.4
mpg,8.0,9,ack-1f,w,4,4,0,ctl,ok,0,0,7.8,133.4
mpg,8.0,9,w48-qpsk-r2/3,w48,19,2,1,data,ok,7,0,9.1,133.4
mpg,8.0,9,ack-1f,w,2,2,0,ctl,ok,0,0,11.5,133.4
mpg,8.0,9,w48-qpsk-r1/2,w48,19,1,0,data,ok,18,18,11.4,133.4
mpg,8.0,9,ack-1f,w,2,2,0,ctl,ok,0,0,13.3,133.4
mpg,8.0,9,w48-qpsk-r1/2,w48,19,1,0,data,ok,18,18,8.8,133.4
mpg,8.0,9,ack-1f,w,3,3,0,ctl,ok,0,0,5.8,133.4
mpg,8.0,9,w48-qpsk-r2/3,w48,19,2,1,data,ok,17,12,8.7,133.4
mpg,8.0,9,ack-1f,w,4,4,0,ctl,ok,0,0,14.3,133.4
mpg,8.0,9,w48-qpsk-r2/3,w48,19,2,1,data,ok,12,12,10.0,133.4
mpg,8.0,9,ack-1f,w,2,2,0,ctl,ok,0,0,11.1,133.4
mpg,8.0,9,w48-qpsk-r1/2,w48,19,1,0,data,ok,18,18,11.2,133.4
mpp,-4.0,2,qpsk-r1/5,w,1,1,0,ctl,ok,0,0,-1.5,24.2
mpp,-4.0,2,qpsk-r1/5,w,1,1,0,ctl,ok,0,0,0.6,24.2
mpp,-4.0,2,ack-4f,w,3,3,0,ctl,ok,0,0,-5.7,24.2
mpp,-4.0,2,ack-4f,w,3,3,0,ctl,ok,0,0,-3.9,24.2
mpp,-4.0,2,qpsk-r1/5,w,9,2,1,data,ok,7,7,-1.0,24.2
mpp,-4.0,2,n10-ack-4f,n10,3,3,0,ctl,ok,0,0,-2.8,24.2
mpp,-4.0,2,qpsk-r1/5,w,9,2,1,data,ok,7,7,-1.2,24.2
mpp,-4.0,2,ack-4f,w,2,2,0,ctl,ok,0,0,-0.7,24.2
mpp,-4.0,2,qpsk-r1/5,w,9,1,0,data,ok,8,8,-2.0,24.2
mpp,-4.0,2,ack-4f,w,3,3,0,ctl,ok,0,0,0.6,24.2
mpp,-4.0,2,qpsk-r1/5,w,9,2,1,data,ok,7,7,-1.6,24.2
mpp,-4.0,2,ack-4f,w,3,3,0,ctl,ok,0,0,-2.0,24.2
mpp,-4.0,2,qpsk-r1/5,w,9,2,1,data,ok,7,7,-0.5,24.2
mpp,-4.0,2,ack-4f,w,2,2,0,ctl,ok,0,0,-2.9,24.2
mpp,-4.0,2,qpsk-r1/5,w,9,1,0,data,ok,8,8,-0.9,24.2
mpp,-4.0,2,n10-ack-4f,n10,2,2,0,ctl,ok,0,0,-1.5,24.2
mpp,-4.0,2,qpsk-r1/5,w,9,1,0,data,ok,8,8,-0.2,24.2
mpp,-4.0,2,ack-4f,w,2,2,0,ctl,ok,0,0,2.2,24.2
mpp,-4.0,2,qpsk-r1/5,w,9,1,0,data,ok,8,8,-1.1,24.2
mpp,-4.0,2,ack-4f,w,2,2,0,ctl,ok,0,0,-1.7,24.2
mpp,-4.0,2,qpsk-r1/5,w,9,1,0,data,ok,8,8,-1.4,24.2
mpp,-4.0,2,ack-4f,w,2,2,0,ctl,ok,0,0,-1.2,24.2
mpp,-4.0,2,qpsk-r1/5,w,9,1,0,data,ok,8,8,-0.6,24.2
mpp,-4.0,2,ack-4f,w,2,2,0,ctl,ok,0,0,-7.7,24.2
mpp,-4.0,2,qpsk-r1/5,w,9,1,0,data,ok,8,8,-2.1,24.2
mpp,-4.0,2,n10-ack-4f,n10,2,2,,ctl,missed,0,0,,24.2
mpp,-4.0,2,ack-4f,w,3,3,0,ctl,ok,0,0,0.9,24.2
mpp,-4.0,2,ack-4f,w,2,2,0,ctl,ok,0,0,-0.2,24.2
mpp,-4.0,2,qpsk-r1/5,w,9,1,0,data,ok,8,8,0.2,24.2
mpp,-4.0,2,n10-ack-4f,n10,2,2,0,ctl,ok,0,0,0.7,24.2
mpp,-4.0,2,qpsk-r1/5,w,9,1,0,data,ok,8,8,-0.4,24.2
mpp,-4.0,2,ack-4f,w,2,2,0,ctl,ok,0,0,1.2,24.2
mpp,-4.0,2,qpsk-r1/5,w,9,1,0,data,ok,8,8,-0.8,24.2
mpp,-4.0,2,ack-4f,w,2,2,0,ctl,ok,0,0,-1.9,24.2
mpp,-4.0,2,qpsk-r1/5,w,9,1,0,data,ok,8,8,0.1,24.2
mpp,-4.0,2,ack-4f,w,2,2,0,ctl,ok,0,0,-3.2,24.2
mpp,-4.0,2,qpsk-r1/5,w,9,1,0,data,ok,8,8,-0.0,24.2
mpp,-4.0,2,n10-ack-4f,n10,2,2,0,ctl,ok,0,0,0.2,24.2
mpp,-4.0,2,qpsk-r1/5,w,9,1,0,data,ok,8,3,-2.4,24.2
mpp,-4.0,2,ack-4f,w,3,3,0,ctl,ok,0,0,-3.7,24.2
mpp,-4.0,2,qpsk-r1/5,w,9,1,0,data,ok,3,3,0.5,24.2
mpp,-4.0,2,ack-4f,w,2,2,0,ctl,ok,0,0,-0.3,24.2
mpp,-4.0,2,qpsk-r1/5,w,9,1,0,data,ok,8,8,-2.0,24.2
mpp,-4.0,2,ack-4f,w,2,2,0,ctl,ok,0,0,2.0,24.2
mpp,-4.0,2,qpsk-r1/5,w,9,1,0,data,ok,8,8,-1.1,24.2
mpp,-4.0,2,ack-4f,w,2,2,0,ctl,ok,0,0,-3.6,24.2
mpp,-4.0,2,qpsk-r1/5,w,9,1,0,data,ok,8,8,-1.8,24.2
mpp,-4.0,2,ack-4f,w,2,2,0,ctl,ok,0,0,0.8,24.2
mpp,-4.0,2,qpsk-r1/5,w,9,1,0,data,ok,8,8,-1.0,24.2
mpp,-4.0,2,ack-4f,w,2,2,0,ctl,ok,0,0,-0.1,24.2
mpp,-4.0,2,qpsk-r1/5,w,9,1,0,data,ok,8,8,-0.5,24.2
mpp,-4.0,2,ack-4f,w,2,2,0,ctl,ok,0,0,0.8,24.2
mpp,-4.0,2,qpsk-r1/5,w,9,1,0,data,ok,8,8,-0.7,24.2
mpp,-4.0,2,ack-4f,w,2,2,0,ctl,ok,0,0,1.5,24.2
mpp,-4.0,2,qpsk-r1/5,w,9,1,,data,missed,0,0,,24.2
mpp,-4.0,2,ack-4f,w,2,2,0,ctl,ok,0,0,1.0,24.2
mpp,-4.0,2,ack-4f,w,2,2,0,ctl,ok,0,0,-0.6,24.2
mpp,-4.0,2,qpsk-r1/5,w,9,1,0,data,ok,8,8,-0.8,24.2
mpp,-4.0,2,ack-4f,w,2,2,0,ctl,ok,0,0,-3.4,24.2
mpp,-4.0,2,qpsk-r1/5,w,9,1,0,data,ok,8,8,-0.2,24.2
mpp,-4.0,2,ack-4f,w,2,2,0,ctl,ok,0,0,0.2,24.2
mpp,-4.0,2,qpsk-r1/5,w,9,1,0,data,ok,8,8,-1.9,24.2
mpp,-4.0,2,ack-4f,w,2,2,0,ctl,ok,0,0,0.2,24.2
mpp,-4.0,2,qpsk-r1/5,w,9,1,0,data,ok,8,8,-1.3,24.2
mpp,-4.0,2,ack-4f,w,2,2,0,ctl,ok,0,0,-0.1,24.2
mpp,-4.0,2,qpsk-r1/5,w,9,1,0,data,ok,8,8,-1.5,24.2
mpp,-4.0,2,ack-4f,w,2,2,0,ctl,ok,0,0,-2.4,24.2
mpp,-4.0,2,qpsk-r1/5,w,9,1,0,data,ok,8,8,-0.0,24.2
mpp,-4.0,2,ack-4f,w,2,2,0,ctl,ok,0,0,1.1,24.2
mpp,-4.0,2,qpsk-r1/5,w,9,1,0,data,ok,8,8,-1.1,24.2
mpp,-4.0,2,ack-4f,w,2,2,0,ctl,ok,0,0,2.0,24.2
mpp,-4.0,2,qpsk-r1/5,w,9,1,0,data,ok,8,8,-2.2,24.2
mpp,-4.0,2,ack-4f,w,2,2,0,ctl,ok,0,0,0.2,24.2
mpp,-4.0,2,qpsk-r1/5,w,9,1,0,data,ok,8,8,0.8,24.2
mpp,-4.0,2,ack-4f,w,2,2,0,ctl,ok,0,0,-1.9,24.2
mpp,-4.0,2,qpsk-r1/5,w,9,1,0,data,ok,8,8,0.7,24.2
mpp,-4.0,2,ack-4f,w,2,2,0,ctl,ok,0,0,1.1,24.2
mpp,-4.0,2,qpsk-r1/5,w,9,1,0,data,ok,8,8,-1.4,24.2
mpp,-4.0,2,ack-4f,w,2,2,0,ctl,ok,0,0,0.3,24.2
mpp,-4.0,2,qpsk-r1/5,w,9,1,0,data,ok,8,8,-0.6,24.2
mpp,-4.0,2,ack-4f,w,2,2,0,ctl,ok,0,0,1.7,24.2
mpp,-4.0,2,qpsk-r1/5,w,9,1,0,data,ok,8,8,-1.6,24.2
mpp,-4.0,2,ack-4f,w,2,2,,ctl,missed,0,0,,24.2
mpp,-4.0,2,ack-4f,w,2,2,0,ctl,ok,0,0,0.2,24.2
mpp,-4.0,2,ack-4f,w,2,2,0,ctl,ok,0,0,-1.6,24.2
mpp,-4.0,2,qpsk-r1/5,w,9,1,0,data,ok,8,8,-0.7,24.2
mpp,-4.0,2,ack-4f,w,2,2,0,ctl,ok,0,0,0.2,24.2
mpp,-4.0,2,qpsk-r1/5,w,9,1,0,data,ok,8,8,-0.7,24.2
mpp,-4.0,2,ack-4f,w,2,2,0,ctl,ok,0,0,-1.4,24.2
mpp,-4.0,2,qpsk-r1/5,w,9,1,0,data,ok,8,8,-0.7,24.2
mpp,-4.0,2,ack-4f,w,2,2,0,ctl,ok,0,0,0.9,24.2
mpp,-4.0,2,qpsk-r1/5,w,9,1,0,data,ok,8,8,-0.0,24.2
mpp,-4.0,2,ack-4f,w,2,2,0,ctl,ok,0,0,-0.1,24.2
mpp,-4.0,2,qpsk-r1/5,w,9,1,0,data,ok,8,8,-1.0,24.2
mpp,-4.0,4,qpsk-r1/5,w,1,1,0,ctl,ok,0,0,2.7,24.6
mpp,-4.0,4,qpsk-r1/5,w,1,1,0,ctl,ok,0,0,0.3,24.6
mpp,-4.0,4,ack-4f,w,3,3,0,ctl,ok,0,0,2.7,24.6
mpp,-4.0,4,ack-4f,w,3,3,0,ctl,ok,0,0,-0.9,24.6
mpp,-4.0,4,qpsk-r1/3,w,9,2,1,data,ok,7,0,-0.9,24.6
mpp,-4.0,4,ack-4f,w,2,2,0,ctl,ok,0,0,-1.9,24.6
mpp,-4.0,4,qpsk-r1/5,w,9,1,0,data,ok,8,8,-1.0,24.6
mpp,-4.0,4,ack-4f,w,3,3,0,ctl,ok,0,0,1.0,24.6
mpp,-4.0,4,qpsk-r1/5,w,9,2,1,data,ok,7,7,-1.1,24.6
mpp,-4.0,4,ack-4f,w,3,3,0,ctl,ok,0,0,-3.0,24.6
mpp,-4.0,4,qpsk-r1/5,w,9,2,1,data,ok,7,7,-0.5,24.6
mpp,-4.0,4,ack-4f,w,3,3,0,ctl,ok,0,0,-1.4,24.6
mpp,-4.0,4,qpsk-r1/5,w,9,2,1,data,ok,7,7,-0.5,24.6
mpp,-4.0,4,ack-4f,w,2,2,0,ctl,ok,0,0,0.1,24.6
mpp,-4.0,4,qpsk-r1/5,w,9,1,0,data,ok,8,8,-1.0,24.6
mpp,-4.0,4,ack-4f,w,2,2,0,ctl,ok,0,0,0.3,24.6
mpp,-4.0,4,qpsk-r1/5,w,9,1,0,data,ok,8,8,-1.0,24.6
mpp,-4.0,4,ack-4f,w,3,3,0,ctl,ok,0,0,-1.0,24.6
mpp,-4.0,4,qpsk-r1/5,w,9,2,1,data,ok,7,7,-1.4,24.6
mpp,-4.0,4,ack-4f,w,2,2,0,ctl,ok,0,0,1.6,24.6
mpp,-4.0,4,qpsk-r1/5,w,9,1,0,data,ok,8,8,0.4,24.6
mpp,-4.0,4,ack-4f,w,2,2,0,ctl,ok,0,0,0.4,24.6
mpp,-4.0,4,qpsk-r1/5,w,9,1,0,data,ok,8,8,-2.3,24.6
mpp,-4.0,4,ack-4f,w,2,2,0,ctl,ok,0,0,-0.4,24.6
mpp,-4.0,4,qpsk-r1/5,w,9,1,0,data,ok,8,8,-0.9,24.6
mpp,-4.0,4,ack-4f,w,2,2,0,ctl,ok,0,0,1.9,24.6
mpp,-4.0,4,qpsk-r1/5,w,9,1,0,data,ok,8,8,-0.4,24.6
mpp,-4.0,4,ack-4f,w,2,2,0,ctl,ok,0,0,1.3,24.6
mpp,-4.0,4,qpsk-r1/5,w,9,1,0,data,ok,8,8,-1.7,24.6
mpp,-4.0,4,ack-4f,w,2,2,0,ctl,ok,0,0,0.2,24.6
mpp,-4.0,4,qpsk-r1/5,w,9,1,0,data,ok,8,8,-1.8,24.6
mpp,-4.0,4,ack-4f,w,2,2,0,ctl,ok,0,0,-1.8,24.6
mpp,-4.0,4,qpsk-r1/5,w,9,1,0,data,ok,8,8,-2.1,24.6
mpp,-4.0,4,ack-4f,w,2,2,0,ctl,ok,0,0,1.9,24.6
mpp,-4.0,4,qpsk-r1/5,w,9,1,0,data,ok,8,8,0.7,24.6
mpp,-4.0,4,ack-4f,w,2,2,0,ctl,ok,0,0,-0.3,24.6
mpp,-4.0,4,qpsk-r1/5,w,9,1,0,data,ok,8,8,-1.8,24.6
mpp,-4.0,4,ack-4f,w,2,2,0,ctl,ok,0,0,2.1,24.6
mpp,-4.0,4,qpsk-r1/5,w,9,1,0,data,ok,8,8,-1.8,24.6
mpp,-4.0,4,ack-4f,w,2,2,0,ctl,ok,0,0,1.1,24.6
mpp,-4.0,4,qpsk-r1/5,w,9,1,0,data,ok,8,8,0.3,24.6
mpp,-4.0,4,ack-4f,w,2,2,0,ctl,ok,0,0,2.1,24.6
mpp,-4.0,4,qpsk-r1/5,w,9,1,0,data,ok,8,8,-1.7,24.6
mpp,-4.0,4,ack-1f,w,2,2,0,ctl,ok,0,0,1.5,24.6
mpp,-4.0,4,qpsk-r1/5,w,9,1,0,data,ok,8,8,-1.0,24.6
mpp,-4.0,4,ack-1f,w,2,2,0,ctl,ctl_lost,0,0,-4.3,24.6
mpp,-4.0,4,ack-4f,w,3,3,0,ctl,ok,0,0,0.4,24.6
mpp,-4.0,4,ack-4f,w,2,2,0,ctl,ok,0,0,-5.0,24.6
mpp,-4.0,4,qpsk-r1/5,w,9,1,0,data,ok,8,8,-1.9,24.6
mpp,-4.0,4,ack-4f,w,2,2,0,ctl,ok,0,0,-0.2,24.6
mpp,-4.0,4,qpsk-r1/5,w,9,1,0,data,ok,8,8,-1.2,24.6
mpp,-4.0,4,ack-4f,w,2,2,0,ctl,ok,0,0,-3.2,24.6
mpp,-4.0,4,qpsk-r1/5,w,9,1,0,data,ok,8,8,-1.7,24.6
mpp,-4.0,4,ack-4f,w,2,2,0,ctl,ok,0,0,-1.1,24.6
mpp,-4.0,4,qpsk-r1/5,w,9,1,0,data,ok,8,8,-0.2,24.6
mpp,-4.0,4,ack-4f,w,2,2,0,ctl,ok,0,0,-2.5,24.6
mpp,-4.0,4,qpsk-r1/5,w,9,1,0,data,ok,8,8,-1.3,24.6
mpp,-4.0,4,ack-4f,w,2,2,0,ctl,ok,0,0,-2.1,24.6
mpp,-4.0,4,qpsk-r1/5,w,9,1,0,data,ok,8,8,-0.7,24.6
mpp,-4.0,4,ack-4f,w,2,2,0,ctl,ok,0,0,-1.5,24.6
mpp,-4.0,4,qpsk-r1/5,w,9,1,0,data,ok,8,8,-1.2,24.6
mpp,-4.0,4,ack-4f,w,2,2,0,ctl,ok,0,0,-0.5,24.6
mpp,-4.0,4,qpsk-r1/5,w,9,1,0,data,ok,8,8,-3.1,24.6
mpp,-4.0,4,ack-4f,w,2,2,0,ctl,ok,0,0,-4.1,24.6
mpp,-4.0,4,qpsk-r1/5,w,9,1,0,data,ok,8,8,-1.3,24.6
mpp,-4.0,4,ack-4f,w,2,2,0,ctl,ok,0,0,0.2,24.6
mpp,-4.0,4,qpsk-r1/5,w,9,1,0,data,ok,8,8,-0.2,24.6
mpp,-4.0,4,ack-4f,w,2,2,0,ctl,ok,0,0,-1.2,24.6
mpp,-4.0,4,qpsk-r1/5,w,9,1,0,data,ok,8,8,-1.2,24.6
mpp,-4.0,4,ack-4f,w,2,2,0,ctl,ok,0,0,0.9,24.6
mpp,-4.0,4,qpsk-r1/5,w,9,1,0,data,ok,8,8,0.7,24.6
mpp,-4.0,4,ack-4f,w,2,2,0,ctl,ok,0,0,-1.4,24.6
mpp,-4.0,4,qpsk-r1/5,w,9,1,0,data,ok,8,8,-1.2,24.6
mpp,-4.0,4,ack-4f,w,2,2,0,ctl,ctl_lost,0,0,-8.4,24.6
mpp,-4.0,4,ack-4f,w,3,3,0,ctl,ok,0,0,0.5,24.6
mpp,-4.0,4,ack-4f,w,2,2,0,ctl,ok,0,0,-3.3,24.6
mpp,-4.0,4,qpsk-r1/5,w,9,1,0,data,ok,8,8,-0.2,24.6
mpp,-4.0,4,n4-ack-8f,n4,2,2,0,ctl,ok,0,0,-1.1,24.6
mpp,-4.0,4,qpsk-r1/5,w,9,1,0,data,ok,8,8,-0.2,24.6
mpp,-4.0,4,ack-4f,w,2,2,0,ctl,ok,0,0,-2.3,24.6
mpp,-4.0,4,qpsk-r1/5,w,9,1,0,data,ok,8,8,-1.4,24.6
mpp,-4.0,4,ack-4f,w,2,2,0,ctl,ok,0,0,-0.0,24.6
mpp,-4.0,4,qpsk-r1/5,w,9,1,0,data,ok,8,8,-1.4,24.6
mpp,-4.0,4,ack-4f,w,2,2,0,ctl,ok,0,0,1.2,24.6
mpp,-4.0,4,qpsk-r1/5,w,9,1,0,data,ok,8,8,-0.7,24.6
mpp,-4.0,4,ack-4f,w,2,2,0,ctl,ok,0,0,-1.9,24.6
mpp,-4.0,4,qpsk-r1/5,w,9,1,0,data,ok,8,8,-0.7,24.6
mpp,-4.0,4,ack-4f,w,2,2,0,ctl,ok,0,0,-2.7,24.6
mpp,-4.0,4,qpsk-r1/5,w,9,1,0,data,ok,8,8,0.2,24.6
mpp,-4.0,4,ack-4f,w,2,2,0,ctl,ok,0,0,-0.7,24.6
mpp,-4.0,4,qpsk-r1/5,w,9,1,0,data,ok,8,8,0.7,24.6
mpp,-4.0,4,ack-4f,w,2,2,0,ctl,ok,0,0,2.3,24.6
mpp,-4.0,4,qpsk-r1/5,w,9,1,0,data,ok,8,8,-0.3,24.6
mpg,8.0,10,qpsk-r1/5,w,1,1,0,ctl,ok,0,0,14.6,165.8
mpg,8.0,10,qpsk-r1/5,w,1,1,0,ctl,ok,0,0,12.7,165.8
mpg,8.0,10,ack-4f,w,2,2,0,ctl,ok,0,0,13.3,165.8
mpg,8.0,10,ack-1f,w,2,2,0,ctl,ok,0,0,15.7,165.8
mpg,8.0,10,w48-qpsk-r3/4,w48,19,1,0,data,ok,18,18,13.0,165.8
mpg,8.0,10,ack-1f,w,3,3,0,ctl,ok,0,0,15.7,165.8
mpg,8.0,10,w48-16qam-r1/2,w48,19,2,1,data,ok,17,0,8.5,165.8
mpg,8.0,10,ack-1f,w,3,3,0,ctl,ok,0,0,9.5,165.8
mpg,8.0,10,w48-16qam-r1/3,w48,19,2,1,data,ok,17,17,8.3,165.8
mpg,8.0,10,ack-1f,w,2,2,0,ctl,ok,0,0,3.9,165.8
mpg,8.0,10,w48-qpsk-r1/2,w48,19,1,0,data,ok,18,18,9.3,165.8
mpg,8.0,10,ack-1f,w,3,3,0,ctl,ok,0,0,2.9,165.8
mpg,8.0,10,w48-16qam-r1/3,w48,19,2,1,data,ok,17,15,6.6,165.8
mpg,8.0,10,ack-1f,w,4,4,0,ctl,ok,0,0,9.1,165.8
mpg,8.0,10,w48-16qam-r1/3,w48,19,2,1,data,ok,15,15,10.9,165.8
mpg,8.0,10,ack-1f,w,2,2,0,ctl,ok,0,0,11.1,165.8
mpg,8.0,10,w48-16qam-r1/3,w48,19,1,0,data,ok,18,18,8.8,165.8
mpg,8.0,10,ack-1f,w,2,2,0,ctl,ok,0,0,9.3,165.8
mpg,8.0,10,w48-16qam-r1/3,w48,19,1,0,data,ok,18,13,7.7,165.8
mpg,8.0,10,ack-1f,w,4,4,0,ctl,ok,0,0,10.1,165.8
mpg,8.0,10,w48-16qam-r1/3,w48,19,2,1,data,ok,12,4,6.5,165.8
mpg,8.0,10,ack-1f,w,3,3,0,ctl,ok,0,0,9.3,165.8
mpg,8.0,10,w48-16qam-r1/3,w48,19,2,1,data,ok,9,9,9.5,165.8
mpg,8.0,10,ack-1f,w,2,2,0,ctl,ok,0,0,10.1,165.8
mpg,8.0,10,w48-16qam-r1/3,w48,19,1,0,data,ok,18,18,10.7,165.8
mpg,8.0,10,ack-1f,w,2,2,0,ctl,ok,0,0,9.4,165.8
mpg,8.0,10,w48-16qam-r1/3,w48,19,1,0,data,ok,18,18,11.7,165.8
mpg,8.0,10,ack-1f,w,2,2,0,ctl,ok,0,0,11.7,165.8
mpg,8.0,10,w48-16qam-r1/3,w48,19,1,0,data,ok,18,18,8.5,165.8
mpg,8.0,10,ack-1f,w,2,2,0,ctl,ok,0,0,8.8,165.8
mpg,8.0,10,w48-16qam-r1/3,w48,19,1,0,data,ok,18,18,9.3,165.8
mpg,8.0,10,ack-1f,w,2,2,0,ctl,ok,0,0,6.6,165.8
mpg,8.0,10,w48-16qam-r1/3,w48,19,1,0,data,ctl_lost,18,0,6.7,165.8
mpg,8.0,10,ack-4f,w,3,3,0,ctl,ok,0,0,3.8,165.8
mpg,8.0,10,ack-4f,w,3,3,0,ctl,ok,0,0,11.1,165.8
mpg,8.0,10,w48-qpsk-r1/3,w48,19,2,1,data,ok,17,17,10.7,165.8
mpg,8.0,10,ack-1f,w,3,3,0,ctl,ok,0,0,3.4,165.8
mpg,8.0,10,w48-16qam-r1/3,w48,19,2,1,data,ok,17,17,9.3,165.8
mpg,8.0,10,ack-1f,w,2,2,0,ctl,ok,0,0,3.7,165.8
mpg,8.0,10,w48-16qam-r1/3,w48,19,1,0,data,ok,18,18,8.9,165.8
mpg,8.0,10,ack-1f,w,2,2,0,ctl,ok,0,0,12.2,165.8
mpg,8.0,10,w48-16qam-r1/3,w48,19,1,0,data,ok,18,18,10.1,165.8
mpg,8.0,10,ack-1f,w,2,2,0,ctl,ok,0,0,18.1,165.8
mpg,8.0,10,w48-16qam-r1/3,w48,19,1,0,data,ok,18,18,11.0,165.8
mpg,8.0,10,ack-1f,w,2,2,0,ctl,ok,0,0,10.9,165.8
mpg,8.0,10,w48-16qam-r1/3,w48,19,1,0,data,ok,18,18,7.3,165.8
mpg,8.0,10,ack-1f,w,2,2,0,ctl,ok,0,0,11.6,165.8
mpg,8.0,10,w48-16qam-r1/3,w48,19,1,0,data,ok,18,17,7.2,165.8
mpg,8.0,10,ack-1f,w,4,4,0,ctl,ok,0,0,2.4,165.8
mpg,8.0,10,w48-16qam-r1/3,w48,19,2,1,data,ok,16,16,8.7,165.8
mpg,8.0,10,ack-1f,w,3,3,0,ctl,ok,0,0,5.1,165.8
mpg,8.0,10,w48-16qam-r1/3,w48,19,2,1,data,ok,17,17,11.8,165.8
mpg,8.0,10,ack-1f,w,2,2,0,ctl,ok,0,0,15.4,165.8
mpg,8.0,10,w48-16qam-r1/3,w48,19,1,0,data,ok,18,18,10.5,165.8
mpg,8.0,10,ack-1f,w,2,2,0,ctl,ok,0,0,12.4,165.8
mpg,8.0,10,w48-16qam-r1/3,w48,19,1,0,data,ok,18,18,8.9,165.8
mpg,8.0,10,ack-1f,w,2,2,0,ctl,ok,0,0,11.7,165.8
mpg,8.0,10,w48-16qam-r1/3,w48,19,1,0,data,ok,18,18,12.0,165.8
mpg,8.0,10,ack-1f,w,2,2,0,ctl,ok,0,0,7.1,165.8
mpg,8.0,10,w48-16qam-r1/3,w48,19,1,0,data,ok,18,18,11.1,165.8
mpg,8.0,10,ack-1f,w,2,2,0,ctl,ok,0,0,11.8,165.8
mpg,8.0,10,w48-16qam-r1/3,w48,19,1,0,data,ok,18,18,11.0,165.8
mpg,8.0,10,ack-1f,w,2,2,0,ctl,ok,0,0,16.4,165.8
mpg,8.0,10,w48-16qam-r1/3,w48,19,1,0,data,ok,18,18,8.6,165.8
mpg,8.0,10,ack-1f,w,2,2,0,ctl,ok,0,0,6.1,165.8
mpg,8.0,10,w48-16qam-r1/3,w48,19,1,0,data,ctl_lost,18,0,3.5,165.8
mpg,8.0,10,ack-4f,w,2,2,0,ctl,ok,0,0,15.8,165.8
mpg,8.0,10,ack-4f,w,3,3,0,ctl,ok,0,0,15.4,165.8
mpg,8.0,10,w48-16qam-r1/3,w48,19,2,1,data,ok,17,17,8.0,165.8
mpg,8.0,10,ack-1f,w,3,3,0,ctl,ok,0,0,8.0,165.8
mpg,8.0,10,w48-16qam-r1/3,w48,19,2,1,data,ok,17,17,10.9,165.8
mpg,8.0,10,ack-1f,w,2,2,0,ctl,ok,0,0,0.9,165.8
mpg,8.0,10,w48-16qam-r1/3,w48,19,1,0,data,ok,18,18,7.1,165.8
mpg,8.0,10,ack-1f,w,3,3,0,ctl,ok,0,0,15.4,165.8
mpg,8.0,10,w48-16qam-r1/3,w48,19,2,1,data,ok,17,17,9.8,165.8
mpg,8.0,10,ack-1f,w,2,2,0,ctl,ok,0,0,8.6,165.8
mpg,8.0,10,w48-16qam-r1/3,w48,19,1,0,data,ok,18,18,9.1,165.8
mpg,8.0,10,ack-1f,w,2,2,0,ctl,ok,0,0,12.7,165.8
mpg,8.0,10,w48-16qam-r1/3,w48,19,1,0,data,ctl_lost,18,15,7.5,165.8
mpg,8.0,10,ack-4f,w,2,2,0,ctl,ok,0,0,0.9,165.8
mpg,8.0,10,ack-4f,w,3,3,0,ctl,ok,0,0,11.0,165.8
mpg,8.0,10,w48-qpsk-r1/3,w48,19,2,1,data,ok,17,17,5.7,165.8
mpg,8.0,10,ack-1f,w,3,3,0,ctl,ok,0,0,11.0,165.8
mpg,8.0,10,w48-qpsk-r1/3,w48,19,2,1,data,ok,17,17,10.8,165.8
mpg,8.0,10,ack-1f,w,3,3,0,ctl,ok,0,0,3.5,165.8
mpg,8.0,10,w48-16qam-r1/3,w48,19,2,1,data,ok,17,17,11.5,165.8
mpg,8.0,10,ack-1f,w,2,2,0,ctl,ok,0,0,9.7,165.8
mpg,8.0,10,w48-16qam-r1/3,w48,19,1,0,data,ok,18,18,8.1,165.8
mpg,8.0,10,ack-1f,w,3,3,0,ctl,ok,0,0,11.4,165.8
mpg,8.0,10,w48-16qam-r1/3,w48,19,2,1,data,ok,17,17,10.5,165.8
mpg,8.0,10,ack-1f,w,2,2,0,ctl,ok,0,0,12.2,165.8
mpg,8.0,10,w48-16qam-r1/3,w48,19,1,0,data,ok,18,18,8.2,165.8
mpg,8.0,10,ack-1f,w,2,2,0,ctl,ok,0,0,11.1,165.8
mpg,8.0,10,w48-16qam-r1/3,w48,19,1,0,data,ok,18,18,12.2,165.8
mpp,-4.0,6,qpsk-r1/5,w,1,1,0,ctl,ok,0,0,0.8,21.7
mpp,-4.0,6,qpsk-r1/5,w,1,1,0,ctl,ok,0,0,-0.4,21.7
mpp,-4.0,6,ack-4f,w,3,3,,ctl,missed,0,0,,21.7
mpp,-4.0,6,ack-4f,w,3,3,0,ctl,ok,0,0,-0.3,21.7
mpp,-4.0,6,ack-4f,w,3,3,0,ctl,ok,0,0,0.1,21.7
mpp,-4.0,6,qpsk-r1/5,w,9,2,1,data,ok,7,7,-1.4,21.7
mpp,-4.0,6,ack-4f,w,3,3,0,ctl,ok,0,0,1.9,21.7
mpp,-4.0,6,qpsk-r1/5,w,9,2,1,data,ok,7,0,-1.3,21.7
mpp,-4.0,6,ack-4f,w,3,3,0,ctl,ok,0,0,-1.5,21.7
mpp,-4.0,6,qpsk-r1/5,w,9,2,1,data,ok,0,0,-1.7,21.7
mpp,-4.0,6,ack-4f,w,3,3,0,ctl,ok,0,0,-1.6,21.7
mpp,-4.0,6,qpsk-r1/5,w,9,2,1,data,ok,7,7,-0.9,21.7
mpp,-4.0,6,ack-4f,w,3,3,0,ctl,ok,0,0,0.0,21.7
mpp,-4.0,6,qpsk-r1/5,w,9,2,1,data,ok,7,7,-1.0,21.7
mpp,-4.0,6,ack-4f,w,2,2,0,ctl,ok,0,0,-2.3,21.7
mpp,-4.0,6,qpsk-r1/5,w,9,1,0,data,ok,8,8,-0.7,21.7
mpp,-4.0,6,ack-4f,w,2,2,0,ctl,ok,0,0,-2.8,21.7
mpp,-4.0,6,qpsk-r1/5,w,9,1,0,data,ok,8,8,-1.0,21.7
mpp,-4.0,6,ack-4f,w,2,2,0,ctl,ok,0,0,-0.1,21.7
mpp,-4.0,6,qpsk-r1/5,w,9,1,0,data,ok,8,8,-0.3,21.7
mpp,-4.0,6,ack-4f,w,2,2,0,ctl,ok,0,0,-0.7,21.7
mpp,-4.0,6,qpsk-r1/5,w,9,1,0,data,ok,8,8,-0.9,21.7
mpp,-4.0,6,ack-4f,w,2,2,0,ctl,ok,0,0,-1.8,21.7
mpp,-4.0,6,qpsk-r1/5,w,9,1,0,data,ok,8,8,-0.3,21.7
mpp,-4.0,6,ack-4f,w,2,2,0,ctl,ok,0,0,-0.2,21.7
mpp,-4.0,6,qpsk-r1/5,w,9,1,0,data,ok,8,8,-1.0,21.7
mpp,-4.0,6,ack-4f,w,2,2,0,ctl,ok,0,0,-0.0,21.7
mpp,-4.0,6,qpsk-r1/5,w,9,1,0,data,ok,8,8,-0.5,21.7
mpp,-4.0,6,ack-4f,w,2,2,0,ctl,ok,0,0,-0.2,21.7
mpp,-4.0,6,qpsk-r1/5,w,9,1,0,data,ok,8,8,1.6,21.7
mpp,-4.0,6,ack-4f,w,2,2,0,ctl,ok,0,0,2.6,21.7
mpp,-4.0,6,qpsk-r1/5,w,9,1,0,data,ok,8,8,0.3,21.7
mpp,-4.0,6,ack-4f,w,2,2,0,ctl,ok,0,0,-3.7,21.7
mpp,-4.0,6,qpsk-r1/5,w,9,1,0,data,ok,8,8,-1.9,21.7
mpp,-4.0,6,ack-4f,w,2,2,0,ctl,ok,0,0,-10.2,21.7
mpp,-4.0,6,qpsk-r1/5,w,9,1,0,data,ok,8,8,-0.4,21.7
mpp,-4.0,6,ack-4f,w,2,2,0,ctl,ok,0,0,-2.2,21.7
mpp,-4.0,6,qpsk-r1/5,w,9,1,0,data,ok,8,8,-1.3,21.7
mpp,-4.0,6,ack-4f,w,2,2,0,ctl,ok,0,0,-1.9,21.7
mpp,-4.0,6,qpsk-r1/5,w,9,1,0,data,ok,8,8,-0.7,21.7
mpp,-4.0,6,ack-4f,w,2,2,0,ctl,ok,0,0,-2.3,21.7
mpp,-4.0,6,qpsk-r1/5,w,9,1,,data,missed,0,0,,21.7
mpp,-4.0,6,ack-4f,w,3,3,0,ctl,ok,0,0,-1.2,21.7
mpp,-4.0,6,ack-4f,w,2,2,0,ctl,ok,0,0,1.4,21.7
mpp,-4.0,6,qpsk-r1/5,w,9,1,0,data,ok,8,3,-3.1,21.7
mpp,-4.0,6,ack-4f,w,3,3,0,ctl,ok,0,0,-4.5,21.7
mpp,-4.0,6,qpsk-r1/5,w,9,2,1,data,ok,2,2,-1.5,21.7
mpp,-4.0,6,ack-4f,w,2,2,0,ctl,ok,0,0,0.2,21.7
mpp,-4.0,6,qpsk-r1/5,w,9,1,0,data,ok,8,8,1.2,21.7
mpp,-4.0,6,ack-4f,w,2,2,0,ctl,ok,0,0,0.5,21.7
mpp,-4.0,6,qpsk-r1/5,w,9,1,0,data,ok,8,8,-1.5,21.7
mpp,-4.0,6,ack-4f,w,2,2,0,ctl,ok,0,0,1.7,21.7
mpp,-4.0,6,qpsk-r1/5,w,9,1,0,data,ok,8,8,-1.6,21.7
mpp,-4.0,6,ack-4f,w,2,2,0,ctl,ok,0,0,0.4,21.7
mpp,-4.0,6,qpsk-r1/5,w,9,1,0,data,ctl_lost,8,1,-2.2,21.7
mpp,-4.0,6,ack-4f,w,3,3,0,ctl,ok,0,0,0.8,21.7
mpp,-4.0,6,ack-4f,w,2,2,0,ctl,ok,0,0,0.2,21.7
mpp,-4.0,6,qpsk-r1/5,w,9,1,0,data,ok,8,8,-0.1,21.7
mpp,-4.0,6,ack-4f,w,2,2,0,ctl,ok,0,0,1.6,21.7
mpp,-4.0,6,qpsk-r1/5,w,9,1,0,data,ok,8,8,-2.2,21.7
mpp,-4.0,6,ack-4f,w,2,2,0,ctl,ok,0,0,-0.4,21.7
mpp,-4.0,6,qpsk-r1/5,w,9,1,0,data,ok,8,8,-0.3,21.7
mpp,-4.0,6,ack-4f,w,2,2,0,ctl,ok,0,0,-3.8,21.7
mpp,-4.0,6,qpsk-r1/5,w,9,1,0,data,ok,8,8,-1.6,21.7
mpp,-4.0,6,ack-4f,w,2,2,0,ctl,ok,0,0,-3.5,21.7
mpp,-4.0,6,qpsk-r1/5,w,9,1,0,data,ok,8,8,-0.5,21.7
mpp,-4.0,6,ack-4f,w,2,2,0,ctl,ok,0,0,1.0,21.7
mpp,-4.0,6,qpsk-r1/5,w,9,1,0,data,ok,8,8,-0.4,21.7
mpp,-4.0,6,ack-4f,w,2,2,0,ctl,ok,0,0,-0.8,21.7
mpp,-4.0,6,qpsk-r1/5,w,9,1,0,data,ok,8,8,-0.7,21.7
mpp,-4.0,6,ack-4f,w,2,2,0,ctl,ok,0,0,-2.1,21.7
mpp,-4.0,6,qpsk-r1/5,w,9,1,0,data,ok,8,8,-0.7,21.7
mpp,-4.0,6,ack-4f,w,2,2,,ctl,missed,0,0,,21.7
mpp,-4.0,6,ack-4f,w,3,3,0,ctl,ok,0,0,-2.3,21.7
mpp,-4.0,6,ack-4f,w,2,2,0,ctl,ok,0,0,-0.5,21.7
mpp,-4.0,6,qpsk-r1/5,w,9,1,0,data,ok,8,8,-1.7,21.7
mpp,-4.0,6,ack-4f,w,2,2,0,ctl,ok,0,0,-0.8,21.7
mpp,-4.0,6,qpsk-r1/5,w,9,1,0,data,ok,8,8,0.5,21.7
mpp,-4.0,6,ack-4f,w,2,2,0,ctl,ok,0,0,1.2,21.7
mpp,-4.0,6,qpsk-r1/5,w,9,1,0,data,ok,8,8,-0.9,21.7
mpp,-4.0,6,ack-4f,w,2,2,0,ctl,ok,0,0,-0.6,21.7
mpp,-4.0,6,qpsk-r1/5,w,9,1,,data,missed,0,0,,21.7
mpp,-4.0,6,ack-4f,w,3,3,0,ctl,ok,0,0,-3.6,21.7
mpp,-4.0,6,ack-4f,w,3,3,0,ctl,ok,0,0,-0.7,21.7
mpp,-4.0,6,qpsk-r1/5,w,9,2,1,data,ok,7,7,-1.5,21.7
mpp,-4.0,6,ack-4f,w,3,3,0,ctl,ok,0,0,-0.9,21.7
mpp,-4.0,6,qpsk-r1/5,w,9,2,1,data,ok,7,7,-0.5,21.7
mpp,-4.0,6,ack-4f,w,2,2,0,ctl,ok,0,0,0.2,21.7
mpp,-4.0,6,qpsk-r1/5,w,9,1,0,data,ok,8,8,-1.6,21.7
mpp,-4.0,6,ack-4f,w,2,2,0,ctl,ok,0,0,-0.8,21.7
mpp,-4.0,6,qpsk-r1/5,w,9,1,0,data,ok,8,8,-2.7,21.7
mpp,-4.0,6,ack-4f,w,2,2,0,ctl,ok,0,0,0.3,21.7
mpp,-4.0,6,qpsk-r1/5,w,9,1,0,data,ok,8,8,-1.2,21.7
mpp,-4.0,7,qpsk-r1/5,w,1,1,0,ctl,ok,0,0,-1.7,23.4
mpp,-4.0,7,qpsk-r1/5,w,1,1,0,ctl,ok,0,0,-0.5,23.4
mpp,-4.0,7,ack-4f,w,3,3,0,ctl,ok,0,0,-1.8,23.4
mpp,-4.0,7,ack-4f,w,3,3,0,ctl,ok,0,0,2.9,23.4
mpp,-4.0,7,qpsk-r1/5,w,9,2,1,data,ok,7,7,-0.9,23.4
mpp,-4.0,7,ack-4f,w,3,3,0,ctl,ok,0,0,0.2,23.4
mpp,-4.0,7,qpsk-r1/5,w,9,2,1,data,ok,7,7,-0.2,23.4
mpp,-4.0,7,ack-4f,w,2,2,0,ctl,ok,0,0,-3.7,23.4
mpp,-4.0,7,qpsk-r1/5,w,9,1,0,data,ok,8,8,-0.7,23.4
mpp,-4.0,7,n10-ack-4f,n10,2,2,0,ctl,ok,0,0,4.2,23.4
mpp,-4.0,7,qpsk-r1/5,w,9,1,0,data,ok,8,8,-2.5,23.4
mpp,-4.0,7,ack-4f,w,2,2,0,ctl,ok,0,0,-1.9,23.4
mpp,-4.0,7,qpsk-r1/5,w,9,1,0,data,ok,8,8,-1.2,23.4
mpp,-4.0,7,ack-1f,w,2,2,0,ctl,ok,0,0,2.4,23.4
mpp,-4.0,7,qpsk-r1/5,w,9,1,0,data,ok,8,8,-0.1,23.4
mpp,-4.0,7,ack-4f,w,2,2,0,ctl,ok,0,0,0.4,23.4
mpp,-4.0,7,qpsk-r1/5,w,9,1,0,data,ok,8,8,-1.2,23.4
mpp,-4.0,7,ack-4f,w,2,2,0,ctl,ok,0,0,3.7,23.4
mpp,-4.0,7,qpsk-r1/5,w,9,1,0,data,ok,8,8,-2.4,23.4
mpp,-4.0,7,ack-1f,w,3,3,0,ctl,ok,0,0,-0.4,23.4
mpp,-4.0,7,qpsk-r1/5,w,9,2,1,data,ok,7,7,0.3,23.4
mpp,-4.0,7,ack-1f,w,2,2,0,ctl,ctl_lost,0,0,-2.5,23.4
mpp,-4.0,7,ack-4f,w,3,3,0,ctl,ok,0,0,-1.4,23.4
mpp,-4.0,7,ack-4f,w,2,2,0,ctl,ok,0,0,-1.5,23.4
mpp,-4.0,7,qpsk-r1/5,w,9,1,0,data,ok,8,8,-0.1,23.4
mpp,-4.0,7,ack-4f,w,2,2,0,ctl,ctl_lost,0,0,-12.1,23.4
mpp,-4.0,7,ack-4f,w,3,3,0,ctl,ok,0,0,-0.5,23.4
mpp,-4.0,7,ack-4f,w,2,2,0,ctl,ok,0,0,-5.3,23.4
mpp,-4.0,7,qpsk-r1/5,w,9,1,0,data,ok,8,8,-0.5,23.4
mpp,-4.0,7,n4-ack-8f,n4,2,2,0,ctl,ok,0,0,1.3,23.4
mpp,-4.0,7,qpsk-r1/5,w,9,1,0,data,ok,8,8,0.5,23.4
mpp,-4.0,7,n10-ack-4f,n10,2,2,0,ctl,ok,0,0,-2.7,23.4
mpp,-4.0,7,qpsk-r1/5,w,9,1,0,data,ok,8,8,0.2,23.4
mpp,-4.0,7,ack-4f,w,2,2,0,ctl,ok,0,0,-3.7,23.4
mpp,-4.0,7,qpsk-r1/5,w,9,1,0,data,ok,8,8,-1.5,23.4
mpp,-4.0,7,n10-ack-4f,n10,2,2,0,ctl,ok,0,0,2.4,23.4
mpp,-4.0,7,qpsk-r1/5,w,9,1,0,data,ok,8,8,-2.0,23.4
mpp,-4.0,7,n10-ack-4f,n10,2,2,0,ctl,ok,0,0,-4.0,23.4
mpp,-4.0,7,qpsk-r1/5,w,9,1,0,data,ok,8,8,-0.9,23.4
mpp,-4.0,7,ack-4f,w,2,2,0,ctl,ok,0,0,1.0,23.4
mpp,-4.0,7,qpsk-r1/5,w,9,1,0,data,ok,8,8,-1.4,23.4
mpp,-4.0,7,n10-ack-4f,n10,2,2,0,ctl,ok,0,0,-1.7,23.4
mpp,-4.0,7,qpsk-r1/5,w,9,1,0,data,ok,8,8,-0.7,23.4
mpp,-4.0,7,ack-4f,w,2,2,0,ctl,ok,0,0,-0.6,23.4
mpp,-4.0,7,qpsk-r1/5,w,9,1,0,data,ok,8,8,0.9,23.4
mpp,-4.0,7,n10-ack-4f,n10,2,2,0,ctl,ok,0,0,-0.6,23.4
mpp,-4.0,7,qpsk-r1/5,w,9,1,0,data,ok,8,8,-0.2,23.4
mpp,-4.0,7,ack-4f,w,2,2,0,ctl,ok,0,0,-5.0,23.4
mpp,-4.0,7,qpsk-r1/5,w,9,1,0,data,ok,8,8,-0.4,23.4
mpp,-4.0,7,n10-ack-4f,n10,2,2,0,ctl,ok,0,0,-0.6,23.4
mpp,-4.0,7,qpsk-r1/5,w,9,1,0,data,ok,8,8,-1.2,23.4
mpp,-4.0,7,ack-4f,w,2,2,0,ctl,ok,0,0,1.8,23.4
mpp,-4.0,7,qpsk-r1/5,w,9,1,0,data,ok,8,8,-0.9,23.4
mpp,-4.0,7,ack-4f,w,2,2,0,ctl,ok,0,0,2.6,23.4
mpp,-4.0,7,qpsk-r1/5,w,9,1,0,data,ok,8,8,-1.4,23.4
mpp,-4.0,7,ack-4f,w,2,2,0,ctl,ok,0,0,1.8,23.4
mpp,-4.0,7,qpsk-r1/5,w,9,1,0,data,ok,8,8,0.2,23.4
mpp,-4.0,7,ack-4f,w,2,2,0,ctl,ok,0,0,1.4,23.4
mpp,-4.0,7,qpsk-r1/5,w,9,1,0,data,ok,8,8,0.1,23.4
mpp,-4.0,7,ack-4f,w,2,2,0,ctl,ok,0,0,1.2,23.4
mpp,-4.0,7,qpsk-r1/5,w,9,1,0,data,ok,8,8,-0.6,23.4
mpp,-4.0,7,ack-4f,w,2,2,0,ctl,ok,0,0,-2.0,23.4
mpp,-4.0,7,qpsk-r1/5,w,9,1,0,data,ok,8,8,-2.6,23.4
mpp,-4.0,7,n10-ack-4f,n10,2,2,0,ctl,ok,0,0,-3.9,23.4
mpp,-4.0,7,qpsk-r1/5,w,9,1,0,data,ok,8,8,-0.3,23.4
mpp,-4.0,7,ack-4f,w,2,2,0,ctl,ok,0,0,2.1,23.4
mpp,-4.0,7,qpsk-r1/5,w,9,1,0,data,ok,8,8,-0.7,23.4
mpp,-4.0,7,ack-4f,w,2,2,0,ctl,ok,0,0,-1.9,23.4
mpp,-4.0,7,qpsk-r1/5,w,9,1,0,data,ok,8,8,-0.5,23.4
mpp,-4.0,7,ack-4f,w,2,2,,ctl,missed,0,0,,23.4
mpp,-4.0,7,ack-4f,w,3,3,0,ctl,ok,0,0,-2.1,23.4
mpp,-4.0,7,ack-4f,w,2,2,0,ctl,ok,0,0,-3.0,23.4
mpp,-4.0,7,qpsk-r1/5,w,9,1,0,data,ok,8,8,-1.4,23.4
mpp,-4.0,7,n10-ack-4f,n10,2,2,0,ctl,ok,0,0,-4.7,23.4
mpp,-4.0,7,qpsk-r1/5,w,9,1,0,data,ok,8,8,-1.4,23.4
mpp,-4.0,7,ack-4f,w,2,2,0,ctl,ok,0,0,-0.1,23.4
mpp,-4.0,7,qpsk-r1/5,w,9,1,0,data,ok,8,8,-0.1,23.4
mpp,-4.0,7,n10-ack-4f,n10,2,2,,ctl,missed,0,0,,23.4
mpp,-4.0,7,ack-4f,w,3,3,,ctl,missed,0,0,,23.4
mpp,-4.0,7,ack-4f,w,3,3,0,ctl,ok,0,0,-2.0,23.4
mpp,-4.0,7,ack-4f,w,2,2,0,ctl,ok,0,0,-2.6,23.4
mpp,-4.0,7,qpsk-r1/5,w,9,1,0,data,ok,8,8,-0.8,23.4
mpp,-4.0,7,n10-ack-4f,n10,2,2,0,ctl,ctl_lost,0,0,-1.3,23.4
mpp,-4.0,7,ack-4f,w,3,3,0,ctl,ok,0,0,1.9,23.4
mpp,-4.0,7,ack-4f,w,2,2,0,ctl,ok,0,0,0.0,23.4
mpp,-4.0,7,qpsk-r1/5,w,9,1,0,data,ok,8,8,0.9,23.4
mpp,-4.0,7,ack-4f,w,3,3,0,ctl,ok,0,0,0.1,23.4
mpp,-4.0,7,qpsk-r1/3,w,9,2,1,data,ctl_lost,7,0,-3.6,23.4
mpp,-4.0,7,ack-4f,w,3,3,0,ctl,ok,0,0,-1.6,23.4
mpp,-4.0,7,ack-4f,w,2,2,0,ctl,ctl_lost,0,0,-7.0,23.4
mpp,-4.0,7,ack-4f,w,3,3,0,ctl,ok,0,0,-5.4,23.4
mpp,-4.0,7,ack-4f,w,2,2,0,ctl,ok,0,0,-5.0,23.4
mpp,-4.0,7,qpsk-r1/5,w,9,1,0,data,ok,8,8,-0.9,23.4
mpp,-4.0,7,n10-ack-4f,n10,2,2,0,ctl,ok,0,0,-2.7,23.4
mpp,-4.0,7,qpsk-r1/5,w,9,1,0,data,ok,8,8,-1.0,23.4
mpp,-4.0,7,n10-ack-4f,n10,2,2,0,ctl,ok,0,0,-2.8,23.4
mpp,-4.0,7,qpsk-r1/5,w,9,1,0,data,ok,8,8,-1.5,23.4
mpp,-4.0,7,n10-ack-4f,n10,2,2,0,ctl,ok,0,0,-0.7,23.4
mpp,-4.0,7,qpsk-r1/5,w,9,1,0,data,ok,8,8,-1.8,23.4
mpp,-4.0,9,qpsk-r1/5,w,1,1,0,ctl,ok,0,0,-3.2,22.1
mpp,-4.0,9,qpsk-r1/5,w,1,1,0,ctl,ctl_lost,0,0,-3.1,22.1
mpp,-4.0,9,n4-qpsk-r1/3,n4,1,1,0,ctl,ok,0,0,-0.2,22.1
mpp,-4.0,9,n4-qpsk-r1/3,n4,1,1,0,ctl,ctl_lost,0,0,-4.0,22.1
mpp,-4.0,9,n4-qpsk-r1/3,n4,1,1,0,ctl,ok,0,0,-1.8,22.1
mpp,-4.0,9,n4-qpsk-r1/3,n4,1,1,0,ctl,ok,0,0,-1.6,22.1
mpp,-4.0,9,ack-4f,w,3,3,0,ctl,ok,0,0,-1.2,22.1
mpp,-4.0,9,ack-4f,w,3,3,0,ctl,ok,0,0,-0.8,22.1
mpp,-4.0,9,qpsk-r1/5,w,9,2,1,data,ok,7,7,-0.0,22.1
mpp,-4.0,9,ack-4f,w,3,3,0,ctl,ok,0,0,1.2,22.1
mpp,-4.0,9,qpsk-r1/5,w,9,2,1,data,ok,7,7,-0.8,22.1
mpp,-4.0,9,ack-4f,w,2,2,0,ctl,ok,0,0,-1.4,22.1
mpp,-4.0,9,qpsk-r1/5,w,9,1,0,data,ok,8,8,-1.4,22.1
mpp,-4.0,9,ack-4f,w,3,3,0,ctl,ok,0,0,-0.1,22.1
mpp,-4.0,9,qpsk-r1/5,w,9,2,1,data,ok,7,7,-0.7,22.1
mpp,-4.0,9,ack-4f,w,2,2,0,ctl,ok,0,0,0.2,22.1
mpp,-4.0,9,qpsk-r1/5,w,9,1,0,data,ctl_lost,8,3,-2.4,22.1
mpp,-4.0,9,ack-4f,w,3,3,0,ctl,ok,0,0,-0.2,22.1
mpp,-4.0,9,ack-4f,w,3,3,0,ctl,ok,0,0,0.7,22.1
mpp,-4.0,9,qpsk-r1/5,w,9,2,1,data,ok,7,7,0.6,22.1
mpp,-4.0,9,ack-4f,w,2,2,0,ctl,ok,0,0,1.6,22.1
mpp,-4.0,9,qpsk-r1/5,w,9,1,0,data,ok,8,8,0.0,22.1
mpp,-4.0,9,ack-4f,w,2,2,0,ctl,ok,0,0,0.1,22.1
mpp,-4.0,9,qpsk-r1/5,w,9,1,0,data,ok,8,8,-0.7,22.1
mpp,-4.0,9,ack-4f,w,3,3,0,ctl,ok,0,0,-2.5,22.1
mpp,-4.0,9,qpsk-r1/5,w,9,2,1,data,ok,7,7,0.2,22.1
mpp,-4.0,9,ack-4f,w,2,2,0,ctl,ok,0,0,-0.8,22.1
mpp,-4.0,9,qpsk-r1/5,w,9,1,0,data,ok,8,8,-0.6,22.1
mpp,-4.0,9,ack-4f,w,2,2,0,ctl,ok,0,0,0.3,22.1
mpp,-4.0,9,qpsk-r1/5,w,9,1,0,data,ok,8,8,-1.4,22.1
mpp,-4.0,9,ack-4f,w,3,3,0,ctl,ok,0,0,2.5,22.1
mpp,-4.0,9,qpsk-r1/5,w,9,2,1,data,ok,7,7,-0.2,22.1
mpp,-4.0,9,ack-4f,w,3,3,0,ctl,ok,0,0,-0.5,22.1
mpp,-4.0,9,qpsk-r1/5,w,9,2,1,data,ok,7,7,-1.1,22.1
mpp,-4.0,9,ack-4f,w,2,2,0,ctl,ok,0,0,-4.6,22.1
mpp,-4.0,9,qpsk-r1/5,w,9,1,0,data,ok,8,8,0.9,22.1
mpp,-4.0,9,ack-4f,w,2,2,0,ctl,ok,0,0,-0.6,22.1
mpp,-4.0,9,qpsk-r1/5,w,9,1,0,data,ok,8,8,-0.8,22.1
mpp,-4.0,9,ack-4f,w,2,2,0,ctl,ok,0,0,-0.6,22.1
mpp,-4.0,9,qpsk-r1/5,w,9,1,0,data,ok,8,8,-0.7,22.1
mpp,-4.0,9,ack-4f,w,2,2,0,ctl,ok,0,0,-0.9,22.1
mpp,-4.0,9,qpsk-r1/5,w,9,1,0,data,ok,8,8,-1.1,22.1
mpp,-4.0,9,ack-4f,w,2,2,0,ctl,ok,0,0,-10.2,22.1
mpp,-4.0,9,qpsk-r1/5,w,9,1,0,data,ok,8,8,0.7,22.1
mpp,-4.0,9,ack-4f,w,2,2,0,ctl,ok,0,0,0.8,22.1
mpp,-4.0,9,qpsk-r1/5,w,9,1,0,data,ok,8,8,-1.3,22.1
mpp,-4.0,9,ack-4f,w,2,2,0,ctl,ok,0,0,-1.0,22.1
mpp,-4.0,9,qpsk-r1/5,w,9,1,0,data,ok,8,8,0.4,22.1
mpp,-4.0,9,ack-4f,w,2,2,0,ctl,ok,0,0,-0.2,22.1
mpp,-4.0,9,qpsk-r1/5,w,9,1,0,data,ok,8,8,-2.3,22.1
mpp,-4.0,9,ack-4f,w,2,2,,ctl,missed,0,0,,22.1
mpp,-4.0,9,ack-4f,w,3,3,0,ctl,ok,0,0,-1.5,22.1
mpp,-4.0,9,ack-4f,w,3,3,0,ctl,ok,0,0,-0.2,22.1
mpp,-4.0,9,qpsk-r1/5,w,9,2,1,data,ok,7,7,-1.4,22.1
mpp,-4.0,9,ack-4f,w,3,3,0,ctl,ok,0,0,-1.9,22.1
mpp,-4.0,9,qpsk-r1/5,w,9,2,1,data,ok,7,7,-2.4,22.1
mpp,-4.0,9,ack-4f,w,2,2,0,ctl,ok,0,0,-1.5,22.1
mpp,-4.0,9,qpsk-r1/5,w,9,1,0,data,ok,8,8,-0.4,22.1
mpp,-4.0,9,ack-4f,w,2,2,0,ctl,ok,0,0,-1.7,22.1
mpp,-4.0,9,qpsk-r1/5,w,9,1,0,data,ok,8,8,-0.6,22.1
mpp,-4.0,9,ack-4f,w,2,2,0,ctl,ok,0,0,-3.3,22.1
mpp,-4.0,9,qpsk-r1/5,w,9,1,0,data,ok,8,8,-1.1,22.1
mpp,-4.0,9,ack-4f,w,2,2,0,ctl,ok,0,0,2.7,22.1
mpp,-4.0,9,qpsk-r1/5,w,9,1,0,data,ok,8,8,-2.2,22.1
mpp,-4.0,9,ack-4f,w,2,2,0,ctl,ok,0,0,1.9,22.1
mpp,-4.0,9,qpsk-r1/5,w,9,1,0,data,ok,8,8,-2.6,22.1
mpp,-4.0,9,ack-4f,w,2,2,0,ctl,ok,0,0,1.9,22.1
mpp,-4.0,9,qpsk-r1/5,w,9,1,0,data,ok,8,8,-0.3,22.1
mpp,-4.0,9,ack-1f,w,2,2,0,ctl,ok,0,0,2.7,22.1
mpp,-4.0,9,qpsk-r1/5,w,9,1,0,data,ctl_lost,8,5,-3.2,22.1
mpp,-4.0,9,ack-4f,w,3,3,0,ctl,ok,0,0,0.3,22.1
mpp,-4.0,9,ack-4f,w,3,3,0,ctl,ok,0,0,-0.9,22.1
mpp,-4.0,9,qpsk-r1/5,w,9,2,1,data,ok,7,7,-1.9,22.1
mpp,-4.0,9,ack-1f,w,2,2,0,ctl,ctl_lost,0,0,-2.4,22.1
mpp,-4.0,9,ack-4f,w,3,3,0,ctl,ok,0,0,0.0,22.1
mpp,-4.0,9,ack-4f,w,2,2,0,ctl,ok,0,0,1.0,22.1
mpp,-4.0,9,qpsk-r1/5,w,9,1,0,data,ok,8,8,0.7,22.1
mpp,-4.0,9,ack-4f,w,2,2,0,ctl,ok,0,0,-0.8,22.1
mpp,-4.0,9,qpsk-r1/5,w,9,1,0,data,ok,8,8,-0.4,22.1
mpp,-4.0,9,ack-4f,w,2,2,0,ctl,ok,0,0,-2.2,22.1
mpp,-4.0,9,qpsk-r1/5,w,9,1,0,data,ok,8,8,-0.4,22.1
mpp,-4.0,9,ack-4f,w,2,2,0,ctl,ok,0,0,0.5,22.1
mpp,-4.0,9,qpsk-r1/5,w,9,1,0,data,ok,8,8,-0.9,22.1
mpp,-4.0,9,ack-4f,w,2,2,0,ctl,ok,0,0,1.1,22.1
mpp,-4.0,9,qpsk-r1/5,w,9,1,0,data,ok,8,8,0.4,22.1
mpp,-4.0,9,ack-4f,w,2,2,0,ctl,ok,0,0,1.7,22.1
mpp,-4.0,9,qpsk-r1/5,w,9,1,0,data,ok,8,8,-2.3,22.1
mpp,-4.0,9,ack-4f,w,2,2,0,ctl,ok,0,0,-2.6,22.1
mpp,-4.0,9,qpsk-r1/5,w,9,1,0,data,ok,8,8,0.7,22.1
mpp,-4.0,9,ack-4f,w,2,2,0,ctl,ok,0,0,0.9,22.1
mpp,-4.0,9,qpsk-r1/5,w,9,1,0,data,ok,8,8,-2.3,22.1
mpp,-4.0,9,ack-4f,w,2,2,0,ctl,ok,0,0,3.3,22.1
mpp,-4.0,9,qpsk-r1/5,w,9,1,0,data,ok,8,8,-1.5,22.1
mpp,-4.0,9,ack-4f,w,2,2,0,ctl,ok,0,0,-2.2,22.1
mpp,-4.0,5,qpsk-r1/5,w,1,1,0,ctl,ok,0,0,0.7,20.0
mpp,-4.0,5,qpsk-r1/5,w,1,1,0,ctl,ctl_lost,0,0,-4.2,20.0
mpp,-4.0,5,n4-qpsk-r1/3,n4,1,1,0,ctl,ok,0,0,0.6,20.0
mpp,-4.0,5,n4-qpsk-r1/3,n4,1,1,0,ctl,ok,0,0,0.0,20.0
mpp,-4.0,5,ack-4f,w,3,3,0,ctl,ok,0,0,-1.2,20.0
mpp,-4.0,5,n10-ack-4f,n10,3,3,0,ctl,ok,0,0,0.2,20.0
mpp,-4.0,5,qpsk-r1/3,w,9,2,1,data,ok,7,7,0.2,20.0
mpp,-4.0,5,ack-1f,w,3,3,0,ctl,ctl_lost,0,0,-6.2,20.0
mpp,-4.0,5,ack-4f,w,3,3,0,ctl,ok,0,0,1.1,20.0
mpp,-4.0,5,ack-4f,w,2,2,0,ctl,ok,0,0,0.2,20.0
mpp,-4.0,5,qpsk-r1/5,w,9,1,0,data,ok,8,8,-2.8,20.0
mpp,-4.0,5,n10-ack-4f,n10,3,3,0,ctl,ok,0,0,-7.0,20.0
mpp,-4.0,5,qpsk-r1/5,w,9,2,1,data,ok,7,7,-1.1,20.0
mpp,-4.0,5,ack-4f,w,3,3,0,ctl,ok,0,0,-2.4,20.0
mpp,-4.0,5,qpsk-r1/5,w,9,2,1,data,ok,7,7,-2.1,20.0
mpp,-4.0,5,n10-ack-4f,n10,3,3,0,ctl,ok,0,0,0.0,20.0
mpp,-4.0,5,qpsk-r1/5,w,9,2,1,data,ok,7,7,-0.5,20.0
mpp,-4.0,5,ack-4f,w,2,2,0,ctl,ok,0,0,1.1,20.0
mpp,-4.0,5,qpsk-r1/5,w,9,1,0,data,ok,8,8,-2.0,20.0
mpp,-4.0,5,ack-4f,w,3,3,0,ctl,ok,0,0,-2.0,20.0
mpp,-4.0,5,qpsk-r1/5,w,9,2,1,data,ok,7,7,-2.0,20.0
mpp,-4.0,5,ack-4f,w,2,2,0,ctl,ok,0,0,2.2,20.0
mpp,-4.0,5,qpsk-r1/5,w,9,1,0,data,ok,8,8,-0.1,20.0
mpp,-4.0,5,ack-4f,w,2,2,0,ctl,ok,0,0,0.3,20.0
mpp,-4.0,5,qpsk-r1/5,w,9,1,0,data,ok,8,8,-0.3,20.0
mpp,-4.0,5,ack-4f,w,2,2,0,ctl,ok,0,0,-4.5,20.0
mpp,-4.0,5,qpsk-r1/5,w,9,1,0,data,ok,8,8,-1.2,20.0
mpp,-4.0,5,n10-ack-4f,n10,2,2,,ctl,missed,0,0,,20.0
mpp,-4.0,5,ack-4f,w,3,3,0,ctl,ok,0,0,-2.6,20.0
mpp,-4.0,5,ack-4f,w,3,3,0,ctl,ok,0,0,-1.4,20.0
mpp,-4.0,5,qpsk-r1/5,w,9,2,1,data,ok,7,7,-2.2,20.0
mpp,-4.0,5,n10-ack-4f,n10,2,2,0,ctl,ok,0,0,0.3,20.0
mpp,-4.0,5,qpsk-r1/5,w,9,1,0,data,ok,8,8,-2.8,20.0
mpp,-4.0,5,ack-4f,w,3,3,0,ctl,ok,0,0,-1.0,20.0
mpp,-4.0,5,qpsk-r1/5,w,9,2,,data,missed,0,0,,20.0
mpp,-4.0,5,ack-4f,w,3,3,0,ctl,ok,0,0,-3.1,20.0
mpp,-4.0,5,ack-4f,w,3,3,0,ctl,ok,0,0,0.8,20.0
mpp,-4.0,5,qpsk-r1/5,w,9,2,1,data,ok,7,7,-0.4,20.0
mpp,-4.0,5,ack-4f,w,2,2,0,ctl,ok,0,0,0.5,20.0
mpp,-4.0,5,qpsk-r1/5,w,9,1,0,data,ok,8,8,-0.3,20.0
mpp,-4.0,5,ack-4f,w,2,2,0,ctl,ok,0,0,-0.5,20.0
mpp,-4.0,5,qpsk-r1/5,w,9,1,0,data,ok,8,8,-1.4,20.0
mpp,-4.0,5,ack-4f,w,2,2,0,ctl,ok,0,0,-0.3,20.0
mpp,-4.0,5,qpsk-r1/5,w,9,1,0,data,ok,8,8,-1.9,20.0
mpp,-4.0,5,ack-4f,w,2,2,0,ctl,ok,0,0,0.5,20.0
mpp,-4.0,5,qpsk-r1/5,w,9,1,0,data,ok,8,8,-0.2,20.0
mpp,-4.0,5,ack-4f,w,2,2,0,ctl,ok,0,0,-0.6,20.0
mpp,-4.0,5,qpsk-r1/5,w,9,1,0,data,ok,8,8,0.3,20.0
mpp,-4.0,5,ack-4f,w,2,2,0,ctl,ok,0,0,2.9,20.0
mpp,-4.0,5,qpsk-r1/5,w,9,1,0,data,ok,8,8,1.0,20.0
mpp,-4.0,5,ack-4f,w,2,2,0,ctl,ok,0,0,-2.2,20.0
mpp,-4.0,5,qpsk-r1/5,w,9,1,0,data,ok,8,8,-0.9,20.0
mpp,-4.0,5,ack-4f,w,2,2,0,ctl,ok,0,0,-2.2,20.0
mpp,-4.0,5,qpsk-r1/5,w,9,1,0,data,ctl_lost,8,0,-2.8,20.0
mpp,-4.0,5,ack-4f,w,3,3,0,ctl,ok,0,0,-3.1,20.0
mpp,-4.0,5,ack-4f,w,3,3,0,ctl,ok,0,0,-3.6,20.0
mpp,-4.0,5,qpsk-r1/5,w,9,2,1,data,ok,7,0,-3.4,20.0
mpp,-4.0,5,ack-4f,w,3,3,0,ctl,ok,0,0,-1.2,20.0
mpp,-4.0,5,qpsk-r1/5,w,9,2,1,data,ok,0,0,1.1,20.0
mpp,-4.0,5,ack-4f,w,2,2,0,ctl,ok,0,0,1.9,20.0
mpp,-4.0,5,qpsk-r1/5,w,9,1,0,data,ok,8,8,-1.6,20.0
mpp,-4.0,5,ack-4f,w,2,2,0,ctl,ok,0,0,-0.6,20.0
mpp,-4.0,5,qpsk-r1/5,w,9,1,0,data,ok,8,8,-0.0,20.0
mpp,-4.0,5,ack-4f,w,2,2,0,ctl,ok,0,0,-4.4,20.0
mpp,-4.0,5,qpsk-r1/5,w,9,1,0,data,ok,8,8,-0.6,20.0
mpp,-4.0,5,ack-4f,w,2,2,0,ctl,ok,0,0,-2.5,20.0
mpp,-4.0,5,qpsk-r1/5,w,9,1,0,data,ctl_lost,8,0,-3.1,20.0
mpp,-4.0,5,ack-4f,w,3,3,,ctl,missed,0,0,,20.0
mpp,-4.0,5,ack-4f,w,3,3,0,ctl,ok,0,0,-1.4,20.0
mpp,-4.0,5,ack-4f,w,3,3,0,ctl,ok,0,0,-2.7,20.0
mpp,-4.0,5,qpsk-r1/5,w,9,2,1,data,ok,7,7,-0.1,20.0
mpp,-4.0,5,ack-4f,w,2,2,0,ctl,ok,0,0,0.4,20.0
mpp,-4.0,5,qpsk-r1/5,w,9,1,0,data,ok,8,8,-2.1,20.0
mpp,-4.0,5,ack-4f,w,2,2,0,ctl,ok,0,0,-0.8,20.0
mpp,-4.0,5,qpsk-r1/5,w,9,1,0,data,ok,8,8,-2.3,20.0
mpp,-4.0,5,ack-4f,w,3,3,0,ctl,ok,0,0,-1.4,20.0
mpp,-4.0,5,qpsk-r1/5,w,9,2,1,data,ok,7,7,-0.2,20.0
mpp,-4.0,5,ack-4f,w,2,2,0,ctl,ok,0,0,-3.5,20.0
mpp,-4.0,5,qpsk-r1/5,w,9,1,0,data,ok,8,8,-1.7,20.0
mpp,-4.0,5,ack-4f,w,2,2,0,ctl,ok,0,0,-1.5,20.0
mpp,-4.0,5,qpsk-r1/5,w,9,1,0,data,ctl_lost,8,8,-2.3,20.0
mpp,-4.0,5,ack-4f,w,3,3,0,ctl,ok,0,0,0.7,20.0
mpp,-4.0,5,ack-4f,w,3,3,,ctl,missed,0,0,,20.0
mpp,-4.0,5,ack-4f,w,3,3,0,ctl,ok,0,0,-3.9,20.0
mpp,-4.0,5,ack-4f,w,3,3,0,ctl,ok,0,0,-0.2,20.0
mpp,-4.0,5,qpsk-r1/5,w,9,2,1,data,ok,7,7,-2.5,20.0
mpp,-4.0,5,ack-4f,w,3,3,0,ctl,ok,0,0,-1.4,20.0
mpp,-4.0,5,qpsk-r1/5,w,9,2,1,data,ok,7,7,-1.9,20.0
mpp,-4.0,5,ack-4f,w,3,3,0,ctl,ok,0,0,-0.8,20.0
mpp,-4.0,5,qpsk-r1/5,w,9,2,1,data,ok,7,7,-0.2,20.0
mpp,-4.0,5,ack-4f,w,2,2,0,ctl,ok,0,0,0.0,20.0
mpp,-4.0,5,qpsk-r1/5,w,9,1,0,data,ok,8,8,-0.4,20.0
mpp,-4.0,5,ack-4f,w,2,2,0,ctl,ok,0,0,-4.3,20.0
mpp,-4.0,5,qpsk-r1/5,w,9,1,0,data,ok,8,8,-2.1,20.0
mpp,-4.0,5,ack-4f,w,2,2,0,ctl,ok,0,0,-2.8,20.0
mpp,-4.0,5,qpsk-r1/5,w,9,1,0,data,ok,8,8,-0.1,20.0
mpp,-4.0,8,qpsk-r1/5,w,1,1,0,ctl,ok,0,0,1.3,22.9
mpp,-4.0,8,qpsk-r1/5,w,1,1,0,ctl,ok,0,0,2.9,22.9
mpp,-4.0,8,ack-4f,w,3,3,0,ctl,ok,0,0,-3.3,22.9
mpp,-4.0,8,ack-1f,w,3,3,0,ctl,ok,0,0,2.0,22.9
mpp,-4.0,8,qpsk-r1/5,w,9,2,1,data,ok,7,7,-1.6,22.9
mpp,-4.0,8,ack-1f,w,3,3,0,ctl,ctl_lost,0,0,-3.4,22.9
mpp,-4.0,8,ack-4f,w,3,3,0,ctl,ok,0,0,2.0,22.9
mpp,-4.0,8,ack-4f,w,3,3,0,ctl,ok,0,0,0.2,22.9
mpp,-4.0,8,qpsk-r1/5,w,9,2,1,data,ok,7,7,-1.1,22.9
mpp,-4.0,8,n10-ack-4f,n10,2,2,0,ctl,ok,0,0,-0.1,22.9
mpp,-4.0,8,qpsk-r1/5,w,9,1,0,data,ok,8,8,-1.2,22.9
mpp,-4.0,8,ack-4f,w,3,3,0,ctl,ok,0,0,-2.5,22.9
mpp,-4.0,8,qpsk-r1/5,w,9,2,1,data,ok,7,7,-0.8,22.9
mpp,-4.0,8,ack-4f,w,3,3,0,ctl,ok,0,0,0.0,22.9
mpp,-4.0,8,qpsk-r1/5,w,9,2,1,data,ok,7,7,-0.9,22.9
mpp,-4.0,8,n10-ack-4f,n10,2,2,0,ctl,ok,0,0,-1.5,22.9
mpp,-4.0,8,qpsk-r1/5,w,9,1,0,data,ok,8,8,-2.4,22.9
mpp,-4.0,8,ack-4f,w,3,3,0,ctl,ok,0,0,-3.0,22.9
mpp,-4.0,8,qpsk-r1/5,w,9,2,1,data,ok,7,7,-0.9,22.9
mpp,-4.0,8,ack-4f,w,3,3,0,ctl,ok,0,0,1.0,22.9
mpp,-4.0,8,qpsk-r1/5,w,9,2,1,data,ok,7,7,-1.8,22.9
mpp,-4.0,8,ack-4f,w,2,2,0,ctl,ok,0,0,1.9,22.9
mpp,-4.0,8,qpsk-r1/5,w,9,1,0,data,ok,8,8,-0.5,22.9
mpp,-4.0,8,ack-4f,w,2,2,0,ctl,ok,0,0,-3.5,22.9
mpp,-4.0,8,qpsk-r1/5,w,9,1,0,data,ok,8,8,-0.6,22.9
mpp,-4.0,8,ack-4f,w,2,2,0,ctl,ok,0,0,-2.7,22.9
mpp,-4.0,8,qpsk-r1/5,w,9,1,0,data,ok,8,8,-0.5,22.9
mpp,-4.0,8,n10-ack-4f,n10,2,2,0,ctl,ok,0,0,1.5,22.9
mpp,-4.0,8,qpsk-r1/5,w,9,1,0,data,ok,8,8,1.0,22.9
mpp,-4.0,8,ack-4f,w,2,2,0,ctl,ctl_lost,0,0,-5.1,22.9
mpp,-4.0,8,ack-4f,w,3,3,0,ctl,ok,0,0,-1.7,22.9
mpp,-4.0,8,ack-4f,w,2,2,0,ctl,ok,0,0,-0.5,22.9
mpp,-4.0,8,qpsk-r1/5,w,9,1,0,data,ok,8,8,0.3,22.9
mpp,-4.0,8,n10-ack-4f,n10,2,2,0,ctl,ok,0,0,1.9,22.9
mpp,-4.0,8,qpsk-r1/5,w,9,1,0,data,ok,8,8,0.5,22.9
mpp,-4.0,8,ack-4f,w,2,2,0,ctl,ok,0,0,-2.4,22.9
mpp,-4.0,8,qpsk-r1/5,w,9,1,0,data,ctl_lost,8,0,-2.3,22.9
mpp,-4.0,8,ack-4f,w,3,3,0,ctl,ok,0,0,-1.7,22.9
mpp,-4.0,8,ack-4f,w,3,3,0,ctl,ok,0,0,-1.0,22.9
mpp,-4.0,8,qpsk-r1/5,w,9,2,1,data,ok,7,7,-1.5,22.9
mpp,-4.0,8,n10-ack-4f,n10,3,3,0,ctl,ok,0,0,0.2,22.9
mpp,-4.0,8,qpsk-r1/5,w,9,2,1,data,ok,7,7,-0.9,22.9
mpp,-4.0,8,ack-4f,w,2,2,0,ctl,ok,0,0,0.8,22.9
mpp,-4.0,8,qpsk-r1/5,w,9,1,0,data,ok,8,8,0.1,22.9
mpp,-4.0,8,ack-4f,w,2,2,0,ctl,ok,0,0,-3.8,22.9
mpp,-4.0,8,qpsk-r1/5,w,9,1,0,data,ok,8,8,-0.8,22.9
mpp,-4.0,8,n10-ack-4f,n10,2,2,0,ctl,ok,0,0,-4.6,22.9
mpp,-4.0,8,qpsk-r1/5,w,9,1,0,data,ok,8,8,-1.3,22.9
mpp,-4.0,8,n10-ack-4f,n10,2,2,0,ctl,ctl_lost,0,0,-6.8,22.9
mpp,-4.0,8,ack-4f,w,3,3,0,ctl,ok,0,0,-3.0,22.9
mpp,-4.0,8,ack-4f,w,3,3,0,ctl,ok,0,0,-0.5,22.9
mpp,-4.0,8,qpsk-r1/5,w,9,2,1,data,ok,7,7,-0.6,22.9
mpp,-4.0,8,n10-ack-4f,n10,2,2,,ctl,missed,0,0,,22.9
mpp,-4.0,8,ack-4f,w,3,3,0,ctl,ok,0,0,-0.3,22.9
mpp,-4.0,8,ack-4f,w,2,2,0,ctl,ok,0,0,-0.5,22.9
mpp,-4.0,8,qpsk-r1/5,w,9,1,0,data,ok,8,8,1.1,22.9
mpp,-4.0,8,ack-4f,w,2,2,0,ctl,ok,0,0,-0.5,22.9
mpp,-4.0,8,qpsk-r1/5,w,9,1,0,data,ok,8,8,-1.3,22.9
mpp,-4.0,8,ack-4f,w,2,2,0,ctl,ok,0,0,5.5,22.9
mpp,-4.0,8,qpsk-r1/5,w,9,1,0,data,ok,8,8,0.6,22.9
mpp,-4.0,8,n4-ack-2f,n4,2,2,,ctl,missed,0,0,,22.9
mpp,-4.0,8,ack-4f,w,3,3,0,ctl,ok,0,0,0.2,22.9
mpp,-4.0,8,ack-4f,w,2,2,0,ctl,ok,0,0,-2.6,22.9
mpp,-4.0,8,qpsk-r1/5,w,9,1,0,data,ok,8,8,-0.1,22.9
mpp,-4.0,8,ack-4f,w,2,2,0,ctl,ok,0,0,0.9,22.9
mpp,-4.0,8,qpsk-r1/5,w,9,1,0,data,ok,8,8,0.2,22.9
mpp,-4.0,8,n10-ack-4f,n10,2,2,0,ctl,ok,0,0,-3.7,22.9
mpp,-4.0,8,qpsk-r1/5,w,9,1,0,data,ok,8,8,-2.1,22.9
mpp,-4.0,8,ack-4f,w,2,2,0,ctl,ok,0,0,-2.7,22.9
mpp,-4.0,8,qpsk-r1/5,w,9,1,0,data,ok,8,8,-0.7,22.9
mpp,-4.0,8,n10-ack-4f,n10,2,2,0,ctl,ok,0,0,-3.9,22.9
mpp,-4.0,8,qpsk-r1/5,w,9,1,0,data,ok,8,8,-0.5,22.9
mpp,-4.0,8,ack-4f,w,2,2,0,ctl,ok,0,0,1.2,22.9
mpp,-4.0,8,qpsk-r1/5,w,9,1,0,data,ok,8,8,-1.8,22.9
mpp,-4.0,8,ack-4f,w,2,2,0,ctl,ok,0,0,-3.1,22.9
mpp,-4.0,8,qpsk-r1/5,w,9,1,0,data,ok,8,8,-0.6,22.9
mpp,-4.0,8,ack-4f,w,2,2,0,ctl,ok,0,0,0.6,22.9
mpp,-4.0,8,qpsk-r1/5,w,9,1,0,data,ok,8,8,-1.8,22.9
mpp,-4.0,8,ack-4f,w,2,2,0,ctl,ok,0,0,-1.1,22.9
mpp,-4.0,8,qpsk-r1/5,w,9,1,0,data,ok,8,8,-2.4,22.9
mpp,-4.0,8,ack-4f,w,2,2,0,ctl,ok,0,0,0.5,22.9
mpp,-4.0,8,qpsk-r1/5,w,9,1,0,data,ok,8,8,0.1,22.9
mpp,-4.0,8,ack-4f,w,2,2,0,ctl,ok,0,0,3.5,22.9
mpp,-4.0,8,qpsk-r1/5,w,9,1,0,data,ok,8,8,-0.6,22.9
mpp,-4.0,8,ack-4f,w,2,2,0,ctl,ok,0,0,-0.1,22.9
mpp,-4.0,8,qpsk-r1/5,w,9,1,0,data,ok,8,8,-1.5,22.9
mpp,-4.0,8,ack-4f,w,2,2,0,ctl,ok,0,0,3.3,22.9
mpp,-4.0,8,qpsk-r1/5,w,9,1,0,data,ok,8,8,-0.5,22.9
mpp,-4.0,8,ack-4f,w,2,2,0,ctl,ok,0,0,1.2,22.9
mpp,-4.0,8,qpsk-r1/5,w,9,1,0,data,ok,8,8,-1.3,22.9
mpp,-4.0,8,ack-4f,w,2,2,0,ctl,ok,0,0,0.3,22.9
mpp,-4.0,8,qpsk-r1/5,w,9,1,0,data,ok,8,8,-1.6,22.9
mpp,-4.0,8,ack-4f,w,2,2,,ctl,missed,0,0,,22.9
mpp,-4.0,8,ack-4f,w,3,3,0,ctl,ok,0,0,-3.1,22.9
mpp,-4.0,8,ack-4f,w,3,3,0,ctl,ok,0,0,-2.9,22.9
mpp,-4.0,8,qpsk-r1/5,w,9,2,1,data,ok,7,7,-0.4,22.9
mpp,-4.0,8,ack-4f,w,2,2,0,ctl,ok,0,0,-0.5,22.9
mpp,-4.0,8,qpsk-r1/5,w,9,1,0,data,ctl_lost,8,0,-2.8,22.9
mpp,-4.0,11,qpsk-r1/5,w,1,1,0,ctl,ok,0,0,-0.8,22.9
mpp,-4.0,11,qpsk-r1/5,w,1,1,0,ctl,ctl_lost,0,0,-4.4,22.9
mpp,-4.0,11,n4-qpsk-r1/3,n4,1,1,0,ctl,ok,0,0,-0.9,22.9
mpp,-4.0,11,n4-qpsk-r1/3,n4,1,1,0,ctl,ok,0,0,-1.3,22.9
mpp,-4.0,11,ack-4f,w,3,3,0,ctl,ok,0,0,-0.6,22.9
mpp,-4.0,11,n10-ack-4f,n10,3,3,,ctl,missed,0,0,,22.9
mpp,-4.0,11,ack-4f,w,3,3,0,ctl,ok,0,0,2.3,22.9
mpp,-4.0,11,ack-4f,w,3,3,0,ctl,ok,0,0,-3.5,22.9
mpp,-4.0,11,qpsk-r1/5,w,9,2,1,data,ok,7,7,-0.1,22.9
mpp,-4.0,11,n10-ack-4f,n10,3,3,0,ctl,ok,0,0,-2.5,22.9
mpp,-4.0,11,qpsk-r1/3,w,9,2,1,data,ok,7,0,-2.4,22.9
mpp,-4.0,11,ack-4f,w,3,3,0,ctl,ok,0,0,-2.5,22.9
mpp,-4.0,11,qpsk-r1/5,w,9,2,1,data,ok,7,7,-2.1,22.9
mpp,-4.0,11,ack-4f,w,3,3,0,ctl,ok,0,0,-0.2,22.9
mpp,-4.0,11,qpsk-r1/5,w,9,2,1,data,ok,7,7,-1.2,22.9
mpp,-4.0,11,ack-4f,w,3,3,0,ctl,ok,0,0,0.6,22.9
mpp,-4.0,11,qpsk-r1/5,w,9,2,1,data,ok,7,7,-2.1,22.9
mpp,-4.0,11,ack-4f,w,3,3,0,ctl,ok,0,0,0.8,22.9
mpp,-4.0,11,qpsk-r1/5,w,9,2,1,data,ok,7,7,-0.3,22.9
mpp,-4.0,11,ack-4f,w,2,2,0,ctl,ok,0,0,-0.4,22.9
mpp,-4.0,11,qpsk-r1/5,w,9,1,0,data,ok,8,8,-0.6,22.9
mpp,-4.0,11,ack-4f,w,2,2,0,ctl,ok,0,0,-5.5,22.9
mpp,-4.0,11,qpsk-r1/5,w,9,1,0,data,ok,8,8,-0.6,22.9
mpp,-4.0,11,ack-4f,w,2,2,0,ctl,ok,0,0,-1.1,22.9
mpp,-4.0,11,qpsk-r1/5,w,9,1,0,data,ok,8,8,-1.2,22.9
mpp,-4.0,11,ack-4f,w,2,2,0,ctl,ok,0,0,-1.3,22.9
mpp,-4.0,11,qpsk-r1/5,w,9,1,0,data,ok,8,8,-1.3,22.9
mpp,-4.0,11,ack-4f,w,2,2,0,ctl,ok,0,0,1.1,22.9
mpp,-4.0,11,qpsk-r1/5,w,9,1,0,data,ok,8,8,0.1,22.9
mpp,-4.0,11,ack-4f,w,2,2,0,ctl,ok,0,0,-0.9,22.9
mpp,-4.0,11,qpsk-r1/5,w,9,1,0,data,ok,8,8,-1.6,22.9
mpp,-4.0,11,ack-4f,w,2,2,0,ctl,ok,0,0,-0.7,22.9
mpp,-4.0,11,qpsk-r1/5,w,9,1,0,data,ok,8,8,-0.7,22.9
mpp,-4.0,11,ack-4f,w,2,2,0,ctl,ok,0,0,-5.0,22.9
mpp,-4.0,11,qpsk-r1/5,w,9,1,0,data,ok,8,8,-0.8,22.9
mpp,-4.0,11,ack-4f,w,2,2,0,ctl,ok,0,0,-0.2,22.9
mpp,-4.0,11,qpsk-r1/5,w,9,1,0,data,ok,8,8,-0.7,22.9
mpp,-4.0,11,ack-4f,w,2,2,0,ctl,ok,0,0,-0.5,22.9
mpp,-4.0,11,qpsk-r1/5,w,9,1,0,data,ok,8,8,-0.7,22.9
mpp,-4.0,11,ack-4f,w,2,2,0,ctl,ok,0,0,-0.5,22.9
mpp,-4.0,11,qpsk-r1/5,w,9,1,0,data,ok,8,8,2.1,22.9
mpp,-4.0,11,ack-4f,w,2,2,0,ctl,ok,0,0,1.9,22.9
mpp,-4.0,11,qpsk-r1/5,w,9,1,0,data,ok,8,8,-2.2,22.9
mpp,-4.0,11,ack-4f,w,2,2,0,ctl,ok,0,0,-1.0,22.9
mpp,-4.0,11,qpsk-r1/5,w,9,1,0,data,ok,8,8,-1.3,22.9
mpp,-4.0,11,ack-4f,w,2,2,0,ctl,ok,0,0,-0.3,22.9
mpp,-4.0,11,qpsk-r1/5,w,9,1,0,data,ok,8,8,-1.5,22.9
mpp,-4.0,11,ack-4f,w,2,2,0,ctl,ok,0,0,-1.1,22.9
mpp,-4.0,11,qpsk-r1/5,w,9,1,0,data,ok,8,8,-1.4,22.9
mpp,-4.0,11,ack-4f,w,2,2,0,ctl,ok,0,0,-1.6,22.9
mpp,-4.0,11,qpsk-r1/5,w,9,1,0,data,ok,8,8,-0.9,22.9
mpp,-4.0,11,ack-4f,w,2,2,0,ctl,ok,0,0,1.0,22.9
mpp,-4.0,11,qpsk-r1/5,w,9,1,0,data,ok,8,8,-0.9,22.9
mpp,-4.0,11,ack-4f,w,2,2,0,ctl,ok,0,0,-0.3,22.9
mpp,-4.0,11,qpsk-r1/5,w,9,1,0,data,ok,8,8,-0.3,22.9
mpp,-4.0,11,ack-4f,w,2,2,0,ctl,ok,0,0,0.5,22.9
mpp,-4.0,11,qpsk-r1/5,w,9,1,0,data,ok,8,8,0.4,22.9
mpp,-4.0,11,ack-4f,w,2,2,0,ctl,ok,0,0,-0.6,22.9
mpp,-4.0,11,qpsk-r1/5,w,9,1,0,data,ok,8,8,-0.8,22.9
mpp,-4.0,11,ack-4f,w,2,2,0,ctl,ok,0,0,1.3,22.9
mpp,-4.0,11,qpsk-r1/5,w,9,1,0,data,ok,8,8,-0.5,22.9
mpp,-4.0,11,ack-4f,w,2,2,0,ctl,ok,0,0,-2.3,22.9
mpp,-4.0,11,qpsk-r1/5,w,9,1,0,data,ok,8,8,-0.7,22.9
mpp,-4.0,11,ack-4f,w,2,2,0,ctl,ok,0,0,-5.5,22.9
mpp,-4.0,11,qpsk-r1/5,w,9,1,0,data,ok,8,8,-1.9,22.9
mpp,-4.0,11,ack-4f,w,2,2,0,ctl,ok,0,0,-0.5,22.9
mpp,-4.0,11,qpsk-r1/5,w,9,1,0,data,ok,8,8,-1.0,22.9
mpp,-4.0,11,ack-4f,w,2,2,0,ctl,ok,0,0,-4.5,22.9
mpp,-4.0,11,qpsk-r1/5,w,9,1,0,data,ok,8,8,-1.0,22.9
mpp,-4.0,11,ack-4f,w,2,2,0,ctl,ok,0,0,-1.2,22.9
mpp,-4.0,11,qpsk-r1/5,w,9,1,0,data,ok,8,8,-0.5,22.9
mpp,-4.0,11,ack-4f,w,2,2,0,ctl,ok,0,0,-0.2,22.9
mpp,-4.0,11,qpsk-r1/5,w,9,1,0,data,ok,8,8,-1.1,22.9
mpp,-4.0,11,ack-4f,w,2,2,0,ctl,ok,0,0,-5.8,22.9
mpp,-4.0,11,qpsk-r1/5,w,9,1,0,data,ok,8,8,-1.6,22.9
mpp,-4.0,11,ack-4f,w,2,2,0,ctl,ok,0,0,-0.5,22.9
mpp,-4.0,11,qpsk-r1/5,w,9,1,0,data,ok,8,8,-0.2,22.9
mpp,-4.0,11,ack-4f,w,2,2,0,ctl,ok,0,0,0.3,22.9
mpp,-4.0,11,qpsk-r1/5,w,9,1,0,data,ok,8,8,-0.3,22.9
mpp,-4.0,11,ack-4f,w,2,2,0,ctl,ok,0,0,-3.4,22.9
mpp,-4.0,11,qpsk-r1/5,w,9,1,0,data,ok,8,8,-2.0,22.9
mpp,-4.0,11,ack-4f,w,2,2,0,ctl,ok,0,0,-1.1,22.9
mpp,-4.0,11,qpsk-r1/5,w,9,1,0,data,ctl_lost,8,3,-1.9,22.9
mpp,-4.0,11,ack-4f,w,3,3,0,ctl,ok,0,0,-1.5,22.9
mpp,-4.0,11,ack-4f,w,3,3,0,ctl,ok,0,0,-3.5,22.9
mpp,-4.0,11,qpsk-r1/5,w,9,2,1,data,ok,7,7,-2.0,22.9
mpp,-4.0,11,ack-4f,w,3,3,0,ctl,ok,0,0,0.7,22.9
mpp,-4.0,11,qpsk-r1/5,w,9,2,1,data,ok,7,7,-1.4,22.9
mpp,-4.0,11,ack-4f,w,2,2,0,ctl,ok,0,0,0.2,22.9
mpp,-4.0,11,qpsk-r1/5,w,9,1,0,data,ok,8,8,-0.9,22.9
mpp,-4.0,11,ack-4f,w,2,2,0,ctl,ok,0,0,1.5,22.9
mpp,-4.0,11,qpsk-r1/5,w,9,1,0,data,ok,8,8,-1.0,22.9
mpp,-4.0,10,qpsk-r1/5,w,1,1,0,ctl,ok,0,0,-2.2,20.8
mpp,-4.0,10,qpsk-r1/5,w,1,1,0,ctl,ok,0,0,0.4,20.8
mpp,-4.0,10,ack-4f,w,3,3,0,ctl,ok,0,0,-1.6,20.8
mpp,-4.0,10,ack-4f,w,3,3,0,ctl,ok,0,0,1.4,20.8
mpp,-4.0,10,qpsk-r1/5,w,9,2,1,data,ok,7,7,-1.3,20.8
mpp,-4.0,10,ack-4f,w,3,3,0,ctl,ok,0,0,0.1,20.8
mpp,-4.0,10,qpsk-r1/5,w,9,2,1,data,ok,7,7,0.0,20.8
mpp,-4.0,10,ack-4f,w,3,3,0,ctl,ok,0,0,-0.6,20.8
mpp,-4.0,10,qpsk-r1/5,w,9,2,1,data,ok,7,7,-1.0,20.8
mpp,-4.0,10,ack-4f,w,2,2,0,ctl,ok,0,0,-3.0,20.8
mpp,-4.0,10,qpsk-r1/5,w,9,1,0,data,ok,8,8,-0.1,20.8
mpp,-4.0,10,ack-4f,w,2,2,0,ctl,ok,0,0,-2.8,20.8
mpp,-4.0,10,qpsk-r1/5,w,9,1,0,data,ok,8,8,-0.8,20.8
mpp,-4.0,10,n4-ack-8f,n4,2,2,0,ctl,ok,0,0,-1.6,20.8
mpp,-4.0,10,qpsk-r1/5,w,9,1,0,data,ok,8,8,-0.0,20.8
mpp,-4.0,10,ack-4f,w,2,2,0,ctl,ok,0,0,-4.6,20.8
mpp,-4.0,10,qpsk-r1/5,w,9,1,0,data,ok,8,8,-0.5,20.8
mpp,-4.0,10,ack-4f,w,2,2,0,ctl,ok,0,0,-1.1,20.8
mpp,-4.0,10,qpsk-r1/5,w,9,1,0,data,ok,8,8,-0.2,20.8
mpp,-4.0,10,ack-4f,w,2,2,0,ctl,ok,0,0,-0.8,20.8
mpp,-4.0,10,qpsk-r1/5,w,9,1,0,data,ok,8,8,-0.3,20.8
mpp,-4.0,10,ack-4f,w,2,2,0,ctl,ok,0,0,3.4,20.8
mpp,-4.0,10,qpsk-r1/5,w,9,1,0,data,ok,8,8,-0.9,20.8
mpp,-4.0,10,ack-4f,w,2,2,0,ctl,ok,0,0,-3.9,20.8
mpp,-4.0,10,qpsk-r1/5,w,9,1,,data,missed,0,0,,20.8
mpp,-4.0,10,ack-4f,w,3,3,0,ctl,ok,0,0,-1.7,20.8
mpp,-4.0,10,ack-4f,w,3,3,0,ctl,ok,0,0,-3.5,20.8
mpp,-4.0,10,qpsk-r1/5,w,9,2,1,data,ok,7,7,-0.6,20.8
mpp,-4.0,10,n10-ack-4f,n10,2,2,0,ctl,ok,0,0,-1.8,20.8
mpp,-4.0,10,qpsk-r1/5,w,9,1,0,data,ok,8,8,-1.6,20.8
mpp,-4.0,10,ack-4f,w,2,2,0,ctl,ok,0,0,-1.5,20.8
mpp,-4.0,10,qpsk-r1/5,w,9,1,0,data,ok,8,8,-2.0,20.8
mpp,-4.0,10,ack-4f,w,2,2,0,ctl,ok,0,0,0.6,20.8
mpp,-4.0,10,qpsk-r1/5,w,9,1,0,data,ok,8,8,-0.5,20.8
mpp,-4.0,10,ack-4f,w,2,2,0,ctl,ok,0,0,0.1,20.8
mpp,-4.0,10,qpsk-r1/5,w,9,1,0,data,ok,8,8,-1.4,20.8
mpp,-4.0,10,ack-4f,w,2,2,0,ctl,ok,0,0,2.7,20.8
mpp,-4.0,10,qpsk-r1/5,w,9,1,0,data,ok,8,8,-1.7,20.8
mpp,-4.0,10,ack-4f,w,2,2,0,ctl,ok,0,0,-5.2,20.8
mpp,-4.0,10,qpsk-r1/5,w,9,1,0,data,ok,8,8,-1.8,20.8
mpp,-4.0,10,ack-4f,w,2,2,0,ctl,ok,0,0,-1.3,20.8
mpp,-4.0,10,qpsk-r1/5,w,9,1,0,data,ok,8,8,-1.8,20.8
mpp,-4.0,10,ack-4f,w,2,2,0,ctl,ok,0,0,1.4,20.8
mpp,-4.0,10,qpsk-r1/5,w,9,1,0,data,ok,8,2,-3.0,20.8
mpp,-4.0,10,ack-4f,w,3,3,0,ctl,ok,0,0,-1.4,20.8
mpp,-4.0,10,qpsk-r1/5,w,9,1,0,data,ok,2,2,0.9,20.8
mpp,-4.0,10,ack-4f,w,2,2,0,ctl,ok,0,0,-1.9,20.8
mpp,-4.0,10,qpsk-r1/5,w,9,1,0,data,ok,8,8,-1.2,20.8
mpp,-4.0,10,ack-4f,w,2,2,0,ctl,ok,0,0,-1.1,20.8
mpp,-4.0,10,qpsk-r1/5,w,9,1,0,data,ok,8,8,-2.5,20.8
mpp,-4.0,10,ack-4f,w,2,2,0,ctl,ok,0,0,2.5,20.8
mpp,-4.0,10,qpsk-r1/5,w,9,1,,data,missed,0,0,,20.8
mpp,-4.0,10,ack-4f,w,2,2,0,ctl,ok,0,0,0.1,20.8
mpp,-4.0,10,ack-4f,w,2,2,0,ctl,ok,0,0,0.7,20.8
mpp,-4.0,10,qpsk-r1/5,w,9,1,0,data,ok,8,8,0.0,20.8
mpp,-4.0,10,ack-4f,w,2,2,0,ctl,ok,0,0,0.3,20.8
mpp,-4.0,10,qpsk-r1/5,w,9,1,0,data,ok,8,8,-0.4,20.8
mpp,-4.0,10,ack-4f,w,2,2,0,ctl,ok,0,0,-2.6,20.8
mpp,-4.0,10,qpsk-r1/5,w,9,1,0,data,ok,8,8,-0.7,20.8
mpp,-4.0,10,ack-4f,w,2,2,0,ctl,ok,0,0,-3.4,20.8
mpp,-4.0,10,qpsk-r1/5,w,9,1,0,data,ok,8,8,-0.8,20.8
mpp,-4.0,10,ack-4f,w,2,2,0,ctl,ok,0,0,2.2,20.8
mpp,-4.0,10,qpsk-r1/5,w,9,1,0,data,ctl_lost,8,2,-2.8,20.8
mpp,-4.0,10,ack-4f,w,3,3,0,ctl,ok,0,0,0.4,20.8
mpp,-4.0,10,ack-4f,w,3,3,0,ctl,ok,0,0,-4.4,20.8
mpp,-4.0,10,qpsk-r1/5,w,9,2,1,data,ok,7,7,-1.1,20.8
mpp,-4.0,10,ack-4f,w,2,2,0,ctl,ok,0,0,-0.9,20.8
mpp,-4.0,10,qpsk-r1/5,w,9,1,0,data,ok,8,8,-1.3,20.8
mpp,-4.0,10,ack-4f,w,2,2,0,ctl,ok,0,0,-0.7,20.8
mpp,-4.0,10,qpsk-r1/5,w,9,1,0,data,ok,8,8,-1.6,20.8
mpp,-4.0,10,ack-4f,w,2,2,0,ctl,ok,0,0,-4.1,20.8
mpp,-4.0,10,qpsk-r1/5,w,9,1,0,data,ok,8,8,-0.8,20.8
mpp,-4.0,10,ack-4f,w,2,2,0,ctl,ok,0,0,-3.4,20.8
mpp,-4.0,10,qpsk-r1/5,w,9,1,0,data,ctl_lost,8,4,-2.9,20.8
mpp,-4.0,10,ack-4f,w,3,3,0,ctl,ok,0,0,-2.5,20.8
mpp,-4.0,10,ack-4f,w,3,3,0,ctl,ok,0,0,-0.5,20.8
mpp,-4.0,10,qpsk-r1/5,w,9,2,1,data,ok,7,7,-0.9,20.8
mpp,-4.0,10,ack-4f,w,3,3,0,ctl,ok,0,0,1.0,20.8
mpp,-4.0,10,qpsk-r1/5,w,9,2,1,data,ok,7,7,-1.5,20.8
mpp,-4.0,10,ack-4f,w,2,2,0,ctl,ok,0,0,-3.3,20.8
mpp,-4.0,10,qpsk-r1/5,w,9,1,0,data,ok,8,8,-0.9,20.8
mpp,-4.0,10,ack-4f,w,2,2,0,ctl,ok,0,0,-0.0,20.8
mpp,-4.0,10,qpsk-r1/5,w,9,1,0,data,ok,8,8,0.9,20.8
mpp,-4.0,10,ack-4f,w,2,2,0,ctl,ok,0,0,1.4,20.8
mpp,-4.0,10,qpsk-r1/5,w,9,1,,data,missed,0,0,,20.8
mpp,-4.0,10,ack-4f,w,3,3,,ctl,missed,0,0,,20.8
mpp,-4.0,10,ack-4f,w,3,3,0,ctl,ok,0,0,-4.7,20.8
mpp,-4.0,10,ack-4f,w,3,3,0,ctl,ok,0,0,-0.0,20.8
mpp,-4.0,10,qpsk-r1/5,w,9,2,1,data,ok,7,7,-1.3,20.8
mpp,-4.0,10,ack-4f,w,3,3,0,ctl,ok,0,0,1.2,20.8
mpp,-4.0,10,qpsk-r1/5,w,9,2,1,data,ok,7,7,-1.7,20.8
mpp,-4.0,10,ack-4f,w,2,2,0,ctl,ok,0,0,0.7,20.8
mpp,-4.0,10,qpsk-r1/5,w,9,1,0,data,ok,8,8,-1.3,20.8
mpg,8.0,11,qpsk-r1/5,w,1,1,0,ctl,ok,0,0,14.6,128.8
mpg,8.0,11,qpsk-r1/5,w,1,1,0,ctl,ok,0,0,12.9,128.8
mpg,8.0,11,ack-4f,w,2,2,0,ctl,ok,0,0,6.1,128.8
mpg,8.0,11,ack-1f,w,3,3,0,ctl,ok,0,0,7.1,128.8
mpg,8.0,11,w48-16qam-r1/3,w48,19,2,1,data,ok,17,17,9.5,128.8
mpg,8.0,11,ack-1f,w,3,3,0,ctl,ok,0,0,9.5,128.8
mpg,8.0,11,w48-16qam-r1/3,w48,19,2,1,data,ok,17,17,10.8,128.8
mpg,8.0,11,ack-1f,w,2,2,0,ctl,ok,0,0,13.5,128.8
mpg,8.0,11,w48-16qam-r1/3,w48,19,1,0,data,ok,18,18,10.6,128.8
mpg,8.0,11,ack-1f,w,2,2,0,ctl,ok,0,0,15.6,128.8
mpg,8.0,11,w48-16qam-r1/3,w48,19,1,0,data,ok,18,18,12.0,128.8
mpg,8.0,11,ack-1f,w,2,2,0,ctl,ok,0,0,12.7,128.8
mpg,8.0,11,w48-16qam-r1/3,w48,19,1,0,data,ok,18,18,9.9,128.8
mpg,8.0,11,ack-1f,w,2,2,0,ctl,ok,0,0,2.5,128.8
mpg,8.0,11,w48-16qam-r1/3,w48,19,1,0,data,ctl_lost,18,0,3.6,128.8
mpg,8.0,11,ack-4f,w,3,3,0,ctl,ok,0,0,12.5,128.8
mpg,8.0,11,ack-4f,w,3,3,0,ctl,ok,0,0,5.7,128.8
mpg,8.0,11,w48-qpsk-r1/2,w48,19,2,1,data,ok,17,17,10.1,128.8
mpg,8.0,11,ack-1f,w,3,3,0,ctl,ok,0,0,16.7,128.8
mpg,8.0,11,w48-qpsk-r2/3,w48,19,2,1,data,ok,17,0,5.6,128.8
mpg,8.0,11,ack-1f,w,2,2,0,ctl,ok,0,0,2.4,128.8
mpg,8.0,11,w48-qpsk-r1/2,w48,19,1,,data,missed,0,0,,128.8
mpg,8.0,11,ack-4f,w,4,4,0,ctl,ok,0,0,8.9,128.8
mpg,8.0,11,ack-4f,w,3,3,0,ctl,ok,0,0,8.5,128.8
mpg,8.0,11,w48-qpsk-r1/2,w48,19,2,1,data,ok,17,17,11.6,128.8
mpg,8.0,11,ack-1f,w,2,2,0,ctl,ok,0,0,6.4,128.8
mpg,8.0,11,w48-qpsk-r2/3,w48,19,1,0,data,ctl_lost,18,4,8.4,128.8
mpg,8.0,11,ack-4f,w,4,4,0,ctl,ok,0,0,4.5,128.8
mpg,8.0,11,ack-4f,w,2,2,0,ctl,ok,0,0,8.9,128.8
mpg,8.0,11,w48-qpsk-r1/2,w48,19,1,0,data,ok,18,18,8.5,128.8
mpg,8.0,11,ack-1f,w,2,2,0,ctl,ok,0,0,2.3,128.8
mpg,8.0,11,w48-qpsk-r1/2,w48,19,1,0,data,ok,18,18,7.4,128.8
mpg,8.0,11,ack-1f,w,2,2,0,ctl,ok,0,0,-0.8,128.8
mpg,8.0,11,w48-qpsk-r1/2,w48,19,1,0,data,ok,18,18,11.1,128.8
mpg,8.0,11,ack-4f,w,3,3,0,ctl,ok,0,0,9.0,128.8
mpg,8.0,11,w48-16qam-r1/3,w48,19,2,1,data,ok,17,6,6.4,128.8
mpg,8.0,11,ack-1f,w,4,4,0,ctl,ok,0,0,6.1,128.8
mpg,8.0,11,w48-16qam-r1/3,w48,19,2,1,data,ok,6,6,11.2,128.8
mpg,8.0,11,ack-1f,w,3,3,0,ctl,ok,0,0,7.4,128.8
mpg,8.0,11,w48-16qam-r1/3,w48,19,2,1,data,ok,17,17,10.8,128.8
mpg,8.0,11,ack-1f,w,2,2,0,ctl,ok,0,0,4.7,128.8
mpg,8.0,11,w48-16qam-r1/3,w48,19,1,0,data,ctl_lost,18,0,6.2,128.8
mpg,8.0,11,ack-4f,w,3,3,0,ctl,ok,0,0,15.8,128.8
mpg,8.0,11,ack-4f,w,2,2,0,ctl,ok,0,0,17.6,128.8
mpg,8.0,11,w48-qpsk-r1/2,w48,19,1,0,data,ok,18,18,8.7,128.8
mpg,8.0,11,ack-1f,w,2,2,0,ctl,ok,0,0,10.9,128.8
mpg,8.0,11,w48-qpsk-r1/2,w48,19,1,0,data,ctl_lost,18,10,4.2,128.8
mpg,8.0,11,ack-4f,w,3,3,0,ctl,ok,0,0,12.3,128.8
mpg,8.0,11,ack-4f,w,3,3,0,ctl,ok,0,0,13.4,128.8
mpg,8.0,11,w48-qpsk-r1/2,w48,19,2,1,data,ok,17,17,9.4,128.8
mpg,8.0,11,ack-1f,w,3,3,0,ctl,ok,0,0,8.6,128.8
mpg,8.0,11,w48-16qam-r1/3,w48,19,2,1,data,ok,17,6,8.6,128.8
mpg,8.0,11,ack-1f,w,4,4,0,ctl,ok,0,0,8.1,128.8
mpg,8.0,11,w48-16qam-r1/3,w48,19,2,1,data,ok,6,6,12.9,128.8
mpg,8.0,11,ack-1f,w,3,3,0,ctl,ok,0,0,9.9,128.8
mpg,8.0,11,w48-16qam-r1/3,w48,19,2,1,data,ok,17,17,10.8,128.8
mpg,8.0,11,ack-1f,w,2,2,0,ctl,ok,0,0,10.5,128.8
mpg,8.0,11,w48-16qam-r1/3,w48,19,1,0,data,ok,18,18,7.6,128.8
mpg,8.0,11,ack-1f,w,3,3,0,ctl,ok,0,0,13.2,128.8
mpg,8.0,11,w48-16qam-r1/3,w48,19,2,1,data,ok,17,17,11.7,128.8
mpg,8.0,11,ack-1f,w,2,2,0,ctl,ok,0,0,7.7,128.8
mpg,8.0,11,w48-16qam-r1/3,w48,19,1,0,data,ok,18,18,10.4,128.8
mpg,8.0,11,ack-1f,w,2,2,0,ctl,ok,0,0,15.2,128.8
mpg,8.0,11,w48-16qam-r1/3,w48,19,1,0,data,ok,18,18,8.6,128.8
mpg,8.0,11,ack-1f,w,3,3,0,ctl,ok,0,0,11.9,128.8
mpg,8.0,11,w48-16qam-r1/3,w48,19,2,1,data,ok,17,17,9.2,128.8
mpg,8.0,11,ack-1f,w,3,3,0,ctl,ok,0,0,8.2,128.8
mpg,8.0,11,w48-16qam-r1/3,w48,19,2,1,data,ok,17,17,8.9,128.8
mpg,8.0,11,ack-1f,w,2,2,0,ctl,ok,0,0,9.4,128.8
mpg,8.0,11,w48-16qam-r1/3,w48,19,1,0,data,ok,18,18,8.0,128.8
mpg,8.0,11,ack-1f,w,3,3,0,ctl,ok,0,0,11.9,128.8
mpg,8.0,11,w48-16qam-r1/3,w48,19,2,1,data,ok,17,5,6.0,128.8
mpg,8.0,11,ack-1f,w,4,4,0,ctl,ok,0,0,7.8,128.8
mpg,8.0,11,w48-16qam-r1/3,w48,19,2,1,data,ok,5,5,8.7,128.8
mpg,8.0,11,ack-1f,w,3,3,0,ctl,ok,0,0,10.4,128.8
mpg,8.0,11,w48-16qam-r1/3,w48,19,2,1,data,ok,17,17,10.0,128.8
mpg,8.0,11,ack-1f,w,2,2,0,ctl,ok,0,0,7.4,128.8
mpg,8.0,11,w48-16qam-r1/3,w48,19,1,0,data,ctl_lost,18,0,6.7,128.8
mpg,8.0,11,ack-4f,w,2,2,0,ctl,ok,0,0,14.2,128.8
mpg,8.0,11,ack-4f,w,3,3,0,ctl,ok,0,0,13.5,128.8
mpg,8.0,11,w48-16qam-r1/3,w48,19,2,1,data,ok,17,17,7.9,128.8
mpg,8.0,11,ack-1f,w,3,3,0,ctl,ok,0,0,13.6,128.8
mpg,8.0,11,w48-16qam-r1/3,w48,19,2,1,data,ok,17,0,6.1,128.8
mpg,8.0,11,ack-1f,w,3,3,0,ctl,ok,0,0,6.0,128.8
mpg,8.0,11,w48-qpsk-r1/2,w48,19,2,1,data,ok,17,17,9.1,128.8
mpg,8.0,11,ack-1f,w,2,2,0,ctl,ok,0,0,10.6,128.8
mpg,8.0,11,w48-qpsk-r1/2,w48,19,1,0,data,ok,18,18,8.7,128.8
mpg,8.0,11,ack-1f,w,3,3,0,ctl,ok,0,0,6.7,128.8
mpg,8.0,11,w48-16qam-r1/3,w48,19,2,1,data,ok,17,17,8.8,128.8
mpg,8.0,11,ack-1f,w,3,3,0,ctl,ok,0,0,1.3,128.8
mpg,8.0,11,w48-16qam-r1/3,w48,19,2,1,data,ok,17,17,10.0,128.8
mpg,8.0,11,ack-1f,w,2,2,0,ctl,ok,0,0,12.1,128.8
mpg,8.0,11,w48-16qam-r1/3,w48,19,1,0,data,ctl_lost,18,0,5.3,128.8
mpp,0.0,0,qpsk-r1/5,w,1,1,0,ctl,ok,0,0,2.2,42.1
mpp,0.0,0,qpsk-r1/5,w,1,1,0,ctl,ok,0,0,2.1,42.1
mpp,0.0,0,ack-4f,w,3,3,0,ctl,ok,0,0,1.6,42.1
mpp,0.0,0,ack-1f,w,3,3,0,ctl,ok,0,0,6.2,42.1
mpp,0.0,0,qpsk-r1/3,w,9,2,1,data,ok,7,7,4.3,42.1
mpp,0.0,0,ack-1f,w,3,3,0,ctl,ok,0,0,3.3,42.1
mpp,0.0,0,qpsk-r1/3,w,9,2,1,data,ok,7,7,3.7,42.1
mpp,0.0,0,ack-1f,w,3,3,0,ctl,ok,0,0,1.6,42.1
mpp,0.0,0,qpsk-r1/2,w,9,2,1,data,ok,7,7,3.2,42.1
mpp,0.0,0,ack-1f,w,3,3,0,ctl,ok,0,0,4.5,42.1
mpp,0.0,0,qpsk-r1/2,w,9,2,1,data,ok,7,7,3.8,42.1
mpp,0.0,0,ack-1f,w,3,3,0,ctl,ok,0,0,5.6,42.1
mpp,0.0,0,qpsk-r1/2,w,9,2,1,data,ok,7,7,3.9,42.1
mpp,0.0,0,ack-1f,w,3,3,0,ctl,ok,0,0,1.6,42.1
mpp,0.0,0,qpsk-r1/2,w,9,2,1,data,ok,7,0,1.3,42.1
mpp,0.0,0,ack-1f,w,3,3,0,ctl,ok,0,0,4.2,42.1
mpp,0.0,0,qpsk-r1/2,w,9,2,1,data,ok,0,0,3.9,42.1
mpp,0.0,0,ack-1f,w,3,3,0,ctl,ok,0,0,4.4,42.1
mpp,0.0,0,qpsk-r1/2,w,9,2,1,data,ok,7,7,4.0,42.1
mpp,0.0,0,ack-1f,w,2,2,0,ctl,ok,0,0,1.5,42.1
mpp,0.0,0,qpsk-r1/2,w,9,1,0,data,ok,8,8,4.1,42.1
mpp,0.0,0,ack-1f,w,2,2,0,ctl,ctl_lost,0,0,1.6,42.1
mpp,0.0,0,ack-4f,w,3,3,0,ctl,ok,0,0,2.0,42.1
mpp,0.0,0,ack-4f,w,2,2,0,ctl,ok,0,0,3.4,42.1
mpp,0.0,0,qpsk-r1/2,w,9,1,0,data,ok,8,8,4.1,42.1
mpp,0.0,0,ack-4f,w,2,2,0,ctl,ok,0,0,4.8,42.1
mpp,0.0,0,qpsk-r1/2,w,9,1,0,data,ctl_lost,8,0,1.4,42.1
mpp,0.0,0,ack-4f,w,3,3,0,ctl,ok,0,0,1.4,42.1
mpp,0.0,0,ack-4f,w,3,3,0,ctl,ok,0,0,3.7,42.1
mpp,0.0,0,qpsk-r1/3,w,9,2,1,data,ok,7,7,3.4,42.1
mpp,0.0,0,ack-4f,w,3,3,0,ctl,ok,0,0,-2.4,42.1
mpp,0.0,0,qpsk-r1/2,w,9,2,1,data,ok,7,0,1.7,42.1
mpp,0.0,0,ack-4f,w,3,3,0,ctl,ok,0,0,-0.3,42.1
mpp,0.0,0,qpsk-r1/2,w,9,2,1,data,ok,0,0,4.3,42.1
mpp,0.0,0,ack-4f,w,3,3,0,ctl,ok,0,0,3.1,42.1
mpp,0.0,0,qpsk-r1/2,w,9,2,1,data,ok,7,7,3.5,42.1
mpp,0.0,0,ack-4f,w,2,2,0,ctl,ok,0,0,3.6,42.1
mpp,0.0,0,qpsk-r1/2,w,9,1,0,data,ok,8,8,4.1,42.1
mpp,0.0,0,ack-4f,w,2,2,0,ctl,ok,0,0,5.6,42.1
mpp,0.0,0,qpsk-r1/2,w,9,1,0,data,ctl_lost,8,0,0.6,42.1
mpp,0.0,0,ack-4f,w,3,3,0,ctl,ok,0,0,1.7,42.1
mpp,0.0,0,ack-4f,w,3,3,0,ctl,ok,0,0,1.9,42.1
mpp,0.0,0,qpsk-r1/3,w,9,2,1,data,ok,7,7,4.4,42.1
mpp,0.0,0,ack-4f,w,3,3,0,ctl,ok,0,0,2.7,42.1
mpp,0.0,0,qpsk-r1/2,w,9,2,1,data,ok,7,7,4.3,42.1
mpp,0.0,0,ack-4f,w,3,3,0,ctl,ok,0,0,4.6,42.1
mpp,0.0,0,qpsk-r1/2,w,9,2,1,data,ok,7,0,1.0,42.1
mpp,0.0,0,ack-4f,w,3,3,0,ctl,ok,0,0,5.6,42.1
mpp,0.0,0,qpsk-r1/2,w,9,2,,data,missed,0,0,,42.1
mpp,0.0,0,ack-4f,w,3,3,0,ctl,ok,0,0,4.0,42.1
mpp,0.0,0,ack-4f,w,3,3,0,ctl,ok,0,0,3.8,42.1
mpp,0.0,0,qpsk-r1/3,w,9,2,1,data,ok,7,7,3.4,42.1
mpp,0.0,0,ack-1f,w,3,3,0,ctl,ok,0,0,5.9,42.1
mpp,0.0,0,qpsk-r1/2,w,9,2,1,data,ok,7,7,4.3,42.1
mpp,0.0,0,ack-1f,w,3,3,0,ctl,ok,0,0,3.6,42.1
mpp,0.0,0,qpsk-r1/2,w,9,2,1,data,ok,7,7,3.5,42.1
mpp,0.0,0,ack-1f,w,3,3,0,ctl,ok,0,0,2.0,42.1
mpp,0.0,0,qpsk-r1/2,w,9,2,1,data,ok,7,7,2.5,42.1
mpp,0.0,0,ack-1f,w,3,3,0,ctl,ok,0,0,1.5,42.1
mpp,0.0,0,qpsk-r1/2,w,9,2,1,data,ok,7,0,1.9,42.1
mpp,0.0,0,ack-4f,w,3,3,0,ctl,ok,0,0,4.3,42.1
mpp,0.0,0,qpsk-r1/3,w,9,2,1,data,ok,7,7,2.0,42.1
mpp,0.0,0,ack-4f,w,3,3,0,ctl,ok,0,0,1.3,42.1
mpp,0.0,0,qpsk-r1/3,w,9,2,1,data,ok,7,7,1.5,42.1
mpp,0.0,0,ack-4f,w,3,3,0,ctl,ok,0,0,6.0,42.1
mpp,0.0,0,qpsk-r1/3,w,9,2,1,data,ok,7,7,3.1,42.1
mpp,0.0,0,ack-1f,w,2,2,0,ctl,ok,0,0,2.1,42.1
mpp,0.0,0,qpsk-r1/3,w,9,1,0,data,ok,8,8,3.2,42.1
mpp,0.0,0,ack-1f,w,3,3,0,ctl,ctl_lost,0,0,-1.8,42.1
mpp,0.0,0,ack-4f,w,3,3,0,ctl,ok,0,0,5.2,42.1
mpp,0.0,0,ack-4f,w,2,2,0,ctl,ok,0,0,6.4,42.1
mpp,0.0,0,qpsk-r1/2,w,9,1,0,data,ok,8,8,3.0,42.1
mpp,0.0,0,ack-1f,w,2,2,0,ctl,ctl_lost,0,0,-1.7,42.1
mpp,0.0,0,ack-4f,w,3,3,0,ctl,ok,0,0,3.5,42.1
mpp,0.0,0,ack-4f,w,3,3,0,ctl,ok,0,0,3.2,42.1
mpp,0.0,0,qpsk-r1/2,w,9,2,1,data,ok,7,7,3.0,42.1
mpp,0.0,0,ack-4f,w,3,3,0,ctl,ok,0,0,6.6,42.1
mpp,0.0,0,qpsk-r1/2,w,9,2,1,data,ok,7,7,3.9,42.1
mpp,0.0,0,n4-ack-2f,n4,2,2,0,ctl,ok,0,0,2.1,42.1
mpp,0.0,0,qpsk-r1/2,w,9,1,0,data,ok,8,8,4.4,42.1
mpp,0.0,0,ack-1f,w,2,2,0,ctl,ok,0,0,4.6,42.1
mpp,0.0,0,qpsk-r1/2,w,9,1,0,data,ok,8,8,3.4,42.1
mpp,0.0,0,ack-4f,w,2,2,0,ctl,ok,0,0,2.8,42.1
mpp,0.0,0,qpsk-r1/2,w,9,1,0,data,ok,8,8,3.4,42.1
mpp,0.0,0,ack-4f,w,2,2,0,ctl,ok,0,0,6.8,42.1
mpp,0.0,0,qpsk-r1/2,w,9,1,0,data,ok,8,8,4.0,42.1
mpp,0.0,0,ack-1f,w,2,2,0,ctl,ok,0,0,5.5,42.1
mpp,0.0,0,qpsk-r1/2,w,9,1,0,data,ctl_lost,8,7,3.3,42.1
mpp,0.0,0,ack-4f,w,3,3,0,ctl,ok,0,0,3.8,42.1
mpp,0.0,0,ack-4f,w,3,3,0,ctl,ok,0,0,4.2,42.1
mpp,0.0,0,qpsk-r1/2,w,9,2,1,data,ok,7,7,4.0,42.1
mpp,0.0,0,ack-1f,w,2,2,0,ctl,ok,0,0,3.2,42.1
mpp,0.0,0,qpsk-r1/2,w,9,1,0,data,ok,8,8,4.4,42.1
mpp,0.0,0,ack-4f,w,2,2,0,ctl,ok,0,0,0.5,42.1
mpp,0.0,0,qpsk-r1/2,w,9,1,0,data,ok,8,8,4.1,42.1
mpp,0.0,0,ack-4f,w,2,2,0,ctl,ok,0,0,3.2,42.1
mpp,0.0,0,qpsk-r1/2,w,9,1,0,data,ok,8,8,4.1,42.1
mpp,0.0,2,qpsk-r1/5,w,1,1,0,ctl,ok,0,0,1.7,45.9
mpp,0.0,2,qpsk-r1/5,w,1,1,0,ctl,ok,0,0,4.3,45.9
mpp,0.0,2,ack-4f,w,3,3,0,ctl,ok,0,0,1.6,45.9
mpp,0.0,2,ack-1f,w,3,3,0,ctl,ok,0,0,-3.1,45.9
mpp,0.0,2,qpsk-r1/3,w,9,2,1,data,ok,7,7,3.2,45.9
mpp,0.0,2,ack-1f,w,3,3,0,ctl,ok,0,0,-3.6,45.9
mpp,0.0,2,qpsk-r1/3,w,9,2,1,data,ok,7,7,3.6,45.9
mpp,0.0,2,n10-ack-4f,n10,2,2,0,ctl,ok,0,0,2.1,45.9
mpp,0.0,2,qpsk-r1/3,w,9,1,0,data,ctl_lost,8,4,0.4,45.9
mpp,0.0,2,ack-4f,w,3,3,0,ctl,ok,0,0,4.0,45.9
mpp,0.0,2,ack-4f,w,2,2,0,ctl,ok,0,0,5.8,45.9
mpp,0.0,2,qpsk-r1/5,w,9,1,0,data,ok,8,8,-0.4,45.9
mpp,0.0,2,ack-1f,w,2,2,0,ctl,ok,0,0,5.0,45.9
mpp,0.0,2,qpsk-r1/5,w,9,1,0,data,ok,8,8,3.3,45.9
mpp,0.0,2,ack-1f,w,2,2,0,ctl,ok,0,0,5.8,45.9
mpp,0.0,2,qpsk-r1/5,w,9,1,0,data,ok,8,8,4.5,45.9
mpp,0.0,2,ack-1f,w,3,3,0,ctl,ok,0,0,2.8,45.9
mpp,0.0,2,qpsk-r1/2,w,9,2,1,data,ok,7,7,3.3,45.9
mpp,0.0,2,ack-1f,w,3,3,0,ctl,ok,0,0,8.8,45.9
mpp,0.0,2,qpsk-r1/2,w,9,2,1,data,ok,7,4,3.3,45.9
mpp,0.0,2,ack-1f,w,3,3,0,ctl,ctl_lost,0,0,-4.0,45.9
mpp,0.0,2,ack-4f,w,3,3,0,ctl,ok,0,0,2.1,45.9
mpp,0.0,2,ack-4f,w,3,3,0,ctl,ok,0,0,1.4,45.9
mpp,0.0,2,qpsk-r1/2,w,9,2,1,data,ok,7,7,2.9,45.9
mpp,0.0,2,n10-ack-4f,n10,3,3,0,ctl,ok,0,0,2.8,45.9
mpp,0.0,2,qpsk-r1/2,w,9,2,1,data,ok,7,7,3.9,45.9
mpp,0.0,2,ack-4f,w,3,3,0,ctl,ok,0,0,0.5,45.9
mpp,0.0,2,qpsk-r1/2,w,9,2,1,data,ok,7,0,-0.5,45.9
mpp,0.0,2,ack-4f,w,3,3,0,ctl,ok,0,0,3.3,45.9
mpp,0.0,2,qpsk-r1/2,w,9,2,1,data,ok,0,0,4.9,45.9
mpp,0.0,2,ack-4f,w,3,3,0,ctl,ok,0,0,2.9,45.9
mpp,0.0,2,qpsk-r1/2,w,9,2,1,data,ok,7,7,3.9,45.9
mpp,0.0,2,ack-4f,w,2,2,0,ctl,ok,0,0,4.0,45.9
mpp,0.0,2,qpsk-r1/2,w,9,1,0,data,ctl_lost,8,0,0.3,45.9
mpp,0.0,2,ack-4f,w,3,3,0,ctl,ok,0,0,3.3,45.9
mpp,0.0,2,ack-4f,w,3,3,0,ctl,ok,0,0,5.9,45.9
mpp,0.0,2,qpsk-r1/2,w,9,2,1,data,ok,7,7,3.3,45.9
mpp,0.0,2,ack-1f,w,3,3,0,ctl,ok,0,0,5.2,45.9
mpp,0.0,2,qpsk-r1/2,w,9,2,1,data,ok,7,7,2.9,45.9
mpp,0.0,2,ack-1f,w,3,3,0,ctl,ok,0,0,3.5,45.9
mpp,0.0,2,qpsk-r1/2,w,9,2,1,data,ok,7,7,3.1,45.9
mpp,0.0,2,ack-1f,w,3,3,0,ctl,ok,0,0,4.9,45.9
mpp,0.0,2,qpsk-r1/2,w,9,2,1,data,ok,7,7,4.0,45.9
mpp,0.0,2,ack-1f,w,2,2,0,ctl,ok,0,0,5.8,45.9
mpp,0.0,2,qpsk-r1/2,w,9,1,0,data,ok,8,8,3.9,45.9
mpp,0.0,2,ack-1f,w,2,2,0,ctl,ok,0,0,6.1,45.9
mpp,0.0,2,qpsk-r1/2,w,9,1,0,data,ok,8,8,3.1,45.9
mpp,0.0,2,ack-1f,w,2,2,0,ctl,ok,0,0,3.7,45.9
mpp,0.0,2,qpsk-r1/2,w,9,1,,data,missed,0,0,,45.9
mpp,0.0,2,ack-4f,w,3,3,0,ctl,ok,0,0,5.7,45.9
mpp,0.0,2,ack-4f,w,2,2,0,ctl,ok,0,0,-1.6,45.9
mpp,0.0,2,qpsk-r1/2,w,9,1,0,data,ok,8,8,3.8,45.9
mpp,0.0,2,ack-4f,w,2,2,0,ctl,ok,0,0,1.6,45.9
mpp,0.0,2,qpsk-r1/2,w,9,1,0,data,ok,8,8,4.1,45.9
mpp,0.0,2,ack-4f,w,2,2,0,ctl,ok,0,0,3.5,45.9
mpp,0.0,2,qpsk-r1/2,w,9,1,0,data,ok,8,7,3.0,45.9
mpp,0.0,2,ack-4f,w,3,3,0,ctl,ok,0,0,2.7,45.9
mpp,0.0,2,qpsk-r1/2,w,9,1,0,data,ok,7,7,3.6,45.9
mpp,0.0,2,ack-1f,w,2,2,0,ctl,ok,0,0,4.1,45.9
mpp,0.0,2,qpsk-r1/2,w,9,1,0,data,ok,8,8,4.3,45.9
mpp,0.0,2,ack-1f,w,2,2,0,ctl,ok,0,0,2.1,45.9
mpp,0.0,2,qpsk-r1/2,w,9,1,0,data,ok,8,8,4.3,45.9
mpp,0.0,2,ack-1f,w,2,2,0,ctl,ok,0,0,5.3,45.9
mpp,0.0,2,qpsk-r1/2,w,9,1,0,data,ok,8,8,4.2,45.9
mpp,0.0,2,ack-1f,w,2,2,0,ctl,ok,0,0,4.4,45.9
mpp,0.0,2,qpsk-r1/2,w,9,1,0,data,ok,8,8,3.2,45.9
mpp,0.0,2,ack-1f,w,2,2,0,ctl,ok,0,0,6.4,45.9
mpp,0.0,2,qpsk-r1/2,w,9,1,0,data,ctl_lost,8,0,2.8,45.9
mpp,0.0,2,ack-4f,w,3,3,0,ctl,ok,0,0,2.9,45.9
mpp,0.0,2,ack-4f,w,3,3,0,ctl,ok,0,0,3.3,45.9
mpp,0.0,2,qpsk-r1/2,w,9,2,1,data,ok,7,7,4.3,45.9
mpp,0.0,2,ack-1f,w,2,2,0,ctl,ok,0,0,1.2,45.9
mpp,0.0,2,qpsk-r1/2,w,9,1,0,data,ok,8,8,3.8,45.9
mpp,0.0,2,ack-4f,w,2,2,0,ctl,ok,0,0,1.9,45.9
mpp,0.0,2,qpsk-r1/2,w,9,1,0,data,ok,8,6,2.5,45.9
mpp,0.0,2,ack-4f,w,3,3,0,ctl,ok,0,0,1.8,45.9
mpp,0.0,2,qpsk-r1/2,w,9,2,1,data,ok,5,5,4.1,45.9
mpp,0.0,2,ack-4f,w,3,3,0,ctl,ok,0,0,6.3,45.9
mpp,0.0,2,qpsk-r1/2,w,9,2,1,data,ok,7,7,3.8,45.9
mpp,0.0,2,ack-1f,w,2,2,0,ctl,ok,0,0,2.5,45.9
mpp,0.0,2,qpsk-r1/2,w,9,1,0,data,ok,8,8,3.6,45.9
mpp,0.0,2,ack-1f,w,2,2,0,ctl,ok,0,0,1.5,45.9
mpp,0.0,2,qpsk-r1/2,w,9,1,0,data,ok,8,8,4.8,45.9
mpp,0.0,2,ack-1f,w,2,2,0,ctl,ok,0,0,2.4,45.9
mpp,0.0,2,qpsk-r1/2,w,9,1,0,data,ctl_lost,8,0,-0.3,45.9
mpp,0.0,2,ack-4f,w,3,3,0,ctl,ok,0,0,1.1,45.9
mpp,0.0,2,ack-4f,w,3,3,0,ctl,ok,0,0,1.9,45.9
mpp,0.0,2,qpsk-r1/5,w,9,2,1,data,ok,7,7,3.1,45.9
mpp,0.0,2,ack-1f,w,3,3,0,ctl,ok,0,0,9.3,45.9
mpp,0.0,2,qpsk-r1/2,w,9,2,1,data,ok,7,7,4.0,45.9
mpp,0.0,2,ack-1f,w,3,3,0,ctl,ok,0,0,5.3,45.9
mpp,0.0,2,qpsk-r1/2,w,9,2,1,data,ok,7,7,3.6,45.9
mpp,0.0,2,ack-1f,w,2,2,0,ctl,ok,0,0,5.9,45.9
mpp,0.0,2,qpsk-r1/2,w,9,1,0,data,ok,8,8,2.9,45.9
mpp,0.0,2,ack-1f,w,3,3,0,ctl,ok,0,0,1.6,45.9
mpp,0.0,2,qpsk-r1/2,w,9,2,1,data,ok,7,7,3.6,45.9
mpp,0.0,5,qpsk-r1/5,w,1,1,0,ctl,ok,0,0,1.0,43.4
mpp,0.0,5,qpsk-r1/5,w,1,1,0,ctl,ok,0,0,0.4,43.4
mpp,0.0,5,ack-4f,w,3,3,0,ctl,ok,0,0,3.7,43.4
mpp,0.0,5,ack-4f,w,3,3,0,ctl,ok,0,0,5.2,43.4
mpp,0.0,5,qpsk-r1/3,w,9,2,1,data,ok,7,7,4.2,43.4
mpp,0.0,5,ack-1f,w,3,3,0,ctl,ok,0,0,5.7,43.4
mpp,0.0,5,qpsk-r1/2,w,9,2,1,data,ok,7,7,4.2,43.4
mpp,0.0,5,ack-1f,w,3,3,0,ctl,ok,0,0,5.6,43.4
mpp,0.0,5,qpsk-r1/2,w,9,2,1,data,ok,7,7,3.8,43.4
mpp,0.0,5,ack-1f,w,3,3,0,ctl,ok,0,0,0.7,43.4
mpp,0.0,5,qpsk-r1/2,w,9,2,1,data,ok,7,0,0.1,43.4
mpp,0.0,5,ack-1f,w,3,3,0,ctl,ok,0,0,1.8,43.4
mpp,0.0,5,qpsk-r1/2,w,9,2,1,data,ok,0,0,3.6,43.4
mpp,0.0,5,ack-1f,w,3,3,0,ctl,ok,0,0,2.5,43.4
mpp,0.0,5,qpsk-r1/2,w,9,2,1,data,ok,7,0,2.2,43.4
mpp,0.0,5,ack-1f,w,3,3,0,ctl,ok,0,0,4.4,43.4
mpp,0.0,5,qpsk-r1/2,w,9,2,1,data,ok,0,0,2.9,43.4
mpp,0.0,5,ack-1f,w,3,3,0,ctl,ok,0,0,4.3,43.4
mpp,0.0,5,qpsk-r1/2,w,9,2,1,data,ok,7,0,0.5,43.4
mpp,0.0,5,ack-1f,w,3,3,0,ctl,ok,0,0,0.3,43.4
mpp,0.0,5,qpsk-r1/2,w,9,2,1,data,ok,0,0,3.0,43.4
mpp,0.0,5,ack-1f,w,3,3,0,ctl,ok,0,0,6.4,43.4
mpp,0.0,5,qpsk-r1/2,w,9,2,1,data,ok,7,7,3.4,43.4
mpp,0.0,5,ack-1f,w,2,2,0,ctl,ok,0,0,7.5,43.4
mpp,0.0,5,qpsk-r1/2,w,9,1,0,data,ok,8,8,4.0,43.4
mpp,0.0,5,ack-1f,w,2,2,0,ctl,ok,0,0,1.3,43.4
mpp,0.0,5,qpsk-r1/2,w,9,1,0,data,ok,8,8,3.2,43.4
mpp,0.0,5,ack-1f,w,2,2,0,ctl,ctl_lost,0,0,-0.7,43.4
mpp,0.0,5,ack-4f,w,3,3,0,ctl,ok,0,0,-0.1,43.4
mpp,0.0,5,ack-4f,w,3,3,0,ctl,ok,0,0,2.8,43.4
mpp,0.0,5,qpsk-r1/2,w,9,2,1,data,ok,7,0,0.2,43.4
mpp,0.0,5,ack-1f,w,3,3,0,ctl,ok,0,0,1.7,43.4
mpp,0.0,5,qpsk-r1/5,w,9,2,1,data,ok,7,7,-0.2,43.4
mpp,0.0,5,ack-1f,w,3,3,0,ctl,ok,0,0,3.6,43.4
mpp,0.0,5,qpsk-r1/5,w,9,2,1,data,ok,7,7,3.5,43.4
mpp,0.0,5,ack-1f,w,3,3,0,ctl,ok,0,0,2.5,43.4
mpp,0.0,5,qpsk-r1/2,w,9,2,1,data,ok,7,7,3.5,43.4
mpp,0.0,5,ack-1f,w,2,2,0,ctl,ok,0,0,4.6,43.4
mpp,0.0,5,qpsk-r1/2,w,9,1,0,data,ok,8,8,3.8,43.4
mpp,0.0,5,ack-1f,w,2,2,0,ctl,ok,0,0,7.2,43.4
mpp,0.0,5,qpsk-r1/2,w,9,1,0,data,ok,8,8,4.0,43.4
mpp,0.0,5,ack-1f,w,2,2,0,ctl,ok,0,0,2.8,43.4
mpp,0.0,5,qpsk-r1/2,w,9,1,0,data,ok,8,8,4.7,43.4
mpp,0.0,5,ack-1f,w,2,2,0,ctl,ok,0,0,-1.2,43.4
mpp,0.0,5,qpsk-r1/2,w,9,1,0,data,ctl_lost,8,0,1.7,43.4
mpp,0.0,5,ack-4f,w,3,3,0,ctl,ok,0,0,3.7,43.4
mpp,0.0,5,ack-4f,w,3,3,0,ctl,ok,0,0,3.1,43.4
mpp,0.0,5,qpsk-r1/2,w,9,2,1,data,ok,7,7,4.0,43.4
mpp,0.0,5,ack-1f,w,2,2,0,ctl,ok,0,0,3.1,43.4
mpp,0.0,5,qpsk-r1/2,w,9,1,0,data,ok,8,8,3.6,43.4
mpp,0.0,5,ack-1f,w,2,2,0,ctl,ok,0,0,4.9,43.4
mpp,0.0,5,qpsk-r1/2,w,9,1,0,data,ok,8,8,3.9,43.4
mpp,0.0,5,ack-1f,w,2,2,0,ctl,ok,0,0,1.5,43.4
mpp,0.0,5,qpsk-r1/2,w,9,1,0,data,ok,8,8,3.3,43.4
mpp,0.0,5,ack-1f,w,2,2,0,ctl,ok,0,0,0.1,43.4
mpp,0.0,5,qpsk-r1/2,w,9,1,0,data,ok,8,8,3.0,43.4
mpp,0.0,5,ack-1f,w,2,2,0,ctl,ok,0,0,3.0,43.4
mpp,0.0,5,qpsk-r1/2,w,9,1,0,data,ok,8,6,2.4,43.4
mpp,0.0,5,ack-1f,w,3,3,0,ctl,ok,0,0,0.8,43.4
mpp,0.0,5,qpsk-r1/2,w,9,2,1,data,ok,5,5,4.0,43.4
mpp,0.0,5,ack-1f,w,2,2,0,ctl,ok,0,0,3.1,43.4
mpp,0.0,5,qpsk-r1/2,w,9,1,0,data,ok,8,8,4.3,43.4
mpp,0.0,5,ack-1f,w,2,2,0,ctl,ok,0,0,4.0,43.4
mpp,0.0,5,qpsk-r1/2,w,9,1,0,data,ok,8,8,3.2,43.4
mpp,0.0,5,ack-1f,w,2,2,0,ctl,ok,0,0,4.3,43.4
mpp,0.0,5,qpsk-r1/2,w,9,1,0,data,ok,8,8,3.5,43.4
mpp,0.0,5,ack-1f,w,2,2,0,ctl,ok,0,0,7.4,43.4
mpp,0.0,5,qpsk-r1/2,w,9,1,0,data,ok,8,8,3.7,43.4
mpp,0.0,5,ack-1f,w,2,2,0,ctl,ctl_lost,0,0,-5.0,43.4
mpp,0.0,5,ack-4f,w,3,3,0,ctl,ok,0,0,2.0,43.4
mpp,0.0,5,ack-4f,w,2,2,0,ctl,ok,0,0,4.6,43.4
mpp,0.0,5,qpsk-r1/2,w,9,1,0,data,ctl_lost,8,0,1.0,43.4
mpp,0.0,5,ack-4f,w,3,3,0,ctl,ok,0,0,-1.3,43.4
mpp,0.0,5,ack-4f,w,3,3,0,ctl,ok,0,0,3.3,43.4
mpp,0.0,5,qpsk-r1/5,w,9,2,1,data,ok,7,7,4.2,43.4
mpp,0.0,5,ack-1f,w,3,3,0,ctl,ok,0,0,0.8,43.4
mpp,0.0,5,qpsk-r1/2,w,9,2,1,data,ok,7,7,2.9,43.4
mpp,0.0,5,ack-1f,w,2,2,0,ctl,ok,0,0,-0.1,43.4
mpp,0.0,5,qpsk-r1/2,w,9,1,0,data,ctl_lost,8,0,1.0,43.4
mpp,0.0,5,ack-4f,w,3,3,0,ctl,ok,0,0,5.1,43.4
mpp,0.0,5,ack-4f,w,3,3,0,ctl,ok,0,0,6.7,43.4
mpp,0.0,5,qpsk-r1/2,w,9,2,1,data,ok,7,7,3.9,43.4
mpp,0.0,5,ack-1f,w,2,2,0,ctl,ok,0,0,4.1,43.4
mpp,0.0,5,qpsk-r1/2,w,9,1,0,data,ctl_lost,8,0,1.4,43.4
mpp,0.0,5,ack-4f,w,3,3,0,ctl,ok,0,0,1.0,43.4
mpp,0.0,5,ack-4f,w,2,2,0,ctl,ok,0,0,0.4,43.4
mpp,0.0,5,qpsk-r1/5,w,9,1,0,data,ok,8,8,2.8,43.4
mpp,0.0,5,ack-1f,w,3,3,0,ctl,ok,0,0,5.5,43.4
mpp,0.0,5,qpsk-r1/3,w,9,2,1,data,ok,7,7,3.2,43.4
mpp,0.0,5,ack-1f,w,3,3,0,ctl,ok,0,0,5.6,43.4
mpp,0.0,5,qpsk-r1/3,w,9,2,1,data,ok,7,7,3.2,43.4
mpp,0.0,5,ack-1f,w,2,2,0,ctl,ok,0,0,3.8,43.4
mpp,0.0,5,qpsk-r1/3,w,9,1,0,data,ok,8,8,1.1,43.4
mpp,0.0,5,ack-1f,w,3,3,0,ctl,ok,0,0,1.4,43.4
mpp,0.0,5,qpsk-r1/3,w,9,2,1,data,ok,7,7,4.0,43.4
mpp,0.0,5,ack-1f,w,3,3,0,ctl,ok,0,0,6.8,43.4
mpp,0.0,5,qpsk-r1/3,w,9,2,1,data,ok,7,7,3.4,43.4
mpp,0.0,5,ack-1f,w,3,3,0,ctl,ok,0,0,3.1,43.4
mpp,0.0,5,qpsk-r1/2,w,9,2,1,data,ok,7,7,3.6,43.4
mpp,0.0,3,qpsk-r1/5,w,1,1,0,ctl,ok,0,0,2.2,41.6
mpp,0.0,3,qpsk-r1/5,w,1,1,0,ctl,ok,0,0,2.1,41.6
mpp,0.0,3,ack-4f,w,3,3,0,ctl,ok,0,0,4.2,41.6
mpp,0.0,3,ack-1f,w,3,3,0,ctl,ok,0,0,5.4,41.6
mpp,0.0,3,qpsk-r1/3,w,9,2,1,data,ok,7,7,2.3,41.6
mpp,0.0,3,ack-1f,w,3,3,0,ctl,ok,0,0,4.9,41.6
mpp,0.0,3,qpsk-r1/3,w,9,2,1,data,ok,7,7,2.5,41.6
mpp,0.0,3,ack-1f,w,3,3,0,ctl,ok,0,0,5.9,41.6
mpp,0.0,3,qpsk-r1/3,w,9,2,1,data,ok,7,7,0.8,41.6
mpp,0.0,3,ack-1f,w,3,3,0,ctl,ok,0,0,0.6,41.6
mpp,0.0,3,qpsk-r1/3,w,9,2,1,data,ok,7,7,3.8,41.6
mpp,0.0,3,ack-1f,w,3,3,0,ctl,ok,0,0,6.0,41.6
mpp,0.0,3,qpsk-r1/3,w,9,2,1,data,ok,7,7,4.2,41.6
mpp,0.0,3,ack-1f,w,3,3,0,ctl,ok,0,0,8.6,41.6
mpp,0.0,3,qpsk-r1/2,w,9,2,1,data,ok,7,7,5.0,41.6
mpp,0.0,3,ack-1f,w,3,3,0,ctl,ok,0,0,5.3,41.6
mpp,0.0,3,qpsk-r1/2,w,9,2,1,data,ok,7,7,3.9,41.6
mpp,0.0,3,ack-1f,w,3,3,0,ctl,ok,0,0,0.5,41.6
mpp,0.0,3,qpsk-r1/2,w,9,2,1,data,ok,7,5,3.1,41.6
mpp,0.0,3,ack-1f,w,3,3,0,ctl,ok,0,0,6.9,41.6
mpp,0.0,3,qpsk-r1/2,w,9,2,1,data,ok,5,5,3.3,41.6
mpp,0.0,3,ack-1f,w,3,3,0,ctl,ok,0,0,5.2,41.6
mpp,0.0,3,qpsk-r1/2,w,9,2,1,data,ok,7,7,3.3,41.6
mpp,0.0,3,ack-1f,w,3,3,0,ctl,ok,0,0,5.7,41.6
mpp,0.0,3,qpsk-r1/2,w,9,2,1,data,ok,7,7,3.4,41.6
mpp,0.0,3,ack-1f,w,3,3,0,ctl,ok,0,0,3.6,41.6
mpp,0.0,3,qpsk-r1/2,w,9,2,1,data,ok,7,7,3.8,41.6
mpp,0.0,3,ack-1f,w,3,3,0,ctl,ok,0,0,5.9,41.6
mpp,0.0,3,qpsk-r1/2,w,9,2,1,data,ok,7,7,3.9,41.6
mpp,0.0,3,ack-1f,w,2,2,0,ctl,ok,0,0,2.5,41.6
mpp,0.0,3,qpsk-r1/2,w,9,1,0,data,ok,8,8,3.2,41.6
mpp,0.0,3,ack-1f,w,2,2,0,ctl,ok,0,0,4.3,41.6
mpp,0.0,3,qpsk-r1/2,w,9,1,0,data,ok,8,8,4.3,41.6
mpp,0.0,3,ack-1f,w,2,2,0,ctl,ok,0,0,8.9,41.6
mpp,0.0,3,qpsk-r1/2,w,9,1,0,data,ctl_lost,8,0,2.5,41.6
mpp,0.0,3,ack-4f,w,3,3,0,ctl,ok,0,0,3.1,41.6
mpp,0.0,3,ack-4f,w,3,3,0,ctl,ok,0,0,4.5,41.6
mpp,0.0,3,qpsk-r1/3,w,9,2,1,data,ok,7,7,3.6,41.6
mpp,0.0,3,ack-1f,w,3,3,0,ctl,ok,0,0,0.9,41.6
mpp,0.0,3,qpsk-r1/2,w,9,2,1,data,ok,7,0,1.9,41.6
mpp,0.0,3,ack-1f,w,3,3,0,ctl,ok,0,0,2.8,41.6
mpp,0.0,3,qpsk-r1/2,w,9,2,1,data,ok,0,0,2.1,41.6
mpp,0.0,3,ack-1f,w,3,3,0,ctl,ok,0,0,5.6,41.6
mpp,0.0,3,qpsk-r1/2,w,9,2,1,data,ok,7,7,3.3,41.6
mpp,0.0,3,ack-1f,w,3,3,0,ctl,ok,0,0,3.8,41.6
mpp,0.0,3,qpsk-r1/2,w,9,2,1,data,ok,7,7,3.1,41.6
mpp,0.0,3,ack-1f,w,2,2,0,ctl,ok,0,0,5.9,41.6
mpp,0.0,3,qpsk-r1/2,w,9,1,0,data,ok,8,7,2.9,41.6
mpp,0.0,3,ack-1f,w,3,3,0,ctl,ok,0,0,1.5,41.6
mpp,0.0,3,qpsk-r1/2,w,9,2,1,data,ok,6,0,0.5,41.6
mpp,0.0,3,ack-1f,w,3,3,0,ctl,ok,0,0,1.7,41.6
mpp,0.0,3,qpsk-r1/2,w,9,2,1,data,ok,1,1,4.3,41.6
mpp,0.0,3,ack-1f,w,3,3,0,ctl,ok,0,0,4.1,41.6
mpp,0.0,3,qpsk-r1/2,w,9,2,1,data,ok,7,0,1.7,41.6
mpp,0.0,3,ack-1f,w,2,2,0,ctl,ok,0,0,3.3,41.6
mpp,0.0,3,qpsk-r1/2,w,9,1,0,data,ctl_lost,1,0,2.0,41.6
mpp,0.0,3,ack-4f,w,3,3,0,ctl,ok,0,0,0.7,41.6
mpp,0.0,3,ack-4f,w,3,3,0,ctl,ok,0,0,4.2,41.6
mpp,0.0,3,qpsk-r1/3,w,9,2,1,data,ok,7,7,3.7,41.6
mpp,0.0,3,ack-1f,w,3,3,0,ctl,ok,0,0,4.7,41.6
mpp,0.0,3,qpsk-r1/2,w,9,2,1,data,ok,7,7,2.6,41.6
mpp,0.0,3,ack-1f,w,3,3,0,ctl,ok,0,0,5.9,41.6
mpp,0.0,3,qpsk-r1/2,w,9,2,1,data,ok,7,0,1.9,41.6
mpp,0.0,3,ack-1f,w,3,3,0,ctl,ok,0,0,3.5,41.6
mpp,0.0,3,qpsk-r1/3,w,9,2,1,data,ok,7,7,3.5,41.6
mpp,0.0,3,ack-1f,w,2,2,0,ctl,ok,0,0,-1.4,41.6
mpp,0.0,3,qpsk-r1/3,w,9,1,0,data,ok,8,8,3.7,41.6
mpp,0.0,3,ack-1f,w,2,2,0,ctl,ok,0,0,4.4,41.6
mpp,0.0,3,qpsk-r1/2,w,9,1,0,data,ok,8,8,5.1,41.6
mpp,0.0,3,ack-1f,w,2,2,0,ctl,ok,0,0,3.7,41.6
mpp,0.0,3,qpsk-r1/2,w,9,1,0,data,ctl_lost,8,5,2.6,41.6
mpp,0.0,3,ack-4f,w,3,3,0,ctl,ok,0,0,4.6,41.6
mpp,0.0,3,ack-4f,w,2,2,0,ctl,ok,0,0,5.4,41.6
mpp,0.0,3,qpsk-r1/3,w,9,1,0,data,ok,8,8,2.4,41.6
mpp,0.0,3,ack-1f,w,3,3,0,ctl,ctl_lost,0,0,-4.4,41.6
mpp,0.0,3,ack-4f,w,4,4,0,ctl,ok,0,0,4.5,41.6
mpp,0.0,3,ack-4f,w,2,2,0,ctl,ok,0,0,6.3,41.6
mpp,0.0,3,qpsk-r1/3,w,9,1,0,data,ok,8,8,2.8,41.6
mpp,0.0,3,ack-1f,w,3,3,0,ctl,ok,0,0,1.1,41.6
mpp,0.0,3,qpsk-r1/2,w,9,2,1,data,ok,7,7,3.3,41.6
mpp,0.0,3,ack-1f,w,2,2,0,ctl,ok,0,0,3.7,41.6
mpp,0.0,3,qpsk-r1/3,w,9,1,0,data,ok,8,8,3.5,41.6
mpp,0.0,3,ack-1f,w,3,3,0,ctl,ok,0,0,6.2,41.6
mpp,0.0,3,qpsk-r1/2,w,9,2,1,data,ok,7,7,3.4,41.6
mpp,0.0,3,ack-1f,w,3,3,0,ctl,ok,0,0,7.8,41.6
mpp,0.0,3,qpsk-r1/2,w,9,2,1,data,ok,7,0,2.4,41.6
mpp,0.0,3,ack-1f,w,2,2,0,ctl,ok,0,0,-1.2,41.6
mpp,0.0,3,qpsk-r1/3,w,9,1,0,data,ok,8,8,4.5,41.6
mpp,0.0,3,ack-1f,w,2,2,0,ctl,ok,0,0,0.3,41.6
mpp,0.0,3,qpsk-r1/3,w,9,1,0,data,ok,8,8,3.7,41.6
mpp,0.0,3,ack-1f,w,2,2,0,ctl,ok,0,0,-0.1,41.6
mpp,0.0,3,qpsk-r1/2,w,9,1,0,data,ok,8,8,3.5,41.6
mpp,0.0,3,ack-1f,w,3,3,0,ctl,ok,0,0,3.9,41.6
mpp,0.0,3,qpsk-r1/2,w,9,2,1,data,ok,7,7,3.0,41.6
mpp,0.0,3,ack-1f,w,2,2,0,ctl,ctl_lost,0,0,-6.6,41.6
mpp,0.0,3,ack-4f,w,3,3,0,ctl,ok,0,0,5.0,41.6
mpp,0.0,3,ack-4f,w,2,2,0,ctl,ok,0,0,0.7,41.6
mpp,0.0,3,qpsk-r1/2,w,9,1,0,data,ctl_lost,8,0,0.1,41.6
mpp,0.0,3,ack-4f,w,3,3,0,ctl,ok,0,0,2.7,41.6
mpp,0.0,4,qpsk-r1/5,w,1,1,0,ctl,ok,0,0,6.3,51.0
mpp,0.0,4,qpsk-r1/5,w,1,1,0,ctl,ok,0,0,3.5,51.0
mpp,0.0,4,ack-4f,w,3,3,0,ctl,ok,0,0,4.6,51.0
mpp,0.0,4,ack-1f,w,2,2,0,ctl,ok,0,0,-0.8,51.0
mpp,0.0,4,qpsk-r1/2,w,9,1,0,data,ok,8,8,4.2,51.0
mpp,0.0,4,ack-1f,w,3,3,0,ctl,ok,0,0,-1.8,51.0
mpp,0.0,4,qpsk-r1/2,w,9,2,1,data,ok,7,2,2.8,51.0
mpp,0.0,4,ack-4f,w,3,3,0,ctl,ok,0,0,2.5,51.0
mpp,0.0,4,qpsk-r1/2,w,9,2,1,data,ok,2,2,2.8,51.0
mpp,0.0,4,ack-4f,w,3,3,0,ctl,ok,0,0,0.4,51.0
mpp,0.0,4,qpsk-r1/2,w,9,2,1,data,ok,7,0,0.0,51.0
mpp,0.0,4,ack-4f,w,3,3,0,ctl,ok,0,0,4.3,51.0
mpp,0.0,4,qpsk-r1/2,w,9,2,1,data,ok,0,0,3.6,51.0
mpp,0.0,4,ack-1f,w,3,3,0,ctl,ok,0,0,4.8,51.0
mpp,0.0,4,qpsk-r1/2,w,9,2,1,data,ok,7,7,2.6,51.0
mpp,0.0,4,ack-1f,w,3,3,0,ctl,ok,0,0,5.0,51.0
mpp,0.0,4,qpsk-r1/2,w,9,2,1,data,ok,7,7,3.5,51.0
mpp,0.0,4,ack-1f,w,3,3,0,ctl,ok,0,0,6.1,51.0
mpp,0.0,4,qpsk-r1/2,w,9,2,1,data,ok,7,0,1.8,51.0
mpp,0.0,4,ack-1f,w,3,3,0,ctl,ok,0,0,2.4,51.0
mpp,0.0,4,qpsk-r1/2,w,9,2,1,data,ok,0,0,3.7,51.0
mpp,0.0,4,ack-1f,w,3,3,0,ctl,ok,0,0,3.7,51.0
mpp,0.0,4,qpsk-r1/2,w,9,2,1,data,ok,7,1,3.1,51.0
mpp,0.0,4,ack-1f,w,2,2,0,ctl,ok,0,0,3.9,51.0
mpp,0.0,4,qpsk-r1/2,w,9,1,0,data,ok,2,2,3.7,51.0
mpp,0.0,4,ack-1f,w,2,2,0,ctl,ok,0,0,5.0,51.0
mpp,0.0,4,qpsk-r1/2,w,9,1,0,data,ctl_lost,8,0,2.8,51.0
mpp,0.0,4,ack-4f,w,3,3,0,ctl,ok,0,0,3.0,51.0
mpp,0.0,4,ack-4f,w,3,3,0,ctl,ok,0,0,2.3,51.0
mpp,0.0,4,qpsk-r1/2,w,9,2,1,data,ok,7,7,3.5,51.0
mpp,0.0,4,ack-1f,w,2,2,0,ctl,ok,0,0,-0.0,51.0
mpp,0.0,4,qpsk-r1/2,w,9,1,0,data,ok,8,8,3.7,51.0
mpp,0.0,4,ack-1f,w,2,2,0,ctl,ok,0,0,-1.4,51.0
mpp,0.0,4,qpsk-r1/2,w,9,1,0,data,ok,8,8,2.9,51.0
mpp,0.0,4,ack-4f,w,2,2,0,ctl,ok,0,0,3.5,51.0
mpp,0.0,4,qpsk-r1/2,w,9,1,0,data,ok,8,8,4.0,51.0
mpp,0.0,4,ack-1f,w,2,2,0,ctl,ok,0,0,4.2,51.0
mpp,0.0,4,qpsk-r1/2,w,9,1,0,data,ok,8,8,3.8,51.0
mpp,0.0,4,ack-1f,w,2,2,0,ctl,ok,0,0,5.1,51.0
mpp,0.0,4,qpsk-r1/2,w,9,1,0,data,ok,8,8,3.8,51.0
mpp,0.0,4,ack-1f,w,2,2,0,ctl,ok,0,0,3.1,51.0
mpp,0.0,4,qpsk-r1/2,w,9,1,0,data,ok,8,8,4.2,51.0
mpp,0.0,4,ack-1f,w,2,2,0,ctl,ok,0,0,6.4,51.0
mpp,0.0,4,qpsk-r1/2,w,9,1,0,data,ok,8,8,3.5,51.0
mpp,0.0,4,ack-1f,w,2,2,0,ctl,ctl_lost,0,0,-4.8,51.0
mpp,0.0,4,ack-4f,w,3,3,0,ctl,ok,0,0,0.6,51.0
mpp,0.0,4,ack-4f,w,3,3,0,ctl,ok,0,0,2.3,51.0
mpp,0.0,4,qpsk-r1/2,w,9,2,1,data,ok,7,7,3.3,51.0
mpp,0.0,4,ack-4f,w,3,3,0,ctl,ok,0,0,0.2,51.0
mpp,0.0,4,qpsk-r1/2,w,9,2,1,data,ok,7,7,3.2,51.0
mpp,0.0,4,ack-4f,w,2,2,0,ctl,ok,0,0,4.2,51.0
mpp,0.0,4,qpsk-r1/2,w,9,1,0,data,ok,8,8,3.5,51.0
mpp,0.0,4,ack-4f,w,2,2,0,ctl,ok,0,0,2.6,51.0
mpp,0.0,4,qpsk-r1/2,w,9,1,0,data,ok,8,8,2.5,51.0
mpp,0.0,4,ack-1f,w,2,2,0,ctl,ctl_lost,0,0,-0.9,51.0
mpp,0.0,4,ack-4f,w,3,3,0,ctl,ok,0,0,1.3,51.0
mpp,0.0,4,ack-4f,w,3,3,0,ctl,ok,0,0,2.9,51.0
mpp,0.0,4,qpsk-r1/2,w,9,2,1,data,ok,7,7,3.9,51.0
mpp,0.0,4,ack-4f,w,2,2,0,ctl,ok,0,0,-0.0,51.0
mpp,0.0,4,qpsk-r1/2,w,9,1,0,data,ok,8,8,3.4,51.0
mpp,0.0,4,ack-4f,w,2,2,0,ctl,ok,0,0,0.7,51.0
mpp,0.0,4,qpsk-r1/2,w,9,1,0,data,ok,8,8,3.4,51.0
mpp,0.0,4,ack-4f,w,2,2,0,ctl,ok,0,0,0.7,51.0
mpp,0.0,4,qpsk-r1/2,w,9,1,0,data,ok,8,8,4.0,51.0
mpp,0.0,4,ack-4f,w,2,2,0,ctl,ok,0,0,4.7,51.0
mpp,0.0,4,qpsk-r1/2,w,9,1,0,data,ctl_lost,8,1,3.0,51.0
mpp,0.0,4,ack-4f,w,3,3,0,ctl,ok,0,0,1.7,51.0
mpp,0.0,4,ack-4f,w,3,3,0,ctl,ok,0,0,2.0,51.0
mpp,0.0,4,qpsk-r1/2,w,9,2,1,data,ok,7,7,3.5,51.0
mpp,0.0,4,ack-4f,w,2,2,0,ctl,ok,0,0,3.6,51.0
mpp,0.0,4,qpsk-r1/2,w,9,1,0,data,ok,8,8,3.1,51.0
mpp,0.0,4,ack-4f,w,2,2,0,ctl,ok,0,0,2.2,51.0
mpp,0.0,4,qpsk-r1/2,w,9,1,0,data,ok,8,8,3.2,51.0
mpp,0.0,4,ack-4f,w,2,2,0,ctl,ok,0,0,3.0,51.0
mpp,0.0,4,qpsk-r1/2,w,9,1,0,data,ok,8,8,3.7,51.0
mpp,0.0,4,ack-4f,w,2,2,0,ctl,ok,0,0,3.8,51.0
mpp,0.0,4,qpsk-r1/2,w,9,1,0,data,ctl_lost,8,0,1.9,51.0
mpp,0.0,4,ack-4f,w,3,3,0,ctl,ok,0,0,3.2,51.0
mpp,0.0,4,ack-4f,w,3,3,0,ctl,ok,0,0,4.3,51.0
mpp,0.0,4,qpsk-r1/2,w,9,2,1,data,ok,7,7,4.6,51.0
mpp,0.0,4,ack-4f,w,2,2,0,ctl,ok,0,0,5.9,51.0
mpp,0.0,4,qpsk-r1/2,w,9,1,0,data,ok,8,8,3.9,51.0
mpp,0.0,4,ack-4f,w,2,2,0,ctl,ok,0,0,1.3,51.0
mpp,0.0,4,qpsk-r1/2,w,9,1,0,data,ok,8,5,2.2,51.0
mpp,0.0,4,ack-4f,w,3,3,0,ctl,ok,0,0,0.8,51.0
mpp,0.0,4,qpsk-r1/2,w,9,2,1,data,ok,4,4,3.4,51.0
mpp,0.0,4,ack-4f,w,3,3,0,ctl,ok,0,0,4.9,51.0
mpp,0.0,4,qpsk-r1/2,w,9,2,1,data,ok,7,7,4.8,51.0
mpp,0.0,4,ack-4f,w,2,2,0,ctl,ok,0,0,-0.2,51.0
mpp,0.0,4,qpsk-r1/2,w,9,1,0,data,ok,8,8,4.7,51.0
mpp,0.0,4,ack-4f,w,2,2,0,ctl,ok,0,0,3.4,51.0
mpp,0.0,4,qpsk-r1/2,w,9,1,0,data,ok,8,8,4.1,51.0
mpp,0.0,4,ack-4f,w,2,2,0,ctl,ok,0,0,4.9,51.0
mpp,0.0,4,qpsk-r1/2,w,9,1,0,data,ok,8,8,4.6,51.0
mpp,0.0,4,ack-4f,w,2,2,0,ctl,ok,0,0,2.2,51.0
mpp,0.0,4,qpsk-r1/2,w,9,1,0,data,ctl_lost,8,0,1.7,51.0
mpp,0.0,1,qpsk-r1/5,w,1,1,0,ctl,ok,0,0,1.0,41.2
mpp,0.0,1,qpsk-r1/5,w,1,1,0,ctl,ok,0,0,5.5,41.2
mpp,0.0,1,ack-4f,w,3,3,0,ctl,ok,0,0,1.8,41.2
mpp,0.0,1,ack-1f,w,3,3,0,ctl,ok,0,0,5.3,41.2
mpp,0.0,1,qpsk-r1/3,w,9,2,1,data,ok,7,7,2.6,41.2
mpp,0.0,1,ack-1f,w,3,3,0,ctl,ok,0,0,3.0,41.2
mpp,0.0,1,qpsk-r1/3,w,9,2,1,data,ok,7,7,3.5,41.2
mpp,0.0,1,ack-1f,w,3,3,0,ctl,ok,0,0,5.7,41.2
mpp,0.0,1,qpsk-r1/3,w,9,2,1,data,ok,7,7,3.0,41.2
mpp,0.0,1,ack-1f,w,2,2,0,ctl,ctl_lost,0,0,-0.1,41.2
mpp,0.0,1,ack-4f,w,3,3,0,ctl,ok,0,0,-0.4,41.2
mpp,0.0,1,ack-4f,w,3,3,0,ctl,ok,0,0,4.2,41.2
mpp,0.0,1,qpsk-r1/3,w,9,2,1,data,ok,7,7,3.2,41.2
mpp,0.0,1,ack-1f,w,3,3,0,ctl,ok,0,0,3.2,41.2
mpp,0.0,1,qpsk-r1/3,w,9,2,1,data,ok,7,7,2.3,41.2
mpp,0.0,1,ack-1f,w,3,3,0,ctl,ok,0,0,5.5,41.2
mpp,0.0,1,qpsk-r1/3,w,9,2,1,data,ok,7,7,3.4,41.2
mpp,0.0,1,ack-1f,w,2,2,0,ctl,ok,0,0,3.4,41.2
mpp,0.0,1,qpsk-r1/3,w,9,1,0,data,ok,8,8,2.4,41.2
mpp,0.0,1,ack-1f,w,3,3,0,ctl,ok,0,0,1.4,41.2
mpp,0.0,1,qpsk-r1/3,w,9,2,1,data,ok,7,7,1.4,41.2
mpp,0.0,1,ack-1f,w,3,3,0,ctl,ok,0,0,3.0,41.2
mpp,0.0,1,qpsk-r1/3,w,9,2,1,data,ok,7,7,3.6,41.2
mpp,0.0,1,ack-1f,w,2,2,0,ctl,ok,0,0,4.0,41.2
mpp,0.0,1,qpsk-r1/3,w,9,1,0,data,ok,8,8,2.9,41.2
mpp,0.0,1,ack-1f,w,2,2,0,ctl,ok,0,0,1.3,41.2
mpp,0.0,1,qpsk-r1/3,w,9,1,0,data,ctl_lost,8,0,-0.6,41.2
mpp,0.0,1,ack-4f,w,3,3,0,ctl,ok,0,0,1.4,41.2
mpp,0.0,1,ack-4f,w,3,3,0,ctl,ok,0,0,2.8,41.2
mpp,0.0,1,qpsk-r1/5,w,9,2,1,data,ok,7,7,4.3,41.2
mpp,0.0,1,ack-1f,w,2,2,0,ctl,ok,0,0,1.0,41.2
mpp,0.0,1,qpsk-r1/3,w,9,1,0,data,ok,8,8,2.1,41.2
mpp,0.0,1,ack-1f,w,3,3,0,ctl,ok,0,0,4.0,41.2
mpp,0.0,1,w48-qpsk-r1/5,w48,19,2,1,data,ok,17,17,1.9,41.2
mpp,0.0,1,ack-1f,w,3,3,0,ctl,ok,0,0,6.3,41.2
mpp,0.0,1,w48-qpsk-r1/5,w48,19,2,1,data,ok,17,17,2.0,41.2
mpp,0.0,1,ack-1f,w,3,3,0,ctl,ok,0,0,3.8,41.2
mpp,0.0,1,w48-qpsk-r1/5,w48,19,2,1,data,ok,17,17,2.8,41.2
mpp,0.0,1,ack-1f,w,2,2,0,ctl,ctl_lost,0,0,-2.4,41.2
mpp,0.0,1,ack-4f,w,3,3,0,ctl,ok,0,0,3.8,41.2
mpp,0.0,1,ack-4f,w,3,3,0,ctl,ok,0,0,4.8,41.2
mpp,0.0,1,w48-qpsk-r1/5,w48,19,2,1,data,ok,17,17,1.3,41.2
mpp,0.0,1,ack-4f,w,3,3,0,ctl,ok,0,0,1.3,41.2
mpp,0.0,1,w48-qpsk-r1/5,w48,19,2,1,data,ok,17,17,0.6,41.2
mpp,0.0,1,ack-4f,w,3,3,0,ctl,ok,0,0,2.2,41.2
mpp,0.0,1,w48-qpsk-r1/5,w48,19,2,1,data,ok,17,3,0.3,41.2
mpp,0.0,1,ack-4f,w,4,4,0,ctl,ok,0,0,3.1,41.2
mpp,0.0,1,w48-qpsk-r1/5,w48,19,2,1,data,ok,4,4,1.6,41.2
mpp,0.0,1,ack-4f,w,3,3,0,ctl,ok,0,0,2.7,41.2
mpp,0.0,1,w48-qpsk-r1/5,w48,19,2,1,data,ok,17,17,2.3,41.2
mpp,0.0,1,ack-4f,w,2,2,0,ctl,ok,0,0,-0.8,41.2
mpp,0.0,1,w48-qpsk-r1/5,w48,19,1,0,data,ok,18,18,2.7,41.2
mpp,0.0,1,ack-4f,w,2,2,0,ctl,ok,0,0,4.0,41.2
mpp,0.0,1,w48-qpsk-r1/5,w48,19,1,0,data,ok,18,18,1.9,41.2
mpp,0.0,1,ack-4f,w,2,2,0,ctl,ok,0,0,3.5,41.2
mpp,0.0,1,w48-qpsk-r1/5,w48,19,1,0,data,ok,18,18,2.2,41.2
mpp,0.0,1,ack-1f,w,2,2,0,ctl,ok,0,0,3.4,41.2
mpp,0.0,1,w48-qpsk-r1/5,w48,19,1,0,data,ok,18,18,1.2,41.2
mpp,0.0,1,ack-1f,w,2,2,0,ctl,ok,0,0,-1.7,41.2
mpp,0.0,1,w48-qpsk-r1/5,w48,19,1,0,data,ctl_lost,18,1,-0.4,41.2
mpp,0.0,1,ack-4f,w,3,3,0,ctl,ok,0,0,0.6,41.2
mpp,0.0,1,ack-4f,w,3,3,,ctl,missed,0,0,,41.2
mpp,0.0,1,ack-4f,w,3,3,0,ctl,ok,0,0,4.0,41.2
mpp,0.0,1,ack-4f,w,3,3,0,ctl,ok,0,0,4.1,41.2
mpp,0.0,1,qpsk-r1/3,w,9,2,1,data,ok,7,7,3.4,41.2
mpp,0.0,1,ack-1f,w,3,3,0,ctl,ok,0,0,4.6,41.2
mpp,0.0,1,w48-qpsk-r1/5,w48,19,2,1,data,ok,17,17,2.4,41.2
mpp,0.0,1,ack-1f,w,2,2,0,ctl,ctl_lost,0,0,-5.8,41.2
mpp,0.0,1,ack-4f,w,3,3,0,ctl,ok,0,0,1.6,41.2
mpp,0.0,1,ack-4f,w,3,3,0,ctl,ok,0,0,3.4,41.2
mpp,0.0,1,w48-qpsk-r1/5,w48,19,2,1,data,ok,17,1,0.2,41.2
mpp,0.0,1,ack-4f,w,3,3,0,ctl,ok,0,0,3.0,41.2
mpp,0.0,1,w48-qpsk-r1/5,w48,19,2,1,data,ok,1,1,1.9,41.2
mpp,0.0,1,ack-4f,w,3,3,0,ctl,ok,0,0,3.6,41.2
mpp,0.0,1,w48-qpsk-r1/5,w48,19,2,1,data,ok,17,17,2.6,41.2
mpp,0.0,1,ack-4f,w,2,2,0,ctl,ok,0,0,5.1,41.2
mpp,0.0,1,w48-qpsk-r1/5,w48,19,1,0,data,ok,18,18,1.8,41.2
mpp,0.0,1,ack-4f,w,2,2,0,ctl,ok,0,0,3.7,41.2
mpp,0.0,1,w48-qpsk-r1/5,w48,19,1,0,data,ok,18,18,1.8,41.2
mpp,0.0,1,n4-ack-2f,n4,2,2,0,ctl,ok,0,0,4.3,41.2
mpp,0.0,1,w48-qpsk-r1/5,w48,19,1,0,data,ok,18,18,0.7,41.2
mpp,0.0,1,ack-1f,w,2,2,0,ctl,ok,0,0,5.7,41.2
mpp,0.0,1,w48-qpsk-r1/5,w48,19,1,0,data,ok,18,18,3.0,41.2
mpp,0.0,1,ack-1f,w,2,2,0,ctl,ok,0,0,1.7,41.2
mpp,0.0,1,w48-qpsk-r1/5,w48,19,1,0,data,ok,18,18,2.0,41.2
mpp,0.0,1,ack-1f,w,2,2,0,ctl,ok,0,0,4.9,41.2
mpp,0.0,1,w48-qpsk-r1/5,w48,19,1,0,data,ok,18,18,1.1,41.2
mpp,0.0,1,ack-4f,w,2,2,0,ctl,ok,0,0,3.6,41.2
mpp,0.0,1,w48-qpsk-r1/5,w48,19,1,0,data,ctl_lost,18,0,0.1,41.2
mpp,0.0,1,ack-4f,w,3,3,0,ctl,ok,0,0,3.3,41.2
mpp,0.0,1,ack-4f,w,3,3,0,ctl,ok,0,0,2.8,41.2
mpp,0.0,1,w48-qpsk-r1/5,w48,19,2,1,data,ok,17,17,1.4,41.2
mpp,0.0,1,ack-4f,w,2,2,0,ctl,ok,0,0,2.8,41.2
mpp,0.0,1,w48-qpsk-r1/5,w48,19,1,0,data,ok,18,18,1.3,41.2
mpp,0.0,1,ack-4f,w,3,3,0,ctl,ok,0,0,3.8,41.2
mpp,0.0,1,w48-qpsk-r1/5,w48,19,2,1,data,ok,17,7,0.5,41.2
mpp,0.0,6,qpsk-r1/5,w,1,1,0,ctl,ok,0,0,4.6,54.8
mpp,0.0,6,qpsk-r1/5,w,1,1,0,ctl,ok,0,0,4.8,54.8
mpp,0.0,6,ack-4f,w,3,3,0,ctl,ok,0,0,0.7,54.8
mpp,0.0,6,ack-1f,w,3,3,0,ctl,ok,0,0,4.6,54.8
mpp,0.0,6,qpsk-r1/2,w,9,2,1,data,ok,7,7,3.3,54.8
mpp,0.0,6,ack-1f,w,3,3,0,ctl,ok,0,0,1.8,54.8
mpp,0.0,6,qpsk-r1/2,w,9,2,1,data,ok,7,7,4.1,54.8
mpp,0.0,6,ack-1f,w,3,3,0,ctl,ok,0,0,1.9,54.8
mpp,0.0,6,qpsk-r1/2,w,9,2,1,data,ok,7,7,3.6,54.8
mpp,0.0,6,ack-1f,w,3,3,0,ctl,ok,0,0,3.9,54.8
mpp,0.0,6,qpsk-r1/2,w,9,2,1,data,ok,7,0,1.7,54.8
mpp,0.0,6,ack-1f,w,3,3,0,ctl,ok,0,0,0.5,54.8
mpp,0.0,6,qpsk-r1/2,w,9,2,1,data,ok,0,0,3.7,54.8
mpp,0.0,6,ack-1f,w,3,3,0,ctl,ok,0,0,3.5,54.8
mpp,0.0,6,qpsk-r1/2,w,9,2,1,data,ok,7,1,2.6,54.8
mpp,0.0,6,ack-1f,w,3,3,0,ctl,ok,0,0,3.6,54.8
mpp,0.0,6,qpsk-r1/2,w,9,2,1,data,ok,1,1,3.7,54.8
mpp,0.0,6,ack-1f,w,3,3,0,ctl,ok,0,0,5.4,54.8
mpp,0.0,6,qpsk-r1/2,w,9,2,1,data,ok,7,7,3.1,54.8
mpp,0.0,6,ack-1f,w,2,2,0,ctl,ok,0,0,4.7,54.8
mpp,0.0,6,qpsk-r1/2,w,9,1,0,data,ok,8,8,4.2,54.8
mpp,0.0,6,ack-1f,w,2,2,0,ctl,ok,0,0,0.4,54.8
mpp,0.0,6,qpsk-r1/2,w,9,1,0,data,ctl_lost,8,0,2.3,54.8
mpp,0.0,6,ack-4f,w,3,3,0,ctl,ok,0,0,-0.3,54.8
mpp,0.0,6,ack-4f,w,3,3,0,ctl,ok,0,0,3.8,54.8
mpp,0.0,6,qpsk-r1/2,w,9,2,1,data,ok,7,7,4.5,54.8
mpp,0.0,6,ack-1f,w,3,3,0,ctl,ok,0,0,5.2,54.8
mpp,0.0,6,qpsk-r1/2,w,9,2,1,data,ok,7,7,3.5,54.8
mpp,0.0,6,ack-1f,w,2,2,0,ctl,ok,0,0,3.3,54.8
mpp,0.0,6,qpsk-r1/2,w,9,1,0,data,ok,8,8,4.0,54.8
mpp,0.0,6,ack-1f,w,2,2,0,ctl,ok,0,0,5.8,54.8
mpp,0.0,6,qpsk-r1/2,w,9,1,0,data,ok,8,8,4.7,54.8
mpp,0.0,6,ack-1f,w,2,2,0,ctl,ok,0,0,5.0,54.8
mpp,0.0,6,qpsk-r1/2,w,9,1,0,data,ok,8,8,5.2,54.8
mpp,0.0,6,ack-1f,w,2,2,0,ctl,ok,0,0,1.5,54.8
mpp,0.0,6,qpsk-r1/2,w,9,1,0,data,ok,8,8,2.6,54.8
mpp,0.0,6,ack-1f,w,2,2,0,ctl,ok,0,0,1.7,54.8
mpp,0.0,6,qpsk-r1/2,w,9,1,0,data,ok,8,8,3.3,54.8
mpp,0.0,6,ack-1f,w,3,3,0,ctl,ok,0,0,5.8,54.8
mpp,0.0,6,qpsk-r1/2,w,9,2,1,data,ok,7,7,3.8,54.8
mpp,0.0,6,ack-1f,w,2,2,0,ctl,ok,0,0,3.0,54.8
mpp,0.0,6,qpsk-r1/2,w,9,1,0,data,ok,8,8,3.2,54.8
mpp,0.0,6,ack-1f,w,2,2,0,ctl,ok,0,0,2.0,54.8
mpp,0.0,6,qpsk-r1/2,w,9,1,0,data,ok,8,8,2.9,54.8
mpp,0.0,6,ack-1f,w,2,2,0,ctl,ok,0,0,3.9,54.8
mpp,0.0,6,qpsk-r1/2,w,9,1,0,data,ok,8,8,3.6,54.8
mpp,0.0,6,ack-1f,w,2,2,0,ctl,ok,0,0,4.4,54.8
mpp,0.0,6,qpsk-r1/2,w,9,1,0,data,ctl_lost,8,0,1.1,54.8
mpp,0.0,6,ack-4f,w,3,3,0,ctl,ok,0,0,2.7,54.8
mpp,0.0,6,ack-4f,w,3,3,0,ctl,ok,0,0,3.0,54.8
mpp,0.0,6,qpsk-r1/2,w,9,2,1,data,ok,7,7,3.5,54.8
mpp,0.0,6,ack-1f,w,3,3,0,ctl,ok,0,0,5.5,54.8
mpp,0.0,6,qpsk-r1/2,w,9,2,1,data,ok,7,7,3.4,54.8
mpp,0.0,6,ack-1f,w,3,3,0,ctl,ok,0,0,2.3,54.8
mpp,0.0,6,qpsk-r1/2,w,9,2,1,data,ok,7,0,2.1,54.8
mpp,0.0,6,ack-1f,w,3,3,0,ctl,ok,0,0,2.3,54.8
mpp,0.0,6,qpsk-r1/2,w,9,2,1,data,ok,0,0,3.1,54.8
mpp,0.0,6,ack-1f,w,3,3,0,ctl,ok,0,0,1.7,54.8
mpp,0.0,6,qpsk-r1/2,w,9,2,1,data,ok,7,7,3.3,54.8
mpp,0.0,6,ack-1f,w,2,2,0,ctl,ok,0,0,4.8,54.8
mpp,0.0,6,qpsk-r1/2,w,9,1,0,data,ok,8,8,3.8,54.8
mpp,0.0,6,ack-1f,w,2,2,0,ctl,ok,0,0,0.8,54.8
mpp,0.0,6,qpsk-r1/2,w,9,1,0,data,ok,8,6,2.7,54.8
mpp,0.0,6,ack-1f,w,3,3,0,ctl,ok,0,0,1.2,54.8
mpp,0.0,6,qpsk-r1/2,w,9,1,0,data,ok,6,6,3.3,54.8
mpp,0.0,6,ack-1f,w,2,2,0,ctl,ctl_lost,0,0,-8.0,54.8
mpp,0.0,6,ack-4f,w,3,3,0,ctl,ok,0,0,3.7,54.8
mpp,0.0,6,ack-4f,w,2,2,0,ctl,ok,0,0,2.6,54.8
mpp,0.0,6,qpsk-r1/2,w,9,1,0,data,ok,8,8,4.0,54.8
mpp,0.0,6,ack-4f,w,2,2,0,ctl,ok,0,0,3.3,54.8
mpp,0.0,6,qpsk-r1/2,w,9,1,0,data,ok,8,8,4.2,54.8
mpp,0.0,6,ack-1f,w,2,2,0,ctl,ok,0,0,6.6,54.8
mpp,0.0,6,qpsk-r1/2,w,9,1,0,data,ok,8,7,3.3,54.8
mpp,0.0,6,ack-1f,w,3,3,0,ctl,ok,0,0,1.1,54.8
mpp,0.0,6,qpsk-r1/2,w,9,1,0,data,ok,7,7,3.9,54.8
mpp,0.0,6,ack-1f,w,2,2,0,ctl,ok,0,0,4.4,54.8
mpp,0.0,6,qpsk-r1/2,w,9,1,0,data,ok,8,8,3.6,54.8
mpp,0.0,6,ack-1f,w,2,2,0,ctl,ctl_lost,0,0,0.4,54.8
mpp,0.0,6,ack-4f,w,3,3,0,ctl,ok,0,0,1.2,54.8
mpp,0.0,6,ack-4f,w,2,2,0,ctl,ok,0,0,3.1,54.8
mpp,0.0,6,qpsk-r1/2,w,9,1,0,data,ok,8,7,2.9,54.8
mpp,0.0,6,ack-4f,w,3,3,0,ctl,ok,0,0,4.8,54.8
mpp,0.0,6,qpsk-r1/2,w,9,2,1,data,ok,6,6,3.5,54.8
mpp,0.0,6,ack-1f,w,2,2,0,ctl,ok,0,0,8.2,54.8
mpp,0.0,6,qpsk-r1/2,w,9,1,0,data,ok,8,8,4.4,54.8
mpp,0.0,6,ack-1f,w,2,2,0,ctl,ok,0,0,6.4,54.8
mpp,0.0,6,qpsk-r1/2,w,9,1,0,data,ok,8,7,3.2,54.8
mpp,0.0,6,ack-1f,w,3,3,0,ctl,ok,0,0,4.0,54.8
mpp,0.0,6,qpsk-r1/2,w,9,1,0,data,ok,7,7,4.2,54.8
mpp,0.0,6,ack-1f,w,2,2,0,ctl,ok,0,0,3.7,54.8
mpp,0.0,6,qpsk-r1/2,w,9,1,0,data,ok,8,7,2.7,54.8
mpp,0.0,6,ack-1f,w,3,3,0,ctl,ok,0,0,3.9,54.8
mpp,0.0,6,qpsk-r1/2,w,9,1,0,data,ok,7,7,3.8,54.8
mpp,0.0,6,ack-1f,w,2,2,0,ctl,ok,0,0,3.9,54.8
mpp,0.0,6,qpsk-r1/2,w,9,1,0,data,ok,8,8,3.6,54.8
mpp,0.0,6,ack-1f,w,2,2,0,ctl,ok,0,0,-1.5,54.8
mpp,0.0,6,qpsk-r1/2,w,9,1,0,data,ctl_lost,8,0,2.0,54.8
mpp,0.0,6,ack-4f,w,3,3,0,ctl,ok,0,0,4.2,54.8
mpp,0.0,6,ack-4f,w,3,3,0,ctl,ok,0,0,3.0,54.8
mpp,0.0,6,qpsk-r1/2,w,9,2,1,data,ok,7,7,4.0,54.8
mpp,0.0,8,qpsk-r1/5,w,1,1,0,ctl,ok,0,0,4.0,48.9
mpp,0.0,8,qpsk-r1/5,w,1,1,0,ctl,ok,0,0,6.9,48.9
mpp,0.0,8,ack-4f,w,3,3,0,ctl,ok,0,0,1.6,48.9
mpp,0.0,8,ack-1f,w,3,3,0,ctl,ok,0,0,5.9,48.9
mpp,0.0,8,qpsk-r1/2,w,9,2,1,data,ok,7,7,3.4,48.9
mpp,0.0,8,ack-1f,w,3,3,0,ctl,ok,0,0,0.4,48.9
mpp,0.0,8,qpsk-r1/2,w,9,2,1,data,ok,7,7,4.1,48.9
mpp,0.0,8,ack-1f,w,3,3,0,ctl,ok,0,0,2.0,48.9
mpp,0.0,8,qpsk-r1/2,w,9,2,1,data,ok,7,7,3.1,48.9
mpp,0.0,8,ack-1f,w,3,3,0,ctl,ok,0,0,6.5,48.9
mpp,0.0,8,qpsk-r1/2,w,9,2,1,data,ok,7,7,2.2,48.9
mpp,0.0,8,ack-1f,w,3,3,0,ctl,ok,0,0,5.0,48.9
mpp,0.0,8,qpsk-r1/2,w,9,2,1,data,ok,7,7,4.0,48.9
mpp,0.0,8,ack-1f,w,3,3,0,ctl,ok,0,0,1.5,48.9
mpp,0.0,8,qpsk-r1/2,w,9,2,1,data,ok,7,0,2.3,48.9
mpp,0.0,8,ack-1f,w,3,3,0,ctl,ok,0,0,2.5,48.9
mpp,0.0,8,qpsk-r1/2,w,9,2,1,data,ok,0,0,0.4,48.9
mpp,0.0,8,ack-1f,w,3,3,0,ctl,ok,0,0,1.9,48.9
mpp,0.0,8,qpsk-r1/2,w,9,2,1,data,ok,7,7,4.0,48.9
mpp,0.0,8,ack-1f,w,3,3,0,ctl,ctl_lost,0,0,-0.5,48.9
mpp,0.0,8,ack-4f,w,3,3,0,ctl,ok,0,0,5.9,48.9
mpp,0.0,8,ack-4f,w,2,2,0,ctl,ok,0,0,4.9,48.9
mpp,0.0,8,qpsk-r1/2,w,9,1,0,data,ok,8,8,3.4,48.9
mpp,0.0,8,ack-1f,w,2,2,0,ctl,ctl_lost,0,0,0.3,48.9
mpp,0.0,8,ack-4f,w,3,3,0,ctl,ok,0,0,2.5,48.9
mpp,0.0,8,ack-4f,w,3,3,0,ctl,ok,0,0,4.0,48.9
mpp,0.0,8,qpsk-r1/2,w,9,2,1,data,ok,7,7,3.7,48.9
mpp,0.0,8,ack-4f,w,2,2,0,ctl,ok,0,0,2.5,48.9
mpp,0.0,8,qpsk-r1/2,w,9,1,0,data,ok,8,8,3.9,48.9
mpp,0.0,8,ack-4f,w,2,2,0,ctl,ok,0,0,1.2,48.9
mpp,0.0,8,qpsk-r1/2,w,9,1,0,data,ok,8,8,4.1,48.9
mpp,0.0,8,ack-4f,w,2,2,0,ctl,ok,0,0,5.1,48.9
mpp,0.0,8,qpsk-r1/2,w,9,1,0,data,ok,8,8,3.1,48.9
mpp,0.0,8,ack-1f,w,2,2,0,ctl,ctl_lost,0,0,-2.7,48.9
mpp,0.0,8,ack-4f,w,3,3,0,ctl,ok,0,0,2.4,48.9
mpp,0.0,8,ack-4f,w,3,3,0,ctl,ok,0,0,6.5,48.9
mpp,0.0,8,qpsk-r1/2,w,9,2,1,data,ok,7,7,4.6,48.9
mpp,0.0,8,ack-4f,w,2,2,0,ctl,ok,0,0,2.5,48.9
mpp,0.0,8,qpsk-r1/2,w,9,1,0,data,ctl_lost,8,0,0.3,48.9
mpp,0.0,8,ack-4f,w,3,3,0,ctl,ok,0,0,3.6,48.9
mpp,0.0,8,ack-4f,w,3,3,0,ctl,ok,0,0,3.4,48.9
mpp,0.0,8,qpsk-r1/2,w,9,2,1,data,ok,7,7,3.9,48.9
mpp,0.0,8,ack-4f,w,2,2,0,ctl,ok,0,0,5.8,48.9
mpp,0.0,8,qpsk-r1/2,w,9,1,0,data,ok,8,2,2.8,48.9
mpp,0.0,8,n4-ack-2f,n4,3,3,0,ctl,ok,0,0,-1.5,48.9
mpp,0.0,8,qpsk-r1/2,w,9,2,1,data,ok,1,1,4.2,48.9
mpp,0.0,8,ack-4f,w,2,2,0,ctl,ok,0,0,0.8,48.9
mpp,0.0,8,qpsk-r1/2,w,9,1,0,data,ok,8,8,4.2,48.9
mpp,0.0,8,ack-4f,w,2,2,0,ctl,ok,0,0,5.1,48.9
mpp,0.0,8,qpsk-r1/2,w,9,1,0,data,ctl_lost,8,1,2.5,48.9
mpp,0.0,8,ack-4f,w,3,3,0,ctl,ok,0,0,3.6,48.9
mpp,0.0,8,ack-4f,w,3,3,0,ctl,ok,0,0,2.2,48.9
mpp,0.0,8,qpsk-r1/2,w,9,2,1,data,ok,7,7,2.8,48.9
mpp,0.0,8,ack-4f,w,3,3,0,ctl,ok,0,0,5.3,48.9
mpp,0.0,8,qpsk-r1/2,w,9,2,1,data,ok,7,7,3.5,48.9
mpp,0.0,8,ack-4f,w,3,3,0,ctl,ok,0,0,3.6,48.9
mpp,0.0,8,qpsk-r1/2,w,9,2,1,data,ok,7,7,4.7,48.9
mpp,0.0,8,ack-4f,w,2,2,0,ctl,ok,0,0,1.8,48.9
mpp,0.0,8,qpsk-r1/2,w,9,1,0,data,ok,8,8,4.3,48.9
mpp,0.0,8,ack-4f,w,2,2,0,ctl,ok,0,0,6.0,48.9
mpp,0.0,8,qpsk-r1/2,w,9,1,0,data,ok,8,8,4.2,48.9
mpp,0.0,8,n4-ack-2f,n4,2,2,0,ctl,ok,0,0,-1.0,48.9
mpp,0.0,8,qpsk-r1/2,w,9,1,0,data,ok,8,8,3.7,48.9
mpp,0.0,8,ack-4f,w,2,2,0,ctl,ok,0,0,6.7,48.9
mpp,0.0,8,qpsk-r1/2,w,9,1,0,data,ok,8,8,4.1,48.9
mpp,0.0,8,n4-ack-2f,n4,2,2,0,ctl,ok,0,0,-1.2,48.9
mpp,0.0,8,qpsk-r1/2,w,9,1,0,data,ctl_lost,8,0,2.4,48.9
mpp,0.0,8,ack-4f,w,3,3,0,ctl,ok,0,0,0.1,48.9
mpp,0.0,8,ack-4f,w,3,3,0,ctl,ok,0,0,2.4,48.9
mpp,0.0,8,qpsk-r1/2,w,9,2,1,data,ok,7,7,3.4,48.9
mpp,0.0,8,ack-4f,w,3,3,0,ctl,ok,0,0,4.2,48.9
mpp,0.0,8,qpsk-r1/2,w,9,2,1,data,ok,7,7,4.3,48.9
mpp,0.0,8,ack-4f,w,2,2,0,ctl,ok,0,0,4.6,48.9
mpp,0.0,8,qpsk-r1/2,w,9,1,0,data,ok,8,7,2.8,48.9
mpp,0.0,8,ack-4f,w,3,3,0,ctl,ok,0,0,5.1,48.9
mpp,0.0,8,qpsk-r1/2,w,9,1,0,data,ok,7,7,3.8,48.9
mpp,0.0,8,n4-ack-2f,n4,3,3,0,ctl,ok,0,0,3.1,48.9
mpp,0.0,8,qpsk-r1/2,w,9,2,1,data,ok,7,0,1.3,48.9
mpp,0.0,8,n4-ack-2f,n4,3,3,0,ctl,ok,0,0,-1.1,48.9
mpp,0.0,8,qpsk-r1/2,w,9,2,1,data,ok,0,0,3.3,48.9
mpp,0.0,8,ack-4f,w,3,3,0,ctl,ok,0,0,3.8,48.9
mpp,0.0,8,qpsk-r1/2,w,9,2,1,data,ok,7,7,4.8,48.9
mpp,0.0,8,ack-4f,w,2,2,0,ctl,ok,0,0,2.7,48.9
mpp,0.0,8,qpsk-r1/2,w,9,1,0,data,ok,8,8,3.5,48.9
mpp,0.0,8,ack-4f,w,2,2,0,ctl,ok,0,0,2.9,48.9
mpp,0.0,8,qpsk-r1/2,w,9,1,0,data,ok,8,8,4.9,48.9
mpp,0.0,8,ack-4f,w,2,2,0,ctl,ok,0,0,2.8,48.9
mpp,0.0,8,qpsk-r1/2,w,9,1,0,data,ok,8,8,3.8,48.9
mpp,0.0,8,ack-4f,w,2,2,0,ctl,ok,0,0,6.0,48.9
mpp,0.0,8,qpsk-r1/2,w,9,1,0,data,ok,8,8,2.9,48.9
mpp,0.0,8,n4-ack-2f,n4,2,2,0,ctl,ok,0,0,6.7,48.9
mpp,0.0,8,qpsk-r1/2,w,9,1,0,data,ctl_lost,8,0,2.6,48.9
mpp,0.0,8,ack-4f,w,3,3,0,ctl,ok,0,0,4.3,48.9
mpp,0.0,8,ack-4f,w,3,3,0,ctl,ok,0,0,5.0,48.9
mpp,0.0,8,qpsk-r1/2,w,9,2,1,data,ok,7,7,3.9,48.9
mpp,0.0,8,ack-1f,w,2,2,0,ctl,ok,0,0,3.8,48.9
mpp,0.0,8,qpsk-r1/2,w,9,1,0,data,ok,8,8,2.7,48.9
mpp,0.0,7,qpsk-r1/5,w,1,1,0,ctl,ok,0,0,2.1,45.0
mpp,0.0,7,qpsk-r1/5,w,1,1,0,ctl,ok,0,0,3.2,45.0
mpp,0.0,7,ack-4f,w,3,3,0,ctl,ok,0,0,1.7,45.0
mpp,0.0,7,ack-1f,w,3,3,0,ctl,ok,0,0,6.4,45.0
mpp,0.0,7,qpsk-r1/3,w,9,2,1,data,ok,7,7,2.0,45.0
mpp,0.0,7,ack-1f,w,3,3,0,ctl,ok,0,0,1.0,45.0
mpp,0.0,7,qpsk-r1/3,w,9,2,1,data,ok,7,7,3.6,45.0
mpp,0.0,7,ack-1f,w,3,3,0,ctl,ok,0,0,2.8,45.0
mpp,0.0,7,qpsk-r1/3,w,9,2,1,data,ok,7,7,4.1,45.0
mpp,0.0,7,ack-1f,w,3,3,0,ctl,ok,0,0,1.8,45.0
mpp,0.0,7,qpsk-r1/2,w,9,2,1,data,ok,7,7,4.5,45.0
mpp,0.0,7,ack-1f,w,3,3,0,ctl,ok,0,0,4.6,45.0
mpp,0.0,7,qpsk-r1/2,w,9,2,1,data,ok,7,7,3.4,45.0
mpp,0.0,7,ack-1f,w,3,3,0,ctl,ok,0,0,5.8,45.0
mpp,0.0,7,qpsk-r1/2,w,9,2,1,data,ok,7,7,4.6,45.0
mpp,0.0,7,ack-1f,w,3,3,0,ctl,ok,0,0,3.3,45.0
mpp,0.0,7,qpsk-r1/2,w,9,2,1,data,ok,7,0,2.1,45.0
mpp,0.0,7,ack-1f,w,3,3,0,ctl,ok,0,0,6.9,45.0
mpp,0.0,7,qpsk-r1/2,w,9,2,1,data,ok,0,0,3.2,45.0
mpp,0.0,7,ack-1f,w,3,3,0,ctl,ok,0,0,-0.9,45.0
mpp,0.0,7,qpsk-r1/2,w,9,2,1,data,ok,7,7,4.5,45.0
mpp,0.0,7,ack-1f,w,3,3,0,ctl,ok,0,0,-1.1,45.0
mpp,0.0,7,qpsk-r1/2,w,9,2,1,data,ok,7,7,3.5,45.0
mpp,0.0,7,ack-4f,w,2,2,0,ctl,ok,0,0,2.0,45.0
mpp,0.0,7,qpsk-r1/2,w,9,1,0,data,ok,8,8,3.8,45.0
mpp,0.0,7,ack-4f,w,3,3,0,ctl,ok,0,0,5.4,45.0
mpp,0.0,7,qpsk-r1/2,w,9,2,1,data,ok,7,0,2.7,45.0
mpp,0.0,7,ack-1f,w,3,3,0,ctl,ok,0,0,2.7,45.0
mpp,0.0,7,qpsk-r1/2,w,9,2,1,data,ok,0,0,4.4,45.0
mpp,0.0,7,ack-1f,w,3,3,0,ctl,ok,0,0,5.5,45.0
mpp,0.0,7,qpsk-r1/2,w,9,2,1,data,ok,7,7,4.6,45.0
mpp,0.0,7,ack-1f,w,2,2,0,ctl,ok,0,0,6.6,45.0
mpp,0.0,7,qpsk-r1/2,w,9,1,0,data,ok,8,8,3.9,45.0
mpp,0.0,7,ack-1f,w,2,2,0,ctl,ctl_lost,0,0,-2.5,45.0
mpp,0.0,7,ack-4f,w,3,3,0,ctl,ok,0,0,4.0,45.0
mpp,0.0,7,ack-4f,w,2,2,0,ctl,ok,0,0,4.1,45.0
mpp,0.0,7,qpsk-r1/2,w,9,1,0,data,ok,8,8,4.6,45.0
mpp,0.0,7,ack-4f,w,2,2,0,ctl,ok,0,0,4.1,45.0
mpp,0.0,7,qpsk-r1/2,w,9,1,0,data,ctl_lost,8,0,-0.0,45.0
mpp,0.0,7,ack-4f,w,3,3,0,ctl,ok,0,0,4.8,45.0
mpp,0.0,7,ack-4f,w,3,3,0,ctl,ok,0,0,1.8,45.0
mpp,0.0,7,qpsk-r1/2,w,9,2,1,data,ok,7,7,4.0,45.0
mpp,0.0,7,ack-4f,w,2,2,0,ctl,ok,0,0,-0.8,45.0
mpp,0.0,7,qpsk-r1/2,w,9,1,0,data,ok,8,8,3.7,45.0
mpp,0.0,7,ack-4f,w,3,3,0,ctl,ok,0,0,4.8,45.0
mpp,0.0,7,qpsk-r1/2,w,9,2,1,data,ok,7,7,5.0,45.0
mpp,0.0,7,ack-4f,w,2,2,0,ctl,ok,0,0,2.8,45.0
mpp,0.0,7,qpsk-r1/2,w,9,1,0,data,ok,8,8,3.1,45.0
mpp,0.0,7,ack-4f,w,2,2,0,ctl,ok,0,0,-0.3,45.0
mpp,0.0,7,qpsk-r1/2,w,9,1,0,data,ok,8,8,3.9,45.0
mpp,0.0,7,ack-4f,w,2,2,0,ctl,ok,0,0,2.6,45.0
mpp,0.0,7,qpsk-r1/2,w,9,1,0,data,ok,8,8,4.2,45.0
mpp,0.0,7,ack-4f,w,2,2,0,ctl,ok,0,0,1.6,45.0
mpp,0.0,7,qpsk-r1/2,w,9,1,0,data,ok,8,8,3.5,45.0
mpp,0.0,7,ack-4f,w,2,2,0,ctl,ok,0,0,5.4,45.0
mpp,0.0,7,qpsk-r1/2,w,9,1,0,data,ok,8,8,3.5,45.0
mpp,0.0,7,ack-4f,w,2,2,0,ctl,ok,0,0,4.1,45.0
mpp,0.0,7,qpsk-r1/2,w,9,1,0,data,ok,8,8,4.2,45.0
mpp,0.0,7,ack-1f,w,2,2,0,ctl,ctl_lost,0,0,-3.2,45.0
mpp,0.0,7,ack-4f,w,3,3,0,ctl,ok,0,0,6.1,45.0
mpp,0.0,7,ack-4f,w,3,3,0,ctl,ok,0,0,6.3,45.0
mpp,0.0,7,w48-qpsk-r1/2,w48,19,2,1,data,ctl_lost,17,0,1.6,45.0
mpp,0.0,7,ack-4f,w,3,3,0,ctl,ok,0,0,3.7,45.0
mpp,0.0,7,ack-4f,w,2,2,0,ctl,ok,0,0,2.9,45.0
mpp,0.0,7,qpsk-r1/2,w,9,1,0,data,ctl_lost,8,0,1.7,45.0
mpp,0.0,7,ack-4f,w,4,4,0,ctl,ok,0,0,1.4,45.0
mpp,0.0,7,ack-4f,w,3,3,0,ctl,ok,0,0,3.0,45.0
mpp,0.0,7,qpsk-r1/3,w,9,2,1,data,ok,7,7,4.6,45.0
mpp,0.0,7,ack-4f,w,3,3,0,ctl,ok,0,0,4.0,45.0
mpp,0.0,7,qpsk-r1/2,w,9,2,1,data,ok,7,7,4.4,45.0
mpp,0.0,7,ack-1f,w,2,2,0,ctl,ok,0,0,-2.0,45.0
mpp,0.0,7,qpsk-r1/2,w,9,1,0,data,ok,8,8,2.7,45.0
mpp,0.0,7,ack-4f,w,3,3,0,ctl,ok,0,0,4.4,45.0
mpp,0.0,7,qpsk-r1/2,w,9,2,1,data,ok,7,7,3.8,45.0
mpp,0.0,7,ack-4f,w,3,3,0,ctl,ok,0,0,5.5,45.0
mpp,0.0,7,qpsk-r1/2,w,9,2,1,data,ok,7,7,3.6,45.0
mpp,0.0,7,ack-1f,w,2,2,0,ctl,ok,0,0,5.3,45.0
mpp,0.0,7,qpsk-r1/2,w,9,1,0,data,ctl_lost,8,0,1.9,45.0
mpp,0.0,7,ack-4f,w,3,3,0,ctl,ok,0,0,-0.5,45.0
mpp,0.0,7,ack-4f,w,3,3,0,ctl,ok,0,0,2.3,45.0
mpp,0.0,7,qpsk-r1/3,w,9,2,1,data,ok,7,7,3.0,45.0
mpp,0.0,7,ack-1f,w,2,2,0,ctl,ok,0,0,6.6,45.0
mpp,0.0,7,qpsk-r1/3,w,9,1,0,data,ok,8,8,4.9,45.0
mpp,0.0,7,ack-1f,w,3,3,0,ctl,ok,0,0,1.7,45.0
mpp,0.0,7,qpsk-r1/2,w,9,2,1,data,ok,7,7,3.9,45.0
mpp,0.0,7,ack-1f,w,3,3,0,ctl,ok,0,0,2.7,45.0
mpp,0.0,7,qpsk-r1/2,w,9,2,1,data,ok,7,7,3.2,45.0
mpp,0.0,7,ack-1f,w,3,3,0,ctl,ctl_lost,0,0,1.7,45.0
mpp,0.0,7,ack-4f,w,3,3,0,ctl,ok,0,0,0.4,45.0
mpp,0.0,7,ack-4f,w,3,3,0,ctl,ok,0,0,-0.1,45.0
mpp,0.0,7,qpsk-r1/2,w,9,2,1,data,ok,7,7,3.5,45.0
mpp,0.0,7,ack-4f,w,3,3,0,ctl,ok,0,0,2.4,45.0
mpp,0.0,7,qpsk-r1/2,w,9,2,1,data,ok,7,7,4.0,45.0
mpp,0.0,7,ack-4f,w,3,3,0,ctl,ok,0,0,1.9,45.0
mpp,0.0,7,qpsk-r1/2,w,9,2,1,data,ok,7,0,2.4,45.0
mpp,0.0,7,ack-4f,w,3,3,0,ctl,ok,0,0,3.7,45.0
mpp,0.0,7,qpsk-r1/2,w,9,2,1,data,ok,0,0,2.8,45.0
mpp,0.0,9,qpsk-r1/5,w,1,1,0,ctl,ok,0,0,1.5,48.5
mpp,0.0,9,qpsk-r1/5,w,1,1,0,ctl,ok,0,0,1.0,48.5
mpp,0.0,9,ack-4f,w,3,3,0,ctl,ok,0,0,2.8,48.5
mpp,0.0,9,ack-4f,w,3,3,0,ctl,ok,0,0,2.1,48.5
mpp,0.0,9,qpsk-r1/2,w,9,2,1,data,ok,7,2,2.6,48.5
mpp,0.0,9,ack-4f,w,3,3,0,ctl,ok,0,0,1.5,48.5
mpp,0.0,9,qpsk-r1/2,w,9,2,1,data,ok,3,0,2.2,48.5
mpp,0.0,9,ack-4f,w,3,3,0,ctl,ok,0,0,4.5,48.5
mpp,0.0,9,qpsk-r1/2,w,9,2,1,data,ok,5,5,4.5,48.5
mpp,0.0,9,ack-1f,w,3,3,0,ctl,ok,0,0,1.7,48.5
mpp,0.0,9,qpsk-r1/2,w,9,2,1,data,ok,7,7,3.5,48.5
mpp,0.0,9,ack-1f,w,2,2,0,ctl,ok,0,0,6.8,48.5
mpp,0.0,9,qpsk-r1/2,w,9,1,0,data,ok,8,8,3.8,48.5
mpp,0.0,9,ack-1f,w,3,3,0,ctl,ok,0,0,2.5,48.5
mpp,0.0,9,qpsk-r1/2,w,9,2,1,data,ok,7,7,4.0,48.5
mpp,0.0,9,ack-1f,w,2,2,0,ctl,ok,0,0,2.0,48.5
mpp,0.0,9,qpsk-r1/2,w,9,1,0,data,ctl_lost,8,0,1.9,48.5
mpp,0.0,9,ack-4f,w,3,3,0,ctl,ok,0,0,3.3,48.5
mpp,0.0,9,ack-4f,w,3,3,0,ctl,ok,0,0,0.3,48.5
mpp,0.0,9,qpsk-r1/2,w,9,2,1,data,ok,7,7,3.7,48.5
mpp,0.0,9,ack-4f,w,3,3,0,ctl,ok,0,0,4.0,48.5
mpp,0.0,9,qpsk-r1/2,w,9,2,1,data,ok,7,7,4.5,48.5
mpp,0.0,9,ack-1f,w,3,3,0,ctl,ok,0,0,2.2,48.5
mpp,0.0,9,qpsk-r1/2,w,9,2,1,data,ok,7,7,3.5,48.5
mpp,0.0,9,ack-1f,w,3,3,0,ctl,ok,0,0,2.9,48.5
mpp,0.0,9,qpsk-r1/2,w,9,2,1,data,ok,7,7,2.9,48.5
mpp,0.0,9,ack-1f,w,3,3,0,ctl,ok,0,0,3.7,48.5
mpp,0.0,9,qpsk-r1/2,w,9,2,1,data,ok,7,7,4.2,48.5
mpp,0.0,9,ack-1f,w,3,3,0,ctl,ok,0,0,5.0,48.5
mpp,0.0,9,qpsk-r1/2,w,9,2,1,data,ok,7,0,1.3,48.5
mpp,0.0,9,ack-1f,w,3,3,0,ctl,ok,0,0,0.1,48.5
mpp,0.0,9,qpsk-r1/2,w,9,2,1,data,ok,0,0,1.2,48.5
mpp,0.0,9,ack-1f,w,3,3,0,ctl,ok,0,0,8.7,48.5
mpp,0.0,9,qpsk-r1/2,w,9,2,1,data,ok,7,7,3.7,48.5
mpp,0.0,9,ack-1f,w,3,3,0,ctl,ok,0,0,4.0,48.5
mpp,0.0,9,qpsk-r1/2,w,9,2,1,data,ok,7,7,3.4,48.5
mpp,0.0,9,ack-1f,w,2,2,0,ctl,ok,0,0,1.0,48.5
mpp,0.0,9,qpsk-r1/2,w,9,1,0,data,ok,8,8,3.7,48.5
mpp,0.0,9,ack-1f,w,2,2,0,ctl,ok,0,0,3.9,48.5
mpp,0.0,9,qpsk-r1/2,w,9,1,0,data,ok,8,8,4.3,48.5
mpp,0.0,9,ack-1f,w,2,2,0,ctl,ok,0,0,0.2,48.5
mpp,0.0,9,qpsk-r1/2,w,9,1,0,data,ok,8,8,3.8,48.5
mpp,0.0,9,ack-1f,w,2,2,0,ctl,ok,0,0,3.0,48.5
mpp,0.0,9,qpsk-r1/2,w,9,1,0,data,ok,8,8,4.2,48.5
mpp,0.0,9,ack-1f,w,2,2,0,ctl,ok,0,0,0.5,48.5
mpp,0.0,9,qpsk-r1/2,w,9,1,0,data,ok,8,8,4.1,48.5
mpp,0.0,9,ack-1f,w,2,2,0,ctl,ok,0,0,3.6,48.5
mpp,0.0,9,qpsk-r1/2,w,9,1,0,data,ctl_lost,8,0,2.1,48.5
mpp,0.0,9,ack-4f,w,3,3,0,ctl,ok,0,0,3.0,48.5
mpp,0.0,9,ack-4f,w,3,3,0,ctl,ok,0,0,3.3,48.5
mpp,0.0,9,qpsk-r1/2,w,9,2,1,data,ok,7,7,4.4,48.5
mpp,0.0,9,ack-1f,w,2,2,0,ctl,ok,0,0,1.3,48.5
mpp,0.0,9,qpsk-r1/2,w,9,1,0,data,ctl_lost,8,4,3.0,48.5
mpp,0.0,9,ack-4f,w,3,3,0,ctl,ok,0,0,-0.7,48.5
mpp,0.0,9,ack-4f,w,3,3,0,ctl,ok,0,0,4.6,48.5
mpp,0.0,9,qpsk-r1/2,w,9,2,1,data,ok,7,3,3.0,48.5
mpp,0.0,9,ack-1f,w,3,3,0,ctl,ok,0,0,5.4,48.5
mpp,0.0,9,qpsk-r1/2,w,9,2,1,data,ok,3,0,2.6,48.5
mpp,0.0,9,ack-1f,w,3,3,0,ctl,ok,0,0,2.9,48.5
mpp,0.0,9,qpsk-r1/2,w,9,2,1,data,ok,6,6,4.2,48.5
mpp,0.0,9,ack-1f,w,2,2,0,ctl,ok,0,0,3.5,48.5
mpp,0.0,9,qpsk-r1/2,w,9,1,0,data,ctl_lost,8,1,2.2,48.5
mpp,0.0,9,ack-4f,w,3,3,0,ctl,ok,0,0,1.0,48.5
mpp,0.0,9,ack-4f,w,3,3,0,ctl,ok,0,0,4.2,48.5
mpp,0.0,9,qpsk-r1/2,w,9,2,1,data,ok,7,7,3.5,48.5
mpp,0.0,9,ack-1f,w,3,3,0,ctl,ok,0,0,0.2,48.5
mpp,0.0,9,qpsk-r1/2,w,9,2,1,data,ok,7,7,3.9,48.5
mpp,0.0,9,ack-1f,w,2,2,0,ctl,ok,0,0,-1.5,48.5
mpp,0.0,9,qpsk-r1/2,w,9,1,0,data,ok,8,8,3.2,48.5
mpp,0.0,9,ack-1f,w,2,2,0,ctl,ok,0,0,-0.2,48.5
mpp,0.0,9,qpsk-r1/2,w,9,1,0,data,ok,8,8,3.8,48.5
mpp,0.0,9,ack-1f,w,2,2,0,ctl,ok,0,0,1.8,48.5
mpp,0.0,9,qpsk-r1/2,w,9,1,0,data,ctl_lost,8,0,1.0,48.5
mpp,0.0,9,ack-4f,w,3,3,0,ctl,ok,0,0,3.7,48.5
mpp,0.0,9,ack-4f,w,3,3,0,ctl,ok,0,0,4.7,48.5
mpp,0.0,9,qpsk-r1/2,w,9,2,1,data,ok,7,4,2.5,48.5
mpp,0.0,9,ack-1f,w,3,3,0,ctl,ok,0,0,6.3,48.5
mpp,0.0,9,qpsk-r1/2,w,9,2,1,data,ok,5,5,3.8,48.5
mpp,0.0,9,ack-1f,w,3,3,0,ctl,ok,0,0,3.8,48.5
mpp,0.0,9,qpsk-r1/2,w,9,2,1,data,ok,7,0,1.9,48.5
mpp,0.0,9,ack-1f,w,3,3,0,ctl,ok,0,0,1.7,48.5
mpp,0.0,9,qpsk-r1/2,w,9,2,1,data,ok,0,0,3.4,48.5
mpp,0.0,9,ack-1f,w,3,3,0,ctl,ok,0,0,4.7,48.5
mpp,0.0,9,qpsk-r1/2,w,9,2,1,data,ok,7,7,4.0,48.5
mpp,0.0,9,ack-1f,w,2,2,0,ctl,ok,0,0,2.6,48.5
mpp,0.0,9,qpsk-r1/2,w,9,1,0,data,ok,8,8,3.4,48.5
mpp,0.0,9,ack-1f,w,2,2,0,ctl,ok,0,0,4.1,48.5
mpp,0.0,9,qpsk-r1/2,w,9,1,0,data,ok,8,8,4.7,48.5
mpp,0.0,9,ack-1f,w,2,2,0,ctl,ok,0,0,2.9,48.5
mpp,0.0,9,qpsk-r1/2,w,9,1,0,data,ok,8,8,3.3,48.5
mpp,0.0,9,ack-1f,w,2,2,0,ctl,ok,0,0,3.1,48.5
mpp,0.0,9,qpsk-r1/2,w,9,1,0,data,ok,8,8,4.3,48.5
mpp,0.0,9,ack-1f,w,2,2,0,ctl,ok,0,0,1.6,48.5
mpp,0.0,9,qpsk-r1/2,w,9,1,0,data,ok,8,8,3.8,48.5
mpp,0.0,9,ack-1f,w,2,2,0,ctl,ok,0,0,2.2,48.5
mpp,0.0,9,qpsk-r1/2,w,9,1,0,data,ok,8,8,2.9,48.5
mpp,0.0,10,qpsk-r1/5,w,1,1,0,ctl,ok,0,0,2.5,37.4
mpp,0.0,10,qpsk-r1/5,w,1,1,0,ctl,ok,0,0,5.2,37.4
mpp,0.0,10,ack-4f,w,3,3,0,ctl,ok,0,0,4.3,37.4
mpp,0.0,10,ack-1f,w,3,3,0,ctl,ok,0,0,2.8,37.4
mpp,0.0,10,qpsk-r1/2,w,9,2,1,data,ok,7,2,2.7,37.4
mpp,0.0,10,ack-1f,w,3,3,0,ctl,ok,0,0,5.0,37.4
mpp,0.0,10,qpsk-r1/2,w,9,2,1,data,ok,2,0,0.3,37.4
mpp,0.0,10,ack-1f,w,3,3,0,ctl,ok,0,0,5.8,37.4
mpp,0.0,10,qpsk-r1/3,w,9,2,1,data,ok,7,2,0.8,37.4
mpp,0.0,10,ack-1f,w,3,3,0,ctl,ok,0,0,3.5,37.4
mpp,0.0,10,qpsk-r1/3,w,9,2,1,data,ok,2,2,4.7,37.4
mpp,0.0,10,ack-1f,w,3,3,0,ctl,ok,0,0,3.8,37.4
mpp,0.0,10,qpsk-r1/3,w,9,2,1,data,ok,7,7,3.0,37.4
mpp,0.0,10,ack-1f,w,3,3,0,ctl,ok,0,0,6.8,37.4
mpp,0.0,10,qpsk-r1/2,w,9,2,1,data,ok,7,7,3.4,37.4
mpp,0.0,10,ack-1f,w,3,3,0,ctl,ok,0,0,7.3,37.4
mpp,0.0,10,qpsk-r1/2,w,9,2,1,data,ok,7,7,3.6,37.4
mpp,0.0,10,ack-1f,w,3,3,0,ctl,ok,0,0,2.1,37.4
mpp,0.0,10,qpsk-r1/2,w,9,2,1,data,ok,7,7,3.5,37.4
mpp,0.0,10,ack-1f,w,3,3,0,ctl,ok,0,0,4.6,37.4
mpp,0.0,10,qpsk-r1/2,w,9,2,1,data,ok,7,7,5.3,37.4
mpp,0.0,10,ack-1f,w,2,2,0,ctl,ok,0,0,4.5,37.4
mpp,0.0,10,qpsk-r1/2,w,9,1,0,data,ok,8,8,4.1,37.4
mpp,0.0,10,ack-1f,w,2,2,0,ctl,ok,0,0,2.8,37.4
mpp,0.0,10,qpsk-r1/2,w,9,1,0,data,ctl_lost,8,0,1.9,37.4
mpp,0.0,10,ack-4f,w,3,3,0,ctl,ok,0,0,2.9,37.4
mpp,0.0,10,ack-4f,w,3,3,0,ctl,ok,0,0,0.2,37.4
mpp,0.0,10,qpsk-r1/3,w,9,2,1,data,ok,7,7,2.7,37.4
mpp,0.0,10,ack-4f,w,3,3,0,ctl,ok,0,0,1.6,37.4
mpp,0.0,10,qpsk-r1/2,w,9,2,1,data,ok,7,0,1.0,37.4
mpp,0.0,10,ack-4f,w,3,3,0,ctl,ok,0,0,2.9,37.4
mpp,0.0,10,qpsk-r1/3,w,9,2,1,data,ok,7,7,3.6,37.4
mpp,0.0,10,ack-1f,w,2,2,0,ctl,ctl_lost,0,0,-0.3,37.4
mpp,0.0,10,ack-4f,w,4,4,0,ctl,ok,0,0,3.6,37.4
mpp,0.0,10,ack-4f,w,2,2,0,ctl,ok,0,0,1.1,37.4
mpp,0.0,10,qpsk-r1/3,w,9,1,0,data,ok,8,8,4.2,37.4
mpp,0.0,10,ack-4f,w,3,3,0,ctl,ok,0,0,3.6,37.4
mpp,0.0,10,qpsk-r1/2,w,9,2,1,data,ok,7,7,3.2,37.4
mpp,0.0,10,ack-4f,w,3,3,0,ctl,ok,0,0,5.1,37.4
mpp,0.0,10,qpsk-r1/2,w,9,2,1,data,ok,7,7,3.5,37.4
mpp,0.0,10,ack-1f,w,3,3,0,ctl,ok,0,0,1.8,37.4
mpp,0.0,10,qpsk-r1/2,w,9,2,1,data,ok,7,0,2.2,37.4
mpp,0.0,10,ack-1f,w,2,2,0,ctl,ok,0,0,5.6,37.4
mpp,0.0,10,qpsk-r1/3,w,9,1,0,data,ctl_lost,8,0,-0.3,37.4
mpp,0.0,10,ack-4f,w,4,4,0,ctl,ok,0,0,3.6,37.4
mpp,0.0,10,ack-4f,w,3,3,0,ctl,ok,0,0,2.0,37.4
mpp,0.0,10,qpsk-r1/3,w,9,2,1,data,ok,7,7,2.2,37.4
mpp,0.0,10,ack-1f,w,3,3,0,ctl,ok,0,0,-1.1,37.4
mpp,0.0,10,qpsk-r1/2,w,9,2,1,data,ok,7,7,4.3,37.4
mpp,0.0,10,ack-4f,w,3,3,0,ctl,ok,0,0,3.2,37.4
mpp,0.0,10,qpsk-r1/2,w,9,2,1,data,ok,7,0,3.0,37.4
mpp,0.0,10,ack-4f,w,3,3,0,ctl,ok,0,0,-0.4,37.4
mpp,0.0,10,qpsk-r1/2,w,9,2,1,data,ok,0,0,2.9,37.4
mpp,0.0,10,ack-4f,w,3,3,0,ctl,ok,0,0,2.6,37.4
mpp,0.0,10,qpsk-r1/2,w,9,2,1,data,ok,7,0,1.1,37.4
mpp,0.0,10,ack-4f,w,3,3,0,ctl,ok,0,0,2.9,37.4
mpp,0.0,10,qpsk-r1/3,w,9,2,1,data,ok,7,7,5.4,37.4
mpp,0.0,10,ack-4f,w,2,2,0,ctl,ok,0,0,5.5,37.4
mpp,0.0,10,qpsk-r1/3,w,9,1,0,data,ok,8,8,3.5,37.4
mpp,0.0,10,ack-1f,w,2,2,0,ctl,ok,0,0,1.8,37.4
mpp,0.0,10,qpsk-r1/2,w,9,1,0,data,ok,8,8,3.0,37.4
mpp,0.0,10,ack-1f,w,2,2,0,ctl,ok,0,0,4.8,37.4
mpp,0.0,10,qpsk-r1/2,w,9,1,0,data,ok,8,8,4.2,37.4
mpp,0.0,10,ack-1f,w,2,2,0,ctl,ok,0,0,2.0,37.4
mpp,0.0,10,qpsk-r1/2,w,9,1,0,data,ok,8,8,3.6,37.4
mpp,0.0,10,ack-1f,w,2,2,0,ctl,ok,0,0,2.4,37.4
mpp,0.0,10,qpsk-r1/2,w,9,1,0,data,ctl_lost,8,0,-0.5,37.4
mpp,0.0,10,ack-4f,w,3,3,0,ctl,ok,0,0,4.8,37.4
mpp,0.0,10,ack-4f,w,3,3,0,ctl,ok,0,0,3.4,37.4
mpp,0.0,10,qpsk-r1/3,w,9,2,1,data,ok,7,7,4.2,37.4
mpp,0.0,10,ack-1f,w,2,2,0,ctl,ok,0,0,4.0,37.4
mpp,0.0,10,qpsk-r1/2,w,9,1,0,data,ok,8,1,2.5,37.4
mpp,0.0,10,ack-1f,w,3,3,0,ctl,ok,0,0,4.5,37.4
mpp,0.0,10,qpsk-r1/2,w,9,2,1,data,ok,0,0,2.2,37.4
mpp,0.0,10,ack-1f,w,3,3,0,ctl,ok,0,0,3.1,37.4
mpp,0.0,10,qpsk-r1/3,w,9,2,1,data,ok,7,7,0.6,37.4
mpp,0.0,10,ack-1f,w,3,3,0,ctl,ok,0,0,-2.9,37.4
mpp,0.0,10,qpsk-r1/3,w,9,2,1,data,ok,7,7,2.2,37.4
mpp,0.0,10,ack-4f,w,3,3,0,ctl,ok,0,0,1.0,37.4
mpp,0.0,10,qpsk-r1/3,w,9,2,1,data,ok,7,7,3.1,37.4
mpp,0.0,10,ack-4f,w,2,2,0,ctl,ok,0,0,-0.2,37.4
mpp,0.0,10,qpsk-r1/3,w,9,1,0,data,ok,8,8,3.5,37.4
mpp,0.0,10,ack-4f,w,2,2,0,ctl,ok,0,0,0.2,37.4
mpp,0.0,10,qpsk-r1/3,w,9,1,0,data,ok,8,8,3.0,37.4
mpp,0.0,10,ack-4f,w,3,3,0,ctl,ok,0,0,5.2,37.4
mpp,0.0,10,qpsk-r1/2,w,9,2,1,data,ok,7,7,3.7,37.4
mpp,0.0,10,ack-1f,w,3,3,0,ctl,ok,0,0,7.9,37.4
mpp,0.0,10,qpsk-r1/2,w,9,2,1,data,ok,7,7,3.4,37.4
mpp,0.0,10,ack-1f,w,3,3,0,ctl,ok,0,0,-0.2,37.4
mpp,0.0,10,qpsk-r1/2,w,9,2,1,data,ok,7,0,2.0,37.4
mpp,0.0,10,ack-1f,w,2,2,0,ctl,ok,0,0,-4.2,37.4
mpp,0.0,10,qpsk-r1/3,w,9,1,0,data,ok,8,8,2.7,37.4
mpp,0.0,10,ack-4f,w,2,2,0,ctl,ok,0,0,4.8,37.4
mpp,0.0,10,qpsk-r1/3,w,9,1,0,data,ok,8,8,3.1,37.4
mpp,0.0,10,ack-1f,w,2,2,0,ctl,ok,0,0,5.5,37.4
mpp,0.0,10,qpsk-r1/3,w,9,1,0,data,ok,8,8,3.6,37.4
mpp,8.0,0,qpsk-r1/5,w,1,1,0,ctl,ok,0,0,11.5,203.2
mpp,8.0,0,qpsk-r1/5,w,1,1,0,ctl,ok,0,0,9.2,203.2
mpp,8.0,0,ack-4f,w,2,2,0,ctl,ok,0,0,10.6,203.2
mpp,8.0,0,ack-1f,w,3,3,0,ctl,ok,0,0,11.6,203.2
mpp,8.0,0,w48-16qam-r1/3,w48,19,2,1,data,ok,17,17,10.4,203.2
mpp,8.0,0,ack-1f,w,2,2,0,ctl,ok,0,0,11.6,203.2
mpp,8.0,0,w48-16qam-r1/3,w48,19,1,0,data,ok,18,18,9.7,203.2
mpp,8.0,0,ack-1f,w,2,2,0,ctl,ok,0,0,7.2,203.2
mpp,8.0,0,w48-16qam-r1/3,w48,19,1,0,data,ok,18,18,9.6,203.2
mpp,8.0,0,ack-1f,w,2,2,0,ctl,ok,0,0,10.2,203.2
mpp,8.0,0,w48-16qam-r1/3,w48,19,1,0,data,ok,18,18,10.0,203.2
mpp,8.0,0,ack-1f,w,2,2,0,ctl,ok,0,0,8.7,203.2
mpp,8.0,0,w48-16qam-r1/3,w48,19,1,0,data,ok,18,18,10.0,203.2
mpp,8.0,0,ack-1f,w,2,2,0,ctl,ok,0,0,6.2,203.2
mpp,8.0,0,w48-16qam-r1/3,w48,19,1,0,data,ok,18,18,9.3,203.2
mpp,8.0,0,ack-1f,w,2,2,0,ctl,ok,0,0,11.8,203.2
mpp,8.0,0,w48-16qam-r1/3,w48,19,1,0,data,ok,18,18,10.4,203.2
mpp,8.0,0,ack-1f,w,2,2,0,ctl,ok,0,0,9.5,203.2
mpp,8.0,0,w48-16qam-r1/3,w48,19,1,0,data,ok,18,18,10.1,203.2
mpp,8.0,0,ack-1f,w,2,2,0,ctl,ok,0,0,13.6,203.2
mpp,8.0,0,w48-16qam-r1/3,w48,19,1,0,data,ok,18,18,10.6,203.2
mpp,8.0,0,ack-1f,w,2,2,0,ctl,ok,0,0,7.5,203.2
mpp,8.0,0,w48-16qam-r1/3,w48,19,1,0,data,ok,18,18,10.2,203.2
mpp,8.0,0,ack-1f,w,2,2,0,ctl,ok,0,0,12.0,203.2
mpp,8.0,0,w48-16qam-r1/3,w48,19,1,0,data,ok,18,18,9.2,203.2
mpp,8.0,0,ack-1f,w,2,2,0,ctl,ok,0,0,12.1,203.2
mpp,8.0,0,w48-16qam-r1/3,w48,19,1,0,data,ok,18,18,8.7,203.2
mpp,8.0,0,ack-1f,w,3,3,0,ctl,ok,0,0,11.9,203.2
mpp,8.0,0,w48-16qam-r1/3,w48,19,2,1,data,ok,17,17,9.4,203.2
mpp,8.0,0,ack-1f,w,2,2,0,ctl,ok,0,0,3.3,203.2
mpp,8.0,0,w48-16qam-r1/3,w48,19,1,0,data,ok,18,18,8.3,203.2
mpp,8.0,0,ack-1f,w,3,3,0,ctl,ok,0,0,9.8,203.2
mpp,8.0,0,w48-16qam-r1/3,w48,19,2,1,data,ok,17,17,10.4,203.2
mpp,8.0,0,ack-1f,w,2,2,0,ctl,ok,0,0,8.9,203.2
mpp,8.0,0,w48-16qam-r1/3,w48,19,1,0,data,ok,18,18,10.3,203.2
mpp,8.0,0,ack-1f,w,2,2,0,ctl,ok,0,0,10.9,203.2
mpp,8.0,0,w48-16qam-r1/3,w48,19,1,0,data,ok,18,18,10.0,203.2
mpp,8.0,0,ack-1f,w,2,2,0,ctl,ok,0,0,11.2,203.2
mpp,8.0,0,w48-16qam-r1/3,w48,19,1,0,data,ok,18,18,9.2,203.2
mpp,8.0,0,ack-1f,w,2,2,0,ctl,ok,0,0,10.6,203.2
mpp,8.0,0,w48-16qam-r1/3,w48,19,1,0,data,ok,18,18,10.0,203.2
mpp,8.0,0,ack-1f,w,2,2,0,ctl,ok,0,0,12.0,203.2
mpp,8.0,0,w48-16qam-r1/3,w48,19,1,0,data,ok,18,18,9.9,203.2
mpp,8.0,0,ack-1f,w,2,2,0,ctl,ok,0,0,7.9,203.2
mpp,8.0,0,w48-16qam-r1/3,w48,19,1,0,data,ok,18,18,9.6,203.2
mpp,8.0,0,ack-1f,w,2,2,0,ctl,ok,0,0,6.9,203.2
mpp,8.0,0,w48-16qam-r1/3,w48,19,1,0,data,ok,18,18,10.6,203.2
mpp,8.0,0,ack-1f,w,2,2,0,ctl,ok,0,0,10.8,203.2
mpp,8.0,0,w48-16qam-r1/3,w48,19,1,0,data,ok,18,18,9.2,203.2
mpp,8.0,0,ack-1f,w,2,2,0,ctl,ok,0,0,14.9,203.2
mpp,8.0,0,w48-16qam-r1/3,w48,19,1,0,data,ok,18,18,9.8,203.2
mpp,8.0,0,ack-1f,w,2,2,0,ctl,ok,0,0,10.8,203.2
mpp,8.0,0,w48-16qam-r1/3,w48,19,1,0,data,ok,18,18,10.0,203.2
mpp,8.0,0,ack-1f,w,2,2,0,ctl,ok,0,0,14.3,203.2
mpp,8.0,0,w48-16qam-r1/3,w48,19,1,0,data,ok,18,18,9.4,203.2
mpp,8.0,0,ack-1f,w,2,2,0,ctl,ok,0,0,11.0,203.2
mpp,8.0,0,w48-16qam-r1/3,w48,19,1,0,data,ok,18,18,9.5,203.2
mpp,8.0,0,ack-1f,w,2,2,0,ctl,ok,0,0,15.1,203.2
mpp,8.0,0,w48-16qam-r1/3,w48,19,1,0,data,ok,18,18,9.4,203.2
mpp,8.0,0,ack-1f,w,2,2,0,ctl,ok,0,0,10.6,203.2
mpp,8.0,0,w48-16qam-r1/3,w48,19,1,0,data,ok,18,14,7.8,203.2
mpp,8.0,0,ack-1f,w,3,3,0,ctl,ok,0,0,8.6,203.2
mpp,8.0,0,w48-16qam-r1/3,w48,19,1,0,data,ok,14,14,9.1,203.2
mpp,8.0,0,ack-1f,w,2,2,0,ctl,ok,0,0,16.4,203.2
mpp,8.0,0,w48-16qam-r1/3,w48,19,1,0,data,ok,18,18,9.9,203.2
mpp,8.0,0,ack-1f,w,2,2,0,ctl,ok,0,0,10.5,203.2
mpp,8.0,0,w48-16qam-r1/3,w48,19,1,0,data,ok,18,18,9.6,203.2
mpp,8.0,0,ack-1f,w,2,2,0,ctl,ok,0,0,13.3,203.2
mpp,8.0,0,w48-16qam-r1/3,w48,19,1,0,data,ok,18,18,10.3,203.2
mpp,8.0,0,ack-1f,w,2,2,0,ctl,ok,0,0,12.0,203.2
mpp,8.0,0,w48-16qam-r1/3,w48,19,1,0,data,ok,18,18,9.0,203.2
mpp,8.0,0,ack-1f,w,2,2,0,ctl,ok,0,0,8.6,203.2
mpp,8.0,0,w48-16qam-r1/3,w48,19,1,0,data,ok,18,18,10.8,203.2
mpp,8.0,0,ack-1f,w,2,2,0,ctl,ok,0,0,8.8,203.2
mpp,8.0,0,w48-16qam-r1/3,w48,19,1,0,data,ok,18,18,10.0,203.2
mpp,8.0,0,ack-1f,w,2,2,0,ctl,ok,0,0,10.3,203.2
mpp,8.0,0,w48-16qam-r1/3,w48,19,1,0,data,ok,18,18,11.1,203.2
mpp,8.0,0,ack-1f,w,2,2,0,ctl,ok,0,0,13.7,203.2
mpp,8.0,0,w48-16qam-r1/3,w48,19,1,0,data,ok,18,18,9.3,203.2
mpp,8.0,0,ack-1f,w,2,2,0,ctl,ok,0,0,7.3,203.2
mpp,8.0,0,w48-16qam-r1/3,w48,19,1,0,data,ok,18,18,10.3,203.2
mpp,8.0,0,ack-1f,w,2,2,0,ctl,ok,0,0,13.3,203.2
mpp,8.0,0,w48-16qam-r1/3,w48,19,1,0,data,ok,18,18,10.7,203.2
mpp,8.0,0,ack-1f,w,2,2,0,ctl,ok,0,0,10.6,203.2
mpp,8.0,0,w48-16qam-r1/3,w48,19,1,0,data,ok,18,18,10.3,203.2
mpp,8.0,0,ack-1f,w,2,2,0,ctl,ok,0,0,12.3,203.2
mpp,8.0,0,w48-16qam-r1/3,w48,19,1,0,data,ok,18,18,10.1,203.2
mpp,8.0,0,ack-1f,w,2,2,0,ctl,ok,0,0,8.7,203.2
mpp,8.0,0,w48-16qam-r1/3,w48,19,1,0,data,ok,18,18,10.8,203.2
mpp,8.0,0,ack-1f,w,2,2,0,ctl,ok,0,0,6.6,203.2
mpp,8.0,0,w48-16qam-r1/3,w48,19,1,0,data,ok,18,18,10.2,203.2
mpp,8.0,0,ack-1f,w,2,2,0,ctl,ok,0,0,7.0,203.2
mpp,8.0,0,w48-16qam-r1/3,w48,19,1,0,data,ok,18,18,9.9,203.2
mpp,8.0,2,qpsk-r1/5,w,1,1,0,ctl,ok,0,0,10.6,202.7
mpp,8.0,2,qpsk-r1/5,w,1,1,0,ctl,ok,0,0,12.2,202.7
mpp,8.0,2,ack-4f,w,2,2,0,ctl,ok,0,0,8.3,202.7
mpp,8.0,2,ack-1f,w,2,2,0,ctl,ok,0,0,10.5,202.7
mpp,8.0,2,w48-qpsk-r1/2,w48,19,1,0,data,ok,18,18,9.7,202.7
mpp,8.0,2,ack-1f,w,3,3,0,ctl,ok,0,0,6.3,202.7
mpp,8.0,2,w48-16qam-r1/3,w48,19,2,1,data,ok,17,17,9.6,202.7
mpp,8.0,2,ack-1f,w,2,2,0,ctl,ok,0,0,10.0,202.7
mpp,8.0,2,w48-16qam-r1/3,w48,19,1,0,data,ok,18,18,9.0,202.7
mpp,8.0,2,ack-1f,w,2,2,0,ctl,ok,0,0,10.5,202.7
mpp,8.0,2,w48-16qam-r1/3,w48,19,1,0,data,ok,18,18,9.1,202.7
mpp,8.0,2,ack-1f,w,3,3,0,ctl,ok,0,0,9.2,202.7
mpp,8.0,2,w48-16qam-r1/3,w48,19,2,1,data,ok,17,17,8.8,202.7
mpp,8.0,2,ack-1f,w,3,3,0,ctl,ok,0,0,13.6,202.7
mpp,8.0,2,w48-16qam-r1/3,w48,19,2,1,data,ok,17,17,10.5,202.7
mpp,8.0,2,ack-1f,w,2,2,0,ctl,ok,0,0,10.9,202.7
mpp,8.0,2,w48-16qam-r1/3,w48,19,1,0,data,ok,18,18,9.9,202.7
mpp,8.0,2,ack-1f,w,2,2,0,ctl,ok,0,0,11.5,202.7
mpp,8.0,2,w48-16qam-r1/3,w48,19,1,0,data,ok,18,18,10.3,202.7
mpp,8.0,2,ack-1f,w,2,2,0,ctl,ok,0,0,6.4,202.7
mpp,8.0,2,w48-16qam-r1/3,w48,19,1,0,data,ok,18,18,9.0,202.7
mpp,8.0,2,ack-1f,w,2,2,0,ctl,ok,0,0,7.9,202.7
mpp,8.0,2,w48-16qam-r1/3,w48,19,1,0,data,ok,18,18,9.5,202.7
mpp,8.0,2,ack-1f,w,2,2,0,ctl,ok,0,0,14.6,202.7
mpp,8.0,2,w48-16qam-r1/3,w48,19,1,0,data,ok,18,18,9.0,202.7
mpp,8.0,2,ack-1f,w,2,2,0,ctl,ok,0,0,9.8,202.7
mpp,8.0,2,w48-16qam-r1/3,w48,19,1,0,data,ok,18,18,9.6,202.7
mpp,8.0,2,ack-1f,w,2,2,0,ctl,ok,0,0,13.8,202.7
mpp,8.0,2,w48-16qam-r1/3,w48,19,1,0,data,ok,18,18,11.2,202.7
mpp,8.0,2,ack-1f,w,2,2,0,ctl,ok,0,0,6.4,202.7
mpp,8.0,2,w48-16qam-r1/3,w48,19,1,0,data,ok,18,18,10.7,202.7
mpp,8.0,2,ack-1f,w,2,2,0,ctl,ok,0,0,13.4,202.7
mpp,8.0,2,w48-16qam-r1/3,w48,19,1,0,data,ok,18,18,9.1,202.7
mpp,8.0,2,ack-1f,w,2,2,0,ctl,ok,0,0,7.2,202.7
mpp,8.0,2,w48-16qam-r1/3,w48,19,1,0,data,ok,18,18,10.0,202.7
mpp,8.0,2,ack-1f,w,2,2,0,ctl,ok,0,0,13.0,202.7
mpp,8.0,2,w48-16qam-r1/3,w48,19,1,0,data,ok,18,18,10.0,202.7
mpp,8.0,2,ack-1f,w,2,2,0,ctl,ok,0,0,13.0,202.7
mpp,8.0,2,w48-16qam-r1/3,w48,19,1,0,data,ok,18,18,8.4,202.7
mpp,8.0,2,ack-1f,w,2,2,0,ctl,ok,0,0,8.3,202.7
mpp,8.0,2,w48-16qam-r1/3,w48,19,1,0,data,ok,18,18,10.9,202.7
mpp,8.0,2,ack-1f,w,2,2,0,ctl,ok,0,0,12.9,202.7
mpp,8.0,2,w48-16qam-r1/3,w48,19,1,0,data,ok,18,18,9.6,202.7
mpp,8.0,2,ack-1f,w,2,2,0,ctl,ok,0,0,16.1,202.7
mpp,8.0,2,w48-16qam-r1/3,w48,19,1,0,data,ok,18,18,10.6,202.7
mpp,8.0,2,ack-1f,w,2,2,0,ctl,ok,0,0,7.7,202.7
mpp,8.0,2,w48-16qam-r1/3,w48,19,1,0,data,ok,18,18,8.4,202.7
mpp,8.0,2,ack-1f,w,2,2,0,ctl,ok,0,0,8.2,202.7
mpp,8.0,2,w48-16qam-r1/3,w48,19,1,0,data,ok,18,18,9.6,202.7
mpp,8.0,2,ack-1f,w,2,2,0,ctl,ok,0,0,10.4,202.7
mpp,8.0,2,w48-16qam-r1/3,w48,19,1,0,data,ok,18,18,9.8,202.7
mpp,8.0,2,ack-1f,w,2,2,0,ctl,ok,0,0,13.5,202.7
mpp,8.0,2,w48-16qam-r1/3,w48,19,1,0,data,ok,18,18,10.4,202.7
mpp,8.0,2,ack-1f,w,2,2,0,ctl,ok,0,0,9.1,202.7
mpp,8.0,2,w48-16qam-r1/3,w48,19,1,0,data,ok,18,18,9.4,202.7
mpp,8.0,2,ack-1f,w,2,2,0,ctl,ok,0,0,11.7,202.7
mpp,8.0,2,w48-16qam-r1/3,w48,19,1,0,data,ok,18,18,10.5,202.7
mpp,8.0,2,ack-1f,w,2,2,0,ctl,ok,0,0,10.5,202.7
mpp,8.0,2,w48-16qam-r1/3,w48,19,1,0,data,ok,18,18,10.1,202.7
mpp,8.0,2,ack-1f,w,2,2,0,ctl,ok,0,0,13.1,202.7
mpp,8.0,2,w48-16qam-r1/3,w48,19,1,0,data,ok,18,18,10.8,202.7
mpp,8.0,2,ack-1f,w,2,2,0,ctl,ok,0,0,12.4,202.7
mpp,8.0,2,w48-16qam-r1/3,w48,19,1,0,data,ok,18,18,9.7,202.7
mpp,8.0,2,ack-1f,w,2,2,0,ctl,ok,0,0,10.9,202.7
mpp,8.0,2,w48-16qam-r1/3,w48,19,1,0,data,ok,18,18,11.0,202.7
mpp,8.0,2,ack-1f,w,2,2,0,ctl,ok,0,0,8.7,202.7
mpp,8.0,2,w48-16qam-r1/3,w48,19,1,0,data,ok,18,18,9.2,202.7
mpp,8.0,2,ack-1f,w,2,2,0,ctl,ok,0,0,9.5,202.7
mpp,8.0,2,w48-16qam-r1/3,w48,19,1,0,data,ok,18,18,10.4,202.7
mpp,8.0,2,ack-1f,w,2,2,0,ctl,ok,0,0,10.8,202.7
mpp,8.0,2,w48-16qam-r1/3,w48,19,1,0,data,ok,18,18,9.8,202.7
mpp,8.0,2,ack-1f,w,2,2,0,ctl,ok,0,0,9.5,202.7
mpp,8.0,2,w48-16qam-r1/3,w48,19,1,0,data,ok,18,18,9.3,202.7
mpp,8.0,2,ack-1f,w,2,2,0,ctl,ok,0,0,12.2,202.7
mpp,8.0,2,w48-16qam-r1/3,w48,19,1,0,data,ok,18,18,10.2,202.7
mpp,8.0,2,ack-1f,w,2,2,0,ctl,ok,0,0,12.8,202.7
mpp,8.0,2,w48-16qam-r1/3,w48,19,1,0,data,ok,18,18,10.0,202.7
mpp,8.0,2,ack-1f,w,2,2,0,ctl,ok,0,0,11.7,202.7
mpp,8.0,2,w48-16qam-r1/3,w48,19,1,0,data,ok,18,18,9.9,202.7
mpp,8.0,2,ack-1f,w,2,2,0,ctl,ok,0,0,8.5,202.7
mpp,8.0,2,w48-16qam-r1/3,w48,19,1,0,data,ok,18,18,11.4,202.7
mpp,8.0,2,ack-1f,w,2,2,0,ctl,ok,0,0,10.6,202.7
mpp,8.0,2,w48-16qam-r1/3,w48,19,1,0,data,ok,18,18,9.6,202.7
mpp,8.0,2,ack-1f,w,2,2,0,ctl,ok,0,0,11.6,202.7
mpp,8.0,2,w48-16qam-r1/3,w48,19,1,0,data,ok,18,18,8.7,202.7
mpp,8.0,2,ack-1f,w,2,2,0,ctl,ok,0,0,14.8,202.7
mpp,8.0,2,w48-16qam-r1/3,w48,19,1,0,data,ok,18,18,11.4,202.7
mpp,8.0,2,ack-1f,w,2,2,0,ctl,ok,0,0,9.5,202.7
mpp,8.0,2,w48-16qam-r1/3,w48,19,1,0,data,ok,18,18,9.8,202.7
mpp,8.0,2,ack-1f,w,2,2,0,ctl,ok,0,0,11.9,202.7
mpp,8.0,2,w48-16qam-r1/3,w48,19,1,0,data,ok,18,18,10.1,202.7
mpp,8.0,2,ack-1f,w,2,2,0,ctl,ok,0,0,13.2,202.7
mpp,8.0,2,w48-16qam-r1/3,w48,19,1,0,data,ok,18,18,8.8,202.7
mpp,8.0,4,qpsk-r1/5,w,1,1,0,ctl,ok,0,0,14.2,204.4
mpp,8.0,4,qpsk-r1/5,w,1,1,0,ctl,ok,0,0,11.2,204.4
mpp,8.0,4,ack-4f,w,2,2,0,ctl,ok,0,0,11.0,204.4
mpp,8.0,4,ack-1f,w,2,2,0,ctl,ok,0,0,14.3,204.4
mpp,8.0,4,w48-16qam-r1/3,w48,19,1,0,data,ok,18,18,10.7,204.4
mpp,8.0,4,ack-1f,w,2,2,0,ctl,ok,0,0,8.6,204.4
mpp,8.0,4,w48-16qam-r1/3,w48,19,1,0,data,ok,18,18,9.3,204.4
mpp,8.0,4,ack-1f,w,2,2,0,ctl,ok,0,0,12.0,204.4
mpp,8.0,4,w48-16qam-r1/3,w48,19,1,0,data,ok,18,18,9.3,204.4
mpp,8.0,4,ack-1f,w,2,2,0,ctl,ok,0,0,12.8,204.4
mpp,8.0,4,w48-16qam-r1/3,w48,19,1,0,data,ok,18,18,8.5,204.4
mpp,8.0,4,ack-1f,w,3,3,0,ctl,ok,0,0,6.7,204.4
mpp,8.0,4,w48-16qam-r1/3,w48,19,2,1,data,ok,17,17,10.2,204.4
mpp,8.0,4,ack-1f,w,2,2,0,ctl,ok,0,0,7.5,204.4
mpp,8.0,4,w48-16qam-r1/3,w48,19,1,0,data,ok,18,18,9.5,204.4
mpp,8.0,4,ack-1f,w,2,2,0,ctl,ok,0,0,11.5,204.4
mpp,8.0,4,w48-16qam-r1/3,w48,19,1,0,data,ok,18,18,9.6,204.4
mpp,8.0,4,ack-1f,w,2,2,0,ctl,ok,0,0,13.9,204.4
mpp,8.0,4,w48-16qam-r1/3,w48,19,1,0,data,ok,18,18,8.2,204.4
mpp,8.0,4,ack-1f,w,3,3,0,ctl,ok,0,0,15.4,204.4
mpp,8.0,4,w48-16qam-r1/3,w48,19,2,1,data,ok,17,17,9.9,204.4
mpp,8.0,4,ack-1f,w,2,2,0,ctl,ok,0,0,10.8,204.4
mpp,8.0,4,w48-16qam-r1/3,w48,19,1,0,data,ok,18,18,9.6,204.4
mpp,8.0,4,ack-1f,w,2,2,0,ctl,ok,0,0,8.1,204.4
mpp,8.0,4,w48-16qam-r1/3,w48,19,1,0,data,ok,18,18,9.6,204.4
mpp,8.0,4,ack-1f,w,2,2,0,ctl,ok,0,0,9.9,204.4
mpp,8.0,4,w48-16qam-r1/3,w48,19,1,0,data,ok,18,18,9.0,204.4
mpp,8.0,4,ack-1f,w,2,2,0,ctl,ok,0,0,9.3,204.4
mpp,8.0,4,w48-16qam-r1/3,w48,19,1,0,data,ok,18,18,10.0,204.4
mpp,8.0,4,ack-1f,w,2,2,0,ctl,ok,0,0,6.6,204.4
mpp,8.0,4,w48-16qam-r1/3,w48,19,1,0,data,ok,18,18,9.6,204.4
mpp,8.0,4,ack-1f,w,2,2,0,ctl,ok,0,0,5.9,204.4
mpp,8.0,4,w48-16qam-r1/3,w48,19,1,0,data,ok,18,18,9.4,204.4
mpp,8.0,4,ack-1f,w,2,2,0,ctl,ok,0,0,5.6,204.4
mpp,8.0,4,w48-16qam-r1/3,w48,19,1,0,data,ok,18,18,10.1,204.4
mpp,8.0,4,ack-1f,w,2,2,0,ctl,ok,0,0,8.9,204.4
mpp,8.0,4,w48-16qam-r1/3,w48,19,1,0,data,ok,18,18,10.5,204.4
mpp,8.0,4,ack-1f,w,2,2,0,ctl,ok,0,0,14.1,204.4
mpp,8.0,4,w48-16qam-r1/3,w48,19,1,0,data,ok,18,18,10.1,204.4
mpp,8.0,4,ack-1f,w,2,2,0,ctl,ok,0,0,8.6,204.4
mpp,8.0,4,w48-16qam-r1/3,w48,19,1,0,data,ok,18,18,9.7,204.4
mpp,8.0,4,ack-1f,w,2,2,0,ctl,ok,0,0,9.0,204.4
mpp,8.0,4,w48-16qam-r1/3,w48,19,1,0,data,ok,18,18,10.4,204.4
mpp,8.0,4,ack-1f,w,2,2,0,ctl,ok,0,0,12.2,204.4
mpp,8.0,4,w48-16qam-r1/3,w48,19,1,0,data,ok,18,18,8.8,204.4
mpp,8.0,4,ack-1f,w,2,2,0,ctl,ok,0,0,14.1,204.4
mpp,8.0,4,w48-16qam-r1/3,w48,19,1,0,data,ok,18,18,9.5,204.4
mpp,8.0,4,ack-1f,w,2,2,0,ctl,ok,0,0,8.9,204.4
mpp,8.0,4,w48-16qam-r1/3,w48,19,1,0,data,ok,18,18,9.8,204.4
mpp,8.0,4,ack-1f,w,2,2,0,ctl,ok,0,0,15.0,204.4
mpp,8.0,4,w48-16qam-r1/3,w48,19,1,0,data,ok,18,18,9.8,204.4
mpp,8.0,4,ack-1f,w,2,2,0,ctl,ok,0,0,10.5,204.4
mpp,8.0,4,w48-16qam-r1/3,w48,19,1,0,data,ok,18,18,9.4,204.4
mpp,8.0,4,ack-1f,w,2,2,0,ctl,ok,0,0,15.3,204.4
mpp,8.0,4,w48-16qam-r1/3,w48,19,1,0,data,ok,18,18,10.1,204.4
mpp,8.0,4,ack-1f,w,2,2,0,ctl,ok,0,0,8.0,204.4
mpp,8.0,4,w48-16qam-r1/3,w48,19,1,0,data,ok,18,18,9.7,204.4
mpp,8.0,4,ack-1f,w,2,2,0,ctl,ok,0,0,7.8,204.4
mpp,8.0,4,w48-16qam-r1/3,w48,19,1,0,data,ok,18,18,9.2,204.4
mpp,8.0,4,ack-1f,w,2,2,0,ctl,ok,0,0,13.6,204.4
mpp,8.0,4,w48-16qam-r1/3,w48,19,1,0,data,ok,18,18,10.2,204.4
mpp,8.0,4,ack-1f,w,2,2,0,ctl,ok,0,0,8.9,204.4
mpp,8.0,4,w48-16qam-r1/3,w48,19,1,0,data,ok,18,18,7.9,204.4
mpp,8.0,4,ack-1f,w,2,2,0,ctl,ok,0,0,6.3,204.4
mpp,8.0,4,w48-16qam-r1/3,w48,19,1,0,data,ok,18,18,9.6,204.4
mpp,8.0,4,ack-1f,w,2,2,0,ctl,ok,0,0,11.6,204.4
mpp,8.0,4,w48-16qam-r1/3,w48,19,1,0,data,ok,18,18,9.9,204.4
mpp,8.0,4,ack-1f,w,2,2,0,ctl,ok,0,0,7.9,204.4
mpp,8.0,4,w48-16qam-r1/3,w48,19,1,0,data,ok,18,18,8.8,204.4
mpp,8.0,4,ack-1f,w,2,2,0,ctl,ok,0,0,6.2,204.4
mpp,8.0,4,w48-16qam-r1/3,w48,19,1,0,data,ok,18,18,10.6,204.4
mpp,8.0,4,ack-1f,w,2,2,0,ctl,ok,0,0,13.9,204.4
mpp,8.0,4,w48-16qam-r1/3,w48,19,1,0,data,ok,18,18,9.8,204.4
mpp,8.0,4,ack-1f,w,2,2,0,ctl,ok,0,0,7.6,204.4
mpp,8.0,4,w48-16qam-r1/3,w48,19,1,0,data,ok,18,18,9.0,204.4
mpp,8.0,4,ack-1f,w,2,2,0,ctl,ok,0,0,10.9,204.4
mpp,8.0,4,w48-16qam-r1/3,w48,19,1,0,data,ok,18,18,11.1,204.4
mpp,8.0,4,ack-1f,w,2,2,0,ctl,ok,0,0,12.6,204.4
mpp,8.0,4,w48-16qam-r1/3,w48,19,1,0,data,ok,18,18,10.2,204.4
mpp,8.0,4,ack-1f,w,2,2,0,ctl,ok,0,0,10.3,204.4
mpp,8.0,4,w48-16qam-r1/3,w48,19,1,0,data,ok,18,18,8.8,204.4
mpp,8.0,4,ack-1f,w,2,2,0,ctl,ok,0,0,11.9,204.4
mpp,8.0,4,w48-16qam-r1/3,w48,19,1,0,data,ok,18,18,9.1,204.4
mpp,8.0,4,ack-1f,w,2,2,0,ctl,ok,0,0,13.5,204.4
mpp,8.0,4,w48-16qam-r1/3,w48,19,1,0,data,ok,18,18,10.1,204.4
mpp,8.0,4,ack-1f,w,2,2,0,ctl,ok,0,0,13.3,204.4
mpp,8.0,4,w48-16qam-r1/3,w48,19,1,0,data,ok,18,18,11.4,204.4
mpp,8.0,4,ack-1f,w,2,2,0,ctl,ok,0,0,12.9,204.4
mpp,8.0,4,w48-16qam-r1/3,w48,19,1,0,data,ok,18,18,10.4,204.4
mpp,8.0,4,ack-1f,w,2,2,0,ctl,ok,0,0,6.5,204.4
mpp,8.0,4,w48-16qam-r1/3,w48,19,1,0,data,ok,18,18,10.8,204.4
mpp,8.0,4,ack-1f,w,2,2,0,ctl,ok,0,0,13.1,204.4
mpp,8.0,4,w48-16qam-r1/3,w48,19,1,0,data,ok,18,18,10.0,204.4
mpp,8.0,1,qpsk-r1/5,w,1,1,0,ctl,ok,0,0,11.7,182.8
mpp,8.0,1,qpsk-r1/5,w,1,1,0,ctl,ok,0,0,13.4,182.8
mpp,8.0,1,ack-4f,w,2,2,0,ctl,ok,0,0,11.0,182.8
mpp,8.0,1,ack-1f,w,3,3,0,ctl,ok,0,0,16.8,182.8
mpp,8.0,1,w48-16qam-r1/3,w48,19,2,1,data,ok,17,17,9.2,182.8
mpp,8.0,1,ack-1f,w,3,3,0,ctl,ok,0,0,10.6,182.8
mpp,8.0,1,w48-16qam-r1/3,w48,19,2,1,data,ok,17,17,10.0,182.8
mpp,8.0,1,ack-1f,w,2,2,0,ctl,ok,0,0,9.6,182.8
mpp,8.0,1,w48-16qam-r1/3,w48,19,1,0,data,ok,18,18,9.6,182.8
mpp,8.0,1,ack-1f,w,2,2,0,ctl,ok,0,0,7.4,182.8
mpp,8.0,1,w48-16qam-r1/3,w48,19,1,0,data,ok,18,18,9.5,182.8
mpp,8.0,1,ack-1f,w,2,2,0,ctl,ok,0,0,7.5,182.8
mpp,8.0,1,w48-16qam-r1/3,w48,19,1,0,data,ok,18,18,9.4,182.8
mpp,8.0,1,ack-1f,w,2,2,0,ctl,ok,0,0,7.6,182.8
mpp,8.0,1,w48-16qam-r1/3,w48,19,1,0,data,ok,18,18,10.1,182.8
mpp,8.0,1,ack-1f,w,2,2,0,ctl,ok,0,0,7.4,182.8
mpp,8.0,1,w48-16qam-r1/3,w48,19,1,0,data,ok,18,18,9.8,182.8
mpp,8.0,1,ack-1f,w,2,2,0,ctl,ok,0,0,10.3,182.8
mpp,8.0,1,w48-16qam-r1/3,w48,19,1,0,data,ok,18,18,8.2,182.8
mpp,8.0,1,ack-1f,w,2,2,0,ctl,ok,0,0,9.8,182.8
mpp,8.0,1,w48-16qam-r1/3,w48,19,1,0,data,ok,18,18,8.9,182.8
mpp,8.0,1,ack-1f,w,2,2,0,ctl,ok,0,0,7.4,182.8
mpp,8.0,1,w48-16qam-r1/3,w48,19,1,0,data,ok,18,18,10.0,182.8
mpp,8.0,1,ack-1f,w,2,2,0,ctl,ok,0,0,11.0,182.8
mpp,8.0,1,w48-16qam-r1/3,w48,19,1,0,data,ok,18,18,8.7,182.8
mpp,8.0,1,ack-1f,w,2,2,0,ctl,ok,0,0,11.8,182.8
mpp,8.0,1,w48-16qam-r1/3,w48,19,1,0,data,ok,18,18,9.6,182.8
mpp,8.0,1,ack-1f,w,2,2,0,ctl,ok,0,0,9.1,182.8
mpp,8.0,1,w48-16qam-r1/3,w48,19,1,0,data,ok,18,18,9.3,182.8
mpp,8.0,1,ack-1f,w,2,2,0,ctl,ok,0,0,9.1,182.8
mpp,8.0,1,w48-16qam-r1/3,w48,19,1,0,data,ok,18,18,8.2,182.8
mpp,8.0,1,ack-1f,w,2,2,0,ctl,ok,0,0,8.6,182.8
mpp,8.0,1,w48-16qam-r1/3,w48,19,1,0,data,ok,18,18,10.9,182.8
mpp,8.0,1,ack-1f,w,2,2,0,ctl,ok,0,0,6.4,182.8
mpp,8.0,1,w48-16qam-r1/3,w48,19,1,0,data,ok,18,18,9.6,182.8
mpp,8.0,1,ack-1f,w,2,2,0,ctl,ok,0,0,14.9,182.8
mpp,8.0,1,w48-16qam-r1/3,w48,19,1,0,data,ok,18,18,10.0,182.8
mpp,8.0,1,ack-1f,w,2,2,0,ctl,ok,0,0,10.0,182.8
mpp,8.0,1,w48-16qam-r1/3,w48,19,1,0,data,ok,18,18,9.1,182.8
mpp,8.0,1,ack-1f,w,2,2,0,ctl,ok,0,0,13.8,182.8
mpp,8.0,1,w48-16qam-r1/3,w48,19,1,0,data,ok,18,18,9.3,182.8
mpp,8.0,1,ack-1f,w,2,2,0,ctl,ok,0,0,9.2,182.8
mpp,8.0,1,w48-16qam-r1/3,w48,19,1,0,data,ctl_lost,18,12,7.4,182.8
mpp,8.0,1,ack-4f,w,3,3,0,ctl,ok,0,0,13.3,182.8
mpp,8.0,1,ack-4f,w,2,2,0,ctl,ok,0,0,10.1,182.8
mpp,8.0,1,w48-16qam-r1/3,w48,19,1,0,data,ok,18,18,9.2,182.8
mpp,8.0,1,ack-1f,w,3,3,0,ctl,ok,0,0,11.3,182.8
mpp,8.0,1,w48-16qam-r1/3,w48,19,2,1,data,ok,17,17,10.0,182.8
mpp,8.0,1,ack-1f,w,2,2,0,ctl,ok,0,0,13.5,182.8
mpp,8.0,1,w48-16qam-r1/3,w48,19,1,0,data,ok,18,18,10.4,182.8
mpp,8.0,1,ack-1f,w,2,2,0,ctl,ok,0,0,9.0,182.8
mpp,8.0,1,w48-16qam-r1/3,w48,19,1,0,data,ok,18,18,9.6,182.8
mpp,8.0,1,ack-1f,w,2,2,0,ctl,ok,0,0,12.1,182.8
mpp,8.0,1,w48-16qam-r1/3,w48,19,1,0,data,ok,18,18,10.5,182.8
mpp,8.0,1,ack-1f,w,2,2,0,ctl,ok,0,0,10.8,182.8
mpp,8.0,1,w48-16qam-r1/3,w48,19,1,0,data,ok,18,18,10.5,182.8
mpp,8.0,1,ack-1f,w,2,2,0,ctl,ok,0,0,5.9,182.8
mpp,8.0,1,w48-16qam-r1/3,w48,19,1,0,data,ok,18,18,9.0,182.8
mpp,8.0,1,ack-1f,w,2,2,0,ctl,ok,0,0,9.0,182.8
mpp,8.0,1,w48-16qam-r1/3,w48,19,1,0,data,ctl_lost,18,18,8.5,182.8
mpp,8.0,1,ack-4f,w,3,3,0,ctl,ok,0,0,11.8,182.8
mpp,8.0,1,ack-4f,w,3,3,0,ctl,ok,0,0,11.6,182.8
mpp,8.0,1,w48-16qam-r1/3,w48,19,2,1,data,ok,17,17,10.0,182.8
mpp,8.0,1,ack-1f,w,2,2,0,ctl,ok,0,0,12.6,182.8
mpp,8.0,1,w48-16qam-r1/3,w48,19,1,0,data,ok,18,18,9.9,182.8
mpp,8.0,1,ack-1f,w,2,2,0,ctl,ok,0,0,9.4,182.8
mpp,8.0,1,w48-16qam-r1/3,w48,19,1,0,data,ctl_lost,18,13,7.6,182.8
mpp,8.0,1,ack-4f,w,3,3,0,ctl,ok,0,0,13.2,182.8
mpp,8.0,1,ack-4f,w,2,2,0,ctl,ok,0,0,10.8,182.8
mpp,8.0,1,w48-qpsk-r1/2,w48,19,1,0,data,ok,18,18,10.0,182.8
mpp,8.0,1,ack-1f,w,3,3,0,ctl,ok,0,0,8.9,182.8
mpp,8.0,1,w48-16qam-r1/3,w48,19,2,1,data,ok,17,17,10.1,182.8
mpp,8.0,1,ack-1f,w,2,2,0,ctl,ok,0,0,8.4,182.8
mpp,8.0,1,w48-16qam-r1/3,w48,19,1,0,data,ok,18,18,9.4,182.8
mpp,8.0,1,ack-1f,w,3,3,0,ctl,ok,0,0,11.6,182.8
mpp,8.0,1,w48-16qam-r1/3,w48,19,2,1,data,ok,17,17,9.8,182.8
mpp,8.0,1,ack-1f,w,3,3,0,ctl,ok,0,0,11.9,182.8
mpp,8.0,1,w48-16qam-r1/3,w48,19,2,1,data,ok,17,17,9.4,182.8
mpp,8.0,1,ack-1f,w,3,3,0,ctl,ok,0,0,13.4,182.8
mpp,8.0,1,w48-16qam-r1/3,w48,19,2,1,data,ok,17,17,10.8,182.8
mpp,8.0,1,ack-1f,w,2,2,0,ctl,ok,0,0,10.8,182.8
mpp,8.0,1,w48-16qam-r1/3,w48,19,1,0,data,ok,18,18,10.1,182.8
mpp,8.0,1,ack-1f,w,2,2,0,ctl,ok,0,0,9.4,182.8
mpp,8.0,1,w48-16qam-r1/3,w48,19,1,0,data,ok,18,18,9.4,182.8
mpp,8.0,1,ack-1f,w,3,3,0,ctl,ok,0,0,10.2,182.8
mpp,8.0,1,w48-16qam-r1/3,w48,19,2,1,data,ok,17,17,10.5,182.8
mpp,8.0,1,ack-1f,w,2,2,0,ctl,ok,0,0,10.0,182.8
mpp,8.0,1,w48-16qam-r1/3,w48,19,1,0,data,ok,18,18,10.1,182.8
mpp,8.0,1,ack-1f,w,2,2,0,ctl,ok,0,0,15.9,182.8
mpp,8.0,1,w48-16qam-r1/3,w48,19,1,0,data,ok,18,18,9.1,182.8
mpp,8.0,1,ack-1f,w,2,2,0,ctl,ok,0,0,7.3,182.8
mpp,8.0,1,w48-16qam-r1/3,w48,19,1,0,data,ok,18,18,9.0,182.8
mpp,8.0,1,ack-1f,w,3,3,0,ctl,ok,0,0,11.1,182.8
mpp,8.0,1,w48-16qam-r1/3,w48,19,2,1,data,ok,17,17,9.7,182.8
mpp,8.0,3,qpsk-r1/5,w,1,1,0,ctl,ok,0,0,10.6,203.2
mpp,8.0,3,qpsk-r1/5,w,1,1,0,ctl,ok,0,0,9.1,203.2
mpp,8.0,3,ack-4f,w,2,2,0,ctl,ok,0,0,10.8,203.2
mpp,8.0,3,ack-1f,w,3,3,0,ctl,ok,0,0,5.9,203.2
mpp,8.0,3,w48-16qam-r1/3,w48,19,2,1,data,ok,17,17,8.5,203.2
mpp,8.0,3,ack-1f,w,3,3,0,ctl,ok,0,0,12.8,203.2
mpp,8.0,3,w48-16qam-r1/3,w48,19,2,1,data,ok,17,17,9.5,203.2
mpp,8.0,3,ack-1f,w,2,2,0,ctl,ok,0,0,13.6,203.2
mpp,8.0,3,w48-16qam-r1/3,w48,19,1,0,data,ok,18,15,7.7,203.2
mpp,8.0,3,ack-1f,w,4,4,0,ctl,ok,0,0,12.8,203.2
mpp,8.0,3,w48-16qam-r1/3,w48,19,2,1,data,ok,14,14,10.0,203.2
mpp,8.0,3,ack-1f,w,2,2,0,ctl,ok,0,0,3.9,203.2
mpp,8.0,3,w48-16qam-r1/3,w48,19,1,0,data,ok,18,18,11.0,203.2
mpp,8.0,3,ack-1f,w,2,2,0,ctl,ok,0,0,14.9,203.2
mpp,8.0,3,w48-16qam-r1/3,w48,19,1,0,data,ok,18,18,11.2,203.2
mpp,8.0,3,ack-1f,w,2,2,0,ctl,ok,0,0,11.6,203.2
mpp,8.0,3,w48-16qam-r1/3,w48,19,1,0,data,ok,18,18,9.9,203.2
mpp,8.0,3,ack-1f,w,2,2,0,ctl,ok,0,0,13.1,203.2
mpp,8.0,3,w48-16qam-r1/3,w48,19,1,0,data,ok,18,18,9.4,203.2
mpp,8.0,3,ack-1f,w,2,2,0,ctl,ok,0,0,7.3,203.2
mpp,8.0,3,w48-16qam-r1/3,w48,19,1,0,data,ok,18,18,9.3,203.2
mpp,8.0,3,ack-1f,w,2,2,0,ctl,ok,0,0,11.7,203.2
mpp,8.0,3,w48-16qam-r1/3,w48,19,1,0,data,ok,18,18,10.3,203.2
mpp,8.0,3,ack-1f,w,2,2,0,ctl,ok,0,0,9.6,203.2
mpp,8.0,3,w48-16qam-r1/3,w48,19,1,0,data,ok,18,18,9.4,203.2
mpp,8.0,3,ack-1f,w,2,2,0,ctl,ok,0,0,14.6,203.2
mpp,8.0,3,w48-16qam-r1/3,w48,19,1,0,data,ok,18,18,10.8,203.2
mpp,8.0,3,ack-1f,w,2,2,0,ctl,ok,0,0,9.7,203.2
mpp,8.0,3,w48-16qam-r1/3,w48,19,1,0,data,ok,18,18,9.8,203.2
mpp,8.0,3,ack-1f,w,2,2,0,ctl,ok,0,0,9.7,203.2
mpp,8.0,3,w48-16qam-r1/3,w48,19,1,0,data,ok,18,18,9.4,203.2
mpp,8.0,3,ack-1f,w,2,2,0,ctl,ok,0,0,13.6,203.2
mpp,8.0,3,w48-16qam-r1/3,w48,19,1,0,data,ok,18,18,10.0,203.2
mpp,8.0,3,ack-1f,w,2,2,0,ctl,ok,0,0,8.8,203.2
mpp,8.0,3,w48-16qam-r1/3,w48,19,1,0,data,ok,18,18,10.5,203.2
mpp,8.0,3,ack-1f,w,2,2,0,ctl,ok,0,0,9.1,203.2
mpp,8.0,3,w48-16qam-r1/3,w48,19,1,0,data,ok,18,18,9.5,203.2
mpp,8.0,3,ack-1f,w,2,2,0,ctl,ok,0,0,12.8,203.2
mpp,8.0,3,w48-16qam-r1/3,w48,19,1,0,data,ok,18,18,8.3,203.2
mpp,8.0,3,ack-1f,w,2,2,0,ctl,ok,0,0,10.2,203.2
mpp,8.0,3,w48-16qam-r1/3,w48,19,1,0,data,ok,18,18,9.0,203.2
mpp,8.0,3,ack-1f,w,2,2,0,ctl,ok,0,0,11.4,203.2
mpp,8.0,3,w48-16qam-r1/3,w48,19,1,0,data,ok,18,18,9.0,203.2
mpp,8.0,3,ack-1f,w,2,2,0,ctl,ok,0,0,9.8,203.2
mpp,8.0,3,w48-16qam-r1/3,w48,19,1,0,data,ok,18,18,9.3,203.2
mpp,8.0,3,ack-1f,w,2,2,0,ctl,ok,0,0,9.4,203.2
mpp,8.0,3,w48-16qam-r1/3,w48,19,1,0,data,ok,18,18,9.4,203.2
mpp,8.0,3,ack-1f,w,2,2,0,ctl,ctl_lost,0,0,0.7,203.2
mpp,8.0,3,ack-4f,w,3,3,0,ctl,ok,0,0,10.1,203.2
mpp,8.0,3,ack-4f,w,2,2,0,ctl,ok,0,0,10.9,203.2
mpp,8.0,3,w48-16qam-r1/3,w48,19,1,0,data,ok,18,18,10.4,203.2
mpp,8.0,3,ack-1f,w,2,2,0,ctl,ok,0,0,10.2,203.2
mpp,8.0,3,w48-16qam-r1/3,w48,19,1,0,data,ok,18,18,8.7,203.2
mpp,8.0,3,ack-1f,w,2,2,0,ctl,ok,0,0,13.8,203.2
mpp,8.0,3,w48-16qam-r1/3,w48,19,1,0,data,ok,18,18,9.4,203.2
mpp,8.0,3,ack-1f,w,2,2,0,ctl,ok,0,0,11.2,203.2
mpp,8.0,3,w48-16qam-r1/3,w48,19,1,0,data,ok,18,18,10.0,203.2
mpp,8.0,3,ack-1f,w,2,2,0,ctl,ok,0,0,13.1,203.2
mpp,8.0,3,w48-16qam-r1/3,w48,19,1,0,data,ok,18,18,9.4,203.2
mpp,8.0,3,ack-1f,w,2,2,0,ctl,ok,0,0,11.3,203.2
mpp,8.0,3,w48-16qam-r1/3,w48,19,1,0,data,ok,18,18,10.0,203.2
mpp,8.0,3,ack-1f,w,2,2,0,ctl,ok,0,0,9.6,203.2
mpp,8.0,3,w48-16qam-r1/3,w48,19,1,0,data,ok,18,18,8.9,203.2
mpp,8.0,3,ack-1f,w,2,2,0,ctl,ok,0,0,9.5,203.2
mpp,8.0,3,w48-16qam-r1/3,w48,19,1,0,data,ok,18,18,9.4,203.2
mpp,8.0,3,ack-1f,w,2,2,0,ctl,ok,0,0,12.9,203.2
mpp,8.0,3,w48-16qam-r1/3,w48,19,1,0,data,ok,18,18,11.4,203.2
mpp,8.0,3,ack-1f,w,2,2,0,ctl,ok,0,0,11.1,203.2
mpp,8.0,3,w48-16qam-r1/3,w48,19,1,0,data,ok,18,18,8.7,203.2
mpp,8.0,3,ack-1f,w,2,2,0,ctl,ok,0,0,11.1,203.2
mpp,8.0,3,w48-16qam-r1/3,w48,19,1,0,data,ok,18,18,10.1,203.2
mpp,8.0,3,ack-1f,w,2,2,0,ctl,ok,0,0,8.6,203.2
mpp,8.0,3,w48-16qam-r1/3,w48,19,1,0,data,ok,18,18,9.1,203.2
mpp,8.0,3,ack-1f,w,2,2,0,ctl,ok,0,0,12.3,203.2
mpp,8.0,3,w48-16qam-r1/3,w48,19,1,0,data,ok,18,18,9.7,203.2
mpp,8.0,3,ack-1f,w,2,2,0,ctl,ok,0,0,10.1,203.2
mpp,8.0,3,w48-16qam-r1/3,w48,19,1,0,data,ok,18,18,10.4,203.2
mpp,8.0,3,ack-1f,w,2,2,0,ctl,ok,0,0,9.5,203.2
mpp,8.0,3,w48-16qam-r1/3,w48,19,1,0,data,ok,18,18,9.6,203.2
mpp,8.0,3,ack-1f,w,2,2,0,ctl,ok,0,0,9.9,203.2
mpp,8.0,3,w48-16qam-r1/3,w48,19,1,0,data,ok,18,18,9.8,203.2
mpp,8.0,3,ack-1f,w,2,2,0,ctl,ok,0,0,10.6,203.2
mpp,8.0,3,w48-16qam-r1/3,w48,19,1,0,data,ok,18,18,9.8,203.2
mpp,8.0,3,ack-1f,w,2,2,0,ctl,ok,0,0,6.5,203.2
mpp,8.0,3,w48-16qam-r1/3,w48,19,1,0,data,ok,18,18,11.1,203.2
mpp,8.0,3,ack-1f,w,2,2,0,ctl,ok,0,0,9.7,203.2
mpp,8.0,3,w48-16qam-r1/3,w48,19,1,0,data,ok,18,18,10.2,203.2
mpp,8.0,3,ack-1f,w,2,2,0,ctl,ok,0,0,11.2,203.2
mpp,8.0,3,w48-16qam-r1/3,w48,19,1,0,data,ok,18,18,9.8,203.2
mpp,8.0,3,ack-1f,w,2,2,0,ctl,ok,0,0,9.3,203.2
mpp,8.0,3,w48-16qam-r1/3,w48,19,1,0,data,ok,18,18,9.5,203.2
mpp,8.0,3,ack-1f,w,2,2,0,ctl,ok,0,0,8.4,203.2
mpp,8.0,3,w48-16qam-r1/3,w48,19,1,0,data,ok,18,18,9.1,203.2
mpp,8.0,3,ack-1f,w,2,2,0,ctl,ok,0,0,6.9,203.2
mpp,8.0,3,w48-16qam-r1/3,w48,19,1,0,data,ok,18,18,9.6,203.2
mpp,8.0,6,qpsk-r1/5,w,1,1,0,ctl,ok,0,0,12.4,202.7
mpp,8.0,6,qpsk-r1/5,w,1,1,0,ctl,ok,0,0,12.7,202.7
mpp,8.0,6,ack-4f,w,2,2,0,ctl,ok,0,0,8.5,202.7
mpp,8.0,6,ack-1f,w,2,2,0,ctl,ok,0,0,9.0,202.7
mpp,8.0,6,w48-qpsk-r1/2,w48,19,1,0,data,ok,18,18,9.9,202.7
mpp,8.0,6,ack-1f,w,3,3,0,ctl,ok,0,0,9.6,202.7
mpp,8.0,6,w48-16qam-r1/3,w48,19,2,1,data,ok,17,17,10.6,202.7
mpp,8.0,6,ack-1f,w,2,2,0,ctl,ok,0,0,7.1,202.7
mpp,8.0,6,w48-16qam-r1/3,w48,19,1,0,data,ok,18,18,9.9,202.7
mpp,8.0,6,ack-1f,w,2,2,0,ctl,ok,0,0,6.6,202.7
mpp,8.0,6,w48-16qam-r1/3,w48,19,1,0,data,ok,18,18,8.8,202.7
mpp,8.0,6,ack-1f,w,3,3,0,ctl,ok,0,0,14.9,202.7
mpp,8.0,6,w48-16qam-r1/3,w48,19,2,1,data,ok,17,17,9.5,202.7
mpp,8.0,6,ack-1f,w,2,2,0,ctl,ok,0,0,8.5,202.7
mpp,8.0,6,w48-16qam-r1/3,w48,19,1,0,data,ok,18,18,9.0,202.7
mpp,8.0,6,ack-1f,w,2,2,0,ctl,ok,0,0,13.0,202.7
mpp,8.0,6,w48-16qam-r1/3,w48,19,1,0,data,ok,18,18,9.1,202.7
mpp,8.0,6,ack-1f,w,2,2,0,ctl,ok,0,0,12.0,202.7
mpp,8.0,6,w48-16qam-r1/3,w48,19,1,0,data,ok,18,18,9.6,202.7
mpp,8.0,6,ack-1f,w,2,2,0,ctl,ok,0,0,9.2,202.7
mpp,8.0,6,w48-16qam-r1/3,w48,19,1,0,data,ok,18,18,10.6,202.7
mpp,8.0,6,ack-1f,w,2,2,0,ctl,ok,0,0,6.8,202.7
mpp,8.0,6,w48-16qam-r1/3,w48,19,1,0,data,ok,18,18,9.7,202.7
mpp,8.0,6,ack-1f,w,2,2,0,ctl,ok,0,0,10.2,202.7
mpp,8.0,6,w48-16qam-r1/3,w48,19,1,0,data,ok,18,18,11.2,202.7
mpp,8.0,6,ack-1f,w,2,2,0,ctl,ok,0,0,13.5,202.7
mpp,8.0,6,w48-16qam-r1/3,w48,19,1,0,data,ok,18,18,10.4,202.7
mpp,8.0,6,ack-1f,w,2,2,0,ctl,ok,0,0,11.0,202.7
mpp,8.0,6,w48-16qam-r1/3,w48,19,1,0,data,ok,18,18,10.4,202.7
mpp,8.0,6,ack-1f,w,2,2,0,ctl,ok,0,0,7.1,202.7
mpp,8.0,6,w48-16qam-r1/3,w48,19,1,0,data,ok,18,18,11.1,202.7
mpp,8.0,6,ack-1f,w,2,2,0,ctl,ok,0,0,14.5,202.7
mpp,8.0,6,w48-16qam-r1/3,w48,19,1,0,data,ok,18,18,11.3,202.7
mpp,8.0,6,ack-1f,w,2,2,0,ctl,ok,0,0,7.3,202.7
mpp,8.0,6,w48-16qam-r1/3,w48,19,1,0,data,ok,18,18,9.1,202.7
mpp,8.0,6,ack-1f,w,2,2,0,ctl,ok,0,0,8.9,202.7
mpp,8.0,6,w48-16qam-r1/3,w48,19,1,0,data,ok,18,18,10.1,202.7
mpp,8.0,6,ack-1f,w,2,2,0,ctl,ok,0,0,11.6,202.7
mpp,8.0,6,w48-16qam-r1/3,w48,19,1,0,data,ok,18,18,10.2,202.7
mpp,8.0,6,ack-1f,w,2,2,0,ctl,ok,0,0,9.7,202.7
mpp,8.0,6,w48-16qam-r1/3,w48,19,1,0,data,ok,18,18,9.3,202.7
mpp,8.0,6,ack-1f,w,2,2,0,ctl,ok,0,0,12.9,202.7
mpp,8.0,6,w48-16qam-r1/3,w48,19,1,0,data,ok,18,18,9.0,202.7
mpp,8.0,6,ack-1f,w,2,2,0,ctl,ok,0,0,11.3,202.7
mpp,8.0,6,w48-16qam-r1/3,w48,19,1,0,data,ok,18,18,9.3,202.7
mpp,8.0,6,ack-1f,w,2,2,0,ctl,ok,0,0,8.4,202.7
mpp,8.0,6,w48-16qam-r1/3,w48,19,1,0,data,ok,18,17,7.6,202.7
mpp,8.0,6,ack-1f,w,4,4,0,ctl,ok,0,0,9.2,202.7
mpp,8.0,6,w48-16qam-r1/3,w48,19,2,1,data,ok,16,16,9.9,202.7
mpp,8.0,6,ack-1f,w,2,2,0,ctl,ok,0,0,11.5,202.7
mpp,8.0,6,w48-16qam-r1/3,w48,19,1,0,data,ok,18,18,10.4,202.7
mpp,8.0,6,ack-1f,w,2,2,0,ctl,ok,0,0,8.1,202.7
mpp,8.0,6,w48-16qam-r1/3,w48,19,1,0,data,ok,18,18,8.5,202.7
mpp,8.0,6,ack-1f,w,2,2,0,ctl,ok,0,0,7.7,202.7
mpp,8.0,6,w48-16qam-r1/3,w48,19,1,0,data,ok,18,18,9.5,202.7
mpp,8.0,6,ack-1f,w,2,2,0,ctl,ok,0,0,9.4,202.7
mpp,8.0,6,w48-16qam-r1/3,w48,19,1,0,data,ok,18,18,9.6,202.7
mpp,8.0,6,ack-1f,w,2,2,0,ctl,ok,0,0,11.8,202.7
mpp,8.0,6,w48-16qam-r1/3,w48,19,1,0,data,ok,18,18,10.2,202.7
mpp,8.0,6,ack-1f,w,2,2,0,ctl,ok,0,0,10.5,202.7
mpp,8.0,6,w48-16qam-r1/3,w48,19,1,0,data,ok,18,18,9.0,202.7
mpp,8.0,6,ack-1f,w,2,2,0,ctl,ok,0,0,8.9,202.7
mpp,8.0,6,w48-16qam-r1/3,w48,19,1,0,data,ok,18,18,10.1,202.7
mpp,8.0,6,ack-1f,w,2,2,0,ctl,ok,0,0,7.2,202.7
mpp,8.0,6,w48-16qam-r1/3,w48,19,1,0,data,ok,18,18,10.0,202.7
mpp,8.0,6,ack-1f,w,2,2,0,ctl,ok,0,0,15.0,202.7
mpp,8.0,6,w48-16qam-r1/3,w48,19,1,0,data,ok,18,18,9.4,202.7
mpp,8.0,6,ack-1f,w,2,2,0,ctl,ok,0,0,12.6,202.7
mpp,8.0,6,w48-16qam-r1/3,w48,19,1,0,data,ok,18,18,10.0,202.7
mpp,8.0,6,ack-1f,w,2,2,0,ctl,ok,0,0,11.1,202.7
mpp,8.0,6,w48-16qam-r1/3,w48,19,1,0,data,ok,18,18,9.3,202.7
mpp,8.0,6,ack-1f,w,2,2,0,ctl,ok,0,0,9.7,202.7
mpp,8.0,6,w48-16qam-r1/3,w48,19,1,0,data,ok,18,18,9.9,202.7
mpp,8.0,6,ack-1f,w,2,2,0,ctl,ok,0,0,12.5,202.7
mpp,8.0,6,w48-16qam-r1/3,w48,19,1,0,data,ok,18,18,8.8,202.7
mpp,8.0,6,ack-1f,w,2,2,0,ctl,ok,0,0,10.8,202.7
mpp,8.0,6,w48-16qam-r1/3,w48,19,1,0,data,ok,18,18,10.1,202.7
mpp,8.0,6,ack-1f,w,2,2,0,ctl,ok,0,0,15.3,202.7
mpp,8.0,6,w48-16qam-r1/3,w48,19,1,0,data,ok,18,18,10.0,202.7
mpp,8.0,6,ack-1f,w,2,2,0,ctl,ok,0,0,13.3,202.7
mpp,8.0,6,w48-16qam-r1/3,w48,19,1,0,data,ok,18,18,10.1,202.7
mpp,8.0,6,ack-1f,w,2,2,0,ctl,ok,0,0,9.8,202.7
mpp,8.0,6,w48-16qam-r1/3,w48,19,1,0,data,ok,18,18,9.2,202.7
mpp,8.0,6,ack-1f,w,2,2,0,ctl,ok,0,0,10.1,202.7
mpp,8.0,6,w48-16qam-r1/3,w48,19,1,0,data,ok,18,18,10.5,202.7
mpp,8.0,6,ack-1f,w,2,2,0,ctl,ok,0,0,10.3,202.7
mpp,8.0,6,w48-16qam-r1/3,w48,19,1,0,data,ok,18,18,10.0,202.7
mpp,8.0,6,ack-1f,w,2,2,0,ctl,ok,0,0,11.3,202.7
mpp,8.0,6,w48-16qam-r1/3,w48,19,1,0,data,ok,18,18,9.8,202.7
mpp,8.0,6,ack-1f,w,2,2,0,ctl,ok,0,0,11.6,202.7
mpp,8.0,6,w48-16qam-r1/3,w48,19,1,0,data,ok,18,18,8.9,202.7
mpp,8.0,6,ack-1f,w,2,2,0,ctl,ok,0,0,6.1,202.7
mpp,8.0,6,w48-16qam-r1/3,w48,19,1,0,data,ok,18,18,9.4,202.7
mpp,0.0,11,qpsk-r1/5,w,1,1,0,ctl,ok,0,0,2.4,40.0
mpp,0.0,11,qpsk-r1/5,w,1,1,0,ctl,ok,0,0,-0.4,40.0
mpp,0.0,11,ack-4f,w,3,3,0,ctl,ok,0,0,1.7,40.0
mpp,0.0,11,ack-4f,w,3,3,0,ctl,ok,0,0,2.6,40.0
mpp,0.0,11,qpsk-r1/3,w,9,2,1,data,ok,7,7,3.6,40.0
mpp,0.0,11,ack-4f,w,3,3,0,ctl,ok,0,0,2.3,40.0
mpp,0.0,11,qpsk-r1/3,w,9,2,1,data,ok,7,7,4.1,40.0
mpp,0.0,11,ack-1f,w,3,3,0,ctl,ok,0,0,6.6,40.0
mpp,0.0,11,qpsk-r1/2,w,9,2,1,data,ok,7,7,3.4,40.0
mpp,0.0,11,ack-1f,w,3,3,0,ctl,ok,0,0,0.7,40.0
mpp,0.0,11,qpsk-r1/2,w,9,2,1,data,ok,7,0,2.4,40.0
mpp,0.0,11,ack-1f,w,3,3,0,ctl,ok,0,0,3.2,40.0
mpp,0.0,11,qpsk-r1/2,w,9,2,1,data,ok,0,0,3.1,40.0
mpp,0.0,11,ack-1f,w,3,3,0,ctl,ok,0,0,0.4,40.0
mpp,0.0,11,qpsk-r1/2,w,9,2,1,data,ok,7,7,3.7,40.0
mpp,0.0,11,ack-1f,w,3,3,0,ctl,ctl_lost,0,0,-1.2,40.0
mpp,0.0,11,ack-4f,w,3,3,0,ctl,ok,0,0,3.7,40.0
mpp,0.0,11,ack-4f,w,3,3,0,ctl,ok,0,0,1.9,40.0
mpp,0.0,11,qpsk-r1/2,w,9,2,1,data,ok,7,7,3.5,40.0
mpp,0.0,11,ack-4f,w,2,2,0,ctl,ok,0,0,2.7,40.0
mpp,0.0,11,qpsk-r1/2,w,9,1,0,data,ok,8,8,3.7,40.0
mpp,0.0,11,ack-1f,w,3,3,0,ctl,ok,0,0,5.0,40.0
mpp,0.0,11,qpsk-r1/2,w,9,2,1,data,ok,7,7,3.5,40.0
mpp,0.0,11,ack-1f,w,3,3,0,ctl,ok,0,0,0.4,40.0
mpp,0.0,11,qpsk-r1/2,w,9,2,1,data,ok,7,7,3.8,40.0
mpp,0.0,11,ack-1f,w,2,2,0,ctl,ctl_lost,0,0,-3.7,40.0
mpp,0.0,11,ack-4f,w,3,3,0,ctl,ok,0,0,4.5,40.0
mpp,0.0,11,ack-4f,w,2,2,0,ctl,ok,0,0,-0.7,40.0
mpp,0.0,11,qpsk-r1/2,w,9,1,0,data,ok,8,8,3.3,40.0
mpp,0.0,11,ack-4f,w,2,2,0,ctl,ok,0,0,5.6,40.0
mpp,0.0,11,qpsk-r1/2,w,9,1,0,data,ok,8,8,3.4,40.0
mpp,0.0,11,ack-1f,w,2,2,0,ctl,ok,0,0,3.7,40.0
mpp,0.0,11,qpsk-r1/2,w,9,1,0,data,ctl_lost,8,1,2.8,40.0
mpp,0.0,11,ack-4f,w,2,2,0,ctl,ok,0,0,1.1,40.0
mpp,0.0,11,ack-4f,w,3,3,0,ctl,ok,0,0,5.2,40.0
mpp,0.0,11,qpsk-r1/2,w,9,2,1,data,ok,7,7,2.8,40.0
mpp,0.0,11,ack-1f,w,3,3,0,ctl,ok,0,0,5.1,40.0
mpp,0.0,11,qpsk-r1/2,w,9,2,1,data,ok,7,7,3.2,40.0
mpp,0.0,11,ack-1f,w,3,3,0,ctl,ctl_lost,0,0,-2.7,40.0
mpp,0.0,11,ack-4f,w,3,3,0,ctl,ok,0,0,4.9,40.0
mpp,0.0,11,ack-4f,w,2,2,0,ctl,ok,0,0,-1.5,40.0
mpp,0.0,11,qpsk-r1/2,w,9,1,0,data,ctl_lost,8,0,2.1,40.0
mpp,0.0,11,ack-4f,w,3,3,0,ctl,ok,0,0,1.0,40.0
mpp,0.0,11,ack-4f,w,3,3,0,ctl,ok,0,0,1.7,40.0
mpp,0.0,11,qpsk-r1/3,w,9,2,1,data,ok,7,7,4.8,40.0
mpp,0.0,11,ack-4f,w,3,3,0,ctl,ok,0,0,5.0,40.0
mpp,0.0,11,qpsk-r1/2,w,9,2,1,data,ok,7,7,3.2,40.0
mpp,0.0,11,ack-4f,w,3,3,0,ctl,ok,0,0,2.7,40.0
mpp,0.0,11,qpsk-r1/2,w,9,2,1,data,ok,7,7,3.1,40.0
mpp,0.0,11,ack-4f,w,3,3,0,ctl,ok,0,0,3.1,40.0
mpp,0.0,11,qpsk-r1/2,w,9,2,1,data,ok,7,0,2.5,40.0
mpp,0.0,11,ack-4f,w,3,3,0,ctl,ok,0,0,5.2,40.0
mpp,0.0,11,qpsk-r1/2,w,9,2,1,data,ok,0,0,1.3,40.0
mpp,0.0,11,ack-4f,w,3,3,0,ctl,ok,0,0,3.5,40.0
mpp,0.0,11,qpsk-r1/2,w,9,2,1,data,ok,7,7,3.5,40.0
mpp,0.0,11,ack-4f,w,3,3,0,ctl,ok,0,0,3.5,40.0
mpp,0.0,11,qpsk-r1/2,w,9,2,1,data,ok,7,7,4.1,40.0
mpp,0.0,11,ack-4f,w,2,2,0,ctl,ok,0,0,6.7,40.0
mpp,0.0,11,qpsk-r1/2,w,9,1,0,data,ok,8,8,3.9,40.0
mpp,0.0,11,n4-ack-2f,n4,2,2,0,ctl,ok,0,0,-1.9,40.0
mpp,0.0,11,qpsk-r1/2,w,9,1,0,data,ok,8,6,2.7,40.0
mpp,0.0,11,ack-4f,w,3,3,0,ctl,ok,0,0,3.6,40.0
mpp,0.0,11,qpsk-r1/2,w,9,1,0,data,ctl_lost,6,0,2.3,40.0
mpp,0.0,11,ack-4f,w,3,3,0,ctl,ok,0,0,3.8,40.0
mpp,0.0,11,ack-4f,w,3,3,0,ctl,ok,0,0,5.3,40.0
mpp,0.0,11,qpsk-r1/2,w,9,2,1,data,ok,5,5,3.8,40.0
mpp,0.0,11,ack-4f,w,2,2,0,ctl,ok,0,0,2.6,40.0
mpp,0.0,11,qpsk-r1/2,w,9,1,0,data,ctl_lost,8,0,1.8,40.0
mpp,0.0,11,ack-4f,w,3,3,0,ctl,ok,0,0,1.9,40.0
mpp,0.0,11,ack-4f,w,3,3,0,ctl,ok,0,0,4.0,40.0
mpp,0.0,11,qpsk-r1/3,w,9,2,1,data,ok,7,7,3.2,40.0
mpp,0.0,11,ack-4f,w,3,3,0,ctl,ok,0,0,0.2,40.0
mpp,0.0,11,qpsk-r1/2,w,9,2,1,data,ok,7,7,2.8,40.0
mpp,0.0,11,ack-4f,w,3,3,0,ctl,ok,0,0,5.5,40.0
mpp,0.0,11,qpsk-r1/2,w,9,2,1,data,ok,7,7,4.1,40.0
mpp,0.0,11,ack-4f,w,3,3,0,ctl,ok,0,0,5.4,40.0
mpp,0.0,11,qpsk-r1/2,w,9,2,1,data,ok,7,7,3.4,40.0
mpp,0.0,11,ack-4f,w,3,3,0,ctl,ok,0,0,4.5,40.0
mpp,0.0,11,qpsk-r1/2,w,9,2,1,data,ok,7,0,0.9,40.0
mpp,0.0,11,ack-4f,w,3,3,0,ctl,ok,0,0,2.2,40.0
mpp,0.0,11,qpsk-r1/2,w,9,2,1,data,ok,0,0,3.9,40.0
mpp,0.0,11,ack-4f,w,3,3,0,ctl,ok,0,0,5.8,40.0
mpp,0.0,11,qpsk-r1/2,w,9,2,1,data,ok,7,7,3.1,40.0
mpp,0.0,11,ack-4f,w,2,2,0,ctl,ok,0,0,3.1,40.0
mpp,0.0,11,qpsk-r1/2,w,9,1,0,data,ctl_lost,8,4,2.4,40.0
mpp,0.0,11,ack-4f,w,3,3,0,ctl,ok,0,0,-1.7,40.0
mpp,0.0,11,ack-4f,w,3,3,0,ctl,ok,0,0,1.6,40.0
mpp,0.0,11,qpsk-r1/3,w,9,2,1,data,ok,7,7,1.1,40.0
mpp,0.0,11,ack-4f,w,3,3,0,ctl,ok,0,0,0.6,40.0
mpp,0.0,11,qpsk-r1/3,w,9,2,1,data,ok,7,7,2.4,40.0
mpp,0.0,11,ack-4f,w,3,3,0,ctl,ok,0,0,3.0,40.0
mpp,0.0,11,qpsk-r1/3,w,9,2,1,data,ok,7,7,3.2,40.0
mpp,0.0,11,ack-4f,w,2,2,0,ctl,ok,0,0,3.4,40.0
mpp,0.0,11,qpsk-r1/3,w,9,1,0,data,ok,8,8,3.0,40.0
mpp,0.0,11,ack-4f,w,2,2,0,ctl,ok,0,0,3.5,40.0
mpp,0.0,11,qpsk-r1/3,w,9,1,0,data,ok,8,8,3.4,40.0
mpp,8.0,5,qpsk-r1/5,w,1,1,0,ctl,ok,0,0,9.9,204.0
mpp,8.0,5,qpsk-r1/5,w,1,1,0,ctl,ok,0,0,9.4,204.0
mpp,8.0,5,ack-4f,w,2,2,0,ctl,ok,0,0,11.9,204.0
mpp,8.0,5,ack-1f,w,3,3,0,ctl,ok,0,0,11.5,204.0
mpp,8.0,5,w48-16qam-r1/3,w48,19,2,1,data,ok,17,17,11.0,204.0
mpp,8.0,5,ack-1f,w,2,2,0,ctl,ok,0,0,13.7,204.0
mpp,8.0,5,w48-16qam-r1/3,w48,19,1,0,data,ok,18,18,10.6,204.0
mpp,8.0,5,ack-1f,w,2,2,0,ctl,ok,0,0,14.5,204.0
mpp,8.0,5,w48-16qam-r1/3,w48,19,1,0,data,ok,18,18,10.0,204.0
mpp,8.0,5,ack-1f,w,2,2,0,ctl,ok,0,0,9.7,204.0
mpp,8.0,5,w48-16qam-r1/3,w48,19,1,0,data,ok,18,18,8.6,204.0
mpp,8.0,5,ack-1f,w,3,3,0,ctl,ok,0,0,10.3,204.0
mpp,8.0,5,w48-16qam-r1/3,w48,19,2,1,data,ok,17,17,10.0,204.0
mpp,8.0,5,ack-1f,w,2,2,0,ctl,ok,0,0,10.4,204.0
mpp,8.0,5,w48-16qam-r1/3,w48,19,1,0,data,ok,18,18,9.3,204.0
mpp,8.0,5,ack-1f,w,2,2,0,ctl,ok,0,0,12.2,204.0
mpp,8.0,5,w48-16qam-r1/3,w48,19,1,0,data,ok,18,18,9.6,204.0
mpp,8.0,5,ack-1f,w,2,2,0,ctl,ok,0,0,10.5,204.0
mpp,8.0,5,w48-16qam-r1/3,w48,19,1,0,data,ok,18,18,8.4,204.0
mpp,8.0,5,ack-1f,w,3,3,0,ctl,ok,0,0,11.3,204.0
mpp,8.0,5,w48-16qam-r1/3,w48,19,2,1,data,ok,17,17,9.8,204.0
mpp,8.0,5,ack-1f,w,2,2,0,ctl,ok,0,0,8.2,204.0
mpp,8.0,5,w48-16qam-r1/3,w48,19,1,0,data,ok,18,18,10.0,204.0
mpp,8.0,5,ack-1f,w,2,2,0,ctl,ok,0,0,6.9,204.0
mpp,8.0,5,w48-16qam-r1/3,w48,19,1,0,data,ok,18,18,10.2,204.0
mpp,8.0,5,ack-1f,w,2,2,0,ctl,ok,0,0,11.4,204.0
mpp,8.0,5,w48-16qam-r1/3,w48,19,1,0,data,ok,18,18,9.5,204.0
mpp,8.0,5,ack-1f,w,2,2,0,ctl,ok,0,0,9.8,204.0
mpp,8.0,5,w48-16qam-r1/3,w48,19,1,0,data,ok,18,18,9.1,204.0
mpp,8.0,5,ack-1f,w,2,2,0,ctl,ok,0,0,5.5,204.0
mpp,8.0,5,w48-16qam-r1/3,w48,19,1,0,data,ok,18,18,8.7,204.0
mpp,8.0,5,ack-1f,w,2,2,0,ctl,ok,0,0,9.0,204.0
mpp,8.0,5,w48-16qam-r1/3,w48,19,1,0,data,ok,18,18,9.6,204.0
mpp,8.0,5,ack-1f,w,2,2,0,ctl,ok,0,0,15.5,204.0
mpp,8.0,5,w48-16qam-r1/3,w48,19,1,0,data,ok,18,18,9.6,204.0
mpp,8.0,5,ack-1f,w,2,2,0,ctl,ok,0,0,7.2,204.0
mpp,8.0,5,w48-16qam-r1/3,w48,19,1,0,data,ok,18,18,9.9,204.0
mpp,8.0,5,ack-1f,w,2,2,0,ctl,ok,0,0,15.3,204.0
mpp,8.0,5,w48-16qam-r1/3,w48,19,1,0,data,ok,18,18,10.3,204.0
mpp,8.0,5,ack-1f,w,2,2,0,ctl,ok,0,0,8.4,204.0
mpp,8.0,5,w48-16qam-r1/3,w48,19,1,0,data,ok,18,18,10.6,204.0
mpp,8.0,5,ack-1f,w,2,2,0,ctl,ok,0,0,3.8,204.0
mpp,8.0,5,w48-16qam-r1/3,w48,19,1,0,data,ok,18,18,8.5,204.0
mpp,8.0,5,ack-1f,w,2,2,0,ctl,ok,0,0,4.3,204.0
mpp,8.0,5,w48-16qam-r1/3,w48,19,1,0,data,ok,18,18,9.5,204.0
mpp,8.0,5,ack-1f,w,2,2,0,ctl,ok,0,0,9.8,204.0
mpp,8.0,5,w48-16qam-r1/3,w48,19,1,0,data,ok,18,18,10.3,204.0
mpp,8.0,5,ack-1f,w,2,2,0,ctl,ok,0,0,15.1,204.0
mpp,8.0,5,w48-16qam-r1/3,w48,19,1,0,data,ok,18,18,10.6,204.0
mpp,8.0,5,ack-1f,w,2,2,0,ctl,ok,0,0,5.7,204.0
mpp,8.0,5,w48-16qam-r1/3,w48,19,1,0,data,ok,18,18,9.7,204.0
mpp,8.0,5,ack-1f,w,2,2,0,ctl,ok,0,0,11.5,204.0
mpp,8.0,5,w48-16qam-r1/3,w48,19,1,0,data,ok,18,18,8.7,204.0
mpp,8.0,5,ack-1f,w,2,2,0,ctl,ok,0,0,11.2,204.0
mpp,8.0,5,w48-16qam-r1/3,w48,19,1,0,data,ok,18,18,9.0,204.0
mpp,8.0,5,ack-1f,w,2,2,0,ctl,ok,0,0,10.3,204.0
mpp,8.0,5,w48-16qam-r1/3,w48,19,1,0,data,ok,18,18,10.1,204.0
mpp,8.0,5,ack-1f,w,2,2,0,ctl,ok,0,0,14.0,204.0
mpp,8.0,5,w48-16qam-r1/3,w48,19,1,0,data,ok,18,18,10.7,204.0
mpp,8.0,5,ack-1f,w,2,2,0,ctl,ok,0,0,13.4,204.0
mpp,8.0,5,w48-16qam-r1/3,w48,19,1,0,data,ok,18,18,9.4,204.0
mpp,8.0,5,ack-1f,w,2,2,0,ctl,ok,0,0,8.3,204.0
mpp,8.0,5,w48-16qam-r1/3,w48,19,1,0,data,ok,18,18,10.2,204.0
mpp,8.0,5,ack-1f,w,2,2,0,ctl,ok,0,0,10.7,204.0
mpp,8.0,5,w48-16qam-r1/3,w48,19,1,0,data,ok,18,18,10.0,204.0
mpp,8.0,5,ack-1f,w,2,2,0,ctl,ok,0,0,8.1,204.0
mpp,8.0,5,w48-16qam-r1/3,w48,19,1,0,data,ok,18,18,9.2,204.0
mpp,8.0,5,ack-1f,w,2,2,0,ctl,ok,0,0,10.4,204.0
mpp,8.0,5,w48-16qam-r1/3,w48,19,1,0,data,ok,18,18,9.1,204.0
mpp,8.0,5,ack-1f,w,2,2,0,ctl,ok,0,0,9.0,204.0
mpp,8.0,5,w48-16qam-r1/3,w48,19,1,0,data,ok,18,18,10.3,204.0
mpp,8.0,5,ack-1f,w,2,2,0,ctl,ok,0,0,10.3,204.0
mpp,8.0,5,w48-16qam-r1/3,w48,19,1,0,data,ok,18,18,9.4,204.0
mpp,8.0,5,ack-1f,w,2,2,0,ctl,ok,0,0,7.0,204.0
mpp,8.0,5,w48-16qam-r1/3,w48,19,1,0,data,ok,18,18,9.6,204.0
mpp,8.0,5,ack-1f,w,2,2,0,ctl,ok,0,0,7.4,204.0
mpp,8.0,5,w48-16qam-r1/3,w48,19,1,0,data,ok,18,18,10.7,204.0
mpp,8.0,5,ack-1f,w,2,2,0,ctl,ok,0,0,13.0,204.0
mpp,8.0,5,w48-16qam-r1/3,w48,19,1,0,data,ok,18,18,8.4,204.0
mpp,8.0,5,ack-1f,w,2,2,0,ctl,ok,0,0,9.9,204.0
mpp,8.0,5,w48-16qam-r1/3,w48,19,1,0,data,ok,18,18,8.6,204.0
mpp,8.0,5,ack-1f,w,2,2,0,ctl,ok,0,0,11.1,204.0
mpp,8.0,5,w48-16qam-r1/3,w48,19,1,0,data,ok,18,18,8.8,204.0
mpp,8.0,5,ack-1f,w,2,2,0,ctl,ok,0,0,12.2,204.0
mpp,8.0,5,w48-16qam-r1/3,w48,19,1,0,data,ok,18,18,9.7,204.0
mpp,8.0,5,ack-1f,w,2,2,0,ctl,ok,0,0,10.0,204.0
mpp,8.0,5,w48-16qam-r1/3,w48,19,1,0,data,ok,18,18,9.8,204.0
mpp,8.0,5,ack-1f,w,2,2,0,ctl,ok,0,0,11.8,204.0
mpp,8.0,5,w48-16qam-r1/3,w48,19,1,0,data,ok,18,18,9.8,204.0
mpp,8.0,5,ack-1f,w,2,2,0,ctl,ok,0,0,14.6,204.0
mpp,8.0,5,w48-16qam-r1/3,w48,19,1,0,data,ok,18,18,9.5,204.0
mpp,8.0,5,ack-1f,w,2,2,0,ctl,ok,0,0,13.2,204.0
mpp,8.0,5,w48-16qam-r1/3,w48,19,1,0,data,ok,18,18,9.1,204.0
mpp,8.0,7,qpsk-r1/5,w,1,1,0,ctl,ok,0,0,10.4,204.4
mpp,8.0,7,qpsk-r1/5,w,1,1,0,ctl,ok,0,0,11.2,204.4
mpp,8.0,7,ack-4f,w,2,2,0,ctl,ok,0,0,10.9,204.4
mpp,8.0,7,ack-1f,w,3,3,0,ctl,ok,0,0,14.5,204.4
mpp,8.0,7,w48-16qam-r1/3,w48,19,2,1,data,ok,17,17,10.0,204.4
mpp,8.0,7,ack-1f,w,2,2,0,ctl,ok,0,0,10.1,204.4
mpp,8.0,7,w48-16qam-r1/3,w48,19,1,0,data,ok,18,18,10.2,204.4
mpp,8.0,7,ack-1f,w,2,2,0,ctl,ok,0,0,10.2,204.4
mpp,8.0,7,w48-16qam-r1/3,w48,19,1,0,data,ok,18,18,10.1,204.4
mpp,8.0,7,ack-1f,w,2,2,0,ctl,ok,0,0,12.1,204.4
mpp,8.0,7,w48-16qam-r1/3,w48,19,1,0,data,ok,18,18,10.7,204.4
mpp,8.0,7,ack-1f,w,2,2,0,ctl,ok,0,0,6.8,204.4
mpp,8.0,7,w48-16qam-r1/3,w48,19,1,0,data,ok,18,18,9.8,204.4
mpp,8.0,7,ack-1f,w,2,2,0,ctl,ok,0,0,7.8,204.4
mpp,8.0,7,w48-16qam-r1/3,w48,19,1,0,data,ok,18,18,10.8,204.4
mpp,8.0,7,ack-1f,w,2,2,0,ctl,ok,0,0,10.9,204.4
mpp,8.0,7,w48-16qam-r1/3,w48,19,1,0,data,ok,18,18,9.5,204.4
mpp,8.0,7,ack-1f,w,2,2,0,ctl,ok,0,0,14.6,204.4
mpp,8.0,7,w48-16qam-r1/3,w48,19,1,0,data,ok,18,18,8.8,204.4
mpp,8.0,7,ack-1f,w,3,3,0,ctl,ok,0,0,12.1,204.4
mpp,8.0,7,w48-16qam-r1/3,w48,19,2,1,data,ok,17,17,10.5,204.4
mpp,8.0,7,ack-1f,w,2,2,0,ctl,ok,0,0,9.1,204.4
mpp,8.0,7,w48-16qam-r1/3,w48,19,1,0,data,ok,18,18,10.0,204.4
mpp,8.0,7,ack-1f,w,2,2,0,ctl,ok,0,0,6.5,204.4
mpp,8.0,7,w48-16qam-r1/3,w48,19,1,0,data,ok,18,18,9.8,204.4
mpp,8.0,7,ack-1f,w,2,2,0,ctl,ok,0,0,11.5,204.4
mpp,8.0,7,w48-16qam-r1/3,w48,19,1,0,data,ok,18,18,9.1,204.4
mpp,8.0,7,ack-1f,w,2,2,0,ctl,ok,0,0,6.2,204.4
mpp,8.0,7,w48-16qam-r1/3,w48,19,1,0,data,ok,18,18,10.5,204.4
mpp,8.0,7,ack-1f,w,2,2,0,ctl,ok,0,0,13.8,204.4
mpp,8.0,7,w48-16qam-r1/3,w48,19,1,0,data,ok,18,18,10.6,204.4
mpp,8.0,7,ack-1f,w,2,2,0,ctl,ok,0,0,10.2,204.4
mpp,8.0,7,w48-16qam-r1/3,w48,19,1,0,data,ok,18,18,10.7,204.4
mpp,8.0,7,ack-1f,w,2,2,0,ctl,ok,0,0,7.6,204.4
mpp,8.0,7,w48-16qam-r1/3,w48,19,1,0,data,ok,18,18,11.0,204.4
mpp,8.0,7,ack-1f,w,2,2,0,ctl,ok,0,0,8.2,204.4
mpp,8.0,7,w48-16qam-r1/3,w48,19,1,0,data,ok,18,18,8.6,204.4
mpp,8.0,7,ack-1f,w,2,2,0,ctl,ok,0,0,12.8,204.4
mpp,8.0,7,w48-16qam-r1/3,w48,19,1,0,data,ok,18,18,9.5,204.4
mpp,8.0,7,ack-1f,w,2,2,0,ctl,ok,0,0,13.8,204.4
mpp,8.0,7,w48-16qam-r1/3,w48,19,1,0,data,ok,18,18,10.4,204.4
mpp,8.0,7,ack-1f,w,2,2,0,ctl,ok,0,0,13.8,204.4
mpp,8.0,7,w48-16qam-r1/3,w48,19,1,0,data,ok,18,18,10.6,204.4
mpp,8.0,7,ack-1f,w,2,2,0,ctl,ok,0,0,15.6,204.4
mpp,8.0,7,w48-16qam-r1/3,w48,19,1,0,data,ok,18,18,10.3,204.4
mpp,8.0,7,ack-1f,w,2,2,0,ctl,ok,0,0,13.7,204.4
mpp,8.0,7,w48-16qam-r1/3,w48,19,1,0,data,ok,18,18,9.0,204.4
mpp,8.0,7,ack-1f,w,2,2,0,ctl,ok,0,0,7.6,204.4
mpp,8.0,7,w48-16qam-r1/3,w48,19,1,0,data,ok,18,18,10.4,204.4
mpp,8.0,7,ack-1f,w,2,2,0,ctl,ok,0,0,10.0,204.4
mpp,8.0,7,w48-16qam-r1/3,w48,19,1,0,data,ok,18,18,10.3,204.4
mpp,8.0,7,ack-1f,w,2,2,0,ctl,ok,0,0,11.5,204.4
mpp,8.0,7,w48-16qam-r1/3,w48,19,1,0,data,ok,18,18,9.9,204.4
mpp,8.0,7,ack-1f,w,2,2,0,ctl,ok,0,0,11.2,204.4
mpp,8.0,7,w48-16qam-r1/3,w48,19,1,0,data,ok,18,18,10.3,204.4
mpp,8.0,7,ack-1f,w,2,2,0,ctl,ok,0,0,8.6,204.4
mpp,8.0,7,w48-16qam-r1/3,w48,19,1,0,data,ok,18,18,9.6,204.4
mpp,8.0,7,ack-1f,w,2,2,0,ctl,ok,0,0,10.9,204.4
mpp,8.0,7,w48-16qam-r1/3,w48,19,1,0,data,ok,18,18,10.8,204.4
mpp,8.0,7,ack-1f,w,2,2,0,ctl,ok,0,0,12.8,204.4
mpp,8.0,7,w48-16qam-r1/3,w48,19,1,0,data,ok,18,18,8.5,204.4
mpp,8.0,7,ack-1f,w,2,2,0,ctl,ok,0,0,12.4,204.4
mpp,8.0,7,w48-16qam-r1/3,w48,19,1,0,data,ok,18,18,8.6,204.4
mpp,8.0,7,ack-1f,w,2,2,0,ctl,ok,0,0,13.6,204.4
mpp,8.0,7,w48-16qam-r1/3,w48,19,1,0,data,ok,18,18,10.5,204.4
mpp,8.0,7,ack-1f,w,2,2,0,ctl,ok,0,0,12.4,204.4
mpp,8.0,7,w48-16qam-r1/3,w48,19,1,0,data,ok,18,18,9.7,204.4
mpp,8.0,7,ack-1f,w,2,2,0,ctl,ok,0,0,14.1,204.4
mpp,8.0,7,w48-16qam-r1/3,w48,19,1,0,data,ok,18,18,9.0,204.4
mpp,8.0,7,ack-1f,w,2,2,0,ctl,ok,0,0,13.5,204.4
mpp,8.0,7,w48-16qam-r1/3,w48,19,1,0,data,ok,18,18,9.7,204.4
mpp,8.0,7,ack-1f,w,2,2,0,ctl,ok,0,0,11.9,204.4
mpp,8.0,7,w48-16qam-r1/3,w48,19,1,0,data,ok,18,18,9.5,204.4
mpp,8.0,7,ack-1f,w,2,2,0,ctl,ok,0,0,15.1,204.4
mpp,8.0,7,w48-16qam-r1/3,w48,19,1,0,data,ok,18,18,10.4,204.4
mpp,8.0,7,ack-1f,w,2,2,0,ctl,ok,0,0,11.2,204.4
mpp,8.0,7,w48-16qam-r1/3,w48,19,1,0,data,ok,18,18,8.6,204.4
mpp,8.0,7,ack-1f,w,2,2,0,ctl,ok,0,0,8.5,204.4
mpp,8.0,7,w48-16qam-r1/3,w48,19,1,0,data,ok,18,18,9.6,204.4
mpp,8.0,7,ack-1f,w,2,2,0,ctl,ok,0,0,11.9,204.4
mpp,8.0,7,w48-16qam-r1/3,w48,19,1,0,data,ok,18,18,11.4,204.4
mpp,8.0,7,ack-1f,w,2,2,0,ctl,ok,0,0,14.3,204.4
mpp,8.0,7,w48-16qam-r1/3,w48,19,1,0,data,ok,18,18,8.9,204.4
mpp,8.0,7,ack-1f,w,2,2,0,ctl,ok,0,0,11.7,204.4
mpp,8.0,7,w48-16qam-r1/3,w48,19,1,0,data,ok,18,18,10.0,204.4
mpp,8.0,7,ack-1f,w,2,2,0,ctl,ok,0,0,8.1,204.4
mpp,8.0,7,w48-16qam-r1/3,w48,19,1,0,data,ok,18,18,9.2,204.4
mpp,8.0,7,ack-1f,w,2,2,0,ctl,ok,0,0,6.1,204.4
mpp,8.0,7,w48-16qam-r1/3,w48,19,1,0,data,ok,18,18,10.7,204.4
mpp,8.0,7,ack-1f,w,2,2,0,ctl,ok,0,0,11.1,204.4
mpp,8.0,7,w48-16qam-r1/3,w48,19,1,0,data,ok,18,18,8.7,204.4
mpp,8.0,7,ack-1f,w,2,2,0,ctl,ok,0,0,5.7,204.4
mpp,8.0,7,w48-16qam-r1/3,w48,19,1,0,data,ok,18,18,9.6,204.4
mpp,8.0,10,qpsk-r1/5,w,1,1,0,ctl,ok,0,0,11.2,195.9
mpp,8.0,10,qpsk-r1/5,w,1,1,0,ctl,ok,0,0,13.0,195.9
mpp,8.0,10,ack-4f,w,2,2,0,ctl,ok,0,0,13.0,195.9
mpp,8.0,10,ack-1f,w,2,2,0,ctl,ok,0,0,11.1,195.9
mpp,8.0,10,w48-16qam-r1/3,w48,19,1,0,data,ok,18,18,9.2,195.9
mpp,8.0,10,ack-1f,w,3,3,0,ctl,ok,0,0,11.8,195.9
mpp,8.0,10,w48-16qam-r1/3,w48,19,2,1,data,ok,17,17,9.5,195.9
mpp,8.0,10,ack-1f,w,2,2,0,ctl,ok,0,0,13.1,195.9
mpp,8.0,10,w48-16qam-r1/3,w48,19,1,0,data,ok,18,18,8.7,195.9
mpp,8.0,10,ack-1f,w,3,3,0,ctl,ok,0,0,10.2,195.9
mpp,8.0,10,w48-16qam-r1/3,w48,19,2,1,data,ok,17,17,10.9,195.9
mpp,8.0,10,ack-1f,w,2,2,0,ctl,ok,0,0,11.5,195.9
mpp,8.0,10,w48-16qam-r1/3,w48,19,1,0,data,ok,18,18,9.3,195.9
mpp,8.0,10,ack-1f,w,2,2,0,ctl,ok,0,0,12.0,195.9
mpp,8.0,10,w48-16qam-r1/3,w48,19,1,0,data,ok,18,18,10.4,195.9
mpp,8.0,10,ack-1f,w,2,2,0,ctl,ok,0,0,14.2,195.9
mpp,8.0,10,w48-16qam-r1/3,w48,19,1,0,data,ok,18,18,8.9,195.9
mpp,8.0,10,ack-1f,w,2,2,0,ctl,ok,0,0,15.2,195.9
mpp,8.0,10,w48-16qam-r1/3,w48,19,1,0,data,ok,18,18,9.2,195.9
mpp,8.0,10,ack-1f,w,2,2,0,ctl,ok,0,0,9.9,195.9
mpp,8.0,10,w48-16qam-r1/3,w48,19,1,0,data,ok,18,18,11.2,195.9
mpp,8.0,10,ack-1f,w,2,2,0,ctl,ok,0,0,8.2,195.9
mpp,8.0,10,w48-16qam-r1/3,w48,19,1,0,data,ok,18,18,9.8,195.9
mpp,8.0,10,ack-1f,w,2,2,0,ctl,ok,0,0,10.7,195.9
mpp,8.0,10,w48-16qam-r1/3,w48,19,1,0,data,ctl_lost,18,12,7.6,195.9
mpp,8.0,10,ack-4f,w,3,3,0,ctl,ok,0,0,10.0,195.9
mpp,8.0,10,ack-4f,w,2,2,0,ctl,ok,0,0,12.6,195.9
mpp,8.0,10,w48-qpsk-r1/2,w48,19,1,0,data,ok,18,18,8.8,195.9
mpp,8.0,10,ack-1f,w,2,2,0,ctl,ok,0,0,11.5,195.9
mpp,8.0,10,w48-qpsk-r1/2,w48,19,1,0,data,ok,18,18,9.5,195.9
mpp,8.0,10,ack-1f,w,3,3,0,ctl,ok,0,0,13.9,195.9
mpp,8.0,10,w48-16qam-r1/3,w48,19,2,1,data,ok,17,16,8.0,195.9
mpp,8.0,10,ack-1f,w,4,4,0,ctl,ok,0,0,8.7,195.9
mpp,8.0,10,w48-16qam-r1/3,w48,19,2,1,data,ok,16,16,9.6,195.9
mpp,8.0,10,ack-1f,w,3,3,0,ctl,ok,0,0,12.0,195.9
mpp,8.0,10,w48-16qam-r1/3,w48,19,2,1,data,ok,17,17,10.1,195.9
mpp,8.0,10,ack-1f,w,2,2,0,ctl,ok,0,0,12.6,195.9
mpp,8.0,10,w48-16qam-r1/3,w48,19,1,0,data,ok,18,18,9.8,195.9
mpp,8.0,10,ack-1f,w,2,2,0,ctl,ok,0,0,12.4,195.9
mpp,8.0,10,w48-16qam-r1/3,w48,19,1,0,data,ok,18,18,9.3,195.9
mpp,8.0,10,ack-1f,w,2,2,0,ctl,ok,0,0,9.3,195.9
mpp,8.0,10,w48-16qam-r1/3,w48,19,1,0,data,ok,18,18,8.9,195.9
mpp,8.0,10,ack-1f,w,2,2,0,ctl,ok,0,0,9.6,195.9
mpp,8.0,10,w48-16qam-r1/3,w48,19,1,0,data,ok,18,18,8.7,195.9
mpp,8.0,10,ack-1f,w,3,3,0,ctl,ok,0,0,12.4,195.9
mpp,8.0,10,w48-16qam-r1/3,w48,19,2,1,data,ok,17,17,9.3,195.9
mpp,8.0,10,ack-1f,w,2,2,0,ctl,ok,0,0,13.0,195.9
mpp,8.0,10,w48-16qam-r1/3,w48,19,1,0,data,ok,18,18,9.8,195.9
mpp,8.0,10,ack-1f,w,2,2,0,ctl,ok,0,0,10.9,195.9
mpp,8.0,10,w48-16qam-r1/3,w48,19,1,0,data,ok,18,18,9.4,195.9
mpp,8.0,10,ack-1f,w,2,2,0,ctl,ok,0,0,8.1,195.9
mpp,8.0,10,w48-16qam-r1/3,w48,19,1,0,data,ok,18,18,8.8,195.9
mpp,8.0,10,ack-1f,w,2,2,0,ctl,ok,0,0,8.5,195.9
mpp,8.0,10,w48-16qam-r1/3,w48,19,1,0,data,ok,18,18,8.6,195.9
mpp,8.0,10,ack-1f,w,2,2,0,ctl,ok,0,0,10.2,195.9
mpp,8.0,10,w48-16qam-r1/3,w48,19,1,0,data,ok,18,18,11.1,195.9
mpp,8.0,10,ack-1f,w,2,2,0,ctl,ok,0,0,13.1,195.9
mpp,8.0,10,w48-16qam-r1/3,w48,19,1,0,data,ok,18,18,10.1,195.9
mpp,8.0,10,ack-1f,w,2,2,0,ctl,ok,0,0,6.3,195.9
mpp,8.0,10,w48-16qam-r1/3,w48,19,1,0,data,ok,18,18,9.5,195.9
mpp,8.0,10,ack-1f,w,2,2,0,ctl,ok,0,0,10.3,195.9
mpp,8.0,10,w48-16qam-r1/3,w48,19,1,0,data,ok,18,18,10.5,195.9
mpp,8.0,10,ack-1f,w,2,2,0,ctl,ok,0,0,9.8,195.9
mpp,8.0,10,w48-16qam-r1/3,w48,19,1,0,data,ok,18,18,9.2,195.9
mpp,8.0,10,ack-1f,w,2,2,0,ctl,ok,0,0,10.7,195.9
mpp,8.0,10,w48-16qam-r1/3,w48,19,1,0,data,ok,18,18,9.2,195.9
mpp,8.0,10,ack-1f,w,2,2,0,ctl,ok,0,0,12.9,195.9
mpp,8.0,10,w48-16qam-r1/3,w48,19,1,0,data,ok,18,18,9.8,195.9
mpp,8.0,10,ack-1f,w,2,2,0,ctl,ok,0,0,16.0,195.9
mpp,8.0,10,w48-16qam-r1/3,w48,19,1,0,data,ok,18,18,8.6,195.9
mpp,8.0,10,ack-1f,w,2,2,0,ctl,ok,0,0,14.2,195.9
mpp,8.0,10,w48-16qam-r1/3,w48,19,1,0,data,ok,18,18,8.7,195.9
mpp,8.0,10,ack-1f,w,2,2,0,ctl,ok,0,0,10.2,195.9
mpp,8.0,10,w48-16qam-r1/3,w48,19,1,0,data,ok,18,18,8.9,195.9
mpp,8.0,10,ack-1f,w,2,2,0,ctl,ok,0,0,11.5,195.9
mpp,8.0,10,w48-16qam-r1/3,w48,19,1,0,data,ok,18,18,9.1,195.9
mpp,8.0,10,ack-1f,w,2,2,0,ctl,ok,0,0,12.1,195.9
mpp,8.0,10,w48-16qam-r1/3,w48,19,1,0,data,ok,18,18,8.8,195.9
mpp,8.0,10,ack-1f,w,2,2,0,ctl,ok,0,0,13.7,195.9
mpp,8.0,10,w48-16qam-r1/3,w48,19,1,0,data,ok,18,18,9.9,195.9
mpp,8.0,10,ack-1f,w,2,2,0,ctl,ok,0,0,8.9,195.9
mpp,8.0,10,w48-16qam-r1/3,w48,19,1,0,data,ok,18,18,9.2,195.9
mpp,8.0,10,ack-1f,w,2,2,0,ctl,ok,0,0,8.6,195.9
mpp,8.0,10,w48-16qam-r1/3,w48,19,1,0,data,ok,18,18,10.1,195.9
mpp,8.0,10,ack-1f,w,2,2,0,ctl,ok,0,0,6.1,195.9
mpp,8.0,10,w48-16qam-r1/3,w48,19,1,0,data,ok,18,18,10.3,195.9
mpp,8.0,10,ack-1f,w,2,2,0,ctl,ok,0,0,13.2,195.9
mpp,8.0,10,w48-16qam-r1/3,w48,19,1,0,data,ok,18,18,8.7,195.9
mpp,8.0,10,ack-1f,w,2,2,0,ctl,ok,0,0,6.0,195.9
mpp,8.0,10,w48-16qam-r1/3,w48,19,1,0,data,ok,18,18,9.9,195.9
mpp,8.0,10,ack-1f,w,2,2,0,ctl,ok,0,0,10.3,195.9
mpp,8.0,10,w48-16qam-r1/3,w48,19,1,0,data,ok,18,18,9.6,195.9
mpp,8.0,10,ack-1f,w,2,2,0,ctl,ok,0,0,11.7,195.9
mpp,8.0,10,w48-16qam-r1/3,w48,19,1,0,data,ok,18,18,10.1,195.9
mpp,8.0,8,qpsk-r1/5,w,1,1,0,ctl,ok,0,0,12.9,204.0
mpp,8.0,8,qpsk-r1/5,w,1,1,0,ctl,ok,0,0,14.7,204.0
mpp,8.0,8,ack-4f,w,2,2,0,ctl,ok,0,0,11.6,204.0
mpp,8.0,8,ack-1f,w,2,2,0,ctl,ok,0,0,10.7,204.0
mpp,8.0,8,w48-16qam-r1/3,w48,19,1,0,data,ok,18,18,9.7,204.0
mpp,8.0,8,ack-1f,w,3,3,0,ctl,ok,0,0,10.0,204.0
mpp,8.0,8,w48-16qam-r1/3,w48,19,2,1,data,ok,17,17,10.4,204.0
mpp,8.0,8,ack-1f,w,2,2,0,ctl,ok,0,0,8.9,204.0
mpp,8.0,8,w48-16qam-r1/3,w48,19,1,0,data,ok,18,18,9.6,204.0
mpp,8.0,8,ack-1f,w,2,2,0,ctl,ok,0,0,13.1,204.0
mpp,8.0,8,w48-16qam-r1/3,w48,19,1,0,data,ok,18,18,9.1,204.0
mpp,8.0,8,ack-1f,w,2,2,0,ctl,ok,0,0,11.6,204.0
mpp,8.0,8,w48-16qam-r1/3,w48,19,1,0,data,ok,18,18,10.1,204.0
mpp,8.0,8,ack-1f,w,2,2,0,ctl,ok,0,0,10.6,204.0
mpp,8.0,8,w48-16qam-r1/3,w48,19,1,0,data,ok,18,18,9.8,204.0
mpp,8.0,8,ack-1f,w,2,2,0,ctl,ok,0,0,13.0,204.0
mpp,8.0,8,w48-16qam-r1/3,w48,19,1,0,data,ok,18,18,7.9,204.0
mpp,8.0,8,ack-1f,w,3,3,0,ctl,ok,0,0,11.3,204.0
mpp,8.0,8,w48-16qam-r1/3,w48,19,2,1,data,ok,17,17,10.4,204.0
mpp,8.0,8,ack-1f,w,2,2,0,ctl,ok,0,0,12.6,204.0
mpp,8.0,8,w48-16qam-r1/3,w48,19,1,0,data,ok,18,18,9.4,204.0
mpp,8.0,8,ack-1f,w,2,2,0,ctl,ok,0,0,11.8,204.0
mpp,8.0,8,w48-16qam-r1/3,w48,19,1,0,data,ok,18,18,9.5,204.0
mpp,8.0,8,ack-1f,w,2,2,0,ctl,ok,0,0,10.7,204.0
mpp,8.0,8,w48-16qam-r1/3,w48,19,1,0,data,ok,18,18,9.8,204.0
mpp,8.0,8,ack-1f,w,2,2,0,ctl,ok,0,0,12.5,204.0
mpp,8.0,8,w48-16qam-r1/3,w48,19,1,0,data,ok,18,18,10.1,204.0
mpp,8.0,8,ack-1f,w,2,2,0,ctl,ok,0,0,8.3,204.0
mpp,8.0,8,w48-16qam-r1/3,w48,19,1,0,data,ok,18,18,10.6,204.0
mpp,8.0,8,ack-1f,w,2,2,0,ctl,ok,0,0,12.1,204.0
mpp,8.0,8,w48-16qam-r1/3,w48,19,1,0,data,ok,18,18,9.1,204.0
mpp,8.0,8,ack-1f,w,2,2,0,ctl,ok,0,0,6.0,204.0
mpp,8.0,8,w48-16qam-r1/3,w48,19,1,0,data,ok,18,18,11.7,204.0
mpp,8.0,8,ack-1f,w,2,2,0,ctl,ok,0,0,11.9,204.0
mpp,8.0,8,w48-16qam-r1/3,w48,19,1,0,data,ok,18,18,8.4,204.0
mpp,8.0,8,ack-1f,w,2,2,0,ctl,ok,0,0,14.2,204.0
mpp,8.0,8,w48-16qam-r1/3,w48,19,1,0,data,ok,18,18,9.9,204.0
mpp,8.0,8,ack-1f,w,2,2,0,ctl,ok,0,0,10.4,204.0
mpp,8.0,8,w48-16qam-r1/3,w48,19,1,0,data,ok,18,18,10.9,204.0
mpp,8.0,8,ack-1f,w,2,2,0,ctl,ok,0,0,8.2,204.0
mpp,8.0,8,w48-16qam-r1/3,w48,19,1,0,data,ok,18,18,10.2,204.0
mpp,8.0,8,ack-1f,w,2,2,0,ctl,ok,0,0,10.9,204.0
mpp,8.0,8,w48-16qam-r1/3,w48,19,1,0,data,ok,18,18,10.6,204.0
mpp,8.0,8,ack-1f,w,2,2,0,ctl,ok,0,0,10.5,204.0
mpp,8.0,8,w48-16qam-r1/3,w48,19,1,0,data,ok,18,18,10.0,204.0
mpp,8.0,8,ack-1f,w,2,2,0,ctl,ok,0,0,9.4,204.0
mpp,8.0,8,w48-16qam-r1/3,w48,19,1,0,data,ok,18,18,10.0,204.0
mpp,8.0,8,ack-1f,w,2,2,0,ctl,ok,0,0,9.6,204.0
mpp,8.0,8,w48-16qam-r1/3,w48,19,1,0,data,ok,18,18,9.0,204.0
mpp,8.0,8,ack-1f,w,2,2,0,ctl,ok,0,0,8.8,204.0
mpp,8.0,8,w48-16qam-r1/3,w48,19,1,0,data,ok,18,18,9.6,204.0
mpp,8.0,8,ack-1f,w,2,2,0,ctl,ok,0,0,11.1,204.0
mpp,8.0,8,w48-16qam-r1/3,w48,19,1,0,data,ok,18,18,11.3,204.0
mpp,8.0,8,ack-1f,w,2,2,0,ctl,ok,0,0,13.4,204.0
mpp,8.0,8,w48-16qam-r1/3,w48,19,1,0,data,ok,18,18,8.6,204.0
mpp,8.0,8,ack-1f,w,2,2,0,ctl,ok,0,0,12.4,204.0
mpp,8.0,8,w48-16qam-r1/3,w48,19,1,0,data,ok,18,18,10.7,204.0
mpp,8.0,8,ack-1f,w,2,2,0,ctl,ok,0,0,12.4,204.0
mpp,8.0,8,w48-16qam-r1/3,w48,19,1,0,data,ok,18,18,10.1,204.0
mpp,8.0,8,ack-1f,w,2,2,0,ctl,ok,0,0,14.7,204.0
mpp,8.0,8,w48-16qam-r1/3,w48,19,1,0,data,ok,18,18,10.3,204.0
mpp,8.0,8,ack-1f,w,2,2,0,ctl,ok,0,0,6.3,204.0
mpp,8.0,8,w48-16qam-r1/3,w48,19,1,0,data,ok,18,18,9.5,204.0
mpp,8.0,8,ack-1f,w,2,2,0,ctl,ok,0,0,7.2,204.0
mpp,8.0,8,w48-16qam-r1/3,w48,19,1,0,data,ok,18,18,8.4,204.0
mpp,8.0,8,ack-1f,w,2,2,0,ctl,ok,0,0,7.4,204.0
mpp,8.0,8,w48-16qam-r1/3,w48,19,1,0,data,ok,18,18,8.9,204.0
mpp,8.0,8,ack-1f,w,2,2,0,ctl,ok,0,0,10.2,204.0
mpp,8.0,8,w48-16qam-r1/3,w48,19,1,0,data,ok,18,18,11.1,204.0
mpp,8.0,8,ack-1f,w,2,2,0,ctl,ok,0,0,9.7,204.0
mpp,8.0,8,w48-16qam-r1/3,w48,19,1,0,data,ok,18,18,9.4,204.0
mpp,8.0,8,ack-1f,w,2,2,0,ctl,ok,0,0,14.5,204.0
mpp,8.0,8,w48-16qam-r1/3,w48,19,1,0,data,ok,18,18,9.9,204.0
mpp,8.0,8,ack-1f,w,2,2,0,ctl,ok,0,0,9.7,204.0
mpp,8.0,8,w48-16qam-r1/3,w48,19,1,0,data,ok,18,18,8.6,204.0
mpp,8.0,8,ack-1f,w,2,2,0,ctl,ok,0,0,8.0,204.0
mpp,8.0,8,w48-16qam-r1/3,w48,19,1,0,data,ok,18,18,10.7,204.0
mpp,8.0,8,ack-1f,w,2,2,0,ctl,ok,0,0,13.5,204.0
mpp,8.0,8,w48-16qam-r1/3,w48,19,1,0,data,ok,18,18,11.1,204.0
mpp,8.0,8,ack-1f,w,2,2,0,ctl,ok,0,0,10.8,204.0
mpp,8.0,8,w48-16qam-r1/3,w48,19,1,0,data,ok,18,18,10.2,204.0
mpp,8.0,8,ack-1f,w,2,2,0,ctl,ok,0,0,9.3,204.0
mpp,8.0,8,w48-16qam-r1/3,w48,19,1,0,data,ok,18,18,10.9,204.0
mpp,8.0,8,ack-1f,w,2,2,0,ctl,ok,0,0,9.1,204.0
mpp,8.0,8,w48-16qam-r1/3,w48,19,1,0,data,ok,18,18,10.3,204.0
mpp,8.0,8,ack-1f,w,2,2,0,ctl,ok,0,0,9.3,204.0
mpp,8.0,8,w48-16qam-r1/3,w48,19,1,0,data,ok,18,18,9.7,204.0
mpp,8.0,8,ack-1f,w,2,2,0,ctl,ok,0,0,6.8,204.0
mpp,8.0,8,w48-16qam-r1/3,w48,19,1,0,data,ok,18,17,8.6,204.0
mpp,8.0,8,ack-1f,w,3,3,0,ctl,ok,0,0,11.2,204.0
mpp,8.0,8,w48-16qam-r1/3,w48,19,1,0,data,ok,17,17,9.6,204.0
mpp,8.0,8,ack-1f,w,2,2,0,ctl,ok,0,0,9.9,204.0
mpp,8.0,8,w48-16qam-r1/3,w48,19,1,0,data,ok,18,18,9.1,204.0
mpp,8.0,9,qpsk-r1/5,w,1,1,0,ctl,ok,0,0,9.5,204.0
mpp,8.0,9,qpsk-r1/5,w,1,1,0,ctl,ok,0,0,8.9,204.0
mpp,8.0,9,ack-4f,w,2,2,0,ctl,ok,0,0,11.8,204.0
mpp,8.0,9,ack-1f,w,3,3,0,ctl,ok,0,0,10.4,204.0
mpp,8.0,9,w48-16qam-r1/3,w48,19,2,1,data,ok,17,17,8.9,204.0
mpp,8.0,9,ack-1f,w,3,3,0,ctl,ok,0,0,9.9,204.0
mpp,8.0,9,w48-16qam-r1/3,w48,19,2,1,data,ok,17,17,8.0,204.0
mpp,8.0,9,ack-1f,w,3,3,0,ctl,ok,0,0,10.7,204.0
mpp,8.0,9,w48-16qam-r1/3,w48,19,2,1,data,ok,17,17,10.9,204.0
mpp,8.0,9,ack-1f,w,2,2,0,ctl,ok,0,0,9.7,204.0
mpp,8.0,9,w48-16qam-r1/3,w48,19,1,0,data,ok,18,18,10.5,204.0
mpp,8.0,9,ack-1f,w,2,2,0,ctl,ok,0,0,12.2,204.0
mpp,8.0,9,w48-16qam-r1/3,w48,19,1,0,data,ok,18,18,9.5,204.0
mpp,8.0,9,ack-1f,w,2,2,0,ctl,ok,0,0,13.4,204.0
mpp,8.0,9,w48-16qam-r1/3,w48,19,1,0,data,ok,18,18,10.1,204.0
mpp,8.0,9,ack-1f,w,2,2,0,ctl,ok,0,0,9.5,204.0
mpp,8.0,9,w48-16qam-r1/3,w48,19,1,0,data,ok,18,18,8.8,204.0
mpp,8.0,9,ack-1f,w,2,2,0,ctl,ok,0,0,15.5,204.0
mpp,8.0,9,w48-16qam-r1/3,w48,19,1,0,data,ok,18,18,9.7,204.0
mpp,8.0,9,ack-1f,w,2,2,0,ctl,ok,0,0,11.7,204.0
mpp,8.0,9,w48-16qam-r1/3,w48,19,1,0,data,ok,18,18,11.1,204.0
mpp,8.0,9,ack-1f,w,2,2,0,ctl,ok,0,0,14.8,204.0
mpp,8.0,9,w48-16qam-r1/3,w48,19,1,0,data,ok,18,18,9.6,204.0
mpp,8.0,9,ack-1f,w,2,2,0,ctl,ok,0,0,10.2,204.0
mpp,8.0,9,w48-16qam-r1/3,w48,19,1,0,data,ok,18,18,9.8,204.0
mpp,8.0,9,ack-1f,w,2,2,0,ctl,ok,0,0,11.0,204.0
mpp,8.0,9,w48-16qam-r1/3,w48,19,1,0,data,ok,18,18,10.5,204.0
mpp,8.0,9,ack-1f,w,2,2,0,ctl,ok,0,0,9.8,204.0
mpp,8.0,9,w48-16qam-r1/3,w48,19,1,0,data,ok,18,18,10.1,204.0
mpp,8.0,9,ack-1f,w,2,2,0,ctl,ok,0,0,10.5,204.0
mpp,8.0,9,w48-16qam-r1/3,w48,19,1,0,data,ok,18,18,8.1,204.0
mpp,8.0,9,ack-1f,w,2,2,0,ctl,ok,0,0,8.5,204.0
mpp,8.0,9,w48-16qam-r1/3,w48,19,1,0,data,ok,18,18,10.2,204.0
mpp,8.0,9,ack-1f,w,2,2,0,ctl,ok,0,0,13.2,204.0
mpp,8.0,9,w48-16qam-r1/3,w48,19,1,0,data,ok,18,18,10.1,204.0
mpp,8.0,9,ack-1f,w,2,2,0,ctl,ok,0,0,10.0,204.0
mpp,8.0,9,w48-16qam-r1/3,w48,19,1,0,data,ok,18,18,9.9,204.0
mpp,8.0,9,ack-1f,w,2,2,0,ctl,ok,0,0,11.2,204.0
mpp,8.0,9,w48-16qam-r1/3,w48,19,1,0,data,ok,18,18,9.9,204.0
mpp,8.0,9,ack-1f,w,2,2,0,ctl,ok,0,0,11.9,204.0
mpp,8.0,9,w48-16qam-r1/3,w48,19,1,0,data,ok,18,18,9.4,204.0
mpp,8.0,9,ack-1f,w,2,2,0,ctl,ok,0,0,14.9,204.0
mpp,8.0,9,w48-16qam-r1/3,w48,19,1,0,data,ok,18,18,11.1,204.0
mpp,8.0,9,ack-1f,w,2,2,0,ctl,ok,0,0,12.1,204.0
mpp,8.0,9,w48-16qam-r1/3,w48,19,1,0,data,ok,18,18,10.1,204.0
mpp,8.0,9,ack-1f,w,2,2,0,ctl,ok,0,0,13.5,204.0
mpp,8.0,9,w48-16qam-r1/3,w48,19,1,0,data,ok,18,18,8.3,204.0
mpp,8.0,9,ack-1f,w,2,2,0,ctl,ok,0,0,10.5,204.0
mpp,8.0,9,w48-16qam-r1/3,w48,19,1,0,data,ok,18,18,9.5,204.0
mpp,8.0,9,ack-1f,w,2,2,0,ctl,ok,0,0,12.4,204.0
mpp,8.0,9,w48-16qam-r1/3,w48,19,1,0,data,ok,18,18,9.1,204.0
mpp,8.0,9,ack-1f,w,2,2,0,ctl,ok,0,0,12.0,204.0
mpp,8.0,9,w48-16qam-r1/3,w48,19,1,0,data,ok,18,18,9.5,204.0
mpp,8.0,9,ack-1f,w,2,2,0,ctl,ok,0,0,12.7,204.0
mpp,8.0,9,w48-16qam-r1/3,w48,19,1,0,data,ok,18,18,9.2,204.0
mpp,8.0,9,ack-1f,w,2,2,0,ctl,ok,0,0,7.3,204.0
mpp,8.0,9,w48-16qam-r1/3,w48,19,1,0,data,ok,18,18,9.0,204.0
mpp,8.0,9,ack-1f,w,2,2,0,ctl,ok,0,0,14.0,204.0
mpp,8.0,9,w48-16qam-r1/3,w48,19,1,0,data,ok,18,18,10.5,204.0
mpp,8.0,9,ack-1f,w,2,2,0,ctl,ok,0,0,8.5,204.0
mpp,8.0,9,w48-16qam-r1/3,w48,19,1,0,data,ok,18,18,9.1,204.0
mpp,8.0,9,ack-1f,w,2,2,0,ctl,ok,0,0,13.1,204.0
mpp,8.0,9,w48-16qam-r1/3,w48,19,1,0,data,ok,18,18,10.2,204.0
mpp,8.0,9,ack-1f,w,2,2,0,ctl,ok,0,0,4.4,204.0
mpp,8.0,9,w48-16qam-r1/3,w48,19,1,0,data,ok,18,18,9.7,204.0
mpp,8.0,9,ack-1f,w,2,2,0,ctl,ok,0,0,13.3,204.0
mpp,8.0,9,w48-16qam-r1/3,w48,19,1,0,data,ok,18,18,8.6,204.0
mpp,8.0,9,ack-1f,w,2,2,0,ctl,ok,0,0,11.6,204.0
mpp,8.0,9,w48-16qam-r1/3,w48,19,1,0,data,ok,18,18,9.6,204.0
mpp,8.0,9,ack-1f,w,2,2,0,ctl,ok,0,0,11.3,204.0
mpp,8.0,9,w48-16qam-r1/3,w48,19,1,0,data,ok,18,18,8.1,204.0
mpp,8.0,9,ack-1f,w,2,2,0,ctl,ok,0,0,11.9,204.0
mpp,8.0,9,w48-16qam-r1/3,w48,19,1,0,data,ok,18,18,9.7,204.0
mpp,8.0,9,ack-1f,w,2,2,0,ctl,ok,0,0,12.4,204.0
mpp,8.0,9,w48-16qam-r1/3,w48,19,1,0,data,ok,18,18,9.9,204.0
mpp,8.0,9,ack-1f,w,2,2,0,ctl,ok,0,0,12.8,204.0
mpp,8.0,9,w48-16qam-r1/3,w48,19,1,0,data,ok,18,18,10.2,204.0
mpp,8.0,9,ack-1f,w,2,2,0,ctl,ok,0,0,10.0,204.0
mpp,8.0,9,w48-16qam-r1/3,w48,19,1,0,data,ok,18,18,9.7,204.0
mpp,8.0,9,ack-1f,w,2,2,0,ctl,ok,0,0,8.8,204.0
mpp,8.0,9,w48-16qam-r1/3,w48,19,1,0,data,ok,18,18,10.0,204.0
mpp,8.0,9,ack-1f,w,2,2,0,ctl,ok,0,0,10.5,204.0
mpp,8.0,9,w48-16qam-r1/3,w48,19,1,0,data,ok,18,18,9.6,204.0
mpp,8.0,9,ack-1f,w,2,2,0,ctl,ok,0,0,6.2,204.0
mpp,8.0,9,w48-16qam-r1/3,w48,19,1,0,data,ok,18,18,10.7,204.0
mpp,8.0,9,ack-1f,w,2,2,0,ctl,ok,0,0,16.9,204.0
mpp,8.0,9,w48-16qam-r1/3,w48,19,1,0,data,ok,18,18,8.8,204.0
mpp,8.0,9,ack-1f,w,2,2,0,ctl,ok,0,0,10.6,204.0
mpp,8.0,9,w48-16qam-r1/3,w48,19,1,0,data,ok,18,18,10.4,204.0
mpp,8.0,9,ack-1f,w,2,2,0,ctl,ok,0,0,11.9,204.0
mpp,8.0,9,w48-16qam-r1/3,w48,19,1,0,data,ok,18,18,9.5,204.0
mpp,8.0,9,ack-1f,w,2,2,0,ctl,ok,0,0,11.3,204.0
mpp,8.0,9,w48-16qam-r1/3,w48,19,1,0,data,ok,18,18,9.6,204.0
mpp,8.0,11,qpsk-r1/5,w,1,1,0,ctl,ok,0,0,11.6,198.1
mpp,8.0,11,qpsk-r1/5,w,1,1,0,ctl,ok,0,0,7.3,198.1
mpp,8.0,11,ack-4f,w,3,3,0,ctl,ok,0,0,9.5,198.1
mpp,8.0,11,ack-1f,w,2,2,0,ctl,ok,0,0,9.5,198.1
mpp,8.0,11,w48-qpsk-r1/2,w48,19,1,0,data,ok,18,18,10.6,198.1
mpp,8.0,11,ack-1f,w,2,2,0,ctl,ok,0,0,7.7,198.1
mpp,8.0,11,w48-16qam-r1/3,w48,19,1,0,data,ok,18,18,10.6,198.1
mpp,8.0,11,ack-1f,w,2,2,0,ctl,ok,0,0,10.6,198.1
mpp,8.0,11,w48-16qam-r1/3,w48,19,1,0,data,ok,18,18,10.0,198.1
mpp,8.0,11,ack-1f,w,2,2,0,ctl,ok,0,0,9.4,198.1
mpp,8.0,11,w48-16qam-r1/3,w48,19,1,0,data,ok,18,18,8.5,198.1
mpp,8.0,11,ack-1f,w,3,3,0,ctl,ok,0,0,10.3,198.1
mpp,8.0,11,w48-16qam-r1/3,w48,19,2,1,data,ok,17,17,9.4,198.1
mpp,8.0,11,ack-1f,w,2,2,0,ctl,ok,0,0,7.1,198.1
mpp,8.0,11,w48-16qam-r1/3,w48,19,1,0,data,ok,18,18,10.1,198.1
mpp,8.0,11,ack-1f,w,2,2,0,ctl,ok,0,0,5.8,198.1
mpp,8.0,11,w48-16qam-r1/3,w48,19,1,0,data,ok,18,18,8.9,198.1
mpp,8.0,11,ack-1f,w,2,2,0,ctl,ok,0,0,14.3,198.1
mpp,8.0,11,w48-16qam-r1/3,w48,19,1,0,data,ok,18,18,10.2,198.1
mpp,8.0,11,ack-1f,w,2,2,0,ctl,ok,0,0,6.2,198.1
mpp,8.0,11,w48-16qam-r1/3,w48,19,1,0,data,ok,18,18,9.4,198.1
mpp,8.0,11,ack-1f,w,2,2,0,ctl,ok,0,0,11.8,198.1
mpp,8.0,11,w48-16qam-r1/3,w48,19,1,0,data,ok,18,18,10.2,198.1
mpp,8.0,11,ack-1f,w,2,2,0,ctl,ok,0,0,10.3,198.1
mpp,8.0,11,w48-16qam-r1/3,w48,19,1,0,data,ok,18,18,9.4,198.1
mpp,8.0,11,ack-1f,w,2,2,0,ctl,ok,0,0,13.6,198.1
mpp,8.0,11,w48-16qam-r1/3,w48,19,1,0,data,ok,18,18,9.7,198.1
mpp,8.0,11,ack-1f,w,2,2,0,ctl,ok,0,0,13.5,198.1
mpp,8.0,11,w48-16qam-r1/3,w48,19,1,0,data,ok,18,18,9.6,198.1
mpp,8.0,11,ack-1f,w,2,2,0,ctl,ok,0,0,6.0,198.1
mpp,8.0,11,w48-16qam-r1/3,w48,19,1,0,data,ok,18,18,9.7,198.1
mpp,8.0,11,ack-1f,w,2,2,0,ctl,ok,0,0,12.0,198.1
mpp,8.0,11,w48-16qam-r1/3,w48,19,1,0,data,ok,18,18,9.9,198.1
mpp,8.0,11,ack-1f,w,2,2,0,ctl,ok,0,0,11.0,198.1
mpp,8.0,11,w48-16qam-r1/3,w48,19,1,0,data,ok,18,18,9.4,198.1
mpp,8.0,11,ack-1f,w,2,2,0,ctl,ok,0,0,13.7,198.1
mpp,8.0,11,w48-16qam-r1/3,w48,19,1,0,data,ok,18,18,9.2,198.1
mpp,8.0,11,ack-1f,w,2,2,0,ctl,ok,0,0,6.6,198.1
mpp,8.0,11,w48-16qam-r1/3,w48,19,1,0,data,ok,18,18,9.3,198.1
mpp,8.0,11,ack-1f,w,2,2,0,ctl,ok,0,0,14.5,198.1
mpp,8.0,11,w48-16qam-r1/3,w48,19,1,0,data,ok,18,18,10.4,198.1
mpp,8.0,11,ack-1f,w,2,2,0,ctl,ok,0,0,14.1,198.1
mpp,8.0,11,w48-16qam-r1/3,w48,19,1,0,data,ok,18,18,9.7,198.1
mpp,8.0,11,ack-1f,w,2,2,0,ctl,ok,0,0,14.0,198.1
mpp,8.0,11,w48-16qam-r1/3,w48,19,1,0,data,ok,18,18,9.4,198.1
mpp,8.0,11,ack-1f,w,2,2,0,ctl,ok,0,0,12.0,198.1
mpp,8.0,11,w48-16qam-r1/3,w48,19,1,0,data,ok,18,18,8.7,198.1
mpp,8.0,11,ack-1f,w,2,2,0,ctl,ok,0,0,8.8,198.1
mpp,8.0,11,w48-16qam-r1/3,w48,19,1,0,data,ok,18,18,10.6,198.1
mpp,8.0,11,ack-1f,w,2,2,0,ctl,ok,0,0,11.8,198.1
mpp,8.0,11,w48-16qam-r1/3,w48,19,1,0,data,ok,18,18,9.4,198.1
mpp,8.0,11,ack-1f,w,2,2,0,ctl,ok,0,0,13.1,198.1
mpp,8.0,11,w48-16qam-r1/3,w48,19,1,0,data,ok,18,18,9.8,198.1
mpp,8.0,11,ack-1f,w,2,2,0,ctl,ok,0,0,13.4,198.1
mpp,8.0,11,w48-16qam-r1/3,w48,19,1,0,data,ok,18,18,10.2,198.1
mpp,8.0,11,ack-1f,w,2,2,0,ctl,ok,0,0,11.0,198.1
mpp,8.0,11,w48-16qam-r1/3,w48,19,1,0,data,ok,18,18,9.9,198.1
mpp,8.0,11,ack-1f,w,2,2,0,ctl,ok,0,0,5.7,198.1
mpp,8.0,11,w48-16qam-r1/3,w48,19,1,0,data,ok,18,18,9.5,198.1
mpp,8.0,11,ack-1f,w,2,2,0,ctl,ok,0,0,11.3,198.1
mpp,8.0,11,w48-16qam-r1/3,w48,19,1,0,data,ok,18,18,10.7,198.1
mpp,8.0,11,ack-1f,w,2,2,0,ctl,ok,0,0,12.7,198.1
mpp,8.0,11,w48-16qam-r1/3,w48,19,1,0,data,ok,18,18,10.0,198.1
mpp,8.0,11,ack-1f,w,2,2,0,ctl,ok,0,0,8.9,198.1
mpp,8.0,11,w48-16qam-r1/3,w48,19,1,0,data,ok,18,16,8.4,198.1
mpp,8.0,11,ack-1f,w,3,3,0,ctl,ok,0,0,11.0,198.1
mpp,8.0,11,w48-16qam-r1/3,w48,19,1,0,data,ok,16,16,9.3,198.1
mpp,8.0,11,ack-1f,w,2,2,0,ctl,ok,0,0,11.2,198.1
mpp,8.0,11,w48-16qam-r1/3,w48,19,1,0,data,ok,18,18,8.8,198.1
mpp,8.0,11,ack-1f,w,2,2,0,ctl,ok,0,0,8.4,198.1
mpp,8.0,11,w48-16qam-r1/3,w48,19,1,0,data,ok,18,18,9.6,198.1
mpp,8.0,11,ack-1f,w,2,2,0,ctl,ok,0,0,15.2,198.1
mpp,8.0,11,w48-16qam-r1/3,w48,19,1,0,data,ok,18,18,10.4,198.1
mpp,8.0,11,ack-1f,w,2,2,0,ctl,ok,0,0,8.4,198.1
mpp,8.0,11,w48-16qam-r1/3,w48,19,1,0,data,ok,18,18,10.0,198.1
mpp,8.0,11,ack-1f,w,2,2,0,ctl,ok,0,0,5.1,198.1
mpp,8.0,11,w48-16qam-r1/3,w48,19,1,0,data,ok,18,18,9.2,198.1
mpp,8.0,11,ack-1f,w,2,2,0,ctl,ok,0,0,9.9,198.1
mpp,8.0,11,w48-16qam-r1/3,w48,19,1,0,data,ok,18,18,10.6,198.1
mpp,8.0,11,ack-1f,w,2,2,0,ctl,ok,0,0,13.4,198.1
mpp,8.0,11,w48-16qam-r1/3,w48,19,1,0,data,ok,18,18,9.8,198.1
mpp,8.0,11,ack-1f,w,2,2,0,ctl,ok,0,0,11.4,198.1
mpp,8.0,11,w48-16qam-r1/3,w48,19,1,0,data,ok,18,18,9.7,198.1
mpp,8.0,11,ack-1f,w,2,2,0,ctl,ok,0,0,3.4,198.1
mpp,8.0,11,w48-16qam-r1/3,w48,19,1,0,data,ctl_lost,18,15,8.0,198.1
mpp,8.0,11,ack-4f,w,3,3,0,ctl,ok,0,0,9.5,198.1
mpp,8.0,11,ack-4f,w,3,3,0,ctl,ok,0,0,8.9,198.1
mpp,8.0,11,w48-16qam-r1/3,w48,19,2,1,data,ok,17,17,9.6,198.1
mpp,8.0,11,ack-1f,w,2,2,0,ctl,ok,0,0,8.8,198.1
mpp,8.0,11,w48-16qam-r1/3,w48,19,1,0,data,ok,18,18,9.7,198.1
mpp,8.0,11,ack-1f,w,2,2,0,ctl,ok,0,0,5.2,198.1
mpp,8.0,11,w48-16qam-r1/3,w48,19,1,0,data,ok,18,18,9.5,198.1
mpp,8.0,11,ack-1f,w,2,2,0,ctl,ok,0,0,13.5,198.1
mpp,8.0,11,w48-16qam-r1/3,w48,19,1,0,data,ok,18,18,9.7,198.1
mpd,-4.0,0,qpsk-r1/5,w,1,1,0,ctl,ctl_lost,0,0,1.2,19.1
mpd,-4.0,0,n4-qpsk-r1/3,n4,1,1,0,ctl,ok,0,0,-3.9,19.1
mpd,-4.0,0,n4-qpsk-r1/3,n4,1,1,0,ctl,ok,0,0,-4.6,19.1
mpd,-4.0,0,ack-4f,w,3,3,0,ctl,ok,0,0,-0.4,19.1
mpd,-4.0,0,ack-4f,w,3,3,0,ctl,ok,0,0,-0.8,19.1
mpd,-4.0,0,qpsk-r1/5,w,9,2,1,data,ok,7,7,-2.1,19.1
mpd,-4.0,0,ack-4f,w,3,3,0,ctl,ok,0,0,-2.8,19.1
mpd,-4.0,0,qpsk-r1/5,w,9,2,1,data,ok,7,7,-1.4,19.1
mpd,-4.0,0,ack-4f,w,3,3,0,ctl,ok,0,0,-2.3,19.1
mpd,-4.0,0,qpsk-r1/5,w,9,2,1,data,ok,7,7,-1.1,19.1
mpd,-4.0,0,ack-4f,w,3,3,0,ctl,ok,0,0,0.5,19.1
mpd,-4.0,0,qpsk-r1/5,w,9,2,1,data,ok,7,5,-1.0,19.1
mpd,-4.0,0,ack-4f,w,3,3,0,ctl,ok,0,0,1.9,19.1
mpd,-4.0,0,qpsk-r1/5,w,9,1,0,data,ok,6,6,-1.3,19.1
mpd,-4.0,0,ack-4f,w,3,3,0,ctl,ok,0,0,-3.1,19.1
mpd,-4.0,0,qpsk-r1/5,w,9,2,1,data,ok,7,7,-1.3,19.1
mpd,-4.0,0,ack-4f,w,3,3,0,ctl,ok,0,0,0.4,19.1
mpd,-4.0,0,qpsk-r1/5,w,9,2,1,data,ok,7,7,-0.9,19.1
mpd,-4.0,0,ack-4f,w,2,2,0,ctl,ok,0,0,-2.1,19.1
mpd,-4.0,0,qpsk-r1/5,w,9,1,0,data,ok,8,8,-1.0,19.1
mpd,-4.0,0,ack-4f,w,2,2,0,ctl,ok,0,0,-0.3,19.1
mpd,-4.0,0,qpsk-r1/5,w,9,1,0,data,ok,8,8,-0.7,19.1
mpd,-4.0,0,ack-4f,w,2,2,0,ctl,ok,0,0,-0.2,19.1
mpd,-4.0,0,qpsk-r1/5,w,9,1,0,data,ctl_lost,8,3,-2.7,19.1
mpd,-4.0,0,ack-4f,w,3,3,0,ctl,ok,0,0,-0.9,19.1
mpd,-4.0,0,ack-4f,w,3,3,0,ctl,ok,0,0,-2.2,19.1
mpd,-4.0,0,qpsk-r1/5,w,9,2,1,data,ok,7,7,-2.1,19.1
mpd,-4.0,0,ack-4f,w,3,3,0,ctl,ok,0,0,-2.5,19.1
mpd,-4.0,0,qpsk-r1/5,w,9,2,1,data,ok,7,2,-1.4,19.1
mpd,-4.0,0,ack-4f,w,3,3,,ctl,missed,0,0,,19.1
mpd,-4.0,0,ack-4f,w,3,3,0,ctl,ok,0,0,-4.4,19.1
mpd,-4.0,0,ack-4f,w,3,3,0,ctl,ok,0,0,0.1,19.1
mpd,-4.0,0,qpsk-r1/5,w,9,2,1,data,ok,7,4,-1.5,19.1
mpd,-4.0,0,ack-4f,w,3,3,0,ctl,ok,0,0,-2.6,19.1
mpd,-4.0,0,qpsk-r1/5,w,9,2,1,data,ok,7,2,-1.6,19.1
mpd,-4.0,0,ack-4f,w,3,3,0,ctl,ok,0,0,-3.1,19.1
mpd,-4.0,0,qpsk-r1/5,w,9,1,0,data,ok,3,3,-1.2,19.1
mpd,-4.0,0,ack-4f,w,2,2,0,ctl,ok,0,0,-0.9,19.1
mpd,-4.0,0,qpsk-r1/5,w,9,1,0,data,ok,8,8,-1.7,19.1
mpd,-4.0,0,ack-4f,w,2,2,0,ctl,ok,0,0,-1.4,19.1
mpd,-4.0,0,qpsk-r1/5,w,9,1,0,data,ok,8,8,-0.3,19.1
mpd,-4.0,0,ack-4f,w,2,2,0,ctl,ok,0,0,-1.8,19.1
mpd,-4.0,0,qpsk-r1/5,w,9,1,0,data,ok,8,8,-0.9,19.1
mpd,-4.0,0,ack-4f,w,2,2,0,ctl,ok,0,0,0.8,19.1
mpd,-4.0,0,qpsk-r1/5,w,9,1,0,data,ok,8,8,-1.1,19.1
mpd,-4.0,0,ack-4f,w,2,2,0,ctl,ok,0,0,-1.1,19.1
mpd,-4.0,0,qpsk-r1/5,w,9,1,0,data,ok,8,8,-0.5,19.1
mpd,-4.0,0,ack-4f,w,2,2,0,ctl,ok,0,0,-3.3,19.1
mpd,-4.0,0,qpsk-r1/5,w,9,1,0,data,ok,8,8,-1.4,19.1
mpd,-4.0,0,ack-4f,w,2,2,0,ctl,ok,0,0,-3.9,19.1
mpd,-4.0,0,qpsk-r1/5,w,9,1,0,data,ok,8,8,-0.4,19.1
mpd,-4.0,0,ack-4f,w,2,2,0,ctl,ok,0,0,-0.2,19.1
mpd,-4.0,0,qpsk-r1/5,w,9,1,0,data,ctl_lost,8,0,-1.1,19.1
mpd,-4.0,0,ack-4f,w,3,3,0,ctl,ok,0,0,-2.5,19.1
mpd,-4.0,0,ack-4f,w,3,3,0,ctl,ok,0,0,-1.3,19.1
mpd,-4.0,0,qpsk-r1/5,w,9,2,1,data,ok,7,7,-1.7,19.1
mpd,-4.0,0,ack-4f,w,3,3,0,ctl,ok,0,0,-2.6,19.1
mpd,-4.0,0,qpsk-r1/5,w,9,2,1,data,ok,7,7,-0.8,19.1
mpd,-4.0,0,ack-4f,w,2,2,0,ctl,ok,0,0,-2.7,19.1
mpd,-4.0,0,qpsk-r1/5,w,9,1,0,data,ok,8,8,-1.8,19.1
mpd,-4.0,0,ack-4f,w,2,2,0,ctl,ok,0,0,-3.1,19.1
mpd,-4.0,0,qpsk-r1/5,w,9,1,0,data,ctl_lost,8,6,-1.8,19.1
mpd,-4.0,0,ack-4f,w,3,3,0,ctl,ok,0,0,-2.8,19.1
mpd,-4.0,0,ack-4f,w,3,3,0,ctl,ok,0,0,1.0,19.1
mpd,-4.0,0,qpsk-r1/5,w,9,2,1,data,ok,7,7,-2.1,19.1
mpd,-4.0,0,ack-4f,w,3,3,0,ctl,ok,0,0,-1.0,19.1
mpd,-4.0,0,qpsk-r1/5,w,9,2,1,data,ok,7,6,-1.1,19.1
mpd,-4.0,0,ack-4f,w,3,3,0,ctl,ok,0,0,1.1,19.1
mpd,-4.0,0,qpsk-r1/5,w,9,2,1,data,ok,6,6,-1.6,19.1
mpd,-4.0,0,ack-4f,w,2,2,0,ctl,ok,0,0,-1.1,19.1
mpd,-4.0,0,qpsk-r1/5,w,9,1,0,data,ok,8,8,-0.4,19.1
mpd,-4.0,0,ack-4f,w,2,2,0,ctl,ok,0,0,-3.4,19.1
mpd,-4.0,0,qpsk-r1/5,w,9,1,0,data,ok,8,8,-0.9,19.1
mpd,-4.0,0,ack-4f,w,2,2,0,ctl,ok,0,0,-1.0,19.1
mpd,-4.0,0,qpsk-r1/5,w,9,1,0,data,ok,8,8,-0.9,19.1
mpd,-4.0,0,ack-4f,w,2,2,0,ctl,ok,0,0,0.9,19.1
mpd,-4.0,0,qpsk-r1/5,w,9,1,0,data,ok,8,8,-0.6,19.1
mpd,-4.0,0,ack-4f,w,2,2,0,ctl,ok,0,0,0.3,19.1
mpd,-4.0,0,qpsk-r1/5,w,9,1,0,data,ok,8,8,-1.1,19.1
mpd,-4.0,0,ack-4f,w,2,2,,ctl,missed,0,0,,19.1
mpd,-4.0,0,ack-4f,w,3,3,0,ctl,ok,0,0,-1.2,19.1
mpd,-4.0,0,ack-4f,w,2,2,0,ctl,ok,0,0,-0.7,19.1
mpd,-4.0,0,qpsk-r1/5,w,9,1,0,data,ok,8,8,-0.2,19.1
mpd,-4.0,0,ack-4f,w,2,2,0,ctl,ok,0,0,-0.2,19.1
mpd,-4.0,0,qpsk-r1/5,w,9,1,0,data,ok,8,8,-2.0,19.1
mpd,-4.0,0,ack-4f,w,2,2,0,ctl,ctl_lost,0,0,-9.3,19.1
mpd,-4.0,0,ack-4f,w,3,3,0,ctl,ok,0,0,-1.8,19.1
mpd,-4.0,0,ack-4f,w,2,2,0,ctl,ok,0,0,-1.9,19.1
mpd,-4.0,0,qpsk-r1/5,w,9,1,0,data,ok,8,8,-0.1,19.1
mpd,-4.0,0,ack-4f,w,2,2,0,ctl,ok,0,0,-1.5,19.1
mpd,-4.0,0,qpsk-r1/5,w,9,1,0,data,ctl_lost,8,3,-2.0,19.1
mpd,-4.0,0,ack-4f,w,3,3,0,ctl,ok,0,0,-0.7,19.1
mpd,-4.0,0,ack-4f,w,3,3,0,ctl,ok,0,0,-2.0,19.1
mpd,-4.0,0,qpsk-r1/5,w,9,2,,data,missed,0,0,,19.1
mpd,-4.0,2,qpsk-r1/5,w,1,1,0,ctl,ctl_lost,0,0,-2.3,12.8
mpd,-4.0,2,n4-qpsk-r1/3,n4,1,1,0,ctl,ok,0,0,-5.0,12.8
mpd,-4.0,2,n4-qpsk-r1/3,n4,1,1,0,ctl,ok,0,0,-9.4,12.8
mpd,-4.0,2,ack-4f,w,3,3,0,ctl,ok,0,0,-0.6,12.8
mpd,-4.0,2,n10-ack-4f,n10,3,3,0,ctl,ok,0,0,-1.3,12.8
mpd,-4.0,2,qpsk-r1/5,w,9,2,1,data,ok,7,0,-2.1,12.8
mpd,-4.0,2,ack-4f,w,3,3,0,ctl,ok,0,0,-1.5,12.8
mpd,-4.0,2,qpsk-r1/5,w,9,2,1,data,ok,0,0,-0.4,12.8
mpd,-4.0,2,ack-4f,w,3,3,0,ctl,ok,0,0,0.1,12.8
mpd,-4.0,2,qpsk-r1/5,w,9,2,1,data,ok,7,7,0.2,12.8
mpd,-4.0,2,ack-4f,w,2,2,0,ctl,ok,0,0,-0.7,12.8
mpd,-4.0,2,qpsk-r1/5,w,9,1,0,data,ctl_lost,8,6,-2.0,12.8
mpd,-4.0,2,ack-4f,w,3,3,0,ctl,ok,0,0,-3.7,12.8
mpd,-4.0,2,ack-4f,w,3,3,0,ctl,ok,0,0,-1.1,12.8
mpd,-4.0,2,fsk32r62-r1/2,c32r62,10,2,1,data,ok,8,8,-1.2,12.8
mpd,-4.0,2,ack-4f,w,3,3,0,ctl,ok,0,0,-2.0,12.8
mpd,-4.0,2,qpsk-r1/3,w,9,2,1,data,ctl_lost,7,0,-3.1,12.8
mpd,-4.0,2,ack-4f,w,3,3,0,ctl,ok,0,0,-0.7,12.8
mpd,-4.0,2,ack-4f,w,3,3,0,ctl,ok,0,0,0.1,12.8
mpd,-4.0,2,qpsk-r1/5,w,9,2,1,data,ok,7,0,-2.2,12.8
mpd,-4.0,2,ack-4f,w,3,3,0,ctl,ok,0,0,-2.7,12.8
mpd,-4.0,2,qpsk-r1/5,w,9,2,1,data,ok,0,0,-0.3,12.8
mpd,-4.0,2,ack-4f,w,3,3,0,ctl,ok,0,0,1.0,12.8
mpd,-4.0,2,qpsk-r1/5,w,9,2,1,data,ok,7,1,-2.4,12.8
mpd,-4.0,2,ack-4f,w,3,3,0,ctl,ok,0,0,0.3,12.8
mpd,-4.0,2,qpsk-r1/5,w,9,2,1,data,ok,3,0,-2.6,12.8
mpd,-4.0,2,ack-4f,w,3,3,0,ctl,ok,0,0,-1.4,12.8
mpd,-4.0,2,qpsk-r1/5,w,9,2,1,data,ok,5,5,-1.5,12.8
mpd,-4.0,2,ack-4f,w,3,3,0,ctl,ok,0,0,-0.2,12.8
mpd,-4.0,2,qpsk-r1/5,w,9,2,1,data,ok,7,0,-2.6,12.8
mpd,-4.0,2,ack-4f,w,3,3,0,ctl,ok,0,0,-0.7,12.8
mpd,-4.0,2,qpsk-r1/5,w,9,2,1,data,ok,0,0,-0.8,12.8
mpd,-4.0,2,ack-4f,w,2,2,0,ctl,ok,0,0,-1.4,12.8
mpd,-4.0,2,qpsk-r1/5,w,9,1,0,data,ok,8,8,-0.5,12.8
mpd,-4.0,2,ack-4f,w,2,2,0,ctl,ok,0,0,-0.6,12.8
mpd,-4.0,2,qpsk-r1/5,w,9,1,0,data,ok,8,8,-1.0,12.8
mpd,-4.0,2,ack-4f,w,2,2,0,ctl,ok,0,0,2.1,12.8
mpd,-4.0,2,qpsk-r1/5,w,9,1,0,data,ok,8,8,-1.5,12.8
mpd,-4.0,2,ack-4f,w,2,2,0,ctl,ok,0,0,-0.7,12.8
mpd,-4.0,2,qpsk-r1/5,w,9,1,0,data,ok,8,8,-0.5,12.8
mpd,-4.0,2,ack-4f,w,2,2,0,ctl,ok,0,0,-1.5,12.8
mpd,-4.0,2,qpsk-r1/5,w,9,1,0,data,ok,8,8,0.2,12.8
mpd,-4.0,2,ack-4f,w,2,2,0,ctl,ok,0,0,-0.3,12.8
mpd,-4.0,2,qpsk-r1/5,w,9,1,0,data,ctl_lost,8,0,-3.5,12.8
mpd,-4.0,2,ack-4f,w,3,3,0,ctl,ok,0,0,-3.4,12.8
mpd,-4.0,2,ack-4f,w,3,3,0,ctl,ok,0,0,-0.5,12.8
mpd,-4.0,2,qpsk-r1/5,w,9,2,1,data,ok,7,0,-3.1,12.8
mpd,-4.0,2,ack-4f,w,3,3,0,ctl,ok,0,0,-2.7,12.8
mpd,-4.0,2,qpsk-r1/5,w,9,2,1,data,ok,0,0,-1.8,12.8
mpd,-4.0,2,ack-4f,w,3,3,0,ctl,ok,0,0,-2.7,12.8
mpd,-4.0,2,qpsk-r1/5,w,9,2,1,data,ok,7,0,-2.1,12.8
mpd,-4.0,2,ack-4f,w,2,2,0,ctl,ok,0,0,1.2,12.8
mpd,-4.0,2,qpsk-r1/5,w,9,1,0,data,ok,1,1,-0.2,12.8
mpd,-4.0,2,ack-4f,w,2,2,0,ctl,ok,0,0,-0.7,12.8
mpd,-4.0,2,qpsk-r1/5,w,9,1,,data,missed,0,0,,12.8
mpd,-4.0,2,ack-4f,w,3,3,0,ctl,ok,0,0,-0.8,12.8
mpd,-4.0,2,ack-4f,w,2,2,0,ctl,ok,0,0,-1.2,12.8
mpd,-4.0,2,qpsk-r1/5,w,9,1,0,data,ok,8,8,0.5,12.8
mpd,-4.0,2,ack-4f,w,2,2,,ctl,missed,0,0,,12.8
mpd,-4.0,2,ack-4f,w,3,3,0,ctl,ok,0,0,-2.1,12.8
mpd,-4.0,2,ack-4f,w,2,2,0,ctl,ok,0,0,1.6,12.8
mpd,-4.0,2,qpsk-r1/5,w,9,1,0,data,ctl_lost,8,2,-0.5,12.8
mpd,-4.0,2,ack-4f,w,3,3,0,ctl,ok,0,0,-0.5,12.8
mpd,-4.0,2,ack-4f,w,3,3,0,ctl,ok,0,0,-2.4,12.8
mpd,-4.0,2,qpsk-r1/5,w,9,2,1,data,ok,7,7,-0.8,12.8
mpd,-4.0,2,ack-4f,w,3,3,0,ctl,ok,0,0,-1.6,12.8
mpd,-4.0,2,qpsk-r1/5,w,9,2,1,data,ok,7,7,-0.2,12.8
mpd,-4.0,2,ack-4f,w,2,2,0,ctl,ok,0,0,-2.3,12.8
mpd,-4.0,2,qpsk-r1/5,w,9,1,0,data,ok,8,8,-0.9,12.8
mpd,-4.0,2,ack-4f,w,2,2,,ctl,missed,0,0,,12.8
mpd,-4.0,2,ack-4f,w,3,3,0,ctl,ok,0,0,-4.4,12.8
mpd,-4.0,2,ack-4f,w,3,3,0,ctl,ok,0,0,-2.4,12.8
mpd,-4.0,2,qpsk-r1/5,w,9,2,1,data,ok,7,7,-1.4,12.8
mpd,-4.0,2,ack-4f,w,3,3,0,ctl,ok,0,0,-0.5,12.8
mpd,-4.0,2,qpsk-r1/5,w,9,2,1,data,ok,7,2,-2.2,12.8
mpd,-4.0,2,ack-4f,w,3,3,0,ctl,ok,0,0,-1.4,12.8
mpd,-4.0,2,qpsk-r1/5,w,9,2,1,data,ok,2,1,-1.6,12.8
mpd,-4.0,2,ack-4f,w,2,2,0,ctl,ok,0,0,0.6,12.8
mpd,-4.0,2,qpsk-r1/5,w,9,1,,data,missed,0,0,,12.8
mpd,-4.0,2,ack-4f,w,3,3,0,ctl,ok,0,0,-0.8,12.8
mpd,-4.0,2,ack-4f,w,2,2,0,ctl,ok,0,0,-3.9,12.8
mpd,-4.0,2,qpsk-r1/5,w,9,1,0,data,ctl_lost,8,0,-1.5,12.8
mpd,-4.0,2,ack-4f,w,3,3,0,ctl,ok,0,0,-2.6,12.8
mpd,-4.0,2,ack-4f,w,3,3,0,ctl,ok,0,0,-0.7,12.8
mpd,-4.0,2,qpsk-r1/5,w,9,2,1,data,ok,7,2,-1.4,12.8
mpd,-4.0,2,ack-4f,w,3,3,0,ctl,ok,0,0,-0.8,12.8
mpd,-4.0,2,qpsk-r1/5,w,9,2,1,data,ok,2,2,-1.4,12.8
mpd,-4.0,2,ack-4f,w,2,2,0,ctl,ok,0,0,-0.9,12.8
mpd,-4.0,2,qpsk-r1/5,w,9,1,0,data,ok,8,8,-0.8,12.8
mpd,-4.0,2,ack-4f,w,2,2,0,ctl,ok,0,0,-0.5,12.8
mpd,-4.0,2,qpsk-r1/5,w,9,1,0,data,ok,8,8,-1.2,12.8
mpd,-4.0,3,qpsk-r1/5,w,1,1,0,ctl,ok,0,0,-2.5,15.3
mpd,-4.0,3,qpsk-r1/5,w,1,1,0,ctl,ctl_lost,0,0,-0.9,15.3
mpd,-4.0,3,n4-qpsk-r1/3,n4,1,1,0,ctl,ok,0,0,-3.1,15.3
mpd,-4.0,3,n4-qpsk-r1/3,n4,1,1,,ctl,missed,0,0,,15.3
mpd,-4.0,3,n4-qpsk-r1/3,n4,1,1,,ctl,missed,0,0,,15.3
mpd,-4.0,3,n4-qpsk-r1/3,n4,1,1,0,ctl,ok,0,0,-4.9,15.3
mpd,-4.0,3,n4-qpsk-r1/3,n4,1,1,,ctl,missed,0,0,,15.3
mpd,-4.0,3,n4-qpsk-r1/3,n4,1,1,0,ctl,ok,0,0,-3.9,15.3
mpd,-4.0,3,n4-qpsk-r1/3,n4,1,1,0,ctl,ok,0,0,-1.7,15.3
mpd,-4.0,3,ack-4f,w,3,3,0,ctl,ok,0,0,-4.9,15.3
mpd,-4.0,3,ack-4f,w,3,3,0,ctl,ok,0,0,-0.1,15.3
mpd,-4.0,3,fsk32r62-r1/2,c32r62,10,2,1,data,ok,8,8,-1.4,15.3
mpd,-4.0,3,ack-4f,w,3,3,0,ctl,ok,0,0,-0.6,15.3
mpd,-4.0,3,qpsk-r1/5,w,9,2,1,data,ok,7,7,-2.5,15.3
mpd,-4.0,3,ack-4f,w,3,3,0,ctl,ok,0,0,-1.7,15.3
mpd,-4.0,3,qpsk-r1/5,w,9,2,1,data,ok,7,4,-2.3,15.3
mpd,-4.0,3,ack-4f,w,3,3,0,ctl,ok,0,0,-0.5,15.3
mpd,-4.0,3,qpsk-r1/5,w,9,2,1,data,ok,4,4,-1.4,15.3
mpd,-4.0,3,ack-4f,w,3,3,0,ctl,ok,0,0,-0.4,15.3
mpd,-4.0,3,qpsk-r1/5,w,9,2,1,data,ok,7,7,-1.5,15.3
mpd,-4.0,3,ack-4f,w,3,3,0,ctl,ok,0,0,-1.6,15.3
mpd,-4.0,3,qpsk-r1/5,w,9,2,1,data,ok,7,2,-1.1,15.3
mpd,-4.0,3,ack-4f,w,3,3,0,ctl,ok,0,0,-4.0,15.3
mpd,-4.0,3,qpsk-r1/5,w,9,1,0,data,ctl_lost,3,0,-1.4,15.3
mpd,-4.0,3,ack-4f,w,3,3,0,ctl,ok,0,0,-2.0,15.3
mpd,-4.0,3,ack-4f,w,3,3,0,ctl,ok,0,0,0.8,15.3
mpd,-4.0,3,qpsk-r1/5,w,9,2,1,data,ok,2,2,-2.0,15.3
mpd,-4.0,3,ack-4f,w,3,3,0,ctl,ok,0,0,-4.9,15.3
mpd,-4.0,3,qpsk-r1/5,w,9,2,1,data,ok,7,7,-1.6,15.3
mpd,-4.0,3,ack-4f,w,3,3,0,ctl,ok,0,0,0.4,15.3
mpd,-4.0,3,qpsk-r1/5,w,9,2,1,data,ok,7,0,-2.1,15.3
mpd,-4.0,3,ack-4f,w,3,3,0,ctl,ok,0,0,-2.8,15.3
mpd,-4.0,3,qpsk-r1/5,w,9,2,1,data,ok,4,4,-1.9,15.3
mpd,-4.0,3,ack-4f,w,3,3,0,ctl,ok,0,0,-2.8,15.3
mpd,-4.0,3,qpsk-r1/5,w,9,2,1,data,ok,7,4,-1.5,15.3
mpd,-4.0,3,ack-4f,w,3,3,0,ctl,ok,0,0,-2.2,15.3
mpd,-4.0,3,qpsk-r1/5,w,9,2,1,data,ok,5,0,-3.3,15.3
mpd,-4.0,3,ack-4f,w,3,3,0,ctl,ok,0,0,-1.5,15.3
mpd,-4.0,3,qpsk-r1/5,w,9,2,1,data,ok,2,1,0.5,15.3
mpd,-4.0,3,ack-4f,w,2,2,0,ctl,ok,0,0,-3.1,15.3
mpd,-4.0,3,qpsk-r1/5,w,9,1,0,data,ok,8,8,-1.2,15.3
mpd,-4.0,3,ack-4f,w,2,2,0,ctl,ok,0,0,-1.9,15.3
mpd,-4.0,3,qpsk-r1/5,w,9,1,0,data,ok,8,8,-1.2,15.3
mpd,-4.0,3,ack-4f,w,2,2,0,ctl,ok,0,0,0.5,15.3
mpd,-4.0,3,qpsk-r1/5,w,9,1,0,data,ok,8,8,0.1,15.3
mpd,-4.0,3,ack-4f,w,2,2,0,ctl,ok,0,0,2.4,15.3
mpd,-4.0,3,qpsk-r1/5,w,9,1,0,data,ok,8,2,-1.6,15.3
mpd,-4.0,3,ack-4f,w,3,3,0,ctl,ok,0,0,-1.5,15.3
mpd,-4.0,3,qpsk-r1/5,w,9,1,0,data,ctl_lost,2,0,-1.1,15.3
mpd,-4.0,3,ack-4f,w,3,3,0,ctl,ok,0,0,-1.5,15.3
mpd,-4.0,3,ack-4f,w,3,3,0,ctl,ok,0,0,-2.8,15.3
mpd,-4.0,3,qpsk-r1/5,w,9,2,1,data,ok,1,1,-2.5,15.3
mpd,-4.0,3,ack-4f,w,3,3,0,ctl,ok,0,0,0.8,15.3
mpd,-4.0,3,qpsk-r1/5,w,9,2,1,data,ok,7,7,0.1,15.3
mpd,-4.0,3,ack-4f,w,2,2,,ctl,missed,0,0,,15.3
mpd,-4.0,3,ack-4f,w,3,3,0,ctl,ok,0,0,0.2,15.3
mpd,-4.0,3,ack-4f,w,2,2,,ctl,missed,0,0,,15.3
mpd,-4.0,3,ack-4f,w,3,3,0,ctl,ok,0,0,-1.6,15.3
mpd,-4.0,3,ack-4f,w,3,3,0,ctl,ok,0,0,-1.0,15.3
mpd,-4.0,3,qpsk-r1/5,w,9,2,1,data,ok,7,7,-0.2,15.3
mpd,-4.0,3,ack-4f,w,2,2,0,ctl,ok,0,0,-0.8,15.3
mpd,-4.0,3,qpsk-r1/5,w,9,1,0,data,ok,8,8,-1.9,15.3
mpd,-4.0,3,ack-4f,w,2,2,0,ctl,ok,0,0,-3.0,15.3
mpd,-4.0,3,qpsk-r1/5,w,9,1,0,data,ok,8,8,-0.2,15.3
mpd,-4.0,3,ack-4f,w,2,2,0,ctl,ok,0,0,-2.2,15.3
mpd,-4.0,3,qpsk-r1/5,w,9,1,0,data,ok,8,8,-0.6,15.3
mpd,-4.0,3,ack-4f,w,2,2,0,ctl,ok,0,0,-1.8,15.3
mpd,-4.0,3,qpsk-r1/5,w,9,1,0,data,ctl_lost,8,0,-1.9,15.3
mpd,-4.0,3,ack-4f,w,3,3,0,ctl,ok,0,0,-0.9,15.3
mpd,-4.0,3,ack-4f,w,3,3,0,ctl,ok,0,0,1.8,15.3
mpd,-4.0,3,qpsk-r1/5,w,9,2,1,data,ok,7,0,-1.1,15.3
mpd,-4.0,3,ack-4f,w,3,3,0,ctl,ok,0,0,-1.9,15.3
mpd,-4.0,3,qpsk-r1/5,w,9,2,1,data,ok,0,0,-0.4,15.3
mpd,-4.0,3,ack-4f,w,2,2,0,ctl,ok,0,0,-2.0,15.3
mpd,-4.0,3,qpsk-r1/5,w,9,1,0,data,ok,8,8,-1.0,15.3
mpd,-4.0,3,ack-4f,w,2,2,0,ctl,ok,0,0,-1.2,15.3
mpd,-4.0,3,qpsk-r1/5,w,9,1,0,data,ok,8,8,-0.5,15.3
mpd,-4.0,3,ack-4f,w,2,2,0,ctl,ok,0,0,-0.5,15.3
mpd,-4.0,3,qpsk-r1/5,w,9,1,0,data,ok,8,8,0.2,15.3
mpd,-4.0,3,ack-4f,w,2,2,0,ctl,ok,0,0,-0.4,15.3
mpd,-4.0,3,qpsk-r1/5,w,9,1,0,data,ok,8,8,-0.9,15.3
mpd,-4.0,3,ack-4f,w,2,2,0,ctl,ok,0,0,0.3,15.3
mpd,-4.0,3,qpsk-r1/5,w,9,1,0,data,ok,8,8,-0.5,15.3
mpd,-4.0,3,ack-4f,w,2,2,0,ctl,ok,0,0,1.7,15.3
mpd,-4.0,3,qpsk-r1/5,w,9,1,0,data,ctl_lost,8,0,-1.9,15.3
mpd,-4.0,3,ack-4f,w,3,3,0,ctl,ok,0,0,1.0,15.3
mpd,-4.0,3,ack-4f,w,3,3,0,ctl,ok,0,0,-0.5,15.3
mpd,-4.0,3,qpsk-r1/5,w,9,2,1,data,ok,7,7,-1.8,15.3
mpd,-4.0,3,ack-4f,w,3,3,0,ctl,ok,0,0,-3.1,15.3
mpd,-4.0,3,qpsk-r1/5,w,9,2,1,data,ok,7,0,-2.3,15.3
mpd,-4.0,3,ack-4f,w,3,3,0,ctl,ok,0,0,-1.3,15.3
mpd,-4.0,5,qpsk-r1/5,w,1,1,0,ctl,ok,0,0,-3.1,12.8
mpd,-4.0,5,qpsk-r1/5,w,1,1,0,ctl,ok,0,0,-2.2,12.8
mpd,-4.0,5,ack-4f,w,3,3,0,ctl,ok,0,0,-3.5,12.8
mpd,-4.0,5,n10-ack-4f,n10,3,3,0,ctl,ok,0,0,0.2,12.8
mpd,-4.0,5,fsk32r62-r1/2,c32r62,10,2,1,data,ok,8,8,-1.2,12.8
mpd,-4.0,5,ack-4f,w,2,2,0,ctl,ok,0,0,-2.6,12.8
mpd,-4.0,5,qpsk-r1/5,w,9,1,0,data,ctl_lost,8,1,-2.0,12.8
mpd,-4.0,5,ack-4f,w,3,3,0,ctl,ok,0,0,0.0,12.8
mpd,-4.0,5,ack-4f,w,3,3,0,ctl,ok,0,0,-3.0,12.8
mpd,-4.0,5,fsk32r62-r1/2,c32r62,10,2,1,data,ok,8,8,-1.7,12.8
mpd,-4.0,5,n10-ack-4f,n10,3,3,0,ctl,ok,0,0,0.1,12.8
mpd,-4.0,5,qpsk-r1/3,w,9,2,1,data,ok,7,0,-0.0,12.8
mpd,-4.0,5,ack-4f,w,3,3,0,ctl,ok,0,0,-4.1,12.8
mpd,-4.0,5,qpsk-r1/3,w,9,2,1,data,ok,1,0,0.3,12.8
mpd,-4.0,5,n10-ack-4f,n10,3,3,0,ctl,ok,0,0,-4.4,12.8
mpd,-4.0,5,qpsk-r1/3,w,9,2,,data,missed,0,0,,12.8
mpd,-4.0,5,ack-4f,w,3,3,0,ctl,ok,0,0,-4.0,12.8
mpd,-4.0,5,ack-4f,w,3,3,0,ctl,ok,0,0,1.8,12.8
mpd,-4.0,5,fsk32r62-r1/2,c32r62,10,2,1,data,ok,8,8,-1.7,12.8
mpd,-4.0,5,ack-4f,w,3,3,0,ctl,ok,0,0,-3.1,12.8
mpd,-4.0,5,qpsk-r1/3,w,9,2,1,data,ok,7,0,-1.1,12.8
mpd,-4.0,5,n10-ack-4f,n10,3,3,0,ctl,ok,0,0,-1.7,12.8
mpd,-4.0,5,fsk32r62-r1/2,c32r62,10,2,1,data,ok,8,8,-1.4,12.8
mpd,-4.0,5,ack-4f,w,3,3,0,ctl,ok,0,0,0.7,12.8
mpd,-4.0,5,qpsk-r1/3,w,9,2,1,data,ok,7,0,-1.8,12.8
mpd,-4.0,5,ack-4f,w,2,2,0,ctl,ok,0,0,-3.3,12.8
mpd,-4.0,5,fsk32r62-r1/2,c32r62,9,1,0,data,ok,8,8,-1.1,12.8
mpd,-4.0,5,ack-4f,w,3,3,0,ctl,ok,0,0,-1.3,12.8
mpd,-4.0,5,qpsk-r1/3,w,9,2,1,data,ok,7,0,-1.9,12.8
mpd,-4.0,5,ack-4f,w,2,2,,ctl,missed,0,0,,12.8
mpd,-4.0,5,ack-4f,w,3,3,0,ctl,ok,0,0,-0.5,12.8
mpd,-4.0,5,ack-4f,w,2,2,0,ctl,ok,0,0,-2.3,12.8
mpd,-4.0,5,fsk32r62-r1/2,c32r62,9,1,0,data,ok,8,8,-1.5,12.8
mpd,-4.0,5,ack-4f,w,3,3,0,ctl,ok,0,0,-1.2,12.8
mpd,-4.0,5,qpsk-r1/5,w,9,2,1,data,ok,7,7,-1.9,12.8
mpd,-4.0,5,ack-4f,w,2,2,0,ctl,ok,0,0,-0.0,12.8
mpd,-4.0,5,fsk32r62-r1/2,c32r62,9,1,0,data,ok,8,8,-1.5,12.8
mpd,-4.0,5,ack-4f,w,3,3,0,ctl,ok,0,0,-2.8,12.8
mpd,-4.0,5,qpsk-r1/5,w,9,2,1,data,ok,7,0,-1.5,12.8
mpd,-4.0,5,ack-4f,w,3,3,0,ctl,ok,0,0,-0.2,12.8
mpd,-4.0,5,qpsk-r1/5,w,9,2,1,data,ok,2,1,-2.9,12.8
mpd,-4.0,5,ack-4f,w,3,3,0,ctl,ok,0,0,-1.2,12.8
mpd,-4.0,5,qpsk-r1/5,w,9,2,1,data,ok,7,7,-1.6,12.8
mpd,-4.0,5,ack-4f,w,3,3,0,ctl,ok,0,0,-0.2,12.8
mpd,-4.0,5,qpsk-r1/5,w,9,2,1,data,ok,7,7,-2.4,12.8
mpd,-4.0,5,ack-4f,w,3,3,0,ctl,ok,0,0,-0.6,12.8
mpd,-4.0,5,qpsk-r1/5,w,9,2,1,data,ok,7,7,-1.3,12.8
mpd,-4.0,5,ack-4f,w,3,3,,ctl,missed,0,0,,12.8
mpd,-4.0,5,ack-4f,w,3,3,0,ctl,ok,0,0,-2.3,12.8
mpd,-4.0,5,ack-4f,w,3,3,0,ctl,ok,0,0,-1.0,12.8
mpd,-4.0,5,qpsk-r1/5,w,9,2,1,data,ok,7,7,-0.9,12.8
mpd,-4.0,5,ack-4f,w,3,3,0,ctl,ok,0,0,0.5,12.8
mpd,-4.0,5,qpsk-r1/5,w,9,2,1,data,ok,7,7,-1.4,12.8
mpd,-4.0,5,ack-4f,w,2,2,0,ctl,ok,0,0,-3.2,12.8
mpd,-4.0,5,qpsk-r1/5,w,9,1,0,data,ok,8,8,0.3,12.8
mpd,-4.0,5,ack-4f,w,2,2,0,ctl,ok,0,0,-1.4,12.8
mpd,-4.0,5,qpsk-r1/5,w,9,1,0,data,ok,8,8,-1.8,12.8
mpd,-4.0,5,ack-4f,w,2,2,0,ctl,ok,0,0,-1.0,12.8
mpd,-4.0,5,qpsk-r1/5,w,9,1,0,data,ok,8,8,-1.0,12.8
mpd,-4.0,5,ack-4f,w,2,2,0,ctl,ok,0,0,0.6,12.8
mpd,-4.0,5,qpsk-r1/5,w,9,1,,data,missed,0,0,,12.8
mpd,-4.0,5,ack-4f,w,3,3,0,ctl,ok,0,0,-1.6,12.8
mpd,-4.0,5,ack-4f,w,3,3,0,ctl,ok,0,0,-3.7,12.8
mpd,-4.0,5,qpsk-r1/5,w,9,2,1,data,ok,7,7,0.2,12.8
mpd,-4.0,5,ack-4f,w,2,2,0,ctl,ok,0,0,0.9,12.8
mpd,-4.0,5,qpsk-r1/5,w,9,1,0,data,ctl_lost,8,0,-2.3,12.8
mpd,-4.0,5,ack-4f,w,3,3,0,ctl,ok,0,0,0.2,12.8
mpd,-4.0,5,ack-4f,w,3,3,0,ctl,ok,0,0,-4.1,12.8
mpd,-4.0,5,qpsk-r1/5,w,9,2,1,data,ok,7,2,-1.5,12.8
mpd,-4.0,5,ack-4f,w,3,3,0,ctl,ok,0,0,0.2,12.8
mpd,-4.0,5,qpsk-r1/5,w,9,2,1,data,ok,2,0,-2.6,12.8
mpd,-4.0,5,ack-4f,w,3,3,0,ctl,ok,0,0,-2.6,12.8
mpd,-4.0,5,qpsk-r1/5,w,9,2,1,data,ok,5,5,-1.4,12.8
mpd,-4.0,1,qpsk-r1/5,w,1,1,0,ctl,ok,0,0,-2.7,17.0
mpd,-4.0,1,qpsk-r1/5,w,1,1,0,ctl,ok,0,0,-1.7,17.0
mpd,-4.0,1,ack-4f,w,3,3,0,ctl,ok,0,0,-0.5,17.0
mpd,-4.0,1,n10-ack-4f,n10,3,3,0,ctl,ok,0,0,-2.6,17.0
mpd,-4.0,1,qpsk-r1/5,w,9,2,1,data,ok,7,7,-2.0,17.0
mpd,-4.0,1,ack-4f,w,3,3,0,ctl,ok,0,0,0.4,17.0
mpd,-4.0,1,qpsk-r1/5,w,9,2,1,data,ok,7,7,-0.9,17.0
mpd,-4.0,1,ack-4f,w,3,3,0,ctl,ok,0,0,1.3,17.0
mpd,-4.0,1,qpsk-r1/5,w,9,2,1,data,ok,7,7,-0.0,17.0
mpd,-4.0,1,ack-4f,w,2,2,0,ctl,ok,0,0,1.6,17.0
mpd,-4.0,1,qpsk-r1/5,w,9,1,0,data,ctl_lost,8,1,-2.7,17.0
mpd,-4.0,1,ack-4f,w,3,3,0,ctl,ok,0,0,0.0,17.0
mpd,-4.0,1,ack-4f,w,3,3,0,ctl,ok,0,0,0.5,17.0
mpd,-4.0,1,qpsk-r1/5,w,9,2,1,data,ok,7,7,-1.2,17.0
mpd,-4.0,1,ack-4f,w,3,3,0,ctl,ok,0,0,-0.7,17.0
mpd,-4.0,1,qpsk-r1/5,w,9,2,1,data,ok,7,0,-2.2,17.0
mpd,-4.0,1,ack-4f,w,3,3,0,ctl,ok,0,0,-1.2,17.0
mpd,-4.0,1,qpsk-r1/5,w,9,2,1,data,ok,0,0,-1.4,17.0
mpd,-4.0,1,ack-4f,w,3,3,0,ctl,ok,0,0,2.4,17.0
mpd,-4.0,1,qpsk-r1/5,w,9,2,1,data,ok,7,0,-1.6,17.0
mpd,-4.0,1,ack-4f,w,3,3,0,ctl,ok,0,0,-0.4,17.0
mpd,-4.0,1,qpsk-r1/5,w,9,2,1,data,ok,2,2,-1.1,17.0
mpd,-4.0,1,ack-4f,w,3,3,0,ctl,ok,0,0,-1.2,17.0
mpd,-4.0,1,qpsk-r1/5,w,9,2,1,data,ok,7,7,-1.5,17.0
mpd,-4.0,1,ack-4f,w,2,2,0,ctl,ok,0,0,-1.1,17.0
mpd,-4.0,1,qpsk-r1/5,w,9,1,0,data,ok,8,8,-0.9,17.0
mpd,-4.0,1,ack-4f,w,2,2,0,ctl,ok,0,0,-0.4,17.0
mpd,-4.0,1,qpsk-r1/5,w,9,1,0,data,ok,8,8,-1.5,17.0
mpd,-4.0,1,ack-4f,w,2,2,0,ctl,ok,0,0,-3.3,17.0
mpd,-4.0,1,qpsk-r1/5,w,9,1,0,data,ok,8,8,-0.8,17.0
mpd,-4.0,1,ack-4f,w,2,2,0,ctl,ok,0,0,-1.3,17.0
mpd,-4.0,1,qpsk-r1/5,w,9,1,0,data,ok,8,8,-2.4,17.0
mpd,-4.0,1,ack-4f,w,2,2,0,ctl,ok,0,0,-0.5,17.0
mpd,-4.0,1,qpsk-r1/5,w,9,1,0,data,ok,8,8,-2.3,17.0
mpd,-4.0,1,ack-4f,w,3,3,0,ctl,ok,0,0,-1.7,17.0
mpd,-4.0,1,qpsk-r1/5,w,9,2,1,data,ok,7,7,-1.0,17.0
mpd,-4.0,1,ack-4f,w,2,2,0,ctl,ok,0,0,-1.8,17.0
mpd,-4.0,1,qpsk-r1/5,w,9,1,0,data,ok,8,8,-1.0,17.0
mpd,-4.0,1,ack-4f,w,2,2,0,ctl,ok,0,0,-2.4,17.0
mpd,-4.0,1,qpsk-r1/5,w,9,1,0,data,ok,8,8,-0.4,17.0
mpd,-4.0,1,ack-4f,w,2,2,0,ctl,ok,0,0,-5.4,17.0
mpd,-4.0,1,qpsk-r1/5,w,9,1,0,data,ctl_lost,8,0,-2.2,17.0
mpd,-4.0,1,ack-4f,w,2,2,0,ctl,ok,0,0,-1.5,17.0
mpd,-4.0,1,ack-4f,w,3,3,0,ctl,ok,0,0,-1.9,17.0
mpd,-4.0,1,qpsk-r1/5,w,9,2,1,data,ok,7,0,-2.1,17.0
mpd,-4.0,1,ack-4f,w,3,3,0,ctl,ok,0,0,-3.3,17.0
mpd,-4.0,1,qpsk-r1/5,w,9,2,1,data,ok,0,0,-2.4,17.0
mpd,-4.0,1,ack-4f,w,3,3,0,ctl,ok,0,0,-0.0,17.0
mpd,-4.0,1,qpsk-r1/5,w,9,2,1,data,ok,7,7,0.2,17.0
mpd,-4.0,1,ack-4f,w,2,2,,ctl,missed,0,0,,17.0
mpd,-4.0,1,ack-4f,w,3,3,0,ctl,ok,0,0,1.2,17.0
mpd,-4.0,1,ack-4f,w,2,2,0,ctl,ok,0,0,-1.7,17.0
mpd,-4.0,1,qpsk-r1/5,w,9,1,0,data,ok,8,8,-1.6,17.0
mpd,-4.0,1,ack-4f,w,2,2,0,ctl,ok,0,0,-2.3,17.0
mpd,-4.0,1,qpsk-r1/5,w,9,1,0,data,ok,8,8,-0.7,17.0
mpd,-4.0,1,ack-4f,w,2,2,0,ctl,ok,0,0,0.4,17.0
mpd,-4.0,1,qpsk-r1/5,w,9,1,0,data,ctl_lost,8,3,-2.7,17.0
mpd,-4.0,1,ack-4f,w,3,3,0,ctl,ok,0,0,-0.2,17.0
mpd,-4.0,1,ack-4f,w,3,3,0,ctl,ok,0,0,-1.5,17.0
mpd,-4.0,1,qpsk-r1/5,w,9,2,1,data,ok,7,7,-1.5,17.0
mpd,-4.0,1,ack-4f,w,3,3,0,ctl,ok,0,0,-3.4,17.0
mpd,-4.0,1,qpsk-r1/5,w,9,2,1,data,ok,7,7,-1.7,17.0
mpd,-4.0,1,ack-4f,w,3,3,0,ctl,ok,0,0,-1.3,17.0
mpd,-4.0,1,qpsk-r1/5,w,9,2,1,data,ok,7,7,-1.7,17.0
mpd,-4.0,1,ack-4f,w,3,3,0,ctl,ok,0,0,-0.7,17.0
mpd,-4.0,1,qpsk-r1/5,w,9,2,1,data,ok,7,5,-2.3,17.0
mpd,-4.0,1,ack-4f,w,3,3,0,ctl,ok,0,0,-1.0,17.0
mpd,-4.0,1,qpsk-r1/5,w,9,2,1,data,ok,5,5,-0.3,17.0
mpd,-4.0,1,ack-4f,w,2,2,0,ctl,ok,0,0,-2.1,17.0
mpd,-4.0,1,qpsk-r1/5,w,9,1,0,data,ok,8,8,-1.0,17.0
mpd,-4.0,1,ack-4f,w,2,2,0,ctl,ok,0,0,-7.3,17.0
mpd,-4.0,1,qpsk-r1/5,w,9,1,0,data,ctl_lost,8,3,-1.9,17.0
mpd,-4.0,1,ack-4f,w,2,2,0,ctl,ok,0,0,-2.8,17.0
mpd,-4.0,1,ack-4f,w,3,3,0,ctl,ok,0,0,-0.0,17.0
mpd,-4.0,1,qpsk-r1/5,w,9,2,1,data,ok,7,7,-0.2,17.0
mpd,-4.0,1,ack-4f,w,3,3,0,ctl,ok,0,0,-0.7,17.0
mpd,-4.0,1,qpsk-r1/5,w,9,2,1,data,ok,7,7,-0.3,17.0
mpd,-4.0,1,ack-4f,w,2,2,0,ctl,ok,0,0,-4.2,17.0
mpd,-4.0,1,qpsk-r1/5,w,9,1,0,data,ok,8,8,-2.2,17.0
mpd,-4.0,1,ack-4f,w,2,2,0,ctl,ok,0,0,0.1,17.0
mpd,-4.0,1,qpsk-r1/5,w,9,1,0,data,ok,8,2,-1.4,17.0
mpd,-4.0,1,ack-4f,w,3,3,0,ctl,ok,0,0,-0.5,17.0
mpd,-4.0,1,qpsk-r1/5,w,9,2,1,data,ok,1,1,-1.7,17.0
mpd,-4.0,1,ack-4f,w,3,3,0,ctl,ok,0,0,-4.8,17.0
mpd,-4.0,1,qpsk-r1/5,w,9,2,1,data,ok,7,7,-1.5,17.0
mpd,-4.0,1,ack-4f,w,2,2,0,ctl,ok,0,0,-0.6,17.0
mpd,-4.0,1,qpsk-r1/5,w,9,1,0,data,ctl_lost,8,0,-1.7,17.0
mpd,-4.0,1,ack-4f,w,3,3,0,ctl,ok,0,0,-1.4,17.0
mpd,-4.0,1,ack-4f,w,3,3,0,ctl,ok,0,0,-0.5,17.0
mpd,-4.0,1,qpsk-r1/5,w,9,2,1,data,ok,7,0,-2.4,17.0
mpd,-4.0,1,ack-4f,w,3,3,0,ctl,ok,0,0,0.2,17.0
mpd,-4.0,1,qpsk-r1/5,w,9,2,1,data,ok,2,2,-2.1,17.0
mpd,-4.0,4,qpsk-r1/5,w,1,1,0,ctl,ok,0,0,-0.4,17.0
mpd,-4.0,4,qpsk-r1/5,w,1,1,0,ctl,ok,0,0,1.5,17.0
mpd,-4.0,4,ack-4f,w,3,3,0,ctl,ok,0,0,-2.2,17.0
mpd,-4.0,4,ack-4f,w,3,3,0,ctl,ok,0,0,-1.6,17.0
mpd,-4.0,4,qpsk-r1/5,w,9,2,1,data,ok,7,7,-1.2,17.0
mpd,-4.0,4,ack-4f,w,3,3,0,ctl,ok,0,0,-1.8,17.0
mpd,-4.0,4,qpsk-r1/5,w,9,2,1,data,ok,7,7,-1.5,17.0
mpd,-4.0,4,ack-4f,w,3,3,0,ctl,ok,0,0,-3.7,17.0
mpd,-4.0,4,qpsk-r1/5,w,9,2,1,data,ok,7,7,0.1,17.0
mpd,-4.0,4,n4-ack-8f,n4,2,2,0,ctl,ok,0,0,-5.6,17.0
mpd,-4.0,4,qpsk-r1/5,w,9,1,0,data,ok,8,8,-1.7,17.0
mpd,-4.0,4,ack-4f,w,2,2,0,ctl,ok,0,0,-4.0,17.0
mpd,-4.0,4,qpsk-r1/5,w,9,1,0,data,ctl_lost,8,3,-1.5,17.0
mpd,-4.0,4,ack-4f,w,3,3,0,ctl,ok,0,0,0.5,17.0
mpd,-4.0,4,ack-4f,w,3,3,0,ctl,ok,0,0,-4.2,17.0
mpd,-4.0,4,qpsk-r1/5,w,9,2,1,data,ok,7,5,-1.6,17.0
mpd,-4.0,4,n4-ack-8f,n4,3,3,0,ctl,ok,0,0,-4.7,17.0
mpd,-4.0,4,qpsk-r1/5,w,9,2,1,data,ok,5,5,-1.3,17.0
mpd,-4.0,4,ack-4f,w,3,3,0,ctl,ok,0,0,-2.9,17.0
mpd,-4.0,4,qpsk-r1/5,w,9,2,1,data,ok,7,7,-0.3,17.0
mpd,-4.0,4,ack-4f,w,3,3,0,ctl,ok,0,0,-0.8,17.0
mpd,-4.0,4,qpsk-r1/5,w,9,2,1,data,ok,7,7,-1.9,17.0
mpd,-4.0,4,ack-4f,w,3,3,0,ctl,ok,0,0,-1.3,17.0
mpd,-4.0,4,qpsk-r1/5,w,9,2,1,data,ok,7,0,-1.4,17.0
mpd,-4.0,4,ack-4f,w,3,3,0,ctl,ok,0,0,0.5,17.0
mpd,-4.0,4,qpsk-r1/5,w,9,2,1,data,ok,0,0,-0.8,17.0
mpd,-4.0,4,ack-4f,w,2,2,0,ctl,ok,0,0,-2.0,17.0
mpd,-4.0,4,qpsk-r1/5,w,9,1,0,data,ok,8,8,-1.9,17.0
mpd,-4.0,4,ack-4f,w,2,2,,ctl,missed,0,0,,17.0
mpd,-4.0,4,ack-4f,w,3,3,0,ctl,ok,0,0,-1.6,17.0
mpd,-4.0,4,ack-4f,w,3,3,0,ctl,ok,0,0,-2.3,17.0
mpd,-4.0,4,qpsk-r1/5,w,9,2,1,data,ok,7,7,-1.1,17.0
mpd,-4.0,4,ack-4f,w,3,3,0,ctl,ok,0,0,-3.5,17.0
mpd,-4.0,4,qpsk-r1/5,w,9,2,1,data,ok,7,0,-2.1,17.0
mpd,-4.0,4,ack-4f,w,2,2,0,ctl,ok,0,0,-0.9,17.0
mpd,-4.0,4,qpsk-r1/5,w,9,1,0,data,ok,1,1,-1.4,17.0
mpd,-4.0,4,ack-4f,w,2,2,0,ctl,ok,0,0,-1.8,17.0
mpd,-4.0,4,qpsk-r1/5,w,9,1,0,data,ok,8,8,-1.0,17.0
mpd,-4.0,4,ack-4f,w,2,2,0,ctl,ok,0,0,-0.7,17.0
mpd,-4.0,4,qpsk-r1/5,w,9,1,0,data,ok,8,8,0.2,17.0
mpd,-4.0,4,ack-4f,w,2,2,0,ctl,ok,0,0,-1.0,17.0
mpd,-4.0,4,qpsk-r1/5,w,9,1,0,data,ok,8,8,-0.4,17.0
mpd,-4.0,4,ack-4f,w,2,2,0,ctl,ok,0,0,-1.6,17.0
mpd,-4.0,4,qpsk-r1/5,w,9,1,0,data,ok,8,8,0.2,17.0
mpd,-4.0,4,ack-4f,w,2,2,0,ctl,ok,0,0,2.5,17.0
mpd,-4.0,4,qpsk-r1/5,w,9,1,0,data,ok,8,8,-0.0,17.0
mpd,-4.0,4,ack-4f,w,2,2,0,ctl,ok,0,0,-4.8,17.0
mpd,-4.0,4,qpsk-r1/5,w,9,1,0,data,ctl_lost,8,0,-3.0,17.0
mpd,-4.0,4,ack-4f,w,3,3,0,ctl,ok,0,0,-3.6,17.0
mpd,-4.0,4,ack-4f,w,3,3,,ctl,missed,0,0,,17.0
mpd,-4.0,4,ack-4f,w,3,3,0,ctl,ok,0,0,-1.4,17.0
mpd,-4.0,4,ack-4f,w,3,3,0,ctl,ok,0,0,2.0,17.0
mpd,-4.0,4,qpsk-r1/5,w,9,2,1,data,ok,7,0,-2.4,17.0
mpd,-4.0,4,ack-4f,w,3,3,0,ctl,ok,0,0,-1.4,17.0
mpd,-4.0,4,qpsk-r1/5,w,9,2,1,data,ok,1,1,-1.4,17.0
mpd,-4.0,4,ack-4f,w,2,2,0,ctl,ok,0,0,-2.7,17.0
mpd,-4.0,4,qpsk-r1/5,w,9,1,0,data,ok,8,8,-1.8,17.0
mpd,-4.0,4,ack-4f,w,2,2,0,ctl,ok,0,0,-5.2,17.0
mpd,-4.0,4,qpsk-r1/5,w,9,1,0,data,ctl_lost,8,0,-2.6,17.0
mpd,-4.0,4,ack-4f,w,2,2,0,ctl,ok,0,0,-0.8,17.0
mpd,-4.0,4,ack-4f,w,3,3,0,ctl,ok,0,0,0.3,17.0
mpd,-4.0,4,qpsk-r1/5,w,9,2,1,data,ok,7,0,-2.0,17.0
mpd,-4.0,4,ack-4f,w,3,3,0,ctl,ok,0,0,0.6,17.0
mpd,-4.0,4,qpsk-r1/5,w,9,2,1,data,ok,1,1,-2.2,17.0
mpd,-4.0,4,ack-4f,w,3,3,0,ctl,ok,0,0,-5.8,17.0
mpd,-4.0,4,qpsk-r1/5,w,9,2,1,data,ok,7,3,-2.7,17.0
mpd,-4.0,4,ack-4f,w,3,3,0,ctl,ok,0,0,-4.8,17.0
mpd,-4.0,4,qpsk-r1/5,w,9,2,1,data,ok,3,3,-1.2,17.0
mpd,-4.0,4,ack-4f,w,3,3,0,ctl,ok,0,0,-0.4,17.0
mpd,-4.0,4,qpsk-r1/5,w,9,2,1,data,ok,7,7,-1.0,17.0
mpd,-4.0,4,ack-4f,w,2,2,0,ctl,ok,0,0,-1.1,17.0
mpd,-4.0,4,qpsk-r1/5,w,9,1,0,data,ctl_lost,8,0,-1.7,17.0
mpd,-4.0,4,ack-4f,w,3,3,0,ctl,ok,0,0,-1.3,17.0
mpd,-4.0,4,ack-4f,w,3,3,0,ctl,ok,0,0,-0.6,17.0
mpd,-4.0,4,qpsk-r1/5,w,9,2,1,data,ok,7,7,-1.5,17.0
mpd,-4.0,4,ack-4f,w,3,3,0,ctl,ok,0,0,-0.6,17.0
mpd,-4.0,4,qpsk-r1/5,w,9,2,1,data,ok,7,6,0.6,17.0
mpd,-4.0,4,ack-4f,w,3,3,0,ctl,ok,0,0,-0.2,17.0
mpd,-4.0,4,qpsk-r1/5,w,9,1,0,data,ok,7,7,-2.6,17.0
mpd,-4.0,4,ack-4f,w,3,3,0,ctl,ok,0,0,-0.4,17.0
mpd,-4.0,4,qpsk-r1/5,w,9,2,1,data,ok,7,7,-1.2,17.0
mpd,-4.0,4,ack-4f,w,3,3,0,ctl,ok,0,0,-0.7,17.0
mpd,-4.0,4,qpsk-r1/5,w,9,2,1,data,ok,6,6,-1.7,17.0
mpd,-4.0,4,ack-4f,w,3,3,0,ctl,ok,0,0,-3.1,17.0
mpd,-4.0,4,qpsk-r1/5,w,9,2,1,data,ok,7,3,-2.2,17.0
mpd,-4.0,4,ack-4f,w,3,3,0,ctl,ok,0,0,1.6,17.0
mpd,-4.0,4,qpsk-r1/5,w,9,2,1,data,ok,5,1,-2.1,17.0
mpd,-4.0,4,ack-4f,w,3,3,0,ctl,ok,0,0,-3.7,17.0
mpd,-4.0,4,qpsk-r1/5,w,9,2,1,data,ok,6,6,-1.1,17.0
mpd,-4.0,4,ack-4f,w,2,2,0,ctl,ok,0,0,-4.6,17.0
mpd,-4.0,4,qpsk-r1/5,w,9,1,0,data,ok,8,8,-1.7,17.0
mpd,-4.0,4,ack-4f,w,2,2,0,ctl,ok,0,0,0.2,17.0
mpd,-4.0,4,qpsk-r1/5,w,9,1,0,data,ok,8,8,-1.9,17.0
mpd,-4.0,7,qpsk-r1/5,w,1,1,0,ctl,ok,0,0,0.1,17.9
mpd,-4.0,7,qpsk-r1/5,w,1,1,0,ctl,ok,0,0,0.3,17.9
mpd,-4.0,7,ack-4f,w,3,3,0,ctl,ok,0,0,-1.5,17.9
mpd,-4.0,7,ack-4f,w,3,3,0,ctl,ok,0,0,-3.3,17.9
mpd,-4.0,7,qpsk-r1/5,w,9,2,1,data,ok,7,7,-0.8,17.9
mpd,-4.0,7,ack-4f,w,3,3,0,ctl,ok,0,0,-2.4,17.9
mpd,-4.0,7,qpsk-r1/5,w,9,2,1,data,ok,7,7,-1.8,17.9
mpd,-4.0,7,n4-ack-8f,n4,3,3,0,ctl,ok,0,0,-3.7,17.9
mpd,-4.0,7,qpsk-r1/5,w,9,2,1,data,ok,7,4,-2.3,17.9
mpd,-4.0,7,ack-4f,w,3,3,0,ctl,ok,0,0,-2.1,17.9
mpd,-4.0,7,qpsk-r1/5,w,9,2,1,data,ok,6,6,-1.4,17.9
mpd,-4.0,7,ack-4f,w,3,3,0,ctl,ok,0,0,0.7,17.9
mpd,-4.0,7,qpsk-r1/5,w,9,2,1,data,ok,7,0,-2.2,17.9
mpd,-4.0,7,ack-4f,w,3,3,0,ctl,ok,0,0,-4.9,17.9
mpd,-4.0,7,qpsk-r1/5,w,9,2,1,data,ok,0,0,-0.8,17.9
mpd,-4.0,7,ack-4f,w,3,3,0,ctl,ok,0,0,-0.5,17.9
mpd,-4.0,7,qpsk-r1/5,w,9,2,1,data,ok,7,7,-2.2,17.9
mpd,-4.0,7,ack-4f,w,2,2,0,ctl,ok,0,0,1.9,17.9
mpd,-4.0,7,qpsk-r1/5,w,9,1,0,data,ctl_lost,8,5,-1.8,17.9
mpd,-4.0,7,ack-4f,w,3,3,0,ctl,ok,0,0,0.4,17.9
mpd,-4.0,7,ack-4f,w,3,3,0,ctl,ok,0,0,0.1,17.9
mpd,-4.0,7,qpsk-r1/5,w,9,2,1,data,ok,7,0,-2.6,17.9
mpd,-4.0,7,ack-4f,w,3,3,0,ctl,ctl_lost,0,0,-6.4,17.9
mpd,-4.0,7,ack-4f,w,3,3,0,ctl,ok,0,0,-2.3,17.9
mpd,-4.0,7,ack-4f,w,3,3,0,ctl,ok,0,0,-0.1,17.9
mpd,-4.0,7,qpsk-r1/5,w,9,2,1,data,ok,7,7,-0.9,17.9
mpd,-4.0,7,ack-4f,w,3,3,0,ctl,ok,0,0,0.2,17.9
mpd,-4.0,7,qpsk-r1/5,w,9,2,1,data,ok,7,7,-1.5,17.9
mpd,-4.0,7,ack-4f,w,3,3,0,ctl,ok,0,0,-3.5,17.9
mpd,-4.0,7,qpsk-r1/5,w,9,2,1,data,ok,7,7,-0.1,17.9
mpd,-4.0,7,ack-4f,w,2,2,0,ctl,ok,0,0,-2.9,17.9
mpd,-4.0,7,qpsk-r1/5,w,9,1,0,data,ok,8,8,-2.2,17.9
mpd,-4.0,7,ack-4f,w,2,2,0,ctl,ok,0,0,-1.0,17.9
mpd,-4.0,7,qpsk-r1/5,w,9,1,0,data,ok,8,8,0.8,17.9
mpd,-4.0,7,ack-4f,w,2,2,0,ctl,ok,0,0,-1.8,17.9
mpd,-4.0,7,qpsk-r1/5,w,9,1,0,data,ok,8,8,-1.0,17.9
mpd,-4.0,7,ack-4f,w,2,2,0,ctl,ok,0,0,-0.2,17.9
mpd,-4.0,7,qpsk-r1/5,w,9,1,0,data,ok,8,8,-0.5,17.9
mpd,-4.0,7,ack-4f,w,2,2,0,ctl,ok,0,0,-1.2,17.9
mpd,-4.0,7,qpsk-r1/5,w,9,1,0,data,ok,8,8,-1.2,17.9
mpd,-4.0,7,ack-4f,w,2,2,0,ctl,ok,0,0,0.7,17.9
mpd,-4.0,7,qpsk-r1/5,w,9,1,0,data,ok,8,8,-2.0,17.9
mpd,-4.0,7,ack-4f,w,2,2,0,ctl,ok,0,0,-0.9,17.9
mpd,-4.0,7,qpsk-r1/5,w,9,1,0,data,ok,8,8,-1.2,17.9
mpd,-4.0,7,ack-4f,w,2,2,0,ctl,ok,0,0,0.2,17.9
mpd,-4.0,7,qpsk-r1/5,w,9,1,0,data,ctl_lost,8,0,-2.1,17.9
mpd,-4.0,7,ack-4f,w,3,3,0,ctl,ctl_lost,0,0,-5.3,17.9
mpd,-4.0,7,ack-4f,w,3,3,0,ctl,ok,0,0,-0.3,17.9
mpd,-4.0,7,ack-4f,w,3,3,0,ctl,ok,0,0,-0.5,17.9
mpd,-4.0,7,qpsk-r1/5,w,9,2,1,data,ok,7,7,1.2,17.9
mpd,-4.0,7,ack-4f,w,2,2,0,ctl,ok,0,0,0.8,17.9
mpd,-4.0,7,qpsk-r1/5,w,9,1,0,data,ok,8,2,-1.2,17.9
mpd,-4.0,7,ack-4f,w,3,3,0,ctl,ok,0,0,0.4,17.9
mpd,-4.0,7,qpsk-r1/5,w,9,1,0,data,ok,2,2,-1.2,17.9
mpd,-4.0,7,ack-4f,w,3,3,0,ctl,ok,0,0,-1.7,17.9
mpd,-4.0,7,qpsk-r1/5,w,9,2,1,data,ok,7,7,-1.7,17.9
mpd,-4.0,7,ack-4f,w,2,2,0,ctl,ok,0,0,-1.6,17.9
mpd,-4.0,7,qpsk-r1/5,w,9,1,0,data,ok,8,8,-0.0,17.9
mpd,-4.0,7,ack-4f,w,2,2,,ctl,missed,0,0,,17.9
mpd,-4.0,7,ack-4f,w,3,3,0,ctl,ok,0,0,-2.2,17.9
mpd,-4.0,7,ack-4f,w,2,2,0,ctl,ok,0,0,-0.0,17.9
mpd,-4.0,7,qpsk-r1/5,w,9,1,0,data,ok,8,3,-2.0,17.9
mpd,-4.0,7,ack-4f,w,3,3,0,ctl,ok,0,0,-3.1,17.9
mpd,-4.0,7,qpsk-r1/5,w,9,2,1,data,ok,2,2,-1.5,17.9
mpd,-4.0,7,ack-4f,w,2,2,0,ctl,ok,0,0,-4.5,17.9
mpd,-4.0,7,qpsk-r1/5,w,9,1,0,data,ok,8,8,-0.6,17.9
mpd,-4.0,7,ack-4f,w,2,2,0,ctl,ok,0,0,-0.9,17.9
mpd,-4.0,7,qpsk-r1/5,w,9,1,0,data,ctl_lost,8,0,-2.9,17.9
mpd,-4.0,7,ack-4f,w,3,3,0,ctl,ok,0,0,-1.7,17.9
mpd,-4.0,7,ack-4f,w,3,3,0,ctl,ok,0,0,-1.8,17.9
mpd,-4.0,7,qpsk-r1/5,w,9,2,1,data,ok,7,7,-1.4,17.9
mpd,-4.0,7,ack-4f,w,3,3,0,ctl,ok,0,0,0.5,17.9
mpd,-4.0,7,qpsk-r1/5,w,9,2,1,data,ok,7,7,0.2,17.9
mpd,-4.0,7,ack-4f,w,2,2,0,ctl,ok,0,0,0.7,17.9
mpd,-4.0,7,qpsk-r1/5,w,9,1,0,data,ok,8,8,-1.0,17.9
mpd,-4.0,7,ack-4f,w,2,2,0,ctl,ok,0,0,-2.0,17.9
mpd,-4.0,7,qpsk-r1/5,w,9,1,0,data,ok,8,8,-1.3,17.9
mpd,-4.0,7,ack-4f,w,2,2,0,ctl,ok,0,0,2.0,17.9
mpd,-4.0,7,qpsk-r1/5,w,9,1,0,data,ok,8,8,0.8,17.9
mpd,-4.0,7,ack-4f,w,2,2,0,ctl,ok,0,0,-1.1,17.9
mpd,-4.0,7,qpsk-r1/5,w,9,1,0,data,ok,8,8,-0.5,17.9
mpd,-4.0,7,ack-4f,w,2,2,0,ctl,ok,0,0,-4.7,17.9
mpd,-4.0,7,qpsk-r1/5,w,9,1,0,data,ok,8,8,-1.9,17.9
mpd,-4.0,7,ack-4f,w,2,2,0,ctl,ctl_lost,0,0,-5.1,17.9
mpd,-4.0,7,ack-4f,w,3,3,0,ctl,ok,0,0,-2.5,17.9
mpd,-4.0,7,ack-4f,w,3,3,0,ctl,ok,0,0,-1.4,17.9
mpd,-4.0,7,qpsk-r1/5,w,9,2,1,data,ok,7,7,-1.3,17.9
mpd,-4.0,7,ack-4f,w,3,3,0,ctl,ok,0,0,-3.2,17.9
mpd,-4.0,7,qpsk-r1/5,w,9,2,1,data,ok,6,6,-1.8,17.9
mpd,-4.0,7,ack-4f,w,2,2,0,ctl,ok,0,0,-0.8,17.9
mpd,-4.0,7,qpsk-r1/5,w,9,1,0,data,ctl_lost,8,0,-2.5,17.9
mpd,-4.0,7,ack-4f,w,3,3,0,ctl,ok,0,0,1.7,17.9
mpd,-4.0,7,ack-4f,w,3,3,0,ctl,ok,0,0,-0.7,17.9
mpd,-4.0,7,qpsk-r1/5,w,9,2,1,data,ok,7,0,-1.9,17.9
mpd,-4.0,6,qpsk-r1/5,w,1,1,0,ctl,ok,0,0,1.2,13.2
mpd,-4.0,6,qpsk-r1/5,w,1,1,0,ctl,ctl_lost,0,0,-3.1,13.2
mpd,-4.0,6,n4-qpsk-r1/3,n4,1,1,0,ctl,ok,0,0,-3.1,13.2
mpd,-4.0,6,n4-qpsk-r1/3,n4,1,1,0,ctl,ok,0,0,-4.9,13.2
mpd,-4.0,6,ack-4f,w,3,3,0,ctl,ok,0,0,-0.7,13.2
mpd,-4.0,6,ack-4f,w,3,3,0,ctl,ok,0,0,0.4,13.2
mpd,-4.0,6,qpsk-r1/5,w,9,2,1,data,ok,7,7,-1.2,13.2
mpd,-4.0,6,ack-4f,w,3,3,0,ctl,ok,0,0,-3.9,13.2
mpd,-4.0,6,qpsk-r1/5,w,9,2,1,data,ok,7,7,-1.7,13.2
mpd,-4.0,6,ack-4f,w,3,3,0,ctl,ok,0,0,1.1,13.2
mpd,-4.0,6,qpsk-r1/5,w,9,2,1,data,ok,7,6,-2.1,13.2
mpd,-4.0,6,ack-4f,w,3,3,0,ctl,ok,0,0,-2.7,13.2
mpd,-4.0,6,qpsk-r1/5,w,9,2,1,data,ok,6,6,-0.5,13.2
mpd,-4.0,6,ack-4f,w,3,3,0,ctl,ok,0,0,-0.6,13.2
mpd,-4.0,6,qpsk-r1/5,w,9,2,1,data,ok,7,7,-0.8,13.2
mpd,-4.0,6,ack-4f,w,2,2,0,ctl,ok,0,0,0.7,13.2
mpd,-4.0,6,qpsk-r1/5,w,9,1,0,data,ok,8,8,-0.9,13.2
mpd,-4.0,6,ack-4f,w,2,2,0,ctl,ok,0,0,-1.3,13.2
mpd,-4.0,6,qpsk-r1/5,w,9,1,0,data,ok,8,8,-1.5,13.2
mpd,-4.0,6,ack-4f,w,3,3,0,ctl,ok,0,0,-1.9,13.2
mpd,-4.0,6,qpsk-r1/5,w,9,2,1,data,ok,7,0,-3.3,13.2
mpd,-4.0,6,ack-4f,w,3,3,0,ctl,ok,0,0,-1.6,13.2
mpd,-4.0,6,qpsk-r1/5,w,9,2,1,data,ok,0,0,-4.3,13.2
mpd,-4.0,6,ack-4f,w,3,3,0,ctl,ok,0,0,-0.5,13.2
mpd,-4.0,6,qpsk-r1/5,w,9,2,1,data,ok,7,7,-0.6,13.2
mpd,-4.0,6,ack-4f,w,2,2,0,ctl,ok,0,0,-1.3,13.2
mpd,-4.0,6,qpsk-r1/5,w,9,1,,data,missed,0,0,,13.2
mpd,-4.0,6,ack-4f,w,3,3,0,ctl,ok,0,0,-0.6,13.2
mpd,-4.0,6,ack-4f,w,2,2,0,ctl,ok,0,0,1.7,13.2
mpd,-4.0,6,qpsk-r1/5,w,9,1,0,data,ctl_lost,8,6,-1.7,13.2
mpd,-4.0,6,ack-4f,w,3,3,0,ctl,ok,0,0,-2.6,13.2
mpd,-4.0,6,ack-4f,w,3,3,0,ctl,ok,0,0,-0.8,13.2
mpd,-4.0,6,qpsk-r1/5,w,9,2,1,data,ok,7,0,-2.4,13.2
mpd,-4.0,6,ack-4f,w,3,3,0,ctl,ok,0,0,-3.5,13.2
mpd,-4.0,6,qpsk-r1/5,w,9,2,1,data,ok,1,0,-1.8,13.2
mpd,-4.0,6,ack-4f,w,3,3,0,ctl,ok,0,0,-3.5,13.2
mpd,-4.0,6,qpsk-r1/5,w,9,2,1,data,ok,7,0,-2.6,13.2
mpd,-4.0,6,ack-4f,w,3,3,0,ctl,ok,0,0,-1.8,13.2
mpd,-4.0,6,qpsk-r1/5,w,9,2,1,data,ok,0,0,-0.3,13.2
mpd,-4.0,6,ack-4f,w,2,2,0,ctl,ok,0,0,-1.3,13.2
mpd,-4.0,6,qpsk-r1/5,w,9,1,0,data,ctl_lost,8,0,-2.2,13.2
mpd,-4.0,6,ack-4f,w,3,3,0,ctl,ok,0,0,-1.9,13.2
mpd,-4.0,6,ack-4f,w,3,3,0,ctl,ok,0,0,-2.8,13.2
mpd,-4.0,6,qpsk-r1/5,w,9,2,1,data,ok,7,7,0.3,13.2
mpd,-4.0,6,ack-4f,w,3,3,0,ctl,ok,0,0,-1.3,13.2
mpd,-4.0,6,qpsk-r1/5,w,9,2,1,data,ok,7,0,-0.6,13.2
mpd,-4.0,6,ack-4f,w,3,3,0,ctl,ok,0,0,-2.8,13.2
mpd,-4.0,6,qpsk-r1/5,w,9,1,0,data,ctl_lost,3,1,-2.8,13.2
mpd,-4.0,6,ack-4f,w,3,3,0,ctl,ok,0,0,-2.5,13.2
mpd,-4.0,6,ack-4f,w,3,3,0,ctl,ok,0,0,-1.4,13.2
mpd,-4.0,6,qpsk-r1/5,w,9,2,1,data,ok,2,0,-1.3,13.2
mpd,-4.0,6,ack-4f,w,3,3,0,ctl,ok,0,0,-0.1,13.2
mpd,-4.0,6,qpsk-r1/5,w,9,2,1,data,ok,7,7,-0.6,13.2
mpd,-4.0,6,ack-4f,w,3,3,0,ctl,ok,0,0,-2.3,13.2
mpd,-4.0,6,qpsk-r1/5,w,9,2,1,data,ok,7,0,-0.9,13.2
mpd,-4.0,6,ack-4f,w,3,3,0,ctl,ok,0,0,-2.6,13.2
mpd,-4.0,6,qpsk-r1/5,w,9,1,0,data,ctl_lost,2,0,-2.2,13.2
mpd,-4.0,6,ack-4f,w,3,3,0,ctl,ok,0,0,-1.6,13.2
mpd,-4.0,6,ack-4f,w,3,3,0,ctl,ok,0,0,1.1,13.2
mpd,-4.0,6,qpsk-r1/5,w,9,2,1,data,ok,1,1,-0.5,13.2
mpd,-4.0,6,ack-4f,w,3,3,0,ctl,ok,0,0,-1.8,13.2
mpd,-4.0,6,qpsk-r1/5,w,9,2,1,data,ok,7,7,-1.3,13.2
mpd,-4.0,6,ack-4f,w,3,3,0,ctl,ok,0,0,-3.5,13.2
mpd,-4.0,6,qpsk-r1/5,w,9,2,1,data,ok,7,7,-1.5,13.2
mpd,-4.0,6,ack-4f,w,3,3,0,ctl,ok,0,0,-2.8,13.2
mpd,-4.0,6,qpsk-r1/5,w,9,2,,data,missed,0,0,,13.2
mpd,-4.0,6,ack-4f,w,3,3,0,ctl,ok,0,0,1.2,13.2
mpd,-4.0,6,ack-4f,w,2,2,0,ctl,ok,0,0,-0.4,13.2
mpd,-4.0,6,qpsk-r1/5,w,9,1,0,data,ok,8,8,-0.6,13.2
mpd,-4.0,6,ack-4f,w,2,2,0,ctl,ok,0,0,-1.6,13.2
mpd,-4.0,6,qpsk-r1/5,w,9,1,0,data,ok,8,8,0.2,13.2
mpd,-4.0,6,ack-4f,w,2,2,0,ctl,ok,0,0,-1.0,13.2
mpd,-4.0,6,qpsk-r1/5,w,9,1,0,data,ok,8,8,-2.1,13.2
mpd,-4.0,6,ack-4f,w,3,3,0,ctl,ok,0,0,-3.4,13.2
mpd,-4.0,6,qpsk-r1/5,w,9,2,1,data,ok,7,4,-3.0,13.2
mpd,-4.0,6,ack-4f,w,3,3,0,ctl,ok,0,0,0.2,13.2
mpd,-4.0,6,qpsk-r1/5,w,9,2,1,data,ok,4,4,-1.7,13.2
mpd,-4.0,6,ack-4f,w,3,3,0,ctl,ok,0,0,-0.5,13.2
mpd,-4.0,6,qpsk-r1/5,w,9,2,1,data,ok,7,0,-2.3,13.2
mpd,-4.0,6,ack-4f,w,3,3,0,ctl,ok,0,0,-0.2,13.2
mpd,-4.0,6,qpsk-r1/5,w,9,2,,data,missed,0,0,,13.2
mpd,-4.0,6,ack-4f,w,3,3,0,ctl,ok,0,0,1.6,13.2
mpd,-4.0,6,ack-4f,w,2,2,0,ctl,ok,0,0,-3.3,13.2
mpd,-4.0,6,qpsk-r1/5,w,9,1,0,data,ok,1,1,-1.1,13.2
mpd,-4.0,6,ack-4f,w,2,2,0,ctl,ok,0,0,-3.0,13.2
mpd,-4.0,6,qpsk-r1/5,w,9,1,0,data,ok,8,8,-0.1,13.2
mpd,-4.0,6,ack-4f,w,2,2,0,ctl,ok,0,0,-2.7,13.2
mpd,-4.0,6,qpsk-r1/5,w,9,1,0,data,ctl_lost,8,3,-1.5,13.2
mpd,-4.0,6,ack-4f,w,3,3,0,ctl,ok,0,0,-1.2,13.2
mpd,-4.0,6,ack-4f,w,3,3,0,ctl,ok,0,0,-0.1,13.2
mpd,-4.0,6,qpsk-r1/5,w,9,2,1,data,ok,7,7,-0.6,13.2
mpd,0.0,2,qpsk-r1/5,w,1,1,0,ctl,ok,0,0,-0.3,37.4
mpd,0.0,2,qpsk-r1/5,w,1,1,0,ctl,ok,0,0,5.0,37.4
mpd,0.0,2,ack-4f,w,3,3,0,ctl,ok,0,0,-0.0,37.4
mpd,0.0,2,ack-1f,w,3,3,0,ctl,ok,0,0,2.8,37.4
mpd,0.0,2,qpsk-r1/5,w,9,2,1,data,ok,7,7,2.5,37.4
mpd,0.0,2,ack-1f,w,2,2,0,ctl,ok,0,0,3.0,37.4
mpd,0.0,2,qpsk-r1/5,w,9,1,0,data,ok,8,8,0.3,37.4
mpd,0.0,2,ack-1f,w,2,2,0,ctl,ok,0,0,4.5,37.4
mpd,0.0,2,qpsk-r1/5,w,9,1,0,data,ok,8,8,3.1,37.4
mpd,0.0,2,ack-1f,w,2,2,0,ctl,ok,0,0,4.9,37.4
mpd,0.0,2,qpsk-r1/5,w,9,1,0,data,ok,8,8,2.2,37.4
mpd,0.0,2,ack-1f,w,3,3,0,ctl,ok,0,0,3.5,37.4
mpd,0.0,2,qpsk-r1/3,w,9,2,1,data,ok,7,7,4.0,37.4
mpd,0.0,2,ack-1f,w,3,3,0,ctl,ctl_lost,0,0,-1.8,37.4
mpd,0.0,2,ack-4f,w,3,3,0,ctl,ok,0,0,1.1,37.4
mpd,0.0,2,ack-4f,w,3,3,0,ctl,ok,0,0,0.5,37.4
mpd,0.0,2,qpsk-r1/3,w,9,2,1,data,ok,7,7,3.7,37.4
mpd,0.0,2,ack-4f,w,3,3,0,ctl,ok,0,0,3.7,37.4
mpd,0.0,2,qpsk-r1/3,w,9,2,1,data,ok,7,7,1.7,37.4
mpd,0.0,2,ack-4f,w,3,3,0,ctl,ok,0,0,3.0,37.4
mpd,0.0,2,qpsk-r1/3,w,9,2,1,data,ok,7,7,2.8,37.4
mpd,0.0,2,ack-4f,w,3,3,0,ctl,ok,0,0,3.1,37.4
mpd,0.0,2,qpsk-r1/3,w,9,2,1,data,ok,7,7,4.1,37.4
mpd,0.0,2,ack-4f,w,2,2,0,ctl,ok,0,0,2.3,37.4
mpd,0.0,2,qpsk-r1/3,w,9,1,0,data,ok,8,8,1.0,37.4
mpd,0.0,2,ack-4f,w,2,2,0,ctl,ok,0,0,2.8,37.4
mpd,0.0,2,qpsk-r1/3,w,9,1,0,data,ok,8,8,1.4,37.4
mpd,0.0,2,ack-4f,w,3,3,0,ctl,ok,0,0,4.9,37.4
mpd,0.0,2,qpsk-r1/3,w,9,2,1,data,ok,7,7,3.9,37.4
mpd,0.0,2,ack-4f,w,2,2,0,ctl,ok,0,0,2.7,37.4
mpd,0.0,2,qpsk-r1/3,w,9,1,0,data,ok,8,8,0.8,37.4
mpd,0.0,2,ack-4f,w,2,2,0,ctl,ok,0,0,4.1,37.4
mpd,0.0,2,qpsk-r1/3,w,9,1,0,data,ok,8,8,3.8,37.4
mpd,0.0,2,ack-4f,w,2,2,0,ctl,ok,0,0,1.7,37.4
mpd,0.0,2,qpsk-r1/3,w,9,1,0,data,ok,8,8,3.5,37.4
mpd,0.0,2,ack-4f,w,2,2,0,ctl,ok,0,0,3.8,37.4
mpd,0.0,2,qpsk-r1/3,w,9,1,0,data,ok,8,8,3.1,37.4
mpd,0.0,2,ack-4f,w,2,2,0,ctl,ok,0,0,0.9,37.4
mpd,0.0,2,qpsk-r1/3,w,9,1,0,data,ok,8,8,2.9,37.4
mpd,0.0,2,ack-4f,w,2,2,0,ctl,ok,0,0,0.4,37.4
mpd,0.0,2,qpsk-r1/3,w,9,1,0,data,ok,8,8,1.0,37.4
mpd,0.0,2,ack-4f,w,2,2,0,ctl,ok,0,0,4.7,37.4
mpd,0.0,2,qpsk-r1/3,w,9,1,0,data,ok,8,8,2.4,37.4
mpd,0.0,2,ack-4f,w,3,3,0,ctl,ok,0,0,1.7,37.4
mpd,0.0,2,qpsk-r1/3,w,9,2,1,data,ok,7,7,3.5,37.4
mpd,0.0,2,ack-4f,w,2,2,0,ctl,ok,0,0,2.0,37.4
mpd,0.0,2,qpsk-r1/3,w,9,1,0,data,ok,8,8,3.2,37.4
mpd,0.0,2,ack-4f,w,2,2,0,ctl,ok,0,0,1.8,37.4
mpd,0.0,2,qpsk-r1/3,w,9,1,0,data,ctl_lost,8,0,2.1,37.4
mpd,0.0,2,ack-4f,w,2,2,0,ctl,ok,0,0,0.8,37.4
mpd,0.0,2,ack-4f,w,3,3,0,ctl,ok,0,0,2.0,37.4
mpd,0.0,2,qpsk-r1/3,w,9,2,1,data,ok,7,0,0.5,37.4
mpd,0.0,2,ack-4f,w,3,3,0,ctl,ok,0,0,4.2,37.4
mpd,0.0,2,qpsk-r1/3,w,9,2,1,data,ok,1,1,1.5,37.4
mpd,0.0,2,ack-4f,w,3,3,0,ctl,ok,0,0,3.0,37.4
mpd,0.0,2,qpsk-r1/3,w,9,2,1,data,ok,7,7,3.0,37.4
mpd,0.0,2,ack-4f,w,3,3,0,ctl,ok,0,0,1.5,37.4
mpd,0.0,2,qpsk-r1/3,w,9,2,1,data,ok,7,7,2.8,37.4
mpd,0.0,2,ack-4f,w,2,2,0,ctl,ok,0,0,4.5,37.4
mpd,0.0,2,qpsk-r1/3,w,9,1,0,data,ok,8,8,1.9,37.4
mpd,0.0,2,ack-4f,w,2,2,0,ctl,ok,0,0,5.5,37.4
mpd,0.0,2,qpsk-r1/3,w,9,1,0,data,ok,8,8,2.1,37.4
mpd,0.0,2,ack-1f,w,2,2,0,ctl,ok,0,0,5.2,37.4
mpd,0.0,2,qpsk-r1/3,w,9,1,0,data,ok,8,8,1.6,37.4
mpd,0.0,2,ack-1f,w,2,2,0,ctl,ok,0,0,4.4,37.4
mpd,0.0,2,qpsk-r1/3,w,9,1,0,data,ok,8,8,4.0,37.4
mpd,0.0,2,ack-1f,w,2,2,0,ctl,ok,0,0,1.2,37.4
mpd,0.0,2,qpsk-r1/3,w,9,1,0,data,ok,8,8,1.7,37.4
mpd,0.0,2,ack-1f,w,2,2,0,ctl,ok,0,0,1.0,37.4
mpd,0.0,2,qpsk-r1/3,w,9,1,0,data,ok,8,8,1.2,37.4
mpd,0.0,2,ack-4f,w,2,2,0,ctl,ok,0,0,0.7,37.4
mpd,0.0,2,qpsk-r1/3,w,9,1,0,data,ok,8,8,4.1,37.4
mpd,0.0,2,ack-4f,w,2,2,0,ctl,ok,0,0,2.1,37.4
mpd,0.0,2,qpsk-r1/3,w,9,1,0,data,ok,8,8,2.9,37.4
mpd,0.0,2,ack-4f,w,2,2,0,ctl,ok,0,0,1.8,37.4
mpd,0.0,2,qpsk-r1/3,w,9,1,0,data,ok,8,8,1.4,37.4
mpd,0.0,2,ack-4f,w,2,2,0,ctl,ok,0,0,3.4,37.4
mpd,0.0,2,qpsk-r1/3,w,9,1,0,data,ok,8,8,2.0,37.4
mpd,0.0,2,ack-4f,w,2,2,0,ctl,ok,0,0,2.7,37.4
mpd,0.0,2,qpsk-r1/3,w,9,1,0,data,ok,8,8,4.0,37.4
mpd,0.0,2,ack-1f,w,2,2,0,ctl,ok,0,0,3.1,37.4
mpd,0.0,2,qpsk-r1/3,w,9,1,0,data,ok,8,8,2.9,37.4
mpd,0.0,2,ack-4f,w,2,2,0,ctl,ok,0,0,4.5,37.4
mpd,0.0,2,qpsk-r1/3,w,9,1,0,data,ok,8,8,2.4,37.4
mpd,0.0,2,ack-1f,w,2,2,0,ctl,ok,0,0,1.8,37.4
mpd,0.0,2,qpsk-r1/3,w,9,1,0,data,ok,8,8,1.6,37.4
mpd,0.0,2,ack-1f,w,2,2,0,ctl,ok,0,0,2.3,37.4
mpd,0.0,2,qpsk-r1/3,w,9,1,0,data,ok,8,8,1.2,37.4
mpd,0.0,2,ack-4f,w,2,2,0,ctl,ok,0,0,1.3,37.4
mpd,0.0,2,qpsk-r1/3,w,9,1,0,data,ok,8,8,3.0,37.4
mpd,0.0,2,ack-4f,w,2,2,0,ctl,ok,0,0,2.3,37.4
mpd,0.0,2,qpsk-r1/3,w,9,1,0,data,ctl_lost,8,0,1.6,37.4
mpd,0.0,2,ack-4f,w,2,2,0,ctl,ok,0,0,1.7,37.4
mpd,0.0,2,ack-4f,w,3,3,0,ctl,ok,0,0,3.6,37.4
mpd,0.0,2,qpsk-r1/3,w,9,2,1,data,ok,7,7,4.0,37.4
mpd,-4.0,8,qpsk-r1/5,w,1,1,0,ctl,ok,0,0,-2.4,17.0
mpd,-4.0,8,qpsk-r1/5,w,1,1,0,ctl,ok,0,0,0.7,17.0
mpd,-4.0,8,ack-4f,w,3,3,0,ctl,ok,0,0,-1.7,17.0
mpd,-4.0,8,ack-4f,w,3,3,0,ctl,ok,0,0,-0.3,17.0
mpd,-4.0,8,qpsk-r1/5,w,9,2,1,data,ok,7,7,-1.8,17.0
mpd,-4.0,8,ack-4f,w,3,3,0,ctl,ok,0,0,-0.9,17.0
mpd,-4.0,8,qpsk-r1/5,w,9,2,1,data,ok,7,7,-1.6,17.0
mpd,-4.0,8,ack-4f,w,3,3,0,ctl,ok,0,0,1.3,17.0
mpd,-4.0,8,qpsk-r1/5,w,9,2,1,data,ok,7,7,-1.8,17.0
mpd,-4.0,8,ack-4f,w,3,3,0,ctl,ok,0,0,-1.0,17.0
mpd,-4.0,8,qpsk-r1/5,w,9,2,1,data,ok,7,1,-2.0,17.0
mpd,-4.0,8,ack-4f,w,3,3,0,ctl,ok,0,0,-1.4,17.0
mpd,-4.0,8,qpsk-r1/5,w,9,2,1,data,ok,1,0,-1.3,17.0
mpd,-4.0,8,ack-4f,w,2,2,0,ctl,ok,0,0,-1.6,17.0
mpd,-4.0,8,qpsk-r1/5,w,9,1,0,data,ok,8,8,-1.4,17.0
mpd,-4.0,8,ack-4f,w,2,2,0,ctl,ok,0,0,-0.6,17.0
mpd,-4.0,8,qpsk-r1/5,w,9,1,0,data,ok,8,8,-1.1,17.0
mpd,-4.0,8,ack-4f,w,2,2,0,ctl,ctl_lost,0,0,-9.5,17.0
mpd,-4.0,8,ack-4f,w,3,3,0,ctl,ok,0,0,-0.3,17.0
mpd,-4.0,8,ack-4f,w,2,2,0,ctl,ok,0,0,-1.3,17.0
mpd,-4.0,8,qpsk-r1/5,w,9,1,0,data,ok,8,6,-1.7,17.0
mpd,-4.0,8,n4-ack-8f,n4,3,3,0,ctl,ok,0,0,-6.4,17.0
mpd,-4.0,8,qpsk-r1/5,w,9,1,0,data,ctl_lost,6,2,-0.9,17.0
mpd,-4.0,8,ack-4f,w,3,3,0,ctl,ok,0,0,-1.1,17.0
mpd,-4.0,8,ack-4f,w,3,3,0,ctl,ok,0,0,-1.6,17.0
mpd,-4.0,8,qpsk-r1/5,w,9,2,1,data,ok,5,5,-0.7,17.0
mpd,-4.0,8,n10-ack-4f,n10,3,3,,ctl,missed,0,0,,17.0
mpd,-4.0,8,ack-4f,w,3,3,0,ctl,ok,0,0,-1.7,17.0
mpd,-4.0,8,ack-4f,w,3,3,0,ctl,ok,0,0,0.4,17.0
mpd,-4.0,8,qpsk-r1/5,w,9,2,1,data,ok,7,7,-0.5,17.0
mpd,-4.0,8,n10-ack-4f,n10,3,3,0,ctl,ok,0,0,-0.9,17.0
mpd,-4.0,8,qpsk-r1/5,w,9,2,1,data,ok,7,7,0.2,17.0
mpd,-4.0,8,ack-4f,w,2,2,0,ctl,ok,0,0,-1.5,17.0
mpd,-4.0,8,qpsk-r1/5,w,9,1,0,data,ctl_lost,8,0,-2.1,17.0
mpd,-4.0,8,ack-4f,w,3,3,0,ctl,ok,0,0,-4.5,17.0
mpd,-4.0,8,ack-4f,w,3,3,0,ctl,ok,0,0,-0.5,17.0
mpd,-4.0,8,qpsk-r1/5,w,9,2,1,data,ok,7,7,-1.3,17.0
mpd,-4.0,8,n10-ack-4f,n10,3,3,,ctl,missed,0,0,,17.0
mpd,-4.0,8,ack-4f,w,3,3,0,ctl,ok,0,0,-2.0,17.0
mpd,-4.0,8,ack-4f,w,3,3,0,ctl,ok,0,0,1.4,17.0
mpd,-4.0,8,qpsk-r1/5,w,9,2,1,data,ok,7,7,-1.7,17.0
mpd,-4.0,8,ack-4f,w,3,3,0,ctl,ok,0,0,-4.7,17.0
mpd,-4.0,8,qpsk-r1/5,w,9,2,1,data,ok,7,7,-0.2,17.0
mpd,-4.0,8,n10-ack-4f,n10,2,2,0,ctl,ok,0,0,-3.5,17.0
mpd,-4.0,8,qpsk-r1/5,w,9,1,0,data,ok,8,8,-2.5,17.0
mpd,-4.0,8,ack-4f,w,3,3,0,ctl,ok,0,0,-1.4,17.0
mpd,-4.0,8,qpsk-r1/5,w,9,2,1,data,ok,7,7,-1.1,17.0
mpd,-4.0,8,n10-ack-4f,n10,3,3,,ctl,missed,0,0,,17.0
mpd,-4.0,8,ack-4f,w,3,3,0,ctl,ok,0,0,-1.3,17.0
mpd,-4.0,8,ack-4f,w,2,2,0,ctl,ok,0,0,-4.0,17.0
mpd,-4.0,8,qpsk-r1/5,w,9,1,0,data,ok,8,8,-0.5,17.0
mpd,-4.0,8,n10-ack-4f,n10,2,2,0,ctl,ok,0,0,-0.4,17.0
mpd,-4.0,8,qpsk-r1/5,w,9,1,0,data,ctl_lost,8,0,-1.4,17.0
mpd,-4.0,8,ack-4f,w,3,3,0,ctl,ok,0,0,3.3,17.0
mpd,-4.0,8,ack-4f,w,2,2,0,ctl,ok,0,0,-2.2,17.0
mpd,-4.0,8,qpsk-r1/5,w,9,1,0,data,ok,8,8,-0.9,17.0
mpd,-4.0,8,n10-ack-4f,n10,2,2,0,ctl,ok,0,0,-0.6,17.0
mpd,-4.0,8,qpsk-r1/5,w,9,1,0,data,ok,8,8,-1.0,17.0
mpd,-4.0,8,ack-4f,w,3,3,,ctl,missed,0,0,,17.0
mpd,-4.0,8,ack-4f,w,3,3,0,ctl,ok,0,0,0.3,17.0
mpd,-4.0,8,ack-4f,w,2,2,0,ctl,ok,0,0,-3.4,17.0
mpd,-4.0,8,qpsk-r1/5,w,9,1,0,data,ok,8,8,-0.6,17.0
mpd,-4.0,8,n10-ack-4f,n10,2,2,0,ctl,ok,0,0,-0.5,17.0
mpd,-4.0,8,qpsk-r1/5,w,9,1,0,data,ok,8,8,-1.6,17.0
mpd,-4.0,8,ack-4f,w,3,3,0,ctl,ok,0,0,-2.0,17.0
mpd,-4.0,8,qpsk-r1/5,w,9,2,1,data,ok,7,7,-0.8,17.0
mpd,-4.0,8,n10-ack-4f,n10,3,3,,ctl,missed,0,0,,17.0
mpd,-4.0,8,ack-4f,w,3,3,0,ctl,ok,0,0,0.6,17.0
mpd,-4.0,8,ack-4f,w,2,2,0,ctl,ok,0,0,-1.3,17.0
mpd,-4.0,8,qpsk-r1/5,w,9,1,0,data,ctl_lost,8,0,-1.0,17.0
mpd,-4.0,8,ack-4f,w,3,3,0,ctl,ok,0,0,-0.6,17.0
mpd,-4.0,8,ack-4f,w,3,3,0,ctl,ok,0,0,-1.3,17.0
mpd,-4.0,8,qpsk-r1/5,w,9,2,1,data,ok,7,6,-1.0,17.0
mpd,-4.0,8,n10-ack-4f,n10,3,3,0,ctl,ok,0,0,0.5,17.0
mpd,-4.0,8,qpsk-r1/5,w,9,2,1,data,ok,6,6,-1.6,17.0
mpd,-4.0,8,ack-4f,w,3,3,0,ctl,ok,0,0,-1.3,17.0
mpd,-4.0,8,qpsk-r1/5,w,9,2,1,data,ok,7,7,-2.0,17.0
mpd,-4.0,8,ack-4f,w,3,3,0,ctl,ok,0,0,0.9,17.0
mpd,-4.0,8,qpsk-r1/5,w,9,2,1,data,ok,7,0,-3.0,17.0
mpd,-4.0,8,ack-4f,w,3,3,0,ctl,ok,0,0,-2.1,17.0
mpd,-4.0,8,qpsk-r1/5,w,9,2,1,data,ok,0,0,-2.6,17.0
mpd,-4.0,8,n10-ack-4f,n10,3,3,0,ctl,ok,0,0,-2.6,17.0
mpd,-4.0,8,qpsk-r1/5,w,9,2,1,data,ok,7,7,-0.9,17.0
mpd,-4.0,8,ack-4f,w,3,3,0,ctl,ok,0,0,1.7,17.0
mpd,-4.0,8,qpsk-r1/5,w,9,2,1,data,ok,7,7,0.1,17.0
mpd,-4.0,8,ack-4f,w,2,2,0,ctl,ok,0,0,-0.9,17.0
mpd,-4.0,8,qpsk-r1/5,w,9,1,0,data,ok,8,8,-1.6,17.0
mpd,-4.0,8,ack-4f,w,2,2,0,ctl,ok,0,0,-4.1,17.0
mpd,-4.0,8,qpsk-r1/5,w,9,1,0,data,ok,8,8,-1.0,17.0
mpd,-4.0,8,n10-ack-4f,n10,2,2,0,ctl,ok,0,0,0.2,17.0
mpd,-4.0,8,qpsk-r1/5,w,9,1,0,data,ok,8,8,-0.4,17.0
mpd,-4.0,8,ack-4f,w,2,2,0,ctl,ok,0,0,-3.1,17.0
mpd,-4.0,8,qpsk-r1/5,w,9,1,,data,missed,0,0,,17.0
mpd,-4.0,8,ack-4f,w,3,3,0,ctl,ok,0,0,-1.5,17.0
mpd,-4.0,8,ack-4f,w,2,2,0,ctl,ok,0,0,-0.9,17.0
mpd,-4.0,8,qpsk-r1/5,w,9,1,0,data,ok,8,8,-1.1,17.0
mpd,-4.0,8,n10-ack-4f,n10,2,2,0,ctl,ok,0,0,-3.3,17.0
mpd,-4.0,8,qpsk-r1/5,w,9,1,0,data,ok,8,8,-0.9,17.0
mpd,-4.0,11,qpsk-r1/5,w,1,1,0,ctl,ok,0,0,-3.3,15.3
mpd,-4.0,11,qpsk-r1/5,w,1,1,0,ctl,ok,0,0,-1.0,15.3
mpd,-4.0,11,ack-4f,w,3,3,0,ctl,ok,0,0,0.3,15.3
mpd,-4.0,11,ack-4f,w,3,3,0,ctl,ok,0,0,-1.4,15.3
mpd,-4.0,11,qpsk-r1/5,w,9,2,1,data,ok,7,7,-1.6,15.3
mpd,-4.0,11,ack-4f,w,3,3,0,ctl,ok,0,0,-2.6,15.3
mpd,-4.0,11,qpsk-r1/5,w,9,2,1,data,ctl_lost,7,0,-4.2,15.3
mpd,-4.0,11,ack-4f,w,3,3,0,ctl,ok,0,0,-2.5,15.3
mpd,-4.0,11,ack-4f,w,3,3,0,ctl,ok,0,0,-1.1,15.3
mpd,-4.0,11,fsk32r62-r1/2,c32r62,10,2,1,data,ok,8,8,-1.7,15.3
mpd,-4.0,11,ack-4f,w,3,3,0,ctl,ok,0,0,-1.3,15.3
mpd,-4.0,11,qpsk-r1/5,w,9,2,1,data,ok,7,2,-1.7,15.3
mpd,-4.0,11,ack-4f,w,3,3,0,ctl,ok,0,0,-1.2,15.3
mpd,-4.0,11,qpsk-r1/5,w,9,2,1,data,ok,2,1,-1.9,15.3
mpd,-4.0,11,ack-4f,w,3,3,0,ctl,ok,0,0,0.5,15.3
mpd,-4.0,11,qpsk-r1/5,w,9,2,1,data,ok,7,7,-1.1,15.3
mpd,-4.0,11,ack-4f,w,3,3,0,ctl,ok,0,0,-2.4,15.3
mpd,-4.0,11,qpsk-r1/5,w,9,2,1,data,ok,7,7,-0.6,15.3
mpd,-4.0,11,ack-4f,w,3,3,0,ctl,ok,0,0,-1.8,15.3
mpd,-4.0,11,qpsk-r1/5,w,9,2,1,data,ok,7,6,-1.1,15.3
mpd,-4.0,11,ack-4f,w,3,3,0,ctl,ok,0,0,0.0,15.3
mpd,-4.0,11,qpsk-r1/5,w,9,2,1,data,ok,6,2,-0.8,15.3
mpd,-4.0,11,ack-4f,w,2,2,0,ctl,ok,0,0,-2.0,15.3
mpd,-4.0,11,qpsk-r1/5,w,9,1,,data,missed,0,0,,15.3
mpd,-4.0,11,ack-4f,w,3,3,0,ctl,ok,0,0,-1.2,15.3
mpd,-4.0,11,ack-4f,w,3,3,0,ctl,ok,0,0,-1.4,15.3
mpd,-4.0,11,qpsk-r1/5,w,9,2,1,data,ok,7,2,-2.1,15.3
mpd,-4.0,11,ack-4f,w,3,3,0,ctl,ok,0,0,-0.5,15.3
mpd,-4.0,11,qpsk-r1/5,w,9,2,1,data,ok,3,0,-1.6,15.3
mpd,-4.0,11,ack-4f,w,3,3,,ctl,missed,0,0,,15.3
mpd,-4.0,11,ack-4f,w,3,3,0,ctl,ok,0,0,-3.1,15.3
mpd,-4.0,11,ack-4f,w,3,3,0,ctl,ok,0,0,0.7,15.3
mpd,-4.0,11,qpsk-r1/5,w,9,2,1,data,ok,7,7,-0.9,15.3
mpd,-4.0,11,ack-4f,w,3,3,0,ctl,ok,0,0,-3.2,15.3
mpd,-4.0,11,qpsk-r1/5,w,9,2,1,data,ok,7,7,-0.7,15.3
mpd,-4.0,11,ack-4f,w,2,2,0,ctl,ok,0,0,-1.6,15.3
mpd,-4.0,11,qpsk-r1/5,w,9,1,0,data,ctl_lost,8,3,-1.8,15.3
mpd,-4.0,11,ack-4f,w,3,3,0,ctl,ok,0,0,-1.6,15.3
mpd,-4.0,11,ack-4f,w,3,3,0,ctl,ok,0,0,-3.5,15.3
mpd,-4.0,11,qpsk-r1/5,w,9,2,1,data,ok,7,7,-1.7,15.3
mpd,-4.0,11,ack-4f,w,3,3,0,ctl,ctl_lost,0,0,-4.6,15.3
mpd,-4.0,11,ack-4f,w,3,3,0,ctl,ok,0,0,-1.9,15.3
mpd,-4.0,11,ack-4f,w,3,3,0,ctl,ok,0,0,-5.5,15.3
mpd,-4.0,11,qpsk-r1/5,w,9,2,1,data,ok,7,7,-1.9,15.3
mpd,-4.0,11,n4-ack-8f,n4,3,3,,ctl,missed,0,0,,15.3
mpd,-4.0,11,ack-4f,w,3,3,,ctl,missed,0,0,,15.3
mpd,-4.0,11,ack-4f,w,3,3,0,ctl,ok,0,0,-2.2,15.3
mpd,-4.0,11,ack-4f,w,3,3,0,ctl,ok,0,0,-3.6,15.3
mpd,-4.0,11,qpsk-r1/5,w,9,2,1,data,ok,7,1,-2.0,15.3
mpd,-4.0,11,n4-ack-8f,n4,3,3,0,ctl,ok,0,0,-3.8,15.3
mpd,-4.0,11,qpsk-r1/5,w,9,2,1,data,ok,2,2,-0.9,15.3
mpd,-4.0,11,ack-4f,w,2,2,0,ctl,ok,0,0,-1.7,15.3
mpd,-4.0,11,qpsk-r1/5,w,9,1,,data,missed,0,0,,15.3
mpd,-4.0,11,ack-4f,w,3,3,0,ctl,ok,0,0,-0.7,15.3
mpd,-4.0,11,ack-4f,w,2,2,0,ctl,ok,0,0,-2.4,15.3
mpd,-4.0,11,qpsk-r1/5,w,9,1,0,data,ctl_lost,8,5,-1.6,15.3
mpd,-4.0,11,ack-4f,w,3,3,0,ctl,ok,0,0,0.2,15.3
mpd,-4.0,11,ack-4f,w,3,3,0,ctl,ok,0,0,-2.5,15.3
mpd,-4.0,11,qpsk-r1/5,w,9,2,1,data,ok,7,7,-2.2,15.3
mpd,-4.0,11,ack-4f,w,3,3,0,ctl,ok,0,0,-0.3,15.3
mpd,-4.0,11,qpsk-r1/5,w,9,2,1,data,ok,7,0,-2.7,15.3
mpd,-4.0,11,ack-4f,w,3,3,0,ctl,ok,0,0,-0.4,15.3
mpd,-4.0,11,qpsk-r1/5,w,9,2,1,data,ok,0,0,-1.5,15.3
mpd,-4.0,11,ack-4f,w,3,3,0,ctl,ok,0,0,-2.7,15.3
mpd,-4.0,11,qpsk-r1/5,w,9,2,1,data,ok,7,7,-2.6,15.3
mpd,-4.0,11,ack-4f,w,3,3,0,ctl,ok,0,0,-3.2,15.3
mpd,-4.0,11,qpsk-r1/5,w,9,2,1,data,ok,7,7,-1.7,15.3
mpd,-4.0,11,ack-4f,w,3,3,,ctl,missed,0,0,,15.3
mpd,-4.0,11,ack-4f,w,3,3,0,ctl,ok,0,0,-3.1,15.3
mpd,-4.0,11,ack-4f,w,3,3,0,ctl,ok,0,0,-3.6,15.3
mpd,-4.0,11,qpsk-r1/5,w,9,2,1,data,ok,7,7,-0.9,15.3
mpd,-4.0,11,ack-4f,w,3,3,0,ctl,ok,0,0,0.6,15.3
mpd,-4.0,11,qpsk-r1/5,w,9,2,1,data,ok,7,7,-1.1,15.3
mpd,-4.0,11,ack-4f,w,2,2,0,ctl,ok,0,0,-1.2,15.3
mpd,-4.0,11,qpsk-r1/5,w,9,1,0,data,ok,8,8,-2.0,15.3
mpd,-4.0,11,ack-4f,w,2,2,0,ctl,ok,0,0,-0.9,15.3
mpd,-4.0,11,qpsk-r1/5,w,9,1,0,data,ok,8,8,-0.4,15.3
mpd,-4.0,11,ack-4f,w,2,2,0,ctl,ok,0,0,-0.9,15.3
mpd,-4.0,11,qpsk-r1/5,w,9,1,0,data,ok,8,8,-0.9,15.3
mpd,-4.0,11,ack-4f,w,2,2,0,ctl,ok,0,0,-1.5,15.3
mpd,-4.0,11,qpsk-r1/5,w,9,1,0,data,ok,8,8,-1.7,15.3
mpd,-4.0,11,ack-4f,w,2,2,0,ctl,ok,0,0,-0.9,15.3
mpd,-4.0,11,qpsk-r1/5,w,9,1,0,data,ctl_lost,8,0,-2.4,15.3
mpd,-4.0,11,ack-4f,w,3,3,0,ctl,ok,0,0,-1.2,15.3
mpd,-4.0,11,ack-4f,w,3,3,0,ctl,ok,0,0,-4.6,15.3
mpd,-4.0,11,qpsk-r1/5,w,9,2,1,data,ok,7,7,0.8,15.3
mpd,-4.0,11,ack-4f,w,2,2,0,ctl,ok,0,0,-1.2,15.3
mpd,-4.0,11,qpsk-r1/5,w,9,1,0,data,ok,8,8,-1.6,15.3
mpd,-4.0,11,ack-4f,w,2,2,0,ctl,ok,0,0,-2.0,15.3
mpd,-4.0,11,qpsk-r1/5,w,9,1,0,data,ok,8,8,-0.2,15.3
mpd,-4.0,11,ack-4f,w,2,2,0,ctl,ok,0,0,0.4,15.3
mpd,-4.0,11,qpsk-r1/5,w,9,1,0,data,ok,8,8,-2.0,15.3
mpd,-4.0,11,ack-4f,w,2,2,0,ctl,ok,0,0,1.3,15.3
mpd,-4.0,9,qpsk-r1/5,w,1,1,0,ctl,ctl_lost,0,0,-4.1,17.4
mpd,-4.0,9,n4-qpsk-r1/3,n4,1,1,0,ctl,ok,0,0,-6.8,17.4
mpd,-4.0,9,n4-qpsk-r1/3,n4,1,1,,ctl,missed,0,0,,17.4
mpd,-4.0,9,n4-qpsk-r1/3,n4,1,1,,ctl,missed,0,0,,17.4
mpd,-4.0,9,n4-qpsk-r1/3,n4,1,1,0,ctl,ok,0,0,-4.5,17.4
mpd,-4.0,9,n4-qpsk-r1/3,n4,1,1,0,ctl,ok,0,0,-4.2,17.4
mpd,-4.0,9,ack-4f,w,3,3,0,ctl,ok,0,0,-2.4,17.4
mpd,-4.0,9,ack-4f,w,3,3,0,ctl,ok,0,0,-2.5,17.4
mpd,-4.0,9,fsk32r62-r1/2,c32r62,10,2,1,data,ok,8,8,-1.6,17.4
mpd,-4.0,9,n10-ack-4f,n10,3,3,0,ctl,ok,0,0,-1.6,17.4
mpd,-4.0,9,qpsk-r1/5,w,9,2,1,data,ok,7,7,-0.9,17.4
mpd,-4.0,9,ack-4f,w,3,3,0,ctl,ok,0,0,-0.3,17.4
mpd,-4.0,9,qpsk-r1/5,w,9,2,1,data,ok,7,7,-2.0,17.4
mpd,-4.0,9,ack-4f,w,3,3,0,ctl,ok,0,0,-3.0,17.4
mpd,-4.0,9,qpsk-r1/5,w,9,2,1,data,ok,7,4,-1.2,17.4
mpd,-4.0,9,n10-ack-4f,n10,3,3,0,ctl,ok,0,0,-4.4,17.4
mpd,-4.0,9,qpsk-r1/5,w,9,2,1,data,ok,4,4,-1.7,17.4
mpd,-4.0,9,ack-4f,w,3,3,0,ctl,ok,0,0,-1.3,17.4
mpd,-4.0,9,qpsk-r1/5,w,9,2,1,data,ok,7,1,-1.5,17.4
mpd,-4.0,9,ack-4f,w,3,3,0,ctl,ok,0,0,-3.0,17.4
mpd,-4.0,9,qpsk-r1/5,w,9,2,1,data,ok,2,2,-1.3,17.4
mpd,-4.0,9,n10-ack-4f,n10,3,3,,ctl,missed,0,0,,17.4
mpd,-4.0,9,ack-4f,w,3,3,0,ctl,ok,0,0,-3.6,17.4
mpd,-4.0,9,ack-4f,w,3,3,0,ctl,ok,0,0,-0.5,17.4
mpd,-4.0,9,qpsk-r1/5,w,9,2,1,data,ok,7,0,-2.4,17.4
mpd,-4.0,9,n10-ack-4f,n10,3,3,0,ctl,ok,0,0,0.3,17.4
mpd,-4.0,9,qpsk-r1/5,w,9,2,1,data,ok,0,0,-2.4,17.4
mpd,-4.0,9,ack-4f,w,3,3,0,ctl,ok,0,0,0.3,17.4
mpd,-4.0,9,qpsk-r1/5,w,9,2,1,data,ok,7,7,-1.6,17.4
mpd,-4.0,9,ack-4f,w,2,2,0,ctl,ok,0,0,-0.6,17.4
mpd,-4.0,9,qpsk-r1/5,w,9,1,0,data,ok,8,8,-0.8,17.4
mpd,-4.0,9,ack-4f,w,2,2,0,ctl,ok,0,0,1.5,17.4
mpd,-4.0,9,qpsk-r1/5,w,9,1,0,data,ctl_lost,8,2,-2.2,17.4
mpd,-4.0,9,ack-4f,w,3,3,0,ctl,ok,0,0,-3.7,17.4
mpd,-4.0,9,ack-4f,w,3,3,0,ctl,ok,0,0,-0.5,17.4
mpd,-4.0,9,qpsk-r1/5,w,9,2,1,data,ok,7,0,-3.3,17.4
mpd,-4.0,9,ack-4f,w,3,3,0,ctl,ok,0,0,-2.4,17.4
mpd,-4.0,9,qpsk-r1/5,w,9,2,1,data,ok,0,0,-0.9,17.4
mpd,-4.0,9,ack-4f,w,3,3,0,ctl,ok,0,0,0.4,17.4
mpd,-4.0,9,qpsk-r1/5,w,9,2,1,data,ok,7,7,-1.4,17.4
mpd,-4.0,9,ack-4f,w,2,2,0,ctl,ok,0,0,1.1,17.4
mpd,-4.0,9,qpsk-r1/5,w,9,1,0,data,ok,8,8,-0.8,17.4
mpd,-4.0,9,ack-4f,w,2,2,0,ctl,ok,0,0,-1.6,17.4
mpd,-4.0,9,qpsk-r1/5,w,9,1,0,data,ok,8,8,-2.4,17.4
mpd,-4.0,9,ack-4f,w,2,2,0,ctl,ok,0,0,-1.8,17.4
mpd,-4.0,9,qpsk-r1/5,w,9,1,0,data,ok,8,8,-1.0,17.4
mpd,-4.0,9,ack-4f,w,2,2,0,ctl,ok,0,0,-0.1,17.4
mpd,-4.0,9,qpsk-r1/5,w,9,1,0,data,ok,8,8,-1.7,17.4
mpd,-4.0,9,ack-4f,w,2,2,0,ctl,ok,0,0,-1.3,17.4
mpd,-4.0,9,qpsk-r1/5,w,9,1,0,data,ok,8,8,-0.8,17.4
mpd,-4.0,9,ack-4f,w,2,2,0,ctl,ok,0,0,-1.8,17.4
mpd,-4.0,9,qpsk-r1/5,w,9,1,0,data,ok,8,8,-1.1,17.4
mpd,-4.0,9,ack-4f,w,2,2,0,ctl,ok,0,0,-0.0,17.4
mpd,-4.0,9,qpsk-r1/5,w,9,1,0,data,ok,8,8,-0.1,17.4
mpd,-4.0,9,ack-4f,w,2,2,0,ctl,ok,0,0,-1.8,17.4
mpd,-4.0,9,qpsk-r1/5,w,9,1,0,data,ok,8,8,-0.4,17.4
mpd,-4.0,9,ack-4f,w,2,2,0,ctl,ok,0,0,1.6,17.4
mpd,-4.0,9,qpsk-r1/5,w,9,1,0,data,ok,8,8,-0.6,17.4
mpd,-4.0,9,ack-4f,w,2,2,0,ctl,ok,0,0,-3.3,17.4
mpd,-4.0,9,qpsk-r1/5,w,9,1,0,data,ctl_lost,8,3,-1.3,17.4
mpd,-4.0,9,ack-4f,w,3,3,0,ctl,ok,0,0,-1.1,17.4
mpd,-4.0,9,ack-4f,w,3,3,0,ctl,ok,0,0,-1.5,17.4
mpd,-4.0,9,qpsk-r1/5,w,9,2,1,data,ok,7,7,-1.5,17.4
mpd,-4.0,9,ack-4f,w,3,3,0,ctl,ok,0,0,0.5,17.4
mpd,-4.0,9,qpsk-r1/5,w,9,2,1,data,ok,7,7,-1.4,17.4
mpd,-4.0,9,ack-4f,w,3,3,0,ctl,ok,0,0,2.0,17.4
mpd,-4.0,9,qpsk-r1/5,w,9,2,1,data,ok,7,7,-1.8,17.4
mpd,-4.0,9,ack-4f,w,3,3,0,ctl,ok,0,0,1.3,17.4
mpd,-4.0,9,qpsk-r1/5,w,9,2,1,data,ok,7,7,-0.9,17.4
mpd,-4.0,9,ack-4f,w,2,2,0,ctl,ok,0,0,-1.3,17.4
mpd,-4.0,9,qpsk-r1/5,w,9,1,0,data,ok,8,8,0.3,17.4
mpd,-4.0,9,ack-4f,w,2,2,0,ctl,ok,0,0,-2.0,17.4
mpd,-4.0,9,qpsk-r1/5,w,9,1,0,data,ctl_lost,8,0,-1.7,17.4
mpd,-4.0,9,ack-4f,w,3,3,0,ctl,ok,0,0,-1.4,17.4
mpd,-4.0,9,ack-4f,w,3,3,0,ctl,ok,0,0,-2.9,17.4
mpd,-4.0,9,qpsk-r1/5,w,9,2,1,data,ok,7,7,-2.1,17.4
mpd,-4.0,9,ack-4f,w,3,3,0,ctl,ok,0,0,-4.3,17.4
mpd,-4.0,9,qpsk-r1/5,w,9,2,1,data,ok,7,7,-0.9,17.4
mpd,-4.0,9,ack-4f,w,3,3,0,ctl,ok,0,0,0.1,17.4
mpd,-4.0,9,qpsk-r1/5,w,9,2,1,data,ok,7,5,-2.2,17.4
mpd,-4.0,9,ack-4f,w,3,3,0,ctl,ok,0,0,-1.4,17.4
mpd,-4.0,9,qpsk-r1/5,w,9,2,1,data,ok,5,5,-0.8,17.4
mpd,-4.0,9,ack-4f,w,3,3,0,ctl,ok,0,0,0.0,17.4
mpd,-4.0,9,qpsk-r1/5,w,9,2,1,data,ok,7,7,-0.1,17.4
mpd,-4.0,9,ack-4f,w,2,2,0,ctl,ok,0,0,-1.1,17.4
mpd,-4.0,9,qpsk-r1/5,w,9,1,0,data,ok,8,8,-2.4,17.4
mpd,-4.0,9,ack-4f,w,2,2,0,ctl,ok,0,0,0.1,17.4
mpd,-4.0,9,qpsk-r1/5,w,9,1,0,data,ok,8,8,-1.3,17.4
mpd,0.0,3,qpsk-r1/5,w,1,1,0,ctl,ok,0,0,3.6,32.3
mpd,0.0,3,qpsk-r1/5,w,1,1,0,ctl,ok,0,0,2.1,32.3
mpd,0.0,3,ack-4f,w,3,3,0,ctl,ok,0,0,1.7,32.3
mpd,0.0,3,ack-4f,w,3,3,0,ctl,ok,0,0,2.1,32.3
mpd,0.0,3,qpsk-r1/3,w,9,2,1,data,ok,7,7,2.1,32.3
mpd,0.0,3,ack-4f,w,3,3,0,ctl,ok,0,0,1.0,32.3
mpd,0.0,3,qpsk-r1/3,w,9,2,1,data,ok,7,2,0.8,32.3
mpd,0.0,3,ack-4f,w,3,3,0,ctl,ok,0,0,1.5,32.3
mpd,0.0,3,qpsk-r1/3,w,9,2,1,data,ok,5,5,3.9,32.3
mpd,0.0,3,ack-4f,w,3,3,0,ctl,ok,0,0,4.0,32.3
mpd,0.0,3,qpsk-r1/3,w,9,2,1,data,ok,7,7,3.5,32.3
mpd,0.0,3,ack-4f,w,2,2,0,ctl,ok,0,0,1.4,32.3
mpd,0.0,3,qpsk-r1/3,w,9,1,0,data,ok,8,8,3.2,32.3
mpd,0.0,3,ack-4f,w,2,2,0,ctl,ok,0,0,3.3,32.3
mpd,0.0,3,qpsk-r1/3,w,9,1,0,data,ok,8,8,3.2,32.3
mpd,0.0,3,ack-4f,w,2,2,0,ctl,ok,0,0,2.2,32.3
mpd,0.0,3,qpsk-r1/3,w,9,1,0,data,ok,8,8,3.8,32.3
mpd,0.0,3,ack-1f,w,2,2,0,ctl,ok,0,0,3.2,32.3
mpd,0.0,3,qpsk-r1/3,w,9,1,0,data,ok,8,8,2.9,32.3
mpd,0.0,3,ack-1f,w,2,2,0,ctl,ctl_lost,0,0,-1.2,32.3
mpd,0.0,3,ack-4f,w,3,3,0,ctl,ok,0,0,0.4,32.3
mpd,0.0,3,ack-4f,w,3,3,0,ctl,ok,0,0,2.0,32.3
mpd,0.0,3,qpsk-r1/3,w,9,2,1,data,ok,7,7,3.2,32.3
mpd,0.0,3,ack-4f,w,2,2,0,ctl,ok,0,0,3.0,32.3
mpd,0.0,3,qpsk-r1/3,w,9,1,0,data,ok,8,8,3.3,32.3
mpd,0.0,3,ack-4f,w,2,2,0,ctl,ok,0,0,2.1,32.3
mpd,0.0,3,qpsk-r1/3,w,9,1,0,data,ok,8,8,3.6,32.3
mpd,0.0,3,ack-4f,w,2,2,0,ctl,ok,0,0,-3.2,32.3
mpd,0.0,3,qpsk-r1/3,w,9,1,0,data,ok,8,8,0.9,32.3
mpd,0.0,3,ack-4f,w,2,2,0,ctl,ok,0,0,4.1,32.3
mpd,0.0,3,qpsk-r1/3,w,9,1,0,data,ok,8,8,1.4,32.3
mpd,0.0,3,ack-4f,w,3,3,0,ctl,ok,0,0,-0.5,32.3
mpd,0.0,3,qpsk-r1/3,w,9,2,1,data,ok,7,7,1.0,32.3
mpd,0.0,3,ack-4f,w,3,3,0,ctl,ok,0,0,5.5,32.3
mpd,0.0,3,qpsk-r1/3,w,9,2,1,data,ok,7,7,3.0,32.3
mpd,0.0,3,ack-4f,w,2,2,0,ctl,ok,0,0,2.6,32.3
mpd,0.0,3,qpsk-r1/3,w,9,1,0,data,ok,8,8,3.1,32.3
mpd,0.0,3,ack-4f,w,2,2,0,ctl,ok,0,0,3.5,32.3
mpd,0.0,3,qpsk-r1/3,w,9,1,0,data,ok,8,8,3.8,32.3
mpd,0.0,3,ack-4f,w,2,2,0,ctl,ok,0,0,2.2,32.3
mpd,0.0,3,qpsk-r1/3,w,9,1,0,data,ok,8,8,1.4,32.3
mpd,0.0,3,ack-4f,w,2,2,0,ctl,ok,0,0,2.1,32.3
mpd,0.0,3,qpsk-r1/3,w,9,1,0,data,ok,8,8,4.5,32.3
mpd,0.0,3,ack-4f,w,2,2,0,ctl,ok,0,0,2.4,32.3
mpd,0.0,3,qpsk-r1/3,w,9,1,0,data,ok,8,8,2.9,32.3
mpd,0.0,3,ack-4f,w,2,2,0,ctl,ok,0,0,3.2,32.3
mpd,0.0,3,qpsk-r1/3,w,9,1,0,data,ctl_lost,8,3,0.8,32.3
mpd,0.0,3,ack-4f,w,3,3,0,ctl,ok,0,0,3.2,32.3
mpd,0.0,3,ack-4f,w,3,3,0,ctl,ok,0,0,3.9,32.3
mpd,0.0,3,qpsk-r1/3,w,9,2,1,data,ok,7,7,3.7,32.3
mpd,0.0,3,ack-4f,w,2,2,0,ctl,ok,0,0,1.4,32.3
mpd,0.0,3,qpsk-r1/3,w,9,1,0,data,ok,8,8,1.1,32.3
mpd,0.0,3,ack-4f,w,2,2,0,ctl,ok,0,0,5.1,32.3
mpd,0.0,3,qpsk-r1/3,w,9,1,0,data,ok,8,8,2.4,32.3
mpd,0.0,3,ack-4f,w,3,3,0,ctl,ok,0,0,2.8,32.3
mpd,0.0,3,qpsk-r1/3,w,9,2,1,data,ok,7,7,2.1,32.3
mpd,0.0,3,ack-4f,w,2,2,0,ctl,ok,0,0,3.1,32.3
mpd,0.0,3,qpsk-r1/3,w,9,1,0,data,ok,8,8,4.3,32.3
mpd,0.0,3,ack-4f,w,2,2,0,ctl,ok,0,0,4.8,32.3
mpd,0.0,3,qpsk-r1/3,w,9,1,0,data,ctl_lost,8,8,1.5,32.3
mpd,0.0,3,ack-4f,w,3,3,0,ctl,ok,0,0,1.3,32.3
mpd,0.0,3,ack-4f,w,3,3,0,ctl,ok,0,0,0.3,32.3
mpd,0.0,3,qpsk-r1/3,w,9,2,1,data,ok,7,7,3.0,32.3
mpd,0.0,3,ack-4f,w,3,3,0,ctl,ok,0,0,3.9,32.3
mpd,0.0,3,qpsk-r1/3,w,9,2,1,data,ok,7,7,3.1,32.3
mpd,0.0,3,ack-4f,w,2,2,0,ctl,ok,0,0,1.1,32.3
mpd,0.0,3,qpsk-r1/3,w,9,1,0,data,ctl_lost,8,3,1.1,32.3
mpd,0.0,3,ack-4f,w,3,3,0,ctl,ok,0,0,4.8,32.3
mpd,0.0,3,ack-4f,w,3,3,0,ctl,ok,0,0,4.2,32.3
mpd,0.0,3,qpsk-r1/3,w,9,2,1,data,ok,7,4,0.8,32.3
mpd,0.0,3,ack-4f,w,3,3,0,ctl,ok,0,0,0.3,32.3
mpd,0.0,3,qpsk-r1/3,w,9,2,1,data,ok,6,6,3.1,32.3
mpd,0.0,3,ack-4f,w,3,3,0,ctl,ok,0,0,1.8,32.3
mpd,0.0,3,qpsk-r1/3,w,9,2,1,data,ok,7,0,1.2,32.3
mpd,0.0,3,ack-4f,w,3,3,0,ctl,ok,0,0,4.8,32.3
mpd,0.0,3,qpsk-r1/3,w,9,2,1,data,ok,1,0,1.1,32.3
mpd,0.0,3,ack-4f,w,3,3,0,ctl,ok,0,0,5.1,32.3
mpd,0.0,3,qpsk-r1/3,w,9,2,1,data,ok,7,0,1.4,32.3
mpd,0.0,3,ack-4f,w,3,3,0,ctl,ok,0,0,2.6,32.3
mpd,0.0,3,qpsk-r1/3,w,9,2,1,data,ok,0,0,3.8,32.3
mpd,0.0,3,ack-4f,w,3,3,0,ctl,ok,0,0,4.0,32.3
mpd,0.0,3,qpsk-r1/3,w,9,2,1,data,ok,7,7,3.1,32.3
mpd,0.0,3,ack-4f,w,2,2,0,ctl,ok,0,0,3.5,32.3
mpd,0.0,3,qpsk-r1/3,w,9,1,0,data,ok,8,8,4.1,32.3
mpd,0.0,3,ack-4f,w,2,2,0,ctl,ok,0,0,3.5,32.3
mpd,0.0,3,qpsk-r1/3,w,9,1,0,data,ok,8,8,2.2,32.3
mpd,0.0,3,ack-4f,w,2,2,0,ctl,ok,0,0,0.4,32.3
mpd,0.0,3,qpsk-r1/3,w,9,1,0,data,ctl_lost,8,0,0.4,32.3
mpd,0.0,3,ack-4f,w,2,2,0,ctl,ok,0,0,-2.5,32.3
mpd,0.0,3,ack-4f,w,3,3,0,ctl,ok,0,0,5.0,32.3
mpd,0.0,3,qpsk-r1/5,w,9,2,1,data,ok,7,7,1.5,32.3
mpd,0.0,3,ack-4f,w,3,3,0,ctl,ok,0,0,3.2,32.3
mpd,0.0,3,qpsk-r1/5,w,9,2,1,data,ok,7,7,2.6,32.3
mpd,0.0,1,qpsk-r1/5,w,1,1,0,ctl,ok,0,0,2.4,29.3
mpd,0.0,1,qpsk-r1/5,w,1,1,0,ctl,ok,0,0,1.4,29.3
mpd,0.0,1,ack-4f,w,3,3,0,ctl,ok,0,0,4.5,29.3
mpd,0.0,1,ack-4f,w,3,3,0,ctl,ok,0,0,1.4,29.3
mpd,0.0,1,qpsk-r1/2,w,9,2,1,data,ok,7,7,3.1,29.3
mpd,0.0,1,ack-4f,w,3,3,0,ctl,ok,0,0,4.8,29.3
mpd,0.0,1,qpsk-r1/2,w,9,2,1,data,ok,7,1,3.8,29.3
mpd,0.0,1,ack-1f,w,3,3,0,ctl,ok,0,0,8.1,29.3
mpd,0.0,1,qpsk-r1/2,w,9,2,1,data,ok,4,0,2.4,29.3
mpd,0.0,1,ack-1f,w,3,3,0,ctl,ok,0,0,4.1,29.3
mpd,0.0,1,qpsk-r1/2,w,9,2,1,data,ok,7,0,2.5,29.3
mpd,0.0,1,ack-1f,w,3,3,0,ctl,ok,0,0,-0.3,29.3
mpd,0.0,1,qpsk-r1/2,w,9,2,1,data,ok,0,0,1.7,29.3
mpd,0.0,1,ack-1f,w,3,3,0,ctl,ok,0,0,1.9,29.3
mpd,0.0,1,qpsk-r1/2,w,9,2,1,data,ok,7,7,4.0,29.3
mpd,0.0,1,ack-4f,w,3,3,0,ctl,ok,0,0,3.1,29.3
mpd,0.0,1,qpsk-r1/2,w,9,2,1,data,ok,7,0,2.4,29.3
mpd,0.0,1,ack-1f,w,3,3,0,ctl,ok,0,0,-0.5,29.3
mpd,0.0,1,qpsk-r1/2,w,9,2,1,data,ok,0,0,3.3,29.3
mpd,0.0,1,ack-4f,w,3,3,0,ctl,ok,0,0,3.7,29.3
mpd,0.0,1,qpsk-r1/2,w,9,2,1,data,ok,7,7,3.3,29.3
mpd,0.0,1,ack-1f,w,2,2,0,ctl,ok,0,0,0.6,29.3
mpd,0.0,1,qpsk-r1/2,w,9,1,0,data,ctl_lost,8,0,2.5,29.3
mpd,0.0,1,ack-4f,w,3,3,0,ctl,ok,0,0,2.0,29.3
mpd,0.0,1,ack-4f,w,3,3,0,ctl,ok,0,0,5.3,29.3
mpd,0.0,1,qpsk-r1/2,w,9,2,1,data,ok,7,0,0.3,29.3
mpd,0.0,1,ack-1f,w,3,3,0,ctl,ok,0,0,5.1,29.3
mpd,0.0,1,qpsk-r1/2,w,9,2,1,data,ok,0,0,3.9,29.3
mpd,0.0,1,ack-1f,w,3,3,0,ctl,ok,0,0,5.1,29.3
mpd,0.0,1,qpsk-r1/2,w,9,2,1,data,ok,7,0,1.2,29.3
mpd,0.0,1,ack-1f,w,3,3,0,ctl,ok,0,0,5.5,29.3
mpd,0.0,1,qpsk-r1/2,w,9,2,1,data,ok,0,0,2.0,29.3
mpd,0.0,1,ack-1f,w,3,3,0,ctl,ok,0,0,2.1,29.3
mpd,0.0,1,qpsk-r1/2,w,9,2,1,data,ok,7,0,1.5,29.3
mpd,0.0,1,ack-1f,w,3,3,0,ctl,ok,0,0,5.1,29.3
mpd,0.0,1,qpsk-r1/2,w,9,2,1,data,ok,0,0,3.0,29.3
mpd,0.0,1,ack-1f,w,3,3,0,ctl,ok,0,0,3.0,29.3
mpd,0.0,1,qpsk-r1/2,w,9,2,1,data,ok,7,7,3.6,29.3
mpd,0.0,1,ack-1f,w,2,2,0,ctl,ctl_lost,0,0,2.6,29.3
mpd,0.0,1,ack-4f,w,3,3,0,ctl,ok,0,0,4.1,29.3
mpd,0.0,1,ack-4f,w,2,2,0,ctl,ok,0,0,6.3,29.3
mpd,0.0,1,qpsk-r1/2,w,9,1,0,data,ctl_lost,8,0,2.3,29.3
mpd,0.0,1,ack-4f,w,3,3,0,ctl,ok,0,0,4.6,29.3
mpd,0.0,1,ack-4f,w,3,3,0,ctl,ok,0,0,3.6,29.3
mpd,0.0,1,qpsk-r1/2,w,9,2,1,data,ok,7,0,1.2,29.3
mpd,0.0,1,ack-1f,w,3,3,0,ctl,ok,0,0,0.1,29.3
mpd,0.0,1,qpsk-r1/2,w,9,2,1,data,ok,0,0,2.8,29.3
mpd,0.0,1,ack-4f,w,3,3,0,ctl,ok,0,0,3.3,29.3
mpd,0.0,1,qpsk-r1/2,w,9,2,1,data,ok,7,0,0.5,29.3
mpd,0.0,1,ack-4f,w,3,3,0,ctl,ok,0,0,2.7,29.3
mpd,0.0,1,qpsk-r1/2,w,9,2,1,data,ok,0,0,1.8,29.3
mpd,0.0,1,ack-4f,w,3,3,0,ctl,ok,0,0,2.4,29.3
mpd,0.0,1,qpsk-r1/2,w,9,2,1,data,ok,7,7,2.9,29.3
mpd,0.0,1,ack-4f,w,3,3,0,ctl,ok,0,0,1.1,29.3
mpd,0.0,1,qpsk-r1/2,w,9,2,1,data,ok,7,7,3.6,29.3
mpd,0.0,1,ack-4f,w,2,2,0,ctl,ok,0,0,6.7,29.3
mpd,0.0,1,qpsk-r1/2,w,9,1,0,data,ok,8,8,3.8,29.3
mpd,0.0,1,ack-1f,w,2,2,0,ctl,ok,0,0,0.4,29.3
mpd,0.0,1,qpsk-r1/2,w,9,1,0,data,ctl_lost,8,0,1.4,29.3
mpd,0.0,1,ack-4f,w,3,3,0,ctl,ok,0,0,4.4,29.3
mpd,0.0,1,ack-4f,w,3,3,0,ctl,ok,0,0,4.1,29.3
mpd,0.0,1,qpsk-r1/2,w,9,2,1,data,ok,7,0,1.5,29.3
mpd,0.0,1,ack-4f,w,3,3,0,ctl,ok,0,0,2.0,29.3
mpd,0.0,1,qpsk-r1/2,w,9,2,1,data,ok,0,0,4.0,29.3
mpd,0.0,1,ack-4f,w,3,3,0,ctl,ok,0,0,5.3,29.3
mpd,0.0,1,qpsk-r1/2,w,9,2,1,data,ok,7,0,1.6,29.3
mpd,0.0,1,ack-1f,w,2,2,0,ctl,ok,0,0,-3.1,29.3
mpd,0.0,1,qpsk-r1/2,w,9,1,0,data,ctl_lost,1,0,0.1,29.3
mpd,0.0,1,ack-4f,w,3,3,0,ctl,ok,0,0,5.2,29.3
mpd,0.0,1,ack-4f,w,3,3,0,ctl,ok,0,0,3.3,29.3
mpd,0.0,1,qpsk-r1/2,w,9,2,1,data,ok,0,0,1.9,29.3
mpd,0.0,1,ack-4f,w,2,2,0,ctl,ok,0,0,-0.0,29.3
mpd,0.0,1,qpsk-r1/2,w,9,1,0,data,ctl_lost,8,0,1.0,29.3
mpd,0.0,1,ack-4f,w,3,3,0,ctl,ok,0,0,1.5,29.3
mpd,0.0,1,ack-4f,w,3,3,0,ctl,ok,0,0,1.9,29.3
mpd,0.0,1,qpsk-r1/5,w,9,2,1,data,ok,7,7,1.2,29.3
mpd,0.0,1,ack-4f,w,3,3,0,ctl,ok,0,0,4.3,29.3
mpd,0.0,1,qpsk-r1/5,w,9,2,1,data,ok,7,7,3.1,29.3
mpd,0.0,1,ack-4f,w,2,2,0,ctl,ok,0,0,4.7,29.3
mpd,0.0,1,qpsk-r1/5,w,9,1,0,data,ok,8,8,3.5,29.3
mpd,0.0,1,ack-1f,w,3,3,0,ctl,ok,0,0,5.2,29.3
mpd,0.0,1,qpsk-r1/2,w,9,2,1,data,ok,7,0,2.6,29.3
mpd,0.0,1,ack-1f,w,3,3,0,ctl,ok,0,0,1.7,29.3
mpd,0.0,1,qpsk-r1/2,w,9,2,1,data,ok,0,0,2.3,29.3
mpd,0.0,1,ack-1f,w,3,3,0,ctl,ok,0,0,4.8,29.3
mpd,0.0,1,qpsk-r1/2,w,9,2,1,data,ok,7,0,1.2,29.3
mpd,0.0,1,ack-1f,w,2,2,0,ctl,ok,0,0,4.5,29.3
mpd,0.0,1,qpsk-r1/5,w,9,1,0,data,ok,8,8,2.0,29.3
mpd,0.0,1,ack-1f,w,2,2,0,ctl,ok,0,0,0.7,29.3
mpd,0.0,1,qpsk-r1/5,w,9,1,0,data,ok,8,8,2.8,29.3
mpd,0.0,1,ack-1f,w,3,3,0,ctl,ok,0,0,1.7,29.3
mpd,0.0,1,qpsk-r1/2,w,9,2,1,data,ok,7,0,1.2,29.3
mpd,0.0,1,ack-4f,w,3,3,0,ctl,ok,0,0,4.1,29.3
mpd,0.0,1,qpsk-r1/2,w,9,2,1,data,ok,0,0,2.3,29.3
mpd,0.0,1,ack-1f,w,2,2,0,ctl,ok,0,0,5.9,29.3
mpd,0.0,1,qpsk-r1/5,w,9,1,0,data,ok,8,8,3.0,29.3
mpd,-4.0,10,qpsk-r1/5,w,1,1,0,ctl,ok,0,0,2.1,15.7
mpd,-4.0,10,qpsk-r1/5,w,1,1,0,ctl,ok,0,0,-1.9,15.7
mpd,-4.0,10,ack-4f,w,3,3,,ctl,missed,0,0,,15.7
mpd,-4.0,10,ack-4f,w,3,3,0,ctl,ok,0,0,-2.9,15.7
mpd,-4.0,10,n10-ack-4f,n10,3,3,0,ctl,ok,0,0,-2.0,15.7
mpd,-4.0,10,qpsk-r1/5,w,9,2,1,data,ok,7,7,0.1,15.7
mpd,-4.0,10,ack-4f,w,3,3,0,ctl,ok,0,0,-0.3,15.7
mpd,-4.0,10,qpsk-r1/5,w,9,2,1,data,ok,7,5,-1.4,15.7
mpd,-4.0,10,ack-4f,w,3,3,0,ctl,ok,0,0,1.7,15.7
mpd,-4.0,10,qpsk-r1/5,w,9,2,1,data,ok,5,0,-1.7,15.7
mpd,-4.0,10,ack-4f,w,3,3,0,ctl,ok,0,0,-2.0,15.7
mpd,-4.0,10,qpsk-r1/5,w,9,2,1,data,ok,4,4,-1.1,15.7
mpd,-4.0,10,ack-4f,w,3,3,0,ctl,ok,0,0,-4.6,15.7
mpd,-4.0,10,qpsk-r1/5,w,9,2,1,data,ok,7,0,-2.5,15.7
mpd,-4.0,10,n4-ack-8f,n4,3,3,,ctl,missed,0,0,,15.7
mpd,-4.0,10,ack-4f,w,2,2,0,ctl,ok,0,0,1.2,15.7
mpd,-4.0,10,ack-4f,w,3,3,0,ctl,ok,0,0,-0.5,15.7
mpd,-4.0,10,qpsk-r1/5,w,9,2,1,data,ok,7,1,-2.5,15.7
mpd,-4.0,10,n10-ack-4f,n10,3,3,0,ctl,ok,0,0,1.3,15.7
mpd,-4.0,10,qpsk-r1/5,w,9,2,1,data,ok,6,6,-1.4,15.7
mpd,-4.0,10,ack-4f,w,3,3,0,ctl,ok,0,0,-0.9,15.7
mpd,-4.0,10,qpsk-r1/5,w,9,2,1,data,ok,7,7,-1.2,15.7
mpd,-4.0,10,ack-4f,w,2,2,0,ctl,ok,0,0,-2.4,15.7
mpd,-4.0,10,qpsk-r1/5,w,9,1,0,data,ok,8,8,-2.1,15.7
mpd,-4.0,10,ack-4f,w,3,3,0,ctl,ok,0,0,0.6,15.7
mpd,-4.0,10,qpsk-r1/5,w,9,2,1,data,ok,7,0,-2.6,15.7
mpd,-4.0,10,ack-4f,w,3,3,0,ctl,ok,0,0,-2.4,15.7
mpd,-4.0,10,qpsk-r1/5,w,9,2,1,data,ok,2,2,-0.8,15.7
mpd,-4.0,10,ack-4f,w,2,2,0,ctl,ok,0,0,1.7,15.7
mpd,-4.0,10,qpsk-r1/5,w,9,1,0,data,ctl_lost,8,4,-2.0,15.7
mpd,-4.0,10,ack-4f,w,3,3,0,ctl,ok,0,0,1.9,15.7
mpd,-4.0,10,ack-4f,w,3,3,0,ctl,ok,0,0,-2.7,15.7
mpd,-4.0,10,qpsk-r1/5,w,9,2,1,data,ok,7,5,-2.0,15.7
mpd,-4.0,10,ack-4f,w,3,3,0,ctl,ok,0,0,-2.6,15.7
mpd,-4.0,10,qpsk-r1/5,w,9,2,1,data,ok,6,0,-1.5,15.7
mpd,-4.0,10,ack-4f,w,3,3,0,ctl,ok,0,0,-4.0,15.7
mpd,-4.0,10,qpsk-r1/5,w,9,2,1,data,ok,1,1,-0.8,15.7
mpd,-4.0,10,ack-4f,w,3,3,0,ctl,ok,0,0,1.8,15.7
mpd,-4.0,10,qpsk-r1/5,w,9,2,1,data,ok,7,2,0.6,15.7
mpd,-4.0,10,ack-4f,w,3,3,0,ctl,ok,0,0,-1.5,15.7
mpd,-4.0,10,qpsk-r1/5,w,9,1,0,data,ok,3,3,-0.4,15.7
mpd,-4.0,10,ack-4f,w,2,2,0,ctl,ok,0,0,-0.4,15.7
mpd,-4.0,10,qpsk-r1/5,w,9,1,0,data,ok,8,8,0.1,15.7
mpd,-4.0,10,ack-4f,w,2,2,0,ctl,ok,0,0,-3.0,15.7
mpd,-4.0,10,qpsk-r1/5,w,9,1,0,data,ok,8,8,0.2,15.7
mpd,-4.0,10,ack-4f,w,2,2,0,ctl,ok,0,0,-2.8,15.7
mpd,-4.0,10,qpsk-r1/5,w,9,1,0,data,ok,8,2,-1.5,15.7
mpd,-4.0,10,ack-4f,w,3,3,0,ctl,ok,0,0,-2.5,15.7
mpd,-4.0,10,qpsk-r1/5,w,9,1,0,data,ok,2,2,-1.4,15.7
mpd,-4.0,10,ack-4f,w,2,2,0,ctl,ok,0,0,-0.3,15.7
mpd,-4.0,10,qpsk-r1/5,w,9,1,0,data,ctl_lost,8,0,-1.0,15.7
mpd,-4.0,10,ack-4f,w,3,3,0,ctl,ok,0,0,-0.2,15.7
mpd,-4.0,10,ack-4f,w,3,3,0,ctl,ok,0,0,-0.8,15.7
mpd,-4.0,10,qpsk-r1/5,w,9,2,1,data,ok,7,7,-0.7,15.7
mpd,-4.0,10,ack-4f,w,3,3,0,ctl,ok,0,0,0.4,15.7
mpd,-4.0,10,qpsk-r1/5,w,9,2,1,data,ok,7,7,-0.6,15.7
mpd,-4.0,10,ack-4f,w,3,3,0,ctl,ok,0,0,0.2,15.7
mpd,-4.0,10,qpsk-r1/5,w,9,2,1,data,ok,7,7,-1.3,15.7
mpd,-4.0,10,ack-4f,w,3,3,0,ctl,ok,0,0,-2.4,15.7
mpd,-4.0,10,qpsk-r1/5,w,9,2,1,data,ok,7,7,-0.6,15.7
mpd,-4.0,10,ack-4f,w,2,2,0,ctl,ok,0,0,-2.6,15.7
mpd,-4.0,10,qpsk-r1/5,w,9,1,0,data,ctl_lost,8,8,-1.7,15.7
mpd,-4.0,10,ack-4f,w,3,3,0,ctl,ok,0,0,-1.5,15.7
mpd,-4.0,10,ack-4f,w,3,3,0,ctl,ok,0,0,-0.1,15.7
mpd,-4.0,10,qpsk-r1/5,w,9,2,1,data,ok,7,7,-1.1,15.7
mpd,-4.0,10,ack-4f,w,3,3,,ctl,missed,0,0,,15.7
mpd,-4.0,10,ack-4f,w,3,3,0,ctl,ok,0,0,-1.1,15.7
mpd,-4.0,10,ack-4f,w,3,3,,ctl,missed,0,0,,15.7
mpd,-4.0,10,ack-4f,w,3,3,0,ctl,ok,0,0,-3.0,15.7
mpd,-4.0,10,ack-4f,w,3,3,0,ctl,ok,0,0,-2.7,15.7
mpd,-4.0,10,qpsk-r1/5,w,9,2,1,data,ok,7,3,-3.2,15.7
mpd,-4.0,10,ack-4f,w,3,3,0,ctl,ok,0,0,-1.1,15.7
mpd,-4.0,10,qpsk-r1/5,w,9,2,1,data,ok,3,0,-2.2,15.7
mpd,-4.0,10,ack-4f,w,3,3,0,ctl,ok,0,0,-1.0,15.7
mpd,-4.0,10,qpsk-r1/5,w,9,2,1,data,ok,6,6,-1.4,15.7
mpd,-4.0,10,ack-4f,w,3,3,0,ctl,ok,0,0,-0.8,15.7
mpd,-4.0,10,qpsk-r1/5,w,9,2,1,data,ok,7,7,-1.0,15.7
mpd,-4.0,10,ack-4f,w,2,2,0,ctl,ok,0,0,0.1,15.7
mpd,-4.0,10,qpsk-r1/5,w,9,1,0,data,ok,8,8,-1.4,15.7
mpd,-4.0,10,ack-4f,w,2,2,0,ctl,ok,0,0,-0.2,15.7
mpd,-4.0,10,qpsk-r1/5,w,9,1,0,data,ok,8,8,0.0,15.7
mpd,-4.0,10,ack-4f,w,2,2,0,ctl,ok,0,0,-3.2,15.7
mpd,-4.0,10,qpsk-r1/5,w,9,1,0,data,ok,8,8,-0.4,15.7
mpd,-4.0,10,ack-4f,w,2,2,0,ctl,ok,0,0,-2.2,15.7
mpd,-4.0,10,qpsk-r1/5,w,9,1,0,data,ctl_lost,8,1,-2.5,15.7
mpd,-4.0,10,ack-4f,w,3,3,0,ctl,ok,0,0,-2.4,15.7
mpd,-4.0,10,ack-4f,w,3,3,0,ctl,ok,0,0,-4.8,15.7
mpd,-4.0,10,qpsk-r1/5,w,9,2,1,data,ok,7,0,-2.5,15.7
mpd,-4.0,10,ack-4f,w,3,3,0,ctl,ok,0,0,-1.7,15.7
mpd,-4.0,10,qpsk-r1/5,w,9,2,1,data,ok,0,0,-0.5,15.7
mpd,-4.0,10,ack-4f,w,2,2,0,ctl,ok,0,0,-1.9,15.7
mpd,-4.0,10,qpsk-r1/5,w,9,1,0,data,ok,8,8,-1.4,15.7
mpd,-4.0,10,ack-4f,w,2,2,0,ctl,ok,0,0,-4.7,15.7
mpd,-4.0,10,qpsk-r1/5,w,9,1,0,data,ctl_lost,8,8,-2.5,15.7
mpd,0.0,4,qpsk-r1/5,w,1,1,0,ctl,ok,0,0,2.1,31.9
mpd,0.0,4,qpsk-r1/5,w,1,1,0,ctl,ok,0,0,5.9,31.9
mpd,0.0,4,ack-4f,w,3,3,0,ctl,ok,0,0,1.1,31.9
mpd,0.0,4,ack-1f,w,3,3,0,ctl,ok,0,0,2.0,31.9
mpd,0.0,4,qpsk-r1/5,w,9,2,1,data,ok,7,7,1.4,31.9
mpd,0.0,4,ack-1f,w,2,2,0,ctl,ok,0,0,0.2,31.9
mpd,0.0,4,qpsk-r1/5,w,9,1,0,data,ok,8,8,1.5,31.9
mpd,0.0,4,ack-4f,w,2,2,0,ctl,ok,0,0,2.3,31.9
mpd,0.0,4,qpsk-r1/5,w,9,1,0,data,ok,8,8,4.2,31.9
mpd,0.0,4,ack-4f,w,3,3,0,ctl,ok,0,0,2.8,31.9
mpd,0.0,4,qpsk-r1/3,w,9,2,1,data,ok,7,7,2.9,31.9
mpd,0.0,4,ack-1f,w,3,3,0,ctl,ok,0,0,-1.8,31.9
mpd,0.0,4,qpsk-r1/3,w,9,2,1,data,ok,7,7,3.4,31.9
mpd,0.0,4,ack-4f,w,3,3,0,ctl,ok,0,0,3.9,31.9
mpd,0.0,4,qpsk-r1/3,w,9,2,1,data,ok,7,7,1.7,31.9
mpd,0.0,4,ack-1f,w,3,3,0,ctl,ok,0,0,7.1,31.9
mpd,0.0,4,qpsk-r1/3,w,9,2,1,data,ok,7,3,1.2,31.9
mpd,0.0,4,ack-1f,w,3,3,0,ctl,ok,0,0,0.7,31.9
mpd,0.0,4,qpsk-r1/3,w,9,2,1,data,ok,3,3,3.5,31.9
mpd,0.0,4,ack-1f,w,3,3,0,ctl,ok,0,0,4.1,31.9
mpd,0.0,4,qpsk-r1/3,w,9,2,1,data,ok,7,7,2.3,31.9
mpd,0.0,4,ack-1f,w,3,3,0,ctl,ok,0,0,2.2,31.9
mpd,0.0,4,qpsk-r1/3,w,9,2,1,data,ok,7,7,3.1,31.9
mpd,0.0,4,ack-1f,w,3,3,0,ctl,ok,0,0,1.0,31.9
mpd,0.0,4,qpsk-r1/3,w,9,2,1,data,ok,7,7,2.0,31.9
mpd,0.0,4,ack-1f,w,2,2,0,ctl,ok,0,0,0.1,31.9
mpd,0.0,4,qpsk-r1/3,w,9,1,0,data,ok,8,8,3.5,31.9
mpd,0.0,4,ack-4f,w,2,2,0,ctl,ok,0,0,0.9,31.9
mpd,0.0,4,qpsk-r1/3,w,9,1,0,data,ok,8,8,3.1,31.9
mpd,0.0,4,ack-4f,w,2,2,0,ctl,ok,0,0,4.5,31.9
mpd,0.0,4,qpsk-r1/3,w,9,1,0,data,ok,8,8,1.2,31.9
mpd,0.0,4,ack-1f,w,2,2,0,ctl,ok,0,0,4.1,31.9
mpd,0.0,4,qpsk-r1/3,w,9,1,0,data,ok,8,8,1.9,31.9
mpd,0.0,4,ack-1f,w,3,3,0,ctl,ok,0,0,2.4,31.9
mpd,0.0,4,qpsk-r1/3,w,9,2,1,data,ok,7,7,2.9,31.9
mpd,0.0,4,ack-1f,w,2,2,0,ctl,ctl_lost,0,0,-0.8,31.9
mpd,0.0,4,ack-4f,w,3,3,0,ctl,ok,0,0,1.4,31.9
mpd,0.0,4,ack-4f,w,2,2,0,ctl,ok,0,0,4.5,31.9
mpd,0.0,4,qpsk-r1/3,w,9,1,0,data,ok,8,8,4.0,31.9
mpd,0.0,4,ack-1f,w,2,2,0,ctl,ok,0,0,-0.7,31.9
mpd,0.0,4,qpsk-r1/3,w,9,1,0,data,ok,8,8,3.6,31.9
mpd,0.0,4,ack-1f,w,2,2,0,ctl,ok,0,0,-1.5,31.9
mpd,0.0,4,qpsk-r1/3,w,9,1,0,data,ok,8,8,2.8,31.9
mpd,0.0,4,ack-4f,w,2,2,0,ctl,ok,0,0,5.4,31.9
mpd,0.0,4,qpsk-r1/3,w,9,1,0,data,ok,8,8,2.9,31.9
mpd,0.0,4,ack-1f,w,2,2,0,ctl,ok,0,0,0.7,31.9
mpd,0.0,4,qpsk-r1/3,w,9,1,0,data,ok,8,8,3.8,31.9
mpd,0.0,4,ack-1f,w,2,2,0,ctl,ok,0,0,1.1,31.9
mpd,0.0,4,qpsk-r1/3,w,9,1,0,data,ok,8,8,2.0,31.9
mpd,0.0,4,ack-1f,w,2,2,0,ctl,ok,0,0,3.3,31.9
mpd,0.0,4,qpsk-r1/3,w,9,1,0,data,ctl_lost,8,0,0.0,31.9
mpd,0.0,4,ack-4f,w,3,3,0,ctl,ok,0,0,-0.3,31.9
mpd,0.0,4,ack-4f,w,3,3,0,ctl,ok,0,0,1.0,31.9
mpd,0.0,4,qpsk-r1/3,w,9,2,1,data,ok,7,7,3.8,31.9
mpd,0.0,4,ack-1f,w,2,2,0,ctl,ok,0,0,4.8,31.9
mpd,0.0,4,qpsk-r1/3,w,9,1,0,data,ok,8,8,4.3,31.9
mpd,0.0,4,ack-1f,w,2,2,0,ctl,ok,0,0,2.6,31.9
mpd,0.0,4,qpsk-r1/3,w,9,1,0,data,ok,8,8,2.4,31.9
mpd,0.0,4,ack-1f,w,2,2,0,ctl,ok,0,0,4.9,31.9
mpd,0.0,4,qpsk-r1/3,w,9,1,0,data,ctl_lost,8,0,1.3,31.9
mpd,0.0,4,ack-4f,w,3,3,0,ctl,ok,0,0,1.4,31.9
mpd,0.0,4,ack-4f,w,3,3,0,ctl,ok,0,0,4.4,31.9
mpd,0.0,4,qpsk-r1/3,w,9,2,1,data,ok,7,7,2.2,31.9
mpd,0.0,4,ack-1f,w,3,3,0,ctl,ok,0,0,1.0,31.9
mpd,0.0,4,qpsk-r1/3,w,9,2,,data,missed,0,0,,31.9
mpd,0.0,4,ack-4f,w,3,3,0,ctl,ok,0,0,2.2,31.9
mpd,0.0,4,ack-4f,w,3,3,0,ctl,ok,0,0,-1.1,31.9
mpd,0.0,4,qpsk-r1/3,w,9,2,1,data,ok,7,7,2.7,31.9
mpd,0.0,4,ack-1f,w,3,3,0,ctl,ok,0,0,2.1,31.9
mpd,0.0,4,qpsk-r1/3,w,9,2,1,data,ok,7,7,1.2,31.9
mpd,0.0,4,ack-1f,w,3,3,0,ctl,ok,0,0,1.6,31.9
mpd,0.0,4,qpsk-r1/3,w,9,2,1,data,ok,7,7,4.5,31.9
mpd,0.0,4,ack-1f,w,2,2,0,ctl,ok,0,0,3.9,31.9
mpd,0.0,4,qpsk-r1/3,w,9,1,0,data,ok,8,8,3.1,31.9
mpd,0.0,4,ack-1f,w,2,2,0,ctl,ok,0,0,4.0,31.9
mpd,0.0,4,qpsk-r1/3,w,9,1,0,data,ok,8,8,2.3,31.9
mpd,0.0,4,ack-1f,w,2,2,0,ctl,ok,0,0,4.4,31.9
mpd,0.0,4,qpsk-r1/3,w,9,1,0,data,ok,8,8,1.2,31.9
mpd,0.0,4,ack-1f,w,3,3,0,ctl,ok,0,0,1.8,31.9
mpd,0.0,4,qpsk-r1/3,w,9,2,1,data,ok,7,7,2.2,31.9
mpd,0.0,4,ack-1f,w,3,3,0,ctl,ctl_lost,0,0,-2.7,31.9
mpd,0.0,4,ack-4f,w,3,3,0,ctl,ok,0,0,2.1,31.9
mpd,0.0,4,ack-4f,w,2,2,0,ctl,ok,0,0,1.2,31.9
mpd,0.0,4,qpsk-r1/3,w,9,1,0,data,ctl_lost,8,0,0.7,31.9
mpd,0.0,4,ack-4f,w,3,3,0,ctl,ok,0,0,1.7,31.9
mpd,0.0,4,ack-4f,w,3,3,0,ctl,ok,0,0,3.6,31.9
mpd,0.0,4,qpsk-r1/3,w,9,2,1,data,ok,7,7,2.4,31.9
mpd,0.0,4,ack-1f,w,3,3,0,ctl,ok,0,0,1.2,31.9
mpd,0.0,4,qpsk-r1/3,w,9,2,1,data,ok,7,7,3.1,31.9
mpd,0.0,4,ack-1f,w,2,2,0,ctl,ok,0,0,1.4,31.9
mpd,0.0,4,qpsk-r1/3,w,9,1,0,data,ctl_lost,8,3,1.4,31.9
mpd,0.0,4,ack-4f,w,3,3,0,ctl,ok,0,0,3.3,31.9
mpd,0.0,4,ack-4f,w,3,3,0,ctl,ok,0,0,1.7,31.9
mpd,0.0,4,qpsk-r1/3,w,9,2,1,data,ok,7,7,2.9,31.9
mpd,0.0,4,ack-1f,w,3,3,0,ctl,ok,0,0,3.8,31.9
mpd,0.0,4,qpsk-r1/3,w,9,2,1,data,ok,7,0,1.3,31.9
mpd,0.0,4,ack-1f,w,3,3,0,ctl,ok,0,0,3.3,31.9
mpd,0.0,4,qpsk-r1/3,w,9,2,1,data,ok,1,1,0.9,31.9
mpd,0.0,0,qpsk-r1/5,w,1,1,0,ctl,ok,0,0,3.7,31.9
mpd,0.0,0,qpsk-r1/5,w,1,1,0,ctl,ok,0,0,1.9,31.9
mpd,0.0,0,ack-4f,w,3,3,0,ctl,ok,0,0,3.7,31.9
mpd,0.0,0,ack-4f,w,3,3,0,ctl,ok,0,0,3.4,31.9
mpd,0.0,0,qpsk-r1/2,w,9,2,1,data,ok,7,0,1.1,31.9
mpd,0.0,0,ack-4f,w,3,3,0,ctl,ok,0,0,2.0,31.9
mpd,0.0,0,qpsk-r1/2,w,9,2,1,data,ok,0,0,3.6,31.9
mpd,0.0,0,ack-4f,w,3,3,0,ctl,ok,0,0,1.1,31.9
mpd,0.0,0,qpsk-r1/2,w,9,2,1,data,ok,7,7,3.9,31.9
mpd,0.0,0,ack-4f,w,3,3,0,ctl,ok,0,0,-1.4,31.9
mpd,0.0,0,qpsk-r1/2,w,9,2,1,data,ok,7,7,3.9,31.9
mpd,0.0,0,ack-4f,w,3,3,0,ctl,ok,0,0,4.9,31.9
mpd,0.0,0,qpsk-r1/2,w,9,2,1,data,ok,7,0,1.9,31.9
mpd,0.0,0,ack-4f,w,3,3,0,ctl,ok,0,0,3.8,31.9
mpd,0.0,0,qpsk-r1/2,w,9,2,1,data,ok,0,0,2.8,31.9
mpd,0.0,0,ack-1f,w,3,3,,ctl,missed,0,0,,31.9
mpd,0.0,0,ack-4f,w,3,3,0,ctl,ok,0,0,0.5,31.9
mpd,0.0,0,ack-4f,w,3,3,0,ctl,ok,0,0,4.9,31.9
mpd,0.0,0,qpsk-r1/2,w,9,2,1,data,ok,7,7,3.5,31.9
mpd,0.0,0,ack-1f,w,3,3,0,ctl,ok,0,0,4.9,31.9
mpd,0.0,0,qpsk-r1/2,w,9,2,1,data,ok,7,6,3.4,31.9
mpd,0.0,0,ack-1f,w,3,3,0,ctl,ok,0,0,-2.0,31.9
mpd,0.0,0,qpsk-r1/2,w,9,2,1,data,ok,6,0,2.3,31.9
mpd,0.0,0,ack-1f,w,3,3,0,ctl,ok,0,0,6.4,31.9
mpd,0.0,0,qpsk-r1/2,w,9,2,1,data,ok,1,1,4.1,31.9
mpd,0.0,0,ack-1f,w,3,3,0,ctl,ok,0,0,0.1,31.9
mpd,0.0,0,qpsk-r1/2,w,9,2,1,data,ok,7,0,1.1,31.9
mpd,0.0,0,ack-1f,w,2,2,0,ctl,ok,0,0,-0.1,31.9
mpd,0.0,0,qpsk-r1/2,w,9,1,0,data,ctl_lost,1,0,2.6,31.9
mpd,0.0,0,ack-4f,w,3,3,0,ctl,ok,0,0,2.4,31.9
mpd,0.0,0,ack-4f,w,3,3,0,ctl,ok,0,0,0.4,31.9
mpd,0.0,0,qpsk-r1/2,w,9,2,1,data,ok,0,0,-0.1,31.9
mpd,0.0,0,ack-4f,w,3,3,0,ctl,ok,0,0,-0.3,31.9
mpd,0.0,0,qpsk-r1/2,w,9,2,1,data,ok,7,7,3.3,31.9
mpd,0.0,0,ack-4f,w,3,3,0,ctl,ok,0,0,4.5,31.9
mpd,0.0,0,qpsk-r1/2,w,9,2,1,data,ok,7,7,2.9,31.9
mpd,0.0,0,ack-4f,w,2,2,0,ctl,ok,0,0,1.4,31.9
mpd,0.0,0,qpsk-r1/2,w,9,1,0,data,ctl_lost,8,0,0.2,31.9
mpd,0.0,0,ack-4f,w,3,3,0,ctl,ok,0,0,2.6,31.9
mpd,0.0,0,ack-4f,w,2,2,0,ctl,ok,0,0,1.5,31.9
mpd,0.0,0,qpsk-r1/5,w,9,1,0,data,ok,8,8,3.8,31.9
mpd,0.0,0,ack-4f,w,3,3,0,ctl,ok,0,0,1.5,31.9
mpd,0.0,0,qpsk-r1/2,w,9,2,1,data,ok,7,7,3.6,31.9
mpd,0.0,0,ack-4f,w,3,3,0,ctl,ok,0,0,3.7,31.9
mpd,0.0,0,qpsk-r1/2,w,9,2,1,data,ok,7,7,3.8,31.9
mpd,0.0,0,ack-1f,w,3,3,0,ctl,ok,0,0,2.0,31.9
mpd,0.0,0,qpsk-r1/2,w,9,2,1,data,ok,7,7,3.7,31.9
mpd,0.0,0,ack-1f,w,3,3,0,ctl,ok,0,0,2.8,31.9
mpd,0.0,0,qpsk-r1/2,w,9,2,1,data,ok,7,7,2.9,31.9
mpd,0.0,0,ack-1f,w,3,3,0,ctl,ok,0,0,4.3,31.9
mpd,0.0,0,qpsk-r1/2,w,9,2,1,data,ok,7,0,1.3,31.9
mpd,0.0,0,ack-1f,w,3,3,0,ctl,ctl_lost,0,0,0.8,31.9
mpd,0.0,0,ack-4f,w,3,3,0,ctl,ok,0,0,3.2,31.9
mpd,0.0,0,ack-4f,w,3,3,0,ctl,ok,0,0,5.8,31.9
mpd,0.0,0,qpsk-r1/2,w,9,2,1,data,ok,7,0,1.8,31.9
mpd,0.0,0,ack-1f,w,3,3,0,ctl,ok,0,0,2.4,31.9
mpd,0.0,0,qpsk-r1/2,w,9,2,1,data,ok,7,2,3.2,31.9
mpd,0.0,0,ack-1f,w,3,3,0,ctl,ok,0,0,5.7,31.9
mpd,0.0,0,qpsk-r1/2,w,9,2,1,data,ok,2,2,3.5,31.9
mpd,0.0,0,ack-1f,w,2,2,0,ctl,ok,0,0,3.8,31.9
mpd,0.0,0,qpsk-r1/2,w,9,1,0,data,ctl_lost,8,0,0.9,31.9
mpd,0.0,0,ack-4f,w,3,3,0,ctl,ok,0,0,0.6,31.9
mpd,0.0,0,ack-4f,w,3,3,0,ctl,ok,0,0,3.7,31.9
mpd,0.0,0,qpsk-r1/5,w,9,2,1,data,ok,7,7,-0.9,31.9
mpd,0.0,0,ack-1f,w,3,3,0,ctl,ok,0,0,5.5,31.9
mpd,0.0,0,qpsk-r1/5,w,9,2,1,data,ok,7,7,1.4,31.9
mpd,0.0,0,ack-1f,w,3,3,0,ctl,ok,0,0,6.4,31.9
mpd,0.0,0,qpsk-r1/5,w,9,2,1,data,ok,7,7,1.0,31.9
mpd,0.0,0,ack-1f,w,2,2,0,ctl,ok,0,0,3.9,31.9
mpd,0.0,0,qpsk-r1/5,w,9,1,0,data,ok,8,8,3.0,31.9
mpd,0.0,0,ack-1f,w,3,3,0,ctl,ok,0,0,6.2,31.9
mpd,0.0,0,qpsk-r1/2,w,9,2,1,data,ok,7,7,3.6,31.9
mpd,0.0,0,ack-1f,w,3,3,0,ctl,ok,0,0,2.3,31.9
mpd,0.0,0,qpsk-r1/2,w,9,2,1,data,ok,7,0,0.4,31.9
mpd,0.0,0,ack-1f,w,3,3,0,ctl,ok,0,0,3.9,31.9
mpd,0.0,0,qpsk-r1/2,w,9,2,1,data,ok,0,0,3.2,31.9
mpd,0.0,0,ack-1f,w,3,3,0,ctl,ok,0,0,2.0,31.9
mpd,0.0,0,qpsk-r1/2,w,9,2,1,data,ok,7,0,1.4,31.9
mpd,0.0,0,ack-1f,w,3,3,0,ctl,ok,0,0,2.9,31.9
mpd,0.0,0,qpsk-r1/2,w,9,2,1,data,ok,0,0,3.5,31.9
mpd,0.0,0,ack-1f,w,3,3,0,ctl,ok,0,0,1.7,31.9
mpd,0.0,0,qpsk-r1/2,w,9,2,1,data,ok,7,7,3.6,31.9
mpd,0.0,0,ack-1f,w,2,2,0,ctl,ok,0,0,2.3,31.9
mpd,0.0,0,qpsk-r1/2,w,9,1,0,data,ctl_lost,8,0,0.6,31.9
mpd,0.0,0,ack-4f,w,3,3,0,ctl,ok,0,0,5.1,31.9
mpd,0.0,0,ack-4f,w,3,3,0,ctl,ok,0,0,2.5,31.9
mpd,0.0,0,qpsk-r1/2,w,9,2,1,data,ok,7,0,1.9,31.9
mpd,0.0,0,ack-1f,w,2,2,0,ctl,ok,0,0,4.1,31.9
mpd,0.0,0,qpsk-r1/2,w,9,1,0,data,ctl_lost,1,0,1.5,31.9
mpd,0.0,0,ack-4f,w,3,3,0,ctl,ok,0,0,2.3,31.9
mpd,0.0,0,ack-4f,w,2,2,0,ctl,ok,0,0,5.4,31.9
mpd,0.0,0,qpsk-r1/5,w,9,1,0,data,ok,8,8,3.2,31.9
mpd,0.0,0,ack-1f,w,3,3,0,ctl,ok,0,0,5.4,31.9
mpd,0.0,0,qpsk-r1/2,w,9,2,1,data,ok,7,0,3.0,31.9
mpd,0.0,0,ack-1f,w,3,3,0,ctl,ok,0,0,4.4,31.9
mpd,0.0,0,qpsk-r1/2,w,9,2,1,data,ok,0,0,2.6,31.9
mpd,0.0,0,ack-1f,w,3,3,0,ctl,ctl_lost,0,0,-1.3,31.9
mpd,0.0,8,qpsk-r1/5,w,1,1,0,ctl,ok,0,0,1.8,36.5
mpd,0.0,8,qpsk-r1/5,w,1,1,0,ctl,ok,0,0,5.3,36.5
mpd,0.0,8,ack-4f,w,3,3,0,ctl,ok,0,0,3.3,36.5
mpd,0.0,8,ack-1f,w,3,3,0,ctl,ok,0,0,3.6,36.5
mpd,0.0,8,qpsk-r1/3,w,9,2,1,data,ok,7,7,2.0,36.5
mpd,0.0,8,ack-1f,w,3,3,0,ctl,ok,0,0,1.1,36.5
mpd,0.0,8,qpsk-r1/3,w,9,2,1,data,ok,7,7,3.0,36.5
mpd,0.0,8,ack-1f,w,3,3,0,ctl,ok,0,0,1.3,36.5
mpd,0.0,8,qpsk-r1/3,w,9,2,1,data,ok,7,7,2.3,36.5
mpd,0.0,8,ack-4f,w,3,3,0,ctl,ok,0,0,3.3,36.5
mpd,0.0,8,qpsk-r1/3,w,9,2,1,data,ok,7,0,-0.1,36.5
mpd,0.0,8,ack-1f,w,3,3,0,ctl,ok,0,0,2.3,36.5
mpd,0.0,8,qpsk-r1/3,w,9,2,1,data,ok,2,2,3.1,36.5
mpd,0.0,8,ack-1f,w,3,3,0,ctl,ok,0,0,4.8,36.5
mpd,0.0,8,qpsk-r1/3,w,9,2,1,data,ok,7,7,4.0,36.5
mpd,0.0,8,ack-1f,w,2,2,0,ctl,ok,0,0,5.8,36.5
mpd,0.0,8,qpsk-r1/3,w,9,1,0,data,ok,8,8,2.1,36.5
mpd,0.0,8,ack-1f,w,2,2,0,ctl,ok,0,0,5.4,36.5
mpd,0.0,8,qpsk-r1/3,w,9,1,0,data,ok,8,8,1.9,36.5
mpd,0.0,8,ack-1f,w,3,3,0,ctl,ok,0,0,2.0,36.5
mpd,0.0,8,qpsk-r1/3,w,9,2,1,data,ok,7,7,3.5,36.5
mpd,0.0,8,ack-1f,w,2,2,0,ctl,ok,0,0,1.9,36.5
mpd,0.0,8,qpsk-r1/3,w,9,1,0,data,ok,8,8,2.0,36.5
mpd,0.0,8,ack-1f,w,2,2,0,ctl,ok,0,0,3.4,36.5
mpd,0.0,8,qpsk-r1/3,w,9,1,0,data,ok,8,8,3.1,36.5
mpd,0.0,8,ack-1f,w,2,2,0,ctl,ok,0,0,2.1,36.5
mpd,0.0,8,qpsk-r1/3,w,9,1,0,data,ok,8,8,3.7,36.5
mpd,0.0,8,ack-1f,w,2,2,0,ctl,ok,0,0,3.1,36.5
mpd,0.0,8,qpsk-r1/3,w,9,1,0,data,ok,8,8,2.7,36.5
mpd,0.0,8,ack-1f,w,2,2,0,ctl,ok,0,0,-0.5,36.5
mpd,0.0,8,qpsk-r1/3,w,9,1,0,data,ok,8,8,3.8,36.5
mpd,0.0,8,ack-1f,w,2,2,0,ctl,ok,0,0,6.4,36.5
mpd,0.0,8,qpsk-r1/3,w,9,1,0,data,ok,8,8,3.4,36.5
mpd,0.0,8,ack-1f,w,2,2,0,ctl,ok,0,0,3.5,36.5
mpd,0.0,8,qpsk-r1/3,w,9,1,0,data,ctl_lost,8,0,0.7,36.5
mpd,0.0,8,ack-4f,w,3,3,0,ctl,ok,0,0,1.7,36.5
mpd,0.0,8,ack-4f,w,3,3,0,ctl,ok,0,0,4.4,36.5
mpd,0.0,8,qpsk-r1/3,w,9,2,1,data,ok,7,7,2.1,36.5
mpd,0.0,8,ack-1f,w,3,3,0,ctl,ok,0,0,0.5,36.5
mpd,0.0,8,qpsk-r1/3,w,9,2,1,data,ok,7,7,1.1,36.5
mpd,0.0,8,ack-1f,w,3,3,0,ctl,ok,0,0,6.5,36.5
mpd,0.0,8,qpsk-r1/3,w,9,2,1,data,ok,7,2,0.6,36.5
mpd,0.0,8,ack-1f,w,3,3,0,ctl,ok,0,0,4.5,36.5
mpd,0.0,8,qpsk-r1/3,w,9,2,1,data,ok,2,2,2.2,36.5
mpd,0.0,8,ack-1f,w,3,3,0,ctl,ok,0,0,1.0,36.5
mpd,0.0,8,qpsk-r1/3,w,9,2,1,data,ok,7,7,2.0,36.5
mpd,0.0,8,ack-1f,w,2,2,0,ctl,ok,0,0,2.7,36.5
mpd,0.0,8,qpsk-r1/3,w,9,1,0,data,ok,8,8,2.6,36.5
mpd,0.0,8,ack-1f,w,2,2,0,ctl,ok,0,0,-0.5,36.5
mpd,0.0,8,qpsk-r1/3,w,9,1,0,data,ok,8,8,2.1,36.5
mpd,0.0,8,ack-1f,w,2,2,0,ctl,ok,0,0,4.3,36.5
mpd,0.0,8,qpsk-r1/3,w,9,1,0,data,ok,8,8,3.7,36.5
mpd,0.0,8,ack-1f,w,2,2,0,ctl,ok,0,0,0.9,36.5
mpd,0.0,8,qpsk-r1/3,w,9,1,0,data,ok,8,8,3.6,36.5
mpd,0.0,8,ack-1f,w,2,2,0,ctl,ok,0,0,4.5,36.5
mpd,0.0,8,qpsk-r1/3,w,9,1,0,data,ok,8,8,2.7,36.5
mpd,0.0,8,ack-1f,w,2,2,0,ctl,ok,0,0,1.9,36.5
mpd,0.0,8,qpsk-r1/3,w,9,1,0,data,ok,8,8,4.2,36.5
mpd,0.0,8,ack-1f,w,2,2,0,ctl,ok,0,0,2.3,36.5
mpd,0.0,8,qpsk-r1/3,w,9,1,0,data,ok,8,8,3.2,36.5
mpd,0.0,8,ack-1f,w,2,2,0,ctl,ok,0,0,1.5,36.5
mpd,0.0,8,qpsk-r1/3,w,9,1,0,data,ctl_lost,8,3,1.5,36.5
mpd,0.0,8,ack-4f,w,3,3,0,ctl,ok,0,0,3.8,36.5
mpd,0.0,8,ack-4f,w,3,3,0,ctl,ok,0,0,3.8,36.5
mpd,0.0,8,qpsk-r1/3,w,9,2,1,data,ok,7,7,3.2,36.5
mpd,0.0,8,ack-1f,w,2,2,0,ctl,ok,0,0,3.1,36.5
mpd,0.0,8,qpsk-r1/3,w,9,1,0,data,ok,8,8,1.9,36.5
mpd,0.0,8,ack-1f,w,2,2,0,ctl,ok,0,0,-1.0,36.5
mpd,0.0,8,qpsk-r1/3,w,9,1,0,data,ok,8,8,1.6,36.5
mpd,0.0,8,ack-1f,w,3,3,0,ctl,ok,0,0,1.3,36.5
mpd,0.0,8,qpsk-r1/3,w,9,2,1,data,ok,7,7,3.7,36.5
mpd,0.0,8,ack-1f,w,2,2,0,ctl,ok,0,0,6.0,36.5
mpd,0.0,8,qpsk-r1/3,w,9,1,0,data,ok,8,8,3.3,36.5
mpd,0.0,8,ack-1f,w,2,2,0,ctl,ok,0,0,0.2,36.5
mpd,0.0,8,qpsk-r1/3,w,9,1,0,data,ok,8,8,3.9,36.5
mpd,0.0,8,ack-1f,w,2,2,0,ctl,ctl_lost,0,0,1.2,36.5
mpd,0.0,8,ack-4f,w,3,3,0,ctl,ok,0,0,0.8,36.5
mpd,0.0,8,ack-4f,w,2,2,0,ctl,ok,0,0,3.8,36.5
mpd,0.0,8,qpsk-r1/3,w,9,1,0,data,ok,8,8,2.2,36.5
mpd,0.0,8,ack-1f,w,3,3,0,ctl,ok,0,0,2.7,36.5
mpd,0.0,8,qpsk-r1/3,w,9,2,1,data,ok,7,7,1.7,36.5
mpd,0.0,8,ack-1f,w,2,2,0,ctl,ok,0,0,6.2,36.5
mpd,0.0,8,qpsk-r1/3,w,9,1,0,data,ok,8,8,3.8,36.5
mpd,0.0,8,ack-1f,w,2,2,0,ctl,ok,0,0,5.0,36.5
mpd,0.0,8,qpsk-r1/3,w,9,1,0,data,ok,8,8,3.9,36.5
mpd,0.0,8,ack-1f,w,2,2,0,ctl,ok,0,0,7.3,36.5
mpd,0.0,8,qpsk-r1/3,w,9,1,0,data,ok,8,8,2.9,36.5
mpd,0.0,8,ack-1f,w,2,2,0,ctl,ok,0,0,3.5,36.5
mpd,0.0,8,qpsk-r1/3,w,9,1,0,data,ctl_lost,8,1,0.8,36.5
mpd,0.0,8,ack-4f,w,3,3,0,ctl,ok,0,0,1.8,36.5
mpd,0.0,8,ack-4f,w,3,3,0,ctl,ok,0,0,2.8,36.5
mpd,0.0,8,qpsk-r1/3,w,9,2,1,data,ok,7,7,2.1,36.5
mpd,0.0,8,ack-1f,w,3,3,0,ctl,ok,0,0,-4.1,36.5
mpd,0.0,8,qpsk-r1/3,w,9,2,1,data,ok,7,0,0.3,36.5
mpd,0.0,8,ack-4f,w,3,3,0,ctl,ok,0,0,4.8,36.5
mpd,0.0,8,qpsk-r1/3,w,9,2,1,data,ok,0,0,3.6,36.5
mpd,0.0,8,ack-1f,w,2,2,0,ctl,ok,0,0,5.2,36.5
mpd,0.0,8,qpsk-r1/3,w,9,1,0,data,ok,8,8,2.9,36.5
mpd,0.0,6,qpsk-r1/5,w,1,1,0,ctl,ok,0,0,3.9,37.4
mpd,0.0,6,qpsk-r1/5,w,1,1,0,ctl,ok,0,0,0.1,37.4
mpd,0.0,6,ack-4f,w,3,3,0,ctl,ok,0,0,0.6,37.4
mpd,0.0,6,ack-4f,w,3,3,0,ctl,ok,0,0,2.1,37.4
mpd,0.0,6,qpsk-r1/3,w,9,2,1,data,ok,7,7,2.7,37.4
mpd,0.0,6,ack-4f,w,2,2,0,ctl,ok,0,0,3.3,37.4
mpd,0.0,6,qpsk-r1/5,w,9,1,0,data,ok,8,8,2.7,37.4
mpd,0.0,6,ack-1f,w,3,3,0,ctl,ok,0,0,-2.0,37.4
mpd,0.0,6,qpsk-r1/3,w,9,2,1,data,ok,7,7,2.3,37.4
mpd,0.0,6,ack-4f,w,3,3,0,ctl,ok,0,0,1.5,37.4
mpd,0.0,6,qpsk-r1/3,w,9,2,1,data,ok,7,7,4.0,37.4
mpd,0.0,6,ack-4f,w,3,3,0,ctl,ok,0,0,4.9,37.4
mpd,0.0,6,qpsk-r1/3,w,9,2,1,data,ok,7,7,2.1,37.4
mpd,0.0,6,ack-1f,w,3,3,0,ctl,ctl_lost,0,0,4.2,37.4
mpd,0.0,6,ack-4f,w,3,3,0,ctl,ok,0,0,1.2,37.4
mpd,0.0,6,ack-4f,w,3,3,0,ctl,ok,0,0,3.4,37.4
mpd,0.0,6,qpsk-r1/3,w,9,2,1,data,ok,7,7,4.5,37.4
mpd,0.0,6,ack-4f,w,2,2,0,ctl,ok,0,0,4.5,37.4
mpd,0.0,6,qpsk-r1/3,w,9,1,0,data,ok,8,8,3.5,37.4
mpd,0.0,6,ack-4f,w,2,2,0,ctl,ok,0,0,2.7,37.4
mpd,0.0,6,qpsk-r1/3,w,9,1,0,data,ok,8,8,2.6,37.4
mpd,0.0,6,ack-4f,w,2,2,0,ctl,ok,0,0,3.5,37.4
mpd,0.0,6,qpsk-r1/3,w,9,1,0,data,ok,8,8,1.1,37.4
mpd,0.0,6,ack-4f,w,3,3,0,ctl,ok,0,0,0.7,37.4
mpd,0.0,6,qpsk-r1/3,w,9,2,1,data,ok,7,7,0.2,37.4
mpd,0.0,6,ack-4f,w,3,3,0,ctl,ok,0,0,-0.3,37.4
mpd,0.0,6,qpsk-r1/3,w,9,2,1,data,ok,7,7,3.4,37.4
mpd,0.0,6,ack-4f,w,3,3,0,ctl,ok,0,0,1.3,37.4
mpd,0.0,6,qpsk-r1/3,w,9,2,1,data,ok,7,1,0.9,37.4
mpd,0.0,6,ack-4f,w,3,3,0,ctl,ok,0,0,2.3,37.4
mpd,0.0,6,qpsk-r1/3,w,9,1,0,data,ok,2,2,3.9,37.4
mpd,0.0,6,ack-4f,w,2,2,0,ctl,ok,0,0,1.2,37.4
mpd,0.0,6,qpsk-r1/3,w,9,1,0,data,ok,8,8,3.2,37.4
mpd,0.0,6,ack-4f,w,2,2,0,ctl,ok,0,0,-1.5,37.4
mpd,0.0,6,qpsk-r1/3,w,9,1,0,data,ok,8,8,2.0,37.4
mpd,0.0,6,ack-4f,w,2,2,0,ctl,ok,0,0,0.6,37.4
mpd,0.0,6,qpsk-r1/3,w,9,1,0,data,ok,8,8,1.6,37.4
mpd,0.0,6,ack-4f,w,2,2,0,ctl,ok,0,0,2.5,37.4
mpd,0.0,6,qpsk-r1/3,w,9,1,0,data,ok,8,8,1.7,37.4
mpd,0.0,6,ack-4f,w,2,2,0,ctl,ok,0,0,3.5,37.4
mpd,0.0,6,qpsk-r1/3,w,9,1,0,data,ok,8,8,2.9,37.4
mpd,0.0,6,ack-4f,w,2,2,0,ctl,ok,0,0,1.6,37.4
mpd,0.0,6,qpsk-r1/3,w,9,1,0,data,ok,8,8,0.9,37.4
mpd,0.0,6,ack-4f,w,2,2,0,ctl,ok,0,0,5.3,37.4
mpd,0.0,6,qpsk-r1/3,w,9,1,0,data,ok,8,8,3.0,37.4
mpd,0.0,6,ack-4f,w,2,2,0,ctl,ok,0,0,4.0,37.4
mpd,0.0,6,qpsk-r1/3,w,9,1,0,data,ok,8,8,1.7,37.4
mpd,0.0,6,ack-4f,w,2,2,0,ctl,ok,0,0,1.9,37.4
mpd,0.0,6,qpsk-r1/3,w,9,1,0,data,ok,8,8,1.5,37.4
mpd,0.0,6,ack-4f,w,2,2,0,ctl,ok,0,0,4.8,37.4
mpd,0.0,6,qpsk-r1/3,w,9,1,0,data,ok,8,8,2.4,37.4
mpd,0.0,6,ack-4f,w,2,2,0,ctl,ok,0,0,2.2,37.4
mpd,0.0,6,qpsk-r1/3,w,9,1,0,data,ok,8,8,3.2,37.4
mpd,0.0,6,ack-4f,w,2,2,0,ctl,ok,0,0,2.0,37.4
mpd,0.0,6,qpsk-r1/3,w,9,1,0,data,ok,8,8,3.7,37.4
mpd,0.0,6,ack-4f,w,2,2,0,ctl,ok,0,0,0.5,37.4
mpd,0.0,6,qpsk-r1/3,w,9,1,0,data,ctl_lost,8,0,1.3,37.4
mpd,0.0,6,ack-4f,w,3,3,0,ctl,ok,0,0,2.1,37.4
mpd,0.0,6,ack-4f,w,3,3,0,ctl,ok,0,0,1.4,37.4
mpd,0.0,6,qpsk-r1/3,w,9,2,1,data,ok,7,7,3.4,37.4
mpd,0.0,6,ack-4f,w,2,2,0,ctl,ok,0,0,3.6,37.4
mpd,0.0,6,qpsk-r1/3,w,9,1,0,data,ok,8,8,1.7,37.4
mpd,0.0,6,ack-4f,w,2,2,0,ctl,ok,0,0,2.4,37.4
mpd,0.0,6,qpsk-r1/3,w,9,1,0,data,ok,8,8,3.8,37.4
mpd,0.0,6,ack-4f,w,2,2,0,ctl,ok,0,0,4.3,37.4
mpd,0.0,6,qpsk-r1/3,w,9,1,0,data,ok,8,8,1.3,37.4
mpd,0.0,6,ack-4f,w,2,2,,ctl,missed,0,0,,37.4
mpd,0.0,6,ack-4f,w,3,3,0,ctl,ok,0,0,2.8,37.4
mpd,0.0,6,ack-4f,w,2,2,0,ctl,ok,0,0,2.5,37.4
mpd,0.0,6,qpsk-r1/3,w,9,1,0,data,ok,8,8,3.2,37.4
mpd,0.0,6,ack-4f,w,2,2,0,ctl,ok,0,0,2.8,37.4
mpd,0.0,6,qpsk-r1/3,w,9,1,0,data,ok,8,8,3.0,37.4
mpd,0.0,6,ack-4f,w,2,2,0,ctl,ok,0,0,4.3,37.4
mpd,0.0,6,qpsk-r1/3,w,9,1,0,data,ok,8,8,1.4,37.4
mpd,0.0,6,ack-4f,w,2,2,0,ctl,ok,0,0,2.8,37.4
mpd,0.0,6,qpsk-r1/3,w,9,1,0,data,ctl_lost,8,8,1.7,37.4
mpd,0.0,6,ack-4f,w,3,3,0,ctl,ok,0,0,3.9,37.4
mpd,0.0,6,ack-4f,w,3,3,0,ctl,ok,0,0,3.1,37.4
mpd,0.0,6,qpsk-r1/3,w,9,2,1,data,ok,7,7,2.3,37.4
mpd,0.0,6,ack-4f,w,2,2,0,ctl,ok,0,0,4.7,37.4
mpd,0.0,6,qpsk-r1/3,w,9,1,0,data,ok,8,8,2.2,37.4
mpd,0.0,6,ack-4f,w,3,3,0,ctl,ok,0,0,2.4,37.4
mpd,0.0,6,qpsk-r1/3,w,9,2,1,data,ok,7,7,2.4,37.4
mpd,0.0,6,ack-4f,w,3,3,0,ctl,ok,0,0,3.6,37.4
mpd,0.0,6,qpsk-r1/3,w,9,2,1,data,ok,7,7,4.2,37.4
mpd,0.0,6,ack-4f,w,2,2,0,ctl,ok,0,0,0.6,37.4
mpd,0.0,6,qpsk-r1/3,w,9,1,0,data,ok,8,8,2.8,37.4
mpd,0.0,6,ack-4f,w,2,2,0,ctl,ok,0,0,2.5,37.4
mpd,0.0,6,qpsk-r1/3,w,9,1,0,data,ok,8,8,2.2,37.4
mpd,0.0,6,ack-4f,w,2,2,0,ctl,ok,0,0,3.0,37.4
mpd,0.0,6,qpsk-r1/3,w,9,1,0,data,ok,8,8,3.8,37.4
mpd,0.0,6,ack-4f,w,2,2,0,ctl,ok,0,0,4.6,37.4
mpd,0.0,6,qpsk-r1/3,w,9,1,0,data,ok,8,8,3.8,37.4
mpd,0.0,6,ack-4f,w,2,2,0,ctl,ok,0,0,1.5,37.4
mpd,0.0,5,qpsk-r1/5,w,1,1,0,ctl,ok,0,0,2.0,31.9
mpd,0.0,5,qpsk-r1/5,w,1,1,0,ctl,ok,0,0,3.7,31.9
mpd,0.0,5,ack-4f,w,3,3,0,ctl,ok,0,0,0.2,31.9
mpd,0.0,5,ack-1f,w,3,3,0,ctl,ok,0,0,6.2,31.9
mpd,0.0,5,qpsk-r1/5,w,9,2,1,data,ok,7,7,4.2,31.9
mpd,0.0,5,ack-1f,w,3,3,0,ctl,ok,0,0,4.1,31.9
mpd,0.0,5,qpsk-r1/3,w,9,2,1,data,ok,7,7,1.7,31.9
mpd,0.0,5,ack-1f,w,3,3,0,ctl,ok,0,0,3.5,31.9
mpd,0.0,5,qpsk-r1/3,w,9,2,1,data,ok,7,7,1.3,31.9
mpd,0.0,5,ack-1f,w,3,3,0,ctl,ok,0,0,2.9,31.9
mpd,0.0,5,qpsk-r1/3,w,9,2,1,data,ok,7,7,1.8,31.9
mpd,0.0,5,ack-1f,w,3,3,0,ctl,ok,0,0,6.7,31.9
mpd,0.0,5,qpsk-r1/3,w,9,2,1,data,ok,7,7,1.4,31.9
mpd,0.0,5,ack-1f,w,3,3,0,ctl,ok,0,0,4.0,31.9
mpd,0.0,5,qpsk-r1/3,w,9,2,1,data,ok,7,7,2.0,31.9
mpd,0.0,5,ack-1f,w,3,3,0,ctl,ok,0,0,1.5,31.9
mpd,0.0,5,qpsk-r1/3,w,9,2,1,data,ok,7,7,1.5,31.9
mpd,0.0,5,ack-1f,w,3,3,0,ctl,ok,0,0,4.6,31.9
mpd,0.0,5,qpsk-r1/3,w,9,2,1,data,ok,7,7,3.1,31.9
mpd,0.0,5,ack-1f,w,3,3,0,ctl,ok,0,0,1.0,31.9
mpd,0.0,5,qpsk-r1/3,w,9,2,1,data,ok,7,7,2.2,31.9
mpd,0.0,5,ack-1f,w,2,2,0,ctl,ctl_lost,0,0,-0.2,31.9
mpd,0.0,5,ack-4f,w,3,3,0,ctl,ok,0,0,3.8,31.9
mpd,0.0,5,ack-4f,w,2,2,0,ctl,ok,0,0,3.7,31.9
mpd,0.0,5,qpsk-r1/3,w,9,1,0,data,ctl_lost,8,0,-0.1,31.9
mpd,0.0,5,ack-4f,w,3,3,0,ctl,ok,0,0,3.6,31.9
mpd,0.0,5,ack-4f,w,3,3,0,ctl,ok,0,0,1.6,31.9
mpd,0.0,5,qpsk-r1/3,w,9,2,1,data,ok,7,7,2.1,31.9
mpd,0.0,5,ack-1f,w,3,3,0,ctl,ok,0,0,3.2,31.9
mpd,0.0,5,qpsk-r1/3,w,9,2,1,data,ok,7,7,3.1,31.9
mpd,0.0,5,ack-1f,w,3,3,0,ctl,ok,0,0,1.1,31.9
mpd,0.0,5,qpsk-r1/3,w,9,2,1,data,ok,7,7,2.5,31.9
mpd,0.0,5,ack-1f,w,3,3,0,ctl,ok,0,0,4.2,31.9
mpd,0.0,5,qpsk-r1/3,w,9,2,1,data,ok,7,7,3.7,31.9
mpd,0.0,5,ack-1f,w,2,2,0,ctl,ok,0,0,5.1,31.9
mpd,0.0,5,qpsk-r1/3,w,9,1,0,data,ok,8,8,2.4,31.9
mpd,0.0,5,ack-1f,w,2,2,0,ctl,ok,0,0,4.7,31.9
mpd,0.0,5,qpsk-r1/3,w,9,1,0,data,ok,8,8,3.3,31.9
mpd,0.0,5,ack-1f,w,2,2,0,ctl,ok,0,0,7.3,31.9
mpd,0.0,5,qpsk-r1/3,w,9,1,0,data,ok,8,8,1.3,31.9
mpd,0.0,5,ack-1f,w,2,2,0,ctl,ok,0,0,-2.2,31.9
mpd,0.0,5,qpsk-r1/3,w,9,1,0,data,ok,8,8,0.8,31.9
mpd,0.0,5,ack-1f,w,3,3,0,ctl,ctl_lost,0,0,-2.3,31.9
mpd,0.0,5,ack-4f,w,3,3,0,ctl,ok,0,0,3.9,31.9
mpd,0.0,5,ack-4f,w,2,2,0,ctl,ok,0,0,3.7,31.9
mpd,0.0,5,qpsk-r1/3,w,9,1,0,data,ok,8,8,1.9,31.9
mpd,0.0,5,ack-4f,w,2,2,0,ctl,ok,0,0,3.1,31.9
mpd,0.0,5,qpsk-r1/3,w,9,1,0,data,ok,8,8,2.5,31.9
mpd,0.0,5,ack-4f,w,2,2,0,ctl,ok,0,0,-0.4,31.9
mpd,0.0,5,qpsk-r1/3,w,9,1,0,data,ok,8,8,2.2,31.9
mpd,0.0,5,ack-4f,w,2,2,0,ctl,ok,0,0,-0.5,31.9
mpd,0.0,5,qpsk-r1/3,w,9,1,0,data,ctl_lost,8,0,0.4,31.9
mpd,0.0,5,ack-4f,w,3,3,0,ctl,ok,0,0,1.0,31.9
mpd,0.0,5,ack-4f,w,3,3,0,ctl,ok,0,0,2.4,31.9
mpd,0.0,5,qpsk-r1/3,w,9,2,1,data,ok,7,7,3.1,31.9
mpd,0.0,5,ack-4f,w,3,3,0,ctl,ok,0,0,4.6,31.9
mpd,0.0,5,qpsk-r1/3,w,9,2,1,data,ok,7,7,3.5,31.9
mpd,0.0,5,ack-4f,w,2,2,0,ctl,ok,0,0,0.5,31.9
mpd,0.0,5,qpsk-r1/3,w,9,1,0,data,ok,8,8,3.7,31.9
mpd,0.0,5,ack-4f,w,2,2,0,ctl,ok,0,0,-0.2,31.9
mpd,0.0,5,qpsk-r1/3,w,9,1,0,data,ctl_lost,8,0,0.6,31.9
mpd,0.0,5,ack-4f,w,3,3,0,ctl,ok,0,0,4.0,31.9
mpd,0.0,5,ack-4f,w,3,3,0,ctl,ok,0,0,0.3,31.9
mpd,0.0,5,qpsk-r1/3,w,9,2,1,data,ok,7,7,3.3,31.9
mpd,0.0,5,ack-4f,w,2,2,0,ctl,ok,0,0,3.9,31.9
mpd,0.0,5,qpsk-r1/3,w,9,1,0,data,ok,8,8,3.0,31.9
mpd,0.0,5,ack-4f,w,3,3,0,ctl,ok,0,0,4.7,31.9
mpd,0.0,5,qpsk-r1/3,w,9,2,1,data,ok,7,7,2.8,31.9
mpd,0.0,5,ack-1f,w,3,3,0,ctl,ok,0,0,2.3,31.9
mpd,0.0,5,qpsk-r1/3,w,9,2,1,data,ok,7,7,2.0,31.9
mpd,0.0,5,ack-1f,w,3,3,0,ctl,ctl_lost,0,0,-9.6,31.9
mpd,0.0,5,ack-4f,w,3,3,0,ctl,ok,0,0,1.4,31.9
mpd,0.0,5,ack-4f,w,3,3,0,ctl,ok,0,0,3.0,31.9
mpd,0.0,5,qpsk-r1/3,w,9,2,1,data,ok,7,2,1.7,31.9
mpd,0.0,5,ack-4f,w,3,3,0,ctl,ok,0,0,4.9,31.9
mpd,0.0,5,qpsk-r1/3,w,9,2,1,data,ok,2,2,1.2,31.9
mpd,0.0,5,ack-4f,w,3,3,0,ctl,ok,0,0,2.5,31.9
mpd,0.0,5,qpsk-r1/3,w,9,2,1,data,ok,7,7,2.2,31.9
mpd,0.0,5,ack-4f,w,3,3,0,ctl,ok,0,0,1.4,31.9
mpd,0.0,5,qpsk-r1/3,w,9,2,1,data,ok,7,7,2.8,31.9
mpd,0.0,5,ack-4f,w,2,2,0,ctl,ok,0,0,4.7,31.9
mpd,0.0,5,qpsk-r1/3,w,9,1,0,data,ctl_lost,8,2,0.3,31.9
mpd,0.0,5,ack-4f,w,3,3,0,ctl,ok,0,0,0.0,31.9
mpd,0.0,5,ack-4f,w,3,3,0,ctl,ok,0,0,5.4,31.9
mpd,0.0,5,qpsk-r1/3,w,9,2,1,data,ok,7,7,1.1,31.9
mpd,0.0,5,ack-4f,w,3,3,0,ctl,ok,0,0,1.9,31.9
mpd,0.0,5,qpsk-r1/3,w,9,2,1,data,ok,7,7,1.3,31.9
mpd,0.0,5,ack-4f,w,3,3,0,ctl,ok,0,0,1.7,31.9
mpd,0.0,5,qpsk-r1/3,w,9,2,1,data,ok,7,7,3.5,31.9
mpd,0.0,5,ack-4f,w,2,2,0,ctl,ok,0,0,-1.4,31.9
mpd,0.0,5,qpsk-r1/3,w,9,1,0,data,ok,8,8,1.3,31.9
mpd,0.0,5,ack-4f,w,2,2,0,ctl,ok,0,0,-1.4,31.9
mpd,0.0,5,qpsk-r1/3,w,9,1,0,data,ok,8,8,2.4,31.9
mpd,0.0,5,ack-4f,w,3,3,0,ctl,ok,0,0,3.3,31.9
mpd,0.0,5,qpsk-r1/3,w,9,2,1,data,ok,7,2,2.3,31.9
mpd,0.0,5,ack-4f,w,3,3,0,ctl,ok,0,0,3.4,31.9
mpd,0.0,5,qpsk-r1/3,w,9,1,0,data,ok,3,3,2.6,31.9
mpd,0.0,9,qpsk-r1/5,w,1,1,0,ctl,ok,0,0,-0.0,33.6
mpd,0.0,9,qpsk-r1/5,w,1,1,0,ctl,ok,0,0,3.7,33.6
mpd,0.0,9,ack-4f,w,3,3,0,ctl,ok,0,0,3.4,33.6
mpd,0.0,9,ack-1f,w,3,3,0,ctl,ok,0,0,-0.1,33.6
mpd,0.0,9,qpsk-r1/3,w,9,2,1,data,ok,7,7,2.9,33.6
mpd,0.0,9,ack-1f,w,3,3,0,ctl,ok,0,0,7.3,33.6
mpd,0.0,9,qpsk-r1/3,w,9,2,1,data,ok,7,7,3.7,33.6
mpd,0.0,9,ack-1f,w,3,3,0,ctl,ok,0,0,4.7,33.6
mpd,0.0,9,qpsk-r1/3,w,9,2,1,data,ok,7,0,0.9,33.6
mpd,0.0,9,ack-1f,w,3,3,0,ctl,ok,0,0,1.1,33.6
mpd,0.0,9,qpsk-r1/3,w,9,2,1,data,ok,0,0,2.8,33.6
mpd,0.0,9,ack-1f,w,3,3,0,ctl,ok,0,0,3.6,33.6
mpd,0.0,9,qpsk-r1/3,w,9,2,1,data,ok,7,7,1.4,33.6
mpd,0.0,9,ack-1f,w,3,3,0,ctl,ok,0,0,5.6,33.6
mpd,0.0,9,qpsk-r1/3,w,9,2,1,data,ok,7,7,3.1,33.6
mpd,0.0,9,ack-1f,w,3,3,0,ctl,ok,0,0,4.6,33.6
mpd,0.0,9,qpsk-r1/3,w,9,2,1,data,ok,7,7,1.6,33.6
mpd,0.0,9,ack-1f,w,3,3,0,ctl,ok,0,0,2.9,33.6
mpd,0.0,9,qpsk-r1/3,w,9,2,1,data,ok,7,1,0.5,33.6
mpd,0.0,9,ack-1f,w,3,3,0,ctl,ok,0,0,1.1,33.6
mpd,0.0,9,qpsk-r1/3,w,9,2,1,data,ok,2,2,2.2,33.6
mpd,0.0,9,ack-1f,w,3,3,0,ctl,ok,0,0,2.0,33.6
mpd,0.0,9,qpsk-r1/3,w,9,2,1,data,ok,7,7,2.0,33.6
mpd,0.0,9,ack-1f,w,2,2,0,ctl,ok,0,0,6.1,33.6
mpd,0.0,9,qpsk-r1/3,w,9,1,0,data,ok,8,8,3.8,33.6
mpd,0.0,9,ack-1f,w,2,2,0,ctl,ok,0,0,1.3,33.6
mpd,0.0,9,qpsk-r1/3,w,9,1,0,data,ctl_lost,8,1,0.3,33.6
mpd,0.0,9,ack-4f,w,3,3,0,ctl,ok,0,0,0.7,33.6
mpd,0.0,9,ack-4f,w,3,3,0,ctl,ok,0,0,1.8,33.6
mpd,0.0,9,qpsk-r1/5,w,9,2,1,data,ok,7,7,1.4,33.6
mpd,0.0,9,ack-1f,w,3,3,0,ctl,ok,0,0,2.8,33.6
mpd,0.0,9,qpsk-r1/3,w,9,2,1,data,ok,7,7,3.0,33.6
mpd,0.0,9,ack-1f,w,3,3,0,ctl,ok,0,0,3.3,33.6
mpd,0.0,9,qpsk-r1/3,w,9,2,1,data,ok,7,0,3.4,33.6
mpd,0.0,9,ack-1f,w,3,3,0,ctl,ctl_lost,0,0,-0.7,33.6
mpd,0.0,9,ack-4f,w,3,3,0,ctl,ok,0,0,2.1,33.6
mpd,0.0,9,ack-4f,w,3,3,0,ctl,ok,0,0,3.7,33.6
mpd,0.0,9,qpsk-r1/3,w,9,2,1,data,ok,7,7,3.5,33.6
mpd,0.0,9,ack-4f,w,2,2,0,ctl,ok,0,0,3.1,33.6
mpd,0.0,9,qpsk-r1/3,w,9,1,0,data,ok,8,8,1.0,33.6
mpd,0.0,9,ack-1f,w,2,2,0,ctl,ctl_lost,0,0,-0.2,33.6
mpd,0.0,9,ack-4f,w,3,3,0,ctl,ok,0,0,4.0,33.6
mpd,0.0,9,ack-4f,w,3,3,0,ctl,ok,0,0,-0.3,33.6
mpd,0.0,9,qpsk-r1/3,w,9,2,1,data,ok,7,0,0.9,33.6
mpd,0.0,9,ack-4f,w,2,2,0,ctl,ok,0,0,2.6,33.6
mpd,0.0,9,qpsk-r1/3,w,9,1,0,data,ok,1,1,2.8,33.6
mpd,0.0,9,ack-4f,w,3,3,0,ctl,ok,0,0,-0.3,33.6
mpd,0.0,9,qpsk-r1/3,w,9,2,1,data,ok,7,7,1.6,33.6
mpd,0.0,9,ack-4f,w,2,2,0,ctl,ok,0,0,3.8,33.6
mpd,0.0,9,qpsk-r1/3,w,9,1,0,data,ok,8,8,4.5,33.6
mpd,0.0,9,ack-4f,w,2,2,0,ctl,ok,0,0,2.1,33.6
mpd,0.0,9,qpsk-r1/3,w,9,1,0,data,ok,8,8,0.4,33.6
mpd,0.0,9,ack-4f,w,2,2,0,ctl,ok,0,0,3.6,33.6
mpd,0.0,9,qpsk-r1/3,w,9,1,0,data,ok,8,8,3.9,33.6
mpd,0.0,9,ack-4f,w,2,2,0,ctl,ok,0,0,3.9,33.6
mpd,0.0,9,qpsk-r1/3,w,9,1,0,data,ok,8,8,2.0,33.6
mpd,0.0,9,ack-4f,w,2,2,0,ctl,ok,0,0,3.3,33.6
mpd,0.0,9,qpsk-r1/3,w,9,1,0,data,ok,8,8,2.7,33.6
mpd,0.0,9,ack-4f,w,2,2,0,ctl,ok,0,0,4.6,33.6
mpd,0.0,9,qpsk-r1/3,w,9,1,0,data,ok,8,8,3.2,33.6
mpd,0.0,9,ack-4f,w,2,2,0,ctl,ok,0,0,-1.0,33.6
mpd,0.0,9,qpsk-r1/3,w,9,1,0,data,ok,8,8,3.2,33.6
mpd,0.0,9,ack-4f,w,2,2,0,ctl,ok,0,0,6.2,33.6
mpd,0.0,9,qpsk-r1/3,w,9,1,0,data,ok,8,8,3.4,33.6
mpd,0.0,9,ack-4f,w,2,2,0,ctl,ok,0,0,6.5,33.6
mpd,0.0,9,qpsk-r1/3,w,9,1,0,data,ok,8,8,1.7,33.6
mpd,0.0,9,ack-1f,w,2,2,0,ctl,ok,0,0,0.4,33.6
mpd,0.0,9,qpsk-r1/3,w,9,1,0,data,ok,8,8,4.0,33.6
mpd,0.0,9,ack-4f,w,2,2,0,ctl,ok,0,0,3.9,33.6
mpd,0.0,9,qpsk-r1/3,w,9,1,0,data,ok,8,8,1.9,33.6
mpd,0.0,9,ack-4f,w,2,2,0,ctl,ok,0,0,4.3,33.6
mpd,0.0,9,qpsk-r1/3,w,9,1,0,data,ok,8,8,3.9,33.6
mpd,0.0,9,ack-4f,w,2,2,0,ctl,ok,0,0,3.0,33.6
mpd,0.0,9,qpsk-r1/3,w,9,1,0,data,ok,8,8,4.2,33.6
mpd,0.0,9,ack-4f,w,2,2,0,ctl,ok,0,0,3.1,33.6
mpd,0.0,9,qpsk-r1/3,w,9,1,0,data,ok,8,8,1.0,33.6
mpd,0.0,9,ack-4f,w,2,2,0,ctl,ok,0,0,4.7,33.6
mpd,0.0,9,qpsk-r1/3,w,9,1,0,data,ok,8,8,3.2,33.6
mpd,0.0,9,ack-4f,w,2,2,0,ctl,ok,0,0,6.2,33.6
mpd,0.0,9,qpsk-r1/3,w,9,1,0,data,ctl_lost,8,0,-0.1,33.6
mpd,0.0,9,ack-4f,w,3,3,0,ctl,ok,0,0,2.0,33.6
mpd,0.0,9,ack-4f,w,3,3,0,ctl,ok,0,0,4.9,33.6
mpd,0.0,9,qpsk-r1/3,w,9,2,1,data,ok,7,7,1.6,33.6
mpd,0.0,9,ack-4f,w,3,3,0,ctl,ok,0,0,2.4,33.6
mpd,0.0,9,qpsk-r1/3,w,9,2,1,data,ok,7,7,1.6,33.6
mpd,0.0,9,ack-4f,w,3,3,0,ctl,ok,0,0,1.8,33.6
mpd,0.0,9,qpsk-r1/3,w,9,2,1,data,ok,7,6,1.2,33.6
mpd,0.0,9,ack-4f,w,3,3,0,ctl,ok,0,0,0.1,33.6
mpd,0.0,9,qpsk-r1/3,w,9,2,1,data,ok,6,0,0.7,33.6
mpd,0.0,9,ack-4f,w,3,3,0,ctl,ok,0,0,1.2,33.6
mpd,0.0,9,qpsk-r1/3,w,9,2,1,data,ok,2,2,3.3,33.6
mpd,0.0,9,ack-4f,w,2,2,0,ctl,ok,0,0,1.9,33.6
mpd,0.0,9,qpsk-r1/3,w,9,1,0,data,ok,8,8,3.1,33.6
mpd,0.0,9,ack-4f,w,2,2,0,ctl,ok,0,0,0.6,33.6
mpd,0.0,9,qpsk-r1/3,w,9,1,0,data,ok,8,8,1.0,33.6
mpd,0.0,7,qpsk-r1/5,w,1,1,0,ctl,ok,0,0,5.8,34.0
mpd,0.0,7,qpsk-r1/5,w,1,1,0,ctl,ok,0,0,6.7,34.0
mpd,0.0,7,ack-4f,w,3,3,0,ctl,ok,0,0,3.4,34.0
mpd,0.0,7,ack-1f,w,3,3,0,ctl,ok,0,0,1.4,34.0
mpd,0.0,7,qpsk-r1/2,w,9,2,1,data,ok,7,0,2.8,34.0
mpd,0.0,7,ack-1f,w,3,3,0,ctl,ok,0,0,6.0,34.0
mpd,0.0,7,qpsk-r1/3,w,9,2,1,data,ok,7,7,1.0,34.0
mpd,0.0,7,ack-1f,w,3,3,0,ctl,ok,0,0,3.9,34.0
mpd,0.0,7,qpsk-r1/3,w,9,2,1,data,ok,7,7,2.7,34.0
mpd,0.0,7,ack-1f,w,3,3,0,ctl,ok,0,0,2.0,34.0
mpd,0.0,7,qpsk-r1/3,w,9,2,1,data,ok,7,7,3.3,34.0
mpd,0.0,7,ack-1f,w,3,3,0,ctl,ok,0,0,2.2,34.0
mpd,0.0,7,qpsk-r1/3,w,9,2,1,data,ok,7,7,0.5,34.0
mpd,0.0,7,ack-1f,w,3,3,0,ctl,ok,0,0,4.4,34.0
mpd,0.0,7,qpsk-r1/3,w,9,2,1,data,ok,7,2,0.8,34.0
mpd,0.0,7,ack-1f,w,3,3,0,ctl,ok,0,0,3.6,34.0
mpd,0.0,7,qpsk-r1/3,w,9,2,1,data,ok,2,2,2.5,34.0
mpd,0.0,7,ack-1f,w,3,3,0,ctl,ok,0,0,1.1,34.0
mpd,0.0,7,qpsk-r1/3,w,9,2,1,data,ok,7,7,1.5,34.0
mpd,0.0,7,ack-1f,w,3,3,0,ctl,ctl_lost,0,0,-2.7,34.0
mpd,0.0,7,ack-4f,w,3,3,0,ctl,ok,0,0,1.6,34.0
mpd,0.0,7,ack-4f,w,3,3,0,ctl,ok,0,0,2.5,34.0
mpd,0.0,7,qpsk-r1/3,w,9,2,1,data,ok,7,7,4.3,34.0
mpd,0.0,7,ack-4f,w,2,2,0,ctl,ok,0,0,1.2,34.0
mpd,0.0,7,qpsk-r1/3,w,9,1,,data,missed,0,0,,34.0
mpd,0.0,7,ack-4f,w,2,2,0,ctl,ok,0,0,3.5,34.0
mpd,0.0,7,ack-4f,w,2,2,0,ctl,ok,0,0,2.7,34.0
mpd,0.0,7,qpsk-r1/3,w,9,1,0,data,ok,8,8,3.5,34.0
mpd,0.0,7,ack-4f,w,2,2,0,ctl,ok,0,0,1.5,34.0
mpd,0.0,7,qpsk-r1/3,w,9,1,0,data,ok,8,8,2.4,34.0
mpd,0.0,7,ack-4f,w,2,2,0,ctl,ok,0,0,3.7,34.0
mpd,0.0,7,qpsk-r1/3,w,9,1,0,data,ok,8,8,4.0,34.0
mpd,0.0,7,ack-4f,w,2,2,0,ctl,ok,0,0,1.6,34.0
mpd,0.0,7,qpsk-r1/3,w,9,1,0,data,ok,8,8,2.3,34.0
mpd,0.0,7,ack-4f,w,2,2,0,ctl,ok,0,0,2.3,34.0
mpd,0.0,7,qpsk-r1/3,w,9,1,0,data,ok,8,8,2.8,34.0
mpd,0.0,7,ack-4f,w,2,2,0,ctl,ok,0,0,5.8,34.0
mpd,0.0,7,qpsk-r1/3,w,9,1,0,data,ok,8,8,1.7,34.0
mpd,0.0,7,ack-1f,w,2,2,0,ctl,ok,0,0,2.4,34.0
mpd,0.0,7,qpsk-r1/3,w,9,1,0,data,ok,8,8,4.5,34.0
mpd,0.0,7,ack-1f,w,2,2,0,ctl,ok,0,0,5.4,34.0
mpd,0.0,7,qpsk-r1/3,w,9,1,0,data,ok,8,8,2.5,34.0
mpd,0.0,7,ack-1f,w,2,2,0,ctl,ok,0,0,5.0,34.0
mpd,0.0,7,qpsk-r1/3,w,9,1,0,data,ok,8,8,4.4,34.0
mpd,0.0,7,ack-1f,w,2,2,0,ctl,ok,0,0,-2.0,34.0
mpd,0.0,7,qpsk-r1/3,w,9,1,0,data,ok,8,8,2.3,34.0
mpd,0.0,7,ack-4f,w,2,2,0,ctl,ok,0,0,3.5,34.0
mpd,0.0,7,qpsk-r1/3,w,9,1,0,data,ok,8,8,1.4,34.0
mpd,0.0,7,ack-4f,w,2,2,0,ctl,ok,0,0,3.2,34.0
mpd,0.0,7,qpsk-r1/3,w,9,1,0,data,ctl_lost,8,3,0.8,34.0
mpd,0.0,7,ack-4f,w,3,3,0,ctl,ok,0,0,1.3,34.0
mpd,0.0,7,ack-4f,w,3,3,0,ctl,ok,0,0,1.9,34.0
mpd,0.0,7,qpsk-r1/3,w,9,2,1,data,ok,7,7,4.2,34.0
mpd,0.0,7,ack-4f,w,2,2,0,ctl,ok,0,0,1.9,34.0
mpd,0.0,7,qpsk-r1/3,w,9,1,0,data,ok,8,8,1.4,34.0
mpd,0.0,7,ack-4f,w,2,2,0,ctl,ok,0,0,3.7,34.0
mpd,0.0,7,qpsk-r1/3,w,9,1,0,data,ok,8,8,1.7,34.0
mpd,0.0,7,ack-4f,w,3,3,0,ctl,ok,0,0,2.4,34.0
mpd,0.0,7,qpsk-r1/3,w,9,2,1,data,ok,7,7,3.6,34.0
mpd,0.0,7,ack-1f,w,2,2,0,ctl,ctl_lost,0,0,-1.8,34.0
mpd,0.0,7,ack-4f,w,3,3,0,ctl,ok,0,0,3.8,34.0
mpd,0.0,7,ack-4f,w,2,2,0,ctl,ok,0,0,4.9,34.0
mpd,0.0,7,qpsk-r1/3,w,9,1,0,data,ok,8,2,0.9,34.0
mpd,0.0,7,ack-4f,w,3,3,0,ctl,ok,0,0,2.7,34.0
mpd,0.0,7,qpsk-r1/3,w,9,1,0,data,ok,2,2,1.8,34.0
mpd,0.0,7,ack-4f,w,3,3,0,ctl,ok,0,0,4.6,34.0
mpd,0.0,7,qpsk-r1/3,w,9,2,1,data,ok,7,7,2.5,34.0
mpd,0.0,7,ack-4f,w,2,2,0,ctl,ok,0,0,3.9,34.0
mpd,0.0,7,qpsk-r1/3,w,9,1,0,data,ok,8,8,3.8,34.0
mpd,0.0,7,ack-4f,w,2,2,0,ctl,ok,0,0,3.7,34.0
mpd,0.0,7,qpsk-r1/3,w,9,1,0,data,ok,8,8,2.7,34.0
mpd,0.0,7,ack-4f,w,2,2,0,ctl,ok,0,0,2.3,34.0
mpd,0.0,7,qpsk-r1/3,w,9,1,0,data,ok,8,8,2.7,34.0
mpd,0.0,7,ack-4f,w,2,2,0,ctl,ok,0,0,5.2,34.0
mpd,0.0,7,qpsk-r1/3,w,9,1,0,data,ok,8,8,3.7,34.0
mpd,0.0,7,ack-4f,w,2,2,0,ctl,ok,0,0,2.1,34.0
mpd,0.0,7,qpsk-r1/3,w,9,1,0,data,ok,8,8,4.2,34.0
mpd,0.0,7,ack-4f,w,2,2,0,ctl,ok,0,0,1.2,34.0
mpd,0.0,7,qpsk-r1/3,w,9,1,0,data,ok,8,8,2.3,34.0
mpd,0.0,7,ack-4f,w,2,2,0,ctl,ok,0,0,1.7,34.0
mpd,0.0,7,qpsk-r1/3,w,9,1,0,data,ok,8,8,3.5,34.0
mpd,0.0,7,ack-4f,w,2,2,0,ctl,ok,0,0,4.2,34.0
mpd,0.0,7,qpsk-r1/3,w,9,1,0,data,ok,8,8,1.6,34.0
mpd,0.0,7,ack-4f,w,2,2,0,ctl,ok,0,0,0.7,34.0
mpd,0.0,7,qpsk-r1/3,w,9,1,0,data,ctl_lost,8,3,0.9,34.0
mpd,0.0,7,ack-4f,w,3,3,0,ctl,ok,0,0,1.9,34.0
mpd,0.0,7,ack-4f,w,3,3,0,ctl,ok,0,0,0.2,34.0
mpd,0.0,7,qpsk-r1/3,w,9,2,1,data,ok,7,0,0.8,34.0
mpd,0.0,7,ack-4f,w,3,3,0,ctl,ok,0,0,4.1,34.0
mpd,0.0,7,qpsk-r1/3,w,9,2,1,data,ok,0,0,1.0,34.0
mpd,0.0,7,ack-4f,w,3,3,0,ctl,ok,0,0,0.6,34.0
mpd,0.0,7,qpsk-r1/3,w,9,2,1,data,ok,7,6,1.3,34.0
mpd,0.0,7,ack-4f,w,3,3,0,ctl,ok,0,0,3.1,34.0
mpd,0.0,7,qpsk-r1/3,w,9,2,1,data,ok,6,6,2.3,34.0
mpd,0.0,7,ack-4f,w,2,2,0,ctl,ok,0,0,3.3,34.0
mpd,0.0,7,qpsk-r1/3,w,9,1,0,data,ok,8,8,2.2,34.0
mpd,0.0,10,qpsk-r1/5,w,1,1,0,ctl,ok,0,0,5.8,31.4
mpd,0.0,10,qpsk-r1/5,w,1,1,0,ctl,ok,0,0,3.5,31.4
mpd,0.0,10,ack-4f,w,3,3,0,ctl,ok,0,0,2.5,31.4
mpd,0.0,10,ack-1f,w,3,3,0,ctl,ok,0,0,3.8,31.4
mpd,0.0,10,qpsk-r1/2,w,9,2,1,data,ok,7,0,1.8,31.4
mpd,0.0,10,ack-1f,w,2,2,0,ctl,ok,0,0,-0.4,31.4
mpd,0.0,10,qpsk-r1/5,w,9,1,0,data,ok,8,8,2.1,31.4
mpd,0.0,10,ack-1f,w,2,2,0,ctl,ctl_lost,0,0,-0.2,31.4
mpd,0.0,10,ack-4f,w,4,4,0,ctl,ok,0,0,2.1,31.4
mpd,0.0,10,ack-4f,w,2,2,0,ctl,ok,0,0,3.9,31.4
mpd,0.0,10,qpsk-r1/5,w,9,1,0,data,ok,8,8,1.2,31.4
mpd,0.0,10,ack-4f,w,2,2,0,ctl,ok,0,0,4.4,31.4
mpd,0.0,10,qpsk-r1/5,w,9,1,0,data,ok,8,8,3.5,31.4
mpd,0.0,10,ack-4f,w,2,2,0,ctl,ok,0,0,3.4,31.4
mpd,0.0,10,qpsk-r1/5,w,9,1,0,data,ok,8,8,1.7,31.4
mpd,0.0,10,ack-1f,w,3,3,0,ctl,ok,0,0,4.8,31.4
mpd,0.0,10,qpsk-r1/3,w,9,2,1,data,ok,7,7,2.3,31.4
mpd,0.0,10,ack-1f,w,3,3,0,ctl,ok,0,0,1.0,31.4
mpd,0.0,10,qpsk-r1/3,w,9,2,1,data,ok,7,7,2.3,31.4
mpd,0.0,10,ack-4f,w,3,3,0,ctl,ok,0,0,4.1,31.4
mpd,0.0,10,qpsk-r1/3,w,9,2,1,data,ok,7,7,2.8,31.4
mpd,0.0,10,ack-4f,w,3,3,0,ctl,ok,0,0,0.8,31.4
mpd,0.0,10,qpsk-r1/3,w,9,2,1,data,ok,7,7,3.4,31.4
mpd,0.0,10,ack-4f,w,3,3,0,ctl,ok,0,0,-0.7,31.4
mpd,0.0,10,qpsk-r1/3,w,9,2,1,data,ok,7,0,0.1,31.4
mpd,0.0,10,ack-4f,w,3,3,0,ctl,ok,0,0,5.1,31.4
mpd,0.0,10,qpsk-r1/3,w,9,2,1,data,ok,1,1,1.0,31.4
mpd,0.0,10,ack-4f,w,3,3,0,ctl,ok,0,0,1.1,31.4
mpd,0.0,10,qpsk-r1/3,w,9,2,1,data,ok,7,7,2.3,31.4
mpd,0.0,10,ack-4f,w,3,3,0,ctl,ok,0,0,2.2,31.4
mpd,0.0,10,qpsk-r1/3,w,9,2,1,data,ok,7,0,1.4,31.4
mpd,0.0,10,ack-4f,w,3,3,0,ctl,ok,0,0,3.7,31.4
mpd,0.0,10,qpsk-r1/3,w,9,2,1,data,ok,0,0,3.3,31.4
mpd,0.0,10,ack-4f,w,2,2,0,ctl,ok,0,0,3.1,31.4
mpd,0.0,10,qpsk-r1/3,w,9,1,0,data,ok,8,8,1.4,31.4
mpd,0.0,10,ack-4f,w,2,2,0,ctl,ok,0,0,1.1,31.4
mpd,0.0,10,qpsk-r1/3,w,9,1,0,data,ok,8,8,1.2,31.4
mpd,0.0,10,ack-4f,w,3,3,0,ctl,ok,0,0,4.6,31.4
mpd,0.0,10,qpsk-r1/3,w,9,2,1,data,ok,7,7,3.1,31.4
mpd,0.0,10,ack-4f,w,2,2,0,ctl,ok,0,0,3.8,31.4
mpd,0.0,10,qpsk-r1/3,w,9,1,0,data,ok,8,8,2.4,31.4
mpd,0.0,10,ack-1f,w,2,2,0,ctl,ok,0,0,4.2,31.4
mpd,0.0,10,qpsk-r1/3,w,9,1,0,data,ok,8,8,3.4,31.4
mpd,0.0,10,ack-1f,w,2,2,0,ctl,ok,0,0,4.5,31.4
mpd,0.0,10,qpsk-r1/3,w,9,1,0,data,ok,8,8,3.0,31.4
mpd,0.0,10,ack-1f,w,2,2,0,ctl,ok,0,0,1.5,31.4
mpd,0.0,10,qpsk-r1/3,w,9,1,0,data,ok,8,8,2.7,31.4
mpd,0.0,10,ack-1f,w,2,2,0,ctl,ok,0,0,1.5,31.4
mpd,0.0,10,qpsk-r1/3,w,9,1,0,data,ok,8,8,1.1,31.4
mpd,0.0,10,ack-4f,w,2,2,0,ctl,ok,0,0,1.2,31.4
mpd,0.0,10,qpsk-r1/3,w,9,1,0,data,ok,8,8,3.5,31.4
mpd,0.0,10,ack-4f,w,2,2,0,ctl,ok,0,0,1.2,31.4
mpd,0.0,10,qpsk-r1/3,w,9,1,0,data,ok,8,8,2.6,31.4
mpd,0.0,10,ack-4f,w,2,2,0,ctl,ok,0,0,3.3,31.4
mpd,0.0,10,qpsk-r1/3,w,9,1,0,data,ok,8,8,1.5,31.4
mpd,0.0,10,ack-4f,w,2,2,0,ctl,ok,0,0,4.2,31.4
mpd,0.0,10,qpsk-r1/3,w,9,1,0,data,ok,8,8,3.5,31.4
mpd,0.0,10,ack-1f,w,2,2,0,ctl,ok,0,0,0.7,31.4
mpd,0.0,10,qpsk-r1/3,w,9,1,0,data,ok,8,8,2.4,31.4
mpd,0.0,10,ack-1f,w,2,2,0,ctl,ctl_lost,0,0,1.8,31.4
mpd,0.0,10,ack-4f,w,3,3,0,ctl,ok,0,0,1.7,31.4
mpd,0.0,10,ack-4f,w,2,2,0,ctl,ok,0,0,5.8,31.4
mpd,0.0,10,qpsk-r1/3,w,9,1,0,data,ok,8,8,1.8,31.4
mpd,0.0,10,ack-4f,w,2,2,0,ctl,ok,0,0,2.0,31.4
mpd,0.0,10,qpsk-r1/3,w,9,1,0,data,ok,8,8,3.1,31.4
mpd,0.0,10,ack-4f,w,2,2,0,ctl,ok,0,0,1.8,31.4
mpd,0.0,10,qpsk-r1/3,w,9,1,0,data,ok,8,8,3.2,31.4
mpd,0.0,10,ack-4f,w,2,2,0,ctl,ok,0,0,2.1,31.4
mpd,0.0,10,qpsk-r1/3,w,9,1,0,data,ok,8,8,0.4,31.4
mpd,0.0,10,ack-4f,w,2,2,0,ctl,ok,0,0,2.7,31.4
mpd,0.0,10,qpsk-r1/3,w,9,1,0,data,ctl_lost,8,3,1.5,31.4
mpd,0.0,10,ack-4f,w,3,3,0,ctl,ok,0,0,1.3,31.4
mpd,0.0,10,ack-4f,w,3,3,0,ctl,ok,0,0,3.1,31.4
mpd,0.0,10,qpsk-r1/3,w,9,2,1,data,ok,7,2,0.9,31.4
mpd,0.0,10,ack-4f,w,3,3,0,ctl,ok,0,0,1.6,31.4
mpd,0.0,10,qpsk-r1/3,w,9,2,1,data,ok,2,2,2.4,31.4
mpd,0.0,10,ack-4f,w,3,3,0,ctl,ok,0,0,3.5,31.4
mpd,0.0,10,qpsk-r1/3,w,9,2,1,data,ok,7,7,3.0,31.4
mpd,0.0,10,ack-4f,w,2,2,0,ctl,ok,0,0,0.5,31.4
mpd,0.0,10,qpsk-r1/3,w,9,1,0,data,ok,8,8,2.2,31.4
mpd,0.0,10,ack-4f,w,2,2,0,ctl,ok,0,0,4.8,31.4
mpd,0.0,10,qpsk-r1/3,w,9,1,0,data,ok,8,8,3.5,31.4
mpd,0.0,10,ack-4f,w,2,2,0,ctl,ok,0,0,4.0,31.4
mpd,0.0,10,qpsk-r1/3,w,9,1,0,data,ctl_lost,8,0,0.1,31.4
mpd,0.0,10,ack-4f,w,3,3,0,ctl,ok,0,0,2.6,31.4
mpd,0.0,10,ack-4f,w,3,3,0,ctl,ok,0,0,1.9,31.4
mpd,0.0,10,qpsk-r1/3,w,9,2,1,data,ok,7,7,2.7,31.4
mpd,0.0,10,ack-4f,w,2,2,0,ctl,ok,0,0,1.9,31.4
mpd,0.0,10,qpsk-r1/3,w,9,1,0,data,ctl_lost,8,0,0.7,31.4
mpd,0.0,10,ack-4f,w,2,2,0,ctl,ok,0,0,2.8,31.4
mpd,0.0,10,ack-4f,w,3,3,0,ctl,ok,0,0,3.6,31.4
mpd,0.0,10,qpsk-r1/3,w,9,2,1,data,ok,7,7,1.4,31.4
mpd,0.0,10,ack-4f,w,3,3,0,ctl,ok,0,0,2.3,31.4
mpd,0.0,10,qpsk-r1/3,w,9,2,1,data,ok,7,1,1.4,31.4
mpd,0.0,10,ack-4f,w,3,3,0,ctl,ok,0,0,0.1,31.4
mpd,0.0,11,qpsk-r1/5,w,1,1,0,ctl,ok,0,0,3.1,23.8
mpd,0.0,11,qpsk-r1/5,w,1,1,0,ctl,ok,0,0,2.7,23.8
mpd,0.0,11,ack-4f,w,3,3,0,ctl,ok,0,0,4.6,23.8
mpd,0.0,11,ack-1f,w,3,3,0,ctl,ok,0,0,4.6,23.8
mpd,0.0,11,qpsk-r1/2,w,9,2,1,data,ok,7,7,3.6,23.8
mpd,0.0,11,ack-1f,w,3,3,0,ctl,ctl_lost,0,0,-1.8,23.8
mpd,0.0,11,ack-4f,w,3,3,0,ctl,ok,0,0,1.2,23.8
mpd,0.0,11,ack-4f,w,3,3,0,ctl,ok,0,0,-0.1,23.8
mpd,0.0,11,qpsk-r1/2,w,9,2,1,data,ok,7,0,0.0,23.8
mpd,0.0,11,ack-4f,w,3,3,0,ctl,ok,0,0,3.1,23.8
mpd,0.0,11,qpsk-r1/5,w,9,2,1,data,ok,7,7,3.5,23.8
mpd,0.0,11,ack-4f,w,2,2,0,ctl,ok,0,0,2.8,23.8
mpd,0.0,11,qpsk-r1/5,w,9,1,0,data,ok,8,8,2.2,23.8
mpd,0.0,11,ack-4f,w,3,3,0,ctl,ok,0,0,3.0,23.8
mpd,0.0,11,qpsk-r1/2,w,9,2,1,data,ok,7,6,3.0,23.8
mpd,0.0,11,ack-4f,w,3,3,0,ctl,ok,0,0,4.6,23.8
mpd,0.0,11,qpsk-r1/2,w,9,2,1,data,ok,7,0,2.2,23.8
mpd,0.0,11,ack-4f,w,3,3,0,ctl,ok,0,0,0.4,23.8
mpd,0.0,11,qpsk-r1/2,w,9,2,1,data,ok,0,0,2.6,23.8
mpd,0.0,11,ack-4f,w,3,3,0,ctl,ok,0,0,2.9,23.8
mpd,0.0,11,qpsk-r1/2,w,9,2,1,data,ok,7,0,2.0,23.8
mpd,0.0,11,ack-4f,w,3,3,0,ctl,ok,0,0,0.8,23.8
mpd,0.0,11,qpsk-r1/2,w,9,2,1,data,ok,0,0,3.5,23.8
mpd,0.0,11,ack-4f,w,3,3,0,ctl,ok,0,0,2.1,23.8
mpd,0.0,11,qpsk-r1/2,w,9,2,1,data,ok,7,0,1.7,23.8
mpd,0.0,11,ack-4f,w,3,3,0,ctl,ok,0,0,3.6,23.8
mpd,0.0,11,qpsk-r1/2,w,9,2,1,data,ok,0,0,3.2,23.8
mpd,0.0,11,ack-4f,w,3,3,0,ctl,ok,0,0,4.5,23.8
mpd,0.0,11,qpsk-r1/2,w,9,2,1,data,ok,7,7,3.2,23.8
mpd,0.0,11,ack-4f,w,2,2,0,ctl,ok,0,0,1.4,23.8
mpd,0.0,11,qpsk-r1/2,w,9,1,0,data,ctl_lost,8,0,1.2,23.8
mpd,0.0,11,ack-4f,w,3,3,0,ctl,ok,0,0,4.0,23.8
mpd,0.0,11,ack-4f,w,3,3,0,ctl,ok,0,0,5.8,23.8
mpd,0.0,11,qpsk-r1/2,w,9,2,1,data,ok,7,0,0.9,23.8
mpd,0.0,11,ack-4f,w,3,3,0,ctl,ok,0,0,4.6,23.8
mpd,0.0,11,qpsk-r1/2,w,9,2,1,data,ok,0,0,2.4,23.8
mpd,0.0,11,ack-4f,w,3,3,0,ctl,ok,0,0,1.8,23.8
mpd,0.0,11,qpsk-r1/2,w,9,2,1,data,ok,7,0,2.3,23.8
mpd,0.0,11,ack-4f,w,3,3,0,ctl,ok,0,0,2.0,23.8
mpd,0.0,11,qpsk-r1/2,w,9,2,1,data,ok,0,0,-0.0,23.8
mpd,0.0,11,ack-4f,w,3,3,0,ctl,ok,0,0,1.6,23.8
mpd,0.0,11,qpsk-r1/2,w,9,2,1,data,ok,7,0,1.9,23.8
mpd,0.0,11,ack-4f,w,2,2,0,ctl,ok,0,0,1.0,23.8
mpd,0.0,11,qpsk-r1/5,w,9,1,0,data,ok,8,8,1.7,23.8
mpd,0.0,11,ack-4f,w,3,3,0,ctl,ok,0,0,2.2,23.8
mpd,0.0,11,qpsk-r1/2,w,9,2,1,data,ok,7,7,3.8,23.8
mpd,0.0,11,ack-4f,w,2,2,0,ctl,ok,0,0,4.7,23.8
mpd,0.0,11,qpsk-r1/2,w,9,1,0,data,ctl_lost,8,0,2.1,23.8
mpd,0.0,11,ack-4f,w,3,3,0,ctl,ok,0,0,3.2,23.8
mpd,0.0,11,ack-4f,w,3,3,0,ctl,ok,0,0,0.1,23.8
mpd,0.0,11,qpsk-r1/2,w,9,2,1,data,ok,7,2,2.8,23.8
mpd,0.0,11,ack-4f,w,3,3,0,ctl,ok,0,0,4.6,23.8
mpd,0.0,11,qpsk-r1/2,w,9,2,1,data,ok,2,0,0.7,23.8
mpd,0.0,11,ack-4f,w,3,3,0,ctl,ok,0,0,2.1,23.8
mpd,0.0,11,qpsk-r1/2,w,9,2,1,data,ok,5,0,2.1,23.8
mpd,0.0,11,ack-4f,w,2,2,0,ctl,ok,0,0,3.1,23.8
mpd,0.0,11,qpsk-r1/5,w,9,1,0,data,ok,8,8,2.4,23.8
mpd,0.0,11,ack-4f,w,3,3,0,ctl,ok,0,0,3.5,23.8
mpd,0.0,11,qpsk-r1/2,w,9,2,1,data,ok,7,7,4.0,23.8
mpd,0.0,11,ack-4f,w,2,2,0,ctl,ok,0,0,4.9,23.8
mpd,0.0,11,qpsk-r1/2,w,9,1,0,data,ctl_lost,8,0,2.0,23.8
mpd,0.0,11,ack-4f,w,3,3,0,ctl,ok,0,0,2.2,23.8
mpd,0.0,11,ack-4f,w,3,3,0,ctl,ok,0,0,4.2,23.8
mpd,0.0,11,qpsk-r1/2,w,9,2,1,data,ok,7,0,0.1,23.8
mpd,0.0,11,ack-4f,w,3,3,0,ctl,ok,0,0,3.8,23.8
mpd,0.0,11,qpsk-r1/2,w,9,2,1,data,ok,0,0,2.3,23.8
mpd,0.0,11,ack-4f,w,3,3,0,ctl,ok,0,0,4.9,23.8
mpd,0.0,11,qpsk-r1/2,w,9,2,1,data,ok,7,7,3.2,23.8
mpd,0.0,11,ack-4f,w,3,3,0,ctl,ok,0,0,0.8,23.8
mpd,0.0,11,qpsk-r1/2,w,9,2,1,data,ok,7,0,1.9,23.8
mpd,0.0,11,ack-4f,w,2,2,0,ctl,ok,0,0,4.2,23.8
mpd,0.0,11,qpsk-r1/2,w,9,1,0,data,ctl_lost,1,0,0.6,23.8
mpd,0.0,11,ack-4f,w,3,3,0,ctl,ok,0,0,0.8,23.8
mpd,0.0,11,ack-4f,w,2,2,0,ctl,ok,0,0,-0.6,23.8
mpd,0.0,11,qpsk-r1/5,w,9,1,0,data,ok,8,8,3.5,23.8
mpd,0.0,11,ack-4f,w,3,3,0,ctl,ok,0,0,2.4,23.8
mpd,0.0,11,qpsk-r1/2,w,9,2,1,data,ok,7,0,2.0,23.8
mpd,0.0,11,ack-4f,w,3,3,0,ctl,ok,0,0,1.5,23.8
mpd,0.0,11,qpsk-r1/2,w,9,2,1,data,ok,0,0,1.0,23.8
mpd,0.0,11,ack-4f,w,3,3,0,ctl,ok,0,0,3.1,23.8
mpd,0.0,11,qpsk-r1/2,w,9,2,1,data,ok,7,0,1.1,23.8
mpd,0.0,11,ack-4f,w,2,2,0,ctl,ok,0,0,-0.6,23.8
mpd,0.0,11,qpsk-r1/5,w,9,1,0,data,ok,8,8,3.1,23.8
mpd,0.0,11,ack-4f,w,2,2,0,ctl,ok,0,0,-0.2,23.8
mpd,0.0,11,qpsk-r1/5,w,9,1,0,data,ok,8,8,3.4,23.8
mpd,0.0,11,ack-4f,w,2,2,0,ctl,ok,0,0,1.8,23.8
mpd,0.0,11,qpsk-r1/2,w,9,1,0,data,ctl_lost,8,0,1.8,23.8
mpd,0.0,11,ack-4f,w,3,3,0,ctl,ok,0,0,0.6,23.8
mpd,0.0,11,ack-4f,w,2,2,0,ctl,ok,0,0,2.8,23.8
mpd,0.0,11,qpsk-r1/5,w,9,1,0,data,ok,8,8,2.2,23.8
mpd,0.0,11,ack-4f,w,2,2,0,ctl,ok,0,0,4.5,23.8
mpd,0.0,11,qpsk-r1/5,w,9,1,0,data,ok,8,8,1.5,23.8
mpd,8.0,0,qpsk-r1/5,w,1,1,0,ctl,ok,0,0,10.2,159.4
mpd,8.0,0,qpsk-r1/5,w,1,1,0,ctl,ok,0,0,10.0,159.4
mpd,8.0,0,ack-4f,w,2,2,0,ctl,ok,0,0,10.9,159.4
mpd,8.0,0,ack-1f,w,2,2,0,ctl,ok,0,0,9.7,159.4
mpd,8.0,0,w48-qpsk-r1/2,w48,19,1,0,data,ok,18,18,8.5,159.4
mpd,8.0,0,ack-1f,w,2,2,0,ctl,ok,0,0,10.7,159.4
mpd,8.0,0,w48-qpsk-r1/2,w48,19,1,0,data,ok,18,18,8.6,159.4
mpd,8.0,0,ack-1f,w,2,2,0,ctl,ok,0,0,9.9,159.4
mpd,8.0,0,w48-qpsk-r1/2,w48,19,1,0,data,ok,18,18,9.0,159.4
mpd,8.0,0,ack-1f,w,3,3,0,ctl,ok,0,0,8.6,159.4
mpd,8.0,0,w48-16qam-r1/3,w48,19,2,1,data,ok,17,17,8.4,159.4
mpd,8.0,0,ack-1f,w,3,3,0,ctl,ok,0,0,13.1,159.4
mpd,8.0,0,w48-16qam-r1/3,w48,19,2,1,data,ok,17,17,9.6,159.4
mpd,8.0,0,ack-1f,w,2,2,0,ctl,ok,0,0,10.8,159.4
mpd,8.0,0,w48-16qam-r1/3,w48,19,1,0,data,ok,18,18,10.2,159.4
mpd,8.0,0,ack-1f,w,2,2,0,ctl,ok,0,0,8.5,159.4
mpd,8.0,0,w48-16qam-r1/3,w48,19,1,0,data,ctl_lost,18,0,7.4,159.4
mpd,8.0,0,ack-4f,w,2,2,0,ctl,ok,0,0,10.0,159.4
mpd,8.0,0,ack-4f,w,2,2,0,ctl,ok,0,0,11.0,159.4
mpd,8.0,0,w48-qpsk-r1/2,w48,19,1,0,data,ok,18,18,8.8,159.4
mpd,8.0,0,ack-1f,w,2,2,0,ctl,ok,0,0,7.4,159.4
mpd,8.0,0,w48-qpsk-r1/2,w48,19,1,0,data,ok,18,18,9.3,159.4
mpd,8.0,0,ack-1f,w,3,3,0,ctl,ok,0,0,9.8,159.4
mpd,8.0,0,w48-16qam-r1/3,w48,19,2,1,data,ok,17,16,8.4,159.4
mpd,8.0,0,ack-1f,w,4,4,0,ctl,ok,0,0,12.5,159.4
mpd,8.0,0,w48-16qam-r1/3,w48,19,2,1,data,ok,16,16,9.1,159.4
mpd,8.0,0,ack-1f,w,3,3,0,ctl,ok,0,0,7.6,159.4
mpd,8.0,0,w48-16qam-r1/3,w48,19,2,1,data,ok,17,15,8.0,159.4
mpd,8.0,0,ack-1f,w,4,4,0,ctl,ok,0,0,9.6,159.4
mpd,8.0,0,w48-16qam-r1/3,w48,19,2,1,data,ok,15,15,8.8,159.4
mpd,8.0,0,ack-1f,w,3,3,0,ctl,ok,0,0,11.0,159.4
mpd,8.0,0,w48-16qam-r1/3,w48,19,2,1,data,ok,17,1,7.3,159.4
mpd,8.0,0,ack-1f,w,3,3,0,ctl,ok,0,0,12.0,159.4
mpd,8.0,0,w48-qpsk-r1/2,w48,19,1,0,data,ok,18,18,8.9,159.4
mpd,8.0,0,ack-1f,w,2,2,0,ctl,ok,0,0,8.5,159.4
mpd,8.0,0,w48-qpsk-r1/2,w48,19,1,0,data,ok,18,18,9.4,159.4
mpd,8.0,0,ack-1f,w,3,3,0,ctl,ok,0,0,11.1,159.4
mpd,8.0,0,w48-16qam-r1/3,w48,19,2,1,data,ok,17,17,9.8,159.4
mpd,8.0,0,ack-1f,w,2,2,0,ctl,ok,0,0,10.0,159.4
mpd,8.0,0,w48-16qam-r1/3,w48,19,1,0,data,ok,18,18,8.8,159.4
mpd,8.0,0,ack-1f,w,2,2,0,ctl,ok,0,0,9.1,159.4
mpd,8.0,0,w48-16qam-r1/3,w48,19,1,0,data,ok,18,18,8.5,159.4
mpd,8.0,0,ack-1f,w,3,3,0,ctl,ok,0,0,8.1,159.4
mpd,8.0,0,w48-16qam-r1/3,w48,19,2,1,data,ok,17,17,9.9,159.4
mpd,8.0,0,ack-1f,w,2,2,0,ctl,ok,0,0,11.4,159.4
mpd,8.0,0,w48-16qam-r1/3,w48,19,1,0,data,ok,18,18,8.6,159.4
mpd,8.0,0,ack-1f,w,2,2,0,ctl,ok,0,0,10.9,159.4
mpd,8.0,0,w48-16qam-r1/3,w48,19,1,0,data,ok,18,18,9.3,159.4
mpd,8.0,0,ack-1f,w,2,2,0,ctl,ok,0,0,12.0,159.4
mpd,8.0,0,w48-16qam-r1/3,w48,19,1,0,data,ok,18,18,9.3,159.4
mpd,8.0,0,ack-1f,w,2,2,0,ctl,ok,0,0,11.8,159.4
mpd,8.0,0,w48-16qam-r1/3,w48,19,1,0,data,ok,18,18,8.0,159.4
mpd,8.0,0,ack-1f,w,3,3,0,ctl,ok,0,0,9.6,159.4
mpd,8.0,0,w48-16qam-r1/3,w48,19,2,1,data,ok,17,17,8.6,159.4
mpd,8.0,0,ack-1f,w,2,2,0,ctl,ok,0,0,13.0,159.4
mpd,8.0,0,w48-16qam-r1/3,w48,19,1,0,data,ok,18,18,9.1,159.4
mpd,8.0,0,ack-1f,w,2,2,0,ctl,ok,0,0,12.3,159.4
mpd,8.0,0,w48-16qam-r1/3,w48,19,1,0,data,ok,18,18,10.3,159.4
mpd,8.0,0,ack-1f,w,2,2,0,ctl,ok,0,0,11.0,159.4
mpd,8.0,0,w48-16qam-r1/3,w48,19,1,0,data,ok,18,18,9.3,159.4
mpd,8.0,0,ack-1f,w,2,2,0,ctl,ok,0,0,14.8,159.4
mpd,8.0,0,w48-16qam-r1/3,w48,19,1,0,data,ctl_lost,18,1,7.1,159.4
mpd,8.0,0,ack-4f,w,2,2,0,ctl,ok,0,0,9.4,159.4
mpd,8.0,0,ack-4f,w,3,3,0,ctl,ok,0,0,11.7,159.4
mpd,8.0,0,w48-qpsk-r1/2,w48,19,2,1,data,ok,17,17,8.0,159.4
mpd,8.0,0,ack-1f,w,2,2,0,ctl,ok,0,0,14.1,159.4
mpd,8.0,0,w48-qpsk-r1/2,w48,19,1,0,data,ok,18,18,8.7,159.4
mpd,8.0,0,ack-1f,w,3,3,0,ctl,ok,0,0,12.3,159.4
mpd,8.0,0,w48-16qam-r1/3,w48,19,2,1,data,ok,17,17,9.2,159.4
mpd,8.0,0,ack-1f,w,2,2,0,ctl,ok,0,0,12.8,159.4
mpd,8.0,0,w48-16qam-r1/3,w48,19,1,0,data,ctl_lost,18,0,7.5,159.4
mpd,8.0,0,ack-4f,w,2,2,0,ctl,ok,0,0,9.1,159.4
mpd,8.0,0,ack-4f,w,2,2,0,ctl,ok,0,0,12.4,159.4
mpd,8.0,0,w48-qpsk-r1/2,w48,19,1,0,data,ok,18,18,9.3,159.4
mpd,8.0,0,ack-1f,w,2,2,0,ctl,ok,0,0,8.5,159.4
mpd,8.0,0,w48-qpsk-r1/2,w48,19,1,0,data,ok,18,18,8.9,159.4
mpd,8.0,0,ack-1f,w,2,2,0,ctl,ok,0,0,10.7,159.4
mpd,8.0,0,w48-qpsk-r1/2,w48,19,1,0,data,ok,18,18,8.8,159.4
mpd,8.0,0,ack-1f,w,2,2,0,ctl,ok,0,0,6.9,159.4
mpd,8.0,0,w48-qpsk-r1/2,w48,19,1,0,data,ok,18,18,8.8,159.4
mpd,8.0,0,ack-1f,w,2,2,0,ctl,ok,0,0,12.9,159.4
mpd,8.0,0,w48-qpsk-r1/2,w48,19,1,0,data,ok,18,18,7.6,159.4
mpd,8.0,0,ack-1f,w,2,2,0,ctl,ok,0,0,9.6,159.4
mpd,8.0,0,w48-qpsk-r1/2,w48,19,1,0,data,ok,18,18,10.1,159.4
mpd,8.0,0,ack-1f,w,3,3,0,ctl,ok,0,0,11.2,159.4
mpd,8.0,0,w48-16qam-r1/3,w48,19,2,1,data,ok,17,17,8.3,159.4
mpd,8.0,0,ack-1f,w,3,3,0,ctl,ok,0,0,9.0,159.4
mpd,8.0,0,w48-16qam-r1/3,w48,19,2,1,data,ok,17,17,8.8,159.4
mpd,8.0,0,ack-1f,w,3,3,0,ctl,ok,0,0,10.5,159.4
mpd,8.0,0,w48-16qam-r1/3,w48,19,2,1,data,ok,17,17,10.2,159.4
mpd,8.0,0,ack-1f,w,2,2,0,ctl,ok,0,0,11.3,159.4
mpd,8.0,0,w48-16qam-r1/3,w48,19,1,0,data,ok,18,18,9.4,159.4
mpd,8.0,0,ack-1f,w,2,2,0,ctl,ok,0,0,11.3,159.4
mpd,8.0,0,w48-16qam-r1/3,w48,19,1,0,data,ok,18,18,8.6,159.4
mpd,8.0,1,qpsk-r1/5,w,1,1,0,ctl,ok,0,0,10.0,168.7
mpd,8.0,1,qpsk-r1/5,w,1,1,0,ctl,ok,0,0,10.9,168.7
mpd,8.0,1,ack-4f,w,3,3,0,ctl,ok,0,0,12.1,168.7
mpd,8.0,1,ack-1f,w,3,3,0,ctl,ok,0,0,7.5,168.7
mpd,8.0,1,w48-16qam-r1/3,w48,19,2,1,data,ok,17,17,8.1,168.7
mpd,8.0,1,ack-1f,w,2,2,0,ctl,ok,0,0,3.2,168.7
mpd,8.0,1,w48-qpsk-r1/2,w48,19,1,0,data,ok,18,18,9.3,168.7
mpd,8.0,1,ack-1f,w,3,3,0,ctl,ok,0,0,9.4,168.7
mpd,8.0,1,w48-16qam-r1/3,w48,19,2,1,data,ok,17,17,9.3,168.7
mpd,8.0,1,ack-1f,w,3,3,0,ctl,ok,0,0,10.2,168.7
mpd,8.0,1,w48-16qam-r1/3,w48,19,2,1,data,ok,17,17,8.4,168.7
mpd,8.0,1,ack-1f,w,3,3,0,ctl,ok,0,0,10.4,168.7
mpd,8.0,1,w48-16qam-r1/3,w48,19,2,1,data,ok,17,17,8.7,168.7
mpd,8.0,1,ack-1f,w,3,3,0,ctl,ok,0,0,9.8,168.7
mpd,8.0,1,w48-16qam-r1/3,w48,19,2,1,data,ok,17,17,10.2,168.7
mpd,8.0,1,ack-1f,w,2,2,0,ctl,ok,0,0,9.1,168.7
mpd,8.0,1,w48-16qam-r1/3,w48,19,1,0,data,ok,18,18,8.9,168.7
mpd,8.0,1,ack-1f,w,2,2,0,ctl,ok,0,0,10.2,168.7
mpd,8.0,1,w48-16qam-r1/3,w48,19,1,0,data,ok,18,18,9.7,168.7
mpd,8.0,1,ack-1f,w,2,2,0,ctl,ok,0,0,12.8,168.7
mpd,8.0,1,w48-16qam-r1/3,w48,19,1,0,data,ok,18,18,8.0,168.7
mpd,8.0,1,ack-1f,w,3,3,0,ctl,ok,0,0,7.1,168.7
mpd,8.0,1,w48-16qam-r1/3,w48,19,2,1,data,ok,17,0,7.2,168.7
mpd,8.0,1,ack-1f,w,3,3,0,ctl,ok,0,0,12.3,168.7
mpd,8.0,1,w48-qpsk-r1/2,w48,19,2,1,data,ok,17,17,8.6,168.7
mpd,8.0,1,ack-1f,w,3,3,0,ctl,ok,0,0,10.4,168.7
mpd,8.0,1,w48-16qam-r1/3,w48,19,2,1,data,ok,17,16,8.1,168.7
mpd,8.0,1,ack-1f,w,4,4,0,ctl,ok,0,0,10.9,168.7
mpd,8.0,1,w48-16qam-r1/3,w48,19,2,1,data,ok,16,16,8.5,168.7
mpd,8.0,1,ack-1f,w,2,2,0,ctl,ok,0,0,8.4,168.7
mpd,8.0,1,w48-16qam-r1/3,w48,19,1,0,data,ok,18,18,9.9,168.7
mpd,8.0,1,ack-1f,w,2,2,0,ctl,ok,0,0,10.7,168.7
mpd,8.0,1,w48-16qam-r1/3,w48,19,1,0,data,ok,18,18,9.6,168.7
mpd,8.0,1,ack-1f,w,2,2,0,ctl,ok,0,0,10.9,168.7
mpd,8.0,1,w48-16qam-r1/3,w48,19,1,0,data,ok,18,18,9.2,168.7
mpd,8.0,1,ack-1f,w,2,2,0,ctl,ok,0,0,13.9,168.7
mpd,8.0,1,w48-16qam-r1/3,w48,19,1,0,data,ok,18,18,9.2,168.7
mpd,8.0,1,ack-1f,w,2,2,0,ctl,ok,0,0,8.9,168.7
mpd,8.0,1,w48-16qam-r1/3,w48,19,1,0,data,ok,18,18,10.3,168.7
mpd,8.0,1,ack-1f,w,2,2,0,ctl,ok,0,0,9.6,168.7
mpd,8.0,1,w48-16qam-r1/3,w48,19,1,0,data,ok,18,18,10.0,168.7
mpd,8.0,1,ack-1f,w,2,2,0,ctl,ok,0,0,12.3,168.7
mpd,8.0,1,w48-16qam-r1/3,w48,19,1,0,data,ok,18,18,8.1,168.7
mpd,8.0,1,ack-1f,w,2,2,0,ctl,ok,0,0,11.9,168.7
mpd,8.0,1,w48-16qam-r1/3,w48,19,1,0,data,ok,18,18,8.9,168.7
mpd,8.0,1,ack-1f,w,2,2,0,ctl,ok,0,0,13.1,168.7
mpd,8.0,1,w48-16qam-r1/3,w48,19,1,0,data,ok,18,18,9.0,168.7
mpd,8.0,1,ack-1f,w,2,2,0,ctl,ok,0,0,10.8,168.7
mpd,8.0,1,w48-16qam-r1/3,w48,19,1,0,data,ctl_lost,18,0,2.8,168.7
mpd,8.0,1,ack-4f,w,3,3,0,ctl,ok,0,0,9.4,168.7
mpd,8.0,1,ack-4f,w,3,3,0,ctl,ok,0,0,11.0,168.7
mpd,8.0,1,w48-qpsk-r1/2,w48,19,2,1,data,ok,17,17,10.2,168.7
mpd,8.0,1,ack-1f,w,2,2,0,ctl,ok,0,0,12.0,168.7
mpd,8.0,1,w48-16qam-r1/3,w48,19,1,0,data,ok,18,18,9.5,168.7
mpd,8.0,1,ack-1f,w,2,2,0,ctl,ok,0,0,6.9,168.7
mpd,8.0,1,w48-16qam-r1/3,w48,19,1,0,data,ok,18,17,8.1,168.7
mpd,8.0,1,ack-1f,w,4,4,0,ctl,ok,0,0,10.7,168.7
mpd,8.0,1,w48-16qam-r1/3,w48,19,2,1,data,ok,16,16,8.1,168.7
mpd,8.0,1,ack-1f,w,3,3,0,ctl,ok,0,0,8.9,168.7
mpd,8.0,1,w48-16qam-r1/3,w48,19,2,1,data,ok,17,17,9.6,168.7
mpd,8.0,1,ack-1f,w,2,2,0,ctl,ok,0,0,9.4,168.7
mpd,8.0,1,w48-16qam-r1/3,w48,19,1,0,data,ok,18,18,9.1,168.7
mpd,8.0,1,ack-1f,w,2,2,0,ctl,ok,0,0,10.7,168.7
mpd,8.0,1,w48-16qam-r1/3,w48,19,1,0,data,ok,18,18,8.1,168.7
mpd,8.0,1,ack-1f,w,3,3,0,ctl,ok,0,0,12.5,168.7
mpd,8.0,1,w48-16qam-r1/3,w48,19,2,1,data,ok,17,17,8.3,168.7
mpd,8.0,1,ack-1f,w,3,3,0,ctl,ok,0,0,8.8,168.7
mpd,8.0,1,w48-16qam-r1/3,w48,19,2,1,data,ok,17,16,8.3,168.7
mpd,8.0,1,ack-1f,w,3,3,0,ctl,ok,0,0,14.5,168.7
mpd,8.0,1,w48-16qam-r1/3,w48,19,1,0,data,ok,17,17,10.0,168.7
mpd,8.0,1,ack-1f,w,2,2,0,ctl,ok,0,0,8.3,168.7
mpd,8.0,1,w48-16qam-r1/3,w48,19,1,0,data,ctl_lost,18,0,7.1,168.7
mpd,8.0,1,ack-4f,w,3,3,0,ctl,ok,0,0,10.6,168.7
mpd,8.0,1,ack-4f,w,2,2,0,ctl,ok,0,0,5.6,168.7
mpd,8.0,1,w48-qpsk-r1/2,w48,19,1,0,data,ok,18,18,7.7,168.7
mpd,8.0,1,ack-1f,w,2,2,0,ctl,ok,0,0,14.2,168.7
mpd,8.0,1,w48-qpsk-r1/2,w48,19,1,0,data,ok,18,18,8.1,168.7
mpd,8.0,1,ack-1f,w,2,2,0,ctl,ok,0,0,13.4,168.7
mpd,8.0,1,w48-qpsk-r1/2,w48,19,1,0,data,ok,18,18,8.4,168.7
mpd,8.0,1,ack-1f,w,3,3,0,ctl,ok,0,0,11.1,168.7
mpd,8.0,1,w48-16qam-r1/3,w48,19,2,1,data,ok,17,17,8.6,168.7
mpd,8.0,1,ack-1f,w,3,3,0,ctl,ok,0,0,11.3,168.7
mpd,8.0,1,w48-16qam-r1/3,w48,19,2,1,data,ok,17,17,8.8,168.7
mpd,8.0,1,ack-1f,w,2,2,0,ctl,ok,0,0,9.6,168.7
mpd,8.0,1,w48-16qam-r1/3,w48,19,1,0,data,ok,18,18,9.6,168.7
mpd,8.0,1,ack-1f,w,2,2,0,ctl,ok,0,0,11.7,168.7
mpd,8.0,1,w48-16qam-r1/3,w48,19,1,0,data,ok,18,18,8.4,168.7
mpd,8.0,1,ack-1f,w,2,2,0,ctl,ok,0,0,14.0,168.7
mpd,8.0,1,w48-16qam-r1/3,w48,19,1,0,data,ctl_lost,18,1,7.3,168.7
mpd,8.0,1,ack-4f,w,2,2,0,ctl,ok,0,0,9.8,168.7
mpd,8.0,1,ack-4f,w,2,2,0,ctl,ok,0,0,10.9,168.7
mpd,8.0,1,w48-qpsk-r1/2,w48,19,1,0,data,ok,18,18,8.8,168.7
mpd,8.0,1,ack-1f,w,2,2,0,ctl,ok,0,0,8.3,168.7
mpd,8.0,1,w48-qpsk-r1/2,w48,19,1,0,data,ok,18,18,10.5,168.7
mpd,8.0,2,qpsk-r1/5,w,1,1,0,ctl,ok,0,0,10.1,190.4
mpd,8.0,2,qpsk-r1/5,w,1,1,0,ctl,ok,0,0,12.5,190.4
mpd,8.0,2,ack-4f,w,2,2,0,ctl,ok,0,0,9.8,190.4
mpd,8.0,2,ack-1f,w,2,2,0,ctl,ok,0,0,12.0,190.4
mpd,8.0,2,w48-qpsk-r1/2,w48,19,1,0,data,ok,18,18,8.0,190.4
mpd,8.0,2,ack-1f,w,2,2,0,ctl,ok,0,0,5.4,190.4
mpd,8.0,2,w48-qpsk-r1/2,w48,19,1,0,data,ok,18,18,9.5,190.4
mpd,8.0,2,ack-1f,w,3,3,0,ctl,ok,0,0,7.9,190.4
mpd,8.0,2,w48-16qam-r1/3,w48,19,2,1,data,ok,17,17,9.7,190.4
mpd,8.0,2,ack-1f,w,2,2,0,ctl,ok,0,0,12.1,190.4
mpd,8.0,2,w48-16qam-r1/3,w48,19,1,0,data,ok,18,18,8.7,190.4
mpd,8.0,2,ack-1f,w,3,3,0,ctl,ok,0,0,14.0,190.4
mpd,8.0,2,w48-16qam-r1/3,w48,19,2,1,data,ok,17,17,10.0,190.4
mpd,8.0,2,ack-1f,w,2,2,0,ctl,ok,0,0,9.8,190.4
mpd,8.0,2,w48-16qam-r1/3,w48,19,1,0,data,ok,18,18,8.2,190.4
mpd,8.0,2,ack-1f,w,3,3,0,ctl,ok,0,0,12.8,190.4
mpd,8.0,2,w48-16qam-r1/3,w48,19,2,1,data,ok,17,17,9.4,190.4
mpd,8.0,2,ack-1f,w,2,2,0,ctl,ok,0,0,11.5,190.4
mpd,8.0,2,w48-16qam-r1/3,w48,19,1,0,data,ok,18,18,9.0,190.4
mpd,8.0,2,ack-1f,w,2,2,0,ctl,ok,0,0,8.4,190.4
mpd,8.0,2,w48-16qam-r1/3,w48,19,1,0,data,ok,18,18,9.1,190.4
mpd,8.0,2,ack-1f,w,2,2,0,ctl,ok,0,0,12.2,190.4
mpd,8.0,2,w48-16qam-r1/3,w48,19,1,0,data,ok,18,18,10.5,190.4
mpd,8.0,2,ack-1f,w,2,2,0,ctl,ok,0,0,8.9,190.4
mpd,8.0,2,w48-16qam-r1/3,w48,19,1,0,data,ctl_lost,18,3,7.9,190.4
mpd,8.0,2,ack-4f,w,2,2,0,ctl,ok,0,0,7.8,190.4
mpd,8.0,2,ack-4f,w,3,3,0,ctl,ok,0,0,11.3,190.4
mpd,8.0,2,w48-qpsk-r1/2,w48,19,2,1,data,ok,17,17,10.4,190.4
mpd,8.0,2,ack-1f,w,2,2,0,ctl,ok,0,0,11.0,190.4
mpd,8.0,2,w48-16qam-r1/3,w48,19,1,0,data,ok,18,18,9.1,190.4
mpd,8.0,2,ack-1f,w,3,3,0,ctl,ok,0,0,8.5,190.4
mpd,8.0,2,w48-16qam-r1/3,w48,19,2,1,data,ok,17,17,10.0,190.4
mpd,8.0,2,ack-1f,w,2,2,0,ctl,ok,0,0,10.5,190.4
mpd,8.0,2,w48-16qam-r1/3,w48,19,1,0,data,ok,18,18,8.9,190.4
mpd,8.0,2,ack-1f,w,3,3,0,ctl,ok,0,0,12.4,190.4
mpd,8.0,2,w48-16qam-r1/3,w48,19,2,1,data,ok,17,17,8.7,190.4
mpd,8.0,2,ack-1f,w,3,3,0,ctl,ok,0,0,9.5,190.4
mpd,8.0,2,w48-16qam-r1/3,w48,19,2,1,data,ok,17,17,9.8,190.4
mpd,8.0,2,ack-1f,w,2,2,0,ctl,ok,0,0,9.3,190.4
mpd,8.0,2,w48-16qam-r1/3,w48,19,1,0,data,ok,18,18,9.7,190.4
mpd,8.0,2,ack-1f,w,2,2,0,ctl,ok,0,0,14.2,190.4
mpd,8.0,2,w48-16qam-r1/3,w48,19,1,0,data,ok,18,18,8.4,190.4
mpd,8.0,2,ack-1f,w,3,3,0,ctl,ok,0,0,8.7,190.4
mpd,8.0,2,w48-16qam-r1/3,w48,19,2,1,data,ok,17,17,9.9,190.4
mpd,8.0,2,ack-1f,w,2,2,0,ctl,ok,0,0,13.3,190.4
mpd,8.0,2,w48-16qam-r1/3,w48,19,1,0,data,ok,18,18,8.7,190.4
mpd,8.0,2,ack-1f,w,2,2,0,ctl,ok,0,0,12.0,190.4
mpd,8.0,2,w48-16qam-r1/3,w48,19,1,0,data,ok,18,18,9.7,190.4
mpd,8.0,2,ack-1f,w,2,2,0,ctl,ok,0,0,10.5,190.4
mpd,8.0,2,w48-16qam-r1/3,w48,19,1,0,data,ok,18,18,8.3,190.4
mpd,8.0,2,ack-1f,w,3,3,0,ctl,ok,0,0,10.0,190.4
mpd,8.0,2,w48-16qam-r1/3,w48,19,2,1,data,ok,17,17,9.7,190.4
mpd,8.0,2,ack-1f,w,2,2,0,ctl,ok,0,0,10.8,190.4
mpd,8.0,2,w48-16qam-r1/3,w48,19,1,0,data,ok,18,10,7.7,190.4
mpd,8.0,2,ack-1f,w,4,4,0,ctl,ok,0,0,14.2,190.4
mpd,8.0,2,w48-16qam-r1/3,w48,19,2,1,data,ok,9,9,9.1,190.4
mpd,8.0,2,ack-1f,w,2,2,0,ctl,ok,0,0,12.5,190.4
mpd,8.0,2,w48-16qam-r1/3,w48,19,1,0,data,ok,18,18,9.4,190.4
mpd,8.0,2,ack-1f,w,2,2,0,ctl,ok,0,0,11.3,190.4
mpd,8.0,2,w48-16qam-r1/3,w48,19,1,0,data,ok,18,18,9.8,190.4
mpd,8.0,2,ack-1f,w,2,2,0,ctl,ok,0,0,8.5,190.4
mpd,8.0,2,w48-16qam-r1/3,w48,19,1,0,data,ok,18,18,8.2,190.4
mpd,8.0,2,ack-1f,w,2,2,0,ctl,ok,0,0,10.2,190.4
mpd,8.0,2,w48-16qam-r1/3,w48,19,1,0,data,ok,18,18,9.8,190.4
mpd,8.0,2,ack-1f,w,2,2,0,ctl,ok,0,0,10.3,190.4
mpd,8.0,2,w48-16qam-r1/3,w48,19,1,0,data,ok,18,18,10.0,190.4
mpd,8.0,2,ack-1f,w,2,2,0,ctl,ok,0,0,9.8,190.4
mpd,8.0,2,w48-16qam-r1/3,w48,19,1,0,data,ok,18,18,9.4,190.4
mpd,8.0,2,ack-1f,w,2,2,0,ctl,ok,0,0,10.2,190.4
mpd,8.0,2,w48-16qam-r1/3,w48,19,1,0,data,ok,18,18,8.1,190.4
mpd,8.0,2,ack-1f,w,2,2,0,ctl,ok,0,0,7.6,190.4
mpd,8.0,2,w48-16qam-r1/3,w48,19,1,0,data,ok,18,18,8.7,190.4
mpd,8.0,2,ack-1f,w,2,2,0,ctl,ok,0,0,13.0,190.4
mpd,8.0,2,w48-16qam-r1/3,w48,19,1,0,data,ok,18,18,8.0,190.4
mpd,8.0,2,ack-1f,w,2,2,0,ctl,ok,0,0,8.9,190.4
mpd,8.0,2,w48-16qam-r1/3,w48,19,1,0,data,ok,18,14,7.8,190.4
mpd,8.0,2,ack-1f,w,4,4,0,ctl,ok,0,0,9.8,190.4
mpd,8.0,2,w48-16qam-r1/3,w48,19,2,1,data,ok,13,12,7.7,190.4
mpd,8.0,2,ack-1f,w,3,3,0,ctl,ok,0,0,11.7,190.4
mpd,8.0,2,w48-16qam-r1/3,w48,19,2,1,data,ok,16,16,9.0,190.4
mpd,8.0,2,ack-1f,w,2,2,0,ctl,ok,0,0,5.3,190.4
mpd,8.0,2,w48-16qam-r1/3,w48,19,1,0,data,ok,18,18,9.7,190.4
mpd,8.0,2,ack-1f,w,2,2,0,ctl,ok,0,0,10.2,190.4
mpd,8.0,2,w48-16qam-r1/3,w48,19,1,0,data,ok,18,18,8.1,190.4
mpd,8.0,2,ack-1f,w,2,2,0,ctl,ok,0,0,10.5,190.4
mpd,8.0,2,w48-16qam-r1/3,w48,19,1,0,data,ok,18,18,8.5,190.4
mpd,8.0,2,ack-1f,w,2,2,0,ctl,ok,0,0,10.0,190.4
mpd,8.0,2,w48-16qam-r1/3,w48,19,1,0,data,ok,18,18,8.1,190.4
mpd,8.0,2,ack-1f,w,2,2,0,ctl,ok,0,0,11.2,190.4
mpd,8.0,2,w48-16qam-r1/3,w48,19,1,0,data,ok,18,18,9.2,190.4
mpd,8.0,2,ack-1f,w,2,2,0,ctl,ok,0,0,11.8,190.4
mpd,8.0,2,w48-16qam-r1/3,w48,19,1,0,data,ok,18,18,9.5,190.4
mpd,8.0,2,ack-1f,w,2,2,0,ctl,ok,0,0,11.0,190.4
mpd,8.0,2,w48-16qam-r1/3,w48,19,1,0,data,ok,18,18,8.4,190.4
mpd,8.0,7,qpsk-r1/5,w,1,1,0,ctl,ok,0,0,13.4,150.9
mpd,8.0,7,qpsk-r1/5,w,1,1,0,ctl,ok,0,0,14.3,150.9
mpd,8.0,7,ack-4f,w,2,2,0,ctl,ok,0,0,10.3,150.9
mpd,8.0,7,ack-1f,w,3,3,0,ctl,ok,0,0,12.2,150.9
mpd,8.0,7,w48-16qam-r1/3,w48,19,2,1,data,ok,17,17,9.5,150.9
mpd,8.0,7,ack-1f,w,3,3,0,ctl,ok,0,0,13.2,150.9
mpd,8.0,7,w48-16qam-r1/3,w48,19,2,1,data,ok,17,17,9.1,150.9
mpd,8.0,7,ack-1f,w,3,3,0,ctl,ok,0,0,10.0,150.9
mpd,8.0,7,w48-16qam-r1/3,w48,19,2,1,data,ok,17,17,9.1,150.9
mpd,8.0,7,ack-1f,w,3,3,0,ctl,ok,0,0,13.6,150.9
mpd,8.0,7,w48-16qam-r1/3,w48,19,2,1,data,ok,17,14,8.0,150.9
mpd,8.0,7,ack-1f,w,4,4,0,ctl,ok,0,0,11.0,150.9
mpd,8.0,7,w48-16qam-r1/3,w48,19,2,1,data,ok,14,14,8.8,150.9
mpd,8.0,7,ack-1f,w,3,3,0,ctl,ok,0,0,11.8,150.9
mpd,8.0,7,w48-16qam-r1/3,w48,19,2,1,data,ok,17,17,8.8,150.9
mpd,8.0,7,ack-1f,w,2,2,0,ctl,ok,0,0,12.1,150.9
mpd,8.0,7,w48-16qam-r1/3,w48,19,1,0,data,ok,18,18,8.3,150.9
mpd,8.0,7,ack-1f,w,3,3,0,ctl,ok,0,0,9.9,150.9
mpd,8.0,7,w48-16qam-r1/3,w48,19,2,1,data,ok,17,17,9.4,150.9
mpd,8.0,7,ack-1f,w,2,2,0,ctl,ok,0,0,12.3,150.9
mpd,8.0,7,w48-16qam-r1/3,w48,19,1,0,data,ok,18,18,9.5,150.9
mpd,8.0,7,ack-1f,w,2,2,0,ctl,ok,0,0,12.6,150.9
mpd,8.0,7,w48-16qam-r1/3,w48,19,1,0,data,ok,18,18,9.2,150.9
mpd,8.0,7,ack-1f,w,2,2,0,ctl,ok,0,0,9.4,150.9
mpd,8.0,7,w48-16qam-r1/3,w48,19,1,0,data,ctl_lost,18,5,7.3,150.9
mpd,8.0,7,ack-4f,w,2,2,0,ctl,ok,0,0,7.9,150.9
mpd,8.0,7,ack-4f,w,3,3,0,ctl,ok,0,0,11.6,150.9
mpd,8.0,7,w48-qpsk-r1/2,w48,19,2,1,data,ok,17,17,9.1,150.9
mpd,8.0,7,ack-1f,w,3,3,0,ctl,ok,0,0,9.2,150.9
mpd,8.0,7,w48-16qam-r1/3,w48,19,2,1,data,ok,17,17,10.2,150.9
mpd,8.0,7,ack-1f,w,2,2,0,ctl,ok,0,0,8.8,150.9
mpd,8.0,7,w48-16qam-r1/3,w48,19,1,0,data,ok,18,18,9.0,150.9
mpd,8.0,7,ack-1f,w,2,2,0,ctl,ok,0,0,7.2,150.9
mpd,8.0,7,w48-16qam-r1/3,w48,19,1,0,data,ok,18,18,10.0,150.9
mpd,8.0,7,ack-1f,w,2,2,0,ctl,ok,0,0,10.9,150.9
mpd,8.0,7,w48-16qam-r1/3,w48,19,1,0,data,ctl_lost,18,6,7.6,150.9
mpd,8.0,7,ack-4f,w,2,2,0,ctl,ok,0,0,11.9,150.9
mpd,8.0,7,ack-4f,w,2,2,0,ctl,ok,0,0,10.7,150.9
mpd,8.0,7,w48-qpsk-r1/2,w48,19,1,0,data,ok,18,18,10.6,150.9
mpd,8.0,7,ack-1f,w,2,2,0,ctl,ok,0,0,10.3,150.9
mpd,8.0,7,w48-16qam-r1/3,w48,19,1,0,data,ctl_lost,18,5,7.8,150.9
mpd,8.0,7,ack-4f,w,3,3,0,ctl,ok,0,0,10.6,150.9
mpd,8.0,7,ack-4f,w,2,2,0,ctl,ok,0,0,11.4,150.9
mpd,8.0,7,w48-qpsk-r1/2,w48,19,1,0,data,ok,18,18,7.9,150.9
mpd,8.0,7,ack-1f,w,2,2,0,ctl,ok,0,0,9.0,150.9
mpd,8.0,7,w48-qpsk-r1/2,w48,19,1,0,data,ok,18,18,10.5,150.9
mpd,8.0,7,ack-1f,w,2,2,0,ctl,ok,0,0,12.1,150.9
mpd,8.0,7,w48-qpsk-r1/2,w48,19,1,0,data,ok,18,18,9.0,150.9
mpd,8.0,7,ack-1f,w,2,2,0,ctl,ok,0,0,14.8,150.9
mpd,8.0,7,w48-qpsk-r1/2,w48,19,1,0,data,ok,18,18,9.7,150.9
mpd,8.0,7,ack-1f,w,2,2,0,ctl,ok,0,0,9.9,150.9
mpd,8.0,7,w48-qpsk-r1/2,w48,19,1,0,data,ok,18,18,9.5,150.9
mpd,8.0,7,ack-1f,w,2,2,0,ctl,ok,0,0,13.1,150.9
mpd,8.0,7,w48-qpsk-r1/2,w48,19,1,0,data,ok,18,18,8.1,150.9
mpd,8.0,7,ack-1f,w,2,2,0,ctl,ok,0,0,7.6,150.9
mpd,8.0,7,w48-qpsk-r1/2,w48,19,1,0,data,ok,18,18,8.2,150.9
mpd,8.0,7,ack-1f,w,2,2,0,ctl,ok,0,0,10.7,150.9
mpd,8.0,7,w48-qpsk-r1/2,w48,19,1,0,data,ok,18,18,9.3,150.9
mpd,8.0,7,ack-1f,w,2,2,0,ctl,ok,0,0,11.8,150.9
mpd,8.0,7,w48-qpsk-r1/2,w48,19,1,0,data,ok,18,18,9.4,150.9
mpd,8.0,7,ack-1f,w,2,2,0,ctl,ok,0,0,9.4,150.9
mpd,8.0,7,w48-qpsk-r1/2,w48,19,1,0,data,ok,18,18,9.6,150.9
mpd,8.0,7,ack-1f,w,2,2,0,ctl,ok,0,0,12.5,150.9
mpd,8.0,7,w48-qpsk-r1/2,w48,19,1,0,data,ok,18,18,8.3,150.9
mpd,8.0,7,ack-1f,w,2,2,0,ctl,ok,0,0,9.3,150.9
mpd,8.0,7,w48-qpsk-r1/2,w48,19,1,0,data,ok,18,18,9.4,150.9
mpd,8.0,7,ack-1f,w,2,2,0,ctl,ok,0,0,6.0,150.9
mpd,8.0,7,w48-qpsk-r1/2,w48,19,1,0,data,ok,18,18,9.6,150.9
mpd,8.0,7,ack-1f,w,2,2,0,ctl,ok,0,0,8.3,150.9
mpd,8.0,7,w48-qpsk-r1/2,w48,19,1,0,data,ok,18,18,9.6,150.9
mpd,8.0,7,ack-1f,w,2,2,0,ctl,ok,0,0,11.5,150.9
mpd,8.0,7,w48-qpsk-r1/2,w48,19,1,0,data,ok,18,18,8.2,150.9
mpd,8.0,7,ack-1f,w,2,2,0,ctl,ok,0,0,12.2,150.9
mpd,8.0,7,w48-qpsk-r1/2,w48,19,1,0,data,ok,18,18,9.6,150.9
mpd,8.0,7,ack-1f,w,2,2,0,ctl,ok,0,0,10.8,150.9
mpd,8.0,7,w48-qpsk-r1/2,w48,19,1,0,data,ok,18,18,8.3,150.9
mpd,8.0,7,ack-1f,w,2,2,0,ctl,ok,0,0,10.8,150.9
mpd,8.0,7,w48-qpsk-r1/2,w48,19,1,0,data,ok,18,18,10.4,150.9
mpd,8.0,7,ack-1f,w,2,2,0,ctl,ok,0,0,10.3,150.9
mpd,8.0,7,w48-qpsk-r1/2,w48,19,1,0,data,ok,18,18,8.5,150.9
mpd,8.0,7,ack-1f,w,2,2,0,ctl,ok,0,0,11.9,150.9
mpd,8.0,7,w48-qpsk-r1/2,w48,19,1,0,data,ok,18,18,8.0,150.9
mpd,8.0,7,ack-1f,w,2,2,0,ctl,ok,0,0,7.8,150.9
mpd,8.0,7,w48-qpsk-r1/2,w48,19,1,0,data,ok,18,18,8.8,150.9
mpd,8.0,7,ack-1f,w,2,2,0,ctl,ok,0,0,4.1,150.9
mpd,8.0,7,w48-qpsk-r1/2,w48,19,1,0,data,ok,18,18,9.5,150.9
mpd,8.0,7,ack-1f,w,2,2,0,ctl,ok,0,0,10.1,150.9
mpd,8.0,7,w48-qpsk-r1/2,w48,19,1,0,data,ok,18,18,8.8,150.9
mpd,8.0,7,ack-1f,w,2,2,0,ctl,ok,0,0,11.2,150.9
mpd,8.0,7,w48-qpsk-r1/2,w48,19,1,0,data,ok,18,18,8.1,150.9
mpd,8.0,7,ack-1f,w,2,2,0,ctl,ok,0,0,10.3,150.9
mpd,8.0,7,w48-qpsk-r1/2,w48,19,1,0,data,ok,18,18,9.3,150.9
mpd,8.0,7,ack-1f,w,2,2,0,ctl,ok,0,0,10.4,150.9
mpd,8.0,7,w48-qpsk-r1/2,w48,19,1,0,data,ok,18,18,7.8,150.9
mpd,8.0,5,qpsk-r1/5,w,1,1,0,ctl,ok,0,0,9.8,181.1
mpd,8.0,5,qpsk-r1/5,w,1,1,0,ctl,ok,0,0,11.2,181.1
mpd,8.0,5,ack-4f,w,2,2,0,ctl,ok,0,0,9.7,181.1
mpd,8.0,5,ack-1f,w,2,2,0,ctl,ok,0,0,7.8,181.1
mpd,8.0,5,w48-qpsk-r1/2,w48,19,1,0,data,ok,18,18,9.4,181.1
mpd,8.0,5,ack-1f,w,3,3,0,ctl,ok,0,0,11.9,181.1
mpd,8.0,5,w48-16qam-r1/3,w48,19,2,1,data,ok,17,17,9.6,181.1
mpd,8.0,5,ack-1f,w,2,2,0,ctl,ok,0,0,7.8,181.1
mpd,8.0,5,w48-16qam-r1/3,w48,19,1,0,data,ok,18,18,8.3,181.1
mpd,8.0,5,ack-1f,w,3,3,0,ctl,ok,0,0,11.1,181.1
mpd,8.0,5,w48-16qam-r1/3,w48,19,2,1,data,ok,17,17,8.0,181.1
mpd,8.0,5,ack-1f,w,2,2,0,ctl,ok,0,0,11.0,181.1
mpd,8.0,5,w48-qpsk-r1/2,w48,19,1,0,data,ok,18,18,8.8,181.1
mpd,8.0,5,ack-1f,w,3,3,0,ctl,ok,0,0,13.0,181.1
mpd,8.0,5,w48-16qam-r1/3,w48,19,2,1,data,ok,17,17,8.6,181.1
mpd,8.0,5,ack-1f,w,3,3,0,ctl,ok,0,0,12.3,181.1
mpd,8.0,5,w48-16qam-r1/3,w48,19,2,1,data,ok,17,17,9.1,181.1
mpd,8.0,5,ack-1f,w,3,3,0,ctl,ok,0,0,9.9,181.1
mpd,8.0,5,w48-16qam-r1/3,w48,19,2,1,data,ok,17,17,9.7,181.1
mpd,8.0,5,ack-1f,w,2,2,0,ctl,ok,0,0,10.7,181.1
mpd,8.0,5,w48-16qam-r1/3,w48,19,1,0,data,ok,18,18,8.3,181.1
mpd,8.0,5,ack-1f,w,3,3,0,ctl,ok,0,0,11.4,181.1
mpd,8.0,5,w48-16qam-r1/3,w48,19,2,1,data,ok,17,17,8.6,181.1
mpd,8.0,5,ack-1f,w,3,3,0,ctl,ok,0,0,10.5,181.1
mpd,8.0,5,w48-16qam-r1/3,w48,19,2,1,data,ok,17,17,8.7,181.1
mpd,8.0,5,ack-1f,w,2,2,0,ctl,ok,0,0,9.6,181.1
mpd,8.0,5,w48-16qam-r1/3,w48,19,1,0,data,ok,18,18,8.3,181.1
mpd,8.0,5,ack-1f,w,3,3,0,ctl,ok,0,0,11.7,181.1
mpd,8.0,5,w48-16qam-r1/3,w48,19,2,1,data,ok,17,17,9.0,181.1
mpd,8.0,5,ack-1f,w,2,2,0,ctl,ok,0,0,14.5,181.1
mpd,8.0,5,w48-16qam-r1/3,w48,19,1,0,data,ok,18,18,10.4,181.1
mpd,8.0,5,ack-1f,w,2,2,0,ctl,ok,0,0,6.4,181.1
mpd,8.0,5,w48-16qam-r1/3,w48,19,1,0,data,ok,18,18,9.7,181.1
mpd,8.0,5,ack-1f,w,2,2,0,ctl,ok,0,0,10.0,181.1
mpd,8.0,5,w48-16qam-r1/3,w48,19,1,0,data,ok,18,18,7.9,181.1
mpd,8.0,5,ack-1f,w,2,2,0,ctl,ok,0,0,8.9,181.1
mpd,8.0,5,w48-16qam-r1/3,w48,19,1,0,data,ok,18,18,9.9,181.1
mpd,8.0,5,ack-1f,w,2,2,0,ctl,ok,0,0,8.7,181.1
mpd,8.0,5,w48-16qam-r1/3,w48,19,1,0,data,ok,18,18,8.7,181.1
mpd,8.0,5,ack-1f,w,2,2,0,ctl,ok,0,0,11.4,181.1
mpd,8.0,5,w48-16qam-r1/3,w48,19,1,0,data,ok,18,18,9.6,181.1
mpd,8.0,5,ack-1f,w,2,2,0,ctl,ok,0,0,13.5,181.1
mpd,8.0,5,w48-16qam-r1/3,w48,19,1,0,data,ok,18,18,9.2,181.1
mpd,8.0,5,ack-1f,w,2,2,0,ctl,ok,0,0,11.5,181.1
mpd,8.0,5,w48-16qam-r1/3,w48,19,1,0,data,ok,18,18,9.7,181.1
mpd,8.0,5,ack-1f,w,2,2,0,ctl,ok,0,0,13.6,181.1
mpd,8.0,5,w48-16qam-r1/3,w48,19,1,0,data,ok,18,18,9.6,181.1
mpd,8.0,5,ack-1f,w,2,2,0,ctl,ok,0,0,11.2,181.1
mpd,8.0,5,w48-16qam-r1/3,w48,19,1,0,data,ok,18,18,9.7,181.1
mpd,8.0,5,ack-1f,w,2,2,0,ctl,ok,0,0,6.3,181.1
mpd,8.0,5,w48-16qam-r1/3,w48,19,1,0,data,ok,18,18,8.2,181.1
mpd,8.0,5,ack-1f,w,2,2,0,ctl,ok,0,0,8.8,181.1
mpd,8.0,5,w48-16qam-r1/3,w48,19,1,0,data,ok,18,18,9.3,181.1
mpd,8.0,5,ack-1f,w,2,2,0,ctl,ok,0,0,8.1,181.1
mpd,8.0,5,w48-16qam-r1/3,w48,19,1,0,data,ok,18,18,8.4,181.1
mpd,8.0,5,ack-1f,w,2,2,0,ctl,ok,0,0,9.6,181.1
mpd,8.0,5,w48-16qam-r1/3,w48,19,1,0,data,ctl_lost,18,0,7.1,181.1
mpd,8.0,5,ack-4f,w,2,2,0,ctl,ok,0,0,10.5,181.1
mpd,8.0,5,ack-4f,w,3,3,0,ctl,ok,0,0,12.0,181.1
mpd,8.0,5,w48-16qam-r1/3,w48,19,2,1,data,ok,17,17,8.8,181.1
mpd,8.0,5,ack-1f,w,3,3,0,ctl,ok,0,0,11.5,181.1
mpd,8.0,5,w48-16qam-r1/3,w48,19,2,1,data,ok,17,17,9.4,181.1
mpd,8.0,5,ack-1f,w,2,2,0,ctl,ok,0,0,10.0,181.1
mpd,8.0,5,w48-16qam-r1/3,w48,19,1,0,data,ok,18,18,9.3,181.1
mpd,8.0,5,ack-1f,w,2,2,0,ctl,ok,0,0,11.4,181.1
mpd,8.0,5,w48-16qam-r1/3,w48,19,1,0,data,ok,18,18,8.4,181.1
mpd,8.0,5,ack-1f,w,2,2,0,ctl,ok,0,0,7.5,181.1
mpd,8.0,5,w48-16qam-r1/3,w48,19,1,0,data,ok,18,15,8.2,181.1
mpd,8.0,5,ack-1f,w,4,4,0,ctl,ok,0,0,13.9,181.1
mpd,8.0,5,w48-16qam-r1/3,w48,19,2,1,data,ok,14,14,9.3,181.1
mpd,8.0,5,ack-1f,w,2,2,0,ctl,ok,0,0,12.9,181.1
mpd,8.0,5,w48-16qam-r1/3,w48,19,1,0,data,ok,18,18,9.4,181.1
mpd,8.0,5,ack-1f,w,2,2,0,ctl,ok,0,0,11.2,181.1
mpd,8.0,5,w48-16qam-r1/3,w48,19,1,0,data,ok,18,18,8.1,181.1
mpd,8.0,5,ack-1f,w,2,2,0,ctl,ok,0,0,10.5,181.1
mpd,8.0,5,w48-16qam-r1/3,w48,19,1,0,data,ok,18,18,8.9,181.1
mpd,8.0,5,ack-1f,w,2,2,0,ctl,ok,0,0,12.8,181.1
mpd,8.0,5,w48-16qam-r1/3,w48,19,1,0,data,ok,18,18,9.0,181.1
mpd,8.0,5,ack-1f,w,2,2,0,ctl,ok,0,0,9.3,181.1
mpd,8.0,5,w48-16qam-r1/3,w48,19,1,0,data,ok,18,18,9.2,181.1
mpd,8.0,5,ack-1f,w,2,2,0,ctl,ok,0,0,9.0,181.1
mpd,8.0,5,w48-16qam-r1/3,w48,19,1,0,data,ok,18,18,8.4,181.1
mpd,8.0,5,ack-1f,w,2,2,0,ctl,ok,0,0,13.0,181.1
mpd,8.0,5,w48-16qam-r1/3,w48,19,1,0,data,ok,18,18,9.3,181.1
mpd,8.0,5,ack-1f,w,2,2,0,ctl,ok,0,0,11.6,181.1
mpd,8.0,5,w48-16qam-r1/3,w48,19,1,0,data,ctl_lost,18,2,7.8,181.1
mpd,8.0,5,ack-4f,w,3,3,0,ctl,ok,0,0,8.1,181.1
mpd,8.0,5,ack-4f,w,3,3,0,ctl,ok,0,0,11.6,181.1
mpd,8.0,5,w48-qpsk-r1/2,w48,19,2,1,data,ok,17,17,9.6,181.1
mpd,8.0,5,ack-1f,w,2,2,0,ctl,ok,0,0,12.1,181.1
mpd,8.0,5,w48-16qam-r1/3,w48,19,1,0,data,ok,18,17,8.1,181.1
mpd,8.0,5,ack-1f,w,3,3,0,ctl,ok,0,0,11.6,181.1
mpd,8.0,5,w48-16qam-r1/3,w48,19,2,1,data,ok,16,16,8.5,181.1
mpd,8.0,4,qpsk-r1/5,w,1,1,0,ctl,ok,0,0,11.7,180.2
mpd,8.0,4,qpsk-r1/5,w,1,1,0,ctl,ok,0,0,13.3,180.2
mpd,8.0,4,ack-4f,w,2,2,0,ctl,ok,0,0,10.7,180.2
mpd,8.0,4,ack-1f,w,3,3,0,ctl,ok,0,0,10.2,180.2
mpd,8.0,4,w48-16qam-r1/3,w48,19,2,1,data,ok,17,2,7.7,180.2
mpd,8.0,4,ack-1f,w,4,4,0,ctl,ok,0,0,12.5,180.2
mpd,8.0,4,w48-qpsk-r1/2,w48,19,2,1,data,ok,17,17,9.0,180.2
mpd,8.0,4,ack-1f,w,2,2,0,ctl,ok,0,0,11.6,180.2
mpd,8.0,4,w48-qpsk-r1/2,w48,19,1,0,data,ok,18,18,10.4,180.2
mpd,8.0,4,ack-1f,w,2,2,0,ctl,ok,0,0,12.4,180.2
mpd,8.0,4,w48-16qam-r1/3,w48,19,1,0,data,ok,18,18,9.6,180.2
mpd,8.0,4,ack-1f,w,2,2,0,ctl,ok,0,0,9.3,180.2
mpd,8.0,4,w48-16qam-r1/3,w48,19,1,0,data,ok,18,18,9.4,180.2
mpd,8.0,4,ack-1f,w,2,2,0,ctl,ok,0,0,5.9,180.2
mpd,8.0,4,w48-16qam-r1/3,w48,19,1,0,data,ok,18,15,8.1,180.2
mpd,8.0,4,ack-1f,w,4,4,0,ctl,ok,0,0,12.0,180.2
mpd,8.0,4,w48-16qam-r1/3,w48,19,2,1,data,ok,14,1,7.7,180.2
mpd,8.0,4,ack-1f,w,3,3,0,ctl,ok,0,0,9.6,180.2
mpd,8.0,4,w48-qpsk-r1/2,w48,19,1,0,data,ok,18,18,9.7,180.2
mpd,8.0,4,ack-1f,w,2,2,0,ctl,ok,0,0,10.3,180.2
mpd,8.0,4,w48-16qam-r1/3,w48,19,1,0,data,ok,18,18,9.6,180.2
mpd,8.0,4,ack-1f,w,2,2,0,ctl,ok,0,0,11.1,180.2
mpd,8.0,4,w48-16qam-r1/3,w48,19,1,0,data,ok,18,18,9.4,180.2
mpd,8.0,4,ack-1f,w,2,2,0,ctl,ok,0,0,11.9,180.2
mpd,8.0,4,w48-16qam-r1/3,w48,19,1,0,data,ok,18,18,9.0,180.2
mpd,8.0,4,ack-1f,w,2,2,0,ctl,ok,0,0,13.2,180.2
mpd,8.0,4,w48-16qam-r1/3,w48,19,1,0,data,ok,18,18,8.0,180.2
mpd,8.0,4,ack-1f,w,2,2,0,ctl,ok,0,0,12.1,180.2
mpd,8.0,4,w48-qpsk-r1/2,w48,19,1,0,data,ok,18,18,8.4,180.2
mpd,8.0,4,ack-1f,w,2,2,0,ctl,ok,0,0,14.1,180.2
mpd,8.0,4,w48-qpsk-r1/2,w48,19,1,0,data,ok,18,18,8.2,180.2
mpd,8.0,4,ack-1f,w,2,2,0,ctl,ok,0,0,12.2,180.2
mpd,8.0,4,w48-qpsk-r1/2,w48,19,1,0,data,ok,18,18,7.5,180.2
mpd,8.0,4,ack-1f,w,2,2,0,ctl,ok,0,0,10.8,180.2
mpd,8.0,4,w48-qpsk-r1/2,w48,19,1,0,data,ok,18,18,8.2,180.2
mpd,8.0,4,ack-1f,w,2,2,0,ctl,ok,0,0,8.8,180.2
mpd,8.0,4,w48-qpsk-r1/2,w48,19,1,0,data,ok,18,18,10.8,180.2
mpd,8.0,4,ack-1f,w,2,2,0,ctl,ok,0,0,12.9,180.2
mpd,8.0,4,w48-16qam-r1/3,w48,19,1,0,data,ok,18,18,9.4,180.2
mpd,8.0,4,ack-1f,w,2,2,0,ctl,ok,0,0,10.2,180.2
mpd,8.0,4,w48-16qam-r1/3,w48,19,1,0,data,ok,18,18,8.5,180.2
mpd,8.0,4,ack-1f,w,3,3,0,ctl,ok,0,0,9.0,180.2
mpd,8.0,4,w48-16qam-r1/3,w48,19,2,1,data,ok,17,17,8.9,180.2
mpd,8.0,4,ack-1f,w,3,3,0,ctl,ok,0,0,12.6,180.2
mpd,8.0,4,w48-16qam-r1/3,w48,19,2,1,data,ok,17,17,9.9,180.2
mpd,8.0,4,ack-1f,w,2,2,0,ctl,ok,0,0,11.6,180.2
mpd,8.0,4,w48-16qam-r1/3,w48,19,1,0,data,ok,18,18,9.3,180.2
mpd,8.0,4,ack-1f,w,2,2,0,ctl,ok,0,0,11.2,180.2
mpd,8.0,4,w48-16qam-r1/3,w48,19,1,0,data,ok,18,18,9.3,180.2
mpd,8.0,4,ack-1f,w,2,2,0,ctl,ok,0,0,11.2,180.2
mpd,8.0,4,w48-16qam-r1/3,w48,19,1,0,data,ok,18,18,9.0,180.2
mpd,8.0,4,ack-1f,w,2,2,0,ctl,ok,0,0,12.2,180.2
mpd,8.0,4,w48-16qam-r1/3,w48,19,1,0,data,ok,18,18,9.1,180.2
mpd,8.0,4,ack-1f,w,2,2,0,ctl,ok,0,0,12.5,180.2
mpd,8.0,4,w48-16qam-r1/3,w48,19,1,0,data,ok,18,18,9.5,180.2
mpd,8.0,4,ack-1f,w,2,2,0,ctl,ok,0,0,5.6,180.2
mpd,8.0,4,w48-16qam-r1/3,w48,19,1,0,data,ok,18,18,8.2,180.2
mpd,8.0,4,ack-1f,w,2,2,0,ctl,ok,0,0,11.2,180.2
mpd,8.0,4,w48-16qam-r1/3,w48,19,1,0,data,ok,18,18,8.7,180.2
mpd,8.0,4,ack-1f,w,2,2,0,ctl,ok,0,0,10.3,180.2
mpd,8.0,4,w48-16qam-r1/3,w48,19,1,0,data,ok,18,18,9.3,180.2
mpd,8.0,4,ack-1f,w,2,2,0,ctl,ok,0,0,11.5,180.2
mpd,8.0,4,w48-16qam-r1/3,w48,19,1,0,data,ok,18,18,9.9,180.2
mpd,8.0,4,ack-1f,w,2,2,0,ctl,ok,0,0,8.6,180.2
mpd,8.0,4,w48-16qam-r1/3,w48,19,1,0,data,ok,18,18,7.9,180.2
mpd,8.0,4,ack-1f,w,2,2,0,ctl,ok,0,0,8.3,180.2
mpd,8.0,4,w48-16qam-r1/3,w48,19,1,0,data,ok,18,18,8.5,180.2
mpd,8.0,4,ack-1f,w,2,2,0,ctl,ok,0,0,6.7,180.2
mpd,8.0,4,w48-16qam-r1/3,w48,19,1,0,data,ok,18,18,10.3,180.2
mpd,8.0,4,ack-1f,w,2,2,0,ctl,ok,0,0,12.6,180.2
mpd,8.0,4,w48-16qam-r1/3,w48,19,1,0,data,ok,18,18,9.4,180.2
mpd,8.0,4,ack-1f,w,2,2,0,ctl,ok,0,0,13.5,180.2
mpd,8.0,4,w48-16qam-r1/3,w48,19,1,0,data,ok,18,18,9.2,180.2
mpd,8.0,4,ack-1f,w,2,2,0,ctl,ok,0,0,9.0,180.2
mpd,8.0,4,w48-16qam-r1/3,w48,19,1,0,data,ok,18,18,8.2,180.2
mpd,8.0,4,ack-1f,w,2,2,0,ctl,ok,0,0,13.8,180.2
mpd,8.0,4,w48-16qam-r1/3,w48,19,1,0,data,ok,18,18,8.9,180.2
mpd,8.0,4,ack-1f,w,2,2,0,ctl,ok,0,0,10.5,180.2
mpd,8.0,4,w48-16qam-r1/3,w48,19,1,0,data,ok,18,17,8.1,180.2
mpd,8.0,4,ack-1f,w,3,3,0,ctl,ok,0,0,10.0,180.2
mpd,8.0,4,w48-16qam-r1/3,w48,19,1,0,data,ok,17,17,8.7,180.2
mpd,8.0,4,ack-1f,w,2,2,0,ctl,ok,0,0,11.8,180.2
mpd,8.0,4,w48-16qam-r1/3,w48,19,1,0,data,ok,18,18,9.7,180.2
mpd,8.0,4,ack-1f,w,2,2,0,ctl,ok,0,0,8.3,180.2
mpd,8.0,4,w48-16qam-r1/3,w48,19,1,0,data,ok,18,18,8.2,180.2
mpd,8.0,4,ack-1f,w,2,2,0,ctl,ok,0,0,7.0,180.2
mpd,8.0,4,w48-16qam-r1/3,w48,19,1,0,data,ctl_lost,18,7,8.4,180.2
mpd,8.0,4,ack-4f,w,3,3,0,ctl,ok,0,0,11.1,180.2
mpd,8.0,4,ack-4f,w,2,2,0,ctl,ok,0,0,9.5,180.2
mpd,8.0,4,w48-16qam-r1/3,w48,19,1,0,data,ok,18,18,9.7,180.2
mpd,8.0,4,ack-1f,w,2,2,0,ctl,ok,0,0,3.1,180.2
mpd,8.0,4,w48-16qam-r1/3,w48,19,1,0,data,ok,18,18,8.9,180.2
mpd,8.0,4,ack-1f,w,2,2,0,ctl,ok,0,0,10.5,180.2
mpd,8.0,4,w48-16qam-r1/3,w48,19,1,0,data,ok,18,18,8.3,180.2
mpd,8.0,6,qpsk-r1/5,w,1,1,0,ctl,ok,0,0,11.6,168.7
mpd,8.0,6,qpsk-r1/5,w,1,1,0,ctl,ok,0,0,8.3,168.7
mpd,8.0,6,ack-4f,w,3,3,0,ctl,ok,0,0,10.5,168.7
mpd,8.0,6,ack-1f,w,3,3,0,ctl,ok,0,0,10.3,168.7
mpd,8.0,6,w48-16qam-r1/3,w48,19,2,1,data,ok,17,17,9.9,168.7
mpd,8.0,6,ack-1f,w,3,3,0,ctl,ok,0,0,12.0,168.7
mpd,8.0,6,w48-16qam-r1/3,w48,19,2,1,data,ok,17,17,9.2,168.7
mpd,8.0,6,ack-1f,w,2,2,0,ctl,ok,0,0,8.7,168.7
mpd,8.0,6,w48-16qam-r1/3,w48,19,1,0,data,ok,18,18,9.2,168.7
mpd,8.0,6,ack-1f,w,2,2,0,ctl,ok,0,0,8.6,168.7
mpd,8.0,6,w48-16qam-r1/3,w48,19,1,0,data,ok,18,18,9.4,168.7
mpd,8.0,6,ack-1f,w,2,2,0,ctl,ok,0,0,10.4,168.7
mpd,8.0,6,w48-16qam-r1/3,w48,19,1,0,data,ok,18,18,8.4,168.7
mpd,8.0,6,ack-1f,w,3,3,0,ctl,ok,0,0,12.3,168.7
mpd,8.0,6,w48-16qam-r1/3,w48,19,2,1,data,ok,17,17,8.8,168.7
mpd,8.0,6,ack-1f,w,3,3,0,ctl,ok,0,0,9.2,168.7
mpd,8.0,6,w48-16qam-r1/3,w48,19,2,1,data,ok,17,17,8.9,168.7
mpd,8.0,6,ack-1f,w,2,2,0,ctl,ok,0,0,14.6,168.7
mpd,8.0,6,w48-16qam-r1/3,w48,19,1,0,data,ok,18,18,8.2,168.7
mpd,8.0,6,ack-1f,w,3,3,0,ctl,ok,0,0,11.8,168.7
mpd,8.0,6,w48-16qam-r1/3,w48,19,2,1,data,ok,17,17,9.2,168.7
mpd,8.0,6,ack-1f,w,2,2,0,ctl,ok,0,0,6.2,168.7
mpd,8.0,6,w48-16qam-r1/3,w48,19,1,0,data,ok,18,16,7.9,168.7
mpd,8.0,6,ack-1f,w,4,4,0,ctl,ok,0,0,10.0,168.7
mpd,8.0,6,w48-16qam-r1/3,w48,19,2,1,data,ok,15,1,7.1,168.7
mpd,8.0,6,ack-1f,w,3,3,0,ctl,ok,0,0,11.2,168.7
mpd,8.0,6,w48-16qam-r1/3,w48,19,2,1,data,ok,5,5,8.7,168.7
mpd,8.0,6,ack-1f,w,2,2,0,ctl,ok,0,0,7.6,168.7
mpd,8.0,6,w48-16qam-r1/3,w48,19,1,0,data,ctl_lost,18,12,7.7,168.7
mpd,8.0,6,ack-4f,w,3,3,0,ctl,ok,0,0,12.6,168.7
mpd,8.0,6,ack-4f,w,3,3,0,ctl,ok,0,0,11.4,168.7
mpd,8.0,6,w48-16qam-r1/3,w48,19,2,1,data,ok,17,17,8.9,168.7
mpd,8.0,6,ack-1f,w,3,3,0,ctl,ok,0,0,12.8,168.7
mpd,8.0,6,w48-16qam-r1/3,w48,19,2,1,data,ok,17,1,7.3,168.7
mpd,8.0,6,ack-1f,w,4,4,0,ctl,ok,0,0,11.6,168.7
mpd,8.0,6,w48-qpsk-r1/2,w48,19,2,1,data,ok,17,17,9.6,168.7
mpd,8.0,6,ack-1f,w,2,2,0,ctl,ok,0,0,8.7,168.7
mpd,8.0,6,w48-16qam-r1/3,w48,19,1,0,data,ok,18,18,8.1,168.7
mpd,8.0,6,ack-1f,w,3,3,0,ctl,ok,0,0,6.2,168.7
mpd,8.0,6,w48-16qam-r1/3,w48,19,2,1,data,ok,17,17,9.3,168.7
mpd,8.0,6,ack-1f,w,2,2,0,ctl,ok,0,0,11.1,168.7
mpd,8.0,6,w48-16qam-r1/3,w48,19,1,0,data,ok,18,18,8.4,168.7
mpd,8.0,6,ack-1f,w,3,3,0,ctl,ok,0,0,5.5,168.7
mpd,8.0,6,w48-16qam-r1/3,w48,19,2,1,data,ok,17,17,8.6,168.7
mpd,8.0,6,ack-1f,w,3,3,0,ctl,ok,0,0,12.2,168.7
mpd,8.0,6,w48-16qam-r1/3,w48,19,2,1,data,ok,17,17,9.5,168.7
mpd,8.0,6,ack-1f,w,2,2,0,ctl,ok,0,0,8.7,168.7
mpd,8.0,6,w48-16qam-r1/3,w48,19,1,0,data,ok,18,18,9.0,168.7
mpd,8.0,6,ack-1f,w,2,2,0,ctl,ok,0,0,11.5,168.7
mpd,8.0,6,w48-16qam-r1/3,w48,19,1,0,data,ok,18,17,7.7,168.7
mpd,8.0,6,ack-1f,w,3,3,0,ctl,ok,0,0,8.7,168.7
mpd,8.0,6,w48-16qam-r1/3,w48,19,2,1,data,ok,16,16,9.8,168.7
mpd,8.0,6,ack-1f,w,2,2,0,ctl,ok,0,0,11.2,168.7
mpd,8.0,6,w48-16qam-r1/3,w48,19,1,0,data,ok,18,18,10.0,168.7
mpd,8.0,6,ack-1f,w,2,2,0,ctl,ok,0,0,11.7,168.7
mpd,8.0,6,w48-16qam-r1/3,w48,19,1,0,data,ctl_lost,18,4,7.7,168.7
mpd,8.0,6,ack-4f,w,3,3,0,ctl,ok,0,0,11.7,168.7
mpd,8.0,6,ack-4f,w,3,3,0,ctl,ok,0,0,9.2,168.7
mpd,8.0,6,w48-16qam-r1/3,w48,19,2,1,data,ok,17,17,8.5,168.7
mpd,8.0,6,ack-1f,w,3,3,0,ctl,ok,0,0,10.1,168.7
mpd,8.0,6,w48-16qam-r1/3,w48,19,2,1,data,ok,17,17,8.5,168.7
mpd,8.0,6,ack-1f,w,3,3,0,ctl,ok,0,0,12.9,168.7
mpd,8.0,6,w48-16qam-r1/3,w48,19,2,1,data,ok,17,17,8.6,168.7
mpd,8.0,6,ack-1f,w,3,3,0,ctl,ok,0,0,11.2,168.7
mpd,8.0,6,w48-16qam-r1/3,w48,19,2,1,data,ok,17,17,9.6,168.7
mpd,8.0,6,ack-1f,w,2,2,0,ctl,ok,0,0,9.7,168.7
mpd,8.0,6,w48-16qam-r1/3,w48,19,1,0,data,ok,18,18,9.7,168.7
mpd,8.0,6,ack-1f,w,2,2,0,ctl,ok,0,0,9.7,168.7
mpd,8.0,6,w48-16qam-r1/3,w48,19,1,0,data,ok,18,18,9.6,168.7
mpd,8.0,6,ack-1f,w,2,2,0,ctl,ok,0,0,11.6,168.7
mpd,8.0,6,w48-16qam-r1/3,w48,19,1,0,data,ctl_lost,18,11,8.1,168.7
mpd,8.0,6,ack-4f,w,3,3,0,ctl,ok,0,0,11.1,168.7
mpd,8.0,6,ack-4f,w,3,3,0,ctl,ok,0,0,11.2,168.7
mpd,8.0,6,w48-16qam-r1/3,w48,19,2,1,data,ok,17,17,8.9,168.7
mpd,8.0,6,ack-1f,w,3,3,0,ctl,ok,0,0,9.9,168.7
mpd,8.0,6,w48-16qam-r1/3,w48,19,2,1,data,ok,17,17,8.4,168.7
mpd,8.0,6,ack-1f,w,3,3,0,ctl,ok,0,0,12.4,168.7
mpd,8.0,6,w48-16qam-r1/3,w48,19,2,1,data,ok,17,17,9.1,168.7
mpd,8.0,6,ack-1f,w,3,3,0,ctl,ok,0,0,13.1,168.7
mpd,8.0,6,w48-16qam-r1/3,w48,19,2,1,data,ok,17,17,8.8,168.7
mpd,8.0,6,ack-1f,w,2,2,0,ctl,ok,0,0,11.9,168.7
mpd,8.0,6,w48-16qam-r1/3,w48,19,1,0,data,ok,18,18,9.0,168.7
mpd,8.0,6,ack-1f,w,2,2,0,ctl,ok,0,0,11.2,168.7
mpd,8.0,6,w48-16qam-r1/3,w48,19,1,0,data,ok,18,18,9.5,168.7
mpd,8.0,6,ack-1f,w,2,2,0,ctl,ok,0,0,12.5,168.7
mpd,8.0,6,w48-16qam-r1/3,w48,19,1,0,data,ok,18,18,9.7,168.7
mpd,8.0,6,ack-1f,w,2,2,0,ctl,ok,0,0,14.0,168.7
mpd,8.0,6,w48-16qam-r1/3,w48,19,1,0,data,ok,18,9,7.7,168.7
mpd,8.0,6,ack-1f,w,4,4,0,ctl,ok,0,0,12.3,168.7
mpd,8.0,6,w48-16qam-r1/3,w48,19,2,1,data,ok,8,8,9.7,168.7
mpd,8.0,6,ack-1f,w,2,2,0,ctl,ok,0,0,7.9,168.7
mpd,8.0,6,w48-16qam-r1/3,w48,19,1,0,data,ok,18,18,9.4,168.7
mpd,8.0,6,ack-1f,w,2,2,0,ctl,ok,0,0,11.3,168.7
mpd,8.0,6,w48-16qam-r1/3,w48,19,1,0,data,ok,18,18,9.7,168.7
mpd,8.0,3,qpsk-r1/5,w,1,1,0,ctl,ok,0,0,11.5,158.5
mpd,8.0,3,qpsk-r1/5,w,1,1,0,ctl,ok,0,0,11.4,158.5
mpd,8.0,3,ack-4f,w,2,2,0,ctl,ok,0,0,11.0,158.5
mpd,8.0,3,ack-1f,w,3,3,0,ctl,ok,0,0,11.4,158.5
mpd,8.0,3,w48-16qam-r1/3,w48,19,2,1,data,ok,17,17,9.0,158.5
mpd,8.0,3,ack-1f,w,3,3,0,ctl,ok,0,0,8.2,158.5
mpd,8.0,3,w48-16qam-r1/3,w48,19,2,1,data,ok,17,17,8.8,158.5
mpd,8.0,3,ack-1f,w,3,3,0,ctl,ok,0,0,13.3,158.5
mpd,8.0,3,w48-16qam-r1/3,w48,19,2,1,data,ok,17,17,9.7,158.5
mpd,8.0,3,ack-1f,w,2,2,0,ctl,ok,0,0,11.8,158.5
mpd,8.0,3,w48-16qam-r1/3,w48,19,1,0,data,ok,18,18,10.2,158.5
mpd,8.0,3,ack-1f,w,2,2,0,ctl,ok,0,0,9.7,158.5
mpd,8.0,3,w48-16qam-r1/3,w48,19,1,0,data,ok,18,18,9.2,158.5
mpd,8.0,3,ack-1f,w,2,2,0,ctl,ok,0,0,8.2,158.5
mpd,8.0,3,w48-16qam-r1/3,w48,19,1,0,data,ok,18,18,9.8,158.5
mpd,8.0,3,ack-1f,w,2,2,0,ctl,ok,0,0,11.8,158.5
mpd,8.0,3,w48-16qam-r1/3,w48,19,1,0,data,ok,18,18,8.7,158.5
mpd,8.0,3,ack-1f,w,2,2,0,ctl,ok,0,0,10.2,158.5
mpd,8.0,3,w48-16qam-r1/3,w48,19,1,0,data,ctl_lost,18,17,7.8,158.5
mpd,8.0,3,ack-4f,w,3,3,0,ctl,ok,0,0,11.0,158.5
mpd,8.0,3,ack-4f,w,2,2,0,ctl,ok,0,0,11.1,158.5
mpd,8.0,3,w48-qpsk-r1/2,w48,19,1,0,data,ok,18,18,10.2,158.5
mpd,8.0,3,ack-1f,w,3,3,0,ctl,ok,0,0,10.0,158.5
mpd,8.0,3,w48-16qam-r1/3,w48,19,2,1,data,ok,17,10,7.7,158.5
mpd,8.0,3,ack-1f,w,4,4,0,ctl,ok,0,0,12.1,158.5
mpd,8.0,3,w48-16qam-r1/3,w48,19,2,1,data,ok,10,1,7.5,158.5
mpd,8.0,3,ack-1f,w,3,3,0,ctl,ok,0,0,11.7,158.5
mpd,8.0,3,w48-16qam-r1/3,w48,19,2,1,data,ok,13,13,8.6,158.5
mpd,8.0,3,ack-1f,w,3,3,0,ctl,ok,0,0,13.0,158.5
mpd,8.0,3,w48-16qam-r1/3,w48,19,2,1,data,ok,17,17,8.4,158.5
mpd,8.0,3,ack-1f,w,3,3,0,ctl,ok,0,0,10.2,158.5
mpd,8.0,3,w48-16qam-r1/3,w48,19,2,1,data,ok,17,2,7.2,158.5
mpd,8.0,3,ack-1f,w,3,3,0,ctl,ok,0,0,10.6,158.5
mpd,8.0,3,w48-qpsk-r1/2,w48,19,1,0,data,ok,18,18,9.1,158.5
mpd,8.0,3,ack-1f,w,3,3,0,ctl,ok,0,0,12.7,158.5
mpd,8.0,3,w48-16qam-r1/3,w48,19,2,1,data,ok,17,17,8.4,158.5
mpd,8.0,3,ack-1f,w,2,2,0,ctl,ok,0,0,10.0,158.5
mpd,8.0,3,w48-16qam-r1/3,w48,19,1,0,data,ok,18,18,8.7,158.5
mpd,8.0,3,ack-1f,w,2,2,0,ctl,ok,0,0,12.7,158.5
mpd,8.0,3,w48-16qam-r1/3,w48,19,1,0,data,ok,18,18,8.5,158.5
mpd,8.0,3,ack-1f,w,2,2,0,ctl,ok,0,0,11.5,158.5
mpd,8.0,3,w48-16qam-r1/3,w48,19,1,0,data,ok,18,18,8.5,158.5
mpd,8.0,3,ack-1f,w,2,2,0,ctl,ok,0,0,7.3,158.5
mpd,8.0,3,w48-16qam-r1/3,w48,19,1,0,data,ok,18,18,8.9,158.5
mpd,8.0,3,ack-1f,w,2,2,0,ctl,ok,0,0,9.9,158.5
mpd,8.0,3,w48-16qam-r1/3,w48,19,1,0,data,ok,18,18,9.1,158.5
mpd,8.0,3,ack-1f,w,2,2,0,ctl,ok,0,0,13.1,158.5
mpd,8.0,3,w48-16qam-r1/3,w48,19,1,0,data,ok,18,18,8.8,158.5
mpd,8.0,3,ack-1f,w,2,2,0,ctl,ok,0,0,12.2,158.5
mpd,8.0,3,w48-16qam-r1/3,w48,19,1,0,data,ok,18,18,8.3,158.5
mpd,8.0,3,ack-1f,w,2,2,0,ctl,ok,0,0,9.6,158.5
mpd,8.0,3,w48-16qam-r1/3,w48,19,1,0,data,ctl_lost,18,0,7.7,158.5
mpd,8.0,3,ack-4f,w,2,2,0,ctl,ok,0,0,11.5,158.5
mpd,8.0,3,ack-4f,w,3,3,0,ctl,ok,0,0,10.1,158.5
mpd,8.0,3,w48-16qam-r1/3,w48,19,2,1,data,ok,17,16,8.2,158.5
mpd,8.0,3,ack-1f,w,3,3,0,ctl,ok,0,0,9.9,158.5
mpd,8.0,3,w48-16qam-r1/3,w48,19,2,1,data,ok,16,16,9.2,158.5
mpd,8.0,3,ack-1f,w,2,2,0,ctl,ok,0,0,12.2,158.5
mpd,8.0,3,w48-16qam-r1/3,w48,19,1,0,data,ok,18,18,10.7,158.5
mpd,8.0,3,ack-1f,w,2,2,0,ctl,ok,0,0,9.4,158.5
mpd,8.0,3,w48-16qam-r1/3,w48,19,1,0,data,ok,18,18,8.6,158.5
mpd,8.0,3,ack-1f,w,2,2,0,ctl,ok,0,0,6.3,158.5
mpd,8.0,3,w48-16qam-r1/3,w48,19,1,0,data,ok,18,18,9.3,158.5
mpd,8.0,3,ack-1f,w,2,2,0,ctl,ok,0,0,12.9,158.5
mpd,8.0,3,w48-16qam-r1/3,w48,19,1,0,data,ok,18,18,8.5,158.5
mpd,8.0,3,ack-1f,w,2,2,0,ctl,ok,0,0,10.5,158.5
mpd,8.0,3,w48-16qam-r1/3,w48,19,1,0,data,ok,18,18,9.4,158.5
mpd,8.0,3,ack-1f,w,2,2,0,ctl,ok,0,0,11.0,158.5
mpd,8.0,3,w48-16qam-r1/3,w48,19,1,0,data,ok,18,18,7.9,158.5
mpd,8.0,3,ack-1f,w,2,2,0,ctl,ok,0,0,9.0,158.5
mpd,8.0,3,w48-16qam-r1/3,w48,19,1,0,data,ok,18,18,8.9,158.5
mpd,8.0,3,ack-1f,w,2,2,0,ctl,ok,0,0,9.0,158.5
mpd,8.0,3,w48-16qam-r1/3,w48,19,1,0,data,ok,18,1,7.6,158.5
mpd,8.0,3,ack-1f,w,4,4,0,ctl,ok,0,0,12.2,158.5
mpd,8.0,3,w48-16qam-r1/3,w48,19,2,1,data,ok,0,0,9.0,158.5
mpd,8.0,3,ack-1f,w,2,2,0,ctl,ok,0,0,6.4,158.5
mpd,8.0,3,w48-16qam-r1/3,w48,19,1,0,data,ok,18,18,10.0,158.5
mpd,8.0,3,ack-1f,w,2,2,0,ctl,ok,0,0,13.0,158.5
mpd,8.0,3,w48-16qam-r1/3,w48,19,1,0,data,ctl_lost,18,8,8.0,158.5
mpd,8.0,3,ack-4f,w,3,3,0,ctl,ok,0,0,11.4,158.5
mpd,8.0,3,ack-4f,w,3,3,0,ctl,ok,0,0,10.5,158.5
mpd,8.0,3,w48-16qam-r1/3,w48,19,2,1,data,ok,17,17,10.3,158.5
mpd,8.0,3,ack-1f,w,2,2,0,ctl,ok,0,0,9.4,158.5
mpd,8.0,3,w48-16qam-r1/3,w48,19,1,0,data,ok,18,18,9.0,158.5
mpd,8.0,3,ack-1f,w,2,2,0,ctl,ok,0,0,13.3,158.5
mpd,8.0,3,w48-16qam-r1/3,w48,19,1,0,data,ok,18,18,10.5,158.5
mpd,8.0,3,ack-1f,w,2,2,0,ctl,ok,0,0,8.7,158.5
mpd,8.0,3,w48-16qam-r1/3,w48,19,1,0,data,ctl_lost,18,0,7.1,158.5
mpd,8.0,3,ack-4f,w,3,3,0,ctl,ok,0,0,10.8,158.5
mpd,8.0,3,ack-4f,w,2,2,0,ctl,ok,0,0,11.5,158.5
mpd,8.0,3,w48-qpsk-r1/2,w48,19,1,0,data,ok,18,18,9.4,158.5
mpd,8.0,3,ack-1f,w,3,3,0,ctl,ok,0,0,13.3,158.5
mpd,8.0,3,w48-16qam-r1/3,w48,19,2,1,data,ok,17,1,7.5,158.5
mpd,8.0,3,ack-1f,w,3,3,0,ctl,ok,0,0,10.7,158.5
mpd,8.0,9,qpsk-r1/5,w,1,1,0,ctl,ok,0,0,8.8,174.2
mpd,8.0,9,qpsk-r1/5,w,1,1,0,ctl,ok,0,0,10.8,174.2
mpd,8.0,9,ack-4f,w,3,3,0,ctl,ok,0,0,10.8,174.2
mpd,8.0,9,ack-1f,w,2,2,0,ctl,ok,0,0,8.8,174.2
mpd,8.0,9,w48-qpsk-r1/2,w48,19,1,0,data,ok,18,18,9.3,174.2
mpd,8.0,9,ack-1f,w,3,3,0,ctl,ok,0,0,12.1,174.2
mpd,8.0,9,w48-16qam-r1/3,w48,19,2,1,data,ok,17,17,10.3,174.2
mpd,8.0,9,ack-1f,w,2,2,0,ctl,ok,0,0,12.0,174.2
mpd,8.0,9,w48-16qam-r1/3,w48,19,1,0,data,ok,18,18,8.1,174.2
mpd,8.0,9,ack-1f,w,3,3,0,ctl,ok,0,0,11.3,174.2
mpd,8.0,9,w48-16qam-r1/3,w48,19,2,1,data,ok,17,17,8.8,174.2
mpd,8.0,9,ack-1f,w,3,3,0,ctl,ok,0,0,7.8,174.2
mpd,8.0,9,w48-16qam-r1/3,w48,19,2,1,data,ok,17,14,7.9,174.2
mpd,8.0,9,ack-1f,w,4,4,0,ctl,ok,0,0,8.5,174.2
mpd,8.0,9,w48-16qam-r1/3,w48,19,2,1,data,ok,14,14,9.6,174.2
mpd,8.0,9,ack-1f,w,2,2,0,ctl,ok,0,0,10.5,174.2
mpd,8.0,9,w48-16qam-r1/3,w48,19,1,0,data,ok,18,18,8.9,174.2
mpd,8.0,9,ack-1f,w,2,2,0,ctl,ok,0,0,12.2,174.2
mpd,8.0,9,w48-16qam-r1/3,w48,19,1,0,data,ok,18,18,9.6,174.2
mpd,8.0,9,ack-1f,w,2,2,0,ctl,ok,0,0,10.9,174.2
mpd,8.0,9,w48-16qam-r1/3,w48,19,1,0,data,ok,18,18,8.4,174.2
mpd,8.0,9,ack-1f,w,2,2,0,ctl,ok,0,0,10.7,174.2
mpd,8.0,9,w48-16qam-r1/3,w48,19,1,0,data,ok,18,18,8.2,174.2
mpd,8.0,9,ack-1f,w,3,3,0,ctl,ok,0,0,13.3,174.2
mpd,8.0,9,w48-16qam-r1/3,w48,19,2,1,data,ok,17,17,9.5,174.2
mpd,8.0,9,ack-1f,w,2,2,0,ctl,ok,0,0,7.2,174.2
mpd,8.0,9,w48-16qam-r1/3,w48,19,1,0,data,ok,18,18,8.4,174.2
mpd,8.0,9,ack-1f,w,2,2,0,ctl,ok,0,0,11.2,174.2
mpd,8.0,9,w48-16qam-r1/3,w48,19,1,0,data,ok,18,18,9.1,174.2
mpd,8.0,9,ack-1f,w,2,2,0,ctl,ok,0,0,11.1,174.2
mpd,8.0,9,w48-16qam-r1/3,w48,19,1,0,data,ok,18,18,8.2,174.2
mpd,8.0,9,ack-1f,w,2,2,0,ctl,ok,0,0,14.8,174.2
mpd,8.0,9,w48-16qam-r1/3,w48,19,1,0,data,ok,18,18,8.9,174.2
mpd,8.0,9,ack-1f,w,2,2,0,ctl,ok,0,0,10.9,174.2
mpd,8.0,9,w48-16qam-r1/3,w48,19,1,0,data,ok,18,18,10.2,174.2
mpd,8.0,9,ack-1f,w,2,2,0,ctl,ok,0,0,5.7,174.2
mpd,8.0,9,w48-16qam-r1/3,w48,19,1,0,data,ok,18,18,9.0,174.2
mpd,8.0,9,ack-1f,w,2,2,0,ctl,ok,0,0,7.7,174.2
mpd,8.0,9,w48-16qam-r1/3,w48,19,1,0,data,ok,18,18,7.6,174.2
mpd,8.0,9,ack-1f,w,2,2,0,ctl,ok,0,0,10.2,174.2
mpd,8.0,9,w48-16qam-r1/3,w48,19,1,0,data,ok,18,18,9.0,174.2
mpd,8.0,9,ack-1f,w,2,2,0,ctl,ok,0,0,10.5,174.2
mpd,8.0,9,w48-16qam-r1/3,w48,19,1,0,data,ok,18,18,9.3,174.2
mpd,8.0,9,ack-1f,w,2,2,0,ctl,ok,0,0,12.7,174.2
mpd,8.0,9,w48-16qam-r1/3,w48,19,1,0,data,ok,18,18,9.6,174.2
mpd,8.0,9,ack-1f,w,2,2,0,ctl,ok,0,0,12.3,174.2
mpd,8.0,9,w48-16qam-r1/3,w48,19,1,0,data,ok,18,18,9.8,174.2
mpd,8.0,9,ack-1f,w,2,2,0,ctl,ok,0,0,8.9,174.2
mpd,8.0,9,w48-16qam-r1/3,w48,19,1,0,data,ok,18,18,8.3,174.2
mpd,8.0,9,ack-1f,w,2,2,0,ctl,ok,0,0,12.3,174.2
mpd,8.0,9,w48-16qam-r1/3,w48,19,1,0,data,ok,18,18,10.1,174.2
mpd,8.0,9,ack-1f,w,2,2,0,ctl,ok,0,0,12.5,174.2
mpd,8.0,9,w48-16qam-r1/3,w48,19,1,0,data,ok,18,18,8.2,174.2
mpd,8.0,9,ack-1f,w,2,2,0,ctl,ok,0,0,9.4,174.2
mpd,8.0,9,w48-16qam-r1/3,w48,19,1,0,data,ok,18,18,9.4,174.2
mpd,8.0,9,ack-1f,w,2,2,0,ctl,ok,0,0,12.4,174.2
mpd,8.0,9,w48-16qam-r1/3,w48,19,1,0,data,ok,18,18,9.1,174.2
mpd,8.0,9,ack-1f,w,2,2,0,ctl,ok,0,0,10.1,174.2
mpd,8.0,9,w48-16qam-r1/3,w48,19,1,0,data,ctl_lost,18,17,8.0,174.2
mpd,8.0,9,ack-4f,w,3,3,0,ctl,ok,0,0,11.5,174.2
mpd,8.0,9,ack-4f,w,3,3,0,ctl,ok,0,0,11.2,174.2
mpd,8.0,9,w48-16qam-r1/3,w48,19,2,1,data,ok,17,17,10.0,174.2
mpd,8.0,9,ack-1f,w,2,2,0,ctl,ok,0,0,10.6,174.2
mpd,8.0,9,w48-16qam-r1/3,w48,19,1,0,data,ctl_lost,18,12,7.8,174.2
mpd,8.0,9,ack-4f,w,3,3,0,ctl,ok,0,0,10.5,174.2
mpd,8.0,9,ack-4f,w,2,2,0,ctl,ok,0,0,10.6,174.2
mpd,8.0,9,w48-qpsk-r1/2,w48,19,1,0,data,ok,18,18,8.3,174.2
mpd,8.0,9,ack-1f,w,2,2,0,ctl,ok,0,0,12.8,174.2
mpd,8.0,9,w48-qpsk-r1/2,w48,19,1,0,data,ok,18,18,9.6,174.2
mpd,8.0,9,ack-1f,w,3,3,0,ctl,ok,0,0,12.9,174.2
mpd,8.0,9,w48-16qam-r1/3,w48,19,2,1,data,ok,17,17,9.1,174.2
mpd,8.0,9,ack-1f,w,3,3,0,ctl,ok,0,0,12.1,174.2
mpd,8.0,9,w48-16qam-r1/3,w48,19,2,1,data,ok,17,17,8.7,174.2
mpd,8.0,9,ack-1f,w,3,3,0,ctl,ok,0,0,13.7,174.2
mpd,8.0,9,w48-16qam-r1/3,w48,19,2,1,data,ok,17,17,8.9,174.2
mpd,8.0,9,ack-1f,w,3,3,0,ctl,ok,0,0,10.6,174.2
mpd,8.0,9,w48-16qam-r1/3,w48,19,2,1,data,ok,17,17,9.1,174.2
mpd,8.0,9,ack-1f,w,2,2,0,ctl,ok,0,0,10.8,174.2
mpd,8.0,9,w48-16qam-r1/3,w48,19,1,0,data,ok,18,18,9.5,174.2
mpd,8.0,9,ack-1f,w,2,2,0,ctl,ok,0,0,11.5,174.2
mpd,8.0,9,w48-16qam-r1/3,w48,19,1,0,data,ok,18,18,9.0,174.2
mpd,8.0,9,ack-1f,w,2,2,0,ctl,ok,0,0,10.5,174.2
mpd,8.0,9,w48-16qam-r1/3,w48,19,1,0,data,ok,18,18,9.3,174.2
mpd,8.0,9,ack-1f,w,2,2,0,ctl,ok,0,0,9.1,174.2
mpd,8.0,9,w48-16qam-r1/3,w48,19,1,0,data,ok,18,18,8.7,174.2
mpd,8.0,9,ack-1f,w,2,2,0,ctl,ok,0,0,12.3,174.2
mpd,8.0,9,w48-16qam-r1/3,w48,19,1,0,data,ctl_lost,18,14,8.1,174.2
mpd,8.0,9,ack-4f,w,3,3,0,ctl,ok,0,0,11.2,174.2
mpd,8.0,9,ack-4f,w,3,3,0,ctl,ok,0,0,12.1,174.2
mpd,8.0,9,w48-16qam-r1/3,w48,19,2,1,data,ok,17,17,8.5,174.2
mpd,8.0,9,ack-1f,w,3,3,0,ctl,ok,0,0,11.6,174.2
mpd,8.0,9,w48-16qam-r1/3,w48,19,2,1,data,ok,17,11,7.6,174.2
mpd,8.0,9,ack-1f,w,4,4,0,ctl,ok,0,0,11.2,174.2
mpd,8.0,9,w48-16qam-r1/3,w48,19,2,1,data,ok,12,10,7.9,174.2
mpd,8.0,10,qpsk-r1/5,w,1,1,0,ctl,ok,0,0,13.0,166.6
mpd,8.0,10,qpsk-r1/5,w,1,1,0,ctl,ok,0,0,11.3,166.6
mpd,8.0,10,ack-4f,w,3,3,0,ctl,ok,0,0,10.5,166.6
mpd,8.0,10,ack-1f,w,3,3,0,ctl,ok,0,0,11.7,166.6
mpd,8.0,10,w48-16qam-r1/3,w48,19,2,1,data,ok,17,17,9.6,166.6
mpd,8.0,10,ack-1f,w,3,3,0,ctl,ok,0,0,13.2,166.6
mpd,8.0,10,w48-16qam-r1/3,w48,19,2,1,data,ok,17,17,8.6,166.6
mpd,8.0,10,ack-1f,w,3,3,0,ctl,ok,0,0,10.4,166.6
mpd,8.0,10,w48-16qam-r1/3,w48,19,2,1,data,ok,17,17,9.8,166.6
mpd,8.0,10,ack-1f,w,2,2,0,ctl,ok,0,0,10.0,166.6
mpd,8.0,10,w48-16qam-r1/3,w48,19,1,0,data,ok,18,18,8.9,166.6
mpd,8.0,10,ack-1f,w,2,2,0,ctl,ok,0,0,10.5,166.6
mpd,8.0,10,w48-16qam-r1/3,w48,19,1,0,data,ctl_lost,18,3,7.8,166.6
mpd,8.0,10,ack-4f,w,2,2,0,ctl,ok,0,0,12.1,166.6
mpd,8.0,10,ack-4f,w,2,2,0,ctl,ok,0,0,10.7,166.6
mpd,8.0,10,w48-qpsk-r1/2,w48,19,1,0,data,ok,18,18,9.1,166.6
mpd,8.0,10,ack-1f,w,2,2,0,ctl,ok,0,0,12.2,166.6
mpd,8.0,10,w48-qpsk-r1/2,w48,19,1,0,data,ok,18,18,8.2,166.6
mpd,8.0,10,ack-1f,w,2,2,0,ctl,ok,0,0,11.6,166.6
mpd,8.0,10,w48-qpsk-r1/2,w48,19,1,0,data,ok,18,18,8.7,166.6
mpd,8.0,10,ack-1f,w,2,2,0,ctl,ok,0,0,12.2,166.6
mpd,8.0,10,w48-qpsk-r1/2,w48,19,1,0,data,ok,18,18,9.2,166.6
mpd,8.0,10,ack-1f,w,2,2,0,ctl,ok,0,0,9.5,166.6
mpd,8.0,10,w48-qpsk-r1/2,w48,19,1,0,data,ok,18,18,7.5,166.6
mpd,8.0,10,ack-1f,w,2,2,0,ctl,ok,0,0,10.1,166.6
mpd,8.0,10,w48-qpsk-r1/2,w48,19,1,0,data,ok,18,18,8.3,166.6
mpd,8.0,10,ack-1f,w,2,2,0,ctl,ok,0,0,11.4,166.6
mpd,8.0,10,w48-qpsk-r1/2,w48,19,1,0,data,ok,18,18,8.2,166.6
mpd,8.0,10,ack-1f,w,2,2,0,ctl,ok,0,0,11.5,166.6
mpd,8.0,10,w48-qpsk-r1/2,w48,19,1,0,data,ok,18,18,9.2,166.6
mpd,8.0,10,ack-1f,w,2,2,0,ctl,ok,0,0,9.2,166.6
mpd,8.0,10,w48-qpsk-r1/2,w48,19,1,0,data,ok,18,18,10.2,166.6
mpd,8.0,10,ack-1f,w,3,3,0,ctl,ok,0,0,6.3,166.6
mpd,8.0,10,w48-16qam-r1/3,w48,19,2,1,data,ok,17,17,9.2,166.6
mpd,8.0,10,ack-1f,w,3,3,0,ctl,ok,0,0,10.5,166.6
mpd,8.0,10,w48-16qam-r1/3,w48,19,2,1,data,ok,17,17,9.1,166.6
mpd,8.0,10,ack-1f,w,3,3,0,ctl,ok,0,0,10.8,166.6
mpd,8.0,10,w48-16qam-r1/3,w48,19,2,1,data,ok,17,17,7.8,166.6
mpd,8.0,10,ack-1f,w,2,2,0,ctl,ok,0,0,12.9,166.6
mpd,8.0,10,w48-qpsk-r1/2,w48,19,1,0,data,ok,18,18,9.1,166.6
mpd,8.0,10,ack-1f,w,3,3,0,ctl,ok,0,0,11.4,166.6
mpd,8.0,10,w48-16qam-r1/3,w48,19,2,1,data,ok,17,17,10.0,166.6
mpd,8.0,10,ack-1f,w,2,2,0,ctl,ok,0,0,12.7,166.6
mpd,8.0,10,w48-16qam-r1/3,w48,19,1,0,data,ok,18,18,9.3,166.6
mpd,8.0,10,ack-1f,w,2,2,0,ctl,ok,0,0,11.5,166.6
mpd,8.0,10,w48-16qam-r1/3,w48,19,1,0,data,ok,18,18,9.6,166.6
mpd,8.0,10,ack-1f,w,2,2,0,ctl,ok,0,0,12.3,166.6
mpd,8.0,10,w48-16qam-r1/3,w48,19,1,0,data,ok,18,18,9.3,166.6
mpd,8.0,10,ack-1f,w,2,2,0,ctl,ok,0,0,9.0,166.6
mpd,8.0,10,w48-16qam-r1/3,w48,19,1,0,data,ok,18,18,9.1,166.6
mpd,8.0,10,ack-1f,w,3,3,0,ctl,ok,0,0,8.3,166.6
mpd,8.0,10,w48-16qam-r1/3,w48,19,2,1,data,ok,17,1,7.9,166.6
mpd,8.0,10,ack-1f,w,3,3,0,ctl,ok,0,0,8.0,166.6
mpd,8.0,10,w48-16qam-r1/3,w48,19,2,1,data,ok,1,1,8.9,166.6
mpd,8.0,10,ack-1f,w,3,3,0,ctl,ok,0,0,11.8,166.6
mpd,8.0,10,w48-16qam-r1/3,w48,19,2,1,data,ok,17,17,9.4,166.6
mpd,8.0,10,ack-1f,w,2,2,0,ctl,ok,0,0,15.7,166.6
mpd,8.0,10,w48-16qam-r1/3,w48,19,1,0,data,ok,18,18,9.4,166.6
mpd,8.0,10,ack-1f,w,2,2,0,ctl,ok,0,0,11.5,166.6
mpd,8.0,10,w48-16qam-r1/3,w48,19,1,0,data,ok,18,5,8.1,166.6
mpd,8.0,10,ack-1f,w,4,4,0,ctl,ok,0,0,10.9,166.6
mpd,8.0,10,w48-16qam-r1/3,w48,19,2,1,data,ok,4,4,9.5,166.6
mpd,8.0,10,ack-1f,w,2,2,0,ctl,ok,0,0,10.9,166.6
mpd,8.0,10,w48-16qam-r1/3,w48,19,1,0,data,ok,18,18,7.9,166.6
mpd,8.0,10,ack-1f,w,2,2,0,ctl,ok,0,0,10.3,166.6
mpd,8.0,10,w48-16qam-r1/3,w48,19,1,0,data,ok,18,18,8.3,166.6
mpd,8.0,10,ack-1f,w,2,2,0,ctl,ok,0,0,6.6,166.6
mpd,8.0,10,w48-16qam-r1/3,w48,19,1,0,data,ok,18,18,8.7,166.6
mpd,8.0,10,ack-1f,w,2,2,0,ctl,ok,0,0,5.8,166.6
mpd,8.0,10,w48-16qam-r1/3,w48,19,1,0,data,ok,18,18,7.7,166.6
mpd,8.0,10,ack-1f,w,2,2,0,ctl,ok,0,0,11.1,166.6
mpd,8.0,10,w48-16qam-r1/3,w48,19,1,0,data,ok,18,18,8.8,166.6
mpd,8.0,10,ack-1f,w,2,2,0,ctl,ok,0,0,5.1,166.6
mpd,8.0,10,w48-16qam-r1/3,w48,19,1,0,data,ctl_lost,18,10,7.8,166.6
mpd,8.0,10,ack-4f,w,3,3,0,ctl,ok,0,0,9.9,166.6
mpd,8.0,10,ack-4f,w,2,2,0,ctl,ok,0,0,12.1,166.6
mpd,8.0,10,w48-qpsk-r1/2,w48,19,1,0,data,ok,18,18,8.9,166.6
mpd,8.0,10,ack-1f,w,3,3,0,ctl,ok,0,0,10.8,166.6
mpd,8.0,10,w48-16qam-r1/3,w48,19,2,1,data,ok,17,17,8.8,166.6
mpd,8.0,10,ack-1f,w,2,2,0,ctl,ok,0,0,11.4,166.6
mpd,8.0,10,w48-16qam-r1/3,w48,19,1,0,data,ok,18,18,9.5,166.6
mpd,8.0,10,ack-1f,w,2,2,0,ctl,ok,0,0,13.2,166.6
mpd,8.0,10,w48-16qam-r1/3,w48,19,1,0,data,ok,18,18,8.8,166.6
mpd,8.0,10,ack-1f,w,2,2,0,ctl,ok,0,0,7.7,166.6
mpd,8.0,10,w48-16qam-r1/3,w48,19,1,0,data,ok,18,18,8.3,166.6
mpd,8.0,10,ack-1f,w,3,3,0,ctl,ok,0,0,10.4,166.6
mpd,8.0,10,w48-16qam-r1/3,w48,19,2,1,data,ok,17,17,8.2,166.6
mpd,8.0,10,ack-1f,w,3,3,0,ctl,ok,0,0,11.3,166.6
mpd,8.0,10,w48-16qam-r1/3,w48,19,2,1,data,ok,17,17,9.2,166.6
mpd,8.0,10,ack-1f,w,2,2,0,ctl,ok,0,0,10.8,166.6
mpd,8.0,10,w48-16qam-r1/3,w48,19,1,0,data,ok,18,18,9.8,166.6
mpd,8.0,10,ack-1f,w,2,2,0,ctl,ok,0,0,11.8,166.6
mpd,8.0,10,w48-16qam-r1/3,w48,19,1,0,data,ok,18,18,8.0,166.6
mpd,8.0,8,qpsk-r1/5,w,1,1,0,ctl,ok,0,0,10.3,161.5
mpd,8.0,8,qpsk-r1/5,w,1,1,0,ctl,ok,0,0,12.8,161.5
mpd,8.0,8,ack-4f,w,2,2,0,ctl,ok,0,0,10.6,161.5
mpd,8.0,8,ack-1f,w,2,2,0,ctl,ok,0,0,11.3,161.5
mpd,8.0,8,w48-qpsk-r1/2,w48,19,1,0,data,ok,18,18,9.7,161.5
mpd,8.0,8,ack-1f,w,3,3,0,ctl,ok,0,0,9.6,161.5
mpd,8.0,8,w48-16qam-r1/3,w48,19,2,1,data,ok,17,17,8.4,161.5
mpd,8.0,8,ack-1f,w,3,3,0,ctl,ok,0,0,10.0,161.5
mpd,8.0,8,w48-16qam-r1/3,w48,19,2,1,data,ok,17,11,7.6,161.5
mpd,8.0,8,ack-1f,w,3,3,0,ctl,ok,0,0,8.6,161.5
mpd,8.0,8,w48-16qam-r1/3,w48,19,2,1,data,ok,11,11,8.1,161.5
mpd,8.0,8,ack-1f,w,2,2,0,ctl,ok,0,0,11.1,161.5
mpd,8.0,8,w48-qpsk-r1/2,w48,19,1,0,data,ok,18,18,8.8,161.5
mpd,8.0,8,ack-1f,w,3,3,0,ctl,ok,0,0,9.9,161.5
mpd,8.0,8,w48-16qam-r1/3,w48,19,2,1,data,ok,17,17,9.4,161.5
mpd,8.0,8,ack-1f,w,2,2,0,ctl,ok,0,0,14.8,161.5
mpd,8.0,8,w48-16qam-r1/3,w48,19,1,0,data,ok,18,18,9.6,161.5
mpd,8.0,8,ack-1f,w,2,2,0,ctl,ok,0,0,11.1,161.5
mpd,8.0,8,w48-16qam-r1/3,w48,19,1,0,data,ok,18,18,9.5,161.5
mpd,8.0,8,ack-1f,w,2,2,0,ctl,ok,0,0,9.5,161.5
mpd,8.0,8,w48-16qam-r1/3,w48,19,1,0,data,ok,18,18,9.4,161.5
mpd,8.0,8,ack-1f,w,2,2,0,ctl,ok,0,0,11.3,161.5
mpd,8.0,8,w48-16qam-r1/3,w48,19,1,0,data,ok,18,18,9.7,161.5
mpd,8.0,8,ack-1f,w,2,2,0,ctl,ok,0,0,11.9,161.5
mpd,8.0,8,w48-16qam-r1/3,w48,19,1,0,data,ctl_lost,18,0,7.9,161.5
mpd,8.0,8,ack-4f,w,2,2,0,ctl,ok,0,0,12.1,161.5
mpd,8.0,8,ack-4f,w,3,3,0,ctl,ok,0,0,11.0,161.5
mpd,8.0,8,w48-16qam-r1/3,w48,19,2,1,data,ok,17,17,8.5,161.5
mpd,8.0,8,ack-1f,w,3,3,0,ctl,ok,0,0,10.8,161.5
mpd,8.0,8,w48-16qam-r1/3,w48,19,2,1,data,ok,17,17,9.2,161.5
mpd,8.0,8,ack-1f,w,3,3,0,ctl,ok,0,0,14.3,161.5
mpd,8.0,8,w48-16qam-r1/3,w48,19,2,1,data,ok,17,17,8.4,161.5
mpd,8.0,8,ack-1f,w,3,3,0,ctl,ok,0,0,8.2,161.5
mpd,8.0,8,w48-16qam-r1/3,w48,19,2,1,data,ok,17,17,8.6,161.5
mpd,8.0,8,ack-1f,w,3,3,0,ctl,ok,0,0,5.7,161.5
mpd,8.0,8,w48-16qam-r1/3,w48,19,2,1,data,ok,17,16,8.7,161.5
mpd,8.0,8,ack-1f,w,4,4,0,ctl,ok,0,0,10.2,161.5
mpd,8.0,8,w48-16qam-r1/3,w48,19,2,1,data,ok,16,16,8.2,161.5
mpd,8.0,8,ack-1f,w,3,3,0,ctl,ok,0,0,9.7,161.5
mpd,8.0,8,w48-16qam-r1/3,w48,19,2,1,data,ok,17,17,9.4,161.5
mpd,8.0,8,ack-1f,w,2,2,0,ctl,ok,0,0,11.7,161.5
mpd,8.0,8,w48-16qam-r1/3,w48,19,1,0,data,ok,18,18,8.7,161.5
mpd,8.0,8,ack-1f,w,2,2,0,ctl,ok,0,0,13.4,161.5
mpd,8.0,8,w48-16qam-r1/3,w48,19,1,0,data,ok,18,18,8.8,161.5
mpd,8.0,8,ack-1f,w,2,2,0,ctl,ok,0,0,11.7,161.5
mpd,8.0,8,w48-16qam-r1/3,w48,19,1,0,data,ctl_lost,18,11,7.9,161.5
mpd,8.0,8,ack-4f,w,2,2,0,ctl,ok,0,0,10.6,161.5
mpd,8.0,8,ack-4f,w,2,2,0,ctl,ok,0,0,11.5,161.5
mpd,8.0,8,w48-qpsk-r1/2,w48,19,1,0,data,ok,18,18,9.7,161.5
mpd,8.0,8,ack-1f,w,3,3,0,ctl,ok,0,0,8.1,161.5
mpd,8.0,8,w48-16qam-r1/3,w48,19,2,1,data,ok,17,17,8.4,161.5
mpd,8.0,8,ack-1f,w,3,3,0,ctl,ok,0,0,10.6,161.5
mpd,8.0,8,w48-16qam-r1/3,w48,19,2,1,data,ok,17,17,9.9,161.5
mpd,8.0,8,ack-1f,w,2,2,0,ctl,ok,0,0,11.8,161.5
mpd,8.0,8,w48-16qam-r1/3,w48,19,1,0,data,ok,18,18,8.9,161.5
mpd,8.0,8,ack-1f,w,2,2,0,ctl,ok,0,0,10.3,161.5
mpd,8.0,8,w48-16qam-r1/3,w48,19,1,0,data,ok,18,18,9.9,161.5
mpd,8.0,8,ack-1f,w,2,2,0,ctl,ok,0,0,7.5,161.5
mpd,8.0,8,w48-16qam-r1/3,w48,19,1,0,data,ok,18,18,9.6,161.5
mpd,8.0,8,ack-1f,w,2,2,0,ctl,ok,0,0,9.3,161.5
mpd,8.0,8,w48-16qam-r1/3,w48,19,1,0,data,ctl_lost,18,11,8.3,161.5
mpd,8.0,8,ack-4f,w,3,3,0,ctl,ok,0,0,11.9,161.5
mpd,8.0,8,ack-4f,w,3,3,0,ctl,ok,0,0,10.5,161.5
mpd,8.0,8,w48-16qam-r1/3,w48,19,2,1,data,ok,17,17,9.7,161.5
mpd,8.0,8,ack-1f,w,3,3,0,ctl,ok,0,0,10.9,161.5
mpd,8.0,8,w48-16qam-r1/3,w48,19,2,1,data,ok,17,17,8.9,161.5
mpd,8.0,8,ack-1f,w,3,3,0,ctl,ok,0,0,11.1,161.5
mpd,8.0,8,w48-16qam-r1/3,w48,19,2,1,data,ok,17,17,9.4,161.5
mpd,8.0,8,ack-1f,w,2,2,0,ctl,ok,0,0,11.5,161.5
mpd,8.0,8,w48-16qam-r1/3,w48,19,1,0,data,ok,18,18,9.4,161.5
mpd,8.0,8,ack-1f,w,2,2,0,ctl,ok,0,0,9.7,161.5
mpd,8.0,8,w48-16qam-r1/3,w48,19,1,0,data,ok,18,18,9.9,161.5
mpd,8.0,8,ack-1f,w,2,2,0,ctl,ok,0,0,8.4,161.5
mpd,8.0,8,w48-16qam-r1/3,w48,19,1,0,data,ctl_lost,18,1,7.2,161.5
mpd,8.0,8,ack-4f,w,2,2,0,ctl,ok,0,0,11.4,161.5
mpd,8.0,8,ack-4f,w,2,2,0,ctl,ok,0,0,10.9,161.5
mpd,8.0,8,w48-qpsk-r1/2,w48,19,1,0,data,ok,18,18,9.2,161.5
mpd,8.0,8,ack-1f,w,2,2,0,ctl,ok,0,0,11.7,161.5
mpd,8.0,8,w48-qpsk-r1/2,w48,19,1,0,data,ok,18,18,8.7,161.5
mpd,8.0,8,ack-1f,w,2,2,0,ctl,ok,0,0,10.2,161.5
mpd,8.0,8,w48-qpsk-r1/2,w48,19,1,0,data,ok,18,18,10.1,161.5
mpd,8.0,8,ack-1f,w,3,3,0,ctl,ok,0,0,11.6,161.5
mpd,8.0,8,w48-16qam-r1/3,w48,19,2,1,data,ok,17,17,9.5,161.5
mpd,8.0,8,ack-1f,w,3,3,0,ctl,ok,0,0,13.3,161.5
mpd,8.0,8,w48-16qam-r1/3,w48,19,2,1,data,ok,17,16,8.1,161.5
mpd,8.0,8,ack-1f,w,4,4,0,ctl,ok,0,0,13.0,161.5
mpd,8.0,8,w48-16qam-r1/3,w48,19,2,1,data,ok,16,16,9.3,161.5
mpd,8.0,8,ack-1f,w,3,3,0,ctl,ok,0,0,12.3,161.5
mpd,8.0,8,w48-16qam-r1/3,w48,19,2,1,data,ok,17,0,7.7,161.5
mpd,8.0,8,ack-1f,w,2,2,0,ctl,ok,0,0,8.2,161.5
mpd,8.0,8,w48-qpsk-r1/2,w48,19,1,0,data,ok,18,18,10.3,161.5
mpd,8.0,8,ack-1f,w,2,2,0,ctl,ok,0,0,10.7,161.5
mpd,8.0,8,w48-16qam-r1/3,w48,19,1,0,data,ok,18,18,9.8,161.5
mpd,8.0,8,ack-1f,w,2,2,0,ctl,ok,0,0,7.3,161.5
mpd,8.0,11,qpsk-r1/5,w,1,1,0,ctl,ok,0,0,11.1,171.7
mpd,8.0,11,qpsk-r1/5,w,1,1,0,ctl,ok,0,0,10.6,171.7
mpd,8.0,11,ack-4f,w,3,3,0,ctl,ok,0,0,12.0,171.7
mpd,8.0,11,ack-1f,w,2,2,0,ctl,ok,0,0,12.1,171.7
mpd,8.0,11,w48-16qam-r1/3,w48,19,1,0,data,ok,18,18,9.4,171.7
mpd,8.0,11,ack-1f,w,3,3,0,ctl,ok,0,0,12.9,171.7
mpd,8.0,11,w48-16qam-r1/3,w48,19,2,1,data,ok,17,16,8.2,171.7
mpd,8.0,11,ack-1f,w,4,4,0,ctl,ok,0,0,12.4,171.7
mpd,8.0,11,w48-16qam-r1/3,w48,19,2,1,data,ok,16,16,8.9,171.7
mpd,8.0,11,ack-1f,w,3,3,0,ctl,ok,0,0,12.4,171.7
mpd,8.0,11,w48-16qam-r1/3,w48,19,2,1,data,ok,17,10,7.4,171.7
mpd,8.0,11,ack-1f,w,4,4,0,ctl,ok,0,0,8.2,171.7
mpd,8.0,11,w48-16qam-r1/3,w48,19,2,1,data,ok,10,2,7.2,171.7
mpd,8.0,11,ack-1f,w,3,3,0,ctl,ok,0,0,9.7,171.7
mpd,8.0,11,w48-16qam-r1/3,w48,19,2,1,data,ok,13,13,9.0,171.7
mpd,8.0,11,ack-1f,w,2,2,0,ctl,ok,0,0,10.8,171.7
mpd,8.0,11,w48-16qam-r1/3,w48,19,1,0,data,ok,18,18,9.2,171.7
mpd,8.0,11,ack-1f,w,2,2,0,ctl,ok,0,0,9.7,171.7
mpd,8.0,11,w48-16qam-r1/3,w48,19,1,0,data,ok,18,18,9.4,171.7
mpd,8.0,11,ack-1f,w,2,2,0,ctl,ok,0,0,10.6,171.7
mpd,8.0,11,w48-16qam-r1/3,w48,19,1,0,data,ok,18,18,8.3,171.7
mpd,8.0,11,ack-1f,w,2,2,0,ctl,ok,0,0,14.6,171.7
mpd,8.0,11,w48-16qam-r1/3,w48,19,1,0,data,ok,18,17,8.1,171.7
mpd,8.0,11,ack-1f,w,3,3,0,ctl,ok,0,0,11.3,171.7
mpd,8.0,11,w48-16qam-r1/3,w48,19,2,1,data,ok,16,16,8.3,171.7
mpd,8.0,11,ack-1f,w,2,2,0,ctl,ok,0,0,10.8,171.7
mpd,8.0,11,w48-16qam-r1/3,w48,19,1,0,data,ok,18,18,9.3,171.7
mpd,8.0,11,ack-1f,w,2,2,0,ctl,ok,0,0,14.4,171.7
mpd,8.0,11,w48-16qam-r1/3,w48,19,1,0,data,ok,18,18,9.1,171.7
mpd,8.0,11,ack-1f,w,2,2,0,ctl,ok,0,0,10.3,171.7
mpd,8.0,11,w48-16qam-r1/3,w48,19,1,0,data,ok,18,18,8.1,171.7
mpd,8.0,11,ack-1f,w,2,2,0,ctl,ok,0,0,11.2,171.7
mpd,8.0,11,w48-16qam-r1/3,w48,19,1,0,data,ok,18,18,9.7,171.7
mpd,8.0,11,ack-1f,w,2,2,0,ctl,ok,0,0,9.6,171.7
mpd,8.0,11,w48-16qam-r1/3,w48,19,1,0,data,ok,18,18,9.0,171.7
mpd,8.0,11,ack-1f,w,2,2,0,ctl,ok,0,0,9.1,171.7
mpd,8.0,11,w48-16qam-r1/3,w48,19,1,0,data,ok,18,18,9.8,171.7
mpd,8.0,11,ack-1f,w,2,2,0,ctl,ok,0,0,7.7,171.7
mpd,8.0,11,w48-16qam-r1/3,w48,19,1,0,data,ctl_lost,18,15,7.9,171.7
mpd,8.0,11,ack-4f,w,3,3,0,ctl,ok,0,0,11.4,171.7
mpd,8.0,11,ack-4f,w,3,3,0,ctl,ok,0,0,9.8,171.7
mpd,8.0,11,w48-16qam-r1/3,w48,19,2,1,data,ok,17,17,7.6,171.7
mpd,8.0,11,ack-1f,w,3,3,0,ctl,ok,0,0,8.4,171.7
mpd,8.0,11,w48-16qam-r1/3,w48,19,2,1,data,ok,17,17,8.9,171.7
mpd,8.0,11,ack-1f,w,2,2,0,ctl,ok,0,0,9.7,171.7
mpd,8.0,11,w48-16qam-r1/3,w48,19,1,0,data,ctl_lost,18,5,7.3,171.7
mpd,8.0,11,ack-4f,w,3,3,0,ctl,ok,0,0,11.7,171.7
mpd,8.0,11,ack-4f,w,3,3,0,ctl,ok,0,0,10.7,171.7
mpd,8.0,11,w48-16qam-r1/3,w48,19,2,1,data,ok,17,17,8.9,171.7
mpd,8.0,11,ack-1f,w,3,3,0,ctl,ok,0,0,11.5,171.7
mpd,8.0,11,w48-16qam-r1/3,w48,19,2,1,data,ok,17,8,7.8,171.7
mpd,8.0,11,ack-1f,w,4,4,0,ctl,ok,0,0,11.8,171.7
mpd,8.0,11,w48-16qam-r1/3,w48,19,2,1,data,ok,8,8,9.0,171.7
mpd,8.0,11,ack-1f,w,3,3,0,ctl,ok,0,0,9.0,171.7
mpd,8.0,11,w48-16qam-r1/3,w48,19,2,1,data,ok,17,17,9.0,171.7
mpd,8.0,11,ack-1f,w,2,2,0,ctl,ok,0,0,7.4,171.7
mpd,8.0,11,w48-16qam-r1/3,w48,19,1,0,data,ok,18,18,9.2,171.7
mpd,8.0,11,ack-1f,w,2,2,0,ctl,ok,0,0,13.0,171.7
mpd,8.0,11,w48-16qam-r1/3,w48,19,1,0,data,ok,18,18,9.3,171.7
mpd,8.0,11,ack-1f,w,2,2,0,ctl,ok,0,0,14.6,171.7
mpd,8.0,11,w48-16qam-r1/3,w48,19,1,0,data,ctl_lost,18,5,7.7,171.7
mpd,8.0,11,ack-4f,w,2,2,0,ctl,ok,0,0,11.6,171.7
mpd,8.0,11,ack-4f,w,3,3,0,ctl,ok,0,0,12.4,171.7
mpd,8.0,11,w48-16qam-r1/3,w48,19,2,1,data,ok,17,17,8.5,171.7
mpd,8.0,11,ack-1f,w,3,3,0,ctl,ok,0,0,11.4,171.7
mpd,8.0,11,w48-16qam-r1/3,w48,19,2,1,data,ok,17,17,9.5,171.7
mpd,8.0,11,ack-1f,w,2,2,0,ctl,ok,0,0,10.0,171.7
mpd,8.0,11,w48-16qam-r1/3,w48,19,1,0,data,ok,18,18,9.5,171.7
mpd,8.0,11,ack-1f,w,2,2,0,ctl,ok,0,0,11.3,171.7
mpd,8.0,11,w48-16qam-r1/3,w48,19,1,0,data,ok,18,18,9.0,171.7
mpd,8.0,11,ack-1f,w,2,2,0,ctl,ok,0,0,8.4,171.7
mpd,8.0,11,w48-16qam-r1/3,w48,19,1,0,data,ok,18,18,8.8,171.7
mpd,8.0,11,ack-1f,w,2,2,0,ctl,ok,0,0,8.5,171.7
mpd,8.0,11,w48-16qam-r1/3,w48,19,1,0,data,ok,18,18,7.9,171.7
mpd,8.0,11,ack-1f,w,3,3,0,ctl,ok,0,0,11.0,171.7
mpd,8.0,11,w48-16qam-r1/3,w48,19,2,1,data,ok,17,17,10.0,171.7
mpd,8.0,11,ack-1f,w,2,2,0,ctl,ok,0,0,8.3,171.7
mpd,8.0,11,w48-16qam-r1/3,w48,19,1,0,data,ok,18,18,9.9,171.7
mpd,8.0,11,ack-1f,w,2,2,0,ctl,ok,0,0,10.5,171.7
mpd,8.0,11,w48-16qam-r1/3,w48,19,1,0,data,ok,18,18,9.0,171.7
mpd,8.0,11,ack-1f,w,2,2,0,ctl,ok,0,0,9.2,171.7
mpd,8.0,11,w48-16qam-r1/3,w48,19,1,0,data,ok,18,18,9.5,171.7
mpd,8.0,11,ack-1f,w,2,2,0,ctl,ctl_lost,0,0,7.0,171.7
mpd,8.0,11,ack-4f,w,3,3,0,ctl,ok,0,0,9.5,171.7
mpd,8.0,11,ack-4f,w,3,3,0,ctl,ok,0,0,11.6,171.7
mpd,8.0,11,w48-16qam-r1/3,w48,19,2,1,data,ok,17,17,8.7,171.7
mpd,8.0,11,ack-1f,w,2,2,0,ctl,ok,0,0,13.0,171.7
mpd,8.0,11,w48-16qam-r1/3,w48,19,1,0,data,ok,18,18,9.6,171.7
mpd,8.0,11,ack-1f,w,2,2,0,ctl,ok,0,0,8.0,171.7
mpd,8.0,11,w48-16qam-r1/3,w48,19,1,0,data,ok,18,18,8.1,171.7
mpd,8.0,11,ack-1f,w,2,2,0,ctl,ok,0,0,12.9,171.7
mpd,8.0,11,w48-16qam-r1/3,w48,19,1,0,data,ok,18,18,10.3,171.7
mpd,8.0,11,ack-1f,w,2,2,0,ctl,ok,0,0,9.8,171.7
mpd,8.0,11,w48-16qam-r1/3,w48,19,1,0,data,ctl_lost,18,5,7.7,171.7
