channel,snr,seed,submode,band,n_cw,ctl_slots,dup,kind,outcome,data_sent,data_ok,snr_est,delivered_Bps
awgn,0.0,9,qpsk-r1/5,w,1,1,0,ctl,ok,0,0,3.6,70.5
awgn,0.0,9,qpsk-r1/5,w,1,1,0,ctl,ok,0,0,3.4,70.5
awgn,0.0,9,ack-4f,w,3,3,0,ctl,ok,0,0,4.0,70.5
awgn,0.0,9,ack-1f,w,3,3,0,ctl,ok,0,0,4.2,70.5
awgn,0.0,9,qpsk-r1/2,w,9,2,1,data,ok,7,7,3.4,70.5
awgn,0.0,9,ack-1f,w,2,2,0,ctl,ok,0,0,2.9,70.5
awgn,0.0,9,qpsk-r1/2,w,9,1,0,data,ok,8,8,3.5,70.5
awgn,0.0,9,ack-1f,w,2,2,0,ctl,ok,0,0,3.0,70.5
awgn,0.0,9,qpsk-r1/2,w,9,1,0,data,ok,8,8,3.4,70.5
awgn,0.0,9,ack-1f,w,2,2,0,ctl,ok,0,0,3.7,70.5
awgn,0.0,9,qpsk-r1/2,w,9,1,0,data,ok,8,8,3.6,70.5
awgn,0.0,9,ack-1f,w,2,2,0,ctl,ok,0,0,3.0,70.5
awgn,0.0,9,qpsk-r1/2,w,9,1,0,data,ok,8,8,3.6,70.5
awgn,0.0,9,ack-1f,w,2,2,0,ctl,ok,0,0,3.6,70.5
awgn,0.0,9,qpsk-r1/2,w,9,1,0,data,ok,8,8,3.3,70.5
awgn,0.0,9,ack-1f,w,2,2,0,ctl,ok,0,0,3.8,70.5
awgn,0.0,9,qpsk-r1/2,w,9,1,0,data,ok,8,8,3.5,70.5
awgn,0.0,9,ack-1f,w,2,2,0,ctl,ok,0,0,3.9,70.5
awgn,0.0,9,qpsk-r1/2,w,9,1,0,data,ok,8,8,3.6,70.5
awgn,0.0,9,ack-1f,w,2,2,0,ctl,ok,0,0,3.2,70.5
awgn,0.0,9,qpsk-r1/2,w,9,1,0,data,ok,8,8,3.6,70.5
awgn,0.0,9,ack-1f,w,2,2,0,ctl,ok,0,0,4.5,70.5
awgn,0.0,9,qpsk-r1/2,w,9,1,0,data,ok,8,8,3.5,70.5
awgn,0.0,9,ack-1f,w,2,2,0,ctl,ok,0,0,3.0,70.5
awgn,0.0,9,qpsk-r1/2,w,9,1,0,data,ok,8,8,3.6,70.5
awgn,0.0,9,ack-1f,w,2,2,0,ctl,ok,0,0,3.4,70.5
awgn,0.0,9,qpsk-r1/2,w,9,1,0,data,ok,8,8,3.4,70.5
awgn,0.0,9,ack-1f,w,2,2,0,ctl,ok,0,0,3.1,70.5
awgn,0.0,9,qpsk-r1/2,w,9,1,0,data,ok,8,8,3.4,70.5
awgn,0.0,9,ack-1f,w,2,2,0,ctl,ok,0,0,4.3,70.5
awgn,0.0,9,qpsk-r1/2,w,9,1,0,data,ok,8,8,3.7,70.5
awgn,0.0,9,ack-1f,w,2,2,0,ctl,ok,0,0,3.9,70.5
awgn,0.0,9,qpsk-r1/2,w,9,1,0,data,ok,8,8,3.3,70.5
awgn,0.0,9,ack-1f,w,2,2,0,ctl,ok,0,0,4.3,70.5
awgn,0.0,9,qpsk-r1/2,w,9,1,0,data,ok,8,8,3.6,70.5
awgn,0.0,9,ack-1f,w,2,2,0,ctl,ok,0,0,3.7,70.5
awgn,0.0,9,qpsk-r1/2,w,9,1,0,data,ok,8,8,3.4,70.5
awgn,0.0,9,ack-1f,w,2,2,0,ctl,ok,0,0,3.4,70.5
awgn,0.0,9,qpsk-r1/2,w,9,1,0,data,ok,8,8,3.4,70.5
awgn,0.0,9,ack-1f,w,2,2,0,ctl,ok,0,0,4.2,70.5
awgn,0.0,9,qpsk-r1/2,w,9,1,0,data,ok,8,8,3.5,70.5
awgn,0.0,9,ack-1f,w,2,2,0,ctl,ok,0,0,3.4,70.5
awgn,0.0,9,qpsk-r1/2,w,9,1,0,data,ok,8,8,3.5,70.5
awgn,0.0,9,ack-1f,w,2,2,0,ctl,ok,0,0,4.3,70.5
awgn,0.0,9,qpsk-r1/2,w,9,1,0,data,ok,8,8,3.7,70.5
awgn,0.0,9,ack-1f,w,2,2,0,ctl,ok,0,0,4.1,70.5
awgn,0.0,9,qpsk-r1/2,w,9,1,0,data,ok,8,8,3.4,70.5
awgn,0.0,9,ack-1f,w,2,2,0,ctl,ok,0,0,4.1,70.5
awgn,0.0,9,qpsk-r1/2,w,9,1,0,data,ok,8,8,3.6,70.5
awgn,0.0,9,ack-1f,w,2,2,0,ctl,ok,0,0,3.8,70.5
awgn,0.0,9,qpsk-r1/2,w,9,1,0,data,ok,8,8,3.8,70.5
awgn,0.0,9,ack-1f,w,2,2,0,ctl,ok,0,0,3.4,70.5
awgn,0.0,9,qpsk-r1/2,w,9,1,0,data,ok,8,8,3.6,70.5
awgn,0.0,9,ack-1f,w,2,2,0,ctl,ok,0,0,4.1,70.5
awgn,0.0,9,qpsk-r1/2,w,9,1,0,data,ok,8,8,3.3,70.5
awgn,0.0,9,ack-1f,w,2,2,0,ctl,ok,0,0,5.0,70.5
awgn,0.0,9,qpsk-r1/2,w,9,1,0,data,ok,8,8,3.6,70.5
awgn,0.0,9,ack-1f,w,2,2,0,ctl,ok,0,0,3.4,70.5
awgn,0.0,9,qpsk-r1/2,w,9,1,0,data,ok,8,8,3.4,70.5
awgn,0.0,9,ack-1f,w,2,2,0,ctl,ok,0,0,4.5,70.5
awgn,0.0,9,qpsk-r1/2,w,9,1,0,data,ok,8,8,3.6,70.5
awgn,0.0,9,ack-1f,w,2,2,0,ctl,ok,0,0,3.6,70.5
awgn,0.0,9,qpsk-r1/2,w,9,1,0,data,ok,8,8,3.9,70.5
awgn,0.0,9,ack-1f,w,2,2,0,ctl,ok,0,0,3.9,70.5
awgn,0.0,9,qpsk-r1/2,w,9,1,0,data,ok,8,8,3.8,70.5
awgn,0.0,9,ack-1f,w,2,2,0,ctl,ok,0,0,4.2,70.5
awgn,0.0,9,qpsk-r1/2,w,9,1,0,data,ok,8,8,3.6,70.5
awgn,0.0,9,ack-1f,w,2,2,0,ctl,ok,0,0,3.1,70.5
awgn,0.0,9,qpsk-r1/2,w,9,1,0,data,ok,8,8,3.6,70.5
awgn,0.0,9,ack-1f,w,2,2,0,ctl,ok,0,0,3.5,70.5
awgn,0.0,9,qpsk-r1/2,w,9,1,0,data,ok,8,8,3.5,70.5
awgn,0.0,9,ack-1f,w,2,2,0,ctl,ok,0,0,3.9,70.5
awgn,0.0,9,qpsk-r1/2,w,9,1,0,data,ok,8,8,3.7,70.5
awgn,0.0,9,ack-1f,w,2,2,0,ctl,ok,0,0,3.8,70.5
awgn,0.0,9,qpsk-r1/2,w,9,1,0,data,ok,8,8,3.4,70.5
awgn,0.0,9,ack-1f,w,2,2,0,ctl,ok,0,0,3.4,70.5
awgn,0.0,9,qpsk-r1/2,w,9,1,0,data,ok,8,8,3.6,70.5
awgn,0.0,9,ack-1f,w,2,2,0,ctl,ok,0,0,4.0,70.5
awgn,0.0,9,qpsk-r1/2,w,9,1,0,data,ok,8,8,3.5,70.5
awgn,0.0,9,ack-1f,w,2,2,0,ctl,ok,0,0,3.3,70.5
awgn,0.0,9,qpsk-r1/2,w,9,1,0,data,ok,8,8,3.5,70.5
awgn,0.0,9,ack-1f,w,2,2,0,ctl,ok,0,0,3.0,70.5
awgn,0.0,9,qpsk-r1/2,w,9,1,0,data,ok,8,8,3.5,70.5
awgn,0.0,9,ack-1f,w,2,2,0,ctl,ok,0,0,2.7,70.5
awgn,0.0,9,qpsk-r1/2,w,9,1,0,data,ok,8,8,3.5,70.5
awgn,0.0,9,ack-1f,w,2,2,0,ctl,ok,0,0,3.1,70.5
awgn,0.0,9,qpsk-r1/2,w,9,1,0,data,ok,8,8,3.6,70.5
awgn,0.0,9,ack-1f,w,2,2,0,ctl,ok,0,0,4.2,70.5
awgn,0.0,9,qpsk-r1/2,w,9,1,0,data,ok,8,8,3.6,70.5
awgn,0.0,9,ack-1f,w,2,2,0,ctl,ok,0,0,2.4,70.5
awgn,0.0,9,qpsk-r1/2,w,9,1,0,data,ok,8,8,3.5,70.5
awgn,0.0,9,ack-1f,w,2,2,0,ctl,ok,0,0,2.5,70.5
awgn,0.0,9,qpsk-r1/2,w,9,1,0,data,ok,8,8,3.4,70.5
awgn,0.0,9,ack-1f,w,2,2,0,ctl,ok,0,0,3.4,70.5
awgn,0.0,9,qpsk-r1/2,w,9,1,0,data,ok,8,8,3.6,70.5
awgn,0.0,9,ack-1f,w,2,2,0,ctl,ok,0,0,4.1,70.5
awgn,0.0,9,qpsk-r1/2,w,9,1,0,data,ok,8,8,3.5,70.5
awgn,0.0,4,qpsk-r1/5,w,1,1,0,ctl,ok,0,0,3.7,70.5
awgn,0.0,4,qpsk-r1/5,w,1,1,0,ctl,ok,0,0,3.5,70.5
awgn,0.0,4,ack-4f,w,3,3,0,ctl,ok,0,0,3.6,70.5
awgn,0.0,4,ack-1f,w,3,3,0,ctl,ok,0,0,3.5,70.5
awgn,0.0,4,qpsk-r1/2,w,9,2,1,data,ok,7,7,3.9,70.5
awgn,0.0,4,ack-1f,w,2,2,0,ctl,ok,0,0,3.5,70.5
awgn,0.0,4,qpsk-r1/2,w,9,1,0,data,ok,8,8,3.7,70.5
awgn,0.0,4,ack-1f,w,2,2,0,ctl,ok,0,0,3.8,70.5
awgn,0.0,4,qpsk-r1/2,w,9,1,0,data,ok,8,8,3.2,70.5
awgn,0.0,4,ack-1f,w,2,2,0,ctl,ok,0,0,2.8,70.5
awgn,0.0,4,qpsk-r1/2,w,9,1,0,data,ok,8,8,3.5,70.5
awgn,0.0,4,ack-1f,w,2,2,0,ctl,ok,0,0,3.8,70.5
awgn,0.0,4,qpsk-r1/2,w,9,1,0,data,ok,8,8,3.4,70.5
awgn,0.0,4,ack-1f,w,2,2,0,ctl,ok,0,0,2.0,70.5
awgn,0.0,4,qpsk-r1/2,w,9,1,0,data,ok,8,8,3.5,70.5
awgn,0.0,4,ack-1f,w,2,2,0,ctl,ok,0,0,3.6,70.5
awgn,0.0,4,qpsk-r1/2,w,9,1,0,data,ok,8,8,3.3,70.5
awgn,0.0,4,ack-1f,w,2,2,0,ctl,ok,0,0,2.8,70.5
awgn,0.0,4,qpsk-r1/2,w,9,1,0,data,ok,8,8,3.6,70.5
awgn,0.0,4,ack-1f,w,2,2,0,ctl,ok,0,0,3.8,70.5
awgn,0.0,4,qpsk-r1/2,w,9,1,0,data,ok,8,8,3.6,70.5
awgn,0.0,4,ack-1f,w,2,2,0,ctl,ok,0,0,3.3,70.5
awgn,0.0,4,qpsk-r1/2,w,9,1,0,data,ok,8,8,3.4,70.5
awgn,0.0,4,ack-1f,w,2,2,0,ctl,ok,0,0,3.9,70.5
awgn,0.0,4,qpsk-r1/2,w,9,1,0,data,ok,8,8,3.7,70.5
awgn,0.0,4,ack-1f,w,2,2,0,ctl,ok,0,0,3.6,70.5
awgn,0.0,4,qpsk-r1/2,w,9,1,0,data,ok,8,8,3.6,70.5
awgn,0.0,4,ack-1f,w,2,2,0,ctl,ok,0,0,3.8,70.5
awgn,0.0,4,qpsk-r1/2,w,9,1,0,data,ok,8,8,3.3,70.5
awgn,0.0,4,ack-1f,w,2,2,0,ctl,ok,0,0,3.0,70.5
awgn,0.0,4,qpsk-r1/2,w,9,1,0,data,ok,8,8,3.8,70.5
awgn,0.0,4,ack-1f,w,2,2,0,ctl,ok,0,0,4.1,70.5
awgn,0.0,4,qpsk-r1/2,w,9,1,0,data,ok,8,8,3.4,70.5
awgn,0.0,4,ack-1f,w,2,2,0,ctl,ok,0,0,3.4,70.5
awgn,0.0,4,qpsk-r1/2,w,9,1,0,data,ok,8,8,3.5,70.5
awgn,0.0,4,ack-1f,w,2,2,0,ctl,ok,0,0,2.6,70.5
awgn,0.0,4,qpsk-r1/2,w,9,1,0,data,ok,8,8,3.7,70.5
awgn,0.0,4,ack-1f,w,2,2,0,ctl,ok,0,0,2.3,70.5
awgn,0.0,4,qpsk-r1/2,w,9,1,0,data,ok,8,8,3.8,70.5
awgn,0.0,4,ack-1f,w,2,2,0,ctl,ok,0,0,3.7,70.5
awgn,0.0,4,qpsk-r1/2,w,9,1,0,data,ok,8,8,3.5,70.5
awgn,0.0,4,ack-1f,w,2,2,0,ctl,ok,0,0,3.8,70.5
awgn,0.0,4,qpsk-r1/2,w,9,1,0,data,ok,8,8,3.7,70.5
awgn,0.0,4,ack-1f,w,2,2,0,ctl,ok,0,0,3.2,70.5
awgn,0.0,4,qpsk-r1/2,w,9,1,0,data,ok,8,8,3.4,70.5
awgn,0.0,4,ack-1f,w,2,2,0,ctl,ok,0,0,3.3,70.5
awgn,0.0,4,qpsk-r1/2,w,9,1,0,data,ok,8,8,3.7,70.5
awgn,0.0,4,ack-1f,w,2,2,0,ctl,ok,0,0,4.0,70.5
awgn,0.0,4,qpsk-r1/2,w,9,1,0,data,ok,8,8,3.3,70.5
awgn,0.0,4,ack-1f,w,2,2,0,ctl,ok,0,0,2.8,70.5
awgn,0.0,4,qpsk-r1/2,w,9,1,0,data,ok,8,8,3.5,70.5
awgn,0.0,4,ack-1f,w,2,2,0,ctl,ok,0,0,4.0,70.5
awgn,0.0,4,qpsk-r1/2,w,9,1,0,data,ok,8,8,3.7,70.5
awgn,0.0,4,ack-1f,w,2,2,0,ctl,ok,0,0,3.5,70.5
awgn,0.0,4,qpsk-r1/2,w,9,1,0,data,ok,8,8,3.7,70.5
awgn,0.0,4,ack-1f,w,2,2,0,ctl,ok,0,0,4.3,70.5
awgn,0.0,4,qpsk-r1/2,w,9,1,0,data,ok,8,8,3.4,70.5
awgn,0.0,4,ack-1f,w,2,2,0,ctl,ok,0,0,3.4,70.5
awgn,0.0,4,qpsk-r1/2,w,9,1,0,data,ok,8,8,3.6,70.5
awgn,0.0,4,ack-1f,w,2,2,0,ctl,ok,0,0,3.1,70.5
awgn,0.0,4,qpsk-r1/2,w,9,1,0,data,ok,8,8,3.5,70.5
awgn,0.0,4,ack-1f,w,2,2,0,ctl,ok,0,0,3.8,70.5
awgn,0.0,4,qpsk-r1/2,w,9,1,0,data,ok,8,8,3.4,70.5
awgn,0.0,4,ack-1f,w,2,2,0,ctl,ok,0,0,1.8,70.5
awgn,0.0,4,qpsk-r1/2,w,9,1,0,data,ok,8,8,3.6,70.5
awgn,0.0,4,ack-1f,w,2,2,0,ctl,ok,0,0,2.8,70.5
awgn,0.0,4,qpsk-r1/2,w,9,1,0,data,ok,8,8,3.4,70.5
awgn,0.0,4,ack-1f,w,2,2,0,ctl,ok,0,0,4.7,70.5
awgn,0.0,4,qpsk-r1/2,w,9,1,0,data,ok,8,8,3.6,70.5
awgn,0.0,4,ack-1f,w,2,2,0,ctl,ok,0,0,3.7,70.5
awgn,0.0,4,qpsk-r1/2,w,9,1,0,data,ok,8,8,3.5,70.5
awgn,0.0,4,ack-1f,w,2,2,0,ctl,ok,0,0,3.9,70.5
awgn,0.0,4,qpsk-r1/2,w,9,1,0,data,ok,8,8,3.6,70.5
awgn,0.0,4,ack-1f,w,2,2,0,ctl,ok,0,0,5.0,70.5
awgn,0.0,4,qpsk-r1/2,w,9,1,0,data,ok,8,8,3.7,70.5
awgn,0.0,4,ack-1f,w,2,2,0,ctl,ok,0,0,4.3,70.5
awgn,0.0,4,qpsk-r1/2,w,9,1,0,data,ok,8,8,3.6,70.5
awgn,0.0,4,ack-1f,w,2,2,0,ctl,ok,0,0,3.7,70.5
awgn,0.0,4,qpsk-r1/2,w,9,1,0,data,ok,8,8,3.4,70.5
awgn,0.0,4,ack-1f,w,2,2,0,ctl,ok,0,0,3.7,70.5
awgn,0.0,4,qpsk-r1/2,w,9,1,0,data,ok,8,8,3.5,70.5
awgn,0.0,4,ack-1f,w,2,2,0,ctl,ok,0,0,3.4,70.5
awgn,0.0,4,qpsk-r1/2,w,9,1,0,data,ok,8,8,3.4,70.5
awgn,0.0,4,ack-1f,w,2,2,0,ctl,ok,0,0,4.4,70.5
awgn,0.0,4,qpsk-r1/2,w,9,1,0,data,ok,8,8,3.7,70.5
awgn,0.0,4,ack-1f,w,2,2,0,ctl,ok,0,0,3.1,70.5
awgn,0.0,4,qpsk-r1/2,w,9,1,0,data,ok,8,8,3.7,70.5
awgn,0.0,4,ack-1f,w,2,2,0,ctl,ok,0,0,3.5,70.5
awgn,0.0,4,qpsk-r1/2,w,9,1,0,data,ok,8,8,3.7,70.5
awgn,0.0,4,ack-1f,w,2,2,0,ctl,ok,0,0,3.4,70.5
awgn,0.0,4,qpsk-r1/2,w,9,1,0,data,ok,8,8,3.3,70.5
awgn,0.0,4,ack-1f,w,2,2,0,ctl,ok,0,0,3.7,70.5
awgn,0.0,4,qpsk-r1/2,w,9,1,0,data,ok,8,8,3.6,70.5
awgn,0.0,4,ack-1f,w,2,2,0,ctl,ok,0,0,3.5,70.5
awgn,0.0,4,qpsk-r1/2,w,9,1,0,data,ok,8,8,3.5,70.5
awgn,0.0,4,ack-1f,w,2,2,0,ctl,ok,0,0,4.8,70.5
awgn,0.0,4,qpsk-r1/2,w,9,1,0,data,ok,8,8,3.5,70.5
awgn,0.0,7,qpsk-r1/5,w,1,1,0,ctl,ok,0,0,3.7,70.5
awgn,0.0,7,qpsk-r1/5,w,1,1,0,ctl,ok,0,0,4.3,70.5
awgn,0.0,7,ack-4f,w,3,3,0,ctl,ok,0,0,4.1,70.5
awgn,0.0,7,ack-1f,w,2,2,0,ctl,ok,0,0,3.5,70.5
awgn,0.0,7,qpsk-r1/2,w,9,1,0,data,ok,8,8,3.5,70.5
awgn,0.0,7,ack-1f,w,2,2,0,ctl,ok,0,0,3.1,70.5
awgn,0.0,7,qpsk-r1/2,w,9,1,0,data,ok,8,8,3.6,70.5
awgn,0.0,7,ack-1f,w,2,2,0,ctl,ok,0,0,3.9,70.5
awgn,0.0,7,qpsk-r1/2,w,9,1,0,data,ok,8,8,3.5,70.5
awgn,0.0,7,ack-1f,w,2,2,0,ctl,ok,0,0,3.4,70.5
awgn,0.0,7,qpsk-r1/2,w,9,1,0,data,ok,8,8,3.5,70.5
awgn,0.0,7,ack-1f,w,2,2,0,ctl,ok,0,0,3.5,70.5
awgn,0.0,7,qpsk-r1/2,w,9,1,0,data,ok,8,8,3.5,70.5
awgn,0.0,7,ack-1f,w,2,2,0,ctl,ok,0,0,4.5,70.5
awgn,0.0,7,qpsk-r1/2,w,9,1,0,data,ok,8,8,3.4,70.5
awgn,0.0,7,ack-1f,w,2,2,0,ctl,ok,0,0,3.3,70.5
awgn,0.0,7,qpsk-r1/2,w,9,1,0,data,ok,8,8,3.5,70.5
awgn,0.0,7,ack-1f,w,2,2,0,ctl,ok,0,0,4.1,70.5
awgn,0.0,7,qpsk-r1/2,w,9,1,0,data,ok,8,8,3.5,70.5
awgn,0.0,7,ack-1f,w,2,2,0,ctl,ok,0,0,4.1,70.5
awgn,0.0,7,qpsk-r1/2,w,9,1,0,data,ok,8,8,3.3,70.5
awgn,0.0,7,ack-1f,w,2,2,0,ctl,ok,0,0,2.8,70.5
awgn,0.0,7,qpsk-r1/2,w,9,1,0,data,ok,8,8,3.4,70.5
awgn,0.0,7,ack-1f,w,2,2,0,ctl,ok,0,0,4.4,70.5
awgn,0.0,7,qpsk-r1/2,w,9,1,0,data,ok,8,8,3.4,70.5
awgn,0.0,7,ack-1f,w,2,2,0,ctl,ok,0,0,3.5,70.5
awgn,0.0,7,qpsk-r1/2,w,9,1,0,data,ok,8,8,3.4,70.5
awgn,0.0,7,ack-1f,w,2,2,0,ctl,ok,0,0,3.9,70.5
awgn,0.0,7,qpsk-r1/2,w,9,1,0,data,ok,8,8,3.8,70.5
awgn,0.0,7,ack-1f,w,2,2,0,ctl,ok,0,0,3.0,70.5
awgn,0.0,7,qpsk-r1/2,w,9,1,0,data,ok,8,8,3.4,70.5
awgn,0.0,7,ack-1f,w,2,2,0,ctl,ok,0,0,3.6,70.5
awgn,0.0,7,qpsk-r1/2,w,9,1,0,data,ok,8,8,3.5,70.5
awgn,0.0,7,ack-1f,w,2,2,0,ctl,ok,0,0,3.5,70.5
awgn,0.0,7,qpsk-r1/2,w,9,1,0,data,ok,8,8,3.5,70.5
awgn,0.0,7,ack-1f,w,2,2,0,ctl,ok,0,0,4.2,70.5
awgn,0.0,7,qpsk-r1/2,w,9,1,0,data,ok,8,8,3.4,70.5
awgn,0.0,7,ack-1f,w,2,2,0,ctl,ok,0,0,3.4,70.5
awgn,0.0,7,qpsk-r1/2,w,9,1,0,data,ok,8,8,3.6,70.5
awgn,0.0,7,ack-1f,w,2,2,0,ctl,ok,0,0,5.2,70.5
awgn,0.0,7,qpsk-r1/2,w,9,1,0,data,ok,8,8,3.6,70.5
awgn,0.0,7,ack-1f,w,2,2,0,ctl,ok,0,0,3.2,70.5
awgn,0.0,7,qpsk-r1/2,w,9,1,0,data,ok,8,8,3.7,70.5
awgn,0.0,7,ack-1f,w,2,2,0,ctl,ok,0,0,1.8,70.5
awgn,0.0,7,qpsk-r1/2,w,9,1,0,data,ok,8,8,3.6,70.5
awgn,0.0,7,ack-1f,w,2,2,0,ctl,ok,0,0,2.8,70.5
awgn,0.0,7,qpsk-r1/2,w,9,1,0,data,ok,8,8,3.7,70.5
awgn,0.0,7,ack-1f,w,2,2,0,ctl,ok,0,0,2.5,70.5
awgn,0.0,7,qpsk-r1/2,w,9,1,0,data,ok,8,8,3.5,70.5
awgn,0.0,7,ack-1f,w,2,2,0,ctl,ok,0,0,4.2,70.5
awgn,0.0,7,qpsk-r1/2,w,9,1,0,data,ok,8,8,3.6,70.5
awgn,0.0,7,ack-1f,w,2,2,0,ctl,ok,0,0,3.4,70.5
awgn,0.0,7,qpsk-r1/2,w,9,1,0,data,ok,8,8,3.5,70.5
awgn,0.0,7,ack-1f,w,2,2,0,ctl,ok,0,0,3.5,70.5
awgn,0.0,7,qpsk-r1/2,w,9,1,0,data,ok,8,8,3.6,70.5
awgn,0.0,7,ack-1f,w,2,2,0,ctl,ok,0,0,3.6,70.5
awgn,0.0,7,qpsk-r1/2,w,9,1,0,data,ok,8,8,3.5,70.5
awgn,0.0,7,ack-1f,w,2,2,0,ctl,ok,0,0,4.0,70.5
awgn,0.0,7,qpsk-r1/2,w,9,1,0,data,ok,8,8,3.4,70.5
awgn,0.0,7,ack-1f,w,2,2,0,ctl,ok,0,0,3.8,70.5
awgn,0.0,7,qpsk-r1/2,w,9,1,0,data,ok,8,8,3.6,70.5
awgn,0.0,7,ack-1f,w,2,2,0,ctl,ok,0,0,4.4,70.5
awgn,0.0,7,qpsk-r1/2,w,9,1,0,data,ok,8,8,3.6,70.5
awgn,0.0,7,ack-1f,w,2,2,0,ctl,ok,0,0,4.5,70.5
awgn,0.0,7,qpsk-r1/2,w,9,1,0,data,ok,8,8,3.7,70.5
awgn,0.0,7,ack-1f,w,2,2,0,ctl,ok,0,0,4.0,70.5
awgn,0.0,7,qpsk-r1/2,w,9,1,0,data,ok,8,8,3.6,70.5
awgn,0.0,7,ack-1f,w,2,2,0,ctl,ok,0,0,3.9,70.5
awgn,0.0,7,qpsk-r1/2,w,9,1,0,data,ok,8,8,3.5,70.5
awgn,0.0,7,ack-1f,w,2,2,0,ctl,ok,0,0,4.1,70.5
awgn,0.0,7,qpsk-r1/2,w,9,1,0,data,ok,8,8,3.7,70.5
awgn,0.0,7,ack-1f,w,2,2,0,ctl,ok,0,0,3.8,70.5
awgn,0.0,7,qpsk-r1/2,w,9,1,0,data,ok,8,8,3.7,70.5
awgn,0.0,7,ack-1f,w,2,2,0,ctl,ok,0,0,3.6,70.5
awgn,0.0,7,qpsk-r1/2,w,9,1,0,data,ok,8,8,3.8,70.5
awgn,0.0,7,ack-1f,w,2,2,0,ctl,ok,0,0,3.4,70.5
awgn,0.0,7,qpsk-r1/2,w,9,1,0,data,ok,8,8,3.4,70.5
awgn,0.0,7,ack-1f,w,2,2,0,ctl,ok,0,0,4.1,70.5
awgn,0.0,7,qpsk-r1/2,w,9,1,0,data,ok,8,8,3.5,70.5
awgn,0.0,7,ack-1f,w,2,2,0,ctl,ok,0,0,3.2,70.5
awgn,0.0,7,qpsk-r1/2,w,9,1,0,data,ok,8,8,3.6,70.5
awgn,0.0,7,ack-1f,w,2,2,0,ctl,ok,0,0,4.6,70.5
awgn,0.0,7,qpsk-r1/2,w,9,1,0,data,ok,8,8,3.6,70.5
awgn,0.0,7,ack-1f,w,2,2,0,ctl,ok,0,0,0.5,70.5
awgn,0.0,7,qpsk-r1/2,w,9,1,0,data,ok,8,8,3.4,70.5
awgn,0.0,7,ack-1f,w,2,2,0,ctl,ok,0,0,4.4,70.5
awgn,0.0,7,qpsk-r1/2,w,9,1,0,data,ok,8,8,3.5,70.5
awgn,0.0,7,ack-1f,w,2,2,0,ctl,ok,0,0,3.1,70.5
awgn,0.0,7,qpsk-r1/2,w,9,1,0,data,ok,8,8,3.4,70.5
awgn,0.0,7,ack-1f,w,2,2,0,ctl,ok,0,0,4.2,70.5
awgn,0.0,7,qpsk-r1/2,w,9,1,0,data,ok,8,8,3.4,70.5
awgn,0.0,7,ack-1f,w,2,2,0,ctl,ok,0,0,4.3,70.5
awgn,0.0,7,qpsk-r1/2,w,9,1,0,data,ok,8,8,3.7,70.5
awgn,0.0,7,ack-1f,w,2,2,0,ctl,ok,0,0,3.7,70.5
awgn,0.0,7,qpsk-r1/2,w,9,1,0,data,ok,8,8,3.4,70.5
awgn,0.0,7,ack-1f,w,2,2,0,ctl,ok,0,0,5.7,70.5
awgn,0.0,7,qpsk-r1/2,w,9,1,0,data,ok,8,8,3.5,70.5
awgn,0.0,5,qpsk-r1/5,w,1,1,0,ctl,ok,0,0,3.6,70.5
awgn,0.0,5,qpsk-r1/5,w,1,1,0,ctl,ok,0,0,3.5,70.5
awgn,0.0,5,ack-4f,w,3,3,0,ctl,ok,0,0,3.6,70.5
awgn,0.0,5,ack-1f,w,3,3,0,ctl,ok,0,0,4.1,70.5
awgn,0.0,5,qpsk-r1/2,w,9,2,1,data,ok,7,7,3.5,70.5
awgn,0.0,5,ack-1f,w,2,2,0,ctl,ok,0,0,4.5,70.5
awgn,0.0,5,qpsk-r1/2,w,9,1,0,data,ok,8,8,3.3,70.5
awgn,0.0,5,ack-1f,w,2,2,0,ctl,ok,0,0,3.8,70.5
awgn,0.0,5,qpsk-r1/2,w,9,1,0,data,ok,8,8,3.5,70.5
awgn,0.0,5,ack-1f,w,2,2,0,ctl,ok,0,0,2.8,70.5
awgn,0.0,5,qpsk-r1/2,w,9,1,0,data,ok,8,8,3.6,70.5
awgn,0.0,5,ack-1f,w,2,2,0,ctl,ok,0,0,4.4,70.5
awgn,0.0,5,qpsk-r1/2,w,9,1,0,data,ok,8,8,3.7,70.5
awgn,0.0,5,ack-1f,w,2,2,0,ctl,ok,0,0,4.4,70.5
awgn,0.0,5,qpsk-r1/2,w,9,1,0,data,ok,8,8,3.6,70.5
awgn,0.0,5,ack-1f,w,2,2,0,ctl,ok,0,0,4.6,70.5
awgn,0.0,5,qpsk-r1/2,w,9,1,0,data,ok,8,8,3.5,70.5
awgn,0.0,5,ack-1f,w,2,2,0,ctl,ok,0,0,3.8,70.5
awgn,0.0,5,qpsk-r1/2,w,9,1,0,data,ok,8,8,3.8,70.5
awgn,0.0,5,ack-1f,w,2,2,0,ctl,ok,0,0,3.7,70.5
awgn,0.0,5,qpsk-r1/2,w,9,1,0,data,ok,8,8,3.5,70.5
awgn,0.0,5,ack-1f,w,2,2,0,ctl,ok,0,0,4.6,70.5
awgn,0.0,5,qpsk-r1/2,w,9,1,0,data,ok,8,8,3.7,70.5
awgn,0.0,5,ack-1f,w,2,2,0,ctl,ok,0,0,3.7,70.5
awgn,0.0,5,qpsk-r1/2,w,9,1,0,data,ok,8,8,3.5,70.5
awgn,0.0,5,ack-1f,w,2,2,0,ctl,ok,0,0,3.7,70.5
awgn,0.0,5,qpsk-r1/2,w,9,1,0,data,ok,8,8,3.7,70.5
awgn,0.0,5,ack-1f,w,2,2,0,ctl,ok,0,0,3.6,70.5
awgn,0.0,5,qpsk-r1/2,w,9,1,0,data,ok,8,8,3.7,70.5
awgn,0.0,5,ack-1f,w,2,2,0,ctl,ok,0,0,4.5,70.5
awgn,0.0,5,qpsk-r1/2,w,9,1,0,data,ok,8,8,3.5,70.5
awgn,0.0,5,ack-1f,w,2,2,0,ctl,ok,0,0,3.8,70.5
awgn,0.0,5,qpsk-r1/2,w,9,1,0,data,ok,8,8,3.3,70.5
awgn,0.0,5,ack-1f,w,2,2,0,ctl,ok,0,0,3.3,70.5
awgn,0.0,5,qpsk-r1/2,w,9,1,0,data,ok,8,8,3.6,70.5
awgn,0.0,5,ack-1f,w,2,2,0,ctl,ok,0,0,4.0,70.5
awgn,0.0,5,qpsk-r1/2,w,9,1,0,data,ok,8,8,3.4,70.5
awgn,0.0,5,ack-1f,w,2,2,0,ctl,ok,0,0,3.2,70.5
awgn,0.0,5,qpsk-r1/2,w,9,1,0,data,ok,8,8,3.6,70.5
awgn,0.0,5,ack-1f,w,2,2,0,ctl,ok,0,0,4.1,70.5
awgn,0.0,5,qpsk-r1/2,w,9,1,0,data,ok,8,8,3.6,70.5
awgn,0.0,5,ack-1f,w,2,2,0,ctl,ok,0,0,4.2,70.5
awgn,0.0,5,qpsk-r1/2,w,9,1,0,data,ok,8,8,3.5,70.5
awgn,0.0,5,ack-1f,w,2,2,0,ctl,ok,0,0,3.0,70.5
awgn,0.0,5,qpsk-r1/2,w,9,1,0,data,ok,8,8,3.8,70.5
awgn,0.0,5,ack-1f,w,2,2,0,ctl,ok,0,0,3.7,70.5
awgn,0.0,5,qpsk-r1/2,w,9,1,0,data,ok,8,8,3.7,70.5
awgn,0.0,5,ack-1f,w,2,2,0,ctl,ok,0,0,4.3,70.5
awgn,0.0,5,qpsk-r1/2,w,9,1,0,data,ok,8,8,3.6,70.5
awgn,0.0,5,ack-1f,w,2,2,0,ctl,ok,0,0,1.7,70.5
awgn,0.0,5,qpsk-r1/2,w,9,1,0,data,ok,8,8,3.7,70.5
awgn,0.0,5,ack-1f,w,2,2,0,ctl,ok,0,0,2.9,70.5
awgn,0.0,5,qpsk-r1/2,w,9,1,0,data,ok,8,8,3.2,70.5
awgn,0.0,5,ack-1f,w,2,2,0,ctl,ok,0,0,3.8,70.5
awgn,0.0,5,qpsk-r1/2,w,9,1,0,data,ok,8,8,3.6,70.5
awgn,0.0,5,ack-1f,w,2,2,0,ctl,ok,0,0,3.9,70.5
awgn,0.0,5,qpsk-r1/2,w,9,1,0,data,ok,8,8,3.3,70.5
awgn,0.0,5,ack-1f,w,2,2,0,ctl,ok,0,0,4.3,70.5
awgn,0.0,5,qpsk-r1/2,w,9,1,0,data,ok,8,8,3.5,70.5
awgn,0.0,5,ack-1f,w,2,2,0,ctl,ok,0,0,3.2,70.5
awgn,0.0,5,qpsk-r1/2,w,9,1,0,data,ok,8,8,3.4,70.5
awgn,0.0,5,ack-1f,w,2,2,0,ctl,ok,0,0,3.5,70.5
awgn,0.0,5,qpsk-r1/2,w,9,1,0,data,ok,8,8,3.6,70.5
awgn,0.0,5,ack-1f,w,2,2,0,ctl,ok,0,0,3.2,70.5
awgn,0.0,5,qpsk-r1/2,w,9,1,0,data,ok,8,8,3.6,70.5
awgn,0.0,5,ack-1f,w,2,2,0,ctl,ok,0,0,3.9,70.5
awgn,0.0,5,qpsk-r1/2,w,9,1,0,data,ok,8,8,3.5,70.5
awgn,0.0,5,ack-1f,w,2,2,0,ctl,ok,0,0,3.9,70.5
awgn,0.0,5,qpsk-r1/2,w,9,1,0,data,ok,8,8,3.7,70.5
awgn,0.0,5,ack-1f,w,2,2,0,ctl,ok,0,0,2.9,70.5
awgn,0.0,5,qpsk-r1/2,w,9,1,0,data,ok,8,8,3.6,70.5
awgn,0.0,5,ack-1f,w,2,2,0,ctl,ok,0,0,3.7,70.5
awgn,0.0,5,qpsk-r1/2,w,9,1,0,data,ok,8,8,3.5,70.5
awgn,0.0,5,ack-1f,w,2,2,0,ctl,ok,0,0,4.2,70.5
awgn,0.0,5,qpsk-r1/2,w,9,1,0,data,ok,8,8,3.6,70.5
awgn,0.0,5,ack-1f,w,2,2,0,ctl,ok,0,0,4.1,70.5
awgn,0.0,5,qpsk-r1/2,w,9,1,0,data,ok,8,8,3.5,70.5
awgn,0.0,5,ack-1f,w,2,2,0,ctl,ok,0,0,3.1,70.5
awgn,0.0,5,qpsk-r1/2,w,9,1,0,data,ok,8,8,3.6,70.5
awgn,0.0,5,ack-1f,w,2,2,0,ctl,ok,0,0,0.5,70.5
awgn,0.0,5,qpsk-r1/2,w,9,1,0,data,ok,8,8,3.8,70.5
awgn,0.0,5,ack-1f,w,2,2,0,ctl,ok,0,0,1.2,70.5
awgn,0.0,5,qpsk-r1/2,w,9,1,0,data,ok,8,8,3.8,70.5
awgn,0.0,5,ack-1f,w,2,2,0,ctl,ok,0,0,4.5,70.5
awgn,0.0,5,qpsk-r1/2,w,9,1,0,data,ok,8,8,3.7,70.5
awgn,0.0,5,ack-1f,w,2,2,0,ctl,ok,0,0,1.7,70.5
awgn,0.0,5,qpsk-r1/2,w,9,1,0,data,ok,8,8,3.5,70.5
awgn,0.0,5,ack-1f,w,2,2,0,ctl,ok,0,0,3.8,70.5
awgn,0.0,5,qpsk-r1/2,w,9,1,0,data,ok,8,8,3.2,70.5
awgn,0.0,5,ack-1f,w,2,2,0,ctl,ok,0,0,2.9,70.5
awgn,0.0,5,qpsk-r1/2,w,9,1,0,data,ok,8,8,3.7,70.5
awgn,0.0,5,ack-1f,w,2,2,0,ctl,ok,0,0,3.3,70.5
awgn,0.0,5,qpsk-r1/2,w,9,1,0,data,ok,8,8,3.5,70.5
awgn,0.0,5,ack-1f,w,2,2,0,ctl,ok,0,0,3.2,70.5
awgn,0.0,5,qpsk-r1/2,w,9,1,0,data,ok,8,8,3.8,70.5
awgn,0.0,5,ack-1f,w,2,2,0,ctl,ok,0,0,3.4,70.5
awgn,0.0,5,qpsk-r1/2,w,9,1,0,data,ok,8,8,3.4,70.5
awgn,0.0,0,qpsk-r1/5,w,1,1,0,ctl,ok,0,0,3.8,70.5
awgn,0.0,0,qpsk-r1/5,w,1,1,0,ctl,ok,0,0,3.5,70.5
awgn,0.0,0,ack-4f,w,3,3,0,ctl,ok,0,0,3.7,70.5
awgn,0.0,0,ack-1f,w,3,3,0,ctl,ok,0,0,3.4,70.5
awgn,0.0,0,qpsk-r1/2,w,9,2,1,data,ok,7,7,3.7,70.5
awgn,0.0,0,ack-1f,w,2,2,0,ctl,ok,0,0,4.1,70.5
awgn,0.0,0,qpsk-r1/2,w,9,1,0,data,ok,8,8,3.4,70.5
awgn,0.0,0,ack-1f,w,2,2,0,ctl,ok,0,0,0.6,70.5
awgn,0.0,0,qpsk-r1/2,w,9,1,0,data,ok,8,8,3.3,70.5
awgn,0.0,0,ack-1f,w,2,2,0,ctl,ok,0,0,3.2,70.5
awgn,0.0,0,qpsk-r1/2,w,9,1,0,data,ok,8,8,3.4,70.5
awgn,0.0,0,ack-1f,w,2,2,0,ctl,ok,0,0,3.8,70.5
awgn,0.0,0,qpsk-r1/2,w,9,1,0,data,ok,8,8,3.5,70.5
awgn,0.0,0,ack-1f,w,2,2,0,ctl,ok,0,0,4.1,70.5
awgn,0.0,0,qpsk-r1/2,w,9,1,0,data,ok,8,8,3.5,70.5
awgn,0.0,0,ack-1f,w,2,2,0,ctl,ok,0,0,3.3,70.5
awgn,0.0,0,qpsk-r1/2,w,9,1,0,data,ok,8,8,3.5,70.5
awgn,0.0,0,ack-1f,w,2,2,0,ctl,ok,0,0,2.2,70.5
awgn,0.0,0,qpsk-r1/2,w,9,1,0,data,ok,8,8,3.4,70.5
awgn,0.0,0,ack-1f,w,2,2,0,ctl,ok,0,0,3.3,70.5
awgn,0.0,0,qpsk-r1/2,w,9,1,0,data,ok,8,8,3.6,70.5
awgn,0.0,0,ack-1f,w,2,2,0,ctl,ok,0,0,1.4,70.5
awgn,0.0,0,qpsk-r1/2,w,9,1,0,data,ok,8,8,3.4,70.5
awgn,0.0,0,ack-1f,w,2,2,0,ctl,ok,0,0,5.0,70.5
awgn,0.0,0,qpsk-r1/2,w,9,1,0,data,ok,8,8,3.6,70.5
awgn,0.0,0,ack-1f,w,2,2,0,ctl,ok,0,0,4.6,70.5
awgn,0.0,0,qpsk-r1/2,w,9,1,0,data,ok,8,8,3.4,70.5
awgn,0.0,0,ack-1f,w,2,2,0,ctl,ok,0,0,2.8,70.5
awgn,0.0,0,qpsk-r1/2,w,9,1,0,data,ok,8,8,3.6,70.5
awgn,0.0,0,ack-1f,w,2,2,0,ctl,ok,0,0,3.5,70.5
awgn,0.0,0,qpsk-r1/2,w,9,1,0,data,ok,8,8,3.8,70.5
awgn,0.0,0,ack-1f,w,2,2,0,ctl,ok,0,0,3.9,70.5
awgn,0.0,0,qpsk-r1/2,w,9,1,0,data,ok,8,8,3.5,70.5
awgn,0.0,0,ack-1f,w,2,2,0,ctl,ok,0,0,3.5,70.5
awgn,0.0,0,qpsk-r1/2,w,9,1,0,data,ok,8,8,3.8,70.5
awgn,0.0,0,ack-1f,w,2,2,0,ctl,ok,0,0,3.2,70.5
awgn,0.0,0,qpsk-r1/2,w,9,1,0,data,ok,8,8,3.5,70.5
awgn,0.0,0,ack-1f,w,2,2,0,ctl,ok,0,0,3.4,70.5
awgn,0.0,0,qpsk-r1/2,w,9,1,0,data,ok,8,8,3.5,70.5
awgn,0.0,0,ack-1f,w,2,2,0,ctl,ok,0,0,4.7,70.5
awgn,0.0,0,qpsk-r1/2,w,9,1,0,data,ok,8,8,3.3,70.5
awgn,0.0,0,ack-1f,w,2,2,0,ctl,ok,0,0,4.1,70.5
awgn,0.0,0,qpsk-r1/2,w,9,1,0,data,ok,8,8,3.8,70.5
awgn,0.0,0,ack-1f,w,2,2,0,ctl,ok,0,0,2.0,70.5
awgn,0.0,0,qpsk-r1/2,w,9,1,0,data,ok,8,8,3.4,70.5
awgn,0.0,0,ack-1f,w,2,2,0,ctl,ok,0,0,3.2,70.5
awgn,0.0,0,qpsk-r1/2,w,9,1,0,data,ok,8,8,3.5,70.5
awgn,0.0,0,ack-1f,w,2,2,0,ctl,ok,0,0,3.3,70.5
awgn,0.0,0,qpsk-r1/2,w,9,1,0,data,ok,8,8,3.5,70.5
awgn,0.0,0,ack-1f,w,2,2,0,ctl,ok,0,0,4.0,70.5
awgn,0.0,0,qpsk-r1/2,w,9,1,0,data,ok,8,8,3.3,70.5
awgn,0.0,0,ack-1f,w,2,2,0,ctl,ok,0,0,0.6,70.5
awgn,0.0,0,qpsk-r1/2,w,9,1,0,data,ok,8,8,3.6,70.5
awgn,0.0,0,ack-1f,w,2,2,0,ctl,ok,0,0,4.3,70.5
awgn,0.0,0,qpsk-r1/2,w,9,1,0,data,ok,8,8,3.5,70.5
awgn,0.0,0,ack-1f,w,2,2,0,ctl,ok,0,0,3.0,70.5
awgn,0.0,0,qpsk-r1/2,w,9,1,0,data,ok,8,8,3.5,70.5
awgn,0.0,0,ack-1f,w,2,2,0,ctl,ok,0,0,4.5,70.5
awgn,0.0,0,qpsk-r1/2,w,9,1,0,data,ok,8,8,3.6,70.5
awgn,0.0,0,ack-1f,w,2,2,0,ctl,ok,0,0,3.0,70.5
awgn,0.0,0,qpsk-r1/2,w,9,1,0,data,ok,8,8,3.5,70.5
awgn,0.0,0,ack-1f,w,2,2,0,ctl,ok,0,0,4.3,70.5
awgn,0.0,0,qpsk-r1/2,w,9,1,0,data,ok,8,8,3.5,70.5
awgn,0.0,0,ack-1f,w,2,2,0,ctl,ok,0,0,3.5,70.5
awgn,0.0,0,qpsk-r1/2,w,9,1,0,data,ok,8,8,3.7,70.5
awgn,0.0,0,ack-1f,w,2,2,0,ctl,ok,0,0,4.7,70.5
awgn,0.0,0,qpsk-r1/2,w,9,1,0,data,ok,8,8,3.7,70.5
awgn,0.0,0,ack-1f,w,2,2,0,ctl,ok,0,0,2.9,70.5
awgn,0.0,0,qpsk-r1/2,w,9,1,0,data,ok,8,8,3.5,70.5
awgn,0.0,0,ack-1f,w,2,2,0,ctl,ok,0,0,4.0,70.5
awgn,0.0,0,qpsk-r1/2,w,9,1,0,data,ok,8,8,3.5,70.5
awgn,0.0,0,ack-1f,w,2,2,0,ctl,ok,0,0,4.7,70.5
awgn,0.0,0,qpsk-r1/2,w,9,1,0,data,ok,8,8,3.5,70.5
awgn,0.0,0,ack-1f,w,2,2,0,ctl,ok,0,0,3.8,70.5
awgn,0.0,0,qpsk-r1/2,w,9,1,0,data,ok,8,8,3.8,70.5
awgn,0.0,0,ack-1f,w,2,2,0,ctl,ok,0,0,3.7,70.5
awgn,0.0,0,qpsk-r1/2,w,9,1,0,data,ok,8,8,3.5,70.5
awgn,0.0,0,ack-1f,w,2,2,0,ctl,ok,0,0,4.2,70.5
awgn,0.0,0,qpsk-r1/2,w,9,1,0,data,ok,8,8,3.6,70.5
awgn,0.0,0,ack-1f,w,2,2,0,ctl,ok,0,0,3.7,70.5
awgn,0.0,0,qpsk-r1/2,w,9,1,0,data,ok,8,8,3.4,70.5
awgn,0.0,0,ack-1f,w,2,2,0,ctl,ok,0,0,3.9,70.5
awgn,0.0,0,qpsk-r1/2,w,9,1,0,data,ok,8,8,3.3,70.5
awgn,0.0,0,ack-1f,w,2,2,0,ctl,ok,0,0,3.6,70.5
awgn,0.0,0,qpsk-r1/2,w,9,1,0,data,ok,8,8,3.4,70.5
awgn,0.0,0,ack-1f,w,2,2,0,ctl,ok,0,0,4.6,70.5
awgn,0.0,0,qpsk-r1/2,w,9,1,0,data,ok,8,8,3.6,70.5
awgn,0.0,0,ack-1f,w,2,2,0,ctl,ok,0,0,3.8,70.5
awgn,0.0,0,qpsk-r1/2,w,9,1,0,data,ok,8,8,3.9,70.5
awgn,0.0,0,ack-1f,w,2,2,0,ctl,ok,0,0,2.9,70.5
awgn,0.0,0,qpsk-r1/2,w,9,1,0,data,ok,8,8,3.5,70.5
awgn,0.0,0,ack-1f,w,2,2,0,ctl,ok,0,0,4.3,70.5
awgn,0.0,0,qpsk-r1/2,w,9,1,0,data,ok,8,8,3.6,70.5
awgn,0.0,0,ack-1f,w,2,2,0,ctl,ok,0,0,2.4,70.5
awgn,0.0,0,qpsk-r1/2,w,9,1,0,data,ok,8,8,3.4,70.5
awgn,0.0,0,ack-1f,w,2,2,0,ctl,ok,0,0,3.8,70.5
awgn,0.0,0,qpsk-r1/2,w,9,1,0,data,ok,8,8,3.4,70.5
awgn,0.0,8,qpsk-r1/5,w,1,1,0,ctl,ok,0,0,3.4,70.5
awgn,0.0,8,qpsk-r1/5,w,1,1,0,ctl,ok,0,0,3.8,70.5
awgn,0.0,8,ack-4f,w,3,3,0,ctl,ok,0,0,3.5,70.5
awgn,0.0,8,ack-1f,w,3,3,0,ctl,ok,0,0,4.3,70.5
awgn,0.0,8,qpsk-r1/2,w,9,2,1,data,ok,7,7,3.5,70.5
awgn,0.0,8,ack-1f,w,2,2,0,ctl,ok,0,0,3.5,70.5
awgn,0.0,8,qpsk-r1/2,w,9,1,0,data,ok,8,8,3.5,70.5
awgn,0.0,8,ack-1f,w,2,2,0,ctl,ok,0,0,2.9,70.5
awgn,0.0,8,qpsk-r1/2,w,9,1,0,data,ok,8,8,3.6,70.5
awgn,0.0,8,ack-1f,w,2,2,0,ctl,ok,0,0,4.1,70.5
awgn,0.0,8,qpsk-r1/2,w,9,1,0,data,ok,8,8,3.9,70.5
awgn,0.0,8,ack-1f,w,2,2,0,ctl,ok,0,0,4.2,70.5
awgn,0.0,8,qpsk-r1/2,w,9,1,0,data,ok,8,8,3.4,70.5
awgn,0.0,8,ack-1f,w,2,2,0,ctl,ok,0,0,3.7,70.5
awgn,0.0,8,qpsk-r1/2,w,9,1,0,data,ok,8,8,3.6,70.5
awgn,0.0,8,ack-1f,w,2,2,0,ctl,ok,0,0,4.3,70.5
awgn,0.0,8,qpsk-r1/2,w,9,1,0,data,ok,8,8,3.6,70.5
awgn,0.0,8,ack-1f,w,2,2,0,ctl,ok,0,0,3.9,70.5
awgn,0.0,8,qpsk-r1/2,w,9,1,0,data,ok,8,8,3.6,70.5
awgn,0.0,8,ack-1f,w,2,2,0,ctl,ok,0,0,2.7,70.5
awgn,0.0,8,qpsk-r1/2,w,9,1,0,data,ok,8,8,3.4,70.5
awgn,0.0,8,ack-1f,w,2,2,0,ctl,ok,0,0,3.6,70.5
awgn,0.0,8,qpsk-r1/2,w,9,1,0,data,ok,8,8,3.5,70.5
awgn,0.0,8,ack-1f,w,2,2,0,ctl,ok,0,0,3.4,70.5
awgn,0.0,8,qpsk-r1/2,w,9,1,0,data,ok,8,8,3.7,70.5
awgn,0.0,8,ack-1f,w,2,2,0,ctl,ok,0,0,3.7,70.5
awgn,0.0,8,qpsk-r1/2,w,9,1,0,data,ok,8,8,3.7,70.5
awgn,0.0,8,ack-1f,w,2,2,0,ctl,ok,0,0,4.1,70.5
awgn,0.0,8,qpsk-r1/2,w,9,1,0,data,ok,8,8,3.5,70.5
awgn,0.0,8,ack-1f,w,2,2,0,ctl,ok,0,0,4.1,70.5
awgn,0.0,8,qpsk-r1/2,w,9,1,0,data,ok,8,8,3.6,70.5
awgn,0.0,8,ack-1f,w,2,2,0,ctl,ok,0,0,4.2,70.5
awgn,0.0,8,qpsk-r1/2,w,9,1,0,data,ok,8,8,3.6,70.5
awgn,0.0,8,ack-1f,w,2,2,0,ctl,ok,0,0,3.1,70.5
awgn,0.0,8,qpsk-r1/2,w,9,1,0,data,ok,8,8,3.2,70.5
awgn,0.0,8,ack-1f,w,2,2,0,ctl,ok,0,0,3.7,70.5
awgn,0.0,8,qpsk-r1/2,w,9,1,0,data,ok,8,8,3.7,70.5
awgn,0.0,8,ack-1f,w,2,2,0,ctl,ok,0,0,-0.1,70.5
awgn,0.0,8,qpsk-r1/2,w,9,1,0,data,ok,8,8,3.8,70.5
awgn,0.0,8,ack-1f,w,2,2,0,ctl,ok,0,0,3.7,70.5
awgn,0.0,8,qpsk-r1/2,w,9,1,0,data,ok,8,8,3.7,70.5
awgn,0.0,8,ack-1f,w,2,2,0,ctl,ok,0,0,4.3,70.5
awgn,0.0,8,qpsk-r1/2,w,9,1,0,data,ok,8,8,3.3,70.5
awgn,0.0,8,ack-1f,w,2,2,0,ctl,ok,0,0,4.1,70.5
awgn,0.0,8,qpsk-r1/2,w,9,1,0,data,ok,8,8,3.6,70.5
awgn,0.0,8,ack-1f,w,2,2,0,ctl,ok,0,0,3.9,70.5
awgn,0.0,8,qpsk-r1/2,w,9,1,0,data,ok,8,8,3.5,70.5
awgn,0.0,8,ack-1f,w,2,2,0,ctl,ok,0,0,4.2,70.5
awgn,0.0,8,qpsk-r1/2,w,9,1,0,data,ok,8,8,3.6,70.5
awgn,0.0,8,ack-1f,w,2,2,0,ctl,ok,0,0,3.8,70.5
awgn,0.0,8,qpsk-r1/2,w,9,1,0,data,ok,8,8,3.7,70.5
awgn,0.0,8,ack-1f,w,2,2,0,ctl,ok,0,0,3.4,70.5
awgn,0.0,8,qpsk-r1/2,w,9,1,0,data,ok,8,8,3.7,70.5
awgn,0.0,8,ack-1f,w,2,2,0,ctl,ok,0,0,3.7,70.5
awgn,0.0,8,qpsk-r1/2,w,9,1,0,data,ok,8,8,3.4,70.5
awgn,0.0,8,ack-1f,w,2,2,0,ctl,ok,0,0,4.8,70.5
awgn,0.0,8,qpsk-r1/2,w,9,1,0,data,ok,8,8,3.5,70.5
awgn,0.0,8,ack-1f,w,2,2,0,ctl,ok,0,0,3.3,70.5
awgn,0.0,8,qpsk-r1/2,w,9,1,0,data,ok,8,8,3.7,70.5
awgn,0.0,8,ack-1f,w,2,2,0,ctl,ok,0,0,3.1,70.5
awgn,0.0,8,qpsk-r1/2,w,9,1,0,data,ok,8,8,3.5,70.5
awgn,0.0,8,ack-1f,w,2,2,0,ctl,ok,0,0,3.8,70.5
awgn,0.0,8,qpsk-r1/2,w,9,1,0,data,ok,8,8,3.6,70.5
awgn,0.0,8,ack-1f,w,2,2,0,ctl,ok,0,0,3.8,70.5
awgn,0.0,8,qpsk-r1/2,w,9,1,0,data,ok,8,8,3.5,70.5
awgn,0.0,8,ack-1f,w,2,2,0,ctl,ok,0,0,3.6,70.5
awgn,0.0,8,qpsk-r1/2,w,9,1,0,data,ok,8,8,3.3,70.5
awgn,0.0,8,ack-1f,w,2,2,0,ctl,ok,0,0,4.1,70.5
awgn,0.0,8,qpsk-r1/2,w,9,1,0,data,ok,8,8,3.6,70.5
awgn,0.0,8,ack-1f,w,2,2,0,ctl,ok,0,0,3.1,70.5
awgn,0.0,8,qpsk-r1/2,w,9,1,0,data,ok,8,8,3.5,70.5
awgn,0.0,8,ack-1f,w,2,2,0,ctl,ok,0,0,3.3,70.5
awgn,0.0,8,qpsk-r1/2,w,9,1,0,data,ok,8,8,3.7,70.5
awgn,0.0,8,ack-1f,w,2,2,0,ctl,ok,0,0,4.0,70.5
awgn,0.0,8,qpsk-r1/2,w,9,1,0,data,ok,8,8,3.6,70.5
awgn,0.0,8,ack-1f,w,2,2,0,ctl,ok,0,0,4.4,70.5
awgn,0.0,8,qpsk-r1/2,w,9,1,0,data,ok,8,8,3.6,70.5
awgn,0.0,8,ack-1f,w,2,2,0,ctl,ok,0,0,2.8,70.5
awgn,0.0,8,qpsk-r1/2,w,9,1,0,data,ok,8,8,3.6,70.5
awgn,0.0,8,ack-1f,w,2,2,0,ctl,ok,0,0,3.4,70.5
awgn,0.0,8,qpsk-r1/2,w,9,1,0,data,ok,8,8,3.6,70.5
awgn,0.0,8,ack-1f,w,2,2,0,ctl,ok,0,0,2.8,70.5
awgn,0.0,8,qpsk-r1/2,w,9,1,0,data,ok,8,8,3.7,70.5
awgn,0.0,8,ack-1f,w,2,2,0,ctl,ok,0,0,4.4,70.5
awgn,0.0,8,qpsk-r1/2,w,9,1,0,data,ok,8,8,3.4,70.5
awgn,0.0,8,ack-1f,w,2,2,0,ctl,ok,0,0,4.2,70.5
awgn,0.0,8,qpsk-r1/2,w,9,1,0,data,ok,8,8,3.7,70.5
awgn,0.0,8,ack-1f,w,2,2,0,ctl,ok,0,0,3.8,70.5
awgn,0.0,8,qpsk-r1/2,w,9,1,0,data,ok,8,8,3.4,70.5
awgn,0.0,8,ack-1f,w,2,2,0,ctl,ok,0,0,4.1,70.5
awgn,0.0,8,qpsk-r1/2,w,9,1,0,data,ok,8,8,3.5,70.5
awgn,0.0,8,ack-1f,w,2,2,0,ctl,ok,0,0,4.3,70.5
awgn,0.0,8,qpsk-r1/2,w,9,1,0,data,ok,8,8,3.8,70.5
awgn,0.0,8,ack-1f,w,2,2,0,ctl,ok,0,0,3.2,70.5
awgn,0.0,8,qpsk-r1/2,w,9,1,0,data,ok,8,8,3.6,70.5
awgn,0.0,8,ack-1f,w,2,2,0,ctl,ok,0,0,4.2,70.5
awgn,0.0,8,qpsk-r1/2,w,9,1,0,data,ok,8,8,3.7,70.5
awgn,0.0,1,qpsk-r1/5,w,1,1,0,ctl,ok,0,0,3.6,70.5
awgn,0.0,1,qpsk-r1/5,w,1,1,0,ctl,ok,0,0,3.1,70.5
awgn,0.0,1,ack-4f,w,3,3,0,ctl,ok,0,0,3.7,70.5
awgn,0.0,1,ack-1f,w,3,3,0,ctl,ok,0,0,4.4,70.5
awgn,0.0,1,qpsk-r1/2,w,9,2,1,data,ok,7,7,3.6,70.5
awgn,0.0,1,ack-1f,w,2,2,0,ctl,ok,0,0,5.1,70.5
awgn,0.0,1,qpsk-r1/2,w,9,1,0,data,ok,8,8,3.4,70.5
awgn,0.0,1,ack-1f,w,2,2,0,ctl,ok,0,0,3.1,70.5
awgn,0.0,1,qpsk-r1/2,w,9,1,0,data,ok,8,8,3.5,70.5
awgn,0.0,1,ack-1f,w,2,2,0,ctl,ok,0,0,3.9,70.5
awgn,0.0,1,qpsk-r1/2,w,9,1,0,data,ok,8,8,3.4,70.5
awgn,0.0,1,ack-1f,w,2,2,0,ctl,ok,0,0,3.9,70.5
awgn,0.0,1,qpsk-r1/2,w,9,1,0,data,ok,8,8,3.7,70.5
awgn,0.0,1,ack-1f,w,2,2,0,ctl,ok,0,0,4.3,70.5
awgn,0.0,1,qpsk-r1/2,w,9,1,0,data,ok,8,8,3.6,70.5
awgn,0.0,1,ack-1f,w,2,2,0,ctl,ok,0,0,3.9,70.5
awgn,0.0,1,qpsk-r1/2,w,9,1,0,data,ok,8,8,3.8,70.5
awgn,0.0,1,ack-1f,w,2,2,0,ctl,ok,0,0,1.4,70.5
awgn,0.0,1,qpsk-r1/2,w,9,1,0,data,ok,8,8,3.6,70.5
awgn,0.0,1,ack-1f,w,2,2,0,ctl,ok,0,0,3.9,70.5
awgn,0.0,1,qpsk-r1/2,w,9,1,0,data,ok,8,8,3.5,70.5
awgn,0.0,1,ack-1f,w,2,2,0,ctl,ok,0,0,3.3,70.5
awgn,0.0,1,qpsk-r1/2,w,9,1,0,data,ok,8,8,3.7,70.5
awgn,0.0,1,ack-1f,w,2,2,0,ctl,ok,0,0,3.7,70.5
awgn,0.0,1,qpsk-r1/2,w,9,1,0,data,ok,8,8,3.7,70.5
awgn,0.0,1,ack-1f,w,2,2,0,ctl,ok,0,0,2.9,70.5
awgn,0.0,1,qpsk-r1/2,w,9,1,0,data,ok,8,8,3.6,70.5
awgn,0.0,1,ack-1f,w,2,2,0,ctl,ok,0,0,3.2,70.5
awgn,0.0,1,qpsk-r1/2,w,9,1,0,data,ok,8,8,3.7,70.5
awgn,0.0,1,ack-1f,w,2,2,0,ctl,ok,0,0,4.4,70.5
awgn,0.0,1,qpsk-r1/2,w,9,1,0,data,ok,8,8,3.5,70.5
awgn,0.0,1,ack-1f,w,2,2,0,ctl,ok,0,0,4.2,70.5
awgn,0.0,1,qpsk-r1/2,w,9,1,0,data,ok,8,8,3.3,70.5
awgn,0.0,1,ack-1f,w,2,2,0,ctl,ok,0,0,3.1,70.5
awgn,0.0,1,qpsk-r1/2,w,9,1,0,data,ok,8,8,3.8,70.5
awgn,0.0,1,ack-1f,w,2,2,0,ctl,ok,0,0,4.2,70.5
awgn,0.0,1,qpsk-r1/2,w,9,1,0,data,ok,8,8,3.4,70.5
awgn,0.0,1,ack-1f,w,2,2,0,ctl,ok,0,0,2.8,70.5
awgn,0.0,1,qpsk-r1/2,w,9,1,0,data,ok,8,8,3.5,70.5
awgn,0.0,1,ack-1f,w,2,2,0,ctl,ok,0,0,4.0,70.5
awgn,0.0,1,qpsk-r1/2,w,9,1,0,data,ok,8,8,3.7,70.5
awgn,0.0,1,ack-1f,w,2,2,0,ctl,ok,0,0,3.5,70.5
awgn,0.0,1,qpsk-r1/2,w,9,1,0,data,ok,8,8,3.6,70.5
awgn,0.0,1,ack-1f,w,2,2,0,ctl,ok,0,0,4.2,70.5
awgn,0.0,1,qpsk-r1/2,w,9,1,0,data,ok,8,8,3.3,70.5
awgn,0.0,1,ack-1f,w,2,2,0,ctl,ok,0,0,3.7,70.5
awgn,0.0,1,qpsk-r1/2,w,9,1,0,data,ok,8,8,3.6,70.5
awgn,0.0,1,ack-1f,w,2,2,0,ctl,ok,0,0,4.1,70.5
awgn,0.0,1,qpsk-r1/2,w,9,1,0,data,ok,8,8,3.6,70.5
awgn,0.0,1,ack-1f,w,2,2,0,ctl,ok,0,0,2.7,70.5
awgn,0.0,1,qpsk-r1/2,w,9,1,0,data,ok,8,8,3.5,70.5
awgn,0.0,1,ack-1f,w,2,2,0,ctl,ok,0,0,3.7,70.5
awgn,0.0,1,qpsk-r1/2,w,9,1,0,data,ok,8,8,3.5,70.5
awgn,0.0,1,ack-1f,w,2,2,0,ctl,ok,0,0,5.0,70.5
awgn,0.0,1,qpsk-r1/2,w,9,1,0,data,ok,8,8,3.4,70.5
awgn,0.0,1,ack-1f,w,2,2,0,ctl,ok,0,0,3.2,70.5
awgn,0.0,1,qpsk-r1/2,w,9,1,0,data,ok,8,8,3.7,70.5
awgn,0.0,1,ack-1f,w,2,2,0,ctl,ok,0,0,4.3,70.5
awgn,0.0,1,qpsk-r1/2,w,9,1,0,data,ok,8,8,3.4,70.5
awgn,0.0,1,ack-1f,w,2,2,0,ctl,ok,0,0,4.3,70.5
awgn,0.0,1,qpsk-r1/2,w,9,1,0,data,ok,8,8,3.5,70.5
awgn,0.0,1,ack-1f,w,2,2,0,ctl,ok,0,0,3.9,70.5
awgn,0.0,1,qpsk-r1/2,w,9,1,0,data,ok,8,8,3.4,70.5
awgn,0.0,1,ack-1f,w,2,2,0,ctl,ok,0,0,1.4,70.5
awgn,0.0,1,qpsk-r1/2,w,9,1,0,data,ok,8,8,3.5,70.5
awgn,0.0,1,ack-1f,w,2,2,0,ctl,ok,0,0,4.5,70.5
awgn,0.0,1,qpsk-r1/2,w,9,1,0,data,ok,8,8,3.4,70.5
awgn,0.0,1,ack-1f,w,2,2,0,ctl,ok,0,0,2.6,70.5
awgn,0.0,1,qpsk-r1/2,w,9,1,0,data,ok,8,8,3.5,70.5
awgn,0.0,1,ack-1f,w,2,2,0,ctl,ok,0,0,4.3,70.5
awgn,0.0,1,qpsk-r1/2,w,9,1,0,data,ok,8,8,3.6,70.5
awgn,0.0,1,ack-1f,w,2,2,0,ctl,ok,0,0,3.5,70.5
awgn,0.0,1,qpsk-r1/2,w,9,1,0,data,ok,8,8,3.5,70.5
awgn,0.0,1,ack-1f,w,2,2,0,ctl,ok,0,0,3.7,70.5
awgn,0.0,1,qpsk-r1/2,w,9,1,0,data,ok,8,8,3.4,70.5
awgn,0.0,1,ack-1f,w,2,2,0,ctl,ok,0,0,3.5,70.5
awgn,0.0,1,qpsk-r1/2,w,9,1,0,data,ok,8,8,3.3,70.5
awgn,0.0,1,ack-1f,w,2,2,0,ctl,ok,0,0,4.2,70.5
awgn,0.0,1,qpsk-r1/2,w,9,1,0,data,ok,8,8,3.7,70.5
awgn,0.0,1,ack-1f,w,2,2,0,ctl,ok,0,0,2.4,70.5
awgn,0.0,1,qpsk-r1/2,w,9,1,0,data,ok,8,8,3.6,70.5
awgn,0.0,1,ack-1f,w,2,2,0,ctl,ok,0,0,3.3,70.5
awgn,0.0,1,qpsk-r1/2,w,9,1,0,data,ok,8,8,3.3,70.5
awgn,0.0,1,ack-1f,w,2,2,0,ctl,ok,0,0,4.1,70.5
awgn,0.0,1,qpsk-r1/2,w,9,1,0,data,ok,8,8,3.5,70.5
awgn,0.0,1,ack-1f,w,2,2,0,ctl,ok,0,0,3.6,70.5
awgn,0.0,1,qpsk-r1/2,w,9,1,0,data,ok,8,8,3.7,70.5
awgn,0.0,1,ack-1f,w,2,2,0,ctl,ok,0,0,4.0,70.5
awgn,0.0,1,qpsk-r1/2,w,9,1,0,data,ok,8,8,3.6,70.5
awgn,0.0,1,ack-1f,w,2,2,0,ctl,ok,0,0,3.3,70.5
awgn,0.0,1,qpsk-r1/2,w,9,1,0,data,ok,8,8,3.6,70.5
awgn,0.0,1,ack-1f,w,2,2,0,ctl,ok,0,0,4.2,70.5
awgn,0.0,1,qpsk-r1/2,w,9,1,0,data,ok,8,8,3.5,70.5
awgn,0.0,1,ack-1f,w,2,2,0,ctl,ok,0,0,4.5,70.5
awgn,0.0,1,qpsk-r1/2,w,9,1,0,data,ok,8,8,3.6,70.5
awgn,0.0,1,ack-1f,w,2,2,0,ctl,ok,0,0,3.1,70.5
awgn,0.0,1,qpsk-r1/2,w,9,1,0,data,ok,8,8,3.8,70.5
awgn,0.0,11,qpsk-r1/5,w,1,1,0,ctl,ok,0,0,3.8,70.1
awgn,0.0,11,qpsk-r1/5,w,1,1,0,ctl,ok,0,0,3.8,70.1
awgn,0.0,11,ack-4f,w,3,3,0,ctl,ok,0,0,3.1,70.1
awgn,0.0,11,ack-1f,w,3,3,0,ctl,ok,0,0,3.2,70.1
awgn,0.0,11,qpsk-r1/2,w,9,2,1,data,ok,7,7,3.3,70.1
awgn,0.0,11,ack-1f,w,3,3,0,ctl,ok,0,0,3.5,70.1
awgn,0.0,11,qpsk-r1/2,w,9,2,1,data,ok,7,7,3.6,70.1
awgn,0.0,11,ack-1f,w,2,2,0,ctl,ok,0,0,3.6,70.1
awgn,0.0,11,qpsk-r1/2,w,9,1,0,data,ok,8,8,3.7,70.1
awgn,0.0,11,ack-1f,w,2,2,0,ctl,ok,0,0,4.9,70.1
awgn,0.0,11,qpsk-r1/2,w,9,1,0,data,ok,8,8,3.3,70.1
awgn,0.0,11,ack-1f,w,2,2,0,ctl,ok,0,0,3.7,70.1
awgn,0.0,11,qpsk-r1/2,w,9,1,0,data,ok,8,8,3.6,70.1
awgn,0.0,11,ack-1f,w,2,2,0,ctl,ok,0,0,3.3,70.1
awgn,0.0,11,qpsk-r1/2,w,9,1,0,data,ok,8,8,3.6,70.1
awgn,0.0,11,ack-1f,w,2,2,0,ctl,ok,0,0,3.9,70.1
awgn,0.0,11,qpsk-r1/2,w,9,1,0,data,ok,8,8,3.9,70.1
awgn,0.0,11,ack-1f,w,2,2,0,ctl,ok,0,0,3.0,70.1
awgn,0.0,11,qpsk-r1/2,w,9,1,0,data,ok,8,8,3.3,70.1
awgn,0.0,11,ack-1f,w,2,2,0,ctl,ok,0,0,4.1,70.1
awgn,0.0,11,qpsk-r1/2,w,9,1,0,data,ok,8,8,3.5,70.1
awgn,0.0,11,ack-1f,w,2,2,0,ctl,ok,0,0,3.3,70.1
awgn,0.0,11,qpsk-r1/2,w,9,1,0,data,ok,8,8,3.6,70.1
awgn,0.0,11,ack-1f,w,2,2,0,ctl,ok,0,0,3.2,70.1
awgn,0.0,11,qpsk-r1/2,w,9,1,0,data,ok,8,8,3.5,70.1
awgn,0.0,11,ack-1f,w,2,2,0,ctl,ok,0,0,3.9,70.1
awgn,0.0,11,qpsk-r1/2,w,9,1,0,data,ok,8,8,3.4,70.1
awgn,0.0,11,ack-1f,w,2,2,0,ctl,ok,0,0,4.4,70.1
awgn,0.0,11,qpsk-r1/2,w,9,1,0,data,ok,8,8,3.4,70.1
awgn,0.0,11,ack-1f,w,2,2,0,ctl,ok,0,0,4.0,70.1
awgn,0.0,11,qpsk-r1/2,w,9,1,0,data,ok,8,8,3.4,70.1
awgn,0.0,11,ack-1f,w,2,2,0,ctl,ok,0,0,3.6,70.1
awgn,0.0,11,qpsk-r1/2,w,9,1,0,data,ok,8,8,3.4,70.1
awgn,0.0,11,ack-1f,w,2,2,0,ctl,ok,0,0,3.9,70.1
awgn,0.0,11,qpsk-r1/2,w,9,1,0,data,ok,8,8,3.5,70.1
awgn,0.0,11,ack-1f,w,2,2,0,ctl,ok,0,0,3.6,70.1
awgn,0.0,11,qpsk-r1/2,w,9,1,0,data,ok,8,8,3.6,70.1
awgn,0.0,11,ack-1f,w,2,2,0,ctl,ok,0,0,4.1,70.1
awgn,0.0,11,qpsk-r1/2,w,9,1,0,data,ok,8,8,3.7,70.1
awgn,0.0,11,ack-1f,w,2,2,0,ctl,ok,0,0,3.4,70.1
awgn,0.0,11,qpsk-r1/2,w,9,1,0,data,ok,8,8,3.6,70.1
awgn,0.0,11,ack-1f,w,2,2,0,ctl,ok,0,0,4.3,70.1
awgn,0.0,11,qpsk-r1/2,w,9,1,0,data,ok,8,8,3.7,70.1
awgn,0.0,11,ack-1f,w,2,2,0,ctl,ok,0,0,3.9,70.1
awgn,0.0,11,qpsk-r1/2,w,9,1,0,data,ok,8,8,3.8,70.1
awgn,0.0,11,ack-1f,w,2,2,0,ctl,ok,0,0,3.8,70.1
awgn,0.0,11,qpsk-r1/2,w,9,1,0,data,ok,8,8,3.7,70.1
awgn,0.0,11,ack-1f,w,2,2,0,ctl,ok,0,0,3.1,70.1
awgn,0.0,11,qpsk-r1/2,w,9,1,0,data,ok,8,8,3.6,70.1
awgn,0.0,11,ack-1f,w,2,2,0,ctl,ok,0,0,4.2,70.1
awgn,0.0,11,qpsk-r1/2,w,9,1,0,data,ok,8,8,3.5,70.1
awgn,0.0,11,ack-1f,w,2,2,0,ctl,ok,0,0,4.1,70.1
awgn,0.0,11,qpsk-r1/2,w,9,1,0,data,ok,8,8,3.6,70.1
awgn,0.0,11,ack-1f,w,2,2,0,ctl,ok,0,0,3.7,70.1
awgn,0.0,11,qpsk-r1/2,w,9,1,0,data,ok,8,8,3.5,70.1
awgn,0.0,11,ack-1f,w,2,2,0,ctl,ok,0,0,2.5,70.1
awgn,0.0,11,qpsk-r1/2,w,9,1,0,data,ok,8,8,3.7,70.1
awgn,0.0,11,ack-1f,w,2,2,0,ctl,ok,0,0,4.3,70.1
awgn,0.0,11,qpsk-r1/2,w,9,1,0,data,ok,8,8,3.5,70.1
awgn,0.0,11,ack-1f,w,2,2,0,ctl,ok,0,0,3.1,70.1
awgn,0.0,11,qpsk-r1/2,w,9,1,0,data,ok,8,8,3.7,70.1
awgn,0.0,11,ack-1f,w,2,2,0,ctl,ok,0,0,4.1,70.1
awgn,0.0,11,qpsk-r1/2,w,9,1,0,data,ok,8,8,3.6,70.1
awgn,0.0,11,ack-1f,w,2,2,0,ctl,ok,0,0,4.1,70.1
awgn,0.0,11,qpsk-r1/2,w,9,1,0,data,ok,8,8,3.3,70.1
awgn,0.0,11,ack-1f,w,2,2,0,ctl,ok,0,0,4.3,70.1
awgn,0.0,11,qpsk-r1/2,w,9,1,0,data,ok,8,8,3.6,70.1
awgn,0.0,11,ack-1f,w,2,2,0,ctl,ok,0,0,2.0,70.1
awgn,0.0,11,qpsk-r1/2,w,9,1,0,data,ok,8,8,3.4,70.1
awgn,0.0,11,ack-1f,w,2,2,0,ctl,ok,0,0,3.5,70.1
awgn,0.0,11,qpsk-r1/2,w,9,1,0,data,ok,8,8,3.4,70.1
awgn,0.0,11,ack-1f,w,2,2,0,ctl,ok,0,0,3.0,70.1
awgn,0.0,11,qpsk-r1/2,w,9,1,0,data,ok,8,8,3.6,70.1
awgn,0.0,11,ack-1f,w,2,2,0,ctl,ok,0,0,4.1,70.1
awgn,0.0,11,qpsk-r1/2,w,9,1,0,data,ok,8,8,3.4,70.1
awgn,0.0,11,ack-1f,w,2,2,0,ctl,ok,0,0,4.3,70.1
awgn,0.0,11,qpsk-r1/2,w,9,1,0,data,ok,8,8,3.5,70.1
awgn,0.0,11,ack-1f,w,2,2,0,ctl,ok,0,0,3.9,70.1
awgn,0.0,11,qpsk-r1/2,w,9,1,0,data,ok,8,8,3.6,70.1
awgn,0.0,11,ack-1f,w,2,2,0,ctl,ok,0,0,4.4,70.1
awgn,0.0,11,qpsk-r1/2,w,9,1,0,data,ok,8,8,3.4,70.1
awgn,0.0,11,ack-1f,w,2,2,0,ctl,ok,0,0,3.7,70.1
awgn,0.0,11,qpsk-r1/2,w,9,1,0,data,ok,8,8,3.4,70.1
awgn,0.0,11,ack-1f,w,2,2,0,ctl,ok,0,0,3.4,70.1
awgn,0.0,11,qpsk-r1/2,w,9,1,0,data,ok,8,8,3.7,70.1
awgn,0.0,11,ack-1f,w,2,2,0,ctl,ok,0,0,4.1,70.1
awgn,0.0,11,qpsk-r1/2,w,9,1,0,data,ok,8,8,3.6,70.1
awgn,0.0,11,ack-1f,w,2,2,0,ctl,ok,0,0,4.2,70.1
awgn,0.0,11,qpsk-r1/2,w,9,1,0,data,ok,8,8,3.5,70.1
awgn,0.0,11,ack-1f,w,2,2,0,ctl,ok,0,0,4.2,70.1
awgn,0.0,11,qpsk-r1/2,w,9,1,0,data,ok,8,8,3.5,70.1
awgn,0.0,11,ack-1f,w,2,2,0,ctl,ok,0,0,3.0,70.1
awgn,0.0,11,qpsk-r1/2,w,9,1,0,data,ok,8,8,3.4,70.1
awgn,0.0,11,ack-1f,w,2,2,0,ctl,ok,0,0,3.8,70.1
awgn,0.0,11,qpsk-r1/2,w,9,1,0,data,ok,8,8,3.5,70.1
awgn,0.0,11,ack-1f,w,2,2,0,ctl,ok,0,0,2.8,70.1
awgn,0.0,11,qpsk-r1/2,w,9,1,0,data,ok,8,8,3.5,70.1
awgn,0.0,6,qpsk-r1/5,w,1,1,0,ctl,ok,0,0,3.9,70.5
awgn,0.0,6,qpsk-r1/5,w,1,1,0,ctl,ok,0,0,3.5,70.5
awgn,0.0,6,ack-4f,w,3,3,0,ctl,ok,0,0,3.5,70.5
awgn,0.0,6,ack-1f,w,3,3,0,ctl,ok,0,0,3.7,70.5
awgn,0.0,6,qpsk-r1/2,w,9,2,1,data,ok,7,7,3.7,70.5
awgn,0.0,6,ack-1f,w,2,2,0,ctl,ok,0,0,2.8,70.5
awgn,0.0,6,qpsk-r1/2,w,9,1,0,data,ok,8,8,3.2,70.5
awgn,0.0,6,ack-1f,w,2,2,0,ctl,ok,0,0,3.2,70.5
awgn,0.0,6,qpsk-r1/2,w,9,1,0,data,ok,8,8,3.6,70.5
awgn,0.0,6,ack-1f,w,2,2,0,ctl,ok,0,0,4.3,70.5
awgn,0.0,6,qpsk-r1/2,w,9,1,0,data,ok,8,8,3.6,70.5
awgn,0.0,6,ack-1f,w,2,2,0,ctl,ok,0,0,3.4,70.5
awgn,0.0,6,qpsk-r1/2,w,9,1,0,data,ok,8,8,3.4,70.5
awgn,0.0,6,ack-1f,w,2,2,0,ctl,ok,0,0,3.2,70.5
awgn,0.0,6,qpsk-r1/2,w,9,1,0,data,ok,8,8,3.4,70.5
awgn,0.0,6,ack-1f,w,2,2,0,ctl,ok,0,0,3.1,70.5
awgn,0.0,6,qpsk-r1/2,w,9,1,0,data,ok,8,8,3.6,70.5
awgn,0.0,6,ack-1f,w,2,2,0,ctl,ok,0,0,3.7,70.5
awgn,0.0,6,qpsk-r1/2,w,9,1,0,data,ok,8,8,3.6,70.5
awgn,0.0,6,ack-1f,w,2,2,0,ctl,ok,0,0,2.9,70.5
awgn,0.0,6,qpsk-r1/2,w,9,1,0,data,ok,8,8,3.6,70.5
awgn,0.0,6,ack-1f,w,2,2,0,ctl,ok,0,0,3.6,70.5
awgn,0.0,6,qpsk-r1/2,w,9,1,0,data,ok,8,8,3.6,70.5
awgn,0.0,6,ack-1f,w,2,2,0,ctl,ok,0,0,4.0,70.5
awgn,0.0,6,qpsk-r1/2,w,9,1,0,data,ok,8,8,3.5,70.5
awgn,0.0,6,ack-1f,w,2,2,0,ctl,ok,0,0,3.0,70.5
awgn,0.0,6,qpsk-r1/2,w,9,1,0,data,ok,8,8,3.3,70.5
awgn,0.0,6,ack-1f,w,2,2,0,ctl,ok,0,0,4.3,70.5
awgn,0.0,6,qpsk-r1/2,w,9,1,0,data,ok,8,8,3.7,70.5
awgn,0.0,6,ack-1f,w,2,2,0,ctl,ok,0,0,5.4,70.5
awgn,0.0,6,qpsk-r1/2,w,9,1,0,data,ok,8,8,3.5,70.5
awgn,0.0,6,ack-1f,w,2,2,0,ctl,ok,0,0,3.2,70.5
awgn,0.0,6,qpsk-r1/2,w,9,1,0,data,ok,8,8,3.5,70.5
awgn,0.0,6,ack-1f,w,2,2,0,ctl,ok,0,0,2.9,70.5
awgn,0.0,6,qpsk-r1/2,w,9,1,0,data,ok,8,8,3.3,70.5
awgn,0.0,6,ack-1f,w,2,2,0,ctl,ok,0,0,4.6,70.5
awgn,0.0,6,qpsk-r1/2,w,9,1,0,data,ok,8,8,3.3,70.5
awgn,0.0,6,ack-1f,w,2,2,0,ctl,ok,0,0,3.2,70.5
awgn,0.0,6,qpsk-r1/2,w,9,1,0,data,ok,8,8,3.7,70.5
awgn,0.0,6,ack-1f,w,2,2,0,ctl,ok,0,0,3.5,70.5
awgn,0.0,6,qpsk-r1/2,w,9,1,0,data,ok,8,8,3.6,70.5
awgn,0.0,6,ack-1f,w,2,2,0,ctl,ok,0,0,3.9,70.5
awgn,0.0,6,qpsk-r1/2,w,9,1,0,data,ok,8,8,3.3,70.5
awgn,0.0,6,ack-1f,w,2,2,0,ctl,ok,0,0,3.8,70.5
awgn,0.0,6,qpsk-r1/2,w,9,1,0,data,ok,8,8,3.3,70.5
awgn,0.0,6,ack-1f,w,2,2,0,ctl,ok,0,0,5.1,70.5
awgn,0.0,6,qpsk-r1/2,w,9,1,0,data,ok,8,8,3.5,70.5
awgn,0.0,6,ack-1f,w,2,2,0,ctl,ok,0,0,3.3,70.5
awgn,0.0,6,qpsk-r1/2,w,9,1,0,data,ok,8,8,3.4,70.5
awgn,0.0,6,ack-1f,w,2,2,0,ctl,ok,0,0,4.3,70.5
awgn,0.0,6,qpsk-r1/2,w,9,1,0,data,ok,8,8,3.3,70.5
awgn,0.0,6,ack-1f,w,2,2,0,ctl,ok,0,0,2.3,70.5
awgn,0.0,6,qpsk-r1/2,w,9,1,0,data,ok,8,8,3.3,70.5
awgn,0.0,6,ack-1f,w,2,2,0,ctl,ok,0,0,3.7,70.5
awgn,0.0,6,qpsk-r1/2,w,9,1,0,data,ok,8,8,3.5,70.5
awgn,0.0,6,ack-1f,w,2,2,0,ctl,ok,0,0,3.6,70.5
awgn,0.0,6,qpsk-r1/2,w,9,1,0,data,ok,8,8,3.6,70.5
awgn,0.0,6,ack-1f,w,2,2,0,ctl,ok,0,0,3.5,70.5
awgn,0.0,6,qpsk-r1/2,w,9,1,0,data,ok,8,8,3.6,70.5
awgn,0.0,6,ack-1f,w,2,2,0,ctl,ok,0,0,3.8,70.5
awgn,0.0,6,qpsk-r1/2,w,9,1,0,data,ok,8,8,3.5,70.5
awgn,0.0,6,ack-1f,w,2,2,0,ctl,ok,0,0,3.8,70.5
awgn,0.0,6,qpsk-r1/2,w,9,1,0,data,ok,8,8,3.8,70.5
awgn,0.0,6,ack-1f,w,2,2,0,ctl,ok,0,0,3.0,70.5
awgn,0.0,6,qpsk-r1/2,w,9,1,0,data,ok,8,8,3.7,70.5
awgn,0.0,6,ack-1f,w,2,2,0,ctl,ok,0,0,4.1,70.5
awgn,0.0,6,qpsk-r1/2,w,9,1,0,data,ok,8,8,3.5,70.5
awgn,0.0,6,ack-1f,w,2,2,0,ctl,ok,0,0,3.6,70.5
awgn,0.0,6,qpsk-r1/2,w,9,1,0,data,ok,8,8,3.6,70.5
awgn,0.0,6,ack-1f,w,2,2,0,ctl,ok,0,0,4.5,70.5
awgn,0.0,6,qpsk-r1/2,w,9,1,0,data,ok,8,8,3.5,70.5
awgn,0.0,6,ack-1f,w,2,2,0,ctl,ok,0,0,1.2,70.5
awgn,0.0,6,qpsk-r1/2,w,9,1,0,data,ok,8,8,3.5,70.5
awgn,0.0,6,ack-1f,w,2,2,0,ctl,ok,0,0,3.9,70.5
awgn,0.0,6,qpsk-r1/2,w,9,1,0,data,ok,8,8,3.7,70.5
awgn,0.0,6,ack-1f,w,2,2,0,ctl,ok,0,0,4.1,70.5
awgn,0.0,6,qpsk-r1/2,w,9,1,0,data,ok,8,8,3.4,70.5
awgn,0.0,6,ack-1f,w,2,2,0,ctl,ok,0,0,3.0,70.5
awgn,0.0,6,qpsk-r1/2,w,9,1,0,data,ok,8,8,3.4,70.5
awgn,0.0,6,ack-1f,w,2,2,0,ctl,ok,0,0,2.7,70.5
awgn,0.0,6,qpsk-r1/2,w,9,1,0,data,ok,8,8,3.5,70.5
awgn,0.0,6,ack-1f,w,2,2,0,ctl,ok,0,0,4.5,70.5
awgn,0.0,6,qpsk-r1/2,w,9,1,0,data,ok,8,8,3.5,70.5
awgn,0.0,6,ack-1f,w,2,2,0,ctl,ok,0,0,3.4,70.5
awgn,0.0,6,qpsk-r1/2,w,9,1,0,data,ok,8,8,3.7,70.5
awgn,0.0,6,ack-1f,w,2,2,0,ctl,ok,0,0,3.3,70.5
awgn,0.0,6,qpsk-r1/2,w,9,1,0,data,ok,8,8,3.6,70.5
awgn,0.0,6,ack-1f,w,2,2,0,ctl,ok,0,0,1.8,70.5
awgn,0.0,6,qpsk-r1/2,w,9,1,0,data,ok,8,8,3.7,70.5
awgn,0.0,6,ack-1f,w,2,2,0,ctl,ok,0,0,3.6,70.5
awgn,0.0,6,qpsk-r1/2,w,9,1,0,data,ok,8,8,3.6,70.5
awgn,0.0,6,ack-1f,w,2,2,0,ctl,ok,0,0,4.2,70.5
awgn,0.0,6,qpsk-r1/2,w,9,1,0,data,ok,8,8,3.8,70.5
awgn,0.0,6,ack-1f,w,2,2,0,ctl,ok,0,0,4.6,70.5
awgn,0.0,6,qpsk-r1/2,w,9,1,0,data,ok,8,8,3.4,70.5
awgn,0.0,6,ack-1f,w,2,2,0,ctl,ok,0,0,3.9,70.5
awgn,0.0,6,qpsk-r1/2,w,9,1,0,data,ok,8,8,3.5,70.5
awgn,0.0,10,qpsk-r1/5,w,1,1,0,ctl,ok,0,0,3.2,70.5
awgn,0.0,10,qpsk-r1/5,w,1,1,0,ctl,ok,0,0,3.8,70.5
awgn,0.0,10,ack-4f,w,3,3,0,ctl,ok,0,0,3.1,70.5
awgn,0.0,10,ack-1f,w,3,3,0,ctl,ok,0,0,2.9,70.5
awgn,0.0,10,qpsk-r1/2,w,9,2,1,data,ok,7,7,3.7,70.5
awgn,0.0,10,ack-1f,w,2,2,0,ctl,ok,0,0,3.3,70.5
awgn,0.0,10,qpsk-r1/2,w,9,1,0,data,ok,8,8,3.5,70.5
awgn,0.0,10,ack-1f,w,2,2,0,ctl,ok,0,0,4.2,70.5
awgn,0.0,10,qpsk-r1/2,w,9,1,0,data,ok,8,8,3.5,70.5
awgn,0.0,10,ack-1f,w,2,2,0,ctl,ok,0,0,3.3,70.5
awgn,0.0,10,qpsk-r1/2,w,9,1,0,data,ok,8,8,3.6,70.5
awgn,0.0,10,ack-1f,w,2,2,0,ctl,ok,0,0,3.4,70.5
awgn,0.0,10,qpsk-r1/2,w,9,1,0,data,ok,8,8,3.5,70.5
awgn,0.0,10,ack-1f,w,2,2,0,ctl,ok,0,0,4.8,70.5
awgn,0.0,10,qpsk-r1/2,w,9,1,0,data,ok,8,8,3.8,70.5
awgn,0.0,10,ack-1f,w,2,2,0,ctl,ok,0,0,4.2,70.5
awgn,0.0,10,qpsk-r1/2,w,9,1,0,data,ok,8,8,3.4,70.5
awgn,0.0,10,ack-1f,w,2,2,0,ctl,ok,0,0,3.5,70.5
awgn,0.0,10,qpsk-r1/2,w,9,1,0,data,ok,8,8,3.3,70.5
awgn,0.0,10,ack-1f,w,2,2,0,ctl,ok,0,0,3.4,70.5
awgn,0.0,10,qpsk-r1/2,w,9,1,0,data,ok,8,8,3.6,70.5
awgn,0.0,10,ack-1f,w,2,2,0,ctl,ok,0,0,3.4,70.5
awgn,0.0,10,qpsk-r1/2,w,9,1,0,data,ok,8,8,3.6,70.5
awgn,0.0,10,ack-1f,w,2,2,0,ctl,ok,0,0,3.4,70.5
awgn,0.0,10,qpsk-r1/2,w,9,1,0,data,ok,8,8,3.5,70.5
awgn,0.0,10,ack-1f,w,2,2,0,ctl,ok,0,0,3.7,70.5
awgn,0.0,10,qpsk-r1/2,w,9,1,0,data,ok,8,8,3.5,70.5
awgn,0.0,10,ack-1f,w,2,2,0,ctl,ok,0,0,4.6,70.5
awgn,0.0,10,qpsk-r1/2,w,9,1,0,data,ok,8,8,3.5,70.5
awgn,0.0,10,ack-1f,w,2,2,0,ctl,ok,0,0,0.9,70.5
awgn,0.0,10,qpsk-r1/2,w,9,1,0,data,ok,8,8,3.7,70.5
awgn,0.0,10,ack-1f,w,2,2,0,ctl,ok,0,0,3.6,70.5
awgn,0.0,10,qpsk-r1/2,w,9,1,0,data,ok,8,8,3.6,70.5
awgn,0.0,10,ack-1f,w,2,2,0,ctl,ok,0,0,3.3,70.5
awgn,0.0,10,qpsk-r1/2,w,9,1,0,data,ok,8,8,3.4,70.5
awgn,0.0,10,ack-1f,w,2,2,0,ctl,ok,0,0,4.1,70.5
awgn,0.0,10,qpsk-r1/2,w,9,1,0,data,ok,8,8,3.5,70.5
awgn,0.0,10,ack-1f,w,2,2,0,ctl,ok,0,0,4.2,70.5
awgn,0.0,10,qpsk-r1/2,w,9,1,0,data,ok,8,8,3.4,70.5
awgn,0.0,10,ack-1f,w,2,2,0,ctl,ok,0,0,4.3,70.5
awgn,0.0,10,qpsk-r1/2,w,9,1,0,data,ok,8,8,3.2,70.5
awgn,0.0,10,ack-1f,w,2,2,0,ctl,ok,0,0,4.2,70.5
awgn,0.0,10,qpsk-r1/2,w,9,1,0,data,ok,8,8,3.5,70.5
awgn,0.0,10,ack-1f,w,2,2,0,ctl,ok,0,0,3.9,70.5
awgn,0.0,10,qpsk-r1/2,w,9,1,0,data,ok,8,8,3.5,70.5
awgn,0.0,10,ack-1f,w,2,2,0,ctl,ok,0,0,3.9,70.5
awgn,0.0,10,qpsk-r1/2,w,9,1,0,data,ok,8,8,3.5,70.5
awgn,0.0,10,ack-1f,w,2,2,0,ctl,ok,0,0,3.8,70.5
awgn,0.0,10,qpsk-r1/2,w,9,1,0,data,ok,8,8,3.2,70.5
awgn,0.0,10,ack-1f,w,2,2,0,ctl,ok,0,0,3.1,70.5
awgn,0.0,10,qpsk-r1/2,w,9,1,0,data,ok,8,8,3.5,70.5
awgn,0.0,10,ack-1f,w,2,2,0,ctl,ok,0,0,3.8,70.5
awgn,0.0,10,qpsk-r1/2,w,9,1,0,data,ok,8,8,3.5,70.5
awgn,0.0,10,ack-1f,w,2,2,0,ctl,ok,0,0,4.3,70.5
awgn,0.0,10,qpsk-r1/2,w,9,1,0,data,ok,8,8,3.4,70.5
awgn,0.0,10,ack-1f,w,2,2,0,ctl,ok,0,0,4.3,70.5
awgn,0.0,10,qpsk-r1/2,w,9,1,0,data,ok,8,8,3.3,70.5
awgn,0.0,10,ack-1f,w,2,2,0,ctl,ok,0,0,3.5,70.5
awgn,0.0,10,qpsk-r1/2,w,9,1,0,data,ok,8,8,3.2,70.5
awgn,0.0,10,ack-1f,w,2,2,0,ctl,ok,0,0,4.6,70.5
awgn,0.0,10,qpsk-r1/2,w,9,1,0,data,ok,8,8,3.3,70.5
awgn,0.0,10,ack-1f,w,2,2,0,ctl,ok,0,0,3.6,70.5
awgn,0.0,10,qpsk-r1/2,w,9,1,0,data,ok,8,8,3.6,70.5
awgn,0.0,10,ack-1f,w,2,2,0,ctl,ok,0,0,4.0,70.5
awgn,0.0,10,qpsk-r1/2,w,9,1,0,data,ok,8,8,3.6,70.5
awgn,0.0,10,ack-1f,w,2,2,0,ctl,ok,0,0,3.5,70.5
awgn,0.0,10,qpsk-r1/2,w,9,1,0,data,ok,8,8,3.6,70.5
awgn,0.0,10,ack-1f,w,2,2,0,ctl,ok,0,0,4.1,70.5
awgn,0.0,10,qpsk-r1/2,w,9,1,0,data,ok,8,8,3.6,70.5
awgn,0.0,10,ack-1f,w,2,2,0,ctl,ok,0,0,3.9,70.5
awgn,0.0,10,qpsk-r1/2,w,9,1,0,data,ok,8,8,3.4,70.5
awgn,0.0,10,ack-1f,w,2,2,0,ctl,ok,0,0,3.9,70.5
awgn,0.0,10,qpsk-r1/2,w,9,1,0,data,ok,8,8,3.8,70.5
awgn,0.0,10,ack-1f,w,2,2,0,ctl,ok,0,0,4.5,70.5
awgn,0.0,10,qpsk-r1/2,w,9,1,0,data,ok,8,8,3.6,70.5
awgn,0.0,10,ack-1f,w,2,2,0,ctl,ok,0,0,3.8,70.5
awgn,0.0,10,qpsk-r1/2,w,9,1,0,data,ok,8,8,3.6,70.5
awgn,0.0,10,ack-1f,w,2,2,0,ctl,ok,0,0,3.5,70.5
awgn,0.0,10,qpsk-r1/2,w,9,1,0,data,ok,8,8,3.5,70.5
awgn,0.0,10,ack-1f,w,2,2,0,ctl,ok,0,0,4.0,70.5
awgn,0.0,10,qpsk-r1/2,w,9,1,0,data,ok,8,8,3.8,70.5
awgn,0.0,10,ack-1f,w,2,2,0,ctl,ok,0,0,3.6,70.5
awgn,0.0,10,qpsk-r1/2,w,9,1,0,data,ok,8,8,3.6,70.5
awgn,0.0,10,ack-1f,w,2,2,0,ctl,ok,0,0,4.2,70.5
awgn,0.0,10,qpsk-r1/2,w,9,1,0,data,ok,8,8,3.4,70.5
awgn,0.0,10,ack-1f,w,2,2,0,ctl,ok,0,0,3.2,70.5
awgn,0.0,10,qpsk-r1/2,w,9,1,0,data,ok,8,8,3.4,70.5
awgn,0.0,10,ack-1f,w,2,2,0,ctl,ok,0,0,3.7,70.5
awgn,0.0,10,qpsk-r1/2,w,9,1,0,data,ok,8,8,3.4,70.5
awgn,0.0,10,ack-1f,w,2,2,0,ctl,ok,0,0,3.2,70.5
awgn,0.0,10,qpsk-r1/2,w,9,1,0,data,ok,8,8,3.6,70.5
awgn,0.0,10,ack-1f,w,2,2,0,ctl,ok,0,0,4.2,70.5
awgn,0.0,10,qpsk-r1/2,w,9,1,0,data,ok,8,8,3.6,70.5
awgn,0.0,10,ack-1f,w,2,2,0,ctl,ok,0,0,2.9,70.5
awgn,0.0,10,qpsk-r1/2,w,9,1,0,data,ok,8,8,3.7,70.5
awgn,0.0,10,ack-1f,w,2,2,0,ctl,ok,0,0,4.1,70.5
awgn,0.0,10,qpsk-r1/2,w,9,1,0,data,ok,8,8,3.7,70.5
awgn,0.0,2,qpsk-r1/5,w,1,1,0,ctl,ok,0,0,3.3,70.5
awgn,0.0,2,qpsk-r1/5,w,1,1,0,ctl,ok,0,0,3.5,70.5
awgn,0.0,2,ack-4f,w,3,3,0,ctl,ok,0,0,3.6,70.5
awgn,0.0,2,ack-1f,w,3,3,0,ctl,ok,0,0,1.9,70.5
awgn,0.0,2,qpsk-r1/2,w,9,2,1,data,ok,7,7,3.6,70.5
awgn,0.0,2,ack-1f,w,2,2,0,ctl,ok,0,0,3.1,70.5
awgn,0.0,2,qpsk-r1/2,w,9,1,0,data,ok,8,8,3.8,70.5
awgn,0.0,2,ack-1f,w,2,2,0,ctl,ok,0,0,3.4,70.5
awgn,0.0,2,qpsk-r1/2,w,9,1,0,data,ok,8,8,3.6,70.5
awgn,0.0,2,ack-1f,w,2,2,0,ctl,ok,0,0,3.3,70.5
awgn,0.0,2,qpsk-r1/2,w,9,1,0,data,ok,8,8,3.2,70.5
awgn,0.0,2,ack-1f,w,2,2,0,ctl,ok,0,0,3.9,70.5
awgn,0.0,2,qpsk-r1/2,w,9,1,0,data,ok,8,8,3.4,70.5
awgn,0.0,2,ack-1f,w,2,2,0,ctl,ok,0,0,3.7,70.5
awgn,0.0,2,qpsk-r1/2,w,9,1,0,data,ok,8,8,3.6,70.5
awgn,0.0,2,ack-1f,w,2,2,0,ctl,ok,0,0,3.1,70.5
awgn,0.0,2,qpsk-r1/2,w,9,1,0,data,ok,8,8,3.5,70.5
awgn,0.0,2,ack-1f,w,2,2,0,ctl,ok,0,0,3.3,70.5
awgn,0.0,2,qpsk-r1/2,w,9,1,0,data,ok,8,8,3.5,70.5
awgn,0.0,2,ack-1f,w,2,2,0,ctl,ok,0,0,3.7,70.5
awgn,0.0,2,qpsk-r1/2,w,9,1,0,data,ok,8,8,3.5,70.5
awgn,0.0,2,ack-1f,w,2,2,0,ctl,ok,0,0,4.3,70.5
awgn,0.0,2,qpsk-r1/2,w,9,1,0,data,ok,8,8,3.4,70.5
awgn,0.0,2,ack-1f,w,2,2,0,ctl,ok,0,0,4.0,70.5
awgn,0.0,2,qpsk-r1/2,w,9,1,0,data,ok,8,8,3.5,70.5
awgn,0.0,2,ack-1f,w,2,2,0,ctl,ok,0,0,3.7,70.5
awgn,0.0,2,qpsk-r1/2,w,9,1,0,data,ok,8,8,3.7,70.5
awgn,0.0,2,ack-1f,w,2,2,0,ctl,ok,0,0,2.1,70.5
awgn,0.0,2,qpsk-r1/2,w,9,1,0,data,ok,8,8,3.3,70.5
awgn,0.0,2,ack-1f,w,2,2,0,ctl,ok,0,0,4.0,70.5
awgn,0.0,2,qpsk-r1/2,w,9,1,0,data,ok,8,8,3.8,70.5
awgn,0.0,2,ack-1f,w,2,2,0,ctl,ok,0,0,3.8,70.5
awgn,0.0,2,qpsk-r1/2,w,9,1,0,data,ok,8,8,3.4,70.5
awgn,0.0,2,ack-1f,w,2,2,0,ctl,ok,0,0,4.8,70.5
awgn,0.0,2,qpsk-r1/2,w,9,1,0,data,ok,8,8,3.3,70.5
awgn,0.0,2,ack-1f,w,2,2,0,ctl,ok,0,0,4.4,70.5
awgn,0.0,2,qpsk-r1/2,w,9,1,0,data,ok,8,8,3.6,70.5
awgn,0.0,2,ack-1f,w,2,2,0,ctl,ok,0,0,3.0,70.5
awgn,0.0,2,qpsk-r1/2,w,9,1,0,data,ok,8,8,3.5,70.5
awgn,0.0,2,ack-1f,w,2,2,0,ctl,ok,0,0,3.3,70.5
awgn,0.0,2,qpsk-r1/2,w,9,1,0,data,ok,8,8,3.4,70.5
awgn,0.0,2,ack-1f,w,2,2,0,ctl,ok,0,0,3.7,70.5
awgn,0.0,2,qpsk-r1/2,w,9,1,0,data,ok,8,8,3.6,70.5
awgn,0.0,2,ack-1f,w,2,2,0,ctl,ok,0,0,3.1,70.5
awgn,0.0,2,qpsk-r1/2,w,9,1,0,data,ok,8,8,3.5,70.5
awgn,0.0,2,ack-1f,w,2,2,0,ctl,ok,0,0,4.1,70.5
awgn,0.0,2,qpsk-r1/2,w,9,1,0,data,ok,8,8,3.3,70.5
awgn,0.0,2,ack-1f,w,2,2,0,ctl,ok,0,0,3.5,70.5
awgn,0.0,2,qpsk-r1/2,w,9,1,0,data,ok,8,8,3.5,70.5
awgn,0.0,2,ack-1f,w,2,2,0,ctl,ok,0,0,3.4,70.5
awgn,0.0,2,qpsk-r1/2,w,9,1,0,data,ok,8,8,3.5,70.5
awgn,0.0,2,ack-1f,w,2,2,0,ctl,ok,0,0,4.8,70.5
awgn,0.0,2,qpsk-r1/2,w,9,1,0,data,ok,8,8,3.5,70.5
awgn,0.0,2,ack-1f,w,2,2,0,ctl,ok,0,0,4.3,70.5
awgn,0.0,2,qpsk-r1/2,w,9,1,0,data,ok,8,8,3.5,70.5
awgn,0.0,2,ack-1f,w,2,2,0,ctl,ok,0,0,3.7,70.5
awgn,0.0,2,qpsk-r1/2,w,9,1,0,data,ok,8,8,3.4,70.5
awgn,0.0,2,ack-1f,w,2,2,0,ctl,ok,0,0,4.9,70.5
awgn,0.0,2,qpsk-r1/2,w,9,1,0,data,ok,8,8,3.8,70.5
awgn,0.0,2,ack-1f,w,2,2,0,ctl,ok,0,0,3.6,70.5
awgn,0.0,2,qpsk-r1/2,w,9,1,0,data,ok,8,8,3.5,70.5
awgn,0.0,2,ack-1f,w,2,2,0,ctl,ok,0,0,3.9,70.5
awgn,0.0,2,qpsk-r1/2,w,9,1,0,data,ok,8,8,3.4,70.5
awgn,0.0,2,ack-1f,w,2,2,0,ctl,ok,0,0,4.4,70.5
awgn,0.0,2,qpsk-r1/2,w,9,1,0,data,ok,8,8,3.6,70.5
awgn,0.0,2,ack-1f,w,2,2,0,ctl,ok,0,0,3.9,70.5
awgn,0.0,2,qpsk-r1/2,w,9,1,0,data,ok,8,8,3.3,70.5
awgn,0.0,2,ack-1f,w,2,2,0,ctl,ok,0,0,4.3,70.5
awgn,0.0,2,qpsk-r1/2,w,9,1,0,data,ok,8,8,3.7,70.5
awgn,0.0,2,ack-1f,w,2,2,0,ctl,ok,0,0,3.3,70.5
awgn,0.0,2,qpsk-r1/2,w,9,1,0,data,ok,8,8,3.5,70.5
awgn,0.0,2,ack-1f,w,2,2,0,ctl,ok,0,0,4.3,70.5
awgn,0.0,2,qpsk-r1/2,w,9,1,0,data,ok,8,8,3.4,70.5
awgn,0.0,2,ack-1f,w,2,2,0,ctl,ok,0,0,2.9,70.5
awgn,0.0,2,qpsk-r1/2,w,9,1,0,data,ok,8,8,3.7,70.5
awgn,0.0,2,ack-1f,w,2,2,0,ctl,ok,0,0,4.0,70.5
awgn,0.0,2,qpsk-r1/2,w,9,1,0,data,ok,8,8,3.6,70.5
awgn,0.0,2,ack-1f,w,2,2,0,ctl,ok,0,0,3.1,70.5
awgn,0.0,2,qpsk-r1/2,w,9,1,0,data,ok,8,8,3.7,70.5
awgn,0.0,2,ack-1f,w,2,2,0,ctl,ok,0,0,4.0,70.5
awgn,0.0,2,qpsk-r1/2,w,9,1,0,data,ok,8,8,3.8,70.5
awgn,0.0,2,ack-1f,w,2,2,0,ctl,ok,0,0,4.4,70.5
awgn,0.0,2,qpsk-r1/2,w,9,1,0,data,ok,8,8,3.8,70.5
awgn,0.0,2,ack-1f,w,2,2,0,ctl,ok,0,0,4.1,70.5
awgn,0.0,2,qpsk-r1/2,w,9,1,0,data,ok,8,8,3.5,70.5
awgn,0.0,2,ack-1f,w,2,2,0,ctl,ok,0,0,3.2,70.5
awgn,0.0,2,qpsk-r1/2,w,9,1,0,data,ok,8,8,3.5,70.5
awgn,0.0,2,ack-1f,w,2,2,0,ctl,ok,0,0,2.7,70.5
awgn,0.0,2,qpsk-r1/2,w,9,1,0,data,ok,8,8,3.6,70.5
awgn,0.0,2,ack-1f,w,2,2,0,ctl,ok,0,0,3.9,70.5
awgn,0.0,2,qpsk-r1/2,w,9,1,0,data,ok,8,8,3.6,70.5
awgn,0.0,2,ack-1f,w,2,2,0,ctl,ok,0,0,4.0,70.5
awgn,0.0,2,qpsk-r1/2,w,9,1,0,data,ok,8,8,3.6,70.5
awgn,0.0,2,ack-1f,w,2,2,0,ctl,ok,0,0,3.7,70.5
awgn,0.0,2,qpsk-r1/2,w,9,1,0,data,ok,8,8,3.6,70.5
awgn,0.0,2,ack-1f,w,2,2,0,ctl,ok,0,0,4.1,70.5
awgn,0.0,2,qpsk-r1/2,w,9,1,0,data,ok,8,8,3.5,70.5
awgn,0.0,3,qpsk-r1/5,w,1,1,0,ctl,ok,0,0,3.7,70.5
awgn,0.0,3,qpsk-r1/5,w,1,1,0,ctl,ok,0,0,4.0,70.5
awgn,0.0,3,ack-4f,w,3,3,0,ctl,ok,0,0,3.1,70.5
awgn,0.0,3,ack-1f,w,3,3,0,ctl,ok,0,0,3.9,70.5
awgn,0.0,3,qpsk-r1/2,w,9,2,1,data,ok,7,7,3.6,70.5
awgn,0.0,3,ack-1f,w,2,2,0,ctl,ok,0,0,3.0,70.5
awgn,0.0,3,qpsk-r1/2,w,9,1,0,data,ok,8,8,3.6,70.5
awgn,0.0,3,ack-1f,w,2,2,0,ctl,ok,0,0,4.1,70.5
awgn,0.0,3,qpsk-r1/2,w,9,1,0,data,ok,8,8,3.3,70.5
awgn,0.0,3,ack-1f,w,2,2,0,ctl,ok,0,0,3.2,70.5
awgn,0.0,3,qpsk-r1/2,w,9,1,0,data,ok,8,8,3.5,70.5
awgn,0.0,3,ack-1f,w,2,2,0,ctl,ok,0,0,4.3,70.5
awgn,0.0,3,qpsk-r1/2,w,9,1,0,data,ok,8,8,3.6,70.5
awgn,0.0,3,ack-1f,w,2,2,0,ctl,ok,0,0,4.0,70.5
awgn,0.0,3,qpsk-r1/2,w,9,1,0,data,ok,8,8,3.7,70.5
awgn,0.0,3,ack-1f,w,2,2,0,ctl,ok,0,0,5.0,70.5
awgn,0.0,3,qpsk-r1/2,w,9,1,0,data,ok,8,8,3.4,70.5
awgn,0.0,3,ack-1f,w,2,2,0,ctl,ok,0,0,1.1,70.5
awgn,0.0,3,qpsk-r1/2,w,9,1,0,data,ok,8,8,3.4,70.5
awgn,0.0,3,ack-1f,w,2,2,0,ctl,ok,0,0,3.7,70.5
awgn,0.0,3,qpsk-r1/2,w,9,1,0,data,ok,8,8,3.7,70.5
awgn,0.0,3,ack-1f,w,2,2,0,ctl,ok,0,0,4.7,70.5
awgn,0.0,3,qpsk-r1/2,w,9,1,0,data,ok,8,8,3.5,70.5
awgn,0.0,3,ack-1f,w,2,2,0,ctl,ok,0,0,3.0,70.5
awgn,0.0,3,qpsk-r1/2,w,9,1,0,data,ok,8,8,3.5,70.5
awgn,0.0,3,ack-1f,w,2,2,0,ctl,ok,0,0,3.0,70.5
awgn,0.0,3,qpsk-r1/2,w,9,1,0,data,ok,8,8,3.5,70.5
awgn,0.0,3,ack-1f,w,2,2,0,ctl,ok,0,0,3.9,70.5
awgn,0.0,3,qpsk-r1/2,w,9,1,0,data,ok,8,8,3.4,70.5
awgn,0.0,3,ack-1f,w,2,2,0,ctl,ok,0,0,2.9,70.5
awgn,0.0,3,qpsk-r1/2,w,9,1,0,data,ok,8,8,3.5,70.5
awgn,0.0,3,ack-1f,w,2,2,0,ctl,ok,0,0,4.4,70.5
awgn,0.0,3,qpsk-r1/2,w,9,1,0,data,ok,8,8,3.7,70.5
awgn,0.0,3,ack-1f,w,2,2,0,ctl,ok,0,0,3.0,70.5
awgn,0.0,3,qpsk-r1/2,w,9,1,0,data,ok,8,8,3.4,70.5
awgn,0.0,3,ack-1f,w,2,2,0,ctl,ok,0,0,4.6,70.5
awgn,0.0,3,qpsk-r1/2,w,9,1,0,data,ok,8,8,3.6,70.5
awgn,0.0,3,ack-1f,w,2,2,0,ctl,ok,0,0,3.0,70.5
awgn,0.0,3,qpsk-r1/2,w,9,1,0,data,ok,8,8,3.6,70.5
awgn,0.0,3,ack-1f,w,2,2,0,ctl,ok,0,0,3.5,70.5
awgn,0.0,3,qpsk-r1/2,w,9,1,0,data,ok,8,8,3.7,70.5
awgn,0.0,3,ack-1f,w,2,2,0,ctl,ok,0,0,4.8,70.5
awgn,0.0,3,qpsk-r1/2,w,9,1,0,data,ok,8,8,3.6,70.5
awgn,0.0,3,ack-1f,w,2,2,0,ctl,ok,0,0,3.4,70.5
awgn,0.0,3,qpsk-r1/2,w,9,1,0,data,ok,8,8,3.6,70.5
awgn,0.0,3,ack-1f,w,2,2,0,ctl,ok,0,0,2.3,70.5
awgn,0.0,3,qpsk-r1/2,w,9,1,0,data,ok,8,8,3.6,70.5
awgn,0.0,3,ack-1f,w,2,2,0,ctl,ok,0,0,4.3,70.5
awgn,0.0,3,qpsk-r1/2,w,9,1,0,data,ok,8,8,3.7,70.5
awgn,0.0,3,ack-1f,w,2,2,0,ctl,ok,0,0,3.9,70.5
awgn,0.0,3,qpsk-r1/2,w,9,1,0,data,ok,8,8,3.6,70.5
awgn,0.0,3,ack-1f,w,2,2,0,ctl,ok,0,0,4.3,70.5
awgn,0.0,3,qpsk-r1/2,w,9,1,0,data,ok,8,8,3.6,70.5
awgn,0.0,3,ack-1f,w,2,2,0,ctl,ok,0,0,3.7,70.5
awgn,0.0,3,qpsk-r1/2,w,9,1,0,data,ok,8,8,3.6,70.5
awgn,0.0,3,ack-1f,w,2,2,0,ctl,ok,0,0,1.7,70.5
awgn,0.0,3,qpsk-r1/2,w,9,1,0,data,ok,8,8,3.8,70.5
awgn,0.0,3,ack-1f,w,2,2,0,ctl,ok,0,0,3.3,70.5
awgn,0.0,3,qpsk-r1/2,w,9,1,0,data,ok,8,8,3.6,70.5
awgn,0.0,3,ack-1f,w,2,2,0,ctl,ok,0,0,4.1,70.5
awgn,0.0,3,qpsk-r1/2,w,9,1,0,data,ok,8,8,3.7,70.5
awgn,0.0,3,ack-1f,w,2,2,0,ctl,ok,0,0,5.2,70.5
awgn,0.0,3,qpsk-r1/2,w,9,1,0,data,ok,8,8,3.6,70.5
awgn,0.0,3,ack-1f,w,2,2,0,ctl,ok,0,0,3.8,70.5
awgn,0.0,3,qpsk-r1/2,w,9,1,0,data,ok,8,8,3.6,70.5
awgn,0.0,3,ack-1f,w,2,2,0,ctl,ok,0,0,3.4,70.5
awgn,0.0,3,qpsk-r1/2,w,9,1,0,data,ok,8,8,3.2,70.5
awgn,0.0,3,ack-1f,w,2,2,0,ctl,ok,0,0,3.6,70.5
awgn,0.0,3,qpsk-r1/2,w,9,1,0,data,ok,8,8,3.5,70.5
awgn,0.0,3,ack-1f,w,2,2,0,ctl,ok,0,0,3.3,70.5
awgn,0.0,3,qpsk-r1/2,w,9,1,0,data,ok,8,8,3.8,70.5
awgn,0.0,3,ack-1f,w,2,2,0,ctl,ok,0,0,3.7,70.5
awgn,0.0,3,qpsk-r1/2,w,9,1,0,data,ok,8,8,3.4,70.5
awgn,0.0,3,ack-1f,w,2,2,0,ctl,ok,0,0,3.2,70.5
awgn,0.0,3,qpsk-r1/2,w,9,1,0,data,ok,8,8,3.7,70.5
awgn,0.0,3,ack-1f,w,2,2,0,ctl,ok,0,0,4.2,70.5
awgn,0.0,3,qpsk-r1/2,w,9,1,0,data,ok,8,8,3.3,70.5
awgn,0.0,3,ack-1f,w,2,2,0,ctl,ok,0,0,4.8,70.5
awgn,0.0,3,qpsk-r1/2,w,9,1,0,data,ok,8,8,3.8,70.5
awgn,0.0,3,ack-1f,w,2,2,0,ctl,ok,0,0,3.3,70.5
awgn,0.0,3,qpsk-r1/2,w,9,1,0,data,ok,8,8,3.5,70.5
awgn,0.0,3,ack-1f,w,2,2,0,ctl,ok,0,0,3.3,70.5
awgn,0.0,3,qpsk-r1/2,w,9,1,0,data,ok,8,8,3.4,70.5
awgn,0.0,3,ack-1f,w,2,2,0,ctl,ok,0,0,2.7,70.5
awgn,0.0,3,qpsk-r1/2,w,9,1,0,data,ok,8,8,3.5,70.5
awgn,0.0,3,ack-1f,w,2,2,0,ctl,ok,0,0,2.8,70.5
awgn,0.0,3,qpsk-r1/2,w,9,1,0,data,ok,8,8,3.5,70.5
awgn,0.0,3,ack-1f,w,2,2,0,ctl,ok,0,0,3.4,70.5
awgn,0.0,3,qpsk-r1/2,w,9,1,0,data,ok,8,8,3.4,70.5
awgn,0.0,3,ack-1f,w,2,2,0,ctl,ok,0,0,4.6,70.5
awgn,0.0,3,qpsk-r1/2,w,9,1,0,data,ok,8,8,3.4,70.5
awgn,0.0,3,ack-1f,w,2,2,0,ctl,ok,0,0,5.4,70.5
awgn,0.0,3,qpsk-r1/2,w,9,1,0,data,ok,8,8,3.6,70.5
awgn,0.0,3,ack-1f,w,2,2,0,ctl,ok,0,0,3.3,70.5
awgn,0.0,3,qpsk-r1/2,w,9,1,0,data,ok,8,8,3.6,70.5
awgn,0.0,3,ack-1f,w,2,2,0,ctl,ok,0,0,3.7,70.5
awgn,0.0,3,qpsk-r1/2,w,9,1,0,data,ok,8,8,3.4,70.5
mpg,0.0,4,qpsk-r1/5,w,1,1,0,ctl,ok,0,0,-4.7,37.4
mpg,0.0,4,qpsk-r1/5,w,1,1,0,ctl,ctl_lost,0,0,-9.2,37.4
mpg,0.0,4,n4-qpsk-r1/3,n4,1,1,,ctl,missed,0,0,,37.4
mpg,0.0,4,n4-qpsk-r1/3,n4,1,1,0,ctl,ok,0,0,-0.7,37.4
mpg,0.0,4,n4-qpsk-r1/3,n4,1,1,0,ctl,ok,0,0,2.1,37.4
mpg,0.0,4,ack-4f,w,3,3,0,ctl,ok,0,0,5.4,37.4
mpg,0.0,4,ack-1f,w,3,3,0,ctl,ok,0,0,2.8,37.4
mpg,0.0,4,qpsk-r1/2,w,9,2,1,data,ok,7,7,3.6,37.4
mpg,0.0,4,ack-1f,w,3,3,0,ctl,ok,0,0,9.2,37.4
mpg,0.0,4,qpsk-r1/2,w,9,2,1,data,ok,7,7,5.0,37.4
mpg,0.0,4,ack-1f,w,3,3,0,ctl,ok,0,0,5.8,37.4
mpg,0.0,4,qpsk-r1/2,w,9,2,1,data,ok,7,7,5.1,37.4
mpg,0.0,4,ack-1f,w,2,2,0,ctl,ok,0,0,3.9,37.4
mpg,0.0,4,qpsk-r1/2,w,9,1,0,data,ok,8,8,3.6,37.4
mpg,0.0,4,ack-1f,w,2,2,0,ctl,ok,0,0,-0.4,37.4
mpg,0.0,4,qpsk-r1/2,w,9,1,0,data,ctl_lost,8,0,2.1,37.4
mpg,0.0,4,ack-4f,w,3,3,0,ctl,ok,0,0,2.7,37.4
mpg,0.0,4,ack-4f,w,3,3,0,ctl,ok,0,0,5.3,37.4
mpg,0.0,4,qpsk-r1/3,w,9,2,1,data,ok,7,7,3.8,37.4
mpg,0.0,4,ack-1f,w,2,2,0,ctl,ok,0,0,5.1,37.4
mpg,0.0,4,qpsk-r1/3,w,9,1,0,data,ok,8,8,2.3,37.4
mpg,0.0,4,ack-1f,w,2,2,0,ctl,ok,0,0,5.3,37.4
mpg,0.0,4,qpsk-r1/3,w,9,1,0,data,ok,8,8,2.3,37.4
mpg,0.0,4,ack-1f,w,3,3,0,ctl,ok,0,0,2.2,37.4
mpg,0.0,4,qpsk-r1/3,w,9,2,1,data,ok,7,5,-0.9,37.4
mpg,0.0,4,ack-1f,w,3,3,0,ctl,ok,0,0,5.3,37.4
mpg,0.0,4,qpsk-r1/3,w,9,2,1,data,ok,5,5,1.8,37.4
mpg,0.0,4,ack-1f,w,3,3,0,ctl,ok,0,0,-1.4,37.4
mpg,0.0,4,qpsk-r1/3,w,9,2,1,data,ok,7,7,1.1,37.4
mpg,0.0,4,ack-1f,w,3,3,0,ctl,ctl_lost,0,0,-1.9,37.4
mpg,0.0,4,ack-4f,w,3,3,0,ctl,ok,0,0,0.4,37.4
mpg,0.0,4,ack-4f,w,3,3,0,ctl,ok,0,0,1.2,37.4
mpg,0.0,4,qpsk-r1/3,w,9,2,1,data,ok,7,7,2.9,37.4
mpg,0.0,4,ack-1f,w,2,2,0,ctl,ok,0,0,-1.3,37.4
mpg,0.0,4,qpsk-r1/3,w,9,1,0,data,ok,8,8,6.1,37.4
mpg,0.0,4,ack-4f,w,3,3,0,ctl,ok,0,0,1.3,37.4
mpg,0.0,4,qpsk-r1/2,w,9,2,1,data,ok,7,0,1.8,37.4
mpg,0.0,4,ack-4f,w,2,2,0,ctl,ok,0,0,-1.4,37.4
mpg,0.0,4,qpsk-r1/3,w,9,1,0,data,ok,8,8,2.9,37.4
mpg,0.0,4,ack-4f,w,2,2,0,ctl,ok,0,0,0.3,37.4
mpg,0.0,4,qpsk-r1/3,w,9,1,0,data,ok,8,8,5.4,37.4
mpg,0.0,4,ack-4f,w,3,3,0,ctl,ok,0,0,1.5,37.4
mpg,0.0,4,qpsk-r1/2,w,9,2,1,data,ok,7,0,2.3,37.4
mpg,0.0,4,ack-1f,w,2,2,0,ctl,ctl_lost,0,0,-6.6,37.4
mpg,0.0,4,ack-4f,w,3,3,0,ctl,ok,0,0,3.2,37.4
mpg,0.0,4,ack-4f,w,2,2,0,ctl,ok,0,0,5.9,37.4
mpg,0.0,4,qpsk-r1/3,w,9,1,0,data,ok,8,8,2.9,37.4
mpg,0.0,4,ack-4f,w,3,3,0,ctl,ok,0,0,0.5,37.4
mpg,0.0,4,qpsk-r1/2,w,9,2,1,data,ok,7,7,2.7,37.4
mpg,0.0,4,ack-4f,w,2,2,0,ctl,ok,0,0,4.1,37.4
mpg,0.0,4,qpsk-r1/3,w,9,1,0,data,ok,8,8,2.5,37.4
mpg,0.0,4,ack-4f,w,2,2,0,ctl,ok,0,0,-9.6,37.4
mpg,0.0,4,qpsk-r1/3,w,9,1,0,data,ok,8,8,4.2,37.4
mpg,0.0,4,ack-4f,w,3,3,0,ctl,ok,0,0,6.4,37.4
mpg,0.0,4,qpsk-r1/2,w,9,2,1,data,ok,7,7,3.2,37.4
mpg,0.0,4,ack-4f,w,2,2,0,ctl,ok,0,0,4.2,37.4
mpg,0.0,4,qpsk-r1/2,w,9,1,0,data,ok,8,8,3.9,37.4
mpg,0.0,4,ack-1f,w,3,3,0,ctl,ctl_lost,0,0,-6.8,37.4
mpg,0.0,4,ack-4f,w,3,3,0,ctl,ok,0,0,5.6,37.4
mpg,0.0,4,ack-4f,w,2,2,0,ctl,ok,0,0,6.8,37.4
mpg,0.0,4,qpsk-r1/2,w,9,1,0,data,ctl_lost,8,0,0.5,37.4
mpg,0.0,4,ack-4f,w,3,3,0,ctl,ok,0,0,-0.0,37.4
mpg,0.0,4,ack-4f,w,3,3,0,ctl,ok,0,0,2.4,37.4
mpg,0.0,4,qpsk-r1/3,w,9,2,1,data,ok,7,7,5.3,37.4
mpg,0.0,4,ack-4f,w,2,2,0,ctl,ok,0,0,5.3,37.4
mpg,0.0,4,qpsk-r1/3,w,9,1,0,data,ok,8,8,3.4,37.4
mpg,0.0,4,ack-4f,w,2,2,0,ctl,ok,0,0,0.4,37.4
mpg,0.0,4,qpsk-r1/3,w,9,1,0,data,ok,8,8,3.0,37.4
mpg,0.0,4,ack-4f,w,2,2,0,ctl,ok,0,0,2.8,37.4
mpg,0.0,4,qpsk-r1/3,w,9,1,0,data,ctl_lost,8,2,-0.5,37.4
mpg,0.0,4,ack-4f,w,3,3,0,ctl,ok,0,0,5.1,37.4
mpg,0.0,4,ack-4f,w,3,3,0,ctl,ok,0,0,-4.5,37.4
mpg,0.0,4,qpsk-r1/3,w,9,2,1,data,ok,7,7,2.2,37.4
mpg,0.0,4,ack-4f,w,3,3,0,ctl,ok,0,0,5.3,37.4
mpg,0.0,4,qpsk-r1/3,w,9,2,1,data,ok,7,7,5.1,37.4
mpg,0.0,4,ack-4f,w,2,2,0,ctl,ok,0,0,6.4,37.4
mpg,0.0,4,qpsk-r1/3,w,9,1,0,data,ok,8,8,4.1,37.4
mpg,0.0,4,n4-ack-2f,n4,3,3,0,ctl,ok,0,0,-1.3,37.4
mpg,0.0,4,qpsk-r1/2,w,9,2,1,data,ok,7,5,2.5,37.4
mpg,0.0,4,ack-4f,w,3,3,0,ctl,ok,0,0,6.1,37.4
mpg,0.0,4,qpsk-r1/2,w,9,2,1,data,ok,5,5,4.4,37.4
mpg,0.0,4,ack-4f,w,2,2,0,ctl,ok,0,0,2.3,37.4
mpg,0.0,4,qpsk-r1/3,w,9,1,0,data,ok,8,8,1.2,37.4
mpg,0.0,4,ack-4f,w,2,2,0,ctl,ok,0,0,3.1,37.4
mpg,0.0,4,qpsk-r1/3,w,9,1,0,data,ok,8,8,4.7,37.4
mpg,0.0,4,ack-4f,w,2,2,0,ctl,ok,0,0,3.0,37.4
mpg,0.0,4,qpsk-r1/3,w,9,1,0,data,ok,8,8,5.9,37.4
mpg,0.0,4,ack-4f,w,3,3,0,ctl,ok,0,0,0.9,37.4
mpg,0.0,4,qpsk-r1/2,w,9,2,1,data,ok,7,7,3.6,37.4
mpg,0.0,4,ack-4f,w,2,2,0,ctl,ok,0,0,1.8,37.4
mpg,0.0,4,qpsk-r1/2,w,9,1,0,data,ok,8,8,5.2,37.4
mpg,0.0,4,ack-4f,w,2,2,0,ctl,ok,0,0,8.6,37.4
mpg,0.0,4,qpsk-r1/2,w,9,1,0,data,ok,8,8,5.7,37.4
mpg,0.0,4,ack-4f,w,3,3,0,ctl,ok,0,0,1.5,37.4
mpg,0.0,4,w48-qpsk-r1/3,w48,19,2,1,data,ok,17,17,5.5,37.4
mpg,0.0,6,qpsk-r1/5,w,1,1,0,ctl,ok,0,0,2.4,46.8
mpg,0.0,6,qpsk-r1/5,w,1,1,0,ctl,ok,0,0,3.7,46.8
mpg,0.0,6,ack-4f,w,3,3,0,ctl,ok,0,0,-3.7,46.8
mpg,0.0,6,ack-1f,w,3,3,0,ctl,ok,0,0,1.7,46.8
mpg,0.0,6,qpsk-r1/3,w,9,2,1,data,ok,7,7,3.4,46.8
mpg,0.0,6,ack-1f,w,3,3,0,ctl,ok,0,0,3.0,46.8
mpg,0.0,6,qpsk-r1/3,w,9,2,1,data,ok,7,7,2.7,46.8
mpg,0.0,6,ack-1f,w,3,3,0,ctl,ok,0,0,3.9,46.8
mpg,0.0,6,qpsk-r1/2,w,9,2,1,data,ok,7,7,4.7,46.8
mpg,0.0,6,ack-1f,w,3,3,0,ctl,ctl_lost,0,0,-107.4,46.8
mpg,0.0,6,ack-4f,w,3,3,0,ctl,ok,0,0,-1.2,46.8
mpg,0.0,6,ack-4f,w,2,2,0,ctl,ok,0,0,1.1,46.8
mpg,0.0,6,qpsk-r1/3,w,9,1,0,data,ok,8,8,0.7,46.8
mpg,0.0,6,n10-ack-4f,n10,3,3,0,ctl,ok,0,0,6.0,46.8
mpg,0.0,6,qpsk-r1/3,w,9,2,1,data,ok,7,7,0.8,46.8
mpg,0.0,6,ack-1f,w,3,3,0,ctl,ok,0,0,3.5,46.8
mpg,0.0,6,qpsk-r1/3,w,9,2,1,data,ok,7,7,3.0,46.8
mpg,0.0,6,ack-1f,w,2,2,0,ctl,ok,0,0,-0.2,46.8
mpg,0.0,6,qpsk-r1/3,w,9,1,0,data,ok,8,8,3.7,46.8
mpg,0.0,6,ack-4f,w,3,3,0,ctl,ok,0,0,5.4,46.8
mpg,0.0,6,qpsk-r1/2,w,9,2,1,data,ok,7,7,2.8,46.8
mpg,0.0,6,ack-4f,w,3,3,0,ctl,ok,0,0,-0.2,46.8
mpg,0.0,6,qpsk-r1/2,w,9,2,,data,missed,0,0,,46.8
mpg,0.0,6,ack-4f,w,3,3,0,ctl,ok,0,0,3.8,46.8
mpg,0.0,6,ack-4f,w,3,3,0,ctl,ok,0,0,6.6,46.8
mpg,0.0,6,qpsk-r1/2,w,9,2,1,data,ok,7,4,2.3,46.8
mpg,0.0,6,ack-4f,w,3,3,0,ctl,ok,0,0,4.4,46.8
mpg,0.0,6,qpsk-r1/2,w,9,2,1,data,ok,4,4,5.3,46.8
mpg,0.0,6,n4-ack-2f,n4,3,3,0,ctl,ok,0,0,3.1,46.8
mpg,0.0,6,qpsk-r1/2,w,9,2,1,data,ok,7,7,9.3,46.8
mpg,0.0,6,ack-1f,w,3,3,0,ctl,ok,0,0,3.8,46.8
mpg,0.0,6,16qam-r1/3,w,19,2,1,data,ok,17,13,3.8,46.8
mpg,0.0,6,ack-1f,w,3,3,0,ctl,ok,0,0,2.2,46.8
mpg,0.0,6,16qam-r1/3,w,19,2,1,data,ok,13,4,4.5,46.8
mpg,0.0,6,ack-1f,w,3,3,0,ctl,ok,0,0,2.5,46.8
mpg,0.0,6,qpsk-r1/2,w,9,1,0,data,ok,8,8,4.1,46.8
mpg,0.0,6,ack-1f,w,2,2,0,ctl,ok,0,0,9.8,46.8
mpg,0.0,6,qpsk-r1/2,w,9,1,0,data,ok,8,8,4.3,46.8
mpg,0.0,6,ack-1f,w,2,2,0,ctl,ok,0,0,1.0,46.8
mpg,0.0,6,qpsk-r1/2,w,9,1,0,data,ok,8,8,3.9,46.8
mpg,0.0,6,ack-1f,w,2,2,0,ctl,ok,0,0,2.1,46.8
mpg,0.0,6,qpsk-r1/2,w,9,1,0,data,ok,8,8,4.0,46.8
mpg,0.0,6,ack-4f,w,2,2,0,ctl,ok,0,0,3.2,46.8
mpg,0.0,6,qpsk-r1/2,w,9,1,0,data,ctl_lost,8,8,2.2,46.8
mpg,0.0,6,ack-4f,w,3,3,0,ctl,ok,0,0,1.0,46.8
mpg,0.0,6,ack-4f,w,2,2,0,ctl,ok,0,0,5.9,46.8
mpg,0.0,6,qpsk-r1/3,w,9,1,0,data,ok,8,8,4.6,46.8
mpg,0.0,6,ack-1f,w,3,3,0,ctl,ok,0,0,4.6,46.8
mpg,0.0,6,qpsk-r1/2,w,9,2,1,data,ok,7,7,3.4,46.8
mpg,0.0,6,ack-1f,w,2,2,0,ctl,ok,0,0,2.3,46.8
mpg,0.0,6,qpsk-r1/2,w,9,1,0,data,ok,8,8,5.4,46.8
mpg,0.0,6,ack-1f,w,3,3,0,ctl,ok,0,0,5.7,46.8
mpg,0.0,6,qpsk-r1/2,w,9,2,1,data,ok,7,6,2.0,46.8
mpg,0.0,6,ack-1f,w,3,3,0,ctl,ok,0,0,5.2,46.8
mpg,0.0,6,qpsk-r1/2,w,9,1,0,data,ok,7,7,2.7,46.8
mpg,0.0,6,ack-1f,w,3,3,0,ctl,ok,0,0,1.7,46.8
mpg,0.0,6,qpsk-r1/2,w,9,2,1,data,ok,7,7,1.7,46.8
mpg,0.0,6,ack-1f,w,3,3,0,ctl,ok,0,0,5.4,46.8
mpg,0.0,6,qpsk-r1/2,w,9,2,1,data,ok,7,7,4.4,46.8
mpg,0.0,6,ack-1f,w,3,3,0,ctl,ok,0,0,4.3,46.8
mpg,0.0,6,qpsk-r1/2,w,9,2,1,data,ok,7,0,0.8,46.8
mpg,0.0,6,ack-1f,w,3,3,0,ctl,ok,0,0,4.4,46.8
mpg,0.0,6,qpsk-r1/2,w,9,2,1,data,ok,0,0,5.7,46.8
mpg,0.0,6,ack-1f,w,3,3,0,ctl,ok,0,0,5.4,46.8
mpg,0.0,6,qpsk-r1/2,w,9,2,1,data,ok,7,7,3.3,46.8
mpg,0.0,6,ack-1f,w,2,2,0,ctl,ok,0,0,2.7,46.8
mpg,0.0,6,qpsk-r1/2,w,9,1,0,data,ctl_lost,8,0,2.0,46.8
mpg,0.0,6,ack-4f,w,3,3,0,ctl,ok,0,0,-3.0,46.8
mpg,0.0,6,ack-4f,w,2,2,0,ctl,ok,0,0,-2.9,46.8
mpg,0.0,6,qpsk-r1/3,w,9,1,0,data,ok,8,8,3.5,46.8
mpg,0.0,6,ack-4f,w,2,2,0,ctl,ok,0,0,-0.2,46.8
mpg,0.0,6,qpsk-r1/3,w,9,1,0,data,ok,8,8,0.4,46.8
mpg,0.0,6,ack-4f,w,2,2,0,ctl,ok,0,0,0.9,46.8
mpg,0.0,6,qpsk-r1/3,w,9,1,0,data,ok,8,8,5.3,46.8
mpg,0.0,6,ack-4f,w,2,2,0,ctl,ok,0,0,3.9,46.8
mpg,0.0,6,qpsk-r1/3,w,9,1,0,data,ok,8,8,2.3,46.8
mpg,0.0,6,ack-1f,w,2,2,0,ctl,ok,0,0,5.0,46.8
mpg,0.0,6,qpsk-r1/2,w,9,1,0,data,ok,8,8,7.5,46.8
mpg,0.0,6,ack-1f,w,3,3,0,ctl,ok,0,0,1.1,46.8
mpg,0.0,6,qpsk-r1/2,w,9,2,1,data,ok,7,7,3.9,46.8
mpg,0.0,6,ack-1f,w,2,2,0,ctl,ok,0,0,6.4,46.8
mpg,0.0,6,qpsk-r1/2,w,9,1,0,data,ok,8,8,7.7,46.8
mpg,0.0,6,ack-1f,w,2,2,0,ctl,ok,0,0,0.4,46.8
mpg,0.0,6,qpsk-r1/2,w,9,1,0,data,ok,8,8,3.5,46.8
mpg,0.0,6,ack-1f,w,2,2,0,ctl,ok,0,0,3.4,46.8
mpg,0.0,6,qpsk-r1/2,w,9,1,0,data,ctl_lost,8,0,0.8,46.8
mpg,0.0,6,ack-4f,w,3,3,0,ctl,ok,0,0,0.2,46.8
mpg,0.0,6,ack-4f,w,2,2,0,ctl,ok,0,0,1.6,46.8
mpg,0.0,6,qpsk-r1/3,w,9,1,0,data,ok,8,8,3.4,46.8
mpg,0.0,6,ack-1f,w,2,2,0,ctl,ok,0,0,1.4,46.8
mpg,0.0,6,qpsk-r1/3,w,9,1,0,data,ok,8,8,4.0,46.8
mpg,0.0,6,ack-4f,w,3,3,0,ctl,ok,0,0,2.0,46.8
mpg,0.0,6,qpsk-r1/2,w,9,2,1,data,ok,7,7,5.6,46.8
mpg,0.0,6,ack-1f,w,2,2,0,ctl,ok,0,0,7.2,46.8
mpg,0.0,6,qpsk-r1/2,w,9,1,0,data,ok,8,8,4.1,46.8
mpg,0.0,6,ack-1f,w,2,2,0,ctl,ok,0,0,7.2,46.8
mpg,0.0,6,qpsk-r1/2,w,9,1,0,data,ok,8,8,3.3,46.8
mpg,0.0,7,qpsk-r1/5,w,1,1,0,ctl,ok,0,0,3.3,38.7
mpg,0.0,7,qpsk-r1/5,w,1,1,0,ctl,ok,0,0,5.7,38.7
mpg,0.0,7,ack-4f,w,3,3,0,ctl,ok,0,0,7.1,38.7
mpg,0.0,7,ack-1f,w,3,3,0,ctl,ok,0,0,9.1,38.7
mpg,0.0,7,qpsk-r1/2,w,9,2,1,data,ok,7,0,0.9,38.7
mpg,0.0,7,ack-1f,w,3,3,0,ctl,ok,0,0,4.8,38.7
mpg,0.0,7,qpsk-r1/3,w,9,2,1,data,ok,7,7,4.2,38.7
mpg,0.0,7,ack-1f,w,3,3,0,ctl,ok,0,0,-1.5,38.7
mpg,0.0,7,qpsk-r1/3,w,9,2,1,data,ok,7,6,-1.0,38.7
mpg,0.0,7,ack-4f,w,3,3,0,ctl,ok,0,0,1.4,38.7
mpg,0.0,7,qpsk-r1/3,w,9,2,1,data,ok,6,6,6.3,38.7
mpg,0.0,7,ack-4f,w,2,2,0,ctl,ok,0,0,8.2,38.7
mpg,0.0,7,qpsk-r1/3,w,9,1,0,data,ok,8,8,8.6,38.7
mpg,0.0,7,ack-1f,w,3,3,0,ctl,ok,0,0,3.2,38.7
mpg,0.0,7,w48-qpsk-r1/2,w48,19,2,1,data,ok,17,0,1.6,38.7
mpg,0.0,7,ack-1f,w,3,3,0,ctl,ok,0,0,3.5,38.7
mpg,0.0,7,qpsk-r1/2,w,9,2,1,data,ok,7,2,1.2,38.7
mpg,0.0,7,ack-1f,w,3,3,0,ctl,ok,0,0,5.1,38.7
mpg,0.0,7,qpsk-r1/2,w,9,2,1,data,ok,3,3,1.9,38.7
mpg,0.0,7,ack-1f,w,2,2,0,ctl,ok,0,0,6.1,38.7
mpg,0.0,7,qpsk-r1/3,w,9,1,0,data,ok,8,8,4.1,38.7
mpg,0.0,7,ack-1f,w,2,2,0,ctl,ok,0,0,-0.1,38.7
mpg,0.0,7,qpsk-r1/3,w,9,1,0,data,ok,8,8,7.4,38.7
mpg,0.0,7,ack-1f,w,3,3,0,ctl,ok,0,0,5.7,38.7
mpg,0.0,7,w48-qpsk-r1/2,w48,19,2,1,data,ctl_lost,17,0,-0.3,38.7
mpg,0.0,7,ack-4f,w,3,3,0,ctl,ok,0,0,6.5,38.7
mpg,0.0,7,ack-4f,w,3,3,0,ctl,ok,0,0,3.7,38.7
mpg,0.0,7,qpsk-r1/2,w,9,2,1,data,ok,7,7,2.0,38.7
mpg,0.0,7,ack-1f,w,3,3,0,ctl,ok,0,0,4.5,38.7
mpg,0.0,7,qpsk-r1/2,w,9,2,1,data,ok,7,0,-1.7,38.7
mpg,0.0,7,ack-1f,w,3,3,0,ctl,ctl_lost,0,0,-4.7,38.7
mpg,0.0,7,ack-4f,w,3,3,0,ctl,ok,0,0,0.1,38.7
mpg,0.0,7,ack-4f,w,3,3,0,ctl,ok,0,0,6.6,38.7
mpg,0.0,7,qpsk-r1/3,w,9,2,1,data,ok,7,7,2.0,38.7
mpg,0.0,7,ack-4f,w,3,3,0,ctl,ok,0,0,1.0,38.7
mpg,0.0,7,qpsk-r1/3,w,9,2,1,data,ok,7,7,1.6,38.7
mpg,0.0,7,ack-4f,w,2,2,0,ctl,ok,0,0,-4.7,38.7
mpg,0.0,7,qpsk-r1/3,w,9,1,0,data,ok,8,8,-0.2,38.7
mpg,0.0,7,ack-4f,w,3,3,0,ctl,ok,0,0,-1.8,38.7
mpg,0.0,7,qpsk-r1/3,w,9,2,1,data,ok,7,7,5.3,38.7
mpg,0.0,7,ack-4f,w,2,2,0,ctl,ok,0,0,4.4,38.7
mpg,0.0,7,qpsk-r1/3,w,9,1,0,data,ok,8,8,1.9,38.7
mpg,0.0,7,ack-4f,w,2,2,0,ctl,ok,0,0,1.4,38.7
mpg,0.0,7,qpsk-r1/3,w,9,1,0,data,ok,8,8,3.5,38.7
mpg,0.0,7,ack-4f,w,2,2,0,ctl,ok,0,0,0.8,38.7
mpg,0.0,7,qpsk-r1/3,w,9,1,0,data,ok,8,8,5.3,38.7
mpg,0.0,7,ack-4f,w,3,3,0,ctl,ok,0,0,-3.1,38.7
mpg,0.0,7,qpsk-r1/2,w,9,2,1,data,ok,7,7,3.1,38.7
mpg,0.0,7,ack-4f,w,2,2,0,ctl,ok,0,0,4.0,38.7
mpg,0.0,7,qpsk-r1/2,w,9,1,0,data,ok,8,8,2.4,38.7
mpg,0.0,7,ack-4f,w,3,3,,ctl,missed,0,0,,38.7
mpg,0.0,7,ack-4f,w,3,3,0,ctl,ok,0,0,-7.1,38.7
mpg,0.0,7,ack-4f,w,2,2,,ctl,missed,0,0,,38.7
mpg,0.0,7,ack-4f,w,3,3,0,ctl,ok,0,0,1.1,38.7
mpg,0.0,7,ack-4f,w,3,3,0,ctl,ok,0,0,0.5,38.7
mpg,0.0,7,qpsk-r1/3,w,9,2,1,data,ok,7,7,5.0,38.7
mpg,0.0,7,ack-4f,w,2,2,0,ctl,ok,0,0,5.8,38.7
mpg,0.0,7,qpsk-r1/3,w,9,1,0,data,ok,8,8,1.6,38.7
mpg,0.0,7,ack-4f,w,3,3,0,ctl,ok,0,0,1.8,38.7
mpg,0.0,7,qpsk-r1/2,w,9,2,1,data,ok,7,7,5.6,38.7
mpg,0.0,7,ack-4f,w,3,3,0,ctl,ok,0,0,3.4,38.7
mpg,0.0,7,qpsk-r1/2,w,9,2,1,data,ok,7,7,4.0,38.7
mpg,0.0,7,ack-4f,w,2,2,0,ctl,ok,0,0,5.1,38.7
mpg,0.0,7,qpsk-r1/2,w,9,1,0,data,ok,8,8,4.5,38.7
mpg,0.0,7,n4-ack-2f,n4,2,2,0,ctl,ok,0,0,2.9,38.7
mpg,0.0,7,qpsk-r1/2,w,9,1,0,data,ok,8,8,7.9,38.7
mpg,0.0,7,n4-ack-2f,n4,3,3,0,ctl,ok,0,0,3.5,38.7
mpg,0.0,7,16qam-r1/3,w,19,2,1,data,ok,17,16,4.2,38.7
mpg,0.0,7,ack-1f,w,4,4,0,ctl,ok,0,0,3.9,38.7
mpg,0.0,7,16qam-r1/3,w,19,2,1,data,ok,16,16,4.4,38.7
mpg,0.0,7,ack-1f,w,2,2,0,ctl,ok,0,0,0.0,38.7
mpg,0.0,7,qpsk-r1/2,w,9,1,0,data,ctl_lost,8,2,1.4,38.7
mpg,0.0,7,ack-4f,w,3,3,0,ctl,ok,0,0,2.8,38.7
mpg,0.0,7,ack-4f,w,2,2,0,ctl,ok,0,0,-2.6,38.7
mpg,0.0,7,qpsk-r1/3,w,9,1,0,data,ok,8,8,3.8,38.7
mpg,0.0,7,ack-4f,w,3,3,0,ctl,ok,0,0,3.1,38.7
mpg,0.0,7,qpsk-r1/2,w,9,2,1,data,ok,7,7,3.4,38.7
mpg,0.0,7,ack-4f,w,3,3,0,ctl,ok,0,0,5.8,38.7
mpg,0.0,7,qpsk-r1/2,w,9,2,1,data,ok,7,7,3.3,38.7
mpg,0.0,7,n4-ack-2f,n4,3,3,0,ctl,ok,0,0,-0.5,38.7
mpg,0.0,7,qpsk-r1/2,w,9,2,1,data,ok,7,0,2.5,38.7
mpg,0.0,7,ack-4f,w,2,2,0,ctl,ok,0,0,-1.2,38.7
mpg,0.0,7,qpsk-r1/3,w,9,1,0,data,ok,8,8,4.2,38.7
mpg,0.0,7,ack-4f,w,2,2,0,ctl,ok,0,0,0.4,38.7
mpg,0.0,7,qpsk-r1/3,w,9,1,0,data,ok,8,8,1.2,38.7
mpg,0.0,7,ack-4f,w,2,2,0,ctl,ok,0,0,6.6,38.7
mpg,0.0,7,qpsk-r1/3,w,9,1,0,data,ok,8,8,4.8,38.7
mpg,0.0,7,ack-4f,w,2,2,0,ctl,ok,0,0,6.5,38.7
mpg,0.0,7,qpsk-r1/3,w,9,1,0,data,ok,8,8,4.1,38.7
mpg,0.0,7,ack-1f,w,2,2,0,ctl,ok,0,0,1.7,38.7
mpg,0.0,7,qpsk-r1/2,w,9,1,0,data,ctl_lost,8,0,-0.9,38.7
mpg,0.0,7,ack-4f,w,3,3,0,ctl,ok,0,0,4.0,38.7
mpg,0.0,7,ack-4f,w,2,2,0,ctl,ok,0,0,5.4,38.7
mpg,0.0,7,qpsk-r1/3,w,9,1,0,data,ok,8,8,2.8,38.7
mpg,0.0,7,ack-1f,w,2,2,0,ctl,ok,0,0,6.6,38.7
mpg,0.0,7,qpsk-r1/3,w,9,1,0,data,ok,8,8,4.1,38.7
mpg,0.0,2,qpsk-r1/5,w,1,1,0,ctl,ok,0,0,2.3,40.4
mpg,0.0,2,qpsk-r1/5,w,1,1,0,ctl,ok,0,0,3.8,40.4
mpg,0.0,2,ack-4f,w,3,3,0,ctl,ok,0,0,2.5,40.4
mpg,0.0,2,ack-1f,w,3,3,0,ctl,ok,0,0,1.5,40.4
mpg,0.0,2,qpsk-r1/2,w,9,2,1,data,ok,7,0,-0.8,40.4
mpg,0.0,2,ack-1f,w,3,3,0,ctl,ok,0,0,-4.1,40.4
mpg,0.0,2,qpsk-r1/3,w,9,2,1,data,ok,7,7,5.2,40.4
mpg,0.0,2,ack-4f,w,3,3,0,ctl,ok,0,0,7.5,40.4
mpg,0.0,2,qpsk-r1/3,w,9,2,1,data,ok,7,7,2.4,40.4
mpg,0.0,2,ack-1f,w,3,3,,ctl,missed,0,0,,40.4
mpg,0.0,2,ack-4f,w,3,3,0,ctl,ok,0,0,-0.5,40.4
mpg,0.0,2,ack-4f,w,3,3,0,ctl,ok,0,0,6.5,40.4
mpg,0.0,2,qpsk-r1/3,w,9,2,1,data,ok,7,7,5.0,40.4
mpg,0.0,2,ack-1f,w,2,2,0,ctl,ok,0,0,7.1,40.4
mpg,0.0,2,qpsk-r1/3,w,9,1,0,data,ok,8,8,3.5,40.4
mpg,0.0,2,ack-1f,w,3,3,0,ctl,ok,0,0,6.0,40.4
mpg,0.0,2,qpsk-r1/2,w,9,2,1,data,ok,7,3,1.3,40.4
mpg,0.0,2,ack-1f,w,3,3,0,ctl,ok,0,0,6.4,40.4
mpg,0.0,2,qpsk-r1/2,w,9,2,1,data,ok,3,0,4.7,40.4
mpg,0.0,2,ack-1f,w,2,2,0,ctl,ok,0,0,0.9,40.4
mpg,0.0,2,qpsk-r1/3,w,9,1,0,data,ok,8,8,2.3,40.4
mpg,0.0,2,ack-1f,w,2,2,0,ctl,ok,0,0,1.3,40.4
mpg,0.0,2,qpsk-r1/3,w,9,1,0,data,ok,8,8,1.7,40.4
mpg,0.0,2,ack-1f,w,3,3,0,ctl,ok,0,0,-0.5,40.4
mpg,0.0,2,qpsk-r1/3,w,9,2,1,data,ok,7,7,3.4,40.4
mpg,0.0,2,ack-1f,w,2,2,0,ctl,ctl_lost,0,0,-10.0,40.4
mpg,0.0,2,ack-4f,w,3,3,0,ctl,ok,0,0,1.3,40.4
mpg,0.0,2,ack-4f,w,2,2,0,ctl,ok,0,0,5.7,40.4
mpg,0.0,2,qpsk-r1/3,w,9,1,0,data,ok,8,8,0.2,40.4
mpg,0.0,2,ack-4f,w,3,3,0,ctl,ok,0,0,3.8,40.4
mpg,0.0,2,qpsk-r1/3,w,9,2,1,data,ok,7,7,6.0,40.4
mpg,0.0,2,ack-4f,w,2,2,0,ctl,ok,0,0,1.6,40.4
mpg,0.0,2,qpsk-r1/3,w,9,1,0,data,ok,8,8,3.7,40.4
mpg,0.0,2,ack-4f,w,2,2,0,ctl,ok,0,0,-0.5,40.4
mpg,0.0,2,qpsk-r1/2,w,9,1,0,data,ok,8,8,7.5,40.4
mpg,0.0,2,ack-4f,w,3,3,0,ctl,ok,0,0,5.2,40.4
mpg,0.0,2,w48-qpsk-r1/5,w48,19,2,1,data,ok,17,17,2.9,40.4
mpg,0.0,2,ack-4f,w,3,3,0,ctl,ok,0,0,7.4,40.4
mpg,0.0,2,w48-qpsk-r1/5,w48,19,2,1,data,ok,17,17,3.8,40.4
mpg,0.0,2,ack-1f,w,3,3,0,ctl,ok,0,0,5.5,40.4
mpg,0.0,2,w48-qpsk-r1/5,w48,19,2,1,data,ok,17,17,4.0,40.4
mpg,0.0,2,ack-1f,w,3,3,0,ctl,ok,0,0,3.4,40.4
mpg,0.0,2,w48-qpsk-r1/3,w48,19,2,1,data,ok,17,17,2.4,40.4
mpg,0.0,2,ack-1f,w,3,3,0,ctl,ok,0,0,1.7,40.4
mpg,0.0,2,w48-qpsk-r1/5,w48,19,2,1,data,ok,17,0,-1.2,40.4
mpg,0.0,2,ack-1f,w,3,3,0,ctl,ok,0,0,-1.8,40.4
mpg,0.0,2,w48-qpsk-r1/5,w48,19,2,1,data,ok,0,0,2.6,40.4
mpg,0.0,2,ack-4f,w,3,3,0,ctl,ok,0,0,2.0,40.4
mpg,0.0,2,w48-qpsk-r1/5,w48,19,2,1,data,ok,17,17,1.1,40.4
mpg,0.0,2,ack-4f,w,3,3,0,ctl,ok,0,0,4.3,40.4
mpg,0.0,2,w48-qpsk-r1/5,w48,19,2,1,data,ok,17,17,0.5,40.4
mpg,0.0,2,ack-1f,w,3,3,0,ctl,ctl_lost,0,0,-5.3,40.4
mpg,0.0,2,ack-4f,w,3,3,0,ctl,ok,0,0,-1.8,40.4
mpg,0.0,2,ack-4f,w,3,3,0,ctl,ok,0,0,1.3,40.4
mpg,0.0,2,w48-qpsk-r1/5,w48,19,2,1,data,ok,17,17,1.2,40.4
mpg,0.0,2,ack-4f,w,3,3,0,ctl,ok,0,0,-1.3,40.4
mpg,0.0,2,w48-qpsk-r1/5,w48,19,2,1,data,ok,17,17,0.1,40.4
mpg,0.0,2,ack-4f,w,3,3,0,ctl,ok,0,0,-3.6,40.4
mpg,0.0,2,w48-qpsk-r1/5,w48,19,2,1,data,ok,17,17,1.9,40.4
mpg,0.0,2,ack-4f,w,2,2,0,ctl,ok,0,0,0.8,40.4
mpg,0.0,2,w48-qpsk-r1/5,w48,19,1,0,data,ok,18,18,5.1,40.4
mpg,0.0,2,ack-4f,w,3,3,0,ctl,ok,0,0,0.5,40.4
mpg,0.0,2,w48-qpsk-r1/3,w48,19,2,1,data,ok,17,17,2.7,40.4
mpg,0.0,2,ack-4f,w,3,3,0,ctl,ok,0,0,0.9,40.4
mpg,0.0,2,w48-qpsk-r1/3,w48,19,2,1,data,ok,17,0,0.8,40.4
mpg,0.0,2,ack-4f,w,2,2,0,ctl,ok,0,0,4.9,40.4
mpg,0.0,2,w48-qpsk-r1/5,w48,19,1,0,data,ok,18,18,2.9,40.4
mpg,0.0,2,ack-4f,w,2,2,0,ctl,ok,0,0,3.8,40.4
mpg,0.0,2,w48-qpsk-r1/5,w48,19,1,0,data,ok,18,18,1.3,40.4
mpg,0.0,2,ack-4f,w,2,2,0,ctl,ok,0,0,2.9,40.4
mpg,0.0,2,w48-qpsk-r1/5,w48,19,1,0,data,ok,18,18,1.6,40.4
mpg,0.0,2,ack-4f,w,2,2,0,ctl,ok,0,0,1.3,40.4
mpg,0.0,2,w48-qpsk-r1/5,w48,19,1,0,data,ctl_lost,18,2,-1.1,40.4
mpg,0.0,2,ack-4f,w,3,3,0,ctl,ok,0,0,3.2,40.4
mpg,0.0,2,ack-4f,w,3,3,0,ctl,ok,0,0,6.1,40.4
mpg,0.0,2,w48-qpsk-r1/5,w48,19,2,1,data,ok,17,17,0.5,40.4
mpg,0.0,2,ack-4f,w,3,3,0,ctl,ok,0,0,3.2,40.4
mpg,0.0,2,w48-qpsk-r1/5,w48,19,2,1,data,ok,17,17,4.8,40.4
mpg,0.0,2,ack-4f,w,3,3,0,ctl,ok,0,0,1.6,40.4
mpg,0.0,2,w48-qpsk-r1/3,w48,19,2,1,data,ok,17,0,2.2,40.4
mpg,0.0,2,ack-4f,w,2,2,0,ctl,ok,0,0,6.0,40.4
mpg,0.0,2,w48-qpsk-r1/5,w48,19,1,0,data,ok,18,18,3.0,40.4
mpg,0.0,2,ack-4f,w,2,2,0,ctl,ok,0,0,8.9,40.4
mpg,0.0,2,w48-qpsk-r1/5,w48,19,1,0,data,ok,18,18,3.5,40.4
mpg,0.0,2,ack-1f,w,3,3,0,ctl,ctl_lost,0,0,-5.0,40.4
mpg,0.0,2,ack-4f,w,3,3,0,ctl,ok,0,0,7.6,40.4
mpg,0.0,2,ack-4f,w,3,3,0,ctl,ok,0,0,7.0,40.4
mpg,0.0,2,w48-qpsk-r1/3,w48,19,2,1,data,ok,17,0,0.7,40.4
mpg,0.0,2,ack-4f,w,2,2,0,ctl,ok,0,0,1.2,40.4
mpg,0.0,2,w48-qpsk-r1/5,w48,19,1,0,data,ok,18,18,0.6,40.4
mpg,0.0,2,ack-4f,w,2,2,0,ctl,ok,0,0,0.8,40.4
mpg,0.0,2,w48-qpsk-r1/5,w48,19,1,,data,missed,0,0,,40.4
mpg,0.0,2,ack-4f,w,3,3,0,ctl,ok,0,0,5.9,40.4
mpg,0.0,2,ack-4f,w,2,2,0,ctl,ok,0,0,1.5,40.4
mpg,0.0,2,w48-qpsk-r1/5,w48,19,1,0,data,ok,18,18,1.1,40.4
mpg,0.0,5,qpsk-r1/5,w,1,1,0,ctl,ok,0,0,4.6,43.8
mpg,0.0,5,qpsk-r1/5,w,1,1,0,ctl,ok,0,0,6.3,43.8
mpg,0.0,5,ack-4f,w,3,3,0,ctl,ok,0,0,3.6,43.8
mpg,0.0,5,ack-1f,w,2,2,0,ctl,ctl_lost,0,0,-5.1,43.8
mpg,0.0,5,ack-4f,w,3,3,0,ctl,ok,0,0,3.0,43.8
mpg,0.0,5,ack-4f,w,3,3,0,ctl,ok,0,0,0.4,43.8
mpg,0.0,5,w48-qpsk-r1/5,w48,19,2,1,data,ok,17,17,3.6,43.8
mpg,0.0,5,ack-4f,w,3,3,0,ctl,ok,0,0,5.9,43.8
mpg,0.0,5,qpsk-r1/2,w,9,2,1,data,ok,7,7,4.1,43.8
mpg,0.0,5,ack-1f,w,3,3,0,ctl,ok,0,0,2.2,43.8
mpg,0.0,5,qpsk-r1/2,w,9,2,1,data,ok,7,0,1.3,43.8
mpg,0.0,5,ack-1f,w,3,3,0,ctl,ok,0,0,4.6,43.8
mpg,0.0,5,w48-qpsk-r1/5,w48,19,2,1,data,ok,17,17,2.4,43.8
mpg,0.0,5,ack-1f,w,3,3,0,ctl,ok,0,0,6.3,43.8
mpg,0.0,5,w48-qpsk-r1/5,w48,19,2,1,data,ok,17,17,3.8,43.8
mpg,0.0,5,ack-1f,w,2,2,0,ctl,ok,0,0,3.8,43.8
mpg,0.0,5,w48-qpsk-r1/5,w48,19,1,0,data,ok,18,10,-0.5,43.8
mpg,0.0,5,ack-1f,w,4,4,0,ctl,ok,0,0,5.1,43.8
mpg,0.0,5,w48-qpsk-r1/5,w48,19,2,1,data,ok,9,9,3.2,43.8
mpg,0.0,5,ack-1f,w,3,3,0,ctl,ok,0,0,2.9,43.8
mpg,0.0,5,w48-qpsk-r1/5,w48,19,2,1,data,ok,17,17,2.2,43.8
mpg,0.0,5,ack-1f,w,3,3,0,ctl,ok,0,0,3.2,43.8
mpg,0.0,5,w48-qpsk-r1/5,w48,19,2,1,data,ok,17,16,-0.4,43.8
mpg,0.0,5,ack-1f,w,3,3,0,ctl,ok,0,0,1.9,43.8
mpg,0.0,5,w48-qpsk-r1/5,w48,19,2,1,data,ok,16,16,0.5,43.8
mpg,0.0,5,ack-1f,w,3,3,0,ctl,ok,0,0,1.4,43.8
mpg,0.0,5,w48-qpsk-r1/5,w48,19,2,1,data,ok,17,0,-2.3,43.8
mpg,0.0,5,ack-1f,w,3,3,0,ctl,ok,0,0,2.2,43.8
mpg,0.0,5,w48-qpsk-r1/5,w48,19,2,1,data,ok,0,0,3.5,43.8
mpg,0.0,5,ack-1f,w,2,2,0,ctl,ok,0,0,1.7,43.8
mpg,0.0,5,w48-qpsk-r1/5,w48,19,1,0,data,ok,18,17,-0.9,43.8
mpg,0.0,5,ack-1f,w,2,2,0,ctl,ctl_lost,0,0,-2.7,43.8
mpg,0.0,5,ack-4f,w,3,3,0,ctl,ok,0,0,-4.2,43.8
mpg,0.0,5,ack-4f,w,3,3,0,ctl,ok,0,0,3.2,43.8
mpg,0.0,5,w48-qpsk-r1/5,w48,19,2,1,data,ok,17,17,1.9,43.8
mpg,0.0,5,ack-4f,w,3,3,0,ctl,ok,0,0,5.2,43.8
mpg,0.0,5,w48-qpsk-r1/5,w48,19,2,1,data,ok,17,17,1.8,43.8
mpg,0.0,5,ack-1f,w,2,2,0,ctl,ok,0,0,2.6,43.8
mpg,0.0,5,w48-qpsk-r1/5,w48,19,1,0,data,ok,18,18,1.9,43.8
mpg,0.0,5,ack-1f,w,2,2,0,ctl,ctl_lost,0,0,0.3,43.8
mpg,0.0,5,ack-4f,w,3,3,0,ctl,ok,0,0,0.6,43.8
mpg,0.0,5,ack-4f,w,2,2,0,ctl,ok,0,0,2.9,43.8
mpg,0.0,5,w48-qpsk-r1/5,w48,19,1,0,data,ctl_lost,18,10,-1.2,43.8
mpg,0.0,5,ack-4f,w,3,3,0,ctl,ok,0,0,4.5,43.8
mpg,0.0,5,ack-4f,w,3,3,0,ctl,ok,0,0,4.4,43.8
mpg,0.0,5,w48-qpsk-r1/5,w48,19,2,1,data,ok,17,17,1.9,43.8
mpg,0.0,5,ack-4f,w,3,3,0,ctl,ok,0,0,5.3,43.8
mpg,0.0,5,w48-qpsk-r1/5,w48,19,2,1,data,ok,17,17,2.5,43.8
mpg,0.0,5,ack-1f,w,2,2,0,ctl,ok,0,0,4.8,43.8
mpg,0.0,5,w48-qpsk-r1/5,w48,19,1,0,data,ok,18,18,4.1,43.8
mpg,0.0,5,ack-1f,w,3,3,0,ctl,ok,0,0,8.2,43.8
mpg,0.0,5,w48-qpsk-r1/3,w48,19,2,1,data,ok,17,4,2.1,43.8
mpg,0.0,5,ack-1f,w,3,3,0,ctl,ctl_lost,0,0,-5.7,43.8
mpg,0.0,5,ack-4f,w,3,3,0,ctl,ok,0,0,5.8,43.8
mpg,0.0,5,ack-4f,w,3,3,0,ctl,ok,0,0,9.6,43.8
mpg,0.0,5,w48-qpsk-r1/5,w48,19,1,0,data,ok,18,18,3.0,43.8
mpg,0.0,5,ack-4f,w,3,3,0,ctl,ok,0,0,6.6,43.8
mpg,0.0,5,qpsk-r1/2,w,9,2,1,data,ok,7,7,3.4,43.8
mpg,0.0,5,ack-1f,w,2,2,0,ctl,ctl_lost,0,0,-8.1,43.8
mpg,0.0,5,ack-4f,w,3,3,0,ctl,ok,0,0,-1.0,43.8
mpg,0.0,5,ack-4f,w,3,3,0,ctl,ok,0,0,4.1,43.8
mpg,0.0,5,w48-qpsk-r1/5,w48,19,2,1,data,ok,17,17,2.7,43.8
mpg,0.0,5,ack-4f,w,2,2,0,ctl,ok,0,0,2.3,43.8
mpg,0.0,5,w48-qpsk-r1/5,w48,19,1,0,data,ok,18,18,0.9,43.8
mpg,0.0,5,ack-4f,w,2,2,0,ctl,ok,0,0,-1.0,43.8
mpg,0.0,5,w48-qpsk-r1/5,w48,19,1,0,data,ok,18,18,1.1,43.8
mpg,0.0,5,ack-4f,w,2,2,0,ctl,ok,0,0,3.8,43.8
mpg,0.0,5,w48-qpsk-r1/5,w48,19,1,0,data,ok,18,18,1.8,43.8
mpg,0.0,5,ack-4f,w,2,2,0,ctl,ok,0,0,-8.3,43.8
mpg,0.0,5,w48-qpsk-r1/5,w48,19,1,0,data,ok,18,18,0.6,43.8
mpg,0.0,5,ack-4f,w,2,2,0,ctl,ok,0,0,3.6,43.8
mpg,0.0,5,w48-qpsk-r1/5,w48,19,1,0,data,ok,18,18,4.2,43.8
mpg,0.0,5,ack-4f,w,2,2,0,ctl,ok,0,0,4.9,43.8
mpg,0.0,5,w48-qpsk-r1/5,w48,19,1,0,data,ok,18,18,3.5,43.8
mpg,0.0,5,ack-4f,w,3,3,0,ctl,ok,0,0,-0.9,43.8
mpg,0.0,5,w48-qpsk-r1/3,w48,19,2,1,data,ok,17,0,0.2,43.8
mpg,0.0,5,ack-4f,w,2,2,0,ctl,ok,0,0,6.4,43.8
mpg,0.0,5,w48-qpsk-r1/5,w48,19,1,0,data,ok,18,18,2.7,43.8
mpg,0.0,5,ack-4f,w,2,2,0,ctl,ok,0,0,5.4,43.8
mpg,0.0,5,w48-qpsk-r1/5,w48,19,1,0,data,ok,18,18,1.9,43.8
mpg,0.0,5,n4-ack-2f,n4,2,2,0,ctl,ok,0,0,2.6,43.8
mpg,0.0,5,w48-qpsk-r1/5,w48,19,1,0,data,ok,18,18,4.2,43.8
mpg,0.0,5,n4-ack-2f,n4,2,2,0,ctl,ok,0,0,0.8,43.8
mpg,0.0,5,w48-qpsk-r1/5,w48,19,1,0,data,ok,18,18,1.5,43.8
mpg,0.0,5,n4-ack-2f,n4,2,2,0,ctl,ok,0,0,5.3,43.8
mpg,0.0,5,w48-qpsk-r1/5,w48,19,1,0,data,ok,18,18,4.7,43.8
mpg,0.0,5,n4-ack-2f,n4,3,3,0,ctl,ok,0,0,6.3,43.8
mpg,0.0,5,w48-qpsk-r1/3,w48,19,2,1,data,ctl_lost,17,0,-3.0,43.8
mpg,0.0,5,ack-4f,w,3,3,0,ctl,ok,0,0,-1.1,43.8
mpg,0.0,5,ack-4f,w,3,3,0,ctl,ok,0,0,0.7,43.8
mpg,0.0,5,w48-qpsk-r1/5,w48,19,2,1,data,ok,17,17,2.3,43.8
mpg,0.0,5,ack-4f,w,2,2,,ctl,missed,0,0,,43.8
mpg,0.0,5,ack-4f,w,4,4,0,ctl,ok,0,0,0.9,43.8
mpg,0.0,5,ack-4f,w,2,2,0,ctl,ok,0,0,3.9,43.8
mpg,0.0,5,w48-qpsk-r1/5,w48,19,1,0,data,ok,18,18,3.0,43.8
mpg,0.0,5,ack-4f,w,2,2,0,ctl,ok,0,0,5.8,43.8
mpg,0.0,5,w48-qpsk-r1/5,w48,19,1,0,data,ctl_lost,18,0,-2.0,43.8
mpg,0.0,3,qpsk-r1/5,w,1,1,0,ctl,ok,0,0,5.0,34.9
mpg,0.0,3,qpsk-r1/5,w,1,1,0,ctl,ok,0,0,3.2,34.9
mpg,0.0,3,ack-4f,w,3,3,0,ctl,ok,0,0,-2.8,34.9
mpg,0.0,3,ack-4f,w,3,3,0,ctl,ok,0,0,3.7,34.9
mpg,0.0,3,qpsk-r1/3,w,9,2,1,data,ok,7,7,1.8,34.9
mpg,0.0,3,ack-1f,w,3,3,0,ctl,ok,0,0,3.0,34.9
mpg,0.0,3,qpsk-r1/3,w,9,2,1,data,ok,7,7,5.4,34.9
mpg,0.0,3,ack-1f,w,2,2,0,ctl,ok,0,0,7.0,34.9
mpg,0.0,3,qpsk-r1/3,w,9,1,0,data,ok,8,8,3.7,34.9
mpg,0.0,3,ack-1f,w,2,2,0,ctl,ok,0,0,-2.0,34.9
mpg,0.0,3,qpsk-r1/2,w,9,1,0,data,ok,8,8,3.8,34.9
mpg,0.0,3,ack-1f,w,3,3,0,ctl,ok,0,0,1.6,34.9
mpg,0.0,3,qpsk-r1/2,w,9,2,1,data,ok,7,7,6.3,34.9
mpg,0.0,3,ack-4f,w,3,3,0,ctl,ok,0,0,2.0,34.9
mpg,0.0,3,qpsk-r1/2,w,9,2,1,data,ok,7,1,1.6,34.9
mpg,0.0,3,ack-1f,w,3,3,0,ctl,ok,0,0,1.9,34.9
mpg,0.0,3,qpsk-r1/2,w,9,2,1,data,ok,1,1,3.4,34.9
mpg,0.0,3,ack-4f,w,3,3,0,ctl,ok,0,0,-2.6,34.9
mpg,0.0,3,qpsk-r1/3,w,9,2,1,data,ok,7,7,1.9,34.9
mpg,0.0,3,ack-4f,w,3,3,0,ctl,ok,0,0,3.4,34.9
mpg,0.0,3,qpsk-r1/2,w,9,2,1,data,ok,7,7,5.2,34.9
mpg,0.0,3,ack-1f,w,3,3,0,ctl,ok,0,0,1.5,34.9
mpg,0.0,3,qpsk-r1/2,w,9,2,1,data,ok,7,0,-0.1,34.9
mpg,0.0,3,ack-1f,w,3,3,0,ctl,ok,0,0,5.1,34.9
mpg,0.0,3,qpsk-r1/3,w,9,2,1,data,ok,7,0,-1.4,34.9
mpg,0.0,3,ack-1f,w,3,3,0,ctl,ok,0,0,3.0,34.9
mpg,0.0,3,qpsk-r1/3,w,9,2,1,data,ok,0,0,0.9,34.9
mpg,0.0,3,ack-1f,w,3,3,0,ctl,ok,0,0,1.4,34.9
mpg,0.0,3,qpsk-r1/3,w,9,2,1,data,ok,7,7,0.2,34.9
mpg,0.0,3,ack-1f,w,2,2,0,ctl,ok,0,0,3.3,34.9
mpg,0.0,3,qpsk-r1/3,w,9,1,0,data,ok,8,8,4.5,34.9
mpg,0.0,3,ack-1f,w,2,2,0,ctl,ok,0,0,6.2,34.9
mpg,0.0,3,qpsk-r1/3,w,9,1,0,data,ok,8,8,3.3,34.9
mpg,0.0,3,ack-1f,w,2,2,0,ctl,ok,0,0,6.4,34.9
mpg,0.0,3,qpsk-r1/2,w,9,1,0,data,ok,8,8,6.2,34.9
mpg,0.0,3,ack-1f,w,2,2,0,ctl,ok,0,0,-2.4,34.9
mpg,0.0,3,qpsk-r1/2,w,9,1,,data,missed,0,0,,34.9
mpg,0.0,3,ack-4f,w,3,3,0,ctl,ok,0,0,7.2,34.9
mpg,0.0,3,ack-4f,w,3,3,0,ctl,ok,0,0,4.4,34.9
mpg,0.0,3,w48-qpsk-r1/2,w48,19,2,1,data,ok,17,0,3.6,34.9
mpg,0.0,3,ack-1f,w,2,2,0,ctl,ok,0,0,4.6,34.9
mpg,0.0,3,qpsk-r1/2,w,9,1,0,data,ok,8,8,6.2,34.9
mpg,0.0,3,ack-1f,w,3,3,0,ctl,ok,0,0,4.4,34.9
mpg,0.0,3,w48-qpsk-r1/3,w48,19,2,1,data,ok,17,17,5.5,34.9
mpg,0.0,3,ack-1f,w,3,3,0,ctl,ok,0,0,3.4,34.9
mpg,0.0,3,w48-qpsk-r1/2,w48,19,2,1,data,ok,17,1,4.1,34.9
mpg,0.0,3,ack-1f,w,4,4,0,ctl,ok,0,0,5.1,34.9
mpg,0.0,3,w48-qpsk-r1/3,w48,19,2,1,data,ok,17,0,0.0,34.9
mpg,0.0,3,ack-1f,w,2,2,0,ctl,ok,0,0,3.8,34.9
mpg,0.0,3,qpsk-r1/3,w,9,1,0,data,ok,8,8,6.2,34.9
mpg,0.0,3,ack-1f,w,3,3,0,ctl,ok,0,0,1.1,34.9
mpg,0.0,3,qpsk-r1/2,w,9,2,1,data,ok,7,0,0.7,34.9
mpg,0.0,3,ack-1f,w,2,2,0,ctl,ok,0,0,4.3,34.9
mpg,0.0,3,qpsk-r1/3,w,9,1,0,data,ok,8,8,0.4,34.9
mpg,0.0,3,ack-1f,w,2,2,0,ctl,ok,0,0,1.6,34.9
mpg,0.0,3,qpsk-r1/3,w,9,1,0,data,ok,8,8,1.9,34.9
mpg,0.0,3,ack-1f,w,2,2,0,ctl,ok,0,0,2.2,34.9
mpg,0.0,3,qpsk-r1/3,w,9,1,0,data,ctl_lost,8,5,-1.2,34.9
mpg,0.0,3,ack-4f,w,3,3,0,ctl,ok,0,0,-0.9,34.9
mpg,0.0,3,ack-4f,w,3,3,0,ctl,ok,0,0,2.6,34.9
mpg,0.0,3,qpsk-r1/3,w,9,2,1,data,ok,7,7,0.6,34.9
mpg,0.0,3,ack-1f,w,3,3,0,ctl,ok,0,0,1.7,34.9
mpg,0.0,3,qpsk-r1/3,w,9,2,1,data,ok,7,0,-1.0,34.9
mpg,0.0,3,ack-1f,w,3,3,0,ctl,ok,0,0,6.4,34.9
mpg,0.0,3,qpsk-r1/3,w,9,2,1,data,ok,0,0,4.7,34.9
mpg,0.0,3,ack-1f,w,2,2,0,ctl,ok,0,0,0.1,34.9
mpg,0.0,3,qpsk-r1/3,w,9,1,0,data,ok,8,8,3.5,34.9
mpg,0.0,3,ack-1f,w,2,2,0,ctl,ok,0,0,6.3,34.9
mpg,0.0,3,qpsk-r1/2,w,9,1,0,data,ok,8,8,2.7,34.9
mpg,0.0,3,ack-1f,w,2,2,0,ctl,ok,0,0,6.4,34.9
mpg,0.0,3,qpsk-r1/2,w,9,1,0,data,ctl_lost,8,0,1.2,34.9
mpg,0.0,3,ack-4f,w,3,3,0,ctl,ok,0,0,6.4,34.9
mpg,0.0,3,ack-4f,w,2,2,0,ctl,ok,0,0,3.0,34.9
mpg,0.0,3,qpsk-r1/3,w,9,1,0,data,ok,8,8,3.0,34.9
mpg,0.0,3,ack-1f,w,3,3,0,ctl,ok,0,0,1.3,34.9
mpg,0.0,3,qpsk-r1/2,w,9,2,1,data,ok,7,0,0.8,34.9
mpg,0.0,3,ack-1f,w,2,2,0,ctl,ok,0,0,1.0,34.9
mpg,0.0,3,qpsk-r1/3,w,9,1,,data,missed,0,0,,34.9
mpg,0.0,3,ack-4f,w,4,4,0,ctl,ok,0,0,10.0,34.9
mpg,0.0,3,ack-4f,w,3,3,0,ctl,ok,0,0,8.6,34.9
mpg,0.0,3,w48-qpsk-r1/3,w48,19,2,1,data,ok,17,17,2.9,34.9
mpg,0.0,3,ack-1f,w,3,3,0,ctl,ok,0,0,6.9,34.9
mpg,0.0,3,w48-qpsk-r1/3,w48,19,2,1,data,ok,17,17,2.6,34.9
mpg,0.0,3,ack-1f,w,3,3,0,ctl,ctl_lost,0,0,-2.8,34.9
mpg,0.0,3,ack-4f,w,3,3,0,ctl,ok,0,0,-0.1,34.9
mpg,0.0,3,ack-4f,w,3,3,0,ctl,ok,0,0,-1.3,34.9
mpg,0.0,3,w48-qpsk-r1/5,w48,19,2,1,data,ok,17,17,4.0,34.9
mpg,0.0,3,ack-4f,w,3,3,0,ctl,ok,0,0,7.6,34.9
mpg,0.0,3,w48-qpsk-r1/3,w48,19,2,1,data,ok,17,0,0.7,34.9
mpg,0.0,3,ack-1f,w,3,3,0,ctl,ok,0,0,-0.7,34.9
mpg,0.0,3,w48-qpsk-r1/5,w48,19,2,1,data,ok,17,17,-0.3,34.9
mpg,0.0,3,ack-1f,w,3,3,0,ctl,ok,0,0,-0.7,34.9
mpg,0.0,3,w48-qpsk-r1/5,w48,19,2,1,data,ok,17,17,3.1,34.9
mpg,0.0,3,ack-4f,w,3,3,0,ctl,ok,0,0,1.7,34.9
mpg,0.0,3,w48-qpsk-r1/5,w48,19,2,1,data,ctl_lost,17,0,-4.2,34.9
mpg,0.0,11,qpsk-r1/5,w,1,1,0,ctl,ok,0,0,6.8,41.2
mpg,0.0,11,qpsk-r1/5,w,1,1,0,ctl,ok,0,0,5.0,41.2
mpg,0.0,11,ack-4f,w,3,3,0,ctl,ok,0,0,-3.3,41.2
mpg,0.0,11,ack-1f,w,3,3,0,ctl,ok,0,0,1.1,41.2
mpg,0.0,11,w48-qpsk-r1/5,w48,19,2,1,data,ok,17,17,1.2,41.2
mpg,0.0,11,ack-1f,w,3,3,0,ctl,ok,0,0,1.9,41.2
mpg,0.0,11,w48-qpsk-r1/5,w48,19,2,1,data,ok,17,17,3.3,41.2
mpg,0.0,11,ack-1f,w,3,3,0,ctl,ok,0,0,4.9,41.2
mpg,0.0,11,w48-qpsk-r1/5,w48,19,2,1,data,ok,17,17,3.4,41.2
mpg,0.0,11,ack-1f,w,2,2,0,ctl,ok,0,0,7.5,41.2
mpg,0.0,11,w48-qpsk-r1/5,w48,19,1,0,data,ok,18,18,4.5,41.2
mpg,0.0,11,ack-1f,w,3,3,0,ctl,ok,0,0,4.9,41.2
mpg,0.0,11,w48-qpsk-r1/3,w48,19,2,1,data,ok,17,16,1.8,41.2
mpg,0.0,11,ack-1f,w,3,3,0,ctl,ctl_lost,0,0,-5.7,41.2
mpg,0.0,11,ack-4f,w,3,3,0,ctl,ok,0,0,-1.7,41.2
mpg,0.0,11,ack-4f,w,3,3,0,ctl,ok,0,0,-4.3,41.2
mpg,0.0,11,w48-qpsk-r1/5,w48,19,2,1,data,ok,17,0,-1.0,41.2
mpg,0.0,11,polar-k96-f4,w,1,1,0,ctl,ok,0,0,4.7,41.2
mpg,0.0,11,w48-qpsk-r1/5,w48,19,2,1,data,ok,0,0,2.9,41.2
mpg,0.0,11,ack-4f,w,2,2,0,ctl,ok,0,0,6.7,41.2
mpg,0.0,11,w48-qpsk-r1/5,w48,19,1,0,data,ctl_lost,18,0,-5.2,41.2
mpg,0.0,11,ack-4f,w,3,3,0,ctl,ok,0,0,1.8,41.2
mpg,0.0,11,ack-4f,w,3,3,0,ctl,ok,0,0,0.2,41.2
mpg,0.0,11,w48-qpsk-r1/5,w48,19,2,1,data,ok,17,17,0.4,41.2
mpg,0.0,11,ack-4f,w,3,3,0,ctl,ok,0,0,6.0,41.2
mpg,0.0,11,w48-qpsk-r1/5,w48,19,2,1,data,ok,17,17,3.5,41.2
mpg,0.0,11,ack-4f,w,3,3,0,ctl,ok,0,0,-1.8,41.2
mpg,0.0,11,w48-qpsk-r1/5,w48,19,2,,data,missed,0,0,,41.2
mpg,0.0,11,ack-4f,w,3,3,0,ctl,ok,0,0,2.0,41.2
mpg,0.0,11,ack-4f,w,2,2,0,ctl,ok,0,0,0.2,41.2
mpg,0.0,11,w48-qpsk-r1/5,w48,19,1,0,data,ok,18,18,0.2,41.2
mpg,0.0,11,ack-4f,w,3,3,0,ctl,ok,0,0,4.0,41.2
mpg,0.0,11,w48-qpsk-r1/5,w48,19,2,1,data,ok,17,6,-1.0,41.2
mpg,0.0,11,ack-4f,w,4,4,0,ctl,ok,0,0,6.0,41.2
mpg,0.0,11,w48-qpsk-r1/5,w48,19,2,1,data,ok,6,6,1.3,41.2
mpg,0.0,11,n4-ack-2f,n4,2,2,0,ctl,ok,0,0,3.3,41.2
mpg,0.0,11,w48-qpsk-r1/5,w48,19,1,0,data,ok,18,12,-0.2,41.2
mpg,0.0,11,ack-1f,w,3,3,0,ctl,ok,0,0,6.5,41.2
mpg,0.0,11,w48-qpsk-r1/5,w48,19,1,0,data,ok,12,12,3.2,41.2
mpg,0.0,11,ack-1f,w,2,2,0,ctl,ok,0,0,6.2,41.2
mpg,0.0,11,w48-qpsk-r1/5,w48,19,1,0,data,ok,18,18,0.7,41.2
mpg,0.0,11,ack-1f,w,2,2,0,ctl,ctl_lost,0,0,-1.3,41.2
mpg,0.0,11,ack-4f,w,3,3,0,ctl,ok,0,0,2.9,41.2
mpg,0.0,11,ack-4f,w,2,2,0,ctl,ok,0,0,3.1,41.2
mpg,0.0,11,w48-qpsk-r1/5,w48,19,1,0,data,ok,18,18,5.0,41.2
mpg,0.0,11,ack-4f,w,2,2,0,ctl,ok,0,0,1.2,41.2
mpg,0.0,11,w48-qpsk-r1/5,w48,19,1,0,data,ok,18,7,-0.6,41.2
mpg,0.0,11,ack-4f,w,3,3,0,ctl,ok,0,0,-2.9,41.2
mpg,0.0,11,w48-qpsk-r1/5,w48,19,1,0,data,ok,7,7,2.8,41.2
mpg,0.0,11,ack-4f,w,2,2,0,ctl,ok,0,0,4.6,41.2
mpg,0.0,11,w48-qpsk-r1/5,w48,19,1,0,data,ok,18,18,0.8,41.2
mpg,0.0,11,ack-4f,w,2,2,0,ctl,ok,0,0,-2.7,41.2
mpg,0.0,11,w48-qpsk-r1/5,w48,19,1,0,data,ok,18,18,2.1,41.2
mpg,0.0,11,ack-4f,w,2,2,0,ctl,ok,0,0,5.6,41.2
mpg,0.0,11,w48-qpsk-r1/5,w48,19,1,0,data,ok,18,18,1.8,41.2
mpg,0.0,11,ack-4f,w,2,2,0,ctl,ok,0,0,7.5,41.2
mpg,0.0,11,w48-qpsk-r1/5,w48,19,1,0,data,ok,18,18,2.3,41.2
mpg,0.0,11,ack-1f,w,2,2,0,ctl,ok,0,0,2.0,41.2
mpg,0.0,11,w48-qpsk-r1/5,w48,19,1,0,data,ok,18,18,1.1,41.2
mpg,0.0,11,ack-4f,w,2,2,0,ctl,ok,0,0,2.5,41.2
mpg,0.0,11,w48-qpsk-r1/5,w48,19,1,0,data,ok,18,18,2.5,41.2
mpg,0.0,11,ack-4f,w,2,2,0,ctl,ok,0,0,6.4,41.2
mpg,0.0,11,w48-qpsk-r1/5,w48,19,1,0,data,ok,18,18,4.2,41.2
mpg,0.0,11,ack-4f,w,3,3,0,ctl,ok,0,0,1.0,41.2
mpg,0.0,11,w48-qpsk-r1/3,w48,19,2,1,data,ok,17,0,-1.0,41.2
mpg,0.0,11,ack-4f,w,2,2,0,ctl,ok,0,0,4.4,41.2
mpg,0.0,11,w48-qpsk-r1/5,w48,19,1,0,data,ok,18,18,1.2,41.2
mpg,0.0,11,ack-4f,w,2,2,0,ctl,ok,0,0,0.2,41.2
mpg,0.0,11,w48-qpsk-r1/5,w48,19,1,0,data,ok,18,18,1.4,41.2
mpg,0.0,11,ack-4f,w,2,2,0,ctl,ok,0,0,0.3,41.2
mpg,0.0,11,w48-qpsk-r1/5,w48,19,1,0,data,ctl_lost,18,2,-0.9,41.2
mpg,0.0,11,ack-4f,w,3,3,0,ctl,ok,0,0,2.4,41.2
mpg,0.0,11,ack-4f,w,3,3,0,ctl,ok,0,0,0.2,41.2
mpg,0.0,11,w48-qpsk-r1/5,w48,19,2,1,data,ok,17,17,0.8,41.2
mpg,0.0,11,ack-4f,w,3,3,0,ctl,ok,0,0,-4.2,41.2
mpg,0.0,11,w48-qpsk-r1/5,w48,19,2,1,data,ok,17,17,3.1,41.2
mpg,0.0,11,ack-4f,w,2,2,0,ctl,ok,0,0,0.2,41.2
mpg,0.0,11,w48-qpsk-r1/5,w48,19,1,0,data,ctl_lost,18,1,0.7,41.2
mpg,0.0,11,ack-4f,w,3,3,0,ctl,ok,0,0,-5.2,41.2
mpg,0.0,11,ack-4f,w,3,3,0,ctl,ok,0,0,2.1,41.2
mpg,0.0,11,w48-qpsk-r1/5,w48,19,2,1,data,ok,17,17,1.7,41.2
mpg,0.0,11,ack-4f,w,3,3,0,ctl,ok,0,0,-5.5,41.2
mpg,0.0,11,w48-qpsk-r1/5,w48,19,2,,data,missed,0,0,,41.2
mpg,0.0,11,ack-4f,w,3,3,0,ctl,ok,0,0,-0.1,41.2
mpg,0.0,11,ack-4f,w,3,3,0,ctl,ok,0,0,0.4,41.2
mpg,0.0,11,w48-qpsk-r1/5,w48,19,2,1,data,ok,17,17,1.0,41.2
mpg,0.0,11,ack-4f,w,3,3,0,ctl,ok,0,0,-1.1,41.2
mpg,0.0,11,w48-qpsk-r1/5,w48,19,2,1,data,ok,17,17,0.5,41.2
mpg,0.0,11,ack-4f,w,2,2,0,ctl,ok,0,0,-1.8,41.2
mpg,0.0,11,w48-qpsk-r1/5,w48,19,1,0,data,ok,18,18,3.0,41.2
mpg,0.0,11,ack-4f,w,2,2,0,ctl,ok,0,0,2.4,41.2
mpg,0.0,11,w48-qpsk-r1/5,w48,19,1,0,data,ctl_lost,18,0,-6.3,41.2
mpg,0.0,8,qpsk-r1/5,w,1,1,0,ctl,ok,0,0,3.8,40.8
mpg,0.0,8,qpsk-r1/5,w,1,1,0,ctl,ok,0,0,2.7,40.8
mpg,0.0,8,ack-4f,w,3,3,0,ctl,ok,0,0,0.2,40.8
mpg,0.0,8,ack-4f,w,3,3,0,ctl,ok,0,0,5.6,40.8
mpg,0.0,8,qpsk-r1/3,w,9,2,1,data,ok,7,7,1.2,40.8
mpg,0.0,8,ack-1f,w,3,3,0,ctl,ok,0,0,-2.2,40.8
mpg,0.0,8,qpsk-r1/3,w,9,2,1,data,ok,7,7,1.1,40.8
mpg,0.0,8,ack-4f,w,3,3,0,ctl,ok,0,0,-2.5,40.8
mpg,0.0,8,qpsk-r1/3,w,9,2,1,data,ok,7,7,3.7,40.8
mpg,0.0,8,ack-4f,w,2,2,0,ctl,ok,0,0,9.5,40.8
mpg,0.0,8,qpsk-r1/3,w,9,1,0,data,ok,8,8,5.5,40.8
mpg,0.0,8,ack-1f,w,2,2,0,ctl,ok,0,0,3.4,40.8
mpg,0.0,8,qpsk-r1/3,w,9,1,0,data,ok,8,8,5.8,40.8
mpg,0.0,8,ack-1f,w,3,3,0,ctl,ok,0,0,5.4,40.8
mpg,0.0,8,qpsk-r1/2,w,9,2,1,data,ok,7,7,4.3,40.8
mpg,0.0,8,ack-1f,w,2,2,0,ctl,ok,0,0,1.9,40.8
mpg,0.0,8,qpsk-r1/2,w,9,1,0,data,ctl_lost,8,0,-0.9,40.8
mpg,0.0,8,ack-4f,w,3,3,0,ctl,ok,0,0,5.8,40.8
mpg,0.0,8,ack-4f,w,3,3,0,ctl,ok,0,0,4.2,40.8
mpg,0.0,8,qpsk-r1/3,w,9,2,1,data,ok,7,7,1.7,40.8
mpg,0.0,8,ack-1f,w,3,3,0,ctl,ok,0,0,0.6,40.8
mpg,0.0,8,qpsk-r1/3,w,9,2,1,data,ok,7,7,4.1,40.8
mpg,0.0,8,ack-4f,w,2,2,0,ctl,ok,0,0,5.9,40.8
mpg,0.0,8,qpsk-r1/3,w,9,1,0,data,ctl_lost,8,0,-1.2,40.8
mpg,0.0,8,ack-4f,w,3,3,0,ctl,ok,0,0,3.2,40.8
mpg,0.0,8,ack-4f,w,3,3,0,ctl,ok,0,0,5.0,40.8
mpg,0.0,8,qpsk-r1/3,w,9,2,1,data,ok,7,7,3.3,40.8
mpg,0.0,8,ack-1f,w,3,3,0,ctl,ok,0,0,3.0,40.8
mpg,0.0,8,qpsk-r1/3,w,9,2,1,data,ok,7,7,6.7,40.8
mpg,0.0,8,ack-1f,w,3,3,0,ctl,ok,0,0,10.4,40.8
mpg,0.0,8,w48-qpsk-r1/3,w48,19,2,1,data,ok,17,17,4.8,40.8
mpg,0.0,8,ack-1f,w,3,3,0,ctl,ok,0,0,3.3,40.8
mpg,0.0,8,w48-qpsk-r1/3,w48,19,2,1,data,ok,17,15,2.1,40.8
mpg,0.0,8,ack-1f,w,3,3,0,ctl,ok,0,0,4.6,40.8
mpg,0.0,8,w48-qpsk-r1/3,w48,19,2,1,data,ok,15,0,0.0,40.8
mpg,0.0,8,ack-1f,w,3,3,0,ctl,ok,0,0,-6.4,40.8
mpg,0.0,8,w48-qpsk-r1/5,w48,19,2,1,data,ok,17,17,1.8,40.8
mpg,0.0,8,ack-4f,w,3,3,0,ctl,ok,0,0,-2.0,40.8
mpg,0.0,8,w48-qpsk-r1/5,w48,19,2,1,data,ok,17,17,5.3,40.8
mpg,0.0,8,ack-4f,w,3,3,0,ctl,ok,0,0,0.8,40.8
mpg,0.0,8,w48-qpsk-r1/3,w48,19,2,1,data,ok,17,1,3.3,40.8
mpg,0.0,8,ack-4f,w,3,3,0,ctl,ok,0,0,6.4,40.8
mpg,0.0,8,w48-qpsk-r1/3,w48,19,1,0,data,ok,2,2,2.1,40.8
mpg,0.0,8,ack-1f,w,3,3,0,ctl,ok,0,0,3.4,40.8
mpg,0.0,8,w48-qpsk-r1/5,w48,19,2,1,data,ok,17,17,4.0,40.8
mpg,0.0,8,ack-1f,w,3,3,0,ctl,ok,0,0,6.5,40.8
mpg,0.0,8,w48-qpsk-r1/3,w48,19,2,1,data,ok,17,17,4.2,40.8
mpg,0.0,8,ack-1f,w,3,3,0,ctl,ok,0,0,5.3,40.8
mpg,0.0,8,w48-qpsk-r1/3,w48,19,2,1,data,ok,17,0,0.7,40.8
mpg,0.0,8,ack-1f,w,3,3,0,ctl,ok,0,0,3.5,40.8
mpg,0.0,8,w48-qpsk-r1/5,w48,19,2,1,data,ok,17,17,3.3,40.8
mpg,0.0,8,ack-1f,w,2,2,0,ctl,ok,0,0,6.9,40.8
mpg,0.0,8,w48-qpsk-r1/5,w48,19,1,0,data,ok,18,18,0.9,40.8
mpg,0.0,8,ack-1f,w,3,3,0,ctl,ok,0,0,0.2,40.8
mpg,0.0,8,w48-qpsk-r1/5,w48,19,2,1,data,ok,17,17,-0.1,40.8
mpg,0.0,8,ack-1f,w,3,3,0,ctl,ok,0,0,2.4,40.8
mpg,0.0,8,w48-qpsk-r1/5,w48,19,2,1,data,ok,17,17,2.7,40.8
mpg,0.0,8,ack-1f,w,2,2,0,ctl,ctl_lost,0,0,-1.2,40.8
mpg,0.0,8,ack-4f,w,3,3,0,ctl,ok,0,0,5.1,40.8
mpg,0.0,8,ack-4f,w,2,2,0,ctl,ok,0,0,4.8,40.8
mpg,0.0,8,w48-qpsk-r1/5,w48,19,1,0,data,ctl_lost,18,0,-1.4,40.8
mpg,0.0,8,ack-4f,w,3,3,0,ctl,ok,0,0,5.6,40.8
mpg,0.0,8,ack-4f,w,3,3,0,ctl,ok,0,0,6.0,40.8
mpg,0.0,8,w48-qpsk-r1/5,w48,19,2,1,data,ok,17,17,0.2,40.8
mpg,0.0,8,ack-1f,w,3,3,0,ctl,ok,0,0,-0.1,40.8
mpg,0.0,8,w48-qpsk-r1/5,w48,19,2,1,data,ok,17,17,3.0,40.8
mpg,0.0,8,ack-4f,w,3,3,0,ctl,ok,0,0,4.1,40.8
mpg,0.0,8,w48-qpsk-r1/5,w48,19,2,1,data,ok,17,17,2.3,40.8
mpg,0.0,8,ack-4f,w,3,3,0,ctl,ok,0,0,5.8,40.8
mpg,0.0,8,w48-qpsk-r1/5,w48,19,2,1,data,ok,17,17,2.3,40.8
mpg,0.0,8,ack-1f,w,3,3,0,ctl,ok,0,0,4.6,40.8
mpg,0.0,8,w48-qpsk-r1/5,w48,19,2,1,data,ok,17,0,-2.1,40.8
mpg,0.0,8,ack-1f,w,3,3,0,ctl,ctl_lost,0,0,-4.8,40.8
mpg,0.0,8,ack-4f,w,3,3,0,ctl,ok,0,0,0.5,40.8
mpg,0.0,8,ack-4f,w,3,3,0,ctl,ok,0,0,-2.5,40.8
mpg,0.0,8,w48-qpsk-r1/5,w48,19,2,1,data,ok,17,17,-0.1,40.8
mpg,0.0,8,ack-4f,w,3,3,0,ctl,ok,0,0,2.7,40.8
mpg,0.0,8,w48-qpsk-r1/5,w48,19,2,1,data,ok,17,17,3.1,40.8
mpg,0.0,8,ack-4f,w,2,2,0,ctl,ok,0,0,2.5,40.8
mpg,0.0,8,w48-qpsk-r1/5,w48,19,1,0,data,ok,18,18,1.8,40.8
mpg,0.0,8,ack-4f,w,2,2,0,ctl,ok,0,0,5.1,40.8
mpg,0.0,8,w48-qpsk-r1/5,w48,19,1,0,data,ctl_lost,18,0,-2.1,40.8
mpg,0.0,8,ack-4f,w,3,3,0,ctl,ok,0,0,-2.9,40.8
mpg,0.0,8,ack-4f,w,3,3,0,ctl,ok,0,0,0.8,40.8
mpg,0.0,8,qpsk-r1/3,w,9,2,1,data,ok,7,7,2.4,40.8
mpg,0.0,8,ack-4f,w,3,3,0,ctl,ok,0,0,-0.2,40.8
mpg,0.0,8,qpsk-r1/3,w,9,2,1,data,ok,7,7,5.3,40.8
mpg,0.0,8,ack-4f,w,3,3,0,ctl,ok,0,0,5.7,40.8
mpg,0.0,8,w48-qpsk-r1/5,w48,19,2,1,data,ok,17,17,2.0,40.8
mpg,0.0,8,ack-4f,w,3,3,0,ctl,ok,0,0,-5.5,40.8
mpg,0.0,8,w48-qpsk-r1/5,w48,19,2,1,data,ok,17,17,2.6,40.8
mpg,0.0,8,ack-4f,w,2,2,0,ctl,ok,0,0,-1.5,40.8
mpg,0.0,8,w48-qpsk-r1/5,w48,19,1,0,data,ok,18,18,4.3,40.8
mpg,8.0,1,qpsk-r1/5,w,1,1,0,ctl,ok,0,0,11.8,170.4
mpg,8.0,1,qpsk-r1/5,w,1,1,0,ctl,ok,0,0,8.3,170.4
mpg,8.0,1,ack-4f,w,2,2,0,ctl,ok,0,0,6.1,170.4
mpg,8.0,1,ack-1f,w,3,3,0,ctl,ok,0,0,11.6,170.4
mpg,8.0,1,w48-qpsk-r1/2,w48,19,2,1,data,ok,17,17,10.8,170.4
mpg,8.0,1,ack-1f,w,3,3,0,ctl,ok,0,0,12.8,170.4
mpg,8.0,1,w48-16qam-r1/3,w48,19,2,1,data,ok,17,17,10.4,170.4
mpg,8.0,1,ack-1f,w,3,3,0,ctl,ok,0,0,14.7,170.4
mpg,8.0,1,w48-16qam-r1/3,w48,19,2,1,data,ok,17,17,9.6,170.4
mpg,8.0,1,ack-1f,w,2,2,0,ctl,ok,0,0,13.3,170.4
mpg,8.0,1,w48-16qam-r1/3,w48,19,1,0,data,ok,18,18,9.3,170.4
mpg,8.0,1,ack-1f,w,3,3,0,ctl,ok,0,0,7.1,170.4
mpg,8.0,1,w48-16qam-r1/3,w48,19,2,1,data,ok,17,17,8.9,170.4
mpg,8.0,1,ack-1f,w,2,2,0,ctl,ok,0,0,12.0,170.4
mpg,8.0,1,w48-16qam-r1/3,w48,19,1,0,data,ok,18,17,9.2,170.4
mpg,8.0,1,ack-1f,w,4,4,0,ctl,ok,0,0,12.2,170.4
mpg,8.0,1,w48-16qam-r1/3,w48,19,2,1,data,ok,16,16,9.2,170.4
mpg,8.0,1,ack-1f,w,2,2,0,ctl,ok,0,0,11.3,170.4
mpg,8.0,1,w48-16qam-r1/3,w48,19,1,0,data,ok,18,18,9.9,170.4
mpg,8.0,1,ack-1f,w,2,2,0,ctl,ok,0,0,9.1,170.4
mpg,8.0,1,w48-16qam-r1/3,w48,19,1,0,data,ok,18,18,7.3,170.4
mpg,8.0,1,ack-1f,w,2,2,0,ctl,ok,0,0,8.5,170.4
mpg,8.0,1,w48-16qam-r1/3,w48,19,1,0,data,ok,18,18,8.6,170.4
mpg,8.0,1,ack-1f,w,3,3,0,ctl,ok,0,0,6.8,170.4
mpg,8.0,1,w48-16qam-r1/3,w48,19,2,1,data,ok,17,0,3.1,170.4
mpg,8.0,1,ack-1f,w,3,3,0,ctl,ok,0,0,2.4,170.4
mpg,8.0,1,w48-qpsk-r1/3,w48,19,2,1,data,ok,17,17,8.3,170.4
mpg,8.0,1,ack-1f,w,3,3,0,ctl,ok,0,0,7.7,170.4
mpg,8.0,1,w48-qpsk-r1/2,w48,19,2,1,data,ok,17,17,10.0,170.4
mpg,8.0,1,ack-1f,w,2,2,0,ctl,ok,0,0,9.2,170.4
mpg,8.0,1,w48-16qam-r1/3,w48,19,1,0,data,ok,18,18,9.1,170.4
mpg,8.0,1,ack-1f,w,2,2,0,ctl,ok,0,0,14.2,170.4
mpg,8.0,1,w48-16qam-r1/3,w48,19,1,0,data,ok,18,18,7.9,170.4
mpg,8.0,1,ack-1f,w,2,2,0,ctl,ok,0,0,10.7,170.4
mpg,8.0,1,w48-16qam-r1/3,w48,19,1,0,data,ok,18,18,8.8,170.4
mpg,8.0,1,ack-1f,w,2,2,0,ctl,ok,0,0,13.2,170.4
mpg,8.0,1,w48-16qam-r1/3,w48,19,1,0,data,ok,18,18,12.3,170.4
mpg,8.0,1,ack-1f,w,2,2,0,ctl,ok,0,0,12.8,170.4
mpg,8.0,1,w48-16qam-r1/3,w48,19,1,0,data,ok,18,18,9.7,170.4
mpg,8.0,1,ack-1f,w,2,2,0,ctl,ok,0,0,11.6,170.4
mpg,8.0,1,w48-16qam-r1/3,w48,19,1,0,data,ok,18,17,7.7,170.4
mpg,8.0,1,ack-1f,w,3,3,0,ctl,ok,0,0,11.5,170.4
mpg,8.0,1,w48-16qam-r1/3,w48,19,1,0,data,ok,17,17,9.0,170.4
mpg,8.0,1,ack-1f,w,2,2,0,ctl,ok,0,0,10.1,170.4
mpg,8.0,1,w48-16qam-r1/3,w48,19,1,0,data,ok,18,18,9.2,170.4
mpg,8.0,1,ack-1f,w,2,2,0,ctl,ok,0,0,14.2,170.4
mpg,8.0,1,w48-16qam-r1/3,w48,19,1,0,data,ok,18,18,9.8,170.4
mpg,8.0,1,ack-1f,w,2,2,0,ctl,ok,0,0,11.4,170.4
mpg,8.0,1,w48-16qam-r1/3,w48,19,1,0,data,ok,18,18,10.5,170.4
mpg,8.0,1,ack-1f,w,2,2,0,ctl,ok,0,0,15.4,170.4
mpg,8.0,1,w48-16qam-r1/3,w48,19,1,0,data,ok,18,18,11.1,170.4
mpg,8.0,1,ack-1f,w,2,2,0,ctl,ok,0,0,10.7,170.4
mpg,8.0,1,w48-16qam-r1/3,w48,19,1,0,data,ok,18,18,7.9,170.4
mpg,8.0,1,ack-1f,w,2,2,0,ctl,ok,0,0,11.4,170.4
mpg,8.0,1,w48-16qam-r1/3,w48,19,1,0,data,ok,18,18,10.6,170.4
mpg,8.0,1,ack-1f,w,2,2,0,ctl,ok,0,0,6.0,170.4
mpg,8.0,1,w48-16qam-r1/3,w48,19,1,0,data,ok,18,18,8.5,170.4
mpg,8.0,1,ack-1f,w,2,2,0,ctl,ok,0,0,10.8,170.4
mpg,8.0,1,w48-16qam-r1/3,w48,19,1,0,data,ok,18,18,8.4,170.4
mpg,8.0,1,ack-1f,w,2,2,0,ctl,ok,0,0,7.6,170.4
mpg,8.0,1,w48-16qam-r1/3,w48,19,1,0,data,ctl_lost,18,0,5.3,170.4
mpg,8.0,1,ack-4f,w,3,3,0,ctl,ok,0,0,7.3,170.4
mpg,8.0,1,ack-4f,w,3,3,0,ctl,ok,0,0,12.1,170.4
mpg,8.0,1,w48-qpsk-r1/2,w48,19,2,1,data,ok,17,17,11.6,170.4
mpg,8.0,1,ack-1f,w,2,2,0,ctl,ok,0,0,14.4,170.4
mpg,8.0,1,w48-16qam-r1/3,w48,19,1,0,data,ok,18,18,12.6,170.4
mpg,8.0,1,ack-1f,w,2,2,0,ctl,ok,0,0,8.1,170.4
mpg,8.0,1,w48-16qam-r1/3,w48,19,1,0,data,ok,18,18,13.3,170.4
mpg,8.0,1,ack-1f,w,2,2,0,ctl,ok,0,0,12.1,170.4
mpg,8.0,1,w48-16qam-r1/3,w48,19,1,0,data,ok,18,18,10.1,170.4
mpg,8.0,1,ack-1f,w,2,2,0,ctl,ok,0,0,14.7,170.4
mpg,8.0,1,w48-16qam-r1/3,w48,19,1,0,data,ok,18,18,11.1,170.4
mpg,8.0,1,ack-1f,w,2,2,0,ctl,ok,0,0,7.6,170.4
mpg,8.0,1,w48-16qam-r1/3,w48,19,1,0,data,ok,18,18,8.7,170.4
mpg,8.0,1,ack-1f,w,2,2,0,ctl,ok,0,0,2.6,170.4
mpg,8.0,1,w48-16qam-r1/3,w48,19,1,0,data,ctl_lost,18,0,4.6,170.4
mpg,8.0,1,ack-4f,w,3,3,0,ctl,ok,0,0,11.7,170.4
mpg,8.0,1,ack-4f,w,3,3,0,ctl,ok,0,0,10.3,170.4
mpg,8.0,1,w48-qpsk-r1/2,w48,19,2,1,data,ok,17,17,7.8,170.4
mpg,8.0,1,ack-1f,w,2,2,0,ctl,ok,0,0,15.4,170.4
mpg,8.0,1,w48-qpsk-r1/2,w48,19,1,0,data,ok,18,18,7.8,170.4
mpg,8.0,1,ack-1f,w,2,2,0,ctl,ok,0,0,10.6,170.4
mpg,8.0,1,w48-qpsk-r1/2,w48,19,1,0,data,ok,18,18,10.1,170.4
mpg,8.0,1,ack-1f,w,2,2,0,ctl,ok,0,0,12.3,170.4
mpg,8.0,1,w48-qpsk-r1/2,w48,19,1,0,data,ok,18,18,9.8,170.4
mpg,8.0,1,ack-1f,w,3,3,0,ctl,ok,0,0,11.2,170.4
mpg,8.0,1,w48-16qam-r1/3,w48,19,2,1,data,ok,17,17,9.6,170.4
mpg,8.0,1,ack-1f,w,2,2,0,ctl,ok,0,0,13.6,170.4
mpg,8.0,1,w48-16qam-r1/3,w48,19,1,0,data,ok,18,10,6.8,170.4
mpg,8.0,1,ack-1f,w,4,4,0,ctl,ok,0,0,12.1,170.4
mpg,8.0,1,w48-16qam-r1/3,w48,19,2,1,data,ok,9,9,8.3,170.4
mpg,8.0,1,ack-1f,w,2,2,0,ctl,ok,0,0,8.6,170.4
mpg,8.0,1,w48-qpsk-r1/2,w48,19,1,0,data,ctl_lost,18,0,3.1,170.4
mpg,8.0,0,qpsk-r1/5,w,1,1,0,ctl,ok,0,0,11.5,153.4
mpg,8.0,0,qpsk-r1/5,w,1,1,0,ctl,ok,0,0,13.0,153.4
mpg,8.0,0,ack-4f,w,2,2,0,ctl,ok,0,0,14.1,153.4
mpg,8.0,0,ack-1f,w,2,2,0,ctl,ok,0,0,10.9,153.4
mpg,8.0,0,w48-16qam-r1/3,w48,19,1,0,data,ctl_lost,18,0,4.8,153.4
mpg,8.0,0,ack-4f,w,2,2,0,ctl,ok,0,0,4.9,153.4
mpg,8.0,0,ack-4f,w,3,3,0,ctl,ok,0,0,6.5,153.4
mpg,8.0,0,w48-qpsk-r1/3,w48,19,2,1,data,ok,17,17,12.1,153.4
mpg,8.0,0,ack-1f,w,2,2,0,ctl,ok,0,0,14.6,153.4
mpg,8.0,0,w48-qpsk-r1/2,w48,19,1,0,data,ok,18,18,6.8,153.4
mpg,8.0,0,ack-1f,w,2,2,0,ctl,ok,0,0,7.8,153.4
mpg,8.0,0,w48-qpsk-r1/2,w48,19,1,0,data,ok,18,18,8.1,153.4
mpg,8.0,0,ack-1f,w,2,2,0,ctl,ok,0,0,14.0,153.4
mpg,8.0,0,w48-qpsk-r1/2,w48,19,1,0,data,ok,18,18,10.1,153.4
mpg,8.0,0,ack-1f,w,2,2,0,ctl,ok,0,0,5.8,153.4
mpg,8.0,0,w48-qpsk-r1/2,w48,19,1,0,data,ok,18,18,12.1,153.4
mpg,8.0,0,ack-1f,w,3,3,0,ctl,ok,0,0,4.6,153.4
mpg,8.0,0,w48-16qam-r1/3,w48,19,2,1,data,ok,17,17,9.1,153.4
mpg,8.0,0,ack-1f,w,2,2,0,ctl,ok,0,0,2.5,153.4
mpg,8.0,0,w48-qpsk-r1/2,w48,19,1,0,data,ok,18,18,9.5,153.4
mpg,8.0,0,ack-1f,w,2,2,0,ctl,ok,0,0,17.9,153.4
mpg,8.0,0,w48-qpsk-r1/2,w48,19,1,0,data,ok,18,18,12.2,153.4
mpg,8.0,0,ack-1f,w,3,3,0,ctl,ok,0,0,7.5,153.4
mpg,8.0,0,w48-16qam-r1/3,w48,19,2,1,data,ok,17,17,9.5,153.4
mpg,8.0,0,ack-1f,w,3,3,0,ctl,ok,0,0,10.1,153.4
mpg,8.0,0,w48-16qam-r1/3,w48,19,2,1,data,ok,17,17,10.8,153.4
mpg,8.0,0,ack-1f,w,3,3,0,ctl,ok,0,0,2.1,153.4
mpg,8.0,0,w48-16qam-r1/3,w48,19,2,1,data,ok,17,17,11.0,153.4
mpg,8.0,0,ack-1f,w,3,3,0,ctl,ok,0,0,12.1,153.4
mpg,8.0,0,w48-16qam-r1/3,w48,19,2,1,data,ok,17,17,8.0,153.4
mpg,8.0,0,ack-1f,w,3,3,0,ctl,ok,0,0,11.0,153.4
mpg,8.0,0,w48-16qam-r1/3,w48,19,2,1,data,ok,17,17,10.4,153.4
mpg,8.0,0,ack-1f,w,3,3,0,ctl,ok,0,0,7.2,153.4
mpg,8.0,0,w48-16qam-r1/3,w48,19,2,1,data,ok,17,17,12.6,153.4
mpg,8.0,0,ack-1f,w,2,2,0,ctl,ok,0,0,13.6,153.4
mpg,8.0,0,w48-16qam-r1/3,w48,19,1,0,data,ok,18,18,9.4,153.4
mpg,8.0,0,ack-1f,w,2,2,0,ctl,ok,0,0,13.6,153.4
mpg,8.0,0,w48-16qam-r1/3,w48,19,1,0,data,ok,18,18,11.0,153.4
mpg,8.0,0,ack-1f,w,2,2,0,ctl,ok,0,0,17.0,153.4
mpg,8.0,0,w48-16qam-r1/3,w48,19,1,0,data,ok,18,18,9.9,153.4
mpg,8.0,0,ack-1f,w,2,2,0,ctl,ok,0,0,6.5,153.4
mpg,8.0,0,w48-16qam-r1/3,w48,19,1,0,data,ok,18,18,11.1,153.4
mpg,8.0,0,ack-1f,w,2,2,0,ctl,ok,0,0,18.0,153.4
mpg,8.0,0,w48-16qam-r1/3,w48,19,1,0,data,ok,18,18,10.5,153.4
mpg,8.0,0,ack-1f,w,2,2,0,ctl,ok,0,0,16.2,153.4
mpg,8.0,0,w48-16qam-r1/3,w48,19,1,0,data,ok,18,17,7.2,153.4
mpg,8.0,0,ack-1f,w,3,3,0,ctl,ok,0,0,11.8,153.4
mpg,8.0,0,w48-16qam-r1/3,w48,19,2,1,data,ok,16,7,6.8,153.4
mpg,8.0,0,ack-1f,w,3,3,0,ctl,ok,0,0,7.3,153.4
mpg,8.0,0,w48-qpsk-r1/2,w48,19,1,0,data,ok,18,18,10.6,153.4
mpg,8.0,0,ack-1f,w,3,3,0,ctl,ok,0,0,11.7,153.4
mpg,8.0,0,w48-16qam-r1/3,w48,19,2,1,data,ok,17,17,13.6,153.4
mpg,8.0,0,ack-1f,w,3,3,0,ctl,ok,0,0,16.8,153.4
mpg,8.0,0,w48-16qam-r1/2,w48,19,2,1,data,ok,17,0,9.1,153.4
mpg,8.0,0,ack-1f,w,2,2,0,ctl,ok,0,0,6.8,153.4
mpg,8.0,0,w48-16qam-r1/3,w48,19,1,0,data,ok,18,18,10.6,153.4
mpg,8.0,0,ack-1f,w,2,2,0,ctl,ok,0,0,11.8,153.4
mpg,8.0,0,w48-16qam-r1/3,w48,19,1,0,data,ok,18,18,11.9,153.4
mpg,8.0,0,ack-1f,w,3,3,0,ctl,ok,0,0,13.8,153.4
mpg,8.0,0,w48-16qam-r1/2,w48,19,2,1,data,ok,17,0,9.1,153.4
mpg,8.0,0,ack-1f,w,2,2,0,ctl,ok,0,0,5.1,153.4
mpg,8.0,0,w48-16qam-r1/3,w48,19,1,0,data,ok,18,18,11.6,153.4
mpg,8.0,0,ack-1f,w,2,2,0,ctl,ok,0,0,11.6,153.4
mpg,8.0,0,w48-16qam-r1/3,w48,19,1,0,data,ok,18,18,9.3,153.4
mpg,8.0,0,ack-1f,w,2,2,0,ctl,ok,0,0,1.0,153.4
mpg,8.0,0,w48-16qam-r1/3,w48,19,1,0,data,ok,18,18,10.1,153.4
mpg,8.0,0,ack-1f,w,2,2,0,ctl,ok,0,0,8.6,153.4
mpg,8.0,0,w48-16qam-r1/3,w48,19,1,0,data,ctl_lost,18,0,5.0,153.4
mpg,8.0,0,ack-4f,w,3,3,0,ctl,ok,0,0,6.6,153.4
mpg,8.0,0,ack-4f,w,3,3,0,ctl,ok,0,0,6.6,153.4
mpg,8.0,0,w48-qpsk-r1/2,w48,19,2,1,data,ok,17,17,10.3,153.4
mpg,8.0,0,ack-1f,w,2,2,0,ctl,ok,0,0,15.9,153.4
mpg,8.0,0,w48-16qam-r1/3,w48,19,1,0,data,ok,18,18,9.2,153.4
mpg,8.0,0,ack-1f,w,2,2,0,ctl,ok,0,0,16.2,153.4
mpg,8.0,0,w48-16qam-r1/3,w48,19,1,0,data,ok,18,18,12.7,153.4
mpg,8.0,0,ack-1f,w,2,2,0,ctl,ok,0,0,17.5,153.4
mpg,8.0,0,w48-16qam-r1/3,w48,19,1,0,data,ok,18,18,12.1,153.4
mpg,8.0,0,ack-1f,w,3,3,0,ctl,ok,0,0,10.8,153.4
mpg,8.0,0,w48-16qam-r1/2,w48,19,2,1,data,ok,17,0,8.6,153.4
mpg,8.0,0,ack-1f,w,3,3,0,ctl,ok,0,0,8.1,153.4
mpg,8.0,0,w48-16qam-r1/3,w48,19,2,1,data,ok,17,17,11.1,153.4
mpg,8.0,0,ack-1f,w,3,3,0,ctl,ok,0,0,14.3,153.4
mpg,8.0,0,w48-16qam-r1/3,w48,19,2,1,data,ok,17,17,9.3,153.4
mpg,8.0,0,ack-1f,w,2,2,0,ctl,ok,0,0,10.6,153.4
mpg,8.0,0,w48-16qam-r1/3,w48,19,1,0,data,ok,18,18,11.1,153.4
mpg,8.0,0,ack-1f,w,2,2,0,ctl,ok,0,0,12.4,153.4
mpg,8.0,0,w48-16qam-r1/3,w48,19,1,0,data,ok,18,18,8.3,153.4
mpg,8.0,0,ack-1f,w,2,2,0,ctl,ok,0,0,14.7,153.4
mpg,8.0,0,w48-16qam-r1/3,w48,19,1,0,data,ok,18,18,9.1,153.4
mpg,8.0,0,ack-1f,w,3,3,0,ctl,ok,0,0,15.8,153.4
mpg,8.0,0,w48-16qam-r1/3,w48,19,2,1,data,ok,17,2,6.7,153.4
mpg,8.0,0,ack-1f,w,4,4,0,ctl,ok,0,0,5.9,153.4
mpg,8.0,0,w48-16qam-r1/3,w48,19,2,1,data,ok,4,4,11.3,153.4
mpg,8.0,7,qpsk-r1/5,w,1,1,0,ctl,ok,0,0,11.2,180.6
mpg,8.0,7,qpsk-r1/5,w,1,1,0,ctl,ok,0,0,11.4,180.6
mpg,8.0,7,ack-4f,w,2,2,0,ctl,ok,0,0,14.4,180.6
mpg,8.0,7,ack-1f,w,3,3,0,ctl,ok,0,0,16.7,180.6
mpg,8.0,7,w48-qpsk-r3/4,w48,19,2,1,data,ok,17,16,9.6,180.6
mpg,8.0,7,ack-1f,w,3,3,0,ctl,ok,0,0,12.3,180.6
mpg,8.0,7,w48-qpsk-r3/4,w48,19,2,1,data,ok,16,16,12.0,180.6
mpg,8.0,7,ack-1f,w,2,2,0,ctl,ok,0,0,8.1,180.6
mpg,8.0,7,w48-16qam-r1/3,w48,19,1,0,data,ok,18,18,7.8,180.6
mpg,8.0,7,ack-1f,w,3,3,0,ctl,ok,0,0,9.1,180.6
mpg,8.0,7,w48-16qam-r1/3,w48,19,2,1,data,ok,17,17,12.7,180.6
mpg,8.0,7,ack-1f,w,2,2,0,ctl,ok,0,0,16.3,180.6
mpg,8.0,7,w48-16qam-r1/3,w48,19,1,0,data,ok,18,18,12.4,180.6
mpg,8.0,7,ack-1f,w,2,2,0,ctl,ok,0,0,10.7,180.6
mpg,8.0,7,w48-16qam-r1/3,w48,19,1,0,data,ok,18,18,9.1,180.6
mpg,8.0,7,ack-1f,w,2,2,0,ctl,ok,0,0,12.5,180.6
mpg,8.0,7,w48-16qam-r1/3,w48,19,1,0,data,ok,18,18,7.9,180.6
mpg,8.0,7,ack-1f,w,3,3,0,ctl,ok,0,0,13.5,180.6
mpg,8.0,7,w48-16qam-r1/3,w48,19,2,1,data,ok,17,17,7.9,180.6
mpg,8.0,7,ack-1f,w,3,3,0,ctl,ok,0,0,14.3,180.6
mpg,8.0,7,w48-16qam-r1/3,w48,19,2,1,data,ok,17,17,10.4,180.6
mpg,8.0,7,ack-1f,w,3,3,0,ctl,ok,0,0,15.4,180.6
mpg,8.0,7,w48-16qam-r1/3,w48,19,2,1,data,ok,17,17,11.5,180.6
mpg,8.0,7,ack-1f,w,2,2,0,ctl,ok,0,0,13.4,180.6
mpg,8.0,7,w48-16qam-r1/3,w48,19,1,0,data,ok,18,18,8.6,180.6
mpg,8.0,7,ack-1f,w,2,2,0,ctl,ok,0,0,14.7,180.6
mpg,8.0,7,w48-16qam-r1/3,w48,19,1,0,data,ok,18,18,8.8,180.6
mpg,8.0,7,ack-1f,w,2,2,0,ctl,ok,0,0,6.9,180.6
mpg,8.0,7,w48-16qam-r1/3,w48,19,1,0,data,ok,18,18,8.2,180.6
mpg,8.0,7,ack-1f,w,2,2,0,ctl,ok,0,0,6.0,180.6
mpg,8.0,7,w48-16qam-r1/3,w48,19,1,0,data,ok,18,18,11.4,180.6
mpg,8.0,7,ack-1f,w,2,2,0,ctl,ok,0,0,6.9,180.6
mpg,8.0,7,w48-16qam-r1/3,w48,19,1,0,data,ok,18,18,8.4,180.6
mpg,8.0,7,ack-1f,w,2,2,0,ctl,ok,0,0,7.6,180.6
mpg,8.0,7,w48-16qam-r1/3,w48,19,1,0,data,ok,18,18,8.4,180.6
mpg,8.0,7,ack-1f,w,3,3,0,ctl,ok,0,0,9.1,180.6
mpg,8.0,7,w48-16qam-r1/3,w48,19,2,1,data,ok,17,0,5.7,180.6
mpg,8.0,7,ack-1f,w,3,3,0,ctl,ok,0,0,10.1,180.6
mpg,8.0,7,w48-qpsk-r1/2,w48,19,2,1,data,ok,17,17,12.3,180.6
mpg,8.0,7,ack-1f,w,2,2,0,ctl,ok,0,0,9.8,180.6
mpg,8.0,7,w48-16qam-r1/3,w48,19,1,0,data,ok,18,18,9.5,180.6
mpg,8.0,7,ack-1f,w,2,2,0,ctl,ok,0,0,11.4,180.6
mpg,8.0,7,w48-16qam-r1/3,w48,19,1,0,data,ok,18,18,10.5,180.6
mpg,8.0,7,ack-1f,w,2,2,0,ctl,ok,0,0,12.8,180.6
mpg,8.0,7,w48-16qam-r1/3,w48,19,1,0,data,ok,18,18,10.6,180.6
mpg,8.0,7,ack-1f,w,2,2,0,ctl,ok,0,0,4.3,180.6
mpg,8.0,7,w48-16qam-r1/3,w48,19,1,0,data,ok,18,18,9.9,180.6
mpg,8.0,7,ack-1f,w,2,2,0,ctl,ok,0,0,10.0,180.6
mpg,8.0,7,w48-16qam-r1/3,w48,19,1,0,data,ok,18,18,7.0,180.6
mpg,8.0,7,ack-1f,w,2,2,0,ctl,ok,0,0,-0.2,180.6
mpg,8.0,7,w48-16qam-r1/3,w48,19,1,0,data,ctl_lost,18,0,5.7,180.6
mpg,8.0,7,ack-4f,w,3,3,0,ctl,ok,0,0,7.5,180.6
mpg,8.0,7,ack-4f,w,3,3,0,ctl,ok,0,0,15.0,180.6
mpg,8.0,7,w48-qpsk-r1/2,w48,19,2,1,data,ok,17,17,10.3,180.6
mpg,8.0,7,ack-1f,w,2,2,0,ctl,ok,0,0,7.3,180.6
mpg,8.0,7,w48-16qam-r1/3,w48,19,1,0,data,ok,18,18,11.0,180.6
mpg,8.0,7,ack-1f,w,2,2,0,ctl,ok,0,0,11.6,180.6
mpg,8.0,7,w48-16qam-r1/3,w48,19,1,0,data,ok,18,17,7.8,180.6
mpg,8.0,7,ack-1f,w,4,4,0,ctl,ok,0,0,9.3,180.6
mpg,8.0,7,w48-16qam-r1/3,w48,19,2,1,data,ok,16,16,10.3,180.6
mpg,8.0,7,ack-1f,w,3,3,0,ctl,ok,0,0,14.9,180.6
mpg,8.0,7,w48-16qam-r1/3,w48,19,2,1,data,ok,17,17,11.5,180.6
mpg,8.0,7,ack-1f,w,2,2,0,ctl,ok,0,0,16.9,180.6
mpg,8.0,7,w48-16qam-r1/3,w48,19,1,0,data,ok,18,18,10.5,180.6
mpg,8.0,7,ack-1f,w,2,2,0,ctl,ok,0,0,10.5,180.6
mpg,8.0,7,w48-16qam-r1/3,w48,19,1,0,data,ok,18,18,9.7,180.6
mpg,8.0,7,ack-1f,w,2,2,0,ctl,ok,0,0,13.8,180.6
mpg,8.0,7,w48-16qam-r1/3,w48,19,1,0,data,ok,18,16,7.1,180.6
mpg,8.0,7,ack-1f,w,3,3,0,ctl,ok,0,0,8.1,180.6
mpg,8.0,7,w48-16qam-r1/3,w48,19,1,0,data,ok,16,16,8.6,180.6
mpg,8.0,7,ack-1f,w,3,3,0,ctl,ok,0,0,5.6,180.6
mpg,8.0,7,w48-16qam-r1/3,w48,19,2,1,data,ok,17,17,10.8,180.6
mpg,8.0,7,ack-1f,w,2,2,0,ctl,ok,0,0,9.6,180.6
mpg,8.0,7,w48-16qam-r1/3,w48,19,1,0,data,ok,18,18,9.5,180.6
mpg,8.0,7,ack-1f,w,2,2,0,ctl,ok,0,0,13.7,180.6
mpg,8.0,7,w48-16qam-r1/3,w48,19,1,0,data,ok,18,18,10.3,180.6
mpg,8.0,7,ack-1f,w,2,2,0,ctl,ok,0,0,11.1,180.6
mpg,8.0,7,w48-16qam-r1/3,w48,19,1,0,data,ok,18,18,11.2,180.6
mpg,8.0,7,ack-1f,w,2,2,0,ctl,ok,0,0,5.8,180.6
mpg,8.0,7,w48-16qam-r1/3,w48,19,1,0,data,ok,18,18,10.8,180.6
mpg,8.0,7,ack-1f,w,2,2,0,ctl,ok,0,0,11.4,180.6
mpg,8.0,7,w48-16qam-r1/3,w48,19,1,0,data,ctl_lost,18,1,8.8,180.6
mpg,8.0,7,ack-4f,w,3,3,0,ctl,ok,0,0,13.1,180.6
mpg,8.0,7,ack-4f,w,2,2,0,ctl,ok,0,0,14.7,180.6
mpg,8.0,7,w48-16qam-r1/3,w48,19,1,0,data,ok,18,18,11.4,180.6
mpg,8.0,7,ack-1f,w,2,2,0,ctl,ok,0,0,11.6,180.6
mpg,8.0,7,w48-16qam-r1/3,w48,19,1,0,data,ok,18,18,7.5,180.6
mpg,8.0,7,ack-1f,w,3,3,0,ctl,ok,0,0,6.9,180.6
mpg,8.0,7,w48-16qam-r1/3,w48,19,2,1,data,ok,17,17,9.3,180.6
mpg,8.0,7,ack-1f,w,3,3,0,ctl,ok,0,0,14.4,180.6
mpg,8.0,7,w48-16qam-r1/3,w48,19,2,1,data,ok,17,17,9.2,180.6
mpg,8.0,7,ack-1f,w,2,2,0,ctl,ok,0,0,14.9,180.6
mpg,8.0,7,w48-16qam-r1/3,w48,19,1,0,data,ok,18,18,12.4,180.6
mpg,8.0,6,qpsk-r1/5,w,1,1,0,ctl,ok,0,0,10.3,172.6
mpg,8.0,6,qpsk-r1/5,w,1,1,0,ctl,ok,0,0,11.7,172.6
mpg,8.0,6,ack-4f,w,2,2,0,ctl,ok,0,0,4.8,172.6
mpg,8.0,6,ack-1f,w,3,3,0,ctl,ok,0,0,6.5,172.6
mpg,8.0,6,w48-qpsk-r1/2,w48,19,2,1,data,ok,17,17,9.7,172.6
mpg,8.0,6,ack-1f,w,2,2,0,ctl,ok,0,0,10.7,172.6
mpg,8.0,6,w48-qpsk-r1/2,w48,19,1,0,data,ok,18,18,8.7,172.6
mpg,8.0,6,ack-1f,w,3,3,0,ctl,ok,0,0,12.7,172.6
mpg,8.0,6,w48-16qam-r1/3,w48,19,2,1,data,ok,17,17,11.1,172.6
mpg,8.0,6,ack-1f,w,2,2,0,ctl,ok,0,0,1.6,172.6
mpg,8.0,6,w48-16qam-r1/3,w48,19,1,0,data,ok,18,15,7.0,172.6
mpg,8.0,6,ack-1f,w,4,4,0,ctl,ok,0,0,6.6,172.6
mpg,8.0,6,w48-16qam-r1/3,w48,19,2,1,data,ok,14,14,9.3,172.6
mpg,8.0,6,ack-1f,w,2,2,0,ctl,ok,0,0,11.5,172.6
mpg,8.0,6,w48-qpsk-r1/2,w48,19,1,0,data,ok,18,18,9.0,172.6
mpg,8.0,6,ack-1f,w,3,3,0,ctl,ok,0,0,7.6,172.6
mpg,8.0,6,w48-16qam-r1/3,w48,19,2,1,data,ok,17,17,8.4,172.6
mpg,8.0,6,ack-1f,w,3,3,0,ctl,ok,0,0,7.8,172.6
mpg,8.0,6,w48-16qam-r1/3,w48,19,2,1,data,ok,17,17,8.1,172.6
mpg,8.0,6,ack-1f,w,3,3,0,ctl,ok,0,0,13.1,172.6
mpg,8.0,6,w48-16qam-r1/3,w48,19,2,1,data,ok,17,17,8.0,172.6
mpg,8.0,6,ack-1f,w,3,3,0,ctl,ok,0,0,10.3,172.6
mpg,8.0,6,w48-16qam-r1/3,w48,19,2,1,data,ok,17,17,10.2,172.6
mpg,8.0,6,ack-1f,w,2,2,0,ctl,ok,0,0,11.7,172.6
mpg,8.0,6,w48-16qam-r1/3,w48,19,1,0,data,ok,18,18,10.1,172.6
mpg,8.0,6,ack-1f,w,2,2,0,ctl,ok,0,0,14.8,172.6
mpg,8.0,6,w48-16qam-r1/3,w48,19,1,0,data,ok,18,18,11.6,172.6
mpg,8.0,6,ack-1f,w,2,2,0,ctl,ok,0,0,13.8,172.6
mpg,8.0,6,w48-16qam-r1/3,w48,19,1,0,data,ok,18,18,14.7,172.6
mpg,8.0,6,ack-1f,w,3,3,0,ctl,ok,0,0,11.9,172.6
mpg,8.0,6,w48-16qam-r1/2,w48,19,2,1,data,ok,17,0,8.3,172.6
mpg,8.0,6,ack-1f,w,2,2,0,ctl,ok,0,0,12.2,172.6
mpg,8.0,6,w48-16qam-r1/3,w48,19,1,0,data,ok,18,18,9.3,172.6
mpg,8.0,6,ack-1f,w,2,2,0,ctl,ok,0,0,11.0,172.6
mpg,8.0,6,w48-16qam-r1/3,w48,19,1,0,data,ok,18,18,10.6,172.6
mpg,8.0,6,ack-1f,w,2,2,0,ctl,ok,0,0,16.6,172.6
mpg,8.0,6,w48-16qam-r1/3,w48,19,1,0,data,ok,18,18,10.5,172.6
mpg,8.0,6,ack-1f,w,2,2,0,ctl,ok,0,0,12.1,172.6
mpg,8.0,6,w48-16qam-r1/3,w48,19,1,0,data,ok,18,18,10.8,172.6
mpg,8.0,6,ack-1f,w,2,2,0,ctl,ok,0,0,10.5,172.6
mpg,8.0,6,w48-16qam-r1/3,w48,19,1,0,data,ok,18,18,8.8,172.6
mpg,8.0,6,ack-1f,w,2,2,0,ctl,ok,0,0,10.1,172.6
mpg,8.0,6,w48-16qam-r1/3,w48,19,1,0,data,ok,18,18,10.4,172.6
mpg,8.0,6,ack-1f,w,2,2,0,ctl,ok,0,0,8.3,172.6
mpg,8.0,6,w48-16qam-r1/3,w48,19,1,0,data,ok,18,18,11.6,172.6
mpg,8.0,6,ack-1f,w,2,2,0,ctl,ok,0,0,11.9,172.6
mpg,8.0,6,w48-16qam-r1/3,w48,19,1,0,data,ok,18,18,10.3,172.6
mpg,8.0,6,ack-1f,w,2,2,0,ctl,ok,0,0,10.8,172.6
mpg,8.0,6,w48-16qam-r1/3,w48,19,1,0,data,ok,18,18,12.0,172.6
mpg,8.0,6,ack-1f,w,2,2,0,ctl,ok,0,0,12.7,172.6
mpg,8.0,6,w48-16qam-r1/3,w48,19,1,0,data,ok,18,18,7.8,172.6
mpg,8.0,6,ack-1f,w,2,2,0,ctl,ok,0,0,11.7,172.6
mpg,8.0,6,w48-16qam-r1/3,w48,19,1,0,data,ok,18,18,9.7,172.6
mpg,8.0,6,ack-1f,w,2,2,0,ctl,ok,0,0,9.5,172.6
mpg,8.0,6,w48-16qam-r1/3,w48,19,1,0,data,ctl_lost,18,2,7.1,172.6
mpg,8.0,6,ack-4f,w,2,2,0,ctl,ok,0,0,14.6,172.6
mpg,8.0,6,ack-4f,w,3,3,0,ctl,ok,0,0,12.2,172.6
mpg,8.0,6,w48-16qam-r1/3,w48,19,2,1,data,ok,17,17,9.3,172.6
mpg,8.0,6,ack-1f,w,2,2,0,ctl,ok,0,0,8.3,172.6
mpg,8.0,6,w48-16qam-r1/3,w48,19,1,0,data,ok,18,18,9.2,172.6
mpg,8.0,6,ack-1f,w,2,2,0,ctl,ok,0,0,13.5,172.6
mpg,8.0,6,w48-16qam-r1/3,w48,19,1,0,data,ok,18,18,14.2,172.6
mpg,8.0,6,ack-1f,w,3,3,0,ctl,ok,0,0,10.8,172.6
mpg,8.0,6,w48-16qam-r1/2,w48,19,2,1,data,ctl_lost,17,0,3.4,172.6
mpg,8.0,6,ack-4f,w,3,3,0,ctl,ok,0,0,14.8,172.6
mpg,8.0,6,ack-4f,w,3,3,0,ctl,ok,0,0,12.2,172.6
mpg,8.0,6,w48-16qam-r1/3,w48,19,2,1,data,ok,17,0,6.9,172.6
mpg,8.0,6,ack-1f,w,4,4,0,ctl,ok,0,0,12.4,172.6
mpg,8.0,6,w48-16qam-r1/3,w48,19,2,1,data,ok,1,0,5.9,172.6
mpg,8.0,6,ack-1f,w,3,3,0,ctl,ok,0,0,3.0,172.6
mpg,8.0,6,w48-qpsk-r1/2,w48,19,2,1,data,ok,17,17,9.4,172.6
mpg,8.0,6,ack-1f,w,2,2,0,ctl,ok,0,0,15.5,172.6
mpg,8.0,6,w48-qpsk-r1/2,w48,19,1,0,data,ok,18,18,10.7,172.6
mpg,8.0,6,ack-1f,w,2,2,0,ctl,ok,0,0,6.4,172.6
mpg,8.0,6,w48-16qam-r1/3,w48,19,1,0,data,ok,18,18,11.3,172.6
mpg,8.0,6,ack-1f,w,2,2,0,ctl,ok,0,0,13.8,172.6
mpg,8.0,6,w48-16qam-r1/3,w48,19,1,0,data,ok,18,18,9.4,172.6
mpg,8.0,6,ack-1f,w,2,2,0,ctl,ok,0,0,11.9,172.6
mpg,8.0,6,w48-16qam-r1/3,w48,19,1,0,data,ok,18,18,12.9,172.6
mpg,8.0,6,ack-1f,w,2,2,0,ctl,ok,0,0,13.7,172.6
mpg,8.0,6,w48-16qam-r1/3,w48,19,1,0,data,ok,18,18,8.7,172.6
mpg,8.0,6,ack-1f,w,2,2,0,ctl,ok,0,0,13.1,172.6
mpg,8.0,6,w48-16qam-r1/3,w48,19,1,0,data,ok,18,18,10.3,172.6
mpg,8.0,6,ack-1f,w,2,2,0,ctl,ok,0,0,7.0,172.6
mpg,8.0,6,w48-16qam-r1/3,w48,19,1,0,data,ok,18,18,7.2,172.6
mpg,8.0,6,ack-1f,w,2,2,0,ctl,ok,0,0,12.9,172.6
mpg,8.0,6,w48-16qam-r1/3,w48,19,1,0,data,ok,18,18,10.2,172.6
mpg,8.0,6,ack-1f,w,2,2,0,ctl,ok,0,0,13.2,172.6
mpg,8.0,6,w48-16qam-r1/3,w48,19,1,0,data,ok,18,18,10.3,172.6
mpg,8.0,6,ack-1f,w,2,2,0,ctl,ok,0,0,14.9,172.6
mpg,8.0,6,w48-16qam-r1/3,w48,19,1,0,data,ok,18,18,10.9,172.6
mpg,8.0,6,ack-1f,w,2,2,0,ctl,ok,0,0,11.7,172.6
mpg,8.0,6,w48-16qam-r1/3,w48,19,1,0,data,ok,18,18,9.1,172.6
mpg,8.0,4,qpsk-r1/5,w,1,1,0,ctl,ok,0,0,4.7,151.3
mpg,8.0,4,qpsk-r1/5,w,1,1,0,ctl,ok,0,0,3.0,151.3
mpg,8.0,4,ack-4f,w,3,3,0,ctl,ok,0,0,6.0,151.3
mpg,8.0,4,ack-1f,w,2,2,0,ctl,ok,0,0,6.0,151.3
mpg,8.0,4,qpsk-r1/2,w,9,1,0,data,ok,8,8,13.1,151.3
mpg,8.0,4,ack-1f,w,3,3,0,ctl,ok,0,0,9.1,151.3
mpg,8.0,4,w48-qpsk-r1/2,w48,19,2,1,data,ok,17,17,10.8,151.3
mpg,8.0,4,ack-1f,w,3,3,0,ctl,ok,0,0,12.9,151.3
mpg,8.0,4,w48-16qam-r1/3,w48,19,2,1,data,ok,17,17,9.7,151.3
mpg,8.0,4,ack-1f,w,2,2,0,ctl,ok,0,0,15.9,151.3
mpg,8.0,4,w48-16qam-r1/3,w48,19,1,0,data,ok,18,18,11.0,151.3
mpg,8.0,4,ack-1f,w,2,2,0,ctl,ok,0,0,14.0,151.3
mpg,8.0,4,w48-16qam-r1/3,w48,19,1,0,data,ok,18,18,10.2,151.3
mpg,8.0,4,ack-1f,w,2,2,0,ctl,ok,0,0,8.9,151.3
mpg,8.0,4,w48-16qam-r1/3,w48,19,1,0,data,ok,18,18,10.7,151.3
mpg,8.0,4,ack-1f,w,3,3,0,ctl,ok,0,0,8.6,151.3
mpg,8.0,4,w48-16qam-r1/3,w48,19,2,1,data,ok,17,17,9.8,151.3
mpg,8.0,4,ack-1f,w,2,2,0,ctl,ok,0,0,10.2,151.3
mpg,8.0,4,w48-16qam-r1/3,w48,19,1,0,data,ok,18,18,10.6,151.3
mpg,8.0,4,ack-1f,w,2,2,0,ctl,ok,0,0,9.8,151.3
mpg,8.0,4,w48-16qam-r1/3,w48,19,1,0,data,ctl_lost,18,0,6.5,151.3
mpg,8.0,4,ack-4f,w,3,3,0,ctl,ok,0,0,12.4,151.3
mpg,8.0,4,ack-4f,w,2,2,0,ctl,ok,0,0,12.2,151.3
mpg,8.0,4,w48-qpsk-r1/2,w48,19,1,0,data,ok,18,18,8.9,151.3
mpg,8.0,4,ack-1f,w,2,2,0,ctl,ok,0,0,5.4,151.3
mpg,8.0,4,w48-qpsk-r1/2,w48,19,1,0,data,ok,18,18,10.4,151.3
mpg,8.0,4,ack-1f,w,3,3,0,ctl,ok,0,0,9.2,151.3
mpg,8.0,4,w48-16qam-r1/3,w48,19,2,1,data,ok,17,7,6.9,151.3
mpg,8.0,4,ack-1f,w,4,4,0,ctl,ok,0,0,11.2,151.3
mpg,8.0,4,w48-16qam-r1/3,w48,19,2,1,data,ok,7,7,7.9,151.3
mpg,8.0,4,ack-1f,w,2,2,0,ctl,ok,0,0,9.5,151.3
mpg,8.0,4,w48-qpsk-r1/2,w48,19,1,0,data,ok,18,18,8.6,151.3
mpg,8.0,4,ack-1f,w,3,3,0,ctl,ok,0,0,7.4,151.3
mpg,8.0,4,w48-16qam-r1/3,w48,19,2,1,data,ok,17,17,10.6,151.3
mpg,8.0,4,ack-1f,w,3,3,0,ctl,ok,0,0,9.0,151.3
mpg,8.0,4,w48-16qam-r1/3,w48,19,2,1,data,ok,17,17,9.4,151.3
mpg,8.0,4,ack-1f,w,3,3,0,ctl,ok,0,0,4.2,151.3
mpg,8.0,4,w48-16qam-r1/3,w48,19,2,1,data,ok,17,17,10.0,151.3
mpg,8.0,4,ack-1f,w,3,3,0,ctl,ok,0,0,6.1,151.3
mpg,8.0,4,w48-16qam-r1/3,w48,19,2,1,data,ok,17,17,10.4,151.3
mpg,8.0,4,ack-1f,w,2,2,0,ctl,ok,0,0,11.2,151.3
mpg,8.0,4,w48-16qam-r1/3,w48,19,1,0,data,ok,18,18,10.6,151.3
mpg,8.0,4,ack-1f,w,2,2,0,ctl,ok,0,0,3.4,151.3
mpg,8.0,4,w48-16qam-r1/3,w48,19,1,0,data,ok,18,18,8.9,151.3
mpg,8.0,4,ack-1f,w,2,2,0,ctl,ok,0,0,12.5,151.3
mpg,8.0,4,w48-16qam-r1/3,w48,19,1,0,data,ctl_lost,18,0,5.9,151.3
mpg,8.0,4,ack-4f,w,2,2,0,ctl,ok,0,0,14.3,151.3
mpg,8.0,4,ack-4f,w,2,2,0,ctl,ok,0,0,10.4,151.3
mpg,8.0,4,w48-qpsk-r1/2,w48,19,1,0,data,ok,18,18,10.0,151.3
mpg,8.0,4,ack-1f,w,3,3,0,ctl,ok,0,0,11.1,151.3
mpg,8.0,4,w48-16qam-r1/3,w48,19,2,1,data,ok,17,17,7.8,151.3
mpg,8.0,4,ack-1f,w,2,2,0,ctl,ok,0,0,10.2,151.3
mpg,8.0,4,w48-qpsk-r1/2,w48,19,1,0,data,ok,18,18,11.4,151.3
mpg,8.0,4,ack-1f,w,2,2,0,ctl,ok,0,0,12.5,151.3
mpg,8.0,4,w48-16qam-r1/3,w48,19,1,0,data,ok,18,18,10.0,151.3
mpg,8.0,4,ack-1f,w,2,2,0,ctl,ok,0,0,13.5,151.3
mpg,8.0,4,w48-16qam-r1/3,w48,19,1,0,data,ok,18,18,8.8,151.3
mpg,8.0,4,ack-1f,w,3,3,0,ctl,ok,0,0,11.6,151.3
mpg,8.0,4,w48-16qam-r1/3,w48,19,2,1,data,ok,17,0,4.3,151.3
mpg,8.0,4,ack-1f,w,3,3,0,ctl,ok,0,0,8.6,151.3
mpg,8.0,4,w48-qpsk-r1/2,w48,19,2,1,data,ok,17,17,9.3,151.3
mpg,8.0,4,ack-1f,w,2,2,0,ctl,ok,0,0,17.8,151.3
mpg,8.0,4,w48-qpsk-r1/2,w48,19,1,0,data,ok,18,18,10.3,151.3
mpg,8.0,4,ack-1f,w,2,2,0,ctl,ok,0,0,7.7,151.3
mpg,8.0,4,w48-16qam-r1/3,w48,19,1,0,data,ok,18,18,9.2,151.3
mpg,8.0,4,ack-1f,w,2,2,0,ctl,ok,0,0,14.7,151.3
mpg,8.0,4,w48-16qam-r1/3,w48,19,1,0,data,ctl_lost,18,0,5.9,151.3
mpg,8.0,4,ack-4f,w,2,2,0,ctl,ok,0,0,13.5,151.3
mpg,8.0,4,ack-4f,w,2,2,0,ctl,ok,0,0,13.8,151.3
mpg,8.0,4,w48-qpsk-r1/2,w48,19,1,0,data,ctl_lost,18,0,1.7,151.3
mpg,8.0,4,ack-4f,w,4,4,0,ctl,ok,0,0,14.7,151.3
mpg,8.0,4,ack-4f,w,3,3,0,ctl,ok,0,0,8.3,151.3
mpg,8.0,4,w48-qpsk-r1/2,w48,19,2,1,data,ok,17,17,11.8,151.3
mpg,8.0,4,ack-1f,w,3,3,0,ctl,ok,0,0,13.8,151.3
mpg,8.0,4,w48-qpsk-r3/4,w48,19,2,1,data,ok,17,11,9.7,151.3
mpg,8.0,4,ack-1f,w,4,4,0,ctl,ok,0,0,3.8,151.3
mpg,8.0,4,w48-qpsk-r3/4,w48,19,2,1,data,ok,11,11,10.6,151.3
mpg,8.0,4,ack-1f,w,3,3,0,ctl,ok,0,0,15.3,151.3
mpg,8.0,4,w48-16qam-r1/3,w48,19,2,1,data,ok,17,17,10.3,151.3
mpg,8.0,4,ack-1f,w,2,2,0,ctl,ok,0,0,11.8,151.3
mpg,8.0,4,w48-16qam-r1/3,w48,19,1,0,data,ok,18,18,8.2,151.3
mpg,8.0,4,ack-1f,w,2,2,0,ctl,ok,0,0,10.4,151.3
mpg,8.0,4,w48-qpsk-r1/2,w48,19,1,0,data,ok,18,18,11.7,151.3
mpg,8.0,4,ack-1f,w,2,2,0,ctl,ok,0,0,9.2,151.3
mpg,8.0,4,w48-qpsk-r1/2,w48,19,1,0,data,ok,18,18,11.5,151.3
mpg,8.0,4,ack-1f,w,2,2,0,ctl,ok,0,0,7.8,151.3
mpg,8.0,4,w48-16qam-r1/3,w48,19,1,0,data,ok,18,18,7.7,151.3
mpg,8.0,4,ack-1f,w,2,2,0,ctl,ok,0,0,2.3,151.3
mpg,8.0,4,w48-qpsk-r1/2,w48,19,1,0,data,ok,18,18,10.2,151.3
mpg,8.0,4,ack-1f,w,2,2,0,ctl,ok,0,0,15.9,151.3
mpg,8.0,4,w48-qpsk-r1/2,w48,19,1,0,data,ok,18,18,11.8,151.3
mpg,8.0,4,ack-1f,w,2,2,0,ctl,ok,0,0,10.7,151.3
mpg,8.0,4,w48-16qam-r1/3,w48,19,1,0,data,ok,18,18,12.8,151.3
mpg,8.0,4,ack-1f,w,2,2,0,ctl,ok,0,0,15.2,151.3
mpg,8.0,2,qpsk-r1/5,w,1,1,0,ctl,ok,0,0,10.4,146.2
mpg,8.0,2,qpsk-r1/5,w,1,1,0,ctl,ok,0,0,11.8,146.2
mpg,8.0,2,ack-4f,w,2,2,0,ctl,ok,0,0,10.6,146.2
mpg,8.0,2,ack-1f,w,3,3,0,ctl,ok,0,0,9.6,146.2
mpg,8.0,2,w48-16qam-r1/3,w48,19,2,1,data,ok,17,0,6.7,146.2
mpg,8.0,2,ack-1f,w,3,3,0,ctl,ok,0,0,6.2,146.2
mpg,8.0,2,w48-qpsk-r1/2,w48,19,2,1,data,ok,17,17,10.6,146.2
mpg,8.0,2,ack-1f,w,2,2,0,ctl,ok,0,0,15.2,146.2
mpg,8.0,2,w48-qpsk-r1/2,w48,19,1,0,data,ok,18,18,7.1,146.2
mpg,8.0,2,ack-1f,w,2,2,0,ctl,ctl_lost,0,0,-8.3,146.2
mpg,8.0,2,ack-4f,w,3,3,0,ctl,ok,0,0,5.5,146.2
mpg,8.0,2,ack-4f,w,3,3,0,ctl,ok,0,0,13.8,146.2
mpg,8.0,2,w48-qpsk-r1/2,w48,19,2,1,data,ok,17,17,9.5,146.2
mpg,8.0,2,ack-1f,w,2,2,0,ctl,ok,0,0,14.6,146.2
mpg,8.0,2,w48-qpsk-r1/2,w48,19,1,0,data,ok,18,18,11.0,146.2
mpg,8.0,2,ack-1f,w,2,2,0,ctl,ok,0,0,14.0,146.2
mpg,8.0,2,w48-16qam-r1/3,w48,19,1,0,data,ok,18,18,8.1,146.2
mpg,8.0,2,ack-1f,w,3,3,0,ctl,ok,0,0,16.9,146.2
mpg,8.0,2,w48-16qam-r1/3,w48,19,2,1,data,ok,17,14,8.5,146.2
mpg,8.0,2,ack-1f,w,3,3,0,ctl,ok,0,0,6.9,146.2
mpg,8.0,2,w48-qpsk-r1/2,w48,19,1,0,data,ok,18,18,7.3,146.2
mpg,8.0,2,ack-1f,w,2,2,0,ctl,ok,0,0,4.9,146.2
mpg,8.0,2,w48-qpsk-r1/2,w48,19,1,0,data,ok,18,18,7.5,146.2
mpg,8.0,2,ack-1f,w,2,2,0,ctl,ok,0,0,11.6,146.2
mpg,8.0,2,w48-qpsk-r1/2,w48,19,1,0,data,ok,18,18,9.1,146.2
mpg,8.0,2,ack-1f,w,2,2,0,ctl,ok,0,0,10.3,146.2
mpg,8.0,2,w48-qpsk-r1/2,w48,19,1,0,data,ok,18,18,10.2,146.2
mpg,8.0,2,ack-1f,w,2,2,0,ctl,ok,0,0,9.6,146.2
mpg,8.0,2,w48-16qam-r1/3,w48,19,1,0,data,ok,18,18,13.2,146.2
mpg,8.0,2,ack-1f,w,2,2,0,ctl,ok,0,0,13.0,146.2
mpg,8.0,2,w48-16qam-r1/3,w48,19,1,0,data,ok,18,18,11.2,146.2
mpg,8.0,2,ack-1f,w,3,3,0,ctl,ok,0,0,12.2,146.2
mpg,8.0,2,w48-16qam-r1/2,w48,19,2,1,data,ok,17,17,12.5,146.2
mpg,8.0,2,ack-1f,w,2,2,0,ctl,ok,0,0,8.1,146.2
mpg,8.0,2,w48-16qam-r1/3,w48,19,1,0,data,ok,18,18,10.4,146.2
mpg,8.0,2,ack-1f,w,2,2,0,ctl,ok,0,0,10.1,146.2
mpg,8.0,2,w48-16qam-r1/3,w48,19,1,0,data,ok,18,18,11.4,146.2
mpg,8.0,2,ack-1f,w,2,2,0,ctl,ok,0,0,13.7,146.2
mpg,8.0,2,w48-16qam-r1/3,w48,19,1,0,data,ok,18,18,11.0,146.2
mpg,8.0,2,ack-1f,w,3,3,0,ctl,ok,0,0,11.6,146.2
mpg,8.0,2,w48-16qam-r1/2,w48,19,2,1,data,ok,17,16,10.4,146.2
mpg,8.0,2,ack-1f,w,3,3,0,ctl,ok,0,0,12.1,146.2
mpg,8.0,2,w48-16qam-r1/3,w48,19,1,0,data,ok,18,2,6.4,146.2
mpg,8.0,2,ack-1f,w,3,3,0,ctl,ok,0,0,6.6,146.2
mpg,8.0,2,w48-qpsk-r1/2,w48,19,1,0,data,ok,18,18,9.4,146.2
mpg,8.0,2,ack-1f,w,2,2,0,ctl,ok,0,0,13.0,146.2
mpg,8.0,2,w48-qpsk-r1/2,w48,19,1,0,data,ok,18,18,10.4,146.2
mpg,8.0,2,ack-1f,w,2,2,0,ctl,ok,0,0,8.7,146.2
mpg,8.0,2,w48-16qam-r1/3,w48,19,1,0,data,ok,18,18,9.0,146.2
mpg,8.0,2,ack-1f,w,2,2,0,ctl,ok,0,0,11.6,146.2
mpg,8.0,2,w48-16qam-r1/3,w48,19,1,0,data,ctl_lost,18,0,5.7,146.2
mpg,8.0,2,ack-4f,w,3,3,0,ctl,ok,0,0,8.6,146.2
mpg,8.0,2,ack-4f,w,2,2,0,ctl,ok,0,0,13.1,146.2
mpg,8.0,2,w48-qpsk-r1/2,w48,19,1,0,data,ok,18,17,7.0,146.2
mpg,8.0,2,ack-1f,w,3,3,0,ctl,ok,0,0,8.0,146.2
mpg,8.0,2,w48-qpsk-r1/2,w48,19,2,1,data,ok,16,16,7.0,146.2
mpg,8.0,2,ack-1f,w,2,2,0,ctl,ok,0,0,4.6,146.2
mpg,8.0,2,w48-qpsk-r1/2,w48,19,1,0,data,ok,18,18,9.4,146.2
mpg,8.0,2,ack-1f,w,2,2,0,ctl,ok,0,0,9.6,146.2
mpg,8.0,2,w48-qpsk-r1/2,w48,19,1,0,data,ok,18,18,12.8,146.2
mpg,8.0,2,ack-1f,w,3,3,0,ctl,ok,0,0,10.5,146.2
mpg,8.0,2,w48-16qam-r1/2,w48,19,2,1,data,ok,17,12,9.8,146.2
mpg,8.0,2,ack-1f,w,4,4,0,ctl,ok,0,0,12.8,146.2
mpg,8.0,2,w48-16qam-r1/2,w48,19,2,1,data,ok,12,0,7.8,146.2
mpg,8.0,2,ack-1f,w,2,2,0,ctl,ok,0,0,8.5,146.2
mpg,8.0,2,w48-qpsk-r1/2,w48,19,1,0,data,ok,18,18,11.7,146.2
mpg,8.0,2,ack-1f,w,2,2,0,ctl,ok,0,0,12.0,146.2
mpg,8.0,2,w48-qpsk-r1/2,w48,19,1,0,data,ok,18,18,8.6,146.2
mpg,8.0,2,ack-1f,w,3,3,0,ctl,ok,0,0,12.4,146.2
mpg,8.0,2,w48-16qam-r1/3,w48,19,2,1,data,ok,17,17,9.7,146.2
mpg,8.0,2,ack-1f,w,2,2,0,ctl,ok,0,0,13.5,146.2
mpg,8.0,2,w48-qpsk-r1/2,w48,19,1,0,data,ok,18,18,8.0,146.2
mpg,8.0,2,ack-1f,w,2,2,0,ctl,ok,0,0,5.4,146.2
mpg,8.0,2,w48-qpsk-r1/2,w48,19,1,0,data,ok,18,18,8.7,146.2
mpg,8.0,2,ack-1f,w,2,2,0,ctl,ok,0,0,14.1,146.2
mpg,8.0,2,w48-qpsk-r1/2,w48,19,1,0,data,ok,18,18,8.6,146.2
mpg,8.0,2,ack-1f,w,2,2,0,ctl,ok,0,0,11.5,146.2
mpg,8.0,2,w48-qpsk-r1/2,w48,19,1,0,data,ok,18,18,12.9,146.2
mpg,8.0,2,ack-1f,w,3,3,0,ctl,ok,0,0,9.2,146.2
mpg,8.0,2,w48-16qam-r1/2,w48,19,2,1,data,ok,17,0,9.7,146.2
mpg,8.0,2,ack-1f,w,3,3,0,ctl,ok,0,0,4.3,146.2
mpg,8.0,2,w48-16qam-r1/3,w48,19,2,1,data,ok,17,17,9.8,146.2
mpg,8.0,2,ack-1f,w,2,2,0,ctl,ok,0,0,14.7,146.2
mpg,8.0,2,w48-qpsk-r1/2,w48,19,1,0,data,ok,18,18,12.1,146.2
mpg,8.0,2,ack-1f,w,2,2,0,ctl,ok,0,0,10.5,146.2
mpg,8.0,2,w48-16qam-r1/3,w48,19,1,0,data,ok,18,18,12.5,146.2
mpg,8.0,2,ack-1f,w,3,3,0,ctl,ok,0,0,13.4,146.2
mpg,8.0,2,w48-16qam-r1/2,w48,19,2,1,data,ok,17,0,7.6,146.2
mpg,8.0,2,ack-1f,w,2,2,0,ctl,ok,0,0,6.2,146.2
mpg,8.0,2,w48-qpsk-r1/2,w48,19,1,0,data,ok,18,18,8.3,146.2
mpg,8.0,2,ack-1f,w,2,2,0,ctl,ok,0,0,-0.7,146.2
mpg,8.0,2,w48-qpsk-r1/2,w48,19,1,0,data,ok,18,18,10.6,146.2
mpg,8.0,2,ack-4f,w,2,2,0,ctl,ok,0,0,14.5,146.2
mpg,8.0,2,w48-qpsk-r1/2,w48,19,1,0,data,ok,18,18,8.0,146.2
mpg,8.0,3,qpsk-r1/5,w,1,1,0,ctl,ok,0,0,12.8,171.7
mpg,8.0,3,qpsk-r1/5,w,1,1,0,ctl,ok,0,0,11.9,171.7
mpg,8.0,3,ack-4f,w,2,2,0,ctl,ok,0,0,6.7,171.7
mpg,8.0,3,ack-1f,w,2,2,0,ctl,ok,0,0,4.7,171.7
mpg,8.0,3,w48-qpsk-r1/2,w48,19,1,0,data,ok,18,18,8.1,171.7
mpg,8.0,3,ack-1f,w,2,2,0,ctl,ok,0,0,11.3,171.7
mpg,8.0,3,w48-qpsk-r1/2,w48,19,1,0,data,ok,18,18,10.9,171.7
mpg,8.0,3,ack-1f,w,2,2,0,ctl,ok,0,0,15.0,171.7
mpg,8.0,3,w48-16qam-r1/3,w48,19,1,0,data,ok,18,18,9.7,171.7
mpg,8.0,3,ack-1f,w,2,2,0,ctl,ok,0,0,7.8,171.7
mpg,8.0,3,w48-16qam-r1/3,w48,19,1,0,data,ok,18,18,10.8,171.7
mpg,8.0,3,ack-1f,w,2,2,0,ctl,ok,0,0,9.2,171.7
mpg,8.0,3,w48-16qam-r1/3,w48,19,1,0,data,ok,18,18,10.8,171.7
mpg,8.0,3,ack-1f,w,2,2,0,ctl,ok,0,0,9.8,171.7
mpg,8.0,3,w48-16qam-r1/3,w48,19,1,0,data,ok,18,18,9.4,171.7
mpg,8.0,3,ack-1f,w,2,2,0,ctl,ok,0,0,10.1,171.7
mpg,8.0,3,w48-16qam-r1/3,w48,19,1,0,data,ok,18,18,11.2,171.7
mpg,8.0,3,ack-1f,w,2,2,0,ctl,ok,0,0,5.8,171.7
mpg,8.0,3,w48-16qam-r1/3,w48,19,1,0,data,ok,18,18,8.3,171.7
mpg,8.0,3,ack-1f,w,3,3,0,ctl,ok,0,0,11.7,171.7
mpg,8.0,3,w48-16qam-r1/3,w48,19,2,1,data,ok,17,17,10.6,171.7
mpg,8.0,3,ack-1f,w,3,3,0,ctl,ok,0,0,7.6,171.7
mpg,8.0,3,w48-16qam-r1/3,w48,19,2,1,data,ok,17,17,8.9,171.7
mpg,8.0,3,ack-1f,w,3,3,0,ctl,ok,0,0,12.5,171.7
mpg,8.0,3,w48-16qam-r1/3,w48,19,2,1,data,ok,17,0,6.1,171.7
mpg,8.0,3,ack-1f,w,3,3,0,ctl,ok,0,0,8.7,171.7
mpg,8.0,3,w48-qpsk-r1/2,w48,19,2,1,data,ok,17,17,8.0,171.7
mpg,8.0,3,ack-1f,w,2,2,0,ctl,ok,0,0,7.0,171.7
mpg,8.0,3,w48-qpsk-r1/2,w48,19,1,0,data,ctl_lost,18,0,5.2,171.7
mpg,8.0,3,ack-4f,w,2,2,0,ctl,ok,0,0,14.3,171.7
mpg,8.0,3,ack-4f,w,3,3,0,ctl,ok,0,0,11.6,171.7
mpg,8.0,3,w48-16qam-r1/3,w48,19,2,1,data,ok,17,17,12.2,171.7
mpg,8.0,3,ack-1f,w,2,2,0,ctl,ok,0,0,7.1,171.7
mpg,8.0,3,w48-qpsk-r3/4,w48,19,1,0,data,ok,18,18,11.4,171.7
mpg,8.0,3,ack-1f,w,3,3,0,ctl,ok,0,0,15.5,171.7
mpg,8.0,3,w48-16qam-r1/2,w48,19,2,1,data,ok,17,0,8.3,171.7
mpg,8.0,3,ack-1f,w,2,2,0,ctl,ok,0,0,13.1,171.7
mpg,8.0,3,w48-16qam-r1/3,w48,19,1,0,data,ok,18,18,11.4,171.7
mpg,8.0,3,ack-1f,w,2,2,0,ctl,ok,0,0,9.8,171.7
mpg,8.0,3,w48-16qam-r1/3,w48,19,1,0,data,ok,18,18,11.0,171.7
mpg,8.0,3,ack-1f,w,2,2,0,ctl,ok,0,0,16.0,171.7
mpg,8.0,3,w48-16qam-r1/3,w48,19,1,0,data,ok,18,18,10.7,171.7
mpg,8.0,3,ack-1f,w,2,2,0,ctl,ok,0,0,9.7,171.7
mpg,8.0,3,w48-16qam-r1/3,w48,19,1,0,data,ok,18,18,13.4,171.7
mpg,8.0,3,ack-1f,w,2,2,0,ctl,ok,0,0,12.4,171.7
mpg,8.0,3,w48-16qam-r1/3,w48,19,1,0,data,ok,18,18,11.7,171.7
mpg,8.0,3,ack-1f,w,3,3,0,ctl,ok,0,0,10.8,171.7
mpg,8.0,3,w48-16qam-r1/2,w48,19,2,1,data,ok,17,0,6.7,171.7
mpg,8.0,3,ack-1f,w,2,2,0,ctl,ok,0,0,14.3,171.7
mpg,8.0,3,w48-16qam-r1/3,w48,19,1,0,data,ok,18,18,10.5,171.7
mpg,8.0,3,ack-1f,w,2,2,0,ctl,ok,0,0,9.6,171.7
mpg,8.0,3,w48-16qam-r1/3,w48,19,1,0,data,ok,18,18,9.3,171.7
mpg,8.0,3,ack-1f,w,2,2,0,ctl,ok,0,0,5.1,171.7
mpg,8.0,3,w48-16qam-r1/3,w48,19,1,0,data,ok,18,18,7.3,171.7
mpg,8.0,3,ack-1f,w,2,2,0,ctl,ok,0,0,11.8,171.7
mpg,8.0,3,w48-16qam-r1/3,w48,19,1,0,data,ok,18,18,9.7,171.7
mpg,8.0,3,ack-1f,w,2,2,0,ctl,ctl_lost,0,0,-1.6,171.7
mpg,8.0,3,ack-4f,w,3,3,0,ctl,ok,0,0,8.5,171.7
mpg,8.0,3,ack-4f,w,2,2,0,ctl,ok,0,0,10.0,171.7
mpg,8.0,3,w48-16qam-r1/3,w48,19,1,0,data,ok,18,18,7.6,171.7
mpg,8.0,3,ack-1f,w,3,3,0,ctl,ok,0,0,7.2,171.7
mpg,8.0,3,w48-16qam-r1/3,w48,19,2,1,data,ok,17,17,7.4,171.7
mpg,8.0,3,ack-1f,w,3,3,0,ctl,ok,0,0,2.6,171.7
mpg,8.0,3,w48-16qam-r1/3,w48,19,2,1,data,ok,17,17,9.9,171.7
mpg,8.0,3,ack-1f,w,2,2,0,ctl,ok,0,0,13.8,171.7
mpg,8.0,3,w48-16qam-r1/3,w48,19,1,0,data,ok,18,18,10.2,171.7
mpg,8.0,3,ack-1f,w,2,2,0,ctl,ok,0,0,12.1,171.7
mpg,8.0,3,w48-16qam-r1/3,w48,19,1,0,data,ok,18,18,8.6,171.7
mpg,8.0,3,ack-1f,w,2,2,0,ctl,ok,0,0,9.5,171.7
mpg,8.0,3,w48-16qam-r1/3,w48,19,1,0,data,ok,18,18,10.3,171.7
mpg,8.0,3,ack-1f,w,2,2,0,ctl,ok,0,0,9.4,171.7
mpg,8.0,3,w48-16qam-r1/3,w48,19,1,0,data,ok,18,18,8.2,171.7
mpg,8.0,3,ack-1f,w,2,2,0,ctl,ok,0,0,13.0,171.7
mpg,8.0,3,w48-16qam-r1/3,w48,19,1,0,data,ok,18,16,7.6,171.7
mpg,8.0,3,ack-1f,w,3,3,0,ctl,ok,0,0,11.2,171.7
mpg,8.0,3,w48-16qam-r1/3,w48,19,1,0,data,ok,16,16,7.6,171.7
mpg,8.0,3,ack-1f,w,2,2,0,ctl,ok,0,0,13.0,171.7
mpg,8.0,3,w48-16qam-r1/3,w48,19,1,0,data,ok,18,18,13.5,171.7
mpg,8.0,3,ack-1f,w,2,2,0,ctl,ok,0,0,17.1,171.7
mpg,8.0,3,w48-16qam-r1/3,w48,19,1,0,data,ok,18,18,11.5,171.7
mpg,8.0,3,ack-1f,w,2,2,0,ctl,ok,0,0,8.2,171.7
mpg,8.0,3,w48-16qam-r1/3,w48,19,1,0,data,ok,18,18,11.5,171.7
mpg,8.0,3,ack-1f,w,2,2,0,ctl,ok,0,0,7.1,171.7
mpg,8.0,3,w48-16qam-r1/3,w48,19,1,0,data,ctl_lost,18,0,4.5,171.7
mpg,8.0,3,ack-4f,w,3,3,0,ctl,ok,0,0,13.9,171.7
mpg,8.0,3,ack-4f,w,3,3,0,ctl,ok,0,0,13.0,171.7
mpg,8.0,3,w48-16qam-r1/3,w48,19,2,1,data,ok,17,17,10.1,171.7
mpg,8.0,3,ack-1f,w,2,2,0,ctl,ok,0,0,8.2,171.7
mpg,8.0,3,w48-16qam-r1/3,w48,19,1,0,data,ok,18,18,8.2,171.7
mpg,8.0,3,ack-1f,w,2,2,0,ctl,ok,0,0,8.9,171.7
mpg,8.0,3,w48-16qam-r1/3,w48,19,1,0,data,ok,18,18,11.0,171.7
mpg,8.0,3,ack-1f,w,2,2,0,ctl,ok,0,0,6.0,171.7
mpg,8.0,3,w48-16qam-r1/3,w48,19,1,0,data,ok,18,18,7.3,171.7
mpg,8.0,3,ack-1f,w,3,3,0,ctl,ok,0,0,6.1,171.7
mpg,8.0,3,w48-16qam-r1/3,w48,19,2,1,data,ok,17,0,5.8,171.7
mpg,8.0,5,qpsk-r1/5,w,1,1,0,ctl,ok,0,0,12.3,154.7
mpg,8.0,5,qpsk-r1/5,w,1,1,0,ctl,ok,0,0,14.1,154.7
mpg,8.0,5,ack-4f,w,2,2,0,ctl,ok,0,0,12.1,154.7
mpg,8.0,5,ack-1f,w,3,3,0,ctl,ok,0,0,6.1,154.7
mpg,8.0,5,w48-qpsk-r3/4,w48,19,2,1,data,ok,17,0,10.3,154.7
mpg,8.0,5,ack-1f,w,3,3,0,ctl,ok,0,0,13.7,154.7
mpg,8.0,5,w48-16qam-r1/3,w48,19,2,1,data,ok,17,17,11.7,154.7
mpg,8.0,5,ack-1f,w,2,2,0,ctl,ok,0,0,11.1,154.7
mpg,8.0,5,w48-16qam-r1/3,w48,19,1,0,data,ok,18,18,9.1,154.7
mpg,8.0,5,ack-1f,w,2,2,0,ctl,ok,0,0,8.0,154.7
mpg,8.0,5,w48-16qam-r1/3,w48,19,1,0,data,ok,18,18,10.3,154.7
mpg,8.0,5,ack-1f,w,3,3,0,ctl,ok,0,0,9.0,154.7
mpg,8.0,5,w48-16qam-r1/3,w48,19,2,1,data,ok,17,17,11.1,154.7
mpg,8.0,5,ack-1f,w,2,2,0,ctl,ok,0,0,11.0,154.7
mpg,8.0,5,w48-16qam-r1/3,w48,19,1,0,data,ok,18,18,10.7,154.7
mpg,8.0,5,ack-1f,w,2,2,0,ctl,ok,0,0,9.3,154.7
mpg,8.0,5,w48-16qam-r1/3,w48,19,1,0,data,ok,18,18,9.7,154.7
mpg,8.0,5,ack-1f,w,2,2,0,ctl,ok,0,0,14.5,154.7
mpg,8.0,5,w48-16qam-r1/3,w48,19,1,0,data,ok,18,18,10.0,154.7
mpg,8.0,5,ack-1f,w,2,2,0,ctl,ok,0,0,8.4,154.7
mpg,8.0,5,w48-16qam-r1/3,w48,19,1,0,data,ok,18,18,9.8,154.7
mpg,8.0,5,ack-1f,w,2,2,0,ctl,ok,0,0,11.2,154.7
mpg,8.0,5,w48-16qam-r1/3,w48,19,1,0,data,ok,18,18,7.8,154.7
mpg,8.0,5,ack-1f,w,2,2,0,ctl,ok,0,0,8.2,154.7
mpg,8.0,5,w48-16qam-r1/3,w48,19,1,0,data,ok,18,18,8.0,154.7
mpg,8.0,5,ack-1f,w,3,3,0,ctl,ok,0,0,4.7,154.7
mpg,8.0,5,w48-16qam-r1/3,w48,19,2,1,data,ok,17,17,8.4,154.7
mpg,8.0,5,ack-1f,w,3,3,0,ctl,ok,0,0,12.8,154.7
mpg,8.0,5,w48-16qam-r1/3,w48,19,2,1,data,ok,17,17,8.9,154.7
mpg,8.0,5,ack-1f,w,2,2,0,ctl,ok,0,0,11.7,154.7
mpg,8.0,5,w48-16qam-r1/3,w48,19,1,0,data,ctl_lost,18,0,6.4,154.7
mpg,8.0,5,ack-4f,w,2,2,0,ctl,ok,0,0,13.1,154.7
mpg,8.0,5,ack-4f,w,3,3,0,ctl,ok,0,0,12.1,154.7
mpg,8.0,5,w48-16qam-r1/3,w48,19,2,1,data,ok,17,17,11.5,154.7
mpg,8.0,5,ack-1f,w,2,2,0,ctl,ok,0,0,14.9,154.7
mpg,8.0,5,w48-16qam-r1/3,w48,19,1,0,data,ctl_lost,18,1,7.0,154.7
mpg,8.0,5,ack-4f,w,3,3,0,ctl,ok,0,0,10.7,154.7
mpg,8.0,5,ack-4f,w,2,2,0,ctl,ok,0,0,10.8,154.7
mpg,8.0,5,w48-qpsk-r1/2,w48,19,1,0,data,ok,18,18,9.6,154.7
mpg,8.0,5,ack-1f,w,2,2,0,ctl,ok,0,0,11.4,154.7
mpg,8.0,5,w48-qpsk-r1/2,w48,19,1,0,data,ok,18,18,7.2,154.7
mpg,8.0,5,ack-1f,w,2,2,0,ctl,ok,0,0,12.3,154.7
mpg,8.0,5,w48-qpsk-r1/2,w48,19,1,0,data,ok,18,18,10.0,154.7
mpg,8.0,5,ack-1f,w,2,2,0,ctl,ok,0,0,11.6,154.7
mpg,8.0,5,w48-qpsk-r1/2,w48,19,1,0,data,ok,18,18,10.2,154.7
mpg,8.0,5,ack-1f,w,3,3,0,ctl,ok,0,0,14.6,154.7
mpg,8.0,5,w48-16qam-r1/3,w48,19,2,1,data,ok,17,17,11.7,154.7
mpg,8.0,5,ack-1f,w,2,2,0,ctl,ok,0,0,13.6,154.7
mpg,8.0,5,w48-16qam-r1/3,w48,19,1,0,data,ok,18,18,11.5,154.7
mpg,8.0,5,ack-1f,w,3,3,0,ctl,ok,0,0,12.6,154.7
mpg,8.0,5,w48-16qam-r1/2,w48,19,2,1,data,ok,17,0,9.4,154.7
mpg,8.0,5,ack-1f,w,3,3,0,ctl,ok,0,0,14.7,154.7
mpg,8.0,5,w48-16qam-r1/3,w48,19,2,1,data,ok,17,17,10.7,154.7
mpg,8.0,5,ack-1f,w,2,2,0,ctl,ok,0,0,13.1,154.7
mpg,8.0,5,w48-qpsk-r1/2,w48,19,1,0,data,ok,18,18,7.8,154.7
mpg,8.0,5,ack-1f,w,2,2,0,ctl,ctl_lost,0,0,-4.1,154.7
mpg,8.0,5,ack-4f,w,3,3,0,ctl,ok,0,0,8.7,154.7
mpg,8.0,5,ack-4f,w,2,2,0,ctl,ok,0,0,11.8,154.7
mpg,8.0,5,w48-qpsk-r1/2,w48,19,1,0,data,ok,18,18,10.8,154.7
mpg,8.0,5,ack-1f,w,3,3,0,ctl,ok,0,0,9.4,154.7
mpg,8.0,5,w48-16qam-r1/3,w48,19,2,1,data,ok,17,17,9.1,154.7
mpg,8.0,5,ack-1f,w,2,2,0,ctl,ok,0,0,7.3,154.7
mpg,8.0,5,w48-16qam-r1/3,w48,19,1,0,data,ok,18,18,8.8,154.7
mpg,8.0,5,ack-1f,w,3,3,0,ctl,ok,0,0,11.2,154.7
mpg,8.0,5,w48-16qam-r1/3,w48,19,2,1,data,ok,17,17,9.9,154.7
mpg,8.0,5,ack-1f,w,3,3,0,ctl,ok,0,0,8.9,154.7
mpg,8.0,5,w48-16qam-r1/3,w48,19,2,1,data,ok,17,4,6.6,154.7
mpg,8.0,5,ack-1f,w,4,4,0,ctl,ok,0,0,12.8,154.7
mpg,8.0,5,w48-16qam-r1/3,w48,19,2,1,data,ok,4,4,11.7,154.7
mpg,8.0,5,ack-1f,w,2,2,0,ctl,ok,0,0,13.0,154.7
mpg,8.0,5,w48-16qam-r1/3,w48,19,1,0,data,ok,18,18,12.5,154.7
mpg,8.0,5,ack-1f,w,3,3,0,ctl,ok,0,0,10.4,154.7
mpg,8.0,5,w48-16qam-r1/2,w48,19,2,1,data,ok,17,0,6.2,154.7
mpg,8.0,5,ack-1f,w,3,3,0,ctl,ok,0,0,4.2,154.7
mpg,8.0,5,w48-16qam-r1/3,w48,19,2,1,data,ok,17,17,9.1,154.7
mpg,8.0,5,ack-1f,w,3,3,0,ctl,ok,0,0,13.6,154.7
mpg,8.0,5,w48-16qam-r1/3,w48,19,2,1,data,ok,17,17,11.8,154.7
mpg,8.0,5,ack-1f,w,2,2,0,ctl,ok,0,0,10.0,154.7
mpg,8.0,5,w48-16qam-r1/3,w48,19,1,0,data,ok,18,18,12.4,154.7
mpg,8.0,5,ack-1f,w,2,2,0,ctl,ok,0,0,11.3,154.7
mpg,8.0,5,w48-16qam-r1/3,w48,19,1,0,data,ok,18,18,7.2,154.7
mpg,8.0,5,ack-1f,w,2,2,0,ctl,ok,0,0,13.8,154.7
mpg,8.0,5,w48-16qam-r1/3,w48,19,1,0,data,ok,18,18,11.1,154.7
mpg,8.0,5,ack-1f,w,2,2,0,ctl,ok,0,0,13.3,154.7
mpg,8.0,5,w48-16qam-r1/3,w48,19,1,0,data,ok,18,18,11.3,154.7
mpg,8.0,5,ack-1f,w,2,2,0,ctl,ok,0,0,0.8,154.7
mpg,8.0,5,w48-16qam-r1/3,w48,19,1,0,data,ctl_lost,18,0,6.1,154.7
mpg,8.0,5,ack-4f,w,3,3,0,ctl,ok,0,0,8.7,154.7
mpg,8.0,5,ack-4f,w,2,2,0,ctl,ok,0,0,10.4,154.7
mpg,8.0,5,w48-qpsk-r1/2,w48,19,1,0,data,ok,18,18,9.6,154.7
mpg,8.0,5,ack-1f,w,2,2,0,ctl,ok,0,0,12.2,154.7
mpg,8.0,5,w48-qpsk-r1/2,w48,19,1,0,data,ok,18,18,10.6,154.7
mpg,8.0,5,ack-1f,w,2,2,0,ctl,ok,0,0,13.0,154.7
mpg,8.0,5,w48-qpsk-r1/2,w48,19,1,0,data,ok,18,18,9.6,154.7
mpg,8.0,5,ack-1f,w,3,3,0,ctl,ok,0,0,7.0,154.7
mpg,0.0,0,qpsk-r1/5,w,1,1,0,ctl,ok,0,0,2.3,42.5
mpg,0.0,0,qpsk-r1/5,w,1,1,0,ctl,ok,0,0,5.2,42.5
mpg,0.0,0,ack-4f,w,3,3,0,ctl,ok,0,0,5.9,42.5
mpg,0.0,0,ack-1f,w,3,3,0,ctl,ok,0,0,2.6,42.5
mpg,0.0,0,qpsk-r1/2,w,9,2,1,data,ctl_lost,7,0,-3.7,42.5
mpg,0.0,0,ack-4f,w,3,3,0,ctl,ok,0,0,-1.0,42.5
mpg,0.0,0,ack-4f,w,3,3,0,ctl,ok,0,0,0.3,42.5
mpg,0.0,0,qpsk-r1/3,w,9,2,1,data,ok,7,7,7.7,42.5
mpg,0.0,0,ack-1f,w,3,3,0,ctl,ok,0,0,6.6,42.5
mpg,0.0,0,w48-qpsk-r1/5,w48,19,2,1,data,ok,17,0,-1.1,42.5
mpg,0.0,0,ack-1f,w,3,3,0,ctl,ok,0,0,0.9,42.5
mpg,0.0,0,w48-qpsk-r1/5,w48,19,2,1,data,ok,0,0,0.6,42.5
mpg,0.0,0,ack-1f,w,3,3,0,ctl,ok,0,0,6.8,42.5
mpg,0.0,0,w48-qpsk-r1/5,w48,19,2,1,data,ok,17,17,1.7,42.5
mpg,0.0,0,ack-1f,w,3,3,0,ctl,ok,0,0,0.1,42.5
mpg,0.0,0,w48-qpsk-r1/5,w48,19,2,1,data,ok,17,17,4.5,42.5
mpg,0.0,0,ack-1f,w,2,2,0,ctl,ctl_lost,0,0,-8.0,42.5
mpg,0.0,0,ack-4f,w,3,3,0,ctl,ok,0,0,5.0,42.5
mpg,0.0,0,ack-4f,w,3,3,0,ctl,ok,0,0,6.2,42.5
mpg,0.0,0,w48-qpsk-r1/3,w48,19,2,1,data,ctl_lost,17,0,-2.2,42.5
mpg,0.0,0,ack-4f,w,3,3,0,ctl,ok,0,0,3.5,42.5
mpg,0.0,0,ack-4f,w,3,3,0,ctl,ok,0,0,8.4,42.5
mpg,0.0,0,w48-qpsk-r1/5,w48,19,2,1,data,ok,17,17,4.3,42.5
mpg,0.0,0,ack-1f,w,2,2,0,ctl,ok,0,0,2.0,42.5
mpg,0.0,0,w48-qpsk-r1/5,w48,19,1,0,data,ok,18,18,2.0,42.5
mpg,0.0,0,ack-1f,w,2,2,0,ctl,ok,0,0,3.3,42.5
mpg,0.0,0,w48-qpsk-r1/5,w48,19,1,0,data,ok,18,18,2.9,42.5
mpg,0.0,0,ack-1f,w,2,2,0,ctl,ctl_lost,0,0,-6.1,42.5
mpg,0.0,0,ack-4f,w,3,3,0,ctl,ok,0,0,2.2,42.5
mpg,0.0,0,ack-4f,w,2,2,0,ctl,ok,0,0,5.6,42.5
mpg,0.0,0,w48-qpsk-r1/5,w48,19,1,0,data,ok,18,18,2.7,42.5
mpg,0.0,0,ack-4f,w,2,2,0,ctl,ok,0,0,1.2,42.5
mpg,0.0,0,w48-qpsk-r1/5,w48,19,1,0,data,ok,18,18,0.5,42.5
mpg,0.0,0,ack-4f,w,2,2,0,ctl,ok,0,0,8.2,42.5
mpg,0.0,0,w48-qpsk-r1/5,w48,19,1,0,data,ok,18,18,4.2,42.5
mpg,0.0,0,ack-4f,w,2,2,0,ctl,ok,0,0,6.2,42.5
mpg,0.0,0,w48-qpsk-r1/5,w48,19,1,0,data,ok,18,18,2.1,42.5
mpg,0.0,0,n4-ack-2f,n4,2,2,0,ctl,ok,0,0,-1.9,42.5
mpg,0.0,0,w48-qpsk-r1/5,w48,19,1,0,data,ok,18,18,3.0,42.5
mpg,0.0,0,ack-4f,w,2,2,0,ctl,ok,0,0,7.0,42.5
mpg,0.0,0,w48-qpsk-r1/5,w48,19,1,0,data,ok,18,18,4.5,42.5
mpg,0.0,0,ack-4f,w,2,2,0,ctl,ok,0,0,-0.1,42.5
mpg,0.0,0,w48-qpsk-r1/5,w48,19,1,0,data,ok,18,18,2.4,42.5
mpg,0.0,0,ack-4f,w,2,2,0,ctl,ok,0,0,6.8,42.5
mpg,0.0,0,w48-qpsk-r1/5,w48,19,1,0,data,ok,18,18,3.6,42.5
mpg,0.0,0,ack-4f,w,2,2,0,ctl,ok,0,0,6.0,42.5
mpg,0.0,0,w48-qpsk-r1/5,w48,19,1,0,data,ok,18,18,0.9,42.5
mpg,0.0,0,n4-ack-2f,n4,2,2,0,ctl,ok,0,0,0.2,42.5
mpg,0.0,0,w48-qpsk-r1/5,w48,19,1,0,data,ok,18,17,0.1,42.5
mpg,0.0,0,ack-4f,w,3,3,0,ctl,ok,0,0,-1.8,42.5
mpg,0.0,0,w48-qpsk-r1/5,w48,19,1,0,data,ok,17,17,2.9,42.5
mpg,0.0,0,ack-4f,w,2,2,0,ctl,ok,0,0,3.5,42.5
mpg,0.0,0,w48-qpsk-r1/5,w48,19,1,0,data,ok,18,18,6.2,42.5
mpg,0.0,0,ack-4f,w,3,3,0,ctl,ok,0,0,7.0,42.5
mpg,0.0,0,w48-qpsk-r1/2,w48,19,2,1,data,ctl_lost,17,0,1.2,42.5
mpg,0.0,0,ack-4f,w,3,3,0,ctl,ok,0,0,6.3,42.5
mpg,0.0,0,ack-4f,w,2,2,0,ctl,ok,0,0,-0.7,42.5
mpg,0.0,0,w48-qpsk-r1/5,w48,19,1,0,data,ok,18,18,2.8,42.5
mpg,0.0,0,ack-4f,w,2,2,0,ctl,ok,0,0,7.6,42.5
mpg,0.0,0,w48-qpsk-r1/5,w48,19,1,0,data,ok,18,18,4.2,42.5
mpg,0.0,0,ack-4f,w,2,2,0,ctl,ok,0,0,6.0,42.5
mpg,0.0,0,w48-qpsk-r1/5,w48,19,1,0,data,ok,18,18,2.8,42.5
mpg,0.0,0,n4-ack-2f,n4,2,2,0,ctl,ok,0,0,2.0,42.5
mpg,0.0,0,w48-qpsk-r1/5,w48,19,1,0,data,ok,18,18,2.3,42.5
mpg,0.0,0,n4-ack-2f,n4,2,2,0,ctl,ok,0,0,1.2,42.5
mpg,0.0,0,w48-qpsk-r1/5,w48,19,1,0,data,ok,18,14,0.2,42.5
mpg,0.0,0,n4-ack-2f,n4,3,3,0,ctl,ok,0,0,7.8,42.5
mpg,0.0,0,w48-qpsk-r1/5,w48,19,1,0,data,ctl_lost,14,0,-1.5,42.5
mpg,0.0,0,ack-4f,w,3,3,,ctl,missed,0,0,,42.5
mpg,0.0,0,ack-4f,w,3,3,0,ctl,ok,0,0,-2.3,42.5
mpg,0.0,0,ack-4f,w,4,4,0,ctl,ok,0,0,2.2,42.5
mpg,0.0,0,w48-qpsk-r1/5,w48,19,2,1,data,ok,13,13,3.6,42.5
mpg,0.0,0,n4-ack-2f,n4,2,2,0,ctl,ok,0,0,4.0,42.5
mpg,0.0,0,w48-qpsk-r1/5,w48,19,1,0,data,ok,18,18,2.6,42.5
mpg,0.0,0,n4-ack-2f,n4,2,2,0,ctl,ok,0,0,7.4,42.5
mpg,0.0,0,w48-qpsk-r1/5,w48,19,1,0,data,ok,18,18,5.4,42.5
mpg,0.0,0,ack-1f,w,3,3,0,ctl,ok,0,0,4.9,42.5
mpg,0.0,0,w48-qpsk-r1/3,w48,19,2,1,data,ok,17,3,2.3,42.5
mpg,0.0,0,ack-1f,w,3,3,0,ctl,ctl_lost,0,0,-0.0,42.5
mpg,0.0,0,ack-4f,w,3,3,0,ctl,ok,0,0,-2.3,42.5
mpg,0.0,0,ack-4f,w,3,3,0,ctl,ok,0,0,4.8,42.5
mpg,0.0,0,w48-qpsk-r1/5,w48,19,1,0,data,ok,18,18,2.9,42.5
mpg,0.0,0,ack-4f,w,2,2,0,ctl,ok,0,0,5.9,42.5
mpg,0.0,0,w48-qpsk-r1/5,w48,19,1,0,data,ok,18,18,2.7,42.5
mpg,0.0,0,ack-4f,w,2,2,0,ctl,ok,0,0,2.1,42.5
mpg,0.0,0,w48-qpsk-r1/5,w48,19,1,0,data,ok,18,18,3.5,42.5
mpg,0.0,0,n4-ack-2f,n4,2,2,0,ctl,ok,0,0,3.5,42.5
mpg,0.0,0,w48-qpsk-r1/5,w48,19,1,0,data,ok,18,17,-0.9,42.5
mpg,0.0,0,n4-ack-2f,n4,3,3,0,ctl,ok,0,0,6.3,42.5
mpg,0.0,0,w48-qpsk-r1/5,w48,19,1,0,data,ok,17,17,1.8,42.5
mpg,0.0,0,ack-1f,w,3,3,0,ctl,ok,0,0,8.0,42.5
mpg,0.0,0,w48-256l-r5/8,w48,39,2,1,data,ctl_lost,37,0,-5.0,42.5
mpg,0.0,0,ack-4f,w,3,3,0,ctl,ok,0,0,2.8,42.5
mpg,0.0,0,ack-4f,w,3,3,0,ctl,ok,0,0,3.8,42.5
mpg,0.0,0,w48-qpsk-r1/5,w48,19,2,1,data,ok,17,17,5.1,42.5
mpp,-4.0,1,qpsk-r1/5,w,1,1,0,ctl,ok,0,0,1.0,21.2
mpp,-4.0,1,qpsk-r1/5,w,1,1,0,ctl,ok,0,0,-0.4,21.2
mpp,-4.0,1,ack-4f,w,3,3,0,ctl,ok,0,0,-2.3,21.2
mpp,-4.0,1,ack-4f,w,3,3,0,ctl,ok,0,0,-1.2,21.2
mpp,-4.0,1,qpsk-r1/5,w,9,2,1,data,ok,7,7,-1.2,21.2
mpp,-4.0,1,ack-4f,w,3,3,0,ctl,ok,0,0,-1.5,21.2
mpp,-4.0,1,qpsk-r1/5,w,9,2,1,data,ok,7,7,-0.5,21.2
mpp,-4.0,1,ack-4f,w,3,3,0,ctl,ok,0,0,0.1,21.2
mpp,-4.0,1,qpsk-r1/5,w,9,2,1,data,ok,7,7,-1.5,21.2
mpp,-4.0,1,ack-4f,w,3,3,0,ctl,ok,0,0,-3.3,21.2
mpp,-4.0,1,qpsk-r1/5,w,9,2,1,data,ok,7,7,-1.9,21.2
mpp,-4.0,1,ack-4f,w,3,3,0,ctl,ok,0,0,-2.8,21.2
mpp,-4.0,1,qpsk-r1/5,w,9,2,1,data,ok,7,7,-2.0,21.2
mpp,-4.0,1,ack-4f,w,3,3,0,ctl,ok,0,0,-0.1,21.2
mpp,-4.0,1,qpsk-r1/5,w,9,2,1,data,ok,7,7,-1.7,21.2
mpp,-4.0,1,ack-4f,w,3,3,0,ctl,ok,0,0,-2.8,21.2
mpp,-4.0,1,qpsk-r1/5,w,9,2,1,data,ok,7,7,-1.4,21.2
mpp,-4.0,1,ack-4f,w,2,2,0,ctl,ok,0,0,-1.7,21.2
mpp,-4.0,1,qpsk-r1/5,w,9,1,0,data,ok,8,8,-1.4,21.2
mpp,-4.0,1,ack-4f,w,2,2,0,ctl,ok,0,0,-0.8,21.2
mpp,-4.0,1,qpsk-r1/5,w,9,1,0,data,ok,8,8,-0.0,21.2
mpp,-4.0,1,ack-4f,w,2,2,0,ctl,ok,0,0,2.5,21.2
mpp,-4.0,1,qpsk-r1/5,w,9,1,0,data,ok,8,8,-2.1,21.2
mpp,-4.0,1,ack-4f,w,2,2,0,ctl,ok,0,0,-1.2,21.2
mpp,-4.0,1,qpsk-r1/5,w,9,1,0,data,ok,8,7,-1.9,21.2
mpp,-4.0,1,ack-4f,w,3,3,0,ctl,ok,0,0,-2.5,21.2
mpp,-4.0,1,qpsk-r1/5,w,9,1,0,data,ok,7,7,0.3,21.2
mpp,-4.0,1,ack-4f,w,2,2,0,ctl,ok,0,0,1.0,21.2
mpp,-4.0,1,qpsk-r1/5,w,9,1,0,data,ctl_lost,8,8,-2.1,21.2
mpp,-4.0,1,ack-4f,w,3,3,0,ctl,ok,0,0,-0.2,21.2
mpp,-4.0,1,ack-4f,w,3,3,0,ctl,ok,0,0,3.1,21.2
mpp,-4.0,1,qpsk-r1/5,w,9,2,1,data,ok,7,7,-0.2,21.2
mpp,-4.0,1,ack-4f,w,3,3,0,ctl,ok,0,0,0.8,21.2
mpp,-4.0,1,qpsk-r1/5,w,9,2,1,data,ok,7,7,-0.8,21.2
mpp,-4.0,1,ack-4f,w,2,2,0,ctl,ok,0,0,0.4,21.2
mpp,-4.0,1,qpsk-r1/5,w,9,1,0,data,ok,8,8,0.0,21.2
mpp,-4.0,1,ack-4f,w,2,2,0,ctl,ok,0,0,-1.0,21.2
mpp,-4.0,1,qpsk-r1/5,w,9,1,0,data,ok,8,8,-0.6,21.2
mpp,-4.0,1,ack-4f,w,2,2,0,ctl,ok,0,0,-1.9,21.2
mpp,-4.0,1,qpsk-r1/5,w,9,1,0,data,ctl_lost,8,8,-2.7,21.2
mpp,-4.0,1,ack-4f,w,3,3,0,ctl,ok,0,0,-1.4,21.2
mpp,-4.0,1,ack-4f,w,3,3,0,ctl,ok,0,0,-2.0,21.2
mpp,-4.0,1,qpsk-r1/5,w,9,2,1,data,ok,7,7,-2.4,21.2
mpp,-4.0,1,ack-4f,w,3,3,0,ctl,ok,0,0,-1.2,21.2
mpp,-4.0,1,qpsk-r1/5,w,9,2,,data,missed,0,0,,21.2
mpp,-4.0,1,ack-4f,w,3,3,0,ctl,ok,0,0,-1.1,21.2
mpp,-4.0,1,ack-4f,w,3,3,0,ctl,ok,0,0,0.5,21.2
mpp,-4.0,1,qpsk-r1/5,w,9,2,1,data,ok,7,7,-0.9,21.2
mpp,-4.0,1,ack-4f,w,3,3,0,ctl,ok,0,0,0.2,21.2
mpp,-4.0,1,qpsk-r1/5,w,9,2,1,data,ok,7,7,-0.8,21.2
mpp,-4.0,1,ack-4f,w,2,2,0,ctl,ok,0,0,-0.2,21.2
mpp,-4.0,1,qpsk-r1/5,w,9,1,0,data,ok,8,8,-0.4,21.2
mpp,-4.0,1,ack-4f,w,2,2,0,ctl,ok,0,0,0.2,21.2
mpp,-4.0,1,qpsk-r1/5,w,9,1,0,data,ok,8,8,-0.6,21.2
mpp,-4.0,1,ack-4f,w,2,2,0,ctl,ok,0,0,2.4,21.2
mpp,-4.0,1,qpsk-r1/5,w,9,1,0,data,ctl_lost,8,0,-3.1,21.2
mpp,-4.0,1,ack-4f,w,3,3,0,ctl,ok,0,0,-3.8,21.2
mpp,-4.0,1,ack-4f,w,3,3,,ctl,missed,0,0,,21.2
mpp,-4.0,1,ack-4f,w,3,3,0,ctl,ok,0,0,-3.9,21.2
mpp,-4.0,1,ack-4f,w,3,3,0,ctl,ok,0,0,-2.3,21.2
mpp,-4.0,1,qpsk-r1/5,w,9,2,1,data,ok,7,7,-1.5,21.2
mpp,-4.0,1,ack-4f,w,3,3,0,ctl,ok,0,0,0.1,21.2
mpp,-4.0,1,qpsk-r1/5,w,9,2,1,data,ok,7,7,-1.3,21.2
mpp,-4.0,1,ack-4f,w,3,3,0,ctl,ok,0,0,-0.5,21.2
mpp,-4.0,1,qpsk-r1/5,w,9,2,1,data,ok,7,7,-1.3,21.2
mpp,-4.0,1,ack-4f,w,2,2,0,ctl,ok,0,0,-2.4,21.2
mpp,-4.0,1,qpsk-r1/5,w,9,1,0,data,ok,8,8,-2.2,21.2
mpp,-4.0,1,ack-4f,w,3,3,0,ctl,ok,0,0,-1.1,21.2
mpp,-4.0,1,qpsk-r1/5,w,9,2,1,data,ok,7,7,-0.8,21.2
mpp,-4.0,1,ack-4f,w,2,2,0,ctl,ok,0,0,-4.2,21.2
mpp,-4.0,1,qpsk-r1/5,w,9,1,0,data,ok,8,8,0.3,21.2
mpp,-4.0,1,ack-4f,w,2,2,0,ctl,ok,0,0,-1.0,21.2
mpp,-4.0,1,qpsk-r1/5,w,9,1,0,data,ok,8,8,-1.3,21.2
mpp,-4.0,1,ack-4f,w,2,2,0,ctl,ok,0,0,0.6,21.2
mpp,-4.0,1,qpsk-r1/5,w,9,1,0,data,ok,8,8,-1.6,21.2
mpp,-4.0,1,ack-4f,w,2,2,0,ctl,ok,0,0,1.0,21.2
mpp,-4.0,1,qpsk-r1/5,w,9,1,0,data,ok,8,8,-0.9,21.2
mpp,-4.0,1,ack-4f,w,2,2,0,ctl,ok,0,0,-2.0,21.2
mpp,-4.0,1,qpsk-r1/5,w,9,1,0,data,ok,8,8,0.1,21.2
mpp,-4.0,1,ack-4f,w,2,2,0,ctl,ok,0,0,1.3,21.2
mpp,-4.0,1,qpsk-r1/5,w,9,1,0,data,ok,8,8,-0.7,21.2
mpp,-4.0,1,ack-4f,w,2,2,0,ctl,ok,0,0,-3.3,21.2
mpp,-4.0,1,qpsk-r1/5,w,9,1,0,data,ok,8,8,-0.4,21.2
mpp,-4.0,1,ack-4f,w,2,2,0,ctl,ok,0,0,1.1,21.2
mpp,-4.0,1,qpsk-r1/5,w,9,1,0,data,ok,8,8,-1.8,21.2
mpp,-4.0,1,ack-4f,w,2,2,0,ctl,ok,0,0,1.6,21.2
mpp,-4.0,1,qpsk-r1/5,w,9,1,0,data,ok,8,8,-0.1,21.2
mpp,-4.0,1,ack-4f,w,2,2,0,ctl,ok,0,0,0.7,21.2
mpp,-4.0,1,qpsk-r1/5,w,9,1,0,data,ok,8,8,-2.5,21.2
mpp,-4.0,1,ack-4f,w,2,2,0,ctl,ok,0,0,0.1,21.2
mpp,-4.0,1,qpsk-r1/5,w,9,1,0,data,ok,8,8,-1.1,21.2
mpp,-4.0,1,ack-4f,w,2,2,0,ctl,ok,0,0,0.3,21.2
mpp,-4.0,1,qpsk-r1/5,w,9,1,0,data,ok,8,8,-1.8,21.2
mpp,-4.0,0,qpsk-r1/5,w,1,1,0,ctl,ok,0,0,1.2,20.8
mpp,-4.0,0,qpsk-r1/5,w,1,1,0,ctl,ok,0,0,-1.6,20.8
mpp,-4.0,0,ack-4f,w,3,3,0,ctl,ok,0,0,-3.9,20.8
mpp,-4.0,0,ack-4f,w,3,3,0,ctl,ok,0,0,-0.9,20.8
mpp,-4.0,0,qpsk-r1/5,w,9,2,1,data,ok,7,7,0.7,20.8
mpp,-4.0,0,ack-4f,w,3,3,0,ctl,ok,0,0,-2.0,20.8
mpp,-4.0,0,qpsk-r1/5,w,9,2,1,data,ok,7,7,-2.4,20.8
mpp,-4.0,0,ack-4f,w,3,3,0,ctl,ok,0,0,-2.0,20.8
mpp,-4.0,0,qpsk-r1/5,w,9,2,1,data,ok,7,7,-0.4,20.8
mpp,-4.0,0,ack-4f,w,3,3,0,ctl,ok,0,0,-1.9,20.8
mpp,-4.0,0,qpsk-r1/5,w,9,2,1,data,ok,7,7,0.5,20.8
mpp,-4.0,0,ack-4f,w,3,3,0,ctl,ok,0,0,-6.9,20.8
mpp,-4.0,0,qpsk-r1/3,w,9,2,1,data,ok,7,0,-1.0,20.8
mpp,-4.0,0,ack-4f,w,2,2,0,ctl,ok,0,0,-7.8,20.8
mpp,-4.0,0,qpsk-r1/5,w,9,1,0,data,ok,8,8,-2.2,20.8
mpp,-4.0,0,ack-4f,w,3,3,0,ctl,ok,0,0,-2.0,20.8
mpp,-4.0,0,qpsk-r1/5,w,9,2,1,data,ok,7,7,-1.5,20.8
mpp,-4.0,0,ack-4f,w,3,3,0,ctl,ok,0,0,2.1,20.8
mpp,-4.0,0,qpsk-r1/5,w,9,2,1,data,ok,7,7,0.0,20.8
mpp,-4.0,0,ack-4f,w,2,2,0,ctl,ok,0,0,0.0,20.8
mpp,-4.0,0,qpsk-r1/5,w,9,1,0,data,ok,8,8,-0.9,20.8
mpp,-4.0,0,ack-4f,w,2,2,0,ctl,ok,0,0,0.2,20.8
mpp,-4.0,0,qpsk-r1/5,w,9,1,0,data,ok,8,8,-1.2,20.8
mpp,-4.0,0,ack-4f,w,2,2,0,ctl,ok,0,0,-5.3,20.8
mpp,-4.0,0,qpsk-r1/5,w,9,1,0,data,ok,8,8,-1.3,20.8
mpp,-4.0,0,ack-4f,w,2,2,0,ctl,ok,0,0,-0.5,20.8
mpp,-4.0,0,qpsk-r1/5,w,9,1,0,data,ok,8,8,-1.4,20.8
mpp,-4.0,0,ack-4f,w,2,2,0,ctl,ok,0,0,-5.1,20.8
mpp,-4.0,0,qpsk-r1/5,w,9,1,0,data,ctl_lost,8,0,-3.6,20.8
mpp,-4.0,0,ack-4f,w,3,3,0,ctl,ok,0,0,-2.6,20.8
mpp,-4.0,0,ack-4f,w,3,3,0,ctl,ok,0,0,-2.1,20.8
mpp,-4.0,0,qpsk-r1/5,w,9,2,1,data,ok,7,7,-1.1,20.8
mpp,-4.0,0,ack-4f,w,3,3,0,ctl,ok,0,0,2.0,20.8
mpp,-4.0,0,qpsk-r1/5,w,9,2,1,data,ok,7,7,-0.4,20.8
mpp,-4.0,0,ack-4f,w,2,2,0,ctl,ok,0,0,-2.2,20.8
mpp,-4.0,0,qpsk-r1/5,w,9,1,0,data,ok,8,8,-1.7,20.8
mpp,-4.0,0,ack-4f,w,3,3,0,ctl,ok,0,0,-2.2,20.8
mpp,-4.0,0,qpsk-r1/5,w,9,2,1,data,ok,7,7,-1.1,20.8
mpp,-4.0,0,ack-4f,w,2,2,0,ctl,ok,0,0,-0.2,20.8
mpp,-4.0,0,qpsk-r1/5,w,9,1,0,data,ok,8,8,0.4,20.8
mpp,-4.0,0,ack-4f,w,2,2,0,ctl,ok,0,0,-2.4,20.8
mpp,-4.0,0,qpsk-r1/5,w,9,1,0,data,ok,8,8,0.5,20.8
mpp,-4.0,0,ack-4f,w,3,3,0,ctl,ok,0,0,0.7,20.8
mpp,-4.0,0,qpsk-r1/3,w,9,2,1,data,ctl_lost,7,0,-3.3,20.8
mpp,-4.0,0,ack-4f,w,3,3,0,ctl,ok,0,0,-0.9,20.8
mpp,-4.0,0,ack-4f,w,3,3,0,ctl,ok,0,0,1.9,20.8
mpp,-4.0,0,qpsk-r1/5,w,9,2,1,data,ok,7,7,-2.1,20.8
mpp,-4.0,0,ack-4f,w,3,3,0,ctl,ok,0,0,0.4,20.8
mpp,-4.0,0,qpsk-r1/5,w,9,2,1,data,ok,7,7,-0.5,20.8
mpp,-4.0,0,ack-4f,w,2,2,0,ctl,ok,0,0,-2.7,20.8
mpp,-4.0,0,qpsk-r1/5,w,9,1,0,data,ok,8,8,-0.2,20.8
mpp,-4.0,0,ack-4f,w,2,2,,ctl,missed,0,0,,20.8
mpp,-4.0,0,ack-4f,w,3,3,0,ctl,ok,0,0,-1.6,20.8
mpp,-4.0,0,ack-4f,w,2,2,0,ctl,ok,0,0,-2.0,20.8
mpp,-4.0,0,qpsk-r1/5,w,9,1,0,data,ok,8,8,-1.1,20.8
mpp,-4.0,0,ack-4f,w,2,2,0,ctl,ok,0,0,1.3,20.8
mpp,-4.0,0,qpsk-r1/5,w,9,1,0,data,ok,8,8,-0.1,20.8
mpp,-4.0,0,ack-4f,w,2,2,0,ctl,ok,0,0,1.1,20.8
mpp,-4.0,0,qpsk-r1/5,w,9,1,0,data,ok,8,8,-2.0,20.8
mpp,-4.0,0,ack-4f,w,2,2,0,ctl,ok,0,0,-2.8,20.8
mpp,-4.0,0,qpsk-r1/5,w,9,1,0,data,ctl_lost,8,1,-3.0,20.8
mpp,-4.0,0,ack-4f,w,3,3,0,ctl,ok,0,0,0.4,20.8
mpp,-4.0,0,ack-4f,w,3,3,0,ctl,ok,0,0,-0.2,20.8
mpp,-4.0,0,qpsk-r1/5,w,9,2,1,data,ok,7,7,-0.3,20.8
mpp,-4.0,0,ack-4f,w,2,2,0,ctl,ok,0,0,-2.0,20.8
mpp,-4.0,0,qpsk-r1/5,w,9,1,0,data,ok,8,8,-1.3,20.8
mpp,-4.0,0,ack-4f,w,2,2,0,ctl,ok,0,0,0.3,20.8
mpp,-4.0,0,qpsk-r1/5,w,9,1,0,data,ok,8,8,-0.8,20.8
mpp,-4.0,0,ack-4f,w,2,2,0,ctl,ok,0,0,-0.1,20.8
mpp,-4.0,0,qpsk-r1/5,w,9,1,0,data,ok,8,8,-2.1,20.8
mpp,-4.0,0,ack-4f,w,2,2,0,ctl,ok,0,0,-0.4,20.8
mpp,-4.0,0,qpsk-r1/5,w,9,1,0,data,ok,8,8,-0.3,20.8
mpp,-4.0,0,ack-4f,w,2,2,0,ctl,ok,0,0,2.5,20.8
mpp,-4.0,0,qpsk-r1/5,w,9,1,0,data,ok,8,8,-1.1,20.8
mpp,-4.0,0,ack-4f,w,2,2,0,ctl,ok,0,0,-2.0,20.8
mpp,-4.0,0,qpsk-r1/5,w,9,1,0,data,ok,8,8,0.7,20.8
mpp,-4.0,0,ack-4f,w,2,2,0,ctl,ok,0,0,2.6,20.8
mpp,-4.0,0,qpsk-r1/5,w,9,1,0,data,ok,8,8,-0.5,20.8
mpp,-4.0,0,ack-4f,w,2,2,0,ctl,ok,0,0,0.7,20.8
mpp,-4.0,0,qpsk-r1/5,w,9,1,,data,missed,0,0,,20.8
mpp,-4.0,0,ack-4f,w,3,3,0,ctl,ok,0,0,2.3,20.8
mpp,-4.0,0,ack-4f,w,2,2,0,ctl,ok,0,0,0.4,20.8
mpp,-4.0,0,qpsk-r1/5,w,9,1,0,data,ok,8,8,-0.6,20.8
mpp,-4.0,0,ack-4f,w,2,2,0,ctl,ok,0,0,-0.0,20.8
mpp,-4.0,0,qpsk-r1/5,w,9,1,0,data,ok,8,8,0.4,20.8
mpp,-4.0,0,ack-4f,w,2,2,0,ctl,ok,0,0,0.9,20.8
mpp,-4.0,0,qpsk-r1/5,w,9,1,0,data,ok,8,8,-0.6,20.8
mpp,-4.0,0,ack-4f,w,2,2,0,ctl,ok,0,0,1.5,20.8
mpp,-4.0,0,qpsk-r1/5,w,9,1,0,data,ok,8,8,-1.4,20.8
mpp,-4.0,0,ack-4f,w,2,2,0,ctl,ok,0,0,-2.0,20.8
mpp,-4.0,0,qpsk-r1/5,w,9,1,0,data,ok,8,8,0.0,20.8
mpp,-4.0,0,ack-4f,w,2,2,0,ctl,ok,0,0,-1.1,20.8
mpp,-4.0,0,qpsk-r1/5,w,9,1,0,data,ok,8,8,-1.2,20.8
mpg,8.0,8,qpsk-r1/5,w,1,1,0,ctl,ok,0,0,11.7,164.5
mpg,8.0,8,qpsk-r1/5,w,1,1,0,ctl,ok,0,0,10.6,164.5
mpg,8.0,8,ack-4f,w,2,2,0,ctl,ok,0,0,6.2,164.5
mpg,8.0,8,ack-1f,w,2,2,0,ctl,ok,0,0,11.8,164.5
mpg,8.0,8,w48-qpsk-r1/2,w48,19,1,0,data,ok,18,18,9.5,164.5
mpg,8.0,8,ack-1f,w,3,3,0,ctl,ok,0,0,-0.6,164.5
mpg,8.0,8,w48-16qam-r1/3,w48,19,2,1,data,ok,17,17,7.8,164.5
mpg,8.0,8,ack-1f,w,3,3,0,ctl,ok,0,0,6.4,164.5
mpg,8.0,8,w48-16qam-r1/3,w48,19,2,1,data,ok,17,17,9.2,164.5
mpg,8.0,8,ack-1f,w,3,3,0,ctl,ok,0,0,16.0,164.5
mpg,8.0,8,w48-16qam-r1/3,w48,19,2,1,data,ok,17,17,14.0,164.5
mpg,8.0,8,ack-1f,w,2,2,0,ctl,ok,0,0,9.5,164.5
mpg,8.0,8,w48-16qam-r1/3,w48,19,1,0,data,ok,18,18,12.7,164.5
mpg,8.0,8,ack-1f,w,3,3,0,ctl,ok,0,0,13.1,164.5
mpg,8.0,8,w48-16qam-r1/2,w48,19,2,1,data,ok,17,17,11.4,164.5
mpg,8.0,8,ack-1f,w,3,3,0,ctl,ok,0,0,12.0,164.5
mpg,8.0,8,w48-16qam-r1/2,w48,19,2,1,data,ok,17,0,4.7,164.5
mpg,8.0,8,ack-1f,w,3,3,0,ctl,ok,0,0,11.4,164.5
mpg,8.0,8,w48-16qam-r1/3,w48,19,2,1,data,ok,17,17,11.4,164.5
mpg,8.0,8,ack-1f,w,2,2,0,ctl,ok,0,0,6.4,164.5
mpg,8.0,8,w48-16qam-r1/3,w48,19,1,0,data,ok,18,18,8.2,164.5
mpg,8.0,8,ack-1f,w,2,2,0,ctl,ok,0,0,6.7,164.5
mpg,8.0,8,w48-16qam-r1/3,w48,19,1,0,data,ok,18,18,10.9,164.5
mpg,8.0,8,ack-1f,w,3,3,0,ctl,ok,0,0,5.1,164.5
mpg,8.0,8,w48-16qam-r1/3,w48,19,2,1,data,ok,17,17,10.3,164.5
mpg,8.0,8,ack-1f,w,2,2,0,ctl,ok,0,0,13.9,164.5
mpg,8.0,8,w48-16qam-r1/3,w48,19,1,0,data,ok,18,18,9.5,164.5
mpg,8.0,8,ack-1f,w,2,2,0,ctl,ok,0,0,13.3,164.5
mpg,8.0,8,w48-16qam-r1/3,w48,19,1,0,data,ok,18,18,12.5,164.5
mpg,8.0,8,ack-1f,w,2,2,0,ctl,ok,0,0,17.6,164.5
mpg,8.0,8,w48-16qam-r1/3,w48,19,1,0,data,ok,18,18,11.3,164.5
mpg,8.0,8,ack-1f,w,3,3,0,ctl,ok,0,0,12.1,164.5
mpg,8.0,8,w48-16qam-r1/2,w48,19,2,1,data,ok,17,0,8.7,164.5
mpg,8.0,8,ack-1f,w,2,2,0,ctl,ok,0,0,12.2,164.5
mpg,8.0,8,w48-16qam-r1/3,w48,19,1,0,data,ctl_lost,18,0,5.9,164.5
mpg,8.0,8,ack-4f,w,3,3,0,ctl,ok,0,0,4.1,164.5
mpg,8.0,8,ack-4f,w,3,3,0,ctl,ok,0,0,11.9,164.5
mpg,8.0,8,w48-qpsk-r1/3,w48,19,2,1,data,ok,17,17,12.1,164.5
mpg,8.0,8,ack-1f,w,2,2,0,ctl,ok,0,0,14.8,164.5
mpg,8.0,8,w48-16qam-r1/3,w48,19,1,0,data,ok,18,18,10.1,164.5
mpg,8.0,8,ack-1f,w,2,2,0,ctl,ok,0,0,3.7,164.5
mpg,8.0,8,w48-16qam-r1/3,w48,19,1,0,data,ok,18,18,13.1,164.5
mpg,8.0,8,ack-1f,w,2,2,0,ctl,ok,0,0,13.7,164.5
mpg,8.0,8,w48-16qam-r1/3,w48,19,1,0,data,ok,18,18,10.1,164.5
mpg,8.0,8,ack-1f,w,2,2,0,ctl,ok,0,0,13.5,164.5
mpg,8.0,8,w48-16qam-r1/3,w48,19,1,0,data,ok,18,18,11.8,164.5
mpg,8.0,8,ack-1f,w,2,2,0,ctl,ok,0,0,12.7,164.5
mpg,8.0,8,w48-16qam-r1/3,w48,19,1,0,data,ok,18,18,10.9,164.5
mpg,8.0,8,ack-1f,w,2,2,0,ctl,ok,0,0,11.5,164.5
mpg,8.0,8,w48-16qam-r1/3,w48,19,1,0,data,ok,18,18,8.8,164.5
mpg,8.0,8,ack-1f,w,2,2,0,ctl,ok,0,0,12.8,164.5
mpg,8.0,8,w48-16qam-r1/3,w48,19,1,0,data,ok,18,18,10.9,164.5
mpg,8.0,8,ack-1f,w,2,2,0,ctl,ok,0,0,9.2,164.5
mpg,8.0,8,w48-16qam-r1/3,w48,19,1,0,data,ok,18,14,7.7,164.5
mpg,8.0,8,ack-1f,w,4,4,0,ctl,ok,0,0,6.9,164.5
mpg,8.0,8,w48-16qam-r1/3,w48,19,2,1,data,ok,13,13,9.4,164.5
mpg,8.0,8,ack-1f,w,3,3,0,ctl,ok,0,0,11.5,164.5
mpg,8.0,8,w48-16qam-r1/3,w48,19,2,1,data,ok,17,17,10.1,164.5
mpg,8.0,8,ack-1f,w,2,2,0,ctl,ok,0,0,13.1,164.5
mpg,8.0,8,w48-16qam-r1/3,w48,19,1,0,data,ok,18,17,7.4,164.5
mpg,8.0,8,ack-1f,w,3,3,0,ctl,ok,0,0,3.6,164.5
mpg,8.0,8,w48-16qam-r1/3,w48,19,2,1,data,ok,16,16,9.3,164.5
mpg,8.0,8,ack-1f,w,3,3,0,ctl,ok,0,0,11.1,164.5
mpg,8.0,8,w48-16qam-r1/3,w48,19,2,1,data,ok,17,17,7.6,164.5
mpg,8.0,8,ack-1f,w,2,2,0,ctl,ok,0,0,8.8,164.5
mpg,8.0,8,w48-16qam-r1/3,w48,19,1,0,data,ok,18,18,11.5,164.5
mpg,8.0,8,ack-1f,w,2,2,0,ctl,ok,0,0,15.0,164.5
mpg,8.0,8,w48-16qam-r1/3,w48,19,1,0,data,ok,18,18,10.4,164.5
mpg,8.0,8,ack-1f,w,2,2,0,ctl,ok,0,0,7.2,164.5
mpg,8.0,8,w48-16qam-r1/3,w48,19,1,0,data,ok,18,18,10.2,164.5
mpg,8.0,8,ack-1f,w,2,2,0,ctl,ok,0,0,12.6,164.5
mpg,8.0,8,w48-16qam-r1/3,w48,19,1,0,data,ctl_lost,18,0,4.1,164.5
mpg,8.0,8,ack-4f,w,2,2,0,ctl,ok,0,0,6.7,164.5
mpg,8.0,8,ack-4f,w,3,3,0,ctl,ok,0,0,6.4,164.5
mpg,8.0,8,w48-qpsk-r1/3,w48,19,2,1,data,ok,17,17,9.4,164.5
mpg,8.0,8,ack-1f,w,2,2,0,ctl,ok,0,0,11.5,164.5
mpg,8.0,8,w48-qpsk-r1/2,w48,19,1,0,data,ok,18,18,11.0,164.5
mpg,8.0,8,ack-1f,w,2,2,0,ctl,ok,0,0,9.2,164.5
mpg,8.0,8,w48-16qam-r1/3,w48,19,1,0,data,ok,18,18,10.2,164.5
mpg,8.0,8,ack-1f,w,2,2,0,ctl,ok,0,0,10.1,164.5
mpg,8.0,8,w48-16qam-r1/3,w48,19,1,0,data,ctl_lost,18,0,6.5,164.5
mpg,8.0,8,ack-4f,w,3,3,0,ctl,ok,0,0,7.7,164.5
mpg,8.0,8,ack-4f,w,3,3,0,ctl,ok,0,0,3.7,164.5
mpg,8.0,8,w48-qpsk-r1/2,w48,19,2,1,data,ok,17,17,10.8,164.5
mpg,8.0,8,ack-1f,w,2,2,0,ctl,ok,0,0,12.9,164.5
mpg,8.0,8,w48-qpsk-r1/2,w48,19,1,0,data,ok,18,18,10.1,164.5
mpg,8.0,8,ack-1f,w,3,3,0,ctl,ok,0,0,14.6,164.5
mpg,8.0,8,w48-16qam-r1/3,w48,19,2,1,data,ok,17,17,10.3,164.5
mpg,8.0,8,ack-1f,w,3,3,0,ctl,ok,0,0,12.5,164.5
mpg,8.0,8,w48-16qam-r1/3,w48,19,2,1,data,ok,17,17,9.8,164.5
mpg,8.0,8,ack-1f,w,3,3,0,ctl,ok,0,0,10.9,164.5
mpg,8.0,8,w48-16qam-r1/3,w48,19,2,1,data,ok,17,17,9.6,164.5
mpg,8.0,8,ack-1f,w,3,3,0,ctl,ok,0,0,12.5,164.5
mpg,8.0,8,w48-16qam-r1/3,w48,19,2,1,data,ok,17,17,10.9,164.5
mpp,-4.0,2,qpsk-r1/5,w,1,1,0,ctl,ok,0,0,-1.5,20.8
mpp,-4.0,2,qpsk-r1/5,w,1,1,0,ctl,ok,0,0,0.6,20.8
mpp,-4.0,2,ack-4f,w,3,3,0,ctl,ok,0,0,-5.7,20.8
mpp,-4.0,2,ack-4f,w,3,3,0,ctl,ok,0,0,-3.8,20.8
mpp,-4.0,2,qpsk-r1/5,w,9,2,1,data,ok,7,7,-1.1,20.8
mpp,-4.0,2,ack-4f,w,3,3,0,ctl,ok,0,0,-2.0,20.8
mpp,-4.0,2,qpsk-r1/5,w,9,2,1,data,ok,7,7,-1.5,20.8
mpp,-4.0,2,ack-4f,w,3,3,0,ctl,ok,0,0,0.2,20.8
mpp,-4.0,2,qpsk-r1/5,w,9,2,1,data,ok,7,7,-2.2,20.8
mpp,-4.0,2,ack-4f,w,3,3,0,ctl,ok,0,0,-0.6,20.8
mpp,-4.0,2,qpsk-r1/5,w,9,2,1,data,ok,7,7,-0.9,20.8
mpp,-4.0,2,ack-4f,w,3,3,0,ctl,ok,0,0,0.2,20.8
mpp,-4.0,2,qpsk-r1/5,w,9,2,1,data,ok,7,7,-1.0,20.8
mpp,-4.0,2,ack-4f,w,2,2,0,ctl,ok,0,0,-1.9,20.8
mpp,-4.0,2,qpsk-r1/5,w,9,1,0,data,ok,8,8,-0.7,20.8
mpp,-4.0,2,ack-4f,w,2,2,0,ctl,ok,0,0,-2.5,20.8
mpp,-4.0,2,qpsk-r1/5,w,9,1,0,data,ok,8,8,0.6,20.8
mpp,-4.0,2,ack-4f,w,2,2,0,ctl,ok,0,0,3.7,20.8
mpp,-4.0,2,qpsk-r1/5,w,9,1,0,data,ok,8,8,-1.8,20.8
mpp,-4.0,2,ack-4f,w,2,2,0,ctl,ok,0,0,-2.0,20.8
mpp,-4.0,2,qpsk-r1/5,w,9,1,0,data,ok,8,8,-1.3,20.8
mpp,-4.0,2,ack-4f,w,2,2,0,ctl,ok,0,0,-3.0,20.8
mpp,-4.0,2,qpsk-r1/5,w,9,1,0,data,ok,8,8,-0.3,20.8
mpp,-4.0,2,ack-4f,w,2,2,0,ctl,ctl_lost,0,0,-8.0,20.8
mpp,-4.0,2,ack-4f,w,3,3,0,ctl,ok,0,0,-2.8,20.8
mpp,-4.0,2,ack-4f,w,2,2,0,ctl,ok,0,0,-1.8,20.8
mpp,-4.0,2,qpsk-r1/5,w,9,1,0,data,ok,8,8,-0.6,20.8
mpp,-4.0,2,n10-ack-4f,n10,3,3,0,ctl,ok,0,0,-0.4,20.8
mpp,-4.0,2,qpsk-r1/5,w,9,2,1,data,ok,7,7,0.5,20.8
mpp,-4.0,2,ack-4f,w,2,2,,ctl,missed,0,0,,20.8
mpp,-4.0,2,ack-4f,w,3,3,0,ctl,ok,0,0,-2.3,20.8
mpp,-4.0,2,ack-4f,w,3,3,0,ctl,ok,0,0,-0.6,20.8
mpp,-4.0,2,qpsk-r1/3,w,9,2,1,data,ok,7,0,-1.0,20.8
mpp,-4.0,2,n10-ack-4f,n10,2,2,0,ctl,ok,0,0,-3.0,20.8
mpp,-4.0,2,qpsk-r1/5,w,9,1,0,data,ok,8,8,-1.8,20.8
mpp,-4.0,2,ack-4f,w,2,2,0,ctl,ok,0,0,-0.0,20.8
mpp,-4.0,2,qpsk-r1/5,w,9,1,0,data,ok,8,8,-0.7,20.8
mpp,-4.0,2,n10-ack-4f,n10,2,2,0,ctl,ok,0,0,1.0,20.8
mpp,-4.0,2,qpsk-r1/5,w,9,1,0,data,ok,8,8,-1.6,20.8
mpp,-4.0,2,ack-4f,w,2,2,0,ctl,ok,0,0,-0.4,20.8
mpp,-4.0,2,qpsk-r1/5,w,9,1,0,data,ok,8,8,-1.3,20.8
mpp,-4.0,2,ack-4f,w,2,2,0,ctl,ok,0,0,-2.9,20.8
mpp,-4.0,2,qpsk-r1/5,w,9,1,0,data,ok,8,8,0.5,20.8
mpp,-4.0,2,ack-4f,w,2,2,0,ctl,ok,0,0,-2.0,20.8
mpp,-4.0,2,qpsk-r1/5,w,9,1,0,data,ok,8,8,0.5,20.8
mpp,-4.0,2,n10-ack-4f,n10,3,3,0,ctl,ok,0,0,-1.4,20.8
mpp,-4.0,2,qpsk-r1/3,w,9,2,1,data,ok,7,0,-2.8,20.8
mpp,-4.0,2,n10-ack-4f,n10,2,2,0,ctl,ok,0,0,0.5,20.8
mpp,-4.0,2,qpsk-r1/5,w,9,1,0,data,ok,8,8,-0.9,20.8
mpp,-4.0,2,ack-4f,w,2,2,0,ctl,ctl_lost,0,0,-9.1,20.8
mpp,-4.0,2,ack-4f,w,4,4,0,ctl,ok,0,0,-1.1,20.8
mpp,-4.0,2,ack-4f,w,2,2,0,ctl,ok,0,0,0.5,20.8
mpp,-4.0,2,qpsk-r1/5,w,9,1,0,data,ok,8,8,-0.5,20.8
mpp,-4.0,2,n10-ack-4f,n10,2,2,0,ctl,ok,0,0,1.7,20.8
mpp,-4.0,2,qpsk-r1/5,w,9,1,0,data,ok,8,8,-1.8,20.8
mpp,-4.0,2,ack-1f,w,2,2,0,ctl,ok,0,0,0.8,20.8
mpp,-4.0,2,qpsk-r1/5,w,9,1,0,data,ctl_lost,8,2,-2.0,20.8
mpp,-4.0,2,ack-4f,w,3,3,0,ctl,ok,0,0,1.7,20.8
mpp,-4.0,2,ack-4f,w,2,2,0,ctl,ok,0,0,-1.2,20.8
mpp,-4.0,2,qpsk-r1/5,w,9,1,0,data,ok,8,8,-0.3,20.8
mpp,-4.0,2,n10-ack-4f,n10,2,2,0,ctl,ok,0,0,-2.2,20.8
mpp,-4.0,2,qpsk-r1/5,w,9,1,0,data,ok,8,8,-0.8,20.8
mpp,-4.0,2,n10-ack-4f,n10,2,2,0,ctl,ok,0,0,0.7,20.8
mpp,-4.0,2,qpsk-r1/5,w,9,1,0,data,ok,8,8,-1.4,20.8
mpp,-4.0,2,n10-ack-4f,n10,2,2,0,ctl,ok,0,0,-2.1,20.8
mpp,-4.0,2,qpsk-r1/5,w,9,1,0,data,ok,8,8,-1.2,20.8
mpp,-4.0,2,ack-1f,w,2,2,0,ctl,ctl_lost,0,0,-6.2,20.8
mpp,-4.0,2,ack-4f,w,2,2,0,ctl,ok,0,0,-2.8,20.8
mpp,-4.0,2,ack-4f,w,2,2,0,ctl,ok,0,0,-4.1,20.8
mpp,-4.0,2,qpsk-r1/5,w,9,1,0,data,ok,8,8,-0.8,20.8
mpp,-4.0,2,n10-ack-4f,n10,3,3,0,ctl,ok,0,0,0.2,20.8
mpp,-4.0,2,qpsk-r1/5,w,9,2,1,data,ok,7,7,0.0,20.8
mpp,-4.0,2,n10-ack-4f,n10,2,2,0,ctl,ok,0,0,-3.3,20.8
mpp,-4.0,2,qpsk-r1/5,w,9,1,0,data,ok,8,8,0.0,20.8
mpp,-4.0,2,n10-ack-4f,n10,2,2,,ctl,missed,0,0,,20.8
mpp,-4.0,2,ack-4f,w,2,2,0,ctl,ok,0,0,0.5,20.8
mpp,-4.0,2,ack-4f,w,2,2,0,ctl,ok,0,0,-2.5,20.8
mpp,-4.0,2,qpsk-r1/5,w,9,1,0,data,ok,8,8,-0.5,20.8
mpp,-4.0,2,n10-ack-4f,n10,2,2,,ctl,missed,0,0,,20.8
mpp,-4.0,2,ack-4f,w,3,3,0,ctl,ok,0,0,0.5,20.8
mpp,-4.0,2,ack-4f,w,2,2,0,ctl,ok,0,0,0.1,20.8
mpp,-4.0,2,qpsk-r1/5,w,9,1,0,data,ok,8,8,-0.1,20.8
mpp,-4.0,2,n10-ack-4f,n10,2,2,,ctl,missed,0,0,,20.8
mpp,-4.0,2,ack-4f,w,3,3,0,ctl,ok,0,0,0.0,20.8
mpp,-4.0,2,ack-4f,w,2,2,0,ctl,ok,0,0,-0.8,20.8
mpp,-4.0,2,qpsk-r1/5,w,9,1,0,data,ok,8,2,-2.7,20.8
mpp,-4.0,2,n10-ack-4f,n10,3,3,0,ctl,ok,0,0,-1.8,20.8
mpp,-4.0,2,qpsk-r1/5,w,9,1,0,data,ok,2,2,0.2,20.8
mpp,-4.0,2,n10-ack-4f,n10,2,2,0,ctl,ok,0,0,1.9,20.8
mpp,-4.0,2,qpsk-r1/5,w,9,1,0,data,ok,8,8,-2.0,20.8
mpp,-4.0,2,n10-ack-4f,n10,2,2,0,ctl,ok,0,0,0.9,20.8
mpp,-4.0,2,qpsk-r1/5,w,9,1,0,data,ok,8,8,-0.5,20.8
mpp,-4.0,2,n10-ack-4f,n10,2,2,0,ctl,ok,0,0,-0.1,20.8
mpp,-4.0,2,qpsk-r1/5,w,9,1,0,data,ok,8,8,-0.3,20.8
mpp,-4.0,2,n10-ack-4f,n10,2,2,,ctl,missed,0,0,,20.8
mpp,-4.0,2,ack-4f,w,3,3,0,ctl,ok,0,0,-0.6,20.8
mpp,-4.0,2,ack-4f,w,2,2,0,ctl,ok,0,0,0.2,20.8
mpp,-4.0,2,qpsk-r1/5,w,9,1,0,data,ok,8,8,-1.8,20.8
mpp,-4.0,2,n10-ack-4f,n10,2,2,,ctl,missed,0,0,,20.8
mpp,-4.0,2,ack-4f,w,3,3,0,ctl,ok,0,0,0.1,20.8
mpp,-4.0,2,ack-4f,w,2,2,0,ctl,ok,0,0,-2.5,20.8
mpp,-4.0,2,qpsk-r1/5,w,9,1,0,data,ok,8,8,-0.4,20.8
mpg,0.0,9,qpsk-r1/5,w,1,1,0,ctl,ok,0,0,8.0,36.1
mpg,0.0,9,qpsk-r1/5,w,1,1,0,ctl,ok,0,0,8.0,36.1
mpg,0.0,9,ack-4f,w,2,2,0,ctl,ok,0,0,4.9,36.1
mpg,0.0,9,ack-1f,w,3,3,0,ctl,ok,0,0,1.2,36.1
mpg,0.0,9,w48-qpsk-r1/2,w48,19,2,1,data,ok,17,0,0.4,36.1
mpg,0.0,9,ack-1f,w,3,3,0,ctl,ok,0,0,-1.7,36.1
mpg,0.0,9,w48-qpsk-r1/5,w48,19,2,1,data,ok,17,17,-0.3,36.1
mpg,0.0,9,ack-4f,w,3,3,0,ctl,ok,0,0,3.0,36.1
mpg,0.0,9,w48-qpsk-r1/5,w48,19,2,1,data,ok,17,17,3.0,36.1
mpg,0.0,9,ack-4f,w,2,2,0,ctl,ok,0,0,3.3,36.1
mpg,0.0,9,w48-qpsk-r1/5,w48,19,1,0,data,ok,18,18,1.8,36.1
mpg,0.0,9,ack-1f,w,3,3,0,ctl,ok,0,0,-1.7,36.1
mpg,0.0,9,w48-qpsk-r1/5,w48,19,2,1,data,ok,17,17,3.1,36.1
mpg,0.0,9,ack-4f,w,3,3,0,ctl,ok,0,0,4.6,36.1
mpg,0.0,9,w48-qpsk-r1/5,w48,19,2,1,data,ctl_lost,17,0,-6.7,36.1
mpg,0.0,9,ack-4f,w,3,3,0,ctl,ok,0,0,7.2,36.1
mpg,0.0,9,ack-4f,w,3,3,0,ctl,ok,0,0,8.8,36.1
mpg,0.0,9,w48-qpsk-r1/5,w48,19,2,1,data,ok,17,17,3.6,36.1
mpg,0.0,9,ack-1f,w,2,2,0,ctl,ok,0,0,6.7,36.1
mpg,0.0,9,qpsk-r1/2,w,9,1,0,data,ok,8,8,3.7,36.1
mpg,0.0,9,ack-1f,w,3,3,0,ctl,ok,0,0,3.8,36.1
mpg,0.0,9,qpsk-r1/2,w,9,2,1,data,ok,7,6,2.1,36.1
mpg,0.0,9,ack-1f,w,3,3,0,ctl,ok,0,0,4.1,36.1
mpg,0.0,9,qpsk-r1/2,w,9,2,1,data,ok,6,0,1.0,36.1
mpg,0.0,9,ack-1f,w,3,3,0,ctl,ok,0,0,0.4,36.1
mpg,0.0,9,qpsk-r1/3,w,9,2,1,data,ok,7,0,0.6,36.1
mpg,0.0,9,ack-1f,w,3,3,0,ctl,ok,0,0,4.1,36.1
mpg,0.0,9,qpsk-r1/3,w,9,2,1,data,ok,0,0,0.9,36.1
mpg,0.0,9,ack-1f,w,3,3,0,ctl,ok,0,0,2.7,36.1
mpg,0.0,9,qpsk-r1/3,w,9,2,1,data,ok,7,7,3.6,36.1
mpg,0.0,9,ack-1f,w,3,3,0,ctl,ok,0,0,3.4,36.1
mpg,0.0,9,qpsk-r1/3,w,9,2,1,data,ok,7,7,2.6,36.1
mpg,0.0,9,ack-1f,w,3,3,0,ctl,ok,0,0,4.9,36.1
mpg,0.0,9,qpsk-r1/2,w,9,2,1,data,ok,7,0,-0.4,36.1
mpg,0.0,9,ack-1f,w,3,3,0,ctl,ctl_lost,0,0,-9.3,36.1
mpg,0.0,9,ack-4f,w,3,3,0,ctl,ok,0,0,-3.8,36.1
mpg,0.0,9,ack-4f,w,3,3,0,ctl,ok,0,0,0.6,36.1
mpg,0.0,9,qpsk-r1/3,w,9,2,1,data,ok,7,7,4.3,36.1
mpg,0.0,9,ack-4f,w,2,2,0,ctl,ok,0,0,3.8,36.1
mpg,0.0,9,qpsk-r1/3,w,9,1,0,data,ok,8,8,0.4,36.1
mpg,0.0,9,ack-4f,w,2,2,0,ctl,ok,0,0,-2.9,36.1
mpg,0.0,9,qpsk-r1/3,w,9,1,0,data,ok,8,8,2.1,36.1
mpg,0.0,9,ack-4f,w,3,3,0,ctl,ok,0,0,2.4,36.1
mpg,0.0,9,qpsk-r1/3,w,9,2,1,data,ok,7,7,4.9,36.1
mpg,0.0,9,ack-4f,w,2,2,0,ctl,ok,0,0,1.8,36.1
mpg,0.0,9,qpsk-r1/3,w,9,1,0,data,ok,8,8,1.3,36.1
mpg,0.0,9,ack-4f,w,2,2,0,ctl,ok,0,0,5.9,36.1
mpg,0.0,9,qpsk-r1/3,w,9,1,0,data,ok,8,8,2.1,36.1
mpg,0.0,9,ack-4f,w,2,2,0,ctl,ok,0,0,-1.6,36.1
mpg,0.0,9,qpsk-r1/3,w,9,1,0,data,ctl_lost,8,0,-3.2,36.1
mpg,0.0,9,ack-4f,w,3,3,0,ctl,ok,0,0,7.7,36.1
mpg,0.0,9,ack-4f,w,3,3,0,ctl,ok,0,0,7.4,36.1
mpg,0.0,9,w48-qpsk-r1/5,w48,19,2,1,data,ok,17,17,3.5,36.1
mpg,0.0,9,ack-4f,w,3,3,0,ctl,ok,0,0,-4.9,36.1
mpg,0.0,9,w48-qpsk-r1/2,w48,19,2,,data,missed,0,0,,36.1
mpg,0.0,9,ack-4f,w,3,3,0,ctl,ok,0,0,4.3,36.1
mpg,0.0,9,ack-4f,w,2,2,0,ctl,ok,0,0,5.8,36.1
mpg,0.0,9,qpsk-r1/2,w,9,1,0,data,ok,8,8,3.8,36.1
mpg,0.0,9,ack-4f,w,2,2,0,ctl,ok,0,0,3.3,36.1
mpg,0.0,9,qpsk-r1/2,w,9,1,0,data,ctl_lost,8,0,0.7,36.1
mpg,0.0,9,ack-4f,w,3,3,0,ctl,ok,0,0,4.7,36.1
mpg,0.0,9,ack-4f,w,3,3,0,ctl,ok,0,0,-2.3,36.1
mpg,0.0,9,w48-qpsk-r1/5,w48,19,2,1,data,ok,17,0,-1.2,36.1
mpg,0.0,9,ack-4f,w,3,3,0,ctl,ok,0,0,5.6,36.1
mpg,0.0,9,w48-qpsk-r1/5,w48,19,2,1,data,ok,0,0,2.0,36.1
mpg,0.0,9,ack-4f,w,3,3,0,ctl,ok,0,0,4.9,36.1
mpg,0.0,9,w48-256l-r5/8,w48,39,2,1,data,ctl_lost,37,0,-3.0,36.1
mpg,0.0,9,ack-4f,w,3,3,0,ctl,ok,0,0,1.8,36.1
mpg,0.0,9,ack-4f,w,3,3,0,ctl,ok,0,0,4.9,36.1
mpg,0.0,9,w48-qpsk-r1/5,w48,19,2,1,data,ok,17,17,2.0,36.1
mpg,0.0,9,ack-1f,w,3,3,0,ctl,ok,0,0,-0.6,36.1
mpg,0.0,9,w48-qpsk-r1/5,w48,19,2,1,data,ok,17,0,-1.2,36.1
mpg,0.0,9,ack-4f,w,3,3,0,ctl,ok,0,0,-3.8,36.1
mpg,0.0,9,w48-qpsk-r1/5,w48,19,2,1,data,ok,0,0,2.2,36.1
mpg,0.0,9,ack-4f,w,2,2,0,ctl,ok,0,0,0.4,36.1
mpg,0.0,9,w48-qpsk-r1/5,w48,19,1,0,data,ok,18,18,4.3,36.1
mpg,0.0,9,ack-4f,w,2,2,0,ctl,ok,0,0,5.5,36.1
mpg,0.0,9,w48-qpsk-r1/5,w48,19,1,0,data,ok,18,18,3.2,36.1
mpg,0.0,9,ack-4f,w,3,3,0,ctl,ok,0,0,6.0,36.1
mpg,0.0,9,w48-qpsk-r1/3,w48,19,2,1,data,ok,17,5,1.7,36.1
mpg,0.0,9,ack-1f,w,4,4,0,ctl,ok,0,0,-2.2,36.1
mpg,0.0,9,w48-qpsk-r1/3,w48,19,2,1,data,ok,5,0,-0.6,36.1
mpg,0.0,9,ack-4f,w,2,2,0,ctl,ok,0,0,3.7,36.1
mpg,0.0,9,w48-qpsk-r1/5,w48,19,1,0,data,ok,18,18,2.7,36.1
mpg,0.0,9,ack-4f,w,2,2,0,ctl,ok,0,0,4.3,36.1
mpg,0.0,9,w48-qpsk-r1/5,w48,19,1,0,data,ok,18,18,2.3,36.1
mpg,0.0,9,ack-1f,w,2,2,0,ctl,ok,0,0,2.8,36.1
mpg,0.0,9,w48-qpsk-r1/5,w48,19,1,0,data,ok,18,18,1.4,36.1
mpg,0.0,9,ack-1f,w,2,2,0,ctl,ok,0,0,2.6,36.1
mpg,0.0,9,w48-qpsk-r1/5,w48,19,1,0,data,ok,18,18,-0.0,36.1
mpg,0.0,9,ack-1f,w,2,2,0,ctl,ok,0,0,1.1,36.1
mpg,0.0,9,w48-qpsk-r1/5,w48,19,1,0,data,ok,18,18,0.7,36.1
mpg,0.0,9,ack-4f,w,2,2,0,ctl,ok,0,0,0.9,36.1
mpp,-4.0,3,qpsk-r1/5,w,1,1,0,ctl,ok,0,0,-2.5,24.6
mpp,-4.0,3,qpsk-r1/5,w,1,1,0,ctl,ok,0,0,-1.8,24.6
mpp,-4.0,3,ack-4f,w,3,3,0,ctl,ok,0,0,0.3,24.6
mpp,-4.0,3,ack-4f,w,3,3,0,ctl,ok,0,0,-1.0,24.6
mpp,-4.0,3,qpsk-r1/5,w,9,2,1,data,ok,7,7,-1.2,24.6
mpp,-4.0,3,ack-4f,w,3,3,0,ctl,ok,0,0,-2.0,24.6
mpp,-4.0,3,qpsk-r1/5,w,9,2,1,data,ok,7,7,-0.9,24.6
mpp,-4.0,3,ack-4f,w,3,3,0,ctl,ok,0,0,-3.4,24.6
mpp,-4.0,3,qpsk-r1/5,w,9,2,1,data,ok,7,7,-2.3,24.6
mpp,-4.0,3,ack-4f,w,3,3,0,ctl,ctl_lost,0,0,-4.5,24.6
mpp,-4.0,3,ack-4f,w,3,3,0,ctl,ok,0,0,-1.6,24.6
mpp,-4.0,3,ack-4f,w,3,3,0,ctl,ok,0,0,-1.5,24.6
mpp,-4.0,3,qpsk-r1/5,w,9,2,1,data,ok,7,7,-1.7,24.6
mpp,-4.0,3,n4-ack-8f,n4,3,3,0,ctl,ok,0,0,-0.3,24.6
mpp,-4.0,3,qpsk-r1/5,w,9,2,1,data,ok,7,7,-0.1,24.6
mpp,-4.0,3,ack-1f,w,2,2,0,ctl,ok,0,0,4.9,24.6
mpp,-4.0,3,qpsk-r1/5,w,9,1,0,data,ok,8,8,-0.7,24.6
mpp,-4.0,3,ack-1f,w,2,2,0,ctl,ok,0,0,-2.6,24.6
mpp,-4.0,3,qpsk-r1/5,w,9,1,0,data,ok,8,8,-0.5,24.6
mpp,-4.0,3,ack-1f,w,2,2,0,ctl,ctl_lost,0,0,1.4,24.6
mpp,-4.0,3,ack-4f,w,3,3,0,ctl,ok,0,0,1.6,24.6
mpp,-4.0,3,ack-4f,w,3,3,0,ctl,ok,0,0,1.4,24.6
mpp,-4.0,3,qpsk-r1/3,w,9,2,1,data,ok,7,0,-1.8,24.6
mpp,-4.0,3,ack-1f,w,2,2,0,ctl,ok,0,0,-1.8,24.6
mpp,-4.0,3,qpsk-r1/5,w,9,1,0,data,ok,8,8,-0.1,24.6
mpp,-4.0,3,ack-4f,w,2,2,0,ctl,ok,0,0,-3.0,24.6
mpp,-4.0,3,qpsk-r1/5,w,9,1,0,data,ok,8,8,-0.3,24.6
mpp,-4.0,3,ack-4f,w,2,2,0,ctl,ok,0,0,-0.5,24.6
mpp,-4.0,3,qpsk-r1/5,w,9,1,0,data,ok,8,8,-1.7,24.6
mpp,-4.0,3,ack-4f,w,2,2,0,ctl,ok,0,0,0.5,24.6
mpp,-4.0,3,qpsk-r1/5,w,9,1,0,data,ok,8,8,-1.0,24.6
mpp,-4.0,3,ack-4f,w,2,2,0,ctl,ok,0,0,-3.2,24.6
mpp,-4.0,3,qpsk-r1/5,w,9,1,0,data,ok,8,8,-0.9,24.6
mpp,-4.0,3,ack-4f,w,2,2,0,ctl,ok,0,0,-1.3,24.6
mpp,-4.0,3,qpsk-r1/5,w,9,1,0,data,ok,8,8,-0.3,24.6
mpp,-4.0,3,n10-ack-4f,n10,2,2,0,ctl,ok,0,0,-0.1,24.6
mpp,-4.0,3,qpsk-r1/5,w,9,1,0,data,ok,8,8,-1.7,24.6
mpp,-4.0,3,ack-4f,w,2,2,0,ctl,ok,0,0,-0.9,24.6
mpp,-4.0,3,qpsk-r1/5,w,9,1,0,data,ok,8,8,-0.7,24.6
mpp,-4.0,3,ack-4f,w,2,2,0,ctl,ok,0,0,-2.8,24.6
mpp,-4.0,3,qpsk-r1/5,w,9,1,0,data,ok,8,8,-1.4,24.6
mpp,-4.0,3,ack-4f,w,2,2,0,ctl,ok,0,0,-1.7,24.6
mpp,-4.0,3,qpsk-r1/5,w,9,1,0,data,ok,8,8,-1.1,24.6
mpp,-4.0,3,ack-4f,w,2,2,0,ctl,ok,0,0,0.5,24.6
mpp,-4.0,3,qpsk-r1/5,w,9,1,0,data,ok,8,8,-1.7,24.6
mpp,-4.0,3,ack-4f,w,2,2,0,ctl,ok,0,0,0.4,24.6
mpp,-4.0,3,qpsk-r1/5,w,9,1,0,data,ok,8,8,-0.5,24.6
mpp,-4.0,3,ack-4f,w,2,2,0,ctl,ok,0,0,-2.8,24.6
mpp,-4.0,3,qpsk-r1/5,w,9,1,0,data,ok,8,8,-2.2,24.6
mpp,-4.0,3,ack-4f,w,2,2,0,ctl,ok,0,0,-5.9,24.6
mpp,-4.0,3,qpsk-r1/5,w,9,1,0,data,ok,8,8,-0.7,24.6
mpp,-4.0,3,ack-4f,w,2,2,0,ctl,ok,0,0,0.6,24.6
mpp,-4.0,3,qpsk-r1/5,w,9,1,0,data,ok,8,8,-1.9,24.6
mpp,-4.0,3,ack-4f,w,2,2,0,ctl,ok,0,0,-0.3,24.6
mpp,-4.0,3,qpsk-r1/5,w,9,1,0,data,ok,8,8,-1.3,24.6
mpp,-4.0,3,ack-4f,w,2,2,0,ctl,ok,0,0,0.2,24.6
mpp,-4.0,3,qpsk-r1/5,w,9,1,0,data,ok,8,8,-0.5,24.6
mpp,-4.0,3,ack-4f,w,2,2,0,ctl,ok,0,0,-2.8,24.6
mpp,-4.0,3,qpsk-r1/5,w,9,1,0,data,ok,8,8,-0.5,24.6
mpp,-4.0,3,ack-4f,w,2,2,0,ctl,ok,0,0,-0.5,24.6
mpp,-4.0,3,qpsk-r1/5,w,9,1,0,data,ok,8,8,-1.1,24.6
mpp,-4.0,3,ack-4f,w,2,2,0,ctl,ok,0,0,0.4,24.6
mpp,-4.0,3,qpsk-r1/5,w,9,1,0,data,ok,8,8,-1.5,24.6
mpp,-4.0,3,ack-4f,w,2,2,0,ctl,ok,0,0,1.3,24.6
mpp,-4.0,3,qpsk-r1/5,w,9,1,0,data,ok,8,8,-0.7,24.6
mpp,-4.0,3,ack-4f,w,2,2,0,ctl,ok,0,0,-1.4,24.6
mpp,-4.0,3,qpsk-r1/5,w,9,1,0,data,ok,8,8,-0.0,24.6
mpp,-4.0,3,ack-4f,w,2,2,0,ctl,ok,0,0,1.8,24.6
mpp,-4.0,3,qpsk-r1/5,w,9,1,0,data,ok,8,8,-1.5,24.6
mpp,-4.0,3,ack-4f,w,2,2,0,ctl,ok,0,0,1.5,24.6
mpp,-4.0,3,qpsk-r1/5,w,9,1,0,data,ok,8,8,-1.5,24.6
mpp,-4.0,3,ack-4f,w,2,2,0,ctl,ok,0,0,-2.2,24.6
mpp,-4.0,3,qpsk-r1/5,w,9,1,0,data,ok,8,8,0.2,24.6
mpp,-4.0,3,ack-4f,w,2,2,0,ctl,ok,0,0,0.4,24.6
mpp,-4.0,3,qpsk-r1/5,w,9,1,0,data,ok,8,8,-1.1,24.6
mpp,-4.0,3,ack-4f,w,2,2,0,ctl,ok,0,0,0.8,24.6
mpp,-4.0,3,qpsk-r1/5,w,9,1,0,data,ok,8,8,-1.5,24.6
mpp,-4.0,3,ack-4f,w,2,2,0,ctl,ok,0,0,0.6,24.6
mpp,-4.0,3,qpsk-r1/5,w,9,1,0,data,ok,8,8,0.7,24.6
mpp,-4.0,3,ack-4f,w,2,2,0,ctl,ok,0,0,0.8,24.6
mpp,-4.0,3,qpsk-r1/5,w,9,1,0,data,ok,8,8,-0.5,24.6
mpp,-4.0,3,ack-4f,w,2,2,0,ctl,ok,0,0,-1.7,24.6
mpp,-4.0,3,qpsk-r1/5,w,9,1,0,data,ok,8,8,0.0,24.6
mpp,-4.0,3,ack-4f,w,2,2,0,ctl,ok,0,0,1.8,24.6
mpp,-4.0,3,qpsk-r1/5,w,9,1,0,data,ok,8,8,-2.1,24.6
mpp,-4.0,3,ack-4f,w,2,2,0,ctl,ok,0,0,1.9,24.6
mpp,-4.0,3,qpsk-r1/5,w,9,1,0,data,ok,8,8,0.4,24.6
mpp,-4.0,3,ack-4f,w,2,2,0,ctl,ok,0,0,-0.0,24.6
mpp,-4.0,3,qpsk-r1/5,w,9,1,0,data,ok,8,8,-1.0,24.6
mpp,-4.0,3,ack-4f,w,2,2,0,ctl,ok,0,0,0.4,24.6
mpp,-4.0,3,qpsk-r1/5,w,9,1,0,data,ok,8,8,-0.6,24.6
mpp,-4.0,3,ack-4f,w,2,2,0,ctl,ok,0,0,-1.1,24.6
mpp,-4.0,3,qpsk-r1/5,w,9,1,0,data,ok,8,8,-0.2,24.6
mpg,0.0,10,qpsk-r1/5,w,1,1,0,ctl,ok,0,0,6.8,41.6
mpg,0.0,10,qpsk-r1/5,w,1,1,0,ctl,ok,0,0,4.7,41.6
mpg,0.0,10,ack-4f,w,3,3,0,ctl,ok,0,0,5.6,41.6
mpg,0.0,10,ack-1f,w,3,3,0,ctl,ok,0,0,7.7,41.6
mpg,0.0,10,w48-qpsk-r1/2,w48,19,2,1,data,ok,17,17,5.3,41.6
mpg,0.0,10,ack-1f,w,3,3,0,ctl,ok,0,0,8.3,41.6
mpg,0.0,10,w48-qpsk-r1/2,w48,19,2,1,data,ctl_lost,17,0,0.3,41.6
mpg,0.0,10,ack-4f,w,2,2,0,ctl,ok,0,0,3.5,41.6
mpg,0.0,10,ack-4f,w,3,3,0,ctl,ok,0,0,2.0,41.6
mpg,0.0,10,w48-qpsk-r1/5,w48,19,2,1,data,ok,17,3,-0.9,41.6
mpg,0.0,10,ack-1f,w,4,4,0,ctl,ok,0,0,-0.2,41.6
mpg,0.0,10,w48-qpsk-r1/5,w48,19,2,1,data,ok,3,3,-0.5,41.6
mpg,0.0,10,ack-4f,w,3,3,0,ctl,ctl_lost,0,0,-4.8,41.6
mpg,0.0,10,ack-4f,w,3,3,0,ctl,ok,0,0,2.2,41.6
mpg,0.0,10,ack-4f,w,3,3,0,ctl,ok,0,0,2.0,41.6
mpg,0.0,10,w48-qpsk-r1/5,w48,19,2,1,data,ok,17,17,3.1,41.6
mpg,0.0,10,n10-ack-4f,n10,3,3,0,ctl,ok,0,0,1.5,41.6
mpg,0.0,10,w48-qpsk-r1/5,w48,19,2,1,data,ok,17,17,-0.4,41.6
mpg,0.0,10,ack-1f,w,3,3,0,ctl,ctl_lost,0,0,-7.0,41.6
mpg,0.0,10,ack-4f,w,3,3,0,ctl,ok,0,0,2.8,41.6
mpg,0.0,10,ack-4f,w,3,3,0,ctl,ok,0,0,5.2,41.6
mpg,0.0,10,w48-qpsk-r1/5,w48,19,2,1,data,ok,17,17,0.6,41.6
mpg,0.0,10,n10-ack-4f,n10,3,3,0,ctl,ok,0,0,0.6,41.6
mpg,0.0,10,w48-qpsk-r1/5,w48,19,2,1,data,ok,17,17,2.4,41.6
mpg,0.0,10,n4-ack-2f,n4,2,2,0,ctl,ok,0,0,4.3,41.6
mpg,0.0,10,w48-qpsk-r1/5,w48,19,1,0,data,ok,18,18,1.9,41.6
mpg,0.0,10,n4-ack-2f,n4,2,2,0,ctl,ctl_lost,0,0,-18.1,41.6
mpg,0.0,10,ack-4f,w,3,3,0,ctl,ok,0,0,3.1,41.6
mpg,0.0,10,ack-4f,w,2,2,0,ctl,ok,0,0,5.5,41.6
mpg,0.0,10,w48-qpsk-r1/5,w48,19,1,0,data,ok,18,18,3.6,41.6
mpg,0.0,10,n10-ack-4f,n10,2,2,0,ctl,ok,0,0,-4.1,41.6
mpg,0.0,10,w48-qpsk-r1/5,w48,19,1,0,data,ok,18,18,1.4,41.6
mpg,0.0,10,ack-4f,w,2,2,0,ctl,ok,0,0,2.6,41.6
mpg,0.0,10,w48-qpsk-r1/5,w48,19,1,0,data,ctl_lost,18,8,0.1,41.6
mpg,0.0,10,ack-4f,w,3,3,0,ctl,ok,0,0,0.5,41.6
mpg,0.0,10,ack-4f,w,3,3,0,ctl,ok,0,0,6.4,41.6
mpg,0.0,10,w48-qpsk-r1/5,w48,19,2,1,data,ok,17,17,-0.1,41.6
mpg,0.0,10,n10-ack-4f,n10,3,3,0,ctl,ok,0,0,-3.6,41.6
mpg,0.0,10,w48-qpsk-r1/5,w48,19,2,1,data,ok,17,17,1.4,41.6
mpg,0.0,10,polar-k96-f4,w,1,1,0,ctl,ok,0,0,4.4,41.6
mpg,0.0,10,w48-qpsk-r1/5,w48,19,2,1,data,ok,17,17,-0.4,41.6
mpg,0.0,10,n10-ack-4f,n10,3,3,0,ctl,ok,0,0,1.7,41.6
mpg,0.0,10,w48-qpsk-r1/5,w48,19,2,1,data,ok,17,17,0.4,41.6
mpg,0.0,10,ack-1f,w,3,3,0,ctl,ok,0,0,7.4,41.6
mpg,0.0,10,w48-256l-r5/8,w48,39,2,1,data,ctl_lost,37,0,0.2,41.6
mpg,0.0,10,ack-4f,w,3,3,0,ctl,ok,0,0,3.2,41.6
mpg,0.0,10,ack-4f,w,3,3,0,ctl,ok,0,0,-1.4,41.6
mpg,0.0,10,w48-qpsk-r1/5,w48,19,2,1,data,ok,17,17,-0.4,41.6
mpg,0.0,10,n10-ack-4f,n10,3,3,0,ctl,ok,0,0,2.0,41.6
mpg,0.0,10,w48-qpsk-r1/5,w48,19,2,1,data,ok,17,0,-2.1,41.6
mpg,0.0,10,n10-ack-4f,n10,3,3,,ctl,missed,0,0,,41.6
mpg,0.0,10,ack-4f,w,3,3,0,ctl,ok,0,0,5.7,41.6
mpg,0.0,10,ack-4f,w,2,2,0,ctl,ok,0,0,5.1,41.6
mpg,0.0,10,w48-qpsk-r1/5,w48,19,1,0,data,ok,18,18,3.0,41.6
mpg,0.0,10,ack-1f,w,2,2,0,ctl,ok,0,0,4.7,41.6
mpg,0.0,10,w48-qpsk-r1/5,w48,19,1,0,data,ok,18,18,2.3,41.6
mpg,0.0,10,ack-1f,w,2,2,0,ctl,ok,0,0,2.2,41.6
mpg,0.0,10,w48-qpsk-r1/5,w48,19,1,0,data,ok,18,18,2.2,41.6
mpg,0.0,10,ack-1f,w,2,2,0,ctl,ok,0,0,3.6,41.6
mpg,0.0,10,w48-qpsk-r1/5,w48,19,1,0,data,ok,18,18,3.7,41.6
mpg,0.0,10,ack-1f,w,2,2,0,ctl,ok,0,0,8.1,41.6
mpg,0.0,10,w48-qpsk-r1/5,w48,19,1,0,data,ok,18,18,2.9,41.6
mpg,0.0,10,ack-1f,w,2,2,0,ctl,ok,0,0,6.0,41.6
mpg,0.0,10,w48-qpsk-r1/5,w48,19,1,0,data,ok,18,18,1.7,41.6
mpg,0.0,10,ack-1f,w,2,2,0,ctl,ok,0,0,9.7,41.6
mpg,0.0,10,w48-qpsk-r1/5,w48,19,1,0,data,ok,18,18,3.1,41.6
mpg,0.0,10,ack-1f,w,2,2,0,ctl,ok,0,0,1.8,41.6
mpg,0.0,10,w48-qpsk-r1/5,w48,19,1,0,data,ctl_lost,18,0,-4.7,41.6
mpg,0.0,10,ack-4f,w,3,3,0,ctl,ok,0,0,1.5,41.6
mpg,0.0,10,ack-4f,w,3,3,0,ctl,ok,0,0,7.4,41.6
mpg,0.0,10,w48-qpsk-r1/5,w48,19,2,1,data,ok,17,17,2.5,41.6
mpg,0.0,10,ack-1f,w,3,3,0,ctl,ok,0,0,-1.3,41.6
mpg,0.0,10,w48-qpsk-r1/5,w48,19,2,1,data,ok,17,17,3.2,41.6
mpg,0.0,10,ack-1f,w,2,2,0,ctl,ok,0,0,-0.4,41.6
mpg,0.0,10,w48-qpsk-r1/5,w48,19,1,0,data,ctl_lost,18,0,-2.8,41.6
mpg,0.0,10,ack-4f,w,3,3,0,ctl,ok,0,0,6.8,41.6
mpg,0.0,10,ack-4f,w,3,3,0,ctl,ok,0,0,3.3,41.6
mpg,0.0,10,w48-qpsk-r1/5,w48,19,2,1,data,ok,17,17,1.2,41.6
mpg,0.0,10,n10-ack-4f,n10,3,3,0,ctl,ok,0,0,5.1,41.6
mpg,0.0,10,w48-qpsk-r1/5,w48,19,2,1,data,ok,17,12,0.1,41.6
mpg,0.0,10,ack-1f,w,4,4,0,ctl,ok,0,0,-0.8,41.6
mpg,0.0,10,w48-qpsk-r1/5,w48,19,2,1,data,ok,12,11,0.3,41.6
mpg,0.0,10,polar-k96-f4,w,1,1,0,ctl,ok,0,0,3.1,41.6
mpg,0.0,10,w48-qpsk-r1/5,w48,19,2,1,data,ok,17,0,-2.5,41.6
mpg,0.0,10,ack-1f,w,3,3,0,ctl,ok,0,0,3.8,41.6
mpg,0.0,10,w48-qpsk-r1/5,w48,19,2,1,data,ok,0,0,2.6,41.6
mpg,0.0,10,ack-1f,w,3,3,0,ctl,ctl_lost,0,0,-3.7,41.6
mpg,0.0,10,ack-4f,w,3,3,0,ctl,ok,0,0,4.1,41.6
mpg,0.0,10,ack-4f,w,3,3,0,ctl,ok,0,0,4.1,41.6
mpg,0.0,10,qpsk-r1/2,w,9,2,1,data,ok,7,7,4.2,41.6
mpg,0.0,10,n10-ack-4f,n10,3,3,0,ctl,ok,0,0,2.9,41.6
mpg,0.0,10,qpsk-r1/2,w,9,2,1,data,ok,7,7,3.9,41.6
mpg,0.0,10,polar-k96-f4,w,1,1,0,ctl,ok,0,0,0.5,41.6
mpg,0.0,10,qpsk-r1/2,w,9,2,1,data,ok,7,7,2.2,41.6
mpg,0.0,10,polar-k96-f4,w,1,1,0,ctl,ok,0,0,-0.2,41.6
mpg,0.0,10,qpsk-r1/2,w,9,2,1,data,ok,7,0,-1.0,41.6
mpg,0.0,10,n10-ack-4f,n10,3,3,0,ctl,ok,0,0,-0.5,41.6
mpg,0.0,1,qpsk-r1/5,w,1,1,0,ctl,ok,0,0,4.1,40.0
mpg,0.0,1,qpsk-r1/5,w,1,1,0,ctl,ok,0,0,-1.4,40.0
mpg,0.0,1,ack-4f,w,3,3,0,ctl,ok,0,0,-0.9,40.0
mpg,0.0,1,ack-4f,w,3,3,0,ctl,ok,0,0,4.1,40.0
mpg,0.0,1,qpsk-r1/3,w,9,2,1,data,ok,7,7,5.2,40.0
mpg,0.0,1,ack-1f,w,3,3,0,ctl,ok,0,0,3.2,40.0
mpg,0.0,1,qpsk-r1/3,w,9,2,1,data,ok,7,7,7.1,40.0
mpg,0.0,1,ack-1f,w,3,3,0,ctl,ok,0,0,5.9,40.0
mpg,0.0,1,w48-qpsk-r1/2,w48,19,2,1,data,ok,17,0,1.9,40.0
mpg,0.0,1,ack-1f,w,3,3,0,ctl,ok,0,0,2.6,40.0
mpg,0.0,1,w48-qpsk-r1/5,w48,19,2,1,data,ok,17,17,0.9,40.0
mpg,0.0,1,ack-1f,w,3,3,0,ctl,ok,0,0,0.0,40.0
mpg,0.0,1,w48-qpsk-r1/5,w48,19,2,1,data,ok,17,17,1.5,40.0
mpg,0.0,1,ack-4f,w,3,3,0,ctl,ok,0,0,-0.4,40.0
mpg,0.0,1,w48-qpsk-r1/5,w48,19,2,,data,missed,0,0,,40.0
mpg,0.0,1,ack-4f,w,3,3,0,ctl,ok,0,0,2.1,40.0
mpg,0.0,1,ack-4f,w,3,3,0,ctl,ok,0,0,3.8,40.0
mpg,0.0,1,w48-qpsk-r1/5,w48,19,2,1,data,ok,17,17,2.4,40.0
mpg,0.0,1,ack-1f,w,3,3,0,ctl,ok,0,0,6.8,40.0
mpg,0.0,1,w48-qpsk-r1/5,w48,19,2,1,data,ok,17,17,0.7,40.0
mpg,0.0,1,ack-1f,w,3,3,0,ctl,ok,0,0,3.0,40.0
mpg,0.0,1,w48-qpsk-r1/5,w48,19,2,1,data,ok,17,17,1.5,40.0
mpg,0.0,1,ack-1f,w,3,3,0,ctl,ctl_lost,0,0,-0.5,40.0
mpg,0.0,1,ack-4f,w,3,3,0,ctl,ok,0,0,-1.1,40.0
mpg,0.0,1,ack-4f,w,3,3,0,ctl,ok,0,0,-2.8,40.0
mpg,0.0,1,w48-qpsk-r1/5,w48,19,2,,data,missed,0,0,,40.0
mpg,0.0,1,ack-4f,w,3,3,0,ctl,ok,0,0,4.5,40.0
mpg,0.0,1,ack-4f,w,3,3,0,ctl,ok,0,0,4.3,40.0
mpg,0.0,1,w48-qpsk-r1/5,w48,19,2,1,data,ok,17,5,-0.4,40.0
mpg,0.0,1,ack-4f,w,4,4,0,ctl,ok,0,0,4.7,40.0
mpg,0.0,1,w48-qpsk-r1/5,w48,19,2,1,data,ok,5,5,-0.1,40.0
mpg,0.0,1,n4-ack-2f,n4,3,3,0,ctl,ok,0,0,7.9,40.0
mpg,0.0,1,w48-qpsk-r1/5,w48,19,2,1,data,ok,17,17,1.2,40.0
mpg,0.0,1,ack-1f,w,3,3,0,ctl,ok,0,0,2.4,40.0
mpg,0.0,1,w48-256l-r5/8,w48,39,2,1,data,ctl_lost,37,0,-4.1,40.0
mpg,0.0,1,ack-4f,w,3,3,0,ctl,ok,0,0,4.9,40.0
mpg,0.0,1,ack-4f,w,3,3,0,ctl,ok,0,0,6.7,40.0
mpg,0.0,1,w48-qpsk-r1/5,w48,19,2,1,data,ok,17,17,4.3,40.0
mpg,0.0,1,ack-1f,w,3,3,0,ctl,ok,0,0,3.0,40.0
mpg,0.0,1,w48-qpsk-r1/2,w48,19,2,1,data,ok,17,0,2.5,40.0
mpg,0.0,1,ack-4f,w,2,2,0,ctl,ok,0,0,1.4,40.0
mpg,0.0,1,w48-qpsk-r1/5,w48,19,1,0,data,ok,18,18,0.7,40.0
mpg,0.0,1,ack-4f,w,2,2,0,ctl,ok,0,0,1.5,40.0
mpg,0.0,1,w48-qpsk-r1/5,w48,19,1,0,data,ok,18,18,0.6,40.0
mpg,0.0,1,ack-4f,w,2,2,0,ctl,ok,0,0,1.8,40.0
mpg,0.0,1,w48-qpsk-r1/5,w48,19,1,0,data,ok,18,18,1.6,40.0
mpg,0.0,1,ack-4f,w,2,2,0,ctl,ok,0,0,6.7,40.0
mpg,0.0,1,w48-qpsk-r1/5,w48,19,1,0,data,ok,18,18,2.5,40.0
mpg,0.0,1,ack-4f,w,2,2,0,ctl,ok,0,0,4.5,40.0
mpg,0.0,1,w48-qpsk-r1/5,w48,19,1,0,data,ok,18,18,4.5,40.0
mpg,0.0,1,ack-1f,w,3,3,0,ctl,ok,0,0,2.4,40.0
mpg,0.0,1,w48-qpsk-r1/3,w48,19,2,1,data,ok,17,0,-1.7,40.0
mpg,0.0,1,ack-4f,w,2,2,0,ctl,ok,0,0,-1.0,40.0
mpg,0.0,1,w48-qpsk-r1/5,w48,19,1,0,data,ok,18,18,3.1,40.0
mpg,0.0,1,ack-4f,w,2,2,0,ctl,ok,0,0,0.5,40.0
mpg,0.0,1,w48-qpsk-r1/5,w48,19,1,0,data,ok,18,18,0.6,40.0
mpg,0.0,1,ack-4f,w,2,2,0,ctl,ok,0,0,1.0,40.0
mpg,0.0,1,w48-qpsk-r1/5,w48,19,1,0,data,ok,18,18,1.4,40.0
mpg,0.0,1,ack-4f,w,2,2,0,ctl,ok,0,0,-4.9,40.0
mpg,0.0,1,w48-qpsk-r1/5,w48,19,1,0,data,ctl_lost,18,0,-1.4,40.0
mpg,0.0,1,ack-4f,w,3,3,0,ctl,ok,0,0,0.3,40.0
mpg,0.0,1,ack-4f,w,3,3,0,ctl,ok,0,0,1.8,40.0
mpg,0.0,1,w48-qpsk-r1/5,w48,19,2,1,data,ok,17,17,4.2,40.0
mpg,0.0,1,ack-4f,w,2,2,0,ctl,ok,0,0,5.6,40.0
mpg,0.0,1,w48-qpsk-r1/5,w48,19,1,0,data,ok,18,18,4.5,40.0
mpg,0.0,1,ack-4f,w,3,3,0,ctl,ok,0,0,0.6,40.0
mpg,0.0,1,w48-qpsk-r1/2,w48,19,2,1,data,ok,17,4,5.0,40.0
mpg,0.0,1,ack-4f,w,4,4,0,ctl,ok,0,0,4.9,40.0
mpg,0.0,1,w48-qpsk-r1/2,w48,19,2,1,data,ok,4,0,3.0,40.0
mpg,0.0,1,ack-4f,w,2,2,0,ctl,ok,0,0,1.5,40.0
mpg,0.0,1,w48-qpsk-r1/5,w48,19,1,0,data,ok,18,18,3.0,40.0
mpg,0.0,1,ack-4f,w,2,2,0,ctl,ok,0,0,-0.9,40.0
mpg,0.0,1,w48-qpsk-r1/5,w48,19,1,0,data,ok,18,18,0.5,40.0
mpg,0.0,1,ack-4f,w,2,2,0,ctl,ok,0,0,-4.0,40.0
mpg,0.0,1,w48-qpsk-r1/5,w48,19,1,,data,missed,0,0,,40.0
mpg,0.0,1,ack-4f,w,3,3,0,ctl,ok,0,0,0.6,40.0
mpg,0.0,1,ack-4f,w,3,3,0,ctl,ok,0,0,-0.3,40.0
mpg,0.0,1,w48-qpsk-r1/5,w48,19,2,1,data,ok,17,17,2.8,40.0
mpg,0.0,1,ack-4f,w,2,2,0,ctl,ok,0,0,0.4,40.0
mpg,0.0,1,w48-qpsk-r1/5,w48,19,1,0,data,ok,18,18,3.3,40.0
mpg,0.0,1,ack-4f,w,2,2,0,ctl,ok,0,0,-5.6,40.0
mpg,0.0,1,w48-qpsk-r1/5,w48,19,1,0,data,ok,18,18,1.7,40.0
mpg,0.0,1,ack-4f,w,2,2,0,ctl,ok,0,0,1.3,40.0
mpg,0.0,1,w48-qpsk-r1/5,w48,19,1,0,data,ok,18,13,-0.8,40.0
mpg,0.0,1,ack-4f,w,3,3,0,ctl,ok,0,0,4.7,40.0
mpg,0.0,1,w48-qpsk-r1/5,w48,19,1,0,data,ok,13,11,0.4,40.0
mpg,0.0,1,ack-4f,w,2,2,0,ctl,ok,0,0,2.9,40.0
mpg,0.0,1,w48-qpsk-r1/5,w48,19,1,0,data,ok,18,18,0.5,40.0
mpg,0.0,1,ack-4f,w,2,2,0,ctl,ok,0,0,4.9,40.0
mpg,0.0,1,w48-qpsk-r1/5,w48,19,1,0,data,ctl_lost,18,0,-3.0,40.0
mpg,8.0,9,qpsk-r1/5,w,1,1,0,ctl,ok,0,0,15.4,145.3
mpg,8.0,9,qpsk-r1/5,w,1,1,0,ctl,ok,0,0,15.8,145.3
mpg,8.0,9,ack-4f,w,3,3,0,ctl,ok,0,0,12.4,145.3
mpg,8.0,9,ack-1f,w,2,2,0,ctl,ok,0,0,7.7,145.3
mpg,8.0,9,w48-qpsk-r3/4,w48,19,1,0,data,ctl_lost,18,0,8.2,145.3
mpg,8.0,9,ack-4f,w,3,3,0,ctl,ok,0,0,7.9,145.3
mpg,8.0,9,ack-4f,w,3,3,0,ctl,ok,0,0,3.7,145.3
mpg,8.0,9,w48-16qam-r1/3,w48,19,2,1,data,ok,17,17,9.3,145.3
mpg,8.0,9,ack-1f,w,3,3,0,ctl,ok,0,0,10.2,145.3
mpg,8.0,9,w48-16qam-r1/3,w48,19,2,1,data,ok,17,17,9.5,145.3
mpg,8.0,9,ack-1f,w,2,2,0,ctl,ok,0,0,11.3,145.3
mpg,8.0,9,w48-16qam-r1/3,w48,19,1,0,data,ok,18,18,8.9,145.3
mpg,8.0,9,ack-1f,w,2,2,0,ctl,ok,0,0,13.9,145.3
mpg,8.0,9,w48-16qam-r1/3,w48,19,1,0,data,ok,18,18,10.3,145.3
mpg,8.0,9,ack-1f,w,2,2,0,ctl,ok,0,0,2.6,145.3
mpg,8.0,9,w48-16qam-r1/3,w48,19,1,0,data,ctl_lost,18,0,4.4,145.3
mpg,8.0,9,ack-4f,w,3,3,0,ctl,ok,0,0,16.3,145.3
mpg,8.0,9,ack-4f,w,3,3,0,ctl,ok,0,0,14.3,145.3
mpg,8.0,9,w48-qpsk-r2/3,w48,19,2,1,data,ok,17,17,12.2,145.3
mpg,8.0,9,ack-1f,w,3,3,0,ctl,ok,0,0,11.9,145.3
mpg,8.0,9,w48-16qam-r1/2,w48,19,2,1,data,ok,17,0,8.5,145.3
mpg,8.0,9,ack-1f,w,3,3,0,ctl,ok,0,0,11.1,145.3
mpg,8.0,9,w48-16qam-r1/3,w48,19,2,1,data,ok,17,17,8.9,145.3
mpg,8.0,9,ack-1f,w,3,3,0,ctl,ok,0,0,10.3,145.3
mpg,8.0,9,w48-16qam-r1/3,w48,19,2,1,data,ok,17,0,4.1,145.3
mpg,8.0,9,ack-1f,w,3,3,0,ctl,ok,0,0,6.1,145.3
mpg,8.0,9,w48-qpsk-r1/2,w48,19,2,1,data,ok,17,17,10.6,145.3
mpg,8.0,9,ack-1f,w,3,3,0,ctl,ok,0,0,9.7,145.3
mpg,8.0,9,w48-qpsk-r1/2,w48,19,2,1,data,ok,17,17,9.6,145.3
mpg,8.0,9,ack-1f,w,2,2,0,ctl,ok,0,0,13.4,145.3
mpg,8.0,9,w48-qpsk-r1/2,w48,19,1,0,data,ok,18,18,9.4,145.3
mpg,8.0,9,ack-1f,w,3,3,0,ctl,ok,0,0,7.9,145.3
mpg,8.0,9,w48-16qam-r1/3,w48,19,2,1,data,ok,17,17,7.1,145.3
mpg,8.0,9,ack-1f,w,2,2,0,ctl,ok,0,0,7.1,145.3
mpg,8.0,9,w48-qpsk-r1/2,w48,19,1,0,data,ctl_lost,18,0,1.6,145.3
mpg,8.0,9,ack-4f,w,2,2,0,ctl,ok,0,0,14.0,145.3
mpg,8.0,9,ack-4f,w,3,3,0,ctl,ok,0,0,12.7,145.3
mpg,8.0,9,16qam-r1/2,w,9,2,1,data,ok,7,7,10.0,145.3
mpg,8.0,9,ack-1f,w,3,3,0,ctl,ok,0,0,8.9,145.3
mpg,8.0,9,w48-16qam-r1/3,w48,19,2,1,data,ok,17,17,8.8,145.3
mpg,8.0,9,ack-1f,w,3,3,0,ctl,ok,0,0,5.3,145.3
mpg,8.0,9,w48-16qam-r1/3,w48,19,2,1,data,ok,17,17,8.9,145.3
mpg,8.0,9,ack-1f,w,3,3,0,ctl,ok,0,0,12.2,145.3
mpg,8.0,9,w48-16qam-r1/3,w48,19,2,1,data,ok,17,17,9.1,145.3
mpg,8.0,9,ack-1f,w,3,3,0,ctl,ok,0,0,4.3,145.3
mpg,8.0,9,w48-16qam-r1/3,w48,19,2,1,data,ok,17,17,10.4,145.3
mpg,8.0,9,ack-1f,w,2,2,0,ctl,ok,0,0,6.0,145.3
mpg,8.0,9,w48-16qam-r1/3,w48,19,1,0,data,ok,18,18,8.4,145.3
mpg,8.0,9,ack-1f,w,2,2,0,ctl,ok,0,0,3.5,145.3
mpg,8.0,9,w48-16qam-r1/3,w48,19,1,0,data,ok,18,17,7.8,145.3
mpg,8.0,9,ack-1f,w,3,3,0,ctl,ok,0,0,16.1,145.3
mpg,8.0,9,w48-16qam-r1/3,w48,19,2,1,data,ok,16,16,11.3,145.3
mpg,8.0,9,ack-1f,w,2,2,0,ctl,ok,0,0,10.3,145.3
mpg,8.0,9,w48-16qam-r1/3,w48,19,1,0,data,ctl_lost,18,0,6.1,145.3
mpg,8.0,9,ack-4f,w,3,3,0,ctl,ok,0,0,6.5,145.3
mpg,8.0,9,ack-4f,w,2,2,0,ctl,ok,0,0,11.4,145.3
mpg,8.0,9,w48-qpsk-r1/3,w48,19,1,0,data,ok,18,18,10.3,145.3
mpg,8.0,9,ack-1f,w,3,3,0,ctl,ok,0,0,12.8,145.3
mpg,8.0,9,w48-16qam-r1/3,w48,19,2,1,data,ok,17,15,8.0,145.3
mpg,8.0,9,ack-1f,w,3,3,0,ctl,ok,0,0,11.2,145.3
mpg,8.0,9,w48-16qam-r1/3,w48,19,2,1,data,ok,15,15,10.1,145.3
mpg,8.0,9,ack-1f,w,3,3,0,ctl,ok,0,0,4.5,145.3
mpg,8.0,9,w48-16qam-r1/3,w48,19,2,1,data,ok,17,16,8.5,145.3
mpg,8.0,9,ack-1f,w,4,4,0,ctl,ok,0,0,14.9,145.3
mpg,8.0,9,w48-16qam-r1/3,w48,19,2,1,data,ok,16,16,8.6,145.3
mpg,8.0,9,ack-1f,w,3,3,0,ctl,ok,0,0,13.0,145.3
mpg,8.0,9,w48-16qam-r1/3,w48,19,2,1,data,ok,17,17,8.5,145.3
mpg,8.0,9,ack-1f,w,3,3,0,ctl,ok,0,0,7.9,145.3
mpg,8.0,9,w48-16qam-r1/3,w48,19,2,1,data,ok,17,17,10.9,145.3
mpg,8.0,9,ack-1f,w,2,2,0,ctl,ok,0,0,12.3,145.3
mpg,8.0,9,w48-16qam-r1/3,w48,19,1,0,data,ctl_lost,18,0,6.0,145.3
mpg,8.0,9,ack-4f,w,3,3,0,ctl,ok,0,0,10.8,145.3
mpg,8.0,9,ack-4f,w,3,3,0,ctl,ok,0,0,3.9,145.3
mpg,8.0,9,w48-qpsk-r1/2,w48,19,2,1,data,ok,17,17,9.9,145.3
mpg,8.0,9,ack-1f,w,2,2,0,ctl,ok,0,0,7.4,145.3
mpg,8.0,9,w48-16qam-r1/3,w48,19,1,0,data,ok,18,18,12.1,145.3
mpg,8.0,9,ack-1f,w,2,2,0,ctl,ok,0,0,13.1,145.3
mpg,8.0,9,w48-16qam-r1/3,w48,19,1,0,data,ok,18,18,10.9,145.3
mpg,8.0,9,ack-1f,w,2,2,0,ctl,ok,0,0,14.8,145.3
mpg,8.0,9,w48-16qam-r1/3,w48,19,1,0,data,ok,18,18,9.4,145.3
mpg,8.0,9,ack-1f,w,2,2,0,ctl,ok,0,0,10.8,145.3
mpg,8.0,9,w48-16qam-r1/3,w48,19,1,0,data,ok,18,16,7.1,145.3
mpg,8.0,9,ack-1f,w,4,4,0,ctl,ok,0,0,8.5,145.3
mpg,8.0,9,w48-16qam-r1/3,w48,19,2,1,data,ok,15,15,8.8,145.3
mpg,8.0,9,ack-1f,w,3,3,0,ctl,ok,0,0,11.7,145.3
mpg,8.0,9,w48-qpsk-r1/2,w48,19,2,1,data,ok,17,17,11.7,145.3
mpg,8.0,9,ack-1f,w,3,3,0,ctl,ok,0,0,13.5,145.3
mpg,8.0,9,w48-16qam-r1/3,w48,19,2,1,data,ok,17,17,8.7,145.3
mpg,8.0,9,ack-1f,w,2,2,0,ctl,ok,0,0,6.1,145.3
mpg,8.0,9,w48-16qam-r1/3,w48,19,1,0,data,ok,18,18,8.4,145.3
mpg,8.0,9,ack-1f,w,3,3,0,ctl,ok,0,0,14.6,145.3
mpg,8.0,9,w48-16qam-r1/3,w48,19,2,1,data,ok,17,17,9.7,145.3
mpg,8.0,9,ack-1f,w,3,3,0,ctl,ok,0,0,11.6,145.3
mpg,8.0,9,w48-16qam-r1/3,w48,19,2,1,data,ok,17,17,10.9,145.3
mpg,8.0,11,qpsk-r1/5,w,1,1,0,ctl,ok,0,0,14.6,130.1
mpg,8.0,11,qpsk-r1/5,w,1,1,0,ctl,ok,0,0,12.9,130.1
mpg,8.0,11,ack-4f,w,2,2,0,ctl,ok,0,0,6.1,130.1
mpg,8.0,11,ack-1f,w,3,3,0,ctl,ok,0,0,7.1,130.1
mpg,8.0,11,w48-qpsk-r3/4,w48,19,2,1,data,ok,17,3,9.6,130.1
mpg,8.0,11,ack-1f,w,4,4,0,ctl,ok,0,0,9.7,130.1
mpg,8.0,11,w48-16qam-r1/3,w48,19,2,1,data,ok,17,17,10.8,130.1
mpg,8.0,11,ack-1f,w,2,2,0,ctl,ok,0,0,13.2,130.1
mpg,8.0,11,w48-16qam-r1/3,w48,19,1,0,data,ok,18,18,10.8,130.1
mpg,8.0,11,ack-1f,w,2,2,0,ctl,ok,0,0,15.7,130.1
mpg,8.0,11,w48-16qam-r1/3,w48,19,1,0,data,ok,18,18,12.2,130.1
mpg,8.0,11,ack-1f,w,2,2,0,ctl,ok,0,0,12.7,130.1
mpg,8.0,11,w48-16qam-r1/3,w48,19,1,0,data,ok,18,18,9.7,130.1
mpg,8.0,11,ack-1f,w,2,2,0,ctl,ok,0,0,2.1,130.1
mpg,8.0,11,w48-16qam-r1/3,w48,19,1,0,data,ctl_lost,18,0,3.4,130.1
mpg,8.0,11,ack-4f,w,3,3,0,ctl,ok,0,0,12.3,130.1
mpg,8.0,11,ack-4f,w,3,3,0,ctl,ok,0,0,5.9,130.1
mpg,8.0,11,w48-qpsk-r1/2,w48,19,2,1,data,ok,17,17,10.1,130.1
mpg,8.0,11,ack-1f,w,3,3,0,ctl,ok,0,0,15.9,130.1
mpg,8.0,11,w48-16qam-r1/3,w48,19,2,1,data,ok,17,0,5.0,130.1
mpg,8.0,11,ack-1f,w,3,3,0,ctl,ok,0,0,2.0,130.1
mpg,8.0,11,w48-qpsk-r1/2,w48,19,2,1,data,ok,17,17,9.1,130.1
mpg,8.0,11,ack-1f,w,3,3,0,ctl,ok,0,0,3.0,130.1
mpg,8.0,11,w48-qpsk-r1/2,w48,19,2,1,data,ok,17,17,11.2,130.1
mpg,8.0,11,ack-1f,w,2,2,0,ctl,ok,0,0,15.0,130.1
mpg,8.0,11,w48-16qam-r1/3,w48,19,1,0,data,ok,18,17,8.0,130.1
mpg,8.0,11,ack-1f,w,4,4,0,ctl,ok,0,0,6.8,130.1
mpg,8.0,11,w48-16qam-r1/3,w48,19,2,1,data,ok,16,16,9.2,130.1
mpg,8.0,11,ack-1f,w,2,2,0,ctl,ok,0,0,9.2,130.1
mpg,8.0,11,w48-qpsk-r1/2,w48,19,1,0,data,ok,18,18,8.4,130.1
mpg,8.0,11,ack-1f,w,2,2,0,ctl,ok,0,0,6.1,130.1
mpg,8.0,11,w48-qpsk-r1/2,w48,19,1,0,data,ok,18,18,7.4,130.1
mpg,8.0,11,ack-1f,w,2,2,0,ctl,ok,0,0,1.3,130.1
mpg,8.0,11,w48-qpsk-r1/2,w48,19,1,0,data,ok,18,18,11.3,130.1
mpg,8.0,11,ack-1f,w,3,3,0,ctl,ok,0,0,9.0,130.1
mpg,8.0,11,w48-16qam-r1/3,w48,19,2,1,data,ok,17,15,7.0,130.1
mpg,8.0,11,ack-1f,w,4,4,0,ctl,ok,0,0,5.8,130.1
mpg,8.0,11,w48-16qam-r1/3,w48,19,2,1,data,ok,15,15,11.4,130.1
mpg,8.0,11,ack-1f,w,3,3,0,ctl,ok,0,0,5.6,130.1
mpg,8.0,11,w48-16qam-r1/3,w48,19,2,1,data,ok,17,17,11.1,130.1
mpg,8.0,11,ack-1f,w,2,2,0,ctl,ok,0,0,7.2,130.1
mpg,8.0,11,w48-16qam-r1/3,w48,19,1,0,data,ctl_lost,18,0,5.9,130.1
mpg,8.0,11,ack-4f,w,3,3,0,ctl,ok,0,0,13.9,130.1
mpg,8.0,11,ack-4f,w,2,2,0,ctl,ok,0,0,17.3,130.1
mpg,8.0,11,w48-qpsk-r1/2,w48,19,1,0,data,ok,18,18,9.1,130.1
mpg,8.0,11,ack-1f,w,2,2,0,ctl,ok,0,0,10.4,130.1
mpg,8.0,11,w48-qpsk-r1/2,w48,19,1,0,data,ctl_lost,18,11,4.6,130.1
mpg,8.0,11,ack-4f,w,3,3,0,ctl,ok,0,0,12.9,130.1
mpg,8.0,11,ack-4f,w,3,3,0,ctl,ok,0,0,12.2,130.1
mpg,8.0,11,w48-qpsk-r1/2,w48,19,2,1,data,ok,17,17,9.7,130.1
mpg,8.0,11,ack-1f,w,3,3,0,ctl,ok,0,0,11.0,130.1
mpg,8.0,11,w48-16qam-r1/3,w48,19,2,1,data,ok,17,0,8.1,130.1
mpg,8.0,11,ack-1f,w,2,2,0,ctl,ok,0,0,10.4,130.1
mpg,8.0,11,w48-qpsk-r1/2,w48,19,1,0,data,ok,18,18,12.6,130.1
mpg,8.0,11,ack-1f,w,2,2,0,ctl,ok,0,0,11.3,130.1
mpg,8.0,11,w48-qpsk-r1/2,w48,19,1,0,data,ok,18,18,10.8,130.1
mpg,8.0,11,ack-1f,w,2,2,0,ctl,ok,0,0,12.4,130.1
mpg,8.0,11,w48-16qam-r1/3,w48,19,1,0,data,ok,18,15,7.1,130.1
mpg,8.0,11,ack-1f,w,4,4,0,ctl,ok,0,0,11.7,130.1
mpg,8.0,11,w48-16qam-r1/3,w48,19,2,1,data,ok,14,14,11.6,130.1
mpg,8.0,11,ack-1f,w,2,2,0,ctl,ok,0,0,10.3,130.1
mpg,8.0,11,w48-qpsk-r1/2,w48,19,1,0,data,ok,18,18,10.4,130.1
mpg,8.0,11,ack-1f,w,2,2,0,ctl,ok,0,0,14.5,130.1
mpg,8.0,11,w48-16qam-r1/3,w48,19,1,0,data,ok,18,18,9.3,130.1
mpg,8.0,11,ack-1f,w,2,2,0,ctl,ok,0,0,10.2,130.1
mpg,8.0,11,w48-qpsk-r1/2,w48,19,1,0,data,ok,18,18,9.3,130.1
mpg,8.0,11,ack-1f,w,2,2,0,ctl,ok,0,0,12.5,130.1
mpg,8.0,11,w48-qpsk-r1/2,w48,19,1,0,data,ok,18,18,8.6,130.1
mpg,8.0,11,ack-1f,w,2,2,0,ctl,ok,0,0,9.1,130.1
mpg,8.0,11,w48-qpsk-r1/2,w48,19,1,0,data,ok,18,18,8.9,130.1
mpg,8.0,11,ack-1f,w,2,2,0,ctl,ok,0,0,12.1,130.1
mpg,8.0,11,w48-qpsk-r1/2,w48,19,1,0,data,ok,18,18,6.3,130.1
mpg,8.0,11,ack-1f,w,2,2,0,ctl,ok,0,0,8.9,130.1
mpg,8.0,11,w48-qpsk-r1/2,w48,19,1,0,data,ok,18,18,9.0,130.1
mpg,8.0,11,ack-1f,w,2,2,0,ctl,ok,0,0,8.0,130.1
mpg,8.0,11,w48-qpsk-r1/2,w48,19,1,0,data,ok,18,18,9.8,130.1
mpg,8.0,11,ack-1f,w,2,2,0,ctl,ok,0,0,13.3,130.1
mpg,8.0,11,w48-qpsk-r1/2,w48,19,1,0,data,ok,18,18,6.9,130.1
mpg,8.0,11,ack-1f,w,2,2,0,ctl,ok,0,0,4.6,130.1
mpg,8.0,11,w48-qpsk-r1/2,w48,19,1,0,data,ok,18,18,8.1,130.1
mpg,8.0,11,ack-1f,w,3,3,0,ctl,ok,0,0,10.3,130.1
mpg,8.0,11,w48-qpsk-r1/2,w48,19,2,1,data,ok,17,17,9.6,130.1
mpg,8.0,11,ack-1f,w,2,2,0,ctl,ok,0,0,7.7,130.1
mpg,8.0,11,w48-qpsk-r1/2,w48,19,1,0,data,ctl_lost,18,8,6.3,130.1
mpg,8.0,11,ack-4f,w,3,3,0,ctl,ok,0,0,9.0,130.1
mpg,8.0,11,ack-4f,w,2,2,0,ctl,ok,0,0,5.9,130.1
mpg,8.0,11,w48-qpsk-r1/3,w48,19,1,0,data,ok,18,18,9.3,130.1
mpg,8.0,11,ack-1f,w,3,3,0,ctl,ok,0,0,10.1,130.1
mpg,8.0,11,w48-qpsk-r1/2,w48,19,2,1,data,ok,17,17,8.0,130.1
mpg,8.0,11,ack-1f,w,2,2,0,ctl,ok,0,0,10.6,130.1
mpg,8.0,11,w48-qpsk-r1/2,w48,19,1,0,data,ok,18,18,9.8,130.1
mpg,8.0,11,ack-1f,w,2,2,0,ctl,ok,0,0,11.1,130.1
mpg,8.0,11,w48-qpsk-r1/2,w48,19,1,0,data,ok,18,18,8.1,130.1
mpp,-4.0,7,qpsk-r1/5,w,1,1,0,ctl,ok,0,0,-1.7,23.4
mpp,-4.0,7,qpsk-r1/5,w,1,1,0,ctl,ok,0,0,-0.5,23.4
mpp,-4.0,7,ack-4f,w,3,3,0,ctl,ok,0,0,-1.9,23.4
mpp,-4.0,7,ack-4f,w,3,3,0,ctl,ok,0,0,2.8,23.4
mpp,-4.0,7,qpsk-r1/5,w,9,2,1,data,ok,7,7,-0.9,23.4
mpp,-4.0,7,ack-4f,w,3,3,0,ctl,ok,0,0,0.2,23.4
mpp,-4.0,7,qpsk-r1/5,w,9,2,1,data,ok,7,7,-0.3,23.4
mpp,-4.0,7,ack-4f,w,2,2,0,ctl,ok,0,0,-3.7,23.4
mpp,-4.0,7,qpsk-r1/5,w,9,1,0,data,ok,8,8,-0.8,23.4
mpp,-4.0,7,ack-4f,w,2,2,0,ctl,ok,0,0,5.1,23.4
mpp,-4.0,7,qpsk-r1/5,w,9,1,0,data,ok,8,8,-2.0,23.4
mpp,-4.0,7,ack-4f,w,3,3,0,ctl,ok,0,0,-0.4,23.4
mpp,-4.0,7,qpsk-r1/5,w,9,2,1,data,ok,7,7,0.1,23.4
mpp,-4.0,7,ack-4f,w,2,2,0,ctl,ok,0,0,3.2,23.4
mpp,-4.0,7,qpsk-r1/5,w,9,1,0,data,ok,8,8,-0.4,23.4
mpp,-4.0,7,ack-4f,w,2,2,0,ctl,ok,0,0,-0.8,23.4
mpp,-4.0,7,qpsk-r1/5,w,9,1,0,data,ok,8,8,-2.3,23.4
mpp,-4.0,7,ack-4f,w,2,2,0,ctl,ok,0,0,2.3,23.4
mpp,-4.0,7,qpsk-r1/5,w,9,1,0,data,ok,8,8,-1.2,23.4
mpp,-4.0,7,ack-4f,w,2,2,0,ctl,ok,0,0,-4.7,23.4
mpp,-4.0,7,qpsk-r1/5,w,9,1,0,data,ok,8,8,0.5,23.4
mpp,-4.0,7,ack-4f,w,2,2,0,ctl,ok,0,0,-3.0,23.4
mpp,-4.0,7,qpsk-r1/5,w,9,1,0,data,ok,8,8,-0.3,23.4
mpp,-4.0,7,n4-ack-8f,n4,2,2,0,ctl,ok,0,0,-0.5,23.4
mpp,-4.0,7,qpsk-r1/5,w,9,1,0,data,ok,8,8,-0.7,23.4
mpp,-4.0,7,ack-4f,w,2,2,0,ctl,ctl_lost,0,0,-9.4,23.4
mpp,-4.0,7,ack-4f,w,3,3,0,ctl,ok,0,0,1.1,23.4
mpp,-4.0,7,ack-4f,w,2,2,0,ctl,ok,0,0,-1.9,23.4
mpp,-4.0,7,qpsk-r1/5,w,9,1,0,data,ok,8,8,-0.5,23.4
mpp,-4.0,7,n10-ack-4f,n10,2,2,0,ctl,ok,0,0,-0.1,23.4
mpp,-4.0,7,qpsk-r1/5,w,9,1,0,data,ok,8,8,0.3,23.4
mpp,-4.0,7,ack-4f,w,2,2,0,ctl,ok,0,0,-2.5,23.4
mpp,-4.0,7,qpsk-r1/5,w,9,1,0,data,ok,8,8,0.3,23.4
mpp,-4.0,7,n10-ack-4f,n10,2,2,0,ctl,ok,0,0,-2.8,23.4
mpp,-4.0,7,qpsk-r1/5,w,9,1,0,data,ok,8,8,-0.5,23.4
mpp,-4.0,7,ack-4f,w,2,2,0,ctl,ok,0,0,-3.7,23.4
mpp,-4.0,7,qpsk-r1/5,w,9,1,0,data,ok,8,8,-2.7,23.4
mpp,-4.0,7,n10-ack-4f,n10,2,2,0,ctl,ok,0,0,-3.5,23.4
mpp,-4.0,7,qpsk-r1/5,w,9,1,0,data,ok,8,8,-0.6,23.4
mpp,-4.0,7,n10-ack-4f,n10,2,2,0,ctl,ok,0,0,-4.7,23.4
mpp,-4.0,7,qpsk-r1/5,w,9,1,0,data,ok,8,8,-0.1,23.4
mpp,-4.0,7,n10-ack-4f,n10,2,2,0,ctl,ok,0,0,-0.9,23.4
mpp,-4.0,7,qpsk-r1/5,w,9,1,0,data,ok,8,8,0.5,23.4
mpp,-4.0,7,n10-ack-4f,n10,2,2,0,ctl,ok,0,0,-2.2,23.4
mpp,-4.0,7,qpsk-r1/5,w,9,1,0,data,ok,8,8,0.4,23.4
mpp,-4.0,7,n10-ack-4f,n10,2,2,0,ctl,ok,0,0,-1.2,23.4
mpp,-4.0,7,qpsk-r1/5,w,9,1,0,data,ok,8,8,-0.6,23.4
mpp,-4.0,7,n10-ack-4f,n10,2,2,0,ctl,ok,0,0,-1.8,23.4
mpp,-4.0,7,qpsk-r1/5,w,9,1,0,data,ok,8,8,-0.1,23.4
mpp,-4.0,7,n10-ack-4f,n10,2,2,0,ctl,ok,0,0,-2.3,23.4
mpp,-4.0,7,qpsk-r1/5,w,9,1,0,data,ok,8,8,-0.1,23.4
mpp,-4.0,7,n10-ack-4f,n10,2,2,0,ctl,ok,0,0,-4.8,23.4
mpp,-4.0,7,qpsk-r1/5,w,9,1,0,data,ok,8,8,-0.2,23.4
mpp,-4.0,7,n10-ack-4f,n10,2,2,0,ctl,ok,0,0,-0.3,23.4
mpp,-4.0,7,qpsk-r1/5,w,9,1,0,data,ok,8,8,-0.3,23.4
mpp,-4.0,7,n10-ack-4f,n10,2,2,0,ctl,ok,0,0,-0.5,23.4
mpp,-4.0,7,qpsk-r1/5,w,9,1,0,data,ok,8,8,0.8,23.4
mpp,-4.0,7,n10-ack-4f,n10,3,3,0,ctl,ok,0,0,-3.2,23.4
mpp,-4.0,7,qpsk-r1/3,w,9,2,1,data,ok,7,0,-0.8,23.4
mpp,-4.0,7,n10-ack-4f,n10,2,2,0,ctl,ok,0,0,-3.3,23.4
mpp,-4.0,7,qpsk-r1/5,w,9,1,0,data,ok,8,6,-2.9,23.4
mpp,-4.0,7,n10-ack-4f,n10,3,3,0,ctl,ok,0,0,-3.2,23.4
mpp,-4.0,7,qpsk-r1/5,w,9,1,,data,missed,0,0,,23.4
mpp,-4.0,7,ack-4f,w,3,3,0,ctl,ok,0,0,-0.5,23.4
mpp,-4.0,7,ack-4f,w,3,3,0,ctl,ok,0,0,-3.1,23.4
mpp,-4.0,7,qpsk-r1/5,w,9,1,0,data,ok,6,6,-1.2,23.4
mpp,-4.0,7,n10-ack-4f,n10,2,2,0,ctl,ok,0,0,-1.4,23.4
mpp,-4.0,7,qpsk-r1/5,w,9,1,0,data,ok,8,8,-1.3,23.4
mpp,-4.0,7,n10-ack-4f,n10,2,2,0,ctl,ok,0,0,-0.4,23.4
mpp,-4.0,7,qpsk-r1/5,w,9,1,0,data,ok,8,8,-0.8,23.4
mpp,-4.0,7,n10-ack-4f,n10,2,2,0,ctl,ok,0,0,-5.0,23.4
mpp,-4.0,7,qpsk-r1/5,w,9,1,0,data,ok,8,8,-1.2,23.4
mpp,-4.0,7,n10-ack-4f,n10,2,2,0,ctl,ok,0,0,1.1,23.4
mpp,-4.0,7,qpsk-r1/5,w,9,1,0,data,ok,8,8,-0.4,23.4
mpp,-4.0,7,n10-ack-4f,n10,2,2,0,ctl,ok,0,0,0.3,23.4
mpp,-4.0,7,qpsk-r1/5,w,9,1,0,data,ok,8,8,-2.3,23.4
mpp,-4.0,7,ack-1f,w,2,2,0,ctl,ctl_lost,0,0,-1.9,23.4
mpp,-4.0,7,ack-4f,w,3,3,0,ctl,ok,0,0,-2.8,23.4
mpp,-4.0,7,ack-4f,w,2,2,0,ctl,ok,0,0,1.0,23.4
mpp,-4.0,7,qpsk-r1/5,w,9,1,0,data,ok,8,8,-0.1,23.4
mpp,-4.0,7,n10-ack-4f,n10,2,2,0,ctl,ok,0,0,0.2,23.4
mpp,-4.0,7,qpsk-r1/5,w,9,1,0,data,ok,8,8,-0.5,23.4
mpp,-4.0,7,n10-ack-4f,n10,2,2,0,ctl,ok,0,0,0.3,23.4
mpp,-4.0,7,qpsk-r1/5,w,9,1,0,data,ok,8,8,-1.9,23.4
mpp,-4.0,7,n10-ack-4f,n10,2,2,0,ctl,ok,0,0,-8.4,23.4
mpp,-4.0,7,qpsk-r1/5,w,9,1,0,data,ok,8,8,-1.5,23.4
mpp,-4.0,7,n10-ack-4f,n10,2,2,0,ctl,ok,0,0,-1.0,23.4
mpp,-4.0,7,qpsk-r1/5,w,9,1,0,data,ok,8,8,-0.7,23.4
mpp,-4.0,7,n10-ack-4f,n10,2,2,0,ctl,ok,0,0,-0.5,23.4
mpp,-4.0,7,qpsk-r1/5,w,9,1,0,data,ok,8,8,-0.6,23.4
mpp,-4.0,7,n10-ack-4f,n10,2,2,,ctl,missed,0,0,,23.4
mpp,-4.0,7,ack-4f,w,3,3,0,ctl,ok,0,0,-2.7,23.4
mpp,-4.0,7,ack-4f,w,2,2,0,ctl,ok,0,0,-5.2,23.4
mpp,-4.0,7,qpsk-r1/5,w,9,1,0,data,ok,8,8,-2.0,23.4
mpg,8.0,10,qpsk-r1/5,w,1,1,0,ctl,ok,0,0,14.6,167.4
mpg,8.0,10,qpsk-r1/5,w,1,1,0,ctl,ok,0,0,12.7,167.4
mpg,8.0,10,ack-4f,w,2,2,0,ctl,ok,0,0,13.3,167.4
mpg,8.0,10,ack-1f,w,3,3,0,ctl,ok,0,0,15.2,167.4
mpg,8.0,10,w48-16qam-r1/2,w48,19,2,1,data,ok,17,17,12.4,167.4
mpg,8.0,10,ack-1f,w,3,3,0,ctl,ok,0,0,15.6,167.4
mpg,8.0,10,w48-16qam-r1/2,w48,19,2,1,data,ok,17,0,8.1,167.4
mpg,8.0,10,ack-1f,w,3,3,0,ctl,ok,0,0,9.5,167.4
mpg,8.0,10,w48-16qam-r1/3,w48,19,2,1,data,ok,17,15,8.1,167.4
mpg,8.0,10,ack-1f,w,4,4,0,ctl,ok,0,0,6.8,167.4
mpg,8.0,10,w48-16qam-r1/3,w48,19,2,1,data,ok,15,15,8.9,167.4
mpg,8.0,10,ack-1f,w,3,3,0,ctl,ok,0,0,2.0,167.4
mpg,8.0,10,w48-16qam-r1/3,w48,19,2,1,data,ok,17,16,7.0,167.4
mpg,8.0,10,ack-1f,w,4,4,0,ctl,ok,0,0,9.3,167.4
mpg,8.0,10,w48-16qam-r1/3,w48,19,2,1,data,ok,16,16,10.8,167.4
mpg,8.0,10,ack-1f,w,2,2,0,ctl,ok,0,0,11.3,167.4
mpg,8.0,10,w48-16qam-r1/3,w48,19,1,0,data,ok,18,18,8.3,167.4
mpg,8.0,10,ack-1f,w,2,2,0,ctl,ok,0,0,8.3,167.4
mpg,8.0,10,w48-16qam-r1/3,w48,19,1,0,data,ok,18,18,8.0,167.4
mpg,8.0,10,ack-1f,w,3,3,0,ctl,ok,0,0,9.7,167.4
mpg,8.0,10,w48-16qam-r1/3,w48,19,2,1,data,ok,17,3,6.4,167.4
mpg,8.0,10,ack-1f,w,3,3,0,ctl,ok,0,0,10.7,167.4
mpg,8.0,10,w48-16qam-r1/3,w48,19,2,1,data,ok,2,2,9.6,167.4
mpg,8.0,10,ack-1f,w,2,2,0,ctl,ok,0,0,10.3,167.4
mpg,8.0,10,w48-16qam-r1/3,w48,19,1,0,data,ok,18,18,10.8,167.4
mpg,8.0,10,ack-1f,w,2,2,0,ctl,ok,0,0,9.8,167.4
mpg,8.0,10,w48-16qam-r1/3,w48,19,1,0,data,ok,18,18,11.7,167.4
mpg,8.0,10,ack-1f,w,2,2,0,ctl,ok,0,0,11.5,167.4
mpg,8.0,10,w48-16qam-r1/3,w48,19,1,0,data,ok,18,18,8.5,167.4
mpg,8.0,10,ack-1f,w,2,2,0,ctl,ok,0,0,9.0,167.4
mpg,8.0,10,w48-16qam-r1/3,w48,19,1,0,data,ok,18,18,8.9,167.4
mpg,8.0,10,ack-1f,w,2,2,0,ctl,ok,0,0,5.7,167.4
mpg,8.0,10,w48-16qam-r1/3,w48,19,1,0,data,ctl_lost,18,0,6.8,167.4
mpg,8.0,10,ack-4f,w,3,3,0,ctl,ok,0,0,4.8,167.4
mpg,8.0,10,ack-4f,w,2,2,0,ctl,ok,0,0,11.3,167.4
mpg,8.0,10,w48-qpsk-r1/3,w48,19,1,0,data,ok,18,18,10.7,167.4
mpg,8.0,10,ack-1f,w,3,3,0,ctl,ok,0,0,3.6,167.4
mpg,8.0,10,w48-16qam-r1/3,w48,19,2,1,data,ok,17,17,9.1,167.4
mpg,8.0,10,ack-1f,w,2,2,0,ctl,ok,0,0,2.5,167.4
mpg,8.0,10,w48-16qam-r1/3,w48,19,1,0,data,ok,18,18,8.7,167.4
mpg,8.0,10,ack-1f,w,2,2,0,ctl,ok,0,0,12.5,167.4
mpg,8.0,10,w48-16qam-r1/3,w48,19,1,0,data,ok,18,18,9.8,167.4
mpg,8.0,10,ack-1f,w,2,2,0,ctl,ok,0,0,17.7,167.4
mpg,8.0,10,w48-16qam-r1/3,w48,19,1,0,data,ok,18,18,11.2,167.4
mpg,8.0,10,ack-1f,w,2,2,0,ctl,ok,0,0,11.7,167.4
mpg,8.0,10,w48-16qam-r1/3,w48,19,1,0,data,ok,18,17,7.3,167.4
mpg,8.0,10,ack-1f,w,3,3,0,ctl,ok,0,0,11.1,167.4
mpg,8.0,10,w48-16qam-r1/3,w48,19,1,0,data,ok,17,17,7.1,167.4
mpg,8.0,10,ack-1f,w,2,2,0,ctl,ok,0,0,4.6,167.4
mpg,8.0,10,w48-qpsk-r1/2,w48,19,1,0,data,ok,18,18,9.0,167.4
mpg,8.0,10,ack-1f,w,2,2,0,ctl,ok,0,0,5.2,167.4
mpg,8.0,10,w48-qpsk-r1/2,w48,19,1,0,data,ok,18,18,11.9,167.4
mpg,8.0,10,ack-1f,w,2,2,0,ctl,ok,0,0,13.8,167.4
mpg,8.0,10,w48-16qam-r1/3,w48,19,1,0,data,ok,18,18,10.5,167.4
mpg,8.0,10,ack-1f,w,2,2,0,ctl,ok,0,0,12.6,167.4
mpg,8.0,10,w48-16qam-r1/3,w48,19,1,0,data,ok,18,18,9.1,167.4
mpg,8.0,10,ack-1f,w,2,2,0,ctl,ok,0,0,11.4,167.4
mpg,8.0,10,w48-16qam-r1/3,w48,19,1,0,data,ok,18,18,12.1,167.4
mpg,8.0,10,ack-1f,w,2,2,0,ctl,ok,0,0,9.9,167.4
mpg,8.0,10,w48-16qam-r1/3,w48,19,1,0,data,ok,18,18,11.0,167.4
mpg,8.0,10,ack-1f,w,2,2,0,ctl,ok,0,0,12.3,167.4
mpg,8.0,10,w48-16qam-r1/3,w48,19,1,0,data,ok,18,18,10.5,167.4
mpg,8.0,10,ack-1f,w,2,2,0,ctl,ok,0,0,17.3,167.4
mpg,8.0,10,w48-16qam-r1/3,w48,19,1,0,data,ok,18,18,9.0,167.4
mpg,8.0,10,ack-1f,w,2,2,0,ctl,ok,0,0,6.4,167.4
mpg,8.0,10,w48-16qam-r1/3,w48,19,1,0,data,ctl_lost,18,0,3.5,167.4
mpg,8.0,10,ack-4f,w,3,3,0,ctl,ok,0,0,15.0,167.4
mpg,8.0,10,ack-4f,w,3,3,0,ctl,ok,0,0,15.4,167.4
mpg,8.0,10,w48-16qam-r1/3,w48,19,2,1,data,ok,17,17,7.7,167.4
mpg,8.0,10,ack-1f,w,3,3,0,ctl,ok,0,0,8.1,167.4
mpg,8.0,10,w48-16qam-r1/3,w48,19,2,1,data,ok,17,17,10.9,167.4
mpg,8.0,10,ack-1f,w,3,3,0,ctl,ok,0,0,2.2,167.4
mpg,8.0,10,w48-16qam-r1/3,w48,19,2,1,data,ok,17,14,6.9,167.4
mpg,8.0,10,ack-1f,w,4,4,0,ctl,ok,0,0,14.7,167.4
mpg,8.0,10,w48-16qam-r1/3,w48,19,2,1,data,ok,14,14,9.8,167.4
mpg,8.0,10,ack-1f,w,2,2,0,ctl,ok,0,0,8.3,167.4
mpg,8.0,10,w48-16qam-r1/3,w48,19,1,0,data,ok,18,18,9.1,167.4
mpg,8.0,10,ack-1f,w,2,2,0,ctl,ok,0,0,12.7,167.4
mpg,8.0,10,w48-16qam-r1/3,w48,19,1,0,data,ok,18,18,7.7,167.4
mpg,8.0,10,ack-1f,w,2,2,0,ctl,ok,0,0,9.8,167.4
mpg,8.0,10,w48-16qam-r1/3,w48,19,1,0,data,ctl_lost,18,0,5.3,167.4
mpg,8.0,10,ack-4f,w,2,2,0,ctl,ok,0,0,6.3,167.4
mpg,8.0,10,ack-4f,w,2,2,0,ctl,ok,0,0,11.0,167.4
mpg,8.0,10,w48-qpsk-r1/3,w48,19,1,0,data,ok,18,18,10.7,167.4
mpg,8.0,10,ack-1f,w,2,2,0,ctl,ok,0,0,4.7,167.4
mpg,8.0,10,w48-16qam-r1/3,w48,19,1,0,data,ok,18,18,11.5,167.4
mpg,8.0,10,ack-1f,w,2,2,0,ctl,ok,0,0,9.3,167.4
mpg,8.0,10,w48-16qam-r1/3,w48,19,1,0,data,ok,18,17,8.1,167.4
mpg,8.0,10,ack-1f,w,3,3,0,ctl,ok,0,0,10.9,167.4
mpg,8.0,10,w48-16qam-r1/3,w48,19,2,1,data,ok,16,16,10.5,167.4
mpg,8.0,10,ack-1f,w,2,2,0,ctl,ok,0,0,12.5,167.4
mpg,8.0,10,w48-16qam-r1/3,w48,19,1,0,data,ok,18,18,8.7,167.4
mpg,8.0,10,ack-1f,w,2,2,0,ctl,ok,0,0,11.0,167.4
mpg,8.0,10,w48-16qam-r1/3,w48,19,1,0,data,ok,18,18,12.1,167.4
mpp,-4.0,5,qpsk-r1/5,w,1,1,0,ctl,ok,0,0,0.7,19.6
mpp,-4.0,5,qpsk-r1/5,w,1,1,0,ctl,ctl_lost,0,0,-4.2,19.6
mpp,-4.0,5,n4-qpsk-r1/3,n4,1,1,0,ctl,ok,0,0,0.6,19.6
mpp,-4.0,5,n4-qpsk-r1/3,n4,1,1,0,ctl,ok,0,0,0.0,19.6
mpp,-4.0,5,ack-4f,w,3,3,0,ctl,ok,0,0,-0.2,19.6
mpp,-4.0,5,ack-4f,w,3,3,0,ctl,ok,0,0,0.8,19.6
mpp,-4.0,5,qpsk-r1/5,w,9,2,1,data,ok,7,7,0.2,19.6
mpp,-4.0,5,ack-4f,w,3,3,0,ctl,ok,0,0,-0.6,19.6
mpp,-4.0,5,qpsk-r1/5,w,9,2,1,data,ok,7,7,-1.6,19.6
mpp,-4.0,5,ack-4f,w,3,3,0,ctl,ok,0,0,-0.8,19.6
mpp,-4.0,5,qpsk-r1/5,w,9,2,1,data,ok,7,7,-2.6,19.6
mpp,-4.0,5,ack-4f,w,3,3,0,ctl,ok,0,0,2.0,19.6
mpp,-4.0,5,qpsk-r1/5,w,9,2,1,data,ok,7,2,-3.2,19.6
mpp,-4.0,5,ack-4f,w,3,3,0,ctl,ok,0,0,-1.1,19.6
mpp,-4.0,5,qpsk-r1/5,w,9,2,1,data,ok,2,2,-0.9,19.6
mpp,-4.0,5,ack-4f,w,3,3,0,ctl,ok,0,0,-0.4,19.6
mpp,-4.0,5,qpsk-r1/5,w,9,2,1,data,ok,7,7,-1.3,19.6
mpp,-4.0,5,ack-4f,w,2,2,0,ctl,ok,0,0,0.3,19.6
mpp,-4.0,5,qpsk-r1/5,w,9,1,0,data,ok,8,8,-1.6,19.6
mpp,-4.0,5,ack-4f,w,2,2,0,ctl,ok,0,0,-2.6,19.6
mpp,-4.0,5,qpsk-r1/5,w,9,1,0,data,ok,8,8,-1.1,19.6
mpp,-4.0,5,ack-4f,w,2,2,0,ctl,ok,0,0,-6.9,19.6
mpp,-4.0,5,qpsk-r1/5,w,9,1,0,data,ok,8,8,0.1,19.6
mpp,-4.0,5,ack-4f,w,2,2,0,ctl,ok,0,0,0.9,19.6
mpp,-4.0,5,qpsk-r1/5,w,9,1,0,data,ctl_lost,8,8,-2.2,19.6
mpp,-4.0,5,ack-4f,w,3,3,0,ctl,ok,0,0,-1.6,19.6
mpp,-4.0,5,ack-4f,w,3,3,0,ctl,ok,0,0,-1.9,19.6
mpp,-4.0,5,qpsk-r1/5,w,9,2,1,data,ok,7,7,-1.6,19.6
mpp,-4.0,5,ack-4f,w,3,3,0,ctl,ok,0,0,-6.9,19.6
mpp,-4.0,5,qpsk-r1/5,w,9,2,1,data,ok,7,7,-2.2,19.6
mpp,-4.0,5,ack-4f,w,3,3,0,ctl,ok,0,0,-3.1,19.6
mpp,-4.0,5,qpsk-r1/5,w,9,2,1,data,ok,7,7,-1.0,19.6
mpp,-4.0,5,ack-4f,w,2,2,0,ctl,ok,0,0,-2.4,19.6
mpp,-4.0,5,qpsk-r1/5,w,9,1,0,data,ok,8,8,-1.2,19.6
mpp,-4.0,5,ack-4f,w,2,2,0,ctl,ok,0,0,-1.7,19.6
mpp,-4.0,5,qpsk-r1/5,w,9,1,0,data,ok,8,8,1.3,19.6
mpp,-4.0,5,ack-4f,w,3,3,0,ctl,ok,0,0,-0.9,19.6
mpp,-4.0,5,qpsk-r1/3,w,9,2,1,data,ok,7,0,-0.3,19.6
mpp,-4.0,5,ack-4f,w,3,3,0,ctl,ok,0,0,0.5,19.6
mpp,-4.0,5,qpsk-r1/3,w,9,2,1,data,ok,2,0,-1.5,19.6
mpp,-4.0,5,ack-4f,w,2,2,0,ctl,ok,0,0,-0.2,19.6
mpp,-4.0,5,qpsk-r1/5,w,9,1,0,data,ctl_lost,8,0,-3.6,19.6
mpp,-4.0,5,ack-4f,w,4,4,,ctl,missed,0,0,,19.6
mpp,-4.0,5,ack-4f,w,4,4,0,ctl,ok,0,0,0.3,19.6
mpp,-4.0,5,ack-4f,w,3,3,0,ctl,ok,0,0,-0.0,19.6
mpp,-4.0,5,qpsk-r1/5,w,9,2,1,data,ok,7,7,0.3,19.6
mpp,-4.0,5,ack-4f,w,3,3,0,ctl,ok,0,0,-0.7,19.6
mpp,-4.0,5,qpsk-r1/5,w,9,2,1,data,ok,7,7,0.1,19.6
mpp,-4.0,5,ack-4f,w,2,2,0,ctl,ok,0,0,-2.5,19.6
mpp,-4.0,5,qpsk-r1/5,w,9,1,0,data,ok,8,8,-0.6,19.6
mpp,-4.0,5,ack-4f,w,2,2,0,ctl,ok,0,0,-0.2,19.6
mpp,-4.0,5,qpsk-r1/5,w,9,1,0,data,ok,8,8,-1.1,19.6
mpp,-4.0,5,ack-4f,w,3,3,0,ctl,ok,0,0,-0.9,19.6
mpp,-4.0,5,qpsk-r1/5,w,9,2,1,data,ok,7,7,-2.2,19.6
mpp,-4.0,5,ack-4f,w,3,3,0,ctl,ok,0,0,3.3,19.6
mpp,-4.0,5,qpsk-r1/5,w,9,2,1,data,ok,7,7,-0.0,19.6
mpp,-4.0,5,ack-4f,w,2,2,0,ctl,ok,0,0,-0.4,19.6
mpp,-4.0,5,qpsk-r1/5,w,9,1,0,data,ok,8,8,-1.9,19.6
mpp,-4.0,5,ack-4f,w,2,2,0,ctl,ok,0,0,1.9,19.6
mpp,-4.0,5,qpsk-r1/5,w,9,1,0,data,ok,8,8,-1.3,19.6
mpp,-4.0,5,ack-4f,w,2,2,0,ctl,ok,0,0,-0.3,19.6
mpp,-4.0,5,qpsk-r1/5,w,9,1,0,data,ok,8,8,-0.7,19.6
mpp,-4.0,5,ack-4f,w,2,2,0,ctl,ok,0,0,-2.0,19.6
mpp,-4.0,5,qpsk-r1/5,w,9,1,0,data,ok,8,8,-1.7,19.6
mpp,-4.0,5,ack-4f,w,2,2,0,ctl,ok,0,0,-4.2,19.6
mpp,-4.0,5,qpsk-r1/5,w,9,1,0,data,ctl_lost,8,7,-2.4,19.6
mpp,-4.0,5,ack-4f,w,3,3,0,ctl,ok,0,0,1.3,19.6
mpp,-4.0,5,ack-4f,w,3,3,0,ctl,ok,0,0,-0.7,19.6
mpp,-4.0,5,qpsk-r1/5,w,9,2,1,data,ok,7,7,-0.6,19.6
mpp,-4.0,5,ack-4f,w,3,3,0,ctl,ok,0,0,-2.5,19.6
mpp,-4.0,5,qpsk-r1/5,w,9,2,1,data,ok,7,7,-1.0,19.6
mpp,-4.0,5,ack-4f,w,3,3,0,ctl,ok,0,0,-2.5,19.6
mpp,-4.0,5,qpsk-r1/5,w,9,2,1,data,ok,7,7,-1.2,19.6
mpp,-4.0,5,ack-4f,w,3,3,0,ctl,ok,0,0,1.5,19.6
mpp,-4.0,5,qpsk-r1/5,w,9,2,1,data,ok,7,7,-0.7,19.6
mpp,-4.0,5,ack-4f,w,2,2,,ctl,missed,0,0,,19.6
mpp,-4.0,5,ack-4f,w,3,3,0,ctl,ok,0,0,-0.5,19.6
mpp,-4.0,5,ack-4f,w,2,2,,ctl,missed,0,0,,19.6
mpp,-4.0,5,ack-4f,w,3,3,0,ctl,ok,0,0,-2.1,19.6
mpp,-4.0,5,ack-4f,w,3,3,0,ctl,ok,0,0,-1.1,19.6
mpp,-4.0,5,qpsk-r1/5,w,9,2,1,data,ok,7,7,-2.0,19.6
mpp,-4.0,5,ack-4f,w,3,3,0,ctl,ok,0,0,2.2,19.6
mpp,-4.0,5,qpsk-r1/5,w,9,2,1,data,ok,7,7,-2.2,19.6
mpp,-4.0,5,ack-4f,w,3,3,,ctl,missed,0,0,,19.6
mpp,-4.0,5,ack-4f,w,3,3,0,ctl,ok,0,0,1.3,19.6
mpp,-4.0,5,ack-4f,w,2,2,0,ctl,ok,0,0,-4.2,19.6
mpp,-4.0,5,qpsk-r1/5,w,9,1,0,data,ok,8,8,-1.2,19.6
mpp,-4.0,5,ack-4f,w,2,2,0,ctl,ok,0,0,-1.0,19.6
mpp,-4.0,5,qpsk-r1/5,w,9,1,0,data,ok,8,8,-0.8,19.6
mpp,-4.0,5,ack-4f,w,2,2,0,ctl,ok,0,0,-1.1,19.6
mpp,-4.0,5,qpsk-r1/5,w,9,1,0,data,ok,8,8,-0.8,19.6
mpp,-4.0,5,ack-4f,w,2,2,0,ctl,ok,0,0,-0.1,19.6
mpp,-4.0,5,qpsk-r1/5,w,9,1,0,data,ok,8,8,-1.8,19.6
mpp,-4.0,5,ack-4f,w,2,2,0,ctl,ok,0,0,-3.6,19.6
mpp,-4.0,5,qpsk-r1/5,w,9,1,0,data,ok,8,8,-0.7,19.6
mpp,-4.0,4,qpsk-r1/5,w,1,1,0,ctl,ok,0,0,2.7,20.0
mpp,-4.0,4,qpsk-r1/5,w,1,1,0,ctl,ok,0,0,0.3,20.0
mpp,-4.0,4,ack-4f,w,3,3,0,ctl,ok,0,0,2.9,20.0
mpp,-4.0,4,ack-4f,w,3,3,0,ctl,ok,0,0,-1.0,20.0
mpp,-4.0,4,qpsk-r1/3,w,9,2,1,data,ok,7,0,-0.9,20.0
mpp,-4.0,4,ack-4f,w,3,3,0,ctl,ok,0,0,-1.5,20.0
mpp,-4.0,4,qpsk-r1/5,w,9,2,1,data,ok,7,7,-1.0,20.0
mpp,-4.0,4,ack-4f,w,3,3,0,ctl,ok,0,0,-2.2,20.0
mpp,-4.0,4,qpsk-r1/5,w,9,2,1,data,ok,7,7,-1.9,20.0
mpp,-4.0,4,ack-4f,w,3,3,0,ctl,ok,0,0,-2.3,20.0
mpp,-4.0,4,qpsk-r1/5,w,9,2,1,data,ok,7,7,-0.7,20.0
mpp,-4.0,4,ack-4f,w,3,3,0,ctl,ok,0,0,-2.1,20.0
mpp,-4.0,4,qpsk-r1/5,w,9,2,1,data,ok,7,6,-2.3,20.0
mpp,-4.0,4,ack-4f,w,3,3,0,ctl,ok,0,0,0.0,20.0
mpp,-4.0,4,qpsk-r1/5,w,9,2,1,data,ok,6,6,-0.3,20.0
mpp,-4.0,4,ack-4f,w,3,3,0,ctl,ok,0,0,0.3,20.0
mpp,-4.0,4,qpsk-r1/5,w,9,2,1,data,ok,7,7,-1.5,20.0
mpp,-4.0,4,ack-4f,w,2,2,0,ctl,ok,0,0,-0.5,20.0
mpp,-4.0,4,qpsk-r1/5,w,9,1,0,data,ok,8,8,-1.0,20.0
mpp,-4.0,4,ack-4f,w,2,2,0,ctl,ok,0,0,1.0,20.0
mpp,-4.0,4,qpsk-r1/5,w,9,1,0,data,ok,8,8,-0.8,20.0
mpp,-4.0,4,ack-4f,w,2,2,0,ctl,ok,0,0,2.1,20.0
mpp,-4.0,4,qpsk-r1/5,w,9,1,0,data,ok,8,8,-2.5,20.0
mpp,-4.0,4,ack-4f,w,3,3,0,ctl,ok,0,0,-1.1,20.0
mpp,-4.0,4,qpsk-r1/5,w,9,2,1,data,ok,7,7,-1.4,20.0
mpp,-4.0,4,ack-4f,w,2,2,0,ctl,ok,0,0,-1.9,20.0
mpp,-4.0,4,qpsk-r1/5,w,9,1,0,data,ok,8,8,0.1,20.0
mpp,-4.0,4,ack-4f,w,2,2,0,ctl,ok,0,0,1.3,20.0
mpp,-4.0,4,qpsk-r1/5,w,9,1,0,data,ok,8,8,-2.3,20.0
mpp,-4.0,4,ack-4f,w,2,2,0,ctl,ok,0,0,2.1,20.0
mpp,-4.0,4,qpsk-r1/5,w,9,1,0,data,ok,8,8,-1.8,20.0
mpp,-4.0,4,ack-4f,w,2,2,0,ctl,ok,0,0,-0.4,20.0
mpp,-4.0,4,qpsk-r1/5,w,9,1,0,data,ok,8,8,-2.3,20.0
mpp,-4.0,4,ack-4f,w,2,2,0,ctl,ok,0,0,4.1,20.0
mpp,-4.0,4,qpsk-r1/5,w,9,1,0,data,ok,8,8,1.0,20.0
mpp,-4.0,4,ack-4f,w,2,2,0,ctl,ok,0,0,-1.8,20.0
mpp,-4.0,4,qpsk-r1/5,w,9,1,0,data,ok,8,8,-2.0,20.0
mpp,-4.0,4,ack-4f,w,2,2,0,ctl,ok,0,0,-1.9,20.0
mpp,-4.0,4,qpsk-r1/5,w,9,1,0,data,ok,8,8,-1.6,20.0
mpp,-4.0,4,ack-4f,w,2,2,0,ctl,ok,0,0,3.1,20.0
mpp,-4.0,4,qpsk-r1/5,w,9,1,0,data,ok,8,8,0.4,20.0
mpp,-4.0,4,ack-4f,w,2,2,0,ctl,ok,0,0,-0.6,20.0
mpp,-4.0,4,qpsk-r1/5,w,9,1,0,data,ctl_lost,8,1,-2.5,20.0
mpp,-4.0,4,ack-4f,w,3,3,0,ctl,ok,0,0,0.5,20.0
mpp,-4.0,4,ack-4f,w,3,3,0,ctl,ok,0,0,-1.5,20.0
mpp,-4.0,4,qpsk-r1/5,w,9,2,1,data,ok,7,7,-0.9,20.0
mpp,-4.0,4,ack-4f,w,3,3,,ctl,missed,0,0,,20.0
mpp,-4.0,4,ack-4f,w,3,3,0,ctl,ok,0,0,-0.6,20.0
mpp,-4.0,4,ack-4f,w,3,3,0,ctl,ok,0,0,0.7,20.0
mpp,-4.0,4,qpsk-r1/5,w,9,2,1,data,ok,7,7,0.1,20.0
mpp,-4.0,4,ack-4f,w,2,2,0,ctl,ok,0,0,0.3,20.0
mpp,-4.0,4,qpsk-r1/5,w,9,1,0,data,ok,8,8,-1.5,20.0
mpp,-4.0,4,ack-4f,w,2,2,0,ctl,ok,0,0,1.3,20.0
mpp,-4.0,4,qpsk-r1/5,w,9,1,0,data,ok,8,8,-0.3,20.0
mpp,-4.0,4,ack-4f,w,2,2,0,ctl,ok,0,0,1.1,20.0
mpp,-4.0,4,qpsk-r1/5,w,9,1,0,data,ok,8,8,-0.8,20.0
mpp,-4.0,4,ack-4f,w,2,2,0,ctl,ok,0,0,1.0,20.0
mpp,-4.0,4,qpsk-r1/5,w,9,1,0,data,ctl_lost,8,0,-3.0,20.0
mpp,-4.0,4,ack-4f,w,3,3,0,ctl,ok,0,0,1.5,20.0
mpp,-4.0,4,ack-4f,w,3,3,0,ctl,ok,0,0,-1.8,20.0
mpp,-4.0,4,qpsk-r1/3,w,9,2,1,data,ok,7,0,-2.2,20.0
mpp,-4.0,4,ack-4f,w,3,3,0,ctl,ok,0,0,-2.9,20.0
mpp,-4.0,4,qpsk-r1/5,w,9,2,1,data,ok,7,6,-2.7,20.0
mpp,-4.0,4,ack-4f,w,3,3,0,ctl,ok,0,0,0.5,20.0
mpp,-4.0,4,qpsk-r1/5,w,9,2,1,data,ok,7,7,-1.3,20.0
mpp,-4.0,4,ack-4f,w,3,3,0,ctl,ok,0,0,0.5,20.0
mpp,-4.0,4,qpsk-r1/5,w,9,2,1,data,ok,7,7,-1.7,20.0
mpp,-4.0,4,ack-4f,w,3,3,0,ctl,ok,0,0,-1.0,20.0
mpp,-4.0,4,qpsk-r1/5,w,9,2,1,data,ok,7,3,-2.9,20.0
mpp,-4.0,4,ack-4f,w,3,3,0,ctl,ok,0,0,-0.4,20.0
mpp,-4.0,4,qpsk-r1/5,w,9,2,1,data,ok,3,3,-0.4,20.0
mpp,-4.0,4,ack-4f,w,2,2,0,ctl,ok,0,0,-0.9,20.0
mpp,-4.0,4,qpsk-r1/5,w,9,1,0,data,ok,8,8,-2.4,20.0
mpp,-4.0,4,ack-4f,w,3,3,0,ctl,ok,0,0,0.2,20.0
mpp,-4.0,4,qpsk-r1/5,w,9,2,1,data,ok,7,7,0.2,20.0
mpp,-4.0,4,ack-4f,w,2,2,0,ctl,ok,0,0,2.8,20.0
mpp,-4.0,4,qpsk-r1/5,w,9,1,0,data,ok,8,8,0.8,20.0
mpp,-4.0,4,ack-4f,w,2,2,0,ctl,ok,0,0,0.6,20.0
mpp,-4.0,4,qpsk-r1/5,w,9,1,0,data,ok,8,8,-1.6,20.0
mpp,-4.0,4,ack-4f,w,2,2,0,ctl,ok,0,0,-3.2,20.0
mpp,-4.0,4,qpsk-r1/5,w,9,1,0,data,ctl_lost,8,3,-2.5,20.0
mpp,-4.0,4,ack-4f,w,3,3,0,ctl,ok,0,0,1.3,20.0
mpp,-4.0,4,ack-4f,w,3,3,0,ctl,ok,0,0,0.5,20.0
mpp,-4.0,4,qpsk-r1/5,w,9,2,1,data,ok,7,7,0.5,20.0
mpp,-4.0,4,ack-4f,w,2,2,0,ctl,ok,0,0,2.0,20.0
mpp,-4.0,4,qpsk-r1/5,w,9,1,0,data,ok,8,8,-0.4,20.0
mpp,-4.0,4,ack-4f,w,2,2,0,ctl,ok,0,0,0.4,20.0
mpp,-4.0,4,qpsk-r1/5,w,9,1,0,data,ok,8,8,-0.4,20.0
mpp,-4.0,4,ack-4f,w,2,2,0,ctl,ok,0,0,-3.5,20.0
mpp,-4.0,4,qpsk-r1/5,w,9,1,0,data,ok,8,8,0.0,20.0
mpp,-4.0,4,ack-4f,w,2,2,0,ctl,ok,0,0,2.4,20.0
mpp,-4.0,4,qpsk-r1/5,w,9,1,0,data,ok,8,8,-0.7,20.0
mpp,-4.0,6,qpsk-r1/5,w,1,1,0,ctl,ok,0,0,0.8,21.2
mpp,-4.0,6,qpsk-r1/5,w,1,1,0,ctl,ok,0,0,-0.4,21.2
mpp,-4.0,6,ack-4f,w,3,3,,ctl,missed,0,0,,21.2
mpp,-4.0,6,ack-4f,w,3,3,0,ctl,ok,0,0,-0.3,21.2
mpp,-4.0,6,ack-4f,w,3,3,0,ctl,ok,0,0,0.1,21.2
mpp,-4.0,6,qpsk-r1/5,w,9,2,1,data,ok,7,7,-1.4,21.2
mpp,-4.0,6,ack-4f,w,3,3,0,ctl,ok,0,0,1.9,21.2
mpp,-4.0,6,qpsk-r1/5,w,9,2,1,data,ok,7,0,-3.5,21.2
mpp,-4.0,6,ack-4f,w,3,3,0,ctl,ok,0,0,-1.5,21.2
mpp,-4.0,6,qpsk-r1/5,w,9,2,,data,missed,0,0,,21.2
mpp,-4.0,6,ack-4f,w,3,3,0,ctl,ok,0,0,-0.4,21.2
mpp,-4.0,6,ack-4f,w,3,3,0,ctl,ok,0,0,2.0,21.2
mpp,-4.0,6,qpsk-r1/5,w,9,2,1,data,ok,0,0,-1.9,21.2
mpp,-4.0,6,ack-4f,w,3,3,0,ctl,ok,0,0,-1.8,21.2
mpp,-4.0,6,qpsk-r1/5,w,9,2,1,data,ok,7,7,-1.2,21.2
mpp,-4.0,6,ack-4f,w,3,3,0,ctl,ok,0,0,0.2,21.2
mpp,-4.0,6,qpsk-r1/5,w,9,2,1,data,ok,7,7,-1.5,21.2
mpp,-4.0,6,ack-4f,w,2,2,0,ctl,ok,0,0,1.2,21.2
mpp,-4.0,6,qpsk-r1/5,w,9,1,0,data,ok,8,8,-1.7,21.2
mpp,-4.0,6,ack-4f,w,2,2,0,ctl,ok,0,0,2.9,21.2
mpp,-4.0,6,qpsk-r1/5,w,9,1,0,data,ok,8,8,0.5,21.2
mpp,-4.0,6,ack-4f,w,2,2,0,ctl,ok,0,0,-6.0,21.2
mpp,-4.0,6,qpsk-r1/5,w,9,1,0,data,ok,8,8,-0.6,21.2
mpp,-4.0,6,ack-4f,w,2,2,0,ctl,ok,0,0,1.7,21.2
mpp,-4.0,6,qpsk-r1/5,w,9,1,0,data,ok,8,8,0.8,21.2
mpp,-4.0,6,ack-4f,w,3,3,0,ctl,ok,0,0,-1.8,21.2
mpp,-4.0,6,qpsk-r1/3,w,9,2,1,data,ok,7,7,-0.0,21.2
mpp,-4.0,6,ack-4f,w,3,3,0,ctl,ok,0,0,2.2,21.2
mpp,-4.0,6,qpsk-r1/3,w,9,2,,data,missed,0,0,,21.2
mpp,-4.0,6,ack-4f,w,3,3,0,ctl,ok,0,0,2.8,21.2
mpp,-4.0,6,ack-4f,w,3,3,0,ctl,ok,0,0,-5.2,21.2
mpp,-4.0,6,qpsk-r1/3,w,9,2,1,data,ok,7,7,1.1,21.2
mpp,-4.0,6,ack-4f,w,3,3,0,ctl,ok,0,0,-1.5,21.2
mpp,-4.0,6,qpsk-r1/3,w,9,2,1,data,ok,7,0,-1.8,21.2
mpp,-4.0,6,ack-4f,w,3,3,0,ctl,ok,0,0,-2.6,21.2
mpp,-4.0,6,qpsk-r1/3,w,9,2,,data,missed,0,0,,21.2
mpp,-4.0,6,ack-4f,w,3,3,0,ctl,ok,0,0,0.4,21.2
mpp,-4.0,6,ack-4f,w,2,2,0,ctl,ok,0,0,-3.3,21.2
mpp,-4.0,6,qpsk-r1/5,w,9,1,0,data,ok,8,8,-1.8,21.2
mpp,-4.0,6,ack-4f,w,2,2,0,ctl,ok,0,0,0.3,21.2
mpp,-4.0,6,qpsk-r1/5,w,9,1,0,data,ok,8,8,-0.6,21.2
mpp,-4.0,6,ack-4f,w,2,2,0,ctl,ok,0,0,-1.3,21.2
mpp,-4.0,6,qpsk-r1/5,w,9,1,0,data,ok,8,8,0.4,21.2
mpp,-4.0,6,ack-4f,w,3,3,0,ctl,ok,0,0,-0.2,21.2
mpp,-4.0,6,qpsk-r1/3,w,9,2,1,data,ok,7,0,-2.8,21.2
mpp,-4.0,6,ack-4f,w,2,2,0,ctl,ok,0,0,-5.4,21.2
mpp,-4.0,6,qpsk-r1/5,w,9,1,0,data,ok,8,8,-1.1,21.2
mpp,-4.0,6,ack-4f,w,2,2,0,ctl,ok,0,0,-1.4,21.2
mpp,-4.0,6,qpsk-r1/5,w,9,1,0,data,ok,8,8,0.7,21.2
mpp,-4.0,6,ack-4f,w,2,2,0,ctl,ok,0,0,-1.5,21.2
mpp,-4.0,6,qpsk-r1/5,w,9,1,0,data,ok,8,8,-1.5,21.2
mpp,-4.0,6,ack-4f,w,2,2,0,ctl,ok,0,0,0.4,21.2
mpp,-4.0,6,qpsk-r1/5,w,9,1,0,data,ok,8,8,-1.8,21.2
mpp,-4.0,6,ack-4f,w,2,2,0,ctl,ok,0,0,0.2,21.2
mpp,-4.0,6,qpsk-r1/5,w,9,1,0,data,ok,8,8,-0.7,21.2
mpp,-4.0,6,ack-4f,w,2,2,0,ctl,ok,0,0,-3.7,21.2
mpp,-4.0,6,qpsk-r1/5,w,9,1,0,data,ok,8,8,0.2,21.2
mpp,-4.0,6,ack-4f,w,2,2,0,ctl,ok,0,0,-0.3,21.2
mpp,-4.0,6,qpsk-r1/5,w,9,1,0,data,ok,8,8,0.2,21.2
mpp,-4.0,6,ack-4f,w,2,2,0,ctl,ok,0,0,-1.9,21.2
mpp,-4.0,6,qpsk-r1/5,w,9,1,0,data,ok,8,8,-1.1,21.2
mpp,-4.0,6,ack-4f,w,2,2,0,ctl,ok,0,0,-3.4,21.2
mpp,-4.0,6,qpsk-r1/5,w,9,1,0,data,ok,8,8,-1.1,21.2
mpp,-4.0,6,ack-4f,w,2,2,0,ctl,ok,0,0,-0.9,21.2
mpp,-4.0,6,qpsk-r1/5,w,9,1,0,data,ok,8,8,-0.6,21.2
mpp,-4.0,6,ack-4f,w,2,2,0,ctl,ok,0,0,-2.7,21.2
mpp,-4.0,6,qpsk-r1/5,w,9,1,0,data,ok,8,8,0.4,21.2
mpp,-4.0,6,ack-4f,w,2,2,0,ctl,ok,0,0,0.8,21.2
mpp,-4.0,6,qpsk-r1/5,w,9,1,0,data,ok,8,8,-0.9,21.2
mpp,-4.0,6,ack-4f,w,2,2,0,ctl,ok,0,0,-1.0,21.2
mpp,-4.0,6,qpsk-r1/5,w,9,1,0,data,ok,8,8,-0.2,21.2
mpp,-4.0,6,ack-4f,w,2,2,0,ctl,ok,0,0,-4.6,21.2
mpp,-4.0,6,qpsk-r1/5,w,9,1,0,data,ok,8,8,-1.3,21.2
mpp,-4.0,6,ack-4f,w,2,2,,ctl,missed,0,0,,21.2
mpp,-4.0,6,ack-4f,w,3,3,0,ctl,ok,0,0,-0.3,21.2
mpp,-4.0,6,ack-4f,w,2,2,0,ctl,ok,0,0,3.6,21.2
mpp,-4.0,6,qpsk-r1/5,w,9,1,0,data,ok,8,8,-0.7,21.2
mpp,-4.0,6,ack-4f,w,2,2,0,ctl,ok,0,0,-0.9,21.2
mpp,-4.0,6,qpsk-r1/5,w,9,1,0,data,ok,8,8,-0.2,21.2
mpp,-4.0,6,ack-4f,w,2,2,0,ctl,ok,0,0,-1.1,21.2
mpp,-4.0,6,qpsk-r1/5,w,9,1,0,data,ok,8,8,-0.3,21.2
mpp,-4.0,6,ack-4f,w,2,2,0,ctl,ok,0,0,-2.6,21.2
mpp,-4.0,6,qpsk-r1/5,w,9,1,0,data,ok,8,8,-0.9,21.2
mpp,-4.0,6,ack-4f,w,2,2,0,ctl,ok,0,0,3.1,21.2
mpp,-4.0,6,qpsk-r1/5,w,9,1,0,data,ok,8,8,-2.4,21.2
mpp,-4.0,6,ack-4f,w,2,2,0,ctl,ok,0,0,0.4,21.2
mpp,-4.0,6,qpsk-r1/5,w,9,1,0,data,ok,8,8,-0.5,21.2
mpp,-4.0,6,ack-4f,w,2,2,0,ctl,ok,0,0,0.4,21.2
mpp,-4.0,6,qpsk-r1/5,w,9,1,0,data,ok,8,8,-1.0,21.2
mpp,-4.0,6,ack-4f,w,2,2,0,ctl,ok,0,0,-4.0,21.2
mpp,-4.0,6,qpsk-r1/5,w,9,1,0,data,ok,8,8,-2.0,21.2
mpp,-4.0,6,ack-4f,w,2,2,0,ctl,ok,0,0,1.2,21.2
mpp,-4.0,6,qpsk-r1/5,w,9,1,0,data,ok,8,8,-1.2,21.2
mpp,-4.0,8,qpsk-r1/5,w,1,1,0,ctl,ok,0,0,1.3,25.1
mpp,-4.0,8,qpsk-r1/5,w,1,1,0,ctl,ok,0,0,2.9,25.1
mpp,-4.0,8,ack-4f,w,3,3,0,ctl,ok,0,0,-1.5,25.1
mpp,-4.0,8,ack-1f,w,3,3,0,ctl,ok,0,0,2.0,25.1
mpp,-4.0,8,qpsk-r1/5,w,9,2,1,data,ok,7,7,-1.6,25.1
mpp,-4.0,8,ack-4f,w,3,3,0,ctl,ok,0,0,-1.0,25.1
mpp,-4.0,8,qpsk-r1/5,w,9,2,1,data,ok,7,7,-0.6,25.1
mpp,-4.0,8,ack-4f,w,3,3,0,ctl,ok,0,0,-2.4,25.1
mpp,-4.0,8,qpsk-r1/5,w,9,2,1,data,ok,7,7,-3.5,25.1
mpp,-4.0,8,ack-4f,w,3,3,0,ctl,ok,0,0,-3.2,25.1
mpp,-4.0,8,qpsk-r1/5,w,9,2,1,data,ok,7,7,-1.3,25.1
mpp,-4.0,8,ack-4f,w,3,3,0,ctl,ok,0,0,-1.4,25.1
mpp,-4.0,8,qpsk-r1/5,w,9,2,1,data,ok,7,7,0.1,25.1
mpp,-4.0,8,ack-4f,w,2,2,0,ctl,ok,0,0,-1.9,25.1
mpp,-4.0,8,qpsk-r1/5,w,9,1,0,data,ok,8,8,-1.3,25.1
mpp,-4.0,8,ack-4f,w,2,2,,ctl,missed,0,0,,25.1
mpp,-4.0,8,ack-4f,w,3,3,0,ctl,ok,0,0,-3.2,25.1
mpp,-4.0,8,ack-4f,w,3,3,0,ctl,ok,0,0,-1.7,25.1
mpp,-4.0,8,qpsk-r1/5,w,9,2,1,data,ok,7,7,-0.8,25.1
mpp,-4.0,8,ack-4f,w,3,3,0,ctl,ok,0,0,1.8,25.1
mpp,-4.0,8,qpsk-r1/5,w,9,2,1,data,ok,7,7,-2.2,25.1
mpp,-4.0,8,ack-4f,w,2,2,0,ctl,ok,0,0,1.6,25.1
mpp,-4.0,8,qpsk-r1/5,w,9,1,0,data,ok,8,8,-0.2,25.1
mpp,-4.0,8,ack-4f,w,2,2,0,ctl,ok,0,0,-4.1,25.1
mpp,-4.0,8,qpsk-r1/5,w,9,1,0,data,ok,8,8,-0.8,25.1
mpp,-4.0,8,ack-4f,w,2,2,0,ctl,ok,0,0,-2.6,25.1
mpp,-4.0,8,qpsk-r1/5,w,9,1,0,data,ok,8,8,-0.6,25.1
mpp,-4.0,8,ack-4f,w,2,2,0,ctl,ok,0,0,-1.4,25.1
mpp,-4.0,8,qpsk-r1/5,w,9,1,0,data,ok,8,8,-0.2,25.1
mpp,-4.0,8,ack-4f,w,2,2,0,ctl,ctl_lost,0,0,-8.7,25.1
mpp,-4.0,8,ack-4f,w,3,3,0,ctl,ok,0,0,-2.1,25.1
mpp,-4.0,8,ack-4f,w,2,2,0,ctl,ok,0,0,-0.3,25.1
mpp,-4.0,8,qpsk-r1/5,w,9,1,0,data,ok,8,8,0.5,25.1
mpp,-4.0,8,n10-ack-4f,n10,2,2,0,ctl,ok,0,0,-1.9,25.1
mpp,-4.0,8,qpsk-r1/5,w,9,1,0,data,ok,8,8,0.2,25.1
mpp,-4.0,8,ack-4f,w,2,2,0,ctl,ok,0,0,-1.6,25.1
mpp,-4.0,8,qpsk-r1/5,w,9,1,0,data,ok,8,8,-2.1,25.1
mpp,-4.0,8,ack-4f,w,2,2,0,ctl,ok,0,0,-3.5,25.1
mpp,-4.0,8,qpsk-r1/5,w,9,1,0,data,ok,8,8,-0.3,25.1
mpp,-4.0,8,ack-4f,w,2,2,0,ctl,ok,0,0,2.7,25.1
mpp,-4.0,8,qpsk-r1/5,w,9,1,0,data,ok,8,8,-1.3,25.1
mpp,-4.0,8,ack-4f,w,2,2,0,ctl,ok,0,0,-2.0,25.1
mpp,-4.0,8,qpsk-r1/5,w,9,1,0,data,ok,8,8,-0.2,25.1
mpp,-4.0,8,ack-4f,w,2,2,0,ctl,ok,0,0,-2.0,25.1
mpp,-4.0,8,qpsk-r1/5,w,9,1,0,data,ok,8,8,-0.2,25.1
mpp,-4.0,8,ack-4f,w,2,2,0,ctl,ok,0,0,0.2,25.1
mpp,-4.0,8,qpsk-r1/5,w,9,1,0,data,ok,8,8,-0.9,25.1
mpp,-4.0,8,ack-4f,w,2,2,0,ctl,ok,0,0,-2.8,25.1
mpp,-4.0,8,qpsk-r1/5,w,9,1,0,data,ok,8,8,-1.8,25.1
mpp,-4.0,8,ack-4f,w,2,2,0,ctl,ok,0,0,0.1,25.1
mpp,-4.0,8,qpsk-r1/5,w,9,1,0,data,ok,8,8,-1.3,25.1
mpp,-4.0,8,ack-4f,w,2,2,,ctl,missed,0,0,,25.1
mpp,-4.0,8,ack-4f,w,3,3,0,ctl,ok,0,0,-1.6,25.1
mpp,-4.0,8,ack-4f,w,2,2,0,ctl,ok,0,0,-1.0,25.1
mpp,-4.0,8,qpsk-r1/5,w,9,1,0,data,ok,8,8,0.2,25.1
mpp,-4.0,8,ack-4f,w,2,2,0,ctl,ok,0,0,1.0,25.1
mpp,-4.0,8,qpsk-r1/5,w,9,1,0,data,ok,8,8,-1.9,25.1
mpp,-4.0,8,ack-4f,w,2,2,0,ctl,ok,0,0,4.1,25.1
mpp,-4.0,8,qpsk-r1/5,w,9,1,0,data,ok,8,8,0.8,25.1
mpp,-4.0,8,ack-1f,w,2,2,0,ctl,ok,0,0,0.3,25.1
mpp,-4.0,8,qpsk-r1/5,w,9,1,0,data,ok,8,8,0.1,25.1
mpp,-4.0,8,ack-4f,w,2,2,0,ctl,ok,0,0,0.0,25.1
mpp,-4.0,8,qpsk-r1/5,w,9,1,0,data,ok,8,8,-0.9,25.1
mpp,-4.0,8,ack-4f,w,2,2,0,ctl,ok,0,0,1.8,25.1
mpp,-4.0,8,qpsk-r1/5,w,9,1,0,data,ok,8,8,-0.9,25.1
mpp,-4.0,8,ack-4f,w,2,2,,ctl,missed,0,0,,25.1
mpp,-4.0,8,ack-4f,w,3,3,0,ctl,ok,0,0,-5.9,25.1
mpp,-4.0,8,ack-4f,w,2,2,0,ctl,ok,0,0,-2.1,25.1
mpp,-4.0,8,qpsk-r1/5,w,9,1,0,data,ok,8,8,-0.5,25.1
mpp,-4.0,8,ack-4f,w,2,2,0,ctl,ok,0,0,-2.2,25.1
mpp,-4.0,8,qpsk-r1/5,w,9,1,0,data,ok,8,8,-0.9,25.1
mpp,-4.0,8,ack-4f,w,2,2,0,ctl,ok,0,0,1.3,25.1
mpp,-4.0,8,qpsk-r1/5,w,9,1,0,data,ok,8,8,-2.0,25.1
mpp,-4.0,8,ack-4f,w,2,2,0,ctl,ok,0,0,-3.5,25.1
mpp,-4.0,8,qpsk-r1/5,w,9,1,0,data,ok,8,8,-0.1,25.1
mpp,-4.0,8,ack-4f,w,2,2,0,ctl,ok,0,0,-0.8,25.1
mpp,-4.0,8,qpsk-r1/5,w,9,1,0,data,ok,8,8,-0.7,25.1
mpp,-4.0,8,ack-4f,w,2,2,0,ctl,ok,0,0,-0.9,25.1
mpp,-4.0,8,qpsk-r1/5,w,9,1,0,data,ok,8,8,-2.0,25.1
mpp,-4.0,8,ack-4f,w,2,2,0,ctl,ok,0,0,1.9,25.1
mpp,-4.0,8,qpsk-r1/5,w,9,1,0,data,ok,8,8,-1.0,25.1
mpp,-4.0,8,ack-4f,w,2,2,0,ctl,ok,0,0,2.7,25.1
mpp,-4.0,8,qpsk-r1/5,w,9,1,0,data,ok,8,8,-1.3,25.1
mpp,-4.0,8,ack-4f,w,2,2,0,ctl,ok,0,0,0.6,25.1
mpp,-4.0,8,qpsk-r1/5,w,9,1,0,data,ok,8,8,-1.0,25.1
mpp,-4.0,8,ack-4f,w,2,2,0,ctl,ok,0,0,0.7,25.1
mpp,-4.0,8,qpsk-r1/5,w,9,1,0,data,ok,8,8,-0.8,25.1
mpp,-4.0,8,ack-4f,w,2,2,0,ctl,ok,0,0,-0.8,25.1
mpp,-4.0,8,qpsk-r1/5,w,9,1,0,data,ok,8,8,-1.1,25.1
mpp,-4.0,8,ack-4f,w,2,2,0,ctl,ok,0,0,0.3,25.1
mpp,-4.0,8,qpsk-r1/5,w,9,1,0,data,ok,8,8,-0.4,25.1
mpp,-4.0,8,ack-4f,w,2,2,0,ctl,ok,0,0,-3.5,25.1
mpp,-4.0,8,qpsk-r1/5,w,9,1,0,data,ok,8,8,-0.2,25.1
mpp,-4.0,8,ack-4f,w,2,2,0,ctl,ok,0,0,-0.5,25.1
mpp,-4.0,8,qpsk-r1/5,w,9,1,0,data,ok,8,8,-0.6,25.1
mpp,-4.0,8,ack-4f,w,2,2,0,ctl,ok,0,0,-4.4,25.1
mpp,-4.0,8,qpsk-r1/5,w,9,1,0,data,ok,8,8,-1.5,25.1
mpp,-4.0,9,qpsk-r1/5,w,1,1,0,ctl,ok,0,0,-3.2,23.8
mpp,-4.0,9,qpsk-r1/5,w,1,1,0,ctl,ctl_lost,0,0,-3.1,23.8
mpp,-4.0,9,n4-qpsk-r1/3,n4,1,1,0,ctl,ok,0,0,-0.2,23.8
mpp,-4.0,9,n4-qpsk-r1/3,n4,1,1,0,ctl,ctl_lost,0,0,-4.0,23.8
mpp,-4.0,9,n4-qpsk-r1/3,n4,1,1,0,ctl,ok,0,0,-1.8,23.8
mpp,-4.0,9,n4-qpsk-r1/3,n4,1,1,0,ctl,ok,0,0,-1.6,23.8
mpp,-4.0,9,ack-4f,w,3,3,0,ctl,ok,0,0,-1.2,23.8
mpp,-4.0,9,ack-1f,w,3,3,0,ctl,ok,0,0,0.8,23.8
mpp,-4.0,9,qpsk-r1/5,w,9,2,1,data,ok,7,7,-0.6,23.8
mpp,-4.0,9,ack-4f,w,3,3,0,ctl,ok,0,0,-0.3,23.8
mpp,-4.0,9,qpsk-r1/5,w,9,2,1,data,ok,7,7,-0.4,23.8
mpp,-4.0,9,ack-4f,w,2,2,0,ctl,ok,0,0,0.9,23.8
mpp,-4.0,9,qpsk-r1/5,w,9,1,0,data,ok,8,8,0.7,23.8
mpp,-4.0,9,ack-4f,w,2,2,,ctl,missed,0,0,,23.8
mpp,-4.0,9,ack-4f,w,3,3,0,ctl,ok,0,0,0.5,23.8
mpp,-4.0,9,ack-4f,w,3,3,0,ctl,ok,0,0,-0.1,23.8
mpp,-4.0,9,qpsk-r1/3,w,9,2,1,data,ok,7,0,-3.2,23.8
mpp,-4.0,9,ack-4f,w,3,3,0,ctl,ok,0,0,0.1,23.8
mpp,-4.0,9,qpsk-r1/5,w,9,2,1,data,ok,7,7,-0.2,23.8
mpp,-4.0,9,ack-4f,w,3,3,0,ctl,ok,0,0,1.4,23.8
mpp,-4.0,9,qpsk-r1/5,w,9,2,1,data,ok,7,7,-0.3,23.8
mpp,-4.0,9,ack-4f,w,2,2,0,ctl,ok,0,0,0.5,23.8
mpp,-4.0,9,qpsk-r1/5,w,9,1,0,data,ok,8,8,-0.0,23.8
mpp,-4.0,9,ack-4f,w,2,2,0,ctl,ok,0,0,-0.4,23.8
mpp,-4.0,9,qpsk-r1/5,w,9,1,0,data,ok,8,8,-2.1,23.8
mpp,-4.0,9,ack-4f,w,2,2,0,ctl,ok,0,0,-0.3,23.8
mpp,-4.0,9,qpsk-r1/5,w,9,1,0,data,ok,8,8,-0.7,23.8
mpp,-4.0,9,ack-4f,w,2,2,0,ctl,ok,0,0,2.3,23.8
mpp,-4.0,9,qpsk-r1/5,w,9,1,0,data,ok,8,8,-2.6,23.8
mpp,-4.0,9,ack-4f,w,2,2,0,ctl,ok,0,0,-4.7,23.8
mpp,-4.0,9,qpsk-r1/5,w,9,1,0,data,ok,8,7,-2.6,23.8
mpp,-4.0,9,ack-4f,w,3,3,0,ctl,ok,0,0,-2.7,23.8
mpp,-4.0,9,qpsk-r1/5,w,9,2,1,data,ok,6,6,0.4,23.8
mpp,-4.0,9,ack-4f,w,2,2,0,ctl,ok,0,0,1.1,23.8
mpp,-4.0,9,qpsk-r1/5,w,9,1,0,data,ok,8,8,-1.0,23.8
mpp,-4.0,9,ack-4f,w,2,2,0,ctl,ok,0,0,-2.8,23.8
mpp,-4.0,9,qpsk-r1/5,w,9,1,0,data,ok,8,8,-1.9,23.8
mpp,-4.0,9,ack-4f,w,2,2,0,ctl,ok,0,0,1.7,23.8
mpp,-4.0,9,qpsk-r1/5,w,9,1,0,data,ok,8,8,-0.0,23.8
mpp,-4.0,9,ack-4f,w,2,2,0,ctl,ok,0,0,0.4,23.8
mpp,-4.0,9,qpsk-r1/5,w,9,1,0,data,ok,8,8,-2.2,23.8
mpp,-4.0,9,ack-4f,w,2,2,0,ctl,ok,0,0,2.7,23.8
mpp,-4.0,9,qpsk-r1/5,w,9,1,0,data,ok,8,8,-0.6,23.8
mpp,-4.0,9,ack-4f,w,2,2,0,ctl,ok,0,0,-0.6,23.8
mpp,-4.0,9,qpsk-r1/5,w,9,1,0,data,ok,8,8,-1.0,23.8
mpp,-4.0,9,ack-4f,w,2,2,0,ctl,ok,0,0,-1.3,23.8
mpp,-4.0,9,qpsk-r1/5,w,9,1,0,data,ok,8,8,-2.6,23.8
mpp,-4.0,9,ack-4f,w,2,2,0,ctl,ok,0,0,2.5,23.8
mpp,-4.0,9,qpsk-r1/5,w,9,1,0,data,ok,8,8,-0.6,23.8
mpp,-4.0,9,ack-4f,w,2,2,0,ctl,ok,0,0,2.1,23.8
mpp,-4.0,9,qpsk-r1/5,w,9,1,0,data,ok,8,8,-1.7,23.8
mpp,-4.0,9,ack-4f,w,2,2,0,ctl,ok,0,0,1.2,23.8
mpp,-4.0,9,qpsk-r1/5,w,9,1,0,data,ok,8,8,-0.4,23.8
mpp,-4.0,9,ack-4f,w,2,2,0,ctl,ok,0,0,3.7,23.8
mpp,-4.0,9,qpsk-r1/5,w,9,1,0,data,ok,8,8,-2.0,23.8
mpp,-4.0,9,ack-4f,w,2,2,0,ctl,ok,0,0,2.9,23.8
mpp,-4.0,9,qpsk-r1/5,w,9,1,0,data,ok,8,8,-2.7,23.8
mpp,-4.0,9,ack-1f,w,2,2,0,ctl,ok,0,0,-3.2,23.8
mpp,-4.0,9,qpsk-r1/5,w,9,1,0,data,ok,8,8,-1.5,23.8
mpp,-4.0,9,ack-4f,w,2,2,0,ctl,ok,0,0,-1.7,23.8
mpp,-4.0,9,qpsk-r1/5,w,9,1,0,data,ok,8,8,-1.6,23.8
mpp,-4.0,9,ack-4f,w,2,2,0,ctl,ok,0,0,-3.6,23.8
mpp,-4.0,9,qpsk-r1/5,w,9,1,0,data,ok,8,8,-1.1,23.8
mpp,-4.0,9,ack-4f,w,2,2,0,ctl,ok,0,0,1.2,23.8
mpp,-4.0,9,qpsk-r1/5,w,9,1,0,data,ok,8,8,-1.1,23.8
mpp,-4.0,9,ack-4f,w,2,2,0,ctl,ok,0,0,-2.6,23.8
mpp,-4.0,9,qpsk-r1/5,w,9,1,0,data,ok,8,8,-1.0,23.8
mpp,-4.0,9,ack-4f,w,2,2,0,ctl,ok,0,0,-2.0,23.8
mpp,-4.0,9,qpsk-r1/5,w,9,1,0,data,ok,8,8,-1.6,23.8
mpp,-4.0,9,ack-4f,w,2,2,0,ctl,ok,0,0,-2.9,23.8
mpp,-4.0,9,qpsk-r1/5,w,9,1,0,data,ok,8,8,-1.9,23.8
mpp,-4.0,9,ack-4f,w,2,2,0,ctl,ok,0,0,0.4,23.8
mpp,-4.0,9,qpsk-r1/5,w,9,1,0,data,ok,8,8,-2.1,23.8
mpp,-4.0,9,ack-4f,w,2,2,0,ctl,ok,0,0,-2.3,23.8
mpp,-4.0,9,qpsk-r1/5,w,9,1,0,data,ok,8,8,-0.5,23.8
mpp,-4.0,9,ack-4f,w,2,2,0,ctl,ok,0,0,1.9,23.8
mpp,-4.0,9,qpsk-r1/5,w,9,1,0,data,ok,8,8,-1.1,23.8
mpp,-4.0,9,ack-4f,w,2,2,0,ctl,ok,0,0,0.5,23.8
mpp,-4.0,9,qpsk-r1/5,w,9,1,0,data,ok,8,8,-0.7,23.8
mpp,-4.0,9,ack-4f,w,2,2,0,ctl,ok,0,0,-3.8,23.8
mpp,-4.0,9,qpsk-r1/5,w,9,1,0,data,ok,8,8,-0.4,23.8
mpp,-4.0,9,ack-4f,w,2,2,0,ctl,ok,0,0,0.9,23.8
mpp,-4.0,9,qpsk-r1/5,w,9,1,0,data,ok,8,8,-1.3,23.8
mpp,-4.0,9,ack-4f,w,2,2,0,ctl,ok,0,0,-0.3,23.8
mpp,-4.0,9,qpsk-r1/5,w,9,1,0,data,ok,8,8,1.0,23.8
mpp,-4.0,9,ack-4f,w,2,2,0,ctl,ok,0,0,-0.2,23.8
mpp,-4.0,9,qpsk-r1/5,w,9,1,0,data,ok,8,8,-2.1,23.8
mpp,-4.0,9,ack-4f,w,2,2,0,ctl,ok,0,0,-0.6,23.8
mpp,-4.0,9,qpsk-r1/5,w,9,1,0,data,ok,8,8,-0.6,23.8
mpp,-4.0,9,ack-4f,w,2,2,0,ctl,ok,0,0,-4.7,23.8
mpp,-4.0,9,qpsk-r1/5,w,9,1,0,data,ok,8,8,-1.2,23.8
mpp,-4.0,9,ack-4f,w,2,2,0,ctl,ok,0,0,-0.5,23.8
mpp,-4.0,9,qpsk-r1/5,w,9,1,0,data,ok,8,8,-2.0,23.8
mpp,0.0,1,qpsk-r1/5,w,1,1,0,ctl,ok,0,0,1.0,44.6
mpp,0.0,1,qpsk-r1/5,w,1,1,0,ctl,ok,0,0,5.5,44.6
mpp,0.0,1,ack-4f,w,3,3,0,ctl,ok,0,0,1.7,44.6
mpp,0.0,1,ack-1f,w,3,3,0,ctl,ok,0,0,5.3,44.6
mpp,0.0,1,qpsk-r1/3,w,9,2,1,data,ok,7,7,2.7,44.6
mpp,0.0,1,ack-1f,w,3,3,0,ctl,ok,0,0,3.1,44.6
mpp,0.0,1,qpsk-r1/3,w,9,2,1,data,ok,7,7,3.5,44.6
mpp,0.0,1,ack-1f,w,2,2,0,ctl,ok,0,0,5.2,44.6
mpp,0.0,1,qpsk-r1/3,w,9,1,0,data,ok,8,8,2.8,44.6
mpp,0.0,1,ack-1f,w,2,2,0,ctl,ok,0,0,1.9,44.6
mpp,0.0,1,qpsk-r1/3,w,9,1,0,data,ok,8,8,2.1,44.6
mpp,0.0,1,ack-1f,w,2,2,0,ctl,ok,0,0,5.3,44.6
mpp,0.0,1,qpsk-r1/3,w,9,1,0,data,ok,8,8,3.1,44.6
mpp,0.0,1,ack-1f,w,2,2,0,ctl,ok,0,0,-2.0,44.6
mpp,0.0,1,qpsk-r1/3,w,9,1,0,data,ok,8,8,3.6,44.6
mpp,0.0,1,ack-1f,w,2,2,0,ctl,ok,0,0,-0.4,44.6
mpp,0.0,1,qpsk-r1/3,w,9,1,0,data,ok,8,8,3.3,44.6
mpp,0.0,1,ack-4f,w,2,2,0,ctl,ok,0,0,3.9,44.6
mpp,0.0,1,qpsk-r1/3,w,9,1,0,data,ok,8,8,2.6,44.6
mpp,0.0,1,ack-1f,w,2,2,0,ctl,ok,0,0,2.0,44.6
mpp,0.0,1,qpsk-r1/3,w,9,1,0,data,ok,8,8,0.3,44.6
mpp,0.0,1,ack-1f,w,3,3,0,ctl,ok,0,0,3.4,44.6
mpp,0.0,1,qpsk-r1/3,w,9,2,1,data,ok,7,7,4.2,44.6
mpp,0.0,1,ack-1f,w,2,2,0,ctl,ctl_lost,0,0,-0.9,44.6
mpp,0.0,1,ack-4f,w,3,3,0,ctl,ok,0,0,3.8,44.6
mpp,0.0,1,ack-4f,w,2,2,0,ctl,ok,0,0,0.3,44.6
mpp,0.0,1,qpsk-r1/3,w,9,1,0,data,ok,8,8,2.4,44.6
mpp,0.0,1,ack-4f,w,2,2,0,ctl,ok,0,0,2.1,44.6
mpp,0.0,1,qpsk-r1/3,w,9,1,0,data,ok,8,8,3.4,44.6
mpp,0.0,1,ack-1f,w,2,2,0,ctl,ok,0,0,6.4,44.6
mpp,0.0,1,qpsk-r1/3,w,9,1,0,data,ok,8,8,2.8,44.6
mpp,0.0,1,ack-1f,w,2,2,0,ctl,ok,0,0,6.7,44.6
mpp,0.0,1,qpsk-r1/3,w,9,1,0,data,ok,8,8,2.1,44.6
mpp,0.0,1,ack-1f,w,2,2,0,ctl,ok,0,0,1.4,44.6
mpp,0.0,1,qpsk-r1/3,w,9,1,0,data,ok,8,8,4.3,44.6
mpp,0.0,1,ack-1f,w,2,2,0,ctl,ok,0,0,2.4,44.6
mpp,0.0,1,qpsk-r1/3,w,9,1,0,data,ok,8,8,3.4,44.6
mpp,0.0,1,ack-1f,w,3,3,0,ctl,ok,0,0,0.4,44.6
mpp,0.0,1,qpsk-r1/2,w,9,2,1,data,ok,7,7,3.6,44.6
mpp,0.0,1,ack-1f,w,3,3,0,ctl,ok,0,0,6.1,44.6
mpp,0.0,1,qpsk-r1/2,w,9,2,1,data,ok,7,7,3.5,44.6
mpp,0.0,1,ack-1f,w,3,3,0,ctl,ok,0,0,4.4,44.6
mpp,0.0,1,qpsk-r1/2,w,9,2,1,data,ok,7,7,3.1,44.6
mpp,0.0,1,ack-1f,w,3,3,0,ctl,ok,0,0,-0.8,44.6
mpp,0.0,1,qpsk-r1/2,w,9,2,1,data,ok,7,0,0.4,44.6
mpp,0.0,1,ack-1f,w,2,2,0,ctl,ok,0,0,-4.1,44.6
mpp,0.0,1,qpsk-r1/3,w,9,1,0,data,ok,8,8,3.3,44.6
mpp,0.0,1,ack-4f,w,2,2,0,ctl,ok,0,0,4.5,44.6
mpp,0.0,1,qpsk-r1/3,w,9,1,0,data,ok,8,8,0.6,44.6
mpp,0.0,1,ack-1f,w,2,2,0,ctl,ok,0,0,2.1,44.6
mpp,0.0,1,qpsk-r1/3,w,9,1,0,data,ok,8,8,4.3,44.6
mpp,0.0,1,ack-1f,w,2,2,0,ctl,ok,0,0,8.6,44.6
mpp,0.0,1,qpsk-r1/3,w,9,1,0,data,ok,8,8,3.8,44.6
mpp,0.0,1,ack-1f,w,3,3,0,ctl,ok,0,0,3.5,44.6
mpp,0.0,1,qpsk-r1/2,w,9,2,1,data,ok,7,7,3.6,44.6
mpp,0.0,1,ack-1f,w,3,3,0,ctl,ok,0,0,-0.3,44.6
mpp,0.0,1,qpsk-r1/2,w,9,2,1,data,ok,7,7,3.7,44.6
mpp,0.0,1,ack-1f,w,3,3,0,ctl,ok,0,0,1.8,44.6
mpp,0.0,1,qpsk-r1/2,w,9,2,1,data,ok,7,7,3.5,44.6
mpp,0.0,1,ack-1f,w,3,3,0,ctl,ok,0,0,6.3,44.6
mpp,0.0,1,qpsk-r1/2,w,9,2,1,data,ok,7,0,0.4,44.6
mpp,0.0,1,ack-1f,w,2,2,0,ctl,ok,0,0,2.5,44.6
mpp,0.0,1,qpsk-r1/3,w,9,1,0,data,ok,8,8,1.3,44.6
mpp,0.0,1,ack-1f,w,2,2,0,ctl,ok,0,0,3.7,44.6
mpp,0.0,1,qpsk-r1/3,w,9,1,0,data,ok,8,8,1.3,44.6
mpp,0.0,1,ack-1f,w,2,2,0,ctl,ctl_lost,0,0,1.0,44.6
mpp,0.0,1,ack-4f,w,3,3,0,ctl,ok,0,0,3.7,44.6
mpp,0.0,1,ack-4f,w,2,2,0,ctl,ok,0,0,4.6,44.6
mpp,0.0,1,qpsk-r1/3,w,9,1,0,data,ok,8,8,3.4,44.6
mpp,0.0,1,ack-1f,w,3,3,0,ctl,ok,0,0,3.9,44.6
mpp,0.0,1,qpsk-r1/2,w,9,2,1,data,ok,7,0,1.2,44.6
mpp,0.0,1,ack-1f,w,2,2,0,ctl,ctl_lost,0,0,-4.1,44.6
mpp,0.0,1,ack-4f,w,3,3,0,ctl,ok,0,0,3.0,44.6
mpp,0.0,1,ack-4f,w,2,2,0,ctl,ok,0,0,2.9,44.6
mpp,0.0,1,qpsk-r1/3,w,9,1,0,data,ok,8,8,3.1,44.6
mpp,0.0,1,ack-4f,w,2,2,0,ctl,ok,0,0,5.7,44.6
mpp,0.0,1,qpsk-r1/3,w,9,1,0,data,ok,8,8,3.6,44.6
mpp,0.0,1,ack-1f,w,2,2,0,ctl,ok,0,0,4.9,44.6
mpp,0.0,1,qpsk-r1/3,w,9,1,0,data,ok,8,8,2.1,44.6
mpp,0.0,1,ack-1f,w,2,2,0,ctl,ok,0,0,4.9,44.6
mpp,0.0,1,qpsk-r1/3,w,9,1,0,data,ok,8,8,4.2,44.6
mpp,0.0,1,ack-1f,w,2,2,0,ctl,ok,0,0,4.1,44.6
mpp,0.0,1,qpsk-r1/3,w,9,1,0,data,ok,8,8,3.7,44.6
mpp,0.0,1,ack-1f,w,2,2,0,ctl,ok,0,0,0.9,44.6
mpp,0.0,1,qpsk-r1/2,w,9,1,0,data,ok,8,8,3.7,44.6
mpp,0.0,1,ack-1f,w,2,2,0,ctl,ok,0,0,3.5,44.6
mpp,0.0,1,qpsk-r1/2,w,9,1,0,data,ok,8,8,4.0,44.6
mpp,0.0,1,ack-1f,w,2,2,0,ctl,ctl_lost,0,0,-4.7,44.6
mpp,0.0,1,ack-4f,w,3,3,0,ctl,ok,0,0,4.3,44.6
mpp,0.0,1,ack-4f,w,2,2,0,ctl,ok,0,0,0.9,44.6
mpp,0.0,1,qpsk-r1/2,w,9,1,0,data,ok,8,8,3.7,44.6
mpp,0.0,1,ack-4f,w,2,2,0,ctl,ok,0,0,5.3,44.6
mpp,0.0,1,qpsk-r1/2,w,9,1,0,data,ok,8,8,3.6,44.6
mpp,0.0,1,ack-4f,w,2,2,0,ctl,ok,0,0,3.2,44.6
mpp,0.0,1,qpsk-r1/2,w,9,1,0,data,ok,8,8,3.9,44.6
mpp,0.0,1,ack-4f,w,2,2,0,ctl,ok,0,0,1.2,44.6
mpp,0.0,1,qpsk-r1/2,w,9,1,0,data,ctl_lost,8,0,0.9,44.6
mpp,0.0,1,ack-4f,w,3,3,0,ctl,ok,0,0,4.6,44.6
mpp,0.0,1,ack-4f,w,2,2,0,ctl,ok,0,0,4.4,44.6
mpp,0.0,1,qpsk-r1/3,w,9,1,0,data,ok,8,8,2.0,44.6
mpp,0.0,1,ack-4f,w,2,2,0,ctl,ok,0,0,1.7,44.6
mpp,-4.0,10,qpsk-r1/5,w,1,1,0,ctl,ok,0,0,-2.2,22.1
mpp,-4.0,10,qpsk-r1/5,w,1,1,0,ctl,ok,0,0,0.4,22.1
mpp,-4.0,10,ack-4f,w,3,3,0,ctl,ok,0,0,-1.5,22.1
mpp,-4.0,10,ack-4f,w,3,3,0,ctl,ok,0,0,1.4,22.1
mpp,-4.0,10,qpsk-r1/5,w,9,2,1,data,ok,7,7,-1.2,22.1
mpp,-4.0,10,ack-4f,w,3,3,0,ctl,ok,0,0,0.1,22.1
mpp,-4.0,10,qpsk-r1/5,w,9,2,1,data,ok,7,7,0.0,22.1
mpp,-4.0,10,ack-4f,w,3,3,0,ctl,ok,0,0,-0.6,22.1
mpp,-4.0,10,qpsk-r1/5,w,9,2,1,data,ok,7,7,-1.0,22.1
mpp,-4.0,10,ack-4f,w,2,2,0,ctl,ok,0,0,-3.0,22.1
mpp,-4.0,10,qpsk-r1/5,w,9,1,0,data,ok,8,8,-0.0,22.1
mpp,-4.0,10,ack-4f,w,2,2,0,ctl,ok,0,0,-2.8,22.1
mpp,-4.0,10,qpsk-r1/5,w,9,1,0,data,ok,8,8,-0.8,22.1
mpp,-4.0,10,ack-4f,w,2,2,0,ctl,ok,0,0,0.3,22.1
mpp,-4.0,10,qpsk-r1/5,w,9,1,0,data,ok,8,8,-0.3,22.1
mpp,-4.0,10,ack-4f,w,2,2,0,ctl,ok,0,0,-1.7,22.1
mpp,-4.0,10,qpsk-r1/5,w,9,1,0,data,ok,8,8,-0.6,22.1
mpp,-4.0,10,ack-4f,w,2,2,0,ctl,ok,0,0,-4.9,22.1
mpp,-4.0,10,qpsk-r1/5,w,9,1,0,data,ok,8,8,-1.1,22.1
mpp,-4.0,10,ack-4f,w,2,2,0,ctl,ok,0,0,0.8,22.1
mpp,-4.0,10,qpsk-r1/5,w,9,1,0,data,ok,8,8,-1.9,22.1
mpp,-4.0,10,ack-4f,w,3,3,0,ctl,ok,0,0,1.5,22.1
mpp,-4.0,10,qpsk-r1/5,w,9,2,1,data,ok,7,7,-0.3,22.1
mpp,-4.0,10,ack-4f,w,2,2,0,ctl,ok,0,0,-3.2,22.1
mpp,-4.0,10,qpsk-r1/5,w,9,1,0,data,ctl_lost,8,0,-3.6,22.1
mpp,-4.0,10,ack-4f,w,3,3,0,ctl,ok,0,0,-1.5,22.1
mpp,-4.0,10,ack-4f,w,3,3,0,ctl,ok,0,0,-0.7,22.1
mpp,-4.0,10,qpsk-r1/5,w,9,2,1,data,ok,7,7,-0.9,22.1
mpp,-4.0,10,ack-4f,w,3,3,0,ctl,ok,0,0,-3.1,22.1
mpp,-4.0,10,qpsk-r1/5,w,9,2,1,data,ok,7,2,-2.1,22.1
mpp,-4.0,10,ack-4f,w,3,3,0,ctl,ok,0,0,-0.8,22.1
mpp,-4.0,10,qpsk-r1/5,w,9,2,1,data,ok,2,1,-1.8,22.1
mpp,-4.0,10,ack-4f,w,3,3,0,ctl,ok,0,0,0.3,22.1
mpp,-4.0,10,qpsk-r1/5,w,9,2,1,data,ok,7,7,-0.0,22.1
mpp,-4.0,10,ack-4f,w,2,2,0,ctl,ok,0,0,-4.4,22.1
mpp,-4.0,10,qpsk-r1/5,w,9,1,0,data,ok,8,8,-1.3,22.1
mpp,-4.0,10,ack-4f,w,2,2,0,ctl,ok,0,0,-0.3,22.1
mpp,-4.0,10,qpsk-r1/5,w,9,1,0,data,ok,8,8,-1.9,22.1
mpp,-4.0,10,ack-4f,w,2,2,0,ctl,ok,0,0,-0.8,22.1
mpp,-4.0,10,qpsk-r1/5,w,9,1,0,data,ok,8,8,-2.9,22.1
mpp,-4.0,10,ack-4f,w,3,3,0,ctl,ok,0,0,1.8,22.1
mpp,-4.0,10,qpsk-r1/5,w,9,2,1,data,ok,7,7,-2.0,22.1
mpp,-4.0,10,ack-4f,w,3,3,0,ctl,ok,0,0,-3.6,22.1
mpp,-4.0,10,qpsk-r1/5,w,9,2,1,data,ok,7,7,-2.6,22.1
mpp,-4.0,10,ack-4f,w,3,3,0,ctl,ok,0,0,2.5,22.1
mpp,-4.0,10,qpsk-r1/5,w,9,2,1,data,ok,7,7,-1.2,22.1
mpp,-4.0,10,ack-4f,w,2,2,0,ctl,ok,0,0,-1.5,22.1
mpp,-4.0,10,qpsk-r1/5,w,9,1,0,data,ok,8,8,-1.0,22.1
mpp,-4.0,10,ack-4f,w,2,2,0,ctl,ok,0,0,0.1,22.1
mpp,-4.0,10,qpsk-r1/5,w,9,1,0,data,ok,8,8,-2.0,22.1
mpp,-4.0,10,ack-4f,w,2,2,,ctl,missed,0,0,,22.1
mpp,-4.0,10,ack-4f,w,3,3,0,ctl,ok,0,0,-2.0,22.1
mpp,-4.0,10,ack-4f,w,2,2,0,ctl,ok,0,0,-5.6,22.1
mpp,-4.0,10,qpsk-r1/5,w,9,1,0,data,ok,8,8,-0.6,22.1
mpp,-4.0,10,ack-4f,w,2,2,0,ctl,ok,0,0,1.0,22.1
mpp,-4.0,10,qpsk-r1/5,w,9,1,0,data,ok,8,8,0.6,22.1
mpp,-4.0,10,ack-4f,w,2,2,0,ctl,ok,0,0,0.1,22.1
mpp,-4.0,10,qpsk-r1/5,w,9,1,0,data,ok,8,8,-1.3,22.1
mpp,-4.0,10,ack-4f,w,2,2,0,ctl,ok,0,0,-2.1,22.1
mpp,-4.0,10,qpsk-r1/5,w,9,1,0,data,ok,8,8,0.3,22.1
mpp,-4.0,10,ack-4f,w,2,2,0,ctl,ok,0,0,-0.1,22.1
mpp,-4.0,10,qpsk-r1/5,w,9,1,0,data,ok,8,8,0.6,22.1
mpp,-4.0,10,ack-4f,w,2,2,0,ctl,ok,0,0,-2.7,22.1
mpp,-4.0,10,qpsk-r1/5,w,9,1,0,data,ctl_lost,8,1,-2.8,22.1
mpp,-4.0,10,ack-4f,w,3,3,0,ctl,ok,0,0,-3.3,22.1
mpp,-4.0,10,ack-4f,w,3,3,0,ctl,ok,0,0,2.2,22.1
mpp,-4.0,10,qpsk-r1/5,w,9,2,1,data,ok,7,7,-0.8,22.1
mpp,-4.0,10,ack-4f,w,3,3,0,ctl,ok,0,0,-0.8,22.1
mpp,-4.0,10,qpsk-r1/5,w,9,2,1,data,ok,7,7,-2.0,22.1
mpp,-4.0,10,ack-4f,w,2,2,0,ctl,ok,0,0,-0.5,22.1
mpp,-4.0,10,qpsk-r1/5,w,9,1,0,data,ok,8,8,-2.3,22.1
mpp,-4.0,10,ack-4f,w,3,3,0,ctl,ok,0,0,-0.9,22.1
mpp,-4.0,10,qpsk-r1/5,w,9,2,1,data,ok,7,7,-1.9,22.1
mpp,-4.0,10,ack-4f,w,3,3,0,ctl,ok,0,0,-1.0,22.1
mpp,-4.0,10,qpsk-r1/5,w,9,2,1,data,ok,7,0,-2.9,22.1
mpp,-4.0,10,ack-4f,w,2,2,0,ctl,ok,0,0,1.7,22.1
mpp,-4.0,10,qpsk-r1/5,w,9,1,0,data,ok,1,1,-2.1,22.1
mpp,-4.0,10,ack-4f,w,2,2,0,ctl,ok,0,0,-5.0,22.1
mpp,-4.0,10,qpsk-r1/5,w,9,1,0,data,ok,8,8,-0.1,22.1
mpp,-4.0,10,ack-4f,w,2,2,0,ctl,ok,0,0,-2.0,22.1
mpp,-4.0,10,qpsk-r1/5,w,9,1,0,data,ok,8,8,-2.3,22.1
mpp,-4.0,10,ack-4f,w,2,2,0,ctl,ok,0,0,-2.0,22.1
mpp,-4.0,10,qpsk-r1/5,w,9,1,0,data,ok,8,8,-1.0,22.1
mpp,-4.0,10,ack-4f,w,2,2,0,ctl,ok,0,0,1.1,22.1
mpp,-4.0,10,qpsk-r1/5,w,9,1,0,data,ok,8,8,-1.0,22.1
mpp,-4.0,10,ack-4f,w,2,2,0,ctl,ok,0,0,-1.3,22.1
mpp,-4.0,10,qpsk-r1/5,w,9,1,0,data,ok,8,8,-1.7,22.1
mpp,-4.0,10,ack-4f,w,2,2,0,ctl,ok,0,0,-0.3,22.1
mpp,-4.0,10,qpsk-r1/5,w,9,1,0,data,ok,8,8,-0.3,22.1
mpp,-4.0,10,ack-4f,w,2,2,0,ctl,ok,0,0,0.9,22.1
mpp,-4.0,10,qpsk-r1/5,w,9,1,0,data,ok,8,8,-1.4,22.1
mpp,-4.0,10,ack-4f,w,2,2,0,ctl,ok,0,0,0.6,22.1
mpp,-4.0,10,qpsk-r1/5,w,9,1,,data,missed,0,0,,22.1
mpp,-4.0,11,qpsk-r1/5,w,1,1,0,ctl,ok,0,0,-0.8,20.4
mpp,-4.0,11,qpsk-r1/5,w,1,1,0,ctl,ctl_lost,0,0,-4.4,20.4
mpp,-4.0,11,n4-qpsk-r1/3,n4,1,1,0,ctl,ok,0,0,-0.9,20.4
mpp,-4.0,11,n4-qpsk-r1/3,n4,1,1,0,ctl,ok,0,0,-1.3,20.4
mpp,-4.0,11,ack-4f,w,3,3,0,ctl,ok,0,0,-0.8,20.4
mpp,-4.0,11,ack-4f,w,3,3,0,ctl,ok,0,0,-1.6,20.4
mpp,-4.0,11,qpsk-r1/5,w,9,2,1,data,ok,7,7,0.8,20.4
mpp,-4.0,11,ack-4f,w,3,3,0,ctl,ok,0,0,0.7,20.4
mpp,-4.0,11,qpsk-r1/5,w,9,2,1,data,ok,7,7,-0.5,20.4
mpp,-4.0,11,ack-4f,w,2,2,0,ctl,ok,0,0,-1.7,20.4
mpp,-4.0,11,qpsk-r1/5,w,9,1,0,data,ok,8,8,-1.4,20.4
mpp,-4.0,11,ack-4f,w,3,3,0,ctl,ok,0,0,-0.0,20.4
mpp,-4.0,11,qpsk-r1/5,w,9,2,1,data,ok,7,7,-1.6,20.4
mpp,-4.0,11,ack-4f,w,3,3,0,ctl,ok,0,0,-1.9,20.4
mpp,-4.0,11,qpsk-r1/5,w,9,2,1,data,ok,7,7,-0.5,20.4
mpp,-4.0,11,ack-4f,w,2,2,0,ctl,ok,0,0,1.3,20.4
mpp,-4.0,11,qpsk-r1/5,w,9,1,0,data,ok,8,8,-1.9,20.4
mpp,-4.0,11,ack-4f,w,3,3,0,ctl,ok,0,0,-1.0,20.4
mpp,-4.0,11,qpsk-r1/5,w,9,2,1,data,ok,7,7,-1.6,20.4
mpp,-4.0,11,ack-4f,w,3,3,0,ctl,ok,0,0,0.5,20.4
mpp,-4.0,11,qpsk-r1/5,w,9,2,1,data,ok,7,7,-1.4,20.4
mpp,-4.0,11,ack-4f,w,2,2,0,ctl,ok,0,0,-2.0,20.4
mpp,-4.0,11,qpsk-r1/5,w,9,1,0,data,ok,8,8,-0.3,20.4
mpp,-4.0,11,ack-4f,w,2,2,0,ctl,ok,0,0,-0.5,20.4
mpp,-4.0,11,qpsk-r1/5,w,9,1,0,data,ok,8,8,0.3,20.4
mpp,-4.0,11,ack-4f,w,2,2,0,ctl,ok,0,0,-1.7,20.4
mpp,-4.0,11,qpsk-r1/5,w,9,1,0,data,ok,8,8,-1.0,20.4
mpp,-4.0,11,ack-4f,w,2,2,0,ctl,ok,0,0,-0.1,20.4
mpp,-4.0,11,qpsk-r1/5,w,9,1,0,data,ctl_lost,8,1,-3.2,20.4
mpp,-4.0,11,ack-4f,w,3,3,0,ctl,ok,0,0,-0.3,20.4
mpp,-4.0,11,ack-4f,w,3,3,0,ctl,ok,0,0,-3.1,20.4
mpp,-4.0,11,qpsk-r1/5,w,9,2,1,data,ok,7,7,0.1,20.4
mpp,-4.0,11,ack-4f,w,3,3,0,ctl,ok,0,0,-4.4,20.4
mpp,-4.0,11,qpsk-r1/5,w,9,2,1,data,ok,7,7,-1.8,20.4
mpp,-4.0,11,ack-4f,w,3,3,0,ctl,ok,0,0,0.1,20.4
mpp,-4.0,11,qpsk-r1/5,w,9,2,1,data,ok,7,7,-1.5,20.4
mpp,-4.0,11,ack-4f,w,3,3,0,ctl,ok,0,0,-1.5,20.4
mpp,-4.0,11,qpsk-r1/5,w,9,2,1,data,ok,7,7,-0.5,20.4
mpp,-4.0,11,ack-4f,w,2,2,0,ctl,ok,0,0,-3.7,20.4
mpp,-4.0,11,qpsk-r1/5,w,9,1,0,data,ok,8,8,1.7,20.4
mpp,-4.0,11,ack-4f,w,3,3,0,ctl,ok,0,0,-0.5,20.4
mpp,-4.0,11,qpsk-r1/3,w,9,2,1,data,ok,7,0,-0.7,20.4
mpp,-4.0,11,ack-4f,w,2,2,0,ctl,ok,0,0,-2.5,20.4
mpp,-4.0,11,qpsk-r1/5,w,9,1,0,data,ok,8,8,-0.2,20.4
mpp,-4.0,11,ack-4f,w,2,2,0,ctl,ok,0,0,-0.4,20.4
mpp,-4.0,11,qpsk-r1/5,w,9,1,0,data,ok,8,8,-1.0,20.4
mpp,-4.0,11,ack-4f,w,2,2,0,ctl,ok,0,0,2.0,20.4
mpp,-4.0,11,qpsk-r1/5,w,9,1,0,data,ok,8,8,-1.5,20.4
mpp,-4.0,11,ack-4f,w,2,2,0,ctl,ok,0,0,-1.1,20.4
mpp,-4.0,11,qpsk-r1/5,w,9,1,0,data,ok,8,8,-0.1,20.4
mpp,-4.0,11,ack-4f,w,2,2,0,ctl,ok,0,0,1.6,20.4
mpp,-4.0,11,qpsk-r1/5,w,9,1,0,data,ok,8,8,0.4,20.4
mpp,-4.0,11,ack-4f,w,2,2,0,ctl,ok,0,0,1.8,20.4
mpp,-4.0,11,qpsk-r1/5,w,9,1,0,data,ok,8,8,0.0,20.4
mpp,-4.0,11,ack-4f,w,2,2,0,ctl,ok,0,0,3.3,20.4
mpp,-4.0,11,qpsk-r1/5,w,9,1,0,data,ok,8,8,-0.8,20.4
mpp,-4.0,11,ack-4f,w,2,2,0,ctl,ok,0,0,-0.6,20.4
mpp,-4.0,11,qpsk-r1/5,w,9,1,0,data,ok,8,8,-1.1,20.4
mpp,-4.0,11,ack-4f,w,2,2,0,ctl,ok,0,0,-0.7,20.4
mpp,-4.0,11,qpsk-r1/5,w,9,1,0,data,ok,8,8,0.1,20.4
mpp,-4.0,11,ack-4f,w,2,2,0,ctl,ok,0,0,0.9,20.4
mpp,-4.0,11,qpsk-r1/5,w,9,1,0,data,ok,8,3,-3.0,20.4
mpp,-4.0,11,ack-4f,w,3,3,0,ctl,ok,0,0,-2.6,20.4
mpp,-4.0,11,qpsk-r1/5,w,9,1,0,data,ok,3,3,0.3,20.4
mpp,-4.0,11,ack-4f,w,2,2,0,ctl,ok,0,0,-0.9,20.4
mpp,-4.0,11,qpsk-r1/5,w,9,1,0,data,ok,8,8,-0.9,20.4
mpp,-4.0,11,ack-4f,w,2,2,0,ctl,ok,0,0,-2.0,20.4
mpp,-4.0,11,qpsk-r1/5,w,9,1,0,data,ctl_lost,8,0,-2.8,20.4
mpp,-4.0,11,ack-4f,w,3,3,0,ctl,ok,0,0,-4.5,20.4
mpp,-4.0,11,ack-4f,w,3,3,0,ctl,ok,0,0,1.6,20.4
mpp,-4.0,11,qpsk-r1/5,w,9,2,1,data,ok,7,7,0.0,20.4
mpp,-4.0,11,ack-4f,w,3,3,0,ctl,ok,0,0,-3.6,20.4
mpp,-4.0,11,qpsk-r1/5,w,9,2,1,data,ok,7,7,-1.5,20.4
mpp,-4.0,11,ack-4f,w,2,2,0,ctl,ok,0,0,2.0,20.4
mpp,-4.0,11,qpsk-r1/5,w,9,1,0,data,ok,8,8,-1.3,20.4
mpp,-4.0,11,ack-4f,w,2,2,0,ctl,ok,0,0,-1.1,20.4
mpp,-4.0,11,qpsk-r1/5,w,9,1,0,data,ok,8,8,0.6,20.4
mpp,-4.0,11,ack-4f,w,2,2,0,ctl,ok,0,0,-3.1,20.4
mpp,-4.0,11,qpsk-r1/5,w,9,1,0,data,ok,8,8,-1.0,20.4
mpp,-4.0,11,ack-4f,w,2,2,0,ctl,ok,0,0,-1.7,20.4
mpp,-4.0,11,qpsk-r1/5,w,9,1,0,data,ok,8,8,-2.1,20.4
mpp,-4.0,11,ack-4f,w,2,2,0,ctl,ok,0,0,-0.6,20.4
mpp,-4.0,11,qpsk-r1/5,w,9,1,0,data,ctl_lost,8,3,-3.3,20.4
mpp,-4.0,11,ack-4f,w,3,3,0,ctl,ok,0,0,-1.9,20.4
mpp,-4.0,11,ack-4f,w,3,3,,ctl,missed,0,0,,20.4
mpp,-4.0,11,ack-4f,w,3,3,0,ctl,ok,0,0,-3.3,20.4
mpp,-4.0,11,ack-4f,w,3,3,0,ctl,ok,0,0,0.8,20.4
mpp,-4.0,11,qpsk-r1/5,w,9,2,1,data,ok,7,7,-1.4,20.4
mpp,-4.0,11,ack-4f,w,3,3,0,ctl,ok,0,0,-1.6,20.4
mpp,-4.0,11,qpsk-r1/5,w,9,2,1,data,ok,7,7,-0.9,20.4
mpp,-4.0,11,ack-4f,w,2,2,0,ctl,ok,0,0,0.0,20.4
mpp,-4.0,11,qpsk-r1/5,w,9,1,0,data,ok,8,8,-0.4,20.4
mpp,0.0,0,qpsk-r1/5,w,1,1,0,ctl,ok,0,0,2.2,45.9
mpp,0.0,0,qpsk-r1/5,w,1,1,0,ctl,ok,0,0,2.1,45.9
mpp,0.0,0,ack-4f,w,3,3,0,ctl,ok,0,0,1.5,45.9
mpp,0.0,0,ack-4f,w,3,3,0,ctl,ok,0,0,3.3,45.9
mpp,0.0,0,qpsk-r1/3,w,9,2,1,data,ok,7,7,4.5,45.9
mpp,0.0,0,ack-1f,w,2,2,0,ctl,ok,0,0,0.7,45.9
mpp,0.0,0,qpsk-r1/3,w,9,1,0,data,ok,8,8,3.6,45.9
mpp,0.0,0,ack-4f,w,3,3,0,ctl,ok,0,0,1.6,45.9
mpp,0.0,0,qpsk-r1/2,w,9,2,1,data,ok,7,7,4.0,45.9
mpp,0.0,0,ack-4f,w,3,3,0,ctl,ok,0,0,2.7,45.9
mpp,0.0,0,qpsk-r1/2,w,9,2,1,data,ok,7,7,5.1,45.9
mpp,0.0,0,ack-4f,w,3,3,0,ctl,ok,0,0,1.5,45.9
mpp,0.0,0,qpsk-r1/2,w,9,2,1,data,ok,7,7,3.4,45.9
mpp,0.0,0,ack-4f,w,3,3,0,ctl,ok,0,0,2.0,45.9
mpp,0.0,0,qpsk-r1/2,w,9,2,1,data,ok,7,0,1.8,45.9
mpp,0.0,0,ack-4f,w,3,3,0,ctl,ok,0,0,2.5,45.9
mpp,0.0,0,qpsk-r1/3,w,9,2,1,data,ok,7,7,3.6,45.9
mpp,0.0,0,ack-4f,w,2,2,0,ctl,ok,0,0,3.7,45.9
mpp,0.0,0,qpsk-r1/3,w,9,1,0,data,ok,8,8,4.2,45.9
mpp,0.0,0,ack-1f,w,3,3,0,ctl,ok,0,0,1.8,45.9
mpp,0.0,0,qpsk-r1/2,w,9,2,1,data,ok,7,7,3.9,45.9
mpp,0.0,0,ack-1f,w,3,3,0,ctl,ok,0,0,4.0,45.9
mpp,0.0,0,qpsk-r1/2,w,9,2,1,data,ok,7,7,4.1,45.9
mpp,0.0,0,ack-1f,w,3,3,0,ctl,ok,0,0,3.1,45.9
mpp,0.0,0,qpsk-r1/2,w,9,2,1,data,ok,7,7,2.9,45.9
mpp,0.0,0,ack-1f,w,3,3,0,ctl,ctl_lost,0,0,1.7,45.9
mpp,0.0,0,ack-4f,w,3,3,0,ctl,ok,0,0,3.5,45.9
mpp,0.0,0,ack-4f,w,3,3,0,ctl,ok,0,0,-6.7,45.9
mpp,0.0,0,qpsk-r1/2,w,9,2,1,data,ok,7,7,3.3,45.9
mpp,0.0,0,ack-4f,w,3,3,0,ctl,ok,0,0,2.2,45.9
mpp,0.0,0,qpsk-r1/2,w,9,2,1,data,ok,7,0,1.5,45.9
mpp,0.0,0,ack-4f,w,3,3,0,ctl,ok,0,0,3.2,45.9
mpp,0.0,0,qpsk-r1/3,w,9,2,1,data,ok,7,7,4.2,45.9
mpp,0.0,0,ack-1f,w,3,3,0,ctl,ok,0,0,3.5,45.9
mpp,0.0,0,qpsk-r1/2,w,9,2,1,data,ok,7,7,3.9,45.9
mpp,0.0,0,ack-1f,w,2,2,0,ctl,ok,0,0,3.2,45.9
mpp,0.0,0,qpsk-r1/2,w,9,1,0,data,ok,8,8,3.7,45.9
mpp,0.0,0,ack-1f,w,2,2,0,ctl,ok,0,0,6.0,45.9
mpp,0.0,0,qpsk-r1/2,w,9,1,0,data,ok,8,8,3.0,45.9
mpp,0.0,0,ack-1f,w,2,2,0,ctl,ctl_lost,0,0,-1.6,45.9
mpp,0.0,0,ack-4f,w,3,3,0,ctl,ok,0,0,0.7,45.9
mpp,0.0,0,ack-4f,w,3,3,0,ctl,ok,0,0,3.6,45.9
mpp,0.0,0,qpsk-r1/2,w,9,2,1,data,ok,7,7,4.1,45.9
mpp,0.0,0,ack-4f,w,2,2,0,ctl,ok,0,0,2.4,45.9
mpp,0.0,0,qpsk-r1/2,w,9,1,0,data,ok,8,8,4.2,45.9
mpp,0.0,0,ack-4f,w,2,2,0,ctl,ok,0,0,3.8,45.9
mpp,0.0,0,qpsk-r1/2,w,9,1,0,data,ctl_lost,8,0,1.9,45.9
mpp,0.0,0,ack-4f,w,3,3,0,ctl,ok,0,0,6.0,45.9
mpp,0.0,0,ack-4f,w,3,3,0,ctl,ok,0,0,5.9,45.9
mpp,0.0,0,qpsk-r1/2,w,9,2,1,data,ok,7,0,1.7,45.9
mpp,0.0,0,ack-1f,w,3,3,0,ctl,ok,0,0,5.5,45.9
mpp,0.0,0,qpsk-r1/2,w,9,2,1,data,ok,2,2,3.5,45.9
mpp,0.0,0,ack-1f,w,3,3,0,ctl,ok,0,0,4.2,45.9
mpp,0.0,0,qpsk-r1/2,w,9,2,1,data,ok,7,7,4.5,45.9
mpp,0.0,0,ack-1f,w,2,2,0,ctl,ok,0,0,4.7,45.9
mpp,0.0,0,qpsk-r1/2,w,9,1,0,data,ctl_lost,8,0,1.7,45.9
mpp,0.0,0,ack-4f,w,3,3,0,ctl,ok,0,0,2.9,45.9
mpp,0.0,0,ack-4f,w,3,3,0,ctl,ok,0,0,3.1,45.9
mpp,0.0,0,qpsk-r1/3,w,9,2,1,data,ok,7,7,3.2,45.9
mpp,0.0,0,ack-1f,w,2,2,0,ctl,ok,0,0,5.6,45.9
mpp,0.0,0,qpsk-r1/3,w,9,1,0,data,ok,8,8,2.7,45.9
mpp,0.0,0,ack-1f,w,2,2,0,ctl,ok,0,0,4.6,45.9
mpp,0.0,0,qpsk-r1/3,w,9,1,0,data,ok,8,8,2.8,45.9
mpp,0.0,0,ack-1f,w,2,2,,ctl,missed,0,0,,45.9
mpp,0.0,0,ack-4f,w,3,3,0,ctl,ok,0,0,3.8,45.9
mpp,0.0,0,ack-4f,w,2,2,0,ctl,ok,0,0,2.9,45.9
mpp,0.0,0,qpsk-r1/3,w,9,1,0,data,ok,8,8,3.6,45.9
mpp,0.0,0,ack-1f,w,3,3,0,ctl,ok,0,0,5.7,45.9
mpp,0.0,0,qpsk-r1/2,w,9,2,1,data,ok,7,7,3.5,45.9
mpp,0.0,0,ack-1f,w,3,3,0,ctl,ctl_lost,0,0,-7.7,45.9
mpp,0.0,0,ack-4f,w,3,3,0,ctl,ok,0,0,1.0,45.9
mpp,0.0,0,ack-4f,w,2,2,0,ctl,ok,0,0,3.6,45.9
mpp,0.0,0,qpsk-r1/3,w,9,1,0,data,ok,8,8,4.4,45.9
mpp,0.0,0,ack-4f,w,3,3,0,ctl,ok,0,0,4.0,45.9
mpp,0.0,0,qpsk-r1/2,w,9,2,1,data,ok,7,0,-0.3,45.9
mpp,0.0,0,ack-4f,w,2,2,0,ctl,ok,0,0,3.5,45.9
mpp,0.0,0,qpsk-r1/3,w,9,1,0,data,ok,8,8,3.2,45.9
mpp,0.0,0,ack-1f,w,2,2,0,ctl,ok,0,0,3.7,45.9
mpp,0.0,0,qpsk-r1/3,w,9,1,0,data,ok,8,8,3.8,45.9
mpp,0.0,0,ack-1f,w,3,3,0,ctl,ok,0,0,-1.6,45.9
mpp,0.0,0,qpsk-r1/2,w,9,2,1,data,ok,7,7,4.5,45.9
mpp,0.0,0,ack-4f,w,2,2,0,ctl,ok,0,0,3.9,45.9
mpp,0.0,0,qpsk-r1/2,w,9,1,0,data,ok,8,8,3.4,45.9
mpp,0.0,0,ack-4f,w,2,2,0,ctl,ok,0,0,3.6,45.9
mpp,0.0,0,qpsk-r1/2,w,9,1,0,data,ok,8,8,3.5,45.9
mpp,0.0,0,ack-1f,w,3,3,0,ctl,ok,0,0,5.7,45.9
mpp,0.0,0,qpsk-r1/2,w,9,2,1,data,ok,7,7,3.5,45.9
mpp,0.0,0,ack-1f,w,3,3,0,ctl,ok,0,0,5.4,45.9
mpp,0.0,0,qpsk-r1/2,w,9,2,1,data,ok,7,7,3.9,45.9
mpp,0.0,0,ack-1f,w,2,2,0,ctl,ok,0,0,6.3,45.9
mpp,0.0,0,qpsk-r1/2,w,9,1,0,data,ok,8,8,3.8,45.9
mpp,0.0,0,ack-1f,w,2,2,0,ctl,ok,0,0,-1.7,45.9
mpp,0.0,0,qpsk-r1/2,w,9,1,0,data,ok,8,8,5.1,45.9
mpp,0.0,0,ack-1f,w,2,2,0,ctl,ok,0,0,3.8,45.9
mpp,0.0,0,qpsk-r1/2,w,9,1,0,data,ok,8,8,3.3,45.9
mpp,0.0,0,ack-1f,w,2,2,0,ctl,ok,0,0,3.8,45.9
mpp,0.0,0,qpsk-r1/2,w,9,1,0,data,ok,8,8,3.6,45.9
mpp,0.0,0,ack-1f,w,2,2,0,ctl,ok,0,0,7.7,45.9
mpp,0.0,0,qpsk-r1/2,w,9,1,0,data,ok,8,8,2.8,45.9
mpp,0.0,3,qpsk-r1/5,w,1,1,0,ctl,ok,0,0,2.2,42.5
mpp,0.0,3,qpsk-r1/5,w,1,1,0,ctl,ok,0,0,2.1,42.5
mpp,0.0,3,ack-4f,w,3,3,0,ctl,ok,0,0,4.1,42.5
mpp,0.0,3,ack-4f,w,3,3,0,ctl,ok,0,0,1.3,42.5
mpp,0.0,3,qpsk-r1/3,w,9,2,1,data,ok,7,7,0.7,42.5
mpp,0.0,3,ack-4f,w,3,3,0,ctl,ok,0,0,1.4,42.5
mpp,0.0,3,qpsk-r1/3,w,9,2,1,data,ok,7,7,3.7,42.5
mpp,0.0,3,ack-4f,w,2,2,0,ctl,ok,0,0,1.2,42.5
mpp,0.0,3,qpsk-r1/3,w,9,1,0,data,ok,8,8,2.8,42.5
mpp,0.0,3,ack-4f,w,2,2,0,ctl,ok,0,0,3.8,42.5
mpp,0.0,3,qpsk-r1/3,w,9,1,0,data,ok,8,8,3.7,42.5
mpp,0.0,3,ack-1f,w,2,2,0,ctl,ok,0,0,4.9,42.5
mpp,0.0,3,qpsk-r1/3,w,9,1,0,data,ok,8,8,4.8,42.5
mpp,0.0,3,ack-1f,w,3,3,0,ctl,ok,0,0,5.1,42.5
mpp,0.0,3,qpsk-r1/2,w,9,2,1,data,ok,7,7,4.9,42.5
mpp,0.0,3,ack-1f,w,3,3,0,ctl,ok,0,0,3.7,42.5
mpp,0.0,3,qpsk-r1/2,w,9,2,1,data,ok,7,7,3.4,42.5
mpp,0.0,3,ack-1f,w,3,3,0,ctl,ok,0,0,6.8,42.5
mpp,0.0,3,qpsk-r1/2,w,9,2,1,data,ok,7,1,2.8,42.5
mpp,0.0,3,ack-1f,w,3,3,0,ctl,ok,0,0,3.8,42.5
mpp,0.0,3,qpsk-r1/2,w,9,2,1,data,ok,2,2,3.4,42.5
mpp,0.0,3,ack-1f,w,3,3,0,ctl,ok,0,0,3.0,42.5
mpp,0.0,3,qpsk-r1/2,w,9,2,1,data,ok,7,7,4.6,42.5
mpp,0.0,3,ack-1f,w,2,2,0,ctl,ok,0,0,1.8,42.5
mpp,0.0,3,qpsk-r1/2,w,9,1,0,data,ok,8,8,3.3,42.5
mpp,0.0,3,ack-1f,w,2,2,0,ctl,ok,0,0,1.8,42.5
mpp,0.0,3,qpsk-r1/2,w,9,1,0,data,ok,8,8,4.2,42.5
mpp,0.0,3,ack-1f,w,2,2,0,ctl,ok,0,0,7.1,42.5
mpp,0.0,3,qpsk-r1/2,w,9,1,0,data,ok,8,8,3.5,42.5
mpp,0.0,3,ack-1f,w,2,2,0,ctl,ok,0,0,3.8,42.5
mpp,0.0,3,qpsk-r1/2,w,9,1,0,data,ok,8,8,3.2,42.5
mpp,0.0,3,ack-1f,w,3,3,0,ctl,ok,0,0,1.9,42.5
mpp,0.0,3,qpsk-r1/2,w,9,2,1,data,ok,7,7,4.6,42.5
mpp,0.0,3,ack-1f,w,2,2,0,ctl,ok,0,0,2.3,42.5
mpp,0.0,3,qpsk-r1/2,w,9,1,0,data,ok,8,8,3.5,42.5
mpp,0.0,3,ack-1f,w,2,2,0,ctl,ok,0,0,3.8,42.5
mpp,0.0,3,qpsk-r1/2,w,9,1,0,data,ok,8,3,2.6,42.5
mpp,0.0,3,ack-1f,w,3,3,0,ctl,ok,0,0,0.4,42.5
mpp,0.0,3,qpsk-r1/2,w,9,2,1,data,ok,2,0,2.4,42.5
mpp,0.0,3,ack-1f,w,3,3,0,ctl,ok,0,0,2.0,42.5
mpp,0.0,3,qpsk-r1/2,w,9,2,1,data,ok,6,0,2.7,42.5
mpp,0.0,3,ack-1f,w,2,2,0,ctl,ok,0,0,5.5,42.5
mpp,0.0,3,qpsk-r1/3,w,9,1,,data,missed,0,0,,42.5
mpp,0.0,3,ack-4f,w,4,4,0,ctl,ok,0,0,1.4,42.5
mpp,0.0,3,ack-4f,w,3,3,0,ctl,ok,0,0,2.1,42.5
mpp,0.0,3,qpsk-r1/3,w,9,2,1,data,ok,7,7,3.4,42.5
mpp,0.0,3,ack-1f,w,2,2,0,ctl,ok,0,0,2.1,42.5
mpp,0.0,3,qpsk-r1/3,w,9,1,0,data,ok,8,8,2.2,42.5
mpp,0.0,3,ack-1f,w,2,2,0,ctl,ctl_lost,0,0,-3.3,42.5
mpp,0.0,3,ack-4f,w,3,3,0,ctl,ok,0,0,2.2,42.5
mpp,0.0,3,ack-4f,w,3,3,0,ctl,ok,0,0,1.7,42.5
mpp,0.0,3,qpsk-r1/2,w,9,2,1,data,ok,7,7,4.2,42.5
mpp,0.0,3,ack-4f,w,2,2,0,ctl,ok,0,0,2.4,42.5
mpp,0.0,3,qpsk-r1/2,w,9,1,0,data,ctl_lost,8,0,2.5,42.5
mpp,0.0,3,ack-4f,w,3,3,0,ctl,ok,0,0,2.7,42.5
mpp,0.0,3,ack-4f,w,2,2,0,ctl,ok,0,0,1.3,42.5
mpp,0.0,3,qpsk-r1/3,w,9,1,0,data,ok,8,8,1.5,42.5
mpp,0.0,3,ack-4f,w,3,3,0,ctl,ok,0,0,4.0,42.5
mpp,0.0,3,qpsk-r1/3,w,9,2,1,data,ok,7,7,3.7,42.5
mpp,0.0,3,ack-4f,w,2,2,0,ctl,ok,0,0,3.6,42.5
mpp,0.0,3,qpsk-r1/3,w,9,1,0,data,ok,8,8,2.7,42.5
mpp,0.0,3,ack-1f,w,3,3,0,ctl,ok,0,0,5.6,42.5
mpp,0.0,3,qpsk-r1/2,w,9,2,1,data,ok,7,0,1.9,42.5
mpp,0.0,3,ack-1f,w,2,2,0,ctl,ok,0,0,4.5,42.5
mpp,0.0,3,qpsk-r1/3,w,9,1,0,data,ok,8,8,3.4,42.5
mpp,0.0,3,ack-1f,w,2,2,0,ctl,ok,0,0,0.3,42.5
mpp,0.0,3,qpsk-r1/3,w,9,1,0,data,ok,8,8,3.8,42.5
mpp,0.0,3,ack-1f,w,2,2,0,ctl,ctl_lost,0,0,1.0,42.5
mpp,0.0,3,ack-4f,w,3,3,0,ctl,ok,0,0,2.4,42.5
mpp,0.0,3,ack-4f,w,2,2,0,ctl,ok,0,0,7.7,42.5
mpp,0.0,3,qpsk-r1/3,w,9,1,0,data,ok,8,8,2.2,42.5
mpp,0.0,3,ack-1f,w,2,2,0,ctl,ok,0,0,4.7,42.5
mpp,0.0,3,qpsk-r1/3,w,9,1,0,data,ok,8,8,3.6,42.5
mpp,0.0,3,ack-1f,w,2,2,0,ctl,ok,0,0,5.8,42.5
mpp,0.0,3,qpsk-r1/3,w,9,1,0,data,ok,8,8,1.5,42.5
mpp,0.0,3,ack-1f,w,2,2,0,ctl,ok,0,0,-3.9,42.5
mpp,0.0,3,qpsk-r1/3,w,9,1,0,data,ok,8,8,4.3,42.5
mpp,0.0,3,ack-4f,w,2,2,0,ctl,ok,0,0,3.4,42.5
mpp,0.0,3,qpsk-r1/3,w,9,1,0,data,ok,8,8,3.7,42.5
mpp,0.0,3,ack-4f,w,2,2,0,ctl,ok,0,0,2.6,42.5
mpp,0.0,3,qpsk-r1/3,w,9,1,0,data,ok,8,8,3.6,42.5
mpp,0.0,3,ack-1f,w,2,2,0,ctl,ok,0,0,-0.5,42.5
mpp,0.0,3,qpsk-r1/3,w,9,1,0,data,ok,8,8,3.7,42.5
mpp,0.0,3,ack-4f,w,2,2,0,ctl,ok,0,0,1.1,42.5
mpp,0.0,3,qpsk-r1/3,w,9,1,0,data,ok,8,8,3.3,42.5
mpp,0.0,3,ack-4f,w,2,2,0,ctl,ok,0,0,3.5,42.5
mpp,0.0,3,qpsk-r1/3,w,9,1,0,data,ok,8,8,4.4,42.5
mpp,0.0,3,ack-1f,w,2,2,0,ctl,ctl_lost,0,0,-4.8,42.5
mpp,0.0,3,ack-4f,w,3,3,0,ctl,ok,0,0,3.0,42.5
mpp,0.0,3,ack-4f,w,2,2,0,ctl,ok,0,0,2.9,42.5
mpp,0.0,3,qpsk-r1/3,w,9,1,0,data,ok,8,8,4.0,42.5
mpp,0.0,3,ack-4f,w,2,2,0,ctl,ok,0,0,3.9,42.5
mpp,0.0,3,qpsk-r1/3,w,9,1,0,data,ok,8,8,3.5,42.5
mpp,0.0,3,ack-4f,w,2,2,0,ctl,ok,0,0,3.8,42.5
mpp,0.0,3,qpsk-r1/3,w,9,1,0,data,ok,8,8,3.2,42.5
mpp,0.0,3,ack-4f,w,2,2,0,ctl,ok,0,0,4.4,42.5
mpp,0.0,3,qpsk-r1/3,w,9,1,0,data,ok,8,8,2.0,42.5
mpp,0.0,3,ack-4f,w,2,2,0,ctl,ok,0,0,3.0,42.5
mpp,0.0,3,qpsk-r1/3,w,9,1,0,data,ok,8,8,2.9,42.5
mpp,0.0,5,qpsk-r1/5,w,1,1,0,ctl,ok,0,0,1.0,40.8
mpp,0.0,5,qpsk-r1/5,w,1,1,0,ctl,ok,0,0,0.4,40.8
mpp,0.0,5,ack-4f,w,3,3,0,ctl,ok,0,0,3.6,40.8
mpp,0.0,5,ack-4f,w,3,3,0,ctl,ok,0,0,5.2,40.8
mpp,0.0,5,qpsk-r1/3,w,9,2,1,data,ok,7,7,4.2,40.8
mpp,0.0,5,ack-1f,w,3,3,0,ctl,ok,0,0,5.7,40.8
mpp,0.0,5,qpsk-r1/2,w,9,2,1,data,ok,7,7,4.2,40.8
mpp,0.0,5,ack-1f,w,3,3,0,ctl,ok,0,0,5.6,40.8
mpp,0.0,5,qpsk-r1/2,w,9,2,1,data,ok,7,7,3.8,40.8
mpp,0.0,5,ack-1f,w,3,3,0,ctl,ok,0,0,0.7,40.8
mpp,0.0,5,qpsk-r1/2,w,9,2,1,data,ok,7,0,0.2,40.8
mpp,0.0,5,ack-1f,w,3,3,0,ctl,ok,0,0,1.8,40.8
mpp,0.0,5,qpsk-r1/3,w,9,2,1,data,ok,7,7,3.6,40.8
mpp,0.0,5,ack-1f,w,2,2,0,ctl,ok,0,0,3.2,40.8
mpp,0.0,5,qpsk-r1/3,w,9,1,0,data,ok,8,8,1.8,40.8
mpp,0.0,5,ack-1f,w,2,2,0,ctl,ok,0,0,3.1,40.8
mpp,0.0,5,qpsk-r1/3,w,9,1,0,data,ok,8,8,3.2,40.8
mpp,0.0,5,ack-1f,w,2,2,0,ctl,ok,0,0,4.2,40.8
mpp,0.0,5,qpsk-r1/3,w,9,1,0,data,ok,8,8,1.8,40.8
mpp,0.0,5,ack-1f,w,2,2,0,ctl,ok,0,0,4.8,40.8
mpp,0.0,5,qpsk-r1/3,w,9,1,0,data,ok,8,8,2.9,40.8
mpp,0.0,5,ack-1f,w,2,2,0,ctl,ok,0,0,0.4,40.8
mpp,0.0,5,qpsk-r1/3,w,9,1,0,data,ok,8,8,3.7,40.8
mpp,0.0,5,ack-1f,w,3,3,0,ctl,ok,0,0,7.7,40.8
mpp,0.0,5,qpsk-r1/2,w,9,2,1,data,ok,7,7,3.7,40.8
mpp,0.0,5,ack-1f,w,3,3,0,ctl,ok,0,0,1.1,40.8
mpp,0.0,5,qpsk-r1/2,w,9,2,1,data,ok,7,7,3.5,40.8
mpp,0.0,5,ack-1f,w,3,3,0,ctl,ok,0,0,-0.7,40.8
mpp,0.0,5,qpsk-r1/2,w,9,2,1,data,ok,7,6,2.8,40.8
mpp,0.0,5,ack-4f,w,3,3,0,ctl,ok,0,0,2.3,40.8
mpp,0.0,5,qpsk-r1/2,w,9,2,1,data,ok,6,0,0.3,40.8
mpp,0.0,5,ack-1f,w,3,3,0,ctl,ok,0,0,1.7,40.8
mpp,0.0,5,qpsk-r1/3,w,9,2,1,data,ok,7,0,0.4,40.8
mpp,0.0,5,ack-1f,w,3,3,0,ctl,ok,0,0,6.0,40.8
mpp,0.0,5,qpsk-r1/3,w,9,2,1,data,ok,2,2,3.9,40.8
mpp,0.0,5,ack-1f,w,2,2,0,ctl,ok,0,0,5.5,40.8
mpp,0.0,5,qpsk-r1/3,w,9,1,0,data,ok,8,8,3.3,40.8
mpp,0.0,5,ack-1f,w,3,3,0,ctl,ok,0,0,3.9,40.8
mpp,0.0,5,qpsk-r1/2,w,9,2,1,data,ok,7,7,4.8,40.8
mpp,0.0,5,ack-1f,w,2,2,0,ctl,ok,0,0,3.5,40.8
mpp,0.0,5,qpsk-r1/2,w,9,1,0,data,ok,8,8,3.6,40.8
mpp,0.0,5,ack-1f,w,2,2,0,ctl,ok,0,0,3.5,40.8
mpp,0.0,5,qpsk-r1/2,w,9,1,0,data,ctl_lost,8,8,3.5,40.8
mpp,0.0,5,ack-4f,w,3,3,0,ctl,ok,0,0,1.9,40.8
mpp,0.0,5,ack-4f,w,2,2,0,ctl,ok,0,0,1.0,40.8
mpp,0.0,5,qpsk-r1/3,w,9,1,0,data,ok,8,8,2.6,40.8
mpp,0.0,5,ack-1f,w,2,2,0,ctl,ok,0,0,6.5,40.8
mpp,0.0,5,qpsk-r1/3,w,9,1,0,data,ok,8,8,4.0,40.8
mpp,0.0,5,ack-1f,w,2,2,0,ctl,ok,0,0,0.7,40.8
mpp,0.0,5,qpsk-r1/3,w,9,1,0,data,ok,8,8,4.1,40.8
mpp,0.0,5,ack-1f,w,3,3,0,ctl,ok,0,0,5.7,40.8
mpp,0.0,5,qpsk-r1/2,w,9,2,1,data,ok,7,7,2.9,40.8
mpp,0.0,5,ack-1f,w,3,3,0,ctl,ok,0,0,5.5,40.8
mpp,0.0,5,qpsk-r1/2,w,9,2,1,data,ok,7,0,2.0,40.8
mpp,0.0,5,ack-1f,w,2,2,0,ctl,ok,0,0,1.4,40.8
mpp,0.0,5,qpsk-r1/3,w,9,1,0,data,ok,8,8,1.4,40.8
mpp,0.0,5,ack-1f,w,2,2,0,ctl,ok,0,0,4.2,40.8
mpp,0.0,5,qpsk-r1/3,w,9,1,0,data,ok,8,8,2.8,40.8
mpp,0.0,5,ack-1f,w,2,2,0,ctl,ok,0,0,3.7,40.8
mpp,0.0,5,qpsk-r1/3,w,9,1,0,data,ok,8,8,5.2,40.8
mpp,0.0,5,ack-1f,w,3,3,0,ctl,ok,0,0,0.1,40.8
mpp,0.0,5,qpsk-r1/2,w,9,2,1,data,ok,7,0,1.2,40.8
mpp,0.0,5,ack-1f,w,2,2,0,ctl,ok,0,0,7.1,40.8
mpp,0.0,5,qpsk-r1/3,w,9,1,0,data,ok,8,8,3.9,40.8
mpp,0.0,5,ack-1f,w,2,2,0,ctl,ok,0,0,4.9,40.8
mpp,0.0,5,qpsk-r1/3,w,9,1,0,data,ok,8,8,3.6,40.8
mpp,0.0,5,ack-1f,w,2,2,0,ctl,ok,0,0,6.0,40.8
mpp,0.0,5,qpsk-r1/3,w,9,1,0,data,ok,8,8,1.5,40.8
mpp,0.0,5,ack-1f,w,2,2,0,ctl,ctl_lost,0,0,-4.9,40.8
mpp,0.0,5,ack-4f,w,3,3,0,ctl,ok,0,0,5.2,40.8
mpp,0.0,5,ack-4f,w,2,2,0,ctl,ok,0,0,0.1,40.8
mpp,0.0,5,qpsk-r1/3,w,9,1,0,data,ok,8,8,2.4,40.8
mpp,0.0,5,ack-4f,w,2,2,0,ctl,ok,0,0,3.1,40.8
mpp,0.0,5,qpsk-r1/3,w,9,1,0,data,ok,8,8,3.7,40.8
mpp,0.0,5,ack-4f,w,2,2,0,ctl,ok,0,0,3.3,40.8
mpp,0.0,5,qpsk-r1/3,w,9,1,0,data,ok,8,8,2.6,40.8
mpp,0.0,5,ack-1f,w,2,2,0,ctl,ok,0,0,3.3,40.8
mpp,0.0,5,qpsk-r1/3,w,9,1,0,data,ok,8,8,0.1,40.8
mpp,0.0,5,ack-1f,w,2,2,0,ctl,ok,0,0,3.9,40.8
mpp,0.0,5,qpsk-r1/3,w,9,1,0,data,ok,8,8,4.6,40.8
mpp,0.0,5,ack-1f,w,2,2,0,ctl,ok,0,0,0.3,40.8
mpp,0.0,5,qpsk-r1/3,w,9,1,0,data,ok,8,8,3.2,40.8
mpp,0.0,5,ack-1f,w,2,2,0,ctl,ok,0,0,-1.4,40.8
mpp,0.0,5,qpsk-r1/3,w,9,1,0,data,ok,8,8,1.8,40.8
mpp,0.0,5,ack-4f,w,2,2,0,ctl,ok,0,0,3.0,40.8
mpp,0.0,5,qpsk-r1/3,w,9,1,0,data,ok,8,8,1.9,40.8
mpp,0.0,5,ack-1f,w,2,2,0,ctl,ok,0,0,-7.6,40.8
mpp,0.0,5,qpsk-r1/3,w,9,1,0,data,ok,8,8,3.6,40.8
mpp,0.0,5,ack-4f,w,2,2,0,ctl,ok,0,0,4.4,40.8
mpp,0.0,5,qpsk-r1/3,w,9,1,0,data,ok,8,8,3.7,40.8
mpp,0.0,5,ack-1f,w,2,2,0,ctl,ok,0,0,4.7,40.8
mpp,0.0,5,qpsk-r1/3,w,9,1,0,data,ok,8,8,3.7,40.8
mpp,0.0,5,ack-1f,w,2,2,0,ctl,ok,0,0,5.8,40.8
mpp,0.0,5,qpsk-r1/3,w,9,1,0,data,ok,8,8,3.5,40.8
mpp,0.0,5,ack-1f,w,2,2,0,ctl,ctl_lost,0,0,-6.0,40.8
mpp,0.0,5,ack-4f,w,3,3,0,ctl,ok,0,0,2.3,40.8
mpp,0.0,5,ack-4f,w,2,2,0,ctl,ok,0,0,5.9,40.8
mpp,0.0,5,qpsk-r1/3,w,9,1,0,data,ok,8,8,3.3,40.8
mpp,0.0,2,qpsk-r1/5,w,1,1,0,ctl,ok,0,0,1.7,43.4
mpp,0.0,2,qpsk-r1/5,w,1,1,0,ctl,ok,0,0,4.3,43.4
mpp,0.0,2,ack-4f,w,3,3,0,ctl,ok,0,0,1.6,43.4
mpp,0.0,2,ack-1f,w,2,2,0,ctl,ctl_lost,0,0,-3.0,43.4
mpp,0.0,2,ack-4f,w,3,3,0,ctl,ok,0,0,4.2,43.4
mpp,0.0,2,ack-4f,w,3,3,0,ctl,ok,0,0,2.5,43.4
mpp,0.0,2,qpsk-r1/3,w,9,2,1,data,ok,7,7,3.1,43.4
mpp,0.0,2,ack-4f,w,2,2,0,ctl,ok,0,0,3.5,43.4
mpp,0.0,2,qpsk-r1/3,w,9,1,0,data,ok,8,8,1.9,43.4
mpp,0.0,2,ack-4f,w,3,3,0,ctl,ok,0,0,0.1,43.4
mpp,0.0,2,qpsk-r1/3,w,9,2,1,data,ok,7,7,3.3,43.4
mpp,0.0,2,ack-4f,w,2,2,0,ctl,ok,0,0,0.2,43.4
mpp,0.0,2,qpsk-r1/3,w,9,1,0,data,ok,8,8,3.0,43.4
mpp,0.0,2,ack-4f,w,2,2,0,ctl,ok,0,0,-1.1,43.4
mpp,0.0,2,qpsk-r1/3,w,9,1,0,data,ok,8,8,3.7,43.4
mpp,0.0,2,ack-4f,w,2,2,0,ctl,ok,0,0,5.9,43.4
mpp,0.0,2,qpsk-r1/3,w,9,1,0,data,ok,8,8,3.1,43.4
mpp,0.0,2,ack-4f,w,2,2,0,ctl,ok,0,0,5.6,43.4
mpp,0.0,2,qpsk-r1/3,w,9,1,0,data,ok,8,8,4.7,43.4
mpp,0.0,2,ack-1f,w,3,3,0,ctl,ok,0,0,2.3,43.4
mpp,0.0,2,qpsk-r1/2,w,9,2,1,data,ctl_lost,7,0,0.3,43.4
mpp,0.0,2,ack-4f,w,3,3,0,ctl,ok,0,0,2.9,43.4
mpp,0.0,2,ack-4f,w,3,3,0,ctl,ok,0,0,0.4,43.4
mpp,0.0,2,qpsk-r1/3,w,9,2,1,data,ok,7,7,3.0,43.4
mpp,0.0,2,ack-4f,w,2,2,0,ctl,ok,0,0,3.4,43.4
mpp,0.0,2,qpsk-r1/3,w,9,1,0,data,ok,8,8,0.3,43.4
mpp,0.0,2,ack-4f,w,3,3,0,ctl,ok,0,0,1.3,43.4
mpp,0.0,2,qpsk-r1/3,w,9,2,1,data,ok,7,7,3.2,43.4
mpp,0.0,2,ack-4f,w,2,2,0,ctl,ok,0,0,2.6,43.4
mpp,0.0,2,qpsk-r1/3,w,9,1,0,data,ok,8,8,4.6,43.4
mpp,0.0,2,ack-4f,w,2,2,0,ctl,ok,0,0,4.9,43.4
mpp,0.0,2,qpsk-r1/3,w,9,1,0,data,ok,8,8,4.4,43.4
mpp,0.0,2,ack-4f,w,3,3,0,ctl,ok,0,0,-0.2,43.4
mpp,0.0,2,w48-qpsk-r1/3,w48,19,2,1,data,ok,17,0,1.5,43.4
mpp,0.0,2,ack-4f,w,2,2,0,ctl,ok,0,0,4.2,43.4
mpp,0.0,2,qpsk-r1/3,w,9,1,0,data,ok,8,8,3.6,43.4
mpp,0.0,2,ack-4f,w,2,2,0,ctl,ok,0,0,4.9,43.4
mpp,0.0,2,qpsk-r1/3,w,9,1,0,data,ok,8,8,3.2,43.4
mpp,0.0,2,ack-4f,w,2,2,0,ctl,ok,0,0,2.1,43.4
mpp,0.0,2,qpsk-r1/3,w,9,1,0,data,ok,8,8,3.2,43.4
mpp,0.0,2,ack-4f,w,2,2,0,ctl,ok,0,0,4.6,43.4
mpp,0.0,2,qpsk-r1/3,w,9,1,0,data,ok,8,8,3.7,43.4
mpp,0.0,2,ack-4f,w,2,2,0,ctl,ok,0,0,2.9,43.4
mpp,0.0,2,qpsk-r1/3,w,9,1,0,data,ok,8,8,3.7,43.4
mpp,0.0,2,ack-4f,w,2,2,0,ctl,ok,0,0,4.9,43.4
mpp,0.0,2,qpsk-r1/3,w,9,1,0,data,ok,8,8,-0.1,43.4
mpp,0.0,2,ack-4f,w,2,2,0,ctl,ok,0,0,2.7,43.4
mpp,0.0,2,qpsk-r1/3,w,9,1,0,data,ok,8,8,2.0,43.4
mpp,0.0,2,ack-4f,w,2,2,0,ctl,ok,0,0,3.9,43.4
mpp,0.0,2,qpsk-r1/3,w,9,1,0,data,ok,8,8,3.5,43.4
mpp,0.0,2,ack-4f,w,2,2,0,ctl,ok,0,0,0.5,43.4
mpp,0.0,2,qpsk-r1/3,w,9,1,0,data,ok,8,8,3.7,43.4
mpp,0.0,2,ack-4f,w,2,2,0,ctl,ok,0,0,6.3,43.4
mpp,0.0,2,qpsk-r1/3,w,9,1,0,data,ok,8,8,2.7,43.4
mpp,0.0,2,ack-4f,w,2,2,0,ctl,ok,0,0,2.8,43.4
mpp,0.0,2,qpsk-r1/3,w,9,1,0,data,ok,8,8,3.2,43.4
mpp,0.0,2,ack-4f,w,2,2,0,ctl,ok,0,0,4.8,43.4
mpp,0.0,2,qpsk-r1/3,w,9,1,0,data,ok,8,8,4.0,43.4
mpp,0.0,2,ack-4f,w,2,2,0,ctl,ok,0,0,1.5,43.4
mpp,0.0,2,qpsk-r1/3,w,9,1,0,data,ok,8,8,4.3,43.4
mpp,0.0,2,ack-4f,w,3,3,0,ctl,ok,0,0,5.2,43.4
mpp,0.0,2,w48-qpsk-r1/5,w48,19,2,1,data,ok,17,17,2.8,43.4
mpp,0.0,2,ack-4f,w,3,3,0,ctl,ok,0,0,2.5,43.4
mpp,0.0,2,w48-qpsk-r1/3,w48,19,2,1,data,ok,17,15,3.0,43.4
mpp,0.0,2,ack-4f,w,4,4,0,ctl,ok,0,0,2.6,43.4
mpp,0.0,2,w48-qpsk-r1/3,w48,19,2,1,data,ok,15,0,1.3,43.4
mpp,0.0,2,ack-4f,w,2,2,0,ctl,ok,0,0,3.8,43.4
mpp,0.0,2,qpsk-r1/3,w,9,1,0,data,ok,8,8,4.4,43.4
mpp,0.0,2,ack-4f,w,3,3,0,ctl,ok,0,0,1.8,43.4
mpp,0.0,2,w48-qpsk-r1/5,w48,19,2,1,data,ok,17,17,1.1,43.4
mpp,0.0,2,ack-4f,w,3,3,0,ctl,ok,0,0,2.4,43.4
mpp,0.0,2,w48-qpsk-r1/5,w48,19,2,1,data,ok,17,17,1.6,43.4
mpp,0.0,2,ack-4f,w,3,3,0,ctl,ok,0,0,4.8,43.4
mpp,0.0,2,w48-qpsk-r1/5,w48,19,2,1,data,ok,17,17,2.0,43.4
mpp,0.0,2,ack-4f,w,3,3,0,ctl,ok,0,0,3.5,43.4
mpp,0.0,2,w48-qpsk-r1/5,w48,19,2,1,data,ok,17,17,2.1,43.4
mpp,0.0,2,ack-4f,w,3,3,0,ctl,ok,0,0,5.0,43.4
mpp,0.0,2,w48-qpsk-r1/5,w48,19,2,1,data,ok,17,17,2.0,43.4
mpp,0.0,2,ack-4f,w,3,3,0,ctl,ok,0,0,7.2,43.4
mpp,0.0,2,w48-qpsk-r1/5,w48,19,2,1,data,ok,17,17,1.2,43.4
mpp,0.0,2,ack-1f,w,3,3,0,ctl,ok,0,0,-0.2,43.4
mpp,0.0,2,w48-qpsk-r1/5,w48,19,2,1,data,ok,17,17,0.4,43.4
mpp,0.0,2,ack-4f,w,3,3,0,ctl,ok,0,0,2.6,43.4
mpp,0.0,2,w48-qpsk-r1/5,w48,19,2,1,data,ok,17,17,3.7,43.4
mpp,0.0,2,ack-4f,w,2,2,0,ctl,ok,0,0,3.2,43.4
mpp,0.0,2,w48-qpsk-r1/5,w48,19,1,0,data,ok,18,18,1.5,43.4
mpp,0.0,2,ack-4f,w,2,2,0,ctl,ok,0,0,3.8,43.4
mpp,0.0,2,w48-qpsk-r1/5,w48,19,1,0,data,ok,18,18,1.4,43.4
mpp,0.0,2,ack-4f,w,2,2,0,ctl,ok,0,0,2.9,43.4
mpp,0.0,2,w48-qpsk-r1/5,w48,19,1,0,data,ok,18,18,1.4,43.4
mpp,0.0,2,ack-4f,w,2,2,0,ctl,ok,0,0,6.0,43.4
mpp,0.0,6,qpsk-r1/5,w,1,1,0,ctl,ok,0,0,4.6,48.9
mpp,0.0,6,qpsk-r1/5,w,1,1,0,ctl,ok,0,0,4.8,48.9
mpp,0.0,6,ack-4f,w,3,3,0,ctl,ok,0,0,0.8,48.9
mpp,0.0,6,ack-1f,w,3,3,0,ctl,ok,0,0,4.7,48.9
mpp,0.0,6,qpsk-r1/3,w,9,2,1,data,ok,7,7,3.3,48.9
mpp,0.0,6,ack-1f,w,2,2,0,ctl,ok,0,0,0.0,48.9
mpp,0.0,6,qpsk-r1/3,w,9,1,0,data,ok,8,8,4.0,48.9
mpp,0.0,6,ack-1f,w,3,3,0,ctl,ok,0,0,1.3,48.9
mpp,0.0,6,qpsk-r1/2,w,9,2,1,data,ok,7,7,3.9,48.9
mpp,0.0,6,ack-1f,w,3,3,0,ctl,ok,0,0,4.6,48.9
mpp,0.0,6,qpsk-r1/2,w,9,2,1,data,ok,7,0,1.3,48.9
mpp,0.0,6,ack-1f,w,3,3,0,ctl,ok,0,0,0.7,48.9
mpp,0.0,6,qpsk-r1/3,w,9,2,1,data,ok,7,7,3.6,48.9
mpp,0.0,6,ack-1f,w,2,2,0,ctl,ok,0,0,2.7,48.9
mpp,0.0,6,qpsk-r1/3,w,9,1,0,data,ok,8,8,2.5,48.9
mpp,0.0,6,ack-1f,w,2,2,0,ctl,ok,0,0,5.4,48.9
mpp,0.0,6,qpsk-r1/3,w,9,1,0,data,ok,8,8,3.8,48.9
mpp,0.0,6,ack-1f,w,3,3,0,ctl,ok,0,0,4.8,48.9
mpp,0.0,6,qpsk-r1/2,w,9,2,1,data,ok,7,6,3.3,48.9
mpp,0.0,6,ack-1f,w,3,3,0,ctl,ok,0,0,4.3,48.9
mpp,0.0,6,qpsk-r1/2,w,9,2,1,data,ok,6,6,4.2,48.9
mpp,0.0,6,ack-1f,w,3,3,0,ctl,ok,0,0,1.1,48.9
mpp,0.0,6,qpsk-r1/2,w,9,2,1,data,ok,7,7,3.5,48.9
mpp,0.0,6,ack-1f,w,3,3,0,ctl,ok,0,0,3.4,48.9
mpp,0.0,6,qpsk-r1/2,w,9,2,1,data,ok,7,7,3.5,48.9
mpp,0.0,6,ack-1f,w,3,3,0,ctl,ok,0,0,5.7,48.9
mpp,0.0,6,qpsk-r1/2,w,9,2,1,data,ok,7,7,4.6,48.9
mpp,0.0,6,ack-1f,w,2,2,0,ctl,ok,0,0,3.5,48.9
mpp,0.0,6,qpsk-r1/2,w,9,1,0,data,ok,8,8,4.6,48.9
mpp,0.0,6,ack-1f,w,2,2,0,ctl,ok,0,0,0.3,48.9
mpp,0.0,6,qpsk-r1/2,w,9,1,0,data,ok,8,8,3.8,48.9
mpp,0.0,6,ack-1f,w,2,2,0,ctl,ok,0,0,5.9,48.9
mpp,0.0,6,qpsk-r1/2,w,9,1,0,data,ok,8,8,4.7,48.9
mpp,0.0,6,ack-1f,w,2,2,0,ctl,ok,0,0,3.8,48.9
mpp,0.0,6,qpsk-r1/2,w,9,1,0,data,ok,8,8,3.7,48.9
mpp,0.0,6,ack-1f,w,2,2,0,ctl,ok,0,0,1.7,48.9
mpp,0.0,6,qpsk-r1/2,w,9,1,0,data,ok,8,3,2.7,48.9
mpp,0.0,6,ack-1f,w,3,3,0,ctl,ok,0,0,3.7,48.9
mpp,0.0,6,qpsk-r1/2,w,9,2,1,data,ok,2,2,4.0,48.9
mpp,0.0,6,ack-1f,w,2,2,0,ctl,ctl_lost,0,0,-3.9,48.9
mpp,0.0,6,ack-4f,w,3,3,0,ctl,ok,0,0,4.2,48.9
mpp,0.0,6,ack-4f,w,2,2,0,ctl,ok,0,0,2.8,48.9
mpp,0.0,6,qpsk-r1/2,w,9,1,0,data,ok,8,8,3.3,48.9
mpp,0.0,6,ack-4f,w,2,2,0,ctl,ok,0,0,3.2,48.9
mpp,0.0,6,qpsk-r1/2,w,9,1,0,data,ok,8,8,3.1,48.9
mpp,0.0,6,ack-4f,w,2,2,0,ctl,ok,0,0,0.7,48.9
mpp,0.0,6,qpsk-r1/2,w,9,1,0,data,ok,8,8,3.7,48.9
mpp,0.0,6,ack-4f,w,2,2,0,ctl,ok,0,0,-0.3,48.9
mpp,0.0,6,qpsk-r1/2,w,9,1,0,data,ctl_lost,8,0,2.0,48.9
mpp,0.0,6,ack-4f,w,3,3,0,ctl,ok,0,0,2.5,48.9
mpp,0.0,6,ack-4f,w,3,3,0,ctl,ok,0,0,4.2,48.9
mpp,0.0,6,qpsk-r1/3,w,9,2,1,data,ok,7,7,4.1,48.9
mpp,0.0,6,ack-4f,w,3,3,0,ctl,ok,0,0,5.9,48.9
mpp,0.0,6,qpsk-r1/2,w,9,2,1,data,ok,7,7,3.1,48.9
mpp,0.0,6,ack-1f,w,3,3,0,ctl,ok,0,0,4.2,48.9
mpp,0.0,6,qpsk-r1/2,w,9,2,1,data,ok,7,0,2.0,48.9
mpp,0.0,6,ack-1f,w,2,2,0,ctl,ok,0,0,4.9,48.9
mpp,0.0,6,qpsk-r1/3,w,9,1,0,data,ok,8,8,3.0,48.9
mpp,0.0,6,ack-1f,w,2,2,0,ctl,ok,0,0,-0.9,48.9
mpp,0.0,6,qpsk-r1/3,w,9,1,0,data,ok,8,8,4.2,48.9
mpp,0.0,6,ack-4f,w,2,2,0,ctl,ok,0,0,3.9,48.9
mpp,0.0,6,qpsk-r1/2,w,9,1,0,data,ok,8,8,4.3,48.9
mpp,0.0,6,ack-1f,w,2,2,0,ctl,ok,0,0,2.7,48.9
mpp,0.0,6,qpsk-r1/2,w,9,1,0,data,ok,8,8,2.9,48.9
mpp,0.0,6,ack-1f,w,2,2,0,ctl,ok,0,0,4.3,48.9
mpp,0.0,6,qpsk-r1/2,w,9,1,0,data,ok,8,8,3.4,48.9
mpp,0.0,6,ack-1f,w,3,3,0,ctl,ok,0,0,1.9,48.9
mpp,0.0,6,qpsk-r1/2,w,9,2,1,data,ok,7,7,4.0,48.9
mpp,0.0,6,ack-1f,w,2,2,0,ctl,ok,0,0,2.1,48.9
mpp,0.0,6,qpsk-r1/2,w,9,1,0,data,ok,8,6,2.6,48.9
mpp,0.0,6,ack-1f,w,3,3,0,ctl,ok,0,0,5.3,48.9
mpp,0.0,6,qpsk-r1/2,w,9,2,1,data,ok,5,5,3.8,48.9
mpp,0.0,6,ack-1f,w,2,2,0,ctl,ok,0,0,4.0,48.9
mpp,0.0,6,qpsk-r1/2,w,9,1,0,data,ok,8,8,3.2,48.9
mpp,0.0,6,ack-1f,w,2,2,0,ctl,ok,0,0,5.5,48.9
mpp,0.0,6,qpsk-r1/2,w,9,1,0,data,ok,8,8,3.3,48.9
mpp,0.0,6,ack-1f,w,2,2,0,ctl,ok,0,0,3.5,48.9
mpp,0.0,6,qpsk-r1/2,w,9,1,0,data,ctl_lost,8,0,2.4,48.9
mpp,0.0,6,ack-4f,w,3,3,0,ctl,ok,0,0,4.9,48.9
mpp,0.0,6,ack-4f,w,3,3,0,ctl,ok,0,0,1.7,48.9
mpp,0.0,6,qpsk-r1/2,w,9,2,1,data,ok,7,7,3.5,48.9
mpp,0.0,6,ack-1f,w,3,3,0,ctl,ok,0,0,3.4,48.9
mpp,0.0,6,qpsk-r1/2,w,9,2,1,data,ok,7,7,3.7,48.9
mpp,0.0,6,ack-1f,w,2,2,0,ctl,ok,0,0,4.4,48.9
mpp,0.0,6,qpsk-r1/2,w,9,1,0,data,ok,8,8,3.9,48.9
mpp,0.0,6,ack-1f,w,2,2,0,ctl,ok,0,0,1.7,48.9
mpp,0.0,6,qpsk-r1/2,w,9,1,0,data,ok,8,8,3.9,48.9
mpp,0.0,6,ack-1f,w,2,2,0,ctl,ok,0,0,6.5,48.9
mpp,0.0,6,qpsk-r1/2,w,9,1,0,data,ctl_lost,8,0,1.3,48.9
mpp,0.0,6,ack-4f,w,3,3,0,ctl,ok,0,0,1.6,48.9
mpp,0.0,6,ack-4f,w,3,3,0,ctl,ok,0,0,3.6,48.9
mpp,0.0,6,qpsk-r1/3,w,9,2,1,data,ok,7,7,3.9,48.9
mpp,0.0,6,ack-1f,w,3,3,0,ctl,ok,0,0,6.2,48.9
mpp,0.0,6,qpsk-r1/2,w,9,2,1,data,ok,7,7,3.1,48.9
mpp,0.0,6,ack-1f,w,3,3,0,ctl,ok,0,0,3.0,48.9
mpp,0.0,6,qpsk-r1/2,w,9,2,1,data,ok,7,0,0.8,48.9
mpp,0.0,6,ack-1f,w,2,2,0,ctl,ok,0,0,0.2,48.9
mpp,0.0,6,qpsk-r1/3,w,9,1,0,data,ok,8,8,4.1,48.9
mpp,0.0,4,qpsk-r1/5,w,1,1,0,ctl,ok,0,0,6.3,39.5
mpp,0.0,4,qpsk-r1/5,w,1,1,0,ctl,ok,0,0,3.5,39.5
mpp,0.0,4,ack-4f,w,3,3,0,ctl,ok,0,0,4.6,39.5
mpp,0.0,4,ack-1f,w,3,3,0,ctl,ok,0,0,1.5,39.5
mpp,0.0,4,qpsk-r1/2,w,9,2,1,data,ok,7,7,4.1,39.5
mpp,0.0,4,ack-1f,w,3,3,0,ctl,ctl_lost,0,0,-2.6,39.5
mpp,0.0,4,ack-4f,w,3,3,0,ctl,ok,0,0,2.8,39.5
mpp,0.0,4,ack-4f,w,2,2,0,ctl,ok,0,0,4.3,39.5
mpp,0.0,4,qpsk-r1/3,w,9,1,0,data,ok,8,8,3.8,39.5
mpp,0.0,4,ack-4f,w,3,3,0,ctl,ok,0,0,1.4,39.5
mpp,0.0,4,qpsk-r1/2,w,9,2,1,data,ok,7,0,2.0,39.5
mpp,0.0,4,ack-4f,w,3,3,0,ctl,ok,0,0,1.7,39.5
mpp,0.0,4,qpsk-r1/3,w,9,2,1,data,ok,7,7,3.9,39.5
mpp,0.0,4,ack-4f,w,3,3,0,ctl,ok,0,0,3.9,39.5
mpp,0.0,4,qpsk-r1/2,w,9,2,1,data,ok,7,6,2.1,39.5
mpp,0.0,4,ack-4f,w,3,3,0,ctl,ok,0,0,1.8,39.5
mpp,0.0,4,qpsk-r1/2,w,9,2,1,data,ok,6,6,3.8,39.5
mpp,0.0,4,ack-4f,w,3,3,0,ctl,ok,0,0,2.6,39.5
mpp,0.0,4,qpsk-r1/2,w,9,2,1,data,ok,7,4,3.2,39.5
mpp,0.0,4,ack-4f,w,3,3,0,ctl,ok,0,0,3.0,39.5
mpp,0.0,4,qpsk-r1/2,w,9,2,1,data,ok,4,4,3.5,39.5
mpp,0.0,4,ack-4f,w,3,3,0,ctl,ok,0,0,5.0,39.5
mpp,0.0,4,qpsk-r1/2,w,9,2,1,data,ok,7,7,4.0,39.5
mpp,0.0,4,ack-4f,w,2,2,0,ctl,ok,0,0,-1.2,39.5
mpp,0.0,4,qpsk-r1/2,w,9,1,0,data,ok,8,8,3.4,39.5
mpp,0.0,4,ack-4f,w,2,2,0,ctl,ok,0,0,4.1,39.5
mpp,0.0,4,qpsk-r1/2,w,9,1,0,data,ctl_lost,8,0,2.3,39.5
mpp,0.0,4,ack-4f,w,3,3,0,ctl,ok,0,0,1.7,39.5
mpp,0.0,4,ack-4f,w,3,3,0,ctl,ok,0,0,2.2,39.5
mpp,0.0,4,qpsk-r1/3,w,9,2,1,data,ok,7,7,3.5,39.5
mpp,0.0,4,ack-4f,w,2,2,0,ctl,ok,0,0,2.3,39.5
mpp,0.0,4,qpsk-r1/3,w,9,1,0,data,ok,8,8,3.7,39.5
mpp,0.0,4,ack-4f,w,3,3,0,ctl,ok,0,0,4.2,39.5
mpp,0.0,4,qpsk-r1/2,w,9,2,1,data,ok,7,0,2.2,39.5
mpp,0.0,4,ack-4f,w,2,2,0,ctl,ok,0,0,3.2,39.5
mpp,0.0,4,qpsk-r1/3,w,9,1,0,data,ok,8,8,4.4,39.5
mpp,0.0,4,ack-4f,w,3,3,0,ctl,ok,0,0,4.2,39.5
mpp,0.0,4,qpsk-r1/2,w,9,2,1,data,ok,7,7,3.8,39.5
mpp,0.0,4,ack-4f,w,3,3,0,ctl,ok,0,0,6.3,39.5
mpp,0.0,4,qpsk-r1/2,w,9,2,1,data,ok,7,7,2.8,39.5
mpp,0.0,4,ack-1f,w,3,3,0,ctl,ok,0,0,4.4,39.5
mpp,0.0,4,qpsk-r1/2,w,9,2,1,data,ok,7,7,4.0,39.5
mpp,0.0,4,ack-1f,w,3,3,0,ctl,ok,0,0,3.5,39.5
mpp,0.0,4,qpsk-r1/2,w,9,2,1,data,ok,7,7,3.5,39.5
mpp,0.0,4,ack-1f,w,2,2,0,ctl,ok,0,0,1.8,39.5
mpp,0.0,4,qpsk-r1/2,w,9,1,0,data,ok,8,8,3.2,39.5
mpp,0.0,4,ack-4f,w,3,3,0,ctl,ok,0,0,5.4,39.5
mpp,0.0,4,qpsk-r1/2,w,9,2,1,data,ok,7,7,3.3,39.5
mpp,0.0,4,ack-1f,w,3,3,0,ctl,ok,0,0,0.8,39.5
mpp,0.0,4,qpsk-r1/2,w,9,2,1,data,ok,7,7,3.3,39.5
mpp,0.0,4,ack-4f,w,3,3,0,ctl,ok,0,0,1.9,39.5
mpp,0.0,4,qpsk-r1/2,w,9,2,1,data,ok,7,0,2.5,39.5
mpp,0.0,4,ack-4f,w,3,3,0,ctl,ok,0,0,3.1,39.5
mpp,0.0,4,qpsk-r1/2,w,9,2,1,data,ok,0,0,3.9,39.5
mpp,0.0,4,ack-4f,w,2,2,0,ctl,ok,0,0,4.8,39.5
mpp,0.0,4,qpsk-r1/2,w,9,1,0,data,ok,8,5,2.8,39.5
mpp,0.0,4,ack-1f,w,3,3,0,ctl,ok,0,0,5.7,39.5
mpp,0.0,4,qpsk-r1/2,w,9,1,0,data,ok,5,5,2.9,39.5
mpp,0.0,4,ack-1f,w,2,2,0,ctl,ok,0,0,3.8,39.5
mpp,0.0,4,qpsk-r1/2,w,9,1,0,data,ctl_lost,8,0,1.5,39.5
mpp,0.0,4,ack-4f,w,3,3,0,ctl,ok,0,0,4.3,39.5
mpp,0.0,4,ack-4f,w,3,3,0,ctl,ok,0,0,2.1,39.5
mpp,0.0,4,qpsk-r1/2,w,9,2,1,data,ok,7,0,0.4,39.5
mpp,0.0,4,ack-4f,w,3,3,0,ctl,ok,0,0,3.8,39.5
mpp,0.0,4,qpsk-r1/3,w,9,2,1,data,ok,7,7,3.3,39.5
mpp,0.0,4,ack-4f,w,2,2,0,ctl,ok,0,0,4.1,39.5
mpp,0.0,4,qpsk-r1/3,w,9,1,0,data,ok,8,8,3.9,39.5
mpp,0.0,4,ack-4f,w,2,2,0,ctl,ok,0,0,2.8,39.5
mpp,0.0,4,qpsk-r1/2,w,9,1,0,data,ctl_lost,8,0,1.1,39.5
mpp,0.0,4,ack-4f,w,3,3,0,ctl,ok,0,0,3.3,39.5
mpp,0.0,4,ack-4f,w,3,3,0,ctl,ok,0,0,5.3,39.5
mpp,0.0,4,qpsk-r1/3,w,9,2,1,data,ok,7,7,3.4,39.5
mpp,0.0,4,ack-1f,w,2,2,0,ctl,ok,0,0,5.6,39.5
mpp,0.0,4,qpsk-r1/3,w,9,1,0,data,ok,8,8,2.4,39.5
mpp,0.0,4,ack-1f,w,2,2,0,ctl,ok,0,0,0.8,39.5
mpp,0.0,4,qpsk-r1/3,w,9,1,0,data,ok,8,8,4.6,39.5
mpp,0.0,4,ack-1f,w,3,3,0,ctl,ok,0,0,2.8,39.5
mpp,0.0,4,qpsk-r1/2,w,9,2,1,data,ok,7,7,5.1,39.5
mpp,0.0,4,ack-4f,w,2,2,0,ctl,ok,0,0,3.3,39.5
mpp,0.0,4,qpsk-r1/2,w,9,1,0,data,ok,8,8,3.7,39.5
mpp,0.0,4,ack-1f,w,2,2,0,ctl,ok,0,0,0.8,39.5
mpp,0.0,4,qpsk-r1/2,w,9,1,0,data,ctl_lost,8,0,0.3,39.5
mpp,0.0,4,ack-4f,w,3,3,0,ctl,ok,0,0,2.9,39.5
mpp,0.0,4,ack-4f,w,3,3,0,ctl,ok,0,0,3.4,39.5
mpp,0.0,4,qpsk-r1/3,w,9,2,1,data,ok,7,7,4.1,39.5
mpp,0.0,4,ack-1f,w,2,2,0,ctl,ctl_lost,0,0,0.2,39.5
mpp,0.0,4,ack-4f,w,4,4,0,ctl,ok,0,0,6.3,39.5
mpp,0.0,4,ack-4f,w,3,3,0,ctl,ok,0,0,3.1,39.5
mpp,0.0,4,qpsk-r1/2,w,9,2,1,data,ok,7,7,4.5,39.5
mpp,0.0,4,ack-4f,w,2,2,0,ctl,ok,0,0,3.1,39.5
mpp,0.0,4,qpsk-r1/2,w,9,1,0,data,ok,8,8,3.9,39.5
mpp,0.0,4,ack-4f,w,3,3,0,ctl,ok,0,0,4.2,39.5
mpp,0.0,4,qpsk-r1/2,w,9,2,1,data,ok,7,7,5.0,39.5
mpp,0.0,4,ack-4f,w,3,3,0,ctl,ok,0,0,2.3,39.5
mpp,0.0,4,qpsk-r1/2,w,9,2,1,data,ok,7,0,1.2,39.5
mpp,0.0,7,qpsk-r1/5,w,1,1,0,ctl,ok,0,0,2.1,45.9
mpp,0.0,7,qpsk-r1/5,w,1,1,0,ctl,ok,0,0,3.2,45.9
mpp,0.0,7,ack-4f,w,3,3,0,ctl,ok,0,0,1.7,45.9
mpp,0.0,7,ack-1f,w,3,3,0,ctl,ok,0,0,6.4,45.9
mpp,0.0,7,qpsk-r1/3,w,9,2,1,data,ok,7,7,1.9,45.9
mpp,0.0,7,ack-1f,w,3,3,0,ctl,ok,0,0,1.0,45.9
mpp,0.0,7,qpsk-r1/3,w,9,2,1,data,ok,7,7,3.6,45.9
mpp,0.0,7,ack-1f,w,2,2,0,ctl,ok,0,0,3.0,45.9
mpp,0.0,7,qpsk-r1/3,w,9,1,0,data,ok,8,8,4.1,45.9
mpp,0.0,7,ack-1f,w,3,3,0,ctl,ok,0,0,1.7,45.9
mpp,0.0,7,qpsk-r1/2,w,9,2,1,data,ok,7,7,4.5,45.9
mpp,0.0,7,ack-1f,w,3,3,0,ctl,ok,0,0,2.3,45.9
mpp,0.0,7,qpsk-r1/2,w,9,2,1,data,ok,7,7,3.1,45.9
mpp,0.0,7,ack-1f,w,3,3,0,ctl,ok,0,0,6.2,45.9
mpp,0.0,7,qpsk-r1/2,w,9,2,1,data,ok,7,7,4.5,45.9
mpp,0.0,7,ack-1f,w,3,3,0,ctl,ok,0,0,4.2,45.9
mpp,0.0,7,qpsk-r1/2,w,9,2,1,data,ok,7,0,2.3,45.9
mpp,0.0,7,ack-1f,w,2,2,0,ctl,ok,0,0,7.0,45.9
mpp,0.0,7,qpsk-r1/3,w,9,1,0,data,ok,8,8,3.3,45.9
mpp,0.0,7,ack-1f,w,2,2,0,ctl,ok,0,0,-0.3,45.9
mpp,0.0,7,qpsk-r1/3,w,9,1,0,data,ok,8,8,4.2,45.9
mpp,0.0,7,ack-1f,w,3,3,0,ctl,ok,0,0,-1.6,45.9
mpp,0.0,7,qpsk-r1/2,w,9,2,1,data,ok,7,7,3.6,45.9
mpp,0.0,7,ack-4f,w,3,3,0,ctl,ok,0,0,2.8,45.9
mpp,0.0,7,qpsk-r1/2,w,9,2,1,data,ok,7,7,3.7,45.9
mpp,0.0,7,ack-1f,w,3,3,0,ctl,ok,0,0,5.7,45.9
mpp,0.0,7,qpsk-r1/2,w,9,2,1,data,ok,7,0,2.0,45.9
mpp,0.0,7,ack-1f,w,2,2,0,ctl,ok,0,0,2.9,45.9
mpp,0.0,7,qpsk-r1/3,w,9,1,0,data,ok,8,8,4.3,45.9
mpp,0.0,7,ack-1f,w,3,3,0,ctl,ok,0,0,5.4,45.9
mpp,0.0,7,qpsk-r1/2,w,9,2,1,data,ok,7,7,4.7,45.9
mpp,0.0,7,ack-1f,w,2,2,0,ctl,ok,0,0,7.7,45.9
mpp,0.0,7,qpsk-r1/2,w,9,1,0,data,ok,8,8,3.6,45.9
mpp,0.0,7,ack-1f,w,2,2,0,ctl,ok,0,0,7.3,45.9
mpp,0.0,7,qpsk-r1/2,w,9,1,0,data,ok,8,8,4.1,45.9
mpp,0.0,7,ack-1f,w,2,2,0,ctl,ok,0,0,1.9,45.9
mpp,0.0,7,qpsk-r1/2,w,9,1,0,data,ctl_lost,8,0,2.4,45.9
mpp,0.0,7,ack-4f,w,3,3,0,ctl,ok,0,0,3.6,45.9
mpp,0.0,7,ack-4f,w,2,2,0,ctl,ok,0,0,2.7,45.9
mpp,0.0,7,qpsk-r1/3,w,9,1,0,data,ok,8,8,3.5,45.9
mpp,0.0,7,ack-1f,w,3,3,0,ctl,ok,0,0,2.1,45.9
mpp,0.0,7,qpsk-r1/2,w,9,2,1,data,ok,7,7,3.4,45.9
mpp,0.0,7,ack-1f,w,3,3,0,ctl,ok,0,0,7.0,45.9
mpp,0.0,7,qpsk-r1/2,w,9,2,1,data,ok,7,7,3.7,45.9
mpp,0.0,7,ack-1f,w,3,3,0,ctl,ok,0,0,1.7,45.9
mpp,0.0,7,qpsk-r1/2,w,9,2,1,data,ok,7,7,4.8,45.9
mpp,0.0,7,ack-1f,w,2,2,0,ctl,ok,0,0,3.4,45.9
mpp,0.0,7,qpsk-r1/2,w,9,1,0,data,ok,8,8,2.9,45.9
mpp,0.0,7,ack-1f,w,2,2,0,ctl,ctl_lost,0,0,-2.6,45.9
mpp,0.0,7,ack-4f,w,3,3,0,ctl,ok,0,0,4.3,45.9
mpp,0.0,7,ack-4f,w,3,3,0,ctl,ok,0,0,2.2,45.9
mpp,0.0,7,qpsk-r1/2,w,9,2,1,data,ok,7,7,4.1,45.9
mpp,0.0,7,ack-4f,w,2,2,0,ctl,ok,0,0,0.2,45.9
mpp,0.0,7,qpsk-r1/2,w,9,1,0,data,ok,8,8,3.9,45.9
mpp,0.0,7,ack-4f,w,2,2,0,ctl,ok,0,0,-0.4,45.9
mpp,0.0,7,qpsk-r1/2,w,9,1,0,data,ok,8,8,4.4,45.9
mpp,0.0,7,ack-4f,w,2,2,0,ctl,ok,0,0,4.7,45.9
mpp,0.0,7,qpsk-r1/2,w,9,1,0,data,ok,8,8,4.1,45.9
mpp,0.0,7,ack-4f,w,2,2,0,ctl,ok,0,0,4.5,45.9
mpp,0.0,7,qpsk-r1/2,w,9,1,0,data,ok,8,8,5.0,45.9
mpp,0.0,7,ack-1f,w,2,2,0,ctl,ok,0,0,2.1,45.9
mpp,0.0,7,qpsk-r1/2,w,9,1,0,data,ok,8,8,3.4,45.9
mpp,0.0,7,ack-1f,w,2,2,0,ctl,ok,0,0,-0.6,45.9
mpp,0.0,7,qpsk-r1/2,w,9,1,0,data,ctl_lost,8,0,1.7,45.9
mpp,0.0,7,ack-4f,w,3,3,0,ctl,ok,0,0,3.0,45.9
mpp,0.0,7,ack-4f,w,2,2,0,ctl,ok,0,0,-1.4,45.9
mpp,0.0,7,qpsk-r1/3,w,9,1,0,data,ok,8,8,3.2,45.9
mpp,0.0,7,ack-4f,w,2,2,0,ctl,ok,0,0,6.1,45.9
mpp,0.0,7,qpsk-r1/3,w,9,1,0,data,ok,8,8,4.1,45.9
mpp,0.0,7,ack-1f,w,3,3,0,ctl,ok,0,0,3.5,45.9
mpp,0.0,7,qpsk-r1/2,w,9,2,1,data,ok,7,7,3.8,45.9
mpp,0.0,7,ack-1f,w,3,3,0,ctl,ok,0,0,-0.1,45.9
mpp,0.0,7,qpsk-r1/2,w,9,2,1,data,ok,7,0,2.3,45.9
mpp,0.0,7,ack-4f,w,3,3,0,ctl,ok,0,0,4.0,45.9
mpp,0.0,7,qpsk-r1/2,w,9,2,1,data,ok,1,1,4.2,45.9
mpp,0.0,7,ack-1f,w,3,3,0,ctl,ok,0,0,0.9,45.9
mpp,0.0,7,qpsk-r1/2,w,9,2,1,data,ok,7,7,4.3,45.9
mpp,0.0,7,ack-4f,w,2,2,0,ctl,ok,0,0,2.4,45.9
mpp,0.0,7,qpsk-r1/2,w,9,1,0,data,ok,8,7,3.3,45.9
mpp,0.0,7,ack-1f,w,3,3,0,ctl,ok,0,0,3.5,45.9
mpp,0.0,7,qpsk-r1/2,w,9,1,0,data,ctl_lost,7,7,3.1,45.9
mpp,0.0,7,ack-4f,w,3,3,0,ctl,ok,0,0,2.0,45.9
mpp,0.0,7,ack-4f,w,3,3,0,ctl,ok,0,0,4.2,45.9
mpp,0.0,7,qpsk-r1/2,w,9,2,1,data,ok,6,6,5.3,45.9
mpp,0.0,7,ack-1f,w,2,2,0,ctl,ok,0,0,3.9,45.9
mpp,0.0,7,qpsk-r1/2,w,9,1,0,data,ok,8,2,2.2,45.9
mpp,0.0,7,ack-1f,w,3,3,0,ctl,ok,0,0,4.9,45.9
mpp,0.0,7,qpsk-r1/2,w,9,2,1,data,ok,1,1,3.6,45.9
mpp,0.0,7,ack-1f,w,3,3,0,ctl,ok,0,0,3.1,45.9
mpp,0.0,7,qpsk-r1/2,w,9,2,1,data,ok,7,7,2.8,45.9
mpp,0.0,7,ack-1f,w,3,3,0,ctl,ok,0,0,3.2,45.9
mpp,0.0,7,qpsk-r1/2,w,9,2,1,data,ok,7,7,3.9,45.9
mpp,0.0,7,ack-1f,w,2,2,0,ctl,ok,0,0,1.4,45.9
mpp,0.0,7,qpsk-r1/2,w,9,1,0,data,ctl_lost,8,1,2.3,45.9
mpp,0.0,7,ack-4f,w,3,3,0,ctl,ok,0,0,1.7,45.9
mpp,0.0,7,ack-4f,w,2,2,0,ctl,ok,0,0,4.1,45.9
mpp,0.0,7,qpsk-r1/3,w,9,1,0,data,ok,8,8,3.0,45.9
mpp,0.0,8,qpsk-r1/5,w,1,1,0,ctl,ok,0,0,4.0,51.4
mpp,0.0,8,qpsk-r1/5,w,1,1,0,ctl,ok,0,0,6.9,51.4
mpp,0.0,8,ack-4f,w,3,3,0,ctl,ok,0,0,1.7,51.4
mpp,0.0,8,ack-1f,w,3,3,0,ctl,ok,0,0,5.8,51.4
mpp,0.0,8,qpsk-r1/3,w,9,2,1,data,ok,7,7,3.5,51.4
mpp,0.0,8,ack-1f,w,2,2,0,ctl,ok,0,0,0.1,51.4
mpp,0.0,8,qpsk-r1/3,w,9,1,0,data,ok,8,8,4.2,51.4
mpp,0.0,8,ack-1f,w,3,3,0,ctl,ok,0,0,3.1,51.4
mpp,0.0,8,qpsk-r1/2,w,9,2,1,data,ok,7,5,2.9,51.4
mpp,0.0,8,ack-1f,w,3,3,0,ctl,ok,0,0,6.4,51.4
mpp,0.0,8,qpsk-r1/2,w,9,2,1,data,ok,5,0,2.4,51.4
mpp,0.0,8,ack-1f,w,3,3,0,ctl,ok,0,0,4.9,51.4
mpp,0.0,8,qpsk-r1/2,w,9,2,1,data,ok,4,4,4.0,51.4
mpp,0.0,8,ack-1f,w,3,3,0,ctl,ok,0,0,4.5,51.4
mpp,0.0,8,qpsk-r1/2,w,9,2,1,data,ok,7,7,3.4,51.4
mpp,0.0,8,ack-1f,w,3,3,0,ctl,ok,0,0,2.2,51.4
mpp,0.0,8,qpsk-r1/2,w,9,2,1,data,ok,7,0,2.5,51.4
mpp,0.0,8,ack-1f,w,3,3,0,ctl,ok,0,0,1.4,51.4
mpp,0.0,8,qpsk-r1/3,w,9,2,1,data,ok,7,7,4.0,51.4
mpp,0.0,8,ack-1f,w,3,3,0,ctl,ctl_lost,0,0,-4.6,51.4
mpp,0.0,8,ack-4f,w,4,4,0,ctl,ok,0,0,5.3,51.4
mpp,0.0,8,ack-4f,w,2,2,0,ctl,ok,0,0,3.9,51.4
mpp,0.0,8,qpsk-r1/2,w,9,1,0,data,ok,8,8,3.3,51.4
mpp,0.0,8,ack-4f,w,3,3,0,ctl,ok,0,0,4.3,51.4
mpp,0.0,8,qpsk-r1/2,w,9,2,1,data,ok,7,7,3.0,51.4
mpp,0.0,8,ack-4f,w,3,3,0,ctl,ok,0,0,4.2,51.4
mpp,0.0,8,qpsk-r1/2,w,9,2,1,data,ok,7,4,3.0,51.4
mpp,0.0,8,ack-4f,w,3,3,0,ctl,ok,0,0,6.3,51.4
mpp,0.0,8,qpsk-r1/2,w,9,2,1,data,ok,4,4,3.7,51.4
mpp,0.0,8,ack-1f,w,2,2,0,ctl,ok,0,0,6.9,51.4
mpp,0.0,8,qpsk-r1/2,w,9,1,0,data,ok,8,8,3.9,51.4
mpp,0.0,8,ack-1f,w,2,2,0,ctl,ok,0,0,3.1,51.4
mpp,0.0,8,qpsk-r1/2,w,9,1,0,data,ok,8,8,4.3,51.4
mpp,0.0,8,ack-1f,w,2,2,0,ctl,ok,0,0,4.5,51.4
mpp,0.0,8,qpsk-r1/2,w,9,1,0,data,ok,8,8,4.4,51.4
mpp,0.0,8,ack-1f,w,2,2,0,ctl,ok,0,0,3.0,51.4
mpp,0.0,8,qpsk-r1/2,w,9,1,0,data,ok,8,8,3.0,51.4
mpp,0.0,8,ack-1f,w,2,2,0,ctl,ok,0,0,1.6,51.4
mpp,0.0,8,qpsk-r1/2,w,9,1,0,data,ok,8,8,3.9,51.4
mpp,0.0,8,ack-4f,w,2,2,0,ctl,ok,0,0,3.6,51.4
mpp,0.0,8,qpsk-r1/2,w,9,1,0,data,ok,8,8,4.0,51.4
mpp,0.0,8,ack-1f,w,2,2,0,ctl,ok,0,0,3.2,51.4
mpp,0.0,8,qpsk-r1/2,w,9,1,0,data,ok,8,8,3.6,51.4
mpp,0.0,8,ack-4f,w,2,2,0,ctl,ok,0,0,5.0,51.4
mpp,0.0,8,qpsk-r1/2,w,9,1,0,data,ctl_lost,8,0,0.5,51.4
mpp,0.0,8,ack-4f,w,3,3,0,ctl,ok,0,0,4.5,51.4
mpp,0.0,8,ack-4f,w,3,3,0,ctl,ok,0,0,4.1,51.4
mpp,0.0,8,qpsk-r1/2,w,9,2,1,data,ok,7,7,3.4,51.4
mpp,0.0,8,ack-1f,w,3,3,0,ctl,ok,0,0,3.4,51.4
mpp,0.0,8,qpsk-r1/2,w,9,2,1,data,ok,7,1,2.5,51.4
mpp,0.0,8,ack-1f,w,3,3,0,ctl,ok,0,0,3.5,51.4
mpp,0.0,8,qpsk-r1/2,w,9,2,1,data,ok,4,4,3.1,51.4
mpp,0.0,8,ack-1f,w,3,3,0,ctl,ok,0,0,4.2,51.4
mpp,0.0,8,qpsk-r1/2,w,9,2,1,data,ok,7,7,4.5,51.4
mpp,0.0,8,ack-1f,w,2,2,0,ctl,ok,0,0,4.5,51.4
mpp,0.0,8,qpsk-r1/2,w,9,1,0,data,ok,8,8,4.4,51.4
mpp,0.0,8,ack-1f,w,2,2,0,ctl,ok,0,0,2.1,51.4
mpp,0.0,8,qpsk-r1/2,w,9,1,0,data,ok,8,8,4.9,51.4
mpp,0.0,8,ack-1f,w,2,2,0,ctl,ok,0,0,4.4,51.4
mpp,0.0,8,qpsk-r1/2,w,9,1,0,data,ok,8,8,3.9,51.4
mpp,0.0,8,ack-1f,w,2,2,0,ctl,ok,0,0,6.3,51.4
mpp,0.0,8,qpsk-r1/2,w,9,1,0,data,ok,8,8,4.2,51.4
mpp,0.0,8,ack-1f,w,2,2,0,ctl,ok,0,0,6.7,51.4
mpp,0.0,8,qpsk-r1/2,w,9,1,0,data,ok,8,8,4.4,51.4
mpp,0.0,8,ack-1f,w,2,2,0,ctl,ok,0,0,4.0,51.4
mpp,0.0,8,qpsk-r1/2,w,9,1,0,data,ctl_lost,8,0,1.6,51.4
mpp,0.0,8,ack-4f,w,3,3,0,ctl,ok,0,0,-1.7,51.4
mpp,0.0,8,ack-4f,w,3,3,0,ctl,ok,0,0,2.5,51.4
mpp,0.0,8,qpsk-r1/3,w,9,2,1,data,ok,7,7,3.3,51.4
mpp,0.0,8,ack-1f,w,2,2,0,ctl,ok,0,0,2.2,51.4
mpp,0.0,8,qpsk-r1/3,w,9,1,0,data,ok,8,8,4.0,51.4
mpp,0.0,8,ack-1f,w,3,3,0,ctl,ok,0,0,5.5,51.4
mpp,0.0,8,qpsk-r1/2,w,9,2,1,data,ok,7,3,2.9,51.4
mpp,0.0,8,ack-1f,w,3,3,0,ctl,ok,0,0,5.6,51.4
mpp,0.0,8,qpsk-r1/2,w,9,2,1,data,ok,3,3,4.1,51.4
mpp,0.0,8,ack-1f,w,2,2,0,ctl,ok,0,0,3.7,51.4
mpp,0.0,8,qpsk-r1/2,w,9,1,0,data,ok,8,3,2.9,51.4
mpp,0.0,8,ack-1f,w,3,3,0,ctl,ok,0,0,3.7,51.4
mpp,0.0,8,qpsk-r1/2,w,9,2,1,data,ok,2,1,2.9,51.4
mpp,0.0,8,ack-1f,w,3,3,0,ctl,ok,0,0,1.4,51.4
mpp,0.0,8,qpsk-r1/2,w,9,2,1,data,ok,6,6,4.3,51.4
mpp,0.0,8,ack-1f,w,2,2,0,ctl,ok,0,0,5.8,51.4
mpp,0.0,8,qpsk-r1/2,w,9,1,0,data,ok,8,8,3.9,51.4
mpp,0.0,8,ack-1f,w,2,2,0,ctl,ok,0,0,1.6,51.4
mpp,0.0,8,qpsk-r1/2,w,9,1,0,data,ok,8,8,2.9,51.4
mpp,0.0,8,ack-1f,w,2,2,0,ctl,ok,0,0,4.9,51.4
mpp,0.0,8,qpsk-r1/2,w,9,1,0,data,ok,8,8,5.1,51.4
mpp,0.0,8,ack-1f,w,2,2,0,ctl,ok,0,0,0.5,51.4
mpp,0.0,8,qpsk-r1/2,w,9,1,0,data,ok,8,8,3.7,51.4
mpp,0.0,8,ack-1f,w,2,2,0,ctl,ok,0,0,0.1,51.4
mpp,0.0,8,qpsk-r1/2,w,9,1,0,data,ok,8,8,3.7,51.4
mpp,0.0,8,ack-1f,w,2,2,0,ctl,ok,0,0,2.9,51.4
mpp,0.0,8,qpsk-r1/2,w,9,1,0,data,ctl_lost,8,1,3.1,51.4
mpp,0.0,8,ack-4f,w,3,3,0,ctl,ok,0,0,5.2,51.4
mpp,0.0,8,ack-4f,w,3,3,0,ctl,ok,0,0,3.1,51.4
mpp,0.0,8,qpsk-r1/2,w,9,2,1,data,ok,7,7,3.8,51.4
mpp,0.0,8,ack-1f,w,2,2,0,ctl,ok,0,0,4.0,51.4
mpp,0.0,8,qpsk-r1/2,w,9,1,0,data,ok,8,8,3.8,51.4
mpp,8.0,0,qpsk-r1/5,w,1,1,0,ctl,ok,0,0,11.5,203.2
mpp,8.0,0,qpsk-r1/5,w,1,1,0,ctl,ok,0,0,9.2,203.2
mpp,8.0,0,ack-4f,w,3,3,0,ctl,ok,0,0,10.0,203.2
mpp,8.0,0,ack-1f,w,3,3,0,ctl,ok,0,0,13.7,203.2
mpp,8.0,0,w48-16qam-r1/3,w48,19,2,1,data,ok,17,17,10.0,203.2
mpp,8.0,0,ack-1f,w,2,2,0,ctl,ok,0,0,9.3,203.2
mpp,8.0,0,w48-16qam-r1/3,w48,19,1,0,data,ok,18,18,9.7,203.2
mpp,8.0,0,ack-1f,w,2,2,0,ctl,ok,0,0,9.2,203.2
mpp,8.0,0,w48-16qam-r1/3,w48,19,1,0,data,ok,18,18,9.8,203.2
mpp,8.0,0,ack-1f,w,2,2,0,ctl,ok,0,0,11.7,203.2
mpp,8.0,0,w48-16qam-r1/3,w48,19,1,0,data,ok,18,18,10.5,203.2
mpp,8.0,0,ack-1f,w,2,2,0,ctl,ok,0,0,16.0,203.2
mpp,8.0,0,w48-16qam-r1/3,w48,19,1,0,data,ok,18,18,9.5,203.2
mpp,8.0,0,ack-1f,w,2,2,0,ctl,ok,0,0,2.9,203.2
mpp,8.0,0,w48-16qam-r1/3,w48,19,1,0,data,ok,18,18,9.1,203.2
mpp,8.0,0,ack-1f,w,2,2,0,ctl,ok,0,0,9.1,203.2
mpp,8.0,0,w48-16qam-r1/3,w48,19,1,0,data,ok,18,18,10.2,203.2
mpp,8.0,0,ack-1f,w,2,2,0,ctl,ok,0,0,8.4,203.2
mpp,8.0,0,w48-16qam-r1/3,w48,19,1,0,data,ok,18,18,10.4,203.2
mpp,8.0,0,ack-1f,w,2,2,0,ctl,ok,0,0,8.6,203.2
mpp,8.0,0,w48-16qam-r1/3,w48,19,1,0,data,ok,18,18,10.2,203.2
mpp,8.0,0,ack-1f,w,2,2,0,ctl,ok,0,0,12.8,203.2
mpp,8.0,0,w48-16qam-r1/3,w48,19,1,0,data,ok,18,18,10.1,203.2
mpp,8.0,0,ack-1f,w,2,2,0,ctl,ok,0,0,11.5,203.2
mpp,8.0,0,w48-16qam-r1/3,w48,19,1,0,data,ok,18,18,9.3,203.2
mpp,8.0,0,ack-1f,w,2,2,0,ctl,ok,0,0,11.1,203.2
mpp,8.0,0,w48-16qam-r1/3,w48,19,1,0,data,ok,18,18,8.7,203.2
mpp,8.0,0,ack-1f,w,3,3,0,ctl,ok,0,0,8.5,203.2
mpp,8.0,0,w48-16qam-r1/3,w48,19,2,1,data,ok,17,17,9.2,203.2
mpp,8.0,0,ack-1f,w,2,2,0,ctl,ok,0,0,7.5,203.2
mpp,8.0,0,w48-16qam-r1/3,w48,19,1,0,data,ok,18,18,8.2,203.2
mpp,8.0,0,ack-1f,w,3,3,0,ctl,ok,0,0,9.8,203.2
mpp,8.0,0,w48-16qam-r1/3,w48,19,2,1,data,ok,17,17,10.3,203.2
mpp,8.0,0,ack-1f,w,2,2,0,ctl,ok,0,0,11.2,203.2
mpp,8.0,0,w48-16qam-r1/3,w48,19,1,0,data,ok,18,18,10.3,203.2
mpp,8.0,0,ack-1f,w,2,2,0,ctl,ok,0,0,9.1,203.2
mpp,8.0,0,w48-16qam-r1/3,w48,19,1,0,data,ok,18,18,10.4,203.2
mpp,8.0,0,ack-1f,w,2,2,0,ctl,ok,0,0,12.1,203.2
mpp,8.0,0,w48-16qam-r1/3,w48,19,1,0,data,ok,18,18,9.0,203.2
mpp,8.0,0,ack-1f,w,2,2,0,ctl,ok,0,0,3.8,203.2
mpp,8.0,0,w48-16qam-r1/3,w48,19,1,0,data,ok,18,18,9.8,203.2
mpp,8.0,0,ack-1f,w,2,2,0,ctl,ok,0,0,11.6,203.2
mpp,8.0,0,w48-16qam-r1/3,w48,19,1,0,data,ok,18,18,10.0,203.2
mpp,8.0,0,ack-1f,w,2,2,0,ctl,ok,0,0,9.1,203.2
mpp,8.0,0,w48-16qam-r1/3,w48,19,1,0,data,ok,18,18,8.9,203.2
mpp,8.0,0,ack-1f,w,2,2,0,ctl,ok,0,0,9.0,203.2
mpp,8.0,0,w48-16qam-r1/3,w48,19,1,0,data,ok,18,18,10.5,203.2
mpp,8.0,0,ack-1f,w,2,2,0,ctl,ok,0,0,11.1,203.2
mpp,8.0,0,w48-16qam-r1/3,w48,19,1,0,data,ok,18,18,9.2,203.2
mpp,8.0,0,ack-1f,w,2,2,0,ctl,ok,0,0,12.4,203.2
mpp,8.0,0,w48-16qam-r1/3,w48,19,1,0,data,ok,18,18,9.9,203.2
mpp,8.0,0,ack-1f,w,2,2,0,ctl,ok,0,0,13.4,203.2
mpp,8.0,0,w48-16qam-r1/3,w48,19,1,0,data,ok,18,18,10.2,203.2
mpp,8.0,0,ack-1f,w,2,2,0,ctl,ok,0,0,9.6,203.2
mpp,8.0,0,w48-16qam-r1/3,w48,19,1,0,data,ok,18,18,8.8,203.2
mpp,8.0,0,ack-1f,w,2,2,0,ctl,ok,0,0,13.5,203.2
mpp,8.0,0,w48-16qam-r1/3,w48,19,1,0,data,ok,18,18,9.5,203.2
mpp,8.0,0,ack-1f,w,2,2,0,ctl,ok,0,0,14.3,203.2
mpp,8.0,0,w48-16qam-r1/3,w48,19,1,0,data,ok,18,18,9.7,203.2
mpp,8.0,0,ack-1f,w,2,2,0,ctl,ok,0,0,11.1,203.2
mpp,8.0,0,w48-16qam-r1/3,w48,19,1,0,data,ok,18,15,7.9,203.2
mpp,8.0,0,ack-1f,w,3,3,0,ctl,ok,0,0,5.0,203.2
mpp,8.0,0,w48-16qam-r1/3,w48,19,1,0,data,ok,15,15,9.4,203.2
mpp,8.0,0,ack-1f,w,2,2,0,ctl,ok,0,0,13.6,203.2
mpp,8.0,0,w48-16qam-r1/3,w48,19,1,0,data,ok,18,18,9.9,203.2
mpp,8.0,0,ack-1f,w,2,2,0,ctl,ok,0,0,9.8,203.2
mpp,8.0,0,w48-16qam-r1/3,w48,19,1,0,data,ok,18,18,9.0,203.2
mpp,8.0,0,ack-1f,w,2,2,0,ctl,ok,0,0,13.7,203.2
mpp,8.0,0,w48-16qam-r1/3,w48,19,1,0,data,ok,18,18,10.5,203.2
mpp,8.0,0,ack-1f,w,2,2,0,ctl,ok,0,0,12.0,203.2
mpp,8.0,0,w48-16qam-r1/3,w48,19,1,0,data,ok,18,18,8.8,203.2
mpp,8.0,0,ack-1f,w,2,2,0,ctl,ctl_lost,0,0,0.8,203.2
mpp,8.0,0,ack-4f,w,3,3,0,ctl,ok,0,0,11.3,203.2
mpp,8.0,0,ack-4f,w,2,2,0,ctl,ok,0,0,13.4,203.2
mpp,8.0,0,w48-16qam-r1/3,w48,19,1,0,data,ok,18,18,10.7,203.2
mpp,8.0,0,ack-1f,w,2,2,0,ctl,ok,0,0,9.6,203.2
mpp,8.0,0,w48-16qam-r1/3,w48,19,1,0,data,ok,18,18,10.9,203.2
mpp,8.0,0,ack-1f,w,2,2,0,ctl,ok,0,0,10.6,203.2
mpp,8.0,0,w48-16qam-r1/3,w48,19,1,0,data,ok,18,18,10.6,203.2
mpp,8.0,0,ack-1f,w,2,2,0,ctl,ok,0,0,11.5,203.2
mpp,8.0,0,w48-16qam-r1/3,w48,19,1,0,data,ok,18,18,9.5,203.2
mpp,8.0,0,ack-1f,w,2,2,0,ctl,ok,0,0,11.0,203.2
mpp,8.0,0,w48-16qam-r1/3,w48,19,1,0,data,ok,18,18,10.9,203.2
mpp,8.0,0,ack-1f,w,2,2,0,ctl,ok,0,0,12.2,203.2
mpp,8.0,0,w48-16qam-r1/3,w48,19,1,0,data,ok,18,18,10.7,203.2
mpp,8.0,0,ack-1f,w,2,2,0,ctl,ok,0,0,11.2,203.2
mpp,8.0,0,w48-16qam-r1/3,w48,19,1,0,data,ok,18,18,10.0,203.2
mpp,8.0,0,ack-1f,w,2,2,0,ctl,ok,0,0,16.1,203.2
mpp,8.0,0,w48-16qam-r1/3,w48,19,1,0,data,ok,18,18,10.7,203.2
mpp,8.0,0,ack-1f,w,2,2,0,ctl,ok,0,0,11.3,203.2
mpp,8.0,0,w48-16qam-r1/3,w48,19,1,0,data,ok,18,18,9.8,203.2
mpp,8.0,0,ack-1f,w,2,2,0,ctl,ok,0,0,11.4,203.2
mpp,8.0,0,w48-16qam-r1/3,w48,19,1,0,data,ok,18,18,9.6,203.2
mpp,8.0,0,ack-1f,w,2,2,0,ctl,ok,0,0,12.8,203.2
mpp,8.0,0,w48-16qam-r1/3,w48,19,1,0,data,ok,18,18,10.0,203.2
mpp,0.0,9,qpsk-r1/5,w,1,1,0,ctl,ok,0,0,1.5,42.9
mpp,0.0,9,qpsk-r1/5,w,1,1,0,ctl,ok,0,0,1.0,42.9
mpp,0.0,9,ack-4f,w,3,3,0,ctl,ok,0,0,2.8,42.9
mpp,0.0,9,ack-4f,w,3,3,0,ctl,ok,0,0,2.1,42.9
mpp,0.0,9,qpsk-r1/3,w,9,2,1,data,ok,7,7,2.6,42.9
mpp,0.0,9,ack-4f,w,3,3,0,ctl,ok,0,0,2.0,42.9
mpp,0.0,9,qpsk-r1/3,w,9,2,1,data,ok,7,7,2.2,42.9
mpp,0.0,9,ack-4f,w,2,2,0,ctl,ok,0,0,4.9,42.9
mpp,0.0,9,qpsk-r1/3,w,9,1,0,data,ok,8,8,4.5,42.9
mpp,0.0,9,ack-1f,w,3,3,0,ctl,ok,0,0,1.7,42.9
mpp,0.0,9,qpsk-r1/2,w,9,2,1,data,ok,7,7,3.9,42.9
mpp,0.0,9,ack-1f,w,3,3,0,ctl,ok,0,0,4.5,42.9
mpp,0.0,9,qpsk-r1/2,w,9,2,1,data,ok,7,7,3.7,42.9
mpp,0.0,9,ack-1f,w,3,3,0,ctl,ok,0,0,3.7,42.9
mpp,0.0,9,qpsk-r1/2,w,9,2,1,data,ok,7,7,4.0,42.9
mpp,0.0,9,ack-1f,w,3,3,0,ctl,ok,0,0,3.4,42.9
mpp,0.0,9,qpsk-r1/2,w,9,2,1,data,ok,7,4,2.4,42.9
mpp,0.0,9,ack-1f,w,3,3,0,ctl,ok,0,0,4.3,42.9
mpp,0.0,9,qpsk-r1/2,w,9,2,1,data,ok,4,4,3.4,42.9
mpp,0.0,9,ack-1f,w,3,3,0,ctl,ok,0,0,2.2,42.9
mpp,0.0,9,qpsk-r1/2,w,9,2,1,data,ok,7,7,4.8,42.9
mpp,0.0,9,ack-1f,w,2,2,0,ctl,ok,0,0,3.9,42.9
mpp,0.0,9,qpsk-r1/2,w,9,1,0,data,ok,8,8,3.0,42.9
mpp,0.0,9,ack-1f,w,3,3,0,ctl,ok,0,0,5.6,42.9
mpp,0.0,9,qpsk-r1/2,w,9,2,1,data,ok,7,7,3.0,42.9
mpp,0.0,9,ack-1f,w,3,3,0,ctl,ok,0,0,5.0,42.9
mpp,0.0,9,qpsk-r1/2,w,9,2,1,data,ok,7,7,3.8,42.9
mpp,0.0,9,ack-1f,w,3,3,0,ctl,ok,0,0,5.6,42.9
mpp,0.0,9,qpsk-r1/2,w,9,2,1,data,ok,7,7,4.2,42.9
mpp,0.0,9,ack-1f,w,2,2,0,ctl,ok,0,0,4.4,42.9
mpp,0.0,9,qpsk-r1/2,w,9,1,0,data,ctl_lost,8,0,2.3,42.9
mpp,0.0,9,ack-4f,w,3,3,0,ctl,ok,0,0,3.8,42.9
mpp,0.0,9,ack-4f,w,2,2,0,ctl,ok,0,0,4.2,42.9
mpp,0.0,9,qpsk-r1/3,w,9,1,0,data,ok,8,8,4.2,42.9
mpp,0.0,9,ack-1f,w,3,3,0,ctl,ok,0,0,5.3,42.9
mpp,0.0,9,qpsk-r1/2,w,9,2,1,data,ok,7,7,3.7,42.9
mpp,0.0,9,ack-1f,w,3,3,0,ctl,ctl_lost,0,0,1.0,42.9
mpp,0.0,9,ack-4f,w,3,3,0,ctl,ok,0,0,3.8,42.9
mpp,0.0,9,ack-4f,w,3,3,0,ctl,ok,0,0,5.0,42.9
mpp,0.0,9,qpsk-r1/2,w,9,2,1,data,ok,7,0,1.5,42.9
mpp,0.0,9,ack-1f,w,3,3,0,ctl,ok,0,0,5.3,42.9
mpp,0.0,9,qpsk-r1/3,w,9,2,1,data,ok,7,7,3.8,42.9
mpp,0.0,9,ack-1f,w,3,3,0,ctl,ok,0,0,3.3,42.9
mpp,0.0,9,qpsk-r1/2,w,9,2,1,data,ok,7,7,3.4,42.9
mpp,0.0,9,ack-1f,w,3,3,0,ctl,ok,0,0,3.0,42.9
mpp,0.0,9,qpsk-r1/2,w,9,2,1,data,ok,7,7,3.3,42.9
mpp,0.0,9,ack-1f,w,3,3,0,ctl,ok,0,0,3.9,42.9
mpp,0.0,9,qpsk-r1/2,w,9,2,1,data,ok,7,7,3.9,42.9
mpp,0.0,9,ack-1f,w,2,2,0,ctl,ok,0,0,5.9,42.9
mpp,0.0,9,qpsk-r1/2,w,9,1,0,data,ctl_lost,8,0,0.1,42.9
mpp,0.0,9,ack-4f,w,3,3,0,ctl,ok,0,0,3.9,42.9
mpp,0.0,9,ack-4f,w,3,3,0,ctl,ok,0,0,3.7,42.9
mpp,0.0,9,qpsk-r1/3,w,9,2,1,data,ok,7,7,3.7,42.9
mpp,0.0,9,ack-1f,w,3,3,0,ctl,ctl_lost,0,0,-0.4,42.9
mpp,0.0,9,ack-4f,w,4,4,0,ctl,ok,0,0,5.1,42.9
mpp,0.0,9,ack-4f,w,3,3,0,ctl,ok,0,0,2.6,42.9
mpp,0.0,9,qpsk-r1/2,w,9,2,1,data,ok,7,7,4.4,42.9
mpp,0.0,9,ack-4f,w,2,2,0,ctl,ok,0,0,-2.0,42.9
mpp,0.0,9,qpsk-r1/2,w,9,1,0,data,ok,8,8,2.9,42.9
mpp,0.0,9,ack-4f,w,3,3,0,ctl,ok,0,0,1.9,42.9
mpp,0.0,9,qpsk-r1/2,w,9,2,1,data,ok,7,7,3.6,42.9
mpp,0.0,9,ack-4f,w,3,3,0,ctl,ok,0,0,2.1,42.9
mpp,0.0,9,qpsk-r1/2,w,9,2,1,data,ok,7,7,3.5,42.9
mpp,0.0,9,ack-4f,w,3,3,0,ctl,ok,0,0,4.2,42.9
mpp,0.0,9,qpsk-r1/2,w,9,2,1,data,ok,7,3,2.8,42.9
mpp,0.0,9,ack-4f,w,3,3,0,ctl,ok,0,0,3.8,42.9
mpp,0.0,9,qpsk-r1/2,w,9,2,1,data,ok,3,0,1.5,42.9
mpp,0.0,9,ack-1f,w,2,2,0,ctl,ok,0,0,1.5,42.9
mpp,0.0,9,qpsk-r1/3,w,9,1,0,data,ok,8,8,3.2,42.9
mpp,0.0,9,ack-4f,w,2,2,0,ctl,ok,0,0,1.6,42.9
mpp,0.0,9,qpsk-r1/3,w,9,1,0,data,ok,8,8,3.8,42.9
mpp,0.0,9,ack-4f,w,2,2,0,ctl,ok,0,0,5.1,42.9
mpp,0.0,9,qpsk-r1/2,w,9,1,0,data,ctl_lost,8,0,1.2,42.9
mpp,0.0,9,ack-4f,w,3,3,0,ctl,ok,0,0,4.2,42.9
mpp,0.0,9,ack-4f,w,2,2,0,ctl,ok,0,0,3.6,42.9
mpp,0.0,9,qpsk-r1/3,w,9,1,0,data,ok,8,8,1.2,42.9
mpp,0.0,9,ack-1f,w,3,3,0,ctl,ok,0,0,2.5,42.9
mpp,0.0,9,qpsk-r1/3,w,9,2,1,data,ok,7,7,3.5,42.9
mpp,0.0,9,ack-4f,w,2,2,0,ctl,ok,0,0,6.2,42.9
mpp,0.0,9,qpsk-r1/3,w,9,1,0,data,ok,8,8,3.3,42.9
mpp,0.0,9,ack-1f,w,2,2,0,ctl,ctl_lost,0,0,-3.1,42.9
mpp,0.0,9,ack-4f,w,3,3,0,ctl,ok,0,0,2.6,42.9
mpp,0.0,9,ack-4f,w,2,2,0,ctl,ok,0,0,2.2,42.9
mpp,0.0,9,qpsk-r1/3,w,9,1,0,data,ok,8,8,3.5,42.9
mpp,0.0,9,ack-4f,w,2,2,0,ctl,ok,0,0,3.8,42.9
mpp,0.0,9,qpsk-r1/3,w,9,1,0,data,ok,8,8,3.6,42.9
mpp,0.0,9,ack-4f,w,2,2,0,ctl,ok,0,0,3.5,42.9
mpp,0.0,9,qpsk-r1/3,w,9,1,0,data,ok,8,8,3.7,42.9
mpp,0.0,9,ack-1f,w,3,3,0,ctl,ok,0,0,2.6,42.9
mpp,0.0,9,qpsk-r1/2,w,9,2,1,data,ok,7,7,4.3,42.9
mpp,0.0,9,ack-4f,w,3,3,0,ctl,ok,0,0,4.1,42.9
mpp,0.0,9,qpsk-r1/2,w,9,2,1,data,ok,7,7,3.2,42.9
mpp,0.0,9,ack-1f,w,3,3,0,ctl,ctl_lost,0,0,1.4,42.9
mpp,0.0,9,ack-4f,w,3,3,0,ctl,ok,0,0,4.3,42.9
mpp,0.0,9,ack-4f,w,3,3,0,ctl,ok,0,0,3.7,42.9
mpp,0.0,9,qpsk-r1/2,w,9,2,1,data,ok,7,7,3.2,42.9
mpp,0.0,9,ack-4f,w,2,2,0,ctl,ok,0,0,2.6,42.9
mpp,0.0,9,qpsk-r1/3,w,9,1,0,data,ok,8,8,2.5,42.9
mpp,0.0,11,qpsk-r1/5,w,1,1,0,ctl,ok,0,0,2.4,47.2
mpp,0.0,11,qpsk-r1/5,w,1,1,0,ctl,ok,0,0,-0.4,47.2
mpp,0.0,11,ack-4f,w,3,3,0,ctl,ok,0,0,1.7,47.2
mpp,0.0,11,ack-4f,w,3,3,0,ctl,ok,0,0,2.6,47.2
mpp,0.0,11,qpsk-r1/3,w,9,2,1,data,ok,7,7,3.6,47.2
mpp,0.0,11,ack-4f,w,2,2,0,ctl,ok,0,0,4.0,47.2
mpp,0.0,11,qpsk-r1/3,w,9,1,0,data,ok,8,8,4.3,47.2
mpp,0.0,11,ack-1f,w,3,3,0,ctl,ok,0,0,1.4,47.2
mpp,0.0,11,qpsk-r1/2,w,9,2,1,data,ok,7,7,3.3,47.2
mpp,0.0,11,ack-4f,w,3,3,0,ctl,ok,0,0,-0.2,47.2
mpp,0.0,11,qpsk-r1/2,w,9,2,1,data,ok,7,0,0.6,47.2
mpp,0.0,11,ack-4f,w,3,3,0,ctl,ok,0,0,3.1,47.2
mpp,0.0,11,qpsk-r1/3,w,9,2,1,data,ok,7,7,1.0,47.2
mpp,0.0,11,ack-4f,w,3,3,0,ctl,ok,0,0,4.1,47.2
mpp,0.0,11,qpsk-r1/3,w,9,2,1,data,ok,7,7,3.5,47.2
mpp,0.0,11,ack-1f,w,2,2,0,ctl,ok,0,0,2.8,47.2
mpp,0.0,11,qpsk-r1/3,w,9,1,0,data,ok,8,8,3.0,47.2
mpp,0.0,11,ack-1f,w,2,2,0,ctl,ok,0,0,3.9,47.2
mpp,0.0,11,qpsk-r1/3,w,9,1,0,data,ok,8,8,3.3,47.2
mpp,0.0,11,ack-1f,w,2,2,0,ctl,ok,0,0,3.9,47.2
mpp,0.0,11,qpsk-r1/3,w,9,1,0,data,ok,8,8,3.7,47.2
mpp,0.0,11,ack-1f,w,3,3,0,ctl,ok,0,0,0.8,47.2
mpp,0.0,11,qpsk-r1/2,w,9,2,1,data,ok,7,7,4.2,47.2
mpp,0.0,11,ack-1f,w,3,3,0,ctl,ok,0,0,2.5,47.2
mpp,0.0,11,qpsk-r1/2,w,9,2,1,data,ok,7,7,3.1,47.2
mpp,0.0,11,ack-1f,w,3,3,0,ctl,ok,0,0,-0.3,47.2
mpp,0.0,11,qpsk-r1/2,w,9,2,1,data,ok,7,7,3.4,47.2
mpp,0.0,11,ack-1f,w,3,3,0,ctl,ok,0,0,5.1,47.2
mpp,0.0,11,qpsk-r1/2,w,9,2,1,data,ok,7,7,3.1,47.2
mpp,0.0,11,ack-1f,w,3,3,0,ctl,ctl_lost,0,0,4.2,47.2
mpp,0.0,11,ack-4f,w,3,3,0,ctl,ok,0,0,5.1,47.2
mpp,0.0,11,ack-4f,w,3,3,,ctl,missed,0,0,,47.2
mpp,0.0,11,ack-4f,w,3,3,0,ctl,ok,0,0,4.4,47.2
mpp,0.0,11,ack-4f,w,2,2,0,ctl,ok,0,0,4.2,47.2
mpp,0.0,11,qpsk-r1/2,w,9,1,0,data,ok,8,7,3.0,47.2
mpp,0.0,11,ack-1f,w,3,3,0,ctl,ok,0,0,5.1,47.2
mpp,0.0,11,qpsk-r1/2,w,9,2,1,data,ok,6,6,2.5,47.2
mpp,0.0,11,ack-1f,w,3,3,0,ctl,ok,0,0,4.3,47.2
mpp,0.0,11,qpsk-r1/2,w,9,2,1,data,ok,7,7,3.8,47.2
mpp,0.0,11,ack-1f,w,2,2,0,ctl,ok,0,0,1.5,47.2
mpp,0.0,11,qpsk-r1/2,w,9,1,0,data,ctl_lost,8,0,1.6,47.2
mpp,0.0,11,ack-4f,w,3,3,0,ctl,ok,0,0,2.6,47.2
mpp,0.0,11,ack-4f,w,2,2,0,ctl,ok,0,0,-1.9,47.2
mpp,0.0,11,qpsk-r1/3,w,9,1,0,data,ok,8,8,4.9,47.2
mpp,0.0,11,ack-4f,w,3,3,0,ctl,ok,0,0,5.2,47.2
mpp,0.0,11,qpsk-r1/2,w,9,2,1,data,ok,7,7,3.6,47.2
mpp,0.0,11,ack-1f,w,3,3,0,ctl,ok,0,0,4.0,47.2
mpp,0.0,11,qpsk-r1/2,w,9,2,1,data,ok,7,7,2.9,47.2
mpp,0.0,11,ack-1f,w,3,3,0,ctl,ok,0,0,2.0,47.2
mpp,0.0,11,qpsk-r1/2,w,9,2,1,data,ok,7,0,1.0,47.2
mpp,0.0,11,ack-1f,w,2,2,0,ctl,ok,0,0,3.3,47.2
mpp,0.0,11,qpsk-r1/3,w,9,1,0,data,ok,8,8,4.3,47.2
mpp,0.0,11,ack-1f,w,3,3,0,ctl,ctl_lost,0,0,-1.5,47.2
mpp,0.0,11,ack-4f,w,4,4,0,ctl,ok,0,0,3.2,47.2
mpp,0.0,11,ack-4f,w,3,3,0,ctl,ok,0,0,1.8,47.2
mpp,0.0,11,qpsk-r1/2,w,9,2,1,data,ok,7,7,4.2,47.2
mpp,0.0,11,ack-1f,w,2,2,0,ctl,ok,0,0,-2.3,47.2
mpp,0.0,11,qpsk-r1/2,w,9,1,0,data,ok,8,8,4.5,47.2
mpp,0.0,11,ack-4f,w,2,2,0,ctl,ok,0,0,4.7,47.2
mpp,0.0,11,qpsk-r1/2,w,9,1,0,data,ok,8,8,4.1,47.2
mpp,0.0,11,ack-1f,w,2,2,0,ctl,ok,0,0,2.6,47.2
mpp,0.0,11,qpsk-r1/2,w,9,1,0,data,ok,8,8,2.7,47.2
mpp,0.0,11,ack-1f,w,2,2,0,ctl,ok,0,0,5.0,47.2
mpp,0.0,11,qpsk-r1/2,w,9,1,0,data,ok,8,8,3.8,47.2
mpp,0.0,11,ack-1f,w,2,2,0,ctl,ok,0,0,0.0,47.2
mpp,0.0,11,qpsk-r1/2,w,9,1,0,data,ok,8,8,4.5,47.2
mpp,0.0,11,ack-1f,w,2,2,0,ctl,ok,0,0,4.1,47.2
mpp,0.0,11,qpsk-r1/2,w,9,1,0,data,ok,8,4,2.6,47.2
mpp,0.0,11,ack-1f,w,3,3,0,ctl,ok,0,0,-2.9,47.2
mpp,0.0,11,qpsk-r1/2,w,9,2,1,data,ok,3,3,2.9,47.2
mpp,0.0,11,ack-1f,w,3,3,0,ctl,ok,0,0,-1.5,47.2
mpp,0.0,11,qpsk-r1/2,w,9,2,1,data,ok,7,7,3.9,47.2
mpp,0.0,11,ack-4f,w,2,2,0,ctl,ok,0,0,5.3,47.2
mpp,0.0,11,qpsk-r1/2,w,9,1,0,data,ok,8,8,2.8,47.2
mpp,0.0,11,ack-1f,w,2,2,0,ctl,ok,0,0,0.2,47.2
mpp,0.0,11,qpsk-r1/2,w,9,1,0,data,ok,8,8,4.1,47.2
mpp,0.0,11,ack-1f,w,2,2,0,ctl,ok,0,0,6.8,47.2
mpp,0.0,11,qpsk-r1/2,w,9,1,0,data,ok,8,8,4.0,47.2
mpp,0.0,11,ack-1f,w,2,2,0,ctl,ok,0,0,2.4,47.2
mpp,0.0,11,qpsk-r1/2,w,9,1,0,data,ctl_lost,8,4,2.8,47.2
mpp,0.0,11,ack-4f,w,3,3,0,ctl,ok,0,0,2.8,47.2
mpp,0.0,11,ack-4f,w,3,3,0,ctl,ok,0,0,2.8,47.2
mpp,0.0,11,qpsk-r1/2,w,9,2,1,data,ok,7,7,3.7,47.2
mpp,0.0,11,ack-1f,w,3,3,0,ctl,ok,0,0,3.8,47.2
mpp,0.0,11,qpsk-r1/2,w,9,2,1,data,ok,7,7,4.2,47.2
mpp,0.0,11,ack-1f,w,2,2,0,ctl,ok,0,0,-0.2,47.2
mpp,0.0,11,qpsk-r1/2,w,9,1,0,data,ok,8,8,2.7,47.2
mpp,0.0,11,ack-1f,w,2,2,0,ctl,ok,0,0,3.8,47.2
mpp,0.0,11,qpsk-r1/2,w,9,1,0,data,ctl_lost,8,0,2.3,47.2
mpp,0.0,11,ack-4f,w,3,3,0,ctl,ok,0,0,0.9,47.2
mpp,0.0,11,ack-4f,w,3,3,0,ctl,ok,0,0,2.4,47.2
mpp,0.0,11,qpsk-r1/3,w,9,2,1,data,ok,7,7,2.0,47.2
mpp,0.0,11,ack-1f,w,3,3,0,ctl,ok,0,0,1.3,47.2
mpp,0.0,11,qpsk-r1/3,w,9,2,1,data,ok,7,7,2.9,47.2
mpp,0.0,11,ack-1f,w,2,2,0,ctl,ok,0,0,3.9,47.2
mpp,0.0,11,qpsk-r1/3,w,9,1,0,data,ok,8,8,2.0,47.2
mpp,0.0,11,ack-1f,w,2,2,0,ctl,ok,0,0,5.2,47.2
mpp,0.0,11,qpsk-r1/3,w,9,1,0,data,ok,8,8,3.3,47.2
mpp,0.0,11,ack-1f,w,2,2,0,ctl,ok,0,0,4.6,47.2
mpp,0.0,11,qpsk-r1/3,w,9,1,0,data,ok,8,8,3.6,47.2
mpp,0.0,10,qpsk-r1/5,w,1,1,0,ctl,ok,0,0,2.5,42.1
mpp,0.0,10,qpsk-r1/5,w,1,1,0,ctl,ok,0,0,5.2,42.1
mpp,0.0,10,ack-4f,w,3,3,0,ctl,ok,0,0,4.2,42.1
mpp,0.0,10,ack-1f,w,3,3,0,ctl,ok,0,0,2.7,42.1
mpp,0.0,10,qpsk-r1/3,w,9,2,1,data,ok,7,7,2.9,42.1
mpp,0.0,10,ack-1f,w,3,3,0,ctl,ok,0,0,5.0,42.1
mpp,0.0,10,qpsk-r1/3,w,9,2,1,data,ok,7,7,0.2,42.1
mpp,0.0,10,ack-1f,w,3,3,0,ctl,ok,0,0,5.9,42.1
mpp,0.0,10,qpsk-r1/3,w,9,2,1,data,ok,7,1,1.2,42.1
mpp,0.0,10,ack-1f,w,3,3,0,ctl,ok,0,0,3.5,42.1
mpp,0.0,10,qpsk-r1/3,w,9,2,1,data,ok,2,2,4.7,42.1
mpp,0.0,10,ack-1f,w,2,2,0,ctl,ok,0,0,4.2,42.1
mpp,0.0,10,qpsk-r1/3,w,9,1,0,data,ok,8,8,2.8,42.1
mpp,0.0,10,ack-1f,w,2,2,0,ctl,ok,0,0,8.3,42.1
mpp,0.0,10,qpsk-r1/3,w,9,1,0,data,ok,8,8,3.6,42.1
mpp,0.0,10,ack-1f,w,2,2,0,ctl,ok,0,0,5.3,42.1
mpp,0.0,10,qpsk-r1/3,w,9,1,0,data,ok,8,8,3.8,42.1
mpp,0.0,10,ack-1f,w,2,2,0,ctl,ok,0,0,1.5,42.1
mpp,0.0,10,qpsk-r1/3,w,9,1,0,data,ok,8,8,3.5,42.1
mpp,0.0,10,ack-1f,w,2,2,0,ctl,ok,0,0,-0.2,42.1
mpp,0.0,10,qpsk-r1/3,w,9,1,0,data,ok,8,8,5.3,42.1
mpp,0.0,10,ack-4f,w,3,3,0,ctl,ok,0,0,1.1,42.1
mpp,0.0,10,qpsk-r1/2,w,9,2,1,data,ok,7,7,4.3,42.1
mpp,0.0,10,ack-4f,w,3,3,0,ctl,ok,0,0,2.1,42.1
mpp,0.0,10,qpsk-r1/2,w,9,2,1,data,ok,7,0,2.0,42.1
mpp,0.0,10,ack-4f,w,2,2,0,ctl,ok,0,0,2.3,42.1
mpp,0.0,10,qpsk-r1/3,w,9,1,0,data,ok,8,8,1.7,42.1
mpp,0.0,10,ack-1f,w,2,2,0,ctl,ok,0,0,1.7,42.1
mpp,0.0,10,qpsk-r1/3,w,9,1,0,data,ok,8,8,2.9,42.1
mpp,0.0,10,ack-1f,w,2,2,0,ctl,ok,0,0,1.0,42.1
mpp,0.0,10,qpsk-r1/3,w,9,1,0,data,ok,8,8,3.9,42.1
mpp,0.0,10,ack-1f,w,2,2,0,ctl,ok,0,0,3.8,42.1
mpp,0.0,10,qpsk-r1/3,w,9,1,0,data,ok,8,8,0.7,42.1
mpp,0.0,10,ack-1f,w,2,2,0,ctl,ok,0,0,4.3,42.1
mpp,0.0,10,qpsk-r1/3,w,9,1,0,data,ok,8,8,4.0,42.1
mpp,0.0,10,ack-1f,w,2,2,0,ctl,ok,0,0,4.8,42.1
mpp,0.0,10,qpsk-r1/3,w,9,1,0,data,ok,8,8,3.5,42.1
mpp,0.0,10,ack-1f,w,3,3,0,ctl,ok,0,0,2.8,42.1
mpp,0.0,10,qpsk-r1/2,w,9,2,1,data,ok,7,7,3.9,42.1
mpp,0.0,10,ack-1f,w,3,3,0,ctl,ctl_lost,0,0,-7.0,42.1
mpp,0.0,10,ack-4f,w,3,3,0,ctl,ok,0,0,3.5,42.1
mpp,0.0,10,ack-4f,w,3,3,0,ctl,ok,0,0,3.4,42.1
mpp,0.0,10,qpsk-r1/2,w,9,2,1,data,ok,7,7,3.2,42.1
mpp,0.0,10,ack-4f,w,3,3,0,ctl,ok,0,0,2.3,42.1
mpp,0.0,10,qpsk-r1/2,w,9,2,1,data,ok,7,0,1.6,42.1
mpp,0.0,10,ack-4f,w,2,2,0,ctl,ok,0,0,2.3,42.1
mpp,0.0,10,qpsk-r1/3,w,9,1,0,data,ok,8,8,1.9,42.1
mpp,0.0,10,ack-4f,w,2,2,0,ctl,ok,0,0,2.2,42.1
mpp,0.0,10,qpsk-r1/3,w,9,1,0,data,ok,8,8,4.3,42.1
mpp,0.0,10,ack-4f,w,3,3,0,ctl,ok,0,0,2.3,42.1
mpp,0.0,10,qpsk-r1/2,w,9,2,1,data,ok,7,1,3.3,42.1
mpp,0.0,10,ack-4f,w,3,3,0,ctl,ok,0,0,1.5,42.1
mpp,0.0,10,qpsk-r1/2,w,9,2,1,data,ok,2,2,3.0,42.1
mpp,0.0,10,ack-4f,w,2,2,0,ctl,ok,0,0,2.9,42.1
mpp,0.0,10,qpsk-r1/3,w,9,1,0,data,ok,8,8,0.7,42.1
mpp,0.0,10,ack-4f,w,2,2,0,ctl,ok,0,0,1.4,42.1
mpp,0.0,10,qpsk-r1/3,w,9,1,0,data,ok,8,8,5.1,42.1
mpp,0.0,10,ack-4f,w,3,3,0,ctl,ok,0,0,5.9,42.1
mpp,0.0,10,qpsk-r1/2,w,9,2,1,data,ok,7,7,3.3,42.1
mpp,0.0,10,ack-1f,w,2,2,0,ctl,ok,0,0,4.1,42.1
mpp,0.0,10,qpsk-r1/2,w,9,1,0,data,ok,8,8,3.2,42.1
mpp,0.0,10,ack-1f,w,3,3,0,ctl,ok,0,0,1.4,42.1
mpp,0.0,10,qpsk-r1/2,w,9,2,1,data,ok,7,7,4.1,42.1
mpp,0.0,10,ack-4f,w,2,2,0,ctl,ok,0,0,4.8,42.1
mpp,0.0,10,qpsk-r1/2,w,9,1,0,data,ok,8,8,3.3,42.1
mpp,0.0,10,ack-1f,w,2,2,0,ctl,ok,0,0,3.6,42.1
mpp,0.0,10,qpsk-r1/2,w,9,1,0,data,ctl_lost,8,0,1.8,42.1
mpp,0.0,10,ack-4f,w,3,3,0,ctl,ok,0,0,5.3,42.1
mpp,0.0,10,ack-4f,w,3,3,0,ctl,ok,0,0,3.0,42.1
mpp,0.0,10,qpsk-r1/2,w,9,2,1,data,ok,7,7,4.1,42.1
mpp,0.0,10,ack-1f,w,2,2,0,ctl,ok,0,0,4.1,42.1
mpp,0.0,10,qpsk-r1/2,w,9,1,0,data,ctl_lost,8,5,2.8,42.1
mpp,0.0,10,ack-4f,w,3,3,0,ctl,ok,0,0,1.9,42.1
mpp,0.0,10,ack-4f,w,2,2,0,ctl,ok,0,0,2.5,42.1
mpp,0.0,10,qpsk-r1/3,w,9,1,0,data,ok,8,8,3.5,42.1
mpp,0.0,10,ack-1f,w,2,2,0,ctl,ok,0,0,3.8,42.1
mpp,0.0,10,qpsk-r1/3,w,9,1,0,data,ok,8,8,0.7,42.1
mpp,0.0,10,ack-1f,w,2,2,0,ctl,ok,0,0,-2.8,42.1
mpp,0.0,10,qpsk-r1/3,w,9,1,0,data,ok,8,8,3.5,42.1
mpp,0.0,10,ack-4f,w,2,2,0,ctl,ok,0,0,1.2,42.1
mpp,0.0,10,qpsk-r1/3,w,9,1,0,data,ok,8,8,4.3,42.1
mpp,0.0,10,ack-4f,w,3,3,0,ctl,ok,0,0,0.8,42.1
mpp,0.0,10,qpsk-r1/2,w,9,2,1,data,ok,7,7,2.5,42.1
mpp,0.0,10,ack-4f,w,2,2,0,ctl,ok,0,0,5.4,42.1
mpp,0.0,10,qpsk-r1/3,w,9,1,0,data,ok,8,8,3.2,42.1
mpp,0.0,10,ack-1f,w,2,2,0,ctl,ok,0,0,6.7,42.1
mpp,0.0,10,qpsk-r1/3,w,9,1,0,data,ok,8,8,3.6,42.1
mpp,0.0,10,ack-1f,w,2,2,0,ctl,ok,0,0,2.3,42.1
mpp,0.0,10,qpsk-r1/3,w,9,1,0,data,ok,8,8,3.3,42.1
mpp,0.0,10,ack-1f,w,2,2,0,ctl,ok,0,0,2.3,42.1
mpp,0.0,10,qpsk-r1/3,w,9,1,0,data,ok,8,8,2.6,42.1
mpp,0.0,10,ack-1f,w,2,2,0,ctl,ok,0,0,3.3,42.1
mpp,0.0,10,qpsk-r1/3,w,9,1,0,data,ok,8,8,3.5,42.1
mpp,0.0,10,ack-1f,w,2,2,0,ctl,ok,0,0,3.2,42.1
mpp,0.0,10,qpsk-r1/3,w,9,1,0,data,ok,8,8,3.5,42.1
mpp,0.0,10,ack-1f,w,2,2,0,ctl,ok,0,0,-1.9,42.1
mpp,8.0,1,qpsk-r1/5,w,1,1,0,ctl,ok,0,0,11.7,194.2
mpp,8.0,1,qpsk-r1/5,w,1,1,0,ctl,ok,0,0,13.4,194.2
mpp,8.0,1,ack-4f,w,3,3,0,ctl,ok,0,0,10.1,194.2
mpp,8.0,1,ack-1f,w,3,3,0,ctl,ok,0,0,12.9,194.2
mpp,8.0,1,w48-16qam-r1/3,w48,19,2,1,data,ok,17,17,9.4,194.2
mpp,8.0,1,ack-1f,w,3,3,0,ctl,ok,0,0,8.4,194.2
mpp,8.0,1,w48-16qam-r1/3,w48,19,2,1,data,ok,17,17,10.1,194.2
mpp,8.0,1,ack-1f,w,2,2,0,ctl,ok,0,0,7.5,194.2
mpp,8.0,1,w48-16qam-r1/3,w48,19,1,0,data,ok,18,18,9.7,194.2
mpp,8.0,1,ack-1f,w,2,2,0,ctl,ok,0,0,8.0,194.2
mpp,8.0,1,w48-16qam-r1/3,w48,19,1,0,data,ok,18,18,9.6,194.2
mpp,8.0,1,ack-1f,w,2,2,0,ctl,ok,0,0,6.8,194.2
mpp,8.0,1,w48-16qam-r1/3,w48,19,1,0,data,ok,18,18,9.6,194.2
mpp,8.0,1,ack-1f,w,2,2,0,ctl,ok,0,0,4.4,194.2
mpp,8.0,1,w48-16qam-r1/3,w48,19,1,0,data,ok,18,18,10.0,194.2
mpp,8.0,1,ack-1f,w,2,2,0,ctl,ok,0,0,1.7,194.2
mpp,8.0,1,w48-16qam-r1/3,w48,19,1,0,data,ok,18,18,9.7,194.2
mpp,8.0,1,ack-1f,w,2,2,0,ctl,ok,0,0,11.9,194.2
mpp,8.0,1,w48-16qam-r1/3,w48,19,1,0,data,ok,18,18,8.1,194.2
mpp,8.0,1,ack-1f,w,2,2,0,ctl,ok,0,0,7.7,194.2
mpp,8.0,1,w48-16qam-r1/3,w48,19,1,0,data,ok,18,18,9.0,194.2
mpp,8.0,1,ack-1f,w,2,2,0,ctl,ok,0,0,14.9,194.2
mpp,8.0,1,w48-16qam-r1/3,w48,19,1,0,data,ok,18,18,10.1,194.2
mpp,8.0,1,ack-1f,w,2,2,0,ctl,ok,0,0,11.1,194.2
mpp,8.0,1,w48-16qam-r1/3,w48,19,1,0,data,ok,18,18,8.7,194.2
mpp,8.0,1,ack-1f,w,2,2,0,ctl,ok,0,0,8.8,194.2
mpp,8.0,1,w48-16qam-r1/3,w48,19,1,0,data,ok,18,18,9.9,194.2
mpp,8.0,1,ack-1f,w,2,2,0,ctl,ok,0,0,13.7,194.2
mpp,8.0,1,w48-16qam-r1/3,w48,19,1,0,data,ok,18,18,8.9,194.2
mpp,8.0,1,ack-1f,w,2,2,0,ctl,ok,0,0,11.8,194.2
mpp,8.0,1,w48-16qam-r1/3,w48,19,1,0,data,ok,18,18,8.2,194.2
mpp,8.0,1,ack-1f,w,2,2,0,ctl,ok,0,0,12.2,194.2
mpp,8.0,1,w48-16qam-r1/3,w48,19,1,0,data,ok,18,18,10.7,194.2
mpp,8.0,1,ack-1f,w,2,2,0,ctl,ok,0,0,9.4,194.2
mpp,8.0,1,w48-16qam-r1/3,w48,19,1,0,data,ok,18,18,9.6,194.2
mpp,8.0,1,ack-1f,w,2,2,0,ctl,ok,0,0,11.4,194.2
mpp,8.0,1,w48-16qam-r1/3,w48,19,1,0,data,ok,18,18,9.9,194.2
mpp,8.0,1,ack-1f,w,2,2,0,ctl,ok,0,0,14.0,194.2
mpp,8.0,1,w48-16qam-r1/3,w48,19,1,0,data,ok,18,18,9.6,194.2
mpp,8.0,1,ack-1f,w,2,2,0,ctl,ok,0,0,8.6,194.2
mpp,8.0,1,w48-16qam-r1/3,w48,19,1,0,data,ok,18,18,9.0,194.2
mpp,8.0,1,ack-1f,w,2,2,0,ctl,ok,0,0,10.4,194.2
mpp,8.0,1,w48-16qam-r1/3,w48,19,1,0,data,ctl_lost,18,11,7.3,194.2
mpp,8.0,1,ack-4f,w,2,2,0,ctl,ok,0,0,13.6,194.2
mpp,8.0,1,ack-4f,w,2,2,0,ctl,ok,0,0,10.1,194.2
mpp,8.0,1,w48-16qam-r1/3,w48,19,1,0,data,ok,18,18,9.2,194.2
mpp,8.0,1,ack-1f,w,2,2,0,ctl,ok,0,0,11.1,194.2
mpp,8.0,1,w48-16qam-r1/3,w48,19,1,0,data,ok,18,18,10.3,194.2
mpp,8.0,1,ack-1f,w,2,2,0,ctl,ok,0,0,12.8,194.2
mpp,8.0,1,w48-16qam-r1/3,w48,19,1,0,data,ok,18,18,10.4,194.2
mpp,8.0,1,ack-1f,w,2,2,0,ctl,ok,0,0,10.3,194.2
mpp,8.0,1,w48-16qam-r1/3,w48,19,1,0,data,ok,18,18,9.8,194.2
mpp,8.0,1,ack-1f,w,2,2,0,ctl,ok,0,0,10.6,194.2
mpp,8.0,1,w48-16qam-r1/3,w48,19,1,0,data,ok,18,18,10.6,194.2
mpp,8.0,1,ack-1f,w,2,2,0,ctl,ok,0,0,10.9,194.2
mpp,8.0,1,w48-16qam-r1/3,w48,19,1,0,data,ok,18,18,10.5,194.2
mpp,8.0,1,ack-1f,w,2,2,0,ctl,ok,0,0,4.3,194.2
mpp,8.0,1,w48-16qam-r1/3,w48,19,1,0,data,ok,18,18,9.0,194.2
mpp,8.0,1,ack-1f,w,2,2,0,ctl,ok,0,0,8.6,194.2
mpp,8.0,1,w48-16qam-r1/3,w48,19,1,0,data,ctl_lost,18,18,8.2,194.2
mpp,8.0,1,ack-4f,w,3,3,0,ctl,ok,0,0,12.3,194.2
mpp,8.0,1,ack-4f,w,3,3,0,ctl,ok,0,0,11.8,194.2
mpp,8.0,1,w48-16qam-r1/3,w48,19,2,1,data,ok,17,17,9.7,194.2
mpp,8.0,1,ack-1f,w,2,2,0,ctl,ok,0,0,12.5,194.2
mpp,8.0,1,w48-16qam-r1/3,w48,19,1,0,data,ok,18,18,10.1,194.2
mpp,8.0,1,ack-1f,w,2,2,0,ctl,ok,0,0,11.3,194.2
mpp,8.0,1,w48-16qam-r1/3,w48,19,1,0,data,ok,18,18,8.0,194.2
mpp,8.0,1,ack-1f,w,3,3,0,ctl,ok,0,0,12.4,194.2
mpp,8.0,1,w48-16qam-r1/3,w48,19,2,1,data,ok,17,17,9.7,194.2
mpp,8.0,1,ack-1f,w,3,3,0,ctl,ok,0,0,7.8,194.2
mpp,8.0,1,w48-16qam-r1/3,w48,19,2,1,data,ok,17,17,9.8,194.2
mpp,8.0,1,ack-1f,w,2,2,0,ctl,ok,0,0,13.5,194.2
mpp,8.0,1,w48-16qam-r1/3,w48,19,1,0,data,ok,18,18,9.5,194.2
mpp,8.0,1,ack-1f,w,2,2,0,ctl,ok,0,0,7.2,194.2
mpp,8.0,1,w48-16qam-r1/3,w48,19,1,0,data,ok,18,18,10.1,194.2
mpp,8.0,1,ack-1f,w,2,2,0,ctl,ok,0,0,12.2,194.2
mpp,8.0,1,w48-16qam-r1/3,w48,19,1,0,data,ok,18,18,9.6,194.2
mpp,8.0,1,ack-1f,w,2,2,0,ctl,ok,0,0,12.7,194.2
mpp,8.0,1,w48-16qam-r1/3,w48,19,1,0,data,ok,18,18,8.6,194.2
mpp,8.0,1,ack-1f,w,3,3,0,ctl,ok,0,0,11.9,194.2
mpp,8.0,1,w48-16qam-r1/3,w48,19,2,1,data,ok,17,17,10.5,194.2
mpp,8.0,1,ack-1f,w,2,2,0,ctl,ok,0,0,6.1,194.2
mpp,8.0,1,w48-16qam-r1/3,w48,19,1,0,data,ok,18,18,8.8,194.2
mpp,8.0,1,ack-1f,w,2,2,0,ctl,ok,0,0,11.2,194.2
mpp,8.0,1,w48-16qam-r1/3,w48,19,1,0,data,ok,18,18,9.6,194.2
mpp,8.0,1,ack-1f,w,2,2,0,ctl,ok,0,0,9.5,194.2
mpp,8.0,1,w48-16qam-r1/3,w48,19,1,0,data,ok,18,18,9.5,194.2
mpp,8.0,1,ack-1f,w,2,2,0,ctl,ok,0,0,11.3,194.2
mpp,8.0,1,w48-16qam-r1/3,w48,19,1,0,data,ok,18,18,10.0,194.2
mpp,8.0,1,ack-1f,w,2,2,0,ctl,ok,0,0,7.7,194.2
mpp,8.0,1,w48-16qam-r1/3,w48,19,1,0,data,ok,18,18,9.1,194.2
mpp,8.0,1,ack-1f,w,2,2,0,ctl,ok,0,0,13.7,194.2
mpp,8.0,1,w48-16qam-r1/3,w48,19,1,0,data,ok,18,18,8.8,194.2
mpp,8.0,1,ack-1f,w,2,2,0,ctl,ok,0,0,7.9,194.2
mpp,8.0,2,qpsk-r1/5,w,1,1,0,ctl,ok,0,0,10.6,204.0
mpp,8.0,2,qpsk-r1/5,w,1,1,0,ctl,ok,0,0,12.2,204.0
mpp,8.0,2,ack-4f,w,2,2,0,ctl,ok,0,0,8.3,204.0
mpp,8.0,2,ack-1f,w,3,3,0,ctl,ok,0,0,9.3,204.0
mpp,8.0,2,w48-16qam-r1/3,w48,19,2,1,data,ok,17,17,9.5,204.0
mpp,8.0,2,ack-1f,w,3,3,0,ctl,ok,0,0,6.5,204.0
mpp,8.0,2,w48-16qam-r1/3,w48,19,2,1,data,ok,17,17,9.9,204.0
mpp,8.0,2,ack-1f,w,2,2,0,ctl,ok,0,0,9.7,204.0
mpp,8.0,2,w48-16qam-r1/3,w48,19,1,0,data,ok,18,18,8.9,204.0
mpp,8.0,2,ack-1f,w,2,2,0,ctl,ok,0,0,10.0,204.0
mpp,8.0,2,w48-16qam-r1/3,w48,19,1,0,data,ok,18,18,9.0,204.0
mpp,8.0,2,ack-1f,w,3,3,0,ctl,ok,0,0,10.8,204.0
mpp,8.0,2,w48-16qam-r1/3,w48,19,2,1,data,ok,17,17,8.9,204.0
mpp,8.0,2,ack-1f,w,2,2,0,ctl,ok,0,0,13.4,204.0
mpp,8.0,2,w48-16qam-r1/3,w48,19,1,0,data,ok,18,18,10.4,204.0
mpp,8.0,2,ack-1f,w,2,2,0,ctl,ok,0,0,10.9,204.0
mpp,8.0,2,w48-16qam-r1/3,w48,19,1,0,data,ok,18,18,9.8,204.0
mpp,8.0,2,ack-1f,w,2,2,0,ctl,ok,0,0,11.5,204.0
mpp,8.0,2,w48-16qam-r1/3,w48,19,1,0,data,ok,18,18,10.1,204.0
mpp,8.0,2,ack-1f,w,2,2,0,ctl,ok,0,0,6.4,204.0
mpp,8.0,2,w48-16qam-r1/3,w48,19,1,0,data,ok,18,18,8.7,204.0
mpp,8.0,2,ack-1f,w,2,2,0,ctl,ok,0,0,7.9,204.0
mpp,8.0,2,w48-16qam-r1/3,w48,19,1,0,data,ok,18,18,9.6,204.0
mpp,8.0,2,ack-1f,w,2,2,0,ctl,ok,0,0,14.6,204.0
mpp,8.0,2,w48-16qam-r1/3,w48,19,1,0,data,ok,18,18,8.9,204.0
mpp,8.0,2,ack-1f,w,2,2,0,ctl,ok,0,0,9.8,204.0
mpp,8.0,2,w48-16qam-r1/3,w48,19,1,0,data,ok,18,18,9.4,204.0
mpp,8.0,2,ack-1f,w,2,2,0,ctl,ok,0,0,13.8,204.0
mpp,8.0,2,w48-16qam-r1/3,w48,19,1,0,data,ok,18,18,11.1,204.0
mpp,8.0,2,ack-1f,w,2,2,0,ctl,ok,0,0,6.4,204.0
mpp,8.0,2,w48-16qam-r1/3,w48,19,1,0,data,ok,18,18,10.6,204.0
mpp,8.0,2,ack-1f,w,2,2,0,ctl,ok,0,0,13.4,204.0
mpp,8.0,2,w48-16qam-r1/3,w48,19,1,0,data,ok,18,18,9.3,204.0
mpp,8.0,2,ack-1f,w,2,2,0,ctl,ok,0,0,7.2,204.0
mpp,8.0,2,w48-16qam-r1/3,w48,19,1,0,data,ok,18,18,10.0,204.0
mpp,8.0,2,ack-1f,w,2,2,0,ctl,ok,0,0,13.0,204.0
mpp,8.0,2,w48-16qam-r1/3,w48,19,1,0,data,ok,18,18,10.1,204.0
mpp,8.0,2,ack-1f,w,2,2,0,ctl,ok,0,0,13.0,204.0
mpp,8.0,2,w48-16qam-r1/3,w48,19,1,0,data,ok,18,18,8.2,204.0
mpp,8.0,2,ack-1f,w,2,2,0,ctl,ok,0,0,8.3,204.0
mpp,8.0,2,w48-16qam-r1/3,w48,19,1,0,data,ok,18,18,10.9,204.0
mpp,8.0,2,ack-1f,w,2,2,0,ctl,ok,0,0,12.9,204.0
mpp,8.0,2,w48-16qam-r1/3,w48,19,1,0,data,ok,18,18,9.5,204.0
mpp,8.0,2,ack-1f,w,2,2,0,ctl,ok,0,0,16.1,204.0
mpp,8.0,2,w48-16qam-r1/3,w48,19,1,0,data,ok,18,18,10.4,204.0
mpp,8.0,2,ack-1f,w,2,2,0,ctl,ok,0,0,7.7,204.0
mpp,8.0,2,w48-16qam-r1/3,w48,19,1,0,data,ok,18,18,8.4,204.0
mpp,8.0,2,ack-1f,w,2,2,0,ctl,ok,0,0,8.2,204.0
mpp,8.0,2,w48-16qam-r1/3,w48,19,1,0,data,ok,18,18,9.6,204.0
mpp,8.0,2,ack-1f,w,2,2,0,ctl,ok,0,0,10.4,204.0
mpp,8.0,2,w48-16qam-r1/3,w48,19,1,0,data,ok,18,18,9.8,204.0
mpp,8.0,2,ack-1f,w,2,2,0,ctl,ok,0,0,13.5,204.0
mpp,8.0,2,w48-16qam-r1/3,w48,19,1,0,data,ok,18,18,10.4,204.0
mpp,8.0,2,ack-1f,w,2,2,0,ctl,ok,0,0,9.1,204.0
mpp,8.0,2,w48-16qam-r1/3,w48,19,1,0,data,ok,18,18,9.2,204.0
mpp,8.0,2,ack-1f,w,2,2,0,ctl,ok,0,0,11.7,204.0
mpp,8.0,2,w48-16qam-r1/3,w48,19,1,0,data,ok,18,18,10.5,204.0
mpp,8.0,2,ack-1f,w,2,2,0,ctl,ok,0,0,10.5,204.0
mpp,8.0,2,w48-16qam-r1/3,w48,19,1,0,data,ok,18,18,10.4,204.0
mpp,8.0,2,ack-1f,w,2,2,0,ctl,ok,0,0,13.1,204.0
mpp,8.0,2,w48-16qam-r1/3,w48,19,1,0,data,ok,18,18,10.9,204.0
mpp,8.0,2,ack-1f,w,2,2,0,ctl,ok,0,0,12.4,204.0
mpp,8.0,2,w48-16qam-r1/3,w48,19,1,0,data,ok,18,18,9.7,204.0
mpp,8.0,2,ack-1f,w,2,2,0,ctl,ok,0,0,10.9,204.0
mpp,8.0,2,w48-16qam-r1/3,w48,19,1,0,data,ok,18,18,10.7,204.0
mpp,8.0,2,ack-1f,w,2,2,0,ctl,ok,0,0,8.7,204.0
mpp,8.0,2,w48-16qam-r1/3,w48,19,1,0,data,ok,18,18,9.0,204.0
mpp,8.0,2,ack-1f,w,2,2,0,ctl,ok,0,0,9.5,204.0
mpp,8.0,2,w48-16qam-r1/3,w48,19,1,0,data,ok,18,18,10.4,204.0
mpp,8.0,2,ack-1f,w,2,2,0,ctl,ok,0,0,10.8,204.0
mpp,8.0,2,w48-16qam-r1/3,w48,19,1,0,data,ok,18,18,9.8,204.0
mpp,8.0,2,ack-1f,w,2,2,0,ctl,ok,0,0,9.5,204.0
mpp,8.0,2,w48-16qam-r1/3,w48,19,1,0,data,ok,18,18,9.1,204.0
mpp,8.0,2,ack-1f,w,2,2,0,ctl,ok,0,0,12.2,204.0
mpp,8.0,2,w48-16qam-r1/3,w48,19,1,0,data,ok,18,18,10.2,204.0
mpp,8.0,2,ack-1f,w,2,2,0,ctl,ok,0,0,12.8,204.0
mpp,8.0,2,w48-16qam-r1/3,w48,19,1,0,data,ok,18,18,10.0,204.0
mpp,8.0,2,ack-1f,w,2,2,0,ctl,ok,0,0,11.7,204.0
mpp,8.0,2,w48-16qam-r1/3,w48,19,1,0,data,ok,18,18,10.0,204.0
mpp,8.0,2,ack-1f,w,2,2,0,ctl,ok,0,0,8.5,204.0
mpp,8.0,2,w48-16qam-r1/3,w48,19,1,0,data,ok,18,18,11.1,204.0
mpp,8.0,2,ack-1f,w,2,2,0,ctl,ok,0,0,10.6,204.0
mpp,8.0,2,w48-16qam-r1/3,w48,19,1,0,data,ok,18,18,9.7,204.0
mpp,8.0,2,ack-1f,w,2,2,0,ctl,ok,0,0,11.6,204.0
mpp,8.0,2,w48-16qam-r1/3,w48,19,1,0,data,ok,18,18,8.7,204.0
mpp,8.0,2,ack-1f,w,2,2,0,ctl,ok,0,0,14.8,204.0
mpp,8.0,2,w48-16qam-r1/3,w48,19,1,0,data,ok,18,18,11.7,204.0
mpp,8.0,2,ack-1f,w,2,2,0,ctl,ok,0,0,9.5,204.0
mpp,8.0,2,w48-16qam-r1/3,w48,19,1,0,data,ok,18,18,9.8,204.0
mpp,8.0,2,ack-1f,w,2,2,0,ctl,ok,0,0,11.9,204.0
mpp,8.0,2,w48-16qam-r1/3,w48,19,1,0,data,ok,18,18,9.9,204.0
mpp,8.0,2,ack-1f,w,2,2,0,ctl,ok,0,0,13.2,204.0
mpp,8.0,2,w48-16qam-r1/3,w48,19,1,0,data,ok,18,18,8.8,204.0
mpp,8.0,4,qpsk-r1/5,w,1,1,0,ctl,ok,0,0,14.2,204.4
mpp,8.0,4,qpsk-r1/5,w,1,1,0,ctl,ok,0,0,11.2,204.4
mpp,8.0,4,ack-4f,w,2,2,0,ctl,ok,0,0,11.0,204.4
mpp,8.0,4,ack-1f,w,2,2,0,ctl,ok,0,0,14.3,204.4
mpp,8.0,4,w48-16qam-r1/3,w48,19,1,0,data,ok,18,18,10.7,204.4
mpp,8.0,4,ack-1f,w,2,2,0,ctl,ok,0,0,8.6,204.4
mpp,8.0,4,w48-16qam-r1/3,w48,19,1,0,data,ok,18,18,9.3,204.4
mpp,8.0,4,ack-1f,w,2,2,0,ctl,ok,0,0,12.0,204.4
mpp,8.0,4,w48-16qam-r1/3,w48,19,1,0,data,ok,18,18,9.3,204.4
mpp,8.0,4,ack-1f,w,2,2,0,ctl,ok,0,0,12.8,204.4
mpp,8.0,4,w48-16qam-r1/3,w48,19,1,0,data,ok,18,18,8.5,204.4
mpp,8.0,4,ack-1f,w,3,3,0,ctl,ok,0,0,6.7,204.4
mpp,8.0,4,w48-16qam-r1/3,w48,19,2,1,data,ok,17,17,10.1,204.4
mpp,8.0,4,ack-1f,w,2,2,0,ctl,ok,0,0,7.5,204.4
mpp,8.0,4,w48-16qam-r1/3,w48,19,1,0,data,ok,18,18,9.5,204.4
mpp,8.0,4,ack-1f,w,2,2,0,ctl,ok,0,0,11.5,204.4
mpp,8.0,4,w48-16qam-r1/3,w48,19,1,0,data,ok,18,18,9.6,204.4
mpp,8.0,4,ack-1f,w,2,2,0,ctl,ok,0,0,13.9,204.4
mpp,8.0,4,w48-16qam-r1/3,w48,19,1,0,data,ok,18,18,8.2,204.4
mpp,8.0,4,ack-1f,w,3,3,0,ctl,ok,0,0,15.4,204.4
mpp,8.0,4,w48-16qam-r1/3,w48,19,2,1,data,ok,17,17,10.0,204.4
mpp,8.0,4,ack-1f,w,2,2,0,ctl,ok,0,0,10.8,204.4
mpp,8.0,4,w48-16qam-r1/3,w48,19,1,0,data,ok,18,18,9.5,204.4
mpp,8.0,4,ack-1f,w,2,2,0,ctl,ok,0,0,8.1,204.4
mpp,8.0,4,w48-16qam-r1/3,w48,19,1,0,data,ok,18,18,9.7,204.4
mpp,8.0,4,ack-1f,w,2,2,0,ctl,ok,0,0,9.9,204.4
mpp,8.0,4,w48-16qam-r1/3,w48,19,1,0,data,ok,18,18,9.0,204.4
mpp,8.0,4,ack-1f,w,2,2,0,ctl,ok,0,0,9.3,204.4
mpp,8.0,4,w48-16qam-r1/3,w48,19,1,0,data,ok,18,18,10.0,204.4
mpp,8.0,4,ack-1f,w,2,2,0,ctl,ok,0,0,6.6,204.4
mpp,8.0,4,w48-16qam-r1/3,w48,19,1,0,data,ok,18,18,9.6,204.4
mpp,8.0,4,ack-1f,w,2,2,0,ctl,ok,0,0,5.9,204.4
mpp,8.0,4,w48-16qam-r1/3,w48,19,1,0,data,ok,18,18,9.4,204.4
mpp,8.0,4,ack-1f,w,2,2,0,ctl,ok,0,0,5.6,204.4
mpp,8.0,4,w48-16qam-r1/3,w48,19,1,0,data,ok,18,18,10.1,204.4
mpp,8.0,4,ack-1f,w,2,2,0,ctl,ok,0,0,8.9,204.4
mpp,8.0,4,w48-16qam-r1/3,w48,19,1,0,data,ok,18,18,10.5,204.4
mpp,8.0,4,ack-1f,w,2,2,0,ctl,ok,0,0,14.1,204.4
mpp,8.0,4,w48-16qam-r1/3,w48,19,1,0,data,ok,18,18,10.1,204.4
mpp,8.0,4,ack-1f,w,2,2,0,ctl,ok,0,0,8.6,204.4
mpp,8.0,4,w48-16qam-r1/3,w48,19,1,0,data,ok,18,18,9.7,204.4
mpp,8.0,4,ack-1f,w,2,2,0,ctl,ok,0,0,9.0,204.4
mpp,8.0,4,w48-16qam-r1/3,w48,19,1,0,data,ok,18,18,10.4,204.4
mpp,8.0,4,ack-1f,w,2,2,0,ctl,ok,0,0,12.2,204.4
mpp,8.0,4,w48-16qam-r1/3,w48,19,1,0,data,ok,18,18,8.8,204.4
mpp,8.0,4,ack-1f,w,2,2,0,ctl,ok,0,0,14.1,204.4
mpp,8.0,4,w48-16qam-r1/3,w48,19,1,0,data,ok,18,18,9.5,204.4
mpp,8.0,4,ack-1f,w,2,2,0,ctl,ok,0,0,8.9,204.4
mpp,8.0,4,w48-16qam-r1/3,w48,19,1,0,data,ok,18,18,9.8,204.4
mpp,8.0,4,ack-1f,w,2,2,0,ctl,ok,0,0,15.0,204.4
mpp,8.0,4,w48-16qam-r1/3,w48,19,1,0,data,ok,18,18,9.8,204.4
mpp,8.0,4,ack-1f,w,2,2,0,ctl,ok,0,0,10.5,204.4
mpp,8.0,4,w48-16qam-r1/3,w48,19,1,0,data,ok,18,18,9.4,204.4
mpp,8.0,4,ack-1f,w,2,2,0,ctl,ok,0,0,15.3,204.4
mpp,8.0,4,w48-16qam-r1/3,w48,19,1,0,data,ok,18,18,10.0,204.4
mpp,8.0,4,ack-1f,w,2,2,0,ctl,ok,0,0,8.0,204.4
mpp,8.0,4,w48-16qam-r1/3,w48,19,1,0,data,ok,18,18,9.7,204.4
mpp,8.0,4,ack-1f,w,2,2,0,ctl,ok,0,0,7.8,204.4
mpp,8.0,4,w48-16qam-r1/3,w48,19,1,0,data,ok,18,18,9.2,204.4
mpp,8.0,4,ack-1f,w,2,2,0,ctl,ok,0,0,13.6,204.4
mpp,8.0,4,w48-16qam-r1/3,w48,19,1,0,data,ok,18,18,10.2,204.4
mpp,8.0,4,ack-1f,w,2,2,0,ctl,ok,0,0,8.9,204.4
mpp,8.0,4,w48-16qam-r1/3,w48,19,1,0,data,ok,18,18,7.9,204.4
mpp,8.0,4,ack-1f,w,2,2,0,ctl,ok,0,0,6.3,204.4
mpp,8.0,4,w48-16qam-r1/3,w48,19,1,0,data,ok,18,18,9.6,204.4
mpp,8.0,4,ack-1f,w,2,2,0,ctl,ok,0,0,11.6,204.4
mpp,8.0,4,w48-16qam-r1/3,w48,19,1,0,data,ok,18,18,9.9,204.4
mpp,8.0,4,ack-1f,w,2,2,0,ctl,ok,0,0,7.9,204.4
mpp,8.0,4,w48-16qam-r1/3,w48,19,1,0,data,ok,18,18,8.8,204.4
mpp,8.0,4,ack-1f,w,2,2,0,ctl,ok,0,0,6.2,204.4
mpp,8.0,4,w48-16qam-r1/3,w48,19,1,0,data,ok,18,18,10.6,204.4
mpp,8.0,4,ack-1f,w,2,2,0,ctl,ok,0,0,13.9,204.4
mpp,8.0,4,w48-16qam-r1/3,w48,19,1,0,data,ok,18,18,9.8,204.4
mpp,8.0,4,ack-1f,w,2,2,0,ctl,ok,0,0,7.6,204.4
mpp,8.0,4,w48-16qam-r1/3,w48,19,1,0,data,ok,18,18,9.0,204.4
mpp,8.0,4,ack-1f,w,2,2,0,ctl,ok,0,0,10.9,204.4
mpp,8.0,4,w48-16qam-r1/3,w48,19,1,0,data,ok,18,18,10.9,204.4
mpp,8.0,4,ack-1f,w,2,2,0,ctl,ok,0,0,12.6,204.4
mpp,8.0,4,w48-16qam-r1/3,w48,19,1,0,data,ok,18,18,10.2,204.4
mpp,8.0,4,ack-1f,w,2,2,0,ctl,ok,0,0,10.3,204.4
mpp,8.0,4,w48-16qam-r1/3,w48,19,1,0,data,ok,18,18,8.8,204.4
mpp,8.0,4,ack-1f,w,2,2,0,ctl,ok,0,0,11.9,204.4
mpp,8.0,4,w48-16qam-r1/3,w48,19,1,0,data,ok,18,18,9.2,204.4
mpp,8.0,4,ack-1f,w,2,2,0,ctl,ok,0,0,13.5,204.4
mpp,8.0,4,w48-16qam-r1/3,w48,19,1,0,data,ok,18,18,10.1,204.4
mpp,8.0,4,ack-1f,w,2,2,0,ctl,ok,0,0,13.3,204.4
mpp,8.0,4,w48-16qam-r1/3,w48,19,1,0,data,ok,18,18,11.4,204.4
mpp,8.0,4,ack-1f,w,2,2,0,ctl,ok,0,0,12.9,204.4
mpp,8.0,4,w48-16qam-r1/3,w48,19,1,0,data,ok,18,18,10.4,204.4
mpp,8.0,4,ack-1f,w,2,2,0,ctl,ok,0,0,6.5,204.4
mpp,8.0,4,w48-16qam-r1/3,w48,19,1,0,data,ok,18,18,10.8,204.4
mpp,8.0,4,ack-1f,w,2,2,0,ctl,ok,0,0,13.1,204.4
mpp,8.0,4,w48-16qam-r1/3,w48,19,1,0,data,ok,18,18,10.0,204.4
mpp,8.0,3,qpsk-r1/5,w,1,1,0,ctl,ok,0,0,10.6,202.7
mpp,8.0,3,qpsk-r1/5,w,1,1,0,ctl,ok,0,0,9.1,202.7
mpp,8.0,3,ack-4f,w,2,2,0,ctl,ok,0,0,10.8,202.7
mpp,8.0,3,ack-1f,w,3,3,0,ctl,ok,0,0,5.9,202.7
mpp,8.0,3,w48-16qam-r1/3,w48,19,2,1,data,ok,17,17,8.5,202.7
mpp,8.0,3,ack-1f,w,3,3,0,ctl,ok,0,0,12.8,202.7
mpp,8.0,3,w48-16qam-r1/3,w48,19,2,1,data,ok,17,17,9.5,202.7
mpp,8.0,3,ack-1f,w,2,2,0,ctl,ok,0,0,13.6,202.7
mpp,8.0,3,w48-16qam-r1/3,w48,19,1,0,data,ok,18,13,7.7,202.7
mpp,8.0,3,ack-1f,w,4,4,0,ctl,ok,0,0,12.8,202.7
mpp,8.0,3,w48-16qam-r1/3,w48,19,2,1,data,ok,12,12,10.1,202.7
mpp,8.0,3,ack-1f,w,2,2,0,ctl,ok,0,0,3.9,202.7
mpp,8.0,3,w48-16qam-r1/3,w48,19,1,0,data,ok,18,18,10.9,202.7
mpp,8.0,3,ack-1f,w,2,2,0,ctl,ok,0,0,14.6,202.7
mpp,8.0,3,w48-16qam-r1/3,w48,19,1,0,data,ok,18,18,11.3,202.7
mpp,8.0,3,ack-1f,w,2,2,0,ctl,ok,0,0,11.6,202.7
mpp,8.0,3,w48-16qam-r1/3,w48,19,1,0,data,ok,18,18,9.8,202.7
mpp,8.0,3,ack-1f,w,2,2,0,ctl,ok,0,0,13.2,202.7
mpp,8.0,3,w48-16qam-r1/3,w48,19,1,0,data,ok,18,18,9.5,202.7
mpp,8.0,3,ack-1f,w,2,2,0,ctl,ok,0,0,7.2,202.7
mpp,8.0,3,w48-16qam-r1/3,w48,19,1,0,data,ok,18,18,9.7,202.7
mpp,8.0,3,ack-1f,w,2,2,0,ctl,ok,0,0,11.8,202.7
mpp,8.0,3,w48-16qam-r1/3,w48,19,1,0,data,ok,18,18,10.6,202.7
mpp,8.0,3,ack-1f,w,2,2,0,ctl,ok,0,0,9.5,202.7
mpp,8.0,3,w48-16qam-r1/3,w48,19,1,0,data,ok,18,18,9.5,202.7
mpp,8.0,3,ack-1f,w,2,2,0,ctl,ok,0,0,14.6,202.7
mpp,8.0,3,w48-16qam-r1/3,w48,19,1,0,data,ok,18,18,10.8,202.7
mpp,8.0,3,ack-1f,w,2,2,0,ctl,ok,0,0,9.7,202.7
mpp,8.0,3,w48-16qam-r1/3,w48,19,1,0,data,ok,18,18,9.8,202.7
mpp,8.0,3,ack-1f,w,2,2,0,ctl,ok,0,0,9.7,202.7
mpp,8.0,3,w48-16qam-r1/3,w48,19,1,0,data,ok,18,18,9.3,202.7
mpp,8.0,3,ack-1f,w,2,2,0,ctl,ok,0,0,13.6,202.7
mpp,8.0,3,w48-16qam-r1/3,w48,19,1,0,data,ok,18,18,10.0,202.7
mpp,8.0,3,ack-1f,w,2,2,0,ctl,ok,0,0,9.2,202.7
mpp,8.0,3,w48-16qam-r1/3,w48,19,1,0,data,ok,18,18,10.2,202.7
mpp,8.0,3,ack-1f,w,2,2,0,ctl,ok,0,0,9.1,202.7
mpp,8.0,3,w48-16qam-r1/3,w48,19,1,0,data,ok,18,18,9.3,202.7
mpp,8.0,3,ack-1f,w,2,2,0,ctl,ok,0,0,12.8,202.7
mpp,8.0,3,w48-16qam-r1/3,w48,19,1,0,data,ok,18,18,8.3,202.7
mpp,8.0,3,ack-1f,w,2,2,0,ctl,ok,0,0,10.2,202.7
mpp,8.0,3,w48-16qam-r1/3,w48,19,1,0,data,ok,18,18,9.2,202.7
mpp,8.0,3,ack-1f,w,2,2,0,ctl,ok,0,0,11.5,202.7
mpp,8.0,3,w48-16qam-r1/3,w48,19,1,0,data,ok,18,18,9.3,202.7
mpp,8.0,3,ack-1f,w,2,2,0,ctl,ok,0,0,9.8,202.7
mpp,8.0,3,w48-16qam-r1/3,w48,19,1,0,data,ok,18,18,9.4,202.7
mpp,8.0,3,ack-1f,w,2,2,0,ctl,ok,0,0,9.4,202.7
mpp,8.0,3,w48-16qam-r1/3,w48,19,1,0,data,ok,18,18,9.1,202.7
mpp,8.0,3,ack-1f,w,2,2,0,ctl,ctl_lost,0,0,1.2,202.7
mpp,8.0,3,ack-4f,w,3,3,0,ctl,ok,0,0,10.1,202.7
mpp,8.0,3,ack-4f,w,2,2,0,ctl,ok,0,0,10.9,202.7
mpp,8.0,3,w48-16qam-r1/3,w48,19,1,0,data,ok,18,18,10.2,202.7
mpp,8.0,3,ack-1f,w,2,2,0,ctl,ok,0,0,10.1,202.7
mpp,8.0,3,w48-16qam-r1/3,w48,19,1,0,data,ok,18,18,8.7,202.7
mpp,8.0,3,ack-1f,w,2,2,0,ctl,ok,0,0,13.8,202.7
mpp,8.0,3,w48-16qam-r1/3,w48,19,1,0,data,ok,18,18,9.3,202.7
mpp,8.0,3,ack-1f,w,2,2,0,ctl,ok,0,0,11.1,202.7
mpp,8.0,3,w48-16qam-r1/3,w48,19,1,0,data,ok,18,18,9.6,202.7
mpp,8.0,3,ack-1f,w,2,2,0,ctl,ok,0,0,13.1,202.7
mpp,8.0,3,w48-16qam-r1/3,w48,19,1,0,data,ok,18,18,9.4,202.7
mpp,8.0,3,ack-1f,w,2,2,0,ctl,ok,0,0,11.3,202.7
mpp,8.0,3,w48-16qam-r1/3,w48,19,1,0,data,ok,18,18,10.1,202.7
mpp,8.0,3,ack-1f,w,2,2,0,ctl,ok,0,0,9.7,202.7
mpp,8.0,3,w48-16qam-r1/3,w48,19,1,0,data,ok,18,18,8.8,202.7
mpp,8.0,3,ack-1f,w,2,2,0,ctl,ok,0,0,9.6,202.7
mpp,8.0,3,w48-16qam-r1/3,w48,19,1,0,data,ok,18,18,9.6,202.7
mpp,8.0,3,ack-1f,w,2,2,0,ctl,ok,0,0,12.9,202.7
mpp,8.0,3,w48-16qam-r1/3,w48,19,1,0,data,ok,18,18,11.5,202.7
mpp,8.0,3,ack-1f,w,2,2,0,ctl,ok,0,0,11.1,202.7
mpp,8.0,3,w48-16qam-r1/3,w48,19,1,0,data,ok,18,18,8.8,202.7
mpp,8.0,3,ack-1f,w,2,2,0,ctl,ok,0,0,11.1,202.7
mpp,8.0,3,w48-16qam-r1/3,w48,19,1,0,data,ok,18,18,10.2,202.7
mpp,8.0,3,ack-1f,w,2,2,0,ctl,ok,0,0,8.6,202.7
mpp,8.0,3,w48-16qam-r1/3,w48,19,1,0,data,ok,18,18,9.1,202.7
mpp,8.0,3,ack-1f,w,2,2,0,ctl,ok,0,0,12.3,202.7
mpp,8.0,3,w48-16qam-r1/3,w48,19,1,0,data,ok,18,18,9.7,202.7
mpp,8.0,3,ack-1f,w,2,2,0,ctl,ok,0,0,10.2,202.7
mpp,8.0,3,w48-16qam-r1/3,w48,19,1,0,data,ok,18,18,10.4,202.7
mpp,8.0,3,ack-1f,w,2,2,0,ctl,ok,0,0,9.5,202.7
mpp,8.0,3,w48-16qam-r1/3,w48,19,1,0,data,ok,18,18,9.7,202.7
mpp,8.0,3,ack-1f,w,2,2,0,ctl,ok,0,0,9.8,202.7
mpp,8.0,3,w48-16qam-r1/3,w48,19,1,0,data,ok,18,18,9.8,202.7
mpp,8.0,3,ack-1f,w,2,2,0,ctl,ok,0,0,10.6,202.7
mpp,8.0,3,w48-16qam-r1/3,w48,19,1,0,data,ok,18,18,9.9,202.7
mpp,8.0,3,ack-1f,w,2,2,0,ctl,ok,0,0,6.6,202.7
mpp,8.0,3,w48-16qam-r1/3,w48,19,1,0,data,ok,18,18,11.1,202.7
mpp,8.0,3,ack-1f,w,2,2,0,ctl,ok,0,0,9.7,202.7
mpp,8.0,3,w48-16qam-r1/3,w48,19,1,0,data,ok,18,18,10.2,202.7
mpp,8.0,3,ack-1f,w,2,2,0,ctl,ok,0,0,11.1,202.7
mpp,8.0,3,w48-16qam-r1/3,w48,19,1,0,data,ok,18,18,9.7,202.7
mpp,8.0,3,ack-1f,w,2,2,0,ctl,ok,0,0,9.3,202.7
mpp,8.0,3,w48-16qam-r1/3,w48,19,1,0,data,ok,18,18,9.4,202.7
mpp,8.0,3,ack-1f,w,2,2,0,ctl,ok,0,0,8.4,202.7
mpp,8.0,3,w48-16qam-r1/3,w48,19,1,0,data,ok,18,18,9.1,202.7
mpp,8.0,3,ack-1f,w,2,2,0,ctl,ok,0,0,6.9,202.7
mpp,8.0,3,w48-16qam-r1/3,w48,19,1,0,data,ok,18,18,9.3,202.7
mpp,8.0,5,qpsk-r1/5,w,1,1,0,ctl,ok,0,0,9.9,204.4
mpp,8.0,5,qpsk-r1/5,w,1,1,0,ctl,ok,0,0,9.4,204.4
mpp,8.0,5,ack-4f,w,3,3,0,ctl,ok,0,0,12.1,204.4
mpp,8.0,5,ack-1f,w,2,2,0,ctl,ok,0,0,12.1,204.4
mpp,8.0,5,w48-16qam-r1/3,w48,19,1,0,data,ok,18,18,10.9,204.4
mpp,8.0,5,ack-1f,w,2,2,0,ctl,ok,0,0,15.4,204.4
mpp,8.0,5,w48-16qam-r1/3,w48,19,1,0,data,ok,18,18,10.6,204.4
mpp,8.0,5,ack-1f,w,2,2,0,ctl,ok,0,0,10.4,204.4
mpp,8.0,5,w48-16qam-r1/3,w48,19,1,0,data,ok,18,18,10.1,204.4
mpp,8.0,5,ack-1f,w,2,2,0,ctl,ok,0,0,9.3,204.4
mpp,8.0,5,w48-16qam-r1/3,w48,19,1,0,data,ok,18,18,8.4,204.4
mpp,8.0,5,ack-1f,w,3,3,0,ctl,ok,0,0,9.7,204.4
mpp,8.0,5,w48-16qam-r1/3,w48,19,2,1,data,ok,17,17,9.9,204.4
mpp,8.0,5,ack-1f,w,2,2,0,ctl,ok,0,0,6.6,204.4
mpp,8.0,5,w48-16qam-r1/3,w48,19,1,0,data,ok,18,18,9.4,204.4
mpp,8.0,5,ack-1f,w,2,2,0,ctl,ok,0,0,13.0,204.4
mpp,8.0,5,w48-16qam-r1/3,w48,19,1,0,data,ok,18,18,9.5,204.4
mpp,8.0,5,ack-1f,w,2,2,0,ctl,ok,0,0,8.1,204.4
mpp,8.0,5,w48-16qam-r1/3,w48,19,1,0,data,ok,18,18,8.5,204.4
mpp,8.0,5,ack-1f,w,3,3,0,ctl,ok,0,0,10.9,204.4
mpp,8.0,5,w48-16qam-r1/3,w48,19,2,1,data,ok,17,17,9.7,204.4
mpp,8.0,5,ack-1f,w,2,2,0,ctl,ok,0,0,12.3,204.4
mpp,8.0,5,w48-16qam-r1/3,w48,19,1,0,data,ok,18,18,9.9,204.4
mpp,8.0,5,ack-1f,w,2,2,0,ctl,ok,0,0,6.1,204.4
mpp,8.0,5,w48-16qam-r1/3,w48,19,1,0,data,ok,18,18,10.0,204.4
mpp,8.0,5,ack-1f,w,2,2,0,ctl,ok,0,0,10.5,204.4
mpp,8.0,5,w48-16qam-r1/3,w48,19,1,0,data,ok,18,18,9.3,204.4
mpp,8.0,5,ack-1f,w,2,2,0,ctl,ok,0,0,11.3,204.4
mpp,8.0,5,w48-16qam-r1/3,w48,19,1,0,data,ok,18,18,9.5,204.4
mpp,8.0,5,ack-1f,w,2,2,0,ctl,ok,0,0,3.5,204.4
mpp,8.0,5,w48-16qam-r1/3,w48,19,1,0,data,ok,18,18,8.6,204.4
mpp,8.0,5,ack-1f,w,2,2,0,ctl,ok,0,0,12.2,204.4
mpp,8.0,5,w48-16qam-r1/3,w48,19,1,0,data,ok,18,18,9.4,204.4
mpp,8.0,5,ack-1f,w,2,2,0,ctl,ok,0,0,10.6,204.4
mpp,8.0,5,w48-16qam-r1/3,w48,19,1,0,data,ok,18,18,9.6,204.4
mpp,8.0,5,ack-1f,w,2,2,0,ctl,ok,0,0,11.2,204.4
mpp,8.0,5,w48-16qam-r1/3,w48,19,1,0,data,ok,18,18,10.1,204.4
mpp,8.0,5,ack-1f,w,2,2,0,ctl,ok,0,0,14.2,204.4
mpp,8.0,5,w48-16qam-r1/3,w48,19,1,0,data,ok,18,18,9.5,204.4
mpp,8.0,5,ack-1f,w,2,2,0,ctl,ok,0,0,8.4,204.4
mpp,8.0,5,w48-16qam-r1/3,w48,19,1,0,data,ok,18,18,10.5,204.4
mpp,8.0,5,ack-1f,w,2,2,0,ctl,ok,0,0,9.8,204.4
mpp,8.0,5,w48-16qam-r1/3,w48,19,1,0,data,ok,18,18,8.6,204.4
mpp,8.0,5,ack-1f,w,2,2,0,ctl,ok,0,0,0.3,204.4
mpp,8.0,5,w48-16qam-r1/3,w48,19,1,0,data,ok,18,18,9.9,204.4
mpp,8.0,5,ack-1f,w,2,2,0,ctl,ok,0,0,8.3,204.4
mpp,8.0,5,w48-16qam-r1/3,w48,19,1,0,data,ok,18,18,10.2,204.4
mpp,8.0,5,ack-1f,w,2,2,0,ctl,ok,0,0,12.4,204.4
mpp,8.0,5,w48-16qam-r1/3,w48,19,1,0,data,ok,18,18,11.0,204.4
mpp,8.0,5,ack-1f,w,2,2,0,ctl,ok,0,0,10.3,204.4
mpp,8.0,5,w48-16qam-r1/3,w48,19,1,0,data,ok,18,18,9.8,204.4
mpp,8.0,5,ack-1f,w,2,2,0,ctl,ok,0,0,13.5,204.4
mpp,8.0,5,w48-16qam-r1/3,w48,19,1,0,data,ok,18,18,8.4,204.4
mpp,8.0,5,ack-1f,w,2,2,0,ctl,ok,0,0,14.5,204.4
mpp,8.0,5,w48-16qam-r1/3,w48,19,1,0,data,ok,18,18,8.6,204.4
mpp,8.0,5,ack-1f,w,2,2,0,ctl,ok,0,0,11.3,204.4
mpp,8.0,5,w48-16qam-r1/3,w48,19,1,0,data,ok,18,18,10.3,204.4
mpp,8.0,5,ack-1f,w,2,2,0,ctl,ok,0,0,12.3,204.4
mpp,8.0,5,w48-16qam-r1/3,w48,19,1,0,data,ok,18,18,10.9,204.4
mpp,8.0,5,ack-1f,w,2,2,0,ctl,ok,0,0,7.1,204.4
mpp,8.0,5,w48-16qam-r1/3,w48,19,1,0,data,ok,18,18,9.7,204.4
mpp,8.0,5,ack-1f,w,2,2,0,ctl,ok,0,0,10.4,204.4
mpp,8.0,5,w48-16qam-r1/3,w48,19,1,0,data,ok,18,18,10.0,204.4
mpp,8.0,5,ack-1f,w,2,2,0,ctl,ok,0,0,4.1,204.4
mpp,8.0,5,w48-16qam-r1/3,w48,19,1,0,data,ok,18,18,9.4,204.4
mpp,8.0,5,ack-1f,w,2,2,0,ctl,ok,0,0,8.4,204.4
mpp,8.0,5,w48-16qam-r1/3,w48,19,1,0,data,ok,18,18,9.1,204.4
mpp,8.0,5,ack-1f,w,2,2,0,ctl,ok,0,0,10.1,204.4
mpp,8.0,5,w48-16qam-r1/3,w48,19,1,0,data,ok,18,18,9.4,204.4
mpp,8.0,5,ack-1f,w,2,2,0,ctl,ok,0,0,13.1,204.4
mpp,8.0,5,w48-16qam-r1/3,w48,19,1,0,data,ok,18,18,10.3,204.4
mpp,8.0,5,ack-1f,w,2,2,0,ctl,ok,0,0,9.3,204.4
mpp,8.0,5,w48-16qam-r1/3,w48,19,1,0,data,ok,18,18,9.2,204.4
mpp,8.0,5,ack-1f,w,2,2,0,ctl,ok,0,0,5.4,204.4
mpp,8.0,5,w48-16qam-r1/3,w48,19,1,0,data,ok,18,18,9.5,204.4
mpp,8.0,5,ack-1f,w,2,2,0,ctl,ok,0,0,9.8,204.4
mpp,8.0,5,w48-16qam-r1/3,w48,19,1,0,data,ok,18,18,10.8,204.4
mpp,8.0,5,ack-1f,w,2,2,0,ctl,ok,0,0,10.6,204.4
mpp,8.0,5,w48-16qam-r1/3,w48,19,1,0,data,ok,18,18,8.4,204.4
mpp,8.0,5,ack-1f,w,2,2,0,ctl,ok,0,0,7.2,204.4
mpp,8.0,5,w48-16qam-r1/3,w48,19,1,0,data,ok,18,18,8.5,204.4
mpp,8.0,5,ack-1f,w,2,2,0,ctl,ok,0,0,12.6,204.4
mpp,8.0,5,w48-16qam-r1/3,w48,19,1,0,data,ok,18,18,8.9,204.4
mpp,8.0,5,ack-1f,w,2,2,0,ctl,ok,0,0,9.3,204.4
mpp,8.0,5,w48-16qam-r1/3,w48,19,1,0,data,ok,18,18,9.7,204.4
mpp,8.0,5,ack-1f,w,2,2,0,ctl,ok,0,0,14.4,204.4
mpp,8.0,5,w48-16qam-r1/3,w48,19,1,0,data,ok,18,18,9.8,204.4
mpp,8.0,5,ack-1f,w,2,2,0,ctl,ok,0,0,8.1,204.4
mpp,8.0,5,w48-16qam-r1/3,w48,19,1,0,data,ok,18,18,9.7,204.4
mpp,8.0,5,ack-1f,w,2,2,0,ctl,ok,0,0,11.9,204.4
mpp,8.0,5,w48-16qam-r1/3,w48,19,1,0,data,ok,18,18,9.8,204.4
mpp,8.0,5,ack-1f,w,2,2,0,ctl,ok,0,0,12.2,204.4
mpp,8.0,5,w48-16qam-r1/3,w48,19,1,0,data,ok,18,18,9.1,204.4
mpp,8.0,6,qpsk-r1/5,w,1,1,0,ctl,ok,0,0,12.4,204.4
mpp,8.0,6,qpsk-r1/5,w,1,1,0,ctl,ok,0,0,12.7,204.4
mpp,8.0,6,ack-4f,w,2,2,0,ctl,ok,0,0,8.5,204.4
mpp,8.0,6,ack-1f,w,3,3,0,ctl,ok,0,0,9.3,204.4
mpp,8.0,6,w48-16qam-r1/3,w48,19,2,1,data,ok,17,17,9.7,204.4
mpp,8.0,6,ack-1f,w,2,2,0,ctl,ok,0,0,10.0,204.4
mpp,8.0,6,w48-16qam-r1/3,w48,19,1,0,data,ok,18,18,10.4,204.4
mpp,8.0,6,ack-1f,w,2,2,0,ctl,ok,0,0,7.1,204.4
mpp,8.0,6,w48-16qam-r1/3,w48,19,1,0,data,ok,18,18,9.7,204.4
mpp,8.0,6,ack-1f,w,2,2,0,ctl,ok,0,0,6.6,204.4
mpp,8.0,6,w48-16qam-r1/3,w48,19,1,0,data,ok,18,18,8.5,204.4
mpp,8.0,6,ack-1f,w,3,3,0,ctl,ok,0,0,14.9,204.4
mpp,8.0,6,w48-16qam-r1/3,w48,19,2,1,data,ok,17,17,9.4,204.4
mpp,8.0,6,ack-1f,w,2,2,0,ctl,ok,0,0,8.5,204.4
mpp,8.0,6,w48-16qam-r1/3,w48,19,1,0,data,ok,18,18,9.2,204.4
mpp,8.0,6,ack-1f,w,2,2,0,ctl,ok,0,0,13.0,204.4
mpp,8.0,6,w48-16qam-r1/3,w48,19,1,0,data,ok,18,18,9.1,204.4
mpp,8.0,6,ack-1f,w,2,2,0,ctl,ok,0,0,12.0,204.4
mpp,8.0,6,w48-16qam-r1/3,w48,19,1,0,data,ok,18,18,9.7,204.4
mpp,8.0,6,ack-1f,w,2,2,0,ctl,ok,0,0,9.2,204.4
mpp,8.0,6,w48-16qam-r1/3,w48,19,1,0,data,ok,18,18,10.4,204.4
mpp,8.0,6,ack-1f,w,2,2,0,ctl,ok,0,0,6.8,204.4
mpp,8.0,6,w48-16qam-r1/3,w48,19,1,0,data,ok,18,18,9.6,204.4
mpp,8.0,6,ack-1f,w,2,2,0,ctl,ok,0,0,10.2,204.4
mpp,8.0,6,w48-16qam-r1/3,w48,19,1,0,data,ok,18,18,11.3,204.4
mpp,8.0,6,ack-1f,w,2,2,0,ctl,ok,0,0,13.5,204.4
mpp,8.0,6,w48-16qam-r1/3,w48,19,1,0,data,ok,18,18,10.3,204.4
mpp,8.0,6,ack-1f,w,2,2,0,ctl,ok,0,0,11.0,204.4
mpp,8.0,6,w48-16qam-r1/3,w48,19,1,0,data,ok,18,18,10.7,204.4
mpp,8.0,6,ack-1f,w,2,2,0,ctl,ok,0,0,7.1,204.4
mpp,8.0,6,w48-16qam-r1/3,w48,19,1,0,data,ok,18,18,10.9,204.4
mpp,8.0,6,ack-1f,w,2,2,0,ctl,ok,0,0,14.5,204.4
mpp,8.0,6,w48-16qam-r1/3,w48,19,1,0,data,ok,18,18,11.1,204.4
mpp,8.0,6,ack-1f,w,2,2,0,ctl,ok,0,0,7.3,204.4
mpp,8.0,6,w48-16qam-r1/3,w48,19,1,0,data,ok,18,18,9.0,204.4
mpp,8.0,6,ack-1f,w,2,2,0,ctl,ok,0,0,8.9,204.4
mpp,8.0,6,w48-16qam-r1/3,w48,19,1,0,data,ok,18,18,10.2,204.4
mpp,8.0,6,ack-1f,w,2,2,0,ctl,ok,0,0,11.6,204.4
mpp,8.0,6,w48-16qam-r1/3,w48,19,1,0,data,ok,18,18,9.9,204.4
mpp,8.0,6,ack-1f,w,2,2,0,ctl,ok,0,0,9.7,204.4
mpp,8.0,6,w48-16qam-r1/3,w48,19,1,0,data,ok,18,18,9.3,204.4
mpp,8.0,6,ack-1f,w,2,2,0,ctl,ok,0,0,12.9,204.4
mpp,8.0,6,w48-16qam-r1/3,w48,19,1,0,data,ok,18,18,8.8,204.4
mpp,8.0,6,ack-1f,w,2,2,0,ctl,ok,0,0,11.3,204.4
mpp,8.0,6,w48-16qam-r1/3,w48,19,1,0,data,ok,18,18,9.4,204.4
mpp,8.0,6,ack-1f,w,2,2,0,ctl,ok,0,0,8.4,204.4
mpp,8.0,6,w48-16qam-r1/3,w48,19,1,0,data,ok,18,18,7.7,204.4
mpp,8.0,6,ack-1f,w,2,2,0,ctl,ok,0,0,8.6,204.4
mpp,8.0,6,w48-16qam-r1/3,w48,19,1,0,data,ok,18,18,10.1,204.4
mpp,8.0,6,ack-1f,w,2,2,0,ctl,ok,0,0,11.0,204.4
mpp,8.0,6,w48-16qam-r1/3,w48,19,1,0,data,ok,18,18,10.3,204.4
mpp,8.0,6,ack-1f,w,2,2,0,ctl,ok,0,0,10.9,204.4
mpp,8.0,6,w48-16qam-r1/3,w48,19,1,0,data,ok,18,18,8.7,204.4
mpp,8.0,6,ack-1f,w,2,2,0,ctl,ok,0,0,7.7,204.4
mpp,8.0,6,w48-16qam-r1/3,w48,19,1,0,data,ok,18,18,9.4,204.4
mpp,8.0,6,ack-1f,w,2,2,0,ctl,ok,0,0,10.5,204.4
mpp,8.0,6,w48-16qam-r1/3,w48,19,1,0,data,ok,18,18,9.8,204.4
mpp,8.0,6,ack-1f,w,2,2,0,ctl,ok,0,0,10.8,204.4
mpp,8.0,6,w48-16qam-r1/3,w48,19,1,0,data,ok,18,18,10.1,204.4
mpp,8.0,6,ack-1f,w,2,2,0,ctl,ok,0,0,13.4,204.4
mpp,8.0,6,w48-16qam-r1/3,w48,19,1,0,data,ok,18,18,8.9,204.4
mpp,8.0,6,ack-1f,w,2,2,0,ctl,ok,0,0,11.3,204.4
mpp,8.0,6,w48-16qam-r1/3,w48,19,1,0,data,ok,18,18,10.0,204.4
mpp,8.0,6,ack-1f,w,2,2,0,ctl,ok,0,0,9.1,204.4
mpp,8.0,6,w48-16qam-r1/3,w48,19,1,0,data,ok,18,18,9.3,204.4
mpp,8.0,6,ack-1f,w,2,2,0,ctl,ok,0,0,15.8,204.4
mpp,8.0,6,w48-16qam-r1/3,w48,19,1,0,data,ok,18,18,8.9,204.4
mpp,8.0,6,ack-1f,w,2,2,0,ctl,ok,0,0,10.3,204.4
mpp,8.0,6,w48-16qam-r1/3,w48,19,1,0,data,ok,18,18,10.1,204.4
mpp,8.0,6,ack-1f,w,2,2,0,ctl,ok,0,0,7.8,204.4
mpp,8.0,6,w48-16qam-r1/3,w48,19,1,0,data,ok,18,18,9.1,204.4
mpp,8.0,6,ack-1f,w,2,2,0,ctl,ok,0,0,12.3,204.4
mpp,8.0,6,w48-16qam-r1/3,w48,19,1,0,data,ok,18,18,9.9,204.4
mpp,8.0,6,ack-1f,w,2,2,0,ctl,ok,0,0,12.3,204.4
mpp,8.0,6,w48-16qam-r1/3,w48,19,1,0,data,ok,18,18,8.7,204.4
mpp,8.0,6,ack-1f,w,2,2,0,ctl,ok,0,0,12.2,204.4
mpp,8.0,6,w48-16qam-r1/3,w48,19,1,0,data,ok,18,18,10.1,204.4
mpp,8.0,6,ack-1f,w,2,2,0,ctl,ok,0,0,15.7,204.4
mpp,8.0,6,w48-16qam-r1/3,w48,19,1,0,data,ok,18,18,9.7,204.4
mpp,8.0,6,ack-1f,w,2,2,0,ctl,ok,0,0,13.5,204.4
mpp,8.0,6,w48-16qam-r1/3,w48,19,1,0,data,ok,18,18,9.7,204.4
mpp,8.0,6,ack-1f,w,2,2,0,ctl,ok,0,0,12.8,204.4
mpp,8.0,6,w48-16qam-r1/3,w48,19,1,0,data,ok,18,18,9.3,204.4
mpp,8.0,6,ack-1f,w,2,2,0,ctl,ok,0,0,9.0,204.4
mpp,8.0,6,w48-16qam-r1/3,w48,19,1,0,data,ok,18,18,10.6,204.4
mpp,8.0,6,ack-1f,w,2,2,0,ctl,ok,0,0,12.3,204.4
mpp,8.0,6,w48-16qam-r1/3,w48,19,1,0,data,ok,18,18,9.8,204.4
mpp,8.0,6,ack-1f,w,2,2,0,ctl,ok,0,0,10.3,204.4
mpp,8.0,6,w48-16qam-r1/3,w48,19,1,0,data,ok,18,18,9.9,204.4
mpp,8.0,6,ack-1f,w,2,2,0,ctl,ok,0,0,14.2,204.4
mpp,8.0,6,w48-16qam-r1/3,w48,19,1,0,data,ok,18,18,8.4,204.4
mpp,8.0,6,ack-1f,w,2,2,0,ctl,ok,0,0,9.5,204.4
mpp,8.0,6,w48-16qam-r1/3,w48,19,1,0,data,ok,18,18,8.9,204.4
mpp,8.0,7,qpsk-r1/5,w,1,1,0,ctl,ok,0,0,10.4,204.4
mpp,8.0,7,qpsk-r1/5,w,1,1,0,ctl,ok,0,0,11.2,204.4
mpp,8.0,7,ack-4f,w,2,2,0,ctl,ok,0,0,10.9,204.4
mpp,8.0,7,ack-1f,w,3,3,0,ctl,ok,0,0,14.5,204.4
mpp,8.0,7,w48-16qam-r1/3,w48,19,2,1,data,ok,17,17,10.0,204.4
mpp,8.0,7,ack-1f,w,2,2,0,ctl,ok,0,0,10.1,204.4
mpp,8.0,7,w48-16qam-r1/3,w48,19,1,0,data,ok,18,18,10.2,204.4
mpp,8.0,7,ack-1f,w,2,2,0,ctl,ok,0,0,10.2,204.4
mpp,8.0,7,w48-16qam-r1/3,w48,19,1,0,data,ok,18,18,10.1,204.4
mpp,8.0,7,ack-1f,w,2,2,0,ctl,ok,0,0,12.1,204.4
mpp,8.0,7,w48-16qam-r1/3,w48,19,1,0,data,ok,18,18,10.7,204.4
mpp,8.0,7,ack-1f,w,2,2,0,ctl,ok,0,0,6.8,204.4
mpp,8.0,7,w48-16qam-r1/3,w48,19,1,0,data,ok,18,18,10.0,204.4
mpp,8.0,7,ack-1f,w,2,2,0,ctl,ok,0,0,7.8,204.4
mpp,8.0,7,w48-16qam-r1/3,w48,19,1,0,data,ok,18,18,10.8,204.4
mpp,8.0,7,ack-1f,w,2,2,0,ctl,ok,0,0,10.9,204.4
mpp,8.0,7,w48-16qam-r1/3,w48,19,1,0,data,ok,18,18,9.3,204.4
mpp,8.0,7,ack-1f,w,2,2,0,ctl,ok,0,0,14.6,204.4
mpp,8.0,7,w48-16qam-r1/3,w48,19,1,0,data,ok,18,18,8.8,204.4
mpp,8.0,7,ack-1f,w,3,3,0,ctl,ok,0,0,12.1,204.4
mpp,8.0,7,w48-16qam-r1/3,w48,19,2,1,data,ok,17,17,10.5,204.4
mpp,8.0,7,ack-1f,w,2,2,0,ctl,ok,0,0,9.1,204.4
mpp,8.0,7,w48-16qam-r1/3,w48,19,1,0,data,ok,18,18,10.0,204.4
mpp,8.0,7,ack-1f,w,2,2,0,ctl,ok,0,0,6.5,204.4
mpp,8.0,7,w48-16qam-r1/3,w48,19,1,0,data,ok,18,18,9.6,204.4
mpp,8.0,7,ack-1f,w,2,2,0,ctl,ok,0,0,11.5,204.4
mpp,8.0,7,w48-16qam-r1/3,w48,19,1,0,data,ok,18,18,9.1,204.4
mpp,8.0,7,ack-1f,w,2,2,0,ctl,ok,0,0,6.2,204.4
mpp,8.0,7,w48-16qam-r1/3,w48,19,1,0,data,ok,18,18,10.5,204.4
mpp,8.0,7,ack-1f,w,2,2,0,ctl,ok,0,0,13.8,204.4
mpp,8.0,7,w48-16qam-r1/3,w48,19,1,0,data,ok,18,18,10.6,204.4
mpp,8.0,7,ack-1f,w,2,2,0,ctl,ok,0,0,10.2,204.4
mpp,8.0,7,w48-16qam-r1/3,w48,19,1,0,data,ok,18,18,10.7,204.4
mpp,8.0,7,ack-1f,w,2,2,0,ctl,ok,0,0,7.6,204.4
mpp,8.0,7,w48-16qam-r1/3,w48,19,1,0,data,ok,18,18,11.0,204.4
mpp,8.0,7,ack-1f,w,2,2,0,ctl,ok,0,0,8.2,204.4
mpp,8.0,7,w48-16qam-r1/3,w48,19,1,0,data,ok,18,18,8.6,204.4
mpp,8.0,7,ack-1f,w,2,2,0,ctl,ok,0,0,12.8,204.4
mpp,8.0,7,w48-16qam-r1/3,w48,19,1,0,data,ok,18,18,9.5,204.4
mpp,8.0,7,ack-1f,w,2,2,0,ctl,ok,0,0,13.8,204.4
mpp,8.0,7,w48-16qam-r1/3,w48,19,1,0,data,ok,18,18,10.4,204.4
mpp,8.0,7,ack-1f,w,2,2,0,ctl,ok,0,0,13.8,204.4
mpp,8.0,7,w48-16qam-r1/3,w48,19,1,0,data,ok,18,18,10.5,204.4
mpp,8.0,7,ack-1f,w,2,2,0,ctl,ok,0,0,15.6,204.4
mpp,8.0,7,w48-16qam-r1/3,w48,19,1,0,data,ok,18,18,10.5,204.4
mpp,8.0,7,ack-1f,w,2,2,0,ctl,ok,0,0,13.7,204.4
mpp,8.0,7,w48-16qam-r1/3,w48,19,1,0,data,ok,18,18,9.0,204.4
mpp,8.0,7,ack-1f,w,2,2,0,ctl,ok,0,0,7.6,204.4
mpp,8.0,7,w48-16qam-r1/3,w48,19,1,0,data,ok,18,18,10.4,204.4
mpp,8.0,7,ack-1f,w,2,2,0,ctl,ok,0,0,10.0,204.4
mpp,8.0,7,w48-16qam-r1/3,w48,19,1,0,data,ok,18,18,10.3,204.4
mpp,8.0,7,ack-1f,w,2,2,0,ctl,ok,0,0,11.5,204.4
mpp,8.0,7,w48-16qam-r1/3,w48,19,1,0,data,ok,18,18,9.9,204.4
mpp,8.0,7,ack-1f,w,2,2,0,ctl,ok,0,0,11.2,204.4
mpp,8.0,7,w48-16qam-r1/3,w48,19,1,0,data,ok,18,18,10.2,204.4
mpp,8.0,7,ack-1f,w,2,2,0,ctl,ok,0,0,8.6,204.4
mpp,8.0,7,w48-16qam-r1/3,w48,19,1,0,data,ok,18,18,9.8,204.4
mpp,8.0,7,ack-1f,w,2,2,0,ctl,ok,0,0,10.9,204.4
mpp,8.0,7,w48-16qam-r1/3,w48,19,1,0,data,ok,18,18,10.8,204.4
mpp,8.0,7,ack-1f,w,2,2,0,ctl,ok,0,0,12.8,204.4
mpp,8.0,7,w48-16qam-r1/3,w48,19,1,0,data,ok,18,18,8.5,204.4
mpp,8.0,7,ack-1f,w,2,2,0,ctl,ok,0,0,12.4,204.4
mpp,8.0,7,w48-16qam-r1/3,w48,19,1,0,data,ok,18,18,8.6,204.4
mpp,8.0,7,ack-1f,w,2,2,0,ctl,ok,0,0,13.6,204.4
mpp,8.0,7,w48-16qam-r1/3,w48,19,1,0,data,ok,18,18,10.5,204.4
mpp,8.0,7,ack-1f,w,2,2,0,ctl,ok,0,0,12.4,204.4
mpp,8.0,7,w48-16qam-r1/3,w48,19,1,0,data,ok,18,18,9.7,204.4
mpp,8.0,7,ack-1f,w,2,2,0,ctl,ok,0,0,14.1,204.4
mpp,8.0,7,w48-16qam-r1/3,w48,19,1,0,data,ok,18,18,9.0,204.4
mpp,8.0,7,ack-1f,w,2,2,0,ctl,ok,0,0,13.5,204.4
mpp,8.0,7,w48-16qam-r1/3,w48,19,1,0,data,ok,18,18,9.7,204.4
mpp,8.0,7,ack-1f,w,2,2,0,ctl,ok,0,0,11.9,204.4
mpp,8.0,7,w48-16qam-r1/3,w48,19,1,0,data,ok,18,18,9.5,204.4
mpp,8.0,7,ack-1f,w,2,2,0,ctl,ok,0,0,15.1,204.4
mpp,8.0,7,w48-16qam-r1/3,w48,19,1,0,data,ok,18,18,10.6,204.4
mpp,8.0,7,ack-1f,w,2,2,0,ctl,ok,0,0,11.2,204.4
mpp,8.0,7,w48-16qam-r1/3,w48,19,1,0,data,ok,18,18,8.6,204.4
mpp,8.0,7,ack-1f,w,2,2,0,ctl,ok,0,0,8.5,204.4
mpp,8.0,7,w48-16qam-r1/3,w48,19,1,0,data,ok,18,18,9.5,204.4
mpp,8.0,7,ack-1f,w,2,2,0,ctl,ok,0,0,11.9,204.4
mpp,8.0,7,w48-16qam-r1/3,w48,19,1,0,data,ok,18,18,11.4,204.4
mpp,8.0,7,ack-1f,w,2,2,0,ctl,ok,0,0,14.3,204.4
mpp,8.0,7,w48-16qam-r1/3,w48,19,1,0,data,ok,18,18,8.8,204.4
mpp,8.0,7,ack-1f,w,2,2,0,ctl,ok,0,0,11.7,204.4
mpp,8.0,7,w48-16qam-r1/3,w48,19,1,0,data,ok,18,18,10.0,204.4
mpp,8.0,7,ack-1f,w,2,2,0,ctl,ok,0,0,8.1,204.4
mpp,8.0,7,w48-16qam-r1/3,w48,19,1,0,data,ok,18,18,9.2,204.4
mpp,8.0,7,ack-1f,w,2,2,0,ctl,ok,0,0,6.1,204.4
mpp,8.0,7,w48-16qam-r1/3,w48,19,1,0,data,ok,18,18,10.7,204.4
mpp,8.0,7,ack-1f,w,2,2,0,ctl,ok,0,0,11.1,204.4
mpp,8.0,7,w48-16qam-r1/3,w48,19,1,0,data,ok,18,18,8.7,204.4
mpp,8.0,7,ack-1f,w,2,2,0,ctl,ok,0,0,5.7,204.4
mpp,8.0,7,w48-16qam-r1/3,w48,19,1,0,data,ok,18,18,9.7,204.4
mpp,8.0,8,qpsk-r1/5,w,1,1,0,ctl,ok,0,0,12.9,204.0
mpp,8.0,8,qpsk-r1/5,w,1,1,0,ctl,ok,0,0,14.7,204.0
mpp,8.0,8,ack-4f,w,2,2,0,ctl,ok,0,0,11.6,204.0
mpp,8.0,8,ack-1f,w,2,2,0,ctl,ok,0,0,10.7,204.0
mpp,8.0,8,w48-16qam-r1/3,w48,19,1,0,data,ok,18,18,9.7,204.0
mpp,8.0,8,ack-1f,w,2,2,0,ctl,ok,0,0,9.8,204.0
mpp,8.0,8,w48-16qam-r1/3,w48,19,1,0,data,ok,18,18,10.3,204.0
mpp,8.0,8,ack-1f,w,2,2,0,ctl,ok,0,0,8.6,204.0
mpp,8.0,8,w48-16qam-r1/3,w48,19,1,0,data,ok,18,18,9.5,204.0
mpp,8.0,8,ack-1f,w,2,2,0,ctl,ok,0,0,14.0,204.0
mpp,8.0,8,w48-16qam-r1/3,w48,19,1,0,data,ok,18,18,9.1,204.0
mpp,8.0,8,ack-1f,w,2,2,0,ctl,ok,0,0,12.4,204.0
mpp,8.0,8,w48-16qam-r1/3,w48,19,1,0,data,ok,18,18,10.0,204.0
mpp,8.0,8,ack-1f,w,2,2,0,ctl,ok,0,0,10.8,204.0
mpp,8.0,8,w48-16qam-r1/3,w48,19,1,0,data,ok,18,18,9.7,204.0
mpp,8.0,8,ack-1f,w,2,2,0,ctl,ok,0,0,13.2,204.0
mpp,8.0,8,w48-16qam-r1/3,w48,19,1,0,data,ok,18,16,8.2,204.0
mpp,8.0,8,ack-1f,w,3,3,0,ctl,ok,0,0,11.5,204.0
mpp,8.0,8,w48-16qam-r1/3,w48,19,2,1,data,ok,15,15,10.5,204.0
mpp,8.0,8,ack-1f,w,2,2,0,ctl,ok,0,0,12.1,204.0
mpp,8.0,8,w48-16qam-r1/3,w48,19,1,0,data,ok,18,18,9.3,204.0
mpp,8.0,8,ack-1f,w,2,2,0,ctl,ok,0,0,11.1,204.0
mpp,8.0,8,w48-16qam-r1/3,w48,19,1,0,data,ok,18,18,9.3,204.0
mpp,8.0,8,ack-1f,w,2,2,0,ctl,ok,0,0,11.9,204.0
mpp,8.0,8,w48-16qam-r1/3,w48,19,1,0,data,ok,18,18,9.6,204.0
mpp,8.0,8,ack-1f,w,2,2,0,ctl,ok,0,0,13.0,204.0
mpp,8.0,8,w48-16qam-r1/3,w48,19,1,0,data,ok,18,18,9.9,204.0
mpp,8.0,8,ack-1f,w,2,2,0,ctl,ok,0,0,10.2,204.0
mpp,8.0,8,w48-16qam-r1/3,w48,19,1,0,data,ok,18,18,10.6,204.0
mpp,8.0,8,ack-1f,w,2,2,0,ctl,ok,0,0,11.0,204.0
mpp,8.0,8,w48-16qam-r1/3,w48,19,1,0,data,ok,18,18,9.4,204.0
mpp,8.0,8,ack-1f,w,2,2,0,ctl,ok,0,0,7.7,204.0
mpp,8.0,8,w48-16qam-r1/3,w48,19,1,0,data,ok,18,18,11.6,204.0
mpp,8.0,8,ack-1f,w,2,2,0,ctl,ok,0,0,10.9,204.0
mpp,8.0,8,w48-16qam-r1/3,w48,19,1,0,data,ok,18,18,8.7,204.0
mpp,8.0,8,ack-1f,w,2,2,0,ctl,ok,0,0,13.1,204.0
mpp,8.0,8,w48-16qam-r1/3,w48,19,1,0,data,ok,18,18,10.4,204.0
mpp,8.0,8,ack-1f,w,2,2,0,ctl,ok,0,0,11.4,204.0
mpp,8.0,8,w48-16qam-r1/3,w48,19,1,0,data,ok,18,18,10.7,204.0
mpp,8.0,8,ack-1f,w,2,2,0,ctl,ok,0,0,6.9,204.0
mpp,8.0,8,w48-16qam-r1/3,w48,19,1,0,data,ok,18,18,10.1,204.0
mpp,8.0,8,ack-1f,w,2,2,0,ctl,ok,0,0,10.0,204.0
mpp,8.0,8,w48-16qam-r1/3,w48,19,1,0,data,ok,18,18,10.2,204.0
mpp,8.0,8,ack-1f,w,2,2,0,ctl,ok,0,0,10.5,204.0
mpp,8.0,8,w48-16qam-r1/3,w48,19,1,0,data,ok,18,18,10.0,204.0
mpp,8.0,8,ack-1f,w,2,2,0,ctl,ok,0,0,7.9,204.0
mpp,8.0,8,w48-16qam-r1/3,w48,19,1,0,data,ok,18,18,10.0,204.0
mpp,8.0,8,ack-1f,w,2,2,0,ctl,ok,0,0,11.0,204.0
mpp,8.0,8,w48-16qam-r1/3,w48,19,1,0,data,ok,18,18,8.8,204.0
mpp,8.0,8,ack-1f,w,2,2,0,ctl,ok,0,0,9.8,204.0
mpp,8.0,8,w48-16qam-r1/3,w48,19,1,0,data,ok,18,18,9.5,204.0
mpp,8.0,8,ack-1f,w,2,2,0,ctl,ok,0,0,11.8,204.0
mpp,8.0,8,w48-16qam-r1/3,w48,19,1,0,data,ok,18,18,11.4,204.0
mpp,8.0,8,ack-1f,w,2,2,0,ctl,ok,0,0,13.9,204.0
mpp,8.0,8,w48-16qam-r1/3,w48,19,1,0,data,ok,18,18,8.7,204.0
mpp,8.0,8,ack-1f,w,2,2,0,ctl,ok,0,0,15.2,204.0
mpp,8.0,8,w48-16qam-r1/3,w48,19,1,0,data,ok,18,18,10.7,204.0
mpp,8.0,8,ack-1f,w,2,2,0,ctl,ok,0,0,11.5,204.0
mpp,8.0,8,w48-16qam-r1/3,w48,19,1,0,data,ok,18,18,10.1,204.0
mpp,8.0,8,ack-1f,w,2,2,0,ctl,ok,0,0,14.4,204.0
mpp,8.0,8,w48-16qam-r1/3,w48,19,1,0,data,ok,18,18,10.2,204.0
mpp,8.0,8,ack-1f,w,2,2,0,ctl,ok,0,0,8.6,204.0
mpp,8.0,8,w48-16qam-r1/3,w48,19,1,0,data,ok,18,18,9.7,204.0
mpp,8.0,8,ack-1f,w,2,2,0,ctl,ok,0,0,5.1,204.0
mpp,8.0,8,w48-16qam-r1/3,w48,19,1,0,data,ok,18,18,8.4,204.0
mpp,8.0,8,ack-1f,w,2,2,0,ctl,ok,0,0,8.9,204.0
mpp,8.0,8,w48-16qam-r1/3,w48,19,1,0,data,ok,18,18,9.3,204.0
mpp,8.0,8,ack-1f,w,2,2,0,ctl,ok,0,0,10.4,204.0
mpp,8.0,8,w48-16qam-r1/3,w48,19,1,0,data,ok,18,18,11.0,204.0
mpp,8.0,8,ack-1f,w,2,2,0,ctl,ok,0,0,9.9,204.0
mpp,8.0,8,w48-16qam-r1/3,w48,19,1,0,data,ok,18,18,9.1,204.0
mpp,8.0,8,ack-1f,w,2,2,0,ctl,ok,0,0,13.6,204.0
mpp,8.0,8,w48-16qam-r1/3,w48,19,1,0,data,ok,18,18,9.9,204.0
mpp,8.0,8,ack-1f,w,2,2,0,ctl,ok,0,0,8.8,204.0
mpp,8.0,8,w48-16qam-r1/3,w48,19,1,0,data,ok,18,18,8.8,204.0
mpp,8.0,8,ack-1f,w,2,2,0,ctl,ok,0,0,10.2,204.0
mpp,8.0,8,w48-16qam-r1/3,w48,19,1,0,data,ok,18,18,10.7,204.0
mpp,8.0,8,ack-1f,w,2,2,0,ctl,ok,0,0,12.5,204.0
mpp,8.0,8,w48-16qam-r1/3,w48,19,1,0,data,ok,18,18,11.1,204.0
mpp,8.0,8,ack-1f,w,2,2,0,ctl,ok,0,0,10.0,204.0
mpp,8.0,8,w48-16qam-r1/3,w48,19,1,0,data,ok,18,18,10.2,204.0
mpp,8.0,8,ack-1f,w,2,2,0,ctl,ok,0,0,8.3,204.0
mpp,8.0,8,w48-16qam-r1/3,w48,19,1,0,data,ok,18,18,11.0,204.0
mpp,8.0,8,ack-1f,w,2,2,0,ctl,ok,0,0,9.5,204.0
mpp,8.0,8,w48-16qam-r1/3,w48,19,1,0,data,ok,18,18,10.4,204.0
mpp,8.0,8,ack-1f,w,2,2,0,ctl,ok,0,0,9.6,204.0
mpp,8.0,8,w48-16qam-r1/3,w48,19,1,0,data,ok,18,18,9.8,204.0
mpp,8.0,8,ack-1f,w,2,2,0,ctl,ok,0,0,2.6,204.0
mpp,8.0,8,w48-16qam-r1/3,w48,19,1,0,data,ok,18,18,8.8,204.0
mpp,8.0,8,ack-1f,w,2,2,0,ctl,ok,0,0,13.9,204.0
mpp,8.0,8,w48-16qam-r1/3,w48,19,1,0,data,ok,18,18,10.0,204.0
mpp,8.0,8,ack-1f,w,2,2,0,ctl,ok,0,0,13.7,204.0
mpp,8.0,8,w48-16qam-r1/3,w48,19,1,0,data,ok,18,18,9.1,204.0
mpp,8.0,9,qpsk-r1/5,w,1,1,0,ctl,ok,0,0,9.5,204.0
mpp,8.0,9,qpsk-r1/5,w,1,1,0,ctl,ok,0,0,8.9,204.0
mpp,8.0,9,ack-4f,w,3,3,0,ctl,ok,0,0,10.7,204.0
mpp,8.0,9,ack-1f,w,3,3,0,ctl,ok,0,0,10.7,204.0
mpp,8.0,9,w48-16qam-r1/3,w48,19,2,1,data,ok,17,17,9.0,204.0
mpp,8.0,9,ack-1f,w,3,3,0,ctl,ok,0,0,10.5,204.0
mpp,8.0,9,w48-16qam-r1/3,w48,19,2,1,data,ok,17,17,8.3,204.0
mpp,8.0,9,ack-1f,w,3,3,0,ctl,ok,0,0,11.7,204.0
mpp,8.0,9,w48-16qam-r1/3,w48,19,2,1,data,ok,17,17,11.2,204.0
mpp,8.0,9,ack-1f,w,2,2,0,ctl,ok,0,0,11.1,204.0
mpp,8.0,9,w48-16qam-r1/3,w48,19,1,0,data,ok,18,18,10.4,204.0
mpp,8.0,9,ack-1f,w,2,2,0,ctl,ok,0,0,11.4,204.0
mpp,8.0,9,w48-16qam-r1/3,w48,19,1,0,data,ok,18,18,9.9,204.0
mpp,8.0,9,ack-1f,w,2,2,0,ctl,ok,0,0,13.4,204.0
mpp,8.0,9,w48-16qam-r1/3,w48,19,1,0,data,ok,18,18,9.9,204.0
mpp,8.0,9,ack-1f,w,2,2,0,ctl,ok,0,0,6.7,204.0
mpp,8.0,9,w48-16qam-r1/3,w48,19,1,0,data,ok,18,18,8.7,204.0
mpp,8.0,9,ack-1f,w,2,2,0,ctl,ok,0,0,11.0,204.0
mpp,8.0,9,w48-16qam-r1/3,w48,19,1,0,data,ok,18,18,9.6,204.0
mpp,8.0,9,ack-1f,w,2,2,0,ctl,ok,0,0,11.8,204.0
mpp,8.0,9,w48-16qam-r1/3,w48,19,1,0,data,ok,18,18,11.0,204.0
mpp,8.0,9,ack-1f,w,2,2,0,ctl,ok,0,0,10.4,204.0
mpp,8.0,9,w48-16qam-r1/3,w48,19,1,0,data,ok,18,18,9.7,204.0
mpp,8.0,9,ack-1f,w,2,2,0,ctl,ok,0,0,7.2,204.0
mpp,8.0,9,w48-16qam-r1/3,w48,19,1,0,data,ok,18,18,9.7,204.0
mpp,8.0,9,ack-1f,w,2,2,0,ctl,ok,0,0,10.6,204.0
mpp,8.0,9,w48-16qam-r1/3,w48,19,1,0,data,ok,18,18,10.6,204.0
mpp,8.0,9,ack-1f,w,2,2,0,ctl,ok,0,0,8.9,204.0
mpp,8.0,9,w48-16qam-r1/3,w48,19,1,0,data,ok,18,18,10.1,204.0
mpp,8.0,9,ack-1f,w,2,2,0,ctl,ok,0,0,15.5,204.0
mpp,8.0,9,w48-16qam-r1/3,w48,19,1,0,data,ok,18,18,8.0,204.0
mpp,8.0,9,ack-1f,w,2,2,0,ctl,ok,0,0,13.2,204.0
mpp,8.0,9,w48-16qam-r1/3,w48,19,1,0,data,ok,18,18,10.1,204.0
mpp,8.0,9,ack-1f,w,2,2,0,ctl,ok,0,0,14.2,204.0
mpp,8.0,9,w48-16qam-r1/3,w48,19,1,0,data,ok,18,18,10.4,204.0
mpp,8.0,9,ack-1f,w,2,2,0,ctl,ok,0,0,3.3,204.0
mpp,8.0,9,w48-16qam-r1/3,w48,19,1,0,data,ok,18,18,10.0,204.0
mpp,8.0,9,ack-1f,w,2,2,0,ctl,ok,0,0,9.2,204.0
mpp,8.0,9,w48-16qam-r1/3,w48,19,1,0,data,ok,18,18,10.1,204.0
mpp,8.0,9,ack-1f,w,2,2,0,ctl,ok,0,0,7.6,204.0
mpp,8.0,9,w48-16qam-r1/3,w48,19,1,0,data,ok,18,18,9.2,204.0
mpp,8.0,9,ack-1f,w,2,2,0,ctl,ok,0,0,12.4,204.0
mpp,8.0,9,w48-16qam-r1/3,w48,19,1,0,data,ok,18,18,10.7,204.0
mpp,8.0,9,ack-1f,w,2,2,0,ctl,ok,0,0,12.2,204.0
mpp,8.0,9,w48-16qam-r1/3,w48,19,1,0,data,ok,18,18,10.0,204.0
mpp,8.0,9,ack-1f,w,2,2,0,ctl,ok,0,0,11.2,204.0
mpp,8.0,9,w48-16qam-r1/3,w48,19,1,0,data,ok,18,18,8.4,204.0
mpp,8.0,9,ack-1f,w,2,2,0,ctl,ok,0,0,13.1,204.0
mpp,8.0,9,w48-16qam-r1/3,w48,19,1,0,data,ok,18,18,9.4,204.0
mpp,8.0,9,ack-1f,w,2,2,0,ctl,ok,0,0,14.1,204.0
mpp,8.0,9,w48-16qam-r1/3,w48,19,1,0,data,ok,18,18,8.8,204.0
mpp,8.0,9,ack-1f,w,2,2,0,ctl,ok,0,0,13.2,204.0
mpp,8.0,9,w48-16qam-r1/3,w48,19,1,0,data,ok,18,18,9.8,204.0
mpp,8.0,9,ack-1f,w,2,2,0,ctl,ok,0,0,15.3,204.0
mpp,8.0,9,w48-16qam-r1/3,w48,19,1,0,data,ok,18,18,9.3,204.0
mpp,8.0,9,ack-1f,w,2,2,0,ctl,ok,0,0,7.3,204.0
mpp,8.0,9,w48-16qam-r1/3,w48,19,1,0,data,ok,18,18,9.0,204.0
mpp,8.0,9,ack-1f,w,2,2,0,ctl,ok,0,0,12.5,204.0
mpp,8.0,9,w48-16qam-r1/3,w48,19,1,0,data,ok,18,18,10.4,204.0
mpp,8.0,9,ack-1f,w,2,2,0,ctl,ok,0,0,12.6,204.0
mpp,8.0,9,w48-16qam-r1/3,w48,19,1,0,data,ok,18,18,9.1,204.0
mpp,8.0,9,ack-1f,w,2,2,0,ctl,ok,0,0,9.2,204.0
mpp,8.0,9,w48-16qam-r1/3,w48,19,1,0,data,ok,18,18,10.2,204.0
mpp,8.0,9,ack-1f,w,2,2,0,ctl,ok,0,0,8.6,204.0
mpp,8.0,9,w48-16qam-r1/3,w48,19,1,0,data,ok,18,18,9.7,204.0
mpp,8.0,9,ack-1f,w,2,2,0,ctl,ok,0,0,13.9,204.0
mpp,8.0,9,w48-16qam-r1/3,w48,19,1,0,data,ok,18,18,9.1,204.0
mpp,8.0,9,ack-1f,w,2,2,0,ctl,ok,0,0,10.7,204.0
mpp,8.0,9,w48-16qam-r1/3,w48,19,1,0,data,ok,18,18,9.6,204.0
mpp,8.0,9,ack-1f,w,2,2,0,ctl,ok,0,0,8.5,204.0
mpp,8.0,9,w48-16qam-r1/3,w48,19,1,0,data,ok,18,18,8.2,204.0
mpp,8.0,9,ack-1f,w,2,2,0,ctl,ok,0,0,9.9,204.0
mpp,8.0,9,w48-16qam-r1/3,w48,19,1,0,data,ok,18,18,9.4,204.0
mpp,8.0,9,ack-1f,w,2,2,0,ctl,ok,0,0,11.5,204.0
mpp,8.0,9,w48-16qam-r1/3,w48,19,1,0,data,ok,18,18,9.9,204.0
mpp,8.0,9,ack-1f,w,2,2,0,ctl,ok,0,0,15.3,204.0
mpp,8.0,9,w48-16qam-r1/3,w48,19,1,0,data,ok,18,18,10.1,204.0
mpp,8.0,9,ack-1f,w,2,2,0,ctl,ok,0,0,8.3,204.0
mpp,8.0,9,w48-16qam-r1/3,w48,19,1,0,data,ok,18,18,10.0,204.0
mpp,8.0,9,ack-1f,w,2,2,0,ctl,ok,0,0,2.1,204.0
mpp,8.0,9,w48-16qam-r1/3,w48,19,1,0,data,ok,18,18,9.7,204.0
mpp,8.0,9,ack-1f,w,2,2,0,ctl,ok,0,0,11.2,204.0
mpp,8.0,9,w48-16qam-r1/3,w48,19,1,0,data,ok,18,18,9.5,204.0
mpp,8.0,9,ack-1f,w,2,2,0,ctl,ok,0,0,13.0,204.0
mpp,8.0,9,w48-16qam-r1/3,w48,19,1,0,data,ok,18,18,10.7,204.0
mpp,8.0,9,ack-1f,w,2,2,0,ctl,ok,0,0,10.2,204.0
mpp,8.0,9,w48-16qam-r1/3,w48,19,1,0,data,ok,18,18,8.9,204.0
mpp,8.0,9,ack-1f,w,2,2,0,ctl,ok,0,0,10.0,204.0
mpp,8.0,9,w48-16qam-r1/3,w48,19,1,0,data,ok,18,18,10.4,204.0
mpp,8.0,9,ack-1f,w,2,2,0,ctl,ok,0,0,10.0,204.0
mpp,8.0,9,w48-16qam-r1/3,w48,19,1,0,data,ok,18,18,9.7,204.0
mpp,8.0,9,ack-1f,w,2,2,0,ctl,ok,0,0,9.1,204.0
mpp,8.0,9,w48-16qam-r1/3,w48,19,1,0,data,ok,18,18,9.4,204.0
mpp,8.0,10,qpsk-r1/5,w,1,1,0,ctl,ok,0,0,11.2,196.3
mpp,8.0,10,qpsk-r1/5,w,1,1,0,ctl,ok,0,0,13.0,196.3
mpp,8.0,10,ack-4f,w,2,2,0,ctl,ok,0,0,13.0,196.3
mpp,8.0,10,ack-1f,w,2,2,0,ctl,ok,0,0,11.1,196.3
mpp,8.0,10,w48-16qam-r1/3,w48,19,1,0,data,ok,18,18,9.2,196.3
mpp,8.0,10,ack-1f,w,3,3,0,ctl,ok,0,0,11.8,196.3
mpp,8.0,10,w48-16qam-r1/3,w48,19,2,1,data,ok,17,17,9.5,196.3
mpp,8.0,10,ack-1f,w,2,2,0,ctl,ok,0,0,13.1,196.3
mpp,8.0,10,w48-16qam-r1/3,w48,19,1,0,data,ok,18,18,8.7,196.3
mpp,8.0,10,ack-1f,w,3,3,0,ctl,ok,0,0,10.2,196.3
mpp,8.0,10,w48-16qam-r1/3,w48,19,2,1,data,ok,17,17,10.8,196.3
mpp,8.0,10,ack-1f,w,2,2,0,ctl,ok,0,0,11.5,196.3
mpp,8.0,10,w48-16qam-r1/3,w48,19,1,0,data,ok,18,18,9.3,196.3
mpp,8.0,10,ack-1f,w,2,2,0,ctl,ok,0,0,12.0,196.3
mpp,8.0,10,w48-16qam-r1/3,w48,19,1,0,data,ok,18,18,10.4,196.3
mpp,8.0,10,ack-1f,w,2,2,0,ctl,ok,0,0,14.2,196.3
mpp,8.0,10,w48-16qam-r1/3,w48,19,1,0,data,ok,18,18,8.9,196.3
mpp,8.0,10,ack-1f,w,2,2,0,ctl,ok,0,0,15.2,196.3
mpp,8.0,10,w48-16qam-r1/3,w48,19,1,0,data,ok,18,18,9.1,196.3
mpp,8.0,10,ack-1f,w,2,2,0,ctl,ok,0,0,9.9,196.3
mpp,8.0,10,w48-16qam-r1/3,w48,19,1,0,data,ok,18,18,11.1,196.3
mpp,8.0,10,ack-1f,w,2,2,0,ctl,ok,0,0,8.2,196.3
mpp,8.0,10,w48-16qam-r1/3,w48,19,1,0,data,ok,18,18,9.7,196.3
mpp,8.0,10,ack-1f,w,2,2,0,ctl,ok,0,0,10.7,196.3
mpp,8.0,10,w48-16qam-r1/3,w48,19,1,0,data,ctl_lost,18,14,7.7,196.3
mpp,8.0,10,ack-4f,w,2,2,0,ctl,ok,0,0,10.2,196.3
mpp,8.0,10,ack-4f,w,2,2,0,ctl,ok,0,0,12.2,196.3
mpp,8.0,10,w48-qpsk-r1/2,w48,19,1,0,data,ok,18,18,9.0,196.3
mpp,8.0,10,ack-1f,w,2,2,0,ctl,ok,0,0,4.1,196.3
mpp,8.0,10,w48-qpsk-r1/2,w48,19,1,0,data,ok,18,18,9.6,196.3
mpp,8.0,10,ack-1f,w,3,3,0,ctl,ok,0,0,14.9,196.3
mpp,8.0,10,w48-16qam-r1/3,w48,19,2,1,data,ok,17,17,9.0,196.3
mpp,8.0,10,ack-1f,w,3,3,0,ctl,ok,0,0,10.8,196.3
mpp,8.0,10,w48-16qam-r1/3,w48,19,2,1,data,ok,17,17,9.8,196.3
mpp,8.0,10,ack-1f,w,2,2,0,ctl,ok,0,0,11.0,196.3
mpp,8.0,10,w48-16qam-r1/3,w48,19,1,0,data,ok,18,18,10.3,196.3
mpp,8.0,10,ack-1f,w,2,2,0,ctl,ok,0,0,12.8,196.3
mpp,8.0,10,w48-16qam-r1/3,w48,19,1,0,data,ok,18,18,9.7,196.3
mpp,8.0,10,ack-1f,w,2,2,0,ctl,ok,0,0,11.5,196.3
mpp,8.0,10,w48-16qam-r1/3,w48,19,1,0,data,ok,18,18,9.5,196.3
mpp,8.0,10,ack-1f,w,2,2,0,ctl,ok,0,0,9.2,196.3
mpp,8.0,10,w48-16qam-r1/3,w48,19,1,0,data,ok,18,18,9.0,196.3
mpp,8.0,10,ack-1f,w,2,2,0,ctl,ok,0,0,6.6,196.3
mpp,8.0,10,w48-16qam-r1/3,w48,19,1,0,data,ok,18,18,8.6,196.3
mpp,8.0,10,ack-1f,w,3,3,0,ctl,ok,0,0,11.1,196.3
mpp,8.0,10,w48-16qam-r1/3,w48,19,2,1,data,ok,17,17,8.7,196.3
mpp,8.0,10,ack-1f,w,3,3,0,ctl,ok,0,0,12.5,196.3
mpp,8.0,10,w48-16qam-r1/3,w48,19,2,1,data,ok,17,17,9.9,196.3
mpp,8.0,10,ack-1f,w,2,2,0,ctl,ok,0,0,15.0,196.3
mpp,8.0,10,w48-16qam-r1/3,w48,19,1,0,data,ok,18,18,9.1,196.3
mpp,8.0,10,ack-1f,w,2,2,0,ctl,ok,0,0,6.8,196.3
mpp,8.0,10,w48-16qam-r1/3,w48,19,1,0,data,ok,18,18,9.4,196.3
mpp,8.0,10,ack-1f,w,2,2,0,ctl,ok,0,0,9.3,196.3
mpp,8.0,10,w48-16qam-r1/3,w48,19,1,0,data,ok,18,18,8.4,196.3
mpp,8.0,10,ack-1f,w,2,2,0,ctl,ok,0,0,11.5,196.3
mpp,8.0,10,w48-16qam-r1/3,w48,19,1,0,data,ok,18,18,11.4,196.3
mpp,8.0,10,ack-1f,w,2,2,0,ctl,ok,0,0,14.3,196.3
mpp,8.0,10,w48-16qam-r1/3,w48,19,1,0,data,ok,18,18,9.7,196.3
mpp,8.0,10,ack-1f,w,2,2,0,ctl,ok,0,0,10.9,196.3
mpp,8.0,10,w48-16qam-r1/3,w48,19,1,0,data,ok,18,18,9.5,196.3
mpp,8.0,10,ack-1f,w,2,2,0,ctl,ok,0,0,9.9,196.3
mpp,8.0,10,w48-16qam-r1/3,w48,19,1,0,data,ok,18,18,10.9,196.3
mpp,8.0,10,ack-1f,w,2,2,0,ctl,ok,0,0,7.6,196.3
mpp,8.0,10,w48-16qam-r1/3,w48,19,1,0,data,ok,18,18,9.0,196.3
mpp,8.0,10,ack-1f,w,2,2,0,ctl,ok,0,0,8.0,196.3
mpp,8.0,10,w48-16qam-r1/3,w48,19,1,0,data,ok,18,18,9.4,196.3
mpp,8.0,10,ack-1f,w,2,2,0,ctl,ok,0,0,9.8,196.3
mpp,8.0,10,w48-16qam-r1/3,w48,19,1,0,data,ok,18,18,9.9,196.3
mpp,8.0,10,ack-1f,w,2,2,0,ctl,ok,0,0,9.5,196.3
mpp,8.0,10,w48-16qam-r1/3,w48,19,1,0,data,ok,18,18,8.7,196.3
mpp,8.0,10,ack-1f,w,2,2,0,ctl,ok,0,0,9.0,196.3
mpp,8.0,10,w48-16qam-r1/3,w48,19,1,0,data,ok,18,18,8.6,196.3
mpp,8.0,10,ack-1f,w,2,2,0,ctl,ok,0,0,7.9,196.3
mpp,8.0,10,w48-16qam-r1/3,w48,19,1,0,data,ok,18,18,9.1,196.3
mpp,8.0,10,ack-1f,w,2,2,0,ctl,ok,0,0,10.6,196.3
mpp,8.0,10,w48-16qam-r1/3,w48,19,1,0,data,ok,18,18,8.8,196.3
mpp,8.0,10,ack-1f,w,2,2,0,ctl,ok,0,0,5.2,196.3
mpp,8.0,10,w48-16qam-r1/3,w48,19,1,0,data,ok,18,18,10.0,196.3
mpp,8.0,10,ack-1f,w,2,2,0,ctl,ok,0,0,10.8,196.3
mpp,8.0,10,w48-16qam-r1/3,w48,19,1,0,data,ok,18,18,10.1,196.3
mpp,8.0,10,ack-1f,w,2,2,0,ctl,ok,0,0,10.7,196.3
mpp,8.0,10,w48-16qam-r1/3,w48,19,1,0,data,ok,18,18,9.5,196.3
mpp,8.0,10,ack-1f,w,2,2,0,ctl,ok,0,0,8.0,196.3
mpp,8.0,10,w48-16qam-r1/3,w48,19,1,0,data,ok,18,18,10.3,196.3
mpp,8.0,10,ack-1f,w,2,2,0,ctl,ok,0,0,9.9,196.3
mpp,8.0,10,w48-16qam-r1/3,w48,19,1,0,data,ok,18,18,10.6,196.3
mpp,8.0,10,ack-1f,w,2,2,0,ctl,ok,0,0,11.4,196.3
mpp,8.0,10,w48-16qam-r1/3,w48,19,1,0,data,ok,18,18,8.9,196.3
mpp,8.0,10,ack-1f,w,2,2,0,ctl,ok,0,0,5.6,196.3
mpp,8.0,10,w48-16qam-r1/3,w48,19,1,0,data,ok,18,18,9.7,196.3
mpp,8.0,10,ack-1f,w,2,2,0,ctl,ok,0,0,13.2,196.3
mpp,8.0,10,w48-16qam-r1/3,w48,19,1,0,data,ok,18,18,9.5,196.3
mpp,8.0,10,ack-1f,w,2,2,0,ctl,ok,0,0,11.6,196.3
mpp,8.0,10,w48-16qam-r1/3,w48,19,1,0,data,ok,18,18,10.0,196.3
mpp,8.0,11,qpsk-r1/5,w,1,1,0,ctl,ok,0,0,11.6,197.2
mpp,8.0,11,qpsk-r1/5,w,1,1,0,ctl,ok,0,0,7.3,197.2
mpp,8.0,11,ack-4f,w,3,3,0,ctl,ok,0,0,9.5,197.2
mpp,8.0,11,ack-1f,w,3,3,0,ctl,ok,0,0,9.2,197.2
mpp,8.0,11,w48-16qam-r1/3,w48,19,2,1,data,ok,17,17,10.4,197.2
mpp,8.0,11,ack-1f,w,2,2,0,ctl,ok,0,0,10.0,197.2
mpp,8.0,11,w48-16qam-r1/3,w48,19,1,0,data,ok,18,18,10.7,197.2
mpp,8.0,11,ack-1f,w,2,2,0,ctl,ok,0,0,7.1,197.2
mpp,8.0,11,w48-16qam-r1/3,w48,19,1,0,data,ok,18,18,9.8,197.2
mpp,8.0,11,ack-1f,w,2,2,0,ctl,ok,0,0,10.5,197.2
mpp,8.0,11,w48-16qam-r1/3,w48,19,1,0,data,ok,18,18,8.7,197.2
mpp,8.0,11,ack-1f,w,2,2,0,ctl,ok,0,0,10.1,197.2
mpp,8.0,11,w48-16qam-r1/3,w48,19,1,0,data,ok,18,18,9.4,197.2
mpp,8.0,11,ack-1f,w,2,2,0,ctl,ok,0,0,7.1,197.2
mpp,8.0,11,w48-16qam-r1/3,w48,19,1,0,data,ok,18,18,10.2,197.2
mpp,8.0,11,ack-1f,w,2,2,0,ctl,ok,0,0,5.8,197.2
mpp,8.0,11,w48-16qam-r1/3,w48,19,1,0,data,ok,18,18,9.3,197.2
mpp,8.0,11,ack-1f,w,2,2,0,ctl,ok,0,0,14.3,197.2
mpp,8.0,11,w48-16qam-r1/3,w48,19,1,0,data,ok,18,18,10.3,197.2
mpp,8.0,11,ack-1f,w,2,2,0,ctl,ok,0,0,6.2,197.2
mpp,8.0,11,w48-16qam-r1/3,w48,19,1,0,data,ok,18,18,9.3,197.2
mpp,8.0,11,ack-1f,w,2,2,0,ctl,ok,0,0,11.8,197.2
mpp,8.0,11,w48-16qam-r1/3,w48,19,1,0,data,ok,18,18,10.3,197.2
mpp,8.0,11,ack-1f,w,2,2,0,ctl,ok,0,0,10.3,197.2
mpp,8.0,11,w48-16qam-r1/3,w48,19,1,0,data,ok,18,18,9.2,197.2
mpp,8.0,11,ack-1f,w,2,2,0,ctl,ok,0,0,13.6,197.2
mpp,8.0,11,w48-16qam-r1/3,w48,19,1,0,data,ok,18,18,9.2,197.2
mpp,8.0,11,ack-1f,w,2,2,0,ctl,ok,0,0,13.5,197.2
mpp,8.0,11,w48-16qam-r1/3,w48,19,1,0,data,ok,18,18,9.6,197.2
mpp,8.0,11,ack-1f,w,2,2,0,ctl,ok,0,0,6.0,197.2
mpp,8.0,11,w48-16qam-r1/3,w48,19,1,0,data,ok,18,18,9.8,197.2
mpp,8.0,11,ack-1f,w,2,2,0,ctl,ok,0,0,12.0,197.2
mpp,8.0,11,w48-16qam-r1/3,w48,19,1,0,data,ok,18,18,10.0,197.2
mpp,8.0,11,ack-1f,w,2,2,0,ctl,ok,0,0,11.0,197.2
mpp,8.0,11,w48-16qam-r1/3,w48,19,1,0,data,ok,18,18,9.3,197.2
mpp,8.0,11,ack-1f,w,2,2,0,ctl,ok,0,0,13.7,197.2
mpp,8.0,11,w48-16qam-r1/3,w48,19,1,0,data,ok,18,18,9.2,197.2
mpp,8.0,11,ack-1f,w,2,2,0,ctl,ok,0,0,6.6,197.2
mpp,8.0,11,w48-16qam-r1/3,w48,19,1,0,data,ok,18,18,9.5,197.2
mpp,8.0,11,ack-1f,w,2,2,0,ctl,ok,0,0,14.5,197.2
mpp,8.0,11,w48-16qam-r1/3,w48,19,1,0,data,ok,18,18,10.8,197.2
mpp,8.0,11,ack-1f,w,2,2,0,ctl,ok,0,0,14.1,197.2
mpp,8.0,11,w48-16qam-r1/3,w48,19,1,0,data,ok,18,18,9.8,197.2
mpp,8.0,11,ack-1f,w,2,2,0,ctl,ok,0,0,14.0,197.2
mpp,8.0,11,w48-16qam-r1/3,w48,19,1,0,data,ok,18,18,9.3,197.2
mpp,8.0,11,ack-1f,w,2,2,0,ctl,ok,0,0,12.0,197.2
mpp,8.0,11,w48-16qam-r1/3,w48,19,1,0,data,ok,18,18,8.9,197.2
mpp,8.0,11,ack-1f,w,2,2,0,ctl,ok,0,0,8.8,197.2
mpp,8.0,11,w48-16qam-r1/3,w48,19,1,0,data,ok,18,18,10.5,197.2
mpp,8.0,11,ack-1f,w,2,2,0,ctl,ok,0,0,11.8,197.2
mpp,8.0,11,w48-16qam-r1/3,w48,19,1,0,data,ok,18,18,9.5,197.2
mpp,8.0,11,ack-1f,w,2,2,0,ctl,ok,0,0,13.1,197.2
mpp,8.0,11,w48-16qam-r1/3,w48,19,1,0,data,ok,18,18,10.1,197.2
mpp,8.0,11,ack-1f,w,2,2,0,ctl,ok,0,0,13.4,197.2
mpp,8.0,11,w48-16qam-r1/3,w48,19,1,0,data,ok,18,18,10.3,197.2
mpp,8.0,11,ack-1f,w,2,2,0,ctl,ok,0,0,11.0,197.2
mpp,8.0,11,w48-16qam-r1/3,w48,19,1,0,data,ok,18,18,10.1,197.2
mpp,8.0,11,ack-1f,w,2,2,0,ctl,ok,0,0,5.7,197.2
mpp,8.0,11,w48-16qam-r1/3,w48,19,1,0,data,ok,18,18,9.7,197.2
mpp,8.0,11,ack-1f,w,2,2,0,ctl,ok,0,0,11.3,197.2
mpp,8.0,11,w48-16qam-r1/3,w48,19,1,0,data,ok,18,18,10.6,197.2
mpp,8.0,11,ack-1f,w,2,2,0,ctl,ok,0,0,12.7,197.2
mpp,8.0,11,w48-16qam-r1/3,w48,19,1,0,data,ok,18,18,9.8,197.2
mpp,8.0,11,ack-1f,w,2,2,0,ctl,ok,0,0,8.9,197.2
mpp,8.0,11,w48-16qam-r1/3,w48,19,1,0,data,ok,18,12,8.1,197.2
mpp,8.0,11,ack-1f,w,3,3,0,ctl,ok,0,0,11.1,197.2
mpp,8.0,11,w48-16qam-r1/3,w48,19,1,0,data,ok,12,12,9.2,197.2
mpp,8.0,11,ack-1f,w,2,2,0,ctl,ok,0,0,11.2,197.2
mpp,8.0,11,w48-16qam-r1/3,w48,19,1,0,data,ok,18,18,8.6,197.2
mpp,8.0,11,ack-1f,w,2,2,0,ctl,ok,0,0,8.4,197.2
mpp,8.0,11,w48-16qam-r1/3,w48,19,1,0,data,ok,18,18,9.6,197.2
mpp,8.0,11,ack-1f,w,2,2,0,ctl,ok,0,0,15.2,197.2
mpp,8.0,11,w48-16qam-r1/3,w48,19,1,0,data,ok,18,18,10.5,197.2
mpp,8.0,11,ack-1f,w,2,2,0,ctl,ok,0,0,8.5,197.2
mpp,8.0,11,w48-16qam-r1/3,w48,19,1,0,data,ok,18,18,10.1,197.2
mpp,8.0,11,ack-1f,w,2,2,0,ctl,ok,0,0,5.3,197.2
mpp,8.0,11,w48-16qam-r1/3,w48,19,1,0,data,ok,18,18,9.0,197.2
mpp,8.0,11,ack-1f,w,2,2,0,ctl,ok,0,0,9.8,197.2
mpp,8.0,11,w48-16qam-r1/3,w48,19,1,0,data,ok,18,18,10.7,197.2
mpp,8.0,11,ack-1f,w,2,2,0,ctl,ok,0,0,13.5,197.2
mpp,8.0,11,w48-16qam-r1/3,w48,19,1,0,data,ok,18,18,9.7,197.2
mpp,8.0,11,ack-1f,w,2,2,0,ctl,ok,0,0,11.3,197.2
mpp,8.0,11,w48-16qam-r1/3,w48,19,1,0,data,ok,18,18,9.4,197.2
mpp,8.0,11,ack-1f,w,2,2,0,ctl,ok,0,0,3.6,197.2
mpp,8.0,11,w48-16qam-r1/3,w48,19,1,0,data,ctl_lost,18,16,8.0,197.2
mpp,8.0,11,ack-4f,w,3,3,0,ctl,ok,0,0,9.5,197.2
mpp,8.0,11,ack-4f,w,2,2,0,ctl,ok,0,0,8.9,197.2
mpp,8.0,11,w48-qpsk-r1/2,w48,19,1,0,data,ok,18,18,9.9,197.2
mpp,8.0,11,ack-1f,w,2,2,0,ctl,ok,0,0,9.5,197.2
mpp,8.0,11,w48-16qam-r1/3,w48,19,1,0,data,ok,18,18,9.6,197.2
mpp,8.0,11,ack-1f,w,2,2,0,ctl,ok,0,0,8.7,197.2
mpp,8.0,11,w48-16qam-r1/3,w48,19,1,0,data,ok,18,18,9.0,197.2
mpp,8.0,11,ack-1f,w,2,2,0,ctl,ok,0,0,12.5,197.2
mpp,8.0,11,w48-16qam-r1/3,w48,19,1,0,data,ok,18,18,9.6,197.2
mpd,-4.0,0,qpsk-r1/5,w,1,1,0,ctl,ctl_lost,0,0,1.2,17.9
mpd,-4.0,0,n4-qpsk-r1/3,n4,1,1,0,ctl,ok,0,0,-3.9,17.9
mpd,-4.0,0,n4-qpsk-r1/3,n4,1,1,0,ctl,ok,0,0,-4.6,17.9
mpd,-4.0,0,ack-4f,w,3,3,0,ctl,ok,0,0,-0.7,17.9
mpd,-4.0,0,n10-ack-4f,n10,3,3,0,ctl,ok,0,0,-3.2,17.9
mpd,-4.0,0,qpsk-r1/5,w,9,2,1,data,ok,7,7,-1.4,17.9
mpd,-4.0,0,ack-4f,w,3,3,0,ctl,ok,0,0,-2.6,17.9
mpd,-4.0,0,qpsk-r1/5,w,9,2,1,data,ok,7,7,-0.8,17.9
mpd,-4.0,0,ack-4f,w,3,3,0,ctl,ok,0,0,-2.0,17.9
mpd,-4.0,0,qpsk-r1/5,w,9,2,1,data,ok,7,7,-1.2,17.9
mpd,-4.0,0,ack-4f,w,3,3,0,ctl,ok,0,0,-0.1,17.9
mpd,-4.0,0,qpsk-r1/5,w,9,2,1,data,ok,7,7,-1.3,17.9
mpd,-4.0,0,ack-4f,w,3,3,0,ctl,ok,0,0,-1.0,17.9
mpd,-4.0,0,qpsk-r1/5,w,9,2,1,data,ok,7,7,-2.0,17.9
mpd,-4.0,0,ack-4f,w,3,3,0,ctl,ok,0,0,-2.7,17.9
mpd,-4.0,0,qpsk-r1/5,w,9,2,1,data,ok,7,7,-1.1,17.9
mpd,-4.0,0,ack-4f,w,3,3,0,ctl,ok,0,0,0.7,17.9
mpd,-4.0,0,qpsk-r1/5,w,9,2,1,data,ok,7,7,-0.7,17.9
mpd,-4.0,0,ack-4f,w,2,2,0,ctl,ok,0,0,-1.8,17.9
mpd,-4.0,0,qpsk-r1/5,w,9,1,0,data,ok,8,8,-0.8,17.9
mpd,-4.0,0,ack-4f,w,2,2,0,ctl,ok,0,0,-2.7,17.9
mpd,-4.0,0,qpsk-r1/5,w,9,1,0,data,ok,8,8,-0.5,17.9
mpd,-4.0,0,ack-4f,w,2,2,0,ctl,ok,0,0,-0.6,17.9
mpd,-4.0,0,qpsk-r1/5,w,9,1,0,data,ok,8,8,-0.4,17.9
mpd,-4.0,0,ack-4f,w,2,2,0,ctl,ok,0,0,1.3,17.9
mpd,-4.0,0,qpsk-r1/5,w,9,1,0,data,ctl_lost,8,0,-1.5,17.9
mpd,-4.0,0,ack-4f,w,3,3,0,ctl,ok,0,0,-0.9,17.9
mpd,-4.0,0,ack-4f,w,3,3,0,ctl,ok,0,0,-2.0,17.9
mpd,-4.0,0,qpsk-r1/5,w,9,2,1,data,ok,7,7,-1.0,17.9
mpd,-4.0,0,ack-4f,w,3,3,,ctl,missed,0,0,,17.9
mpd,-4.0,0,ack-4f,w,3,3,0,ctl,ok,0,0,-3.8,17.9
mpd,-4.0,0,ack-4f,w,3,3,0,ctl,ok,0,0,-0.2,17.9
mpd,-4.0,0,qpsk-r1/5,w,9,2,1,data,ok,7,7,0.0,17.9
mpd,-4.0,0,ack-4f,w,3,3,0,ctl,ok,0,0,-1.8,17.9
mpd,-4.0,0,qpsk-r1/5,w,9,2,1,data,ok,7,7,-0.7,17.9
mpd,-4.0,0,ack-4f,w,2,2,0,ctl,ok,0,0,-4.0,17.9
mpd,-4.0,0,qpsk-r1/5,w,9,1,0,data,ok,8,2,-1.4,17.9
mpd,-4.0,0,ack-4f,w,3,3,0,ctl,ok,0,0,-0.5,17.9
mpd,-4.0,0,qpsk-r1/5,w,9,1,0,data,ok,2,2,-2.2,17.9
mpd,-4.0,0,ack-4f,w,3,3,0,ctl,ok,0,0,-1.9,17.9
mpd,-4.0,0,qpsk-r1/5,w,9,2,1,data,ok,7,7,-1.7,17.9
mpd,-4.0,0,ack-4f,w,3,3,0,ctl,ok,0,0,1.5,17.9
mpd,-4.0,0,qpsk-r1/5,w,9,2,1,data,ok,7,4,-0.1,17.9
mpd,-4.0,0,ack-4f,w,3,3,0,ctl,ok,0,0,-0.3,17.9
mpd,-4.0,0,qpsk-r1/5,w,9,1,0,data,ok,6,6,-1.1,17.9
mpd,-4.0,0,ack-4f,w,2,2,0,ctl,ok,0,0,-6.1,17.9
mpd,-4.0,0,qpsk-r1/5,w,9,1,0,data,ok,8,8,-0.8,17.9
mpd,-4.0,0,ack-4f,w,2,2,0,ctl,ok,0,0,1.5,17.9
mpd,-4.0,0,qpsk-r1/5,w,9,1,0,data,ctl_lost,8,7,-1.5,17.9
mpd,-4.0,0,ack-4f,w,3,3,0,ctl,ok,0,0,-4.5,17.9
mpd,-4.0,0,ack-4f,w,3,3,0,ctl,ok,0,0,-0.6,17.9
mpd,-4.0,0,qpsk-r1/5,w,9,2,1,data,ok,7,7,-0.2,17.9
mpd,-4.0,0,ack-4f,w,3,3,0,ctl,ok,0,0,-1.0,17.9
mpd,-4.0,0,qpsk-r1/5,w,9,2,1,data,ok,7,7,-1.3,17.9
mpd,-4.0,0,ack-4f,w,2,2,0,ctl,ok,0,0,-3.2,17.9
mpd,-4.0,0,qpsk-r1/5,w,9,1,0,data,ok,8,8,-1.4,17.9
mpd,-4.0,0,ack-4f,w,3,3,0,ctl,ctl_lost,0,0,-6.0,17.9
mpd,-4.0,0,ack-4f,w,3,3,0,ctl,ok,0,0,0.6,17.9
mpd,-4.0,0,ack-4f,w,2,2,0,ctl,ok,0,0,-0.7,17.9
mpd,-4.0,0,qpsk-r1/5,w,9,1,0,data,ctl_lost,8,5,-2.4,17.9
mpd,-4.0,0,ack-4f,w,3,3,0,ctl,ok,0,0,-2.5,17.9
mpd,-4.0,0,ack-4f,w,2,2,0,ctl,ok,0,0,-2.5,17.9
mpd,-4.0,0,fsk32r62-r1/2,c32r62,9,1,0,data,ok,8,8,-1.7,17.9
mpd,-4.0,0,ack-4f,w,3,3,0,ctl,ok,0,0,-0.4,17.9
mpd,-4.0,0,qpsk-r1/5,w,9,2,1,data,ok,7,7,-0.3,17.9
mpd,-4.0,0,ack-4f,w,3,3,0,ctl,ok,0,0,-0.9,17.9
mpd,-4.0,0,qpsk-r1/5,w,9,2,1,data,ok,7,4,-1.0,17.9
mpd,-4.0,0,ack-4f,w,3,3,0,ctl,ok,0,0,-3.0,17.9
mpd,-4.0,0,qpsk-r1/5,w,9,2,1,data,ok,4,3,-0.9,17.9
mpd,-4.0,0,ack-4f,w,3,3,0,ctl,ok,0,0,-0.7,17.9
mpd,-4.0,0,qpsk-r1/5,w,9,2,1,data,ok,7,7,-1.1,17.9
mpd,-4.0,0,ack-4f,w,3,3,0,ctl,ok,0,0,-0.9,17.9
mpd,-4.0,0,qpsk-r1/5,w,9,2,1,data,ok,7,3,-1.4,17.9
mpd,-4.0,0,ack-4f,w,3,3,0,ctl,ok,0,0,-1.1,17.9
mpd,-4.0,0,qpsk-r1/5,w,9,2,1,data,ok,6,6,-0.3,17.9
mpd,-4.0,0,ack-4f,w,2,2,0,ctl,ok,0,0,-3.3,17.9
mpd,-4.0,0,qpsk-r1/5,w,9,1,0,data,ok,8,8,-0.5,17.9
mpd,-4.0,0,ack-4f,w,2,2,0,ctl,ok,0,0,-3.1,17.9
mpd,-4.0,0,qpsk-r1/5,w,9,1,0,data,ok,8,8,-0.6,17.9
mpd,-4.0,0,ack-4f,w,2,2,0,ctl,ok,0,0,-1.5,17.9
mpd,-4.0,0,qpsk-r1/5,w,9,1,0,data,ctl_lost,8,3,-1.3,17.9
mpd,-4.0,0,ack-4f,w,3,3,0,ctl,ok,0,0,-3.6,17.9
mpd,-4.0,0,ack-4f,w,3,3,0,ctl,ok,0,0,-0.7,17.9
mpd,-4.0,0,qpsk-r1/5,w,9,2,1,data,ok,7,7,-1.7,17.9
mpd,-4.0,0,ack-4f,w,3,3,0,ctl,ok,0,0,-4.2,17.9
mpd,-4.0,0,qpsk-r1/5,w,9,2,1,data,ok,7,7,-0.8,17.9
mpd,-4.0,0,ack-4f,w,3,3,0,ctl,ok,0,0,-1.2,17.9
mpd,-4.0,0,qpsk-r1/5,w,9,2,1,data,ok,7,7,-1.7,17.9
mpd,-4.0,0,ack-4f,w,2,2,0,ctl,ok,0,0,-1.6,17.9
mpd,-4.0,0,qpsk-r1/5,w,9,1,,data,missed,0,0,,17.9
mpd,-4.0,3,qpsk-r1/5,w,1,1,0,ctl,ok,0,0,-2.5,14.9
mpd,-4.0,3,qpsk-r1/5,w,1,1,0,ctl,ctl_lost,0,0,-0.9,14.9
mpd,-4.0,3,n4-qpsk-r1/3,n4,1,1,0,ctl,ok,0,0,-3.1,14.9
mpd,-4.0,3,n4-qpsk-r1/3,n4,1,1,,ctl,missed,0,0,,14.9
mpd,-4.0,3,n4-qpsk-r1/3,n4,1,1,,ctl,missed,0,0,,14.9
mpd,-4.0,3,n4-qpsk-r1/3,n4,1,1,0,ctl,ok,0,0,-4.9,14.9
mpd,-4.0,3,n4-qpsk-r1/3,n4,1,1,,ctl,missed,0,0,,14.9
mpd,-4.0,3,n4-qpsk-r1/3,n4,1,1,0,ctl,ok,0,0,-3.9,14.9
mpd,-4.0,3,n4-qpsk-r1/3,n4,1,1,0,ctl,ok,0,0,-1.7,14.9
mpd,-4.0,3,ack-4f,w,3,3,0,ctl,ok,0,0,-4.9,14.9
mpd,-4.0,3,ack-4f,w,2,2,0,ctl,ok,0,0,1.8,14.9
mpd,-4.0,3,fsk32r62-r1/2,c32r62,9,1,0,data,ok,8,8,-1.2,14.9
mpd,-4.0,3,ack-4f,w,3,3,0,ctl,ok,0,0,-1.4,14.9
mpd,-4.0,3,qpsk-r1/5,w,9,2,1,data,ok,7,7,-1.2,14.9
mpd,-4.0,3,ack-4f,w,3,3,0,ctl,ok,0,0,-2.6,14.9
mpd,-4.0,3,qpsk-r1/5,w,9,2,1,data,ok,7,7,-2.1,14.9
mpd,-4.0,3,ack-4f,w,3,3,0,ctl,ok,0,0,-3.9,14.9
mpd,-4.0,3,qpsk-r1/5,w,9,2,1,data,ok,7,7,-2.1,14.9
mpd,-4.0,3,ack-4f,w,3,3,0,ctl,ok,0,0,-1.0,14.9
mpd,-4.0,3,qpsk-r1/5,w,9,2,1,data,ok,7,7,-1.0,14.9
mpd,-4.0,3,ack-4f,w,3,3,0,ctl,ok,0,0,-4.0,14.9
mpd,-4.0,3,qpsk-r1/5,w,9,2,1,data,ok,7,7,-1.6,14.9
mpd,-4.0,3,ack-4f,w,3,3,0,ctl,ok,0,0,0.6,14.9
mpd,-4.0,3,qpsk-r1/5,w,9,2,1,data,ok,7,0,-2.5,14.9
mpd,-4.0,3,ack-4f,w,3,3,0,ctl,ok,0,0,-1.4,14.9
mpd,-4.0,3,qpsk-r1/5,w,9,2,1,data,ok,0,0,-1.1,14.9
mpd,-4.0,3,ack-4f,w,3,3,0,ctl,ok,0,0,-0.9,14.9
mpd,-4.0,3,qpsk-r1/5,w,9,2,1,data,ok,7,7,-2.8,14.9
mpd,-4.0,3,ack-4f,w,3,3,0,ctl,ok,0,0,-2.6,14.9
mpd,-4.0,3,qpsk-r1/5,w,9,2,1,data,ok,7,7,0.2,14.9
mpd,-4.0,3,ack-4f,w,2,2,0,ctl,ok,0,0,-1.6,14.9
mpd,-4.0,3,qpsk-r1/5,w,9,1,0,data,ctl_lost,8,8,-2.2,14.9
mpd,-4.0,3,ack-4f,w,3,3,0,ctl,ok,0,0,-0.5,14.9
mpd,-4.0,3,ack-4f,w,3,3,0,ctl,ok,0,0,-2.5,14.9
mpd,-4.0,3,qpsk-r1/5,w,9,2,1,data,ok,7,7,-2.3,14.9
mpd,-4.0,3,ack-4f,w,3,3,0,ctl,ok,0,0,-1.4,14.9
mpd,-4.0,3,qpsk-r1/5,w,9,2,1,data,ok,7,6,-2.4,14.9
mpd,-4.0,3,ack-4f,w,3,3,0,ctl,ok,0,0,-1.6,14.9
mpd,-4.0,3,qpsk-r1/5,w,9,2,1,data,ok,6,6,1.0,14.9
mpd,-4.0,3,ack-4f,w,2,2,0,ctl,ok,0,0,-1.7,14.9
mpd,-4.0,3,qpsk-r1/5,w,9,1,0,data,ok,8,8,-0.9,14.9
mpd,-4.0,3,ack-4f,w,2,2,0,ctl,ok,0,0,-2.6,14.9
mpd,-4.0,3,qpsk-r1/5,w,9,1,0,data,ctl_lost,8,0,-3.1,14.9
mpd,-4.0,3,ack-4f,w,3,3,0,ctl,ok,0,0,-0.4,14.9
mpd,-4.0,3,ack-4f,w,3,3,0,ctl,ok,0,0,-0.4,14.9
mpd,-4.0,3,qpsk-r1/5,w,9,2,1,data,ok,7,7,-1.5,14.9
mpd,-4.0,3,ack-4f,w,3,3,0,ctl,ok,0,0,1.8,14.9
mpd,-4.0,3,qpsk-r1/5,w,9,2,,data,missed,0,0,,14.9
mpd,-4.0,3,ack-4f,w,3,3,0,ctl,ok,0,0,-2.2,14.9
mpd,-4.0,3,ack-4f,w,3,3,0,ctl,ok,0,0,-1.8,14.9
mpd,-4.0,3,qpsk-r1/5,w,9,2,1,data,ok,7,3,-0.3,14.9
mpd,-4.0,3,ack-4f,w,3,3,0,ctl,ok,0,0,-2.1,14.9
mpd,-4.0,3,qpsk-r1/5,w,9,2,1,data,ok,6,6,-0.8,14.9
mpd,-4.0,3,ack-4f,w,2,2,0,ctl,ok,0,0,-0.6,14.9
mpd,-4.0,3,qpsk-r1/5,w,9,1,0,data,ok,8,8,-1.6,14.9
mpd,-4.0,3,ack-4f,w,2,2,0,ctl,ok,0,0,3.0,14.9
mpd,-4.0,3,qpsk-r1/5,w,9,1,0,data,ctl_lost,8,1,-2.5,14.9
mpd,-4.0,3,ack-4f,w,3,3,0,ctl,ok,0,0,-0.6,14.9
mpd,-4.0,3,ack-4f,w,3,3,0,ctl,ok,0,0,-1.0,14.9
mpd,-4.0,3,qpsk-r1/5,w,9,2,1,data,ok,7,0,-1.4,14.9
mpd,-4.0,3,ack-4f,w,3,3,0,ctl,ok,0,0,-2.4,14.9
mpd,-4.0,3,qpsk-r1/5,w,9,2,1,data,ok,1,1,-0.9,14.9
mpd,-4.0,3,ack-4f,w,3,3,0,ctl,ok,0,0,-3.6,14.9
mpd,-4.0,3,qpsk-r1/5,w,9,2,1,data,ok,7,7,-1.1,14.9
mpd,-4.0,3,ack-4f,w,3,3,0,ctl,ok,0,0,-4.4,14.9
mpd,-4.0,3,qpsk-r1/5,w,9,2,1,data,ok,7,7,-2.3,14.9
mpd,-4.0,3,ack-4f,w,3,3,0,ctl,ok,0,0,-1.4,14.9
mpd,-4.0,3,qpsk-r1/5,w,9,2,1,data,ok,7,7,-0.7,14.9
mpd,-4.0,3,ack-4f,w,2,2,0,ctl,ok,0,0,-1.9,14.9
mpd,-4.0,3,qpsk-r1/5,w,9,1,0,data,ctl_lost,8,0,-2.9,14.9
mpd,-4.0,3,ack-4f,w,3,3,0,ctl,ok,0,0,-0.7,14.9
mpd,-4.0,3,ack-4f,w,3,3,0,ctl,ok,0,0,-0.9,14.9
mpd,-4.0,3,qpsk-r1/5,w,9,2,1,data,ok,7,7,-2.2,14.9
mpd,-4.0,3,ack-4f,w,3,3,0,ctl,ok,0,0,-2.0,14.9
mpd,-4.0,3,qpsk-r1/5,w,9,2,1,data,ok,7,7,-1.1,14.9
mpd,-4.0,3,ack-4f,w,3,3,0,ctl,ok,0,0,-2.1,14.9
mpd,-4.0,3,qpsk-r1/5,w,9,2,1,data,ok,7,7,-0.8,14.9
mpd,-4.0,3,ack-4f,w,3,3,,ctl,missed,0,0,,14.9
mpd,-4.0,3,ack-4f,w,3,3,0,ctl,ok,0,0,-2.1,14.9
mpd,-4.0,3,ack-4f,w,3,3,0,ctl,ok,0,0,-3.2,14.9
mpd,-4.0,3,qpsk-r1/5,w,9,2,1,data,ok,7,0,-2.3,14.9
mpd,-4.0,3,ack-4f,w,3,3,0,ctl,ok,0,0,1.2,14.9
mpd,-4.0,3,qpsk-r1/5,w,9,2,1,data,ok,1,1,-1.4,14.9
mpd,-4.0,3,ack-4f,w,3,3,0,ctl,ok,0,0,-0.8,14.9
mpd,-4.0,3,qpsk-r1/5,w,9,2,1,data,ok,7,7,-1.3,14.9
mpd,-4.0,3,ack-4f,w,2,2,0,ctl,ok,0,0,-0.2,14.9
mpd,-4.0,3,qpsk-r1/5,w,9,1,0,data,ok,8,8,1.2,14.9
mpd,-4.0,3,ack-4f,w,2,2,0,ctl,ok,0,0,-2.3,14.9
mpd,-4.0,3,qpsk-r1/5,w,9,1,,data,missed,0,0,,14.9
mpd,-4.0,1,qpsk-r1/5,w,1,1,0,ctl,ok,0,0,-2.7,14.9
mpd,-4.0,1,qpsk-r1/5,w,1,1,0,ctl,ok,0,0,-1.7,14.9
mpd,-4.0,1,ack-4f,w,3,3,0,ctl,ok,0,0,-1.0,14.9
mpd,-4.0,1,ack-4f,w,2,2,0,ctl,ok,0,0,-3.5,14.9
mpd,-4.0,1,fsk32r62-r1/2,c32r62,9,1,0,data,ok,8,8,-1.6,14.9
mpd,-4.0,1,ack-4f,w,3,3,0,ctl,ok,0,0,0.1,14.9
mpd,-4.0,1,qpsk-r1/5,w,9,2,1,data,ok,7,7,-1.8,14.9
mpd,-4.0,1,ack-4f,w,3,3,0,ctl,ok,0,0,-2.7,14.9
mpd,-4.0,1,qpsk-r1/5,w,9,2,,data,missed,0,0,,14.9
mpd,-4.0,1,ack-4f,w,2,2,0,ctl,ok,0,0,-0.4,14.9
mpd,-4.0,1,ack-4f,w,3,3,,ctl,missed,0,0,,14.9
mpd,-4.0,1,ack-4f,w,2,2,0,ctl,ok,0,0,-1.1,14.9
mpd,-4.0,1,ack-4f,w,3,3,0,ctl,ok,0,0,0.5,14.9
mpd,-4.0,1,qpsk-r1/5,w,9,2,1,data,ok,7,7,-0.6,14.9
mpd,-4.0,1,ack-4f,w,3,3,0,ctl,ok,0,0,-6.6,14.9
mpd,-4.0,1,qpsk-r1/5,w,9,2,1,data,ok,7,7,-1.6,14.9
mpd,-4.0,1,ack-4f,w,3,3,0,ctl,ok,0,0,-1.8,14.9
mpd,-4.0,1,qpsk-r1/5,w,9,2,1,data,ok,7,7,-1.4,14.9
mpd,-4.0,1,ack-4f,w,3,3,0,ctl,ok,0,0,-2.3,14.9
mpd,-4.0,1,qpsk-r1/5,w,9,2,1,data,ok,7,0,-2.2,14.9
mpd,-4.0,1,ack-4f,w,3,3,0,ctl,ok,0,0,-2.6,14.9
mpd,-4.0,1,qpsk-r1/5,w,9,2,1,data,ok,1,0,-2.1,14.9
mpd,-4.0,1,ack-4f,w,3,3,0,ctl,ok,0,0,-1.5,14.9
mpd,-4.0,1,qpsk-r1/5,w,9,2,1,data,ok,7,6,-2.3,14.9
mpd,-4.0,1,ack-4f,w,3,3,0,ctl,ok,0,0,-1.2,14.9
mpd,-4.0,1,qpsk-r1/5,w,9,2,1,data,ok,6,6,-1.0,14.9
mpd,-4.0,1,ack-4f,w,2,2,0,ctl,ok,0,0,0.8,14.9
mpd,-4.0,1,qpsk-r1/5,w,9,1,,data,missed,0,0,,14.9
mpd,-4.0,1,ack-4f,w,3,3,0,ctl,ok,0,0,-1.1,14.9
mpd,-4.0,1,ack-4f,w,3,3,0,ctl,ok,0,0,-0.6,14.9
mpd,-4.0,1,qpsk-r1/5,w,9,2,1,data,ok,7,7,-0.8,14.9
mpd,-4.0,1,ack-4f,w,2,2,0,ctl,ok,0,0,-1.1,14.9
mpd,-4.0,1,qpsk-r1/5,w,9,1,0,data,ok,8,8,-1.9,14.9
mpd,-4.0,1,ack-4f,w,2,2,0,ctl,ok,0,0,-0.1,14.9
mpd,-4.0,1,qpsk-r1/5,w,9,1,0,data,ok,8,8,-1.6,14.9
mpd,-4.0,1,ack-4f,w,2,2,0,ctl,ok,0,0,-0.3,14.9
mpd,-4.0,1,qpsk-r1/5,w,9,1,0,data,ok,8,8,-1.8,14.9
mpd,-4.0,1,ack-4f,w,2,2,0,ctl,ok,0,0,-1.6,14.9
mpd,-4.0,1,qpsk-r1/5,w,9,1,0,data,ok,8,8,0.6,14.9
mpd,-4.0,1,ack-4f,w,2,2,,ctl,missed,0,0,,14.9
mpd,-4.0,1,ack-4f,w,2,2,0,ctl,ok,0,0,-1.1,14.9
mpd,-4.0,1,ack-4f,w,2,2,0,ctl,ok,0,0,-4.0,14.9
mpd,-4.0,1,qpsk-r1/5,w,9,1,0,data,ok,8,8,-1.1,14.9
mpd,-4.0,1,ack-4f,w,2,2,0,ctl,ok,0,0,-2.1,14.9
mpd,-4.0,1,qpsk-r1/5,w,9,1,0,data,ok,8,8,-0.9,14.9
mpd,-4.0,1,ack-4f,w,2,2,0,ctl,ok,0,0,-3.5,14.9
mpd,-4.0,1,qpsk-r1/5,w,9,1,0,data,ctl_lost,8,0,-2.2,14.9
mpd,-4.0,1,ack-4f,w,3,3,0,ctl,ok,0,0,-0.4,14.9
mpd,-4.0,1,ack-4f,w,3,3,0,ctl,ok,0,0,0.1,14.9
mpd,-4.0,1,qpsk-r1/5,w,9,2,1,data,ok,7,1,-0.9,14.9
mpd,-4.0,1,ack-4f,w,3,3,0,ctl,ok,0,0,0.8,14.9
mpd,-4.0,1,qpsk-r1/5,w,9,2,1,data,ok,2,1,-1.6,14.9
mpd,-4.0,1,ack-4f,w,2,2,0,ctl,ok,0,0,-1.2,14.9
mpd,-4.0,1,qpsk-r1/5,w,9,1,0,data,ok,8,8,-0.5,14.9
mpd,-4.0,1,ack-4f,w,2,2,0,ctl,ok,0,0,0.9,14.9
mpd,-4.0,1,qpsk-r1/5,w,9,1,0,data,ok,8,8,-1.4,14.9
mpd,-4.0,1,ack-4f,w,2,2,0,ctl,ok,0,0,-1.2,14.9
mpd,-4.0,1,qpsk-r1/5,w,9,1,0,data,ok,8,8,-2.0,14.9
mpd,-4.0,1,ack-4f,w,2,2,0,ctl,ok,0,0,-1.3,14.9
mpd,-4.0,1,qpsk-r1/5,w,9,1,0,data,ctl_lost,8,0,-3.0,14.9
mpd,-4.0,1,ack-4f,w,2,2,0,ctl,ok,0,0,0.1,14.9
mpd,-4.0,1,ack-4f,w,3,3,0,ctl,ok,0,0,-2.6,14.9
mpd,-4.0,1,qpsk-r1/5,w,9,2,1,data,ok,7,0,-2.3,14.9
mpd,-4.0,1,ack-4f,w,3,3,0,ctl,ok,0,0,0.5,14.9
mpd,-4.0,1,qpsk-r1/5,w,9,2,1,data,ok,0,0,-2.9,14.9
mpd,-4.0,1,ack-4f,w,3,3,0,ctl,ok,0,0,-4.3,14.9
mpd,-4.0,1,qpsk-r1/5,w,9,2,1,data,ok,7,7,-1.5,14.9
mpd,-4.0,1,ack-4f,w,3,3,0,ctl,ok,0,0,0.2,14.9
mpd,-4.0,1,qpsk-r1/5,w,9,2,1,data,ok,7,2,-1.6,14.9
mpd,-4.0,1,ack-4f,w,3,3,0,ctl,ok,0,0,-0.7,14.9
mpd,-4.0,1,qpsk-r1/5,w,9,1,0,data,ok,3,3,-1.9,14.9
mpd,-4.0,1,ack-4f,w,2,2,0,ctl,ok,0,0,-2.0,14.9
mpd,-4.0,1,qpsk-r1/5,w,9,1,0,data,ctl_lost,8,0,-4.3,14.9
mpd,-4.0,1,ack-4f,w,3,3,0,ctl,ok,0,0,1.5,14.9
mpd,-4.0,1,ack-4f,w,3,3,0,ctl,ok,0,0,-3.5,14.9
mpd,-4.0,1,qpsk-r1/5,w,9,2,1,data,ok,7,7,-0.1,14.9
mpd,-4.0,1,ack-4f,w,2,2,0,ctl,ok,0,0,-0.5,14.9
mpd,-4.0,1,qpsk-r1/5,w,9,1,0,data,ok,8,8,0.1,14.9
mpd,-4.0,1,ack-4f,w,2,2,0,ctl,ok,0,0,-1.6,14.9
mpd,-4.0,1,qpsk-r1/5,w,9,1,0,data,ctl_lost,8,1,-2.0,14.9
mpd,-4.0,1,ack-4f,w,2,2,0,ctl,ok,0,0,-2.1,14.9
mpd,-4.0,1,ack-4f,w,2,2,0,ctl,ok,0,0,2.8,14.9
mpd,-4.0,1,fsk32r62-r1/2,c32r62,9,1,0,data,ok,8,8,-1.2,14.9
mpd,-4.0,1,ack-4f,w,3,3,0,ctl,ok,0,0,-0.4,14.9
mpd,-4.0,1,qpsk-r1/5,w,9,2,,data,missed,0,0,,14.9
mpd,-4.0,1,ack-4f,w,3,3,0,ctl,ok,0,0,-2.4,14.9
mpd,-4.0,1,ack-4f,w,2,2,0,ctl,ok,0,0,-2.3,14.9
mpd,-4.0,1,fsk32r62-r1/2,c32r62,9,1,0,data,ok,8,8,-1.6,14.9
mpd,-4.0,4,qpsk-r1/5,w,1,1,0,ctl,ok,0,0,-0.4,17.0
mpd,-4.0,4,qpsk-r1/5,w,1,1,0,ctl,ok,0,0,1.5,17.0
mpd,-4.0,4,ack-4f,w,3,3,0,ctl,ok,0,0,-1.8,17.0
mpd,-4.0,4,ack-4f,w,2,2,0,ctl,ok,0,0,-0.4,17.0
mpd,-4.0,4,fsk32r62-r1/2,c32r62,9,1,0,data,ok,8,8,-1.7,17.0
mpd,-4.0,4,ack-4f,w,3,3,0,ctl,ok,0,0,-2.2,17.0
mpd,-4.0,4,qpsk-r1/5,w,9,2,1,data,ok,7,7,-1.5,17.0
mpd,-4.0,4,ack-4f,w,3,3,0,ctl,ok,0,0,-2.0,17.0
mpd,-4.0,4,qpsk-r1/5,w,9,2,1,data,ok,7,7,-0.2,17.0
mpd,-4.0,4,ack-4f,w,3,3,0,ctl,ok,0,0,-3.3,17.0
mpd,-4.0,4,qpsk-r1/5,w,9,2,1,data,ok,7,7,-2.0,17.0
mpd,-4.0,4,ack-4f,w,3,3,0,ctl,ok,0,0,-2.9,17.0
mpd,-4.0,4,qpsk-r1/5,w,9,2,1,data,ok,7,3,-1.7,17.0
mpd,-4.0,4,ack-4f,w,3,3,0,ctl,ok,0,0,-0.3,17.0
mpd,-4.0,4,qpsk-r1/5,w,9,2,1,data,ok,5,5,-1.9,17.0
mpd,-4.0,4,ack-4f,w,3,3,0,ctl,ok,0,0,-1.9,17.0
mpd,-4.0,4,qpsk-r1/5,w,9,2,1,data,ok,7,7,-0.6,17.0
mpd,-4.0,4,ack-4f,w,2,2,0,ctl,ok,0,0,-0.9,17.0
mpd,-4.0,4,qpsk-r1/5,w,9,1,0,data,ok,8,8,-0.9,17.0
mpd,-4.0,4,ack-4f,w,2,2,0,ctl,ok,0,0,-2.9,17.0
mpd,-4.0,4,qpsk-r1/5,w,9,1,,data,missed,0,0,,17.0
mpd,-4.0,4,ack-4f,w,3,3,0,ctl,ok,0,0,-1.1,17.0
mpd,-4.0,4,ack-4f,w,3,3,0,ctl,ok,0,0,-0.1,17.0
mpd,-4.0,4,qpsk-r1/5,w,9,2,1,data,ok,7,7,-0.9,17.0
mpd,-4.0,4,ack-4f,w,3,3,0,ctl,ok,0,0,1.9,17.0
mpd,-4.0,4,qpsk-r1/5,w,9,2,1,data,ok,7,7,-0.9,17.0
mpd,-4.0,4,ack-4f,w,2,2,,ctl,missed,0,0,,17.0
mpd,-4.0,4,ack-4f,w,3,3,0,ctl,ok,0,0,-5.6,17.0
mpd,-4.0,4,ack-4f,w,3,3,0,ctl,ok,0,0,-4.2,17.0
mpd,-4.0,4,qpsk-r1/5,w,9,2,1,data,ok,7,0,-1.1,17.0
mpd,-4.0,4,ack-4f,w,3,3,,ctl,missed,0,0,,17.0
mpd,-4.0,4,ack-4f,w,2,2,0,ctl,ok,0,0,-2.4,17.0
mpd,-4.0,4,ack-4f,w,2,2,0,ctl,ok,0,0,-3.6,17.0
mpd,-4.0,4,qpsk-r1/5,w,9,1,0,data,ok,8,8,-1.0,17.0
mpd,-4.0,4,ack-4f,w,3,3,0,ctl,ok,0,0,0.3,17.0
mpd,-4.0,4,qpsk-r1/5,w,9,2,1,data,ok,7,7,-1.0,17.0
mpd,-4.0,4,ack-4f,w,2,2,0,ctl,ok,0,0,-2.3,17.0
mpd,-4.0,4,qpsk-r1/5,w,9,1,0,data,ok,8,8,-1.1,17.0
mpd,-4.0,4,ack-4f,w,2,2,0,ctl,ok,0,0,-3.2,17.0
mpd,-4.0,4,qpsk-r1/5,w,9,1,0,data,ok,8,8,-1.6,17.0
mpd,-4.0,4,ack-4f,w,2,2,0,ctl,ok,0,0,-2.1,17.0
mpd,-4.0,4,qpsk-r1/5,w,9,1,0,data,ok,8,8,-1.2,17.0
mpd,-4.0,4,ack-4f,w,2,2,0,ctl,ok,0,0,-0.1,17.0
mpd,-4.0,4,qpsk-r1/5,w,9,1,0,data,ok,8,8,-0.6,17.0
mpd,-4.0,4,ack-4f,w,2,2,0,ctl,ok,0,0,0.1,17.0
mpd,-4.0,4,qpsk-r1/5,w,9,1,0,data,ok,8,8,-1.3,17.0
mpd,-4.0,4,ack-4f,w,2,2,0,ctl,ok,0,0,-0.3,17.0
mpd,-4.0,4,qpsk-r1/5,w,9,1,0,data,ctl_lost,8,0,-2.7,17.0
mpd,-4.0,4,ack-4f,w,3,3,0,ctl,ok,0,0,-0.1,17.0
mpd,-4.0,4,ack-4f,w,3,3,0,ctl,ok,0,0,1.6,17.0
mpd,-4.0,4,qpsk-r1/5,w,9,2,1,data,ok,7,7,0.5,17.0
mpd,-4.0,4,ack-4f,w,2,2,0,ctl,ok,0,0,0.7,17.0
mpd,-4.0,4,qpsk-r1/5,w,9,1,0,data,ctl_lost,8,3,-1.3,17.0
mpd,-4.0,4,ack-4f,w,3,3,0,ctl,ok,0,0,-6.0,17.0
mpd,-4.0,4,ack-4f,w,2,2,0,ctl,ok,0,0,1.7,17.0
mpd,-4.0,4,fsk32r62-r1/2,c32r62,9,1,0,data,ok,8,8,-2.2,17.0
mpd,-4.0,4,ack-4f,w,3,3,0,ctl,ok,0,0,-0.7,17.0
mpd,-4.0,4,qpsk-r1/5,w,9,2,1,data,ok,7,7,0.2,17.0
mpd,-4.0,4,ack-4f,w,3,3,,ctl,missed,0,0,,17.0
mpd,-4.0,4,ack-4f,w,3,3,0,ctl,ok,0,0,-0.7,17.0
mpd,-4.0,4,ack-4f,w,3,3,0,ctl,ok,0,0,-2.9,17.0
mpd,-4.0,4,qpsk-r1/5,w,9,2,1,data,ok,7,1,-2.4,17.0
mpd,-4.0,4,ack-4f,w,3,3,0,ctl,ok,0,0,-1.7,17.0
mpd,-4.0,4,qpsk-r1/5,w,9,2,1,data,ok,1,1,-2.6,17.0
mpd,-4.0,4,ack-4f,w,3,3,0,ctl,ok,0,0,-2.7,17.0
mpd,-4.0,4,qpsk-r1/5,w,9,2,1,data,ok,7,7,-0.8,17.0
mpd,-4.0,4,ack-4f,w,2,2,0,ctl,ctl_lost,0,0,-8.0,17.0
mpd,-4.0,4,ack-4f,w,3,3,0,ctl,ok,0,0,-0.2,17.0
mpd,-4.0,4,ack-4f,w,2,2,0,ctl,ok,0,0,-1.2,17.0
mpd,-4.0,4,qpsk-r1/5,w,9,1,0,data,ok,8,8,-1.7,17.0
mpd,-4.0,4,ack-4f,w,3,3,0,ctl,ok,0,0,-0.3,17.0
mpd,-4.0,4,qpsk-r1/5,w,9,2,1,data,ok,7,7,-1.0,17.0
mpd,-4.0,4,ack-4f,w,2,2,0,ctl,ok,0,0,-2.3,17.0
mpd,-4.0,4,qpsk-r1/5,w,9,1,0,data,ok,8,8,-0.2,17.0
mpd,-4.0,4,ack-4f,w,2,2,0,ctl,ok,0,0,-0.6,17.0
mpd,-4.0,4,qpsk-r1/5,w,9,1,0,data,ok,8,8,-1.6,17.0
mpd,-4.0,4,ack-4f,w,2,2,0,ctl,ok,0,0,-0.4,17.0
mpd,-4.0,4,qpsk-r1/5,w,9,1,0,data,ok,8,8,-1.4,17.0
mpd,-4.0,4,ack-4f,w,2,2,0,ctl,ok,0,0,-0.9,17.0
mpd,-4.0,4,qpsk-r1/5,w,9,1,0,data,ok,8,8,-2.0,17.0
mpd,-4.0,4,ack-4f,w,2,2,0,ctl,ok,0,0,-0.1,17.0
mpd,-4.0,4,qpsk-r1/5,w,9,1,0,data,ctl_lost,8,0,-2.1,17.0
mpd,-4.0,4,ack-4f,w,3,3,0,ctl,ok,0,0,-3.5,17.0
mpd,-4.0,4,ack-4f,w,3,3,0,ctl,ok,0,0,-1.6,17.0
mpd,-4.0,4,qpsk-r1/5,w,9,2,1,data,ok,7,7,-2.1,17.0
mpd,-4.0,4,ack-4f,w,3,3,0,ctl,ok,0,0,-1.5,17.0
mpd,-4.0,4,qpsk-r1/5,w,9,2,1,data,ok,7,0,-2.8,17.0
mpd,-4.0,4,ack-4f,w,3,3,0,ctl,ok,0,0,-3.8,17.0
mpd,-4.0,4,qpsk-r1/5,w,9,2,1,data,ok,0,0,-0.6,17.0
mpd,-4.0,4,ack-4f,w,2,2,0,ctl,ok,0,0,-3.2,17.0
mpd,-4.0,4,qpsk-r1/5,w,9,1,0,data,ctl_lost,8,0,-2.5,17.0
mpd,-4.0,5,qpsk-r1/5,w,1,1,0,ctl,ok,0,0,-3.1,15.3
mpd,-4.0,5,qpsk-r1/5,w,1,1,0,ctl,ok,0,0,-2.2,15.3
mpd,-4.0,5,ack-4f,w,3,3,0,ctl,ok,0,0,-3.2,15.3
mpd,-4.0,5,ack-4f,w,3,3,0,ctl,ok,0,0,-0.5,15.3
mpd,-4.0,5,fsk32r62-r1/2,c32r62,10,2,1,data,ok,8,8,-1.3,15.3
mpd,-4.0,5,ack-4f,w,3,3,0,ctl,ok,0,0,-3.3,15.3
mpd,-4.0,5,qpsk-r1/5,w,9,2,1,data,ok,7,0,-2.2,15.3
mpd,-4.0,5,ack-4f,w,3,3,0,ctl,ok,0,0,-0.4,15.3
mpd,-4.0,5,qpsk-r1/5,w,9,2,1,data,ok,2,0,-2.6,15.3
mpd,-4.0,5,ack-4f,w,3,3,0,ctl,ok,0,0,-2.6,15.3
mpd,-4.0,5,qpsk-r1/5,w,9,2,1,data,ok,7,3,-1.8,15.3
mpd,-4.0,5,ack-4f,w,3,3,0,ctl,ok,0,0,0.1,15.3
mpd,-4.0,5,qpsk-r1/5,w,9,2,1,data,ok,3,0,-0.1,15.3
mpd,-4.0,5,ack-4f,w,2,2,0,ctl,ok,0,0,-1.0,15.3
mpd,-4.0,5,qpsk-r1/5,w,9,1,0,data,ok,8,8,-1.5,15.3
mpd,-4.0,5,ack-4f,w,2,2,0,ctl,ok,0,0,-0.7,15.3
mpd,-4.0,5,qpsk-r1/5,w,9,1,0,data,ok,8,8,-1.2,15.3
mpd,-4.0,5,ack-4f,w,3,3,0,ctl,ok,0,0,-2.7,15.3
mpd,-4.0,5,qpsk-r1/5,w,9,2,1,data,ok,7,0,-2.6,15.3
mpd,-4.0,5,ack-4f,w,3,3,0,ctl,ok,0,0,-4.2,15.3
mpd,-4.0,5,qpsk-r1/5,w,9,2,1,data,ok,1,1,-1.6,15.3
mpd,-4.0,5,ack-4f,w,3,3,0,ctl,ok,0,0,-2.6,15.3
mpd,-4.0,5,qpsk-r1/5,w,9,2,1,data,ok,7,2,-2.2,15.3
mpd,-4.0,5,ack-4f,w,3,3,0,ctl,ok,0,0,-0.9,15.3
mpd,-4.0,5,qpsk-r1/5,w,9,2,1,data,ok,2,0,-1.9,15.3
mpd,-4.0,5,ack-4f,w,3,3,0,ctl,ok,0,0,-0.1,15.3
mpd,-4.0,5,qpsk-r1/5,w,9,2,1,data,ok,7,7,-0.3,15.3
mpd,-4.0,5,ack-4f,w,2,2,0,ctl,ok,0,0,-0.6,15.3
mpd,-4.0,5,qpsk-r1/5,w,9,1,0,data,ok,8,8,-0.9,15.3
mpd,-4.0,5,ack-4f,w,2,2,0,ctl,ok,0,0,-0.2,15.3
mpd,-4.0,5,qpsk-r1/5,w,9,1,0,data,ok,8,8,-1.6,15.3
mpd,-4.0,5,ack-4f,w,2,2,0,ctl,ok,0,0,2.2,15.3
mpd,-4.0,5,qpsk-r1/5,w,9,1,0,data,ok,8,4,-2.3,15.3
mpd,-4.0,5,ack-4f,w,3,3,0,ctl,ok,0,0,-2.3,15.3
mpd,-4.0,5,qpsk-r1/5,w,9,1,0,data,ctl_lost,4,0,-2.9,15.3
mpd,-4.0,5,ack-4f,w,3,3,0,ctl,ok,0,0,1.1,15.3
mpd,-4.0,5,ack-4f,w,3,3,0,ctl,ok,0,0,-2.8,15.3
mpd,-4.0,5,qpsk-r1/5,w,9,2,1,data,ok,3,3,-0.5,15.3
mpd,-4.0,5,ack-4f,w,2,2,0,ctl,ok,0,0,-2.6,15.3
mpd,-4.0,5,qpsk-r1/5,w,9,1,0,data,ok,8,4,-0.2,15.3
mpd,-4.0,5,ack-4f,w,3,3,0,ctl,ok,0,0,-0.0,15.3
mpd,-4.0,5,qpsk-r1/5,w,9,1,0,data,ok,4,4,-0.6,15.3
mpd,-4.0,5,ack-4f,w,2,2,0,ctl,ok,0,0,-4.0,15.3
mpd,-4.0,5,qpsk-r1/5,w,9,1,0,data,ok,8,8,-0.1,15.3
mpd,-4.0,5,ack-4f,w,2,2,0,ctl,ok,0,0,2.3,15.3
mpd,-4.0,5,qpsk-r1/5,w,9,1,0,data,ok,8,2,-2.8,15.3
mpd,-4.0,5,ack-4f,w,3,3,0,ctl,ok,0,0,0.8,15.3
mpd,-4.0,5,qpsk-r1/5,w,9,2,1,data,ok,1,1,-1.1,15.3
mpd,-4.0,5,ack-4f,w,2,2,0,ctl,ok,0,0,1.6,15.3
mpd,-4.0,5,qpsk-r1/5,w,9,1,0,data,ctl_lost,8,0,-1.1,15.3
mpd,-4.0,5,ack-4f,w,3,3,0,ctl,ok,0,0,-1.6,15.3
mpd,-4.0,5,ack-4f,w,3,3,0,ctl,ok,0,0,-3.4,15.3
mpd,-4.0,5,qpsk-r1/5,w,9,2,1,data,ok,7,7,-1.6,15.3
mpd,-4.0,5,ack-4f,w,2,2,0,ctl,ok,0,0,-0.4,15.3
mpd,-4.0,5,fsk32r62-r1/2,c32r62,9,1,0,data,ok,8,8,-1.9,15.3
mpd,-4.0,5,ack-4f,w,3,3,0,ctl,ok,0,0,-0.3,15.3
mpd,-4.0,5,qpsk-r1/5,w,9,2,1,data,ok,7,7,-1.4,15.3
mpd,-4.0,5,ack-4f,w,3,3,0,ctl,ok,0,0,-1.9,15.3
mpd,-4.0,5,qpsk-r1/5,w,9,2,1,data,ok,7,0,-2.6,15.3
mpd,-4.0,5,ack-4f,w,2,2,0,ctl,ok,0,0,-0.9,15.3
mpd,-4.0,5,fsk32r62-r1/2,c32r62,9,1,0,data,ok,8,8,-1.3,15.3
mpd,-4.0,5,ack-4f,w,3,3,0,ctl,ok,0,0,-1.2,15.3
mpd,-4.0,5,qpsk-r1/5,w,9,2,1,data,ok,7,7,-1.5,15.3
mpd,-4.0,5,ack-4f,w,2,2,0,ctl,ok,0,0,-0.1,15.3
mpd,-4.0,5,qpsk-r1/5,w,9,1,0,data,ok,8,8,-0.7,15.3
mpd,-4.0,5,ack-4f,w,2,2,0,ctl,ok,0,0,1.3,15.3
mpd,-4.0,5,qpsk-r1/5,w,9,1,0,data,ctl_lost,8,0,-2.3,15.3
mpd,-4.0,5,ack-4f,w,3,3,0,ctl,ok,0,0,-3.2,15.3
mpd,-4.0,5,ack-4f,w,2,2,0,ctl,ok,0,0,1.6,15.3
mpd,-4.0,5,fsk32r62-r1/2,c32r62,9,1,0,data,ok,8,8,-1.8,15.3
mpd,-4.0,5,ack-4f,w,3,3,0,ctl,ok,0,0,-0.7,15.3
mpd,-4.0,5,qpsk-r1/5,w,9,2,1,data,ok,7,7,-1.7,15.3
mpd,-4.0,5,ack-4f,w,3,3,0,ctl,ok,0,0,-1.2,15.3
mpd,-4.0,5,qpsk-r1/5,w,9,2,1,data,ok,7,0,-3.2,15.3
mpd,-4.0,5,ack-4f,w,2,2,0,ctl,ok,0,0,-2.5,15.3
mpd,-4.0,5,fsk32r62-r1/2,c32r62,9,1,0,data,ok,8,8,-1.8,15.3
mpd,-4.0,5,ack-4f,w,3,3,0,ctl,ok,0,0,0.6,15.3
mpd,-4.0,2,qpsk-r1/5,w,1,1,0,ctl,ctl_lost,0,0,-2.3,16.6
mpd,-4.0,2,n4-qpsk-r1/3,n4,1,1,0,ctl,ok,0,0,-5.0,16.6
mpd,-4.0,2,n4-qpsk-r1/3,n4,1,1,0,ctl,ok,0,0,-9.4,16.6
mpd,-4.0,2,ack-4f,w,3,3,0,ctl,ok,0,0,-0.6,16.6
mpd,-4.0,2,n10-ack-4f,n10,3,3,0,ctl,ok,0,0,-1.3,16.6
mpd,-4.0,2,qpsk-r1/5,w,9,2,1,data,ok,7,0,-2.0,16.6
mpd,-4.0,2,ack-4f,w,3,3,0,ctl,ok,0,0,-1.1,16.6
mpd,-4.0,2,qpsk-r1/5,w,9,2,1,data,ok,1,0,-0.5,16.6
mpd,-4.0,2,ack-4f,w,3,3,0,ctl,ok,0,0,0.8,16.6
mpd,-4.0,2,qpsk-r1/5,w,9,2,1,data,ok,7,7,-1.0,16.6
mpd,-4.0,2,ack-4f,w,3,3,,ctl,missed,0,0,,16.6
mpd,-4.0,2,ack-4f,w,3,3,0,ctl,ok,0,0,-3.6,16.6
mpd,-4.0,2,ack-4f,w,3,3,0,ctl,ok,0,0,1.4,16.6
mpd,-4.0,2,qpsk-r1/5,w,9,2,1,data,ok,7,1,-2.5,16.6
mpd,-4.0,2,ack-4f,w,3,3,0,ctl,ok,0,0,-2.1,16.6
mpd,-4.0,2,qpsk-r1/5,w,9,2,1,data,ok,2,0,-2.7,16.6
mpd,-4.0,2,ack-4f,w,3,3,0,ctl,ok,0,0,-2.0,16.6
mpd,-4.0,2,qpsk-r1/5,w,9,2,1,data,ok,6,6,-1.4,16.6
mpd,-4.0,2,ack-4f,w,3,3,0,ctl,ok,0,0,-0.8,16.6
mpd,-4.0,2,qpsk-r1/5,w,9,2,1,data,ok,7,7,-1.3,16.6
mpd,-4.0,2,ack-4f,w,2,2,0,ctl,ok,0,0,-3.5,16.6
mpd,-4.0,2,qpsk-r1/5,w,9,1,0,data,ok,8,8,-0.4,16.6
mpd,-4.0,2,ack-4f,w,2,2,0,ctl,ok,0,0,0.8,16.6
mpd,-4.0,2,qpsk-r1/5,w,9,1,0,data,ok,8,8,-0.6,16.6
mpd,-4.0,2,ack-4f,w,2,2,0,ctl,ok,0,0,0.1,16.6
mpd,-4.0,2,qpsk-r1/5,w,9,1,0,data,ok,8,8,-0.3,16.6
mpd,-4.0,2,ack-4f,w,2,2,0,ctl,ok,0,0,-0.6,16.6
mpd,-4.0,2,qpsk-r1/5,w,9,1,0,data,ok,8,8,-2.0,16.6
mpd,-4.0,2,ack-4f,w,2,2,0,ctl,ok,0,0,-5.1,16.6
mpd,-4.0,2,qpsk-r1/5,w,9,1,0,data,ok,8,2,-1.5,16.6
mpd,-4.0,2,ack-4f,w,3,3,0,ctl,ok,0,0,-2.9,16.6
mpd,-4.0,2,qpsk-r1/5,w,9,1,0,data,ok,2,2,-1.5,16.6
mpd,-4.0,2,ack-4f,w,2,2,0,ctl,ok,0,0,1.8,16.6
mpd,-4.0,2,qpsk-r1/5,w,9,1,0,data,ok,8,7,-1.2,16.6
mpd,-4.0,2,ack-4f,w,3,3,0,ctl,ok,0,0,0.7,16.6
mpd,-4.0,2,qpsk-r1/5,w,9,1,0,data,ok,7,7,-1.3,16.6
mpd,-4.0,2,ack-4f,w,2,2,0,ctl,ok,0,0,-0.5,16.6
mpd,-4.0,2,qpsk-r1/5,w,9,1,0,data,ok,8,8,-1.0,16.6
mpd,-4.0,2,ack-4f,w,2,2,0,ctl,ok,0,0,0.4,16.6
mpd,-4.0,2,qpsk-r1/5,w,9,1,0,data,ok,8,6,1.4,16.6
mpd,-4.0,2,ack-4f,w,3,3,0,ctl,ok,0,0,-0.6,16.6
mpd,-4.0,2,qpsk-r1/5,w,9,1,0,data,ok,6,6,-0.4,16.6
mpd,-4.0,2,ack-4f,w,2,2,0,ctl,ok,0,0,-1.0,16.6
mpd,-4.0,2,qpsk-r1/5,w,9,1,0,data,ctl_lost,8,0,-1.9,16.6
mpd,-4.0,2,ack-4f,w,2,2,0,ctl,ok,0,0,-1.9,16.6
mpd,-4.0,2,ack-4f,w,3,3,0,ctl,ok,0,0,-0.9,16.6
mpd,-4.0,2,qpsk-r1/5,w,9,2,1,data,ok,7,7,-1.3,16.6
mpd,-4.0,2,ack-4f,w,3,3,0,ctl,ok,0,0,-2.3,16.6
mpd,-4.0,2,qpsk-r1/5,w,9,2,1,data,ok,7,7,-1.8,16.6
mpd,-4.0,2,ack-4f,w,2,2,0,ctl,ok,0,0,0.2,16.6
mpd,-4.0,2,qpsk-r1/5,w,9,1,0,data,ok,8,8,-1.6,16.6
mpd,-4.0,2,ack-4f,w,2,2,,ctl,missed,0,0,,16.6
mpd,-4.0,2,ack-4f,w,2,2,0,ctl,ok,0,0,-4.7,16.6
mpd,-4.0,2,ack-4f,w,3,3,0,ctl,ok,0,0,-1.4,16.6
mpd,-4.0,2,qpsk-r1/5,w,9,2,1,data,ok,7,7,-1.4,16.6
mpd,-4.0,2,ack-4f,w,3,3,0,ctl,ok,0,0,-0.4,16.6
mpd,-4.0,2,qpsk-r1/5,w,9,2,1,data,ok,7,0,-2.1,16.6
mpd,-4.0,2,ack-4f,w,2,2,0,ctl,ok,0,0,-1.4,16.6
mpd,-4.0,2,qpsk-r1/5,w,9,1,0,data,ok,1,1,-1.0,16.6
mpd,-4.0,2,ack-4f,w,2,2,0,ctl,ok,0,0,-0.3,16.6
mpd,-4.0,2,qpsk-r1/5,w,9,1,,data,missed,0,0,,16.6
mpd,-4.0,2,ack-4f,w,2,2,0,ctl,ok,0,0,-2.2,16.6
mpd,-4.0,2,ack-4f,w,2,2,0,ctl,ok,0,0,-1.2,16.6
mpd,-4.0,2,qpsk-r1/5,w,9,1,0,data,ctl_lost,8,0,-2.3,16.6
mpd,-4.0,2,ack-4f,w,2,2,0,ctl,ok,0,0,-1.6,16.6
mpd,-4.0,2,ack-4f,w,3,3,0,ctl,ok,0,0,-2.0,16.6
mpd,-4.0,2,qpsk-r1/5,w,9,2,1,data,ok,7,7,-1.4,16.6
mpd,-4.0,2,ack-4f,w,3,3,0,ctl,ok,0,0,0.2,16.6
mpd,-4.0,2,qpsk-r1/5,w,9,2,1,data,ok,7,7,-1.3,16.6
mpd,-4.0,2,ack-4f,w,2,2,0,ctl,ok,0,0,-1.1,16.6
mpd,-4.0,2,qpsk-r1/5,w,9,1,0,data,ctl_lost,8,0,-1.4,16.6
mpd,-4.0,2,ack-4f,w,2,2,0,ctl,ok,0,0,-2.1,16.6
mpd,-4.0,2,ack-4f,w,3,3,0,ctl,ok,0,0,-0.2,16.6
mpd,-4.0,2,qpsk-r1/5,w,9,2,1,data,ok,7,7,-0.7,16.6
mpd,-4.0,2,ack-4f,w,3,3,,ctl,missed,0,0,,16.6
mpd,-4.0,2,ack-4f,w,3,3,0,ctl,ok,0,0,-4.4,16.6
mpd,-4.0,2,ack-4f,w,3,3,0,ctl,ok,0,0,0.6,16.6
mpd,-4.0,2,qpsk-r1/5,w,9,2,1,data,ok,7,4,-2.1,16.6
mpd,-4.0,2,ack-4f,w,3,3,0,ctl,ok,0,0,-5.5,16.6
mpd,-4.0,2,qpsk-r1/5,w,9,2,1,data,ok,5,5,-0.3,16.6
mpd,-4.0,2,ack-4f,w,2,2,0,ctl,ok,0,0,-0.1,16.6
mpd,-4.0,2,qpsk-r1/5,w,9,1,0,data,ok,8,8,-0.8,16.6
mpd,-4.0,2,ack-4f,w,2,2,0,ctl,ok,0,0,1.8,16.6
mpd,-4.0,2,qpsk-r1/5,w,9,1,0,data,ok,8,8,-1.7,16.6
mpd,-4.0,2,ack-4f,w,2,2,0,ctl,ok,0,0,-1.4,16.6
mpd,-4.0,2,qpsk-r1/5,w,9,1,0,data,ok,8,8,-1.8,16.6
mpd,-4.0,2,ack-4f,w,3,3,0,ctl,ok,0,0,-1.6,16.6
mpd,-4.0,2,qpsk-r1/5,w,9,2,,data,missed,0,0,,16.6
mpd,-4.0,2,ack-4f,w,3,3,0,ctl,ok,0,0,-0.1,16.6
mpd,-4.0,2,ack-4f,w,2,2,0,ctl,ok,0,0,-1.9,16.6
mpd,-4.0,2,qpsk-r1/5,w,9,1,0,data,ok,8,8,-0.2,16.6
mpd,-4.0,2,ack-4f,w,2,2,0,ctl,ok,0,0,-0.9,16.6
mpd,-4.0,2,qpsk-r1/5,w,9,1,0,data,ctl_lost,8,0,-2.0,16.6
mpd,-4.0,2,ack-4f,w,2,2,0,ctl,ok,0,0,-1.8,16.6
mpd,-4.0,2,ack-4f,w,3,3,0,ctl,ok,0,0,-1.4,16.6
mpd,-4.0,9,qpsk-r1/5,w,1,1,0,ctl,ctl_lost,0,0,-4.1,11.5
mpd,-4.0,9,n4-qpsk-r1/3,n4,1,1,0,ctl,ok,0,0,-6.8,11.5
mpd,-4.0,9,n4-qpsk-r1/3,n4,1,1,,ctl,missed,0,0,,11.5
mpd,-4.0,9,n4-qpsk-r1/3,n4,1,1,,ctl,missed,0,0,,11.5
mpd,-4.0,9,n4-qpsk-r1/3,n4,1,1,0,ctl,ok,0,0,-4.5,11.5
mpd,-4.0,9,n4-qpsk-r1/3,n4,1,1,0,ctl,ok,0,0,-4.2,11.5
mpd,-4.0,9,ack-4f,w,3,3,0,ctl,ok,0,0,-2.9,11.5
mpd,-4.0,9,n10-ack-4f,n10,2,2,,ctl,missed,0,0,,11.5
mpd,-4.0,9,ack-4f,w,3,3,0,ctl,ok,0,0,-0.7,11.5
mpd,-4.0,9,ack-4f,w,2,2,0,ctl,ok,0,0,-3.3,11.5
mpd,-4.0,9,fsk32r62-r1/2,c32r62,9,1,0,data,ok,8,8,-1.7,11.5
mpd,-4.0,9,ack-4f,w,3,3,0,ctl,ok,0,0,-0.9,11.5
mpd,-4.0,9,qpsk-r1/5,w,9,2,,data,missed,0,0,,11.5
mpd,-4.0,9,ack-4f,w,3,3,0,ctl,ok,0,0,-3.2,11.5
mpd,-4.0,9,ack-4f,w,2,2,0,ctl,ctl_lost,0,0,-3.8,11.5
mpd,-4.0,9,ack-4f,w,3,3,0,ctl,ok,0,0,-0.8,11.5
mpd,-4.0,9,ack-4f,w,2,2,0,ctl,ok,0,0,1.6,11.5
mpd,-4.0,9,fsk32r62-r1/2,c32r62,9,1,0,data,ok,8,8,-1.4,11.5
mpd,-4.0,9,n10-ack-4f,n10,3,3,0,ctl,ok,0,0,-1.8,11.5
mpd,-4.0,9,qpsk-r1/5,w,9,2,1,data,ok,7,7,-1.9,11.5
mpd,-4.0,9,n10-ack-4f,n10,3,3,0,ctl,ok,0,0,-0.8,11.5
mpd,-4.0,9,qpsk-r1/5,w,9,2,1,data,ok,7,0,-2.6,11.5
mpd,-4.0,9,n10-ack-4f,n10,3,3,0,ctl,ok,0,0,-2.0,11.5
mpd,-4.0,9,qpsk-r1/5,w,9,2,1,data,ok,0,0,-1.0,11.5
mpd,-4.0,9,ack-4f,w,3,3,0,ctl,ok,0,0,-6.3,11.5
mpd,-4.0,9,qpsk-r1/5,w,9,2,1,data,ok,7,7,-1.1,11.5
mpd,-4.0,9,n10-ack-4f,n10,3,3,,ctl,missed,0,0,,11.5
mpd,-4.0,9,ack-4f,w,2,2,0,ctl,ok,0,0,-2.6,11.5
mpd,-4.0,9,ack-4f,w,3,3,0,ctl,ok,0,0,-0.2,11.5
mpd,-4.0,9,qpsk-r1/5,w,9,2,1,data,ok,7,0,-1.7,11.5
mpd,-4.0,9,n10-ack-4f,n10,2,2,0,ctl,ok,0,0,1.1,11.5
mpd,-4.0,9,fsk32r62-r1/2,c32r62,9,1,0,data,ok,8,8,-1.9,11.5
mpd,-4.0,9,ack-4f,w,3,3,0,ctl,ok,0,0,-0.5,11.5
mpd,-4.0,9,qpsk-r1/5,w,9,2,1,data,ok,7,7,-0.3,11.5
mpd,-4.0,9,n10-ack-4f,n10,2,2,0,ctl,ok,0,0,-1.4,11.5
mpd,-4.0,9,qpsk-r1/5,w,9,1,0,data,ok,8,8,-2.0,11.5
mpd,-4.0,9,ack-4f,w,2,2,0,ctl,ok,0,0,-1.1,11.5
mpd,-4.0,9,qpsk-r1/5,w,9,1,0,data,ctl_lost,8,0,-1.8,11.5
mpd,-4.0,9,ack-4f,w,3,3,0,ctl,ok,0,0,1.0,11.5
mpd,-4.0,9,ack-4f,w,3,3,0,ctl,ok,0,0,-0.1,11.5
mpd,-4.0,9,qpsk-r1/5,w,9,2,1,data,ok,7,7,-0.8,11.5
mpd,-4.0,9,n10-ack-4f,n10,3,3,,ctl,missed,0,0,,11.5
mpd,-4.0,9,ack-4f,w,3,3,0,ctl,ok,0,0,-5.8,11.5
mpd,-4.0,9,ack-4f,w,2,2,0,ctl,ok,0,0,-5.7,11.5
mpd,-4.0,9,fsk32r62-r1/2,c32r62,9,1,0,data,ok,8,8,-1.2,11.5
mpd,-4.0,9,n10-ack-4f,n10,3,3,0,ctl,ok,0,0,-0.9,11.5
mpd,-4.0,9,qpsk-r1/5,w,9,2,1,data,ok,7,6,-1.6,11.5
mpd,-4.0,9,n10-ack-4f,n10,3,3,,ctl,missed,0,0,,11.5
mpd,-4.0,9,ack-4f,w,3,3,0,ctl,ok,0,0,-2.2,11.5
mpd,-4.0,9,ack-4f,w,3,3,0,ctl,ok,0,0,-1.4,11.5
mpd,-4.0,9,qpsk-r1/5,w,9,2,1,data,ok,7,7,-0.9,11.5
mpd,-4.0,9,n10-ack-4f,n10,3,3,0,ctl,ok,0,0,-2.9,11.5
mpd,-4.0,9,qpsk-r1/5,w,9,2,,data,missed,0,0,,11.5
mpd,-4.0,9,ack-4f,w,2,2,0,ctl,ok,0,0,2.0,11.5
mpd,-4.0,9,ack-4f,w,2,2,0,ctl,ok,0,0,1.3,11.5
mpd,-4.0,9,qpsk-r1/5,w,9,1,0,data,ok,8,8,-1.6,11.5
mpd,-4.0,9,n10-ack-4f,n10,2,2,0,ctl,ok,0,0,-6.6,11.5
mpd,-4.0,9,qpsk-r1/5,w,9,1,0,data,ok,8,8,-0.1,11.5
mpd,-4.0,9,n10-ack-4f,n10,2,2,0,ctl,ok,0,0,-0.0,11.5
mpd,-4.0,9,qpsk-r1/5,w,9,1,0,data,ctl_lost,8,8,-1.3,11.5
mpd,-4.0,9,ack-4f,w,3,3,0,ctl,ok,0,0,0.4,11.5
mpd,-4.0,9,ack-4f,w,3,3,0,ctl,ok,0,0,-2.1,11.5
mpd,-4.0,9,qpsk-r1/5,w,9,2,1,data,ok,7,7,-1.4,11.5
mpd,-4.0,9,n10-ack-4f,n10,3,3,0,ctl,ok,0,0,-1.7,11.5
mpd,-4.0,9,qpsk-r1/5,w,9,2,1,data,ok,7,7,-0.3,11.5
mpd,-4.0,9,n10-ack-4f,n10,3,3,0,ctl,ok,0,0,1.2,11.5
mpd,-4.0,9,qpsk-r1/5,w,9,2,1,data,ok,7,7,-1.4,11.5
mpd,-4.0,9,n10-ack-4f,n10,3,3,,ctl,missed,0,0,,11.5
mpd,-4.0,9,ack-4f,w,3,3,0,ctl,ok,0,0,-0.4,11.5
mpd,-4.0,9,ack-4f,w,3,3,0,ctl,ok,0,0,0.6,11.5
mpd,-4.0,9,qpsk-r1/5,w,9,2,1,data,ok,7,1,-2.0,11.5
mpd,-4.0,9,n10-ack-4f,n10,3,3,0,ctl,ok,0,0,-0.7,11.5
mpd,-4.0,9,qpsk-r1/5,w,9,2,,data,missed,0,0,,11.5
mpd,-4.0,9,ack-4f,w,3,3,0,ctl,ok,0,0,-2.0,11.5
mpd,-4.0,9,ack-4f,w,3,3,0,ctl,ok,0,0,-2.8,11.5
mpd,-4.0,9,fsk32r62-r1/2,c32r62,9,1,0,data,ok,8,8,-2.1,11.5
mpd,-4.0,9,n10-ack-4f,n10,3,3,0,ctl,ok,0,0,1.9,11.5
mpd,-4.0,9,qpsk-r1/5,w,9,2,1,data,ok,7,2,-1.7,11.5
mpd,-4.0,9,n10-ack-4f,n10,3,3,0,ctl,ok,0,0,-2.4,11.5
mpd,-4.0,9,qpsk-r1/5,w,9,2,1,data,ok,4,4,-0.3,11.5
mpd,-4.0,9,n10-ack-4f,n10,2,2,0,ctl,ok,0,0,-3.7,11.5
mpd,-4.0,9,qpsk-r1/5,w,9,1,0,data,ok,8,2,-1.5,11.5
mpd,-4.0,9,n10-ack-4f,n10,3,3,0,ctl,ok,0,0,-1.1,11.5
mpd,-4.0,9,qpsk-r1/5,w,9,1,0,data,ok,2,1,0.0,11.5
mpd,-4.0,7,qpsk-r1/5,w,1,1,0,ctl,ok,0,0,0.1,17.0
mpd,-4.0,7,qpsk-r1/5,w,1,1,0,ctl,ok,0,0,0.3,17.0
mpd,-4.0,7,ack-4f,w,3,3,0,ctl,ok,0,0,-1.3,17.0
mpd,-4.0,7,ack-4f,w,3,3,0,ctl,ok,0,0,-3.3,17.0
mpd,-4.0,7,qpsk-r1/5,w,9,2,1,data,ok,7,7,-1.1,17.0
mpd,-4.0,7,ack-4f,w,3,3,0,ctl,ok,0,0,-2.4,17.0
mpd,-4.0,7,qpsk-r1/5,w,9,2,1,data,ok,7,7,-1.7,17.0
mpd,-4.0,7,ack-4f,w,3,3,0,ctl,ok,0,0,-2.3,17.0
mpd,-4.0,7,qpsk-r1/5,w,9,2,1,data,ok,7,7,-0.7,17.0
mpd,-4.0,7,ack-4f,w,3,3,0,ctl,ok,0,0,-0.7,17.0
mpd,-4.0,7,qpsk-r1/5,w,9,2,1,data,ok,7,1,-2.4,17.0
mpd,-4.0,7,ack-4f,w,3,3,0,ctl,ok,0,0,-0.2,17.0
mpd,-4.0,7,qpsk-r1/5,w,9,2,1,data,ok,1,1,-1.8,17.0
mpd,-4.0,7,ack-4f,w,3,3,0,ctl,ok,0,0,-0.7,17.0
mpd,-4.0,7,qpsk-r1/5,w,9,2,1,data,ok,7,7,-1.5,17.0
mpd,-4.0,7,ack-4f,w,3,3,0,ctl,ok,0,0,1.2,17.0
mpd,-4.0,7,qpsk-r1/5,w,9,2,,data,missed,0,0,,17.0
mpd,-4.0,7,ack-4f,w,3,3,0,ctl,ok,0,0,-0.6,17.0
mpd,-4.0,7,ack-4f,w,3,3,0,ctl,ok,0,0,-2.0,17.0
mpd,-4.0,7,qpsk-r1/5,w,9,2,1,data,ok,7,7,-0.3,17.0
mpd,-4.0,7,ack-4f,w,2,2,0,ctl,ok,0,0,-2.0,17.0
mpd,-4.0,7,qpsk-r1/5,w,9,1,0,data,ok,8,8,-1.3,17.0
mpd,-4.0,7,ack-4f,w,2,2,0,ctl,ok,0,0,0.7,17.0
mpd,-4.0,7,qpsk-r1/5,w,9,1,0,data,ctl_lost,8,3,-2.8,17.0
mpd,-4.0,7,ack-4f,w,3,3,0,ctl,ok,0,0,1.4,17.0
mpd,-4.0,7,ack-4f,w,3,3,0,ctl,ok,0,0,1.9,17.0
mpd,-4.0,7,qpsk-r1/5,w,9,2,1,data,ok,7,5,-1.6,17.0
mpd,-4.0,7,ack-4f,w,3,3,,ctl,missed,0,0,,17.0
mpd,-4.0,7,ack-4f,w,3,3,0,ctl,ok,0,0,-0.8,17.0
mpd,-4.0,7,ack-4f,w,3,3,0,ctl,ok,0,0,-1.5,17.0
mpd,-4.0,7,qpsk-r1/5,w,9,2,1,data,ok,7,7,0.2,17.0
mpd,-4.0,7,ack-4f,w,3,3,0,ctl,ok,0,0,-0.6,17.0
mpd,-4.0,7,qpsk-r1/5,w,9,2,1,data,ok,7,3,-2.5,17.0
mpd,-4.0,7,ack-4f,w,3,3,0,ctl,ok,0,0,0.3,17.0
mpd,-4.0,7,qpsk-r1/5,w,9,2,1,data,ok,5,5,-1.5,17.0
mpd,-4.0,7,ack-4f,w,3,3,0,ctl,ok,0,0,-2.1,17.0
mpd,-4.0,7,qpsk-r1/5,w,9,2,1,data,ok,7,7,-0.5,17.0
mpd,-4.0,7,ack-4f,w,2,2,0,ctl,ok,0,0,-3.2,17.0
mpd,-4.0,7,qpsk-r1/5,w,9,1,0,data,ok,8,8,-0.5,17.0
mpd,-4.0,7,ack-4f,w,2,2,0,ctl,ok,0,0,-3.5,17.0
mpd,-4.0,7,qpsk-r1/5,w,9,1,0,data,ok,8,8,-1.5,17.0
mpd,-4.0,7,ack-4f,w,2,2,0,ctl,ok,0,0,-1.2,17.0
mpd,-4.0,7,qpsk-r1/5,w,9,1,0,data,ok,8,5,-2.1,17.0
mpd,-4.0,7,ack-4f,w,3,3,0,ctl,ok,0,0,-4.4,17.0
mpd,-4.0,7,qpsk-r1/5,w,9,2,1,data,ok,4,4,0.2,17.0
mpd,-4.0,7,ack-4f,w,2,2,0,ctl,ok,0,0,0.8,17.0
mpd,-4.0,7,qpsk-r1/5,w,9,1,0,data,ctl_lost,8,0,-1.0,17.0
mpd,-4.0,7,ack-4f,w,3,3,0,ctl,ok,0,0,-1.1,17.0
mpd,-4.0,7,ack-4f,w,3,3,0,ctl,ok,0,0,-1.9,17.0
mpd,-4.0,7,qpsk-r1/5,w,9,2,,data,missed,0,0,,17.0
mpd,-4.0,7,ack-4f,w,3,3,0,ctl,ok,0,0,2.0,17.0
mpd,-4.0,7,ack-4f,w,3,3,0,ctl,ok,0,0,-1.1,17.0
mpd,-4.0,7,qpsk-r1/5,w,9,2,1,data,ok,7,0,-2.5,17.0
mpd,-4.0,7,ack-4f,w,3,3,0,ctl,ok,0,0,-3.8,17.0
mpd,-4.0,7,qpsk-r1/5,w,9,2,1,data,ok,0,0,-2.0,17.0
mpd,-4.0,7,ack-4f,w,3,3,0,ctl,ok,0,0,-2.8,17.0
mpd,-4.0,7,qpsk-r1/5,w,9,2,1,data,ok,7,7,-1.4,17.0
mpd,-4.0,7,ack-4f,w,3,3,0,ctl,ok,0,0,0.0,17.0
mpd,-4.0,7,qpsk-r1/5,w,9,2,1,data,ok,7,2,-1.6,17.0
mpd,-4.0,7,ack-4f,w,3,3,0,ctl,ok,0,0,-0.6,17.0
mpd,-4.0,7,qpsk-r1/5,w,9,2,1,data,ok,2,2,-1.9,17.0
mpd,-4.0,7,ack-4f,w,3,3,0,ctl,ok,0,0,-0.7,17.0
mpd,-4.0,7,qpsk-r1/5,w,9,2,1,data,ok,7,7,-1.2,17.0
mpd,-4.0,7,ack-4f,w,2,2,0,ctl,ok,0,0,-3.9,17.0
mpd,-4.0,7,qpsk-r1/5,w,9,1,0,data,ok,8,8,-0.3,17.0
mpd,-4.0,7,ack-4f,w,2,2,0,ctl,ok,0,0,-2.3,17.0
mpd,-4.0,7,qpsk-r1/5,w,9,1,0,data,ok,8,8,-1.7,17.0
mpd,-4.0,7,ack-4f,w,2,2,0,ctl,ok,0,0,0.1,17.0
mpd,-4.0,7,qpsk-r1/5,w,9,1,0,data,ok,8,8,-0.9,17.0
mpd,-4.0,7,ack-4f,w,2,2,0,ctl,ok,0,0,-3.0,17.0
mpd,-4.0,7,qpsk-r1/5,w,9,1,0,data,ok,8,8,-0.6,17.0
mpd,-4.0,7,ack-4f,w,2,2,0,ctl,ok,0,0,-3.8,17.0
mpd,-4.0,7,qpsk-r1/5,w,9,1,0,data,ok,8,8,0.5,17.0
mpd,-4.0,7,ack-4f,w,2,2,0,ctl,ok,0,0,-0.2,17.0
mpd,-4.0,7,qpsk-r1/5,w,9,1,0,data,ctl_lost,8,3,-1.2,17.0
mpd,-4.0,7,ack-4f,w,3,3,0,ctl,ok,0,0,-2.1,17.0
mpd,-4.0,7,ack-4f,w,3,3,0,ctl,ok,0,0,-2.6,17.0
mpd,-4.0,7,qpsk-r1/5,w,9,2,1,data,ok,7,7,-0.3,17.0
mpd,-4.0,7,ack-4f,w,3,3,0,ctl,ok,0,0,1.3,17.0
mpd,-4.0,7,qpsk-r1/5,w,9,2,1,data,ok,7,7,-0.6,17.0
mpd,-4.0,7,ack-4f,w,2,2,0,ctl,ok,0,0,-0.3,17.0
mpd,-4.0,7,qpsk-r1/5,w,9,1,0,data,ok,8,8,-1.4,17.0
mpd,-4.0,7,ack-4f,w,2,2,0,ctl,ok,0,0,-1.7,17.0
mpd,-4.0,7,qpsk-r1/5,w,9,1,0,data,ok,8,8,-1.7,17.0
mpd,-4.0,7,ack-4f,w,3,3,0,ctl,ok,0,0,0.1,17.0
mpd,-4.0,7,qpsk-r1/5,w,9,2,1,data,ok,7,1,-2.1,17.0
mpd,-4.0,7,ack-4f,w,3,3,0,ctl,ok,0,0,-0.5,17.0
mpd,-4.0,7,qpsk-r1/5,w,9,2,1,data,ok,4,0,-2.0,17.0
mpd,-4.0,7,ack-4f,w,3,3,0,ctl,ok,0,0,-0.9,17.0
mpd,-4.0,7,qpsk-r1/5,w,9,2,1,data,ok,4,4,-0.1,17.0
mpd,-4.0,7,ack-4f,w,2,2,0,ctl,ok,0,0,-2.5,17.0
mpd,-4.0,7,qpsk-r1/5,w,9,1,0,data,ok,8,8,-1.7,17.0
mpd,0.0,0,qpsk-r1/5,w,1,1,0,ctl,ok,0,0,3.7,33.1
mpd,0.0,0,qpsk-r1/5,w,1,1,0,ctl,ok,0,0,1.9,33.1
mpd,0.0,0,ack-4f,w,3,3,0,ctl,ok,0,0,3.7,33.1
mpd,0.0,0,ack-4f,w,3,3,0,ctl,ok,0,0,3.4,33.1
mpd,0.0,0,qpsk-r1/3,w,9,2,1,data,ok,7,7,1.4,33.1
mpd,0.0,0,ack-1f,w,3,3,0,ctl,ok,0,0,1.2,33.1
mpd,0.0,0,qpsk-r1/3,w,9,2,1,data,ok,7,7,3.6,33.1
mpd,0.0,0,ack-4f,w,2,2,0,ctl,ok,0,0,2.2,33.1
mpd,0.0,0,qpsk-r1/3,w,9,1,0,data,ok,8,8,3.3,33.1
mpd,0.0,0,ack-1f,w,2,2,0,ctl,ok,0,0,2.5,33.1
mpd,0.0,0,qpsk-r1/3,w,9,1,0,data,ok,8,8,3.5,33.1
mpd,0.0,0,ack-4f,w,2,2,0,ctl,ok,0,0,2.8,33.1
mpd,0.0,0,qpsk-r1/3,w,9,1,0,data,ok,8,8,3.3,33.1
mpd,0.0,0,ack-1f,w,2,2,0,ctl,ok,0,0,2.3,33.1
mpd,0.0,0,qpsk-r1/3,w,9,1,0,data,ok,8,8,3.6,33.1
mpd,0.0,0,ack-1f,w,2,2,0,ctl,ok,0,0,2.3,33.1
mpd,0.0,0,qpsk-r1/3,w,9,1,0,data,ctl_lost,8,0,0.5,33.1
mpd,0.0,0,ack-4f,w,3,3,0,ctl,ok,0,0,1.8,33.1
mpd,0.0,0,ack-4f,w,3,3,0,ctl,ok,0,0,3.6,33.1
mpd,0.0,0,qpsk-r1/5,w,9,2,1,data,ok,7,7,3.6,33.1
mpd,0.0,0,ack-1f,w,3,3,0,ctl,ctl_lost,0,0,0.0,33.1
mpd,0.0,0,ack-4f,w,4,4,0,ctl,ok,0,0,-0.8,33.1
mpd,0.0,0,ack-4f,w,3,3,0,ctl,ok,0,0,4.7,33.1
mpd,0.0,0,qpsk-r1/3,w,9,2,1,data,ok,7,7,3.4,33.1
mpd,0.0,0,ack-1f,w,3,3,0,ctl,ok,0,0,4.7,33.1
mpd,0.0,0,qpsk-r1/3,w,9,2,1,data,ok,7,7,3.5,33.1
mpd,0.0,0,ack-1f,w,2,2,0,ctl,ok,0,0,3.2,33.1
mpd,0.0,0,qpsk-r1/3,w,9,1,0,data,ok,8,8,3.6,33.1
mpd,0.0,0,ack-1f,w,2,2,0,ctl,ok,0,0,3.3,33.1
mpd,0.0,0,qpsk-r1/3,w,9,1,0,data,ctl_lost,8,0,0.6,33.1
mpd,0.0,0,ack-4f,w,3,3,0,ctl,ok,0,0,1.7,33.1
mpd,0.0,0,ack-4f,w,2,2,0,ctl,ok,0,0,3.2,33.1
mpd,0.0,0,qpsk-r1/5,w,9,1,0,data,ok,8,8,1.1,33.1
mpd,0.0,0,ack-1f,w,2,2,0,ctl,ctl_lost,0,0,-1.2,33.1
mpd,0.0,0,ack-4f,w,4,4,0,ctl,ok,0,0,4.1,33.1
mpd,0.0,0,ack-4f,w,3,3,0,ctl,ok,0,0,3.0,33.1
mpd,0.0,0,qpsk-r1/3,w,9,2,1,data,ok,7,7,3.7,33.1
mpd,0.0,0,ack-1f,w,3,3,0,ctl,ok,0,0,-1.0,33.1
mpd,0.0,0,qpsk-r1/3,w,9,2,1,data,ok,7,7,3.1,33.1
mpd,0.0,0,ack-4f,w,3,3,0,ctl,ok,0,0,5.3,33.1
mpd,0.0,0,qpsk-r1/3,w,9,2,1,data,ok,7,7,3.4,33.1
mpd,0.0,0,ack-1f,w,2,2,0,ctl,ctl_lost,0,0,0.2,33.1
mpd,0.0,0,ack-4f,w,3,3,0,ctl,ok,0,0,2.8,33.1
mpd,0.0,0,ack-4f,w,3,3,0,ctl,ok,0,0,3.3,33.1
mpd,0.0,0,qpsk-r1/3,w,9,2,1,data,ok,7,7,2.7,33.1
mpd,0.0,0,ack-1f,w,3,3,0,ctl,ok,0,0,-1.7,33.1
mpd,0.0,0,qpsk-r1/3,w,9,2,1,data,ok,7,7,4.3,33.1
mpd,0.0,0,ack-4f,w,2,2,0,ctl,ok,0,0,5.6,33.1
mpd,0.0,0,qpsk-r1/3,w,9,1,0,data,ok,8,8,3.9,33.1
mpd,0.0,0,ack-1f,w,2,2,0,ctl,ok,0,0,4.3,33.1
mpd,0.0,0,qpsk-r1/3,w,9,1,0,data,ok,8,8,2.7,33.1
mpd,0.0,0,ack-1f,w,3,3,0,ctl,ok,0,0,1.9,33.1
mpd,0.0,0,qpsk-r1/3,w,9,2,1,data,ok,7,7,3.4,33.1
mpd,0.0,0,ack-1f,w,2,2,0,ctl,ok,0,0,4.7,33.1
mpd,0.0,0,qpsk-r1/3,w,9,1,0,data,ctl_lost,8,7,0.6,33.1
mpd,0.0,0,ack-4f,w,3,3,0,ctl,ok,0,0,4.4,33.1
mpd,0.0,0,ack-4f,w,3,3,0,ctl,ok,0,0,2.2,33.1
mpd,0.0,0,qpsk-r1/3,w,9,2,1,data,ok,7,7,3.2,33.1
mpd,0.0,0,ack-1f,w,3,3,0,ctl,ok,0,0,6.5,33.1
mpd,0.0,0,qpsk-r1/3,w,9,2,1,data,ok,7,7,0.9,33.1
mpd,0.0,0,ack-1f,w,3,3,0,ctl,ok,0,0,2.4,33.1
mpd,0.0,0,qpsk-r1/3,w,9,2,1,data,ok,7,7,2.0,33.1
mpd,0.0,0,ack-1f,w,3,3,0,ctl,ok,0,0,2.9,33.1
mpd,0.0,0,qpsk-r1/3,w,9,2,1,data,ok,7,7,1.9,33.1
mpd,0.0,0,ack-1f,w,3,3,0,ctl,ok,0,0,1.7,33.1
mpd,0.0,0,qpsk-r1/3,w,9,2,1,data,ok,7,7,2.7,33.1
mpd,0.0,0,ack-1f,w,2,2,0,ctl,ok,0,0,0.2,33.1
mpd,0.0,0,qpsk-r1/3,w,9,1,0,data,ok,8,8,2.2,33.1
mpd,0.0,0,ack-1f,w,3,3,0,ctl,ok,0,0,2.7,33.1
mpd,0.0,0,qpsk-r1/3,w,9,2,1,data,ok,7,7,1.7,33.1
mpd,0.0,0,ack-1f,w,3,3,0,ctl,ok,0,0,2.5,33.1
mpd,0.0,0,qpsk-r1/3,w,9,2,1,data,ok,7,7,3.9,33.1
mpd,0.0,0,ack-1f,w,2,2,0,ctl,ok,0,0,0.3,33.1
mpd,0.0,0,qpsk-r1/3,w,9,1,0,data,ok,8,8,2.4,33.1
mpd,0.0,0,ack-1f,w,2,2,0,ctl,ctl_lost,0,0,0.5,33.1
mpd,0.0,0,ack-4f,w,3,3,0,ctl,ok,0,0,2.1,33.1
mpd,0.0,0,ack-4f,w,3,3,0,ctl,ok,0,0,2.0,33.1
mpd,0.0,0,qpsk-r1/3,w,9,2,1,data,ok,7,7,3.2,33.1
mpd,0.0,0,ack-4f,w,2,2,0,ctl,ok,0,0,5.9,33.1
mpd,0.0,0,qpsk-r1/3,w,9,1,0,data,ctl_lost,8,0,1.2,33.1
mpd,0.0,0,ack-4f,w,3,3,0,ctl,ok,0,0,4.9,33.1
mpd,0.0,0,ack-4f,w,3,3,0,ctl,ok,0,0,3.8,33.1
mpd,0.0,0,qpsk-r1/3,w,9,2,1,data,ok,7,7,3.6,33.1
mpd,0.0,0,ack-1f,w,2,2,0,ctl,ctl_lost,0,0,-0.0,33.1
mpd,0.0,0,ack-4f,w,3,3,0,ctl,ok,0,0,4.0,33.1
mpd,0.0,0,ack-4f,w,2,2,0,ctl,ok,0,0,3.0,33.1
mpd,0.0,0,qpsk-r1/3,w,9,1,0,data,ok,8,8,3.4,33.1
mpd,0.0,0,ack-4f,w,2,2,0,ctl,ok,0,0,1.9,33.1
mpd,0.0,0,qpsk-r1/3,w,9,1,0,data,ok,8,8,1.2,33.1
mpd,0.0,0,ack-4f,w,3,3,0,ctl,ok,0,0,4.3,33.1
mpd,0.0,0,qpsk-r1/3,w,9,2,1,data,ok,7,7,2.8,33.1
mpd,0.0,0,ack-4f,w,3,3,0,ctl,ok,0,0,3.8,33.1
mpd,0.0,0,qpsk-r1/3,w,9,2,1,data,ok,7,6,-0.4,33.1
mpd,0.0,0,ack-4f,w,3,3,0,ctl,ok,0,0,2.2,33.1
mpd,0.0,0,qpsk-r1/3,w,9,2,1,data,ok,6,6,3.8,33.1
mpd,0.0,0,ack-4f,w,2,2,0,ctl,ok,0,0,5.3,33.1
mpd,0.0,0,qpsk-r1/3,w,9,1,0,data,ok,8,8,1.0,33.1
mpd,0.0,0,ack-4f,w,2,2,0,ctl,ok,0,0,1.2,33.1
mpd,0.0,0,qpsk-r1/3,w,9,1,0,data,ok,8,8,3.2,33.1
mpd,0.0,0,ack-4f,w,2,2,0,ctl,ok,0,0,0.7,33.1
mpd,0.0,0,qpsk-r1/3,w,9,1,0,data,ok,8,8,3.4,33.1
mpd,-4.0,6,qpsk-r1/5,w,1,1,0,ctl,ok,0,0,1.2,14.9
mpd,-4.0,6,qpsk-r1/5,w,1,1,0,ctl,ctl_lost,0,0,-3.1,14.9
mpd,-4.0,6,n4-qpsk-r1/3,n4,1,1,0,ctl,ok,0,0,-3.1,14.9
mpd,-4.0,6,n4-qpsk-r1/3,n4,1,1,0,ctl,ok,0,0,-4.9,14.9
mpd,-4.0,6,ack-4f,w,2,2,0,ctl,ok,0,0,2.6,14.9
mpd,-4.0,6,ack-4f,w,3,3,0,ctl,ok,0,0,0.1,14.9
mpd,-4.0,6,qpsk-r1/3,w,9,2,1,data,ok,7,0,-0.9,14.9
mpd,-4.0,6,ack-4f,w,3,3,0,ctl,ok,0,0,-2.4,14.9
mpd,-4.0,6,qpsk-r1/5,w,9,2,1,data,ok,7,7,-1.3,14.9
mpd,-4.0,6,ack-4f,w,3,3,0,ctl,ok,0,0,-1.9,14.9
mpd,-4.0,6,qpsk-r1/5,w,9,2,1,data,ok,7,7,-2.0,14.9
mpd,-4.0,6,ack-4f,w,3,3,0,ctl,ok,0,0,-0.4,14.9
mpd,-4.0,6,qpsk-r1/5,w,9,2,1,data,ok,7,7,-1.0,14.9
mpd,-4.0,6,ack-4f,w,3,3,0,ctl,ok,0,0,-1.3,14.9
mpd,-4.0,6,qpsk-r1/5,w,9,2,1,data,ok,7,0,-2.0,14.9
mpd,-4.0,6,ack-4f,w,3,3,0,ctl,ok,0,0,0.9,14.9
mpd,-4.0,6,qpsk-r1/5,w,9,2,1,data,ok,2,2,-0.5,14.9
mpd,-4.0,6,ack-4f,w,3,3,0,ctl,ok,0,0,-1.4,14.9
mpd,-4.0,6,qpsk-r1/5,w,9,2,1,data,ok,7,7,-1.6,14.9
mpd,-4.0,6,ack-4f,w,3,3,0,ctl,ok,0,0,-0.6,14.9
mpd,-4.0,6,qpsk-r1/5,w,9,2,1,data,ok,7,0,-1.9,14.9
mpd,-4.0,6,ack-4f,w,3,3,0,ctl,ok,0,0,-0.7,14.9
mpd,-4.0,6,qpsk-r1/5,w,9,2,1,data,ok,2,1,-1.1,14.9
mpd,-4.0,6,ack-4f,w,2,2,0,ctl,ok,0,0,-1.2,14.9
mpd,-4.0,6,qpsk-r1/5,w,9,1,0,data,ok,8,8,-0.6,14.9
mpd,-4.0,6,ack-4f,w,2,2,0,ctl,ok,0,0,-1.3,14.9
mpd,-4.0,6,qpsk-r1/5,w,9,1,,data,missed,0,0,,14.9
mpd,-4.0,6,ack-4f,w,2,2,0,ctl,ok,0,0,0.6,14.9
mpd,-4.0,6,ack-4f,w,2,2,0,ctl,ok,0,0,-1.9,14.9
mpd,-4.0,6,qpsk-r1/5,w,9,1,0,data,ctl_lost,8,3,-1.5,14.9
mpd,-4.0,6,ack-4f,w,3,3,0,ctl,ok,0,0,-2.8,14.9
mpd,-4.0,6,ack-4f,w,3,3,0,ctl,ok,0,0,0.4,14.9
mpd,-4.0,6,qpsk-r1/5,w,9,2,1,data,ok,7,2,-0.4,14.9
mpd,-4.0,6,ack-4f,w,3,3,0,ctl,ok,0,0,-3.3,14.9
mpd,-4.0,6,qpsk-r1/5,w,9,2,1,data,ok,2,2,-0.8,14.9
mpd,-4.0,6,ack-4f,w,2,2,0,ctl,ctl_lost,0,0,-11.5,14.9
mpd,-4.0,6,ack-4f,w,3,3,0,ctl,ok,0,0,-2.8,14.9
mpd,-4.0,6,ack-4f,w,3,3,0,ctl,ok,0,0,-0.3,14.9
mpd,-4.0,6,qpsk-r1/5,w,9,2,1,data,ok,7,4,-2.0,14.9
mpd,-4.0,6,polar-k96-f8,w,2,2,0,ctl,ok,0,0,0.3,14.9
mpd,-4.0,6,qpsk-r1/5,w,9,2,1,data,ok,4,1,-2.1,14.9
mpd,-4.0,6,ack-4f,w,3,3,0,ctl,ok,0,0,0.9,14.9
mpd,-4.0,6,qpsk-r1/5,w,9,2,1,data,ok,6,0,-1.9,14.9
mpd,-4.0,6,ack-4f,w,3,3,0,ctl,ok,0,0,-3.6,14.9
mpd,-4.0,6,qpsk-r1/5,w,9,2,1,data,ok,2,2,-2.0,14.9
mpd,-4.0,6,ack-4f,w,2,2,0,ctl,ok,0,0,-1.9,14.9
mpd,-4.0,6,qpsk-r1/5,w,9,1,0,data,ctl_lost,8,1,-2.2,14.9
mpd,-4.0,6,ack-4f,w,3,3,0,ctl,ok,0,0,-0.1,14.9
mpd,-4.0,6,ack-4f,w,3,3,0,ctl,ok,0,0,-4.6,14.9
mpd,-4.0,6,qpsk-r1/5,w,9,2,1,data,ok,7,4,-2.3,14.9
mpd,-4.0,6,ack-4f,w,3,3,0,ctl,ok,0,0,-2.1,14.9
mpd,-4.0,6,qpsk-r1/5,w,9,2,1,data,ok,4,1,-1.8,14.9
mpd,-4.0,6,ack-4f,w,3,3,0,ctl,ok,0,0,-1.7,14.9
mpd,-4.0,6,qpsk-r1/5,w,9,2,1,data,ok,6,6,-1.7,14.9
mpd,-4.0,6,ack-4f,w,3,3,0,ctl,ok,0,0,-5.1,14.9
mpd,-4.0,6,qpsk-r1/5,w,9,2,1,data,ok,7,7,-0.1,14.9
mpd,-4.0,6,ack-4f,w,2,2,0,ctl,ok,0,0,-3.7,14.9
mpd,-4.0,6,qpsk-r1/5,w,9,1,0,data,ok,8,8,-1.9,14.9
mpd,-4.0,6,ack-4f,w,2,2,0,ctl,ok,0,0,-0.8,14.9
mpd,-4.0,6,qpsk-r1/5,w,9,1,0,data,ctl_lost,8,0,-2.9,14.9
mpd,-4.0,6,ack-4f,w,3,3,0,ctl,ok,0,0,-1.9,14.9
mpd,-4.0,6,ack-4f,w,3,3,0,ctl,ok,0,0,-2.4,14.9
mpd,-4.0,6,qpsk-r1/5,w,9,2,1,data,ok,7,7,-1.0,14.9
mpd,-4.0,6,ack-4f,w,3,3,0,ctl,ok,0,0,-4.4,14.9
mpd,-4.0,6,qpsk-r1/5,w,9,2,1,data,ok,7,7,-0.9,14.9
mpd,-4.0,6,ack-4f,w,2,2,0,ctl,ok,0,0,-3.8,14.9
mpd,-4.0,6,qpsk-r1/5,w,9,1,0,data,ok,8,8,-1.7,14.9
mpd,-4.0,6,ack-4f,w,3,3,0,ctl,ok,0,0,-4.5,14.9
mpd,-4.0,6,qpsk-r1/5,w,9,2,1,data,ok,7,7,0.0,14.9
mpd,-4.0,6,ack-4f,w,2,2,0,ctl,ok,0,0,-1.2,14.9
mpd,-4.0,6,qpsk-r1/5,w,9,1,0,data,ok,8,8,-0.5,14.9
mpd,-4.0,6,ack-4f,w,2,2,0,ctl,ok,0,0,-1.7,14.9
mpd,-4.0,6,qpsk-r1/5,w,9,1,0,data,ctl_lost,8,3,-2.9,14.9
mpd,-4.0,6,ack-4f,w,3,3,0,ctl,ok,0,0,0.3,14.9
mpd,-4.0,6,ack-4f,w,3,3,0,ctl,ok,0,0,-2.1,14.9
mpd,-4.0,6,qpsk-r1/5,w,9,2,1,data,ok,7,6,-1.6,14.9
mpd,-4.0,6,ack-4f,w,3,3,0,ctl,ok,0,0,3.3,14.9
mpd,-4.0,6,qpsk-r1/5,w,9,2,1,data,ok,6,6,-1.5,14.9
mpd,-4.0,6,ack-4f,w,3,3,0,ctl,ok,0,0,-3.5,14.9
mpd,-4.0,6,qpsk-r1/5,w,9,2,1,data,ok,7,0,-3.4,14.9
mpd,-4.0,6,ack-4f,w,3,3,0,ctl,ok,0,0,-2.0,14.9
mpd,-4.0,6,qpsk-r1/5,w,9,2,1,data,ok,0,0,-0.8,14.9
mpd,-4.0,6,ack-4f,w,3,3,0,ctl,ok,0,0,-2.0,14.9
mpd,-4.0,6,qpsk-r1/5,w,9,2,1,data,ok,7,7,-1.4,14.9
mpd,-4.0,6,ack-4f,w,2,2,0,ctl,ok,0,0,-0.6,14.9
mpd,-4.0,6,qpsk-r1/5,w,9,1,0,data,ok,8,8,-2.1,14.9
mpd,-4.0,6,ack-4f,w,3,3,0,ctl,ok,0,0,1.4,14.9
mpd,-4.0,6,qpsk-r1/5,w,9,2,1,data,ok,7,7,-1.9,14.9
mpd,-4.0,6,ack-4f,w,3,3,0,ctl,ok,0,0,-0.4,14.9
mpd,-4.0,6,qpsk-r1/5,w,9,2,1,data,ok,7,7,-1.4,14.9
mpd,-4.0,6,ack-4f,w,2,2,0,ctl,ok,0,0,-4.0,14.9
mpd,-4.0,6,qpsk-r1/5,w,9,1,0,data,ok,8,8,-1.2,14.9
mpd,-4.0,10,qpsk-r1/5,w,1,1,0,ctl,ok,0,0,2.1,17.0
mpd,-4.0,10,qpsk-r1/5,w,1,1,0,ctl,ok,0,0,-1.9,17.0
mpd,-4.0,10,ack-4f,w,2,2,,ctl,missed,0,0,,17.0
mpd,-4.0,10,ack-4f,w,2,2,0,ctl,ok,0,0,-3.3,17.0
mpd,-4.0,10,ack-4f,w,3,3,0,ctl,ok,0,0,-1.8,17.0
mpd,-4.0,10,qpsk-r1/5,w,9,2,1,data,ok,7,7,-0.4,17.0
mpd,-4.0,10,ack-4f,w,3,3,0,ctl,ok,0,0,1.9,17.0
mpd,-4.0,10,qpsk-r1/5,w,9,2,1,data,ok,7,7,-2.2,17.0
mpd,-4.0,10,ack-4f,w,3,3,0,ctl,ok,0,0,1.4,17.0
mpd,-4.0,10,qpsk-r1/5,w,9,2,1,data,ok,7,0,-1.9,17.0
mpd,-4.0,10,ack-4f,w,3,3,0,ctl,ok,0,0,-3.4,17.0
mpd,-4.0,10,qpsk-r1/5,w,9,2,1,data,ok,0,0,-1.3,17.0
mpd,-4.0,10,ack-4f,w,3,3,0,ctl,ok,0,0,0.5,17.0
mpd,-4.0,10,qpsk-r1/5,w,9,2,,data,missed,0,0,,17.0
mpd,-4.0,10,ack-4f,w,3,3,,ctl,missed,0,0,,17.0
mpd,-4.0,10,ack-4f,w,3,3,0,ctl,ok,0,0,-4.7,17.0
mpd,-4.0,10,ack-4f,w,3,3,0,ctl,ok,0,0,-3.5,17.0
mpd,-4.0,10,qpsk-r1/5,w,9,2,1,data,ok,7,7,-0.9,17.0
mpd,-4.0,10,ack-4f,w,3,3,0,ctl,ok,0,0,0.1,17.0
mpd,-4.0,10,qpsk-r1/5,w,9,2,1,data,ok,7,4,-1.7,17.0
mpd,-4.0,10,ack-4f,w,3,3,0,ctl,ok,0,0,-2.4,17.0
mpd,-4.0,10,qpsk-r1/5,w,9,1,0,data,ok,5,5,-2.7,17.0
mpd,-4.0,10,ack-4f,w,3,3,0,ctl,ok,0,0,0.2,17.0
mpd,-4.0,10,qpsk-r1/5,w,9,2,1,data,ok,7,3,-1.3,17.0
mpd,-4.0,10,ack-4f,w,3,3,0,ctl,ok,0,0,-1.3,17.0
mpd,-4.0,10,qpsk-r1/5,w,9,1,0,data,ok,6,6,-2.1,17.0
mpd,-4.0,10,ack-4f,w,2,2,0,ctl,ok,0,0,-3.0,17.0
mpd,-4.0,10,qpsk-r1/5,w,9,1,0,data,ok,8,8,-1.1,17.0
mpd,-4.0,10,ack-4f,w,2,2,0,ctl,ok,0,0,0.5,17.0
mpd,-4.0,10,qpsk-r1/5,w,9,1,0,data,ctl_lost,8,0,-2.5,17.0
mpd,-4.0,10,ack-4f,w,2,2,0,ctl,ok,0,0,-1.1,17.0
mpd,-4.0,10,ack-4f,w,3,3,0,ctl,ok,0,0,-0.4,17.0
mpd,-4.0,10,qpsk-r1/5,w,9,2,1,data,ok,7,7,-1.0,17.0
mpd,-4.0,10,ack-4f,w,3,3,0,ctl,ok,0,0,-1.5,17.0
mpd,-4.0,10,qpsk-r1/5,w,9,2,1,data,ok,7,1,-1.7,17.0
mpd,-4.0,10,ack-4f,w,3,3,0,ctl,ok,0,0,-1.7,17.0
mpd,-4.0,10,qpsk-r1/5,w,9,2,1,data,ok,2,2,-1.0,17.0
mpd,-4.0,10,ack-4f,w,2,2,0,ctl,ok,0,0,-1.1,17.0
mpd,-4.0,10,qpsk-r1/5,w,9,1,,data,missed,0,0,,17.0
mpd,-4.0,10,ack-4f,w,3,3,0,ctl,ok,0,0,0.0,17.0
mpd,-4.0,10,ack-4f,w,3,3,0,ctl,ok,0,0,-2.2,17.0
mpd,-4.0,10,qpsk-r1/5,w,9,2,1,data,ok,7,7,-0.2,17.0
mpd,-4.0,10,ack-4f,w,2,2,0,ctl,ok,0,0,-1.8,17.0
mpd,-4.0,10,qpsk-r1/5,w,9,1,0,data,ok,8,8,-1.9,17.0
mpd,-4.0,10,ack-4f,w,2,2,0,ctl,ok,0,0,-0.0,17.0
mpd,-4.0,10,qpsk-r1/5,w,9,1,0,data,ok,8,0,-2.8,17.0
mpd,-4.0,10,ack-4f,w,3,3,0,ctl,ok,0,0,-0.8,17.0
mpd,-4.0,10,qpsk-r1/5,w,9,2,1,data,ok,0,0,-2.2,17.0
mpd,-4.0,10,ack-4f,w,3,3,0,ctl,ok,0,0,-1.0,17.0
mpd,-4.0,10,qpsk-r1/5,w,9,2,1,data,ok,6,6,-1.5,17.0
mpd,-4.0,10,ack-4f,w,2,2,0,ctl,ok,0,0,1.3,17.0
mpd,-4.0,10,qpsk-r1/5,w,9,1,0,data,ok,8,8,-1.3,17.0
mpd,-4.0,10,ack-4f,w,2,2,0,ctl,ok,0,0,-3.9,17.0
mpd,-4.0,10,qpsk-r1/5,w,9,1,0,data,ok,8,8,-0.4,17.0
mpd,-4.0,10,ack-4f,w,2,2,0,ctl,ok,0,0,0.5,17.0
mpd,-4.0,10,qpsk-r1/5,w,9,1,0,data,ok,8,8,-1.3,17.0
mpd,-4.0,10,ack-4f,w,2,2,0,ctl,ok,0,0,-1.7,17.0
mpd,-4.0,10,qpsk-r1/5,w,9,1,0,data,ok,8,8,-1.6,17.0
mpd,-4.0,10,ack-4f,w,2,2,0,ctl,ok,0,0,-1.7,17.0
mpd,-4.0,10,qpsk-r1/5,w,9,1,0,data,ok,8,8,-0.1,17.0
mpd,-4.0,10,ack-4f,w,2,2,0,ctl,ok,0,0,-0.6,17.0
mpd,-4.0,10,qpsk-r1/5,w,9,1,0,data,ok,8,8,-1.4,17.0
mpd,-4.0,10,ack-4f,w,2,2,0,ctl,ok,0,0,-3.0,17.0
mpd,-4.0,10,qpsk-r1/5,w,9,1,0,data,ok,8,8,-0.6,17.0
mpd,-4.0,10,ack-4f,w,2,2,0,ctl,ok,0,0,-2.9,17.0
mpd,-4.0,10,qpsk-r1/5,w,9,1,0,data,ok,8,5,-1.1,17.0
mpd,-4.0,10,ack-4f,w,3,3,0,ctl,ok,0,0,-1.1,17.0
mpd,-4.0,10,qpsk-r1/5,w,9,1,0,data,ctl_lost,5,0,-2.1,17.0
mpd,-4.0,10,ack-4f,w,3,3,0,ctl,ok,0,0,-1.4,17.0
mpd,-4.0,10,ack-4f,w,3,3,0,ctl,ok,0,0,-2.9,17.0
mpd,-4.0,10,qpsk-r1/5,w,9,2,1,data,ok,4,1,-1.7,17.0
mpd,-4.0,10,ack-4f,w,3,3,0,ctl,ok,0,0,-4.3,17.0
mpd,-4.0,10,qpsk-r1/5,w,9,2,1,data,ok,6,0,-3.3,17.0
mpd,-4.0,10,ack-4f,w,3,3,0,ctl,ok,0,0,-3.3,17.0
mpd,-4.0,10,qpsk-r1/5,w,9,2,1,data,ok,1,1,-1.2,17.0
mpd,-4.0,10,ack-4f,w,2,2,0,ctl,ok,0,0,-2.4,17.0
mpd,-4.0,10,qpsk-r1/5,w,9,1,0,data,ok,8,8,-2.1,17.0
mpd,-4.0,10,ack-4f,w,2,2,0,ctl,ok,0,0,1.3,17.0
mpd,-4.0,10,qpsk-r1/5,w,9,1,0,data,ok,8,8,-0.4,17.0
mpd,-4.0,10,ack-4f,w,2,2,0,ctl,ok,0,0,0.7,17.0
mpd,-4.0,10,qpsk-r1/5,w,9,1,0,data,ok,8,8,-0.0,17.0
mpd,-4.0,10,ack-4f,w,2,2,0,ctl,ok,0,0,-1.8,17.0
mpd,-4.0,10,qpsk-r1/5,w,9,1,0,data,ok,8,8,-0.7,17.0
mpd,-4.0,10,ack-4f,w,2,2,0,ctl,ok,0,0,-2.6,17.0
mpd,-4.0,10,qpsk-r1/5,w,9,1,0,data,ctl_lost,8,1,-1.9,17.0
mpd,-4.0,10,ack-4f,w,3,3,0,ctl,ok,0,0,-2.2,17.0
mpd,-4.0,10,ack-4f,w,3,3,0,ctl,ok,0,0,-3.0,17.0
mpd,-4.0,10,qpsk-r1/5,w,9,2,1,data,ok,7,7,-0.3,17.0
mpd,-4.0,10,ack-4f,w,3,3,0,ctl,ok,0,0,0.6,17.0
mpd,-4.0,10,qpsk-r1/5,w,9,2,1,data,ok,7,7,-1.4,17.0
mpd,-4.0,10,ack-4f,w,2,2,0,ctl,ok,0,0,-3.5,17.0
mpd,-4.0,10,qpsk-r1/5,w,9,1,0,data,ctl_lost,8,3,-1.5,17.0
mpd,-4.0,8,qpsk-r1/5,w,1,1,0,ctl,ok,0,0,-2.4,16.1
mpd,-4.0,8,qpsk-r1/5,w,1,1,0,ctl,ok,0,0,0.7,16.1
mpd,-4.0,8,ack-4f,w,3,3,0,ctl,ok,0,0,-1.6,16.1
mpd,-4.0,8,ack-4f,w,2,2,0,ctl,ok,0,0,-0.9,16.1
mpd,-4.0,8,fsk32r62-r1/2,c32r62,9,1,0,data,ok,8,8,-1.7,16.1
mpd,-4.0,8,ack-4f,w,3,3,0,ctl,ok,0,0,-2.3,16.1
mpd,-4.0,8,qpsk-r1/5,w,9,2,1,data,ok,7,7,-1.7,16.1
mpd,-4.0,8,ack-4f,w,3,3,0,ctl,ok,0,0,-1.2,16.1
mpd,-4.0,8,qpsk-r1/5,w,9,2,1,data,ok,7,0,-3.0,16.1
mpd,-4.0,8,ack-4f,w,3,3,0,ctl,ok,0,0,-0.8,16.1
mpd,-4.0,8,qpsk-r1/5,w,9,2,1,data,ok,2,0,-0.9,16.1
mpd,-4.0,8,ack-4f,w,3,3,0,ctl,ok,0,0,0.9,16.1
mpd,-4.0,8,qpsk-r1/5,w,9,2,1,data,ok,7,7,-1.9,16.1
mpd,-4.0,8,ack-4f,w,3,3,0,ctl,ok,0,0,-0.5,16.1
mpd,-4.0,8,qpsk-r1/5,w,9,2,1,data,ok,7,4,-1.3,16.1
mpd,-4.0,8,ack-4f,w,3,3,0,ctl,ok,0,0,-1.9,16.1
mpd,-4.0,8,qpsk-r1/5,w,9,2,1,data,ok,7,7,-1.7,16.1
mpd,-4.0,8,ack-4f,w,2,2,0,ctl,ok,0,0,-1.9,16.1
mpd,-4.0,8,qpsk-r1/5,w,9,1,,data,missed,0,0,,16.1
mpd,-4.0,8,ack-4f,w,3,3,0,ctl,ok,0,0,-0.1,16.1
mpd,-4.0,8,ack-4f,w,3,3,0,ctl,ok,0,0,-0.8,16.1
mpd,-4.0,8,qpsk-r1/5,w,9,2,1,data,ok,7,7,-1.4,16.1
mpd,-4.0,8,ack-4f,w,3,3,0,ctl,ok,0,0,0.2,16.1
mpd,-4.0,8,qpsk-r1/5,w,9,2,1,data,ok,7,7,-0.3,16.1
mpd,-4.0,8,ack-4f,w,2,2,0,ctl,ok,0,0,-1.9,16.1
mpd,-4.0,8,qpsk-r1/5,w,9,1,0,data,ok,8,8,-1.0,16.1
mpd,-4.0,8,ack-4f,w,2,2,0,ctl,ok,0,0,-1.6,16.1
mpd,-4.0,8,qpsk-r1/5,w,9,1,0,data,ok,8,8,0.1,16.1
mpd,-4.0,8,ack-4f,w,2,2,0,ctl,ok,0,0,-1.9,16.1
mpd,-4.0,8,qpsk-r1/5,w,9,1,0,data,ctl_lost,8,2,-1.8,16.1
mpd,-4.0,8,ack-4f,w,3,3,0,ctl,ok,0,0,-3.8,16.1
mpd,-4.0,8,ack-4f,w,3,3,0,ctl,ok,0,0,0.9,16.1
mpd,-4.0,8,qpsk-r1/5,w,9,2,1,data,ok,7,0,-1.4,16.1
mpd,-4.0,8,ack-4f,w,3,3,0,ctl,ok,0,0,-1.9,16.1
mpd,-4.0,8,qpsk-r1/5,w,9,2,1,data,ok,2,1,-2.0,16.1
mpd,-4.0,8,ack-4f,w,3,3,0,ctl,ok,0,0,-0.4,16.1
mpd,-4.0,8,qpsk-r1/5,w,9,2,1,data,ok,7,7,-1.3,16.1
mpd,-4.0,8,ack-4f,w,3,3,0,ctl,ok,0,0,-3.3,16.1
mpd,-4.0,8,qpsk-r1/5,w,9,2,1,data,ok,7,7,-1.6,16.1
mpd,-4.0,8,ack-4f,w,2,2,0,ctl,ok,0,0,-2.2,16.1
mpd,-4.0,8,qpsk-r1/5,w,9,1,0,data,ctl_lost,8,2,-1.4,16.1
mpd,-4.0,8,ack-4f,w,3,3,0,ctl,ok,0,0,-2.0,16.1
mpd,-4.0,8,ack-4f,w,3,3,0,ctl,ok,0,0,-4.8,16.1
mpd,-4.0,8,qpsk-r1/5,w,9,2,1,data,ok,7,7,-1.4,16.1
mpd,-4.0,8,ack-4f,w,3,3,0,ctl,ok,0,0,-1.2,16.1
mpd,-4.0,8,qpsk-r1/5,w,9,2,1,data,ok,7,7,-1.2,16.1
mpd,-4.0,8,ack-4f,w,3,3,0,ctl,ok,0,0,1.1,16.1
mpd,-4.0,8,qpsk-r1/5,w,9,2,1,data,ok,7,7,-1.1,16.1
mpd,-4.0,8,ack-4f,w,2,2,0,ctl,ok,0,0,-2.3,16.1
mpd,-4.0,8,qpsk-r1/5,w,9,1,0,data,ok,8,8,-1.0,16.1
mpd,-4.0,8,ack-4f,w,2,2,0,ctl,ok,0,0,-0.5,16.1
mpd,-4.0,8,qpsk-r1/5,w,9,1,0,data,ok,8,8,-1.1,16.1
mpd,-4.0,8,ack-4f,w,2,2,0,ctl,ok,0,0,-3.3,16.1
mpd,-4.0,8,qpsk-r1/5,w,9,1,0,data,ok,8,8,-0.9,16.1
mpd,-4.0,8,ack-4f,w,2,2,0,ctl,ok,0,0,-2.0,16.1
mpd,-4.0,8,qpsk-r1/5,w,9,1,0,data,ctl_lost,8,3,-1.4,16.1
mpd,-4.0,8,ack-4f,w,3,3,0,ctl,ok,0,0,-1.7,16.1
mpd,-4.0,8,ack-4f,w,3,3,0,ctl,ok,0,0,-1.7,16.1
mpd,-4.0,8,qpsk-r1/5,w,9,2,1,data,ok,7,7,-0.9,16.1
mpd,-4.0,8,ack-4f,w,3,3,0,ctl,ok,0,0,-1.2,16.1
mpd,-4.0,8,qpsk-r1/5,w,9,2,1,data,ok,7,7,-1.2,16.1
mpd,-4.0,8,ack-4f,w,3,3,0,ctl,ok,0,0,-1.2,16.1
mpd,-4.0,8,qpsk-r1/5,w,9,2,1,data,ok,7,7,-1.5,16.1
mpd,-4.0,8,ack-4f,w,3,3,0,ctl,ok,0,0,1.1,16.1
mpd,-4.0,8,qpsk-r1/5,w,9,2,1,data,ok,7,7,-1.7,16.1
mpd,-4.0,8,ack-4f,w,3,3,0,ctl,ok,0,0,-0.8,16.1
mpd,-4.0,8,qpsk-r1/5,w,9,2,1,data,ok,7,7,-0.9,16.1
mpd,-4.0,8,ack-4f,w,2,2,0,ctl,ok,0,0,-2.3,16.1
mpd,-4.0,8,qpsk-r1/5,w,9,1,0,data,ctl_lost,8,0,-3.2,16.1
mpd,-4.0,8,ack-4f,w,3,3,0,ctl,ok,0,0,-0.1,16.1
mpd,-4.0,8,ack-4f,w,3,3,0,ctl,ok,0,0,-0.8,16.1
mpd,-4.0,8,qpsk-r1/5,w,9,2,1,data,ok,7,7,-1.4,16.1
mpd,-4.0,8,ack-4f,w,3,3,0,ctl,ok,0,0,-3.0,16.1
mpd,-4.0,8,qpsk-r1/5,w,9,2,1,data,ok,7,0,-1.4,16.1
mpd,-4.0,8,ack-4f,w,3,3,0,ctl,ok,0,0,0.5,16.1
mpd,-4.0,8,qpsk-r1/5,w,9,2,1,data,ok,0,0,0.7,16.1
mpd,-4.0,8,ack-4f,w,2,2,0,ctl,ctl_lost,0,0,-8.1,16.1
mpd,-4.0,8,ack-4f,w,3,3,0,ctl,ok,0,0,-0.5,16.1
mpd,-4.0,8,ack-4f,w,2,2,0,ctl,ok,0,0,-1.1,16.1
mpd,-4.0,8,qpsk-r1/5,w,9,1,0,data,ctl_lost,8,6,-1.8,16.1
mpd,-4.0,8,ack-4f,w,3,3,0,ctl,ok,0,0,-4.8,16.1
mpd,-4.0,8,ack-4f,w,3,3,0,ctl,ok,0,0,-1.9,16.1
mpd,-4.0,8,qpsk-r1/5,w,9,2,1,data,ok,7,7,-1.9,16.1
mpd,-4.0,8,ack-4f,w,3,3,0,ctl,ok,0,0,-0.6,16.1
mpd,-4.0,8,qpsk-r1/5,w,9,2,1,data,ok,7,7,-2.1,16.1
mpd,-4.0,8,ack-4f,w,3,3,0,ctl,ok,0,0,0.6,16.1
mpd,-4.0,8,qpsk-r1/5,w,9,2,1,data,ok,7,7,-0.1,16.1
mpd,-4.0,8,ack-4f,w,2,2,0,ctl,ctl_lost,0,0,-3.7,16.1
mpd,-4.0,8,ack-4f,w,3,3,0,ctl,ok,0,0,-3.6,16.1
mpd,-4.0,8,ack-4f,w,3,3,0,ctl,ok,0,0,-1.1,16.1
mpd,-4.0,8,qpsk-r1/5,w,9,2,1,data,ok,7,7,-1.5,16.1
mpd,-4.0,11,qpsk-r1/5,w,1,1,0,ctl,ok,0,0,-3.3,15.3
mpd,-4.0,11,qpsk-r1/5,w,1,1,0,ctl,ok,0,0,-1.0,15.3
mpd,-4.0,11,ack-4f,w,3,3,0,ctl,ok,0,0,0.2,15.3
mpd,-4.0,11,ack-4f,w,2,2,0,ctl,ok,0,0,-1.6,15.3
mpd,-4.0,11,fsk32r62-r1/2,c32r62,9,1,0,data,ok,8,8,-2.2,15.3
mpd,-4.0,11,ack-4f,w,2,2,0,ctl,ok,0,0,-2.6,15.3
mpd,-4.0,11,fsk32r62-r1/2,c32r62,9,1,0,data,ok,8,8,-1.7,15.3
mpd,-4.0,11,ack-4f,w,3,3,0,ctl,ok,0,0,-3.4,15.3
mpd,-4.0,11,qpsk-r1/5,w,9,2,1,data,ok,7,7,-1.0,15.3
mpd,-4.0,11,ack-4f,w,3,3,0,ctl,ok,0,0,-5.3,15.3
mpd,-4.0,11,qpsk-r1/5,w,9,2,1,data,ok,7,7,-0.6,15.3
mpd,-4.0,11,ack-4f,w,3,3,0,ctl,ok,0,0,-1.1,15.3
mpd,-4.0,11,qpsk-r1/5,w,9,2,1,data,ok,7,7,-1.0,15.3
mpd,-4.0,11,ack-4f,w,3,3,0,ctl,ok,0,0,-2.9,15.3
mpd,-4.0,11,qpsk-r1/5,w,9,2,1,data,ok,7,7,-1.4,15.3
mpd,-4.0,11,ack-4f,w,3,3,0,ctl,ok,0,0,1.9,15.3
mpd,-4.0,11,qpsk-r1/5,w,9,2,1,data,ok,7,7,-1.5,15.3
mpd,-4.0,11,ack-4f,w,3,3,0,ctl,ok,0,0,0.2,15.3
mpd,-4.0,11,qpsk-r1/5,w,9,2,1,data,ok,7,3,-2.2,15.3
mpd,-4.0,11,ack-4f,w,3,3,0,ctl,ok,0,0,-1.1,15.3
mpd,-4.0,11,qpsk-r1/5,w,9,2,1,data,ok,5,5,-0.7,15.3
mpd,-4.0,11,ack-4f,w,2,2,0,ctl,ok,0,0,-3.7,15.3
mpd,-4.0,11,qpsk-r1/5,w,9,1,0,data,ok,8,8,-2.4,15.3
mpd,-4.0,11,ack-4f,w,3,3,0,ctl,ok,0,0,-1.4,15.3
mpd,-4.0,11,qpsk-r1/5,w,9,2,1,data,ok,7,7,-1.5,15.3
mpd,-4.0,11,ack-4f,w,2,2,0,ctl,ok,0,0,-5.4,15.3
mpd,-4.0,11,qpsk-r1/5,w,9,1,0,data,ctl_lost,8,0,-2.5,15.3
mpd,-4.0,11,ack-4f,w,3,3,0,ctl,ok,0,0,-0.4,15.3
mpd,-4.0,11,ack-4f,w,3,3,0,ctl,ok,0,0,-1.8,15.3
mpd,-4.0,11,qpsk-r1/5,w,9,2,1,data,ok,7,0,-1.3,15.3
mpd,-4.0,11,ack-4f,w,3,3,0,ctl,ok,0,0,1.4,15.3
mpd,-4.0,11,qpsk-r1/5,w,9,2,1,data,ok,0,0,-1.5,15.3
mpd,-4.0,11,ack-4f,w,3,3,0,ctl,ok,0,0,-1.2,15.3
mpd,-4.0,11,qpsk-r1/5,w,9,2,1,data,ok,7,7,-2.0,15.3
mpd,-4.0,11,ack-4f,w,3,3,0,ctl,ok,0,0,-4.2,15.3
mpd,-4.0,11,qpsk-r1/5,w,9,2,1,data,ok,7,0,-3.4,15.3
mpd,-4.0,11,ack-4f,w,3,3,0,ctl,ok,0,0,-1.7,15.3
mpd,-4.0,11,qpsk-r1/5,w,9,2,1,data,ok,0,0,-1.3,15.3
mpd,-4.0,11,ack-4f,w,3,3,0,ctl,ok,0,0,-0.5,15.3
mpd,-4.0,11,qpsk-r1/5,w,9,2,1,data,ok,7,7,-2.1,15.3
mpd,-4.0,11,ack-4f,w,2,2,0,ctl,ok,0,0,0.1,15.3
mpd,-4.0,11,qpsk-r1/5,w,9,1,0,data,ok,8,8,-0.1,15.3
mpd,-4.0,11,ack-4f,w,2,2,0,ctl,ok,0,0,-4.7,15.3
mpd,-4.0,11,qpsk-r1/5,w,9,1,0,data,ok,8,8,-1.5,15.3
mpd,-4.0,11,ack-4f,w,2,2,0,ctl,ok,0,0,-0.4,15.3
mpd,-4.0,11,qpsk-r1/5,w,9,1,0,data,ctl_lost,8,0,-2.2,15.3
mpd,-4.0,11,ack-4f,w,3,3,0,ctl,ok,0,0,-0.2,15.3
mpd,-4.0,11,ack-4f,w,3,3,0,ctl,ok,0,0,-0.1,15.3
mpd,-4.0,11,qpsk-r1/5,w,9,2,1,data,ok,7,0,-3.8,15.3
mpd,-4.0,11,ack-4f,w,3,3,0,ctl,ok,0,0,-1.0,15.3
mpd,-4.0,11,qpsk-r1/5,w,9,2,1,data,ok,0,0,-0.4,15.3
mpd,-4.0,11,ack-4f,w,3,3,0,ctl,ok,0,0,0.0,15.3
mpd,-4.0,11,qpsk-r1/5,w,9,2,1,data,ok,7,7,-1.8,15.3
mpd,-4.0,11,ack-4f,w,2,2,0,ctl,ok,0,0,-2.9,15.3
mpd,-4.0,11,qpsk-r1/5,w,9,1,0,data,ok,8,6,-0.6,15.3
mpd,-4.0,11,ack-4f,w,3,3,0,ctl,ok,0,0,0.8,15.3
mpd,-4.0,11,qpsk-r1/5,w,9,1,0,data,ctl_lost,6,6,-1.6,15.3
mpd,-4.0,11,ack-4f,w,3,3,0,ctl,ok,0,0,-0.3,15.3
mpd,-4.0,11,ack-4f,w,3,3,0,ctl,ok,0,0,-2.2,15.3
mpd,-4.0,11,qpsk-r1/5,w,9,2,1,data,ok,5,5,-1.1,15.3
mpd,-4.0,11,ack-4f,w,3,3,0,ctl,ok,0,0,-0.9,15.3
mpd,-4.0,11,qpsk-r1/5,w,9,2,1,data,ok,7,7,-1.2,15.3
mpd,-4.0,11,ack-4f,w,3,3,0,ctl,ok,0,0,-0.6,15.3
mpd,-4.0,11,qpsk-r1/5,w,9,2,,data,missed,0,0,,15.3
mpd,-4.0,11,ack-4f,w,2,2,0,ctl,ok,0,0,-2.2,15.3
mpd,-4.0,11,ack-4f,w,3,3,0,ctl,ctl_lost,0,0,-5.4,15.3
mpd,-4.0,11,ack-4f,w,3,3,0,ctl,ok,0,0,-3.1,15.3
mpd,-4.0,11,ack-4f,w,3,3,0,ctl,ok,0,0,-0.3,15.3
mpd,-4.0,11,fsk32r62-r1/2,c32r62,10,2,1,data,ok,8,8,-1.4,15.3
mpd,-4.0,11,ack-4f,w,3,3,0,ctl,ok,0,0,0.2,15.3
mpd,-4.0,11,qpsk-r1/5,w,9,2,1,data,ok,7,7,-1.5,15.3
mpd,-4.0,11,ack-4f,w,3,3,0,ctl,ok,0,0,-0.5,15.3
mpd,-4.0,11,qpsk-r1/5,w,9,2,1,data,ok,7,7,-1.0,15.3
mpd,-4.0,11,ack-4f,w,3,3,0,ctl,ok,0,0,-0.0,15.3
mpd,-4.0,11,qpsk-r1/5,w,9,2,1,data,ok,7,7,-2.3,15.3
mpd,-4.0,11,ack-4f,w,3,3,0,ctl,ok,0,0,1.7,15.3
mpd,-4.0,11,qpsk-r1/5,w,9,2,1,data,ok,7,7,-0.0,15.3
mpd,-4.0,11,ack-4f,w,2,2,0,ctl,ok,0,0,-3.0,15.3
mpd,-4.0,11,qpsk-r1/5,w,9,1,0,data,ctl_lost,8,0,-2.9,15.3
mpd,-4.0,11,ack-4f,w,3,3,0,ctl,ok,0,0,-1.0,15.3
mpd,-4.0,11,ack-4f,w,3,3,0,ctl,ok,0,0,-1.4,15.3
mpd,-4.0,11,qpsk-r1/5,w,9,2,1,data,ok,7,7,-1.4,15.3
mpd,-4.0,11,ack-4f,w,3,3,0,ctl,ok,0,0,-1.7,15.3
mpd,-4.0,11,qpsk-r1/5,w,9,2,1,data,ok,7,7,-1.3,15.3
mpd,0.0,3,qpsk-r1/5,w,1,1,0,ctl,ok,0,0,3.6,38.7
mpd,0.0,3,qpsk-r1/5,w,1,1,0,ctl,ok,0,0,2.1,38.7
mpd,0.0,3,ack-4f,w,3,3,0,ctl,ok,0,0,1.7,38.7
mpd,0.0,3,ack-4f,w,3,3,0,ctl,ok,0,0,-0.7,38.7
mpd,0.0,3,qpsk-r1/3,w,9,2,1,data,ok,7,7,2.7,38.7
mpd,0.0,3,ack-4f,w,3,3,0,ctl,ok,0,0,3.1,38.7
mpd,0.0,3,qpsk-r1/3,w,9,2,1,data,ok,7,0,1.0,38.7
mpd,0.0,3,ack-4f,w,3,3,0,ctl,ok,0,0,3.4,38.7
mpd,0.0,3,qpsk-r1/3,w,9,2,1,data,ok,2,2,4.3,38.7
mpd,0.0,3,ack-1f,w,2,2,0,ctl,ok,0,0,8.5,38.7
mpd,0.0,3,qpsk-r1/3,w,9,1,0,data,ok,8,8,3.2,38.7
mpd,0.0,3,ack-1f,w,2,2,0,ctl,ctl_lost,0,0,-0.7,38.7
mpd,0.0,3,ack-4f,w,3,3,0,ctl,ok,0,0,1.3,38.7
mpd,0.0,3,ack-4f,w,3,3,0,ctl,ok,0,0,0.7,38.7
mpd,0.0,3,qpsk-r1/3,w,9,2,1,data,ok,7,7,3.4,38.7
mpd,0.0,3,ack-4f,w,2,2,0,ctl,ok,0,0,6.3,38.7
mpd,0.0,3,qpsk-r1/3,w,9,1,0,data,ok,8,8,1.7,38.7
mpd,0.0,3,ack-1f,w,2,2,0,ctl,ok,0,0,4.1,38.7
mpd,0.0,3,qpsk-r1/3,w,9,1,0,data,ok,8,8,2.0,38.7
mpd,0.0,3,ack-1f,w,3,3,0,ctl,ctl_lost,0,0,-1.6,38.7
mpd,0.0,3,ack-4f,w,3,3,0,ctl,ok,0,0,0.2,38.7
mpd,0.0,3,ack-4f,w,3,3,0,ctl,ok,0,0,2.9,38.7
mpd,0.0,3,qpsk-r1/3,w,9,2,1,data,ok,7,7,2.8,38.7
mpd,0.0,3,ack-4f,w,2,2,0,ctl,ok,0,0,5.1,38.7
mpd,0.0,3,qpsk-r1/3,w,9,1,0,data,ok,8,8,3.4,38.7
mpd,0.0,3,ack-1f,w,2,2,0,ctl,ok,0,0,3.8,38.7
mpd,0.0,3,qpsk-r1/3,w,9,1,0,data,ok,8,8,2.8,38.7
mpd,0.0,3,ack-1f,w,2,2,0,ctl,ok,0,0,-1.4,38.7
mpd,0.0,3,qpsk-r1/3,w,9,1,0,data,ok,8,8,1.5,38.7
mpd,0.0,3,ack-4f,w,2,2,0,ctl,ok,0,0,3.6,38.7
mpd,0.0,3,qpsk-r1/3,w,9,1,0,data,ok,8,8,3.3,38.7
mpd,0.0,3,ack-1f,w,2,2,0,ctl,ok,0,0,3.1,38.7
mpd,0.0,3,qpsk-r1/3,w,9,1,0,data,ok,8,8,0.6,38.7
mpd,0.0,3,ack-1f,w,2,2,0,ctl,ok,0,0,3.3,38.7
mpd,0.0,3,qpsk-r1/3,w,9,1,0,data,ctl_lost,8,2,0.5,38.7
mpd,0.0,3,ack-4f,w,3,3,0,ctl,ok,0,0,4.6,38.7
mpd,0.0,3,ack-4f,w,3,3,0,ctl,ok,0,0,6.1,38.7
mpd,0.0,3,qpsk-r1/3,w,9,2,1,data,ok,7,7,1.2,38.7
mpd,0.0,3,ack-1f,w,3,3,0,ctl,ok,0,0,4.0,38.7
mpd,0.0,3,qpsk-r1/3,w,9,2,1,data,ok,7,7,1.4,38.7
mpd,0.0,3,ack-1f,w,3,3,0,ctl,ok,0,0,1.5,38.7
mpd,0.0,3,qpsk-r1/3,w,9,2,1,data,ok,7,7,2.2,38.7
mpd,0.0,3,ack-1f,w,3,3,0,ctl,ok,0,0,0.3,38.7
mpd,0.0,3,qpsk-r1/3,w,9,2,1,data,ok,7,7,1.8,38.7
mpd,0.0,3,ack-1f,w,3,3,0,ctl,ctl_lost,0,0,1.4,38.7
mpd,0.0,3,ack-4f,w,3,3,0,ctl,ok,0,0,3.7,38.7
mpd,0.0,3,ack-4f,w,2,2,0,ctl,ok,0,0,5.3,38.7
mpd,0.0,3,qpsk-r1/3,w,9,1,0,data,ok,8,8,2.2,38.7
mpd,0.0,3,ack-1f,w,3,3,0,ctl,ok,0,0,4.9,38.7
mpd,0.0,3,qpsk-r1/3,w,9,2,1,data,ok,7,7,2.1,38.7
mpd,0.0,3,ack-1f,w,2,2,0,ctl,ok,0,0,4.0,38.7
mpd,0.0,3,qpsk-r1/3,w,9,1,0,data,ok,8,8,2.1,38.7
mpd,0.0,3,ack-1f,w,2,2,0,ctl,ok,0,0,5.0,38.7
mpd,0.0,3,qpsk-r1/3,w,9,1,0,data,ok,8,8,3.7,38.7
mpd,0.0,3,ack-1f,w,2,2,0,ctl,ok,0,0,2.3,38.7
mpd,0.0,3,qpsk-r1/3,w,9,1,0,data,ok,8,8,3.1,38.7
mpd,0.0,3,ack-1f,w,2,2,0,ctl,ok,0,0,1.4,38.7
mpd,0.0,3,qpsk-r1/3,w,9,1,0,data,ok,8,8,2.3,38.7
mpd,0.0,3,ack-1f,w,2,2,0,ctl,ok,0,0,6.1,38.7
mpd,0.0,3,qpsk-r1/3,w,9,1,0,data,ok,8,8,2.8,38.7
mpd,0.0,3,ack-1f,w,2,2,0,ctl,ok,0,0,5.9,38.7
mpd,0.0,3,qpsk-r1/3,w,9,1,0,data,ok,8,8,3.8,38.7
mpd,0.0,3,ack-1f,w,2,2,0,ctl,ok,0,0,1.2,38.7
mpd,0.0,3,qpsk-r1/3,w,9,1,0,data,ok,8,8,4.1,38.7
mpd,0.0,3,ack-1f,w,2,2,0,ctl,ok,0,0,-1.3,38.7
mpd,0.0,3,qpsk-r1/3,w,9,1,0,data,ok,8,8,2.9,38.7
mpd,0.0,3,ack-4f,w,2,2,0,ctl,ok,0,0,1.8,38.7
mpd,0.0,3,qpsk-r1/3,w,9,1,0,data,ok,8,8,4.1,38.7
mpd,0.0,3,ack-4f,w,2,2,0,ctl,ok,0,0,-2.8,38.7
mpd,0.0,3,qpsk-r1/3,w,9,1,0,data,ok,8,8,3.3,38.7
mpd,0.0,3,ack-4f,w,2,2,0,ctl,ok,0,0,4.0,38.7
mpd,0.0,3,qpsk-r1/3,w,9,1,0,data,ok,8,8,2.1,38.7
mpd,0.0,3,ack-4f,w,2,2,0,ctl,ok,0,0,4.6,38.7
mpd,0.0,3,qpsk-r1/3,w,9,1,0,data,ok,8,8,1.5,38.7
mpd,0.0,3,ack-1f,w,2,2,0,ctl,ok,0,0,2.1,38.7
mpd,0.0,3,qpsk-r1/3,w,9,1,0,data,ok,8,8,2.2,38.7
mpd,0.0,3,ack-1f,w,2,2,0,ctl,ok,0,0,3.4,38.7
mpd,0.0,3,qpsk-r1/3,w,9,1,0,data,ok,8,8,1.8,38.7
mpd,0.0,3,ack-1f,w,2,2,0,ctl,ok,0,0,-2.0,38.7
mpd,0.0,3,qpsk-r1/3,w,9,1,0,data,ok,8,8,2.7,38.7
mpd,0.0,3,ack-4f,w,2,2,0,ctl,ok,0,0,0.6,38.7
mpd,0.0,3,qpsk-r1/3,w,9,1,0,data,ok,8,8,1.4,38.7
mpd,0.0,3,ack-4f,w,2,2,0,ctl,ok,0,0,2.7,38.7
mpd,0.0,3,qpsk-r1/3,w,9,1,0,data,ctl_lost,8,0,0.4,38.7
mpd,0.0,3,ack-4f,w,3,3,0,ctl,ok,0,0,3.4,38.7
mpd,0.0,3,ack-4f,w,3,3,0,ctl,ok,0,0,2.9,38.7
mpd,0.0,3,qpsk-r1/3,w,9,2,1,data,ok,7,7,3.8,38.7
mpd,0.0,3,ack-1f,w,2,2,0,ctl,ok,0,0,1.7,38.7
mpd,0.0,3,qpsk-r1/3,w,9,1,0,data,ok,8,8,3.3,38.7
mpd,0.0,3,ack-1f,w,2,2,0,ctl,ok,0,0,4.7,38.7
mpd,0.0,3,qpsk-r1/3,w,9,1,0,data,ok,8,8,4.3,38.7
mpd,0.0,3,ack-1f,w,3,3,0,ctl,ok,0,0,0.7,38.7
mpd,0.0,3,qpsk-r1/2,w,9,2,1,data,ok,7,1,2.5,38.7
mpd,0.0,3,ack-1f,w,3,3,0,ctl,ok,0,0,-2.1,38.7
mpd,0.0,3,qpsk-r1/2,w,9,2,1,data,ok,1,0,2.4,38.7
mpd,0.0,3,ack-4f,w,2,2,0,ctl,ok,0,0,4.0,38.7
mpd,0.0,3,qpsk-r1/3,w,9,1,0,data,ok,8,8,1.6,38.7
mpd,0.0,3,ack-1f,w,2,2,0,ctl,ok,0,0,3.6,38.7
mpd,0.0,3,qpsk-r1/3,w,9,1,0,data,ok,8,8,3.0,38.7
mpd,0.0,1,qpsk-r1/5,w,1,1,0,ctl,ok,0,0,2.4,29.3
mpd,0.0,1,qpsk-r1/5,w,1,1,0,ctl,ok,0,0,1.4,29.3
mpd,0.0,1,ack-4f,w,3,3,0,ctl,ok,0,0,4.4,29.3
mpd,0.0,1,ack-4f,w,2,2,0,ctl,ok,0,0,0.6,29.3
mpd,0.0,1,qpsk-r1/3,w,9,1,0,data,ok,8,8,3.0,29.3
mpd,0.0,1,ack-4f,w,2,2,0,ctl,ok,0,0,1.3,29.3
mpd,0.0,1,qpsk-r1/3,w,9,1,0,data,ok,8,8,3.0,29.3
mpd,0.0,1,ack-4f,w,2,2,0,ctl,ok,0,0,1.7,29.3
mpd,0.0,1,qpsk-r1/3,w,9,1,0,data,ok,8,8,2.4,29.3
mpd,0.0,1,ack-4f,w,2,2,0,ctl,ok,0,0,1.9,29.3
mpd,0.0,1,qpsk-r1/3,w,9,1,0,data,ok,8,8,2.6,29.3
mpd,0.0,1,ack-4f,w,2,2,0,ctl,ok,0,0,3.9,29.3
mpd,0.0,1,qpsk-r1/3,w,9,1,0,data,ok,8,8,3.2,29.3
mpd,0.0,1,ack-1f,w,2,2,0,ctl,ok,0,0,2.9,29.3
mpd,0.0,1,qpsk-r1/3,w,9,1,0,data,ok,8,8,4.1,29.3
mpd,0.0,1,ack-1f,w,2,2,0,ctl,ok,0,0,1.8,29.3
mpd,0.0,1,qpsk-r1/3,w,9,1,0,data,ctl_lost,8,0,1.0,29.3
mpd,0.0,1,ack-4f,w,3,3,0,ctl,ok,0,0,1.8,29.3
mpd,0.0,1,ack-4f,w,3,3,0,ctl,ok,0,0,3.1,29.3
mpd,0.0,1,qpsk-r1/5,w,9,2,1,data,ok,7,7,3.3,29.3
mpd,0.0,1,ack-1f,w,3,3,0,ctl,ok,0,0,3.2,29.3
mpd,0.0,1,qpsk-r1/3,w,9,2,1,data,ok,7,7,2.7,29.3
mpd,0.0,1,ack-1f,w,3,3,0,ctl,ok,0,0,3.3,29.3
mpd,0.0,1,qpsk-r1/3,w,9,2,1,data,ok,7,7,1.1,29.3
mpd,0.0,1,ack-1f,w,3,3,0,ctl,ok,0,0,2.3,29.3
mpd,0.0,1,qpsk-r1/3,w,9,2,1,data,ok,7,0,0.2,29.3
mpd,0.0,1,ack-1f,w,3,3,0,ctl,ok,0,0,1.7,29.3
mpd,0.0,1,qpsk-r1/5,w,9,2,1,data,ok,7,7,2.0,29.3
mpd,0.0,1,ack-1f,w,3,3,0,ctl,ok,0,0,3.8,29.3
mpd,0.0,1,qpsk-r1/3,w,9,2,1,data,ok,7,7,1.8,29.3
mpd,0.0,1,ack-1f,w,3,3,0,ctl,ok,0,0,1.7,29.3
mpd,0.0,1,qpsk-r1/3,w,9,2,1,data,ok,7,7,1.3,29.3
mpd,0.0,1,ack-1f,w,3,3,0,ctl,ctl_lost,0,0,-0.1,29.3
mpd,0.0,1,ack-4f,w,3,3,0,ctl,ok,0,0,3.8,29.3
mpd,0.0,1,ack-4f,w,3,3,0,ctl,ok,0,0,1.6,29.3
mpd,0.0,1,qpsk-r1/3,w,9,2,1,data,ok,7,7,3.4,29.3
mpd,0.0,1,ack-4f,w,2,2,0,ctl,ok,0,0,4.4,29.3
mpd,0.0,1,qpsk-r1/3,w,9,1,0,data,ok,8,8,3.6,29.3
mpd,0.0,1,ack-4f,w,2,2,0,ctl,ok,0,0,3.5,29.3
mpd,0.0,1,qpsk-r1/3,w,9,1,0,data,ok,8,8,3.5,29.3
mpd,0.0,1,ack-4f,w,2,2,0,ctl,ok,0,0,4.0,29.3
mpd,0.0,1,qpsk-r1/3,w,9,1,0,data,ok,8,8,4.0,29.3
mpd,0.0,1,ack-1f,w,2,2,0,ctl,ok,0,0,3.4,29.3
mpd,0.0,1,qpsk-r1/3,w,9,1,0,data,ctl_lost,8,0,0.9,29.3
mpd,0.0,1,ack-4f,w,3,3,0,ctl,ok,0,0,3.3,29.3
mpd,0.0,1,ack-4f,w,3,3,0,ctl,ok,0,0,0.5,29.3
mpd,0.0,1,qpsk-r1/3,w,9,2,1,data,ok,7,7,1.9,29.3
mpd,0.0,1,ack-4f,w,3,3,0,ctl,ok,0,0,2.5,29.3
mpd,0.0,1,qpsk-r1/3,w,9,2,1,data,ok,7,0,-0.2,29.3
mpd,0.0,1,ack-4f,w,2,2,0,ctl,ok,0,0,3.0,29.3
mpd,0.0,1,qpsk-r1/5,w,9,1,0,data,ok,8,8,3.7,29.3
mpd,0.0,1,ack-4f,w,3,3,0,ctl,ok,0,0,-0.8,29.3
mpd,0.0,1,qpsk-r1/3,w,9,2,1,data,ok,7,7,2.9,29.3
mpd,0.0,1,ack-4f,w,2,2,0,ctl,ok,0,0,2.2,29.3
mpd,0.0,1,qpsk-r1/3,w,9,1,0,data,ok,8,8,3.6,29.3
mpd,0.0,1,ack-4f,w,2,2,0,ctl,ok,0,0,6.3,29.3
mpd,0.0,1,qpsk-r1/3,w,9,1,0,data,ok,8,8,3.8,29.3
mpd,0.0,1,ack-1f,w,2,2,0,ctl,ok,0,0,2.2,29.3
mpd,0.0,1,qpsk-r1/3,w,9,1,0,data,ok,8,8,2.7,29.3
mpd,0.0,1,ack-1f,w,2,2,0,ctl,ctl_lost,0,0,-1.2,29.3
mpd,0.0,1,ack-4f,w,3,3,0,ctl,ok,0,0,2.2,29.3
mpd,0.0,1,ack-4f,w,3,3,0,ctl,ok,0,0,2.6,29.3
mpd,0.0,1,qpsk-r1/3,w,9,2,1,data,ok,7,7,1.3,29.3
mpd,0.0,1,ack-4f,w,3,3,0,ctl,ok,0,0,-0.3,29.3
mpd,0.0,1,qpsk-r1/3,w,9,2,1,data,ok,7,7,4.0,29.3
mpd,0.0,1,ack-4f,w,2,2,0,ctl,ok,0,0,5.0,29.3
mpd,0.0,1,qpsk-r1/3,w,9,1,0,data,ok,8,8,1.0,29.3
mpd,0.0,1,ack-4f,w,2,2,0,ctl,ok,0,0,-1.1,29.3
mpd,0.0,1,qpsk-r1/3,w,9,1,0,data,ctl_lost,8,0,0.7,29.3
mpd,0.0,1,ack-4f,w,3,3,0,ctl,ok,0,0,4.8,29.3
mpd,0.0,1,ack-4f,w,3,3,0,ctl,ok,0,0,3.6,29.3
mpd,0.0,1,qpsk-r1/3,w,9,2,1,data,ok,7,7,3.7,29.3
mpd,0.0,1,ack-4f,w,3,3,0,ctl,ok,0,0,1.7,29.3
mpd,0.0,1,qpsk-r1/2,w,9,2,1,data,ctl_lost,7,0,-0.6,29.3
mpd,0.0,1,ack-4f,w,4,4,0,ctl,ok,0,0,4.0,29.3
mpd,0.0,1,ack-4f,w,3,3,0,ctl,ok,0,0,1.0,29.3
mpd,0.0,1,qpsk-r1/3,w,9,2,1,data,ok,7,7,1.3,29.3
mpd,0.0,1,ack-4f,w,3,3,0,ctl,ok,0,0,5.0,29.3
mpd,0.0,1,qpsk-r1/3,w,9,2,1,data,ok,7,7,4.1,29.3
mpd,0.0,1,ack-1f,w,2,2,0,ctl,ok,0,0,1.8,29.3
mpd,0.0,1,qpsk-r1/3,w,9,1,0,data,ok,8,8,3.0,29.3
mpd,0.0,1,ack-4f,w,2,2,0,ctl,ok,0,0,2.0,29.3
mpd,0.0,1,qpsk-r1/3,w,9,1,0,data,ctl_lost,8,0,-0.8,29.3
mpd,0.0,1,ack-4f,w,3,3,0,ctl,ok,0,0,0.2,29.3
mpd,0.0,1,ack-4f,w,3,3,0,ctl,ok,0,0,3.6,29.3
mpd,0.0,1,qpsk-r1/5,w,9,2,1,data,ok,7,7,1.2,29.3
mpd,0.0,1,ack-1f,w,2,2,0,ctl,ok,0,0,3.6,29.3
mpd,0.0,1,qpsk-r1/5,w,9,1,0,data,ok,8,8,3.8,29.3
mpd,0.0,1,ack-1f,w,3,3,0,ctl,ok,0,0,5.2,29.3
mpd,0.0,1,qpsk-r1/3,w,9,2,1,data,ok,7,7,1.1,29.3
mpd,0.0,1,ack-1f,w,3,3,0,ctl,ok,0,0,-1.2,29.3
mpd,0.0,1,qpsk-r1/3,w,9,2,1,data,ok,7,0,0.8,29.3
mpd,0.0,1,ack-4f,w,3,3,0,ctl,ok,0,0,1.8,29.3
mpd,0.0,1,qpsk-r1/3,w,9,2,1,data,ok,2,2,1.7,29.3
mpd,0.0,1,ack-4f,w,3,3,0,ctl,ok,0,0,-1.9,29.3
mpd,0.0,1,qpsk-r1/3,w,9,2,1,data,ok,7,7,3.7,29.3
mpd,0.0,2,qpsk-r1/5,w,1,1,0,ctl,ok,0,0,-0.3,29.8
mpd,0.0,2,qpsk-r1/5,w,1,1,0,ctl,ok,0,0,5.0,29.8
mpd,0.0,2,ack-4f,w,3,3,0,ctl,ok,0,0,0.1,29.8
mpd,0.0,2,ack-1f,w,3,3,0,ctl,ok,0,0,2.8,29.8
mpd,0.0,2,qpsk-r1/5,w,9,2,1,data,ok,7,7,2.6,29.8
mpd,0.0,2,ack-1f,w,2,2,0,ctl,ok,0,0,3.0,29.8
mpd,0.0,2,qpsk-r1/5,w,9,1,0,data,ok,8,8,0.2,29.8
mpd,0.0,2,ack-1f,w,3,3,0,ctl,ok,0,0,3.4,29.8
mpd,0.0,2,qpsk-r1/3,w,9,2,1,data,ok,7,7,3.2,29.8
mpd,0.0,2,ack-1f,w,3,3,0,ctl,ok,0,0,0.1,29.8
mpd,0.0,2,qpsk-r1/3,w,9,2,1,data,ok,7,7,3.2,29.8
mpd,0.0,2,ack-1f,w,2,2,0,ctl,ok,0,0,5.9,29.8
mpd,0.0,2,qpsk-r1/3,w,9,1,0,data,ok,8,8,3.9,29.8
mpd,0.0,2,ack-1f,w,2,2,0,ctl,ctl_lost,0,0,-1.2,29.8
mpd,0.0,2,ack-4f,w,3,3,0,ctl,ok,0,0,0.7,29.8
mpd,0.0,2,ack-4f,w,3,3,0,ctl,ok,0,0,0.2,29.8
mpd,0.0,2,qpsk-r1/3,w,9,2,1,data,ok,7,7,3.6,29.8
mpd,0.0,2,ack-4f,w,2,2,0,ctl,ok,0,0,2.5,29.8
mpd,0.0,2,qpsk-r1/3,w,9,1,0,data,ok,8,8,3.9,29.8
mpd,0.0,2,ack-4f,w,2,2,0,ctl,ok,0,0,2.2,29.8
mpd,0.0,2,qpsk-r1/3,w,9,1,0,data,ok,8,8,3.6,29.8
mpd,0.0,2,ack-4f,w,2,2,0,ctl,ok,0,0,2.4,29.8
mpd,0.0,2,qpsk-r1/3,w,9,1,0,data,ok,8,8,3.2,29.8
mpd,0.0,2,ack-4f,w,2,2,0,ctl,ok,0,0,4.7,29.8
mpd,0.0,2,qpsk-r1/3,w,9,1,0,data,ok,8,8,3.0,29.8
mpd,0.0,2,ack-4f,w,2,2,0,ctl,ok,0,0,2.5,29.8
mpd,0.0,2,qpsk-r1/3,w,9,1,0,data,ok,8,8,1.8,29.8
mpd,0.0,2,ack-4f,w,2,2,0,ctl,ok,0,0,3.3,29.8
mpd,0.0,2,qpsk-r1/3,w,9,1,0,data,ok,8,8,3.8,29.8
mpd,0.0,2,ack-4f,w,2,2,0,ctl,ok,0,0,1.1,29.8
mpd,0.0,2,qpsk-r1/3,w,9,1,0,data,ctl_lost,8,0,-0.1,29.8
mpd,0.0,2,ack-4f,w,3,3,0,ctl,ok,0,0,4.1,29.8
mpd,0.0,2,ack-4f,w,3,3,0,ctl,ok,0,0,4.4,29.8
mpd,0.0,2,qpsk-r1/3,w,9,2,1,data,ok,7,7,0.9,29.8
mpd,0.0,2,ack-4f,w,3,3,0,ctl,ok,0,0,5.1,29.8
mpd,0.0,2,qpsk-r1/3,w,9,2,1,data,ok,7,5,1.1,29.8
mpd,0.0,2,ack-1f,w,3,3,0,ctl,ok,0,0,5.0,29.8
mpd,0.0,2,qpsk-r1/3,w,9,2,1,data,ok,7,7,3.6,29.8
mpd,0.0,2,ack-1f,w,2,2,0,ctl,ok,0,0,6.8,29.8
mpd,0.0,2,qpsk-r1/3,w,9,1,0,data,ok,8,8,2.4,29.8
mpd,0.0,2,ack-1f,w,2,2,0,ctl,ok,0,0,2.4,29.8
mpd,0.0,2,qpsk-r1/3,w,9,1,0,data,ok,8,8,4.2,29.8
mpd,0.0,2,ack-1f,w,2,2,0,ctl,ok,0,0,5.0,29.8
mpd,0.0,2,qpsk-r1/3,w,9,1,0,data,ok,8,8,2.3,29.8
mpd,0.0,2,ack-1f,w,2,2,0,ctl,ok,0,0,2.0,29.8
mpd,0.0,2,qpsk-r1/3,w,9,1,0,data,ok,8,8,4.1,29.8
mpd,0.0,2,ack-1f,w,2,2,0,ctl,ok,0,0,3.0,29.8
mpd,0.0,2,qpsk-r1/3,w,9,1,0,data,ok,8,8,2.6,29.8
mpd,0.0,2,ack-1f,w,2,2,0,ctl,ok,0,0,3.4,29.8
mpd,0.0,2,qpsk-r1/3,w,9,1,0,data,ok,8,8,1.3,29.8
mpd,0.0,2,ack-1f,w,2,2,0,ctl,ok,0,0,-0.7,29.8
mpd,0.0,2,qpsk-r1/3,w,9,1,0,data,ctl_lost,8,0,-0.3,29.8
mpd,0.0,2,ack-4f,w,3,3,0,ctl,ok,0,0,2.0,29.8
mpd,0.0,2,ack-4f,w,3,3,0,ctl,ok,0,0,2.3,29.8
mpd,0.0,2,qpsk-r1/3,w,9,2,1,data,ok,7,3,1.4,29.8
mpd,0.0,2,ack-4f,w,3,3,0,ctl,ok,0,0,4.2,29.8
mpd,0.0,2,qpsk-r1/3,w,9,2,1,data,ok,3,3,3.3,29.8
mpd,0.0,2,ack-4f,w,2,2,0,ctl,ok,0,0,3.7,29.8
mpd,0.0,2,qpsk-r1/3,w,9,1,0,data,ctl_lost,8,0,0.8,29.8
mpd,0.0,2,ack-4f,w,3,3,0,ctl,ok,0,0,2.6,29.8
mpd,0.0,2,ack-4f,w,3,3,0,ctl,ok,0,0,3.8,29.8
mpd,0.0,2,qpsk-r1/3,w,9,2,1,data,ok,7,7,3.9,29.8
mpd,0.0,2,ack-1f,w,2,2,0,ctl,ok,0,0,1.4,29.8
mpd,0.0,2,qpsk-r1/3,w,9,1,0,data,ctl_lost,8,0,0.1,29.8
mpd,0.0,2,ack-4f,w,3,3,0,ctl,ok,0,0,4.4,29.8
mpd,0.0,2,ack-4f,w,3,3,0,ctl,ok,0,0,1.3,29.8
mpd,0.0,2,qpsk-r1/3,w,9,2,1,data,ok,7,7,2.6,29.8
mpd,0.0,2,ack-4f,w,3,3,0,ctl,ok,0,0,3.7,29.8
mpd,0.0,2,qpsk-r1/3,w,9,2,1,data,ok,7,7,1.8,29.8
mpd,0.0,2,ack-1f,w,3,3,0,ctl,ctl_lost,0,0,-0.6,29.8
mpd,0.0,2,ack-4f,w,3,3,0,ctl,ok,0,0,4.4,29.8
mpd,0.0,2,ack-4f,w,3,3,0,ctl,ok,0,0,1.7,29.8
mpd,0.0,2,qpsk-r1/3,w,9,2,1,data,ok,7,6,1.9,29.8
mpd,0.0,2,ack-4f,w,3,3,0,ctl,ok,0,0,5.0,29.8
mpd,0.0,2,qpsk-r1/3,w,9,2,1,data,ok,6,6,3.0,29.8
mpd,0.0,2,ack-4f,w,3,3,0,ctl,ok,0,0,1.6,29.8
mpd,0.0,2,qpsk-r1/3,w,9,2,1,data,ok,7,2,1.7,29.8
mpd,0.0,2,ack-4f,w,3,3,0,ctl,ok,0,0,0.7,29.8
mpd,0.0,2,qpsk-r1/3,w,9,2,1,data,ok,2,2,1.7,29.8
mpd,0.0,2,ack-4f,w,3,3,0,ctl,ok,0,0,4.2,29.8
mpd,0.0,2,qpsk-r1/3,w,9,2,1,data,ok,7,1,0.4,29.8
mpd,0.0,2,ack-4f,w,3,3,0,ctl,ok,0,0,5.3,29.8
mpd,0.0,2,qpsk-r1/3,w,9,2,1,data,ok,1,1,3.1,29.8
mpd,0.0,2,ack-4f,w,2,2,0,ctl,ok,0,0,2.3,29.8
mpd,0.0,2,qpsk-r1/3,w,9,1,0,data,ok,8,8,3.0,29.8
mpd,0.0,2,ack-4f,w,2,2,0,ctl,ok,0,0,5.0,29.8
mpd,0.0,2,qpsk-r1/3,w,9,1,0,data,ok,8,8,1.2,29.8
mpd,0.0,2,ack-4f,w,2,2,0,ctl,ok,0,0,4.4,29.8
mpd,0.0,2,qpsk-r1/3,w,9,1,0,data,ctl_lost,8,0,0.6,29.8
mpd,0.0,2,ack-4f,w,3,3,0,ctl,ok,0,0,4.5,29.8
mpd,0.0,2,ack-4f,w,3,3,0,ctl,ok,0,0,3.4,29.8
mpd,0.0,2,qpsk-r1/3,w,9,2,1,data,ok,7,7,2.7,29.8
mpd,0.0,2,ack-4f,w,3,3,0,ctl,ok,0,0,4.7,29.8
mpd,0.0,2,qpsk-r1/3,w,9,2,1,data,ok,7,6,1.4,29.8
mpd,0.0,2,ack-4f,w,3,3,0,ctl,ok,0,0,2.2,29.8
mpd,0.0,2,qpsk-r1/3,w,9,2,1,data,ok,6,6,3.2,29.8
mpd,0.0,5,qpsk-r1/5,w,1,1,0,ctl,ok,0,0,2.0,33.1
mpd,0.0,5,qpsk-r1/5,w,1,1,0,ctl,ok,0,0,3.7,33.1
mpd,0.0,5,ack-4f,w,3,3,0,ctl,ok,0,0,0.2,33.1
mpd,0.0,5,ack-1f,w,3,3,0,ctl,ok,0,0,6.2,33.1
mpd,0.0,5,qpsk-r1/5,w,9,2,1,data,ok,7,7,4.2,33.1
mpd,0.0,5,ack-1f,w,2,2,0,ctl,ok,0,0,5.6,33.1
mpd,0.0,5,qpsk-r1/3,w,9,1,0,data,ok,8,8,1.6,33.1
mpd,0.0,5,ack-1f,w,3,3,0,ctl,ok,0,0,3.2,33.1
mpd,0.0,5,qpsk-r1/3,w,9,2,1,data,ok,7,7,1.8,33.1
mpd,0.0,5,ack-1f,w,3,3,0,ctl,ok,0,0,1.8,33.1
mpd,0.0,5,qpsk-r1/3,w,9,2,1,data,ok,7,7,1.8,33.1
mpd,0.0,5,ack-1f,w,3,3,0,ctl,ok,0,0,6.1,33.1
mpd,0.0,5,qpsk-r1/3,w,9,2,1,data,ok,7,7,3.0,33.1
mpd,0.0,5,ack-1f,w,2,2,0,ctl,ok,0,0,5.5,33.1
mpd,0.0,5,qpsk-r1/3,w,9,1,0,data,ok,8,8,2.8,33.1
mpd,0.0,5,ack-1f,w,2,2,0,ctl,ok,0,0,1.9,33.1
mpd,0.0,5,qpsk-r1/3,w,9,1,0,data,ok,8,8,3.4,33.1
mpd,0.0,5,ack-1f,w,2,2,0,ctl,ok,0,0,4.0,33.1
mpd,0.0,5,qpsk-r1/3,w,9,1,0,data,ok,8,8,3.3,33.1
mpd,0.0,5,ack-1f,w,2,2,0,ctl,ok,0,0,-3.6,33.1
mpd,0.0,5,qpsk-r1/3,w,9,1,0,data,ok,8,8,3.7,33.1
mpd,0.0,5,ack-4f,w,2,2,0,ctl,ok,0,0,0.8,33.1
mpd,0.0,5,qpsk-r1/3,w,9,1,,data,missed,0,0,,33.1
mpd,0.0,5,ack-4f,w,3,3,0,ctl,ok,0,0,0.7,33.1
mpd,0.0,5,ack-4f,w,3,3,0,ctl,ok,0,0,5.6,33.1
mpd,0.0,5,qpsk-r1/3,w,9,2,1,data,ok,7,7,2.2,33.1
mpd,0.0,5,ack-1f,w,3,3,0,ctl,ok,0,0,4.3,33.1
mpd,0.0,5,qpsk-r1/3,w,9,2,1,data,ok,7,7,1.8,33.1
mpd,0.0,5,ack-1f,w,2,2,0,ctl,ctl_lost,0,0,-0.1,33.1
mpd,0.0,5,ack-4f,w,3,3,0,ctl,ok,0,0,5.1,33.1
mpd,0.0,5,ack-4f,w,2,2,0,ctl,ok,0,0,1.4,33.1
mpd,0.0,5,qpsk-r1/3,w,9,1,0,data,ok,8,8,3.1,33.1
mpd,0.0,5,ack-4f,w,2,2,0,ctl,ok,0,0,5.6,33.1
mpd,0.0,5,qpsk-r1/3,w,9,1,0,data,ok,8,8,3.9,33.1
mpd,0.0,5,ack-1f,w,2,2,0,ctl,ok,0,0,-0.1,33.1
mpd,0.0,5,qpsk-r1/3,w,9,1,0,data,ok,8,8,1.2,33.1
mpd,0.0,5,ack-4f,w,2,2,0,ctl,ok,0,0,3.4,33.1
mpd,0.0,5,qpsk-r1/3,w,9,1,0,data,ok,8,8,3.3,33.1
mpd,0.0,5,ack-4f,w,2,2,0,ctl,ok,0,0,3.1,33.1
mpd,0.0,5,qpsk-r1/3,w,9,1,0,data,ok,8,8,1.4,33.1
mpd,0.0,5,ack-4f,w,2,2,0,ctl,ok,0,0,3.2,33.1
mpd,0.0,5,qpsk-r1/3,w,9,1,0,data,ok,8,8,2.9,33.1
mpd,0.0,5,ack-4f,w,2,2,0,ctl,ok,0,0,2.1,33.1
mpd,0.0,5,qpsk-r1/3,w,9,1,0,data,ok,8,8,2.6,33.1
mpd,0.0,5,ack-4f,w,2,2,0,ctl,ok,0,0,3.6,33.1
mpd,0.0,5,qpsk-r1/3,w,9,1,0,data,ctl_lost,8,0,0.5,33.1
mpd,0.0,5,ack-4f,w,3,3,0,ctl,ok,0,0,2.4,33.1
mpd,0.0,5,ack-4f,w,3,3,0,ctl,ok,0,0,3.9,33.1
mpd,0.0,5,qpsk-r1/3,w,9,2,1,data,ok,7,7,2.7,33.1
mpd,0.0,5,ack-1f,w,3,3,0,ctl,ok,0,0,4.8,33.1
mpd,0.0,5,qpsk-r1/3,w,9,2,1,data,ok,7,7,3.8,33.1
mpd,0.0,5,ack-1f,w,2,2,0,ctl,ok,0,0,0.6,33.1
mpd,0.0,5,qpsk-r1/3,w,9,1,0,data,ctl_lost,8,0,0.5,33.1
mpd,0.0,5,ack-4f,w,3,3,0,ctl,ok,0,0,3.0,33.1
mpd,0.0,5,ack-4f,w,3,3,0,ctl,ok,0,0,3.6,33.1
mpd,0.0,5,qpsk-r1/3,w,9,2,1,data,ok,7,7,2.1,33.1
mpd,0.0,5,ack-4f,w,3,3,0,ctl,ok,0,0,5.3,33.1
mpd,0.0,5,qpsk-r1/3,w,9,2,1,data,ok,7,7,2.2,33.1
mpd,0.0,5,ack-1f,w,3,3,0,ctl,ok,0,0,4.4,33.1
mpd,0.0,5,qpsk-r1/3,w,9,2,1,data,ok,7,7,0.5,33.1
mpd,0.0,5,ack-1f,w,3,3,0,ctl,ok,0,0,6.4,33.1
mpd,0.0,5,qpsk-r1/3,w,9,2,1,data,ok,7,7,1.3,33.1
mpd,0.0,5,ack-1f,w,3,3,0,ctl,ok,0,0,7.1,33.1
mpd,0.0,5,qpsk-r1/3,w,9,2,1,data,ok,7,7,2.6,33.1
mpd,0.0,5,ack-1f,w,2,2,0,ctl,ok,0,0,2.6,33.1
mpd,0.0,5,qpsk-r1/3,w,9,1,0,data,ok,8,8,1.7,33.1
mpd,0.0,5,ack-1f,w,2,2,0,ctl,ok,0,0,1.3,33.1
mpd,0.0,5,qpsk-r1/3,w,9,1,0,data,ok,8,8,1.7,33.1
mpd,0.0,5,ack-4f,w,3,3,0,ctl,ok,0,0,1.6,33.1
mpd,0.0,5,qpsk-r1/3,w,9,2,1,data,ok,7,7,1.2,33.1
mpd,0.0,5,ack-4f,w,3,3,0,ctl,ok,0,0,2.5,33.1
mpd,0.0,5,qpsk-r1/3,w,9,2,1,data,ok,7,7,1.3,33.1
mpd,0.0,5,ack-4f,w,3,3,0,ctl,ok,0,0,1.7,33.1
mpd,0.0,5,qpsk-r1/3,w,9,2,1,data,ok,7,7,2.4,33.1
mpd,0.0,5,ack-4f,w,2,2,0,ctl,ok,0,0,4.1,33.1
mpd,0.0,5,qpsk-r1/3,w,9,1,0,data,ok,8,8,2.7,33.1
mpd,0.0,5,ack-1f,w,2,2,0,ctl,ok,0,0,6.9,33.1
mpd,0.0,5,qpsk-r1/3,w,9,1,0,data,ok,8,8,3.2,33.1
mpd,0.0,5,ack-1f,w,2,2,0,ctl,ok,0,0,3.1,33.1
mpd,0.0,5,qpsk-r1/3,w,9,1,0,data,ctl_lost,8,0,0.6,33.1
mpd,0.0,5,ack-4f,w,3,3,0,ctl,ok,0,0,-0.1,33.1
mpd,0.0,5,ack-4f,w,3,3,0,ctl,ok,0,0,2.6,33.1
mpd,0.0,5,qpsk-r1/3,w,9,2,1,data,ok,7,7,3.1,33.1
mpd,0.0,5,ack-1f,w,2,2,0,ctl,ok,0,0,-1.5,33.1
mpd,0.0,5,qpsk-r1/3,w,9,1,0,data,ok,8,8,1.0,33.1
mpd,0.0,5,ack-4f,w,2,2,0,ctl,ok,0,0,4.2,33.1
mpd,0.0,5,qpsk-r1/3,w,9,1,0,data,ctl_lost,8,3,0.5,33.1
mpd,0.0,5,ack-4f,w,3,3,0,ctl,ok,0,0,-0.5,33.1
mpd,0.0,5,ack-4f,w,3,3,0,ctl,ok,0,0,3.1,33.1
mpd,0.0,5,qpsk-r1/5,w,9,2,1,data,ok,7,7,0.9,33.1
mpd,0.0,5,ack-1f,w,3,3,0,ctl,ctl_lost,0,0,0.1,33.1
mpd,0.0,5,ack-4f,w,4,4,0,ctl,ok,0,0,2.1,33.1
mpd,0.0,5,ack-4f,w,3,3,0,ctl,ok,0,0,4.3,33.1
mpd,0.0,5,qpsk-r1/3,w,9,2,1,data,ok,7,7,2.1,33.1
mpd,0.0,5,ack-1f,w,3,3,0,ctl,ok,0,0,-0.2,33.1
mpd,0.0,5,qpsk-r1/3,w,9,2,1,data,ok,7,6,0.6,33.1
mpd,0.0,5,ack-4f,w,3,3,0,ctl,ok,0,0,3.8,33.1
mpd,0.0,5,qpsk-r1/3,w,9,2,1,data,ok,6,6,1.7,33.1
mpd,0.0,7,qpsk-r1/5,w,1,1,0,ctl,ok,0,0,5.8,35.7
mpd,0.0,7,qpsk-r1/5,w,1,1,0,ctl,ok,0,0,6.7,35.7
mpd,0.0,7,ack-4f,w,2,2,0,ctl,ok,0,0,0.2,35.7
mpd,0.0,7,ack-1f,w,3,3,0,ctl,ok,0,0,1.5,35.7
mpd,0.0,7,qpsk-r1/3,w,9,2,1,data,ok,7,0,2.0,35.7
mpd,0.0,7,ack-1f,w,3,3,0,ctl,ok,0,0,2.8,35.7
mpd,0.0,7,qpsk-r1/3,w,9,2,1,data,ok,1,0,-0.8,35.7
mpd,0.0,7,ack-1f,w,3,3,0,ctl,ok,0,0,0.8,35.7
mpd,0.0,7,qpsk-r1/5,w,9,2,1,data,ok,7,7,2.0,35.7
mpd,0.0,7,ack-1f,w,2,2,0,ctl,ok,0,0,1.1,35.7
mpd,0.0,7,qpsk-r1/5,w,9,1,0,data,ok,8,8,1.5,35.7
mpd,0.0,7,ack-1f,w,3,3,0,ctl,ok,0,0,3.3,35.7
mpd,0.0,7,qpsk-r1/3,w,9,2,1,data,ok,7,7,3.6,35.7
mpd,0.0,7,ack-1f,w,2,2,0,ctl,ok,0,0,2.9,35.7
mpd,0.0,7,qpsk-r1/3,w,9,1,0,data,ok,8,8,1.2,35.7
mpd,0.0,7,ack-1f,w,3,3,0,ctl,ok,0,0,6.8,35.7
mpd,0.0,7,qpsk-r1/3,w,9,2,1,data,ok,7,7,2.0,35.7
mpd,0.0,7,ack-1f,w,3,3,0,ctl,ok,0,0,1.4,35.7
mpd,0.0,7,qpsk-r1/3,w,9,2,1,data,ok,7,7,1.2,35.7
mpd,0.0,7,ack-1f,w,3,3,0,ctl,ok,0,0,6.3,35.7
mpd,0.0,7,qpsk-r1/3,w,9,2,1,data,ok,7,7,0.7,35.7
mpd,0.0,7,ack-1f,w,3,3,0,ctl,ok,0,0,3.5,35.7
mpd,0.0,7,qpsk-r1/3,w,9,2,1,data,ok,7,7,1.4,35.7
mpd,0.0,7,ack-1f,w,3,3,0,ctl,ok,0,0,3.0,35.7
mpd,0.0,7,qpsk-r1/3,w,9,2,1,data,ok,7,7,3.0,35.7
mpd,0.0,7,ack-1f,w,2,2,0,ctl,ctl_lost,0,0,0.5,35.7
mpd,0.0,7,ack-4f,w,3,3,0,ctl,ok,0,0,3.9,35.7
mpd,0.0,7,ack-4f,w,2,2,0,ctl,ok,0,0,1.5,35.7
mpd,0.0,7,qpsk-r1/3,w,9,1,0,data,ok,8,8,1.4,35.7
mpd,0.0,7,ack-4f,w,2,2,0,ctl,ok,0,0,2.1,35.7
mpd,0.0,7,qpsk-r1/3,w,9,1,0,data,ok,8,8,2.1,35.7
mpd,0.0,7,ack-4f,w,2,2,0,ctl,ok,0,0,2.4,35.7
mpd,0.0,7,qpsk-r1/3,w,9,1,0,data,ok,8,8,2.9,35.7
mpd,0.0,7,ack-4f,w,2,2,0,ctl,ok,0,0,2.5,35.7
mpd,0.0,7,qpsk-r1/3,w,9,1,0,data,ok,8,8,1.6,35.7
mpd,0.0,7,ack-4f,w,2,2,0,ctl,ok,0,0,3.5,35.7
mpd,0.0,7,qpsk-r1/3,w,9,1,0,data,ok,8,8,2.5,35.7
mpd,0.0,7,ack-4f,w,2,2,0,ctl,ok,0,0,0.1,35.7
mpd,0.0,7,qpsk-r1/3,w,9,1,0,data,ok,8,8,4.1,35.7
mpd,0.0,7,ack-4f,w,2,2,0,ctl,ok,0,0,3.2,35.7
mpd,0.0,7,qpsk-r1/3,w,9,1,0,data,ok,8,8,3.0,35.7
mpd,0.0,7,ack-4f,w,2,2,0,ctl,ok,0,0,0.4,35.7
mpd,0.0,7,qpsk-r1/3,w,9,1,0,data,ok,8,8,3.7,35.7
mpd,0.0,7,ack-4f,w,2,2,0,ctl,ok,0,0,4.3,35.7
mpd,0.0,7,qpsk-r1/3,w,9,1,0,data,ok,8,8,3.3,35.7
mpd,0.0,7,ack-4f,w,2,2,0,ctl,ok,0,0,2.4,35.7
mpd,0.0,7,qpsk-r1/3,w,9,1,0,data,ok,8,8,3.5,35.7
mpd,0.0,7,ack-4f,w,2,2,0,ctl,ok,0,0,4.2,35.7
mpd,0.0,7,qpsk-r1/3,w,9,1,0,data,ok,8,8,1.2,35.7
mpd,0.0,7,ack-4f,w,2,2,0,ctl,ok,0,0,1.1,35.7
mpd,0.0,7,qpsk-r1/3,w,9,1,0,data,ok,8,8,3.2,35.7
mpd,0.0,7,ack-4f,w,2,2,0,ctl,ok,0,0,0.9,35.7
mpd,0.0,7,qpsk-r1/3,w,9,1,0,data,ok,8,8,4.3,35.7
mpd,0.0,7,ack-4f,w,2,2,0,ctl,ok,0,0,4.9,35.7
mpd,0.0,7,qpsk-r1/3,w,9,1,0,data,ctl_lost,8,0,0.8,35.7
mpd,0.0,7,ack-4f,w,3,3,0,ctl,ok,0,0,3.1,35.7
mpd,0.0,7,ack-4f,w,3,3,0,ctl,ok,0,0,4.7,35.7
mpd,0.0,7,qpsk-r1/3,w,9,2,1,data,ok,7,7,3.5,35.7
mpd,0.0,7,ack-1f,w,2,2,0,ctl,ok,0,0,5.0,35.7
mpd,0.0,7,qpsk-r1/3,w,9,1,0,data,ctl_lost,8,8,1.9,35.7
mpd,0.0,7,ack-4f,w,3,3,0,ctl,ok,0,0,-0.6,35.7
mpd,0.0,7,ack-4f,w,3,3,0,ctl,ok,0,0,2.8,35.7
mpd,0.0,7,qpsk-r1/3,w,9,2,1,data,ok,7,7,3.3,35.7
mpd,0.0,7,ack-1f,w,3,3,0,ctl,ok,0,0,1.9,35.7
mpd,0.0,7,qpsk-r1/3,w,9,2,1,data,ok,7,7,0.7,35.7
mpd,0.0,7,ack-4f,w,3,3,0,ctl,ok,0,0,3.4,35.7
mpd,0.0,7,qpsk-r1/3,w,9,2,1,data,ok,7,7,1.3,35.7
mpd,0.0,7,ack-4f,w,3,3,0,ctl,ok,0,0,4.8,35.7
mpd,0.0,7,qpsk-r1/3,w,9,2,1,data,ok,7,7,3.0,35.7
mpd,0.0,7,ack-1f,w,2,2,0,ctl,ok,0,0,4.3,35.7
mpd,0.0,7,qpsk-r1/3,w,9,1,0,data,ok,8,8,4.0,35.7
mpd,0.0,7,ack-1f,w,2,2,0,ctl,ok,0,0,-0.2,35.7
mpd,0.0,7,qpsk-r1/3,w,9,1,0,data,ok,8,8,2.6,35.7
mpd,0.0,7,ack-4f,w,2,2,0,ctl,ok,0,0,5.0,35.7
mpd,0.0,7,qpsk-r1/3,w,9,1,0,data,ok,8,8,4.1,35.7
mpd,0.0,7,ack-1f,w,2,2,0,ctl,ok,0,0,3.5,35.7
mpd,0.0,7,qpsk-r1/3,w,9,1,0,data,ok,8,8,3.9,35.7
mpd,0.0,7,ack-1f,w,3,3,0,ctl,ok,0,0,2.0,35.7
mpd,0.0,7,qpsk-r1/2,w,9,2,1,data,ok,7,0,1.6,35.7
mpd,0.0,7,ack-1f,w,2,2,0,ctl,ok,0,0,1.9,35.7
mpd,0.0,7,qpsk-r1/3,w,9,1,0,data,ok,8,8,3.1,35.7
mpd,0.0,7,ack-4f,w,2,2,0,ctl,ok,0,0,3.2,35.7
mpd,0.0,7,qpsk-r1/3,w,9,1,0,data,ok,8,8,1.9,35.7
mpd,0.0,7,ack-1f,w,2,2,0,ctl,ok,0,0,-2.6,35.7
mpd,0.0,7,qpsk-r1/3,w,9,1,0,data,ok,8,8,2.7,35.7
mpd,0.0,7,ack-4f,w,2,2,0,ctl,ok,0,0,0.7,35.7
mpd,0.0,7,qpsk-r1/3,w,9,1,0,data,ok,8,8,1.3,35.7
mpd,0.0,7,ack-4f,w,2,2,0,ctl,ok,0,0,0.7,35.7
mpd,0.0,7,qpsk-r1/3,w,9,1,0,data,ok,8,8,2.4,35.7
mpd,0.0,7,ack-4f,w,2,2,0,ctl,ok,0,0,5.0,35.7
mpd,0.0,7,qpsk-r1/3,w,9,1,0,data,ctl_lost,8,0,-0.4,35.7
mpd,0.0,7,ack-4f,w,3,3,0,ctl,ok,0,0,2.0,35.7
mpd,0.0,7,ack-4f,w,3,3,0,ctl,ok,0,0,3.9,35.7
mpd,0.0,7,qpsk-r1/3,w,9,2,1,data,ok,7,7,1.9,35.7
mpd,0.0,7,ack-1f,w,3,3,0,ctl,ok,0,0,3.7,35.7
mpd,0.0,7,qpsk-r1/3,w,9,2,1,data,ok,7,7,2.7,35.7
mpd,0.0,10,qpsk-r1/5,w,1,1,0,ctl,ok,0,0,5.8,34.9
mpd,0.0,10,qpsk-r1/5,w,1,1,0,ctl,ok,0,0,3.5,34.9
mpd,0.0,10,ack-4f,w,3,3,0,ctl,ok,0,0,2.5,34.9
mpd,0.0,10,ack-1f,w,3,3,0,ctl,ok,0,0,3.7,34.9
mpd,0.0,10,qpsk-r1/3,w,9,2,1,data,ok,7,7,3.4,34.9
mpd,0.0,10,ack-1f,w,3,3,0,ctl,ok,0,0,3.1,34.9
mpd,0.0,10,qpsk-r1/3,w,9,2,1,data,ok,7,7,3.6,34.9
mpd,0.0,10,ack-1f,w,2,2,0,ctl,ok,0,0,4.4,34.9
mpd,0.0,10,qpsk-r1/3,w,9,1,0,data,ok,8,8,3.1,34.9
mpd,0.0,10,ack-1f,w,2,2,0,ctl,ok,0,0,1.8,34.9
mpd,0.0,10,qpsk-r1/3,w,9,1,0,data,ok,8,8,1.3,34.9
mpd,0.0,10,ack-1f,w,3,3,0,ctl,ok,0,0,5.3,34.9
mpd,0.0,10,qpsk-r1/3,w,9,2,1,data,ok,7,0,0.2,34.9
mpd,0.0,10,ack-1f,w,3,3,0,ctl,ok,0,0,0.1,34.9
mpd,0.0,10,qpsk-r1/3,w,9,2,1,data,ok,0,0,3.4,34.9
mpd,0.0,10,ack-1f,w,3,3,0,ctl,ctl_lost,0,0,-2.7,34.9
mpd,0.0,10,ack-4f,w,3,3,0,ctl,ok,0,0,3.8,34.9
mpd,0.0,10,ack-4f,w,2,2,0,ctl,ok,0,0,0.0,34.9
mpd,0.0,10,qpsk-r1/3,w,9,1,0,data,ok,8,8,1.8,34.9
mpd,0.0,10,ack-4f,w,3,3,0,ctl,ok,0,0,2.7,34.9
mpd,0.0,10,qpsk-r1/3,w,9,2,1,data,ok,7,7,3.3,34.9
mpd,0.0,10,ack-4f,w,2,2,0,ctl,ok,0,0,2.5,34.9
mpd,0.0,10,qpsk-r1/3,w,9,1,0,data,ok,8,8,3.6,34.9
mpd,0.0,10,ack-4f,w,2,2,0,ctl,ok,0,0,3.6,34.9
mpd,0.0,10,qpsk-r1/3,w,9,1,0,data,ok,8,8,0.8,34.9
mpd,0.0,10,ack-4f,w,2,2,0,ctl,ok,0,0,1.0,34.9
mpd,0.0,10,qpsk-r1/3,w,9,1,0,data,ok,8,8,3.2,34.9
mpd,0.0,10,ack-4f,w,2,2,0,ctl,ok,0,0,4.7,34.9
mpd,0.0,10,qpsk-r1/3,w,9,1,0,data,ok,8,8,1.7,34.9
mpd,0.0,10,ack-4f,w,2,2,0,ctl,ok,0,0,1.1,34.9
mpd,0.0,10,qpsk-r1/3,w,9,1,0,data,ok,8,8,2.9,34.9
mpd,0.0,10,ack-4f,w,2,2,0,ctl,ok,0,0,0.7,34.9
mpd,0.0,10,qpsk-r1/3,w,9,1,0,data,ok,8,8,2.0,34.9
mpd,0.0,10,ack-4f,w,2,2,0,ctl,ok,0,0,-1.6,34.9
mpd,0.0,10,qpsk-r1/3,w,9,1,0,data,ok,8,8,1.6,34.9
mpd,0.0,10,ack-4f,w,2,2,0,ctl,ok,0,0,0.5,34.9
mpd,0.0,10,qpsk-r1/3,w,9,1,0,data,ctl_lost,8,7,1.4,34.9
mpd,0.0,10,ack-4f,w,3,3,0,ctl,ok,0,0,4.3,34.9
mpd,0.0,10,ack-4f,w,3,3,0,ctl,ok,0,0,2.9,34.9
mpd,0.0,10,qpsk-r1/3,w,9,2,1,data,ok,7,7,1.6,34.9
mpd,0.0,10,ack-4f,w,3,3,0,ctl,ok,0,0,4.9,34.9
mpd,0.0,10,qpsk-r1/3,w,9,2,1,data,ok,7,7,2.9,34.9
mpd,0.0,10,ack-1f,w,2,2,0,ctl,ok,0,0,0.8,34.9
mpd,0.0,10,qpsk-r1/3,w,9,1,0,data,ok,8,8,3.4,34.9
mpd,0.0,10,ack-4f,w,2,2,0,ctl,ok,0,0,3.5,34.9
mpd,0.0,10,qpsk-r1/3,w,9,1,0,data,ok,8,8,1.7,34.9
mpd,0.0,10,ack-4f,w,2,2,0,ctl,ok,0,0,5.7,34.9
mpd,0.0,10,qpsk-r1/3,w,9,1,0,data,ok,8,8,1.6,34.9
mpd,0.0,10,ack-1f,w,3,3,0,ctl,ok,0,0,0.7,34.9
mpd,0.0,10,qpsk-r1/3,w,9,2,1,data,ok,7,0,0.2,34.9
mpd,0.0,10,ack-4f,w,3,3,0,ctl,ok,0,0,3.3,34.9
mpd,0.0,10,qpsk-r1/3,w,9,2,1,data,ok,0,0,3.3,34.9
mpd,0.0,10,ack-4f,w,2,2,0,ctl,ok,0,0,3.1,34.9
mpd,0.0,10,qpsk-r1/3,w,9,1,0,data,ok,8,8,2.5,34.9
mpd,0.0,10,ack-4f,w,2,2,0,ctl,ok,0,0,0.5,34.9
mpd,0.0,10,qpsk-r1/3,w,9,1,0,data,ok,8,8,1.9,34.9
mpd,0.0,10,ack-4f,w,2,2,0,ctl,ok,0,0,4.7,34.9
mpd,0.0,10,qpsk-r1/3,w,9,1,0,data,ok,8,8,1.8,34.9
mpd,0.0,10,ack-4f,w,2,2,0,ctl,ok,0,0,1.6,34.9
mpd,0.0,10,qpsk-r1/3,w,9,1,0,data,ctl_lost,8,0,0.0,34.9
mpd,0.0,10,ack-4f,w,3,3,0,ctl,ok,0,0,4.3,34.9
mpd,0.0,10,ack-4f,w,3,3,0,ctl,ok,0,0,3.9,34.9
mpd,0.0,10,qpsk-r1/3,w,9,2,1,data,ok,7,1,-0.0,34.9
mpd,0.0,10,ack-4f,w,3,3,0,ctl,ok,0,0,4.5,34.9
mpd,0.0,10,qpsk-r1/3,w,9,2,1,data,ok,2,2,2.9,34.9
mpd,0.0,10,ack-1f,w,2,2,0,ctl,ok,0,0,4.2,34.9
mpd,0.0,10,qpsk-r1/3,w,9,1,0,data,ok,8,8,1.7,34.9
mpd,0.0,10,ack-1f,w,2,2,0,ctl,ctl_lost,0,0,-0.7,34.9
mpd,0.0,10,ack-4f,w,3,3,0,ctl,ok,0,0,2.4,34.9
mpd,0.0,10,ack-4f,w,3,3,0,ctl,ok,0,0,1.1,34.9
mpd,0.0,10,qpsk-r1/3,w,9,2,1,data,ok,7,7,2.0,34.9
mpd,0.0,10,ack-4f,w,3,3,0,ctl,ok,0,0,0.1,34.9
mpd,0.0,10,qpsk-r1/3,w,9,2,1,data,ok,7,7,0.9,34.9
mpd,0.0,10,ack-4f,w,3,3,0,ctl,ok,0,0,2.8,34.9
mpd,0.0,10,qpsk-r1/3,w,9,2,1,data,ok,7,7,2.3,34.9
mpd,0.0,10,ack-4f,w,2,2,0,ctl,ok,0,0,1.6,34.9
mpd,0.0,10,qpsk-r1/3,w,9,1,0,data,ok,8,8,2.2,34.9
mpd,0.0,10,ack-4f,w,2,2,0,ctl,ok,0,0,3.9,34.9
mpd,0.0,10,qpsk-r1/3,w,9,1,0,data,ok,8,8,3.2,34.9
mpd,0.0,10,ack-4f,w,2,2,0,ctl,ok,0,0,-2.8,34.9
mpd,0.0,10,qpsk-r1/3,w,9,1,0,data,ok,8,8,4.1,34.9
mpd,0.0,10,ack-4f,w,2,2,0,ctl,ok,0,0,-0.7,34.9
mpd,0.0,10,qpsk-r1/3,w,9,1,0,data,ok,8,8,2.3,34.9
mpd,0.0,10,ack-4f,w,2,2,0,ctl,ok,0,0,5.0,34.9
mpd,0.0,10,qpsk-r1/3,w,9,1,0,data,ok,8,8,3.1,34.9
mpd,0.0,10,ack-4f,w,2,2,0,ctl,ok,0,0,4.4,34.9
mpd,0.0,10,qpsk-r1/3,w,9,1,0,data,ok,8,8,3.0,34.9
mpd,0.0,10,ack-4f,w,2,2,0,ctl,ok,0,0,2.5,34.9
mpd,0.0,10,qpsk-r1/3,w,9,1,0,data,ctl_lost,8,7,0.4,34.9
mpd,0.0,10,ack-4f,w,3,3,0,ctl,ok,0,0,3.0,34.9
mpd,0.0,10,ack-4f,w,3,3,0,ctl,ok,0,0,0.3,34.9
mpd,0.0,10,qpsk-r1/3,w,9,2,1,data,ok,7,7,1.3,34.9
mpd,0.0,10,ack-4f,w,3,3,0,ctl,ok,0,0,4.2,34.9
mpd,0.0,10,qpsk-r1/3,w,9,2,1,data,ok,7,7,1.3,34.9
mpd,0.0,10,ack-4f,w,3,3,0,ctl,ok,0,0,2.9,34.9
mpd,0.0,4,qpsk-r1/5,w,1,1,0,ctl,ok,0,0,2.1,27.6
mpd,0.0,4,qpsk-r1/5,w,1,1,0,ctl,ok,0,0,5.9,27.6
mpd,0.0,4,ack-4f,w,3,3,0,ctl,ok,0,0,0.6,27.6
mpd,0.0,4,ack-1f,w,3,3,0,ctl,ok,0,0,2.0,27.6
mpd,0.0,4,qpsk-r1/5,w,9,2,1,data,ok,7,7,1.6,27.6
mpd,0.0,4,ack-1f,w,2,2,0,ctl,ok,0,0,0.2,27.6
mpd,0.0,4,qpsk-r1/5,w,9,1,0,data,ok,8,8,1.5,27.6
mpd,0.0,4,ack-4f,w,3,3,0,ctl,ok,0,0,2.4,27.6
mpd,0.0,4,qpsk-r1/3,w,9,2,1,data,ok,7,7,3.8,27.6
mpd,0.0,4,ack-4f,w,2,2,0,ctl,ok,0,0,1.9,27.6
mpd,0.0,4,qpsk-r1/3,w,9,1,0,data,ok,8,8,2.8,27.6
mpd,0.0,4,ack-4f,w,2,2,0,ctl,ok,0,0,2.1,27.6
mpd,0.0,4,qpsk-r1/3,w,9,1,0,data,ok,8,8,3.2,27.6
mpd,0.0,4,ack-4f,w,2,2,0,ctl,ok,0,0,5.2,27.6
mpd,0.0,4,qpsk-r1/3,w,9,1,0,data,ctl_lost,8,5,1.3,27.6
mpd,0.0,4,ack-4f,w,3,3,0,ctl,ok,0,0,2.3,27.6
mpd,0.0,4,ack-4f,w,2,2,0,ctl,ok,0,0,1.3,27.6
mpd,0.0,4,qpsk-r1/5,w,9,1,0,data,ok,8,8,3.6,27.6
mpd,0.0,4,ack-1f,w,3,3,0,ctl,ok,0,0,4.7,27.6
mpd,0.0,4,qpsk-r1/3,w,9,2,1,data,ok,7,7,3.3,27.6
mpd,0.0,4,ack-1f,w,3,3,0,ctl,ok,0,0,4.8,27.6
mpd,0.0,4,qpsk-r1/3,w,9,2,1,data,ok,7,7,3.9,27.6
mpd,0.0,4,ack-1f,w,3,3,0,ctl,ok,0,0,1.9,27.6
mpd,0.0,4,qpsk-r1/2,w,9,2,1,data,ok,7,0,1.4,27.6
mpd,0.0,4,ack-1f,w,3,3,0,ctl,ctl_lost,0,0,-3.3,27.6
mpd,0.0,4,ack-4f,w,3,3,0,ctl,ok,0,0,2.6,27.6
mpd,0.0,4,ack-4f,w,3,3,0,ctl,ok,0,0,3.5,27.6
mpd,0.0,4,qpsk-r1/3,w,9,2,1,data,ok,7,7,3.5,27.6
mpd,0.0,4,ack-4f,w,3,3,0,ctl,ok,0,0,0.7,27.6
mpd,0.0,4,qpsk-r1/3,w,9,2,1,data,ok,7,7,3.0,27.6
mpd,0.0,4,ack-4f,w,2,2,0,ctl,ok,0,0,0.8,27.6
mpd,0.0,4,qpsk-r1/3,w,9,1,0,data,ctl_lost,8,2,0.9,27.6
mpd,0.0,4,ack-4f,w,3,3,0,ctl,ok,0,0,4.7,27.6
mpd,0.0,4,ack-4f,w,3,3,0,ctl,ok,0,0,-0.3,27.6
mpd,0.0,4,qpsk-r1/3,w,9,2,1,data,ok,7,0,0.3,27.6
mpd,0.0,4,ack-4f,w,2,2,0,ctl,ok,0,0,4.2,27.6
mpd,0.0,4,qpsk-r1/5,w,9,1,0,data,ok,8,8,0.6,27.6
mpd,0.0,4,ack-4f,w,2,2,0,ctl,ok,0,0,3.6,27.6
mpd,0.0,4,qpsk-r1/5,w,9,1,0,data,ok,8,8,3.4,27.6
mpd,0.0,4,ack-4f,w,3,3,0,ctl,ok,0,0,2.4,27.6
mpd,0.0,4,qpsk-r1/3,w,9,2,1,data,ok,7,7,4.2,27.6
mpd,0.0,4,ack-4f,w,3,3,0,ctl,ok,0,0,4.6,27.6
mpd,0.0,4,qpsk-r1/2,w,9,2,1,data,ok,7,3,3.3,27.6
mpd,0.0,4,ack-4f,w,3,3,0,ctl,ok,0,0,2.1,27.6
mpd,0.0,4,qpsk-r1/2,w,9,2,1,data,ok,3,3,3.8,27.6
mpd,0.0,4,ack-4f,w,3,3,0,ctl,ok,0,0,2.0,27.6
mpd,0.0,4,qpsk-r1/2,w,9,2,1,data,ok,7,6,2.9,27.6
mpd,0.0,4,ack-4f,w,3,3,0,ctl,ok,0,0,5.1,27.6
mpd,0.0,4,qpsk-r1/2,w,9,2,1,data,ok,6,0,1.7,27.6
mpd,0.0,4,ack-4f,w,3,3,0,ctl,ok,0,0,-0.3,27.6
mpd,0.0,4,qpsk-r1/3,w,9,2,1,data,ok,7,0,0.2,27.6
mpd,0.0,4,ack-4f,w,2,2,0,ctl,ok,0,0,6.8,27.6
mpd,0.0,4,qpsk-r1/5,w,9,1,0,data,ok,8,8,2.8,27.6
mpd,0.0,4,ack-4f,w,3,3,0,ctl,ok,0,0,2.9,27.6
mpd,0.0,4,qpsk-r1/3,w,9,2,1,data,ok,7,7,4.1,27.6
mpd,0.0,4,ack-1f,w,3,3,0,ctl,ok,0,0,0.2,27.6
mpd,0.0,4,qpsk-r1/2,w,9,2,1,data,ok,7,7,3.2,27.6
mpd,0.0,4,ack-4f,w,3,3,0,ctl,ok,0,0,-0.4,27.6
mpd,0.0,4,qpsk-r1/2,w,9,2,1,data,ok,7,0,1.2,27.6
mpd,0.0,4,ack-4f,w,3,3,0,ctl,ok,0,0,1.5,27.6
mpd,0.0,4,qpsk-r1/3,w,9,2,1,data,ok,7,7,2.4,27.6
mpd,0.0,4,ack-4f,w,3,3,0,ctl,ok,0,0,1.1,27.6
mpd,0.0,4,qpsk-r1/3,w,9,2,1,data,ok,7,7,3.5,27.6
mpd,0.0,4,ack-4f,w,2,2,0,ctl,ok,0,0,2.1,27.6
mpd,0.0,4,qpsk-r1/3,w,9,1,0,data,ok,8,8,0.4,27.6
mpd,0.0,4,ack-4f,w,3,3,0,ctl,ok,0,0,-0.9,27.6
mpd,0.0,4,qpsk-r1/3,w,9,2,1,data,ok,7,0,-0.4,27.6
mpd,0.0,4,ack-4f,w,3,3,0,ctl,ok,0,0,2.8,27.6
mpd,0.0,4,qpsk-r1/5,w,9,2,1,data,ok,7,7,4.4,27.6
mpd,0.0,4,ack-4f,w,2,2,0,ctl,ok,0,0,1.1,27.6
mpd,0.0,4,qpsk-r1/3,w,9,1,0,data,ok,8,8,3.6,27.6
mpd,0.0,4,ack-4f,w,2,2,0,ctl,ok,0,0,4.8,27.6
mpd,0.0,4,qpsk-r1/2,w,9,1,0,data,ctl_lost,8,0,1.9,27.6
mpd,0.0,4,ack-4f,w,3,3,0,ctl,ok,0,0,3.9,27.6
mpd,0.0,4,ack-4f,w,2,2,0,ctl,ok,0,0,2.6,27.6
mpd,0.0,4,qpsk-r1/3,w,9,1,0,data,ok,8,8,2.9,27.6
mpd,0.0,4,ack-4f,w,2,2,0,ctl,ok,0,0,0.4,27.6
mpd,0.0,4,qpsk-r1/3,w,9,1,0,data,ok,8,8,1.4,27.6
mpd,0.0,4,ack-4f,w,3,3,0,ctl,ok,0,0,4.1,27.6
mpd,0.0,4,qpsk-r1/3,w,9,2,1,data,ok,7,7,3.0,27.6
mpd,0.0,4,ack-4f,w,2,2,0,ctl,ok,0,0,3.5,27.6
mpd,0.0,4,qpsk-r1/3,w,9,1,0,data,ok,8,8,2.6,27.6
mpd,0.0,4,ack-4f,w,2,2,0,ctl,ok,0,0,3.7,27.6
mpd,0.0,4,qpsk-r1/3,w,9,1,0,data,ok,8,8,3.1,27.6
mpd,0.0,4,ack-4f,w,2,2,0,ctl,ok,0,0,0.8,27.6
mpd,0.0,4,qpsk-r1/3,w,9,1,0,data,ok,8,8,3.5,27.6
mpd,0.0,4,ack-4f,w,2,2,0,ctl,ok,0,0,-1.1,27.6
mpd,0.0,4,qpsk-r1/3,w,9,1,0,data,ok,8,8,2.9,27.6
mpd,0.0,4,ack-4f,w,2,2,0,ctl,ok,0,0,4.5,27.6
mpd,0.0,4,qpsk-r1/3,w,9,1,0,data,ctl_lost,8,0,1.8,27.6
mpd,0.0,4,ack-4f,w,3,3,0,ctl,ok,0,0,-0.2,27.6
mpd,0.0,4,ack-4f,w,3,3,0,ctl,ok,0,0,3.3,27.6
mpd,0.0,4,qpsk-r1/3,w,9,2,1,data,ok,7,7,3.6,27.6
mpd,0.0,9,qpsk-r1/5,w,1,1,0,ctl,ok,0,0,-0.0,30.2
mpd,0.0,9,qpsk-r1/5,w,1,1,0,ctl,ok,0,0,3.7,30.2
mpd,0.0,9,ack-4f,w,3,3,0,ctl,ok,0,0,3.4,30.2
mpd,0.0,9,ack-1f,w,3,3,0,ctl,ok,0,0,-0.1,30.2
mpd,0.0,9,qpsk-r1/3,w,9,2,1,data,ok,7,7,2.9,30.2
mpd,0.0,9,ack-4f,w,3,3,0,ctl,ok,0,0,5.4,30.2
mpd,0.0,9,qpsk-r1/3,w,9,2,1,data,ok,7,7,4.1,30.2
mpd,0.0,9,ack-1f,w,3,3,0,ctl,ok,0,0,3.7,30.2
mpd,0.0,9,qpsk-r1/2,w,9,2,1,data,ok,7,0,1.3,30.2
mpd,0.0,9,ack-1f,w,3,3,0,ctl,ok,0,0,3.4,30.2
mpd,0.0,9,qpsk-r1/3,w,9,2,1,data,ok,7,7,3.9,30.2
mpd,0.0,9,ack-1f,w,2,2,0,ctl,ok,0,0,5.0,30.2
mpd,0.0,9,qpsk-r1/3,w,9,1,0,data,ok,8,8,1.8,30.2
mpd,0.0,9,ack-1f,w,3,3,0,ctl,ok,0,0,4.3,30.2
mpd,0.0,9,qpsk-r1/3,w,9,2,1,data,ok,7,7,1.6,30.2
mpd,0.0,9,ack-1f,w,3,3,0,ctl,ok,0,0,5.1,30.2
mpd,0.0,9,qpsk-r1/3,w,9,2,1,data,ok,7,7,0.4,30.2
mpd,0.0,9,ack-1f,w,3,3,0,ctl,ctl_lost,0,0,-5.0,30.2
mpd,0.0,9,ack-4f,w,3,3,0,ctl,ok,0,0,2.7,30.2
mpd,0.0,9,ack-4f,w,3,3,0,ctl,ok,0,0,3.7,30.2
mpd,0.0,9,qpsk-r1/3,w,9,2,1,data,ok,7,7,2.5,30.2
mpd,0.0,9,ack-1f,w,2,2,0,ctl,ok,0,0,-2.8,30.2
mpd,0.0,9,qpsk-r1/3,w,9,1,0,data,ctl_lost,8,3,1.2,30.2
mpd,0.0,9,ack-4f,w,3,3,0,ctl,ok,0,0,3.8,30.2
mpd,0.0,9,ack-4f,w,3,3,0,ctl,ok,0,0,4.8,30.2
mpd,0.0,9,qpsk-r1/3,w,9,2,1,data,ok,7,7,3.0,30.2
mpd,0.0,9,ack-1f,w,3,3,0,ctl,ok,0,0,4.4,30.2
mpd,0.0,9,qpsk-r1/3,w,9,2,1,data,ok,7,7,1.8,30.2
mpd,0.0,9,ack-1f,w,3,3,0,ctl,ok,0,0,4.7,30.2
mpd,0.0,9,qpsk-r1/3,w,9,2,1,data,ok,7,7,3.4,30.2
mpd,0.0,9,ack-1f,w,2,2,0,ctl,ok,0,0,0.8,30.2
mpd,0.0,9,qpsk-r1/3,w,9,1,0,data,ok,8,8,2.8,30.2
mpd,0.0,9,ack-1f,w,2,2,0,ctl,ok,0,0,4.8,30.2
mpd,0.0,9,qpsk-r1/3,w,9,1,0,data,ctl_lost,8,0,3.4,30.2
mpd,0.0,9,ack-4f,w,3,3,0,ctl,ok,0,0,-0.8,30.2
mpd,0.0,9,ack-4f,w,3,3,0,ctl,ok,0,0,-0.0,30.2
mpd,0.0,9,qpsk-r1/3,w,9,2,1,data,ok,7,7,1.8,30.2
mpd,0.0,9,ack-1f,w,3,3,0,ctl,ok,0,0,3.4,30.2
mpd,0.0,9,qpsk-r1/3,w,9,2,1,data,ok,7,7,2.2,30.2
mpd,0.0,9,ack-1f,w,3,3,0,ctl,ok,0,0,2.8,30.2
mpd,0.0,9,qpsk-r1/3,w,9,2,1,data,ok,7,7,2.1,30.2
mpd,0.0,9,ack-1f,w,3,3,0,ctl,ok,0,0,-2.4,30.2
mpd,0.0,9,qpsk-r1/3,w,9,2,1,data,ok,7,0,1.4,30.2
mpd,0.0,9,ack-1f,w,3,3,0,ctl,ok,0,0,0.2,30.2
mpd,0.0,9,qpsk-r1/3,w,9,2,1,data,ok,2,2,3.3,30.2
mpd,0.0,9,ack-4f,w,2,2,0,ctl,ok,0,0,2.0,30.2
mpd,0.0,9,qpsk-r1/3,w,9,1,0,data,ok,8,8,2.2,30.2
mpd,0.0,9,ack-1f,w,2,2,0,ctl,ok,0,0,4.0,30.2
mpd,0.0,9,qpsk-r1/3,w,9,1,0,data,ok,8,8,4.1,30.2
mpd,0.0,9,ack-1f,w,2,2,0,ctl,ok,0,0,1.9,30.2
mpd,0.0,9,qpsk-r1/3,w,9,1,0,data,ctl_lost,8,0,0.4,30.2
mpd,0.0,9,ack-4f,w,3,3,0,ctl,ok,0,0,-0.6,30.2
mpd,0.0,9,ack-4f,w,3,3,0,ctl,ok,0,0,3.2,30.2
mpd,0.0,9,qpsk-r1/3,w,9,2,1,data,ok,7,7,4.1,30.2
mpd,0.0,9,ack-1f,w,2,2,0,ctl,ok,0,0,3.9,30.2
mpd,0.0,9,qpsk-r1/3,w,9,1,0,data,ok,8,8,2.9,30.2
mpd,0.0,9,ack-1f,w,2,2,0,ctl,ok,0,0,1.0,30.2
mpd,0.0,9,qpsk-r1/3,w,9,1,0,data,ctl_lost,8,0,1.9,30.2
mpd,0.0,9,ack-4f,w,3,3,0,ctl,ok,0,0,1.0,30.2
mpd,0.0,9,ack-4f,w,3,3,0,ctl,ok,0,0,4.9,30.2
mpd,0.0,9,qpsk-r1/5,w,9,2,1,data,ok,7,7,3.2,30.2
mpd,0.0,9,ack-1f,w,3,3,0,ctl,ok,0,0,5.9,30.2
mpd,0.0,9,qpsk-r1/3,w,9,2,1,data,ok,7,7,3.6,30.2
mpd,0.0,9,ack-1f,w,3,3,0,ctl,ok,0,0,1.4,30.2
mpd,0.0,9,qpsk-r1/3,w,9,2,1,data,ok,7,7,4.1,30.2
mpd,0.0,9,ack-1f,w,3,3,0,ctl,ok,0,0,3.2,30.2
mpd,0.0,9,qpsk-r1/2,w,9,2,1,data,ok,7,0,1.5,30.2
mpd,0.0,9,ack-1f,w,3,3,0,ctl,ok,0,0,5.4,30.2
mpd,0.0,9,qpsk-r1/3,w,9,2,1,data,ok,7,7,3.9,30.2
mpd,0.0,9,ack-1f,w,3,3,0,ctl,ok,0,0,3.8,30.2
mpd,0.0,9,qpsk-r1/3,w,9,2,1,data,ok,7,7,3.6,30.2
mpd,0.0,9,ack-1f,w,2,2,0,ctl,ok,0,0,2.3,30.2
mpd,0.0,9,qpsk-r1/3,w,9,1,0,data,ok,8,8,1.7,30.2
mpd,0.0,9,ack-1f,w,3,3,0,ctl,ok,0,0,1.3,30.2
mpd,0.0,9,qpsk-r1/3,w,9,2,1,data,ok,7,7,4.2,30.2
mpd,0.0,9,ack-1f,w,2,2,0,ctl,ok,0,0,4.8,30.2
mpd,0.0,9,qpsk-r1/3,w,9,1,0,data,ok,8,8,4.5,30.2
mpd,0.0,9,ack-1f,w,3,3,0,ctl,ok,0,0,3.6,30.2
mpd,0.0,9,qpsk-r1/2,w,9,2,1,data,ok,7,0,2.5,30.2
mpd,0.0,9,ack-1f,w,2,2,0,ctl,ok,0,0,5.8,30.2
mpd,0.0,9,qpsk-r1/3,w,9,1,0,data,ctl_lost,8,1,0.3,30.2
mpd,0.0,9,ack-4f,w,4,4,0,ctl,ok,0,0,2.0,30.2
mpd,0.0,9,ack-4f,w,3,3,0,ctl,ok,0,0,4.8,30.2
mpd,0.0,9,qpsk-r1/5,w,9,2,1,data,ok,7,7,3.2,30.2
mpd,0.0,9,ack-1f,w,3,3,0,ctl,ok,0,0,0.2,30.2
mpd,0.0,9,qpsk-r1/3,w,9,2,1,data,ok,7,7,3.2,30.2
mpd,0.0,9,ack-1f,w,3,3,0,ctl,ok,0,0,0.7,30.2
mpd,0.0,9,qpsk-r1/3,w,9,2,1,data,ok,7,7,2.8,30.2
mpd,0.0,9,ack-1f,w,3,3,0,ctl,ok,0,0,-0.6,30.2
mpd,0.0,9,qpsk-r1/3,w,9,2,1,data,ok,7,7,3.3,30.2
mpd,0.0,9,ack-1f,w,2,2,0,ctl,ok,0,0,-0.3,30.2
mpd,0.0,9,qpsk-r1/3,w,9,1,0,data,ok,8,8,1.8,30.2
mpd,0.0,9,ack-1f,w,3,3,0,ctl,ok,0,0,3.2,30.2
mpd,0.0,9,qpsk-r1/3,w,9,2,1,data,ok,7,7,1.6,30.2
mpd,0.0,9,ack-1f,w,3,3,0,ctl,ok,0,0,2.3,30.2
mpd,0.0,9,qpsk-r1/3,w,9,2,1,data,ok,7,7,2.7,30.2
mpd,0.0,9,ack-1f,w,2,2,0,ctl,ok,0,0,2.5,30.2
mpd,0.0,9,qpsk-r1/3,w,9,1,0,data,ok,8,8,2.6,30.2
mpd,0.0,8,qpsk-r1/5,w,1,1,0,ctl,ok,0,0,1.8,32.3
mpd,0.0,8,qpsk-r1/5,w,1,1,0,ctl,ok,0,0,5.3,32.3
mpd,0.0,8,ack-4f,w,3,3,0,ctl,ok,0,0,2.6,32.3
mpd,0.0,8,ack-1f,w,3,3,0,ctl,ok,0,0,3.6,32.3
mpd,0.0,8,qpsk-r1/3,w,9,2,1,data,ok,7,7,2.0,32.3
mpd,0.0,8,ack-1f,w,3,3,0,ctl,ok,0,0,1.1,32.3
mpd,0.0,8,qpsk-r1/3,w,9,2,1,data,ok,7,7,3.0,32.3
mpd,0.0,8,ack-1f,w,2,2,0,ctl,ok,0,0,0.6,32.3
mpd,0.0,8,qpsk-r1/3,w,9,1,0,data,ok,8,8,2.0,32.3
mpd,0.0,8,ack-4f,w,3,3,0,ctl,ok,0,0,3.0,32.3
mpd,0.0,8,qpsk-r1/3,w,9,2,1,data,ok,7,7,2.5,32.3
mpd,0.0,8,ack-1f,w,3,3,0,ctl,ok,0,0,0.2,32.3
mpd,0.0,8,qpsk-r1/3,w,9,2,1,data,ok,7,7,2.8,32.3
mpd,0.0,8,ack-4f,w,2,2,0,ctl,ok,0,0,3.1,32.3
mpd,0.0,8,qpsk-r1/3,w,9,1,0,data,ok,8,8,4.0,32.3
mpd,0.0,8,ack-1f,w,2,2,0,ctl,ok,0,0,5.3,32.3
mpd,0.0,8,qpsk-r1/3,w,9,1,0,data,ok,8,8,3.8,32.3
mpd,0.0,8,ack-1f,w,2,2,0,ctl,ok,0,0,6.9,32.3
mpd,0.0,8,qpsk-r1/3,w,9,1,0,data,ctl_lost,8,1,1.4,32.3
mpd,0.0,8,ack-4f,w,3,3,0,ctl,ok,0,0,3.7,32.3
mpd,0.0,8,ack-4f,w,3,3,0,ctl,ok,0,0,2.7,32.3
mpd,0.0,8,qpsk-r1/3,w,9,2,1,data,ok,7,7,1.9,32.3
mpd,0.0,8,ack-1f,w,3,3,0,ctl,ok,0,0,4.9,32.3
mpd,0.0,8,qpsk-r1/3,w,9,2,1,data,ok,7,7,4.4,32.3
mpd,0.0,8,ack-1f,w,2,2,0,ctl,ok,0,0,3.3,32.3
mpd,0.0,8,qpsk-r1/3,w,9,1,0,data,ctl_lost,8,0,1.3,32.3
mpd,0.0,8,ack-4f,w,3,3,0,ctl,ok,0,0,0.6,32.3
mpd,0.0,8,ack-4f,w,3,3,0,ctl,ok,0,0,4.2,32.3
mpd,0.0,8,qpsk-r1/5,w,9,2,1,data,ok,7,7,2.9,32.3
mpd,0.0,8,ack-1f,w,3,3,0,ctl,ok,0,0,7.6,32.3
mpd,0.0,8,qpsk-r1/3,w,9,2,1,data,ok,7,7,3.7,32.3
mpd,0.0,8,ack-1f,w,2,2,0,ctl,ok,0,0,2.6,32.3
mpd,0.0,8,qpsk-r1/3,w,9,1,0,data,ok,8,8,3.8,32.3
mpd,0.0,8,ack-1f,w,3,3,0,ctl,ctl_lost,0,0,2.0,32.3
mpd,0.0,8,ack-4f,w,3,3,0,ctl,ok,0,0,1.4,32.3
mpd,0.0,8,ack-4f,w,3,3,0,ctl,ok,0,0,3.1,32.3
mpd,0.0,8,qpsk-r1/3,w,9,2,1,data,ok,7,7,3.2,32.3
mpd,0.0,8,ack-4f,w,3,3,0,ctl,ok,0,0,3.8,32.3
mpd,0.0,8,qpsk-r1/3,w,9,2,1,data,ok,7,2,0.6,32.3
mpd,0.0,8,ack-4f,w,3,3,0,ctl,ok,0,0,0.3,32.3
mpd,0.0,8,qpsk-r1/3,w,9,2,1,data,ok,2,0,1.5,32.3
mpd,0.0,8,ack-4f,w,3,3,0,ctl,ok,0,0,1.9,32.3
mpd,0.0,8,qpsk-r1/3,w,9,2,1,data,ok,7,0,1.2,32.3
mpd,0.0,8,ack-4f,w,3,3,0,ctl,ok,0,0,-1.8,32.3
mpd,0.0,8,qpsk-r1/3,w,9,2,1,data,ok,2,2,3.2,32.3
mpd,0.0,8,ack-4f,w,2,2,0,ctl,ok,0,0,1.6,32.3
mpd,0.0,8,qpsk-r1/3,w,9,1,0,data,ok,8,8,3.0,32.3
mpd,0.0,8,ack-4f,w,2,2,0,ctl,ok,0,0,4.3,32.3
mpd,0.0,8,qpsk-r1/3,w,9,1,0,data,ok,8,8,1.3,32.3
mpd,0.0,8,ack-4f,w,2,2,0,ctl,ok,0,0,3.7,32.3
mpd,0.0,8,qpsk-r1/3,w,9,1,0,data,ok,8,8,3.9,32.3
mpd,0.0,8,ack-4f,w,2,2,0,ctl,ok,0,0,1.4,32.3
mpd,0.0,8,qpsk-r1/3,w,9,1,0,data,ok,8,8,2.0,32.3
mpd,0.0,8,ack-4f,w,2,2,0,ctl,ok,0,0,2.1,32.3
mpd,0.0,8,qpsk-r1/3,w,9,1,0,data,ok,8,8,1.2,32.3
mpd,0.0,8,ack-4f,w,3,3,0,ctl,ok,0,0,4.8,32.3
mpd,0.0,8,qpsk-r1/3,w,9,2,1,data,ok,7,7,4.0,32.3
mpd,0.0,8,ack-4f,w,2,2,0,ctl,ok,0,0,5.6,32.3
mpd,0.0,8,qpsk-r1/3,w,9,1,0,data,ok,8,8,2.0,32.3
mpd,0.0,8,ack-1f,w,2,2,0,ctl,ok,0,0,1.4,32.3
mpd,0.0,8,qpsk-r1/3,w,9,1,0,data,ok,8,8,2.7,32.3
mpd,0.0,8,ack-4f,w,2,2,0,ctl,ok,0,0,2.9,32.3
mpd,0.0,8,qpsk-r1/3,w,9,1,0,data,ok,8,8,2.1,32.3
mpd,0.0,8,ack-4f,w,2,2,0,ctl,ok,0,0,3.2,32.3
mpd,0.0,8,qpsk-r1/3,w,9,1,0,data,ok,8,8,3.6,32.3
mpd,0.0,8,ack-4f,w,2,2,0,ctl,ok,0,0,0.2,32.3
mpd,0.0,8,qpsk-r1/3,w,9,1,0,data,ctl_lost,8,1,0.6,32.3
mpd,0.0,8,ack-4f,w,3,3,0,ctl,ok,0,0,4.0,32.3
mpd,0.0,8,ack-4f,w,3,3,0,ctl,ok,0,0,3.2,32.3
mpd,0.0,8,qpsk-r1/3,w,9,2,1,data,ok,7,7,3.9,32.3
mpd,0.0,8,ack-4f,w,3,3,0,ctl,ok,0,0,2.7,32.3
mpd,0.0,8,qpsk-r1/2,w,9,2,1,data,ok,7,6,3.4,32.3
mpd,0.0,8,ack-4f,w,3,3,0,ctl,ok,0,0,5.0,32.3
mpd,0.0,8,qpsk-r1/2,w,9,2,1,data,ok,6,0,1.9,32.3
mpd,0.0,8,ack-1f,w,3,3,0,ctl,ctl_lost,0,0,1.3,32.3
mpd,0.0,8,ack-4f,w,3,3,0,ctl,ok,0,0,1.9,32.3
mpd,0.0,8,ack-4f,w,3,3,0,ctl,ok,0,0,0.6,32.3
mpd,0.0,8,qpsk-r1/3,w,9,2,1,data,ok,7,7,3.1,32.3
mpd,0.0,8,ack-4f,w,3,3,0,ctl,ok,0,0,2.2,32.3
mpd,0.0,8,qpsk-r1/3,w,9,2,1,data,ok,7,7,2.4,32.3
mpd,0.0,8,ack-4f,w,2,2,0,ctl,ok,0,0,2.9,32.3
mpd,0.0,8,qpsk-r1/3,w,9,1,0,data,ok,8,8,3.1,32.3
mpd,0.0,8,ack-4f,w,2,2,0,ctl,ok,0,0,3.8,32.3
mpd,0.0,8,qpsk-r1/3,w,9,1,0,data,ok,8,8,1.8,32.3
mpd,0.0,8,ack-4f,w,2,2,0,ctl,ok,0,0,3.9,32.3
mpd,0.0,8,qpsk-r1/3,w,9,1,0,data,ok,8,8,1.2,32.3
mpd,0.0,8,ack-1f,w,3,3,0,ctl,ok,0,0,0.3,32.3
mpd,0.0,8,qpsk-r1/3,w,9,2,1,data,ok,7,7,1.7,32.3
mpd,0.0,8,ack-4f,w,2,2,0,ctl,ok,0,0,0.7,32.3
mpd,0.0,8,qpsk-r1/3,w,9,1,0,data,ctl_lost,8,3,1.4,32.3
mpd,0.0,8,ack-4f,w,3,3,0,ctl,ok,0,0,3.5,32.3
mpd,0.0,8,ack-4f,w,3,3,0,ctl,ok,0,0,3.4,32.3
mpd,0.0,8,qpsk-r1/3,w,9,2,1,data,ok,7,7,3.9,32.3
mpd,0.0,8,ack-4f,w,3,3,0,ctl,ok,0,0,2.3,32.3
mpd,0.0,8,qpsk-r1/2,w,9,2,1,data,ok,7,7,3.6,32.3
mpd,0.0,6,qpsk-r1/5,w,1,1,0,ctl,ok,0,0,3.9,27.6
mpd,0.0,6,qpsk-r1/5,w,1,1,0,ctl,ok,0,0,0.1,27.6
mpd,0.0,6,ack-4f,w,3,3,0,ctl,ok,0,0,0.8,27.6
mpd,0.0,6,ack-4f,w,3,3,0,ctl,ok,0,0,2.1,27.6
mpd,0.0,6,qpsk-r1/3,w,9,2,1,data,ok,7,7,2.7,27.6
mpd,0.0,6,ack-4f,w,3,3,0,ctl,ok,0,0,2.4,27.6
mpd,0.0,6,qpsk-r1/3,w,9,2,1,data,ok,7,7,3.4,27.6
mpd,0.0,6,ack-4f,w,2,2,0,ctl,ok,0,0,2.3,27.6
mpd,0.0,6,qpsk-r1/3,w,9,1,0,data,ok,8,8,2.9,27.6
mpd,0.0,6,ack-4f,w,2,2,0,ctl,ok,0,0,3.2,27.6
mpd,0.0,6,qpsk-r1/3,w,9,1,0,data,ok,8,8,4.5,27.6
mpd,0.0,6,ack-4f,w,3,3,0,ctl,ok,0,0,1.3,27.6
mpd,0.0,6,qpsk-r1/2,w,9,2,1,data,ok,7,7,3.2,27.6
mpd,0.0,6,ack-4f,w,3,3,0,ctl,ok,0,0,3.7,27.6
mpd,0.0,6,qpsk-r1/2,w,9,2,1,data,ok,7,0,1.9,27.6
mpd,0.0,6,ack-1f,w,2,2,0,ctl,ok,0,0,1.1,27.6
mpd,0.0,6,qpsk-r1/3,w,9,1,0,data,ok,8,8,4.6,27.6
mpd,0.0,6,ack-4f,w,3,3,0,ctl,ok,0,0,1.2,27.6
mpd,0.0,6,qpsk-r1/2,w,9,2,1,data,ok,7,0,2.5,27.6
mpd,0.0,6,ack-4f,w,2,2,0,ctl,ok,0,0,2.0,27.6
mpd,0.0,6,qpsk-r1/3,w,9,1,0,data,ctl_lost,8,5,1.0,27.6
mpd,0.0,6,ack-4f,w,4,4,0,ctl,ok,0,0,2.4,27.6
mpd,0.0,6,ack-4f,w,3,3,0,ctl,ok,0,0,2.3,27.6
mpd,0.0,6,qpsk-r1/3,w,9,2,1,data,ok,7,0,0.3,27.6
mpd,0.0,6,ack-4f,w,3,3,0,ctl,ok,0,0,3.4,27.6
mpd,0.0,6,qpsk-r1/3,w,9,2,1,data,ok,2,2,3.9,27.6
mpd,0.0,6,ack-1f,w,3,3,0,ctl,ctl_lost,0,0,0.4,27.6
mpd,0.0,6,ack-4f,w,3,3,0,ctl,ok,0,0,1.5,27.6
mpd,0.0,6,ack-4f,w,2,2,0,ctl,ok,0,0,2.6,27.6
mpd,0.0,6,qpsk-r1/3,w,9,1,0,data,ctl_lost,8,0,0.2,27.6
mpd,0.0,6,ack-4f,w,3,3,0,ctl,ok,0,0,4.5,27.6
mpd,0.0,6,ack-4f,w,3,3,0,ctl,ok,0,0,3.0,27.6
mpd,0.0,6,qpsk-r1/3,w,9,2,1,data,ok,7,7,3.8,27.6
mpd,0.0,6,ack-4f,w,3,3,,ctl,missed,0,0,,27.6
mpd,0.0,6,ack-4f,w,3,3,0,ctl,ok,0,0,3.3,27.6
mpd,0.0,6,ack-4f,w,3,3,0,ctl,ok,0,0,1.5,27.6
mpd,0.0,6,qpsk-r1/3,w,9,2,1,data,ok,7,0,0.8,27.6
mpd,0.0,6,ack-4f,w,3,3,0,ctl,ok,0,0,4.0,27.6
mpd,0.0,6,qpsk-r1/3,w,9,2,1,data,ok,2,2,2.6,27.6
mpd,0.0,6,ack-4f,w,3,3,0,ctl,ok,0,0,4.0,27.6
mpd,0.0,6,qpsk-r1/3,w,9,2,1,data,ok,7,7,3.3,27.6
mpd,0.0,6,ack-4f,w,2,2,0,ctl,ok,0,0,2.9,27.6
mpd,0.0,6,qpsk-r1/3,w,9,1,0,data,ok,8,8,1.6,27.6
mpd,0.0,6,ack-4f,w,3,3,0,ctl,ok,0,0,1.4,27.6
mpd,0.0,6,qpsk-r1/3,w,9,2,1,data,ok,7,7,1.6,27.6
mpd,0.0,6,ack-4f,w,3,3,0,ctl,ok,0,0,3.3,27.6
mpd,0.0,6,qpsk-r1/3,w,9,2,1,data,ok,7,7,3.8,27.6
mpd,0.0,6,ack-4f,w,2,2,0,ctl,ok,0,0,2.8,27.6
mpd,0.0,6,qpsk-r1/3,w,9,1,0,data,ok,8,8,2.3,27.6
mpd,0.0,6,ack-4f,w,2,2,0,ctl,ok,0,0,3.1,27.6
mpd,0.0,6,qpsk-r1/3,w,9,1,0,data,ok,8,8,1.9,27.6
mpd,0.0,6,ack-4f,w,2,2,0,ctl,ok,0,0,4.3,27.6
mpd,0.0,6,qpsk-r1/3,w,9,1,0,data,ok,8,8,3.7,27.6
mpd,0.0,6,ack-4f,w,2,2,0,ctl,ok,0,0,2.1,27.6
mpd,0.0,6,qpsk-r1/3,w,9,1,0,data,ok,8,8,1.4,27.6
mpd,0.0,6,ack-4f,w,2,2,0,ctl,ok,0,0,4.9,27.6
mpd,0.0,6,qpsk-r1/3,w,9,1,0,data,ctl_lost,8,0,0.7,27.6
mpd,0.0,6,ack-4f,w,3,3,0,ctl,ok,0,0,1.5,27.6
mpd,0.0,6,ack-4f,w,3,3,0,ctl,ok,0,0,0.9,27.6
mpd,0.0,6,qpsk-r1/3,w,9,2,1,data,ok,7,1,0.2,27.6
mpd,0.0,6,ack-4f,w,3,3,0,ctl,ok,0,0,-0.4,27.6
mpd,0.0,6,qpsk-r1/3,w,9,2,1,data,ok,1,1,3.7,27.6
mpd,0.0,6,ack-4f,w,2,2,0,ctl,ok,0,0,4.0,27.6
mpd,0.0,6,qpsk-r1/3,w,9,1,0,data,ctl_lost,8,0,0.6,27.6
mpd,0.0,6,ack-4f,w,3,3,0,ctl,ok,0,0,0.6,27.6
mpd,0.0,6,ack-4f,w,3,3,0,ctl,ok,0,0,1.8,27.6
mpd,0.0,6,qpsk-r1/5,w,9,2,1,data,ok,7,7,2.1,27.6
mpd,0.0,6,ack-4f,w,3,3,0,ctl,ok,0,0,1.2,27.6
mpd,0.0,6,qpsk-r1/3,w,9,2,1,data,ok,7,7,1.6,27.6
mpd,0.0,6,ack-4f,w,3,3,0,ctl,ok,0,0,-0.7,27.6
mpd,0.0,6,qpsk-r1/3,w,9,2,1,data,ok,7,7,3.6,27.6
mpd,0.0,6,ack-4f,w,2,2,0,ctl,ok,0,0,2.1,27.6
mpd,0.0,6,qpsk-r1/3,w,9,1,0,data,ok,8,8,2.5,27.6
mpd,0.0,6,ack-4f,w,2,2,0,ctl,ok,0,0,2.3,27.6
mpd,0.0,6,qpsk-r1/3,w,9,1,0,data,ok,8,8,0.2,27.6
mpd,0.0,6,ack-4f,w,3,3,0,ctl,ok,0,0,3.9,27.6
mpd,0.0,6,qpsk-r1/3,w,9,2,1,data,ok,7,7,0.9,27.6
mpd,0.0,6,ack-4f,w,3,3,,ctl,missed,0,0,,27.6
mpd,0.0,6,ack-4f,w,3,3,0,ctl,ok,0,0,2.9,27.6
mpd,0.0,6,ack-4f,w,3,3,0,ctl,ok,0,0,3.2,27.6
mpd,0.0,6,qpsk-r1/3,w,9,2,1,data,ok,7,1,0.5,27.6
mpd,0.0,6,ack-4f,w,3,3,0,ctl,ok,0,0,2.3,27.6
mpd,0.0,6,qpsk-r1/3,w,9,2,1,data,ok,0,0,1.3,27.6
mpd,0.0,6,ack-4f,w,3,3,0,ctl,ok,0,0,1.0,27.6
mpd,0.0,6,qpsk-r1/3,w,9,2,1,data,ok,7,7,3.1,27.6
mpd,0.0,6,ack-4f,w,2,2,0,ctl,ok,0,0,4.5,27.6
mpd,0.0,6,qpsk-r1/3,w,9,1,0,data,ok,8,8,3.4,27.6
mpd,0.0,6,ack-4f,w,2,2,0,ctl,ok,0,0,2.4,27.6
mpd,0.0,6,qpsk-r1/3,w,9,1,0,data,ok,8,8,3.3,27.6
mpd,0.0,6,ack-4f,w,2,2,0,ctl,ok,0,0,4.9,27.6
mpd,0.0,6,qpsk-r1/3,w,9,1,0,data,ctl_lost,8,0,0.1,27.6
mpd,0.0,6,ack-4f,w,3,3,0,ctl,ok,0,0,3.3,27.6
mpd,0.0,6,ack-4f,w,3,3,0,ctl,ok,0,0,6.3,27.6
mpd,0.0,6,qpsk-r1/3,w,9,2,1,data,ok,7,7,3.0,27.6
mpd,0.0,6,ack-1f,w,2,2,0,ctl,ok,0,0,0.0,27.6
mpd,0.0,11,qpsk-r1/5,w,1,1,0,ctl,ok,0,0,3.1,31.9
mpd,0.0,11,qpsk-r1/5,w,1,1,0,ctl,ok,0,0,2.7,31.9
mpd,0.0,11,ack-4f,w,3,3,0,ctl,ok,0,0,4.6,31.9
mpd,0.0,11,ack-4f,w,3,3,0,ctl,ok,0,0,2.9,31.9
mpd,0.0,11,qpsk-r1/2,w,9,2,1,data,ok,7,0,1.4,31.9
mpd,0.0,11,ack-4f,w,3,3,0,ctl,ok,0,0,4.4,31.9
mpd,0.0,11,qpsk-r1/3,w,9,2,1,data,ok,7,7,1.1,31.9
mpd,0.0,11,ack-1f,w,3,3,0,ctl,ctl_lost,0,0,2.1,31.9
mpd,0.0,11,ack-4f,w,4,4,0,ctl,ok,0,0,-0.6,31.9
mpd,0.0,11,ack-4f,w,3,3,0,ctl,ok,0,0,2.4,31.9
mpd,0.0,11,qpsk-r1/3,w,9,2,1,data,ok,7,7,2.6,31.9
mpd,0.0,11,ack-4f,w,3,3,0,ctl,ok,0,0,4.1,31.9
mpd,0.0,11,qpsk-r1/3,w,9,2,1,data,ok,7,7,2.2,31.9
mpd,0.0,11,ack-4f,w,2,2,0,ctl,ok,0,0,2.4,31.9
mpd,0.0,11,qpsk-r1/3,w,9,1,0,data,ok,8,8,3.4,31.9
mpd,0.0,11,ack-4f,w,2,2,0,ctl,ok,0,0,4.6,31.9
mpd,0.0,11,qpsk-r1/3,w,9,1,0,data,ctl_lost,8,0,1.3,31.9
mpd,0.0,11,ack-4f,w,3,3,0,ctl,ok,0,0,-0.1,31.9
mpd,0.0,11,ack-4f,w,3,3,0,ctl,ok,0,0,3.3,31.9
mpd,0.0,11,qpsk-r1/5,w,9,2,1,data,ok,7,7,2.8,31.9
mpd,0.0,11,ack-4f,w,3,3,0,ctl,ok,0,0,1.5,31.9
mpd,0.0,11,qpsk-r1/3,w,9,2,1,data,ok,7,7,3.7,31.9
mpd,0.0,11,ack-4f,w,2,2,0,ctl,ok,0,0,2.4,31.9
mpd,0.0,11,qpsk-r1/3,w,9,1,0,data,ok,8,8,1.6,31.9
mpd,0.0,11,ack-4f,w,3,3,0,ctl,ok,0,0,2.9,31.9
mpd,0.0,11,qpsk-r1/3,w,9,2,1,data,ok,7,7,2.3,31.9
mpd,0.0,11,ack-4f,w,3,3,0,ctl,ok,0,0,4.8,31.9
mpd,0.0,11,qpsk-r1/3,w,9,2,1,data,ok,7,7,2.1,31.9
mpd,0.0,11,ack-4f,w,3,3,0,ctl,ok,0,0,3.0,31.9
mpd,0.0,11,qpsk-r1/3,w,9,2,1,data,ok,7,7,2.5,31.9
mpd,0.0,11,ack-4f,w,2,2,0,ctl,ok,0,0,0.5,31.9
mpd,0.0,11,qpsk-r1/3,w,9,1,0,data,ok,8,8,3.0,31.9
mpd,0.0,11,ack-4f,w,2,2,0,ctl,ok,0,0,6.2,31.9
mpd,0.0,11,qpsk-r1/3,w,9,1,0,data,ok,8,8,1.9,31.9
mpd,0.0,11,ack-4f,w,2,2,0,ctl,ok,0,0,4.6,31.9
mpd,0.0,11,qpsk-r1/3,w,9,1,0,data,ok,8,8,2.5,31.9
mpd,0.0,11,ack-1f,w,2,2,0,ctl,ok,0,0,2.2,31.9
mpd,0.0,11,qpsk-r1/3,w,9,1,0,data,ok,8,8,1.6,31.9
mpd,0.0,11,ack-4f,w,2,2,0,ctl,ok,0,0,2.7,31.9
mpd,0.0,11,qpsk-r1/3,w,9,1,0,data,ctl_lost,8,2,2.5,31.9
mpd,0.0,11,ack-4f,w,3,3,0,ctl,ok,0,0,0.8,31.9
mpd,0.0,11,ack-4f,w,3,3,0,ctl,ok,0,0,2.2,31.9
mpd,0.0,11,qpsk-r1/3,w,9,2,1,data,ok,7,0,0.4,31.9
mpd,0.0,11,ack-4f,w,3,3,0,ctl,ok,0,0,2.8,31.9
mpd,0.0,11,qpsk-r1/3,w,9,2,1,data,ok,2,1,1.1,31.9
mpd,0.0,11,ack-4f,w,3,3,0,ctl,ok,0,0,-0.5,31.9
mpd,0.0,11,qpsk-r1/3,w,9,2,1,data,ok,7,7,3.1,31.9
mpd,0.0,11,ack-4f,w,2,2,0,ctl,ok,0,0,1.1,31.9
mpd,0.0,11,qpsk-r1/3,w,9,1,0,data,ctl_lost,8,3,0.6,31.9
mpd,0.0,11,ack-4f,w,3,3,0,ctl,ok,0,0,1.0,31.9
mpd,0.0,11,ack-4f,w,3,3,0,ctl,ok,0,0,3.9,31.9
mpd,0.0,11,qpsk-r1/3,w,9,2,1,data,ok,7,7,2.4,31.9
mpd,0.0,11,ack-4f,w,3,3,0,ctl,ok,0,0,3.4,31.9
mpd,0.0,11,qpsk-r1/3,w,9,2,1,data,ok,7,7,0.6,31.9
mpd,0.0,11,ack-4f,w,3,3,0,ctl,ok,0,0,4.8,31.9
mpd,0.0,11,qpsk-r1/3,w,9,2,1,data,ok,7,0,1.0,31.9
mpd,0.0,11,ack-4f,w,3,3,0,ctl,ok,0,0,1.4,31.9
mpd,0.0,11,qpsk-r1/3,w,9,2,1,data,ok,1,1,3.9,31.9
mpd,0.0,11,ack-4f,w,2,2,0,ctl,ok,0,0,-0.8,31.9
mpd,0.0,11,qpsk-r1/3,w,9,1,0,data,ok,8,8,4.1,31.9
mpd,0.0,11,ack-4f,w,3,3,0,ctl,ok,0,0,-0.7,31.9
mpd,0.0,11,qpsk-r1/2,w,9,2,1,data,ok,7,2,3.3,31.9
mpd,0.0,11,ack-4f,w,3,3,0,ctl,ok,0,0,3.5,31.9
mpd,0.0,11,qpsk-r1/2,w,9,2,1,data,ok,2,0,2.9,31.9
mpd,0.0,11,ack-4f,w,2,2,0,ctl,ok,0,0,3.7,31.9
mpd,0.0,11,qpsk-r1/3,w,9,1,0,data,ok,8,8,1.6,31.9
mpd,0.0,11,ack-4f,w,2,2,0,ctl,ok,0,0,2.4,31.9
mpd,0.0,11,qpsk-r1/3,w,9,1,0,data,ok,8,8,3.7,31.9
mpd,0.0,11,ack-4f,w,2,2,0,ctl,ok,0,0,0.8,31.9
mpd,0.0,11,qpsk-r1/3,w,9,1,0,data,ok,8,8,2.8,31.9
mpd,0.0,11,ack-4f,w,2,2,0,ctl,ok,0,0,4.9,31.9
mpd,0.0,11,qpsk-r1/3,w,9,1,0,data,ok,8,8,2.7,31.9
mpd,0.0,11,ack-4f,w,2,2,0,ctl,ok,0,0,1.0,31.9
mpd,0.0,11,qpsk-r1/3,w,9,1,0,data,ok,8,8,2.8,31.9
mpd,0.0,11,ack-4f,w,2,2,0,ctl,ok,0,0,1.4,31.9
mpd,0.0,11,qpsk-r1/3,w,9,1,0,data,ok,8,8,3.3,31.9
mpd,0.0,11,ack-4f,w,2,2,0,ctl,ok,0,0,4.1,31.9
mpd,0.0,11,qpsk-r1/3,w,9,1,0,data,ok,8,8,3.8,31.9
mpd,0.0,11,ack-4f,w,2,2,0,ctl,ok,0,0,2.6,31.9
mpd,0.0,11,qpsk-r1/3,w,9,1,0,data,ok,8,8,3.4,31.9
mpd,0.0,11,ack-4f,w,2,2,0,ctl,ok,0,0,5.2,31.9
mpd,0.0,11,qpsk-r1/3,w,9,1,0,data,ok,8,8,1.8,31.9
mpd,0.0,11,ack-4f,w,2,2,0,ctl,ok,0,0,-1.8,31.9
mpd,0.0,11,qpsk-r1/3,w,9,1,0,data,ctl_lost,8,0,0.5,31.9
mpd,0.0,11,ack-4f,w,3,3,0,ctl,ok,0,0,2.8,31.9
mpd,0.0,11,ack-4f,w,3,3,0,ctl,ok,0,0,4.9,31.9
mpd,0.0,11,qpsk-r1/3,w,9,2,1,data,ok,7,7,2.9,31.9
mpd,0.0,11,ack-4f,w,2,2,0,ctl,ok,0,0,-0.5,31.9
mpd,0.0,11,qpsk-r1/3,w,9,1,0,data,ok,8,8,2.9,31.9
mpd,0.0,11,ack-4f,w,2,2,0,ctl,ok,0,0,3.5,31.9
mpd,0.0,11,qpsk-r1/3,w,9,1,0,data,ok,8,8,3.8,31.9
mpd,0.0,11,ack-4f,w,2,2,0,ctl,ok,0,0,3.7,31.9
mpd,0.0,11,qpsk-r1/3,w,9,1,0,data,ok,8,8,1.6,31.9
mpd,8.0,2,qpsk-r1/5,w,1,1,0,ctl,ok,0,0,10.1,189.6
mpd,8.0,2,qpsk-r1/5,w,1,1,0,ctl,ok,0,0,12.5,189.6
mpd,8.0,2,ack-4f,w,2,2,0,ctl,ok,0,0,9.8,189.6
mpd,8.0,2,ack-1f,w,2,2,0,ctl,ok,0,0,12.0,189.6
mpd,8.0,2,w48-qpsk-r1/2,w48,19,1,0,data,ok,18,18,8.0,189.6
mpd,8.0,2,ack-1f,w,2,2,0,ctl,ok,0,0,5.4,189.6
mpd,8.0,2,w48-qpsk-r1/2,w48,19,1,0,data,ok,18,18,9.6,189.6
mpd,8.0,2,ack-1f,w,3,3,0,ctl,ok,0,0,7.9,189.6
mpd,8.0,2,w48-16qam-r1/3,w48,19,2,1,data,ok,17,17,9.5,189.6
mpd,8.0,2,ack-1f,w,2,2,0,ctl,ok,0,0,12.1,189.6
mpd,8.0,2,w48-16qam-r1/3,w48,19,1,0,data,ok,18,18,8.7,189.6
mpd,8.0,2,ack-1f,w,3,3,0,ctl,ok,0,0,14.0,189.6
mpd,8.0,2,w48-16qam-r1/3,w48,19,2,1,data,ok,17,17,10.0,189.6
mpd,8.0,2,ack-1f,w,2,2,0,ctl,ok,0,0,9.8,189.6
mpd,8.0,2,w48-16qam-r1/3,w48,19,1,0,data,ok,18,18,8.2,189.6
mpd,8.0,2,ack-1f,w,3,3,0,ctl,ok,0,0,12.8,189.6
mpd,8.0,2,w48-16qam-r1/3,w48,19,2,1,data,ok,17,17,9.4,189.6
mpd,8.0,2,ack-1f,w,2,2,0,ctl,ok,0,0,11.5,189.6
mpd,8.0,2,w48-16qam-r1/3,w48,19,1,0,data,ok,18,18,9.0,189.6
mpd,8.0,2,ack-1f,w,2,2,0,ctl,ok,0,0,8.4,189.6
mpd,8.0,2,w48-16qam-r1/3,w48,19,1,0,data,ok,18,18,9.1,189.6
mpd,8.0,2,ack-1f,w,2,2,0,ctl,ok,0,0,12.2,189.6
mpd,8.0,2,w48-16qam-r1/3,w48,19,1,0,data,ok,18,18,10.4,189.6
mpd,8.0,2,ack-1f,w,2,2,0,ctl,ok,0,0,8.9,189.6
mpd,8.0,2,w48-16qam-r1/3,w48,19,1,0,data,ok,18,9,8.1,189.6
mpd,8.0,2,ack-1f,w,3,3,0,ctl,ok,0,0,11.0,189.6
mpd,8.0,2,w48-16qam-r1/3,w48,19,1,0,data,ok,9,9,8.5,189.6
mpd,8.0,2,ack-1f,w,3,3,0,ctl,ok,0,0,13.9,189.6
mpd,8.0,2,w48-16qam-r1/3,w48,19,2,1,data,ok,17,17,8.2,189.6
mpd,8.0,2,ack-1f,w,3,3,0,ctl,ok,0,0,10.2,189.6
mpd,8.0,2,w48-16qam-r1/3,w48,19,2,1,data,ok,17,17,9.0,189.6
mpd,8.0,2,ack-1f,w,2,2,0,ctl,ok,0,0,13.8,189.6
mpd,8.0,2,w48-16qam-r1/3,w48,19,1,0,data,ok,18,18,8.8,189.6
mpd,8.0,2,ack-1f,w,2,2,0,ctl,ok,0,0,11.9,189.6
mpd,8.0,2,w48-16qam-r1/3,w48,19,1,0,data,ok,18,18,9.9,189.6
mpd,8.0,2,ack-1f,w,2,2,0,ctl,ok,0,0,12.2,189.6
mpd,8.0,2,w48-16qam-r1/3,w48,19,1,0,data,ok,18,18,9.6,189.6
mpd,8.0,2,ack-1f,w,2,2,0,ctl,ok,0,0,9.8,189.6
mpd,8.0,2,w48-16qam-r1/3,w48,19,1,0,data,ok,18,18,9.1,189.6
mpd,8.0,2,ack-1f,w,2,2,0,ctl,ok,0,0,10.4,189.6
mpd,8.0,2,w48-16qam-r1/3,w48,19,1,0,data,ok,18,18,9.0,189.6
mpd,8.0,2,ack-1f,w,2,2,0,ctl,ok,0,0,9.7,189.6
mpd,8.0,2,w48-16qam-r1/3,w48,19,1,0,data,ok,18,18,9.4,189.6
mpd,8.0,2,ack-1f,w,2,2,0,ctl,ok,0,0,8.6,189.6
mpd,8.0,2,w48-16qam-r1/3,w48,19,1,0,data,ok,18,18,9.1,189.6
mpd,8.0,2,ack-1f,w,2,2,0,ctl,ok,0,0,10.0,189.6
mpd,8.0,2,w48-16qam-r1/3,w48,19,1,0,data,ok,18,18,8.0,189.6
mpd,8.0,2,ack-1f,w,2,2,0,ctl,ok,0,0,7.2,189.6
mpd,8.0,2,w48-16qam-r1/3,w48,19,1,0,data,ok,18,18,9.0,189.6
mpd,8.0,2,ack-1f,w,2,2,0,ctl,ok,0,0,9.4,189.6
mpd,8.0,2,w48-16qam-r1/3,w48,19,1,0,data,ok,18,18,9.2,189.6
mpd,8.0,2,ack-1f,w,2,2,0,ctl,ok,0,0,11.0,189.6
mpd,8.0,2,w48-16qam-r1/3,w48,19,1,0,data,ok,18,18,9.2,189.6
mpd,8.0,2,ack-1f,w,2,2,0,ctl,ok,0,0,9.3,189.6
mpd,8.0,2,w48-16qam-r1/3,w48,19,1,0,data,ok,18,18,9.6,189.6
mpd,8.0,2,ack-1f,w,2,2,0,ctl,ok,0,0,10.4,189.6
mpd,8.0,2,w48-16qam-r1/3,w48,19,1,0,data,ctl_lost,18,0,7.1,189.6
mpd,8.0,2,ack-4f,w,3,3,0,ctl,ok,0,0,10.2,189.6
mpd,8.0,2,ack-4f,w,2,2,0,ctl,ok,0,0,12.3,189.6
mpd,8.0,2,w48-qpsk-r1/2,w48,19,1,0,data,ok,18,18,9.5,189.6
mpd,8.0,2,ack-1f,w,2,2,0,ctl,ok,0,0,15.6,189.6
mpd,8.0,2,w48-16qam-r1/3,w48,19,1,0,data,ok,18,18,8.1,189.6
mpd,8.0,2,ack-1f,w,3,3,0,ctl,ok,0,0,12.2,189.6
mpd,8.0,2,w48-16qam-r1/3,w48,19,2,1,data,ok,17,6,8.1,189.6
mpd,8.0,2,ack-1f,w,4,4,0,ctl,ok,0,0,11.4,189.6
mpd,8.0,2,w48-16qam-r1/3,w48,19,2,1,data,ok,6,6,8.7,189.6
mpd,8.0,2,ack-1f,w,2,2,0,ctl,ok,0,0,12.2,189.6
mpd,8.0,2,w48-16qam-r1/3,w48,19,1,0,data,ok,18,18,9.3,189.6
mpd,8.0,2,ack-1f,w,2,2,0,ctl,ok,0,0,9.2,189.6
mpd,8.0,2,w48-16qam-r1/3,w48,19,1,0,data,ok,18,18,9.1,189.6
mpd,8.0,2,ack-1f,w,2,2,0,ctl,ok,0,0,14.2,189.6
mpd,8.0,2,w48-16qam-r1/3,w48,19,1,0,data,ok,18,18,9.3,189.6
mpd,8.0,2,ack-1f,w,2,2,0,ctl,ok,0,0,11.4,189.6
mpd,8.0,2,w48-16qam-r1/3,w48,19,1,0,data,ok,18,18,8.1,189.6
mpd,8.0,2,ack-1f,w,2,2,0,ctl,ok,0,0,8.0,189.6
mpd,8.0,2,w48-16qam-r1/3,w48,19,1,0,data,ok,18,18,9.0,189.6
mpd,8.0,2,ack-1f,w,2,2,0,ctl,ok,0,0,5.8,189.6
mpd,8.0,2,w48-16qam-r1/3,w48,19,1,0,data,ok,18,18,8.2,189.6
mpd,8.0,2,ack-1f,w,2,2,0,ctl,ok,0,0,5.3,189.6
mpd,8.0,2,w48-16qam-r1/3,w48,19,1,0,data,ok,18,18,8.7,189.6
mpd,8.0,2,ack-1f,w,2,2,0,ctl,ok,0,0,11.6,189.6
mpd,8.0,2,w48-16qam-r1/3,w48,19,1,0,data,ok,18,18,10.5,189.6
mpd,8.0,2,ack-1f,w,2,2,0,ctl,ok,0,0,12.5,189.6
mpd,8.0,2,w48-16qam-r1/3,w48,19,1,0,data,ok,18,18,8.1,189.6
mpd,8.0,2,ack-1f,w,2,2,0,ctl,ok,0,0,13.9,189.6
mpd,8.0,2,w48-16qam-r1/3,w48,19,1,0,data,ok,18,18,9.3,189.6
mpd,8.0,2,ack-1f,w,2,2,0,ctl,ok,0,0,12.2,189.6
mpd,8.0,2,w48-16qam-r1/3,w48,19,1,0,data,ok,18,18,10.1,189.6
mpd,8.0,2,ack-1f,w,2,2,0,ctl,ok,0,0,12.3,189.6
mpd,8.0,2,w48-16qam-r1/3,w48,19,1,0,data,ok,18,18,10.0,189.6
mpd,8.0,2,ack-1f,w,2,2,0,ctl,ok,0,0,13.5,189.6
mpd,8.0,2,w48-16qam-r1/3,w48,19,1,0,data,ok,18,18,9.3,189.6
mpd,8.0,2,ack-1f,w,2,2,0,ctl,ok,0,0,11.6,189.6
mpd,8.0,2,w48-16qam-r1/3,w48,19,1,0,data,ok,18,18,9.7,189.6
mpd,8.0,4,qpsk-r1/5,w,1,1,0,ctl,ok,0,0,11.7,145.3
mpd,8.0,4,qpsk-r1/5,w,1,1,0,ctl,ok,0,0,13.3,145.3
mpd,8.0,4,ack-4f,w,2,2,0,ctl,ok,0,0,10.7,145.3
mpd,8.0,4,ack-1f,w,3,3,0,ctl,ok,0,0,10.2,145.3
mpd,8.0,4,w48-16qam-r1/3,w48,19,2,1,data,ok,17,2,7.8,145.3
mpd,8.0,4,ack-1f,w,4,4,0,ctl,ok,0,0,12.5,145.3
mpd,8.0,4,w48-16qam-r1/3,w48,19,2,1,data,ok,2,2,9.0,145.3
mpd,8.0,4,ack-1f,w,3,3,0,ctl,ok,0,0,12.0,145.3
mpd,8.0,4,w48-16qam-r1/3,w48,19,2,1,data,ok,17,17,10.0,145.3
mpd,8.0,4,ack-1f,w,2,2,0,ctl,ok,0,0,12.4,145.3
mpd,8.0,4,w48-16qam-r1/3,w48,19,1,0,data,ok,18,18,9.9,145.3
mpd,8.0,4,ack-1f,w,2,2,0,ctl,ok,0,0,9.1,145.3
mpd,8.0,4,w48-16qam-r1/3,w48,19,1,0,data,ok,18,18,9.5,145.3
mpd,8.0,4,ack-1f,w,2,2,0,ctl,ok,0,0,10.2,145.3
mpd,8.0,4,w48-16qam-r1/3,w48,19,1,0,data,ctl_lost,18,10,7.7,145.3
mpd,8.0,4,ack-4f,w,2,2,0,ctl,ok,0,0,9.2,145.3
mpd,8.0,4,ack-4f,w,3,3,0,ctl,ok,0,0,10.9,145.3
mpd,8.0,4,w48-qpsk-r1/2,w48,19,2,1,data,ok,17,17,9.8,145.3
mpd,8.0,4,ack-1f,w,3,3,0,ctl,ok,0,0,11.3,145.3
mpd,8.0,4,w48-16qam-r1/3,w48,19,2,1,data,ok,17,17,9.2,145.3
mpd,8.0,4,ack-1f,w,3,3,0,ctl,ok,0,0,10.0,145.3
mpd,8.0,4,w48-16qam-r1/3,w48,19,2,1,data,ok,17,17,8.7,145.3
mpd,8.0,4,ack-1f,w,3,3,0,ctl,ok,0,0,7.8,145.3
mpd,8.0,4,w48-16qam-r1/3,w48,19,2,1,data,ok,17,6,8.0,145.3
mpd,8.0,4,ack-1f,w,4,4,0,ctl,ok,0,0,8.8,145.3
mpd,8.0,4,w48-16qam-r1/3,w48,19,2,1,data,ok,9,9,9.3,145.3
mpd,8.0,4,ack-1f,w,2,2,0,ctl,ok,0,0,11.2,145.3
mpd,8.0,4,w48-16qam-r1/3,w48,19,1,0,data,ok,18,18,9.8,145.3
mpd,8.0,4,ack-1f,w,2,2,0,ctl,ok,0,0,9.7,145.3
mpd,8.0,4,w48-16qam-r1/3,w48,19,1,0,data,ctl_lost,18,0,7.6,145.3
mpd,8.0,4,ack-4f,w,3,3,0,ctl,ok,0,0,10.2,145.3
mpd,8.0,4,ack-4f,w,2,2,0,ctl,ok,0,0,10.7,145.3
mpd,8.0,4,w48-qpsk-r1/2,w48,19,1,0,data,ok,18,18,8.3,145.3
mpd,8.0,4,ack-1f,w,2,2,0,ctl,ok,0,0,14.1,145.3
mpd,8.0,4,w48-qpsk-r1/2,w48,19,1,0,data,ok,18,18,9.1,145.3
mpd,8.0,4,ack-1f,w,2,2,0,ctl,ok,0,0,11.6,145.3
mpd,8.0,4,w48-qpsk-r1/2,w48,19,1,0,data,ok,18,18,9.0,145.3
mpd,8.0,4,ack-1f,w,2,2,0,ctl,ok,0,0,12.6,145.3
mpd,8.0,4,w48-qpsk-r1/2,w48,19,1,0,data,ok,18,18,7.9,145.3
mpd,8.0,4,ack-1f,w,2,2,0,ctl,ok,0,0,8.9,145.3
mpd,8.0,4,w48-qpsk-r1/2,w48,19,1,0,data,ok,18,18,9.1,145.3
mpd,8.0,4,ack-1f,w,2,2,0,ctl,ok,0,0,6.0,145.3
mpd,8.0,4,w48-qpsk-r1/2,w48,19,1,0,data,ok,18,18,8.5,145.3
mpd,8.0,4,ack-1f,w,2,2,0,ctl,ok,0,0,11.3,145.3
mpd,8.0,4,w48-qpsk-r1/2,w48,19,1,0,data,ok,18,18,9.2,145.3
mpd,8.0,4,ack-1f,w,2,2,0,ctl,ok,0,0,7.5,145.3
mpd,8.0,4,w48-qpsk-r1/2,w48,19,1,0,data,ok,18,18,8.8,145.3
mpd,8.0,4,ack-1f,w,2,2,0,ctl,ok,0,0,9.6,145.3
mpd,8.0,4,w48-qpsk-r1/2,w48,19,1,0,data,ok,18,18,9.2,145.3
mpd,8.0,4,ack-1f,w,2,2,0,ctl,ok,0,0,6.8,145.3
mpd,8.0,4,w48-qpsk-r1/2,w48,19,1,0,data,ok,18,18,8.5,145.3
mpd,8.0,4,ack-1f,w,2,2,0,ctl,ok,0,0,11.7,145.3
mpd,8.0,4,w48-qpsk-r1/2,w48,19,1,0,data,ok,18,18,8.9,145.3
mpd,8.0,4,ack-1f,w,2,2,0,ctl,ok,0,0,6.9,145.3
mpd,8.0,4,w48-qpsk-r1/2,w48,19,1,0,data,ok,18,18,9.7,145.3
mpd,8.0,4,ack-1f,w,3,3,0,ctl,ok,0,0,7.8,145.3
mpd,8.0,4,w48-16qam-r1/3,w48,19,2,1,data,ok,17,17,7.9,145.3
mpd,8.0,4,ack-1f,w,2,2,0,ctl,ok,0,0,9.9,145.3
mpd,8.0,4,w48-qpsk-r1/2,w48,19,1,0,data,ok,18,18,7.5,145.3
mpd,8.0,4,ack-1f,w,2,2,0,ctl,ok,0,0,11.2,145.3
mpd,8.0,4,w48-qpsk-r1/2,w48,19,1,0,data,ok,18,18,9.2,145.3
mpd,8.0,4,ack-1f,w,2,2,0,ctl,ok,0,0,10.0,145.3
mpd,8.0,4,w48-qpsk-r1/2,w48,19,1,0,data,ok,18,18,10.3,145.3
mpd,8.0,4,ack-1f,w,2,2,0,ctl,ok,0,0,11.0,145.3
mpd,8.0,4,w48-16qam-r1/3,w48,19,1,0,data,ctl_lost,18,1,6.9,145.3
mpd,8.0,4,ack-4f,w,3,3,0,ctl,ok,0,0,9.9,145.3
mpd,8.0,4,ack-4f,w,2,2,0,ctl,ok,0,0,9.3,145.3
mpd,8.0,4,w48-qpsk-r1/2,w48,19,1,0,data,ok,18,18,9.0,145.3
mpd,8.0,4,ack-1f,w,2,2,0,ctl,ok,0,0,10.9,145.3
mpd,8.0,4,w48-qpsk-r1/2,w48,19,1,0,data,ok,18,18,10.3,145.3
mpd,8.0,4,ack-1f,w,3,3,0,ctl,ok,0,0,8.5,145.3
mpd,8.0,4,w48-16qam-r1/3,w48,19,2,1,data,ok,17,17,9.3,145.3
mpd,8.0,4,ack-1f,w,3,3,0,ctl,ok,0,0,8.6,145.3
mpd,8.0,4,w48-16qam-r1/3,w48,19,2,1,data,ok,17,17,9.1,145.3
mpd,8.0,4,ack-1f,w,2,2,0,ctl,ok,0,0,10.2,145.3
mpd,8.0,4,w48-qpsk-r1/2,w48,19,1,0,data,ok,18,18,8.0,145.3
mpd,8.0,4,ack-1f,w,2,2,0,ctl,ok,0,0,9.5,145.3
mpd,8.0,4,w48-qpsk-r1/2,w48,19,1,0,data,ok,18,18,9.7,145.3
mpd,8.0,4,ack-1f,w,2,2,0,ctl,ok,0,0,10.0,145.3
mpd,8.0,4,w48-qpsk-r1/2,w48,19,1,0,data,ok,18,18,9.1,145.3
mpd,8.0,4,ack-1f,w,2,2,0,ctl,ok,0,0,9.9,145.3
mpd,8.0,4,w48-qpsk-r1/2,w48,19,1,0,data,ok,18,18,8.8,145.3
mpd,8.0,4,ack-1f,w,2,2,0,ctl,ok,0,0,9.0,145.3
mpd,8.0,4,w48-qpsk-r1/2,w48,19,1,0,data,ok,18,18,8.6,145.3
mpd,8.0,4,ack-1f,w,2,2,0,ctl,ok,0,0,9.8,145.3
mpd,8.0,4,w48-qpsk-r1/2,w48,19,1,0,data,ok,18,18,9.4,145.3
mpd,8.0,4,ack-1f,w,2,2,0,ctl,ok,0,0,7.6,145.3
mpd,8.0,4,w48-qpsk-r1/2,w48,19,1,0,data,ok,18,18,9.5,145.3
mpd,8.0,4,ack-1f,w,2,2,0,ctl,ok,0,0,10.4,145.3
mpd,8.0,4,w48-qpsk-r1/2,w48,19,1,0,data,ok,18,18,9.1,145.3
mpd,8.0,4,ack-1f,w,2,2,0,ctl,ok,0,0,6.0,145.3
mpd,8.0,4,w48-qpsk-r1/2,w48,19,1,0,data,ok,18,18,9.4,145.3
mpd,8.0,4,ack-1f,w,2,2,0,ctl,ok,0,0,12.6,145.3
mpd,8.0,4,w48-qpsk-r1/2,w48,19,1,0,data,ok,18,18,8.0,145.3
mpd,8.0,1,qpsk-r1/5,w,1,1,0,ctl,ok,0,0,10.0,159.8
mpd,8.0,1,qpsk-r1/5,w,1,1,0,ctl,ok,0,0,10.9,159.8
mpd,8.0,1,ack-4f,w,3,3,0,ctl,ok,0,0,12.1,159.8
mpd,8.0,1,ack-1f,w,2,2,0,ctl,ok,0,0,4.6,159.8
mpd,8.0,1,w48-16qam-r1/3,w48,19,1,0,data,ok,18,18,8.1,159.8
mpd,8.0,1,ack-1f,w,3,3,0,ctl,ok,0,0,9.1,159.8
mpd,8.0,1,w48-16qam-r1/3,w48,19,2,1,data,ok,17,17,9.2,159.8
mpd,8.0,1,ack-1f,w,2,2,0,ctl,ok,0,0,9.2,159.8
mpd,8.0,1,w48-16qam-r1/3,w48,19,1,0,data,ok,18,18,9.2,159.8
mpd,8.0,1,ack-1f,w,2,2,0,ctl,ok,0,0,10.1,159.8
mpd,8.0,1,w48-16qam-r1/3,w48,19,1,0,data,ok,18,18,9.1,159.8
mpd,8.0,1,ack-1f,w,2,2,0,ctl,ok,0,0,11.5,159.8
mpd,8.0,1,w48-16qam-r1/3,w48,19,1,0,data,ctl_lost,18,4,7.8,159.8
mpd,8.0,1,ack-4f,w,3,3,0,ctl,ok,0,0,8.8,159.8
mpd,8.0,1,ack-4f,w,3,3,0,ctl,ok,0,0,12.4,159.8
mpd,8.0,1,w48-qpsk-r1/2,w48,19,2,1,data,ok,17,17,8.8,159.8
mpd,8.0,1,ack-1f,w,2,2,0,ctl,ok,0,0,12.1,159.8
mpd,8.0,1,w48-qpsk-r1/2,w48,19,1,0,data,ok,18,18,9.2,159.8
mpd,8.0,1,ack-1f,w,3,3,0,ctl,ok,0,0,10.1,159.8
mpd,8.0,1,w48-16qam-r1/3,w48,19,2,1,data,ok,17,17,9.5,159.8
mpd,8.0,1,ack-1f,w,3,3,0,ctl,ok,0,0,9.3,159.8
mpd,8.0,1,w48-16qam-r1/3,w48,19,2,1,data,ok,17,17,9.0,159.8
mpd,8.0,1,ack-1f,w,3,3,0,ctl,ok,0,0,8.2,159.8
mpd,8.0,1,w48-16qam-r1/3,w48,19,2,1,data,ok,17,17,8.1,159.8
mpd,8.0,1,ack-1f,w,2,2,0,ctl,ok,0,0,12.7,159.8
mpd,8.0,1,w48-qpsk-r1/2,w48,19,1,0,data,ok,18,18,8.4,159.8
mpd,8.0,1,ack-1f,w,2,2,0,ctl,ok,0,0,12.2,159.8
mpd,8.0,1,w48-qpsk-r1/2,w48,19,1,0,data,ok,18,18,9.9,159.8
mpd,8.0,1,ack-1f,w,2,2,0,ctl,ok,0,0,12.1,159.8
mpd,8.0,1,w48-16qam-r1/3,w48,19,1,0,data,ok,18,18,9.7,159.8
mpd,8.0,1,ack-1f,w,2,2,0,ctl,ok,0,0,12.4,159.8
mpd,8.0,1,w48-16qam-r1/3,w48,19,1,0,data,ok,18,18,8.8,159.8
mpd,8.0,1,ack-1f,w,3,3,0,ctl,ok,0,0,11.1,159.8
mpd,8.0,1,w48-16qam-r1/3,w48,19,2,1,data,ok,17,17,8.8,159.8
mpd,8.0,1,ack-1f,w,3,3,0,ctl,ok,0,0,10.9,159.8
mpd,8.0,1,w48-16qam-r1/3,w48,19,2,1,data,ok,17,17,8.4,159.8
mpd,8.0,1,ack-1f,w,3,3,0,ctl,ok,0,0,13.0,159.8
mpd,8.0,1,w48-16qam-r1/3,w48,19,2,1,data,ok,17,17,9.8,159.8
mpd,8.0,1,ack-1f,w,2,2,0,ctl,ok,0,0,12.7,159.8
mpd,8.0,1,w48-16qam-r1/3,w48,19,1,0,data,ok,18,18,9.2,159.8
mpd,8.0,1,ack-1f,w,2,2,0,ctl,ok,0,0,13.9,159.8
mpd,8.0,1,w48-16qam-r1/3,w48,19,1,0,data,ok,18,18,9.9,159.8
mpd,8.0,1,ack-1f,w,2,2,0,ctl,ok,0,0,9.3,159.8
mpd,8.0,1,w48-16qam-r1/3,w48,19,1,0,data,ctl_lost,18,17,7.8,159.8
mpd,8.0,1,ack-4f,w,3,3,0,ctl,ok,0,0,5.9,159.8
mpd,8.0,1,ack-4f,w,3,3,0,ctl,ok,0,0,11.5,159.8
mpd,8.0,1,w48-qpsk-r1/2,w48,19,2,1,data,ok,17,17,8.2,159.8
mpd,8.0,1,ack-1f,w,2,2,0,ctl,ok,0,0,5.4,159.8
mpd,8.0,1,w48-qpsk-r1/2,w48,19,1,0,data,ok,18,18,7.3,159.8
mpd,8.0,1,ack-1f,w,2,2,0,ctl,ok,0,0,10.4,159.8
mpd,8.0,1,w48-qpsk-r1/2,w48,19,1,0,data,ok,18,18,9.7,159.8
mpd,8.0,1,ack-1f,w,3,3,0,ctl,ok,0,0,14.9,159.8
mpd,8.0,1,w48-16qam-r1/3,w48,19,2,1,data,ok,17,17,10.0,159.8
mpd,8.0,1,ack-1f,w,2,2,0,ctl,ok,0,0,8.7,159.8
mpd,8.0,1,w48-16qam-r1/3,w48,19,1,0,data,ok,18,18,9.6,159.8
mpd,8.0,1,ack-1f,w,2,2,0,ctl,ok,0,0,10.8,159.8
mpd,8.0,1,w48-16qam-r1/3,w48,19,1,0,data,ctl_lost,18,2,8.1,159.8
mpd,8.0,1,ack-4f,w,3,3,0,ctl,ok,0,0,12.1,159.8
mpd,8.0,1,ack-4f,w,2,2,0,ctl,ok,0,0,10.6,159.8
mpd,8.0,1,w48-qpsk-r1/2,w48,19,1,0,data,ok,18,18,9.8,159.8
mpd,8.0,1,ack-1f,w,3,3,0,ctl,ok,0,0,12.0,159.8
mpd,8.0,1,w48-16qam-r1/3,w48,19,2,1,data,ok,17,17,8.8,159.8
mpd,8.0,1,ack-1f,w,2,2,0,ctl,ok,0,0,13.2,159.8
mpd,8.0,1,w48-qpsk-r1/2,w48,19,1,0,data,ok,18,18,9.4,159.8
mpd,8.0,1,ack-1f,w,2,2,0,ctl,ok,0,0,11.1,159.8
mpd,8.0,1,w48-qpsk-r1/2,w48,19,1,0,data,ok,18,18,7.8,159.8
mpd,8.0,1,ack-1f,w,2,2,0,ctl,ok,0,0,9.8,159.8
mpd,8.0,1,w48-qpsk-r1/2,w48,19,1,0,data,ok,18,18,8.3,159.8
mpd,8.0,1,ack-1f,w,2,2,0,ctl,ok,0,0,8.8,159.8
mpd,8.0,1,w48-qpsk-r1/2,w48,19,1,0,data,ok,18,18,10.0,159.8
mpd,8.0,1,ack-1f,w,3,3,0,ctl,ok,0,0,8.5,159.8
mpd,8.0,1,w48-16qam-r1/3,w48,19,2,1,data,ok,17,17,8.4,159.8
mpd,8.0,1,ack-1f,w,2,2,0,ctl,ok,0,0,4.4,159.8
mpd,8.0,1,w48-qpsk-r1/2,w48,19,1,0,data,ok,18,18,8.5,159.8
mpd,8.0,1,ack-1f,w,2,2,0,ctl,ok,0,0,11.2,159.8
mpd,8.0,1,w48-qpsk-r1/2,w48,19,1,0,data,ok,18,18,9.4,159.8
mpd,8.0,1,ack-1f,w,3,3,0,ctl,ok,0,0,11.3,159.8
mpd,8.0,1,w48-16qam-r1/3,w48,19,2,1,data,ok,17,17,9.8,159.8
mpd,8.0,1,ack-1f,w,3,3,0,ctl,ok,0,0,12.7,159.8
mpd,8.0,1,w48-16qam-r1/3,w48,19,2,1,data,ok,17,3,7.8,159.8
mpd,8.0,1,ack-1f,w,4,4,0,ctl,ok,0,0,5.5,159.8
mpd,8.0,1,w48-16qam-r1/3,w48,19,2,1,data,ok,5,5,9.5,159.8
mpd,8.0,1,ack-1f,w,3,3,0,ctl,ok,0,0,10.1,159.8
mpd,8.0,1,w48-16qam-r1/3,w48,19,2,1,data,ok,17,17,9.2,159.8
mpd,8.0,1,ack-1f,w,2,2,0,ctl,ok,0,0,10.5,159.8
mpd,8.0,1,w48-16qam-r1/3,w48,19,1,0,data,ok,18,18,8.2,159.8
mpd,8.0,1,ack-1f,w,3,3,0,ctl,ok,0,0,10.1,159.8
mpd,8.0,1,w48-16qam-r1/3,w48,19,2,1,data,ok,17,17,8.0,159.8
mpd,8.0,1,ack-1f,w,2,2,0,ctl,ok,0,0,10.4,159.8
mpd,8.0,1,w48-qpsk-r1/2,w48,19,1,0,data,ok,18,18,8.1,159.8
mpd,8.0,1,ack-1f,w,2,2,0,ctl,ok,0,0,8.9,159.8
mpd,8.0,1,w48-qpsk-r1/2,w48,19,1,0,data,ok,18,18,9.1,159.8
mpd,8.0,1,ack-1f,w,3,3,0,ctl,ok,0,0,9.5,159.8
mpd,8.0,1,w48-16qam-r1/3,w48,19,2,1,data,ok,17,17,9.4,159.8
mpd,8.0,0,qpsk-r1/5,w,1,1,0,ctl,ok,0,0,10.2,151.3
mpd,8.0,0,qpsk-r1/5,w,1,1,0,ctl,ok,0,0,10.0,151.3
mpd,8.0,0,ack-4f,w,2,2,0,ctl,ok,0,0,10.9,151.3
mpd,8.0,0,ack-1f,w,3,3,0,ctl,ok,0,0,11.3,151.3
mpd,8.0,0,w48-16qam-r1/3,w48,19,2,1,data,ok,17,13,7.8,151.3
mpd,8.0,0,ack-1f,w,4,4,0,ctl,ok,0,0,9.9,151.3
mpd,8.0,0,w48-16qam-r1/3,w48,19,2,1,data,ok,13,13,8.2,151.3
mpd,8.0,0,ack-1f,w,3,3,0,ctl,ok,0,0,12.3,151.3
mpd,8.0,0,w48-16qam-r1/3,w48,19,2,1,data,ok,17,17,8.2,151.3
mpd,8.0,0,ack-1f,w,3,3,0,ctl,ok,0,0,12.1,151.3
mpd,8.0,0,w48-16qam-r1/3,w48,19,2,1,data,ok,17,17,8.1,151.3
mpd,8.0,0,ack-1f,w,3,3,0,ctl,ok,0,0,9.1,151.3
mpd,8.0,0,w48-16qam-r1/3,w48,19,2,1,data,ok,17,17,9.4,151.3
mpd,8.0,0,ack-1f,w,2,2,0,ctl,ok,0,0,8.6,151.3
mpd,8.0,0,w48-16qam-r1/3,w48,19,1,0,data,ok,18,18,8.4,151.3
mpd,8.0,0,ack-1f,w,2,2,0,ctl,ctl_lost,0,0,3.0,151.3
mpd,8.0,0,ack-4f,w,3,3,0,ctl,ok,0,0,9.9,151.3
mpd,8.0,0,ack-4f,w,3,3,0,ctl,ok,0,0,10.3,151.3
mpd,8.0,0,w48-16qam-r1/3,w48,19,2,1,data,ok,17,8,8.3,151.3
mpd,8.0,0,ack-1f,w,3,3,0,ctl,ok,0,0,13.2,151.3
mpd,8.0,0,w48-16qam-r1/3,w48,19,1,0,data,ok,9,9,9.5,151.3
mpd,8.0,0,ack-1f,w,2,2,0,ctl,ok,0,0,12.1,151.3
mpd,8.0,0,w48-16qam-r1/3,w48,19,1,0,data,ok,18,18,9.5,151.3
mpd,8.0,0,ack-1f,w,2,2,0,ctl,ok,0,0,11.9,151.3
mpd,8.0,0,w48-16qam-r1/3,w48,19,1,0,data,ok,18,18,10.1,151.3
mpd,8.0,0,ack-1f,w,2,2,0,ctl,ok,0,0,12.7,151.3
mpd,8.0,0,w48-16qam-r1/3,w48,19,1,0,data,ok,18,18,8.4,151.3
mpd,8.0,0,ack-1f,w,2,2,0,ctl,ok,0,0,13.3,151.3
mpd,8.0,0,w48-16qam-r1/3,w48,19,1,0,data,ctl_lost,18,2,7.3,151.3
mpd,8.0,0,ack-4f,w,2,2,0,ctl,ok,0,0,9.6,151.3
mpd,8.0,0,ack-4f,w,3,3,0,ctl,ok,0,0,11.3,151.3
mpd,8.0,0,w48-qpsk-r1/2,w48,19,2,1,data,ok,17,17,8.5,151.3
mpd,8.0,0,ack-1f,w,3,3,0,ctl,ok,0,0,4.6,151.3
mpd,8.0,0,w48-16qam-r1/3,w48,19,2,1,data,ok,17,17,9.0,151.3
mpd,8.0,0,ack-1f,w,3,3,0,ctl,ok,0,0,10.9,151.3
mpd,8.0,0,w48-16qam-r1/3,w48,19,2,1,data,ok,17,17,9.2,151.3
mpd,8.0,0,ack-1f,w,2,2,0,ctl,ok,0,0,13.0,151.3
mpd,8.0,0,w48-16qam-r1/3,w48,19,1,0,data,ok,18,17,8.1,151.3
mpd,8.0,0,ack-1f,w,3,3,0,ctl,ok,0,0,10.0,151.3
mpd,8.0,0,w48-16qam-r1/3,w48,19,2,1,data,ok,16,16,9.2,151.3
mpd,8.0,0,ack-1f,w,2,2,0,ctl,ok,0,0,11.9,151.3
mpd,8.0,0,w48-16qam-r1/3,w48,19,1,0,data,ok,18,4,7.8,151.3
mpd,8.0,0,ack-1f,w,4,4,0,ctl,ok,0,0,8.8,151.3
mpd,8.0,0,w48-16qam-r1/3,w48,19,2,1,data,ok,3,3,8.6,151.3
mpd,8.0,0,ack-1f,w,2,2,0,ctl,ok,0,0,6.4,151.3
mpd,8.0,0,w48-16qam-r1/3,w48,19,1,0,data,ok,18,18,9.1,151.3
mpd,8.0,0,ack-1f,w,2,2,0,ctl,ok,0,0,12.3,151.3
mpd,8.0,0,w48-16qam-r1/3,w48,19,1,0,data,ok,18,18,9.4,151.3
mpd,8.0,0,ack-1f,w,2,2,0,ctl,ok,0,0,10.9,151.3
mpd,8.0,0,w48-16qam-r1/3,w48,19,1,0,data,ctl_lost,18,17,8.1,151.3
mpd,8.0,0,ack-4f,w,3,3,0,ctl,ok,0,0,9.5,151.3
mpd,8.0,0,ack-4f,w,2,2,0,ctl,ok,0,0,11.2,151.3
mpd,8.0,0,w48-qpsk-r1/2,w48,19,1,0,data,ok,18,18,9.6,151.3
mpd,8.0,0,ack-1f,w,3,3,0,ctl,ok,0,0,10.3,151.3
mpd,8.0,0,w48-16qam-r1/3,w48,19,2,1,data,ok,17,17,9.8,151.3
mpd,8.0,0,ack-1f,w,2,2,0,ctl,ok,0,0,14.7,151.3
mpd,8.0,0,w48-16qam-r1/3,w48,19,1,0,data,ok,18,18,8.8,151.3
mpd,8.0,0,ack-1f,w,3,3,0,ctl,ok,0,0,11.1,151.3
mpd,8.0,0,w48-16qam-r1/3,w48,19,2,1,data,ok,17,17,9.0,151.3
mpd,8.0,0,ack-1f,w,2,2,0,ctl,ok,0,0,10.0,151.3
mpd,8.0,0,w48-16qam-r1/3,w48,19,1,0,data,ok,18,18,9.1,151.3
mpd,8.0,0,ack-1f,w,2,2,0,ctl,ok,0,0,14.1,151.3
mpd,8.0,0,w48-16qam-r1/3,w48,19,1,0,data,ctl_lost,18,0,7.2,151.3
mpd,8.0,0,ack-4f,w,2,2,0,ctl,ok,0,0,9.2,151.3
mpd,8.0,0,ack-4f,w,3,3,0,ctl,ok,0,0,11.2,151.3
mpd,8.0,0,w48-qpsk-r1/2,w48,19,2,1,data,ok,17,17,8.9,151.3
mpd,8.0,0,ack-1f,w,2,2,0,ctl,ok,0,0,13.6,151.3
mpd,8.0,0,w48-qpsk-r1/2,w48,19,1,0,data,ok,18,18,7.5,151.3
mpd,8.0,0,ack-1f,w,2,2,0,ctl,ok,0,0,7.5,151.3
mpd,8.0,0,w48-qpsk-r1/2,w48,19,1,0,data,ok,18,18,8.5,151.3
mpd,8.0,0,ack-1f,w,2,2,0,ctl,ok,0,0,13.9,151.3
mpd,8.0,0,w48-qpsk-r1/2,w48,19,1,0,data,ok,18,18,9.7,151.3
mpd,8.0,0,ack-1f,w,3,3,0,ctl,ok,0,0,10.0,151.3
mpd,8.0,0,w48-16qam-r1/3,w48,19,2,1,data,ok,17,12,8.2,151.3
mpd,8.0,0,ack-1f,w,4,4,0,ctl,ok,0,0,7.1,151.3
mpd,8.0,0,w48-16qam-r1/3,w48,19,2,1,data,ok,15,15,9.4,151.3
mpd,8.0,0,ack-1f,w,3,3,0,ctl,ok,0,0,6.6,151.3
mpd,8.0,0,w48-16qam-r1/3,w48,19,2,1,data,ok,17,17,8.5,151.3
mpd,8.0,0,ack-1f,w,3,3,0,ctl,ok,0,0,13.2,151.3
mpd,8.0,0,w48-16qam-r1/3,w48,19,2,1,data,ok,17,17,8.7,151.3
mpd,8.0,0,ack-1f,w,3,3,0,ctl,ok,0,0,13.4,151.3
mpd,8.0,0,w48-16qam-r1/3,w48,19,2,1,data,ok,17,17,9.9,151.3
mpd,8.0,0,ack-1f,w,2,2,0,ctl,ok,0,0,8.3,151.3
mpd,8.0,0,w48-16qam-r1/3,w48,19,1,0,data,ctl_lost,18,15,8.2,151.3
mpd,8.0,0,ack-4f,w,3,3,0,ctl,ok,0,0,11.1,151.3
mpd,8.0,0,ack-4f,w,2,2,0,ctl,ok,0,0,9.6,151.3
mpd,8.0,0,w48-qpsk-r1/2,w48,19,1,0,data,ok,18,18,8.7,151.3
mpd,8.0,0,ack-1f,w,2,2,0,ctl,ok,0,0,10.2,151.3
mpd,8.0,0,w48-qpsk-r1/2,w48,19,1,0,data,ok,18,18,9.4,151.3
mpd,8.0,0,ack-1f,w,3,3,0,ctl,ok,0,0,14.4,151.3
mpd,8.0,0,w48-16qam-r1/3,w48,19,2,1,data,ok,17,17,10.3,151.3
mpd,8.0,0,ack-1f,w,2,2,0,ctl,ok,0,0,11.7,151.3
mpd,8.0,0,w48-16qam-r1/3,w48,19,1,0,data,ok,18,16,8.0,151.3
mpd,8.0,0,ack-1f,w,4,4,0,ctl,ok,0,0,8.7,151.3
mpd,8.0,0,w48-16qam-r1/3,w48,19,2,1,data,ok,15,0,7.5,151.3
mpd,-6.0,0,qpsk-r1/5,w,1,1,0,ctl,ctl_lost,0,0,0.0,11.9
mpd,-6.0,0,n4-qpsk-r1/3,n4,1,1,0,ctl,ok,0,0,-5.3,11.9
mpd,-6.0,0,n4-qpsk-r1/3,n4,1,1,,ctl,missed,0,0,,11.9
mpd,-6.0,0,n4-qpsk-r1/3,n4,1,1,0,ctl,ok,0,0,-4.8,11.9
mpd,-6.0,0,n4-qpsk-r1/3,n4,1,1,0,ctl,ok,0,0,-6.8,11.9
mpd,-6.0,0,ack-4f,w,3,3,0,ctl,ok,0,0,-0.8,11.9
mpd,-6.0,0,n10-ack-4f,n10,2,2,,ctl,missed,0,0,,11.9
mpd,-6.0,0,ack-4f,w,3,3,0,ctl,ok,0,0,-2.5,11.9
mpd,-6.0,0,ack-4f,w,2,2,0,ctl,ok,0,0,-4.1,11.9
mpd,-6.0,0,fsk32r62-r1/2,c32r62,9,1,0,data,ok,8,8,-3.1,11.9
mpd,-6.0,0,n4-ack-8f,n4,3,3,0,ctl,ok,0,0,-4.4,11.9
mpd,-6.0,0,fsk32r62-r1/2,c32r62,10,2,1,data,ok,8,8,-3.8,11.9
mpd,-6.0,0,n10-ack-4f,n10,3,3,0,ctl,ok,0,0,-2.1,11.9
mpd,-6.0,0,fsk32r62-r1/2,c32r62,10,2,1,data,ok,8,8,-3.1,11.9
mpd,-6.0,0,ack-4f,w,2,2,0,ctl,ok,0,0,-0.7,11.9
mpd,-6.0,0,fsk32r62-r1/2,c32r62,9,1,0,data,ok,8,8,-3.3,11.9
mpd,-6.0,0,ack-4f,w,2,2,,ctl,missed,0,0,,11.9
mpd,-6.0,0,ack-4f,w,3,3,0,ctl,ok,0,0,-4.0,11.9
mpd,-6.0,0,ack-4f,w,2,2,0,ctl,ok,0,0,-3.2,11.9
mpd,-6.0,0,fsk32r62-r1/2,c32r62,9,1,0,data,ok,8,7,-4.0,11.9
mpd,-6.0,0,ack-4f,w,3,3,0,ctl,ok,0,0,0.6,11.9
mpd,-6.0,0,fsk32r62-r1/2,c32r62,10,2,1,data,ok,7,7,-3.4,11.9
mpd,-6.0,0,ack-4f,w,2,2,0,ctl,ok,0,0,-4.4,11.9
mpd,-6.0,0,fsk32r62-r1/2,c32r62,9,1,0,data,ok,8,8,-3.5,11.9
mpd,-6.0,0,ack-4f,w,2,2,0,ctl,ok,0,0,-3.1,11.9
mpd,-6.0,0,fsk32r62-r1/2,c32r62,9,1,0,data,ok,8,8,-3.1,11.9
mpd,-6.0,0,ack-4f,w,2,2,0,ctl,ok,0,0,-4.6,11.9
mpd,-6.0,0,fsk32r62-r1/2,c32r62,9,1,0,data,ok,8,8,-3.4,11.9
mpd,-6.0,0,ack-4f,w,2,2,0,ctl,ok,0,0,-1.6,11.9
mpd,-6.0,0,fsk32r62-r1/2,c32r62,9,1,0,data,ok,8,8,-3.1,11.9
mpd,-6.0,0,ack-4f,w,2,2,0,ctl,ok,0,0,-2.0,11.9
mpd,-6.0,0,fsk32r62-r1/2,c32r62,9,1,0,data,ctl_lost,8,8,-3.6,11.9
mpd,-6.0,0,ack-4f,w,2,2,0,ctl,ok,0,0,-1.6,11.9
mpd,-6.0,0,ack-4f,w,2,2,0,ctl,ok,0,0,-5.1,11.9
mpd,-6.0,0,fsk32r62-r1/2,c32r62,9,1,0,data,ok,8,8,-3.6,11.9
mpd,-6.0,0,ack-4f,w,3,3,0,ctl,ok,0,0,-1.6,11.9
mpd,-6.0,0,fsk32r62-r1/2,c32r62,10,2,1,data,ok,8,7,-3.7,11.9
mpd,-6.0,0,ack-4f,w,3,3,0,ctl,ok,0,0,-3.8,11.9
mpd,-6.0,0,fsk32r62-r1/2,c32r62,10,2,1,data,ok,7,7,-3.4,11.9
mpd,-6.0,0,ack-4f,w,3,3,0,ctl,ok,0,0,-2.8,11.9
mpd,-6.0,0,fsk32r62-r1/2,c32r62,10,2,1,data,ok,8,8,-3.2,11.9
mpd,-6.0,0,ack-4f,w,2,2,0,ctl,ok,0,0,-2.9,11.9
mpd,-6.0,0,fsk32r62-r1/2,c32r62,9,1,0,data,ok,8,8,-3.5,11.9
mpd,-6.0,0,ack-4f,w,2,2,0,ctl,ok,0,0,-1.6,11.9
mpd,-6.0,0,fsk32r62-r1/2,c32r62,9,1,0,data,ok,8,8,-3.3,11.9
mpd,-6.0,0,ack-4f,w,2,2,0,ctl,ctl_lost,0,0,-4.7,11.9
mpd,-6.0,1,qpsk-r1/5,w,1,1,0,ctl,ctl_lost,0,0,-5.0,11.1
mpd,-6.0,1,n4-qpsk-r1/3,n4,1,1,0,ctl,ok,0,0,-5.4,11.1
mpd,-6.0,1,n4-qpsk-r1/3,n4,1,1,,ctl,missed,0,0,,11.1
mpd,-6.0,1,n4-qpsk-r1/3,n4,1,1,0,ctl,ok,0,0,-6.0,11.1
mpd,-6.0,1,n4-qpsk-r1/3,n4,1,1,,ctl,missed,0,0,,11.1
mpd,-6.0,1,n4-qpsk-r1/3,n4,1,1,0,ctl,ok,0,0,-5.8,11.1
mpd,-6.0,1,n4-qpsk-r1/3,n4,1,1,0,ctl,ok,0,0,-3.9,11.1
mpd,-6.0,1,ack-4f,w,3,3,0,ctl,ok,0,0,-2.9,11.1
mpd,-6.0,1,n10-ack-4f,n10,2,2,,ctl,missed,0,0,,11.1
mpd,-6.0,1,ack-4f,w,3,3,0,ctl,ok,0,0,-2.7,11.1
mpd,-6.0,1,ack-4f,w,3,3,0,ctl,ok,0,0,-2.5,11.1
mpd,-6.0,1,fsk32r62-r1/2,c32r62,10,2,1,data,ok,8,7,-3.7,11.1
mpd,-6.0,1,ack-4f,w,3,3,0,ctl,ok,0,0,0.2,11.1
mpd,-6.0,1,fsk32r62-r1/2,c32r62,10,2,1,data,ok,7,7,-3.5,11.1
mpd,-6.0,1,ack-4f,w,3,3,0,ctl,ok,0,0,-4.5,11.1
mpd,-6.0,1,fsk32r62-r1/2,c32r62,10,2,1,data,ok,8,8,-3.9,11.1
mpd,-6.0,1,ack-4f,w,3,3,0,ctl,ok,0,0,-1.3,11.1
mpd,-6.0,1,fsk32r62-r1/2,c32r62,10,2,1,data,ok,8,8,-3.0,11.1
mpd,-6.0,1,ack-4f,w,2,2,0,ctl,ok,0,0,-3.4,11.1
mpd,-6.0,1,fsk32r62-r1/2,c32r62,9,1,0,data,ok,8,8,-3.1,11.1
mpd,-6.0,1,ack-4f,w,2,2,0,ctl,ok,0,0,-2.6,11.1
mpd,-6.0,1,fsk32r62-r1/2,c32r62,9,1,0,data,ok,8,8,-3.3,11.1
mpd,-6.0,1,ack-4f,w,2,2,,ctl,missed,0,0,,11.1
mpd,-6.0,1,ack-4f,w,3,3,0,ctl,ok,0,0,-1.7,11.1
mpd,-6.0,1,ack-4f,w,2,2,0,ctl,ok,0,0,-4.2,11.1
mpd,-6.0,1,fsk32r62-r1/2,c32r62,9,1,0,data,ok,8,8,-3.1,11.1
mpd,-6.0,1,ack-4f,w,2,2,0,ctl,ok,0,0,-2.2,11.1
mpd,-6.0,1,fsk32r62-r1/2,c32r62,9,1,0,data,ok,8,8,-4.2,11.1
mpd,-6.0,1,ack-4f,w,2,2,0,ctl,ok,0,0,-4.7,11.1
mpd,-6.0,1,fsk32r62-r1/2,c32r62,9,1,0,data,ok,8,8,-3.0,11.1
mpd,-6.0,1,ack-4f,w,2,2,0,ctl,ok,0,0,1.0,11.1
mpd,-6.0,1,fsk32r62-r1/2,c32r62,9,1,0,data,ok,8,7,-3.5,11.1
mpd,-6.0,1,ack-4f,w,3,3,0,ctl,ok,0,0,-1.2,11.1
mpd,-6.0,1,fsk32r62-r1/2,c32r62,9,1,0,data,ok,7,7,-3.4,11.1
mpd,-6.0,1,ack-4f,w,2,2,0,ctl,ok,0,0,-3.4,11.1
mpd,-6.0,1,fsk32r62-r1/2,c32r62,9,1,,data,missed,0,0,,11.1
mpd,-6.0,1,ack-4f,w,3,3,0,ctl,ok,0,0,-2.7,11.1
mpd,-6.0,1,ack-4f,w,2,2,0,ctl,ok,0,0,-0.5,11.1
mpd,-6.0,1,fsk32r62-r1/2,c32r62,9,1,0,data,ok,8,8,-4.0,11.1
mpd,-6.0,1,ack-4f,w,2,2,0,ctl,ok,0,0,-5.2,11.1
mpd,-6.0,1,fsk32r62-r1/2,c32r62,9,1,0,data,ok,8,8,-3.1,11.1
mpd,-6.0,1,ack-4f,w,2,2,0,ctl,ok,0,0,-1.7,11.1
mpd,-6.0,1,fsk32r62-r1/2,c32r62,9,1,0,data,ok,8,8,-3.6,11.1
mpd,-6.0,1,ack-4f,w,2,2,0,ctl,ok,0,0,-2.4,11.1
mpd,-6.0,1,fsk32r62-r1/2,c32r62,9,1,0,data,ok,8,8,-2.9,11.1
mpd,-6.0,1,ack-4f,w,2,2,0,ctl,ok,0,0,-6.9,11.1
mpd,-6.0,1,fsk32r62-r1/2,c32r62,9,1,0,data,ok,8,8,-3.4,11.1
mpd,8.0,5,qpsk-r1/5,w,1,1,0,ctl,ok,0,0,9.8,174.2
mpd,8.0,5,qpsk-r1/5,w,1,1,0,ctl,ok,0,0,11.2,174.2
mpd,8.0,5,ack-4f,w,3,3,0,ctl,ok,0,0,10.3,174.2
mpd,8.0,5,ack-1f,w,2,2,0,ctl,ok,0,0,13.3,174.2
mpd,8.0,5,w48-qpsk-r1/2,w48,19,1,0,data,ok,18,18,10.8,174.2
mpd,8.0,5,ack-1f,w,2,2,0,ctl,ok,0,0,11.6,174.2
mpd,8.0,5,w48-16qam-r1/3,w48,19,1,0,data,ok,18,18,9.1,174.2
mpd,8.0,5,ack-1f,w,2,2,0,ctl,ok,0,0,9.7,174.2
mpd,8.0,5,w48-16qam-r1/3,w48,19,1,0,data,ok,18,18,8.3,174.2
mpd,8.0,5,ack-1f,w,3,3,0,ctl,ok,0,0,13.3,174.2
mpd,8.0,5,w48-16qam-r1/3,w48,19,2,1,data,ok,17,17,8.8,174.2
mpd,8.0,5,ack-1f,w,3,3,0,ctl,ok,0,0,12.6,174.2
mpd,8.0,5,w48-16qam-r1/3,w48,19,2,1,data,ok,17,15,8.2,174.2
mpd,8.0,5,ack-1f,w,4,4,0,ctl,ok,0,0,12.6,174.2
mpd,8.0,5,w48-16qam-r1/3,w48,19,2,1,data,ok,15,4,7.4,174.2
mpd,8.0,5,ack-1f,w,4,4,0,ctl,ok,0,0,9.5,174.2
mpd,8.0,5,w48-16qam-r1/3,w48,19,2,1,data,ok,7,7,9.3,174.2
mpd,8.0,5,ack-1f,w,2,2,0,ctl,ok,0,0,11.4,174.2
mpd,8.0,5,w48-16qam-r1/3,w48,19,1,0,data,ok,18,18,8.8,174.2
mpd,8.0,5,ack-1f,w,2,2,0,ctl,ok,0,0,10.1,174.2
mpd,8.0,5,w48-16qam-r1/3,w48,19,1,0,data,ok,18,18,8.7,174.2
mpd,8.0,5,ack-1f,w,2,2,0,ctl,ok,0,0,14.3,174.2
mpd,8.0,5,w48-16qam-r1/3,w48,19,1,0,data,ok,18,18,8.5,174.2
mpd,8.0,5,ack-1f,w,2,2,0,ctl,ok,0,0,9.4,174.2
mpd,8.0,5,w48-16qam-r1/3,w48,19,1,0,data,ok,18,18,9.3,174.2
mpd,8.0,5,ack-1f,w,2,2,0,ctl,ok,0,0,9.8,174.2
mpd,8.0,5,w48-16qam-r1/3,w48,19,1,0,data,ok,18,18,8.5,174.2
mpd,8.0,5,ack-1f,w,2,2,0,ctl,ok,0,0,7.9,174.2
mpd,8.0,5,w48-16qam-r1/3,w48,19,1,0,data,ok,18,18,8.4,174.2
mpd,8.0,5,ack-1f,w,2,2,0,ctl,ok,0,0,14.0,174.2
mpd,8.0,5,w48-16qam-r1/3,w48,19,1,0,data,ok,18,18,10.5,174.2
mpd,8.0,5,ack-1f,w,2,2,0,ctl,ok,0,0,11.9,174.2
mpd,8.0,5,w48-16qam-r1/3,w48,19,1,0,data,ok,18,18,8.5,174.2
mpd,8.0,5,ack-1f,w,2,2,0,ctl,ok,0,0,11.3,174.2
mpd,8.0,5,w48-16qam-r1/3,w48,19,1,0,data,ok,18,13,7.4,174.2
mpd,8.0,5,ack-1f,w,4,4,0,ctl,ok,0,0,12.5,174.2
mpd,8.0,5,w48-16qam-r1/3,w48,19,2,1,data,ok,12,12,10.6,174.2
mpd,8.0,5,ack-1f,w,2,2,0,ctl,ok,0,0,12.7,174.2
mpd,8.0,5,w48-16qam-r1/3,w48,19,1,0,data,ok,18,18,9.3,174.2
mpd,8.0,5,ack-1f,w,2,2,0,ctl,ok,0,0,10.4,174.2
mpd,8.0,5,w48-16qam-r1/3,w48,19,1,0,data,ok,18,18,8.3,174.2
mpd,8.0,5,ack-1f,w,2,2,0,ctl,ok,0,0,12.0,174.2
mpd,8.0,5,w48-16qam-r1/3,w48,19,1,0,data,ok,18,18,9.8,174.2
mpd,8.0,5,ack-1f,w,2,2,0,ctl,ok,0,0,9.6,174.2
mpd,8.0,5,w48-16qam-r1/3,w48,19,1,0,data,ok,18,18,9.3,174.2
mpd,8.0,5,ack-1f,w,2,2,0,ctl,ok,0,0,11.1,174.2
mpd,8.0,5,w48-16qam-r1/3,w48,19,1,0,data,ok,18,18,9.9,174.2
mpd,8.0,5,ack-1f,w,2,2,0,ctl,ok,0,0,7.3,174.2
mpd,8.0,5,w48-16qam-r1/3,w48,19,1,0,data,ok,18,18,9.8,174.2
mpd,8.0,5,ack-1f,w,2,2,0,ctl,ok,0,0,11.1,174.2
mpd,8.0,5,w48-16qam-r1/3,w48,19,1,0,data,ok,18,18,9.3,174.2
mpd,8.0,5,ack-1f,w,2,2,0,ctl,ok,0,0,14.9,174.2
mpd,8.0,5,w48-16qam-r1/3,w48,19,1,0,data,ok,18,18,7.7,174.2
mpd,8.0,5,ack-1f,w,2,2,0,ctl,ok,0,0,13.1,174.2
mpd,8.0,5,w48-16qam-r1/3,w48,19,1,0,data,ok,18,18,8.5,174.2
mpd,8.0,5,ack-1f,w,2,2,0,ctl,ok,0,0,11.9,174.2
mpd,8.0,5,w48-16qam-r1/3,w48,19,1,0,data,ctl_lost,18,0,7.1,174.2
mpd,8.0,5,ack-4f,w,2,2,0,ctl,ok,0,0,10.4,174.2
mpd,8.0,5,ack-4f,w,2,2,0,ctl,ok,0,0,12.6,174.2
mpd,8.0,5,w48-qpsk-r1/2,w48,19,1,0,data,ok,18,18,9.1,174.2
mpd,8.0,5,ack-1f,w,2,2,0,ctl,ok,0,0,12.1,174.2
mpd,8.0,5,w48-16qam-r1/3,w48,19,1,0,data,ok,18,18,8.9,174.2
mpd,8.0,5,ack-1f,w,2,2,0,ctl,ok,0,0,10.6,174.2
mpd,8.0,5,w48-16qam-r1/3,w48,19,1,0,data,ctl_lost,18,10,7.9,174.2
mpd,8.0,5,ack-4f,w,3,3,0,ctl,ok,0,0,10.1,174.2
mpd,8.0,5,ack-4f,w,2,2,0,ctl,ok,0,0,10.6,174.2
mpd,8.0,5,w48-qpsk-r1/2,w48,19,1,0,data,ok,18,18,7.5,174.2
mpd,8.0,5,ack-1f,w,3,3,0,ctl,ok,0,0,13.0,174.2
mpd,8.0,5,w48-qpsk-r1/2,w48,19,2,1,data,ok,17,17,9.9,174.2
mpd,8.0,5,ack-1f,w,3,3,0,ctl,ok,0,0,7.6,174.2
mpd,8.0,5,w48-16qam-r1/3,w48,19,2,1,data,ok,17,17,9.8,174.2
mpd,8.0,5,ack-1f,w,2,2,0,ctl,ok,0,0,11.2,174.2
mpd,8.0,5,w48-16qam-r1/3,w48,19,1,0,data,ok,18,18,9.0,174.2
mpd,8.0,5,ack-1f,w,3,3,0,ctl,ok,0,0,8.1,174.2
mpd,8.0,5,w48-16qam-r1/3,w48,19,2,1,data,ok,17,17,9.5,174.2
mpd,8.0,5,ack-1f,w,2,2,0,ctl,ok,0,0,12.9,174.2
mpd,8.0,5,w48-16qam-r1/3,w48,19,1,0,data,ok,18,18,9.0,174.2
mpd,8.0,5,ack-1f,w,2,2,0,ctl,ok,0,0,8.5,174.2
mpd,8.0,5,w48-16qam-r1/3,w48,19,1,0,data,ok,18,18,8.7,174.2
mpd,8.0,5,ack-1f,w,3,3,0,ctl,ok,0,0,12.7,174.2
mpd,8.0,5,w48-16qam-r1/3,w48,19,2,1,data,ok,17,17,9.3,174.2
mpd,8.0,5,ack-1f,w,2,2,0,ctl,ok,0,0,12.1,174.2
mpd,8.0,5,w48-16qam-r1/3,w48,19,1,0,data,ok,18,18,8.4,174.2
mpd,8.0,5,ack-1f,w,3,3,0,ctl,ok,0,0,10.9,174.2
mpd,8.0,5,w48-16qam-r1/3,w48,19,2,1,data,ok,17,17,9.0,174.2
mpd,8.0,5,ack-1f,w,2,2,0,ctl,ok,0,0,6.9,174.2
mpd,8.0,5,w48-16qam-r1/3,w48,19,1,0,data,ok,18,18,8.2,174.2
mpd,8.0,5,ack-1f,w,3,3,0,ctl,ok,0,0,10.5,174.2
mpd,8.0,5,w48-16qam-r1/3,w48,19,2,1,data,ok,17,17,8.4,174.2
mpd,8.0,5,ack-1f,w,3,3,0,ctl,ok,0,0,11.8,174.2
mpd,8.0,5,w48-16qam-r1/3,w48,19,2,1,data,ok,17,16,8.1,174.2
mpd,8.0,5,ack-1f,w,4,4,0,ctl,ok,0,0,10.9,174.2
mpd,8.0,5,w48-16qam-r1/3,w48,19,2,1,data,ok,16,14,7.8,174.2
mpd,-6.0,4,qpsk-r1/5,w,1,1,0,ctl,ctl_lost,0,0,-2.5,13.6
mpd,-6.0,4,n4-qpsk-r1/3,n4,1,1,0,ctl,ok,0,0,-6.8,13.6
mpd,-6.0,4,n4-qpsk-r1/3,n4,1,1,0,ctl,ok,0,0,-8.5,13.6
mpd,-6.0,4,ack-4f,w,3,3,0,ctl,ok,0,0,-2.2,13.6
mpd,-6.0,4,n10-ack-4f,n10,2,2,0,ctl,ok,0,0,-3.6,13.6
mpd,-6.0,4,fsk32r62-r1/2,c32r62,9,1,0,data,ok,8,8,-3.3,13.6
mpd,-6.0,4,ack-4f,w,3,3,0,ctl,ok,0,0,-2.0,13.6
mpd,-6.0,4,fsk32r62-r1/2,c32r62,10,2,1,data,ok,8,8,-3.5,13.6
mpd,-6.0,4,ack-4f,w,3,3,0,ctl,ok,0,0,-1.9,13.6
mpd,-6.0,4,fsk32r62-r1/2,c32r62,10,2,1,data,ok,8,8,-3.4,13.6
mpd,-6.0,4,ack-4f,w,2,2,0,ctl,ok,0,0,-1.7,13.6
mpd,-6.0,4,fsk32r62-r1/2,c32r62,9,1,0,data,ok,8,8,-4.1,13.6
mpd,-6.0,4,ack-4f,w,3,3,0,ctl,ok,0,0,-5.0,13.6
mpd,-6.0,4,fsk32r62-r1/2,c32r62,10,2,1,data,ok,8,8,-3.3,13.6
mpd,-6.0,4,ack-4f,w,2,2,0,ctl,ok,0,0,0.5,13.6
mpd,-6.0,4,fsk32r62-r1/2,c32r62,9,1,0,data,ok,8,8,-3.9,13.6
mpd,-6.0,4,ack-4f,w,2,2,0,ctl,ok,0,0,-3.7,13.6
mpd,-6.0,4,fsk32r62-r1/2,c32r62,9,1,0,data,ok,8,8,-2.9,13.6
mpd,-6.0,4,ack-4f,w,2,2,0,ctl,ok,0,0,-3.1,13.6
mpd,-6.0,4,fsk32r62-r1/2,c32r62,9,1,0,data,ok,8,8,-2.9,13.6
mpd,-6.0,4,ack-4f,w,2,2,0,ctl,ok,0,0,-3.5,13.6
mpd,-6.0,4,fsk32r62-r1/2,c32r62,9,1,0,data,ok,8,8,-3.5,13.6
mpd,-6.0,4,ack-4f,w,2,2,0,ctl,ok,0,0,-3.1,13.6
mpd,-6.0,4,fsk32r62-r1/2,c32r62,9,1,0,data,ok,8,8,-2.8,13.6
mpd,-6.0,4,ack-4f,w,2,2,0,ctl,ok,0,0,-3.2,13.6
mpd,-6.0,4,fsk32r62-r1/2,c32r62,9,1,0,data,ok,8,8,-3.4,13.6
mpd,-6.0,4,ack-4f,w,2,2,0,ctl,ok,0,0,-4.7,13.6
mpd,-6.0,4,fsk32r62-r1/2,c32r62,9,1,0,data,ok,8,8,-3.6,13.6
mpd,-6.0,4,ack-4f,w,2,2,0,ctl,ok,0,0,-5.0,13.6
mpd,-6.0,4,fsk32r62-r1/2,c32r62,9,1,0,data,ok,8,8,-3.8,13.6
mpd,-6.0,4,ack-4f,w,2,2,0,ctl,ok,0,0,-0.7,13.6
mpd,-6.0,4,fsk32r62-r1/2,c32r62,9,1,0,data,ok,8,8,-3.3,13.6
mpd,-6.0,4,ack-4f,w,2,2,0,ctl,ok,0,0,-4.4,13.6
mpd,-6.0,4,fsk32r62-r1/2,c32r62,9,1,0,data,ok,8,8,-3.4,13.6
mpd,-6.0,4,ack-4f,w,2,2,0,ctl,ok,0,0,-2.2,13.6
mpd,-6.0,4,fsk32r62-r1/2,c32r62,9,1,0,data,ok,8,8,-3.6,13.6
mpd,-6.0,4,ack-4f,w,2,2,0,ctl,ok,0,0,-4.1,13.6
mpd,-6.0,4,fsk32r62-r1/2,c32r62,9,1,0,data,ok,8,8,-3.3,13.6
mpd,-6.0,4,ack-4f,w,2,2,0,ctl,ok,0,0,-5.3,13.6
mpd,-6.0,4,fsk32r62-r1/2,c32r62,9,1,0,data,ok,8,8,-3.7,13.6
mpd,-6.0,4,ack-4f,w,2,2,,ctl,missed,0,0,,13.6
mpd,-6.0,4,ack-4f,w,3,3,0,ctl,ok,0,0,-1.7,13.6
mpd,-6.0,2,qpsk-r1/5,w,1,1,0,ctl,ctl_lost,0,0,-4.3,9.8
mpd,-6.0,2,n4-qpsk-r1/3,n4,1,1,0,ctl,ok,0,0,-6.3,9.8
mpd,-6.0,2,n4-qpsk-r1/3,n4,1,1,,ctl,missed,0,0,,9.8
mpd,-6.0,2,n4-qpsk-r1/3,n4,1,1,0,ctl,ok,0,0,-5.5,9.8
mpd,-6.0,2,n4-qpsk-r1/3,n4,1,1,,ctl,missed,0,0,,9.8
mpd,-6.0,2,n4-qpsk-r1/3,n4,1,1,0,ctl,ok,0,0,-8.9,9.8
mpd,-6.0,2,n4-qpsk-r1/3,n4,1,1,0,ctl,ok,0,0,-5.0,9.8
mpd,-6.0,2,ack-4f,w,3,3,0,ctl,ok,0,0,-1.9,9.8
mpd,-6.0,2,n10-ack-4f,n10,2,2,,ctl,missed,0,0,,9.8
mpd,-6.0,2,ack-4f,w,3,3,0,ctl,ok,0,0,-2.2,9.8
mpd,-6.0,2,ack-4f,w,3,3,0,ctl,ctl_lost,0,0,-5.8,9.8
mpd,-6.0,2,ack-4f,w,2,2,0,ctl,ok,0,0,-1.4,9.8
mpd,-6.0,2,ack-4f,w,3,3,0,ctl,ok,0,0,-1.7,9.8
mpd,-6.0,2,fsk32r62-r1/2,c32r62,10,2,1,data,ok,8,8,-3.2,9.8
mpd,-6.0,2,polar-k96-f8,w,1,1,0,ctl,ctl_lost,0,0,-5.6,9.8
mpd,-6.0,2,ack-4f,w,3,3,0,ctl,ok,0,0,-3.1,9.8
mpd,-6.0,2,ack-4f,w,2,2,0,ctl,ok,0,0,-3.2,9.8
mpd,-6.0,2,fsk32r62-r1/2,c32r62,9,1,0,data,ok,8,8,-3.4,9.8
mpd,-6.0,2,n4-ack-8f,n4,3,3,,ctl,missed,0,0,,9.8
mpd,-6.0,2,ack-4f,w,3,3,0,ctl,ok,0,0,-0.6,9.8
mpd,-6.0,2,ack-4f,w,2,2,0,ctl,ctl_lost,0,0,-11.4,9.8
mpd,-6.0,2,ack-4f,w,3,3,0,ctl,ok,0,0,-0.9,9.8
mpd,-6.0,2,ack-4f,w,3,3,0,ctl,ok,0,0,-1.6,9.8
mpd,-6.0,2,qpsk-r1/5,w,9,2,1,data,ok,7,0,-2.6,9.8
mpd,-6.0,2,polar-k96-f4,w,1,1,0,ctl,ok,0,0,-1.7,9.8
mpd,-6.0,2,fsk32r62-r1/2,c32r62,9,1,0,data,ok,8,8,-3.3,9.8
mpd,-6.0,2,ack-4f,w,2,2,0,ctl,ok,0,0,-4.0,9.8
mpd,-6.0,2,fsk32r62-r1/2,c32r62,9,1,0,data,ok,8,8,-3.2,9.8
mpd,-6.0,2,ack-4f,w,2,2,0,ctl,ok,0,0,-5.7,9.8
mpd,-6.0,2,fsk32r62-r1/2,c32r62,9,1,0,data,ok,8,8,-3.2,9.8
mpd,-6.0,2,ack-4f,w,2,2,0,ctl,ok,0,0,-0.7,9.8
mpd,-6.0,2,fsk32r62-r1/2,c32r62,9,1,0,data,ctl_lost,8,8,-3.0,9.8
mpd,-6.0,2,ack-4f,w,3,3,0,ctl,ok,0,0,-2.9,9.8
mpd,-6.0,2,ack-4f,w,3,3,0,ctl,ok,0,0,-3.9,9.8
mpd,-6.0,2,fsk32r62-r1/2,c32r62,10,2,1,data,ok,8,8,-3.5,9.8
mpd,-6.0,2,ack-4f,w,3,3,0,ctl,ok,0,0,-4.8,9.8
mpd,-6.0,2,fsk32r62-r1/2,c32r62,10,2,1,data,ok,8,8,-3.5,9.8
mpd,-6.0,2,ack-4f,w,3,3,0,ctl,ok,0,0,-4.9,9.8
mpd,-6.0,2,fsk32r62-r1/2,c32r62,10,2,1,data,ok,8,8,-3.5,9.8
mpd,-6.0,2,ack-4f,w,3,3,0,ctl,ok,0,0,-1.9,9.8
mpd,-6.0,2,fsk32r62-r1/2,c32r62,10,2,1,data,ok,8,8,-3.5,9.8
mpd,-6.0,2,ack-4f,w,3,3,0,ctl,ok,0,0,0.2,9.8
mpd,-6.0,2,fsk32r62-r1/2,c32r62,10,2,1,data,ok,8,7,-3.6,9.8
mpd,-6.0,2,ack-4f,w,3,3,0,ctl,ok,0,0,-2.9,9.8
mpd,-6.0,2,fsk32r62-r1/2,c32r62,10,2,1,data,ok,7,7,-3.8,9.8
mpd,-6.0,2,ack-4f,w,3,3,0,ctl,ctl_lost,0,0,-3.8,9.8
mpd,-6.0,2,ack-4f,w,3,3,0,ctl,ok,0,0,0.3,9.8
mpd,-6.0,2,ack-4f,w,2,2,,ctl,missed,0,0,,9.8
mpd,-6.0,2,ack-4f,w,3,3,0,ctl,ok,0,0,-7.2,9.8
mpd,-6.0,2,ack-4f,w,2,2,,ctl,missed,0,0,,9.8
mpd,-6.0,2,ack-4f,w,3,3,0,ctl,ok,0,0,-2.4,9.8
mpd,-6.0,2,ack-4f,w,3,3,,ctl,missed,0,0,,9.8
mpd,-6.0,2,ack-4f,w,3,3,0,ctl,ok,0,0,-3.1,9.8
mpd,-6.0,2,ack-4f,w,2,2,0,ctl,ok,0,0,-0.2,9.8
mpd,-6.0,2,fsk32r62-r1/2,c32r62,9,1,0,data,ok,8,8,-3.6,9.8
mpd,-6.0,2,ack-4f,w,2,2,,ctl,missed,0,0,,9.8
mpd,-6.0,2,ack-4f,w,3,3,,ctl,missed,0,0,,9.8
mpd,-6.0,2,ack-4f,w,3,3,0,ctl,ok,0,0,-1.6,9.8
mpd,-6.0,2,ack-4f,w,2,2,0,ctl,ok,0,0,-4.0,9.8
mpd,-6.0,2,fsk32r62-r1/2,c32r62,9,1,0,data,ok,8,8,-3.1,9.8
mpd,-6.0,2,ack-4f,w,2,2,0,ctl,ok,0,0,-2.6,9.8
mpd,-6.0,2,fsk32r62-r1/2,c32r62,9,1,0,data,ok,8,8,-3.2,9.8
mpd,-6.0,3,qpsk-r1/5,w,1,1,0,ctl,ctl_lost,0,0,-4.7,12.8
mpd,-6.0,3,n4-qpsk-r1/3,n4,1,1,0,ctl,ok,0,0,-9.0,12.8
mpd,-6.0,3,n4-qpsk-r1/3,n4,1,1,0,ctl,ok,0,0,-3.2,12.8
mpd,-6.0,3,ack-4f,w,3,3,0,ctl,ok,0,0,-3.2,12.8
mpd,-6.0,3,ack-4f,w,2,2,0,ctl,ctl_lost,0,0,-6.7,12.8
mpd,-6.0,3,ack-4f,w,3,3,0,ctl,ok,0,0,-4.4,12.8
mpd,-6.0,3,ack-4f,w,3,3,0,ctl,ok,0,0,-4.5,12.8
mpd,-6.0,3,fsk32r62-r1/2,c32r62,10,2,1,data,ok,8,8,-2.8,12.8
mpd,-6.0,3,n4-ack-8f,n4,2,2,0,ctl,ok,0,0,-4.1,12.8
mpd,-6.0,3,fsk32r62-r1/2,c32r62,9,1,0,data,ok,8,8,-3.3,12.8
mpd,-6.0,3,n10-ack-4f,n10,3,3,,ctl,missed,0,0,,12.8
mpd,-6.0,3,ack-4f,w,3,3,0,ctl,ok,0,0,-0.3,12.8
mpd,-6.0,3,ack-4f,w,2,2,0,ctl,ok,0,0,-5.2,12.8
mpd,-6.0,3,fsk32r62-r1/2,c32r62,9,1,0,data,ok,8,7,-3.5,12.8
mpd,-6.0,3,n4-ack-8f,n4,3,3,0,ctl,ok,0,0,-5.8,12.8
mpd,-6.0,3,fsk32r62-r1/2,c32r62,10,2,1,data,ok,7,7,-3.4,12.8
mpd,-6.0,3,n10-ack-4f,n10,2,2,0,ctl,ok,0,0,-0.7,12.8
mpd,-6.0,3,fsk32r62-r1/2,c32r62,9,1,0,data,ok,8,8,-3.5,12.8
mpd,-6.0,3,n10-ack-4f,n10,2,2,,ctl,missed,0,0,,12.8
mpd,-6.0,3,ack-4f,w,3,3,0,ctl,ok,0,0,-1.1,12.8
mpd,-6.0,3,ack-4f,w,2,2,0,ctl,ok,0,0,-3.7,12.8
mpd,-6.0,3,fsk32r62-r1/2,c32r62,9,1,0,data,ok,8,8,-3.3,12.8
mpd,-6.0,3,n10-ack-4f,n10,2,2,,ctl,missed,0,0,,12.8
mpd,-6.0,3,ack-4f,w,3,3,0,ctl,ok,0,0,-4.8,12.8
mpd,-6.0,3,ack-4f,w,2,2,0,ctl,ok,0,0,-0.8,12.8
mpd,-6.0,3,fsk32r62-r1/2,c32r62,9,1,0,data,ok,8,8,-3.1,12.8
mpd,-6.0,3,n10-ack-4f,n10,2,2,0,ctl,ok,0,0,-2.3,12.8
mpd,-6.0,3,fsk32r62-r1/2,c32r62,9,1,0,data,ok,8,8,-3.8,12.8
mpd,-6.0,3,n10-ack-4f,n10,2,2,0,ctl,ok,0,0,-2.4,12.8
mpd,-6.0,3,fsk32r62-r1/2,c32r62,9,1,0,data,ok,8,8,-3.1,12.8
mpd,-6.0,3,n10-ack-4f,n10,2,2,0,ctl,ok,0,0,-2.6,12.8
mpd,-6.0,3,fsk32r62-r1/2,c32r62,9,1,0,data,ok,8,8,-3.5,12.8
mpd,-6.0,3,n10-ack-4f,n10,2,2,0,ctl,ok,0,0,0.8,12.8
mpd,-6.0,3,fsk32r62-r1/2,c32r62,9,1,0,data,ok,8,8,-3.3,12.8
mpd,-6.0,3,n10-ack-4f,n10,2,2,0,ctl,ok,0,0,-2.9,12.8
mpd,-6.0,3,fsk32r62-r1/2,c32r62,9,1,0,data,ok,8,8,-3.1,12.8
mpd,-6.0,3,n10-ack-4f,n10,2,2,,ctl,missed,0,0,,12.8
mpd,-6.0,3,ack-4f,w,3,3,0,ctl,ok,0,0,-5.6,12.8
mpd,-6.0,3,ack-4f,w,2,2,0,ctl,ok,0,0,-4.0,12.8
mpd,-6.0,3,fsk32r62-r1/2,c32r62,9,1,0,data,ok,8,8,-3.7,12.8
mpd,-6.0,3,n10-ack-4f,n10,2,2,0,ctl,ok,0,0,-2.1,12.8
mpd,-6.0,3,fsk32r62-r1/2,c32r62,9,1,0,data,ok,8,8,-3.5,12.8
mpd,-6.0,3,n10-ack-4f,n10,2,2,0,ctl,ok,0,0,-6.3,12.8
mpd,-6.0,3,fsk32r62-r1/2,c32r62,9,1,0,data,ok,8,8,-3.1,12.8
mpd,-6.0,3,n10-ack-4f,n10,2,2,0,ctl,ok,0,0,-0.7,12.8
mpd,-6.0,3,fsk32r62-r1/2,c32r62,9,1,0,data,ok,8,8,-3.3,12.8
mpd,-6.0,3,n10-ack-4f,n10,2,2,,ctl,missed,0,0,,12.8
mpd,-6.0,3,ack-4f,w,3,3,0,ctl,ok,0,0,-4.1,12.8
mpd,-6.0,3,ack-4f,w,2,2,0,ctl,ok,0,0,-3.5,12.8
mpd,-6.0,3,fsk32r62-r1/2,c32r62,9,1,0,data,ok,8,8,-3.4,12.8
mpd,-6.0,3,n10-ack-4f,n10,2,2,0,ctl,ctl_lost,0,0,-5.2,12.8
mpd,-6.0,5,qpsk-r1/5,w,1,1,0,ctl,ctl_lost,0,0,-5.3,11.5
mpd,-6.0,5,n4-qpsk-r1/3,n4,1,1,0,ctl,ok,0,0,-4.5,11.5
mpd,-6.0,5,n4-qpsk-r1/3,n4,1,1,,ctl,missed,0,0,,11.5
mpd,-6.0,5,n4-qpsk-r1/3,n4,1,1,0,ctl,ok,0,0,-4.6,11.5
mpd,-6.0,5,n4-qpsk-r1/3,n4,1,1,0,ctl,ok,0,0,-8.0,11.5
mpd,-6.0,5,ack-4f,w,3,3,0,ctl,ok,0,0,-1.7,11.5
mpd,-6.0,5,n10-ack-4f,n10,2,2,0,ctl,ok,0,0,-4.4,11.5
mpd,-6.0,5,fsk32r62-r1/2,c32r62,9,1,0,data,ok,8,8,-3.7,11.5
mpd,-6.0,5,ack-4f,w,3,3,0,ctl,ok,0,0,-2.8,11.5
mpd,-6.0,5,fsk32r62-r1/2,c32r62,10,2,1,data,ok,8,8,-3.3,11.5
mpd,-6.0,5,ack-4f,w,3,3,0,ctl,ok,0,0,-4.0,11.5
mpd,-6.0,5,fsk32r62-r1/2,c32r62,10,2,1,data,ok,8,8,-3.2,11.5
mpd,-6.0,5,ack-4f,w,2,2,0,ctl,ok,0,0,-4.0,11.5
mpd,-6.0,5,fsk32r62-r1/2,c32r62,9,1,0,data,ctl_lost,8,8,-3.3,11.5
mpd,-6.0,5,ack-4f,w,3,3,,ctl,missed,0,0,,11.5
mpd,-6.0,5,ack-4f,w,3,3,0,ctl,ok,0,0,-0.4,11.5
mpd,-6.0,5,ack-4f,w,3,3,0,ctl,ok,0,0,-3.3,11.5
mpd,-6.0,5,fsk32r62-r1/2,c32r62,10,2,1,data,ok,8,8,-2.9,11.5
mpd,-6.0,5,ack-4f,w,3,3,0,ctl,ok,0,0,-5.0,11.5
mpd,-6.0,5,fsk32r62-r1/2,c32r62,10,2,1,data,ok,8,8,-3.1,11.5
mpd,-6.0,5,ack-4f,w,3,3,0,ctl,ok,0,0,-3.3,11.5
mpd,-6.0,5,fsk32r62-r1/2,c32r62,10,2,1,data,ok,8,8,-3.4,11.5
mpd,-6.0,5,ack-4f,w,3,3,0,ctl,ctl_lost,0,0,-7.2,11.5
mpd,-6.0,5,ack-4f,w,3,3,0,ctl,ok,0,0,-3.8,11.5
mpd,-6.0,5,ack-4f,w,3,3,0,ctl,ok,0,0,-2.4,11.5
mpd,-6.0,5,fsk32r62-r1/2,c32r62,10,2,1,data,ok,8,8,-3.1,11.5
mpd,-6.0,5,n4-ack-8f,n4,3,3,0,ctl,ok,0,0,-5.1,11.5
mpd,-6.0,5,fsk32r62-r1/2,c32r62,10,2,1,data,ok,8,8,-3.0,11.5
mpd,-6.0,5,n10-ack-4f,n10,3,3,0,ctl,ok,0,0,-3.3,11.5
mpd,-6.0,5,fsk32r62-r1/2,c32r62,10,2,1,data,ok,8,8,-3.9,11.5
mpd,-6.0,5,ack-4f,w,3,3,0,ctl,ok,0,0,-3.9,11.5
mpd,-6.0,5,fsk32r62-r1/2,c32r62,10,2,1,data,ok,8,8,-3.6,11.5
mpd,-6.0,5,ack-4f,w,3,3,0,ctl,ok,0,0,-4.4,11.5
mpd,-6.0,5,fsk32r62-r1/2,c32r62,10,2,1,data,ok,8,8,-3.4,11.5
mpd,-6.0,5,ack-4f,w,2,2,0,ctl,ok,0,0,-2.4,11.5
mpd,-6.0,5,fsk32r62-r1/2,c32r62,9,1,0,data,ok,8,8,-3.7,11.5
mpd,-6.0,5,ack-4f,w,2,2,0,ctl,ok,0,0,-5.0,11.5
mpd,-6.0,5,fsk32r62-r1/2,c32r62,9,1,0,data,ok,8,8,-3.7,11.5
mpd,-6.0,5,ack-4f,w,2,2,,ctl,missed,0,0,,11.5
mpd,-6.0,5,ack-4f,w,3,3,0,ctl,ok,0,0,-1.5,11.5
mpd,-6.0,5,ack-4f,w,2,2,0,ctl,ok,0,0,-3.2,11.5
mpd,-6.0,5,fsk32r62-r1/2,c32r62,9,1,0,data,ok,8,8,-3.2,11.5
mpd,-6.0,5,ack-4f,w,2,2,0,ctl,ctl_lost,0,0,-3.9,11.5
mpd,-6.0,5,ack-4f,w,3,3,0,ctl,ok,0,0,-3.5,11.5
mpd,-6.0,5,ack-4f,w,2,2,0,ctl,ok,0,0,-1.8,11.5
mpd,-6.0,5,fsk32r62-r1/2,c32r62,9,1,0,data,ok,8,8,-3.9,11.5
mpd,-6.0,5,ack-4f,w,2,2,,ctl,missed,0,0,,11.5
mpd,-6.0,5,ack-4f,w,3,3,0,ctl,ok,0,0,-2.5,11.5
mpd,-6.0,5,ack-4f,w,2,2,0,ctl,ok,0,0,-1.2,11.5
mpd,-6.0,5,fsk32r62-r1/2,c32r62,9,1,0,data,ok,8,8,-3.4,11.5
mpd,8.0,10,qpsk-r1/5,w,1,1,0,ctl,ok,0,0,13.0,173.8
mpd,8.0,10,qpsk-r1/5,w,1,1,0,ctl,ok,0,0,11.3,173.8
mpd,8.0,10,ack-4f,w,3,3,0,ctl,ok,0,0,10.5,173.8
mpd,8.0,10,ack-1f,w,2,2,0,ctl,ok,0,0,10.0,173.8
mpd,8.0,10,w48-16qam-r1/3,w48,19,1,0,data,ok,18,13,8.3,173.8
mpd,8.0,10,ack-1f,w,4,4,0,ctl,ok,0,0,12.7,173.8
mpd,8.0,10,w48-16qam-r1/3,w48,19,2,1,data,ok,12,12,8.7,173.8
mpd,8.0,10,ack-1f,w,3,3,0,ctl,ok,0,0,10.6,173.8
mpd,8.0,10,w48-16qam-r1/3,w48,19,2,1,data,ok,17,17,9.5,173.8
mpd,8.0,10,ack-1f,w,2,2,0,ctl,ok,0,0,10.0,173.8
mpd,8.0,10,w48-16qam-r1/3,w48,19,1,0,data,ok,18,18,8.8,173.8
mpd,8.0,10,ack-1f,w,2,2,0,ctl,ok,0,0,10.7,173.8
mpd,8.0,10,w48-16qam-r1/3,w48,19,1,0,data,ctl_lost,18,4,7.6,173.8
mpd,8.0,10,ack-4f,w,3,3,0,ctl,ok,0,0,11.7,173.8
mpd,8.0,10,ack-4f,w,2,2,0,ctl,ok,0,0,10.9,173.8
mpd,8.0,10,w48-qpsk-r1/2,w48,19,1,0,data,ok,18,18,7.5,173.8
mpd,8.0,10,ack-1f,w,3,3,0,ctl,ok,0,0,9.3,173.8
mpd,8.0,10,w48-qpsk-r1/2,w48,19,2,1,data,ok,17,17,8.0,173.8
mpd,8.0,10,ack-1f,w,2,2,0,ctl,ok,0,0,12.2,173.8
mpd,8.0,10,w48-qpsk-r1/2,w48,19,1,0,data,ok,18,18,9.3,173.8
mpd,8.0,10,ack-1f,w,3,3,0,ctl,ok,0,0,5.9,173.8
mpd,8.0,10,w48-16qam-r1/3,w48,19,2,1,data,ok,17,17,9.7,173.8
mpd,8.0,10,ack-1f,w,2,2,0,ctl,ok,0,0,9.6,173.8
mpd,8.0,10,w48-16qam-r1/3,w48,19,1,0,data,ok,18,18,8.6,173.8
mpd,8.0,10,ack-1f,w,3,3,0,ctl,ok,0,0,10.6,173.8
mpd,8.0,10,w48-16qam-r1/3,w48,19,2,1,data,ok,17,17,8.5,173.8
mpd,8.0,10,ack-1f,w,3,3,0,ctl,ok,0,0,10.5,173.8
mpd,8.0,10,w48-16qam-r1/3,w48,19,2,1,data,ok,17,17,8.6,173.8
mpd,8.0,10,ack-1f,w,3,3,0,ctl,ok,0,0,10.0,173.8
mpd,8.0,10,w48-16qam-r1/3,w48,19,2,1,data,ok,17,17,9.4,173.8
mpd,8.0,10,ack-1f,w,2,2,0,ctl,ok,0,0,10.3,173.8
mpd,8.0,10,w48-16qam-r1/3,w48,19,1,0,data,ok,18,18,9.7,173.8
mpd,8.0,10,ack-1f,w,2,2,0,ctl,ok,0,0,13.6,173.8
mpd,8.0,10,w48-16qam-r1/3,w48,19,1,0,data,ok,18,15,8.1,173.8
mpd,8.0,10,ack-1f,w,4,4,0,ctl,ok,0,0,9.4,173.8
mpd,8.0,10,w48-16qam-r1/3,w48,19,2,1,data,ok,14,14,9.0,173.8
mpd,8.0,10,ack-1f,w,2,2,0,ctl,ok,0,0,9.2,173.8
mpd,8.0,10,w48-16qam-r1/3,w48,19,1,0,data,ok,18,18,8.5,173.8
mpd,8.0,10,ack-1f,w,2,2,0,ctl,ok,0,0,7.1,173.8
mpd,8.0,10,w48-16qam-r1/3,w48,19,1,0,data,ok,18,18,8.8,173.8
mpd,8.0,10,ack-1f,w,2,2,0,ctl,ok,0,0,13.7,173.8
mpd,8.0,10,w48-16qam-r1/3,w48,19,1,0,data,ok,18,18,9.8,173.8
mpd,8.0,10,ack-1f,w,2,2,0,ctl,ok,0,0,12.1,173.8
mpd,8.0,10,w48-16qam-r1/3,w48,19,1,0,data,ok,18,18,9.4,173.8
mpd,8.0,10,ack-1f,w,2,2,0,ctl,ok,0,0,6.9,173.8
mpd,8.0,10,w48-16qam-r1/3,w48,19,1,0,data,ok,18,18,9.6,173.8
mpd,8.0,10,ack-1f,w,2,2,0,ctl,ok,0,0,10.7,173.8
mpd,8.0,10,w48-16qam-r1/3,w48,19,1,0,data,ctl_lost,18,2,7.9,173.8
mpd,8.0,10,ack-4f,w,3,3,0,ctl,ok,0,0,10.8,173.8
mpd,8.0,10,ack-4f,w,2,2,0,ctl,ok,0,0,11.9,173.8
mpd,8.0,10,w48-qpsk-r1/2,w48,19,1,0,data,ok,18,18,8.9,173.8
mpd,8.0,10,ack-1f,w,3,3,0,ctl,ok,0,0,13.9,173.8
mpd,8.0,10,w48-16qam-r1/3,w48,19,2,1,data,ok,17,17,8.2,173.8
mpd,8.0,10,ack-1f,w,3,3,0,ctl,ok,0,0,8.3,173.8
mpd,8.0,10,w48-16qam-r1/3,w48,19,2,1,data,ok,17,17,9.9,173.8
mpd,8.0,10,ack-1f,w,2,2,0,ctl,ok,0,0,11.8,173.8
mpd,8.0,10,w48-16qam-r1/3,w48,19,1,0,data,ok,18,16,8.2,173.8
mpd,8.0,10,ack-1f,w,4,4,0,ctl,ok,0,0,11.6,173.8
mpd,8.0,10,w48-16qam-r1/3,w48,19,2,1,data,ok,15,13,8.1,173.8
mpd,8.0,10,ack-1f,w,4,4,0,ctl,ok,0,0,10.4,173.8
mpd,8.0,10,w48-16qam-r1/3,w48,19,2,1,data,ok,16,16,9.9,173.8
mpd,8.0,10,ack-1f,w,2,2,0,ctl,ok,0,0,11.2,173.8
mpd,8.0,10,w48-16qam-r1/3,w48,19,1,0,data,ok,18,18,8.0,173.8
mpd,8.0,10,ack-1f,w,2,2,0,ctl,ok,0,0,8.7,173.8
mpd,8.0,10,w48-16qam-r1/3,w48,19,1,0,data,ok,18,18,9.3,173.8
mpd,8.0,10,ack-1f,w,2,2,0,ctl,ok,0,0,11.3,173.8
mpd,8.0,10,w48-16qam-r1/3,w48,19,1,0,data,ok,18,18,9.0,173.8
mpd,8.0,10,ack-1f,w,2,2,0,ctl,ok,0,0,8.5,173.8
mpd,8.0,10,w48-16qam-r1/3,w48,19,1,0,data,ok,18,18,8.4,173.8
mpd,8.0,10,ack-1f,w,2,2,0,ctl,ok,0,0,7.9,173.8
mpd,8.0,10,w48-16qam-r1/3,w48,19,1,0,data,ok,18,18,8.9,173.8
mpd,8.0,10,ack-1f,w,2,2,0,ctl,ok,0,0,7.4,173.8
mpd,8.0,10,w48-16qam-r1/3,w48,19,1,0,data,ok,18,18,8.4,173.8
mpd,8.0,10,ack-1f,w,2,2,0,ctl,ok,0,0,10.6,173.8
mpd,8.0,10,w48-16qam-r1/3,w48,19,1,0,data,ok,18,18,9.1,173.8
mpd,8.0,10,ack-1f,w,2,2,0,ctl,ok,0,0,11.1,173.8
mpd,8.0,10,w48-16qam-r1/3,w48,19,1,0,data,ok,18,18,8.0,173.8
mpd,8.0,10,ack-1f,w,2,2,0,ctl,ok,0,0,8.9,173.8
mpd,8.0,10,w48-16qam-r1/3,w48,19,1,0,data,ok,18,18,10.1,173.8
mpd,8.0,10,ack-1f,w,2,2,0,ctl,ok,0,0,9.1,173.8
mpd,8.0,10,w48-16qam-r1/3,w48,19,1,0,data,ok,18,18,9.9,173.8
mpd,8.0,10,ack-1f,w,2,2,0,ctl,ok,0,0,10.0,173.8
mpd,8.0,10,w48-16qam-r1/3,w48,19,1,0,data,ok,18,18,9.4,173.8
mpd,8.0,10,ack-1f,w,2,2,0,ctl,ok,0,0,9.9,173.8
mpd,8.0,10,w48-16qam-r1/3,w48,19,1,0,data,ok,18,18,9.6,173.8
mpd,8.0,10,ack-1f,w,2,2,0,ctl,ok,0,0,8.1,173.8
mpd,8.0,10,w48-16qam-r1/3,w48,19,1,0,data,ctl_lost,18,0,6.9,173.8
mpd,8.0,10,ack-4f,w,3,3,0,ctl,ok,0,0,9.7,173.8
mpd,8.0,10,ack-4f,w,3,3,0,ctl,ok,0,0,11.6,173.8
mpd,8.0,10,w48-qpsk-r1/2,w48,19,2,1,data,ok,17,17,9.1,173.8
mpd,8.0,10,ack-1f,w,3,3,0,ctl,ok,0,0,8.5,173.8
mpd,8.0,10,w48-16qam-r1/3,w48,19,2,1,data,ok,17,17,9.3,173.8
mpd,8.0,10,ack-1f,w,2,2,0,ctl,ok,0,0,8.6,173.8
mpd,8.0,10,w48-16qam-r1/3,w48,19,1,0,data,ok,18,18,9.4,173.8
mpd,-6.0,6,qpsk-r1/5,w,1,1,0,ctl,ctl_lost,0,0,-2.1,11.9
mpd,-6.0,6,n4-qpsk-r1/3,n4,1,1,,ctl,missed,0,0,,11.9
mpd,-6.0,6,n4-qpsk-r1/3,n4,1,1,0,ctl,ok,0,0,-6.4,11.9
mpd,-6.0,6,n4-qpsk-r1/3,n4,1,1,0,ctl,ok,0,0,-5.8,11.9
mpd,-6.0,6,ack-4f,w,3,3,0,ctl,ok,0,0,-2.3,11.9
mpd,-6.0,6,n10-ack-4f,n10,2,2,0,ctl,ok,0,0,-2.6,11.9
mpd,-6.0,6,fsk32r62-r1/2,c32r62,9,1,0,data,ok,8,8,-3.3,11.9
mpd,-6.0,6,ack-4f,w,3,3,0,ctl,ok,0,0,-1.7,11.9
mpd,-6.0,6,fsk32r62-r1/2,c32r62,10,2,1,data,ok,8,8,-2.9,11.9
mpd,-6.0,6,ack-4f,w,2,2,,ctl,missed,0,0,,11.9
mpd,-6.0,6,ack-4f,w,2,2,0,ctl,ok,0,0,-0.4,11.9
mpd,-6.0,6,ack-4f,w,2,2,0,ctl,ok,0,0,-2.8,11.9
mpd,-6.0,6,fsk32r62-r1/2,c32r62,9,1,0,data,ok,8,7,-3.9,11.9
mpd,-6.0,6,ack-4f,w,3,3,0,ctl,ok,0,0,-4.0,11.9
mpd,-6.0,6,fsk32r62-r1/2,c32r62,10,2,1,data,ok,7,7,-3.7,11.9
mpd,-6.0,6,ack-4f,w,2,2,0,ctl,ctl_lost,0,0,-5.6,11.9
mpd,-6.0,6,ack-4f,w,3,3,0,ctl,ok,0,0,-3.6,11.9
mpd,-6.0,6,ack-4f,w,2,2,0,ctl,ctl_lost,0,0,-8.1,11.9
mpd,-6.0,6,ack-4f,w,3,3,,ctl,missed,0,0,,11.9
mpd,-6.0,6,ack-4f,w,3,3,0,ctl,ok,0,0,-2.1,11.9
mpd,-6.0,6,ack-4f,w,3,3,0,ctl,ok,0,0,-1.1,11.9
mpd,-6.0,6,fsk32r62-r1/2,c32r62,10,2,1,data,ok,8,8,-3.3,11.9
mpd,-6.0,6,n10-ack-4f,n10,2,2,0,ctl,ok,0,0,-0.4,11.9
mpd,-6.0,6,fsk32r62-r1/2,c32r62,9,1,0,data,ok,8,8,-3.6,11.9
mpd,-6.0,6,ack-4f,w,2,2,0,ctl,ok,0,0,-2.4,11.9
mpd,-6.0,6,fsk32r62-r1/2,c32r62,9,1,0,data,ok,8,7,-4.3,11.9
mpd,-6.0,6,n10-ack-4f,n10,3,3,0,ctl,ok,0,0,-2.5,11.9
mpd,-6.0,6,fsk32r62-r1/2,c32r62,10,2,1,data,ok,7,7,-3.5,11.9
mpd,-6.0,6,ack-4f,w,2,2,0,ctl,ok,0,0,-2.1,11.9
mpd,-6.0,6,fsk32r62-r1/2,c32r62,9,1,0,data,ok,8,8,-3.3,11.9
mpd,-6.0,6,n10-ack-4f,n10,2,2,0,ctl,ok,0,0,-3.7,11.9
mpd,-6.0,6,fsk32r62-r1/2,c32r62,9,1,0,data,ok,8,8,-3.3,11.9
mpd,-6.0,6,n10-ack-4f,n10,2,2,,ctl,missed,0,0,,11.9
mpd,-6.0,6,ack-4f,w,3,3,0,ctl,ok,0,0,-1.8,11.9
mpd,-6.0,6,ack-4f,w,2,2,0,ctl,ok,0,0,-2.7,11.9
mpd,-6.0,6,fsk32r62-r1/2,c32r62,9,1,0,data,ok,8,8,-3.4,11.9
mpd,-6.0,6,n10-ack-4f,n10,2,2,0,ctl,ok,0,0,-4.7,11.9
mpd,-6.0,6,fsk32r62-r1/2,c32r62,9,1,0,data,ok,8,8,-3.2,11.9
mpd,-6.0,6,n10-ack-4f,n10,2,2,,ctl,missed,0,0,,11.9
mpd,-6.0,6,ack-4f,w,3,3,0,ctl,ok,0,0,-2.4,11.9
mpd,-6.0,6,ack-4f,w,2,2,0,ctl,ok,0,0,-2.1,11.9
mpd,-6.0,6,fsk32r62-r1/2,c32r62,9,1,0,data,ok,8,8,-3.2,11.9
mpd,-6.0,6,n10-ack-4f,n10,2,2,,ctl,missed,0,0,,11.9
mpd,-6.0,6,ack-4f,w,2,2,0,ctl,ok,0,0,-0.4,11.9
mpd,-6.0,6,ack-4f,w,2,2,0,ctl,ok,0,0,-2.9,11.9
mpd,-6.0,6,fsk32r62-r1/2,c32r62,9,1,0,data,ok,8,8,-3.3,11.9
mpd,-6.0,6,n10-ack-4f,n10,2,2,0,ctl,ok,0,0,-4.9,11.9
mpd,-6.0,6,fsk32r62-r1/2,c32r62,9,1,0,data,ok,8,8,-3.1,11.9
mpd,-6.0,6,n10-ack-4f,n10,2,2,,ctl,missed,0,0,,11.9
mpd,-6.0,6,ack-4f,w,3,3,0,ctl,ok,0,0,-1.4,11.9
mpd,-6.0,6,ack-4f,w,2,2,0,ctl,ok,0,0,-5.4,11.9
mpd,-6.0,6,fsk32r62-r1/2,c32r62,9,1,0,data,ok,8,8,-3.2,11.9
mpd,-6.0,6,n10-ack-4f,n10,2,2,0,ctl,ok,0,0,-2.2,11.9
mpd,-6.0,6,fsk32r62-r1/2,c32r62,9,1,0,data,ok,8,8,-2.9,11.9
mpd,8.0,8,qpsk-r1/5,w,1,1,0,ctl,ok,0,0,10.3,182.8
mpd,8.0,8,qpsk-r1/5,w,1,1,0,ctl,ok,0,0,12.8,182.8
mpd,8.0,8,ack-4f,w,2,2,0,ctl,ok,0,0,10.6,182.8
mpd,8.0,8,ack-1f,w,3,3,0,ctl,ok,0,0,12.0,182.8
mpd,8.0,8,w48-16qam-r1/3,w48,19,2,1,data,ok,17,17,9.3,182.8
mpd,8.0,8,ack-1f,w,2,2,0,ctl,ok,0,0,10.2,182.8
mpd,8.0,8,w48-16qam-r1/3,w48,19,1,0,data,ok,18,18,8.4,182.8
mpd,8.0,8,ack-1f,w,3,3,0,ctl,ok,0,0,10.0,182.8
mpd,8.0,8,w48-16qam-r1/3,w48,19,2,1,data,ok,17,3,7.5,182.8
mpd,8.0,8,ack-1f,w,4,4,0,ctl,ok,0,0,8.3,182.8
mpd,8.0,8,w48-16qam-r1/3,w48,19,2,1,data,ok,4,4,8.3,182.8
mpd,8.0,8,ack-1f,w,3,3,0,ctl,ok,0,0,11.6,182.8
mpd,8.0,8,w48-16qam-r1/3,w48,19,2,1,data,ok,17,17,9.1,182.8
mpd,8.0,8,ack-1f,w,2,2,0,ctl,ok,0,0,7.3,182.8
mpd,8.0,8,w48-16qam-r1/3,w48,19,1,0,data,ok,18,18,8.7,182.8
mpd,8.0,8,ack-1f,w,2,2,0,ctl,ok,0,0,12.8,182.8
mpd,8.0,8,w48-16qam-r1/3,w48,19,1,0,data,ok,18,18,9.8,182.8
mpd,8.0,8,ack-1f,w,2,2,0,ctl,ok,0,0,10.8,182.8
mpd,8.0,8,w48-16qam-r1/3,w48,19,1,0,data,ok,18,18,9.3,182.8
mpd,8.0,8,ack-1f,w,2,2,0,ctl,ok,0,0,7.0,182.8
mpd,8.0,8,w48-16qam-r1/3,w48,19,1,0,data,ok,18,18,9.5,182.8
mpd,8.0,8,ack-1f,w,2,2,0,ctl,ok,0,0,11.4,182.8
mpd,8.0,8,w48-16qam-r1/3,w48,19,1,0,data,ok,18,18,9.9,182.8
mpd,8.0,8,ack-1f,w,2,2,0,ctl,ok,0,0,11.8,182.8
mpd,8.0,8,w48-16qam-r1/3,w48,19,1,0,data,ctl_lost,18,0,7.6,182.8
mpd,8.0,8,ack-4f,w,3,3,0,ctl,ok,0,0,12.3,182.8
mpd,8.0,8,ack-4f,w,3,3,0,ctl,ok,0,0,11.3,182.8
mpd,8.0,8,w48-16qam-r1/3,w48,19,2,1,data,ok,17,17,9.0,182.8
mpd,8.0,8,ack-1f,w,2,2,0,ctl,ok,0,0,11.7,182.8
mpd,8.0,8,w48-16qam-r1/3,w48,19,1,0,data,ok,18,18,8.8,182.8
mpd,8.0,8,ack-1f,w,3,3,0,ctl,ok,0,0,11.3,182.8
mpd,8.0,8,w48-16qam-r1/3,w48,19,2,1,data,ok,17,17,8.6,182.8
mpd,8.0,8,ack-1f,w,3,3,0,ctl,ok,0,0,11.0,182.8
mpd,8.0,8,w48-16qam-r1/3,w48,19,2,1,data,ok,17,17,9.2,182.8
mpd,8.0,8,ack-1f,w,2,2,0,ctl,ok,0,0,10.1,182.8
mpd,8.0,8,w48-16qam-r1/3,w48,19,1,0,data,ok,18,18,8.1,182.8
mpd,8.0,8,ack-1f,w,3,3,0,ctl,ok,0,0,11.3,182.8
mpd,8.0,8,w48-16qam-r1/3,w48,19,2,1,data,ok,17,17,8.0,182.8
mpd,8.0,8,ack-1f,w,3,3,0,ctl,ok,0,0,9.6,182.8
mpd,8.0,8,w48-16qam-r1/3,w48,19,2,1,data,ok,17,17,9.8,182.8
mpd,8.0,8,ack-1f,w,2,2,0,ctl,ok,0,0,11.4,182.8
mpd,8.0,8,w48-16qam-r1/3,w48,19,1,0,data,ok,18,18,8.9,182.8
mpd,8.0,8,ack-1f,w,2,2,0,ctl,ok,0,0,13.3,182.8
mpd,8.0,8,w48-16qam-r1/3,w48,19,1,0,data,ok,18,18,9.2,182.8
mpd,8.0,8,ack-1f,w,2,2,0,ctl,ok,0,0,10.5,182.8
mpd,8.0,8,w48-16qam-r1/3,w48,19,1,0,data,ok,18,18,9.1,182.8
mpd,8.0,8,ack-1f,w,2,2,0,ctl,ok,0,0,-0.1,182.8
mpd,8.0,8,w48-16qam-r1/3,w48,19,1,0,data,ok,18,18,9.0,182.8
mpd,8.0,8,ack-1f,w,2,2,0,ctl,ok,0,0,7.5,182.8
mpd,8.0,8,w48-16qam-r1/3,w48,19,1,0,data,ok,18,18,8.5,182.8
mpd,8.0,8,ack-1f,w,2,2,0,ctl,ok,0,0,8.5,182.8
mpd,8.0,8,w48-16qam-r1/3,w48,19,1,0,data,ok,18,17,8.0,182.8
mpd,8.0,8,ack-1f,w,4,4,0,ctl,ok,0,0,13.8,182.8
mpd,8.0,8,w48-16qam-r1/3,w48,19,2,1,data,ok,16,15,8.0,182.8
mpd,8.0,8,ack-1f,w,3,3,0,ctl,ok,0,0,10.6,182.8
mpd,8.0,8,w48-16qam-r1/3,w48,19,1,0,data,ok,17,17,10.3,182.8
mpd,8.0,8,ack-1f,w,2,2,0,ctl,ok,0,0,12.4,182.8
mpd,8.0,8,w48-16qam-r1/3,w48,19,1,0,data,ok,18,18,9.3,182.8
mpd,8.0,8,ack-1f,w,2,2,0,ctl,ok,0,0,12.1,182.8
mpd,8.0,8,w48-16qam-r1/3,w48,19,1,0,data,ok,18,18,9.2,182.8
mpd,8.0,8,ack-1f,w,2,2,0,ctl,ok,0,0,11.7,182.8
mpd,8.0,8,w48-16qam-r1/3,w48,19,1,0,data,ok,18,18,9.7,182.8
mpd,8.0,8,ack-1f,w,2,2,0,ctl,ok,0,0,11.4,182.8
mpd,8.0,8,w48-16qam-r1/3,w48,19,1,0,data,ok,18,18,8.4,182.8
mpd,8.0,8,ack-1f,w,2,2,0,ctl,ok,0,0,11.4,182.8
mpd,8.0,8,w48-16qam-r1/3,w48,19,1,0,data,ok,18,18,8.0,182.8
mpd,8.0,8,ack-1f,w,2,2,0,ctl,ok,0,0,13.6,182.8
mpd,8.0,8,w48-16qam-r1/3,w48,19,1,0,data,ok,18,18,8.4,182.8
mpd,8.0,8,ack-1f,w,2,2,0,ctl,ok,0,0,11.2,182.8
mpd,8.0,8,w48-16qam-r1/3,w48,19,1,0,data,ctl_lost,18,18,7.8,182.8
mpd,8.0,8,ack-4f,w,2,2,0,ctl,ok,0,0,11.1,182.8
mpd,8.0,8,ack-4f,w,3,3,0,ctl,ok,0,0,10.5,182.8
mpd,8.0,8,w48-16qam-r1/3,w48,19,2,1,data,ok,17,17,9.2,182.8
mpd,8.0,8,ack-1f,w,2,2,0,ctl,ok,0,0,9.7,182.8
mpd,8.0,8,w48-16qam-r1/3,w48,19,1,0,data,ok,18,18,9.1,182.8
mpd,8.0,8,ack-1f,w,2,2,0,ctl,ok,0,0,11.6,182.8
mpd,8.0,8,w48-16qam-r1/3,w48,19,1,0,data,ok,18,13,7.8,182.8
mpd,8.0,8,ack-1f,w,4,4,0,ctl,ok,0,0,11.9,182.8
mpd,8.0,8,w48-16qam-r1/3,w48,19,2,1,data,ok,12,12,9.6,182.8
mpd,8.0,8,ack-1f,w,2,2,0,ctl,ok,0,0,11.8,182.8
mpd,8.0,8,w48-16qam-r1/3,w48,19,1,0,data,ok,18,18,9.6,182.8
mpd,8.0,8,ack-1f,w,2,2,0,ctl,ok,0,0,8.7,182.8
mpd,8.0,8,w48-16qam-r1/3,w48,19,1,0,data,ok,18,18,9.8,182.8
mpd,8.0,8,ack-1f,w,2,2,0,ctl,ok,0,0,13.0,182.8
mpd,8.0,8,w48-16qam-r1/3,w48,19,1,0,data,ok,18,18,8.2,182.8
mpd,8.0,8,ack-1f,w,2,2,0,ctl,ok,0,0,11.6,182.8
mpd,8.0,8,w48-16qam-r1/3,w48,19,1,0,data,ok,18,18,9.1,182.8
mpd,8.0,8,ack-1f,w,2,2,0,ctl,ok,0,0,11.0,182.8
mpd,8.0,8,w48-16qam-r1/3,w48,19,1,0,data,ok,18,18,9.0,182.8
mpd,8.0,8,ack-1f,w,2,2,0,ctl,ok,0,0,12.3,182.8
mpd,8.0,8,w48-16qam-r1/3,w48,19,1,0,data,ok,18,18,10.4,182.8
mpd,8.0,8,ack-1f,w,2,2,0,ctl,ok,0,0,11.1,182.8
mpd,8.0,8,w48-16qam-r1/3,w48,19,1,0,data,ok,18,18,8.4,182.8
mpp,-8.0,1,qpsk-r1/5,w,1,1,0,ctl,ok,0,0,-2.8,0.0
mpp,-8.0,1,qpsk-r1/5,w,1,1,0,ctl,ctl_lost,0,0,-4.0,0.0
mpp,-8.0,1,n4-qpsk-r1/3,n4,1,1,,ctl,missed,0,0,,0.0
mpp,-8.0,1,n4-qpsk-r1/3,n4,1,1,,ctl,missed,0,0,,0.0
mpp,-8.0,1,n4-qpsk-r1/3,n4,1,1,0,ctl,ok,0,0,-5.0,0.0
mpp,-8.0,1,n4-qpsk-r1/3,n4,1,1,,ctl,missed,0,0,,0.0
mpp,-8.0,1,n4-qpsk-r1/3,n4,1,1,,ctl,missed,0,0,,0.0
mpd,-6.0,8,qpsk-r1/5,w,1,1,0,ctl,ctl_lost,0,0,-4.0,12.3
mpd,-6.0,8,n4-qpsk-r1/3,n4,1,1,0,ctl,ok,0,0,-5.2,12.3
mpd,-6.0,8,n4-qpsk-r1/3,n4,1,1,,ctl,missed,0,0,,12.3
mpd,-6.0,8,n4-qpsk-r1/3,n4,1,1,0,ctl,ok,0,0,-5.4,12.3
mpd,-6.0,8,n4-qpsk-r1/3,n4,1,1,0,ctl,ok,0,0,-6.7,12.3
mpd,-6.0,8,ack-4f,w,3,3,0,ctl,ok,0,0,-5.3,12.3
mpd,-6.0,8,n10-ack-4f,n10,2,2,0,ctl,ok,0,0,-2.5,12.3
mpd,-6.0,8,fsk32r62-r1/2,c32r62,9,1,0,data,ok,8,8,-3.5,12.3
mpd,-6.0,8,ack-4f,w,3,3,0,ctl,ok,0,0,-4.0,12.3
mpd,-6.0,8,fsk32r62-r1/2,c32r62,10,2,1,data,ok,8,8,-3.0,12.3
mpd,-6.0,8,ack-4f,w,2,2,0,ctl,ok,0,0,-1.2,12.3
mpd,-6.0,8,fsk32r62-r1/2,c32r62,9,1,0,data,ok,8,8,-3.4,12.3
mpd,-6.0,8,ack-4f,w,2,2,0,ctl,ok,0,0,-5.1,12.3
mpd,-6.0,8,fsk32r62-r1/2,c32r62,9,1,0,data,ok,8,8,-3.0,12.3
mpd,-6.0,8,ack-4f,w,2,2,0,ctl,ok,0,0,1.6,12.3
mpd,-6.0,8,fsk32r62-r1/2,c32r62,9,1,0,data,ok,8,8,-2.8,12.3
mpd,-6.0,8,ack-4f,w,2,2,0,ctl,ok,0,0,-3.1,12.3
mpd,-6.0,8,fsk32r62-r1/2,c32r62,9,1,0,data,ok,8,8,-3.6,12.3
mpd,-6.0,8,ack-4f,w,2,2,0,ctl,ctl_lost,0,0,-8.5,12.3
mpd,-6.0,8,ack-4f,w,3,3,0,ctl,ok,0,0,-7.2,12.3
mpd,-6.0,8,ack-4f,w,2,2,,ctl,missed,0,0,,12.3
mpd,-6.0,8,ack-4f,w,3,3,0,ctl,ok,0,0,-4.3,12.3
mpd,-6.0,8,ack-4f,w,2,2,0,ctl,ok,0,0,-0.6,12.3
mpd,-6.0,8,fsk32r62-r1/2,c32r62,9,1,0,data,ok,8,8,-3.4,12.3
mpd,-6.0,8,n10-ack-4f,n10,2,2,0,ctl,ok,0,0,-3.2,12.3
mpd,-6.0,8,fsk32r62-r1/2,c32r62,9,1,0,data,ok,8,8,-3.7,12.3
mpd,-6.0,8,ack-4f,w,2,2,0,ctl,ctl_lost,0,0,-6.7,12.3
mpd,-6.0,8,ack-4f,w,3,3,0,ctl,ok,0,0,-1.4,12.3
mpd,-6.0,8,ack-4f,w,2,2,0,ctl,ok,0,0,-1.3,12.3
mpd,-6.0,8,fsk32r62-r1/2,c32r62,9,1,0,data,ok,8,8,-3.3,12.3
mpd,-6.0,8,n10-ack-4f,n10,2,2,0,ctl,ok,0,0,-1.5,12.3
mpd,-6.0,8,fsk32r62-r1/2,c32r62,9,1,0,data,ok,8,8,-2.9,12.3
mpd,-6.0,8,n10-ack-4f,n10,2,2,0,ctl,ok,0,0,-5.3,12.3
mpd,-6.0,8,fsk32r62-r1/2,c32r62,9,1,0,data,ok,8,8,-3.6,12.3
mpd,-6.0,8,n10-ack-4f,n10,2,2,0,ctl,ok,0,0,-4.2,12.3
mpd,-6.0,8,fsk32r62-r1/2,c32r62,9,1,0,data,ok,8,8,-3.3,12.3
mpd,-6.0,8,n10-ack-4f,n10,2,2,0,ctl,ok,0,0,-4.3,12.3
mpd,-6.0,8,fsk32r62-r1/2,c32r62,9,1,0,data,ok,8,8,-3.0,12.3
mpd,-6.0,8,n10-ack-4f,n10,2,2,0,ctl,ok,0,0,-6.6,12.3
mpd,-6.0,8,fsk32r62-r1/2,c32r62,9,1,0,data,ok,8,8,-3.7,12.3
mpd,-6.0,8,n10-ack-4f,n10,2,2,0,ctl,ok,0,0,-0.5,12.3
mpd,-6.0,8,fsk32r62-r1/2,c32r62,9,1,0,data,ok,8,8,-2.8,12.3
mpd,-6.0,8,n10-ack-4f,n10,2,2,,ctl,missed,0,0,,12.3
mpd,-6.0,8,ack-4f,w,3,3,0,ctl,ok,0,0,-5.5,12.3
mpd,-6.0,8,ack-4f,w,2,2,0,ctl,ok,0,0,-3.3,12.3
mpd,-6.0,8,fsk32r62-r1/2,c32r62,9,1,0,data,ok,8,8,-3.4,12.3
mpd,-6.0,8,n10-ack-4f,n10,2,2,0,ctl,ok,0,0,-2.6,12.3
mpd,-6.0,8,fsk32r62-r1/2,c32r62,9,1,0,data,ctl_lost,8,8,-3.0,12.3
mpd,-6.0,8,ack-4f,w,3,3,0,ctl,ok,0,0,-1.9,12.3
mpd,-6.0,8,ack-4f,w,2,2,0,ctl,ok,0,0,-6.4,12.3
mpd,-6.0,7,qpsk-r1/5,w,1,1,0,ctl,ok,0,0,-1.6,13.6
mpd,-6.0,7,qpsk-r1/5,w,1,1,0,ctl,ok,0,0,-1.3,13.6
mpd,-6.0,7,ack-4f,w,3,3,0,ctl,ok,0,0,-4.6,13.6
mpd,-6.0,7,ack-4f,w,3,3,0,ctl,ok,0,0,-4.5,13.6
mpd,-6.0,7,fsk32r62-r1/2,c32r62,10,2,1,data,ok,8,8,-3.2,13.6
mpd,-6.0,7,ack-4f,w,3,3,0,ctl,ok,0,0,-2.6,13.6
mpd,-6.0,7,fsk32r62-r1/2,c32r62,10,2,1,data,ok,8,8,-3.3,13.6
mpd,-6.0,7,ack-4f,w,3,3,0,ctl,ok,0,0,-4.4,13.6
mpd,-6.0,7,fsk32r62-r1/2,c32r62,10,2,1,data,ok,8,8,-3.4,13.6
mpd,-6.0,7,ack-4f,w,2,2,0,ctl,ok,0,0,-1.2,13.6
mpd,-6.0,7,fsk32r62-r1/2,c32r62,9,1,0,data,ok,8,8,-3.4,13.6
mpd,-6.0,7,ack-4f,w,2,2,0,ctl,ok,0,0,-3.3,13.6
mpd,-6.0,7,fsk32r62-r1/2,c32r62,9,1,0,data,ok,8,8,-3.4,13.6
mpd,-6.0,7,ack-4f,w,2,2,,ctl,missed,0,0,,13.6
mpd,-6.0,7,ack-4f,w,3,3,0,ctl,ok,0,0,-3.4,13.6
mpd,-6.0,7,ack-4f,w,2,2,0,ctl,ok,0,0,-1.8,13.6
mpd,-6.0,7,fsk32r62-r1/2,c32r62,9,1,0,data,ok,8,8,-3.4,13.6
mpd,-6.0,7,ack-4f,w,2,2,0,ctl,ok,0,0,-3.9,13.6
mpd,-6.0,7,fsk32r62-r1/2,c32r62,9,1,0,data,ok,8,8,-2.7,13.6
mpd,-6.0,7,ack-4f,w,2,2,0,ctl,ok,0,0,-2.0,13.6
mpd,-6.0,7,fsk32r62-r1/2,c32r62,9,1,0,data,ok,8,8,-3.3,13.6
mpd,-6.0,7,ack-4f,w,2,2,0,ctl,ok,0,0,-0.2,13.6
mpd,-6.0,7,fsk32r62-r1/2,c32r62,9,1,0,data,ok,8,8,-3.6,13.6
mpd,-6.0,7,ack-4f,w,2,2,0,ctl,ok,0,0,-5.4,13.6
mpd,-6.0,7,fsk32r62-r1/2,c32r62,9,1,0,data,ok,8,8,-2.9,13.6
mpd,-6.0,7,ack-4f,w,2,2,0,ctl,ok,0,0,-3.0,13.6
mpd,-6.0,7,fsk32r62-r1/2,c32r62,9,1,0,data,ok,8,8,-3.1,13.6
mpd,-6.0,7,ack-4f,w,2,2,0,ctl,ok,0,0,-3.0,13.6
mpd,-6.0,7,fsk32r62-r1/2,c32r62,9,1,0,data,ok,8,8,-3.4,13.6
mpd,-6.0,7,ack-4f,w,2,2,0,ctl,ok,0,0,-0.6,13.6
mpd,-6.0,7,fsk32r62-r1/2,c32r62,9,1,0,data,ok,8,8,-2.9,13.6
mpd,-6.0,7,ack-4f,w,2,2,0,ctl,ok,0,0,-2.8,13.6
mpd,-6.0,7,fsk32r62-r1/2,c32r62,9,1,0,data,ok,8,8,-3.1,13.6
mpd,-6.0,7,ack-4f,w,2,2,0,ctl,ok,0,0,-4.7,13.6
mpd,-6.0,7,fsk32r62-r1/2,c32r62,9,1,0,data,ok,8,8,-2.9,13.6
mpd,-6.0,7,ack-4f,w,2,2,0,ctl,ok,0,0,-3.7,13.6
mpd,-6.0,7,fsk32r62-r1/2,c32r62,9,1,0,data,ok,8,8,-3.0,13.6
mpd,-6.0,7,ack-4f,w,2,2,0,ctl,ok,0,0,-4.9,13.6
mpd,-6.0,7,fsk32r62-r1/2,c32r62,9,1,0,data,ok,8,8,-3.8,13.6
mpd,-6.0,7,ack-4f,w,2,2,0,ctl,ok,0,0,-5.6,13.6
mpd,-6.0,7,fsk32r62-r1/2,c32r62,9,1,0,data,ok,8,8,-3.4,13.6
mpd,-6.0,7,ack-4f,w,2,2,0,ctl,ok,0,0,-3.0,13.6
mpd,-6.0,7,fsk32r62-r1/2,c32r62,9,1,0,data,ok,8,8,-3.8,13.6
mpd,8.0,9,qpsk-r1/5,w,1,1,0,ctl,ok,0,0,8.8,173.0
mpd,8.0,9,qpsk-r1/5,w,1,1,0,ctl,ok,0,0,10.8,173.0
mpd,8.0,9,ack-4f,w,3,3,0,ctl,ok,0,0,10.8,173.0
mpd,8.0,9,ack-1f,w,2,2,0,ctl,ok,0,0,8.8,173.0
mpd,8.0,9,w48-qpsk-r1/2,w48,19,1,0,data,ok,18,18,9.3,173.0
mpd,8.0,9,ack-1f,w,3,3,0,ctl,ok,0,0,12.1,173.0
mpd,8.0,9,w48-16qam-r1/3,w48,19,2,1,data,ok,17,17,10.3,173.0
mpd,8.0,9,ack-1f,w,2,2,0,ctl,ok,0,0,12.0,173.0
mpd,8.0,9,w48-16qam-r1/3,w48,19,1,0,data,ok,18,18,8.2,173.0
mpd,8.0,9,ack-1f,w,3,3,0,ctl,ok,0,0,11.3,173.0
mpd,8.0,9,w48-16qam-r1/3,w48,19,2,1,data,ok,17,17,8.8,173.0
mpd,8.0,9,ack-1f,w,3,3,0,ctl,ok,0,0,7.8,173.0
mpd,8.0,9,w48-16qam-r1/3,w48,19,2,1,data,ok,17,14,7.9,173.0
mpd,8.0,9,ack-1f,w,4,4,0,ctl,ok,0,0,8.5,173.0
mpd,8.0,9,w48-16qam-r1/3,w48,19,2,1,data,ok,14,14,9.6,173.0
mpd,8.0,9,ack-1f,w,2,2,0,ctl,ok,0,0,10.5,173.0
mpd,8.0,9,w48-16qam-r1/3,w48,19,1,0,data,ok,18,18,8.9,173.0
mpd,8.0,9,ack-1f,w,2,2,0,ctl,ok,0,0,12.2,173.0
mpd,8.0,9,w48-16qam-r1/3,w48,19,1,0,data,ok,18,18,9.6,173.0
mpd,8.0,9,ack-1f,w,2,2,0,ctl,ok,0,0,10.9,173.0
mpd,8.0,9,w48-16qam-r1/3,w48,19,1,0,data,ok,18,18,8.5,173.0
mpd,8.0,9,ack-1f,w,2,2,0,ctl,ok,0,0,10.7,173.0
mpd,8.0,9,w48-16qam-r1/3,w48,19,1,0,data,ctl_lost,18,18,8.2,173.0
mpd,8.0,9,ack-4f,w,3,3,0,ctl,ok,0,0,10.6,173.0
mpd,8.0,9,ack-4f,w,2,2,0,ctl,ok,0,0,12.9,173.0
mpd,8.0,9,w48-qpsk-r1/2,w48,19,1,0,data,ok,18,18,8.5,173.0
mpd,8.0,9,ack-1f,w,2,2,0,ctl,ok,0,0,9.8,173.0
mpd,8.0,9,w48-qpsk-r1/2,w48,19,1,0,data,ok,18,18,8.4,173.0
mpd,8.0,9,ack-1f,w,2,2,0,ctl,ok,0,0,5.0,173.0
mpd,8.0,9,w48-qpsk-r1/2,w48,19,1,0,data,ok,18,18,7.8,173.0
mpd,8.0,9,ack-1f,w,2,2,0,ctl,ok,0,0,7.8,173.0
mpd,8.0,9,w48-qpsk-r1/2,w48,19,1,0,data,ok,18,18,9.4,173.0
mpd,8.0,9,ack-1f,w,3,3,0,ctl,ok,0,0,9.0,173.0
mpd,8.0,9,w48-16qam-r1/3,w48,19,2,1,data,ok,17,17,8.8,173.0
mpd,8.0,9,ack-1f,w,3,3,0,ctl,ok,0,0,11.5,173.0
mpd,8.0,9,w48-16qam-r1/3,w48,19,2,1,data,ok,17,17,9.5,173.0
mpd,8.0,9,ack-1f,w,2,2,0,ctl,ok,0,0,14.0,173.0
mpd,8.0,9,w48-16qam-r1/3,w48,19,1,0,data,ok,18,18,8.3,173.0
mpd,8.0,9,ack-1f,w,3,3,0,ctl,ok,0,0,11.8,173.0
mpd,8.0,9,w48-16qam-r1/3,w48,19,2,1,data,ok,17,6,7.6,173.0
mpd,8.0,9,ack-1f,w,4,4,0,ctl,ok,0,0,12.5,173.0
mpd,8.0,9,w48-16qam-r1/3,w48,19,2,1,data,ok,10,10,8.4,173.0
mpd,8.0,9,ack-1f,w,3,3,0,ctl,ok,0,0,9.0,173.0
mpd,8.0,9,w48-16qam-r1/3,w48,19,2,1,data,ok,17,17,7.8,173.0
mpd,8.0,9,ack-1f,w,3,3,0,ctl,ok,0,0,11.6,173.0
mpd,8.0,9,w48-16qam-r1/3,w48,19,2,1,data,ok,17,17,8.1,173.0
mpd,8.0,9,ack-1f,w,3,3,0,ctl,ok,0,0,12.5,173.0
mpd,8.0,9,w48-16qam-r1/3,w48,19,2,1,data,ok,17,17,9.3,173.0
mpd,8.0,9,ack-1f,w,2,2,0,ctl,ok,0,0,6.8,173.0
mpd,8.0,9,w48-16qam-r1/3,w48,19,1,0,data,ok,18,17,8.1,173.0
mpd,8.0,9,ack-1f,w,3,3,0,ctl,ok,0,0,9.4,173.0
mpd,8.0,9,w48-16qam-r1/3,w48,19,1,0,data,ok,17,16,8.1,173.0
mpd,8.0,9,ack-1f,w,3,3,0,ctl,ok,0,0,12.3,173.0
mpd,8.0,9,w48-16qam-r1/3,w48,19,2,1,data,ok,17,1,7.4,173.0
mpd,8.0,9,ack-1f,w,3,3,0,ctl,ok,0,0,6.9,173.0
mpd,8.0,9,w48-16qam-r1/3,w48,19,2,1,data,ok,1,1,8.7,173.0
mpd,8.0,9,ack-1f,w,2,2,0,ctl,ok,0,0,10.0,173.0
mpd,8.0,9,w48-16qam-r1/3,w48,19,1,0,data,ok,18,18,9.0,173.0
mpd,8.0,9,ack-1f,w,2,2,0,ctl,ok,0,0,13.2,173.0
mpd,8.0,9,w48-16qam-r1/3,w48,19,1,0,data,ok,18,15,8.2,173.0
mpd,8.0,9,ack-1f,w,3,3,0,ctl,ok,0,0,7.3,173.0
mpd,8.0,9,w48-16qam-r1/3,w48,19,1,0,data,ok,15,15,9.0,173.0
mpd,8.0,9,ack-1f,w,2,2,0,ctl,ok,0,0,10.1,173.0
mpd,8.0,9,w48-16qam-r1/3,w48,19,1,0,data,ok,18,18,9.4,173.0
mpd,8.0,9,ack-1f,w,2,2,0,ctl,ok,0,0,13.4,173.0
mpd,8.0,9,w48-16qam-r1/3,w48,19,1,0,data,ok,18,18,8.2,173.0
mpd,8.0,9,ack-1f,w,2,2,0,ctl,ok,0,0,10.7,173.0
mpd,8.0,9,w48-16qam-r1/3,w48,19,1,0,data,ctl_lost,18,1,8.2,173.0
mpd,8.0,9,ack-4f,w,2,2,0,ctl,ok,0,0,10.6,173.0
mpd,8.0,9,ack-4f,w,3,3,0,ctl,ok,0,0,11.4,173.0
mpd,8.0,9,w48-16qam-r1/3,w48,19,2,1,data,ok,17,17,9.5,173.0
mpd,8.0,9,ack-1f,w,2,2,0,ctl,ok,0,0,11.3,173.0
mpd,8.0,9,w48-16qam-r1/3,w48,19,1,0,data,ok,18,18,9.2,173.0
mpd,8.0,9,ack-1f,w,2,2,0,ctl,ok,0,0,7.6,173.0
mpd,8.0,9,w48-16qam-r1/3,w48,19,1,0,data,ok,18,18,9.0,173.0
mpd,8.0,9,ack-1f,w,2,2,0,ctl,ok,0,0,12.1,173.0
mpd,8.0,9,w48-16qam-r1/3,w48,19,1,0,data,ok,18,18,8.1,173.0
mpd,8.0,9,ack-1f,w,2,2,0,ctl,ok,0,0,9.7,173.0
mpd,8.0,9,w48-16qam-r1/3,w48,19,1,0,data,ok,18,16,8.1,173.0
mpd,8.0,9,ack-1f,w,4,4,0,ctl,ok,0,0,11.9,173.0
mpd,8.0,9,w48-16qam-r1/3,w48,19,2,1,data,ok,15,15,9.2,173.0
mpd,8.0,9,ack-1f,w,2,2,0,ctl,ok,0,0,9.1,173.0
mpd,8.0,9,w48-16qam-r1/3,w48,19,1,0,data,ok,18,18,8.0,173.0
mpd,8.0,9,ack-1f,w,2,2,0,ctl,ok,0,0,6.5,173.0
mpd,8.0,9,w48-16qam-r1/3,w48,19,1,0,data,ok,18,18,8.8,173.0
mpd,8.0,9,ack-1f,w,2,2,0,ctl,ok,0,0,14.4,173.0
mpd,8.0,9,w48-16qam-r1/3,w48,19,1,0,data,ok,18,18,9.3,173.0
mpd,8.0,9,ack-1f,w,2,2,0,ctl,ok,0,0,8.5,173.0
mpd,8.0,9,w48-16qam-r1/3,w48,19,1,0,data,ok,18,18,8.6,173.0
mpd,8.0,9,ack-1f,w,2,2,0,ctl,ok,0,0,12.5,173.0
mpd,8.0,9,w48-16qam-r1/3,w48,19,1,0,data,ok,18,18,8.3,173.0
mpd,8.0,9,ack-1f,w,2,2,0,ctl,ok,0,0,6.9,173.0
mpd,8.0,9,w48-16qam-r1/3,w48,19,1,0,data,ok,18,18,9.2,173.0
mpd,-6.0,9,qpsk-r1/5,w,1,1,0,ctl,ctl_lost,0,0,-6.3,11.9
mpd,-6.0,9,n4-qpsk-r1/3,n4,1,1,0,ctl,ok,0,0,-8.0,11.9
mpd,-6.0,9,n4-qpsk-r1/3,n4,1,1,,ctl,missed,0,0,,11.9
mpd,-6.0,9,n4-qpsk-r1/3,n4,1,1,,ctl,missed,0,0,,11.9
mpd,-6.0,9,n4-qpsk-r1/3,n4,1,1,0,ctl,ok,0,0,-5.7,11.9
mpd,-6.0,9,n4-qpsk-r1/3,n4,1,1,0,ctl,ok,0,0,-5.6,11.9
mpd,-6.0,9,ack-4f,w,3,3,0,ctl,ok,0,0,-4.1,11.9
mpd,-6.0,9,n10-ack-4f,n10,2,2,,ctl,missed,0,0,,11.9
mpd,-6.0,9,ack-4f,w,3,3,0,ctl,ok,0,0,-2.5,11.9
mpd,-6.0,9,ack-4f,w,3,3,0,ctl,ok,0,0,-2.3,11.9
mpd,-6.0,9,fsk32r62-r1/2,c32r62,10,2,1,data,ok,8,8,-3.6,11.9
mpd,-6.0,9,n10-ack-4f,n10,3,3,0,ctl,ok,0,0,-4.4,11.9
mpd,-6.0,9,fsk32r62-r1/2,c32r62,10,2,1,data,ok,8,8,-3.7,11.9
mpd,-6.0,9,ack-4f,w,3,3,0,ctl,ok,0,0,-4.8,11.9
mpd,-6.0,9,fsk32r62-r1/2,c32r62,10,2,1,data,ok,8,8,-3.4,11.9
mpd,-6.0,9,ack-4f,w,2,2,0,ctl,ok,0,0,-2.1,11.9
mpd,-6.0,9,fsk32r62-r1/2,c32r62,9,1,0,data,ok,8,7,-3.6,11.9
mpd,-6.0,9,ack-4f,w,2,2,,ctl,missed,0,0,,11.9
mpd,-6.0,9,ack-4f,w,2,2,0,ctl,ok,0,0,-3.6,11.9
mpd,-6.0,9,ack-4f,w,2,2,0,ctl,ok,0,0,-2.1,11.9
mpd,-6.0,9,fsk32r62-r1/2,c32r62,9,1,0,data,ok,8,8,-3.8,11.9
mpd,-6.0,9,ack-4f,w,2,2,0,ctl,ok,0,0,-2.2,11.9
mpd,-6.0,9,fsk32r62-r1/2,c32r62,9,1,0,data,ok,8,8,-3.9,11.9
mpd,-6.0,9,ack-4f,w,2,2,0,ctl,ok,0,0,-2.0,11.9
mpd,-6.0,9,fsk32r62-r1/2,c32r62,9,1,0,data,ok,8,8,-3.4,11.9
mpd,-6.0,9,ack-4f,w,2,2,0,ctl,ok,0,0,-5.7,11.9
mpd,-6.0,9,fsk32r62-r1/2,c32r62,9,1,0,data,ok,8,8,-3.3,11.9
mpd,-6.0,9,ack-4f,w,2,2,0,ctl,ctl_lost,0,0,-5.6,11.9
mpd,-6.0,9,ack-4f,w,3,3,0,ctl,ok,0,0,-2.5,11.9
mpd,-6.0,9,ack-4f,w,2,2,,ctl,missed,0,0,,11.9
mpd,-6.0,9,ack-4f,w,3,3,0,ctl,ok,0,0,-5.6,11.9
mpd,-6.0,9,ack-4f,w,2,2,0,ctl,ok,0,0,-1.1,11.9
mpd,-6.0,9,fsk32r62-r1/2,c32r62,9,1,0,data,ok,8,8,-2.9,11.9
mpd,-6.0,9,ack-4f,w,2,2,0,ctl,ok,0,0,-3.2,11.9
mpd,-6.0,9,fsk32r62-r1/2,c32r62,9,1,0,data,ok,8,8,-3.1,11.9
mpd,-6.0,9,ack-4f,w,2,2,0,ctl,ok,0,0,-5.6,11.9
mpd,-6.0,9,fsk32r62-r1/2,c32r62,9,1,0,data,ok,8,8,-3.4,11.9
mpd,-6.0,9,ack-4f,w,2,2,0,ctl,ok,0,0,-3.8,11.9
mpd,-6.0,9,fsk32r62-r1/2,c32r62,9,1,0,data,ok,8,8,-3.4,11.9
mpd,-6.0,9,ack-4f,w,2,2,0,ctl,ok,0,0,-2.1,11.9
mpd,-6.0,9,fsk32r62-r1/2,c32r62,9,1,0,data,ok,8,8,-2.9,11.9
mpd,-6.0,9,ack-4f,w,2,2,0,ctl,ok,0,0,-5.7,11.9
mpd,-6.0,9,fsk32r62-r1/2,c32r62,9,1,0,data,ok,8,8,-3.5,11.9
mpd,-6.0,9,ack-4f,w,2,2,0,ctl,ok,0,0,-2.9,11.9
mpd,-6.0,9,fsk32r62-r1/2,c32r62,9,1,0,data,ok,8,8,-3.8,11.9
mpd,-6.0,9,ack-4f,w,2,2,0,ctl,ok,0,0,-4.0,11.9
mpd,-6.0,9,fsk32r62-r1/2,c32r62,9,1,0,data,ok,8,8,-3.4,11.9
mpd,-6.0,9,ack-4f,w,2,2,0,ctl,ok,0,0,-1.9,11.9
mpd,-6.0,9,fsk32r62-r1/2,c32r62,9,1,0,data,ok,8,8,-3.3,11.9
mpd,-6.0,10,qpsk-r1/5,w,1,1,0,ctl,ok,0,0,0.6,12.3
mpd,-6.0,10,qpsk-r1/5,w,1,1,0,ctl,ctl_lost,0,0,-3.8,12.3
mpd,-6.0,10,n4-qpsk-r1/3,n4,1,1,0,ctl,ok,0,0,-8.2,12.3
mpd,-6.0,10,n4-qpsk-r1/3,n4,1,1,,ctl,missed,0,0,,12.3
mpd,-6.0,10,n4-qpsk-r1/3,n4,1,1,0,ctl,ok,0,0,-8.5,12.3
mpd,-6.0,10,n4-qpsk-r1/3,n4,1,1,0,ctl,ok,0,0,-5.2,12.3
mpd,-6.0,10,ack-4f,w,2,2,0,ctl,ctl_lost,0,0,-8.2,12.3
mpd,-6.0,10,ack-4f,w,2,2,0,ctl,ok,0,0,-3.6,12.3
mpd,-6.0,10,ack-4f,w,3,3,,ctl,missed,0,0,,12.3
mpd,-6.0,10,ack-4f,w,2,2,0,ctl,ok,0,0,-3.6,12.3
mpd,-6.0,10,ack-4f,w,3,3,0,ctl,ok,0,0,0.2,12.3
mpd,-6.0,10,fsk32r62-r1/2,c32r62,10,2,1,data,ok,8,8,-3.8,12.3
mpd,-6.0,10,ack-4f,w,3,3,0,ctl,ok,0,0,-2.3,12.3
mpd,-6.0,10,fsk32r62-r1/2,c32r62,10,2,1,data,ok,8,8,-3.4,12.3
mpd,-6.0,10,ack-4f,w,2,2,0,ctl,ok,0,0,-2.2,12.3
mpd,-6.0,10,fsk32r62-r1/2,c32r62,9,1,0,data,ok,8,8,-3.4,12.3
mpd,-6.0,10,ack-4f,w,2,2,0,ctl,ctl_lost,0,0,-8.1,12.3
mpd,-6.0,10,ack-4f,w,3,3,0,ctl,ok,0,0,-3.6,12.3
mpd,-6.0,10,ack-4f,w,2,2,0,ctl,ok,0,0,-0.4,12.3
mpd,-6.0,10,fsk32r62-r1/2,c32r62,9,1,0,data,ok,8,8,-3.8,12.3
mpd,-6.0,10,n10-ack-4f,n10,2,2,0,ctl,ok,0,0,-5.2,12.3
mpd,-6.0,10,fsk32r62-r1/2,c32r62,9,1,0,data,ok,8,8,-3.5,12.3
mpd,-6.0,10,n10-ack-4f,n10,2,2,0,ctl,ok,0,0,-5.0,12.3
mpd,-6.0,10,fsk32r62-r1/2,c32r62,9,1,0,data,ok,8,8,-3.8,12.3
mpd,-6.0,10,n10-ack-4f,n10,2,2,,ctl,missed,0,0,,12.3
mpd,-6.0,10,ack-4f,w,3,3,0,ctl,ok,0,0,-1.9,12.3
mpd,-6.0,10,ack-4f,w,2,2,0,ctl,ok,0,0,-5.2,12.3
mpd,-6.0,10,fsk32r62-r1/2,c32r62,9,1,0,data,ok,8,8,-2.9,12.3
mpd,-6.0,10,n10-ack-4f,n10,2,2,0,ctl,ok,0,0,-3.5,12.3
mpd,-6.0,10,fsk32r62-r1/2,c32r62,9,1,0,data,ok,8,8,-3.9,12.3
mpd,-6.0,10,n10-ack-4f,n10,2,2,0,ctl,ok,0,0,-3.0,12.3
mpd,-6.0,10,fsk32r62-r1/2,c32r62,9,1,0,data,ok,8,8,-3.4,12.3
mpd,-6.0,10,n10-ack-4f,n10,2,2,0,ctl,ok,0,0,-4.2,12.3
mpd,-6.0,10,fsk32r62-r1/2,c32r62,9,1,0,data,ok,8,8,-3.0,12.3
mpd,-6.0,10,n10-ack-4f,n10,2,2,,ctl,missed,0,0,,12.3
mpd,-6.0,10,ack-4f,w,3,3,0,ctl,ok,0,0,-5.1,12.3
mpd,-6.0,10,ack-4f,w,2,2,0,ctl,ok,0,0,-0.5,12.3
mpd,-6.0,10,fsk32r62-r1/2,c32r62,9,1,0,data,ok,8,8,-3.1,12.3
mpd,-6.0,10,n10-ack-4f,n10,2,2,0,ctl,ok,0,0,-7.4,12.3
mpd,-6.0,10,fsk32r62-r1/2,c32r62,9,1,0,data,ok,8,8,-3.6,12.3
mpd,-6.0,10,n10-ack-4f,n10,2,2,0,ctl,ok,0,0,-4.5,12.3
mpd,-6.0,10,fsk32r62-r1/2,c32r62,9,1,0,data,ok,8,8,-4.2,12.3
mpd,-6.0,10,n10-ack-4f,n10,2,2,0,ctl,ok,0,0,-2.7,12.3
mpd,-6.0,10,fsk32r62-r1/2,c32r62,9,1,0,data,ok,8,8,-3.4,12.3
mpd,-6.0,10,n10-ack-4f,n10,2,2,0,ctl,ok,0,0,-2.9,12.3
mpd,-6.0,10,fsk32r62-r1/2,c32r62,9,1,0,data,ok,8,8,-3.2,12.3
mpd,-6.0,10,n10-ack-4f,n10,2,2,,ctl,missed,0,0,,12.3
mpd,-6.0,10,ack-4f,w,3,3,0,ctl,ok,0,0,-4.1,12.3
mpd,-6.0,10,ack-4f,w,2,2,,ctl,missed,0,0,,12.3
mpd,-6.0,10,ack-4f,w,3,3,0,ctl,ok,0,0,-2.8,12.3
mpd,-6.0,10,ack-4f,w,2,2,0,ctl,ok,0,0,-3.5,12.3
mpd,-6.0,10,fsk32r62-r1/2,c32r62,9,1,0,data,ok,8,8,-3.7,12.3
mpd,-6.0,10,n10-ack-4f,n10,2,2,0,ctl,ok,0,0,-3.1,12.3
mpd,-6.0,10,fsk32r62-r1/2,c32r62,9,1,0,data,ok,8,8,-3.4,12.3
mpd,-6.0,11,qpsk-r1/5,w,1,1,0,ctl,ctl_lost,0,0,-5.8,12.8
mpd,-6.0,11,n4-qpsk-r1/3,n4,1,1,0,ctl,ok,0,0,-3.8,12.8
mpd,-6.0,11,n4-qpsk-r1/3,n4,1,1,0,ctl,ok,0,0,-5.9,12.8
mpd,-6.0,11,ack-4f,w,3,3,,ctl,missed,0,0,,12.8
mpd,-6.0,11,ack-4f,w,3,3,0,ctl,ok,0,0,-3.1,12.8
mpd,-6.0,11,n10-ack-4f,n10,2,2,0,ctl,ok,0,0,-6.9,12.8
mpd,-6.0,11,fsk32r62-r1/2,c32r62,9,1,0,data,ok,8,8,-4.0,12.8
mpd,-6.0,11,ack-4f,w,3,3,0,ctl,ok,0,0,-1.9,12.8
mpd,-6.0,11,fsk32r62-r1/2,c32r62,10,2,1,data,ok,8,8,-3.9,12.8
mpd,-6.0,11,ack-4f,w,3,3,0,ctl,ok,0,0,-3.9,12.8
mpd,-6.0,11,fsk32r62-r1/2,c32r62,10,2,1,data,ok,8,8,-3.4,12.8
mpd,-6.0,11,ack-4f,w,2,2,0,ctl,ok,0,0,-5.5,12.8
mpd,-6.0,11,fsk32r62-r1/2,c32r62,9,1,0,data,ok,8,8,-3.4,12.8
mpd,-6.0,11,ack-4f,w,2,2,0,ctl,ok,0,0,-6.3,12.8
mpd,-6.0,11,fsk32r62-r1/2,c32r62,9,1,0,data,ok,8,8,-3.9,12.8
mpd,-6.0,11,ack-4f,w,2,2,0,ctl,ok,0,0,-3.9,12.8
mpd,-6.0,11,fsk32r62-r1/2,c32r62,9,1,0,data,ok,8,8,-3.1,12.8
mpd,-6.0,11,ack-4f,w,2,2,,ctl,missed,0,0,,12.8
mpd,-6.0,11,ack-4f,w,3,3,0,ctl,ok,0,0,-2.8,12.8
mpd,-6.0,11,ack-4f,w,2,2,0,ctl,ok,0,0,-6.1,12.8
mpd,-6.0,11,fsk32r62-r1/2,c32r62,9,1,0,data,ok,8,8,-3.4,12.8
mpd,-6.0,11,ack-4f,w,2,2,0,ctl,ok,0,0,-6.1,12.8
mpd,-6.0,11,fsk32r62-r1/2,c32r62,9,1,0,data,ok,8,8,-4.1,12.8
mpd,-6.0,11,ack-4f,w,2,2,0,ctl,ok,0,0,-2.1,12.8
mpd,-6.0,11,fsk32r62-r1/2,c32r62,9,1,0,data,ok,8,8,-3.1,12.8
mpd,-6.0,11,ack-4f,w,2,2,0,ctl,ok,0,0,-4.2,12.8
mpd,-6.0,11,fsk32r62-r1/2,c32r62,9,1,0,data,ok,8,8,-3.3,12.8
mpd,-6.0,11,ack-4f,w,2,2,0,ctl,ctl_lost,0,0,-5.1,12.8
mpd,-6.0,11,ack-4f,w,3,3,0,ctl,ok,0,0,-4.1,12.8
mpd,-6.0,11,ack-4f,w,2,2,0,ctl,ok,0,0,-2.8,12.8
mpd,-6.0,11,fsk32r62-r1/2,c32r62,9,1,0,data,ok,8,8,-3.0,12.8
mpd,-6.0,11,ack-4f,w,2,2,0,ctl,ok,0,0,-2.0,12.8
mpd,-6.0,11,fsk32r62-r1/2,c32r62,9,1,0,data,ok,8,8,-3.6,12.8
mpd,-6.0,11,ack-4f,w,2,2,0,ctl,ok,0,0,-3.4,12.8
mpd,-6.0,11,fsk32r62-r1/2,c32r62,9,1,0,data,ok,8,8,-3.4,12.8
mpd,-6.0,11,ack-4f,w,2,2,0,ctl,ok,0,0,-6.3,12.8
mpd,-6.0,11,fsk32r62-r1/2,c32r62,9,1,0,data,ok,8,8,-3.4,12.8
mpd,-6.0,11,ack-4f,w,2,2,0,ctl,ok,0,0,-2.9,12.8
mpd,-6.0,11,fsk32r62-r1/2,c32r62,9,1,0,data,ok,8,8,-3.3,12.8
mpd,-6.0,11,ack-4f,w,2,2,0,ctl,ok,0,0,-2.4,12.8
mpd,-6.0,11,fsk32r62-r1/2,c32r62,9,1,0,data,ok,8,8,-3.6,12.8
mpd,-6.0,11,ack-4f,w,2,2,0,ctl,ok,0,0,-1.8,12.8
mpd,-6.0,11,fsk32r62-r1/2,c32r62,9,1,0,data,ok,8,8,-3.4,12.8
mpd,-6.0,11,ack-4f,w,2,2,0,ctl,ok,0,0,-1.8,12.8
mpd,-6.0,11,fsk32r62-r1/2,c32r62,9,1,0,data,ok,8,8,-3.4,12.8
mpd,8.0,3,qpsk-r1/5,w,1,1,0,ctl,ok,0,0,11.5,165.3
mpd,8.0,3,qpsk-r1/5,w,1,1,0,ctl,ok,0,0,11.4,165.3
mpd,8.0,3,ack-4f,w,3,3,0,ctl,ok,0,0,7.2,165.3
mpd,8.0,3,ack-1f,w,2,2,0,ctl,ok,0,0,7.0,165.3
mpd,8.0,3,w48-qpsk-r1/2,w48,19,1,0,data,ok,18,18,9.1,165.3
mpd,8.0,3,ack-1f,w,3,3,0,ctl,ok,0,0,8.5,165.3
mpd,8.0,3,w48-16qam-r1/3,w48,19,2,1,data,ok,17,17,8.1,165.3
mpd,8.0,3,ack-1f,w,3,3,0,ctl,ok,0,0,11.9,165.3
mpd,8.0,3,w48-16qam-r1/3,w48,19,2,1,data,ok,17,17,8.9,165.3
mpd,8.0,3,ack-1f,w,3,3,0,ctl,ok,0,0,11.6,165.3
mpd,8.0,3,w48-16qam-r1/3,w48,19,2,1,data,ok,17,17,8.5,165.3
mpd,8.0,3,ack-1f,w,3,3,0,ctl,ok,0,0,10.2,165.3
mpd,8.0,3,w48-16qam-r1/3,w48,19,2,1,data,ok,17,17,9.2,165.3
mpd,8.0,3,ack-1f,w,2,2,0,ctl,ok,0,0,9.6,165.3
mpd,8.0,3,w48-16qam-r1/3,w48,19,1,0,data,ok,18,18,8.4,165.3
mpd,8.0,3,ack-1f,w,3,3,0,ctl,ok,0,0,12.6,165.3
mpd,8.0,3,w48-16qam-r1/3,w48,19,2,1,data,ok,17,17,9.3,165.3
mpd,8.0,3,ack-1f,w,2,2,0,ctl,ok,0,0,11.8,165.3
mpd,8.0,3,w48-16qam-r1/3,w48,19,1,0,data,ok,18,18,9.6,165.3
mpd,8.0,3,ack-1f,w,2,2,0,ctl,ok,0,0,11.4,165.3
mpd,8.0,3,w48-16qam-r1/3,w48,19,1,0,data,ctl_lost,18,1,7.5,165.3
mpd,8.0,3,ack-4f,w,3,3,0,ctl,ok,0,0,11.1,165.3
mpd,8.0,3,ack-4f,w,2,2,0,ctl,ok,0,0,10.5,165.3
mpd,8.0,3,w48-qpsk-r1/2,w48,19,1,0,data,ok,18,18,9.7,165.3
mpd,8.0,3,ack-1f,w,2,2,0,ctl,ok,0,0,9.1,165.3
mpd,8.0,3,w48-16qam-r1/3,w48,19,1,0,data,ok,18,18,8.8,165.3
mpd,8.0,3,ack-1f,w,3,3,0,ctl,ok,0,0,9.6,165.3
mpd,8.0,3,w48-16qam-r1/3,w48,19,2,1,data,ok,17,0,7.1,165.3
mpd,8.0,3,ack-1f,w,3,3,0,ctl,ok,0,0,11.5,165.3
mpd,8.0,3,w48-qpsk-r1/2,w48,19,2,1,data,ok,17,17,10.1,165.3
mpd,8.0,3,ack-1f,w,2,2,0,ctl,ok,0,0,11.0,165.3
mpd,8.0,3,w48-16qam-r1/3,w48,19,1,0,data,ok,18,11,7.2,165.3
mpd,8.0,3,ack-1f,w,4,4,0,ctl,ok,0,0,11.9,165.3
mpd,8.0,3,w48-16qam-r1/3,w48,19,2,1,data,ok,10,10,10.1,165.3
mpd,8.0,3,ack-1f,w,2,2,0,ctl,ok,0,0,13.1,165.3
mpd,8.0,3,w48-16qam-r1/3,w48,19,1,0,data,ok,18,18,8.9,165.3
mpd,8.0,3,ack-1f,w,2,2,0,ctl,ok,0,0,8.1,165.3
mpd,8.0,3,w48-16qam-r1/3,w48,19,1,0,data,ok,18,15,8.1,165.3
mpd,8.0,3,ack-1f,w,4,4,0,ctl,ok,0,0,10.9,165.3
mpd,8.0,3,w48-16qam-r1/3,w48,19,2,1,data,ok,14,14,8.7,165.3
mpd,8.0,3,ack-1f,w,3,3,0,ctl,ok,0,0,6.2,165.3
mpd,8.0,3,w48-16qam-r1/3,w48,19,2,1,data,ok,17,17,8.2,165.3
mpd,8.0,3,ack-1f,w,3,3,0,ctl,ok,0,0,12.9,165.3
mpd,8.0,3,w48-16qam-r1/3,w48,19,2,1,data,ok,17,17,10.2,165.3
mpd,8.0,3,ack-1f,w,2,2,0,ctl,ok,0,0,11.2,165.3
mpd,8.0,3,w48-16qam-r1/3,w48,19,1,0,data,ok,18,13,7.6,165.3
mpd,8.0,3,ack-1f,w,3,3,0,ctl,ok,0,0,9.8,165.3
mpd,8.0,3,w48-16qam-r1/3,w48,19,1,0,data,ok,13,13,8.8,165.3
mpd,8.0,3,ack-1f,w,2,2,0,ctl,ok,0,0,12.5,165.3
mpd,8.0,3,w48-16qam-r1/3,w48,19,1,0,data,ok,18,18,9.6,165.3
mpd,8.0,3,ack-1f,w,2,2,0,ctl,ok,0,0,10.5,165.3
mpd,8.0,3,w48-16qam-r1/3,w48,19,1,0,data,ok,18,18,9.0,165.3
mpd,8.0,3,ack-1f,w,2,2,0,ctl,ok,0,0,7.7,165.3
mpd,8.0,3,w48-16qam-r1/3,w48,19,1,0,data,ok,18,18,9.0,165.3
mpd,8.0,3,ack-1f,w,2,2,0,ctl,ok,0,0,9.3,165.3
mpd,8.0,3,w48-16qam-r1/3,w48,19,1,0,data,ok,18,18,8.4,165.3
mpd,8.0,3,ack-1f,w,2,2,0,ctl,ok,0,0,12.0,165.3
mpd,8.0,3,w48-16qam-r1/3,w48,19,1,0,data,ok,18,18,9.7,165.3
mpd,8.0,3,ack-1f,w,2,2,0,ctl,ok,0,0,13.5,165.3
mpd,8.0,3,w48-16qam-r1/3,w48,19,1,0,data,ctl_lost,18,0,7.9,165.3
mpd,8.0,3,ack-4f,w,2,2,0,ctl,ok,0,0,10.0,165.3
mpd,8.0,3,ack-4f,w,2,2,0,ctl,ok,0,0,7.6,165.3
mpd,8.0,3,w48-qpsk-r1/2,w48,19,1,0,data,ok,18,18,8.1,165.3
mpd,8.0,3,ack-1f,w,3,3,0,ctl,ok,0,0,13.2,165.3
mpd,8.0,3,w48-16qam-r1/3,w48,19,2,1,data,ok,17,17,9.6,165.3
mpd,8.0,3,ack-1f,w,2,2,0,ctl,ok,0,0,8.6,165.3
mpd,8.0,3,w48-16qam-r1/3,w48,19,1,0,data,ok,18,18,8.3,165.3
mpd,8.0,3,ack-1f,w,3,3,0,ctl,ok,0,0,11.3,165.3
mpd,8.0,3,w48-16qam-r1/3,w48,19,2,1,data,ok,17,17,9.2,165.3
mpd,8.0,3,ack-1f,w,2,2,0,ctl,ok,0,0,13.3,165.3
mpd,8.0,3,w48-16qam-r1/3,w48,19,1,0,data,ok,18,18,8.0,165.3
mpd,8.0,3,ack-1f,w,3,3,0,ctl,ok,0,0,13.2,165.3
mpd,8.0,3,w48-16qam-r1/3,w48,19,2,1,data,ok,17,17,9.2,165.3
mpd,8.0,3,ack-1f,w,2,2,0,ctl,ok,0,0,2.5,165.3
mpd,8.0,3,w48-16qam-r1/3,w48,19,1,0,data,ok,18,18,9.3,165.3
mpd,8.0,3,ack-1f,w,2,2,0,ctl,ok,0,0,11.1,165.3
mpd,8.0,3,w48-16qam-r1/3,w48,19,1,0,data,ok,18,18,9.8,165.3
mpd,8.0,3,ack-1f,w,2,2,0,ctl,ok,0,0,10.0,165.3
mpd,8.0,3,w48-16qam-r1/3,w48,19,1,0,data,ok,18,17,8.1,165.3
mpd,8.0,3,ack-1f,w,3,3,0,ctl,ok,0,0,12.2,165.3
mpd,8.0,3,w48-16qam-r1/3,w48,19,1,0,data,ok,17,17,9.8,165.3
mpd,8.0,3,ack-1f,w,2,2,0,ctl,ok,0,0,8.2,165.3
mpd,8.0,3,w48-16qam-r1/3,w48,19,1,0,data,ok,18,3,7.8,165.3
mpd,8.0,3,ack-1f,w,3,3,0,ctl,ok,0,0,8.9,165.3
mpd,8.0,3,w48-16qam-r1/3,w48,19,1,0,data,ok,3,3,10.3,165.3
mpd,8.0,3,ack-1f,w,2,2,0,ctl,ok,0,0,8.4,165.3
mpd,8.0,3,w48-16qam-r1/3,w48,19,1,0,data,ok,18,18,7.8,165.3
mpd,8.0,3,ack-1f,w,2,2,0,ctl,ok,0,0,12.4,165.3
mpd,8.0,3,w48-16qam-r1/3,w48,19,1,0,data,ctl_lost,18,11,7.9,165.3
mpd,8.0,3,ack-4f,w,3,3,0,ctl,ok,0,0,11.6,165.3
mpd,8.0,3,ack-4f,w,3,3,0,ctl,ok,0,0,12.2,165.3
mpd,8.0,3,w48-16qam-r1/3,w48,19,2,1,data,ok,17,17,8.8,165.3
mpd,8.0,3,ack-1f,w,2,2,0,ctl,ok,0,0,13.3,165.3
mpd,8.0,3,w48-16qam-r1/3,w48,19,1,0,data,ok,18,18,9.9,165.3
mpd,8.0,7,qpsk-r1/5,w,1,1,0,ctl,ok,0,0,13.4,161.9
mpd,8.0,7,qpsk-r1/5,w,1,1,0,ctl,ok,0,0,14.3,161.9
mpd,8.0,7,ack-4f,w,2,2,0,ctl,ok,0,0,10.3,161.9
mpd,8.0,7,ack-1f,w,2,2,0,ctl,ok,0,0,12.7,161.9
mpd,8.0,7,w48-16qam-r1/3,w48,19,1,0,data,ok,18,18,9.5,161.9
mpd,8.0,7,ack-1f,w,3,3,0,ctl,ok,0,0,12.3,161.9
mpd,8.0,7,w48-16qam-r1/3,w48,19,2,1,data,ok,17,17,8.9,161.9
mpd,8.0,7,ack-1f,w,3,3,0,ctl,ok,0,0,10.7,161.9
mpd,8.0,7,w48-16qam-r1/3,w48,19,2,1,data,ok,17,17,9.1,161.9
mpd,8.0,7,ack-1f,w,2,2,0,ctl,ok,0,0,11.1,161.9
mpd,8.0,7,w48-16qam-r1/3,w48,19,1,0,data,ctl_lost,18,0,7.4,161.9
mpd,8.0,7,ack-4f,w,3,3,0,ctl,ok,0,0,12.0,161.9
mpd,8.0,7,ack-4f,w,2,2,0,ctl,ok,0,0,13.1,161.9
mpd,8.0,7,w48-qpsk-r1/2,w48,19,1,0,data,ok,18,18,8.0,161.9
mpd,8.0,7,ack-1f,w,2,2,0,ctl,ok,0,0,9.8,161.9
mpd,8.0,7,w48-qpsk-r1/2,w48,19,1,0,data,ok,18,18,8.0,161.9
mpd,8.0,7,ack-1f,w,2,2,0,ctl,ok,0,0,10.8,161.9
mpd,8.0,7,w48-qpsk-r1/2,w48,19,1,0,data,ok,18,18,9.5,161.9
mpd,8.0,7,ack-1f,w,3,3,0,ctl,ok,0,0,8.5,161.9
mpd,8.0,7,w48-16qam-r1/3,w48,19,2,1,data,ok,17,17,8.8,161.9
mpd,8.0,7,ack-1f,w,2,2,0,ctl,ok,0,0,8.1,161.9
mpd,8.0,7,w48-qpsk-r1/2,w48,19,1,0,data,ok,18,18,10.0,161.9
mpd,8.0,7,ack-1f,w,3,3,0,ctl,ok,0,0,12.5,161.9
mpd,8.0,7,w48-16qam-r1/3,w48,19,2,1,data,ok,17,17,8.8,161.9
mpd,8.0,7,ack-1f,w,3,3,0,ctl,ok,0,0,11.6,161.9
mpd,8.0,7,w48-16qam-r1/3,w48,19,2,1,data,ok,17,16,8.0,161.9
mpd,8.0,7,ack-1f,w,2,2,0,ctl,ok,0,0,12.7,161.9
mpd,8.0,7,w48-qpsk-r1/2,w48,19,1,0,data,ok,18,18,9.6,161.9
mpd,8.0,7,ack-1f,w,3,3,0,ctl,ok,0,0,11.6,161.9
mpd,8.0,7,w48-16qam-r1/3,w48,19,2,1,data,ok,17,17,8.7,161.9
mpd,8.0,7,ack-1f,w,3,3,0,ctl,ok,0,0,12.1,161.9
mpd,8.0,7,w48-16qam-r1/3,w48,19,2,1,data,ok,17,0,7.3,161.9
mpd,8.0,7,ack-1f,w,2,2,0,ctl,ok,0,0,6.8,161.9
mpd,8.0,7,w48-qpsk-r1/2,w48,19,1,0,data,ok,18,18,10.3,161.9
mpd,8.0,7,ack-1f,w,2,2,0,ctl,ok,0,0,13.9,161.9
mpd,8.0,7,w48-16qam-r1/3,w48,19,1,0,data,ok,18,18,8.3,161.9
mpd,8.0,7,ack-1f,w,3,3,0,ctl,ok,0,0,12.1,161.9
mpd,8.0,7,w48-16qam-r1/3,w48,19,2,1,data,ok,17,17,10.0,161.9
mpd,8.0,7,ack-1f,w,2,2,0,ctl,ok,0,0,10.1,161.9
mpd,8.0,7,w48-16qam-r1/3,w48,19,1,0,data,ok,18,18,8.9,161.9
mpd,8.0,7,ack-1f,w,2,2,0,ctl,ok,0,0,10.0,161.9
mpd,8.0,7,w48-16qam-r1/3,w48,19,1,0,data,ok,18,18,9.7,161.9
mpd,8.0,7,ack-1f,w,2,2,0,ctl,ok,0,0,8.4,161.9
mpd,8.0,7,w48-16qam-r1/3,w48,19,1,0,data,ok,18,18,7.9,161.9
mpd,8.0,7,ack-1f,w,3,3,0,ctl,ok,0,0,11.7,161.9
mpd,8.0,7,w48-16qam-r1/3,w48,19,2,1,data,ok,17,17,10.0,161.9
mpd,8.0,7,ack-1f,w,2,2,0,ctl,ok,0,0,9.6,161.9
mpd,8.0,7,w48-16qam-r1/3,w48,19,1,0,data,ctl_lost,18,14,8.1,161.9
mpd,8.0,7,ack-4f,w,2,2,0,ctl,ok,0,0,12.0,161.9
mpd,8.0,7,ack-4f,w,3,3,0,ctl,ok,0,0,11.6,161.9
mpd,8.0,7,w48-16qam-r1/3,w48,19,2,1,data,ok,17,17,8.1,161.9
mpd,8.0,7,ack-1f,w,2,2,0,ctl,ok,0,0,8.3,161.9
mpd,8.0,7,w48-qpsk-r1/2,w48,19,1,0,data,ok,18,18,9.3,161.9
mpd,8.0,7,ack-1f,w,3,3,0,ctl,ok,0,0,10.6,161.9
mpd,8.0,7,w48-16qam-r1/3,w48,19,2,1,data,ok,17,17,8.2,161.9
mpd,8.0,7,ack-1f,w,2,2,0,ctl,ok,0,0,8.0,161.9
mpd,8.0,7,w48-qpsk-r1/2,w48,19,1,0,data,ok,18,18,10.1,161.9
mpd,8.0,7,ack-1f,w,2,2,0,ctl,ok,0,0,9.9,161.9
mpd,8.0,7,w48-16qam-r1/3,w48,19,1,0,data,ok,18,17,8.0,161.9
mpd,8.0,7,ack-1f,w,3,3,0,ctl,ok,0,0,7.6,161.9
mpd,8.0,7,w48-16qam-r1/3,w48,19,2,1,data,ok,16,16,8.1,161.9
mpd,8.0,7,ack-1f,w,2,2,0,ctl,ok,0,0,10.4,161.9
mpd,8.0,7,w48-qpsk-r1/2,w48,19,1,0,data,ok,18,18,9.5,161.9
mpd,8.0,7,ack-1f,w,2,2,0,ctl,ok,0,0,11.0,161.9
mpd,8.0,7,w48-16qam-r1/3,w48,19,1,0,data,ok,18,18,8.2,161.9
mpd,8.0,7,ack-1f,w,3,3,0,ctl,ok,0,0,10.9,161.9
mpd,8.0,7,w48-16qam-r1/3,w48,19,2,1,data,ok,17,17,8.4,161.9
mpd,8.0,7,ack-1f,w,3,3,0,ctl,ok,0,0,11.9,161.9
mpd,8.0,7,w48-16qam-r1/3,w48,19,2,1,data,ok,17,17,8.7,161.9
mpd,8.0,7,ack-1f,w,2,2,0,ctl,ok,0,0,10.3,161.9
mpd,8.0,7,w48-16qam-r1/3,w48,19,1,0,data,ok,18,18,9.4,161.9
mpd,8.0,7,ack-1f,w,2,2,0,ctl,ok,0,0,13.2,161.9
mpd,8.0,7,w48-16qam-r1/3,w48,19,1,0,data,ok,18,18,9.3,161.9
mpd,8.0,7,ack-1f,w,2,2,0,ctl,ok,0,0,11.3,161.9
mpd,8.0,7,w48-16qam-r1/3,w48,19,1,0,data,ok,18,18,8.1,161.9
mpd,8.0,7,ack-1f,w,3,3,0,ctl,ok,0,0,13.1,161.9
mpd,8.0,7,w48-16qam-r1/3,w48,19,2,1,data,ok,17,17,8.0,161.9
mpd,8.0,7,ack-1f,w,3,3,0,ctl,ok,0,0,11.9,161.9
mpd,8.0,7,w48-16qam-r1/3,w48,19,2,1,data,ok,17,17,8.3,161.9
mpd,8.0,7,ack-1f,w,2,2,0,ctl,ok,0,0,11.6,161.9
mpd,8.0,7,w48-16qam-r1/3,w48,19,1,0,data,ok,18,17,7.8,161.9
mpd,8.0,7,ack-1f,w,3,3,0,ctl,ok,0,0,10.5,161.9
mpd,8.0,7,w48-16qam-r1/3,w48,19,1,0,data,ctl_lost,17,1,7.5,161.9
mpd,8.0,7,ack-4f,w,3,3,0,ctl,ok,0,0,10.6,161.9
mpd,8.0,7,ack-4f,w,4,4,0,ctl,ok,0,0,10.8,161.9
mpd,8.0,7,w48-16qam-r1/3,w48,19,2,1,data,ok,16,2,7.6,161.9
mpd,8.0,7,ack-1f,w,4,4,0,ctl,ok,0,0,12.0,161.9
mpd,8.0,7,w48-16qam-r1/3,w48,19,2,1,data,ok,3,1,7.9,161.9
mpd,8.0,7,ack-1f,w,3,3,0,ctl,ok,0,0,10.0,161.9
mpd,8.0,7,w48-16qam-r1/3,w48,19,2,1,data,ok,17,17,8.9,161.9
mpd,8.0,7,ack-1f,w,2,2,0,ctl,ok,0,0,14.2,161.9
mpd,8.0,7,w48-16qam-r1/3,w48,19,1,0,data,ok,18,18,8.2,161.9
mpd,8.0,7,ack-1f,w,2,2,0,ctl,ok,0,0,5.7,161.9
mpd,8.0,7,w48-16qam-r1/3,w48,19,1,0,data,ok,18,18,9.2,161.9
mpd,8.0,11,qpsk-r1/5,w,1,1,0,ctl,ok,0,0,11.1,173.4
mpd,8.0,11,qpsk-r1/5,w,1,1,0,ctl,ok,0,0,10.6,173.4
mpd,8.0,11,ack-4f,w,3,3,0,ctl,ok,0,0,12.0,173.4
mpd,8.0,11,ack-1f,w,2,2,0,ctl,ok,0,0,12.1,173.4
mpd,8.0,11,w48-16qam-r1/3,w48,19,1,0,data,ok,18,18,9.3,173.4
mpd,8.0,11,ack-1f,w,2,2,0,ctl,ok,0,0,13.1,173.4
mpd,8.0,11,w48-16qam-r1/3,w48,19,1,0,data,ok,18,18,8.5,173.4
mpd,8.0,11,ack-1f,w,3,3,0,ctl,ok,0,0,12.0,173.4
mpd,8.0,11,w48-16qam-r1/3,w48,19,2,1,data,ok,17,17,9.3,173.4
mpd,8.0,11,ack-1f,w,3,3,0,ctl,ok,0,0,11.2,173.4
mpd,8.0,11,w48-16qam-r1/3,w48,19,2,1,data,ok,17,17,7.8,173.4
mpd,8.0,11,ack-1f,w,3,3,0,ctl,ok,0,0,11.1,173.4
mpd,8.0,11,w48-16qam-r1/3,w48,19,2,1,data,ok,17,17,8.9,173.4
mpd,8.0,11,ack-1f,w,2,2,0,ctl,ok,0,0,5.4,173.4
mpd,8.0,11,w48-16qam-r1/3,w48,19,1,0,data,ok,18,16,8.2,173.4
mpd,8.0,11,ack-1f,w,4,4,0,ctl,ok,0,0,10.7,173.4
mpd,8.0,11,w48-16qam-r1/3,w48,19,2,1,data,ok,15,15,9.5,173.4
mpd,8.0,11,ack-1f,w,2,2,0,ctl,ok,0,0,11.1,173.4
mpd,8.0,11,w48-16qam-r1/3,w48,19,1,0,data,ok,18,18,9.1,173.4
mpd,8.0,11,ack-1f,w,2,2,0,ctl,ok,0,0,8.7,173.4
mpd,8.0,11,w48-16qam-r1/3,w48,19,1,0,data,ok,18,18,9.6,173.4
mpd,8.0,11,ack-1f,w,2,2,0,ctl,ok,0,0,13.0,173.4
mpd,8.0,11,w48-16qam-r1/3,w48,19,1,0,data,ok,18,18,9.0,173.4
mpd,8.0,11,ack-1f,w,2,2,0,ctl,ok,0,0,10.5,173.4
mpd,8.0,11,w48-16qam-r1/3,w48,19,1,0,data,ok,18,18,8.0,173.4
mpd,8.0,11,ack-1f,w,2,2,0,ctl,ok,0,0,8.8,173.4
mpd,8.0,11,w48-16qam-r1/3,w48,19,1,0,data,ctl_lost,18,0,7.8,173.4
mpd,8.0,11,ack-4f,w,3,3,0,ctl,ok,0,0,10.7,173.4
mpd,8.0,11,ack-4f,w,2,2,0,ctl,ok,0,0,12.0,173.4
mpd,8.0,11,w48-qpsk-r1/2,w48,19,1,0,data,ok,18,18,9.2,173.4
mpd,8.0,11,ack-1f,w,3,3,0,ctl,ok,0,0,9.1,173.4
mpd,8.0,11,w48-16qam-r1/3,w48,19,2,1,data,ok,17,17,9.1,173.4
mpd,8.0,11,ack-1f,w,2,2,0,ctl,ok,0,0,14.0,173.4
mpd,8.0,11,w48-16qam-r1/3,w48,19,1,0,data,ok,18,18,9.3,173.4
mpd,8.0,11,ack-1f,w,2,2,0,ctl,ok,0,0,11.8,173.4
mpd,8.0,11,w48-16qam-r1/3,w48,19,1,0,data,ok,18,18,8.0,173.4
mpd,8.0,11,ack-1f,w,3,3,0,ctl,ok,0,0,9.8,173.4
mpd,8.0,11,w48-16qam-r1/3,w48,19,2,1,data,ok,17,14,7.9,173.4
mpd,8.0,11,ack-1f,w,4,4,0,ctl,ok,0,0,11.2,173.4
mpd,8.0,11,w48-16qam-r1/3,w48,19,2,1,data,ok,15,15,9.4,173.4
mpd,8.0,11,ack-1f,w,2,2,0,ctl,ok,0,0,9.1,173.4
mpd,8.0,11,w48-16qam-r1/3,w48,19,1,0,data,ok,18,18,8.4,173.4
mpd,8.0,11,ack-1f,w,2,2,0,ctl,ok,0,0,13.1,173.4
mpd,8.0,11,w48-16qam-r1/3,w48,19,1,0,data,ctl_lost,18,6,7.4,173.4
mpd,8.0,11,ack-4f,w,2,2,0,ctl,ok,0,0,10.9,173.4
mpd,8.0,11,ack-4f,w,2,2,0,ctl,ok,0,0,10.3,173.4
mpd,8.0,11,w48-qpsk-r1/2,w48,19,1,0,data,ok,18,18,7.6,173.4
mpd,8.0,11,ack-1f,w,2,2,0,ctl,ok,0,0,11.4,173.4
mpd,8.0,11,w48-qpsk-r1/2,w48,19,1,0,data,ok,18,18,8.5,173.4
mpd,8.0,11,ack-1f,w,2,2,0,ctl,ok,0,0,8.8,173.4
mpd,8.0,11,w48-qpsk-r1/2,w48,19,1,0,data,ok,18,18,8.2,173.4
mpd,8.0,11,ack-1f,w,2,2,0,ctl,ok,0,0,9.3,173.4
mpd,8.0,11,w48-qpsk-r1/2,w48,19,1,0,data,ok,18,18,9.8,173.4
mpd,8.0,11,ack-1f,w,3,3,0,ctl,ok,0,0,10.1,173.4
mpd,8.0,11,w48-16qam-r1/3,w48,19,2,1,data,ok,17,17,8.6,173.4
mpd,8.0,11,ack-1f,w,3,3,0,ctl,ok,0,0,12.4,173.4
mpd,8.0,11,w48-16qam-r1/3,w48,19,2,1,data,ok,17,17,9.2,173.4
mpd,8.0,11,ack-1f,w,3,3,0,ctl,ok,0,0,12.6,173.4
mpd,8.0,11,w48-16qam-r1/3,w48,19,2,1,data,ok,17,17,10.2,173.4
mpd,8.0,11,ack-1f,w,2,2,0,ctl,ok,0,0,10.4,173.4
mpd,8.0,11,w48-16qam-r1/3,w48,19,1,0,data,ok,18,18,8.6,173.4
mpd,8.0,11,ack-1f,w,3,3,0,ctl,ok,0,0,11.8,173.4
mpd,8.0,11,w48-16qam-r1/3,w48,19,2,1,data,ok,17,17,8.7,173.4
mpd,8.0,11,ack-1f,w,3,3,0,ctl,ok,0,0,11.8,173.4
mpd,8.0,11,w48-16qam-r1/3,w48,19,2,1,data,ok,17,17,9.4,173.4
mpd,8.0,11,ack-1f,w,2,2,0,ctl,ok,0,0,9.2,173.4
mpd,8.0,11,w48-16qam-r1/3,w48,19,1,0,data,ok,18,18,8.1,173.4
mpd,8.0,11,ack-1f,w,3,3,0,ctl,ok,0,0,9.3,173.4
mpd,8.0,11,w48-16qam-r1/3,w48,19,2,1,data,ok,17,17,9.5,173.4
mpd,8.0,11,ack-1f,w,2,2,0,ctl,ok,0,0,9.7,173.4
mpd,8.0,11,w48-16qam-r1/3,w48,19,1,0,data,ctl_lost,18,8,7.8,173.4
mpd,8.0,11,ack-4f,w,2,2,0,ctl,ok,0,0,11.8,173.4
mpd,8.0,11,ack-4f,w,3,3,0,ctl,ok,0,0,12.2,173.4
mpd,8.0,11,w48-16qam-r1/3,w48,19,2,1,data,ok,17,17,9.1,173.4
mpd,8.0,11,ack-1f,w,3,3,0,ctl,ok,0,0,10.8,173.4
mpd,8.0,11,w48-16qam-r1/3,w48,19,2,1,data,ok,17,17,8.7,173.4
mpd,8.0,11,ack-1f,w,3,3,0,ctl,ok,0,0,10.1,173.4
mpd,8.0,11,w48-16qam-r1/3,w48,19,2,1,data,ok,17,15,8.1,173.4
mpd,8.0,11,ack-1f,w,4,4,0,ctl,ok,0,0,10.8,173.4
mpd,8.0,11,w48-16qam-r1/3,w48,19,2,1,data,ok,15,15,9.6,173.4
mpd,8.0,11,ack-1f,w,2,2,0,ctl,ok,0,0,13.9,173.4
mpd,8.0,11,w48-16qam-r1/3,w48,19,1,0,data,ok,18,18,8.9,173.4
mpd,8.0,11,ack-1f,w,2,2,0,ctl,ok,0,0,12.0,173.4
mpd,8.0,11,w48-16qam-r1/3,w48,19,1,0,data,ok,18,17,7.8,173.4
mpd,8.0,11,ack-1f,w,3,3,0,ctl,ok,0,0,11.5,173.4
mpd,8.0,11,w48-16qam-r1/3,w48,19,2,1,data,ok,16,16,8.1,173.4
mpd,8.0,11,ack-1f,w,3,3,0,ctl,ok,0,0,10.7,173.4
mpd,8.0,11,w48-16qam-r1/3,w48,19,2,1,data,ok,17,17,9.1,173.4
mpd,8.0,11,ack-1f,w,2,2,0,ctl,ok,0,0,5.4,173.4
mpd,8.0,11,w48-16qam-r1/3,w48,19,1,0,data,ok,18,18,8.3,173.4
mpd,8.0,11,ack-1f,w,2,2,0,ctl,ok,0,0,12.3,173.4
mpd,8.0,11,w48-16qam-r1/3,w48,19,1,0,data,ok,18,18,10.0,173.4
mpd,8.0,11,ack-1f,w,2,2,0,ctl,ok,0,0,7.1,173.4
mpd,8.0,11,w48-16qam-r1/3,w48,19,1,0,data,ok,18,18,9.4,173.4
mpd,8.0,6,qpsk-r1/5,w,1,1,0,ctl,ok,0,0,11.6,152.2
mpd,8.0,6,qpsk-r1/5,w,1,1,0,ctl,ok,0,0,8.3,152.2
mpd,8.0,6,ack-4f,w,3,3,0,ctl,ok,0,0,10.5,152.2
mpd,8.0,6,ack-1f,w,3,3,0,ctl,ok,0,0,10.3,152.2
mpd,8.0,6,w48-16qam-r1/3,w48,19,2,1,data,ok,17,17,9.8,152.2
mpd,8.0,6,ack-1f,w,2,2,0,ctl,ok,0,0,12.4,152.2
mpd,8.0,6,w48-16qam-r1/3,w48,19,1,0,data,ok,18,18,8.3,152.2
mpd,8.0,6,ack-1f,w,3,3,0,ctl,ok,0,0,7.4,152.2
mpd,8.0,6,w48-16qam-r1/3,w48,19,2,1,data,ok,17,17,9.2,152.2
mpd,8.0,6,ack-1f,w,2,2,0,ctl,ok,0,0,8.6,152.2
mpd,8.0,6,w48-16qam-r1/3,w48,19,1,0,data,ok,18,18,9.4,152.2
mpd,8.0,6,ack-1f,w,2,2,0,ctl,ok,0,0,10.4,152.2
mpd,8.0,6,w48-16qam-r1/3,w48,19,1,0,data,ok,18,18,8.4,152.2
mpd,8.0,6,ack-1f,w,3,3,0,ctl,ok,0,0,12.3,152.2
mpd,8.0,6,w48-16qam-r1/3,w48,19,2,1,data,ok,17,17,8.8,152.2
mpd,8.0,6,ack-1f,w,2,2,0,ctl,ok,0,0,6.2,152.2
mpd,8.0,6,w48-16qam-r1/3,w48,19,1,0,data,ok,18,18,10.5,152.2
mpd,8.0,6,ack-1f,w,2,2,0,ctl,ok,0,0,13.7,152.2
mpd,8.0,6,w48-16qam-r1/3,w48,19,1,0,data,ok,18,18,8.2,152.2
mpd,8.0,6,ack-1f,w,2,2,0,ctl,ok,0,0,13.0,152.2
mpd,8.0,6,w48-16qam-r1/3,w48,19,1,0,data,ok,18,18,8.8,152.2
mpd,8.0,6,ack-1f,w,2,2,0,ctl,ok,0,0,4.6,152.2
mpd,8.0,6,w48-16qam-r1/3,w48,19,1,0,data,ok,18,18,8.7,152.2
mpd,8.0,6,ack-1f,w,2,2,0,ctl,ok,0,0,11.7,152.2
mpd,8.0,6,w48-16qam-r1/3,w48,19,1,0,data,ctl_lost,18,0,6.8,152.2
mpd,8.0,6,ack-4f,w,3,3,0,ctl,ok,0,0,10.0,152.2
mpd,8.0,6,ack-4f,w,3,3,0,ctl,ok,0,0,10.8,152.2
mpd,8.0,6,w48-qpsk-r1/2,w48,19,2,1,data,ok,17,17,8.9,152.2
mpd,8.0,6,ack-1f,w,3,3,0,ctl,ok,0,0,7.5,152.2
mpd,8.0,6,w48-16qam-r1/3,w48,19,2,1,data,ok,17,17,8.9,152.2
mpd,8.0,6,ack-1f,w,3,3,0,ctl,ok,0,0,12.9,152.2
mpd,8.0,6,w48-16qam-r1/3,w48,19,2,1,data,ok,17,17,9.0,152.2
mpd,8.0,6,ack-1f,w,3,3,0,ctl,ok,0,0,11.7,152.2
mpd,8.0,6,w48-16qam-r1/3,w48,19,2,1,data,ok,17,0,7.4,152.2
mpd,8.0,6,ack-1f,w,2,2,0,ctl,ok,0,0,9.0,152.2
mpd,8.0,6,w48-qpsk-r1/2,w48,19,1,0,data,ok,18,18,9.2,152.2
mpd,8.0,6,ack-1f,w,3,3,0,ctl,ok,0,0,9.3,152.2
mpd,8.0,6,w48-16qam-r1/3,w48,19,2,1,data,ok,17,0,7.4,152.2
mpd,8.0,6,ack-1f,w,2,2,0,ctl,ok,0,0,7.6,152.2
mpd,8.0,6,w48-qpsk-r1/2,w48,19,1,0,data,ok,18,18,9.2,152.2
mpd,8.0,6,ack-1f,w,2,2,0,ctl,ok,0,0,13.5,152.2
mpd,8.0,6,w48-qpsk-r1/2,w48,19,1,0,data,ok,18,18,8.9,152.2
mpd,8.0,6,ack-1f,w,2,2,0,ctl,ok,0,0,9.9,152.2
mpd,8.0,6,w48-qpsk-r1/2,w48,19,1,0,data,ok,18,18,9.0,152.2
mpd,8.0,6,ack-1f,w,2,2,0,ctl,ok,0,0,5.3,152.2
mpd,8.0,6,w48-qpsk-r1/2,w48,19,1,0,data,ok,18,18,9.8,152.2
mpd,8.0,6,ack-1f,w,2,2,0,ctl,ok,0,0,8.2,152.2
mpd,8.0,6,w48-16qam-r1/3,w48,19,1,0,data,ok,18,18,9.0,152.2
mpd,8.0,6,ack-1f,w,2,2,0,ctl,ok,0,0,10.0,152.2
mpd,8.0,6,w48-16qam-r1/3,w48,19,1,0,data,ok,18,10,7.4,152.2
mpd,8.0,6,ack-1f,w,4,4,0,ctl,ok,0,0,10.5,152.2
mpd,8.0,6,w48-16qam-r1/3,w48,19,2,1,data,ok,9,5,7.8,152.2
mpd,8.0,6,ack-1f,w,3,3,0,ctl,ok,0,0,12.0,152.2
mpd,8.0,6,w48-16qam-r1/3,w48,19,2,1,data,ok,16,16,8.7,152.2
mpd,8.0,6,ack-1f,w,2,2,0,ctl,ok,0,0,10.3,152.2
mpd,8.0,6,w48-16qam-r1/3,w48,19,1,0,data,ctl_lost,18,0,7.4,152.2
mpd,8.0,6,ack-4f,w,2,2,0,ctl,ok,0,0,7.9,152.2
mpd,8.0,6,ack-4f,w,3,3,0,ctl,ok,0,0,9.8,152.2
mpd,8.0,6,w48-qpsk-r1/2,w48,19,2,1,data,ok,17,17,9.5,152.2
mpd,8.0,6,ack-1f,w,3,3,0,ctl,ok,0,0,10.6,152.2
mpd,8.0,6,w48-16qam-r1/3,w48,19,2,1,data,ok,17,17,9.0,152.2
mpd,8.0,6,ack-1f,w,3,3,0,ctl,ok,0,0,7.9,152.2
mpd,8.0,6,w48-16qam-r1/3,w48,19,2,1,data,ok,17,17,9.1,152.2
mpd,8.0,6,ack-1f,w,3,3,0,ctl,ok,0,0,13.8,152.2
mpd,8.0,6,w48-16qam-r1/3,w48,19,2,1,data,ok,17,17,8.1,152.2
mpd,8.0,6,ack-1f,w,2,2,0,ctl,ok,0,0,11.3,152.2
mpd,8.0,6,w48-qpsk-r1/2,w48,19,1,0,data,ok,18,18,9.0,152.2
mpd,8.0,6,ack-1f,w,3,3,0,ctl,ok,0,0,12.7,152.2
mpd,8.0,6,w48-16qam-r1/3,w48,19,2,1,data,ok,17,12,8.0,152.2
mpd,8.0,6,ack-1f,w,4,4,0,ctl,ok,0,0,12.3,152.2
mpd,8.0,6,w48-16qam-r1/3,w48,19,2,1,data,ok,14,14,9.0,152.2
mpd,8.0,6,ack-1f,w,2,2,0,ctl,ok,0,0,10.1,152.2
mpd,8.0,6,w48-16qam-r1/3,w48,19,1,0,data,ok,18,18,9.3,152.2
mpd,8.0,6,ack-1f,w,2,2,0,ctl,ok,0,0,12.0,152.2
mpd,8.0,6,w48-16qam-r1/3,w48,19,1,0,data,ok,18,18,9.3,152.2
mpd,8.0,6,ack-1f,w,2,2,0,ctl,ok,0,0,12.2,152.2
mpd,8.0,6,w48-16qam-r1/3,w48,19,1,0,data,ok,18,18,8.9,152.2
mpd,8.0,6,ack-1f,w,2,2,0,ctl,ok,0,0,13.3,152.2
mpd,8.0,6,w48-16qam-r1/3,w48,19,1,0,data,ok,18,18,8.2,152.2
mpd,8.0,6,ack-1f,w,2,2,0,ctl,ok,0,0,6.4,152.2
mpd,8.0,6,w48-16qam-r1/3,w48,19,1,0,data,ok,18,2,7.6,152.2
mpd,8.0,6,ack-1f,w,3,3,0,ctl,ok,0,0,10.3,152.2
mpd,8.0,6,w48-16qam-r1/3,w48,19,2,1,data,ok,1,0,7.7,152.2
mpd,8.0,6,ack-1f,w,2,2,0,ctl,ok,0,0,11.2,152.2
mpd,8.0,6,w48-qpsk-r1/2,w48,19,1,0,data,ok,18,18,9.8,152.2
mpd,8.0,6,ack-1f,w,2,2,0,ctl,ok,0,0,13.1,152.2
mpd,8.0,6,w48-16qam-r1/3,w48,19,1,0,data,ok,18,18,8.7,152.2
mpd,8.0,6,ack-1f,w,2,2,0,ctl,ok,0,0,11.4,152.2
mpd,8.0,6,w48-16qam-r1/3,w48,19,1,0,data,ok,18,16,8.2,152.2
mpd,8.0,6,ack-1f,w,3,3,0,ctl,ok,0,0,14.2,152.2
mpd,8.0,6,w48-16qam-r1/3,w48,19,1,0,data,ctl_lost,16,12,8.1,152.2
mpd,8.0,6,ack-4f,w,2,2,0,ctl,ok,0,0,10.3,152.2
mpd,8.0,6,ack-4f,w,4,4,0,ctl,ok,0,0,9.9,152.2
mpd,8.0,6,w48-16qam-r1/3,w48,19,2,1,data,ok,15,15,9.9,152.2
mpp,-8.0,4,qpsk-r1/5,w,1,1,0,ctl,ok,0,0,0.2,10.2
mpp,-8.0,4,qpsk-r1/5,w,1,1,0,ctl,ctl_lost,0,0,-3.4,10.2
mpp,-8.0,4,n4-qpsk-r1/3,n4,1,1,0,ctl,ok,0,0,-5.0,10.2
mpp,-8.0,4,n4-qpsk-r1/3,n4,1,1,0,ctl,ok,0,0,-4.3,10.2
mpp,-8.0,4,ack-4f,w,2,2,,ctl,missed,0,0,,10.2
mpp,-8.0,4,ack-4f,w,2,2,0,ctl,ok,0,0,-7.5,10.2
mpp,-8.0,4,ack-4f,w,3,3,0,ctl,ok,0,0,-6.3,10.2
mpp,-8.0,4,fsk32r62-r1/2,c32r62,10,2,1,data,ok,8,8,-5.0,10.2
mpp,-8.0,4,ack-4f,w,3,3,0,ctl,ok,0,0,-3.9,10.2
mpp,-8.0,4,fsk32r62-r1/2,c32r62,10,2,1,data,ok,8,7,-4.6,10.2
mpp,-8.0,4,ack-4f,w,3,3,0,ctl,ok,0,0,-6.1,10.2
mpp,-8.0,4,fsk32r62-r1/2,c32r62,10,2,1,data,ok,7,5,-4.5,10.2
mpp,-8.0,4,ack-4f,w,3,3,0,ctl,ok,0,0,-3.5,10.2
mpp,-8.0,4,fsk32r62-r1/2,c32r62,10,2,1,data,ok,6,6,-4.9,10.2
mpp,-8.0,4,ack-4f,w,3,3,0,ctl,ctl_lost,0,0,-7.6,10.2
mpp,-8.0,4,ack-4f,w,3,3,,ctl,missed,0,0,,10.2
mpp,-8.0,4,ack-4f,w,3,3,0,ctl,ok,0,0,-4.2,10.2
mpp,-8.0,4,ack-4f,w,2,2,0,ctl,ok,0,0,-0.3,10.2
mpp,-8.0,4,fsk32r62-r1/2,c32r62,9,1,0,data,ok,8,7,-4.4,10.2
mpp,-8.0,4,ack-4f,w,3,3,0,ctl,ctl_lost,0,0,-6.5,10.2
mpp,-8.0,4,ack-4f,w,3,3,0,ctl,ok,0,0,-6.0,10.2
mpp,-8.0,4,ack-4f,w,3,3,0,ctl,ok,0,0,-4.0,10.2
mpp,-8.0,4,fsk32r62-r1/2,c32r62,10,2,1,data,ok,8,7,-4.0,10.2
mpp,-8.0,4,n4-ack-8f,n4,3,3,0,ctl,ok,0,0,-6.4,10.2
mpp,-8.0,4,fsk32r62-r1/2,c32r62,9,1,0,data,ok,7,7,-4.2,10.2
mpp,-8.0,4,n10-ack-4f,n10,2,2,,ctl,missed,0,0,,10.2
mpp,-8.0,4,ack-4f,w,3,3,0,ctl,ok,0,0,-2.3,10.2
mpp,-8.0,4,ack-4f,w,2,2,0,ctl,ok,0,0,-4.2,10.2
mpp,-8.0,4,fsk32r62-r1/2,c32r62,9,1,0,data,ok,8,6,-4.5,10.2
mpp,-8.0,4,ack-4f,w,3,3,0,ctl,ok,0,0,-6.2,10.2
mpp,-8.0,4,fsk32r62-r1/2,c32r62,9,1,0,data,ok,6,5,-4.7,10.2
mpp,-8.0,4,n4-ack-8f,n4,3,3,0,ctl,ok,0,0,-6.4,10.2
mpp,-8.0,4,fsk32r62-r1/2,c32r62,9,1,0,data,ok,7,7,-4.7,10.2
mpp,-8.0,4,n10-ack-4f,n10,2,2,0,ctl,ok,0,0,-5.0,10.2
mpp,-8.0,4,fsk32r62-r1/2,c32r62,9,1,0,data,ok,8,7,-4.5,10.2
mpp,-8.0,4,ack-4f,w,3,3,,ctl,missed,0,0,,10.2
mpp,-8.0,4,ack-4f,w,3,3,0,ctl,ok,0,0,-6.5,10.2
mpp,-8.0,4,ack-4f,w,3,3,0,ctl,ok,0,0,-4.2,10.2
mpp,-8.0,4,fsk32r62-r1/2,c32r62,9,1,0,data,ok,8,7,-4.8,10.2
mpp,-8.0,4,ack-4f,w,3,3,0,ctl,ok,0,0,-0.6,10.2
mpp,-8.0,4,fsk32r62-r1/2,c32r62,9,1,0,data,ok,7,6,-4.7,10.2
mpp,-8.0,4,ack-4f,w,3,3,0,ctl,ok,0,0,-5.6,10.2
mpp,-8.0,4,fsk32r62-r1/2,c32r62,9,1,0,data,ok,7,7,-3.7,10.2
mpp,-8.0,4,ack-4f,w,2,2,0,ctl,ctl_lost,0,0,-5.6,10.2
mpp,-8.0,4,ack-4f,w,3,3,0,ctl,ok,0,0,-5.4,10.2
mpp,-8.0,4,ack-4f,w,2,2,0,ctl,ok,0,0,-3.4,10.2
mpp,-8.0,4,fsk32r62-r1/2,c32r62,9,1,0,data,ctl_lost,8,8,-4.1,10.2
mpp,-8.0,4,ack-4f,w,3,3,0,ctl,ok,0,0,-1.5,10.2
mpp,-8.0,4,ack-4f,w,3,3,0,ctl,ok,0,0,-1.8,10.2
mpp,-8.0,4,fsk32r62-r1/2,c32r62,10,2,1,data,ok,8,7,-4.2,10.2
mpp,-8.0,4,n10-ack-4f,n10,3,3,0,ctl,ok,0,0,-4.1,10.2
mpp,-8.0,4,fsk32r62-r1/2,c32r62,9,1,0,data,ok,7,5,-5.2,10.2
mpp,-8.0,5,qpsk-r1/5,w,1,1,0,ctl,ctl_lost,0,0,-2.1,8.1
mpp,-8.0,5,n4-qpsk-r1/3,n4,1,1,0,ctl,ok,0,0,-5.1,8.1
mpp,-8.0,5,n4-qpsk-r1/3,n4,1,1,0,ctl,ok,0,0,-2.5,8.1
mpp,-8.0,5,ack-4f,w,3,3,0,ctl,ok,0,0,-4.7,8.1
mpp,-8.0,5,ack-4f,w,2,2,0,ctl,ok,0,0,-1.7,8.1
mpp,-8.0,5,fsk32r62-r1/2,c32r62,9,1,0,data,ok,8,7,-4.2,8.1
mpp,-8.0,5,ack-4f,w,3,3,0,ctl,ok,0,0,-4.1,8.1
mpp,-8.0,5,fsk32r62-r1/2,c32r62,10,2,1,data,ok,7,4,-4.8,8.1
mpp,-8.0,5,ack-4f,w,3,3,0,ctl,ok,0,0,-2.8,8.1
mpp,-8.0,5,fsk32r62-r1/2,c32r62,10,2,1,data,ok,5,4,-4.8,8.1
mpp,-8.0,5,ack-4f,w,3,3,0,ctl,ctl_lost,0,0,-6.2,8.1
mpp,-8.0,5,ack-4f,w,3,3,,ctl,missed,0,0,,8.1
mpp,-8.0,5,ack-4f,w,3,3,0,ctl,ok,0,0,-8.5,8.1
mpp,-8.0,5,ack-4f,w,3,3,0,ctl,ok,0,0,-4.3,8.1
mpp,-8.0,5,fsk32r62-r1/2,c32r62,10,2,1,data,ok,8,8,-4.6,8.1
mpp,-8.0,5,n4-ack-8f,n4,3,3,0,ctl,ok,0,0,-6.1,8.1
mpp,-8.0,5,fsk32r62-r1/2,c32r62,10,2,1,data,ok,8,6,-5.0,8.1
mpp,-8.0,5,n10-ack-4f,n10,3,3,,ctl,missed,0,0,,8.1
mpp,-8.0,5,ack-4f,w,3,3,0,ctl,ok,0,0,-4.1,8.1
mpp,-8.0,5,ack-4f,w,3,3,0,ctl,ok,0,0,-2.6,8.1
mpp,-8.0,5,fsk32r62-r1/2,c32r62,9,1,0,data,ok,8,8,-4.4,8.1
mpp,-8.0,5,n10-ack-4f,n10,2,2,0,ctl,ok,0,0,-2.6,8.1
mpp,-8.0,5,fsk32r62-r1/2,c32r62,9,1,0,data,ok,8,6,-4.8,8.1
mpp,-8.0,5,n10-ack-4f,n10,2,2,0,ctl,ctl_lost,0,0,-5.4,8.1
mpp,-8.0,5,ack-4f,w,3,3,,ctl,missed,0,0,,8.1
mpp,-8.0,5,ack-4f,w,3,3,0,ctl,ok,0,0,-3.4,8.1
mpp,-8.0,5,ack-4f,w,2,2,0,ctl,ok,0,0,-3.6,8.1
mpp,-8.0,5,fsk32r62-r1/2,c32r62,9,1,0,data,ok,8,8,-3.7,8.1
mpp,-8.0,5,ack-4f,w,2,2,0,ctl,ctl_lost,0,0,-116.9,8.1
mpp,-8.0,5,ack-4f,w,3,3,0,ctl,ctl_lost,0,0,-8.1,8.1
mpp,-8.0,5,ack-4f,w,3,3,0,ctl,ok,0,0,-2.0,8.1
mpp,-8.0,5,ack-4f,w,2,2,0,ctl,ctl_lost,0,0,-10.3,8.1
mpp,-8.0,5,ack-4f,w,3,3,,ctl,missed,0,0,,8.1
mpp,-8.0,5,ack-4f,w,3,3,0,ctl,ok,0,0,-4.7,8.1
mpp,-8.0,5,ack-4f,w,2,2,0,ctl,ok,0,0,-7.2,8.1
mpp,-8.0,5,fsk32r62-r1/2,c32r62,9,1,0,data,ctl_lost,8,8,-4.3,8.1
mpp,-8.0,5,ack-4f,w,3,3,0,ctl,ok,0,0,-0.9,8.1
mpp,-8.0,5,ack-4f,w,2,2,0,ctl,ok,0,0,-5.1,8.1
mpp,-8.0,5,fsk32r62-r1/2,c32r62,9,1,0,data,ok,8,5,-4.6,8.1
mpp,-8.0,5,n4-ack-8f,n4,3,3,0,ctl,ok,0,0,-4.5,8.1
mpp,-8.0,5,fsk32r62-r1/2,c32r62,10,2,1,data,ok,5,3,-4.9,8.1
mpp,-8.0,5,polar-k96-f4,w,2,2,0,ctl,ok,0,0,-3.8,8.1
mpp,-8.0,5,fsk32r62-r1/2,c32r62,10,2,1,data,ok,6,4,-4.5,8.1
mpp,-8.0,5,n4-ack-8f,n4,3,3,,ctl,missed,0,0,,8.1
mpp,-8.0,5,ack-4f,w,3,3,0,ctl,ok,0,0,-4.0,8.1
mpp,-8.0,5,ack-4f,w,3,3,0,ctl,ok,0,0,-2.9,8.1
mpp,-8.0,5,fsk32r62-r1/2,c32r62,9,1,0,data,ok,8,7,-4.0,8.1
mpp,-8.0,5,polar-k96-f4,w,1,1,0,ctl,ok,0,0,-4.3,8.1
mpp,-8.0,5,fsk32r62-r1/2,c32r62,9,1,0,data,ctl_lost,7,6,-4.9,8.1
mpp,-8.0,5,ack-4f,w,3,3,0,ctl,ok,0,0,-4.4,8.1
mpp,-8.0,5,ack-4f,w,3,3,,ctl,missed,0,0,,8.1
mpp,-8.0,5,ack-4f,w,3,3,0,ctl,ok,0,0,-2.4,8.1
mpp,-8.0,5,ack-4f,w,3,3,0,ctl,ok,0,0,-5.0,8.1
mpp,-8.0,5,fsk32r62-r1/2,c32r62,10,2,1,data,ok,7,6,-4.5,8.1
mpp,-8.0,5,n4-ack-8f,n4,3,3,0,ctl,ok,0,0,-4.5,8.1
mpp,-8.0,5,fsk32r62-r1/2,c32r62,10,2,1,data,ok,7,7,-4.3,8.1
mpp,-8.0,3,qpsk-r1/5,w,1,1,0,ctl,ctl_lost,0,0,-5.9,7.7
mpp,-8.0,3,n4-qpsk-r1/3,n4,1,1,0,ctl,ok,0,0,-5.3,7.7
mpp,-8.0,3,n4-qpsk-r1/3,n4,1,1,0,ctl,ok,0,0,-7.9,7.7
mpp,-8.0,3,ack-4f,w,3,3,,ctl,missed,0,0,,7.7
mpp,-8.0,3,ack-4f,w,3,3,,ctl,missed,0,0,,7.7
mpp,-8.0,3,ack-4f,w,3,3,0,ctl,ok,0,0,-3.1,7.7
mpp,-8.0,3,ack-4f,w,2,2,0,ctl,ok,0,0,-6.8,7.7
mpp,-8.0,3,fsk32r62-r1/2,c32r62,9,1,0,data,ok,8,6,-5.1,7.7
mpp,-8.0,3,n4-ack-8f,n4,3,3,0,ctl,ok,0,0,-7.4,7.7
mpp,-8.0,3,fsk32r62-r1/2,c32r62,10,2,1,data,ok,6,5,-3.4,7.7
mpp,-8.0,3,n10-ack-4f,n10,3,3,,ctl,missed,0,0,,7.7
mpp,-8.0,3,ack-4f,w,3,3,0,ctl,ok,0,0,-1.9,7.7
mpp,-8.0,3,ack-4f,w,3,3,,ctl,missed,0,0,,7.7
mpp,-8.0,3,ack-4f,w,3,3,0,ctl,ok,0,0,-2.5,7.7
mpp,-8.0,3,ack-4f,w,3,3,,ctl,missed,0,0,,7.7
mpp,-8.0,3,ack-4f,w,3,3,0,ctl,ok,0,0,-3.5,7.7
mpp,-8.0,3,ack-4f,w,3,3,,ctl,missed,0,0,,7.7
mpp,-8.0,3,ack-4f,w,3,3,0,ctl,ok,0,0,-5.6,7.7
mpp,-8.0,3,ack-4f,w,3,3,0,ctl,ok,0,0,-3.5,7.7
mpp,-8.0,3,fsk32r62-r1/2,c32r62,10,2,1,data,ok,8,8,-4.3,7.7
mpp,-8.0,3,n10-ack-4f,n10,3,3,,ctl,missed,0,0,,7.7
mpp,-8.0,3,ack-4f,w,3,3,,ctl,missed,0,0,,7.7
mpp,-8.0,3,ack-4f,w,3,3,0,ctl,ok,0,0,-5.1,7.7
mpp,-8.0,3,ack-4f,w,3,3,0,ctl,ok,0,0,-6.1,7.7
mpp,-8.0,3,fsk32r62-r1/2,c32r62,10,2,1,data,ok,8,8,-4.1,7.7
mpp,-8.0,3,n4-ack-8f,n4,2,2,0,ctl,ok,0,0,-4.5,7.7
mpp,-8.0,3,fsk32r62-r1/2,c32r62,9,1,0,data,ok,8,7,-4.2,7.7
mpp,-8.0,3,n10-ack-4f,n10,3,3,,ctl,missed,0,0,,7.7
mpp,-8.0,3,ack-4f,w,3,3,0,ctl,ok,0,0,-7.5,7.7
mpp,-8.0,3,ack-4f,w,3,3,0,ctl,ctl_lost,0,0,-9.7,7.7
mpp,-8.0,3,ack-4f,w,3,3,0,ctl,ok,0,0,-8.1,7.7
mpp,-8.0,3,ack-4f,w,3,3,,ctl,missed,0,0,,7.7
mpp,-8.0,3,ack-4f,w,3,3,0,ctl,ok,0,0,-4.7,7.7
mpp,-8.0,3,ack-4f,w,3,3,0,ctl,ok,0,0,-6.2,7.7
mpp,-8.0,3,fsk32r62-r1/2,c32r62,9,1,0,data,ok,8,7,-5.1,7.7
mpp,-8.0,3,n4-ack-8f,n4,3,3,0,ctl,ok,0,0,-6.3,7.7
mpp,-8.0,3,fsk32r62-r1/2,c32r62,10,2,1,data,ok,7,6,-4.5,7.7
mpp,-8.0,3,n4-ack-8f,n4,3,3,0,ctl,ok,0,0,-10.5,7.7
mpp,-8.0,3,fsk32r62-r1/2,c32r62,9,1,0,data,ctl_lost,7,6,-5.0,7.7
mpp,-8.0,3,ack-4f,w,3,3,0,ctl,ok,0,0,-3.1,7.7
mpp,-8.0,3,ack-4f,w,3,3,0,ctl,ok,0,0,-4.5,7.7
mpp,-8.0,3,fsk32r62-r1/2,c32r62,10,2,1,data,ok,7,7,-4.3,7.7
mpp,-8.0,3,n4-ack-8f,n4,3,3,,ctl,missed,0,0,,7.7
mpp,-8.0,3,ack-4f,w,3,3,0,ctl,ok,0,0,-6.4,7.7
mpp,-8.0,3,ack-4f,w,3,3,0,ctl,ctl_lost,0,0,-5.8,7.7
mpp,-8.0,3,ack-4f,w,3,3,0,ctl,ctl_lost,0,0,-4.7,7.7
mpp,-8.0,3,ack-4f,w,3,3,0,ctl,ok,0,0,-3.3,7.7
mpp,-8.0,3,ack-4f,w,3,3,,ctl,missed,0,0,,7.7
mpp,-8.0,3,ack-4f,w,3,3,0,ctl,ok,0,0,-7.6,7.7
mpp,-8.0,3,ack-4f,w,3,3,0,ctl,ok,0,0,-2.8,7.7
mpp,-8.0,3,fsk32r62-r1/2,c32r62,10,2,1,data,ok,8,8,-4.1,7.7
mpp,-8.0,3,n4-ack-8f,n4,3,3,,ctl,missed,0,0,,7.7
mpp,-8.0,3,ack-4f,w,3,3,0,ctl,ok,0,0,-4.1,7.7
mpp,-8.0,3,ack-4f,w,3,3,0,ctl,ctl_lost,0,0,-6.4,7.7
mpp,-8.0,3,ack-4f,w,3,3,0,ctl,ok,0,0,-2.7,7.7
mpp,-8.0,3,ack-4f,w,3,3,0,ctl,ctl_lost,0,0,-6.0,7.7
mpp,-8.0,3,ack-4f,w,3,3,,ctl,missed,0,0,,7.7
mpp,-8.0,3,ack-4f,w,3,3,0,ctl,ok,0,0,-3.8,7.7
mpp,-8.0,3,ack-4f,w,3,3,0,ctl,ok,0,0,-4.5,7.7
mpp,-8.0,3,fsk32r62-r1/2,c32r62,10,2,1,data,ok,8,8,-4.4,7.7
mpp,-8.0,3,n4-ack-8f,n4,3,3,0,ctl,ok,0,0,-5.0,7.7
mpp,-8.0,3,fsk32r62-r1/2,c32r62,10,2,,data,missed,0,0,,7.7
mpp,-8.0,3,ack-4f,w,3,3,0,ctl,ok,0,0,-4.7,7.7
mpp,-8.0,3,ack-4f,w,3,3,0,ctl,ok,0,0,-4.2,7.7
mpp,-8.0,3,fsk32r62-r1/2,c32r62,10,2,1,data,ok,8,8,-4.0,7.7
mpp,-8.0,3,n4-ack-8f,n4,3,3,0,ctl,ok,0,0,-4.7,7.7
mpp,-8.0,3,fsk32r62-r1/2,c32r62,10,2,1,data,ok,8,6,-5.2,7.7
mpp,-8.0,2,qpsk-r1/5,w,1,1,0,ctl,ctl_lost,0,0,-5.6,7.7
mpp,-8.0,2,n4-qpsk-r1/3,n4,1,1,0,ctl,ok,0,0,-4.4,7.7
mpp,-8.0,2,n4-qpsk-r1/3,n4,1,1,0,ctl,ok,0,0,-5.1,7.7
mpp,-8.0,2,ack-4f,w,3,3,0,ctl,ok,0,0,-4.8,7.7
mpp,-8.0,2,n10-ack-4f,n10,3,3,0,ctl,ok,0,0,-7.5,7.7
mpp,-8.0,2,fsk32r62-r1/2,c32r62,10,2,1,data,ok,8,6,-4.6,7.7
mpp,-8.0,2,ack-4f,w,3,3,,ctl,missed,0,0,,7.7
mpp,-8.0,2,ack-4f,w,2,2,0,ctl,ctl_lost,0,0,-12.9,7.7
mpp,-8.0,2,ack-4f,w,2,2,0,ctl,ctl_lost,0,0,-10.0,7.7
mpp,-8.0,2,ack-4f,w,2,2,0,ctl,ok,0,0,-7.3,7.7
mpp,-8.0,2,ack-4f,w,3,3,0,ctl,ok,0,0,-19.6,7.7
mpp,-8.0,2,fsk32r62-r1/2,c32r62,10,2,1,data,ok,8,8,-4.2,7.7
mpp,-8.0,2,n4-ack-8f,n4,3,3,0,ctl,ok,0,0,-3.4,7.7
mpp,-8.0,2,fsk32r62-r1/2,c32r62,10,2,1,data,ok,8,5,-5.3,7.7
mpp,-8.0,2,n10-ack-4f,n10,3,3,0,ctl,ok,0,0,-5.8,7.7
mpp,-8.0,2,fsk32r62-r1/2,c32r62,10,2,1,data,ok,5,5,-4.8,7.7
mpp,-8.0,2,ack-4f,w,3,3,0,ctl,ok,0,0,-1.6,7.7
mpp,-8.0,2,fsk32r62-r1/2,c32r62,10,2,1,data,ok,8,7,-4.0,7.7
mpp,-8.0,2,ack-4f,w,2,2,,ctl,missed,0,0,,7.7
mpp,-8.0,2,ack-4f,w,3,3,0,ctl,ctl_lost,0,0,-3.7,7.7
mpp,-8.0,2,ack-4f,w,3,3,0,ctl,ok,0,0,-3.0,7.7
mpp,-8.0,2,ack-4f,w,2,2,0,ctl,ctl_lost,0,0,-5.7,7.7
mpp,-8.0,2,ack-4f,w,3,3,,ctl,missed,0,0,,7.7
mpp,-8.0,2,ack-4f,w,3,3,0,ctl,ok,0,0,-8.3,7.7
mpp,-8.0,2,ack-4f,w,2,2,0,ctl,ok,0,0,-5.5,7.7
mpp,-8.0,2,fsk32r62-r1/2,c32r62,9,1,0,data,ok,8,7,-4.4,7.7
mpp,-8.0,2,n4-ack-8f,n4,3,3,0,ctl,ok,0,0,-3.6,7.7
mpp,-8.0,2,fsk32r62-r1/2,c32r62,9,1,0,data,ctl_lost,7,6,-4.3,7.7
mpp,-8.0,2,ack-4f,w,3,3,0,ctl,ok,0,0,-2.7,7.7
mpp,-8.0,2,ack-4f,w,3,3,0,ctl,ok,0,0,-5.4,7.7
mpp,-8.0,2,fsk32r62-r1/2,c32r62,10,2,,data,missed,0,0,,7.7
mpp,-8.0,2,ack-4f,w,3,3,0,ctl,ok,0,0,-4.1,7.7
mpp,-8.0,2,ack-4f,w,3,3,0,ctl,ctl_lost,0,0,-7.7,7.7
mpp,-8.0,2,ack-4f,w,3,3,0,ctl,ok,0,0,-2.2,7.7
mpp,-8.0,2,ack-4f,w,3,3,0,ctl,ctl_lost,0,0,-7.0,7.7
mpp,-8.0,2,ack-4f,w,3,3,0,ctl,ok,0,0,-3.1,7.7
mpp,-8.0,2,ack-4f,w,3,3,0,ctl,ctl_lost,0,0,-7.1,7.7
mpp,-8.0,2,ack-4f,w,3,3,0,ctl,ok,0,0,-3.7,7.7
mpp,-8.0,2,ack-4f,w,3,3,0,ctl,ok,0,0,-7.5,7.7
mpp,-8.0,2,fsk32r62-r1/2,c32r62,10,2,1,data,ok,7,7,-3.9,7.7
mpp,-8.0,2,n4-ack-8f,n4,3,3,0,ctl,ok,0,0,-2.9,7.7
mpp,-8.0,2,fsk32r62-r1/2,c32r62,10,2,1,data,ok,8,6,-4.4,7.7
mpp,-8.0,2,n10-ack-4f,n10,3,3,0,ctl,ok,0,0,-2.7,7.7
mpp,-8.0,2,fsk32r62-r1/2,c32r62,10,2,1,data,ok,6,5,-4.0,7.7
mpp,-8.0,2,n10-ack-4f,n10,3,3,,ctl,missed,0,0,,7.7
mpp,-8.0,2,ack-4f,w,3,3,0,ctl,ok,0,0,-4.3,7.7
mpp,-8.0,2,ack-4f,w,3,3,0,ctl,ok,0,0,-1.7,7.7
mpp,-8.0,2,fsk32r62-r1/2,c32r62,9,1,0,data,ok,8,8,-3.9,7.7
mpp,-8.0,2,n10-ack-4f,n10,3,3,0,ctl,ctl_lost,0,0,-10.4,7.7
mpp,-8.0,2,ack-4f,w,3,3,,ctl,missed,0,0,,7.7
mpp,-8.0,2,ack-4f,w,3,3,0,ctl,ok,0,0,-4.9,7.7
mpp,-8.0,2,ack-4f,w,3,3,,ctl,missed,0,0,,7.7
mpp,-8.0,2,ack-4f,w,3,3,0,ctl,ok,0,0,-8.4,7.7
mpp,-8.0,2,ack-4f,w,3,3,0,ctl,ok,0,0,-7.5,7.7
mpp,-8.0,2,fsk32r62-r1/2,c32r62,10,2,1,data,ok,8,5,-4.3,7.7
mpp,-8.0,2,n4-ack-8f,n4,3,3,0,ctl,ok,0,0,-5.4,7.7
mpp,-8.0,2,fsk32r62-r1/2,c32r62,10,2,1,data,ok,5,5,-3.3,7.7
mpp,-8.0,2,n4-ack-8f,n4,2,2,0,ctl,ok,0,0,-5.8,7.7
mpp,-8.0,2,fsk32r62-r1/2,c32r62,9,1,0,data,ok,8,8,-4.6,7.7
mpp,-8.0,10,qpsk-r1/5,w,1,1,0,ctl,ctl_lost,0,0,-6.8,9.3
mpp,-8.0,10,n4-qpsk-r1/3,n4,1,1,0,ctl,ok,0,0,-7.0,9.3
mpp,-8.0,10,n4-qpsk-r1/3,n4,1,1,,ctl,missed,0,0,,9.3
mpp,-8.0,10,n4-qpsk-r1/3,n4,1,1,0,ctl,ok,0,0,-6.1,9.3
mpp,-8.0,10,n4-qpsk-r1/3,n4,1,1,0,ctl,ok,0,0,-4.8,9.3
mpp,-8.0,10,ack-4f,w,3,3,0,ctl,ok,0,0,-5.1,9.3
mpp,-8.0,10,n10-ack-4f,n10,3,3,0,ctl,ok,0,0,-3.1,9.3
mpp,-8.0,10,fsk32r62-r1/2,c32r62,10,2,1,data,ok,8,7,-4.7,9.3
mpp,-8.0,10,ack-4f,w,3,3,0,ctl,ok,0,0,-0.5,9.3
mpp,-8.0,10,fsk32r62-r1/2,c32r62,10,2,1,data,ok,7,6,-4.1,9.3
mpp,-8.0,10,ack-4f,w,3,3,0,ctl,ok,0,0,-2.0,9.3
mpp,-8.0,10,fsk32r62-r1/2,c32r62,10,2,1,data,ok,7,7,-3.9,9.3
mpp,-8.0,10,ack-4f,w,3,3,0,ctl,ok,0,0,-3.3,9.3
mpp,-8.0,10,fsk32r62-r1/2,c32r62,10,2,1,data,ok,8,5,-5.7,9.3
mpp,-8.0,10,ack-4f,w,3,3,,ctl,missed,0,0,,9.3
mpp,-8.0,10,ack-4f,w,3,3,0,ctl,ok,0,0,-4.8,9.3
mpp,-8.0,10,ack-4f,w,3,3,0,ctl,ok,0,0,-5.5,9.3
mpp,-8.0,10,fsk32r62-r1/2,c32r62,9,1,0,data,ok,8,5,-4.9,9.3
mpp,-8.0,10,ack-4f,w,3,3,0,ctl,ok,0,0,-3.7,9.3
mpp,-8.0,10,fsk32r62-r1/2,c32r62,10,2,1,data,ok,5,5,-4.3,9.3
mpp,-8.0,10,ack-4f,w,2,2,0,ctl,ok,0,0,-4.0,9.3
mpp,-8.0,10,fsk32r62-r1/2,c32r62,9,1,0,data,ok,8,7,-5.2,9.3
mpp,-8.0,10,ack-4f,w,3,3,0,ctl,ok,0,0,-4.8,9.3
mpp,-8.0,10,fsk32r62-r1/2,c32r62,10,2,1,data,ok,7,6,-4.7,9.3
mpp,-8.0,10,ack-4f,w,3,3,0,ctl,ok,0,0,-3.1,9.3
mpp,-8.0,10,fsk32r62-r1/2,c32r62,9,1,0,data,ctl_lost,7,5,-5.1,9.3
mpp,-8.0,10,ack-4f,w,3,3,0,ctl,ok,0,0,-5.6,9.3
mpp,-8.0,10,ack-4f,w,3,3,0,ctl,ok,0,0,-6.1,9.3
mpp,-8.0,10,fsk32r62-r1/2,c32r62,10,2,1,data,ok,7,7,-3.7,9.3
mpp,-8.0,10,ack-4f,w,3,3,0,ctl,ctl_lost,0,0,-7.7,9.3
mpp,-8.0,10,ack-4f,w,3,3,0,ctl,ok,0,0,-3.3,9.3
mpp,-8.0,10,ack-4f,w,3,3,0,ctl,ok,0,0,-3.7,9.3
mpp,-8.0,10,fsk32r62-r1/2,c32r62,10,2,1,data,ok,8,7,-4.6,9.3
mpp,-8.0,10,n4-ack-8f,n4,3,3,0,ctl,ok,0,0,-5.2,9.3
mpp,-8.0,10,fsk32r62-r1/2,c32r62,10,2,1,data,ok,7,6,-4.5,9.3
mpp,-8.0,10,n10-ack-4f,n10,3,3,0,ctl,ok,0,0,-5.0,9.3
mpp,-8.0,10,fsk32r62-r1/2,c32r62,10,2,1,data,ok,7,7,-5.2,9.3
mpp,-8.0,10,ack-4f,w,3,3,0,ctl,ctl_lost,0,0,-6.5,9.3
mpp,-8.0,10,ack-4f,w,3,3,0,ctl,ok,0,0,-3.6,9.3
mpp,-8.0,10,ack-4f,w,3,3,0,ctl,ok,0,0,-4.3,9.3
mpp,-8.0,10,fsk32r62-r1/2,c32r62,10,2,1,data,ok,8,8,-4.5,9.3
mpp,-8.0,10,n4-ack-8f,n4,2,2,0,ctl,ok,0,0,-2.6,9.3
mpp,-8.0,10,fsk32r62-r1/2,c32r62,9,1,0,data,ok,8,8,-4.1,9.3
mpp,-8.0,10,n10-ack-4f,n10,2,2,0,ctl,ok,0,0,-4.9,9.3
mpp,-8.0,10,fsk32r62-r1/2,c32r62,9,1,0,data,ctl_lost,8,7,-4.5,9.3
mpp,-8.0,10,ack-4f,w,3,3,0,ctl,ok,0,0,-4.4,9.3
mpp,-8.0,10,ack-4f,w,3,3,0,ctl,ok,0,0,-2.7,9.3
mpp,-8.0,10,fsk32r62-r1/2,c32r62,10,2,1,data,ok,8,7,-4.5,9.3
mpp,-8.0,0,qpsk-r1/5,w,1,1,0,ctl,ctl_lost,0,0,-2.0,8.9
mpp,-8.0,0,n4-qpsk-r1/3,n4,1,1,0,ctl,ok,0,0,-5.0,8.9
mpp,-8.0,0,n4-qpsk-r1/3,n4,1,1,0,ctl,ok,0,0,-4.6,8.9
mpp,-8.0,0,ack-4f,w,3,3,,ctl,missed,0,0,,8.9
mpp,-8.0,0,ack-4f,w,3,3,0,ctl,ok,0,0,-4.5,8.9
mpp,-8.0,0,n10-ack-4f,n10,3,3,0,ctl,ok,0,0,-6.2,8.9
mpp,-8.0,0,fsk32r62-r1/2,c32r62,10,2,1,data,ok,8,5,-4.2,8.9
mpp,-8.0,0,ack-4f,w,3,3,0,ctl,ok,0,0,-2.5,8.9
mpp,-8.0,0,fsk32r62-r1/2,c32r62,10,2,1,data,ok,5,4,-4.7,8.9
mpp,-8.0,0,ack-4f,w,3,3,0,ctl,ok,0,0,-3.9,8.9
mpp,-8.0,0,fsk32r62-r1/2,c32r62,10,2,1,data,ok,7,7,-4.2,8.9
mpp,-8.0,0,ack-4f,w,3,3,0,ctl,ok,0,0,-12.6,8.9
mpp,-8.0,0,fsk32r62-r1/2,c32r62,10,2,1,data,ok,8,5,-4.8,8.9
mpp,-8.0,0,n4-ack-8f,n4,3,3,0,ctl,ok,0,0,-6.1,8.9
mpp,-8.0,0,fsk32r62-r1/2,c32r62,10,2,1,data,ok,5,2,-5.5,8.9
mpp,-8.0,0,ack-4f,w,3,3,0,ctl,ok,0,0,-4.3,8.9
mpp,-8.0,0,fsk32r62-r1/2,c32r62,10,2,1,data,ok,5,5,-3.8,8.9
mpp,-8.0,0,ack-4f,w,2,2,,ctl,missed,0,0,,8.9
mpp,-8.0,0,ack-4f,w,3,3,0,ctl,ctl_lost,0,0,-5.2,8.9
mpp,-8.0,0,ack-4f,w,3,3,0,ctl,ctl_lost,0,0,-6.1,8.9
mpp,-8.0,0,ack-4f,w,3,3,0,ctl,ctl_lost,0,0,-8.9,8.9
mpp,-8.0,0,ack-4f,w,3,3,,ctl,missed,0,0,,8.9
mpp,-8.0,0,ack-4f,w,3,3,0,ctl,ok,0,0,-2.2,8.9
mpp,-8.0,0,ack-4f,w,2,2,0,ctl,ctl_lost,0,0,-8.2,8.9
mpp,-8.0,0,ack-4f,w,3,3,0,ctl,ctl_lost,0,0,-6.7,8.9
mpp,-8.0,0,ack-4f,w,3,3,0,ctl,ok,0,0,-6.5,8.9
mpp,-8.0,0,ack-4f,w,3,3,0,ctl,ctl_lost,0,0,-7.5,8.9
mpp,-8.0,0,ack-4f,w,3,3,0,ctl,ok,0,0,-5.2,8.9
mpp,-8.0,0,ack-4f,w,2,2,0,ctl,ctl_lost,0,0,-117.6,8.9
mpp,-8.0,0,ack-4f,w,3,3,0,ctl,ok,0,0,-3.1,8.9
mpp,-8.0,0,ack-4f,w,2,2,0,ctl,ctl_lost,0,0,-116.0,8.9
mpp,-8.0,0,ack-4f,w,3,3,0,ctl,ok,0,0,-6.4,8.9
mpp,-8.0,0,ack-4f,w,2,2,0,ctl,ok,0,0,-4.5,8.9
mpp,-8.0,0,fsk32r62-r1/2,c32r62,9,1,0,data,ok,8,8,-4.1,8.9
mpp,-8.0,0,n10-ack-4f,n10,2,2,0,ctl,ok,0,0,-4.4,8.9
mpp,-8.0,0,fsk32r62-r1/2,c32r62,9,1,0,data,ok,8,7,-4.3,8.9
mpp,-8.0,0,n10-ack-4f,n10,3,3,0,ctl,ok,0,0,-7.5,8.9
mpp,-8.0,0,fsk32r62-r1/2,c32r62,9,1,0,data,ctl_lost,7,6,-4.4,8.9
mpp,-8.0,0,ack-4f,w,3,3,0,ctl,ok,0,0,-6.0,8.9
mpp,-8.0,0,ack-4f,w,3,3,0,ctl,ctl_lost,0,0,-10.3,8.9
mpp,-8.0,0,ack-4f,w,3,3,,ctl,missed,0,0,,8.9
mpp,-8.0,0,ack-4f,w,3,3,0,ctl,ok,0,0,-5.8,8.9
mpp,-8.0,0,ack-4f,w,3,3,0,ctl,ctl_lost,0,0,-9.7,8.9
mpp,-8.0,0,ack-4f,w,3,3,0,ctl,ok,0,0,-3.1,8.9
mpp,-8.0,0,ack-4f,w,3,3,0,ctl,ok,0,0,-4.8,8.9
mpp,-8.0,0,fsk32r62-r1/2,c32r62,10,2,1,data,ok,7,7,-4.3,8.9
mpp,-8.0,0,n4-ack-8f,n4,3,3,,ctl,missed,0,0,,8.9
mpp,-8.0,0,ack-4f,w,3,3,0,ctl,ok,0,0,-7.7,8.9
mpp,-8.0,0,ack-4f,w,3,3,0,ctl,ok,0,0,-4.4,8.9
mpp,-8.0,0,fsk32r62-r1/2,c32r62,10,2,1,data,ok,8,8,-4.9,8.9
mpp,-8.0,0,n10-ack-4f,n10,3,3,0,ctl,ok,0,0,-3.0,8.9
mpp,-8.0,0,fsk32r62-r1/2,c32r62,10,2,1,data,ok,8,8,-3.9,8.9
mpp,-8.0,0,n10-ack-4f,n10,2,2,0,ctl,ctl_lost,0,0,-9.8,8.9
mpp,-8.0,0,ack-4f,w,3,3,0,ctl,ok,0,0,-4.3,8.9
mpp,-8.0,0,ack-4f,w,2,2,0,ctl,ok,0,0,-5.8,8.9
mpp,-8.0,0,fsk32r62-r1/2,c32r62,9,1,0,data,ok,8,8,-3.7,8.9
mpp,-8.0,0,n4-ack-8f,n4,2,2,0,ctl,ok,0,0,-3.3,8.9
mpp,-8.0,0,fsk32r62-r1/2,c32r62,9,1,0,data,ok,8,8,-3.8,8.9
mpp,-8.0,0,polar-k96-f4,w,1,1,0,ctl,ok,0,0,-4.5,8.9
mpp,-8.0,0,fsk32r62-r1/2,c32r62,9,1,0,data,ok,8,8,-4.3,8.9
mpp,-8.0,8,qpsk-r1/5,w,1,1,,ctl,missed,0,0,,9.8
mpp,-8.0,8,n4-qpsk-r1/3,n4,1,1,0,ctl,ok,0,0,-4.1,9.8
mpp,-8.0,8,n4-qpsk-r1/3,n4,1,1,0,ctl,ok,0,0,-5.1,9.8
mpp,-8.0,8,ack-4f,w,3,3,0,ctl,ok,0,0,-4.7,9.8
mpp,-8.0,8,n10-ack-4f,n10,2,2,0,ctl,ok,0,0,-5.5,9.8
mpp,-8.0,8,fsk32r62-r1/2,c32r62,9,1,0,data,ok,8,6,-4.4,9.8
mpp,-8.0,8,ack-4f,w,3,3,0,ctl,ok,0,0,-1.3,9.8
mpp,-8.0,8,fsk32r62-r1/2,c32r62,10,2,1,data,ok,6,6,-4.5,9.8
mpp,-8.0,8,ack-4f,w,3,3,0,ctl,ok,0,0,-3.5,9.8
mpp,-8.0,8,fsk32r62-r1/2,c32r62,10,2,1,data,ok,8,7,-4.2,9.8
mpp,-8.0,8,ack-4f,w,3,3,0,ctl,ctl_lost,0,0,-8.2,9.8
mpp,-8.0,8,ack-4f,w,3,3,0,ctl,ok,0,0,-5.8,9.8
mpp,-8.0,8,ack-4f,w,3,3,0,ctl,ok,0,0,-5.1,9.8
mpp,-8.0,8,fsk32r62-r1/2,c32r62,10,2,1,data,ok,8,8,-4.3,9.8
mpp,-8.0,8,n4-ack-8f,n4,3,3,0,ctl,ok,0,0,-6.3,9.8
mpp,-8.0,8,fsk32r62-r1/2,c32r62,10,2,1,data,ok,8,7,-3.9,9.8
mpp,-8.0,8,n10-ack-4f,n10,3,3,0,ctl,ok,0,0,-2.9,9.8
mpp,-8.0,8,fsk32r62-r1/2,c32r62,9,1,0,data,ok,7,7,-4.5,9.8
mpp,-8.0,8,n10-ack-4f,n10,2,2,,ctl,missed,0,0,,9.8
mpp,-8.0,8,ack-4f,w,3,3,0,ctl,ok,0,0,-2.1,9.8
mpp,-8.0,8,ack-4f,w,2,2,,ctl,missed,0,0,,9.8
mpp,-8.0,8,ack-4f,w,3,3,0,ctl,ok,0,0,-6.6,9.8
mpp,-8.0,8,ack-4f,w,2,2,0,ctl,ok,0,0,-1.2,9.8
mpp,-8.0,8,fsk32r62-r1/2,c32r62,9,1,0,data,ok,8,6,-4.2,9.8
mpp,-8.0,8,n10-ack-4f,n10,3,3,0,ctl,ok,0,0,-3.5,9.8
mpp,-8.0,8,fsk32r62-r1/2,c32r62,9,1,0,data,ok,6,4,-4.6,9.8
mpp,-8.0,8,n10-ack-4f,n10,3,3,0,ctl,ok,0,0,-6.7,9.8
mpp,-8.0,8,fsk32r62-r1/2,c32r62,9,1,0,data,ok,6,5,-4.1,9.8
mpp,-8.0,8,n10-ack-4f,n10,3,3,0,ctl,ok,0,0,-5.0,9.8
mpp,-8.0,8,fsk32r62-r1/2,c32r62,9,1,0,data,ok,7,7,-3.5,9.8
mpp,-8.0,8,n10-ack-4f,n10,2,2,0,ctl,ok,0,0,-5.0,9.8
mpp,-8.0,8,fsk32r62-r1/2,c32r62,9,1,0,data,ok,8,8,-4.3,9.8
mpp,-8.0,8,n10-ack-4f,n10,2,2,,ctl,missed,0,0,,9.8
mpp,-8.0,8,ack-4f,w,3,3,0,ctl,ok,0,0,-5.7,9.8
mpp,-8.0,8,ack-4f,w,2,2,,ctl,missed,0,0,,9.8
mpp,-8.0,8,ack-4f,w,3,3,0,ctl,ok,0,0,-4.4,9.8
mpp,-8.0,8,ack-4f,w,2,2,0,ctl,ctl_lost,0,0,-7.3,9.8
mpp,-8.0,8,ack-4f,w,3,3,0,ctl,ok,0,0,-5.7,9.8
mpp,-8.0,8,ack-4f,w,2,2,0,ctl,ctl_lost,0,0,-8.6,9.8
mpp,-8.0,8,ack-4f,w,3,3,0,ctl,ok,0,0,-5.5,9.8
mpp,-8.0,8,ack-4f,w,2,2,0,ctl,ok,0,0,-2.4,9.8
mpp,-8.0,8,fsk32r62-r1/2,c32r62,9,1,0,data,ctl_lost,8,8,-4.4,9.8
mpp,-8.0,8,ack-4f,w,3,3,0,ctl,ok,0,0,-2.8,9.8
mpp,-8.0,8,ack-4f,w,3,3,0,ctl,ok,0,0,-3.7,9.8
mpp,-8.0,8,fsk32r62-r1/2,c32r62,10,2,1,data,ok,8,7,-4.6,9.8
mpp,-8.0,8,n10-ack-4f,n10,3,3,0,ctl,ok,0,0,-4.8,9.8
mpp,-8.0,8,fsk32r62-r1/2,c32r62,10,2,1,data,ok,7,7,-3.9,9.8
mpp,-8.0,8,n10-ack-4f,n10,3,3,,ctl,missed,0,0,,9.8
mpp,-8.0,8,ack-4f,w,3,3,0,ctl,ok,0,0,-3.1,9.8
mpp,-8.0,8,ack-4f,w,2,2,0,ctl,ok,0,0,-2.7,9.8
mpp,-8.0,8,fsk32r62-r1/2,c32r62,9,1,0,data,ok,8,8,-3.8,9.8
mpp,-8.0,8,n10-ack-4f,n10,2,2,,ctl,missed,0,0,,9.8
mpp,-8.0,8,ack-4f,w,3,3,0,ctl,ok,0,0,-7.3,9.8
mpp,-8.0,8,ack-4f,w,3,3,,ctl,missed,0,0,,9.8
mpp,-8.0,8,ack-4f,w,3,3,0,ctl,ok,0,0,-4.2,9.8
mpp,-8.0,8,ack-4f,w,3,3,,ctl,missed,0,0,,9.8
mpp,-8.0,8,ack-4f,w,3,3,,ctl,missed,0,0,,9.8
mpp,-8.0,8,ack-4f,w,3,3,0,ctl,ok,0,0,-3.8,9.8
mpp,-8.0,8,ack-4f,w,3,3,0,ctl,ok,0,0,-1.5,9.8
mpp,-8.0,8,fsk32r62-r1/2,c32r62,10,2,1,data,ok,8,8,-4.2,9.8
mpp,-8.0,7,qpsk-r1/5,w,1,1,0,ctl,ctl_lost,0,0,-5.8,7.7
mpp,-8.0,7,n4-qpsk-r1/3,n4,1,1,0,ctl,ok,0,0,-3.5,7.7
mpp,-8.0,7,n4-qpsk-r1/3,n4,1,1,0,ctl,ok,0,0,-8.6,7.7
mpp,-8.0,7,ack-4f,w,3,3,0,ctl,ok,0,0,-7.5,7.7
mpp,-8.0,7,n10-ack-4f,n10,3,3,0,ctl,ok,0,0,-4.8,7.7
mpp,-8.0,7,fsk32r62-r1/2,c32r62,10,2,,data,missed,0,0,,7.7
mpp,-8.0,7,ack-4f,w,2,2,0,ctl,ok,0,0,-3.6,7.7
mpp,-8.0,7,ack-4f,w,3,3,0,ctl,ok,0,0,-3.4,7.7
mpp,-8.0,7,fsk32r62-r1/2,c32r62,10,2,1,data,ok,8,8,-4.1,7.7
mpp,-8.0,7,ack-4f,w,3,3,0,ctl,ok,0,0,-5.0,7.7
mpp,-8.0,7,fsk32r62-r1/2,c32r62,10,2,1,data,ok,8,6,-4.4,7.7
mpp,-8.0,7,ack-4f,w,3,3,0,ctl,ok,0,0,-1.8,7.7
mpp,-8.0,7,fsk32r62-r1/2,c32r62,10,2,1,data,ok,6,5,-4.6,7.7
mpp,-8.0,7,ack-4f,w,3,3,,ctl,missed,0,0,,7.7
mpp,-8.0,7,ack-4f,w,3,3,0,ctl,ok,0,0,-1.4,7.7
mpp,-8.0,7,ack-4f,w,2,2,0,ctl,ok,0,0,-2.6,7.7
mpp,-8.0,7,fsk32r62-r1/2,c32r62,9,1,,data,missed,0,0,,7.7
mpp,-8.0,7,ack-4f,w,3,3,0,ctl,ok,0,0,-0.3,7.7
mpp,-8.0,7,ack-4f,w,3,3,0,ctl,ctl_lost,0,0,-9.4,7.7
mpp,-8.0,7,ack-4f,w,3,3,0,ctl,ok,0,0,-6.9,7.7
mpp,-8.0,7,ack-4f,w,2,2,0,ctl,ok,0,0,-2.9,7.7
mpp,-8.0,7,fsk32r62-r1/2,c32r62,9,1,0,data,ok,8,8,-4.6,7.7
mpp,-8.0,7,n4-ack-8f,n4,3,3,0,ctl,ok,0,0,-6.5,7.7
mpp,-8.0,7,fsk32r62-r1/2,c32r62,10,2,1,data,ok,8,8,-3.7,7.7
mpp,-8.0,7,n10-ack-4f,n10,2,2,,ctl,missed,0,0,,7.7
mpp,-8.0,7,ack-4f,w,3,3,0,ctl,ok,0,0,-9.7,7.7
mpp,-8.0,7,ack-4f,w,2,2,0,ctl,ok,0,0,-1.8,7.7
mpp,-8.0,7,fsk32r62-r1/2,c32r62,9,1,0,data,ok,8,8,-4.7,7.7
mpp,-8.0,7,n10-ack-4f,n10,2,2,0,ctl,ctl_lost,0,0,-7.1,7.7
mpp,-8.0,7,ack-4f,w,3,3,0,ctl,ok,0,0,-11.2,7.7
mpp,-8.0,7,ack-4f,w,3,3,0,ctl,ok,0,0,-3.5,7.7
mpp,-8.0,7,fsk32r62-r1/2,c32r62,10,2,1,data,ok,8,7,-3.9,7.7
mpp,-8.0,7,ack-4f,w,3,3,0,ctl,ok,0,0,-2.5,7.7
mpp,-8.0,7,fsk32r62-r1/2,c32r62,9,1,0,data,ok,7,7,-4.1,7.7
mpp,-8.0,7,ack-4f,w,2,2,0,ctl,ok,0,0,-4.9,7.7
mpp,-8.0,7,fsk32r62-r1/2,c32r62,9,1,0,data,ok,8,6,-4.9,7.7
mpp,-8.0,7,ack-4f,w,3,3,,ctl,missed,0,0,,7.7
mpp,-8.0,7,ack-4f,w,3,3,0,ctl,ok,0,0,-4.2,7.7
mpp,-8.0,7,ack-4f,w,3,3,0,ctl,ok,0,0,-0.9,7.7
mpp,-8.0,7,fsk32r62-r1/2,c32r62,9,1,0,data,ok,8,7,-4.6,7.7
mpp,-8.0,7,ack-4f,w,3,3,0,ctl,ok,0,0,-2.8,7.7
mpp,-8.0,7,fsk32r62-r1/2,c32r62,9,1,0,data,ok,7,7,-4.0,7.7
mpp,-8.0,7,ack-4f,w,2,2,0,ctl,ctl_lost,0,0,-7.6,7.7
mpp,-8.0,7,ack-4f,w,3,3,0,ctl,ctl_lost,0,0,-5.7,7.7
mpp,-8.0,7,ack-4f,w,3,3,0,ctl,ok,0,0,-5.6,7.7
mpp,-8.0,7,ack-4f,w,2,2,0,ctl,ok,0,0,-4.8,7.7
mpp,-8.0,7,fsk32r62-r1/2,c32r62,9,1,0,data,ctl_lost,8,8,-3.8,7.7
mpp,-8.0,7,ack-4f,w,3,3,0,ctl,ctl_lost,0,0,-12.4,7.7
mpp,-8.0,7,ack-4f,w,3,3,0,ctl,ctl_lost,0,0,-7.6,7.7
mpp,-8.0,7,ack-4f,w,3,3,0,ctl,ok,0,0,-2.0,7.7
mpp,-8.0,7,ack-4f,w,3,3,0,ctl,ok,0,0,-3.4,7.7
mpp,-8.0,7,fsk32r62-r1/2,c32r62,10,2,1,data,ok,8,7,-4.6,7.7
mpp,-8.0,7,n4-ack-8f,n4,3,3,0,ctl,ok,0,0,-6.6,7.7
mpp,-8.0,7,fsk32r62-r1/2,c32r62,10,2,1,data,ok,7,7,-4.5,7.7
mpp,-8.0,6,qpsk-r1/5,w,1,1,0,ctl,ok,0,0,-3.3,9.3
mpp,-8.0,6,qpsk-r1/5,w,1,1,0,ctl,ctl_lost,0,0,-5.2,9.3
mpp,-8.0,6,n4-qpsk-r1/3,n4,1,1,0,ctl,ok,0,0,-3.4,9.3
mpp,-8.0,6,n4-qpsk-r1/3,n4,1,1,0,ctl,ok,0,0,-5.2,9.3
mpp,-8.0,6,ack-4f,w,3,3,0,ctl,ok,0,0,-5.9,9.3
mpp,-8.0,6,ack-4f,w,2,2,0,ctl,ok,0,0,-3.3,9.3
mpp,-8.0,6,fsk32r62-r1/2,c32r62,9,1,0,data,ctl_lost,8,7,-4.8,9.3
mpp,-8.0,6,ack-4f,w,2,2,0,ctl,ok,0,0,-4.6,9.3
mpp,-8.0,6,ack-4f,w,3,3,0,ctl,ok,0,0,-1.9,9.3
mpp,-8.0,6,fsk32r62-r1/2,c32r62,10,2,1,data,ok,8,7,-4.8,9.3
mpp,-8.0,6,ack-4f,w,3,3,0,ctl,ok,0,0,-5.3,9.3
mpp,-8.0,6,fsk32r62-r1/2,c32r62,10,2,1,data,ok,7,7,-4.3,9.3
mpp,-8.0,6,ack-4f,w,3,3,0,ctl,ok,0,0,-3.3,9.3
mpp,-8.0,6,fsk32r62-r1/2,c32r62,10,2,1,data,ok,8,8,-4.1,9.3
mpp,-8.0,6,ack-4f,w,3,3,0,ctl,ok,0,0,-2.8,9.3
mpp,-8.0,6,fsk32r62-r1/2,c32r62,10,2,1,data,ok,8,7,-3.1,9.3
mpp,-8.0,6,ack-4f,w,3,3,0,ctl,ok,0,0,-5.2,9.3
mpp,-8.0,6,fsk32r62-r1/2,c32r62,10,2,1,data,ok,7,7,-4.5,9.3
mpp,-8.0,6,ack-4f,w,3,3,,ctl,missed,0,0,,9.3
mpp,-8.0,6,ack-4f,w,3,3,0,ctl,ok,0,0,-3.0,9.3
mpp,-8.0,6,ack-4f,w,2,2,0,ctl,ok,0,0,-7.3,9.3
mpp,-8.0,6,fsk32r62-r1/2,c32r62,9,1,0,data,ok,8,8,-4.0,9.3
mpp,-8.0,6,ack-4f,w,3,3,,ctl,missed,0,0,,9.3
mpp,-8.0,6,ack-4f,w,3,3,0,ctl,ok,0,0,-11.3,9.3
mpp,-8.0,6,ack-4f,w,3,3,0,ctl,ok,0,0,-4.2,9.3
mpp,-8.0,6,fsk32r62-r1/2,c32r62,10,2,1,data,ok,8,7,-5.5,9.3
mpp,-8.0,6,ack-4f,w,3,3,0,ctl,ok,0,0,-3.1,9.3
mpp,-8.0,6,fsk32r62-r1/2,c32r62,10,2,1,data,ok,7,6,-4.5,9.3
mpp,-8.0,6,ack-4f,w,3,3,0,ctl,ctl_lost,0,0,-9.4,9.3
mpp,-8.0,6,ack-4f,w,3,3,0,ctl,ctl_lost,0,0,-6.0,9.3
mpp,-8.0,6,ack-4f,w,3,3,0,ctl,ok,0,0,-6.7,9.3
mpp,-8.0,6,ack-4f,w,2,2,,ctl,missed,0,0,,9.3
mpp,-8.0,6,ack-4f,w,3,3,0,ctl,ok,0,0,-7.0,9.3
mpp,-8.0,6,ack-4f,w,3,3,0,ctl,ctl_lost,0,0,-5.9,9.3
mpp,-8.0,6,ack-4f,w,3,3,0,ctl,ok,0,0,-2.1,9.3
mpp,-8.0,6,ack-4f,w,2,2,,ctl,missed,0,0,,9.3
mpp,-8.0,6,ack-4f,w,3,3,0,ctl,ok,0,0,-2.3,9.3
mpp,-8.0,6,ack-4f,w,2,2,0,ctl,ok,0,0,-1.8,9.3
mpp,-8.0,6,fsk32r62-r1/2,c32r62,9,1,0,data,ok,8,8,-4.6,9.3
mpp,-8.0,6,ack-4f,w,3,3,0,ctl,ok,0,0,-4.8,9.3
mpp,-8.0,6,fsk32r62-r1/2,c32r62,10,2,1,data,ok,8,8,-4.5,9.3
mpp,-8.0,6,ack-4f,w,2,2,0,ctl,ok,0,0,-3.3,9.3
mpp,-8.0,6,fsk32r62-r1/2,c32r62,9,1,0,data,ok,8,8,-4.3,9.3
mpp,-8.0,6,ack-4f,w,2,2,0,ctl,ok,0,0,-5.6,9.3
mpp,-8.0,6,fsk32r62-r1/2,c32r62,9,1,0,data,ctl_lost,8,6,-4.3,9.3
mpp,-8.0,6,ack-4f,w,3,3,0,ctl,ok,0,0,-6.5,9.3
mpp,-8.0,6,ack-4f,w,3,3,0,ctl,ok,0,0,-3.7,9.3
mpp,-8.0,6,fsk32r62-r1/2,c32r62,10,2,1,data,ok,8,8,-4.0,9.3
mpp,-8.0,6,ack-4f,w,3,3,,ctl,missed,0,0,,9.3
mpp,-8.0,6,ack-4f,w,3,3,0,ctl,ctl_lost,0,0,-9.4,9.3
mpp,-8.0,6,ack-4f,w,3,3,0,ctl,ok,0,0,-3.6,9.3
mpp,-8.0,6,ack-4f,w,3,3,0,ctl,ok,0,0,-3.9,9.3
mpp,-8.0,6,fsk32r62-r1/2,c32r62,10,2,1,data,ok,8,8,-4.6,9.3
mpp,-8.0,6,ack-4f,w,3,3,0,ctl,ok,0,0,-3.2,9.3
mpp,-8.0,6,fsk32r62-r1/2,c32r62,10,2,1,data,ok,8,7,-4.7,9.3
mpp,-8.0,9,qpsk-r1/5,w,1,1,0,ctl,ctl_lost,0,0,-7.9,9.3
mpp,-8.0,9,n4-qpsk-r1/3,n4,1,1,0,ctl,ctl_lost,0,0,-7.3,9.3
mpp,-8.0,9,n4-qpsk-r1/3,n4,1,1,0,ctl,ok,0,0,-3.5,9.3
mpp,-8.0,9,n4-qpsk-r1/3,n4,1,1,0,ctl,ok,0,0,-7.3,9.3
mpp,-8.0,9,ack-4f,w,3,3,0,ctl,ctl_lost,0,0,-5.6,9.3
mpp,-8.0,9,ack-4f,w,3,3,0,ctl,ctl_lost,0,0,-7.4,9.3
mpp,-8.0,9,ack-4f,w,3,3,0,ctl,ok,0,0,-3.4,9.3
mpp,-8.0,9,ack-4f,w,3,3,0,ctl,ok,0,0,-5.8,9.3
mpp,-8.0,9,qpsk-r1/5,w,9,2,1,data,ok,7,0,-3.0,9.3
mpp,-8.0,9,n4-ack-8f,n4,3,3,,ctl,missed,0,0,,9.3
mpp,-8.0,9,ack-4f,w,3,3,0,ctl,ok,0,0,-4.7,9.3
mpp,-8.0,9,ack-4f,w,2,2,0,ctl,ok,0,0,-1.5,9.3
mpp,-8.0,9,fsk32r62-r1/2,c32r62,9,1,0,data,ok,8,8,-4.1,9.3
mpp,-8.0,9,ack-4f,w,3,3,0,ctl,ctl_lost,0,0,-7.5,9.3
mpp,-8.0,9,ack-4f,w,4,4,0,ctl,ok,0,0,-3.3,9.3
mpp,-8.0,9,ack-4f,w,3,3,0,ctl,ok,0,0,-6.4,9.3
mpp,-8.0,9,fsk32r62-r1/2,c32r62,10,2,1,data,ok,8,8,-3.6,9.3
mpp,-8.0,9,n4-ack-8f,n4,3,3,,ctl,missed,0,0,,9.3
mpp,-8.0,9,ack-4f,w,3,3,0,ctl,ctl_lost,0,0,-7.7,9.3
mpp,-8.0,9,ack-4f,w,3,3,0,ctl,ok,0,0,-2.1,9.3
mpp,-8.0,9,ack-4f,w,3,3,0,ctl,ok,0,0,-3.8,9.3
mpp,-8.0,9,fsk32r62-r1/2,c32r62,10,2,1,data,ok,8,8,-3.9,9.3
mpp,-8.0,9,n10-ack-4f,n10,3,3,0,ctl,ok,0,0,-4.9,9.3
mpp,-8.0,9,fsk32r62-r1/2,c32r62,10,2,,data,missed,0,0,,9.3
mpp,-8.0,9,ack-4f,w,3,3,,ctl,missed,0,0,,9.3
mpp,-8.0,9,ack-4f,w,3,3,0,ctl,ok,0,0,-3.0,9.3
mpp,-8.0,9,ack-4f,w,2,2,0,ctl,ok,0,0,-2.8,9.3
mpp,-8.0,9,fsk32r62-r1/2,c32r62,9,1,0,data,ok,8,8,-4.0,9.3
mpp,-8.0,9,n10-ack-4f,n10,3,3,0,ctl,ok,0,0,-5.9,9.3
mpp,-8.0,9,fsk32r62-r1/2,c32r62,10,2,1,data,ok,8,8,-3.7,9.3
mpp,-8.0,9,n10-ack-4f,n10,2,2,0,ctl,ok,0,0,-8.7,9.3
mpp,-8.0,9,fsk32r62-r1/2,c32r62,9,1,0,data,ok,8,6,-5.1,9.3
mpp,-8.0,9,n10-ack-4f,n10,3,3,0,ctl,ok,0,0,-5.8,9.3
mpp,-8.0,9,fsk32r62-r1/2,c32r62,10,2,1,data,ok,6,4,-4.6,9.3
mpp,-8.0,9,n10-ack-4f,n10,3,3,0,ctl,ctl_lost,0,0,-12.6,9.3
mpp,-8.0,9,ack-4f,w,3,3,0,ctl,ok,0,0,-4.2,9.3
mpp,-8.0,9,ack-4f,w,3,3,0,ctl,ok,0,0,-3.9,9.3
mpp,-8.0,9,fsk32r62-r1/2,c32r62,9,1,0,data,ok,8,8,-4.6,9.3
mpp,-8.0,9,n4-ack-8f,n4,2,2,0,ctl,ok,0,0,-4.4,9.3
mpp,-8.0,9,fsk32r62-r1/2,c32r62,9,1,0,data,ok,8,7,-4.8,9.3
mpp,-8.0,9,n10-ack-4f,n10,2,2,0,ctl,ok,0,0,-3.7,9.3
mpp,-8.0,9,fsk32r62-r1/2,c32r62,9,1,0,data,ok,7,6,-5.1,9.3
mpp,-8.0,9,n10-ack-4f,n10,3,3,0,ctl,ok,0,0,-3.6,9.3
mpp,-8.0,9,fsk32r62-r1/2,c32r62,9,1,0,data,ok,7,7,-4.2,9.3
mpp,-8.0,9,n10-ack-4f,n10,2,2,0,ctl,ctl_lost,0,0,-6.8,9.3
mpp,-8.0,9,ack-4f,w,3,3,0,ctl,ctl_lost,0,0,-4.2,9.3
mpp,-8.0,9,ack-4f,w,3,3,0,ctl,ok,0,0,-4.5,9.3
mpp,-8.0,9,ack-4f,w,2,2,0,ctl,ok,0,0,-2.7,9.3
mpp,-8.0,9,fsk32r62-r1/2,c32r62,9,1,0,data,ok,8,8,-4.3,9.3
mpp,-8.0,9,n4-ack-8f,n4,2,2,0,ctl,ok,0,0,-6.3,9.3
mpp,-8.0,9,fsk32r62-r1/2,c32r62,9,1,0,data,ok,8,7,-4.2,9.3
mpp,-8.0,9,n4-ack-8f,n4,3,3,0,ctl,ok,0,0,-4.6,9.3
mpp,-8.0,9,fsk32r62-r1/2,c32r62,9,1,0,data,ok,7,6,-4.4,9.3
mpp,-8.0,9,polar-k96-f4,w,1,1,0,ctl,ctl_lost,0,0,1.6,9.3
mpp,-8.0,11,qpsk-r1/5,w,1,1,,ctl,missed,0,0,,8.5
mpp,-8.0,11,n4-qpsk-r1/3,n4,1,1,,ctl,missed,0,0,,8.5
mpp,-8.0,11,n4-qpsk-r1/3,n4,1,1,0,ctl,ok,0,0,-6.2,8.5
mpp,-8.0,11,n4-qpsk-r1/3,n4,1,1,0,ctl,ok,0,0,-4.3,8.5
mpp,-8.0,11,ack-4f,w,3,3,0,ctl,ok,0,0,-6.1,8.5
mpp,-8.0,11,n10-ack-4f,n10,3,3,0,ctl,ok,0,0,-4.9,8.5
mpp,-8.0,11,fsk32r62-r1/2,c32r62,10,2,1,data,ok,8,7,-5.3,8.5
mpp,-8.0,11,ack-4f,w,3,3,0,ctl,ctl_lost,0,0,-12.7,8.5
mpp,-8.0,11,ack-4f,w,3,3,0,ctl,ok,0,0,-4.7,8.5
mpp,-8.0,11,ack-4f,w,3,3,0,ctl,ctl_lost,0,0,-11.2,8.5
mpp,-8.0,11,ack-4f,w,3,3,0,ctl,ok,0,0,-2.4,8.5
mpp,-8.0,11,ack-4f,w,3,3,0,ctl,ok,0,0,-3.5,8.5
mpp,-8.0,11,fsk32r62-r1/2,c32r62,10,2,1,data,ok,8,8,-4.1,8.5
mpp,-8.0,11,n4-ack-8f,n4,3,3,0,ctl,ok,0,0,-5.6,8.5
mpp,-8.0,11,fsk32r62-r1/2,c32r62,10,2,1,data,ok,8,8,-4.1,8.5
mpp,-8.0,11,n10-ack-4f,n10,3,3,0,ctl,ok,0,0,-7.1,8.5
mpp,-8.0,11,fsk32r62-r1/2,c32r62,10,2,1,data,ok,8,8,-4.5,8.5
mpp,-8.0,11,n4-ack-8f,n4,3,3,,ctl,missed,0,0,,8.5
mpp,-8.0,11,ack-4f,w,3,3,,ctl,missed,0,0,,8.5
mpp,-8.0,11,ack-4f,w,3,3,0,ctl,ok,0,0,-1.8,8.5
mpp,-8.0,11,ack-4f,w,2,2,,ctl,missed,0,0,,8.5
mpp,-8.0,11,ack-4f,w,3,3,0,ctl,ok,0,0,-4.3,8.5
mpp,-8.0,11,ack-4f,w,2,2,0,ctl,ctl_lost,0,0,-9.6,8.5
mpp,-8.0,11,ack-4f,w,3,3,,ctl,missed,0,0,,8.5
mpp,-8.0,11,ack-4f,w,3,3,0,ctl,ctl_lost,0,0,-3.7,8.5
mpp,-8.0,11,ack-4f,w,3,3,0,ctl,ctl_lost,0,0,-4.9,8.5
mpp,-8.0,11,ack-4f,w,3,3,0,ctl,ok,0,0,-7.3,8.5
mpp,-8.0,11,ack-4f,w,3,3,0,ctl,ok,0,0,-2.5,8.5
mpp,-8.0,11,fsk32r62-r1/2,c32r62,10,2,1,data,ok,8,8,-5.1,8.5
mpp,-8.0,11,n10-ack-4f,n10,3,3,,ctl,missed,0,0,,8.5
mpp,-8.0,11,ack-4f,w,3,3,0,ctl,ok,0,0,-0.7,8.5
mpp,-8.0,11,ack-4f,w,2,2,0,ctl,ok,0,0,-1.3,8.5
mpp,-8.0,11,fsk32r62-r1/2,c32r62,9,1,0,data,ok,8,6,-4.7,8.5
mpp,-8.0,11,n10-ack-4f,n10,3,3,0,ctl,ctl_lost,0,0,-9.3,8.5
mpp,-8.0,11,ack-4f,w,3,3,0,ctl,ok,0,0,-2.9,8.5
mpp,-8.0,11,ack-4f,w,3,3,0,ctl,ok,0,0,-5.4,8.5
mpp,-8.0,11,fsk32r62-r1/2,c32r62,9,1,0,data,ok,8,7,-4.2,8.5
mpp,-8.0,11,n4-ack-8f,n4,3,3,,ctl,missed,0,0,,8.5
mpp,-8.0,11,ack-4f,w,3,3,,ctl,missed,0,0,,8.5
mpp,-8.0,11,ack-4f,w,3,3,0,ctl,ok,0,0,-2.0,8.5
mpp,-8.0,11,ack-4f,w,3,3,0,ctl,ok,0,0,-7.1,8.5
mpp,-8.0,11,fsk32r62-r1/2,c32r62,9,1,0,data,ok,8,8,-4.1,8.5
mpp,-8.0,11,n4-ack-8f,n4,2,2,0,ctl,ok,0,0,-8.8,8.5
mpp,-8.0,11,fsk32r62-r1/2,c32r62,9,1,0,data,ok,8,8,-4.2,8.5
mpp,-8.0,11,n4-ack-8f,n4,2,2,,ctl,missed,0,0,,8.5
mpp,-8.0,11,ack-4f,w,2,2,,ctl,missed,0,0,,8.5
mpp,-8.0,11,ack-4f,w,2,2,0,ctl,ok,0,0,-3.1,8.5
mpp,-8.0,11,ack-4f,w,2,2,0,ctl,ok,0,0,-5.8,8.5
mpp,-8.0,11,fsk32r62-r1/2,c32r62,9,1,0,data,ok,8,6,-4.7,8.5
mpp,-8.0,11,n4-ack-8f,n4,3,3,0,ctl,ok,0,0,-5.1,8.5
mpp,-8.0,11,fsk32r62-r1/2,c32r62,9,1,0,data,ok,6,6,-3.9,8.5
mpp,-8.0,11,n10-ack-4f,n10,2,2,0,ctl,ok,0,0,-4.7,8.5
mpp,-8.0,11,fsk32r62-r1/2,c32r62,9,1,0,data,ctl_lost,8,7,-4.6,8.5
mpp,-8.0,11,ack-4f,w,3,3,0,ctl,ok,0,0,-1.8,8.5
mpp,-8.0,11,ack-4f,w,2,2,,ctl,missed,0,0,,8.5
mpp,-8.0,11,ack-4f,w,3,3,0,ctl,ctl_lost,0,0,-4.4,8.5
mpp,-8.0,11,ack-4f,w,3,3,0,ctl,ok,0,0,-4.1,8.5
mpp,-8.0,11,ack-4f,w,3,3,0,ctl,ctl_lost,0,0,-11.3,8.5
mpp,-8.0,11,ack-4f,w,3,3,,ctl,missed,0,0,,8.5
mpp,-8.0,11,ack-4f,w,3,3,,ctl,missed,0,0,,8.5
mpp,-8.0,11,ack-4f,w,3,3,,ctl,missed,0,0,,8.5
mpp,-8.0,11,ack-4f,w,3,3,,ctl,missed,0,0,,8.5
mpp,-8.0,11,ack-4f,w,3,3,0,ctl,ok,0,0,-9.1,8.5
mpp,-8.0,11,ack-4f,w,3,3,0,ctl,ok,0,0,-5.5,8.5
mpp,-8.0,11,fsk32r62-r1/2,c32r62,10,2,1,data,ok,8,8,-4.9,8.5
mpp,-8.0,11,n4-ack-8f,n4,3,3,0,ctl,ok,0,0,-4.0,8.5
mpp,-8.0,11,fsk32r62-r1/2,c32r62,10,2,1,data,ok,8,7,-4.7,8.5
awgn,15.0,1,qpsk-r1/5,w,1,1,0,ctl,ok,0,0,17.8,555.9
awgn,15.0,1,qpsk-r1/5,w,1,1,0,ctl,ok,0,0,17.9,555.9
awgn,15.0,1,ack-4f,w,3,3,0,ctl,ok,0,0,18.2,555.9
awgn,15.0,1,ack-1f,w,3,3,0,ctl,ok,0,0,18.1,555.9
awgn,15.0,1,w48-64l-r7/12,w48,39,2,1,data,ok,37,37,13.2,555.9
awgn,15.0,1,ack-1f,w,3,3,0,ctl,ok,0,0,18.3,555.9
awgn,15.0,1,w48-64l-r7/12,w48,39,2,1,data,ok,37,37,13.3,555.9
awgn,15.0,1,ack-1f,w,3,3,0,ctl,ok,0,0,17.6,555.9
awgn,15.0,1,w48-64l-r7/12,w48,39,2,1,data,ok,37,37,13.3,555.9
awgn,15.0,1,ack-1f,w,3,3,0,ctl,ok,0,0,18.4,555.9
awgn,15.0,1,w48-64l-r7/12,w48,39,2,1,data,ok,37,37,13.3,555.9
awgn,15.0,1,ack-1f,w,3,3,0,ctl,ok,0,0,18.1,555.9
awgn,15.0,1,w48-64l-r7/12,w48,39,2,1,data,ok,37,37,13.3,555.9
awgn,15.0,1,ack-1f,w,3,3,0,ctl,ok,0,0,18.2,555.9
awgn,15.0,1,w48-64l-r7/12,w48,39,2,1,data,ok,37,37,13.0,555.9
awgn,15.0,1,ack-1f,w,3,3,0,ctl,ok,0,0,18.1,555.9
awgn,15.0,1,w48-64l-r7/12,w48,39,2,1,data,ok,37,37,13.2,555.9
awgn,15.0,1,ack-1f,w,2,2,0,ctl,ok,0,0,18.3,555.9
awgn,15.0,1,w48-64l-r7/12,w48,39,1,0,data,ok,38,38,13.1,555.9
awgn,15.0,1,ack-1f,w,2,2,0,ctl,ok,0,0,18.2,555.9
awgn,15.0,1,w48-64l-r7/12,w48,39,1,0,data,ok,38,38,13.0,555.9
awgn,15.0,1,ack-1f,w,2,2,0,ctl,ok,0,0,17.4,555.9
awgn,15.0,1,w48-64l-r7/12,w48,39,1,0,data,ok,38,38,13.2,555.9
awgn,15.0,1,ack-1f,w,2,2,0,ctl,ok,0,0,18.1,555.9
awgn,15.0,1,w48-64l-r7/12,w48,39,1,0,data,ok,38,38,13.1,555.9
awgn,15.0,1,ack-1f,w,2,2,0,ctl,ok,0,0,17.5,555.9
awgn,15.0,1,w48-64l-r7/12,w48,39,1,0,data,ok,38,38,13.3,555.9
awgn,15.0,1,ack-1f,w,2,2,0,ctl,ok,0,0,17.0,555.9
awgn,15.0,1,w48-64l-r7/12,w48,39,1,0,data,ok,38,38,13.2,555.9
awgn,15.0,1,ack-1f,w,2,2,0,ctl,ok,0,0,18.3,555.9
awgn,15.0,1,w48-64l-r7/12,w48,39,1,0,data,ok,38,38,13.0,555.9
awgn,15.0,1,ack-1f,w,2,2,0,ctl,ok,0,0,17.9,555.9
awgn,15.0,1,w48-64l-r7/12,w48,39,1,0,data,ok,38,38,12.9,555.9
awgn,15.0,1,ack-1f,w,2,2,0,ctl,ok,0,0,18.3,555.9
awgn,15.0,1,w48-64l-r7/12,w48,39,1,0,data,ok,38,38,13.2,555.9
awgn,15.0,1,ack-1f,w,2,2,0,ctl,ok,0,0,18.4,555.9
awgn,15.0,1,w48-64l-r7/12,w48,39,1,0,data,ok,38,38,13.0,555.9
awgn,15.0,1,ack-1f,w,2,2,0,ctl,ok,0,0,17.3,555.9
awgn,15.0,1,w48-64l-r7/12,w48,39,1,0,data,ok,38,38,13.0,555.9
awgn,15.0,1,ack-1f,w,2,2,0,ctl,ok,0,0,18.2,555.9
awgn,15.0,1,w48-64l-r7/12,w48,39,1,0,data,ok,38,38,13.2,555.9
awgn,15.0,1,ack-1f,w,2,2,0,ctl,ok,0,0,17.8,555.9
awgn,15.0,1,w48-64l-r7/12,w48,39,1,0,data,ok,38,38,13.0,555.9
awgn,15.0,1,ack-1f,w,2,2,0,ctl,ok,0,0,19.3,555.9
awgn,15.0,1,w48-64l-r7/12,w48,39,1,0,data,ok,38,38,13.2,555.9
awgn,15.0,1,ack-1f,w,2,2,0,ctl,ok,0,0,17.6,555.9
awgn,15.0,1,w48-64l-r7/12,w48,39,1,0,data,ok,38,38,12.9,555.9
awgn,15.0,1,ack-1f,w,2,2,0,ctl,ok,0,0,18.0,555.9
awgn,15.0,1,w48-64l-r7/12,w48,39,1,0,data,ok,38,38,13.0,555.9
awgn,15.0,1,ack-1f,w,2,2,0,ctl,ok,0,0,17.5,555.9
awgn,15.0,1,w48-64l-r7/12,w48,39,1,0,data,ok,38,38,13.3,555.9
awgn,15.0,1,ack-1f,w,2,2,0,ctl,ok,0,0,18.0,555.9
awgn,15.0,1,w48-64l-r7/12,w48,39,1,0,data,ok,38,38,13.1,555.9
awgn,15.0,1,ack-1f,w,2,2,0,ctl,ok,0,0,19.2,555.9
awgn,15.0,1,w48-64l-r7/12,w48,39,1,0,data,ok,38,38,13.2,555.9
awgn,15.0,1,ack-1f,w,2,2,0,ctl,ok,0,0,17.6,555.9
awgn,15.0,1,w48-64l-r7/12,w48,39,1,0,data,ok,38,38,13.1,555.9
awgn,15.0,1,ack-1f,w,2,2,0,ctl,ok,0,0,18.4,555.9
awgn,15.0,1,w48-64l-r7/12,w48,39,1,0,data,ok,38,38,13.3,555.9
awgn,15.0,1,ack-1f,w,2,2,0,ctl,ok,0,0,18.6,555.9
awgn,15.0,1,w48-64l-r7/12,w48,39,1,0,data,ok,38,38,13.2,555.9
awgn,15.0,1,ack-1f,w,2,2,0,ctl,ok,0,0,18.1,555.9
awgn,15.0,1,w48-64l-r7/12,w48,39,1,0,data,ok,38,38,13.0,555.9
awgn,15.0,1,ack-1f,w,2,2,0,ctl,ok,0,0,17.4,555.9
awgn,15.0,1,w48-64l-r7/12,w48,39,1,0,data,ok,38,38,12.9,555.9
awgn,15.0,1,ack-1f,w,2,2,0,ctl,ok,0,0,18.2,555.9
awgn,15.0,1,w48-64l-r7/12,w48,39,1,0,data,ok,38,38,13.3,555.9
awgn,15.0,1,ack-1f,w,2,2,0,ctl,ok,0,0,17.5,555.9
awgn,15.0,1,w48-64l-r7/12,w48,39,1,0,data,ok,38,37,13.2,555.9
awgn,15.0,1,ack-1f,w,3,3,0,ctl,ok,0,0,18.6,555.9
awgn,15.0,1,w48-64l-r7/12,w48,39,1,0,data,ok,37,37,13.4,555.9
awgn,15.0,1,ack-1f,w,2,2,0,ctl,ok,0,0,18.3,555.9
awgn,15.0,1,w48-64l-r7/12,w48,39,1,0,data,ok,38,38,13.2,555.9
awgn,15.0,1,ack-1f,w,2,2,0,ctl,ok,0,0,17.6,555.9
awgn,15.0,1,w48-64l-r7/12,w48,39,1,0,data,ok,38,38,13.1,555.9
awgn,15.0,1,ack-1f,w,2,2,0,ctl,ok,0,0,17.5,555.9
awgn,15.0,1,w48-64l-r7/12,w48,39,1,0,data,ok,38,38,13.2,555.9
awgn,15.0,1,ack-1f,w,2,2,0,ctl,ok,0,0,18.5,555.9
awgn,15.0,1,w48-64l-r7/12,w48,39,1,0,data,ok,38,38,12.8,555.9
awgn,15.0,1,ack-1f,w,2,2,0,ctl,ok,0,0,17.3,555.9
awgn,15.0,1,w48-64l-r7/12,w48,39,1,0,data,ok,38,38,12.9,555.9
awgn,15.0,1,ack-1f,w,2,2,0,ctl,ok,0,0,18.5,555.9
awgn,15.0,1,w48-64l-r7/12,w48,39,1,0,data,ok,38,38,13.2,555.9
awgn,15.0,1,ack-1f,w,2,2,0,ctl,ok,0,0,18.3,555.9
awgn,15.0,1,w48-64l-r7/12,w48,39,1,0,data,ok,38,38,13.3,555.9
awgn,15.0,1,ack-1f,w,2,2,0,ctl,ok,0,0,18.6,555.9
awgn,15.0,1,w48-64l-r7/12,w48,39,1,0,data,ok,38,38,13.0,555.9
awgn,15.0,1,ack-1f,w,2,2,0,ctl,ok,0,0,18.7,555.9
awgn,15.0,1,w48-64l-r7/12,w48,39,1,0,data,ok,38,38,13.0,555.9
awgn,15.0,1,ack-1f,w,2,2,0,ctl,ok,0,0,17.8,555.9
awgn,15.0,1,w48-64l-r7/12,w48,39,1,0,data,ok,38,38,13.2,555.9
awgn,15.0,0,qpsk-r1/5,w,1,1,0,ctl,ok,0,0,18.2,552.1
awgn,15.0,0,qpsk-r1/5,w,1,1,0,ctl,ok,0,0,17.9,552.1
awgn,15.0,0,ack-4f,w,3,3,0,ctl,ok,0,0,18.0,552.1
awgn,15.0,0,ack-1f,w,3,3,0,ctl,ok,0,0,17.5,552.1
awgn,15.0,0,w48-64l-r7/12,w48,39,2,1,data,ok,37,37,13.2,552.1
awgn,15.0,0,ack-1f,w,3,3,0,ctl,ok,0,0,18.2,552.1
awgn,15.0,0,w48-64l-r7/12,w48,39,2,1,data,ok,37,37,13.0,552.1
awgn,15.0,0,ack-1f,w,3,3,0,ctl,ok,0,0,18.0,552.1
awgn,15.0,0,w48-64l-r7/12,w48,39,2,1,data,ok,37,37,13.0,552.1
awgn,15.0,0,ack-1f,w,3,3,0,ctl,ok,0,0,17.7,552.1
awgn,15.0,0,w48-64l-r7/12,w48,39,2,1,data,ok,37,37,12.9,552.1
awgn,15.0,0,ack-1f,w,3,3,0,ctl,ok,0,0,18.1,552.1
awgn,15.0,0,w48-64l-r7/12,w48,39,2,1,data,ok,37,37,13.0,552.1
awgn,15.0,0,ack-1f,w,3,3,0,ctl,ok,0,0,18.3,552.1
awgn,15.0,0,w48-64l-r7/12,w48,39,2,1,data,ok,37,37,13.3,552.1
awgn,15.0,0,ack-1f,w,2,2,0,ctl,ok,0,0,17.4,552.1
awgn,15.0,0,w48-64l-r7/12,w48,39,1,0,data,ok,38,38,13.1,552.1
awgn,15.0,0,ack-1f,w,2,2,0,ctl,ok,0,0,17.8,552.1
awgn,15.0,0,w48-64l-r7/12,w48,39,1,0,data,ok,38,38,12.8,552.1
awgn,15.0,0,ack-1f,w,3,3,0,ctl,ok,0,0,18.0,552.1
awgn,15.0,0,w48-64l-r7/12,w48,39,2,1,data,ok,37,37,13.2,552.1
awgn,15.0,0,ack-1f,w,2,2,0,ctl,ok,0,0,17.2,552.1
awgn,15.0,0,w48-64l-r7/12,w48,39,1,0,data,ok,38,38,13.1,552.1
awgn,15.0,0,ack-1f,w,2,2,0,ctl,ok,0,0,19.6,552.1
awgn,15.0,0,w48-64l-r7/12,w48,39,1,0,data,ok,38,38,13.1,552.1
awgn,15.0,0,ack-1f,w,2,2,0,ctl,ok,0,0,18.3,552.1
awgn,15.0,0,w48-64l-r7/12,w48,39,1,0,data,ok,38,35,12.7,552.1
awgn,15.0,0,ack-1f,w,4,4,0,ctl,ok,0,0,17.3,552.1
awgn,15.0,0,w48-64l-r7/12,w48,34,1,0,data,ok,30,30,13.2,552.1
awgn,15.0,0,ack-1f,w,2,2,0,ctl,ok,0,0,17.6,552.1
awgn,15.0,0,w48-64l-r7/12,w48,39,1,0,data,ok,38,38,13.4,552.1
awgn,15.0,0,ack-1f,w,2,2,0,ctl,ok,0,0,18.4,552.1
awgn,15.0,0,w48-64l-r7/12,w48,39,1,0,data,ok,38,38,13.1,552.1
awgn,15.0,0,ack-1f,w,2,2,0,ctl,ok,0,0,18.0,552.1
awgn,15.0,0,w48-64l-r7/12,w48,39,1,0,data,ok,38,37,12.9,552.1
awgn,15.0,0,ack-1f,w,3,3,0,ctl,ok,0,0,17.9,552.1
awgn,15.0,0,w48-64l-r7/12,w48,39,1,0,data,ok,37,36,13.1,552.1
awgn,15.0,0,ack-1f,w,2,2,0,ctl,ok,0,0,18.1,552.1
awgn,15.0,0,w48-64l-r7/12,w48,39,1,0,data,ok,37,36,13.2,552.1
awgn,15.0,0,ack-1f,w,3,3,0,ctl,ok,0,0,18.5,552.1
awgn,15.0,0,w48-64l-r7/12,w48,39,1,0,data,ok,37,37,12.9,552.1
awgn,15.0,0,ack-1f,w,2,2,0,ctl,ok,0,0,18.5,552.1
awgn,15.0,0,w48-64l-r7/12,w48,39,1,0,data,ok,38,38,13.3,552.1
awgn,15.0,0,ack-1f,w,2,2,0,ctl,ok,0,0,18.0,552.1
awgn,15.0,0,w48-64l-r7/12,w48,39,1,0,data,ok,38,38,13.0,552.1
awgn,15.0,0,ack-1f,w,2,2,0,ctl,ok,0,0,17.7,552.1
awgn,15.0,0,w48-64l-r7/12,w48,39,1,0,data,ok,38,38,13.2,552.1
awgn,15.0,0,ack-1f,w,2,2,0,ctl,ok,0,0,17.6,552.1
awgn,15.0,0,w48-64l-r7/12,w48,39,1,0,data,ok,38,38,13.2,552.1
awgn,15.0,0,ack-1f,w,2,2,0,ctl,ok,0,0,18.2,552.1
awgn,15.0,0,w48-64l-r7/12,w48,39,1,0,data,ok,38,38,12.9,552.1
awgn,15.0,0,ack-1f,w,2,2,0,ctl,ok,0,0,17.9,552.1
awgn,15.0,0,w48-64l-r7/12,w48,39,1,0,data,ok,38,38,13.2,552.1
awgn,15.0,0,ack-1f,w,2,2,0,ctl,ok,0,0,18.4,552.1
awgn,15.0,0,w48-64l-r7/12,w48,39,1,0,data,ok,38,38,13.2,552.1
awgn,15.0,0,ack-1f,w,2,2,0,ctl,ok,0,0,17.7,552.1
awgn,15.0,0,w48-64l-r7/12,w48,39,1,0,data,ok,38,38,13.1,552.1
awgn,15.0,0,ack-1f,w,2,2,0,ctl,ok,0,0,18.7,552.1
awgn,15.0,0,w48-64l-r7/12,w48,39,1,0,data,ok,38,38,13.3,552.1
awgn,15.0,0,ack-1f,w,2,2,0,ctl,ok,0,0,17.2,552.1
awgn,15.0,0,w48-64l-r7/12,w48,39,1,0,data,ok,38,38,13.1,552.1
awgn,15.0,0,ack-1f,w,2,2,0,ctl,ok,0,0,18.7,552.1
awgn,15.0,0,w48-64l-r7/12,w48,39,1,0,data,ok,38,38,13.0,552.1
awgn,15.0,0,ack-1f,w,2,2,0,ctl,ok,0,0,17.7,552.1
awgn,15.0,0,w48-64l-r7/12,w48,39,1,0,data,ok,38,38,12.9,552.1
awgn,15.0,0,ack-1f,w,2,2,0,ctl,ok,0,0,18.9,552.1
awgn,15.0,0,w48-64l-r7/12,w48,39,1,0,data,ok,38,38,13.2,552.1
awgn,15.0,0,ack-1f,w,2,2,0,ctl,ok,0,0,17.7,552.1
awgn,15.0,0,w48-64l-r7/12,w48,39,1,0,data,ok,38,38,13.2,552.1
awgn,15.0,0,ack-1f,w,2,2,0,ctl,ok,0,0,18.1,552.1
awgn,15.0,0,w48-64l-r7/12,w48,39,1,0,data,ok,38,37,12.7,552.1
awgn,15.0,0,ack-1f,w,3,3,0,ctl,ok,0,0,18.7,552.1
awgn,15.0,0,w48-64l-r7/12,w48,39,1,0,data,ok,37,37,13.0,552.1
awgn,15.0,0,ack-1f,w,2,2,0,ctl,ok,0,0,17.5,552.1
awgn,15.0,0,w48-64l-r7/12,w48,39,1,0,data,ok,38,38,13.1,552.1
awgn,15.0,0,ack-1f,w,2,2,0,ctl,ok,0,0,17.8,552.1
awgn,15.0,0,w48-64l-r7/12,w48,39,1,0,data,ok,38,38,13.1,552.1
awgn,15.0,0,ack-1f,w,2,2,0,ctl,ok,0,0,18.6,552.1
awgn,15.0,0,w48-64l-r7/12,w48,39,1,0,data,ok,38,38,13.3,552.1
awgn,15.0,0,ack-1f,w,2,2,0,ctl,ok,0,0,18.5,552.1
awgn,15.0,0,w48-64l-r7/12,w48,39,1,0,data,ok,38,38,13.0,552.1
awgn,15.0,0,ack-1f,w,2,2,0,ctl,ok,0,0,19.0,552.1
awgn,15.0,0,w48-64l-r7/12,w48,39,1,0,data,ok,38,38,13.1,552.1
awgn,15.0,0,ack-1f,w,2,2,0,ctl,ok,0,0,18.2,552.1
awgn,15.0,0,w48-64l-r7/12,w48,39,1,0,data,ok,38,38,13.2,552.1
awgn,15.0,0,ack-1f,w,2,2,0,ctl,ok,0,0,18.1,552.1
awgn,15.0,0,w48-64l-r7/12,w48,39,1,0,data,ok,38,38,13.2,552.1
awgn,15.0,0,ack-1f,w,2,2,0,ctl,ok,0,0,17.8,552.1
awgn,15.0,0,w48-64l-r7/12,w48,39,1,0,data,ok,38,38,13.2,552.1
awgn,15.0,0,ack-1f,w,2,2,0,ctl,ok,0,0,17.6,552.1
awgn,15.0,0,w48-64l-r7/12,w48,39,1,0,data,ok,38,38,13.5,552.1
awgn,15.0,7,qpsk-r1/5,w,1,1,0,ctl,ok,0,0,18.0,564.0
awgn,15.0,7,qpsk-r1/5,w,1,1,0,ctl,ok,0,0,18.7,564.0
awgn,15.0,7,ack-4f,w,3,3,0,ctl,ok,0,0,18.3,564.0
awgn,15.0,7,ack-1f,w,3,3,0,ctl,ok,0,0,18.5,564.0
awgn,15.0,7,w48-64l-r7/12,w48,39,2,1,data,ok,37,37,13.3,564.0
awgn,15.0,7,ack-1f,w,3,3,0,ctl,ok,0,0,17.9,564.0
awgn,15.0,7,w48-64l-r7/12,w48,39,2,1,data,ok,37,37,12.9,564.0
awgn,15.0,7,ack-1f,w,3,3,0,ctl,ok,0,0,18.1,564.0
awgn,15.0,7,w48-64l-r7/12,w48,39,2,1,data,ok,37,37,13.0,564.0
awgn,15.0,7,ack-1f,w,3,3,0,ctl,ok,0,0,18.2,564.0
awgn,15.0,7,w48-64l-r7/12,w48,39,2,1,data,ok,37,37,13.2,564.0
awgn,15.0,7,ack-1f,w,3,3,0,ctl,ok,0,0,18.0,564.0
awgn,15.0,7,w48-64l-r7/12,w48,39,2,1,data,ok,37,37,13.0,564.0
awgn,15.0,7,ack-1f,w,3,3,0,ctl,ok,0,0,18.6,564.0
awgn,15.0,7,w48-64l-r7/12,w48,39,2,1,data,ok,37,37,12.9,564.0
awgn,15.0,7,ack-1f,w,3,3,0,ctl,ok,0,0,18.3,564.0
awgn,15.0,7,w48-64l-r7/12,w48,39,2,1,data,ok,37,37,13.2,564.0
awgn,15.0,7,ack-1f,w,2,2,0,ctl,ok,0,0,18.7,564.0
awgn,15.0,7,w48-64l-r7/12,w48,39,1,0,data,ok,38,38,13.1,564.0
awgn,15.0,7,ack-1f,w,2,2,0,ctl,ok,0,0,18.2,564.0
awgn,15.0,7,w48-64l-r7/12,w48,39,1,0,data,ok,38,38,13.2,564.0
awgn,15.0,7,ack-1f,w,2,2,0,ctl,ok,0,0,17.8,564.0
awgn,15.0,7,w48-64l-r7/12,w48,39,1,0,data,ok,38,38,12.8,564.0
awgn,15.0,7,ack-1f,w,2,2,0,ctl,ok,0,0,17.7,564.0
awgn,15.0,7,w48-64l-r7/12,w48,39,1,0,data,ok,38,38,13.0,564.0
awgn,15.0,7,ack-1f,w,2,2,0,ctl,ok,0,0,17.8,564.0
awgn,15.0,7,w48-64l-r7/12,w48,39,1,0,data,ok,38,38,13.2,564.0
awgn,15.0,7,ack-1f,w,2,2,0,ctl,ok,0,0,18.2,564.0
awgn,15.0,7,w48-64l-r7/12,w48,39,1,0,data,ok,38,38,13.3,564.0
awgn,15.0,7,ack-1f,w,2,2,0,ctl,ok,0,0,17.5,564.0
awgn,15.0,7,w48-64l-r7/12,w48,39,1,0,data,ok,38,38,13.1,564.0
awgn,15.0,7,ack-1f,w,2,2,0,ctl,ok,0,0,18.0,564.0
awgn,15.0,7,w48-64l-r7/12,w48,39,1,0,data,ok,38,38,13.2,564.0
awgn,15.0,7,ack-1f,w,2,2,0,ctl,ok,0,0,17.7,564.0
awgn,15.0,7,w48-64l-r7/12,w48,39,1,0,data,ok,38,38,13.2,564.0
awgn,15.0,7,ack-1f,w,2,2,0,ctl,ok,0,0,18.9,564.0
awgn,15.0,7,w48-64l-r7/12,w48,39,1,0,data,ok,38,38,13.1,564.0
awgn,15.0,7,ack-1f,w,2,2,0,ctl,ok,0,0,18.0,564.0
awgn,15.0,7,w48-64l-r7/12,w48,39,1,0,data,ok,38,38,13.2,564.0
awgn,15.0,7,ack-1f,w,2,2,0,ctl,ok,0,0,19.3,564.0
awgn,15.0,7,w48-64l-r7/12,w48,39,1,0,data,ok,38,38,13.2,564.0
awgn,15.0,7,ack-1f,w,2,2,0,ctl,ok,0,0,17.8,564.0
awgn,15.0,7,w48-64l-r7/12,w48,39,1,0,data,ok,38,38,13.3,564.0
awgn,15.0,7,ack-1f,w,2,2,0,ctl,ok,0,0,17.9,564.0
awgn,15.0,7,w48-64l-r7/12,w48,39,1,0,data,ok,38,38,13.2,564.0
awgn,15.0,7,ack-1f,w,2,2,0,ctl,ok,0,0,17.8,564.0
awgn,15.0,7,w48-64l-r7/12,w48,39,1,0,data,ok,38,38,13.3,564.0
awgn,15.0,7,ack-1f,w,2,2,0,ctl,ok,0,0,17.7,564.0
awgn,15.0,7,w48-64l-r7/12,w48,39,1,0,data,ok,38,37,12.9,564.0
awgn,15.0,7,ack-1f,w,4,4,0,ctl,ok,0,0,17.8,564.0
awgn,15.0,7,w48-64l-r7/12,w48,27,1,0,data,ok,25,25,13.2,564.0
awgn,15.0,7,ack-1f,w,2,2,0,ctl,ok,0,0,18.0,564.0
awgn,15.0,7,w48-64l-r7/12,w48,39,1,0,data,ok,38,38,12.9,564.0
awgn,15.0,7,ack-1f,w,2,2,0,ctl,ok,0,0,18.8,564.0
awgn,15.0,7,w48-64l-r7/12,w48,39,1,0,data,ok,38,37,13.0,564.0
awgn,15.0,7,ack-1f,w,3,3,0,ctl,ok,0,0,18.5,564.0
awgn,15.0,7,w48-64l-r7/12,w48,39,1,0,data,ok,37,37,13.4,564.0
awgn,15.0,7,ack-1f,w,2,2,0,ctl,ok,0,0,18.1,564.0
awgn,15.0,7,w48-64l-r7/12,w48,39,1,0,data,ok,38,38,13.2,564.0
awgn,15.0,7,ack-1f,w,2,2,0,ctl,ok,0,0,17.8,564.0
awgn,15.0,7,w48-64l-r7/12,w48,39,1,0,data,ok,38,38,13.4,564.0
awgn,15.0,7,ack-1f,w,2,2,0,ctl,ok,0,0,18.6,564.0
awgn,15.0,7,w48-64l-r7/12,w48,39,1,0,data,ok,38,38,13.1,564.0
awgn,15.0,7,ack-1f,w,2,2,0,ctl,ok,0,0,17.9,564.0
awgn,15.0,7,w48-64l-r7/12,w48,39,1,0,data,ok,38,38,13.2,564.0
awgn,15.0,7,ack-1f,w,2,2,0,ctl,ok,0,0,18.1,564.0
awgn,15.0,7,w48-64l-r7/12,w48,39,1,0,data,ok,38,38,13.1,564.0
awgn,15.0,7,ack-1f,w,2,2,0,ctl,ok,0,0,18.3,564.0
awgn,15.0,7,w48-64l-r7/12,w48,39,1,0,data,ok,38,38,13.3,564.0
awgn,15.0,7,ack-1f,w,2,2,0,ctl,ok,0,0,17.6,564.0
awgn,15.0,7,w48-64l-r7/12,w48,39,1,0,data,ok,38,38,13.3,564.0
awgn,15.0,7,ack-1f,w,2,2,0,ctl,ok,0,0,18.5,564.0
awgn,15.0,7,w48-64l-r7/12,w48,39,1,0,data,ok,38,38,13.3,564.0
awgn,15.0,7,ack-1f,w,2,2,0,ctl,ok,0,0,18.0,564.0
awgn,15.0,7,w48-64l-r7/12,w48,39,1,0,data,ok,38,38,12.9,564.0
awgn,15.0,7,ack-1f,w,2,2,0,ctl,ok,0,0,17.7,564.0
awgn,15.0,7,w48-64l-r7/12,w48,39,1,0,data,ok,38,38,13.1,564.0
awgn,15.0,7,ack-1f,w,2,2,0,ctl,ok,0,0,18.0,564.0
awgn,15.0,7,w48-64l-r7/12,w48,39,1,0,data,ok,38,38,13.0,564.0
awgn,15.0,7,ack-1f,w,2,2,0,ctl,ok,0,0,18.1,564.0
awgn,15.0,7,w48-64l-r7/12,w48,39,1,0,data,ok,38,38,13.2,564.0
awgn,15.0,7,ack-1f,w,2,2,0,ctl,ok,0,0,18.3,564.0
awgn,15.0,7,w48-64l-r7/12,w48,39,1,0,data,ok,38,38,13.3,564.0
awgn,15.0,7,ack-1f,w,2,2,0,ctl,ok,0,0,18.6,564.0
awgn,15.0,7,w48-64l-r7/12,w48,39,1,0,data,ok,38,38,13.0,564.0
awgn,15.0,7,ack-1f,w,2,2,0,ctl,ok,0,0,18.7,564.0
awgn,15.0,7,w48-64l-r7/12,w48,39,1,0,data,ok,38,38,13.1,564.0
awgn,15.0,7,ack-1f,w,2,2,0,ctl,ok,0,0,17.8,564.0
awgn,15.0,7,w48-64l-r7/12,w48,39,1,0,data,ok,38,37,12.8,564.0
awgn,15.0,7,ack-1f,w,3,3,0,ctl,ok,0,0,18.4,564.0
awgn,15.0,7,w48-64l-r7/12,w48,39,1,0,data,ok,37,37,13.3,564.0
awgn,15.0,7,ack-1f,w,2,2,0,ctl,ok,0,0,18.3,564.0
awgn,15.0,7,w48-64l-r7/12,w48,39,1,0,data,ok,38,38,13.2,564.0
mpp,-6.0,0,qpsk-r1/5,w,1,1,0,ctl,ok,0,0,-0.5,11.5
mpp,-6.0,0,qpsk-r1/5,w,1,1,0,ctl,ctl_lost,0,0,-3.3,11.5
mpp,-6.0,0,n4-qpsk-r1/3,n4,1,1,,ctl,missed,0,0,,11.5
mpp,-6.0,0,n4-qpsk-r1/3,n4,1,1,0,ctl,ok,0,0,-3.7,11.5
mpp,-6.0,0,n4-qpsk-r1/3,n4,1,1,0,ctl,ok,0,0,-2.5,11.5
mpp,-6.0,0,ack-4f,w,3,3,0,ctl,ok,0,0,-5.0,11.5
mpp,-6.0,0,ack-4f,w,3,3,0,ctl,ok,0,0,-3.7,11.5
mpp,-6.0,0,fsk32r62-r1/2,c32r62,10,2,1,data,ok,8,8,-2.2,11.5
mpp,-6.0,0,ack-4f,w,2,2,0,ctl,ok,0,0,-2.6,11.5
mpp,-6.0,0,fsk32r62-r1/2,c32r62,9,1,0,data,ok,8,8,-2.7,11.5
mpp,-6.0,0,ack-4f,w,2,2,0,ctl,ok,0,0,-2.6,11.5
mpp,-6.0,0,fsk32r62-r1/2,c32r62,9,1,0,data,ok,8,8,-2.4,11.5
mpp,-6.0,0,ack-4f,w,2,2,0,ctl,ok,0,0,-5.1,11.5
mpp,-6.0,0,fsk32r62-r1/2,c32r62,9,1,0,data,ok,8,8,-2.5,11.5
mpp,-6.0,0,ack-4f,w,2,2,0,ctl,ctl_lost,0,0,-7.0,11.5
mpp,-6.0,0,ack-4f,w,3,3,0,ctl,ok,0,0,-4.3,11.5
mpp,-6.0,0,ack-4f,w,2,2,0,ctl,ok,0,0,-2.4,11.5
mpp,-6.0,0,fsk32r62-r1/2,c32r62,9,1,0,data,ok,8,8,-3.1,11.5
mpp,-6.0,0,n4-ack-8f,n4,2,2,0,ctl,ok,0,0,-3.7,11.5
mpp,-6.0,0,fsk32r62-r1/2,c32r62,9,1,0,data,ok,8,8,-2.4,11.5
mpp,-6.0,0,n10-ack-4f,n10,2,2,0,ctl,ok,0,0,-3.6,11.5
mpp,-6.0,0,fsk32r62-r1/2,c32r62,9,1,0,data,ok,8,8,-2.7,11.5
mpp,-6.0,0,n10-ack-4f,n10,2,2,0,ctl,ok,0,0,-3.4,11.5
mpp,-6.0,0,fsk32r62-r1/2,c32r62,9,1,0,data,ok,8,8,-2.5,11.5
mpp,-6.0,0,n10-ack-4f,n10,2,2,,ctl,missed,0,0,,11.5
mpp,-6.0,0,ack-4f,w,3,3,0,ctl,ok,0,0,-4.3,11.5
mpp,-6.0,0,ack-4f,w,2,2,0,ctl,ok,0,0,-2.9,11.5
mpp,-6.0,0,fsk32r62-r1/2,c32r62,9,1,0,data,ctl_lost,8,8,-2.3,11.5
mpp,-6.0,0,ack-4f,w,3,3,,ctl,missed,0,0,,11.5
mpp,-6.0,0,ack-4f,w,3,3,0,ctl,ok,0,0,-3.8,11.5
mpp,-6.0,0,ack-4f,w,3,3,0,ctl,ok,0,0,-6.5,11.5
mpp,-6.0,0,fsk32r62-r1/2,c32r62,10,2,1,data,ok,8,8,-2.8,11.5
mpp,-6.0,0,n4-ack-8f,n4,3,3,0,ctl,ok,0,0,-3.8,11.5
mpp,-6.0,0,fsk32r62-r1/2,c32r62,10,2,1,data,ok,8,8,-3.5,11.5
mpp,-6.0,0,n10-ack-4f,n10,3,3,0,ctl,ok,0,0,-3.2,11.5
mpp,-6.0,0,fsk32r62-r1/2,c32r62,10,2,1,data,ok,8,8,-2.1,11.5
mpp,-6.0,0,ack-4f,w,2,2,0,ctl,ctl_lost,0,0,-8.4,11.5
mpp,-6.0,0,ack-4f,w,3,3,0,ctl,ok,0,0,-4.0,11.5
mpp,-6.0,0,ack-4f,w,2,2,0,ctl,ok,0,0,-3.5,11.5
mpp,-6.0,0,fsk32r62-r1/2,c32r62,9,1,0,data,ok,8,8,-2.1,11.5
mpp,-6.0,0,n4-ack-8f,n4,2,2,0,ctl,ok,0,0,-7.1,11.5
mpp,-6.0,0,fsk32r62-r1/2,c32r62,9,1,0,data,ok,8,8,-2.3,11.5
mpp,-6.0,0,n10-ack-4f,n10,2,2,0,ctl,ok,0,0,-3.7,11.5
mpp,-6.0,0,fsk32r62-r1/2,c32r62,9,1,0,data,ok,8,8,-1.9,11.5
mpp,-6.0,0,n10-ack-4f,n10,2,2,0,ctl,ok,0,0,-4.1,11.5
mpp,-6.0,0,fsk32r62-r1/2,c32r62,9,1,0,data,ok,8,8,-2.0,11.5
mpp,-6.0,0,n10-ack-4f,n10,2,2,0,ctl,ok,0,0,-4.5,11.5
mpp,-6.0,0,fsk32r62-r1/2,c32r62,9,1,0,data,ok,8,8,-2.6,11.5
awgn,15.0,2,qpsk-r1/5,w,1,1,0,ctl,ok,0,0,17.7,552.9
awgn,15.0,2,qpsk-r1/5,w,1,1,0,ctl,ok,0,0,17.8,552.9
awgn,15.0,2,ack-4f,w,3,3,0,ctl,ok,0,0,17.8,552.9
awgn,15.0,2,ack-1f,w,3,3,0,ctl,ok,0,0,18.3,552.9
awgn,15.0,2,w48-64l-r7/12,w48,39,2,1,data,ok,37,37,13.0,552.9
awgn,15.0,2,ack-1f,w,3,3,0,ctl,ok,0,0,17.6,552.9
awgn,15.0,2,w48-64l-r7/12,w48,39,2,1,data,ok,37,37,13.1,552.9
awgn,15.0,2,ack-1f,w,3,3,0,ctl,ok,0,0,17.7,552.9
awgn,15.0,2,w48-64l-r7/12,w48,39,2,1,data,ok,37,37,13.3,552.9
awgn,15.0,2,ack-1f,w,3,3,0,ctl,ok,0,0,17.6,552.9
awgn,15.0,2,w48-64l-r7/12,w48,39,2,1,data,ok,37,37,13.1,552.9
awgn,15.0,2,ack-1f,w,3,3,0,ctl,ok,0,0,18.1,552.9
awgn,15.0,2,w48-64l-r7/12,w48,39,2,1,data,ok,37,37,12.9,552.9
awgn,15.0,2,ack-1f,w,3,3,0,ctl,ok,0,0,18.0,552.9
awgn,15.0,2,w48-64l-r7/12,w48,39,2,1,data,ok,37,37,13.2,552.9
awgn,15.0,2,ack-1f,w,2,2,0,ctl,ok,0,0,17.8,552.9
awgn,15.0,2,w48-64l-r7/12,w48,39,1,0,data,ok,38,38,13.2,552.9
awgn,15.0,2,ack-1f,w,2,2,0,ctl,ok,0,0,17.2,552.9
awgn,15.0,2,w48-64l-r7/12,w48,39,1,0,data,ok,38,38,12.9,552.9
awgn,15.0,2,ack-1f,w,3,3,0,ctl,ok,0,0,17.8,552.9
awgn,15.0,2,w48-64l-r7/12,w48,39,2,1,data,ok,37,37,12.7,552.9
awgn,15.0,2,ack-1f,w,3,3,0,ctl,ok,0,0,17.7,552.9
awgn,15.0,2,w48-64l-r7/12,w48,39,2,1,data,ok,37,37,13.3,552.9
awgn,15.0,2,ack-1f,w,2,2,0,ctl,ok,0,0,18.7,552.9
awgn,15.0,2,w48-64l-r7/12,w48,39,1,0,data,ok,38,38,13.0,552.9
awgn,15.0,2,ack-1f,w,2,2,0,ctl,ok,0,0,17.9,552.9
awgn,15.0,2,w48-64l-r7/12,w48,39,1,0,data,ok,38,38,13.2,552.9
awgn,15.0,2,ack-1f,w,2,2,0,ctl,ok,0,0,18.3,552.9
awgn,15.0,2,w48-64l-r7/12,w48,39,1,0,data,ok,38,38,13.1,552.9
awgn,15.0,2,ack-1f,w,2,2,0,ctl,ok,0,0,18.0,552.9
awgn,15.0,2,w48-64l-r7/12,w48,39,1,0,data,ok,38,38,13.3,552.9
awgn,15.0,2,ack-1f,w,2,2,0,ctl,ok,0,0,18.2,552.9
awgn,15.0,2,w48-64l-r7/12,w48,39,1,0,data,ok,38,38,13.0,552.9
awgn,15.0,2,ack-1f,w,2,2,0,ctl,ok,0,0,18.9,552.9
awgn,15.0,2,w48-64l-r7/12,w48,39,1,0,data,ok,38,38,13.2,552.9
awgn,15.0,2,ack-1f,w,2,2,0,ctl,ok,0,0,18.6,552.9
awgn,15.0,2,w48-64l-r7/12,w48,39,1,0,data,ok,38,38,13.1,552.9
awgn,15.0,2,ack-1f,w,2,2,0,ctl,ok,0,0,17.9,552.9
awgn,15.0,2,w48-64l-r7/12,w48,39,1,0,data,ok,38,38,13.2,552.9
awgn,15.0,2,ack-1f,w,2,2,0,ctl,ok,0,0,18.0,552.9
awgn,15.0,2,w48-64l-r7/12,w48,39,1,0,data,ok,38,37,12.7,552.9
awgn,15.0,2,ack-1f,w,3,3,0,ctl,ok,0,0,17.9,552.9
awgn,15.0,2,w48-64l-r7/12,w48,39,1,0,data,ok,37,37,13.2,552.9
awgn,15.0,2,ack-1f,w,2,2,0,ctl,ok,0,0,17.8,552.9
awgn,15.0,2,w48-64l-r7/12,w48,39,1,0,data,ok,38,38,13.2,552.9
awgn,15.0,2,ack-1f,w,2,2,0,ctl,ok,0,0,18.3,552.9
awgn,15.0,2,w48-64l-r7/12,w48,39,1,0,data,ok,38,38,12.9,552.9
awgn,15.0,2,ack-1f,w,2,2,0,ctl,ok,0,0,18.3,552.9
awgn,15.0,2,w48-64l-r7/12,w48,39,1,0,data,ok,38,38,13.1,552.9
awgn,15.0,2,ack-1f,w,2,2,0,ctl,ok,0,0,18.1,552.9
awgn,15.0,2,w48-64l-r7/12,w48,39,1,0,data,ok,38,38,13.1,552.9
awgn,15.0,2,ack-1f,w,2,2,0,ctl,ok,0,0,18.8,552.9
awgn,15.0,2,w48-64l-r7/12,w48,39,1,0,data,ok,38,38,13.0,552.9
awgn,15.0,2,ack-1f,w,2,2,0,ctl,ok,0,0,17.9,552.9
awgn,15.0,2,w48-64l-r7/12,w48,39,1,0,data,ok,38,37,12.9,552.9
awgn,15.0,2,ack-1f,w,3,3,0,ctl,ok,0,0,18.6,552.9
awgn,15.0,2,w48-64l-r7/12,w48,39,1,0,data,ok,37,37,13.0,552.9
awgn,15.0,2,ack-1f,w,2,2,0,ctl,ok,0,0,19.6,552.9
awgn,15.0,2,w48-64l-r7/12,w48,39,1,0,data,ok,38,38,13.1,552.9
awgn,15.0,2,ack-1f,w,2,2,0,ctl,ok,0,0,17.7,552.9
awgn,15.0,2,w48-64l-r7/12,w48,39,1,0,data,ok,38,38,13.1,552.9
awgn,15.0,2,ack-1f,w,2,2,0,ctl,ok,0,0,18.4,552.9
awgn,15.0,2,w48-64l-r7/12,w48,39,1,0,data,ok,38,38,13.1,552.9
awgn,15.0,2,ack-1f,w,2,2,0,ctl,ok,0,0,18.9,552.9
awgn,15.0,2,w48-64l-r7/12,w48,39,1,0,data,ok,38,38,13.1,552.9
awgn,15.0,2,ack-1f,w,2,2,0,ctl,ok,0,0,18.4,552.9
awgn,15.0,2,w48-64l-r7/12,w48,39,1,0,data,ok,38,38,13.0,552.9
awgn,15.0,2,ack-1f,w,2,2,0,ctl,ok,0,0,18.4,552.9
awgn,15.0,2,w48-64l-r7/12,w48,39,1,0,data,ok,38,38,13.1,552.9
awgn,15.0,2,ack-1f,w,2,2,0,ctl,ok,0,0,18.1,552.9
awgn,15.0,2,w48-64l-r7/12,w48,39,1,0,data,ok,38,38,13.4,552.9
awgn,15.0,2,ack-1f,w,2,2,0,ctl,ok,0,0,18.5,552.9
awgn,15.0,2,w48-64l-r7/12,w48,39,1,0,data,ok,38,36,12.7,552.9
awgn,15.0,2,ack-1f,w,3,3,0,ctl,ok,0,0,17.8,552.9
awgn,15.0,2,w48-64l-r7/12,w48,39,1,0,data,ok,36,36,13.4,552.9
awgn,15.0,2,ack-1f,w,2,2,0,ctl,ok,0,0,18.8,552.9
awgn,15.0,2,w48-64l-r7/12,w48,39,1,0,data,ok,38,38,13.0,552.9
awgn,15.0,2,ack-1f,w,2,2,0,ctl,ok,0,0,17.6,552.9
awgn,15.0,2,w48-64l-r7/12,w48,39,1,0,data,ok,38,38,13.0,552.9
awgn,15.0,2,ack-1f,w,2,2,0,ctl,ok,0,0,18.4,552.9
awgn,15.0,2,w48-64l-r7/12,w48,39,1,0,data,ok,38,38,13.4,552.9
awgn,15.0,2,ack-1f,w,2,2,0,ctl,ok,0,0,18.7,552.9
awgn,15.0,2,w48-64l-r7/12,w48,39,1,0,data,ok,38,37,12.7,552.9
awgn,15.0,2,ack-1f,w,4,4,0,ctl,ok,0,0,18.2,552.9
awgn,15.0,2,w48-64l-r7/12,w48,36,1,0,data,ok,34,34,13.1,552.9
awgn,15.0,2,ack-1f,w,2,2,0,ctl,ok,0,0,18.3,552.9
awgn,15.0,2,w48-64l-r7/12,w48,39,1,0,data,ok,38,38,13.0,552.9
awgn,15.0,2,ack-1f,w,2,2,0,ctl,ok,0,0,17.3,552.9
awgn,15.0,2,w48-64l-r7/12,w48,39,1,0,data,ok,38,38,12.8,552.9
awgn,15.0,2,ack-1f,w,2,2,0,ctl,ok,0,0,17.4,552.9
awgn,15.0,2,w48-64l-r7/12,w48,39,1,0,data,ok,38,38,12.9,552.9
awgn,15.0,4,qpsk-r1/5,w,1,1,0,ctl,ok,0,0,18.2,542.3
awgn,15.0,4,qpsk-r1/5,w,1,1,0,ctl,ok,0,0,18.0,542.3
awgn,15.0,4,ack-4f,w,3,3,0,ctl,ok,0,0,18.2,542.3
awgn,15.0,4,ack-1f,w,3,3,0,ctl,ok,0,0,17.9,542.3
awgn,15.0,4,w48-64l-r7/12,w48,39,2,1,data,ok,37,37,13.1,542.3
awgn,15.0,4,ack-1f,w,3,3,0,ctl,ok,0,0,18.5,542.3
awgn,15.0,4,w48-64l-r7/12,w48,39,2,1,data,ok,37,37,12.7,542.3
awgn,15.0,4,ack-1f,w,3,3,0,ctl,ok,0,0,18.1,542.3
awgn,15.0,4,w48-64l-r7/12,w48,39,2,1,data,ok,37,37,13.1,542.3
awgn,15.0,4,ack-1f,w,3,3,0,ctl,ok,0,0,17.6,542.3
awgn,15.0,4,w48-64l-r7/12,w48,39,2,1,data,ok,37,37,13.1,542.3
awgn,15.0,4,ack-1f,w,3,3,0,ctl,ok,0,0,18.5,542.3
awgn,15.0,4,w48-64l-r7/12,w48,39,2,1,data,ok,37,36,12.7,542.3
awgn,15.0,4,ack-1f,w,4,4,0,ctl,ok,0,0,17.9,542.3
awgn,15.0,4,w48-64l-r7/12,w48,39,2,1,data,ok,36,36,13.3,542.3
awgn,15.0,4,ack-1f,w,2,2,0,ctl,ok,0,0,17.9,542.3
awgn,15.0,4,w48-64l-r7/12,w48,39,1,0,data,ok,38,38,13.2,542.3
awgn,15.0,4,ack-1f,w,2,2,0,ctl,ok,0,0,17.0,542.3
awgn,15.0,4,w48-64l-r7/12,w48,39,1,0,data,ok,38,37,13.0,542.3
awgn,15.0,4,ack-1f,w,3,3,0,ctl,ok,0,0,17.7,542.3
awgn,15.0,4,w48-64l-r7/12,w48,39,1,0,data,ok,37,37,13.3,542.3
awgn,15.0,4,ack-1f,w,2,2,0,ctl,ok,0,0,17.5,542.3
awgn,15.0,4,w48-64l-r7/12,w48,39,1,0,data,ok,38,38,13.2,542.3
awgn,15.0,4,ack-1f,w,2,2,0,ctl,ok,0,0,18.3,542.3
awgn,15.0,4,w48-64l-r7/12,w48,39,1,0,data,ok,38,38,13.2,542.3
awgn,15.0,4,ack-1f,w,2,2,0,ctl,ok,0,0,18.0,542.3
awgn,15.0,4,w48-64l-r7/12,w48,39,1,0,data,ok,38,38,13.0,542.3
awgn,15.0,4,ack-1f,w,2,2,0,ctl,ok,0,0,17.5,542.3
awgn,15.0,4,w48-64l-r7/12,w48,39,1,0,data,ok,38,38,13.1,542.3
awgn,15.0,4,ack-1f,w,2,2,0,ctl,ok,0,0,17.2,542.3
awgn,15.0,4,w48-64l-r7/12,w48,39,1,0,data,ok,38,38,13.1,542.3
awgn,15.0,4,ack-1f,w,2,2,0,ctl,ok,0,0,17.9,542.3
awgn,15.0,4,w48-64l-r7/12,w48,39,1,0,data,ok,38,38,13.0,542.3
awgn,15.0,4,ack-1f,w,2,2,0,ctl,ok,0,0,18.0,542.3
awgn,15.0,4,w48-64l-r7/12,w48,39,1,0,data,ok,38,38,13.0,542.3
awgn,15.0,4,ack-1f,w,2,2,0,ctl,ok,0,0,17.0,542.3
awgn,15.0,4,w48-64l-r7/12,w48,39,1,0,data,ok,38,38,13.1,542.3
awgn,15.0,4,ack-1f,w,2,2,0,ctl,ok,0,0,17.4,542.3
awgn,15.0,4,w48-64l-r7/12,w48,39,1,0,data,ok,38,38,13.5,542.3
awgn,15.0,4,ack-1f,w,2,2,0,ctl,ok,0,0,18.6,542.3
awgn,15.0,4,w48-64l-r7/12,w48,39,1,0,data,ok,38,38,13.3,542.3
awgn,15.0,4,ack-1f,w,2,2,0,ctl,ok,0,0,18.3,542.3
awgn,15.0,4,w48-64l-r7/12,w48,39,1,0,data,ok,38,38,13.3,542.3
awgn,15.0,4,ack-1f,w,2,2,0,ctl,ok,0,0,18.5,542.3
awgn,15.0,4,w48-64l-r7/12,w48,39,1,0,data,ok,38,38,13.0,542.3
awgn,15.0,4,ack-1f,w,2,2,0,ctl,ok,0,0,18.1,542.3
awgn,15.0,4,w48-64l-r7/12,w48,39,1,0,data,ok,38,38,13.1,542.3
awgn,15.0,4,ack-1f,w,2,2,0,ctl,ok,0,0,18.3,542.3
awgn,15.0,4,w48-64l-r7/12,w48,39,1,0,data,ok,38,38,13.1,542.3
awgn,15.0,4,ack-1f,w,2,2,0,ctl,ok,0,0,17.6,542.3
awgn,15.0,4,w48-64l-r7/12,w48,39,1,0,data,ok,38,38,12.8,542.3
awgn,15.0,4,ack-1f,w,2,2,0,ctl,ok,0,0,18.3,542.3
awgn,15.0,4,w48-64l-r7/12,w48,39,1,0,data,ok,38,38,13.0,542.3
awgn,15.0,4,ack-1f,w,2,2,0,ctl,ok,0,0,17.9,542.3
awgn,15.0,4,w48-64l-r7/12,w48,39,1,0,data,ok,38,38,12.9,542.3
awgn,15.0,4,ack-1f,w,2,2,0,ctl,ok,0,0,18.2,542.3
awgn,15.0,4,w48-64l-r7/12,w48,39,1,0,data,ok,38,38,13.1,542.3
awgn,15.0,4,ack-1f,w,2,2,0,ctl,ok,0,0,17.4,542.3
awgn,15.0,4,w48-64l-r7/12,w48,39,1,0,data,ok,38,38,13.1,542.3
awgn,15.0,4,ack-1f,w,2,2,0,ctl,ok,0,0,17.6,542.3
awgn,15.0,4,w48-64l-r7/12,w48,39,1,0,data,ok,38,38,13.1,542.3
awgn,15.0,4,ack-1f,w,2,2,0,ctl,ok,0,0,17.8,542.3
awgn,15.0,4,w48-64l-r7/12,w48,39,1,0,data,ok,38,38,13.0,542.3
awgn,15.0,4,ack-1f,w,2,2,0,ctl,ok,0,0,17.2,542.3
awgn,15.0,4,w48-64l-r7/12,w48,39,1,0,data,ok,38,38,13.2,542.3
awgn,15.0,4,ack-1f,w,2,2,0,ctl,ok,0,0,17.5,542.3
awgn,15.0,4,w48-64l-r7/12,w48,39,1,0,data,ok,38,38,13.4,542.3
awgn,15.0,4,ack-1f,w,2,2,0,ctl,ok,0,0,18.7,542.3
awgn,15.0,4,w48-64l-r7/12,w48,39,1,0,data,ctl_lost,38,38,13.1,542.3
awgn,15.0,4,ack-4f,w,3,3,0,ctl,ok,0,0,17.9,542.3
awgn,15.0,4,ack-4f,w,3,3,0,ctl,ok,0,0,18.2,542.3
awgn,15.0,4,w48-64l-r7/12,w48,39,2,1,data,ok,37,37,12.9,542.3
awgn,15.0,4,ack-1f,w,2,2,0,ctl,ok,0,0,17.8,542.3
awgn,15.0,4,w48-64l-r7/12,w48,39,1,0,data,ok,38,38,13.1,542.3
awgn,15.0,4,ack-1f,w,2,2,0,ctl,ok,0,0,18.0,542.3
awgn,15.0,4,w48-64l-r7/12,w48,39,1,0,data,ok,38,38,13.3,542.3
awgn,15.0,4,ack-1f,w,2,2,0,ctl,ok,0,0,18.6,542.3
awgn,15.0,4,w48-64l-r7/12,w48,39,1,0,data,ok,38,38,13.4,542.3
awgn,15.0,4,ack-1f,w,2,2,0,ctl,ok,0,0,18.5,542.3
awgn,15.0,4,w48-64l-r7/12,w48,39,1,0,data,ok,38,38,13.4,542.3
awgn,15.0,4,ack-1f,w,2,2,0,ctl,ok,0,0,17.8,542.3
awgn,15.0,4,w48-64l-r7/12,w48,39,1,0,data,ok,38,38,13.1,542.3
awgn,15.0,4,ack-1f,w,2,2,0,ctl,ok,0,0,18.2,542.3
awgn,15.0,4,w48-64l-r7/12,w48,39,1,0,data,ok,38,38,13.0,542.3
awgn,15.0,4,ack-1f,w,2,2,0,ctl,ok,0,0,18.1,542.3
awgn,15.0,4,w48-64l-r7/12,w48,39,1,0,data,ok,38,38,13.0,542.3
awgn,15.0,4,ack-1f,w,2,2,0,ctl,ok,0,0,18.9,542.3
awgn,15.0,4,w48-64l-r7/12,w48,39,1,0,data,ok,38,37,13.1,542.3
awgn,15.0,4,ack-1f,w,3,3,0,ctl,ok,0,0,18.1,542.3
awgn,15.0,4,w48-64l-r7/12,w48,39,1,0,data,ok,37,37,12.8,542.3
awgn,15.0,4,ack-1f,w,2,2,0,ctl,ok,0,0,17.5,542.3
awgn,15.0,4,w48-64l-r7/12,w48,39,1,0,data,ok,38,38,13.2,542.3
awgn,15.0,6,qpsk-r1/5,w,1,1,0,ctl,ok,0,0,18.3,564.8
awgn,15.0,6,qpsk-r1/5,w,1,1,0,ctl,ok,0,0,17.9,564.8
awgn,15.0,6,ack-4f,w,3,3,0,ctl,ok,0,0,17.9,564.8
awgn,15.0,6,ack-1f,w,3,3,0,ctl,ok,0,0,18.3,564.8
awgn,15.0,6,w48-64l-r7/12,w48,39,2,1,data,ok,37,37,13.1,564.8
awgn,15.0,6,ack-1f,w,3,3,0,ctl,ok,0,0,17.8,564.8
awgn,15.0,6,w48-64l-r7/12,w48,39,2,1,data,ok,37,37,13.1,564.8
awgn,15.0,6,ack-1f,w,3,3,0,ctl,ok,0,0,17.8,564.8
awgn,15.0,6,w48-64l-r7/12,w48,39,2,1,data,ok,37,37,12.9,564.8
awgn,15.0,6,ack-1f,w,3,3,0,ctl,ok,0,0,17.8,564.8
awgn,15.0,6,w48-64l-r7/12,w48,39,2,1,data,ok,37,37,13.1,564.8
awgn,15.0,6,ack-1f,w,3,3,0,ctl,ok,0,0,17.8,564.8
awgn,15.0,6,w48-64l-r7/12,w48,39,2,1,data,ok,37,36,13.0,564.8
awgn,15.0,6,ack-1f,w,3,3,0,ctl,ok,0,0,17.7,564.8
awgn,15.0,6,w48-64l-r7/12,w48,39,2,1,data,ok,36,36,13.2,564.8
awgn,15.0,6,ack-1f,w,2,2,0,ctl,ok,0,0,17.2,564.8
awgn,15.0,6,w48-64l-r7/12,w48,39,1,0,data,ok,38,38,12.8,564.8
awgn,15.0,6,ack-1f,w,3,3,0,ctl,ok,0,0,18.1,564.8
awgn,15.0,6,w48-64l-r7/12,w48,39,2,1,data,ok,37,37,13.3,564.8
awgn,15.0,6,ack-1f,w,2,2,0,ctl,ok,0,0,17.4,564.8
awgn,15.0,6,w48-64l-r7/12,w48,39,1,0,data,ok,38,38,13.4,564.8
awgn,15.0,6,ack-1f,w,2,2,0,ctl,ok,0,0,18.3,564.8
awgn,15.0,6,w48-64l-r7/12,w48,39,1,0,data,ok,38,38,13.1,564.8
awgn,15.0,6,ack-1f,w,2,2,0,ctl,ok,0,0,18.2,564.8
awgn,15.0,6,w48-64l-r7/12,w48,39,1,0,data,ok,38,38,13.0,564.8
awgn,15.0,6,ack-1f,w,2,2,0,ctl,ok,0,0,17.9,564.8
awgn,15.0,6,w48-64l-r7/12,w48,39,1,0,data,ok,38,38,13.4,564.8
awgn,15.0,6,ack-1f,w,2,2,0,ctl,ok,0,0,18.8,564.8
awgn,15.0,6,w48-64l-r7/12,w48,39,1,0,data,ok,38,38,13.4,564.8
awgn,15.0,6,ack-1f,w,2,2,0,ctl,ok,0,0,18.6,564.8
awgn,15.0,6,w48-64l-r7/12,w48,39,1,0,data,ok,38,38,13.4,564.8
awgn,15.0,6,ack-1f,w,2,2,0,ctl,ok,0,0,17.5,564.8
awgn,15.0,6,w48-64l-r7/12,w48,39,1,0,data,ok,38,38,13.0,564.8
awgn,15.0,6,ack-1f,w,2,2,0,ctl,ok,0,0,16.8,564.8
awgn,15.0,6,w48-64l-r7/12,w48,39,1,0,data,ok,38,38,13.2,564.8
awgn,15.0,6,ack-1f,w,2,2,0,ctl,ok,0,0,18.6,564.8
awgn,15.0,6,w48-64l-r7/12,w48,39,1,0,data,ok,38,38,13.0,564.8
awgn,15.0,6,ack-1f,w,2,2,0,ctl,ok,0,0,17.8,564.8
awgn,15.0,6,w48-64l-r7/12,w48,39,1,0,data,ok,38,38,13.3,564.8
awgn,15.0,6,ack-1f,w,2,2,0,ctl,ok,0,0,18.3,564.8
awgn,15.0,6,w48-64l-r7/12,w48,39,1,0,data,ok,38,38,13.3,564.8
awgn,15.0,6,ack-1f,w,2,2,0,ctl,ok,0,0,18.1,564.8
awgn,15.0,6,w48-64l-r7/12,w48,39,1,0,data,ok,38,38,13.0,564.8
awgn,15.0,6,ack-1f,w,2,2,0,ctl,ok,0,0,18.5,564.8
awgn,15.0,6,w48-64l-r7/12,w48,39,1,0,data,ok,38,38,13.0,564.8
awgn,15.0,6,ack-1f,w,2,2,0,ctl,ok,0,0,18.8,564.8
awgn,15.0,6,w48-64l-r7/12,w48,39,1,0,data,ok,38,38,13.2,564.8
awgn,15.0,6,ack-1f,w,2,2,0,ctl,ok,0,0,17.6,564.8
awgn,15.0,6,w48-64l-r7/12,w48,39,1,0,data,ok,38,38,13.2,564.8
awgn,15.0,6,ack-1f,w,2,2,0,ctl,ok,0,0,18.2,564.8
awgn,15.0,6,w48-64l-r7/12,w48,39,1,0,data,ok,38,38,13.1,564.8
awgn,15.0,6,ack-1f,w,2,2,0,ctl,ok,0,0,18.0,564.8
awgn,15.0,6,w48-64l-r7/12,w48,39,1,0,data,ok,38,38,13.1,564.8
awgn,15.0,6,ack-1f,w,2,2,0,ctl,ok,0,0,18.0,564.8
awgn,15.0,6,w48-64l-r7/12,w48,39,1,0,data,ok,38,38,13.4,564.8
awgn,15.0,6,ack-1f,w,2,2,0,ctl,ok,0,0,17.9,564.8
awgn,15.0,6,w48-64l-r7/12,w48,39,1,0,data,ok,38,38,13.2,564.8
awgn,15.0,6,ack-1f,w,2,2,0,ctl,ok,0,0,17.7,564.8
awgn,15.0,6,w48-64l-r7/12,w48,39,1,0,data,ok,38,38,13.1,564.8
awgn,15.0,6,ack-1f,w,2,2,0,ctl,ok,0,0,17.8,564.8
awgn,15.0,6,w48-64l-r7/12,w48,39,1,0,data,ok,38,38,13.2,564.8
awgn,15.0,6,ack-1f,w,2,2,0,ctl,ok,0,0,18.4,564.8
awgn,15.0,6,w48-64l-r7/12,w48,39,1,0,data,ok,38,38,13.2,564.8
awgn,15.0,6,ack-1f,w,2,2,0,ctl,ok,0,0,18.1,564.8
awgn,15.0,6,w48-64l-r7/12,w48,39,1,0,data,ok,38,38,13.3,564.8
awgn,15.0,6,ack-1f,w,2,2,0,ctl,ok,0,0,18.1,564.8
awgn,15.0,6,w48-64l-r7/12,w48,39,1,0,data,ok,38,37,13.1,564.8
awgn,15.0,6,ack-1f,w,4,4,0,ctl,ok,0,0,17.7,564.8
awgn,15.0,6,w48-64l-r7/12,w48,29,1,0,data,ok,27,27,13.6,564.8
awgn,15.0,6,ack-1f,w,2,2,0,ctl,ok,0,0,18.3,564.8
awgn,15.0,6,w48-64l-r7/12,w48,39,1,0,data,ok,38,38,12.9,564.8
awgn,15.0,6,ack-1f,w,2,2,0,ctl,ok,0,0,17.3,564.8
awgn,15.0,6,w48-64l-r7/12,w48,39,1,0,data,ok,38,38,13.3,564.8
awgn,15.0,6,ack-1f,w,2,2,0,ctl,ok,0,0,18.6,564.8
awgn,15.0,6,w48-64l-r7/12,w48,39,1,0,data,ok,38,37,13.3,564.8
awgn,15.0,6,ack-1f,w,3,3,0,ctl,ok,0,0,18.9,564.8
awgn,15.0,6,w48-64l-r7/12,w48,39,1,0,data,ok,37,37,13.1,564.8
awgn,15.0,6,ack-1f,w,2,2,0,ctl,ok,0,0,17.6,564.8
awgn,15.0,6,w48-64l-r7/12,w48,39,1,0,data,ok,38,38,12.9,564.8
awgn,15.0,6,ack-1f,w,2,2,0,ctl,ok,0,0,18.0,564.8
awgn,15.0,6,w48-64l-r7/12,w48,39,1,0,data,ok,38,38,13.1,564.8
awgn,15.0,6,ack-1f,w,2,2,0,ctl,ok,0,0,18.9,564.8
awgn,15.0,6,w48-64l-r7/12,w48,39,1,0,data,ok,38,38,13.2,564.8
awgn,15.0,6,ack-1f,w,2,2,0,ctl,ok,0,0,18.3,564.8
awgn,15.0,6,w48-64l-r7/12,w48,39,1,0,data,ok,38,38,13.0,564.8
awgn,15.0,6,ack-1f,w,2,2,0,ctl,ok,0,0,17.3,564.8
awgn,15.0,6,w48-64l-r7/12,w48,39,1,0,data,ok,38,38,12.9,564.8
awgn,15.0,6,ack-1f,w,2,2,0,ctl,ok,0,0,18.0,564.8
awgn,15.0,6,w48-64l-r7/12,w48,39,1,0,data,ok,38,38,13.2,564.8
awgn,15.0,6,ack-1f,w,2,2,0,ctl,ok,0,0,18.0,564.8
awgn,15.0,6,w48-64l-r7/12,w48,39,1,0,data,ok,38,38,12.9,564.8
awgn,15.0,6,ack-1f,w,2,2,0,ctl,ok,0,0,18.7,564.8
awgn,15.0,5,qpsk-r1/5,w,1,1,0,ctl,ok,0,0,17.9,565.2
awgn,15.0,5,qpsk-r1/5,w,1,1,0,ctl,ok,0,0,17.9,565.2
awgn,15.0,5,ack-4f,w,3,3,0,ctl,ok,0,0,17.8,565.2
awgn,15.0,5,ack-1f,w,3,3,0,ctl,ok,0,0,18.5,565.2
awgn,15.0,5,w48-64l-r7/12,w48,39,2,1,data,ok,37,37,13.0,565.2
awgn,15.0,5,ack-1f,w,3,3,0,ctl,ok,0,0,18.4,565.2
awgn,15.0,5,w48-64l-r7/12,w48,39,2,1,data,ok,37,37,13.0,565.2
awgn,15.0,5,ack-1f,w,3,3,0,ctl,ok,0,0,17.8,565.2
awgn,15.0,5,w48-64l-r7/12,w48,39,2,1,data,ok,37,37,13.2,565.2
awgn,15.0,5,ack-1f,w,3,3,0,ctl,ok,0,0,18.9,565.2
awgn,15.0,5,w48-64l-r7/12,w48,39,2,1,data,ok,37,37,13.0,565.2
awgn,15.0,5,ack-1f,w,3,3,0,ctl,ok,0,0,18.7,565.2
awgn,15.0,5,w48-64l-r7/12,w48,39,2,1,data,ok,37,37,13.2,565.2
awgn,15.0,5,ack-1f,w,2,2,0,ctl,ok,0,0,18.4,565.2
awgn,15.0,5,w48-64l-r7/12,w48,39,1,0,data,ok,38,38,13.1,565.2
awgn,15.0,5,ack-1f,w,2,2,0,ctl,ok,0,0,18.8,565.2
awgn,15.0,5,w48-64l-r7/12,w48,39,1,0,data,ok,38,38,13.2,565.2
awgn,15.0,5,ack-1f,w,2,2,0,ctl,ok,0,0,18.2,565.2
awgn,15.0,5,w48-64l-r7/12,w48,39,1,0,data,ok,38,37,12.8,565.2
awgn,15.0,5,ack-1f,w,4,4,0,ctl,ok,0,0,17.8,565.2
awgn,15.0,5,w48-64l-r7/12,w48,39,2,1,data,ok,36,33,12.7,565.2
awgn,15.0,5,ack-1f,w,4,4,0,ctl,ok,0,0,18.7,565.2
awgn,15.0,5,w48-64l-r7/12,w48,33,2,1,data,ok,28,28,13.1,565.2
awgn,15.0,5,ack-1f,w,2,2,0,ctl,ok,0,0,18.1,565.2
awgn,15.0,5,w48-64l-r7/12,w48,39,1,0,data,ok,38,38,12.9,565.2
awgn,15.0,5,ack-1f,w,2,2,0,ctl,ok,0,0,17.5,565.2
awgn,15.0,5,w48-64l-r7/12,w48,39,1,0,data,ok,38,38,13.2,565.2
awgn,15.0,5,ack-1f,w,2,2,0,ctl,ok,0,0,18.1,565.2
awgn,15.0,5,w48-64l-r7/12,w48,39,1,0,data,ok,38,36,12.9,565.2
awgn,15.0,5,ack-1f,w,3,3,0,ctl,ok,0,0,18.5,565.2
awgn,15.0,5,w48-64l-r7/12,w48,39,1,0,data,ok,36,36,13.2,565.2
awgn,15.0,5,ack-1f,w,2,2,0,ctl,ok,0,0,17.2,565.2
awgn,15.0,5,w48-64l-r7/12,w48,39,1,0,data,ok,38,38,13.1,565.2
awgn,15.0,5,ack-1f,w,2,2,0,ctl,ok,0,0,17.9,565.2
awgn,15.0,5,w48-64l-r7/12,w48,39,1,0,data,ok,38,38,13.1,565.2
awgn,15.0,5,ack-1f,w,2,2,0,ctl,ok,0,0,17.1,565.2
awgn,15.0,5,w48-64l-r7/12,w48,39,1,0,data,ok,38,38,13.3,565.2
awgn,15.0,5,ack-1f,w,2,2,0,ctl,ok,0,0,18.2,565.2
awgn,15.0,5,w48-64l-r7/12,w48,39,1,0,data,ok,38,38,13.2,565.2
awgn,15.0,5,ack-1f,w,2,2,0,ctl,ok,0,0,18.2,565.2
awgn,15.0,5,w48-64l-r7/12,w48,39,1,0,data,ok,38,38,13.0,565.2
awgn,15.0,5,ack-1f,w,2,2,0,ctl,ok,0,0,18.4,565.2
awgn,15.0,5,w48-64l-r7/12,w48,39,1,0,data,ok,38,38,13.1,565.2
awgn,15.0,5,ack-1f,w,2,2,0,ctl,ok,0,0,17.5,565.2
awgn,15.0,5,w48-64l-r7/12,w48,39,1,0,data,ok,38,38,13.3,565.2
awgn,15.0,5,ack-1f,w,2,2,0,ctl,ok,0,0,17.6,565.2
awgn,15.0,5,w48-64l-r7/12,w48,39,1,0,data,ok,38,38,12.9,565.2
awgn,15.0,5,ack-1f,w,2,2,0,ctl,ok,0,0,18.7,565.2
awgn,15.0,5,w48-64l-r7/12,w48,39,1,0,data,ok,38,38,13.1,565.2
awgn,15.0,5,ack-1f,w,2,2,0,ctl,ok,0,0,18.1,565.2
awgn,15.0,5,w48-64l-r7/12,w48,39,1,0,data,ok,38,38,13.2,565.2
awgn,15.0,5,ack-1f,w,2,2,0,ctl,ok,0,0,17.3,565.2
awgn,15.0,5,w48-64l-r7/12,w48,39,1,0,data,ok,38,38,13.0,565.2
awgn,15.0,5,ack-1f,w,2,2,0,ctl,ok,0,0,18.3,565.2
awgn,15.0,5,w48-64l-r7/12,w48,39,1,0,data,ok,38,38,13.3,565.2
awgn,15.0,5,ack-1f,w,2,2,0,ctl,ok,0,0,18.0,565.2
awgn,15.0,5,w48-64l-r7/12,w48,39,1,0,data,ok,38,38,13.1,565.2
awgn,15.0,5,ack-1f,w,2,2,0,ctl,ok,0,0,18.5,565.2
awgn,15.0,5,w48-64l-r7/12,w48,39,1,0,data,ok,38,38,13.4,565.2
awgn,15.0,5,ack-1f,w,2,2,0,ctl,ok,0,0,17.3,565.2
awgn,15.0,5,w48-64l-r7/12,w48,39,1,0,data,ok,38,38,13.1,565.2
awgn,15.0,5,ack-1f,w,2,2,0,ctl,ok,0,0,18.2,565.2
awgn,15.0,5,w48-64l-r7/12,w48,39,1,0,data,ok,38,38,13.2,565.2
awgn,15.0,5,ack-1f,w,2,2,0,ctl,ok,0,0,18.1,565.2
awgn,15.0,5,w48-64l-r7/12,w48,39,1,0,data,ok,38,38,13.0,565.2
awgn,15.0,5,ack-1f,w,2,2,0,ctl,ok,0,0,18.4,565.2
awgn,15.0,5,w48-64l-r7/12,w48,39,1,0,data,ok,38,38,13.2,565.2
awgn,15.0,5,ack-1f,w,2,2,0,ctl,ok,0,0,18.3,565.2
awgn,15.0,5,w48-64l-r7/12,w48,39,1,0,data,ok,38,38,12.7,565.2
awgn,15.0,5,ack-1f,w,2,2,0,ctl,ok,0,0,17.6,565.2
awgn,15.0,5,w48-64l-r7/12,w48,39,1,0,data,ok,38,38,13.3,565.2
awgn,15.0,5,ack-1f,w,2,2,0,ctl,ok,0,0,18.6,565.2
awgn,15.0,5,w48-64l-r7/12,w48,39,1,0,data,ok,38,38,13.0,565.2
awgn,15.0,5,ack-1f,w,2,2,0,ctl,ok,0,0,17.9,565.2
awgn,15.0,5,w48-64l-r7/12,w48,39,1,0,data,ok,38,38,13.0,565.2
awgn,15.0,5,ack-1f,w,2,2,0,ctl,ok,0,0,18.5,565.2
awgn,15.0,5,w48-64l-r7/12,w48,39,1,0,data,ok,38,38,13.4,565.2
awgn,15.0,5,ack-1f,w,2,2,0,ctl,ok,0,0,17.0,565.2
awgn,15.0,5,w48-64l-r7/12,w48,39,1,0,data,ok,38,38,12.9,565.2
awgn,15.0,5,ack-1f,w,2,2,0,ctl,ok,0,0,16.8,565.2
awgn,15.0,5,w48-64l-r7/12,w48,39,1,0,data,ok,38,38,13.2,565.2
awgn,15.0,5,ack-1f,w,2,2,0,ctl,ok,0,0,17.1,565.2
awgn,15.0,5,w48-64l-r7/12,w48,39,1,0,data,ok,38,38,13.1,565.2
awgn,15.0,5,ack-1f,w,2,2,0,ctl,ok,0,0,18.8,565.2
awgn,15.0,5,w48-64l-r7/12,w48,39,1,0,data,ok,38,38,13.4,565.2
awgn,15.0,5,ack-1f,w,2,2,0,ctl,ok,0,0,17.8,565.2
awgn,15.0,5,w48-64l-r7/12,w48,39,1,0,data,ok,38,38,13.2,565.2
awgn,15.0,5,ack-1f,w,2,2,0,ctl,ok,0,0,17.9,565.2
awgn,15.0,5,w48-64l-r7/12,w48,39,1,0,data,ok,38,38,13.0,565.2
awgn,15.0,5,ack-1f,w,2,2,0,ctl,ok,0,0,17.2,565.2
awgn,15.0,5,w48-64l-r7/12,w48,39,1,0,data,ok,38,38,13.3,565.2
awgn,15.0,5,ack-1f,w,2,2,0,ctl,ok,0,0,17.8,565.2
mpp,-6.0,1,qpsk-r1/5,w,1,1,0,ctl,ok,0,0,-1.1,12.8
mpp,-6.0,1,qpsk-r1/5,w,1,1,0,ctl,ok,0,0,-2.1,12.8
mpp,-6.0,1,ack-4f,w,3,3,0,ctl,ok,0,0,-4.4,12.8
mpp,-6.0,1,ack-4f,w,3,3,0,ctl,ok,0,0,-3.2,12.8
mpp,-6.0,1,fsk32r62-r1/2,c32r62,10,2,1,data,ok,8,8,-2.8,12.8
mpp,-6.0,1,ack-4f,w,2,2,,ctl,missed,0,0,,12.8
mpp,-6.0,1,ack-4f,w,3,3,0,ctl,ok,0,0,-1.5,12.8
mpp,-6.0,1,ack-4f,w,2,2,0,ctl,ok,0,0,-3.7,12.8
mpp,-6.0,1,fsk32r62-r1/2,c32r62,9,1,0,data,ok,8,8,-3.0,12.8
mpp,-6.0,1,ack-4f,w,2,2,0,ctl,ok,0,0,-0.8,12.8
mpp,-6.0,1,fsk32r62-r1/2,c32r62,9,1,0,data,ok,8,8,-3.0,12.8
mpp,-6.0,1,ack-4f,w,2,2,0,ctl,ok,0,0,-4.2,12.8
mpp,-6.0,1,fsk32r62-r1/2,c32r62,9,1,0,data,ok,8,8,-2.9,12.8
mpp,-6.0,1,ack-4f,w,2,2,0,ctl,ok,0,0,-4.6,12.8
mpp,-6.0,1,fsk32r62-r1/2,c32r62,9,1,0,data,ok,8,8,-2.6,12.8
mpp,-6.0,1,ack-4f,w,2,2,0,ctl,ok,0,0,-1.0,12.8
mpp,-6.0,1,fsk32r62-r1/2,c32r62,9,1,0,data,ok,8,8,-2.8,12.8
mpp,-6.0,1,ack-4f,w,2,2,0,ctl,ok,0,0,-6.1,12.8
mpp,-6.0,1,fsk32r62-r1/2,c32r62,9,1,0,data,ok,8,8,-2.6,12.8
mpp,-6.0,1,ack-4f,w,2,2,,ctl,missed,0,0,,12.8
mpp,-6.0,1,ack-4f,w,3,3,0,ctl,ok,0,0,-4.4,12.8
mpp,-6.0,1,ack-4f,w,2,2,0,ctl,ok,0,0,-1.4,12.8
mpp,-6.0,1,fsk32r62-r1/2,c32r62,9,1,0,data,ok,8,8,-3.3,12.8
mpp,-6.0,1,ack-4f,w,2,2,0,ctl,ok,0,0,-0.9,12.8
mpp,-6.0,1,fsk32r62-r1/2,c32r62,9,1,0,data,ok,8,7,-2.8,12.8
mpp,-6.0,1,ack-4f,w,3,3,0,ctl,ok,0,0,-8.1,12.8
mpp,-6.0,1,fsk32r62-r1/2,c32r62,9,1,0,data,ok,7,7,-2.2,12.8
mpp,-6.0,1,ack-4f,w,2,2,0,ctl,ok,0,0,-3.9,12.8
mpp,-6.0,1,fsk32r62-r1/2,c32r62,9,1,0,data,ok,8,8,-2.3,12.8
mpp,-6.0,1,ack-4f,w,2,2,,ctl,missed,0,0,,12.8
mpp,-6.0,1,ack-4f,w,3,3,0,ctl,ctl_lost,0,0,-8.1,12.8
mpp,-6.0,1,ack-4f,w,3,3,0,ctl,ctl_lost,0,0,-5.8,12.8
mpp,-6.0,1,ack-4f,w,3,3,0,ctl,ok,0,0,-2.3,12.8
mpp,-6.0,1,ack-4f,w,2,2,0,ctl,ok,0,0,-2.4,12.8
mpp,-6.0,1,fsk32r62-r1/2,c32r62,9,1,0,data,ok,8,8,-2.8,12.8
mpp,-6.0,1,ack-4f,w,2,2,0,ctl,ok,0,0,-2.0,12.8
mpp,-6.0,1,fsk32r62-r1/2,c32r62,9,1,0,data,ok,8,7,-3.0,12.8
mpp,-6.0,1,ack-4f,w,3,3,0,ctl,ok,0,0,-2.7,12.8
mpp,-6.0,1,fsk32r62-r1/2,c32r62,9,1,0,data,ok,7,7,-2.9,12.8
mpp,-6.0,1,ack-4f,w,2,2,0,ctl,ok,0,0,-1.9,12.8
mpp,-6.0,1,fsk32r62-r1/2,c32r62,9,1,0,data,ok,8,8,-2.5,12.8
mpp,-6.0,1,ack-4f,w,2,2,0,ctl,ok,0,0,-0.7,12.8
mpp,-6.0,1,fsk32r62-r1/2,c32r62,9,1,0,data,ok,8,8,-2.7,12.8
mpp,-6.0,1,ack-4f,w,2,2,0,ctl,ok,0,0,-2.1,12.8
mpp,-6.0,1,fsk32r62-r1/2,c32r62,9,1,0,data,ok,8,8,-2.7,12.8
mpp,-6.0,1,ack-4f,w,2,2,0,ctl,ok,0,0,-2.8,12.8
mpp,-6.0,1,fsk32r62-r1/2,c32r62,9,1,0,data,ok,8,8,-3.2,12.8
awgn,15.0,9,qpsk-r1/5,w,1,1,0,ctl,ok,0,0,18.1,561.4
awgn,15.0,9,qpsk-r1/5,w,1,1,0,ctl,ok,0,0,17.7,561.4
awgn,15.0,9,ack-4f,w,3,3,0,ctl,ok,0,0,18.2,561.4
awgn,15.0,9,ack-1f,w,3,3,0,ctl,ok,0,0,18.1,561.4
awgn,15.0,9,w48-64l-r7/12,w48,39,2,1,data,ok,37,37,12.9,561.4
awgn,15.0,9,ack-1f,w,3,3,0,ctl,ok,0,0,17.3,561.4
awgn,15.0,9,w48-64l-r7/12,w48,39,2,1,data,ok,37,36,13.2,561.4
awgn,15.0,9,ack-1f,w,3,3,0,ctl,ok,0,0,17.6,561.4
awgn,15.0,9,w48-64l-r7/12,w48,39,2,1,data,ok,36,36,13.1,561.4
awgn,15.0,9,ack-1f,w,3,3,0,ctl,ok,0,0,17.3,561.4
awgn,15.0,9,w48-64l-r7/12,w48,39,2,1,data,ok,37,37,13.2,561.4
awgn,15.0,9,ack-1f,w,3,3,0,ctl,ok,0,0,17.8,561.4
awgn,15.0,9,w48-64l-r7/12,w48,39,2,1,data,ok,37,37,13.1,561.4
awgn,15.0,9,ack-1f,w,3,3,0,ctl,ok,0,0,18.6,561.4
awgn,15.0,9,w48-64l-r7/12,w48,39,2,1,data,ok,37,37,13.1,561.4
awgn,15.0,9,ack-1f,w,3,3,0,ctl,ok,0,0,17.9,561.4
awgn,15.0,9,w48-64l-r7/12,w48,39,2,1,data,ok,37,37,13.2,561.4
awgn,15.0,9,ack-1f,w,2,2,0,ctl,ok,0,0,17.8,561.4
awgn,15.0,9,w48-64l-r7/12,w48,39,1,0,data,ok,38,38,13.3,561.4
awgn,15.0,9,ack-1f,w,2,2,0,ctl,ok,0,0,17.4,561.4
awgn,15.0,9,w48-64l-r7/12,w48,39,1,0,data,ok,38,38,13.4,561.4
awgn,15.0,9,ack-1f,w,2,2,0,ctl,ok,0,0,18.8,561.4
awgn,15.0,9,w48-64l-r7/12,w48,39,1,0,data,ok,38,38,13.0,561.4
awgn,15.0,9,ack-1f,w,2,2,0,ctl,ok,0,0,17.2,561.4
awgn,15.0,9,w48-64l-r7/12,w48,39,1,0,data,ok,38,37,13.0,561.4
awgn,15.0,9,ack-1f,w,4,4,0,ctl,ok,0,0,18.0,561.4
awgn,15.0,9,w48-64l-r7/12,w48,32,1,0,data,ok,30,29,12.7,561.4
awgn,15.0,9,ack-1f,w,4,4,0,ctl,ok,0,0,17.2,561.4
awgn,15.0,9,w48-64l-r7/12,w48,39,2,1,data,ok,36,36,13.1,561.4
awgn,15.0,9,ack-1f,w,2,2,0,ctl,ok,0,0,18.7,561.4
awgn,15.0,9,w48-64l-r7/12,w48,39,1,0,data,ok,38,38,13.0,561.4
awgn,15.0,9,ack-1f,w,2,2,0,ctl,ok,0,0,17.8,561.4
awgn,15.0,9,w48-64l-r7/12,w48,39,1,0,data,ok,38,38,13.2,561.4
awgn,15.0,9,ack-1f,w,2,2,0,ctl,ok,0,0,18.6,561.4
awgn,15.0,9,w48-64l-r7/12,w48,39,1,0,data,ok,38,38,13.0,561.4
awgn,15.0,9,ack-1f,w,2,2,0,ctl,ok,0,0,17.8,561.4
awgn,15.0,9,w48-64l-r7/12,w48,39,1,0,data,ok,38,38,13.0,561.4
awgn,15.0,9,ack-1f,w,2,2,0,ctl,ok,0,0,17.7,561.4
awgn,15.0,9,w48-64l-r7/12,w48,39,1,0,data,ok,38,38,13.2,561.4
awgn,15.0,9,ack-1f,w,2,2,0,ctl,ok,0,0,18.8,561.4
awgn,15.0,9,w48-64l-r7/12,w48,39,1,0,data,ok,38,38,13.3,561.4
awgn,15.0,9,ack-1f,w,2,2,0,ctl,ok,0,0,18.3,561.4
awgn,15.0,9,w48-64l-r7/12,w48,39,1,0,data,ok,38,38,13.2,561.4
awgn,15.0,9,ack-1f,w,2,2,0,ctl,ok,0,0,18.0,561.4
awgn,15.0,9,w48-64l-r7/12,w48,39,1,0,data,ok,38,38,13.2,561.4
awgn,15.0,9,ack-1f,w,2,2,0,ctl,ok,0,0,17.9,561.4
awgn,15.0,9,w48-64l-r7/12,w48,39,1,0,data,ok,38,38,13.2,561.4
awgn,15.0,9,ack-1f,w,2,2,0,ctl,ok,0,0,18.0,561.4
awgn,15.0,9,w48-64l-r7/12,w48,39,1,0,data,ok,38,36,13.0,561.4
awgn,15.0,9,ack-1f,w,3,3,0,ctl,ok,0,0,17.9,561.4
awgn,15.0,9,w48-64l-r7/12,w48,39,1,0,data,ok,36,36,13.3,561.4
awgn,15.0,9,ack-1f,w,2,2,0,ctl,ok,0,0,17.9,561.4
awgn,15.0,9,w48-64l-r7/12,w48,39,1,0,data,ok,38,38,13.1,561.4
awgn,15.0,9,ack-1f,w,2,2,0,ctl,ok,0,0,18.7,561.4
awgn,15.0,9,w48-64l-r7/12,w48,39,1,0,data,ok,38,37,12.8,561.4
awgn,15.0,9,ack-1f,w,3,3,0,ctl,ok,0,0,18.8,561.4
awgn,15.0,9,w48-64l-r7/12,w48,39,1,0,data,ok,37,37,12.8,561.4
awgn,15.0,9,ack-1f,w,2,2,0,ctl,ok,0,0,17.9,561.4
awgn,15.0,9,w48-64l-r7/12,w48,39,1,0,data,ok,38,38,13.1,561.4
awgn,15.0,9,ack-1f,w,2,2,0,ctl,ok,0,0,18.3,561.4
awgn,15.0,9,w48-64l-r7/12,w48,39,1,0,data,ok,38,37,13.0,561.4
awgn,15.0,9,ack-1f,w,4,4,0,ctl,ok,0,0,18.1,561.4
awgn,15.0,9,w48-64l-r7/12,w48,32,1,0,data,ok,30,29,13.1,561.4
awgn,15.0,9,ack-1f,w,3,3,0,ctl,ok,0,0,17.9,561.4
awgn,15.0,9,w48-64l-r7/12,w48,39,1,0,data,ok,37,37,13.5,561.4
awgn,15.0,9,ack-1f,w,2,2,0,ctl,ok,0,0,18.5,561.4
awgn,15.0,9,w48-64l-r7/12,w48,39,1,0,data,ok,38,38,13.1,561.4
awgn,15.0,9,ack-1f,w,2,2,0,ctl,ok,0,0,17.9,561.4
awgn,15.0,9,w48-64l-r7/12,w48,39,1,0,data,ok,38,38,13.1,561.4
awgn,15.0,9,ack-1f,w,2,2,0,ctl,ok,0,0,17.8,561.4
awgn,15.0,9,w48-64l-r7/12,w48,39,1,0,data,ok,38,38,13.3,561.4
awgn,15.0,9,ack-1f,w,2,2,0,ctl,ok,0,0,18.0,561.4
awgn,15.0,9,w48-64l-r7/12,w48,39,1,0,data,ok,38,38,13.2,561.4
awgn,15.0,9,ack-1f,w,2,2,0,ctl,ok,0,0,17.8,561.4
awgn,15.0,9,w48-64l-r7/12,w48,39,1,0,data,ok,38,38,13.1,561.4
awgn,15.0,9,ack-1f,w,2,2,0,ctl,ok,0,0,17.2,561.4
awgn,15.0,9,w48-64l-r7/12,w48,39,1,0,data,ok,38,38,13.1,561.4
awgn,15.0,9,ack-1f,w,2,2,0,ctl,ok,0,0,19.1,561.4
awgn,15.0,9,w48-64l-r7/12,w48,39,1,0,data,ok,38,38,12.9,561.4
awgn,15.0,9,ack-1f,w,2,2,0,ctl,ok,0,0,18.4,561.4
awgn,15.0,9,w48-64l-r7/12,w48,39,1,0,data,ok,38,38,13.3,561.4
awgn,15.0,9,ack-1f,w,2,2,0,ctl,ok,0,0,17.4,561.4
awgn,15.0,9,w48-64l-r7/12,w48,39,1,0,data,ok,38,38,13.0,561.4
awgn,15.0,9,ack-1f,w,2,2,0,ctl,ok,0,0,17.1,561.4
awgn,15.0,9,w48-64l-r7/12,w48,39,1,0,data,ok,38,38,13.2,561.4
awgn,15.0,9,ack-1f,w,2,2,0,ctl,ok,0,0,17.1,561.4
awgn,15.0,9,w48-64l-r7/12,w48,39,1,0,data,ok,38,38,13.2,561.4
awgn,15.0,9,ack-1f,w,2,2,0,ctl,ok,0,0,18.5,561.4
awgn,15.0,9,w48-64l-r7/12,w48,39,1,0,data,ok,38,38,13.0,561.4
awgn,15.0,9,ack-1f,w,2,2,0,ctl,ok,0,0,17.8,561.4
awgn,15.0,9,w48-64l-r7/12,w48,39,1,0,data,ok,38,38,13.1,561.4
awgn,15.0,9,ack-1f,w,2,2,0,ctl,ok,0,0,17.3,561.4
awgn,15.0,9,w48-64l-r7/12,w48,39,1,0,data,ok,38,38,13.0,561.4
awgn,15.0,8,qpsk-r1/5,w,1,1,0,ctl,ok,0,0,17.9,563.5
awgn,15.0,8,qpsk-r1/5,w,1,1,0,ctl,ok,0,0,18.3,563.5
awgn,15.0,8,ack-4f,w,3,3,0,ctl,ok,0,0,17.9,563.5
awgn,15.0,8,ack-1f,w,3,3,0,ctl,ok,0,0,18.2,563.5
awgn,15.0,8,w48-64l-r7/12,w48,39,2,1,data,ok,37,36,12.8,563.5
awgn,15.0,8,ack-1f,w,4,4,0,ctl,ok,0,0,18.1,563.5
awgn,15.0,8,w48-64l-r7/12,w48,39,2,1,data,ok,36,36,13.0,563.5
awgn,15.0,8,ack-1f,w,3,3,0,ctl,ok,0,0,17.8,563.5
awgn,15.0,8,w48-64l-r7/12,w48,39,2,1,data,ok,37,37,13.2,563.5
awgn,15.0,8,ack-1f,w,3,3,0,ctl,ok,0,0,18.2,563.5
awgn,15.0,8,w48-64l-r7/12,w48,39,2,1,data,ok,37,37,13.2,563.5
awgn,15.0,8,ack-1f,w,3,3,0,ctl,ok,0,0,18.6,563.5
awgn,15.0,8,w48-64l-r7/12,w48,39,2,1,data,ok,37,37,13.1,563.5
awgn,15.0,8,ack-1f,w,3,3,0,ctl,ok,0,0,18.1,563.5
awgn,15.0,8,w48-64l-r7/12,w48,39,2,1,data,ok,37,37,13.2,563.5
awgn,15.0,8,ack-1f,w,2,2,0,ctl,ok,0,0,18.7,563.5
awgn,15.0,8,w48-64l-r7/12,w48,39,1,0,data,ok,38,38,13.1,563.5
awgn,15.0,8,ack-1f,w,2,2,0,ctl,ok,0,0,17.9,563.5
awgn,15.0,8,w48-64l-r7/12,w48,39,1,0,data,ok,38,37,13.0,563.5
awgn,15.0,8,ack-1f,w,4,4,0,ctl,ok,0,0,17.6,563.5
awgn,15.0,8,w48-64l-r7/12,w48,29,1,0,data,ok,27,27,13.4,563.5
awgn,15.0,8,ack-1f,w,2,2,0,ctl,ok,0,0,18.1,563.5
awgn,15.0,8,w48-64l-r7/12,w48,39,1,0,data,ok,38,38,13.1,563.5
awgn,15.0,8,ack-1f,w,2,2,0,ctl,ok,0,0,18.0,563.5
awgn,15.0,8,w48-64l-r7/12,w48,39,1,0,data,ok,38,38,13.1,563.5
awgn,15.0,8,ack-1f,w,2,2,0,ctl,ok,0,0,18.3,563.5
awgn,15.0,8,w48-64l-r7/12,w48,39,1,0,data,ok,38,37,12.9,563.5
awgn,15.0,8,ack-1f,w,3,3,0,ctl,ok,0,0,18.3,563.5
awgn,15.0,8,w48-64l-r7/12,w48,39,1,0,data,ok,37,37,13.4,563.5
awgn,15.0,8,ack-1f,w,2,2,0,ctl,ok,0,0,18.7,563.5
awgn,15.0,8,w48-64l-r7/12,w48,39,1,0,data,ok,38,38,13.0,563.5
awgn,15.0,8,ack-1f,w,2,2,0,ctl,ok,0,0,18.0,563.5
awgn,15.0,8,w48-64l-r7/12,w48,39,1,0,data,ok,38,38,13.1,563.5
awgn,15.0,8,ack-1f,w,2,2,0,ctl,ok,0,0,17.6,563.5
awgn,15.0,8,w48-64l-r7/12,w48,39,1,0,data,ok,38,38,12.9,563.5
awgn,15.0,8,ack-1f,w,2,2,0,ctl,ok,0,0,18.2,563.5
awgn,15.0,8,w48-64l-r7/12,w48,39,1,0,data,ok,38,38,13.2,563.5
awgn,15.0,8,ack-1f,w,2,2,0,ctl,ok,0,0,17.5,563.5
awgn,15.0,8,w48-64l-r7/12,w48,39,1,0,data,ok,38,38,13.1,563.5
awgn,15.0,8,ack-1f,w,2,2,0,ctl,ok,0,0,17.8,563.5
awgn,15.0,8,w48-64l-r7/12,w48,39,1,0,data,ok,38,38,13.3,563.5
awgn,15.0,8,ack-1f,w,2,2,0,ctl,ok,0,0,18.7,563.5
awgn,15.0,8,w48-64l-r7/12,w48,39,1,0,data,ok,38,38,13.0,563.5
awgn,15.0,8,ack-1f,w,2,2,0,ctl,ok,0,0,17.0,563.5
awgn,15.0,8,w48-64l-r7/12,w48,39,1,0,data,ok,38,37,12.9,563.5
awgn,15.0,8,ack-1f,w,3,3,0,ctl,ok,0,0,18.2,563.5
awgn,15.0,8,w48-64l-r7/12,w48,39,1,0,data,ok,37,37,13.1,563.5
awgn,15.0,8,ack-1f,w,2,2,0,ctl,ok,0,0,18.3,563.5
awgn,15.0,8,w48-64l-r7/12,w48,39,1,0,data,ok,38,38,13.0,563.5
awgn,15.0,8,ack-1f,w,2,2,0,ctl,ok,0,0,18.1,563.5
awgn,15.0,8,w48-64l-r7/12,w48,39,1,0,data,ok,38,38,13.3,563.5
awgn,15.0,8,ack-1f,w,2,2,0,ctl,ok,0,0,17.4,563.5
awgn,15.0,8,w48-64l-r7/12,w48,39,1,0,data,ok,38,38,13.1,563.5
awgn,15.0,8,ack-1f,w,2,2,0,ctl,ok,0,0,17.4,563.5
awgn,15.0,8,w48-64l-r7/12,w48,39,1,0,data,ok,38,38,13.1,563.5
awgn,15.0,8,ack-1f,w,2,2,0,ctl,ok,0,0,19.0,563.5
awgn,15.0,8,w48-64l-r7/12,w48,39,1,0,data,ok,38,38,13.4,563.5
awgn,15.0,8,ack-1f,w,2,2,0,ctl,ok,0,0,18.4,563.5
awgn,15.0,8,w48-64l-r7/12,w48,39,1,0,data,ok,38,38,13.1,563.5
awgn,15.0,8,ack-1f,w,2,2,0,ctl,ok,0,0,17.1,563.5
awgn,15.0,8,w48-64l-r7/12,w48,39,1,0,data,ok,38,38,13.3,563.5
awgn,15.0,8,ack-1f,w,2,2,0,ctl,ok,0,0,17.8,563.5
awgn,15.0,8,w48-64l-r7/12,w48,39,1,0,data,ok,38,37,12.8,563.5
awgn,15.0,8,ack-1f,w,3,3,0,ctl,ok,0,0,18.3,563.5
awgn,15.0,8,w48-64l-r7/12,w48,39,1,0,data,ok,37,37,13.3,563.5
awgn,15.0,8,ack-1f,w,2,2,0,ctl,ok,0,0,18.3,563.5
awgn,15.0,8,w48-64l-r7/12,w48,39,1,0,data,ok,38,38,12.9,563.5
awgn,15.0,8,ack-1f,w,2,2,0,ctl,ok,0,0,18.1,563.5
awgn,15.0,8,w48-64l-r7/12,w48,39,1,0,data,ok,38,37,13.0,563.5
awgn,15.0,8,ack-1f,w,3,3,0,ctl,ok,0,0,17.5,563.5
awgn,15.0,8,w48-64l-r7/12,w48,39,1,0,data,ok,37,37,13.3,563.5
awgn,15.0,8,ack-1f,w,2,2,0,ctl,ok,0,0,17.5,563.5
awgn,15.0,8,w48-64l-r7/12,w48,39,1,0,data,ok,38,38,13.0,563.5
awgn,15.0,8,ack-1f,w,2,2,0,ctl,ok,0,0,18.0,563.5
awgn,15.0,8,w48-64l-r7/12,w48,39,1,0,data,ok,38,38,12.8,563.5
awgn,15.0,8,ack-1f,w,2,2,0,ctl,ok,0,0,18.1,563.5
awgn,15.0,8,w48-64l-r7/12,w48,39,1,0,data,ok,38,38,13.1,563.5
awgn,15.0,8,ack-1f,w,2,2,0,ctl,ok,0,0,17.4,563.5
awgn,15.0,8,w48-64l-r7/12,w48,39,1,0,data,ok,38,38,13.3,563.5
awgn,15.0,8,ack-1f,w,2,2,0,ctl,ok,0,0,17.5,563.5
awgn,15.0,8,w48-64l-r7/12,w48,39,1,0,data,ok,38,38,13.2,563.5
awgn,15.0,8,ack-1f,w,2,2,0,ctl,ok,0,0,18.2,563.5
awgn,15.0,8,w48-64l-r7/12,w48,39,1,0,data,ok,38,38,13.1,563.5
awgn,15.0,8,ack-1f,w,2,2,0,ctl,ok,0,0,18.3,563.5
awgn,15.0,8,w48-64l-r7/12,w48,39,1,0,data,ok,38,38,13.2,563.5
awgn,15.0,8,ack-1f,w,2,2,0,ctl,ok,0,0,18.4,563.5
awgn,15.0,8,w48-64l-r7/12,w48,39,1,0,data,ok,38,37,13.2,563.5
awgn,15.0,8,ack-1f,w,3,3,0,ctl,ok,0,0,18.7,563.5
awgn,15.0,8,w48-64l-r7/12,w48,39,1,0,data,ok,37,37,13.3,563.5
awgn,15.0,8,ack-1f,w,2,2,0,ctl,ok,0,0,18.6,563.5
awgn,15.0,8,w48-64l-r7/12,w48,39,1,0,data,ok,38,38,13.3,563.5
awgn,15.0,8,ack-1f,w,2,2,0,ctl,ok,0,0,18.8,563.5
awgn,15.0,3,qpsk-r1/5,w,1,1,0,ctl,ok,0,0,17.8,521.5
awgn,15.0,3,qpsk-r1/5,w,1,1,0,ctl,ok,0,0,18.0,521.5
awgn,15.0,3,ack-4f,w,3,3,0,ctl,ok,0,0,17.8,521.5
awgn,15.0,3,ack-1f,w,3,3,0,ctl,ok,0,0,18.2,521.5
awgn,15.0,3,w48-64l-r7/12,w48,39,2,1,data,ok,37,37,13.3,521.5
awgn,15.0,3,ack-1f,w,3,3,0,ctl,ok,0,0,17.2,521.5
awgn,15.0,3,w48-64l-r7/12,w48,39,2,1,data,ok,37,37,13.1,521.5
awgn,15.0,3,ack-1f,w,3,3,0,ctl,ok,0,0,18.1,521.5
awgn,15.0,3,w48-64l-r7/12,w48,39,2,1,data,ok,37,37,12.9,521.5
awgn,15.0,3,ack-1f,w,3,3,0,ctl,ok,0,0,17.7,521.5
awgn,15.0,3,w48-64l-r7/12,w48,39,2,1,data,ok,37,37,12.9,521.5
awgn,15.0,3,ack-1f,w,3,3,0,ctl,ok,0,0,17.6,521.5
awgn,15.0,3,w48-64l-r7/12,w48,39,2,1,data,ok,37,36,13.1,521.5
awgn,15.0,3,ack-1f,w,4,4,0,ctl,ok,0,0,18.2,521.5
awgn,15.0,3,w48-64l-r7/12,w48,39,2,1,data,ok,36,36,13.1,521.5
awgn,15.0,3,ack-1f,w,3,3,0,ctl,ok,0,0,18.8,521.5
awgn,15.0,3,w48-64l-r7/12,w48,39,2,1,data,ok,37,37,13.1,521.5
awgn,15.0,3,ack-1f,w,2,2,0,ctl,ok,0,0,17.4,521.5
awgn,15.0,3,w48-64l-r7/12,w48,39,1,0,data,ok,38,37,13.1,521.5
awgn,15.0,3,ack-1f,w,4,4,0,ctl,ok,0,0,18.1,521.5
awgn,15.0,3,w48-64l-r7/12,w48,33,1,0,data,ctl_lost,31,30,12.7,521.5
awgn,15.0,3,ack-4f,w,3,3,0,ctl,ok,0,0,17.7,521.5
awgn,15.0,3,ack-4f,w,4,4,0,ctl,ok,0,0,18.0,521.5
awgn,15.0,3,w48-64l-r7/12,w48,34,2,1,data,ok,31,31,13.0,521.5
awgn,15.0,3,ack-1f,w,3,3,0,ctl,ok,0,0,17.8,521.5
awgn,15.0,3,w48-64l-r7/12,w48,39,2,1,data,ok,37,35,12.7,521.5
awgn,15.0,3,ack-1f,w,4,4,0,ctl,ok,0,0,17.4,521.5
awgn,15.0,3,w48-64l-r7/12,w48,32,2,1,data,ok,28,28,13.1,521.5
awgn,15.0,3,ack-1f,w,3,3,0,ctl,ok,0,0,18.4,521.5
awgn,15.0,3,w48-64l-r7/12,w48,39,2,1,data,ok,37,37,13.2,521.5
awgn,15.0,3,ack-1f,w,2,2,0,ctl,ok,0,0,17.1,521.5
awgn,15.0,3,w48-64l-r7/12,w48,39,1,0,data,ok,38,38,13.2,521.5
awgn,15.0,3,ack-1f,w,2,2,0,ctl,ok,0,0,18.4,521.5
awgn,15.0,3,w48-64l-r7/12,w48,39,1,0,data,ok,38,38,13.1,521.5
awgn,15.0,3,ack-1f,w,2,2,0,ctl,ok,0,0,18.1,521.5
awgn,15.0,3,w48-64l-r7/12,w48,39,1,0,data,ok,38,38,13.2,521.5
awgn,15.0,3,ack-1f,w,2,2,0,ctl,ok,0,0,17.8,521.5
awgn,15.0,3,w48-64l-r7/12,w48,39,1,0,data,ok,38,38,13.2,521.5
awgn,15.0,3,ack-1f,w,2,2,0,ctl,ok,0,0,17.7,521.5
awgn,15.0,3,w48-64l-r7/12,w48,39,1,0,data,ok,38,38,13.3,521.5
awgn,15.0,3,ack-1f,w,2,2,0,ctl,ok,0,0,17.5,521.5
awgn,15.0,3,w48-64l-r7/12,w48,39,1,0,data,ok,38,38,13.1,521.5
awgn,15.0,3,ack-1f,w,2,2,0,ctl,ok,0,0,17.2,521.5
awgn,15.0,3,w48-64l-r7/12,w48,39,1,0,data,ok,38,38,12.9,521.5
awgn,15.0,3,ack-1f,w,2,2,0,ctl,ok,0,0,18.3,521.5
awgn,15.0,3,w48-64l-r7/12,w48,39,1,0,data,ok,38,38,13.0,521.5
awgn,15.0,3,ack-1f,w,2,2,0,ctl,ok,0,0,17.7,521.5
awgn,15.0,3,w48-64l-r7/12,w48,39,1,0,data,ok,38,38,13.3,521.5
awgn,15.0,3,ack-1f,w,2,2,0,ctl,ok,0,0,18.4,521.5
awgn,15.0,3,w48-64l-r7/12,w48,39,1,0,data,ok,38,38,12.9,521.5
awgn,15.0,3,ack-1f,w,2,2,0,ctl,ok,0,0,18.1,521.5
awgn,15.0,3,w48-64l-r7/12,w48,39,1,0,data,ok,38,38,13.2,521.5
awgn,15.0,3,ack-1f,w,2,2,0,ctl,ok,0,0,18.7,521.5
awgn,15.0,3,w48-64l-r7/12,w48,39,1,0,data,ok,38,38,13.2,521.5
awgn,15.0,3,ack-1f,w,2,2,0,ctl,ok,0,0,17.5,521.5
awgn,15.0,3,w48-64l-r7/12,w48,39,1,0,data,ok,38,38,13.1,521.5
awgn,15.0,3,ack-1f,w,2,2,0,ctl,ok,0,0,18.4,521.5
awgn,15.0,3,w48-64l-r7/12,w48,39,1,0,data,ok,38,38,13.1,521.5
awgn,15.0,3,ack-1f,w,2,2,0,ctl,ok,0,0,17.8,521.5
awgn,15.0,3,w48-64l-r7/12,w48,39,1,0,data,ok,38,38,13.1,521.5
awgn,15.0,3,ack-1f,w,2,2,0,ctl,ok,0,0,17.3,521.5
awgn,15.0,3,w48-64l-r7/12,w48,39,1,0,data,ok,38,38,13.2,521.5
awgn,15.0,3,ack-1f,w,2,2,0,ctl,ok,0,0,19.5,521.5
awgn,15.0,3,w48-64l-r7/12,w48,39,1,0,data,ok,38,38,13.0,521.5
awgn,15.0,3,ack-1f,w,2,2,0,ctl,ok,0,0,17.6,521.5
awgn,15.0,3,w48-64l-r7/12,w48,39,1,0,data,ok,38,38,13.2,521.5
awgn,15.0,3,ack-1f,w,2,2,0,ctl,ok,0,0,18.0,521.5
awgn,15.0,3,w48-64l-r7/12,w48,39,1,0,data,ok,38,38,13.0,521.5
awgn,15.0,3,ack-1f,w,2,2,0,ctl,ok,0,0,18.0,521.5
awgn,15.0,3,w48-64l-r7/12,w48,39,1,0,data,ok,38,38,13.2,521.5
awgn,15.0,3,ack-1f,w,2,2,0,ctl,ok,0,0,17.9,521.5
awgn,15.0,3,w48-64l-r7/12,w48,39,1,0,data,ok,38,37,12.7,521.5
awgn,15.0,3,ack-1f,w,3,3,0,ctl,ok,0,0,17.9,521.5
awgn,15.0,3,w48-64l-r7/12,w48,39,1,0,data,ctl_lost,37,36,12.9,521.5
awgn,15.0,3,ack-4f,w,3,3,0,ctl,ok,0,0,18.2,521.5
awgn,15.0,3,ack-4f,w,4,4,0,ctl,ok,0,0,18.3,521.5
awgn,15.0,3,w48-64l-r7/12,w48,39,2,1,data,ok,36,35,13.0,521.5
awgn,15.0,3,ack-1f,w,4,4,0,ctl,ok,0,0,18.3,521.5
awgn,15.0,3,w48-64l-r7/12,w48,38,1,0,data,ok,36,36,13.1,521.5
awgn,15.0,3,ack-1f,w,2,2,0,ctl,ok,0,0,17.7,521.5
awgn,15.0,3,w48-64l-r7/12,w48,39,1,0,data,ok,38,37,13.0,521.5
awgn,15.0,3,ack-1f,w,3,3,0,ctl,ok,0,0,17.6,521.5
awgn,15.0,3,w48-64l-r7/12,w48,39,1,0,data,ok,37,37,13.0,521.5
awgn,15.0,3,ack-1f,w,2,2,0,ctl,ok,0,0,17.9,521.5
awgn,15.0,3,w48-64l-r7/12,w48,39,1,0,data,ok,38,38,13.3,521.5
awgn,15.0,3,ack-1f,w,2,2,0,ctl,ok,0,0,18.2,521.5
awgn,15.0,3,w48-64l-r7/12,w48,39,1,0,data,ok,38,38,13.1,521.5
awgn,15.0,3,ack-1f,w,2,2,0,ctl,ok,0,0,17.8,521.5
awgn,15.0,3,w48-64l-r7/12,w48,39,1,0,data,ok,38,38,13.2,521.5
awgn,15.0,3,ack-1f,w,2,2,0,ctl,ok,0,0,19.0,521.5
awgn,15.0,3,w48-64l-r7/12,w48,39,1,0,data,ok,38,38,13.1,521.5
awgn,15.0,3,ack-1f,w,2,2,0,ctl,ok,0,0,18.3,521.5
awgn,15.0,3,w48-64l-r7/12,w48,39,1,0,data,ok,38,38,13.1,521.5
mpp,-6.0,6,qpsk-r1/5,w,1,1,0,ctl,ok,0,0,-1.3,12.8
mpp,-6.0,6,qpsk-r1/5,w,1,1,0,ctl,ok,0,0,-2.7,12.8
mpp,-6.0,6,ack-4f,w,3,3,,ctl,missed,0,0,,12.8
mpp,-6.0,6,ack-4f,w,3,3,0,ctl,ok,0,0,-2.1,12.8
mpp,-6.0,6,ack-4f,w,2,2,0,ctl,ok,0,0,-1.9,12.8
mpp,-6.0,6,fsk32r62-r1/2,c32r62,9,1,0,data,ok,8,8,-2.6,12.8
mpp,-6.0,6,ack-4f,w,2,2,0,ctl,ok,0,0,0.9,12.8
mpp,-6.0,6,fsk32r62-r1/2,c32r62,9,1,0,data,ok,8,8,-3.0,12.8
mpp,-6.0,6,ack-4f,w,2,2,0,ctl,ok,0,0,-6.6,12.8
mpp,-6.0,6,fsk32r62-r1/2,c32r62,9,1,0,data,ok,8,8,-2.9,12.8
mpp,-6.0,6,ack-4f,w,2,2,0,ctl,ctl_lost,0,0,-6.7,12.8
mpp,-6.0,6,ack-4f,w,3,3,0,ctl,ok,0,0,-3.7,12.8
mpp,-6.0,6,ack-4f,w,2,2,0,ctl,ok,0,0,-1.1,12.8
mpp,-6.0,6,fsk32r62-r1/2,c32r62,9,1,0,data,ok,8,8,-2.8,12.8
mpp,-6.0,6,polar-k96-f8,w,1,1,0,ctl,ok,0,0,-2.4,12.8
mpp,-6.0,6,fsk32r62-r1/2,c32r62,9,1,0,data,ok,8,8,-2.0,12.8
mpp,-6.0,6,n10-ack-4f,n10,2,2,0,ctl,ok,0,0,-4.2,12.8
mpp,-6.0,6,fsk32r62-r1/2,c32r62,9,1,0,data,ok,8,8,-1.7,12.8
mpp,-6.0,6,ack-4f,w,2,2,0,ctl,ok,0,0,-2.5,12.8
mpp,-6.0,6,fsk32r62-r1/2,c32r62,9,1,0,data,ok,8,8,-2.6,12.8
mpp,-6.0,6,ack-4f,w,2,2,0,ctl,ok,0,0,-3.7,12.8
mpp,-6.0,6,fsk32r62-r1/2,c32r62,9,1,0,data,ok,8,8,-2.9,12.8
mpp,-6.0,6,n10-ack-4f,n10,2,2,0,ctl,ok,0,0,-3.2,12.8
mpp,-6.0,6,fsk32r62-r1/2,c32r62,9,1,0,data,ok,8,8,-3.9,12.8
mpp,-6.0,6,ack-4f,w,2,2,0,ctl,ok,0,0,-4.6,12.8
mpp,-6.0,6,fsk32r62-r1/2,c32r62,9,1,0,data,ok,8,8,-2.5,12.8
mpp,-6.0,6,n10-ack-4f,n10,2,2,0,ctl,ctl_lost,0,0,-10.9,12.8
mpp,-6.0,6,ack-4f,w,3,3,0,ctl,ok,0,0,-2.6,12.8
mpp,-6.0,6,ack-4f,w,2,2,0,ctl,ok,0,0,-2.1,12.8
mpp,-6.0,6,fsk32r62-r1/2,c32r62,9,1,0,data,ok,8,8,-2.5,12.8
mpp,-6.0,6,ack-4f,w,2,2,,ctl,missed,0,0,,12.8
mpp,-6.0,6,ack-4f,w,3,3,0,ctl,ok,0,0,0.3,12.8
mpp,-6.0,6,ack-4f,w,2,2,0,ctl,ok,0,0,-4.9,12.8
mpp,-6.0,6,fsk32r62-r1/2,c32r62,9,1,0,data,ok,8,7,-3.0,12.8
mpp,-6.0,6,ack-4f,w,2,2,0,ctl,ok,0,0,-15.3,12.8
mpp,-6.0,6,fsk32r62-r1/2,c32r62,9,1,0,data,ok,7,7,-2.2,12.8
mpp,-6.0,6,n4-ack-8f,n4,2,2,0,ctl,ok,0,0,-5.3,12.8
mpp,-6.0,6,fsk32r62-r1/2,c32r62,9,1,0,data,ok,8,8,-2.5,12.8
mpp,-6.0,6,ack-4f,w,2,2,0,ctl,ok,0,0,-3.1,12.8
mpp,-6.0,6,fsk32r62-r1/2,c32r62,9,1,0,data,ok,8,8,-2.4,12.8
mpp,-6.0,6,ack-4f,w,2,2,0,ctl,ok,0,0,-3.7,12.8
mpp,-6.0,6,fsk32r62-r1/2,c32r62,9,1,0,data,ok,8,8,-2.1,12.8
mpp,-6.0,6,ack-4f,w,2,2,0,ctl,ok,0,0,0.7,12.8
mpp,-6.0,6,fsk32r62-r1/2,c32r62,9,1,0,data,ok,8,8,-2.6,12.8
mpp,-6.0,6,ack-4f,w,2,2,0,ctl,ok,0,0,0.4,12.8
mpp,-6.0,6,fsk32r62-r1/2,c32r62,9,1,0,data,ok,8,8,-3.3,12.8
mpp,-6.0,4,qpsk-r1/5,w,1,1,0,ctl,ok,0,0,1.7,11.9
mpp,-6.0,4,qpsk-r1/5,w,1,1,0,ctl,ok,0,0,-1.6,11.9
mpp,-6.0,4,ack-4f,w,3,3,0,ctl,ok,0,0,1.2,11.9
mpp,-6.0,4,ack-4f,w,3,3,0,ctl,ok,0,0,-3.8,11.9
mpp,-6.0,4,qpsk-r1/5,w,9,2,1,data,ok,7,0,-3.2,11.9
mpp,-6.0,4,ack-4f,w,3,3,0,ctl,ok,0,0,-3.6,11.9
mpp,-6.0,4,qpsk-r1/5,w,9,2,1,data,ok,0,0,-3.0,11.9
mpp,-6.0,4,ack-4f,w,3,3,0,ctl,ok,0,0,-1.0,11.9
mpp,-6.0,4,qpsk-r1/5,w,9,2,1,data,ok,7,0,-3.8,11.9
mpp,-6.0,4,ack-4f,w,2,2,0,ctl,ok,0,0,-4.8,11.9
mpp,-6.0,4,fsk32r62-r1/2,c32r62,9,1,0,data,ok,8,8,-2.7,11.9
mpp,-6.0,4,ack-4f,w,2,2,,ctl,missed,0,0,,11.9
mpp,-6.0,4,ack-4f,w,4,4,0,ctl,ok,0,0,-0.2,11.9
mpp,-6.0,4,ack-4f,w,2,2,0,ctl,ok,0,0,-0.1,11.9
mpp,-6.0,4,fsk32r62-r1/2,c32r62,9,1,0,data,ok,8,8,-2.9,11.9
mpp,-6.0,4,ack-4f,w,2,2,0,ctl,ok,0,0,-3.9,11.9
mpp,-6.0,4,fsk32r62-r1/2,c32r62,9,1,0,data,ok,8,7,-2.8,11.9
mpp,-6.0,4,ack-4f,w,3,3,0,ctl,ok,0,0,-1.1,11.9
mpp,-6.0,4,fsk32r62-r1/2,c32r62,9,1,0,data,ok,7,7,-2.8,11.9
mpp,-6.0,4,ack-4f,w,2,2,0,ctl,ok,0,0,-6.4,11.9
mpp,-6.0,4,fsk32r62-r1/2,c32r62,9,1,0,data,ok,8,8,-2.9,11.9
mpp,-6.0,4,ack-4f,w,2,2,0,ctl,ok,0,0,-1.9,11.9
mpp,-6.0,4,fsk32r62-r1/2,c32r62,9,1,0,data,ok,8,8,-2.1,11.9
mpp,-6.0,4,ack-4f,w,2,2,0,ctl,ok,0,0,-2.9,11.9
mpp,-6.0,4,fsk32r62-r1/2,c32r62,9,1,0,data,ok,8,8,-2.3,11.9
mpp,-6.0,4,ack-4f,w,2,2,0,ctl,ok,0,0,-1.2,11.9
mpp,-6.0,4,fsk32r62-r1/2,c32r62,9,1,0,data,ok,8,8,-2.9,11.9
mpp,-6.0,4,ack-4f,w,2,2,0,ctl,ok,0,0,-0.8,11.9
mpp,-6.0,4,fsk32r62-r1/2,c32r62,9,1,0,data,ok,8,8,-2.6,11.9
mpp,-6.0,4,ack-4f,w,2,2,0,ctl,ok,0,0,-2.6,11.9
mpp,-6.0,4,fsk32r62-r1/2,c32r62,9,1,0,data,ok,8,8,-3.0,11.9
mpp,-6.0,4,ack-4f,w,2,2,0,ctl,ok,0,0,-4.7,11.9
mpp,-6.0,4,fsk32r62-r1/2,c32r62,9,1,0,data,ok,8,8,-2.9,11.9
mpp,-6.0,4,ack-4f,w,2,2,0,ctl,ok,0,0,-0.2,11.9
mpp,-6.0,4,fsk32r62-r1/2,c32r62,9,1,0,data,ok,8,8,-2.4,11.9
mpp,-6.0,4,ack-4f,w,2,2,0,ctl,ok,0,0,-3.6,11.9
mpp,-6.0,4,fsk32r62-r1/2,c32r62,9,1,0,data,ok,8,8,-2.3,11.9
mpp,-6.0,4,ack-4f,w,2,2,0,ctl,ok,0,0,-3.8,11.9
mpp,-6.0,4,fsk32r62-r1/2,c32r62,9,1,0,data,ok,8,8,-1.9,11.9
mpp,-6.0,4,ack-4f,w,2,2,0,ctl,ok,0,0,-1.0,11.9
mpp,-6.0,4,fsk32r62-r1/2,c32r62,9,1,0,data,ctl_lost,8,8,-3.3,11.9
mpp,-6.0,4,ack-4f,w,3,3,0,ctl,ok,0,0,-2.2,11.9
mpp,-6.0,4,ack-4f,w,3,3,0,ctl,ok,0,0,-2.0,11.9
mpp,-6.0,4,fsk32r62-r1/2,c32r62,10,2,1,data,ok,8,8,-1.7,11.9
mpp,-6.0,4,ack-4f,w,3,3,0,ctl,ok,0,0,-2.0,11.9
mpp,-6.0,4,qpsk-r1/5,w,9,2,1,data,ok,7,0,-2.3,11.9
mpp,-6.0,4,ack-4f,w,2,2,0,ctl,ok,0,0,0.6,11.9
mpp,-6.0,4,fsk32r62-r1/2,c32r62,9,1,0,data,ok,8,8,-2.8,11.9
awgn,15.0,10,qpsk-r1/5,w,1,1,0,ctl,ok,0,0,17.7,554.2
awgn,15.0,10,qpsk-r1/5,w,1,1,0,ctl,ok,0,0,18.3,554.2
awgn,15.0,10,ack-4f,w,3,3,0,ctl,ok,0,0,18.0,554.2
awgn,15.0,10,ack-1f,w,3,3,0,ctl,ok,0,0,17.6,554.2
awgn,15.0,10,w48-64l-r7/12,w48,39,2,1,data,ok,37,36,12.9,554.2
awgn,15.0,10,ack-1f,w,4,4,0,ctl,ok,0,0,18.1,554.2
awgn,15.0,10,w48-64l-r7/12,w48,39,2,1,data,ok,36,35,13.0,554.2
awgn,15.0,10,ack-1f,w,4,4,0,ctl,ok,0,0,18.6,554.2
awgn,15.0,10,w48-64l-r7/12,w48,39,2,1,data,ok,36,36,13.1,554.2
awgn,15.0,10,ack-1f,w,3,3,0,ctl,ok,0,0,17.0,554.2
awgn,15.0,10,w48-64l-r7/12,w48,39,2,1,data,ok,37,37,12.9,554.2
awgn,15.0,10,ack-1f,w,3,3,0,ctl,ok,0,0,18.0,554.2
awgn,15.0,10,w48-64l-r7/12,w48,39,2,1,data,ok,37,37,13.0,554.2
awgn,15.0,10,ack-1f,w,3,3,0,ctl,ok,0,0,18.5,554.2
awgn,15.0,10,w48-64l-r7/12,w48,39,2,1,data,ok,37,37,13.1,554.2
awgn,15.0,10,ack-1f,w,2,2,0,ctl,ok,0,0,18.0,554.2
awgn,15.0,10,w48-64l-r7/12,w48,39,1,0,data,ok,38,37,13.0,554.2
awgn,15.0,10,ack-1f,w,4,4,0,ctl,ok,0,0,17.8,554.2
awgn,15.0,10,w48-64l-r7/12,w48,35,2,1,data,ok,32,32,13.1,554.2
awgn,15.0,10,ack-1f,w,2,2,0,ctl,ok,0,0,18.2,554.2
awgn,15.0,10,w48-64l-r7/12,w48,39,1,0,data,ok,38,38,13.2,554.2
awgn,15.0,10,ack-1f,w,2,2,0,ctl,ok,0,0,17.5,554.2
awgn,15.0,10,w48-64l-r7/12,w48,39,1,0,data,ok,38,38,13.2,554.2
awgn,15.0,10,ack-1f,w,2,2,0,ctl,ok,0,0,17.9,554.2
awgn,15.0,10,w48-64l-r7/12,w48,39,1,0,data,ok,38,38,12.8,554.2
awgn,15.0,10,ack-1f,w,2,2,0,ctl,ok,0,0,17.8,554.2
awgn,15.0,10,w48-64l-r7/12,w48,39,1,0,data,ok,38,38,13.1,554.2
awgn,15.0,10,ack-1f,w,2,2,0,ctl,ok,0,0,17.9,554.2
awgn,15.0,10,w48-64l-r7/12,w48,39,1,0,data,ok,38,37,13.1,554.2
awgn,15.0,10,ack-1f,w,3,3,0,ctl,ok,0,0,17.8,554.2
awgn,15.0,10,w48-64l-r7/12,w48,39,1,0,data,ok,37,36,12.7,554.2
awgn,15.0,10,ack-1f,w,3,3,0,ctl,ok,0,0,18.0,554.2
awgn,15.0,10,w48-64l-r7/12,w48,39,1,0,data,ok,37,37,13.1,554.2
awgn,15.0,10,ack-1f,w,2,2,0,ctl,ok,0,0,17.4,554.2
awgn,15.0,10,w48-64l-r7/12,w48,39,1,0,data,ok,38,38,12.8,554.2
awgn,15.0,10,ack-1f,w,2,2,0,ctl,ok,0,0,18.0,554.2
awgn,15.0,10,w48-64l-r7/12,w48,39,1,0,data,ok,38,38,13.1,554.2
awgn,15.0,10,ack-1f,w,2,2,0,ctl,ok,0,0,17.7,554.2
awgn,15.0,10,w48-64l-r7/12,w48,39,1,0,data,ok,38,38,13.4,554.2
awgn,15.0,10,ack-1f,w,2,2,0,ctl,ok,0,0,18.3,554.2
awgn,15.0,10,w48-64l-r7/12,w48,39,1,0,data,ok,38,38,13.1,554.2
awgn,15.0,10,ack-1f,w,2,2,0,ctl,ok,0,0,18.3,554.2
awgn,15.0,10,w48-64l-r7/12,w48,39,1,0,data,ok,38,38,13.2,554.2
awgn,15.0,10,ack-1f,w,2,2,0,ctl,ok,0,0,18.6,554.2
awgn,15.0,10,w48-64l-r7/12,w48,39,1,0,data,ok,38,38,12.9,554.2
awgn,15.0,10,ack-1f,w,2,2,0,ctl,ok,0,0,18.4,554.2
awgn,15.0,10,w48-64l-r7/12,w48,39,1,0,data,ok,38,37,13.2,554.2
awgn,15.0,10,ack-1f,w,4,4,0,ctl,ok,0,0,18.0,554.2
awgn,15.0,10,w48-64l-r7/12,w48,31,1,0,data,ok,29,29,12.9,554.2
awgn,15.0,10,ack-1f,w,2,2,0,ctl,ok,0,0,17.5,554.2
awgn,15.0,10,w48-64l-r7/12,w48,39,1,0,data,ok,38,37,13.2,554.2
awgn,15.0,10,ack-1f,w,3,3,0,ctl,ok,0,0,18.0,554.2
awgn,15.0,10,w48-64l-r7/12,w48,39,1,0,data,ok,37,37,12.9,554.2
awgn,15.0,10,ack-1f,w,2,2,0,ctl,ok,0,0,19.2,554.2
awgn,15.0,10,w48-64l-r7/12,w48,39,1,0,data,ok,38,38,13.3,554.2
awgn,15.0,10,ack-1f,w,2,2,0,ctl,ok,0,0,18.5,554.2
awgn,15.0,10,w48-64l-r7/12,w48,39,1,0,data,ok,38,38,13.3,554.2
awgn,15.0,10,ack-1f,w,2,2,0,ctl,ok,0,0,17.8,554.2
awgn,15.0,10,w48-64l-r7/12,w48,39,1,0,data,ok,38,38,13.1,554.2
awgn,15.0,10,ack-1f,w,2,2,0,ctl,ok,0,0,18.0,554.2
awgn,15.0,10,w48-64l-r7/12,w48,39,1,0,data,ok,38,38,12.9,554.2
awgn,15.0,10,ack-1f,w,2,2,0,ctl,ok,0,0,18.1,554.2
awgn,15.0,10,w48-64l-r7/12,w48,39,1,0,data,ok,38,38,12.9,554.2
awgn,15.0,10,ack-1f,w,2,2,0,ctl,ok,0,0,18.4,554.2
awgn,15.0,10,w48-64l-r7/12,w48,39,1,0,data,ok,38,37,13.3,554.2
awgn,15.0,10,ack-1f,w,4,4,0,ctl,ok,0,0,17.6,554.2
awgn,15.0,10,w48-64l-r7/12,w48,39,1,0,data,ok,37,37,13.1,554.2
awgn,15.0,10,ack-1f,w,2,2,0,ctl,ok,0,0,18.2,554.2
awgn,15.0,10,w48-64l-r7/12,w48,39,1,0,data,ok,38,38,13.2,554.2
awgn,15.0,10,ack-1f,w,2,2,0,ctl,ok,0,0,17.5,554.2
awgn,15.0,10,w48-64l-r7/12,w48,39,1,0,data,ok,38,38,13.2,554.2
awgn,15.0,10,ack-1f,w,2,2,0,ctl,ok,0,0,18.3,554.2
awgn,15.0,10,w48-64l-r7/12,w48,39,1,0,data,ok,38,37,13.1,554.2
awgn,15.0,10,ack-1f,w,3,3,0,ctl,ok,0,0,18.8,554.2
awgn,15.0,10,w48-64l-r7/12,w48,39,1,0,data,ok,37,37,13.4,554.2
awgn,15.0,10,ack-1f,w,2,2,0,ctl,ok,0,0,18.6,554.2
awgn,15.0,10,w48-64l-r7/12,w48,39,1,0,data,ok,38,37,12.9,554.2
awgn,15.0,10,ack-1f,w,4,4,0,ctl,ok,0,0,18.3,554.2
awgn,15.0,10,w48-64l-r7/12,w48,32,1,0,data,ok,30,30,13.0,554.2
awgn,15.0,10,ack-1f,w,2,2,0,ctl,ok,0,0,18.6,554.2
awgn,15.0,10,w48-64l-r7/12,w48,39,1,0,data,ok,38,38,13.0,554.2
awgn,15.0,10,ack-1f,w,2,2,0,ctl,ok,0,0,18.0,554.2
awgn,15.0,10,w48-64l-r7/12,w48,39,1,0,data,ok,38,37,12.9,554.2
awgn,15.0,10,ack-1f,w,3,3,0,ctl,ok,0,0,18.8,554.2
awgn,15.0,10,w48-64l-r7/12,w48,39,1,0,data,ok,37,37,13.4,554.2
awgn,15.0,10,ack-1f,w,2,2,0,ctl,ok,0,0,17.3,554.2
awgn,15.0,10,w48-64l-r7/12,w48,39,1,0,data,ok,38,38,13.1,554.2
awgn,15.0,10,ack-1f,w,2,2,0,ctl,ok,0,0,17.7,554.2
awgn,15.0,10,w48-64l-r7/12,w48,39,1,0,data,ok,38,38,13.2,554.2
awgn,15.0,10,ack-1f,w,2,2,0,ctl,ok,0,0,17.9,554.2
awgn,15.0,10,w48-64l-r7/12,w48,39,1,0,data,ok,38,37,12.9,554.2
awgn,15.0,10,ack-1f,w,3,3,0,ctl,ok,0,0,18.3,554.2
awgn,15.0,10,w48-64l-r7/12,w48,39,1,0,data,ok,37,37,13.1,554.2
awgn,15.0,11,qpsk-r1/5,w,1,1,0,ctl,ok,0,0,18.3,563.5
awgn,15.0,11,qpsk-r1/5,w,1,1,0,ctl,ok,0,0,18.2,563.5
awgn,15.0,11,ack-4f,w,3,3,0,ctl,ok,0,0,17.7,563.5
awgn,15.0,11,ack-1f,w,3,3,0,ctl,ok,0,0,17.5,563.5
awgn,15.0,11,w48-64l-r7/12,w48,39,2,1,data,ok,37,37,13.2,563.5
awgn,15.0,11,ack-1f,w,3,3,0,ctl,ok,0,0,17.9,563.5
awgn,15.0,11,w48-64l-r7/12,w48,39,2,1,data,ok,37,36,13.1,563.5
awgn,15.0,11,ack-1f,w,4,4,0,ctl,ok,0,0,18.3,563.5
awgn,15.0,11,w48-64l-r7/12,w48,39,2,1,data,ok,36,35,12.9,563.5
awgn,15.0,11,ack-1f,w,4,4,0,ctl,ok,0,0,18.5,563.5
awgn,15.0,11,w48-64l-r7/12,w48,32,2,1,data,ok,29,29,13.1,563.5
awgn,15.0,11,ack-1f,w,3,3,0,ctl,ok,0,0,18.2,563.5
awgn,15.0,11,w48-64l-r7/12,w48,39,2,1,data,ok,37,37,13.1,563.5
awgn,15.0,11,ack-1f,w,3,3,0,ctl,ok,0,0,17.1,563.5
awgn,15.0,11,w48-64l-r7/12,w48,39,2,1,data,ok,37,37,12.9,563.5
awgn,15.0,11,ack-1f,w,3,3,0,ctl,ok,0,0,18.3,563.5
awgn,15.0,11,w48-64l-r7/12,w48,39,2,1,data,ok,37,37,13.2,563.5
awgn,15.0,11,ack-1f,w,2,2,0,ctl,ok,0,0,17.1,563.5
awgn,15.0,11,w48-64l-r7/12,w48,39,1,0,data,ok,38,38,13.3,563.5
awgn,15.0,11,ack-1f,w,2,2,0,ctl,ok,0,0,17.8,563.5
awgn,15.0,11,w48-64l-r7/12,w48,39,1,0,data,ok,38,37,12.8,563.5
awgn,15.0,11,ack-1f,w,3,3,0,ctl,ok,0,0,17.9,563.5
awgn,15.0,11,w48-64l-r7/12,w48,39,2,1,data,ok,36,36,13.0,563.5
awgn,15.0,11,ack-1f,w,2,2,0,ctl,ok,0,0,17.7,563.5
awgn,15.0,11,w48-64l-r7/12,w48,39,1,0,data,ok,38,38,13.0,563.5
awgn,15.0,11,ack-1f,w,2,2,0,ctl,ok,0,0,18.1,563.5
awgn,15.0,11,w48-64l-r7/12,w48,39,1,0,data,ok,38,38,13.2,563.5
awgn,15.0,11,ack-1f,w,2,2,0,ctl,ok,0,0,18.8,563.5
awgn,15.0,11,w48-64l-r7/12,w48,39,1,0,data,ok,38,38,13.2,563.5
awgn,15.0,11,ack-1f,w,2,2,0,ctl,ok,0,0,18.1,563.5
awgn,15.0,11,w48-64l-r7/12,w48,39,1,0,data,ok,38,38,13.2,563.5
awgn,15.0,11,ack-1f,w,2,2,0,ctl,ok,0,0,18.4,563.5
awgn,15.0,11,w48-64l-r7/12,w48,39,1,0,data,ok,38,38,13.2,563.5
awgn,15.0,11,ack-1f,w,2,2,0,ctl,ok,0,0,18.5,563.5
awgn,15.0,11,w48-64l-r7/12,w48,39,1,0,data,ok,38,37,12.9,563.5
awgn,15.0,11,ack-1f,w,4,4,0,ctl,ok,0,0,17.9,563.5
awgn,15.0,11,w48-64l-r7/12,w48,35,1,0,data,ok,33,33,13.1,563.5
awgn,15.0,11,ack-1f,w,2,2,0,ctl,ok,0,0,18.1,563.5
awgn,15.0,11,w48-64l-r7/12,w48,39,1,0,data,ok,38,38,13.4,563.5
awgn,15.0,11,ack-1f,w,2,2,0,ctl,ok,0,0,18.4,563.5
awgn,15.0,11,w48-64l-r7/12,w48,39,1,0,data,ok,38,38,13.2,563.5
awgn,15.0,11,ack-1f,w,2,2,0,ctl,ok,0,0,18.3,563.5
awgn,15.0,11,w48-64l-r7/12,w48,39,1,0,data,ok,38,38,12.8,563.5
awgn,15.0,11,ack-1f,w,2,2,0,ctl,ok,0,0,18.3,563.5
awgn,15.0,11,w48-64l-r7/12,w48,39,1,0,data,ok,38,38,13.0,563.5
awgn,15.0,11,ack-1f,w,2,2,0,ctl,ok,0,0,18.1,563.5
awgn,15.0,11,w48-64l-r7/12,w48,39,1,0,data,ok,38,38,13.2,563.5
awgn,15.0,11,ack-1f,w,2,2,0,ctl,ok,0,0,17.5,563.5
awgn,15.0,11,w48-64l-r7/12,w48,39,1,0,data,ok,38,38,13.3,563.5
awgn,15.0,11,ack-1f,w,2,2,0,ctl,ok,0,0,19.0,563.5
awgn,15.0,11,w48-64l-r7/12,w48,39,1,0,data,ok,38,38,12.9,563.5
awgn,15.0,11,ack-1f,w,2,2,0,ctl,ok,0,0,18.0,563.5
awgn,15.0,11,w48-64l-r7/12,w48,39,1,0,data,ok,38,38,13.1,563.5
awgn,15.0,11,ack-1f,w,2,2,0,ctl,ok,0,0,18.4,563.5
awgn,15.0,11,w48-64l-r7/12,w48,39,1,0,data,ok,38,38,13.1,563.5
awgn,15.0,11,ack-1f,w,2,2,0,ctl,ok,0,0,17.4,563.5
awgn,15.0,11,w48-64l-r7/12,w48,39,1,0,data,ok,38,38,13.1,563.5
awgn,15.0,11,ack-1f,w,2,2,0,ctl,ok,0,0,18.4,563.5
awgn,15.0,11,w48-64l-r7/12,w48,39,1,0,data,ok,38,38,13.2,563.5
awgn,15.0,11,ack-1f,w,2,2,0,ctl,ok,0,0,17.8,563.5
awgn,15.0,11,w48-64l-r7/12,w48,39,1,0,data,ok,38,38,13.0,563.5
awgn,15.0,11,ack-1f,w,2,2,0,ctl,ok,0,0,18.6,563.5
awgn,15.0,11,w48-64l-r7/12,w48,39,1,0,data,ok,38,38,13.3,563.5
awgn,15.0,11,ack-1f,w,2,2,0,ctl,ok,0,0,18.0,563.5
awgn,15.0,11,w48-64l-r7/12,w48,39,1,0,data,ok,38,38,13.1,563.5
awgn,15.0,11,ack-1f,w,2,2,0,ctl,ok,0,0,18.5,563.5
awgn,15.0,11,w48-64l-r7/12,w48,39,1,0,data,ok,38,38,13.0,563.5
awgn,15.0,11,ack-1f,w,2,2,0,ctl,ok,0,0,17.2,563.5
awgn,15.0,11,w48-64l-r7/12,w48,39,1,0,data,ok,38,38,13.2,563.5
awgn,15.0,11,ack-1f,w,2,2,0,ctl,ok,0,0,18.2,563.5
awgn,15.0,11,w48-64l-r7/12,w48,39,1,0,data,ok,38,38,13.0,563.5
awgn,15.0,11,ack-1f,w,2,2,0,ctl,ok,0,0,18.1,563.5
awgn,15.0,11,w48-64l-r7/12,w48,39,1,0,data,ok,38,38,13.4,563.5
awgn,15.0,11,ack-1f,w,2,2,0,ctl,ok,0,0,18.0,563.5
awgn,15.0,11,w48-64l-r7/12,w48,39,1,0,data,ok,38,38,12.9,563.5
awgn,15.0,11,ack-1f,w,2,2,0,ctl,ok,0,0,18.7,563.5
awgn,15.0,11,w48-64l-r7/12,w48,39,1,0,data,ok,38,38,13.3,563.5
awgn,15.0,11,ack-1f,w,2,2,0,ctl,ok,0,0,18.2,563.5
awgn,15.0,11,w48-64l-r7/12,w48,39,1,0,data,ok,38,38,13.0,563.5
awgn,15.0,11,ack-1f,w,2,2,0,ctl,ok,0,0,18.6,563.5
awgn,15.0,11,w48-64l-r7/12,w48,39,1,0,data,ok,38,38,13.1,563.5
awgn,15.0,11,ack-1f,w,2,2,0,ctl,ok,0,0,17.7,563.5
awgn,15.0,11,w48-64l-r7/12,w48,39,1,0,data,ok,38,38,13.0,563.5
awgn,15.0,11,ack-1f,w,2,2,0,ctl,ok,0,0,17.7,563.5
awgn,15.0,11,w48-64l-r7/12,w48,39,1,0,data,ok,38,38,13.3,563.5
awgn,15.0,11,ack-1f,w,2,2,0,ctl,ok,0,0,18.5,563.5
awgn,15.0,11,w48-64l-r7/12,w48,39,1,0,data,ok,38,37,13.0,563.5
awgn,15.0,11,ack-1f,w,3,3,0,ctl,ok,0,0,18.5,563.5
awgn,15.0,11,w48-64l-r7/12,w48,39,1,0,data,ok,37,37,13.2,563.5
awgn,15.0,11,ack-1f,w,2,2,0,ctl,ok,0,0,17.8,563.5
awgn,15.0,11,w48-64l-r7/12,w48,39,1,0,data,ok,38,38,13.2,563.5
awgn,15.0,11,ack-1f,w,2,2,0,ctl,ok,0,0,18.0,563.5
mpp,-6.0,3,qpsk-r1/5,w,1,1,0,ctl,ctl_lost,0,0,-4.9,9.8
mpp,-6.0,3,n4-qpsk-r1/3,n4,1,1,0,ctl,ok,0,0,-3.5,9.8
mpp,-6.0,3,n4-qpsk-r1/3,n4,1,1,0,ctl,ok,0,0,-5.9,9.8
mpp,-6.0,3,ack-4f,w,3,3,0,ctl,ok,0,0,-5.4,9.8
mpp,-6.0,3,n10-ack-4f,n10,2,2,0,ctl,ok,0,0,-2.8,9.8
mpp,-6.0,3,fsk32r62-r1/2,c32r62,9,1,0,data,ok,8,8,-3.3,9.8
mpp,-6.0,3,ack-4f,w,3,3,0,ctl,ok,0,0,-0.7,9.8
mpp,-6.0,3,fsk32r62-r1/2,c32r62,10,2,1,data,ok,8,8,-1.8,9.8
mpp,-6.0,3,ack-4f,w,2,2,0,ctl,ok,0,0,0.7,9.8
mpp,-6.0,3,fsk32r62-r1/2,c32r62,9,1,0,data,ok,8,8,-2.6,9.8
mpp,-6.0,3,ack-4f,w,2,2,0,ctl,ok,0,0,-0.4,9.8
mpp,-6.0,3,fsk32r62-r1/2,c32r62,9,1,0,data,ok,8,8,-2.3,9.8
mpp,-6.0,3,ack-4f,w,2,2,0,ctl,ok,0,0,0.6,9.8
mpp,-6.0,3,fsk32r62-r1/2,c32r62,9,1,,data,missed,0,0,,9.8
mpp,-6.0,3,ack-4f,w,3,3,0,ctl,ok,0,0,-3.4,9.8
mpp,-6.0,3,ack-4f,w,2,2,0,ctl,ok,0,0,-1.9,9.8
mpp,-6.0,3,fsk32r62-r1/2,c32r62,9,1,0,data,ok,8,8,-2.4,9.8
mpp,-6.0,3,ack-4f,w,2,2,0,ctl,ok,0,0,-1.9,9.8
mpp,-6.0,3,fsk32r62-r1/2,c32r62,9,1,0,data,ctl_lost,8,8,-3.6,9.8
mpp,-6.0,3,ack-4f,w,2,2,0,ctl,ok,0,0,-2.6,9.8
mpp,-6.0,3,ack-4f,w,3,3,0,ctl,ok,0,0,-3.7,9.8
mpp,-6.0,3,fsk32r62-r1/2,c32r62,10,2,1,data,ok,8,8,-3.2,9.8
mpp,-6.0,3,ack-4f,w,3,3,0,ctl,ok,0,0,-1.3,9.8
mpp,-6.0,3,fsk32r62-r1/2,c32r62,10,2,1,data,ok,8,8,-2.8,9.8
mpp,-6.0,3,ack-4f,w,3,3,0,ctl,ctl_lost,0,0,-8.4,9.8
mpp,-6.0,3,ack-4f,w,3,3,0,ctl,ok,0,0,-1.6,9.8
mpp,-6.0,3,ack-4f,w,2,2,0,ctl,ok,0,0,-2.6,9.8
mpp,-6.0,3,fsk32r62-r1/2,c32r62,9,1,0,data,ok,8,8,-2.6,9.8
mpp,-6.0,3,n4-ack-8f,n4,3,3,0,ctl,ok,0,0,-4.3,9.8
mpp,-6.0,3,fsk32r62-r1/2,c32r62,10,2,1,data,ok,8,8,-2.6,9.8
mpp,-6.0,3,n10-ack-4f,n10,2,2,0,ctl,ok,0,0,-5.6,9.8
mpp,-6.0,3,fsk32r62-r1/2,c32r62,9,1,0,data,ok,8,8,-1.9,9.8
mpp,-6.0,3,n10-ack-4f,n10,2,2,,ctl,missed,0,0,,9.8
mpp,-6.0,3,ack-4f,w,3,3,,ctl,missed,0,0,,9.8
mpp,-6.0,3,ack-4f,w,3,3,0,ctl,ok,0,0,-4.7,9.8
mpp,-6.0,3,ack-4f,w,2,2,0,ctl,ok,0,0,-2.2,9.8
mpp,-6.0,3,fsk32r62-r1/2,c32r62,9,1,0,data,ok,8,8,-2.5,9.8
mpp,-6.0,3,ack-4f,w,2,2,0,ctl,ok,0,0,-0.2,9.8
mpp,-6.0,3,fsk32r62-r1/2,c32r62,9,1,0,data,ctl_lost,8,8,-2.6,9.8
mpp,-6.0,3,ack-4f,w,3,3,0,ctl,ok,0,0,-1.1,9.8
mpp,-6.0,3,ack-4f,w,3,3,0,ctl,ctl_lost,0,0,-6.7,9.8
mpp,-6.0,3,ack-4f,w,3,3,0,ctl,ok,0,0,-2.1,9.8
mpp,-6.0,3,ack-4f,w,3,3,,ctl,missed,0,0,,9.8
mpp,-6.0,3,ack-4f,w,3,3,0,ctl,ok,0,0,-4.1,9.8
mpp,-6.0,3,ack-4f,w,3,3,0,ctl,ok,0,0,-2.0,9.8
mpp,-6.0,3,qpsk-r1/5,w,9,2,1,data,ok,7,1,-3.3,9.8
mpp,-6.0,3,n10-ack-4f,n10,3,3,0,ctl,ok,0,0,-3.9,9.8
mpp,-6.0,3,qpsk-r1/5,w,9,2,1,data,ok,1,1,-1.9,9.8
mpp,-6.0,3,n10-ack-4f,n10,3,3,0,ctl,ok,0,0,-3.0,9.8
mpp,-6.0,3,qpsk-r1/5,w,9,2,1,data,ok,7,3,-3.0,9.8
mpp,-6.0,3,n10-ack-4f,n10,3,3,0,ctl,ok,0,0,-6.7,9.8
mpp,-6.0,3,qpsk-r1/5,w,9,2,1,data,ok,3,2,-3.0,9.8
mpp,-6.0,3,n10-ack-4f,n10,3,3,0,ctl,ok,0,0,-3.8,9.8
mpp,-6.0,3,qpsk-r1/5,w,9,2,1,data,ok,7,3,-2.8,9.8
mpp,-6.0,3,n10-ack-4f,n10,3,3,,ctl,missed,0,0,,9.8
mpp,-6.0,3,ack-4f,w,3,3,0,ctl,ok,0,0,-3.0,9.8
mpp,-6.0,3,ack-4f,w,3,3,0,ctl,ok,0,0,-2.8,9.8
mpp,-6.0,3,qpsk-r1/5,w,9,2,1,data,ok,7,0,-3.6,9.8
mpp,-6.0,10,qpsk-r1/5,w,1,1,0,ctl,ctl_lost,0,0,-4.5,12.8
mpp,-6.0,10,n4-qpsk-r1/3,n4,1,1,0,ctl,ok,0,0,-5.0,12.8
mpp,-6.0,10,n4-qpsk-r1/3,n4,1,1,0,ctl,ok,0,0,-2.8,12.8
mpp,-6.0,10,ack-4f,w,3,3,0,ctl,ok,0,0,-3.5,12.8
mpp,-6.0,10,n10-ack-4f,n10,2,2,0,ctl,ok,0,0,-2.4,12.8
mpp,-6.0,10,fsk32r62-r1/2,c32r62,9,1,0,data,ok,8,8,-3.2,12.8
mpp,-6.0,10,ack-4f,w,3,3,0,ctl,ok,0,0,0.2,12.8
mpp,-6.0,10,fsk32r62-r1/2,c32r62,10,2,1,data,ok,8,7,-2.8,12.8
mpp,-6.0,10,ack-4f,w,3,3,0,ctl,ok,0,0,0.3,12.8
mpp,-6.0,10,fsk32r62-r1/2,c32r62,9,1,0,data,ok,7,7,-2.5,12.8
mpp,-6.0,10,ack-4f,w,2,2,0,ctl,ok,0,0,-3.8,12.8
mpp,-6.0,10,fsk32r62-r1/2,c32r62,9,1,0,data,ok,8,8,-3.1,12.8
mpp,-6.0,10,ack-4f,w,2,2,0,ctl,ok,0,0,-2.9,12.8
mpp,-6.0,10,fsk32r62-r1/2,c32r62,9,1,0,data,ok,8,8,-3.3,12.8
mpp,-6.0,10,ack-4f,w,2,2,0,ctl,ok,0,0,-1.7,12.8
mpp,-6.0,10,fsk32r62-r1/2,c32r62,9,1,0,data,ok,8,8,-2.7,12.8
mpp,-6.0,10,ack-4f,w,2,2,0,ctl,ok,0,0,-1.2,12.8
mpp,-6.0,10,fsk32r62-r1/2,c32r62,9,1,0,data,ok,8,8,-2.5,12.8
mpp,-6.0,10,ack-4f,w,2,2,0,ctl,ok,0,0,-1.7,12.8
mpp,-6.0,10,fsk32r62-r1/2,c32r62,9,1,0,data,ok,8,7,-3.5,12.8
mpp,-6.0,10,ack-4f,w,3,3,0,ctl,ctl_lost,0,0,-7.1,12.8
mpp,-6.0,10,ack-4f,w,3,3,0,ctl,ok,0,0,-2.7,12.8
mpp,-6.0,10,ack-4f,w,3,3,0,ctl,ok,0,0,-4.3,12.8
mpp,-6.0,10,fsk32r62-r1/2,c32r62,9,1,0,data,ok,8,8,-2.6,12.8
mpp,-6.0,10,n4-ack-8f,n4,2,2,,ctl,missed,0,0,,12.8
mpp,-6.0,10,ack-4f,w,3,3,0,ctl,ok,0,0,-1.2,12.8
mpp,-6.0,10,ack-4f,w,2,2,0,ctl,ok,0,0,-3.8,12.8
mpp,-6.0,10,fsk32r62-r1/2,c32r62,9,1,0,data,ok,8,8,-2.6,12.8
mpp,-6.0,10,n10-ack-4f,n10,2,2,0,ctl,ok,0,0,-0.7,12.8
mpp,-6.0,10,fsk32r62-r1/2,c32r62,9,1,0,data,ok,8,8,-2.7,12.8
mpp,-6.0,10,n10-ack-4f,n10,2,2,0,ctl,ok,0,0,-3.9,12.8
mpp,-6.0,10,fsk32r62-r1/2,c32r62,9,1,0,data,ok,8,8,-2.8,12.8
mpp,-6.0,10,n10-ack-4f,n10,2,2,0,ctl,ok,0,0,-4.4,12.8
mpp,-6.0,10,fsk32r62-r1/2,c32r62,9,1,0,data,ok,8,8,-2.8,12.8
mpp,-6.0,10,n10-ack-4f,n10,2,2,0,ctl,ok,0,0,-3.2,12.8
mpp,-6.0,10,fsk32r62-r1/2,c32r62,9,1,0,data,ok,8,8,-3.4,12.8
mpp,-6.0,10,n10-ack-4f,n10,2,2,0,ctl,ok,0,0,-4.6,12.8
mpp,-6.0,10,fsk32r62-r1/2,c32r62,9,1,0,data,ok,8,8,-2.6,12.8
mpp,-6.0,10,n10-ack-4f,n10,2,2,0,ctl,ok,0,0,-4.1,12.8
mpp,-6.0,10,fsk32r62-r1/2,c32r62,9,1,0,data,ok,8,8,-2.4,12.8
mpp,-6.0,10,n10-ack-4f,n10,2,2,0,ctl,ok,0,0,-1.7,12.8
mpp,-6.0,10,fsk32r62-r1/2,c32r62,9,1,0,data,ok,8,8,-3.2,12.8
mpp,-6.0,10,n10-ack-4f,n10,2,2,,ctl,missed,0,0,,12.8
mpp,-6.0,10,ack-4f,w,3,3,0,ctl,ok,0,0,-1.4,12.8
mpp,-6.0,10,ack-4f,w,2,2,0,ctl,ok,0,0,-4.5,12.8
mpp,-6.0,10,fsk32r62-r1/2,c32r62,9,1,0,data,ok,8,8,-2.8,12.8
mpp,-6.0,11,qpsk-r1/5,w,1,1,0,ctl,ok,0,0,-3.0,13.2
mpp,-6.0,11,qpsk-r1/5,w,1,1,0,ctl,ctl_lost,0,0,-6.3,13.2
mpp,-6.0,11,n4-qpsk-r1/3,n4,1,1,0,ctl,ok,0,0,-2.8,13.2
mpp,-6.0,11,n4-qpsk-r1/3,n4,1,1,0,ctl,ok,0,0,-3.1,13.2
mpp,-6.0,11,ack-4f,w,2,2,0,ctl,ok,0,0,0.6,13.2
mpp,-6.0,11,ack-4f,w,3,3,0,ctl,ok,0,0,-2.0,13.2
mpp,-6.0,11,qpsk-r1/5,w,9,2,1,data,ok,7,5,-2.6,13.2
mpp,-6.0,11,ack-4f,w,3,3,0,ctl,ok,0,0,-5.5,13.2
mpp,-6.0,11,qpsk-r1/5,w,9,2,1,data,ok,5,4,-3.1,13.2
mpp,-6.0,11,ack-4f,w,3,3,0,ctl,ok,0,0,-5.7,13.2
mpp,-6.0,11,qpsk-r1/5,w,9,2,1,data,ok,7,0,-2.9,13.2
mpp,-6.0,11,n4-ack-8f,n4,3,3,0,ctl,ok,0,0,-5.4,13.2
mpp,-6.0,11,qpsk-r1/5,w,9,2,1,data,ok,0,0,-2.6,13.2
mpp,-6.0,11,ack-4f,w,3,3,0,ctl,ok,0,0,-3.2,13.2
mpp,-6.0,11,qpsk-r1/5,w,9,2,1,data,ok,7,7,-2.5,13.2
mpp,-6.0,11,ack-4f,w,3,3,0,ctl,ok,0,0,-6.5,13.2
mpp,-6.0,11,qpsk-r1/5,w,9,2,1,data,ok,7,0,-3.3,13.2
mpp,-6.0,11,ack-4f,w,3,3,0,ctl,ok,0,0,-2.1,13.2
mpp,-6.0,11,qpsk-r1/5,w,9,2,1,data,ok,0,0,-3.8,13.2
mpp,-6.0,11,ack-4f,w,3,3,0,ctl,ok,0,0,-3.1,13.2
mpp,-6.0,11,qpsk-r1/5,w,9,2,1,data,ok,7,0,-3.2,13.2
mpp,-6.0,11,ack-4f,w,2,2,0,ctl,ok,0,0,-4.2,13.2
mpp,-6.0,11,fsk32r62-r1/2,c32r62,9,1,0,data,ok,8,8,-2.5,13.2
mpp,-6.0,11,ack-4f,w,3,3,0,ctl,ok,0,0,-1.2,13.2
mpp,-6.0,11,qpsk-r1/5,w,9,2,1,data,ok,7,0,-3.4,13.2
mpp,-6.0,11,ack-4f,w,2,2,0,ctl,ok,0,0,-1.7,13.2
mpp,-6.0,11,fsk32r62-r1/2,c32r62,9,1,0,data,ok,8,8,-2.7,13.2
mpp,-6.0,11,ack-4f,w,2,2,0,ctl,ok,0,0,-4.7,13.2
mpp,-6.0,11,fsk32r62-r1/2,c32r62,9,1,0,data,ok,8,8,-2.9,13.2
mpp,-6.0,11,ack-4f,w,2,2,0,ctl,ok,0,0,1.4,13.2
mpp,-6.0,11,fsk32r62-r1/2,c32r62,9,1,0,data,ok,8,8,-2.2,13.2
mpp,-6.0,11,ack-4f,w,2,2,0,ctl,ok,0,0,-4.5,13.2
mpp,-6.0,11,fsk32r62-r1/2,c32r62,9,1,0,data,ok,8,8,-2.5,13.2
mpp,-6.0,11,ack-4f,w,2,2,0,ctl,ok,0,0,-1.7,13.2
mpp,-6.0,11,fsk32r62-r1/2,c32r62,9,1,0,data,ok,8,8,-2.3,13.2
mpp,-6.0,11,ack-4f,w,2,2,0,ctl,ok,0,0,-2.3,13.2
mpp,-6.0,11,fsk32r62-r1/2,c32r62,9,1,0,data,ok,8,8,-2.5,13.2
mpp,-6.0,11,ack-4f,w,2,2,0,ctl,ok,0,0,-2.1,13.2
mpp,-6.0,11,fsk32r62-r1/2,c32r62,9,1,0,data,ok,8,8,-2.2,13.2
mpp,-6.0,11,ack-4f,w,2,2,0,ctl,ok,0,0,-4.9,13.2
mpp,-6.0,11,fsk32r62-r1/2,c32r62,9,1,0,data,ok,8,8,-3.1,13.2
mpp,-6.0,11,ack-4f,w,2,2,0,ctl,ok,0,0,-4.9,13.2
mpp,-6.0,11,fsk32r62-r1/2,c32r62,9,1,0,data,ok,8,8,-2.5,13.2
mpp,-6.0,11,ack-4f,w,2,2,0,ctl,ok,0,0,-3.4,13.2
mpp,-6.0,11,fsk32r62-r1/2,c32r62,9,1,0,data,ok,8,8,-3.2,13.2
mpp,-6.0,11,ack-4f,w,2,2,0,ctl,ok,0,0,-6.5,13.2
mpp,-6.0,11,fsk32r62-r1/2,c32r62,9,1,0,data,ok,8,8,-2.4,13.2
mpp,-6.0,11,ack-4f,w,2,2,0,ctl,ok,0,0,-2.0,13.2
mpp,-6.0,11,fsk32r62-r1/2,c32r62,9,1,0,data,ok,8,8,-4.0,13.2
mpp,-6.0,11,ack-4f,w,2,2,0,ctl,ok,0,0,0.1,13.2
mpp,-6.0,11,fsk32r62-r1/2,c32r62,9,1,0,data,ok,8,8,-3.0,13.2
mpp,-6.0,11,ack-4f,w,2,2,0,ctl,ok,0,0,-1.7,13.2
mpp,-6.0,11,fsk32r62-r1/2,c32r62,9,1,0,data,ok,8,8,-3.2,13.2
mpp,-6.0,2,qpsk-r1/5,w,1,1,0,ctl,ok,0,0,-3.5,11.1
mpp,-6.0,2,qpsk-r1/5,w,1,1,0,ctl,ok,0,0,-1.3,11.1
mpp,-6.0,2,ack-4f,w,3,3,0,ctl,ok,0,0,-9.0,11.1
mpp,-6.0,2,ack-4f,w,3,3,0,ctl,ok,0,0,-5.6,11.1
mpp,-6.0,2,fsk32r62-r1/2,c32r62,10,2,1,data,ok,8,8,-2.7,11.1
mpp,-6.0,2,ack-4f,w,2,2,,ctl,missed,0,0,,11.1
mpp,-6.0,2,ack-4f,w,3,3,0,ctl,ok,0,0,-5.8,11.1
mpp,-6.0,2,ack-4f,w,2,2,0,ctl,ok,0,0,-1.3,11.1
mpp,-6.0,2,fsk32r62-r1/2,c32r62,9,1,0,data,ok,8,8,-3.0,11.1
mpp,-6.0,2,ack-4f,w,2,2,0,ctl,ok,0,0,-1.9,11.1
mpp,-6.0,2,fsk32r62-r1/2,c32r62,9,1,0,data,ok,8,8,-2.1,11.1
mpp,-6.0,2,ack-4f,w,2,2,,ctl,missed,0,0,,11.1
mpp,-6.0,2,ack-4f,w,3,3,0,ctl,ok,0,0,-2.4,11.1
mpp,-6.0,2,ack-4f,w,2,2,0,ctl,ok,0,0,-5.8,11.1
mpp,-6.0,2,fsk32r62-r1/2,c32r62,9,1,0,data,ok,8,8,-2.8,11.1
mpp,-6.0,2,ack-4f,w,2,2,,ctl,missed,0,0,,11.1
mpp,-6.0,2,ack-4f,w,3,3,0,ctl,ok,0,0,-4.5,11.1
mpp,-6.0,2,ack-4f,w,2,2,0,ctl,ok,0,0,-3.6,11.1
mpp,-6.0,2,fsk32r62-r1/2,c32r62,9,1,0,data,ok,8,8,-2.7,11.1
mpp,-6.0,2,ack-4f,w,2,2,,ctl,missed,0,0,,11.1
mpp,-6.0,2,ack-4f,w,3,3,0,ctl,ok,0,0,-1.7,11.1
mpp,-6.0,2,ack-4f,w,2,2,0,ctl,ok,0,0,-2.3,11.1
mpp,-6.0,2,fsk32r62-r1/2,c32r62,9,1,0,data,ok,8,8,-2.4,11.1
mpp,-6.0,2,ack-4f,w,2,2,0,ctl,ok,0,0,-6.7,11.1
mpp,-6.0,2,fsk32r62-r1/2,c32r62,9,1,0,data,ok,8,8,-2.8,11.1
mpp,-6.0,2,ack-4f,w,2,2,0,ctl,ok,0,0,-1.9,11.1
mpp,-6.0,2,fsk32r62-r1/2,c32r62,9,1,0,data,ok,8,8,-2.1,11.1
mpp,-6.0,2,ack-4f,w,2,2,0,ctl,ok,0,0,-2.1,11.1
mpp,-6.0,2,fsk32r62-r1/2,c32r62,9,1,0,data,ctl_lost,8,8,-3.2,11.1
mpp,-6.0,2,ack-4f,w,3,3,0,ctl,ok,0,0,-4.0,11.1
mpp,-6.0,2,ack-4f,w,3,3,0,ctl,ctl_lost,0,0,-9.4,11.1
mpp,-6.0,2,ack-4f,w,3,3,0,ctl,ok,0,0,-2.0,11.1
mpp,-6.0,2,ack-4f,w,3,3,0,ctl,ok,0,0,-1.9,11.1
mpp,-6.0,2,qpsk-r1/5,w,9,2,1,data,ok,7,0,-3.7,11.1
mpp,-6.0,2,ack-4f,w,3,3,0,ctl,ctl_lost,0,0,-6.5,11.1
mpp,-6.0,2,ack-4f,w,4,4,0,ctl,ok,0,0,-1.5,11.1
mpp,-6.0,2,ack-4f,w,3,3,0,ctl,ok,0,0,-4.4,11.1
mpp,-6.0,2,qpsk-r1/5,w,9,2,1,data,ok,7,7,-2.3,11.1
mpp,-6.0,2,n4-ack-8f,n4,3,3,0,ctl,ok,0,0,-3.3,11.1
mpp,-6.0,2,qpsk-r1/5,w,9,2,1,data,ok,7,7,-3.4,11.1
mpp,-6.0,2,ack-4f,w,3,3,0,ctl,ok,0,0,-2.1,11.1
mpp,-6.0,2,qpsk-r1/5,w,9,2,1,data,ok,7,7,-2.0,11.1
mpp,-6.0,2,ack-4f,w,3,3,0,ctl,ok,0,0,-3.2,11.1
mpp,-6.0,2,qpsk-r1/5,w,9,2,1,data,ok,7,0,-3.3,11.1
mpp,-6.0,2,ack-4f,w,3,3,0,ctl,ok,0,0,-3.1,11.1
mpp,-6.0,2,qpsk-r1/5,w,9,2,1,data,ok,0,0,-2.0,11.1
mpp,-6.0,2,ack-4f,w,3,3,0,ctl,ok,0,0,-1.1,11.1
mpp,-6.0,2,qpsk-r1/5,w,9,2,1,data,ok,7,7,-1.7,11.1
mpp,-6.0,2,ack-4f,w,2,2,0,ctl,ok,0,0,-1.1,11.1
mpp,-6.0,2,qpsk-r1/5,w,9,1,0,data,ok,8,5,-2.2,11.1
mpp,-6.0,2,ack-4f,w,3,3,,ctl,missed,0,0,,11.1
mpp,-6.0,2,ack-4f,w,2,2,0,ctl,ok,0,0,-0.1,11.1
mpp,-6.0,2,ack-4f,w,3,3,0,ctl,ok,0,0,-1.5,11.1
mpp,-6.0,2,qpsk-r1/5,w,9,1,0,data,ctl_lost,8,0,-5.0,11.1
mpp,-6.0,2,ack-4f,w,2,2,0,ctl,ok,0,0,-3.8,11.1
mpp,-6.0,2,ack-4f,w,3,3,0,ctl,ok,0,0,-3.8,11.1
mpp,-6.0,2,qpsk-r1/5,w,9,2,1,data,ok,7,7,-1.5,11.1
mpp,-6.0,2,ack-4f,w,3,3,,ctl,missed,0,0,,11.1
mpp,-6.0,2,ack-4f,w,3,3,0,ctl,ok,0,0,-0.9,11.1
mpp,-6.0,2,ack-4f,w,3,3,0,ctl,ok,0,0,-0.7,11.1
mpp,-6.0,2,qpsk-r1/5,w,9,2,1,data,ok,7,6,-3.2,11.1
mpp,-6.0,2,ack-4f,w,3,3,0,ctl,ok,0,0,-5.0,11.1
mpp,-6.0,2,qpsk-r1/5,w,9,2,1,data,ok,6,5,-1.9,11.1
mpp,-6.0,2,ack-4f,w,3,3,0,ctl,ok,0,0,-2.6,11.1
mpp,-6.0,2,qpsk-r1/5,w,9,2,1,data,ok,6,0,-2.2,11.1
mpp,-6.0,2,ack-4f,w,3,3,0,ctl,ok,0,0,-7.2,11.1
mpp,-6.0,2,qpsk-r1/5,w,9,1,0,data,ctl_lost,4,0,-2.9,11.1
mpp,-6.0,2,ack-4f,w,3,3,0,ctl,ok,0,0,-2.6,11.1
mpp,-6.0,2,ack-4f,w,3,3,0,ctl,ok,0,0,-4.2,11.1
mpp,-6.0,2,qpsk-r1/5,w,9,2,1,data,ok,3,3,-2.2,11.1
mpp,-6.0,2,ack-4f,w,3,3,0,ctl,ok,0,0,-1.2,11.1
mpp,-6.0,2,qpsk-r1/5,w,9,2,1,data,ok,7,0,-3.4,11.1
mpp,-6.0,2,ack-4f,w,3,3,0,ctl,ok,0,0,-0.3,11.1
mpp,-6.0,2,qpsk-r1/3,w,9,2,1,data,ctl_lost,7,0,-3.5,11.1
mpp,-6.0,2,ack-4f,w,4,4,0,ctl,ok,0,0,-5.9,11.1
mpp,-6.0,2,ack-4f,w,3,3,0,ctl,ok,0,0,-4.3,11.1
mpp,-6.0,5,qpsk-r1/5,w,1,1,0,ctl,ctl_lost,0,0,-0.8,11.9
mpp,-6.0,5,n4-qpsk-r1/3,n4,1,1,0,ctl,ok,0,0,-3.1,11.9
mpp,-6.0,5,n4-qpsk-r1/3,n4,1,1,0,ctl,ok,0,0,-0.7,11.9
mpp,-6.0,5,ack-4f,w,3,3,0,ctl,ok,0,0,-2.9,11.9
mpp,-6.0,5,ack-4f,w,2,2,0,ctl,ok,0,0,0.1,11.9
mpp,-6.0,5,fsk32r62-r1/2,c32r62,9,1,0,data,ok,8,8,-2.4,11.9
mpp,-6.0,5,ack-4f,w,2,2,0,ctl,ok,0,0,-2.9,11.9
mpp,-6.0,5,fsk32r62-r1/2,c32r62,9,1,0,data,ok,8,7,-3.1,11.9
mpp,-6.0,5,ack-4f,w,3,3,0,ctl,ok,0,0,-1.3,11.9
mpp,-6.0,5,fsk32r62-r1/2,c32r62,10,2,1,data,ok,7,7,-3.3,11.9
mpp,-6.0,5,ack-4f,w,3,3,0,ctl,ok,0,0,-1.5,11.9
mpp,-6.0,5,fsk32r62-r1/2,c32r62,10,2,1,data,ok,8,8,-2.4,11.9
mpp,-6.0,5,ack-4f,w,2,2,0,ctl,ok,0,0,-7.7,11.9
mpp,-6.0,5,fsk32r62-r1/2,c32r62,9,1,0,data,ok,8,8,-3.2,11.9
mpp,-6.0,5,ack-4f,w,2,2,0,ctl,ctl_lost,0,0,-5.8,11.9
mpp,-6.0,5,ack-4f,w,3,3,0,ctl,ctl_lost,0,0,-7.1,11.9
mpp,-6.0,5,ack-4f,w,3,3,,ctl,missed,0,0,,11.9
mpp,-6.0,5,ack-4f,w,3,3,0,ctl,ok,0,0,0.1,11.9
mpp,-6.0,5,ack-4f,w,3,3,0,ctl,ok,0,0,-4.7,11.9
mpp,-6.0,5,qpsk-r1/5,w,9,2,1,data,ok,7,7,-2.5,11.9
mpp,-6.0,5,n4-ack-8f,n4,3,3,0,ctl,ok,0,0,-5.6,11.9
mpp,-6.0,5,qpsk-r1/5,w,9,2,1,data,ok,7,7,-2.7,11.9
mpp,-6.0,5,ack-4f,w,3,3,0,ctl,ok,0,0,-4.1,11.9
mpp,-6.0,5,qpsk-r1/5,w,9,2,1,data,ok,7,7,-2.3,11.9
mpp,-6.0,5,n4-ack-8f,n4,3,3,0,ctl,ok,0,0,-5.5,11.9
mpp,-6.0,5,qpsk-r1/5,w,9,2,1,data,ok,7,7,-2.8,11.9
mpp,-6.0,5,ack-4f,w,3,3,,ctl,missed,0,0,,11.9
mpp,-6.0,5,ack-4f,w,2,2,0,ctl,ok,0,0,-1.3,11.9
mpp,-6.0,5,ack-4f,w,3,3,0,ctl,ctl_lost,0,0,-9.2,11.9
mpp,-6.0,5,ack-4f,w,3,3,0,ctl,ok,0,0,-5.6,11.9
mpp,-6.0,5,ack-4f,w,3,3,,ctl,missed,0,0,,11.9
mpp,-6.0,5,ack-4f,w,3,3,0,ctl,ok,0,0,-1.4,11.9
mpp,-6.0,5,ack-4f,w,3,3,0,ctl,ok,0,0,-2.7,11.9
mpp,-6.0,5,qpsk-r1/5,w,9,2,1,data,ok,7,7,-2.5,11.9
mpp,-6.0,5,n4-ack-8f,n4,3,3,0,ctl,ok,0,0,-5.5,11.9
mpp,-6.0,5,qpsk-r1/5,w,9,2,1,data,ok,7,7,-1.3,11.9
mpp,-6.0,5,ack-4f,w,2,2,0,ctl,ok,0,0,-2.0,11.9
mpp,-6.0,5,qpsk-r1/5,w,9,1,0,data,ok,8,8,-2.4,11.9
mpp,-6.0,5,ack-4f,w,2,2,0,ctl,ok,0,0,-1.2,11.9
mpp,-6.0,5,qpsk-r1/5,w,9,1,0,data,ctl_lost,8,0,-4.7,11.9
mpp,-6.0,5,ack-4f,w,3,3,0,ctl,ok,0,0,-1.5,11.9
mpp,-6.0,5,ack-4f,w,3,3,0,ctl,ok,0,0,-3.3,11.9
mpp,-6.0,5,qpsk-r1/5,w,9,2,1,data,ok,7,0,-3.1,11.9
mpp,-6.0,5,ack-4f,w,3,3,0,ctl,ok,0,0,-4.1,11.9
mpp,-6.0,5,qpsk-r1/5,w,9,2,1,data,ok,0,0,-2.4,11.9
mpp,-6.0,5,ack-4f,w,3,3,0,ctl,ok,0,0,-0.0,11.9
mpp,-6.0,5,qpsk-r1/5,w,9,2,1,data,ok,7,7,-1.8,11.9
mpp,-6.0,5,ack-4f,w,2,2,0,ctl,ok,0,0,-4.2,11.9
mpp,-6.0,5,qpsk-r1/5,w,9,1,0,data,ctl_lost,8,0,-4.1,11.9
mpp,-6.0,5,ack-4f,w,3,3,0,ctl,ok,0,0,-1.7,11.9
mpp,-6.0,5,ack-4f,w,3,3,0,ctl,ok,0,0,-3.2,11.9
mpp,-6.0,5,qpsk-r1/5,w,9,2,1,data,ok,7,5,-2.5,11.9
mpp,-6.0,5,ack-4f,w,3,3,0,ctl,ok,0,0,-4.7,11.9
mpp,-6.0,5,qpsk-r1/5,w,9,2,1,data,ctl_lost,5,0,-5.0,11.9
mpp,-6.0,5,ack-4f,w,3,3,,ctl,missed,0,0,,11.9
mpp,-6.0,5,ack-4f,w,3,3,0,ctl,ok,0,0,-3.6,11.9
mpp,-6.0,5,ack-4f,w,3,3,0,ctl,ok,0,0,-5.8,11.9
mpp,-6.0,5,qpsk-r1/5,w,9,2,1,data,ok,5,5,-1.6,11.9
mpp,-6.0,5,ack-4f,w,3,3,0,ctl,ok,0,0,-2.6,11.9
mpp,-6.0,5,qpsk-r1/5,w,9,2,1,data,ok,7,2,-3.2,11.9
mpp,-6.0,5,ack-4f,w,3,3,0,ctl,ctl_lost,0,0,-5.6,11.9
mpp,-6.0,5,ack-4f,w,3,3,0,ctl,ok,0,0,-1.2,11.9
mpp,-6.0,5,ack-4f,w,3,3,,ctl,missed,0,0,,11.9
mpp,-6.0,5,ack-4f,w,3,3,0,ctl,ok,0,0,-3.9,11.9
mpp,-6.0,5,ack-4f,w,3,3,0,ctl,ok,0,0,-3.5,11.9
mpp,-6.0,5,qpsk-r1/5,w,9,2,1,data,ok,7,7,-2.2,11.9
mpp,-6.0,5,ack-4f,w,3,3,0,ctl,ok,0,0,-3.6,11.9
mpp,-6.0,5,qpsk-r1/5,w,9,2,1,data,ok,7,0,-4.3,11.9
mpp,-6.0,5,ack-4f,w,3,3,0,ctl,ok,0,0,-3.1,11.9
mpp,-6.0,5,qpsk-r1/5,w,9,2,1,data,ok,0,0,-4.3,11.9
mpp,-6.0,5,ack-4f,w,3,3,0,ctl,ok,0,0,-1.0,11.9
mpp,-6.0,5,qpsk-r1/5,w,9,2,1,data,ok,7,0,-2.9,11.9
mpp,-6.0,5,ack-4f,w,2,2,0,ctl,ok,0,0,-7.2,11.9
mpp,-6.0,5,fsk32r62-r1/2,c32r62,9,1,0,data,ok,8,8,-2.6,11.9
mpp,-6.0,5,ack-4f,w,3,3,,ctl,missed,0,0,,11.9
mpp,-6.0,5,ack-4f,w,4,4,0,ctl,ok,0,0,-4.8,11.9
mpp,-6.0,5,ack-4f,w,3,3,0,ctl,ok,0,0,-2.1,11.9
mpp,-6.0,5,qpsk-r1/5,w,9,2,1,data,ok,7,1,-3.3,11.9
mpp,-6.0,5,ack-4f,w,3,3,0,ctl,ok,0,0,-4.2,11.9
mpp,-6.0,5,qpsk-r1/5,w,9,2,1,data,ok,2,2,-2.6,11.9
mpp,-6.0,5,ack-4f,w,2,2,0,ctl,ok,0,0,-4.6,11.9
mpp,-6.0,5,qpsk-r1/5,w,9,1,0,data,ok,8,8,-1.3,11.9
mpp,-6.0,9,qpsk-r1/5,w,1,1,0,ctl,ctl_lost,0,0,-5.4,10.2
mpp,-6.0,9,n4-qpsk-r1/3,n4,1,1,0,ctl,ctl_lost,0,0,-5.5,10.2
mpp,-6.0,9,n4-qpsk-r1/3,n4,1,1,0,ctl,ok,0,0,-1.7,10.2
mpp,-6.0,9,n4-qpsk-r1/3,n4,1,1,0,ctl,ok,0,0,-5.2,10.2
mpp,-6.0,9,ack-4f,w,3,3,0,ctl,ok,0,0,-3.6,10.2
mpp,-6.0,9,n10-ack-4f,n10,3,3,0,ctl,ok,0,0,-4.7,10.2
mpp,-6.0,9,qpsk-r1/5,w,9,2,1,data,ok,7,7,-1.8,10.2
mpp,-6.0,9,ack-4f,w,3,3,0,ctl,ok,0,0,-4.8,10.2
mpp,-6.0,9,qpsk-r1/5,w,9,2,1,data,ok,7,7,-1.3,10.2
mpp,-6.0,9,ack-4f,w,3,3,0,ctl,ok,0,0,-1.7,10.2
mpp,-6.0,9,qpsk-r1/5,w,9,2,1,data,ok,7,0,-3.1,10.2
mpp,-6.0,9,ack-4f,w,3,3,0,ctl,ok,0,0,-0.6,10.2
mpp,-6.0,9,qpsk-r1/5,w,9,2,,data,missed,0,0,,10.2
mpp,-6.0,9,ack-4f,w,3,3,0,ctl,ok,0,0,-3.9,10.2
mpp,-6.0,9,ack-4f,w,3,3,0,ctl,ok,0,0,-5.3,10.2
mpp,-6.0,9,fsk32r62-r1/2,c32r62,10,2,1,data,ok,8,8,-1.8,10.2
mpp,-6.0,9,ack-4f,w,3,3,0,ctl,ok,0,0,-6.4,10.2
mpp,-6.0,9,qpsk-r1/5,w,9,2,1,data,ok,7,1,-2.0,10.2
mpp,-6.0,9,ack-4f,w,3,3,0,ctl,ok,0,0,-5.5,10.2
mpp,-6.0,9,qpsk-r1/5,w,9,2,1,data,ok,1,0,-2.1,10.2
mpp,-6.0,9,ack-4f,w,3,3,0,ctl,ok,0,0,-4.5,10.2
mpp,-6.0,9,qpsk-r1/5,w,9,2,1,data,ok,7,7,-0.8,10.2
mpp,-6.0,9,ack-4f,w,2,2,0,ctl,ok,0,0,-0.1,10.2
mpp,-6.0,9,qpsk-r1/5,w,9,1,0,data,ok,8,2,-3.1,10.2
mpp,-6.0,9,ack-4f,w,3,3,0,ctl,ok,0,0,-6.2,10.2
mpp,-6.0,9,qpsk-r1/5,w,9,1,,data,missed,0,0,,10.2
mpp,-6.0,9,ack-4f,w,3,3,0,ctl,ok,0,0,-2.2,10.2
mpp,-6.0,9,ack-4f,w,3,3,0,ctl,ok,0,0,-3.9,10.2
mpp,-6.0,9,qpsk-r1/5,w,9,2,1,data,ok,1,0,-3.5,10.2
mpp,-6.0,9,ack-4f,w,3,3,0,ctl,ok,0,0,-4.8,10.2
mpp,-6.0,9,qpsk-r1/5,w,9,2,1,data,ok,6,6,-2.2,10.2
mpp,-6.0,9,ack-4f,w,2,2,0,ctl,ok,0,0,-1.3,10.2
mpp,-6.0,9,qpsk-r1/5,w,9,1,0,data,ctl_lost,8,4,-2.0,10.2
mpp,-6.0,9,ack-4f,w,3,3,0,ctl,ok,0,0,-0.8,10.2
mpp,-6.0,9,ack-4f,w,3,3,0,ctl,ok,0,0,-4.9,10.2
mpp,-6.0,9,qpsk-r1/5,w,9,2,1,data,ok,7,2,-2.3,10.2
mpp,-6.0,9,ack-4f,w,3,3,0,ctl,ok,0,0,-1.2,10.2
mpp,-6.0,9,qpsk-r1/5,w,9,2,1,data,ok,2,2,-2.2,10.2
mpp,-6.0,9,ack-4f,w,3,3,0,ctl,ok,0,0,-2.8,10.2
mpp,-6.0,9,qpsk-r1/5,w,9,2,1,data,ok,7,7,-1.2,10.2
mpp,-6.0,9,ack-4f,w,2,2,0,ctl,ok,0,0,-6.5,10.2
mpp,-6.0,9,qpsk-r1/5,w,9,1,0,data,ctl_lost,8,0,-5.4,10.2
mpp,-6.0,9,ack-4f,w,3,3,,ctl,missed,0,0,,10.2
mpp,-6.0,9,ack-4f,w,3,3,0,ctl,ok,0,0,-0.6,10.2
mpp,-6.0,9,ack-4f,w,3,3,0,ctl,ok,0,0,-2.2,10.2
mpp,-6.0,9,qpsk-r1/5,w,9,2,1,data,ok,7,0,-2.6,10.2
mpp,-6.0,9,ack-4f,w,3,3,0,ctl,ok,0,0,-4.7,10.2
mpp,-6.0,9,qpsk-r1/5,w,9,2,1,data,ok,0,0,-1.2,10.2
mpp,-6.0,9,ack-4f,w,3,3,0,ctl,ctl_lost,0,0,-5.4,10.2
mpp,-6.0,9,ack-4f,w,3,3,0,ctl,ok,0,0,-1.3,10.2
mpp,-6.0,9,ack-4f,w,3,3,0,ctl,ok,0,0,-2.1,10.2
mpp,-6.0,9,qpsk-r1/5,w,9,2,1,data,ok,7,0,-3.8,10.2
mpp,-6.0,9,ack-4f,w,2,2,0,ctl,ok,0,0,-3.0,10.2
mpp,-6.0,9,fsk32r62-r1/2,c32r62,9,1,0,data,ok,8,8,-2.6,10.2
mpp,-6.0,9,ack-4f,w,2,2,0,ctl,ok,0,0,-0.2,10.2
mpp,-6.0,9,fsk32r62-r1/2,c32r62,9,1,0,data,ok,8,8,-2.9,10.2
mpp,-6.0,9,ack-4f,w,2,2,0,ctl,ok,0,0,-7.6,10.2
mpp,-6.0,9,fsk32r62-r1/2,c32r62,9,1,0,data,ok,8,8,-3.0,10.2
mpp,-6.0,9,ack-4f,w,2,2,0,ctl,ok,0,0,-4.4,10.2
mpp,-6.0,9,fsk32r62-r1/2,c32r62,9,1,0,data,ok,8,8,-2.4,10.2
mpp,-6.0,9,ack-4f,w,2,2,0,ctl,ok,0,0,-0.4,10.2
mpp,-6.0,9,fsk32r62-r1/2,c32r62,9,1,0,data,ctl_lost,8,8,-2.9,10.2
mpp,-6.0,9,ack-4f,w,3,3,0,ctl,ok,0,0,-1.6,10.2
mpp,-6.0,9,ack-4f,w,3,3,0,ctl,ok,0,0,-2.7,10.2
mpp,-6.0,9,fsk32r62-r1/2,c32r62,10,2,1,data,ok,8,8,-2.4,10.2
mpp,-6.0,9,ack-4f,w,3,3,0,ctl,ok,0,0,-3.8,10.2
mpp,-6.0,9,qpsk-r1/5,w,9,2,1,data,ok,7,7,-2.9,10.2
mpp,-6.0,9,ack-4f,w,3,3,0,ctl,ok,0,0,-0.3,10.2
mpp,-6.0,9,qpsk-r1/5,w,9,2,1,data,ok,7,0,-4.2,10.2
mpp,-6.0,9,ack-4f,w,3,3,0,ctl,ok,0,0,0.1,10.2
mpp,-6.0,9,fsk32r62-r1/2,c32r62,10,2,1,data,ok,8,8,-3.0,10.2
mpp,-6.0,7,qpsk-r1/5,w,1,1,0,ctl,ctl_lost,0,0,-3.7,11.9
mpp,-6.0,7,n4-qpsk-r1/3,n4,1,1,0,ctl,ok,0,0,-1.7,11.9
mpp,-6.0,7,n4-qpsk-r1/3,n4,1,1,0,ctl,ok,0,0,-6.8,11.9
mpp,-6.0,7,ack-4f,w,3,3,0,ctl,ok,0,0,-5.0,11.9
mpp,-6.0,7,n10-ack-4f,n10,3,3,0,ctl,ok,0,0,-2.9,11.9
mpp,-6.0,7,qpsk-r1/5,w,9,2,1,data,ok,7,5,-2.7,11.9
mpp,-6.0,7,ack-4f,w,3,3,0,ctl,ctl_lost,0,0,-5.2,11.9
mpp,-6.0,7,ack-4f,w,3,3,0,ctl,ok,0,0,-5.6,11.9
mpp,-6.0,7,ack-4f,w,3,3,0,ctl,ok,0,0,0.5,11.9
mpp,-6.0,7,qpsk-r1/5,w,9,2,1,data,ok,7,7,-1.9,11.9
mpp,-6.0,7,n10-ack-4f,n10,3,3,0,ctl,ok,0,0,-0.9,11.9
mpp,-6.0,7,qpsk-r1/5,w,9,2,1,data,ok,7,7,-2.3,11.9
mpp,-6.0,7,ack-4f,w,3,3,0,ctl,ok,0,0,-3.9,11.9
mpp,-6.0,7,qpsk-r1/5,w,9,2,1,data,ok,7,7,-1.5,11.9
mpp,-6.0,7,ack-4f,w,3,3,0,ctl,ok,0,0,-1.1,11.9
mpp,-6.0,7,qpsk-r1/5,w,9,2,1,data,ok,7,0,-3.3,11.9
mpp,-6.0,7,ack-4f,w,3,3,0,ctl,ok,0,0,-2.5,11.9
mpp,-6.0,7,qpsk-r1/5,w,9,2,1,data,ok,0,0,-4.1,11.9
mpp,-6.0,7,ack-4f,w,3,3,0,ctl,ok,0,0,-1.6,11.9
mpp,-6.0,7,qpsk-r1/5,w,9,2,,data,missed,0,0,,11.9
mpp,-6.0,7,ack-4f,w,3,3,0,ctl,ok,0,0,-2.6,11.9
mpp,-6.0,7,ack-4f,w,3,3,0,ctl,ok,0,0,-5.3,11.9
mpp,-6.0,7,qpsk-r1/5,w,9,2,1,data,ok,7,0,-3.7,11.9
mpp,-6.0,7,ack-4f,w,3,3,0,ctl,ok,0,0,-2.1,11.9
mpp,-6.0,7,qpsk-r1/5,w,9,2,1,data,ok,0,0,-1.2,11.9
mpp,-6.0,7,ack-4f,w,2,2,0,ctl,ctl_lost,0,0,-18.9,11.9
mpp,-6.0,7,ack-4f,w,3,3,0,ctl,ok,0,0,-3.9,11.9
mpp,-6.0,7,ack-4f,w,2,2,0,ctl,ok,0,0,-3.8,11.9
mpp,-6.0,7,qpsk-r1/5,w,9,1,0,data,ok,8,8,-2.0,11.9
mpp,-6.0,7,n10-ack-4f,n10,3,3,0,ctl,ok,0,0,-0.5,11.9
mpp,-6.0,7,qpsk-r1/5,w,9,2,1,data,ok,7,7,-1.9,11.9
mpp,-6.0,7,n10-ack-4f,n10,2,2,,ctl,missed,0,0,,11.9
mpp,-6.0,7,ack-4f,w,3,3,0,ctl,ok,0,0,-3.4,11.9
mpp,-6.0,7,ack-4f,w,2,2,0,ctl,ok,0,0,-3.7,11.9
mpp,-6.0,7,qpsk-r1/5,w,9,1,0,data,ok,8,8,-2.3,11.9
mpp,-6.0,7,n10-ack-4f,n10,2,2,0,ctl,ok,0,0,-3.6,11.9
mpp,-6.0,7,qpsk-r1/5,w,9,1,0,data,ctl_lost,8,1,-3.1,11.9
mpp,-6.0,7,ack-4f,w,2,2,0,ctl,ok,0,0,-0.5,11.9
mpp,-6.0,7,ack-4f,w,3,3,0,ctl,ok,0,0,-1.2,11.9
mpp,-6.0,7,qpsk-r1/5,w,9,2,1,data,ok,7,0,-3.4,11.9
mpp,-6.0,7,n10-ack-4f,n10,3,3,,ctl,missed,0,0,,11.9
mpp,-6.0,7,ack-4f,w,3,3,0,ctl,ok,0,0,-4.4,11.9
mpp,-6.0,7,ack-4f,w,3,3,0,ctl,ok,0,0,0.5,11.9
mpp,-6.0,7,qpsk-r1/5,w,9,2,1,data,ok,7,7,-2.7,11.9
mpp,-6.0,7,n10-ack-4f,n10,3,3,0,ctl,ok,0,0,-7.0,11.9
mpp,-6.0,7,qpsk-r1/5,w,9,2,1,data,ok,7,7,-0.5,11.9
mpp,-6.0,7,ack-4f,w,2,2,0,ctl,ok,0,0,-0.9,11.9
mpp,-6.0,7,qpsk-r1/5,w,9,1,0,data,ctl_lost,8,0,-3.6,11.9
mpp,-6.0,7,ack-4f,w,3,3,0,ctl,ok,0,0,-3.8,11.9
mpp,-6.0,7,ack-4f,w,3,3,0,ctl,ok,0,0,-2.2,11.9
mpp,-6.0,7,qpsk-r1/5,w,9,2,1,data,ok,7,7,-2.4,11.9
mpp,-6.0,7,n10-ack-4f,n10,3,3,0,ctl,ok,0,0,0.8,11.9
mpp,-6.0,7,qpsk-r1/5,w,9,2,1,data,ok,7,7,-2.1,11.9
mpp,-6.0,7,n10-ack-4f,n10,3,3,0,ctl,ok,0,0,-1.7,11.9
mpp,-6.0,7,qpsk-r1/5,w,9,2,1,data,ok,7,5,-3.1,11.9
mpp,-6.0,7,n10-ack-4f,n10,3,3,,ctl,missed,0,0,,11.9
mpp,-6.0,7,ack-4f,w,3,3,0,ctl,ok,0,0,-4.9,11.9
mpp,-6.0,7,ack-4f,w,3,3,0,ctl,ok,0,0,-1.6,11.9
mpp,-6.0,7,qpsk-r1/5,w,9,2,1,data,ok,7,7,-1.9,11.9
mpp,-6.0,7,n10-ack-4f,n10,3,3,,ctl,missed,0,0,,11.9
mpp,-6.0,7,ack-4f,w,3,3,0,ctl,ok,0,0,-4.8,11.9
mpp,-6.0,7,ack-4f,w,2,2,0,ctl,ok,0,0,-3.1,11.9
mpp,-6.0,7,qpsk-r1/5,w,9,1,0,data,ok,8,8,-1.7,11.9
mpp,-6.0,7,n10-ack-4f,n10,3,3,0,ctl,ok,0,0,-2.9,11.9
mpp,-6.0,7,qpsk-r1/5,w,9,2,1,data,ok,7,0,-5.4,11.9
mpp,-6.0,7,n10-ack-4f,n10,2,2,0,ctl,ctl_lost,0,0,-3.7,11.9
mpp,-6.0,7,ack-4f,w,3,3,0,ctl,ok,0,0,-6.9,11.9
mpp,-6.0,7,ack-4f,w,3,3,0,ctl,ok,0,0,-1.7,11.9
mpp,-6.0,7,qpsk-r1/5,w,9,2,1,data,ok,7,3,-2.8,11.9
mpp,-6.0,7,ack-4f,w,3,3,0,ctl,ok,0,0,-1.0,11.9
mpp,-6.0,7,qpsk-r1/5,w,9,2,1,data,ok,7,6,-3.0,11.9
mpp,-6.0,7,ack-4f,w,3,3,0,ctl,ok,0,0,-2.1,11.9
mpp,-6.0,7,qpsk-r1/5,w,9,1,,data,missed,0,0,,11.9
mpp,-6.0,7,ack-4f,w,3,3,0,ctl,ok,0,0,-5.4,11.9
mpp,-6.0,7,ack-4f,w,3,3,0,ctl,ok,0,0,-1.1,11.9
mpp,-6.0,7,qpsk-r1/5,w,9,2,1,data,ok,6,0,-2.4,11.9
mpp,-6.0,7,ack-4f,w,3,3,0,ctl,ok,0,0,-2.1,11.9
mpp,-6.0,7,qpsk-r1/5,w,9,2,1,data,ok,1,0,-1.7,11.9
mpp,-6.0,7,ack-4f,w,2,2,0,ctl,ok,0,0,-0.3,11.9
mpp,-6.0,7,qpsk-r1/5,w,9,1,0,data,ok,8,8,-2.2,11.9
mpp,-6.0,7,ack-4f,w,2,2,0,ctl,ok,0,0,-1.1,11.9
mpp,-6.0,7,qpsk-r1/5,w,9,1,0,data,ctl_lost,8,0,-3.4,11.9
mpp,-6.0,7,ack-4f,w,3,3,0,ctl,ctl_lost,0,0,-5.3,11.9
mpp,-6.0,7,ack-4f,w,3,3,0,ctl,ok,0,0,-0.3,11.9
mpp,-6.0,7,ack-4f,w,3,3,0,ctl,ok,0,0,-2.9,11.9
mpp,-6.0,7,qpsk-r1/5,w,9,2,1,data,ok,7,7,-0.9,11.9
mpp,-6.0,7,ack-4f,w,2,2,0,ctl,ok,0,0,1.0,11.9
mpp,-6.0,7,qpsk-r1/5,w,9,1,0,data,ctl_lost,8,0,-3.9,11.9
mpp,-6.0,7,ack-4f,w,3,3,0,ctl,ok,0,0,-5.4,11.9
mpp,-6.0,7,ack-4f,w,3,3,0,ctl,ok,0,0,-0.7,11.9
mpp,-6.0,7,fsk32r62-r1/2,c32r62,10,2,1,data,ok,8,8,-2.8,11.9
mpp,-6.0,7,ack-4f,w,3,3,0,ctl,ok,0,0,-3.3,11.9
mpp,-6.0,7,qpsk-r1/5,w,9,2,1,data,ok,7,0,-3.9,11.9
mpp,-6.0,7,ack-4f,w,2,2,0,ctl,ok,0,0,-4.2,11.9
mpp,-6.0,7,fsk32r62-r1/2,c32r62,9,1,0,data,ok,8,7,-2.7,11.9
mpd,20.0,1,qpsk-r1/5,w,1,1,0,ctl,ok,0,0,17.6,300.1
mpd,20.0,1,qpsk-r1/5,w,1,1,0,ctl,ok,0,0,19.9,300.1
mpd,20.0,1,ack-4f,w,3,3,0,ctl,ok,0,0,19.8,300.1
mpd,20.0,1,ack-1f,w,2,2,0,ctl,ok,0,0,18.0,300.1
mpd,20.0,1,w48-16qam-r1/2,w48,19,1,0,data,ok,18,18,12.8,300.1
mpd,20.0,1,ack-1f,w,3,3,0,ctl,ok,0,0,18.3,300.1
mpd,20.0,1,w48-16qam-r1/2,w48,19,2,1,data,ok,17,17,15.4,300.1
mpd,20.0,1,ack-1f,w,3,3,0,ctl,ok,0,0,18.7,300.1
mpd,20.0,1,w48-16qam-r1/2,w48,19,2,1,data,ok,17,17,15.0,300.1
mpd,20.0,1,ack-1f,w,2,2,0,ctl,ok,0,0,19.7,300.1
mpd,20.0,1,w48-16qam-r1/2,w48,19,1,0,data,ok,18,18,17.8,300.1
mpd,20.0,1,ack-1f,w,2,2,0,ctl,ok,0,0,19.4,300.1
mpd,20.0,1,w48-16qam-r1/2,w48,19,1,0,data,ok,18,18,12.0,300.1
mpd,20.0,1,ack-1f,w,2,2,0,ctl,ok,0,0,18.3,300.1
mpd,20.0,1,w48-16qam-r1/2,w48,19,1,0,data,ok,18,18,17.5,300.1
mpd,20.0,1,ack-1f,w,2,2,0,ctl,ok,0,0,19.9,300.1
mpd,20.0,1,w48-16qam-r1/2,w48,19,1,0,data,ok,18,18,15.1,300.1
mpd,20.0,1,ack-1f,w,2,2,0,ctl,ok,0,0,19.7,300.1
mpd,20.0,1,w48-16qam-r1/2,w48,19,1,0,data,ok,18,18,16.3,300.1
mpd,20.0,1,ack-1f,w,2,2,0,ctl,ok,0,0,18.7,300.1
mpd,20.0,1,w48-16qam-r1/2,w48,19,1,0,data,ok,18,18,13.2,300.1
mpd,20.0,1,ack-1f,w,2,2,0,ctl,ok,0,0,11.6,300.1
mpd,20.0,1,w48-16qam-r1/2,w48,19,1,0,data,ok,18,18,14.0,300.1
mpd,20.0,1,ack-1f,w,3,3,0,ctl,ok,0,0,21.5,300.1
mpd,20.0,1,w48-16qam-r1/2,w48,19,2,1,data,ok,17,17,19.4,300.1
mpd,20.0,1,ack-1f,w,2,2,0,ctl,ok,0,0,19.3,300.1
mpd,20.0,1,w48-16qam-r1/2,w48,19,1,0,data,ok,18,18,12.0,300.1
mpd,20.0,1,ack-1f,w,2,2,0,ctl,ok,0,0,19.3,300.1
mpd,20.0,1,w48-16qam-r1/2,w48,19,1,0,data,ok,18,18,13.2,300.1
mpd,20.0,1,ack-1f,w,3,3,0,ctl,ok,0,0,18.9,300.1
mpd,20.0,1,w48-16qam-r1/2,w48,19,2,1,data,ok,17,17,14.6,300.1
mpd,20.0,1,ack-1f,w,2,2,0,ctl,ok,0,0,20.0,300.1
mpd,20.0,1,w48-16qam-r1/2,w48,19,1,0,data,ok,18,18,16.7,300.1
mpd,20.0,1,ack-1f,w,2,2,0,ctl,ok,0,0,17.6,300.1
mpd,20.0,1,w48-16qam-r1/2,w48,19,1,0,data,ok,18,18,17.0,300.1
mpd,20.0,1,ack-1f,w,2,2,0,ctl,ok,0,0,20.2,300.1
mpd,20.0,1,w48-16qam-r1/2,w48,19,1,0,data,ok,18,18,17.4,300.1
mpd,20.0,1,ack-1f,w,2,2,0,ctl,ok,0,0,19.5,300.1
mpd,20.0,1,w48-16qam-r1/2,w48,19,1,0,data,ok,18,18,19.1,300.1
mpd,20.0,1,ack-1f,w,3,3,0,ctl,ok,0,0,19.5,300.1
mpd,20.0,1,w48-16qam-r2/3,w48,19,2,1,data,ok,17,17,18.5,300.1
mpd,20.0,1,ack-1f,w,3,3,0,ctl,ok,0,0,19.2,300.1
mpd,20.0,1,w48-16qam-r2/3,w48,19,2,1,data,ok,17,17,16.6,300.1
mpd,20.0,1,ack-1f,w,3,3,0,ctl,ok,0,0,19.1,300.1
mpd,20.0,1,w48-16qam-r2/3,w48,19,2,1,data,ok,17,17,17.5,300.1
mpd,20.0,1,ack-1f,w,3,3,0,ctl,ok,0,0,19.0,300.1
mpd,20.0,1,w48-16qam-r2/3,w48,19,2,1,data,ok,17,0,12.6,300.1
mpd,20.0,1,ack-1f,w,2,2,0,ctl,ok,0,0,18.2,300.1
mpd,20.0,1,w48-16qam-r1/2,w48,19,1,0,data,ok,18,18,18.7,300.1
mpd,20.0,1,ack-1f,w,2,2,0,ctl,ok,0,0,20.0,300.1
mpd,20.0,1,w48-16qam-r1/2,w48,19,1,0,data,ok,18,18,15.8,300.1
mpd,20.0,1,ack-1f,w,3,3,0,ctl,ok,0,0,22.2,300.1
mpd,20.0,1,w48-16qam-r2/3,w48,19,2,1,data,ok,17,17,19.5,300.1
mpd,20.0,1,ack-1f,w,3,3,0,ctl,ok,0,0,18.0,300.1
mpd,20.0,1,w48-16qam-r2/3,w48,19,2,1,data,ok,17,17,19.3,300.1
mpd,20.0,1,ack-1f,w,2,2,0,ctl,ok,0,0,18.8,300.1
mpd,20.0,1,w48-16qam-r2/3,w48,19,1,0,data,ctl_lost,18,0,12.1,300.1
mpd,20.0,1,ack-4f,w,2,2,0,ctl,ok,0,0,20.0,300.1
mpd,20.0,1,ack-4f,w,2,2,0,ctl,ok,0,0,18.2,300.1
mpd,20.0,1,w48-16qam-r1/2,w48,19,1,0,data,ok,18,18,12.3,300.1
mpd,20.0,1,ack-1f,w,2,2,0,ctl,ok,0,0,18.2,300.1
mpd,20.0,1,w48-16qam-r1/2,w48,19,1,0,data,ok,18,18,15.2,300.1
mpd,20.0,1,ack-1f,w,2,2,0,ctl,ok,0,0,21.5,300.1
mpd,20.0,1,w48-16qam-r1/2,w48,19,1,0,data,ok,18,18,18.4,300.1
mpd,20.0,1,ack-1f,w,2,2,0,ctl,ok,0,0,19.6,300.1
mpd,20.0,1,w48-16qam-r1/2,w48,19,1,0,data,ok,18,18,12.5,300.1
mpd,20.0,1,ack-1f,w,2,2,0,ctl,ok,0,0,18.4,300.1
mpd,20.0,1,w48-16qam-r1/2,w48,19,1,0,data,ok,18,18,12.3,300.1
mpd,20.0,1,ack-1f,w,3,3,0,ctl,ok,0,0,9.6,300.1
mpd,20.0,1,w48-16qam-r1/2,w48,19,2,1,data,ok,17,17,18.0,300.1
mpd,20.0,1,ack-1f,w,2,2,0,ctl,ok,0,0,18.8,300.1
mpd,20.0,1,w48-16qam-r1/2,w48,19,1,0,data,ok,18,18,17.8,300.1
mpd,20.0,1,ack-1f,w,2,2,0,ctl,ok,0,0,18.1,300.1
mpd,20.0,1,w48-16qam-r1/2,w48,19,1,0,data,ok,18,18,15.5,300.1
mpd,20.0,1,ack-1f,w,2,2,0,ctl,ok,0,0,20.6,300.1
mpd,20.0,1,w48-16qam-r1/2,w48,19,1,0,data,ok,18,18,19.5,300.1
mpd,20.0,1,ack-1f,w,2,2,0,ctl,ok,0,0,18.7,300.1
mpd,20.0,1,w48-16qam-r1/2,w48,19,1,0,data,ok,18,18,13.7,300.1
mpd,20.0,1,ack-1f,w,2,2,0,ctl,ok,0,0,19.6,300.1
mpd,20.0,1,w48-16qam-r1/2,w48,19,1,0,data,ok,18,18,19.1,300.1
mpd,20.0,1,ack-1f,w,2,2,0,ctl,ok,0,0,18.0,300.1
mpd,20.0,1,w48-16qam-r1/2,w48,19,1,0,data,ok,18,18,19.0,300.1
mpd,20.0,1,ack-1f,w,3,3,0,ctl,ok,0,0,18.7,300.1
mpd,20.0,1,w48-16qam-r2/3,w48,19,2,1,data,ok,17,17,16.8,300.1
mpd,20.0,1,ack-1f,w,3,3,0,ctl,ok,0,0,20.8,300.1
mpd,20.0,1,w48-16qam-r2/3,w48,19,2,1,data,ok,17,17,17.1,300.1
mpd,20.0,1,ack-1f,w,2,2,0,ctl,ok,0,0,17.3,300.1
mpd,20.0,1,w48-16qam-r1/2,w48,19,1,0,data,ok,18,18,17.8,300.1
mpd,20.0,1,ack-1f,w,3,3,0,ctl,ok,0,0,18.6,300.1
mpd,20.0,1,w48-16qam-r2/3,w48,19,2,1,data,ok,17,0,12.2,300.1
mpd,20.0,1,ack-1f,w,2,2,0,ctl,ok,0,0,19.2,300.1
mpd,20.0,1,w48-16qam-r1/2,w48,19,1,0,data,ok,18,18,14.8,300.1
mpd,20.0,1,ack-1f,w,2,2,0,ctl,ok,0,0,19.6,300.1
mpd,20.0,1,w48-16qam-r1/2,w48,19,1,0,data,ok,18,18,12.9,300.1
mpp,-6.0,8,qpsk-r1/5,w,1,1,,ctl,missed,0,0,,14.0
mpp,-6.0,8,n4-qpsk-r1/3,n4,1,1,0,ctl,ok,0,0,-2.2,14.0
mpp,-6.0,8,n4-qpsk-r1/3,n4,1,1,0,ctl,ok,0,0,-3.2,14.0
mpp,-6.0,8,ack-4f,w,3,3,0,ctl,ok,0,0,-2.5,14.0
mpp,-6.0,8,n10-ack-4f,n10,3,3,0,ctl,ok,0,0,-3.5,14.0
mpp,-6.0,8,qpsk-r1/5,w,9,2,1,data,ok,7,7,-0.9,14.0
mpp,-6.0,8,ack-4f,w,3,3,0,ctl,ok,0,0,0.9,14.0
mpp,-6.0,8,qpsk-r1/5,w,9,2,1,data,ok,7,0,-3.6,14.0
mpp,-6.0,8,ack-4f,w,3,3,0,ctl,ok,0,0,-3.5,14.0
mpp,-6.0,8,qpsk-r1/5,w,9,2,1,data,ok,0,0,-3.1,14.0
mpp,-6.0,8,ack-4f,w,3,3,0,ctl,ok,0,0,0.5,14.0
mpp,-6.0,8,qpsk-r1/5,w,9,2,1,data,ok,7,0,-2.8,14.0
mpp,-6.0,8,ack-4f,w,3,3,0,ctl,ok,0,0,-3.9,14.0
mpp,-6.0,8,qpsk-r1/5,w,9,2,1,data,ok,2,0,-3.3,14.0
mpp,-6.0,8,ack-4f,w,3,3,0,ctl,ok,0,0,-4.2,14.0
mpp,-6.0,8,qpsk-r1/5,w,9,2,1,data,ok,6,3,-2.8,14.0
mpp,-6.0,8,n4-ack-8f,n4,3,3,0,ctl,ok,0,0,-1.4,14.0
mpp,-6.0,8,qpsk-r1/5,w,9,2,1,data,ok,4,4,-1.7,14.0
mpp,-6.0,8,ack-4f,w,2,2,0,ctl,ok,0,0,-10.5,14.0
mpp,-6.0,8,qpsk-r1/5,w,9,1,0,data,ok,8,8,-1.5,14.0
mpp,-6.0,8,ack-4f,w,2,2,0,ctl,ok,0,0,-3.1,14.0
mpp,-6.0,8,qpsk-r1/5,w,9,1,0,data,ok,8,8,-2.5,14.0
mpp,-6.0,8,ack-4f,w,2,2,0,ctl,ok,0,0,-4.0,14.0
mpp,-6.0,8,qpsk-r1/5,w,9,1,0,data,ok,8,8,-2.0,14.0
mpp,-6.0,8,ack-4f,w,2,2,0,ctl,ok,0,0,-2.5,14.0
mpp,-6.0,8,qpsk-r1/5,w,9,1,0,data,ok,8,8,-1.4,14.0
mpp,-6.0,8,ack-4f,w,2,2,0,ctl,ok,0,0,-0.1,14.0
mpp,-6.0,8,qpsk-r1/5,w,9,1,0,data,ctl_lost,8,1,-3.5,14.0
mpp,-6.0,8,ack-4f,w,3,3,0,ctl,ok,0,0,-3.8,14.0
mpp,-6.0,8,ack-4f,w,3,3,0,ctl,ok,0,0,0.5,14.0
mpp,-6.0,8,qpsk-r1/5,w,9,2,1,data,ok,7,7,-1.3,14.0
mpp,-6.0,8,ack-4f,w,3,3,0,ctl,ok,0,0,-3.2,14.0
mpp,-6.0,8,qpsk-r1/5,w,9,2,1,data,ok,7,3,-2.6,14.0
mpp,-6.0,8,ack-4f,w,3,3,0,ctl,ok,0,0,-5.4,14.0
mpp,-6.0,8,qpsk-r1/5,w,9,2,1,data,ok,4,3,-1.4,14.0
mpp,-6.0,8,ack-4f,w,2,2,0,ctl,ok,0,0,-0.4,14.0
mpp,-6.0,8,qpsk-r1/5,w,9,1,0,data,ok,8,8,-2.5,14.0
mpp,-6.0,8,ack-4f,w,2,2,0,ctl,ctl_lost,0,0,-9.2,14.0
mpp,-6.0,8,ack-4f,w,3,3,0,ctl,ok,0,0,-1.5,14.0
mpp,-6.0,8,ack-4f,w,2,2,0,ctl,ok,0,0,-0.7,14.0
mpp,-6.0,8,qpsk-r1/5,w,9,1,0,data,ok,8,2,-2.5,14.0
mpp,-6.0,8,n10-ack-4f,n10,3,3,0,ctl,ok,0,0,-0.6,14.0
mpp,-6.0,8,qpsk-r1/5,w,9,2,1,data,ok,1,0,-3.2,14.0
mpp,-6.0,8,ack-4f,w,2,2,0,ctl,ok,0,0,-4.2,14.0
mpp,-6.0,8,qpsk-r1/5,w,9,1,0,data,ctl_lost,8,0,-3.1,14.0
mpp,-6.0,8,ack-4f,w,3,3,,ctl,missed,0,0,,14.0
mpp,-6.0,8,ack-4f,w,3,3,0,ctl,ok,0,0,-1.4,14.0
mpp,-6.0,8,ack-4f,w,3,3,0,ctl,ok,0,0,-2.4,14.0
mpp,-6.0,8,qpsk-r1/5,w,9,2,1,data,ok,7,0,-4.6,14.0
mpp,-6.0,8,ack-4f,w,3,3,0,ctl,ok,0,0,-2.4,14.0
mpp,-6.0,8,qpsk-r1/5,w,9,2,1,data,ok,0,0,-0.7,14.0
mpp,-6.0,8,ack-4f,w,2,2,0,ctl,ok,0,0,-0.4,14.0
mpp,-6.0,8,qpsk-r1/5,w,9,1,0,data,ctl_lost,8,1,-2.7,14.0
mpp,-6.0,8,ack-4f,w,2,2,0,ctl,ok,0,0,2.1,14.0
mpp,-6.0,8,ack-4f,w,3,3,0,ctl,ok,0,0,-1.5,14.0
mpp,-6.0,8,qpsk-r1/5,w,9,2,1,data,ok,7,7,-1.8,14.0
mpp,-6.0,8,ack-4f,w,3,3,0,ctl,ok,0,0,-3.6,14.0
mpp,-6.0,8,qpsk-r1/5,w,9,2,1,data,ok,7,7,-2.5,14.0
mpp,-6.0,8,ack-4f,w,3,3,0,ctl,ok,0,0,0.4,14.0
mpp,-6.0,8,qpsk-r1/5,w,9,2,1,data,ok,7,7,-2.1,14.0
mpp,-6.0,8,ack-4f,w,3,3,0,ctl,ok,0,0,-3.9,14.0
mpp,-6.0,8,qpsk-r1/5,w,9,2,1,data,ok,7,0,-3.2,14.0
mpp,-6.0,8,ack-4f,w,3,3,0,ctl,ctl_lost,0,0,-12.7,14.0
mpp,-6.0,8,ack-4f,w,3,3,0,ctl,ok,0,0,-0.2,14.0
mpp,-6.0,8,ack-4f,w,3,3,0,ctl,ok,0,0,-1.9,14.0
mpp,-6.0,8,qpsk-r1/5,w,9,2,1,data,ok,7,1,-2.7,14.0
mpp,-6.0,8,n10-ack-4f,n10,3,3,0,ctl,ok,0,0,-7.7,14.0
mpp,-6.0,8,qpsk-r1/5,w,9,2,1,data,ok,7,7,-2.2,14.0
mpp,-6.0,8,ack-4f,w,3,3,0,ctl,ok,0,0,-1.1,14.0
mpp,-6.0,8,qpsk-r1/5,w,9,2,1,data,ok,7,0,-3.8,14.0
mpp,-6.0,8,n10-ack-4f,n10,2,2,0,ctl,ok,0,0,-4.0,14.0
mpp,-6.0,8,qpsk-r1/5,w,9,1,0,data,ok,1,1,-2.7,14.0
mpp,-6.0,8,ack-4f,w,2,2,0,ctl,ok,0,0,-0.7,14.0
mpp,-6.0,8,qpsk-r1/5,w,9,1,0,data,ctl_lost,8,0,-5.2,14.0
mpp,-6.0,8,ack-4f,w,3,3,0,ctl,ok,0,0,-1.2,14.0
mpp,-6.0,8,ack-4f,w,3,3,0,ctl,ok,0,0,-2.5,14.0
mpp,-6.0,8,qpsk-r1/5,w,9,2,1,data,ok,7,7,-1.1,14.0
mpp,-6.0,8,ack-4f,w,3,3,0,ctl,ok,0,0,-2.8,14.0
mpp,-6.0,8,qpsk-r1/5,w,9,2,1,data,ok,7,1,-3.5,14.0
mpp,-6.0,8,ack-4f,w,3,3,0,ctl,ok,0,0,-2.0,14.0
mpp,-6.0,8,qpsk-r1/5,w,9,2,1,data,ok,1,1,-3.0,14.0
mpp,-6.0,8,ack-4f,w,3,3,0,ctl,ok,0,0,-0.5,14.0
mpp,-6.0,8,qpsk-r1/5,w,9,2,1,data,ok,7,7,-2.5,14.0
mpp,-6.0,8,ack-4f,w,3,3,0,ctl,ok,0,0,-1.7,14.0
mpp,-6.0,8,qpsk-r1/5,w,9,2,1,data,ok,7,7,-2.3,14.0
mpp,-6.0,8,ack-4f,w,3,3,0,ctl,ok,0,0,-4.0,14.0
mpp,-6.0,8,qpsk-r1/5,w,9,2,1,data,ok,7,1,-3.0,14.0
mpp,-6.0,8,ack-4f,w,3,3,0,ctl,ok,0,0,-0.7,14.0
mpp,-6.0,8,qpsk-r1/5,w,9,2,1,data,ok,1,1,-2.3,14.0
mpp,-6.0,8,ack-4f,w,2,2,0,ctl,ok,0,0,-2.5,14.0
mpp,-6.0,8,qpsk-r1/5,w,9,1,0,data,ctl_lost,8,0,-4.0,14.0
mpd,20.0,4,qpsk-r1/5,w,1,1,0,ctl,ok,0,0,18.6,303.0
mpd,20.0,4,qpsk-r1/5,w,1,1,0,ctl,ok,0,0,19.7,303.0
mpd,20.0,4,ack-4f,w,3,3,0,ctl,ok,0,0,18.7,303.0
mpd,20.0,4,ack-1f,w,2,2,0,ctl,ok,0,0,17.9,303.0
mpd,20.0,4,w48-16qam-r1/2,w48,19,1,0,data,ok,18,18,12.3,303.0
mpd,20.0,4,ack-1f,w,3,3,0,ctl,ok,0,0,20.5,303.0
mpd,20.0,4,w48-16qam-r1/2,w48,19,2,1,data,ok,17,17,18.6,303.0
mpd,20.0,4,ack-1f,w,2,2,0,ctl,ok,0,0,20.3,303.0
mpd,20.0,4,w48-16qam-r1/2,w48,19,1,0,data,ok,18,18,18.5,303.0
mpd,20.0,4,ack-1f,w,3,3,0,ctl,ok,0,0,19.8,303.0
mpd,20.0,4,w48-16qam-r2/3,w48,19,2,1,data,ok,17,17,17.4,303.0
mpd,20.0,4,ack-1f,w,3,3,0,ctl,ok,0,0,19.5,303.0
mpd,20.0,4,w48-16qam-r2/3,w48,19,2,1,data,ok,17,17,18.5,303.0
mpd,20.0,4,ack-1f,w,3,3,0,ctl,ok,0,0,20.2,303.0
mpd,20.0,4,w48-16qam-r2/3,w48,19,2,1,data,ok,17,17,17.7,303.0
mpd,20.0,4,ack-1f,w,3,3,0,ctl,ok,0,0,20.7,303.0
mpd,20.0,4,w48-16qam-r2/3,w48,19,2,1,data,ok,17,17,17.7,303.0
mpd,20.0,4,ack-1f,w,3,3,0,ctl,ok,0,0,21.8,303.0
mpd,20.0,4,w48-16qam-r2/3,w48,19,2,1,data,ok,17,0,13.0,303.0
mpd,20.0,4,ack-1f,w,2,2,0,ctl,ok,0,0,19.3,303.0
mpd,20.0,4,w48-16qam-r1/2,w48,19,1,0,data,ok,18,18,14.9,303.0
mpd,20.0,4,ack-1f,w,3,3,0,ctl,ok,0,0,20.5,303.0
mpd,20.0,4,w48-16qam-r1/2,w48,19,2,1,data,ok,17,17,17.9,303.0
mpd,20.0,4,ack-1f,w,3,3,0,ctl,ok,0,0,18.0,303.0
mpd,20.0,4,w48-16qam-r2/3,w48,19,2,1,data,ok,17,17,17.4,303.0
mpd,20.0,4,ack-1f,w,3,3,0,ctl,ok,0,0,17.6,303.0
mpd,20.0,4,w48-16qam-r2/3,w48,19,2,1,data,ok,17,17,18.3,303.0
mpd,20.0,4,ack-1f,w,2,2,0,ctl,ok,0,0,20.7,303.0
mpd,20.0,4,w48-16qam-r2/3,w48,19,1,0,data,ctl_lost,18,0,13.4,303.0
mpd,20.0,4,ack-4f,w,2,2,0,ctl,ok,0,0,19.2,303.0
mpd,20.0,4,ack-4f,w,2,2,0,ctl,ok,0,0,17.2,303.0
mpd,20.0,4,w48-16qam-r1/2,w48,19,1,0,data,ok,18,18,13.9,303.0
mpd,20.0,4,ack-1f,w,2,2,0,ctl,ok,0,0,19.1,303.0
mpd,20.0,4,w48-16qam-r1/2,w48,19,1,0,data,ok,18,18,18.7,303.0
mpd,20.0,4,ack-1f,w,2,2,0,ctl,ok,0,0,16.9,303.0
mpd,20.0,4,w48-16qam-r1/2,w48,19,1,0,data,ok,18,18,12.4,303.0
mpd,20.0,4,ack-1f,w,2,2,0,ctl,ok,0,0,21.5,303.0
mpd,20.0,4,w48-16qam-r1/2,w48,19,1,0,data,ok,18,18,13.7,303.0
mpd,20.0,4,ack-1f,w,3,3,0,ctl,ok,0,0,20.5,303.0
mpd,20.0,4,w48-16qam-r1/2,w48,19,2,1,data,ok,17,17,19.6,303.0
mpd,20.0,4,ack-1f,w,2,2,0,ctl,ok,0,0,18.7,303.0
mpd,20.0,4,w48-16qam-r1/2,w48,19,1,0,data,ok,18,18,17.6,303.0
mpd,20.0,4,ack-1f,w,3,3,0,ctl,ok,0,0,17.9,303.0
mpd,20.0,4,w48-16qam-r2/3,w48,19,2,1,data,ok,17,17,19.3,303.0
mpd,20.0,4,ack-1f,w,3,3,0,ctl,ok,0,0,17.9,303.0
mpd,20.0,4,w48-16qam-r2/3,w48,19,2,1,data,ok,17,4,14.0,303.0
mpd,20.0,4,ack-1f,w,4,4,0,ctl,ok,0,0,20.6,303.0
mpd,20.0,4,w48-16qam-r2/3,w48,19,2,1,data,ok,4,4,15.9,303.0
mpd,20.0,4,ack-1f,w,2,2,0,ctl,ok,0,0,20.9,303.0
mpd,20.0,4,w48-16qam-r1/2,w48,19,1,0,data,ok,18,18,14.6,303.0
mpd,20.0,4,ack-1f,w,2,2,0,ctl,ok,0,0,20.6,303.0
mpd,20.0,4,w48-16qam-r1/2,w48,19,1,0,data,ok,18,18,18.3,303.0
mpd,20.0,4,ack-1f,w,2,2,0,ctl,ok,0,0,18.2,303.0
mpd,20.0,4,w48-16qam-r1/2,w48,19,1,0,data,ok,18,18,16.6,303.0
mpd,20.0,4,ack-1f,w,3,3,0,ctl,ok,0,0,21.4,303.0
mpd,20.0,4,w48-16qam-r2/3,w48,19,2,1,data,ok,17,17,15.0,303.0
mpd,20.0,4,ack-1f,w,2,2,0,ctl,ok,0,0,20.1,303.0
mpd,20.0,4,w48-16qam-r1/2,w48,19,1,0,data,ok,18,18,17.9,303.0
mpd,20.0,4,ack-1f,w,2,2,0,ctl,ok,0,0,20.4,303.0
mpd,20.0,4,w48-16qam-r1/2,w48,19,1,0,data,ok,18,18,13.8,303.0
mpd,20.0,4,ack-1f,w,2,2,0,ctl,ok,0,0,17.4,303.0
mpd,20.0,4,w48-16qam-r1/2,w48,19,1,0,data,ok,18,18,20.0,303.0
mpd,20.0,4,ack-1f,w,3,3,0,ctl,ok,0,0,19.2,303.0
mpd,20.0,4,w48-16qam-r2/3,w48,19,2,1,data,ok,17,16,14.3,303.0
mpd,20.0,4,ack-1f,w,4,4,0,ctl,ok,0,0,18.4,303.0
mpd,20.0,4,w48-16qam-r2/3,w48,19,2,1,data,ok,16,16,16.9,303.0
mpd,20.0,4,ack-1f,w,2,2,0,ctl,ok,0,0,18.5,303.0
mpd,20.0,4,w48-16qam-r1/2,w48,19,1,0,data,ok,18,18,18.2,303.0
mpd,20.0,4,ack-1f,w,2,2,0,ctl,ok,0,0,22.0,303.0
mpd,20.0,4,w48-16qam-r2/3,w48,19,1,0,data,ok,18,18,19.1,303.0
mpd,20.0,4,ack-1f,w,2,2,0,ctl,ok,0,0,18.6,303.0
mpd,20.0,4,w48-16qam-r2/3,w48,19,1,0,data,ok,18,18,17.5,303.0
mpd,20.0,4,ack-1f,w,2,2,0,ctl,ok,0,0,18.7,303.0
mpd,20.0,4,w48-16qam-r2/3,w48,19,1,0,data,ok,18,18,19.0,303.0
mpd,20.0,4,ack-1f,w,2,2,0,ctl,ok,0,0,19.3,303.0
mpd,20.0,4,w48-16qam-r2/3,w48,19,1,0,data,ctl_lost,18,0,12.4,303.0
mpd,20.0,4,ack-4f,w,2,2,0,ctl,ok,0,0,18.9,303.0
mpd,20.0,4,ack-4f,w,2,2,0,ctl,ok,0,0,19.1,303.0
mpd,20.0,4,w48-16qam-r1/2,w48,19,1,0,data,ok,18,18,17.2,303.0
mpd,20.0,4,ack-1f,w,2,2,0,ctl,ok,0,0,19.6,303.0
mpd,20.0,4,w48-16qam-r1/2,w48,19,1,0,data,ok,18,18,17.3,303.0
mpd,20.0,4,ack-1f,w,2,2,0,ctl,ok,0,0,18.0,303.0
mpd,20.0,4,w48-16qam-r1/2,w48,19,1,0,data,ok,18,18,12.8,303.0
mpd,20.0,4,ack-1f,w,2,2,0,ctl,ok,0,0,17.6,303.0
mpd,20.0,4,w48-16qam-r1/2,w48,19,1,0,data,ok,18,18,16.9,303.0
mpd,20.0,4,ack-1f,w,2,2,0,ctl,ok,0,0,19.3,303.0
mpd,20.0,4,w48-16qam-r1/2,w48,19,1,0,data,ok,18,18,16.8,303.0
mpd,20.0,4,ack-1f,w,2,2,0,ctl,ok,0,0,20.6,303.0
mpd,20.0,4,w48-16qam-r1/2,w48,19,1,0,data,ok,18,18,14.4,303.0
mpd,20.0,4,ack-1f,w,2,2,0,ctl,ok,0,0,16.8,303.0
mpd,20.0,4,w48-16qam-r1/2,w48,19,1,0,data,ok,18,18,15.8,303.0
mpd,20.0,4,ack-1f,w,2,2,0,ctl,ok,0,0,17.2,303.0
mpd,20.0,4,w48-16qam-r1/2,w48,19,1,0,data,ok,18,18,12.4,303.0
mpd,20.0,8,qpsk-r1/5,w,1,1,0,ctl,ok,0,0,18.2,304.7
mpd,20.0,8,qpsk-r1/5,w,1,1,0,ctl,ok,0,0,20.3,304.7
mpd,20.0,8,ack-4f,w,3,3,0,ctl,ok,0,0,18.6,304.7
mpd,20.0,8,ack-1f,w,2,2,0,ctl,ok,0,0,20.6,304.7
mpd,20.0,8,w48-16qam-r1/2,w48,19,1,0,data,ok,18,18,16.3,304.7
mpd,20.0,8,ack-1f,w,2,2,0,ctl,ok,0,0,19.1,304.7
mpd,20.0,8,w48-16qam-r1/2,w48,19,1,0,data,ok,18,18,15.0,304.7
mpd,20.0,8,ack-1f,w,2,2,0,ctl,ok,0,0,19.5,304.7
mpd,20.0,8,w48-16qam-r1/2,w48,19,1,0,data,ok,18,18,17.5,304.7
mpd,20.0,8,ack-1f,w,2,2,0,ctl,ok,0,0,16.9,304.7
mpd,20.0,8,w48-16qam-r1/2,w48,19,1,0,data,ok,18,18,14.4,304.7
mpd,20.0,8,ack-1f,w,2,2,0,ctl,ok,0,0,18.5,304.7
mpd,20.0,8,w48-16qam-r1/2,w48,19,1,0,data,ok,18,18,18.5,304.7
mpd,20.0,8,ack-1f,w,2,2,0,ctl,ok,0,0,16.8,304.7
mpd,20.0,8,w48-16qam-r1/2,w48,19,1,0,data,ok,18,18,15.3,304.7
mpd,20.0,8,ack-1f,w,2,2,0,ctl,ok,0,0,22.7,304.7
mpd,20.0,8,w48-16qam-r1/2,w48,19,1,0,data,ok,18,18,17.2,304.7
mpd,20.0,8,ack-1f,w,2,2,0,ctl,ok,0,0,18.1,304.7
mpd,20.0,8,w48-16qam-r1/2,w48,19,1,0,data,ok,18,18,18.5,304.7
mpd,20.0,8,ack-1f,w,3,3,0,ctl,ok,0,0,18.4,304.7
mpd,20.0,8,w48-16qam-r2/3,w48,19,2,1,data,ok,17,17,19.5,304.7
mpd,20.0,8,ack-1f,w,3,3,0,ctl,ok,0,0,20.5,304.7
mpd,20.0,8,w48-16qam-r2/3,w48,19,2,1,data,ok,17,17,19.4,304.7
mpd,20.0,8,ack-1f,w,3,3,0,ctl,ok,0,0,22.6,304.7
mpd,20.0,8,w48-16qam-r2/3,w48,19,2,1,data,ok,17,17,18.5,304.7
mpd,20.0,8,ack-1f,w,3,3,0,ctl,ok,0,0,18.7,304.7
mpd,20.0,8,w48-16qam-r2/3,w48,19,2,1,data,ok,17,0,12.9,304.7
mpd,20.0,8,ack-1f,w,2,2,0,ctl,ok,0,0,18.8,304.7
mpd,20.0,8,w48-16qam-r1/2,w48,19,1,0,data,ok,18,18,18.3,304.7
mpd,20.0,8,ack-1f,w,2,2,0,ctl,ok,0,0,21.2,304.7
mpd,20.0,8,w48-16qam-r1/2,w48,19,1,0,data,ok,18,18,12.4,304.7
mpd,20.0,8,ack-1f,w,2,2,0,ctl,ok,0,0,18.4,304.7
mpd,20.0,8,w48-16qam-r1/2,w48,19,1,0,data,ok,18,18,12.6,304.7
mpd,20.0,8,ack-1f,w,3,3,0,ctl,ok,0,0,19.7,304.7
mpd,20.0,8,w48-16qam-r1/2,w48,19,2,1,data,ok,17,17,13.1,304.7
mpd,20.0,8,ack-1f,w,3,3,0,ctl,ok,0,0,19.5,304.7
mpd,20.0,8,w48-16qam-r1/2,w48,19,2,1,data,ok,17,17,18.6,304.7
mpd,20.0,8,ack-1f,w,2,2,0,ctl,ok,0,0,18.2,304.7
mpd,20.0,8,w48-16qam-r1/2,w48,19,1,0,data,ok,18,18,12.9,304.7
mpd,20.0,8,ack-1f,w,2,2,0,ctl,ok,0,0,17.3,304.7
mpd,20.0,8,w48-16qam-r1/2,w48,19,1,0,data,ok,18,18,12.8,304.7
mpd,20.0,8,ack-1f,w,3,3,0,ctl,ok,0,0,16.0,304.7
mpd,20.0,8,w48-16qam-r1/2,w48,19,2,1,data,ok,17,17,19.0,304.7
mpd,20.0,8,ack-1f,w,2,2,0,ctl,ok,0,0,19.2,304.7
mpd,20.0,8,w48-16qam-r1/2,w48,19,1,0,data,ok,18,18,18.1,304.7
mpd,20.0,8,ack-1f,w,2,2,0,ctl,ok,0,0,17.7,304.7
mpd,20.0,8,w48-16qam-r2/3,w48,19,1,0,data,ok,18,18,18.8,304.7
mpd,20.0,8,ack-1f,w,3,3,0,ctl,ok,0,0,21.4,304.7
mpd,20.0,8,w48-16qam-r2/3,w48,19,2,1,data,ok,17,17,19.2,304.7
mpd,20.0,8,ack-1f,w,2,2,0,ctl,ok,0,0,19.4,304.7
mpd,20.0,8,w48-16qam-r2/3,w48,19,1,0,data,ctl_lost,18,0,14.3,304.7
mpd,20.0,8,ack-4f,w,3,3,0,ctl,ok,0,0,20.2,304.7
mpd,20.0,8,ack-4f,w,2,2,0,ctl,ok,0,0,21.1,304.7
mpd,20.0,8,w48-16qam-r1/2,w48,19,1,0,data,ok,18,18,17.4,304.7
mpd,20.0,8,ack-1f,w,2,2,0,ctl,ok,0,0,19.1,304.7
mpd,20.0,8,w48-16qam-r1/2,w48,19,1,0,data,ok,18,18,13.1,304.7
mpd,20.0,8,ack-1f,w,2,2,0,ctl,ok,0,0,20.2,304.7
mpd,20.0,8,w48-16qam-r1/2,w48,19,1,0,data,ok,18,18,17.4,304.7
mpd,20.0,8,ack-1f,w,2,2,0,ctl,ok,0,0,16.1,304.7
mpd,20.0,8,w48-16qam-r1/2,w48,19,1,0,data,ok,18,18,15.7,304.7
mpd,20.0,8,ack-1f,w,2,2,0,ctl,ok,0,0,21.9,304.7
mpd,20.0,8,w48-16qam-r1/2,w48,19,1,0,data,ok,18,18,12.6,304.7
mpd,20.0,8,ack-1f,w,2,2,0,ctl,ok,0,0,17.2,304.7
mpd,20.0,8,w48-16qam-r1/2,w48,19,1,0,data,ok,18,18,13.2,304.7
mpd,20.0,8,ack-1f,w,2,2,0,ctl,ok,0,0,16.4,304.7
mpd,20.0,8,w48-16qam-r1/2,w48,19,1,0,data,ok,18,18,13.4,304.7
mpd,20.0,8,ack-1f,w,2,2,0,ctl,ok,0,0,18.7,304.7
mpd,20.0,8,w48-16qam-r1/2,w48,19,1,0,data,ok,18,18,13.9,304.7
mpd,20.0,8,ack-1f,w,2,2,0,ctl,ok,0,0,18.3,304.7
mpd,20.0,8,w48-16qam-r1/2,w48,19,1,0,data,ok,18,18,12.4,304.7
mpd,20.0,8,ack-1f,w,2,2,0,ctl,ok,0,0,18.4,304.7
mpd,20.0,8,w48-16qam-r1/2,w48,19,1,0,data,ok,18,18,17.8,304.7
mpd,20.0,8,ack-1f,w,2,2,0,ctl,ok,0,0,18.5,304.7
mpd,20.0,8,w48-16qam-r1/2,w48,19,1,0,data,ok,18,18,18.0,304.7
mpd,20.0,8,ack-1f,w,2,2,0,ctl,ok,0,0,17.9,304.7
mpd,20.0,8,w48-16qam-r1/2,w48,19,1,0,data,ok,18,18,16.2,304.7
mpd,20.0,8,ack-1f,w,2,2,0,ctl,ok,0,0,17.3,304.7
mpd,20.0,8,w48-16qam-r1/2,w48,19,1,0,data,ok,18,18,14.0,304.7
mpd,20.0,8,ack-1f,w,2,2,0,ctl,ok,0,0,18.4,304.7
mpd,20.0,8,w48-16qam-r1/2,w48,19,1,0,data,ok,18,18,12.6,304.7
mpd,20.0,8,ack-1f,w,2,2,0,ctl,ok,0,0,19.3,304.7
mpd,20.0,8,w48-16qam-r1/2,w48,19,1,0,data,ok,18,18,12.9,304.7
mpd,20.0,8,ack-1f,w,2,2,0,ctl,ok,0,0,17.6,304.7
mpd,20.0,8,w48-16qam-r1/2,w48,19,1,0,data,ok,18,18,16.6,304.7
mpd,20.0,8,ack-1f,w,2,2,0,ctl,ok,0,0,17.5,304.7
mpd,20.0,8,w48-16qam-r1/2,w48,19,1,0,data,ok,18,18,13.2,304.7
mpd,20.0,8,ack-1f,w,2,2,0,ctl,ok,0,0,17.9,304.7
mpd,20.0,8,w48-16qam-r1/2,w48,19,1,0,data,ok,18,18,12.3,304.7
mpd,20.0,8,ack-1f,w,2,2,0,ctl,ok,0,0,16.2,304.7
mpd,20.0,8,w48-16qam-r1/2,w48,19,1,0,data,ok,18,18,13.5,304.7
mpd,20.0,8,ack-1f,w,2,2,0,ctl,ok,0,0,20.1,304.7
mpd,20.0,8,w48-16qam-r1/2,w48,19,1,0,data,ok,18,18,18.6,304.7
mpd,20.0,8,ack-1f,w,2,2,0,ctl,ok,0,0,17.7,304.7
mpd,20.0,8,w48-16qam-r1/2,w48,19,1,0,data,ok,18,18,17.2,304.7
mpd,20.0,6,qpsk-r1/5,w,1,1,0,ctl,ok,0,0,19.5,300.9
mpd,20.0,6,qpsk-r1/5,w,1,1,0,ctl,ok,0,0,18.7,300.9
mpd,20.0,6,ack-4f,w,2,2,0,ctl,ok,0,0,18.0,300.9
mpd,20.0,6,ack-1f,w,2,2,0,ctl,ok,0,0,19.7,300.9
mpd,20.0,6,w48-16qam-r1/2,w48,19,1,0,data,ok,18,18,16.1,300.9
mpd,20.0,6,ack-1f,w,3,3,0,ctl,ok,0,0,20.1,300.9
mpd,20.0,6,w48-16qam-r1/2,w48,19,2,1,data,ok,17,17,15.7,300.9
mpd,20.0,6,ack-1f,w,2,2,0,ctl,ok,0,0,19.9,300.9
mpd,20.0,6,w48-16qam-r1/2,w48,19,1,0,data,ok,18,18,18.9,300.9
mpd,20.0,6,ack-1f,w,2,2,0,ctl,ok,0,0,19.7,300.9
mpd,20.0,6,w48-16qam-r1/2,w48,19,1,0,data,ok,18,18,14.0,300.9
mpd,20.0,6,ack-1f,w,2,2,0,ctl,ok,0,0,21.3,300.9
mpd,20.0,6,w48-16qam-r1/2,w48,19,1,0,data,ok,18,18,19.1,300.9
mpd,20.0,6,ack-1f,w,2,2,0,ctl,ok,0,0,18.1,300.9
mpd,20.0,6,w48-16qam-r1/2,w48,19,1,0,data,ok,18,18,16.4,300.9
mpd,20.0,6,ack-1f,w,3,3,0,ctl,ok,0,0,19.8,300.9
mpd,20.0,6,w48-16qam-r2/3,w48,19,2,1,data,ok,17,17,18.0,300.9
mpd,20.0,6,ack-1f,w,3,3,0,ctl,ok,0,0,19.3,300.9
mpd,20.0,6,w48-16qam-r2/3,w48,19,2,1,data,ok,17,17,16.1,300.9
mpd,20.0,6,ack-1f,w,3,3,0,ctl,ok,0,0,11.1,300.9
mpd,20.0,6,w48-16qam-r2/3,w48,19,2,1,data,ok,17,17,15.4,300.9
mpd,20.0,6,ack-1f,w,2,2,0,ctl,ok,0,0,19.0,300.9
mpd,20.0,6,w48-16qam-r1/2,w48,19,1,0,data,ok,18,18,17.2,300.9
mpd,20.0,6,ack-1f,w,3,3,0,ctl,ok,0,0,17.8,300.9
mpd,20.0,6,w48-16qam-r2/3,w48,19,2,1,data,ok,17,17,14.9,300.9
mpd,20.0,6,ack-1f,w,3,3,0,ctl,ok,0,0,19.4,300.9
mpd,20.0,6,w48-16qam-r2/3,w48,19,2,1,data,ok,17,2,14.3,300.9
mpd,20.0,6,ack-1f,w,4,4,0,ctl,ok,0,0,16.9,300.9
mpd,20.0,6,w48-16qam-r2/3,w48,19,2,1,data,ok,3,0,13.0,300.9
mpd,20.0,6,ack-1f,w,3,3,0,ctl,ok,0,0,17.0,300.9
mpd,20.0,6,w48-16qam-r1/2,w48,19,2,1,data,ok,17,17,16.0,300.9
mpd,20.0,6,ack-1f,w,2,2,0,ctl,ok,0,0,21.1,300.9
mpd,20.0,6,w48-16qam-r1/2,w48,19,1,0,data,ok,18,18,18.8,300.9
mpd,20.0,6,ack-1f,w,2,2,0,ctl,ok,0,0,15.7,300.9
mpd,20.0,6,w48-16qam-r2/3,w48,19,1,0,data,ctl_lost,18,0,13.1,300.9
mpd,20.0,6,ack-4f,w,2,2,0,ctl,ok,0,0,18.9,300.9
mpd,20.0,6,ack-4f,w,2,2,0,ctl,ok,0,0,9.7,300.9
mpd,20.0,6,w48-16qam-r1/2,w48,19,1,0,data,ok,18,18,16.7,300.9
mpd,20.0,6,ack-1f,w,2,2,0,ctl,ok,0,0,16.9,300.9
mpd,20.0,6,w48-16qam-r1/2,w48,19,1,0,data,ok,18,18,16.5,300.9
mpd,20.0,6,ack-1f,w,2,2,0,ctl,ok,0,0,18.4,300.9
mpd,20.0,6,w48-16qam-r1/2,w48,19,1,0,data,ok,18,18,17.9,300.9
mpd,20.0,6,ack-1f,w,2,2,0,ctl,ok,0,0,20.1,300.9
mpd,20.0,6,w48-16qam-r1/2,w48,19,1,0,data,ok,18,18,16.7,300.9
mpd,20.0,6,ack-1f,w,2,2,0,ctl,ok,0,0,21.5,300.9
mpd,20.0,6,w48-16qam-r1/2,w48,19,1,0,data,ok,18,18,17.0,300.9
mpd,20.0,6,ack-1f,w,2,2,0,ctl,ok,0,0,17.5,300.9
mpd,20.0,6,w48-16qam-r1/2,w48,19,1,0,data,ok,18,18,13.5,300.9
mpd,20.0,6,ack-1f,w,2,2,0,ctl,ok,0,0,16.6,300.9
mpd,20.0,6,w48-16qam-r1/2,w48,19,1,0,data,ok,18,18,14.8,300.9
mpd,20.0,6,ack-1f,w,2,2,0,ctl,ok,0,0,19.0,300.9
mpd,20.0,6,w48-16qam-r1/2,w48,19,1,0,data,ok,18,18,18.4,300.9
mpd,20.0,6,ack-1f,w,2,2,0,ctl,ok,0,0,19.9,300.9
mpd,20.0,6,w48-16qam-r1/2,w48,19,1,0,data,ok,18,18,18.3,300.9
mpd,20.0,6,ack-1f,w,3,3,0,ctl,ok,0,0,9.3,300.9
mpd,20.0,6,w48-16qam-r2/3,w48,19,2,1,data,ok,17,17,17.2,300.9
mpd,20.0,6,ack-1f,w,3,3,0,ctl,ok,0,0,19.3,300.9
mpd,20.0,6,w48-16qam-r2/3,w48,19,2,1,data,ok,17,17,15.2,300.9
mpd,20.0,6,ack-1f,w,2,2,0,ctl,ok,0,0,18.7,300.9
mpd,20.0,6,w48-16qam-r1/2,w48,19,1,0,data,ok,18,18,12.8,300.9
mpd,20.0,6,ack-1f,w,2,2,0,ctl,ok,0,0,22.1,300.9
mpd,20.0,6,w48-16qam-r1/2,w48,19,1,0,data,ok,18,18,13.2,300.9
mpd,20.0,6,ack-1f,w,3,3,0,ctl,ok,0,0,19.0,300.9
mpd,20.0,6,w48-16qam-r1/2,w48,19,2,1,data,ok,17,17,13.4,300.9
mpd,20.0,6,ack-1f,w,2,2,0,ctl,ok,0,0,19.0,300.9
mpd,20.0,6,w48-16qam-r1/2,w48,19,1,0,data,ok,18,18,18.9,300.9
mpd,20.0,6,ack-1f,w,2,2,0,ctl,ok,0,0,20.7,300.9
mpd,20.0,6,w48-16qam-r1/2,w48,19,1,0,data,ok,18,18,16.1,300.9
mpd,20.0,6,ack-1f,w,3,3,0,ctl,ok,0,0,20.2,300.9
mpd,20.0,6,w48-16qam-r2/3,w48,19,2,1,data,ok,17,0,13.1,300.9
mpd,20.0,6,ack-1f,w,2,2,0,ctl,ok,0,0,19.0,300.9
mpd,20.0,6,w48-16qam-r1/2,w48,19,1,0,data,ok,18,18,13.6,300.9
mpd,20.0,6,ack-1f,w,2,2,0,ctl,ok,0,0,20.0,300.9
mpd,20.0,6,w48-16qam-r1/2,w48,19,1,0,data,ok,18,18,12.7,300.9
mpd,20.0,6,ack-1f,w,2,2,0,ctl,ok,0,0,20.8,300.9
mpd,20.0,6,w48-16qam-r1/2,w48,19,1,0,data,ok,18,18,13.4,300.9
mpd,20.0,6,ack-1f,w,2,2,0,ctl,ok,0,0,19.9,300.9
mpd,20.0,6,w48-16qam-r1/2,w48,19,1,0,data,ok,18,18,18.0,300.9
mpd,20.0,6,ack-1f,w,2,2,0,ctl,ok,0,0,18.8,300.9
mpd,20.0,6,w48-16qam-r1/2,w48,19,1,0,data,ok,18,18,14.5,300.9
mpd,20.0,6,ack-1f,w,2,2,0,ctl,ok,0,0,19.8,300.9
mpd,20.0,6,w48-16qam-r1/2,w48,19,1,0,data,ok,18,18,13.6,300.9
mpd,20.0,6,ack-1f,w,2,2,0,ctl,ok,0,0,15.7,300.9
mpd,20.0,6,w48-16qam-r1/2,w48,19,1,0,data,ok,18,18,12.3,300.9
mpd,20.0,6,ack-1f,w,2,2,0,ctl,ok,0,0,22.5,300.9
mpd,20.0,6,w48-16qam-r1/2,w48,19,1,0,data,ok,18,18,15.4,300.9
mpd,20.0,6,ack-1f,w,2,2,0,ctl,ok,0,0,20.0,300.9
mpd,20.0,6,w48-16qam-r1/2,w48,19,1,0,data,ok,18,18,13.6,300.9
mpd,20.0,6,ack-1f,w,2,2,0,ctl,ok,0,0,18.3,300.9
mpd,20.0,6,w48-16qam-r1/2,w48,19,1,0,data,ok,18,18,19.0,300.9
mpd,20.0,6,ack-1f,w,2,2,0,ctl,ok,0,0,18.9,300.9
mpd,20.0,6,w48-16qam-r1/2,w48,19,1,0,data,ok,18,18,12.0,300.9
mpd,20.0,6,ack-1f,w,2,2,0,ctl,ok,0,0,20.3,300.9
mpd,20.0,6,w48-16qam-r1/2,w48,19,1,0,data,ok,18,18,14.7,300.9
mpd,20.0,11,qpsk-r1/5,w,1,1,0,ctl,ok,0,0,19.4,294.1
mpd,20.0,11,qpsk-r1/5,w,1,1,0,ctl,ok,0,0,18.6,294.1
mpd,20.0,11,ack-4f,w,2,2,0,ctl,ok,0,0,17.6,294.1
mpd,20.0,11,ack-1f,w,2,2,0,ctl,ok,0,0,19.4,294.1
mpd,20.0,11,w48-16qam-r1/2,w48,19,1,0,data,ok,18,18,15.2,294.1
mpd,20.0,11,ack-1f,w,3,3,0,ctl,ok,0,0,17.3,294.1
mpd,20.0,11,w48-16qam-r1/2,w48,19,2,1,data,ok,17,17,17.7,294.1
mpd,20.0,11,ack-1f,w,2,2,0,ctl,ok,0,0,19.5,294.1
mpd,20.0,11,w48-16qam-r1/2,w48,19,1,0,data,ok,18,18,12.4,294.1
mpd,20.0,11,ack-1f,w,2,2,0,ctl,ok,0,0,20.0,294.1
mpd,20.0,11,w48-16qam-r1/2,w48,19,1,0,data,ok,18,18,19.4,294.1
mpd,20.0,11,ack-1f,w,2,2,0,ctl,ok,0,0,23.2,294.1
mpd,20.0,11,w48-16qam-r1/2,w48,19,1,0,data,ok,18,18,13.1,294.1
mpd,20.0,11,ack-1f,w,2,2,0,ctl,ok,0,0,18.8,294.1
mpd,20.0,11,w48-16qam-r1/2,w48,19,1,0,data,ok,18,18,17.2,294.1
mpd,20.0,11,ack-1f,w,2,2,0,ctl,ok,0,0,19.2,294.1
mpd,20.0,11,w48-16qam-r1/2,w48,19,1,0,data,ok,18,18,13.6,294.1
mpd,20.0,11,ack-1f,w,2,2,0,ctl,ok,0,0,18.6,294.1
mpd,20.0,11,w48-16qam-r1/2,w48,19,1,0,data,ok,18,18,14.2,294.1
mpd,20.0,11,ack-1f,w,3,3,0,ctl,ok,0,0,17.2,294.1
mpd,20.0,11,w48-16qam-r1/2,w48,19,2,1,data,ok,17,17,13.6,294.1
mpd,20.0,11,ack-1f,w,3,3,0,ctl,ok,0,0,19.4,294.1
mpd,20.0,11,w48-16qam-r1/2,w48,19,2,1,data,ok,17,17,18.6,294.1
mpd,20.0,11,ack-1f,w,2,2,0,ctl,ok,0,0,20.7,294.1
mpd,20.0,11,w48-16qam-r1/2,w48,19,1,0,data,ok,18,18,15.4,294.1
mpd,20.0,11,ack-1f,w,2,2,0,ctl,ok,0,0,19.7,294.1
mpd,20.0,11,w48-16qam-r1/2,w48,19,1,0,data,ok,18,18,15.2,294.1
mpd,20.0,11,ack-1f,w,2,2,0,ctl,ok,0,0,19.2,294.1
mpd,20.0,11,w48-16qam-r1/2,w48,19,1,0,data,ok,18,18,16.4,294.1
mpd,20.0,11,ack-1f,w,2,2,0,ctl,ok,0,0,18.2,294.1
mpd,20.0,11,w48-16qam-r1/2,w48,19,1,0,data,ok,18,18,13.5,294.1
mpd,20.0,11,ack-1f,w,2,2,0,ctl,ok,0,0,17.7,294.1
mpd,20.0,11,w48-16qam-r1/2,w48,19,1,0,data,ok,18,18,19.1,294.1
mpd,20.0,11,ack-1f,w,2,2,0,ctl,ok,0,0,16.9,294.1
mpd,20.0,11,w48-16qam-r1/2,w48,19,1,0,data,ok,18,18,17.2,294.1
mpd,20.0,11,ack-1f,w,3,3,0,ctl,ok,0,0,17.8,294.1
mpd,20.0,11,w48-16qam-r2/3,w48,19,2,1,data,ok,17,0,12.5,294.1
mpd,20.0,11,ack-1f,w,2,2,0,ctl,ok,0,0,21.2,294.1
mpd,20.0,11,w48-16qam-r1/2,w48,19,1,0,data,ok,18,18,19.1,294.1
mpd,20.0,11,ack-1f,w,2,2,0,ctl,ok,0,0,17.3,294.1
mpd,20.0,11,w48-16qam-r1/2,w48,19,1,0,data,ok,18,18,19.0,294.1
mpd,20.0,11,ack-1f,w,3,3,0,ctl,ok,0,0,19.6,294.1
mpd,20.0,11,w48-16qam-r2/3,w48,19,2,1,data,ok,17,0,12.1,294.1
mpd,20.0,11,ack-1f,w,2,2,0,ctl,ok,0,0,19.7,294.1
mpd,20.0,11,w48-16qam-r1/2,w48,19,1,0,data,ok,18,18,17.1,294.1
mpd,20.0,11,ack-1f,w,2,2,0,ctl,ok,0,0,19.6,294.1
mpd,20.0,11,w48-16qam-r1/2,w48,19,1,0,data,ok,18,18,11.5,294.1
mpd,20.0,11,ack-1f,w,2,2,0,ctl,ok,0,0,9.9,294.1
mpd,20.0,11,w48-16qam-r1/2,w48,19,1,0,data,ok,18,18,12.1,294.1
mpd,20.0,11,ack-1f,w,3,3,0,ctl,ok,0,0,20.3,294.1
mpd,20.0,11,w48-16qam-r1/2,w48,19,2,1,data,ok,17,17,12.5,294.1
mpd,20.0,11,ack-1f,w,3,3,0,ctl,ok,0,0,19.4,294.1
mpd,20.0,11,w48-16qam-r1/2,w48,19,2,1,data,ok,17,17,15.3,294.1
mpd,20.0,11,ack-1f,w,2,2,0,ctl,ok,0,0,21.6,294.1
mpd,20.0,11,w48-16qam-r1/2,w48,19,1,0,data,ok,18,18,13.2,294.1
mpd,20.0,11,ack-1f,w,2,2,0,ctl,ok,0,0,18.3,294.1
mpd,20.0,11,w48-16qam-r1/2,w48,19,1,0,data,ok,18,18,14.5,294.1
mpd,20.0,11,ack-1f,w,2,2,0,ctl,ok,0,0,21.2,294.1
mpd,20.0,11,w48-16qam-r1/2,w48,19,1,0,data,ok,18,18,12.9,294.1
mpd,20.0,11,ack-1f,w,2,2,0,ctl,ok,0,0,6.9,294.1
mpd,20.0,11,w48-16qam-r1/2,w48,19,1,0,data,ok,18,18,13.8,294.1
mpd,20.0,11,ack-1f,w,2,2,0,ctl,ok,0,0,15.3,294.1
mpd,20.0,11,w48-16qam-r1/2,w48,19,1,0,data,ok,18,18,12.6,294.1
mpd,20.0,11,ack-1f,w,2,2,0,ctl,ok,0,0,20.6,294.1
mpd,20.0,11,w48-16qam-r1/2,w48,19,1,0,data,ok,18,18,19.0,294.1
mpd,20.0,11,ack-1f,w,2,2,0,ctl,ok,0,0,20.9,294.1
mpd,20.0,11,w48-16qam-r1/2,w48,19,1,0,data,ok,18,18,14.3,294.1
mpd,20.0,11,ack-1f,w,2,2,0,ctl,ok,0,0,19.2,294.1
mpd,20.0,11,w48-16qam-r1/2,w48,19,1,0,data,ok,18,18,17.5,294.1
mpd,20.0,11,ack-1f,w,2,2,0,ctl,ok,0,0,20.5,294.1
mpd,20.0,11,w48-16qam-r1/2,w48,19,1,0,data,ok,18,18,12.3,294.1
mpd,20.0,11,ack-1f,w,2,2,0,ctl,ok,0,0,21.1,294.1
mpd,20.0,11,w48-16qam-r1/2,w48,19,1,0,data,ok,18,18,12.3,294.1
mpd,20.0,11,ack-1f,w,2,2,0,ctl,ok,0,0,19.4,294.1
mpd,20.0,11,w48-16qam-r1/2,w48,19,1,0,data,ok,18,18,12.7,294.1
mpd,20.0,11,ack-1f,w,2,2,0,ctl,ok,0,0,20.0,294.1
mpd,20.0,11,w48-16qam-r1/2,w48,19,1,0,data,ok,18,18,13.9,294.1
mpd,20.0,11,ack-1f,w,2,2,0,ctl,ok,0,0,19.3,294.1
mpd,20.0,11,w48-16qam-r1/2,w48,19,1,0,data,ok,18,18,18.8,294.1
mpd,20.0,11,ack-1f,w,2,2,0,ctl,ok,0,0,18.9,294.1
mpd,20.0,11,w48-16qam-r1/2,w48,19,1,0,data,ok,18,18,15.6,294.1
mpd,20.0,11,ack-1f,w,2,2,0,ctl,ok,0,0,21.1,294.1
mpd,20.0,11,w48-16qam-r1/2,w48,19,1,0,data,ok,18,18,11.7,294.1
mpd,20.0,11,ack-1f,w,2,2,0,ctl,ok,0,0,20.3,294.1
mpd,20.0,11,w48-16qam-r1/2,w48,19,1,0,data,ok,18,18,15.1,294.1
mpd,20.0,11,ack-1f,w,2,2,0,ctl,ok,0,0,20.5,294.1
mpd,20.0,11,w48-16qam-r1/2,w48,19,1,0,data,ok,18,18,17.3,294.1
mpd,20.0,11,ack-1f,w,2,2,0,ctl,ok,0,0,15.5,294.1
mpd,20.0,11,w48-16qam-r1/2,w48,19,1,0,data,ok,18,18,13.4,294.1
mpd,20.0,11,ack-1f,w,2,2,0,ctl,ok,0,0,20.3,294.1
mpd,20.0,11,w48-16qam-r1/2,w48,19,1,0,data,ok,18,18,13.1,294.1
mpd,20.0,11,ack-1f,w,2,2,0,ctl,ok,0,0,20.6,294.1
mpd,20.0,11,w48-16qam-r1/2,w48,19,1,0,data,ok,18,18,17.5,294.1
mpd,20.0,9,qpsk-r1/5,w,1,1,0,ctl,ok,0,0,18.1,295.4
mpd,20.0,9,qpsk-r1/5,w,1,1,0,ctl,ok,0,0,19.4,295.4
mpd,20.0,9,ack-4f,w,2,2,0,ctl,ok,0,0,18.8,295.4
mpd,20.0,9,ack-1f,w,3,3,0,ctl,ok,0,0,19.1,295.4
mpd,20.0,9,w48-16qam-r1/2,w48,19,2,1,data,ok,17,17,12.7,295.4
mpd,20.0,9,ack-1f,w,3,3,0,ctl,ok,0,0,20.1,295.4
mpd,20.0,9,w48-16qam-r1/2,w48,19,2,1,data,ok,17,17,13.3,295.4
mpd,20.0,9,ack-1f,w,3,3,0,ctl,ok,0,0,21.3,295.4
mpd,20.0,9,w48-16qam-r1/2,w48,19,2,1,data,ok,17,17,17.3,295.4
mpd,20.0,9,ack-1f,w,2,2,0,ctl,ok,0,0,20.0,295.4
mpd,20.0,9,w48-16qam-r1/2,w48,19,1,0,data,ok,18,18,18.4,295.4
mpd,20.0,9,ack-1f,w,3,3,0,ctl,ok,0,0,18.7,295.4
mpd,20.0,9,w48-16qam-r2/3,w48,19,2,1,data,ok,17,17,17.3,295.4
mpd,20.0,9,ack-1f,w,3,3,0,ctl,ok,0,0,20.7,295.4
mpd,20.0,9,w48-16qam-r2/3,w48,19,2,1,data,ok,17,17,16.0,295.4
mpd,20.0,9,ack-1f,w,3,3,0,ctl,ok,0,0,18.8,295.4
mpd,20.0,9,w48-16qam-r2/3,w48,19,2,1,data,ok,17,0,13.8,295.4
mpd,20.0,9,ack-1f,w,2,2,0,ctl,ok,0,0,19.1,295.4
mpd,20.0,9,w48-16qam-r1/2,w48,19,1,0,data,ok,18,18,18.0,295.4
mpd,20.0,9,ack-1f,w,2,2,0,ctl,ok,0,0,21.3,295.4
mpd,20.0,9,w48-16qam-r1/2,w48,19,1,0,data,ok,18,18,16.1,295.4
mpd,20.0,9,ack-1f,w,3,3,0,ctl,ok,0,0,19.9,295.4
mpd,20.0,9,w48-16qam-r2/3,w48,19,2,1,data,ok,17,0,12.9,295.4
mpd,20.0,9,ack-1f,w,2,2,0,ctl,ok,0,0,18.9,295.4
mpd,20.0,9,w48-16qam-r1/2,w48,19,1,0,data,ok,18,18,18.6,295.4
mpd,20.0,9,ack-1f,w,2,2,0,ctl,ok,0,0,17.7,295.4
mpd,20.0,9,w48-16qam-r1/2,w48,19,1,0,data,ok,18,18,17.2,295.4
mpd,20.0,9,ack-1f,w,2,2,0,ctl,ok,0,0,16.7,295.4
mpd,20.0,9,w48-16qam-r1/2,w48,19,1,0,data,ok,18,18,18.1,295.4
mpd,20.0,9,ack-1f,w,2,2,0,ctl,ok,0,0,19.9,295.4
mpd,20.0,9,w48-16qam-r1/2,w48,19,1,0,data,ok,18,18,16.9,295.4
mpd,20.0,9,ack-1f,w,2,2,0,ctl,ok,0,0,20.6,295.4
mpd,20.0,9,w48-16qam-r1/2,w48,19,1,0,data,ok,18,18,15.7,295.4
mpd,20.0,9,ack-1f,w,2,2,0,ctl,ok,0,0,19.6,295.4
mpd,20.0,9,w48-16qam-r1/2,w48,19,1,0,data,ok,18,18,12.5,295.4
mpd,20.0,9,ack-1f,w,2,2,0,ctl,ok,0,0,21.5,295.4
mpd,20.0,9,w48-16qam-r1/2,w48,19,1,0,data,ok,18,18,11.3,295.4
mpd,20.0,9,ack-1f,w,3,3,0,ctl,ok,0,0,17.2,295.4
mpd,20.0,9,w48-16qam-r1/2,w48,19,2,1,data,ok,17,17,16.4,295.4
mpd,20.0,9,ack-1f,w,2,2,0,ctl,ok,0,0,17.1,295.4
mpd,20.0,9,w48-16qam-r1/2,w48,19,1,0,data,ok,18,18,12.2,295.4
mpd,20.0,9,ack-1f,w,2,2,0,ctl,ok,0,0,20.2,295.4
mpd,20.0,9,w48-16qam-r1/2,w48,19,1,0,data,ok,18,18,13.5,295.4
mpd,20.0,9,ack-1f,w,3,3,0,ctl,ok,0,0,18.9,295.4
mpd,20.0,9,w48-16qam-r1/2,w48,19,2,1,data,ok,17,17,17.9,295.4
mpd,20.0,9,ack-1f,w,2,2,0,ctl,ok,0,0,19.3,295.4
mpd,20.0,9,w48-16qam-r1/2,w48,19,1,0,data,ok,18,18,19.0,295.4
mpd,20.0,9,ack-1f,w,2,2,0,ctl,ok,0,0,17.1,295.4
mpd,20.0,9,w48-16qam-r2/3,w48,19,1,0,data,ok,18,18,17.8,295.4
mpd,20.0,9,ack-1f,w,2,2,0,ctl,ok,0,0,19.8,295.4
mpd,20.0,9,w48-16qam-r2/3,w48,19,1,0,data,ok,18,18,19.5,295.4
mpd,20.0,9,ack-1f,w,2,2,0,ctl,ok,0,0,21.6,295.4
mpd,20.0,9,w48-16qam-r2/3,w48,19,1,0,data,ctl_lost,18,0,12.6,295.4
mpd,20.0,9,ack-4f,w,3,3,0,ctl,ok,0,0,18.0,295.4
mpd,20.0,9,ack-4f,w,2,2,0,ctl,ok,0,0,18.1,295.4
mpd,20.0,9,w48-16qam-r1/2,w48,19,1,0,data,ok,18,18,18.5,295.4
mpd,20.0,9,ack-1f,w,2,2,0,ctl,ok,0,0,19.1,295.4
mpd,20.0,9,w48-16qam-r1/2,w48,19,1,0,data,ok,18,18,13.4,295.4
mpd,20.0,9,ack-1f,w,2,2,0,ctl,ok,0,0,19.6,295.4
mpd,20.0,9,w48-16qam-r1/2,w48,19,1,0,data,ok,18,18,12.5,295.4
mpd,20.0,9,ack-1f,w,2,2,0,ctl,ok,0,0,19.0,295.4
mpd,20.0,9,w48-16qam-r1/2,w48,19,1,0,data,ok,18,18,19.5,295.4
mpd,20.0,9,ack-1f,w,2,2,0,ctl,ok,0,0,19.8,295.4
mpd,20.0,9,w48-16qam-r1/2,w48,19,1,0,data,ok,18,18,17.3,295.4
mpd,20.0,9,ack-1f,w,2,2,0,ctl,ok,0,0,21.9,295.4
mpd,20.0,9,w48-16qam-r1/2,w48,19,1,0,data,ok,18,18,19.1,295.4
mpd,20.0,9,ack-1f,w,2,2,0,ctl,ok,0,0,19.3,295.4
mpd,20.0,9,w48-16qam-r1/2,w48,19,1,0,data,ok,18,18,12.4,295.4
mpd,20.0,9,ack-1f,w,2,2,0,ctl,ok,0,0,17.5,295.4
mpd,20.0,9,w48-16qam-r1/2,w48,19,1,0,data,ok,18,18,17.8,295.4
mpd,20.0,9,ack-1f,w,2,2,0,ctl,ok,0,0,19.0,295.4
mpd,20.0,9,w48-16qam-r1/2,w48,19,1,0,data,ok,18,18,12.7,295.4
mpd,20.0,9,ack-1f,w,2,2,0,ctl,ok,0,0,21.6,295.4
mpd,20.0,9,w48-16qam-r1/2,w48,19,1,0,data,ok,18,18,18.6,295.4
mpd,20.0,9,ack-1f,w,2,2,0,ctl,ok,0,0,18.0,295.4
mpd,20.0,9,w48-16qam-r1/2,w48,19,1,0,data,ok,18,18,15.4,295.4
mpd,20.0,9,ack-1f,w,2,2,0,ctl,ok,0,0,19.5,295.4
mpd,20.0,9,w48-16qam-r1/2,w48,19,1,0,data,ok,18,18,18.7,295.4
mpd,20.0,9,ack-1f,w,2,2,0,ctl,ok,0,0,18.3,295.4
mpd,20.0,9,w48-16qam-r1/2,w48,19,1,0,data,ok,18,18,17.9,295.4
mpd,20.0,9,ack-1f,w,2,2,0,ctl,ok,0,0,17.2,295.4
mpd,20.0,9,w48-16qam-r1/2,w48,19,1,0,data,ok,18,18,18.1,295.4
mpd,20.0,9,ack-1f,w,2,2,0,ctl,ok,0,0,19.3,295.4
mpd,20.0,9,w48-16qam-r1/2,w48,19,1,0,data,ok,18,18,15.6,295.4
mpd,20.0,9,ack-1f,w,2,2,0,ctl,ok,0,0,16.5,295.4
mpd,20.0,9,w48-16qam-r1/2,w48,19,1,0,data,ok,18,18,11.6,295.4
mpd,20.0,9,ack-1f,w,2,2,0,ctl,ok,0,0,18.3,295.4
mpd,20.0,9,w48-16qam-r1/2,w48,19,1,0,data,ok,18,18,13.2,295.4
mpd,20.0,9,ack-1f,w,2,2,0,ctl,ok,0,0,19.9,295.4
mpd,20.0,9,w48-16qam-r1/2,w48,19,1,0,data,ok,18,18,19.0,295.4
mpd,20.0,9,ack-1f,w,2,2,0,ctl,ok,0,0,20.7,295.4
mpd,20.0,9,w48-16qam-r1/2,w48,19,1,0,data,ok,18,18,12.7,295.4
mpd,20.0,9,ack-1f,w,2,2,0,ctl,ok,0,0,19.0,295.4
mpd,20.0,9,w48-16qam-r1/2,w48,19,1,0,data,ok,18,18,17.0,295.4
mpd,20.0,10,qpsk-r1/5,w,1,1,0,ctl,ok,0,0,19.1,303.4
mpd,20.0,10,qpsk-r1/5,w,1,1,0,ctl,ok,0,0,19.1,303.4
mpd,20.0,10,ack-4f,w,2,2,0,ctl,ok,0,0,18.9,303.4
mpd,20.0,10,ack-1f,w,2,2,0,ctl,ok,0,0,20.1,303.4
mpd,20.0,10,w48-16qam-r1/2,w48,19,1,0,data,ok,18,18,13.6,303.4
mpd,20.0,10,ack-1f,w,3,3,0,ctl,ok,0,0,17.8,303.4
mpd,20.0,10,w48-16qam-r1/2,w48,19,2,1,data,ok,17,17,13.7,303.4
mpd,20.0,10,ack-1f,w,3,3,0,ctl,ok,0,0,19.0,303.4
mpd,20.0,10,w48-16qam-r1/2,w48,19,2,1,data,ok,17,17,19.6,303.4
mpd,20.0,10,ack-1f,w,2,2,0,ctl,ok,0,0,18.9,303.4
mpd,20.0,10,w48-16qam-r1/2,w48,19,1,0,data,ok,18,18,12.9,303.4
mpd,20.0,10,ack-1f,w,2,2,0,ctl,ok,0,0,19.1,303.4
mpd,20.0,10,w48-16qam-r1/2,w48,19,1,0,data,ok,18,18,12.8,303.4
mpd,20.0,10,ack-1f,w,3,3,0,ctl,ok,0,0,18.8,303.4
mpd,20.0,10,w48-16qam-r1/2,w48,19,2,1,data,ok,17,17,17.2,303.4
mpd,20.0,10,ack-1f,w,2,2,0,ctl,ok,0,0,16.3,303.4
mpd,20.0,10,w48-16qam-r1/2,w48,19,1,0,data,ok,18,18,18.4,303.4
mpd,20.0,10,ack-1f,w,3,3,0,ctl,ok,0,0,16.5,303.4
mpd,20.0,10,w48-16qam-r2/3,w48,19,2,1,data,ok,17,17,16.2,303.4
mpd,20.0,10,ack-1f,w,3,3,0,ctl,ok,0,0,18.6,303.4
mpd,20.0,10,w48-16qam-r2/3,w48,19,2,1,data,ok,17,17,18.5,303.4
mpd,20.0,10,ack-1f,w,3,3,0,ctl,ok,0,0,20.0,303.4
mpd,20.0,10,w48-16qam-r2/3,w48,19,2,1,data,ok,17,17,18.3,303.4
mpd,20.0,10,ack-1f,w,3,3,0,ctl,ok,0,0,18.6,303.4
mpd,20.0,10,w48-16qam-r2/3,w48,19,2,1,data,ok,17,17,18.7,303.4
mpd,20.0,10,ack-1f,w,2,2,0,ctl,ok,0,0,19.6,303.4
mpd,20.0,10,w48-16qam-r2/3,w48,19,1,0,data,ctl_lost,18,0,12.2,303.4
mpd,20.0,10,ack-4f,w,2,2,0,ctl,ok,0,0,18.3,303.4
mpd,20.0,10,ack-4f,w,2,2,0,ctl,ok,0,0,18.1,303.4
mpd,20.0,10,w48-16qam-r1/2,w48,19,1,0,data,ok,18,18,15.7,303.4
mpd,20.0,10,ack-1f,w,2,2,0,ctl,ok,0,0,18.5,303.4
mpd,20.0,10,w48-16qam-r1/2,w48,19,1,0,data,ok,18,18,19.6,303.4
mpd,20.0,10,ack-1f,w,2,2,0,ctl,ok,0,0,16.1,303.4
mpd,20.0,10,w48-16qam-r1/2,w48,19,1,0,data,ok,18,18,18.3,303.4
mpd,20.0,10,ack-1f,w,3,3,0,ctl,ok,0,0,18.8,303.4
mpd,20.0,10,w48-16qam-r2/3,w48,19,2,1,data,ok,17,17,17.5,303.4
mpd,20.0,10,ack-1f,w,2,2,0,ctl,ok,0,0,8.5,303.4
mpd,20.0,10,w48-16qam-r1/2,w48,19,1,0,data,ok,18,18,12.0,303.4
mpd,20.0,10,ack-1f,w,2,2,0,ctl,ok,0,0,20.4,303.4
mpd,20.0,10,w48-16qam-r1/2,w48,19,1,0,data,ok,18,18,13.1,303.4
mpd,20.0,10,ack-1f,w,3,3,0,ctl,ok,0,0,18.3,303.4
mpd,20.0,10,w48-16qam-r1/2,w48,19,2,1,data,ok,17,17,17.2,303.4
mpd,20.0,10,ack-1f,w,2,2,0,ctl,ok,0,0,7.9,303.4
mpd,20.0,10,w48-16qam-r1/2,w48,19,1,0,data,ok,18,18,13.3,303.4
mpd,20.0,10,ack-1f,w,2,2,0,ctl,ok,0,0,20.4,303.4
mpd,20.0,10,w48-16qam-r1/2,w48,19,1,0,data,ok,18,18,13.3,303.4
mpd,20.0,10,ack-1f,w,2,2,0,ctl,ok,0,0,21.2,303.4
mpd,20.0,10,w48-16qam-r1/2,w48,19,1,0,data,ok,18,18,17.8,303.4
mpd,20.0,10,ack-1f,w,2,2,0,ctl,ok,0,0,19.1,303.4
mpd,20.0,10,w48-16qam-r1/2,w48,19,1,0,data,ok,18,18,16.0,303.4
mpd,20.0,10,ack-1f,w,2,2,0,ctl,ok,0,0,20.3,303.4
mpd,20.0,10,w48-16qam-r1/2,w48,19,1,0,data,ok,18,18,19.1,303.4
mpd,20.0,10,ack-1f,w,2,2,0,ctl,ok,0,0,19.2,303.4
mpd,20.0,10,w48-16qam-r1/2,w48,19,1,0,data,ok,18,18,17.1,303.4
mpd,20.0,10,ack-1f,w,2,2,0,ctl,ok,0,0,18.9,303.4
mpd,20.0,10,w48-16qam-r1/2,w48,19,1,0,data,ok,18,18,19.8,303.4
mpd,20.0,10,ack-1f,w,3,3,0,ctl,ok,0,0,20.1,303.4
mpd,20.0,10,w48-16qam-r2/3,w48,19,2,1,data,ok,17,0,12.3,303.4
mpd,20.0,10,ack-1f,w,2,2,0,ctl,ok,0,0,18.1,303.4
mpd,20.0,10,w48-16qam-r1/2,w48,19,1,0,data,ok,18,18,17.5,303.4
mpd,20.0,10,ack-1f,w,2,2,0,ctl,ok,0,0,20.7,303.4
mpd,20.0,10,w48-16qam-r1/2,w48,19,1,0,data,ok,18,18,11.6,303.4
mpd,20.0,10,ack-1f,w,2,2,0,ctl,ok,0,0,20.5,303.4
mpd,20.0,10,w48-16qam-r1/2,w48,19,1,0,data,ok,18,18,13.0,303.4
mpd,20.0,10,ack-1f,w,3,3,0,ctl,ok,0,0,19.4,303.4
mpd,20.0,10,w48-16qam-r1/2,w48,19,2,1,data,ok,17,17,13.0,303.4
mpd,20.0,10,ack-1f,w,2,2,0,ctl,ok,0,0,18.1,303.4
mpd,20.0,10,w48-16qam-r1/2,w48,19,1,0,data,ok,18,18,16.7,303.4
mpd,20.0,10,ack-1f,w,2,2,0,ctl,ok,0,0,19.1,303.4
mpd,20.0,10,w48-16qam-r1/2,w48,19,1,0,data,ok,18,18,12.6,303.4
mpd,20.0,10,ack-1f,w,2,2,0,ctl,ok,0,0,18.1,303.4
mpd,20.0,10,w48-16qam-r1/2,w48,19,1,0,data,ok,18,18,16.9,303.4
mpd,20.0,10,ack-1f,w,2,2,0,ctl,ok,0,0,19.9,303.4
mpd,20.0,10,w48-16qam-r1/2,w48,19,1,0,data,ok,18,18,16.3,303.4
mpd,20.0,10,ack-1f,w,2,2,0,ctl,ok,0,0,17.6,303.4
mpd,20.0,10,w48-16qam-r1/2,w48,19,1,0,data,ok,18,18,16.5,303.4
mpd,20.0,10,ack-1f,w,2,2,0,ctl,ok,0,0,19.6,303.4
mpd,20.0,10,w48-16qam-r1/2,w48,19,1,0,data,ok,18,18,16.0,303.4
mpd,20.0,10,ack-1f,w,2,2,0,ctl,ok,0,0,22.3,303.4
mpd,20.0,10,w48-16qam-r1/2,w48,19,1,0,data,ok,18,18,18.8,303.4
mpd,20.0,10,ack-1f,w,2,2,0,ctl,ok,0,0,17.6,303.4
mpd,20.0,10,w48-16qam-r1/2,w48,19,1,0,data,ok,18,18,15.4,303.4
mpd,20.0,10,ack-1f,w,2,2,0,ctl,ok,0,0,21.4,303.4
mpd,20.0,10,w48-16qam-r1/2,w48,19,1,0,data,ok,18,18,12.4,303.4
mpd,20.0,10,ack-1f,w,2,2,0,ctl,ok,0,0,20.7,303.4
mpd,20.0,10,w48-16qam-r1/2,w48,19,1,0,data,ok,18,18,17.7,303.4
mpd,20.0,10,ack-1f,w,2,2,0,ctl,ok,0,0,20.2,303.4
mpd,20.0,10,w48-16qam-r1/2,w48,19,1,0,data,ok,18,18,12.7,303.4
mpd,20.0,10,ack-1f,w,2,2,0,ctl,ok,0,0,19.1,303.4
mpd,20.0,10,w48-16qam-r1/2,w48,19,1,0,data,ok,18,18,13.3,303.4
mpd,20.0,10,ack-1f,w,2,2,0,ctl,ok,0,0,18.4,303.4
mpd,20.0,10,w48-16qam-r1/2,w48,19,1,0,data,ok,18,18,17.8,303.4
mpd,20.0,10,ack-1f,w,2,2,0,ctl,ok,0,0,18.9,303.4
mpd,20.0,10,w48-16qam-r1/2,w48,19,1,0,data,ok,18,18,13.3,303.4
mpd,20.0,2,qpsk-r1/5,w,1,1,0,ctl,ok,0,0,18.6,294.9
mpd,20.0,2,qpsk-r1/5,w,1,1,0,ctl,ok,0,0,19.3,294.9
mpd,20.0,2,ack-4f,w,2,2,0,ctl,ok,0,0,19.0,294.9
mpd,20.0,2,ack-1f,w,2,2,0,ctl,ok,0,0,21.1,294.9
mpd,20.0,2,w48-16qam-r1/2,w48,19,1,0,data,ok,18,18,13.3,294.9
mpd,20.0,2,ack-1f,w,3,3,0,ctl,ok,0,0,18.7,294.9
mpd,20.0,2,w48-16qam-r1/2,w48,19,2,1,data,ok,17,17,17.3,294.9
mpd,20.0,2,ack-1f,w,2,2,0,ctl,ok,0,0,16.0,294.9
mpd,20.0,2,w48-16qam-r1/2,w48,19,1,0,data,ok,18,18,19.2,294.9
mpd,20.0,2,ack-1f,w,3,3,0,ctl,ok,0,0,19.9,294.9
mpd,20.0,2,w48-16qam-r2/3,w48,19,2,1,data,ok,17,17,19.1,294.9
mpd,20.0,2,ack-1f,w,3,3,0,ctl,ok,0,0,20.6,294.9
mpd,20.0,2,w48-16qam-r2/3,w48,19,2,1,data,ok,17,0,12.5,294.9
mpd,20.0,2,ack-1f,w,2,2,0,ctl,ok,0,0,19.3,294.9
mpd,20.0,2,w48-16qam-r1/2,w48,19,1,0,data,ok,18,18,19.5,294.9
mpd,20.0,2,ack-1f,w,2,2,0,ctl,ok,0,0,22.3,294.9
mpd,20.0,2,w48-16qam-r1/2,w48,19,1,0,data,ok,18,18,15.4,294.9
mpd,20.0,2,ack-1f,w,3,3,0,ctl,ok,0,0,18.0,294.9
mpd,20.0,2,w48-16qam-r2/3,w48,19,2,1,data,ok,17,17,15.8,294.9
mpd,20.0,2,ack-1f,w,2,2,0,ctl,ok,0,0,21.3,294.9
mpd,20.0,2,w48-16qam-r1/2,w48,19,1,0,data,ok,18,18,14.3,294.9
mpd,20.0,2,ack-1f,w,2,2,0,ctl,ok,0,0,19.6,294.9
mpd,20.0,2,w48-16qam-r1/2,w48,19,1,0,data,ok,18,18,20.0,294.9
mpd,20.0,2,ack-1f,w,3,3,0,ctl,ok,0,0,19.2,294.9
mpd,20.0,2,w48-16qam-r2/3,w48,19,2,1,data,ok,17,0,11.5,294.9
mpd,20.0,2,ack-1f,w,2,2,0,ctl,ok,0,0,22.2,294.9
mpd,20.0,2,w48-16qam-r1/2,w48,19,1,0,data,ok,18,18,15.8,294.9
mpd,20.0,2,ack-1f,w,3,3,0,ctl,ok,0,0,18.9,294.9
mpd,20.0,2,w48-16qam-r1/2,w48,19,2,1,data,ok,17,17,17.0,294.9
mpd,20.0,2,ack-1f,w,2,2,0,ctl,ok,0,0,20.7,294.9
mpd,20.0,2,w48-16qam-r1/2,w48,19,1,0,data,ok,18,18,16.0,294.9
mpd,20.0,2,ack-1f,w,2,2,0,ctl,ok,0,0,17.9,294.9
mpd,20.0,2,w48-16qam-r1/2,w48,19,1,0,data,ok,18,18,13.4,294.9
mpd,20.0,2,ack-1f,w,2,2,0,ctl,ok,0,0,19.8,294.9
mpd,20.0,2,w48-16qam-r1/2,w48,19,1,0,data,ok,18,18,18.9,294.9
mpd,20.0,2,ack-1f,w,2,2,0,ctl,ok,0,0,20.3,294.9
mpd,20.0,2,w48-16qam-r1/2,w48,19,1,0,data,ok,18,18,17.7,294.9
mpd,20.0,2,ack-1f,w,2,2,0,ctl,ok,0,0,19.1,294.9
mpd,20.0,2,w48-16qam-r2/3,w48,19,1,0,data,ok,18,18,14.8,294.9
mpd,20.0,2,ack-1f,w,2,2,0,ctl,ok,0,0,20.3,294.9
mpd,20.0,2,w48-16qam-r1/2,w48,19,1,0,data,ok,18,18,14.7,294.9
mpd,20.0,2,ack-1f,w,2,2,0,ctl,ok,0,0,18.3,294.9
mpd,20.0,2,w48-16qam-r1/2,w48,19,1,0,data,ok,18,18,17.0,294.9
mpd,20.0,2,ack-1f,w,2,2,0,ctl,ok,0,0,18.9,294.9
mpd,20.0,2,w48-16qam-r1/2,w48,19,1,0,data,ok,18,18,15.1,294.9
mpd,20.0,2,ack-1f,w,2,2,0,ctl,ok,0,0,19.1,294.9
mpd,20.0,2,w48-16qam-r1/2,w48,19,1,0,data,ok,18,18,12.3,294.9
mpd,20.0,2,ack-1f,w,2,2,0,ctl,ok,0,0,17.2,294.9
mpd,20.0,2,w48-16qam-r1/2,w48,19,1,0,data,ok,18,18,17.2,294.9
mpd,20.0,2,ack-1f,w,2,2,0,ctl,ok,0,0,18.4,294.9
mpd,20.0,2,w48-16qam-r1/2,w48,19,1,0,data,ok,18,18,18.5,294.9
mpd,20.0,2,ack-1f,w,3,3,0,ctl,ok,0,0,7.3,294.9
mpd,20.0,2,w48-16qam-r2/3,w48,19,2,1,data,ok,17,17,19.0,294.9
mpd,20.0,2,ack-1f,w,2,2,0,ctl,ok,0,0,20.3,294.9
mpd,20.0,2,w48-16qam-r2/3,w48,19,1,0,data,ok,18,18,18.6,294.9
mpd,20.0,2,ack-1f,w,2,2,0,ctl,ok,0,0,19.0,294.9
mpd,20.0,2,w48-16qam-r2/3,w48,19,1,0,data,ctl_lost,18,0,12.1,294.9
mpd,20.0,2,ack-4f,w,3,3,0,ctl,ok,0,0,11.5,294.9
mpd,20.0,2,ack-4f,w,3,3,0,ctl,ok,0,0,18.3,294.9
mpd,20.0,2,w48-16qam-r1/2,w48,19,2,1,data,ok,17,17,19.6,294.9
mpd,20.0,2,ack-1f,w,2,2,0,ctl,ok,0,0,18.9,294.9
mpd,20.0,2,w48-16qam-r1/2,w48,19,1,0,data,ok,18,18,13.6,294.9
mpd,20.0,2,ack-1f,w,2,2,0,ctl,ok,0,0,21.0,294.9
mpd,20.0,2,w48-16qam-r1/2,w48,19,1,0,data,ok,18,18,18.8,294.9
mpd,20.0,2,ack-1f,w,2,2,0,ctl,ok,0,0,19.1,294.9
mpd,20.0,2,w48-16qam-r1/2,w48,19,1,0,data,ok,18,18,19.0,294.9
mpd,20.0,2,ack-1f,w,3,3,0,ctl,ok,0,0,9.5,294.9
mpd,20.0,2,w48-64l-r1/2,w48,39,2,1,data,ok,37,35,14.3,294.9
mpd,20.0,2,ack-1f,w,4,4,0,ctl,ok,0,0,21.3,294.9
mpd,20.0,2,w48-64l-r1/2,w48,39,2,1,data,ok,35,0,10.7,294.9
mpd,20.0,2,ack-1f,w,2,2,0,ctl,ok,0,0,18.2,294.9
mpd,20.0,2,w48-16qam-r1/2,w48,19,1,0,data,ok,18,18,13.8,294.9
mpd,20.0,2,ack-1f,w,2,2,0,ctl,ok,0,0,18.3,294.9
mpd,20.0,2,w48-16qam-r1/2,w48,19,1,0,data,ok,18,18,12.4,294.9
mpd,20.0,2,ack-1f,w,2,2,0,ctl,ok,0,0,18.5,294.9
mpd,20.0,2,w48-16qam-r1/2,w48,19,1,0,data,ok,18,18,13.3,294.9
mpd,20.0,2,ack-1f,w,2,2,0,ctl,ok,0,0,17.1,294.9
mpd,20.0,2,w48-16qam-r1/2,w48,19,1,0,data,ok,18,18,13.8,294.9
mpd,20.0,2,ack-1f,w,2,2,0,ctl,ok,0,0,18.7,294.9
mpd,20.0,2,w48-16qam-r1/2,w48,19,1,0,data,ok,18,18,13.3,294.9
mpd,20.0,2,ack-1f,w,2,2,0,ctl,ok,0,0,20.5,294.9
mpd,20.0,2,w48-16qam-r1/2,w48,19,1,0,data,ok,18,18,13.0,294.9
mpd,20.0,2,ack-1f,w,2,2,0,ctl,ok,0,0,19.0,294.9
mpd,20.0,2,w48-16qam-r1/2,w48,19,1,0,data,ok,18,18,14.4,294.9
mpd,20.0,2,ack-1f,w,2,2,0,ctl,ok,0,0,20.1,294.9
mpd,20.0,2,w48-16qam-r1/2,w48,19,1,0,data,ok,18,18,15.3,294.9
mpd,20.0,2,ack-1f,w,2,2,0,ctl,ok,0,0,19.8,294.9
mpd,20.0,2,w48-16qam-r1/2,w48,19,1,0,data,ok,18,18,13.7,294.9
mpd,20.0,2,ack-1f,w,2,2,0,ctl,ok,0,0,18.5,294.9
mpd,20.0,2,w48-16qam-r1/2,w48,19,1,0,data,ok,18,18,15.3,294.9
mpd,20.0,2,ack-1f,w,2,2,0,ctl,ok,0,0,13.3,294.9
mpd,20.0,2,w48-16qam-r1/2,w48,19,1,0,data,ok,18,18,12.4,294.9
mpd,20.0,2,ack-1f,w,2,2,0,ctl,ok,0,0,18.2,294.9
mpd,20.0,2,w48-16qam-r1/2,w48,19,1,0,data,ok,18,18,15.0,294.9
mpd,20.0,0,qpsk-r1/5,w,1,1,0,ctl,ok,0,0,18.8,287.3
mpd,20.0,0,qpsk-r1/5,w,1,1,0,ctl,ok,0,0,19.2,287.3
mpd,20.0,0,ack-4f,w,2,2,0,ctl,ok,0,0,18.8,287.3
mpd,20.0,0,ack-1f,w,2,2,0,ctl,ok,0,0,18.6,287.3
mpd,20.0,0,w48-16qam-r1/2,w48,19,1,0,data,ok,18,18,13.2,287.3
mpd,20.0,0,ack-1f,w,3,3,0,ctl,ok,0,0,19.8,287.3
mpd,20.0,0,w48-16qam-r1/2,w48,19,2,1,data,ok,17,17,18.1,287.3
mpd,20.0,0,ack-1f,w,2,2,0,ctl,ok,0,0,17.4,287.3
mpd,20.0,0,w48-16qam-r1/2,w48,19,1,0,data,ok,18,18,15.3,287.3
mpd,20.0,0,ack-1f,w,2,2,0,ctl,ok,0,0,17.8,287.3
mpd,20.0,0,w48-16qam-r1/2,w48,19,1,0,data,ok,18,18,14.0,287.3
mpd,20.0,0,ack-1f,w,2,2,0,ctl,ok,0,0,20.3,287.3
mpd,20.0,0,w48-16qam-r1/2,w48,19,1,0,data,ok,18,18,17.4,287.3
mpd,20.0,0,ack-1f,w,2,2,0,ctl,ok,0,0,20.9,287.3
mpd,20.0,0,w48-16qam-r1/2,w48,19,1,0,data,ok,18,18,13.2,287.3
mpd,20.0,0,ack-1f,w,2,2,0,ctl,ok,0,0,17.6,287.3
mpd,20.0,0,w48-16qam-r1/2,w48,19,1,0,data,ok,18,18,15.9,287.3
mpd,20.0,0,ack-1f,w,2,2,0,ctl,ok,0,0,20.3,287.3
mpd,20.0,0,w48-16qam-r1/2,w48,19,1,0,data,ok,18,18,16.8,287.3
mpd,20.0,0,ack-1f,w,2,2,0,ctl,ok,0,0,19.3,287.3
mpd,20.0,0,w48-16qam-r1/2,w48,19,1,0,data,ok,18,18,18.4,287.3
mpd,20.0,0,ack-1f,w,2,2,0,ctl,ok,0,0,19.8,287.3
mpd,20.0,0,w48-16qam-r1/2,w48,19,1,0,data,ok,18,18,14.7,287.3
mpd,20.0,0,ack-1f,w,2,2,0,ctl,ok,0,0,20.3,287.3
mpd,20.0,0,w48-16qam-r1/2,w48,19,1,0,data,ok,18,18,16.5,287.3
mpd,20.0,0,ack-1f,w,2,2,0,ctl,ok,0,0,18.7,287.3
mpd,20.0,0,w48-16qam-r1/2,w48,19,1,0,data,ok,18,18,16.9,287.3
mpd,20.0,0,ack-1f,w,2,2,0,ctl,ok,0,0,20.0,287.3
mpd,20.0,0,w48-16qam-r1/2,w48,19,1,0,data,ok,18,18,14.2,287.3
mpd,20.0,0,ack-1f,w,2,2,0,ctl,ok,0,0,21.3,287.3
mpd,20.0,0,w48-16qam-r1/2,w48,19,1,0,data,ok,18,18,15.7,287.3
mpd,20.0,0,ack-1f,w,2,2,0,ctl,ok,0,0,16.5,287.3
mpd,20.0,0,w48-16qam-r1/2,w48,19,1,0,data,ok,18,18,12.4,287.3
mpd,20.0,0,ack-1f,w,2,2,0,ctl,ok,0,0,18.7,287.3
mpd,20.0,0,w48-16qam-r1/2,w48,19,1,0,data,ok,18,18,15.4,287.3
mpd,20.0,0,ack-1f,w,2,2,0,ctl,ok,0,0,15.5,287.3
mpd,20.0,0,w48-16qam-r1/2,w48,19,1,0,data,ok,18,18,17.8,287.3
mpd,20.0,0,ack-1f,w,2,2,0,ctl,ok,0,0,19.8,287.3
mpd,20.0,0,w48-16qam-r1/2,w48,19,1,0,data,ok,18,18,18.3,287.3
mpd,20.0,0,ack-1f,w,3,3,0,ctl,ok,0,0,19.3,287.3
mpd,20.0,0,w48-16qam-r2/3,w48,19,2,1,data,ok,17,17,15.4,287.3
mpd,20.0,0,ack-1f,w,2,2,0,ctl,ok,0,0,20.4,287.3
mpd,20.0,0,w48-16qam-r1/2,w48,19,1,0,data,ok,18,18,17.4,287.3
mpd,20.0,0,ack-1f,w,2,2,0,ctl,ok,0,0,18.6,287.3
mpd,20.0,0,w48-16qam-r1/2,w48,19,1,0,data,ok,18,18,20.3,287.3
mpd,20.0,0,ack-1f,w,3,3,0,ctl,ok,0,0,19.0,287.3
mpd,20.0,0,w48-16qam-r2/3,w48,19,2,1,data,ok,17,0,12.6,287.3
mpd,20.0,0,ack-1f,w,2,2,0,ctl,ok,0,0,19.4,287.3
mpd,20.0,0,w48-16qam-r1/2,w48,19,1,0,data,ok,18,18,18.1,287.3
mpd,20.0,0,ack-1f,w,2,2,0,ctl,ok,0,0,19.6,287.3
mpd,20.0,0,w48-16qam-r1/2,w48,19,1,0,data,ok,18,18,17.5,287.3
mpd,20.0,0,ack-1f,w,3,3,0,ctl,ok,0,0,18.5,287.3
mpd,20.0,0,w48-16qam-r2/3,w48,19,2,1,data,ok,17,0,12.7,287.3
mpd,20.0,0,ack-1f,w,2,2,0,ctl,ok,0,0,19.2,287.3
mpd,20.0,0,w48-16qam-r1/2,w48,19,1,0,data,ok,18,18,17.2,287.3
mpd,20.0,0,ack-1f,w,2,2,0,ctl,ok,0,0,18.1,287.3
mpd,20.0,0,w48-16qam-r1/2,w48,19,1,0,data,ok,18,18,18.0,287.3
mpd,20.0,0,ack-1f,w,2,2,0,ctl,ok,0,0,20.4,287.3
mpd,20.0,0,w48-16qam-r1/2,w48,19,1,0,data,ok,18,18,13.3,287.3
mpd,20.0,0,ack-1f,w,2,2,0,ctl,ok,0,0,18.7,287.3
mpd,20.0,0,w48-16qam-r1/2,w48,19,1,0,data,ok,18,18,18.7,287.3
mpd,20.0,0,ack-1f,w,2,2,0,ctl,ok,0,0,18.8,287.3
mpd,20.0,0,w48-16qam-r1/2,w48,19,1,0,data,ok,18,18,18.2,287.3
mpd,20.0,0,ack-1f,w,3,3,0,ctl,ok,0,0,17.3,287.3
mpd,20.0,0,w48-16qam-r2/3,w48,19,2,1,data,ok,17,0,11.7,287.3
mpd,20.0,0,ack-1f,w,2,2,0,ctl,ok,0,0,17.5,287.3
mpd,20.0,0,w48-16qam-r1/2,w48,19,1,0,data,ok,18,18,15.5,287.3
mpd,20.0,0,ack-1f,w,2,2,0,ctl,ok,0,0,20.9,287.3
mpd,20.0,0,w48-16qam-r1/2,w48,19,1,0,data,ok,18,18,16.5,287.3
mpd,20.0,0,ack-1f,w,2,2,0,ctl,ok,0,0,8.2,287.3
mpd,20.0,0,w48-16qam-r1/2,w48,19,1,0,data,ok,18,18,12.5,287.3
mpd,20.0,0,ack-1f,w,2,2,0,ctl,ok,0,0,22.6,287.3
mpd,20.0,0,w48-16qam-r1/2,w48,19,1,0,data,ok,18,18,19.0,287.3
mpd,20.0,0,ack-1f,w,2,2,0,ctl,ok,0,0,18.7,287.3
mpd,20.0,0,w48-16qam-r1/2,w48,19,1,0,data,ok,18,18,19.5,287.3
mpd,20.0,0,ack-1f,w,3,3,0,ctl,ok,0,0,21.0,287.3
mpd,20.0,0,w48-64l-r1/2,w48,39,2,1,data,ok,37,0,12.8,287.3
mpd,20.0,0,ack-1f,w,3,3,0,ctl,ok,0,0,19.3,287.3
mpd,20.0,0,w48-64l-r1/2,w48,39,2,1,data,ok,0,0,11.9,287.3
mpd,20.0,0,ack-1f,w,2,2,0,ctl,ok,0,0,18.7,287.3
mpd,20.0,0,w48-16qam-r1/2,w48,19,1,0,data,ok,18,18,17.6,287.3
mpd,20.0,0,ack-1f,w,2,2,0,ctl,ok,0,0,19.7,287.3
mpd,20.0,0,w48-16qam-r1/2,w48,19,1,0,data,ok,18,18,13.4,287.3
mpd,20.0,0,ack-1f,w,2,2,0,ctl,ok,0,0,18.4,287.3
mpd,20.0,0,w48-16qam-r1/2,w48,19,1,0,data,ok,18,18,13.9,287.3
mpd,20.0,0,ack-1f,w,2,2,0,ctl,ok,0,0,18.5,287.3
mpd,20.0,0,w48-16qam-r1/2,w48,19,1,0,data,ok,18,18,14.1,287.3
mpd,20.0,0,ack-1f,w,2,2,0,ctl,ok,0,0,20.3,287.3
mpd,20.0,0,w48-16qam-r1/2,w48,19,1,0,data,ok,18,18,18.0,287.3
mpd,20.0,0,ack-1f,w,2,2,0,ctl,ok,0,0,20.3,287.3
mpd,20.0,0,w48-16qam-r1/2,w48,19,1,0,data,ok,18,18,16.0,287.3
mpd,20.0,0,ack-1f,w,2,2,0,ctl,ok,0,0,20.1,287.3
mpd,20.0,0,w48-16qam-r1/2,w48,19,1,0,data,ok,18,18,15.1,287.3
mpd,20.0,5,qpsk-r1/5,w,1,1,0,ctl,ok,0,0,18.7,292.8
mpd,20.0,5,qpsk-r1/5,w,1,1,0,ctl,ok,0,0,19.3,292.8
mpd,20.0,5,ack-4f,w,3,3,0,ctl,ok,0,0,17.8,292.8
mpd,20.0,5,ack-1f,w,2,2,0,ctl,ok,0,0,22.3,292.8
mpd,20.0,5,w48-16qam-r1/2,w48,19,1,0,data,ok,18,18,20.2,292.8
mpd,20.0,5,ack-1f,w,3,3,0,ctl,ok,0,0,18.3,292.8
mpd,20.0,5,w48-16qam-r2/3,w48,19,2,1,data,ok,17,17,17.2,292.8
mpd,20.0,5,ack-1f,w,3,3,0,ctl,ok,0,0,19.5,292.8
mpd,20.0,5,w48-16qam-r2/3,w48,19,2,1,data,ok,17,17,18.8,292.8
mpd,20.0,5,ack-1f,w,3,3,0,ctl,ok,0,0,22.4,292.8
mpd,20.0,5,w48-16qam-r2/3,w48,19,2,1,data,ok,17,17,15.9,292.8
mpd,20.0,5,ack-1f,w,3,3,0,ctl,ok,0,0,20.4,292.8
mpd,20.0,5,w48-16qam-r2/3,w48,19,2,1,data,ok,17,17,19.0,292.8
mpd,20.0,5,ack-1f,w,3,3,0,ctl,ok,0,0,20.3,292.8
mpd,20.0,5,w48-16qam-r2/3,w48,19,2,1,data,ok,17,0,13.4,292.8
mpd,20.0,5,ack-1f,w,3,3,0,ctl,ok,0,0,18.1,292.8
mpd,20.0,5,w48-16qam-r2/3,w48,19,2,1,data,ok,0,0,17.8,292.8
mpd,20.0,5,ack-1f,w,3,3,0,ctl,ok,0,0,20.4,292.8
mpd,20.0,5,w48-16qam-r2/3,w48,19,2,1,data,ok,17,17,16.9,292.8
mpd,20.0,5,ack-1f,w,3,3,0,ctl,ok,0,0,18.2,292.8
mpd,20.0,5,w48-16qam-r2/3,w48,19,2,1,data,ok,17,0,13.2,292.8
mpd,20.0,5,ack-1f,w,2,2,0,ctl,ok,0,0,21.2,292.8
mpd,20.0,5,w48-16qam-r1/2,w48,19,1,0,data,ok,18,18,18.1,292.8
mpd,20.0,5,ack-1f,w,2,2,0,ctl,ok,0,0,19.5,292.8
mpd,20.0,5,w48-16qam-r1/2,w48,19,1,0,data,ok,18,18,13.8,292.8
mpd,20.0,5,ack-1f,w,2,2,0,ctl,ok,0,0,22.2,292.8
mpd,20.0,5,w48-16qam-r1/2,w48,19,1,0,data,ok,18,18,17.1,292.8
mpd,20.0,5,ack-1f,w,2,2,0,ctl,ok,0,0,18.5,292.8
mpd,20.0,5,w48-16qam-r1/2,w48,19,1,0,data,ok,18,18,17.9,292.8
mpd,20.0,5,ack-1f,w,3,3,0,ctl,ok,0,0,19.8,292.8
mpd,20.0,5,w48-16qam-r2/3,w48,19,2,1,data,ok,17,0,12.7,292.8
mpd,20.0,5,ack-1f,w,2,2,0,ctl,ok,0,0,21.2,292.8
mpd,20.0,5,w48-16qam-r1/2,w48,19,1,0,data,ok,18,18,13.5,292.8
mpd,20.0,5,ack-1f,w,3,3,0,ctl,ok,0,0,20.3,292.8
mpd,20.0,5,w48-16qam-r1/2,w48,19,2,1,data,ok,17,17,15.1,292.8
mpd,20.0,5,ack-1f,w,2,2,0,ctl,ok,0,0,20.4,292.8
mpd,20.0,5,w48-16qam-r1/2,w48,19,1,0,data,ok,18,18,17.3,292.8
mpd,20.0,5,ack-1f,w,2,2,0,ctl,ok,0,0,19.6,292.8
mpd,20.0,5,w48-16qam-r1/2,w48,19,1,0,data,ok,18,18,18.8,292.8
mpd,20.0,5,ack-1f,w,2,2,0,ctl,ok,0,0,18.1,292.8
mpd,20.0,5,w48-16qam-r1/2,w48,19,1,0,data,ok,18,18,19.4,292.8
mpd,20.0,5,ack-1f,w,3,3,0,ctl,ok,0,0,17.3,292.8
mpd,20.0,5,w48-64l-r1/2,w48,39,2,1,data,ok,37,0,12.1,292.8
mpd,20.0,5,ack-1f,w,2,2,0,ctl,ok,0,0,19.3,292.8
mpd,20.0,5,w48-16qam-r1/2,w48,19,1,0,data,ok,18,18,17.6,292.8
mpd,20.0,5,ack-1f,w,2,2,0,ctl,ok,0,0,18.7,292.8
mpd,20.0,5,w48-16qam-r1/2,w48,19,1,0,data,ok,18,18,17.7,292.8
mpd,20.0,5,ack-1f,w,2,2,0,ctl,ok,0,0,20.0,292.8
mpd,20.0,5,w48-16qam-r1/2,w48,19,1,0,data,ok,18,18,16.8,292.8
mpd,20.0,5,ack-1f,w,2,2,0,ctl,ok,0,0,18.4,292.8
mpd,20.0,5,w48-16qam-r1/2,w48,19,1,0,data,ok,18,18,16.7,292.8
mpd,20.0,5,ack-1f,w,2,2,0,ctl,ok,0,0,18.7,292.8
mpd,20.0,5,w48-16qam-r1/2,w48,19,1,0,data,ok,18,18,13.2,292.8
mpd,20.0,5,ack-1f,w,2,2,0,ctl,ok,0,0,17.8,292.8
mpd,20.0,5,w48-16qam-r1/2,w48,19,1,0,data,ok,18,18,14.6,292.8
mpd,20.0,5,ack-1f,w,2,2,0,ctl,ok,0,0,19.6,292.8
mpd,20.0,5,w48-16qam-r1/2,w48,19,1,0,data,ok,18,18,17.5,292.8
mpd,20.0,5,ack-1f,w,2,2,0,ctl,ok,0,0,21.0,292.8
mpd,20.0,5,w48-16qam-r1/2,w48,19,1,0,data,ok,18,18,17.0,292.8
mpd,20.0,5,ack-1f,w,2,2,0,ctl,ok,0,0,19.7,292.8
mpd,20.0,5,w48-16qam-r1/2,w48,19,1,0,data,ok,18,18,15.1,292.8
mpd,20.0,5,ack-1f,w,2,2,0,ctl,ok,0,0,21.6,292.8
mpd,20.0,5,w48-16qam-r1/2,w48,19,1,0,data,ok,18,18,14.9,292.8
mpd,20.0,5,ack-1f,w,2,2,0,ctl,ok,0,0,18.7,292.8
mpd,20.0,5,w48-16qam-r1/2,w48,19,1,0,data,ok,18,18,18.5,292.8
mpd,20.0,5,ack-1f,w,2,2,0,ctl,ok,0,0,18.5,292.8
mpd,20.0,5,w48-16qam-r1/2,w48,19,1,0,data,ok,18,18,15.5,292.8
mpd,20.0,5,ack-1f,w,2,2,0,ctl,ok,0,0,18.2,292.8
mpd,20.0,5,w48-16qam-r1/2,w48,19,1,0,data,ok,18,18,17.9,292.8
mpd,20.0,5,ack-1f,w,2,2,0,ctl,ok,0,0,19.8,292.8
mpd,20.0,5,w48-16qam-r1/2,w48,19,1,0,data,ok,18,18,19.4,292.8
mpd,20.0,5,ack-1f,w,2,2,0,ctl,ok,0,0,17.0,292.8
mpd,20.0,5,w48-16qam-r1/2,w48,19,1,0,data,ok,18,18,13.4,292.8
mpd,20.0,5,ack-1f,w,2,2,0,ctl,ok,0,0,17.7,292.8
mpd,20.0,5,w48-16qam-r1/2,w48,19,1,0,data,ok,18,18,19.2,292.8
mpd,20.0,5,ack-1f,w,2,2,0,ctl,ok,0,0,17.4,292.8
mpd,20.0,5,w48-16qam-r1/2,w48,19,1,0,data,ok,18,18,13.5,292.8
mpd,20.0,5,ack-1f,w,2,2,0,ctl,ok,0,0,21.7,292.8
mpd,20.0,5,w48-16qam-r1/2,w48,19,1,0,data,ok,18,18,15.4,292.8
mpd,20.0,5,ack-1f,w,2,2,0,ctl,ok,0,0,20.5,292.8
mpd,20.0,5,w48-16qam-r1/2,w48,19,1,0,data,ok,18,18,14.4,292.8
mpd,20.0,5,ack-1f,w,2,2,0,ctl,ok,0,0,19.6,292.8
mpd,20.0,5,w48-16qam-r1/2,w48,19,1,0,data,ok,18,18,13.3,292.8
mpd,20.0,5,ack-1f,w,2,2,0,ctl,ok,0,0,19.7,292.8
mpd,20.0,5,w48-16qam-r1/2,w48,19,1,0,data,ok,18,18,13.3,292.8
mpd,20.0,5,ack-1f,w,2,2,0,ctl,ok,0,0,20.5,292.8
mpd,20.0,5,w48-16qam-r1/2,w48,19,1,0,data,ok,18,18,13.2,292.8
mpd,20.0,5,ack-1f,w,2,2,0,ctl,ok,0,0,19.3,292.8
mpd,20.0,5,w48-16qam-r1/2,w48,19,1,0,data,ok,18,18,17.6,292.8
mpd,20.0,5,ack-1f,w,2,2,0,ctl,ok,0,0,20.3,292.8
mpd,20.0,5,w48-16qam-r1/2,w48,19,1,0,data,ok,18,18,17.0,292.8
mpd,20.0,5,ack-1f,w,2,2,0,ctl,ok,0,0,10.2,292.8
mpd,20.0,5,w48-16qam-r1/2,w48,19,1,0,data,ok,18,18,16.3,292.8
mpd,20.0,7,qpsk-r1/5,w,1,1,0,ctl,ok,0,0,21.7,299.6
mpd,20.0,7,qpsk-r1/5,w,1,1,0,ctl,ok,0,0,21.5,299.6
mpd,20.0,7,ack-4f,w,3,3,0,ctl,ok,0,0,18.9,299.6
mpd,20.0,7,ack-1f,w,3,3,0,ctl,ok,0,0,19.0,299.6
mpd,20.0,7,w48-16qam-r2/3,w48,19,2,1,data,ok,17,14,14.5,299.6
mpd,20.0,7,ack-1f,w,4,4,0,ctl,ok,0,0,20.4,299.6
mpd,20.0,7,w48-16qam-r2/3,w48,19,2,1,data,ok,14,0,12.1,299.6
mpd,20.0,7,ack-1f,w,3,3,0,ctl,ok,0,0,18.4,299.6
mpd,20.0,7,w48-16qam-r1/2,w48,19,2,1,data,ok,17,17,17.7,299.6
mpd,20.0,7,ack-1f,w,2,2,0,ctl,ok,0,0,11.0,299.6
mpd,20.0,7,w48-16qam-r1/2,w48,19,1,0,data,ok,18,18,18.7,299.6
mpd,20.0,7,ack-1f,w,3,3,0,ctl,ok,0,0,17.1,299.6
mpd,20.0,7,w48-16qam-r2/3,w48,19,2,1,data,ok,17,17,17.1,299.6
mpd,20.0,7,ack-1f,w,3,3,0,ctl,ok,0,0,19.8,299.6
mpd,20.0,7,w48-16qam-r2/3,w48,19,2,1,data,ok,17,17,17.1,299.6
mpd,20.0,7,ack-1f,w,3,3,0,ctl,ok,0,0,19.1,299.6
mpd,20.0,7,w48-16qam-r2/3,w48,19,2,1,data,ok,17,17,19.1,299.6
mpd,20.0,7,ack-1f,w,2,2,0,ctl,ok,0,0,18.0,299.6
mpd,20.0,7,w48-16qam-r2/3,w48,19,1,0,data,ok,18,18,19.5,299.6
mpd,20.0,7,ack-1f,w,2,2,0,ctl,ok,0,0,19.6,299.6
mpd,20.0,7,w48-16qam-r2/3,w48,19,1,0,data,ctl_lost,18,0,12.5,299.6
mpd,20.0,7,ack-4f,w,2,2,0,ctl,ok,0,0,18.0,299.6
mpd,20.0,7,ack-4f,w,3,3,0,ctl,ok,0,0,19.5,299.6
mpd,20.0,7,w48-16qam-r1/2,w48,19,2,1,data,ok,17,17,17.9,299.6
mpd,20.0,7,ack-1f,w,2,2,0,ctl,ok,0,0,20.0,299.6
mpd,20.0,7,w48-16qam-r1/2,w48,19,1,0,data,ok,18,18,17.0,299.6
mpd,20.0,7,ack-1f,w,2,2,0,ctl,ok,0,0,9.9,299.6
mpd,20.0,7,w48-16qam-r1/2,w48,19,1,0,data,ok,18,18,18.5,299.6
mpd,20.0,7,ack-1f,w,2,2,0,ctl,ok,0,0,19.7,299.6
mpd,20.0,7,w48-16qam-r1/2,w48,19,1,0,data,ok,18,18,18.7,299.6
mpd,20.0,7,ack-1f,w,3,3,0,ctl,ok,0,0,18.4,299.6
mpd,20.0,7,w48-16qam-r2/3,w48,19,2,1,data,ok,17,17,18.2,299.6
mpd,20.0,7,ack-1f,w,3,3,0,ctl,ok,0,0,19.5,299.6
mpd,20.0,7,w48-16qam-r2/3,w48,19,2,1,data,ok,17,17,17.8,299.6
mpd,20.0,7,ack-1f,w,3,3,0,ctl,ok,0,0,19.4,299.6
mpd,20.0,7,w48-16qam-r2/3,w48,19,2,1,data,ok,17,0,12.5,299.6
mpd,20.0,7,ack-1f,w,2,2,0,ctl,ok,0,0,22.5,299.6
mpd,20.0,7,w48-16qam-r1/2,w48,19,1,0,data,ok,18,18,14.2,299.6
mpd,20.0,7,ack-1f,w,3,3,0,ctl,ok,0,0,19.3,299.6
mpd,20.0,7,w48-16qam-r1/2,w48,19,2,1,data,ok,17,17,19.1,299.6
mpd,20.0,7,ack-1f,w,2,2,0,ctl,ok,0,0,19.6,299.6
mpd,20.0,7,w48-16qam-r1/2,w48,19,1,0,data,ok,18,18,13.1,299.6
mpd,20.0,7,ack-1f,w,2,2,0,ctl,ok,0,0,19.2,299.6
mpd,20.0,7,w48-16qam-r1/2,w48,19,1,0,data,ok,18,18,16.0,299.6
mpd,20.0,7,ack-1f,w,2,2,0,ctl,ok,0,0,19.8,299.6
mpd,20.0,7,w48-16qam-r1/2,w48,19,1,0,data,ok,18,18,15.7,299.6
mpd,20.0,7,ack-1f,w,2,2,0,ctl,ok,0,0,18.2,299.6
mpd,20.0,7,w48-16qam-r1/2,w48,19,1,0,data,ok,18,18,17.3,299.6
mpd,20.0,7,ack-1f,w,2,2,0,ctl,ok,0,0,20.8,299.6
mpd,20.0,7,w48-16qam-r1/2,w48,19,1,0,data,ok,18,18,13.7,299.6
mpd,20.0,7,ack-1f,w,2,2,0,ctl,ok,0,0,20.8,299.6
mpd,20.0,7,w48-16qam-r1/2,w48,19,1,0,data,ok,18,18,18.4,299.6
mpd,20.0,7,ack-1f,w,2,2,0,ctl,ok,0,0,22.2,299.6
mpd,20.0,7,w48-16qam-r1/2,w48,19,1,0,data,ok,18,18,19.1,299.6
mpd,20.0,7,ack-1f,w,2,2,0,ctl,ok,0,0,18.4,299.6
mpd,20.0,7,w48-16qam-r2/3,w48,19,1,0,data,ok,18,18,19.5,299.6
mpd,20.0,7,ack-1f,w,2,2,0,ctl,ok,0,0,18.1,299.6
mpd,20.0,7,w48-16qam-r2/3,w48,19,1,0,data,ok,18,18,15.8,299.6
mpd,20.0,7,ack-1f,w,3,3,0,ctl,ok,0,0,18.4,299.6
mpd,20.0,7,w48-16qam-r2/3,w48,19,2,1,data,ok,17,17,17.9,299.6
mpd,20.0,7,ack-1f,w,3,3,0,ctl,ok,0,0,17.9,299.6
mpd,20.0,7,w48-16qam-r2/3,w48,19,2,1,data,ok,17,10,14.8,299.6
mpd,20.0,7,ack-1f,w,4,4,0,ctl,ok,0,0,19.8,299.6
mpd,20.0,7,w48-16qam-r2/3,w48,19,2,1,data,ok,10,0,13.8,299.6
mpd,20.0,7,ack-1f,w,2,2,0,ctl,ok,0,0,18.6,299.6
mpd,20.0,7,w48-16qam-r1/2,w48,19,1,0,data,ok,18,18,14.0,299.6
mpd,20.0,7,ack-1f,w,2,2,0,ctl,ok,0,0,15.7,299.6
mpd,20.0,7,w48-16qam-r1/2,w48,19,1,0,data,ok,18,18,13.7,299.6
mpd,20.0,7,ack-1f,w,2,2,0,ctl,ok,0,0,18.7,299.6
mpd,20.0,7,w48-16qam-r1/2,w48,19,1,0,data,ok,18,18,16.3,299.6
mpd,20.0,7,ack-1f,w,2,2,0,ctl,ok,0,0,17.3,299.6
mpd,20.0,7,w48-16qam-r1/2,w48,19,1,0,data,ok,18,18,20.4,299.6
mpd,20.0,7,ack-1f,w,2,2,0,ctl,ok,0,0,10.0,299.6
mpd,20.0,7,w48-16qam-r1/2,w48,19,1,0,data,ok,18,18,19.1,299.6
mpd,20.0,7,ack-1f,w,3,3,0,ctl,ok,0,0,19.6,299.6
mpd,20.0,7,w48-64l-r1/2,w48,39,2,1,data,ok,37,36,15.3,299.6
mpd,20.0,7,ack-1f,w,3,3,0,ctl,ok,0,0,19.7,299.6
mpd,20.0,7,w48-64l-r1/2,w48,39,2,1,data,ok,36,0,13.5,299.6
mpd,20.0,7,ack-1f,w,2,2,0,ctl,ok,0,0,19.7,299.6
mpd,20.0,7,w48-16qam-r1/2,w48,19,1,0,data,ok,18,18,18.1,299.6
mpd,20.0,7,ack-1f,w,2,2,0,ctl,ok,0,0,9.2,299.6
mpd,20.0,7,w48-16qam-r1/2,w48,19,1,0,data,ok,18,18,14.4,299.6
mpd,20.0,7,ack-1f,w,2,2,0,ctl,ok,0,0,18.9,299.6
mpd,20.0,7,w48-16qam-r1/2,w48,19,1,0,data,ok,18,18,11.4,299.6
mpd,20.0,7,ack-1f,w,2,2,0,ctl,ok,0,0,12.9,299.6
mpd,20.0,7,w48-16qam-r1/2,w48,19,1,0,data,ok,18,18,17.1,299.6
mpd,20.0,7,ack-1f,w,2,2,0,ctl,ok,0,0,17.5,299.6
mpd,20.0,7,w48-16qam-r1/2,w48,19,1,0,data,ok,18,18,17.1,299.6
mpd,20.0,7,ack-1f,w,2,2,0,ctl,ok,0,0,18.5,299.6
mpd,20.0,7,w48-16qam-r1/2,w48,19,1,0,data,ok,18,18,11.8,299.6
mpd,20.0,7,ack-1f,w,2,2,0,ctl,ok,0,0,17.6,299.6
mpd,20.0,7,w48-16qam-r1/2,w48,19,1,0,data,ok,18,18,13.1,299.6
mpd,20.0,7,ack-1f,w,2,2,0,ctl,ok,0,0,16.1,299.6
mpd,20.0,7,w48-16qam-r1/2,w48,19,1,0,data,ok,18,18,12.5,299.6
mpd,20.0,3,qpsk-r1/5,w,1,1,0,ctl,ok,0,0,19.5,283.9
mpd,20.0,3,qpsk-r1/5,w,1,1,0,ctl,ok,0,0,19.5,283.9
mpd,20.0,3,ack-4f,w,2,2,0,ctl,ok,0,0,18.9,283.9
mpd,20.0,3,ack-1f,w,2,2,0,ctl,ok,0,0,19.8,283.9
mpd,20.0,3,w48-16qam-r1/2,w48,19,1,0,data,ok,18,18,17.0,283.9
mpd,20.0,3,ack-1f,w,2,2,0,ctl,ok,0,0,16.1,283.9
mpd,20.0,3,w48-16qam-r1/2,w48,19,1,0,data,ok,18,18,18.2,283.9
mpd,20.0,3,ack-1f,w,2,2,0,ctl,ok,0,0,21.6,283.9
mpd,20.0,3,w48-16qam-r1/2,w48,19,1,0,data,ok,18,18,16.2,283.9
mpd,20.0,3,ack-1f,w,2,2,0,ctl,ok,0,0,21.4,283.9
mpd,20.0,3,w48-16qam-r1/2,w48,19,1,0,data,ok,18,18,18.4,283.9
mpd,20.0,3,ack-1f,w,2,2,0,ctl,ok,0,0,19.2,283.9
mpd,20.0,3,w48-16qam-r1/2,w48,19,1,0,data,ok,18,18,17.5,283.9
mpd,20.0,3,ack-1f,w,3,3,0,ctl,ok,0,0,21.3,283.9
mpd,20.0,3,w48-16qam-r2/3,w48,19,2,1,data,ok,17,0,12.0,283.9
mpd,20.0,3,ack-1f,w,2,2,0,ctl,ok,0,0,17.3,283.9
mpd,20.0,3,w48-16qam-r1/2,w48,19,1,0,data,ok,18,18,13.0,283.9
mpd,20.0,3,ack-1f,w,3,3,0,ctl,ok,0,0,19.1,283.9
mpd,20.0,3,w48-16qam-r1/2,w48,19,2,1,data,ok,17,17,13.1,283.9
mpd,20.0,3,ack-1f,w,3,3,0,ctl,ok,0,0,21.3,283.9
mpd,20.0,3,w48-16qam-r1/2,w48,19,2,1,data,ok,17,17,17.7,283.9
mpd,20.0,3,ack-1f,w,2,2,0,ctl,ok,0,0,18.0,283.9
mpd,20.0,3,w48-16qam-r1/2,w48,19,1,0,data,ok,18,18,13.8,283.9
mpd,20.0,3,ack-1f,w,2,2,0,ctl,ok,0,0,17.1,283.9
mpd,20.0,3,w48-16qam-r1/2,w48,19,1,0,data,ok,18,18,14.2,283.9
mpd,20.0,3,ack-1f,w,2,2,0,ctl,ok,0,0,15.5,283.9
mpd,20.0,3,w48-16qam-r1/2,w48,19,1,0,data,ok,18,18,16.3,283.9
mpd,20.0,3,ack-1f,w,2,2,0,ctl,ok,0,0,19.6,283.9
mpd,20.0,3,w48-16qam-r1/2,w48,19,1,0,data,ok,18,18,18.4,283.9
mpd,20.0,3,ack-1f,w,2,2,0,ctl,ok,0,0,18.7,283.9
mpd,20.0,3,w48-16qam-r1/2,w48,19,1,0,data,ok,18,18,13.2,283.9
mpd,20.0,3,ack-1f,w,2,2,0,ctl,ok,0,0,19.2,283.9
mpd,20.0,3,w48-16qam-r1/2,w48,19,1,0,data,ok,18,18,12.8,283.9
mpd,20.0,3,ack-1f,w,3,3,0,ctl,ok,0,0,9.1,283.9
mpd,20.0,3,w48-16qam-r1/2,w48,19,2,1,data,ok,17,17,12.6,283.9
mpd,20.0,3,ack-1f,w,3,3,0,ctl,ok,0,0,17.3,283.9
mpd,20.0,3,w48-16qam-r1/2,w48,19,2,1,data,ok,17,17,17.0,283.9
mpd,20.0,3,ack-1f,w,2,2,0,ctl,ok,0,0,20.9,283.9
mpd,20.0,3,w48-16qam-r1/2,w48,19,1,0,data,ok,18,18,13.9,283.9
mpd,20.0,3,ack-1f,w,2,2,0,ctl,ok,0,0,17.9,283.9
mpd,20.0,3,w48-16qam-r1/2,w48,19,1,0,data,ok,18,18,12.9,283.9
mpd,20.0,3,ack-1f,w,2,2,0,ctl,ok,0,0,17.6,283.9
mpd,20.0,3,w48-16qam-r1/2,w48,19,1,0,data,ok,18,18,12.8,283.9
mpd,20.0,3,ack-1f,w,2,2,0,ctl,ok,0,0,17.9,283.9
mpd,20.0,3,w48-16qam-r1/2,w48,19,1,0,data,ok,18,18,14.0,283.9
mpd,20.0,3,ack-1f,w,2,2,0,ctl,ok,0,0,21.3,283.9
mpd,20.0,3,w48-16qam-r1/2,w48,19,1,0,data,ok,18,18,13.3,283.9
mpd,20.0,3,ack-1f,w,2,2,0,ctl,ok,0,0,17.5,283.9
mpd,20.0,3,w48-16qam-r1/2,w48,19,1,0,data,ok,18,18,17.7,283.9
mpd,20.0,3,ack-1f,w,2,2,0,ctl,ok,0,0,20.5,283.9
mpd,20.0,3,w48-16qam-r1/2,w48,19,1,0,data,ok,18,18,13.7,283.9
mpd,20.0,3,ack-1f,w,2,2,0,ctl,ok,0,0,17.4,283.9
mpd,20.0,3,w48-16qam-r1/2,w48,19,1,0,data,ok,18,18,17.9,283.9
mpd,20.0,3,ack-1f,w,2,2,0,ctl,ok,0,0,17.3,283.9
mpd,20.0,3,w48-16qam-r1/2,w48,19,1,0,data,ok,18,18,19.1,283.9
mpd,20.0,3,ack-1f,w,3,3,0,ctl,ok,0,0,20.3,283.9
mpd,20.0,3,w48-16qam-r2/3,w48,19,2,1,data,ok,17,0,12.5,283.9
mpd,20.0,3,ack-1f,w,2,2,0,ctl,ok,0,0,19.4,283.9
mpd,20.0,3,w48-16qam-r1/2,w48,19,1,0,data,ok,18,18,17.9,283.9
mpd,20.0,3,ack-1f,w,2,2,0,ctl,ok,0,0,19.9,283.9
mpd,20.0,3,w48-16qam-r1/2,w48,19,1,0,data,ok,18,18,14.4,283.9
mpd,20.0,3,ack-1f,w,2,2,0,ctl,ok,0,0,19.0,283.9
mpd,20.0,3,w48-16qam-r1/2,w48,19,1,0,data,ok,18,18,19.3,283.9
mpd,20.0,3,ack-1f,w,2,2,0,ctl,ok,0,0,19.7,283.9
mpd,20.0,3,w48-16qam-r1/2,w48,19,1,0,data,ok,18,18,19.1,283.9
mpd,20.0,3,ack-1f,w,3,3,0,ctl,ok,0,0,20.0,283.9
mpd,20.0,3,w48-16qam-r2/3,w48,19,2,1,data,ok,17,0,13.3,283.9
mpd,20.0,3,ack-1f,w,2,2,0,ctl,ok,0,0,10.4,283.9
mpd,20.0,3,w48-16qam-r1/2,w48,19,1,0,data,ok,18,18,12.9,283.9
mpd,20.0,3,ack-1f,w,2,2,0,ctl,ok,0,0,21.4,283.9
mpd,20.0,3,w48-16qam-r1/2,w48,19,1,0,data,ok,18,18,18.8,283.9
mpd,20.0,3,ack-1f,w,2,2,0,ctl,ok,0,0,21.8,283.9
mpd,20.0,3,w48-16qam-r1/2,w48,19,1,0,data,ok,18,18,19.1,283.9
mpd,20.0,3,ack-1f,w,3,3,0,ctl,ok,0,0,18.1,283.9
mpd,20.0,3,w48-64l-r1/2,w48,39,2,1,data,ok,37,0,12.9,283.9
mpd,20.0,3,ack-1f,w,2,2,0,ctl,ok,0,0,21.2,283.9
mpd,20.0,3,w48-16qam-r1/2,w48,19,1,0,data,ok,18,18,13.8,283.9
mpd,20.0,3,ack-1f,w,2,2,0,ctl,ok,0,0,18.2,283.9
mpd,20.0,3,w48-16qam-r1/2,w48,19,1,0,data,ok,18,18,12.8,283.9
mpd,20.0,3,ack-1f,w,2,2,0,ctl,ok,0,0,17.9,283.9
mpd,20.0,3,w48-16qam-r1/2,w48,19,1,0,data,ok,18,18,15.7,283.9
mpd,20.0,3,ack-1f,w,2,2,0,ctl,ok,0,0,19.4,283.9
mpd,20.0,3,w48-16qam-r1/2,w48,19,1,0,data,ok,18,18,19.3,283.9
mpd,20.0,3,ack-1f,w,2,2,0,ctl,ok,0,0,18.7,283.9
mpd,20.0,3,w48-16qam-r1/2,w48,19,1,0,data,ok,18,18,13.3,283.9
mpd,20.0,3,ack-1f,w,2,2,0,ctl,ok,0,0,18.5,283.9
mpd,20.0,3,w48-16qam-r1/2,w48,19,1,0,data,ok,18,18,19.2,283.9
mpd,20.0,3,ack-1f,w,2,2,0,ctl,ok,0,0,15.3,283.9
mpd,20.0,3,w48-16qam-r1/2,w48,19,1,0,data,ok,18,18,18.1,283.9
mpd,20.0,3,ack-1f,w,3,3,0,ctl,ok,0,0,21.3,283.9
mpd,20.0,3,w48-64l-r1/2,w48,39,2,1,data,ok,37,37,16.0,283.9
mpd,20.0,3,ack-1f,w,3,3,0,ctl,ok,0,0,18.3,283.9
mpd,20.0,3,w48-64l-r1/2,w48,39,2,1,data,ok,37,0,12.0,283.9
mpg,15.0,1,qpsk-r1/5,w,1,1,0,ctl,ok,0,0,18.1,317.5
mpg,15.0,1,qpsk-r1/5,w,1,1,0,ctl,ok,0,0,15.0,317.5
mpg,15.0,1,ack-4f,w,3,3,0,ctl,ok,0,0,14.7,317.5
mpg,15.0,1,ack-1f,w,3,3,0,ctl,ok,0,0,18.3,317.5
mpg,15.0,1,w48-16qam-r2/3,w48,19,2,1,data,ok,17,17,16.7,317.5
mpg,15.0,1,ack-1f,w,3,3,0,ctl,ok,0,0,17.8,317.5
mpg,15.0,1,w48-16qam-r2/3,w48,19,2,1,data,ok,17,17,17.2,317.5
mpg,15.0,1,ack-1f,w,3,3,0,ctl,ok,0,0,19.5,317.5
mpg,15.0,1,w48-16qam-r2/3,w48,19,2,1,data,ok,17,17,16.3,317.5
mpg,15.0,1,ack-1f,w,3,3,0,ctl,ok,0,0,18.3,317.5
mpg,15.0,1,w48-16qam-r2/3,w48,19,2,1,data,ok,17,10,15.7,317.5
mpg,15.0,1,ack-1f,w,4,4,0,ctl,ok,0,0,16.5,317.5
mpg,15.0,1,w48-16qam-r2/3,w48,19,2,1,data,ok,10,10,15.3,317.5
mpg,15.0,1,ack-1f,w,3,3,0,ctl,ok,0,0,16.6,317.5
mpg,15.0,1,w48-16qam-r2/3,w48,19,2,1,data,ok,17,10,15.8,317.5
mpg,15.0,1,ack-1f,w,4,4,0,ctl,ok,0,0,19.3,317.5
mpg,15.0,1,w48-16qam-r2/3,w48,19,2,1,data,ok,10,10,15.4,317.5
mpg,15.0,1,ack-1f,w,3,3,0,ctl,ok,0,0,14.8,317.5
mpg,15.0,1,w48-16qam-r2/3,w48,19,2,1,data,ok,17,17,16.3,317.5
mpg,15.0,1,ack-1f,w,2,2,0,ctl,ok,0,0,16.1,317.5
mpg,15.0,1,w48-16qam-r2/3,w48,19,1,0,data,ctl_lost,18,3,13.3,317.5
mpg,15.0,1,ack-4f,w,3,3,0,ctl,ok,0,0,19.2,317.5
mpg,15.0,1,ack-4f,w,3,3,0,ctl,ok,0,0,15.6,317.5
mpg,15.0,1,w48-16qam-r2/3,w48,19,2,1,data,ok,17,0,11.5,317.5
mpg,15.0,1,ack-1f,w,3,3,0,ctl,ok,0,0,14.9,317.5
mpg,15.0,1,w48-16qam-r2/3,w48,19,2,1,data,ok,0,0,12.3,317.5
mpg,15.0,1,ack-1f,w,2,2,0,ctl,ok,0,0,19.5,317.5
mpg,15.0,1,w48-16qam-r1/3,w48,19,1,0,data,ok,18,18,13.5,317.5
mpg,15.0,1,ack-1f,w,3,3,0,ctl,ok,0,0,19.6,317.5
mpg,15.0,1,w48-16qam-r1/2,w48,19,2,1,data,ok,17,17,15.7,317.5
mpg,15.0,1,ack-1f,w,3,3,0,ctl,ok,0,0,15.8,317.5
mpg,15.0,1,w48-16qam-r2/3,w48,19,2,1,data,ok,17,17,15.5,317.5
mpg,15.0,1,ack-1f,w,2,2,0,ctl,ok,0,0,18.9,317.5
mpg,15.0,1,w48-16qam-r2/3,w48,19,1,0,data,ok,18,16,13.1,317.5
mpg,15.0,1,ack-1f,w,4,4,0,ctl,ok,0,0,16.9,317.5
mpg,15.0,1,w48-16qam-r2/3,w48,19,2,1,data,ok,15,15,17.3,317.5
mpg,15.0,1,ack-1f,w,2,2,0,ctl,ok,0,0,21.2,317.5
mpg,15.0,1,w48-16qam-r2/3,w48,19,1,0,data,ok,18,18,16.6,317.5
mpg,15.0,1,ack-1f,w,2,2,0,ctl,ok,0,0,18.6,317.5
mpg,15.0,1,w48-16qam-r2/3,w48,19,1,0,data,ok,18,18,16.6,317.5
mpg,15.0,1,ack-1f,w,2,2,0,ctl,ok,0,0,18.6,317.5
mpg,15.0,1,w48-16qam-r2/3,w48,19,1,0,data,ok,18,18,15.7,317.5
mpg,15.0,1,ack-1f,w,2,2,0,ctl,ok,0,0,16.6,317.5
mpg,15.0,1,w48-16qam-r2/3,w48,19,1,0,data,ok,18,18,14.2,317.5
mpg,15.0,1,ack-1f,w,2,2,0,ctl,ok,0,0,17.4,317.5
mpg,15.0,1,w48-16qam-r2/3,w48,19,1,0,data,ok,18,18,16.3,317.5
mpg,15.0,1,ack-1f,w,2,2,0,ctl,ok,0,0,20.3,317.5
mpg,15.0,1,w48-16qam-r2/3,w48,19,1,0,data,ok,18,18,16.2,317.5
mpg,15.0,1,ack-1f,w,2,2,0,ctl,ok,0,0,17.6,317.5
mpg,15.0,1,w48-16qam-r2/3,w48,19,1,0,data,ok,18,18,18.2,317.5
mpg,15.0,1,ack-1f,w,2,2,0,ctl,ok,0,0,18.4,317.5
mpg,15.0,1,w48-16qam-r2/3,w48,19,1,0,data,ok,18,18,13.8,317.5
mpg,15.0,1,ack-1f,w,2,2,0,ctl,ok,0,0,13.2,317.5
mpg,15.0,1,w48-16qam-r2/3,w48,19,1,0,data,ok,18,18,17.0,317.5
mpg,15.0,1,ack-1f,w,2,2,0,ctl,ok,0,0,15.7,317.5
mpg,15.0,1,w48-16qam-r2/3,w48,19,1,0,data,ok,18,18,14.8,317.5
mpg,15.0,1,ack-1f,w,2,2,0,ctl,ok,0,0,15.4,317.5
mpg,15.0,1,w48-16qam-r2/3,w48,19,1,0,data,ok,18,18,15.1,317.5
mpg,15.0,1,ack-1f,w,2,2,0,ctl,ok,0,0,16.6,317.5
mpg,15.0,1,w48-16qam-r2/3,w48,19,1,0,data,ctl_lost,18,0,13.1,317.5
mpg,15.0,1,ack-4f,w,2,2,0,ctl,ok,0,0,12.9,317.5
mpg,15.0,1,ack-4f,w,3,3,0,ctl,ok,0,0,13.7,317.5
mpg,15.0,1,w48-16qam-r1/2,w48,19,2,1,data,ok,17,17,17.5,317.5
mpg,15.0,1,ack-1f,w,2,2,0,ctl,ok,0,0,14.5,317.5
mpg,15.0,1,w48-16qam-r2/3,w48,19,1,0,data,ok,18,18,18.9,317.5
mpg,15.0,1,ack-1f,w,3,3,0,ctl,ok,0,0,16.3,317.5
mpg,15.0,1,w48-64l-r7/12,w48,39,2,1,data,ok,37,37,16.6,317.5
mpg,15.0,1,ack-1f,w,3,3,0,ctl,ok,0,0,17.2,317.5
mpg,15.0,1,w48-64l-r7/12,w48,39,2,1,data,ok,37,0,11.0,317.5
mpg,15.0,1,ack-1f,w,3,3,0,ctl,ok,0,0,19.3,317.5
mpg,15.0,1,w48-16qam-r2/3,w48,19,2,1,data,ok,17,17,17.6,317.5
mpg,15.0,1,ack-1f,w,2,2,0,ctl,ok,0,0,20.9,317.5
mpg,15.0,1,w48-16qam-r2/3,w48,19,1,0,data,ok,18,18,15.1,317.5
mpg,15.0,1,ack-1f,w,2,2,0,ctl,ok,0,0,18.2,317.5
mpg,15.0,1,w48-16qam-r2/3,w48,19,1,0,data,ctl_lost,18,0,13.7,317.5
mpg,15.0,1,ack-4f,w,3,3,0,ctl,ok,0,0,12.9,317.5
mpg,15.0,1,ack-4f,w,3,3,0,ctl,ok,0,0,14.6,317.5
mpg,15.0,1,w48-16qam-r1/2,w48,19,2,1,data,ok,17,17,14.0,317.5
mpg,15.0,1,ack-1f,w,3,3,0,ctl,ok,0,0,13.8,317.5
mpg,15.0,1,w48-16qam-r1/2,w48,19,2,1,data,ok,17,17,16.5,317.5
mpg,15.0,1,ack-1f,w,2,2,0,ctl,ok,0,0,14.7,317.5
mpg,15.0,1,w48-16qam-r1/2,w48,19,1,0,data,ok,18,18,17.3,317.5
mpg,15.0,1,ack-1f,w,3,3,0,ctl,ok,0,0,7.0,317.5
mpg,15.0,1,w48-16qam-r2/3,w48,19,2,1,data,ok,17,17,15.8,317.5
mpg,15.0,1,ack-1f,w,3,3,0,ctl,ok,0,0,15.9,317.5
mpg,15.0,1,w48-16qam-r2/3,w48,19,2,1,data,ok,17,17,13.7,317.5
mpg,15.0,1,ack-1f,w,3,3,0,ctl,ok,0,0,19.2,317.5
mpg,15.0,1,w48-16qam-r2/3,w48,19,2,1,data,ok,17,17,15.3,317.5
mpg,15.0,1,ack-1f,w,3,3,0,ctl,ok,0,0,14.2,317.5
mpg,15.0,1,w48-16qam-r2/3,w48,19,2,1,data,ok,17,17,14.1,317.5
mpg,15.0,1,ack-1f,w,3,3,0,ctl,ok,0,0,20.0,317.5
mpg,15.0,1,w48-16qam-r2/3,w48,19,2,1,data,ok,17,0,12.3,317.5
mpg,15.0,1,ack-1f,w,3,3,0,ctl,ok,0,0,12.6,317.5
mpg,15.0,1,w48-16qam-r1/2,w48,19,2,1,data,ok,17,17,15.0,317.5
mpg,15.0,7,qpsk-r1/5,w,1,1,0,ctl,ok,0,0,17.8,354.4
mpg,15.0,7,qpsk-r1/5,w,1,1,0,ctl,ok,0,0,17.9,354.4
mpg,15.0,7,ack-4f,w,3,3,0,ctl,ok,0,0,21.0,354.4
mpg,15.0,7,ack-1f,w,3,3,0,ctl,ok,0,0,21.7,354.4
mpg,15.0,7,w48-64l-r7/12,w48,39,2,1,data,ok,37,0,12.7,354.4
mpg,15.0,7,ack-1f,w,3,3,0,ctl,ok,0,0,18.9,354.4
mpg,15.0,7,w48-16qam-r2/3,w48,19,2,1,data,ok,17,17,17.9,354.4
mpg,15.0,7,ack-1f,w,3,3,0,ctl,ok,0,0,15.6,354.4
mpg,15.0,7,w48-16qam-r2/3,w48,19,2,1,data,ok,17,17,14.1,354.4
mpg,15.0,7,ack-1f,w,3,3,0,ctl,ok,0,0,16.4,354.4
mpg,15.0,7,w48-16qam-r2/3,w48,19,2,1,data,ok,17,17,19.3,354.4
mpg,15.0,7,ack-1f,w,2,2,0,ctl,ok,0,0,21.7,354.4
mpg,15.0,7,w48-16qam-r2/3,w48,19,1,0,data,ok,18,18,18.1,354.4
mpg,15.0,7,ack-1f,w,2,2,0,ctl,ok,0,0,15.8,354.4
mpg,15.0,7,w48-16qam-r2/3,w48,19,1,0,data,ok,18,18,15.8,354.4
mpg,15.0,7,ack-1f,w,3,3,0,ctl,ok,0,0,15.2,354.4
mpg,15.0,7,w48-16qam-r2/3,w48,19,2,1,data,ok,17,17,14.6,354.4
mpg,15.0,7,ack-1f,w,3,3,0,ctl,ok,0,0,19.1,354.4
mpg,15.0,7,w48-16qam-r2/3,w48,19,2,1,data,ok,17,15,14.6,354.4
mpg,15.0,7,ack-1f,w,3,3,0,ctl,ok,0,0,19.8,354.4
mpg,15.0,7,w48-16qam-r2/3,w48,19,2,1,data,ok,15,15,16.5,354.4
mpg,15.0,7,ack-1f,w,2,2,0,ctl,ok,0,0,21.9,354.4
mpg,15.0,7,w48-16qam-r2/3,w48,19,1,0,data,ok,18,18,17.6,354.4
mpg,15.0,7,ack-1f,w,2,2,0,ctl,ok,0,0,19.1,354.4
mpg,15.0,7,w48-16qam-r2/3,w48,19,1,0,data,ok,18,18,15.7,354.4
mpg,15.0,7,ack-1f,w,2,2,0,ctl,ok,0,0,20.8,354.4
mpg,15.0,7,w48-16qam-r2/3,w48,19,1,0,data,ok,18,18,14.6,354.4
mpg,15.0,7,ack-1f,w,3,3,0,ctl,ok,0,0,16.8,354.4
mpg,15.0,7,w48-16qam-r2/3,w48,19,2,1,data,ok,17,16,14.1,354.4
mpg,15.0,7,ack-1f,w,3,3,0,ctl,ok,0,0,13.7,354.4
mpg,15.0,7,w48-16qam-r2/3,w48,19,1,0,data,ok,17,17,17.8,354.4
mpg,15.0,7,ack-1f,w,2,2,0,ctl,ok,0,0,8.1,354.4
mpg,15.0,7,w48-16qam-r2/3,w48,19,1,0,data,ok,18,18,15.2,354.4
mpg,15.0,7,ack-1f,w,2,2,0,ctl,ok,0,0,14.7,354.4
mpg,15.0,7,w48-16qam-r2/3,w48,19,1,0,data,ok,18,18,14.3,354.4
mpg,15.0,7,ack-1f,w,2,2,0,ctl,ok,0,0,16.9,354.4
mpg,15.0,7,w48-16qam-r2/3,w48,19,1,0,data,ctl_lost,18,0,12.4,354.4
mpg,15.0,7,ack-4f,w,2,2,0,ctl,ok,0,0,19.7,354.4
mpg,15.0,7,ack-4f,w,3,3,0,ctl,ok,0,0,20.3,354.4
mpg,15.0,7,w48-16qam-r2/3,w48,19,2,1,data,ok,17,17,16.7,354.4
mpg,15.0,7,ack-1f,w,2,2,0,ctl,ok,0,0,16.8,354.4
mpg,15.0,7,w48-16qam-r2/3,w48,19,1,0,data,ok,18,18,18.1,354.4
mpg,15.0,7,ack-1f,w,2,2,0,ctl,ok,0,0,17.8,354.4
mpg,15.0,7,w48-16qam-r2/3,w48,19,1,0,data,ok,18,18,16.5,354.4
mpg,15.0,7,ack-1f,w,2,2,0,ctl,ok,0,0,19.0,354.4
mpg,15.0,7,w48-16qam-r2/3,w48,19,1,0,data,ctl_lost,18,1,12.4,354.4
mpg,15.0,7,ack-4f,w,3,3,0,ctl,ok,0,0,18.5,354.4
mpg,15.0,7,ack-4f,w,3,3,0,ctl,ok,0,0,15.4,354.4
mpg,15.0,7,w48-16qam-r2/3,w48,19,2,1,data,ok,17,13,13.3,354.4
mpg,15.0,7,ack-1f,w,4,4,0,ctl,ok,0,0,7.6,354.4
mpg,15.0,7,w48-16qam-r2/3,w48,19,2,1,data,ok,13,0,11.9,354.4
mpg,15.0,7,ack-1f,w,2,2,0,ctl,ok,0,0,11.8,354.4
mpg,15.0,7,w48-16qam-r1/3,w48,19,1,0,data,ok,18,18,19.0,354.4
mpg,15.0,7,ack-1f,w,3,3,0,ctl,ok,0,0,15.5,354.4
mpg,15.0,7,w48-16qam-r2/3,w48,19,2,1,data,ok,17,15,12.9,354.4
mpg,15.0,7,ack-1f,w,4,4,0,ctl,ok,0,0,20.8,354.4
mpg,15.0,7,w48-16qam-r2/3,w48,19,2,1,data,ok,15,15,17.1,354.4
mpg,15.0,7,ack-1f,w,3,3,0,ctl,ok,0,0,18.9,354.4
mpg,15.0,7,w48-16qam-r2/3,w48,19,2,1,data,ok,17,17,15.6,354.4
mpg,15.0,7,ack-1f,w,2,2,0,ctl,ok,0,0,20.1,354.4
mpg,15.0,7,w48-16qam-r2/3,w48,19,1,0,data,ok,18,18,16.2,354.4
mpg,15.0,7,ack-1f,w,2,2,0,ctl,ok,0,0,20.4,354.4
mpg,15.0,7,w48-16qam-r2/3,w48,19,1,0,data,ok,18,18,18.5,354.4
mpg,15.0,7,ack-1f,w,2,2,0,ctl,ok,0,0,18.3,354.4
mpg,15.0,7,w48-16qam-r2/3,w48,19,1,0,data,ok,18,18,15.6,354.4
mpg,15.0,7,ack-1f,w,2,2,0,ctl,ok,0,0,18.1,354.4
mpg,15.0,7,w48-16qam-r2/3,w48,19,1,0,data,ok,18,18,15.7,354.4
mpg,15.0,7,ack-1f,w,2,2,0,ctl,ok,0,0,14.7,354.4
mpg,15.0,7,w48-16qam-r2/3,w48,19,1,0,data,ok,18,18,14.6,354.4
mpg,15.0,7,ack-1f,w,2,2,0,ctl,ok,0,0,18.0,354.4
mpg,15.0,7,w48-16qam-r2/3,w48,19,1,0,data,ok,18,18,15.6,354.4
mpg,15.0,7,ack-1f,w,2,2,0,ctl,ok,0,0,20.2,354.4
mpg,15.0,7,w48-16qam-r2/3,w48,19,1,0,data,ok,18,18,15.0,354.4
mpg,15.0,7,ack-1f,w,2,2,0,ctl,ok,0,0,17.6,354.4
mpg,15.0,7,w48-16qam-r2/3,w48,19,1,0,data,ok,18,18,16.9,354.4
mpg,15.0,7,ack-1f,w,2,2,0,ctl,ok,0,0,16.0,354.4
mpg,15.0,7,w48-16qam-r2/3,w48,19,1,0,data,ok,18,18,16.2,354.4
mpg,15.0,7,ack-1f,w,2,2,0,ctl,ok,0,0,19.8,354.4
mpg,15.0,7,w48-16qam-r2/3,w48,19,1,0,data,ok,18,18,16.3,354.4
mpg,15.0,7,ack-1f,w,2,2,0,ctl,ok,0,0,17.6,354.4
mpg,15.0,7,w48-16qam-r2/3,w48,19,1,0,data,ok,18,18,16.4,354.4
mpg,15.0,7,ack-1f,w,2,2,0,ctl,ok,0,0,10.7,354.4
mpg,15.0,7,w48-16qam-r2/3,w48,19,1,0,data,ok,18,18,19.5,354.4
mpg,15.0,7,ack-1f,w,2,2,0,ctl,ok,0,0,20.4,354.4
mpg,15.0,7,w48-16qam-r2/3,w48,19,1,0,data,ok,18,18,17.4,354.4
mpg,15.0,7,ack-1f,w,2,2,0,ctl,ok,0,0,16.4,354.4
mpg,15.0,7,w48-16qam-r2/3,w48,19,1,0,data,ok,18,18,14.0,354.4
mpg,15.0,7,ack-1f,w,2,2,0,ctl,ok,0,0,12.6,354.4
mpg,15.0,7,w48-16qam-r2/3,w48,19,1,0,data,ok,18,18,16.0,354.4
mpg,15.0,7,ack-1f,w,2,2,0,ctl,ok,0,0,20.8,354.4
mpg,15.0,7,w48-16qam-r2/3,w48,19,1,0,data,ok,18,18,15.8,354.4
mpg,15.0,7,ack-1f,w,2,2,0,ctl,ok,0,0,20.6,354.4
mpg,15.0,7,w48-16qam-r2/3,w48,19,1,0,data,ok,18,18,18.0,354.4
mpp,15.0,0,qpsk-r1/5,w,1,1,0,ctl,ok,0,0,17.9,372.3
mpp,15.0,0,qpsk-r1/5,w,1,1,0,ctl,ok,0,0,15.8,372.3
mpp,15.0,0,ack-4f,w,3,3,0,ctl,ok,0,0,16.6,372.3
mpp,15.0,0,ack-1f,w,3,3,0,ctl,ok,0,0,19.8,372.3
mpp,15.0,0,w48-16qam-r2/3,w48,19,2,1,data,ok,17,17,16.3,372.3
mpp,15.0,0,ack-1f,w,3,3,0,ctl,ok,0,0,16.1,372.3
mpp,15.0,0,w48-16qam-r2/3,w48,19,2,1,data,ok,17,17,15.9,372.3
mpp,15.0,0,ack-1f,w,3,3,0,ctl,ok,0,0,16.4,372.3
mpp,15.0,0,w48-16qam-r2/3,w48,19,2,1,data,ok,17,17,16.0,372.3
mpp,15.0,0,ack-1f,w,3,3,0,ctl,ok,0,0,14.5,372.3
mpp,15.0,0,w48-16qam-r2/3,w48,19,2,1,data,ok,17,17,16.3,372.3
mpp,15.0,0,ack-1f,w,2,2,0,ctl,ok,0,0,20.4,372.3
mpp,15.0,0,w48-16qam-r2/3,w48,19,1,0,data,ok,18,18,15.4,372.3
mpp,15.0,0,ack-1f,w,2,2,0,ctl,ok,0,0,18.1,372.3
mpp,15.0,0,w48-16qam-r2/3,w48,19,1,0,data,ok,18,18,15.5,372.3
mpp,15.0,0,ack-1f,w,2,2,0,ctl,ok,0,0,18.4,372.3
mpp,15.0,0,w48-16qam-r2/3,w48,19,1,0,data,ok,18,18,16.2,372.3
mpp,15.0,0,ack-1f,w,2,2,0,ctl,ok,0,0,15.5,372.3
mpp,15.0,0,w48-16qam-r2/3,w48,19,1,0,data,ok,18,18,16.6,372.3
mpp,15.0,0,ack-1f,w,2,2,0,ctl,ok,0,0,18.7,372.3
mpp,15.0,0,w48-16qam-r2/3,w48,19,1,0,data,ok,18,18,16.3,372.3
mpp,15.0,0,ack-1f,w,2,2,0,ctl,ok,0,0,19.8,372.3
mpp,15.0,0,w48-16qam-r2/3,w48,19,1,0,data,ok,18,18,16.2,372.3
mpp,15.0,0,ack-1f,w,2,2,0,ctl,ok,0,0,16.2,372.3
mpp,15.0,0,w48-16qam-r2/3,w48,19,1,0,data,ok,18,18,15.8,372.3
mpp,15.0,0,ack-1f,w,2,2,0,ctl,ok,0,0,15.4,372.3
mpp,15.0,0,w48-16qam-r2/3,w48,19,1,0,data,ctl_lost,18,1,14.6,372.3
mpp,15.0,0,ack-4f,w,3,3,0,ctl,ok,0,0,18.9,372.3
mpp,15.0,0,ack-4f,w,3,3,0,ctl,ok,0,0,17.4,372.3
mpp,15.0,0,w48-16qam-r2/3,w48,19,2,1,data,ok,17,0,13.9,372.3
mpp,15.0,0,ack-1f,w,3,3,0,ctl,ok,0,0,18.9,372.3
mpp,15.0,0,w48-16qam-r2/3,w48,19,2,1,data,ok,0,0,15.9,372.3
mpp,15.0,0,ack-1f,w,3,3,0,ctl,ok,0,0,19.4,372.3
mpp,15.0,0,w48-16qam-r2/3,w48,19,2,1,data,ok,17,17,15.5,372.3
mpp,15.0,0,ack-1f,w,3,3,0,ctl,ok,0,0,21.4,372.3
mpp,15.0,0,w48-16qam-r2/3,w48,19,2,1,data,ok,17,17,15.6,372.3
mpp,15.0,0,ack-1f,w,2,2,0,ctl,ok,0,0,20.4,372.3
mpp,15.0,0,w48-16qam-r2/3,w48,19,1,0,data,ok,18,18,16.1,372.3
mpp,15.0,0,ack-1f,w,2,2,0,ctl,ok,0,0,18.0,372.3
mpp,15.0,0,w48-16qam-r2/3,w48,19,1,0,data,ok,18,18,16.0,372.3
mpp,15.0,0,ack-1f,w,2,2,0,ctl,ok,0,0,18.4,372.3
mpp,15.0,0,w48-16qam-r2/3,w48,19,1,0,data,ok,18,18,15.8,372.3
mpp,15.0,0,ack-1f,w,2,2,0,ctl,ok,0,0,18.1,372.3
mpp,15.0,0,w48-16qam-r2/3,w48,19,1,0,data,ok,18,18,16.5,372.3
mpp,15.0,0,ack-1f,w,2,2,0,ctl,ok,0,0,16.9,372.3
mpp,15.0,0,w48-16qam-r2/3,w48,19,1,0,data,ok,18,18,16.3,372.3
mpp,15.0,0,ack-1f,w,2,2,0,ctl,ok,0,0,10.0,372.3
mpp,15.0,0,w48-16qam-r2/3,w48,19,1,0,data,ok,18,18,16.3,372.3
mpp,15.0,0,ack-1f,w,2,2,0,ctl,ok,0,0,16.9,372.3
mpp,15.0,0,w48-16qam-r2/3,w48,19,1,0,data,ok,18,18,16.2,372.3
mpp,15.0,0,ack-1f,w,2,2,0,ctl,ok,0,0,15.4,372.3
mpp,15.0,0,w48-16qam-r2/3,w48,19,1,0,data,ok,18,18,16.7,372.3
mpp,15.0,0,ack-1f,w,2,2,0,ctl,ok,0,0,19.8,372.3
mpp,15.0,0,w48-16qam-r2/3,w48,19,1,0,data,ok,18,18,15.3,372.3
mpp,15.0,0,ack-1f,w,2,2,0,ctl,ok,0,0,14.9,372.3
mpp,15.0,0,w48-16qam-r2/3,w48,19,1,0,data,ok,18,18,16.0,372.3
mpp,15.0,0,ack-1f,w,2,2,0,ctl,ok,0,0,18.5,372.3
mpp,15.0,0,w48-16qam-r2/3,w48,19,1,0,data,ok,18,18,15.9,372.3
mpp,15.0,0,ack-1f,w,2,2,0,ctl,ok,0,0,14.2,372.3
mpp,15.0,0,w48-16qam-r2/3,w48,19,1,0,data,ok,18,18,16.2,372.3
mpp,15.0,0,ack-1f,w,2,2,0,ctl,ok,0,0,8.2,372.3
mpp,15.0,0,w48-16qam-r2/3,w48,19,1,0,data,ctl_lost,18,11,14.4,372.3
mpp,15.0,0,ack-4f,w,3,3,0,ctl,ok,0,0,17.1,372.3
mpp,15.0,0,ack-4f,w,3,3,0,ctl,ok,0,0,20.2,372.3
mpp,15.0,0,w48-16qam-r2/3,w48,19,2,1,data,ok,17,17,15.9,372.3
mpp,15.0,0,ack-1f,w,3,3,0,ctl,ok,0,0,16.5,372.3
mpp,15.0,0,w48-16qam-r2/3,w48,19,2,1,data,ok,17,17,14.6,372.3
mpp,15.0,0,ack-1f,w,2,2,0,ctl,ok,0,0,19.8,372.3
mpp,15.0,0,w48-16qam-r2/3,w48,19,1,0,data,ok,18,18,16.6,372.3
mpp,15.0,0,ack-1f,w,2,2,0,ctl,ok,0,0,17.5,372.3
mpp,15.0,0,w48-16qam-r2/3,w48,19,1,0,data,ok,18,17,14.8,372.3
mpp,15.0,0,ack-1f,w,3,3,0,ctl,ok,0,0,11.4,372.3
mpp,15.0,0,w48-16qam-r2/3,w48,19,1,0,data,ok,17,17,17.1,372.3
mpp,15.0,0,ack-1f,w,2,2,0,ctl,ok,0,0,19.3,372.3
mpp,15.0,0,w48-16qam-r2/3,w48,19,1,0,data,ok,18,18,16.2,372.3
mpp,15.0,0,ack-1f,w,2,2,0,ctl,ok,0,0,21.1,372.3
mpp,15.0,0,w48-16qam-r2/3,w48,19,1,0,data,ok,18,18,17.0,372.3
mpp,15.0,0,ack-1f,w,2,2,0,ctl,ok,0,0,20.6,372.3
mpp,15.0,0,w48-16qam-r2/3,w48,19,1,0,data,ok,18,18,15.7,372.3
mpp,15.0,0,ack-1f,w,2,2,0,ctl,ok,0,0,15.5,372.3
mpp,15.0,0,w48-16qam-r2/3,w48,19,1,0,data,ok,18,18,16.8,372.3
mpp,15.0,0,ack-1f,w,2,2,0,ctl,ok,0,0,19.2,372.3
mpp,15.0,0,w48-16qam-r2/3,w48,19,1,0,data,ok,18,18,16.0,372.3
mpp,15.0,0,ack-1f,w,2,2,0,ctl,ok,0,0,19.9,372.3
mpp,15.0,0,w48-16qam-r2/3,w48,19,1,0,data,ok,18,18,16.3,372.3
mpp,15.0,0,ack-1f,w,2,2,0,ctl,ok,0,0,16.9,372.3
mpp,15.0,0,w48-16qam-r2/3,w48,19,1,0,data,ok,18,18,16.6,372.3
mpp,15.0,0,ack-1f,w,2,2,0,ctl,ok,0,0,19.0,372.3
mpp,15.0,0,w48-16qam-r2/3,w48,19,1,0,data,ok,18,18,16.8,372.3
mpp,15.0,0,ack-1f,w,2,2,0,ctl,ok,0,0,16.5,372.3
mpp,15.0,0,w48-16qam-r2/3,w48,19,1,0,data,ok,18,18,17.1,372.3
mpp,15.0,0,ack-1f,w,2,2,0,ctl,ok,0,0,10.6,372.3
mpp,15.0,0,w48-16qam-r2/3,w48,19,1,0,data,ok,18,18,16.0,372.3
mpg,15.0,10,qpsk-r1/5,w,1,1,0,ctl,ok,0,0,20.6,269.9
mpg,15.0,10,qpsk-r1/5,w,1,1,0,ctl,ok,0,0,19.1,269.9
mpg,15.0,10,ack-4f,w,3,3,0,ctl,ok,0,0,19.8,269.9
mpg,15.0,10,ack-1f,w,3,3,0,ctl,ok,0,0,21.6,269.9
mpg,15.0,10,w48-64l-r7/12,w48,39,2,1,data,ok,37,37,16.3,269.9
mpg,15.0,10,ack-1f,w,2,2,0,ctl,ok,0,0,21.5,269.9
mpg,15.0,10,w48-64l-r7/12,w48,39,1,0,data,ctl_lost,38,0,11.5,269.9
mpg,15.0,10,ack-4f,w,3,3,0,ctl,ok,0,0,18.2,269.9
mpg,15.0,10,ack-4f,w,2,2,0,ctl,ok,0,0,14.7,269.9
mpg,15.0,10,w48-16qam-r1/2,w48,19,1,0,data,ok,18,18,13.1,269.9
mpg,15.0,10,ack-1f,w,3,3,0,ctl,ok,0,0,13.2,269.9
mpg,15.0,10,w48-16qam-r1/2,w48,19,2,1,data,ok,17,17,13.6,269.9
mpg,15.0,10,ack-1f,w,3,3,0,ctl,ok,0,0,7.8,269.9
mpg,15.0,10,w48-16qam-r1/2,w48,19,2,1,data,ok,17,17,16.9,269.9
mpg,15.0,10,ack-1f,w,3,3,0,ctl,ok,0,0,18.9,269.9
mpg,15.0,10,w48-16qam-r2/3,w48,19,2,1,data,ok,17,17,16.0,269.9
mpg,15.0,10,ack-1f,w,2,2,0,ctl,ok,0,0,17.2,269.9
mpg,15.0,10,w48-16qam-r2/3,w48,19,1,0,data,ctl_lost,18,0,11.8,269.9
mpg,15.0,10,ack-4f,w,3,3,0,ctl,ok,0,0,19.6,269.9
mpg,15.0,10,ack-4f,w,2,2,0,ctl,ok,0,0,17.4,269.9
mpg,15.0,10,w48-16qam-r1/2,w48,19,1,0,data,ok,18,18,13.3,269.9
mpg,15.0,10,ack-1f,w,2,2,0,ctl,ok,0,0,13.0,269.9
mpg,15.0,10,w48-16qam-r1/2,w48,19,1,0,data,ok,18,18,16.1,269.9
mpg,15.0,10,ack-1f,w,2,2,0,ctl,ok,0,0,17.1,269.9
mpg,15.0,10,w48-16qam-r1/2,w48,19,1,0,data,ok,18,18,16.5,269.9
mpg,15.0,10,ack-1f,w,3,3,0,ctl,ok,0,0,17.5,269.9
mpg,15.0,10,w48-64l-r1/2,w48,39,2,1,data,ok,37,37,15.7,269.9
mpg,15.0,10,ack-1f,w,2,2,0,ctl,ok,0,0,18.3,269.9
mpg,15.0,10,w48-64l-r1/2,w48,39,1,0,data,ctl_lost,38,0,12.4,269.9
mpg,15.0,10,ack-4f,w,3,3,0,ctl,ok,0,0,17.0,269.9
mpg,15.0,10,ack-4f,w,2,2,0,ctl,ok,0,0,16.6,269.9
mpg,15.0,10,w48-16qam-r1/2,w48,19,1,0,data,ok,18,18,13.8,269.9
mpg,15.0,10,ack-1f,w,2,2,0,ctl,ok,0,0,14.8,269.9
mpg,15.0,10,w48-16qam-r1/2,w48,19,1,0,data,ok,18,18,14.1,269.9
mpg,15.0,10,ack-1f,w,3,3,0,ctl,ok,0,0,18.0,269.9
mpg,15.0,10,w48-16qam-r1/2,w48,19,2,1,data,ok,17,17,16.7,269.9
mpg,15.0,10,ack-1f,w,2,2,0,ctl,ok,0,0,11.9,269.9
mpg,15.0,10,w48-16qam-r1/2,w48,19,1,0,data,ok,18,18,15.2,269.9
mpg,15.0,10,ack-1f,w,2,2,0,ctl,ok,0,0,12.1,269.9
mpg,15.0,10,w48-16qam-r1/2,w48,19,1,0,data,ok,18,18,15.1,269.9
mpg,15.0,10,ack-1f,w,2,2,0,ctl,ok,0,0,19.2,269.9
mpg,15.0,10,w48-16qam-r1/2,w48,19,1,0,data,ok,18,18,15.5,269.9
mpg,15.0,10,ack-1f,w,2,2,0,ctl,ok,0,0,22.9,269.9
mpg,15.0,10,w48-16qam-r1/2,w48,19,1,0,data,ok,18,18,17.2,269.9
mpg,15.0,10,ack-1f,w,3,3,0,ctl,ok,0,0,18.1,269.9
mpg,15.0,10,w48-16qam-r2/3,w48,19,2,1,data,ok,17,3,13.7,269.9
mpg,15.0,10,ack-1f,w,3,3,0,ctl,ok,0,0,17.6,269.9
mpg,15.0,10,w48-16qam-r1/2,w48,19,1,0,data,ok,18,18,13.5,269.9
mpg,15.0,10,ack-1f,w,2,2,0,ctl,ok,0,0,11.4,269.9
mpg,15.0,10,w48-16qam-r1/2,w48,19,1,0,data,ok,18,18,14.7,269.9
mpg,15.0,10,ack-1f,w,3,3,0,ctl,ok,0,0,11.9,269.9
mpg,15.0,10,w48-16qam-r1/2,w48,19,2,1,data,ok,17,17,17.8,269.9
mpg,15.0,10,ack-1f,w,2,2,0,ctl,ok,0,0,19.6,269.9
mpg,15.0,10,w48-16qam-r1/2,w48,19,1,0,data,ok,18,18,16.5,269.9
mpg,15.0,10,ack-1f,w,3,3,0,ctl,ok,0,0,19.0,269.9
mpg,15.0,10,w48-16qam-r2/3,w48,19,2,1,data,ok,17,17,15.3,269.9
mpg,15.0,10,ack-1f,w,2,2,0,ctl,ok,0,0,17.3,269.9
mpg,15.0,10,w48-16qam-r1/2,w48,19,1,0,data,ok,18,18,18.4,269.9
mpg,15.0,10,ack-1f,w,3,3,0,ctl,ok,0,0,16.9,269.9
mpg,15.0,10,w48-16qam-r2/3,w48,19,2,1,data,ok,17,17,17.1,269.9
mpg,15.0,10,ack-1f,w,3,3,0,ctl,ok,0,0,18.4,269.9
mpg,15.0,10,w48-16qam-r2/3,w48,19,2,1,data,ok,17,17,16.9,269.9
mpg,15.0,10,ack-1f,w,3,3,0,ctl,ok,0,0,22.3,269.9
mpg,15.0,10,w48-16qam-r2/3,w48,19,2,1,data,ok,17,17,14.9,269.9
mpg,15.0,10,ack-1f,w,2,2,0,ctl,ok,0,0,13.0,269.9
mpg,15.0,10,w48-16qam-r1/2,w48,19,1,0,data,ok,18,17,9.9,269.9
mpg,15.0,10,ack-1f,w,4,4,0,ctl,ok,0,0,16.6,269.9
mpg,15.0,10,w48-16qam-r1/2,w48,19,2,1,data,ok,16,16,17.6,269.9
mpg,15.0,10,ack-1f,w,2,2,0,ctl,ok,0,0,15.3,269.9
mpg,15.0,10,w48-16qam-r1/2,w48,19,1,0,data,ok,18,18,16.5,269.9
mpg,15.0,10,ack-1f,w,3,3,0,ctl,ok,0,0,19.1,269.9
mpg,15.0,10,w48-16qam-r2/3,w48,19,2,1,data,ok,17,0,13.2,269.9
mpg,15.0,10,ack-1f,w,2,2,0,ctl,ok,0,0,13.5,269.9
mpg,15.0,10,w48-16qam-r1/2,w48,19,1,0,data,ok,18,18,15.6,269.9
mpg,15.0,10,ack-1f,w,2,2,0,ctl,ok,0,0,20.2,269.9
mpg,15.0,10,w48-16qam-r1/2,w48,19,1,0,data,ok,18,18,16.7,269.9
mpg,15.0,10,ack-1f,w,2,2,0,ctl,ok,0,0,14.1,269.9
mpg,15.0,10,w48-16qam-r2/3,w48,19,1,0,data,ctl_lost,18,0,12.9,269.9
mpg,15.0,10,ack-4f,w,3,3,0,ctl,ok,0,0,19.4,269.9
mpg,15.0,10,ack-4f,w,2,2,0,ctl,ok,0,0,18.0,269.9
mpg,15.0,10,w48-16qam-r1/2,w48,19,1,0,data,ok,18,18,11.6,269.9
mpg,15.0,10,ack-1f,w,2,2,0,ctl,ok,0,0,13.2,269.9
mpg,15.0,10,w48-16qam-r1/2,w48,19,1,0,data,ok,18,18,15.2,269.9
mpg,15.0,10,ack-1f,w,2,2,0,ctl,ok,0,0,18.8,269.9
mpg,15.0,10,w48-16qam-r1/2,w48,19,1,0,data,ok,18,18,15.7,269.9
mpg,15.0,10,ack-1f,w,2,2,0,ctl,ok,0,0,16.3,269.9
mpg,15.0,10,w48-16qam-r1/2,w48,19,1,0,data,ok,18,18,16.7,269.9
mpg,15.0,10,ack-1f,w,2,2,0,ctl,ok,0,0,16.5,269.9
mpg,15.0,10,w48-16qam-r1/2,w48,19,1,0,data,ok,18,18,16.6,269.9
mpg,15.0,10,ack-1f,w,2,2,0,ctl,ok,0,0,12.1,269.9
mpg,15.0,10,w48-16qam-r1/2,w48,19,1,0,data,ok,18,18,16.7,269.9
mpg,15.0,10,ack-1f,w,2,2,0,ctl,ok,0,0,14.3,269.9
mpg,15.0,10,w48-16qam-r1/2,w48,19,1,0,data,ok,18,18,15.4,269.9
mpg,15.0,8,qpsk-r1/5,w,1,1,0,ctl,ok,0,0,18.2,300.9
mpg,15.0,8,qpsk-r1/5,w,1,1,0,ctl,ok,0,0,17.2,300.9
mpg,15.0,8,ack-4f,w,3,3,0,ctl,ok,0,0,13.8,300.9
mpg,15.0,8,ack-1f,w,3,3,0,ctl,ok,0,0,20.2,300.9
mpg,15.0,8,w48-16qam-r2/3,w48,19,2,1,data,ok,17,17,15.1,300.9
mpg,15.0,8,ack-1f,w,3,3,0,ctl,ok,0,0,10.8,300.9
mpg,15.0,8,w48-16qam-r2/3,w48,19,2,1,data,ok,17,17,14.1,300.9
mpg,15.0,8,ack-1f,w,3,3,0,ctl,ok,0,0,11.6,300.9
mpg,15.0,8,w48-16qam-r2/3,w48,19,2,1,data,ok,17,17,15.8,300.9
mpg,15.0,8,ack-1f,w,2,2,0,ctl,ok,0,0,22.1,300.9
mpg,15.0,8,w48-16qam-r2/3,w48,19,1,0,data,ok,18,18,19.8,300.9
mpg,15.0,8,ack-1f,w,3,3,0,ctl,ok,0,0,14.3,300.9
mpg,15.0,8,w48-64l-r7/12,w48,39,2,1,data,ok,37,37,16.4,300.9
mpg,15.0,8,ack-1f,w,2,2,0,ctl,ok,0,0,19.6,300.9
mpg,15.0,8,w48-64l-r7/12,w48,39,1,0,data,ok,38,38,14.9,300.9
mpg,15.0,8,ack-1f,w,2,2,0,ctl,ok,0,0,14.2,300.9
mpg,15.0,8,w48-64l-r7/12,w48,39,1,0,data,ctl_lost,38,0,10.0,300.9
mpg,15.0,8,ack-4f,w,2,2,0,ctl,ok,0,0,19.3,300.9
mpg,15.0,8,ack-4f,w,3,3,0,ctl,ok,0,0,18.4,300.9
mpg,15.0,8,w48-16qam-r2/3,w48,19,2,1,data,ok,17,17,14.5,300.9
mpg,15.0,8,ack-1f,w,2,2,0,ctl,ok,0,0,18.0,300.9
mpg,15.0,8,w48-16qam-r2/3,w48,19,1,0,data,ok,18,18,17.1,300.9
mpg,15.0,8,ack-1f,w,2,2,0,ctl,ok,0,0,17.7,300.9
mpg,15.0,8,w48-16qam-r2/3,w48,19,1,0,data,ctl_lost,18,0,12.7,300.9
mpg,15.0,8,ack-4f,w,3,3,0,ctl,ok,0,0,18.8,300.9
mpg,15.0,8,ack-4f,w,3,3,0,ctl,ok,0,0,20.0,300.9
mpg,15.0,8,w48-16qam-r2/3,w48,19,2,1,data,ok,17,17,15.7,300.9
mpg,15.0,8,ack-1f,w,2,2,0,ctl,ok,0,0,19.2,300.9
mpg,15.0,8,w48-16qam-r2/3,w48,19,1,0,data,ok,18,18,18.8,300.9
mpg,15.0,8,ack-1f,w,2,2,0,ctl,ok,0,0,22.3,300.9
mpg,15.0,8,w48-64l-r1/2,w48,39,1,0,data,ok,38,38,15.5,300.9
mpg,15.0,8,ack-1f,w,3,3,0,ctl,ok,0,0,19.1,300.9
mpg,15.0,8,w48-64l-r1/2,w48,39,2,1,data,ok,37,33,13.6,300.9
mpg,15.0,8,ack-1f,w,4,4,0,ctl,ok,0,0,18.8,300.9
mpg,15.0,8,w48-64l-r1/2,w48,34,2,1,data,ok,28,0,9.2,300.9
mpg,15.0,8,ack-1f,w,2,2,0,ctl,ok,0,0,3.8,300.9
mpg,15.0,8,w48-16qam-r1/3,w48,19,1,0,data,ok,18,18,17.4,300.9
mpg,15.0,8,ack-1f,w,3,3,0,ctl,ok,0,0,15.8,300.9
mpg,15.0,8,w48-16qam-r1/2,w48,19,2,1,data,ok,17,17,19.2,300.9
mpg,15.0,8,ack-1f,w,2,2,0,ctl,ok,0,0,15.6,300.9
mpg,15.0,8,w48-64l-r1/2,w48,39,1,0,data,ctl_lost,38,0,14.2,300.9
mpg,15.0,8,ack-4f,w,2,2,0,ctl,ok,0,0,21.9,300.9
mpg,15.0,8,ack-4f,w,2,2,0,ctl,ok,0,0,21.5,300.9
mpg,15.0,8,w48-16qam-r2/3,w48,19,1,0,data,ok,18,18,15.9,300.9
mpg,15.0,8,ack-1f,w,2,2,0,ctl,ok,0,0,19.3,300.9
mpg,15.0,8,w48-16qam-r2/3,w48,19,1,0,data,ok,18,18,18.1,300.9
mpg,15.0,8,ack-1f,w,2,2,0,ctl,ok,0,0,19.7,300.9
mpg,15.0,8,w48-16qam-r2/3,w48,19,1,0,data,ok,18,18,17.4,300.9
mpg,15.0,8,ack-1f,w,2,2,0,ctl,ok,0,0,17.3,300.9
mpg,15.0,8,w48-16qam-r2/3,w48,19,1,0,data,ok,18,18,15.1,300.9
mpg,15.0,8,ack-1f,w,2,2,0,ctl,ok,0,0,20.1,300.9
mpg,15.0,8,w48-16qam-r2/3,w48,19,1,0,data,ok,18,18,17.3,300.9
mpg,15.0,8,ack-1f,w,2,2,0,ctl,ok,0,0,15.6,300.9
mpg,15.0,8,w48-16qam-r2/3,w48,19,1,0,data,ctl_lost,18,0,14.5,300.9
mpg,15.0,8,ack-4f,w,3,3,0,ctl,ok,0,0,14.8,300.9
mpg,15.0,8,ack-4f,w,2,2,0,ctl,ok,0,0,17.0,300.9
mpg,15.0,8,w48-16qam-r1/2,w48,19,1,0,data,ok,18,18,15.5,300.9
mpg,15.0,8,ack-1f,w,2,2,0,ctl,ok,0,0,15.1,300.9
mpg,15.0,8,w48-16qam-r1/2,w48,19,1,0,data,ok,18,18,16.7,300.9
mpg,15.0,8,ack-1f,w,3,3,0,ctl,ok,0,0,16.0,300.9
mpg,15.0,8,w48-16qam-r2/3,w48,19,2,1,data,ok,17,0,12.9,300.9
mpg,15.0,8,ack-1f,w,3,3,0,ctl,ok,0,0,20.0,300.9
mpg,15.0,8,w48-16qam-r1/2,w48,19,2,1,data,ok,17,17,15.4,300.9
mpg,15.0,8,ack-1f,w,3,3,0,ctl,ok,0,0,8.1,300.9
mpg,15.0,8,w48-16qam-r1/2,w48,19,2,1,data,ok,17,17,14.2,300.9
mpg,15.0,8,ack-1f,w,3,3,0,ctl,ok,0,0,20.8,300.9
mpg,15.0,8,w48-16qam-r2/3,w48,19,2,1,data,ok,17,17,16.6,300.9
mpg,15.0,8,ack-1f,w,2,2,0,ctl,ok,0,0,20.2,300.9
mpg,15.0,8,w48-16qam-r2/3,w48,19,1,0,data,ok,18,18,16.4,300.9
mpg,15.0,8,ack-1f,w,3,3,0,ctl,ok,0,0,13.5,300.9
mpg,15.0,8,w48-16qam-r2/3,w48,19,2,1,data,ok,17,17,16.5,300.9
mpg,15.0,8,ack-1f,w,2,2,0,ctl,ok,0,0,8.2,300.9
mpg,15.0,8,w48-16qam-r2/3,w48,19,1,0,data,ctl_lost,18,0,11.3,300.9
mpg,15.0,8,ack-4f,w,2,2,0,ctl,ok,0,0,19.4,300.9
mpg,15.0,8,ack-4f,w,2,2,0,ctl,ok,0,0,17.9,300.9
mpg,15.0,8,w48-16qam-r1/2,w48,19,1,0,data,ok,18,18,16.9,300.9
mpg,15.0,8,ack-1f,w,3,3,0,ctl,ok,0,0,21.3,300.9
mpg,15.0,8,w48-16qam-r2/3,w48,19,2,1,data,ok,17,17,15.9,300.9
mpg,15.0,8,ack-1f,w,3,3,0,ctl,ok,0,0,16.7,300.9
mpg,15.0,8,w48-16qam-r2/3,w48,19,2,1,data,ok,17,17,15.1,300.9
mpg,15.0,8,ack-1f,w,2,2,0,ctl,ok,0,0,19.1,300.9
mpg,15.0,8,w48-16qam-r1/2,w48,19,1,0,data,ok,18,18,11.9,300.9
mpg,15.0,8,ack-1f,w,2,2,0,ctl,ok,0,0,14.0,300.9
mpg,15.0,8,w48-16qam-r1/2,w48,19,1,0,data,ok,18,18,16.4,300.9
mpg,15.0,8,ack-1f,w,2,2,0,ctl,ok,0,0,17.0,300.9
mpg,15.0,8,w48-16qam-r1/2,w48,19,1,0,data,ok,18,18,15.9,300.9
mpg,15.0,8,ack-1f,w,2,2,0,ctl,ok,0,0,18.6,300.9
mpg,15.0,8,w48-16qam-r1/2,w48,19,1,0,data,ok,18,18,16.4,300.9
mpg,15.0,8,ack-1f,w,2,2,0,ctl,ok,0,0,21.5,300.9
mpg,15.0,8,w48-16qam-r1/2,w48,19,1,0,data,ok,18,18,14.5,300.9
mpg,15.0,8,ack-1f,w,2,2,0,ctl,ok,0,0,19.5,300.9
mpg,15.0,8,w48-16qam-r1/2,w48,19,1,0,data,ok,18,18,15.1,300.9
mpg,15.0,8,ack-1f,w,2,2,0,ctl,ok,0,0,19.3,300.9
mpg,15.0,8,w48-16qam-r1/2,w48,19,1,0,data,ok,18,18,17.8,300.9
mpg,15.0,11,qpsk-r1/5,w,1,1,0,ctl,ok,0,0,20.4,281.4
mpg,15.0,11,qpsk-r1/5,w,1,1,0,ctl,ok,0,0,19.2,281.4
mpg,15.0,11,ack-4f,w,3,3,0,ctl,ok,0,0,12.0,281.4
mpg,15.0,11,ack-1f,w,2,2,0,ctl,ok,0,0,16.3,281.4
mpg,15.0,11,w48-16qam-r1/2,w48,19,1,0,data,ok,18,18,15.9,281.4
mpg,15.0,11,ack-1f,w,3,3,0,ctl,ok,0,0,16.4,281.4
mpg,15.0,11,w48-16qam-r2/3,w48,19,2,1,data,ok,17,17,17.1,281.4
mpg,15.0,11,ack-1f,w,3,3,0,ctl,ok,0,0,19.8,281.4
mpg,15.0,11,w48-16qam-r2/3,w48,19,2,1,data,ok,17,17,17.3,281.4
mpg,15.0,11,ack-1f,w,3,3,0,ctl,ok,0,0,21.4,281.4
mpg,15.0,11,w48-64l-r1/2,w48,39,2,1,data,ok,37,37,16.4,281.4
mpg,15.0,11,ack-1f,w,3,3,0,ctl,ok,0,0,19.2,281.4
mpg,15.0,11,w48-64l-r1/2,w48,39,2,1,data,ok,37,36,13.5,281.4
mpg,15.0,11,ack-1f,w,3,3,0,ctl,ok,0,0,12.6,281.4
mpg,15.0,11,w48-16qam-r2/3,w48,19,2,1,data,ok,17,0,11.0,281.4
mpg,15.0,11,ack-1f,w,2,2,0,ctl,ok,0,0,19.4,281.4
mpg,15.0,11,w48-16qam-r1/3,w48,19,1,0,data,ok,18,18,15.3,281.4
mpg,15.0,11,ack-1f,w,3,3,0,ctl,ok,0,0,13.2,281.4
mpg,15.0,11,w48-16qam-r1/2,w48,19,2,1,data,ok,17,17,16.1,281.4
mpg,15.0,11,ack-1f,w,3,3,0,ctl,ok,0,0,6.2,281.4
mpg,15.0,11,w48-16qam-r2/3,w48,19,2,1,data,ok,17,0,12.9,281.4
mpg,15.0,11,ack-1f,w,3,3,0,ctl,ok,0,0,16.2,281.4
mpg,15.0,11,w48-16qam-r1/2,w48,19,2,1,data,ok,17,17,15.0,281.4
mpg,15.0,11,ack-1f,w,3,3,0,ctl,ok,0,0,18.7,281.4
mpg,15.0,11,w48-16qam-r1/2,w48,19,2,1,data,ok,17,17,17.7,281.4
mpg,15.0,11,ack-1f,w,3,3,0,ctl,ok,0,0,15.2,281.4
mpg,15.0,11,w48-64l-r1/2,w48,39,2,1,data,ok,37,16,13.5,281.4
mpg,15.0,11,ack-1f,w,4,4,0,ctl,ok,0,0,12.8,281.4
mpg,15.0,11,w48-64l-r1/2,w48,39,2,1,data,ok,16,2,12.2,281.4
mpg,15.0,11,ack-1f,w,4,4,0,ctl,ok,0,0,16.0,281.4
mpg,15.0,11,w48-16qam-r1/2,w48,19,2,1,data,ok,17,17,13.6,281.4
mpg,15.0,11,ack-1f,w,2,2,0,ctl,ok,0,0,17.8,281.4
mpg,15.0,11,w48-16qam-r1/2,w48,19,1,0,data,ok,18,18,16.3,281.4
mpg,15.0,11,ack-1f,w,2,2,0,ctl,ok,0,0,20.5,281.4
mpg,15.0,11,w48-16qam-r1/2,w48,19,1,0,data,ok,18,18,14.7,281.4
mpg,15.0,11,ack-1f,w,2,2,0,ctl,ok,0,0,12.6,281.4
mpg,15.0,11,w48-16qam-r1/2,w48,19,1,0,data,ok,18,18,15.9,281.4
mpg,15.0,11,ack-1f,w,2,2,0,ctl,ok,0,0,20.7,281.4
mpg,15.0,11,w48-16qam-r1/2,w48,19,1,0,data,ok,18,18,16.3,281.4
mpg,15.0,11,ack-1f,w,2,2,0,ctl,ok,0,0,20.5,281.4
mpg,15.0,11,w48-16qam-r1/2,w48,19,1,0,data,ok,18,18,12.9,281.4
mpg,15.0,11,ack-1f,w,2,2,0,ctl,ok,0,0,15.8,281.4
mpg,15.0,11,w48-16qam-r1/2,w48,19,1,0,data,ok,18,18,18.6,281.4
mpg,15.0,11,ack-1f,w,2,2,0,ctl,ok,0,0,18.5,281.4
mpg,15.0,11,w48-16qam-r1/2,w48,19,1,0,data,ok,18,18,14.2,281.4
mpg,15.0,11,ack-1f,w,2,2,0,ctl,ok,0,0,16.3,281.4
mpg,15.0,11,w48-16qam-r1/2,w48,19,1,0,data,ok,18,18,12.6,281.4
mpg,15.0,11,ack-1f,w,2,2,0,ctl,ok,0,0,19.1,281.4
mpg,15.0,11,w48-16qam-r1/2,w48,19,1,0,data,ok,18,18,16.2,281.4
mpg,15.0,11,ack-1f,w,2,2,0,ctl,ok,0,0,19.3,281.4
mpg,15.0,11,w48-16qam-r1/2,w48,19,1,0,data,ok,18,18,12.3,281.4
mpg,15.0,11,ack-1f,w,2,2,0,ctl,ok,0,0,19.4,281.4
mpg,15.0,11,w48-16qam-r1/2,w48,19,1,0,data,ok,18,18,18.8,281.4
mpg,15.0,11,ack-1f,w,2,2,0,ctl,ok,0,0,18.1,281.4
mpg,15.0,11,w48-16qam-r1/2,w48,19,1,0,data,ok,18,18,17.6,281.4
mpg,15.0,11,ack-1f,w,2,2,0,ctl,ok,0,0,20.5,281.4
mpg,15.0,11,w48-64l-r1/2,w48,39,1,0,data,ctl_lost,38,12,12.9,281.4
mpg,15.0,11,ack-4f,w,3,3,0,ctl,ok,0,0,17.5,281.4
mpg,15.0,11,ack-4f,w,2,2,0,ctl,ok,0,0,20.0,281.4
mpg,15.0,11,w48-16qam-r2/3,w48,19,1,0,data,ok,18,18,17.6,281.4
mpg,15.0,11,ack-1f,w,2,2,0,ctl,ok,0,0,9.7,281.4
mpg,15.0,11,w48-16qam-r2/3,w48,19,1,0,data,ok,18,18,17.1,281.4
mpg,15.0,11,ack-1f,w,2,2,0,ctl,ok,0,0,20.3,281.4
mpg,15.0,11,w48-16qam-r2/3,w48,19,1,0,data,ctl_lost,18,0,14.6,281.4
mpg,15.0,11,ack-4f,w,3,3,0,ctl,ok,0,0,13.8,281.4
mpg,15.0,11,ack-4f,w,2,2,0,ctl,ok,0,0,14.4,281.4
mpg,15.0,11,w48-16qam-r1/2,w48,19,1,0,data,ok,18,18,15.4,281.4
mpg,15.0,11,ack-1f,w,2,2,0,ctl,ok,0,0,15.8,281.4
mpg,15.0,11,w48-16qam-r1/2,w48,19,1,0,data,ok,18,18,16.1,281.4
mpg,15.0,11,ack-1f,w,2,2,0,ctl,ok,0,0,17.4,281.4
mpg,15.0,11,w48-16qam-r1/2,w48,19,1,0,data,ok,18,18,13.0,281.4
mpg,15.0,11,ack-1f,w,2,2,0,ctl,ok,0,0,11.1,281.4
mpg,15.0,11,w48-16qam-r1/2,w48,19,1,0,data,ok,18,18,13.6,281.4
mpg,15.0,11,ack-1f,w,2,2,0,ctl,ok,0,0,18.9,281.4
mpg,15.0,11,w48-16qam-r1/2,w48,19,1,0,data,ok,18,18,13.0,281.4
mpg,15.0,11,ack-1f,w,2,2,0,ctl,ok,0,0,17.7,281.4
mpg,15.0,11,w48-16qam-r1/2,w48,19,1,0,data,ok,18,18,16.5,281.4
mpg,15.0,11,ack-1f,w,2,2,0,ctl,ok,0,0,14.5,281.4
mpg,15.0,11,w48-16qam-r1/2,w48,19,1,0,data,ok,18,18,13.9,281.4
mpg,15.0,11,ack-1f,w,2,2,0,ctl,ok,0,0,17.3,281.4
mpg,15.0,11,w48-16qam-r1/2,w48,19,1,0,data,ok,18,18,14.4,281.4
mpg,15.0,11,ack-1f,w,2,2,0,ctl,ok,0,0,19.5,281.4
mpg,15.0,11,w48-16qam-r1/2,w48,19,1,0,data,ok,18,18,12.4,281.4
mpg,15.0,11,ack-1f,w,3,3,0,ctl,ok,0,0,12.3,281.4
mpg,15.0,11,w48-16qam-r1/2,w48,19,2,1,data,ok,17,17,15.3,281.4
mpg,15.0,11,ack-1f,w,2,2,0,ctl,ok,0,0,17.7,281.4
mpg,15.0,11,w48-16qam-r1/2,w48,19,1,0,data,ok,18,18,14.8,281.4
mpg,15.0,11,ack-1f,w,2,2,0,ctl,ok,0,0,13.7,281.4
mpg,15.0,11,w48-16qam-r1/2,w48,19,1,0,data,ok,18,18,15.1,281.4
mpg,15.0,11,ack-1f,w,2,2,0,ctl,ok,0,0,8.0,281.4
mpg,15.0,11,w48-16qam-r1/2,w48,19,1,0,data,ok,18,18,16.6,281.4
mpg,15.0,11,ack-1f,w,2,2,0,ctl,ok,0,0,19.0,281.4
mpg,15.0,11,w48-16qam-r1/2,w48,19,1,0,data,ctl_lost,18,13,11.3,281.4
mpp,15.0,2,qpsk-r1/5,w,1,1,0,ctl,ok,0,0,17.0,371.0
mpp,15.0,2,qpsk-r1/5,w,1,1,0,ctl,ok,0,0,18.5,371.0
mpp,15.0,2,ack-4f,w,3,3,0,ctl,ok,0,0,16.3,371.0
mpp,15.0,2,ack-1f,w,2,2,0,ctl,ok,0,0,13.0,371.0
mpp,15.0,2,w48-16qam-r1/2,w48,19,1,0,data,ok,18,18,15.8,371.0
mpp,15.0,2,ack-1f,w,3,3,0,ctl,ok,0,0,14.2,371.0
mpp,15.0,2,w48-16qam-r2/3,w48,19,2,1,data,ok,17,17,16.0,371.0
mpp,15.0,2,ack-1f,w,3,3,0,ctl,ok,0,0,16.7,371.0
mpp,15.0,2,w48-16qam-r2/3,w48,19,2,1,data,ok,17,17,14.9,371.0
mpp,15.0,2,ack-1f,w,3,3,0,ctl,ok,0,0,16.1,371.0
mpp,15.0,2,w48-16qam-r2/3,w48,19,2,1,data,ok,17,17,15.6,371.0
mpp,15.0,2,ack-1f,w,3,3,0,ctl,ok,0,0,18.4,371.0
mpp,15.0,2,w48-16qam-r2/3,w48,19,2,1,data,ok,17,17,15.2,371.0
mpp,15.0,2,ack-1f,w,3,3,0,ctl,ok,0,0,14.5,371.0
mpp,15.0,2,w48-16qam-r2/3,w48,19,2,1,data,ok,17,17,17.2,371.0
mpp,15.0,2,ack-1f,w,2,2,0,ctl,ok,0,0,16.4,371.0
mpp,15.0,2,w48-16qam-r2/3,w48,19,1,0,data,ok,18,18,15.1,371.0
mpp,15.0,2,ack-1f,w,2,2,0,ctl,ok,0,0,19.3,371.0
mpp,15.0,2,w48-16qam-r2/3,w48,19,1,0,data,ok,18,18,16.7,371.0
mpp,15.0,2,ack-1f,w,2,2,0,ctl,ok,0,0,14.7,371.0
mpp,15.0,2,w48-16qam-r2/3,w48,19,1,0,data,ok,18,17,14.6,371.0
mpp,15.0,2,ack-1f,w,4,4,0,ctl,ok,0,0,16.7,371.0
mpp,15.0,2,w48-16qam-r2/3,w48,19,2,1,data,ok,16,16,16.0,371.0
mpp,15.0,2,ack-1f,w,2,2,0,ctl,ok,0,0,12.9,371.0
mpp,15.0,2,w48-16qam-r2/3,w48,19,1,0,data,ctl_lost,18,16,14.7,371.0
mpp,15.0,2,ack-4f,w,3,3,0,ctl,ok,0,0,18.8,371.0
mpp,15.0,2,ack-4f,w,3,3,0,ctl,ok,0,0,17.7,371.0
mpp,15.0,2,w48-16qam-r2/3,w48,19,2,1,data,ok,17,17,16.6,371.0
mpp,15.0,2,ack-1f,w,2,2,0,ctl,ok,0,0,20.8,371.0
mpp,15.0,2,w48-16qam-r2/3,w48,19,1,0,data,ok,18,18,16.1,371.0
mpp,15.0,2,ack-1f,w,2,2,0,ctl,ok,0,0,20.2,371.0
mpp,15.0,2,w48-16qam-r2/3,w48,19,1,0,data,ok,18,18,15.6,371.0
mpp,15.0,2,ack-1f,w,3,3,0,ctl,ok,0,0,19.2,371.0
mpp,15.0,2,w48-16qam-r2/3,w48,19,2,1,data,ok,17,17,15.8,371.0
mpp,15.0,2,ack-1f,w,3,3,0,ctl,ok,0,0,18.1,371.0
mpp,15.0,2,w48-16qam-r2/3,w48,19,2,1,data,ok,17,17,14.5,371.0
mpp,15.0,2,ack-1f,w,3,3,0,ctl,ok,0,0,18.6,371.0
mpp,15.0,2,w48-16qam-r2/3,w48,19,2,1,data,ok,17,17,15.2,371.0
mpp,15.0,2,ack-1f,w,3,3,0,ctl,ok,0,0,18.9,371.0
mpp,15.0,2,w48-16qam-r2/3,w48,19,2,1,data,ok,17,17,16.5,371.0
mpp,15.0,2,ack-1f,w,2,2,0,ctl,ok,0,0,16.0,371.0
mpp,15.0,2,w48-16qam-r2/3,w48,19,1,0,data,ok,18,18,16.0,371.0
mpp,15.0,2,ack-1f,w,2,2,0,ctl,ok,0,0,17.8,371.0
mpp,15.0,2,w48-16qam-r2/3,w48,19,1,0,data,ok,18,18,17.7,371.0
mpp,15.0,2,ack-1f,w,2,2,0,ctl,ok,0,0,18.0,371.0
mpp,15.0,2,w48-16qam-r2/3,w48,19,1,0,data,ctl_lost,18,3,13.5,371.0
mpp,15.0,2,ack-4f,w,3,3,0,ctl,ok,0,0,16.9,371.0
mpp,15.0,2,ack-4f,w,2,2,0,ctl,ok,0,0,17.7,371.0
mpp,15.0,2,w48-16qam-r1/2,w48,19,1,0,data,ok,18,18,16.0,371.0
mpp,15.0,2,ack-1f,w,3,3,0,ctl,ok,0,0,16.3,371.0
mpp,15.0,2,w48-16qam-r2/3,w48,19,2,1,data,ok,17,17,15.6,371.0
mpp,15.0,2,ack-1f,w,3,3,0,ctl,ok,0,0,16.4,371.0
mpp,15.0,2,w48-16qam-r2/3,w48,19,2,1,data,ok,17,17,16.4,371.0
mpp,15.0,2,ack-1f,w,3,3,0,ctl,ok,0,0,20.7,371.0
mpp,15.0,2,w48-16qam-r2/3,w48,19,2,1,data,ok,17,17,15.5,371.0
mpp,15.0,2,ack-1f,w,2,2,0,ctl,ok,0,0,16.9,371.0
mpp,15.0,2,w48-16qam-r2/3,w48,19,1,0,data,ok,18,18,16.4,371.0
mpp,15.0,2,ack-1f,w,2,2,0,ctl,ok,0,0,18.5,371.0
mpp,15.0,2,w48-16qam-r2/3,w48,19,1,0,data,ok,18,18,15.9,371.0
mpp,15.0,2,ack-1f,w,2,2,0,ctl,ok,0,0,20.7,371.0
mpp,15.0,2,w48-16qam-r2/3,w48,19,1,0,data,ok,18,18,16.4,371.0
mpp,15.0,2,ack-1f,w,2,2,0,ctl,ok,0,0,16.5,371.0
mpp,15.0,2,w48-16qam-r2/3,w48,19,1,0,data,ok,18,18,16.0,371.0
mpp,15.0,2,ack-1f,w,2,2,0,ctl,ok,0,0,16.6,371.0
mpp,15.0,2,w48-16qam-r2/3,w48,19,1,0,data,ok,18,18,17.0,371.0
mpp,15.0,2,ack-1f,w,2,2,0,ctl,ok,0,0,12.3,371.0
mpp,15.0,2,w48-16qam-r2/3,w48,19,1,0,data,ok,18,18,16.1,371.0
mpp,15.0,2,ack-1f,w,2,2,0,ctl,ok,0,0,17.4,371.0
mpp,15.0,2,w48-16qam-r2/3,w48,19,1,0,data,ok,18,18,16.8,371.0
mpp,15.0,2,ack-1f,w,2,2,0,ctl,ok,0,0,17.0,371.0
mpp,15.0,2,w48-16qam-r2/3,w48,19,1,0,data,ok,18,18,16.6,371.0
mpp,15.0,2,ack-1f,w,2,2,0,ctl,ok,0,0,11.2,371.0
mpp,15.0,2,w48-16qam-r2/3,w48,19,1,0,data,ok,18,18,15.7,371.0
mpp,15.0,2,ack-1f,w,2,2,0,ctl,ok,0,0,12.8,371.0
mpp,15.0,2,w48-16qam-r2/3,w48,19,1,0,data,ok,18,18,16.3,371.0
mpp,15.0,2,ack-1f,w,2,2,0,ctl,ok,0,0,19.0,371.0
mpp,15.0,2,w48-16qam-r2/3,w48,19,1,0,data,ok,18,18,16.5,371.0
mpp,15.0,2,ack-1f,w,2,2,0,ctl,ok,0,0,15.2,371.0
mpp,15.0,2,w48-16qam-r2/3,w48,19,1,0,data,ok,18,18,16.2,371.0
mpp,15.0,2,ack-1f,w,2,2,0,ctl,ok,0,0,19.2,371.0
mpp,15.0,2,w48-16qam-r2/3,w48,19,1,0,data,ok,18,18,16.7,371.0
mpp,15.0,2,ack-1f,w,2,2,0,ctl,ok,0,0,19.6,371.0
mpp,15.0,2,w48-16qam-r2/3,w48,19,1,0,data,ok,18,18,15.7,371.0
mpp,15.0,2,ack-1f,w,2,2,0,ctl,ok,0,0,16.2,371.0
mpp,15.0,2,w48-16qam-r2/3,w48,19,1,0,data,ok,18,12,14.9,371.0
mpp,15.0,2,ack-1f,w,3,3,0,ctl,ok,0,0,18.8,371.0
mpp,15.0,2,w48-16qam-r2/3,w48,19,1,0,data,ok,12,12,17.6,371.0
mpp,15.0,2,ack-1f,w,2,2,0,ctl,ok,0,0,16.0,371.0
mpp,15.0,2,w48-16qam-r2/3,w48,19,1,0,data,ok,18,18,16.1,371.0
mpp,15.0,2,ack-1f,w,2,2,0,ctl,ok,0,0,17.2,371.0
mpp,15.0,2,w48-16qam-r2/3,w48,19,1,0,data,ok,18,18,16.0,371.0
mpp,15.0,2,ack-1f,w,2,2,0,ctl,ok,0,0,14.4,371.0
mpp,15.0,2,w48-16qam-r2/3,w48,19,1,0,data,ok,18,18,15.7,371.0
mpp,15.0,1,qpsk-r1/5,w,1,1,0,ctl,ok,0,0,18.1,344.7
mpp,15.0,1,qpsk-r1/5,w,1,1,0,ctl,ok,0,0,19.8,344.7
mpp,15.0,1,ack-4f,w,3,3,0,ctl,ok,0,0,16.6,344.7
mpp,15.0,1,ack-1f,w,3,3,0,ctl,ok,0,0,19.1,344.7
mpp,15.0,1,w48-16qam-r2/3,w48,19,2,1,data,ok,17,14,15.5,344.7
mpp,15.0,1,ack-1f,w,4,4,0,ctl,ok,0,0,16.5,344.7
mpp,15.0,1,w48-16qam-r2/3,w48,19,2,1,data,ok,15,15,15.9,344.7
mpp,15.0,1,ack-1f,w,3,3,0,ctl,ok,0,0,15.6,344.7
mpp,15.0,1,w48-16qam-r2/3,w48,19,2,1,data,ok,17,17,15.3,344.7
mpp,15.0,1,ack-1f,w,3,3,0,ctl,ok,0,0,14.8,344.7
mpp,15.0,1,w48-16qam-r2/3,w48,19,2,1,data,ok,17,17,15.8,344.7
mpp,15.0,1,ack-1f,w,3,3,0,ctl,ok,0,0,17.7,344.7
mpp,15.0,1,w48-16qam-r2/3,w48,19,2,1,data,ok,17,17,16.0,344.7
mpp,15.0,1,ack-1f,w,2,2,0,ctl,ok,0,0,16.7,344.7
mpp,15.0,1,w48-16qam-r2/3,w48,19,1,0,data,ok,18,18,15.8,344.7
mpp,15.0,1,ack-1f,w,2,2,0,ctl,ok,0,0,16.7,344.7
mpp,15.0,1,w48-16qam-r2/3,w48,19,1,0,data,ok,18,18,15.5,344.7
mpp,15.0,1,ack-1f,w,2,2,0,ctl,ok,0,0,16.4,344.7
mpp,15.0,1,w48-16qam-r2/3,w48,19,1,0,data,ok,18,18,14.6,344.7
mpp,15.0,1,ack-1f,w,2,2,0,ctl,ok,0,0,15.9,344.7
mpp,15.0,1,w48-16qam-r2/3,w48,19,1,0,data,ok,18,18,15.2,344.7
mpp,15.0,1,ack-1f,w,2,2,0,ctl,ok,0,0,19.7,344.7
mpp,15.0,1,w48-16qam-r2/3,w48,19,1,0,data,ok,18,18,15.8,344.7
mpp,15.0,1,ack-1f,w,2,2,0,ctl,ok,0,0,16.0,344.7
mpp,15.0,1,w48-16qam-r2/3,w48,19,1,0,data,ok,18,9,14.6,344.7
mpp,15.0,1,ack-1f,w,3,3,0,ctl,ok,0,0,16.9,344.7
mpp,15.0,1,w48-16qam-r2/3,w48,19,1,0,data,ok,9,9,15.9,344.7
mpp,15.0,1,ack-1f,w,2,2,0,ctl,ok,0,0,20.0,344.7
mpp,15.0,1,w48-16qam-r2/3,w48,19,1,0,data,ok,18,17,14.9,344.7
mpp,15.0,1,ack-1f,w,3,3,0,ctl,ok,0,0,18.6,344.7
mpp,15.0,1,w48-16qam-r2/3,w48,19,1,0,data,ok,17,5,14.1,344.7
mpp,15.0,1,ack-1f,w,3,3,0,ctl,ok,0,0,20.1,344.7
mpp,15.0,1,w48-16qam-r2/3,w48,19,1,0,data,ok,6,6,16.1,344.7
mpp,15.0,1,ack-1f,w,2,2,0,ctl,ok,0,0,15.0,344.7
mpp,15.0,1,w48-16qam-r2/3,w48,19,1,0,data,ok,18,18,16.0,344.7
mpp,15.0,1,ack-1f,w,2,2,0,ctl,ok,0,0,16.0,344.7
mpp,15.0,1,w48-16qam-r2/3,w48,19,1,0,data,ok,18,18,16.2,344.7
mpp,15.0,1,ack-1f,w,2,2,0,ctl,ok,0,0,18.7,344.7
mpp,15.0,1,w48-16qam-r2/3,w48,19,1,0,data,ok,18,18,16.1,344.7
mpp,15.0,1,ack-1f,w,2,2,0,ctl,ok,0,0,17.1,344.7
mpp,15.0,1,w48-16qam-r2/3,w48,19,1,0,data,ok,18,18,15.6,344.7
mpp,15.0,1,ack-1f,w,2,2,0,ctl,ok,0,0,13.7,344.7
mpp,15.0,1,w48-16qam-r2/3,w48,19,1,0,data,ctl_lost,18,2,14.1,344.7
mpp,15.0,1,ack-4f,w,3,3,0,ctl,ok,0,0,17.3,344.7
mpp,15.0,1,ack-4f,w,3,3,0,ctl,ok,0,0,15.8,344.7
mpp,15.0,1,w48-16qam-r2/3,w48,19,2,1,data,ok,17,16,14.9,344.7
mpp,15.0,1,ack-1f,w,4,4,0,ctl,ok,0,0,18.5,344.7
mpp,15.0,1,w48-16qam-r2/3,w48,19,2,1,data,ok,16,16,16.1,344.7
mpp,15.0,1,ack-1f,w,2,2,0,ctl,ok,0,0,15.6,344.7
mpp,15.0,1,w48-16qam-r2/3,w48,19,1,0,data,ok,18,18,17.3,344.7
mpp,15.0,1,ack-1f,w,2,2,0,ctl,ok,0,0,19.9,344.7
mpp,15.0,1,w48-16qam-r2/3,w48,19,1,0,data,ok,18,18,15.9,344.7
mpp,15.0,1,ack-1f,w,2,2,0,ctl,ok,0,0,20.5,344.7
mpp,15.0,1,w48-16qam-r2/3,w48,19,1,0,data,ok,18,18,16.4,344.7
mpp,15.0,1,ack-1f,w,2,2,0,ctl,ok,0,0,12.5,344.7
mpp,15.0,1,w48-16qam-r2/3,w48,19,1,0,data,ok,18,18,16.2,344.7
mpp,15.0,1,ack-1f,w,2,2,0,ctl,ok,0,0,19.8,344.7
mpp,15.0,1,w48-16qam-r2/3,w48,19,1,0,data,ctl_lost,18,14,14.6,344.7
mpp,15.0,1,ack-4f,w,3,3,0,ctl,ok,0,0,18.4,344.7
mpp,15.0,1,ack-4f,w,3,3,0,ctl,ok,0,0,14.2,344.7
mpp,15.0,1,w48-16qam-r2/3,w48,19,2,1,data,ok,17,17,15.3,344.7
mpp,15.0,1,ack-1f,w,3,3,0,ctl,ok,0,0,18.9,344.7
mpp,15.0,1,w48-16qam-r2/3,w48,19,2,1,data,ok,17,17,15.9,344.7
mpp,15.0,1,ack-1f,w,3,3,0,ctl,ok,0,0,14.0,344.7
mpp,15.0,1,w48-16qam-r2/3,w48,19,2,1,data,ok,17,17,16.3,344.7
mpp,15.0,1,ack-1f,w,2,2,0,ctl,ok,0,0,16.2,344.7
mpp,15.0,1,w48-16qam-r2/3,w48,19,1,0,data,ctl_lost,18,0,14.1,344.7
mpp,15.0,1,ack-4f,w,3,3,0,ctl,ok,0,0,16.7,344.7
mpp,15.0,1,ack-4f,w,2,2,0,ctl,ok,0,0,15.5,344.7
mpp,15.0,1,w48-16qam-r1/2,w48,19,1,0,data,ok,18,18,15.9,344.7
mpp,15.0,1,ack-1f,w,3,3,0,ctl,ok,0,0,15.3,344.7
mpp,15.0,1,w48-16qam-r2/3,w48,19,2,1,data,ok,17,17,16.2,344.7
mpp,15.0,1,ack-1f,w,3,3,0,ctl,ok,0,0,15.2,344.7
mpp,15.0,1,w48-16qam-r2/3,w48,19,2,1,data,ok,17,17,14.9,344.7
mpp,15.0,1,ack-1f,w,3,3,0,ctl,ok,0,0,18.1,344.7
mpp,15.0,1,w48-16qam-r2/3,w48,19,2,1,data,ok,17,17,16.2,344.7
mpp,15.0,1,ack-1f,w,3,3,0,ctl,ok,0,0,17.3,344.7
mpp,15.0,1,w48-16qam-r2/3,w48,19,2,1,data,ok,17,17,15.6,344.7
mpp,15.0,1,ack-1f,w,3,3,0,ctl,ok,0,0,16.7,344.7
mpp,15.0,1,w48-16qam-r2/3,w48,19,2,1,data,ok,17,17,17.0,344.7
mpp,15.0,1,ack-1f,w,2,2,0,ctl,ok,0,0,19.9,344.7
mpp,15.0,1,w48-16qam-r2/3,w48,19,1,0,data,ok,18,18,14.8,344.7
mpp,15.0,1,ack-1f,w,2,2,0,ctl,ok,0,0,15.0,344.7
mpp,15.0,1,w48-16qam-r2/3,w48,19,1,0,data,ok,18,18,16.2,344.7
mpp,15.0,1,ack-1f,w,2,2,0,ctl,ok,0,0,19.1,344.7
mpp,15.0,1,w48-16qam-r2/3,w48,19,1,0,data,ok,18,18,15.0,344.7
mpp,15.0,1,ack-1f,w,2,2,0,ctl,ok,0,0,17.7,344.7
mpp,15.0,1,w48-16qam-r2/3,w48,19,1,0,data,ok,18,18,16.0,344.7
mpp,15.0,1,ack-1f,w,2,2,0,ctl,ok,0,0,20.2,344.7
mpp,15.0,1,w48-16qam-r2/3,w48,19,1,0,data,ok,18,18,14.8,344.7
mpp,15.0,1,ack-1f,w,2,2,0,ctl,ok,0,0,16.3,344.7
mpp,15.0,1,w48-16qam-r2/3,w48,19,1,0,data,ctl_lost,18,1,14.8,344.7
mpp,15.0,1,ack-4f,w,3,3,0,ctl,ok,0,0,15.6,344.7
mpg,15.0,6,qpsk-r1/5,w,1,1,0,ctl,ok,0,0,16.9,324.3
mpg,15.0,6,qpsk-r1/5,w,1,1,0,ctl,ok,0,0,18.3,324.3
mpg,15.0,6,ack-4f,w,3,3,0,ctl,ok,0,0,10.8,324.3
mpg,15.0,6,ack-1f,w,3,3,0,ctl,ok,0,0,15.7,324.3
mpg,15.0,6,w48-16qam-r1/2,w48,19,2,1,data,ok,17,17,15.6,324.3
mpg,15.0,6,ack-1f,w,3,3,0,ctl,ok,0,0,18.0,324.3
mpg,15.0,6,w48-16qam-r1/2,w48,19,2,1,data,ok,17,17,14.4,324.3
mpg,15.0,6,ack-1f,w,3,3,0,ctl,ok,0,0,20.0,324.3
mpg,15.0,6,w48-16qam-r2/3,w48,19,2,1,data,ok,17,17,17.4,324.3
mpg,15.0,6,ack-1f,w,3,3,0,ctl,ok,0,0,13.4,324.3
mpg,15.0,6,w48-16qam-r2/3,w48,19,2,1,data,ok,17,0,13.4,324.3
mpg,15.0,6,ack-1f,w,3,3,0,ctl,ok,0,0,15.0,324.3
mpg,15.0,6,w48-16qam-r1/2,w48,19,2,1,data,ok,17,17,15.8,324.3
mpg,15.0,6,ack-1f,w,3,3,0,ctl,ok,0,0,17.4,324.3
mpg,15.0,6,w48-16qam-r1/2,w48,19,2,1,data,ok,17,17,14.9,324.3
mpg,15.0,6,ack-1f,w,2,2,0,ctl,ok,0,0,15.1,324.3
mpg,15.0,6,w48-16qam-r1/2,w48,19,1,0,data,ok,18,18,14.5,324.3
mpg,15.0,6,ack-1f,w,3,3,0,ctl,ok,0,0,14.8,324.3
mpg,15.0,6,w48-16qam-r2/3,w48,19,2,1,data,ok,17,17,14.5,324.3
mpg,15.0,6,ack-1f,w,3,3,0,ctl,ok,0,0,19.3,324.3
mpg,15.0,6,w48-16qam-r2/3,w48,19,2,1,data,ok,17,3,14.3,324.3
mpg,15.0,6,ack-1f,w,3,3,0,ctl,ok,0,0,17.1,324.3
mpg,15.0,6,w48-16qam-r1/2,w48,19,1,0,data,ok,18,18,16.5,324.3
mpg,15.0,6,ack-1f,w,2,2,0,ctl,ok,0,0,16.3,324.3
mpg,15.0,6,w48-16qam-r1/2,w48,19,1,0,data,ok,18,18,16.6,324.3
mpg,15.0,6,ack-1f,w,3,3,0,ctl,ok,0,0,21.1,324.3
mpg,15.0,6,w48-16qam-r2/3,w48,19,2,1,data,ok,17,17,17.7,324.3
mpg,15.0,6,ack-1f,w,2,2,0,ctl,ok,0,0,20.9,324.3
mpg,15.0,6,w48-16qam-r2/3,w48,19,1,0,data,ok,18,18,20.3,324.3
mpg,15.0,6,ack-1f,w,3,3,0,ctl,ok,0,0,18.6,324.3
mpg,15.0,6,w48-64l-r7/12,w48,39,2,1,data,ok,37,0,12.1,324.3
mpg,15.0,6,ack-1f,w,2,2,0,ctl,ok,0,0,19.8,324.3
mpg,15.0,6,w48-16qam-r1/2,w48,19,1,0,data,ok,18,18,15.1,324.3
mpg,15.0,6,ack-1f,w,2,2,0,ctl,ok,0,0,18.7,324.3
mpg,15.0,6,w48-16qam-r2/3,w48,19,1,0,data,ok,18,18,17.4,324.3
mpg,15.0,6,ack-1f,w,2,2,0,ctl,ok,0,0,21.3,324.3
mpg,15.0,6,w48-16qam-r2/3,w48,19,1,0,data,ok,18,18,16.8,324.3
mpg,15.0,6,ack-1f,w,2,2,0,ctl,ok,0,0,19.3,324.3
mpg,15.0,6,w48-16qam-r2/3,w48,19,1,0,data,ok,18,18,16.6,324.3
mpg,15.0,6,ack-1f,w,2,2,0,ctl,ok,0,0,18.3,324.3
mpg,15.0,6,w48-16qam-r2/3,w48,19,1,0,data,ok,18,17,14.8,324.3
mpg,15.0,6,ack-1f,w,3,3,0,ctl,ok,0,0,16.7,324.3
mpg,15.0,6,w48-16qam-r2/3,w48,19,1,0,data,ok,17,17,16.5,324.3
mpg,15.0,6,ack-1f,w,3,3,0,ctl,ok,0,0,19.2,324.3
mpg,15.0,6,w48-16qam-r2/3,w48,19,2,1,data,ok,17,17,17.8,324.3
mpg,15.0,6,ack-1f,w,3,3,0,ctl,ok,0,0,19.0,324.3
mpg,15.0,6,w48-64l-r1/2,w48,39,2,1,data,ok,37,29,13.8,324.3
mpg,15.0,6,ack-1f,w,4,4,0,ctl,ok,0,0,15.3,324.3
mpg,15.0,6,w48-64l-r1/2,w48,37,2,1,data,ok,27,27,16.4,324.3
mpg,15.0,6,ack-1f,w,3,3,0,ctl,ok,0,0,19.6,324.3
mpg,15.0,6,w48-64l-r1/2,w48,39,2,1,data,ok,37,0,11.3,324.3
mpg,15.0,6,ack-1f,w,3,3,0,ctl,ok,0,0,19.0,324.3
mpg,15.0,6,w48-16qam-r2/3,w48,19,2,1,data,ok,17,17,15.5,324.3
mpg,15.0,6,ack-1f,w,3,3,0,ctl,ok,0,0,16.1,324.3
mpg,15.0,6,w48-16qam-r2/3,w48,19,2,1,data,ok,17,14,16.2,324.3
mpg,15.0,6,ack-1f,w,3,3,0,ctl,ok,0,0,20.7,324.3
mpg,15.0,6,w48-16qam-r2/3,w48,19,1,0,data,ok,15,15,16.8,324.3
mpg,15.0,6,ack-1f,w,2,2,0,ctl,ok,0,0,9.7,324.3
mpg,15.0,6,w48-16qam-r2/3,w48,19,1,0,data,ok,18,18,14.9,324.3
mpg,15.0,6,ack-1f,w,2,2,0,ctl,ok,0,0,16.9,324.3
mpg,15.0,6,w48-16qam-r2/3,w48,19,1,0,data,ok,18,18,19.2,324.3
mpg,15.0,6,ack-1f,w,2,2,0,ctl,ok,0,0,16.3,324.3
mpg,15.0,6,w48-64l-r1/2,w48,39,1,0,data,ctl_lost,38,0,12.1,324.3
mpg,15.0,6,ack-4f,w,3,3,0,ctl,ok,0,0,14.3,324.3
mpg,15.0,6,ack-4f,w,3,3,0,ctl,ok,0,0,20.7,324.3
mpg,15.0,6,w48-16qam-r2/3,w48,19,2,1,data,ok,17,0,12.6,324.3
mpg,15.0,6,ack-1f,w,3,3,0,ctl,ok,0,0,19.0,324.3
mpg,15.0,6,w48-16qam-r1/2,w48,19,2,1,data,ok,17,17,14.1,324.3
mpg,15.0,6,ack-1f,w,2,2,0,ctl,ok,0,0,12.0,324.3
mpg,15.0,6,w48-16qam-r1/2,w48,19,1,0,data,ok,18,18,14.1,324.3
mpg,15.0,6,ack-1f,w,2,2,0,ctl,ok,0,0,19.1,324.3
mpg,15.0,6,w48-16qam-r1/2,w48,19,1,0,data,ok,18,18,18.0,324.3
mpg,15.0,6,ack-1f,w,2,2,0,ctl,ok,0,0,17.9,324.3
mpg,15.0,6,w48-16qam-r2/3,w48,19,1,0,data,ok,18,17,15.6,324.3
mpg,15.0,6,ack-1f,w,3,3,0,ctl,ok,0,0,21.7,324.3
mpg,15.0,6,w48-16qam-r2/3,w48,19,1,0,data,ok,17,17,16.1,324.3
mpg,15.0,6,ack-1f,w,2,2,0,ctl,ok,0,0,19.4,324.3
mpg,15.0,6,w48-16qam-r2/3,w48,19,1,0,data,ok,18,18,18.9,324.3
mpg,15.0,6,ack-1f,w,2,2,0,ctl,ok,0,0,20.5,324.3
mpg,15.0,6,w48-16qam-r2/3,w48,19,1,0,data,ok,18,18,16.0,324.3
mpg,15.0,6,ack-1f,w,2,2,0,ctl,ok,0,0,19.1,324.3
mpg,15.0,6,w48-16qam-r2/3,w48,19,1,0,data,ok,18,18,16.4,324.3
mpg,15.0,6,ack-1f,w,2,2,0,ctl,ok,0,0,16.4,324.3
mpg,15.0,6,w48-16qam-r2/3,w48,19,1,0,data,ok,18,18,14.3,324.3
mpg,15.0,6,ack-1f,w,2,2,0,ctl,ok,0,0,17.1,324.3
mpg,15.0,6,w48-16qam-r2/3,w48,19,1,0,data,ok,18,18,17.0,324.3
mpg,15.0,6,ack-1f,w,2,2,0,ctl,ok,0,0,17.9,324.3
mpg,15.0,6,w48-16qam-r2/3,w48,19,1,0,data,ok,18,18,15.8,324.3
mpg,15.0,6,ack-1f,w,2,2,0,ctl,ok,0,0,17.4,324.3
mpg,15.0,6,w48-16qam-r2/3,w48,19,1,0,data,ok,18,18,17.9,324.3
mpg,15.0,6,ack-1f,w,2,2,0,ctl,ok,0,0,18.6,324.3
mpg,15.0,6,w48-16qam-r2/3,w48,19,1,0,data,ok,18,18,16.1,324.3
mpg,15.0,6,ack-1f,w,2,2,0,ctl,ok,0,0,14.2,324.3
mpg,15.0,6,w48-16qam-r2/3,w48,19,1,0,data,ok,18,18,15.2,324.3
mpg,15.0,3,qpsk-r1/5,w,1,1,0,ctl,ok,0,0,19.1,314.1
mpg,15.0,3,qpsk-r1/5,w,1,1,0,ctl,ok,0,0,18.4,314.1
mpg,15.0,3,ack-4f,w,3,3,0,ctl,ok,0,0,13.0,314.1
mpg,15.0,3,ack-1f,w,3,3,0,ctl,ok,0,0,15.5,314.1
mpg,15.0,3,w48-16qam-r1/2,w48,19,2,1,data,ok,17,17,13.9,314.1
mpg,15.0,3,ack-1f,w,3,3,0,ctl,ok,0,0,18.4,314.1
mpg,15.0,3,w48-16qam-r1/2,w48,19,2,1,data,ok,17,17,17.2,314.1
mpg,15.0,3,ack-1f,w,3,3,0,ctl,ok,0,0,21.2,314.1
mpg,15.0,3,w48-16qam-r2/3,w48,19,2,1,data,ok,17,17,15.8,314.1
mpg,15.0,3,ack-1f,w,2,2,0,ctl,ok,0,0,15.4,314.1
mpg,15.0,3,w48-16qam-r2/3,w48,19,1,0,data,ok,18,18,16.8,314.1
mpg,15.0,3,ack-1f,w,3,3,0,ctl,ok,0,0,18.2,314.1
mpg,15.0,3,w48-16qam-r2/3,w48,19,2,1,data,ok,17,17,16.9,314.1
mpg,15.0,3,ack-1f,w,2,2,0,ctl,ok,0,0,17.9,314.1
mpg,15.0,3,w48-16qam-r2/3,w48,19,1,0,data,ok,18,18,16.0,314.1
mpg,15.0,3,ack-1f,w,3,3,0,ctl,ok,0,0,15.0,314.1
mpg,15.0,3,w48-16qam-r2/3,w48,19,2,1,data,ok,17,17,17.0,314.1
mpg,15.0,3,ack-1f,w,3,3,0,ctl,ok,0,0,15.4,314.1
mpg,15.0,3,w48-16qam-r2/3,w48,19,2,1,data,ok,17,17,15.0,314.1
mpg,15.0,3,ack-1f,w,3,3,0,ctl,ok,0,0,17.7,314.1
mpg,15.0,3,w48-16qam-r2/3,w48,19,2,1,data,ok,17,17,16.5,314.1
mpg,15.0,3,ack-1f,w,3,3,0,ctl,ok,0,0,17.3,314.1
mpg,15.0,3,w48-16qam-r2/3,w48,19,2,1,data,ok,17,8,15.2,314.1
mpg,15.0,3,ack-1f,w,4,4,0,ctl,ok,0,0,18.8,314.1
mpg,15.0,3,w48-16qam-r2/3,w48,19,2,1,data,ok,8,0,11.9,314.1
mpg,15.0,3,ack-1f,w,3,3,0,ctl,ok,0,0,16.7,314.1
mpg,15.0,3,w48-16qam-r1/2,w48,19,2,1,data,ok,17,17,13.9,314.1
mpg,15.0,3,ack-1f,w,3,3,0,ctl,ok,0,0,9.9,314.1
mpg,15.0,3,w48-16qam-r1/2,w48,19,2,1,data,ok,17,17,12.5,314.1
mpg,15.0,3,ack-1f,w,3,3,0,ctl,ok,0,0,20.8,314.1
mpg,15.0,3,w48-16qam-r1/2,w48,19,2,1,data,ok,17,17,17.9,314.1
mpg,15.0,3,ack-1f,w,2,2,0,ctl,ok,0,0,19.4,314.1
mpg,15.0,3,w48-16qam-r2/3,w48,19,1,0,data,ok,18,18,15.8,314.1
mpg,15.0,3,ack-1f,w,2,2,0,ctl,ok,0,0,17.7,314.1
mpg,15.0,3,w48-16qam-r2/3,w48,19,1,0,data,ok,18,18,18.4,314.1
mpg,15.0,3,ack-1f,w,2,2,0,ctl,ok,0,0,12.0,314.1
mpg,15.0,3,w48-16qam-r2/3,w48,19,1,0,data,ok,18,18,17.2,314.1
mpg,15.0,3,ack-1f,w,2,2,0,ctl,ok,0,0,19.7,314.1
mpg,15.0,3,w48-16qam-r2/3,w48,19,1,0,data,ok,18,18,17.6,314.1
mpg,15.0,3,ack-1f,w,2,2,0,ctl,ok,0,0,18.5,314.1
mpg,15.0,3,w48-16qam-r2/3,w48,19,1,0,data,ok,18,18,18.2,314.1
mpg,15.0,3,ack-1f,w,3,3,0,ctl,ok,0,0,17.2,314.1
mpg,15.0,3,w48-64l-r7/12,w48,39,2,1,data,ok,37,37,16.5,314.1
mpg,15.0,3,ack-1f,w,3,3,0,ctl,ok,0,0,18.3,314.1
mpg,15.0,3,w48-64l-r7/12,w48,39,2,1,data,ok,37,37,15.0,314.1
mpg,15.0,3,ack-1f,w,3,3,0,ctl,ok,0,0,19.5,314.1
mpg,15.0,3,w48-64l-r7/12,w48,39,2,1,data,ok,37,0,10.9,314.1
mpg,15.0,3,ack-1f,w,3,3,0,ctl,ok,0,0,19.2,314.1
mpg,15.0,3,w48-16qam-r2/3,w48,19,2,1,data,ok,17,17,17.2,314.1
mpg,15.0,3,ack-1f,w,3,3,0,ctl,ok,0,0,16.0,314.1
mpg,15.0,3,w48-16qam-r2/3,w48,19,2,1,data,ok,17,17,15.1,314.1
mpg,15.0,3,ack-1f,w,2,2,0,ctl,ok,0,0,15.3,314.1
mpg,15.0,3,w48-16qam-r2/3,w48,19,1,0,data,ctl_lost,18,3,12.7,314.1
mpg,15.0,3,ack-4f,w,2,2,0,ctl,ok,0,0,17.9,314.1
mpg,15.0,3,ack-4f,w,3,3,0,ctl,ok,0,0,16.3,314.1
mpg,15.0,3,w48-16qam-r2/3,w48,19,2,1,data,ok,17,17,15.2,314.1
mpg,15.0,3,ack-1f,w,3,3,0,ctl,ok,0,0,15.2,314.1
mpg,15.0,3,w48-16qam-r2/3,w48,19,2,1,data,ok,17,0,13.1,314.1
mpg,15.0,3,ack-1f,w,3,3,0,ctl,ok,0,0,16.0,314.1
mpg,15.0,3,w48-16qam-r1/2,w48,19,2,1,data,ok,17,17,14.3,314.1
mpg,15.0,3,ack-1f,w,2,2,0,ctl,ok,0,0,13.1,314.1
mpg,15.0,3,w48-16qam-r1/2,w48,19,1,0,data,ok,18,18,15.1,314.1
mpg,15.0,3,ack-1f,w,2,2,0,ctl,ok,0,0,20.2,314.1
mpg,15.0,3,w48-16qam-r1/2,w48,19,1,0,data,ok,18,18,16.2,314.1
mpg,15.0,3,ack-1f,w,2,2,0,ctl,ok,0,0,20.5,314.1
mpg,15.0,3,w48-16qam-r2/3,w48,19,1,0,data,ok,18,18,15.6,314.1
mpg,15.0,3,ack-1f,w,2,2,0,ctl,ok,0,0,16.2,314.1
mpg,15.0,3,w48-16qam-r2/3,w48,19,1,0,data,ok,18,18,16.8,314.1
mpg,15.0,3,ack-1f,w,2,2,0,ctl,ok,0,0,13.0,314.1
mpg,15.0,3,w48-16qam-r2/3,w48,19,1,0,data,ok,18,9,13.9,314.1
mpg,15.0,3,ack-1f,w,4,4,0,ctl,ok,0,0,17.3,314.1
mpg,15.0,3,w48-16qam-r2/3,w48,19,2,1,data,ok,8,0,14.4,314.1
mpg,15.0,3,ack-1f,w,2,2,0,ctl,ok,0,0,14.8,314.1
mpg,15.0,3,w48-16qam-r1/2,w48,19,1,0,data,ok,18,18,15.1,314.1
mpg,15.0,3,ack-1f,w,2,2,0,ctl,ok,0,0,8.3,314.1
mpg,15.0,3,w48-16qam-r1/2,w48,19,1,0,data,ok,18,18,18.6,314.1
mpg,15.0,3,ack-1f,w,3,3,0,ctl,ok,0,0,22.9,314.1
mpg,15.0,3,w48-64l-r7/12,w48,39,2,1,data,ok,37,37,15.8,314.1
mpg,15.0,3,ack-1f,w,3,3,0,ctl,ok,0,0,19.4,314.1
mpg,15.0,3,w48-64l-r7/12,w48,39,2,1,data,ok,37,37,14.4,314.1
mpg,15.0,3,ack-1f,w,3,3,0,ctl,ok,0,0,17.8,314.1
mpg,15.0,3,w48-64l-r7/12,w48,39,2,1,data,ok,37,0,8.2,314.1
mpg,15.0,3,ack-1f,w,3,3,0,ctl,ok,0,0,15.2,314.1
mpg,15.0,3,w48-16qam-r1/2,w48,19,2,1,data,ok,17,17,18.3,314.1
mpg,15.0,3,ack-1f,w,3,3,0,ctl,ok,0,0,17.8,314.1
mpg,15.0,3,w48-64l-r7/12,w48,39,2,1,data,ok,37,0,11.2,314.1
mpg,15.0,3,ack-1f,w,2,2,0,ctl,ok,0,0,17.7,314.1
mpg,15.0,3,w48-16qam-r1/2,w48,19,1,0,data,ok,18,18,14.2,314.1
mpg,15.0,3,ack-1f,w,2,2,0,ctl,ok,0,0,17.1,314.1
mpg,15.0,3,w48-16qam-r1/2,w48,19,1,0,data,ok,18,18,16.5,314.1
mpg,15.0,3,ack-1f,w,2,2,0,ctl,ok,0,0,17.3,314.1
mpg,15.0,3,w48-16qam-r1/2,w48,19,1,0,data,ctl_lost,18,0,10.6,314.1
mpp,15.0,3,qpsk-r1/5,w,1,1,0,ctl,ok,0,0,17.2,391.4
mpp,15.0,3,qpsk-r1/5,w,1,1,0,ctl,ok,0,0,15.7,391.4
mpp,15.0,3,ack-4f,w,3,3,0,ctl,ok,0,0,18.1,391.4
mpp,15.0,3,ack-1f,w,3,3,0,ctl,ok,0,0,19.0,391.4
mpp,15.0,3,w48-16qam-r2/3,w48,19,2,1,data,ok,17,15,14.6,391.4
mpp,15.0,3,ack-1f,w,4,4,0,ctl,ok,0,0,21.1,391.4
mpp,15.0,3,w48-16qam-r2/3,w48,19,2,1,data,ok,15,15,15.5,391.4
mpp,15.0,3,ack-1f,w,3,3,0,ctl,ok,0,0,17.6,391.4
mpp,15.0,3,w48-16qam-r2/3,w48,19,2,1,data,ok,17,1,14.8,391.4
mpp,15.0,3,ack-1f,w,3,3,0,ctl,ok,0,0,19.0,391.4
mpp,15.0,3,w48-16qam-r2/3,w48,19,2,1,data,ok,1,1,15.8,391.4
mpp,15.0,3,ack-1f,w,2,2,0,ctl,ok,0,0,17.8,391.4
mpp,15.0,3,w48-16qam-r1/2,w48,19,1,0,data,ok,18,18,17.0,391.4
mpp,15.0,3,ack-1f,w,2,2,0,ctl,ok,0,0,17.0,391.4
mpp,15.0,3,w48-16qam-r2/3,w48,19,1,0,data,ok,18,18,17.6,391.4
mpp,15.0,3,ack-1f,w,2,2,0,ctl,ok,0,0,18.3,391.4
mpp,15.0,3,w48-16qam-r2/3,w48,19,1,0,data,ok,18,18,16.1,391.4
mpp,15.0,3,ack-1f,w,2,2,0,ctl,ok,0,0,20.2,391.4
mpp,15.0,3,w48-16qam-r2/3,w48,19,1,0,data,ok,18,6,15.6,391.4
mpp,15.0,3,ack-1f,w,3,3,0,ctl,ok,0,0,18.6,391.4
mpp,15.0,3,w48-16qam-r2/3,w48,19,1,0,data,ok,6,6,15.6,391.4
mpp,15.0,3,ack-1f,w,2,2,0,ctl,ok,0,0,10.1,391.4
mpp,15.0,3,w48-16qam-r2/3,w48,19,1,0,data,ok,18,18,17.1,391.4
mpp,15.0,3,ack-1f,w,2,2,0,ctl,ok,0,0,14.9,391.4
mpp,15.0,3,w48-16qam-r2/3,w48,19,1,0,data,ok,18,18,16.0,391.4
mpp,15.0,3,ack-1f,w,2,2,0,ctl,ok,0,0,15.3,391.4
mpp,15.0,3,w48-16qam-r2/3,w48,19,1,0,data,ok,18,18,16.8,391.4
mpp,15.0,3,ack-1f,w,2,2,0,ctl,ok,0,0,16.0,391.4
mpp,15.0,3,w48-16qam-r2/3,w48,19,1,0,data,ok,18,18,16.1,391.4
mpp,15.0,3,ack-1f,w,2,2,0,ctl,ok,0,0,11.0,391.4
mpp,15.0,3,w48-16qam-r2/3,w48,19,1,0,data,ok,18,18,15.9,391.4
mpp,15.0,3,ack-1f,w,2,2,0,ctl,ok,0,0,18.1,391.4
mpp,15.0,3,w48-16qam-r2/3,w48,19,1,0,data,ok,18,18,16.5,391.4
mpp,15.0,3,ack-1f,w,2,2,0,ctl,ok,0,0,14.4,391.4
mpp,15.0,3,w48-16qam-r2/3,w48,19,1,0,data,ok,18,18,16.7,391.4
mpp,15.0,3,ack-1f,w,2,2,0,ctl,ok,0,0,13.4,391.4
mpp,15.0,3,w48-16qam-r2/3,w48,19,1,0,data,ok,18,18,16.2,391.4
mpp,15.0,3,ack-1f,w,2,2,0,ctl,ok,0,0,14.4,391.4
mpp,15.0,3,w48-16qam-r2/3,w48,19,1,0,data,ok,18,15,14.5,391.4
mpp,15.0,3,ack-1f,w,3,3,0,ctl,ok,0,0,16.5,391.4
mpp,15.0,3,w48-16qam-r2/3,w48,19,1,0,data,ok,15,15,15.6,391.4
mpp,15.0,3,ack-1f,w,2,2,0,ctl,ok,0,0,19.6,391.4
mpp,15.0,3,w48-16qam-r2/3,w48,19,1,0,data,ok,18,18,15.4,391.4
mpp,15.0,3,ack-1f,w,2,2,0,ctl,ok,0,0,17.3,391.4
mpp,15.0,3,w48-16qam-r2/3,w48,19,1,0,data,ok,18,18,15.5,391.4
mpp,15.0,3,ack-1f,w,2,2,0,ctl,ok,0,0,17.8,391.4
mpp,15.0,3,w48-16qam-r2/3,w48,19,1,0,data,ok,18,18,15.0,391.4
mpp,15.0,3,ack-1f,w,2,2,0,ctl,ok,0,0,18.8,391.4
mpp,15.0,3,w48-16qam-r2/3,w48,19,1,0,data,ok,18,17,16.0,391.4
mpp,15.0,3,ack-1f,w,3,3,0,ctl,ok,0,0,20.4,391.4
mpp,15.0,3,w48-16qam-r2/3,w48,19,1,0,data,ok,17,14,15.1,391.4
mpp,15.0,3,ack-1f,w,3,3,0,ctl,ok,0,0,17.1,391.4
mpp,15.0,3,w48-16qam-r2/3,w48,19,1,0,data,ok,15,15,15.8,391.4
mpp,15.0,3,ack-1f,w,2,2,0,ctl,ok,0,0,19.3,391.4
mpp,15.0,3,w48-16qam-r2/3,w48,19,1,0,data,ok,18,18,15.3,391.4
mpp,15.0,3,ack-1f,w,2,2,0,ctl,ok,0,0,17.2,391.4
mpp,15.0,3,w48-16qam-r2/3,w48,19,1,0,data,ok,18,18,15.6,391.4
mpp,15.0,3,ack-1f,w,2,2,0,ctl,ok,0,0,18.1,391.4
mpp,15.0,3,w48-16qam-r2/3,w48,19,1,0,data,ok,18,18,15.7,391.4
mpp,15.0,3,ack-1f,w,2,2,0,ctl,ok,0,0,17.9,391.4
mpp,15.0,3,w48-16qam-r2/3,w48,19,1,0,data,ok,18,18,15.4,391.4
mpp,15.0,3,ack-1f,w,2,2,0,ctl,ok,0,0,19.7,391.4
mpp,15.0,3,w48-16qam-r2/3,w48,19,1,0,data,ok,18,18,15.4,391.4
mpp,15.0,3,ack-1f,w,2,2,0,ctl,ok,0,0,18.5,391.4
mpp,15.0,3,w48-16qam-r2/3,w48,19,1,0,data,ok,18,18,16.5,391.4
mpp,15.0,3,ack-1f,w,2,2,0,ctl,ok,0,0,14.6,391.4
mpp,15.0,3,w48-16qam-r2/3,w48,19,1,0,data,ok,18,18,16.8,391.4
mpp,15.0,3,ack-1f,w,2,2,0,ctl,ok,0,0,19.3,391.4
mpp,15.0,3,w48-16qam-r2/3,w48,19,1,0,data,ok,18,18,16.0,391.4
mpp,15.0,3,ack-1f,w,2,2,0,ctl,ok,0,0,15.8,391.4
mpp,15.0,3,w48-16qam-r2/3,w48,19,1,0,data,ok,18,18,15.6,391.4
mpp,15.0,3,ack-1f,w,2,2,0,ctl,ok,0,0,19.3,391.4
mpp,15.0,3,w48-16qam-r2/3,w48,19,1,0,data,ok,18,18,15.8,391.4
mpp,15.0,3,ack-1f,w,2,2,0,ctl,ok,0,0,13.0,391.4
mpp,15.0,3,w48-16qam-r2/3,w48,19,1,0,data,ok,18,18,16.0,391.4
mpp,15.0,3,ack-1f,w,2,2,0,ctl,ok,0,0,19.0,391.4
mpp,15.0,3,w48-16qam-r2/3,w48,19,1,0,data,ok,18,18,16.2,391.4
mpp,15.0,3,ack-1f,w,2,2,0,ctl,ok,0,0,18.0,391.4
mpp,15.0,3,w48-16qam-r2/3,w48,19,1,0,data,ok,18,18,15.7,391.4
mpp,15.0,3,ack-1f,w,2,2,0,ctl,ok,0,0,16.4,391.4
mpp,15.0,3,w48-16qam-r2/3,w48,19,1,0,data,ok,18,18,16.1,391.4
mpp,15.0,3,ack-1f,w,2,2,0,ctl,ok,0,0,20.0,391.4
mpp,15.0,3,w48-16qam-r2/3,w48,19,1,0,data,ok,18,18,16.7,391.4
mpp,15.0,3,ack-1f,w,2,2,0,ctl,ok,0,0,18.6,391.4
mpp,15.0,3,w48-16qam-r2/3,w48,19,1,0,data,ok,18,18,16.3,391.4
mpp,15.0,3,ack-1f,w,2,2,0,ctl,ok,0,0,15.3,391.4
mpp,15.0,3,w48-16qam-r2/3,w48,19,1,0,data,ok,18,18,16.6,391.4
mpp,15.0,3,ack-1f,w,2,2,0,ctl,ok,0,0,16.2,391.4
mpp,15.0,3,w48-16qam-r2/3,w48,19,1,0,data,ok,18,18,15.1,391.4
mpp,15.0,3,ack-1f,w,2,2,0,ctl,ok,0,0,16.5,391.4
mpp,15.0,3,w48-16qam-r2/3,w48,19,1,0,data,ok,18,18,15.4,391.4
mpp,15.0,3,ack-1f,w,2,2,0,ctl,ok,0,0,18.7,391.4
mpp,15.0,3,w48-16qam-r2/3,w48,19,1,0,data,ok,18,18,15.7,391.4
mpg,15.0,5,qpsk-r1/5,w,1,1,0,ctl,ok,0,0,18.7,267.8
mpg,15.0,5,qpsk-r1/5,w,1,1,0,ctl,ok,0,0,20.1,267.8
mpg,15.0,5,ack-4f,w,2,2,0,ctl,ok,0,0,18.6,267.8
mpg,15.0,5,ack-1f,w,3,3,0,ctl,ok,0,0,12.9,267.8
mpg,15.0,5,w48-64l-r7/12,w48,39,2,1,data,ok,37,0,13.7,267.8
mpg,15.0,5,ack-1f,w,3,3,0,ctl,ok,0,0,19.2,267.8
mpg,15.0,5,w48-16qam-r2/3,w48,19,2,1,data,ok,17,17,17.7,267.8
mpg,15.0,5,ack-1f,w,3,3,0,ctl,ok,0,0,18.4,267.8
mpg,15.0,5,w48-16qam-r2/3,w48,19,2,1,data,ok,17,17,15.4,267.8
mpg,15.0,5,ack-1f,w,3,3,0,ctl,ok,0,0,14.8,267.8
mpg,15.0,5,w48-16qam-r2/3,w48,19,2,1,data,ok,17,17,16.5,267.8
mpg,15.0,5,ack-1f,w,3,3,0,ctl,ok,0,0,17.5,267.8
mpg,15.0,5,w48-16qam-r2/3,w48,19,2,1,data,ok,17,17,17.3,267.8
mpg,15.0,5,ack-1f,w,2,2,0,ctl,ok,0,0,16.5,267.8
mpg,15.0,5,w48-16qam-r2/3,w48,19,1,0,data,ok,18,18,17.3,267.8
mpg,15.0,5,ack-1f,w,2,2,0,ctl,ok,0,0,13.8,267.8
mpg,15.0,5,w48-16qam-r2/3,w48,19,1,0,data,ok,18,18,16.1,267.8
mpg,15.0,5,ack-1f,w,2,2,0,ctl,ok,0,0,19.6,267.8
mpg,15.0,5,w48-16qam-r2/3,w48,19,1,0,data,ok,18,18,15.3,267.8
mpg,15.0,5,ack-1f,w,3,3,0,ctl,ok,0,0,16.7,267.8
mpg,15.0,5,w48-16qam-r2/3,w48,19,2,1,data,ok,17,17,16.4,267.8
mpg,15.0,5,ack-1f,w,3,3,0,ctl,ok,0,0,18.1,267.8
mpg,15.0,5,w48-16qam-r2/3,w48,19,2,1,data,ok,17,17,14.2,267.8
mpg,15.0,5,ack-1f,w,2,2,0,ctl,ok,0,0,15.9,267.8
mpg,15.0,5,w48-16qam-r2/3,w48,19,1,0,data,ctl_lost,18,12,13.8,267.8
mpg,15.0,5,ack-4f,w,2,2,0,ctl,ok,0,0,11.3,267.8
mpg,15.0,5,ack-4f,w,3,3,0,ctl,ok,0,0,12.2,267.8
mpg,15.0,5,w48-16qam-r1/2,w48,19,2,1,data,ok,17,17,17.9,267.8
mpg,15.0,5,ack-1f,w,3,3,0,ctl,ok,0,0,15.8,267.8
mpg,15.0,5,w48-16qam-r2/3,w48,19,2,1,data,ok,17,16,14.6,267.8
mpg,15.0,5,ack-1f,w,4,4,0,ctl,ok,0,0,17.6,267.8
mpg,15.0,5,w48-16qam-r2/3,w48,19,2,1,data,ok,16,0,12.6,267.8
mpg,15.0,5,ack-1f,w,2,2,0,ctl,ok,0,0,18.1,267.8
mpg,15.0,5,w48-16qam-r1/3,w48,19,1,0,data,ok,18,18,18.6,267.8
mpg,15.0,5,ack-1f,w,3,3,0,ctl,ok,0,0,19.3,267.8
mpg,15.0,5,w48-16qam-r2/3,w48,19,2,1,data,ok,17,0,12.7,267.8
mpg,15.0,5,ack-1f,w,3,3,0,ctl,ok,0,0,20.1,267.8
mpg,15.0,5,w48-16qam-r1/2,w48,19,2,1,data,ok,17,17,15.3,267.8
mpg,15.0,5,ack-1f,w,3,3,0,ctl,ok,0,0,16.6,267.8
mpg,15.0,5,w48-16qam-r1/2,w48,19,2,1,data,ok,17,17,13.9,267.8
mpg,15.0,5,ack-1f,w,2,2,0,ctl,ok,0,0,15.1,267.8
mpg,15.0,5,w48-16qam-r1/2,w48,19,1,0,data,ok,18,18,16.8,267.8
mpg,15.0,5,ack-1f,w,2,2,0,ctl,ok,0,0,15.3,267.8
mpg,15.0,5,w48-16qam-r1/2,w48,19,1,0,data,ok,18,18,16.3,267.8
mpg,15.0,5,ack-1f,w,2,2,0,ctl,ok,0,0,9.0,267.8
mpg,15.0,5,w48-16qam-r2/3,w48,19,1,0,data,ok,18,18,17.3,267.8
mpg,15.0,5,ack-1f,w,3,3,0,ctl,ok,0,0,20.3,267.8
mpg,15.0,5,w48-64l-r1/2,w48,39,2,1,data,ok,37,37,16.7,267.8
mpg,15.0,5,ack-1f,w,2,2,0,ctl,ok,0,0,15.0,267.8
mpg,15.0,5,w48-64l-r7/12,w48,39,1,0,data,ctl_lost,38,0,10.7,267.8
mpg,15.0,5,ack-4f,w,3,3,0,ctl,ok,0,0,22.1,267.8
mpg,15.0,5,ack-4f,w,3,3,0,ctl,ok,0,0,15.6,267.8
mpg,15.0,5,w48-64l-r1/2,w48,39,2,1,data,ok,37,37,15.4,267.8
mpg,15.0,5,ack-1f,w,3,3,0,ctl,ok,0,0,18.6,267.8
mpg,15.0,5,w48-64l-r1/2,w48,39,2,1,data,ok,37,0,9.9,267.8
mpg,15.0,5,ack-1f,w,3,3,0,ctl,ok,0,0,13.9,267.8
mpg,15.0,5,w48-16qam-r1/2,w48,19,2,1,data,ok,17,17,17.3,267.8
mpg,15.0,5,ack-1f,w,2,2,0,ctl,ok,0,0,19.9,267.8
mpg,15.0,5,w48-16qam-r1/2,w48,19,1,0,data,ok,18,18,15.5,267.8
mpg,15.0,5,ack-1f,w,2,2,0,ctl,ok,0,0,18.4,267.8
mpg,15.0,5,w48-16qam-r2/3,w48,19,1,0,data,ok,18,18,14.3,267.8
mpg,15.0,5,ack-1f,w,2,2,0,ctl,ok,0,0,17.5,267.8
mpg,15.0,5,w48-16qam-r1/2,w48,19,1,0,data,ok,18,18,15.7,267.8
mpg,15.0,5,ack-1f,w,3,3,0,ctl,ok,0,0,17.6,267.8
mpg,15.0,5,w48-16qam-r2/3,w48,19,2,1,data,ok,17,0,13.4,267.8
mpg,15.0,5,ack-1f,w,2,2,0,ctl,ok,0,0,16.9,267.8
mpg,15.0,5,w48-16qam-r1/2,w48,19,1,0,data,ok,18,18,17.3,267.8
mpg,15.0,5,ack-1f,w,2,2,0,ctl,ok,0,0,21.6,267.8
mpg,15.0,5,w48-16qam-r1/2,w48,19,1,0,data,ok,18,18,18.6,267.8
mpg,15.0,5,ack-1f,w,2,2,0,ctl,ok,0,0,18.6,267.8
mpg,15.0,5,w48-64l-r1/2,w48,39,1,0,data,ctl_lost,38,0,11.8,267.8
mpg,15.0,5,ack-4f,w,3,3,0,ctl,ok,0,0,12.6,267.8
mpg,15.0,5,ack-4f,w,3,3,0,ctl,ok,0,0,19.0,267.8
mpg,15.0,5,w48-16qam-r1/2,w48,19,2,1,data,ok,17,17,15.4,267.8
mpg,15.0,5,ack-1f,w,2,2,0,ctl,ok,0,0,21.9,267.8
mpg,15.0,5,w48-16qam-r1/2,w48,19,1,0,data,ok,18,18,17.6,267.8
mpg,15.0,5,ack-1f,w,2,2,0,ctl,ok,0,0,17.4,267.8
mpg,15.0,5,w48-16qam-r2/3,w48,19,1,0,data,ok,18,18,18.6,267.8
mpg,15.0,5,ack-1f,w,2,2,0,ctl,ok,0,0,13.5,267.8
mpg,15.0,5,w48-16qam-r2/3,w48,19,1,0,data,ok,18,18,15.4,267.8
mpg,15.0,5,ack-1f,w,2,2,0,ctl,ok,0,0,15.7,267.8
mpg,15.0,5,w48-16qam-r2/3,w48,19,1,0,data,ok,18,18,18.0,267.8
mpg,15.0,5,ack-1f,w,2,2,0,ctl,ok,0,0,20.1,267.8
mpg,15.0,5,w48-16qam-r2/3,w48,19,1,0,data,ctl_lost,18,1,15.6,267.8
mpg,15.0,5,ack-4f,w,3,3,0,ctl,ok,0,0,14.0,267.8
mpg,15.0,5,ack-4f,w,2,2,0,ctl,ok,0,0,15.7,267.8
mpg,15.0,5,w48-16qam-r1/2,w48,19,1,0,data,ok,18,18,13.6,267.8
mpg,15.0,5,ack-1f,w,2,2,0,ctl,ok,0,0,21.4,267.8
mpg,15.0,5,w48-16qam-r1/2,w48,19,1,0,data,ok,18,18,14.0,267.8
mpg,15.0,5,ack-1f,w,2,2,0,ctl,ok,0,0,17.5,267.8
mpg,15.0,5,w48-16qam-r1/2,w48,19,1,0,data,ok,18,18,17.4,267.8
mpg,15.0,5,ack-1f,w,2,2,0,ctl,ok,0,0,19.2,267.8
mpg,15.0,5,w48-16qam-r1/2,w48,19,1,0,data,ok,18,18,12.3,267.8
mpg,15.0,9,qpsk-r1/5,w,1,1,0,ctl,ok,0,0,20.9,279.2
mpg,15.0,9,qpsk-r1/5,w,1,1,0,ctl,ok,0,0,21.5,279.2
mpg,15.0,9,ack-4f,w,3,3,0,ctl,ok,0,0,18.9,279.2
mpg,15.0,9,ack-1f,w,3,3,0,ctl,ok,0,0,14.0,279.2
mpg,15.0,9,w48-64l-r7/12,w48,39,2,1,data,ok,37,0,11.4,279.2
mpg,15.0,9,ack-1f,w,3,3,0,ctl,ok,0,0,14.2,279.2
mpg,15.0,9,w48-16qam-r2/3,w48,19,2,1,data,ok,17,13,14.2,279.2
mpg,15.0,9,ack-1f,w,4,4,0,ctl,ok,0,0,16.4,279.2
mpg,15.0,9,w48-16qam-r2/3,w48,19,2,1,data,ok,13,13,16.5,279.2
mpg,15.0,9,ack-1f,w,3,3,0,ctl,ok,0,0,18.1,279.2
mpg,15.0,9,w48-16qam-r2/3,w48,19,2,1,data,ok,17,17,15.8,279.2
mpg,15.0,9,ack-1f,w,2,2,0,ctl,ok,0,0,14.7,279.2
mpg,15.0,9,w48-16qam-r2/3,w48,19,1,0,data,ok,18,18,16.6,279.2
mpg,15.0,9,ack-1f,w,2,2,0,ctl,ok,0,0,20.1,279.2
mpg,15.0,9,w48-16qam-r2/3,w48,19,1,0,data,ctl_lost,18,0,10.8,279.2
mpg,15.0,9,ack-4f,w,3,3,0,ctl,ok,0,0,14.8,279.2
mpg,15.0,9,ack-4f,w,3,3,0,ctl,ok,0,0,21.2,279.2
mpg,15.0,9,w48-16qam-r1/2,w48,19,2,1,data,ok,17,17,17.3,279.2
mpg,15.0,9,ack-1f,w,3,3,0,ctl,ok,0,0,19.7,279.2
mpg,15.0,9,w48-16qam-r2/3,w48,19,2,1,data,ok,17,17,17.3,279.2
mpg,15.0,9,ack-1f,w,2,2,0,ctl,ok,0,0,15.5,279.2
mpg,15.0,9,w48-16qam-r2/3,w48,19,1,0,data,ok,18,18,15.1,279.2
mpg,15.0,9,ack-1f,w,3,3,0,ctl,ok,0,0,18.8,279.2
mpg,15.0,9,w48-16qam-r2/3,w48,19,2,1,data,ok,17,17,15.2,279.2
mpg,15.0,9,ack-1f,w,3,3,0,ctl,ok,0,0,13.5,279.2
mpg,15.0,9,w48-16qam-r2/3,w48,19,2,1,data,ok,17,0,13.5,279.2
mpg,15.0,9,ack-1f,w,3,3,0,ctl,ok,0,0,16.5,279.2
mpg,15.0,9,w48-16qam-r1/2,w48,19,2,1,data,ok,17,17,14.3,279.2
mpg,15.0,9,ack-1f,w,3,3,0,ctl,ok,0,0,16.9,279.2
mpg,15.0,9,w48-16qam-r1/2,w48,19,2,1,data,ok,17,17,16.8,279.2
mpg,15.0,9,ack-1f,w,2,2,0,ctl,ok,0,0,18.7,279.2
mpg,15.0,9,w48-16qam-r1/2,w48,19,1,0,data,ok,18,18,14.6,279.2
mpg,15.0,9,ack-1f,w,3,3,0,ctl,ok,0,0,18.9,279.2
mpg,15.0,9,w48-16qam-r2/3,w48,19,2,1,data,ok,17,0,10.2,279.2
mpg,15.0,9,ack-1f,w,3,3,0,ctl,ok,0,0,7.3,279.2
mpg,15.0,9,w48-16qam-r1/2,w48,19,2,1,data,ok,17,17,15.4,279.2
mpg,15.0,9,ack-1f,w,3,3,0,ctl,ok,0,0,16.7,279.2
mpg,15.0,9,w48-16qam-r1/2,w48,19,2,1,data,ok,17,17,15.7,279.2
mpg,15.0,9,ack-1f,w,3,3,0,ctl,ok,0,0,14.8,279.2
mpg,15.0,9,w48-16qam-r2/3,w48,19,2,1,data,ok,17,17,15.1,279.2
mpg,15.0,9,ack-1f,w,2,2,0,ctl,ok,0,0,17.5,279.2
mpg,15.0,9,w48-16qam-r1/2,w48,19,1,0,data,ok,18,18,15.6,279.2
mpg,15.0,9,ack-1f,w,2,2,0,ctl,ok,0,0,18.9,279.2
mpg,15.0,9,w48-16qam-r1/2,w48,19,1,0,data,ok,18,18,14.6,279.2
mpg,15.0,9,ack-1f,w,2,2,0,ctl,ok,0,0,16.3,279.2
mpg,15.0,9,w48-16qam-r1/2,w48,19,1,0,data,ok,18,18,16.2,279.2
mpg,15.0,9,ack-1f,w,2,2,0,ctl,ok,0,0,12.9,279.2
mpg,15.0,9,w48-16qam-r1/2,w48,19,1,0,data,ok,18,18,14.5,279.2
mpg,15.0,9,ack-1f,w,2,2,0,ctl,ok,0,0,13.5,279.2
mpg,15.0,9,w48-16qam-r1/2,w48,19,1,0,data,ok,18,18,15.2,279.2
mpg,15.0,9,ack-1f,w,2,2,0,ctl,ok,0,0,20.3,279.2
mpg,15.0,9,w48-16qam-r1/2,w48,19,1,0,data,ok,18,18,17.0,279.2
mpg,15.0,9,ack-1f,w,2,2,0,ctl,ok,0,0,12.7,279.2
mpg,15.0,9,w48-16qam-r1/2,w48,19,1,0,data,ok,18,18,12.7,279.2
mpg,15.0,9,ack-1f,w,2,2,0,ctl,ok,0,0,10.8,279.2
mpg,15.0,9,w48-16qam-r1/2,w48,19,1,0,data,ok,18,18,15.5,279.2
mpg,15.0,9,ack-1f,w,2,2,0,ctl,ok,0,0,16.3,279.2
mpg,15.0,9,w48-16qam-r1/2,w48,19,1,0,data,ok,18,18,16.9,279.2
mpg,15.0,9,ack-1f,w,2,2,0,ctl,ok,0,0,13.2,279.2
mpg,15.0,9,w48-16qam-r2/3,w48,19,1,0,data,ok,18,18,17.4,279.2
mpg,15.0,9,ack-1f,w,2,2,0,ctl,ok,0,0,15.0,279.2
mpg,15.0,9,w48-16qam-r2/3,w48,19,1,0,data,ctl_lost,18,0,13.4,279.2
mpg,15.0,9,ack-4f,w,3,3,0,ctl,ok,0,0,19.2,279.2
mpg,15.0,9,ack-4f,w,2,2,0,ctl,ok,0,0,20.1,279.2
mpg,15.0,9,w48-16qam-r1/2,w48,19,1,0,data,ok,18,18,14.3,279.2
mpg,15.0,9,ack-1f,w,2,2,0,ctl,ok,0,0,19.7,279.2
mpg,15.0,9,w48-16qam-r1/2,w48,19,1,0,data,ok,18,18,14.4,279.2
mpg,15.0,9,ack-1f,w,2,2,0,ctl,ok,0,0,16.1,279.2
mpg,15.0,9,w48-16qam-r1/2,w48,19,1,0,data,ok,18,18,17.2,279.2
mpg,15.0,9,ack-1f,w,2,2,0,ctl,ok,0,0,17.9,279.2
mpg,15.0,9,w48-16qam-r1/2,w48,19,1,0,data,ok,18,18,11.4,279.2
mpg,15.0,9,ack-1f,w,2,2,0,ctl,ok,0,0,17.4,279.2
mpg,15.0,9,w48-16qam-r1/2,w48,19,1,0,data,ok,18,18,14.8,279.2
mpg,15.0,9,ack-1f,w,2,2,0,ctl,ok,0,0,18.6,279.2
mpg,15.0,9,w48-16qam-r1/2,w48,19,1,0,data,ok,18,18,16.9,279.2
mpg,15.0,9,ack-1f,w,3,3,0,ctl,ok,0,0,20.8,279.2
mpg,15.0,9,w48-64l-r1/2,w48,39,2,1,data,ok,37,37,15.2,279.2
mpg,15.0,9,ack-1f,w,3,3,0,ctl,ok,0,0,17.1,279.2
mpg,15.0,9,w48-64l-r1/2,w48,39,2,1,data,ok,37,37,14.2,279.2
mpg,15.0,9,ack-1f,w,3,3,0,ctl,ok,0,0,16.8,279.2
mpg,15.0,9,w48-64l-r1/2,w48,39,2,1,data,ok,37,3,12.7,279.2
mpg,15.0,9,ack-1f,w,4,4,0,ctl,ok,0,0,14.1,279.2
mpg,15.0,9,w48-16qam-r1/2,w48,19,1,0,data,ok,18,18,16.3,279.2
mpg,15.0,9,ack-1f,w,2,2,0,ctl,ok,0,0,10.8,279.2
mpg,15.0,9,w48-16qam-r1/2,w48,19,1,0,data,ok,18,18,17.9,279.2
mpg,15.0,9,ack-1f,w,3,3,0,ctl,ok,0,0,18.5,279.2
mpg,15.0,9,w48-64l-r1/2,w48,39,2,1,data,ok,37,33,13.3,279.2
mpg,15.0,9,ack-1f,w,4,4,0,ctl,ok,0,0,15.8,279.2
mpg,15.0,9,w48-64l-r1/2,w48,36,2,1,data,ok,30,2,12.7,279.2
mpg,15.0,9,ack-1f,w,4,4,0,ctl,ok,0,0,9.0,279.2
mpg,15.0,9,w48-16qam-r1/2,w48,19,1,0,data,ok,18,18,15.7,279.2
mpg,15.0,9,ack-1f,w,2,2,0,ctl,ok,0,0,19.4,279.2
mpg,15.0,9,w48-16qam-r1/2,w48,19,1,0,data,ok,18,18,15.5,279.2
mpp,15.0,4,qpsk-r1/5,w,1,1,0,ctl,ok,0,0,20.2,353.2
mpp,15.0,4,qpsk-r1/5,w,1,1,0,ctl,ok,0,0,17.7,353.2
mpp,15.0,4,ack-4f,w,2,2,0,ctl,ok,0,0,17.5,353.2
mpp,15.0,4,ack-1f,w,3,3,0,ctl,ok,0,0,19.9,353.2
mpp,15.0,4,w48-16qam-r2/3,w48,19,2,1,data,ok,17,17,17.0,353.2
mpp,15.0,4,ack-1f,w,3,3,0,ctl,ok,0,0,13.7,353.2
mpp,15.0,4,w48-16qam-r2/3,w48,19,2,1,data,ok,17,17,15.5,353.2
mpp,15.0,4,ack-1f,w,3,3,0,ctl,ok,0,0,18.1,353.2
mpp,15.0,4,w48-16qam-r2/3,w48,19,2,1,data,ok,17,17,15.4,353.2
mpp,15.0,4,ack-1f,w,3,3,0,ctl,ok,0,0,19.2,353.2
mpp,15.0,4,w48-16qam-r2/3,w48,19,2,1,data,ok,17,17,15.2,353.2
mpp,15.0,4,ack-1f,w,3,3,0,ctl,ok,0,0,18.1,353.2
mpp,15.0,4,w48-16qam-r2/3,w48,19,2,1,data,ok,17,17,16.3,353.2
mpp,15.0,4,ack-1f,w,2,2,0,ctl,ok,0,0,11.1,353.2
mpp,15.0,4,w48-16qam-r2/3,w48,19,1,0,data,ok,18,18,15.7,353.2
mpp,15.0,4,ack-1f,w,2,2,0,ctl,ok,0,0,17.2,353.2
mpp,15.0,4,w48-16qam-r2/3,w48,19,1,0,data,ok,18,18,15.7,353.2
mpp,15.0,4,ack-1f,w,2,2,0,ctl,ok,0,0,18.1,353.2
mpp,15.0,4,w48-16qam-r2/3,w48,19,1,0,data,ctl_lost,18,0,14.3,353.2
mpp,15.0,4,ack-4f,w,2,2,0,ctl,ok,0,0,17.7,353.2
mpp,15.0,4,ack-4f,w,2,2,0,ctl,ok,0,0,17.8,353.2
mpp,15.0,4,w48-16qam-r1/2,w48,19,1,0,data,ok,18,18,16.5,353.2
mpp,15.0,4,ack-1f,w,3,3,0,ctl,ok,0,0,17.3,353.2
mpp,15.0,4,w48-16qam-r2/3,w48,19,2,1,data,ok,17,10,15.1,353.2
mpp,15.0,4,ack-1f,w,4,4,0,ctl,ok,0,0,18.4,353.2
mpp,15.0,4,w48-16qam-r2/3,w48,19,2,1,data,ok,12,12,15.6,353.2
mpp,15.0,4,ack-1f,w,3,3,0,ctl,ok,0,0,16.2,353.2
mpp,15.0,4,w48-16qam-r2/3,w48,19,2,1,data,ok,17,17,15.3,353.2
mpp,15.0,4,ack-1f,w,3,3,0,ctl,ok,0,0,19.2,353.2
mpp,15.0,4,w48-16qam-r2/3,w48,19,2,1,data,ok,17,17,15.3,353.2
mpp,15.0,4,ack-1f,w,3,3,0,ctl,ok,0,0,16.1,353.2
mpp,15.0,4,w48-16qam-r2/3,w48,19,2,1,data,ok,17,17,16.3,353.2
mpp,15.0,4,ack-1f,w,3,3,0,ctl,ok,0,0,17.3,353.2
mpp,15.0,4,w48-16qam-r2/3,w48,19,2,1,data,ok,17,17,15.4,353.2
mpp,15.0,4,ack-1f,w,2,2,0,ctl,ok,0,0,17.2,353.2
mpp,15.0,4,w48-16qam-r2/3,w48,19,1,0,data,ok,18,18,16.7,353.2
mpp,15.0,4,ack-1f,w,2,2,0,ctl,ok,0,0,15.8,353.2
mpp,15.0,4,w48-16qam-r2/3,w48,19,1,0,data,ok,18,18,15.9,353.2
mpp,15.0,4,ack-1f,w,2,2,0,ctl,ok,0,0,20.6,353.2
mpp,15.0,4,w48-16qam-r2/3,w48,19,1,0,data,ok,18,18,15.3,353.2
mpp,15.0,4,ack-1f,w,2,2,0,ctl,ok,0,0,19.5,353.2
mpp,15.0,4,w48-16qam-r2/3,w48,19,1,0,data,ok,18,18,16.4,353.2
mpp,15.0,4,ack-1f,w,2,2,0,ctl,ok,0,0,19.2,353.2
mpp,15.0,4,w48-16qam-r2/3,w48,19,1,0,data,ok,18,18,15.6,353.2
mpp,15.0,4,ack-1f,w,2,2,0,ctl,ok,0,0,15.8,353.2
mpp,15.0,4,w48-16qam-r2/3,w48,19,1,0,data,ok,18,18,15.7,353.2
mpp,15.0,4,ack-1f,w,2,2,0,ctl,ok,0,0,22.1,353.2
mpp,15.0,4,w48-16qam-r2/3,w48,19,1,0,data,ctl_lost,18,12,15.4,353.2
mpp,15.0,4,ack-4f,w,3,3,0,ctl,ok,0,0,16.8,353.2
mpp,15.0,4,ack-4f,w,3,3,0,ctl,ok,0,0,19.3,353.2
mpp,15.0,4,w48-16qam-r2/3,w48,19,2,1,data,ok,17,17,15.8,353.2
mpp,15.0,4,ack-1f,w,3,3,0,ctl,ok,0,0,17.1,353.2
mpp,15.0,4,w48-16qam-r2/3,w48,19,2,1,data,ok,17,17,15.5,353.2
mpp,15.0,4,ack-1f,w,3,3,0,ctl,ok,0,0,21.0,353.2
mpp,15.0,4,w48-16qam-r2/3,w48,19,2,1,data,ok,17,17,16.4,353.2
mpp,15.0,4,ack-1f,w,2,2,0,ctl,ok,0,0,16.5,353.2
mpp,15.0,4,w48-16qam-r2/3,w48,19,1,0,data,ok,18,18,16.0,353.2
mpp,15.0,4,ack-1f,w,2,2,0,ctl,ok,0,0,13.9,353.2
mpp,15.0,4,w48-16qam-r2/3,w48,19,1,0,data,ok,18,18,15.4,353.2
mpp,15.0,4,ack-1f,w,2,2,0,ctl,ok,0,0,19.6,353.2
mpp,15.0,4,w48-16qam-r2/3,w48,19,1,0,data,ok,18,18,16.1,353.2
mpp,15.0,4,ack-1f,w,2,2,0,ctl,ok,0,0,13.4,353.2
mpp,15.0,4,w48-16qam-r2/3,w48,19,1,0,data,ctl_lost,18,13,14.1,353.2
mpp,15.0,4,ack-4f,w,2,2,0,ctl,ok,0,0,14.9,353.2
mpp,15.0,4,ack-4f,w,3,3,0,ctl,ok,0,0,17.9,353.2
mpp,15.0,4,w48-16qam-r1/2,w48,19,2,1,data,ok,17,17,14.6,353.2
mpp,15.0,4,ack-1f,w,3,3,0,ctl,ok,0,0,20.0,353.2
mpp,15.0,4,w48-16qam-r1/2,w48,19,2,1,data,ok,17,17,15.8,353.2
mpp,15.0,4,ack-1f,w,3,3,0,ctl,ok,0,0,21.1,353.2
mpp,15.0,4,w48-16qam-r2/3,w48,19,2,1,data,ok,17,17,14.9,353.2
mpp,15.0,4,ack-1f,w,3,3,0,ctl,ok,0,0,20.2,353.2
mpp,15.0,4,w48-16qam-r2/3,w48,19,2,1,data,ok,17,17,16.5,353.2
mpp,15.0,4,ack-1f,w,3,3,0,ctl,ok,0,0,17.5,353.2
mpp,15.0,4,w48-16qam-r2/3,w48,19,2,1,data,ok,17,9,15.4,353.2
mpp,15.0,4,ack-1f,w,3,3,0,ctl,ok,0,0,14.6,353.2
mpp,15.0,4,w48-16qam-r2/3,w48,19,1,0,data,ok,10,10,17.1,353.2
mpp,15.0,4,ack-1f,w,2,2,0,ctl,ok,0,0,15.4,353.2
mpp,15.0,4,w48-16qam-r2/3,w48,19,1,0,data,ok,18,18,17.5,353.2
mpp,15.0,4,ack-1f,w,2,2,0,ctl,ok,0,0,17.6,353.2
mpp,15.0,4,w48-16qam-r2/3,w48,19,1,0,data,ok,18,18,16.1,353.2
mpp,15.0,4,ack-1f,w,2,2,0,ctl,ok,0,0,13.2,353.2
mpp,15.0,4,w48-16qam-r2/3,w48,19,1,0,data,ok,18,18,14.7,353.2
mpp,15.0,4,ack-1f,w,2,2,0,ctl,ok,0,0,21.1,353.2
mpp,15.0,4,w48-16qam-r2/3,w48,19,1,0,data,ok,18,18,15.4,353.2
mpp,15.0,4,ack-1f,w,3,3,0,ctl,ok,0,0,16.3,353.2
mpp,15.0,4,w48-16qam-r2/3,w48,19,2,1,data,ok,17,17,16.9,353.2
mpp,15.0,4,ack-1f,w,2,2,0,ctl,ok,0,0,22.2,353.2
mpp,15.0,4,w48-16qam-r2/3,w48,19,1,0,data,ok,18,18,16.8,353.2
mpp,15.0,4,ack-1f,w,2,2,0,ctl,ok,0,0,17.6,353.2
mpp,15.0,4,w48-16qam-r2/3,w48,19,1,0,data,ok,18,18,15.4,353.2
mpp,15.0,4,ack-1f,w,2,2,0,ctl,ok,0,0,12.1,353.2
mpp,15.0,4,w48-16qam-r2/3,w48,19,1,0,data,ok,18,18,17.0,353.2
mpp,15.0,4,ack-1f,w,2,2,0,ctl,ok,0,0,18.4,353.2
mpp,15.0,4,w48-16qam-r2/3,w48,19,1,0,data,ok,18,18,15.3,353.2
mpp,15.0,6,qpsk-r1/5,w,1,1,0,ctl,ok,0,0,18.6,385.1
mpp,15.0,6,qpsk-r1/5,w,1,1,0,ctl,ok,0,0,18.9,385.1
mpp,15.0,6,ack-4f,w,3,3,0,ctl,ok,0,0,16.5,385.1
mpp,15.0,6,ack-1f,w,3,3,0,ctl,ok,0,0,18.7,385.1
mpp,15.0,6,w48-16qam-r2/3,w48,19,2,1,data,ok,17,17,15.6,385.1
mpp,15.0,6,ack-1f,w,3,3,0,ctl,ok,0,0,19.7,385.1
mpp,15.0,6,w48-16qam-r2/3,w48,19,2,1,data,ok,17,17,16.2,385.1
mpp,15.0,6,ack-1f,w,3,3,0,ctl,ok,0,0,20.5,385.1
mpp,15.0,6,w48-16qam-r2/3,w48,19,2,1,data,ok,17,17,15.6,385.1
mpp,15.0,6,ack-1f,w,3,3,0,ctl,ok,0,0,14.2,385.1
mpp,15.0,6,w48-16qam-r2/3,w48,19,2,1,data,ok,17,16,14.9,385.1
mpp,15.0,6,ack-1f,w,3,3,0,ctl,ok,0,0,19.3,385.1
mpp,15.0,6,w48-16qam-r2/3,w48,19,2,1,data,ok,16,11,15.2,385.1
mpp,15.0,6,ack-1f,w,4,4,0,ctl,ok,0,0,16.8,385.1
mpp,15.0,6,w48-16qam-r2/3,w48,19,2,1,data,ok,12,12,15.1,385.1
mpp,15.0,6,ack-1f,w,3,3,0,ctl,ok,0,0,18.8,385.1
mpp,15.0,6,w48-16qam-r2/3,w48,19,2,1,data,ok,17,17,15.3,385.1
mpp,15.0,6,ack-1f,w,2,2,0,ctl,ok,0,0,20.8,385.1
mpp,15.0,6,w48-16qam-r2/3,w48,19,1,0,data,ok,18,17,15.3,385.1
mpp,15.0,6,ack-1f,w,3,3,0,ctl,ok,0,0,16.1,385.1
mpp,15.0,6,w48-16qam-r2/3,w48,19,1,0,data,ok,17,17,16.3,385.1
mpp,15.0,6,ack-1f,w,2,2,0,ctl,ok,0,0,20.0,385.1
mpp,15.0,6,w48-16qam-r2/3,w48,19,1,0,data,ok,18,17,15.2,385.1
mpp,15.0,6,ack-1f,w,3,3,0,ctl,ok,0,0,19.2,385.1
mpp,15.0,6,w48-16qam-r2/3,w48,19,1,0,data,ok,17,17,15.9,385.1
mpp,15.0,6,ack-1f,w,2,2,0,ctl,ok,0,0,18.9,385.1
mpp,15.0,6,w48-16qam-r2/3,w48,19,1,0,data,ok,18,18,16.2,385.1
mpp,15.0,6,ack-1f,w,2,2,0,ctl,ok,0,0,18.4,385.1
mpp,15.0,6,w48-16qam-r2/3,w48,19,1,0,data,ok,18,18,16.5,385.1
mpp,15.0,6,ack-1f,w,2,2,0,ctl,ok,0,0,12.2,385.1
mpp,15.0,6,w48-16qam-r2/3,w48,19,1,0,data,ok,18,18,17.5,385.1
mpp,15.0,6,ack-1f,w,2,2,0,ctl,ok,0,0,16.4,385.1
mpp,15.0,6,w48-16qam-r2/3,w48,19,1,0,data,ok,18,18,16.5,385.1
mpp,15.0,6,ack-1f,w,2,2,0,ctl,ok,0,0,13.9,385.1
mpp,15.0,6,w48-16qam-r2/3,w48,19,1,0,data,ctl_lost,18,10,14.6,385.1
mpp,15.0,6,ack-4f,w,3,3,0,ctl,ok,0,0,18.7,385.1
mpp,15.0,6,ack-4f,w,3,3,0,ctl,ok,0,0,17.6,385.1
mpp,15.0,6,w48-16qam-r2/3,w48,19,2,1,data,ok,17,17,16.8,385.1
mpp,15.0,6,ack-1f,w,2,2,0,ctl,ok,0,0,12.6,385.1
mpp,15.0,6,w48-16qam-r2/3,w48,19,1,0,data,ok,18,18,15.9,385.1
mpp,15.0,6,ack-1f,w,2,2,0,ctl,ok,0,0,16.1,385.1
mpp,15.0,6,w48-16qam-r2/3,w48,19,1,0,data,ok,18,18,15.0,385.1
mpp,15.0,6,ack-1f,w,2,2,0,ctl,ok,0,0,17.5,385.1
mpp,15.0,6,w48-16qam-r2/3,w48,19,1,0,data,ok,18,18,16.1,385.1
mpp,15.0,6,ack-1f,w,2,2,0,ctl,ok,0,0,16.2,385.1
mpp,15.0,6,w48-16qam-r2/3,w48,19,1,0,data,ok,18,12,13.6,385.1
mpp,15.0,6,ack-1f,w,3,3,0,ctl,ok,0,0,14.7,385.1
mpp,15.0,6,w48-16qam-r2/3,w48,19,1,0,data,ok,12,12,15.5,385.1
mpp,15.0,6,ack-1f,w,3,3,0,ctl,ok,0,0,15.6,385.1
mpp,15.0,6,w48-16qam-r2/3,w48,19,2,1,data,ok,17,17,17.0,385.1
mpp,15.0,6,ack-1f,w,2,2,0,ctl,ok,0,0,18.9,385.1
mpp,15.0,6,w48-16qam-r2/3,w48,19,1,0,data,ok,18,18,15.8,385.1
mpp,15.0,6,ack-1f,w,2,2,0,ctl,ok,0,0,15.7,385.1
mpp,15.0,6,w48-16qam-r2/3,w48,19,1,0,data,ok,18,18,15.3,385.1
mpp,15.0,6,ack-1f,w,2,2,0,ctl,ok,0,0,17.7,385.1
mpp,15.0,6,w48-16qam-r2/3,w48,19,1,0,data,ok,18,18,15.9,385.1
mpp,15.0,6,ack-1f,w,2,2,0,ctl,ok,0,0,13.1,385.1
mpp,15.0,6,w48-16qam-r2/3,w48,19,1,0,data,ok,18,18,16.6,385.1
mpp,15.0,6,ack-1f,w,2,2,0,ctl,ok,0,0,15.2,385.1
mpp,15.0,6,w48-16qam-r2/3,w48,19,1,0,data,ok,18,18,16.3,385.1
mpp,15.0,6,ack-1f,w,2,2,0,ctl,ok,0,0,13.5,385.1
mpp,15.0,6,w48-16qam-r2/3,w48,19,1,0,data,ok,18,18,15.0,385.1
mpp,15.0,6,ack-1f,w,2,2,0,ctl,ok,0,0,13.7,385.1
mpp,15.0,6,w48-16qam-r2/3,w48,19,1,0,data,ok,18,16,15.9,385.1
mpp,15.0,6,ack-1f,w,3,3,0,ctl,ok,0,0,15.7,385.1
mpp,15.0,6,w48-16qam-r2/3,w48,19,1,0,data,ok,16,16,16.2,385.1
mpp,15.0,6,ack-1f,w,2,2,0,ctl,ok,0,0,19.6,385.1
mpp,15.0,6,w48-16qam-r2/3,w48,19,1,0,data,ok,18,18,16.4,385.1
mpp,15.0,6,ack-1f,w,2,2,0,ctl,ok,0,0,19.5,385.1
mpp,15.0,6,w48-16qam-r2/3,w48,19,1,0,data,ok,18,18,16.3,385.1
mpp,15.0,6,ack-1f,w,2,2,0,ctl,ok,0,0,17.2,385.1
mpp,15.0,6,w48-16qam-r2/3,w48,19,1,0,data,ok,18,18,15.7,385.1
mpp,15.0,6,ack-1f,w,2,2,0,ctl,ok,0,0,22.0,385.1
mpp,15.0,6,w48-16qam-r2/3,w48,19,1,0,data,ok,18,17,15.1,385.1
mpp,15.0,6,ack-1f,w,3,3,0,ctl,ok,0,0,19.1,385.1
mpp,15.0,6,w48-16qam-r2/3,w48,19,1,0,data,ok,17,17,15.2,385.1
mpp,15.0,6,ack-1f,w,2,2,0,ctl,ok,0,0,18.8,385.1
mpp,15.0,6,w48-16qam-r2/3,w48,19,1,0,data,ok,18,18,16.0,385.1
mpp,15.0,6,ack-1f,w,2,2,0,ctl,ok,0,0,17.7,385.1
mpp,15.0,6,w48-16qam-r2/3,w48,19,1,0,data,ok,18,18,16.6,385.1
mpp,15.0,6,ack-1f,w,2,2,0,ctl,ok,0,0,15.6,385.1
mpp,15.0,6,w48-16qam-r2/3,w48,19,1,0,data,ok,18,18,16.1,385.1
mpp,15.0,6,ack-1f,w,2,2,0,ctl,ok,0,0,16.6,385.1
mpp,15.0,6,w48-16qam-r2/3,w48,19,1,0,data,ok,18,18,16.5,385.1
mpp,15.0,6,ack-1f,w,2,2,0,ctl,ok,0,0,15.9,385.1
mpp,15.0,6,w48-16qam-r2/3,w48,19,1,0,data,ok,18,18,15.2,385.1
mpp,15.0,6,ack-1f,w,2,2,0,ctl,ok,0,0,17.4,385.1
mpp,15.0,6,w48-16qam-r2/3,w48,19,1,0,data,ok,18,18,16.1,385.1
mpp,15.0,6,ack-1f,w,2,2,0,ctl,ok,0,0,18.8,385.1
mpp,15.0,6,w48-16qam-r2/3,w48,19,1,0,data,ok,18,18,15.5,385.1
mpp,15.0,6,ack-1f,w,2,2,0,ctl,ok,0,0,16.5,385.1
mpp,15.0,6,w48-16qam-r2/3,w48,19,1,0,data,ok,18,15,14.8,385.1
mpp,15.0,6,ack-1f,w,3,3,0,ctl,ok,0,0,19.1,385.1
mpp,15.0,6,w48-16qam-r2/3,w48,19,1,0,data,ok,15,15,16.2,385.1
mpg,15.0,2,qpsk-r1/5,w,1,1,0,ctl,ok,0,0,17.3,295.8
mpg,15.0,2,qpsk-r1/5,w,1,1,0,ctl,ok,0,0,18.3,295.8
mpg,15.0,2,ack-4f,w,3,3,0,ctl,ok,0,0,17.0,295.8
mpg,15.0,2,ack-1f,w,3,3,0,ctl,ok,0,0,16.0,295.8
mpg,15.0,2,w48-16qam-r2/3,w48,19,2,1,data,ok,17,0,12.7,295.8
mpg,15.0,2,ack-1f,w,3,3,0,ctl,ok,0,0,15.1,295.8
mpg,15.0,2,w48-16qam-r1/2,w48,19,2,1,data,ok,17,17,17.1,295.8
mpg,15.0,2,ack-1f,w,3,3,0,ctl,ok,0,0,20.4,295.8
mpg,15.0,2,w48-16qam-r1/2,w48,19,2,1,data,ok,17,17,12.9,295.8
mpg,15.0,2,ack-1f,w,3,3,0,ctl,ok,0,0,3.5,295.8
mpg,15.0,2,w48-16qam-r1/2,w48,19,2,1,data,ok,17,17,14.9,295.8
mpg,15.0,2,ack-1f,w,2,2,0,ctl,ok,0,0,14.7,295.8
mpg,15.0,2,w48-16qam-r1/3,w48,19,1,0,data,ok,18,18,17.6,295.8
mpg,15.0,2,ack-1f,w,2,2,0,ctl,ok,0,0,19.5,295.8
mpg,15.0,2,w48-16qam-r1/2,w48,19,1,0,data,ok,18,18,16.0,295.8
mpg,15.0,2,ack-1f,w,3,3,0,ctl,ok,0,0,13.1,295.8
mpg,15.0,2,w48-16qam-r2/3,w48,19,2,1,data,ok,17,17,17.4,295.8
mpg,15.0,2,ack-1f,w,2,2,0,ctl,ok,0,0,8.2,295.8
mpg,15.0,2,w48-16qam-r2/3,w48,19,1,0,data,ctl_lost,18,0,12.7,295.8
mpg,15.0,2,ack-4f,w,3,3,0,ctl,ok,0,0,16.3,295.8
mpg,15.0,2,ack-4f,w,2,2,0,ctl,ok,0,0,13.2,295.8
mpg,15.0,2,w48-16qam-r1/2,w48,19,1,0,data,ok,18,18,13.4,295.8
mpg,15.0,2,ack-1f,w,3,3,0,ctl,ok,0,0,18.1,295.8
mpg,15.0,2,w48-16qam-r1/2,w48,19,2,1,data,ok,17,17,15.0,295.8
mpg,15.0,2,ack-1f,w,2,2,0,ctl,ok,0,0,17.4,295.8
mpg,15.0,2,w48-16qam-r1/2,w48,19,1,0,data,ok,18,18,16.4,295.8
mpg,15.0,2,ack-1f,w,3,3,0,ctl,ok,0,0,16.2,295.8
mpg,15.0,2,w48-64l-r1/2,w48,39,2,1,data,ok,37,37,17.7,295.8
mpg,15.0,2,ack-1f,w,3,3,0,ctl,ok,0,0,18.3,295.8
mpg,15.0,2,w48-64l-r7/12,w48,39,2,1,data,ok,37,36,14.6,295.8
mpg,15.0,2,ack-1f,w,4,4,0,ctl,ok,0,0,17.2,295.8
mpg,15.0,2,w48-64l-r7/12,w48,39,2,1,data,ok,36,36,16.2,295.8
mpg,15.0,2,ack-1f,w,2,2,0,ctl,ok,0,0,17.4,295.8
mpg,15.0,2,w48-64l-r7/12,w48,39,1,0,data,ctl_lost,38,0,13.3,295.8
mpg,15.0,2,ack-4f,w,3,3,0,ctl,ok,0,0,20.5,295.8
mpg,15.0,2,ack-4f,w,3,3,0,ctl,ok,0,0,20.4,295.8
mpg,15.0,2,w48-64l-r1/2,w48,39,2,1,data,ok,37,37,15.5,295.8
mpg,15.0,2,ack-1f,w,3,3,0,ctl,ok,0,0,18.8,295.8
mpg,15.0,2,w48-64l-r1/2,w48,39,2,1,data,ok,37,37,15.6,295.8
mpg,15.0,2,ack-1f,w,3,3,0,ctl,ok,0,0,16.5,295.8
mpg,15.0,2,w48-64l-r1/2,w48,39,2,1,data,ok,37,37,14.0,295.8
mpg,15.0,2,ack-1f,w,3,3,0,ctl,ok,0,0,15.7,295.8
mpg,15.0,2,w48-64l-r1/2,w48,39,2,1,data,ok,37,0,11.5,295.8
mpg,15.0,2,ack-1f,w,2,2,0,ctl,ok,0,0,19.8,295.8
mpg,15.0,2,w48-16qam-r1/2,w48,19,1,0,data,ok,18,18,16.0,295.8
mpg,15.0,2,ack-1f,w,2,2,0,ctl,ok,0,0,17.7,295.8
mpg,15.0,2,w48-16qam-r1/2,w48,19,1,0,data,ok,18,18,14.8,295.8
mpg,15.0,2,ack-1f,w,2,2,0,ctl,ok,0,0,20.1,295.8
mpg,15.0,2,w48-16qam-r1/2,w48,19,1,0,data,ok,18,18,14.6,295.8
mpg,15.0,2,ack-1f,w,2,2,0,ctl,ok,0,0,11.4,295.8
mpg,15.0,2,w48-16qam-r1/2,w48,19,1,0,data,ok,18,18,15.2,295.8
mpg,15.0,2,ack-1f,w,2,2,0,ctl,ok,0,0,19.0,295.8
mpg,15.0,2,w48-16qam-r1/2,w48,19,1,0,data,ok,18,18,11.3,295.8
mpg,15.0,2,ack-1f,w,2,2,0,ctl,ok,0,0,18.4,295.8
mpg,15.0,2,w48-16qam-r1/2,w48,19,1,0,data,ok,18,18,12.4,295.8
mpg,15.0,2,ack-1f,w,3,3,0,ctl,ok,0,0,15.8,295.8
mpg,15.0,2,w48-16qam-r1/2,w48,19,2,1,data,ok,17,17,16.3,295.8
mpg,15.0,2,ack-1f,w,2,2,0,ctl,ok,0,0,22.9,295.8
mpg,15.0,2,w48-16qam-r1/2,w48,19,1,0,data,ok,18,18,18.3,295.8
mpg,15.0,2,ack-1f,w,2,2,0,ctl,ok,0,0,16.5,295.8
mpg,15.0,2,w48-64l-r1/2,w48,39,1,0,data,ok,38,38,13.9,295.8
mpg,15.0,2,ack-1f,w,3,3,0,ctl,ok,0,0,16.9,295.8
mpg,15.0,2,w48-64l-r1/2,w48,39,2,1,data,ok,37,19,13.0,295.8
mpg,15.0,2,ack-1f,w,4,4,0,ctl,ok,0,0,20.4,295.8
mpg,15.0,2,w48-64l-r1/2,w48,39,2,1,data,ok,19,19,14.2,295.8
mpg,15.0,2,ack-1f,w,3,3,0,ctl,ok,0,0,18.3,295.8
mpg,15.0,2,w48-64l-r1/2,w48,39,2,1,data,ok,37,23,13.0,295.8
mpg,15.0,2,ack-1f,w,4,4,0,ctl,ok,0,0,17.1,295.8
mpg,15.0,2,w48-64l-r1/2,w48,39,2,1,data,ok,23,23,13.8,295.8
mpg,15.0,2,ack-1f,w,2,2,0,ctl,ok,0,0,16.3,295.8
mpg,15.0,2,w48-64l-r1/2,w48,39,1,0,data,ctl_lost,38,0,10.7,295.8
mpg,15.0,2,ack-4f,w,2,2,0,ctl,ok,0,0,16.3,295.8
mpg,15.0,2,ack-4f,w,2,2,0,ctl,ok,0,0,18.6,295.8
mpg,15.0,2,w48-16qam-r1/2,w48,19,1,0,data,ok,18,18,14.9,295.8
mpg,15.0,2,ack-1f,w,2,2,0,ctl,ok,0,0,17.9,295.8
mpg,15.0,2,w48-16qam-r1/2,w48,19,1,0,data,ok,18,18,19.1,295.8
mpg,15.0,2,ack-1f,w,3,3,0,ctl,ok,0,0,19.7,295.8
mpg,15.0,2,w48-64l-r1/2,w48,39,2,1,data,ok,37,37,14.5,295.8
mpg,15.0,2,ack-1f,w,3,3,0,ctl,ok,0,0,5.7,295.8
mpg,15.0,2,w48-64l-r1/2,w48,39,2,1,data,ok,37,19,13.6,295.8
mpg,15.0,2,ack-1f,w,4,4,0,ctl,ok,0,0,17.6,295.8
mpg,15.0,2,w48-64l-r1/2,w48,39,2,1,data,ok,19,19,16.4,295.8
mpg,15.0,2,ack-1f,w,2,2,0,ctl,ok,0,0,17.2,295.8
mpg,15.0,2,w48-64l-r1/2,w48,39,1,0,data,ok,38,38,16.7,295.8
mpg,15.0,2,ack-1f,w,2,2,0,ctl,ok,0,0,20.0,295.8
mpg,15.0,2,w48-64l-r1/2,w48,39,1,0,data,ctl_lost,38,0,12.1,295.8
mpg,15.0,2,ack-4f,w,3,3,0,ctl,ok,0,0,17.1,295.8
mpg,15.0,2,ack-4f,w,2,2,0,ctl,ok,0,0,18.6,295.8
mpg,15.0,2,w48-16qam-r1/2,w48,19,1,0,data,ok,18,16,11.6,295.8
mpg,15.0,2,ack-1f,w,4,4,0,ctl,ok,0,0,14.1,295.8
mpg,15.0,2,w48-16qam-r1/2,w48,19,2,1,data,ok,15,15,17.7,295.8
mpg,15.0,2,ack-1f,w,2,2,0,ctl,ok,0,0,12.0,295.8
mpg,15.0,2,w48-16qam-r1/2,w48,19,1,0,data,ok,18,18,16.0,295.8
mpp,15.0,7,qpsk-r1/5,w,1,1,0,ctl,ok,0,0,16.9,398.6
mpp,15.0,7,qpsk-r1/5,w,1,1,0,ctl,ok,0,0,17.7,398.6
mpp,15.0,7,ack-4f,w,2,2,0,ctl,ok,0,0,17.2,398.6
mpp,15.0,7,ack-1f,w,2,2,0,ctl,ok,0,0,20.5,398.6
mpp,15.0,7,w48-16qam-r1/2,w48,19,1,0,data,ok,18,18,16.6,398.6
mpp,15.0,7,ack-1f,w,3,3,0,ctl,ok,0,0,17.2,398.6
mpp,15.0,7,w48-16qam-r2/3,w48,19,2,1,data,ok,17,17,16.3,398.6
mpp,15.0,7,ack-1f,w,3,3,0,ctl,ok,0,0,17.3,398.6
mpp,15.0,7,w48-16qam-r2/3,w48,19,2,1,data,ok,17,17,15.9,398.6
mpp,15.0,7,ack-1f,w,3,3,0,ctl,ok,0,0,16.9,398.6
mpp,15.0,7,w48-16qam-r2/3,w48,19,2,1,data,ok,17,17,17.0,398.6
mpp,15.0,7,ack-1f,w,2,2,0,ctl,ok,0,0,15.7,398.6
mpp,15.0,7,w48-16qam-r2/3,w48,19,1,0,data,ok,18,18,16.1,398.6
mpp,15.0,7,ack-1f,w,2,2,0,ctl,ok,0,0,20.1,398.6
mpp,15.0,7,w48-16qam-r2/3,w48,19,1,0,data,ok,18,18,17.1,398.6
mpp,15.0,7,ack-1f,w,2,2,0,ctl,ok,0,0,17.1,398.6
mpp,15.0,7,w48-16qam-r2/3,w48,19,1,0,data,ok,18,18,15.6,398.6
mpp,15.0,7,ack-1f,w,2,2,0,ctl,ok,0,0,19.1,398.6
mpp,15.0,7,w48-16qam-r2/3,w48,19,1,0,data,ok,18,16,15.4,398.6
mpp,15.0,7,ack-1f,w,4,4,0,ctl,ok,0,0,18.2,398.6
mpp,15.0,7,w48-16qam-r2/3,w48,19,2,1,data,ok,15,15,16.3,398.6
mpp,15.0,7,ack-1f,w,2,2,0,ctl,ok,0,0,21.4,398.6
mpp,15.0,7,w48-16qam-r2/3,w48,19,1,0,data,ok,18,18,15.6,398.6
mpp,15.0,7,ack-1f,w,2,2,0,ctl,ok,0,0,16.2,398.6
mpp,15.0,7,w48-16qam-r2/3,w48,19,1,0,data,ok,18,18,15.5,398.6
mpp,15.0,7,ack-1f,w,2,2,0,ctl,ok,0,0,19.5,398.6
mpp,15.0,7,w48-16qam-r2/3,w48,19,1,0,data,ok,18,17,15.6,398.6
mpp,15.0,7,ack-1f,w,3,3,0,ctl,ok,0,0,11.0,398.6
mpp,15.0,7,w48-16qam-r2/3,w48,19,1,0,data,ok,17,17,16.6,398.6
mpp,15.0,7,ack-1f,w,2,2,0,ctl,ok,0,0,22.2,398.6
mpp,15.0,7,w48-16qam-r2/3,w48,19,1,0,data,ok,18,18,16.9,398.6
mpp,15.0,7,ack-1f,w,2,2,0,ctl,ok,0,0,18.3,398.6
mpp,15.0,7,w48-16qam-r2/3,w48,19,1,0,data,ok,18,18,16.8,398.6
mpp,15.0,7,ack-1f,w,2,2,0,ctl,ok,0,0,16.8,398.6
mpp,15.0,7,w48-16qam-r2/3,w48,19,1,0,data,ok,18,18,16.5,398.6
mpp,15.0,7,ack-1f,w,2,2,0,ctl,ok,0,0,16.3,398.6
mpp,15.0,7,w48-16qam-r2/3,w48,19,1,0,data,ok,18,18,15.4,398.6
mpp,15.0,7,ack-1f,w,2,2,0,ctl,ok,0,0,17.8,398.6
mpp,15.0,7,w48-16qam-r2/3,w48,19,1,0,data,ok,18,18,16.0,398.6
mpp,15.0,7,ack-1f,w,2,2,0,ctl,ok,0,0,16.7,398.6
mpp,15.0,7,w48-16qam-r2/3,w48,19,1,0,data,ok,18,18,16.1,398.6
mpp,15.0,7,ack-1f,w,2,2,0,ctl,ok,0,0,16.1,398.6
mpp,15.0,7,w48-16qam-r2/3,w48,19,1,0,data,ok,18,18,16.3,398.6
mpp,15.0,7,ack-1f,w,2,2,0,ctl,ok,0,0,15.9,398.6
mpp,15.0,7,w48-16qam-r2/3,w48,19,1,0,data,ok,18,18,16.4,398.6
mpp,15.0,7,ack-1f,w,2,2,0,ctl,ok,0,0,16.3,398.6
mpp,15.0,7,w48-16qam-r2/3,w48,19,1,0,data,ok,18,18,15.8,398.6
mpp,15.0,7,ack-1f,w,2,2,0,ctl,ok,0,0,16.8,398.6
mpp,15.0,7,w48-16qam-r2/3,w48,19,1,0,data,ok,18,18,16.7,398.6
mpp,15.0,7,ack-1f,w,2,2,0,ctl,ok,0,0,17.1,398.6
mpp,15.0,7,w48-16qam-r2/3,w48,19,1,0,data,ok,18,18,16.8,398.6
mpp,15.0,7,ack-1f,w,2,2,0,ctl,ok,0,0,16.0,398.6
mpp,15.0,7,w48-16qam-r2/3,w48,19,1,0,data,ok,18,18,16.0,398.6
mpp,15.0,7,ack-1f,w,2,2,0,ctl,ok,0,0,18.2,398.6
mpp,15.0,7,w48-16qam-r2/3,w48,19,1,0,data,ok,18,18,16.3,398.6
mpp,15.0,7,ack-1f,w,2,2,0,ctl,ok,0,0,20.5,398.6
mpp,15.0,7,w48-16qam-r2/3,w48,19,1,0,data,ok,18,18,16.3,398.6
mpp,15.0,7,ack-1f,w,2,2,0,ctl,ok,0,0,18.4,398.6
mpp,15.0,7,w48-16qam-r2/3,w48,19,1,0,data,ok,18,18,17.0,398.6
mpp,15.0,7,ack-1f,w,2,2,0,ctl,ok,0,0,17.7,398.6
mpp,15.0,7,w48-16qam-r2/3,w48,19,1,0,data,ctl_lost,18,16,14.6,398.6
mpp,15.0,7,ack-4f,w,3,3,0,ctl,ok,0,0,16.2,398.6
mpp,15.0,7,ack-4f,w,3,3,0,ctl,ok,0,0,15.0,398.6
mpp,15.0,7,w48-16qam-r2/3,w48,19,2,1,data,ok,17,17,15.4,398.6
mpp,15.0,7,ack-1f,w,3,3,0,ctl,ok,0,0,13.6,398.6
mpp,15.0,7,w48-16qam-r2/3,w48,19,2,1,data,ok,17,17,16.3,398.6
mpp,15.0,7,ack-1f,w,2,2,0,ctl,ok,0,0,10.2,398.6
mpp,15.0,7,w48-16qam-r2/3,w48,19,1,0,data,ok,18,18,16.3,398.6
mpp,15.0,7,ack-1f,w,2,2,0,ctl,ok,0,0,12.9,398.6
mpp,15.0,7,w48-16qam-r2/3,w48,19,1,0,data,ok,18,18,15.4,398.6
mpp,15.0,7,ack-1f,w,2,2,0,ctl,ok,0,0,14.7,398.6
mpp,15.0,7,w48-16qam-r2/3,w48,19,1,0,data,ok,18,18,16.1,398.6
mpp,15.0,7,ack-1f,w,2,2,0,ctl,ok,0,0,13.8,398.6
mpp,15.0,7,w48-16qam-r2/3,w48,19,1,0,data,ok,18,18,16.9,398.6
mpp,15.0,7,ack-1f,w,2,2,0,ctl,ok,0,0,17.5,398.6
mpp,15.0,7,w48-16qam-r2/3,w48,19,1,0,data,ok,18,18,16.0,398.6
mpp,15.0,7,ack-1f,w,2,2,0,ctl,ok,0,0,13.8,398.6
mpp,15.0,7,w48-16qam-r2/3,w48,19,1,0,data,ok,18,18,15.1,398.6
mpp,15.0,7,ack-1f,w,2,2,0,ctl,ok,0,0,12.2,398.6
mpp,15.0,7,w48-16qam-r2/3,w48,19,1,0,data,ok,18,18,17.1,398.6
mpp,15.0,7,ack-1f,w,2,2,0,ctl,ok,0,0,18.1,398.6
mpp,15.0,7,w48-16qam-r2/3,w48,19,1,0,data,ok,18,18,16.1,398.6
mpp,15.0,7,ack-1f,w,2,2,0,ctl,ok,0,0,16.5,398.6
mpp,15.0,7,w48-16qam-r2/3,w48,19,1,0,data,ok,18,18,15.2,398.6
mpp,15.0,7,ack-1f,w,2,2,0,ctl,ok,0,0,18.3,398.6
mpp,15.0,7,w48-16qam-r2/3,w48,19,1,0,data,ok,18,18,14.8,398.6
mpp,15.0,7,ack-1f,w,2,2,0,ctl,ok,0,0,18.4,398.6
mpp,15.0,7,w48-16qam-r2/3,w48,19,1,0,data,ok,18,18,15.3,398.6
mpp,15.0,7,ack-1f,w,2,2,0,ctl,ok,0,0,19.1,398.6
mpp,15.0,7,w48-16qam-r2/3,w48,19,1,0,data,ok,18,18,15.5,398.6
mpp,15.0,7,ack-1f,w,2,2,0,ctl,ok,0,0,16.0,398.6
mpp,15.0,7,w48-16qam-r2/3,w48,19,1,0,data,ok,18,18,15.1,398.6
mpp,15.0,7,ack-1f,w,2,2,0,ctl,ok,0,0,17.8,398.6
mpp,15.0,7,w48-16qam-r2/3,w48,19,1,0,data,ok,18,18,15.6,398.6
mpp,15.0,9,qpsk-r1/5,w,1,1,0,ctl,ok,0,0,16.0,388.0
mpp,15.0,9,qpsk-r1/5,w,1,1,0,ctl,ok,0,0,15.5,388.0
mpp,15.0,9,ack-4f,w,3,3,0,ctl,ok,0,0,17.2,388.0
mpp,15.0,9,ack-1f,w,2,2,0,ctl,ok,0,0,15.5,388.0
mpp,15.0,9,w48-16qam-r1/2,w48,19,1,0,data,ok,18,18,14.9,388.0
mpp,15.0,9,ack-1f,w,2,2,0,ctl,ok,0,0,16.9,388.0
mpp,15.0,9,w48-16qam-r1/2,w48,19,1,0,data,ok,18,18,14.1,388.0
mpp,15.0,9,ack-1f,w,2,2,0,ctl,ok,0,0,18.4,388.0
mpp,15.0,9,w48-16qam-r1/2,w48,19,1,0,data,ok,18,18,17.0,388.0
mpp,15.0,9,ack-1f,w,3,3,0,ctl,ok,0,0,15.6,388.0
mpp,15.0,9,w48-16qam-r2/3,w48,19,2,1,data,ok,17,17,16.5,388.0
mpp,15.0,9,ack-1f,w,2,2,0,ctl,ok,0,0,17.0,388.0
mpp,15.0,9,w48-16qam-r2/3,w48,19,1,0,data,ok,18,18,15.9,388.0
mpp,15.0,9,ack-1f,w,3,3,0,ctl,ok,0,0,19.0,388.0
mpp,15.0,9,w48-16qam-r2/3,w48,19,2,1,data,ok,17,17,16.2,388.0
mpp,15.0,9,ack-1f,w,3,3,0,ctl,ok,0,0,14.3,388.0
mpp,15.0,9,w48-16qam-r2/3,w48,19,2,1,data,ok,17,17,15.0,388.0
mpp,15.0,9,ack-1f,w,3,3,0,ctl,ok,0,0,16.9,388.0
mpp,15.0,9,w48-16qam-r2/3,w48,19,2,1,data,ok,17,17,15.9,388.0
mpp,15.0,9,ack-1f,w,3,3,0,ctl,ok,0,0,18.9,388.0
mpp,15.0,9,w48-16qam-r2/3,w48,19,2,1,data,ok,17,17,17.3,388.0
mpp,15.0,9,ack-1f,w,2,2,0,ctl,ok,0,0,14.9,388.0
mpp,15.0,9,w48-16qam-r2/3,w48,19,1,0,data,ok,18,18,16.0,388.0
mpp,15.0,9,ack-1f,w,2,2,0,ctl,ok,0,0,14.0,388.0
mpp,15.0,9,w48-16qam-r2/3,w48,19,1,0,data,ok,18,18,15.6,388.0
mpp,15.0,9,ack-1f,w,2,2,0,ctl,ok,0,0,15.0,388.0
mpp,15.0,9,w48-16qam-r2/3,w48,19,1,0,data,ok,18,18,16.6,388.0
mpp,15.0,9,ack-1f,w,2,2,0,ctl,ok,0,0,18.3,388.0
mpp,15.0,9,w48-16qam-r2/3,w48,19,1,0,data,ok,18,18,16.2,388.0
mpp,15.0,9,ack-1f,w,2,2,0,ctl,ok,0,0,19.8,388.0
mpp,15.0,9,w48-16qam-r2/3,w48,19,1,0,data,ctl_lost,18,9,14.4,388.0
mpp,15.0,9,ack-4f,w,3,3,0,ctl,ok,0,0,15.7,388.0
mpp,15.0,9,ack-4f,w,2,2,0,ctl,ok,0,0,16.8,388.0
mpp,15.0,9,w48-16qam-r1/2,w48,19,1,0,data,ok,18,18,15.8,388.0
mpp,15.0,9,ack-1f,w,3,3,0,ctl,ok,0,0,19.0,388.0
mpp,15.0,9,w48-16qam-r2/3,w48,19,2,1,data,ok,17,17,16.2,388.0
mpp,15.0,9,ack-1f,w,3,3,0,ctl,ok,0,0,17.9,388.0
mpp,15.0,9,w48-16qam-r2/3,w48,19,2,1,data,ok,17,17,16.1,388.0
mpp,15.0,9,ack-1f,w,3,3,0,ctl,ok,0,0,16.8,388.0
mpp,15.0,9,w48-16qam-r2/3,w48,19,2,1,data,ok,17,17,16.6,388.0
mpp,15.0,9,ack-1f,w,2,2,0,ctl,ok,0,0,17.8,388.0
mpp,15.0,9,w48-16qam-r2/3,w48,19,1,0,data,ok,18,18,16.6,388.0
mpp,15.0,9,ack-1f,w,2,2,0,ctl,ok,0,0,15.0,388.0
mpp,15.0,9,w48-16qam-r2/3,w48,19,1,0,data,ok,18,18,16.0,388.0
mpp,15.0,9,ack-1f,w,2,2,0,ctl,ok,0,0,21.6,388.0
mpp,15.0,9,w48-16qam-r2/3,w48,19,1,0,data,ok,18,18,16.0,388.0
mpp,15.0,9,ack-1f,w,2,2,0,ctl,ok,0,0,13.8,388.0
mpp,15.0,9,w48-16qam-r2/3,w48,19,1,0,data,ok,18,18,15.1,388.0
mpp,15.0,9,ack-1f,w,2,2,0,ctl,ok,0,0,11.4,388.0
mpp,15.0,9,w48-16qam-r2/3,w48,19,1,0,data,ok,18,18,16.5,388.0
mpp,15.0,9,ack-1f,w,2,2,0,ctl,ok,0,0,16.0,388.0
mpp,15.0,9,w48-16qam-r2/3,w48,19,1,0,data,ok,18,17,15.5,388.0
mpp,15.0,9,ack-1f,w,3,3,0,ctl,ok,0,0,15.3,388.0
mpp,15.0,9,w48-16qam-r2/3,w48,19,1,0,data,ok,17,17,16.0,388.0
mpp,15.0,9,ack-1f,w,2,2,0,ctl,ok,0,0,11.7,388.0
mpp,15.0,9,w48-16qam-r2/3,w48,19,1,0,data,ok,18,18,15.7,388.0
mpp,15.0,9,ack-1f,w,2,2,0,ctl,ok,0,0,15.6,388.0
mpp,15.0,9,w48-16qam-r2/3,w48,19,1,0,data,ok,18,18,15.1,388.0
mpp,15.0,9,ack-1f,w,2,2,0,ctl,ok,0,0,12.9,388.0
mpp,15.0,9,w48-16qam-r2/3,w48,19,1,0,data,ok,18,18,15.9,388.0
mpp,15.0,9,ack-1f,w,2,2,0,ctl,ok,0,0,17.3,388.0
mpp,15.0,9,w48-16qam-r2/3,w48,19,1,0,data,ok,18,18,15.4,388.0
mpp,15.0,9,ack-1f,w,2,2,0,ctl,ok,0,0,19.3,388.0
mpp,15.0,9,w48-16qam-r2/3,w48,19,1,0,data,ok,18,18,15.9,388.0
mpp,15.0,9,ack-1f,w,2,2,0,ctl,ok,0,0,19.3,388.0
mpp,15.0,9,w48-16qam-r2/3,w48,19,1,0,data,ok,18,18,15.5,388.0
mpp,15.0,9,ack-1f,w,2,2,0,ctl,ok,0,0,13.2,388.0
mpp,15.0,9,w48-16qam-r2/3,w48,19,1,0,data,ok,18,18,15.6,388.0
mpp,15.0,9,ack-1f,w,2,2,0,ctl,ok,0,0,21.6,388.0
mpp,15.0,9,w48-16qam-r2/3,w48,19,1,0,data,ok,18,11,15.3,388.0
mpp,15.0,9,ack-1f,w,3,3,0,ctl,ok,0,0,15.1,388.0
mpp,15.0,9,w48-16qam-r2/3,w48,19,1,0,data,ok,11,11,15.1,388.0
mpp,15.0,9,ack-1f,w,2,2,0,ctl,ok,0,0,14.7,388.0
mpp,15.0,9,w48-16qam-r2/3,w48,19,1,0,data,ok,18,18,15.3,388.0
mpp,15.0,9,ack-1f,w,2,2,0,ctl,ok,0,0,18.5,388.0
mpp,15.0,9,w48-16qam-r2/3,w48,19,1,0,data,ok,18,18,17.1,388.0
mpp,15.0,9,ack-1f,w,2,2,0,ctl,ok,0,0,18.0,388.0
mpp,15.0,9,w48-16qam-r2/3,w48,19,1,0,data,ok,18,18,15.2,388.0
mpp,15.0,9,ack-1f,w,2,2,0,ctl,ok,0,0,20.8,388.0
mpp,15.0,9,w48-16qam-r2/3,w48,19,1,0,data,ok,18,18,15.2,388.0
mpp,15.0,9,ack-1f,w,2,2,0,ctl,ok,0,0,20.5,388.0
mpp,15.0,9,w48-16qam-r2/3,w48,19,1,0,data,ok,18,18,16.2,388.0
mpp,15.0,9,ack-1f,w,2,2,0,ctl,ok,0,0,17.1,388.0
mpp,15.0,9,w48-16qam-r2/3,w48,19,1,0,data,ok,18,18,15.9,388.0
mpp,15.0,9,ack-1f,w,2,2,0,ctl,ok,0,0,19.9,388.0
mpp,15.0,9,w48-16qam-r2/3,w48,19,1,0,data,ok,18,18,16.9,388.0
mpp,15.0,9,ack-1f,w,2,2,0,ctl,ok,0,0,16.6,388.0
mpp,15.0,9,w48-16qam-r2/3,w48,19,1,0,data,ok,18,18,15.6,388.0
mpp,15.0,9,ack-1f,w,2,2,0,ctl,ok,0,0,18.5,388.0
mpp,15.0,9,w48-16qam-r2/3,w48,19,1,0,data,ok,18,18,15.9,388.0
mpp,15.0,9,ack-1f,w,2,2,0,ctl,ok,0,0,17.5,388.0
mpp,15.0,9,w48-16qam-r2/3,w48,19,1,0,data,ok,18,18,16.0,388.0
mpp,15.0,9,ack-1f,w,2,2,0,ctl,ok,0,0,18.0,388.0
mpp,15.0,9,w48-16qam-r2/3,w48,19,1,0,data,ok,18,18,15.6,388.0
mpp,15.0,8,qpsk-r1/5,w,1,1,0,ctl,ok,0,0,19.1,374.0
mpp,15.0,8,qpsk-r1/5,w,1,1,0,ctl,ok,0,0,20.7,374.0
mpp,15.0,8,ack-4f,w,3,3,0,ctl,ok,0,0,17.4,374.0
mpp,15.0,8,ack-1f,w,3,3,0,ctl,ok,0,0,20.3,374.0
mpp,15.0,8,w48-16qam-r2/3,w48,19,2,1,data,ok,17,17,16.2,374.0
mpp,15.0,8,ack-1f,w,3,3,0,ctl,ok,0,0,14.2,374.0
mpp,15.0,8,w48-16qam-r2/3,w48,19,2,1,data,ok,17,17,16.9,374.0
mpp,15.0,8,ack-1f,w,2,2,0,ctl,ok,0,0,14.7,374.0
mpp,15.0,8,w48-16qam-r2/3,w48,19,1,0,data,ok,18,18,16.2,374.0
mpp,15.0,8,ack-1f,w,2,2,0,ctl,ok,0,0,16.7,374.0
mpp,15.0,8,w48-16qam-r2/3,w48,19,1,0,data,ok,18,18,15.6,374.0
mpp,15.0,8,ack-1f,w,3,3,0,ctl,ok,0,0,20.1,374.0
mpp,15.0,8,w48-16qam-r2/3,w48,19,2,1,data,ok,17,17,16.2,374.0
mpp,15.0,8,ack-1f,w,2,2,0,ctl,ok,0,0,15.5,374.0
mpp,15.0,8,w48-16qam-r2/3,w48,19,1,0,data,ok,18,18,16.1,374.0
mpp,15.0,8,ack-1f,w,2,2,0,ctl,ok,0,0,19.1,374.0
mpp,15.0,8,w48-16qam-r2/3,w48,19,1,0,data,ctl_lost,18,15,15.2,374.0
mpp,15.0,8,ack-4f,w,2,2,0,ctl,ok,0,0,20.1,374.0
mpp,15.0,8,ack-4f,w,3,3,0,ctl,ok,0,0,17.4,374.0
mpp,15.0,8,w48-16qam-r2/3,w48,19,2,1,data,ok,17,17,16.9,374.0
mpp,15.0,8,ack-1f,w,3,3,0,ctl,ok,0,0,16.2,374.0
mpp,15.0,8,w48-16qam-r2/3,w48,19,2,1,data,ok,17,17,15.8,374.0
mpp,15.0,8,ack-1f,w,3,3,0,ctl,ok,0,0,18.7,374.0
mpp,15.0,8,w48-16qam-r2/3,w48,19,2,1,data,ok,17,17,16.0,374.0
mpp,15.0,8,ack-1f,w,3,3,0,ctl,ok,0,0,20.6,374.0
mpp,15.0,8,w48-16qam-r2/3,w48,19,2,1,data,ok,17,17,15.7,374.0
mpp,15.0,8,ack-1f,w,3,3,0,ctl,ok,0,0,16.2,374.0
mpp,15.0,8,w48-16qam-r2/3,w48,19,2,1,data,ok,17,17,16.2,374.0
mpp,15.0,8,ack-1f,w,3,3,0,ctl,ok,0,0,19.2,374.0
mpp,15.0,8,w48-16qam-r2/3,w48,19,2,1,data,ok,17,17,16.5,374.0
mpp,15.0,8,ack-1f,w,2,2,0,ctl,ok,0,0,18.1,374.0
mpp,15.0,8,w48-16qam-r2/3,w48,19,1,0,data,ok,18,18,17.1,374.0
mpp,15.0,8,ack-1f,w,2,2,0,ctl,ok,0,0,19.3,374.0
mpp,15.0,8,w48-16qam-r2/3,w48,19,1,0,data,ok,18,18,15.8,374.0
mpp,15.0,8,ack-1f,w,2,2,0,ctl,ok,0,0,18.0,374.0
mpp,15.0,8,w48-16qam-r2/3,w48,19,1,0,data,ok,18,18,15.4,374.0
mpp,15.0,8,ack-1f,w,2,2,0,ctl,ok,0,0,20.1,374.0
mpp,15.0,8,w48-16qam-r2/3,w48,19,1,0,data,ok,18,18,15.5,374.0
mpp,15.0,8,ack-1f,w,2,2,0,ctl,ok,0,0,20.2,374.0
mpp,15.0,8,w48-16qam-r2/3,w48,19,1,0,data,ok,18,18,15.8,374.0
mpp,15.0,8,ack-1f,w,2,2,0,ctl,ok,0,0,18.7,374.0
mpp,15.0,8,w48-16qam-r2/3,w48,19,1,0,data,ok,18,18,16.0,374.0
mpp,15.0,8,ack-1f,w,2,2,0,ctl,ok,0,0,18.1,374.0
mpp,15.0,8,w48-16qam-r2/3,w48,19,1,0,data,ok,18,18,16.7,374.0
mpp,15.0,8,ack-1f,w,2,2,0,ctl,ok,0,0,17.2,374.0
mpp,15.0,8,w48-16qam-r2/3,w48,19,1,0,data,ok,18,18,15.5,374.0
mpp,15.0,8,ack-1f,w,2,2,0,ctl,ok,0,0,16.0,374.0
mpp,15.0,8,w48-16qam-r2/3,w48,19,1,0,data,ok,18,16,14.9,374.0
mpp,15.0,8,ack-1f,w,3,3,0,ctl,ok,0,0,18.7,374.0
mpp,15.0,8,w48-16qam-r2/3,w48,19,1,0,data,ok,16,16,15.4,374.0
mpp,15.0,8,ack-1f,w,2,2,0,ctl,ok,0,0,17.9,374.0
mpp,15.0,8,w48-16qam-r2/3,w48,19,1,0,data,ok,18,18,16.9,374.0
mpp,15.0,8,ack-1f,w,2,2,0,ctl,ok,0,0,19.3,374.0
mpp,15.0,8,w48-16qam-r2/3,w48,19,1,0,data,ok,18,18,16.9,374.0
mpp,15.0,8,ack-1f,w,2,2,0,ctl,ok,0,0,18.5,374.0
mpp,15.0,8,w48-16qam-r2/3,w48,19,1,0,data,ok,18,18,17.1,374.0
mpp,15.0,8,ack-1f,w,2,2,0,ctl,ok,0,0,18.3,374.0
mpp,15.0,8,w48-16qam-r2/3,w48,19,1,0,data,ok,18,18,15.9,374.0
mpp,15.0,8,ack-1f,w,2,2,0,ctl,ok,0,0,21.2,374.0
mpp,15.0,8,w48-16qam-r2/3,w48,19,1,0,data,ok,18,18,16.6,374.0
mpp,15.0,8,ack-1f,w,2,2,0,ctl,ok,0,0,18.6,374.0
mpp,15.0,8,w48-16qam-r2/3,w48,19,1,0,data,ctl_lost,18,18,14.4,374.0
mpp,15.0,8,ack-4f,w,3,3,0,ctl,ok,0,0,18.5,374.0
mpp,15.0,8,ack-4f,w,3,3,0,ctl,ok,0,0,14.5,374.0
mpp,15.0,8,w48-16qam-r2/3,w48,19,2,1,data,ok,17,17,15.2,374.0
mpp,15.0,8,ack-1f,w,3,3,0,ctl,ok,0,0,20.0,374.0
mpp,15.0,8,w48-16qam-r2/3,w48,19,2,1,data,ok,17,14,14.9,374.0
mpp,15.0,8,ack-1f,w,4,4,0,ctl,ok,0,0,13.1,374.0
mpp,15.0,8,w48-16qam-r2/3,w48,19,2,1,data,ok,14,14,17.3,374.0
mpp,15.0,8,ack-1f,w,2,2,0,ctl,ok,0,0,20.1,374.0
mpp,15.0,8,w48-16qam-r2/3,w48,19,1,0,data,ok,18,17,15.6,374.0
mpp,15.0,8,ack-1f,w,3,3,0,ctl,ok,0,0,18.1,374.0
mpp,15.0,8,w48-16qam-r2/3,w48,19,1,0,data,ok,17,17,15.9,374.0
mpp,15.0,8,ack-1f,w,2,2,0,ctl,ok,0,0,19.1,374.0
mpp,15.0,8,w48-16qam-r2/3,w48,19,1,0,data,ok,18,17,14.6,374.0
mpp,15.0,8,ack-1f,w,3,3,0,ctl,ok,0,0,18.8,374.0
mpp,15.0,8,w48-16qam-r2/3,w48,19,1,0,data,ok,17,17,16.6,374.0
mpp,15.0,8,ack-1f,w,2,2,0,ctl,ok,0,0,16.4,374.0
mpp,15.0,8,w48-16qam-r2/3,w48,19,1,0,data,ok,18,18,16.9,374.0
mpp,15.0,8,ack-1f,w,2,2,0,ctl,ok,0,0,13.0,374.0
mpp,15.0,8,w48-16qam-r2/3,w48,19,1,0,data,ok,18,18,16.6,374.0
mpp,15.0,8,ack-1f,w,2,2,0,ctl,ok,0,0,15.6,374.0
mpp,15.0,8,w48-16qam-r2/3,w48,19,1,0,data,ok,18,18,17.1,374.0
mpp,15.0,8,ack-1f,w,2,2,0,ctl,ok,0,0,20.5,374.0
mpp,15.0,8,w48-16qam-r2/3,w48,19,1,0,data,ok,18,18,16.4,374.0
mpp,15.0,8,ack-1f,w,2,2,0,ctl,ok,0,0,19.5,374.0
mpp,15.0,8,w48-16qam-r2/3,w48,19,1,0,data,ok,18,18,15.6,374.0
mpp,15.0,8,ack-1f,w,2,2,0,ctl,ok,0,0,19.5,374.0
mpp,15.0,8,w48-16qam-r2/3,w48,19,1,0,data,ok,18,12,15.3,374.0
mpp,15.0,8,ack-1f,w,3,3,0,ctl,ok,0,0,17.7,374.0
mpp,15.0,8,w48-16qam-r2/3,w48,19,1,0,data,ok,12,12,16.3,374.0
mpp,15.0,8,ack-1f,w,2,2,0,ctl,ok,0,0,17.3,374.0
mpp,15.0,8,w48-16qam-r2/3,w48,19,1,0,data,ok,18,18,15.1,374.0
mpp,15.0,5,qpsk-r1/5,w,1,1,0,ctl,ok,0,0,16.5,344.2
mpp,15.0,5,qpsk-r1/5,w,1,1,0,ctl,ok,0,0,16.1,344.2
mpp,15.0,5,ack-4f,w,3,3,0,ctl,ok,0,0,18.5,344.2
mpp,15.0,5,ack-1f,w,2,2,0,ctl,ok,0,0,18.7,344.2
mpp,15.0,5,w48-16qam-r1/2,w48,19,1,0,data,ok,18,18,16.5,344.2
mpp,15.0,5,ack-1f,w,3,3,0,ctl,ok,0,0,21.1,344.2
mpp,15.0,5,w48-16qam-r2/3,w48,19,2,1,data,ok,17,17,16.7,344.2
mpp,15.0,5,ack-1f,w,2,2,0,ctl,ok,0,0,18.5,344.2
mpp,15.0,5,w48-16qam-r2/3,w48,19,1,0,data,ok,18,18,16.3,344.2
mpp,15.0,5,ack-1f,w,3,3,0,ctl,ok,0,0,15.3,344.2
mpp,15.0,5,w48-16qam-r2/3,w48,19,2,1,data,ok,17,17,14.8,344.2
mpp,15.0,5,ack-1f,w,3,3,0,ctl,ok,0,0,17.6,344.2
mpp,15.0,5,w48-16qam-r2/3,w48,19,2,1,data,ok,17,17,15.8,344.2
mpp,15.0,5,ack-1f,w,3,3,0,ctl,ok,0,0,14.8,344.2
mpp,15.0,5,w48-16qam-r2/3,w48,19,2,1,data,ok,17,17,15.7,344.2
mpp,15.0,5,ack-1f,w,3,3,0,ctl,ok,0,0,13.8,344.2
mpp,15.0,5,w48-16qam-r2/3,w48,19,2,1,data,ok,17,17,15.9,344.2
mpp,15.0,5,ack-1f,w,2,2,0,ctl,ok,0,0,15.7,344.2
mpp,15.0,5,w48-16qam-r2/3,w48,19,1,0,data,ctl_lost,18,7,14.8,344.2
mpp,15.0,5,ack-4f,w,3,3,0,ctl,ok,0,0,18.9,344.2
mpp,15.0,5,ack-4f,w,3,3,0,ctl,ok,0,0,17.2,344.2
mpp,15.0,5,w48-16qam-r2/3,w48,19,2,1,data,ok,17,17,15.7,344.2
mpp,15.0,5,ack-1f,w,3,3,0,ctl,ok,0,0,13.9,344.2
mpp,15.0,5,w48-16qam-r2/3,w48,19,2,1,data,ok,17,17,16.2,344.2
mpp,15.0,5,ack-1f,w,3,3,0,ctl,ok,0,0,19.2,344.2
mpp,15.0,5,w48-16qam-r2/3,w48,19,2,1,data,ok,17,17,15.6,344.2
mpp,15.0,5,ack-1f,w,3,3,0,ctl,ok,0,0,17.2,344.2
mpp,15.0,5,w48-16qam-r2/3,w48,19,2,1,data,ok,17,17,15.3,344.2
mpp,15.0,5,ack-1f,w,3,3,0,ctl,ok,0,0,16.7,344.2
mpp,15.0,5,w48-16qam-r2/3,w48,19,2,1,data,ok,17,17,15.4,344.2
mpp,15.0,5,ack-1f,w,3,3,0,ctl,ok,0,0,15.7,344.2
mpp,15.0,5,w48-16qam-r2/3,w48,19,2,1,data,ok,17,17,15.5,344.2
mpp,15.0,5,ack-1f,w,3,3,0,ctl,ok,0,0,16.5,344.2
mpp,15.0,5,w48-16qam-r2/3,w48,19,2,1,data,ok,17,17,16.5,344.2
mpp,15.0,5,ack-1f,w,2,2,0,ctl,ok,0,0,17.2,344.2
mpp,15.0,5,w48-16qam-r2/3,w48,19,1,0,data,ok,18,18,15.4,344.2
mpp,15.0,5,ack-1f,w,2,2,0,ctl,ok,0,0,20.5,344.2
mpp,15.0,5,w48-16qam-r2/3,w48,19,1,0,data,ok,18,18,16.8,344.2
mpp,15.0,5,ack-1f,w,2,2,0,ctl,ok,0,0,19.4,344.2
mpp,15.0,5,w48-16qam-r2/3,w48,19,1,0,data,ok,18,18,14.4,344.2
mpp,15.0,5,ack-1f,w,2,2,0,ctl,ok,0,0,19.4,344.2
mpp,15.0,5,w48-16qam-r2/3,w48,19,1,0,data,ok,18,17,15.1,344.2
mpp,15.0,5,ack-1f,w,3,3,0,ctl,ok,0,0,15.0,344.2
mpp,15.0,5,w48-16qam-r2/3,w48,19,2,1,data,ok,16,0,14.4,344.2
mpp,15.0,5,ack-1f,w,3,3,0,ctl,ok,0,0,15.6,344.2
mpp,15.0,5,w48-16qam-r2/3,w48,19,2,1,data,ok,1,1,16.4,344.2
mpp,15.0,5,ack-1f,w,2,2,0,ctl,ok,0,0,18.7,344.2
mpp,15.0,5,w48-16qam-r2/3,w48,19,1,0,data,ok,18,18,16.9,344.2
mpp,15.0,5,ack-1f,w,2,2,0,ctl,ok,0,0,16.1,344.2
mpp,15.0,5,w48-16qam-r2/3,w48,19,1,0,data,ok,18,18,16.4,344.2
mpp,15.0,5,ack-1f,w,2,2,0,ctl,ok,0,0,15.1,344.2
mpp,15.0,5,w48-16qam-r2/3,w48,19,1,0,data,ok,18,16,15.4,344.2
mpp,15.0,5,ack-1f,w,3,3,0,ctl,ok,0,0,19.7,344.2
mpp,15.0,5,w48-16qam-r2/3,w48,19,1,0,data,ok,16,16,15.9,344.2
mpp,15.0,5,ack-1f,w,2,2,0,ctl,ok,0,0,19.7,344.2
mpp,15.0,5,w48-16qam-r2/3,w48,19,1,0,data,ok,18,16,15.1,344.2
mpp,15.0,5,ack-1f,w,3,3,0,ctl,ok,0,0,17.8,344.2
mpp,15.0,5,w48-16qam-r2/3,w48,19,1,0,data,ok,16,16,17.3,344.2
mpp,15.0,5,ack-1f,w,2,2,0,ctl,ok,0,0,18.0,344.2
mpp,15.0,5,w48-16qam-r2/3,w48,19,1,0,data,ok,18,14,14.7,344.2
mpp,15.0,5,ack-1f,w,3,3,0,ctl,ok,0,0,19.7,344.2
mpp,15.0,5,w48-16qam-r2/3,w48,19,1,0,data,ok,14,14,16.4,344.2
mpp,15.0,5,ack-1f,w,2,2,0,ctl,ok,0,0,12.0,344.2
mpp,15.0,5,w48-16qam-r2/3,w48,19,1,0,data,ok,18,18,16.5,344.2
mpp,15.0,5,ack-1f,w,2,2,0,ctl,ok,0,0,14.9,344.2
mpp,15.0,5,w48-16qam-r2/3,w48,19,1,0,data,ok,18,16,14.9,344.2
mpp,15.0,5,ack-1f,w,3,3,0,ctl,ok,0,0,20.9,344.2
mpp,15.0,5,w48-16qam-r2/3,w48,19,1,0,data,ctl_lost,16,0,14.0,344.2
mpp,15.0,5,ack-4f,w,3,3,0,ctl,ok,0,0,17.7,344.2
mpp,15.0,5,ack-4f,w,4,4,0,ctl,ok,0,0,19.2,344.2
mpp,15.0,5,w48-16qam-r2/3,w48,19,2,1,data,ok,15,15,16.1,344.2
mpp,15.0,5,ack-1f,w,2,2,0,ctl,ok,0,0,16.8,344.2
mpp,15.0,5,w48-16qam-r2/3,w48,19,1,0,data,ctl_lost,18,7,14.7,344.2
mpp,15.0,5,ack-4f,w,3,3,0,ctl,ok,0,0,15.8,344.2
mpp,15.0,5,ack-4f,w,2,2,0,ctl,ok,0,0,18.6,344.2
mpp,15.0,5,w48-16qam-r1/2,w48,19,1,0,data,ok,18,18,16.8,344.2
mpp,15.0,5,ack-1f,w,3,3,0,ctl,ok,0,0,15.5,344.2
mpp,15.0,5,w48-16qam-r2/3,w48,19,2,1,data,ok,17,12,14.9,344.2
mpp,15.0,5,ack-1f,w,4,4,0,ctl,ok,0,0,16.2,344.2
mpp,15.0,5,w48-16qam-r2/3,w48,19,2,1,data,ok,13,9,14.4,344.2
mpp,15.0,5,ack-1f,w,4,4,0,ctl,ok,0,0,18.7,344.2
mpp,15.0,5,w48-16qam-r2/3,w48,19,2,1,data,ok,13,13,15.2,344.2
mpp,15.0,5,ack-1f,w,3,3,0,ctl,ok,0,0,11.6,344.2
mpp,15.0,5,w48-16qam-r2/3,w48,19,2,1,data,ok,17,17,15.8,344.2
mpp,15.0,5,ack-1f,w,2,2,0,ctl,ok,0,0,17.6,344.2
mpp,15.0,5,w48-16qam-r2/3,w48,19,1,0,data,ok,18,18,16.1,344.2
mpp,15.0,5,ack-1f,w,2,2,0,ctl,ok,0,0,17.6,344.2
mpp,15.0,5,w48-16qam-r2/3,w48,19,1,0,data,ok,18,18,15.6,344.2
mpp,15.0,5,ack-1f,w,2,2,0,ctl,ok,0,0,17.8,344.2
mpp,15.0,5,w48-16qam-r2/3,w48,19,1,0,data,ok,18,18,16.0,344.2
mpp,15.0,5,ack-1f,w,2,2,0,ctl,ok,0,0,17.5,344.2
mpp,15.0,5,w48-16qam-r2/3,w48,19,1,0,data,ok,18,18,15.9,344.2
mpp,15.0,5,ack-1f,w,2,2,0,ctl,ok,0,0,13.7,344.2
mpp,15.0,5,w48-16qam-r2/3,w48,19,1,0,data,ok,18,18,16.3,344.2
mpg,-4.0,1,qpsk-r1/5,w,1,1,0,ctl,ok,0,0,-0.5,16.6
mpg,-4.0,1,qpsk-r1/5,w,1,1,0,ctl,ctl_lost,0,0,-4.1,16.6
mpg,-4.0,1,n4-qpsk-r1/3,n4,1,1,0,ctl,ok,0,0,-0.6,16.6
mpg,-4.0,1,n4-qpsk-r1/3,n4,1,1,0,ctl,ok,0,0,1.8,16.6
mpg,-4.0,1,ack-4f,w,3,3,0,ctl,ok,0,0,1.6,16.6
mpg,-4.0,1,ack-1f,w,3,3,0,ctl,ok,0,0,0.6,16.6
mpg,-4.0,1,qpsk-r1/2,w,9,2,1,data,ok,7,7,2.9,16.6
mpg,-4.0,1,ack-4f,w,3,3,0,ctl,ok,0,0,1.7,16.6
mpg,-4.0,1,qpsk-r1/2,w,9,2,1,data,ok,7,0,-0.0,16.6
mpg,-4.0,1,ack-4f,w,3,3,0,ctl,ok,0,0,-1.4,16.6
mpg,-4.0,1,qpsk-r1/3,w,9,2,1,data,ok,7,0,-3.4,16.6
mpg,-4.0,1,ack-4f,w,3,3,0,ctl,ok,0,0,-2.1,16.6
mpg,-4.0,1,qpsk-r1/5,w,9,2,1,data,ok,7,7,-2.0,16.6
mpg,-4.0,1,ack-4f,w,3,3,0,ctl,ctl_lost,0,0,-7.2,16.6
mpg,-4.0,1,ack-4f,w,4,4,0,ctl,ok,0,0,-0.8,16.6
mpg,-4.0,1,ack-4f,w,3,3,0,ctl,ok,0,0,1.9,16.6
mpg,-4.0,1,qpsk-r1/3,w,9,2,1,data,ok,7,7,-0.3,16.6
mpg,-4.0,1,n10-ack-4f,n10,3,3,0,ctl,ok,0,0,0.3,16.6
mpg,-4.0,1,qpsk-r1/3,w,9,2,1,data,ok,7,7,0.7,16.6
mpg,-4.0,1,polar-k96-f4,w,1,1,0,ctl,ok,0,0,0.3,16.6
mpg,-4.0,1,qpsk-r1/3,w,9,2,1,data,ok,7,0,-6.2,16.6
mpg,-4.0,1,n10-ack-4f,n10,3,3,0,ctl,ctl_lost,0,0,-8.7,16.6
mpg,-4.0,1,ack-4f,w,2,2,0,ctl,ok,0,0,-1.4,16.6
mpg,-4.0,1,ack-4f,w,3,3,0,ctl,ok,0,0,1.6,16.6
mpg,-4.0,1,qpsk-r1/5,w,9,2,1,data,ok,7,0,-5.7,16.6
mpg,-4.0,1,n10-ack-4f,n10,3,3,,ctl,missed,0,0,,16.6
mpg,-4.0,1,ack-4f,w,4,4,0,ctl,ok,0,0,-4.4,16.6
mpg,-4.0,1,ack-4f,w,3,3,0,ctl,ok,0,0,-7.1,16.6
mpg,-4.0,1,qpsk-r1/5,w,9,2,1,data,ok,7,7,-1.8,16.6
mpg,-4.0,1,n10-ack-4f,n10,3,3,0,ctl,ok,0,0,-5.8,16.6
mpg,-4.0,1,qpsk-r1/5,w,9,2,1,data,ok,7,7,-2.3,16.6
mpg,-4.0,1,n4-ack-8f,n4,2,2,0,ctl,ok,0,0,-7.5,16.6
mpg,-4.0,1,qpsk-r1/5,w,9,1,0,data,ok,8,8,0.2,16.6
mpg,-4.0,1,n10-ack-4f,n10,3,3,0,ctl,ok,0,0,1.6,16.6
mpg,-4.0,1,qpsk-r1/3,w,9,2,1,data,ok,7,0,-1.4,16.6
mpg,-4.0,1,n10-ack-4f,n10,2,2,0,ctl,ok,0,0,-6.1,16.6
mpg,-4.0,1,qpsk-r1/5,w,9,1,,data,missed,0,0,,16.6
mpg,-4.0,1,ack-4f,w,4,4,0,ctl,ok,0,0,2.9,16.6
mpg,-4.0,1,ack-4f,w,3,3,0,ctl,ok,0,0,2.8,16.6
mpg,-4.0,1,qpsk-r1/3,w,9,2,1,data,ok,7,7,0.9,16.6
mpg,-4.0,1,n10-ack-4f,n10,2,2,0,ctl,ok,0,0,0.7,16.6
mpg,-4.0,1,qpsk-r1/3,w,9,1,0,data,ctl_lost,8,4,-1.6,16.6
mpg,-4.0,1,ack-4f,w,3,3,0,ctl,ok,0,0,-4.0,16.6
mpg,-4.0,1,ack-4f,w,2,2,0,ctl,ok,0,0,-1.4,16.6
mpg,-4.0,1,qpsk-r1/5,w,9,1,0,data,ok,8,8,-2.4,16.6
mpg,-4.0,1,n10-ack-4f,n10,3,3,0,ctl,ok,0,0,-2.6,16.6
mpg,-4.0,1,qpsk-r1/5,w,9,2,1,data,ok,7,7,-0.1,16.6
mpg,-4.0,1,n10-ack-4f,n10,2,2,0,ctl,ok,0,0,-2.0,16.6
mpg,-4.0,1,qpsk-r1/5,w,9,1,0,data,ok,8,8,0.9,16.6
mpg,-4.0,1,n10-ack-4f,n10,3,3,0,ctl,ok,0,0,-5.8,16.6
mpg,-4.0,1,qpsk-r1/3,w,9,2,1,data,ok,7,7,1.4,16.6
mpg,-4.0,1,n10-ack-4f,n10,3,3,0,ctl,ok,0,0,3.6,16.6
mpg,-4.0,1,qpsk-r1/2,w,9,2,1,data,ok,7,0,-0.6,16.6
mpg,-4.0,1,ack-1f,w,2,2,0,ctl,ok,0,0,-2.3,16.6
mpg,-4.0,1,qpsk-r1/5,w,9,1,0,data,ok,8,8,-2.2,16.6
mpg,-4.0,1,n10-ack-4f,n10,2,2,0,ctl,ok,0,0,3.6,16.6
mpg,-4.0,1,qpsk-r1/5,w,9,1,0,data,ok,8,8,-0.9,16.6
mpg,-4.0,1,ack-1f,w,2,2,0,ctl,ok,0,0,0.2,16.6
mpg,-4.0,1,qpsk-r1/5,w,9,1,0,data,ok,8,8,-2.4,16.6
mpg,-4.0,1,ack-1f,w,2,2,0,ctl,ctl_lost,0,0,-2.0,16.6
mpg,-4.0,1,ack-4f,w,3,3,0,ctl,ok,0,0,-4.4,16.6
mpg,-4.0,1,ack-4f,w,2,2,0,ctl,ok,0,0,-2.3,16.6
mpg,-4.0,1,qpsk-r1/5,w,9,1,0,data,ctl_lost,8,0,-6.6,16.6
mpg,-4.0,1,ack-4f,w,3,3,0,ctl,ok,0,0,-7.2,16.6
mpg,-4.0,1,ack-4f,w,3,3,0,ctl,ok,0,0,-6.1,16.6
mpg,-4.0,1,qpsk-r1/5,w,9,2,1,data,ok,7,7,1.2,16.6
mpg,-4.0,1,n10-ack-4f,n10,3,3,0,ctl,ok,0,0,-10.3,16.6
mpg,-4.0,1,qpsk-r1/3,w,9,2,1,data,ok,7,7,0.2,16.6
mpg,-4.0,1,n10-ack-4f,n10,3,3,0,ctl,ok,0,0,-5.0,16.6
mpg,-4.0,1,qpsk-r1/3,w,9,2,1,data,ok,7,7,0.1,16.6
mpg,-4.0,1,n10-ack-4f,n10,3,3,0,ctl,ok,0,0,-8.5,16.6
mpg,-4.0,1,qpsk-r1/3,w,9,2,1,data,ok,7,7,-0.4,16.6
mpg,-4.0,1,n10-ack-4f,n10,3,3,0,ctl,ok,0,0,3.5,16.6
mpg,-4.0,1,qpsk-r1/3,w,9,2,1,data,ok,7,7,1.8,16.6
mpg,-4.0,1,n10-ack-4f,n10,2,2,0,ctl,ok,0,0,-0.8,16.6
mpg,-4.0,1,qpsk-r1/3,w,9,1,0,data,ctl_lost,8,0,-1.9,16.6
mpg,-4.0,1,ack-4f,w,3,3,0,ctl,ok,0,0,-3.7,16.6
mpg,-4.0,1,ack-4f,w,3,3,0,ctl,ok,0,0,-0.1,16.6
mpg,-4.0,1,qpsk-r1/5,w,9,2,1,data,ctl_lost,7,0,-5.8,16.6
mpg,-4.0,1,ack-4f,w,4,4,0,ctl,ok,0,0,-3.3,16.6
mpg,-4.0,1,ack-4f,w,2,2,0,ctl,ok,0,0,-2.6,16.6
mpg,-4.0,1,fsk32r62-r1/2,c32r62,9,1,0,data,ok,8,7,-0.2,16.6
mpg,-4.0,1,n10-ack-4f,n10,3,3,,ctl,missed,0,0,,16.6
mpg,-4.0,1,ack-4f,w,4,4,0,ctl,ok,0,0,-2.1,16.6
mpg,-4.0,1,ack-4f,w,3,3,0,ctl,ok,0,0,1.0,16.6
mpg,-4.0,1,fsk32r62-r1/2,c32r62,9,1,0,data,ok,8,8,-0.8,16.6
mpg,-4.0,1,n10-ack-4f,n10,3,3,0,ctl,ctl_lost,0,0,-6.4,16.6
mpg,-4.0,1,ack-4f,w,3,3,0,ctl,ok,0,0,-1.2,16.6
mpg,-4.0,1,ack-4f,w,3,3,0,ctl,ok,0,0,0.4,16.6
mpg,-4.0,1,qpsk-r1/5,w,9,2,1,data,ok,7,7,-0.3,16.6
mpg,-4.0,1,n10-ack-4f,n10,3,3,0,ctl,ok,0,0,-6.7,16.6
mpg,-4.0,1,qpsk-r1/3,w,9,2,1,data,ctl_lost,7,0,-6.3,16.6
mpg,-4.0,0,qpsk-r1/5,w,1,1,0,ctl,ok,0,0,-3.3,23.8
mpg,-4.0,0,qpsk-r1/5,w,1,1,0,ctl,ok,0,0,-0.9,23.8
mpg,-4.0,0,ack-4f,w,3,3,0,ctl,ok,0,0,1.6,23.8
mpg,-4.0,0,ack-4f,w,3,3,0,ctl,ok,0,0,-3.8,23.8
mpg,-4.0,0,qpsk-r1/5,w,9,2,1,data,ctl_lost,7,0,-7.9,23.8
mpg,-4.0,0,ack-4f,w,3,3,0,ctl,ok,0,0,-5.6,23.8
mpg,-4.0,0,ack-4f,w,3,3,0,ctl,ok,0,0,-0.5,23.8
mpg,-4.0,0,fsk32r62-r1/2,c32r62,10,2,1,data,ok,8,8,0.5,23.8
mpg,-4.0,0,ack-4f,w,3,3,0,ctl,ok,0,0,-2.5,23.8
mpg,-4.0,0,qpsk-r1/3,w,9,2,1,data,ok,7,7,1.6,23.8
mpg,-4.0,0,ack-4f,w,3,3,0,ctl,ok,0,0,-1.6,23.8
mpg,-4.0,0,qpsk-r1/3,w,9,2,1,data,ok,7,7,-0.4,23.8
mpg,-4.0,0,ack-4f,w,3,3,0,ctl,ok,0,0,1.9,23.8
mpg,-4.0,0,qpsk-r1/3,w,9,2,1,data,ok,7,6,-0.4,23.8
mpg,-4.0,0,ack-4f,w,3,3,0,ctl,ok,0,0,-6.6,23.8
mpg,-4.0,0,qpsk-r1/3,w,9,2,1,data,ok,6,0,-3.8,23.8
mpg,-4.0,0,ack-4f,w,3,3,0,ctl,ok,0,0,3.2,23.8
mpg,-4.0,0,qpsk-r1/3,w,9,2,1,data,ok,1,1,2.7,23.8
mpg,-4.0,0,ack-4f,w,3,3,0,ctl,ok,0,0,-5.8,23.8
mpg,-4.0,0,qpsk-r1/3,w,9,2,1,data,ok,7,7,-0.3,23.8
mpg,-4.0,0,ack-4f,w,2,2,0,ctl,ok,0,0,-0.9,23.8
mpg,-4.0,0,qpsk-r1/3,w,9,1,0,data,ok,8,8,1.1,23.8
mpg,-4.0,0,ack-4f,w,3,3,0,ctl,ctl_lost,0,0,-9.4,23.8
mpg,-4.0,0,ack-4f,w,3,3,0,ctl,ok,0,0,2.3,23.8
mpg,-4.0,0,ack-4f,w,2,2,0,ctl,ok,0,0,2.2,23.8
mpg,-4.0,0,qpsk-r1/3,w,9,1,0,data,ok,8,8,1.0,23.8
mpg,-4.0,0,n10-ack-4f,n10,2,2,0,ctl,ok,0,0,-2.9,23.8
mpg,-4.0,0,qpsk-r1/3,w,9,1,0,data,ok,8,6,-1.2,23.8
mpg,-4.0,0,ack-4f,w,3,3,0,ctl,ok,0,0,4.4,23.8
mpg,-4.0,0,qpsk-r1/3,w,9,1,0,data,ok,6,6,2.3,23.8
mpg,-4.0,0,ack-1f,w,2,2,0,ctl,ok,0,0,3.3,23.8
mpg,-4.0,0,qpsk-r1/3,w,9,1,0,data,ok,8,8,1.0,23.8
mpg,-4.0,0,ack-1f,w,2,2,0,ctl,ctl_lost,0,0,-7.1,23.8
mpg,-4.0,0,ack-4f,w,3,3,0,ctl,ok,0,0,1.8,23.8
mpg,-4.0,0,ack-4f,w,2,2,0,ctl,ok,0,0,2.9,23.8
mpg,-4.0,0,qpsk-r1/3,w,9,1,0,data,ok,8,8,0.8,23.8
mpg,-4.0,0,n10-ack-4f,n10,2,2,0,ctl,ok,0,0,6.4,23.8
mpg,-4.0,0,qpsk-r1/3,w,9,1,0,data,ok,8,8,0.7,23.8
mpg,-4.0,0,ack-1f,w,2,2,0,ctl,ctl_lost,0,0,-11.1,23.8
mpg,-4.0,0,ack-4f,w,3,3,0,ctl,ok,0,0,1.5,23.8
mpg,-4.0,0,ack-4f,w,2,2,0,ctl,ok,0,0,3.0,23.8
mpg,-4.0,0,qpsk-r1/3,w,9,1,0,data,ok,8,8,3.2,23.8
mpg,-4.0,0,n10-ack-4f,n10,2,2,0,ctl,ok,0,0,-7.4,23.8
mpg,-4.0,0,qpsk-r1/3,w,9,1,0,data,ok,8,8,0.3,23.8
mpg,-4.0,0,ack-4f,w,2,2,,ctl,missed,0,0,,23.8
mpg,-4.0,0,ack-4f,w,3,3,0,ctl,ok,0,0,-2.6,23.8
mpg,-4.0,0,ack-4f,w,2,2,0,ctl,ok,0,0,-0.8,23.8
mpg,-4.0,0,qpsk-r1/3,w,9,1,0,data,ctl_lost,8,0,-2.4,23.8
mpg,-4.0,0,ack-4f,w,3,3,0,ctl,ok,0,0,-4.9,23.8
mpg,-4.0,0,ack-4f,w,3,3,0,ctl,ok,0,0,-0.2,23.8
mpg,-4.0,0,qpsk-r1/3,w,9,2,1,data,ok,7,1,-0.8,23.8
mpg,-4.0,0,ack-4f,w,3,3,0,ctl,ok,0,0,-0.5,23.8
mpg,-4.0,0,qpsk-r1/3,w,9,2,1,data,ok,1,1,3.0,23.8
mpg,-4.0,0,n10-ack-4f,n10,2,2,0,ctl,ok,0,0,-1.9,23.8
mpg,-4.0,0,qpsk-r1/3,w,9,1,,data,missed,0,0,,23.8
mpg,-4.0,0,ack-4f,w,3,3,0,ctl,ok,0,0,0.5,23.8
mpg,-4.0,0,ack-4f,w,2,2,0,ctl,ok,0,0,-3.6,23.8
mpg,-4.0,0,qpsk-r1/3,w,9,1,0,data,ok,8,8,0.6,23.8
mpg,-4.0,0,ack-4f,w,2,2,0,ctl,ok,0,0,3.3,23.8
mpg,-4.0,0,qpsk-r1/3,w,9,1,0,data,ok,8,8,0.0,23.8
mpg,-4.0,0,ack-4f,w,2,2,0,ctl,ok,0,0,2.7,23.8
mpg,-4.0,0,qpsk-r1/3,w,9,1,0,data,ctl_lost,8,0,-1.4,23.8
mpg,-4.0,0,ack-4f,w,3,3,0,ctl,ok,0,0,1.0,23.8
mpg,-4.0,0,ack-4f,w,3,3,0,ctl,ok,0,0,0.0,23.8
mpg,-4.0,0,qpsk-r1/3,w,9,2,1,data,ok,7,6,-1.1,23.8
mpg,-4.0,0,ack-4f,w,3,3,,ctl,missed,0,0,,23.8
mpg,-4.0,0,ack-4f,w,3,3,0,ctl,ok,0,0,-3.1,23.8
mpg,-4.0,0,ack-4f,w,3,3,0,ctl,ok,0,0,3.7,23.8
mpg,-4.0,0,qpsk-r1/3,w,9,2,1,data,ok,7,0,-1.2,23.8
mpg,-4.0,0,ack-4f,w,3,3,0,ctl,ok,0,0,-5.3,23.8
mpg,-4.0,0,qpsk-r1/3,w,9,2,1,data,ctl_lost,1,0,-8.0,23.8
mpg,-4.0,0,ack-4f,w,3,3,0,ctl,ok,0,0,-0.0,23.8
mpg,-4.0,0,ack-4f,w,3,3,0,ctl,ok,0,0,0.9,23.8
mpg,-4.0,0,qpsk-r1/3,w,9,2,1,data,ok,1,1,2.4,23.8
mpg,-4.0,0,ack-4f,w,2,2,0,ctl,ok,0,0,-0.8,23.8
mpg,-4.0,0,qpsk-r1/3,w,9,1,0,data,ok,8,8,3.5,23.8
mpg,-4.0,0,ack-4f,w,3,3,0,ctl,ok,0,0,2.4,23.8
mpg,-4.0,0,qpsk-r1/2,w,9,2,1,data,ok,7,7,3.0,23.8
mpg,-4.0,0,ack-4f,w,3,3,0,ctl,ok,0,0,2.0,23.8
mpg,-4.0,0,qpsk-r1/2,w,9,2,1,data,ctl_lost,7,0,-2.7,23.8
mpg,-4.0,0,ack-4f,w,3,3,0,ctl,ok,0,0,0.1,23.8
mpg,-4.0,0,ack-4f,w,3,3,0,ctl,ok,0,0,-0.4,23.8
mpg,-4.0,0,qpsk-r1/3,w,9,2,1,data,ok,7,7,1.8,23.8
mpg,-4.0,0,ack-4f,w,2,2,0,ctl,ok,0,0,2.4,23.8
mpg,-4.0,0,qpsk-r1/3,w,9,1,0,data,ctl_lost,8,3,-1.4,23.8
mpg,-4.0,0,ack-4f,w,3,3,0,ctl,ok,0,0,4.3,23.8
mpg,-4.0,0,ack-4f,w,3,3,0,ctl,ok,0,0,4.2,23.8
mpg,-4.0,0,qpsk-r1/3,w,9,2,1,data,ok,7,0,-1.6,23.8
mpg,-4.0,0,ack-4f,w,3,3,0,ctl,ok,0,0,-1.4,23.8
mpg,-4.0,0,qpsk-r1/3,w,9,2,1,data,ok,0,0,0.1,23.8
mpg,-4.0,0,ack-4f,w,3,3,0,ctl,ok,0,0,3.6,23.8
mpg,-4.0,0,qpsk-r1/3,w,9,2,1,data,ok,7,7,0.4,23.8
mpg,-4.0,0,ack-4f,w,3,3,0,ctl,ok,0,0,-2.4,23.8
mpg,-4.0,0,qpsk-r1/3,w,9,2,1,data,ok,7,0,-2.4,23.8
mpg,-4.0,0,ack-4f,w,3,3,0,ctl,ok,0,0,4.9,23.8
mpg,15.0,4,qpsk-r1/5,w,1,1,0,ctl,ok,0,0,11.6,275.4
mpg,15.0,4,qpsk-r1/5,w,1,1,0,ctl,ok,0,0,10.0,275.4
mpg,15.0,4,ack-4f,w,2,2,0,ctl,ok,0,0,12.7,275.4
mpg,15.0,4,ack-1f,w,3,3,0,ctl,ok,0,0,13.6,275.4
mpg,15.0,4,w48-qpsk-r3/4,w48,19,2,1,data,ok,17,17,17.8,275.4
mpg,15.0,4,ack-1f,w,3,3,0,ctl,ok,0,0,15.6,275.4
mpg,15.0,4,w48-16qam-r2/3,w48,19,2,1,data,ok,17,17,17.3,275.4
mpg,15.0,4,ack-1f,w,2,2,0,ctl,ok,0,0,19.6,275.4
mpg,15.0,4,w48-16qam-r2/3,w48,19,1,0,data,ok,18,18,15.7,275.4
mpg,15.0,4,ack-1f,w,3,3,0,ctl,ok,0,0,21.0,275.4
mpg,15.0,4,w48-16qam-r2/3,w48,19,2,1,data,ok,17,17,17.2,275.4
mpg,15.0,4,ack-1f,w,2,2,0,ctl,ok,0,0,20.4,275.4
mpg,15.0,4,w48-16qam-r2/3,w48,19,1,0,data,ok,18,18,16.4,275.4
mpg,15.0,4,ack-1f,w,2,2,0,ctl,ok,0,0,15.8,275.4
mpg,15.0,4,w48-16qam-r2/3,w48,19,1,0,data,ok,18,18,16.9,275.4
mpg,15.0,4,ack-1f,w,3,3,0,ctl,ok,0,0,15.3,275.4
mpg,15.0,4,w48-16qam-r2/3,w48,19,2,1,data,ok,17,17,16.2,275.4
mpg,15.0,4,ack-1f,w,2,2,0,ctl,ok,0,0,17.2,275.4
mpg,15.0,4,w48-16qam-r2/3,w48,19,1,0,data,ok,18,18,17.0,275.4
mpg,15.0,4,ack-1f,w,2,2,0,ctl,ok,0,0,16.2,275.4
mpg,15.0,4,w48-16qam-r2/3,w48,19,1,0,data,ctl_lost,18,0,12.8,275.4
mpg,15.0,4,ack-4f,w,2,2,0,ctl,ok,0,0,19.0,275.4
mpg,15.0,4,ack-4f,w,3,3,0,ctl,ok,0,0,17.9,275.4
mpg,15.0,4,w48-16qam-r2/3,w48,19,2,1,data,ok,17,17,14.7,275.4
mpg,15.0,4,ack-1f,w,3,3,0,ctl,ok,0,0,12.6,275.4
mpg,15.0,4,w48-16qam-r2/3,w48,19,2,1,data,ok,17,17,16.7,275.4
mpg,15.0,4,ack-1f,w,3,3,0,ctl,ok,0,0,15.3,275.4
mpg,15.0,4,w48-16qam-r2/3,w48,19,2,1,data,ok,17,0,13.3,275.4
mpg,15.0,4,ack-1f,w,3,3,0,ctl,ok,0,0,16.8,275.4
mpg,15.0,4,w48-16qam-r1/2,w48,19,2,1,data,ok,17,17,14.1,275.4
mpg,15.0,4,ack-1f,w,3,3,0,ctl,ok,0,0,16.1,275.4
mpg,15.0,4,w48-16qam-r1/2,w48,19,2,1,data,ok,17,17,14.6,275.4
mpg,15.0,4,ack-1f,w,3,3,0,ctl,ok,0,0,14.8,275.4
mpg,15.0,4,w48-16qam-r2/3,w48,19,2,1,data,ok,17,17,16.7,275.4
mpg,15.0,4,ack-1f,w,3,3,0,ctl,ok,0,0,16.2,275.4
mpg,15.0,4,w48-16qam-r2/3,w48,19,2,1,data,ok,17,0,15.3,275.4
mpg,15.0,4,ack-1f,w,3,3,0,ctl,ok,0,0,12.0,275.4
mpg,15.0,4,w48-16qam-r1/2,w48,19,2,1,data,ok,17,17,16.7,275.4
mpg,15.0,4,ack-1f,w,2,2,0,ctl,ok,0,0,13.3,275.4
mpg,15.0,4,w48-16qam-r1/2,w48,19,1,0,data,ok,18,18,16.7,275.4
mpg,15.0,4,ack-1f,w,2,2,0,ctl,ok,0,0,17.5,275.4
mpg,15.0,4,w48-16qam-r2/3,w48,19,1,0,data,ok,18,18,16.8,275.4
mpg,15.0,4,ack-1f,w,2,2,0,ctl,ok,0,0,9.9,275.4
mpg,15.0,4,w48-16qam-r2/3,w48,19,1,0,data,ok,18,18,15.5,275.4
mpg,15.0,4,ack-1f,w,2,2,0,ctl,ok,0,0,17.8,275.4
mpg,15.0,4,w48-16qam-r2/3,w48,19,1,0,data,ctl_lost,18,0,12.4,275.4
mpg,15.0,4,ack-4f,w,2,2,0,ctl,ok,0,0,20.7,275.4
mpg,15.0,4,ack-4f,w,3,3,0,ctl,ok,0,0,15.9,275.4
mpg,15.0,4,w48-64l-r1/2,w48,39,2,1,data,ok,37,37,14.0,275.4
mpg,15.0,4,ack-1f,w,3,3,0,ctl,ok,0,0,16.7,275.4
mpg,15.0,4,w48-64l-r1/2,w48,39,2,1,data,ok,37,1,12.0,275.4
mpg,15.0,4,ack-1f,w,4,4,0,ctl,ok,0,0,20.5,275.4
mpg,15.0,4,w48-16qam-r1/2,w48,19,2,1,data,ok,17,17,17.1,275.4
mpg,15.0,4,ack-1f,w,3,3,0,ctl,ok,0,0,19.8,275.4
mpg,15.0,4,w48-64l-r1/2,w48,39,2,1,data,ok,37,37,14.0,275.4
mpg,15.0,4,ack-1f,w,3,3,0,ctl,ok,0,0,17.3,275.4
mpg,15.0,4,w48-64l-r1/2,w48,39,2,1,data,ok,37,34,13.3,275.4
mpg,15.0,4,ack-1f,w,4,4,0,ctl,ok,0,0,10.6,275.4
mpg,15.0,4,w48-64l-r1/2,w48,39,2,1,data,ok,34,0,9.8,275.4
mpg,15.0,4,ack-1f,w,3,3,0,ctl,ok,0,0,16.5,275.4
mpg,15.0,4,w48-16qam-r1/2,w48,19,2,1,data,ok,17,17,17.3,275.4
mpg,15.0,4,ack-1f,w,2,2,0,ctl,ok,0,0,19.2,275.4
mpg,15.0,4,w48-16qam-r1/2,w48,19,1,0,data,ok,18,18,15.9,275.4
mpg,15.0,4,ack-1f,w,3,3,0,ctl,ok,0,0,14.9,275.4
mpg,15.0,4,w48-64l-r1/2,w48,39,2,1,data,ok,37,36,13.7,275.4
mpg,15.0,4,ack-1f,w,4,4,0,ctl,ok,0,0,17.0,275.4
mpg,15.0,4,w48-64l-r1/2,w48,36,2,1,data,ok,33,0,10.3,275.4
mpg,15.0,4,ack-1f,w,3,3,0,ctl,ok,0,0,20.3,275.4
mpg,15.0,4,w48-16qam-r1/2,w48,19,2,1,data,ok,17,0,10.5,275.4
mpg,15.0,4,ack-1f,w,3,3,0,ctl,ok,0,0,15.0,275.4
mpg,15.0,4,w48-16qam-r1/3,w48,19,2,1,data,ok,17,17,16.5,275.4
mpg,15.0,4,ack-1f,w,3,3,0,ctl,ok,0,0,19.0,275.4
mpg,15.0,4,w48-16qam-r1/2,w48,19,2,1,data,ok,17,17,18.4,275.4
mpg,15.0,4,ack-1f,w,2,2,0,ctl,ok,0,0,16.3,275.4
mpg,15.0,4,w48-64l-r1/2,w48,39,1,0,data,ctl_lost,38,2,12.4,275.4
mpg,15.0,4,ack-4f,w,3,3,0,ctl,ok,0,0,18.8,275.4
mpg,15.0,4,ack-4f,w,3,3,0,ctl,ok,0,0,19.6,275.4
mpg,15.0,4,w48-16qam-r2/3,w48,19,2,1,data,ok,17,17,16.9,275.4
mpg,15.0,4,ack-1f,w,2,2,0,ctl,ok,0,0,16.1,275.4
mpg,15.0,4,w48-16qam-r2/3,w48,19,1,0,data,ok,18,16,15.7,275.4
mpg,15.0,4,ack-1f,w,3,3,0,ctl,ok,0,0,14.1,275.4
mpg,15.0,4,w48-16qam-r2/3,w48,19,2,1,data,ok,15,15,16.9,275.4
mpg,15.0,4,ack-1f,w,3,3,0,ctl,ok,0,0,19.8,275.4
mpg,15.0,4,w48-16qam-r2/3,w48,19,2,1,data,ok,17,17,17.6,275.4
mpg,15.0,4,ack-1f,w,2,2,0,ctl,ok,0,0,19.1,275.4
mpg,15.0,4,w48-64l-r1/2,w48,39,1,0,data,ok,38,4,12.5,275.4
mpg,15.0,4,ack-1f,w,4,4,0,ctl,ok,0,0,17.7,275.4
mpg,15.0,4,w48-16qam-r1/2,w48,19,1,0,data,ok,18,18,14.9,275.4
mpg,15.0,4,ack-1f,w,2,2,0,ctl,ok,0,0,20.5,275.4
mpg,15.0,4,w48-16qam-r1/2,w48,19,1,0,data,ok,18,18,18.4,275.4
mpg,15.0,4,ack-1f,w,2,2,0,ctl,ok,0,0,17.2,275.4
mpg,15.0,4,w48-16qam-r2/3,w48,19,1,0,data,ok,18,18,17.7,275.4
mpg,15.0,4,ack-1f,w,2,2,0,ctl,ok,0,0,21.2,275.4
mpg,15.0,4,w48-16qam-r2/3,w48,19,1,0,data,ok,18,18,17.8,275.4
mpp,15.0,10,qpsk-r1/5,w,1,1,0,ctl,ok,0,0,17.6,327.2
mpp,15.0,10,qpsk-r1/5,w,1,1,0,ctl,ok,0,0,19.3,327.2
mpp,15.0,10,ack-4f,w,3,3,0,ctl,ok,0,0,18.8,327.2
mpp,15.0,10,ack-1f,w,3,3,0,ctl,ok,0,0,17.6,327.2
mpp,15.0,10,w48-16qam-r2/3,w48,19,2,1,data,ok,17,15,14.5,327.2
mpp,15.0,10,ack-1f,w,4,4,0,ctl,ok,0,0,18.8,327.2
mpp,15.0,10,w48-16qam-r2/3,w48,19,2,1,data,ok,15,15,16.0,327.2
mpp,15.0,10,ack-1f,w,3,3,0,ctl,ok,0,0,22.0,327.2
mpp,15.0,10,w48-16qam-r2/3,w48,19,2,1,data,ok,17,17,14.7,327.2
mpp,15.0,10,ack-1f,w,3,3,0,ctl,ok,0,0,19.9,327.2
mpp,15.0,10,w48-16qam-r2/3,w48,19,2,1,data,ok,17,17,17.0,327.2
mpp,15.0,10,ack-1f,w,2,2,0,ctl,ok,0,0,20.3,327.2
mpp,15.0,10,w48-16qam-r2/3,w48,19,1,0,data,ok,18,18,15.4,327.2
mpp,15.0,10,ack-1f,w,2,2,0,ctl,ok,0,0,13.0,327.2
mpp,15.0,10,w48-16qam-r2/3,w48,19,1,0,data,ok,18,18,16.8,327.2
mpp,15.0,10,ack-1f,w,2,2,0,ctl,ok,0,0,19.6,327.2
mpp,15.0,10,w48-16qam-r2/3,w48,19,1,0,data,ok,18,18,15.1,327.2
mpp,15.0,10,ack-1f,w,2,2,0,ctl,ok,0,0,19.0,327.2
mpp,15.0,10,w48-16qam-r2/3,w48,19,1,0,data,ok,18,18,15.5,327.2
mpp,15.0,10,ack-1f,w,2,2,0,ctl,ok,0,0,15.8,327.2
mpp,15.0,10,w48-16qam-r2/3,w48,19,1,0,data,ok,18,18,17.4,327.2
mpp,15.0,10,ack-1f,w,2,2,0,ctl,ok,0,0,18.1,327.2
mpp,15.0,10,w48-16qam-r2/3,w48,19,1,0,data,ok,18,18,16.3,327.2
mpp,15.0,10,ack-1f,w,2,2,0,ctl,ok,0,0,15.7,327.2
mpp,15.0,10,w48-16qam-r2/3,w48,19,1,0,data,ctl_lost,18,0,13.9,327.2
mpp,15.0,10,ack-4f,w,2,2,0,ctl,ok,0,0,17.4,327.2
mpp,15.0,10,ack-4f,w,2,2,0,ctl,ok,0,0,18.6,327.2
mpp,15.0,10,w48-16qam-r1/2,w48,19,1,0,data,ok,18,18,15.1,327.2
mpp,15.0,10,ack-1f,w,3,3,0,ctl,ok,0,0,18.4,327.2
mpp,15.0,10,w48-16qam-r2/3,w48,19,2,1,data,ok,17,17,15.7,327.2
mpp,15.0,10,ack-1f,w,3,3,0,ctl,ok,0,0,22.1,327.2
mpp,15.0,10,w48-16qam-r2/3,w48,19,2,1,data,ok,17,0,14.6,327.2
mpp,15.0,10,ack-1f,w,3,3,0,ctl,ok,0,0,19.6,327.2
mpp,15.0,10,w48-16qam-r2/3,w48,19,2,1,data,ok,0,0,15.8,327.2
mpp,15.0,10,ack-1f,w,3,3,0,ctl,ok,0,0,21.1,327.2
mpp,15.0,10,w48-16qam-r2/3,w48,19,2,1,data,ok,17,17,16.2,327.2
mpp,15.0,10,ack-1f,w,2,2,0,ctl,ok,0,0,15.4,327.2
mpp,15.0,10,w48-16qam-r2/3,w48,19,1,0,data,ok,18,18,16.1,327.2
mpp,15.0,10,ack-1f,w,2,2,0,ctl,ok,0,0,15.5,327.2
mpp,15.0,10,w48-16qam-r2/3,w48,19,1,0,data,ok,18,18,15.8,327.2
mpp,15.0,10,ack-1f,w,2,2,0,ctl,ok,0,0,9.5,327.2
mpp,15.0,10,w48-16qam-r2/3,w48,19,1,0,data,ok,18,8,14.6,327.2
mpp,15.0,10,ack-1f,w,3,3,0,ctl,ok,0,0,16.8,327.2
mpp,15.0,10,w48-16qam-r2/3,w48,19,1,0,data,ok,8,8,15.0,327.2
mpp,15.0,10,ack-1f,w,3,3,0,ctl,ok,0,0,14.0,327.2
mpp,15.0,10,w48-16qam-r2/3,w48,19,2,1,data,ok,17,17,15.4,327.2
mpp,15.0,10,ack-1f,w,2,2,0,ctl,ok,0,0,16.6,327.2
mpp,15.0,10,w48-16qam-r2/3,w48,19,1,0,data,ok,18,18,15.3,327.2
mpp,15.0,10,ack-1f,w,2,2,0,ctl,ok,0,0,17.1,327.2
mpp,15.0,10,w48-16qam-r2/3,w48,19,1,0,data,ok,18,16,15.6,327.2
mpp,15.0,10,ack-1f,w,3,3,0,ctl,ok,0,0,18.2,327.2
mpp,15.0,10,w48-16qam-r2/3,w48,19,1,0,data,ok,16,16,15.2,327.2
mpp,15.0,10,ack-1f,w,2,2,0,ctl,ok,0,0,17.9,327.2
mpp,15.0,10,w48-16qam-r2/3,w48,19,1,0,data,ok,18,18,15.1,327.2
mpp,15.0,10,ack-1f,w,2,2,0,ctl,ok,0,0,20.5,327.2
mpp,15.0,10,w48-16qam-r2/3,w48,19,1,0,data,ok,18,18,16.8,327.2
mpp,15.0,10,ack-1f,w,2,2,0,ctl,ok,0,0,16.4,327.2
mpp,15.0,10,w48-16qam-r2/3,w48,19,1,0,data,ok,18,16,14.8,327.2
mpp,15.0,10,ack-1f,w,3,3,0,ctl,ok,0,0,15.9,327.2
mpp,15.0,10,w48-16qam-r2/3,w48,19,1,0,data,ctl_lost,16,14,14.6,327.2
mpp,15.0,10,ack-4f,w,3,3,0,ctl,ok,0,0,17.8,327.2
mpp,15.0,10,ack-4f,w,4,4,0,ctl,ok,0,0,19.5,327.2
mpp,15.0,10,w48-16qam-r2/3,w48,19,2,1,data,ok,15,15,16.3,327.2
mpp,15.0,10,ack-1f,w,2,2,0,ctl,ok,0,0,18.3,327.2
mpp,15.0,10,w48-16qam-r2/3,w48,19,1,0,data,ctl_lost,18,9,14.0,327.2
mpp,15.0,10,ack-4f,w,3,3,0,ctl,ok,0,0,19.1,327.2
mpp,15.0,10,ack-4f,w,3,3,0,ctl,ok,0,0,17.7,327.2
mpp,15.0,10,w48-16qam-r2/3,w48,19,2,1,data,ok,17,16,15.5,327.2
mpp,15.0,10,ack-1f,w,3,3,0,ctl,ok,0,0,16.9,327.2
mpp,15.0,10,w48-16qam-r2/3,w48,19,2,1,data,ok,16,12,14.9,327.2
mpp,15.0,10,ack-1f,w,4,4,0,ctl,ok,0,0,16.3,327.2
mpp,15.0,10,w48-16qam-r2/3,w48,19,2,1,data,ok,13,13,15.0,327.2
mpp,15.0,10,ack-1f,w,3,3,0,ctl,ok,0,0,16.1,327.2
mpp,15.0,10,w48-16qam-r2/3,w48,19,2,1,data,ok,17,17,15.6,327.2
mpp,15.0,10,ack-1f,w,3,3,0,ctl,ok,0,0,14.4,327.2
mpp,15.0,10,w48-16qam-r2/3,w48,19,2,1,data,ok,17,17,15.7,327.2
mpp,15.0,10,ack-1f,w,3,3,0,ctl,ok,0,0,16.0,327.2
mpp,15.0,10,w48-16qam-r2/3,w48,19,2,1,data,ok,17,17,15.2,327.2
mpp,15.0,10,ack-1f,w,2,2,0,ctl,ok,0,0,14.5,327.2
mpp,15.0,10,w48-16qam-r2/3,w48,19,1,0,data,ok,18,18,16.3,327.2
mpp,15.0,10,ack-1f,w,2,2,0,ctl,ok,0,0,15.3,327.2
mpp,15.0,10,w48-16qam-r2/3,w48,19,1,0,data,ok,18,18,15.8,327.2
mpp,15.0,10,ack-1f,w,2,2,0,ctl,ok,0,0,14.0,327.2
mpp,15.0,10,w48-16qam-r2/3,w48,19,1,0,data,ok,18,18,16.0,327.2
mpp,15.0,10,ack-1f,w,2,2,0,ctl,ok,0,0,18.3,327.2
mpp,15.0,10,w48-16qam-r2/3,w48,19,1,0,data,ok,18,18,16.1,327.2
mpp,15.0,10,ack-1f,w,2,2,0,ctl,ok,0,0,13.2,327.2
mpp,15.0,10,w48-16qam-r2/3,w48,19,1,0,data,ctl_lost,18,7,14.6,327.2
mpp,15.0,10,ack-4f,w,3,3,0,ctl,ok,0,0,18.9,327.2
mpp,15.0,10,ack-4f,w,3,3,0,ctl,ok,0,0,13.4,327.2
mpp,15.0,10,w48-16qam-r2/3,w48,19,2,1,data,ok,17,17,16.4,327.2
mpp,15.0,10,ack-1f,w,2,2,0,ctl,ok,0,0,18.0,327.2
mpp,15.0,10,w48-16qam-r2/3,w48,19,1,0,data,ok,18,18,15.8,327.2
mpp,15.0,11,qpsk-r1/5,w,1,1,0,ctl,ok,0,0,18.0,382.9
mpp,15.0,11,qpsk-r1/5,w,1,1,0,ctl,ok,0,0,14.1,382.9
mpp,15.0,11,ack-4f,w,2,2,0,ctl,ok,0,0,16.7,382.9
mpp,15.0,11,ack-1f,w,2,2,0,ctl,ok,0,0,15.1,382.9
mpp,15.0,11,w48-16qam-r1/2,w48,19,1,0,data,ok,18,18,16.6,382.9
mpp,15.0,11,ack-1f,w,3,3,0,ctl,ok,0,0,16.9,382.9
mpp,15.0,11,w48-16qam-r2/3,w48,19,2,1,data,ok,17,17,15.9,382.9
mpp,15.0,11,ack-1f,w,3,3,0,ctl,ok,0,0,19.9,382.9
mpp,15.0,11,w48-16qam-r2/3,w48,19,2,1,data,ok,17,17,16.0,382.9
mpp,15.0,11,ack-1f,w,3,3,0,ctl,ok,0,0,17.2,382.9
mpp,15.0,11,w48-16qam-r2/3,w48,19,2,1,data,ok,17,17,15.0,382.9
mpp,15.0,11,ack-1f,w,3,3,0,ctl,ok,0,0,16.0,382.9
mpp,15.0,11,w48-16qam-r2/3,w48,19,2,1,data,ok,17,17,15.6,382.9
mpp,15.0,11,ack-1f,w,3,3,0,ctl,ok,0,0,14.3,382.9
mpp,15.0,11,w48-16qam-r2/3,w48,19,2,1,data,ok,17,17,16.2,382.9
mpp,15.0,11,ack-1f,w,2,2,0,ctl,ok,0,0,12.5,382.9
mpp,15.0,11,w48-16qam-r2/3,w48,19,1,0,data,ok,18,18,15.3,382.9
mpp,15.0,11,ack-1f,w,2,2,0,ctl,ok,0,0,20.2,382.9
mpp,15.0,11,w48-16qam-r2/3,w48,19,1,0,data,ok,18,18,16.4,382.9
mpp,15.0,11,ack-1f,w,2,2,0,ctl,ok,0,0,13.1,382.9
mpp,15.0,11,w48-16qam-r2/3,w48,19,1,0,data,ok,18,18,15.6,382.9
mpp,15.0,11,ack-1f,w,2,2,0,ctl,ok,0,0,18.7,382.9
mpp,15.0,11,w48-16qam-r2/3,w48,19,1,0,data,ok,18,18,16.7,382.9
mpp,15.0,11,ack-1f,w,2,2,0,ctl,ok,0,0,16.7,382.9
mpp,15.0,11,w48-16qam-r2/3,w48,19,1,0,data,ok,18,18,15.2,382.9
mpp,15.0,11,ack-1f,w,2,2,0,ctl,ok,0,0,19.3,382.9
mpp,15.0,11,w48-16qam-r2/3,w48,19,1,0,data,ok,18,18,15.4,382.9
mpp,15.0,11,ack-1f,w,2,2,0,ctl,ok,0,0,19.8,382.9
mpp,15.0,11,w48-16qam-r2/3,w48,19,1,0,data,ok,18,18,15.6,382.9
mpp,15.0,11,ack-1f,w,2,2,0,ctl,ok,0,0,12.9,382.9
mpp,15.0,11,w48-16qam-r2/3,w48,19,1,0,data,ok,18,18,15.9,382.9
mpp,15.0,11,ack-1f,w,2,2,0,ctl,ok,0,0,18.4,382.9
mpp,15.0,11,w48-16qam-r2/3,w48,19,1,0,data,ok,18,18,16.0,382.9
mpp,15.0,11,ack-1f,w,2,2,0,ctl,ok,0,0,17.6,382.9
mpp,15.0,11,w48-16qam-r2/3,w48,19,1,0,data,ok,18,18,15.6,382.9
mpp,15.0,11,ack-1f,w,2,2,0,ctl,ok,0,0,19.9,382.9
mpp,15.0,11,w48-16qam-r2/3,w48,19,1,0,data,ok,18,18,15.8,382.9
mpp,15.0,11,ack-1f,w,2,2,0,ctl,ok,0,0,13.5,382.9
mpp,15.0,11,w48-16qam-r2/3,w48,19,1,0,data,ok,18,18,15.8,382.9
mpp,15.0,11,ack-1f,w,2,2,0,ctl,ok,0,0,20.3,382.9
mpp,15.0,11,w48-16qam-r2/3,w48,19,1,0,data,ok,18,18,16.9,382.9
mpp,15.0,11,ack-1f,w,2,2,0,ctl,ok,0,0,20.0,382.9
mpp,15.0,11,w48-16qam-r2/3,w48,19,1,0,data,ok,18,18,16.1,382.9
mpp,15.0,11,ack-1f,w,2,2,0,ctl,ok,0,0,20.4,382.9
mpp,15.0,11,w48-16qam-r2/3,w48,19,1,0,data,ok,18,18,15.5,382.9
mpp,15.0,11,ack-1f,w,2,2,0,ctl,ok,0,0,18.5,382.9
mpp,15.0,11,w48-16qam-r2/3,w48,19,1,0,data,ok,18,18,15.1,382.9
mpp,15.0,11,ack-1f,w,2,2,0,ctl,ok,0,0,15.6,382.9
mpp,15.0,11,w48-16qam-r2/3,w48,19,1,0,data,ok,18,18,16.5,382.9
mpp,15.0,11,ack-1f,w,2,2,0,ctl,ok,0,0,18.1,382.9
mpp,15.0,11,w48-16qam-r2/3,w48,19,1,0,data,ok,18,18,15.5,382.9
mpp,15.0,11,ack-1f,w,2,2,0,ctl,ok,0,0,19.3,382.9
mpp,15.0,11,w48-16qam-r2/3,w48,19,1,0,data,ok,18,18,15.7,382.9
mpp,15.0,11,ack-1f,w,2,2,0,ctl,ok,0,0,19.6,382.9
mpp,15.0,11,w48-16qam-r2/3,w48,19,1,0,data,ok,18,18,16.3,382.9
mpp,15.0,11,ack-1f,w,2,2,0,ctl,ok,0,0,17.7,382.9
mpp,15.0,11,w48-16qam-r2/3,w48,19,1,0,data,ok,18,18,16.3,382.9
mpp,15.0,11,ack-1f,w,2,2,0,ctl,ok,0,0,12.7,382.9
mpp,15.0,11,w48-16qam-r2/3,w48,19,1,0,data,ok,18,18,15.6,382.9
mpp,15.0,11,ack-1f,w,2,2,0,ctl,ok,0,0,17.7,382.9
mpp,15.0,11,w48-16qam-r2/3,w48,19,1,0,data,ok,18,18,16.9,382.9
mpp,15.0,11,ack-1f,w,2,2,0,ctl,ok,0,0,19.0,382.9
mpp,15.0,11,w48-16qam-r2/3,w48,19,1,0,data,ok,18,18,16.0,382.9
mpp,15.0,11,ack-1f,w,2,2,0,ctl,ok,0,0,17.1,382.9
mpp,15.0,11,w48-16qam-r2/3,w48,19,1,0,data,ctl_lost,18,0,14.1,382.9
mpp,15.0,11,ack-4f,w,2,2,0,ctl,ok,0,0,16.6,382.9
mpp,15.0,11,ack-4f,w,3,3,0,ctl,ok,0,0,19.1,382.9
mpp,15.0,11,w48-16qam-r2/3,w48,19,2,1,data,ok,17,17,15.3,382.9
mpp,15.0,11,ack-1f,w,3,3,0,ctl,ok,0,0,15.7,382.9
mpp,15.0,11,w48-16qam-r2/3,w48,19,2,1,data,ok,17,17,14.9,382.9
mpp,15.0,11,ack-1f,w,2,2,0,ctl,ok,0,0,19.1,382.9
mpp,15.0,11,w48-16qam-r2/3,w48,19,1,0,data,ok,18,18,16.6,382.9
mpp,15.0,11,ack-1f,w,2,2,0,ctl,ok,0,0,19.8,382.9
mpp,15.0,11,w48-16qam-r2/3,w48,19,1,0,data,ok,18,18,16.1,382.9
mpp,15.0,11,ack-1f,w,2,2,0,ctl,ok,0,0,16.9,382.9
mpp,15.0,11,w48-16qam-r2/3,w48,19,1,0,data,ok,18,18,15.5,382.9
mpp,15.0,11,ack-1f,w,2,2,0,ctl,ok,0,0,18.8,382.9
mpp,15.0,11,w48-16qam-r2/3,w48,19,1,0,data,ok,18,10,15.6,382.9
mpp,15.0,11,ack-1f,w,3,3,0,ctl,ok,0,0,19.6,382.9
mpp,15.0,11,w48-16qam-r2/3,w48,19,1,0,data,ok,10,10,16.5,382.9
mpp,15.0,11,ack-1f,w,2,2,0,ctl,ok,0,0,19.9,382.9
mpp,15.0,11,w48-16qam-r2/3,w48,19,1,0,data,ok,18,17,14.7,382.9
mpp,15.0,11,ack-1f,w,2,2,0,ctl,ok,0,0,15.9,382.9
mpp,15.0,11,w48-16qam-r2/3,w48,19,1,0,data,ctl_lost,17,6,15.2,382.9
mpp,15.0,11,ack-4f,w,2,2,0,ctl,ok,0,0,12.9,382.9
mpp,15.0,11,ack-4f,w,3,3,0,ctl,ok,0,0,17.4,382.9
mpp,15.0,11,w48-16qam-r2/3,w48,19,2,1,data,ok,16,13,14.4,382.9
mpp,15.0,11,ack-1f,w,4,4,0,ctl,ok,0,0,15.0,382.9
mpp,15.0,11,w48-16qam-r2/3,w48,19,2,1,data,ok,14,14,15.6,382.9
mpp,15.0,11,ack-1f,w,2,2,0,ctl,ok,0,0,18.0,382.9
mpp,15.0,11,w48-16qam-r2/3,w48,19,1,0,data,ok,18,18,15.2,382.9
mpp,15.0,11,ack-1f,w,2,2,0,ctl,ok,0,0,13.6,382.9
mpp,15.0,11,w48-16qam-r2/3,w48,19,1,0,data,ok,18,18,15.8,382.9
mpp,15.0,11,ack-1f,w,2,2,0,ctl,ok,0,0,21.2,382.9
mpg,-4.0,3,qpsk-r1/5,w,1,1,0,ctl,ok,0,0,-0.5,17.9
mpg,-4.0,3,qpsk-r1/5,w,1,1,0,ctl,ok,0,0,-1.1,17.9
mpg,-4.0,3,ack-4f,w,3,3,0,ctl,ok,0,0,-7.6,17.9
mpg,-4.0,3,ack-4f,w,3,3,0,ctl,ok,0,0,-2.7,17.9
mpg,-4.0,3,qpsk-r1/5,w,9,2,1,data,ok,7,7,-2.2,17.9
mpg,-4.0,3,ack-4f,w,3,3,0,ctl,ok,0,0,-1.5,17.9
mpg,-4.0,3,qpsk-r1/5,w,9,2,1,data,ok,7,7,1.8,17.9
mpg,-4.0,3,ack-4f,w,3,3,0,ctl,ok,0,0,-0.2,17.9
mpg,-4.0,3,qpsk-r1/3,w,9,2,1,data,ok,7,7,0.2,17.9
mpg,-4.0,3,ack-4f,w,3,3,0,ctl,ok,0,0,3.1,17.9
mpg,-4.0,3,qpsk-r1/3,w,9,2,1,data,ok,7,1,-1.2,17.9
mpg,-4.0,3,ack-4f,w,3,3,0,ctl,ok,0,0,3.9,17.9
mpg,-4.0,3,qpsk-r1/3,w,9,2,1,data,ok,1,1,-0.2,17.9
mpg,-4.0,3,ack-1f,w,3,3,0,ctl,ctl_lost,0,0,-8.2,17.9
mpg,-4.0,3,ack-4f,w,3,3,0,ctl,ok,0,0,-3.8,17.9
mpg,-4.0,3,ack-4f,w,3,3,0,ctl,ok,0,0,0.7,17.9
mpg,-4.0,3,qpsk-r1/3,w,9,2,1,data,ok,7,6,-0.8,17.9
mpg,-4.0,3,ack-4f,w,3,3,0,ctl,ok,0,0,-2.9,17.9
mpg,-4.0,3,qpsk-r1/3,w,9,2,1,data,ok,6,0,-3.3,17.9
mpg,-4.0,3,ack-4f,w,3,3,0,ctl,ok,0,0,-0.3,17.9
mpg,-4.0,3,qpsk-r1/3,w,9,2,1,data,ok,1,1,1.4,17.9
mpg,-4.0,3,ack-4f,w,3,3,0,ctl,ok,0,0,-1.4,17.9
mpg,-4.0,3,qpsk-r1/3,w,9,2,1,data,ok,7,0,-4.1,17.9
mpg,-4.0,3,ack-4f,w,3,3,0,ctl,ok,0,0,-0.1,17.9
mpg,-4.0,3,qpsk-r1/3,w,9,2,1,data,ctl_lost,0,0,-5.8,17.9
mpg,-4.0,3,ack-4f,w,3,3,0,ctl,ok,0,0,-3.7,17.9
mpg,-4.0,3,ack-4f,w,3,3,0,ctl,ok,0,0,-2.9,17.9
mpg,-4.0,3,fsk32r62-r1/2,c32r62,10,2,1,data,ok,8,7,-1.0,17.9
mpg,-4.0,3,ack-4f,w,3,3,0,ctl,ok,0,0,2.9,17.9
mpg,-4.0,3,fsk32r62-r1/2,c32r62,9,1,0,data,ok,7,7,0.7,17.9
mpg,-4.0,3,ack-4f,w,3,3,0,ctl,ok,0,0,1.4,17.9
mpg,-4.0,3,qpsk-r1/5,w,9,2,1,data,ok,7,7,1.1,17.9
mpg,-4.0,3,ack-4f,w,2,2,0,ctl,ok,0,0,-1.9,17.9
mpg,-4.0,3,qpsk-r1/5,w,9,1,0,data,ok,8,8,-0.6,17.9
mpg,-4.0,3,ack-4f,w,3,3,0,ctl,ok,0,0,4.5,17.9
mpg,-4.0,3,qpsk-r1/3,w,9,2,1,data,ok,7,6,-0.6,17.9
mpg,-4.0,3,ack-4f,w,3,3,0,ctl,ok,0,0,1.4,17.9
mpg,-4.0,3,qpsk-r1/3,w,9,2,1,data,ok,6,6,0.9,17.9
mpg,-4.0,3,ack-4f,w,3,3,0,ctl,ok,0,0,1.6,17.9
mpg,-4.0,3,qpsk-r1/3,w,9,2,1,data,ok,7,7,-0.3,17.9
mpg,-4.0,3,ack-4f,w,3,3,0,ctl,ok,0,0,-6.1,17.9
mpg,-4.0,3,qpsk-r1/3,w,9,2,,data,missed,0,0,,17.9
mpg,-4.0,3,ack-4f,w,3,3,0,ctl,ok,0,0,-1.0,17.9
mpg,-4.0,3,ack-4f,w,3,3,0,ctl,ok,0,0,-2.6,17.9
mpg,-4.0,3,qpsk-r1/3,w,9,2,1,data,ok,7,0,-3.1,17.9
mpg,-4.0,3,ack-4f,w,3,3,0,ctl,ok,0,0,-2.6,17.9
mpg,-4.0,3,qpsk-r1/3,w,9,2,,data,missed,0,0,,17.9
mpg,-4.0,3,ack-4f,w,3,3,0,ctl,ok,0,0,-0.4,17.9
mpg,-4.0,3,ack-4f,w,3,3,0,ctl,ok,0,0,-2.5,17.9
mpg,-4.0,3,qpsk-r1/5,w,9,2,1,data,ok,7,1,-4.2,17.9
mpg,-4.0,3,ack-4f,w,3,3,0,ctl,ok,0,0,-3.4,17.9
mpg,-4.0,3,qpsk-r1/5,w,9,2,1,data,ok,1,1,-2.5,17.9
mpg,-4.0,3,ack-4f,w,3,3,0,ctl,ok,0,0,-0.9,17.9
mpg,-4.0,3,qpsk-r1/3,w,9,2,1,data,ok,7,0,-4.4,17.9
mpg,-4.0,3,ack-4f,w,3,3,,ctl,missed,0,0,,17.9
mpg,-4.0,3,ack-4f,w,3,3,,ctl,missed,0,0,,17.9
mpg,-4.0,3,ack-4f,w,3,3,0,ctl,ok,0,0,2.2,17.9
mpg,-4.0,3,ack-4f,w,3,3,0,ctl,ok,0,0,2.5,17.9
mpg,-4.0,3,qpsk-r1/3,w,9,2,1,data,ok,7,7,-0.4,17.9
mpg,-4.0,3,ack-4f,w,2,2,0,ctl,ok,0,0,-0.3,17.9
mpg,-4.0,3,qpsk-r1/3,w,9,1,0,data,ok,8,5,-0.6,17.9
mpg,-4.0,3,ack-4f,w,3,3,0,ctl,ok,0,0,-0.2,17.9
mpg,-4.0,3,qpsk-r1/3,w,9,1,0,data,ok,5,5,-1.0,17.9
mpg,-4.0,3,ack-4f,w,2,2,0,ctl,ok,0,0,-10.5,17.9
mpg,-4.0,3,qpsk-r1/3,w,9,1,0,data,ok,8,8,-0.6,17.9
mpg,-4.0,3,ack-4f,w,2,2,0,ctl,ok,0,0,-0.9,17.9
mpg,-4.0,3,qpsk-r1/3,w,9,1,0,data,ctl_lost,8,0,-2.0,17.9
mpg,-4.0,3,ack-4f,w,3,3,0,ctl,ok,0,0,-2.1,17.9
mpg,-4.0,3,ack-4f,w,3,3,0,ctl,ok,0,0,-3.0,17.9
mpg,-4.0,3,qpsk-r1/3,w,9,2,1,data,ok,7,2,-0.7,17.9
mpg,-4.0,3,ack-4f,w,3,3,0,ctl,ok,0,0,3.7,17.9
mpg,-4.0,3,qpsk-r1/3,w,9,2,1,data,ok,2,2,5.2,17.9
mpg,-4.0,3,ack-4f,w,2,2,0,ctl,ok,0,0,-1.1,17.9
mpg,-4.0,3,qpsk-r1/3,w,9,1,0,data,ok,8,8,2.0,17.9
mpg,-4.0,3,ack-4f,w,3,3,0,ctl,ok,0,0,3.9,17.9
mpg,-4.0,3,qpsk-r1/2,w,9,2,1,data,ok,7,0,-2.5,17.9
mpg,-4.0,3,ack-4f,w,3,3,0,ctl,ok,0,0,-3.8,17.9
mpg,-4.0,3,qpsk-r1/3,w,9,2,1,data,ok,7,5,0.3,17.9
mpg,-4.0,3,ack-4f,w,3,3,0,ctl,ok,0,0,2.1,17.9
mpg,-4.0,3,qpsk-r1/3,w,9,2,1,data,ok,5,0,-1.0,17.9
mpg,-4.0,3,ack-4f,w,2,2,0,ctl,ok,0,0,-4.3,17.9
mpg,-4.0,3,qpsk-r1/5,w,9,1,0,data,ok,8,8,-2.7,17.9
mpg,-4.0,3,ack-4f,w,2,2,,ctl,missed,0,0,,17.9
mpg,-4.0,3,ack-4f,w,4,4,0,ctl,ok,0,0,-2.1,17.9
mpg,-4.0,3,ack-4f,w,3,3,0,ctl,ok,0,0,1.5,17.9
mpg,-4.0,3,qpsk-r1/5,w,9,2,1,data,ok,7,7,-1.1,17.9
mpg,-4.0,3,ack-4f,w,2,2,0,ctl,ok,0,0,-0.9,17.9
mpg,-4.0,3,qpsk-r1/5,w,9,1,0,data,ctl_lost,8,0,-9.0,17.9
mpg,-4.0,5,qpsk-r1/5,w,1,1,0,ctl,ok,0,0,0.8,17.4
mpg,-4.0,5,qpsk-r1/5,w,1,1,0,ctl,ok,0,0,2.3,17.4
mpg,-4.0,5,ack-4f,w,3,3,0,ctl,ok,0,0,-1.3,17.4
mpg,-4.0,5,ack-1f,w,3,3,,ctl,missed,0,0,,17.4
mpg,-4.0,5,ack-4f,w,3,3,0,ctl,ok,0,0,-1.4,17.4
mpg,-4.0,5,ack-4f,w,3,3,0,ctl,ok,0,0,-1.6,17.4
mpg,-4.0,5,qpsk-r1/5,w,9,2,1,data,ok,7,7,0.9,17.4
mpg,-4.0,5,ack-4f,w,3,3,0,ctl,ok,0,0,1.8,17.4
mpg,-4.0,5,qpsk-r1/3,w,9,2,1,data,ok,7,7,-0.2,17.4
mpg,-4.0,5,ack-4f,w,3,3,0,ctl,ok,0,0,-2.3,17.4
mpg,-4.0,5,qpsk-r1/3,w,9,2,1,data,ok,7,0,-2.7,17.4
mpg,-4.0,5,ack-4f,w,3,3,0,ctl,ok,0,0,0.3,17.4
mpg,-4.0,5,qpsk-r1/3,w,9,2,1,data,ok,0,0,1.1,17.4
mpg,-4.0,5,ack-4f,w,3,3,0,ctl,ok,0,0,3.3,17.4
mpg,-4.0,5,qpsk-r1/3,w,9,2,1,data,ok,7,7,1.7,17.4
mpg,-4.0,5,ack-4f,w,2,2,0,ctl,ok,0,0,-4.6,17.4
mpg,-4.0,5,qpsk-r1/3,w,9,1,0,data,ok,8,4,-0.6,17.4
mpg,-4.0,5,ack-4f,w,3,3,0,ctl,ok,0,0,3.3,17.4
mpg,-4.0,5,qpsk-r1/3,w,9,2,1,data,ok,3,0,-1.7,17.4
mpg,-4.0,5,ack-4f,w,3,3,0,ctl,ok,0,0,-4.9,17.4
mpg,-4.0,5,qpsk-r1/5,w,9,2,1,data,ok,7,7,0.4,17.4
mpg,-4.0,5,ack-4f,w,3,3,0,ctl,ok,0,0,-6.3,17.4
mpg,-4.0,5,qpsk-r1/3,w,9,2,1,data,ok,7,0,-3.3,17.4
mpg,-4.0,5,n4-ack-8f,n4,3,3,0,ctl,ok,0,0,-7.1,17.4
mpg,-4.0,5,qpsk-r1/5,w,9,2,1,data,ok,7,0,-4.5,17.4
mpg,-4.0,5,ack-4f,w,3,3,0,ctl,ctl_lost,0,0,-6.4,17.4
mpg,-4.0,5,ack-4f,w,4,4,,ctl,missed,0,0,,17.4
mpg,-4.0,5,ack-4f,w,4,4,0,ctl,ok,0,0,2.9,17.4
mpg,-4.0,5,ack-4f,w,2,2,0,ctl,ok,0,0,0.6,17.4
mpg,-4.0,5,qpsk-r1/5,w,9,1,0,data,ctl_lost,8,0,-3.5,17.4
mpg,-4.0,5,ack-4f,w,3,3,0,ctl,ok,0,0,-0.9,17.4
mpg,-4.0,5,ack-4f,w,2,2,0,ctl,ok,0,0,-0.8,17.4
mpg,-4.0,5,fsk32r62-r1/2,c32r62,9,1,,data,missed,0,0,,17.4
mpg,-4.0,5,ack-4f,w,4,4,0,ctl,ok,0,0,-1.9,17.4
mpg,-4.0,5,ack-4f,w,2,2,0,ctl,ok,0,0,2.0,17.4
mpg,-4.0,5,fsk32r62-r1/2,c32r62,9,1,0,data,ok,8,8,-1.4,17.4
mpg,-4.0,5,ack-4f,w,2,2,0,ctl,ok,0,0,-1.8,17.4
mpg,-4.0,5,fsk32r62-r1/2,c32r62,9,1,0,data,ok,8,8,0.3,17.4
mpg,-4.0,5,ack-4f,w,3,3,0,ctl,ok,0,0,-2.9,17.4
mpg,-4.0,5,qpsk-r1/5,w,9,2,1,data,ok,7,7,1.6,17.4
mpg,-4.0,5,ack-4f,w,3,3,0,ctl,ok,0,0,2.9,17.4
mpg,-4.0,5,qpsk-r1/3,w,9,2,1,data,ok,7,7,-0.2,17.4
mpg,-4.0,5,ack-4f,w,2,2,,ctl,missed,0,0,,17.4
mpg,-4.0,5,ack-4f,w,3,3,0,ctl,ok,0,0,0.0,17.4
mpg,-4.0,5,ack-4f,w,2,2,0,ctl,ok,0,0,5.4,17.4
mpg,-4.0,5,qpsk-r1/3,w,9,1,0,data,ok,8,8,1.9,17.4
mpg,-4.0,5,ack-1f,w,2,2,0,ctl,ok,0,0,4.9,17.4
mpg,-4.0,5,qpsk-r1/3,w,9,1,0,data,ok,8,8,1.1,17.4
mpg,-4.0,5,ack-1f,w,2,2,0,ctl,ok,0,0,-7.8,17.4
mpg,-4.0,5,qpsk-r1/3,w,9,1,0,data,ctl_lost,8,0,-2.8,17.4
mpg,-4.0,5,ack-4f,w,3,3,0,ctl,ok,0,0,0.9,17.4
mpg,-4.0,5,ack-4f,w,3,3,0,ctl,ok,0,0,0.3,17.4
mpg,-4.0,5,qpsk-r1/5,w,9,2,1,data,ok,7,7,-0.3,17.4
mpg,-4.0,5,ack-4f,w,3,3,0,ctl,ok,0,0,-0.3,17.4
mpg,-4.0,5,qpsk-r1/3,w,9,2,1,data,ok,7,0,-2.9,17.4
mpg,-4.0,5,ack-4f,w,3,3,0,ctl,ok,0,0,0.4,17.4
mpg,-4.0,5,qpsk-r1/5,w,9,2,1,data,ok,7,7,0.5,17.4
mpg,-4.0,5,ack-4f,w,3,3,0,ctl,ok,0,0,-1.6,17.4
mpg,-4.0,5,qpsk-r1/3,w,9,2,1,data,ok,7,0,-4.2,17.4
mpg,-4.0,5,ack-4f,w,3,3,0,ctl,ok,0,0,-0.8,17.4
mpg,-4.0,5,qpsk-r1/5,w,9,2,1,data,ok,7,7,1.7,17.4
mpg,-4.0,5,ack-4f,w,2,2,0,ctl,ok,0,0,4.1,17.4
mpg,-4.0,5,qpsk-r1/5,w,9,1,0,data,ok,8,8,-0.4,17.4
mpg,-4.0,5,ack-4f,w,2,2,0,ctl,ok,0,0,-2.4,17.4
mpg,-4.0,5,qpsk-r1/5,w,9,1,0,data,ok,8,8,-2.6,17.4
mpg,-4.0,5,ack-4f,w,3,3,0,ctl,ok,0,0,-4.9,17.4
mpg,-4.0,5,qpsk-r1/5,w,9,2,1,data,ok,7,7,-2.4,17.4
mpg,-4.0,5,ack-4f,w,3,3,0,ctl,ok,0,0,-0.3,17.4
mpg,-4.0,5,qpsk-r1/5,w,9,2,1,data,ok,7,7,1.5,17.4
mpg,-4.0,5,ack-4f,w,2,2,0,ctl,ok,0,0,-3.1,17.4
mpg,-4.0,5,qpsk-r1/5,w,9,1,0,data,ok,8,8,0.7,17.4
mpg,-4.0,5,ack-4f,w,2,2,0,ctl,ok,0,0,-1.1,17.4
mpg,-4.0,5,qpsk-r1/5,w,9,1,0,data,ok,8,8,-2.1,17.4
mpg,-4.0,5,ack-4f,w,2,2,0,ctl,ok,0,0,2.9,17.4
mpg,-4.0,5,qpsk-r1/5,w,9,1,0,data,ok,8,8,-0.8,17.4
mpg,-4.0,5,ack-4f,w,2,2,0,ctl,ok,0,0,3.4,17.4
mpg,-4.0,5,qpsk-r1/5,w,9,1,0,data,ok,8,8,1.4,17.4
mpg,-4.0,5,ack-1f,w,2,2,,ctl,missed,0,0,,17.4
mpg,-4.0,5,ack-4f,w,3,3,0,ctl,ctl_lost,0,0,-11.1,17.4
mpg,-4.0,5,ack-4f,w,3,3,0,ctl,ok,0,0,-2.2,17.4
mpg,-4.0,5,ack-4f,w,3,3,0,ctl,ok,0,0,-5.3,17.4
mpg,-4.0,5,qpsk-r1/5,w,9,2,1,data,ok,7,7,-0.6,17.4
mpg,-4.0,5,ack-4f,w,2,2,0,ctl,ok,0,0,0.6,17.4
mpg,-4.0,5,qpsk-r1/5,w,9,1,0,data,ok,8,7,-3.2,17.4
mpg,-4.0,5,ack-4f,w,2,2,0,ctl,ok,0,0,-0.3,17.4
mpg,-4.0,5,qpsk-r1/5,w,9,1,0,data,ok,7,7,2.9,17.4
mpg,-4.0,5,ack-4f,w,2,2,0,ctl,ok,0,0,-1.4,17.4
mpg,-4.0,5,qpsk-r1/5,w,9,1,,data,missed,0,0,,17.4
mpg,-4.0,2,qpsk-r1/5,w,1,1,0,ctl,ok,0,0,-4.1,18.7
mpg,-4.0,2,qpsk-r1/5,w,1,1,0,ctl,ok,0,0,-0.8,18.7
mpg,-4.0,2,ack-4f,w,3,3,0,ctl,ok,0,0,-2.6,18.7
mpg,-4.0,2,ack-4f,w,3,3,0,ctl,ok,0,0,-1.7,18.7
mpg,-4.0,2,qpsk-r1/5,w,9,2,1,data,ctl_lost,7,0,-5.4,18.7
mpg,-4.0,2,ack-4f,w,3,3,0,ctl,ok,0,0,1.8,18.7
mpg,-4.0,2,ack-4f,w,3,3,0,ctl,ok,0,0,1.9,18.7
mpg,-4.0,2,qpsk-r1/3,w,9,2,1,data,ok,7,7,1.2,18.7
mpg,-4.0,2,ack-4f,w,3,3,0,ctl,ok,0,0,0.3,18.7
mpg,-4.0,2,qpsk-r1/3,w,9,2,1,data,ok,7,0,-1.8,18.7
mpg,-4.0,2,ack-4f,w,3,3,0,ctl,ok,0,0,4.1,18.7
mpg,-4.0,2,qpsk-r1/3,w,9,2,1,data,ok,0,0,0.1,18.7
mpg,-4.0,2,ack-1f,w,3,3,0,ctl,ctl_lost,0,0,-2.5,18.7
mpg,-4.0,2,ack-4f,w,3,3,0,ctl,ok,0,0,-0.9,18.7
mpg,-4.0,2,ack-4f,w,3,3,0,ctl,ok,0,0,1.1,18.7
mpg,-4.0,2,qpsk-r1/3,w,9,2,1,data,ok,7,7,-0.2,18.7
mpg,-4.0,2,ack-4f,w,3,3,0,ctl,ok,0,0,-7.7,18.7
mpg,-4.0,2,qpsk-r1/3,w,9,2,1,data,ok,7,7,1.7,18.7
mpg,-4.0,2,ack-4f,w,3,3,,ctl,missed,0,0,,18.7
mpg,-4.0,2,ack-4f,w,3,3,0,ctl,ok,0,0,-4.9,18.7
mpg,-4.0,2,ack-4f,w,3,3,0,ctl,ok,0,0,-6.6,18.7
mpg,-4.0,2,qpsk-r1/3,w,9,2,1,data,ok,7,5,-1.8,18.7
mpg,-4.0,2,n4-ack-8f,n4,3,3,,ctl,missed,0,0,,18.7
mpg,-4.0,2,ack-4f,w,3,3,0,ctl,ok,0,0,1.1,18.7
mpg,-4.0,2,ack-4f,w,3,3,0,ctl,ok,0,0,-4.9,18.7
mpg,-4.0,2,qpsk-r1/3,w,9,2,1,data,ok,7,7,-1.2,18.7
mpg,-4.0,2,ack-4f,w,3,3,0,ctl,ok,0,0,-4.1,18.7
mpg,-4.0,2,qpsk-r1/3,w,9,2,1,data,ok,7,2,-1.0,18.7
mpg,-4.0,2,ack-4f,w,3,3,0,ctl,ok,0,0,-4.3,18.7
mpg,-4.0,2,qpsk-r1/3,w,9,2,1,data,ok,2,2,1.5,18.7
mpg,-4.0,2,ack-4f,w,2,2,0,ctl,ok,0,0,2.7,18.7
mpg,-4.0,2,qpsk-r1/3,w,9,1,0,data,ctl_lost,8,0,-1.2,18.7
mpg,-4.0,2,ack-4f,w,3,3,0,ctl,ok,0,0,-4.1,18.7
mpg,-4.0,2,ack-4f,w,3,3,0,ctl,ok,0,0,0.4,18.7
mpg,-4.0,2,qpsk-r1/3,w,9,2,1,data,ok,7,7,3.1,18.7
mpg,-4.0,2,ack-4f,w,2,2,0,ctl,ok,0,0,2.3,18.7
mpg,-4.0,2,qpsk-r1/3,w,9,1,0,data,ok,8,8,1.4,18.7
mpg,-4.0,2,ack-4f,w,2,2,0,ctl,ok,0,0,3.5,18.7
mpg,-4.0,2,qpsk-r1/3,w,9,1,0,data,ok,8,8,-0.5,18.7
mpg,-4.0,2,ack-4f,w,3,3,0,ctl,ok,0,0,-0.2,18.7
mpg,-4.0,2,qpsk-r1/3,w,9,2,1,data,ok,7,5,-1.0,18.7
mpg,-4.0,2,ack-4f,w,3,3,0,ctl,ok,0,0,-1.2,18.7
mpg,-4.0,2,qpsk-r1/3,w,9,2,1,data,ok,5,5,-1.2,18.7
mpg,-4.0,2,ack-4f,w,3,3,0,ctl,ok,0,0,-3.0,18.7
mpg,-4.0,2,qpsk-r1/3,w,9,2,1,data,ctl_lost,7,0,-5.4,18.7
mpg,-4.0,2,ack-4f,w,3,3,0,ctl,ok,0,0,2.1,18.7
mpg,-4.0,2,ack-4f,w,3,3,0,ctl,ok,0,0,1.2,18.7
mpg,-4.0,2,qpsk-r1/3,w,9,2,1,data,ok,7,1,-1.1,18.7
mpg,-4.0,2,ack-4f,w,3,3,0,ctl,ok,0,0,-7.5,18.7
mpg,-4.0,2,qpsk-r1/3,w,9,2,1,data,ok,1,0,-2.5,18.7
mpg,-4.0,2,ack-4f,w,3,3,0,ctl,ok,0,0,-1.4,18.7
mpg,-4.0,2,qpsk-r1/3,w,9,2,1,data,ctl_lost,6,0,-8.8,18.7
mpg,-4.0,2,ack-4f,w,3,3,0,ctl,ok,0,0,-2.2,18.7
mpg,-4.0,2,ack-4f,w,3,3,0,ctl,ok,0,0,2.5,18.7
mpg,-4.0,2,fsk32r62-r1/2,c32r62,10,2,1,data,ok,8,7,-3.0,18.7
mpg,-4.0,2,ack-4f,w,3,3,0,ctl,ok,0,0,-0.8,18.7
mpg,-4.0,2,fsk32r62-r1/2,c32r62,9,1,0,data,ok,7,7,1.5,18.7
mpg,-4.0,2,ack-4f,w,3,3,0,ctl,ok,0,0,1.2,18.7
mpg,-4.0,2,qpsk-r1/3,w,9,2,1,data,ok,7,0,-2.8,18.7
mpg,-4.0,2,ack-4f,w,3,3,0,ctl,ok,0,0,-1.4,18.7
mpg,-4.0,2,qpsk-r1/5,w,9,2,1,data,ok,7,7,-0.5,18.7
mpg,-4.0,2,ack-4f,w,3,3,0,ctl,ok,0,0,-3.9,18.7
mpg,-4.0,2,qpsk-r1/5,w,9,2,1,data,ok,7,7,-0.4,18.7
mpg,-4.0,2,ack-4f,w,3,3,0,ctl,ok,0,0,-2.4,18.7
mpg,-4.0,2,qpsk-r1/5,w,9,2,1,data,ok,7,7,-0.9,18.7
mpg,-4.0,2,ack-4f,w,3,3,0,ctl,ok,0,0,-4.9,18.7
mpg,-4.0,2,qpsk-r1/5,w,9,2,1,data,ok,7,1,-5.1,18.7
mpg,-4.0,2,ack-4f,w,3,3,0,ctl,ok,0,0,-1.2,18.7
mpg,-4.0,2,qpsk-r1/5,w,9,2,1,data,ok,1,1,0.4,18.7
mpg,-4.0,2,ack-4f,w,3,3,0,ctl,ok,0,0,-7.5,18.7
mpg,-4.0,2,qpsk-r1/5,w,9,2,1,data,ok,7,7,0.1,18.7
mpg,-4.0,2,ack-4f,w,2,2,0,ctl,ok,0,0,1.4,18.7
mpg,-4.0,2,qpsk-r1/5,w,9,1,0,data,ok,8,8,0.2,18.7
mpg,-4.0,2,ack-4f,w,2,2,0,ctl,ok,0,0,4.9,18.7
mpg,-4.0,2,qpsk-r1/5,w,9,1,0,data,ok,8,8,0.7,18.7
mpg,-4.0,2,ack-4f,w,2,2,0,ctl,ok,0,0,1.9,18.7
mpg,-4.0,2,qpsk-r1/5,w,9,1,0,data,ok,8,8,2.8,18.7
mpg,-4.0,2,ack-4f,w,3,3,0,ctl,ok,0,0,4.1,18.7
mpg,-4.0,2,qpsk-r1/3,w,9,2,1,data,ok,7,0,-0.6,18.7
mpg,-4.0,2,ack-4f,w,2,2,0,ctl,ok,0,0,5.2,18.7
mpg,-4.0,2,qpsk-r1/5,w,9,1,0,data,ok,8,8,1.3,18.7
mpg,-4.0,2,n4-ack-2f,n4,2,2,0,ctl,ok,0,0,-0.8,18.7
mpg,-4.0,2,qpsk-r1/5,w,9,1,0,data,ok,8,8,-2.5,18.7
mpg,-4.0,2,ack-4f,w,2,2,0,ctl,ok,0,0,0.7,18.7
mpg,-4.0,2,qpsk-r1/5,w,9,1,0,data,ctl_lost,8,0,-6.2,18.7
mpg,-4.0,2,ack-4f,w,3,3,0,ctl,ok,0,0,3.7,18.7
mpg,-4.0,2,ack-4f,w,3,3,0,ctl,ok,0,0,3.3,18.7
mpg,-4.0,2,qpsk-r1/5,w,9,2,1,data,ok,7,7,-1.6,18.7
mpg,-4.0,4,qpsk-r1/5,w,1,1,0,ctl,ctl_lost,0,0,-10.3,13.2
mpg,-4.0,4,n4-qpsk-r1/3,n4,1,1,,ctl,missed,0,0,,13.2
mpg,-4.0,4,n4-qpsk-r1/3,n4,1,1,0,ctl,ok,0,0,-8.6,13.2
mpg,-4.0,4,n4-qpsk-r1/3,n4,1,1,0,ctl,ok,0,0,-1.3,13.2
mpg,-4.0,4,ack-4f,w,3,3,0,ctl,ok,0,0,0.6,13.2
mpg,-4.0,4,ack-4f,w,3,3,0,ctl,ok,0,0,2.4,13.2
mpg,-4.0,4,qpsk-r1/5,w,9,2,1,data,ok,7,7,-1.8,13.2
mpg,-4.0,4,ack-4f,w,3,3,0,ctl,ok,0,0,4.1,13.2
mpg,-4.0,4,qpsk-r1/5,w,9,2,1,data,ok,7,7,0.4,13.2
mpg,-4.0,4,ack-1f,w,3,3,0,ctl,ok,0,0,3.8,13.2
mpg,-4.0,4,qpsk-r1/3,w,9,2,1,data,ok,7,7,-0.3,13.2
mpg,-4.0,4,ack-1f,w,3,3,0,ctl,ctl_lost,0,0,-3.1,13.2
mpg,-4.0,4,ack-4f,w,3,3,0,ctl,ok,0,0,0.3,13.2
mpg,-4.0,4,ack-4f,w,3,3,0,ctl,ok,0,0,0.2,13.2
mpg,-4.0,4,qpsk-r1/3,w,9,2,1,data,ok,7,0,-1.9,13.2
mpg,-4.0,4,ack-4f,w,3,3,0,ctl,ok,0,0,-7.6,13.2
mpg,-4.0,4,qpsk-r1/5,w,9,2,1,data,ok,7,7,-1.4,13.2
mpg,-4.0,4,ack-4f,w,3,3,0,ctl,ok,0,0,0.7,13.2
mpg,-4.0,4,qpsk-r1/3,w,9,2,1,data,ok,7,0,-1.6,13.2
mpg,-4.0,4,ack-4f,w,3,3,,ctl,missed,0,0,,13.2
mpg,-4.0,4,ack-4f,w,3,3,0,ctl,ok,0,0,-0.6,13.2
mpg,-4.0,4,ack-4f,w,3,3,0,ctl,ok,0,0,2.5,13.2
mpg,-4.0,4,qpsk-r1/5,w,9,2,1,data,ok,7,7,-2.7,13.2
mpg,-4.0,4,ack-4f,w,3,3,0,ctl,ok,0,0,-1.7,13.2
mpg,-4.0,4,qpsk-r1/5,w,9,2,1,data,ok,7,0,-4.7,13.2
mpg,-4.0,4,ack-4f,w,3,3,0,ctl,ok,0,0,1.7,13.2
mpg,-4.0,4,qpsk-r1/5,w,9,2,1,data,ok,0,0,-2.6,13.2
mpg,-4.0,4,ack-4f,w,3,3,0,ctl,ok,0,0,-7.0,13.2
mpg,-4.0,4,qpsk-r1/5,w,9,2,1,data,ok,7,0,-3.1,13.2
mpg,-4.0,4,ack-4f,w,3,3,0,ctl,ok,0,0,-4.0,13.2
mpg,-4.0,4,qpsk-r1/5,w,9,2,1,data,ok,0,0,-0.3,13.2
mpg,-4.0,4,ack-4f,w,2,2,0,ctl,ok,0,0,-1.5,13.2
mpg,-4.0,4,qpsk-r1/5,w,9,1,0,data,ok,8,8,1.5,13.2
mpg,-4.0,4,ack-4f,w,3,3,0,ctl,ok,0,0,-4.9,13.2
mpg,-4.0,4,qpsk-r1/3,w,9,2,1,data,ok,7,0,-1.8,13.2
mpg,-4.0,4,ack-4f,w,2,2,,ctl,missed,0,0,,13.2
mpg,-4.0,4,ack-4f,w,3,3,0,ctl,ok,0,0,-4.1,13.2
mpg,-4.0,4,ack-4f,w,2,2,0,ctl,ok,0,0,-0.8,13.2
mpg,-4.0,4,qpsk-r1/5,w,9,1,0,data,ok,8,8,-1.8,13.2
mpg,-4.0,4,ack-4f,w,2,2,0,ctl,ok,0,0,3.4,13.2
mpg,-4.0,4,qpsk-r1/5,w,9,1,0,data,ok,8,8,-0.6,13.2
mpg,-4.0,4,ack-4f,w,2,2,0,ctl,ok,0,0,1.9,13.2
mpg,-4.0,4,qpsk-r1/5,w,9,1,0,data,ctl_lost,8,0,-3.6,13.2
mpg,-4.0,4,ack-4f,w,3,3,0,ctl,ok,0,0,0.7,13.2
mpg,-4.0,4,ack-4f,w,3,3,0,ctl,ok,0,0,-2.3,13.2
mpg,-4.0,4,qpsk-r1/3,w,9,2,1,data,ok,7,2,-1.3,13.2
mpg,-4.0,4,ack-4f,w,3,3,0,ctl,ok,0,0,1.0,13.2
mpg,-4.0,4,qpsk-r1/3,w,9,2,1,data,ok,2,0,-0.6,13.2
mpg,-4.0,4,ack-4f,w,3,3,0,ctl,ok,0,0,-3.5,13.2
mpg,-4.0,4,qpsk-r1/5,w,9,1,0,data,ok,8,8,-2.0,13.2
mpg,-4.0,4,ack-4f,w,3,3,0,ctl,ok,0,0,-0.2,13.2
mpg,-4.0,4,qpsk-r1/5,w,9,2,1,data,ok,7,7,0.8,13.2
mpg,-4.0,4,ack-4f,w,3,3,0,ctl,ok,0,0,-5.1,13.2
mpg,-4.0,4,qpsk-r1/3,w,9,2,1,data,ok,7,7,-0.7,13.2
mpg,-4.0,4,ack-4f,w,2,2,0,ctl,ok,0,0,-0.2,13.2
mpg,-4.0,4,qpsk-r1/3,w,9,1,0,data,ctl_lost,8,6,-1.0,13.2
mpg,-4.0,4,ack-4f,w,3,3,0,ctl,ok,0,0,1.1,13.2
mpg,-4.0,4,ack-4f,w,3,3,0,ctl,ok,0,0,-6.2,13.2
mpg,-4.0,4,qpsk-r1/3,w,9,2,1,data,ctl_lost,7,0,-7.2,13.2
mpg,-4.0,4,ack-4f,w,3,3,0,ctl,ok,0,0,-4.8,13.2
mpg,-4.0,4,ack-4f,w,3,3,0,ctl,ok,0,0,-5.7,13.2
mpg,-4.0,4,fsk32r62-r1/2,c32r62,10,2,1,data,ok,8,8,0.6,13.2
mpg,-4.0,4,ack-4f,w,2,2,0,ctl,ok,0,0,1.5,13.2
mpg,-4.0,4,qpsk-r1/5,w,9,1,0,data,ctl_lost,8,0,-3.9,13.2
mpg,-4.0,4,ack-4f,w,3,3,0,ctl,ok,0,0,2.0,13.2
mpg,-4.0,4,ack-4f,w,3,3,0,ctl,ok,0,0,1.7,13.2
mpg,-4.0,4,qpsk-r1/5,w,9,2,1,data,ctl_lost,7,0,-6.4,13.2
mpg,-4.0,4,ack-4f,w,3,3,0,ctl,ok,0,0,2.1,13.2
mpg,-4.0,4,ack-4f,w,3,3,0,ctl,ok,0,0,-2.1,13.2
mpg,-4.0,4,w48-qpsk-r1/5,w48,19,2,,data,missed,0,0,,13.2
mpg,-4.0,4,ack-4f,w,4,4,0,ctl,ok,0,0,-1.9,13.2
mpg,-4.0,4,ack-4f,w,3,3,0,ctl,ok,0,0,1.1,13.2
mpg,-4.0,4,qpsk-r1/5,w,9,2,1,data,ok,7,7,-2.6,13.2
mpg,-4.0,4,ack-4f,w,2,2,0,ctl,ok,0,0,1.1,13.2
mpg,-4.0,4,fsk32r62-r1/2,c32r62,9,1,0,data,ok,8,8,0.1,13.2
mpg,-4.0,4,ack-4f,w,3,3,0,ctl,ok,0,0,-4.1,13.2
mpg,-4.0,4,qpsk-r1/5,w,9,2,1,data,ok,7,7,0.1,13.2
mpg,-4.0,4,ack-4f,w,3,3,0,ctl,ok,0,0,-1.0,13.2
mpg,-4.0,4,qpsk-r1/5,w,9,2,1,data,ok,7,7,2.1,13.2
mpg,-4.0,4,ack-4f,w,3,3,0,ctl,ok,0,0,-3.1,13.2
mpg,-4.0,4,w48-qpsk-r1/5,w48,19,2,1,data,ok,17,0,-3.9,13.2
mpg,-4.0,4,ack-4f,w,3,3,0,ctl,ok,0,0,-3.4,13.2
mpg,-4.0,4,w48-qpsk-r1/5,w48,19,2,1,data,ok,0,0,-0.8,13.2
mpg,-4.0,4,ack-4f,w,3,3,0,ctl,ok,0,0,4.0,13.2
mpg,-4.0,4,w48-qpsk-r1/5,w48,19,2,1,data,ok,17,1,-0.9,13.2
mpg,-4.0,4,ack-4f,w,3,3,0,ctl,ok,0,0,-4.9,13.2
mpg,-4.0,4,w48-qpsk-r1/5,w48,19,2,1,data,ok,1,1,2.2,13.2
mpg,-4.0,7,qpsk-r1/5,w,1,1,0,ctl,ok,0,0,-0.5,17.4
mpg,-4.0,7,qpsk-r1/5,w,1,1,0,ctl,ok,0,0,2.2,17.4
mpg,-4.0,7,ack-4f,w,3,3,0,ctl,ok,0,0,-0.8,17.4
mpg,-4.0,7,ack-4f,w,3,3,0,ctl,ok,0,0,3.5,17.4
mpg,-4.0,7,qpsk-r1/5,w,9,2,1,data,ok,7,7,-3.1,17.4
mpg,-4.0,7,ack-1f,w,3,3,0,ctl,ok,0,0,-0.4,17.4
mpg,-4.0,7,qpsk-r1/5,w,9,2,1,data,ok,7,7,0.3,17.4
mpg,-4.0,7,ack-4f,w,3,3,0,ctl,ok,0,0,-3.6,17.4
mpg,-4.0,7,qpsk-r1/3,w,9,2,1,data,ctl_lost,7,0,-4.4,17.4
mpg,-4.0,7,ack-4f,w,3,3,0,ctl,ok,0,0,-2.3,17.4
mpg,-4.0,7,ack-4f,w,3,3,0,ctl,ok,0,0,2.5,17.4
mpg,-4.0,7,qpsk-r1/5,w,9,2,1,data,ok,7,7,4.6,17.4
mpg,-4.0,7,ack-4f,w,3,3,0,ctl,ok,0,0,5.9,17.4
mpg,-4.0,7,w48-qpsk-r1/5,w48,19,2,1,data,ctl_lost,17,0,-4.7,17.4
mpg,-4.0,7,ack-4f,w,2,2,0,ctl,ok,0,0,1.4,17.4
mpg,-4.0,7,ack-4f,w,2,2,0,ctl,ok,0,0,0.4,17.4
mpg,-4.0,7,qpsk-r1/5,w,9,1,0,data,ok,8,8,-3.4,17.4
mpg,-4.0,7,ack-1f,w,2,2,0,ctl,ok,0,0,-1.9,17.4
mpg,-4.0,7,qpsk-r1/5,w,9,1,0,data,ok,8,8,-2.1,17.4
mpg,-4.0,7,ack-4f,w,3,3,0,ctl,ok,0,0,2.9,17.4
mpg,-4.0,7,qpsk-r1/5,w,9,2,1,data,ok,7,7,-1.7,17.4
mpg,-4.0,7,ack-1f,w,2,2,0,ctl,ok,0,0,3.7,17.4
mpg,-4.0,7,qpsk-r1/5,w,9,1,0,data,ok,8,8,3.2,17.4
mpg,-4.0,7,ack-1f,w,2,2,0,ctl,ok,0,0,2.6,17.4
mpg,-4.0,7,qpsk-r1/5,w,9,1,0,data,ok,8,6,-3.5,17.4
mpg,-4.0,7,ack-1f,w,3,3,0,ctl,ok,0,0,2.4,17.4
mpg,-4.0,7,qpsk-r1/5,w,9,1,0,data,ok,6,6,-0.2,17.4
mpg,-4.0,7,ack-1f,w,2,2,0,ctl,ctl_lost,0,0,-5.7,17.4
mpg,-4.0,7,ack-4f,w,3,3,0,ctl,ok,0,0,-1.0,17.4
mpg,-4.0,7,ack-4f,w,2,2,0,ctl,ok,0,0,-1.3,17.4
mpg,-4.0,7,qpsk-r1/5,w,9,1,0,data,ctl_lost,8,0,-5.2,17.4
mpg,-4.0,7,ack-4f,w,3,3,0,ctl,ok,0,0,-3.4,17.4
mpg,-4.0,7,ack-4f,w,3,3,0,ctl,ok,0,0,2.9,17.4
mpg,-4.0,7,qpsk-r1/5,w,9,2,1,data,ok,7,7,-2.0,17.4
mpg,-4.0,7,ack-4f,w,3,3,0,ctl,ok,0,0,-1.1,17.4
mpg,-4.0,7,qpsk-r1/5,w,9,2,1,data,ok,7,7,-2.7,17.4
mpg,-4.0,7,ack-4f,w,3,3,,ctl,missed,0,0,,17.4
mpg,-4.0,7,ack-4f,w,3,3,0,ctl,ok,0,0,-0.5,17.4
mpg,-4.0,7,ack-4f,w,3,3,0,ctl,ok,0,0,-4.0,17.4
mpg,-4.0,7,qpsk-r1/5,w,9,2,1,data,ok,7,0,-5.2,17.4
mpg,-4.0,7,ack-4f,w,3,3,0,ctl,ok,0,0,1.2,17.4
mpg,-4.0,7,qpsk-r1/5,w,9,2,1,data,ok,0,0,0.0,17.4
mpg,-4.0,7,ack-4f,w,2,2,0,ctl,ok,0,0,-4.8,17.4
mpg,-4.0,7,qpsk-r1/5,w,9,1,0,data,ok,8,8,-1.2,17.4
mpg,-4.0,7,ack-4f,w,2,2,0,ctl,ok,0,0,2.1,17.4
mpg,-4.0,7,qpsk-r1/5,w,9,1,0,data,ok,8,8,0.4,17.4
mpg,-4.0,7,ack-4f,w,2,2,0,ctl,ok,0,0,4.2,17.4
mpg,-4.0,7,qpsk-r1/5,w,9,1,0,data,ctl_lost,8,0,-4.8,17.4
mpg,-4.0,7,ack-4f,w,3,3,0,ctl,ok,0,0,2.5,17.4
mpg,-4.0,7,ack-4f,w,3,3,0,ctl,ok,0,0,-1.2,17.4
mpg,-4.0,7,qpsk-r1/5,w,9,2,1,data,ok,7,7,-1.3,17.4
mpg,-4.0,7,ack-4f,w,2,2,0,ctl,ok,0,0,-4.9,17.4
mpg,-4.0,7,qpsk-r1/5,w,9,1,,data,missed,0,0,,17.4
mpg,-4.0,7,ack-4f,w,3,3,,ctl,missed,0,0,,17.4
mpg,-4.0,7,ack-4f,w,3,3,0,ctl,ok,0,0,2.5,17.4
mpg,-4.0,7,ack-4f,w,3,3,0,ctl,ok,0,0,3.9,17.4
mpg,-4.0,7,qpsk-r1/5,w,9,2,1,data,ok,7,7,-0.4,17.4
mpg,-4.0,7,ack-4f,w,2,2,0,ctl,ok,0,0,-2.7,17.4
mpg,-4.0,7,qpsk-r1/5,w,9,1,0,data,ok,8,8,2.0,17.4
mpg,-4.0,7,ack-4f,w,2,2,0,ctl,ok,0,0,-12.2,17.4
mpg,-4.0,7,qpsk-r1/5,w,9,1,0,data,ok,8,8,-0.3,17.4
mpg,-4.0,7,ack-4f,w,2,2,0,ctl,ok,0,0,0.9,17.4
mpg,-4.0,7,qpsk-r1/5,w,9,1,0,data,ok,8,8,1.1,17.4
mpg,-4.0,7,ack-4f,w,2,2,0,ctl,ok,0,0,0.5,17.4
mpg,-4.0,7,qpsk-r1/5,w,9,1,0,data,ok,8,8,4.1,17.4
mpg,-4.0,7,ack-4f,w,3,3,0,ctl,ok,0,0,1.2,17.4
mpg,-4.0,7,qpsk-r1/2,w,9,2,1,data,ok,7,0,-0.6,17.4
mpg,-4.0,7,ack-4f,w,3,3,0,ctl,ok,0,0,1.6,17.4
mpg,-4.0,7,qpsk-r1/2,w,9,2,1,data,ok,0,0,0.9,17.4
mpg,-4.0,7,ack-4f,w,3,3,0,ctl,ctl_lost,0,0,-10.0,17.4
mpg,-4.0,7,ack-4f,w,3,3,0,ctl,ok,0,0,-5.3,17.4
mpg,-4.0,7,ack-4f,w,2,2,0,ctl,ok,0,0,-9.4,17.4
mpg,-4.0,7,qpsk-r1/5,w,9,1,0,data,ok,8,8,0.3,17.4
mpg,-4.0,7,n4-ack-8f,n4,2,2,0,ctl,ok,0,0,-9.1,17.4
mpg,-4.0,7,qpsk-r1/5,w,9,1,0,data,ok,8,8,0.1,17.4
mpg,-4.0,7,n4-ack-8f,n4,2,2,0,ctl,ok,0,0,-4.0,17.4
mpg,-4.0,7,qpsk-r1/5,w,9,1,0,data,ok,8,8,-1.3,17.4
mpg,-4.0,7,n10-ack-4f,n10,2,2,0,ctl,ok,0,0,2.5,17.4
mpg,-4.0,7,qpsk-r1/5,w,9,1,0,data,ok,8,8,-1.6,17.4
mpg,-4.0,7,ack-4f,w,2,2,0,ctl,ok,0,0,-0.6,17.4
mpg,-4.0,7,qpsk-r1/5,w,9,1,0,data,ok,8,8,-1.8,17.4
mpg,-4.0,7,ack-4f,w,2,2,0,ctl,ok,0,0,-1.1,17.4
mpg,-4.0,7,qpsk-r1/5,w,9,1,0,data,ok,8,8,-0.2,17.4
mpg,-4.0,7,ack-4f,w,2,2,0,ctl,ok,0,0,-5.9,17.4
mpg,-4.0,7,qpsk-r1/5,w,9,1,,data,missed,0,0,,17.4
mpg,-4.0,7,ack-4f,w,3,3,0,ctl,ok,0,0,3.1,17.4
mpg,-4.0,7,ack-4f,w,3,3,0,ctl,ok,0,0,2.6,17.4
mpg,-4.0,7,qpsk-r1/2,w,9,2,1,data,ok,7,0,1.5,17.4
mpg,-4.0,7,ack-4f,w,3,3,0,ctl,ok,0,0,-3.2,17.4
mpg,-4.0,7,qpsk-r1/2,w,9,2,1,data,ctl_lost,0,0,-3.2,17.4
mpg,-4.0,7,ack-4f,w,3,3,0,ctl,ok,0,0,-1.7,17.4
mpg,-4.0,7,ack-4f,w,2,2,0,ctl,ok,0,0,0.5,17.4
mpg,-4.0,7,qpsk-r1/5,w,9,1,0,data,ok,8,8,0.2,17.4
mpg,-4.0,7,ack-4f,w,2,2,0,ctl,ok,0,0,-1.9,17.4
mpg,-4.0,7,qpsk-r1/5,w,9,1,0,data,ok,8,8,0.0,17.4
mpg,-4.0,7,ack-4f,w,2,2,0,ctl,ok,0,0,-0.7,17.4
mpg,-4.0,7,qpsk-r1/5,w,9,1,0,data,ok,8,8,-0.7,17.4
mpg,-4.0,6,qpsk-r1/5,w,1,1,0,ctl,ok,0,0,-1.6,17.4
mpg,-4.0,6,qpsk-r1/5,w,1,1,0,ctl,ok,0,0,-1.9,17.4
mpg,-4.0,6,ack-4f,w,3,3,0,ctl,ctl_lost,0,0,-8.4,17.4
mpg,-4.0,6,ack-4f,w,3,3,0,ctl,ok,0,0,2.2,17.4
mpg,-4.0,6,ack-4f,w,3,3,0,ctl,ok,0,0,0.2,17.4
mpg,-4.0,6,qpsk-r1/3,w,9,2,1,data,ok,7,6,-0.4,17.4
mpg,-4.0,6,ack-4f,w,3,3,0,ctl,ok,0,0,-5.5,17.4
mpg,-4.0,6,qpsk-r1/3,w,9,2,1,data,ok,6,6,0.2,17.4
mpg,-4.0,6,ack-4f,w,3,3,0,ctl,ok,0,0,-1.2,17.4
mpg,-4.0,6,qpsk-r1/3,w,9,2,1,data,ok,7,0,-5.0,17.4
mpg,-4.0,6,ack-4f,w,3,3,0,ctl,ok,0,0,-4.1,17.4
mpg,-4.0,6,qpsk-r1/3,w,9,2,1,data,ok,0,0,-0.7,17.4
mpg,-4.0,6,ack-4f,w,3,3,0,ctl,ok,0,0,-4.4,17.4
mpg,-4.0,6,qpsk-r1/3,w,9,2,1,data,ok,7,7,-0.2,17.4
mpg,-4.0,6,ack-4f,w,3,3,0,ctl,ok,0,0,-3.5,17.4
mpg,-4.0,6,qpsk-r1/3,w,9,2,1,data,ok,7,0,-2.5,17.4
mpg,-4.0,6,ack-4f,w,3,3,0,ctl,ok,0,0,0.6,17.4
mpg,-4.0,6,qpsk-r1/3,w,9,2,1,data,ok,0,0,-2.1,17.4
mpg,-4.0,6,ack-4f,w,3,3,0,ctl,ok,0,0,-2.0,17.4
mpg,-4.0,6,qpsk-r1/3,w,9,2,1,data,ok,7,0,-2.0,17.4
mpg,-4.0,6,ack-4f,w,3,3,0,ctl,ok,0,0,-2.2,17.4
mpg,-4.0,6,qpsk-r1/3,w,9,2,1,data,ok,0,0,-2.0,17.4
mpg,-4.0,6,ack-4f,w,3,3,0,ctl,ok,0,0,-0.5,17.4
mpg,-4.0,6,qpsk-r1/3,w,9,2,1,data,ok,7,0,-1.3,17.4
mpg,-4.0,6,ack-4f,w,3,3,0,ctl,ok,0,0,2.9,17.4
mpg,-4.0,6,qpsk-r1/5,w,9,2,1,data,ok,7,7,0.0,17.4
mpg,-4.0,6,ack-4f,w,3,3,0,ctl,ok,0,0,4.0,17.4
mpg,-4.0,6,qpsk-r1/5,w,9,2,1,data,ok,7,7,5.0,17.4
mpg,-4.0,6,ack-4f,w,2,2,0,ctl,ok,0,0,1.6,17.4
mpg,-4.0,6,qpsk-r1/3,w,9,1,0,data,ctl_lost,8,5,-1.5,17.4
mpg,-4.0,6,ack-4f,w,3,3,0,ctl,ok,0,0,2.0,17.4
mpg,-4.0,6,ack-4f,w,3,3,0,ctl,ok,0,0,-1.5,17.4
mpg,-4.0,6,qpsk-r1/3,w,9,2,,data,missed,0,0,,17.4
mpg,-4.0,6,ack-4f,w,3,3,0,ctl,ok,0,0,4.7,17.4
mpg,-4.0,6,ack-4f,w,3,3,0,ctl,ok,0,0,5.2,17.4
mpg,-4.0,6,qpsk-r1/2,w,9,2,1,data,ctl_lost,7,0,-1.8,17.4
mpg,-4.0,6,ack-4f,w,4,4,0,ctl,ok,0,0,-1.0,17.4
mpg,-4.0,6,ack-4f,w,3,3,0,ctl,ok,0,0,1.5,17.4
mpg,-4.0,6,qpsk-r1/5,w,9,2,1,data,ok,7,7,0.3,17.4
mpg,-4.0,6,ack-4f,w,2,2,0,ctl,ok,0,0,-3.2,17.4
mpg,-4.0,6,qpsk-r1/5,w,9,1,,data,missed,0,0,,17.4
mpg,-4.0,6,ack-4f,w,3,3,0,ctl,ok,0,0,-3.4,17.4
mpg,-4.0,6,ack-4f,w,3,3,0,ctl,ok,0,0,-5.5,17.4
mpg,-4.0,6,qpsk-r1/5,w,9,2,1,data,ok,7,7,1.1,17.4
mpg,-4.0,6,ack-4f,w,2,2,0,ctl,ok,0,0,1.3,17.4
mpg,-4.0,6,qpsk-r1/5,w,9,1,0,data,ok,8,8,0.4,17.4
mpg,-4.0,6,ack-4f,w,2,2,0,ctl,ok,0,0,-0.8,17.4
mpg,-4.0,6,qpsk-r1/5,w,9,1,0,data,ok,8,8,1.1,17.4
mpg,-4.0,6,ack-4f,w,2,2,0,ctl,ok,0,0,-1.3,17.4
mpg,-4.0,6,qpsk-r1/5,w,9,1,0,data,ok,8,8,-2.2,17.4
mpg,-4.0,6,ack-4f,w,2,2,0,ctl,ok,0,0,1.4,17.4
mpg,-4.0,6,qpsk-r1/5,w,9,1,0,data,ok,8,8,-0.7,17.4
mpg,-4.0,6,ack-4f,w,2,2,0,ctl,ok,0,0,-3.2,17.4
mpg,-4.0,6,qpsk-r1/5,w,9,1,0,data,ok,8,8,-0.5,17.4
mpg,-4.0,6,ack-4f,w,2,2,0,ctl,ok,0,0,2.4,17.4
mpg,-4.0,6,qpsk-r1/5,w,9,1,0,data,ok,8,8,0.3,17.4
mpg,-4.0,6,ack-4f,w,2,2,0,ctl,ok,0,0,-4.1,17.4
mpg,-4.0,6,qpsk-r1/5,w,9,1,,data,missed,0,0,,17.4
mpg,-4.0,6,ack-4f,w,3,3,0,ctl,ok,0,0,0.7,17.4
mpg,-4.0,6,ack-4f,w,2,2,0,ctl,ok,0,0,2.8,17.4
mpg,-4.0,6,qpsk-r1/5,w,9,1,0,data,ok,8,8,1.7,17.4
mpg,-4.0,6,ack-4f,w,2,2,0,ctl,ok,0,0,-1.7,17.4
mpg,-4.0,6,qpsk-r1/3,w,9,1,0,data,ctl_lost,8,0,-4.3,17.4
mpg,-4.0,6,ack-4f,w,3,3,0,ctl,ok,0,0,3.4,17.4
mpg,-4.0,6,ack-4f,w,2,2,0,ctl,ok,0,0,-4.2,17.4
mpg,-4.0,6,qpsk-r1/5,w,9,1,0,data,ok,8,8,-3.0,17.4
mpg,-4.0,6,ack-4f,w,2,2,0,ctl,ok,0,0,0.4,17.4
mpg,-4.0,6,qpsk-r1/5,w,9,1,0,data,ctl_lost,8,1,-4.2,17.4
mpg,-4.0,6,ack-4f,w,3,3,0,ctl,ok,0,0,-3.8,17.4
mpg,-4.0,6,ack-4f,w,3,3,0,ctl,ok,0,0,-0.3,17.4
mpg,-4.0,6,qpsk-r1/5,w,9,2,1,data,ok,7,7,1.4,17.4
mpg,-4.0,6,ack-4f,w,2,2,0,ctl,ok,0,0,0.9,17.4
mpg,-4.0,6,qpsk-r1/5,w,9,1,0,data,ok,8,8,-1.7,17.4
mpg,-4.0,6,ack-4f,w,2,2,0,ctl,ok,0,0,3.5,17.4
mpg,-4.0,6,qpsk-r1/5,w,9,1,0,data,ok,8,8,2.5,17.4
mpg,-4.0,6,ack-4f,w,2,2,0,ctl,ok,0,0,-7.4,17.4
mpg,-4.0,6,qpsk-r1/5,w,9,1,0,data,ok,8,8,1.7,17.4
mpg,-4.0,6,ack-4f,w,3,3,0,ctl,ok,0,0,5.4,17.4
mpg,-4.0,6,w48-qpsk-r1/5,w48,19,2,1,data,ok,17,1,-1.5,17.4
mpg,-4.0,6,ack-4f,w,3,3,0,ctl,ok,0,0,-0.5,17.4
mpg,-4.0,6,w48-qpsk-r1/5,w48,19,2,1,data,ok,1,0,-1.6,17.4
mpg,-4.0,6,ack-4f,w,3,3,0,ctl,ok,0,0,-1.2,17.4
mpg,-4.0,6,w48-qpsk-r1/5,w48,19,2,1,data,ctl_lost,16,0,-3.8,17.4
mpg,-4.0,6,ack-4f,w,3,3,0,ctl,ok,0,0,2.5,17.4
mpg,-4.0,6,ack-4f,w,2,2,0,ctl,ok,0,0,0.3,17.4
mpg,-4.0,6,qpsk-r1/5,w,9,1,0,data,ok,8,8,-0.5,17.4
mpg,-4.0,6,ack-4f,w,2,2,0,ctl,ok,0,0,0.8,17.4
mpg,-4.0,6,qpsk-r1/5,w,9,1,0,data,ok,8,8,-0.1,17.4
mpg,-4.0,6,ack-4f,w,2,2,0,ctl,ok,0,0,2.5,17.4
mpg,-4.0,6,qpsk-r1/5,w,9,1,0,data,ok,8,8,1.5,17.4
mpg,-4.0,6,ack-4f,w,2,2,0,ctl,ok,0,0,-0.2,17.4
mpg,-4.0,6,qpsk-r1/5,w,9,1,0,data,ok,8,8,0.5,17.4
mpg,-4.0,9,qpsk-r1/5,w,1,1,0,ctl,ok,0,0,4.1,14.9
mpg,-4.0,9,qpsk-r1/5,w,1,1,0,ctl,ok,0,0,4.0,14.9
mpg,-4.0,9,ack-4f,w,3,3,0,ctl,ok,0,0,-2.6,14.9
mpg,-4.0,9,ack-1f,w,3,3,0,ctl,ctl_lost,0,0,-3.1,14.9
mpg,-4.0,9,ack-4f,w,3,3,0,ctl,ok,0,0,0.8,14.9
mpg,-4.0,9,ack-4f,w,3,3,0,ctl,ok,0,0,0.5,14.9
mpg,-4.0,9,qpsk-r1/5,w,9,2,1,data,ok,7,0,-5.2,14.9
mpg,-4.0,9,ack-4f,w,3,3,,ctl,missed,0,0,,14.9
mpg,-4.0,9,ack-4f,w,3,3,0,ctl,ok,0,0,-1.0,14.9
mpg,-4.0,9,ack-4f,w,3,3,0,ctl,ok,0,0,1.7,14.9
mpg,-4.0,9,qpsk-r1/5,w,9,2,1,data,ok,7,7,-1.8,14.9
mpg,-4.0,9,ack-4f,w,3,3,0,ctl,ok,0,0,-1.3,14.9
mpg,-4.0,9,qpsk-r1/5,w,9,2,1,data,ok,7,7,-1.5,14.9
mpg,-4.0,9,ack-4f,w,3,3,0,ctl,ok,0,0,-4.5,14.9
mpg,-4.0,9,qpsk-r1/5,w,9,2,1,data,ok,7,7,-0.1,14.9
mpg,-4.0,9,ack-4f,w,3,3,0,ctl,ok,0,0,0.5,14.9
mpg,-4.0,9,qpsk-r1/3,w,9,2,1,data,ctl_lost,7,0,-6.4,14.9
mpg,-4.0,9,ack-4f,w,3,3,0,ctl,ok,0,0,-1.5,14.9
mpg,-4.0,9,ack-4f,w,3,3,0,ctl,ok,0,0,4.0,14.9
mpg,-4.0,9,qpsk-r1/5,w,9,2,1,data,ok,7,7,1.3,14.9
mpg,-4.0,9,ack-4f,w,2,2,0,ctl,ok,0,0,2.3,14.9
mpg,-4.0,9,qpsk-r1/5,w,9,1,0,data,ok,8,8,0.7,14.9
mpg,-4.0,9,ack-4f,w,2,2,0,ctl,ok,0,0,-2.6,14.9
mpg,-4.0,9,qpsk-r1/5,w,9,1,0,data,ok,8,8,-2.3,14.9
mpg,-4.0,9,ack-4f,w,2,2,0,ctl,ok,0,0,-0.5,14.9
mpg,-4.0,9,qpsk-r1/5,w,9,1,0,data,ctl_lost,8,7,-1.4,14.9
mpg,-4.0,9,ack-4f,w,3,3,0,ctl,ctl_lost,0,0,-5.5,14.9
mpg,-4.0,9,ack-4f,w,3,3,,ctl,missed,0,0,,14.9
mpg,-4.0,9,ack-4f,w,3,3,0,ctl,ok,0,0,-0.7,14.9
mpg,-4.0,9,ack-4f,w,3,3,0,ctl,ok,0,0,-0.3,14.9
mpg,-4.0,9,fsk32r62-r1/2,c32r62,10,2,1,data,ok,8,7,-0.7,14.9
mpg,-4.0,9,ack-4f,w,3,3,0,ctl,ok,0,0,-2.9,14.9
mpg,-4.0,9,fsk32r62-r1/2,c32r62,9,1,0,data,ok,7,4,-2.4,14.9
mpg,-4.0,9,ack-4f,w,3,3,0,ctl,ok,0,0,-3.7,14.9
mpg,-4.0,9,fsk32r62-r1/2,c32r62,9,1,0,data,ok,5,5,-1.3,14.9
mpg,-4.0,9,ack-4f,w,3,3,0,ctl,ok,0,0,0.1,14.9
mpg,-4.0,9,qpsk-r1/5,w,9,2,1,data,ok,7,7,0.5,14.9
mpg,-4.0,9,ack-4f,w,3,3,,ctl,missed,0,0,,14.9
mpg,-4.0,9,ack-4f,w,3,3,0,ctl,ok,0,0,-7.5,14.9
mpg,-4.0,9,ack-4f,w,3,3,0,ctl,ok,0,0,-0.9,14.9
mpg,-4.0,9,qpsk-r1/5,w,9,2,1,data,ok,7,7,0.3,14.9
mpg,-4.0,9,ack-4f,w,3,3,,ctl,missed,0,0,,14.9
mpg,-4.0,9,ack-4f,w,3,3,0,ctl,ok,0,0,0.9,14.9
mpg,-4.0,9,ack-4f,w,2,2,0,ctl,ok,0,0,-4.8,14.9
mpg,-4.0,9,qpsk-r1/5,w,9,1,0,data,ctl_lost,8,0,-5.6,14.9
mpg,-4.0,9,ack-4f,w,3,3,0,ctl,ok,0,0,3.4,14.9
mpg,-4.0,9,ack-4f,w,3,3,0,ctl,ok,0,0,4.0,14.9
mpg,-4.0,9,qpsk-r1/5,w,9,2,1,data,ok,7,7,0.1,14.9
mpg,-4.0,9,ack-4f,w,3,3,0,ctl,ok,0,0,-6.6,14.9
mpg,-4.0,9,qpsk-r1/5,w,9,2,,data,missed,0,0,,14.9
mpg,-4.0,9,ack-4f,w,3,3,0,ctl,ok,0,0,-1.7,14.9
mpg,-4.0,9,ack-4f,w,3,3,0,ctl,ok,0,0,1.3,14.9
mpg,-4.0,9,qpsk-r1/5,w,9,2,1,data,ok,7,7,-0.3,14.9
mpg,-4.0,9,ack-4f,w,3,3,0,ctl,ok,0,0,-0.0,14.9
mpg,-4.0,9,qpsk-r1/5,w,9,2,1,data,ok,7,7,-2.3,14.9
mpg,-4.0,9,ack-4f,w,3,3,0,ctl,ok,0,0,2.6,14.9
mpg,-4.0,9,qpsk-r1/5,w,9,2,1,data,ok,7,0,-3.9,14.9
mpg,-4.0,9,ack-4f,w,2,2,0,ctl,ok,0,0,-9.6,14.9
mpg,-4.0,9,fsk32r62-r1/2,c32r62,9,1,0,data,ok,8,8,0.3,14.9
mpg,-4.0,9,ack-4f,w,3,3,0,ctl,ok,0,0,-4.3,14.9
mpg,-4.0,9,qpsk-r1/5,w,9,2,1,data,ok,7,7,-0.4,14.9
mpg,-4.0,9,ack-4f,w,3,3,0,ctl,ok,0,0,1.5,14.9
mpg,-4.0,9,qpsk-r1/5,w,9,2,1,data,ok,7,6,-3.4,14.9
mpg,-4.0,9,ack-4f,w,3,3,0,ctl,ok,0,0,-2.6,14.9
mpg,-4.0,9,qpsk-r1/5,w,9,2,1,data,ok,6,6,-1.4,14.9
mpg,-4.0,9,ack-4f,w,3,3,0,ctl,ok,0,0,2.8,14.9
mpg,-4.0,9,qpsk-r1/5,w,9,2,1,data,ok,7,7,-0.3,14.9
mpg,-4.0,9,ack-4f,w,2,2,0,ctl,ok,0,0,3.7,14.9
mpg,-4.0,9,qpsk-r1/5,w,9,1,0,data,ok,8,8,3.2,14.9
mpg,-4.0,9,ack-4f,w,3,3,0,ctl,ok,0,0,0.3,14.9
mpg,-4.0,9,qpsk-r1/3,w,9,2,1,data,ok,7,0,-1.8,14.9
mpg,-4.0,9,ack-4f,w,3,3,0,ctl,ok,0,0,-1.8,14.9
mpg,-4.0,9,qpsk-r1/3,w,9,2,1,data,ok,0,0,-2.5,14.9
mpg,-4.0,9,ack-4f,w,3,3,0,ctl,ctl_lost,0,0,-6.8,14.9
mpg,-4.0,9,ack-4f,w,3,3,0,ctl,ok,0,0,-0.8,14.9
mpg,-4.0,9,ack-4f,w,3,3,0,ctl,ok,0,0,-8.9,14.9
mpg,-4.0,9,qpsk-r1/5,w,9,2,1,data,ok,7,7,-2.1,14.9
mpg,-4.0,9,n4-ack-8f,n4,2,2,0,ctl,ok,0,0,-2.4,14.9
mpg,-4.0,9,qpsk-r1/5,w,9,1,0,data,ok,8,8,-0.3,14.9
mpg,-4.0,9,ack-4f,w,2,2,0,ctl,ok,0,0,2.4,14.9
mpg,-4.0,9,qpsk-r1/5,w,9,1,0,data,ok,8,8,-2.9,14.9
mpg,-4.0,9,ack-4f,w,2,2,0,ctl,ok,0,0,0.1,14.9
mpg,-4.0,9,qpsk-r1/5,w,9,1,0,data,ok,8,8,-0.5,14.9
mpg,-4.0,9,ack-4f,w,2,2,0,ctl,ok,0,0,-0.9,14.9
mpg,-4.0,9,qpsk-r1/5,w,9,1,0,data,ok,8,8,-0.1,14.9
mpg,-4.0,9,ack-4f,w,2,2,0,ctl,ok,0,0,-3.4,14.9
mpg,-4.0,9,qpsk-r1/5,w,9,1,0,data,ok,8,8,-2.2,14.9
mpg,-4.0,8,qpsk-r1/5,w,1,1,0,ctl,ok,0,0,-0.5,22.1
mpg,-4.0,8,qpsk-r1/5,w,1,1,0,ctl,ok,0,0,-1.2,22.1
mpg,-4.0,8,ack-4f,w,3,3,0,ctl,ok,0,0,-3.3,22.1
mpg,-4.0,8,ack-4f,w,3,3,0,ctl,ok,0,0,1.5,22.1
mpg,-4.0,8,qpsk-r1/5,w,9,2,1,data,ok,7,7,-1.8,22.1
mpg,-4.0,8,ack-4f,w,3,3,0,ctl,ok,0,0,-4.8,22.1
mpg,-4.0,8,qpsk-r1/5,w,9,2,1,data,ok,7,5,-4.1,22.1
mpg,-4.0,8,ack-4f,w,3,3,0,ctl,ok,0,0,-3.9,22.1
mpg,-4.0,8,qpsk-r1/5,w,9,2,1,data,ok,5,5,1.2,22.1
mpg,-4.0,8,ack-4f,w,3,3,0,ctl,ok,0,0,4.3,22.1
mpg,-4.0,8,qpsk-r1/3,w,9,2,1,data,ok,7,7,0.6,22.1
mpg,-4.0,8,ack-4f,w,3,3,0,ctl,ok,0,0,3.3,22.1
mpg,-4.0,8,qpsk-r1/3,w,9,2,1,data,ok,7,7,1.5,22.1
mpg,-4.0,8,ack-1f,w,3,3,0,ctl,ok,0,0,-5.9,22.1
mpg,-4.0,8,qpsk-r1/3,w,9,2,1,data,ok,7,7,0.0,22.1
mpg,-4.0,8,ack-4f,w,3,3,0,ctl,ok,0,0,-4.2,22.1
mpg,-4.0,8,qpsk-r1/3,w,9,2,1,data,ok,7,0,-1.1,22.1
mpg,-4.0,8,ack-4f,w,3,3,0,ctl,ok,0,0,-0.0,22.1
mpg,-4.0,8,qpsk-r1/3,w,9,2,1,data,ok,0,0,-2.5,22.1
mpg,-4.0,8,ack-4f,w,3,3,0,ctl,ok,0,0,-0.7,22.1
mpg,-4.0,8,qpsk-r1/3,w,9,2,1,data,ok,7,6,0.2,22.1
mpg,-4.0,8,ack-4f,w,3,3,0,ctl,ok,0,0,0.2,22.1
mpg,-4.0,8,qpsk-r1/3,w,9,2,1,data,ctl_lost,6,0,-5.5,22.1
mpg,-4.0,8,ack-4f,w,3,3,0,ctl,ok,0,0,0.3,22.1
mpg,-4.0,8,ack-4f,w,3,3,0,ctl,ok,0,0,1.7,22.1
mpg,-4.0,8,qpsk-r1/3,w,9,2,1,data,ok,6,2,-0.8,22.1
mpg,-4.0,8,ack-4f,w,3,3,0,ctl,ok,0,0,1.3,22.1
mpg,-4.0,8,qpsk-r1/3,w,9,2,1,data,ok,4,4,4.1,22.1
mpg,-4.0,8,ack-4f,w,2,2,0,ctl,ok,0,0,5.1,22.1
mpg,-4.0,8,qpsk-r1/3,w,9,1,0,data,ok,8,8,-0.2,22.1
mpg,-4.0,8,ack-1f,w,2,2,0,ctl,ok,0,0,2.1,22.1
mpg,-4.0,8,qpsk-r1/3,w,9,1,0,data,ok,8,8,-0.6,22.1
mpg,-4.0,8,ack-1f,w,3,3,0,ctl,ok,0,0,1.7,22.1
mpg,-4.0,8,qpsk-r1/3,w,9,2,1,data,ctl_lost,7,0,-4.9,22.1
mpg,-4.0,8,ack-4f,w,3,3,,ctl,missed,0,0,,22.1
mpg,-4.0,8,ack-4f,w,3,3,0,ctl,ok,0,0,0.2,22.1
mpg,-4.0,8,ack-4f,w,3,3,0,ctl,ok,0,0,-2.0,22.1
mpg,-4.0,8,qpsk-r1/3,w,9,2,1,data,ok,7,7,0.7,22.1
mpg,-4.0,8,ack-4f,w,3,3,0,ctl,ok,0,0,-0.5,22.1
mpg,-4.0,8,qpsk-r1/3,w,9,2,1,data,ok,7,0,-5.3,22.1
mpg,-4.0,8,ack-4f,w,3,3,0,ctl,ok,0,0,2.9,22.1
mpg,-4.0,8,qpsk-r1/3,w,9,2,1,data,ok,0,0,1.9,22.1
mpg,-4.0,8,ack-4f,w,3,3,0,ctl,ok,0,0,0.1,22.1
mpg,-4.0,8,qpsk-r1/3,w,9,2,1,data,ok,7,7,2.3,22.1
mpg,-4.0,8,ack-4f,w,2,2,0,ctl,ok,0,0,0.2,22.1
mpg,-4.0,8,qpsk-r1/3,w,9,1,0,data,ok,8,8,2.4,22.1
mpg,-4.0,8,ack-4f,w,2,2,0,ctl,ok,0,0,1.5,22.1
mpg,-4.0,8,qpsk-r1/3,w,9,1,0,data,ok,8,8,-0.3,22.1
mpg,-4.0,8,ack-4f,w,2,2,0,ctl,ok,0,0,-1.2,22.1
mpg,-4.0,8,qpsk-r1/3,w,9,1,0,data,ok,8,8,-0.6,22.1
mpg,-4.0,8,ack-4f,w,2,2,0,ctl,ok,0,0,3.3,22.1
mpg,-4.0,8,qpsk-r1/3,w,9,1,0,data,ctl_lost,8,0,-1.0,22.1
mpg,-4.0,8,ack-4f,w,3,3,0,ctl,ok,0,0,-2.2,22.1
mpg,-4.0,8,ack-4f,w,2,2,0,ctl,ok,0,0,-3.9,22.1
mpg,-4.0,8,qpsk-r1/5,w,9,1,0,data,ok,8,8,-1.7,22.1
mpg,-4.0,8,ack-4f,w,3,3,0,ctl,ok,0,0,-0.1,22.1
mpg,-4.0,8,qpsk-r1/5,w,9,2,1,data,ok,7,7,-1.7,22.1
mpg,-4.0,8,ack-4f,w,2,2,0,ctl,ok,0,0,1.9,22.1
mpg,-4.0,8,qpsk-r1/5,w,9,1,0,data,ok,8,8,-2.5,22.1
mpg,-4.0,8,ack-4f,w,2,2,0,ctl,ok,0,0,-5.6,22.1
mpg,-4.0,8,qpsk-r1/5,w,9,1,0,data,ok,8,8,1.2,22.1
mpg,-4.0,8,ack-4f,w,3,3,0,ctl,ok,0,0,1.3,22.1
mpg,-4.0,8,qpsk-r1/3,w,9,2,1,data,ok,7,0,-4.3,22.1
mpg,-4.0,8,ack-4f,w,2,2,0,ctl,ok,0,0,-3.5,22.1
mpg,-4.0,8,qpsk-r1/5,w,9,1,0,data,ok,8,8,2.0,22.1
mpg,-4.0,8,ack-4f,w,3,3,0,ctl,ok,0,0,-5.5,22.1
mpg,-4.0,8,qpsk-r1/3,w,9,2,1,data,ok,7,7,1.7,22.1
mpg,-4.0,8,ack-4f,w,2,2,0,ctl,ctl_lost,0,0,-4.5,22.1
mpg,-4.0,8,ack-4f,w,3,3,0,ctl,ok,0,0,-2.1,22.1
mpg,-4.0,8,ack-4f,w,3,3,0,ctl,ok,0,0,1.9,22.1
mpg,-4.0,8,qpsk-r1/3,w,9,2,1,data,ok,7,0,-2.4,22.1
mpg,-4.0,8,ack-4f,w,2,2,,ctl,missed,0,0,,22.1
mpg,-4.0,8,ack-4f,w,3,3,,ctl,missed,0,0,,22.1
mpg,-4.0,8,ack-4f,w,3,3,0,ctl,ctl_lost,0,0,-8.1,22.1
mpg,-4.0,8,ack-4f,w,3,3,0,ctl,ok,0,0,-2.1,22.1
mpg,-4.0,8,ack-4f,w,3,3,0,ctl,ok,0,0,-5.0,22.1
mpg,-4.0,8,qpsk-r1/5,w,9,2,1,data,ok,7,7,1.3,22.1
mpg,-4.0,8,ack-4f,w,2,2,0,ctl,ok,0,0,-2.0,22.1
mpg,-4.0,8,qpsk-r1/5,w,9,1,0,data,ok,8,8,-2.5,22.1
mpg,-4.0,8,ack-4f,w,2,2,0,ctl,ok,0,0,-2.4,22.1
mpg,-4.0,8,qpsk-r1/5,w,9,1,0,data,ok,8,8,-2.2,22.1
mpg,-4.0,8,ack-4f,w,2,2,0,ctl,ok,0,0,-2.1,22.1
mpg,-4.0,8,qpsk-r1/5,w,9,1,0,data,ctl_lost,8,0,-6.7,22.1
mpg,-4.0,8,ack-4f,w,3,3,0,ctl,ok,0,0,-2.7,22.1
mpg,-4.0,8,ack-4f,w,3,3,0,ctl,ok,0,0,-2.5,22.1
mpg,-4.0,8,qpsk-r1/5,w,9,2,1,data,ok,7,7,-3.8,22.1
mpg,-4.0,8,ack-4f,w,3,3,0,ctl,ok,0,0,0.6,22.1
mpg,-4.0,8,qpsk-r1/5,w,9,2,1,data,ok,7,7,1.7,22.1
mpg,-4.0,8,ack-4f,w,3,3,0,ctl,ok,0,0,-1.1,22.1
mpg,-4.0,8,qpsk-r1/3,w,9,2,1,data,ok,7,3,-0.3,22.1
mpg,-4.0,8,ack-4f,w,3,3,0,ctl,ok,0,0,-0.3,22.1
mpg,-4.0,8,qpsk-r1/3,w,9,2,1,data,ok,3,0,-3.8,22.1
mpg,-4.0,8,ack-4f,w,2,2,0,ctl,ok,0,0,1.1,22.1
mpg,-4.0,8,qpsk-r1/5,w,9,1,0,data,ok,8,8,2.1,22.1
mpg,-4.0,10,qpsk-r1/5,w,1,1,0,ctl,ok,0,0,2.8,20.0
mpg,-4.0,10,qpsk-r1/5,w,1,1,0,ctl,ok,0,0,1.3,20.0
mpg,-4.0,10,ack-4f,w,3,3,0,ctl,ok,0,0,1.7,20.0
mpg,-4.0,10,ack-4f,w,3,3,0,ctl,ok,0,0,2.7,20.0
mpg,-4.0,10,qpsk-r1/2,w,9,2,1,data,ok,7,7,2.7,20.0
mpg,-4.0,10,ack-1f,w,3,3,0,ctl,ok,0,0,4.7,20.0
mpg,-4.0,10,qpsk-r1/2,w,9,2,1,data,ok,7,0,-2.3,20.0
mpg,-4.0,10,ack-1f,w,3,3,0,ctl,ok,0,0,-1.5,20.0
mpg,-4.0,10,qpsk-r1/3,w,9,2,1,data,ok,7,0,-3.9,20.0
mpg,-4.0,10,ack-1f,w,3,3,0,ctl,ctl_lost,0,0,-1.6,20.0
mpg,-4.0,10,ack-4f,w,4,4,0,ctl,ok,0,0,0.7,20.0
mpg,-4.0,10,ack-4f,w,3,3,0,ctl,ok,0,0,-3.4,20.0
mpg,-4.0,10,qpsk-r1/3,w,9,2,1,data,ok,7,0,-2.8,20.0
mpg,-4.0,10,ack-4f,w,3,3,,ctl,missed,0,0,,20.0
mpg,-4.0,10,ack-4f,w,3,3,0,ctl,ok,0,0,-2.4,20.0
mpg,-4.0,10,ack-4f,w,3,3,0,ctl,ok,0,0,-2.2,20.0
mpg,-4.0,10,qpsk-r1/3,w,9,2,1,data,ok,7,7,0.6,20.0
mpg,-4.0,10,ack-4f,w,3,3,0,ctl,ok,0,0,0.4,20.0
mpg,-4.0,10,qpsk-r1/3,w,9,2,1,data,ok,7,0,-2.0,20.0
mpg,-4.0,10,ack-4f,w,3,3,0,ctl,ok,0,0,-2.5,20.0
mpg,-4.0,10,qpsk-r1/3,w,9,2,,data,missed,0,0,,20.0
mpg,-4.0,10,ack-4f,w,3,3,0,ctl,ok,0,0,-5.5,20.0
mpg,-4.0,10,ack-4f,w,3,3,0,ctl,ok,0,0,-2.1,20.0
mpg,-4.0,10,qpsk-r1/3,w,9,2,1,data,ok,0,0,-2.6,20.0
mpg,-4.0,10,ack-4f,w,3,3,0,ctl,ok,0,0,-0.8,20.0
mpg,-4.0,10,qpsk-r1/3,w,9,2,1,data,ok,7,7,0.9,20.0
mpg,-4.0,10,ack-4f,w,2,2,0,ctl,ok,0,0,-3.4,20.0
mpg,-4.0,10,qpsk-r1/3,w,9,1,0,data,ok,8,8,-0.5,20.0
mpg,-4.0,10,ack-4f,w,2,2,0,ctl,ok,0,0,-1.2,20.0
mpg,-4.0,10,qpsk-r1/3,w,9,1,0,data,ctl_lost,8,0,-1.6,20.0
mpg,-4.0,10,ack-4f,w,3,3,0,ctl,ok,0,0,-0.0,20.0
mpg,-4.0,10,ack-4f,w,3,3,0,ctl,ok,0,0,-1.0,20.0
mpg,-4.0,10,qpsk-r1/3,w,9,2,1,data,ok,7,7,-1.4,20.0
mpg,-4.0,10,ack-4f,w,3,3,0,ctl,ctl_lost,0,0,-112.9,20.0
mpg,-4.0,10,ack-4f,w,3,3,0,ctl,ok,0,0,-9.6,20.0
mpg,-4.0,10,ack-4f,w,3,3,0,ctl,ok,0,0,-5.6,20.0
mpg,-4.0,10,qpsk-r1/3,w,9,2,1,data,ok,7,7,-0.1,20.0
mpg,-4.0,10,n10-ack-4f,n10,3,3,0,ctl,ok,0,0,-1.0,20.0
mpg,-4.0,10,qpsk-r1/3,w,9,2,1,data,ok,7,0,-2.8,20.0
mpg,-4.0,10,ack-4f,w,3,3,0,ctl,ok,0,0,-4.5,20.0
mpg,-4.0,10,qpsk-r1/3,w,9,2,1,data,ok,0,0,-3.8,20.0
mpg,-4.0,10,ack-4f,w,3,3,0,ctl,ok,0,0,-1.6,20.0
mpg,-4.0,10,qpsk-r1/3,w,9,2,1,data,ok,7,6,-1.1,20.0
mpg,-4.0,10,ack-4f,w,3,3,0,ctl,ok,0,0,-6.9,20.0
mpg,-4.0,10,qpsk-r1/3,w,9,2,1,data,ok,6,6,3.8,20.0
mpg,-4.0,10,ack-4f,w,2,2,0,ctl,ok,0,0,-1.2,20.0
mpg,-4.0,10,qpsk-r1/3,w,9,1,0,data,ctl_lost,8,0,-2.6,20.0
mpg,-4.0,10,ack-4f,w,3,3,0,ctl,ok,0,0,-2.6,20.0
mpg,-4.0,10,ack-4f,w,3,3,0,ctl,ok,0,0,-1.4,20.0
mpg,-4.0,10,qpsk-r1/3,w,9,2,1,data,ok,7,0,-3.2,20.0
mpg,-4.0,10,ack-4f,w,3,3,0,ctl,ok,0,0,-3.1,20.0
mpg,-4.0,10,qpsk-r1/3,w,9,2,1,data,ctl_lost,0,0,-2.1,20.0
mpg,-4.0,10,ack-4f,w,3,3,0,ctl,ok,0,0,-5.6,20.0
mpg,-4.0,10,ack-4f,w,3,3,0,ctl,ok,0,0,3.3,20.0
mpg,-4.0,10,qpsk-r1/3,w,9,2,1,data,ok,0,0,2.3,20.0
mpg,-4.0,10,ack-4f,w,3,3,0,ctl,ok,0,0,0.3,20.0
mpg,-4.0,10,qpsk-r1/3,w,9,2,1,data,ok,7,4,-0.8,20.0
mpg,-4.0,10,ack-4f,w,3,3,0,ctl,ok,0,0,-1.8,20.0
mpg,-4.0,10,qpsk-r1/3,w,9,2,1,data,ok,4,4,0.0,20.0
mpg,-4.0,10,ack-4f,w,3,3,0,ctl,ok,0,0,3.7,20.0
mpg,-4.0,10,qpsk-r1/3,w,9,2,1,data,ok,7,7,1.8,20.0
mpg,-4.0,10,ack-4f,w,2,2,0,ctl,ok,0,0,1.2,20.0
mpg,-4.0,10,qpsk-r1/3,w,9,1,0,data,ok,8,8,-0.4,20.0
mpg,-4.0,10,ack-4f,w,2,2,0,ctl,ok,0,0,2.5,20.0
mpg,-4.0,10,qpsk-r1/3,w,9,1,0,data,ok,8,8,3.2,20.0
mpg,-4.0,10,ack-4f,w,2,2,0,ctl,ok,0,0,-4.8,20.0
mpg,-4.0,10,qpsk-r1/3,w,9,1,0,data,ctl_lost,8,0,-5.4,20.0
mpg,-4.0,10,ack-4f,w,3,3,0,ctl,ok,0,0,-4.6,20.0
mpg,-4.0,10,ack-4f,w,2,2,0,ctl,ok,0,0,-3.1,20.0
mpg,-4.0,10,fsk32r62-r1/2,c32r62,9,1,0,data,ok,8,8,0.9,20.0
mpg,-4.0,10,ack-4f,w,3,3,,ctl,missed,0,0,,20.0
mpg,-4.0,10,ack-4f,w,4,4,0,ctl,ok,0,0,-6.9,20.0
mpg,-4.0,10,ack-4f,w,3,3,0,ctl,ctl_lost,0,0,-5.9,20.0
mpg,-4.0,10,ack-4f,w,4,4,0,ctl,ok,0,0,-5.4,20.0
mpg,-4.0,10,ack-4f,w,3,3,0,ctl,ok,0,0,2.8,20.0
mpg,-4.0,10,fsk32r62-r1/2,c32r62,10,2,1,data,ok,8,8,-0.6,20.0
mpg,-4.0,10,ack-4f,w,3,3,0,ctl,ok,0,0,-8.9,20.0
mpg,-4.0,10,qpsk-r1/5,w,9,2,1,data,ok,7,7,-2.3,20.0
mpg,-4.0,10,ack-4f,w,3,3,0,ctl,ok,0,0,-0.6,20.0
mpg,-4.0,10,qpsk-r1/5,w,9,2,1,data,ok,7,2,-2.7,20.0
mpg,-4.0,10,ack-4f,w,3,3,0,ctl,ok,0,0,-0.8,20.0
mpg,-4.0,10,qpsk-r1/5,w,9,2,1,data,ok,3,3,-0.6,20.0
mpg,-4.0,10,ack-4f,w,2,2,0,ctl,ok,0,0,-1.5,20.0
mpg,-4.0,10,qpsk-r1/5,w,9,1,0,data,ok,8,8,-1.2,20.0
mpg,-4.0,10,ack-4f,w,3,3,0,ctl,ok,0,0,2.3,20.0
mpg,-4.0,10,qpsk-r1/3,w,9,2,1,data,ok,7,5,-1.5,20.0
mpg,-4.0,10,ack-4f,w,3,3,0,ctl,ok,0,0,2.4,20.0
mpg,-4.0,10,qpsk-r1/3,w,9,2,1,data,ok,5,0,-2.1,20.0
mpg,-4.0,10,ack-4f,w,3,3,0,ctl,ok,0,0,-3.6,20.0
mpg,-4.0,10,qpsk-r1/5,w,9,2,1,data,ok,7,7,-4.8,20.0
mpg,-4.0,10,ack-4f,w,3,3,0,ctl,ok,0,0,-0.8,20.0
mpg,-4.0,11,qpsk-r1/5,w,1,1,0,ctl,ok,0,0,2.8,14.0
mpg,-4.0,11,qpsk-r1/5,w,1,1,0,ctl,ok,0,0,1.0,14.0
mpg,-4.0,11,ack-4f,w,3,3,0,ctl,ctl_lost,0,0,-7.5,14.0
mpg,-4.0,11,ack-4f,w,3,3,0,ctl,ok,0,0,0.4,14.0
mpg,-4.0,11,ack-4f,w,3,3,0,ctl,ok,0,0,-3.5,14.0
mpg,-4.0,11,qpsk-r1/5,w,9,2,1,data,ok,7,7,-1.2,14.0
mpg,-4.0,11,ack-4f,w,3,3,0,ctl,ok,0,0,-1.3,14.0
mpg,-4.0,11,qpsk-r1/5,w,9,2,1,data,ok,7,7,1.5,14.0
mpg,-4.0,11,ack-4f,w,3,3,0,ctl,ok,0,0,1.3,14.0
mpg,-4.0,11,qpsk-r1/3,w,9,2,1,data,ok,7,7,1.1,14.0
mpg,-4.0,11,ack-4f,w,3,3,0,ctl,ok,0,0,3.8,14.0
mpg,-4.0,11,qpsk-r1/3,w,9,2,1,data,ok,7,7,1.5,14.0
mpg,-4.0,11,ack-4f,w,3,3,0,ctl,ok,0,0,1.5,14.0
mpg,-4.0,11,qpsk-r1/3,w,9,2,1,data,ctl_lost,7,0,-6.3,14.0
mpg,-4.0,11,ack-4f,w,3,3,0,ctl,ok,0,0,-4.4,14.0
mpg,-4.0,11,ack-4f,w,3,3,0,ctl,ok,0,0,1.2,14.0
mpg,-4.0,11,qpsk-r1/5,w,9,2,1,data,ok,7,7,-0.1,14.0
mpg,-4.0,11,ack-4f,w,2,2,0,ctl,ok,0,0,-0.9,14.0
mpg,-4.0,11,qpsk-r1/5,w,9,1,0,data,ok,8,8,1.3,14.0
mpg,-4.0,11,ack-4f,w,2,2,,ctl,missed,0,0,,14.0
mpg,-4.0,11,ack-4f,w,3,3,,ctl,missed,0,0,,14.0
mpg,-4.0,11,ack-4f,w,3,3,0,ctl,ok,0,0,-3.8,14.0
mpg,-4.0,11,ack-4f,w,2,2,0,ctl,ok,0,0,-3.2,14.0
mpg,-4.0,11,qpsk-r1/5,w,9,1,0,data,ctl_lost,8,0,-5.6,14.0
mpg,-4.0,11,ack-4f,w,3,3,0,ctl,ok,0,0,2.2,14.0
mpg,-4.0,11,ack-4f,w,3,3,0,ctl,ok,0,0,3.7,14.0
mpg,-4.0,11,qpsk-r1/3,w,9,2,1,data,ok,7,0,-2.3,14.0
mpg,-4.0,11,ack-4f,w,3,3,0,ctl,ctl_lost,0,0,-8.8,14.0
mpg,-4.0,11,ack-4f,w,4,4,0,ctl,ok,0,0,-1.4,14.0
mpg,-4.0,11,ack-4f,w,3,3,0,ctl,ok,0,0,0.8,14.0
mpg,-4.0,11,qpsk-r1/5,w,9,2,1,data,ok,7,1,-4.0,14.0
mpg,-4.0,11,n10-ack-4f,n10,3,3,,ctl,missed,0,0,,14.0
mpg,-4.0,11,ack-4f,w,4,4,0,ctl,ok,0,0,-1.8,14.0
mpg,-4.0,11,ack-4f,w,3,3,0,ctl,ok,0,0,-6.6,14.0
mpg,-4.0,11,qpsk-r1/5,w,9,2,1,data,ok,7,7,-1.6,14.0
mpg,-4.0,11,n10-ack-4f,n10,3,3,,ctl,missed,0,0,,14.0
mpg,-4.0,11,ack-4f,w,3,3,0,ctl,ok,0,0,1.5,14.0
mpg,-4.0,11,ack-4f,w,3,3,0,ctl,ok,0,0,2.6,14.0
mpg,-4.0,11,qpsk-r1/3,w,9,2,1,data,ok,7,0,-1.7,14.0
mpg,-4.0,11,n10-ack-4f,n10,3,3,0,ctl,ok,0,0,0.1,14.0
mpg,-4.0,11,qpsk-r1/5,w,9,2,1,data,ok,7,0,-4.8,14.0
mpg,-4.0,11,ack-4f,w,3,3,0,ctl,ok,0,0,1.3,14.0
mpg,-4.0,11,qpsk-r1/5,w,9,2,1,data,ok,0,0,-0.6,14.0
mpg,-4.0,11,n10-ack-4f,n10,3,3,0,ctl,ok,0,0,3.6,14.0
mpg,-4.0,11,qpsk-r1/5,w,9,2,1,data,ok,7,7,-1.3,14.0
mpg,-4.0,11,ack-1f,w,2,2,0,ctl,ctl_lost,0,0,-4.3,14.0
mpg,-4.0,11,ack-4f,w,3,3,0,ctl,ok,0,0,-1.0,14.0
mpg,-4.0,11,ack-4f,w,2,2,0,ctl,ok,0,0,-1.8,14.0
mpg,-4.0,11,qpsk-r1/5,w,9,1,0,data,ok,8,8,2.8,14.0
mpg,-4.0,11,n10-ack-4f,n10,3,3,0,ctl,ok,0,0,-4.0,14.0
mpg,-4.0,11,qpsk-r1/3,w,9,2,1,data,ok,7,0,-3.0,14.0
mpg,-4.0,11,ack-4f,w,2,2,0,ctl,ok,0,0,-6.9,14.0
mpg,-4.0,11,qpsk-r1/5,w,9,1,,data,missed,0,0,,14.0
mpg,-4.0,11,ack-4f,w,3,3,0,ctl,ok,0,0,0.0,14.0
mpg,-4.0,11,ack-4f,w,2,2,0,ctl,ok,0,0,0.5,14.0
mpg,-4.0,11,qpsk-r1/5,w,9,1,0,data,ok,8,8,-1.8,14.0
mpg,-4.0,11,n10-ack-4f,n10,2,2,0,ctl,ok,0,0,-1.7,14.0
mpg,-4.0,11,qpsk-r1/5,w,9,1,0,data,ok,8,8,-0.5,14.0
mpg,-4.0,11,n10-ack-4f,n10,2,2,0,ctl,ok,0,0,-2.2,14.0
mpg,-4.0,11,qpsk-r1/5,w,9,1,0,data,ok,8,8,-0.6,14.0
mpg,-4.0,11,n10-ack-4f,n10,2,2,0,ctl,ok,0,0,4.8,14.0
mpg,-4.0,11,qpsk-r1/5,w,9,1,0,data,ok,8,8,0.2,14.0
mpg,-4.0,11,ack-4f,w,2,2,0,ctl,ok,0,0,-4.7,14.0
mpg,-4.0,11,qpsk-r1/5,w,9,1,,data,missed,0,0,,14.0
mpg,-4.0,11,ack-4f,w,3,3,0,ctl,ok,0,0,0.5,14.0
mpg,-4.0,11,ack-4f,w,2,2,0,ctl,ok,0,0,-4.7,14.0
mpg,-4.0,11,qpsk-r1/5,w,9,1,0,data,ok,8,8,0.4,14.0
mpg,-4.0,11,n10-ack-4f,n10,2,2,0,ctl,ok,0,0,5.2,14.0
mpg,-4.0,11,qpsk-r1/5,w,9,1,0,data,ok,8,8,-1.5,14.0
mpg,-4.0,11,n10-ack-4f,n10,2,2,0,ctl,ok,0,0,0.5,14.0
mpg,-4.0,11,qpsk-r1/5,w,9,1,0,data,ok,8,8,-0.6,14.0
mpg,-4.0,11,n4-ack-2f,n4,2,2,0,ctl,ok,0,0,-3.6,14.0
mpg,-4.0,11,qpsk-r1/5,w,9,1,0,data,ctl_lost,8,0,-4.8,14.0
mpg,-4.0,11,ack-4f,w,3,3,0,ctl,ok,0,0,-1.4,14.0
mpg,-4.0,11,ack-4f,w,3,3,0,ctl,ok,0,0,-0.9,14.0
mpg,-4.0,11,qpsk-r1/5,w,9,2,1,data,ok,7,7,-2.2,14.0
mpg,-4.0,11,n10-ack-4f,n10,3,3,0,ctl,ctl_lost,0,0,-9.1,14.0
mpg,-4.0,11,ack-4f,w,2,2,0,ctl,ok,0,0,-1.7,14.0
mpg,-4.0,11,ack-4f,w,3,3,0,ctl,ok,0,0,-3.3,14.0
mpg,-4.0,11,qpsk-r1/5,w,9,2,1,data,ok,7,7,0.1,14.0
mpg,-4.0,11,n4-ack-8f,n4,2,2,0,ctl,ok,0,0,-0.8,14.0
mpg,-4.0,11,qpsk-r1/5,w,9,1,0,data,ok,8,8,-0.6,14.0
mpg,-4.0,11,ack-4f,w,2,2,0,ctl,ok,0,0,-5.0,14.0
mpg,-4.0,11,qpsk-r1/5,w,9,1,0,data,ok,8,0,-5.0,14.0
mpg,-4.0,11,ack-4f,w,3,3,0,ctl,ok,0,0,-1.3,14.0
mpg,-4.0,11,qpsk-r1/5,w,9,2,1,data,ok,0,0,-0.7,14.0
mpg,-4.0,11,ack-4f,w,2,2,0,ctl,ok,0,0,1.4,14.0
mpg,-4.0,11,qpsk-r1/5,w,9,1,0,data,ok,7,7,0.3,14.0
mpg,-4.0,11,ack-4f,w,2,2,0,ctl,ok,0,0,-10.6,14.0
mpg,-4.0,11,qpsk-r1/5,w,9,1,0,data,ok,8,2,-4.4,14.0
mpg,-4.0,11,ack-4f,w,3,3,0,ctl,ok,0,0,-4.1,14.0
mpg,-4.0,11,qpsk-r1/5,w,9,1,0,data,ok,2,2,-2.3,14.0
mpg,-4.0,11,n4-ack-8f,n4,2,2,0,ctl,ok,0,0,-0.8,14.0
mpg,-4.0,11,qpsk-r1/5,w,9,1,0,data,ctl_lost,8,0,-4.5,14.0
mpg,-4.0,11,ack-4f,w,3,3,0,ctl,ok,0,0,-14.3,14.0
mpg,-4.0,11,ack-4f,w,3,3,0,ctl,ok,0,0,-3.4,14.0
mpg,-4.0,11,fsk32r62-r1/2,c32r62,10,2,1,data,ok,8,6,-1.1,14.0
mpg,15.0,0,qpsk-r1/5,w,1,1,0,ctl,ok,0,0,18.0,262.2
mpg,15.0,0,qpsk-r1/5,w,1,1,0,ctl,ok,0,0,18.9,262.2
mpg,15.0,0,ack-4f,w,3,3,0,ctl,ok,0,0,19.9,262.2
mpg,15.0,0,ack-1f,w,3,3,0,ctl,ok,0,0,16.5,262.2
mpg,15.0,0,w48-64l-r7/12,w48,39,2,1,data,ok,37,0,7.9,262.2
mpg,15.0,0,ack-1f,w,3,3,0,ctl,ok,0,0,14.0,262.2
mpg,15.0,0,w48-qpsk-r3/4,w48,19,2,1,data,ok,17,17,15.3,262.2
mpg,15.0,0,ack-1f,w,3,3,0,ctl,ok,0,0,22.5,262.2
mpg,15.0,0,w48-16qam-r1/2,w48,19,2,1,data,ok,17,17,17.4,262.2
mpg,15.0,0,ack-1f,w,3,3,0,ctl,ok,0,0,14.4,262.2
mpg,15.0,0,w48-16qam-r2/3,w48,19,2,1,data,ok,17,0,13.4,262.2
mpg,15.0,0,ack-1f,w,3,3,0,ctl,ok,0,0,14.8,262.2
mpg,15.0,0,w48-16qam-r1/2,w48,19,2,1,data,ok,17,17,16.8,262.2
mpg,15.0,0,ack-1f,w,2,2,0,ctl,ok,0,0,17.0,262.2
mpg,15.0,0,w48-16qam-r1/2,w48,19,1,0,data,ok,18,18,17.0,262.2
mpg,15.0,0,ack-1f,w,3,3,0,ctl,ok,0,0,20.7,262.2
mpg,15.0,0,w48-16qam-r2/3,w48,19,2,1,data,ok,17,17,16.6,262.2
mpg,15.0,0,ack-1f,w,3,3,0,ctl,ok,0,0,14.5,262.2
mpg,15.0,0,w48-16qam-r2/3,w48,19,2,1,data,ok,17,0,12.5,262.2
mpg,15.0,0,ack-1f,w,3,3,0,ctl,ok,0,0,13.9,262.2
mpg,15.0,0,w48-16qam-r1/2,w48,19,2,1,data,ok,17,17,20.1,262.2
mpg,15.0,0,ack-1f,w,3,3,0,ctl,ok,0,0,15.2,262.2
mpg,15.0,0,w48-64l-r7/12,w48,39,2,1,data,ok,37,0,12.9,262.2
mpg,15.0,0,ack-1f,w,2,2,0,ctl,ok,0,0,17.0,262.2
mpg,15.0,0,w48-16qam-r1/2,w48,19,1,0,data,ok,18,18,16.9,262.2
mpg,15.0,0,ack-1f,w,3,3,0,ctl,ok,0,0,17.0,262.2
mpg,15.0,0,w48-16qam-r2/3,w48,19,2,1,data,ok,17,0,14.8,262.2
mpg,15.0,0,ack-1f,w,2,2,0,ctl,ok,0,0,20.4,262.2
mpg,15.0,0,w48-16qam-r1/2,w48,19,1,0,data,ok,18,18,15.6,262.2
mpg,15.0,0,ack-1f,w,2,2,0,ctl,ok,0,0,17.8,262.2
mpg,15.0,0,w48-16qam-r1/2,w48,19,1,0,data,ok,18,18,16.6,262.2
mpg,15.0,0,ack-1f,w,2,2,0,ctl,ok,0,0,18.0,262.2
mpg,15.0,0,w48-16qam-r1/2,w48,19,1,0,data,ok,18,18,18.3,262.2
mpg,15.0,0,ack-1f,w,3,3,0,ctl,ok,0,0,18.7,262.2
mpg,15.0,0,w48-64l-r1/2,w48,39,2,1,data,ok,37,9,13.4,262.2
mpg,15.0,0,ack-1f,w,4,4,0,ctl,ok,0,0,18.5,262.2
mpg,15.0,0,w48-64l-r1/2,w48,39,2,1,data,ok,9,9,15.0,262.2
mpg,15.0,0,ack-1f,w,3,3,0,ctl,ok,0,0,21.7,262.2
mpg,15.0,0,w48-64l-r1/2,w48,39,2,1,data,ok,37,37,15.8,262.2
mpg,15.0,0,ack-1f,w,2,2,0,ctl,ok,0,0,12.7,262.2
mpg,15.0,0,w48-64l-r1/2,w48,39,1,0,data,ok,38,36,14.0,262.2
mpg,15.0,0,ack-1f,w,4,4,0,ctl,ok,0,0,20.4,262.2
mpg,15.0,0,w48-64l-r1/2,w48,31,2,1,data,ok,27,27,16.4,262.2
mpg,15.0,0,ack-1f,w,2,2,0,ctl,ok,0,0,9.2,262.2
mpg,15.0,0,w48-64l-r1/2,w48,39,1,0,data,ctl_lost,38,3,13.5,262.2
mpg,15.0,0,ack-4f,w,3,3,0,ctl,ok,0,0,17.9,262.2
mpg,15.0,0,ack-4f,w,3,3,0,ctl,ok,0,0,17.4,262.2
mpg,15.0,0,w48-16qam-r2/3,w48,19,2,1,data,ok,17,0,11.7,262.2
mpg,15.0,0,ack-1f,w,3,3,0,ctl,ok,0,0,18.6,262.2
mpg,15.0,0,w48-16qam-r1/2,w48,19,2,1,data,ok,17,17,16.7,262.2
mpg,15.0,0,ack-1f,w,2,2,0,ctl,ok,0,0,18.7,262.2
mpg,15.0,0,w48-16qam-r1/2,w48,19,1,0,data,ok,18,18,20.0,262.2
mpg,15.0,0,ack-1f,w,2,2,0,ctl,ok,0,0,20.1,262.2
mpg,15.0,0,w48-64l-r7/12,w48,39,1,0,data,ctl_lost,38,0,11.8,262.2
mpg,15.0,0,ack-4f,w,3,3,0,ctl,ok,0,0,20.1,262.2
mpg,15.0,0,ack-4f,w,3,3,0,ctl,ok,0,0,12.7,262.2
mpg,15.0,0,w48-64l-r1/2,w48,39,2,1,data,ok,37,37,14.7,262.2
mpg,15.0,0,ack-1f,w,3,3,0,ctl,ok,0,0,20.4,262.2
mpg,15.0,0,w48-64l-r1/2,w48,39,2,1,data,ok,37,37,15.7,262.2
mpg,15.0,0,ack-1f,w,2,2,0,ctl,ok,0,0,21.0,262.2
mpg,15.0,0,w48-64l-r1/2,w48,39,1,0,data,ok,38,32,14.6,262.2
mpg,15.0,0,ack-1f,w,4,4,0,ctl,ok,0,0,19.4,262.2
mpg,15.0,0,w48-64l-r1/2,w48,39,2,1,data,ok,31,28,13.8,262.2
mpg,15.0,0,ack-1f,w,4,4,0,ctl,ok,0,0,18.4,262.2
mpg,15.0,0,w48-64l-r1/2,w48,39,2,1,data,ok,33,0,12.2,262.2
mpg,15.0,0,ack-1f,w,3,3,0,ctl,ok,0,0,20.1,262.2
mpg,15.0,0,w48-16qam-r1/2,w48,19,2,1,data,ok,17,17,12.2,262.2
mpg,15.0,0,ack-1f,w,2,2,0,ctl,ok,0,0,11.8,262.2
mpg,15.0,0,w48-16qam-r1/3,w48,19,1,0,data,ok,18,18,13.5,262.2
mpg,15.0,0,ack-1f,w,2,2,0,ctl,ok,0,0,17.7,262.2
mpg,15.0,0,w48-16qam-r1/2,w48,19,1,0,data,ok,18,18,17.4,262.2
mpg,15.0,0,ack-1f,w,3,3,0,ctl,ok,0,0,18.7,262.2
mpg,15.0,0,w48-64l-r1/2,w48,39,2,1,data,ok,37,37,15.3,262.2
mpg,15.0,0,ack-1f,w,2,2,0,ctl,ok,0,0,20.9,262.2
mpg,15.0,0,w48-64l-r1/2,w48,39,1,0,data,ok,38,38,17.0,262.2
mpg,15.0,0,ack-1f,w,2,2,0,ctl,ok,0,0,14.2,262.2
mpg,15.0,0,w48-64l-r1/2,w48,39,1,0,data,ok,38,38,14.7,262.2
mpg,15.0,0,ack-1f,w,3,3,0,ctl,ok,0,0,9.5,262.2
mpg,15.0,0,w48-64l-r1/2,w48,39,2,1,data,ok,37,36,14.7,262.2
mpg,15.0,0,ack-1f,w,4,4,0,ctl,ok,0,0,19.6,262.2
mpg,15.0,0,w48-64l-r1/2,w48,39,2,1,data,ok,36,36,16.5,262.2
mpg,15.0,0,ack-1f,w,2,2,0,ctl,ok,0,0,17.0,262.2
mpg,15.0,0,w48-64l-r1/2,w48,39,1,0,data,ok,38,38,13.4,262.2
mpg,15.0,0,ack-1f,w,2,2,0,ctl,ok,0,0,22.1,262.2
mpg,15.0,0,w48-64l-r1/2,w48,39,1,0,data,ctl_lost,38,4,13.1,262.2
mpg,15.0,0,ack-4f,w,3,3,0,ctl,ok,0,0,18.5,262.2
mpg,15.0,0,ack-4f,w,3,3,0,ctl,ok,0,0,20.1,262.2
mpg,15.0,0,w48-64l-r1/2,w48,39,2,1,data,ok,37,1,13.6,262.2
mpg,15.0,0,ack-1f,w,4,4,0,ctl,ok,0,0,20.1,262.2
mpg,15.0,0,w48-64l-r1/2,w48,39,2,1,data,ok,2,0,10.9,262.2
mpg,15.0,0,ack-1f,w,2,2,0,ctl,ok,0,0,13.4,262.2
mpg,15.0,0,w48-16qam-r1/2,w48,19,1,0,data,ok,18,18,17.3,262.2
