channel,snr,seed,submode,band,n_cw,ctl_slots,dup,kind,outcome,data_sent,data_ok,snr_est,delivered_Bps
awgn,0.0,9,qpsk-r1/5,w,1,1,0,ctl,ok,0,0,3.6,69.7
awgn,0.0,9,qpsk-r1/5,w,1,1,0,ctl,ok,0,0,3.4,69.7
awgn,0.0,9,ack-4f,w,3,3,0,ctl,ok,0,0,4.0,69.7
awgn,0.0,9,ack-1f,w,3,3,0,ctl,ok,0,0,4.2,69.7
awgn,0.0,9,qpsk-r1/2,w,9,2,1,data,ok,7,7,3.4,69.7
awgn,0.0,9,ack-1f,w,3,3,0,ctl,ok,0,0,3.2,69.7
awgn,0.0,9,qpsk-r1/2,w,9,2,1,data,ok,7,7,3.6,69.7
awgn,0.0,9,ack-1f,w,3,3,0,ctl,ok,0,0,2.6,69.7
awgn,0.0,9,qpsk-r1/2,w,9,2,1,data,ok,7,7,3.6,69.7
awgn,0.0,9,ack-1f,w,3,3,0,ctl,ok,0,0,3.3,69.7
awgn,0.0,9,qpsk-r1/2,w,9,2,1,data,ok,7,7,3.6,69.7
awgn,0.0,9,ack-1f,w,2,2,0,ctl,ok,0,0,3.0,69.7
awgn,0.0,9,qpsk-r1/2,w,9,1,0,data,ok,8,8,3.6,69.7
awgn,0.0,9,ack-1f,w,2,2,0,ctl,ok,0,0,3.7,69.7
awgn,0.0,9,qpsk-r1/2,w,9,1,0,data,ok,8,8,3.3,69.7
awgn,0.0,9,ack-1f,w,2,2,0,ctl,ok,0,0,3.8,69.7
awgn,0.0,9,qpsk-r1/2,w,9,1,0,data,ok,8,8,3.5,69.7
awgn,0.0,9,ack-1f,w,2,2,0,ctl,ok,0,0,3.7,69.7
awgn,0.0,9,qpsk-r1/2,w,9,1,0,data,ok,8,8,3.5,69.7
awgn,0.0,9,ack-1f,w,2,2,0,ctl,ok,0,0,3.4,69.7
awgn,0.0,9,qpsk-r1/2,w,9,1,0,data,ok,8,8,3.7,69.7
awgn,0.0,9,ack-1f,w,2,2,0,ctl,ok,0,0,4.7,69.7
awgn,0.0,9,qpsk-r1/2,w,9,1,0,data,ok,8,8,3.4,69.7
awgn,0.0,9,ack-1f,w,2,2,0,ctl,ok,0,0,2.9,69.7
awgn,0.0,9,qpsk-r1/2,w,9,1,0,data,ok,8,8,3.6,69.7
awgn,0.0,9,ack-1f,w,2,2,0,ctl,ok,0,0,3.8,69.7
awgn,0.0,9,qpsk-r1/2,w,9,1,0,data,ok,8,8,3.4,69.7
awgn,0.0,9,ack-1f,w,2,2,0,ctl,ok,0,0,3.0,69.7
awgn,0.0,9,qpsk-r1/2,w,9,1,0,data,ok,8,8,3.5,69.7
awgn,0.0,9,ack-1f,w,2,2,0,ctl,ok,0,0,4.3,69.7
awgn,0.0,9,qpsk-r1/2,w,9,1,0,data,ok,8,8,3.7,69.7
awgn,0.0,9,ack-1f,w,2,2,0,ctl,ok,0,0,4.0,69.7
awgn,0.0,9,qpsk-r1/2,w,9,1,0,data,ok,8,8,3.5,69.7
awgn,0.0,9,ack-1f,w,2,2,0,ctl,ok,0,0,4.3,69.7
awgn,0.0,9,qpsk-r1/2,w,9,1,0,data,ok,8,8,3.5,69.7
awgn,0.0,9,ack-1f,w,2,2,0,ctl,ok,0,0,3.8,69.7
awgn,0.0,9,qpsk-r1/2,w,9,1,0,data,ok,8,8,3.4,69.7
awgn,0.0,9,ack-1f,w,2,2,0,ctl,ok,0,0,3.4,69.7
awgn,0.0,9,qpsk-r1/2,w,9,1,0,data,ok,8,8,3.5,69.7
awgn,0.0,9,ack-1f,w,2,2,0,ctl,ok,0,0,4.3,69.7
awgn,0.0,9,qpsk-r1/2,w,9,1,0,data,ok,8,8,3.5,69.7
awgn,0.0,9,ack-1f,w,2,2,0,ctl,ok,0,0,3.3,69.7
awgn,0.0,9,qpsk-r1/2,w,9,1,0,data,ok,8,8,3.5,69.7
awgn,0.0,9,ack-1f,w,2,2,0,ctl,ok,0,0,4.4,69.7
awgn,0.0,9,qpsk-r1/2,w,9,1,0,data,ok,8,8,3.8,69.7
awgn,0.0,9,ack-1f,w,2,2,0,ctl,ok,0,0,4.0,69.7
awgn,0.0,9,qpsk-r1/2,w,9,1,0,data,ok,8,8,3.3,69.7
awgn,0.0,9,ack-1f,w,2,2,0,ctl,ok,0,0,4.0,69.7
awgn,0.0,9,qpsk-r1/2,w,9,1,0,data,ok,8,8,3.7,69.7
awgn,0.0,9,ack-1f,w,2,2,0,ctl,ok,0,0,3.7,69.7
awgn,0.0,9,qpsk-r1/2,w,9,1,0,data,ok,8,8,3.7,69.7
awgn,0.0,9,ack-1f,w,2,2,0,ctl,ok,0,0,3.3,69.7
awgn,0.0,9,qpsk-r1/2,w,9,1,0,data,ok,8,8,3.7,69.7
awgn,0.0,9,ack-1f,w,2,2,0,ctl,ok,0,0,4.3,69.7
awgn,0.0,9,qpsk-r1/2,w,9,1,0,data,ok,8,8,3.3,69.7
awgn,0.0,9,ack-1f,w,2,2,0,ctl,ok,0,0,5.2,69.7
awgn,0.0,9,qpsk-r1/2,w,9,1,0,data,ok,8,8,3.6,69.7
awgn,0.0,9,ack-1f,w,2,2,0,ctl,ok,0,0,3.5,69.7
awgn,0.0,9,qpsk-r1/2,w,9,1,0,data,ok,8,8,3.5,69.7
awgn,0.0,9,ack-1f,w,2,2,0,ctl,ok,0,0,4.5,69.7
awgn,0.0,9,qpsk-r1/2,w,9,1,0,data,ok,8,8,3.6,69.7
awgn,0.0,9,ack-1f,w,2,2,0,ctl,ok,0,0,3.5,69.7
awgn,0.0,9,qpsk-r1/2,w,9,1,0,data,ok,8,8,3.9,69.7
awgn,0.0,9,ack-1f,w,2,2,0,ctl,ok,0,0,3.9,69.7
awgn,0.0,9,qpsk-r1/2,w,9,1,0,data,ok,8,8,3.8,69.7
awgn,0.0,9,ack-1f,w,2,2,0,ctl,ok,0,0,4.1,69.7
awgn,0.0,9,qpsk-r1/2,w,9,1,0,data,ok,8,8,3.6,69.7
awgn,0.0,9,ack-1f,w,2,2,0,ctl,ok,0,0,3.2,69.7
awgn,0.0,9,qpsk-r1/2,w,9,1,0,data,ok,8,8,3.7,69.7
awgn,0.0,9,ack-1f,w,2,2,0,ctl,ok,0,0,3.5,69.7
awgn,0.0,9,qpsk-r1/2,w,9,1,0,data,ok,8,8,3.5,69.7
awgn,0.0,9,ack-1f,w,2,2,0,ctl,ok,0,0,3.9,69.7
awgn,0.0,9,qpsk-r1/2,w,9,1,0,data,ok,8,8,3.7,69.7
awgn,0.0,9,ack-1f,w,2,2,0,ctl,ok,0,0,3.4,69.7
awgn,0.0,9,qpsk-r1/2,w,9,1,0,data,ok,8,8,3.4,69.7
awgn,0.0,9,ack-1f,w,2,2,0,ctl,ok,0,0,3.3,69.7
awgn,0.0,9,qpsk-r1/2,w,9,1,0,data,ok,8,8,3.7,69.7
awgn,0.0,9,ack-1f,w,2,2,0,ctl,ok,0,0,4.2,69.7
awgn,0.0,9,qpsk-r1/2,w,9,1,0,data,ok,8,8,3.6,69.7
awgn,0.0,9,ack-1f,w,2,2,0,ctl,ok,0,0,3.1,69.7
awgn,0.0,9,qpsk-r1/2,w,9,1,0,data,ok,8,8,3.5,69.7
awgn,0.0,9,ack-1f,w,2,2,0,ctl,ok,0,0,3.1,69.7
awgn,0.0,9,qpsk-r1/2,w,9,1,0,data,ok,8,8,3.5,69.7
awgn,0.0,9,ack-1f,w,2,2,0,ctl,ok,0,0,2.7,69.7
awgn,0.0,9,qpsk-r1/2,w,9,1,0,data,ok,8,8,3.4,69.7
awgn,0.0,9,ack-1f,w,2,2,0,ctl,ok,0,0,3.0,69.7
awgn,0.0,9,qpsk-r1/2,w,9,1,0,data,ok,8,8,3.6,69.7
awgn,0.0,9,ack-1f,w,2,2,0,ctl,ok,0,0,4.2,69.7
awgn,0.0,9,qpsk-r1/2,w,9,1,0,data,ok,8,8,3.6,69.7
awgn,0.0,9,ack-1f,w,2,2,0,ctl,ok,0,0,2.6,69.7
awgn,0.0,9,qpsk-r1/2,w,9,1,0,data,ok,8,8,3.5,69.7
awgn,0.0,9,ack-1f,w,2,2,0,ctl,ok,0,0,2.5,69.7
awgn,0.0,9,qpsk-r1/2,w,9,1,0,data,ok,8,8,3.4,69.7
awgn,0.0,9,ack-1f,w,2,2,0,ctl,ok,0,0,3.5,69.7
awgn,0.0,9,qpsk-r1/2,w,9,1,0,data,ok,8,8,3.5,69.7
awgn,0.0,9,ack-1f,w,2,2,0,ctl,ok,0,0,4.2,69.7
awgn,0.0,9,qpsk-r1/2,w,9,1,0,data,ok,8,8,3.5,69.7
awgn,0.0,4,qpsk-r1/5,w,1,1,0,ctl,ok,0,0,3.7,69.7
awgn,0.0,4,qpsk-r1/5,w,1,1,0,ctl,ok,0,0,3.5,69.7
awgn,0.0,4,ack-4f,w,3,3,0,ctl,ok,0,0,3.6,69.7
awgn,0.0,4,ack-1f,w,3,3,0,ctl,ok,0,0,3.5,69.7
awgn,0.0,4,qpsk-r1/2,w,9,2,1,data,ok,7,7,3.9,69.7
awgn,0.0,4,ack-1f,w,3,3,0,ctl,ok,0,0,1.5,69.7
awgn,0.0,4,qpsk-r1/2,w,9,2,1,data,ok,7,7,3.4,69.7
awgn,0.0,4,ack-1f,w,3,3,0,ctl,ok,0,0,4.2,69.7
awgn,0.0,4,qpsk-r1/2,w,9,2,1,data,ok,7,7,3.4,69.7
awgn,0.0,4,ack-1f,w,3,3,0,ctl,ok,0,0,3.7,69.7
awgn,0.0,4,qpsk-r1/2,w,9,2,1,data,ok,7,7,3.6,69.7
awgn,0.0,4,ack-1f,w,3,3,0,ctl,ok,0,0,4.1,69.7
awgn,0.0,4,qpsk-r1/2,w,9,2,1,data,ok,7,7,3.2,69.7
awgn,0.0,4,ack-1f,w,2,2,0,ctl,ok,0,0,1.7,69.7
awgn,0.0,4,qpsk-r1/2,w,9,1,0,data,ok,8,8,3.7,69.7
awgn,0.0,4,ack-1f,w,2,2,0,ctl,ok,0,0,3.5,69.7
awgn,0.0,4,qpsk-r1/2,w,9,1,0,data,ok,8,8,3.5,69.7
awgn,0.0,4,ack-1f,w,2,2,0,ctl,ok,0,0,3.0,69.7
awgn,0.0,4,qpsk-r1/2,w,9,1,0,data,ok,8,8,3.6,69.7
awgn,0.0,4,ack-1f,w,2,2,0,ctl,ok,0,0,3.4,69.7
awgn,0.0,4,qpsk-r1/2,w,9,1,0,data,ok,8,8,3.4,69.7
awgn,0.0,4,ack-1f,w,2,2,0,ctl,ok,0,0,2.6,69.7
awgn,0.0,4,qpsk-r1/2,w,9,1,0,data,ok,8,8,3.5,69.7
awgn,0.0,4,ack-1f,w,2,2,0,ctl,ok,0,0,4.1,69.7
awgn,0.0,4,qpsk-r1/2,w,9,1,0,data,ok,8,8,3.7,69.7
awgn,0.0,4,ack-1f,w,2,2,0,ctl,ok,0,0,4.1,69.7
awgn,0.0,4,qpsk-r1/2,w,9,1,0,data,ok,8,8,3.7,69.7
awgn,0.0,4,ack-1f,w,2,2,0,ctl,ok,0,0,3.3,69.7
awgn,0.0,4,qpsk-r1/2,w,9,1,0,data,ok,8,8,3.3,69.7
awgn,0.0,4,ack-1f,w,2,2,0,ctl,ok,0,0,2.3,69.7
awgn,0.0,4,qpsk-r1/2,w,9,1,0,data,ok,8,8,3.7,69.7
awgn,0.0,4,ack-1f,w,2,2,0,ctl,ok,0,0,3.4,69.7
awgn,0.0,4,qpsk-r1/2,w,9,1,0,data,ok,8,8,3.2,69.7
awgn,0.0,4,ack-1f,w,2,2,0,ctl,ok,0,0,3.7,69.7
awgn,0.0,4,qpsk-r1/2,w,9,1,0,data,ok,8,8,3.6,69.7
awgn,0.0,4,ack-1f,w,2,2,0,ctl,ok,0,0,2.8,69.7
awgn,0.0,4,qpsk-r1/2,w,9,1,0,data,ok,8,8,3.7,69.7
awgn,0.0,4,ack-1f,w,2,2,0,ctl,ok,0,0,3.2,69.7
awgn,0.0,4,qpsk-r1/2,w,9,1,0,data,ok,8,8,3.8,69.7
awgn,0.0,4,ack-1f,w,2,2,0,ctl,ok,0,0,4.2,69.7
awgn,0.0,4,qpsk-r1/2,w,9,1,0,data,ok,8,8,3.4,69.7
awgn,0.0,4,ack-1f,w,2,2,0,ctl,ok,0,0,3.3,69.7
awgn,0.0,4,qpsk-r1/2,w,9,1,0,data,ok,8,8,3.6,69.7
awgn,0.0,4,ack-1f,w,2,2,0,ctl,ok,0,0,3.9,69.7
awgn,0.0,4,qpsk-r1/2,w,9,1,0,data,ok,8,8,3.3,69.7
awgn,0.0,4,ack-1f,w,2,2,0,ctl,ok,0,0,3.9,69.7
awgn,0.0,4,qpsk-r1/2,w,9,1,0,data,ok,8,8,3.6,69.7
awgn,0.0,4,ack-1f,w,2,2,0,ctl,ok,0,0,4.3,69.7
awgn,0.0,4,qpsk-r1/2,w,9,1,0,data,ok,8,8,3.5,69.7
awgn,0.0,4,ack-1f,w,2,2,0,ctl,ok,0,0,3.9,69.7
awgn,0.0,4,qpsk-r1/2,w,9,1,0,data,ok,8,8,3.7,69.7
awgn,0.0,4,ack-1f,w,2,2,0,ctl,ok,0,0,4.2,69.7
awgn,0.0,4,qpsk-r1/2,w,9,1,0,data,ok,8,8,3.5,69.7
awgn,0.0,4,ack-1f,w,2,2,0,ctl,ok,0,0,3.4,69.7
awgn,0.0,4,qpsk-r1/2,w,9,1,0,data,ok,8,8,3.4,69.7
awgn,0.0,4,ack-1f,w,2,2,0,ctl,ok,0,0,3.8,69.7
awgn,0.0,4,qpsk-r1/2,w,9,1,0,data,ok,8,8,3.2,69.7
awgn,0.0,4,ack-1f,w,2,2,0,ctl,ok,0,0,3.3,69.7
awgn,0.0,4,qpsk-r1/2,w,9,1,0,data,ok,8,8,3.4,69.7
awgn,0.0,4,ack-1f,w,2,2,0,ctl,ok,0,0,3.0,69.7
awgn,0.0,4,qpsk-r1/2,w,9,1,0,data,ok,8,8,3.7,69.7
awgn,0.0,4,ack-1f,w,2,2,0,ctl,ok,0,0,4.0,69.7
awgn,0.0,4,qpsk-r1/2,w,9,1,0,data,ok,8,8,3.3,69.7
awgn,0.0,4,ack-1f,w,2,2,0,ctl,ok,0,0,2.0,69.7
awgn,0.0,4,qpsk-r1/2,w,9,1,0,data,ok,8,8,3.5,69.7
awgn,0.0,4,ack-1f,w,2,2,0,ctl,ok,0,0,2.5,69.7
awgn,0.0,4,qpsk-r1/2,w,9,1,0,data,ok,8,8,3.5,69.7
awgn,0.0,4,ack-1f,w,2,2,0,ctl,ok,0,0,4.4,69.7
awgn,0.0,4,qpsk-r1/2,w,9,1,0,data,ok,8,8,3.5,69.7
awgn,0.0,4,ack-1f,w,2,2,0,ctl,ok,0,0,4.3,69.7
awgn,0.0,4,qpsk-r1/2,w,9,1,0,data,ok,8,8,3.6,69.7
awgn,0.0,4,ack-1f,w,2,2,0,ctl,ok,0,0,4.7,69.7
awgn,0.0,4,qpsk-r1/2,w,9,1,0,data,ok,8,8,3.4,69.7
awgn,0.0,4,ack-1f,w,2,2,0,ctl,ok,0,0,4.3,69.7
awgn,0.0,4,qpsk-r1/2,w,9,1,0,data,ok,8,8,3.6,69.7
awgn,0.0,4,ack-1f,w,2,2,0,ctl,ok,0,0,4.7,69.7
awgn,0.0,4,qpsk-r1/2,w,9,1,0,data,ok,8,8,3.5,69.7
awgn,0.0,4,ack-1f,w,2,2,0,ctl,ok,0,0,3.8,69.7
awgn,0.0,4,qpsk-r1/2,w,9,1,0,data,ok,8,8,3.5,69.7
awgn,0.0,4,ack-1f,w,2,2,0,ctl,ok,0,0,4.6,69.7
awgn,0.0,4,qpsk-r1/2,w,9,1,0,data,ok,8,8,3.5,69.7
awgn,0.0,4,ack-1f,w,2,2,0,ctl,ok,0,0,3.2,69.7
awgn,0.0,4,qpsk-r1/2,w,9,1,0,data,ok,8,8,3.5,69.7
awgn,0.0,4,ack-1f,w,2,2,0,ctl,ok,0,0,4.1,69.7
awgn,0.0,4,qpsk-r1/2,w,9,1,0,data,ok,8,8,3.5,69.7
awgn,0.0,4,ack-1f,w,2,2,0,ctl,ok,0,0,2.8,69.7
awgn,0.0,4,qpsk-r1/2,w,9,1,0,data,ok,8,8,3.6,69.7
awgn,0.0,4,ack-1f,w,2,2,0,ctl,ok,0,0,3.7,69.7
awgn,0.0,4,qpsk-r1/2,w,9,1,0,data,ok,8,8,3.5,69.7
awgn,0.0,4,ack-1f,w,2,2,0,ctl,ok,0,0,3.7,69.7
awgn,0.0,4,qpsk-r1/2,w,9,1,0,data,ok,8,8,3.2,69.7
awgn,0.0,4,ack-1f,w,2,2,0,ctl,ok,0,0,4.0,69.7
awgn,0.0,4,qpsk-r1/2,w,9,1,0,data,ok,8,8,3.4,69.7
awgn,0.0,4,ack-1f,w,2,2,0,ctl,ok,0,0,3.4,69.7
awgn,0.0,4,qpsk-r1/2,w,9,1,0,data,ok,8,8,3.5,69.7
awgn,0.0,4,ack-1f,w,2,2,0,ctl,ok,0,0,4.3,69.7
awgn,0.0,4,qpsk-r1/2,w,9,1,0,data,ok,8,8,3.5,69.7
awgn,0.0,10,qpsk-r1/5,w,1,1,0,ctl,ok,0,0,3.2,69.7
awgn,0.0,10,qpsk-r1/5,w,1,1,0,ctl,ok,0,0,3.8,69.7
awgn,0.0,10,ack-4f,w,3,3,0,ctl,ok,0,0,3.1,69.7
awgn,0.0,10,ack-1f,w,3,3,0,ctl,ok,0,0,2.9,69.7
awgn,0.0,10,qpsk-r1/2,w,9,2,1,data,ok,7,7,3.7,69.7
awgn,0.0,10,ack-1f,w,3,3,0,ctl,ok,0,0,3.7,69.7
awgn,0.0,10,qpsk-r1/2,w,9,2,1,data,ok,7,7,3.6,69.7
awgn,0.0,10,ack-1f,w,3,3,0,ctl,ok,0,0,4.2,69.7
awgn,0.0,10,qpsk-r1/2,w,9,2,1,data,ok,7,7,3.5,69.7
awgn,0.0,10,ack-1f,w,3,3,0,ctl,ok,0,0,2.8,69.7
awgn,0.0,10,qpsk-r1/2,w,9,2,1,data,ok,7,7,3.6,69.7
awgn,0.0,10,ack-1f,w,2,2,0,ctl,ok,0,0,3.5,69.7
awgn,0.0,10,qpsk-r1/2,w,9,1,0,data,ok,8,8,3.5,69.7
awgn,0.0,10,ack-1f,w,2,2,0,ctl,ok,0,0,4.7,69.7
awgn,0.0,10,qpsk-r1/2,w,9,1,0,data,ok,8,8,3.8,69.7
awgn,0.0,10,ack-1f,w,2,2,0,ctl,ok,0,0,4.3,69.7
awgn,0.0,10,qpsk-r1/2,w,9,1,0,data,ok,8,8,3.4,69.7
awgn,0.0,10,ack-1f,w,2,2,0,ctl,ok,0,0,3.6,69.7
awgn,0.0,10,qpsk-r1/2,w,9,1,0,data,ok,8,8,3.2,69.7
awgn,0.0,10,ack-1f,w,2,2,0,ctl,ok,0,0,3.5,69.7
awgn,0.0,10,qpsk-r1/2,w,9,1,0,data,ok,8,8,3.6,69.7
awgn,0.0,10,ack-1f,w,2,2,0,ctl,ok,0,0,3.4,69.7
awgn,0.0,10,qpsk-r1/2,w,9,1,0,data,ok,8,8,3.5,69.7
awgn,0.0,10,ack-1f,w,2,2,0,ctl,ok,0,0,3.5,69.7
awgn,0.0,10,qpsk-r1/2,w,9,1,0,data,ok,8,8,3.5,69.7
awgn,0.0,10,ack-1f,w,2,2,0,ctl,ok,0,0,3.7,69.7
awgn,0.0,10,qpsk-r1/2,w,9,1,0,data,ok,8,8,3.5,69.7
awgn,0.0,10,ack-1f,w,2,2,0,ctl,ok,0,0,4.6,69.7
awgn,0.0,10,qpsk-r1/2,w,9,1,0,data,ok,8,8,3.5,69.7
awgn,0.0,10,ack-1f,w,2,2,0,ctl,ok,0,0,2.5,69.7
awgn,0.0,10,qpsk-r1/2,w,9,1,0,data,ok,8,8,3.6,69.7
awgn,0.0,10,ack-1f,w,2,2,0,ctl,ok,0,0,3.5,69.7
awgn,0.0,10,qpsk-r1/2,w,9,1,0,data,ok,8,8,3.8,69.7
awgn,0.0,10,ack-1f,w,2,2,0,ctl,ok,0,0,3.3,69.7
awgn,0.0,10,qpsk-r1/2,w,9,1,0,data,ok,8,8,3.4,69.7
awgn,0.0,10,ack-1f,w,2,2,0,ctl,ok,0,0,4.1,69.7
awgn,0.0,10,qpsk-r1/2,w,9,1,0,data,ok,8,8,3.5,69.7
awgn,0.0,10,ack-1f,w,2,2,0,ctl,ok,0,0,4.3,69.7
awgn,0.0,10,qpsk-r1/2,w,9,1,0,data,ok,8,8,3.5,69.7
awgn,0.0,10,ack-1f,w,2,2,0,ctl,ok,0,0,4.3,69.7
awgn,0.0,10,qpsk-r1/2,w,9,1,0,data,ok,8,8,3.2,69.7
awgn,0.0,10,ack-1f,w,2,2,0,ctl,ok,0,0,4.3,69.7
awgn,0.0,10,qpsk-r1/2,w,9,1,0,data,ok,8,8,3.6,69.7
awgn,0.0,10,ack-1f,w,2,2,0,ctl,ok,0,0,4.0,69.7
awgn,0.0,10,qpsk-r1/2,w,9,1,0,data,ok,8,8,3.5,69.7
awgn,0.0,10,ack-1f,w,2,2,0,ctl,ok,0,0,3.8,69.7
awgn,0.0,10,qpsk-r1/2,w,9,1,0,data,ok,8,8,3.3,69.7
awgn,0.0,10,ack-1f,w,2,2,0,ctl,ok,0,0,3.7,69.7
awgn,0.0,10,qpsk-r1/2,w,9,1,0,data,ok,8,8,3.3,69.7
awgn,0.0,10,ack-1f,w,2,2,0,ctl,ok,0,0,3.3,69.7
awgn,0.0,10,qpsk-r1/2,w,9,1,0,data,ok,8,8,3.5,69.7
awgn,0.0,10,ack-1f,w,2,2,0,ctl,ok,0,0,3.8,69.7
awgn,0.0,10,qpsk-r1/2,w,9,1,0,data,ok,8,8,3.5,69.7
awgn,0.0,10,ack-1f,w,2,2,0,ctl,ok,0,0,4.6,69.7
awgn,0.0,10,qpsk-r1/2,w,9,1,0,data,ok,8,8,3.5,69.7
awgn,0.0,10,ack-1f,w,2,2,0,ctl,ok,0,0,4.4,69.7
awgn,0.0,10,qpsk-r1/2,w,9,1,0,data,ok,8,8,3.4,69.7
awgn,0.0,10,ack-1f,w,2,2,0,ctl,ok,0,0,3.5,69.7
awgn,0.0,10,qpsk-r1/2,w,9,1,0,data,ok,8,8,3.1,69.7
awgn,0.0,10,ack-1f,w,2,2,0,ctl,ok,0,0,4.5,69.7
awgn,0.0,10,qpsk-r1/2,w,9,1,0,data,ok,8,8,3.4,69.7
awgn,0.0,10,ack-1f,w,2,2,0,ctl,ok,0,0,3.6,69.7
awgn,0.0,10,qpsk-r1/2,w,9,1,0,data,ok,8,8,3.6,69.7
awgn,0.0,10,ack-1f,w,2,2,0,ctl,ok,0,0,3.8,69.7
awgn,0.0,10,qpsk-r1/2,w,9,1,0,data,ok,8,8,3.6,69.7
awgn,0.0,10,ack-1f,w,2,2,0,ctl,ok,0,0,3.3,69.7
awgn,0.0,10,qpsk-r1/2,w,9,1,0,data,ok,8,8,3.6,69.7
awgn,0.0,10,ack-1f,w,2,2,0,ctl,ok,0,0,4.1,69.7
awgn,0.0,10,qpsk-r1/2,w,9,1,0,data,ok,8,8,3.5,69.7
awgn,0.0,10,ack-1f,w,2,2,0,ctl,ok,0,0,3.6,69.7
awgn,0.0,10,qpsk-r1/2,w,9,1,0,data,ok,8,8,3.5,69.7
awgn,0.0,10,ack-1f,w,2,2,0,ctl,ok,0,0,3.9,69.7
awgn,0.0,10,qpsk-r1/2,w,9,1,0,data,ok,8,8,3.7,69.7
awgn,0.0,10,ack-1f,w,2,2,0,ctl,ok,0,0,4.6,69.7
awgn,0.0,10,qpsk-r1/2,w,9,1,0,data,ok,8,8,3.6,69.7
awgn,0.0,10,ack-1f,w,2,2,0,ctl,ok,0,0,3.6,69.7
awgn,0.0,10,qpsk-r1/2,w,9,1,0,data,ok,8,8,3.6,69.7
awgn,0.0,10,ack-1f,w,2,2,0,ctl,ok,0,0,3.5,69.7
awgn,0.0,10,qpsk-r1/2,w,9,1,0,data,ok,8,8,3.5,69.7
awgn,0.0,10,ack-1f,w,2,2,0,ctl,ok,0,0,4.0,69.7
awgn,0.0,10,qpsk-r1/2,w,9,1,0,data,ok,8,8,3.8,69.7
awgn,0.0,10,ack-1f,w,2,2,0,ctl,ok,0,0,3.3,69.7
awgn,0.0,10,qpsk-r1/2,w,9,1,0,data,ok,8,8,3.6,69.7
awgn,0.0,10,ack-1f,w,2,2,0,ctl,ok,0,0,4.1,69.7
awgn,0.0,10,qpsk-r1/2,w,9,1,0,data,ok,8,8,3.5,69.7
awgn,0.0,10,ack-1f,w,2,2,0,ctl,ok,0,0,3.3,69.7
awgn,0.0,10,qpsk-r1/2,w,9,1,0,data,ok,8,8,3.4,69.7
awgn,0.0,10,ack-1f,w,2,2,0,ctl,ok,0,0,3.4,69.7
awgn,0.0,10,qpsk-r1/2,w,9,1,0,data,ok,8,8,3.4,69.7
awgn,0.0,10,ack-1f,w,2,2,0,ctl,ok,0,0,3.4,69.7
awgn,0.0,10,qpsk-r1/2,w,9,1,0,data,ok,8,8,3.6,69.7
awgn,0.0,10,ack-1f,w,2,2,0,ctl,ok,0,0,4.2,69.7
awgn,0.0,10,qpsk-r1/2,w,9,1,0,data,ok,8,8,3.6,69.7
awgn,0.0,10,ack-1f,w,2,2,0,ctl,ok,0,0,2.8,69.7
awgn,0.0,10,qpsk-r1/2,w,9,1,0,data,ok,8,8,3.7,69.7
awgn,0.0,10,ack-1f,w,2,2,0,ctl,ok,0,0,3.9,69.7
awgn,0.0,10,qpsk-r1/2,w,9,1,0,data,ok,8,8,3.8,69.7
awgn,0.0,5,qpsk-r1/5,w,1,1,0,ctl,ok,0,0,3.6,69.7
awgn,0.0,5,qpsk-r1/5,w,1,1,0,ctl,ok,0,0,3.5,69.7
awgn,0.0,5,ack-4f,w,3,3,0,ctl,ok,0,0,3.6,69.7
awgn,0.0,5,ack-1f,w,3,3,0,ctl,ok,0,0,4.1,69.7
awgn,0.0,5,qpsk-r1/2,w,9,2,1,data,ok,7,7,3.5,69.7
awgn,0.0,5,ack-1f,w,3,3,0,ctl,ok,0,0,4.3,69.7
awgn,0.0,5,qpsk-r1/2,w,9,2,1,data,ok,7,7,3.4,69.7
awgn,0.0,5,ack-1f,w,3,3,0,ctl,ok,0,0,3.5,69.7
awgn,0.0,5,qpsk-r1/2,w,9,2,1,data,ok,7,7,3.4,69.7
awgn,0.0,5,ack-1f,w,3,3,0,ctl,ok,0,0,4.2,69.7
awgn,0.0,5,qpsk-r1/2,w,9,2,1,data,ok,7,7,3.6,69.7
awgn,0.0,5,ack-1f,w,2,2,0,ctl,ok,0,0,4.5,69.7
awgn,0.0,5,qpsk-r1/2,w,9,1,0,data,ok,8,8,3.8,69.7
awgn,0.0,5,ack-1f,w,2,2,0,ctl,ok,0,0,4.3,69.7
awgn,0.0,5,qpsk-r1/2,w,9,1,0,data,ok,8,8,3.5,69.7
awgn,0.0,5,ack-1f,w,2,2,0,ctl,ok,0,0,4.6,69.7
awgn,0.0,5,qpsk-r1/2,w,9,1,0,data,ok,8,8,3.5,69.7
awgn,0.0,5,ack-1f,w,2,2,0,ctl,ok,0,0,3.9,69.7
awgn,0.0,5,qpsk-r1/2,w,9,1,0,data,ok,8,8,3.7,69.7
awgn,0.0,5,ack-1f,w,2,2,0,ctl,ok,0,0,3.7,69.7
awgn,0.0,5,qpsk-r1/2,w,9,1,0,data,ok,8,8,3.5,69.7
awgn,0.0,5,ack-1f,w,2,2,0,ctl,ok,0,0,4.7,69.7
awgn,0.0,5,qpsk-r1/2,w,9,1,0,data,ok,8,8,3.6,69.7
awgn,0.0,5,ack-1f,w,2,2,0,ctl,ok,0,0,3.7,69.7
awgn,0.0,5,qpsk-r1/2,w,9,1,0,data,ok,8,8,3.3,69.7
awgn,0.0,5,ack-1f,w,2,2,0,ctl,ok,0,0,3.8,69.7
awgn,0.0,5,qpsk-r1/2,w,9,1,0,data,ok,8,8,3.7,69.7
awgn,0.0,5,ack-1f,w,2,2,0,ctl,ok,0,0,3.6,69.7
awgn,0.0,5,qpsk-r1/2,w,9,1,0,data,ok,8,8,3.7,69.7
awgn,0.0,5,ack-1f,w,2,2,0,ctl,ok,0,0,4.5,69.7
awgn,0.0,5,qpsk-r1/2,w,9,1,0,data,ok,8,8,3.4,69.7
awgn,0.0,5,ack-1f,w,2,2,0,ctl,ok,0,0,4.0,69.7
awgn,0.0,5,qpsk-r1/2,w,9,1,0,data,ok,8,8,3.4,69.7
awgn,0.0,5,ack-1f,w,2,2,0,ctl,ok,0,0,3.2,69.7
awgn,0.0,5,qpsk-r1/2,w,9,1,0,data,ok,8,8,3.5,69.7
awgn,0.0,5,ack-1f,w,2,2,0,ctl,ok,0,0,3.8,69.7
awgn,0.0,5,qpsk-r1/2,w,9,1,0,data,ok,8,8,3.6,69.7
awgn,0.0,5,ack-1f,w,2,2,0,ctl,ok,0,0,3.1,69.7
awgn,0.0,5,qpsk-r1/2,w,9,1,0,data,ok,8,8,3.7,69.7
awgn,0.0,5,ack-1f,w,2,2,0,ctl,ok,0,0,4.1,69.7
awgn,0.0,5,qpsk-r1/2,w,9,1,0,data,ok,8,8,3.5,69.7
awgn,0.0,5,ack-1f,w,2,2,0,ctl,ok,0,0,4.5,69.7
awgn,0.0,5,qpsk-r1/2,w,9,1,0,data,ok,8,8,3.5,69.7
awgn,0.0,5,ack-1f,w,2,2,0,ctl,ok,0,0,3.0,69.7
awgn,0.0,5,qpsk-r1/2,w,9,1,0,data,ok,8,8,3.8,69.7
awgn,0.0,5,ack-1f,w,2,2,0,ctl,ok,0,0,3.5,69.7
awgn,0.0,5,qpsk-r1/2,w,9,1,0,data,ok,8,8,3.6,69.7
awgn,0.0,5,ack-1f,w,2,2,0,ctl,ok,0,0,4.2,69.7
awgn,0.0,5,qpsk-r1/2,w,9,1,0,data,ok,8,8,3.6,69.7
awgn,0.0,5,ack-1f,w,2,2,0,ctl,ok,0,0,4.0,69.7
awgn,0.0,5,qpsk-r1/2,w,9,1,0,data,ok,8,8,3.8,69.7
awgn,0.0,5,ack-1f,w,2,2,0,ctl,ok,0,0,3.0,69.7
awgn,0.0,5,qpsk-r1/2,w,9,1,0,data,ok,8,8,3.1,69.7
awgn,0.0,5,ack-1f,w,2,2,0,ctl,ok,0,0,3.9,69.7
awgn,0.0,5,qpsk-r1/2,w,9,1,0,data,ok,8,8,3.7,69.7
awgn,0.0,5,ack-1f,w,2,2,0,ctl,ok,0,0,4.1,69.7
awgn,0.0,5,qpsk-r1/2,w,9,1,0,data,ok,8,8,3.3,69.7
awgn,0.0,5,ack-1f,w,2,2,0,ctl,ok,0,0,4.3,69.7
awgn,0.0,5,qpsk-r1/2,w,9,1,0,data,ok,8,8,3.5,69.7
awgn,0.0,5,ack-1f,w,2,2,0,ctl,ok,0,0,2.3,69.7
awgn,0.0,5,qpsk-r1/2,w,9,1,0,data,ok,8,8,3.3,69.7
awgn,0.0,5,ack-1f,w,2,2,0,ctl,ok,0,0,3.4,69.7
awgn,0.0,5,qpsk-r1/2,w,9,1,0,data,ok,8,8,3.7,69.7
awgn,0.0,5,ack-1f,w,2,2,0,ctl,ok,0,0,3.3,69.7
awgn,0.0,5,qpsk-r1/2,w,9,1,0,data,ok,8,8,3.6,69.7
awgn,0.0,5,ack-1f,w,2,2,0,ctl,ok,0,0,3.8,69.7
awgn,0.0,5,qpsk-r1/2,w,9,1,0,data,ok,8,8,3.5,69.7
awgn,0.0,5,ack-1f,w,2,2,0,ctl,ok,0,0,3.6,69.7
awgn,0.0,5,qpsk-r1/2,w,9,1,0,data,ok,8,8,3.8,69.7
awgn,0.0,5,ack-1f,w,2,2,0,ctl,ok,0,0,2.7,69.7
awgn,0.0,5,qpsk-r1/2,w,9,1,0,data,ok,8,8,3.7,69.7
awgn,0.0,5,ack-1f,w,2,2,0,ctl,ok,0,0,3.7,69.7
awgn,0.0,5,qpsk-r1/2,w,9,1,0,data,ok,8,8,3.5,69.7
awgn,0.0,5,ack-1f,w,2,2,0,ctl,ok,0,0,4.4,69.7
awgn,0.0,5,qpsk-r1/2,w,9,1,0,data,ok,8,8,3.5,69.7
awgn,0.0,5,ack-1f,w,2,2,0,ctl,ok,0,0,4.0,69.7
awgn,0.0,5,qpsk-r1/2,w,9,1,0,data,ok,8,8,3.5,69.7
awgn,0.0,5,ack-1f,w,2,2,0,ctl,ok,0,0,2.9,69.7
awgn,0.0,5,qpsk-r1/2,w,9,1,0,data,ok,8,8,3.6,69.7
awgn,0.0,5,ack-1f,w,2,2,0,ctl,ok,0,0,0.4,69.7
awgn,0.0,5,qpsk-r1/2,w,9,1,0,data,ok,8,8,3.7,69.7
awgn,0.0,5,ack-1f,w,2,2,0,ctl,ok,0,0,1.6,69.7
awgn,0.0,5,qpsk-r1/2,w,9,1,0,data,ok,8,8,3.7,69.7
awgn,0.0,5,ack-1f,w,2,2,0,ctl,ok,0,0,4.5,69.7
awgn,0.0,5,qpsk-r1/2,w,9,1,0,data,ok,8,8,3.7,69.7
awgn,0.0,5,ack-1f,w,2,2,0,ctl,ok,0,0,1.7,69.7
awgn,0.0,5,qpsk-r1/2,w,9,1,0,data,ok,8,8,3.5,69.7
awgn,0.0,5,ack-1f,w,2,2,0,ctl,ok,0,0,4.0,69.7
awgn,0.0,5,qpsk-r1/2,w,9,1,0,data,ok,8,8,3.2,69.7
awgn,0.0,5,ack-1f,w,2,2,0,ctl,ok,0,0,3.1,69.7
awgn,0.0,5,qpsk-r1/2,w,9,1,0,data,ok,8,8,3.6,69.7
awgn,0.0,5,ack-1f,w,2,2,0,ctl,ok,0,0,3.4,69.7
awgn,0.0,5,qpsk-r1/2,w,9,1,0,data,ok,8,8,3.6,69.7
awgn,0.0,5,ack-1f,w,2,2,0,ctl,ok,0,0,3.0,69.7
awgn,0.0,5,qpsk-r1/2,w,9,1,0,data,ok,8,8,3.8,69.7
awgn,0.0,5,ack-1f,w,2,2,0,ctl,ok,0,0,3.5,69.7
awgn,0.0,5,qpsk-r1/2,w,9,1,0,data,ok,8,8,3.4,69.7
awgn,0.0,6,qpsk-r1/5,w,1,1,0,ctl,ok,0,0,3.9,69.7
awgn,0.0,6,qpsk-r1/5,w,1,1,0,ctl,ok,0,0,3.5,69.7
awgn,0.0,6,ack-4f,w,3,3,0,ctl,ok,0,0,3.6,69.7
awgn,0.0,6,ack-1f,w,3,3,0,ctl,ok,0,0,3.7,69.7
awgn,0.0,6,qpsk-r1/2,w,9,2,1,data,ok,7,7,3.7,69.7
awgn,0.0,6,ack-1f,w,3,3,0,ctl,ok,0,0,3.2,69.7
awgn,0.0,6,qpsk-r1/2,w,9,2,1,data,ok,7,7,3.3,69.7
awgn,0.0,6,ack-1f,w,3,3,0,ctl,ok,0,0,3.0,69.7
awgn,0.0,6,qpsk-r1/2,w,9,2,1,data,ok,7,7,3.5,69.7
awgn,0.0,6,ack-1f,w,3,3,0,ctl,ok,0,0,3.8,69.7
awgn,0.0,6,qpsk-r1/2,w,9,2,1,data,ok,7,7,3.6,69.7
awgn,0.0,6,ack-1f,w,3,3,0,ctl,ok,0,0,3.7,69.7
awgn,0.0,6,qpsk-r1/2,w,9,2,1,data,ok,7,7,3.5,69.7
awgn,0.0,6,ack-1f,w,2,2,0,ctl,ok,0,0,3.2,69.7
awgn,0.0,6,qpsk-r1/2,w,9,1,0,data,ok,8,8,3.5,69.7
awgn,0.0,6,ack-1f,w,2,2,0,ctl,ok,0,0,2.3,69.7
awgn,0.0,6,qpsk-r1/2,w,9,1,0,data,ok,8,8,3.4,69.7
awgn,0.0,6,ack-1f,w,2,2,0,ctl,ok,0,0,4.1,69.7
awgn,0.0,6,qpsk-r1/2,w,9,1,0,data,ok,8,8,3.5,69.7
awgn,0.0,6,ack-1f,w,2,2,0,ctl,ok,0,0,3.9,69.7
awgn,0.0,6,qpsk-r1/2,w,9,1,0,data,ok,8,8,3.7,69.7
awgn,0.0,6,ack-1f,w,2,2,0,ctl,ok,0,0,4.1,69.7
awgn,0.0,6,qpsk-r1/2,w,9,1,0,data,ok,8,8,3.5,69.7
awgn,0.0,6,ack-1f,w,2,2,0,ctl,ok,0,0,3.8,69.7
awgn,0.0,6,qpsk-r1/2,w,9,1,0,data,ok,8,8,3.6,69.7
awgn,0.0,6,ack-1f,w,2,2,0,ctl,ok,0,0,4.1,69.7
awgn,0.0,6,qpsk-r1/2,w,9,1,0,data,ok,8,8,3.5,69.7
awgn,0.0,6,ack-1f,w,2,2,0,ctl,ok,0,0,4.4,69.7
awgn,0.0,6,qpsk-r1/2,w,9,1,0,data,ok,8,8,3.6,69.7
awgn,0.0,6,ack-1f,w,2,2,0,ctl,ok,0,0,4.3,69.7
awgn,0.0,6,qpsk-r1/2,w,9,1,0,data,ok,8,8,3.7,69.7
awgn,0.0,6,ack-1f,w,2,2,0,ctl,ok,0,0,3.0,69.7
awgn,0.0,6,qpsk-r1/2,w,9,1,0,data,ok,8,8,3.6,69.7
awgn,0.0,6,ack-1f,w,2,2,0,ctl,ok,0,0,2.7,69.7
awgn,0.0,6,qpsk-r1/2,w,9,1,0,data,ok,8,8,3.7,69.7
awgn,0.0,6,ack-1f,w,2,2,0,ctl,ok,0,0,4.7,69.7
awgn,0.0,6,qpsk-r1/2,w,9,1,0,data,ok,8,8,3.3,69.7
awgn,0.0,6,ack-1f,w,2,2,0,ctl,ok,0,0,2.9,69.7
awgn,0.0,6,qpsk-r1/2,w,9,1,0,data,ok,8,8,3.6,69.7
awgn,0.0,6,ack-1f,w,2,2,0,ctl,ok,0,0,3.5,69.7
awgn,0.0,6,qpsk-r1/2,w,9,1,0,data,ok,8,8,3.6,69.7
awgn,0.0,6,ack-1f,w,2,2,0,ctl,ok,0,0,3.7,69.7
awgn,0.0,6,qpsk-r1/2,w,9,1,0,data,ok,8,8,3.3,69.7
awgn,0.0,6,ack-1f,w,2,2,0,ctl,ok,0,0,4.4,69.7
awgn,0.0,6,qpsk-r1/2,w,9,1,0,data,ok,8,8,3.5,69.7
awgn,0.0,6,ack-1f,w,2,2,0,ctl,ok,0,0,4.3,69.7
awgn,0.0,6,qpsk-r1/2,w,9,1,0,data,ok,8,8,3.5,69.7
awgn,0.0,6,ack-1f,w,2,2,0,ctl,ok,0,0,3.7,69.7
awgn,0.0,6,qpsk-r1/2,w,9,1,0,data,ok,8,8,3.5,69.7
awgn,0.0,6,ack-1f,w,2,2,0,ctl,ok,0,0,4.1,69.7
awgn,0.0,6,qpsk-r1/2,w,9,1,0,data,ok,8,8,3.3,69.7
awgn,0.0,6,ack-1f,w,2,2,0,ctl,ok,0,0,2.1,69.7
awgn,0.0,6,qpsk-r1/2,w,9,1,0,data,ok,8,8,3.3,69.7
awgn,0.0,6,ack-1f,w,2,2,0,ctl,ok,0,0,3.0,69.7
awgn,0.0,6,qpsk-r1/2,w,9,1,0,data,ok,8,8,3.6,69.7
awgn,0.0,6,ack-1f,w,2,2,0,ctl,ok,0,0,3.8,69.7
awgn,0.0,6,qpsk-r1/2,w,9,1,0,data,ok,8,8,3.6,69.7
awgn,0.0,6,ack-1f,w,2,2,0,ctl,ok,0,0,3.0,69.7
awgn,0.0,6,qpsk-r1/2,w,9,1,0,data,ok,8,8,3.5,69.7
awgn,0.0,6,ack-1f,w,2,2,0,ctl,ok,0,0,3.3,69.7
awgn,0.0,6,qpsk-r1/2,w,9,1,0,data,ok,8,8,3.7,69.7
awgn,0.0,6,ack-1f,w,2,2,0,ctl,ok,0,0,3.6,69.7
awgn,0.0,6,qpsk-r1/2,w,9,1,0,data,ok,8,8,3.6,69.7
awgn,0.0,6,ack-1f,w,2,2,0,ctl,ok,0,0,3.6,69.7
awgn,0.0,6,qpsk-r1/2,w,9,1,0,data,ok,8,8,3.6,69.7
awgn,0.0,6,ack-1f,w,2,2,0,ctl,ok,0,0,3.4,69.7
awgn,0.0,6,qpsk-r1/2,w,9,1,0,data,ok,8,8,3.5,69.7
awgn,0.0,6,ack-1f,w,2,2,0,ctl,ok,0,0,4.2,69.7
awgn,0.0,6,qpsk-r1/2,w,9,1,0,data,ok,8,8,3.8,69.7
awgn,0.0,6,ack-1f,w,2,2,0,ctl,ok,0,0,3.1,69.7
awgn,0.0,6,qpsk-r1/2,w,9,1,0,data,ok,8,8,3.2,69.7
awgn,0.0,6,ack-1f,w,2,2,0,ctl,ok,0,0,5.3,69.7
awgn,0.0,6,qpsk-r1/2,w,9,1,0,data,ok,8,8,3.8,69.7
awgn,0.0,6,ack-1f,w,2,2,0,ctl,ok,0,0,5.2,69.7
awgn,0.0,6,qpsk-r1/2,w,9,1,0,data,ok,8,8,3.6,69.7
awgn,0.0,6,ack-1f,w,2,2,0,ctl,ok,0,0,5.0,69.7
awgn,0.0,6,qpsk-r1/2,w,9,1,0,data,ok,8,8,3.5,69.7
awgn,0.0,6,ack-1f,w,2,2,0,ctl,ok,0,0,2.6,69.7
awgn,0.0,6,qpsk-r1/2,w,9,1,0,data,ok,8,8,3.4,69.7
awgn,0.0,6,ack-1f,w,2,2,0,ctl,ok,0,0,3.9,69.7
awgn,0.0,6,qpsk-r1/2,w,9,1,0,data,ok,8,8,3.6,69.7
awgn,0.0,6,ack-1f,w,2,2,0,ctl,ok,0,0,4.8,69.7
awgn,0.0,6,qpsk-r1/2,w,9,1,0,data,ok,8,8,3.3,69.7
awgn,0.0,6,ack-1f,w,2,2,0,ctl,ok,0,0,3.9,69.7
awgn,0.0,6,qpsk-r1/2,w,9,1,0,data,ok,8,8,3.7,69.7
awgn,0.0,6,ack-1f,w,2,2,0,ctl,ok,0,0,3.7,69.7
awgn,0.0,6,qpsk-r1/2,w,9,1,0,data,ok,8,8,3.5,69.7
awgn,0.0,6,ack-1f,w,2,2,0,ctl,ok,0,0,3.3,69.7
awgn,0.0,6,qpsk-r1/2,w,9,1,0,data,ok,8,8,3.7,69.7
awgn,0.0,6,ack-1f,w,2,2,0,ctl,ok,0,0,3.7,69.7
awgn,0.0,6,qpsk-r1/2,w,9,1,0,data,ok,8,8,3.3,69.7
awgn,0.0,6,ack-1f,w,2,2,0,ctl,ok,0,0,4.4,69.7
awgn,0.0,6,qpsk-r1/2,w,9,1,0,data,ok,8,8,3.6,69.7
awgn,0.0,6,ack-1f,w,2,2,0,ctl,ok,0,0,4.7,69.7
awgn,0.0,6,qpsk-r1/2,w,9,1,0,data,ok,8,8,3.5,69.7
awgn,0.0,6,ack-1f,w,2,2,0,ctl,ok,0,0,4.1,69.7
awgn,0.0,6,qpsk-r1/2,w,9,1,0,data,ok,8,8,3.8,69.7
awgn,0.0,11,qpsk-r1/5,w,1,1,0,ctl,ok,0,0,3.8,70.1
awgn,0.0,11,qpsk-r1/5,w,1,1,0,ctl,ok,0,0,3.8,70.1
awgn,0.0,11,ack-4f,w,3,3,0,ctl,ok,0,0,3.1,70.1
awgn,0.0,11,ack-1f,w,3,3,0,ctl,ok,0,0,3.2,70.1
awgn,0.0,11,qpsk-r1/2,w,9,2,1,data,ok,7,7,3.3,70.1
awgn,0.0,11,ack-1f,w,3,3,0,ctl,ok,0,0,3.5,70.1
awgn,0.0,11,qpsk-r1/2,w,9,2,1,data,ok,7,7,3.6,70.1
awgn,0.0,11,ack-1f,w,3,3,0,ctl,ok,0,0,3.9,70.1
awgn,0.0,11,qpsk-r1/2,w,9,2,1,data,ok,7,7,3.8,70.1
awgn,0.0,11,ack-1f,w,2,2,0,ctl,ok,0,0,5.1,70.1
awgn,0.0,11,qpsk-r1/2,w,9,1,0,data,ok,8,8,3.4,70.1
awgn,0.0,11,ack-1f,w,2,2,0,ctl,ok,0,0,4.2,70.1
awgn,0.0,11,qpsk-r1/2,w,9,1,0,data,ok,8,8,3.7,70.1
awgn,0.0,11,ack-1f,w,2,2,0,ctl,ok,0,0,2.5,70.1
awgn,0.0,11,qpsk-r1/2,w,9,1,0,data,ok,8,8,3.6,70.1
awgn,0.0,11,ack-1f,w,2,2,0,ctl,ok,0,0,4.0,70.1
awgn,0.0,11,qpsk-r1/2,w,9,1,0,data,ok,8,8,3.8,70.1
awgn,0.0,11,ack-1f,w,2,2,0,ctl,ok,0,0,1.5,70.1
awgn,0.0,11,qpsk-r1/2,w,9,1,0,data,ok,8,8,3.6,70.1
awgn,0.0,11,ack-1f,w,2,2,0,ctl,ok,0,0,3.1,70.1
awgn,0.0,11,qpsk-r1/2,w,9,1,0,data,ok,8,8,3.4,70.1
awgn,0.0,11,ack-1f,w,2,2,0,ctl,ok,0,0,3.5,70.1
awgn,0.0,11,qpsk-r1/2,w,9,1,0,data,ok,8,8,3.7,70.1
awgn,0.0,11,ack-1f,w,2,2,0,ctl,ok,0,0,3.4,70.1
awgn,0.0,11,qpsk-r1/2,w,9,1,0,data,ok,8,8,3.2,70.1
awgn,0.0,11,ack-1f,w,2,2,0,ctl,ok,0,0,3.6,70.1
awgn,0.0,11,qpsk-r1/2,w,9,1,0,data,ok,8,8,3.5,70.1
awgn,0.0,11,ack-1f,w,2,2,0,ctl,ok,0,0,4.5,70.1
awgn,0.0,11,qpsk-r1/2,w,9,1,0,data,ok,8,8,3.6,70.1
awgn,0.0,11,ack-1f,w,2,2,0,ctl,ok,0,0,3.4,70.1
awgn,0.0,11,qpsk-r1/2,w,9,1,0,data,ok,8,8,3.3,70.1
awgn,0.0,11,ack-1f,w,2,2,0,ctl,ok,0,0,4.3,70.1
awgn,0.0,11,qpsk-r1/2,w,9,1,0,data,ok,8,8,3.5,70.1
awgn,0.0,11,ack-1f,w,2,2,0,ctl,ok,0,0,3.7,70.1
awgn,0.0,11,qpsk-r1/2,w,9,1,0,data,ok,8,8,3.6,70.1
awgn,0.0,11,ack-1f,w,2,2,0,ctl,ok,0,0,4.2,70.1
awgn,0.0,11,qpsk-r1/2,w,9,1,0,data,ok,8,8,3.7,70.1
awgn,0.0,11,ack-1f,w,2,2,0,ctl,ok,0,0,3.4,70.1
awgn,0.0,11,qpsk-r1/2,w,9,1,0,data,ok,8,8,3.6,70.1
awgn,0.0,11,ack-1f,w,2,2,0,ctl,ok,0,0,4.0,70.1
awgn,0.0,11,qpsk-r1/2,w,9,1,0,data,ok,8,8,3.5,70.1
awgn,0.0,11,ack-1f,w,2,2,0,ctl,ok,0,0,3.5,70.1
awgn,0.0,11,qpsk-r1/2,w,9,1,0,data,ok,8,8,3.4,70.1
awgn,0.0,11,ack-1f,w,2,2,0,ctl,ok,0,0,4.7,70.1
awgn,0.0,11,qpsk-r1/2,w,9,1,0,data,ok,8,8,3.3,70.1
awgn,0.0,11,ack-1f,w,2,2,0,ctl,ok,0,0,3.7,70.1
awgn,0.0,11,qpsk-r1/2,w,9,1,0,data,ok,8,8,3.6,70.1
awgn,0.0,11,ack-1f,w,2,2,0,ctl,ok,0,0,3.5,70.1
awgn,0.0,11,qpsk-r1/2,w,9,1,0,data,ok,8,8,3.6,70.1
awgn,0.0,11,ack-1f,w,2,2,0,ctl,ok,0,0,4.7,70.1
awgn,0.0,11,qpsk-r1/2,w,9,1,0,data,ok,8,8,3.6,70.1
awgn,0.0,11,ack-1f,w,2,2,0,ctl,ok,0,0,4.0,70.1
awgn,0.0,11,qpsk-r1/2,w,9,1,0,data,ok,8,8,3.5,70.1
awgn,0.0,11,ack-1f,w,2,2,0,ctl,ok,0,0,3.4,70.1
awgn,0.0,11,qpsk-r1/2,w,9,1,0,data,ok,8,8,3.5,70.1
awgn,0.0,11,ack-1f,w,2,2,0,ctl,ok,0,0,3.1,70.1
awgn,0.0,11,qpsk-r1/2,w,9,1,0,data,ok,8,8,3.6,70.1
awgn,0.0,11,ack-1f,w,2,2,0,ctl,ok,0,0,4.3,70.1
awgn,0.0,11,qpsk-r1/2,w,9,1,0,data,ok,8,8,3.5,70.1
awgn,0.0,11,ack-1f,w,2,2,0,ctl,ok,0,0,3.6,70.1
awgn,0.0,11,qpsk-r1/2,w,9,1,0,data,ok,8,8,3.7,70.1
awgn,0.0,11,ack-1f,w,2,2,0,ctl,ok,0,0,3.3,70.1
awgn,0.0,11,qpsk-r1/2,w,9,1,0,data,ok,8,8,3.8,70.1
awgn,0.0,11,ack-1f,w,2,2,0,ctl,ok,0,0,4.5,70.1
awgn,0.0,11,qpsk-r1/2,w,9,1,0,data,ok,8,8,3.4,70.1
awgn,0.0,11,ack-1f,w,2,2,0,ctl,ok,0,0,4.2,70.1
awgn,0.0,11,qpsk-r1/2,w,9,1,0,data,ok,8,8,3.8,70.1
awgn,0.0,11,ack-1f,w,2,2,0,ctl,ok,0,0,2.8,70.1
awgn,0.0,11,qpsk-r1/2,w,9,1,0,data,ok,8,8,3.5,70.1
awgn,0.0,11,ack-1f,w,2,2,0,ctl,ok,0,0,4.0,70.1
awgn,0.0,11,qpsk-r1/2,w,9,1,0,data,ok,8,8,3.6,70.1
awgn,0.0,11,ack-1f,w,2,2,0,ctl,ok,0,0,4.2,70.1
awgn,0.0,11,qpsk-r1/2,w,9,1,0,data,ok,8,8,3.8,70.1
awgn,0.0,11,ack-1f,w,2,2,0,ctl,ok,0,0,4.3,70.1
awgn,0.0,11,qpsk-r1/2,w,9,1,0,data,ok,8,8,3.4,70.1
awgn,0.0,11,ack-1f,w,2,2,0,ctl,ok,0,0,4.2,70.1
awgn,0.0,11,qpsk-r1/2,w,9,1,0,data,ok,8,8,3.5,70.1
awgn,0.0,11,ack-1f,w,2,2,0,ctl,ok,0,0,4.1,70.1
awgn,0.0,11,qpsk-r1/2,w,9,1,0,data,ok,8,8,3.5,70.1
awgn,0.0,11,ack-1f,w,2,2,0,ctl,ok,0,0,3.3,70.1
awgn,0.0,11,qpsk-r1/2,w,9,1,0,data,ok,8,8,3.3,70.1
awgn,0.0,11,ack-1f,w,2,2,0,ctl,ok,0,0,3.5,70.1
awgn,0.0,11,qpsk-r1/2,w,9,1,0,data,ok,8,8,3.4,70.1
awgn,0.0,11,ack-1f,w,2,2,0,ctl,ok,0,0,3.2,70.1
awgn,0.0,11,qpsk-r1/2,w,9,1,0,data,ok,8,8,3.7,70.1
awgn,0.0,11,ack-1f,w,2,2,0,ctl,ok,0,0,2.3,70.1
awgn,0.0,11,qpsk-r1/2,w,9,1,0,data,ok,8,8,3.7,70.1
awgn,0.0,11,ack-1f,w,2,2,0,ctl,ok,0,0,3.7,70.1
awgn,0.0,11,qpsk-r1/2,w,9,1,0,data,ok,8,8,3.7,70.1
awgn,0.0,11,ack-1f,w,2,2,0,ctl,ok,0,0,3.9,70.1
awgn,0.0,11,qpsk-r1/2,w,9,1,0,data,ok,8,8,3.7,70.1
awgn,0.0,11,ack-1f,w,2,2,0,ctl,ok,0,0,2.8,70.1
awgn,0.0,11,qpsk-r1/2,w,9,1,0,data,ok,8,8,3.5,70.1
awgn,0.0,11,ack-1f,w,2,2,0,ctl,ok,0,0,3.1,70.1
awgn,0.0,11,qpsk-r1/2,w,9,1,0,data,ok,8,8,3.4,70.1
awgn,0.0,11,ack-1f,w,2,2,0,ctl,ok,0,0,4.0,70.1
awgn,0.0,11,qpsk-r1/2,w,9,1,0,data,ok,8,8,3.5,70.1
awgn,0.0,2,qpsk-r1/5,w,1,1,0,ctl,ok,0,0,3.3,69.7
awgn,0.0,2,qpsk-r1/5,w,1,1,0,ctl,ok,0,0,3.5,69.7
awgn,0.0,2,ack-4f,w,3,3,0,ctl,ok,0,0,3.6,69.7
awgn,0.0,2,ack-1f,w,3,3,0,ctl,ok,0,0,1.9,69.7
awgn,0.0,2,qpsk-r1/2,w,9,2,1,data,ok,7,7,3.6,69.7
awgn,0.0,2,ack-1f,w,3,3,0,ctl,ok,0,0,3.4,69.7
awgn,0.0,2,qpsk-r1/2,w,9,2,1,data,ok,7,7,3.8,69.7
awgn,0.0,2,ack-1f,w,3,3,0,ctl,ok,0,0,3.4,69.7
awgn,0.0,2,qpsk-r1/2,w,9,2,1,data,ok,7,7,3.7,69.7
awgn,0.0,2,ack-1f,w,2,2,0,ctl,ok,0,0,3.3,69.7
awgn,0.0,2,qpsk-r1/2,w,9,1,0,data,ok,8,8,3.4,69.7
awgn,0.0,2,ack-1f,w,3,3,0,ctl,ok,0,0,3.9,69.7
awgn,0.0,2,qpsk-r1/2,w,9,2,1,data,ok,7,7,3.5,69.7
awgn,0.0,2,ack-1f,w,2,2,0,ctl,ok,0,0,3.6,69.7
awgn,0.0,2,qpsk-r1/2,w,9,1,0,data,ok,8,8,3.6,69.7
awgn,0.0,2,ack-1f,w,2,2,0,ctl,ok,0,0,3.2,69.7
awgn,0.0,2,qpsk-r1/2,w,9,1,0,data,ok,8,8,3.5,69.7
awgn,0.0,2,ack-1f,w,2,2,0,ctl,ok,0,0,3.4,69.7
awgn,0.0,2,qpsk-r1/2,w,9,1,0,data,ok,8,8,3.5,69.7
awgn,0.0,2,ack-1f,w,2,2,0,ctl,ok,0,0,3.8,69.7
awgn,0.0,2,qpsk-r1/2,w,9,1,0,data,ok,8,8,3.5,69.7
awgn,0.0,2,ack-1f,w,2,2,0,ctl,ok,0,0,4.2,69.7
awgn,0.0,2,qpsk-r1/2,w,9,1,0,data,ok,8,8,3.4,69.7
awgn,0.0,2,ack-1f,w,2,2,0,ctl,ok,0,0,3.8,69.7
awgn,0.0,2,qpsk-r1/2,w,9,1,0,data,ok,8,8,3.5,69.7
awgn,0.0,2,ack-1f,w,2,2,0,ctl,ok,0,0,3.8,69.7
awgn,0.0,2,qpsk-r1/2,w,9,1,0,data,ok,8,8,3.6,69.7
awgn,0.0,2,ack-1f,w,2,2,0,ctl,ok,0,0,1.7,69.7
awgn,0.0,2,qpsk-r1/2,w,9,1,0,data,ok,8,8,3.4,69.7
awgn,0.0,2,ack-1f,w,2,2,0,ctl,ok,0,0,3.9,69.7
awgn,0.0,2,qpsk-r1/2,w,9,1,0,data,ok,8,8,3.8,69.7
awgn,0.0,2,ack-1f,w,2,2,0,ctl,ok,0,0,3.7,69.7
awgn,0.0,2,qpsk-r1/2,w,9,1,0,data,ok,8,8,3.4,69.7
awgn,0.0,2,ack-1f,w,2,2,0,ctl,ok,0,0,4.8,69.7
awgn,0.0,2,qpsk-r1/2,w,9,1,0,data,ok,8,8,3.3,69.7
awgn,0.0,2,ack-1f,w,2,2,0,ctl,ok,0,0,4.4,69.7
awgn,0.0,2,qpsk-r1/2,w,9,1,0,data,ok,8,8,3.6,69.7
awgn,0.0,2,ack-1f,w,2,2,0,ctl,ok,0,0,3.0,69.7
awgn,0.0,2,qpsk-r1/2,w,9,1,0,data,ok,8,8,3.5,69.7
awgn,0.0,2,ack-1f,w,2,2,0,ctl,ok,0,0,3.2,69.7
awgn,0.0,2,qpsk-r1/2,w,9,1,0,data,ok,8,8,3.4,69.7
awgn,0.0,2,ack-1f,w,2,2,0,ctl,ok,0,0,3.6,69.7
awgn,0.0,2,qpsk-r1/2,w,9,1,0,data,ok,8,8,3.6,69.7
awgn,0.0,2,ack-1f,w,2,2,0,ctl,ok,0,0,3.4,69.7
awgn,0.0,2,qpsk-r1/2,w,9,1,0,data,ok,8,8,3.5,69.7
awgn,0.0,2,ack-1f,w,2,2,0,ctl,ok,0,0,4.0,69.7
awgn,0.0,2,qpsk-r1/2,w,9,1,0,data,ok,8,8,3.2,69.7
awgn,0.0,2,ack-1f,w,2,2,0,ctl,ok,0,0,3.8,69.7
awgn,0.0,2,qpsk-r1/2,w,9,1,0,data,ok,8,8,3.4,69.7
awgn,0.0,2,ack-1f,w,2,2,0,ctl,ok,0,0,3.5,69.7
awgn,0.0,2,qpsk-r1/2,w,9,1,0,data,ok,8,8,3.6,69.7
awgn,0.0,2,ack-1f,w,2,2,0,ctl,ok,0,0,4.8,69.7
awgn,0.0,2,qpsk-r1/2,w,9,1,0,data,ok,8,8,3.5,69.7
awgn,0.0,2,ack-1f,w,2,2,0,ctl,ok,0,0,4.3,69.7
awgn,0.0,2,qpsk-r1/2,w,9,1,0,data,ok,8,8,3.5,69.7
awgn,0.0,2,ack-1f,w,2,2,0,ctl,ok,0,0,3.7,69.7
awgn,0.0,2,qpsk-r1/2,w,9,1,0,data,ok,8,8,3.5,69.7
awgn,0.0,2,ack-1f,w,2,2,0,ctl,ok,0,0,5.0,69.7
awgn,0.0,2,qpsk-r1/2,w,9,1,0,data,ok,8,8,3.8,69.7
awgn,0.0,2,ack-1f,w,2,2,0,ctl,ok,0,0,3.7,69.7
awgn,0.0,2,qpsk-r1/2,w,9,1,0,data,ok,8,8,3.6,69.7
awgn,0.0,2,ack-1f,w,2,2,0,ctl,ok,0,0,3.9,69.7
awgn,0.0,2,qpsk-r1/2,w,9,1,0,data,ok,8,8,3.4,69.7
awgn,0.0,2,ack-1f,w,2,2,0,ctl,ok,0,0,4.5,69.7
awgn,0.0,2,qpsk-r1/2,w,9,1,0,data,ok,8,8,3.7,69.7
awgn,0.0,2,ack-1f,w,2,2,0,ctl,ok,0,0,4.0,69.7
awgn,0.0,2,qpsk-r1/2,w,9,1,0,data,ok,8,8,3.4,69.7
awgn,0.0,2,ack-1f,w,2,2,0,ctl,ok,0,0,4.2,69.7
awgn,0.0,2,qpsk-r1/2,w,9,1,0,data,ok,8,8,3.6,69.7
awgn,0.0,2,ack-1f,w,2,2,0,ctl,ok,0,0,3.4,69.7
awgn,0.0,2,qpsk-r1/2,w,9,1,0,data,ok,8,8,3.6,69.7
awgn,0.0,2,ack-1f,w,2,2,0,ctl,ok,0,0,4.2,69.7
awgn,0.0,2,qpsk-r1/2,w,9,1,0,data,ok,8,8,3.5,69.7
awgn,0.0,2,ack-1f,w,2,2,0,ctl,ok,0,0,3.0,69.7
awgn,0.0,2,qpsk-r1/2,w,9,1,0,data,ok,8,8,3.7,69.7
awgn,0.0,2,ack-1f,w,2,2,0,ctl,ok,0,0,4.1,69.7
awgn,0.0,2,qpsk-r1/2,w,9,1,0,data,ok,8,8,3.6,69.7
awgn,0.0,2,ack-1f,w,2,2,0,ctl,ok,0,0,3.3,69.7
awgn,0.0,2,qpsk-r1/2,w,9,1,0,data,ok,8,8,3.6,69.7
awgn,0.0,2,ack-1f,w,2,2,0,ctl,ok,0,0,4.0,69.7
awgn,0.0,2,qpsk-r1/2,w,9,1,0,data,ok,8,8,3.7,69.7
awgn,0.0,2,ack-1f,w,2,2,0,ctl,ok,0,0,4.6,69.7
awgn,0.0,2,qpsk-r1/2,w,9,1,0,data,ok,8,8,3.7,69.7
awgn,0.0,2,ack-1f,w,2,2,0,ctl,ok,0,0,4.0,69.7
awgn,0.0,2,qpsk-r1/2,w,9,1,0,data,ok,8,8,3.5,69.7
awgn,0.0,2,ack-1f,w,2,2,0,ctl,ok,0,0,3.2,69.7
awgn,0.0,2,qpsk-r1/2,w,9,1,0,data,ok,8,8,3.5,69.7
awgn,0.0,2,ack-1f,w,2,2,0,ctl,ok,0,0,2.6,69.7
awgn,0.0,2,qpsk-r1/2,w,9,1,0,data,ok,8,8,3.6,69.7
awgn,0.0,2,ack-1f,w,2,2,0,ctl,ok,0,0,3.8,69.7
awgn,0.0,2,qpsk-r1/2,w,9,1,0,data,ok,8,8,3.6,69.7
awgn,0.0,2,ack-1f,w,2,2,0,ctl,ok,0,0,4.1,69.7
awgn,0.0,2,qpsk-r1/2,w,9,1,0,data,ok,8,8,3.5,69.7
awgn,0.0,2,ack-1f,w,2,2,0,ctl,ok,0,0,3.7,69.7
awgn,0.0,2,qpsk-r1/2,w,9,1,0,data,ok,8,8,3.6,69.7
awgn,0.0,2,ack-1f,w,2,2,0,ctl,ok,0,0,4.3,69.7
awgn,0.0,2,qpsk-r1/2,w,9,1,0,data,ok,8,8,3.5,69.7
awgn,0.0,3,qpsk-r1/5,w,1,1,0,ctl,ok,0,0,3.7,69.7
awgn,0.0,3,qpsk-r1/5,w,1,1,0,ctl,ok,0,0,4.0,69.7
awgn,0.0,3,ack-4f,w,3,3,0,ctl,ok,0,0,3.1,69.7
awgn,0.0,3,ack-1f,w,3,3,0,ctl,ok,0,0,3.9,69.7
awgn,0.0,3,qpsk-r1/2,w,9,2,1,data,ok,7,7,3.6,69.7
awgn,0.0,3,ack-1f,w,3,3,0,ctl,ok,0,0,3.2,69.7
awgn,0.0,3,qpsk-r1/2,w,9,2,1,data,ok,7,7,3.6,69.7
awgn,0.0,3,ack-1f,w,3,3,0,ctl,ok,0,0,3.8,69.7
awgn,0.0,3,qpsk-r1/2,w,9,2,1,data,ok,7,7,3.5,69.7
awgn,0.0,3,ack-1f,w,3,3,0,ctl,ok,0,0,3.1,69.7
awgn,0.0,3,qpsk-r1/2,w,9,2,1,data,ok,7,7,3.5,69.7
awgn,0.0,3,ack-1f,w,3,3,0,ctl,ok,0,0,4.2,69.7
awgn,0.0,3,qpsk-r1/2,w,9,2,1,data,ok,7,7,3.7,69.7
awgn,0.0,3,ack-1f,w,2,2,0,ctl,ok,0,0,4.2,69.7
awgn,0.0,3,qpsk-r1/2,w,9,1,0,data,ok,8,8,3.7,69.7
awgn,0.0,3,ack-1f,w,2,2,0,ctl,ok,0,0,5.2,69.7
awgn,0.0,3,qpsk-r1/2,w,9,1,0,data,ok,8,8,3.4,69.7
awgn,0.0,3,ack-1f,w,2,2,0,ctl,ok,0,0,3.4,69.7
awgn,0.0,3,qpsk-r1/2,w,9,1,0,data,ok,8,8,3.6,69.7
awgn,0.0,3,ack-1f,w,2,2,0,ctl,ok,0,0,4.2,69.7
awgn,0.0,3,qpsk-r1/2,w,9,1,0,data,ok,8,8,3.6,69.7
awgn,0.0,3,ack-1f,w,2,2,0,ctl,ok,0,0,5.2,69.7
awgn,0.0,3,qpsk-r1/2,w,9,1,0,data,ok,8,8,3.6,69.7
awgn,0.0,3,ack-1f,w,2,2,0,ctl,ok,0,0,2.8,69.7
awgn,0.0,3,qpsk-r1/2,w,9,1,0,data,ok,8,8,3.5,69.7
awgn,0.0,3,ack-1f,w,2,2,0,ctl,ok,0,0,3.9,69.7
awgn,0.0,3,qpsk-r1/2,w,9,1,0,data,ok,8,8,3.4,69.7
awgn,0.0,3,ack-1f,w,2,2,0,ctl,ok,0,0,3.7,69.7
awgn,0.0,3,qpsk-r1/2,w,9,1,0,data,ok,8,8,3.3,69.7
awgn,0.0,3,ack-1f,w,2,2,0,ctl,ok,0,0,3.0,69.7
awgn,0.0,3,qpsk-r1/2,w,9,1,0,data,ok,8,8,3.5,69.7
awgn,0.0,3,ack-1f,w,2,2,0,ctl,ok,0,0,4.2,69.7
awgn,0.0,3,qpsk-r1/2,w,9,1,0,data,ok,8,8,3.6,69.7
awgn,0.0,3,ack-1f,w,2,2,0,ctl,ok,0,0,3.3,69.7
awgn,0.0,3,qpsk-r1/2,w,9,1,0,data,ok,8,8,3.4,69.7
awgn,0.0,3,ack-1f,w,2,2,0,ctl,ok,0,0,4.4,69.7
awgn,0.0,3,qpsk-r1/2,w,9,1,0,data,ok,8,8,3.6,69.7
awgn,0.0,3,ack-1f,w,2,2,0,ctl,ok,0,0,4.3,69.7
awgn,0.0,3,qpsk-r1/2,w,9,1,0,data,ok,8,8,3.6,69.7
awgn,0.0,3,ack-1f,w,2,2,0,ctl,ok,0,0,3.8,69.7
awgn,0.0,3,qpsk-r1/2,w,9,1,0,data,ok,8,8,3.4,69.7
awgn,0.0,3,ack-1f,w,2,2,0,ctl,ok,0,0,3.6,69.7
awgn,0.0,3,qpsk-r1/2,w,9,1,0,data,ok,8,8,3.6,69.7
awgn,0.0,3,ack-1f,w,2,2,0,ctl,ok,0,0,1.3,69.7
awgn,0.0,3,qpsk-r1/2,w,9,1,0,data,ok,8,8,3.4,69.7
awgn,0.0,3,ack-1f,w,2,2,0,ctl,ok,0,0,2.1,69.7
awgn,0.0,3,qpsk-r1/2,w,9,1,0,data,ok,8,8,3.5,69.7
awgn,0.0,3,ack-1f,w,2,2,0,ctl,ok,0,0,4.5,69.7
awgn,0.0,3,qpsk-r1/2,w,9,1,0,data,ok,8,8,3.5,69.7
awgn,0.0,3,ack-1f,w,2,2,0,ctl,ok,0,0,3.2,69.7
awgn,0.0,3,qpsk-r1/2,w,9,1,0,data,ok,8,8,3.5,69.7
awgn,0.0,3,ack-1f,w,2,2,0,ctl,ok,0,0,4.4,69.7
awgn,0.0,3,qpsk-r1/2,w,9,1,0,data,ok,8,8,3.3,69.7
awgn,0.0,3,ack-1f,w,2,2,0,ctl,ok,0,0,4.2,69.7
awgn,0.0,3,qpsk-r1/2,w,9,1,0,data,ok,8,8,3.6,69.7
awgn,0.0,3,ack-1f,w,2,2,0,ctl,ok,0,0,4.0,69.7
awgn,0.0,3,qpsk-r1/2,w,9,1,0,data,ok,8,8,3.6,69.7
awgn,0.0,3,ack-1f,w,2,2,0,ctl,ok,0,0,4.5,69.7
awgn,0.0,3,qpsk-r1/2,w,9,1,0,data,ok,8,8,3.4,69.7
awgn,0.0,3,ack-1f,w,2,2,0,ctl,ok,0,0,3.0,69.7
awgn,0.0,3,qpsk-r1/2,w,9,1,0,data,ok,8,8,3.8,69.7
awgn,0.0,3,ack-1f,w,2,2,0,ctl,ok,0,0,5.2,69.7
awgn,0.0,3,qpsk-r1/2,w,9,1,0,data,ok,8,8,3.7,69.7
awgn,0.0,3,ack-1f,w,2,2,0,ctl,ok,0,0,3.2,69.7
awgn,0.0,3,qpsk-r1/2,w,9,1,0,data,ok,8,8,3.8,69.7
awgn,0.0,3,ack-1f,w,2,2,0,ctl,ok,0,0,3.2,69.7
awgn,0.0,3,qpsk-r1/2,w,9,1,0,data,ok,8,8,3.2,69.7
awgn,0.0,3,ack-1f,w,2,2,0,ctl,ok,0,0,3.2,69.7
awgn,0.0,3,qpsk-r1/2,w,9,1,0,data,ok,8,8,3.5,69.7
awgn,0.0,3,ack-1f,w,2,2,0,ctl,ok,0,0,3.9,69.7
awgn,0.0,3,qpsk-r1/2,w,9,1,0,data,ok,8,8,3.7,69.7
awgn,0.0,3,ack-1f,w,2,2,0,ctl,ok,0,0,3.5,69.7
awgn,0.0,3,qpsk-r1/2,w,9,1,0,data,ok,8,8,3.4,69.7
awgn,0.0,3,ack-1f,w,2,2,0,ctl,ok,0,0,3.3,69.7
awgn,0.0,3,qpsk-r1/2,w,9,1,0,data,ok,8,8,3.8,69.7
awgn,0.0,3,ack-1f,w,2,2,0,ctl,ok,0,0,4.1,69.7
awgn,0.0,3,qpsk-r1/2,w,9,1,0,data,ok,8,8,3.6,69.7
awgn,0.0,3,ack-1f,w,2,2,0,ctl,ok,0,0,5.3,69.7
awgn,0.0,3,qpsk-r1/2,w,9,1,0,data,ok,8,8,3.6,69.7
awgn,0.0,3,ack-1f,w,2,2,0,ctl,ok,0,0,3.2,69.7
awgn,0.0,3,qpsk-r1/2,w,9,1,0,data,ok,8,8,3.7,69.7
awgn,0.0,3,ack-1f,w,2,2,0,ctl,ok,0,0,3.2,69.7
awgn,0.0,3,qpsk-r1/2,w,9,1,0,data,ok,8,8,3.4,69.7
awgn,0.0,3,ack-1f,w,2,2,0,ctl,ok,0,0,3.6,69.7
awgn,0.0,3,qpsk-r1/2,w,9,1,0,data,ok,8,8,3.6,69.7
awgn,0.0,3,ack-1f,w,2,2,0,ctl,ok,0,0,3.6,69.7
awgn,0.0,3,qpsk-r1/2,w,9,1,0,data,ok,8,8,3.7,69.7
awgn,0.0,3,ack-1f,w,2,2,0,ctl,ok,0,0,3.3,69.7
awgn,0.0,3,qpsk-r1/2,w,9,1,0,data,ok,8,8,3.6,69.7
awgn,0.0,3,ack-1f,w,2,2,0,ctl,ok,0,0,4.6,69.7
awgn,0.0,3,qpsk-r1/2,w,9,1,0,data,ok,8,8,3.3,69.7
awgn,0.0,3,ack-1f,w,2,2,0,ctl,ok,0,0,3.8,69.7
awgn,0.0,3,qpsk-r1/2,w,9,1,0,data,ok,8,8,3.5,69.7
awgn,0.0,3,ack-1f,w,2,2,0,ctl,ok,0,0,3.2,69.7
awgn,0.0,3,qpsk-r1/2,w,9,1,0,data,ok,8,8,3.7,69.7
awgn,0.0,3,ack-1f,w,2,2,0,ctl,ok,0,0,3.4,69.7
awgn,0.0,3,qpsk-r1/2,w,9,1,0,data,ok,8,8,3.4,69.7
awgn,0.0,0,qpsk-r1/5,w,1,1,0,ctl,ok,0,0,3.8,69.7
awgn,0.0,0,qpsk-r1/5,w,1,1,0,ctl,ok,0,0,3.5,69.7
awgn,0.0,0,ack-4f,w,3,3,0,ctl,ok,0,0,3.6,69.7
awgn,0.0,0,ack-1f,w,3,3,0,ctl,ok,0,0,3.4,69.7
awgn,0.0,0,qpsk-r1/2,w,9,2,1,data,ok,7,7,3.7,69.7
awgn,0.0,0,ack-1f,w,3,3,0,ctl,ok,0,0,3.8,69.7
awgn,0.0,0,qpsk-r1/2,w,9,2,1,data,ok,7,7,3.3,69.7
awgn,0.0,0,ack-1f,w,3,3,0,ctl,ok,0,0,3.5,69.7
awgn,0.0,0,qpsk-r1/2,w,9,2,1,data,ok,7,7,3.4,69.7
awgn,0.0,0,ack-1f,w,3,3,0,ctl,ok,0,0,4.0,69.7
awgn,0.0,0,qpsk-r1/2,w,9,2,1,data,ok,7,7,3.5,69.7
awgn,0.0,0,ack-1f,w,3,3,0,ctl,ok,0,0,3.8,69.7
awgn,0.0,0,qpsk-r1/2,w,9,2,1,data,ok,7,7,3.4,69.7
awgn,0.0,0,ack-1f,w,2,2,0,ctl,ok,0,0,4.3,69.7
awgn,0.0,0,qpsk-r1/2,w,9,1,0,data,ok,8,8,3.5,69.7
awgn,0.0,0,ack-1f,w,2,2,0,ctl,ok,0,0,3.2,69.7
awgn,0.0,0,qpsk-r1/2,w,9,1,0,data,ok,8,8,3.4,69.7
awgn,0.0,0,ack-1f,w,2,2,0,ctl,ok,0,0,2.9,69.7
awgn,0.0,0,qpsk-r1/2,w,9,1,0,data,ok,8,8,3.5,69.7
awgn,0.0,0,ack-1f,w,2,2,0,ctl,ok,0,0,3.6,69.7
awgn,0.0,0,qpsk-r1/2,w,9,1,0,data,ok,8,8,3.4,69.7
awgn,0.0,0,ack-1f,w,2,2,0,ctl,ok,0,0,3.0,69.7
awgn,0.0,0,qpsk-r1/2,w,9,1,0,data,ok,8,8,3.5,69.7
awgn,0.0,0,ack-1f,w,2,2,0,ctl,ok,0,0,5.2,69.7
awgn,0.0,0,qpsk-r1/2,w,9,1,0,data,ok,8,8,3.4,69.7
awgn,0.0,0,ack-1f,w,2,2,0,ctl,ok,0,0,4.2,69.7
awgn,0.0,0,qpsk-r1/2,w,9,1,0,data,ok,8,8,3.4,69.7
awgn,0.0,0,ack-1f,w,2,2,0,ctl,ok,0,0,2.9,69.7
awgn,0.0,0,qpsk-r1/2,w,9,1,0,data,ok,8,8,3.4,69.7
awgn,0.0,0,ack-1f,w,2,2,0,ctl,ok,0,0,2.8,69.7
awgn,0.0,0,qpsk-r1/2,w,9,1,0,data,ok,8,8,3.7,69.7
awgn,0.0,0,ack-1f,w,2,2,0,ctl,ok,0,0,3.9,69.7
awgn,0.0,0,qpsk-r1/2,w,9,1,0,data,ok,8,8,3.6,69.7
awgn,0.0,0,ack-1f,w,2,2,0,ctl,ok,0,0,4.1,69.7
awgn,0.0,0,qpsk-r1/2,w,9,1,0,data,ok,8,8,3.7,69.7
awgn,0.0,0,ack-1f,w,2,2,0,ctl,ok,0,0,3.7,69.7
awgn,0.0,0,qpsk-r1/2,w,9,1,0,data,ok,8,8,3.7,69.7
awgn,0.0,0,ack-1f,w,2,2,0,ctl,ok,0,0,3.9,69.7
awgn,0.0,0,qpsk-r1/2,w,9,1,0,data,ok,8,8,3.5,69.7
awgn,0.0,0,ack-1f,w,2,2,0,ctl,ok,0,0,4.1,69.7
awgn,0.0,0,qpsk-r1/2,w,9,1,0,data,ok,8,8,3.6,69.7
awgn,0.0,0,ack-1f,w,2,2,0,ctl,ok,0,0,4.2,69.7
awgn,0.0,0,qpsk-r1/2,w,9,1,0,data,ok,8,8,3.6,69.7
awgn,0.0,0,ack-1f,w,2,2,0,ctl,ok,0,0,2.4,69.7
awgn,0.0,0,qpsk-r1/2,w,9,1,0,data,ok,8,8,3.6,69.7
awgn,0.0,0,ack-1f,w,2,2,0,ctl,ok,0,0,3.5,69.7
awgn,0.0,0,qpsk-r1/2,w,9,1,0,data,ok,8,8,3.4,69.7
awgn,0.0,0,ack-1f,w,2,2,0,ctl,ok,0,0,3.2,69.7
awgn,0.0,0,qpsk-r1/2,w,9,1,0,data,ok,8,8,3.4,69.7
awgn,0.0,0,ack-1f,w,2,2,0,ctl,ok,0,0,3.7,69.7
awgn,0.0,0,qpsk-r1/2,w,9,1,0,data,ok,8,8,3.4,69.7
awgn,0.0,0,ack-1f,w,2,2,0,ctl,ok,0,0,3.7,69.7
awgn,0.0,0,qpsk-r1/2,w,9,1,0,data,ok,8,8,3.6,69.7
awgn,0.0,0,ack-1f,w,2,2,0,ctl,ok,0,0,4.1,69.7
awgn,0.0,0,qpsk-r1/2,w,9,1,0,data,ok,8,8,3.2,69.7
awgn,0.0,0,ack-1f,w,2,2,0,ctl,ok,0,0,3.9,69.7
awgn,0.0,0,qpsk-r1/2,w,9,1,0,data,ok,8,8,3.5,69.7
awgn,0.0,0,ack-1f,w,2,2,0,ctl,ok,0,0,2.8,69.7
awgn,0.0,0,qpsk-r1/2,w,9,1,0,data,ok,8,8,3.6,69.7
awgn,0.0,0,ack-1f,w,2,2,0,ctl,ok,0,0,2.9,69.7
awgn,0.0,0,qpsk-r1/2,w,9,1,0,data,ok,8,8,3.4,69.7
awgn,0.0,0,ack-1f,w,2,2,0,ctl,ok,0,0,4.5,69.7
awgn,0.0,0,qpsk-r1/2,w,9,1,0,data,ok,8,8,3.4,69.7
awgn,0.0,0,ack-1f,w,2,2,0,ctl,ok,0,0,3.6,69.7
awgn,0.0,0,qpsk-r1/2,w,9,1,0,data,ok,8,8,3.7,69.7
awgn,0.0,0,ack-1f,w,2,2,0,ctl,ok,0,0,4.8,69.7
awgn,0.0,0,qpsk-r1/2,w,9,1,0,data,ok,8,8,3.7,69.7
awgn,0.0,0,ack-1f,w,2,2,0,ctl,ok,0,0,3.5,69.7
awgn,0.0,0,qpsk-r1/2,w,9,1,0,data,ok,8,8,3.4,69.7
awgn,0.0,0,ack-1f,w,2,2,0,ctl,ok,0,0,3.2,69.7
awgn,0.0,0,qpsk-r1/2,w,9,1,0,data,ok,8,8,3.5,69.7
awgn,0.0,0,ack-1f,w,2,2,0,ctl,ok,0,0,3.9,69.7
awgn,0.0,0,qpsk-r1/2,w,9,1,0,data,ok,8,8,3.5,69.7
awgn,0.0,0,ack-1f,w,2,2,0,ctl,ok,0,0,3.1,69.7
awgn,0.0,0,qpsk-r1/2,w,9,1,0,data,ok,8,8,3.6,69.7
awgn,0.0,0,ack-1f,w,2,2,0,ctl,ok,0,0,3.7,69.7
awgn,0.0,0,qpsk-r1/2,w,9,1,0,data,ok,8,8,3.5,69.7
awgn,0.0,0,ack-1f,w,2,2,0,ctl,ok,0,0,4.5,69.7
awgn,0.0,0,qpsk-r1/2,w,9,1,0,data,ok,8,8,3.4,69.7
awgn,0.0,0,ack-1f,w,2,2,0,ctl,ok,0,0,4.3,69.7
awgn,0.0,0,qpsk-r1/2,w,9,1,0,data,ok,8,8,3.4,69.7
awgn,0.0,0,ack-1f,w,2,2,0,ctl,ok,0,0,4.6,69.7
awgn,0.0,0,qpsk-r1/2,w,9,1,0,data,ok,8,8,3.3,69.7
awgn,0.0,0,ack-1f,w,2,2,0,ctl,ok,0,0,3.4,69.7
awgn,0.0,0,qpsk-r1/2,w,9,1,0,data,ok,8,8,3.6,69.7
awgn,0.0,0,ack-1f,w,2,2,0,ctl,ok,0,0,3.8,69.7
awgn,0.0,0,qpsk-r1/2,w,9,1,0,data,ok,8,8,3.6,69.7
awgn,0.0,0,ack-1f,w,2,2,0,ctl,ok,0,0,2.9,69.7
awgn,0.0,0,qpsk-r1/2,w,9,1,0,data,ok,8,8,3.7,69.7
awgn,0.0,0,ack-1f,w,2,2,0,ctl,ok,0,0,3.8,69.7
awgn,0.0,0,qpsk-r1/2,w,9,1,0,data,ok,8,8,3.6,69.7
awgn,0.0,0,ack-1f,w,2,2,0,ctl,ok,0,0,4.4,69.7
awgn,0.0,0,qpsk-r1/2,w,9,1,0,data,ok,8,8,3.7,69.7
awgn,0.0,0,ack-1f,w,2,2,0,ctl,ok,0,0,2.3,69.7
awgn,0.0,0,qpsk-r1/2,w,9,1,0,data,ok,8,8,3.3,69.7
awgn,0.0,0,ack-1f,w,2,2,0,ctl,ok,0,0,3.6,69.7
awgn,0.0,0,qpsk-r1/2,w,9,1,0,data,ok,8,8,3.6,69.7
awgn,0.0,7,qpsk-r1/5,w,1,1,0,ctl,ok,0,0,3.7,69.7
awgn,0.0,7,qpsk-r1/5,w,1,1,0,ctl,ok,0,0,4.3,69.7
awgn,0.0,7,ack-4f,w,3,3,0,ctl,ok,0,0,4.1,69.7
awgn,0.0,7,ack-1f,w,3,3,0,ctl,ok,0,0,3.9,69.7
awgn,0.0,7,qpsk-r1/2,w,9,2,1,data,ok,7,7,3.5,69.7
awgn,0.0,7,ack-1f,w,3,3,0,ctl,ok,0,0,3.3,69.7
awgn,0.0,7,qpsk-r1/2,w,9,2,1,data,ok,7,7,3.5,69.7
awgn,0.0,7,ack-1f,w,3,3,0,ctl,ok,0,0,3.9,69.7
awgn,0.0,7,qpsk-r1/2,w,9,2,1,data,ok,7,7,3.5,69.7
awgn,0.0,7,ack-1f,w,3,3,0,ctl,ok,0,0,3.7,69.7
awgn,0.0,7,qpsk-r1/2,w,9,2,1,data,ok,7,7,3.6,69.7
awgn,0.0,7,ack-1f,w,3,3,0,ctl,ok,0,0,3.1,69.7
awgn,0.0,7,qpsk-r1/2,w,9,2,1,data,ok,7,7,3.6,69.7
awgn,0.0,7,ack-1f,w,2,2,0,ctl,ok,0,0,5.4,69.7
awgn,0.0,7,qpsk-r1/2,w,9,1,0,data,ok,8,8,3.6,69.7
awgn,0.0,7,ack-1f,w,2,2,0,ctl,ok,0,0,3.3,69.7
awgn,0.0,7,qpsk-r1/2,w,9,1,0,data,ok,8,8,3.6,69.7
awgn,0.0,7,ack-1f,w,2,2,0,ctl,ok,0,0,3.6,69.7
awgn,0.0,7,qpsk-r1/2,w,9,1,0,data,ok,8,8,3.5,69.7
awgn,0.0,7,ack-1f,w,2,2,0,ctl,ok,0,0,4.7,69.7
awgn,0.0,7,qpsk-r1/2,w,9,1,0,data,ok,8,8,3.4,69.7
awgn,0.0,7,ack-1f,w,2,2,0,ctl,ok,0,0,3.2,69.7
awgn,0.0,7,qpsk-r1/2,w,9,1,0,data,ok,8,8,3.4,69.7
awgn,0.0,7,ack-1f,w,2,2,0,ctl,ok,0,0,4.2,69.7
awgn,0.0,7,qpsk-r1/2,w,9,1,0,data,ok,8,8,3.5,69.7
awgn,0.0,7,ack-1f,w,2,2,0,ctl,ok,0,0,3.6,69.7
awgn,0.0,7,qpsk-r1/2,w,9,1,0,data,ok,8,8,3.4,69.7
awgn,0.0,7,ack-1f,w,2,2,0,ctl,ok,0,0,4.4,69.7
awgn,0.0,7,qpsk-r1/2,w,9,1,0,data,ok,8,8,3.6,69.7
awgn,0.0,7,ack-1f,w,2,2,0,ctl,ok,0,0,2.8,69.7
awgn,0.0,7,qpsk-r1/2,w,9,1,0,data,ok,8,8,3.5,69.7
awgn,0.0,7,ack-1f,w,2,2,0,ctl,ok,0,0,4.0,69.7
awgn,0.0,7,qpsk-r1/2,w,9,1,0,data,ok,8,8,3.6,69.7
awgn,0.0,7,ack-1f,w,2,2,0,ctl,ok,0,0,3.1,69.7
awgn,0.0,7,qpsk-r1/2,w,9,1,0,data,ok,8,8,3.5,69.7
awgn,0.0,7,ack-1f,w,2,2,0,ctl,ok,0,0,3.8,69.7
awgn,0.0,7,qpsk-r1/2,w,9,1,0,data,ok,8,8,3.6,69.7
awgn,0.0,7,ack-1f,w,2,2,0,ctl,ok,0,0,4.2,69.7
awgn,0.0,7,qpsk-r1/2,w,9,1,0,data,ok,8,8,3.6,69.7
awgn,0.0,7,ack-1f,w,2,2,0,ctl,ok,0,0,4.4,69.7
awgn,0.0,7,qpsk-r1/2,w,9,1,0,data,ok,8,8,3.6,69.7
awgn,0.0,7,ack-1f,w,2,2,0,ctl,ok,0,0,3.4,69.7
awgn,0.0,7,qpsk-r1/2,w,9,1,0,data,ok,8,8,3.5,69.7
awgn,0.0,7,ack-1f,w,2,2,0,ctl,ok,0,0,1.5,69.7
awgn,0.0,7,qpsk-r1/2,w,9,1,0,data,ok,8,8,3.7,69.7
awgn,0.0,7,ack-1f,w,2,2,0,ctl,ok,0,0,3.0,69.7
awgn,0.0,7,qpsk-r1/2,w,9,1,0,data,ok,8,8,3.6,69.7
awgn,0.0,7,ack-1f,w,2,2,0,ctl,ok,0,0,2.4,69.7
awgn,0.0,7,qpsk-r1/2,w,9,1,0,data,ok,8,8,3.4,69.7
awgn,0.0,7,ack-1f,w,2,2,0,ctl,ok,0,0,4.1,69.7
awgn,0.0,7,qpsk-r1/2,w,9,1,0,data,ok,8,8,3.6,69.7
awgn,0.0,7,ack-1f,w,2,2,0,ctl,ok,0,0,3.9,69.7
awgn,0.0,7,qpsk-r1/2,w,9,1,0,data,ok,8,8,3.5,69.7
awgn,0.0,7,ack-1f,w,2,2,0,ctl,ok,0,0,4.5,69.7
awgn,0.0,7,qpsk-r1/2,w,9,1,0,data,ok,8,8,3.5,69.7
awgn,0.0,7,ack-1f,w,2,2,0,ctl,ok,0,0,3.4,69.7
awgn,0.0,7,qpsk-r1/2,w,9,1,0,data,ok,8,8,3.6,69.7
awgn,0.0,7,ack-1f,w,2,2,0,ctl,ok,0,0,3.9,69.7
awgn,0.0,7,qpsk-r1/2,w,9,1,0,data,ok,8,8,3.4,69.7
awgn,0.0,7,ack-1f,w,2,2,0,ctl,ok,0,0,3.6,69.7
awgn,0.0,7,qpsk-r1/2,w,9,1,0,data,ok,8,8,3.7,69.7
awgn,0.0,7,ack-1f,w,2,2,0,ctl,ok,0,0,3.9,69.7
awgn,0.0,7,qpsk-r1/2,w,9,1,0,data,ok,8,8,3.7,69.7
awgn,0.0,7,ack-1f,w,2,2,0,ctl,ok,0,0,4.3,69.7
awgn,0.0,7,qpsk-r1/2,w,9,1,0,data,ok,8,8,3.7,69.7
awgn,0.0,7,ack-1f,w,2,2,0,ctl,ok,0,0,3.9,69.7
awgn,0.0,7,qpsk-r1/2,w,9,1,0,data,ok,8,8,3.4,69.7
awgn,0.0,7,ack-1f,w,2,2,0,ctl,ok,0,0,4.0,69.7
awgn,0.0,7,qpsk-r1/2,w,9,1,0,data,ok,8,8,3.7,69.7
awgn,0.0,7,ack-1f,w,2,2,0,ctl,ok,0,0,4.1,69.7
awgn,0.0,7,qpsk-r1/2,w,9,1,0,data,ok,8,8,3.4,69.7
awgn,0.0,7,ack-1f,w,2,2,0,ctl,ok,0,0,4.2,69.7
awgn,0.0,7,qpsk-r1/2,w,9,1,0,data,ok,8,8,3.7,69.7
awgn,0.0,7,ack-1f,w,2,2,0,ctl,ok,0,0,4.1,69.7
awgn,0.0,7,qpsk-r1/2,w,9,1,0,data,ok,8,8,3.5,69.7
awgn,0.0,7,ack-1f,w,2,2,0,ctl,ok,0,0,3.5,69.7
awgn,0.0,7,qpsk-r1/2,w,9,1,0,data,ok,8,8,3.6,69.7
awgn,0.0,7,ack-1f,w,2,2,0,ctl,ok,0,0,4.6,69.7
awgn,0.0,7,qpsk-r1/2,w,9,1,0,data,ok,8,8,3.3,69.7
awgn,0.0,7,ack-1f,w,2,2,0,ctl,ok,0,0,3.8,69.7
awgn,0.0,7,qpsk-r1/2,w,9,1,0,data,ok,8,8,3.7,69.7
awgn,0.0,7,ack-1f,w,2,2,0,ctl,ok,0,0,4.2,69.7
awgn,0.0,7,qpsk-r1/2,w,9,1,0,data,ok,8,8,3.5,69.7
awgn,0.0,7,ack-1f,w,2,2,0,ctl,ok,0,0,4.2,69.7
awgn,0.0,7,qpsk-r1/2,w,9,1,0,data,ok,8,8,3.4,69.7
awgn,0.0,7,ack-1f,w,2,2,0,ctl,ok,0,0,4.2,69.7
awgn,0.0,7,qpsk-r1/2,w,9,1,0,data,ok,8,8,3.6,69.7
awgn,0.0,7,ack-1f,w,2,2,0,ctl,ok,0,0,3.4,69.7
awgn,0.0,7,qpsk-r1/2,w,9,1,0,data,ok,8,8,3.3,69.7
awgn,0.0,7,ack-1f,w,2,2,0,ctl,ok,0,0,4.6,69.7
awgn,0.0,7,qpsk-r1/2,w,9,1,0,data,ok,8,8,3.6,69.7
awgn,0.0,7,ack-1f,w,2,2,0,ctl,ok,0,0,2.7,69.7
awgn,0.0,7,qpsk-r1/2,w,9,1,0,data,ok,8,8,3.6,69.7
awgn,0.0,7,ack-1f,w,2,2,0,ctl,ok,0,0,3.8,69.7
awgn,0.0,7,qpsk-r1/2,w,9,1,0,data,ok,8,8,3.4,69.7
awgn,0.0,7,ack-1f,w,2,2,0,ctl,ok,0,0,5.3,69.7
awgn,0.0,7,qpsk-r1/2,w,9,1,0,data,ok,8,8,3.5,69.7
awgn,0.0,1,qpsk-r1/5,w,1,1,0,ctl,ok,0,0,3.6,69.7
awgn,0.0,1,qpsk-r1/5,w,1,1,0,ctl,ok,0,0,3.1,69.7
awgn,0.0,1,ack-4f,w,3,3,0,ctl,ok,0,0,3.6,69.7
awgn,0.0,1,ack-1f,w,3,3,0,ctl,ok,0,0,4.4,69.7
awgn,0.0,1,qpsk-r1/2,w,9,2,1,data,ok,7,7,3.6,69.7
awgn,0.0,1,ack-1f,w,3,3,0,ctl,ok,0,0,4.9,69.7
awgn,0.0,1,qpsk-r1/2,w,9,2,1,data,ok,7,7,3.3,69.7
awgn,0.0,1,ack-1f,w,3,3,0,ctl,ok,0,0,3.3,69.7
awgn,0.0,1,qpsk-r1/2,w,9,2,1,data,ok,7,7,3.5,69.7
awgn,0.0,1,ack-1f,w,3,3,0,ctl,ok,0,0,3.9,69.7
awgn,0.0,1,qpsk-r1/2,w,9,2,1,data,ok,7,7,3.4,69.7
awgn,0.0,1,ack-1f,w,3,3,0,ctl,ok,0,0,3.5,69.7
awgn,0.0,1,qpsk-r1/2,w,9,2,1,data,ok,7,7,3.6,69.7
awgn,0.0,1,ack-1f,w,2,2,0,ctl,ok,0,0,4.0,69.7
awgn,0.0,1,qpsk-r1/2,w,9,1,0,data,ok,8,8,3.5,69.7
awgn,0.0,1,ack-1f,w,2,2,0,ctl,ok,0,0,3.2,69.7
awgn,0.0,1,qpsk-r1/2,w,9,1,0,data,ok,8,8,3.8,69.7
awgn,0.0,1,ack-1f,w,2,2,0,ctl,ok,0,0,4.3,69.7
awgn,0.0,1,qpsk-r1/2,w,9,1,0,data,ok,8,8,3.6,69.7
awgn,0.0,1,ack-1f,w,2,2,0,ctl,ok,0,0,3.6,69.7
awgn,0.0,1,qpsk-r1/2,w,9,1,0,data,ok,8,8,3.5,69.7
awgn,0.0,1,ack-1f,w,2,2,0,ctl,ok,0,0,3.2,69.7
awgn,0.0,1,qpsk-r1/2,w,9,1,0,data,ok,8,8,3.4,69.7
awgn,0.0,1,ack-1f,w,2,2,0,ctl,ok,0,0,4.0,69.7
awgn,0.0,1,qpsk-r1/2,w,9,1,0,data,ok,8,8,3.7,69.7
awgn,0.0,1,ack-1f,w,2,2,0,ctl,ok,0,0,2.9,69.7
awgn,0.0,1,qpsk-r1/2,w,9,1,0,data,ok,8,8,3.5,69.7
awgn,0.0,1,ack-1f,w,2,2,0,ctl,ok,0,0,1.2,69.7
awgn,0.0,1,qpsk-r1/2,w,9,1,0,data,ok,8,8,3.8,69.7
awgn,0.0,1,ack-1f,w,2,2,0,ctl,ok,0,0,4.0,69.7
awgn,0.0,1,qpsk-r1/2,w,9,1,0,data,ok,8,8,3.6,69.7
awgn,0.0,1,ack-1f,w,2,2,0,ctl,ok,0,0,3.5,69.7
awgn,0.0,1,qpsk-r1/2,w,9,1,0,data,ok,8,8,3.5,69.7
awgn,0.0,1,ack-1f,w,2,2,0,ctl,ok,0,0,3.7,69.7
awgn,0.0,1,qpsk-r1/2,w,9,1,0,data,ok,8,8,3.7,69.7
awgn,0.0,1,ack-1f,w,2,2,0,ctl,ok,0,0,3.8,69.7
awgn,0.0,1,qpsk-r1/2,w,9,1,0,data,ok,8,8,3.4,69.7
awgn,0.0,1,ack-1f,w,2,2,0,ctl,ok,0,0,3.4,69.7
awgn,0.0,1,qpsk-r1/2,w,9,1,0,data,ok,8,8,3.6,69.7
awgn,0.0,1,ack-1f,w,2,2,0,ctl,ok,0,0,4.1,69.7
awgn,0.0,1,qpsk-r1/2,w,9,1,0,data,ok,8,8,3.6,69.7
awgn,0.0,1,ack-1f,w,2,2,0,ctl,ok,0,0,3.5,69.7
awgn,0.0,1,qpsk-r1/2,w,9,1,0,data,ok,8,8,3.7,69.7
awgn,0.0,1,ack-1f,w,2,2,0,ctl,ok,0,0,4.7,69.7
awgn,0.0,1,qpsk-r1/2,w,9,1,0,data,ok,8,8,3.5,69.7
awgn,0.0,1,ack-1f,w,2,2,0,ctl,ok,0,0,2.7,69.7
awgn,0.0,1,qpsk-r1/2,w,9,1,0,data,ok,8,8,3.3,69.7
awgn,0.0,1,ack-1f,w,2,2,0,ctl,ok,0,0,3.4,69.7
awgn,0.0,1,qpsk-r1/2,w,9,1,0,data,ok,8,8,3.6,69.7
awgn,0.0,1,ack-1f,w,2,2,0,ctl,ok,0,0,3.1,69.7
awgn,0.0,1,qpsk-r1/2,w,9,1,0,data,ok,8,8,3.4,69.7
awgn,0.0,1,ack-1f,w,2,2,0,ctl,ok,0,0,3.8,69.7
awgn,0.0,1,qpsk-r1/2,w,9,1,0,data,ok,8,8,3.7,69.7
awgn,0.0,1,ack-1f,w,2,2,0,ctl,ok,0,0,4.9,69.7
awgn,0.0,1,qpsk-r1/2,w,9,1,0,data,ok,8,8,3.5,69.7
awgn,0.0,1,ack-1f,w,2,2,0,ctl,ok,0,0,3.5,69.7
awgn,0.0,1,qpsk-r1/2,w,9,1,0,data,ok,8,8,3.5,69.7
awgn,0.0,1,ack-1f,w,2,2,0,ctl,ok,0,0,3.6,69.7
awgn,0.0,1,qpsk-r1/2,w,9,1,0,data,ok,8,8,3.5,69.7
awgn,0.0,1,ack-1f,w,2,2,0,ctl,ok,0,0,4.5,69.7
awgn,0.0,1,qpsk-r1/2,w,9,1,0,data,ok,8,8,3.4,69.7
awgn,0.0,1,ack-1f,w,2,2,0,ctl,ok,0,0,3.7,69.7
awgn,0.0,1,qpsk-r1/2,w,9,1,0,data,ok,8,8,3.4,69.7
awgn,0.0,1,ack-1f,w,2,2,0,ctl,ok,0,0,4.8,69.7
awgn,0.0,1,qpsk-r1/2,w,9,1,0,data,ok,8,8,3.4,69.7
awgn,0.0,1,ack-1f,w,2,2,0,ctl,ok,0,0,4.2,69.7
awgn,0.0,1,qpsk-r1/2,w,9,1,0,data,ok,8,8,3.6,69.7
awgn,0.0,1,ack-1f,w,2,2,0,ctl,ok,0,0,2.9,69.7
awgn,0.0,1,qpsk-r1/2,w,9,1,0,data,ok,8,8,3.5,69.7
awgn,0.0,1,ack-1f,w,2,2,0,ctl,ok,0,0,4.4,69.7
awgn,0.0,1,qpsk-r1/2,w,9,1,0,data,ok,8,8,3.6,69.7
awgn,0.0,1,ack-1f,w,2,2,0,ctl,ok,0,0,3.4,69.7
awgn,0.0,1,qpsk-r1/2,w,9,1,0,data,ok,8,8,3.5,69.7
awgn,0.0,1,ack-1f,w,2,2,0,ctl,ok,0,0,3.2,69.7
awgn,0.0,1,qpsk-r1/2,w,9,1,0,data,ok,8,8,3.7,69.7
awgn,0.0,1,ack-1f,w,2,2,0,ctl,ok,0,0,3.3,69.7
awgn,0.0,1,qpsk-r1/2,w,9,1,0,data,ok,8,8,3.4,69.7
awgn,0.0,1,ack-1f,w,2,2,0,ctl,ok,0,0,3.8,69.7
awgn,0.0,1,qpsk-r1/2,w,9,1,0,data,ok,8,8,3.8,69.7
awgn,0.0,1,ack-1f,w,2,2,0,ctl,ok,0,0,2.8,69.7
awgn,0.0,1,qpsk-r1/2,w,9,1,0,data,ok,8,8,3.3,69.7
awgn,0.0,1,ack-1f,w,2,2,0,ctl,ok,0,0,4.3,69.7
awgn,0.0,1,qpsk-r1/2,w,9,1,0,data,ok,8,8,3.3,69.7
awgn,0.0,1,ack-1f,w,2,2,0,ctl,ok,0,0,2.9,69.7
awgn,0.0,1,qpsk-r1/2,w,9,1,0,data,ok,8,8,3.6,69.7
awgn,0.0,1,ack-1f,w,2,2,0,ctl,ok,0,0,4.2,69.7
awgn,0.0,1,qpsk-r1/2,w,9,1,0,data,ok,8,8,3.7,69.7
awgn,0.0,1,ack-1f,w,2,2,0,ctl,ok,0,0,2.3,69.7
awgn,0.0,1,qpsk-r1/2,w,9,1,0,data,ok,8,8,3.7,69.7
awgn,0.0,1,ack-1f,w,2,2,0,ctl,ok,0,0,3.3,69.7
awgn,0.0,1,qpsk-r1/2,w,9,1,0,data,ok,8,8,3.6,69.7
awgn,0.0,1,ack-1f,w,2,2,0,ctl,ok,0,0,3.5,69.7
awgn,0.0,1,qpsk-r1/2,w,9,1,0,data,ok,8,8,3.4,69.7
awgn,0.0,1,ack-1f,w,2,2,0,ctl,ok,0,0,4.1,69.7
awgn,0.0,1,qpsk-r1/2,w,9,1,0,data,ok,8,8,3.4,69.7
awgn,0.0,1,ack-1f,w,2,2,0,ctl,ok,0,0,3.6,69.7
awgn,0.0,1,qpsk-r1/2,w,9,1,0,data,ok,8,8,3.6,69.7
awgn,0.0,8,qpsk-r1/5,w,1,1,0,ctl,ok,0,0,3.4,70.1
awgn,0.0,8,qpsk-r1/5,w,1,1,0,ctl,ok,0,0,3.8,70.1
awgn,0.0,8,ack-4f,w,3,3,0,ctl,ok,0,0,3.5,70.1
awgn,0.0,8,ack-1f,w,3,3,0,ctl,ok,0,0,4.3,70.1
awgn,0.0,8,qpsk-r1/2,w,9,2,1,data,ok,7,7,3.5,70.1
awgn,0.0,8,ack-1f,w,3,3,0,ctl,ok,0,0,3.2,70.1
awgn,0.0,8,qpsk-r1/2,w,9,2,1,data,ok,7,7,3.6,70.1
awgn,0.0,8,ack-1f,w,3,3,0,ctl,ok,0,0,3.3,70.1
awgn,0.0,8,qpsk-r1/2,w,9,2,1,data,ok,7,7,3.8,70.1
awgn,0.0,8,ack-1f,w,2,2,0,ctl,ok,0,0,4.1,70.1
awgn,0.0,8,qpsk-r1/2,w,9,1,0,data,ok,8,8,3.7,70.1
awgn,0.0,8,ack-1f,w,2,2,0,ctl,ok,0,0,4.7,70.1
awgn,0.0,8,qpsk-r1/2,w,9,1,0,data,ok,8,8,3.3,70.1
awgn,0.0,8,ack-1f,w,2,2,0,ctl,ok,0,0,3.7,70.1
awgn,0.0,8,qpsk-r1/2,w,9,1,0,data,ok,8,8,3.6,70.1
awgn,0.0,8,ack-1f,w,2,2,0,ctl,ok,0,0,5.1,70.1
awgn,0.0,8,qpsk-r1/2,w,9,1,0,data,ok,8,8,3.8,70.1
awgn,0.0,8,ack-1f,w,2,2,0,ctl,ok,0,0,3.7,70.1
awgn,0.0,8,qpsk-r1/2,w,9,1,0,data,ok,8,8,3.6,70.1
awgn,0.0,8,ack-1f,w,2,2,0,ctl,ok,0,0,4.0,70.1
awgn,0.0,8,qpsk-r1/2,w,9,1,0,data,ok,8,8,3.6,70.1
awgn,0.0,8,ack-1f,w,2,2,0,ctl,ok,0,0,3.5,70.1
awgn,0.0,8,qpsk-r1/2,w,9,1,0,data,ok,8,8,3.6,70.1
awgn,0.0,8,ack-1f,w,2,2,0,ctl,ok,0,0,2.9,70.1
awgn,0.0,8,qpsk-r1/2,w,9,1,0,data,ok,8,8,3.6,70.1
awgn,0.0,8,ack-1f,w,2,2,0,ctl,ok,0,0,3.4,70.1
awgn,0.0,8,qpsk-r1/2,w,9,1,0,data,ok,8,8,3.5,70.1
awgn,0.0,8,ack-1f,w,2,2,0,ctl,ok,0,0,3.2,70.1
awgn,0.0,8,qpsk-r1/2,w,9,1,0,data,ok,8,8,3.7,70.1
awgn,0.0,8,ack-1f,w,2,2,0,ctl,ok,0,0,3.9,70.1
awgn,0.0,8,qpsk-r1/2,w,9,1,0,data,ok,8,8,3.6,70.1
awgn,0.0,8,ack-1f,w,2,2,0,ctl,ok,0,0,3.5,70.1
awgn,0.0,8,qpsk-r1/2,w,9,1,0,data,ok,8,8,3.4,70.1
awgn,0.0,8,ack-1f,w,2,2,0,ctl,ok,0,0,3.0,70.1
awgn,0.0,8,qpsk-r1/2,w,9,1,0,data,ok,8,8,3.2,70.1
awgn,0.0,8,ack-1f,w,2,2,0,ctl,ok,0,0,4.2,70.1
awgn,0.0,8,qpsk-r1/2,w,9,1,0,data,ok,8,8,3.7,70.1
awgn,0.0,8,ack-1f,w,2,2,0,ctl,ok,0,0,4.0,70.1
awgn,0.0,8,qpsk-r1/2,w,9,1,0,data,ok,8,8,3.7,70.1
awgn,0.0,8,ack-1f,w,2,2,0,ctl,ok,0,0,3.9,70.1
awgn,0.0,8,qpsk-r1/2,w,9,1,0,data,ok,8,8,3.7,70.1
awgn,0.0,8,ack-1f,w,2,2,0,ctl,ok,0,0,4.3,70.1
awgn,0.0,8,qpsk-r1/2,w,9,1,0,data,ok,8,8,3.4,70.1
awgn,0.0,8,ack-1f,w,2,2,0,ctl,ok,0,0,3.0,70.1
awgn,0.0,8,qpsk-r1/2,w,9,1,0,data,ok,8,8,3.4,70.1
awgn,0.0,8,ack-1f,w,2,2,0,ctl,ok,0,0,4.3,70.1
awgn,0.0,8,qpsk-r1/2,w,9,1,0,data,ok,8,8,3.6,70.1
awgn,0.0,8,ack-1f,w,2,2,0,ctl,ok,0,0,4.5,70.1
awgn,0.0,8,qpsk-r1/2,w,9,1,0,data,ok,8,8,3.4,70.1
awgn,0.0,8,ack-1f,w,2,2,0,ctl,ok,0,0,3.4,70.1
awgn,0.0,8,qpsk-r1/2,w,9,1,0,data,ok,8,8,3.7,70.1
awgn,0.0,8,ack-1f,w,2,2,0,ctl,ok,0,0,3.0,70.1
awgn,0.0,8,qpsk-r1/2,w,9,1,0,data,ok,8,8,3.6,70.1
awgn,0.0,8,ack-1f,w,2,2,0,ctl,ok,0,0,3.4,70.1
awgn,0.0,8,qpsk-r1/2,w,9,1,0,data,ok,8,8,3.5,70.1
awgn,0.0,8,ack-1f,w,2,2,0,ctl,ok,0,0,3.9,70.1
awgn,0.0,8,qpsk-r1/2,w,9,1,0,data,ok,8,8,3.6,70.1
awgn,0.0,8,ack-1f,w,2,2,0,ctl,ok,0,0,3.7,70.1
awgn,0.0,8,qpsk-r1/2,w,9,1,0,data,ok,8,8,3.6,70.1
awgn,0.0,8,ack-1f,w,2,2,0,ctl,ok,0,0,2.1,70.1
awgn,0.0,8,qpsk-r1/2,w,9,1,0,data,ok,8,8,3.6,70.1
awgn,0.0,8,ack-1f,w,2,2,0,ctl,ok,0,0,0.2,70.1
awgn,0.0,8,qpsk-r1/2,w,9,1,0,data,ok,8,8,3.5,70.1
awgn,0.0,8,ack-1f,w,2,2,0,ctl,ok,0,0,4.8,70.1
awgn,0.0,8,qpsk-r1/2,w,9,1,0,data,ok,8,8,3.4,70.1
awgn,0.0,8,ack-1f,w,2,2,0,ctl,ok,0,0,3.4,70.1
awgn,0.0,8,qpsk-r1/2,w,9,1,0,data,ok,8,8,3.3,70.1
awgn,0.0,8,ack-1f,w,2,2,0,ctl,ok,0,0,4.9,70.1
awgn,0.0,8,qpsk-r1/2,w,9,1,0,data,ok,8,8,3.5,70.1
awgn,0.0,8,ack-1f,w,2,2,0,ctl,ok,0,0,2.9,70.1
awgn,0.0,8,qpsk-r1/2,w,9,1,0,data,ok,8,8,3.6,70.1
awgn,0.0,8,ack-1f,w,2,2,0,ctl,ok,0,0,3.5,70.1
awgn,0.0,8,qpsk-r1/2,w,9,1,0,data,ok,8,8,3.6,70.1
awgn,0.0,8,ack-1f,w,2,2,0,ctl,ok,0,0,3.5,70.1
awgn,0.0,8,qpsk-r1/2,w,9,1,0,data,ok,8,8,3.5,70.1
awgn,0.0,8,ack-1f,w,2,2,0,ctl,ok,0,0,3.6,70.1
awgn,0.0,8,qpsk-r1/2,w,9,1,0,data,ok,8,8,3.7,70.1
awgn,0.0,8,ack-1f,w,2,2,0,ctl,ok,0,0,3.0,70.1
awgn,0.0,8,qpsk-r1/2,w,9,1,0,data,ok,8,8,3.6,70.1
awgn,0.0,8,ack-1f,w,2,2,0,ctl,ok,0,0,3.3,70.1
awgn,0.0,8,qpsk-r1/2,w,9,1,0,data,ok,8,8,3.6,70.1
awgn,0.0,8,ack-1f,w,2,2,0,ctl,ok,0,0,3.3,70.1
awgn,0.0,8,qpsk-r1/2,w,9,1,0,data,ok,8,8,3.5,70.1
awgn,0.0,8,ack-1f,w,2,2,0,ctl,ok,0,0,4.0,70.1
awgn,0.0,8,qpsk-r1/2,w,9,1,0,data,ok,8,8,3.5,70.1
awgn,0.0,8,ack-1f,w,2,2,0,ctl,ok,0,0,4.4,70.1
awgn,0.0,8,qpsk-r1/2,w,9,1,0,data,ok,8,8,3.6,70.1
awgn,0.0,8,ack-1f,w,2,2,0,ctl,ok,0,0,3.7,70.1
awgn,0.0,8,qpsk-r1/2,w,9,1,0,data,ok,8,8,3.3,70.1
awgn,0.0,8,ack-1f,w,2,2,0,ctl,ok,0,0,4.6,70.1
awgn,0.0,8,qpsk-r1/2,w,9,1,0,data,ok,8,8,3.3,70.1
awgn,0.0,8,ack-1f,w,2,2,0,ctl,ok,0,0,5.0,70.1
awgn,0.0,8,qpsk-r1/2,w,9,1,0,data,ok,8,8,3.6,70.1
awgn,0.0,8,ack-1f,w,2,2,0,ctl,ok,0,0,3.4,70.1
awgn,0.0,8,qpsk-r1/2,w,9,1,0,data,ok,8,8,3.6,70.1
awgn,0.0,8,ack-1f,w,2,2,0,ctl,ok,0,0,4.0,70.1
awgn,0.0,8,qpsk-r1/2,w,9,1,0,data,ok,8,8,3.7,70.1
mpg,0.0,6,qpsk-r1/5,w,1,1,0,ctl,ok,0,0,2.4,49.3
mpg,0.0,6,qpsk-r1/5,w,1,1,0,ctl,ok,0,0,3.7,49.3
mpg,0.0,6,ack-4f,w,3,3,0,ctl,ok,0,0,-3.7,49.3
mpg,0.0,6,ack-1f,w,3,3,0,ctl,ok,0,0,1.7,49.3
mpg,0.0,6,qpsk-r1/3,w,9,2,1,data,ok,7,7,3.3,49.3
mpg,0.0,6,ack-1f,w,3,3,0,ctl,ok,0,0,3.1,49.3
mpg,0.0,6,qpsk-r1/3,w,9,2,1,data,ok,7,7,2.7,49.3
mpg,0.0,6,ack-1f,w,3,3,0,ctl,ok,0,0,3.9,49.3
mpg,0.0,6,qpsk-r1/2,w,9,2,1,data,ok,7,7,4.7,49.3
mpg,0.0,6,ack-1f,w,3,3,0,ctl,ctl_lost,0,0,-107.4,49.3
mpg,0.0,6,ack-4f,w,3,3,0,ctl,ok,0,0,-1.4,49.3
mpg,0.0,6,ack-4f,w,3,3,0,ctl,ok,0,0,0.4,49.3
mpg,0.0,6,qpsk-r1/2,w,9,2,1,data,ok,7,0,0.6,49.3
mpg,0.0,6,n4-ack-8f,n4,3,3,0,ctl,ok,0,0,5.7,49.3
mpg,0.0,6,qpsk-r1/3,w,9,2,1,data,ok,7,7,1.7,49.3
mpg,0.0,6,ack-1f,w,3,3,0,ctl,ok,0,0,6.9,49.3
mpg,0.0,6,qpsk-r1/3,w,9,2,1,data,ok,7,7,0.4,49.3
mpg,0.0,6,ack-1f,w,3,3,0,ctl,ok,0,0,4.4,49.3
mpg,0.0,6,qpsk-r1/3,w,9,2,1,data,ok,7,7,4.2,49.3
mpg,0.0,6,ack-1f,w,3,3,0,ctl,ok,0,0,3.8,49.3
mpg,0.0,6,qpsk-r1/2,w,9,2,1,data,ok,7,7,2.9,49.3
mpg,0.0,6,ack-1f,w,2,2,0,ctl,ctl_lost,0,0,-2.1,49.3
mpg,0.0,6,ack-4f,w,3,3,0,ctl,ok,0,0,-5.2,49.3
mpg,0.0,6,ack-4f,w,3,3,0,ctl,ok,0,0,1.6,49.3
mpg,0.0,6,qpsk-r1/3,w,9,2,1,data,ok,7,7,2.9,49.3
mpg,0.0,6,ack-4f,w,2,2,0,ctl,ok,0,0,6.0,49.3
mpg,0.0,6,qpsk-r1/3,w,9,1,0,data,ok,8,8,2.3,49.3
mpg,0.0,6,ack-1f,w,3,3,0,ctl,ok,0,0,4.8,49.3
mpg,0.0,6,qpsk-r1/2,w,9,2,1,data,ok,7,7,5.3,49.3
mpg,0.0,6,ack-1f,w,2,2,0,ctl,ok,0,0,-1.4,49.3
mpg,0.0,6,qpsk-r1/2,w,9,1,0,data,ok,8,8,9.6,49.3
mpg,0.0,6,ack-4f,w,3,3,0,ctl,ok,0,0,4.7,49.3
mpg,0.0,6,w48-qpsk-r1/2,w48,19,2,1,data,ok,17,0,1.4,49.3
mpg,0.0,6,ack-4f,w,2,2,0,ctl,ok,0,0,3.5,49.3
mpg,0.0,6,qpsk-r1/2,w,9,1,0,data,ok,8,8,4.2,49.3
mpg,0.0,6,ack-1f,w,2,2,0,ctl,ok,0,0,0.4,49.3
mpg,0.0,6,qpsk-r1/2,w,9,1,0,data,ok,8,8,4.3,49.3
mpg,0.0,6,ack-4f,w,2,2,0,ctl,ok,0,0,10.2,49.3
mpg,0.0,6,qpsk-r1/2,w,9,1,0,data,ok,8,8,2.8,49.3
mpg,0.0,6,ack-1f,w,2,2,0,ctl,ok,0,0,2.4,49.3
mpg,0.0,6,qpsk-r1/2,w,9,1,0,data,ok,8,8,3.4,49.3
mpg,0.0,6,ack-1f,w,2,2,0,ctl,ok,0,0,-1.1,49.3
mpg,0.0,6,qpsk-r1/2,w,9,1,0,data,ok,8,8,3.9,49.3
mpg,0.0,6,ack-4f,w,2,2,0,ctl,ok,0,0,3.1,49.3
mpg,0.0,6,qpsk-r1/2,w,9,1,0,data,ok,8,8,2.6,49.3
mpg,0.0,6,ack-4f,w,2,2,0,ctl,ok,0,0,-0.3,49.3
mpg,0.0,6,qpsk-r1/2,w,9,1,0,data,ok,8,8,4.6,49.3
mpg,0.0,6,ack-4f,w,2,2,0,ctl,ok,0,0,5.2,49.3
mpg,0.0,6,qpsk-r1/2,w,9,1,0,data,ok,8,8,4.0,49.3
mpg,0.0,6,n4-ack-2f,n4,2,2,0,ctl,ok,0,0,4.1,49.3
mpg,0.0,6,qpsk-r1/2,w,9,1,0,data,ok,8,8,4.7,49.3
mpg,0.0,6,ack-1f,w,2,2,0,ctl,ok,0,0,4.5,49.3
mpg,0.0,6,qpsk-r1/2,w,9,1,0,data,ok,8,8,3.7,49.3
mpg,0.0,6,ack-1f,w,2,2,0,ctl,ctl_lost,0,0,-0.9,49.3
mpg,0.0,6,ack-4f,w,3,3,0,ctl,ok,0,0,4.7,49.3
mpg,0.0,6,ack-4f,w,2,2,0,ctl,ok,0,0,3.0,49.3
mpg,0.0,6,qpsk-r1/2,w,9,1,0,data,ok,8,8,2.2,49.3
mpg,0.0,6,ack-4f,w,2,2,0,ctl,ok,0,0,0.3,49.3
mpg,0.0,6,qpsk-r1/2,w,9,1,0,data,ok,8,8,4.1,49.3
mpg,0.0,6,ack-4f,w,2,2,0,ctl,ok,0,0,6.1,49.3
mpg,0.0,6,qpsk-r1/2,w,9,1,0,data,ok,8,8,2.9,49.3
mpg,0.0,6,n4-ack-2f,n4,2,2,0,ctl,ok,0,0,-2.6,49.3
mpg,0.0,6,qpsk-r1/2,w,9,1,0,data,ok,8,8,2.8,49.3
mpg,0.0,6,ack-4f,w,2,2,0,ctl,ok,0,0,3.8,49.3
mpg,0.0,6,qpsk-r1/2,w,9,1,0,data,ok,8,8,6.4,49.3
mpg,0.0,6,n4-ack-2f,n4,2,2,0,ctl,ok,0,0,-3.0,49.3
mpg,0.0,6,qpsk-r1/2,w,9,1,0,data,ctl_lost,8,0,-0.4,49.3
mpg,0.0,6,ack-4f,w,3,3,0,ctl,ok,0,0,2.5,49.3
mpg,0.0,6,ack-4f,w,3,3,0,ctl,ok,0,0,7.5,49.3
mpg,0.0,6,qpsk-r1/2,w,9,2,1,data,ok,7,0,0.5,49.3
mpg,0.0,6,n4-ack-2f,n4,3,3,0,ctl,ok,0,0,6.5,49.3
mpg,0.0,6,qpsk-r1/2,w,9,2,1,data,ok,0,0,2.4,49.3
mpg,0.0,6,ack-1f,w,3,3,0,ctl,ctl_lost,0,0,-0.5,49.3
mpg,0.0,6,ack-4f,w,3,3,,ctl,missed,0,0,,49.3
mpg,0.0,6,ack-4f,w,3,3,0,ctl,ok,0,0,0.2,49.3
mpg,0.0,6,ack-4f,w,3,3,0,ctl,ok,0,0,4.1,49.3
mpg,0.0,6,qpsk-r1/2,w,9,2,1,data,ok,7,7,5.3,49.3
mpg,0.0,6,n4-ack-2f,n4,2,2,0,ctl,ok,0,0,3.6,49.3
mpg,0.0,6,qpsk-r1/2,w,9,1,0,data,ok,8,8,3.4,49.3
mpg,0.0,6,n4-ack-2f,n4,2,2,0,ctl,ok,0,0,9.4,49.3
mpg,0.0,6,qpsk-r1/2,w,9,1,0,data,ok,8,8,5.9,49.3
mpg,0.0,6,n4-ack-2f,n4,2,2,0,ctl,ok,0,0,-6.8,49.3
mpg,0.0,6,qpsk-r1/2,w,9,1,0,data,ok,8,8,6.0,49.3
mpg,0.0,6,ack-4f,w,3,3,0,ctl,ok,0,0,8.3,49.3
mpg,0.0,6,w48-qpsk-r1/3,w48,19,2,1,data,ok,17,16,2.2,49.3
mpg,0.0,6,n4-ack-2f,n4,3,3,0,ctl,ok,0,0,3.3,49.3
mpg,0.0,6,w48-qpsk-r1/3,w48,19,2,1,data,ok,16,15,2.1,49.3
mpg,0.0,6,n4-ack-2f,n4,4,4,0,ctl,ok,0,0,-1.5,49.3
mpg,0.0,6,w48-qpsk-r1/3,w48,19,2,1,data,ok,16,0,0.6,49.3
mpg,0.0,6,ack-4f,w,3,3,0,ctl,ok,0,0,2.4,49.3
mpg,0.0,6,qpsk-r1/2,w,9,2,1,data,ok,7,6,2.9,49.3
mpg,0.0,6,n4-ack-2f,n4,3,3,0,ctl,ok,0,0,6.1,49.3
mpg,0.0,6,qpsk-r1/2,w,9,1,0,data,ok,7,7,3.2,49.3
mpg,0.0,6,n4-ack-2f,n4,2,2,0,ctl,ctl_lost,0,0,-6.4,49.3
mpg,0.0,6,ack-4f,w,3,3,0,ctl,ok,0,0,7.3,49.3
mpg,0.0,6,ack-4f,w,2,2,0,ctl,ok,0,0,6.0,49.3
mpg,0.0,6,w48-qpsk-r1/3,w48,19,1,0,data,ok,18,15,2.1,49.3
mpg,0.0,6,ack-4f,w,4,4,0,ctl,ok,0,0,5.2,49.3
mpg,0.0,6,w48-qpsk-r1/3,w48,19,2,1,data,ok,14,0,0.6,49.3
mpg,0.0,2,qpsk-r1/5,w,1,1,0,ctl,ok,0,0,2.3,44.2
mpg,0.0,2,qpsk-r1/5,w,1,1,0,ctl,ok,0,0,3.8,44.2
mpg,0.0,2,ack-4f,w,3,3,0,ctl,ok,0,0,2.5,44.2
mpg,0.0,2,ack-1f,w,3,3,0,ctl,ok,0,0,1.5,44.2
mpg,0.0,2,qpsk-r1/2,w,9,2,1,data,ok,7,0,-0.7,44.2
mpg,0.0,2,ack-1f,w,3,3,0,ctl,ok,0,0,-4.1,44.2
mpg,0.0,2,qpsk-r1/3,w,9,2,1,data,ok,7,7,5.2,44.2
mpg,0.0,2,ack-4f,w,2,2,0,ctl,ok,0,0,7.6,44.2
mpg,0.0,2,qpsk-r1/3,w,9,1,0,data,ok,8,8,2.7,44.2
mpg,0.0,2,ack-1f,w,3,3,0,ctl,ctl_lost,0,0,-109.0,44.2
mpg,0.0,2,ack-4f,w,3,3,0,ctl,ok,0,0,-2.1,44.2
mpg,0.0,2,ack-4f,w,3,3,0,ctl,ok,0,0,5.7,44.2
mpg,0.0,2,qpsk-r1/3,w,9,2,1,data,ok,7,7,4.8,44.2
mpg,0.0,2,n10-ack-4f,n10,2,2,0,ctl,ok,0,0,5.2,44.2
mpg,0.0,2,qpsk-r1/3,w,9,1,0,data,ok,8,8,3.7,44.2
mpg,0.0,2,ack-1f,w,3,3,0,ctl,ok,0,0,6.1,44.2
mpg,0.0,2,qpsk-r1/2,w,9,2,1,data,ok,7,2,1.2,44.2
mpg,0.0,2,ack-1f,w,3,3,0,ctl,ok,0,0,7.4,44.2
mpg,0.0,2,qpsk-r1/2,w,9,2,1,data,ok,2,0,4.0,44.2
mpg,0.0,2,ack-1f,w,3,3,0,ctl,ok,0,0,2.2,44.2
mpg,0.0,2,w48-qpsk-r1/5,w48,19,2,1,data,ok,17,2,-0.7,44.2
mpg,0.0,2,ack-1f,w,3,3,0,ctl,ok,0,0,1.2,44.2
mpg,0.0,2,w48-qpsk-r1/5,w48,19,2,1,data,ok,2,1,-1.1,44.2
mpg,0.0,2,ack-4f,w,3,3,0,ctl,ok,0,0,3.3,44.2
mpg,0.0,2,qpsk-r1/3,w,9,2,1,data,ok,7,7,2.4,44.2
mpg,0.0,2,n4-ack-2f,n4,2,2,0,ctl,ok,0,0,-0.6,44.2
mpg,0.0,2,qpsk-r1/3,w,9,1,0,data,ok,8,8,2.4,44.2
mpg,0.0,2,ack-4f,w,3,3,0,ctl,ok,0,0,2.5,44.2
mpg,0.0,2,qpsk-r1/2,w,9,2,1,data,ok,7,7,5.9,44.2
mpg,0.0,2,ack-4f,w,2,2,0,ctl,ok,0,0,4.6,44.2
mpg,0.0,2,qpsk-r1/2,w,9,1,0,data,ok,8,8,3.3,44.2
mpg,0.0,2,ack-1f,w,2,2,0,ctl,ok,0,0,3.8,44.2
mpg,0.0,2,qpsk-r1/2,w,9,1,0,data,ok,8,8,7.7,44.2
mpg,0.0,2,ack-1f,w,3,3,0,ctl,ok,0,0,-1.0,44.2
mpg,0.0,2,w48-qpsk-r1/3,w48,19,2,1,data,ok,17,17,2.6,44.2
mpg,0.0,2,ack-4f,w,2,2,0,ctl,ok,0,0,2.8,44.2
mpg,0.0,2,qpsk-r1/2,w,9,1,0,data,ok,8,8,5.7,44.2
mpg,0.0,2,ack-4f,w,2,2,0,ctl,ok,0,0,7.2,44.2
mpg,0.0,2,qpsk-r1/2,w,9,1,0,data,ok,8,8,3.7,44.2
mpg,0.0,2,ack-1f,w,2,2,0,ctl,ok,0,0,4.3,44.2
mpg,0.0,2,qpsk-r1/2,w,9,1,0,data,ok,8,8,2.2,44.2
mpg,0.0,2,ack-1f,w,3,3,0,ctl,ok,0,0,4.2,44.2
mpg,0.0,2,qpsk-r1/2,w,9,2,1,data,ok,7,0,-0.8,44.2
mpg,0.0,2,ack-1f,w,2,2,0,ctl,ok,0,0,-2.7,44.2
mpg,0.0,2,qpsk-r1/3,w,9,1,0,data,ok,8,8,2.5,44.2
mpg,0.0,2,ack-4f,w,2,2,0,ctl,ok,0,0,5.5,44.2
mpg,0.0,2,qpsk-r1/3,w,9,1,0,data,ok,8,8,1.1,44.2
mpg,0.0,2,ack-1f,w,2,2,0,ctl,ok,0,0,3.2,44.2
mpg,0.0,2,qpsk-r1/3,w,9,1,0,data,ok,8,8,2.3,44.2
mpg,0.0,2,ack-1f,w,3,3,0,ctl,ok,0,0,6.1,44.2
mpg,0.0,2,qpsk-r1/2,w,9,2,1,data,ok,7,0,-0.5,44.2
mpg,0.0,2,ack-1f,w,2,2,0,ctl,ok,0,0,-2.8,44.2
mpg,0.0,2,qpsk-r1/3,w,9,1,0,data,ok,8,8,3.7,44.2
mpg,0.0,2,ack-1f,w,3,3,0,ctl,ok,0,0,2.7,44.2
mpg,0.0,2,qpsk-r1/2,w,9,2,1,data,ok,7,0,-1.6,44.2
mpg,0.0,2,ack-4f,w,3,3,0,ctl,ok,0,0,4.3,44.2
mpg,0.0,2,qpsk-r1/2,w,9,2,1,data,ok,0,0,0.0,44.2
mpg,0.0,2,ack-1f,w,3,3,0,ctl,ok,0,0,3.3,44.2
mpg,0.0,2,qpsk-r1/3,w,9,2,1,data,ok,7,7,4.3,44.2
mpg,0.0,2,ack-1f,w,2,2,0,ctl,ok,0,0,9.4,44.2
mpg,0.0,2,qpsk-r1/3,w,9,1,0,data,ok,8,8,5.5,44.2
mpg,0.0,2,ack-1f,w,2,2,0,ctl,ok,0,0,3.6,44.2
mpg,0.0,2,qpsk-r1/2,w,9,1,0,data,ok,8,8,5.0,44.2
mpg,0.0,2,ack-1f,w,3,3,0,ctl,ok,0,0,1.7,44.2
mpg,0.0,2,w48-qpsk-r1/3,w48,19,2,1,data,ok,17,0,1.0,44.2
mpg,0.0,2,ack-1f,w,3,3,0,ctl,ok,0,0,5.0,44.2
mpg,0.0,2,w48-qpsk-r1/2,w48,19,2,1,data,ok,17,0,3.3,44.2
mpg,0.0,2,ack-1f,w,2,2,0,ctl,ok,0,0,1.7,44.2
mpg,0.0,2,qpsk-r1/2,w,9,1,0,data,ok,8,8,4.1,44.2
mpg,0.0,2,ack-1f,w,2,2,0,ctl,ok,0,0,3.8,44.2
mpg,0.0,2,qpsk-r1/2,w,9,1,0,data,ok,8,8,3.6,44.2
mpg,0.0,2,ack-1f,w,2,2,0,ctl,ok,0,0,0.6,44.2
mpg,0.0,2,qpsk-r1/2,w,9,1,0,data,ctl_lost,8,0,0.3,44.2
mpg,0.0,2,ack-4f,w,3,3,0,ctl,ok,0,0,3.9,44.2
mpg,0.0,2,ack-4f,w,2,2,0,ctl,ok,0,0,3.3,44.2
mpg,0.0,2,qpsk-r1/3,w,9,1,0,data,ok,8,8,4.1,44.2
mpg,0.0,2,ack-1f,w,2,2,0,ctl,ok,0,0,2.6,44.2
mpg,0.0,2,qpsk-r1/2,w,9,1,0,data,ok,8,8,4.3,44.2
mpg,0.0,2,ack-1f,w,2,2,0,ctl,ok,0,0,6.5,44.2
mpg,0.0,2,qpsk-r1/2,w,9,1,0,data,ok,8,8,4.2,44.2
mpg,0.0,2,ack-1f,w,2,2,0,ctl,ok,0,0,8.6,44.2
mpg,0.0,2,qpsk-r1/2,w,9,1,0,data,ok,8,8,4.7,44.2
mpg,0.0,2,ack-1f,w,2,2,0,ctl,ok,0,0,7.3,44.2
mpg,0.0,2,qpsk-r1/2,w,9,1,0,data,ok,8,8,6.3,44.2
mpg,0.0,2,ack-1f,w,3,3,0,ctl,ok,0,0,8.7,44.2
mpg,0.0,2,w48-qpsk-r1/3,w48,19,2,1,data,ok,17,17,2.9,44.2
mpg,0.0,2,ack-1f,w,3,3,0,ctl,ok,0,0,-1.8,44.2
mpg,0.0,2,w48-qpsk-r1/3,w48,19,2,1,data,ok,17,17,5.0,44.2
mpg,0.0,2,ack-1f,w,3,3,0,ctl,ok,0,0,3.0,44.2
mpg,0.0,2,w48-qpsk-r1/2,w48,19,2,1,data,ctl_lost,17,0,0.7,44.2
mpg,0.0,2,ack-4f,w,3,3,0,ctl,ok,0,0,0.3,44.2
mpg,0.0,2,ack-4f,w,2,2,0,ctl,ok,0,0,2.1,44.2
mpg,0.0,2,qpsk-r1/3,w,9,1,0,data,ok,8,6,-0.4,44.2
mpg,0.0,2,ack-1f,w,3,3,0,ctl,ok,0,0,4.8,44.2
mpg,0.0,2,qpsk-r1/3,w,9,2,1,data,ok,5,5,4.4,44.2
mpg,0.0,2,ack-1f,w,2,2,0,ctl,ok,0,0,2.4,44.2
mpg,0.0,2,qpsk-r1/3,w,9,1,0,data,ok,8,8,4.6,44.2
mpg,0.0,9,qpsk-r1/5,w,1,1,0,ctl,ok,0,0,8.0,35.3
mpg,0.0,9,qpsk-r1/5,w,1,1,0,ctl,ok,0,0,8.0,35.3
mpg,0.0,9,ack-4f,w,2,2,0,ctl,ok,0,0,4.9,35.3
mpg,0.0,9,ack-1f,w,3,3,0,ctl,ok,0,0,1.2,35.3
mpg,0.0,9,w48-qpsk-r1/2,w48,19,2,1,data,ok,17,0,0.4,35.3
mpg,0.0,9,ack-1f,w,3,3,0,ctl,ok,0,0,-1.6,35.3
mpg,0.0,9,qpsk-r1/2,w,9,2,1,data,ok,7,0,1.1,35.3
mpg,0.0,9,ack-4f,w,3,3,0,ctl,ok,0,0,4.7,35.3
mpg,0.0,9,qpsk-r1/2,w,9,2,1,data,ok,0,0,1.9,35.3
mpg,0.0,9,ack-1f,w,3,3,0,ctl,ok,0,0,3.3,35.3
mpg,0.0,9,qpsk-r1/3,w,9,2,1,data,ok,7,7,2.9,35.3
mpg,0.0,9,ack-1f,w,3,3,0,ctl,ok,0,0,-0.3,35.3
mpg,0.0,9,qpsk-r1/2,w,9,2,1,data,ok,7,7,3.7,35.3
mpg,0.0,9,ack-1f,w,3,3,0,ctl,ok,0,0,4.5,35.3
mpg,0.0,9,qpsk-r1/2,w,9,2,1,data,ok,7,0,1.6,35.3
mpg,0.0,9,ack-1f,w,3,3,0,ctl,ctl_lost,0,0,-4.0,35.3
mpg,0.0,9,ack-4f,w,3,3,0,ctl,ok,0,0,0.3,35.3
mpg,0.0,9,ack-4f,w,3,3,0,ctl,ok,0,0,3.5,35.3
mpg,0.0,9,qpsk-r1/3,w,9,2,1,data,ok,7,7,6.5,35.3
mpg,0.0,9,ack-1f,w,3,3,0,ctl,ok,0,0,2.3,35.3
mpg,0.0,9,qpsk-r1/2,w,9,2,1,data,ok,7,7,5.5,35.3
mpg,0.0,9,ack-1f,w,3,3,0,ctl,ok,0,0,4.2,35.3
mpg,0.0,9,w48-qpsk-r1/2,w48,19,2,1,data,ok,17,0,0.9,35.3
mpg,0.0,9,ack-1f,w,2,2,0,ctl,ok,0,0,1.7,35.3
mpg,0.0,9,qpsk-r1/2,w,9,1,0,data,ok,8,8,3.6,35.3
mpg,0.0,9,ack-1f,w,3,3,0,ctl,ctl_lost,0,0,2.8,35.3
mpg,0.0,9,ack-4f,w,4,4,0,ctl,ok,0,0,-1.2,35.3
mpg,0.0,9,ack-4f,w,3,3,0,ctl,ok,0,0,-3.3,35.3
mpg,0.0,9,qpsk-r1/2,w,9,2,1,data,ok,7,0,1.3,35.3
mpg,0.0,9,ack-4f,w,2,2,0,ctl,ok,0,0,4.0,35.3
mpg,0.0,9,qpsk-r1/5,w,9,1,0,data,ok,8,8,-0.6,35.3
mpg,0.0,9,n4-ack-2f,n4,3,3,0,ctl,ok,0,0,0.7,35.3
mpg,0.0,9,qpsk-r1/3,w,9,2,1,data,ok,7,7,3.7,35.3
mpg,0.0,9,ack-4f,w,3,3,0,ctl,ok,0,0,4.3,35.3
mpg,0.0,9,qpsk-r1/2,w,9,2,1,data,ok,7,6,1.6,35.3
mpg,0.0,9,ack-1f,w,3,3,0,ctl,ok,0,0,0.6,35.3
mpg,0.0,9,qpsk-r1/2,w,9,1,0,data,ctl_lost,7,0,-4.8,35.3
mpg,0.0,9,ack-4f,w,3,3,0,ctl,ok,0,0,4.5,35.3
mpg,0.0,9,ack-4f,w,3,3,0,ctl,ok,0,0,6.1,35.3
mpg,0.0,9,qpsk-r1/3,w,9,2,1,data,ok,7,7,2.7,35.3
mpg,0.0,9,ack-1f,w,3,3,0,ctl,ok,0,0,-0.5,35.3
mpg,0.0,9,qpsk-r1/2,w,9,2,1,data,ok,7,0,-0.2,35.3
mpg,0.0,9,ack-1f,w,2,2,0,ctl,ok,0,0,5.3,35.3
mpg,0.0,9,qpsk-r1/3,w,9,1,0,data,ok,8,8,1.9,35.3
mpg,0.0,9,ack-1f,w,2,2,0,ctl,ok,0,0,3.1,35.3
mpg,0.0,9,qpsk-r1/3,w,9,1,0,data,ok,8,8,4.8,35.3
mpg,0.0,9,ack-1f,w,3,3,0,ctl,ctl_lost,0,0,-7.4,35.3
mpg,0.0,9,ack-4f,w,3,3,0,ctl,ok,0,0,-2.8,35.3
mpg,0.0,9,ack-4f,w,3,3,0,ctl,ok,0,0,2.5,35.3
mpg,0.0,9,qpsk-r1/2,w,9,2,1,data,ok,7,7,4.2,35.3
mpg,0.0,9,n10-ack-4f,n10,2,2,0,ctl,ctl_lost,0,0,-7.1,35.3
mpg,0.0,9,ack-4f,w,3,3,0,ctl,ok,0,0,3.8,35.3
mpg,0.0,9,ack-4f,w,2,2,0,ctl,ok,0,0,2.0,35.3
mpg,0.0,9,qpsk-r1/2,w,9,1,0,data,ctl_lost,8,0,-2.8,35.3
mpg,0.0,9,ack-4f,w,3,3,0,ctl,ok,0,0,7.9,35.3
mpg,0.0,9,ack-4f,w,3,3,0,ctl,ok,0,0,7.0,35.3
mpg,0.0,9,w48-qpsk-r1/5,w48,19,2,1,data,ok,17,17,3.7,35.3
mpg,0.0,9,ack-1f,w,3,3,0,ctl,ok,0,0,-1.6,35.3
mpg,0.0,9,16qam-r1/3,w,19,2,1,data,ok,17,0,-0.6,35.3
mpg,0.0,9,ack-4f,w,3,3,0,ctl,ok,0,0,-2.9,35.3
mpg,0.0,9,w48-qpsk-r1/5,w48,19,2,1,data,ok,17,17,1.7,35.3
mpg,0.0,9,ack-4f,w,3,3,0,ctl,ok,0,0,0.6,35.3
mpg,0.0,9,w48-qpsk-r1/5,w48,19,2,1,data,ok,17,17,2.0,35.3
mpg,0.0,9,ack-4f,w,3,3,0,ctl,ok,0,0,2.9,35.3
mpg,0.0,9,w48-qpsk-r1/5,w48,19,2,1,data,ok,17,17,2.5,35.3
mpg,0.0,9,ack-4f,w,2,2,0,ctl,ok,0,0,-5.7,35.3
mpg,0.0,9,w48-qpsk-r1/5,w48,19,1,,data,missed,0,0,,35.3
mpg,0.0,9,ack-4f,w,3,3,0,ctl,ok,0,0,-0.6,35.3
mpg,0.0,9,ack-4f,w,3,3,0,ctl,ok,0,0,1.7,35.3
mpg,0.0,9,w48-qpsk-r1/5,w48,19,2,1,data,ok,17,17,2.1,35.3
mpg,0.0,9,ack-4f,w,3,3,0,ctl,ok,0,0,-0.6,35.3
mpg,0.0,9,w48-qpsk-r1/5,w48,19,2,1,data,ok,17,17,2.4,35.3
mpg,0.0,9,ack-4f,w,2,2,0,ctl,ok,0,0,6.7,35.3
mpg,0.0,9,w48-qpsk-r1/5,w48,19,1,0,data,ok,18,18,1.4,35.3
mpg,0.0,9,n4-ack-2f,n4,2,2,0,ctl,ok,0,0,-1.1,35.3
mpg,0.0,9,w48-qpsk-r1/5,w48,19,1,0,data,ctl_lost,18,0,-2.1,35.3
mpg,0.0,9,ack-4f,w,3,3,0,ctl,ok,0,0,5.0,35.3
mpg,0.0,9,ack-4f,w,3,3,0,ctl,ok,0,0,3.0,35.3
mpg,0.0,9,w48-qpsk-r1/5,w48,19,2,1,data,ok,17,17,3.4,35.3
mpg,0.0,9,ack-4f,w,3,3,0,ctl,ok,0,0,9.0,35.3
mpg,0.0,9,16qam-r1/3,w,19,2,1,data,ok,17,17,4.7,35.3
mpg,0.0,9,ack-1f,w,2,2,0,ctl,ok,0,0,2.6,35.3
mpg,0.0,9,w48-qpsk-r1/5,w48,19,1,0,data,ok,18,18,2.3,35.3
mpg,0.0,9,ack-1f,w,2,2,0,ctl,ok,0,0,3.1,35.3
mpg,0.0,9,w48-qpsk-r1/5,w48,19,1,0,data,ok,18,12,-0.1,35.3
mpg,0.0,9,ack-4f,w,4,4,0,ctl,ok,0,0,2.7,35.3
mpg,0.0,9,w48-qpsk-r1/5,w48,19,2,1,data,ok,11,11,1.6,35.3
mpg,0.0,9,n4-ack-2f,n4,3,3,0,ctl,ok,0,0,-2.3,35.3
mpg,0.0,9,w48-qpsk-r1/5,w48,19,2,1,data,ok,17,17,3.5,35.3
mpg,0.0,9,ack-4f,w,2,2,0,ctl,ok,0,0,5.5,35.3
mpg,0.0,9,w48-qpsk-r1/5,w48,19,1,0,data,ok,18,18,0.9,35.3
mpg,0.0,9,n4-ack-2f,n4,2,2,0,ctl,ok,0,0,-1.4,35.3
mpg,0.0,9,w48-qpsk-r1/5,w48,19,1,0,data,ok,18,18,1.3,35.3
mpg,0.0,9,ack-4f,w,3,3,0,ctl,ok,0,0,4.9,35.3
mpg,0.0,9,w48-qpsk-r1/5,w48,19,2,1,data,ok,17,17,0.6,35.3
mpg,0.0,9,n4-ack-2f,n4,3,3,0,ctl,ok,0,0,-1.1,35.3
mpg,0.0,9,w48-qpsk-r1/5,w48,19,2,1,data,ok,17,17,2.4,35.3
mpg,0.0,3,qpsk-r1/5,w,1,1,0,ctl,ok,0,0,5.0,40.8
mpg,0.0,3,qpsk-r1/5,w,1,1,0,ctl,ok,0,0,3.2,40.8
mpg,0.0,3,ack-4f,w,3,3,0,ctl,ok,0,0,-2.8,40.8
mpg,0.0,3,ack-1f,w,3,3,0,ctl,ok,0,0,-3.7,40.8
mpg,0.0,3,qpsk-r1/3,w,9,2,1,data,ok,7,7,2.4,40.8
mpg,0.0,3,ack-4f,w,3,3,0,ctl,ok,0,0,3.3,40.8
mpg,0.0,3,qpsk-r1/3,w,9,2,1,data,ok,7,7,5.4,40.8
mpg,0.0,3,ack-1f,w,3,3,0,ctl,ok,0,0,6.9,40.8
mpg,0.0,3,qpsk-r1/2,w,9,2,1,data,ok,7,7,3.6,40.8
mpg,0.0,3,ack-1f,w,2,2,0,ctl,ok,0,0,-2.1,40.8
mpg,0.0,3,qpsk-r1/2,w,9,1,0,data,ok,8,8,3.9,40.8
mpg,0.0,3,ack-1f,w,3,3,0,ctl,ok,0,0,1.7,40.8
mpg,0.0,3,qpsk-r1/2,w,9,2,1,data,ok,7,7,6.3,40.8
mpg,0.0,3,ack-4f,w,3,3,0,ctl,ok,0,0,2.0,40.8
mpg,0.0,3,w48-qpsk-r1/2,w48,19,2,1,data,ok,17,0,1.5,40.8
mpg,0.0,3,ack-1f,w,3,3,0,ctl,ok,0,0,1.6,40.8
mpg,0.0,3,w48-qpsk-r1/2,w48,19,2,1,data,ok,0,0,3.0,40.8
mpg,0.0,3,ack-1f,w,3,3,0,ctl,ok,0,0,-0.4,40.8
mpg,0.0,3,w48-qpsk-r1/2,w48,19,2,1,data,ok,17,0,0.5,40.8
mpg,0.0,3,ack-1f,w,3,3,0,ctl,ok,0,0,3.7,40.8
mpg,0.0,3,w48-qpsk-r1/2,w48,19,2,1,data,ok,0,0,2.6,40.8
mpg,0.0,3,ack-1f,w,3,3,0,ctl,ok,0,0,1.4,40.8
mpg,0.0,3,w48-qpsk-r1/2,w48,19,2,1,data,ok,17,0,1.3,40.8
mpg,0.0,3,ack-1f,w,3,3,0,ctl,ok,0,0,4.8,40.8
mpg,0.0,3,w48-qpsk-r1/2,w48,19,2,1,data,ctl_lost,0,0,-1.6,40.8
mpg,0.0,3,ack-4f,w,3,3,0,ctl,ok,0,0,-0.2,40.8
mpg,0.0,3,ack-4f,w,2,2,0,ctl,ok,0,0,1.9,40.8
mpg,0.0,3,qpsk-r1/5,w,9,1,0,data,ok,8,8,0.7,40.8
mpg,0.0,3,ack-1f,w,2,2,0,ctl,ctl_lost,0,0,-9.2,40.8
mpg,0.0,3,ack-4f,w,4,4,0,ctl,ok,0,0,2.8,40.8
mpg,0.0,3,ack-4f,w,3,3,0,ctl,ok,0,0,3.8,40.8
mpg,0.0,3,qpsk-r1/3,w,9,2,1,data,ok,7,7,4.6,40.8
mpg,0.0,3,ack-4f,w,3,3,0,ctl,ok,0,0,6.4,40.8
mpg,0.0,3,qpsk-r1/2,w,9,2,1,data,ok,7,7,3.6,40.8
mpg,0.0,3,ack-1f,w,2,2,0,ctl,ok,0,0,2.3,40.8
mpg,0.0,3,qpsk-r1/2,w,9,1,0,data,ok,8,8,5.5,40.8
mpg,0.0,3,ack-1f,w,2,2,0,ctl,ctl_lost,0,0,-6.0,40.8
mpg,0.0,3,ack-4f,w,3,3,0,ctl,ok,0,0,3.1,40.8
mpg,0.0,3,ack-4f,w,2,2,0,ctl,ok,0,0,5.6,40.8
mpg,0.0,3,qpsk-r1/2,w,9,1,0,data,ok,8,8,5.2,40.8
mpg,0.0,3,n4-ack-2f,n4,2,2,0,ctl,ctl_lost,0,0,-3.8,40.8
mpg,0.0,3,ack-4f,w,3,3,0,ctl,ok,0,0,2.0,40.8
mpg,0.0,3,ack-4f,w,3,3,0,ctl,ok,0,0,3.9,40.8
mpg,0.0,3,qpsk-r1/2,w,9,2,1,data,ok,7,7,6.6,40.8
mpg,0.0,3,ack-4f,w,2,2,0,ctl,ok,0,0,0.7,40.8
mpg,0.0,3,qpsk-r1/2,w,9,1,0,data,ok,8,8,4.0,40.8
mpg,0.0,3,ack-4f,w,2,2,0,ctl,ok,0,0,4.9,40.8
mpg,0.0,3,qpsk-r1/2,w,9,1,0,data,ok,8,8,5.0,40.8
mpg,0.0,3,ack-4f,w,2,2,0,ctl,ok,0,0,2.9,40.8
mpg,0.0,3,qpsk-r1/2,w,9,1,0,data,ok,8,8,2.5,40.8
mpg,0.0,3,ack-4f,w,2,2,0,ctl,ok,0,0,-4.7,40.8
mpg,0.0,3,qpsk-r1/2,w,9,1,0,data,ok,8,8,6.0,40.8
mpg,0.0,3,ack-4f,w,2,2,0,ctl,ok,0,0,4.4,40.8
mpg,0.0,3,qpsk-r1/2,w,9,1,0,data,ctl_lost,8,0,0.2,40.8
mpg,0.0,3,ack-4f,w,3,3,0,ctl,ok,0,0,1.8,40.8
mpg,0.0,3,ack-4f,w,3,3,0,ctl,ok,0,0,-1.9,40.8
mpg,0.0,3,qpsk-r1/3,w,9,2,1,data,ok,7,7,0.8,40.8
mpg,0.0,3,ack-4f,w,3,3,0,ctl,ok,0,0,2.2,40.8
mpg,0.0,3,qpsk-r1/2,w,9,2,1,data,ok,7,0,1.0,40.8
mpg,0.0,3,ack-4f,w,3,3,0,ctl,ok,0,0,-1.9,40.8
mpg,0.0,3,qpsk-r1/3,w,9,2,1,data,ok,7,7,1.8,40.8
mpg,0.0,3,ack-4f,w,3,3,0,ctl,ok,0,0,2.4,40.8
mpg,0.0,3,qpsk-r1/2,w,9,2,1,data,ok,7,0,-0.8,40.8
mpg,0.0,3,ack-4f,w,3,3,0,ctl,ok,0,0,-4.5,40.8
mpg,0.0,3,qpsk-r1/3,w,9,2,1,data,ok,7,7,2.9,40.8
mpg,0.0,3,ack-4f,w,2,2,0,ctl,ok,0,0,5.7,40.8
mpg,0.0,3,qpsk-r1/3,w,9,1,0,data,ok,8,8,3.3,40.8
mpg,0.0,3,ack-4f,w,3,3,0,ctl,ok,0,0,6.0,40.8
mpg,0.0,3,qpsk-r1/2,w,9,2,1,data,ok,7,7,3.1,40.8
mpg,0.0,3,ack-1f,w,2,2,0,ctl,ok,0,0,4.2,40.8
mpg,0.0,3,qpsk-r1/2,w,9,1,0,data,ok,8,8,3.4,40.8
mpg,0.0,3,ack-1f,w,3,3,0,ctl,ok,0,0,2.7,40.8
mpg,0.0,3,qpsk-r1/2,w,9,2,1,data,ok,7,7,3.2,40.8
mpg,0.0,3,ack-4f,w,2,2,0,ctl,ok,0,0,2.7,40.8
mpg,0.0,3,qpsk-r1/2,w,9,1,0,data,ok,8,7,2.7,40.8
mpg,0.0,3,ack-4f,w,3,3,0,ctl,ok,0,0,-0.7,40.8
mpg,0.0,3,qpsk-r1/2,w,9,1,0,data,ctl_lost,7,0,0.1,40.8
mpg,0.0,3,ack-4f,w,3,3,0,ctl,ok,0,0,7.2,40.8
mpg,0.0,3,ack-4f,w,3,3,0,ctl,ok,0,0,7.6,40.8
mpg,0.0,3,qpsk-r1/2,w,9,2,1,data,ok,6,6,9.4,40.8
mpg,0.0,3,ack-1f,w,2,2,0,ctl,ok,0,0,3.5,40.8
mpg,0.0,3,w48-qpsk-r1/2,w48,19,1,0,data,ctl_lost,18,0,3.4,40.8
mpg,0.0,3,ack-4f,w,4,4,0,ctl,ok,0,0,5.9,40.8
mpg,0.0,3,ack-4f,w,2,2,0,ctl,ok,0,0,4.1,40.8
mpg,0.0,3,qpsk-r1/2,w,9,1,0,data,ctl_lost,8,0,-0.2,40.8
mpg,0.0,3,ack-4f,w,4,4,0,ctl,ok,0,0,1.4,40.8
mpg,0.0,3,ack-4f,w,3,3,0,ctl,ok,0,0,6.7,40.8
mpg,0.0,3,qpsk-r1/3,w,9,2,1,data,ok,7,7,5.4,40.8
mpg,0.0,3,ack-1f,w,3,3,0,ctl,ok,0,0,-0.8,40.8
mpg,0.0,3,w48-qpsk-r1/5,w48,19,2,1,data,ok,17,17,0.6,40.8
mpg,0.0,3,ack-4f,w,3,3,0,ctl,ok,0,0,3.4,40.8
mpg,0.0,3,w48-qpsk-r1/5,w48,19,2,1,data,ok,17,17,2.3,40.8
mpg,0.0,3,ack-4f,w,2,2,0,ctl,ok,0,0,-0.9,40.8
mpg,0.0,3,qpsk-r1/3,w,9,1,0,data,ok,8,8,2.6,40.8
mpg,0.0,3,ack-4f,w,3,3,0,ctl,ok,0,0,-3.2,40.8
mpg,0.0,3,w48-qpsk-r1/5,w48,19,2,1,data,ok,17,0,-1.5,40.8
mpg,0.0,7,qpsk-r1/5,w,1,1,0,ctl,ok,0,0,3.3,38.7
mpg,0.0,7,qpsk-r1/5,w,1,1,0,ctl,ok,0,0,5.7,38.7
mpg,0.0,7,ack-4f,w,3,3,0,ctl,ok,0,0,7.2,38.7
mpg,0.0,7,ack-1f,w,3,3,0,ctl,ok,0,0,9.0,38.7
mpg,0.0,7,w48-qpsk-r1/2,w48,19,2,1,data,ok,17,0,1.1,38.7
mpg,0.0,7,ack-1f,w,3,3,0,ctl,ok,0,0,3.6,38.7
mpg,0.0,7,w48-qpsk-r1/2,w48,19,2,1,data,ok,0,0,3.9,38.7
mpg,0.0,7,ack-1f,w,3,3,0,ctl,ok,0,0,0.6,38.7
mpg,0.0,7,w48-qpsk-r1/2,w48,19,2,1,data,ctl_lost,17,0,-0.5,38.7
mpg,0.0,7,ack-4f,w,3,3,0,ctl,ok,0,0,1.0,38.7
mpg,0.0,7,ack-4f,w,3,3,0,ctl,ok,0,0,4.4,38.7
mpg,0.0,7,qpsk-r1/3,w,9,2,1,data,ok,7,7,8.4,38.7
mpg,0.0,7,ack-1f,w,3,3,0,ctl,ok,0,0,11.0,38.7
mpg,0.0,7,w48-qpsk-r1/2,w48,19,2,1,data,ok,17,0,1.4,38.7
mpg,0.0,7,ack-1f,w,3,3,0,ctl,ok,0,0,1.9,38.7
mpg,0.0,7,qpsk-r1/2,w,9,2,1,data,ok,7,7,3.4,38.7
mpg,0.0,7,ack-1f,w,3,3,0,ctl,ok,0,0,3.5,38.7
mpg,0.0,7,qpsk-r1/2,w,9,2,1,data,ok,7,7,3.3,38.7
mpg,0.0,7,ack-1f,w,3,3,0,ctl,ok,0,0,-1.4,38.7
mpg,0.0,7,qpsk-r1/2,w,9,2,,data,missed,0,0,,38.7
mpg,0.0,7,ack-4f,w,3,3,0,ctl,ok,0,0,-0.4,38.7
mpg,0.0,7,ack-4f,w,3,3,0,ctl,ok,0,0,-2.3,38.7
mpg,0.0,7,qpsk-r1/2,w,9,2,1,data,ok,7,7,7.4,38.7
mpg,0.0,7,ack-4f,w,2,2,0,ctl,ok,0,0,6.1,38.7
mpg,0.0,7,qpsk-r1/2,w,9,1,0,data,ctl_lost,8,0,1.6,38.7
mpg,0.0,7,ack-4f,w,3,3,0,ctl,ok,0,0,6.6,38.7
mpg,0.0,7,ack-4f,w,3,3,0,ctl,ok,0,0,4.1,38.7
mpg,0.0,7,qpsk-r1/2,w,9,2,1,data,ok,7,7,2.2,38.7
mpg,0.0,7,ack-1f,w,3,3,0,ctl,ok,0,0,4.7,38.7
mpg,0.0,7,qpsk-r1/2,w,9,2,1,data,ok,7,0,-1.6,38.7
mpg,0.0,7,ack-1f,w,3,3,0,ctl,ctl_lost,0,0,0.3,38.7
mpg,0.0,7,ack-4f,w,3,3,0,ctl,ok,0,0,0.1,38.7
mpg,0.0,7,ack-4f,w,2,2,0,ctl,ok,0,0,6.0,38.7
mpg,0.0,7,qpsk-r1/5,w,9,1,0,data,ok,8,8,2.0,38.7
mpg,0.0,7,ack-4f,w,3,3,0,ctl,ok,0,0,4.2,38.7
mpg,0.0,7,qpsk-r1/3,w,9,2,1,data,ok,7,7,1.6,38.7
mpg,0.0,7,ack-1f,w,2,2,0,ctl,ctl_lost,0,0,-11.0,38.7
mpg,0.0,7,ack-4f,w,3,3,0,ctl,ok,0,0,2.3,38.7
mpg,0.0,7,ack-4f,w,3,3,0,ctl,ok,0,0,2.1,38.7
mpg,0.0,7,qpsk-r1/3,w,9,2,1,data,ok,7,0,-1.6,38.7
mpg,0.0,7,n10-ack-4f,n10,3,3,0,ctl,ok,0,0,2.5,38.7
mpg,0.0,7,qpsk-r1/3,w,9,2,1,data,ok,0,0,5.1,38.7
mpg,0.0,7,n4-ack-2f,n4,2,2,0,ctl,ok,0,0,-2.5,38.7
mpg,0.0,7,qpsk-r1/3,w,9,1,0,data,ok,8,8,2.0,38.7
mpg,0.0,7,ack-4f,w,3,3,0,ctl,ok,0,0,5.0,38.7
mpg,0.0,7,w48-qpsk-r1/2,w48,19,2,1,data,ok,17,0,1.8,38.7
mpg,0.0,7,n4-ack-2f,n4,3,3,0,ctl,ok,0,0,7.0,38.7
mpg,0.0,7,qpsk-r1/2,w,9,2,1,data,ok,7,0,0.2,38.7
mpg,0.0,7,ack-1f,w,2,2,0,ctl,ok,0,0,1.2,38.7
mpg,0.0,7,qpsk-r1/3,w,9,1,0,data,ok,8,8,3.8,38.7
mpg,0.0,7,ack-4f,w,2,2,0,ctl,ok,0,0,1.9,38.7
mpg,0.0,7,qpsk-r1/3,w,9,1,0,data,ok,8,8,1.0,38.7
mpg,0.0,7,ack-4f,w,3,3,,ctl,missed,0,0,,38.7
mpg,0.0,7,ack-4f,w,3,3,0,ctl,ok,0,0,-1.0,38.7
mpg,0.0,7,ack-4f,w,3,3,0,ctl,ok,0,0,1.3,38.7
mpg,0.0,7,qpsk-r1/3,w,9,2,1,data,ok,7,7,4.4,38.7
mpg,0.0,7,ack-4f,w,3,3,0,ctl,ok,0,0,6.2,38.7
mpg,0.0,7,qpsk-r1/2,w,9,2,1,data,ok,7,7,1.8,38.7
mpg,0.0,7,n4-ack-2f,n4,3,3,0,ctl,ok,0,0,0.4,38.7
mpg,0.0,7,qpsk-r1/2,w,9,2,1,data,ok,7,7,6.0,38.7
mpg,0.0,7,ack-4f,w,2,2,0,ctl,ok,0,0,-0.7,38.7
mpg,0.0,7,qpsk-r1/2,w,9,1,0,data,ok,8,8,3.8,38.7
mpg,0.0,7,ack-4f,w,2,2,0,ctl,ok,0,0,5.0,38.7
mpg,0.0,7,qpsk-r1/2,w,9,1,0,data,ok,8,8,4.9,38.7
mpg,0.0,7,n4-ack-2f,n4,2,2,0,ctl,ok,0,0,0.7,38.7
mpg,0.0,7,qpsk-r1/2,w,9,1,0,data,ok,8,8,8.0,38.7
mpg,0.0,7,n4-ack-2f,n4,2,2,0,ctl,ok,0,0,2.8,38.7
mpg,0.0,7,w48-qpsk-r1/2,w48,19,1,0,data,ctl_lost,18,0,0.9,38.7
mpg,0.0,7,ack-4f,w,3,3,0,ctl,ok,0,0,4.7,38.7
mpg,0.0,7,ack-4f,w,2,2,0,ctl,ok,0,0,5.9,38.7
mpg,0.0,7,qpsk-r1/2,w,9,1,0,data,ok,8,8,3.1,38.7
mpg,0.0,7,n4-ack-2f,n4,2,2,0,ctl,ctl_lost,0,0,-3.5,38.7
mpg,0.0,7,ack-4f,w,4,4,0,ctl,ok,0,0,0.9,38.7
mpg,0.0,7,ack-4f,w,3,3,0,ctl,ok,0,0,4.4,38.7
mpg,0.0,7,qpsk-r1/2,w,9,2,1,data,ok,7,7,1.6,38.7
mpg,0.0,7,ack-4f,w,3,3,0,ctl,ok,0,0,6.7,38.7
mpg,0.0,7,qpsk-r1/2,w,9,2,1,data,ok,7,3,2.7,38.7
mpg,0.0,7,n4-ack-2f,n4,3,3,0,ctl,ok,0,0,7.0,38.7
mpg,0.0,7,qpsk-r1/2,w,9,2,1,data,ok,3,3,4.4,38.7
mpg,0.0,7,ack-1f,w,2,2,0,ctl,ok,0,0,4.3,38.7
mpg,0.0,7,qpsk-r1/2,w,9,1,0,data,ok,8,6,2.2,38.7
mpg,0.0,7,ack-1f,w,3,3,0,ctl,ok,0,0,0.1,38.7
mpg,0.0,7,qpsk-r1/2,w,9,1,0,data,ok,6,3,2.5,38.7
mpg,0.0,7,ack-4f,w,3,3,0,ctl,ok,0,0,3.3,38.7
mpg,0.0,7,qpsk-r1/2,w,9,2,1,data,ok,4,4,3.6,38.7
mpg,0.0,7,ack-4f,w,2,2,0,ctl,ok,0,0,-3.2,38.7
mpg,0.0,7,qpsk-r1/2,w,9,1,0,data,ok,8,8,4.2,38.7
mpg,0.0,7,ack-4f,w,2,2,0,ctl,ok,0,0,6.9,38.7
mpg,0.0,7,qpsk-r1/2,w,9,1,0,data,ok,8,8,5.5,38.7
mpg,0.0,7,ack-4f,w,2,2,0,ctl,ok,0,0,6.1,38.7
mpg,0.0,7,qpsk-r1/2,w,9,1,0,data,ok,8,7,1.0,38.7
mpg,0.0,7,ack-1f,w,3,3,0,ctl,ok,0,0,-0.3,38.7
mpg,0.0,7,qpsk-r1/2,w,9,1,0,data,ok,7,6,2.1,38.7
mpg,0.0,7,ack-4f,w,3,3,0,ctl,ok,0,0,5.5,38.7
mpg,0.0,7,qpsk-r1/2,w,9,1,0,data,ok,7,7,2.7,38.7
mpg,0.0,7,ack-4f,w,2,2,0,ctl,ok,0,0,6.9,38.7
mpg,0.0,7,qpsk-r1/2,w,9,1,0,data,ok,8,8,3.8,38.7
mpg,0.0,11,qpsk-r1/5,w,1,1,0,ctl,ok,0,0,6.8,34.9
mpg,0.0,11,qpsk-r1/5,w,1,1,0,ctl,ok,0,0,5.0,34.9
mpg,0.0,11,ack-4f,w,3,3,0,ctl,ok,0,0,-3.3,34.9
mpg,0.0,11,ack-1f,w,3,3,0,ctl,ok,0,0,1.1,34.9
mpg,0.0,11,qpsk-r1/2,w,9,2,1,data,ok,7,7,2.4,34.9
mpg,0.0,11,ack-1f,w,3,3,0,ctl,ok,0,0,1.6,34.9
mpg,0.0,11,qpsk-r1/3,w,9,2,1,data,ok,7,7,3.5,34.9
mpg,0.0,11,ack-1f,w,3,3,0,ctl,ok,0,0,5.0,34.9
mpg,0.0,11,qpsk-r1/2,w,9,2,1,data,ok,7,7,5.0,34.9
mpg,0.0,11,ack-1f,w,2,2,0,ctl,ok,0,0,8.2,34.9
mpg,0.0,11,qpsk-r1/2,w,9,1,0,data,ok,8,8,5.6,34.9
mpg,0.0,11,ack-1f,w,3,3,0,ctl,ok,0,0,7.5,34.9
mpg,0.0,11,w48-qpsk-r1/2,w48,19,2,1,data,ok,17,0,2.0,34.9
mpg,0.0,11,ack-1f,w,2,2,0,ctl,ok,0,0,3.6,34.9
mpg,0.0,11,qpsk-r1/2,w,9,1,0,data,ctl_lost,8,0,-2.9,34.9
mpg,0.0,11,ack-4f,w,4,4,0,ctl,ok,0,0,4.9,34.9
mpg,0.0,11,ack-4f,w,3,3,0,ctl,ok,0,0,1.9,34.9
mpg,0.0,11,qpsk-r1/3,w,9,2,1,data,ok,7,7,3.7,34.9
mpg,0.0,11,ack-1f,w,3,3,0,ctl,ok,0,0,7.9,34.9
mpg,0.0,11,qpsk-r1/2,w,9,2,1,data,ok,7,7,3.8,34.9
mpg,0.0,11,ack-1f,w,3,3,,ctl,missed,0,0,,34.9
mpg,0.0,11,ack-4f,w,3,3,0,ctl,ok,0,0,-6.8,34.9
mpg,0.0,11,ack-4f,w,3,3,0,ctl,ok,0,0,-0.7,34.9
mpg,0.0,11,qpsk-r1/3,w,9,2,1,data,ok,7,0,-1.5,34.9
mpg,0.0,11,ack-1f,w,3,3,0,ctl,ok,0,0,2.3,34.9
mpg,0.0,11,qpsk-r1/5,w,9,2,1,data,ok,7,7,5.6,34.9
mpg,0.0,11,ack-4f,w,2,2,0,ctl,ok,0,0,-0.0,34.9
mpg,0.0,11,qpsk-r1/3,w,9,1,0,data,ok,8,8,0.4,34.9
mpg,0.0,11,ack-1f,w,3,3,0,ctl,ok,0,0,2.5,34.9
mpg,0.0,11,qpsk-r1/2,w,9,2,1,data,ok,7,0,0.9,34.9
mpg,0.0,11,ack-1f,w,3,3,0,ctl,ok,0,0,3.8,34.9
mpg,0.0,11,qpsk-r1/3,w,9,2,1,data,ok,7,7,-0.2,34.9
mpg,0.0,11,ack-1f,w,3,3,0,ctl,ok,0,0,3.0,34.9
mpg,0.0,11,qpsk-r1/3,w,9,2,1,data,ok,7,7,1.9,34.9
mpg,0.0,11,ack-1f,w,2,2,0,ctl,ok,0,0,-0.3,34.9
mpg,0.0,11,qpsk-r1/3,w,9,1,0,data,ok,8,8,5.1,34.9
mpg,0.0,11,ack-1f,w,3,3,0,ctl,ok,0,0,1.9,34.9
mpg,0.0,11,qpsk-r1/2,w,9,2,1,data,ok,7,0,1.0,34.9
mpg,0.0,11,ack-1f,w,3,3,0,ctl,ctl_lost,0,0,-3.8,34.9
mpg,0.0,11,ack-4f,w,3,3,0,ctl,ok,0,0,-0.1,34.9
mpg,0.0,11,ack-4f,w,3,3,0,ctl,ok,0,0,3.4,34.9
mpg,0.0,11,qpsk-r1/3,w,9,2,1,data,ok,7,7,3.6,34.9
mpg,0.0,11,ack-4f,w,2,2,0,ctl,ok,0,0,6.7,34.9
mpg,0.0,11,qpsk-r1/3,w,9,1,0,data,ok,8,8,3.5,34.9
mpg,0.0,11,ack-1f,w,3,3,0,ctl,ctl_lost,0,0,-0.2,34.9
mpg,0.0,11,ack-4f,w,3,3,0,ctl,ok,0,0,1.7,34.9
mpg,0.0,11,ack-4f,w,3,3,0,ctl,ok,0,0,3.7,34.9
mpg,0.0,11,qpsk-r1/2,w,9,2,1,data,ok,7,7,6.9,34.9
mpg,0.0,11,n4-ack-2f,n4,2,2,0,ctl,ok,0,0,1.8,34.9
mpg,0.0,11,qpsk-r1/2,w,9,1,0,data,ctl_lost,8,0,0.4,34.9
mpg,0.0,11,ack-4f,w,3,3,0,ctl,ok,0,0,-1.1,34.9
mpg,0.0,11,ack-4f,w,3,3,0,ctl,ok,0,0,-6.6,34.9
mpg,0.0,11,qpsk-r1/3,w,9,2,1,data,ok,7,7,4.9,34.9
mpg,0.0,11,ack-4f,w,2,2,0,ctl,ok,0,0,4.1,34.9
mpg,0.0,11,qpsk-r1/3,w,9,1,0,data,ok,8,8,3.1,34.9
mpg,0.0,11,ack-4f,w,2,2,0,ctl,ok,0,0,-1.3,34.9
mpg,0.0,11,w48-qpsk-r1/5,w48,19,1,0,data,ok,18,18,3.2,34.9
mpg,0.0,11,ack-4f,w,2,2,0,ctl,ok,0,0,5.7,34.9
mpg,0.0,11,w48-qpsk-r1/5,w48,19,1,0,data,ok,18,18,3.3,34.9
mpg,0.0,11,n4-ack-2f,n4,2,2,0,ctl,ok,0,0,9.5,34.9
mpg,0.0,11,w48-qpsk-r1/5,w48,19,1,0,data,ok,18,18,1.9,34.9
mpg,0.0,11,ack-1f,w,3,3,0,ctl,ok,0,0,2.7,34.9
mpg,0.0,11,w48-qpsk-r1/2,w48,19,2,1,data,ok,17,0,-0.4,34.9
mpg,0.0,11,ack-1f,w,3,3,0,ctl,ok,0,0,3.1,34.9
mpg,0.0,11,w48-qpsk-r1/5,w48,19,2,1,data,ok,17,17,1.9,34.9
mpg,0.0,11,ack-4f,w,3,3,0,ctl,ok,0,0,7.5,34.9
mpg,0.0,11,w48-qpsk-r1/5,w48,19,2,1,data,ok,17,17,3.9,34.9
mpg,0.0,11,ack-1f,w,3,3,0,ctl,ctl_lost,0,0,-5.0,34.9
mpg,0.0,11,ack-4f,w,3,3,0,ctl,ok,0,0,1.0,34.9
mpg,0.0,11,ack-4f,w,2,2,0,ctl,ok,0,0,4.6,34.9
mpg,0.0,11,w48-qpsk-r1/5,w48,19,1,0,data,ok,18,18,1.4,34.9
mpg,0.0,11,n4-ack-2f,n4,3,3,0,ctl,ctl_lost,0,0,-6.7,34.9
mpg,0.0,11,ack-4f,w,3,3,0,ctl,ok,0,0,-1.5,34.9
mpg,0.0,11,ack-4f,w,2,2,0,ctl,ok,0,0,2.4,34.9
mpg,0.0,11,qpsk-r1/3,w,9,1,0,data,ok,8,8,1.9,34.9
mpg,0.0,11,ack-4f,w,2,2,0,ctl,ok,0,0,2.1,34.9
mpg,0.0,11,qpsk-r1/3,w,9,1,0,data,ok,8,8,1.0,34.9
mpg,0.0,11,ack-4f,w,3,3,0,ctl,ok,0,0,-1.4,34.9
mpg,0.0,11,w48-qpsk-r1/5,w48,19,2,1,data,ok,17,17,0.1,34.9
mpg,0.0,11,ack-4f,w,3,3,0,ctl,ok,0,0,5.0,34.9
mpg,0.0,11,w48-qpsk-r1/5,w48,19,2,1,data,ok,17,16,0.1,34.9
mpg,0.0,11,ack-4f,w,4,4,0,ctl,ok,0,0,7.1,34.9
mpg,0.0,11,w48-qpsk-r1/5,w48,19,2,1,data,ok,16,1,-1.0,34.9
mpg,0.0,11,n4-ack-2f,n4,4,4,0,ctl,ctl_lost,0,0,-9.0,34.9
mpg,0.0,11,ack-4f,w,3,3,0,ctl,ok,0,0,6.7,34.9
mpg,0.0,11,ack-4f,w,3,3,0,ctl,ok,0,0,5.9,34.9
mpg,0.0,11,w48-qpsk-r1/5,w48,19,1,0,data,ok,18,18,0.1,34.9
mpg,0.0,11,ack-4f,w,2,2,0,ctl,ok,0,0,5.5,34.9
mpg,0.0,11,w48-qpsk-r1/5,w48,19,1,0,data,ctl_lost,18,0,-2.0,34.9
mpg,0.0,11,ack-4f,w,3,3,0,ctl,ok,0,0,0.5,34.9
mpg,0.0,11,ack-4f,w,2,2,0,ctl,ok,0,0,2.6,34.9
mpg,0.0,11,qpsk-r1/3,w,9,1,0,data,ok,8,8,-0.0,34.9
mpg,0.0,11,ack-4f,w,2,2,0,ctl,ok,0,0,4.4,34.9
mpg,0.0,11,qpsk-r1/3,w,9,1,0,data,ok,8,8,2.1,34.9
mpg,0.0,11,ack-4f,w,2,2,0,ctl,ok,0,0,-6.0,34.9
mpg,0.0,11,qpsk-r1/3,w,9,1,0,data,ok,8,8,2.2,34.9
mpg,0.0,11,ack-4f,w,2,2,0,ctl,ok,0,0,1.8,34.9
mpg,0.0,11,qpsk-r1/3,w,9,1,0,data,ok,8,8,1.9,34.9
mpg,0.0,11,ack-4f,w,2,2,0,ctl,ok,0,0,-4.5,34.9
mpg,0.0,11,qpsk-r1/3,w,9,1,0,data,ctl_lost,8,0,-0.9,34.9
mpg,0.0,4,qpsk-r1/5,w,1,1,0,ctl,ok,0,0,-4.7,38.7
mpg,0.0,4,qpsk-r1/5,w,1,1,0,ctl,ctl_lost,0,0,-9.2,38.7
mpg,0.0,4,n4-qpsk-r1/3,n4,1,1,,ctl,missed,0,0,,38.7
mpg,0.0,4,n4-qpsk-r1/3,n4,1,1,0,ctl,ok,0,0,-0.7,38.7
mpg,0.0,4,n4-qpsk-r1/3,n4,1,1,0,ctl,ok,0,0,2.1,38.7
mpg,0.0,4,ack-4f,w,3,3,0,ctl,ok,0,0,5.4,38.7
mpg,0.0,4,ack-1f,w,2,2,0,ctl,ok,0,0,5.1,38.7
mpg,0.0,4,qpsk-r1/2,w,9,1,0,data,ok,8,6,3.4,38.7
mpg,0.0,4,ack-1f,w,3,3,0,ctl,ok,0,0,9.0,38.7
mpg,0.0,4,qpsk-r1/2,w,9,2,1,data,ok,5,5,5.1,38.7
mpg,0.0,4,ack-1f,w,3,3,0,ctl,ok,0,0,5.0,38.7
mpg,0.0,4,qpsk-r1/2,w,9,2,1,data,ok,7,7,5.2,38.7
mpg,0.0,4,ack-1f,w,3,3,0,ctl,ok,0,0,2.0,38.7
mpg,0.0,4,w48-qpsk-r1/2,w48,19,2,1,data,ok,17,0,3.7,38.7
mpg,0.0,4,ack-1f,w,3,3,0,ctl,ok,0,0,0.2,38.7
mpg,0.0,4,w48-qpsk-r1/2,w48,19,2,1,data,ok,0,0,1.9,38.7
mpg,0.0,4,ack-1f,w,3,3,0,ctl,ok,0,0,1.1,38.7
mpg,0.0,4,w48-qpsk-r1/2,w48,19,2,1,data,ok,17,0,2.3,38.7
mpg,0.0,4,ack-4f,w,3,3,0,ctl,ok,0,0,2.1,38.7
mpg,0.0,4,w48-qpsk-r1/5,w48,19,2,1,data,ok,17,0,-0.2,38.7
mpg,0.0,4,ack-1f,w,3,3,0,ctl,ok,0,0,6.9,38.7
mpg,0.0,4,qpsk-r1/2,w,9,2,1,data,ok,7,7,3.2,38.7
mpg,0.0,4,ack-1f,w,3,3,0,ctl,ok,0,0,0.3,38.7
mpg,0.0,4,qpsk-r1/2,w,9,2,1,data,ok,7,0,-0.8,38.7
mpg,0.0,4,ack-1f,w,3,3,0,ctl,ok,0,0,2.4,38.7
mpg,0.0,4,qpsk-r1/2,w,9,2,1,data,ok,0,0,2.7,38.7
mpg,0.0,4,ack-1f,w,3,3,0,ctl,ok,0,0,2.6,38.7
mpg,0.0,4,qpsk-r1/2,w,9,2,1,data,ok,7,0,1.0,38.7
mpg,0.0,4,ack-1f,w,3,3,0,ctl,ok,0,0,0.5,38.7
mpg,0.0,4,qpsk-r1/2,w,9,2,1,data,ok,0,0,0.1,38.7
mpg,0.0,4,ack-1f,w,3,3,0,ctl,ctl_lost,0,0,-3.5,38.7
mpg,0.0,4,ack-4f,w,3,3,0,ctl,ok,0,0,5.7,38.7
mpg,0.0,4,ack-4f,w,2,2,0,ctl,ok,0,0,3.4,38.7
mpg,0.0,4,qpsk-r1/2,w,9,1,0,data,ok,8,8,5.1,38.7
mpg,0.0,4,ack-1f,w,2,2,0,ctl,ok,0,0,6.1,38.7
mpg,0.0,4,qpsk-r1/2,w,9,1,0,data,ctl_lost,8,2,2.7,38.7
mpg,0.0,4,ack-4f,w,3,3,0,ctl,ok,0,0,-4.0,38.7
mpg,0.0,4,ack-4f,w,3,3,0,ctl,ok,0,0,1.8,38.7
mpg,0.0,4,qpsk-r1/2,w,9,2,1,data,ok,7,7,2.4,38.7
mpg,0.0,4,ack-1f,w,3,3,0,ctl,ok,0,0,3.2,38.7
mpg,0.0,4,qpsk-r1/2,w,9,2,1,data,ok,7,7,5.1,38.7
mpg,0.0,4,ack-1f,w,2,2,0,ctl,ok,0,0,2.5,38.7
mpg,0.0,4,qpsk-r1/2,w,9,1,0,data,ctl_lost,8,1,2.4,38.7
mpg,0.0,4,ack-4f,w,3,3,0,ctl,ok,0,0,0.5,38.7
mpg,0.0,4,ack-4f,w,3,3,0,ctl,ok,0,0,5.9,38.7
mpg,0.0,4,qpsk-r1/3,w,9,2,1,data,ok,7,7,3.2,38.7
mpg,0.0,4,ack-1f,w,3,3,0,ctl,ok,0,0,0.2,38.7
mpg,0.0,4,qpsk-r1/2,w,9,2,1,data,ok,7,7,3.1,38.7
mpg,0.0,4,ack-1f,w,3,3,0,ctl,ok,0,0,1.6,38.7
mpg,0.0,4,qpsk-r1/2,w,9,2,1,data,ok,7,7,2.9,38.7
mpg,0.0,4,ack-1f,w,3,3,0,ctl,ok,0,0,2.8,38.7
mpg,0.0,4,qpsk-r1/2,w,9,2,1,data,ok,7,7,3.0,38.7
mpg,0.0,4,ack-1f,w,3,3,0,ctl,ok,0,0,2.0,38.7
mpg,0.0,4,qpsk-r1/2,w,9,2,1,data,ok,7,7,4.1,38.7
mpg,0.0,4,ack-1f,w,2,2,0,ctl,ok,0,0,5.0,38.7
mpg,0.0,4,qpsk-r1/2,w,9,1,0,data,ok,8,8,4.4,38.7
mpg,0.0,4,ack-1f,w,2,2,0,ctl,ok,0,0,5.0,38.7
mpg,0.0,4,qpsk-r1/2,w,9,1,0,data,ok,8,8,3.8,38.7
mpg,0.0,4,ack-1f,w,2,2,0,ctl,ok,0,0,5.5,38.7
mpg,0.0,4,qpsk-r1/2,w,9,1,0,data,ctl_lost,8,0,-1.2,38.7
mpg,0.0,4,ack-4f,w,3,3,0,ctl,ok,0,0,1.8,38.7
mpg,0.0,4,ack-4f,w,3,3,0,ctl,ok,0,0,1.5,38.7
mpg,0.0,4,qpsk-r1/3,w,9,2,1,data,ok,7,7,6.1,38.7
mpg,0.0,4,ack-1f,w,3,3,0,ctl,ok,0,0,3.9,38.7
mpg,0.0,4,qpsk-r1/2,w,9,2,1,data,ok,7,7,3.2,38.7
mpg,0.0,4,ack-1f,w,2,2,0,ctl,ok,0,0,0.4,38.7
mpg,0.0,4,qpsk-r1/2,w,9,1,0,data,ok,8,8,3.2,38.7
mpg,0.0,4,ack-1f,w,3,3,0,ctl,ok,0,0,4.3,38.7
mpg,0.0,4,qpsk-r1/2,w,9,2,1,data,ok,7,0,-1.1,38.7
mpg,0.0,4,ack-1f,w,3,3,0,ctl,ok,0,0,5.5,38.7
mpg,0.0,4,qpsk-r1/3,w,9,2,1,data,ok,7,7,2.0,38.7
mpg,0.0,4,ack-1f,w,3,3,0,ctl,ctl_lost,0,0,-14.7,38.7
mpg,0.0,4,ack-4f,w,4,4,0,ctl,ok,0,0,4.7,38.7
mpg,0.0,4,ack-4f,w,3,3,0,ctl,ok,0,0,6.6,38.7
mpg,0.0,4,qpsk-r1/2,w,9,2,1,data,ok,7,7,4.4,38.7
mpg,0.0,4,ack-1f,w,2,2,0,ctl,ok,0,0,7.5,38.7
mpg,0.0,4,qpsk-r1/2,w,9,1,0,data,ok,8,8,4.6,38.7
mpg,0.0,4,ack-1f,w,2,2,0,ctl,ok,0,0,5.1,38.7
mpg,0.0,4,qpsk-r1/2,w,9,1,0,data,ctl_lost,8,0,0.7,38.7
mpg,0.0,4,ack-4f,w,3,3,0,ctl,ok,0,0,5.8,38.7
mpg,0.0,4,ack-4f,w,3,3,0,ctl,ok,0,0,6.8,38.7
mpg,0.0,4,w48-qpsk-r1/5,w48,19,2,1,data,ok,17,17,2.1,38.7
mpg,0.0,4,ack-1f,w,3,3,0,ctl,ok,0,0,4.0,38.7
mpg,0.0,4,w48-qpsk-r1/2,w48,19,2,1,data,ctl_lost,17,0,-0.1,38.7
mpg,0.0,4,ack-4f,w,3,3,0,ctl,ok,0,0,5.3,38.7
mpg,0.0,4,ack-4f,w,3,3,0,ctl,ok,0,0,1.9,38.7
mpg,0.0,4,w48-qpsk-r1/5,w48,19,2,1,data,ok,17,17,3.2,38.7
mpg,0.0,4,ack-1f,w,3,3,0,ctl,ok,0,0,8.2,38.7
mpg,0.0,4,qpsk-r1/2,w,9,2,1,data,ok,7,7,4.7,38.7
mpg,0.0,4,ack-1f,w,3,3,0,ctl,ok,0,0,1.1,38.7
mpg,0.0,4,qpsk-r1/2,w,9,2,1,data,ok,7,7,2.3,38.7
mpg,0.0,4,ack-1f,w,3,3,0,ctl,ok,0,0,4.4,38.7
mpg,0.0,4,qpsk-r1/2,w,9,2,1,data,ok,7,7,7.7,38.7
mpg,0.0,4,ack-1f,w,3,3,0,ctl,ok,0,0,7.0,38.7
mpg,0.0,4,w48-qpsk-r1/2,w48,19,2,1,data,ok,17,0,1.8,38.7
mpg,0.0,4,ack-1f,w,3,3,0,ctl,ok,0,0,2.7,38.7
mpg,0.0,4,w48-qpsk-r1/2,w48,19,2,1,data,ok,0,0,6.0,38.7
mpg,0.0,5,qpsk-r1/5,w,1,1,0,ctl,ok,0,0,4.6,48.9
mpg,0.0,5,qpsk-r1/5,w,1,1,0,ctl,ok,0,0,6.3,48.9
mpg,0.0,5,ack-4f,w,3,3,0,ctl,ok,0,0,3.6,48.9
mpg,0.0,5,ack-1f,w,2,2,0,ctl,ctl_lost,0,0,-5.1,48.9
mpg,0.0,5,ack-4f,w,3,3,0,ctl,ok,0,0,3.0,48.9
mpg,0.0,5,ack-4f,w,3,3,0,ctl,ok,0,0,0.5,48.9
mpg,0.0,5,w48-qpsk-r1/2,w48,19,2,1,data,ok,17,1,4.1,48.9
mpg,0.0,5,ack-4f,w,4,4,0,ctl,ok,0,0,6.0,48.9
mpg,0.0,5,w48-qpsk-r1/2,w48,19,2,1,data,ok,1,0,1.8,48.9
mpg,0.0,5,ack-1f,w,3,3,0,ctl,ok,0,0,1.5,48.9
mpg,0.0,5,w48-qpsk-r1/2,w48,19,2,1,data,ok,16,0,2.1,48.9
mpg,0.0,5,ack-1f,w,3,3,0,ctl,ok,0,0,3.9,48.9
mpg,0.0,5,w48-qpsk-r1/5,w48,19,2,1,data,ok,17,17,2.6,48.9
mpg,0.0,5,ack-1f,w,2,2,0,ctl,ok,0,0,7.0,48.9
mpg,0.0,5,w48-qpsk-r1/5,w48,19,1,0,data,ok,18,18,3.6,48.9
mpg,0.0,5,ack-1f,w,3,3,0,ctl,ok,0,0,-0.8,48.9
mpg,0.0,5,w48-qpsk-r1/2,w48,19,2,1,data,ok,17,0,0.6,48.9
mpg,0.0,5,ack-1f,w,3,3,0,ctl,ok,0,0,6.2,48.9
mpg,0.0,5,w48-qpsk-r1/5,w48,19,2,1,data,ok,17,17,1.3,48.9
mpg,0.0,5,ack-1f,w,3,3,0,ctl,ok,0,0,1.0,48.9
mpg,0.0,5,w48-qpsk-r1/5,w48,19,2,1,data,ok,17,17,2.1,48.9
mpg,0.0,5,ack-1f,w,2,2,0,ctl,ok,0,0,-1.1,48.9
mpg,0.0,5,w48-qpsk-r1/5,w48,19,1,0,data,ok,18,18,0.2,48.9
mpg,0.0,5,ack-4f,w,3,3,0,ctl,ok,0,0,1.6,48.9
mpg,0.0,5,w48-qpsk-r1/5,w48,19,2,1,data,ok,17,17,0.4,48.9
mpg,0.0,5,ack-4f,w,3,3,0,ctl,ok,0,0,0.0,48.9
mpg,0.0,5,w48-qpsk-r1/5,w48,19,2,1,data,ok,17,3,-0.6,48.9
mpg,0.0,5,ack-4f,w,4,4,0,ctl,ok,0,0,5.5,48.9
mpg,0.0,5,w48-qpsk-r1/5,w48,19,2,1,data,ok,3,3,0.4,48.9
mpg,0.0,5,ack-1f,w,3,3,0,ctl,ok,0,0,3.6,48.9
mpg,0.0,5,w48-qpsk-r1/5,w48,19,2,1,data,ok,17,0,-2.3,48.9
mpg,0.0,5,ack-1f,w,3,3,0,ctl,ok,0,0,3.9,48.9
mpg,0.0,5,w48-qpsk-r1/5,w48,19,2,1,data,ok,0,0,1.3,48.9
mpg,0.0,5,ack-1f,w,3,3,0,ctl,ok,0,0,5.5,48.9
mpg,0.0,5,w48-qpsk-r1/5,w48,19,2,1,data,ok,17,17,3.0,48.9
mpg,0.0,5,ack-1f,w,2,2,0,ctl,ok,0,0,1.7,48.9
mpg,0.0,5,w48-qpsk-r1/5,w48,19,1,0,data,ok,18,18,1.6,48.9
mpg,0.0,5,ack-1f,w,2,2,0,ctl,ok,0,0,3.1,48.9
mpg,0.0,5,w48-qpsk-r1/5,w48,19,1,0,data,ok,18,18,1.0,48.9
mpg,0.0,5,ack-1f,w,2,2,0,ctl,ok,0,0,-0.5,48.9
mpg,0.0,5,w48-qpsk-r1/5,w48,19,1,0,data,ok,18,18,0.9,48.9
mpg,0.0,5,ack-1f,w,2,2,0,ctl,ok,0,0,1.2,48.9
mpg,0.0,5,w48-qpsk-r1/5,w48,19,1,0,data,ok,18,18,1.7,48.9
mpg,0.0,5,ack-1f,w,2,2,0,ctl,ok,0,0,4.7,48.9
mpg,0.0,5,w48-qpsk-r1/5,w48,19,1,0,data,ok,18,18,2.9,48.9
mpg,0.0,5,ack-1f,w,2,2,0,ctl,ok,0,0,2.6,48.9
mpg,0.0,5,w48-qpsk-r1/5,w48,19,1,0,data,ok,18,18,4.1,48.9
mpg,0.0,5,ack-1f,w,3,3,0,ctl,ok,0,0,2.2,48.9
mpg,0.0,5,w48-qpsk-r1/3,w48,19,2,1,data,ok,17,17,3.5,48.9
mpg,0.0,5,ack-1f,w,3,3,0,ctl,ctl_lost,0,0,-0.9,48.9
mpg,0.0,5,ack-4f,w,3,3,0,ctl,ok,0,0,-3.2,48.9
mpg,0.0,5,ack-4f,w,2,2,0,ctl,ok,0,0,6.6,48.9
mpg,0.0,5,w48-qpsk-r1/5,w48,19,1,0,data,ok,18,18,3.3,48.9
mpg,0.0,5,ack-1f,w,2,2,0,ctl,ok,0,0,8.0,48.9
mpg,0.0,5,w48-qpsk-r1/5,w48,19,1,0,data,ok,18,18,2.3,48.9
mpg,0.0,5,ack-1f,w,2,2,0,ctl,ok,0,0,0.9,48.9
mpg,0.0,5,w48-qpsk-r1/5,w48,19,1,0,data,ok,18,18,1.5,48.9
mpg,0.0,5,ack-1f,w,2,2,0,ctl,ok,0,0,4.1,48.9
mpg,0.0,5,w48-qpsk-r1/5,w48,19,1,0,data,ok,18,18,2.4,48.9
mpg,0.0,5,ack-1f,w,2,2,0,ctl,ok,0,0,3.1,48.9
mpg,0.0,5,w48-qpsk-r1/5,w48,19,1,0,data,ok,18,18,0.9,48.9
mpg,0.0,5,ack-1f,w,2,2,0,ctl,ok,0,0,1.0,48.9
mpg,0.0,5,w48-qpsk-r1/5,w48,19,1,0,data,ok,18,18,0.8,48.9
mpg,0.0,5,ack-1f,w,2,2,0,ctl,ok,0,0,5.4,48.9
mpg,0.0,5,w48-qpsk-r1/5,w48,19,1,0,data,ok,18,18,1.9,48.9
mpg,0.0,5,ack-1f,w,2,2,0,ctl,ctl_lost,0,0,-3.0,48.9
mpg,0.0,5,ack-4f,w,3,3,0,ctl,ok,0,0,1.6,48.9
mpg,0.0,5,ack-4f,w,2,2,0,ctl,ok,0,0,1.9,48.9
mpg,0.0,5,w48-qpsk-r1/5,w48,19,1,0,data,ok,18,18,3.0,48.9
mpg,0.0,5,ack-4f,w,2,2,0,ctl,ok,0,0,5.9,48.9
mpg,0.0,5,w48-qpsk-r1/5,w48,19,1,0,data,ok,18,18,4.8,48.9
mpg,0.0,5,ack-1f,w,3,3,0,ctl,ok,0,0,6.0,48.9
mpg,0.0,5,w48-qpsk-r1/3,w48,19,2,1,data,ok,17,0,0.6,48.9
mpg,0.0,5,ack-1f,w,2,2,0,ctl,ok,0,0,1.6,48.9
mpg,0.0,5,w48-qpsk-r1/5,w48,19,1,0,data,ok,18,18,1.1,48.9
mpg,0.0,5,ack-1f,w,2,2,0,ctl,ok,0,0,-2.7,48.9
mpg,0.0,5,w48-qpsk-r1/5,w48,19,1,0,data,ok,18,18,4.0,48.9
mpg,0.0,5,ack-4f,w,2,2,0,ctl,ok,0,0,-1.9,48.9
mpg,0.0,5,w48-qpsk-r1/5,w48,19,1,0,data,ok,18,18,2.7,48.9
mpg,0.0,5,ack-4f,w,2,2,0,ctl,ok,0,0,7.6,48.9
mpg,0.0,5,w48-qpsk-r1/5,w48,19,1,0,data,ok,18,18,1.7,48.9
mpg,0.0,5,ack-1f,w,2,2,0,ctl,ok,0,0,2.3,48.9
mpg,0.0,5,w48-qpsk-r1/5,w48,19,1,0,data,ok,18,18,3.1,48.9
mpg,0.0,5,ack-1f,w,2,2,0,ctl,ok,0,0,4.8,48.9
mpg,0.0,5,w48-qpsk-r1/5,w48,19,1,0,data,ok,18,18,4.5,48.9
mpg,0.0,5,ack-1f,w,3,3,0,ctl,ok,0,0,3.3,48.9
mpg,0.0,5,w48-qpsk-r1/3,w48,19,2,1,data,ctl_lost,17,0,-3.9,48.9
mpg,0.0,5,ack-4f,w,3,3,0,ctl,ok,0,0,-1.4,48.9
mpg,0.0,5,ack-4f,w,3,3,0,ctl,ok,0,0,0.5,48.9
mpg,0.0,5,w48-qpsk-r1/5,w48,19,2,1,data,ok,17,17,2.1,48.9
mpg,0.0,5,ack-1f,w,2,2,0,ctl,ctl_lost,0,0,-7.7,48.9
mpg,0.0,5,ack-4f,w,4,4,0,ctl,ok,0,0,4.0,48.9
mpg,0.0,5,ack-4f,w,2,2,0,ctl,ok,0,0,1.1,48.9
mpg,0.0,5,w48-qpsk-r1/5,w48,19,1,0,data,ok,18,18,4.3,48.9
mpg,0.0,5,ack-4f,w,3,3,0,ctl,ok,0,0,4.3,48.9
mpg,0.0,5,16qam-r1/3,w,19,2,1,data,ctl_lost,17,0,-1.8,48.9
mpg,0.0,10,qpsk-r1/5,w,1,1,0,ctl,ok,0,0,6.8,39.5
mpg,0.0,10,qpsk-r1/5,w,1,1,0,ctl,ok,0,0,4.7,39.5
mpg,0.0,10,ack-4f,w,3,3,0,ctl,ok,0,0,5.6,39.5
mpg,0.0,10,ack-1f,w,3,3,0,ctl,ok,0,0,7.7,39.5
mpg,0.0,10,w48-qpsk-r1/2,w48,19,2,1,data,ok,17,17,5.3,39.5
mpg,0.0,10,ack-1f,w,3,3,0,ctl,ok,0,0,8.3,39.5
mpg,0.0,10,w48-qpsk-r1/2,w48,19,2,1,data,ctl_lost,17,0,0.3,39.5
mpg,0.0,10,ack-4f,w,2,2,0,ctl,ok,0,0,3.5,39.5
mpg,0.0,10,ack-4f,w,3,3,0,ctl,ok,0,0,2.0,39.5
mpg,0.0,10,w48-qpsk-r1/5,w48,19,2,1,data,ok,17,2,-0.9,39.5
mpg,0.0,10,ack-1f,w,4,4,0,ctl,ok,0,0,0.0,39.5
mpg,0.0,10,w48-qpsk-r1/5,w48,19,2,1,data,ok,2,2,-0.5,39.5
mpg,0.0,10,ack-1f,w,3,3,0,ctl,ctl_lost,0,0,-3.2,39.5
mpg,0.0,10,ack-4f,w,3,3,0,ctl,ok,0,0,1.1,39.5
mpg,0.0,10,ack-4f,w,3,3,0,ctl,ok,0,0,1.4,39.5
mpg,0.0,10,qpsk-r1/3,w,9,2,1,data,ok,7,7,4.5,39.5
mpg,0.0,10,ack-4f,w,3,3,0,ctl,ok,0,0,3.0,39.5
mpg,0.0,10,w48-qpsk-r1/5,w48,19,2,1,data,ok,17,17,1.1,39.5
mpg,0.0,10,n4-ack-2f,n4,2,2,0,ctl,ok,0,0,-2.6,39.5
mpg,0.0,10,w48-qpsk-r1/5,w48,19,1,0,data,ok,18,18,0.3,39.5
mpg,0.0,10,ack-4f,w,3,3,0,ctl,ok,0,0,0.5,39.5
mpg,0.0,10,w48-qpsk-r1/5,w48,19,2,1,data,ok,17,3,-0.6,39.5
mpg,0.0,10,ack-4f,w,4,4,0,ctl,ok,0,0,4.1,39.5
mpg,0.0,10,w48-qpsk-r1/5,w48,19,2,1,data,ok,3,3,1.2,39.5
mpg,0.0,10,n4-ack-2f,n4,3,3,0,ctl,ok,0,0,6.8,39.5
mpg,0.0,10,w48-qpsk-r1/5,w48,19,2,1,data,ok,17,17,3.1,39.5
mpg,0.0,10,ack-1f,w,2,2,0,ctl,ok,0,0,5.6,39.5
mpg,0.0,10,w48-qpsk-r1/5,w48,19,1,0,data,ok,18,18,3.5,39.5
mpg,0.0,10,ack-1f,w,2,2,0,ctl,ctl_lost,0,0,-2.6,39.5
mpg,0.0,10,ack-4f,w,3,3,0,ctl,ok,0,0,2.4,39.5
mpg,0.0,10,ack-4f,w,3,3,0,ctl,ok,0,0,3.1,39.5
mpg,0.0,10,qpsk-r1/2,w,9,2,1,data,ok,7,7,2.6,39.5
mpg,0.0,10,ack-4f,w,2,2,0,ctl,ok,0,0,2.7,39.5
mpg,0.0,10,w48-qpsk-r1/5,w48,19,1,0,data,ctl_lost,18,0,-2.5,39.5
mpg,0.0,10,ack-4f,w,3,3,0,ctl,ok,0,0,1.9,39.5
mpg,0.0,10,ack-4f,w,3,3,0,ctl,ok,0,0,-2.1,39.5
mpg,0.0,10,qpsk-r1/3,w,9,2,1,data,ok,7,7,2.8,39.5
mpg,0.0,10,ack-4f,w,2,2,0,ctl,ok,0,0,1.8,39.5
mpg,0.0,10,qpsk-r1/3,w,9,1,0,data,ok,8,8,1.6,39.5
mpg,0.0,10,ack-4f,w,3,3,0,ctl,ok,0,0,-2.3,39.5
mpg,0.0,10,qpsk-r1/2,w,9,2,1,data,ok,7,6,1.7,39.5
mpg,0.0,10,ack-4f,w,3,3,0,ctl,ok,0,0,4.1,39.5
mpg,0.0,10,qpsk-r1/2,w,9,2,1,data,ok,6,6,5.0,39.5
mpg,0.0,10,n4-ack-2f,n4,3,3,0,ctl,ok,0,0,10.9,39.5
mpg,0.0,10,qpsk-r1/2,w,9,2,1,data,ok,7,7,3.6,39.5
mpg,0.0,10,ack-1f,w,2,2,0,ctl,ok,0,0,4.5,39.5
mpg,0.0,10,qpsk-r1/2,w,9,1,0,data,ctl_lost,8,0,0.7,39.5
mpg,0.0,10,ack-4f,w,3,3,0,ctl,ok,0,0,2.0,39.5
mpg,0.0,10,ack-4f,w,2,2,0,ctl,ok,0,0,1.6,39.5
mpg,0.0,10,qpsk-r1/3,w,9,1,0,data,ok,8,8,-0.5,39.5
mpg,0.0,10,ack-4f,w,3,3,0,ctl,ok,0,0,1.1,39.5
mpg,0.0,10,qpsk-r1/3,w,9,2,1,data,ok,7,7,3.7,39.5
mpg,0.0,10,ack-4f,w,2,2,0,ctl,ok,0,0,8.5,39.5
mpg,0.0,10,qpsk-r1/3,w,9,1,0,data,ok,8,8,6.2,39.5
mpg,0.0,10,n4-ack-2f,n4,3,3,0,ctl,ok,0,0,3.0,39.5
mpg,0.0,10,w48-qpsk-r1/3,w48,19,2,1,data,ok,17,17,3.7,39.5
mpg,0.0,10,n4-ack-2f,n4,3,3,0,ctl,ok,0,0,1.8,39.5
mpg,0.0,10,w48-qpsk-r1/3,w48,19,2,1,data,ok,17,17,3.4,39.5
mpg,0.0,10,ack-4f,w,3,3,0,ctl,ok,0,0,6.9,39.5
mpg,0.0,10,w48-qpsk-r1/3,w48,19,2,1,data,ok,17,17,3.5,39.5
mpg,0.0,10,n4-ack-2f,n4,3,3,0,ctl,ok,0,0,4.4,39.5
mpg,0.0,10,w48-qpsk-r1/3,w48,19,2,1,data,ok,17,0,-2.0,39.5
mpg,0.0,10,n4-ack-2f,n4,2,2,0,ctl,ok,0,0,7.8,39.5
mpg,0.0,10,qpsk-r1/3,w,9,1,0,data,ok,8,8,6.8,39.5
mpg,0.0,10,n4-ack-2f,n4,3,3,0,ctl,ok,0,0,0.8,39.5
mpg,0.0,10,w48-qpsk-r1/5,w48,19,2,1,data,ctl_lost,17,0,-4.2,39.5
mpg,0.0,10,ack-4f,w,3,3,0,ctl,ok,0,0,-0.7,39.5
mpg,0.0,10,ack-4f,w,3,3,0,ctl,ok,0,0,5.5,39.5
mpg,0.0,10,qpsk-r1/3,w,9,2,1,data,ok,7,7,4.8,39.5
mpg,0.0,10,n4-ack-2f,n4,2,2,0,ctl,ctl_lost,0,0,-11.9,39.5
mpg,0.0,10,ack-4f,w,4,4,0,ctl,ok,0,0,0.4,39.5
mpg,0.0,10,ack-4f,w,3,3,0,ctl,ok,0,0,4.4,39.5
mpg,0.0,10,w48-qpsk-r1/3,w48,19,2,1,data,ok,17,0,1.9,39.5
mpg,0.0,10,ack-4f,w,2,2,0,ctl,ok,0,0,-2.4,39.5
mpg,0.0,10,qpsk-r1/3,w,9,1,0,data,ok,8,8,3.3,39.5
mpg,0.0,10,ack-4f,w,2,2,0,ctl,ok,0,0,0.9,39.5
mpg,0.0,10,qpsk-r1/3,w,9,1,0,data,ok,8,8,3.4,39.5
mpg,0.0,10,ack-4f,w,3,3,0,ctl,ok,0,0,5.4,39.5
mpg,0.0,10,w48-qpsk-r1/3,w48,19,2,1,data,ok,17,0,0.4,39.5
mpg,0.0,10,ack-4f,w,3,3,0,ctl,ok,0,0,-4.2,39.5
mpg,0.0,10,qpsk-r1/2,w,9,2,1,data,ok,7,7,2.5,39.5
mpg,0.0,10,ack-4f,w,2,2,0,ctl,ok,0,0,3.1,39.5
mpg,0.0,10,qpsk-r1/3,w,9,1,0,data,ok,8,8,-0.4,39.5
mpg,0.0,10,ack-4f,w,2,2,0,ctl,ok,0,0,3.6,39.5
mpg,0.0,10,qpsk-r1/3,w,9,1,0,data,ok,8,8,3.0,39.5
mpg,0.0,10,ack-4f,w,2,2,0,ctl,ok,0,0,-4.9,39.5
mpg,0.0,10,qpsk-r1/3,w,9,1,0,data,ok,8,8,3.9,39.5
mpg,0.0,10,ack-4f,w,3,3,0,ctl,ok,0,0,4.7,39.5
mpg,0.0,10,qpsk-r1/2,w,9,2,1,data,ok,7,7,2.9,39.5
mpg,0.0,10,ack-4f,w,3,3,0,ctl,ok,0,0,6.5,39.5
mpg,0.0,10,qpsk-r1/2,w,9,2,1,data,ok,7,6,2.4,39.5
mpg,0.0,10,n4-ack-2f,n4,3,3,0,ctl,ok,0,0,-2.2,39.5
mpg,0.0,10,qpsk-r1/2,w,9,2,1,data,ok,6,0,0.5,39.5
mpg,0.0,10,ack-4f,w,2,2,0,ctl,ok,0,0,2.5,39.5
mpg,0.0,10,qpsk-r1/3,w,9,1,0,data,ok,8,8,2.8,39.5
mpg,0.0,0,qpsk-r1/5,w,1,1,0,ctl,ok,0,0,2.3,37.0
mpg,0.0,0,qpsk-r1/5,w,1,1,0,ctl,ok,0,0,5.2,37.0
mpg,0.0,0,ack-4f,w,3,3,0,ctl,ok,0,0,5.9,37.0
mpg,0.0,0,ack-1f,w,3,3,0,ctl,ok,0,0,2.6,37.0
mpg,0.0,0,qpsk-r1/2,w,9,2,1,data,ctl_lost,7,0,-3.7,37.0
mpg,0.0,0,ack-4f,w,3,3,0,ctl,ok,0,0,-1.0,37.0
mpg,0.0,0,ack-4f,w,3,3,0,ctl,ok,0,0,0.3,37.0
mpg,0.0,0,qpsk-r1/5,w,9,2,1,data,ok,7,7,7.9,37.0
mpg,0.0,0,ack-1f,w,3,3,0,ctl,ok,0,0,6.7,37.0
mpg,0.0,0,16qam-r1/3,w,19,2,1,data,ok,17,0,0.3,37.0
mpg,0.0,0,ack-1f,w,3,3,0,ctl,ok,0,0,0.9,37.0
mpg,0.0,0,w48-qpsk-r1/5,w48,19,2,1,data,ok,17,17,0.6,37.0
mpg,0.0,0,ack-1f,w,3,3,0,ctl,ok,0,0,6.8,37.0
mpg,0.0,0,w48-qpsk-r1/5,w48,19,2,1,data,ok,17,17,1.8,37.0
mpg,0.0,0,ack-1f,w,3,3,0,ctl,ok,0,0,0.1,37.0
mpg,0.0,0,w48-qpsk-r1/5,w48,19,2,1,data,ok,17,17,4.7,37.0
mpg,0.0,0,ack-1f,w,3,3,0,ctl,ctl_lost,0,0,-5.6,37.0
mpg,0.0,0,ack-4f,w,3,3,0,ctl,ok,0,0,5.4,37.0
mpg,0.0,0,ack-4f,w,3,3,0,ctl,ok,0,0,6.2,37.0
mpg,0.0,0,16qam-r1/3,w,19,2,1,data,ctl_lost,17,0,-0.3,37.0
mpg,0.0,0,ack-4f,w,3,3,0,ctl,ok,0,0,3.8,37.0
mpg,0.0,0,ack-4f,w,3,3,0,ctl,ok,0,0,8.6,37.0
mpg,0.0,0,w48-qpsk-r1/5,w48,19,2,1,data,ok,17,17,4.1,37.0
mpg,0.0,0,ack-1f,w,2,2,0,ctl,ok,0,0,2.2,37.0
mpg,0.0,0,w48-qpsk-r1/5,w48,19,1,0,data,ok,18,18,2.0,37.0
mpg,0.0,0,ack-1f,w,3,3,0,ctl,ok,0,0,3.2,37.0
mpg,0.0,0,w48-qpsk-r1/2,w48,19,2,1,data,ok,17,0,2.9,37.0
mpg,0.0,0,ack-1f,w,3,3,0,ctl,ctl_lost,0,0,-5.1,37.0
mpg,0.0,0,ack-4f,w,3,3,0,ctl,ok,0,0,2.8,37.0
mpg,0.0,0,ack-4f,w,2,2,0,ctl,ok,0,0,5.8,37.0
mpg,0.0,0,w48-qpsk-r1/5,w48,19,1,0,data,ok,18,18,2.6,37.0
mpg,0.0,0,n4-ack-2f,n4,2,2,0,ctl,ok,0,0,0.3,37.0
mpg,0.0,0,w48-qpsk-r1/5,w48,19,1,0,data,ok,18,18,-0.3,37.0
mpg,0.0,0,ack-4f,w,3,3,0,ctl,ok,0,0,8.6,37.0
mpg,0.0,0,w48-qpsk-r1/5,w48,19,2,1,data,ok,17,17,4.2,37.0
mpg,0.0,0,ack-1f,w,3,3,0,ctl,ok,0,0,5.5,37.0
mpg,0.0,0,w48-qpsk-r1/2,w48,19,2,1,data,ok,17,0,2.1,37.0
mpg,0.0,0,ack-1f,w,3,3,0,ctl,ctl_lost,0,0,-6.1,37.0
mpg,0.0,0,ack-4f,w,3,3,0,ctl,ok,0,0,6.5,37.0
mpg,0.0,0,ack-4f,w,3,3,0,ctl,ok,0,0,4.6,37.0
mpg,0.0,0,w48-qpsk-r1/2,w48,19,2,1,data,ok,17,0,3.8,37.0
mpg,0.0,0,n4-ack-2f,n4,3,3,0,ctl,ok,0,0,8.3,37.0
mpg,0.0,0,w48-qpsk-r1/2,w48,19,2,1,data,ok,17,0,1.7,37.0
mpg,0.0,0,n4-ack-2f,n4,2,2,0,ctl,ok,0,0,8.7,37.0
mpg,0.0,0,w48-qpsk-r1/5,w48,19,1,0,data,ok,18,18,3.9,37.0
mpg,0.0,0,n4-ack-2f,n4,3,3,0,ctl,ok,0,0,9.1,37.0
mpg,0.0,0,w48-qpsk-r1/2,w48,19,2,1,data,ok,17,0,2.2,37.0
mpg,0.0,0,n4-ack-2f,n4,2,2,0,ctl,ok,0,0,-4.5,37.0
mpg,0.0,0,w48-qpsk-r1/5,w48,19,1,,data,missed,0,0,,37.0
mpg,0.0,0,ack-4f,w,4,4,0,ctl,ok,0,0,-2.7,37.0
mpg,0.0,0,ack-4f,w,3,3,0,ctl,ok,0,0,-1.9,37.0
mpg,0.0,0,w48-qpsk-r1/5,w48,19,2,,data,missed,0,0,,37.0
mpg,0.0,0,ack-4f,w,3,3,0,ctl,ok,0,0,3.6,37.0
mpg,0.0,0,ack-4f,w,3,3,0,ctl,ok,0,0,3.5,37.0
mpg,0.0,0,w48-qpsk-r1/5,w48,19,2,1,data,ok,17,17,6.6,37.0
mpg,0.0,0,n4-ack-2f,n4,2,2,0,ctl,ok,0,0,0.5,37.0
mpg,0.0,0,w48-qpsk-r1/2,w48,19,1,0,data,ctl_lost,18,0,0.7,37.0
mpg,0.0,0,ack-4f,w,4,4,0,ctl,ok,0,0,3.6,37.0
mpg,0.0,0,ack-4f,w,2,2,0,ctl,ok,0,0,1.2,37.0
mpg,0.0,0,w48-qpsk-r1/5,w48,19,1,0,data,ok,18,18,2.8,37.0
mpg,0.0,0,ack-4f,w,2,2,0,ctl,ok,0,0,6.9,37.0
mpg,0.0,0,w48-qpsk-r1/5,w48,19,1,0,data,ok,18,18,3.5,37.0
mpg,0.0,0,n4-ack-2f,n4,2,2,0,ctl,ok,0,0,4.7,37.0
mpg,0.0,0,w48-qpsk-r1/5,w48,19,1,0,data,ok,18,18,2.8,37.0
mpg,0.0,0,n4-ack-2f,n4,2,2,0,ctl,ok,0,0,1.4,37.0
mpg,0.0,0,w48-qpsk-r1/5,w48,19,1,0,data,ok,18,18,1.8,37.0
mpg,0.0,0,n4-ack-2f,n4,2,2,0,ctl,ok,0,0,2.3,37.0
mpg,0.0,0,w48-qpsk-r1/5,w48,19,1,0,data,ok,18,18,1.1,37.0
mpg,0.0,0,n4-ack-2f,n4,2,2,0,ctl,ok,0,0,2.7,37.0
mpg,0.0,0,w48-qpsk-r1/5,w48,19,1,0,data,ctl_lost,18,0,-2.8,37.0
mpg,0.0,0,ack-4f,w,3,3,0,ctl,ok,0,0,-4.7,37.0
mpg,0.0,0,ack-4f,w,3,3,0,ctl,ok,0,0,-1.4,37.0
mpg,0.0,0,qpsk-r1/5,w,9,2,1,data,ok,7,7,3.5,37.0
mpg,0.0,0,ack-4f,w,3,3,0,ctl,ok,0,0,8.2,37.0
mpg,0.0,0,qpsk-r1/3,w,9,2,1,data,ok,7,7,4.2,37.0
mpg,0.0,0,n4-ack-2f,n4,2,2,0,ctl,ok,0,0,9.3,37.0
mpg,0.0,0,w48-qpsk-r1/5,w48,19,1,0,data,ok,18,18,5.0,37.0
mpg,0.0,0,ack-1f,w,3,3,0,ctl,ok,0,0,9.5,37.0
mpg,0.0,0,w48-qpsk-r1/3,w48,19,2,1,data,ok,17,17,4.4,37.0
mpg,0.0,0,ack-1f,w,3,3,0,ctl,ok,0,0,4.2,37.0
mpg,0.0,0,w48-qpsk-r1/3,w48,19,2,1,data,ok,17,0,0.8,37.0
mpg,0.0,0,n4-ack-2f,n4,3,3,0,ctl,ok,0,0,-1.9,37.0
mpg,0.0,0,w48-qpsk-r1/5,w48,19,2,1,data,ok,17,17,2.9,37.0
mpg,0.0,0,ack-4f,w,2,2,0,ctl,ok,0,0,6.4,37.0
mpg,0.0,0,w48-qpsk-r1/5,w48,19,1,0,data,ok,18,18,1.6,37.0
mpg,0.0,0,n4-ack-2f,n4,2,2,0,ctl,ctl_lost,0,0,-0.6,37.0
mpg,0.0,0,ack-4f,w,3,3,0,ctl,ok,0,0,5.8,37.0
mpg,0.0,0,ack-4f,w,2,2,0,ctl,ok,0,0,8.6,37.0
mpg,0.0,0,w48-qpsk-r1/5,w48,19,1,0,data,ok,18,18,0.8,37.0
mpg,0.0,0,n4-ack-2f,n4,2,2,0,ctl,ok,0,0,4.5,37.0
mpg,0.0,0,w48-qpsk-r1/5,w48,19,1,0,data,ok,18,18,1.6,37.0
mpg,0.0,0,n4-ack-2f,n4,2,2,0,ctl,ok,0,0,4.3,37.0
mpg,0.0,0,w48-qpsk-r1/5,w48,19,1,0,data,ok,18,18,2.4,37.0
mpg,0.0,0,ack-4f,w,2,2,0,ctl,ok,0,0,-1.2,37.0
mpg,0.0,0,w48-qpsk-r1/5,w48,19,1,0,data,ok,18,18,1.3,37.0
mpg,0.0,0,ack-4f,w,2,2,0,ctl,ok,0,0,3.9,37.0
mpg,0.0,0,w48-qpsk-r1/5,w48,19,1,0,data,ok,18,18,4.9,37.0
mpg,0.0,1,qpsk-r1/5,w,1,1,0,ctl,ok,0,0,4.1,42.1
mpg,0.0,1,qpsk-r1/5,w,1,1,0,ctl,ok,0,0,-1.4,42.1
mpg,0.0,1,ack-4f,w,3,3,0,ctl,ok,0,0,-0.9,42.1
mpg,0.0,1,n10-ack-4f,n10,3,3,0,ctl,ok,0,0,4.1,42.1
mpg,0.0,1,qpsk-r1/3,w,9,2,1,data,ok,7,7,5.2,42.1
mpg,0.0,1,ack-1f,w,3,3,0,ctl,ok,0,0,3.4,42.1
mpg,0.0,1,qpsk-r1/2,w,9,2,1,data,ok,7,7,7.2,42.1
mpg,0.0,1,ack-1f,w,3,3,0,ctl,ok,0,0,6.1,42.1
mpg,0.0,1,w48-qpsk-r1/2,w48,19,2,1,data,ok,17,0,2.3,42.1
mpg,0.0,1,ack-1f,w,3,3,0,ctl,ok,0,0,2.1,42.1
mpg,0.0,1,w48-qpsk-r1/2,w48,19,2,1,data,ok,0,0,1.0,42.1
mpg,0.0,1,ack-1f,w,3,3,0,ctl,ok,0,0,1.5,42.1
mpg,0.0,1,w48-qpsk-r1/5,w48,19,2,1,data,ok,17,17,1.0,42.1
mpg,0.0,1,ack-1f,w,3,3,0,ctl,ok,0,0,4.4,42.1
mpg,0.0,1,w48-qpsk-r1/5,w48,19,2,1,data,ok,17,17,1.8,42.1
mpg,0.0,1,ack-1f,w,3,3,0,ctl,ok,0,0,4.8,42.1
mpg,0.0,1,w48-qpsk-r1/5,w48,19,2,1,data,ok,17,17,1.4,42.1
mpg,0.0,1,ack-1f,w,2,2,0,ctl,ok,0,0,-0.3,42.1
mpg,0.0,1,w48-qpsk-r1/5,w48,19,1,0,data,ok,18,18,2.1,42.1
mpg,0.0,1,ack-1f,w,2,2,0,ctl,ok,0,0,5.5,42.1
mpg,0.0,1,w48-qpsk-r1/5,w48,19,1,0,data,ok,18,9,0.1,42.1
mpg,0.0,1,ack-1f,w,4,4,0,ctl,ok,0,0,2.6,42.1
mpg,0.0,1,w48-qpsk-r1/5,w48,19,2,1,data,ok,8,8,0.6,42.1
mpg,0.0,1,ack-1f,w,3,3,0,ctl,ok,0,0,1.7,42.1
mpg,0.0,1,w48-qpsk-r1/5,w48,19,2,1,data,ctl_lost,17,0,-6.5,42.1
mpg,0.0,1,ack-4f,w,3,3,0,ctl,ok,0,0,2.4,42.1
mpg,0.0,1,ack-4f,w,3,3,0,ctl,ok,0,0,4.7,42.1
mpg,0.0,1,qpsk-r1/3,w,9,2,1,data,ok,7,6,-0.8,42.1
mpg,0.0,1,ack-1f,w,3,3,0,ctl,ok,0,0,4.9,42.1
mpg,0.0,1,qpsk-r1/3,w,9,2,1,data,ok,6,6,2.9,42.1
mpg,0.0,1,ack-1f,w,2,2,0,ctl,ok,0,0,-1.1,42.1
mpg,0.0,1,qpsk-r1/3,w,9,1,0,data,ok,8,8,4.6,42.1
mpg,0.0,1,ack-1f,w,3,3,0,ctl,ok,0,0,0.2,42.1
mpg,0.0,1,qpsk-r1/2,w,9,2,1,data,ok,7,4,1.5,42.1
mpg,0.0,1,ack-4f,w,3,3,0,ctl,ok,0,0,-0.1,42.1
mpg,0.0,1,qpsk-r1/2,w,9,2,1,data,ok,4,4,5.5,42.1
mpg,0.0,1,ack-1f,w,3,3,0,ctl,ok,0,0,6.9,42.1
mpg,0.0,1,qpsk-r1/2,w,9,2,1,data,ok,7,7,4.8,42.1
mpg,0.0,1,ack-1f,w,3,3,0,ctl,ok,0,0,1.3,42.1
mpg,0.0,1,w48-qpsk-r1/2,w48,19,2,1,data,ok,17,0,2.2,42.1
mpg,0.0,1,ack-1f,w,3,3,0,ctl,ok,0,0,3.6,42.1
mpg,0.0,1,w48-qpsk-r1/2,w48,19,2,1,data,ok,0,0,0.8,42.1
mpg,0.0,1,ack-1f,w,3,3,0,ctl,ok,0,0,0.6,42.1
mpg,0.0,1,qpsk-r1/2,w,9,2,1,data,ok,7,0,0.9,42.1
mpg,0.0,1,ack-1f,w,3,3,0,ctl,ok,0,0,1.5,42.1
mpg,0.0,1,qpsk-r1/2,w,9,2,1,data,ok,0,0,4.1,42.1
mpg,0.0,1,ack-1f,w,3,3,0,ctl,ok,0,0,3.9,42.1
mpg,0.0,1,qpsk-r1/2,w,9,2,1,data,ok,7,7,4.8,42.1
mpg,0.0,1,ack-1f,w,2,2,0,ctl,ok,0,0,0.6,42.1
mpg,0.0,1,qpsk-r1/2,w,9,1,0,data,ok,8,8,6.6,42.1
mpg,0.0,1,ack-1f,w,3,3,0,ctl,ok,0,0,6.1,42.1
mpg,0.0,1,w48-qpsk-r1/2,w48,19,2,1,data,ok,17,0,0.7,42.1
mpg,0.0,1,ack-1f,w,2,2,0,ctl,ok,0,0,2.3,42.1
mpg,0.0,1,qpsk-r1/2,w,9,1,0,data,ok,8,8,2.8,42.1
mpg,0.0,1,ack-1f,w,2,2,0,ctl,ok,0,0,8.6,42.1
mpg,0.0,1,qpsk-r1/2,w,9,1,0,data,ctl_lost,8,0,0.7,42.1
mpg,0.0,1,ack-4f,w,3,3,0,ctl,ok,0,0,0.9,42.1
mpg,0.0,1,ack-4f,w,3,3,0,ctl,ok,0,0,1.5,42.1
mpg,0.0,1,qpsk-r1/3,w,9,2,1,data,ok,7,7,0.6,42.1
mpg,0.0,1,ack-1f,w,3,3,0,ctl,ok,0,0,0.8,42.1
mpg,0.0,1,qpsk-r1/3,w,9,2,1,data,ok,7,0,-2.5,42.1
mpg,0.0,1,ack-1f,w,3,3,0,ctl,ok,0,0,-1.0,42.1
mpg,0.0,1,qpsk-r1/3,w,9,2,1,data,ok,0,0,1.0,42.1
mpg,0.0,1,ack-1f,w,2,2,0,ctl,ok,0,0,7.4,42.1
mpg,0.0,1,qpsk-r1/3,w,9,1,0,data,ok,8,8,4.7,42.1
mpg,0.0,1,ack-1f,w,3,3,0,ctl,ok,0,0,6.1,42.1
mpg,0.0,1,qpsk-r1/2,w,9,2,1,data,ok,7,2,2.6,42.1
mpg,0.0,1,ack-1f,w,3,3,0,ctl,ok,0,0,-0.1,42.1
mpg,0.0,1,qpsk-r1/2,w,9,2,1,data,ok,2,2,4.9,42.1
mpg,0.0,1,ack-1f,w,3,3,0,ctl,ok,0,0,4.2,42.1
mpg,0.0,1,qpsk-r1/2,w,9,2,1,data,ok,7,7,5.2,42.1
mpg,0.0,1,ack-1f,w,2,2,0,ctl,ok,0,0,7.2,42.1
mpg,0.0,1,qpsk-r1/2,w,9,1,0,data,ok,8,8,5.1,42.1
mpg,0.0,1,ack-1f,w,3,3,0,ctl,ok,0,0,-0.9,42.1
mpg,0.0,1,w48-qpsk-r1/3,w48,19,2,1,data,ok,17,0,1.0,42.1
mpg,0.0,1,ack-1f,w,2,2,0,ctl,ok,0,0,1.5,42.1
mpg,0.0,1,qpsk-r1/2,w,9,1,0,data,ctl_lost,8,0,0.5,42.1
mpg,0.0,1,ack-4f,w,4,4,0,ctl,ok,0,0,1.6,42.1
mpg,0.0,1,ack-4f,w,3,3,0,ctl,ok,0,0,3.5,42.1
mpg,0.0,1,qpsk-r1/3,w,9,2,1,data,ok,7,6,-0.7,42.1
mpg,0.0,1,ack-1f,w,3,3,0,ctl,ok,0,0,5.5,42.1
mpg,0.0,1,qpsk-r1/3,w,9,2,1,data,ok,6,6,3.5,42.1
mpg,0.0,1,ack-1f,w,2,2,0,ctl,ok,0,0,-0.2,42.1
mpg,0.0,1,qpsk-r1/3,w,9,1,0,data,ok,8,8,1.6,42.1
mpg,0.0,1,ack-1f,w,3,3,0,ctl,ok,0,0,-2.4,42.1
mpg,0.0,1,w48-qpsk-r1/5,w48,19,2,1,data,ok,17,17,2.3,42.1
mpg,0.0,1,ack-1f,w,3,3,0,ctl,ok,0,0,3.3,42.1
mpg,0.0,1,w48-qpsk-r1/5,w48,19,2,1,data,ok,17,17,0.6,42.1
mpg,0.0,1,ack-1f,w,3,3,0,ctl,ok,0,0,7.4,42.1
mpg,0.0,1,w48-qpsk-r1/5,w48,19,2,1,data,ok,17,4,-0.0,42.1
mpg,0.0,1,ack-1f,w,4,4,0,ctl,ok,0,0,3.9,42.1
mpg,0.0,1,w48-qpsk-r1/5,w48,19,2,1,data,ok,4,4,0.5,42.1
mpg,0.0,1,ack-1f,w,3,3,0,ctl,ok,0,0,4.4,42.1
mpg,0.0,1,w48-qpsk-r1/5,w48,19,2,1,data,ctl_lost,17,0,-5.1,42.1
mpg,0.0,8,qpsk-r1/5,w,1,1,0,ctl,ok,0,0,3.8,41.6
mpg,0.0,8,qpsk-r1/5,w,1,1,0,ctl,ok,0,0,2.7,41.6
mpg,0.0,8,ack-4f,w,3,3,0,ctl,ok,0,0,0.2,41.6
mpg,0.0,8,ack-1f,w,3,3,0,ctl,ok,0,0,5.5,41.6
mpg,0.0,8,qpsk-r1/3,w,9,2,1,data,ok,7,7,2.6,41.6
mpg,0.0,8,ack-1f,w,3,3,0,ctl,ctl_lost,0,0,-9.5,41.6
mpg,0.0,8,ack-4f,w,3,3,0,ctl,ok,0,0,2.3,41.6
mpg,0.0,8,ack-4f,w,3,3,0,ctl,ok,0,0,4.3,41.6
mpg,0.0,8,qpsk-r1/3,w,9,2,1,data,ok,7,5,0.1,41.6
mpg,0.0,8,n4-ack-2f,n4,3,3,0,ctl,ok,0,0,0.5,41.6
mpg,0.0,8,qpsk-r1/3,w,9,2,1,data,ok,5,5,6.6,41.6
mpg,0.0,8,ack-4f,w,3,3,0,ctl,ok,0,0,1.9,41.6
mpg,0.0,8,w48-qpsk-r1/5,w48,19,2,1,data,ok,17,17,5.7,41.6
mpg,0.0,8,ack-4f,w,3,3,0,ctl,ok,0,0,4.7,41.6
mpg,0.0,8,w48-qpsk-r1/2,w48,19,2,1,data,ok,17,10,5.0,41.6
mpg,0.0,8,n4-ack-2f,n4,4,4,0,ctl,ok,0,0,3.4,41.6
mpg,0.0,8,w48-qpsk-r1/2,w48,19,2,1,data,ctl_lost,10,0,0.7,41.6
mpg,0.0,8,ack-4f,w,3,3,0,ctl,ok,0,0,2.0,41.6
mpg,0.0,8,ack-4f,w,4,4,0,ctl,ok,0,0,6.3,41.6
mpg,0.0,8,w48-qpsk-r1/2,w48,19,2,1,data,ok,10,0,2.2,41.6
mpg,0.0,8,ack-1f,w,3,3,0,ctl,ok,0,0,-1.1,41.6
mpg,0.0,8,qpsk-r1/2,w,9,2,1,data,ok,7,0,1.7,41.6
mpg,0.0,8,ack-4f,w,3,3,0,ctl,ok,0,0,7.3,41.6
mpg,0.0,8,qpsk-r1/2,w,9,2,1,data,ok,0,0,-0.2,41.6
mpg,0.0,8,n4-ack-2f,n4,3,3,0,ctl,ctl_lost,0,0,-8.0,41.6
mpg,0.0,8,ack-4f,w,3,3,0,ctl,ok,0,0,3.0,41.6
mpg,0.0,8,ack-4f,w,3,3,0,ctl,ok,0,0,3.7,41.6
mpg,0.0,8,qpsk-r1/3,w,9,2,1,data,ok,7,7,3.8,41.6
mpg,0.0,8,ack-4f,w,3,3,0,ctl,ok,0,0,2.0,41.6
mpg,0.0,8,qpsk-r1/2,w,9,2,1,data,ok,7,7,6.8,41.6
mpg,0.0,8,ack-4f,w,3,3,0,ctl,ok,0,0,9.8,41.6
mpg,0.0,8,w48-qpsk-r1/2,w48,19,2,1,data,ok,17,0,3.8,41.6
mpg,0.0,8,ack-1f,w,3,3,0,ctl,ok,0,0,5.9,41.6
mpg,0.0,8,w48-qpsk-r1/2,w48,19,2,1,data,ok,0,0,1.7,41.6
mpg,0.0,8,ack-1f,w,3,3,0,ctl,ok,0,0,4.9,41.6
mpg,0.0,8,w48-qpsk-r1/2,w48,19,2,1,data,ctl_lost,17,0,-1.4,41.6
mpg,0.0,8,ack-4f,w,3,3,,ctl,missed,0,0,,41.6
mpg,0.0,8,ack-4f,w,3,3,0,ctl,ok,0,0,5.5,41.6
mpg,0.0,8,ack-4f,w,3,3,0,ctl,ok,0,0,1.7,41.6
mpg,0.0,8,qpsk-r1/2,w,9,2,1,data,ok,7,7,4.7,41.6
mpg,0.0,8,ack-4f,w,2,2,0,ctl,ok,0,0,4.5,41.6
mpg,0.0,8,qpsk-r1/2,w,9,1,0,data,ctl_lost,8,0,-1.4,41.6
mpg,0.0,8,ack-4f,w,3,3,0,ctl,ok,0,0,6.1,41.6
mpg,0.0,8,ack-4f,w,2,2,0,ctl,ok,0,0,7.0,41.6
mpg,0.0,8,qpsk-r1/3,w,9,1,0,data,ok,8,8,4.4,41.6
mpg,0.0,8,ack-1f,w,3,3,0,ctl,ok,0,0,4.1,41.6
mpg,0.0,8,qpsk-r1/2,w,9,2,1,data,ok,7,7,6.5,41.6
mpg,0.0,8,ack-1f,w,3,3,0,ctl,ok,0,0,6.0,41.6
mpg,0.0,8,w48-qpsk-r1/2,w48,19,2,1,data,ok,17,6,4.1,41.6
mpg,0.0,8,ack-1f,w,4,4,0,ctl,ok,0,0,5.0,41.6
mpg,0.0,8,w48-qpsk-r1/2,w48,19,2,1,data,ok,6,0,0.5,41.6
mpg,0.0,8,ack-1f,w,2,2,0,ctl,ok,0,0,4.1,41.6
mpg,0.0,8,w48-qpsk-r1/5,w48,19,1,0,data,ok,18,18,3.3,41.6
mpg,0.0,8,ack-1f,w,2,2,0,ctl,ok,0,0,6.5,41.6
mpg,0.0,8,w48-qpsk-r1/5,w48,19,1,0,data,ok,18,18,0.6,41.6
mpg,0.0,8,ack-1f,w,3,3,0,ctl,ok,0,0,-0.5,41.6
mpg,0.0,8,w48-qpsk-r1/5,w48,19,2,1,data,ok,17,17,0.8,41.6
mpg,0.0,8,ack-1f,w,3,3,0,ctl,ok,0,0,2.7,41.6
mpg,0.0,8,w48-qpsk-r1/5,w48,19,2,1,data,ok,17,17,2.1,41.6
mpg,0.0,8,ack-4f,w,3,3,0,ctl,ok,0,0,-2.9,41.6
mpg,0.0,8,w48-qpsk-r1/5,w48,19,2,1,data,ok,17,17,2.4,41.6
mpg,0.0,8,ack-4f,w,2,2,0,ctl,ok,0,0,3.3,41.6
mpg,0.0,8,w48-qpsk-r1/5,w48,19,1,0,data,ok,18,18,0.8,41.6
mpg,0.0,8,n4-ack-2f,n4,2,2,0,ctl,ok,0,0,1.0,41.6
mpg,0.0,8,w48-qpsk-r1/5,w48,19,1,0,data,ok,18,17,-0.4,41.6
mpg,0.0,8,ack-1f,w,3,3,0,ctl,ok,0,0,2.1,41.6
mpg,0.0,8,w48-qpsk-r1/5,w48,19,2,1,data,ok,16,16,3.6,41.6
mpg,0.0,8,ack-1f,w,2,2,0,ctl,ok,0,0,7.3,41.6
mpg,0.0,8,w48-qpsk-r1/5,w48,19,1,0,data,ok,18,18,2.3,41.6
mpg,0.0,8,ack-1f,w,2,2,0,ctl,ok,0,0,5.0,41.6
mpg,0.0,8,w48-qpsk-r1/5,w48,19,1,0,data,ok,18,18,2.5,41.6
mpg,0.0,8,ack-1f,w,2,2,0,ctl,ok,0,0,4.1,41.6
mpg,0.0,8,w48-qpsk-r1/5,w48,19,1,0,data,ctl_lost,18,0,-2.3,41.6
mpg,0.0,8,ack-4f,w,3,3,0,ctl,ok,0,0,0.9,41.6
mpg,0.0,8,ack-4f,w,3,3,0,ctl,ok,0,0,-3.3,41.6
mpg,0.0,8,qpsk-r1/3,w,9,2,1,data,ok,7,7,2.8,41.6
mpg,0.0,8,ack-4f,w,3,3,0,ctl,ok,0,0,1.3,41.6
mpg,0.0,8,w48-qpsk-r1/5,w48,19,2,1,data,ok,17,17,3.4,41.6
mpg,0.0,8,ack-4f,w,3,3,0,ctl,ok,0,0,1.2,41.6
mpg,0.0,8,qpsk-r1/2,w,9,2,1,data,ok,7,0,1.4,41.6
mpg,0.0,8,ack-4f,w,3,3,0,ctl,ok,0,0,5.1,41.6
mpg,0.0,8,w48-qpsk-r1/5,w48,19,2,1,data,ok,17,0,-1.5,41.6
mpg,0.0,8,ack-1f,w,3,3,0,ctl,ok,0,0,1.3,41.6
mpg,0.0,8,w48-qpsk-r1/5,w48,19,2,1,data,ok,0,0,1.4,41.6
mpg,0.0,8,ack-1f,w,3,3,0,ctl,ok,0,0,1.8,41.6
mpg,0.0,8,qpsk-r1/3,w,9,2,1,data,ok,7,7,2.6,41.6
mpg,0.0,8,ack-4f,w,3,3,0,ctl,ok,0,0,5.3,41.6
mpg,0.0,8,w48-qpsk-r1/5,w48,19,2,1,data,ok,17,17,2.3,41.6
mpg,0.0,8,ack-1f,w,2,2,0,ctl,ok,0,0,5.9,41.6
mpg,0.0,8,w48-qpsk-r1/5,w48,19,1,0,data,ok,18,7,-0.0,41.6
mpg,0.0,8,ack-1f,w,4,4,0,ctl,ok,0,0,5.3,41.6
mpg,0.0,8,w48-qpsk-r1/5,w48,19,2,1,data,ok,6,6,1.1,41.6
mpg,0.0,8,ack-1f,w,3,3,0,ctl,ok,0,0,5.2,41.6
mpg,0.0,8,w48-qpsk-r1/5,w48,19,2,1,data,ok,17,17,4.2,41.6
mpg,8.0,7,qpsk-r1/5,w,1,1,0,ctl,ok,0,0,11.2,179.8
mpg,8.0,7,qpsk-r1/5,w,1,1,0,ctl,ok,0,0,11.4,179.8
mpg,8.0,7,ack-4f,w,3,3,0,ctl,ok,0,0,15.1,179.8
mpg,8.0,7,ack-1f,w,2,2,0,ctl,ok,0,0,17.2,179.8
mpg,8.0,7,w48-qpsk-r3/4,w48,19,1,0,data,ok,18,15,9.4,179.8
mpg,8.0,7,ack-1f,w,4,4,0,ctl,ok,0,0,12.4,179.8
mpg,8.0,7,w48-qpsk-r3/4,w48,19,2,1,data,ok,14,14,11.9,179.8
mpg,8.0,7,ack-1f,w,2,2,0,ctl,ok,0,0,7.9,179.8
mpg,8.0,7,w48-16qam-r1/3,w48,19,1,0,data,ok,18,18,7.7,179.8
mpg,8.0,7,ack-1f,w,3,3,0,ctl,ok,0,0,10.0,179.8
mpg,8.0,7,w48-16qam-r1/3,w48,19,2,1,data,ok,17,17,13.0,179.8
mpg,8.0,7,ack-1f,w,2,2,0,ctl,ok,0,0,15.9,179.8
mpg,8.0,7,w48-16qam-r1/3,w48,19,1,0,data,ok,18,18,12.1,179.8
mpg,8.0,7,ack-1f,w,2,2,0,ctl,ok,0,0,9.7,179.8
mpg,8.0,7,w48-16qam-r1/3,w48,19,1,0,data,ok,18,18,9.2,179.8
mpg,8.0,7,ack-1f,w,2,2,0,ctl,ok,0,0,10.4,179.8
mpg,8.0,7,w48-16qam-r1/3,w48,19,1,0,data,ok,18,18,8.2,179.8
mpg,8.0,7,ack-1f,w,3,3,0,ctl,ok,0,0,12.8,179.8
mpg,8.0,7,w48-16qam-r1/3,w48,19,2,1,data,ok,17,17,8.0,179.8
mpg,8.0,7,ack-1f,w,3,3,0,ctl,ok,0,0,14.5,179.8
mpg,8.0,7,w48-16qam-r1/3,w48,19,2,1,data,ok,17,17,10.4,179.8
mpg,8.0,7,ack-1f,w,2,2,0,ctl,ok,0,0,16.4,179.8
mpg,8.0,7,w48-16qam-r1/3,w48,19,1,0,data,ok,18,18,11.4,179.8
mpg,8.0,7,ack-1f,w,2,2,0,ctl,ok,0,0,13.1,179.8
mpg,8.0,7,w48-16qam-r1/3,w48,19,1,0,data,ok,18,18,8.8,179.8
mpg,8.0,7,ack-1f,w,2,2,0,ctl,ok,0,0,14.8,179.8
mpg,8.0,7,w48-16qam-r1/3,w48,19,1,0,data,ok,18,18,8.9,179.8
mpg,8.0,7,ack-1f,w,2,2,0,ctl,ok,0,0,8.0,179.8
mpg,8.0,7,w48-16qam-r1/3,w48,19,1,0,data,ok,18,18,8.0,179.8
mpg,8.0,7,ack-1f,w,2,2,0,ctl,ok,0,0,6.7,179.8
mpg,8.0,7,w48-16qam-r1/3,w48,19,1,0,data,ok,18,18,11.5,179.8
mpg,8.0,7,ack-1f,w,2,2,0,ctl,ok,0,0,3.1,179.8
mpg,8.0,7,w48-16qam-r1/3,w48,19,1,0,data,ok,18,18,8.6,179.8
mpg,8.0,7,ack-1f,w,2,2,0,ctl,ok,0,0,7.7,179.8
mpg,8.0,7,w48-16qam-r1/3,w48,19,1,0,data,ok,18,18,8.2,179.8
mpg,8.0,7,ack-1f,w,2,2,0,ctl,ok,0,0,10.0,179.8
mpg,8.0,7,w48-16qam-r1/3,w48,19,1,0,data,ctl_lost,18,0,5.6,179.8
mpg,8.0,7,ack-4f,w,3,3,0,ctl,ok,0,0,12.7,179.8
mpg,8.0,7,ack-4f,w,3,3,0,ctl,ok,0,0,14.0,179.8
mpg,8.0,7,w48-16qam-r1/3,w48,19,2,1,data,ok,17,17,10.6,179.8
mpg,8.0,7,ack-1f,w,2,2,0,ctl,ok,0,0,9.7,179.8
mpg,8.0,7,w48-16qam-r1/3,w48,19,1,0,data,ok,18,18,11.5,179.8
mpg,8.0,7,ack-1f,w,2,2,0,ctl,ok,0,0,12.1,179.8
mpg,8.0,7,w48-16qam-r1/3,w48,19,1,0,data,ok,18,18,10.3,179.8
mpg,8.0,7,ack-1f,w,2,2,0,ctl,ok,0,0,13.2,179.8
mpg,8.0,7,w48-16qam-r1/3,w48,19,1,0,data,ctl_lost,18,6,6.0,179.8
mpg,8.0,7,ack-4f,w,3,3,0,ctl,ok,0,0,12.4,179.8
mpg,8.0,7,ack-4f,w,2,2,0,ctl,ok,0,0,7.7,179.8
mpg,8.0,7,w48-qpsk-r1/2,w48,19,1,0,data,ok,18,18,7.5,179.8
mpg,8.0,7,ack-1f,w,2,2,0,ctl,ok,0,0,-0.8,179.8
mpg,8.0,7,w48-qpsk-r1/2,w48,19,1,0,data,ok,18,12,5.6,179.8
mpg,8.0,7,ack-1f,w,4,4,0,ctl,ok,0,0,4.5,179.8
mpg,8.0,7,w48-qpsk-r1/2,w48,19,2,1,data,ok,11,11,12.2,179.8
mpg,8.0,7,ack-1f,w,2,2,0,ctl,ok,0,0,11.1,179.8
mpg,8.0,7,w48-qpsk-r1/2,w48,19,1,0,data,ok,18,18,6.8,179.8
mpg,8.0,7,ack-1f,w,2,2,0,ctl,ok,0,0,11.7,179.8
mpg,8.0,7,w48-qpsk-r1/2,w48,19,1,0,data,ok,18,18,11.6,179.8
mpg,8.0,7,ack-1f,w,2,2,0,ctl,ok,0,0,11.3,179.8
mpg,8.0,7,w48-qpsk-r1/2,w48,19,1,0,data,ok,18,18,9.4,179.8
mpg,8.0,7,ack-1f,w,3,3,0,ctl,ok,0,0,14.0,179.8
mpg,8.0,7,w48-16qam-r1/3,w48,19,2,1,data,ok,17,17,10.3,179.8
mpg,8.0,7,ack-1f,w,3,3,0,ctl,ok,0,0,11.8,179.8
mpg,8.0,7,w48-16qam-r1/3,w48,19,2,1,data,ok,17,17,12.7,179.8
mpg,8.0,7,ack-1f,w,2,2,0,ctl,ok,0,0,11.9,179.8
mpg,8.0,7,w48-16qam-r1/3,w48,19,1,0,data,ok,18,18,9.0,179.8
mpg,8.0,7,ack-1f,w,2,2,0,ctl,ok,0,0,10.6,179.8
mpg,8.0,7,w48-16qam-r1/3,w48,19,1,0,data,ok,18,18,9.5,179.8
mpg,8.0,7,ack-1f,w,3,3,0,ctl,ok,0,0,6.8,179.8
mpg,8.0,7,w48-16qam-r1/3,w48,19,2,1,data,ok,17,17,7.9,179.8
mpg,8.0,7,ack-1f,w,3,3,0,ctl,ok,0,0,12.1,179.8
mpg,8.0,7,w48-16qam-r1/3,w48,19,2,1,data,ok,17,17,8.4,179.8
mpg,8.0,7,ack-1f,w,3,3,0,ctl,ok,0,0,14.6,179.8
mpg,8.0,7,w48-16qam-r1/3,w48,19,2,1,data,ok,17,17,8.5,179.8
mpg,8.0,7,ack-1f,w,3,3,0,ctl,ok,0,0,11.9,179.8
mpg,8.0,7,w48-16qam-r1/3,w48,19,2,1,data,ok,17,17,10.7,179.8
mpg,8.0,7,ack-1f,w,2,2,0,ctl,ok,0,0,8.8,179.8
mpg,8.0,7,w48-16qam-r1/3,w48,19,1,0,data,ok,18,18,10.0,179.8
mpg,8.0,7,ack-1f,w,2,2,0,ctl,ok,0,0,11.1,179.8
mpg,8.0,7,w48-16qam-r1/3,w48,19,1,0,data,ok,18,18,10.4,179.8
mpg,8.0,7,ack-1f,w,2,2,0,ctl,ok,0,0,11.4,179.8
mpg,8.0,7,w48-16qam-r1/3,w48,19,1,0,data,ok,18,18,10.6,179.8
mpg,8.0,7,ack-1f,w,2,2,0,ctl,ok,0,0,4.9,179.8
mpg,8.0,7,w48-16qam-r1/3,w48,19,1,0,data,ok,18,18,13.2,179.8
mpg,8.0,7,ack-1f,w,2,2,0,ctl,ok,0,0,14.9,179.8
mpg,8.0,7,w48-16qam-r1/3,w48,19,1,0,data,ok,18,18,11.3,179.8
mpg,8.0,7,ack-1f,w,2,2,0,ctl,ok,0,0,10.9,179.8
mpg,8.0,7,w48-16qam-r1/3,w48,19,1,0,data,ok,18,18,7.7,179.8
mpg,8.0,7,ack-1f,w,2,2,0,ctl,ok,0,0,6.4,179.8
mpg,8.0,7,w48-16qam-r1/3,w48,19,1,0,data,ok,18,18,9.4,179.8
mpg,8.0,7,ack-1f,w,2,2,0,ctl,ok,0,0,14.8,179.8
mpg,8.0,7,w48-16qam-r1/3,w48,19,1,0,data,ok,18,18,9.2,179.8
mpg,8.0,7,ack-1f,w,2,2,0,ctl,ok,0,0,15.0,179.8
mpg,8.0,7,w48-16qam-r1/3,w48,19,1,0,data,ok,18,18,12.2,179.8
mpg,8.0,1,qpsk-r1/5,w,1,1,0,ctl,ok,0,0,11.8,171.7
mpg,8.0,1,qpsk-r1/5,w,1,1,0,ctl,ok,0,0,8.3,171.7
mpg,8.0,1,ack-4f,w,2,2,0,ctl,ok,0,0,6.1,171.7
mpg,8.0,1,ack-1f,w,2,2,0,ctl,ok,0,0,11.4,171.7
mpg,8.0,1,w48-qpsk-r1/2,w48,19,1,0,data,ok,18,18,10.8,171.7
mpg,8.0,1,ack-1f,w,3,3,0,ctl,ok,0,0,12.7,171.7
mpg,8.0,1,w48-16qam-r1/3,w48,19,2,1,data,ok,17,17,10.7,171.7
mpg,8.0,1,ack-1f,w,2,2,0,ctl,ok,0,0,15.3,171.7
mpg,8.0,1,w48-16qam-r1/3,w48,19,1,0,data,ok,18,18,9.3,171.7
mpg,8.0,1,ack-1f,w,2,2,0,ctl,ok,0,0,13.4,171.7
mpg,8.0,1,w48-16qam-r1/3,w48,19,1,0,data,ok,18,18,9.2,171.7
mpg,8.0,1,ack-1f,w,3,3,0,ctl,ok,0,0,5.6,171.7
mpg,8.0,1,w48-16qam-r1/3,w48,19,2,1,data,ok,17,17,9.1,171.7
mpg,8.0,1,ack-1f,w,2,2,0,ctl,ok,0,0,12.5,171.7
mpg,8.0,1,w48-16qam-r1/3,w48,19,1,0,data,ok,18,17,9.1,171.7
mpg,8.0,1,ack-1f,w,3,3,0,ctl,ok,0,0,12.3,171.7
mpg,8.0,1,w48-16qam-r1/3,w48,19,1,0,data,ok,17,17,9.2,171.7
mpg,8.0,1,ack-1f,w,2,2,0,ctl,ok,0,0,11.8,171.7
mpg,8.0,1,w48-16qam-r1/3,w48,19,1,0,data,ok,18,18,9.7,171.7
mpg,8.0,1,ack-1f,w,2,2,0,ctl,ok,0,0,9.3,171.7
mpg,8.0,1,w48-16qam-r1/3,w48,19,1,0,data,ok,18,18,7.5,171.7
mpg,8.0,1,ack-1f,w,3,3,0,ctl,ok,0,0,8.2,171.7
mpg,8.0,1,w48-16qam-r1/3,w48,19,2,1,data,ok,17,17,8.7,171.7
mpg,8.0,1,ack-1f,w,2,2,0,ctl,ok,0,0,6.0,171.7
mpg,8.0,1,w48-16qam-r1/3,w48,19,1,0,data,ctl_lost,18,0,3.3,171.7
mpg,8.0,1,ack-4f,w,3,3,0,ctl,ok,0,0,6.7,171.7
mpg,8.0,1,ack-4f,w,3,3,0,ctl,ok,0,0,12.2,171.7
mpg,8.0,1,w48-qpsk-r1/3,w48,19,2,1,data,ok,17,17,6.8,171.7
mpg,8.0,1,ack-1f,w,3,3,0,ctl,ok,0,0,10.6,171.7
mpg,8.0,1,w48-qpsk-r1/2,w48,19,2,1,data,ok,17,17,10.4,171.7
mpg,8.0,1,ack-1f,w,3,3,0,ctl,ok,0,0,6.7,171.7
mpg,8.0,1,w48-16qam-r1/3,w48,19,2,1,data,ok,17,17,9.3,171.7
mpg,8.0,1,ack-1f,w,2,2,0,ctl,ok,0,0,10.2,171.7
mpg,8.0,1,w48-16qam-r1/3,w48,19,1,0,data,ok,18,18,7.5,171.7
mpg,8.0,1,ack-1f,w,3,3,0,ctl,ok,0,0,8.7,171.7
mpg,8.0,1,w48-16qam-r1/3,w48,19,2,1,data,ok,17,17,10.7,171.7
mpg,8.0,1,ack-1f,w,2,2,0,ctl,ok,0,0,14.9,171.7
mpg,8.0,1,w48-16qam-r1/3,w48,19,1,0,data,ok,18,18,11.3,171.7
mpg,8.0,1,ack-1f,w,2,2,0,ctl,ok,0,0,7.9,171.7
mpg,8.0,1,w48-16qam-r1/3,w48,19,1,0,data,ok,18,18,10.2,171.7
mpg,8.0,1,ack-1f,w,2,2,0,ctl,ok,0,0,12.1,171.7
mpg,8.0,1,w48-16qam-r1/3,w48,19,1,0,data,ok,18,18,8.5,171.7
mpg,8.0,1,ack-1f,w,2,2,0,ctl,ok,0,0,9.9,171.7
mpg,8.0,1,w48-16qam-r1/3,w48,19,1,0,data,ok,18,18,7.7,171.7
mpg,8.0,1,ack-1f,w,3,3,0,ctl,ok,0,0,9.7,171.7
mpg,8.0,1,w48-16qam-r1/3,w48,19,2,1,data,ok,17,17,9.3,171.7
mpg,8.0,1,ack-1f,w,2,2,0,ctl,ok,0,0,13.3,171.7
mpg,8.0,1,w48-16qam-r1/3,w48,19,1,0,data,ok,18,18,10.3,171.7
mpg,8.0,1,ack-1f,w,2,2,0,ctl,ok,0,0,8.8,171.7
mpg,8.0,1,w48-16qam-r1/3,w48,19,1,0,data,ok,18,18,11.7,171.7
mpg,8.0,1,ack-1f,w,2,2,0,ctl,ok,0,0,12.8,171.7
mpg,8.0,1,w48-16qam-r1/3,w48,19,1,0,data,ok,18,18,8.2,171.7
mpg,8.0,1,ack-1f,w,2,2,0,ctl,ok,0,0,7.6,171.7
mpg,8.0,1,w48-16qam-r1/3,w48,19,1,0,data,ok,18,18,10.2,171.7
mpg,8.0,1,ack-1f,w,2,2,0,ctl,ok,0,0,11.4,171.7
mpg,8.0,1,w48-16qam-r1/3,w48,19,1,0,data,ok,18,18,8.3,171.7
mpg,8.0,1,ack-1f,w,2,2,0,ctl,ok,0,0,8.9,171.7
mpg,8.0,1,w48-16qam-r1/3,w48,19,1,0,data,ok,18,18,8.9,171.7
mpg,8.0,1,ack-1f,w,2,2,0,ctl,ok,0,0,7.8,171.7
mpg,8.0,1,w48-16qam-r1/3,w48,19,1,0,data,ctl_lost,18,4,7.6,171.7
mpg,8.0,1,ack-4f,w,3,3,0,ctl,ok,0,0,7.3,171.7
mpg,8.0,1,ack-4f,w,3,3,0,ctl,ok,0,0,5.8,171.7
mpg,8.0,1,w48-qpsk-r1/2,w48,19,2,1,data,ok,17,17,11.2,171.7
mpg,8.0,1,ack-1f,w,2,2,0,ctl,ok,0,0,11.1,171.7
mpg,8.0,1,w48-16qam-r1/3,w48,19,1,0,data,ok,18,18,12.3,171.7
mpg,8.0,1,ack-1f,w,2,2,0,ctl,ok,0,0,11.2,171.7
mpg,8.0,1,w48-16qam-r1/3,w48,19,1,0,data,ok,18,18,13.6,171.7
mpg,8.0,1,ack-1f,w,3,3,0,ctl,ok,0,0,13.9,171.7
mpg,8.0,1,w48-16qam-r1/2,w48,19,2,1,data,ok,17,0,7.8,171.7
mpg,8.0,1,ack-1f,w,2,2,0,ctl,ok,0,0,9.2,171.7
mpg,8.0,1,w48-16qam-r1/3,w48,19,1,0,data,ok,18,18,10.7,171.7
mpg,8.0,1,ack-1f,w,2,2,0,ctl,ok,0,0,14.8,171.7
mpg,8.0,1,w48-16qam-r1/3,w48,19,1,0,data,ok,18,18,9.6,171.7
mpg,8.0,1,ack-1f,w,2,2,0,ctl,ok,0,0,9.2,171.7
mpg,8.0,1,w48-16qam-r1/3,w48,19,1,0,data,ok,18,18,8.2,171.7
mpg,8.0,1,ack-1f,w,3,3,0,ctl,ok,0,0,0.1,171.7
mpg,8.0,1,w48-16qam-r1/3,w48,19,2,,data,missed,0,0,,171.7
mpg,8.0,1,ack-4f,w,3,3,0,ctl,ok,0,0,7.6,171.7
mpg,8.0,1,ack-4f,w,2,2,0,ctl,ok,0,0,7.1,171.7
mpg,8.0,1,w48-qpsk-r1/2,w48,19,1,0,data,ok,18,18,10.6,171.7
mpg,8.0,1,ack-1f,w,2,2,0,ctl,ok,0,0,10.0,171.7
mpg,8.0,1,w48-16qam-r1/3,w48,19,1,0,data,ok,18,18,10.6,171.7
mpg,8.0,1,ack-1f,w,2,2,0,ctl,ok,0,0,7.7,171.7
mpg,8.0,1,w48-16qam-r1/3,w48,19,1,0,data,ok,18,18,8.8,171.7
mpg,8.0,1,ack-1f,w,3,3,0,ctl,ok,0,0,8.5,171.7
mpg,8.0,1,w48-16qam-r1/3,w48,19,2,1,data,ok,17,17,8.2,171.7
mpg,8.0,1,ack-1f,w,3,3,0,ctl,ok,0,0,5.0,171.7
mpg,8.0,1,w48-16qam-r1/3,w48,19,2,1,data,ok,17,17,9.6,171.7
mpg,8.0,1,ack-1f,w,2,2,0,ctl,ok,0,0,6.7,171.7
mpg,8.0,1,w48-16qam-r1/3,w48,19,1,0,data,ok,18,18,8.1,171.7
mpg,8.0,1,ack-1f,w,2,2,0,ctl,ok,0,0,10.3,171.7
mpg,8.0,1,w48-16qam-r1/3,w48,19,1,0,data,ok,18,18,7.6,171.7
mpg,8.0,1,ack-1f,w,3,3,0,ctl,ok,0,0,6.1,171.7
mpg,8.0,1,w48-16qam-r1/3,w48,19,2,1,data,ok,17,15,8.0,171.7
mpg,8.0,6,qpsk-r1/5,w,1,1,0,ctl,ok,0,0,10.3,175.5
mpg,8.0,6,qpsk-r1/5,w,1,1,0,ctl,ok,0,0,11.7,175.5
mpg,8.0,6,ack-4f,w,2,2,0,ctl,ok,0,0,4.7,175.5
mpg,8.0,6,ack-1f,w,3,3,0,ctl,ok,0,0,6.5,175.5
mpg,8.0,6,w48-qpsk-r1/2,w48,19,2,1,data,ok,17,17,9.9,175.5
mpg,8.0,6,ack-1f,w,3,3,0,ctl,ok,0,0,10.8,175.5
mpg,8.0,6,w48-16qam-r1/3,w48,19,2,1,data,ok,17,17,8.5,175.5
mpg,8.0,6,ack-1f,w,2,2,0,ctl,ok,0,0,12.5,175.5
mpg,8.0,6,w48-16qam-r1/3,w48,19,1,0,data,ok,18,18,11.3,175.5
mpg,8.0,6,ack-1f,w,2,2,0,ctl,ok,0,0,1.6,175.5
mpg,8.0,6,w48-16qam-r1/3,w48,19,1,0,data,ok,18,17,7.2,175.5
mpg,8.0,6,ack-1f,w,4,4,0,ctl,ok,0,0,6.6,175.5
mpg,8.0,6,w48-16qam-r1/3,w48,19,2,1,data,ok,16,16,9.4,175.5
mpg,8.0,6,ack-1f,w,3,3,0,ctl,ok,0,0,11.2,175.5
mpg,8.0,6,w48-16qam-r1/3,w48,19,2,1,data,ok,17,17,8.9,175.5
mpg,8.0,6,ack-1f,w,2,2,0,ctl,ok,0,0,8.7,175.5
mpg,8.0,6,w48-16qam-r1/3,w48,19,1,0,data,ok,18,18,8.3,175.5
mpg,8.0,6,ack-1f,w,2,2,0,ctl,ok,0,0,7.7,175.5
mpg,8.0,6,w48-16qam-r1/3,w48,19,1,0,data,ok,18,18,8.2,175.5
mpg,8.0,6,ack-1f,w,3,3,0,ctl,ok,0,0,12.8,175.5
mpg,8.0,6,w48-16qam-r1/3,w48,19,2,1,data,ok,17,17,8.3,175.5
mpg,8.0,6,ack-1f,w,3,3,0,ctl,ok,0,0,10.5,175.5
mpg,8.0,6,w48-16qam-r1/3,w48,19,2,1,data,ok,17,17,10.3,175.5
mpg,8.0,6,ack-1f,w,2,2,0,ctl,ok,0,0,11.1,175.5
mpg,8.0,6,w48-16qam-r1/3,w48,19,1,0,data,ok,18,18,10.0,175.5
mpg,8.0,6,ack-1f,w,2,2,0,ctl,ok,0,0,14.3,175.5
mpg,8.0,6,w48-16qam-r1/3,w48,19,1,0,data,ok,18,18,11.2,175.5
mpg,8.0,6,ack-1f,w,2,2,0,ctl,ok,0,0,12.9,175.5
mpg,8.0,6,w48-16qam-r1/3,w48,19,1,0,data,ok,18,18,14.7,175.5
mpg,8.0,6,ack-1f,w,3,3,0,ctl,ok,0,0,11.9,175.5
mpg,8.0,6,w48-16qam-r1/2,w48,19,2,1,data,ok,17,0,8.0,175.5
mpg,8.0,6,ack-1f,w,2,2,0,ctl,ok,0,0,12.0,175.5
mpg,8.0,6,w48-16qam-r1/3,w48,19,1,0,data,ok,18,18,9.4,175.5
mpg,8.0,6,ack-1f,w,2,2,0,ctl,ok,0,0,11.2,175.5
mpg,8.0,6,w48-16qam-r1/3,w48,19,1,0,data,ok,18,18,10.3,175.5
mpg,8.0,6,ack-1f,w,2,2,0,ctl,ok,0,0,17.3,175.5
mpg,8.0,6,w48-16qam-r1/3,w48,19,1,0,data,ok,18,18,10.5,175.5
mpg,8.0,6,ack-1f,w,2,2,0,ctl,ok,0,0,12.3,175.5
mpg,8.0,6,w48-16qam-r1/3,w48,19,1,0,data,ok,18,18,10.9,175.5
mpg,8.0,6,ack-1f,w,2,2,0,ctl,ok,0,0,9.7,175.5
mpg,8.0,6,w48-16qam-r1/3,w48,19,1,0,data,ok,18,18,9.0,175.5
mpg,8.0,6,ack-1f,w,2,2,0,ctl,ok,0,0,9.8,175.5
mpg,8.0,6,w48-16qam-r1/3,w48,19,1,0,data,ok,18,18,10.4,175.5
mpg,8.0,6,ack-1f,w,2,2,0,ctl,ok,0,0,8.1,175.5
mpg,8.0,6,w48-16qam-r1/3,w48,19,1,0,data,ok,18,18,11.9,175.5
mpg,8.0,6,ack-1f,w,2,2,0,ctl,ok,0,0,12.6,175.5
mpg,8.0,6,w48-16qam-r1/3,w48,19,1,0,data,ok,18,18,10.2,175.5
mpg,8.0,6,ack-1f,w,2,2,0,ctl,ok,0,0,11.1,175.5
mpg,8.0,6,w48-16qam-r1/3,w48,19,1,0,data,ok,18,18,12.0,175.5
mpg,8.0,6,ack-1f,w,2,2,0,ctl,ok,0,0,12.3,175.5
mpg,8.0,6,w48-16qam-r1/3,w48,19,1,0,data,ok,18,18,7.6,175.5
mpg,8.0,6,ack-1f,w,2,2,0,ctl,ok,0,0,11.5,175.5
mpg,8.0,6,w48-16qam-r1/3,w48,19,1,0,data,ok,18,18,9.4,175.5
mpg,8.0,6,ack-1f,w,2,2,0,ctl,ok,0,0,10.1,175.5
mpg,8.0,6,w48-16qam-r1/3,w48,19,1,0,data,ctl_lost,18,0,6.8,175.5
mpg,8.0,6,ack-4f,w,2,2,0,ctl,ok,0,0,14.5,175.5
mpg,8.0,6,ack-4f,w,3,3,0,ctl,ok,0,0,12.3,175.5
mpg,8.0,6,w48-16qam-r1/3,w48,19,2,1,data,ok,17,17,9.5,175.5
mpg,8.0,6,ack-1f,w,2,2,0,ctl,ok,0,0,8.4,175.5
mpg,8.0,6,w48-16qam-r1/3,w48,19,1,0,data,ok,18,18,9.3,175.5
mpg,8.0,6,ack-1f,w,2,2,0,ctl,ok,0,0,13.6,175.5
mpg,8.0,6,w48-16qam-r1/3,w48,19,1,0,data,ok,18,18,14.3,175.5
mpg,8.0,6,ack-1f,w,3,3,0,ctl,ok,0,0,11.0,175.5
mpg,8.0,6,w48-16qam-r1/2,w48,19,2,1,data,ctl_lost,17,0,3.4,175.5
mpg,8.0,6,ack-4f,w,2,2,0,ctl,ok,0,0,14.3,175.5
mpg,8.0,6,ack-4f,w,3,3,0,ctl,ok,0,0,13.6,175.5
mpg,8.0,6,w48-16qam-r1/3,w48,19,2,1,data,ok,17,0,6.3,175.5
mpg,8.0,6,ack-1f,w,3,3,0,ctl,ok,0,0,14.4,175.5
mpg,8.0,6,w48-qpsk-r1/2,w48,19,2,1,data,ok,17,17,6.6,175.5
mpg,8.0,6,ack-1f,w,2,2,0,ctl,ctl_lost,0,0,-0.7,175.5
mpg,8.0,6,ack-4f,w,4,4,0,ctl,ok,0,0,8.9,175.5
mpg,8.0,6,ack-4f,w,3,3,0,ctl,ok,0,0,11.1,175.5
mpg,8.0,6,w48-qpsk-r1/2,w48,19,2,1,data,ok,17,17,10.8,175.5
mpg,8.0,6,ack-1f,w,2,2,0,ctl,ok,0,0,12.1,175.5
mpg,8.0,6,w48-16qam-r1/3,w48,19,1,0,data,ok,18,18,8.0,175.5
mpg,8.0,6,ack-1f,w,2,2,0,ctl,ok,0,0,14.6,175.5
mpg,8.0,6,w48-16qam-r1/3,w48,19,1,0,data,ok,18,18,11.0,175.5
mpg,8.0,6,ack-1f,w,2,2,0,ctl,ok,0,0,4.7,175.5
mpg,8.0,6,w48-16qam-r1/3,w48,19,1,0,data,ok,18,18,11.7,175.5
mpg,8.0,6,ack-1f,w,2,2,0,ctl,ok,0,0,18.2,175.5
mpg,8.0,6,w48-16qam-r1/3,w48,19,1,0,data,ok,18,18,11.1,175.5
mpg,8.0,6,ack-1f,w,2,2,0,ctl,ok,0,0,11.4,175.5
mpg,8.0,6,w48-16qam-r1/3,w48,19,1,0,data,ok,18,18,9.6,175.5
mpg,8.0,6,ack-1f,w,2,2,0,ctl,ok,0,0,8.5,175.5
mpg,8.0,6,w48-16qam-r1/3,w48,19,1,0,data,ok,18,18,9.2,175.5
mpg,8.0,6,ack-1f,w,2,2,0,ctl,ok,0,0,8.6,175.5
mpg,8.0,6,w48-16qam-r1/3,w48,19,1,0,data,ok,18,18,10.5,175.5
mpg,8.0,6,ack-1f,w,2,2,0,ctl,ok,0,0,8.2,175.5
mpg,8.0,6,w48-16qam-r1/3,w48,19,1,0,data,ok,18,18,8.5,175.5
mpg,8.0,6,ack-1f,w,2,2,0,ctl,ok,0,0,9.1,175.5
mpg,8.0,6,w48-16qam-r1/3,w48,19,1,0,data,ok,18,18,12.2,175.5
mpg,8.0,6,ack-1f,w,2,2,0,ctl,ok,0,0,14.8,175.5
mpg,8.0,6,w48-16qam-r1/3,w48,19,1,0,data,ok,18,18,9.5,175.5
mpg,8.0,6,ack-1f,w,2,2,0,ctl,ok,0,0,13.9,175.5
mpg,8.0,6,w48-16qam-r1/3,w48,19,1,0,data,ok,18,18,8.5,175.5
mpg,8.0,0,qpsk-r1/5,w,1,1,0,ctl,ok,0,0,11.5,152.6
mpg,8.0,0,qpsk-r1/5,w,1,1,0,ctl,ok,0,0,13.0,152.6
mpg,8.0,0,ack-4f,w,2,2,0,ctl,ok,0,0,14.1,152.6
mpg,8.0,0,ack-1f,w,3,3,0,ctl,ok,0,0,10.3,152.6
mpg,8.0,0,w48-qpsk-r3/4,w48,19,2,1,data,ok,17,0,5.0,152.6
mpg,8.0,0,ack-1f,w,3,3,0,ctl,ok,0,0,5.9,152.6
mpg,8.0,0,w48-qpsk-r1/2,w48,19,2,1,data,ok,17,17,8.4,152.6
mpg,8.0,0,ack-1f,w,2,2,0,ctl,ok,0,0,16.2,152.6
mpg,8.0,0,w48-qpsk-r1/2,w48,19,1,0,data,ok,18,18,11.8,152.6
mpg,8.0,0,ack-1f,w,2,2,0,ctl,ok,0,0,7.9,152.6
mpg,8.0,0,w48-16qam-r1/3,w48,19,1,0,data,ctl_lost,18,12,7.0,152.6
mpg,8.0,0,ack-4f,w,3,3,0,ctl,ok,0,0,10.4,152.6
mpg,8.0,0,ack-4f,w,2,2,0,ctl,ok,0,0,13.5,152.6
mpg,8.0,0,w48-qpsk-r1/2,w48,19,1,0,data,ok,18,18,9.9,152.6
mpg,8.0,0,ack-1f,w,3,3,0,ctl,ok,0,0,6.1,152.6
mpg,8.0,0,w48-qpsk-r2/3,w48,19,2,1,data,ok,17,17,12.2,152.6
mpg,8.0,0,ack-1f,w,3,3,0,ctl,ok,0,0,3.8,152.6
mpg,8.0,0,w48-16qam-r1/3,w48,19,2,1,data,ok,17,17,9.1,152.6
mpg,8.0,0,ack-1f,w,3,3,0,ctl,ok,0,0,3.4,152.6
mpg,8.0,0,w48-qpsk-r2/3,w48,19,2,1,data,ok,17,17,10.0,152.6
mpg,8.0,0,ack-1f,w,2,2,0,ctl,ok,0,0,17.8,152.6
mpg,8.0,0,w48-qpsk-r1/2,w48,19,1,0,data,ok,18,18,11.8,152.6
mpg,8.0,0,ack-1f,w,3,3,0,ctl,ok,0,0,9.3,152.6
mpg,8.0,0,w48-16qam-r1/3,w48,19,2,1,data,ok,17,17,9.6,152.6
mpg,8.0,0,ack-1f,w,3,3,0,ctl,ok,0,0,11.0,152.6
mpg,8.0,0,w48-16qam-r1/3,w48,19,2,1,data,ok,17,17,10.7,152.6
mpg,8.0,0,ack-1f,w,3,3,0,ctl,ok,0,0,0.9,152.6
mpg,8.0,0,w48-16qam-r1/3,w48,19,2,1,data,ok,17,17,11.2,152.6
mpg,8.0,0,ack-1f,w,2,2,0,ctl,ok,0,0,11.8,152.6
mpg,8.0,0,w48-16qam-r1/3,w48,19,1,0,data,ok,18,18,7.8,152.6
mpg,8.0,0,ack-1f,w,3,3,0,ctl,ok,0,0,10.0,152.6
mpg,8.0,0,w48-16qam-r1/3,w48,19,2,1,data,ok,17,17,10.5,152.6
mpg,8.0,0,ack-1f,w,3,3,0,ctl,ok,0,0,6.7,152.6
mpg,8.0,0,w48-16qam-r1/3,w48,19,2,1,data,ok,17,17,12.8,152.6
mpg,8.0,0,ack-1f,w,2,2,0,ctl,ok,0,0,13.6,152.6
mpg,8.0,0,w48-16qam-r1/3,w48,19,1,0,data,ok,18,18,9.5,152.6
mpg,8.0,0,ack-1f,w,2,2,0,ctl,ok,0,0,12.8,152.6
mpg,8.0,0,w48-16qam-r1/3,w48,19,1,0,data,ok,18,18,11.2,152.6
mpg,8.0,0,ack-1f,w,2,2,0,ctl,ok,0,0,16.7,152.6
mpg,8.0,0,w48-16qam-r1/3,w48,19,1,0,data,ok,18,18,9.8,152.6
mpg,8.0,0,ack-1f,w,2,2,0,ctl,ok,0,0,8.3,152.6
mpg,8.0,0,w48-16qam-r1/3,w48,19,1,0,data,ok,18,18,11.0,152.6
mpg,8.0,0,ack-1f,w,2,2,0,ctl,ok,0,0,18.2,152.6
mpg,8.0,0,w48-16qam-r1/3,w48,19,1,0,data,ok,18,18,10.3,152.6
mpg,8.0,0,ack-1f,w,2,2,0,ctl,ok,0,0,16.1,152.6
mpg,8.0,0,w48-16qam-r1/3,w48,19,1,0,data,ok,18,16,7.0,152.6
mpg,8.0,0,ack-1f,w,4,4,0,ctl,ok,0,0,11.9,152.6
mpg,8.0,0,w48-16qam-r1/3,w48,19,2,1,data,ok,15,0,6.4,152.6
mpg,8.0,0,ack-1f,w,2,2,0,ctl,ok,0,0,8.0,152.6
mpg,8.0,0,w48-qpsk-r1/2,w48,19,1,0,data,ok,18,18,10.8,152.6
mpg,8.0,0,ack-1f,w,3,3,0,ctl,ok,0,0,11.9,152.6
mpg,8.0,0,w48-16qam-r1/3,w48,19,2,1,data,ok,17,17,13.9,152.6
mpg,8.0,0,ack-1f,w,3,3,0,ctl,ok,0,0,16.6,152.6
mpg,8.0,0,w48-16qam-r1/2,w48,19,2,1,data,ok,17,0,8.7,152.6
mpg,8.0,0,ack-1f,w,2,2,0,ctl,ok,0,0,8.0,152.6
mpg,8.0,0,w48-16qam-r1/3,w48,19,1,0,data,ok,18,18,10.7,152.6
mpg,8.0,0,ack-1f,w,2,2,0,ctl,ok,0,0,11.5,152.6
mpg,8.0,0,w48-16qam-r1/3,w48,19,1,0,data,ok,18,18,12.3,152.6
mpg,8.0,0,ack-1f,w,3,3,0,ctl,ok,0,0,13.0,152.6
mpg,8.0,0,w48-16qam-r1/2,w48,19,2,1,data,ok,17,0,8.6,152.6
mpg,8.0,0,ack-1f,w,2,2,0,ctl,ok,0,0,4.8,152.6
mpg,8.0,0,w48-16qam-r1/3,w48,19,1,0,data,ok,18,18,11.5,152.6
mpg,8.0,0,ack-1f,w,2,2,0,ctl,ok,0,0,11.2,152.6
mpg,8.0,0,w48-16qam-r1/3,w48,19,1,0,data,ok,18,18,9.2,152.6
mpg,8.0,0,ack-1f,w,2,2,0,ctl,ok,0,0,-0.1,152.6
mpg,8.0,0,w48-16qam-r1/3,w48,19,1,0,data,ok,18,18,10.2,152.6
mpg,8.0,0,ack-1f,w,2,2,0,ctl,ok,0,0,6.7,152.6
mpg,8.0,0,w48-16qam-r1/3,w48,19,1,0,data,ctl_lost,18,0,4.8,152.6
mpg,8.0,0,ack-4f,w,3,3,0,ctl,ok,0,0,6.9,152.6
mpg,8.0,0,ack-4f,w,3,3,0,ctl,ok,0,0,6.7,152.6
mpg,8.0,0,w48-qpsk-r1/2,w48,19,2,1,data,ok,17,17,10.6,152.6
mpg,8.0,0,ack-1f,w,2,2,0,ctl,ok,0,0,15.6,152.6
mpg,8.0,0,w48-16qam-r1/3,w48,19,1,0,data,ok,18,18,9.0,152.6
mpg,8.0,0,ack-1f,w,2,2,0,ctl,ok,0,0,16.4,152.6
mpg,8.0,0,w48-16qam-r1/3,w48,19,1,0,data,ok,18,18,12.5,152.6
mpg,8.0,0,ack-1f,w,2,2,0,ctl,ok,0,0,17.7,152.6
mpg,8.0,0,w48-16qam-r1/3,w48,19,1,0,data,ok,18,18,12.0,152.6
mpg,8.0,0,ack-1f,w,3,3,0,ctl,ok,0,0,9.5,152.6
mpg,8.0,0,w48-16qam-r1/2,w48,19,2,1,data,ok,17,0,8.9,152.6
mpg,8.0,0,ack-1f,w,3,3,0,ctl,ok,0,0,7.7,152.6
mpg,8.0,0,w48-16qam-r1/3,w48,19,2,1,data,ok,17,17,11.1,152.6
mpg,8.0,0,ack-1f,w,3,3,0,ctl,ok,0,0,14.3,152.6
mpg,8.0,0,w48-16qam-r1/3,w48,19,2,1,data,ok,17,17,9.2,152.6
mpg,8.0,0,ack-1f,w,2,2,0,ctl,ok,0,0,10.5,152.6
mpg,8.0,0,w48-16qam-r1/3,w48,19,1,0,data,ok,18,18,11.2,152.6
mpg,8.0,0,ack-1f,w,2,2,0,ctl,ok,0,0,11.8,152.6
mpg,8.0,0,w48-16qam-r1/3,w48,19,1,0,data,ok,18,18,8.5,152.6
mpg,8.0,0,ack-1f,w,2,2,0,ctl,ok,0,0,14.5,152.6
mpg,8.0,0,w48-16qam-r1/3,w48,19,1,0,data,ok,18,18,8.8,152.6
mpg,8.0,0,ack-1f,w,3,3,0,ctl,ok,0,0,15.4,152.6
mpg,8.0,0,w48-16qam-r1/3,w48,19,2,1,data,ok,17,11,6.6,152.6
mpg,8.0,0,ack-1f,w,4,4,0,ctl,ok,0,0,5.7,152.6
mpg,8.0,0,w48-16qam-r1/3,w48,19,2,1,data,ok,11,11,11.6,152.6
mpg,8.0,4,qpsk-r1/5,w,1,1,0,ctl,ok,0,0,4.7,144.5
mpg,8.0,4,qpsk-r1/5,w,1,1,0,ctl,ok,0,0,3.0,144.5
mpg,8.0,4,ack-4f,w,3,3,0,ctl,ok,0,0,6.0,144.5
mpg,8.0,4,ack-1f,w,3,3,0,ctl,ok,0,0,5.9,144.5
mpg,8.0,4,w48-qpsk-r1/2,w48,19,2,1,data,ok,17,17,11.3,144.5
mpg,8.0,4,ack-1f,w,3,3,0,ctl,ok,0,0,7.6,144.5
mpg,8.0,4,w48-16qam-r1/3,w48,19,2,1,data,ok,17,17,11.2,144.5
mpg,8.0,4,ack-1f,w,2,2,0,ctl,ok,0,0,12.1,144.5
mpg,8.0,4,w48-16qam-r1/3,w48,19,1,0,data,ok,18,18,9.7,144.5
mpg,8.0,4,ack-1f,w,2,2,0,ctl,ok,0,0,16.1,144.5
mpg,8.0,4,w48-16qam-r1/3,w48,19,1,0,data,ok,18,18,10.8,144.5
mpg,8.0,4,ack-1f,w,2,2,0,ctl,ok,0,0,14.4,144.5
mpg,8.0,4,w48-16qam-r1/3,w48,19,1,0,data,ok,18,18,10.4,144.5
mpg,8.0,4,ack-1f,w,2,2,0,ctl,ok,0,0,9.8,144.5
mpg,8.0,4,w48-16qam-r1/3,w48,19,1,0,data,ok,18,18,10.4,144.5
mpg,8.0,4,ack-1f,w,2,2,0,ctl,ok,0,0,8.5,144.5
mpg,8.0,4,w48-16qam-r1/3,w48,19,1,0,data,ok,18,18,9.8,144.5
mpg,8.0,4,ack-1f,w,2,2,0,ctl,ok,0,0,10.5,144.5
mpg,8.0,4,w48-16qam-r1/3,w48,19,1,0,data,ok,18,18,10.4,144.5
mpg,8.0,4,ack-1f,w,2,2,0,ctl,ok,0,0,10.1,144.5
mpg,8.0,4,w48-16qam-r1/3,w48,19,1,0,data,ctl_lost,18,4,6.9,144.5
mpg,8.0,4,ack-4f,w,3,3,0,ctl,ok,0,0,11.6,144.5
mpg,8.0,4,ack-4f,w,2,2,0,ctl,ok,0,0,12.6,144.5
mpg,8.0,4,w48-qpsk-r1/2,w48,19,1,0,data,ok,18,18,8.4,144.5
mpg,8.0,4,ack-1f,w,2,2,0,ctl,ok,0,0,6.4,144.5
mpg,8.0,4,w48-qpsk-r1/2,w48,19,1,0,data,ok,18,18,10.6,144.5
mpg,8.0,4,ack-1f,w,3,3,0,ctl,ok,0,0,8.5,144.5
mpg,8.0,4,w48-16qam-r1/3,w48,19,2,1,data,ok,17,4,6.7,144.5
mpg,8.0,4,ack-1f,w,4,4,0,ctl,ok,0,0,10.0,144.5
mpg,8.0,4,w48-16qam-r1/3,w48,19,2,1,data,ok,4,4,8.1,144.5
mpg,8.0,4,ack-1f,w,2,2,0,ctl,ok,0,0,9.8,144.5
mpg,8.0,4,w48-qpsk-r1/2,w48,19,1,0,data,ok,18,18,8.4,144.5
mpg,8.0,4,ack-1f,w,2,2,0,ctl,ok,0,0,7.8,144.5
mpg,8.0,4,w48-qpsk-r1/2,w48,19,1,0,data,ok,18,18,10.4,144.5
mpg,8.0,4,ack-1f,w,3,3,0,ctl,ok,0,0,9.8,144.5
mpg,8.0,4,w48-16qam-r1/3,w48,19,2,1,data,ok,17,8,8.8,144.5
mpg,8.0,4,ack-1f,w,4,4,0,ctl,ok,0,0,5.0,144.5
mpg,8.0,4,w48-16qam-r1/3,w48,19,2,1,data,ok,9,9,10.0,144.5
mpg,8.0,4,ack-1f,w,3,3,0,ctl,ok,0,0,6.7,144.5
mpg,8.0,4,w48-16qam-r1/3,w48,19,2,1,data,ok,17,17,10.7,144.5
mpg,8.0,4,ack-1f,w,2,2,0,ctl,ok,0,0,10.9,144.5
mpg,8.0,4,w48-16qam-r1/3,w48,19,1,0,data,ok,18,18,10.4,144.5
mpg,8.0,4,ack-1f,w,2,2,0,ctl,ok,0,0,5.1,144.5
mpg,8.0,4,w48-16qam-r1/3,w48,19,1,0,data,ok,18,18,9.1,144.5
mpg,8.0,4,ack-1f,w,2,2,0,ctl,ok,0,0,12.0,144.5
mpg,8.0,4,w48-16qam-r1/3,w48,19,1,0,data,ctl_lost,18,0,6.0,144.5
mpg,8.0,4,ack-4f,w,3,3,0,ctl,ok,0,0,13.8,144.5
mpg,8.0,4,ack-4f,w,2,2,0,ctl,ok,0,0,8.0,144.5
mpg,8.0,4,w48-qpsk-r1/2,w48,19,1,0,data,ok,18,18,9.9,144.5
mpg,8.0,4,ack-1f,w,2,2,0,ctl,ok,0,0,9.7,144.5
mpg,8.0,4,w48-qpsk-r2/3,w48,19,1,0,data,ok,18,16,7.9,144.5
mpg,8.0,4,ack-1f,w,3,3,0,ctl,ok,0,0,13.3,144.5
mpg,8.0,4,w48-qpsk-r2/3,w48,19,2,1,data,ok,15,15,11.2,144.5
mpg,8.0,4,ack-1f,w,3,3,0,ctl,ok,0,0,13.3,144.5
mpg,8.0,4,w48-16qam-r1/3,w48,19,2,1,data,ok,17,17,9.8,144.5
mpg,8.0,4,ack-1f,w,2,2,0,ctl,ok,0,0,12.1,144.5
mpg,8.0,4,w48-16qam-r1/3,w48,19,1,0,data,ok,18,18,9.3,144.5
mpg,8.0,4,ack-1f,w,3,3,0,ctl,ok,0,0,8.0,144.5
mpg,8.0,4,w48-16qam-r1/3,w48,19,2,1,data,ok,17,0,4.5,144.5
mpg,8.0,4,ack-1f,w,2,2,0,ctl,ok,0,0,10.7,144.5
mpg,8.0,4,w48-qpsk-r1/2,w48,19,1,0,data,ok,18,18,10.1,144.5
mpg,8.0,4,ack-1f,w,2,2,0,ctl,ok,0,0,16.7,144.5
mpg,8.0,4,w48-qpsk-r1/2,w48,19,1,0,data,ok,18,18,9.8,144.5
mpg,8.0,4,ack-1f,w,2,2,0,ctl,ok,0,0,8.2,144.5
mpg,8.0,4,w48-16qam-r1/3,w48,19,1,0,data,ok,18,18,9.3,144.5
mpg,8.0,4,ack-1f,w,2,2,0,ctl,ok,0,0,13.7,144.5
mpg,8.0,4,w48-16qam-r1/3,w48,19,1,0,data,ctl_lost,18,0,5.4,144.5
mpg,8.0,4,ack-4f,w,2,2,0,ctl,ok,0,0,13.8,144.5
mpg,8.0,4,ack-4f,w,2,2,0,ctl,ok,0,0,12.3,144.5
mpg,8.0,4,w48-qpsk-r1/2,w48,19,1,0,data,ctl_lost,18,0,2.5,144.5
mpg,8.0,4,ack-4f,w,3,3,0,ctl,ok,0,0,13.9,144.5
mpg,8.0,4,ack-4f,w,3,3,0,ctl,ok,0,0,7.3,144.5
mpg,8.0,4,w48-qpsk-r1/2,w48,19,2,1,data,ok,17,17,12.0,144.5
mpg,8.0,4,ack-1f,w,2,2,0,ctl,ok,0,0,13.7,144.5
mpg,8.0,4,w48-qpsk-r2/3,w48,19,1,0,data,ok,18,18,9.4,144.5
mpg,8.0,4,ack-1f,w,2,2,0,ctl,ok,0,0,3.8,144.5
mpg,8.0,4,w48-qpsk-r2/3,w48,19,1,0,data,ok,18,18,10.7,144.5
mpg,8.0,4,ack-1f,w,3,3,0,ctl,ok,0,0,15.3,144.5
mpg,8.0,4,w48-qpsk-r2/3,w48,19,2,1,data,ok,17,17,10.3,144.5
mpg,8.0,4,ack-1f,w,2,2,0,ctl,ok,0,0,11.8,144.5
mpg,8.0,4,w48-qpsk-r2/3,w48,19,1,0,data,ctl_lost,18,0,8.2,144.5
mpg,8.0,4,ack-4f,w,3,3,0,ctl,ok,0,0,12.9,144.5
mpg,8.0,4,ack-4f,w,2,2,0,ctl,ok,0,0,10.9,144.5
mpg,8.0,4,w48-qpsk-r1/2,w48,19,1,0,data,ok,18,18,11.3,144.5
mpg,8.0,4,ack-1f,w,2,2,0,ctl,ok,0,0,15.1,144.5
mpg,8.0,4,w48-qpsk-r2/3,w48,19,1,0,data,ok,18,18,10.7,144.5
mpg,8.0,4,ack-1f,w,2,2,0,ctl,ok,0,0,11.5,144.5
mpg,8.0,4,w48-16qam-r1/3,w48,19,1,0,data,ok,18,18,7.9,144.5
mpg,8.0,4,ack-1f,w,2,2,0,ctl,ok,0,0,10.7,144.5
mpg,8.0,4,w48-qpsk-r1/2,w48,19,1,0,data,ok,18,18,12.3,144.5
mpg,8.0,4,ack-1f,w,2,2,0,ctl,ok,0,0,14.5,144.5
mpg,8.0,4,w48-qpsk-r1/2,w48,19,1,0,data,ok,18,18,9.8,144.5
mpg,8.0,4,ack-1f,w,3,3,0,ctl,ok,0,0,9.6,144.5
mpg,8.0,4,w48-16qam-r1/3,w48,19,2,1,data,ok,17,17,13.5,144.5
mpp,-4.0,0,qpsk-r1/5,w,1,1,0,ctl,ok,0,0,1.2,22.5
mpp,-4.0,0,qpsk-r1/5,w,1,1,0,ctl,ok,0,0,-1.6,22.5
mpp,-4.0,0,ack-4f,w,3,3,0,ctl,ok,0,0,-3.8,22.5
mpp,-4.0,0,n10-ack-4f,n10,3,3,0,ctl,ok,0,0,-2.6,22.5
mpp,-4.0,0,qpsk-r1/5,w,9,2,1,data,ok,7,7,0.7,22.5
mpp,-4.0,0,ack-4f,w,3,3,0,ctl,ok,0,0,-1.9,22.5
mpp,-4.0,0,qpsk-r1/5,w,9,2,1,data,ok,7,7,-1.7,22.5
mpp,-4.0,0,n10-ack-4f,n10,2,2,0,ctl,ok,0,0,-6.9,22.5
mpp,-4.0,0,qpsk-r1/5,w,9,1,0,data,ok,8,8,-1.5,22.5
mpp,-4.0,0,ack-4f,w,3,3,0,ctl,ok,0,0,-2.9,22.5
mpp,-4.0,0,qpsk-r1/5,w,9,2,1,data,ok,7,7,0.9,22.5
mpp,-4.0,0,n10-ack-4f,n10,2,2,0,ctl,ok,0,0,-0.1,22.5
mpp,-4.0,0,qpsk-r1/5,w,9,1,0,data,ok,8,8,0.4,22.5
mpp,-4.0,0,ack-4f,w,2,2,0,ctl,ok,0,0,-5.1,22.5
mpp,-4.0,0,qpsk-r1/5,w,9,1,0,data,ok,8,8,-2.1,22.5
mpp,-4.0,0,ack-4f,w,2,2,0,ctl,ok,0,0,0.3,22.5
mpp,-4.0,0,qpsk-r1/5,w,9,1,0,data,ok,8,8,-0.8,22.5
mpp,-4.0,0,n10-ack-4f,n10,2,2,0,ctl,ok,0,0,-3.1,22.5
mpp,-4.0,0,qpsk-r1/5,w,9,1,0,data,ok,8,8,0.9,22.5
mpp,-4.0,0,ack-4f,w,2,2,0,ctl,ok,0,0,-0.4,22.5
mpp,-4.0,0,qpsk-r1/5,w,9,1,0,data,ok,8,8,-1.1,22.5
mpp,-4.0,0,ack-4f,w,2,2,0,ctl,ok,0,0,-2.7,22.5
mpp,-4.0,0,qpsk-r1/5,w,9,1,0,data,ok,8,8,-0.4,22.5
mpp,-4.0,0,ack-4f,w,2,2,0,ctl,ok,0,0,-2.0,22.5
mpp,-4.0,0,qpsk-r1/5,w,9,1,0,data,ok,8,8,-0.2,22.5
mpp,-4.0,0,n10-ack-4f,n10,2,2,0,ctl,ok,0,0,-5.1,22.5
mpp,-4.0,0,qpsk-r1/5,w,9,1,0,data,ok,8,8,-2.1,22.5
mpp,-4.0,0,ack-4f,w,2,2,0,ctl,ok,0,0,-2.6,22.5
mpp,-4.0,0,qpsk-r1/5,w,9,1,0,data,ctl_lost,8,0,-5.0,22.5
mpp,-4.0,0,ack-4f,w,3,3,0,ctl,ok,0,0,-3.0,22.5
mpp,-4.0,0,ack-4f,w,3,3,0,ctl,ok,0,0,-1.4,22.5
mpp,-4.0,0,qpsk-r1/5,w,9,2,1,data,ok,7,7,-1.6,22.5
mpp,-4.0,0,n10-ack-4f,n10,3,3,0,ctl,ok,0,0,-2.9,22.5
mpp,-4.0,0,qpsk-r1/5,w,9,2,1,data,ok,7,7,-0.6,22.5
mpp,-4.0,0,ack-4f,w,2,2,0,ctl,ok,0,0,-2.1,22.5
mpp,-4.0,0,qpsk-r1/5,w,9,1,0,data,ok,8,8,-0.5,22.5
mpp,-4.0,0,n10-ack-4f,n10,2,2,,ctl,missed,0,0,,22.5
mpp,-4.0,0,ack-4f,w,3,3,0,ctl,ok,0,0,-1.5,22.5
mpp,-4.0,0,ack-4f,w,3,3,0,ctl,ok,0,0,-4.7,22.5
mpp,-4.0,0,qpsk-r1/5,w,9,2,1,data,ok,7,7,-2.7,22.5
mpp,-4.0,0,n10-ack-4f,n10,3,3,0,ctl,ok,0,0,0.5,22.5
mpp,-4.0,0,qpsk-r1/5,w,9,2,1,data,ok,7,7,-0.7,22.5
mpp,-4.0,0,ack-4f,w,2,2,0,ctl,ok,0,0,-2.0,22.5
mpp,-4.0,0,qpsk-r1/5,w,9,1,0,data,ok,8,8,1.2,22.5
mpp,-4.0,0,ack-4f,w,2,2,0,ctl,ok,0,0,-3.2,22.5
mpp,-4.0,0,qpsk-r1/5,w,9,1,0,data,ok,8,8,-1.5,22.5
mpp,-4.0,0,n10-ack-4f,n10,2,2,0,ctl,ok,0,0,-5.2,22.5
mpp,-4.0,0,qpsk-r1/5,w,9,1,0,data,ok,8,8,-2.0,22.5
mpp,-4.0,0,ack-4f,w,2,2,0,ctl,ok,0,0,-2.3,22.5
mpp,-4.0,0,qpsk-r1/5,w,9,1,0,data,ok,8,8,-1.0,22.5
mpp,-4.0,0,n10-ack-4f,n10,2,2,0,ctl,ok,0,0,-0.5,22.5
mpp,-4.0,0,qpsk-r1/5,w,9,1,0,data,ok,8,8,0.1,22.5
mpp,-4.0,0,ack-4f,w,2,2,0,ctl,ok,0,0,-0.5,22.5
mpp,-4.0,0,qpsk-r1/5,w,9,1,,data,missed,0,0,,22.5
mpp,-4.0,0,ack-4f,w,3,3,0,ctl,ok,0,0,-1.7,22.5
mpp,-4.0,0,ack-4f,w,2,2,0,ctl,ok,0,0,0.7,22.5
mpp,-4.0,0,qpsk-r1/5,w,9,1,0,data,ok,8,8,-0.7,22.5
mpp,-4.0,0,ack-4f,w,2,2,0,ctl,ok,0,0,1.8,22.5
mpp,-4.0,0,qpsk-r1/5,w,9,1,0,data,ok,8,8,-1.9,22.5
mpp,-4.0,0,ack-4f,w,2,2,0,ctl,ok,0,0,-2.1,22.5
mpp,-4.0,0,qpsk-r1/5,w,9,1,0,data,ctl_lost,8,1,-2.0,22.5
mpp,-4.0,0,ack-4f,w,3,3,,ctl,missed,0,0,,22.5
mpp,-4.0,0,ack-4f,w,3,3,0,ctl,ok,0,0,-1.4,22.5
mpp,-4.0,0,ack-4f,w,3,3,0,ctl,ok,0,0,1.2,22.5
mpp,-4.0,0,qpsk-r1/5,w,9,2,1,data,ok,7,7,-0.3,22.5
mpp,-4.0,0,ack-4f,w,3,3,0,ctl,ok,0,0,2.6,22.5
mpp,-4.0,0,qpsk-r1/5,w,9,2,1,data,ok,7,7,0.1,22.5
mpp,-4.0,0,ack-4f,w,2,2,0,ctl,ok,0,0,-2.1,22.5
mpp,-4.0,0,qpsk-r1/5,w,9,1,0,data,ok,8,8,0.5,22.5
mpp,-4.0,0,ack-4f,w,2,2,0,ctl,ok,0,0,0.0,22.5
mpp,-4.0,0,qpsk-r1/5,w,9,1,0,data,ok,8,8,-2.1,22.5
mpp,-4.0,0,ack-4f,w,2,2,0,ctl,ok,0,0,-4.4,22.5
mpp,-4.0,0,qpsk-r1/5,w,9,1,0,data,ok,8,8,-1.0,22.5
mpp,-4.0,0,ack-4f,w,2,2,0,ctl,ok,0,0,-1.2,22.5
mpp,-4.0,0,qpsk-r1/5,w,9,1,0,data,ok,8,8,-1.5,22.5
mpp,-4.0,0,n10-ack-4f,n10,2,2,0,ctl,ok,0,0,4.6,22.5
mpp,-4.0,0,qpsk-r1/5,w,9,1,0,data,ok,8,8,0.1,22.5
mpp,-4.0,0,ack-4f,w,2,2,0,ctl,ok,0,0,1.4,22.5
mpp,-4.0,0,qpsk-r1/5,w,9,1,0,data,ok,8,8,-1.9,22.5
mpp,-4.0,0,ack-1f,w,2,2,0,ctl,ctl_lost,0,0,-5.8,22.5
mpp,-4.0,0,ack-4f,w,3,3,0,ctl,ok,0,0,0.3,22.5
mpp,-4.0,0,ack-4f,w,2,2,0,ctl,ok,0,0,-1.7,22.5
mpp,-4.0,0,qpsk-r1/5,w,9,1,0,data,ok,8,8,0.5,22.5
mpp,-4.0,0,n10-ack-4f,n10,2,2,0,ctl,ok,0,0,-3.8,22.5
mpp,-4.0,0,qpsk-r1/5,w,9,1,0,data,ok,8,8,0.0,22.5
mpp,-4.0,0,ack-4f,w,2,2,0,ctl,ok,0,0,-0.2,22.5
mpp,-4.0,0,qpsk-r1/5,w,9,1,0,data,ok,8,8,0.1,22.5
mpp,-4.0,0,ack-4f,w,2,2,0,ctl,ok,0,0,0.5,22.5
mpp,-4.0,0,qpsk-r1/5,w,9,1,0,data,ok,8,8,-0.0,22.5
mpp,-4.0,0,ack-4f,w,2,2,0,ctl,ok,0,0,-1.4,22.5
mpp,-4.0,0,qpsk-r1/5,w,9,1,0,data,ok,8,8,-0.5,22.5
mpp,-4.0,0,ack-4f,w,2,2,0,ctl,ok,0,0,-0.3,22.5
mpp,-4.0,0,qpsk-r1/5,w,9,1,0,data,ok,8,8,-0.1,22.5
mpp,-4.0,0,ack-4f,w,2,2,0,ctl,ok,0,0,-1.7,22.5
mpp,-4.0,0,qpsk-r1/5,w,9,1,0,data,ok,8,8,-1.7,22.5
mpg,8.0,8,qpsk-r1/5,w,1,1,0,ctl,ok,0,0,11.7,165.3
mpg,8.0,8,qpsk-r1/5,w,1,1,0,ctl,ok,0,0,10.6,165.3
mpg,8.0,8,ack-4f,w,2,2,0,ctl,ok,0,0,6.2,165.3
mpg,8.0,8,ack-1f,w,3,3,0,ctl,ok,0,0,11.9,165.3
mpg,8.0,8,w48-qpsk-r1/2,w48,19,2,1,data,ok,17,17,9.3,165.3
mpg,8.0,8,ack-1f,w,3,3,0,ctl,ok,0,0,0.9,165.3
mpg,8.0,8,w48-16qam-r1/3,w48,19,2,1,data,ok,17,17,7.6,165.3
mpg,8.0,8,ack-1f,w,3,3,0,ctl,ok,0,0,5.9,165.3
mpg,8.0,8,w48-16qam-r1/3,w48,19,2,1,data,ok,17,17,9.3,165.3
mpg,8.0,8,ack-1f,w,3,3,0,ctl,ok,0,0,15.9,165.3
mpg,8.0,8,w48-16qam-r1/3,w48,19,2,1,data,ok,17,17,14.1,165.3
mpg,8.0,8,ack-1f,w,2,2,0,ctl,ok,0,0,9.9,165.3
mpg,8.0,8,w48-16qam-r1/3,w48,19,1,0,data,ok,18,18,12.7,165.3
mpg,8.0,8,ack-1f,w,3,3,0,ctl,ok,0,0,13.5,165.3
mpg,8.0,8,w48-16qam-r1/2,w48,19,2,1,data,ok,17,17,11.6,165.3
mpg,8.0,8,ack-1f,w,3,3,0,ctl,ok,0,0,11.5,165.3
mpg,8.0,8,w48-16qam-r1/2,w48,19,2,1,data,ok,17,0,5.1,165.3
mpg,8.0,8,ack-1f,w,3,3,0,ctl,ok,0,0,11.5,165.3
mpg,8.0,8,w48-16qam-r1/3,w48,19,2,1,data,ok,17,17,11.3,165.3
mpg,8.0,8,ack-1f,w,3,3,0,ctl,ok,0,0,7.2,165.3
mpg,8.0,8,w48-16qam-r1/3,w48,19,2,1,data,ok,17,17,8.0,165.3
mpg,8.0,8,ack-1f,w,2,2,0,ctl,ok,0,0,8.3,165.3
mpg,8.0,8,w48-16qam-r1/3,w48,19,1,0,data,ok,18,18,10.9,165.3
mpg,8.0,8,ack-1f,w,2,2,0,ctl,ok,0,0,6.0,165.3
mpg,8.0,8,w48-16qam-r1/3,w48,19,1,0,data,ok,18,18,10.3,165.3
mpg,8.0,8,ack-1f,w,2,2,0,ctl,ok,0,0,13.7,165.3
mpg,8.0,8,w48-16qam-r1/3,w48,19,1,0,data,ok,18,18,9.8,165.3
mpg,8.0,8,ack-1f,w,2,2,0,ctl,ok,0,0,13.2,165.3
mpg,8.0,8,w48-16qam-r1/3,w48,19,1,0,data,ok,18,18,12.8,165.3
mpg,8.0,8,ack-1f,w,2,2,0,ctl,ok,0,0,17.3,165.3
mpg,8.0,8,w48-16qam-r1/3,w48,19,1,0,data,ok,18,18,11.2,165.3
mpg,8.0,8,ack-1f,w,3,3,0,ctl,ok,0,0,12.3,165.3
mpg,8.0,8,w48-16qam-r1/2,w48,19,2,1,data,ok,17,0,8.6,165.3
mpg,8.0,8,ack-1f,w,2,2,0,ctl,ok,0,0,12.5,165.3
mpg,8.0,8,w48-16qam-r1/3,w48,19,1,0,data,ctl_lost,18,0,5.6,165.3
mpg,8.0,8,ack-4f,w,3,3,0,ctl,ok,0,0,4.3,165.3
mpg,8.0,8,ack-4f,w,2,2,0,ctl,ok,0,0,11.7,165.3
mpg,8.0,8,qpsk-r1/2,w,9,1,0,data,ok,8,8,10.0,165.3
mpg,8.0,8,ack-1f,w,3,3,0,ctl,ok,0,0,13.9,165.3
mpg,8.0,8,w48-qpsk-r1/2,w48,19,2,1,data,ok,17,17,11.1,165.3
mpg,8.0,8,ack-1f,w,2,2,0,ctl,ok,0,0,5.3,165.3
mpg,8.0,8,w48-16qam-r1/3,w48,19,1,0,data,ok,18,18,13.0,165.3
mpg,8.0,8,ack-1f,w,2,2,0,ctl,ok,0,0,14.6,165.3
mpg,8.0,8,w48-16qam-r1/3,w48,19,1,0,data,ok,18,18,9.6,165.3
mpg,8.0,8,ack-1f,w,2,2,0,ctl,ok,0,0,13.4,165.3
mpg,8.0,8,w48-16qam-r1/3,w48,19,1,0,data,ok,18,18,11.8,165.3
mpg,8.0,8,ack-1f,w,2,2,0,ctl,ok,0,0,13.3,165.3
mpg,8.0,8,w48-16qam-r1/3,w48,19,1,0,data,ok,18,18,10.9,165.3
mpg,8.0,8,ack-1f,w,2,2,0,ctl,ok,0,0,10.4,165.3
mpg,8.0,8,w48-16qam-r1/3,w48,19,1,0,data,ok,18,18,8.8,165.3
mpg,8.0,8,ack-1f,w,2,2,0,ctl,ok,0,0,13.1,165.3
mpg,8.0,8,w48-16qam-r1/3,w48,19,1,0,data,ok,18,18,11.2,165.3
mpg,8.0,8,ack-1f,w,2,2,0,ctl,ok,0,0,9.0,165.3
mpg,8.0,8,w48-16qam-r1/3,w48,19,1,0,data,ok,18,16,8.1,165.3
mpg,8.0,8,ack-1f,w,4,4,0,ctl,ok,0,0,7.5,165.3
mpg,8.0,8,w48-16qam-r1/3,w48,19,2,1,data,ok,15,15,9.1,165.3
mpg,8.0,8,ack-1f,w,3,3,0,ctl,ok,0,0,11.4,165.3
mpg,8.0,8,w48-16qam-r1/3,w48,19,2,1,data,ok,17,17,9.6,165.3
mpg,8.0,8,ack-1f,w,2,2,0,ctl,ok,0,0,12.4,165.3
mpg,8.0,8,w48-16qam-r1/3,w48,19,1,0,data,ok,18,18,8.4,165.3
mpg,8.0,8,ack-1f,w,2,2,0,ctl,ok,0,0,7.9,165.3
mpg,8.0,8,w48-16qam-r1/3,w48,19,1,0,data,ok,18,18,9.0,165.3
mpg,8.0,8,ack-1f,w,2,2,0,ctl,ok,0,0,10.4,165.3
mpg,8.0,8,w48-16qam-r1/3,w48,19,1,0,data,ok,18,18,7.4,165.3
mpg,8.0,8,ack-1f,w,3,3,0,ctl,ok,0,0,9.5,165.3
mpg,8.0,8,w48-16qam-r1/3,w48,19,2,1,data,ok,17,17,11.2,165.3
mpg,8.0,8,ack-1f,w,2,2,0,ctl,ok,0,0,14.8,165.3
mpg,8.0,8,w48-16qam-r1/3,w48,19,1,0,data,ok,18,18,9.9,165.3
mpg,8.0,8,ack-1f,w,2,2,0,ctl,ok,0,0,9.8,165.3
mpg,8.0,8,w48-16qam-r1/3,w48,19,1,0,data,ok,18,18,10.2,165.3
mpg,8.0,8,ack-1f,w,2,2,0,ctl,ok,0,0,13.0,165.3
mpg,8.0,8,w48-16qam-r1/3,w48,19,1,0,data,ctl_lost,18,0,5.1,165.3
mpg,8.0,8,ack-4f,w,2,2,0,ctl,ok,0,0,8.2,165.3
mpg,8.0,8,ack-4f,w,3,3,0,ctl,ok,0,0,3.1,165.3
mpg,8.0,8,w48-qpsk-r1/2,w48,19,2,1,data,ok,17,17,9.2,165.3
mpg,8.0,8,ack-1f,w,3,3,0,ctl,ok,0,0,9.6,165.3
mpg,8.0,8,w48-16qam-r1/3,w48,19,2,1,data,ok,17,17,10.9,165.3
mpg,8.0,8,ack-1f,w,2,2,0,ctl,ok,0,0,8.9,165.3
mpg,8.0,8,w48-16qam-r1/3,w48,19,1,0,data,ok,18,18,10.4,165.3
mpg,8.0,8,ack-1f,w,2,2,0,ctl,ok,0,0,8.3,165.3
mpg,8.0,8,w48-16qam-r1/3,w48,19,1,0,data,ctl_lost,18,6,7.2,165.3
mpg,8.0,8,ack-4f,w,2,2,0,ctl,ok,0,0,6.8,165.3
mpg,8.0,8,ack-4f,w,3,3,0,ctl,ok,0,0,6.3,165.3
mpg,8.0,8,w48-qpsk-r1/2,w48,19,2,1,data,ok,17,17,10.4,165.3
mpg,8.0,8,ack-1f,w,2,2,0,ctl,ok,0,0,10.5,165.3
mpg,8.0,8,w48-qpsk-r1/2,w48,19,1,0,data,ok,18,18,10.0,165.3
mpg,8.0,8,ack-1f,w,3,3,0,ctl,ok,0,0,13.3,165.3
mpg,8.0,8,w48-16qam-r1/3,w48,19,2,1,data,ok,17,17,10.3,165.3
mpg,8.0,8,ack-1f,w,3,3,0,ctl,ok,0,0,14.2,165.3
mpg,8.0,8,w48-16qam-r1/3,w48,19,2,1,data,ok,17,17,9.0,165.3
mpg,8.0,8,ack-1f,w,3,3,0,ctl,ok,0,0,12.5,165.3
mpg,8.0,8,w48-16qam-r1/3,w48,19,2,1,data,ok,17,17,8.7,165.3
mpg,8.0,8,ack-1f,w,3,3,0,ctl,ok,0,0,12.2,165.3
mpg,8.0,8,w48-16qam-r1/3,w48,19,2,1,data,ok,17,17,11.3,165.3
mpg,8.0,5,qpsk-r1/5,w,1,1,0,ctl,ok,0,0,12.3,154.3
mpg,8.0,5,qpsk-r1/5,w,1,1,0,ctl,ok,0,0,14.1,154.3
mpg,8.0,5,ack-4f,w,2,2,0,ctl,ok,0,0,12.1,154.3
mpg,8.0,5,ack-1f,w,3,3,0,ctl,ok,0,0,6.1,154.3
mpg,8.0,5,w48-qpsk-r3/4,w48,19,2,1,data,ok,17,0,10.3,154.3
mpg,8.0,5,ack-1f,w,3,3,0,ctl,ok,0,0,13.7,154.3
mpg,8.0,5,w48-16qam-r1/3,w48,19,2,1,data,ok,17,17,11.7,154.3
mpg,8.0,5,ack-1f,w,2,2,0,ctl,ok,0,0,11.1,154.3
mpg,8.0,5,w48-16qam-r1/3,w48,19,1,0,data,ok,18,18,9.2,154.3
mpg,8.0,5,ack-1f,w,2,2,0,ctl,ok,0,0,8.0,154.3
mpg,8.0,5,w48-16qam-r1/3,w48,19,1,0,data,ok,18,18,10.3,154.3
mpg,8.0,5,ack-1f,w,2,2,0,ctl,ok,0,0,8.3,154.3
mpg,8.0,5,w48-16qam-r1/3,w48,19,1,0,data,ok,18,18,11.2,154.3
mpg,8.0,5,ack-1f,w,2,2,0,ctl,ok,0,0,11.1,154.3
mpg,8.0,5,w48-16qam-r1/3,w48,19,1,0,data,ok,18,18,10.6,154.3
mpg,8.0,5,ack-1f,w,2,2,0,ctl,ok,0,0,9.3,154.3
mpg,8.0,5,w48-16qam-r1/3,w48,19,1,0,data,ok,18,18,9.4,154.3
mpg,8.0,5,ack-1f,w,2,2,0,ctl,ok,0,0,14.6,154.3
mpg,8.0,5,w48-16qam-r1/3,w48,19,1,0,data,ok,18,18,9.9,154.3
mpg,8.0,5,ack-1f,w,2,2,0,ctl,ok,0,0,8.7,154.3
mpg,8.0,5,w48-16qam-r1/3,w48,19,1,0,data,ok,18,18,9.8,154.3
mpg,8.0,5,ack-1f,w,2,2,0,ctl,ok,0,0,10.7,154.3
mpg,8.0,5,w48-16qam-r1/3,w48,19,1,0,data,ok,18,18,8.0,154.3
mpg,8.0,5,ack-1f,w,2,2,0,ctl,ok,0,0,7.5,154.3
mpg,8.0,5,w48-16qam-r1/3,w48,19,1,0,data,ok,18,18,8.0,154.3
mpg,8.0,5,ack-1f,w,3,3,0,ctl,ok,0,0,4.9,154.3
mpg,8.0,5,w48-16qam-r1/3,w48,19,2,1,data,ok,17,17,8.2,154.3
mpg,8.0,5,ack-1f,w,3,3,0,ctl,ok,0,0,12.9,154.3
mpg,8.0,5,w48-16qam-r1/3,w48,19,2,1,data,ok,17,17,9.0,154.3
mpg,8.0,5,ack-1f,w,2,2,0,ctl,ok,0,0,12.0,154.3
mpg,8.0,5,w48-16qam-r1/3,w48,19,1,0,data,ctl_lost,18,0,6.3,154.3
mpg,8.0,5,ack-4f,w,2,2,0,ctl,ok,0,0,12.9,154.3
mpg,8.0,5,ack-4f,w,3,3,0,ctl,ok,0,0,12.4,154.3
mpg,8.0,5,w48-16qam-r1/3,w48,19,2,1,data,ok,17,17,11.4,154.3
mpg,8.0,5,ack-1f,w,2,2,0,ctl,ok,0,0,15.4,154.3
mpg,8.0,5,w48-16qam-r1/3,w48,19,1,0,data,ctl_lost,18,3,7.2,154.3
mpg,8.0,5,ack-4f,w,3,3,0,ctl,ok,0,0,10.8,154.3
mpg,8.0,5,ack-4f,w,2,2,0,ctl,ok,0,0,10.5,154.3
mpg,8.0,5,w48-qpsk-r1/2,w48,19,1,0,data,ok,18,18,9.5,154.3
mpg,8.0,5,ack-1f,w,2,2,0,ctl,ok,0,0,11.8,154.3
mpg,8.0,5,w48-qpsk-r1/2,w48,19,1,0,data,ok,18,18,7.0,154.3
mpg,8.0,5,ack-1f,w,2,2,0,ctl,ok,0,0,12.5,154.3
mpg,8.0,5,w48-qpsk-r1/2,w48,19,1,0,data,ok,18,18,9.9,154.3
mpg,8.0,5,ack-1f,w,2,2,0,ctl,ok,0,0,11.6,154.3
mpg,8.0,5,w48-qpsk-r1/2,w48,19,1,0,data,ok,18,18,9.9,154.3
mpg,8.0,5,ack-1f,w,3,3,0,ctl,ok,0,0,14.6,154.3
mpg,8.0,5,w48-16qam-r1/3,w48,19,2,1,data,ok,17,17,11.8,154.3
mpg,8.0,5,ack-1f,w,2,2,0,ctl,ok,0,0,13.8,154.3
mpg,8.0,5,w48-16qam-r1/3,w48,19,1,0,data,ok,18,18,11.6,154.3
mpg,8.0,5,ack-1f,w,3,3,0,ctl,ok,0,0,12.5,154.3
mpg,8.0,5,w48-16qam-r1/2,w48,19,2,1,data,ok,17,0,9.5,154.3
mpg,8.0,5,ack-1f,w,3,3,0,ctl,ok,0,0,15.2,154.3
mpg,8.0,5,w48-16qam-r1/3,w48,19,2,1,data,ok,17,17,10.6,154.3
mpg,8.0,5,ack-1f,w,3,3,0,ctl,ok,0,0,13.3,154.3
mpg,8.0,5,w48-16qam-r1/3,w48,19,2,1,data,ok,17,16,7.7,154.3
mpg,8.0,5,ack-1f,w,3,3,0,ctl,ctl_lost,0,0,-5.8,154.3
mpg,8.0,5,ack-4f,w,3,3,0,ctl,ok,0,0,8.8,154.3
mpg,8.0,5,ack-4f,w,3,3,0,ctl,ok,0,0,12.0,154.3
mpg,8.0,5,w48-16qam-r1/3,w48,19,2,1,data,ok,17,17,10.2,154.3
mpg,8.0,5,ack-1f,w,2,2,0,ctl,ok,0,0,8.2,154.3
mpg,8.0,5,w48-16qam-r1/3,w48,19,1,0,data,ok,18,18,9.0,154.3
mpg,8.0,5,ack-1f,w,2,2,0,ctl,ok,0,0,6.6,154.3
mpg,8.0,5,w48-16qam-r1/3,w48,19,1,0,data,ok,18,18,8.9,154.3
mpg,8.0,5,ack-1f,w,2,2,0,ctl,ok,0,0,11.8,154.3
mpg,8.0,5,w48-16qam-r1/3,w48,19,1,0,data,ok,18,18,9.7,154.3
mpg,8.0,5,ack-1f,w,2,2,0,ctl,ok,0,0,8.2,154.3
mpg,8.0,5,w48-16qam-r1/3,w48,19,1,0,data,ok,18,8,6.7,154.3
mpg,8.0,5,ack-1f,w,4,4,0,ctl,ok,0,0,12.4,154.3
mpg,8.0,5,w48-16qam-r1/3,w48,19,2,1,data,ok,7,7,11.7,154.3
mpg,8.0,5,ack-1f,w,2,2,0,ctl,ok,0,0,12.2,154.3
mpg,8.0,5,w48-16qam-r1/3,w48,19,1,0,data,ok,18,18,12.5,154.3
mpg,8.0,5,ack-1f,w,3,3,0,ctl,ok,0,0,10.6,154.3
mpg,8.0,5,w48-16qam-r1/2,w48,19,2,1,data,ok,17,0,6.2,154.3
mpg,8.0,5,ack-1f,w,3,3,0,ctl,ok,0,0,5.0,154.3
mpg,8.0,5,w48-16qam-r1/3,w48,19,2,1,data,ok,17,17,9.1,154.3
mpg,8.0,5,ack-1f,w,3,3,0,ctl,ok,0,0,14.1,154.3
mpg,8.0,5,w48-16qam-r1/3,w48,19,2,1,data,ok,17,17,11.9,154.3
mpg,8.0,5,ack-1f,w,2,2,0,ctl,ok,0,0,10.2,154.3
mpg,8.0,5,w48-16qam-r1/3,w48,19,1,0,data,ok,18,18,12.5,154.3
mpg,8.0,5,ack-1f,w,2,2,0,ctl,ok,0,0,10.3,154.3
mpg,8.0,5,w48-16qam-r1/3,w48,19,1,0,data,ok,18,18,7.3,154.3
mpg,8.0,5,ack-1f,w,2,2,0,ctl,ok,0,0,14.0,154.3
mpg,8.0,5,w48-16qam-r1/3,w48,19,1,0,data,ok,18,18,11.0,154.3
mpg,8.0,5,ack-1f,w,2,2,0,ctl,ok,0,0,13.8,154.3
mpg,8.0,5,w48-16qam-r1/3,w48,19,1,0,data,ok,18,18,11.2,154.3
mpg,8.0,5,ack-1f,w,2,2,0,ctl,ok,0,0,1.0,154.3
mpg,8.0,5,w48-16qam-r1/3,w48,19,1,0,data,ctl_lost,18,1,6.2,154.3
mpg,8.0,5,ack-4f,w,3,3,0,ctl,ok,0,0,8.5,154.3
mpg,8.0,5,ack-4f,w,3,3,0,ctl,ok,0,0,11.5,154.3
mpg,8.0,5,w48-qpsk-r1/2,w48,19,2,1,data,ok,17,17,8.9,154.3
mpg,8.0,5,ack-1f,w,3,3,0,ctl,ok,0,0,13.1,154.3
mpg,8.0,5,w48-qpsk-r1/2,w48,19,2,1,data,ok,17,17,10.5,154.3
mpg,8.0,5,ack-1f,w,3,3,0,ctl,ok,0,0,12.4,154.3
mpg,8.0,5,w48-16qam-r1/3,w48,19,2,1,data,ok,17,17,8.7,154.3
mpg,8.0,10,qpsk-r1/5,w,1,1,0,ctl,ok,0,0,14.6,165.8
mpg,8.0,10,qpsk-r1/5,w,1,1,0,ctl,ok,0,0,12.7,165.8
mpg,8.0,10,ack-4f,w,2,2,0,ctl,ok,0,0,13.3,165.8
mpg,8.0,10,ack-1f,w,2,2,0,ctl,ok,0,0,15.7,165.8
mpg,8.0,10,w48-qpsk-r3/4,w48,19,1,0,data,ok,18,18,13.0,165.8
mpg,8.0,10,ack-1f,w,3,3,0,ctl,ok,0,0,15.7,165.8
mpg,8.0,10,w48-16qam-r1/2,w48,19,2,1,data,ok,17,0,8.5,165.8
mpg,8.0,10,ack-1f,w,3,3,0,ctl,ok,0,0,9.5,165.8
mpg,8.0,10,w48-16qam-r1/3,w48,19,2,1,data,ok,17,17,8.3,165.8
mpg,8.0,10,ack-1f,w,2,2,0,ctl,ok,0,0,3.9,165.8
mpg,8.0,10,w48-qpsk-r1/2,w48,19,1,0,data,ok,18,18,9.3,165.8
mpg,8.0,10,ack-1f,w,3,3,0,ctl,ok,0,0,2.9,165.8
mpg,8.0,10,w48-16qam-r1/3,w48,19,2,1,data,ok,17,15,6.6,165.8
mpg,8.0,10,ack-1f,w,4,4,0,ctl,ok,0,0,9.1,165.8
mpg,8.0,10,w48-16qam-r1/3,w48,19,2,1,data,ok,15,15,10.9,165.8
mpg,8.0,10,ack-1f,w,2,2,0,ctl,ok,0,0,11.1,165.8
mpg,8.0,10,w48-16qam-r1/3,w48,19,1,0,data,ok,18,18,8.8,165.8
mpg,8.0,10,ack-1f,w,2,2,0,ctl,ok,0,0,9.3,165.8
mpg,8.0,10,w48-16qam-r1/3,w48,19,1,0,data,ok,18,13,7.7,165.8
mpg,8.0,10,ack-1f,w,4,4,0,ctl,ok,0,0,10.1,165.8
mpg,8.0,10,w48-16qam-r1/3,w48,19,2,1,data,ok,12,4,6.5,165.8
mpg,8.0,10,ack-1f,w,3,3,0,ctl,ok,0,0,9.3,165.8
mpg,8.0,10,w48-16qam-r1/3,w48,19,2,1,data,ok,9,9,9.5,165.8
mpg,8.0,10,ack-1f,w,2,2,0,ctl,ok,0,0,10.1,165.8
mpg,8.0,10,w48-16qam-r1/3,w48,19,1,0,data,ok,18,18,10.7,165.8
mpg,8.0,10,ack-1f,w,2,2,0,ctl,ok,0,0,9.4,165.8
mpg,8.0,10,w48-16qam-r1/3,w48,19,1,0,data,ok,18,18,11.7,165.8
mpg,8.0,10,ack-1f,w,2,2,0,ctl,ok,0,0,11.7,165.8
mpg,8.0,10,w48-16qam-r1/3,w48,19,1,0,data,ok,18,18,8.5,165.8
mpg,8.0,10,ack-1f,w,2,2,0,ctl,ok,0,0,8.8,165.8
mpg,8.0,10,w48-16qam-r1/3,w48,19,1,0,data,ok,18,18,9.3,165.8
mpg,8.0,10,ack-1f,w,2,2,0,ctl,ok,0,0,6.6,165.8
mpg,8.0,10,w48-16qam-r1/3,w48,19,1,0,data,ctl_lost,18,0,6.7,165.8
mpg,8.0,10,ack-4f,w,3,3,0,ctl,ok,0,0,3.8,165.8
mpg,8.0,10,ack-4f,w,3,3,0,ctl,ok,0,0,11.1,165.8
mpg,8.0,10,w48-qpsk-r1/3,w48,19,2,1,data,ok,17,17,10.7,165.8
mpg,8.0,10,ack-1f,w,3,3,0,ctl,ok,0,0,3.4,165.8
mpg,8.0,10,w48-16qam-r1/3,w48,19,2,1,data,ok,17,17,9.3,165.8
mpg,8.0,10,ack-1f,w,2,2,0,ctl,ok,0,0,3.7,165.8
mpg,8.0,10,w48-16qam-r1/3,w48,19,1,0,data,ok,18,18,8.9,165.8
mpg,8.0,10,ack-1f,w,2,2,0,ctl,ok,0,0,12.2,165.8
mpg,8.0,10,w48-16qam-r1/3,w48,19,1,0,data,ok,18,18,10.1,165.8
mpg,8.0,10,ack-1f,w,2,2,0,ctl,ok,0,0,18.1,165.8
mpg,8.0,10,w48-16qam-r1/3,w48,19,1,0,data,ok,18,18,11.0,165.8
mpg,8.0,10,ack-1f,w,2,2,0,ctl,ok,0,0,10.9,165.8
mpg,8.0,10,w48-16qam-r1/3,w48,19,1,0,data,ok,18,18,7.3,165.8
mpg,8.0,10,ack-1f,w,2,2,0,ctl,ok,0,0,11.6,165.8
mpg,8.0,10,w48-16qam-r1/3,w48,19,1,0,data,ok,18,17,7.2,165.8
mpg,8.0,10,ack-1f,w,4,4,0,ctl,ok,0,0,2.4,165.8
mpg,8.0,10,w48-16qam-r1/3,w48,19,2,1,data,ok,16,16,8.7,165.8
mpg,8.0,10,ack-1f,w,3,3,0,ctl,ok,0,0,5.1,165.8
mpg,8.0,10,w48-16qam-r1/3,w48,19,2,1,data,ok,17,17,11.8,165.8
mpg,8.0,10,ack-1f,w,2,2,0,ctl,ok,0,0,15.4,165.8
mpg,8.0,10,w48-16qam-r1/3,w48,19,1,0,data,ok,18,18,10.5,165.8
mpg,8.0,10,ack-1f,w,2,2,0,ctl,ok,0,0,12.4,165.8
mpg,8.0,10,w48-16qam-r1/3,w48,19,1,0,data,ok,18,18,8.9,165.8
mpg,8.0,10,ack-1f,w,2,2,0,ctl,ok,0,0,11.7,165.8
mpg,8.0,10,w48-16qam-r1/3,w48,19,1,0,data,ok,18,18,12.0,165.8
mpg,8.0,10,ack-1f,w,2,2,0,ctl,ok,0,0,7.1,165.8
mpg,8.0,10,w48-16qam-r1/3,w48,19,1,0,data,ok,18,18,11.1,165.8
mpg,8.0,10,ack-1f,w,2,2,0,ctl,ok,0,0,11.8,165.8
mpg,8.0,10,w48-16qam-r1/3,w48,19,1,0,data,ok,18,18,11.0,165.8
mpg,8.0,10,ack-1f,w,2,2,0,ctl,ok,0,0,16.4,165.8
mpg,8.0,10,w48-16qam-r1/3,w48,19,1,0,data,ok,18,18,8.6,165.8
mpg,8.0,10,ack-1f,w,2,2,0,ctl,ok,0,0,6.1,165.8
mpg,8.0,10,w48-16qam-r1/3,w48,19,1,0,data,ctl_lost,18,0,3.5,165.8
mpg,8.0,10,ack-4f,w,2,2,0,ctl,ok,0,0,15.8,165.8
mpg,8.0,10,ack-4f,w,3,3,0,ctl,ok,0,0,15.4,165.8
mpg,8.0,10,w48-16qam-r1/3,w48,19,2,1,data,ok,17,17,8.0,165.8
mpg,8.0,10,ack-1f,w,3,3,0,ctl,ok,0,0,8.0,165.8
mpg,8.0,10,w48-16qam-r1/3,w48,19,2,1,data,ok,17,17,10.9,165.8
mpg,8.0,10,ack-1f,w,2,2,0,ctl,ok,0,0,0.9,165.8
mpg,8.0,10,w48-16qam-r1/3,w48,19,1,0,data,ok,18,18,7.1,165.8
mpg,8.0,10,ack-1f,w,3,3,0,ctl,ok,0,0,15.4,165.8
mpg,8.0,10,w48-16qam-r1/3,w48,19,2,1,data,ok,17,17,9.8,165.8
mpg,8.0,10,ack-1f,w,2,2,0,ctl,ok,0,0,8.6,165.8
mpg,8.0,10,w48-16qam-r1/3,w48,19,1,0,data,ok,18,18,9.1,165.8
mpg,8.0,10,ack-1f,w,2,2,0,ctl,ok,0,0,12.7,165.8
mpg,8.0,10,w48-16qam-r1/3,w48,19,1,0,data,ctl_lost,18,15,7.5,165.8
mpg,8.0,10,ack-4f,w,2,2,0,ctl,ok,0,0,0.9,165.8
mpg,8.0,10,ack-4f,w,3,3,0,ctl,ok,0,0,11.0,165.8
mpg,8.0,10,w48-qpsk-r1/3,w48,19,2,1,data,ok,17,17,5.7,165.8
mpg,8.0,10,ack-1f,w,3,3,0,ctl,ok,0,0,11.0,165.8
mpg,8.0,10,w48-qpsk-r1/3,w48,19,2,1,data,ok,17,17,10.8,165.8
mpg,8.0,10,ack-1f,w,3,3,0,ctl,ok,0,0,3.5,165.8
mpg,8.0,10,w48-16qam-r1/3,w48,19,2,1,data,ok,17,17,11.5,165.8
mpg,8.0,10,ack-1f,w,2,2,0,ctl,ok,0,0,9.7,165.8
mpg,8.0,10,w48-16qam-r1/3,w48,19,1,0,data,ok,18,18,8.1,165.8
mpg,8.0,10,ack-1f,w,3,3,0,ctl,ok,0,0,11.4,165.8
mpg,8.0,10,w48-16qam-r1/3,w48,19,2,1,data,ok,17,17,10.5,165.8
mpg,8.0,10,ack-1f,w,2,2,0,ctl,ok,0,0,12.2,165.8
mpg,8.0,10,w48-16qam-r1/3,w48,19,1,0,data,ok,18,18,8.2,165.8
mpg,8.0,10,ack-1f,w,2,2,0,ctl,ok,0,0,11.1,165.8
mpg,8.0,10,w48-16qam-r1/3,w48,19,1,0,data,ok,18,18,12.2,165.8
mpg,8.0,3,qpsk-r1/5,w,1,1,0,ctl,ok,0,0,12.8,164.9
mpg,8.0,3,qpsk-r1/5,w,1,1,0,ctl,ok,0,0,11.9,164.9
mpg,8.0,3,ack-4f,w,3,3,0,ctl,ok,0,0,6.1,164.9
mpg,8.0,3,ack-1f,w,2,2,0,ctl,ok,0,0,7.8,164.9
mpg,8.0,3,w48-qpsk-r1/2,w48,19,1,0,data,ok,18,18,8.2,164.9
mpg,8.0,3,ack-1f,w,2,2,0,ctl,ok,0,0,11.3,164.9
mpg,8.0,3,w48-qpsk-r1/2,w48,19,1,0,data,ok,18,18,11.1,164.9
mpg,8.0,3,ack-1f,w,2,2,0,ctl,ok,0,0,15.1,164.9
mpg,8.0,3,w48-16qam-r1/3,w48,19,1,0,data,ok,18,18,9.6,164.9
mpg,8.0,3,ack-1f,w,2,2,0,ctl,ok,0,0,7.9,164.9
mpg,8.0,3,w48-16qam-r1/3,w48,19,1,0,data,ok,18,18,10.6,164.9
mpg,8.0,3,ack-1f,w,2,2,0,ctl,ok,0,0,10.6,164.9
mpg,8.0,3,w48-16qam-r1/3,w48,19,1,0,data,ok,18,18,10.6,164.9
mpg,8.0,3,ack-1f,w,2,2,0,ctl,ok,0,0,10.5,164.9
mpg,8.0,3,w48-16qam-r1/3,w48,19,1,0,data,ok,18,18,9.6,164.9
mpg,8.0,3,ack-1f,w,2,2,0,ctl,ok,0,0,9.5,164.9
mpg,8.0,3,w48-16qam-r1/3,w48,19,1,0,data,ok,18,18,11.1,164.9
mpg,8.0,3,ack-1f,w,2,2,0,ctl,ok,0,0,7.2,164.9
mpg,8.0,3,w48-16qam-r1/3,w48,19,1,0,data,ok,18,18,8.5,164.9
mpg,8.0,3,ack-1f,w,2,2,0,ctl,ok,0,0,12.4,164.9
mpg,8.0,3,w48-16qam-r1/3,w48,19,1,0,data,ok,18,18,10.4,164.9
mpg,8.0,3,ack-1f,w,2,2,0,ctl,ok,0,0,9.1,164.9
mpg,8.0,3,w48-16qam-r1/3,w48,19,1,0,data,ok,18,18,8.8,164.9
mpg,8.0,3,ack-1f,w,3,3,0,ctl,ok,0,0,13.1,164.9
mpg,8.0,3,w48-16qam-r1/3,w48,19,2,1,data,ok,17,0,5.7,164.9
mpg,8.0,3,ack-1f,w,3,3,0,ctl,ok,0,0,9.5,164.9
mpg,8.0,3,w48-qpsk-r1/2,w48,19,2,1,data,ok,17,17,8.0,164.9
mpg,8.0,3,ack-1f,w,2,2,0,ctl,ok,0,0,6.1,164.9
mpg,8.0,3,w48-qpsk-r1/2,w48,19,1,0,data,ctl_lost,18,0,5.3,164.9
mpg,8.0,3,ack-4f,w,3,3,0,ctl,ok,0,0,14.2,164.9
mpg,8.0,3,ack-4f,w,3,3,0,ctl,ok,0,0,8.4,164.9
mpg,8.0,3,w48-16qam-r1/3,w48,19,2,1,data,ok,17,17,12.2,164.9
mpg,8.0,3,ack-1f,w,3,3,0,ctl,ok,0,0,7.5,164.9
mpg,8.0,3,w48-16qam-r1/2,w48,19,2,1,data,ok,17,17,11.8,164.9
mpg,8.0,3,ack-1f,w,3,3,0,ctl,ok,0,0,14.1,164.9
mpg,8.0,3,w48-16qam-r1/2,w48,19,2,1,data,ok,17,0,7.7,164.9
mpg,8.0,3,ack-1f,w,2,2,0,ctl,ok,0,0,11.7,164.9
mpg,8.0,3,w48-16qam-r1/3,w48,19,1,0,data,ok,18,18,11.3,164.9
mpg,8.0,3,ack-1f,w,2,2,0,ctl,ok,0,0,10.0,164.9
mpg,8.0,3,w48-16qam-r1/3,w48,19,1,0,data,ok,18,18,10.8,164.9
mpg,8.0,3,ack-1f,w,2,2,0,ctl,ok,0,0,16.5,164.9
mpg,8.0,3,w48-16qam-r1/3,w48,19,1,0,data,ok,18,18,10.7,164.9
mpg,8.0,3,ack-1f,w,2,2,0,ctl,ok,0,0,10.7,164.9
mpg,8.0,3,w48-16qam-r1/3,w48,19,1,0,data,ok,18,18,13.3,164.9
mpg,8.0,3,ack-1f,w,3,3,0,ctl,ok,0,0,14.0,164.9
mpg,8.0,3,w48-16qam-r1/2,w48,19,2,1,data,ok,17,17,10.9,164.9
mpg,8.0,3,ack-1f,w,3,3,0,ctl,ok,0,0,10.0,164.9
mpg,8.0,3,w48-16qam-r1/2,w48,19,2,1,data,ok,17,0,7.0,164.9
mpg,8.0,3,ack-1f,w,2,2,0,ctl,ok,0,0,13.9,164.9
mpg,8.0,3,w48-16qam-r1/3,w48,19,1,0,data,ok,18,18,10.5,164.9
mpg,8.0,3,ack-1f,w,2,2,0,ctl,ok,0,0,8.0,164.9
mpg,8.0,3,w48-16qam-r1/3,w48,19,1,0,data,ok,18,18,9.0,164.9
mpg,8.0,3,ack-1f,w,2,2,0,ctl,ok,0,0,9.6,164.9
mpg,8.0,3,w48-16qam-r1/3,w48,19,1,0,data,ok,18,18,7.8,164.9
mpg,8.0,3,ack-1f,w,2,2,0,ctl,ok,0,0,11.4,164.9
mpg,8.0,3,w48-16qam-r1/3,w48,19,1,0,data,ok,18,18,8.8,164.9
mpg,8.0,3,ack-1f,w,2,2,0,ctl,ok,0,0,6.6,164.9
mpg,8.0,3,w48-16qam-r1/3,w48,19,1,0,data,ctl_lost,18,8,6.5,164.9
mpg,8.0,3,ack-4f,w,2,2,0,ctl,ok,0,0,8.3,164.9
mpg,8.0,3,ack-4f,w,3,3,0,ctl,ok,0,0,8.1,164.9
mpg,8.0,3,w48-qpsk-r1/2,w48,19,2,1,data,ok,17,17,7.3,164.9
mpg,8.0,3,ack-1f,w,3,3,0,ctl,ok,0,0,4.5,164.9
mpg,8.0,3,w48-qpsk-r1/2,w48,19,2,1,data,ok,17,17,10.6,164.9
mpg,8.0,3,ack-1f,w,3,3,0,ctl,ok,0,0,13.0,164.9
mpg,8.0,3,w48-16qam-r1/3,w48,19,2,1,data,ok,17,17,10.1,164.9
mpg,8.0,3,ack-1f,w,2,2,0,ctl,ok,0,0,9.4,164.9
mpg,8.0,3,w48-16qam-r1/3,w48,19,1,0,data,ok,18,18,8.5,164.9
mpg,8.0,3,ack-1f,w,2,2,0,ctl,ok,0,0,10.3,164.9
mpg,8.0,3,w48-16qam-r1/3,w48,19,1,0,data,ok,18,18,10.3,164.9
mpg,8.0,3,ack-1f,w,2,2,0,ctl,ok,0,0,8.8,164.9
mpg,8.0,3,w48-16qam-r1/3,w48,19,1,0,data,ok,18,18,8.5,164.9
mpg,8.0,3,ack-1f,w,2,2,0,ctl,ok,0,0,14.9,164.9
mpg,8.0,3,w48-16qam-r1/3,w48,19,1,0,data,ok,18,16,7.3,164.9
mpg,8.0,3,ack-1f,w,4,4,0,ctl,ok,0,0,10.2,164.9
mpg,8.0,3,w48-16qam-r1/3,w48,19,2,1,data,ok,15,14,7.2,164.9
mpg,8.0,3,ack-1f,w,4,4,0,ctl,ok,0,0,15.1,164.9
mpg,8.0,3,w48-16qam-r1/3,w48,19,2,1,data,ok,16,16,13.8,164.9
mpg,8.0,3,ack-1f,w,2,2,0,ctl,ok,0,0,17.0,164.9
mpg,8.0,3,w48-16qam-r1/3,w48,19,1,0,data,ok,18,18,11.1,164.9
mpg,8.0,3,ack-1f,w,3,3,0,ctl,ok,0,0,12.6,164.9
mpg,8.0,3,w48-16qam-r1/2,w48,19,2,1,data,ok,17,17,10.5,164.9
mpg,8.0,3,ack-1f,w,2,2,0,ctl,ok,0,0,6.5,164.9
mpg,8.0,3,w48-16qam-r1/3,w48,19,1,0,data,ctl_lost,18,0,6.5,164.9
mpg,8.0,3,ack-4f,w,3,3,0,ctl,ok,0,0,13.7,164.9
mpg,8.0,3,ack-4f,w,3,3,0,ctl,ok,0,0,14.2,164.9
mpg,8.0,3,w48-16qam-r1/3,w48,19,2,1,data,ok,17,17,9.6,164.9
mpg,8.0,3,ack-1f,w,2,2,0,ctl,ok,0,0,7.3,164.9
mpg,8.0,3,w48-16qam-r1/3,w48,19,1,0,data,ok,18,18,8.3,164.9
mpg,8.0,3,ack-1f,w,2,2,0,ctl,ok,0,0,2.0,164.9
mpg,8.0,3,w48-16qam-r1/3,w48,19,1,0,data,ok,18,18,10.6,164.9
mpg,8.0,3,ack-1f,w,2,2,0,ctl,ok,0,0,11.8,164.9
mpg,8.0,3,w48-16qam-r1/3,w48,19,1,0,data,ctl_lost,18,10,7.0,164.9
mpg,8.0,3,ack-4f,w,3,3,0,ctl,ok,0,0,3.8,164.9
mpg,8.0,3,ack-4f,w,3,3,0,ctl,ok,0,0,8.1,164.9
mpp,-4.0,2,qpsk-r1/5,w,1,1,0,ctl,ok,0,0,-1.5,24.2
mpp,-4.0,2,qpsk-r1/5,w,1,1,0,ctl,ok,0,0,0.6,24.2
mpp,-4.0,2,ack-4f,w,3,3,0,ctl,ok,0,0,-5.7,24.2
mpp,-4.0,2,ack-4f,w,3,3,0,ctl,ok,0,0,-3.9,24.2
mpp,-4.0,2,qpsk-r1/5,w,9,2,1,data,ok,7,7,-1.0,24.2
mpp,-4.0,2,n10-ack-4f,n10,3,3,0,ctl,ok,0,0,-2.8,24.2
mpp,-4.0,2,qpsk-r1/5,w,9,2,1,data,ok,7,7,-1.2,24.2
mpp,-4.0,2,ack-4f,w,2,2,0,ctl,ok,0,0,-0.7,24.2
mpp,-4.0,2,qpsk-r1/5,w,9,1,0,data,ok,8,8,-2.0,24.2
mpp,-4.0,2,ack-4f,w,3,3,0,ctl,ok,0,0,0.6,24.2
mpp,-4.0,2,qpsk-r1/5,w,9,2,1,data,ok,7,7,-1.6,24.2
mpp,-4.0,2,ack-4f,w,3,3,0,ctl,ok,0,0,-2.0,24.2
mpp,-4.0,2,qpsk-r1/5,w,9,2,1,data,ok,7,7,-0.5,24.2
mpp,-4.0,2,ack-4f,w,2,2,0,ctl,ok,0,0,-2.9,24.2
mpp,-4.0,2,qpsk-r1/5,w,9,1,0,data,ok,8,8,-0.9,24.2
mpp,-4.0,2,n10-ack-4f,n10,2,2,0,ctl,ok,0,0,-1.5,24.2
mpp,-4.0,2,qpsk-r1/5,w,9,1,0,data,ok,8,8,-0.2,24.2
mpp,-4.0,2,ack-4f,w,2,2,0,ctl,ok,0,0,2.2,24.2
mpp,-4.0,2,qpsk-r1/5,w,9,1,0,data,ok,8,8,-1.1,24.2
mpp,-4.0,2,ack-4f,w,2,2,0,ctl,ok,0,0,-1.7,24.2
mpp,-4.0,2,qpsk-r1/5,w,9,1,0,data,ok,8,8,-1.4,24.2
mpp,-4.0,2,ack-4f,w,2,2,0,ctl,ok,0,0,-1.2,24.2
mpp,-4.0,2,qpsk-r1/5,w,9,1,0,data,ok,8,8,-0.6,24.2
mpp,-4.0,2,ack-4f,w,2,2,0,ctl,ok,0,0,-7.7,24.2
mpp,-4.0,2,qpsk-r1/5,w,9,1,0,data,ok,8,8,-2.1,24.2
mpp,-4.0,2,n10-ack-4f,n10,2,2,,ctl,missed,0,0,,24.2
mpp,-4.0,2,ack-4f,w,3,3,0,ctl,ok,0,0,0.9,24.2
mpp,-4.0,2,ack-4f,w,2,2,0,ctl,ok,0,0,-0.2,24.2
mpp,-4.0,2,qpsk-r1/5,w,9,1,0,data,ok,8,8,0.2,24.2
mpp,-4.0,2,n10-ack-4f,n10,2,2,0,ctl,ok,0,0,0.7,24.2
mpp,-4.0,2,qpsk-r1/5,w,9,1,0,data,ok,8,8,-0.4,24.2
mpp,-4.0,2,ack-4f,w,2,2,0,ctl,ok,0,0,1.2,24.2
mpp,-4.0,2,qpsk-r1/5,w,9,1,0,data,ok,8,8,-0.8,24.2
mpp,-4.0,2,ack-4f,w,2,2,0,ctl,ok,0,0,-1.9,24.2
mpp,-4.0,2,qpsk-r1/5,w,9,1,0,data,ok,8,8,0.1,24.2
mpp,-4.0,2,ack-4f,w,2,2,0,ctl,ok,0,0,-3.2,24.2
mpp,-4.0,2,qpsk-r1/5,w,9,1,0,data,ok,8,8,-0.0,24.2
mpp,-4.0,2,n10-ack-4f,n10,2,2,0,ctl,ok,0,0,0.2,24.2
mpp,-4.0,2,qpsk-r1/5,w,9,1,0,data,ok,8,3,-2.4,24.2
mpp,-4.0,2,ack-4f,w,3,3,0,ctl,ok,0,0,-3.7,24.2
mpp,-4.0,2,qpsk-r1/5,w,9,1,0,data,ok,3,3,0.5,24.2
mpp,-4.0,2,ack-4f,w,2,2,0,ctl,ok,0,0,-0.3,24.2
mpp,-4.0,2,qpsk-r1/5,w,9,1,0,data,ok,8,8,-2.0,24.2
mpp,-4.0,2,ack-4f,w,2,2,0,ctl,ok,0,0,2.0,24.2
mpp,-4.0,2,qpsk-r1/5,w,9,1,0,data,ok,8,8,-1.1,24.2
mpp,-4.0,2,ack-4f,w,2,2,0,ctl,ok,0,0,-3.6,24.2
mpp,-4.0,2,qpsk-r1/5,w,9,1,0,data,ok,8,8,-1.8,24.2
mpp,-4.0,2,ack-4f,w,2,2,0,ctl,ok,0,0,0.8,24.2
mpp,-4.0,2,qpsk-r1/5,w,9,1,0,data,ok,8,8,-1.0,24.2
mpp,-4.0,2,ack-4f,w,2,2,0,ctl,ok,0,0,-0.1,24.2
mpp,-4.0,2,qpsk-r1/5,w,9,1,0,data,ok,8,8,-0.5,24.2
mpp,-4.0,2,ack-4f,w,2,2,0,ctl,ok,0,0,0.8,24.2
mpp,-4.0,2,qpsk-r1/5,w,9,1,0,data,ok,8,8,-0.7,24.2
mpp,-4.0,2,ack-4f,w,2,2,0,ctl,ok,0,0,1.5,24.2
mpp,-4.0,2,qpsk-r1/5,w,9,1,,data,missed,0,0,,24.2
mpp,-4.0,2,ack-4f,w,2,2,0,ctl,ok,0,0,1.0,24.2
mpp,-4.0,2,ack-4f,w,2,2,0,ctl,ok,0,0,-0.6,24.2
mpp,-4.0,2,qpsk-r1/5,w,9,1,0,data,ok,8,8,-0.8,24.2
mpp,-4.0,2,ack-4f,w,2,2,0,ctl,ok,0,0,-3.4,24.2
mpp,-4.0,2,qpsk-r1/5,w,9,1,0,data,ok,8,8,-0.2,24.2
mpp,-4.0,2,ack-4f,w,2,2,0,ctl,ok,0,0,0.2,24.2
mpp,-4.0,2,qpsk-r1/5,w,9,1,0,data,ok,8,8,-1.9,24.2
mpp,-4.0,2,ack-4f,w,2,2,0,ctl,ok,0,0,0.2,24.2
mpp,-4.0,2,qpsk-r1/5,w,9,1,0,data,ok,8,8,-1.3,24.2
mpp,-4.0,2,ack-4f,w,2,2,0,ctl,ok,0,0,-0.1,24.2
mpp,-4.0,2,qpsk-r1/5,w,9,1,0,data,ok,8,8,-1.5,24.2
mpp,-4.0,2,ack-4f,w,2,2,0,ctl,ok,0,0,-2.4,24.2
mpp,-4.0,2,qpsk-r1/5,w,9,1,0,data,ok,8,8,-0.0,24.2
mpp,-4.0,2,ack-4f,w,2,2,0,ctl,ok,0,0,1.1,24.2
mpp,-4.0,2,qpsk-r1/5,w,9,1,0,data,ok,8,8,-1.1,24.2
mpp,-4.0,2,ack-4f,w,2,2,0,ctl,ok,0,0,2.0,24.2
mpp,-4.0,2,qpsk-r1/5,w,9,1,0,data,ok,8,8,-2.2,24.2
mpp,-4.0,2,ack-4f,w,2,2,0,ctl,ok,0,0,0.2,24.2
mpp,-4.0,2,qpsk-r1/5,w,9,1,0,data,ok,8,8,0.8,24.2
mpp,-4.0,2,ack-4f,w,2,2,0,ctl,ok,0,0,-1.9,24.2
mpp,-4.0,2,qpsk-r1/5,w,9,1,0,data,ok,8,8,0.7,24.2
mpp,-4.0,2,ack-4f,w,2,2,0,ctl,ok,0,0,1.1,24.2
mpp,-4.0,2,qpsk-r1/5,w,9,1,0,data,ok,8,8,-1.4,24.2
mpp,-4.0,2,ack-4f,w,2,2,0,ctl,ok,0,0,0.3,24.2
mpp,-4.0,2,qpsk-r1/5,w,9,1,0,data,ok,8,8,-0.6,24.2
mpp,-4.0,2,ack-4f,w,2,2,0,ctl,ok,0,0,1.7,24.2
mpp,-4.0,2,qpsk-r1/5,w,9,1,0,data,ok,8,8,-1.6,24.2
mpp,-4.0,2,ack-4f,w,2,2,,ctl,missed,0,0,,24.2
mpp,-4.0,2,ack-4f,w,2,2,0,ctl,ok,0,0,0.2,24.2
mpp,-4.0,2,ack-4f,w,2,2,0,ctl,ok,0,0,-1.6,24.2
mpp,-4.0,2,qpsk-r1/5,w,9,1,0,data,ok,8,8,-0.7,24.2
mpp,-4.0,2,ack-4f,w,2,2,0,ctl,ok,0,0,0.2,24.2
mpp,-4.0,2,qpsk-r1/5,w,9,1,0,data,ok,8,8,-0.7,24.2
mpp,-4.0,2,ack-4f,w,2,2,0,ctl,ok,0,0,-1.4,24.2
mpp,-4.0,2,qpsk-r1/5,w,9,1,0,data,ok,8,8,-0.7,24.2
mpp,-4.0,2,ack-4f,w,2,2,0,ctl,ok,0,0,0.9,24.2
mpp,-4.0,2,qpsk-r1/5,w,9,1,0,data,ok,8,8,-0.0,24.2
mpp,-4.0,2,ack-4f,w,2,2,0,ctl,ok,0,0,-0.1,24.2
mpp,-4.0,2,qpsk-r1/5,w,9,1,0,data,ok,8,8,-1.0,24.2
mpg,8.0,2,qpsk-r1/5,w,1,1,0,ctl,ok,0,0,10.4,144.9
mpg,8.0,2,qpsk-r1/5,w,1,1,0,ctl,ok,0,0,11.8,144.9
mpg,8.0,2,ack-4f,w,3,3,0,ctl,ok,0,0,10.4,144.9
mpg,8.0,2,ack-1f,w,2,2,0,ctl,ok,0,0,9.6,144.9
mpg,8.0,2,w48-16qam-r1/3,w48,19,1,0,data,ctl_lost,18,0,6.3,144.9
mpg,8.0,2,ack-4f,w,3,3,0,ctl,ok,0,0,12.8,144.9
mpg,8.0,2,ack-4f,w,2,2,0,ctl,ok,0,0,13.4,144.9
mpg,8.0,2,w48-qpsk-r1/2,w48,19,1,0,data,ok,18,18,11.0,144.9
mpg,8.0,2,ack-1f,w,2,2,0,ctl,ok,0,0,9.2,144.9
mpg,8.0,2,w48-qpsk-r2/3,w48,19,1,0,data,ctl_lost,18,0,5.7,144.9
mpg,8.0,2,ack-4f,w,2,2,0,ctl,ok,0,0,15.4,144.9
mpg,8.0,2,ack-4f,w,3,3,0,ctl,ok,0,0,7.7,144.9
mpg,8.0,2,w48-qpsk-r1/2,w48,19,2,1,data,ok,17,17,10.1,144.9
mpg,8.0,2,ack-1f,w,3,3,0,ctl,ok,0,0,11.8,144.9
mpg,8.0,2,w48-16qam-r1/3,w48,19,2,1,data,ok,17,17,10.5,144.9
mpg,8.0,2,ack-1f,w,3,3,0,ctl,ok,0,0,9.3,144.9
mpg,8.0,2,w48-16qam-r1/3,w48,19,2,1,data,ok,17,17,11.1,144.9
mpg,8.0,2,ack-1f,w,2,2,0,ctl,ok,0,0,6.0,144.9
mpg,8.0,2,w48-16qam-r1/3,w48,19,1,0,data,ctl_lost,18,0,5.5,144.9
mpg,8.0,2,ack-4f,w,3,3,0,ctl,ok,0,0,10.0,144.9
mpg,8.0,2,ack-4f,w,3,3,0,ctl,ok,0,0,9.3,144.9
mpg,8.0,2,w48-qpsk-r1/2,w48,19,2,1,data,ok,17,17,6.9,144.9
mpg,8.0,2,ack-1f,w,2,2,0,ctl,ok,0,0,11.2,144.9
mpg,8.0,2,w48-qpsk-r1/2,w48,19,1,0,data,ok,18,18,8.8,144.9
mpg,8.0,2,ack-1f,w,2,2,0,ctl,ok,0,0,7.5,144.9
mpg,8.0,2,w48-qpsk-r1/2,w48,19,1,0,data,ok,18,18,10.5,144.9
mpg,8.0,2,ack-1f,w,2,2,0,ctl,ok,0,0,6.5,144.9
mpg,8.0,2,w48-qpsk-r1/2,w48,19,1,0,data,ok,18,18,12.9,144.9
mpg,8.0,2,ack-1f,w,3,3,0,ctl,ok,0,0,13.8,144.9
mpg,8.0,2,w48-16qam-r1/2,w48,19,2,1,data,ok,17,16,10.4,144.9
mpg,8.0,2,ack-1f,w,4,4,0,ctl,ok,0,0,14.5,144.9
mpg,8.0,2,w48-16qam-r1/2,w48,19,2,1,data,ok,16,16,12.5,144.9
mpg,8.0,2,ack-1f,w,3,3,0,ctl,ok,0,0,10.8,144.9
mpg,8.0,2,w48-16qam-r1/3,w48,19,2,1,data,ok,17,17,10.5,144.9
mpg,8.0,2,ack-1f,w,3,3,0,ctl,ok,0,0,9.1,144.9
mpg,8.0,2,w48-16qam-r1/3,w48,19,2,1,data,ok,17,17,10.9,144.9
mpg,8.0,2,ack-1f,w,3,3,0,ctl,ok,0,0,12.5,144.9
mpg,8.0,2,w48-16qam-r1/2,w48,19,2,1,data,ok,17,16,10.5,144.9
mpg,8.0,2,ack-1f,w,3,3,0,ctl,ok,0,0,9.8,144.9
mpg,8.0,2,w48-16qam-r1/2,w48,19,2,1,data,ok,16,0,9.9,144.9
mpg,8.0,2,ack-1f,w,3,3,0,ctl,ok,0,0,13.5,144.9
mpg,8.0,2,w48-16qam-r1/3,w48,19,2,1,data,ok,17,9,7.0,144.9
mpg,8.0,2,ack-1f,w,4,4,0,ctl,ok,0,0,6.0,144.9
mpg,8.0,2,w48-16qam-r1/3,w48,19,2,1,data,ok,9,9,8.9,144.9
mpg,8.0,2,ack-1f,w,2,2,0,ctl,ok,0,0,12.2,144.9
mpg,8.0,2,w48-qpsk-r1/2,w48,19,1,0,data,ok,18,18,10.3,144.9
mpg,8.0,2,ack-1f,w,3,3,0,ctl,ok,0,0,7.9,144.9
mpg,8.0,2,w48-16qam-r1/3,w48,19,2,1,data,ok,17,17,8.8,144.9
mpg,8.0,2,ack-1f,w,3,3,0,ctl,ok,0,0,12.1,144.9
mpg,8.0,2,w48-16qam-r1/3,w48,19,2,1,data,ok,17,0,5.7,144.9
mpg,8.0,2,ack-1f,w,2,2,0,ctl,ok,0,0,6.8,144.9
mpg,8.0,2,w48-qpsk-r1/2,w48,19,1,0,data,ok,18,18,9.7,144.9
mpg,8.0,2,ack-1f,w,2,2,0,ctl,ok,0,0,-0.4,144.9
mpg,8.0,2,w48-qpsk-r1/2,w48,19,1,0,data,ok,18,18,7.0,144.9
mpg,8.0,2,ack-1f,w,2,2,0,ctl,ok,0,0,12.3,144.9
mpg,8.0,2,w48-qpsk-r1/2,w48,19,1,0,data,ok,18,18,6.2,144.9
mpg,8.0,2,ack-1f,w,2,2,0,ctl,ok,0,0,12.0,144.9
mpg,8.0,2,w48-qpsk-r1/2,w48,19,1,0,data,ok,18,18,12.0,144.9
mpg,8.0,2,ack-1f,w,2,2,0,ctl,ok,0,0,16.2,144.9
mpg,8.0,2,w48-qpsk-r1/2,w48,19,1,0,data,ok,18,18,10.8,144.9
mpg,8.0,2,ack-1f,w,3,3,0,ctl,ok,0,0,15.0,144.9
mpg,8.0,2,w48-16qam-r1/2,w48,19,2,1,data,ok,17,0,9.1,144.9
mpg,8.0,2,ack-1f,w,2,2,0,ctl,ok,0,0,11.5,144.9
mpg,8.0,2,w48-16qam-r1/3,w48,19,1,0,data,ok,18,18,10.3,144.9
mpg,8.0,2,ack-1f,w,3,3,0,ctl,ok,0,0,11.0,144.9
mpg,8.0,2,w48-16qam-r1/3,w48,19,2,1,data,ok,17,17,8.8,144.9
mpg,8.0,2,ack-1f,w,3,3,0,ctl,ok,0,0,8.8,144.9
mpg,8.0,2,w48-16qam-r1/3,w48,19,2,1,data,ok,17,17,9.4,144.9
mpg,8.0,2,ack-1f,w,3,3,0,ctl,ok,0,0,10.9,144.9
mpg,8.0,2,w48-16qam-r1/3,w48,19,2,1,data,ok,17,17,9.1,144.9
mpg,8.0,2,ack-1f,w,2,2,0,ctl,ok,0,0,8.8,144.9
mpg,8.0,2,w48-16qam-r1/3,w48,19,1,0,data,ok,18,10,6.8,144.9
mpg,8.0,2,ack-1f,w,4,4,0,ctl,ok,0,0,10.9,144.9
mpg,8.0,2,w48-16qam-r1/3,w48,19,2,1,data,ok,9,9,8.5,144.9
mpg,8.0,2,ack-1f,w,2,2,0,ctl,ok,0,0,13.3,144.9
mpg,8.0,2,w48-qpsk-r1/2,w48,19,1,0,data,ok,18,18,11.8,144.9
mpg,8.0,2,ack-1f,w,2,2,0,ctl,ok,0,0,12.0,144.9
mpg,8.0,2,w48-16qam-r1/3,w48,19,1,0,data,ok,18,18,10.8,144.9
mpg,8.0,2,ack-1f,w,2,2,0,ctl,ok,0,0,17.0,144.9
mpg,8.0,2,w48-16qam-r1/3,w48,19,1,0,data,ok,18,17,8.9,144.9
mpg,8.0,2,ack-1f,w,3,3,0,ctl,ok,0,0,11.7,144.9
mpg,8.0,2,w48-16qam-r1/3,w48,19,2,1,data,ok,16,16,11.6,144.9
mpg,8.0,2,ack-1f,w,2,2,0,ctl,ok,0,0,16.1,144.9
mpg,8.0,2,w48-16qam-r1/3,w48,19,1,0,data,ok,18,18,9.8,144.9
mpg,8.0,2,ack-1f,w,2,2,0,ctl,ok,0,0,15.9,144.9
mpg,8.0,2,w48-16qam-r1/3,w48,19,1,0,data,ok,18,18,11.0,144.9
mpg,8.0,2,ack-1f,w,2,2,0,ctl,ok,0,0,8.9,144.9
mpg,8.0,2,w48-16qam-r1/3,w48,19,1,0,data,ok,18,18,9.2,144.9
mpg,8.0,2,ack-1f,w,2,2,0,ctl,ok,0,0,8.1,144.9
mpg,8.0,2,w48-16qam-r1/3,w48,19,1,0,data,ctl_lost,18,0,5.9,144.9
mpg,8.0,2,ack-4f,w,2,2,0,ctl,ok,0,0,12.6,144.9
mpg,8.0,2,ack-4f,w,2,2,0,ctl,ok,0,0,14.7,144.9
mpg,8.0,2,w48-qpsk-r1/2,w48,19,1,0,data,ok,18,18,9.1,144.9
mpg,8.0,9,qpsk-r1/5,w,1,1,0,ctl,ok,0,0,15.4,133.4
mpg,8.0,9,qpsk-r1/5,w,1,1,0,ctl,ok,0,0,15.8,133.4
mpg,8.0,9,ack-4f,w,3,3,0,ctl,ok,0,0,12.5,133.4
mpg,8.0,9,ack-1f,w,2,2,0,ctl,ok,0,0,7.7,133.4
mpg,8.0,9,w48-qpsk-r3/4,w48,19,1,0,data,ctl_lost,18,0,8.2,133.4
mpg,8.0,9,ack-4f,w,3,3,0,ctl,ok,0,0,8.0,133.4
mpg,8.0,9,ack-4f,w,2,2,0,ctl,ok,0,0,3.6,133.4
mpg,8.0,9,w48-qpsk-r1/2,w48,19,1,0,data,ok,18,18,9.4,133.4
mpg,8.0,9,ack-1f,w,3,3,0,ctl,ok,0,0,9.7,133.4
mpg,8.0,9,w48-16qam-r1/3,w48,19,2,1,data,ok,17,17,9.9,133.4
mpg,8.0,9,ack-1f,w,2,2,0,ctl,ok,0,0,10.0,133.4
mpg,8.0,9,w48-16qam-r1/3,w48,19,1,0,data,ok,18,18,9.2,133.4
mpg,8.0,9,ack-1f,w,2,2,0,ctl,ok,0,0,13.4,133.4
mpg,8.0,9,w48-16qam-r1/3,w48,19,1,0,data,ok,18,18,10.6,133.4
mpg,8.0,9,ack-1f,w,2,2,0,ctl,ok,0,0,4.2,133.4
mpg,8.0,9,w48-16qam-r1/3,w48,19,1,0,data,ctl_lost,18,0,3.4,133.4
mpg,8.0,9,ack-4f,w,3,3,0,ctl,ok,0,0,16.3,133.4
mpg,8.0,9,ack-4f,w,3,3,0,ctl,ok,0,0,14.6,133.4
mpg,8.0,9,w48-qpsk-r1/2,w48,19,2,1,data,ok,17,17,12.2,133.4
mpg,8.0,9,ack-1f,w,3,3,0,ctl,ok,0,0,12.6,133.4
mpg,8.0,9,w48-16qam-r1/2,w48,19,2,1,data,ok,17,0,8.7,133.4
mpg,8.0,9,ack-1f,w,3,3,0,ctl,ok,0,0,12.6,133.4
mpg,8.0,9,w48-16qam-r1/3,w48,19,2,1,data,ok,17,17,8.6,133.4
mpg,8.0,9,ack-1f,w,3,3,0,ctl,ok,0,0,11.4,133.4
mpg,8.0,9,w48-16qam-r1/3,w48,19,2,1,data,ok,17,0,4.4,133.4
mpg,8.0,9,ack-1f,w,3,3,0,ctl,ok,0,0,4.5,133.4
mpg,8.0,9,w48-qpsk-r1/2,w48,19,2,1,data,ok,17,17,10.3,133.4
mpg,8.0,9,ack-1f,w,2,2,0,ctl,ok,0,0,11.6,133.4
mpg,8.0,9,w48-qpsk-r1/2,w48,19,1,0,data,ok,18,18,9.0,133.4
mpg,8.0,9,ack-1f,w,2,2,0,ctl,ok,0,0,13.4,133.4
mpg,8.0,9,w48-qpsk-r1/2,w48,19,1,0,data,ok,18,18,9.6,133.4
mpg,8.0,9,ack-1f,w,3,3,0,ctl,ok,0,0,9.4,133.4
mpg,8.0,9,w48-16qam-r1/3,w48,19,2,1,data,ok,17,16,7.2,133.4
mpg,8.0,9,ack-1f,w,3,3,0,ctl,ok,0,0,8.5,133.4
mpg,8.0,9,w48-16qam-r1/3,w48,19,2,1,data,ctl_lost,16,0,0.6,133.4
mpg,8.0,9,ack-4f,w,3,3,0,ctl,ok,0,0,14.2,133.4
mpg,8.0,9,ack-4f,w,3,3,0,ctl,ok,0,0,12.7,133.4
mpg,8.0,9,w48-qpsk-r1/2,w48,19,2,1,data,ok,17,17,9.9,133.4
mpg,8.0,9,ack-1f,w,2,2,0,ctl,ok,0,0,8.7,133.4
mpg,8.0,9,w48-qpsk-r2/3,w48,19,1,0,data,ok,18,18,9.3,133.4
mpg,8.0,9,ack-1f,w,2,2,0,ctl,ok,0,0,4.2,133.4
mpg,8.0,9,w48-qpsk-r1/2,w48,19,1,0,data,ok,18,18,9.0,133.4
mpg,8.0,9,ack-1f,w,2,2,0,ctl,ok,0,0,11.9,133.4
mpg,8.0,9,w48-qpsk-r1/2,w48,19,1,0,data,ok,18,18,9.3,133.4
mpg,8.0,9,ack-1f,w,2,2,0,ctl,ok,0,0,3.0,133.4
mpg,8.0,9,w48-qpsk-r1/2,w48,19,1,0,data,ok,18,18,10.4,133.4
mpg,8.0,9,ack-1f,w,2,2,0,ctl,ok,0,0,6.1,133.4
mpg,8.0,9,w48-qpsk-r1/2,w48,19,1,0,data,ok,18,18,8.8,133.4
mpg,8.0,9,ack-1f,w,2,2,0,ctl,ok,0,0,3.7,133.4
mpg,8.0,9,w48-qpsk-r1/2,w48,19,1,0,data,ok,18,18,8.1,133.4
mpg,8.0,9,ack-1f,w,2,2,0,ctl,ok,0,0,15.9,133.4
mpg,8.0,9,w48-qpsk-r1/2,w48,19,1,0,data,ok,18,18,11.4,133.4
mpg,8.0,9,ack-1f,w,2,2,0,ctl,ok,0,0,11.0,133.4
mpg,8.0,9,w48-qpsk-r1/2,w48,19,1,0,data,ok,18,18,6.5,133.4
mpg,8.0,9,ack-1f,w,2,2,0,ctl,ok,0,0,9.5,133.4
mpg,8.0,9,w48-qpsk-r1/2,w48,19,1,0,data,ok,18,18,8.8,133.4
mpg,8.0,9,ack-1f,w,2,2,0,ctl,ok,0,0,12.0,133.4
mpg,8.0,9,w48-qpsk-r1/2,w48,19,1,0,data,ok,18,18,11.1,133.4
mpg,8.0,9,ack-1f,w,2,2,0,ctl,ok,0,0,10.0,133.4
mpg,8.0,9,w48-qpsk-r1/2,w48,19,1,0,data,ok,18,18,11.1,133.4
mpg,8.0,9,ack-1f,w,3,3,0,ctl,ok,0,0,8.8,133.4
mpg,8.0,9,w48-qpsk-r2/3,w48,19,2,1,data,ok,17,0,6.2,133.4
mpg,8.0,9,ack-1f,w,2,2,0,ctl,ok,0,0,14.4,133.4
mpg,8.0,9,w48-qpsk-r1/2,w48,19,1,0,data,ok,18,18,9.9,133.4
mpg,8.0,9,ack-1f,w,2,2,0,ctl,ok,0,0,10.9,133.4
mpg,8.0,9,w48-qpsk-r1/2,w48,19,1,0,data,ok,18,18,9.8,133.4
mpg,8.0,9,ack-1f,w,2,2,0,ctl,ok,0,0,9.0,133.4
mpg,8.0,9,w48-qpsk-r1/2,w48,19,1,0,data,ok,18,18,9.5,133.4
mpg,8.0,9,ack-1f,w,2,2,0,ctl,ok,0,0,14.1,133.4
mpg,8.0,9,w48-qpsk-r1/2,w48,19,1,0,data,ok,18,18,9.5,133.4
mpg,8.0,9,ack-1f,w,2,2,0,ctl,ok,0,0,1.5,133.4
mpg,8.0,9,w48-qpsk-r1/2,w48,19,1,0,data,ok,18,18,6.2,133.4
mpg,8.0,9,ack-1f,w,2,2,0,ctl,ok,0,0,7.1,133.4
mpg,8.0,9,w48-qpsk-r1/2,w48,19,1,0,data,ok,18,18,10.4,133.4
mpg,8.0,9,ack-1f,w,2,2,0,ctl,ok,0,0,7.4,133.4
mpg,8.0,9,w48-qpsk-r1/2,w48,19,1,0,data,ok,18,18,12.3,133.4
mpg,8.0,9,ack-1f,w,2,2,0,ctl,ok,0,0,13.3,133.4
mpg,8.0,9,w48-qpsk-r2/3,w48,19,1,0,data,ok,18,18,10.9,133.4
mpg,8.0,9,ack-1f,w,2,2,0,ctl,ok,0,0,14.7,133.4
mpg,8.0,9,w48-qpsk-r2/3,w48,19,1,0,data,ok,18,18,9.7,133.4
mpg,8.0,9,ack-1f,w,3,3,0,ctl,ok,0,0,10.8,133.4
mpg,8.0,9,w48-qpsk-r2/3,w48,19,2,1,data,ok,17,8,7.0,133.4
mpg,8.0,9,ack-1f,w,4,4,0,ctl,ok,0,0,7.8,133.4
mpg,8.0,9,w48-qpsk-r2/3,w48,19,2,1,data,ok,7,0,9.1,133.4
mpg,8.0,9,ack-1f,w,2,2,0,ctl,ok,0,0,11.5,133.4
mpg,8.0,9,w48-qpsk-r1/2,w48,19,1,0,data,ok,18,18,11.4,133.4
mpg,8.0,9,ack-1f,w,2,2,0,ctl,ok,0,0,13.3,133.4
mpg,8.0,9,w48-qpsk-r1/2,w48,19,1,0,data,ok,18,18,8.8,133.4
mpg,8.0,9,ack-1f,w,3,3,0,ctl,ok,0,0,5.8,133.4
mpg,8.0,9,w48-qpsk-r2/3,w48,19,2,1,data,ok,17,12,8.7,133.4
mpg,8.0,9,ack-1f,w,4,4,0,ctl,ok,0,0,14.3,133.4
mpg,8.0,9,w48-qpsk-r2/3,w48,19,2,1,data,ok,12,12,10.0,133.4
mpg,8.0,9,ack-1f,w,2,2,0,ctl,ok,0,0,11.1,133.4
mpg,8.0,9,w48-qpsk-r1/2,w48,19,1,0,data,ok,18,18,11.2,133.4
mpp,-4.0,1,qpsk-r1/5,w,1,1,0,ctl,ok,0,0,1.0,20.8
mpp,-4.0,1,qpsk-r1/5,w,1,1,0,ctl,ok,0,0,-0.4,20.8
mpp,-4.0,1,ack-4f,w,3,3,0,ctl,ok,0,0,-2.2,20.8
mpp,-4.0,1,n10-ack-4f,n10,3,3,0,ctl,ctl_lost,0,0,-8.3,20.8
mpp,-4.0,1,ack-4f,w,3,3,0,ctl,ok,0,0,-0.8,20.8
mpp,-4.0,1,ack-4f,w,3,3,0,ctl,ok,0,0,-4.9,20.8
mpp,-4.0,1,qpsk-r1/5,w,9,2,1,data,ok,7,7,-1.6,20.8
mpp,-4.0,1,n4-ack-8f,n4,3,3,0,ctl,ok,0,0,1.2,20.8
mpp,-4.0,1,qpsk-r1/5,w,9,2,1,data,ok,7,7,-1.0,20.8
mpp,-4.0,1,ack-4f,w,3,3,0,ctl,ok,0,0,-0.3,20.8
mpp,-4.0,1,qpsk-r1/5,w,9,2,1,data,ok,7,1,-2.1,20.8
mpp,-4.0,1,ack-4f,w,3,3,0,ctl,ok,0,0,0.4,20.8
mpp,-4.0,1,qpsk-r1/5,w,9,2,1,data,ok,2,2,-1.3,20.8
mpp,-4.0,1,ack-4f,w,3,3,0,ctl,ok,0,0,-2.5,20.8
mpp,-4.0,1,qpsk-r1/5,w,9,2,1,data,ok,7,7,-0.5,20.8
mpp,-4.0,1,ack-4f,w,2,2,0,ctl,ctl_lost,0,0,-9.4,20.8
mpp,-4.0,1,ack-4f,w,3,3,0,ctl,ok,0,0,0.2,20.8
mpp,-4.0,1,ack-4f,w,2,2,,ctl,missed,0,0,,20.8
mpp,-4.0,1,ack-4f,w,3,3,0,ctl,ok,0,0,-3.0,20.8
mpp,-4.0,1,ack-4f,w,3,3,0,ctl,ok,0,0,-0.1,20.8
mpp,-4.0,1,qpsk-r1/5,w,9,2,1,data,ok,7,7,-2.0,20.8
mpp,-4.0,1,n4-ack-8f,n4,3,3,0,ctl,ok,0,0,-4.3,20.8
mpp,-4.0,1,qpsk-r1/5,w,9,2,1,data,ok,7,7,-0.7,20.8
mpp,-4.0,1,ack-4f,w,2,2,0,ctl,ok,0,0,2.0,20.8
mpp,-4.0,1,qpsk-r1/5,w,9,1,0,data,ok,8,8,-0.7,20.8
mpp,-4.0,1,ack-4f,w,2,2,0,ctl,ok,0,0,-5.1,20.8
mpp,-4.0,1,qpsk-r1/5,w,9,1,0,data,ok,8,8,-0.9,20.8
mpp,-4.0,1,ack-4f,w,2,2,0,ctl,ok,0,0,-0.6,20.8
mpp,-4.0,1,qpsk-r1/5,w,9,1,0,data,ok,8,8,-0.5,20.8
mpp,-4.0,1,n4-ack-8f,n4,2,2,0,ctl,ok,0,0,-2.6,20.8
mpp,-4.0,1,qpsk-r1/5,w,9,1,0,data,ok,8,8,0.1,20.8
mpp,-4.0,1,ack-4f,w,2,2,0,ctl,ok,0,0,-5.9,20.8
mpp,-4.0,1,qpsk-r1/5,w,9,1,0,data,ok,8,8,-0.3,20.8
mpp,-4.0,1,n4-ack-8f,n4,2,2,0,ctl,ok,0,0,-3.1,20.8
mpp,-4.0,1,qpsk-r1/5,w,9,1,0,data,ok,8,8,0.1,20.8
mpp,-4.0,1,n4-ack-8f,n4,2,2,0,ctl,ok,0,0,-1.1,20.8
mpp,-4.0,1,qpsk-r1/5,w,9,1,0,data,ok,8,8,0.3,20.8
mpp,-4.0,1,ack-1f,w,2,2,0,ctl,ctl_lost,0,0,-3.6,20.8
mpp,-4.0,1,ack-4f,w,3,3,0,ctl,ok,0,0,-0.2,20.8
mpp,-4.0,1,ack-4f,w,2,2,0,ctl,ok,0,0,0.2,20.8
mpp,-4.0,1,qpsk-r1/5,w,9,1,0,data,ok,8,8,-0.4,20.8
mpp,-4.0,1,ack-4f,w,2,2,0,ctl,ok,0,0,3.2,20.8
mpp,-4.0,1,qpsk-r1/5,w,9,1,0,data,ok,8,8,-2.0,20.8
mpp,-4.0,1,ack-4f,w,2,2,0,ctl,ok,0,0,-3.7,20.8
mpp,-4.0,1,qpsk-r1/5,w,9,1,0,data,ctl_lost,8,0,-4.1,20.8
mpp,-4.0,1,ack-4f,w,3,3,0,ctl,ok,0,0,1.1,20.8
mpp,-4.0,1,ack-4f,w,3,3,0,ctl,ok,0,0,-2.6,20.8
mpp,-4.0,1,qpsk-r1/5,w,9,2,1,data,ok,7,0,-2.3,20.8
mpp,-4.0,1,n4-ack-8f,n4,3,3,0,ctl,ok,0,0,-0.8,20.8
mpp,-4.0,1,qpsk-r1/5,w,9,1,0,data,ok,2,2,0.2,20.8
mpp,-4.0,1,ack-4f,w,2,2,,ctl,missed,0,0,,20.8
mpp,-4.0,1,ack-4f,w,3,3,0,ctl,ok,0,0,0.4,20.8
mpp,-4.0,1,ack-4f,w,2,2,0,ctl,ok,0,0,1.2,20.8
mpp,-4.0,1,qpsk-r1/5,w,9,1,0,data,ok,8,8,-0.8,20.8
mpp,-4.0,1,ack-4f,w,2,2,0,ctl,ok,0,0,-0.9,20.8
mpp,-4.0,1,qpsk-r1/5,w,9,1,0,data,ok,8,8,-0.7,20.8
mpp,-4.0,1,ack-4f,w,2,2,0,ctl,ok,0,0,0.2,20.8
mpp,-4.0,1,qpsk-r1/5,w,9,1,0,data,ok,8,8,0.1,20.8
mpp,-4.0,1,ack-4f,w,2,2,0,ctl,ok,0,0,-1.7,20.8
mpp,-4.0,1,qpsk-r1/5,w,9,1,0,data,ctl_lost,8,0,-2.4,20.8
mpp,-4.0,1,ack-4f,w,3,3,0,ctl,ok,0,0,-0.1,20.8
mpp,-4.0,1,ack-4f,w,3,3,0,ctl,ok,0,0,-2.3,20.8
mpp,-4.0,1,qpsk-r1/5,w,9,2,1,data,ok,7,7,-2.2,20.8
mpp,-4.0,1,ack-4f,w,3,3,0,ctl,ok,0,0,-0.9,20.8
mpp,-4.0,1,qpsk-r1/5,w,9,2,1,data,ok,7,7,-0.8,20.8
mpp,-4.0,1,ack-4f,w,3,3,0,ctl,ok,0,0,-1.3,20.8
mpp,-4.0,1,qpsk-r1/5,w,9,2,1,data,ok,7,7,-0.5,20.8
mpp,-4.0,1,ack-4f,w,2,2,0,ctl,ok,0,0,-5.5,20.8
mpp,-4.0,1,qpsk-r1/5,w,9,1,0,data,ok,8,8,-1.6,20.8
mpp,-4.0,1,n4-ack-8f,n4,2,2,,ctl,missed,0,0,,20.8
mpp,-4.0,1,ack-4f,w,3,3,0,ctl,ok,0,0,0.3,20.8
mpp,-4.0,1,ack-4f,w,2,2,0,ctl,ok,0,0,-0.4,20.8
mpp,-4.0,1,qpsk-r1/5,w,9,1,0,data,ok,8,8,-1.6,20.8
mpp,-4.0,1,ack-4f,w,2,2,0,ctl,ok,0,0,-1.0,20.8
mpp,-4.0,1,qpsk-r1/5,w,9,1,0,data,ok,8,8,0.1,20.8
mpp,-4.0,1,ack-4f,w,2,2,0,ctl,ok,0,0,-1.2,20.8
mpp,-4.0,1,qpsk-r1/5,w,9,1,0,data,ok,8,8,-0.6,20.8
mpp,-4.0,1,ack-4f,w,2,2,0,ctl,ok,0,0,-0.2,20.8
mpp,-4.0,1,qpsk-r1/5,w,9,1,0,data,ok,8,8,-0.7,20.8
mpp,-4.0,1,ack-4f,w,2,2,0,ctl,ok,0,0,-0.4,20.8
mpp,-4.0,1,qpsk-r1/5,w,9,1,0,data,ok,8,8,-0.4,20.8
mpp,-4.0,1,ack-4f,w,2,2,0,ctl,ok,0,0,-2.4,20.8
mpp,-4.0,1,qpsk-r1/5,w,9,1,0,data,ok,8,8,-0.2,20.8
mpp,-4.0,1,ack-4f,w,2,2,0,ctl,ok,0,0,0.1,20.8
mpp,-4.0,1,qpsk-r1/5,w,9,1,0,data,ok,8,8,-1.5,20.8
mpp,-4.0,1,ack-4f,w,2,2,0,ctl,ok,0,0,1.0,20.8
mpp,-4.0,1,qpsk-r1/5,w,9,1,0,data,ok,8,8,-0.8,20.8
mpp,-4.0,1,ack-4f,w,2,2,0,ctl,ok,0,0,-2.9,20.8
mpp,-4.0,1,qpsk-r1/5,w,9,1,0,data,ok,8,8,-0.9,20.8
mpp,-4.0,1,ack-4f,w,2,2,0,ctl,ok,0,0,-2.5,20.8
mpp,-4.0,1,qpsk-r1/5,w,9,1,0,data,ok,8,8,-1.7,20.8
mpp,-4.0,1,ack-4f,w,2,2,0,ctl,ok,0,0,-1.1,20.8
mpp,-4.0,1,qpsk-r1/5,w,9,1,0,data,ok,8,8,-2.4,20.8
mpp,-4.0,1,ack-4f,w,2,2,0,ctl,ctl_lost,0,0,-4.8,20.8
mpp,-4.0,1,ack-4f,w,3,3,0,ctl,ok,0,0,-0.1,20.8
mpp,-4.0,1,ack-4f,w,2,2,0,ctl,ok,0,0,-0.3,20.8
mpp,-4.0,1,qpsk-r1/5,w,9,1,0,data,ok,8,8,-1.9,20.8
mpp,-4.0,1,n4-ack-8f,n4,2,2,,ctl,missed,0,0,,20.8
mpp,-4.0,3,qpsk-r1/5,w,1,1,0,ctl,ok,0,0,-2.5,25.1
mpp,-4.0,3,qpsk-r1/5,w,1,1,0,ctl,ok,0,0,-1.8,25.1
mpp,-4.0,3,ack-4f,w,3,3,0,ctl,ok,0,0,0.3,25.1
mpp,-4.0,3,n10-ack-4f,n10,3,3,0,ctl,ok,0,0,-3.9,25.1
mpp,-4.0,3,qpsk-r1/5,w,9,2,1,data,ok,7,7,-1.4,25.1
mpp,-4.0,3,ack-4f,w,3,3,0,ctl,ok,0,0,-2.2,25.1
mpp,-4.0,3,qpsk-r1/5,w,9,2,1,data,ok,7,7,-1.0,25.1
mpp,-4.0,3,n10-ack-4f,n10,3,3,0,ctl,ok,0,0,-4.3,25.1
mpp,-4.0,3,qpsk-r1/5,w,9,2,1,data,ok,7,5,-2.5,25.1
mpp,-4.0,3,ack-4f,w,3,3,0,ctl,ok,0,0,-3.5,25.1
mpp,-4.0,3,qpsk-r1/5,w,9,2,1,data,ok,5,5,-0.8,25.1
mpp,-4.0,3,n10-ack-4f,n10,3,3,0,ctl,ok,0,0,1.1,25.1
mpp,-4.0,3,qpsk-r1/5,w,9,2,1,data,ok,7,7,0.6,25.1
mpp,-4.0,3,ack-4f,w,2,2,0,ctl,ok,0,0,3.0,25.1
mpp,-4.0,3,qpsk-r1/5,w,9,1,0,data,ok,8,8,-0.1,25.1
mpp,-4.0,3,ack-1f,w,2,2,0,ctl,ok,0,0,4.2,25.1
mpp,-4.0,3,qpsk-r1/5,w,9,1,0,data,ok,8,8,-0.4,25.1
mpp,-4.0,3,ack-1f,w,2,2,0,ctl,ok,0,0,-1.4,25.1
mpp,-4.0,3,qpsk-r1/5,w,9,1,0,data,ok,8,8,-0.6,25.1
mpp,-4.0,3,ack-1f,w,2,2,0,ctl,ctl_lost,0,0,0.9,25.1
mpp,-4.0,3,ack-4f,w,3,3,0,ctl,ok,0,0,-0.5,25.1
mpp,-4.0,3,ack-4f,w,2,2,0,ctl,ok,0,0,0.1,25.1
mpp,-4.0,3,qpsk-r1/5,w,9,1,0,data,ok,8,8,-2.0,25.1
mpp,-4.0,3,ack-4f,w,3,3,0,ctl,ok,0,0,-0.3,25.1
mpp,-4.0,3,qpsk-r1/5,w,9,2,1,data,ok,7,7,-1.3,25.1
mpp,-4.0,3,ack-4f,w,2,2,0,ctl,ok,0,0,-1.0,25.1
mpp,-4.0,3,qpsk-r1/5,w,9,1,0,data,ok,8,8,0.1,25.1
mpp,-4.0,3,ack-4f,w,2,2,0,ctl,ok,0,0,-0.5,25.1
mpp,-4.0,3,qpsk-r1/5,w,9,1,0,data,ok,8,8,-0.3,25.1
mpp,-4.0,3,ack-4f,w,2,2,0,ctl,ok,0,0,-0.4,25.1
mpp,-4.0,3,qpsk-r1/5,w,9,1,0,data,ok,8,8,-0.9,25.1
mpp,-4.0,3,ack-4f,w,2,2,0,ctl,ok,0,0,-2.0,25.1
mpp,-4.0,3,qpsk-r1/5,w,9,1,0,data,ok,8,8,-0.7,25.1
mpp,-4.0,3,ack-4f,w,2,2,0,ctl,ok,0,0,-3.7,25.1
mpp,-4.0,3,qpsk-r1/5,w,9,1,0,data,ok,8,8,0.0,25.1
mpp,-4.0,3,ack-4f,w,2,2,0,ctl,ok,0,0,3.9,25.1
mpp,-4.0,3,qpsk-r1/5,w,9,1,0,data,ok,8,8,-0.9,25.1
mpp,-4.0,3,ack-4f,w,2,2,0,ctl,ok,0,0,-0.8,25.1
mpp,-4.0,3,qpsk-r1/5,w,9,1,0,data,ok,8,6,-3.2,25.1
mpp,-4.0,3,ack-4f,w,3,3,,ctl,missed,0,0,,25.1
mpp,-4.0,3,ack-4f,w,3,3,0,ctl,ok,0,0,-0.6,25.1
mpp,-4.0,3,ack-4f,w,3,3,0,ctl,ok,0,0,-2.3,25.1
mpp,-4.0,3,qpsk-r1/5,w,9,2,1,data,ok,7,7,-0.8,25.1
mpp,-4.0,3,ack-4f,w,2,2,0,ctl,ok,0,0,-4.5,25.1
mpp,-4.0,3,qpsk-r1/5,w,9,1,0,data,ok,8,8,-1.4,25.1
mpp,-4.0,3,n10-ack-4f,n10,2,2,0,ctl,ok,0,0,1.9,25.1
mpp,-4.0,3,qpsk-r1/5,w,9,1,0,data,ok,8,8,-0.7,25.1
mpp,-4.0,3,ack-4f,w,2,2,0,ctl,ok,0,0,-1.6,25.1
mpp,-4.0,3,qpsk-r1/5,w,9,1,0,data,ok,8,8,-1.6,25.1
mpp,-4.0,3,ack-4f,w,2,2,0,ctl,ok,0,0,-3.5,25.1
mpp,-4.0,3,qpsk-r1/5,w,9,1,0,data,ok,8,8,-0.4,25.1
mpp,-4.0,3,ack-4f,w,2,2,0,ctl,ok,0,0,-5.9,25.1
mpp,-4.0,3,qpsk-r1/5,w,9,1,0,data,ok,8,8,-1.1,25.1
mpp,-4.0,3,n10-ack-4f,n10,2,2,0,ctl,ok,0,0,-4.2,25.1
mpp,-4.0,3,qpsk-r1/5,w,9,1,0,data,ok,8,8,-0.9,25.1
mpp,-4.0,3,ack-4f,w,2,2,0,ctl,ok,0,0,0.3,25.1
mpp,-4.0,3,qpsk-r1/5,w,9,1,0,data,ok,8,8,-0.8,25.1
mpp,-4.0,3,ack-4f,w,2,2,0,ctl,ok,0,0,-1.2,25.1
mpp,-4.0,3,qpsk-r1/5,w,9,1,0,data,ok,8,8,-1.0,25.1
mpp,-4.0,3,ack-4f,w,2,2,0,ctl,ok,0,0,-1.0,25.1
mpp,-4.0,3,qpsk-r1/5,w,9,1,0,data,ok,8,8,-1.3,25.1
mpp,-4.0,3,ack-4f,w,2,2,0,ctl,ok,0,0,2.7,25.1
mpp,-4.0,3,qpsk-r1/5,w,9,1,0,data,ok,8,8,-1.9,25.1
mpp,-4.0,3,ack-4f,w,2,2,0,ctl,ok,0,0,-0.8,25.1
mpp,-4.0,3,qpsk-r1/5,w,9,1,0,data,ok,8,8,-0.6,25.1
mpp,-4.0,3,ack-4f,w,2,2,0,ctl,ok,0,0,1.5,25.1
mpp,-4.0,3,qpsk-r1/5,w,9,1,0,data,ok,8,8,1.0,25.1
mpp,-4.0,3,ack-4f,w,2,2,0,ctl,ok,0,0,-3.1,25.1
mpp,-4.0,3,qpsk-r1/5,w,9,1,0,data,ok,8,8,-1.2,25.1
mpp,-4.0,3,ack-4f,w,2,2,0,ctl,ok,0,0,0.4,25.1
mpp,-4.0,3,qpsk-r1/5,w,9,1,0,data,ok,8,8,-0.9,25.1
mpp,-4.0,3,ack-4f,w,2,2,0,ctl,ok,0,0,-5.9,25.1
mpp,-4.0,3,qpsk-r1/5,w,9,1,0,data,ok,8,8,-0.1,25.1
mpp,-4.0,3,ack-4f,w,2,2,0,ctl,ok,0,0,-4.0,25.1
mpp,-4.0,3,qpsk-r1/5,w,9,1,0,data,ok,8,8,-1.2,25.1
mpp,-4.0,3,n10-ack-4f,n10,2,2,0,ctl,ok,0,0,0.2,25.1
mpp,-4.0,3,qpsk-r1/5,w,9,1,0,data,ok,8,8,-1.0,25.1
mpp,-4.0,3,ack-4f,w,2,2,0,ctl,ok,0,0,-4.5,25.1
mpp,-4.0,3,qpsk-r1/5,w,9,1,0,data,ok,8,8,0.9,25.1
mpp,-4.0,3,ack-4f,w,2,2,0,ctl,ok,0,0,-3.6,25.1
mpp,-4.0,3,qpsk-r1/5,w,9,1,0,data,ok,8,8,-0.1,25.1
mpp,-4.0,3,n10-ack-4f,n10,2,2,0,ctl,ok,0,0,-1.7,25.1
mpp,-4.0,3,qpsk-r1/5,w,9,1,0,data,ok,8,8,-0.5,25.1
mpp,-4.0,3,ack-4f,w,2,2,0,ctl,ok,0,0,0.8,25.1
mpp,-4.0,3,qpsk-r1/5,w,9,1,0,data,ok,8,8,-0.8,25.1
mpp,-4.0,3,ack-4f,w,2,2,0,ctl,ok,0,0,-2.3,25.1
mpp,-4.0,3,qpsk-r1/5,w,9,1,0,data,ok,8,8,0.8,25.1
mpp,-4.0,3,ack-4f,w,2,2,0,ctl,ok,0,0,-2.1,25.1
mpp,-4.0,3,qpsk-r1/5,w,9,1,0,data,ok,8,8,-1.1,25.1
mpp,-4.0,3,ack-4f,w,2,2,0,ctl,ok,0,0,-1.9,25.1
mpp,-4.0,3,qpsk-r1/5,w,9,1,0,data,ok,8,8,-0.2,25.1
mpp,-4.0,3,ack-4f,w,2,2,0,ctl,ok,0,0,-5.2,25.1
mpp,-4.0,3,qpsk-r1/5,w,9,1,0,data,ok,8,8,-0.7,25.1
mpp,-4.0,3,ack-4f,w,2,2,0,ctl,ok,0,0,-0.2,25.1
mpp,-4.0,4,qpsk-r1/5,w,1,1,0,ctl,ok,0,0,2.7,24.6
mpp,-4.0,4,qpsk-r1/5,w,1,1,0,ctl,ok,0,0,0.3,24.6
mpp,-4.0,4,ack-4f,w,3,3,0,ctl,ok,0,0,2.7,24.6
mpp,-4.0,4,ack-4f,w,3,3,0,ctl,ok,0,0,-0.9,24.6
mpp,-4.0,4,qpsk-r1/3,w,9,2,1,data,ok,7,0,-0.9,24.6
mpp,-4.0,4,ack-4f,w,2,2,0,ctl,ok,0,0,-1.9,24.6
mpp,-4.0,4,qpsk-r1/5,w,9,1,0,data,ok,8,8,-1.0,24.6
mpp,-4.0,4,ack-4f,w,3,3,0,ctl,ok,0,0,1.0,24.6
mpp,-4.0,4,qpsk-r1/5,w,9,2,1,data,ok,7,7,-1.1,24.6
mpp,-4.0,4,ack-4f,w,3,3,0,ctl,ok,0,0,-3.0,24.6
mpp,-4.0,4,qpsk-r1/5,w,9,2,1,data,ok,7,7,-0.5,24.6
mpp,-4.0,4,ack-4f,w,3,3,0,ctl,ok,0,0,-1.4,24.6
mpp,-4.0,4,qpsk-r1/5,w,9,2,1,data,ok,7,7,-0.5,24.6
mpp,-4.0,4,ack-4f,w,2,2,0,ctl,ok,0,0,0.1,24.6
mpp,-4.0,4,qpsk-r1/5,w,9,1,0,data,ok,8,8,-1.0,24.6
mpp,-4.0,4,ack-4f,w,2,2,0,ctl,ok,0,0,0.3,24.6
mpp,-4.0,4,qpsk-r1/5,w,9,1,0,data,ok,8,8,-1.0,24.6
mpp,-4.0,4,ack-4f,w,3,3,0,ctl,ok,0,0,-1.0,24.6
mpp,-4.0,4,qpsk-r1/5,w,9,2,1,data,ok,7,7,-1.4,24.6
mpp,-4.0,4,ack-4f,w,2,2,0,ctl,ok,0,0,1.6,24.6
mpp,-4.0,4,qpsk-r1/5,w,9,1,0,data,ok,8,8,0.4,24.6
mpp,-4.0,4,ack-4f,w,2,2,0,ctl,ok,0,0,0.4,24.6
mpp,-4.0,4,qpsk-r1/5,w,9,1,0,data,ok,8,8,-2.3,24.6
mpp,-4.0,4,ack-4f,w,2,2,0,ctl,ok,0,0,-0.4,24.6
mpp,-4.0,4,qpsk-r1/5,w,9,1,0,data,ok,8,8,-0.9,24.6
mpp,-4.0,4,ack-4f,w,2,2,0,ctl,ok,0,0,1.9,24.6
mpp,-4.0,4,qpsk-r1/5,w,9,1,0,data,ok,8,8,-0.4,24.6
mpp,-4.0,4,ack-4f,w,2,2,0,ctl,ok,0,0,1.3,24.6
mpp,-4.0,4,qpsk-r1/5,w,9,1,0,data,ok,8,8,-1.7,24.6
mpp,-4.0,4,ack-4f,w,2,2,0,ctl,ok,0,0,0.2,24.6
mpp,-4.0,4,qpsk-r1/5,w,9,1,0,data,ok,8,8,-1.8,24.6
mpp,-4.0,4,ack-4f,w,2,2,0,ctl,ok,0,0,-1.8,24.6
mpp,-4.0,4,qpsk-r1/5,w,9,1,0,data,ok,8,8,-2.1,24.6
mpp,-4.0,4,ack-4f,w,2,2,0,ctl,ok,0,0,1.9,24.6
mpp,-4.0,4,qpsk-r1/5,w,9,1,0,data,ok,8,8,0.7,24.6
mpp,-4.0,4,ack-4f,w,2,2,0,ctl,ok,0,0,-0.3,24.6
mpp,-4.0,4,qpsk-r1/5,w,9,1,0,data,ok,8,8,-1.8,24.6
mpp,-4.0,4,ack-4f,w,2,2,0,ctl,ok,0,0,2.1,24.6
mpp,-4.0,4,qpsk-r1/5,w,9,1,0,data,ok,8,8,-1.8,24.6
mpp,-4.0,4,ack-4f,w,2,2,0,ctl,ok,0,0,1.1,24.6
mpp,-4.0,4,qpsk-r1/5,w,9,1,0,data,ok,8,8,0.3,24.6
mpp,-4.0,4,ack-4f,w,2,2,0,ctl,ok,0,0,2.1,24.6
mpp,-4.0,4,qpsk-r1/5,w,9,1,0,data,ok,8,8,-1.7,24.6
mpp,-4.0,4,ack-1f,w,2,2,0,ctl,ok,0,0,1.5,24.6
mpp,-4.0,4,qpsk-r1/5,w,9,1,0,data,ok,8,8,-1.0,24.6
mpp,-4.0,4,ack-1f,w,2,2,0,ctl,ctl_lost,0,0,-4.3,24.6
mpp,-4.0,4,ack-4f,w,3,3,0,ctl,ok,0,0,0.4,24.6
mpp,-4.0,4,ack-4f,w,2,2,0,ctl,ok,0,0,-5.0,24.6
mpp,-4.0,4,qpsk-r1/5,w,9,1,0,data,ok,8,8,-1.9,24.6
mpp,-4.0,4,ack-4f,w,2,2,0,ctl,ok,0,0,-0.2,24.6
mpp,-4.0,4,qpsk-r1/5,w,9,1,0,data,ok,8,8,-1.2,24.6
mpp,-4.0,4,ack-4f,w,2,2,0,ctl,ok,0,0,-3.2,24.6
mpp,-4.0,4,qpsk-r1/5,w,9,1,0,data,ok,8,8,-1.7,24.6
mpp,-4.0,4,ack-4f,w,2,2,0,ctl,ok,0,0,-1.1,24.6
mpp,-4.0,4,qpsk-r1/5,w,9,1,0,data,ok,8,8,-0.2,24.6
mpp,-4.0,4,ack-4f,w,2,2,0,ctl,ok,0,0,-2.5,24.6
mpp,-4.0,4,qpsk-r1/5,w,9,1,0,data,ok,8,8,-1.3,24.6
mpp,-4.0,4,ack-4f,w,2,2,0,ctl,ok,0,0,-2.1,24.6
mpp,-4.0,4,qpsk-r1/5,w,9,1,0,data,ok,8,8,-0.7,24.6
mpp,-4.0,4,ack-4f,w,2,2,0,ctl,ok,0,0,-1.5,24.6
mpp,-4.0,4,qpsk-r1/5,w,9,1,0,data,ok,8,8,-1.2,24.6
mpp,-4.0,4,ack-4f,w,2,2,0,ctl,ok,0,0,-0.5,24.6
mpp,-4.0,4,qpsk-r1/5,w,9,1,0,data,ok,8,8,-3.1,24.6
mpp,-4.0,4,ack-4f,w,2,2,0,ctl,ok,0,0,-4.1,24.6
mpp,-4.0,4,qpsk-r1/5,w,9,1,0,data,ok,8,8,-1.3,24.6
mpp,-4.0,4,ack-4f,w,2,2,0,ctl,ok,0,0,0.2,24.6
mpp,-4.0,4,qpsk-r1/5,w,9,1,0,data,ok,8,8,-0.2,24.6
mpp,-4.0,4,ack-4f,w,2,2,0,ctl,ok,0,0,-1.2,24.6
mpp,-4.0,4,qpsk-r1/5,w,9,1,0,data,ok,8,8,-1.2,24.6
mpp,-4.0,4,ack-4f,w,2,2,0,ctl,ok,0,0,0.9,24.6
mpp,-4.0,4,qpsk-r1/5,w,9,1,0,data,ok,8,8,0.7,24.6
mpp,-4.0,4,ack-4f,w,2,2,0,ctl,ok,0,0,-1.4,24.6
mpp,-4.0,4,qpsk-r1/5,w,9,1,0,data,ok,8,8,-1.2,24.6
mpp,-4.0,4,ack-4f,w,2,2,0,ctl,ctl_lost,0,0,-8.4,24.6
mpp,-4.0,4,ack-4f,w,3,3,0,ctl,ok,0,0,0.5,24.6
mpp,-4.0,4,ack-4f,w,2,2,0,ctl,ok,0,0,-3.3,24.6
mpp,-4.0,4,qpsk-r1/5,w,9,1,0,data,ok,8,8,-0.2,24.6
mpp,-4.0,4,n4-ack-8f,n4,2,2,0,ctl,ok,0,0,-1.1,24.6
mpp,-4.0,4,qpsk-r1/5,w,9,1,0,data,ok,8,8,-0.2,24.6
mpp,-4.0,4,ack-4f,w,2,2,0,ctl,ok,0,0,-2.3,24.6
mpp,-4.0,4,qpsk-r1/5,w,9,1,0,data,ok,8,8,-1.4,24.6
mpp,-4.0,4,ack-4f,w,2,2,0,ctl,ok,0,0,-0.0,24.6
mpp,-4.0,4,qpsk-r1/5,w,9,1,0,data,ok,8,8,-1.4,24.6
mpp,-4.0,4,ack-4f,w,2,2,0,ctl,ok,0,0,1.2,24.6
mpp,-4.0,4,qpsk-r1/5,w,9,1,0,data,ok,8,8,-0.7,24.6
mpp,-4.0,4,ack-4f,w,2,2,0,ctl,ok,0,0,-1.9,24.6
mpp,-4.0,4,qpsk-r1/5,w,9,1,0,data,ok,8,8,-0.7,24.6
mpp,-4.0,4,ack-4f,w,2,2,0,ctl,ok,0,0,-2.7,24.6
mpp,-4.0,4,qpsk-r1/5,w,9,1,0,data,ok,8,8,0.2,24.6
mpp,-4.0,4,ack-4f,w,2,2,0,ctl,ok,0,0,-0.7,24.6
mpp,-4.0,4,qpsk-r1/5,w,9,1,0,data,ok,8,8,0.7,24.6
mpp,-4.0,4,ack-4f,w,2,2,0,ctl,ok,0,0,2.3,24.6
mpp,-4.0,4,qpsk-r1/5,w,9,1,0,data,ok,8,8,-0.3,24.6
mpp,-4.0,7,qpsk-r1/5,w,1,1,0,ctl,ok,0,0,-1.7,23.4
mpp,-4.0,7,qpsk-r1/5,w,1,1,0,ctl,ok,0,0,-0.5,23.4
mpp,-4.0,7,ack-4f,w,3,3,0,ctl,ok,0,0,-1.8,23.4
mpp,-4.0,7,ack-4f,w,3,3,0,ctl,ok,0,0,2.9,23.4
mpp,-4.0,7,qpsk-r1/5,w,9,2,1,data,ok,7,7,-0.9,23.4
mpp,-4.0,7,ack-4f,w,3,3,0,ctl,ok,0,0,0.2,23.4
mpp,-4.0,7,qpsk-r1/5,w,9,2,1,data,ok,7,7,-0.2,23.4
mpp,-4.0,7,ack-4f,w,2,2,0,ctl,ok,0,0,-3.7,23.4
mpp,-4.0,7,qpsk-r1/5,w,9,1,0,data,ok,8,8,-0.7,23.4
mpp,-4.0,7,n10-ack-4f,n10,2,2,0,ctl,ok,0,0,4.2,23.4
mpp,-4.0,7,qpsk-r1/5,w,9,1,0,data,ok,8,8,-2.5,23.4
mpp,-4.0,7,ack-4f,w,2,2,0,ctl,ok,0,0,-1.9,23.4
mpp,-4.0,7,qpsk-r1/5,w,9,1,0,data,ok,8,8,-1.2,23.4
mpp,-4.0,7,ack-1f,w,2,2,0,ctl,ok,0,0,2.4,23.4
mpp,-4.0,7,qpsk-r1/5,w,9,1,0,data,ok,8,8,-0.1,23.4
mpp,-4.0,7,ack-4f,w,2,2,0,ctl,ok,0,0,0.4,23.4
mpp,-4.0,7,qpsk-r1/5,w,9,1,0,data,ok,8,8,-1.2,23.4
mpp,-4.0,7,ack-4f,w,2,2,0,ctl,ok,0,0,3.7,23.4
mpp,-4.0,7,qpsk-r1/5,w,9,1,0,data,ok,8,8,-2.4,23.4
mpp,-4.0,7,ack-1f,w,3,3,0,ctl,ok,0,0,-0.4,23.4
mpp,-4.0,7,qpsk-r1/5,w,9,2,1,data,ok,7,7,0.3,23.4
mpp,-4.0,7,ack-1f,w,2,2,0,ctl,ctl_lost,0,0,-2.5,23.4
mpp,-4.0,7,ack-4f,w,3,3,0,ctl,ok,0,0,-1.4,23.4
mpp,-4.0,7,ack-4f,w,2,2,0,ctl,ok,0,0,-1.5,23.4
mpp,-4.0,7,qpsk-r1/5,w,9,1,0,data,ok,8,8,-0.1,23.4
mpp,-4.0,7,ack-4f,w,2,2,0,ctl,ctl_lost,0,0,-12.1,23.4
mpp,-4.0,7,ack-4f,w,3,3,0,ctl,ok,0,0,-0.5,23.4
mpp,-4.0,7,ack-4f,w,2,2,0,ctl,ok,0,0,-5.3,23.4
mpp,-4.0,7,qpsk-r1/5,w,9,1,0,data,ok,8,8,-0.5,23.4
mpp,-4.0,7,n4-ack-8f,n4,2,2,0,ctl,ok,0,0,1.3,23.4
mpp,-4.0,7,qpsk-r1/5,w,9,1,0,data,ok,8,8,0.5,23.4
mpp,-4.0,7,n10-ack-4f,n10,2,2,0,ctl,ok,0,0,-2.7,23.4
mpp,-4.0,7,qpsk-r1/5,w,9,1,0,data,ok,8,8,0.2,23.4
mpp,-4.0,7,ack-4f,w,2,2,0,ctl,ok,0,0,-3.7,23.4
mpp,-4.0,7,qpsk-r1/5,w,9,1,0,data,ok,8,8,-1.5,23.4
mpp,-4.0,7,n10-ack-4f,n10,2,2,0,ctl,ok,0,0,2.4,23.4
mpp,-4.0,7,qpsk-r1/5,w,9,1,0,data,ok,8,8,-2.0,23.4
mpp,-4.0,7,n10-ack-4f,n10,2,2,0,ctl,ok,0,0,-4.0,23.4
mpp,-4.0,7,qpsk-r1/5,w,9,1,0,data,ok,8,8,-0.9,23.4
mpp,-4.0,7,ack-4f,w,2,2,0,ctl,ok,0,0,1.0,23.4
mpp,-4.0,7,qpsk-r1/5,w,9,1,0,data,ok,8,8,-1.4,23.4
mpp,-4.0,7,n10-ack-4f,n10,2,2,0,ctl,ok,0,0,-1.7,23.4
mpp,-4.0,7,qpsk-r1/5,w,9,1,0,data,ok,8,8,-0.7,23.4
mpp,-4.0,7,ack-4f,w,2,2,0,ctl,ok,0,0,-0.6,23.4
mpp,-4.0,7,qpsk-r1/5,w,9,1,0,data,ok,8,8,0.9,23.4
mpp,-4.0,7,n10-ack-4f,n10,2,2,0,ctl,ok,0,0,-0.6,23.4
mpp,-4.0,7,qpsk-r1/5,w,9,1,0,data,ok,8,8,-0.2,23.4
mpp,-4.0,7,ack-4f,w,2,2,0,ctl,ok,0,0,-5.0,23.4
mpp,-4.0,7,qpsk-r1/5,w,9,1,0,data,ok,8,8,-0.4,23.4
mpp,-4.0,7,n10-ack-4f,n10,2,2,0,ctl,ok,0,0,-0.6,23.4
mpp,-4.0,7,qpsk-r1/5,w,9,1,0,data,ok,8,8,-1.2,23.4
mpp,-4.0,7,ack-4f,w,2,2,0,ctl,ok,0,0,1.8,23.4
mpp,-4.0,7,qpsk-r1/5,w,9,1,0,data,ok,8,8,-0.9,23.4
mpp,-4.0,7,ack-4f,w,2,2,0,ctl,ok,0,0,2.6,23.4
mpp,-4.0,7,qpsk-r1/5,w,9,1,0,data,ok,8,8,-1.4,23.4
mpp,-4.0,7,ack-4f,w,2,2,0,ctl,ok,0,0,1.8,23.4
mpp,-4.0,7,qpsk-r1/5,w,9,1,0,data,ok,8,8,0.2,23.4
mpp,-4.0,7,ack-4f,w,2,2,0,ctl,ok,0,0,1.4,23.4
mpp,-4.0,7,qpsk-r1/5,w,9,1,0,data,ok,8,8,0.1,23.4
mpp,-4.0,7,ack-4f,w,2,2,0,ctl,ok,0,0,1.2,23.4
mpp,-4.0,7,qpsk-r1/5,w,9,1,0,data,ok,8,8,-0.6,23.4
mpp,-4.0,7,ack-4f,w,2,2,0,ctl,ok,0,0,-2.0,23.4
mpp,-4.0,7,qpsk-r1/5,w,9,1,0,data,ok,8,8,-2.6,23.4
mpp,-4.0,7,n10-ack-4f,n10,2,2,0,ctl,ok,0,0,-3.9,23.4
mpp,-4.0,7,qpsk-r1/5,w,9,1,0,data,ok,8,8,-0.3,23.4
mpp,-4.0,7,ack-4f,w,2,2,0,ctl,ok,0,0,2.1,23.4
mpp,-4.0,7,qpsk-r1/5,w,9,1,0,data,ok,8,8,-0.7,23.4
mpp,-4.0,7,ack-4f,w,2,2,0,ctl,ok,0,0,-1.9,23.4
mpp,-4.0,7,qpsk-r1/5,w,9,1,0,data,ok,8,8,-0.5,23.4
mpp,-4.0,7,ack-4f,w,2,2,,ctl,missed,0,0,,23.4
mpp,-4.0,7,ack-4f,w,3,3,0,ctl,ok,0,0,-2.1,23.4
mpp,-4.0,7,ack-4f,w,2,2,0,ctl,ok,0,0,-3.0,23.4
mpp,-4.0,7,qpsk-r1/5,w,9,1,0,data,ok,8,8,-1.4,23.4
mpp,-4.0,7,n10-ack-4f,n10,2,2,0,ctl,ok,0,0,-4.7,23.4
mpp,-4.0,7,qpsk-r1/5,w,9,1,0,data,ok,8,8,-1.4,23.4
mpp,-4.0,7,ack-4f,w,2,2,0,ctl,ok,0,0,-0.1,23.4
mpp,-4.0,7,qpsk-r1/5,w,9,1,0,data,ok,8,8,-0.1,23.4
mpp,-4.0,7,n10-ack-4f,n10,2,2,,ctl,missed,0,0,,23.4
mpp,-4.0,7,ack-4f,w,3,3,,ctl,missed,0,0,,23.4
mpp,-4.0,7,ack-4f,w,3,3,0,ctl,ok,0,0,-2.0,23.4
mpp,-4.0,7,ack-4f,w,2,2,0,ctl,ok,0,0,-2.6,23.4
mpp,-4.0,7,qpsk-r1/5,w,9,1,0,data,ok,8,8,-0.8,23.4
mpp,-4.0,7,n10-ack-4f,n10,2,2,0,ctl,ctl_lost,0,0,-1.3,23.4
mpp,-4.0,7,ack-4f,w,3,3,0,ctl,ok,0,0,1.9,23.4
mpp,-4.0,7,ack-4f,w,2,2,0,ctl,ok,0,0,0.0,23.4
mpp,-4.0,7,qpsk-r1/5,w,9,1,0,data,ok,8,8,0.9,23.4
mpp,-4.0,7,ack-4f,w,3,3,0,ctl,ok,0,0,0.1,23.4
mpp,-4.0,7,qpsk-r1/3,w,9,2,1,data,ctl_lost,7,0,-3.6,23.4
mpp,-4.0,7,ack-4f,w,3,3,0,ctl,ok,0,0,-1.6,23.4
mpp,-4.0,7,ack-4f,w,2,2,0,ctl,ctl_lost,0,0,-7.0,23.4
mpp,-4.0,7,ack-4f,w,3,3,0,ctl,ok,0,0,-5.4,23.4
mpp,-4.0,7,ack-4f,w,2,2,0,ctl,ok,0,0,-5.0,23.4
mpp,-4.0,7,qpsk-r1/5,w,9,1,0,data,ok,8,8,-0.9,23.4
mpp,-4.0,7,n10-ack-4f,n10,2,2,0,ctl,ok,0,0,-2.7,23.4
mpp,-4.0,7,qpsk-r1/5,w,9,1,0,data,ok,8,8,-1.0,23.4
mpp,-4.0,7,n10-ack-4f,n10,2,2,0,ctl,ok,0,0,-2.8,23.4
mpp,-4.0,7,qpsk-r1/5,w,9,1,0,data,ok,8,8,-1.5,23.4
mpp,-4.0,7,n10-ack-4f,n10,2,2,0,ctl,ok,0,0,-0.7,23.4
mpp,-4.0,7,qpsk-r1/5,w,9,1,0,data,ok,8,8,-1.8,23.4
mpp,-4.0,8,qpsk-r1/5,w,1,1,0,ctl,ok,0,0,1.3,22.9
mpp,-4.0,8,qpsk-r1/5,w,1,1,0,ctl,ok,0,0,2.9,22.9
mpp,-4.0,8,ack-4f,w,3,3,0,ctl,ok,0,0,-3.3,22.9
mpp,-4.0,8,ack-1f,w,3,3,0,ctl,ok,0,0,2.0,22.9
mpp,-4.0,8,qpsk-r1/5,w,9,2,1,data,ok,7,7,-1.6,22.9
mpp,-4.0,8,ack-1f,w,3,3,0,ctl,ctl_lost,0,0,-3.4,22.9
mpp,-4.0,8,ack-4f,w,3,3,0,ctl,ok,0,0,2.0,22.9
mpp,-4.0,8,ack-4f,w,3,3,0,ctl,ok,0,0,0.2,22.9
mpp,-4.0,8,qpsk-r1/5,w,9,2,1,data,ok,7,7,-1.1,22.9
mpp,-4.0,8,n10-ack-4f,n10,2,2,0,ctl,ok,0,0,-0.1,22.9
mpp,-4.0,8,qpsk-r1/5,w,9,1,0,data,ok,8,8,-1.2,22.9
mpp,-4.0,8,ack-4f,w,3,3,0,ctl,ok,0,0,-2.5,22.9
mpp,-4.0,8,qpsk-r1/5,w,9,2,1,data,ok,7,7,-0.8,22.9
mpp,-4.0,8,ack-4f,w,3,3,0,ctl,ok,0,0,0.0,22.9
mpp,-4.0,8,qpsk-r1/5,w,9,2,1,data,ok,7,7,-0.9,22.9
mpp,-4.0,8,n10-ack-4f,n10,2,2,0,ctl,ok,0,0,-1.5,22.9
mpp,-4.0,8,qpsk-r1/5,w,9,1,0,data,ok,8,8,-2.4,22.9
mpp,-4.0,8,ack-4f,w,3,3,0,ctl,ok,0,0,-3.0,22.9
mpp,-4.0,8,qpsk-r1/5,w,9,2,1,data,ok,7,7,-0.9,22.9
mpp,-4.0,8,ack-4f,w,3,3,0,ctl,ok,0,0,1.0,22.9
mpp,-4.0,8,qpsk-r1/5,w,9,2,1,data,ok,7,7,-1.8,22.9
mpp,-4.0,8,ack-4f,w,2,2,0,ctl,ok,0,0,1.9,22.9
mpp,-4.0,8,qpsk-r1/5,w,9,1,0,data,ok,8,8,-0.5,22.9
mpp,-4.0,8,ack-4f,w,2,2,0,ctl,ok,0,0,-3.5,22.9
mpp,-4.0,8,qpsk-r1/5,w,9,1,0,data,ok,8,8,-0.6,22.9
mpp,-4.0,8,ack-4f,w,2,2,0,ctl,ok,0,0,-2.7,22.9
mpp,-4.0,8,qpsk-r1/5,w,9,1,0,data,ok,8,8,-0.5,22.9
mpp,-4.0,8,n10-ack-4f,n10,2,2,0,ctl,ok,0,0,1.5,22.9
mpp,-4.0,8,qpsk-r1/5,w,9,1,0,data,ok,8,8,1.0,22.9
mpp,-4.0,8,ack-4f,w,2,2,0,ctl,ctl_lost,0,0,-5.1,22.9
mpp,-4.0,8,ack-4f,w,3,3,0,ctl,ok,0,0,-1.7,22.9
mpp,-4.0,8,ack-4f,w,2,2,0,ctl,ok,0,0,-0.5,22.9
mpp,-4.0,8,qpsk-r1/5,w,9,1,0,data,ok,8,8,0.3,22.9
mpp,-4.0,8,n10-ack-4f,n10,2,2,0,ctl,ok,0,0,1.9,22.9
mpp,-4.0,8,qpsk-r1/5,w,9,1,0,data,ok,8,8,0.5,22.9
mpp,-4.0,8,ack-4f,w,2,2,0,ctl,ok,0,0,-2.4,22.9
mpp,-4.0,8,qpsk-r1/5,w,9,1,0,data,ctl_lost,8,0,-2.3,22.9
mpp,-4.0,8,ack-4f,w,3,3,0,ctl,ok,0,0,-1.7,22.9
mpp,-4.0,8,ack-4f,w,3,3,0,ctl,ok,0,0,-1.0,22.9
mpp,-4.0,8,qpsk-r1/5,w,9,2,1,data,ok,7,7,-1.5,22.9
mpp,-4.0,8,n10-ack-4f,n10,3,3,0,ctl,ok,0,0,0.2,22.9
mpp,-4.0,8,qpsk-r1/5,w,9,2,1,data,ok,7,7,-0.9,22.9
mpp,-4.0,8,ack-4f,w,2,2,0,ctl,ok,0,0,0.8,22.9
mpp,-4.0,8,qpsk-r1/5,w,9,1,0,data,ok,8,8,0.1,22.9
mpp,-4.0,8,ack-4f,w,2,2,0,ctl,ok,0,0,-3.8,22.9
mpp,-4.0,8,qpsk-r1/5,w,9,1,0,data,ok,8,8,-0.8,22.9
mpp,-4.0,8,n10-ack-4f,n10,2,2,0,ctl,ok,0,0,-4.6,22.9
mpp,-4.0,8,qpsk-r1/5,w,9,1,0,data,ok,8,8,-1.3,22.9
mpp,-4.0,8,n10-ack-4f,n10,2,2,0,ctl,ctl_lost,0,0,-6.8,22.9
mpp,-4.0,8,ack-4f,w,3,3,0,ctl,ok,0,0,-3.0,22.9
mpp,-4.0,8,ack-4f,w,3,3,0,ctl,ok,0,0,-0.5,22.9
mpp,-4.0,8,qpsk-r1/5,w,9,2,1,data,ok,7,7,-0.6,22.9
mpp,-4.0,8,n10-ack-4f,n10,2,2,,ctl,missed,0,0,,22.9
mpp,-4.0,8,ack-4f,w,3,3,0,ctl,ok,0,0,-0.3,22.9
mpp,-4.0,8,ack-4f,w,2,2,0,ctl,ok,0,0,-0.5,22.9
mpp,-4.0,8,qpsk-r1/5,w,9,1,0,data,ok,8,8,1.1,22.9
mpp,-4.0,8,ack-4f,w,2,2,0,ctl,ok,0,0,-0.5,22.9
mpp,-4.0,8,qpsk-r1/5,w,9,1,0,data,ok,8,8,-1.3,22.9
mpp,-4.0,8,ack-4f,w,2,2,0,ctl,ok,0,0,5.5,22.9
mpp,-4.0,8,qpsk-r1/5,w,9,1,0,data,ok,8,8,0.6,22.9
mpp,-4.0,8,n4-ack-2f,n4,2,2,,ctl,missed,0,0,,22.9
mpp,-4.0,8,ack-4f,w,3,3,0,ctl,ok,0,0,0.2,22.9
mpp,-4.0,8,ack-4f,w,2,2,0,ctl,ok,0,0,-2.6,22.9
mpp,-4.0,8,qpsk-r1/5,w,9,1,0,data,ok,8,8,-0.1,22.9
mpp,-4.0,8,ack-4f,w,2,2,0,ctl,ok,0,0,0.9,22.9
mpp,-4.0,8,qpsk-r1/5,w,9,1,0,data,ok,8,8,0.2,22.9
mpp,-4.0,8,n10-ack-4f,n10,2,2,0,ctl,ok,0,0,-3.7,22.9
mpp,-4.0,8,qpsk-r1/5,w,9,1,0,data,ok,8,8,-2.1,22.9
mpp,-4.0,8,ack-4f,w,2,2,0,ctl,ok,0,0,-2.7,22.9
mpp,-4.0,8,qpsk-r1/5,w,9,1,0,data,ok,8,8,-0.7,22.9
mpp,-4.0,8,n10-ack-4f,n10,2,2,0,ctl,ok,0,0,-3.9,22.9
mpp,-4.0,8,qpsk-r1/5,w,9,1,0,data,ok,8,8,-0.5,22.9
mpp,-4.0,8,ack-4f,w,2,2,0,ctl,ok,0,0,1.2,22.9
mpp,-4.0,8,qpsk-r1/5,w,9,1,0,data,ok,8,8,-1.8,22.9
mpp,-4.0,8,ack-4f,w,2,2,0,ctl,ok,0,0,-3.1,22.9
mpp,-4.0,8,qpsk-r1/5,w,9,1,0,data,ok,8,8,-0.6,22.9
mpp,-4.0,8,ack-4f,w,2,2,0,ctl,ok,0,0,0.6,22.9
mpp,-4.0,8,qpsk-r1/5,w,9,1,0,data,ok,8,8,-1.8,22.9
mpp,-4.0,8,ack-4f,w,2,2,0,ctl,ok,0,0,-1.1,22.9
mpp,-4.0,8,qpsk-r1/5,w,9,1,0,data,ok,8,8,-2.4,22.9
mpp,-4.0,8,ack-4f,w,2,2,0,ctl,ok,0,0,0.5,22.9
mpp,-4.0,8,qpsk-r1/5,w,9,1,0,data,ok,8,8,0.1,22.9
mpp,-4.0,8,ack-4f,w,2,2,0,ctl,ok,0,0,3.5,22.9
mpp,-4.0,8,qpsk-r1/5,w,9,1,0,data,ok,8,8,-0.6,22.9
mpp,-4.0,8,ack-4f,w,2,2,0,ctl,ok,0,0,-0.1,22.9
mpp,-4.0,8,qpsk-r1/5,w,9,1,0,data,ok,8,8,-1.5,22.9
mpp,-4.0,8,ack-4f,w,2,2,0,ctl,ok,0,0,3.3,22.9
mpp,-4.0,8,qpsk-r1/5,w,9,1,0,data,ok,8,8,-0.5,22.9
mpp,-4.0,8,ack-4f,w,2,2,0,ctl,ok,0,0,1.2,22.9
mpp,-4.0,8,qpsk-r1/5,w,9,1,0,data,ok,8,8,-1.3,22.9
mpp,-4.0,8,ack-4f,w,2,2,0,ctl,ok,0,0,0.3,22.9
mpp,-4.0,8,qpsk-r1/5,w,9,1,0,data,ok,8,8,-1.6,22.9
mpp,-4.0,8,ack-4f,w,2,2,,ctl,missed,0,0,,22.9
mpp,-4.0,8,ack-4f,w,3,3,0,ctl,ok,0,0,-3.1,22.9
mpp,-4.0,8,ack-4f,w,3,3,0,ctl,ok,0,0,-2.9,22.9
mpp,-4.0,8,qpsk-r1/5,w,9,2,1,data,ok,7,7,-0.4,22.9
mpp,-4.0,8,ack-4f,w,2,2,0,ctl,ok,0,0,-0.5,22.9
mpp,-4.0,8,qpsk-r1/5,w,9,1,0,data,ctl_lost,8,0,-2.8,22.9
mpp,-4.0,5,qpsk-r1/5,w,1,1,0,ctl,ok,0,0,0.7,20.0
mpp,-4.0,5,qpsk-r1/5,w,1,1,0,ctl,ctl_lost,0,0,-4.2,20.0
mpp,-4.0,5,n4-qpsk-r1/3,n4,1,1,0,ctl,ok,0,0,0.6,20.0
mpp,-4.0,5,n4-qpsk-r1/3,n4,1,1,0,ctl,ok,0,0,0.0,20.0
mpp,-4.0,5,ack-4f,w,3,3,0,ctl,ok,0,0,-1.2,20.0
mpp,-4.0,5,n10-ack-4f,n10,3,3,0,ctl,ok,0,0,0.2,20.0
mpp,-4.0,5,qpsk-r1/3,w,9,2,1,data,ok,7,7,0.2,20.0
mpp,-4.0,5,ack-1f,w,3,3,0,ctl,ctl_lost,0,0,-6.2,20.0
mpp,-4.0,5,ack-4f,w,3,3,0,ctl,ok,0,0,1.1,20.0
mpp,-4.0,5,ack-4f,w,2,2,0,ctl,ok,0,0,0.2,20.0
mpp,-4.0,5,qpsk-r1/5,w,9,1,0,data,ok,8,8,-2.8,20.0
mpp,-4.0,5,n10-ack-4f,n10,3,3,0,ctl,ok,0,0,-7.0,20.0
mpp,-4.0,5,qpsk-r1/5,w,9,2,1,data,ok,7,7,-1.1,20.0
mpp,-4.0,5,ack-4f,w,3,3,0,ctl,ok,0,0,-2.4,20.0
mpp,-4.0,5,qpsk-r1/5,w,9,2,1,data,ok,7,7,-2.1,20.0
mpp,-4.0,5,n10-ack-4f,n10,3,3,0,ctl,ok,0,0,0.0,20.0
mpp,-4.0,5,qpsk-r1/5,w,9,2,1,data,ok,7,7,-0.5,20.0
mpp,-4.0,5,ack-4f,w,2,2,0,ctl,ok,0,0,1.1,20.0
mpp,-4.0,5,qpsk-r1/5,w,9,1,0,data,ok,8,8,-2.0,20.0
mpp,-4.0,5,ack-4f,w,3,3,0,ctl,ok,0,0,-2.0,20.0
mpp,-4.0,5,qpsk-r1/5,w,9,2,1,data,ok,7,7,-2.0,20.0
mpp,-4.0,5,ack-4f,w,2,2,0,ctl,ok,0,0,2.2,20.0
mpp,-4.0,5,qpsk-r1/5,w,9,1,0,data,ok,8,8,-0.1,20.0
mpp,-4.0,5,ack-4f,w,2,2,0,ctl,ok,0,0,0.3,20.0
mpp,-4.0,5,qpsk-r1/5,w,9,1,0,data,ok,8,8,-0.3,20.0
mpp,-4.0,5,ack-4f,w,2,2,0,ctl,ok,0,0,-4.5,20.0
mpp,-4.0,5,qpsk-r1/5,w,9,1,0,data,ok,8,8,-1.2,20.0
mpp,-4.0,5,n10-ack-4f,n10,2,2,,ctl,missed,0,0,,20.0
mpp,-4.0,5,ack-4f,w,3,3,0,ctl,ok,0,0,-2.6,20.0
mpp,-4.0,5,ack-4f,w,3,3,0,ctl,ok,0,0,-1.4,20.0
mpp,-4.0,5,qpsk-r1/5,w,9,2,1,data,ok,7,7,-2.2,20.0
mpp,-4.0,5,n10-ack-4f,n10,2,2,0,ctl,ok,0,0,0.3,20.0
mpp,-4.0,5,qpsk-r1/5,w,9,1,0,data,ok,8,8,-2.8,20.0
mpp,-4.0,5,ack-4f,w,3,3,0,ctl,ok,0,0,-1.0,20.0
mpp,-4.0,5,qpsk-r1/5,w,9,2,,data,missed,0,0,,20.0
mpp,-4.0,5,ack-4f,w,3,3,0,ctl,ok,0,0,-3.1,20.0
mpp,-4.0,5,ack-4f,w,3,3,0,ctl,ok,0,0,0.8,20.0
mpp,-4.0,5,qpsk-r1/5,w,9,2,1,data,ok,7,7,-0.4,20.0
mpp,-4.0,5,ack-4f,w,2,2,0,ctl,ok,0,0,0.5,20.0
mpp,-4.0,5,qpsk-r1/5,w,9,1,0,data,ok,8,8,-0.3,20.0
mpp,-4.0,5,ack-4f,w,2,2,0,ctl,ok,0,0,-0.5,20.0
mpp,-4.0,5,qpsk-r1/5,w,9,1,0,data,ok,8,8,-1.4,20.0
mpp,-4.0,5,ack-4f,w,2,2,0,ctl,ok,0,0,-0.3,20.0
mpp,-4.0,5,qpsk-r1/5,w,9,1,0,data,ok,8,8,-1.9,20.0
mpp,-4.0,5,ack-4f,w,2,2,0,ctl,ok,0,0,0.5,20.0
mpp,-4.0,5,qpsk-r1/5,w,9,1,0,data,ok,8,8,-0.2,20.0
mpp,-4.0,5,ack-4f,w,2,2,0,ctl,ok,0,0,-0.6,20.0
mpp,-4.0,5,qpsk-r1/5,w,9,1,0,data,ok,8,8,0.3,20.0
mpp,-4.0,5,ack-4f,w,2,2,0,ctl,ok,0,0,2.9,20.0
mpp,-4.0,5,qpsk-r1/5,w,9,1,0,data,ok,8,8,1.0,20.0
mpp,-4.0,5,ack-4f,w,2,2,0,ctl,ok,0,0,-2.2,20.0
mpp,-4.0,5,qpsk-r1/5,w,9,1,0,data,ok,8,8,-0.9,20.0
mpp,-4.0,5,ack-4f,w,2,2,0,ctl,ok,0,0,-2.2,20.0
mpp,-4.0,5,qpsk-r1/5,w,9,1,0,data,ctl_lost,8,0,-2.8,20.0
mpp,-4.0,5,ack-4f,w,3,3,0,ctl,ok,0,0,-3.1,20.0
mpp,-4.0,5,ack-4f,w,3,3,0,ctl,ok,0,0,-3.6,20.0
mpp,-4.0,5,qpsk-r1/5,w,9,2,1,data,ok,7,0,-3.4,20.0
mpp,-4.0,5,ack-4f,w,3,3,0,ctl,ok,0,0,-1.2,20.0
mpp,-4.0,5,qpsk-r1/5,w,9,2,1,data,ok,0,0,1.1,20.0
mpp,-4.0,5,ack-4f,w,2,2,0,ctl,ok,0,0,1.9,20.0
mpp,-4.0,5,qpsk-r1/5,w,9,1,0,data,ok,8,8,-1.6,20.0
mpp,-4.0,5,ack-4f,w,2,2,0,ctl,ok,0,0,-0.6,20.0
mpp,-4.0,5,qpsk-r1/5,w,9,1,0,data,ok,8,8,-0.0,20.0
mpp,-4.0,5,ack-4f,w,2,2,0,ctl,ok,0,0,-4.4,20.0
mpp,-4.0,5,qpsk-r1/5,w,9,1,0,data,ok,8,8,-0.6,20.0
mpp,-4.0,5,ack-4f,w,2,2,0,ctl,ok,0,0,-2.5,20.0
mpp,-4.0,5,qpsk-r1/5,w,9,1,0,data,ctl_lost,8,0,-3.1,20.0
mpp,-4.0,5,ack-4f,w,3,3,,ctl,missed,0,0,,20.0
mpp,-4.0,5,ack-4f,w,3,3,0,ctl,ok,0,0,-1.4,20.0
mpp,-4.0,5,ack-4f,w,3,3,0,ctl,ok,0,0,-2.7,20.0
mpp,-4.0,5,qpsk-r1/5,w,9,2,1,data,ok,7,7,-0.1,20.0
mpp,-4.0,5,ack-4f,w,2,2,0,ctl,ok,0,0,0.4,20.0
mpp,-4.0,5,qpsk-r1/5,w,9,1,0,data,ok,8,8,-2.1,20.0
mpp,-4.0,5,ack-4f,w,2,2,0,ctl,ok,0,0,-0.8,20.0
mpp,-4.0,5,qpsk-r1/5,w,9,1,0,data,ok,8,8,-2.3,20.0
mpp,-4.0,5,ack-4f,w,3,3,0,ctl,ok,0,0,-1.4,20.0
mpp,-4.0,5,qpsk-r1/5,w,9,2,1,data,ok,7,7,-0.2,20.0
mpp,-4.0,5,ack-4f,w,2,2,0,ctl,ok,0,0,-3.5,20.0
mpp,-4.0,5,qpsk-r1/5,w,9,1,0,data,ok,8,8,-1.7,20.0
mpp,-4.0,5,ack-4f,w,2,2,0,ctl,ok,0,0,-1.5,20.0
mpp,-4.0,5,qpsk-r1/5,w,9,1,0,data,ctl_lost,8,8,-2.3,20.0
mpp,-4.0,5,ack-4f,w,3,3,0,ctl,ok,0,0,0.7,20.0
mpp,-4.0,5,ack-4f,w,3,3,,ctl,missed,0,0,,20.0
mpp,-4.0,5,ack-4f,w,3,3,0,ctl,ok,0,0,-3.9,20.0
mpp,-4.0,5,ack-4f,w,3,3,0,ctl,ok,0,0,-0.2,20.0
mpp,-4.0,5,qpsk-r1/5,w,9,2,1,data,ok,7,7,-2.5,20.0
mpp,-4.0,5,ack-4f,w,3,3,0,ctl,ok,0,0,-1.4,20.0
mpp,-4.0,5,qpsk-r1/5,w,9,2,1,data,ok,7,7,-1.9,20.0
mpp,-4.0,5,ack-4f,w,3,3,0,ctl,ok,0,0,-0.8,20.0
mpp,-4.0,5,qpsk-r1/5,w,9,2,1,data,ok,7,7,-0.2,20.0
mpp,-4.0,5,ack-4f,w,2,2,0,ctl,ok,0,0,0.0,20.0
mpp,-4.0,5,qpsk-r1/5,w,9,1,0,data,ok,8,8,-0.4,20.0
mpp,-4.0,5,ack-4f,w,2,2,0,ctl,ok,0,0,-4.3,20.0
mpp,-4.0,5,qpsk-r1/5,w,9,1,0,data,ok,8,8,-2.1,20.0
mpp,-4.0,5,ack-4f,w,2,2,0,ctl,ok,0,0,-2.8,20.0
mpp,-4.0,5,qpsk-r1/5,w,9,1,0,data,ok,8,8,-0.1,20.0
mpg,8.0,11,qpsk-r1/5,w,1,1,0,ctl,ok,0,0,14.6,128.8
mpg,8.0,11,qpsk-r1/5,w,1,1,0,ctl,ok,0,0,12.9,128.8
mpg,8.0,11,ack-4f,w,2,2,0,ctl,ok,0,0,6.1,128.8
mpg,8.0,11,ack-1f,w,3,3,0,ctl,ok,0,0,7.1,128.8
mpg,8.0,11,w48-16qam-r1/3,w48,19,2,1,data,ok,17,17,9.5,128.8
mpg,8.0,11,ack-1f,w,3,3,0,ctl,ok,0,0,9.5,128.8
mpg,8.0,11,w48-16qam-r1/3,w48,19,2,1,data,ok,17,17,10.8,128.8
mpg,8.0,11,ack-1f,w,2,2,0,ctl,ok,0,0,13.5,128.8
mpg,8.0,11,w48-16qam-r1/3,w48,19,1,0,data,ok,18,18,10.6,128.8
mpg,8.0,11,ack-1f,w,2,2,0,ctl,ok,0,0,15.6,128.8
mpg,8.0,11,w48-16qam-r1/3,w48,19,1,0,data,ok,18,18,12.0,128.8
mpg,8.0,11,ack-1f,w,2,2,0,ctl,ok,0,0,12.7,128.8
mpg,8.0,11,w48-16qam-r1/3,w48,19,1,0,data,ok,18,18,9.9,128.8
mpg,8.0,11,ack-1f,w,2,2,0,ctl,ok,0,0,2.5,128.8
mpg,8.0,11,w48-16qam-r1/3,w48,19,1,0,data,ctl_lost,18,0,3.6,128.8
mpg,8.0,11,ack-4f,w,3,3,0,ctl,ok,0,0,12.5,128.8
mpg,8.0,11,ack-4f,w,3,3,0,ctl,ok,0,0,5.7,128.8
mpg,8.0,11,w48-qpsk-r1/2,w48,19,2,1,data,ok,17,17,10.1,128.8
mpg,8.0,11,ack-1f,w,3,3,0,ctl,ok,0,0,16.7,128.8
mpg,8.0,11,w48-qpsk-r2/3,w48,19,2,1,data,ok,17,0,5.6,128.8
mpg,8.0,11,ack-1f,w,2,2,0,ctl,ok,0,0,2.4,128.8
mpg,8.0,11,w48-qpsk-r1/2,w48,19,1,,data,missed,0,0,,128.8
mpg,8.0,11,ack-4f,w,4,4,0,ctl,ok,0,0,8.9,128.8
mpg,8.0,11,ack-4f,w,3,3,0,ctl,ok,0,0,8.5,128.8
mpg,8.0,11,w48-qpsk-r1/2,w48,19,2,1,data,ok,17,17,11.6,128.8
mpg,8.0,11,ack-1f,w,2,2,0,ctl,ok,0,0,6.4,128.8
mpg,8.0,11,w48-qpsk-r2/3,w48,19,1,0,data,ctl_lost,18,4,8.4,128.8
mpg,8.0,11,ack-4f,w,4,4,0,ctl,ok,0,0,4.5,128.8
mpg,8.0,11,ack-4f,w,2,2,0,ctl,ok,0,0,8.9,128.8
mpg,8.0,11,w48-qpsk-r1/2,w48,19,1,0,data,ok,18,18,8.5,128.8
mpg,8.0,11,ack-1f,w,2,2,0,ctl,ok,0,0,2.3,128.8
mpg,8.0,11,w48-qpsk-r1/2,w48,19,1,0,data,ok,18,18,7.4,128.8
mpg,8.0,11,ack-1f,w,2,2,0,ctl,ok,0,0,-0.8,128.8
mpg,8.0,11,w48-qpsk-r1/2,w48,19,1,0,data,ok,18,18,11.1,128.8
mpg,8.0,11,ack-4f,w,3,3,0,ctl,ok,0,0,9.0,128.8
mpg,8.0,11,w48-16qam-r1/3,w48,19,2,1,data,ok,17,6,6.4,128.8
mpg,8.0,11,ack-1f,w,4,4,0,ctl,ok,0,0,6.1,128.8
mpg,8.0,11,w48-16qam-r1/3,w48,19,2,1,data,ok,6,6,11.2,128.8
mpg,8.0,11,ack-1f,w,3,3,0,ctl,ok,0,0,7.4,128.8
mpg,8.0,11,w48-16qam-r1/3,w48,19,2,1,data,ok,17,17,10.8,128.8
mpg,8.0,11,ack-1f,w,2,2,0,ctl,ok,0,0,4.7,128.8
mpg,8.0,11,w48-16qam-r1/3,w48,19,1,0,data,ctl_lost,18,0,6.2,128.8
mpg,8.0,11,ack-4f,w,3,3,0,ctl,ok,0,0,15.8,128.8
mpg,8.0,11,ack-4f,w,2,2,0,ctl,ok,0,0,17.6,128.8
mpg,8.0,11,w48-qpsk-r1/2,w48,19,1,0,data,ok,18,18,8.7,128.8
mpg,8.0,11,ack-1f,w,2,2,0,ctl,ok,0,0,10.9,128.8
mpg,8.0,11,w48-qpsk-r1/2,w48,19,1,0,data,ctl_lost,18,10,4.2,128.8
mpg,8.0,11,ack-4f,w,3,3,0,ctl,ok,0,0,12.3,128.8
mpg,8.0,11,ack-4f,w,3,3,0,ctl,ok,0,0,13.4,128.8
mpg,8.0,11,w48-qpsk-r1/2,w48,19,2,1,data,ok,17,17,9.4,128.8
mpg,8.0,11,ack-1f,w,3,3,0,ctl,ok,0,0,8.6,128.8
mpg,8.0,11,w48-16qam-r1/3,w48,19,2,1,data,ok,17,6,8.6,128.8
mpg,8.0,11,ack-1f,w,4,4,0,ctl,ok,0,0,8.1,128.8
mpg,8.0,11,w48-16qam-r1/3,w48,19,2,1,data,ok,6,6,12.9,128.8
mpg,8.0,11,ack-1f,w,3,3,0,ctl,ok,0,0,9.9,128.8
mpg,8.0,11,w48-16qam-r1/3,w48,19,2,1,data,ok,17,17,10.8,128.8
mpg,8.0,11,ack-1f,w,2,2,0,ctl,ok,0,0,10.5,128.8
mpg,8.0,11,w48-16qam-r1/3,w48,19,1,0,data,ok,18,18,7.6,128.8
mpg,8.0,11,ack-1f,w,3,3,0,ctl,ok,0,0,13.2,128.8
mpg,8.0,11,w48-16qam-r1/3,w48,19,2,1,data,ok,17,17,11.7,128.8
mpg,8.0,11,ack-1f,w,2,2,0,ctl,ok,0,0,7.7,128.8
mpg,8.0,11,w48-16qam-r1/3,w48,19,1,0,data,ok,18,18,10.4,128.8
mpg,8.0,11,ack-1f,w,2,2,0,ctl,ok,0,0,15.2,128.8
mpg,8.0,11,w48-16qam-r1/3,w48,19,1,0,data,ok,18,18,8.6,128.8
mpg,8.0,11,ack-1f,w,3,3,0,ctl,ok,0,0,11.9,128.8
mpg,8.0,11,w48-16qam-r1/3,w48,19,2,1,data,ok,17,17,9.2,128.8
mpg,8.0,11,ack-1f,w,3,3,0,ctl,ok,0,0,8.2,128.8
mpg,8.0,11,w48-16qam-r1/3,w48,19,2,1,data,ok,17,17,8.9,128.8
mpg,8.0,11,ack-1f,w,2,2,0,ctl,ok,0,0,9.4,128.8
mpg,8.0,11,w48-16qam-r1/3,w48,19,1,0,data,ok,18,18,8.0,128.8
mpg,8.0,11,ack-1f,w,3,3,0,ctl,ok,0,0,11.9,128.8
mpg,8.0,11,w48-16qam-r1/3,w48,19,2,1,data,ok,17,5,6.0,128.8
mpg,8.0,11,ack-1f,w,4,4,0,ctl,ok,0,0,7.8,128.8
mpg,8.0,11,w48-16qam-r1/3,w48,19,2,1,data,ok,5,5,8.7,128.8
mpg,8.0,11,ack-1f,w,3,3,0,ctl,ok,0,0,10.4,128.8
mpg,8.0,11,w48-16qam-r1/3,w48,19,2,1,data,ok,17,17,10.0,128.8
mpg,8.0,11,ack-1f,w,2,2,0,ctl,ok,0,0,7.4,128.8
mpg,8.0,11,w48-16qam-r1/3,w48,19,1,0,data,ctl_lost,18,0,6.7,128.8
mpg,8.0,11,ack-4f,w,2,2,0,ctl,ok,0,0,14.2,128.8
mpg,8.0,11,ack-4f,w,3,3,0,ctl,ok,0,0,13.5,128.8
mpg,8.0,11,w48-16qam-r1/3,w48,19,2,1,data,ok,17,17,7.9,128.8
mpg,8.0,11,ack-1f,w,3,3,0,ctl,ok,0,0,13.6,128.8
mpg,8.0,11,w48-16qam-r1/3,w48,19,2,1,data,ok,17,0,6.1,128.8
mpg,8.0,11,ack-1f,w,3,3,0,ctl,ok,0,0,6.0,128.8
mpg,8.0,11,w48-qpsk-r1/2,w48,19,2,1,data,ok,17,17,9.1,128.8
mpg,8.0,11,ack-1f,w,2,2,0,ctl,ok,0,0,10.6,128.8
mpg,8.0,11,w48-qpsk-r1/2,w48,19,1,0,data,ok,18,18,8.7,128.8
mpg,8.0,11,ack-1f,w,3,3,0,ctl,ok,0,0,6.7,128.8
mpg,8.0,11,w48-16qam-r1/3,w48,19,2,1,data,ok,17,17,8.8,128.8
mpg,8.0,11,ack-1f,w,3,3,0,ctl,ok,0,0,1.3,128.8
mpg,8.0,11,w48-16qam-r1/3,w48,19,2,1,data,ok,17,17,10.0,128.8
mpg,8.0,11,ack-1f,w,2,2,0,ctl,ok,0,0,12.1,128.8
mpg,8.0,11,w48-16qam-r1/3,w48,19,1,0,data,ctl_lost,18,0,5.3,128.8
mpp,-4.0,9,qpsk-r1/5,w,1,1,0,ctl,ok,0,0,-3.2,22.1
mpp,-4.0,9,qpsk-r1/5,w,1,1,0,ctl,ctl_lost,0,0,-3.1,22.1
mpp,-4.0,9,n4-qpsk-r1/3,n4,1,1,0,ctl,ok,0,0,-0.2,22.1
mpp,-4.0,9,n4-qpsk-r1/3,n4,1,1,0,ctl,ctl_lost,0,0,-4.0,22.1
mpp,-4.0,9,n4-qpsk-r1/3,n4,1,1,0,ctl,ok,0,0,-1.8,22.1
mpp,-4.0,9,n4-qpsk-r1/3,n4,1,1,0,ctl,ok,0,0,-1.6,22.1
mpp,-4.0,9,ack-4f,w,3,3,0,ctl,ok,0,0,-1.2,22.1
mpp,-4.0,9,ack-4f,w,3,3,0,ctl,ok,0,0,-0.8,22.1
mpp,-4.0,9,qpsk-r1/5,w,9,2,1,data,ok,7,7,-0.0,22.1
mpp,-4.0,9,ack-4f,w,3,3,0,ctl,ok,0,0,1.2,22.1
mpp,-4.0,9,qpsk-r1/5,w,9,2,1,data,ok,7,7,-0.8,22.1
mpp,-4.0,9,ack-4f,w,2,2,0,ctl,ok,0,0,-1.4,22.1
mpp,-4.0,9,qpsk-r1/5,w,9,1,0,data,ok,8,8,-1.4,22.1
mpp,-4.0,9,ack-4f,w,3,3,0,ctl,ok,0,0,-0.1,22.1
mpp,-4.0,9,qpsk-r1/5,w,9,2,1,data,ok,7,7,-0.7,22.1
mpp,-4.0,9,ack-4f,w,2,2,0,ctl,ok,0,0,0.2,22.1
mpp,-4.0,9,qpsk-r1/5,w,9,1,0,data,ctl_lost,8,3,-2.4,22.1
mpp,-4.0,9,ack-4f,w,3,3,0,ctl,ok,0,0,-0.2,22.1
mpp,-4.0,9,ack-4f,w,3,3,0,ctl,ok,0,0,0.7,22.1
mpp,-4.0,9,qpsk-r1/5,w,9,2,1,data,ok,7,7,0.6,22.1
mpp,-4.0,9,ack-4f,w,2,2,0,ctl,ok,0,0,1.6,22.1
mpp,-4.0,9,qpsk-r1/5,w,9,1,0,data,ok,8,8,0.0,22.1
mpp,-4.0,9,ack-4f,w,2,2,0,ctl,ok,0,0,0.1,22.1
mpp,-4.0,9,qpsk-r1/5,w,9,1,0,data,ok,8,8,-0.7,22.1
mpp,-4.0,9,ack-4f,w,3,3,0,ctl,ok,0,0,-2.5,22.1
mpp,-4.0,9,qpsk-r1/5,w,9,2,1,data,ok,7,7,0.2,22.1
mpp,-4.0,9,ack-4f,w,2,2,0,ctl,ok,0,0,-0.8,22.1
mpp,-4.0,9,qpsk-r1/5,w,9,1,0,data,ok,8,8,-0.6,22.1
mpp,-4.0,9,ack-4f,w,2,2,0,ctl,ok,0,0,0.3,22.1
mpp,-4.0,9,qpsk-r1/5,w,9,1,0,data,ok,8,8,-1.4,22.1
mpp,-4.0,9,ack-4f,w,3,3,0,ctl,ok,0,0,2.5,22.1
mpp,-4.0,9,qpsk-r1/5,w,9,2,1,data,ok,7,7,-0.2,22.1
mpp,-4.0,9,ack-4f,w,3,3,0,ctl,ok,0,0,-0.5,22.1
mpp,-4.0,9,qpsk-r1/5,w,9,2,1,data,ok,7,7,-1.1,22.1
mpp,-4.0,9,ack-4f,w,2,2,0,ctl,ok,0,0,-4.6,22.1
mpp,-4.0,9,qpsk-r1/5,w,9,1,0,data,ok,8,8,0.9,22.1
mpp,-4.0,9,ack-4f,w,2,2,0,ctl,ok,0,0,-0.6,22.1
mpp,-4.0,9,qpsk-r1/5,w,9,1,0,data,ok,8,8,-0.8,22.1
mpp,-4.0,9,ack-4f,w,2,2,0,ctl,ok,0,0,-0.6,22.1
mpp,-4.0,9,qpsk-r1/5,w,9,1,0,data,ok,8,8,-0.7,22.1
mpp,-4.0,9,ack-4f,w,2,2,0,ctl,ok,0,0,-0.9,22.1
mpp,-4.0,9,qpsk-r1/5,w,9,1,0,data,ok,8,8,-1.1,22.1
mpp,-4.0,9,ack-4f,w,2,2,0,ctl,ok,0,0,-10.2,22.1
mpp,-4.0,9,qpsk-r1/5,w,9,1,0,data,ok,8,8,0.7,22.1
mpp,-4.0,9,ack-4f,w,2,2,0,ctl,ok,0,0,0.8,22.1
mpp,-4.0,9,qpsk-r1/5,w,9,1,0,data,ok,8,8,-1.3,22.1
mpp,-4.0,9,ack-4f,w,2,2,0,ctl,ok,0,0,-1.0,22.1
mpp,-4.0,9,qpsk-r1/5,w,9,1,0,data,ok,8,8,0.4,22.1
mpp,-4.0,9,ack-4f,w,2,2,0,ctl,ok,0,0,-0.2,22.1
mpp,-4.0,9,qpsk-r1/5,w,9,1,0,data,ok,8,8,-2.3,22.1
mpp,-4.0,9,ack-4f,w,2,2,,ctl,missed,0,0,,22.1
mpp,-4.0,9,ack-4f,w,3,3,0,ctl,ok,0,0,-1.5,22.1
mpp,-4.0,9,ack-4f,w,3,3,0,ctl,ok,0,0,-0.2,22.1
mpp,-4.0,9,qpsk-r1/5,w,9,2,1,data,ok,7,7,-1.4,22.1
mpp,-4.0,9,ack-4f,w,3,3,0,ctl,ok,0,0,-1.9,22.1
mpp,-4.0,9,qpsk-r1/5,w,9,2,1,data,ok,7,7,-2.4,22.1
mpp,-4.0,9,ack-4f,w,2,2,0,ctl,ok,0,0,-1.5,22.1
mpp,-4.0,9,qpsk-r1/5,w,9,1,0,data,ok,8,8,-0.4,22.1
mpp,-4.0,9,ack-4f,w,2,2,0,ctl,ok,0,0,-1.7,22.1
mpp,-4.0,9,qpsk-r1/5,w,9,1,0,data,ok,8,8,-0.6,22.1
mpp,-4.0,9,ack-4f,w,2,2,0,ctl,ok,0,0,-3.3,22.1
mpp,-4.0,9,qpsk-r1/5,w,9,1,0,data,ok,8,8,-1.1,22.1
mpp,-4.0,9,ack-4f,w,2,2,0,ctl,ok,0,0,2.7,22.1
mpp,-4.0,9,qpsk-r1/5,w,9,1,0,data,ok,8,8,-2.2,22.1
mpp,-4.0,9,ack-4f,w,2,2,0,ctl,ok,0,0,1.9,22.1
mpp,-4.0,9,qpsk-r1/5,w,9,1,0,data,ok,8,8,-2.6,22.1
mpp,-4.0,9,ack-4f,w,2,2,0,ctl,ok,0,0,1.9,22.1
mpp,-4.0,9,qpsk-r1/5,w,9,1,0,data,ok,8,8,-0.3,22.1
mpp,-4.0,9,ack-1f,w,2,2,0,ctl,ok,0,0,2.7,22.1
mpp,-4.0,9,qpsk-r1/5,w,9,1,0,data,ctl_lost,8,5,-3.2,22.1
mpp,-4.0,9,ack-4f,w,3,3,0,ctl,ok,0,0,0.3,22.1
mpp,-4.0,9,ack-4f,w,3,3,0,ctl,ok,0,0,-0.9,22.1
mpp,-4.0,9,qpsk-r1/5,w,9,2,1,data,ok,7,7,-1.9,22.1
mpp,-4.0,9,ack-1f,w,2,2,0,ctl,ctl_lost,0,0,-2.4,22.1
mpp,-4.0,9,ack-4f,w,3,3,0,ctl,ok,0,0,0.0,22.1
mpp,-4.0,9,ack-4f,w,2,2,0,ctl,ok,0,0,1.0,22.1
mpp,-4.0,9,qpsk-r1/5,w,9,1,0,data,ok,8,8,0.7,22.1
mpp,-4.0,9,ack-4f,w,2,2,0,ctl,ok,0,0,-0.8,22.1
mpp,-4.0,9,qpsk-r1/5,w,9,1,0,data,ok,8,8,-0.4,22.1
mpp,-4.0,9,ack-4f,w,2,2,0,ctl,ok,0,0,-2.2,22.1
mpp,-4.0,9,qpsk-r1/5,w,9,1,0,data,ok,8,8,-0.4,22.1
mpp,-4.0,9,ack-4f,w,2,2,0,ctl,ok,0,0,0.5,22.1
mpp,-4.0,9,qpsk-r1/5,w,9,1,0,data,ok,8,8,-0.9,22.1
mpp,-4.0,9,ack-4f,w,2,2,0,ctl,ok,0,0,1.1,22.1
mpp,-4.0,9,qpsk-r1/5,w,9,1,0,data,ok,8,8,0.4,22.1
mpp,-4.0,9,ack-4f,w,2,2,0,ctl,ok,0,0,1.7,22.1
mpp,-4.0,9,qpsk-r1/5,w,9,1,0,data,ok,8,8,-2.3,22.1
mpp,-4.0,9,ack-4f,w,2,2,0,ctl,ok,0,0,-2.6,22.1
mpp,-4.0,9,qpsk-r1/5,w,9,1,0,data,ok,8,8,0.7,22.1
mpp,-4.0,9,ack-4f,w,2,2,0,ctl,ok,0,0,0.9,22.1
mpp,-4.0,9,qpsk-r1/5,w,9,1,0,data,ok,8,8,-2.3,22.1
mpp,-4.0,9,ack-4f,w,2,2,0,ctl,ok,0,0,3.3,22.1
mpp,-4.0,9,qpsk-r1/5,w,9,1,0,data,ok,8,8,-1.5,22.1
mpp,-4.0,9,ack-4f,w,2,2,0,ctl,ok,0,0,-2.2,22.1
mpp,-4.0,11,qpsk-r1/5,w,1,1,0,ctl,ok,0,0,-0.8,22.9
mpp,-4.0,11,qpsk-r1/5,w,1,1,0,ctl,ctl_lost,0,0,-4.4,22.9
mpp,-4.0,11,n4-qpsk-r1/3,n4,1,1,0,ctl,ok,0,0,-0.9,22.9
mpp,-4.0,11,n4-qpsk-r1/3,n4,1,1,0,ctl,ok,0,0,-1.3,22.9
mpp,-4.0,11,ack-4f,w,3,3,0,ctl,ok,0,0,-0.6,22.9
mpp,-4.0,11,n10-ack-4f,n10,3,3,,ctl,missed,0,0,,22.9
mpp,-4.0,11,ack-4f,w,3,3,0,ctl,ok,0,0,2.3,22.9
mpp,-4.0,11,ack-4f,w,3,3,0,ctl,ok,0,0,-3.5,22.9
mpp,-4.0,11,qpsk-r1/5,w,9,2,1,data,ok,7,7,-0.1,22.9
mpp,-4.0,11,n10-ack-4f,n10,3,3,0,ctl,ok,0,0,-2.5,22.9
mpp,-4.0,11,qpsk-r1/3,w,9,2,1,data,ok,7,0,-2.4,22.9
mpp,-4.0,11,ack-4f,w,3,3,0,ctl,ok,0,0,-2.5,22.9
mpp,-4.0,11,qpsk-r1/5,w,9,2,1,data,ok,7,7,-2.1,22.9
mpp,-4.0,11,ack-4f,w,3,3,0,ctl,ok,0,0,-0.2,22.9
mpp,-4.0,11,qpsk-r1/5,w,9,2,1,data,ok,7,7,-1.2,22.9
mpp,-4.0,11,ack-4f,w,3,3,0,ctl,ok,0,0,0.6,22.9
mpp,-4.0,11,qpsk-r1/5,w,9,2,1,data,ok,7,7,-2.1,22.9
mpp,-4.0,11,ack-4f,w,3,3,0,ctl,ok,0,0,0.8,22.9
mpp,-4.0,11,qpsk-r1/5,w,9,2,1,data,ok,7,7,-0.3,22.9
mpp,-4.0,11,ack-4f,w,2,2,0,ctl,ok,0,0,-0.4,22.9
mpp,-4.0,11,qpsk-r1/5,w,9,1,0,data,ok,8,8,-0.6,22.9
mpp,-4.0,11,ack-4f,w,2,2,0,ctl,ok,0,0,-5.5,22.9
mpp,-4.0,11,qpsk-r1/5,w,9,1,0,data,ok,8,8,-0.6,22.9
mpp,-4.0,11,ack-4f,w,2,2,0,ctl,ok,0,0,-1.1,22.9
mpp,-4.0,11,qpsk-r1/5,w,9,1,0,data,ok,8,8,-1.2,22.9
mpp,-4.0,11,ack-4f,w,2,2,0,ctl,ok,0,0,-1.3,22.9
mpp,-4.0,11,qpsk-r1/5,w,9,1,0,data,ok,8,8,-1.3,22.9
mpp,-4.0,11,ack-4f,w,2,2,0,ctl,ok,0,0,1.1,22.9
mpp,-4.0,11,qpsk-r1/5,w,9,1,0,data,ok,8,8,0.1,22.9
mpp,-4.0,11,ack-4f,w,2,2,0,ctl,ok,0,0,-0.9,22.9
mpp,-4.0,11,qpsk-r1/5,w,9,1,0,data,ok,8,8,-1.6,22.9
mpp,-4.0,11,ack-4f,w,2,2,0,ctl,ok,0,0,-0.7,22.9
mpp,-4.0,11,qpsk-r1/5,w,9,1,0,data,ok,8,8,-0.7,22.9
mpp,-4.0,11,ack-4f,w,2,2,0,ctl,ok,0,0,-5.0,22.9
mpp,-4.0,11,qpsk-r1/5,w,9,1,0,data,ok,8,8,-0.8,22.9
mpp,-4.0,11,ack-4f,w,2,2,0,ctl,ok,0,0,-0.2,22.9
mpp,-4.0,11,qpsk-r1/5,w,9,1,0,data,ok,8,8,-0.7,22.9
mpp,-4.0,11,ack-4f,w,2,2,0,ctl,ok,0,0,-0.5,22.9
mpp,-4.0,11,qpsk-r1/5,w,9,1,0,data,ok,8,8,-0.7,22.9
mpp,-4.0,11,ack-4f,w,2,2,0,ctl,ok,0,0,-0.5,22.9
mpp,-4.0,11,qpsk-r1/5,w,9,1,0,data,ok,8,8,2.1,22.9
mpp,-4.0,11,ack-4f,w,2,2,0,ctl,ok,0,0,1.9,22.9
mpp,-4.0,11,qpsk-r1/5,w,9,1,0,data,ok,8,8,-2.2,22.9
mpp,-4.0,11,ack-4f,w,2,2,0,ctl,ok,0,0,-1.0,22.9
mpp,-4.0,11,qpsk-r1/5,w,9,1,0,data,ok,8,8,-1.3,22.9
mpp,-4.0,11,ack-4f,w,2,2,0,ctl,ok,0,0,-0.3,22.9
mpp,-4.0,11,qpsk-r1/5,w,9,1,0,data,ok,8,8,-1.5,22.9
mpp,-4.0,11,ack-4f,w,2,2,0,ctl,ok,0,0,-1.1,22.9
mpp,-4.0,11,qpsk-r1/5,w,9,1,0,data,ok,8,8,-1.4,22.9
mpp,-4.0,11,ack-4f,w,2,2,0,ctl,ok,0,0,-1.6,22.9
mpp,-4.0,11,qpsk-r1/5,w,9,1,0,data,ok,8,8,-0.9,22.9
mpp,-4.0,11,ack-4f,w,2,2,0,ctl,ok,0,0,1.0,22.9
mpp,-4.0,11,qpsk-r1/5,w,9,1,0,data,ok,8,8,-0.9,22.9
mpp,-4.0,11,ack-4f,w,2,2,0,ctl,ok,0,0,-0.3,22.9
mpp,-4.0,11,qpsk-r1/5,w,9,1,0,data,ok,8,8,-0.3,22.9
mpp,-4.0,11,ack-4f,w,2,2,0,ctl,ok,0,0,0.5,22.9
mpp,-4.0,11,qpsk-r1/5,w,9,1,0,data,ok,8,8,0.4,22.9
mpp,-4.0,11,ack-4f,w,2,2,0,ctl,ok,0,0,-0.6,22.9
mpp,-4.0,11,qpsk-r1/5,w,9,1,0,data,ok,8,8,-0.8,22.9
mpp,-4.0,11,ack-4f,w,2,2,0,ctl,ok,0,0,1.3,22.9
mpp,-4.0,11,qpsk-r1/5,w,9,1,0,data,ok,8,8,-0.5,22.9
mpp,-4.0,11,ack-4f,w,2,2,0,ctl,ok,0,0,-2.3,22.9
mpp,-4.0,11,qpsk-r1/5,w,9,1,0,data,ok,8,8,-0.7,22.9
mpp,-4.0,11,ack-4f,w,2,2,0,ctl,ok,0,0,-5.5,22.9
mpp,-4.0,11,qpsk-r1/5,w,9,1,0,data,ok,8,8,-1.9,22.9
mpp,-4.0,11,ack-4f,w,2,2,0,ctl,ok,0,0,-0.5,22.9
mpp,-4.0,11,qpsk-r1/5,w,9,1,0,data,ok,8,8,-1.0,22.9
mpp,-4.0,11,ack-4f,w,2,2,0,ctl,ok,0,0,-4.5,22.9
mpp,-4.0,11,qpsk-r1/5,w,9,1,0,data,ok,8,8,-1.0,22.9
mpp,-4.0,11,ack-4f,w,2,2,0,ctl,ok,0,0,-1.2,22.9
mpp,-4.0,11,qpsk-r1/5,w,9,1,0,data,ok,8,8,-0.5,22.9
mpp,-4.0,11,ack-4f,w,2,2,0,ctl,ok,0,0,-0.2,22.9
mpp,-4.0,11,qpsk-r1/5,w,9,1,0,data,ok,8,8,-1.1,22.9
mpp,-4.0,11,ack-4f,w,2,2,0,ctl,ok,0,0,-5.8,22.9
mpp,-4.0,11,qpsk-r1/5,w,9,1,0,data,ok,8,8,-1.6,22.9
mpp,-4.0,11,ack-4f,w,2,2,0,ctl,ok,0,0,-0.5,22.9
mpp,-4.0,11,qpsk-r1/5,w,9,1,0,data,ok,8,8,-0.2,22.9
mpp,-4.0,11,ack-4f,w,2,2,0,ctl,ok,0,0,0.3,22.9
mpp,-4.0,11,qpsk-r1/5,w,9,1,0,data,ok,8,8,-0.3,22.9
mpp,-4.0,11,ack-4f,w,2,2,0,ctl,ok,0,0,-3.4,22.9
mpp,-4.0,11,qpsk-r1/5,w,9,1,0,data,ok,8,8,-2.0,22.9
mpp,-4.0,11,ack-4f,w,2,2,0,ctl,ok,0,0,-1.1,22.9
mpp,-4.0,11,qpsk-r1/5,w,9,1,0,data,ctl_lost,8,3,-1.9,22.9
mpp,-4.0,11,ack-4f,w,3,3,0,ctl,ok,0,0,-1.5,22.9
mpp,-4.0,11,ack-4f,w,3,3,0,ctl,ok,0,0,-3.5,22.9
mpp,-4.0,11,qpsk-r1/5,w,9,2,1,data,ok,7,7,-2.0,22.9
mpp,-4.0,11,ack-4f,w,3,3,0,ctl,ok,0,0,0.7,22.9
mpp,-4.0,11,qpsk-r1/5,w,9,2,1,data,ok,7,7,-1.4,22.9
mpp,-4.0,11,ack-4f,w,2,2,0,ctl,ok,0,0,0.2,22.9
mpp,-4.0,11,qpsk-r1/5,w,9,1,0,data,ok,8,8,-0.9,22.9
mpp,-4.0,11,ack-4f,w,2,2,0,ctl,ok,0,0,1.5,22.9
mpp,-4.0,11,qpsk-r1/5,w,9,1,0,data,ok,8,8,-1.0,22.9
mpp,-4.0,10,qpsk-r1/5,w,1,1,0,ctl,ok,0,0,-2.2,20.8
mpp,-4.0,10,qpsk-r1/5,w,1,1,0,ctl,ok,0,0,0.4,20.8
mpp,-4.0,10,ack-4f,w,3,3,0,ctl,ok,0,0,-1.6,20.8
mpp,-4.0,10,ack-4f,w,3,3,0,ctl,ok,0,0,1.4,20.8
mpp,-4.0,10,qpsk-r1/5,w,9,2,1,data,ok,7,7,-1.3,20.8
mpp,-4.0,10,ack-4f,w,3,3,0,ctl,ok,0,0,0.1,20.8
mpp,-4.0,10,qpsk-r1/5,w,9,2,1,data,ok,7,7,0.0,20.8
mpp,-4.0,10,ack-4f,w,3,3,0,ctl,ok,0,0,-0.6,20.8
mpp,-4.0,10,qpsk-r1/5,w,9,2,1,data,ok,7,7,-1.0,20.8
mpp,-4.0,10,ack-4f,w,2,2,0,ctl,ok,0,0,-3.0,20.8
mpp,-4.0,10,qpsk-r1/5,w,9,1,0,data,ok,8,8,-0.1,20.8
mpp,-4.0,10,ack-4f,w,2,2,0,ctl,ok,0,0,-2.8,20.8
mpp,-4.0,10,qpsk-r1/5,w,9,1,0,data,ok,8,8,-0.8,20.8
mpp,-4.0,10,n4-ack-8f,n4,2,2,0,ctl,ok,0,0,-1.6,20.8
mpp,-4.0,10,qpsk-r1/5,w,9,1,0,data,ok,8,8,-0.0,20.8
mpp,-4.0,10,ack-4f,w,2,2,0,ctl,ok,0,0,-4.6,20.8
mpp,-4.0,10,qpsk-r1/5,w,9,1,0,data,ok,8,8,-0.5,20.8
mpp,-4.0,10,ack-4f,w,2,2,0,ctl,ok,0,0,-1.1,20.8
mpp,-4.0,10,qpsk-r1/5,w,9,1,0,data,ok,8,8,-0.2,20.8
mpp,-4.0,10,ack-4f,w,2,2,0,ctl,ok,0,0,-0.8,20.8
mpp,-4.0,10,qpsk-r1/5,w,9,1,0,data,ok,8,8,-0.3,20.8
mpp,-4.0,10,ack-4f,w,2,2,0,ctl,ok,0,0,3.4,20.8
mpp,-4.0,10,qpsk-r1/5,w,9,1,0,data,ok,8,8,-0.9,20.8
mpp,-4.0,10,ack-4f,w,2,2,0,ctl,ok,0,0,-3.9,20.8
mpp,-4.0,10,qpsk-r1/5,w,9,1,,data,missed,0,0,,20.8
mpp,-4.0,10,ack-4f,w,3,3,0,ctl,ok,0,0,-1.7,20.8
mpp,-4.0,10,ack-4f,w,3,3,0,ctl,ok,0,0,-3.5,20.8
mpp,-4.0,10,qpsk-r1/5,w,9,2,1,data,ok,7,7,-0.6,20.8
mpp,-4.0,10,n10-ack-4f,n10,2,2,0,ctl,ok,0,0,-1.8,20.8
mpp,-4.0,10,qpsk-r1/5,w,9,1,0,data,ok,8,8,-1.6,20.8
mpp,-4.0,10,ack-4f,w,2,2,0,ctl,ok,0,0,-1.5,20.8
mpp,-4.0,10,qpsk-r1/5,w,9,1,0,data,ok,8,8,-2.0,20.8
mpp,-4.0,10,ack-4f,w,2,2,0,ctl,ok,0,0,0.6,20.8
mpp,-4.0,10,qpsk-r1/5,w,9,1,0,data,ok,8,8,-0.5,20.8
mpp,-4.0,10,ack-4f,w,2,2,0,ctl,ok,0,0,0.1,20.8
mpp,-4.0,10,qpsk-r1/5,w,9,1,0,data,ok,8,8,-1.4,20.8
mpp,-4.0,10,ack-4f,w,2,2,0,ctl,ok,0,0,2.7,20.8
mpp,-4.0,10,qpsk-r1/5,w,9,1,0,data,ok,8,8,-1.7,20.8
mpp,-4.0,10,ack-4f,w,2,2,0,ctl,ok,0,0,-5.2,20.8
mpp,-4.0,10,qpsk-r1/5,w,9,1,0,data,ok,8,8,-1.8,20.8
mpp,-4.0,10,ack-4f,w,2,2,0,ctl,ok,0,0,-1.3,20.8
mpp,-4.0,10,qpsk-r1/5,w,9,1,0,data,ok,8,8,-1.8,20.8
mpp,-4.0,10,ack-4f,w,2,2,0,ctl,ok,0,0,1.4,20.8
mpp,-4.0,10,qpsk-r1/5,w,9,1,0,data,ok,8,2,-3.0,20.8
mpp,-4.0,10,ack-4f,w,3,3,0,ctl,ok,0,0,-1.4,20.8
mpp,-4.0,10,qpsk-r1/5,w,9,1,0,data,ok,2,2,0.9,20.8
mpp,-4.0,10,ack-4f,w,2,2,0,ctl,ok,0,0,-1.9,20.8
mpp,-4.0,10,qpsk-r1/5,w,9,1,0,data,ok,8,8,-1.2,20.8
mpp,-4.0,10,ack-4f,w,2,2,0,ctl,ok,0,0,-1.1,20.8
mpp,-4.0,10,qpsk-r1/5,w,9,1,0,data,ok,8,8,-2.5,20.8
mpp,-4.0,10,ack-4f,w,2,2,0,ctl,ok,0,0,2.5,20.8
mpp,-4.0,10,qpsk-r1/5,w,9,1,,data,missed,0,0,,20.8
mpp,-4.0,10,ack-4f,w,2,2,0,ctl,ok,0,0,0.1,20.8
mpp,-4.0,10,ack-4f,w,2,2,0,ctl,ok,0,0,0.7,20.8
mpp,-4.0,10,qpsk-r1/5,w,9,1,0,data,ok,8,8,0.0,20.8
mpp,-4.0,10,ack-4f,w,2,2,0,ctl,ok,0,0,0.3,20.8
mpp,-4.0,10,qpsk-r1/5,w,9,1,0,data,ok,8,8,-0.4,20.8
mpp,-4.0,10,ack-4f,w,2,2,0,ctl,ok,0,0,-2.6,20.8
mpp,-4.0,10,qpsk-r1/5,w,9,1,0,data,ok,8,8,-0.7,20.8
mpp,-4.0,10,ack-4f,w,2,2,0,ctl,ok,0,0,-3.4,20.8
mpp,-4.0,10,qpsk-r1/5,w,9,1,0,data,ok,8,8,-0.8,20.8
mpp,-4.0,10,ack-4f,w,2,2,0,ctl,ok,0,0,2.2,20.8
mpp,-4.0,10,qpsk-r1/5,w,9,1,0,data,ctl_lost,8,2,-2.8,20.8
mpp,-4.0,10,ack-4f,w,3,3,0,ctl,ok,0,0,0.4,20.8
mpp,-4.0,10,ack-4f,w,3,3,0,ctl,ok,0,0,-4.4,20.8
mpp,-4.0,10,qpsk-r1/5,w,9,2,1,data,ok,7,7,-1.1,20.8
mpp,-4.0,10,ack-4f,w,2,2,0,ctl,ok,0,0,-0.9,20.8
mpp,-4.0,10,qpsk-r1/5,w,9,1,0,data,ok,8,8,-1.3,20.8
mpp,-4.0,10,ack-4f,w,2,2,0,ctl,ok,0,0,-0.7,20.8
mpp,-4.0,10,qpsk-r1/5,w,9,1,0,data,ok,8,8,-1.6,20.8
mpp,-4.0,10,ack-4f,w,2,2,0,ctl,ok,0,0,-4.1,20.8
mpp,-4.0,10,qpsk-r1/5,w,9,1,0,data,ok,8,8,-0.8,20.8
mpp,-4.0,10,ack-4f,w,2,2,0,ctl,ok,0,0,-3.4,20.8
mpp,-4.0,10,qpsk-r1/5,w,9,1,0,data,ctl_lost,8,4,-2.9,20.8
mpp,-4.0,10,ack-4f,w,3,3,0,ctl,ok,0,0,-2.5,20.8
mpp,-4.0,10,ack-4f,w,3,3,0,ctl,ok,0,0,-0.5,20.8
mpp,-4.0,10,qpsk-r1/5,w,9,2,1,data,ok,7,7,-0.9,20.8
mpp,-4.0,10,ack-4f,w,3,3,0,ctl,ok,0,0,1.0,20.8
mpp,-4.0,10,qpsk-r1/5,w,9,2,1,data,ok,7,7,-1.5,20.8
mpp,-4.0,10,ack-4f,w,2,2,0,ctl,ok,0,0,-3.3,20.8
mpp,-4.0,10,qpsk-r1/5,w,9,1,0,data,ok,8,8,-0.9,20.8
mpp,-4.0,10,ack-4f,w,2,2,0,ctl,ok,0,0,-0.0,20.8
mpp,-4.0,10,qpsk-r1/5,w,9,1,0,data,ok,8,8,0.9,20.8
mpp,-4.0,10,ack-4f,w,2,2,0,ctl,ok,0,0,1.4,20.8
mpp,-4.0,10,qpsk-r1/5,w,9,1,,data,missed,0,0,,20.8
mpp,-4.0,10,ack-4f,w,3,3,,ctl,missed,0,0,,20.8
mpp,-4.0,10,ack-4f,w,3,3,0,ctl,ok,0,0,-4.7,20.8
mpp,-4.0,10,ack-4f,w,3,3,0,ctl,ok,0,0,-0.0,20.8
mpp,-4.0,10,qpsk-r1/5,w,9,2,1,data,ok,7,7,-1.3,20.8
mpp,-4.0,10,ack-4f,w,3,3,0,ctl,ok,0,0,1.2,20.8
mpp,-4.0,10,qpsk-r1/5,w,9,2,1,data,ok,7,7,-1.7,20.8
mpp,-4.0,10,ack-4f,w,2,2,0,ctl,ok,0,0,0.7,20.8
mpp,-4.0,10,qpsk-r1/5,w,9,1,0,data,ok,8,8,-1.3,20.8
mpp,-4.0,6,qpsk-r1/5,w,1,1,0,ctl,ok,0,0,0.8,21.7
mpp,-4.0,6,qpsk-r1/5,w,1,1,0,ctl,ok,0,0,-0.4,21.7
mpp,-4.0,6,ack-4f,w,3,3,,ctl,missed,0,0,,21.7
mpp,-4.0,6,ack-4f,w,3,3,0,ctl,ok,0,0,-0.3,21.7
mpp,-4.0,6,ack-4f,w,3,3,0,ctl,ok,0,0,0.1,21.7
mpp,-4.0,6,qpsk-r1/5,w,9,2,1,data,ok,7,7,-1.4,21.7
mpp,-4.0,6,ack-4f,w,3,3,0,ctl,ok,0,0,1.9,21.7
mpp,-4.0,6,qpsk-r1/5,w,9,2,1,data,ok,7,0,-1.3,21.7
mpp,-4.0,6,ack-4f,w,3,3,0,ctl,ok,0,0,-1.5,21.7
mpp,-4.0,6,qpsk-r1/5,w,9,2,1,data,ok,0,0,-1.7,21.7
mpp,-4.0,6,ack-4f,w,3,3,0,ctl,ok,0,0,-1.6,21.7
mpp,-4.0,6,qpsk-r1/5,w,9,2,1,data,ok,7,7,-0.9,21.7
mpp,-4.0,6,ack-4f,w,3,3,0,ctl,ok,0,0,0.0,21.7
mpp,-4.0,6,qpsk-r1/5,w,9,2,1,data,ok,7,7,-1.0,21.7
mpp,-4.0,6,ack-4f,w,2,2,0,ctl,ok,0,0,-2.3,21.7
mpp,-4.0,6,qpsk-r1/5,w,9,1,0,data,ok,8,8,-0.7,21.7
mpp,-4.0,6,ack-4f,w,2,2,0,ctl,ok,0,0,-2.8,21.7
mpp,-4.0,6,qpsk-r1/5,w,9,1,0,data,ok,8,8,-1.0,21.7
mpp,-4.0,6,ack-4f,w,2,2,0,ctl,ok,0,0,-0.1,21.7
mpp,-4.0,6,qpsk-r1/5,w,9,1,0,data,ok,8,8,-0.3,21.7
mpp,-4.0,6,ack-4f,w,2,2,0,ctl,ok,0,0,-0.7,21.7
mpp,-4.0,6,qpsk-r1/5,w,9,1,0,data,ok,8,8,-0.9,21.7
mpp,-4.0,6,ack-4f,w,2,2,0,ctl,ok,0,0,-1.8,21.7
mpp,-4.0,6,qpsk-r1/5,w,9,1,0,data,ok,8,8,-0.3,21.7
mpp,-4.0,6,ack-4f,w,2,2,0,ctl,ok,0,0,-0.2,21.7
mpp,-4.0,6,qpsk-r1/5,w,9,1,0,data,ok,8,8,-1.0,21.7
mpp,-4.0,6,ack-4f,w,2,2,0,ctl,ok,0,0,-0.0,21.7
mpp,-4.0,6,qpsk-r1/5,w,9,1,0,data,ok,8,8,-0.5,21.7
mpp,-4.0,6,ack-4f,w,2,2,0,ctl,ok,0,0,-0.2,21.7
mpp,-4.0,6,qpsk-r1/5,w,9,1,0,data,ok,8,8,1.6,21.7
mpp,-4.0,6,ack-4f,w,2,2,0,ctl,ok,0,0,2.6,21.7
mpp,-4.0,6,qpsk-r1/5,w,9,1,0,data,ok,8,8,0.3,21.7
mpp,-4.0,6,ack-4f,w,2,2,0,ctl,ok,0,0,-3.7,21.7
mpp,-4.0,6,qpsk-r1/5,w,9,1,0,data,ok,8,8,-1.9,21.7
mpp,-4.0,6,ack-4f,w,2,2,0,ctl,ok,0,0,-10.2,21.7
mpp,-4.0,6,qpsk-r1/5,w,9,1,0,data,ok,8,8,-0.4,21.7
mpp,-4.0,6,ack-4f,w,2,2,0,ctl,ok,0,0,-2.2,21.7
mpp,-4.0,6,qpsk-r1/5,w,9,1,0,data,ok,8,8,-1.3,21.7
mpp,-4.0,6,ack-4f,w,2,2,0,ctl,ok,0,0,-1.9,21.7
mpp,-4.0,6,qpsk-r1/5,w,9,1,0,data,ok,8,8,-0.7,21.7
mpp,-4.0,6,ack-4f,w,2,2,0,ctl,ok,0,0,-2.3,21.7
mpp,-4.0,6,qpsk-r1/5,w,9,1,,data,missed,0,0,,21.7
mpp,-4.0,6,ack-4f,w,3,3,0,ctl,ok,0,0,-1.2,21.7
mpp,-4.0,6,ack-4f,w,2,2,0,ctl,ok,0,0,1.4,21.7
mpp,-4.0,6,qpsk-r1/5,w,9,1,0,data,ok,8,3,-3.1,21.7
mpp,-4.0,6,ack-4f,w,3,3,0,ctl,ok,0,0,-4.5,21.7
mpp,-4.0,6,qpsk-r1/5,w,9,2,1,data,ok,2,2,-1.5,21.7
mpp,-4.0,6,ack-4f,w,2,2,0,ctl,ok,0,0,0.2,21.7
mpp,-4.0,6,qpsk-r1/5,w,9,1,0,data,ok,8,8,1.2,21.7
mpp,-4.0,6,ack-4f,w,2,2,0,ctl,ok,0,0,0.5,21.7
mpp,-4.0,6,qpsk-r1/5,w,9,1,0,data,ok,8,8,-1.5,21.7
mpp,-4.0,6,ack-4f,w,2,2,0,ctl,ok,0,0,1.7,21.7
mpp,-4.0,6,qpsk-r1/5,w,9,1,0,data,ok,8,8,-1.6,21.7
mpp,-4.0,6,ack-4f,w,2,2,0,ctl,ok,0,0,0.4,21.7
mpp,-4.0,6,qpsk-r1/5,w,9,1,0,data,ctl_lost,8,1,-2.2,21.7
mpp,-4.0,6,ack-4f,w,3,3,0,ctl,ok,0,0,0.8,21.7
mpp,-4.0,6,ack-4f,w,2,2,0,ctl,ok,0,0,0.2,21.7
mpp,-4.0,6,qpsk-r1/5,w,9,1,0,data,ok,8,8,-0.1,21.7
mpp,-4.0,6,ack-4f,w,2,2,0,ctl,ok,0,0,1.6,21.7
mpp,-4.0,6,qpsk-r1/5,w,9,1,0,data,ok,8,8,-2.2,21.7
mpp,-4.0,6,ack-4f,w,2,2,0,ctl,ok,0,0,-0.4,21.7
mpp,-4.0,6,qpsk-r1/5,w,9,1,0,data,ok,8,8,-0.3,21.7
mpp,-4.0,6,ack-4f,w,2,2,0,ctl,ok,0,0,-3.8,21.7
mpp,-4.0,6,qpsk-r1/5,w,9,1,0,data,ok,8,8,-1.6,21.7
mpp,-4.0,6,ack-4f,w,2,2,0,ctl,ok,0,0,-3.5,21.7
mpp,-4.0,6,qpsk-r1/5,w,9,1,0,data,ok,8,8,-0.5,21.7
mpp,-4.0,6,ack-4f,w,2,2,0,ctl,ok,0,0,1.0,21.7
mpp,-4.0,6,qpsk-r1/5,w,9,1,0,data,ok,8,8,-0.4,21.7
mpp,-4.0,6,ack-4f,w,2,2,0,ctl,ok,0,0,-0.8,21.7
mpp,-4.0,6,qpsk-r1/5,w,9,1,0,data,ok,8,8,-0.7,21.7
mpp,-4.0,6,ack-4f,w,2,2,0,ctl,ok,0,0,-2.1,21.7
mpp,-4.0,6,qpsk-r1/5,w,9,1,0,data,ok,8,8,-0.7,21.7
mpp,-4.0,6,ack-4f,w,2,2,,ctl,missed,0,0,,21.7
mpp,-4.0,6,ack-4f,w,3,3,0,ctl,ok,0,0,-2.3,21.7
mpp,-4.0,6,ack-4f,w,2,2,0,ctl,ok,0,0,-0.5,21.7
mpp,-4.0,6,qpsk-r1/5,w,9,1,0,data,ok,8,8,-1.7,21.7
mpp,-4.0,6,ack-4f,w,2,2,0,ctl,ok,0,0,-0.8,21.7
mpp,-4.0,6,qpsk-r1/5,w,9,1,0,data,ok,8,8,0.5,21.7
mpp,-4.0,6,ack-4f,w,2,2,0,ctl,ok,0,0,1.2,21.7
mpp,-4.0,6,qpsk-r1/5,w,9,1,0,data,ok,8,8,-0.9,21.7
mpp,-4.0,6,ack-4f,w,2,2,0,ctl,ok,0,0,-0.6,21.7
mpp,-4.0,6,qpsk-r1/5,w,9,1,,data,missed,0,0,,21.7
mpp,-4.0,6,ack-4f,w,3,3,0,ctl,ok,0,0,-3.6,21.7
mpp,-4.0,6,ack-4f,w,3,3,0,ctl,ok,0,0,-0.7,21.7
mpp,-4.0,6,qpsk-r1/5,w,9,2,1,data,ok,7,7,-1.5,21.7
mpp,-4.0,6,ack-4f,w,3,3,0,ctl,ok,0,0,-0.9,21.7
mpp,-4.0,6,qpsk-r1/5,w,9,2,1,data,ok,7,7,-0.5,21.7
mpp,-4.0,6,ack-4f,w,2,2,0,ctl,ok,0,0,0.2,21.7
mpp,-4.0,6,qpsk-r1/5,w,9,1,0,data,ok,8,8,-1.6,21.7
mpp,-4.0,6,ack-4f,w,2,2,0,ctl,ok,0,0,-0.8,21.7
mpp,-4.0,6,qpsk-r1/5,w,9,1,0,data,ok,8,8,-2.7,21.7
mpp,-4.0,6,ack-4f,w,2,2,0,ctl,ok,0,0,0.3,21.7
mpp,-4.0,6,qpsk-r1/5,w,9,1,0,data,ok,8,8,-1.2,21.7
mpp,0.0,0,qpsk-r1/5,w,1,1,0,ctl,ok,0,0,2.2,42.1
mpp,0.0,0,qpsk-r1/5,w,1,1,0,ctl,ok,0,0,2.1,42.1
mpp,0.0,0,ack-4f,w,3,3,0,ctl,ok,0,0,1.6,42.1
mpp,0.0,0,ack-1f,w,3,3,0,ctl,ok,0,0,6.2,42.1
mpp,0.0,0,qpsk-r1/3,w,9,2,1,data,ok,7,7,4.3,42.1
mpp,0.0,0,ack-1f,w,3,3,0,ctl,ok,0,0,3.3,42.1
mpp,0.0,0,qpsk-r1/3,w,9,2,1,data,ok,7,7,3.7,42.1
mpp,0.0,0,ack-1f,w,3,3,0,ctl,ok,0,0,1.6,42.1
mpp,0.0,0,qpsk-r1/2,w,9,2,1,data,ok,7,7,3.2,42.1
mpp,0.0,0,ack-1f,w,3,3,0,ctl,ok,0,0,4.5,42.1
mpp,0.0,0,qpsk-r1/2,w,9,2,1,data,ok,7,7,3.8,42.1
mpp,0.0,0,ack-1f,w,3,3,0,ctl,ok,0,0,5.6,42.1
mpp,0.0,0,qpsk-r1/2,w,9,2,1,data,ok,7,7,3.9,42.1
mpp,0.0,0,ack-1f,w,3,3,0,ctl,ok,0,0,1.6,42.1
mpp,0.0,0,qpsk-r1/2,w,9,2,1,data,ok,7,0,1.3,42.1
mpp,0.0,0,ack-1f,w,3,3,0,ctl,ok,0,0,4.2,42.1
mpp,0.0,0,qpsk-r1/2,w,9,2,1,data,ok,0,0,3.9,42.1
mpp,0.0,0,ack-1f,w,3,3,0,ctl,ok,0,0,4.4,42.1
mpp,0.0,0,qpsk-r1/2,w,9,2,1,data,ok,7,7,4.0,42.1
mpp,0.0,0,ack-1f,w,2,2,0,ctl,ok,0,0,1.5,42.1
mpp,0.0,0,qpsk-r1/2,w,9,1,0,data,ok,8,8,4.1,42.1
mpp,0.0,0,ack-1f,w,2,2,0,ctl,ctl_lost,0,0,1.6,42.1
mpp,0.0,0,ack-4f,w,3,3,0,ctl,ok,0,0,2.0,42.1
mpp,0.0,0,ack-4f,w,2,2,0,ctl,ok,0,0,3.4,42.1
mpp,0.0,0,qpsk-r1/2,w,9,1,0,data,ok,8,8,4.1,42.1
mpp,0.0,0,ack-4f,w,2,2,0,ctl,ok,0,0,4.8,42.1
mpp,0.0,0,qpsk-r1/2,w,9,1,0,data,ctl_lost,8,0,1.4,42.1
mpp,0.0,0,ack-4f,w,3,3,0,ctl,ok,0,0,1.4,42.1
mpp,0.0,0,ack-4f,w,3,3,0,ctl,ok,0,0,3.7,42.1
mpp,0.0,0,qpsk-r1/3,w,9,2,1,data,ok,7,7,3.4,42.1
mpp,0.0,0,ack-4f,w,3,3,0,ctl,ok,0,0,-2.4,42.1
mpp,0.0,0,qpsk-r1/2,w,9,2,1,data,ok,7,0,1.7,42.1
mpp,0.0,0,ack-4f,w,3,3,0,ctl,ok,0,0,-0.3,42.1
mpp,0.0,0,qpsk-r1/2,w,9,2,1,data,ok,0,0,4.3,42.1
mpp,0.0,0,ack-4f,w,3,3,0,ctl,ok,0,0,3.1,42.1
mpp,0.0,0,qpsk-r1/2,w,9,2,1,data,ok,7,7,3.5,42.1
mpp,0.0,0,ack-4f,w,2,2,0,ctl,ok,0,0,3.6,42.1
mpp,0.0,0,qpsk-r1/2,w,9,1,0,data,ok,8,8,4.1,42.1
mpp,0.0,0,ack-4f,w,2,2,0,ctl,ok,0,0,5.6,42.1
mpp,0.0,0,qpsk-r1/2,w,9,1,0,data,ctl_lost,8,0,0.6,42.1
mpp,0.0,0,ack-4f,w,3,3,0,ctl,ok,0,0,1.7,42.1
mpp,0.0,0,ack-4f,w,3,3,0,ctl,ok,0,0,1.9,42.1
mpp,0.0,0,qpsk-r1/3,w,9,2,1,data,ok,7,7,4.4,42.1
mpp,0.0,0,ack-4f,w,3,3,0,ctl,ok,0,0,2.7,42.1
mpp,0.0,0,qpsk-r1/2,w,9,2,1,data,ok,7,7,4.3,42.1
mpp,0.0,0,ack-4f,w,3,3,0,ctl,ok,0,0,4.6,42.1
mpp,0.0,0,qpsk-r1/2,w,9,2,1,data,ok,7,0,1.0,42.1
mpp,0.0,0,ack-4f,w,3,3,0,ctl,ok,0,0,5.6,42.1
mpp,0.0,0,qpsk-r1/2,w,9,2,,data,missed,0,0,,42.1
mpp,0.0,0,ack-4f,w,3,3,0,ctl,ok,0,0,4.0,42.1
mpp,0.0,0,ack-4f,w,3,3,0,ctl,ok,0,0,3.8,42.1
mpp,0.0,0,qpsk-r1/3,w,9,2,1,data,ok,7,7,3.4,42.1
mpp,0.0,0,ack-1f,w,3,3,0,ctl,ok,0,0,5.9,42.1
mpp,0.0,0,qpsk-r1/2,w,9,2,1,data,ok,7,7,4.3,42.1
mpp,0.0,0,ack-1f,w,3,3,0,ctl,ok,0,0,3.6,42.1
mpp,0.0,0,qpsk-r1/2,w,9,2,1,data,ok,7,7,3.5,42.1
mpp,0.0,0,ack-1f,w,3,3,0,ctl,ok,0,0,2.0,42.1
mpp,0.0,0,qpsk-r1/2,w,9,2,1,data,ok,7,7,2.5,42.1
mpp,0.0,0,ack-1f,w,3,3,0,ctl,ok,0,0,1.5,42.1
mpp,0.0,0,qpsk-r1/2,w,9,2,1,data,ok,7,0,1.9,42.1
mpp,0.0,0,ack-4f,w,3,3,0,ctl,ok,0,0,4.3,42.1
mpp,0.0,0,qpsk-r1/3,w,9,2,1,data,ok,7,7,2.0,42.1
mpp,0.0,0,ack-4f,w,3,3,0,ctl,ok,0,0,1.3,42.1
mpp,0.0,0,qpsk-r1/3,w,9,2,1,data,ok,7,7,1.5,42.1
mpp,0.0,0,ack-4f,w,3,3,0,ctl,ok,0,0,6.0,42.1
mpp,0.0,0,qpsk-r1/3,w,9,2,1,data,ok,7,7,3.1,42.1
mpp,0.0,0,ack-1f,w,2,2,0,ctl,ok,0,0,2.1,42.1
mpp,0.0,0,qpsk-r1/3,w,9,1,0,data,ok,8,8,3.2,42.1
mpp,0.0,0,ack-1f,w,3,3,0,ctl,ctl_lost,0,0,-1.8,42.1
mpp,0.0,0,ack-4f,w,3,3,0,ctl,ok,0,0,5.2,42.1
mpp,0.0,0,ack-4f,w,2,2,0,ctl,ok,0,0,6.4,42.1
mpp,0.0,0,qpsk-r1/2,w,9,1,0,data,ok,8,8,3.0,42.1
mpp,0.0,0,ack-1f,w,2,2,0,ctl,ctl_lost,0,0,-1.7,42.1
mpp,0.0,0,ack-4f,w,3,3,0,ctl,ok,0,0,3.5,42.1
mpp,0.0,0,ack-4f,w,3,3,0,ctl,ok,0,0,3.2,42.1
mpp,0.0,0,qpsk-r1/2,w,9,2,1,data,ok,7,7,3.0,42.1
mpp,0.0,0,ack-4f,w,3,3,0,ctl,ok,0,0,6.6,42.1
mpp,0.0,0,qpsk-r1/2,w,9,2,1,data,ok,7,7,3.9,42.1
mpp,0.0,0,n4-ack-2f,n4,2,2,0,ctl,ok,0,0,2.1,42.1
mpp,0.0,0,qpsk-r1/2,w,9,1,0,data,ok,8,8,4.4,42.1
mpp,0.0,0,ack-1f,w,2,2,0,ctl,ok,0,0,4.6,42.1
mpp,0.0,0,qpsk-r1/2,w,9,1,0,data,ok,8,8,3.4,42.1
mpp,0.0,0,ack-4f,w,2,2,0,ctl,ok,0,0,2.8,42.1
mpp,0.0,0,qpsk-r1/2,w,9,1,0,data,ok,8,8,3.4,42.1
mpp,0.0,0,ack-4f,w,2,2,0,ctl,ok,0,0,6.8,42.1
mpp,0.0,0,qpsk-r1/2,w,9,1,0,data,ok,8,8,4.0,42.1
mpp,0.0,0,ack-1f,w,2,2,0,ctl,ok,0,0,5.5,42.1
mpp,0.0,0,qpsk-r1/2,w,9,1,0,data,ctl_lost,8,7,3.3,42.1
mpp,0.0,0,ack-4f,w,3,3,0,ctl,ok,0,0,3.8,42.1
mpp,0.0,0,ack-4f,w,3,3,0,ctl,ok,0,0,4.2,42.1
mpp,0.0,0,qpsk-r1/2,w,9,2,1,data,ok,7,7,4.0,42.1
mpp,0.0,0,ack-1f,w,2,2,0,ctl,ok,0,0,3.2,42.1
mpp,0.0,0,qpsk-r1/2,w,9,1,0,data,ok,8,8,4.4,42.1
mpp,0.0,0,ack-4f,w,2,2,0,ctl,ok,0,0,0.5,42.1
mpp,0.0,0,qpsk-r1/2,w,9,1,0,data,ok,8,8,4.1,42.1
mpp,0.0,0,ack-4f,w,2,2,0,ctl,ok,0,0,3.2,42.1
mpp,0.0,0,qpsk-r1/2,w,9,1,0,data,ok,8,8,4.1,42.1
mpp,0.0,2,qpsk-r1/5,w,1,1,0,ctl,ok,0,0,1.7,45.9
mpp,0.0,2,qpsk-r1/5,w,1,1,0,ctl,ok,0,0,4.3,45.9
mpp,0.0,2,ack-4f,w,3,3,0,ctl,ok,0,0,1.6,45.9
mpp,0.0,2,ack-1f,w,3,3,0,ctl,ok,0,0,-3.1,45.9
mpp,0.0,2,qpsk-r1/3,w,9,2,1,data,ok,7,7,3.2,45.9
mpp,0.0,2,ack-1f,w,3,3,0,ctl,ok,0,0,-3.6,45.9
mpp,0.0,2,qpsk-r1/3,w,9,2,1,data,ok,7,7,3.6,45.9
mpp,0.0,2,n10-ack-4f,n10,2,2,0,ctl,ok,0,0,2.1,45.9
mpp,0.0,2,qpsk-r1/3,w,9,1,0,data,ctl_lost,8,4,0.4,45.9
mpp,0.0,2,ack-4f,w,3,3,0,ctl,ok,0,0,4.0,45.9
mpp,0.0,2,ack-4f,w,2,2,0,ctl,ok,0,0,5.8,45.9
mpp,0.0,2,qpsk-r1/5,w,9,1,0,data,ok,8,8,-0.4,45.9
mpp,0.0,2,ack-1f,w,2,2,0,ctl,ok,0,0,5.0,45.9
mpp,0.0,2,qpsk-r1/5,w,9,1,0,data,ok,8,8,3.3,45.9
mpp,0.0,2,ack-1f,w,2,2,0,ctl,ok,0,0,5.8,45.9
mpp,0.0,2,qpsk-r1/5,w,9,1,0,data,ok,8,8,4.5,45.9
mpp,0.0,2,ack-1f,w,3,3,0,ctl,ok,0,0,2.8,45.9
mpp,0.0,2,qpsk-r1/2,w,9,2,1,data,ok,7,7,3.3,45.9
mpp,0.0,2,ack-1f,w,3,3,0,ctl,ok,0,0,8.8,45.9
mpp,0.0,2,qpsk-r1/2,w,9,2,1,data,ok,7,4,3.3,45.9
mpp,0.0,2,ack-1f,w,3,3,0,ctl,ctl_lost,0,0,-4.0,45.9
mpp,0.0,2,ack-4f,w,3,3,0,ctl,ok,0,0,2.1,45.9
mpp,0.0,2,ack-4f,w,3,3,0,ctl,ok,0,0,1.4,45.9
mpp,0.0,2,qpsk-r1/2,w,9,2,1,data,ok,7,7,2.9,45.9
mpp,0.0,2,n10-ack-4f,n10,3,3,0,ctl,ok,0,0,2.8,45.9
mpp,0.0,2,qpsk-r1/2,w,9,2,1,data,ok,7,7,3.9,45.9
mpp,0.0,2,ack-4f,w,3,3,0,ctl,ok,0,0,0.5,45.9
mpp,0.0,2,qpsk-r1/2,w,9,2,1,data,ok,7,0,-0.5,45.9
mpp,0.0,2,ack-4f,w,3,3,0,ctl,ok,0,0,3.3,45.9
mpp,0.0,2,qpsk-r1/2,w,9,2,1,data,ok,0,0,4.9,45.9
mpp,0.0,2,ack-4f,w,3,3,0,ctl,ok,0,0,2.9,45.9
mpp,0.0,2,qpsk-r1/2,w,9,2,1,data,ok,7,7,3.9,45.9
mpp,0.0,2,ack-4f,w,2,2,0,ctl,ok,0,0,4.0,45.9
mpp,0.0,2,qpsk-r1/2,w,9,1,0,data,ctl_lost,8,0,0.3,45.9
mpp,0.0,2,ack-4f,w,3,3,0,ctl,ok,0,0,3.3,45.9
mpp,0.0,2,ack-4f,w,3,3,0,ctl,ok,0,0,5.9,45.9
mpp,0.0,2,qpsk-r1/2,w,9,2,1,data,ok,7,7,3.3,45.9
mpp,0.0,2,ack-1f,w,3,3,0,ctl,ok,0,0,5.2,45.9
mpp,0.0,2,qpsk-r1/2,w,9,2,1,data,ok,7,7,2.9,45.9
mpp,0.0,2,ack-1f,w,3,3,0,ctl,ok,0,0,3.5,45.9
mpp,0.0,2,qpsk-r1/2,w,9,2,1,data,ok,7,7,3.1,45.9
mpp,0.0,2,ack-1f,w,3,3,0,ctl,ok,0,0,4.9,45.9
mpp,0.0,2,qpsk-r1/2,w,9,2,1,data,ok,7,7,4.0,45.9
mpp,0.0,2,ack-1f,w,2,2,0,ctl,ok,0,0,5.8,45.9
mpp,0.0,2,qpsk-r1/2,w,9,1,0,data,ok,8,8,3.9,45.9
mpp,0.0,2,ack-1f,w,2,2,0,ctl,ok,0,0,6.1,45.9
mpp,0.0,2,qpsk-r1/2,w,9,1,0,data,ok,8,8,3.1,45.9
mpp,0.0,2,ack-1f,w,2,2,0,ctl,ok,0,0,3.7,45.9
mpp,0.0,2,qpsk-r1/2,w,9,1,,data,missed,0,0,,45.9
mpp,0.0,2,ack-4f,w,3,3,0,ctl,ok,0,0,5.7,45.9
mpp,0.0,2,ack-4f,w,2,2,0,ctl,ok,0,0,-1.6,45.9
mpp,0.0,2,qpsk-r1/2,w,9,1,0,data,ok,8,8,3.8,45.9
mpp,0.0,2,ack-4f,w,2,2,0,ctl,ok,0,0,1.6,45.9
mpp,0.0,2,qpsk-r1/2,w,9,1,0,data,ok,8,8,4.1,45.9
mpp,0.0,2,ack-4f,w,2,2,0,ctl,ok,0,0,3.5,45.9
mpp,0.0,2,qpsk-r1/2,w,9,1,0,data,ok,8,7,3.0,45.9
mpp,0.0,2,ack-4f,w,3,3,0,ctl,ok,0,0,2.7,45.9
mpp,0.0,2,qpsk-r1/2,w,9,1,0,data,ok,7,7,3.6,45.9
mpp,0.0,2,ack-1f,w,2,2,0,ctl,ok,0,0,4.1,45.9
mpp,0.0,2,qpsk-r1/2,w,9,1,0,data,ok,8,8,4.3,45.9
mpp,0.0,2,ack-1f,w,2,2,0,ctl,ok,0,0,2.1,45.9
mpp,0.0,2,qpsk-r1/2,w,9,1,0,data,ok,8,8,4.3,45.9
mpp,0.0,2,ack-1f,w,2,2,0,ctl,ok,0,0,5.3,45.9
mpp,0.0,2,qpsk-r1/2,w,9,1,0,data,ok,8,8,4.2,45.9
mpp,0.0,2,ack-1f,w,2,2,0,ctl,ok,0,0,4.4,45.9
mpp,0.0,2,qpsk-r1/2,w,9,1,0,data,ok,8,8,3.2,45.9
mpp,0.0,2,ack-1f,w,2,2,0,ctl,ok,0,0,6.4,45.9
mpp,0.0,2,qpsk-r1/2,w,9,1,0,data,ctl_lost,8,0,2.8,45.9
mpp,0.0,2,ack-4f,w,3,3,0,ctl,ok,0,0,2.9,45.9
mpp,0.0,2,ack-4f,w,3,3,0,ctl,ok,0,0,3.3,45.9
mpp,0.0,2,qpsk-r1/2,w,9,2,1,data,ok,7,7,4.3,45.9
mpp,0.0,2,ack-1f,w,2,2,0,ctl,ok,0,0,1.2,45.9
mpp,0.0,2,qpsk-r1/2,w,9,1,0,data,ok,8,8,3.8,45.9
mpp,0.0,2,ack-4f,w,2,2,0,ctl,ok,0,0,1.9,45.9
mpp,0.0,2,qpsk-r1/2,w,9,1,0,data,ok,8,6,2.5,45.9
mpp,0.0,2,ack-4f,w,3,3,0,ctl,ok,0,0,1.8,45.9
mpp,0.0,2,qpsk-r1/2,w,9,2,1,data,ok,5,5,4.1,45.9
mpp,0.0,2,ack-4f,w,3,3,0,ctl,ok,0,0,6.3,45.9
mpp,0.0,2,qpsk-r1/2,w,9,2,1,data,ok,7,7,3.8,45.9
mpp,0.0,2,ack-1f,w,2,2,0,ctl,ok,0,0,2.5,45.9
mpp,0.0,2,qpsk-r1/2,w,9,1,0,data,ok,8,8,3.6,45.9
mpp,0.0,2,ack-1f,w,2,2,0,ctl,ok,0,0,1.5,45.9
mpp,0.0,2,qpsk-r1/2,w,9,1,0,data,ok,8,8,4.8,45.9
mpp,0.0,2,ack-1f,w,2,2,0,ctl,ok,0,0,2.4,45.9
mpp,0.0,2,qpsk-r1/2,w,9,1,0,data,ctl_lost,8,0,-0.3,45.9
mpp,0.0,2,ack-4f,w,3,3,0,ctl,ok,0,0,1.1,45.9
mpp,0.0,2,ack-4f,w,3,3,0,ctl,ok,0,0,1.9,45.9
mpp,0.0,2,qpsk-r1/5,w,9,2,1,data,ok,7,7,3.1,45.9
mpp,0.0,2,ack-1f,w,3,3,0,ctl,ok,0,0,9.3,45.9
mpp,0.0,2,qpsk-r1/2,w,9,2,1,data,ok,7,7,4.0,45.9
mpp,0.0,2,ack-1f,w,3,3,0,ctl,ok,0,0,5.3,45.9
mpp,0.0,2,qpsk-r1/2,w,9,2,1,data,ok,7,7,3.6,45.9
mpp,0.0,2,ack-1f,w,2,2,0,ctl,ok,0,0,5.9,45.9
mpp,0.0,2,qpsk-r1/2,w,9,1,0,data,ok,8,8,2.9,45.9
mpp,0.0,2,ack-1f,w,3,3,0,ctl,ok,0,0,1.6,45.9
mpp,0.0,2,qpsk-r1/2,w,9,2,1,data,ok,7,7,3.6,45.9
mpp,0.0,3,qpsk-r1/5,w,1,1,0,ctl,ok,0,0,2.2,47.6
mpp,0.0,3,qpsk-r1/5,w,1,1,0,ctl,ok,0,0,2.1,47.6
mpp,0.0,3,ack-4f,w,3,3,0,ctl,ok,0,0,4.2,47.6
mpp,0.0,3,ack-1f,w,3,3,0,ctl,ok,0,0,5.4,47.6
mpp,0.0,3,qpsk-r1/3,w,9,2,1,data,ok,7,7,2.3,47.6
mpp,0.0,3,ack-1f,w,3,3,0,ctl,ok,0,0,4.9,47.6
mpp,0.0,3,qpsk-r1/3,w,9,2,1,data,ok,7,7,2.5,47.6
mpp,0.0,3,ack-1f,w,3,3,0,ctl,ok,0,0,5.9,47.6
mpp,0.0,3,qpsk-r1/3,w,9,2,1,data,ok,7,7,0.8,47.6
mpp,0.0,3,ack-1f,w,3,3,0,ctl,ok,0,0,0.6,47.6
mpp,0.0,3,qpsk-r1/3,w,9,2,1,data,ok,7,7,3.8,47.6
mpp,0.0,3,ack-1f,w,3,3,0,ctl,ok,0,0,6.0,47.6
mpp,0.0,3,qpsk-r1/3,w,9,2,1,data,ok,7,7,4.2,47.6
mpp,0.0,3,ack-1f,w,3,3,0,ctl,ok,0,0,8.6,47.6
mpp,0.0,3,qpsk-r1/2,w,9,2,1,data,ok,7,7,5.0,47.6
mpp,0.0,3,ack-1f,w,3,3,0,ctl,ok,0,0,5.3,47.6
mpp,0.0,3,qpsk-r1/2,w,9,2,1,data,ok,7,7,3.9,47.6
mpp,0.0,3,ack-1f,w,3,3,0,ctl,ok,0,0,0.5,47.6
mpp,0.0,3,qpsk-r1/2,w,9,2,1,data,ok,7,5,3.1,47.6
mpp,0.0,3,ack-1f,w,3,3,0,ctl,ok,0,0,6.9,47.6
mpp,0.0,3,qpsk-r1/2,w,9,2,1,data,ok,5,5,3.3,47.6
mpp,0.0,3,ack-1f,w,3,3,0,ctl,ok,0,0,5.2,47.6
mpp,0.0,3,qpsk-r1/2,w,9,2,1,data,ok,7,7,3.3,47.6
mpp,0.0,3,ack-1f,w,3,3,0,ctl,ok,0,0,5.7,47.6
mpp,0.0,3,qpsk-r1/2,w,9,2,1,data,ok,7,7,3.4,47.6
mpp,0.0,3,ack-1f,w,3,3,0,ctl,ok,0,0,3.6,47.6
mpp,0.0,3,qpsk-r1/2,w,9,2,1,data,ok,7,7,3.8,47.6
mpp,0.0,3,ack-1f,w,3,3,0,ctl,ok,0,0,5.9,47.6
mpp,0.0,3,qpsk-r1/2,w,9,2,1,data,ok,7,7,3.9,47.6
mpp,0.0,3,ack-1f,w,2,2,0,ctl,ok,0,0,2.5,47.6
mpp,0.0,3,qpsk-r1/2,w,9,1,0,data,ok,8,8,3.2,47.6
mpp,0.0,3,ack-1f,w,2,2,0,ctl,ok,0,0,4.3,47.6
mpp,0.0,3,qpsk-r1/2,w,9,1,0,data,ok,8,8,4.3,47.6
mpp,0.0,3,ack-1f,w,2,2,0,ctl,ok,0,0,8.9,47.6
mpp,0.0,3,qpsk-r1/2,w,9,1,0,data,ctl_lost,8,0,2.5,47.6
mpp,0.0,3,ack-4f,w,3,3,0,ctl,ok,0,0,3.1,47.6
mpp,0.0,3,ack-4f,w,3,3,0,ctl,ok,0,0,4.5,47.6
mpp,0.0,3,qpsk-r1/3,w,9,2,1,data,ok,7,7,3.6,47.6
mpp,0.0,3,ack-1f,w,3,3,0,ctl,ok,0,0,0.9,47.6
mpp,0.0,3,qpsk-r1/2,w,9,2,1,data,ok,7,0,1.9,47.6
mpp,0.0,3,ack-1f,w,3,3,0,ctl,ok,0,0,2.8,47.6
mpp,0.0,3,qpsk-r1/2,w,9,2,1,data,ok,0,0,2.1,47.6
mpp,0.0,3,ack-1f,w,3,3,0,ctl,ok,0,0,5.6,47.6
mpp,0.0,3,qpsk-r1/3,w,9,2,1,data,ok,7,7,3.3,47.6
mpp,0.0,3,ack-1f,w,3,3,0,ctl,ok,0,0,3.8,47.6
mpp,0.0,3,qpsk-r1/2,w,9,2,1,data,ok,7,7,3.0,47.6
mpp,0.0,3,ack-1f,w,3,3,0,ctl,ok,0,0,6.0,47.6
mpp,0.0,3,qpsk-r1/2,w,9,2,1,data,ok,7,0,1.1,47.6
mpp,0.0,3,ack-1f,w,3,3,0,ctl,ok,0,0,1.2,47.6
mpp,0.0,3,qpsk-r1/2,w,9,2,1,data,ok,0,0,0.3,47.6
mpp,0.0,3,ack-1f,w,3,3,0,ctl,ok,0,0,-0.8,47.6
mpp,0.0,3,qpsk-r1/3,w,9,2,1,data,ok,7,7,4.3,47.6
mpp,0.0,3,ack-1f,w,3,3,0,ctl,ok,0,0,4.8,47.6
mpp,0.0,3,qpsk-r1/2,w,9,2,1,data,ok,7,2,2.7,47.6
mpp,0.0,3,ack-1f,w,3,3,0,ctl,ok,0,0,3.5,47.6
mpp,0.0,3,qpsk-r1/2,w,9,1,0,data,ok,4,4,3.2,47.6
mpp,0.0,3,ack-1f,w,2,2,0,ctl,ok,0,0,3.0,47.6
mpp,0.0,3,qpsk-r1/2,w,9,1,0,data,ok,8,8,3.8,47.6
mpp,0.0,3,ack-1f,w,2,2,0,ctl,ok,0,0,3.1,47.6
mpp,0.0,3,qpsk-r1/2,w,9,1,0,data,ok,8,8,3.2,47.6
mpp,0.0,3,ack-1f,w,2,2,0,ctl,ok,0,0,-0.4,47.6
mpp,0.0,3,qpsk-r1/2,w,9,1,0,data,ok,8,8,3.8,47.6
mpp,0.0,3,ack-1f,w,2,2,0,ctl,ok,0,0,1.3,47.6
mpp,0.0,3,qpsk-r1/2,w,9,1,0,data,ctl_lost,8,2,1.7,47.6
mpp,0.0,3,ack-4f,w,3,3,0,ctl,ok,0,0,4.2,47.6
mpp,0.0,3,ack-4f,w,3,3,0,ctl,ok,0,0,4.3,47.6
mpp,0.0,3,qpsk-r1/2,w,9,2,1,data,ok,7,7,3.9,47.6
mpp,0.0,3,ack-1f,w,2,2,0,ctl,ok,0,0,4.2,47.6
mpp,0.0,3,qpsk-r1/2,w,9,1,0,data,ok,8,8,5.0,47.6
mpp,0.0,3,ack-1f,w,2,2,0,ctl,ok,0,0,5.1,47.6
mpp,0.0,3,qpsk-r1/2,w,9,1,0,data,ctl_lost,8,0,1.7,47.6
mpp,0.0,3,ack-4f,w,3,3,0,ctl,ok,0,0,4.5,47.6
mpp,0.0,3,ack-4f,w,2,2,0,ctl,ok,0,0,5.3,47.6
mpp,0.0,3,qpsk-r1/3,w,9,1,0,data,ok,8,8,2.3,47.6
mpp,0.0,3,ack-1f,w,3,3,0,ctl,ok,0,0,-1.9,47.6
mpp,0.0,3,qpsk-r1/2,w,9,2,1,data,ok,7,7,4.1,47.6
mpp,0.0,3,ack-1f,w,3,3,0,ctl,ok,0,0,3.7,47.6
mpp,0.0,3,qpsk-r1/2,w,9,2,1,data,ok,7,7,3.6,47.6
mpp,0.0,3,ack-1f,w,3,3,0,ctl,ok,0,0,3.9,47.6
mpp,0.0,3,qpsk-r1/2,w,9,2,1,data,ok,7,7,3.3,47.6
mpp,0.0,3,ack-1f,w,3,3,0,ctl,ok,0,0,6.1,47.6
mpp,0.0,3,qpsk-r1/2,w,9,2,1,data,ok,7,7,3.1,47.6
mpp,0.0,3,ack-1f,w,3,3,0,ctl,ok,0,0,2.9,47.6
mpp,0.0,3,qpsk-r1/2,w,9,2,1,data,ok,7,7,3.5,47.6
mpp,0.0,3,ack-1f,w,3,3,0,ctl,ok,0,0,5.5,47.6
mpp,0.0,3,qpsk-r1/2,w,9,2,1,data,ok,7,7,3.4,47.6
mpp,0.0,3,ack-1f,w,2,2,0,ctl,ok,0,0,6.7,47.6
mpp,0.0,3,qpsk-r1/2,w,9,1,0,data,ok,8,8,3.5,47.6
mpp,0.0,3,ack-1f,w,2,2,0,ctl,ok,0,0,5.1,47.6
mpp,0.0,3,qpsk-r1/2,w,9,1,0,data,ok,8,8,4.2,47.6
mpp,0.0,3,ack-1f,w,2,2,0,ctl,ctl_lost,0,0,-3.9,47.6
mpp,0.0,3,ack-4f,w,3,3,0,ctl,ok,0,0,1.6,47.6
mpp,0.0,3,ack-4f,w,2,2,0,ctl,ok,0,0,4.7,47.6
mpp,0.0,3,qpsk-r1/2,w,9,1,0,data,ok,8,8,2.8,47.6
mpp,0.0,3,ack-1f,w,3,3,0,ctl,ok,0,0,3.5,47.6
mpp,0.0,3,qpsk-r1/2,w,9,2,1,data,ok,7,0,1.6,47.6
mpp,0.0,3,ack-1f,w,3,3,0,ctl,ok,0,0,5.9,47.6
mpp,0.0,3,qpsk-r1/2,w,9,2,1,data,ok,0,0,2.7,47.6
mpp,0.0,1,qpsk-r1/5,w,1,1,0,ctl,ok,0,0,1.0,40.8
mpp,0.0,1,qpsk-r1/5,w,1,1,0,ctl,ok,0,0,5.5,40.8
mpp,0.0,1,ack-4f,w,3,3,0,ctl,ok,0,0,1.8,40.8
mpp,0.0,1,ack-1f,w,3,3,0,ctl,ok,0,0,5.3,40.8
mpp,0.0,1,qpsk-r1/3,w,9,2,1,data,ok,7,7,2.6,40.8
mpp,0.0,1,ack-1f,w,3,3,0,ctl,ok,0,0,3.0,40.8
mpp,0.0,1,qpsk-r1/3,w,9,2,1,data,ok,7,7,3.5,40.8
mpp,0.0,1,ack-1f,w,3,3,0,ctl,ok,0,0,5.7,40.8
mpp,0.0,1,qpsk-r1/3,w,9,2,1,data,ok,7,7,3.0,40.8
mpp,0.0,1,ack-1f,w,2,2,0,ctl,ctl_lost,0,0,-0.1,40.8
mpp,0.0,1,ack-4f,w,3,3,0,ctl,ok,0,0,-0.4,40.8
mpp,0.0,1,ack-4f,w,3,3,0,ctl,ok,0,0,4.2,40.8
mpp,0.0,1,qpsk-r1/3,w,9,2,1,data,ok,7,7,3.2,40.8
mpp,0.0,1,ack-1f,w,3,3,0,ctl,ok,0,0,3.2,40.8
mpp,0.0,1,qpsk-r1/3,w,9,2,1,data,ok,7,7,2.3,40.8
mpp,0.0,1,ack-1f,w,3,3,0,ctl,ok,0,0,5.5,40.8
mpp,0.0,1,qpsk-r1/3,w,9,2,1,data,ok,7,7,3.4,40.8
mpp,0.0,1,ack-1f,w,2,2,0,ctl,ok,0,0,3.4,40.8
mpp,0.0,1,qpsk-r1/3,w,9,1,0,data,ok,8,8,2.4,40.8
mpp,0.0,1,ack-1f,w,3,3,0,ctl,ok,0,0,1.4,40.8
mpp,0.0,1,qpsk-r1/3,w,9,2,1,data,ok,7,7,1.4,40.8
mpp,0.0,1,ack-1f,w,3,3,0,ctl,ok,0,0,3.0,40.8
mpp,0.0,1,qpsk-r1/3,w,9,2,1,data,ok,7,7,3.6,40.8
mpp,0.0,1,ack-1f,w,2,2,0,ctl,ok,0,0,4.0,40.8
mpp,0.0,1,qpsk-r1/3,w,9,1,0,data,ok,8,8,2.9,40.8
mpp,0.0,1,ack-1f,w,2,2,0,ctl,ok,0,0,1.3,40.8
mpp,0.0,1,qpsk-r1/3,w,9,1,0,data,ctl_lost,8,0,-0.6,40.8
mpp,0.0,1,ack-4f,w,3,3,0,ctl,ok,0,0,1.4,40.8
mpp,0.0,1,ack-4f,w,3,3,0,ctl,ok,0,0,2.8,40.8
mpp,0.0,1,qpsk-r1/5,w,9,2,1,data,ok,7,7,4.3,40.8
mpp,0.0,1,ack-1f,w,2,2,0,ctl,ok,0,0,1.0,40.8
mpp,0.0,1,qpsk-r1/3,w,9,1,0,data,ok,8,8,2.1,40.8
mpp,0.0,1,ack-1f,w,3,3,0,ctl,ok,0,0,4.0,40.8
mpp,0.0,1,w48-qpsk-r1/5,w48,19,2,1,data,ok,17,17,1.9,40.8
mpp,0.0,1,ack-1f,w,3,3,0,ctl,ok,0,0,6.3,40.8
mpp,0.0,1,w48-qpsk-r1/5,w48,19,2,1,data,ok,17,17,2.0,40.8
mpp,0.0,1,ack-1f,w,3,3,0,ctl,ok,0,0,3.8,40.8
mpp,0.0,1,w48-qpsk-r1/5,w48,19,2,1,data,ok,17,17,2.8,40.8
mpp,0.0,1,ack-1f,w,2,2,0,ctl,ctl_lost,0,0,-2.4,40.8
mpp,0.0,1,ack-4f,w,3,3,0,ctl,ok,0,0,3.8,40.8
mpp,0.0,1,ack-4f,w,3,3,0,ctl,ok,0,0,4.8,40.8
mpp,0.0,1,w48-qpsk-r1/5,w48,19,2,1,data,ok,17,17,1.3,40.8
mpp,0.0,1,ack-4f,w,3,3,0,ctl,ok,0,0,1.3,40.8
mpp,0.0,1,w48-qpsk-r1/5,w48,19,2,1,data,ok,17,17,0.6,40.8
mpp,0.0,1,ack-4f,w,3,3,0,ctl,ok,0,0,2.2,40.8
mpp,0.0,1,w48-qpsk-r1/5,w48,19,2,1,data,ok,17,3,0.3,40.8
mpp,0.0,1,ack-4f,w,4,4,0,ctl,ok,0,0,3.1,40.8
mpp,0.0,1,w48-qpsk-r1/5,w48,19,2,1,data,ok,4,4,1.6,40.8
mpp,0.0,1,ack-4f,w,3,3,0,ctl,ok,0,0,2.7,40.8
mpp,0.0,1,w48-qpsk-r1/5,w48,19,2,1,data,ok,17,17,2.3,40.8
mpp,0.0,1,ack-4f,w,2,2,0,ctl,ok,0,0,-0.8,40.8
mpp,0.0,1,w48-qpsk-r1/5,w48,19,1,0,data,ok,18,18,2.7,40.8
mpp,0.0,1,ack-4f,w,2,2,0,ctl,ok,0,0,4.0,40.8
mpp,0.0,1,w48-qpsk-r1/5,w48,19,1,0,data,ok,18,18,1.9,40.8
mpp,0.0,1,ack-4f,w,2,2,0,ctl,ok,0,0,3.5,40.8
mpp,0.0,1,w48-qpsk-r1/5,w48,19,1,0,data,ok,18,18,2.2,40.8
mpp,0.0,1,ack-1f,w,2,2,0,ctl,ok,0,0,3.4,40.8
mpp,0.0,1,w48-qpsk-r1/5,w48,19,1,0,data,ok,18,18,1.2,40.8
mpp,0.0,1,ack-1f,w,2,2,0,ctl,ok,0,0,-1.7,40.8
mpp,0.0,1,w48-qpsk-r1/5,w48,19,1,0,data,ctl_lost,18,1,-0.4,40.8
mpp,0.0,1,ack-4f,w,3,3,0,ctl,ok,0,0,0.6,40.8
mpp,0.0,1,ack-4f,w,3,3,,ctl,missed,0,0,,40.8
mpp,0.0,1,ack-4f,w,3,3,0,ctl,ok,0,0,4.0,40.8
mpp,0.0,1,ack-4f,w,3,3,0,ctl,ok,0,0,4.1,40.8
mpp,0.0,1,qpsk-r1/3,w,9,2,1,data,ok,7,7,3.4,40.8
mpp,0.0,1,ack-1f,w,3,3,0,ctl,ok,0,0,4.6,40.8
mpp,0.0,1,w48-qpsk-r1/5,w48,19,2,1,data,ok,17,17,2.4,40.8
mpp,0.0,1,ack-1f,w,2,2,0,ctl,ctl_lost,0,0,-5.8,40.8
mpp,0.0,1,ack-4f,w,3,3,0,ctl,ok,0,0,1.6,40.8
mpp,0.0,1,ack-4f,w,3,3,0,ctl,ok,0,0,3.4,40.8
mpp,0.0,1,w48-qpsk-r1/5,w48,19,2,1,data,ok,17,1,0.2,40.8
mpp,0.0,1,ack-4f,w,3,3,0,ctl,ok,0,0,3.0,40.8
mpp,0.0,1,w48-qpsk-r1/5,w48,19,2,1,data,ok,1,1,1.9,40.8
mpp,0.0,1,ack-4f,w,3,3,0,ctl,ok,0,0,3.6,40.8
mpp,0.0,1,w48-qpsk-r1/5,w48,19,2,1,data,ok,17,17,2.6,40.8
mpp,0.0,1,ack-4f,w,2,2,0,ctl,ok,0,0,5.1,40.8
mpp,0.0,1,w48-qpsk-r1/5,w48,19,1,0,data,ok,18,18,1.8,40.8
mpp,0.0,1,ack-4f,w,2,2,0,ctl,ok,0,0,3.7,40.8
mpp,0.0,1,w48-qpsk-r1/5,w48,19,1,0,data,ok,18,18,1.8,40.8
mpp,0.0,1,n4-ack-2f,n4,2,2,0,ctl,ok,0,0,4.3,40.8
mpp,0.0,1,w48-qpsk-r1/5,w48,19,1,0,data,ok,18,18,0.7,40.8
mpp,0.0,1,ack-1f,w,2,2,0,ctl,ok,0,0,5.7,40.8
mpp,0.0,1,w48-qpsk-r1/5,w48,19,1,0,data,ok,18,18,3.0,40.8
mpp,0.0,1,ack-1f,w,2,2,0,ctl,ok,0,0,1.7,40.8
mpp,0.0,1,w48-qpsk-r1/5,w48,19,1,0,data,ok,18,18,2.0,40.8
mpp,0.0,1,ack-1f,w,2,2,0,ctl,ok,0,0,4.9,40.8
mpp,0.0,1,w48-qpsk-r1/5,w48,19,1,0,data,ok,18,18,1.1,40.8
mpp,0.0,1,ack-4f,w,2,2,0,ctl,ok,0,0,3.6,40.8
mpp,0.0,1,w48-qpsk-r1/5,w48,19,1,0,data,ctl_lost,18,0,0.1,40.8
mpp,0.0,1,ack-4f,w,3,3,0,ctl,ok,0,0,3.3,40.8
mpp,0.0,1,ack-4f,w,3,3,0,ctl,ok,0,0,2.7,40.8
mpp,0.0,1,qpsk-r1/3,w,9,2,1,data,ok,7,7,3.6,40.8
mpp,0.0,1,ack-4f,w,3,3,0,ctl,ok,0,0,0.2,40.8
mpp,0.0,1,w48-qpsk-r1/5,w48,19,2,1,data,ok,17,17,1.1,40.8
mpp,0.0,1,ack-4f,w,2,2,0,ctl,ok,0,0,-0.8,40.8
mpp,0.0,1,w48-qpsk-r1/5,w48,19,1,0,data,ok,18,17,0.8,40.8
mpp,0.0,6,qpsk-r1/5,w,1,1,0,ctl,ok,0,0,4.6,54.8
mpp,0.0,6,qpsk-r1/5,w,1,1,0,ctl,ok,0,0,4.8,54.8
mpp,0.0,6,ack-4f,w,3,3,0,ctl,ok,0,0,0.7,54.8
mpp,0.0,6,ack-1f,w,3,3,0,ctl,ok,0,0,4.6,54.8
mpp,0.0,6,qpsk-r1/2,w,9,2,1,data,ok,7,7,3.3,54.8
mpp,0.0,6,ack-1f,w,3,3,0,ctl,ok,0,0,1.8,54.8
mpp,0.0,6,qpsk-r1/2,w,9,2,1,data,ok,7,7,4.1,54.8
mpp,0.0,6,ack-1f,w,3,3,0,ctl,ok,0,0,1.9,54.8
mpp,0.0,6,qpsk-r1/2,w,9,2,1,data,ok,7,7,3.6,54.8
mpp,0.0,6,ack-1f,w,3,3,0,ctl,ok,0,0,3.9,54.8
mpp,0.0,6,qpsk-r1/2,w,9,2,1,data,ok,7,0,1.7,54.8
mpp,0.0,6,ack-1f,w,3,3,0,ctl,ok,0,0,0.5,54.8
mpp,0.0,6,qpsk-r1/2,w,9,2,1,data,ok,0,0,3.7,54.8
mpp,0.0,6,ack-1f,w,3,3,0,ctl,ok,0,0,3.5,54.8
mpp,0.0,6,qpsk-r1/2,w,9,2,1,data,ok,7,1,2.6,54.8
mpp,0.0,6,ack-1f,w,3,3,0,ctl,ok,0,0,3.6,54.8
mpp,0.0,6,qpsk-r1/2,w,9,2,1,data,ok,1,1,3.7,54.8
mpp,0.0,6,ack-1f,w,3,3,0,ctl,ok,0,0,5.4,54.8
mpp,0.0,6,qpsk-r1/2,w,9,2,1,data,ok,7,7,3.1,54.8
mpp,0.0,6,ack-1f,w,2,2,0,ctl,ok,0,0,4.7,54.8
mpp,0.0,6,qpsk-r1/2,w,9,1,0,data,ok,8,8,4.2,54.8
mpp,0.0,6,ack-1f,w,2,2,0,ctl,ok,0,0,0.4,54.8
mpp,0.0,6,qpsk-r1/2,w,9,1,0,data,ctl_lost,8,0,2.3,54.8
mpp,0.0,6,ack-4f,w,3,3,0,ctl,ok,0,0,-0.3,54.8
mpp,0.0,6,ack-4f,w,3,3,0,ctl,ok,0,0,3.8,54.8
mpp,0.0,6,qpsk-r1/2,w,9,2,1,data,ok,7,7,4.5,54.8
mpp,0.0,6,ack-1f,w,3,3,0,ctl,ok,0,0,5.2,54.8
mpp,0.0,6,qpsk-r1/2,w,9,2,1,data,ok,7,7,3.5,54.8
mpp,0.0,6,ack-1f,w,2,2,0,ctl,ok,0,0,3.3,54.8
mpp,0.0,6,qpsk-r1/2,w,9,1,0,data,ok,8,8,4.0,54.8
mpp,0.0,6,ack-1f,w,2,2,0,ctl,ok,0,0,5.8,54.8
mpp,0.0,6,qpsk-r1/2,w,9,1,0,data,ok,8,8,4.7,54.8
mpp,0.0,6,ack-1f,w,2,2,0,ctl,ok,0,0,5.0,54.8
mpp,0.0,6,qpsk-r1/2,w,9,1,0,data,ok,8,8,5.2,54.8
mpp,0.0,6,ack-1f,w,2,2,0,ctl,ok,0,0,1.5,54.8
mpp,0.0,6,qpsk-r1/2,w,9,1,0,data,ok,8,8,2.6,54.8
mpp,0.0,6,ack-1f,w,2,2,0,ctl,ok,0,0,1.7,54.8
mpp,0.0,6,qpsk-r1/2,w,9,1,0,data,ok,8,8,3.3,54.8
mpp,0.0,6,ack-1f,w,3,3,0,ctl,ok,0,0,5.8,54.8
mpp,0.0,6,qpsk-r1/2,w,9,2,1,data,ok,7,7,3.8,54.8
mpp,0.0,6,ack-1f,w,2,2,0,ctl,ok,0,0,3.0,54.8
mpp,0.0,6,qpsk-r1/2,w,9,1,0,data,ok,8,8,3.2,54.8
mpp,0.0,6,ack-1f,w,2,2,0,ctl,ok,0,0,2.0,54.8
mpp,0.0,6,qpsk-r1/2,w,9,1,0,data,ok,8,8,2.9,54.8
mpp,0.0,6,ack-1f,w,2,2,0,ctl,ok,0,0,3.9,54.8
mpp,0.0,6,qpsk-r1/2,w,9,1,0,data,ok,8,8,3.6,54.8
mpp,0.0,6,ack-1f,w,2,2,0,ctl,ok,0,0,4.4,54.8
mpp,0.0,6,qpsk-r1/2,w,9,1,0,data,ctl_lost,8,0,1.1,54.8
mpp,0.0,6,ack-4f,w,3,3,0,ctl,ok,0,0,2.7,54.8
mpp,0.0,6,ack-4f,w,3,3,0,ctl,ok,0,0,3.0,54.8
mpp,0.0,6,qpsk-r1/2,w,9,2,1,data,ok,7,7,3.5,54.8
mpp,0.0,6,ack-1f,w,3,3,0,ctl,ok,0,0,5.5,54.8
mpp,0.0,6,qpsk-r1/2,w,9,2,1,data,ok,7,7,3.4,54.8
mpp,0.0,6,ack-1f,w,3,3,0,ctl,ok,0,0,2.3,54.8
mpp,0.0,6,qpsk-r1/2,w,9,2,1,data,ok,7,0,2.1,54.8
mpp,0.0,6,ack-1f,w,3,3,0,ctl,ok,0,0,2.3,54.8
mpp,0.0,6,qpsk-r1/2,w,9,2,1,data,ok,0,0,3.1,54.8
mpp,0.0,6,ack-1f,w,3,3,0,ctl,ok,0,0,1.7,54.8
mpp,0.0,6,qpsk-r1/2,w,9,2,1,data,ok,7,7,3.3,54.8
mpp,0.0,6,ack-1f,w,2,2,0,ctl,ok,0,0,4.8,54.8
mpp,0.0,6,qpsk-r1/2,w,9,1,0,data,ok,8,8,3.8,54.8
mpp,0.0,6,ack-1f,w,2,2,0,ctl,ok,0,0,0.8,54.8
mpp,0.0,6,qpsk-r1/2,w,9,1,0,data,ok,8,6,2.7,54.8
mpp,0.0,6,ack-1f,w,3,3,0,ctl,ok,0,0,1.2,54.8
mpp,0.0,6,qpsk-r1/2,w,9,1,0,data,ok,6,6,3.3,54.8
mpp,0.0,6,ack-1f,w,2,2,0,ctl,ctl_lost,0,0,-8.0,54.8
mpp,0.0,6,ack-4f,w,3,3,0,ctl,ok,0,0,3.7,54.8
mpp,0.0,6,ack-4f,w,2,2,0,ctl,ok,0,0,2.6,54.8
mpp,0.0,6,qpsk-r1/2,w,9,1,0,data,ok,8,8,4.0,54.8
mpp,0.0,6,ack-4f,w,2,2,0,ctl,ok,0,0,3.3,54.8
mpp,0.0,6,qpsk-r1/2,w,9,1,0,data,ok,8,8,4.2,54.8
mpp,0.0,6,ack-1f,w,2,2,0,ctl,ok,0,0,6.6,54.8
mpp,0.0,6,qpsk-r1/2,w,9,1,0,data,ok,8,7,3.3,54.8
mpp,0.0,6,ack-1f,w,3,3,0,ctl,ok,0,0,1.1,54.8
mpp,0.0,6,qpsk-r1/2,w,9,1,0,data,ok,7,7,3.9,54.8
mpp,0.0,6,ack-1f,w,2,2,0,ctl,ok,0,0,4.4,54.8
mpp,0.0,6,qpsk-r1/2,w,9,1,0,data,ok,8,8,3.6,54.8
mpp,0.0,6,ack-1f,w,2,2,0,ctl,ctl_lost,0,0,0.4,54.8
mpp,0.0,6,ack-4f,w,3,3,0,ctl,ok,0,0,1.2,54.8
mpp,0.0,6,ack-4f,w,2,2,0,ctl,ok,0,0,3.1,54.8
mpp,0.0,6,qpsk-r1/2,w,9,1,0,data,ok,8,7,2.9,54.8
mpp,0.0,6,ack-4f,w,3,3,0,ctl,ok,0,0,4.8,54.8
mpp,0.0,6,qpsk-r1/2,w,9,2,1,data,ok,6,6,3.5,54.8
mpp,0.0,6,ack-1f,w,2,2,0,ctl,ok,0,0,8.2,54.8
mpp,0.0,6,qpsk-r1/2,w,9,1,0,data,ok,8,8,4.4,54.8
mpp,0.0,6,ack-1f,w,2,2,0,ctl,ok,0,0,6.4,54.8
mpp,0.0,6,qpsk-r1/2,w,9,1,0,data,ok,8,7,3.2,54.8
mpp,0.0,6,ack-1f,w,3,3,0,ctl,ok,0,0,4.0,54.8
mpp,0.0,6,qpsk-r1/2,w,9,1,0,data,ok,7,7,4.2,54.8
mpp,0.0,6,ack-1f,w,2,2,0,ctl,ok,0,0,3.7,54.8
mpp,0.0,6,qpsk-r1/2,w,9,1,0,data,ok,8,7,2.7,54.8
mpp,0.0,6,ack-1f,w,3,3,0,ctl,ok,0,0,3.9,54.8
mpp,0.0,6,qpsk-r1/2,w,9,1,0,data,ok,7,7,3.8,54.8
mpp,0.0,6,ack-1f,w,2,2,0,ctl,ok,0,0,3.9,54.8
mpp,0.0,6,qpsk-r1/2,w,9,1,0,data,ok,8,8,3.6,54.8
mpp,0.0,6,ack-1f,w,2,2,0,ctl,ok,0,0,-1.5,54.8
mpp,0.0,6,qpsk-r1/2,w,9,1,0,data,ctl_lost,8,0,2.0,54.8
mpp,0.0,6,ack-4f,w,3,3,0,ctl,ok,0,0,4.2,54.8
mpp,0.0,6,ack-4f,w,3,3,0,ctl,ok,0,0,3.0,54.8
mpp,0.0,6,qpsk-r1/2,w,9,2,1,data,ok,7,7,4.0,54.8
mpp,0.0,5,qpsk-r1/5,w,1,1,0,ctl,ok,0,0,1.0,47.2
mpp,0.0,5,qpsk-r1/5,w,1,1,0,ctl,ok,0,0,0.4,47.2
mpp,0.0,5,ack-4f,w,3,3,0,ctl,ok,0,0,3.7,47.2
mpp,0.0,5,ack-4f,w,3,3,0,ctl,ok,0,0,5.2,47.2
mpp,0.0,5,qpsk-r1/3,w,9,2,1,data,ok,7,7,4.2,47.2
mpp,0.0,5,ack-1f,w,3,3,0,ctl,ok,0,0,5.7,47.2
mpp,0.0,5,qpsk-r1/2,w,9,2,1,data,ok,7,7,4.2,47.2
mpp,0.0,5,ack-1f,w,3,3,0,ctl,ok,0,0,5.6,47.2
mpp,0.0,5,qpsk-r1/2,w,9,2,1,data,ok,7,7,3.8,47.2
mpp,0.0,5,ack-1f,w,3,3,0,ctl,ok,0,0,0.7,47.2
mpp,0.0,5,qpsk-r1/2,w,9,2,1,data,ok,7,0,0.1,47.2
mpp,0.0,5,ack-1f,w,3,3,0,ctl,ok,0,0,1.8,47.2
mpp,0.0,5,qpsk-r1/2,w,9,2,1,data,ok,0,0,3.6,47.2
mpp,0.0,5,ack-1f,w,3,3,0,ctl,ok,0,0,2.5,47.2
mpp,0.0,5,qpsk-r1/2,w,9,2,1,data,ok,7,0,2.2,47.2
mpp,0.0,5,ack-1f,w,3,3,0,ctl,ok,0,0,4.4,47.2
mpp,0.0,5,qpsk-r1/2,w,9,2,1,data,ok,0,0,2.9,47.2
mpp,0.0,5,ack-1f,w,3,3,0,ctl,ok,0,0,4.3,47.2
mpp,0.0,5,qpsk-r1/2,w,9,2,1,data,ok,7,0,0.5,47.2
mpp,0.0,5,ack-1f,w,3,3,0,ctl,ok,0,0,0.3,47.2
mpp,0.0,5,qpsk-r1/2,w,9,2,1,data,ok,0,0,3.0,47.2
mpp,0.0,5,ack-1f,w,3,3,0,ctl,ok,0,0,6.4,47.2
mpp,0.0,5,qpsk-r1/3,w,9,2,1,data,ok,7,7,3.3,47.2
mpp,0.0,5,ack-1f,w,2,2,0,ctl,ok,0,0,7.5,47.2
mpp,0.0,5,qpsk-r1/2,w,9,1,0,data,ok,8,8,3.9,47.2
mpp,0.0,5,ack-1f,w,2,2,0,ctl,ok,0,0,1.3,47.2
mpp,0.0,5,qpsk-r1/2,w,9,1,0,data,ok,8,8,3.3,47.2
mpp,0.0,5,ack-1f,w,2,2,0,ctl,ctl_lost,0,0,-0.7,47.2
mpp,0.0,5,ack-4f,w,3,3,0,ctl,ok,0,0,-0.1,47.2
mpp,0.0,5,ack-4f,w,3,3,0,ctl,ok,0,0,2.8,47.2
mpp,0.0,5,qpsk-r1/2,w,9,2,1,data,ok,7,0,0.3,47.2
mpp,0.0,5,ack-1f,w,3,3,0,ctl,ok,0,0,1.7,47.2
mpp,0.0,5,qpsk-r1/5,w,9,2,1,data,ok,7,7,-0.4,47.2
mpp,0.0,5,ack-1f,w,3,3,0,ctl,ok,0,0,3.6,47.2
mpp,0.0,5,qpsk-r1/5,w,9,2,1,data,ok,7,7,3.4,47.2
mpp,0.0,5,ack-1f,w,3,3,0,ctl,ok,0,0,2.6,47.2
mpp,0.0,5,qpsk-r1/3,w,9,2,1,data,ok,7,7,3.5,47.2
mpp,0.0,5,ack-1f,w,2,2,0,ctl,ok,0,0,4.6,47.2
mpp,0.0,5,qpsk-r1/2,w,9,1,0,data,ok,8,8,3.7,47.2
mpp,0.0,5,ack-1f,w,2,2,0,ctl,ok,0,0,7.2,47.2
mpp,0.0,5,qpsk-r1/2,w,9,1,0,data,ok,8,8,3.9,47.2
mpp,0.0,5,ack-1f,w,2,2,0,ctl,ok,0,0,2.8,47.2
mpp,0.0,5,qpsk-r1/2,w,9,1,0,data,ok,8,8,4.7,47.2
mpp,0.0,5,ack-1f,w,2,2,0,ctl,ok,0,0,-1.2,47.2
mpp,0.0,5,qpsk-r1/2,w,9,1,0,data,ctl_lost,8,0,1.7,47.2
mpp,0.0,5,ack-4f,w,3,3,0,ctl,ok,0,0,3.7,47.2
mpp,0.0,5,ack-4f,w,3,3,0,ctl,ok,0,0,3.0,47.2
mpp,0.0,5,qpsk-r1/3,w,9,2,1,data,ok,7,7,4.0,47.2
mpp,0.0,5,ack-1f,w,2,2,0,ctl,ok,0,0,3.1,47.2
mpp,0.0,5,qpsk-r1/2,w,9,1,0,data,ok,8,8,3.7,47.2
mpp,0.0,5,ack-1f,w,2,2,0,ctl,ok,0,0,4.9,47.2
mpp,0.0,5,qpsk-r1/2,w,9,1,0,data,ok,8,8,4.0,47.2
mpp,0.0,5,ack-1f,w,2,2,0,ctl,ok,0,0,1.5,47.2
mpp,0.0,5,qpsk-r1/2,w,9,1,0,data,ok,8,8,3.4,47.2
mpp,0.0,5,ack-1f,w,2,2,0,ctl,ok,0,0,0.1,47.2
mpp,0.0,5,qpsk-r1/2,w,9,1,0,data,ok,8,8,3.0,47.2
mpp,0.0,5,ack-1f,w,3,3,0,ctl,ok,0,0,2.8,47.2
mpp,0.0,5,qpsk-r1/2,w,9,2,1,data,ok,7,7,2.5,47.2
mpp,0.0,5,ack-1f,w,3,3,0,ctl,ok,0,0,-0.2,47.2
mpp,0.0,5,qpsk-r1/2,w,9,2,1,data,ok,7,7,4.1,47.2
mpp,0.0,5,ack-1f,w,2,2,0,ctl,ok,0,0,-2.3,47.2
mpp,0.0,5,qpsk-r1/2,w,9,1,0,data,ok,8,8,4.2,47.2
mpp,0.0,5,ack-1f,w,2,2,0,ctl,ok,0,0,0.9,47.2
mpp,0.0,5,qpsk-r1/2,w,9,1,0,data,ok,8,8,3.3,47.2
mpp,0.0,5,ack-1f,w,2,2,0,ctl,ok,0,0,1.5,47.2
mpp,0.0,5,qpsk-r1/2,w,9,1,0,data,ok,8,8,3.7,47.2
mpp,0.0,5,ack-1f,w,2,2,0,ctl,ok,0,0,6.8,47.2
mpp,0.0,5,qpsk-r1/2,w,9,1,0,data,ok,8,8,3.8,47.2
mpp,0.0,5,ack-1f,w,2,2,0,ctl,ctl_lost,0,0,-9.0,47.2
mpp,0.0,5,ack-4f,w,3,3,0,ctl,ok,0,0,3.1,47.2
mpp,0.0,5,ack-4f,w,2,2,0,ctl,ok,0,0,5.1,47.2
mpp,0.0,5,qpsk-r1/2,w,9,1,0,data,ctl_lost,8,0,1.4,47.2
mpp,0.0,5,ack-4f,w,3,3,0,ctl,ok,0,0,-0.1,47.2
mpp,0.0,5,ack-4f,w,3,3,0,ctl,ok,0,0,4.1,47.2
mpp,0.0,5,qpsk-r1/3,w,9,2,1,data,ok,7,7,4.2,47.2
mpp,0.0,5,ack-1f,w,3,3,0,ctl,ok,0,0,3.5,47.2
mpp,0.0,5,qpsk-r1/2,w,9,2,1,data,ok,7,7,2.9,47.2
mpp,0.0,5,ack-1f,w,3,3,0,ctl,ok,0,0,-3.2,47.2
mpp,0.0,5,qpsk-r1/2,w,9,2,1,data,ok,7,0,1.4,47.2
mpp,0.0,5,ack-1f,w,3,3,0,ctl,ok,0,0,0.9,47.2
mpp,0.0,5,qpsk-r1/2,w,9,2,1,data,ok,0,0,4.6,47.2
mpp,0.0,5,ack-4f,w,3,3,0,ctl,ok,0,0,2.8,47.2
mpp,0.0,5,qpsk-r1/2,w,9,2,1,data,ok,7,7,2.9,47.2
mpp,0.0,5,ack-1f,w,2,2,0,ctl,ctl_lost,0,0,1.8,47.2
mpp,0.0,5,ack-4f,w,3,3,0,ctl,ok,0,0,2.6,47.2
mpp,0.0,5,ack-4f,w,3,3,0,ctl,ok,0,0,0.5,47.2
mpp,0.0,5,qpsk-r1/2,w,9,2,1,data,ok,7,7,2.7,47.2
mpp,0.0,5,ack-4f,w,2,2,0,ctl,ok,0,0,2.1,47.2
mpp,0.0,5,qpsk-r1/2,w,9,1,0,data,ok,8,4,2.8,47.2
mpp,0.0,5,ack-4f,w,3,3,0,ctl,ok,0,0,5.2,47.2
mpp,0.0,5,qpsk-r1/2,w,9,1,0,data,ok,4,4,3.4,47.2
mpp,0.0,5,ack-1f,w,2,2,0,ctl,ok,0,0,2.7,47.2
mpp,0.0,5,qpsk-r1/2,w,9,1,0,data,ok,8,8,2.2,47.2
mpp,0.0,5,ack-1f,w,2,2,0,ctl,ok,0,0,1.6,47.2
mpp,0.0,5,qpsk-r1/2,w,9,1,0,data,ok,8,8,3.9,47.2
mpp,0.0,5,ack-4f,w,2,2,0,ctl,ok,0,0,3.2,47.2
mpp,0.0,5,qpsk-r1/2,w,9,1,0,data,ok,8,8,3.5,47.2
mpp,0.0,5,ack-4f,w,2,2,0,ctl,ok,0,0,5.5,47.2
mpp,0.0,5,qpsk-r1/2,w,9,1,0,data,ok,8,8,3.3,47.2
mpp,0.0,4,qpsk-r1/5,w,1,1,0,ctl,ok,0,0,6.3,51.0
mpp,0.0,4,qpsk-r1/5,w,1,1,0,ctl,ok,0,0,3.5,51.0
mpp,0.0,4,ack-4f,w,3,3,0,ctl,ok,0,0,4.6,51.0
mpp,0.0,4,ack-1f,w,2,2,0,ctl,ok,0,0,-0.8,51.0
mpp,0.0,4,qpsk-r1/2,w,9,1,0,data,ok,8,8,4.2,51.0
mpp,0.0,4,ack-1f,w,3,3,0,ctl,ok,0,0,-1.8,51.0
mpp,0.0,4,qpsk-r1/2,w,9,2,1,data,ok,7,2,2.8,51.0
mpp,0.0,4,ack-4f,w,3,3,0,ctl,ok,0,0,2.5,51.0
mpp,0.0,4,qpsk-r1/2,w,9,2,1,data,ok,2,2,2.8,51.0
mpp,0.0,4,ack-4f,w,3,3,0,ctl,ok,0,0,0.4,51.0
mpp,0.0,4,qpsk-r1/2,w,9,2,1,data,ok,7,0,0.0,51.0
mpp,0.0,4,ack-4f,w,3,3,0,ctl,ok,0,0,4.3,51.0
mpp,0.0,4,qpsk-r1/2,w,9,2,1,data,ok,0,0,3.6,51.0
mpp,0.0,4,ack-1f,w,3,3,0,ctl,ok,0,0,4.8,51.0
mpp,0.0,4,qpsk-r1/2,w,9,2,1,data,ok,7,7,2.6,51.0
mpp,0.0,4,ack-1f,w,3,3,0,ctl,ok,0,0,5.0,51.0
mpp,0.0,4,qpsk-r1/2,w,9,2,1,data,ok,7,7,3.5,51.0
mpp,0.0,4,ack-1f,w,3,3,0,ctl,ok,0,0,6.1,51.0
mpp,0.0,4,qpsk-r1/2,w,9,2,1,data,ok,7,0,1.8,51.0
mpp,0.0,4,ack-1f,w,3,3,0,ctl,ok,0,0,2.4,51.0
mpp,0.0,4,qpsk-r1/2,w,9,2,1,data,ok,0,0,3.7,51.0
mpp,0.0,4,ack-1f,w,3,3,0,ctl,ok,0,0,3.7,51.0
mpp,0.0,4,qpsk-r1/2,w,9,2,1,data,ok,7,1,3.1,51.0
mpp,0.0,4,ack-1f,w,2,2,0,ctl,ok,0,0,3.9,51.0
mpp,0.0,4,qpsk-r1/2,w,9,1,0,data,ok,2,2,3.7,51.0
mpp,0.0,4,ack-1f,w,2,2,0,ctl,ok,0,0,5.0,51.0
mpp,0.0,4,qpsk-r1/2,w,9,1,0,data,ctl_lost,8,0,2.8,51.0
mpp,0.0,4,ack-4f,w,3,3,0,ctl,ok,0,0,3.0,51.0
mpp,0.0,4,ack-4f,w,3,3,0,ctl,ok,0,0,2.3,51.0
mpp,0.0,4,qpsk-r1/2,w,9,2,1,data,ok,7,7,3.5,51.0
mpp,0.0,4,ack-1f,w,2,2,0,ctl,ok,0,0,-0.0,51.0
mpp,0.0,4,qpsk-r1/2,w,9,1,0,data,ok,8,8,3.7,51.0
mpp,0.0,4,ack-1f,w,2,2,0,ctl,ok,0,0,-1.4,51.0
mpp,0.0,4,qpsk-r1/2,w,9,1,0,data,ok,8,8,2.9,51.0
mpp,0.0,4,ack-4f,w,2,2,0,ctl,ok,0,0,3.5,51.0
mpp,0.0,4,qpsk-r1/2,w,9,1,0,data,ok,8,8,4.0,51.0
mpp,0.0,4,ack-1f,w,2,2,0,ctl,ok,0,0,4.2,51.0
mpp,0.0,4,qpsk-r1/2,w,9,1,0,data,ok,8,8,3.8,51.0
mpp,0.0,4,ack-1f,w,2,2,0,ctl,ok,0,0,5.1,51.0
mpp,0.0,4,qpsk-r1/2,w,9,1,0,data,ok,8,8,3.8,51.0
mpp,0.0,4,ack-1f,w,2,2,0,ctl,ok,0,0,3.1,51.0
mpp,0.0,4,qpsk-r1/2,w,9,1,0,data,ok,8,8,4.2,51.0
mpp,0.0,4,ack-1f,w,2,2,0,ctl,ok,0,0,6.4,51.0
mpp,0.0,4,qpsk-r1/2,w,9,1,0,data,ok,8,8,3.5,51.0
mpp,0.0,4,ack-1f,w,2,2,0,ctl,ctl_lost,0,0,-4.8,51.0
mpp,0.0,4,ack-4f,w,3,3,0,ctl,ok,0,0,0.6,51.0
mpp,0.0,4,ack-4f,w,3,3,0,ctl,ok,0,0,2.3,51.0
mpp,0.0,4,qpsk-r1/2,w,9,2,1,data,ok,7,7,3.3,51.0
mpp,0.0,4,ack-4f,w,3,3,0,ctl,ok,0,0,0.2,51.0
mpp,0.0,4,qpsk-r1/2,w,9,2,1,data,ok,7,7,3.2,51.0
mpp,0.0,4,ack-4f,w,2,2,0,ctl,ok,0,0,4.2,51.0
mpp,0.0,4,qpsk-r1/2,w,9,1,0,data,ok,8,8,3.5,51.0
mpp,0.0,4,ack-4f,w,2,2,0,ctl,ok,0,0,2.6,51.0
mpp,0.0,4,qpsk-r1/2,w,9,1,0,data,ok,8,8,2.5,51.0
mpp,0.0,4,ack-1f,w,2,2,0,ctl,ctl_lost,0,0,-0.9,51.0
mpp,0.0,4,ack-4f,w,3,3,0,ctl,ok,0,0,1.3,51.0
mpp,0.0,4,ack-4f,w,3,3,0,ctl,ok,0,0,2.9,51.0
mpp,0.0,4,qpsk-r1/2,w,9,2,1,data,ok,7,7,3.9,51.0
mpp,0.0,4,ack-4f,w,2,2,0,ctl,ok,0,0,-0.0,51.0
mpp,0.0,4,qpsk-r1/2,w,9,1,0,data,ok,8,8,3.4,51.0
mpp,0.0,4,ack-4f,w,2,2,0,ctl,ok,0,0,0.7,51.0
mpp,0.0,4,qpsk-r1/2,w,9,1,0,data,ok,8,8,3.4,51.0
mpp,0.0,4,ack-4f,w,2,2,0,ctl,ok,0,0,0.7,51.0
mpp,0.0,4,qpsk-r1/2,w,9,1,0,data,ok,8,8,4.0,51.0
mpp,0.0,4,ack-4f,w,2,2,0,ctl,ok,0,0,4.7,51.0
mpp,0.0,4,qpsk-r1/2,w,9,1,0,data,ctl_lost,8,1,3.0,51.0
mpp,0.0,4,ack-4f,w,3,3,0,ctl,ok,0,0,1.7,51.0
mpp,0.0,4,ack-4f,w,3,3,0,ctl,ok,0,0,2.0,51.0
mpp,0.0,4,qpsk-r1/2,w,9,2,1,data,ok,7,7,3.5,51.0
mpp,0.0,4,ack-4f,w,2,2,0,ctl,ok,0,0,3.6,51.0
mpp,0.0,4,qpsk-r1/2,w,9,1,0,data,ok,8,8,3.1,51.0
mpp,0.0,4,ack-4f,w,2,2,0,ctl,ok,0,0,2.2,51.0
mpp,0.0,4,qpsk-r1/2,w,9,1,0,data,ok,8,8,3.2,51.0
mpp,0.0,4,ack-4f,w,2,2,0,ctl,ok,0,0,3.0,51.0
mpp,0.0,4,qpsk-r1/2,w,9,1,0,data,ok,8,8,3.7,51.0
mpp,0.0,4,ack-4f,w,2,2,0,ctl,ok,0,0,3.8,51.0
mpp,0.0,4,qpsk-r1/2,w,9,1,0,data,ctl_lost,8,0,1.9,51.0
mpp,0.0,4,ack-4f,w,3,3,0,ctl,ok,0,0,3.2,51.0
mpp,0.0,4,ack-4f,w,3,3,0,ctl,ok,0,0,4.3,51.0
mpp,0.0,4,qpsk-r1/2,w,9,2,1,data,ok,7,7,4.6,51.0
mpp,0.0,4,ack-4f,w,2,2,0,ctl,ok,0,0,5.9,51.0
mpp,0.0,4,qpsk-r1/2,w,9,1,0,data,ok,8,8,3.9,51.0
mpp,0.0,4,ack-4f,w,2,2,0,ctl,ok,0,0,1.3,51.0
mpp,0.0,4,qpsk-r1/2,w,9,1,0,data,ok,8,5,2.2,51.0
mpp,0.0,4,ack-4f,w,3,3,0,ctl,ok,0,0,0.8,51.0
mpp,0.0,4,qpsk-r1/2,w,9,2,1,data,ok,4,4,3.4,51.0
mpp,0.0,4,ack-4f,w,3,3,0,ctl,ok,0,0,4.9,51.0
mpp,0.0,4,qpsk-r1/2,w,9,2,1,data,ok,7,7,4.8,51.0
mpp,0.0,4,ack-4f,w,2,2,0,ctl,ok,0,0,-0.2,51.0
mpp,0.0,4,qpsk-r1/2,w,9,1,0,data,ok,8,8,4.7,51.0
mpp,0.0,4,ack-4f,w,2,2,0,ctl,ok,0,0,3.4,51.0
mpp,0.0,4,qpsk-r1/2,w,9,1,0,data,ok,8,8,4.1,51.0
mpp,0.0,4,ack-4f,w,2,2,0,ctl,ok,0,0,4.9,51.0
mpp,0.0,4,qpsk-r1/2,w,9,1,0,data,ok,8,8,4.6,51.0
mpp,0.0,4,ack-4f,w,2,2,0,ctl,ok,0,0,2.2,51.0
mpp,0.0,4,qpsk-r1/2,w,9,1,0,data,ctl_lost,8,0,1.7,51.0
mpp,0.0,7,qpsk-r1/5,w,1,1,0,ctl,ok,0,0,2.1,46.3
mpp,0.0,7,qpsk-r1/5,w,1,1,0,ctl,ok,0,0,3.2,46.3
mpp,0.0,7,ack-4f,w,3,3,0,ctl,ok,0,0,1.7,46.3
mpp,0.0,7,ack-1f,w,3,3,0,ctl,ok,0,0,6.4,46.3
mpp,0.0,7,qpsk-r1/3,w,9,2,1,data,ok,7,7,2.0,46.3
mpp,0.0,7,ack-1f,w,3,3,0,ctl,ok,0,0,1.0,46.3
mpp,0.0,7,qpsk-r1/3,w,9,2,1,data,ok,7,7,3.6,46.3
mpp,0.0,7,ack-1f,w,3,3,0,ctl,ok,0,0,2.8,46.3
mpp,0.0,7,qpsk-r1/3,w,9,2,1,data,ok,7,7,4.1,46.3
mpp,0.0,7,ack-1f,w,3,3,0,ctl,ok,0,0,1.8,46.3
mpp,0.0,7,qpsk-r1/2,w,9,2,1,data,ok,7,7,4.5,46.3
mpp,0.0,7,ack-1f,w,3,3,0,ctl,ok,0,0,4.6,46.3
mpp,0.0,7,qpsk-r1/2,w,9,2,1,data,ok,7,7,3.4,46.3
mpp,0.0,7,ack-1f,w,3,3,0,ctl,ok,0,0,5.8,46.3
mpp,0.0,7,qpsk-r1/2,w,9,2,1,data,ok,7,7,4.6,46.3
mpp,0.0,7,ack-1f,w,3,3,0,ctl,ok,0,0,3.3,46.3
mpp,0.0,7,qpsk-r1/2,w,9,2,1,data,ok,7,0,2.1,46.3
mpp,0.0,7,ack-1f,w,3,3,0,ctl,ok,0,0,6.9,46.3
mpp,0.0,7,qpsk-r1/2,w,9,2,1,data,ok,0,0,3.2,46.3
mpp,0.0,7,ack-1f,w,3,3,0,ctl,ok,0,0,-0.9,46.3
mpp,0.0,7,qpsk-r1/2,w,9,2,1,data,ok,7,7,4.5,46.3
mpp,0.0,7,ack-1f,w,3,3,0,ctl,ok,0,0,-1.1,46.3
mpp,0.0,7,qpsk-r1/2,w,9,2,1,data,ok,7,7,3.5,46.3
mpp,0.0,7,ack-4f,w,2,2,0,ctl,ok,0,0,2.0,46.3
mpp,0.0,7,qpsk-r1/2,w,9,1,0,data,ok,8,8,3.8,46.3
mpp,0.0,7,ack-4f,w,3,3,0,ctl,ok,0,0,5.4,46.3
mpp,0.0,7,qpsk-r1/2,w,9,2,1,data,ok,7,0,2.7,46.3
mpp,0.0,7,ack-1f,w,3,3,0,ctl,ok,0,0,2.7,46.3
mpp,0.0,7,qpsk-r1/2,w,9,2,1,data,ok,0,0,4.4,46.3
mpp,0.0,7,ack-1f,w,3,3,0,ctl,ok,0,0,5.5,46.3
mpp,0.0,7,qpsk-r1/2,w,9,2,1,data,ok,7,7,4.6,46.3
mpp,0.0,7,ack-1f,w,2,2,0,ctl,ok,0,0,6.6,46.3
mpp,0.0,7,qpsk-r1/2,w,9,1,0,data,ok,8,8,3.9,46.3
mpp,0.0,7,ack-1f,w,2,2,0,ctl,ctl_lost,0,0,-2.5,46.3
mpp,0.0,7,ack-4f,w,3,3,0,ctl,ok,0,0,4.0,46.3
mpp,0.0,7,ack-4f,w,2,2,0,ctl,ok,0,0,4.1,46.3
mpp,0.0,7,qpsk-r1/2,w,9,1,0,data,ok,8,8,4.6,46.3
mpp,0.0,7,ack-4f,w,2,2,0,ctl,ok,0,0,4.1,46.3
mpp,0.0,7,qpsk-r1/2,w,9,1,0,data,ctl_lost,8,0,-0.0,46.3
mpp,0.0,7,ack-4f,w,3,3,0,ctl,ok,0,0,4.8,46.3
mpp,0.0,7,ack-4f,w,3,3,0,ctl,ok,0,0,2.0,46.3
mpp,0.0,7,qpsk-r1/3,w,9,2,1,data,ok,7,7,4.0,46.3
mpp,0.0,7,ack-4f,w,2,2,0,ctl,ok,0,0,-0.8,46.3
mpp,0.0,7,qpsk-r1/2,w,9,1,0,data,ok,8,8,3.6,46.3
mpp,0.0,7,ack-4f,w,3,3,0,ctl,ok,0,0,4.8,46.3
mpp,0.0,7,qpsk-r1/2,w,9,2,1,data,ok,7,7,5.0,46.3
mpp,0.0,7,ack-4f,w,2,2,0,ctl,ok,0,0,2.8,46.3
mpp,0.0,7,qpsk-r1/2,w,9,1,0,data,ok,8,8,3.1,46.3
mpp,0.0,7,ack-4f,w,2,2,0,ctl,ok,0,0,-0.3,46.3
mpp,0.0,7,qpsk-r1/2,w,9,1,0,data,ok,8,8,3.9,46.3
mpp,0.0,7,ack-4f,w,3,3,0,ctl,ok,0,0,1.6,46.3
mpp,0.0,7,qpsk-r1/2,w,9,2,1,data,ok,7,7,3.8,46.3
mpp,0.0,7,ack-4f,w,2,2,0,ctl,ok,0,0,4.0,46.3
mpp,0.0,7,qpsk-r1/2,w,9,1,0,data,ok,8,8,3.6,46.3
mpp,0.0,7,ack-4f,w,2,2,,ctl,missed,0,0,,46.3
mpp,0.0,7,ack-4f,w,3,3,0,ctl,ok,0,0,1.5,46.3
mpp,0.0,7,ack-4f,w,3,3,0,ctl,ok,0,0,1.4,46.3
mpp,0.0,7,qpsk-r1/2,w,9,2,1,data,ok,7,7,4.2,46.3
mpp,0.0,7,ack-4f,w,2,2,0,ctl,ok,0,0,4.0,46.3
mpp,0.0,7,qpsk-r1/2,w,9,1,0,data,ok,8,8,4.5,46.3
mpp,0.0,7,ack-4f,w,2,2,0,ctl,ok,0,0,5.1,46.3
mpp,0.0,7,qpsk-r1/2,w,9,1,0,data,ok,8,8,3.3,46.3
mpp,0.0,7,ack-1f,w,2,2,0,ctl,ok,0,0,3.9,46.3
mpp,0.0,7,qpsk-r1/2,w,9,1,0,data,ctl_lost,8,0,1.6,46.3
mpp,0.0,7,ack-4f,w,3,3,0,ctl,ok,0,0,2.3,46.3
mpp,0.0,7,ack-4f,w,3,3,0,ctl,ok,0,0,1.6,46.3
mpp,0.0,7,qpsk-r1/3,w,9,2,1,data,ok,7,7,3.4,46.3
mpp,0.0,7,ack-4f,w,3,3,0,ctl,ok,0,0,1.7,46.3
mpp,0.0,7,qpsk-r1/2,w,9,2,1,data,ok,7,7,3.4,46.3
mpp,0.0,7,ack-4f,w,3,3,0,ctl,ok,0,0,3.2,46.3
mpp,0.0,7,qpsk-r1/2,w,9,2,1,data,ok,7,7,3.4,46.3
mpp,0.0,7,ack-4f,w,3,3,0,ctl,ok,0,0,1.7,46.3
mpp,0.0,7,qpsk-r1/2,w,9,2,1,data,ok,7,7,3.5,46.3
mpp,0.0,7,ack-4f,w,3,3,0,ctl,ok,0,0,3.9,46.3
mpp,0.0,7,qpsk-r1/2,w,9,2,1,data,ok,7,3,2.8,46.3
mpp,0.0,7,ack-4f,w,3,3,0,ctl,ok,0,0,4.4,46.3
mpp,0.0,7,qpsk-r1/2,w,9,2,1,data,ok,2,2,4.0,46.3
mpp,0.0,7,ack-1f,w,3,3,0,ctl,ok,0,0,4.4,46.3
mpp,0.0,7,qpsk-r1/2,w,9,2,1,data,ok,7,0,2.3,46.3
mpp,0.0,7,ack-1f,w,3,3,0,ctl,ok,0,0,5.0,46.3
mpp,0.0,7,qpsk-r1/2,w,9,2,1,data,ok,0,0,3.6,46.3
mpp,0.0,7,ack-1f,w,3,3,0,ctl,ok,0,0,-1.1,46.3
mpp,0.0,7,qpsk-r1/2,w,9,2,1,data,ok,7,7,5.0,46.3
mpp,0.0,7,ack-1f,w,2,2,0,ctl,ok,0,0,2.7,46.3
mpp,0.0,7,qpsk-r1/2,w,9,1,0,data,ctl_lost,8,0,1.9,46.3
mpp,0.0,7,ack-4f,w,3,3,0,ctl,ok,0,0,2.7,46.3
mpp,0.0,7,ack-4f,w,3,3,0,ctl,ok,0,0,3.7,46.3
mpp,0.0,7,qpsk-r1/3,w,9,2,1,data,ok,7,7,3.3,46.3
mpp,0.0,7,ack-1f,w,3,3,0,ctl,ok,0,0,0.6,46.3
mpp,0.0,7,qpsk-r1/2,w,9,2,1,data,ok,7,7,3.3,46.3
mpp,0.0,7,ack-4f,w,3,3,0,ctl,ok,0,0,4.3,46.3
mpp,0.0,7,qpsk-r1/2,w,9,2,1,data,ok,7,7,3.7,46.3
mpp,0.0,7,ack-1f,w,3,3,0,ctl,ok,0,0,1.7,46.3
mpp,0.0,7,qpsk-r1/2,w,9,2,1,data,ok,7,7,2.7,46.3
mpp,0.0,7,ack-1f,w,3,3,0,ctl,ok,0,0,0.5,46.3
mpp,0.0,7,qpsk-r1/2,w,9,2,1,data,ok,7,1,3.1,46.3
mpp,0.0,10,qpsk-r1/5,w,1,1,0,ctl,ok,0,0,2.5,40.8
mpp,0.0,10,qpsk-r1/5,w,1,1,0,ctl,ok,0,0,5.2,40.8
mpp,0.0,10,ack-4f,w,3,3,0,ctl,ok,0,0,4.3,40.8
mpp,0.0,10,ack-1f,w,3,3,0,ctl,ok,0,0,2.8,40.8
mpp,0.0,10,qpsk-r1/2,w,9,2,1,data,ok,7,2,2.7,40.8
mpp,0.0,10,ack-1f,w,3,3,0,ctl,ok,0,0,5.0,40.8
mpp,0.0,10,qpsk-r1/2,w,9,2,1,data,ok,2,0,0.3,40.8
mpp,0.0,10,ack-1f,w,3,3,0,ctl,ok,0,0,5.8,40.8
mpp,0.0,10,qpsk-r1/3,w,9,2,1,data,ok,7,2,0.8,40.8
mpp,0.0,10,ack-1f,w,3,3,0,ctl,ok,0,0,3.5,40.8
mpp,0.0,10,qpsk-r1/3,w,9,2,1,data,ok,2,2,4.7,40.8
mpp,0.0,10,ack-1f,w,3,3,0,ctl,ok,0,0,3.8,40.8
mpp,0.0,10,qpsk-r1/3,w,9,2,1,data,ok,7,7,3.0,40.8
mpp,0.0,10,ack-1f,w,3,3,0,ctl,ok,0,0,6.8,40.8
mpp,0.0,10,qpsk-r1/2,w,9,2,1,data,ok,7,7,3.4,40.8
mpp,0.0,10,ack-1f,w,3,3,0,ctl,ok,0,0,7.3,40.8
mpp,0.0,10,qpsk-r1/2,w,9,2,1,data,ok,7,7,3.6,40.8
mpp,0.0,10,ack-1f,w,3,3,0,ctl,ok,0,0,2.1,40.8
mpp,0.0,10,qpsk-r1/2,w,9,2,1,data,ok,7,7,3.5,40.8
mpp,0.0,10,ack-1f,w,3,3,0,ctl,ok,0,0,4.6,40.8
mpp,0.0,10,qpsk-r1/2,w,9,2,1,data,ok,7,7,5.3,40.8
mpp,0.0,10,ack-1f,w,2,2,0,ctl,ok,0,0,4.5,40.8
mpp,0.0,10,qpsk-r1/2,w,9,1,0,data,ok,8,8,4.1,40.8
mpp,0.0,10,ack-1f,w,2,2,0,ctl,ok,0,0,2.8,40.8
mpp,0.0,10,qpsk-r1/2,w,9,1,0,data,ctl_lost,8,0,1.9,40.8
mpp,0.0,10,ack-4f,w,3,3,0,ctl,ok,0,0,2.9,40.8
mpp,0.0,10,ack-4f,w,3,3,0,ctl,ok,0,0,0.2,40.8
mpp,0.0,10,qpsk-r1/3,w,9,2,1,data,ok,7,7,2.7,40.8
mpp,0.0,10,ack-4f,w,3,3,0,ctl,ok,0,0,1.6,40.8
mpp,0.0,10,qpsk-r1/2,w,9,2,1,data,ok,7,0,1.0,40.8
mpp,0.0,10,ack-4f,w,3,3,0,ctl,ok,0,0,2.9,40.8
mpp,0.0,10,qpsk-r1/3,w,9,2,1,data,ok,7,7,3.6,40.8
mpp,0.0,10,ack-1f,w,2,2,0,ctl,ctl_lost,0,0,-0.3,40.8
mpp,0.0,10,ack-4f,w,4,4,0,ctl,ok,0,0,3.6,40.8
mpp,0.0,10,ack-4f,w,2,2,0,ctl,ok,0,0,1.1,40.8
mpp,0.0,10,qpsk-r1/3,w,9,1,0,data,ok,8,8,4.2,40.8
mpp,0.0,10,ack-4f,w,3,3,0,ctl,ok,0,0,3.6,40.8
mpp,0.0,10,qpsk-r1/2,w,9,2,1,data,ok,7,7,3.2,40.8
mpp,0.0,10,ack-4f,w,3,3,0,ctl,ok,0,0,5.1,40.8
mpp,0.0,10,qpsk-r1/2,w,9,2,1,data,ok,7,7,3.5,40.8
mpp,0.0,10,ack-1f,w,3,3,0,ctl,ok,0,0,1.8,40.8
mpp,0.0,10,qpsk-r1/2,w,9,2,1,data,ok,7,0,2.2,40.8
mpp,0.0,10,ack-1f,w,2,2,0,ctl,ok,0,0,5.6,40.8
mpp,0.0,10,qpsk-r1/3,w,9,1,0,data,ctl_lost,8,0,-0.3,40.8
mpp,0.0,10,ack-4f,w,4,4,0,ctl,ok,0,0,3.6,40.8
mpp,0.0,10,ack-4f,w,3,3,0,ctl,ok,0,0,2.0,40.8
mpp,0.0,10,qpsk-r1/3,w,9,2,1,data,ok,7,7,2.2,40.8
mpp,0.0,10,ack-1f,w,3,3,0,ctl,ok,0,0,0.6,40.8
mpp,0.0,10,qpsk-r1/3,w,9,2,1,data,ok,7,7,4.5,40.8
mpp,0.0,10,ack-4f,w,2,2,0,ctl,ok,0,0,2.3,40.8
mpp,0.0,10,qpsk-r1/3,w,9,1,0,data,ok,8,8,2.8,40.8
mpp,0.0,10,ack-4f,w,3,3,0,ctl,ok,0,0,2.9,40.8
mpp,0.0,10,qpsk-r1/2,w,9,2,1,data,ok,7,7,3.1,40.8
mpp,0.0,10,ack-4f,w,2,2,0,ctl,ok,0,0,2.8,40.8
mpp,0.0,10,qpsk-r1/3,w,9,1,0,data,ok,8,8,0.4,40.8
mpp,0.0,10,ack-4f,w,3,3,0,ctl,ok,0,0,1.9,40.8
mpp,0.0,10,qpsk-r1/3,w,9,2,1,data,ok,7,7,5.4,40.8
mpp,0.0,10,ack-4f,w,2,2,0,ctl,ok,0,0,6.1,40.8
mpp,0.0,10,qpsk-r1/3,w,9,1,0,data,ok,8,8,3.5,40.8
mpp,0.0,10,ack-1f,w,2,2,0,ctl,ok,0,0,1.7,40.8
mpp,0.0,10,qpsk-r1/2,w,9,1,0,data,ok,8,8,3.1,40.8
mpp,0.0,10,ack-1f,w,3,3,0,ctl,ok,0,0,2.6,40.8
mpp,0.0,10,qpsk-r1/2,w,9,2,1,data,ok,7,7,4.1,40.8
mpp,0.0,10,ack-4f,w,3,3,0,ctl,ok,0,0,4.3,40.8
mpp,0.0,10,qpsk-r1/2,w,9,2,1,data,ok,7,7,3.6,40.8
mpp,0.0,10,ack-1f,w,2,2,0,ctl,ok,0,0,2.7,40.8
mpp,0.0,10,qpsk-r1/2,w,9,1,0,data,ctl_lost,8,0,2.4,40.8
mpp,0.0,10,ack-4f,w,3,3,0,ctl,ok,0,0,3.9,40.8
mpp,0.0,10,ack-4f,w,2,2,0,ctl,ok,0,0,1.9,40.8
mpp,0.0,10,qpsk-r1/3,w,9,1,0,data,ok,8,8,3.9,40.8
mpp,0.0,10,ack-4f,w,3,3,0,ctl,ok,0,0,1.4,40.8
mpp,0.0,10,qpsk-r1/2,w,9,2,1,data,ok,7,6,2.9,40.8
mpp,0.0,10,ack-4f,w,3,3,0,ctl,ok,0,0,0.5,40.8
mpp,0.0,10,qpsk-r1/2,w,9,2,1,data,ok,6,6,2.8,40.8
mpp,0.0,10,ack-4f,w,2,2,0,ctl,ok,0,0,2.9,40.8
mpp,0.0,10,qpsk-r1/3,w,9,1,0,data,ok,8,8,2.9,40.8
mpp,0.0,10,ack-4f,w,2,2,0,ctl,ok,0,0,2.2,40.8
mpp,0.0,10,qpsk-r1/3,w,9,1,0,data,ok,8,8,3.5,40.8
mpp,0.0,10,ack-1f,w,3,3,0,ctl,ok,0,0,3.2,40.8
mpp,0.0,10,qpsk-r1/2,w,9,2,1,data,ok,7,7,3.7,40.8
mpp,0.0,10,ack-1f,w,3,3,0,ctl,ok,0,0,4.9,40.8
mpp,0.0,10,qpsk-r1/2,w,9,2,1,data,ok,7,7,2.6,40.8
mpp,0.0,10,ack-1f,w,3,3,0,ctl,ok,0,0,3.0,40.8
mpp,0.0,10,qpsk-r1/2,w,9,2,1,data,ok,7,7,3.2,40.8
mpp,0.0,10,ack-1f,w,3,3,0,ctl,ok,0,0,6.4,40.8
mpp,0.0,10,qpsk-r1/2,w,9,2,1,data,ok,7,7,3.7,40.8
mpp,0.0,10,ack-1f,w,2,2,0,ctl,ok,0,0,7.6,40.8
mpp,0.0,10,qpsk-r1/2,w,9,1,0,data,ok,8,8,3.2,40.8
mpp,0.0,10,ack-1f,w,2,2,0,ctl,ok,0,0,-2.1,40.8
mpp,0.0,10,qpsk-r1/2,w,9,1,0,data,ctl_lost,8,0,1.9,40.8
mpp,0.0,10,ack-4f,w,3,3,0,ctl,ok,0,0,5.1,40.8
mpp,0.0,10,ack-4f,w,3,3,0,ctl,ok,0,0,-1.6,40.8
mpp,0.0,10,qpsk-r1/2,w,9,2,1,data,ok,7,7,3.9,40.8
mpp,0.0,10,ack-4f,w,2,2,0,ctl,ok,0,0,1.7,40.8
mpp,0.0,10,qpsk-r1/2,w,9,1,0,data,ok,8,8,3.6,40.8
mpp,0.0,8,qpsk-r1/5,w,1,1,0,ctl,ok,0,0,4.0,48.9
mpp,0.0,8,qpsk-r1/5,w,1,1,0,ctl,ok,0,0,6.9,48.9
mpp,0.0,8,ack-4f,w,3,3,0,ctl,ok,0,0,1.6,48.9
mpp,0.0,8,ack-1f,w,3,3,0,ctl,ok,0,0,5.9,48.9
mpp,0.0,8,qpsk-r1/2,w,9,2,1,data,ok,7,7,3.4,48.9
mpp,0.0,8,ack-1f,w,3,3,0,ctl,ok,0,0,0.4,48.9
mpp,0.0,8,qpsk-r1/2,w,9,2,1,data,ok,7,7,4.1,48.9
mpp,0.0,8,ack-1f,w,3,3,0,ctl,ok,0,0,2.0,48.9
mpp,0.0,8,qpsk-r1/2,w,9,2,1,data,ok,7,7,3.1,48.9
mpp,0.0,8,ack-1f,w,3,3,0,ctl,ok,0,0,6.5,48.9
mpp,0.0,8,qpsk-r1/2,w,9,2,1,data,ok,7,7,2.2,48.9
mpp,0.0,8,ack-1f,w,3,3,0,ctl,ok,0,0,5.0,48.9
mpp,0.0,8,qpsk-r1/2,w,9,2,1,data,ok,7,7,4.0,48.9
mpp,0.0,8,ack-1f,w,3,3,0,ctl,ok,0,0,1.5,48.9
mpp,0.0,8,qpsk-r1/2,w,9,2,1,data,ok,7,0,2.3,48.9
mpp,0.0,8,ack-1f,w,3,3,0,ctl,ok,0,0,2.5,48.9
mpp,0.0,8,qpsk-r1/2,w,9,2,1,data,ok,0,0,0.4,48.9
mpp,0.0,8,ack-1f,w,3,3,0,ctl,ok,0,0,1.9,48.9
mpp,0.0,8,qpsk-r1/2,w,9,2,1,data,ok,7,7,4.0,48.9
mpp,0.0,8,ack-1f,w,3,3,0,ctl,ctl_lost,0,0,-0.5,48.9
mpp,0.0,8,ack-4f,w,3,3,0,ctl,ok,0,0,5.9,48.9
mpp,0.0,8,ack-4f,w,2,2,0,ctl,ok,0,0,4.9,48.9
mpp,0.0,8,qpsk-r1/2,w,9,1,0,data,ok,8,8,3.4,48.9
mpp,0.0,8,ack-1f,w,2,2,0,ctl,ctl_lost,0,0,0.3,48.9
mpp,0.0,8,ack-4f,w,3,3,0,ctl,ok,0,0,2.5,48.9
mpp,0.0,8,ack-4f,w,3,3,0,ctl,ok,0,0,4.0,48.9
mpp,0.0,8,qpsk-r1/2,w,9,2,1,data,ok,7,7,3.7,48.9
mpp,0.0,8,ack-4f,w,2,2,0,ctl,ok,0,0,2.5,48.9
mpp,0.0,8,qpsk-r1/2,w,9,1,0,data,ok,8,8,3.9,48.9
mpp,0.0,8,ack-4f,w,2,2,0,ctl,ok,0,0,1.2,48.9
mpp,0.0,8,qpsk-r1/2,w,9,1,0,data,ok,8,8,4.1,48.9
mpp,0.0,8,ack-4f,w,2,2,0,ctl,ok,0,0,5.1,48.9
mpp,0.0,8,qpsk-r1/2,w,9,1,0,data,ok,8,8,3.1,48.9
mpp,0.0,8,ack-1f,w,2,2,0,ctl,ctl_lost,0,0,-2.7,48.9
mpp,0.0,8,ack-4f,w,3,3,0,ctl,ok,0,0,2.4,48.9
mpp,0.0,8,ack-4f,w,3,3,0,ctl,ok,0,0,6.5,48.9
mpp,0.0,8,qpsk-r1/2,w,9,2,1,data,ok,7,7,4.6,48.9
mpp,0.0,8,ack-4f,w,2,2,0,ctl,ok,0,0,2.5,48.9
mpp,0.0,8,qpsk-r1/2,w,9,1,0,data,ctl_lost,8,0,0.3,48.9
mpp,0.0,8,ack-4f,w,3,3,0,ctl,ok,0,0,3.6,48.9
mpp,0.0,8,ack-4f,w,3,3,0,ctl,ok,0,0,3.4,48.9
mpp,0.0,8,qpsk-r1/2,w,9,2,1,data,ok,7,7,3.9,48.9
mpp,0.0,8,ack-4f,w,2,2,0,ctl,ok,0,0,5.8,48.9
mpp,0.0,8,qpsk-r1/2,w,9,1,0,data,ok,8,2,2.8,48.9
mpp,0.0,8,n4-ack-2f,n4,3,3,0,ctl,ok,0,0,-1.5,48.9
mpp,0.0,8,qpsk-r1/2,w,9,2,1,data,ok,1,1,4.2,48.9
mpp,0.0,8,ack-4f,w,2,2,0,ctl,ok,0,0,0.8,48.9
mpp,0.0,8,qpsk-r1/2,w,9,1,0,data,ok,8,8,4.2,48.9
mpp,0.0,8,ack-4f,w,2,2,0,ctl,ok,0,0,5.1,48.9
mpp,0.0,8,qpsk-r1/2,w,9,1,0,data,ctl_lost,8,1,2.5,48.9
mpp,0.0,8,ack-4f,w,3,3,0,ctl,ok,0,0,3.6,48.9
mpp,0.0,8,ack-4f,w,3,3,0,ctl,ok,0,0,2.2,48.9
mpp,0.0,8,qpsk-r1/2,w,9,2,1,data,ok,7,7,2.8,48.9
mpp,0.0,8,ack-4f,w,3,3,0,ctl,ok,0,0,5.3,48.9
mpp,0.0,8,qpsk-r1/2,w,9,2,1,data,ok,7,7,3.5,48.9
mpp,0.0,8,ack-4f,w,3,3,0,ctl,ok,0,0,3.6,48.9
mpp,0.0,8,qpsk-r1/2,w,9,2,1,data,ok,7,7,4.7,48.9
mpp,0.0,8,ack-4f,w,2,2,0,ctl,ok,0,0,1.8,48.9
mpp,0.0,8,qpsk-r1/2,w,9,1,0,data,ok,8,8,4.3,48.9
mpp,0.0,8,ack-4f,w,2,2,0,ctl,ok,0,0,6.0,48.9
mpp,0.0,8,qpsk-r1/2,w,9,1,0,data,ok,8,8,4.2,48.9
mpp,0.0,8,n4-ack-2f,n4,2,2,0,ctl,ok,0,0,-1.0,48.9
mpp,0.0,8,qpsk-r1/2,w,9,1,0,data,ok,8,8,3.7,48.9
mpp,0.0,8,ack-4f,w,2,2,0,ctl,ok,0,0,6.7,48.9
mpp,0.0,8,qpsk-r1/2,w,9,1,0,data,ok,8,8,4.1,48.9
mpp,0.0,8,n4-ack-2f,n4,2,2,0,ctl,ok,0,0,-1.2,48.9
mpp,0.0,8,qpsk-r1/2,w,9,1,0,data,ctl_lost,8,0,2.4,48.9
mpp,0.0,8,ack-4f,w,3,3,0,ctl,ok,0,0,0.1,48.9
mpp,0.0,8,ack-4f,w,3,3,0,ctl,ok,0,0,2.4,48.9
mpp,0.0,8,qpsk-r1/2,w,9,2,1,data,ok,7,7,3.4,48.9
mpp,0.0,8,ack-4f,w,3,3,0,ctl,ok,0,0,4.2,48.9
mpp,0.0,8,qpsk-r1/2,w,9,2,1,data,ok,7,7,4.3,48.9
mpp,0.0,8,ack-4f,w,2,2,0,ctl,ok,0,0,4.6,48.9
mpp,0.0,8,qpsk-r1/2,w,9,1,0,data,ok,8,7,2.8,48.9
mpp,0.0,8,ack-4f,w,3,3,0,ctl,ok,0,0,5.1,48.9
mpp,0.0,8,qpsk-r1/2,w,9,1,0,data,ok,7,7,3.8,48.9
mpp,0.0,8,n4-ack-2f,n4,3,3,0,ctl,ok,0,0,3.1,48.9
mpp,0.0,8,qpsk-r1/2,w,9,2,1,data,ok,7,0,1.3,48.9
mpp,0.0,8,n4-ack-2f,n4,3,3,0,ctl,ok,0,0,-1.1,48.9
mpp,0.0,8,qpsk-r1/2,w,9,2,1,data,ok,0,0,3.3,48.9
mpp,0.0,8,ack-4f,w,3,3,0,ctl,ok,0,0,3.8,48.9
mpp,0.0,8,qpsk-r1/2,w,9,2,1,data,ok,7,7,4.8,48.9
mpp,0.0,8,ack-4f,w,2,2,0,ctl,ok,0,0,2.7,48.9
mpp,0.0,8,qpsk-r1/2,w,9,1,0,data,ok,8,8,3.5,48.9
mpp,0.0,8,ack-4f,w,2,2,0,ctl,ok,0,0,2.9,48.9
mpp,0.0,8,qpsk-r1/2,w,9,1,0,data,ok,8,8,4.9,48.9
mpp,0.0,8,ack-4f,w,2,2,0,ctl,ok,0,0,2.8,48.9
mpp,0.0,8,qpsk-r1/2,w,9,1,0,data,ok,8,8,3.8,48.9
mpp,0.0,8,ack-4f,w,2,2,0,ctl,ok,0,0,6.0,48.9
mpp,0.0,8,qpsk-r1/2,w,9,1,0,data,ok,8,8,2.9,48.9
mpp,0.0,8,n4-ack-2f,n4,2,2,0,ctl,ok,0,0,6.7,48.9
mpp,0.0,8,qpsk-r1/2,w,9,1,0,data,ctl_lost,8,0,2.6,48.9
mpp,0.0,8,ack-4f,w,3,3,0,ctl,ok,0,0,4.3,48.9
mpp,0.0,8,ack-4f,w,3,3,0,ctl,ok,0,0,5.0,48.9
mpp,0.0,8,qpsk-r1/2,w,9,2,1,data,ok,7,7,3.9,48.9
mpp,0.0,8,ack-1f,w,2,2,0,ctl,ok,0,0,3.8,48.9
mpp,0.0,8,qpsk-r1/2,w,9,1,0,data,ok,8,8,2.7,48.9
mpp,8.0,0,qpsk-r1/5,w,1,1,0,ctl,ok,0,0,11.5,203.2
mpp,8.0,0,qpsk-r1/5,w,1,1,0,ctl,ok,0,0,9.2,203.2
mpp,8.0,0,ack-4f,w,2,2,0,ctl,ok,0,0,10.6,203.2
mpp,8.0,0,ack-1f,w,3,3,0,ctl,ok,0,0,11.6,203.2
mpp,8.0,0,w48-16qam-r1/3,w48,19,2,1,data,ok,17,17,10.4,203.2
mpp,8.0,0,ack-1f,w,2,2,0,ctl,ok,0,0,11.6,203.2
mpp,8.0,0,w48-16qam-r1/3,w48,19,1,0,data,ok,18,18,9.7,203.2
mpp,8.0,0,ack-1f,w,2,2,0,ctl,ok,0,0,7.2,203.2
mpp,8.0,0,w48-16qam-r1/3,w48,19,1,0,data,ok,18,18,9.6,203.2
mpp,8.0,0,ack-1f,w,2,2,0,ctl,ok,0,0,10.2,203.2
mpp,8.0,0,w48-16qam-r1/3,w48,19,1,0,data,ok,18,18,10.0,203.2
mpp,8.0,0,ack-1f,w,2,2,0,ctl,ok,0,0,8.7,203.2
mpp,8.0,0,w48-16qam-r1/3,w48,19,1,0,data,ok,18,18,10.0,203.2
mpp,8.0,0,ack-1f,w,2,2,0,ctl,ok,0,0,6.2,203.2
mpp,8.0,0,w48-16qam-r1/3,w48,19,1,0,data,ok,18,18,9.3,203.2
mpp,8.0,0,ack-1f,w,2,2,0,ctl,ok,0,0,11.8,203.2
mpp,8.0,0,w48-16qam-r1/3,w48,19,1,0,data,ok,18,18,10.4,203.2
mpp,8.0,0,ack-1f,w,2,2,0,ctl,ok,0,0,9.5,203.2
mpp,8.0,0,w48-16qam-r1/3,w48,19,1,0,data,ok,18,18,10.1,203.2
mpp,8.0,0,ack-1f,w,2,2,0,ctl,ok,0,0,13.6,203.2
mpp,8.0,0,w48-16qam-r1/3,w48,19,1,0,data,ok,18,18,10.6,203.2
mpp,8.0,0,ack-1f,w,2,2,0,ctl,ok,0,0,7.5,203.2
mpp,8.0,0,w48-16qam-r1/3,w48,19,1,0,data,ok,18,18,10.2,203.2
mpp,8.0,0,ack-1f,w,2,2,0,ctl,ok,0,0,12.0,203.2
mpp,8.0,0,w48-16qam-r1/3,w48,19,1,0,data,ok,18,18,9.2,203.2
mpp,8.0,0,ack-1f,w,2,2,0,ctl,ok,0,0,12.1,203.2
mpp,8.0,0,w48-16qam-r1/3,w48,19,1,0,data,ok,18,18,8.7,203.2
mpp,8.0,0,ack-1f,w,3,3,0,ctl,ok,0,0,11.9,203.2
mpp,8.0,0,w48-16qam-r1/3,w48,19,2,1,data,ok,17,17,9.4,203.2
mpp,8.0,0,ack-1f,w,2,2,0,ctl,ok,0,0,3.3,203.2
mpp,8.0,0,w48-16qam-r1/3,w48,19,1,0,data,ok,18,18,8.3,203.2
mpp,8.0,0,ack-1f,w,3,3,0,ctl,ok,0,0,9.8,203.2
mpp,8.0,0,w48-16qam-r1/3,w48,19,2,1,data,ok,17,17,10.4,203.2
mpp,8.0,0,ack-1f,w,2,2,0,ctl,ok,0,0,8.9,203.2
mpp,8.0,0,w48-16qam-r1/3,w48,19,1,0,data,ok,18,18,10.3,203.2
mpp,8.0,0,ack-1f,w,2,2,0,ctl,ok,0,0,10.9,203.2
mpp,8.0,0,w48-16qam-r1/3,w48,19,1,0,data,ok,18,18,10.0,203.2
mpp,8.0,0,ack-1f,w,2,2,0,ctl,ok,0,0,11.2,203.2
mpp,8.0,0,w48-16qam-r1/3,w48,19,1,0,data,ok,18,18,9.2,203.2
mpp,8.0,0,ack-1f,w,2,2,0,ctl,ok,0,0,10.6,203.2
mpp,8.0,0,w48-16qam-r1/3,w48,19,1,0,data,ok,18,18,10.0,203.2
mpp,8.0,0,ack-1f,w,2,2,0,ctl,ok,0,0,12.0,203.2
mpp,8.0,0,w48-16qam-r1/3,w48,19,1,0,data,ok,18,18,9.9,203.2
mpp,8.0,0,ack-1f,w,2,2,0,ctl,ok,0,0,7.9,203.2
mpp,8.0,0,w48-16qam-r1/3,w48,19,1,0,data,ok,18,18,9.6,203.2
mpp,8.0,0,ack-1f,w,2,2,0,ctl,ok,0,0,6.9,203.2
mpp,8.0,0,w48-16qam-r1/3,w48,19,1,0,data,ok,18,18,10.6,203.2
mpp,8.0,0,ack-1f,w,2,2,0,ctl,ok,0,0,10.8,203.2
mpp,8.0,0,w48-16qam-r1/3,w48,19,1,0,data,ok,18,18,9.2,203.2
mpp,8.0,0,ack-1f,w,2,2,0,ctl,ok,0,0,14.9,203.2
mpp,8.0,0,w48-16qam-r1/3,w48,19,1,0,data,ok,18,18,9.8,203.2
mpp,8.0,0,ack-1f,w,2,2,0,ctl,ok,0,0,10.8,203.2
mpp,8.0,0,w48-16qam-r1/3,w48,19,1,0,data,ok,18,18,10.0,203.2
mpp,8.0,0,ack-1f,w,2,2,0,ctl,ok,0,0,14.3,203.2
mpp,8.0,0,w48-16qam-r1/3,w48,19,1,0,data,ok,18,18,9.4,203.2
mpp,8.0,0,ack-1f,w,2,2,0,ctl,ok,0,0,11.0,203.2
mpp,8.0,0,w48-16qam-r1/3,w48,19,1,0,data,ok,18,18,9.5,203.2
mpp,8.0,0,ack-1f,w,2,2,0,ctl,ok,0,0,15.1,203.2
mpp,8.0,0,w48-16qam-r1/3,w48,19,1,0,data,ok,18,18,9.4,203.2
mpp,8.0,0,ack-1f,w,2,2,0,ctl,ok,0,0,10.6,203.2
mpp,8.0,0,w48-16qam-r1/3,w48,19,1,0,data,ok,18,14,7.8,203.2
mpp,8.0,0,ack-1f,w,3,3,0,ctl,ok,0,0,8.6,203.2
mpp,8.0,0,w48-16qam-r1/3,w48,19,1,0,data,ok,14,14,9.1,203.2
mpp,8.0,0,ack-1f,w,2,2,0,ctl,ok,0,0,16.4,203.2
mpp,8.0,0,w48-16qam-r1/3,w48,19,1,0,data,ok,18,18,9.9,203.2
mpp,8.0,0,ack-1f,w,2,2,0,ctl,ok,0,0,10.5,203.2
mpp,8.0,0,w48-16qam-r1/3,w48,19,1,0,data,ok,18,18,9.6,203.2
mpp,8.0,0,ack-1f,w,2,2,0,ctl,ok,0,0,13.3,203.2
mpp,8.0,0,w48-16qam-r1/3,w48,19,1,0,data,ok,18,18,10.3,203.2
mpp,8.0,0,ack-1f,w,2,2,0,ctl,ok,0,0,12.0,203.2
mpp,8.0,0,w48-16qam-r1/3,w48,19,1,0,data,ok,18,18,9.0,203.2
mpp,8.0,0,ack-1f,w,2,2,0,ctl,ok,0,0,8.6,203.2
mpp,8.0,0,w48-16qam-r1/3,w48,19,1,0,data,ok,18,18,10.8,203.2
mpp,8.0,0,ack-1f,w,2,2,0,ctl,ok,0,0,8.8,203.2
mpp,8.0,0,w48-16qam-r1/3,w48,19,1,0,data,ok,18,18,10.0,203.2
mpp,8.0,0,ack-1f,w,2,2,0,ctl,ok,0,0,10.3,203.2
mpp,8.0,0,w48-16qam-r1/3,w48,19,1,0,data,ok,18,18,11.1,203.2
mpp,8.0,0,ack-1f,w,2,2,0,ctl,ok,0,0,13.7,203.2
mpp,8.0,0,w48-16qam-r1/3,w48,19,1,0,data,ok,18,18,9.3,203.2
mpp,8.0,0,ack-1f,w,2,2,0,ctl,ok,0,0,7.3,203.2
mpp,8.0,0,w48-16qam-r1/3,w48,19,1,0,data,ok,18,18,10.3,203.2
mpp,8.0,0,ack-1f,w,2,2,0,ctl,ok,0,0,13.3,203.2
mpp,8.0,0,w48-16qam-r1/3,w48,19,1,0,data,ok,18,18,10.7,203.2
mpp,8.0,0,ack-1f,w,2,2,0,ctl,ok,0,0,10.6,203.2
mpp,8.0,0,w48-16qam-r1/3,w48,19,1,0,data,ok,18,18,10.3,203.2
mpp,8.0,0,ack-1f,w,2,2,0,ctl,ok,0,0,12.3,203.2
mpp,8.0,0,w48-16qam-r1/3,w48,19,1,0,data,ok,18,18,10.1,203.2
mpp,8.0,0,ack-1f,w,2,2,0,ctl,ok,0,0,8.7,203.2
mpp,8.0,0,w48-16qam-r1/3,w48,19,1,0,data,ok,18,18,10.8,203.2
mpp,8.0,0,ack-1f,w,2,2,0,ctl,ok,0,0,6.6,203.2
mpp,8.0,0,w48-16qam-r1/3,w48,19,1,0,data,ok,18,18,10.2,203.2
mpp,8.0,0,ack-1f,w,2,2,0,ctl,ok,0,0,7.0,203.2
mpp,8.0,0,w48-16qam-r1/3,w48,19,1,0,data,ok,18,18,9.9,203.2
mpp,0.0,9,qpsk-r1/5,w,1,1,0,ctl,ok,0,0,1.5,48.5
mpp,0.0,9,qpsk-r1/5,w,1,1,0,ctl,ok,0,0,1.0,48.5
mpp,0.0,9,ack-4f,w,3,3,0,ctl,ok,0,0,2.8,48.5
mpp,0.0,9,ack-4f,w,3,3,0,ctl,ok,0,0,2.1,48.5
mpp,0.0,9,qpsk-r1/2,w,9,2,1,data,ok,7,2,2.6,48.5
mpp,0.0,9,ack-4f,w,3,3,0,ctl,ok,0,0,1.5,48.5
mpp,0.0,9,qpsk-r1/2,w,9,2,1,data,ok,3,0,2.2,48.5
mpp,0.0,9,ack-4f,w,3,3,0,ctl,ok,0,0,4.5,48.5
mpp,0.0,9,qpsk-r1/2,w,9,2,1,data,ok,5,5,4.5,48.5
mpp,0.0,9,ack-1f,w,3,3,0,ctl,ok,0,0,1.7,48.5
mpp,0.0,9,qpsk-r1/2,w,9,2,1,data,ok,7,7,3.5,48.5
mpp,0.0,9,ack-1f,w,2,2,0,ctl,ok,0,0,6.8,48.5
mpp,0.0,9,qpsk-r1/2,w,9,1,0,data,ok,8,8,3.8,48.5
mpp,0.0,9,ack-1f,w,3,3,0,ctl,ok,0,0,2.5,48.5
mpp,0.0,9,qpsk-r1/2,w,9,2,1,data,ok,7,7,4.0,48.5
mpp,0.0,9,ack-1f,w,2,2,0,ctl,ok,0,0,2.0,48.5
mpp,0.0,9,qpsk-r1/2,w,9,1,0,data,ctl_lost,8,0,1.9,48.5
mpp,0.0,9,ack-4f,w,3,3,0,ctl,ok,0,0,3.3,48.5
mpp,0.0,9,ack-4f,w,3,3,0,ctl,ok,0,0,0.3,48.5
mpp,0.0,9,qpsk-r1/2,w,9,2,1,data,ok,7,7,3.7,48.5
mpp,0.0,9,ack-4f,w,3,3,0,ctl,ok,0,0,4.0,48.5
mpp,0.0,9,qpsk-r1/2,w,9,2,1,data,ok,7,7,4.5,48.5
mpp,0.0,9,ack-1f,w,3,3,0,ctl,ok,0,0,2.2,48.5
mpp,0.0,9,qpsk-r1/2,w,9,2,1,data,ok,7,7,3.5,48.5
mpp,0.0,9,ack-1f,w,3,3,0,ctl,ok,0,0,2.9,48.5
mpp,0.0,9,qpsk-r1/2,w,9,2,1,data,ok,7,7,2.9,48.5
mpp,0.0,9,ack-1f,w,3,3,0,ctl,ok,0,0,3.7,48.5
mpp,0.0,9,qpsk-r1/2,w,9,2,1,data,ok,7,7,4.2,48.5
mpp,0.0,9,ack-1f,w,3,3,0,ctl,ok,0,0,5.0,48.5
mpp,0.0,9,qpsk-r1/2,w,9,2,1,data,ok,7,0,1.3,48.5
mpp,0.0,9,ack-1f,w,3,3,0,ctl,ok,0,0,0.1,48.5
mpp,0.0,9,qpsk-r1/2,w,9,2,1,data,ok,0,0,1.2,48.5
mpp,0.0,9,ack-1f,w,3,3,0,ctl,ok,0,0,8.7,48.5
mpp,0.0,9,qpsk-r1/2,w,9,2,1,data,ok,7,7,3.7,48.5
mpp,0.0,9,ack-1f,w,3,3,0,ctl,ok,0,0,4.0,48.5
mpp,0.0,9,qpsk-r1/2,w,9,2,1,data,ok,7,7,3.4,48.5
mpp,0.0,9,ack-1f,w,2,2,0,ctl,ok,0,0,1.0,48.5
mpp,0.0,9,qpsk-r1/2,w,9,1,0,data,ok,8,8,3.7,48.5
mpp,0.0,9,ack-1f,w,2,2,0,ctl,ok,0,0,3.9,48.5
mpp,0.0,9,qpsk-r1/2,w,9,1,0,data,ok,8,8,4.3,48.5
mpp,0.0,9,ack-1f,w,2,2,0,ctl,ok,0,0,0.2,48.5
mpp,0.0,9,qpsk-r1/2,w,9,1,0,data,ok,8,8,3.8,48.5
mpp,0.0,9,ack-1f,w,2,2,0,ctl,ok,0,0,3.0,48.5
mpp,0.0,9,qpsk-r1/2,w,9,1,0,data,ok,8,8,4.2,48.5
mpp,0.0,9,ack-1f,w,2,2,0,ctl,ok,0,0,0.5,48.5
mpp,0.0,9,qpsk-r1/2,w,9,1,0,data,ok,8,8,4.1,48.5
mpp,0.0,9,ack-1f,w,2,2,0,ctl,ok,0,0,3.6,48.5
mpp,0.0,9,qpsk-r1/2,w,9,1,0,data,ctl_lost,8,0,2.1,48.5
mpp,0.0,9,ack-4f,w,3,3,0,ctl,ok,0,0,3.0,48.5
mpp,0.0,9,ack-4f,w,3,3,0,ctl,ok,0,0,3.3,48.5
mpp,0.0,9,qpsk-r1/2,w,9,2,1,data,ok,7,7,4.4,48.5
mpp,0.0,9,ack-1f,w,2,2,0,ctl,ok,0,0,1.3,48.5
mpp,0.0,9,qpsk-r1/2,w,9,1,0,data,ctl_lost,8,4,3.0,48.5
mpp,0.0,9,ack-4f,w,3,3,0,ctl,ok,0,0,-0.7,48.5
mpp,0.0,9,ack-4f,w,3,3,0,ctl,ok,0,0,4.6,48.5
mpp,0.0,9,qpsk-r1/2,w,9,2,1,data,ok,7,3,3.0,48.5
mpp,0.0,9,ack-1f,w,3,3,0,ctl,ok,0,0,5.4,48.5
mpp,0.0,9,qpsk-r1/2,w,9,2,1,data,ok,3,0,2.6,48.5
mpp,0.0,9,ack-1f,w,3,3,0,ctl,ok,0,0,2.9,48.5
mpp,0.0,9,qpsk-r1/2,w,9,2,1,data,ok,6,6,4.2,48.5
mpp,0.0,9,ack-1f,w,2,2,0,ctl,ok,0,0,3.5,48.5
mpp,0.0,9,qpsk-r1/2,w,9,1,0,data,ctl_lost,8,1,2.2,48.5
mpp,0.0,9,ack-4f,w,3,3,0,ctl,ok,0,0,1.0,48.5
mpp,0.0,9,ack-4f,w,3,3,0,ctl,ok,0,0,4.2,48.5
mpp,0.0,9,qpsk-r1/2,w,9,2,1,data,ok,7,7,3.5,48.5
mpp,0.0,9,ack-1f,w,3,3,0,ctl,ok,0,0,0.2,48.5
mpp,0.0,9,qpsk-r1/2,w,9,2,1,data,ok,7,7,3.9,48.5
mpp,0.0,9,ack-1f,w,2,2,0,ctl,ok,0,0,-1.5,48.5
mpp,0.0,9,qpsk-r1/2,w,9,1,0,data,ok,8,8,3.2,48.5
mpp,0.0,9,ack-1f,w,2,2,0,ctl,ok,0,0,-0.2,48.5
mpp,0.0,9,qpsk-r1/2,w,9,1,0,data,ok,8,8,3.8,48.5
mpp,0.0,9,ack-1f,w,2,2,0,ctl,ok,0,0,1.8,48.5
mpp,0.0,9,qpsk-r1/2,w,9,1,0,data,ctl_lost,8,0,1.0,48.5
mpp,0.0,9,ack-4f,w,3,3,0,ctl,ok,0,0,3.7,48.5
mpp,0.0,9,ack-4f,w,3,3,0,ctl,ok,0,0,4.7,48.5
mpp,0.0,9,qpsk-r1/2,w,9,2,1,data,ok,7,4,2.5,48.5
mpp,0.0,9,ack-1f,w,3,3,0,ctl,ok,0,0,6.3,48.5
mpp,0.0,9,qpsk-r1/2,w,9,2,1,data,ok,5,5,3.8,48.5
mpp,0.0,9,ack-1f,w,3,3,0,ctl,ok,0,0,3.8,48.5
mpp,0.0,9,qpsk-r1/2,w,9,2,1,data,ok,7,0,1.9,48.5
mpp,0.0,9,ack-1f,w,3,3,0,ctl,ok,0,0,1.7,48.5
mpp,0.0,9,qpsk-r1/2,w,9,2,1,data,ok,0,0,3.4,48.5
mpp,0.0,9,ack-1f,w,3,3,0,ctl,ok,0,0,4.7,48.5
mpp,0.0,9,qpsk-r1/2,w,9,2,1,data,ok,7,7,4.0,48.5
mpp,0.0,9,ack-1f,w,2,2,0,ctl,ok,0,0,2.6,48.5
mpp,0.0,9,qpsk-r1/2,w,9,1,0,data,ok,8,8,3.4,48.5
mpp,0.0,9,ack-1f,w,2,2,0,ctl,ok,0,0,4.1,48.5
mpp,0.0,9,qpsk-r1/2,w,9,1,0,data,ok,8,8,4.7,48.5
mpp,0.0,9,ack-1f,w,2,2,0,ctl,ok,0,0,2.9,48.5
mpp,0.0,9,qpsk-r1/2,w,9,1,0,data,ok,8,8,3.3,48.5
mpp,0.0,9,ack-1f,w,2,2,0,ctl,ok,0,0,3.1,48.5
mpp,0.0,9,qpsk-r1/2,w,9,1,0,data,ok,8,8,4.3,48.5
mpp,0.0,9,ack-1f,w,2,2,0,ctl,ok,0,0,1.6,48.5
mpp,0.0,9,qpsk-r1/2,w,9,1,0,data,ok,8,8,3.8,48.5
mpp,0.0,9,ack-1f,w,2,2,0,ctl,ok,0,0,2.2,48.5
mpp,0.0,9,qpsk-r1/2,w,9,1,0,data,ok,8,8,2.9,48.5
mpp,0.0,11,qpsk-r1/5,w,1,1,0,ctl,ok,0,0,2.4,40.4
mpp,0.0,11,qpsk-r1/5,w,1,1,0,ctl,ok,0,0,-0.4,40.4
mpp,0.0,11,ack-4f,w,3,3,0,ctl,ok,0,0,1.7,40.4
mpp,0.0,11,ack-4f,w,3,3,0,ctl,ok,0,0,2.6,40.4
mpp,0.0,11,qpsk-r1/3,w,9,2,1,data,ok,7,7,3.6,40.4
mpp,0.0,11,ack-4f,w,3,3,0,ctl,ok,0,0,2.3,40.4
mpp,0.0,11,qpsk-r1/3,w,9,2,1,data,ok,7,7,4.1,40.4
mpp,0.0,11,ack-1f,w,3,3,0,ctl,ok,0,0,6.6,40.4
mpp,0.0,11,qpsk-r1/2,w,9,2,1,data,ok,7,7,3.4,40.4
mpp,0.0,11,ack-1f,w,3,3,0,ctl,ok,0,0,0.7,40.4
mpp,0.0,11,qpsk-r1/2,w,9,2,1,data,ok,7,0,2.4,40.4
mpp,0.0,11,ack-1f,w,3,3,0,ctl,ok,0,0,3.2,40.4
mpp,0.0,11,qpsk-r1/2,w,9,2,1,data,ok,0,0,3.1,40.4
mpp,0.0,11,ack-1f,w,3,3,0,ctl,ok,0,0,0.4,40.4
mpp,0.0,11,qpsk-r1/2,w,9,2,1,data,ok,7,7,3.7,40.4
mpp,0.0,11,ack-1f,w,3,3,0,ctl,ctl_lost,0,0,-1.2,40.4
mpp,0.0,11,ack-4f,w,3,3,0,ctl,ok,0,0,3.7,40.4
mpp,0.0,11,ack-4f,w,3,3,0,ctl,ok,0,0,1.9,40.4
mpp,0.0,11,qpsk-r1/2,w,9,2,1,data,ok,7,7,3.5,40.4
mpp,0.0,11,ack-4f,w,2,2,0,ctl,ok,0,0,2.7,40.4
mpp,0.0,11,qpsk-r1/2,w,9,1,0,data,ok,8,8,3.7,40.4
mpp,0.0,11,ack-1f,w,3,3,0,ctl,ok,0,0,5.0,40.4
mpp,0.0,11,qpsk-r1/2,w,9,2,1,data,ok,7,7,3.5,40.4
mpp,0.0,11,ack-1f,w,3,3,0,ctl,ok,0,0,0.4,40.4
mpp,0.0,11,qpsk-r1/2,w,9,2,1,data,ok,7,7,3.8,40.4
mpp,0.0,11,ack-1f,w,2,2,0,ctl,ctl_lost,0,0,-3.7,40.4
mpp,0.0,11,ack-4f,w,3,3,0,ctl,ok,0,0,4.5,40.4
mpp,0.0,11,ack-4f,w,2,2,0,ctl,ok,0,0,-0.7,40.4
mpp,0.0,11,qpsk-r1/2,w,9,1,0,data,ok,8,8,3.3,40.4
mpp,0.0,11,ack-4f,w,2,2,0,ctl,ok,0,0,5.6,40.4
mpp,0.0,11,qpsk-r1/2,w,9,1,0,data,ok,8,8,3.4,40.4
mpp,0.0,11,ack-1f,w,2,2,0,ctl,ok,0,0,3.7,40.4
mpp,0.0,11,qpsk-r1/2,w,9,1,0,data,ctl_lost,8,1,2.8,40.4
mpp,0.0,11,ack-4f,w,2,2,0,ctl,ok,0,0,1.1,40.4
mpp,0.0,11,ack-4f,w,3,3,0,ctl,ok,0,0,5.2,40.4
mpp,0.0,11,qpsk-r1/2,w,9,2,1,data,ok,7,7,2.8,40.4
mpp,0.0,11,ack-1f,w,3,3,0,ctl,ok,0,0,5.1,40.4
mpp,0.0,11,qpsk-r1/2,w,9,2,1,data,ok,7,7,3.2,40.4
mpp,0.0,11,ack-1f,w,3,3,0,ctl,ctl_lost,0,0,-2.7,40.4
mpp,0.0,11,ack-4f,w,3,3,0,ctl,ok,0,0,4.9,40.4
mpp,0.0,11,ack-4f,w,2,2,0,ctl,ok,0,0,-1.5,40.4
mpp,0.0,11,qpsk-r1/2,w,9,1,0,data,ctl_lost,8,0,2.1,40.4
mpp,0.0,11,ack-4f,w,3,3,0,ctl,ok,0,0,1.0,40.4
mpp,0.0,11,ack-4f,w,3,3,0,ctl,ok,0,0,1.7,40.4
mpp,0.0,11,qpsk-r1/3,w,9,2,1,data,ok,7,7,4.8,40.4
mpp,0.0,11,ack-4f,w,3,3,0,ctl,ok,0,0,5.0,40.4
mpp,0.0,11,qpsk-r1/2,w,9,2,1,data,ok,7,7,3.2,40.4
mpp,0.0,11,ack-4f,w,3,3,0,ctl,ok,0,0,2.7,40.4
mpp,0.0,11,qpsk-r1/2,w,9,2,1,data,ok,7,7,3.1,40.4
mpp,0.0,11,ack-4f,w,3,3,0,ctl,ok,0,0,3.1,40.4
mpp,0.0,11,qpsk-r1/2,w,9,2,1,data,ok,7,0,2.5,40.4
mpp,0.0,11,ack-4f,w,3,3,0,ctl,ok,0,0,5.2,40.4
mpp,0.0,11,qpsk-r1/2,w,9,2,1,data,ok,0,0,1.3,40.4
mpp,0.0,11,ack-4f,w,3,3,0,ctl,ok,0,0,3.5,40.4
mpp,0.0,11,qpsk-r1/2,w,9,2,1,data,ok,7,7,3.5,40.4
mpp,0.0,11,ack-4f,w,3,3,0,ctl,ok,0,0,3.5,40.4
mpp,0.0,11,qpsk-r1/2,w,9,2,1,data,ok,7,7,4.1,40.4
mpp,0.0,11,ack-4f,w,2,2,0,ctl,ok,0,0,6.7,40.4
mpp,0.0,11,qpsk-r1/2,w,9,1,0,data,ok,8,8,3.9,40.4
mpp,0.0,11,n4-ack-2f,n4,2,2,0,ctl,ok,0,0,-1.9,40.4
mpp,0.0,11,qpsk-r1/2,w,9,1,0,data,ok,8,6,2.7,40.4
mpp,0.0,11,ack-4f,w,3,3,0,ctl,ok,0,0,3.6,40.4
mpp,0.0,11,qpsk-r1/2,w,9,1,0,data,ctl_lost,6,0,2.3,40.4
mpp,0.0,11,ack-4f,w,3,3,0,ctl,ok,0,0,3.8,40.4
mpp,0.0,11,ack-4f,w,3,3,0,ctl,ok,0,0,5.3,40.4
mpp,0.0,11,qpsk-r1/2,w,9,2,1,data,ok,5,5,3.8,40.4
mpp,0.0,11,ack-4f,w,2,2,0,ctl,ok,0,0,2.6,40.4
mpp,0.0,11,qpsk-r1/2,w,9,1,0,data,ctl_lost,8,0,1.8,40.4
mpp,0.0,11,ack-4f,w,3,3,0,ctl,ok,0,0,1.9,40.4
mpp,0.0,11,ack-4f,w,3,3,0,ctl,ok,0,0,4.0,40.4
mpp,0.0,11,qpsk-r1/3,w,9,2,1,data,ok,7,7,3.2,40.4
mpp,0.0,11,ack-4f,w,2,2,0,ctl,ok,0,0,0.8,40.4
mpp,0.0,11,qpsk-r1/3,w,9,1,0,data,ok,8,8,2.9,40.4
mpp,0.0,11,ack-4f,w,2,2,0,ctl,ok,0,0,6.0,40.4
mpp,0.0,11,qpsk-r1/3,w,9,1,0,data,ok,8,8,3.9,40.4
mpp,0.0,11,ack-4f,w,3,3,0,ctl,ok,0,0,5.0,40.4
mpp,0.0,11,qpsk-r1/2,w,9,2,1,data,ok,7,7,3.1,40.4
mpp,0.0,11,ack-4f,w,3,3,0,ctl,ok,0,0,5.5,40.4
mpp,0.0,11,qpsk-r1/2,w,9,2,1,data,ok,7,5,2.8,40.4
mpp,0.0,11,ack-4f,w,3,3,0,ctl,ok,0,0,2.2,40.4
mpp,0.0,11,qpsk-r1/2,w,9,2,1,data,ok,5,5,3.9,40.4
mpp,0.0,11,ack-4f,w,3,3,0,ctl,ok,0,0,3.6,40.4
mpp,0.0,11,qpsk-r1/2,w,9,2,1,data,ok,7,7,3.4,40.4
mpp,0.0,11,ack-4f,w,3,3,0,ctl,ok,0,0,2.7,40.4
mpp,0.0,11,qpsk-r1/2,w,9,2,1,data,ok,7,6,2.3,40.4
mpp,0.0,11,ack-4f,w,3,3,0,ctl,ok,0,0,3.0,40.4
mpp,0.0,11,qpsk-r1/2,w,9,2,1,data,ok,6,0,-0.4,40.4
mpp,0.0,11,ack-4f,w,3,3,0,ctl,ok,0,0,2.7,40.4
mpp,0.0,11,qpsk-r1/3,w,9,2,1,data,ok,7,7,1.4,40.4
mpp,0.0,11,ack-4f,w,3,3,0,ctl,ok,0,0,4.4,40.4
mpp,0.0,11,qpsk-r1/3,w,9,2,1,data,ok,7,7,3.1,40.4
mpp,0.0,11,ack-4f,w,3,3,0,ctl,ok,0,0,0.8,40.4
mpp,0.0,11,qpsk-r1/3,w,9,2,1,data,ok,7,7,2.8,40.4
mpp,0.0,11,ack-4f,w,3,3,0,ctl,ok,0,0,4.7,40.4
mpp,0.0,11,qpsk-r1/2,w,9,2,1,data,ok,7,7,3.9,40.4
mpp,8.0,2,qpsk-r1/5,w,1,1,0,ctl,ok,0,0,10.6,202.7
mpp,8.0,2,qpsk-r1/5,w,1,1,0,ctl,ok,0,0,12.2,202.7
mpp,8.0,2,ack-4f,w,2,2,0,ctl,ok,0,0,8.3,202.7
mpp,8.0,2,ack-1f,w,2,2,0,ctl,ok,0,0,10.5,202.7
mpp,8.0,2,w48-qpsk-r1/2,w48,19,1,0,data,ok,18,18,9.7,202.7
mpp,8.0,2,ack-1f,w,3,3,0,ctl,ok,0,0,6.3,202.7
mpp,8.0,2,w48-16qam-r1/3,w48,19,2,1,data,ok,17,17,9.6,202.7
mpp,8.0,2,ack-1f,w,2,2,0,ctl,ok,0,0,10.0,202.7
mpp,8.0,2,w48-16qam-r1/3,w48,19,1,0,data,ok,18,18,9.0,202.7
mpp,8.0,2,ack-1f,w,2,2,0,ctl,ok,0,0,10.5,202.7
mpp,8.0,2,w48-16qam-r1/3,w48,19,1,0,data,ok,18,18,9.1,202.7
mpp,8.0,2,ack-1f,w,3,3,0,ctl,ok,0,0,9.2,202.7
mpp,8.0,2,w48-16qam-r1/3,w48,19,2,1,data,ok,17,17,8.8,202.7
mpp,8.0,2,ack-1f,w,3,3,0,ctl,ok,0,0,13.6,202.7
mpp,8.0,2,w48-16qam-r1/3,w48,19,2,1,data,ok,17,17,10.5,202.7
mpp,8.0,2,ack-1f,w,2,2,0,ctl,ok,0,0,10.9,202.7
mpp,8.0,2,w48-16qam-r1/3,w48,19,1,0,data,ok,18,18,9.9,202.7
mpp,8.0,2,ack-1f,w,2,2,0,ctl,ok,0,0,11.5,202.7
mpp,8.0,2,w48-16qam-r1/3,w48,19,1,0,data,ok,18,18,10.3,202.7
mpp,8.0,2,ack-1f,w,2,2,0,ctl,ok,0,0,6.4,202.7
mpp,8.0,2,w48-16qam-r1/3,w48,19,1,0,data,ok,18,18,9.0,202.7
mpp,8.0,2,ack-1f,w,2,2,0,ctl,ok,0,0,7.9,202.7
mpp,8.0,2,w48-16qam-r1/3,w48,19,1,0,data,ok,18,18,9.5,202.7
mpp,8.0,2,ack-1f,w,2,2,0,ctl,ok,0,0,14.6,202.7
mpp,8.0,2,w48-16qam-r1/3,w48,19,1,0,data,ok,18,18,9.0,202.7
mpp,8.0,2,ack-1f,w,2,2,0,ctl,ok,0,0,9.8,202.7
mpp,8.0,2,w48-16qam-r1/3,w48,19,1,0,data,ok,18,18,9.6,202.7
mpp,8.0,2,ack-1f,w,2,2,0,ctl,ok,0,0,13.8,202.7
mpp,8.0,2,w48-16qam-r1/3,w48,19,1,0,data,ok,18,18,11.2,202.7
mpp,8.0,2,ack-1f,w,2,2,0,ctl,ok,0,0,6.4,202.7
mpp,8.0,2,w48-16qam-r1/3,w48,19,1,0,data,ok,18,18,10.7,202.7
mpp,8.0,2,ack-1f,w,2,2,0,ctl,ok,0,0,13.4,202.7
mpp,8.0,2,w48-16qam-r1/3,w48,19,1,0,data,ok,18,18,9.1,202.7
mpp,8.0,2,ack-1f,w,2,2,0,ctl,ok,0,0,7.2,202.7
mpp,8.0,2,w48-16qam-r1/3,w48,19,1,0,data,ok,18,18,10.0,202.7
mpp,8.0,2,ack-1f,w,2,2,0,ctl,ok,0,0,13.0,202.7
mpp,8.0,2,w48-16qam-r1/3,w48,19,1,0,data,ok,18,18,10.0,202.7
mpp,8.0,2,ack-1f,w,2,2,0,ctl,ok,0,0,13.0,202.7
mpp,8.0,2,w48-16qam-r1/3,w48,19,1,0,data,ok,18,18,8.4,202.7
mpp,8.0,2,ack-1f,w,2,2,0,ctl,ok,0,0,8.3,202.7
mpp,8.0,2,w48-16qam-r1/3,w48,19,1,0,data,ok,18,18,10.9,202.7
mpp,8.0,2,ack-1f,w,2,2,0,ctl,ok,0,0,12.9,202.7
mpp,8.0,2,w48-16qam-r1/3,w48,19,1,0,data,ok,18,18,9.6,202.7
mpp,8.0,2,ack-1f,w,2,2,0,ctl,ok,0,0,16.1,202.7
mpp,8.0,2,w48-16qam-r1/3,w48,19,1,0,data,ok,18,18,10.6,202.7
mpp,8.0,2,ack-1f,w,2,2,0,ctl,ok,0,0,7.7,202.7
mpp,8.0,2,w48-16qam-r1/3,w48,19,1,0,data,ok,18,18,8.4,202.7
mpp,8.0,2,ack-1f,w,2,2,0,ctl,ok,0,0,8.2,202.7
mpp,8.0,2,w48-16qam-r1/3,w48,19,1,0,data,ok,18,18,9.6,202.7
mpp,8.0,2,ack-1f,w,2,2,0,ctl,ok,0,0,10.4,202.7
mpp,8.0,2,w48-16qam-r1/3,w48,19,1,0,data,ok,18,18,9.8,202.7
mpp,8.0,2,ack-1f,w,2,2,0,ctl,ok,0,0,13.5,202.7
mpp,8.0,2,w48-16qam-r1/3,w48,19,1,0,data,ok,18,18,10.4,202.7
mpp,8.0,2,ack-1f,w,2,2,0,ctl,ok,0,0,9.1,202.7
mpp,8.0,2,w48-16qam-r1/3,w48,19,1,0,data,ok,18,18,9.4,202.7
mpp,8.0,2,ack-1f,w,2,2,0,ctl,ok,0,0,11.7,202.7
mpp,8.0,2,w48-16qam-r1/3,w48,19,1,0,data,ok,18,18,10.5,202.7
mpp,8.0,2,ack-1f,w,2,2,0,ctl,ok,0,0,10.5,202.7
mpp,8.0,2,w48-16qam-r1/3,w48,19,1,0,data,ok,18,18,10.1,202.7
mpp,8.0,2,ack-1f,w,2,2,0,ctl,ok,0,0,13.1,202.7
mpp,8.0,2,w48-16qam-r1/3,w48,19,1,0,data,ok,18,18,10.8,202.7
mpp,8.0,2,ack-1f,w,2,2,0,ctl,ok,0,0,12.4,202.7
mpp,8.0,2,w48-16qam-r1/3,w48,19,1,0,data,ok,18,18,9.7,202.7
mpp,8.0,2,ack-1f,w,2,2,0,ctl,ok,0,0,10.9,202.7
mpp,8.0,2,w48-16qam-r1/3,w48,19,1,0,data,ok,18,18,11.0,202.7
mpp,8.0,2,ack-1f,w,2,2,0,ctl,ok,0,0,8.7,202.7
mpp,8.0,2,w48-16qam-r1/3,w48,19,1,0,data,ok,18,18,9.2,202.7
mpp,8.0,2,ack-1f,w,2,2,0,ctl,ok,0,0,9.5,202.7
mpp,8.0,2,w48-16qam-r1/3,w48,19,1,0,data,ok,18,18,10.4,202.7
mpp,8.0,2,ack-1f,w,2,2,0,ctl,ok,0,0,10.8,202.7
mpp,8.0,2,w48-16qam-r1/3,w48,19,1,0,data,ok,18,18,9.8,202.7
mpp,8.0,2,ack-1f,w,2,2,0,ctl,ok,0,0,9.5,202.7
mpp,8.0,2,w48-16qam-r1/3,w48,19,1,0,data,ok,18,18,9.3,202.7
mpp,8.0,2,ack-1f,w,2,2,0,ctl,ok,0,0,12.2,202.7
mpp,8.0,2,w48-16qam-r1/3,w48,19,1,0,data,ok,18,18,10.2,202.7
mpp,8.0,2,ack-1f,w,2,2,0,ctl,ok,0,0,12.8,202.7
mpp,8.0,2,w48-16qam-r1/3,w48,19,1,0,data,ok,18,18,10.0,202.7
mpp,8.0,2,ack-1f,w,2,2,0,ctl,ok,0,0,11.7,202.7
mpp,8.0,2,w48-16qam-r1/3,w48,19,1,0,data,ok,18,18,9.9,202.7
mpp,8.0,2,ack-1f,w,2,2,0,ctl,ok,0,0,8.5,202.7
mpp,8.0,2,w48-16qam-r1/3,w48,19,1,0,data,ok,18,18,11.4,202.7
mpp,8.0,2,ack-1f,w,2,2,0,ctl,ok,0,0,10.6,202.7
mpp,8.0,2,w48-16qam-r1/3,w48,19,1,0,data,ok,18,18,9.6,202.7
mpp,8.0,2,ack-1f,w,2,2,0,ctl,ok,0,0,11.6,202.7
mpp,8.0,2,w48-16qam-r1/3,w48,19,1,0,data,ok,18,18,8.7,202.7
mpp,8.0,2,ack-1f,w,2,2,0,ctl,ok,0,0,14.8,202.7
mpp,8.0,2,w48-16qam-r1/3,w48,19,1,0,data,ok,18,18,11.4,202.7
mpp,8.0,2,ack-1f,w,2,2,0,ctl,ok,0,0,9.5,202.7
mpp,8.0,2,w48-16qam-r1/3,w48,19,1,0,data,ok,18,18,9.8,202.7
mpp,8.0,2,ack-1f,w,2,2,0,ctl,ok,0,0,11.9,202.7
mpp,8.0,2,w48-16qam-r1/3,w48,19,1,0,data,ok,18,18,10.1,202.7
mpp,8.0,2,ack-1f,w,2,2,0,ctl,ok,0,0,13.2,202.7
mpp,8.0,2,w48-16qam-r1/3,w48,19,1,0,data,ok,18,18,8.8,202.7
mpp,8.0,1,qpsk-r1/5,w,1,1,0,ctl,ok,0,0,11.7,182.8
mpp,8.0,1,qpsk-r1/5,w,1,1,0,ctl,ok,0,0,13.4,182.8
mpp,8.0,1,ack-4f,w,2,2,0,ctl,ok,0,0,11.0,182.8
mpp,8.0,1,ack-1f,w,3,3,0,ctl,ok,0,0,16.8,182.8
mpp,8.0,1,w48-16qam-r1/3,w48,19,2,1,data,ok,17,17,9.2,182.8
mpp,8.0,1,ack-1f,w,3,3,0,ctl,ok,0,0,10.6,182.8
mpp,8.0,1,w48-16qam-r1/3,w48,19,2,1,data,ok,17,17,10.0,182.8
mpp,8.0,1,ack-1f,w,2,2,0,ctl,ok,0,0,9.6,182.8
mpp,8.0,1,w48-16qam-r1/3,w48,19,1,0,data,ok,18,18,9.6,182.8
mpp,8.0,1,ack-1f,w,2,2,0,ctl,ok,0,0,7.4,182.8
mpp,8.0,1,w48-16qam-r1/3,w48,19,1,0,data,ok,18,18,9.5,182.8
mpp,8.0,1,ack-1f,w,2,2,0,ctl,ok,0,0,7.5,182.8
mpp,8.0,1,w48-16qam-r1/3,w48,19,1,0,data,ok,18,18,9.4,182.8
mpp,8.0,1,ack-1f,w,2,2,0,ctl,ok,0,0,7.6,182.8
mpp,8.0,1,w48-16qam-r1/3,w48,19,1,0,data,ok,18,18,10.1,182.8
mpp,8.0,1,ack-1f,w,2,2,0,ctl,ok,0,0,7.4,182.8
mpp,8.0,1,w48-16qam-r1/3,w48,19,1,0,data,ok,18,18,9.8,182.8
mpp,8.0,1,ack-1f,w,2,2,0,ctl,ok,0,0,10.3,182.8
mpp,8.0,1,w48-16qam-r1/3,w48,19,1,0,data,ok,18,18,8.2,182.8
mpp,8.0,1,ack-1f,w,2,2,0,ctl,ok,0,0,9.8,182.8
mpp,8.0,1,w48-16qam-r1/3,w48,19,1,0,data,ok,18,18,8.9,182.8
mpp,8.0,1,ack-1f,w,2,2,0,ctl,ok,0,0,7.4,182.8
mpp,8.0,1,w48-16qam-r1/3,w48,19,1,0,data,ok,18,18,10.0,182.8
mpp,8.0,1,ack-1f,w,2,2,0,ctl,ok,0,0,11.0,182.8
mpp,8.0,1,w48-16qam-r1/3,w48,19,1,0,data,ok,18,18,8.7,182.8
mpp,8.0,1,ack-1f,w,2,2,0,ctl,ok,0,0,11.8,182.8
mpp,8.0,1,w48-16qam-r1/3,w48,19,1,0,data,ok,18,18,9.6,182.8
mpp,8.0,1,ack-1f,w,2,2,0,ctl,ok,0,0,9.1,182.8
mpp,8.0,1,w48-16qam-r1/3,w48,19,1,0,data,ok,18,18,9.3,182.8
mpp,8.0,1,ack-1f,w,2,2,0,ctl,ok,0,0,9.1,182.8
mpp,8.0,1,w48-16qam-r1/3,w48,19,1,0,data,ok,18,18,8.2,182.8
mpp,8.0,1,ack-1f,w,2,2,0,ctl,ok,0,0,8.6,182.8
mpp,8.0,1,w48-16qam-r1/3,w48,19,1,0,data,ok,18,18,10.9,182.8
mpp,8.0,1,ack-1f,w,2,2,0,ctl,ok,0,0,6.4,182.8
mpp,8.0,1,w48-16qam-r1/3,w48,19,1,0,data,ok,18,18,9.6,182.8
mpp,8.0,1,ack-1f,w,2,2,0,ctl,ok,0,0,14.9,182.8
mpp,8.0,1,w48-16qam-r1/3,w48,19,1,0,data,ok,18,18,10.0,182.8
mpp,8.0,1,ack-1f,w,2,2,0,ctl,ok,0,0,10.0,182.8
mpp,8.0,1,w48-16qam-r1/3,w48,19,1,0,data,ok,18,18,9.1,182.8
mpp,8.0,1,ack-1f,w,2,2,0,ctl,ok,0,0,13.8,182.8
mpp,8.0,1,w48-16qam-r1/3,w48,19,1,0,data,ok,18,18,9.3,182.8
mpp,8.0,1,ack-1f,w,2,2,0,ctl,ok,0,0,9.2,182.8
mpp,8.0,1,w48-16qam-r1/3,w48,19,1,0,data,ctl_lost,18,12,7.4,182.8
mpp,8.0,1,ack-4f,w,3,3,0,ctl,ok,0,0,13.3,182.8
mpp,8.0,1,ack-4f,w,2,2,0,ctl,ok,0,0,10.1,182.8
mpp,8.0,1,w48-16qam-r1/3,w48,19,1,0,data,ok,18,18,9.2,182.8
mpp,8.0,1,ack-1f,w,3,3,0,ctl,ok,0,0,11.3,182.8
mpp,8.0,1,w48-16qam-r1/3,w48,19,2,1,data,ok,17,17,10.0,182.8
mpp,8.0,1,ack-1f,w,2,2,0,ctl,ok,0,0,13.5,182.8
mpp,8.0,1,w48-16qam-r1/3,w48,19,1,0,data,ok,18,18,10.4,182.8
mpp,8.0,1,ack-1f,w,2,2,0,ctl,ok,0,0,9.0,182.8
mpp,8.0,1,w48-16qam-r1/3,w48,19,1,0,data,ok,18,18,9.6,182.8
mpp,8.0,1,ack-1f,w,2,2,0,ctl,ok,0,0,12.1,182.8
mpp,8.0,1,w48-16qam-r1/3,w48,19,1,0,data,ok,18,18,10.5,182.8
mpp,8.0,1,ack-1f,w,2,2,0,ctl,ok,0,0,10.8,182.8
mpp,8.0,1,w48-16qam-r1/3,w48,19,1,0,data,ok,18,18,10.5,182.8
mpp,8.0,1,ack-1f,w,2,2,0,ctl,ok,0,0,5.9,182.8
mpp,8.0,1,w48-16qam-r1/3,w48,19,1,0,data,ok,18,18,9.0,182.8
mpp,8.0,1,ack-1f,w,2,2,0,ctl,ok,0,0,9.0,182.8
mpp,8.0,1,w48-16qam-r1/3,w48,19,1,0,data,ctl_lost,18,18,8.5,182.8
mpp,8.0,1,ack-4f,w,3,3,0,ctl,ok,0,0,11.8,182.8
mpp,8.0,1,ack-4f,w,3,3,0,ctl,ok,0,0,11.6,182.8
mpp,8.0,1,w48-16qam-r1/3,w48,19,2,1,data,ok,17,17,10.0,182.8
mpp,8.0,1,ack-1f,w,2,2,0,ctl,ok,0,0,12.6,182.8
mpp,8.0,1,w48-16qam-r1/3,w48,19,1,0,data,ok,18,18,9.9,182.8
mpp,8.0,1,ack-1f,w,2,2,0,ctl,ok,0,0,9.4,182.8
mpp,8.0,1,w48-16qam-r1/3,w48,19,1,0,data,ctl_lost,18,13,7.6,182.8
mpp,8.0,1,ack-4f,w,3,3,0,ctl,ok,0,0,13.2,182.8
mpp,8.0,1,ack-4f,w,2,2,0,ctl,ok,0,0,10.8,182.8
mpp,8.0,1,w48-qpsk-r1/2,w48,19,1,0,data,ok,18,18,10.0,182.8
mpp,8.0,1,ack-1f,w,3,3,0,ctl,ok,0,0,8.9,182.8
mpp,8.0,1,w48-16qam-r1/3,w48,19,2,1,data,ok,17,17,10.1,182.8
mpp,8.0,1,ack-1f,w,2,2,0,ctl,ok,0,0,8.4,182.8
mpp,8.0,1,w48-16qam-r1/3,w48,19,1,0,data,ok,18,18,9.4,182.8
mpp,8.0,1,ack-1f,w,3,3,0,ctl,ok,0,0,11.6,182.8
mpp,8.0,1,w48-16qam-r1/3,w48,19,2,1,data,ok,17,17,9.8,182.8
mpp,8.0,1,ack-1f,w,3,3,0,ctl,ok,0,0,11.9,182.8
mpp,8.0,1,w48-16qam-r1/3,w48,19,2,1,data,ok,17,17,9.4,182.8
mpp,8.0,1,ack-1f,w,3,3,0,ctl,ok,0,0,13.4,182.8
mpp,8.0,1,w48-16qam-r1/3,w48,19,2,1,data,ok,17,17,10.8,182.8
mpp,8.0,1,ack-1f,w,2,2,0,ctl,ok,0,0,10.8,182.8
mpp,8.0,1,w48-16qam-r1/3,w48,19,1,0,data,ok,18,18,10.1,182.8
mpp,8.0,1,ack-1f,w,2,2,0,ctl,ok,0,0,9.4,182.8
mpp,8.0,1,w48-16qam-r1/3,w48,19,1,0,data,ok,18,18,9.4,182.8
mpp,8.0,1,ack-1f,w,3,3,0,ctl,ok,0,0,10.2,182.8
mpp,8.0,1,w48-16qam-r1/3,w48,19,2,1,data,ok,17,17,10.5,182.8
mpp,8.0,1,ack-1f,w,2,2,0,ctl,ok,0,0,10.0,182.8
mpp,8.0,1,w48-16qam-r1/3,w48,19,1,0,data,ok,18,18,10.1,182.8
mpp,8.0,1,ack-1f,w,2,2,0,ctl,ok,0,0,15.9,182.8
mpp,8.0,1,w48-16qam-r1/3,w48,19,1,0,data,ok,18,18,9.1,182.8
mpp,8.0,1,ack-1f,w,2,2,0,ctl,ok,0,0,7.3,182.8
mpp,8.0,1,w48-16qam-r1/3,w48,19,1,0,data,ok,18,18,9.0,182.8
mpp,8.0,1,ack-1f,w,3,3,0,ctl,ok,0,0,11.1,182.8
mpp,8.0,1,w48-16qam-r1/3,w48,19,2,1,data,ok,17,17,9.7,182.8
mpp,8.0,3,qpsk-r1/5,w,1,1,0,ctl,ok,0,0,10.6,203.2
mpp,8.0,3,qpsk-r1/5,w,1,1,0,ctl,ok,0,0,9.1,203.2
mpp,8.0,3,ack-4f,w,2,2,0,ctl,ok,0,0,10.8,203.2
mpp,8.0,3,ack-1f,w,3,3,0,ctl,ok,0,0,5.9,203.2
mpp,8.0,3,w48-16qam-r1/3,w48,19,2,1,data,ok,17,17,8.5,203.2
mpp,8.0,3,ack-1f,w,3,3,0,ctl,ok,0,0,12.8,203.2
mpp,8.0,3,w48-16qam-r1/3,w48,19,2,1,data,ok,17,17,9.5,203.2
mpp,8.0,3,ack-1f,w,2,2,0,ctl,ok,0,0,13.6,203.2
mpp,8.0,3,w48-16qam-r1/3,w48,19,1,0,data,ok,18,15,7.7,203.2
mpp,8.0,3,ack-1f,w,4,4,0,ctl,ok,0,0,12.8,203.2
mpp,8.0,3,w48-16qam-r1/3,w48,19,2,1,data,ok,14,14,10.0,203.2
mpp,8.0,3,ack-1f,w,2,2,0,ctl,ok,0,0,3.9,203.2
mpp,8.0,3,w48-16qam-r1/3,w48,19,1,0,data,ok,18,18,11.0,203.2
mpp,8.0,3,ack-1f,w,2,2,0,ctl,ok,0,0,14.9,203.2
mpp,8.0,3,w48-16qam-r1/3,w48,19,1,0,data,ok,18,18,11.2,203.2
mpp,8.0,3,ack-1f,w,2,2,0,ctl,ok,0,0,11.6,203.2
mpp,8.0,3,w48-16qam-r1/3,w48,19,1,0,data,ok,18,18,9.9,203.2
mpp,8.0,3,ack-1f,w,2,2,0,ctl,ok,0,0,13.1,203.2
mpp,8.0,3,w48-16qam-r1/3,w48,19,1,0,data,ok,18,18,9.4,203.2
mpp,8.0,3,ack-1f,w,2,2,0,ctl,ok,0,0,7.3,203.2
mpp,8.0,3,w48-16qam-r1/3,w48,19,1,0,data,ok,18,18,9.3,203.2
mpp,8.0,3,ack-1f,w,2,2,0,ctl,ok,0,0,11.7,203.2
mpp,8.0,3,w48-16qam-r1/3,w48,19,1,0,data,ok,18,18,10.3,203.2
mpp,8.0,3,ack-1f,w,2,2,0,ctl,ok,0,0,9.6,203.2
mpp,8.0,3,w48-16qam-r1/3,w48,19,1,0,data,ok,18,18,9.4,203.2
mpp,8.0,3,ack-1f,w,2,2,0,ctl,ok,0,0,14.6,203.2
mpp,8.0,3,w48-16qam-r1/3,w48,19,1,0,data,ok,18,18,10.8,203.2
mpp,8.0,3,ack-1f,w,2,2,0,ctl,ok,0,0,9.7,203.2
mpp,8.0,3,w48-16qam-r1/3,w48,19,1,0,data,ok,18,18,9.8,203.2
mpp,8.0,3,ack-1f,w,2,2,0,ctl,ok,0,0,9.7,203.2
mpp,8.0,3,w48-16qam-r1/3,w48,19,1,0,data,ok,18,18,9.4,203.2
mpp,8.0,3,ack-1f,w,2,2,0,ctl,ok,0,0,13.6,203.2
mpp,8.0,3,w48-16qam-r1/3,w48,19,1,0,data,ok,18,18,10.0,203.2
mpp,8.0,3,ack-1f,w,2,2,0,ctl,ok,0,0,8.8,203.2
mpp,8.0,3,w48-16qam-r1/3,w48,19,1,0,data,ok,18,18,10.5,203.2
mpp,8.0,3,ack-1f,w,2,2,0,ctl,ok,0,0,9.1,203.2
mpp,8.0,3,w48-16qam-r1/3,w48,19,1,0,data,ok,18,18,9.5,203.2
mpp,8.0,3,ack-1f,w,2,2,0,ctl,ok,0,0,12.8,203.2
mpp,8.0,3,w48-16qam-r1/3,w48,19,1,0,data,ok,18,18,8.3,203.2
mpp,8.0,3,ack-1f,w,2,2,0,ctl,ok,0,0,10.2,203.2
mpp,8.0,3,w48-16qam-r1/3,w48,19,1,0,data,ok,18,18,9.0,203.2
mpp,8.0,3,ack-1f,w,2,2,0,ctl,ok,0,0,11.4,203.2
mpp,8.0,3,w48-16qam-r1/3,w48,19,1,0,data,ok,18,18,9.0,203.2
mpp,8.0,3,ack-1f,w,2,2,0,ctl,ok,0,0,9.8,203.2
mpp,8.0,3,w48-16qam-r1/3,w48,19,1,0,data,ok,18,18,9.3,203.2
mpp,8.0,3,ack-1f,w,2,2,0,ctl,ok,0,0,9.4,203.2
mpp,8.0,3,w48-16qam-r1/3,w48,19,1,0,data,ok,18,18,9.4,203.2
mpp,8.0,3,ack-1f,w,2,2,0,ctl,ctl_lost,0,0,0.7,203.2
mpp,8.0,3,ack-4f,w,3,3,0,ctl,ok,0,0,10.1,203.2
mpp,8.0,3,ack-4f,w,2,2,0,ctl,ok,0,0,10.9,203.2
mpp,8.0,3,w48-16qam-r1/3,w48,19,1,0,data,ok,18,18,10.4,203.2
mpp,8.0,3,ack-1f,w,2,2,0,ctl,ok,0,0,10.2,203.2
mpp,8.0,3,w48-16qam-r1/3,w48,19,1,0,data,ok,18,18,8.7,203.2
mpp,8.0,3,ack-1f,w,2,2,0,ctl,ok,0,0,13.8,203.2
mpp,8.0,3,w48-16qam-r1/3,w48,19,1,0,data,ok,18,18,9.4,203.2
mpp,8.0,3,ack-1f,w,2,2,0,ctl,ok,0,0,11.2,203.2
mpp,8.0,3,w48-16qam-r1/3,w48,19,1,0,data,ok,18,18,10.0,203.2
mpp,8.0,3,ack-1f,w,2,2,0,ctl,ok,0,0,13.1,203.2
mpp,8.0,3,w48-16qam-r1/3,w48,19,1,0,data,ok,18,18,9.4,203.2
mpp,8.0,3,ack-1f,w,2,2,0,ctl,ok,0,0,11.3,203.2
mpp,8.0,3,w48-16qam-r1/3,w48,19,1,0,data,ok,18,18,10.0,203.2
mpp,8.0,3,ack-1f,w,2,2,0,ctl,ok,0,0,9.6,203.2
mpp,8.0,3,w48-16qam-r1/3,w48,19,1,0,data,ok,18,18,8.9,203.2
mpp,8.0,3,ack-1f,w,2,2,0,ctl,ok,0,0,9.5,203.2
mpp,8.0,3,w48-16qam-r1/3,w48,19,1,0,data,ok,18,18,9.4,203.2
mpp,8.0,3,ack-1f,w,2,2,0,ctl,ok,0,0,12.9,203.2
mpp,8.0,3,w48-16qam-r1/3,w48,19,1,0,data,ok,18,18,11.4,203.2
mpp,8.0,3,ack-1f,w,2,2,0,ctl,ok,0,0,11.1,203.2
mpp,8.0,3,w48-16qam-r1/3,w48,19,1,0,data,ok,18,18,8.7,203.2
mpp,8.0,3,ack-1f,w,2,2,0,ctl,ok,0,0,11.1,203.2
mpp,8.0,3,w48-16qam-r1/3,w48,19,1,0,data,ok,18,18,10.1,203.2
mpp,8.0,3,ack-1f,w,2,2,0,ctl,ok,0,0,8.6,203.2
mpp,8.0,3,w48-16qam-r1/3,w48,19,1,0,data,ok,18,18,9.1,203.2
mpp,8.0,3,ack-1f,w,2,2,0,ctl,ok,0,0,12.3,203.2
mpp,8.0,3,w48-16qam-r1/3,w48,19,1,0,data,ok,18,18,9.7,203.2
mpp,8.0,3,ack-1f,w,2,2,0,ctl,ok,0,0,10.1,203.2
mpp,8.0,3,w48-16qam-r1/3,w48,19,1,0,data,ok,18,18,10.4,203.2
mpp,8.0,3,ack-1f,w,2,2,0,ctl,ok,0,0,9.5,203.2
mpp,8.0,3,w48-16qam-r1/3,w48,19,1,0,data,ok,18,18,9.6,203.2
mpp,8.0,3,ack-1f,w,2,2,0,ctl,ok,0,0,9.9,203.2
mpp,8.0,3,w48-16qam-r1/3,w48,19,1,0,data,ok,18,18,9.8,203.2
mpp,8.0,3,ack-1f,w,2,2,0,ctl,ok,0,0,10.6,203.2
mpp,8.0,3,w48-16qam-r1/3,w48,19,1,0,data,ok,18,18,9.8,203.2
mpp,8.0,3,ack-1f,w,2,2,0,ctl,ok,0,0,6.5,203.2
mpp,8.0,3,w48-16qam-r1/3,w48,19,1,0,data,ok,18,18,11.1,203.2
mpp,8.0,3,ack-1f,w,2,2,0,ctl,ok,0,0,9.7,203.2
mpp,8.0,3,w48-16qam-r1/3,w48,19,1,0,data,ok,18,18,10.2,203.2
mpp,8.0,3,ack-1f,w,2,2,0,ctl,ok,0,0,11.2,203.2
mpp,8.0,3,w48-16qam-r1/3,w48,19,1,0,data,ok,18,18,9.8,203.2
mpp,8.0,3,ack-1f,w,2,2,0,ctl,ok,0,0,9.3,203.2
mpp,8.0,3,w48-16qam-r1/3,w48,19,1,0,data,ok,18,18,9.5,203.2
mpp,8.0,3,ack-1f,w,2,2,0,ctl,ok,0,0,8.4,203.2
mpp,8.0,3,w48-16qam-r1/3,w48,19,1,0,data,ok,18,18,9.1,203.2
mpp,8.0,3,ack-1f,w,2,2,0,ctl,ok,0,0,6.9,203.2
mpp,8.0,3,w48-16qam-r1/3,w48,19,1,0,data,ok,18,18,9.6,203.2
mpp,8.0,4,qpsk-r1/5,w,1,1,0,ctl,ok,0,0,14.2,204.4
mpp,8.0,4,qpsk-r1/5,w,1,1,0,ctl,ok,0,0,11.2,204.4
mpp,8.0,4,ack-4f,w,2,2,0,ctl,ok,0,0,11.0,204.4
mpp,8.0,4,ack-1f,w,2,2,0,ctl,ok,0,0,14.3,204.4
mpp,8.0,4,w48-16qam-r1/3,w48,19,1,0,data,ok,18,18,10.7,204.4
mpp,8.0,4,ack-1f,w,2,2,0,ctl,ok,0,0,8.6,204.4
mpp,8.0,4,w48-16qam-r1/3,w48,19,1,0,data,ok,18,18,9.3,204.4
mpp,8.0,4,ack-1f,w,2,2,0,ctl,ok,0,0,12.0,204.4
mpp,8.0,4,w48-16qam-r1/3,w48,19,1,0,data,ok,18,18,9.3,204.4
mpp,8.0,4,ack-1f,w,2,2,0,ctl,ok,0,0,12.8,204.4
mpp,8.0,4,w48-16qam-r1/3,w48,19,1,0,data,ok,18,18,8.5,204.4
mpp,8.0,4,ack-1f,w,3,3,0,ctl,ok,0,0,6.7,204.4
mpp,8.0,4,w48-16qam-r1/3,w48,19,2,1,data,ok,17,17,10.2,204.4
mpp,8.0,4,ack-1f,w,2,2,0,ctl,ok,0,0,7.5,204.4
mpp,8.0,4,w48-16qam-r1/3,w48,19,1,0,data,ok,18,18,9.5,204.4
mpp,8.0,4,ack-1f,w,2,2,0,ctl,ok,0,0,11.5,204.4
mpp,8.0,4,w48-16qam-r1/3,w48,19,1,0,data,ok,18,18,9.6,204.4
mpp,8.0,4,ack-1f,w,2,2,0,ctl,ok,0,0,13.9,204.4
mpp,8.0,4,w48-16qam-r1/3,w48,19,1,0,data,ok,18,18,8.2,204.4
mpp,8.0,4,ack-1f,w,3,3,0,ctl,ok,0,0,15.4,204.4
mpp,8.0,4,w48-16qam-r1/3,w48,19,2,1,data,ok,17,17,9.9,204.4
mpp,8.0,4,ack-1f,w,2,2,0,ctl,ok,0,0,10.8,204.4
mpp,8.0,4,w48-16qam-r1/3,w48,19,1,0,data,ok,18,18,9.6,204.4
mpp,8.0,4,ack-1f,w,2,2,0,ctl,ok,0,0,8.1,204.4
mpp,8.0,4,w48-16qam-r1/3,w48,19,1,0,data,ok,18,18,9.6,204.4
mpp,8.0,4,ack-1f,w,2,2,0,ctl,ok,0,0,9.9,204.4
mpp,8.0,4,w48-16qam-r1/3,w48,19,1,0,data,ok,18,18,9.0,204.4
mpp,8.0,4,ack-1f,w,2,2,0,ctl,ok,0,0,9.3,204.4
mpp,8.0,4,w48-16qam-r1/3,w48,19,1,0,data,ok,18,18,10.0,204.4
mpp,8.0,4,ack-1f,w,2,2,0,ctl,ok,0,0,6.6,204.4
mpp,8.0,4,w48-16qam-r1/3,w48,19,1,0,data,ok,18,18,9.6,204.4
mpp,8.0,4,ack-1f,w,2,2,0,ctl,ok,0,0,5.9,204.4
mpp,8.0,4,w48-16qam-r1/3,w48,19,1,0,data,ok,18,18,9.4,204.4
mpp,8.0,4,ack-1f,w,2,2,0,ctl,ok,0,0,5.6,204.4
mpp,8.0,4,w48-16qam-r1/3,w48,19,1,0,data,ok,18,18,10.1,204.4
mpp,8.0,4,ack-1f,w,2,2,0,ctl,ok,0,0,8.9,204.4
mpp,8.0,4,w48-16qam-r1/3,w48,19,1,0,data,ok,18,18,10.5,204.4
mpp,8.0,4,ack-1f,w,2,2,0,ctl,ok,0,0,14.1,204.4
mpp,8.0,4,w48-16qam-r1/3,w48,19,1,0,data,ok,18,18,10.1,204.4
mpp,8.0,4,ack-1f,w,2,2,0,ctl,ok,0,0,8.6,204.4
mpp,8.0,4,w48-16qam-r1/3,w48,19,1,0,data,ok,18,18,9.7,204.4
mpp,8.0,4,ack-1f,w,2,2,0,ctl,ok,0,0,9.0,204.4
mpp,8.0,4,w48-16qam-r1/3,w48,19,1,0,data,ok,18,18,10.4,204.4
mpp,8.0,4,ack-1f,w,2,2,0,ctl,ok,0,0,12.2,204.4
mpp,8.0,4,w48-16qam-r1/3,w48,19,1,0,data,ok,18,18,8.8,204.4
mpp,8.0,4,ack-1f,w,2,2,0,ctl,ok,0,0,14.1,204.4
mpp,8.0,4,w48-16qam-r1/3,w48,19,1,0,data,ok,18,18,9.5,204.4
mpp,8.0,4,ack-1f,w,2,2,0,ctl,ok,0,0,8.9,204.4
mpp,8.0,4,w48-16qam-r1/3,w48,19,1,0,data,ok,18,18,9.8,204.4
mpp,8.0,4,ack-1f,w,2,2,0,ctl,ok,0,0,15.0,204.4
mpp,8.0,4,w48-16qam-r1/3,w48,19,1,0,data,ok,18,18,9.8,204.4
mpp,8.0,4,ack-1f,w,2,2,0,ctl,ok,0,0,10.5,204.4
mpp,8.0,4,w48-16qam-r1/3,w48,19,1,0,data,ok,18,18,9.4,204.4
mpp,8.0,4,ack-1f,w,2,2,0,ctl,ok,0,0,15.3,204.4
mpp,8.0,4,w48-16qam-r1/3,w48,19,1,0,data,ok,18,18,10.1,204.4
mpp,8.0,4,ack-1f,w,2,2,0,ctl,ok,0,0,8.0,204.4
mpp,8.0,4,w48-16qam-r1/3,w48,19,1,0,data,ok,18,18,9.7,204.4
mpp,8.0,4,ack-1f,w,2,2,0,ctl,ok,0,0,7.8,204.4
mpp,8.0,4,w48-16qam-r1/3,w48,19,1,0,data,ok,18,18,9.2,204.4
mpp,8.0,4,ack-1f,w,2,2,0,ctl,ok,0,0,13.6,204.4
mpp,8.0,4,w48-16qam-r1/3,w48,19,1,0,data,ok,18,18,10.2,204.4
mpp,8.0,4,ack-1f,w,2,2,0,ctl,ok,0,0,8.9,204.4
mpp,8.0,4,w48-16qam-r1/3,w48,19,1,0,data,ok,18,18,7.9,204.4
mpp,8.0,4,ack-1f,w,2,2,0,ctl,ok,0,0,6.3,204.4
mpp,8.0,4,w48-16qam-r1/3,w48,19,1,0,data,ok,18,18,9.6,204.4
mpp,8.0,4,ack-1f,w,2,2,0,ctl,ok,0,0,11.6,204.4
mpp,8.0,4,w48-16qam-r1/3,w48,19,1,0,data,ok,18,18,9.9,204.4
mpp,8.0,4,ack-1f,w,2,2,0,ctl,ok,0,0,7.9,204.4
mpp,8.0,4,w48-16qam-r1/3,w48,19,1,0,data,ok,18,18,8.8,204.4
mpp,8.0,4,ack-1f,w,2,2,0,ctl,ok,0,0,6.2,204.4
mpp,8.0,4,w48-16qam-r1/3,w48,19,1,0,data,ok,18,18,10.6,204.4
mpp,8.0,4,ack-1f,w,2,2,0,ctl,ok,0,0,13.9,204.4
mpp,8.0,4,w48-16qam-r1/3,w48,19,1,0,data,ok,18,18,9.8,204.4
mpp,8.0,4,ack-1f,w,2,2,0,ctl,ok,0,0,7.6,204.4
mpp,8.0,4,w48-16qam-r1/3,w48,19,1,0,data,ok,18,18,9.0,204.4
mpp,8.0,4,ack-1f,w,2,2,0,ctl,ok,0,0,10.9,204.4
mpp,8.0,4,w48-16qam-r1/3,w48,19,1,0,data,ok,18,18,11.1,204.4
mpp,8.0,4,ack-1f,w,2,2,0,ctl,ok,0,0,12.6,204.4
mpp,8.0,4,w48-16qam-r1/3,w48,19,1,0,data,ok,18,18,10.2,204.4
mpp,8.0,4,ack-1f,w,2,2,0,ctl,ok,0,0,10.3,204.4
mpp,8.0,4,w48-16qam-r1/3,w48,19,1,0,data,ok,18,18,8.8,204.4
mpp,8.0,4,ack-1f,w,2,2,0,ctl,ok,0,0,11.9,204.4
mpp,8.0,4,w48-16qam-r1/3,w48,19,1,0,data,ok,18,18,9.1,204.4
mpp,8.0,4,ack-1f,w,2,2,0,ctl,ok,0,0,13.5,204.4
mpp,8.0,4,w48-16qam-r1/3,w48,19,1,0,data,ok,18,18,10.1,204.4
mpp,8.0,4,ack-1f,w,2,2,0,ctl,ok,0,0,13.3,204.4
mpp,8.0,4,w48-16qam-r1/3,w48,19,1,0,data,ok,18,18,11.4,204.4
mpp,8.0,4,ack-1f,w,2,2,0,ctl,ok,0,0,12.9,204.4
mpp,8.0,4,w48-16qam-r1/3,w48,19,1,0,data,ok,18,18,10.4,204.4
mpp,8.0,4,ack-1f,w,2,2,0,ctl,ok,0,0,6.5,204.4
mpp,8.0,4,w48-16qam-r1/3,w48,19,1,0,data,ok,18,18,10.8,204.4
mpp,8.0,4,ack-1f,w,2,2,0,ctl,ok,0,0,13.1,204.4
mpp,8.0,4,w48-16qam-r1/3,w48,19,1,0,data,ok,18,18,10.0,204.4
mpp,8.0,5,qpsk-r1/5,w,1,1,0,ctl,ok,0,0,9.9,204.0
mpp,8.0,5,qpsk-r1/5,w,1,1,0,ctl,ok,0,0,9.4,204.0
mpp,8.0,5,ack-4f,w,2,2,0,ctl,ok,0,0,11.9,204.0
mpp,8.0,5,ack-1f,w,3,3,0,ctl,ok,0,0,11.5,204.0
mpp,8.0,5,w48-16qam-r1/3,w48,19,2,1,data,ok,17,17,11.0,204.0
mpp,8.0,5,ack-1f,w,2,2,0,ctl,ok,0,0,13.7,204.0
mpp,8.0,5,w48-16qam-r1/3,w48,19,1,0,data,ok,18,18,10.6,204.0
mpp,8.0,5,ack-1f,w,2,2,0,ctl,ok,0,0,14.5,204.0
mpp,8.0,5,w48-16qam-r1/3,w48,19,1,0,data,ok,18,18,10.0,204.0
mpp,8.0,5,ack-1f,w,2,2,0,ctl,ok,0,0,9.7,204.0
mpp,8.0,5,w48-16qam-r1/3,w48,19,1,0,data,ok,18,18,8.6,204.0
mpp,8.0,5,ack-1f,w,3,3,0,ctl,ok,0,0,10.3,204.0
mpp,8.0,5,w48-16qam-r1/3,w48,19,2,1,data,ok,17,17,10.0,204.0
mpp,8.0,5,ack-1f,w,2,2,0,ctl,ok,0,0,10.4,204.0
mpp,8.0,5,w48-16qam-r1/3,w48,19,1,0,data,ok,18,18,9.3,204.0
mpp,8.0,5,ack-1f,w,2,2,0,ctl,ok,0,0,12.2,204.0
mpp,8.0,5,w48-16qam-r1/3,w48,19,1,0,data,ok,18,18,9.6,204.0
mpp,8.0,5,ack-1f,w,2,2,0,ctl,ok,0,0,10.5,204.0
mpp,8.0,5,w48-16qam-r1/3,w48,19,1,0,data,ok,18,18,8.4,204.0
mpp,8.0,5,ack-1f,w,3,3,0,ctl,ok,0,0,11.3,204.0
mpp,8.0,5,w48-16qam-r1/3,w48,19,2,1,data,ok,17,17,9.8,204.0
mpp,8.0,5,ack-1f,w,2,2,0,ctl,ok,0,0,8.2,204.0
mpp,8.0,5,w48-16qam-r1/3,w48,19,1,0,data,ok,18,18,10.0,204.0
mpp,8.0,5,ack-1f,w,2,2,0,ctl,ok,0,0,6.9,204.0
mpp,8.0,5,w48-16qam-r1/3,w48,19,1,0,data,ok,18,18,10.2,204.0
mpp,8.0,5,ack-1f,w,2,2,0,ctl,ok,0,0,11.4,204.0
mpp,8.0,5,w48-16qam-r1/3,w48,19,1,0,data,ok,18,18,9.5,204.0
mpp,8.0,5,ack-1f,w,2,2,0,ctl,ok,0,0,9.8,204.0
mpp,8.0,5,w48-16qam-r1/3,w48,19,1,0,data,ok,18,18,9.1,204.0
mpp,8.0,5,ack-1f,w,2,2,0,ctl,ok,0,0,5.5,204.0
mpp,8.0,5,w48-16qam-r1/3,w48,19,1,0,data,ok,18,18,8.7,204.0
mpp,8.0,5,ack-1f,w,2,2,0,ctl,ok,0,0,9.0,204.0
mpp,8.0,5,w48-16qam-r1/3,w48,19,1,0,data,ok,18,18,9.6,204.0
mpp,8.0,5,ack-1f,w,2,2,0,ctl,ok,0,0,15.5,204.0
mpp,8.0,5,w48-16qam-r1/3,w48,19,1,0,data,ok,18,18,9.6,204.0
mpp,8.0,5,ack-1f,w,2,2,0,ctl,ok,0,0,7.2,204.0
mpp,8.0,5,w48-16qam-r1/3,w48,19,1,0,data,ok,18,18,9.9,204.0
mpp,8.0,5,ack-1f,w,2,2,0,ctl,ok,0,0,15.3,204.0
mpp,8.0,5,w48-16qam-r1/3,w48,19,1,0,data,ok,18,18,10.3,204.0
mpp,8.0,5,ack-1f,w,2,2,0,ctl,ok,0,0,8.4,204.0
mpp,8.0,5,w48-16qam-r1/3,w48,19,1,0,data,ok,18,18,10.6,204.0
mpp,8.0,5,ack-1f,w,2,2,0,ctl,ok,0,0,3.8,204.0
mpp,8.0,5,w48-16qam-r1/3,w48,19,1,0,data,ok,18,18,8.5,204.0
mpp,8.0,5,ack-1f,w,2,2,0,ctl,ok,0,0,4.3,204.0
mpp,8.0,5,w48-16qam-r1/3,w48,19,1,0,data,ok,18,18,9.5,204.0
mpp,8.0,5,ack-1f,w,2,2,0,ctl,ok,0,0,9.8,204.0
mpp,8.0,5,w48-16qam-r1/3,w48,19,1,0,data,ok,18,18,10.3,204.0
mpp,8.0,5,ack-1f,w,2,2,0,ctl,ok,0,0,15.1,204.0
mpp,8.0,5,w48-16qam-r1/3,w48,19,1,0,data,ok,18,18,10.6,204.0
mpp,8.0,5,ack-1f,w,2,2,0,ctl,ok,0,0,5.7,204.0
mpp,8.0,5,w48-16qam-r1/3,w48,19,1,0,data,ok,18,18,9.7,204.0
mpp,8.0,5,ack-1f,w,2,2,0,ctl,ok,0,0,11.5,204.0
mpp,8.0,5,w48-16qam-r1/3,w48,19,1,0,data,ok,18,18,8.7,204.0
mpp,8.0,5,ack-1f,w,2,2,0,ctl,ok,0,0,11.2,204.0
mpp,8.0,5,w48-16qam-r1/3,w48,19,1,0,data,ok,18,18,9.0,204.0
mpp,8.0,5,ack-1f,w,2,2,0,ctl,ok,0,0,10.3,204.0
mpp,8.0,5,w48-16qam-r1/3,w48,19,1,0,data,ok,18,18,10.1,204.0
mpp,8.0,5,ack-1f,w,2,2,0,ctl,ok,0,0,14.0,204.0
mpp,8.0,5,w48-16qam-r1/3,w48,19,1,0,data,ok,18,18,10.7,204.0
mpp,8.0,5,ack-1f,w,2,2,0,ctl,ok,0,0,13.4,204.0
mpp,8.0,5,w48-16qam-r1/3,w48,19,1,0,data,ok,18,18,9.4,204.0
mpp,8.0,5,ack-1f,w,2,2,0,ctl,ok,0,0,8.3,204.0
mpp,8.0,5,w48-16qam-r1/3,w48,19,1,0,data,ok,18,18,10.2,204.0
mpp,8.0,5,ack-1f,w,2,2,0,ctl,ok,0,0,10.7,204.0
mpp,8.0,5,w48-16qam-r1/3,w48,19,1,0,data,ok,18,18,10.0,204.0
mpp,8.0,5,ack-1f,w,2,2,0,ctl,ok,0,0,8.1,204.0
mpp,8.0,5,w48-16qam-r1/3,w48,19,1,0,data,ok,18,18,9.2,204.0
mpp,8.0,5,ack-1f,w,2,2,0,ctl,ok,0,0,10.4,204.0
mpp,8.0,5,w48-16qam-r1/3,w48,19,1,0,data,ok,18,18,9.1,204.0
mpp,8.0,5,ack-1f,w,2,2,0,ctl,ok,0,0,9.0,204.0
mpp,8.0,5,w48-16qam-r1/3,w48,19,1,0,data,ok,18,18,10.3,204.0
mpp,8.0,5,ack-1f,w,2,2,0,ctl,ok,0,0,10.3,204.0
mpp,8.0,5,w48-16qam-r1/3,w48,19,1,0,data,ok,18,18,9.4,204.0
mpp,8.0,5,ack-1f,w,2,2,0,ctl,ok,0,0,7.0,204.0
mpp,8.0,5,w48-16qam-r1/3,w48,19,1,0,data,ok,18,18,9.6,204.0
mpp,8.0,5,ack-1f,w,2,2,0,ctl,ok,0,0,7.4,204.0
mpp,8.0,5,w48-16qam-r1/3,w48,19,1,0,data,ok,18,18,10.7,204.0
mpp,8.0,5,ack-1f,w,2,2,0,ctl,ok,0,0,13.0,204.0
mpp,8.0,5,w48-16qam-r1/3,w48,19,1,0,data,ok,18,18,8.4,204.0
mpp,8.0,5,ack-1f,w,2,2,0,ctl,ok,0,0,9.9,204.0
mpp,8.0,5,w48-16qam-r1/3,w48,19,1,0,data,ok,18,18,8.6,204.0
mpp,8.0,5,ack-1f,w,2,2,0,ctl,ok,0,0,11.1,204.0
mpp,8.0,5,w48-16qam-r1/3,w48,19,1,0,data,ok,18,18,8.8,204.0
mpp,8.0,5,ack-1f,w,2,2,0,ctl,ok,0,0,12.2,204.0
mpp,8.0,5,w48-16qam-r1/3,w48,19,1,0,data,ok,18,18,9.7,204.0
mpp,8.0,5,ack-1f,w,2,2,0,ctl,ok,0,0,10.0,204.0
mpp,8.0,5,w48-16qam-r1/3,w48,19,1,0,data,ok,18,18,9.8,204.0
mpp,8.0,5,ack-1f,w,2,2,0,ctl,ok,0,0,11.8,204.0
mpp,8.0,5,w48-16qam-r1/3,w48,19,1,0,data,ok,18,18,9.8,204.0
mpp,8.0,5,ack-1f,w,2,2,0,ctl,ok,0,0,14.6,204.0
mpp,8.0,5,w48-16qam-r1/3,w48,19,1,0,data,ok,18,18,9.5,204.0
mpp,8.0,5,ack-1f,w,2,2,0,ctl,ok,0,0,13.2,204.0
mpp,8.0,5,w48-16qam-r1/3,w48,19,1,0,data,ok,18,18,9.1,204.0
mpp,8.0,7,qpsk-r1/5,w,1,1,0,ctl,ok,0,0,10.4,204.4
mpp,8.0,7,qpsk-r1/5,w,1,1,0,ctl,ok,0,0,11.2,204.4
mpp,8.0,7,ack-4f,w,2,2,0,ctl,ok,0,0,10.9,204.4
mpp,8.0,7,ack-1f,w,3,3,0,ctl,ok,0,0,14.5,204.4
mpp,8.0,7,w48-16qam-r1/3,w48,19,2,1,data,ok,17,17,10.0,204.4
mpp,8.0,7,ack-1f,w,2,2,0,ctl,ok,0,0,10.1,204.4
mpp,8.0,7,w48-16qam-r1/3,w48,19,1,0,data,ok,18,18,10.2,204.4
mpp,8.0,7,ack-1f,w,2,2,0,ctl,ok,0,0,10.2,204.4
mpp,8.0,7,w48-16qam-r1/3,w48,19,1,0,data,ok,18,18,10.1,204.4
mpp,8.0,7,ack-1f,w,2,2,0,ctl,ok,0,0,12.1,204.4
mpp,8.0,7,w48-16qam-r1/3,w48,19,1,0,data,ok,18,18,10.7,204.4
mpp,8.0,7,ack-1f,w,2,2,0,ctl,ok,0,0,6.8,204.4
mpp,8.0,7,w48-16qam-r1/3,w48,19,1,0,data,ok,18,18,9.8,204.4
mpp,8.0,7,ack-1f,w,2,2,0,ctl,ok,0,0,7.8,204.4
mpp,8.0,7,w48-16qam-r1/3,w48,19,1,0,data,ok,18,18,10.8,204.4
mpp,8.0,7,ack-1f,w,2,2,0,ctl,ok,0,0,10.9,204.4
mpp,8.0,7,w48-16qam-r1/3,w48,19,1,0,data,ok,18,18,9.5,204.4
mpp,8.0,7,ack-1f,w,2,2,0,ctl,ok,0,0,14.6,204.4
mpp,8.0,7,w48-16qam-r1/3,w48,19,1,0,data,ok,18,18,8.8,204.4
mpp,8.0,7,ack-1f,w,3,3,0,ctl,ok,0,0,12.1,204.4
mpp,8.0,7,w48-16qam-r1/3,w48,19,2,1,data,ok,17,17,10.5,204.4
mpp,8.0,7,ack-1f,w,2,2,0,ctl,ok,0,0,9.1,204.4
mpp,8.0,7,w48-16qam-r1/3,w48,19,1,0,data,ok,18,18,10.0,204.4
mpp,8.0,7,ack-1f,w,2,2,0,ctl,ok,0,0,6.5,204.4
mpp,8.0,7,w48-16qam-r1/3,w48,19,1,0,data,ok,18,18,9.8,204.4
mpp,8.0,7,ack-1f,w,2,2,0,ctl,ok,0,0,11.5,204.4
mpp,8.0,7,w48-16qam-r1/3,w48,19,1,0,data,ok,18,18,9.1,204.4
mpp,8.0,7,ack-1f,w,2,2,0,ctl,ok,0,0,6.2,204.4
mpp,8.0,7,w48-16qam-r1/3,w48,19,1,0,data,ok,18,18,10.5,204.4
mpp,8.0,7,ack-1f,w,2,2,0,ctl,ok,0,0,13.8,204.4
mpp,8.0,7,w48-16qam-r1/3,w48,19,1,0,data,ok,18,18,10.6,204.4
mpp,8.0,7,ack-1f,w,2,2,0,ctl,ok,0,0,10.2,204.4
mpp,8.0,7,w48-16qam-r1/3,w48,19,1,0,data,ok,18,18,10.7,204.4
mpp,8.0,7,ack-1f,w,2,2,0,ctl,ok,0,0,7.6,204.4
mpp,8.0,7,w48-16qam-r1/3,w48,19,1,0,data,ok,18,18,11.0,204.4
mpp,8.0,7,ack-1f,w,2,2,0,ctl,ok,0,0,8.2,204.4
mpp,8.0,7,w48-16qam-r1/3,w48,19,1,0,data,ok,18,18,8.6,204.4
mpp,8.0,7,ack-1f,w,2,2,0,ctl,ok,0,0,12.8,204.4
mpp,8.0,7,w48-16qam-r1/3,w48,19,1,0,data,ok,18,18,9.5,204.4
mpp,8.0,7,ack-1f,w,2,2,0,ctl,ok,0,0,13.8,204.4
mpp,8.0,7,w48-16qam-r1/3,w48,19,1,0,data,ok,18,18,10.4,204.4
mpp,8.0,7,ack-1f,w,2,2,0,ctl,ok,0,0,13.8,204.4
mpp,8.0,7,w48-16qam-r1/3,w48,19,1,0,data,ok,18,18,10.6,204.4
mpp,8.0,7,ack-1f,w,2,2,0,ctl,ok,0,0,15.6,204.4
mpp,8.0,7,w48-16qam-r1/3,w48,19,1,0,data,ok,18,18,10.3,204.4
mpp,8.0,7,ack-1f,w,2,2,0,ctl,ok,0,0,13.7,204.4
mpp,8.0,7,w48-16qam-r1/3,w48,19,1,0,data,ok,18,18,9.0,204.4
mpp,8.0,7,ack-1f,w,2,2,0,ctl,ok,0,0,7.6,204.4
mpp,8.0,7,w48-16qam-r1/3,w48,19,1,0,data,ok,18,18,10.4,204.4
mpp,8.0,7,ack-1f,w,2,2,0,ctl,ok,0,0,10.0,204.4
mpp,8.0,7,w48-16qam-r1/3,w48,19,1,0,data,ok,18,18,10.3,204.4
mpp,8.0,7,ack-1f,w,2,2,0,ctl,ok,0,0,11.5,204.4
mpp,8.0,7,w48-16qam-r1/3,w48,19,1,0,data,ok,18,18,9.9,204.4
mpp,8.0,7,ack-1f,w,2,2,0,ctl,ok,0,0,11.2,204.4
mpp,8.0,7,w48-16qam-r1/3,w48,19,1,0,data,ok,18,18,10.3,204.4
mpp,8.0,7,ack-1f,w,2,2,0,ctl,ok,0,0,8.6,204.4
mpp,8.0,7,w48-16qam-r1/3,w48,19,1,0,data,ok,18,18,9.6,204.4
mpp,8.0,7,ack-1f,w,2,2,0,ctl,ok,0,0,10.9,204.4
mpp,8.0,7,w48-16qam-r1/3,w48,19,1,0,data,ok,18,18,10.8,204.4
mpp,8.0,7,ack-1f,w,2,2,0,ctl,ok,0,0,12.8,204.4
mpp,8.0,7,w48-16qam-r1/3,w48,19,1,0,data,ok,18,18,8.5,204.4
mpp,8.0,7,ack-1f,w,2,2,0,ctl,ok,0,0,12.4,204.4
mpp,8.0,7,w48-16qam-r1/3,w48,19,1,0,data,ok,18,18,8.6,204.4
mpp,8.0,7,ack-1f,w,2,2,0,ctl,ok,0,0,13.6,204.4
mpp,8.0,7,w48-16qam-r1/3,w48,19,1,0,data,ok,18,18,10.5,204.4
mpp,8.0,7,ack-1f,w,2,2,0,ctl,ok,0,0,12.4,204.4
mpp,8.0,7,w48-16qam-r1/3,w48,19,1,0,data,ok,18,18,9.7,204.4
mpp,8.0,7,ack-1f,w,2,2,0,ctl,ok,0,0,14.1,204.4
mpp,8.0,7,w48-16qam-r1/3,w48,19,1,0,data,ok,18,18,9.0,204.4
mpp,8.0,7,ack-1f,w,2,2,0,ctl,ok,0,0,13.5,204.4
mpp,8.0,7,w48-16qam-r1/3,w48,19,1,0,data,ok,18,18,9.7,204.4
mpp,8.0,7,ack-1f,w,2,2,0,ctl,ok,0,0,11.9,204.4
mpp,8.0,7,w48-16qam-r1/3,w48,19,1,0,data,ok,18,18,9.5,204.4
mpp,8.0,7,ack-1f,w,2,2,0,ctl,ok,0,0,15.1,204.4
mpp,8.0,7,w48-16qam-r1/3,w48,19,1,0,data,ok,18,18,10.4,204.4
mpp,8.0,7,ack-1f,w,2,2,0,ctl,ok,0,0,11.2,204.4
mpp,8.0,7,w48-16qam-r1/3,w48,19,1,0,data,ok,18,18,8.6,204.4
mpp,8.0,7,ack-1f,w,2,2,0,ctl,ok,0,0,8.5,204.4
mpp,8.0,7,w48-16qam-r1/3,w48,19,1,0,data,ok,18,18,9.6,204.4
mpp,8.0,7,ack-1f,w,2,2,0,ctl,ok,0,0,11.9,204.4
mpp,8.0,7,w48-16qam-r1/3,w48,19,1,0,data,ok,18,18,11.4,204.4
mpp,8.0,7,ack-1f,w,2,2,0,ctl,ok,0,0,14.3,204.4
mpp,8.0,7,w48-16qam-r1/3,w48,19,1,0,data,ok,18,18,8.9,204.4
mpp,8.0,7,ack-1f,w,2,2,0,ctl,ok,0,0,11.7,204.4
mpp,8.0,7,w48-16qam-r1/3,w48,19,1,0,data,ok,18,18,10.0,204.4
mpp,8.0,7,ack-1f,w,2,2,0,ctl,ok,0,0,8.1,204.4
mpp,8.0,7,w48-16qam-r1/3,w48,19,1,0,data,ok,18,18,9.2,204.4
mpp,8.0,7,ack-1f,w,2,2,0,ctl,ok,0,0,6.1,204.4
mpp,8.0,7,w48-16qam-r1/3,w48,19,1,0,data,ok,18,18,10.7,204.4
mpp,8.0,7,ack-1f,w,2,2,0,ctl,ok,0,0,11.1,204.4
mpp,8.0,7,w48-16qam-r1/3,w48,19,1,0,data,ok,18,18,8.7,204.4
mpp,8.0,7,ack-1f,w,2,2,0,ctl,ok,0,0,5.7,204.4
mpp,8.0,7,w48-16qam-r1/3,w48,19,1,0,data,ok,18,18,9.6,204.4
mpp,8.0,6,qpsk-r1/5,w,1,1,0,ctl,ok,0,0,12.4,202.7
mpp,8.0,6,qpsk-r1/5,w,1,1,0,ctl,ok,0,0,12.7,202.7
mpp,8.0,6,ack-4f,w,2,2,0,ctl,ok,0,0,8.5,202.7
mpp,8.0,6,ack-1f,w,2,2,0,ctl,ok,0,0,9.0,202.7
mpp,8.0,6,w48-qpsk-r1/2,w48,19,1,0,data,ok,18,18,9.9,202.7
mpp,8.0,6,ack-1f,w,3,3,0,ctl,ok,0,0,9.6,202.7
mpp,8.0,6,w48-16qam-r1/3,w48,19,2,1,data,ok,17,17,10.6,202.7
mpp,8.0,6,ack-1f,w,2,2,0,ctl,ok,0,0,7.1,202.7
mpp,8.0,6,w48-16qam-r1/3,w48,19,1,0,data,ok,18,18,9.9,202.7
mpp,8.0,6,ack-1f,w,2,2,0,ctl,ok,0,0,6.6,202.7
mpp,8.0,6,w48-16qam-r1/3,w48,19,1,0,data,ok,18,18,8.8,202.7
mpp,8.0,6,ack-1f,w,3,3,0,ctl,ok,0,0,14.9,202.7
mpp,8.0,6,w48-16qam-r1/3,w48,19,2,1,data,ok,17,17,9.5,202.7
mpp,8.0,6,ack-1f,w,2,2,0,ctl,ok,0,0,8.5,202.7
mpp,8.0,6,w48-16qam-r1/3,w48,19,1,0,data,ok,18,18,9.0,202.7
mpp,8.0,6,ack-1f,w,2,2,0,ctl,ok,0,0,13.0,202.7
mpp,8.0,6,w48-16qam-r1/3,w48,19,1,0,data,ok,18,18,9.1,202.7
mpp,8.0,6,ack-1f,w,2,2,0,ctl,ok,0,0,12.0,202.7
mpp,8.0,6,w48-16qam-r1/3,w48,19,1,0,data,ok,18,18,9.6,202.7
mpp,8.0,6,ack-1f,w,2,2,0,ctl,ok,0,0,9.2,202.7
mpp,8.0,6,w48-16qam-r1/3,w48,19,1,0,data,ok,18,18,10.6,202.7
mpp,8.0,6,ack-1f,w,2,2,0,ctl,ok,0,0,6.8,202.7
mpp,8.0,6,w48-16qam-r1/3,w48,19,1,0,data,ok,18,18,9.7,202.7
mpp,8.0,6,ack-1f,w,2,2,0,ctl,ok,0,0,10.2,202.7
mpp,8.0,6,w48-16qam-r1/3,w48,19,1,0,data,ok,18,18,11.2,202.7
mpp,8.0,6,ack-1f,w,2,2,0,ctl,ok,0,0,13.5,202.7
mpp,8.0,6,w48-16qam-r1/3,w48,19,1,0,data,ok,18,18,10.4,202.7
mpp,8.0,6,ack-1f,w,2,2,0,ctl,ok,0,0,11.0,202.7
mpp,8.0,6,w48-16qam-r1/3,w48,19,1,0,data,ok,18,18,10.4,202.7
mpp,8.0,6,ack-1f,w,2,2,0,ctl,ok,0,0,7.1,202.7
mpp,8.0,6,w48-16qam-r1/3,w48,19,1,0,data,ok,18,18,11.1,202.7
mpp,8.0,6,ack-1f,w,2,2,0,ctl,ok,0,0,14.5,202.7
mpp,8.0,6,w48-16qam-r1/3,w48,19,1,0,data,ok,18,18,11.3,202.7
mpp,8.0,6,ack-1f,w,2,2,0,ctl,ok,0,0,7.3,202.7
mpp,8.0,6,w48-16qam-r1/3,w48,19,1,0,data,ok,18,18,9.1,202.7
mpp,8.0,6,ack-1f,w,2,2,0,ctl,ok,0,0,8.9,202.7
mpp,8.0,6,w48-16qam-r1/3,w48,19,1,0,data,ok,18,18,10.1,202.7
mpp,8.0,6,ack-1f,w,2,2,0,ctl,ok,0,0,11.6,202.7
mpp,8.0,6,w48-16qam-r1/3,w48,19,1,0,data,ok,18,18,10.2,202.7
mpp,8.0,6,ack-1f,w,2,2,0,ctl,ok,0,0,9.7,202.7
mpp,8.0,6,w48-16qam-r1/3,w48,19,1,0,data,ok,18,18,9.3,202.7
mpp,8.0,6,ack-1f,w,2,2,0,ctl,ok,0,0,12.9,202.7
mpp,8.0,6,w48-16qam-r1/3,w48,19,1,0,data,ok,18,18,9.0,202.7
mpp,8.0,6,ack-1f,w,2,2,0,ctl,ok,0,0,11.3,202.7
mpp,8.0,6,w48-16qam-r1/3,w48,19,1,0,data,ok,18,18,9.3,202.7
mpp,8.0,6,ack-1f,w,2,2,0,ctl,ok,0,0,8.4,202.7
mpp,8.0,6,w48-16qam-r1/3,w48,19,1,0,data,ok,18,17,7.6,202.7
mpp,8.0,6,ack-1f,w,4,4,0,ctl,ok,0,0,9.2,202.7
mpp,8.0,6,w48-16qam-r1/3,w48,19,2,1,data,ok,16,16,9.9,202.7
mpp,8.0,6,ack-1f,w,2,2,0,ctl,ok,0,0,11.5,202.7
mpp,8.0,6,w48-16qam-r1/3,w48,19,1,0,data,ok,18,18,10.4,202.7
mpp,8.0,6,ack-1f,w,2,2,0,ctl,ok,0,0,8.1,202.7
mpp,8.0,6,w48-16qam-r1/3,w48,19,1,0,data,ok,18,18,8.5,202.7
mpp,8.0,6,ack-1f,w,2,2,0,ctl,ok,0,0,7.7,202.7
mpp,8.0,6,w48-16qam-r1/3,w48,19,1,0,data,ok,18,18,9.5,202.7
mpp,8.0,6,ack-1f,w,2,2,0,ctl,ok,0,0,9.4,202.7
mpp,8.0,6,w48-16qam-r1/3,w48,19,1,0,data,ok,18,18,9.6,202.7
mpp,8.0,6,ack-1f,w,2,2,0,ctl,ok,0,0,11.8,202.7
mpp,8.0,6,w48-16qam-r1/3,w48,19,1,0,data,ok,18,18,10.2,202.7
mpp,8.0,6,ack-1f,w,2,2,0,ctl,ok,0,0,10.5,202.7
mpp,8.0,6,w48-16qam-r1/3,w48,19,1,0,data,ok,18,18,9.0,202.7
mpp,8.0,6,ack-1f,w,2,2,0,ctl,ok,0,0,8.9,202.7
mpp,8.0,6,w48-16qam-r1/3,w48,19,1,0,data,ok,18,18,10.1,202.7
mpp,8.0,6,ack-1f,w,2,2,0,ctl,ok,0,0,7.2,202.7
mpp,8.0,6,w48-16qam-r1/3,w48,19,1,0,data,ok,18,18,10.0,202.7
mpp,8.0,6,ack-1f,w,2,2,0,ctl,ok,0,0,15.0,202.7
mpp,8.0,6,w48-16qam-r1/3,w48,19,1,0,data,ok,18,18,9.4,202.7
mpp,8.0,6,ack-1f,w,2,2,0,ctl,ok,0,0,12.6,202.7
mpp,8.0,6,w48-16qam-r1/3,w48,19,1,0,data,ok,18,18,10.0,202.7
mpp,8.0,6,ack-1f,w,2,2,0,ctl,ok,0,0,11.1,202.7
mpp,8.0,6,w48-16qam-r1/3,w48,19,1,0,data,ok,18,18,9.3,202.7
mpp,8.0,6,ack-1f,w,2,2,0,ctl,ok,0,0,9.7,202.7
mpp,8.0,6,w48-16qam-r1/3,w48,19,1,0,data,ok,18,18,9.9,202.7
mpp,8.0,6,ack-1f,w,2,2,0,ctl,ok,0,0,12.5,202.7
mpp,8.0,6,w48-16qam-r1/3,w48,19,1,0,data,ok,18,18,8.8,202.7
mpp,8.0,6,ack-1f,w,2,2,0,ctl,ok,0,0,10.8,202.7
mpp,8.0,6,w48-16qam-r1/3,w48,19,1,0,data,ok,18,18,10.1,202.7
mpp,8.0,6,ack-1f,w,2,2,0,ctl,ok,0,0,15.3,202.7
mpp,8.0,6,w48-16qam-r1/3,w48,19,1,0,data,ok,18,18,10.0,202.7
mpp,8.0,6,ack-1f,w,2,2,0,ctl,ok,0,0,13.3,202.7
mpp,8.0,6,w48-16qam-r1/3,w48,19,1,0,data,ok,18,18,10.1,202.7
mpp,8.0,6,ack-1f,w,2,2,0,ctl,ok,0,0,9.8,202.7
mpp,8.0,6,w48-16qam-r1/3,w48,19,1,0,data,ok,18,18,9.2,202.7
mpp,8.0,6,ack-1f,w,2,2,0,ctl,ok,0,0,10.1,202.7
mpp,8.0,6,w48-16qam-r1/3,w48,19,1,0,data,ok,18,18,10.5,202.7
mpp,8.0,6,ack-1f,w,2,2,0,ctl,ok,0,0,10.3,202.7
mpp,8.0,6,w48-16qam-r1/3,w48,19,1,0,data,ok,18,18,10.0,202.7
mpp,8.0,6,ack-1f,w,2,2,0,ctl,ok,0,0,11.3,202.7
mpp,8.0,6,w48-16qam-r1/3,w48,19,1,0,data,ok,18,18,9.8,202.7
mpp,8.0,6,ack-1f,w,2,2,0,ctl,ok,0,0,11.6,202.7
mpp,8.0,6,w48-16qam-r1/3,w48,19,1,0,data,ok,18,18,8.9,202.7
mpp,8.0,6,ack-1f,w,2,2,0,ctl,ok,0,0,6.1,202.7
mpp,8.0,6,w48-16qam-r1/3,w48,19,1,0,data,ok,18,18,9.4,202.7
mpp,8.0,8,qpsk-r1/5,w,1,1,0,ctl,ok,0,0,12.9,204.0
mpp,8.0,8,qpsk-r1/5,w,1,1,0,ctl,ok,0,0,14.7,204.0
mpp,8.0,8,ack-4f,w,2,2,0,ctl,ok,0,0,11.6,204.0
mpp,8.0,8,ack-1f,w,2,2,0,ctl,ok,0,0,10.7,204.0
mpp,8.0,8,w48-16qam-r1/3,w48,19,1,0,data,ok,18,18,9.7,204.0
mpp,8.0,8,ack-1f,w,3,3,0,ctl,ok,0,0,10.0,204.0
mpp,8.0,8,w48-16qam-r1/3,w48,19,2,1,data,ok,17,17,10.4,204.0
mpp,8.0,8,ack-1f,w,2,2,0,ctl,ok,0,0,8.9,204.0
mpp,8.0,8,w48-16qam-r1/3,w48,19,1,0,data,ok,18,18,9.6,204.0
mpp,8.0,8,ack-1f,w,2,2,0,ctl,ok,0,0,13.1,204.0
mpp,8.0,8,w48-16qam-r1/3,w48,19,1,0,data,ok,18,18,9.1,204.0
mpp,8.0,8,ack-1f,w,2,2,0,ctl,ok,0,0,11.6,204.0
mpp,8.0,8,w48-16qam-r1/3,w48,19,1,0,data,ok,18,18,10.1,204.0
mpp,8.0,8,ack-1f,w,2,2,0,ctl,ok,0,0,10.6,204.0
mpp,8.0,8,w48-16qam-r1/3,w48,19,1,0,data,ok,18,18,9.8,204.0
mpp,8.0,8,ack-1f,w,2,2,0,ctl,ok,0,0,13.0,204.0
mpp,8.0,8,w48-16qam-r1/3,w48,19,1,0,data,ok,18,18,7.9,204.0
mpp,8.0,8,ack-1f,w,3,3,0,ctl,ok,0,0,11.3,204.0
mpp,8.0,8,w48-16qam-r1/3,w48,19,2,1,data,ok,17,17,10.4,204.0
mpp,8.0,8,ack-1f,w,2,2,0,ctl,ok,0,0,12.6,204.0
mpp,8.0,8,w48-16qam-r1/3,w48,19,1,0,data,ok,18,18,9.4,204.0
mpp,8.0,8,ack-1f,w,2,2,0,ctl,ok,0,0,11.8,204.0
mpp,8.0,8,w48-16qam-r1/3,w48,19,1,0,data,ok,18,18,9.5,204.0
mpp,8.0,8,ack-1f,w,2,2,0,ctl,ok,0,0,10.7,204.0
mpp,8.0,8,w48-16qam-r1/3,w48,19,1,0,data,ok,18,18,9.8,204.0
mpp,8.0,8,ack-1f,w,2,2,0,ctl,ok,0,0,12.5,204.0
mpp,8.0,8,w48-16qam-r1/3,w48,19,1,0,data,ok,18,18,10.1,204.0
mpp,8.0,8,ack-1f,w,2,2,0,ctl,ok,0,0,8.3,204.0
mpp,8.0,8,w48-16qam-r1/3,w48,19,1,0,data,ok,18,18,10.6,204.0
mpp,8.0,8,ack-1f,w,2,2,0,ctl,ok,0,0,12.1,204.0
mpp,8.0,8,w48-16qam-r1/3,w48,19,1,0,data,ok,18,18,9.1,204.0
mpp,8.0,8,ack-1f,w,2,2,0,ctl,ok,0,0,6.0,204.0
mpp,8.0,8,w48-16qam-r1/3,w48,19,1,0,data,ok,18,18,11.7,204.0
mpp,8.0,8,ack-1f,w,2,2,0,ctl,ok,0,0,11.9,204.0
mpp,8.0,8,w48-16qam-r1/3,w48,19,1,0,data,ok,18,18,8.4,204.0
mpp,8.0,8,ack-1f,w,2,2,0,ctl,ok,0,0,14.2,204.0
mpp,8.0,8,w48-16qam-r1/3,w48,19,1,0,data,ok,18,18,9.9,204.0
mpp,8.0,8,ack-1f,w,2,2,0,ctl,ok,0,0,10.4,204.0
mpp,8.0,8,w48-16qam-r1/3,w48,19,1,0,data,ok,18,18,10.9,204.0
mpp,8.0,8,ack-1f,w,2,2,0,ctl,ok,0,0,8.2,204.0
mpp,8.0,8,w48-16qam-r1/3,w48,19,1,0,data,ok,18,18,10.2,204.0
mpp,8.0,8,ack-1f,w,2,2,0,ctl,ok,0,0,10.9,204.0
mpp,8.0,8,w48-16qam-r1/3,w48,19,1,0,data,ok,18,18,10.6,204.0
mpp,8.0,8,ack-1f,w,2,2,0,ctl,ok,0,0,10.5,204.0
mpp,8.0,8,w48-16qam-r1/3,w48,19,1,0,data,ok,18,18,10.0,204.0
mpp,8.0,8,ack-1f,w,2,2,0,ctl,ok,0,0,9.4,204.0
mpp,8.0,8,w48-16qam-r1/3,w48,19,1,0,data,ok,18,18,10.0,204.0
mpp,8.0,8,ack-1f,w,2,2,0,ctl,ok,0,0,9.6,204.0
mpp,8.0,8,w48-16qam-r1/3,w48,19,1,0,data,ok,18,18,9.0,204.0
mpp,8.0,8,ack-1f,w,2,2,0,ctl,ok,0,0,8.8,204.0
mpp,8.0,8,w48-16qam-r1/3,w48,19,1,0,data,ok,18,18,9.6,204.0
mpp,8.0,8,ack-1f,w,2,2,0,ctl,ok,0,0,11.1,204.0
mpp,8.0,8,w48-16qam-r1/3,w48,19,1,0,data,ok,18,18,11.3,204.0
mpp,8.0,8,ack-1f,w,2,2,0,ctl,ok,0,0,13.4,204.0
mpp,8.0,8,w48-16qam-r1/3,w48,19,1,0,data,ok,18,18,8.6,204.0
mpp,8.0,8,ack-1f,w,2,2,0,ctl,ok,0,0,12.4,204.0
mpp,8.0,8,w48-16qam-r1/3,w48,19,1,0,data,ok,18,18,10.7,204.0
mpp,8.0,8,ack-1f,w,2,2,0,ctl,ok,0,0,12.4,204.0
mpp,8.0,8,w48-16qam-r1/3,w48,19,1,0,data,ok,18,18,10.1,204.0
mpp,8.0,8,ack-1f,w,2,2,0,ctl,ok,0,0,14.7,204.0
mpp,8.0,8,w48-16qam-r1/3,w48,19,1,0,data,ok,18,18,10.3,204.0
mpp,8.0,8,ack-1f,w,2,2,0,ctl,ok,0,0,6.3,204.0
mpp,8.0,8,w48-16qam-r1/3,w48,19,1,0,data,ok,18,18,9.5,204.0
mpp,8.0,8,ack-1f,w,2,2,0,ctl,ok,0,0,7.2,204.0
mpp,8.0,8,w48-16qam-r1/3,w48,19,1,0,data,ok,18,18,8.4,204.0
mpp,8.0,8,ack-1f,w,2,2,0,ctl,ok,0,0,7.4,204.0
mpp,8.0,8,w48-16qam-r1/3,w48,19,1,0,data,ok,18,18,8.9,204.0
mpp,8.0,8,ack-1f,w,2,2,0,ctl,ok,0,0,10.2,204.0
mpp,8.0,8,w48-16qam-r1/3,w48,19,1,0,data,ok,18,18,11.1,204.0
mpp,8.0,8,ack-1f,w,2,2,0,ctl,ok,0,0,9.7,204.0
mpp,8.0,8,w48-16qam-r1/3,w48,19,1,0,data,ok,18,18,9.4,204.0
mpp,8.0,8,ack-1f,w,2,2,0,ctl,ok,0,0,14.5,204.0
mpp,8.0,8,w48-16qam-r1/3,w48,19,1,0,data,ok,18,18,9.9,204.0
mpp,8.0,8,ack-1f,w,2,2,0,ctl,ok,0,0,9.7,204.0
mpp,8.0,8,w48-16qam-r1/3,w48,19,1,0,data,ok,18,18,8.6,204.0
mpp,8.0,8,ack-1f,w,2,2,0,ctl,ok,0,0,8.0,204.0
mpp,8.0,8,w48-16qam-r1/3,w48,19,1,0,data,ok,18,18,10.7,204.0
mpp,8.0,8,ack-1f,w,2,2,0,ctl,ok,0,0,13.5,204.0
mpp,8.0,8,w48-16qam-r1/3,w48,19,1,0,data,ok,18,18,11.1,204.0
mpp,8.0,8,ack-1f,w,2,2,0,ctl,ok,0,0,10.8,204.0
mpp,8.0,8,w48-16qam-r1/3,w48,19,1,0,data,ok,18,18,10.2,204.0
mpp,8.0,8,ack-1f,w,2,2,0,ctl,ok,0,0,9.3,204.0
mpp,8.0,8,w48-16qam-r1/3,w48,19,1,0,data,ok,18,18,10.9,204.0
mpp,8.0,8,ack-1f,w,2,2,0,ctl,ok,0,0,9.1,204.0
mpp,8.0,8,w48-16qam-r1/3,w48,19,1,0,data,ok,18,18,10.3,204.0
mpp,8.0,8,ack-1f,w,2,2,0,ctl,ok,0,0,9.3,204.0
mpp,8.0,8,w48-16qam-r1/3,w48,19,1,0,data,ok,18,18,9.7,204.0
mpp,8.0,8,ack-1f,w,2,2,0,ctl,ok,0,0,6.8,204.0
mpp,8.0,8,w48-16qam-r1/3,w48,19,1,0,data,ok,18,17,8.6,204.0
mpp,8.0,8,ack-1f,w,3,3,0,ctl,ok,0,0,11.2,204.0
mpp,8.0,8,w48-16qam-r1/3,w48,19,1,0,data,ok,17,17,9.6,204.0
mpp,8.0,8,ack-1f,w,2,2,0,ctl,ok,0,0,9.9,204.0
mpp,8.0,8,w48-16qam-r1/3,w48,19,1,0,data,ok,18,18,9.1,204.0
mpp,8.0,9,qpsk-r1/5,w,1,1,0,ctl,ok,0,0,9.5,204.0
mpp,8.0,9,qpsk-r1/5,w,1,1,0,ctl,ok,0,0,8.9,204.0
mpp,8.0,9,ack-4f,w,2,2,0,ctl,ok,0,0,11.8,204.0
mpp,8.0,9,ack-1f,w,3,3,0,ctl,ok,0,0,10.4,204.0
mpp,8.0,9,w48-16qam-r1/3,w48,19,2,1,data,ok,17,17,8.9,204.0
mpp,8.0,9,ack-1f,w,3,3,0,ctl,ok,0,0,9.9,204.0
mpp,8.0,9,w48-16qam-r1/3,w48,19,2,1,data,ok,17,17,8.0,204.0
mpp,8.0,9,ack-1f,w,3,3,0,ctl,ok,0,0,10.7,204.0
mpp,8.0,9,w48-16qam-r1/3,w48,19,2,1,data,ok,17,17,10.9,204.0
mpp,8.0,9,ack-1f,w,2,2,0,ctl,ok,0,0,9.7,204.0
mpp,8.0,9,w48-16qam-r1/3,w48,19,1,0,data,ok,18,18,10.5,204.0
mpp,8.0,9,ack-1f,w,2,2,0,ctl,ok,0,0,12.2,204.0
mpp,8.0,9,w48-16qam-r1/3,w48,19,1,0,data,ok,18,18,9.5,204.0
mpp,8.0,9,ack-1f,w,2,2,0,ctl,ok,0,0,13.4,204.0
mpp,8.0,9,w48-16qam-r1/3,w48,19,1,0,data,ok,18,18,10.1,204.0
mpp,8.0,9,ack-1f,w,2,2,0,ctl,ok,0,0,9.5,204.0
mpp,8.0,9,w48-16qam-r1/3,w48,19,1,0,data,ok,18,18,8.8,204.0
mpp,8.0,9,ack-1f,w,2,2,0,ctl,ok,0,0,15.5,204.0
mpp,8.0,9,w48-16qam-r1/3,w48,19,1,0,data,ok,18,18,9.7,204.0
mpp,8.0,9,ack-1f,w,2,2,0,ctl,ok,0,0,11.7,204.0
mpp,8.0,9,w48-16qam-r1/3,w48,19,1,0,data,ok,18,18,11.1,204.0
mpp,8.0,9,ack-1f,w,2,2,0,ctl,ok,0,0,14.8,204.0
mpp,8.0,9,w48-16qam-r1/3,w48,19,1,0,data,ok,18,18,9.6,204.0
mpp,8.0,9,ack-1f,w,2,2,0,ctl,ok,0,0,10.2,204.0
mpp,8.0,9,w48-16qam-r1/3,w48,19,1,0,data,ok,18,18,9.8,204.0
mpp,8.0,9,ack-1f,w,2,2,0,ctl,ok,0,0,11.0,204.0
mpp,8.0,9,w48-16qam-r1/3,w48,19,1,0,data,ok,18,18,10.5,204.0
mpp,8.0,9,ack-1f,w,2,2,0,ctl,ok,0,0,9.8,204.0
mpp,8.0,9,w48-16qam-r1/3,w48,19,1,0,data,ok,18,18,10.1,204.0
mpp,8.0,9,ack-1f,w,2,2,0,ctl,ok,0,0,10.5,204.0
mpp,8.0,9,w48-16qam-r1/3,w48,19,1,0,data,ok,18,18,8.1,204.0
mpp,8.0,9,ack-1f,w,2,2,0,ctl,ok,0,0,8.5,204.0
mpp,8.0,9,w48-16qam-r1/3,w48,19,1,0,data,ok,18,18,10.2,204.0
mpp,8.0,9,ack-1f,w,2,2,0,ctl,ok,0,0,13.2,204.0
mpp,8.0,9,w48-16qam-r1/3,w48,19,1,0,data,ok,18,18,10.1,204.0
mpp,8.0,9,ack-1f,w,2,2,0,ctl,ok,0,0,10.0,204.0
mpp,8.0,9,w48-16qam-r1/3,w48,19,1,0,data,ok,18,18,9.9,204.0
mpp,8.0,9,ack-1f,w,2,2,0,ctl,ok,0,0,11.2,204.0
mpp,8.0,9,w48-16qam-r1/3,w48,19,1,0,data,ok,18,18,9.9,204.0
mpp,8.0,9,ack-1f,w,2,2,0,ctl,ok,0,0,11.9,204.0
mpp,8.0,9,w48-16qam-r1/3,w48,19,1,0,data,ok,18,18,9.4,204.0
mpp,8.0,9,ack-1f,w,2,2,0,ctl,ok,0,0,14.9,204.0
mpp,8.0,9,w48-16qam-r1/3,w48,19,1,0,data,ok,18,18,11.1,204.0
mpp,8.0,9,ack-1f,w,2,2,0,ctl,ok,0,0,12.1,204.0
mpp,8.0,9,w48-16qam-r1/3,w48,19,1,0,data,ok,18,18,10.1,204.0
mpp,8.0,9,ack-1f,w,2,2,0,ctl,ok,0,0,13.5,204.0
mpp,8.0,9,w48-16qam-r1/3,w48,19,1,0,data,ok,18,18,8.3,204.0
mpp,8.0,9,ack-1f,w,2,2,0,ctl,ok,0,0,10.5,204.0
mpp,8.0,9,w48-16qam-r1/3,w48,19,1,0,data,ok,18,18,9.5,204.0
mpp,8.0,9,ack-1f,w,2,2,0,ctl,ok,0,0,12.4,204.0
mpp,8.0,9,w48-16qam-r1/3,w48,19,1,0,data,ok,18,18,9.1,204.0
mpp,8.0,9,ack-1f,w,2,2,0,ctl,ok,0,0,12.0,204.0
mpp,8.0,9,w48-16qam-r1/3,w48,19,1,0,data,ok,18,18,9.5,204.0
mpp,8.0,9,ack-1f,w,2,2,0,ctl,ok,0,0,12.7,204.0
mpp,8.0,9,w48-16qam-r1/3,w48,19,1,0,data,ok,18,18,9.2,204.0
mpp,8.0,9,ack-1f,w,2,2,0,ctl,ok,0,0,7.3,204.0
mpp,8.0,9,w48-16qam-r1/3,w48,19,1,0,data,ok,18,18,9.0,204.0
mpp,8.0,9,ack-1f,w,2,2,0,ctl,ok,0,0,14.0,204.0
mpp,8.0,9,w48-16qam-r1/3,w48,19,1,0,data,ok,18,18,10.5,204.0
mpp,8.0,9,ack-1f,w,2,2,0,ctl,ok,0,0,8.5,204.0
mpp,8.0,9,w48-16qam-r1/3,w48,19,1,0,data,ok,18,18,9.1,204.0
mpp,8.0,9,ack-1f,w,2,2,0,ctl,ok,0,0,13.1,204.0
mpp,8.0,9,w48-16qam-r1/3,w48,19,1,0,data,ok,18,18,10.2,204.0
mpp,8.0,9,ack-1f,w,2,2,0,ctl,ok,0,0,4.4,204.0
mpp,8.0,9,w48-16qam-r1/3,w48,19,1,0,data,ok,18,18,9.7,204.0
mpp,8.0,9,ack-1f,w,2,2,0,ctl,ok,0,0,13.3,204.0
mpp,8.0,9,w48-16qam-r1/3,w48,19,1,0,data,ok,18,18,8.6,204.0
mpp,8.0,9,ack-1f,w,2,2,0,ctl,ok,0,0,11.6,204.0
mpp,8.0,9,w48-16qam-r1/3,w48,19,1,0,data,ok,18,18,9.6,204.0
mpp,8.0,9,ack-1f,w,2,2,0,ctl,ok,0,0,11.3,204.0
mpp,8.0,9,w48-16qam-r1/3,w48,19,1,0,data,ok,18,18,8.1,204.0
mpp,8.0,9,ack-1f,w,2,2,0,ctl,ok,0,0,11.9,204.0
mpp,8.0,9,w48-16qam-r1/3,w48,19,1,0,data,ok,18,18,9.7,204.0
mpp,8.0,9,ack-1f,w,2,2,0,ctl,ok,0,0,12.4,204.0
mpp,8.0,9,w48-16qam-r1/3,w48,19,1,0,data,ok,18,18,9.9,204.0
mpp,8.0,9,ack-1f,w,2,2,0,ctl,ok,0,0,12.8,204.0
mpp,8.0,9,w48-16qam-r1/3,w48,19,1,0,data,ok,18,18,10.2,204.0
mpp,8.0,9,ack-1f,w,2,2,0,ctl,ok,0,0,10.0,204.0
mpp,8.0,9,w48-16qam-r1/3,w48,19,1,0,data,ok,18,18,9.7,204.0
mpp,8.0,9,ack-1f,w,2,2,0,ctl,ok,0,0,8.8,204.0
mpp,8.0,9,w48-16qam-r1/3,w48,19,1,0,data,ok,18,18,10.0,204.0
mpp,8.0,9,ack-1f,w,2,2,0,ctl,ok,0,0,10.5,204.0
mpp,8.0,9,w48-16qam-r1/3,w48,19,1,0,data,ok,18,18,9.6,204.0
mpp,8.0,9,ack-1f,w,2,2,0,ctl,ok,0,0,6.2,204.0
mpp,8.0,9,w48-16qam-r1/3,w48,19,1,0,data,ok,18,18,10.7,204.0
mpp,8.0,9,ack-1f,w,2,2,0,ctl,ok,0,0,16.9,204.0
mpp,8.0,9,w48-16qam-r1/3,w48,19,1,0,data,ok,18,18,8.8,204.0
mpp,8.0,9,ack-1f,w,2,2,0,ctl,ok,0,0,10.6,204.0
mpp,8.0,9,w48-16qam-r1/3,w48,19,1,0,data,ok,18,18,10.4,204.0
mpp,8.0,9,ack-1f,w,2,2,0,ctl,ok,0,0,11.9,204.0
mpp,8.0,9,w48-16qam-r1/3,w48,19,1,0,data,ok,18,18,9.5,204.0
mpp,8.0,9,ack-1f,w,2,2,0,ctl,ok,0,0,11.3,204.0
mpp,8.0,9,w48-16qam-r1/3,w48,19,1,0,data,ok,18,18,9.6,204.0
mpp,8.0,10,qpsk-r1/5,w,1,1,0,ctl,ok,0,0,11.2,195.9
mpp,8.0,10,qpsk-r1/5,w,1,1,0,ctl,ok,0,0,13.0,195.9
mpp,8.0,10,ack-4f,w,2,2,0,ctl,ok,0,0,13.0,195.9
mpp,8.0,10,ack-1f,w,2,2,0,ctl,ok,0,0,11.1,195.9
mpp,8.0,10,w48-16qam-r1/3,w48,19,1,0,data,ok,18,18,9.2,195.9
mpp,8.0,10,ack-1f,w,3,3,0,ctl,ok,0,0,11.8,195.9
mpp,8.0,10,w48-16qam-r1/3,w48,19,2,1,data,ok,17,17,9.5,195.9
mpp,8.0,10,ack-1f,w,2,2,0,ctl,ok,0,0,13.1,195.9
mpp,8.0,10,w48-16qam-r1/3,w48,19,1,0,data,ok,18,18,8.7,195.9
mpp,8.0,10,ack-1f,w,3,3,0,ctl,ok,0,0,10.2,195.9
mpp,8.0,10,w48-16qam-r1/3,w48,19,2,1,data,ok,17,17,10.9,195.9
mpp,8.0,10,ack-1f,w,2,2,0,ctl,ok,0,0,11.5,195.9
mpp,8.0,10,w48-16qam-r1/3,w48,19,1,0,data,ok,18,18,9.3,195.9
mpp,8.0,10,ack-1f,w,2,2,0,ctl,ok,0,0,12.0,195.9
mpp,8.0,10,w48-16qam-r1/3,w48,19,1,0,data,ok,18,18,10.4,195.9
mpp,8.0,10,ack-1f,w,2,2,0,ctl,ok,0,0,14.2,195.9
mpp,8.0,10,w48-16qam-r1/3,w48,19,1,0,data,ok,18,18,8.9,195.9
mpp,8.0,10,ack-1f,w,2,2,0,ctl,ok,0,0,15.2,195.9
mpp,8.0,10,w48-16qam-r1/3,w48,19,1,0,data,ok,18,18,9.2,195.9
mpp,8.0,10,ack-1f,w,2,2,0,ctl,ok,0,0,9.9,195.9
mpp,8.0,10,w48-16qam-r1/3,w48,19,1,0,data,ok,18,18,11.2,195.9
mpp,8.0,10,ack-1f,w,2,2,0,ctl,ok,0,0,8.2,195.9
mpp,8.0,10,w48-16qam-r1/3,w48,19,1,0,data,ok,18,18,9.8,195.9
mpp,8.0,10,ack-1f,w,2,2,0,ctl,ok,0,0,10.7,195.9
mpp,8.0,10,w48-16qam-r1/3,w48,19,1,0,data,ctl_lost,18,12,7.6,195.9
mpp,8.0,10,ack-4f,w,3,3,0,ctl,ok,0,0,10.0,195.9
mpp,8.0,10,ack-4f,w,2,2,0,ctl,ok,0,0,12.6,195.9
mpp,8.0,10,w48-qpsk-r1/2,w48,19,1,0,data,ok,18,18,8.8,195.9
mpp,8.0,10,ack-1f,w,2,2,0,ctl,ok,0,0,11.5,195.9
mpp,8.0,10,w48-qpsk-r1/2,w48,19,1,0,data,ok,18,18,9.5,195.9
mpp,8.0,10,ack-1f,w,3,3,0,ctl,ok,0,0,13.9,195.9
mpp,8.0,10,w48-16qam-r1/3,w48,19,2,1,data,ok,17,16,8.0,195.9
mpp,8.0,10,ack-1f,w,4,4,0,ctl,ok,0,0,8.7,195.9
mpp,8.0,10,w48-16qam-r1/3,w48,19,2,1,data,ok,16,16,9.6,195.9
mpp,8.0,10,ack-1f,w,3,3,0,ctl,ok,0,0,12.0,195.9
mpp,8.0,10,w48-16qam-r1/3,w48,19,2,1,data,ok,17,17,10.1,195.9
mpp,8.0,10,ack-1f,w,2,2,0,ctl,ok,0,0,12.6,195.9
mpp,8.0,10,w48-16qam-r1/3,w48,19,1,0,data,ok,18,18,9.8,195.9
mpp,8.0,10,ack-1f,w,2,2,0,ctl,ok,0,0,12.4,195.9
mpp,8.0,10,w48-16qam-r1/3,w48,19,1,0,data,ok,18,18,9.3,195.9
mpp,8.0,10,ack-1f,w,2,2,0,ctl,ok,0,0,9.3,195.9
mpp,8.0,10,w48-16qam-r1/3,w48,19,1,0,data,ok,18,18,8.9,195.9
mpp,8.0,10,ack-1f,w,2,2,0,ctl,ok,0,0,9.6,195.9
mpp,8.0,10,w48-16qam-r1/3,w48,19,1,0,data,ok,18,18,8.7,195.9
mpp,8.0,10,ack-1f,w,3,3,0,ctl,ok,0,0,12.4,195.9
mpp,8.0,10,w48-16qam-r1/3,w48,19,2,1,data,ok,17,17,9.3,195.9
mpp,8.0,10,ack-1f,w,2,2,0,ctl,ok,0,0,13.0,195.9
mpp,8.0,10,w48-16qam-r1/3,w48,19,1,0,data,ok,18,18,9.8,195.9
mpp,8.0,10,ack-1f,w,2,2,0,ctl,ok,0,0,10.9,195.9
mpp,8.0,10,w48-16qam-r1/3,w48,19,1,0,data,ok,18,18,9.4,195.9
mpp,8.0,10,ack-1f,w,2,2,0,ctl,ok,0,0,8.1,195.9
mpp,8.0,10,w48-16qam-r1/3,w48,19,1,0,data,ok,18,18,8.8,195.9
mpp,8.0,10,ack-1f,w,2,2,0,ctl,ok,0,0,8.5,195.9
mpp,8.0,10,w48-16qam-r1/3,w48,19,1,0,data,ok,18,18,8.6,195.9
mpp,8.0,10,ack-1f,w,2,2,0,ctl,ok,0,0,10.2,195.9
mpp,8.0,10,w48-16qam-r1/3,w48,19,1,0,data,ok,18,18,11.1,195.9
mpp,8.0,10,ack-1f,w,2,2,0,ctl,ok,0,0,13.1,195.9
mpp,8.0,10,w48-16qam-r1/3,w48,19,1,0,data,ok,18,18,10.1,195.9
mpp,8.0,10,ack-1f,w,2,2,0,ctl,ok,0,0,6.3,195.9
mpp,8.0,10,w48-16qam-r1/3,w48,19,1,0,data,ok,18,18,9.5,195.9
mpp,8.0,10,ack-1f,w,2,2,0,ctl,ok,0,0,10.3,195.9
mpp,8.0,10,w48-16qam-r1/3,w48,19,1,0,data,ok,18,18,10.5,195.9
mpp,8.0,10,ack-1f,w,2,2,0,ctl,ok,0,0,9.8,195.9
mpp,8.0,10,w48-16qam-r1/3,w48,19,1,0,data,ok,18,18,9.2,195.9
mpp,8.0,10,ack-1f,w,2,2,0,ctl,ok,0,0,10.7,195.9
mpp,8.0,10,w48-16qam-r1/3,w48,19,1,0,data,ok,18,18,9.2,195.9
mpp,8.0,10,ack-1f,w,2,2,0,ctl,ok,0,0,12.9,195.9
mpp,8.0,10,w48-16qam-r1/3,w48,19,1,0,data,ok,18,18,9.8,195.9
mpp,8.0,10,ack-1f,w,2,2,0,ctl,ok,0,0,16.0,195.9
mpp,8.0,10,w48-16qam-r1/3,w48,19,1,0,data,ok,18,18,8.6,195.9
mpp,8.0,10,ack-1f,w,2,2,0,ctl,ok,0,0,14.2,195.9
mpp,8.0,10,w48-16qam-r1/3,w48,19,1,0,data,ok,18,18,8.7,195.9
mpp,8.0,10,ack-1f,w,2,2,0,ctl,ok,0,0,10.2,195.9
mpp,8.0,10,w48-16qam-r1/3,w48,19,1,0,data,ok,18,18,8.9,195.9
mpp,8.0,10,ack-1f,w,2,2,0,ctl,ok,0,0,11.5,195.9
mpp,8.0,10,w48-16qam-r1/3,w48,19,1,0,data,ok,18,18,9.1,195.9
mpp,8.0,10,ack-1f,w,2,2,0,ctl,ok,0,0,12.1,195.9
mpp,8.0,10,w48-16qam-r1/3,w48,19,1,0,data,ok,18,18,8.8,195.9
mpp,8.0,10,ack-1f,w,2,2,0,ctl,ok,0,0,13.7,195.9
mpp,8.0,10,w48-16qam-r1/3,w48,19,1,0,data,ok,18,18,9.9,195.9
mpp,8.0,10,ack-1f,w,2,2,0,ctl,ok,0,0,8.9,195.9
mpp,8.0,10,w48-16qam-r1/3,w48,19,1,0,data,ok,18,18,9.2,195.9
mpp,8.0,10,ack-1f,w,2,2,0,ctl,ok,0,0,8.6,195.9
mpp,8.0,10,w48-16qam-r1/3,w48,19,1,0,data,ok,18,18,10.1,195.9
mpp,8.0,10,ack-1f,w,2,2,0,ctl,ok,0,0,6.1,195.9
mpp,8.0,10,w48-16qam-r1/3,w48,19,1,0,data,ok,18,18,10.3,195.9
mpp,8.0,10,ack-1f,w,2,2,0,ctl,ok,0,0,13.2,195.9
mpp,8.0,10,w48-16qam-r1/3,w48,19,1,0,data,ok,18,18,8.7,195.9
mpp,8.0,10,ack-1f,w,2,2,0,ctl,ok,0,0,6.0,195.9
mpp,8.0,10,w48-16qam-r1/3,w48,19,1,0,data,ok,18,18,9.9,195.9
mpp,8.0,10,ack-1f,w,2,2,0,ctl,ok,0,0,10.3,195.9
mpp,8.0,10,w48-16qam-r1/3,w48,19,1,0,data,ok,18,18,9.6,195.9
mpp,8.0,10,ack-1f,w,2,2,0,ctl,ok,0,0,11.7,195.9
mpp,8.0,10,w48-16qam-r1/3,w48,19,1,0,data,ok,18,18,10.1,195.9
mpp,8.0,11,qpsk-r1/5,w,1,1,0,ctl,ok,0,0,11.6,198.1
mpp,8.0,11,qpsk-r1/5,w,1,1,0,ctl,ok,0,0,7.3,198.1
mpp,8.0,11,ack-4f,w,3,3,0,ctl,ok,0,0,9.5,198.1
mpp,8.0,11,ack-1f,w,2,2,0,ctl,ok,0,0,9.5,198.1
mpp,8.0,11,w48-qpsk-r1/2,w48,19,1,0,data,ok,18,18,10.6,198.1
mpp,8.0,11,ack-1f,w,2,2,0,ctl,ok,0,0,7.7,198.1
mpp,8.0,11,w48-16qam-r1/3,w48,19,1,0,data,ok,18,18,10.6,198.1
mpp,8.0,11,ack-1f,w,2,2,0,ctl,ok,0,0,10.6,198.1
mpp,8.0,11,w48-16qam-r1/3,w48,19,1,0,data,ok,18,18,10.0,198.1
mpp,8.0,11,ack-1f,w,2,2,0,ctl,ok,0,0,9.4,198.1
mpp,8.0,11,w48-16qam-r1/3,w48,19,1,0,data,ok,18,18,8.5,198.1
mpp,8.0,11,ack-1f,w,3,3,0,ctl,ok,0,0,10.3,198.1
mpp,8.0,11,w48-16qam-r1/3,w48,19,2,1,data,ok,17,17,9.4,198.1
mpp,8.0,11,ack-1f,w,2,2,0,ctl,ok,0,0,7.1,198.1
mpp,8.0,11,w48-16qam-r1/3,w48,19,1,0,data,ok,18,18,10.1,198.1
mpp,8.0,11,ack-1f,w,2,2,0,ctl,ok,0,0,5.8,198.1
mpp,8.0,11,w48-16qam-r1/3,w48,19,1,0,data,ok,18,18,8.9,198.1
mpp,8.0,11,ack-1f,w,2,2,0,ctl,ok,0,0,14.3,198.1
mpp,8.0,11,w48-16qam-r1/3,w48,19,1,0,data,ok,18,18,10.2,198.1
mpp,8.0,11,ack-1f,w,2,2,0,ctl,ok,0,0,6.2,198.1
mpp,8.0,11,w48-16qam-r1/3,w48,19,1,0,data,ok,18,18,9.4,198.1
mpp,8.0,11,ack-1f,w,2,2,0,ctl,ok,0,0,11.8,198.1
mpp,8.0,11,w48-16qam-r1/3,w48,19,1,0,data,ok,18,18,10.2,198.1
mpp,8.0,11,ack-1f,w,2,2,0,ctl,ok,0,0,10.3,198.1
mpp,8.0,11,w48-16qam-r1/3,w48,19,1,0,data,ok,18,18,9.4,198.1
mpp,8.0,11,ack-1f,w,2,2,0,ctl,ok,0,0,13.6,198.1
mpp,8.0,11,w48-16qam-r1/3,w48,19,1,0,data,ok,18,18,9.7,198.1
mpp,8.0,11,ack-1f,w,2,2,0,ctl,ok,0,0,13.5,198.1
mpp,8.0,11,w48-16qam-r1/3,w48,19,1,0,data,ok,18,18,9.6,198.1
mpp,8.0,11,ack-1f,w,2,2,0,ctl,ok,0,0,6.0,198.1
mpp,8.0,11,w48-16qam-r1/3,w48,19,1,0,data,ok,18,18,9.7,198.1
mpp,8.0,11,ack-1f,w,2,2,0,ctl,ok,0,0,12.0,198.1
mpp,8.0,11,w48-16qam-r1/3,w48,19,1,0,data,ok,18,18,9.9,198.1
mpp,8.0,11,ack-1f,w,2,2,0,ctl,ok,0,0,11.0,198.1
mpp,8.0,11,w48-16qam-r1/3,w48,19,1,0,data,ok,18,18,9.4,198.1
mpp,8.0,11,ack-1f,w,2,2,0,ctl,ok,0,0,13.7,198.1
mpp,8.0,11,w48-16qam-r1/3,w48,19,1,0,data,ok,18,18,9.2,198.1
mpp,8.0,11,ack-1f,w,2,2,0,ctl,ok,0,0,6.6,198.1
mpp,8.0,11,w48-16qam-r1/3,w48,19,1,0,data,ok,18,18,9.3,198.1
mpp,8.0,11,ack-1f,w,2,2,0,ctl,ok,0,0,14.5,198.1
mpp,8.0,11,w48-16qam-r1/3,w48,19,1,0,data,ok,18,18,10.4,198.1
mpp,8.0,11,ack-1f,w,2,2,0,ctl,ok,0,0,14.1,198.1
mpp,8.0,11,w48-16qam-r1/3,w48,19,1,0,data,ok,18,18,9.7,198.1
mpp,8.0,11,ack-1f,w,2,2,0,ctl,ok,0,0,14.0,198.1
mpp,8.0,11,w48-16qam-r1/3,w48,19,1,0,data,ok,18,18,9.4,198.1
mpp,8.0,11,ack-1f,w,2,2,0,ctl,ok,0,0,12.0,198.1
mpp,8.0,11,w48-16qam-r1/3,w48,19,1,0,data,ok,18,18,8.7,198.1
mpp,8.0,11,ack-1f,w,2,2,0,ctl,ok,0,0,8.8,198.1
mpp,8.0,11,w48-16qam-r1/3,w48,19,1,0,data,ok,18,18,10.6,198.1
mpp,8.0,11,ack-1f,w,2,2,0,ctl,ok,0,0,11.8,198.1
mpp,8.0,11,w48-16qam-r1/3,w48,19,1,0,data,ok,18,18,9.4,198.1
mpp,8.0,11,ack-1f,w,2,2,0,ctl,ok,0,0,13.1,198.1
mpp,8.0,11,w48-16qam-r1/3,w48,19,1,0,data,ok,18,18,9.8,198.1
mpp,8.0,11,ack-1f,w,2,2,0,ctl,ok,0,0,13.4,198.1
mpp,8.0,11,w48-16qam-r1/3,w48,19,1,0,data,ok,18,18,10.2,198.1
mpp,8.0,11,ack-1f,w,2,2,0,ctl,ok,0,0,11.0,198.1
mpp,8.0,11,w48-16qam-r1/3,w48,19,1,0,data,ok,18,18,9.9,198.1
mpp,8.0,11,ack-1f,w,2,2,0,ctl,ok,0,0,5.7,198.1
mpp,8.0,11,w48-16qam-r1/3,w48,19,1,0,data,ok,18,18,9.5,198.1
mpp,8.0,11,ack-1f,w,2,2,0,ctl,ok,0,0,11.3,198.1
mpp,8.0,11,w48-16qam-r1/3,w48,19,1,0,data,ok,18,18,10.7,198.1
mpp,8.0,11,ack-1f,w,2,2,0,ctl,ok,0,0,12.7,198.1
mpp,8.0,11,w48-16qam-r1/3,w48,19,1,0,data,ok,18,18,10.0,198.1
mpp,8.0,11,ack-1f,w,2,2,0,ctl,ok,0,0,8.9,198.1
mpp,8.0,11,w48-16qam-r1/3,w48,19,1,0,data,ok,18,16,8.4,198.1
mpp,8.0,11,ack-1f,w,3,3,0,ctl,ok,0,0,11.0,198.1
mpp,8.0,11,w48-16qam-r1/3,w48,19,1,0,data,ok,16,16,9.3,198.1
mpp,8.0,11,ack-1f,w,2,2,0,ctl,ok,0,0,11.2,198.1
mpp,8.0,11,w48-16qam-r1/3,w48,19,1,0,data,ok,18,18,8.8,198.1
mpp,8.0,11,ack-1f,w,2,2,0,ctl,ok,0,0,8.4,198.1
mpp,8.0,11,w48-16qam-r1/3,w48,19,1,0,data,ok,18,18,9.6,198.1
mpp,8.0,11,ack-1f,w,2,2,0,ctl,ok,0,0,15.2,198.1
mpp,8.0,11,w48-16qam-r1/3,w48,19,1,0,data,ok,18,18,10.4,198.1
mpp,8.0,11,ack-1f,w,2,2,0,ctl,ok,0,0,8.4,198.1
mpp,8.0,11,w48-16qam-r1/3,w48,19,1,0,data,ok,18,18,10.0,198.1
mpp,8.0,11,ack-1f,w,2,2,0,ctl,ok,0,0,5.1,198.1
mpp,8.0,11,w48-16qam-r1/3,w48,19,1,0,data,ok,18,18,9.2,198.1
mpp,8.0,11,ack-1f,w,2,2,0,ctl,ok,0,0,9.9,198.1
mpp,8.0,11,w48-16qam-r1/3,w48,19,1,0,data,ok,18,18,10.6,198.1
mpp,8.0,11,ack-1f,w,2,2,0,ctl,ok,0,0,13.4,198.1
mpp,8.0,11,w48-16qam-r1/3,w48,19,1,0,data,ok,18,18,9.8,198.1
mpp,8.0,11,ack-1f,w,2,2,0,ctl,ok,0,0,11.4,198.1
mpp,8.0,11,w48-16qam-r1/3,w48,19,1,0,data,ok,18,18,9.7,198.1
mpp,8.0,11,ack-1f,w,2,2,0,ctl,ok,0,0,3.4,198.1
mpp,8.0,11,w48-16qam-r1/3,w48,19,1,0,data,ctl_lost,18,15,8.0,198.1
mpp,8.0,11,ack-4f,w,3,3,0,ctl,ok,0,0,9.5,198.1
mpp,8.0,11,ack-4f,w,3,3,0,ctl,ok,0,0,8.9,198.1
mpp,8.0,11,w48-16qam-r1/3,w48,19,2,1,data,ok,17,17,9.6,198.1
mpp,8.0,11,ack-1f,w,2,2,0,ctl,ok,0,0,8.8,198.1
mpp,8.0,11,w48-16qam-r1/3,w48,19,1,0,data,ok,18,18,9.7,198.1
mpp,8.0,11,ack-1f,w,2,2,0,ctl,ok,0,0,5.2,198.1
mpp,8.0,11,w48-16qam-r1/3,w48,19,1,0,data,ok,18,18,9.5,198.1
mpp,8.0,11,ack-1f,w,2,2,0,ctl,ok,0,0,13.5,198.1
mpp,8.0,11,w48-16qam-r1/3,w48,19,1,0,data,ok,18,18,9.7,198.1
mpd,-4.0,0,qpsk-r1/5,w,1,1,0,ctl,ctl_lost,0,0,1.2,19.1
mpd,-4.0,0,n4-qpsk-r1/3,n4,1,1,0,ctl,ok,0,0,-3.9,19.1
mpd,-4.0,0,n4-qpsk-r1/3,n4,1,1,0,ctl,ok,0,0,-4.6,19.1
mpd,-4.0,0,ack-4f,w,3,3,0,ctl,ok,0,0,-0.4,19.1
mpd,-4.0,0,ack-4f,w,3,3,0,ctl,ok,0,0,-0.8,19.1
mpd,-4.0,0,qpsk-r1/5,w,9,2,1,data,ok,7,7,-2.1,19.1
mpd,-4.0,0,ack-4f,w,3,3,0,ctl,ok,0,0,-2.8,19.1
mpd,-4.0,0,qpsk-r1/5,w,9,2,1,data,ok,7,7,-1.4,19.1
mpd,-4.0,0,ack-4f,w,3,3,0,ctl,ok,0,0,-2.3,19.1
mpd,-4.0,0,qpsk-r1/5,w,9,2,1,data,ok,7,7,-1.1,19.1
mpd,-4.0,0,ack-4f,w,3,3,0,ctl,ok,0,0,0.5,19.1
mpd,-4.0,0,qpsk-r1/5,w,9,2,1,data,ok,7,5,-1.0,19.1
mpd,-4.0,0,ack-4f,w,3,3,0,ctl,ok,0,0,1.9,19.1
mpd,-4.0,0,qpsk-r1/5,w,9,1,0,data,ok,6,6,-1.3,19.1
mpd,-4.0,0,ack-4f,w,3,3,0,ctl,ok,0,0,-3.1,19.1
mpd,-4.0,0,qpsk-r1/5,w,9,2,1,data,ok,7,7,-1.3,19.1
mpd,-4.0,0,ack-4f,w,3,3,0,ctl,ok,0,0,0.4,19.1
mpd,-4.0,0,qpsk-r1/5,w,9,2,1,data,ok,7,7,-0.9,19.1
mpd,-4.0,0,ack-4f,w,2,2,0,ctl,ok,0,0,-2.1,19.1
mpd,-4.0,0,qpsk-r1/5,w,9,1,0,data,ok,8,8,-1.0,19.1
mpd,-4.0,0,ack-4f,w,2,2,0,ctl,ok,0,0,-0.3,19.1
mpd,-4.0,0,qpsk-r1/5,w,9,1,0,data,ok,8,8,-0.7,19.1
mpd,-4.0,0,ack-4f,w,2,2,0,ctl,ok,0,0,-0.2,19.1
mpd,-4.0,0,qpsk-r1/5,w,9,1,0,data,ctl_lost,8,3,-2.7,19.1
mpd,-4.0,0,ack-4f,w,3,3,0,ctl,ok,0,0,-0.9,19.1
mpd,-4.0,0,ack-4f,w,3,3,0,ctl,ok,0,0,-2.2,19.1
mpd,-4.0,0,qpsk-r1/5,w,9,2,1,data,ok,7,7,-2.1,19.1
mpd,-4.0,0,ack-4f,w,3,3,0,ctl,ok,0,0,-2.5,19.1
mpd,-4.0,0,qpsk-r1/5,w,9,2,1,data,ok,7,2,-1.4,19.1
mpd,-4.0,0,ack-4f,w,3,3,,ctl,missed,0,0,,19.1
mpd,-4.0,0,ack-4f,w,3,3,0,ctl,ok,0,0,-4.4,19.1
mpd,-4.0,0,ack-4f,w,3,3,0,ctl,ok,0,0,0.1,19.1
mpd,-4.0,0,qpsk-r1/5,w,9,2,1,data,ok,7,4,-1.5,19.1
mpd,-4.0,0,ack-4f,w,3,3,0,ctl,ok,0,0,-2.6,19.1
mpd,-4.0,0,qpsk-r1/5,w,9,2,1,data,ok,7,2,-1.6,19.1
mpd,-4.0,0,ack-4f,w,3,3,0,ctl,ok,0,0,-3.1,19.1
mpd,-4.0,0,qpsk-r1/5,w,9,1,0,data,ok,3,3,-1.2,19.1
mpd,-4.0,0,ack-4f,w,2,2,0,ctl,ok,0,0,-0.9,19.1
mpd,-4.0,0,qpsk-r1/5,w,9,1,0,data,ok,8,8,-1.7,19.1
mpd,-4.0,0,ack-4f,w,2,2,0,ctl,ok,0,0,-1.4,19.1
mpd,-4.0,0,qpsk-r1/5,w,9,1,0,data,ok,8,8,-0.3,19.1
mpd,-4.0,0,ack-4f,w,2,2,0,ctl,ok,0,0,-1.8,19.1
mpd,-4.0,0,qpsk-r1/5,w,9,1,0,data,ok,8,8,-0.9,19.1
mpd,-4.0,0,ack-4f,w,2,2,0,ctl,ok,0,0,0.8,19.1
mpd,-4.0,0,qpsk-r1/5,w,9,1,0,data,ok,8,8,-1.1,19.1
mpd,-4.0,0,ack-4f,w,2,2,0,ctl,ok,0,0,-1.1,19.1
mpd,-4.0,0,qpsk-r1/5,w,9,1,0,data,ok,8,8,-0.5,19.1
mpd,-4.0,0,ack-4f,w,2,2,0,ctl,ok,0,0,-3.3,19.1
mpd,-4.0,0,qpsk-r1/5,w,9,1,0,data,ok,8,8,-1.4,19.1
mpd,-4.0,0,ack-4f,w,2,2,0,ctl,ok,0,0,-3.9,19.1
mpd,-4.0,0,qpsk-r1/5,w,9,1,0,data,ok,8,8,-0.4,19.1
mpd,-4.0,0,ack-4f,w,2,2,0,ctl,ok,0,0,-0.2,19.1
mpd,-4.0,0,qpsk-r1/5,w,9,1,0,data,ctl_lost,8,0,-1.1,19.1
mpd,-4.0,0,ack-4f,w,3,3,0,ctl,ok,0,0,-2.5,19.1
mpd,-4.0,0,ack-4f,w,3,3,0,ctl,ok,0,0,-1.3,19.1
mpd,-4.0,0,qpsk-r1/5,w,9,2,1,data,ok,7,7,-1.7,19.1
mpd,-4.0,0,ack-4f,w,3,3,0,ctl,ok,0,0,-2.6,19.1
mpd,-4.0,0,qpsk-r1/5,w,9,2,1,data,ok,7,7,-0.8,19.1
mpd,-4.0,0,ack-4f,w,2,2,0,ctl,ok,0,0,-2.7,19.1
mpd,-4.0,0,qpsk-r1/5,w,9,1,0,data,ok,8,8,-1.8,19.1
mpd,-4.0,0,ack-4f,w,2,2,0,ctl,ok,0,0,-3.1,19.1
mpd,-4.0,0,qpsk-r1/5,w,9,1,0,data,ctl_lost,8,6,-1.8,19.1
mpd,-4.0,0,ack-4f,w,3,3,0,ctl,ok,0,0,-2.8,19.1
mpd,-4.0,0,ack-4f,w,3,3,0,ctl,ok,0,0,1.0,19.1
mpd,-4.0,0,qpsk-r1/5,w,9,2,1,data,ok,7,7,-2.1,19.1
mpd,-4.0,0,ack-4f,w,3,3,0,ctl,ok,0,0,-1.0,19.1
mpd,-4.0,0,qpsk-r1/5,w,9,2,1,data,ok,7,6,-1.1,19.1
mpd,-4.0,0,ack-4f,w,3,3,0,ctl,ok,0,0,1.1,19.1
mpd,-4.0,0,qpsk-r1/5,w,9,2,1,data,ok,6,6,-1.6,19.1
mpd,-4.0,0,ack-4f,w,2,2,0,ctl,ok,0,0,-1.1,19.1
mpd,-4.0,0,qpsk-r1/5,w,9,1,0,data,ok,8,8,-0.4,19.1
mpd,-4.0,0,ack-4f,w,2,2,0,ctl,ok,0,0,-3.4,19.1
mpd,-4.0,0,qpsk-r1/5,w,9,1,0,data,ok,8,8,-0.9,19.1
mpd,-4.0,0,ack-4f,w,2,2,0,ctl,ok,0,0,-1.0,19.1
mpd,-4.0,0,qpsk-r1/5,w,9,1,0,data,ok,8,8,-0.9,19.1
mpd,-4.0,0,ack-4f,w,2,2,0,ctl,ok,0,0,0.9,19.1
mpd,-4.0,0,qpsk-r1/5,w,9,1,0,data,ok,8,8,-0.6,19.1
mpd,-4.0,0,ack-4f,w,2,2,0,ctl,ok,0,0,0.3,19.1
mpd,-4.0,0,qpsk-r1/5,w,9,1,0,data,ok,8,8,-1.1,19.1
mpd,-4.0,0,ack-4f,w,2,2,,ctl,missed,0,0,,19.1
mpd,-4.0,0,ack-4f,w,3,3,0,ctl,ok,0,0,-1.2,19.1
mpd,-4.0,0,ack-4f,w,2,2,0,ctl,ok,0,0,-0.7,19.1
mpd,-4.0,0,qpsk-r1/5,w,9,1,0,data,ok,8,8,-0.2,19.1
mpd,-4.0,0,ack-4f,w,2,2,0,ctl,ok,0,0,-0.2,19.1
mpd,-4.0,0,qpsk-r1/5,w,9,1,0,data,ok,8,8,-2.0,19.1
mpd,-4.0,0,ack-4f,w,2,2,0,ctl,ctl_lost,0,0,-9.3,19.1
mpd,-4.0,0,ack-4f,w,3,3,0,ctl,ok,0,0,-1.8,19.1
mpd,-4.0,0,ack-4f,w,2,2,0,ctl,ok,0,0,-1.9,19.1
mpd,-4.0,0,qpsk-r1/5,w,9,1,0,data,ok,8,8,-0.1,19.1
mpd,-4.0,0,ack-4f,w,2,2,0,ctl,ok,0,0,-1.5,19.1
mpd,-4.0,0,qpsk-r1/5,w,9,1,0,data,ctl_lost,8,3,-2.0,19.1
mpd,-4.0,0,ack-4f,w,3,3,0,ctl,ok,0,0,-0.7,19.1
mpd,-4.0,0,ack-4f,w,3,3,0,ctl,ok,0,0,-2.0,19.1
mpd,-4.0,0,qpsk-r1/5,w,9,2,,data,missed,0,0,,19.1
mpd,-4.0,1,qpsk-r1/5,w,1,1,0,ctl,ok,0,0,-2.7,17.0
mpd,-4.0,1,qpsk-r1/5,w,1,1,0,ctl,ok,0,0,-1.7,17.0
mpd,-4.0,1,ack-4f,w,3,3,0,ctl,ok,0,0,-0.5,17.0
mpd,-4.0,1,n10-ack-4f,n10,3,3,0,ctl,ok,0,0,-2.6,17.0
mpd,-4.0,1,qpsk-r1/5,w,9,2,1,data,ok,7,7,-2.0,17.0
mpd,-4.0,1,ack-4f,w,3,3,0,ctl,ok,0,0,0.4,17.0
mpd,-4.0,1,qpsk-r1/5,w,9,2,1,data,ok,7,7,-0.9,17.0
mpd,-4.0,1,ack-4f,w,3,3,0,ctl,ok,0,0,1.3,17.0
mpd,-4.0,1,qpsk-r1/5,w,9,2,1,data,ok,7,7,-0.0,17.0
mpd,-4.0,1,ack-4f,w,2,2,0,ctl,ok,0,0,1.6,17.0
mpd,-4.0,1,qpsk-r1/5,w,9,1,0,data,ctl_lost,8,1,-2.7,17.0
mpd,-4.0,1,ack-4f,w,3,3,0,ctl,ok,0,0,0.0,17.0
mpd,-4.0,1,ack-4f,w,3,3,0,ctl,ok,0,0,0.5,17.0
mpd,-4.0,1,qpsk-r1/5,w,9,2,1,data,ok,7,7,-1.2,17.0
mpd,-4.0,1,ack-4f,w,3,3,0,ctl,ok,0,0,-0.7,17.0
mpd,-4.0,1,qpsk-r1/5,w,9,2,1,data,ok,7,0,-2.2,17.0
mpd,-4.0,1,ack-4f,w,3,3,0,ctl,ok,0,0,-1.2,17.0
mpd,-4.0,1,qpsk-r1/5,w,9,2,1,data,ok,0,0,-1.4,17.0
mpd,-4.0,1,ack-4f,w,3,3,0,ctl,ok,0,0,2.4,17.0
mpd,-4.0,1,qpsk-r1/5,w,9,2,1,data,ok,7,0,-1.6,17.0
mpd,-4.0,1,ack-4f,w,3,3,0,ctl,ok,0,0,-0.4,17.0
mpd,-4.0,1,qpsk-r1/5,w,9,2,1,data,ok,2,2,-1.1,17.0
mpd,-4.0,1,ack-4f,w,3,3,0,ctl,ok,0,0,-1.2,17.0
mpd,-4.0,1,qpsk-r1/5,w,9,2,1,data,ok,7,7,-1.5,17.0
mpd,-4.0,1,ack-4f,w,2,2,0,ctl,ok,0,0,-1.1,17.0
mpd,-4.0,1,qpsk-r1/5,w,9,1,0,data,ok,8,8,-0.9,17.0
mpd,-4.0,1,ack-4f,w,2,2,0,ctl,ok,0,0,-0.4,17.0
mpd,-4.0,1,qpsk-r1/5,w,9,1,0,data,ok,8,8,-1.5,17.0
mpd,-4.0,1,ack-4f,w,2,2,0,ctl,ok,0,0,-3.3,17.0
mpd,-4.0,1,qpsk-r1/5,w,9,1,0,data,ok,8,8,-0.8,17.0
mpd,-4.0,1,ack-4f,w,2,2,0,ctl,ok,0,0,-1.3,17.0
mpd,-4.0,1,qpsk-r1/5,w,9,1,0,data,ok,8,8,-2.4,17.0
mpd,-4.0,1,ack-4f,w,2,2,0,ctl,ok,0,0,-0.5,17.0
mpd,-4.0,1,qpsk-r1/5,w,9,1,0,data,ok,8,8,-2.3,17.0
mpd,-4.0,1,ack-4f,w,3,3,0,ctl,ok,0,0,-1.7,17.0
mpd,-4.0,1,qpsk-r1/5,w,9,2,1,data,ok,7,7,-1.0,17.0
mpd,-4.0,1,ack-4f,w,2,2,0,ctl,ok,0,0,-1.8,17.0
mpd,-4.0,1,qpsk-r1/5,w,9,1,0,data,ok,8,8,-1.0,17.0
mpd,-4.0,1,ack-4f,w,2,2,0,ctl,ok,0,0,-2.4,17.0
mpd,-4.0,1,qpsk-r1/5,w,9,1,0,data,ok,8,8,-0.4,17.0
mpd,-4.0,1,ack-4f,w,2,2,0,ctl,ok,0,0,-5.4,17.0
mpd,-4.0,1,qpsk-r1/5,w,9,1,0,data,ctl_lost,8,0,-2.2,17.0
mpd,-4.0,1,ack-4f,w,2,2,0,ctl,ok,0,0,-1.5,17.0
mpd,-4.0,1,ack-4f,w,3,3,0,ctl,ok,0,0,-1.9,17.0
mpd,-4.0,1,qpsk-r1/5,w,9,2,1,data,ok,7,0,-2.1,17.0
mpd,-4.0,1,ack-4f,w,3,3,0,ctl,ok,0,0,-3.3,17.0
mpd,-4.0,1,qpsk-r1/5,w,9,2,1,data,ok,0,0,-2.4,17.0
mpd,-4.0,1,ack-4f,w,3,3,0,ctl,ok,0,0,-0.0,17.0
mpd,-4.0,1,qpsk-r1/5,w,9,2,1,data,ok,7,7,0.2,17.0
mpd,-4.0,1,ack-4f,w,2,2,,ctl,missed,0,0,,17.0
mpd,-4.0,1,ack-4f,w,3,3,0,ctl,ok,0,0,1.2,17.0
mpd,-4.0,1,ack-4f,w,2,2,0,ctl,ok,0,0,-1.7,17.0
mpd,-4.0,1,qpsk-r1/5,w,9,1,0,data,ok,8,8,-1.6,17.0
mpd,-4.0,1,ack-4f,w,2,2,0,ctl,ok,0,0,-2.3,17.0
mpd,-4.0,1,qpsk-r1/5,w,9,1,0,data,ok,8,8,-0.7,17.0
mpd,-4.0,1,ack-4f,w,2,2,0,ctl,ok,0,0,0.4,17.0
mpd,-4.0,1,qpsk-r1/5,w,9,1,0,data,ctl_lost,8,3,-2.7,17.0
mpd,-4.0,1,ack-4f,w,3,3,0,ctl,ok,0,0,-0.2,17.0
mpd,-4.0,1,ack-4f,w,3,3,0,ctl,ok,0,0,-1.5,17.0
mpd,-4.0,1,qpsk-r1/5,w,9,2,1,data,ok,7,7,-1.5,17.0
mpd,-4.0,1,ack-4f,w,3,3,0,ctl,ok,0,0,-3.4,17.0
mpd,-4.0,1,qpsk-r1/5,w,9,2,1,data,ok,7,7,-1.7,17.0
mpd,-4.0,1,ack-4f,w,3,3,0,ctl,ok,0,0,-1.3,17.0
mpd,-4.0,1,qpsk-r1/5,w,9,2,1,data,ok,7,7,-1.7,17.0
mpd,-4.0,1,ack-4f,w,3,3,0,ctl,ok,0,0,-0.7,17.0
mpd,-4.0,1,qpsk-r1/5,w,9,2,1,data,ok,7,5,-2.3,17.0
mpd,-4.0,1,ack-4f,w,3,3,0,ctl,ok,0,0,-1.0,17.0
mpd,-4.0,1,qpsk-r1/5,w,9,2,1,data,ok,5,5,-0.3,17.0
mpd,-4.0,1,ack-4f,w,2,2,0,ctl,ok,0,0,-2.1,17.0
mpd,-4.0,1,qpsk-r1/5,w,9,1,0,data,ok,8,8,-1.0,17.0
mpd,-4.0,1,ack-4f,w,2,2,0,ctl,ok,0,0,-7.3,17.0
mpd,-4.0,1,qpsk-r1/5,w,9,1,0,data,ctl_lost,8,3,-1.9,17.0
mpd,-4.0,1,ack-4f,w,2,2,0,ctl,ok,0,0,-2.8,17.0
mpd,-4.0,1,ack-4f,w,3,3,0,ctl,ok,0,0,-0.0,17.0
mpd,-4.0,1,qpsk-r1/5,w,9,2,1,data,ok,7,7,-0.2,17.0
mpd,-4.0,1,ack-4f,w,3,3,0,ctl,ok,0,0,-0.7,17.0
mpd,-4.0,1,qpsk-r1/5,w,9,2,1,data,ok,7,7,-0.3,17.0
mpd,-4.0,1,ack-4f,w,2,2,0,ctl,ok,0,0,-4.2,17.0
mpd,-4.0,1,qpsk-r1/5,w,9,1,0,data,ok,8,8,-2.2,17.0
mpd,-4.0,1,ack-4f,w,2,2,0,ctl,ok,0,0,0.1,17.0
mpd,-4.0,1,qpsk-r1/5,w,9,1,0,data,ok,8,2,-1.4,17.0
mpd,-4.0,1,ack-4f,w,3,3,0,ctl,ok,0,0,-0.5,17.0
mpd,-4.0,1,qpsk-r1/5,w,9,2,1,data,ok,1,1,-1.7,17.0
mpd,-4.0,1,ack-4f,w,3,3,0,ctl,ok,0,0,-4.8,17.0
mpd,-4.0,1,qpsk-r1/5,w,9,2,1,data,ok,7,7,-1.5,17.0
mpd,-4.0,1,ack-4f,w,2,2,0,ctl,ok,0,0,-0.6,17.0
mpd,-4.0,1,qpsk-r1/5,w,9,1,0,data,ctl_lost,8,0,-1.7,17.0
mpd,-4.0,1,ack-4f,w,3,3,0,ctl,ok,0,0,-1.4,17.0
mpd,-4.0,1,ack-4f,w,3,3,0,ctl,ok,0,0,-0.5,17.0
mpd,-4.0,1,qpsk-r1/5,w,9,2,1,data,ok,7,0,-2.4,17.0
mpd,-4.0,1,ack-4f,w,3,3,0,ctl,ok,0,0,0.2,17.0
mpd,-4.0,1,qpsk-r1/5,w,9,2,1,data,ok,2,2,-2.1,17.0
mpd,-4.0,3,qpsk-r1/5,w,1,1,0,ctl,ok,0,0,-2.5,15.3
mpd,-4.0,3,qpsk-r1/5,w,1,1,0,ctl,ctl_lost,0,0,-0.9,15.3
mpd,-4.0,3,n4-qpsk-r1/3,n4,1,1,0,ctl,ok,0,0,-3.1,15.3
mpd,-4.0,3,n4-qpsk-r1/3,n4,1,1,,ctl,missed,0,0,,15.3
mpd,-4.0,3,n4-qpsk-r1/3,n4,1,1,,ctl,missed,0,0,,15.3
mpd,-4.0,3,n4-qpsk-r1/3,n4,1,1,0,ctl,ok,0,0,-4.9,15.3
mpd,-4.0,3,n4-qpsk-r1/3,n4,1,1,,ctl,missed,0,0,,15.3
mpd,-4.0,3,n4-qpsk-r1/3,n4,1,1,0,ctl,ok,0,0,-3.9,15.3
mpd,-4.0,3,n4-qpsk-r1/3,n4,1,1,0,ctl,ok,0,0,-1.7,15.3
mpd,-4.0,3,ack-4f,w,3,3,0,ctl,ok,0,0,-4.9,15.3
mpd,-4.0,3,ack-4f,w,3,3,0,ctl,ok,0,0,-0.1,15.3
mpd,-4.0,3,fsk32r62-r1/2,c32r62,10,2,1,data,ok,8,8,-1.4,15.3
mpd,-4.0,3,ack-4f,w,3,3,0,ctl,ok,0,0,-0.6,15.3
mpd,-4.0,3,qpsk-r1/5,w,9,2,1,data,ok,7,7,-2.5,15.3
mpd,-4.0,3,ack-4f,w,3,3,0,ctl,ok,0,0,-1.7,15.3
mpd,-4.0,3,qpsk-r1/5,w,9,2,1,data,ok,7,4,-2.3,15.3
mpd,-4.0,3,ack-4f,w,3,3,0,ctl,ok,0,0,-0.5,15.3
mpd,-4.0,3,qpsk-r1/5,w,9,2,1,data,ok,4,4,-1.4,15.3
mpd,-4.0,3,ack-4f,w,3,3,0,ctl,ok,0,0,-0.4,15.3
mpd,-4.0,3,qpsk-r1/5,w,9,2,1,data,ok,7,7,-1.5,15.3
mpd,-4.0,3,ack-4f,w,3,3,0,ctl,ok,0,0,-1.6,15.3
mpd,-4.0,3,qpsk-r1/5,w,9,2,1,data,ok,7,2,-1.1,15.3
mpd,-4.0,3,ack-4f,w,3,3,0,ctl,ok,0,0,-4.0,15.3
mpd,-4.0,3,qpsk-r1/5,w,9,1,0,data,ctl_lost,3,0,-1.4,15.3
mpd,-4.0,3,ack-4f,w,3,3,0,ctl,ok,0,0,-2.0,15.3
mpd,-4.0,3,ack-4f,w,3,3,0,ctl,ok,0,0,0.8,15.3
mpd,-4.0,3,qpsk-r1/5,w,9,2,1,data,ok,2,2,-2.0,15.3
mpd,-4.0,3,ack-4f,w,3,3,0,ctl,ok,0,0,-4.9,15.3
mpd,-4.0,3,qpsk-r1/5,w,9,2,1,data,ok,7,7,-1.6,15.3
mpd,-4.0,3,ack-4f,w,3,3,0,ctl,ok,0,0,0.4,15.3
mpd,-4.0,3,qpsk-r1/5,w,9,2,1,data,ok,7,0,-2.1,15.3
mpd,-4.0,3,ack-4f,w,3,3,0,ctl,ok,0,0,-2.8,15.3
mpd,-4.0,3,qpsk-r1/5,w,9,2,1,data,ok,4,4,-1.9,15.3
mpd,-4.0,3,ack-4f,w,3,3,0,ctl,ok,0,0,-2.8,15.3
mpd,-4.0,3,qpsk-r1/5,w,9,2,1,data,ok,7,4,-1.5,15.3
mpd,-4.0,3,ack-4f,w,3,3,0,ctl,ok,0,0,-2.2,15.3
mpd,-4.0,3,qpsk-r1/5,w,9,2,1,data,ok,5,0,-3.3,15.3
mpd,-4.0,3,ack-4f,w,3,3,0,ctl,ok,0,0,-1.5,15.3
mpd,-4.0,3,qpsk-r1/5,w,9,2,1,data,ok,2,1,0.5,15.3
mpd,-4.0,3,ack-4f,w,2,2,0,ctl,ok,0,0,-3.1,15.3
mpd,-4.0,3,qpsk-r1/5,w,9,1,0,data,ok,8,8,-1.2,15.3
mpd,-4.0,3,ack-4f,w,2,2,0,ctl,ok,0,0,-1.9,15.3
mpd,-4.0,3,qpsk-r1/5,w,9,1,0,data,ok,8,8,-1.2,15.3
mpd,-4.0,3,ack-4f,w,2,2,0,ctl,ok,0,0,0.5,15.3
mpd,-4.0,3,qpsk-r1/5,w,9,1,0,data,ok,8,8,0.1,15.3
mpd,-4.0,3,ack-4f,w,2,2,0,ctl,ok,0,0,2.4,15.3
mpd,-4.0,3,qpsk-r1/5,w,9,1,0,data,ok,8,2,-1.6,15.3
mpd,-4.0,3,ack-4f,w,3,3,0,ctl,ok,0,0,-1.5,15.3
mpd,-4.0,3,qpsk-r1/5,w,9,1,0,data,ctl_lost,2,0,-1.1,15.3
mpd,-4.0,3,ack-4f,w,3,3,0,ctl,ok,0,0,-1.5,15.3
mpd,-4.0,3,ack-4f,w,3,3,0,ctl,ok,0,0,-2.8,15.3
mpd,-4.0,3,qpsk-r1/5,w,9,2,1,data,ok,1,1,-2.5,15.3
mpd,-4.0,3,ack-4f,w,3,3,0,ctl,ok,0,0,0.8,15.3
mpd,-4.0,3,qpsk-r1/5,w,9,2,1,data,ok,7,7,0.1,15.3
mpd,-4.0,3,ack-4f,w,2,2,,ctl,missed,0,0,,15.3
mpd,-4.0,3,ack-4f,w,3,3,0,ctl,ok,0,0,0.2,15.3
mpd,-4.0,3,ack-4f,w,2,2,,ctl,missed,0,0,,15.3
mpd,-4.0,3,ack-4f,w,3,3,0,ctl,ok,0,0,-1.6,15.3
mpd,-4.0,3,ack-4f,w,3,3,0,ctl,ok,0,0,-1.0,15.3
mpd,-4.0,3,qpsk-r1/5,w,9,2,1,data,ok,7,7,-0.2,15.3
mpd,-4.0,3,ack-4f,w,2,2,0,ctl,ok,0,0,-0.8,15.3
mpd,-4.0,3,qpsk-r1/5,w,9,1,0,data,ok,8,8,-1.9,15.3
mpd,-4.0,3,ack-4f,w,2,2,0,ctl,ok,0,0,-3.0,15.3
mpd,-4.0,3,qpsk-r1/5,w,9,1,0,data,ok,8,8,-0.2,15.3
mpd,-4.0,3,ack-4f,w,2,2,0,ctl,ok,0,0,-2.2,15.3
mpd,-4.0,3,qpsk-r1/5,w,9,1,0,data,ok,8,8,-0.6,15.3
mpd,-4.0,3,ack-4f,w,2,2,0,ctl,ok,0,0,-1.8,15.3
mpd,-4.0,3,qpsk-r1/5,w,9,1,0,data,ctl_lost,8,0,-1.9,15.3
mpd,-4.0,3,ack-4f,w,3,3,0,ctl,ok,0,0,-0.9,15.3
mpd,-4.0,3,ack-4f,w,3,3,0,ctl,ok,0,0,1.8,15.3
mpd,-4.0,3,qpsk-r1/5,w,9,2,1,data,ok,7,0,-1.1,15.3
mpd,-4.0,3,ack-4f,w,3,3,0,ctl,ok,0,0,-1.9,15.3
mpd,-4.0,3,qpsk-r1/5,w,9,2,1,data,ok,0,0,-0.4,15.3
mpd,-4.0,3,ack-4f,w,2,2,0,ctl,ok,0,0,-2.0,15.3
mpd,-4.0,3,qpsk-r1/5,w,9,1,0,data,ok,8,8,-1.0,15.3
mpd,-4.0,3,ack-4f,w,2,2,0,ctl,ok,0,0,-1.2,15.3
mpd,-4.0,3,qpsk-r1/5,w,9,1,0,data,ok,8,8,-0.5,15.3
mpd,-4.0,3,ack-4f,w,2,2,0,ctl,ok,0,0,-0.5,15.3
mpd,-4.0,3,qpsk-r1/5,w,9,1,0,data,ok,8,8,0.2,15.3
mpd,-4.0,3,ack-4f,w,2,2,0,ctl,ok,0,0,-0.4,15.3
mpd,-4.0,3,qpsk-r1/5,w,9,1,0,data,ok,8,8,-0.9,15.3
mpd,-4.0,3,ack-4f,w,2,2,0,ctl,ok,0,0,0.3,15.3
mpd,-4.0,3,qpsk-r1/5,w,9,1,0,data,ok,8,8,-0.5,15.3
mpd,-4.0,3,ack-4f,w,2,2,0,ctl,ok,0,0,1.7,15.3
mpd,-4.0,3,qpsk-r1/5,w,9,1,0,data,ctl_lost,8,0,-1.9,15.3
mpd,-4.0,3,ack-4f,w,3,3,0,ctl,ok,0,0,1.0,15.3
mpd,-4.0,3,ack-4f,w,3,3,0,ctl,ok,0,0,-0.5,15.3
mpd,-4.0,3,qpsk-r1/5,w,9,2,1,data,ok,7,7,-1.8,15.3
mpd,-4.0,3,ack-4f,w,3,3,0,ctl,ok,0,0,-3.1,15.3
mpd,-4.0,3,qpsk-r1/5,w,9,2,1,data,ok,7,0,-2.3,15.3
mpd,-4.0,3,ack-4f,w,3,3,0,ctl,ok,0,0,-1.3,15.3
mpd,-4.0,2,qpsk-r1/5,w,1,1,0,ctl,ctl_lost,0,0,-2.3,12.8
mpd,-4.0,2,n4-qpsk-r1/3,n4,1,1,0,ctl,ok,0,0,-5.0,12.8
mpd,-4.0,2,n4-qpsk-r1/3,n4,1,1,0,ctl,ok,0,0,-9.4,12.8
mpd,-4.0,2,ack-4f,w,3,3,0,ctl,ok,0,0,-0.6,12.8
mpd,-4.0,2,n10-ack-4f,n10,3,3,0,ctl,ok,0,0,-1.3,12.8
mpd,-4.0,2,qpsk-r1/5,w,9,2,1,data,ok,7,0,-2.1,12.8
mpd,-4.0,2,ack-4f,w,3,3,0,ctl,ok,0,0,-1.5,12.8
mpd,-4.0,2,qpsk-r1/5,w,9,2,1,data,ok,0,0,-0.4,12.8
mpd,-4.0,2,ack-4f,w,3,3,0,ctl,ok,0,0,0.1,12.8
mpd,-4.0,2,qpsk-r1/5,w,9,2,1,data,ok,7,7,0.2,12.8
mpd,-4.0,2,ack-4f,w,2,2,0,ctl,ok,0,0,-0.7,12.8
mpd,-4.0,2,qpsk-r1/5,w,9,1,0,data,ctl_lost,8,6,-2.0,12.8
mpd,-4.0,2,ack-4f,w,3,3,0,ctl,ok,0,0,-3.7,12.8
mpd,-4.0,2,ack-4f,w,3,3,0,ctl,ok,0,0,-1.1,12.8
mpd,-4.0,2,fsk32r62-r1/2,c32r62,10,2,1,data,ok,8,8,-1.2,12.8
mpd,-4.0,2,ack-4f,w,3,3,0,ctl,ok,0,0,-2.0,12.8
mpd,-4.0,2,qpsk-r1/3,w,9,2,1,data,ctl_lost,7,0,-3.1,12.8
mpd,-4.0,2,ack-4f,w,3,3,0,ctl,ok,0,0,-0.7,12.8
mpd,-4.0,2,ack-4f,w,3,3,0,ctl,ok,0,0,0.1,12.8
mpd,-4.0,2,qpsk-r1/5,w,9,2,1,data,ok,7,0,-2.2,12.8
mpd,-4.0,2,ack-4f,w,3,3,0,ctl,ok,0,0,-2.7,12.8
mpd,-4.0,2,qpsk-r1/5,w,9,2,1,data,ok,0,0,-0.3,12.8
mpd,-4.0,2,ack-4f,w,3,3,0,ctl,ok,0,0,1.0,12.8
mpd,-4.0,2,qpsk-r1/5,w,9,2,1,data,ok,7,1,-2.4,12.8
mpd,-4.0,2,ack-4f,w,3,3,0,ctl,ok,0,0,0.3,12.8
mpd,-4.0,2,qpsk-r1/5,w,9,2,1,data,ok,3,0,-2.6,12.8
mpd,-4.0,2,ack-4f,w,3,3,0,ctl,ok,0,0,-1.4,12.8
mpd,-4.0,2,qpsk-r1/5,w,9,2,1,data,ok,5,5,-1.5,12.8
mpd,-4.0,2,ack-4f,w,3,3,0,ctl,ok,0,0,-0.2,12.8
mpd,-4.0,2,qpsk-r1/5,w,9,2,1,data,ok,7,0,-2.6,12.8
mpd,-4.0,2,ack-4f,w,3,3,0,ctl,ok,0,0,-0.7,12.8
mpd,-4.0,2,qpsk-r1/5,w,9,2,1,data,ok,0,0,-0.8,12.8
mpd,-4.0,2,ack-4f,w,2,2,0,ctl,ok,0,0,-1.4,12.8
mpd,-4.0,2,qpsk-r1/5,w,9,1,0,data,ok,8,8,-0.5,12.8
mpd,-4.0,2,ack-4f,w,2,2,0,ctl,ok,0,0,-0.6,12.8
mpd,-4.0,2,qpsk-r1/5,w,9,1,0,data,ok,8,8,-1.0,12.8
mpd,-4.0,2,ack-4f,w,2,2,0,ctl,ok,0,0,2.1,12.8
mpd,-4.0,2,qpsk-r1/5,w,9,1,0,data,ok,8,8,-1.5,12.8
mpd,-4.0,2,ack-4f,w,2,2,0,ctl,ok,0,0,-0.7,12.8
mpd,-4.0,2,qpsk-r1/5,w,9,1,0,data,ok,8,8,-0.5,12.8
mpd,-4.0,2,ack-4f,w,2,2,0,ctl,ok,0,0,-1.5,12.8
mpd,-4.0,2,qpsk-r1/5,w,9,1,0,data,ok,8,8,0.2,12.8
mpd,-4.0,2,ack-4f,w,2,2,0,ctl,ok,0,0,-0.3,12.8
mpd,-4.0,2,qpsk-r1/5,w,9,1,0,data,ctl_lost,8,0,-3.5,12.8
mpd,-4.0,2,ack-4f,w,3,3,0,ctl,ok,0,0,-3.4,12.8
mpd,-4.0,2,ack-4f,w,3,3,0,ctl,ok,0,0,-0.5,12.8
mpd,-4.0,2,qpsk-r1/5,w,9,2,1,data,ok,7,0,-3.1,12.8
mpd,-4.0,2,ack-4f,w,3,3,0,ctl,ok,0,0,-2.7,12.8
mpd,-4.0,2,qpsk-r1/5,w,9,2,1,data,ok,0,0,-1.8,12.8
mpd,-4.0,2,ack-4f,w,3,3,0,ctl,ok,0,0,-2.7,12.8
mpd,-4.0,2,qpsk-r1/5,w,9,2,1,data,ok,7,0,-2.1,12.8
mpd,-4.0,2,ack-4f,w,2,2,0,ctl,ok,0,0,1.2,12.8
mpd,-4.0,2,qpsk-r1/5,w,9,1,0,data,ok,1,1,-0.2,12.8
mpd,-4.0,2,ack-4f,w,2,2,0,ctl,ok,0,0,-0.7,12.8
mpd,-4.0,2,qpsk-r1/5,w,9,1,,data,missed,0,0,,12.8
mpd,-4.0,2,ack-4f,w,3,3,0,ctl,ok,0,0,-0.8,12.8
mpd,-4.0,2,ack-4f,w,2,2,0,ctl,ok,0,0,-1.2,12.8
mpd,-4.0,2,qpsk-r1/5,w,9,1,0,data,ok,8,8,0.5,12.8
mpd,-4.0,2,ack-4f,w,2,2,,ctl,missed,0,0,,12.8
mpd,-4.0,2,ack-4f,w,3,3,0,ctl,ok,0,0,-2.1,12.8
mpd,-4.0,2,ack-4f,w,2,2,0,ctl,ok,0,0,1.6,12.8
mpd,-4.0,2,qpsk-r1/5,w,9,1,0,data,ctl_lost,8,2,-0.5,12.8
mpd,-4.0,2,ack-4f,w,3,3,0,ctl,ok,0,0,-0.5,12.8
mpd,-4.0,2,ack-4f,w,3,3,0,ctl,ok,0,0,-2.4,12.8
mpd,-4.0,2,qpsk-r1/5,w,9,2,1,data,ok,7,7,-0.8,12.8
mpd,-4.0,2,ack-4f,w,3,3,0,ctl,ok,0,0,-1.6,12.8
mpd,-4.0,2,qpsk-r1/5,w,9,2,1,data,ok,7,7,-0.2,12.8
mpd,-4.0,2,ack-4f,w,2,2,0,ctl,ok,0,0,-2.3,12.8
mpd,-4.0,2,qpsk-r1/5,w,9,1,0,data,ok,8,8,-0.9,12.8
mpd,-4.0,2,ack-4f,w,2,2,,ctl,missed,0,0,,12.8
mpd,-4.0,2,ack-4f,w,3,3,0,ctl,ok,0,0,-4.4,12.8
mpd,-4.0,2,ack-4f,w,3,3,0,ctl,ok,0,0,-2.4,12.8
mpd,-4.0,2,qpsk-r1/5,w,9,2,1,data,ok,7,7,-1.4,12.8
mpd,-4.0,2,ack-4f,w,3,3,0,ctl,ok,0,0,-0.5,12.8
mpd,-4.0,2,qpsk-r1/5,w,9,2,1,data,ok,7,2,-2.2,12.8
mpd,-4.0,2,ack-4f,w,3,3,0,ctl,ok,0,0,-1.4,12.8
mpd,-4.0,2,qpsk-r1/5,w,9,2,1,data,ok,2,1,-1.6,12.8
mpd,-4.0,2,ack-4f,w,2,2,0,ctl,ok,0,0,0.6,12.8
mpd,-4.0,2,qpsk-r1/5,w,9,1,,data,missed,0,0,,12.8
mpd,-4.0,2,ack-4f,w,3,3,0,ctl,ok,0,0,-0.8,12.8
mpd,-4.0,2,ack-4f,w,2,2,0,ctl,ok,0,0,-3.9,12.8
mpd,-4.0,2,qpsk-r1/5,w,9,1,0,data,ctl_lost,8,0,-1.5,12.8
mpd,-4.0,2,ack-4f,w,3,3,0,ctl,ok,0,0,-2.6,12.8
mpd,-4.0,2,ack-4f,w,3,3,0,ctl,ok,0,0,-0.7,12.8
mpd,-4.0,2,qpsk-r1/5,w,9,2,1,data,ok,7,2,-1.4,12.8
mpd,-4.0,2,ack-4f,w,3,3,0,ctl,ok,0,0,-0.8,12.8
mpd,-4.0,2,qpsk-r1/5,w,9,2,1,data,ok,2,2,-1.4,12.8
mpd,-4.0,2,ack-4f,w,2,2,0,ctl,ok,0,0,-0.9,12.8
mpd,-4.0,2,qpsk-r1/5,w,9,1,0,data,ok,8,8,-0.8,12.8
mpd,-4.0,2,ack-4f,w,2,2,0,ctl,ok,0,0,-0.5,12.8
mpd,-4.0,2,qpsk-r1/5,w,9,1,0,data,ok,8,8,-1.2,12.8
mpd,-4.0,5,qpsk-r1/5,w,1,1,0,ctl,ok,0,0,-3.1,13.6
mpd,-4.0,5,qpsk-r1/5,w,1,1,0,ctl,ok,0,0,-2.2,13.6
mpd,-4.0,5,ack-4f,w,3,3,0,ctl,ok,0,0,-3.5,13.6
mpd,-4.0,5,n10-ack-4f,n10,3,3,0,ctl,ok,0,0,0.2,13.6
mpd,-4.0,5,fsk32r62-r1/2,c32r62,10,2,1,data,ok,8,8,-1.2,13.6
mpd,-4.0,5,ack-4f,w,2,2,0,ctl,ok,0,0,-2.6,13.6
mpd,-4.0,5,qpsk-r1/5,w,9,1,0,data,ctl_lost,8,1,-2.0,13.6
mpd,-4.0,5,ack-4f,w,3,3,0,ctl,ok,0,0,0.0,13.6
mpd,-4.0,5,ack-4f,w,3,3,0,ctl,ok,0,0,-3.0,13.6
mpd,-4.0,5,fsk32r62-r1/2,c32r62,10,2,1,data,ok,8,8,-1.7,13.6
mpd,-4.0,5,n10-ack-4f,n10,3,3,0,ctl,ok,0,0,0.1,13.6
mpd,-4.0,5,qpsk-r1/3,w,9,2,1,data,ok,7,0,-0.0,13.6
mpd,-4.0,5,ack-4f,w,3,3,0,ctl,ok,0,0,-4.1,13.6
mpd,-4.0,5,qpsk-r1/3,w,9,2,1,data,ok,1,0,0.3,13.6
mpd,-4.0,5,n10-ack-4f,n10,3,3,0,ctl,ok,0,0,-3.1,13.6
mpd,-4.0,5,qpsk-r1/5,w,9,2,,data,missed,0,0,,13.6
mpd,-4.0,5,ack-4f,w,4,4,0,ctl,ok,0,0,-2.0,13.6
mpd,-4.0,5,ack-4f,w,3,3,0,ctl,ok,0,0,1.8,13.6
mpd,-4.0,5,fsk32r62-r1/2,c32r62,10,2,1,data,ok,8,8,-1.7,13.6
mpd,-4.0,5,ack-4f,w,3,3,0,ctl,ok,0,0,-3.0,13.6
mpd,-4.0,5,qpsk-r1/3,w,9,2,1,data,ok,7,0,-2.1,13.6
mpd,-4.0,5,n10-ack-4f,n10,3,3,0,ctl,ok,0,0,-1.8,13.6
mpd,-4.0,5,fsk32r62-r1/2,c32r62,10,2,1,data,ok,8,8,-1.3,13.6
mpd,-4.0,5,ack-4f,w,3,3,0,ctl,ok,0,0,0.6,13.6
mpd,-4.0,5,qpsk-r1/3,w,9,2,1,data,ok,7,0,-1.6,13.6
mpd,-4.0,5,ack-4f,w,2,2,0,ctl,ok,0,0,0.6,13.6
mpd,-4.0,5,fsk32r62-r1/2,c32r62,9,1,0,data,ok,8,8,-1.0,13.6
mpd,-4.0,5,ack-4f,w,3,3,0,ctl,ok,0,0,-3.6,13.6
mpd,-4.0,5,qpsk-r1/5,w,9,2,1,data,ok,7,7,-1.6,13.6
mpd,-4.0,5,n10-ack-4f,n10,2,2,,ctl,missed,0,0,,13.6
mpd,-4.0,5,ack-4f,w,3,3,0,ctl,ok,0,0,0.0,13.6
mpd,-4.0,5,ack-4f,w,3,3,0,ctl,ok,0,0,-0.9,13.6
mpd,-4.0,5,qpsk-r1/5,w,9,2,1,data,ok,7,0,-2.3,13.6
mpd,-4.0,5,n10-ack-4f,n10,3,3,,ctl,missed,0,0,,13.6
mpd,-4.0,5,ack-4f,w,3,3,0,ctl,ok,0,0,-2.1,13.6
mpd,-4.0,5,ack-4f,w,3,3,0,ctl,ok,0,0,0.1,13.6
mpd,-4.0,5,qpsk-r1/5,w,9,2,1,data,ok,7,7,-2.2,13.6
mpd,-4.0,5,ack-4f,w,3,3,0,ctl,ok,0,0,-1.0,13.6
mpd,-4.0,5,qpsk-r1/5,w,9,2,1,data,ok,7,0,-2.0,13.6
mpd,-4.0,5,ack-4f,w,3,3,0,ctl,ok,0,0,-0.8,13.6
mpd,-4.0,5,qpsk-r1/5,w,9,2,1,data,ok,2,2,-1.1,13.6
mpd,-4.0,5,ack-4f,w,3,3,0,ctl,ok,0,0,-0.7,13.6
mpd,-4.0,5,qpsk-r1/5,w,9,2,1,data,ok,7,5,-2.1,13.6
mpd,-4.0,5,ack-4f,w,3,3,0,ctl,ok,0,0,-1.6,13.6
mpd,-4.0,5,qpsk-r1/5,w,9,2,1,data,ok,5,5,-1.8,13.6
mpd,-4.0,5,ack-4f,w,3,3,0,ctl,ok,0,0,-0.9,13.6
mpd,-4.0,5,qpsk-r1/5,w,9,2,1,data,ok,7,1,-2.2,13.6
mpd,-4.0,5,ack-4f,w,3,3,0,ctl,ok,0,0,-0.9,13.6
mpd,-4.0,5,qpsk-r1/5,w,9,2,1,data,ok,1,1,0.2,13.6
mpd,-4.0,5,ack-4f,w,2,2,0,ctl,ok,0,0,-2.6,13.6
mpd,-4.0,5,qpsk-r1/5,w,9,1,0,data,ok,8,8,-0.9,13.6
mpd,-4.0,5,ack-4f,w,2,2,0,ctl,ok,0,0,-2.2,13.6
mpd,-4.0,5,qpsk-r1/5,w,9,1,0,data,ctl_lost,8,0,-2.4,13.6
mpd,-4.0,5,ack-4f,w,3,3,0,ctl,ok,0,0,0.2,13.6
mpd,-4.0,5,ack-4f,w,3,3,0,ctl,ok,0,0,-0.6,13.6
mpd,-4.0,5,qpsk-r1/5,w,9,2,1,data,ok,7,7,-0.8,13.6
mpd,-4.0,5,ack-4f,w,3,3,0,ctl,ok,0,0,-2.4,13.6
mpd,-4.0,5,qpsk-r1/5,w,9,2,1,data,ok,7,7,-1.1,13.6
mpd,-4.0,5,ack-4f,w,3,3,,ctl,missed,0,0,,13.6
mpd,-4.0,5,ack-4f,w,3,3,0,ctl,ok,0,0,-1.1,13.6
mpd,-4.0,5,ack-4f,w,3,3,0,ctl,ok,0,0,-0.9,13.6
mpd,-4.0,5,qpsk-r1/5,w,9,2,1,data,ok,7,7,0.2,13.6
mpd,-4.0,5,ack-4f,w,2,2,0,ctl,ok,0,0,-2.8,13.6
mpd,-4.0,5,qpsk-r1/5,w,9,1,0,data,ok,8,8,-0.1,13.6
mpd,-4.0,5,ack-4f,w,2,2,0,ctl,ok,0,0,-0.7,13.6
mpd,-4.0,5,qpsk-r1/5,w,9,1,0,data,ok,8,8,-1.6,13.6
mpd,-4.0,5,ack-4f,w,3,3,0,ctl,ok,0,0,-1.6,13.6
mpd,-4.0,5,qpsk-r1/5,w,9,2,1,data,ok,7,0,-1.1,13.6
mpd,-4.0,5,ack-4f,w,3,3,0,ctl,ok,0,0,-2.8,13.6
mpd,-4.0,5,qpsk-r1/5,w,9,1,0,data,ok,3,3,-1.4,13.6
mpd,-4.0,5,ack-4f,w,3,3,0,ctl,ok,0,0,-0.3,13.6
mpd,-4.0,5,qpsk-r1/5,w,9,2,1,data,ok,7,7,-2.0,13.6
mpd,-4.0,5,ack-4f,w,2,2,0,ctl,ok,0,0,-2.9,13.6
mpd,-4.0,5,qpsk-r1/5,w,9,1,0,data,ctl_lost,8,0,-4.0,13.6
mpd,-4.0,5,ack-4f,w,3,3,0,ctl,ok,0,0,-0.5,13.6
mpd,-4.0,5,ack-4f,w,3,3,0,ctl,ok,0,0,-0.3,13.6
mpd,-4.0,5,qpsk-r1/5,w,9,2,1,data,ok,7,2,-1.4,13.6
mpd,-4.0,5,ack-4f,w,3,3,0,ctl,ok,0,0,-2.9,13.6
mpd,-4.0,5,qpsk-r1/5,w,9,2,1,data,ok,4,4,-0.8,13.6
mpd,-4.0,5,ack-4f,w,3,3,0,ctl,ok,0,0,-0.4,13.6
mpd,-4.0,4,qpsk-r1/5,w,1,1,0,ctl,ok,0,0,-0.4,17.0
mpd,-4.0,4,qpsk-r1/5,w,1,1,0,ctl,ok,0,0,1.5,17.0
mpd,-4.0,4,ack-4f,w,3,3,0,ctl,ok,0,0,-2.2,17.0
mpd,-4.0,4,ack-4f,w,3,3,0,ctl,ok,0,0,-1.6,17.0
mpd,-4.0,4,qpsk-r1/5,w,9,2,1,data,ok,7,7,-1.2,17.0
mpd,-4.0,4,ack-4f,w,3,3,0,ctl,ok,0,0,-1.8,17.0
mpd,-4.0,4,qpsk-r1/5,w,9,2,1,data,ok,7,7,-1.5,17.0
mpd,-4.0,4,ack-4f,w,3,3,0,ctl,ok,0,0,-3.7,17.0
mpd,-4.0,4,qpsk-r1/5,w,9,2,1,data,ok,7,7,0.1,17.0
mpd,-4.0,4,n4-ack-8f,n4,2,2,0,ctl,ok,0,0,-5.6,17.0
mpd,-4.0,4,qpsk-r1/5,w,9,1,0,data,ok,8,8,-1.7,17.0
mpd,-4.0,4,ack-4f,w,2,2,0,ctl,ok,0,0,-4.0,17.0
mpd,-4.0,4,qpsk-r1/5,w,9,1,0,data,ctl_lost,8,3,-1.5,17.0
mpd,-4.0,4,ack-4f,w,3,3,0,ctl,ok,0,0,0.5,17.0
mpd,-4.0,4,ack-4f,w,3,3,0,ctl,ok,0,0,-4.2,17.0
mpd,-4.0,4,qpsk-r1/5,w,9,2,1,data,ok,7,5,-1.6,17.0
mpd,-4.0,4,n4-ack-8f,n4,3,3,0,ctl,ok,0,0,-4.7,17.0
mpd,-4.0,4,qpsk-r1/5,w,9,2,1,data,ok,5,5,-1.3,17.0
mpd,-4.0,4,ack-4f,w,3,3,0,ctl,ok,0,0,-2.9,17.0
mpd,-4.0,4,qpsk-r1/5,w,9,2,1,data,ok,7,7,-0.3,17.0
mpd,-4.0,4,ack-4f,w,3,3,0,ctl,ok,0,0,-0.8,17.0
mpd,-4.0,4,qpsk-r1/5,w,9,2,1,data,ok,7,7,-1.9,17.0
mpd,-4.0,4,ack-4f,w,3,3,0,ctl,ok,0,0,-1.3,17.0
mpd,-4.0,4,qpsk-r1/5,w,9,2,1,data,ok,7,0,-1.4,17.0
mpd,-4.0,4,ack-4f,w,3,3,0,ctl,ok,0,0,0.5,17.0
mpd,-4.0,4,qpsk-r1/5,w,9,2,1,data,ok,0,0,-0.8,17.0
mpd,-4.0,4,ack-4f,w,2,2,0,ctl,ok,0,0,-2.0,17.0
mpd,-4.0,4,qpsk-r1/5,w,9,1,0,data,ok,8,8,-1.9,17.0
mpd,-4.0,4,ack-4f,w,2,2,,ctl,missed,0,0,,17.0
mpd,-4.0,4,ack-4f,w,3,3,0,ctl,ok,0,0,-1.6,17.0
mpd,-4.0,4,ack-4f,w,3,3,0,ctl,ok,0,0,-2.3,17.0
mpd,-4.0,4,qpsk-r1/5,w,9,2,1,data,ok,7,7,-1.1,17.0
mpd,-4.0,4,ack-4f,w,3,3,0,ctl,ok,0,0,-3.5,17.0
mpd,-4.0,4,qpsk-r1/5,w,9,2,1,data,ok,7,0,-2.1,17.0
mpd,-4.0,4,ack-4f,w,2,2,0,ctl,ok,0,0,-0.9,17.0
mpd,-4.0,4,qpsk-r1/5,w,9,1,0,data,ok,1,1,-1.4,17.0
mpd,-4.0,4,ack-4f,w,2,2,0,ctl,ok,0,0,-1.8,17.0
mpd,-4.0,4,qpsk-r1/5,w,9,1,0,data,ok,8,8,-1.0,17.0
mpd,-4.0,4,ack-4f,w,2,2,0,ctl,ok,0,0,-0.7,17.0
mpd,-4.0,4,qpsk-r1/5,w,9,1,0,data,ok,8,8,0.2,17.0
mpd,-4.0,4,ack-4f,w,2,2,0,ctl,ok,0,0,-1.0,17.0
mpd,-4.0,4,qpsk-r1/5,w,9,1,0,data,ok,8,8,-0.4,17.0
mpd,-4.0,4,ack-4f,w,2,2,0,ctl,ok,0,0,-1.6,17.0
mpd,-4.0,4,qpsk-r1/5,w,9,1,0,data,ok,8,8,0.2,17.0
mpd,-4.0,4,ack-4f,w,2,2,0,ctl,ok,0,0,2.5,17.0
mpd,-4.0,4,qpsk-r1/5,w,9,1,0,data,ok,8,8,-0.0,17.0
mpd,-4.0,4,ack-4f,w,2,2,0,ctl,ok,0,0,-4.8,17.0
mpd,-4.0,4,qpsk-r1/5,w,9,1,0,data,ctl_lost,8,0,-3.0,17.0
mpd,-4.0,4,ack-4f,w,3,3,0,ctl,ok,0,0,-3.6,17.0
mpd,-4.0,4,ack-4f,w,3,3,,ctl,missed,0,0,,17.0
mpd,-4.0,4,ack-4f,w,3,3,0,ctl,ok,0,0,-1.4,17.0
mpd,-4.0,4,ack-4f,w,3,3,0,ctl,ok,0,0,2.0,17.0
mpd,-4.0,4,qpsk-r1/5,w,9,2,1,data,ok,7,0,-2.4,17.0
mpd,-4.0,4,ack-4f,w,3,3,0,ctl,ok,0,0,-1.4,17.0
mpd,-4.0,4,qpsk-r1/5,w,9,2,1,data,ok,1,1,-1.4,17.0
mpd,-4.0,4,ack-4f,w,2,2,0,ctl,ok,0,0,-2.7,17.0
mpd,-4.0,4,qpsk-r1/5,w,9,1,0,data,ok,8,8,-1.8,17.0
mpd,-4.0,4,ack-4f,w,2,2,0,ctl,ok,0,0,-5.2,17.0
mpd,-4.0,4,qpsk-r1/5,w,9,1,0,data,ctl_lost,8,0,-2.6,17.0
mpd,-4.0,4,ack-4f,w,2,2,0,ctl,ok,0,0,-0.8,17.0
mpd,-4.0,4,ack-4f,w,3,3,0,ctl,ok,0,0,0.3,17.0
mpd,-4.0,4,qpsk-r1/5,w,9,2,1,data,ok,7,0,-2.0,17.0
mpd,-4.0,4,ack-4f,w,3,3,0,ctl,ok,0,0,0.6,17.0
mpd,-4.0,4,qpsk-r1/5,w,9,2,1,data,ok,1,1,-2.2,17.0
mpd,-4.0,4,ack-4f,w,3,3,0,ctl,ok,0,0,-5.8,17.0
mpd,-4.0,4,qpsk-r1/5,w,9,2,1,data,ok,7,3,-2.7,17.0
mpd,-4.0,4,ack-4f,w,3,3,0,ctl,ok,0,0,-4.8,17.0
mpd,-4.0,4,qpsk-r1/5,w,9,2,1,data,ok,3,3,-1.2,17.0
mpd,-4.0,4,ack-4f,w,3,3,0,ctl,ok,0,0,-0.4,17.0
mpd,-4.0,4,qpsk-r1/5,w,9,2,1,data,ok,7,7,-1.0,17.0
mpd,-4.0,4,ack-4f,w,2,2,0,ctl,ok,0,0,-1.1,17.0
mpd,-4.0,4,qpsk-r1/5,w,9,1,0,data,ctl_lost,8,0,-1.7,17.0
mpd,-4.0,4,ack-4f,w,3,3,0,ctl,ok,0,0,-1.3,17.0
mpd,-4.0,4,ack-4f,w,3,3,0,ctl,ok,0,0,-0.6,17.0
mpd,-4.0,4,qpsk-r1/5,w,9,2,1,data,ok,7,7,-1.5,17.0
mpd,-4.0,4,ack-4f,w,3,3,0,ctl,ok,0,0,-0.6,17.0
mpd,-4.0,4,qpsk-r1/5,w,9,2,1,data,ok,7,6,0.6,17.0
mpd,-4.0,4,ack-4f,w,3,3,0,ctl,ok,0,0,-0.2,17.0
mpd,-4.0,4,qpsk-r1/5,w,9,1,0,data,ok,7,7,-2.6,17.0
mpd,-4.0,4,ack-4f,w,3,3,0,ctl,ok,0,0,-0.4,17.0
mpd,-4.0,4,qpsk-r1/5,w,9,2,1,data,ok,7,7,-1.2,17.0
mpd,-4.0,4,ack-4f,w,3,3,0,ctl,ok,0,0,-0.7,17.0
mpd,-4.0,4,qpsk-r1/5,w,9,2,1,data,ok,6,6,-1.7,17.0
mpd,-4.0,4,ack-4f,w,3,3,0,ctl,ok,0,0,-3.1,17.0
mpd,-4.0,4,qpsk-r1/5,w,9,2,1,data,ok,7,3,-2.2,17.0
mpd,-4.0,4,ack-4f,w,3,3,0,ctl,ok,0,0,1.6,17.0
mpd,-4.0,4,qpsk-r1/5,w,9,2,1,data,ok,5,1,-2.1,17.0
mpd,-4.0,4,ack-4f,w,3,3,0,ctl,ok,0,0,-3.7,17.0
mpd,-4.0,4,qpsk-r1/5,w,9,2,1,data,ok,6,6,-1.1,17.0
mpd,-4.0,4,ack-4f,w,2,2,0,ctl,ok,0,0,-4.6,17.0
mpd,-4.0,4,qpsk-r1/5,w,9,1,0,data,ok,8,8,-1.7,17.0
mpd,-4.0,4,ack-4f,w,2,2,0,ctl,ok,0,0,0.2,17.0
mpd,-4.0,4,qpsk-r1/5,w,9,1,0,data,ok,8,8,-1.9,17.0
mpd,-4.0,9,qpsk-r1/5,w,1,1,0,ctl,ctl_lost,0,0,-4.1,17.4
mpd,-4.0,9,n4-qpsk-r1/3,n4,1,1,0,ctl,ok,0,0,-6.8,17.4
mpd,-4.0,9,n4-qpsk-r1/3,n4,1,1,,ctl,missed,0,0,,17.4
mpd,-4.0,9,n4-qpsk-r1/3,n4,1,1,,ctl,missed,0,0,,17.4
mpd,-4.0,9,n4-qpsk-r1/3,n4,1,1,0,ctl,ok,0,0,-4.5,17.4
mpd,-4.0,9,n4-qpsk-r1/3,n4,1,1,0,ctl,ok,0,0,-4.2,17.4
mpd,-4.0,9,ack-4f,w,3,3,0,ctl,ok,0,0,-2.4,17.4
mpd,-4.0,9,ack-4f,w,3,3,0,ctl,ok,0,0,-2.5,17.4
mpd,-4.0,9,fsk32r62-r1/2,c32r62,10,2,1,data,ok,8,8,-1.6,17.4
mpd,-4.0,9,n10-ack-4f,n10,3,3,0,ctl,ok,0,0,-1.6,17.4
mpd,-4.0,9,qpsk-r1/5,w,9,2,1,data,ok,7,7,-0.9,17.4
mpd,-4.0,9,ack-4f,w,3,3,0,ctl,ok,0,0,-0.3,17.4
mpd,-4.0,9,qpsk-r1/5,w,9,2,1,data,ok,7,7,-2.0,17.4
mpd,-4.0,9,ack-4f,w,3,3,0,ctl,ok,0,0,-3.0,17.4
mpd,-4.0,9,qpsk-r1/5,w,9,2,1,data,ok,7,4,-1.2,17.4
mpd,-4.0,9,n10-ack-4f,n10,3,3,0,ctl,ok,0,0,-4.4,17.4
mpd,-4.0,9,qpsk-r1/5,w,9,2,1,data,ok,4,4,-1.7,17.4
mpd,-4.0,9,ack-4f,w,3,3,0,ctl,ok,0,0,-1.3,17.4
mpd,-4.0,9,qpsk-r1/5,w,9,2,1,data,ok,7,1,-1.5,17.4
mpd,-4.0,9,ack-4f,w,3,3,0,ctl,ok,0,0,-3.0,17.4
mpd,-4.0,9,qpsk-r1/5,w,9,2,1,data,ok,2,2,-1.3,17.4
mpd,-4.0,9,n10-ack-4f,n10,3,3,,ctl,missed,0,0,,17.4
mpd,-4.0,9,ack-4f,w,3,3,0,ctl,ok,0,0,-3.6,17.4
mpd,-4.0,9,ack-4f,w,3,3,0,ctl,ok,0,0,-0.5,17.4
mpd,-4.0,9,qpsk-r1/5,w,9,2,1,data,ok,7,0,-2.4,17.4
mpd,-4.0,9,n10-ack-4f,n10,3,3,0,ctl,ok,0,0,0.3,17.4
mpd,-4.0,9,qpsk-r1/5,w,9,2,1,data,ok,0,0,-2.4,17.4
mpd,-4.0,9,ack-4f,w,3,3,0,ctl,ok,0,0,0.3,17.4
mpd,-4.0,9,qpsk-r1/5,w,9,2,1,data,ok,7,7,-1.6,17.4
mpd,-4.0,9,ack-4f,w,2,2,0,ctl,ok,0,0,-0.6,17.4
mpd,-4.0,9,qpsk-r1/5,w,9,1,0,data,ok,8,8,-0.8,17.4
mpd,-4.0,9,ack-4f,w,2,2,0,ctl,ok,0,0,1.5,17.4
mpd,-4.0,9,qpsk-r1/5,w,9,1,0,data,ctl_lost,8,2,-2.2,17.4
mpd,-4.0,9,ack-4f,w,3,3,0,ctl,ok,0,0,-3.7,17.4
mpd,-4.0,9,ack-4f,w,3,3,0,ctl,ok,0,0,-0.5,17.4
mpd,-4.0,9,qpsk-r1/5,w,9,2,1,data,ok,7,0,-3.3,17.4
mpd,-4.0,9,ack-4f,w,3,3,0,ctl,ok,0,0,-2.4,17.4
mpd,-4.0,9,qpsk-r1/5,w,9,2,1,data,ok,0,0,-0.9,17.4
mpd,-4.0,9,ack-4f,w,3,3,0,ctl,ok,0,0,0.4,17.4
mpd,-4.0,9,qpsk-r1/5,w,9,2,1,data,ok,7,7,-1.4,17.4
mpd,-4.0,9,ack-4f,w,2,2,0,ctl,ok,0,0,1.1,17.4
mpd,-4.0,9,qpsk-r1/5,w,9,1,0,data,ok,8,8,-0.8,17.4
mpd,-4.0,9,ack-4f,w,2,2,0,ctl,ok,0,0,-1.6,17.4
mpd,-4.0,9,qpsk-r1/5,w,9,1,0,data,ok,8,8,-2.4,17.4
mpd,-4.0,9,ack-4f,w,2,2,0,ctl,ok,0,0,-1.8,17.4
mpd,-4.0,9,qpsk-r1/5,w,9,1,0,data,ok,8,8,-1.0,17.4
mpd,-4.0,9,ack-4f,w,2,2,0,ctl,ok,0,0,-0.1,17.4
mpd,-4.0,9,qpsk-r1/5,w,9,1,0,data,ok,8,8,-1.7,17.4
mpd,-4.0,9,ack-4f,w,2,2,0,ctl,ok,0,0,-1.3,17.4
mpd,-4.0,9,qpsk-r1/5,w,9,1,0,data,ok,8,8,-0.8,17.4
mpd,-4.0,9,ack-4f,w,2,2,0,ctl,ok,0,0,-1.8,17.4
mpd,-4.0,9,qpsk-r1/5,w,9,1,0,data,ok,8,8,-1.1,17.4
mpd,-4.0,9,ack-4f,w,2,2,0,ctl,ok,0,0,-0.0,17.4
mpd,-4.0,9,qpsk-r1/5,w,9,1,0,data,ok,8,8,-0.1,17.4
mpd,-4.0,9,ack-4f,w,2,2,0,ctl,ok,0,0,-1.8,17.4
mpd,-4.0,9,qpsk-r1/5,w,9,1,0,data,ok,8,8,-0.4,17.4
mpd,-4.0,9,ack-4f,w,2,2,0,ctl,ok,0,0,1.6,17.4
mpd,-4.0,9,qpsk-r1/5,w,9,1,0,data,ok,8,8,-0.6,17.4
mpd,-4.0,9,ack-4f,w,2,2,0,ctl,ok,0,0,-3.3,17.4
mpd,-4.0,9,qpsk-r1/5,w,9,1,0,data,ctl_lost,8,3,-1.3,17.4
mpd,-4.0,9,ack-4f,w,3,3,0,ctl,ok,0,0,-1.1,17.4
mpd,-4.0,9,ack-4f,w,3,3,0,ctl,ok,0,0,-1.5,17.4
mpd,-4.0,9,qpsk-r1/5,w,9,2,1,data,ok,7,7,-1.5,17.4
mpd,-4.0,9,ack-4f,w,3,3,0,ctl,ok,0,0,0.5,17.4
mpd,-4.0,9,qpsk-r1/5,w,9,2,1,data,ok,7,7,-1.4,17.4
mpd,-4.0,9,ack-4f,w,3,3,0,ctl,ok,0,0,2.0,17.4
mpd,-4.0,9,qpsk-r1/5,w,9,2,1,data,ok,7,7,-1.8,17.4
mpd,-4.0,9,ack-4f,w,3,3,0,ctl,ok,0,0,1.3,17.4
mpd,-4.0,9,qpsk-r1/5,w,9,2,1,data,ok,7,7,-0.9,17.4
mpd,-4.0,9,ack-4f,w,2,2,0,ctl,ok,0,0,-1.3,17.4
mpd,-4.0,9,qpsk-r1/5,w,9,1,0,data,ok,8,8,0.3,17.4
mpd,-4.0,9,ack-4f,w,2,2,0,ctl,ok,0,0,-2.0,17.4
mpd,-4.0,9,qpsk-r1/5,w,9,1,0,data,ctl_lost,8,0,-1.7,17.4
mpd,-4.0,9,ack-4f,w,3,3,0,ctl,ok,0,0,-1.4,17.4
mpd,-4.0,9,ack-4f,w,3,3,0,ctl,ok,0,0,-2.9,17.4
mpd,-4.0,9,qpsk-r1/5,w,9,2,1,data,ok,7,7,-2.1,17.4
mpd,-4.0,9,ack-4f,w,3,3,0,ctl,ok,0,0,-4.3,17.4
mpd,-4.0,9,qpsk-r1/5,w,9,2,1,data,ok,7,7,-0.9,17.4
mpd,-4.0,9,ack-4f,w,3,3,0,ctl,ok,0,0,0.1,17.4
mpd,-4.0,9,qpsk-r1/5,w,9,2,1,data,ok,7,5,-2.2,17.4
mpd,-4.0,9,ack-4f,w,3,3,0,ctl,ok,0,0,-1.4,17.4
mpd,-4.0,9,qpsk-r1/5,w,9,2,1,data,ok,5,5,-0.8,17.4
mpd,-4.0,9,ack-4f,w,3,3,0,ctl,ok,0,0,0.0,17.4
mpd,-4.0,9,qpsk-r1/5,w,9,2,1,data,ok,7,7,-0.1,17.4
mpd,-4.0,9,ack-4f,w,2,2,0,ctl,ok,0,0,-1.1,17.4
mpd,-4.0,9,qpsk-r1/5,w,9,1,0,data,ok,8,8,-2.4,17.4
mpd,-4.0,9,ack-4f,w,2,2,0,ctl,ok,0,0,0.1,17.4
mpd,-4.0,9,qpsk-r1/5,w,9,1,0,data,ok,8,8,-1.3,17.4
mpd,-4.0,8,qpsk-r1/5,w,1,1,0,ctl,ok,0,0,-2.4,17.0
mpd,-4.0,8,qpsk-r1/5,w,1,1,0,ctl,ok,0,0,0.7,17.0
mpd,-4.0,8,ack-4f,w,3,3,0,ctl,ok,0,0,-1.7,17.0
mpd,-4.0,8,ack-4f,w,3,3,0,ctl,ok,0,0,-0.3,17.0
mpd,-4.0,8,qpsk-r1/5,w,9,2,1,data,ok,7,7,-1.8,17.0
mpd,-4.0,8,ack-4f,w,3,3,0,ctl,ok,0,0,-0.9,17.0
mpd,-4.0,8,qpsk-r1/5,w,9,2,1,data,ok,7,7,-1.6,17.0
mpd,-4.0,8,ack-4f,w,3,3,0,ctl,ok,0,0,1.3,17.0
mpd,-4.0,8,qpsk-r1/5,w,9,2,1,data,ok,7,7,-1.8,17.0
mpd,-4.0,8,ack-4f,w,3,3,0,ctl,ok,0,0,-1.0,17.0
mpd,-4.0,8,qpsk-r1/5,w,9,2,1,data,ok,7,1,-2.0,17.0
mpd,-4.0,8,ack-4f,w,3,3,0,ctl,ok,0,0,-1.4,17.0
mpd,-4.0,8,qpsk-r1/5,w,9,2,1,data,ok,1,0,-1.3,17.0
mpd,-4.0,8,ack-4f,w,2,2,0,ctl,ok,0,0,-1.6,17.0
mpd,-4.0,8,qpsk-r1/5,w,9,1,0,data,ok,8,8,-1.4,17.0
mpd,-4.0,8,ack-4f,w,2,2,0,ctl,ok,0,0,-0.6,17.0
mpd,-4.0,8,qpsk-r1/5,w,9,1,0,data,ok,8,8,-1.1,17.0
mpd,-4.0,8,ack-4f,w,2,2,0,ctl,ctl_lost,0,0,-9.5,17.0
mpd,-4.0,8,ack-4f,w,3,3,0,ctl,ok,0,0,-0.3,17.0
mpd,-4.0,8,ack-4f,w,2,2,0,ctl,ok,0,0,-1.3,17.0
mpd,-4.0,8,qpsk-r1/5,w,9,1,0,data,ok,8,6,-1.7,17.0
mpd,-4.0,8,n4-ack-8f,n4,3,3,0,ctl,ok,0,0,-6.4,17.0
mpd,-4.0,8,qpsk-r1/5,w,9,1,0,data,ctl_lost,6,2,-0.9,17.0
mpd,-4.0,8,ack-4f,w,3,3,0,ctl,ok,0,0,-1.1,17.0
mpd,-4.0,8,ack-4f,w,3,3,0,ctl,ok,0,0,-1.6,17.0
mpd,-4.0,8,qpsk-r1/5,w,9,2,1,data,ok,5,5,-0.7,17.0
mpd,-4.0,8,n10-ack-4f,n10,3,3,,ctl,missed,0,0,,17.0
mpd,-4.0,8,ack-4f,w,3,3,0,ctl,ok,0,0,-1.7,17.0
mpd,-4.0,8,ack-4f,w,3,3,0,ctl,ok,0,0,0.4,17.0
mpd,-4.0,8,qpsk-r1/5,w,9,2,1,data,ok,7,7,-0.5,17.0
mpd,-4.0,8,n10-ack-4f,n10,3,3,0,ctl,ok,0,0,-0.9,17.0
mpd,-4.0,8,qpsk-r1/5,w,9,2,1,data,ok,7,7,0.2,17.0
mpd,-4.0,8,ack-4f,w,2,2,0,ctl,ok,0,0,-1.5,17.0
mpd,-4.0,8,qpsk-r1/5,w,9,1,0,data,ctl_lost,8,0,-2.1,17.0
mpd,-4.0,8,ack-4f,w,3,3,0,ctl,ok,0,0,-4.5,17.0
mpd,-4.0,8,ack-4f,w,3,3,0,ctl,ok,0,0,-0.5,17.0
mpd,-4.0,8,qpsk-r1/5,w,9,2,1,data,ok,7,7,-1.3,17.0
mpd,-4.0,8,n10-ack-4f,n10,3,3,,ctl,missed,0,0,,17.0
mpd,-4.0,8,ack-4f,w,3,3,0,ctl,ok,0,0,-2.0,17.0
mpd,-4.0,8,ack-4f,w,3,3,0,ctl,ok,0,0,1.4,17.0
mpd,-4.0,8,qpsk-r1/5,w,9,2,1,data,ok,7,7,-1.7,17.0
mpd,-4.0,8,ack-4f,w,3,3,0,ctl,ok,0,0,-4.7,17.0
mpd,-4.0,8,qpsk-r1/5,w,9,2,1,data,ok,7,7,-0.2,17.0
mpd,-4.0,8,n10-ack-4f,n10,2,2,0,ctl,ok,0,0,-3.5,17.0
mpd,-4.0,8,qpsk-r1/5,w,9,1,0,data,ok,8,8,-2.5,17.0
mpd,-4.0,8,ack-4f,w,3,3,0,ctl,ok,0,0,-1.4,17.0
mpd,-4.0,8,qpsk-r1/5,w,9,2,1,data,ok,7,7,-1.1,17.0
mpd,-4.0,8,n10-ack-4f,n10,3,3,,ctl,missed,0,0,,17.0
mpd,-4.0,8,ack-4f,w,3,3,0,ctl,ok,0,0,-1.3,17.0
mpd,-4.0,8,ack-4f,w,2,2,0,ctl,ok,0,0,-4.0,17.0
mpd,-4.0,8,qpsk-r1/5,w,9,1,0,data,ok,8,8,-0.5,17.0
mpd,-4.0,8,n10-ack-4f,n10,2,2,0,ctl,ok,0,0,-0.4,17.0
mpd,-4.0,8,qpsk-r1/5,w,9,1,0,data,ctl_lost,8,0,-1.4,17.0
mpd,-4.0,8,ack-4f,w,3,3,0,ctl,ok,0,0,3.3,17.0
mpd,-4.0,8,ack-4f,w,2,2,0,ctl,ok,0,0,-2.2,17.0
mpd,-4.0,8,qpsk-r1/5,w,9,1,0,data,ok,8,8,-0.9,17.0
mpd,-4.0,8,n10-ack-4f,n10,2,2,0,ctl,ok,0,0,-0.6,17.0
mpd,-4.0,8,qpsk-r1/5,w,9,1,0,data,ok,8,8,-1.0,17.0
mpd,-4.0,8,ack-4f,w,3,3,,ctl,missed,0,0,,17.0
mpd,-4.0,8,ack-4f,w,3,3,0,ctl,ok,0,0,0.3,17.0
mpd,-4.0,8,ack-4f,w,2,2,0,ctl,ok,0,0,-3.4,17.0
mpd,-4.0,8,qpsk-r1/5,w,9,1,0,data,ok,8,8,-0.6,17.0
mpd,-4.0,8,n10-ack-4f,n10,2,2,0,ctl,ok,0,0,-0.5,17.0
mpd,-4.0,8,qpsk-r1/5,w,9,1,0,data,ok,8,8,-1.6,17.0
mpd,-4.0,8,ack-4f,w,3,3,0,ctl,ok,0,0,-2.0,17.0
mpd,-4.0,8,qpsk-r1/5,w,9,2,1,data,ok,7,7,-0.8,17.0
mpd,-4.0,8,n10-ack-4f,n10,3,3,,ctl,missed,0,0,,17.0
mpd,-4.0,8,ack-4f,w,3,3,0,ctl,ok,0,0,0.6,17.0
mpd,-4.0,8,ack-4f,w,2,2,0,ctl,ok,0,0,-1.3,17.0
mpd,-4.0,8,qpsk-r1/5,w,9,1,0,data,ctl_lost,8,0,-1.0,17.0
mpd,-4.0,8,ack-4f,w,3,3,0,ctl,ok,0,0,-0.6,17.0
mpd,-4.0,8,ack-4f,w,3,3,0,ctl,ok,0,0,-1.3,17.0
mpd,-4.0,8,qpsk-r1/5,w,9,2,1,data,ok,7,6,-1.0,17.0
mpd,-4.0,8,n10-ack-4f,n10,3,3,0,ctl,ok,0,0,0.5,17.0
mpd,-4.0,8,qpsk-r1/5,w,9,2,1,data,ok,6,6,-1.6,17.0
mpd,-4.0,8,ack-4f,w,3,3,0,ctl,ok,0,0,-1.3,17.0
mpd,-4.0,8,qpsk-r1/5,w,9,2,1,data,ok,7,7,-2.0,17.0
mpd,-4.0,8,ack-4f,w,3,3,0,ctl,ok,0,0,0.9,17.0
mpd,-4.0,8,qpsk-r1/5,w,9,2,1,data,ok,7,0,-3.0,17.0
mpd,-4.0,8,ack-4f,w,3,3,0,ctl,ok,0,0,-2.1,17.0
mpd,-4.0,8,qpsk-r1/5,w,9,2,1,data,ok,0,0,-2.6,17.0
mpd,-4.0,8,n10-ack-4f,n10,3,3,0,ctl,ok,0,0,-2.6,17.0
mpd,-4.0,8,qpsk-r1/5,w,9,2,1,data,ok,7,7,-0.9,17.0
mpd,-4.0,8,ack-4f,w,3,3,0,ctl,ok,0,0,1.7,17.0
mpd,-4.0,8,qpsk-r1/5,w,9,2,1,data,ok,7,7,0.1,17.0
mpd,-4.0,8,ack-4f,w,2,2,0,ctl,ok,0,0,-0.9,17.0
mpd,-4.0,8,qpsk-r1/5,w,9,1,0,data,ok,8,8,-1.6,17.0
mpd,-4.0,8,ack-4f,w,2,2,0,ctl,ok,0,0,-4.1,17.0
mpd,-4.0,8,qpsk-r1/5,w,9,1,0,data,ok,8,8,-1.0,17.0
mpd,-4.0,8,n10-ack-4f,n10,2,2,0,ctl,ok,0,0,0.2,17.0
mpd,-4.0,8,qpsk-r1/5,w,9,1,0,data,ok,8,8,-0.4,17.0
mpd,-4.0,8,ack-4f,w,2,2,0,ctl,ok,0,0,-3.1,17.0
mpd,-4.0,8,qpsk-r1/5,w,9,1,,data,missed,0,0,,17.0
mpd,-4.0,8,ack-4f,w,3,3,0,ctl,ok,0,0,-1.5,17.0
mpd,-4.0,8,ack-4f,w,2,2,0,ctl,ok,0,0,-0.9,17.0
mpd,-4.0,8,qpsk-r1/5,w,9,1,0,data,ok,8,8,-1.1,17.0
mpd,-4.0,8,n10-ack-4f,n10,2,2,0,ctl,ok,0,0,-3.3,17.0
mpd,-4.0,8,qpsk-r1/5,w,9,1,0,data,ok,8,8,-0.9,17.0
mpd,-4.0,6,qpsk-r1/5,w,1,1,0,ctl,ok,0,0,1.2,13.2
mpd,-4.0,6,qpsk-r1/5,w,1,1,0,ctl,ctl_lost,0,0,-3.1,13.2
mpd,-4.0,6,n4-qpsk-r1/3,n4,1,1,0,ctl,ok,0,0,-3.1,13.2
mpd,-4.0,6,n4-qpsk-r1/3,n4,1,1,0,ctl,ok,0,0,-4.9,13.2
mpd,-4.0,6,ack-4f,w,3,3,0,ctl,ok,0,0,-0.7,13.2
mpd,-4.0,6,ack-4f,w,3,3,0,ctl,ok,0,0,0.4,13.2
mpd,-4.0,6,qpsk-r1/5,w,9,2,1,data,ok,7,7,-1.2,13.2
mpd,-4.0,6,ack-4f,w,3,3,0,ctl,ok,0,0,-3.9,13.2
mpd,-4.0,6,qpsk-r1/5,w,9,2,1,data,ok,7,7,-1.7,13.2
mpd,-4.0,6,ack-4f,w,3,3,0,ctl,ok,0,0,1.1,13.2
mpd,-4.0,6,qpsk-r1/5,w,9,2,1,data,ok,7,6,-2.1,13.2
mpd,-4.0,6,ack-4f,w,3,3,0,ctl,ok,0,0,-2.7,13.2
mpd,-4.0,6,qpsk-r1/5,w,9,2,1,data,ok,6,6,-0.5,13.2
mpd,-4.0,6,ack-4f,w,3,3,0,ctl,ok,0,0,-0.6,13.2
mpd,-4.0,6,qpsk-r1/5,w,9,2,1,data,ok,7,7,-0.8,13.2
mpd,-4.0,6,ack-4f,w,2,2,0,ctl,ok,0,0,0.7,13.2
mpd,-4.0,6,qpsk-r1/5,w,9,1,0,data,ok,8,8,-0.9,13.2
mpd,-4.0,6,ack-4f,w,2,2,0,ctl,ok,0,0,-1.3,13.2
mpd,-4.0,6,qpsk-r1/5,w,9,1,0,data,ok,8,8,-1.5,13.2
mpd,-4.0,6,ack-4f,w,3,3,0,ctl,ok,0,0,-1.9,13.2
mpd,-4.0,6,qpsk-r1/5,w,9,2,1,data,ok,7,0,-3.3,13.2
mpd,-4.0,6,ack-4f,w,3,3,0,ctl,ok,0,0,-1.6,13.2
mpd,-4.0,6,qpsk-r1/5,w,9,2,1,data,ok,0,0,-4.3,13.2
mpd,-4.0,6,ack-4f,w,3,3,0,ctl,ok,0,0,-0.5,13.2
mpd,-4.0,6,qpsk-r1/5,w,9,2,1,data,ok,7,7,-0.6,13.2
mpd,-4.0,6,ack-4f,w,2,2,0,ctl,ok,0,0,-1.3,13.2
mpd,-4.0,6,qpsk-r1/5,w,9,1,,data,missed,0,0,,13.2
mpd,-4.0,6,ack-4f,w,3,3,0,ctl,ok,0,0,-0.6,13.2
mpd,-4.0,6,ack-4f,w,2,2,0,ctl,ok,0,0,1.7,13.2
mpd,-4.0,6,qpsk-r1/5,w,9,1,0,data,ctl_lost,8,6,-1.7,13.2
mpd,-4.0,6,ack-4f,w,3,3,0,ctl,ok,0,0,-2.6,13.2
mpd,-4.0,6,ack-4f,w,3,3,0,ctl,ok,0,0,-0.8,13.2
mpd,-4.0,6,qpsk-r1/5,w,9,2,1,data,ok,7,0,-2.4,13.2
mpd,-4.0,6,ack-4f,w,3,3,0,ctl,ok,0,0,-3.5,13.2
mpd,-4.0,6,qpsk-r1/5,w,9,2,1,data,ok,1,0,-1.8,13.2
mpd,-4.0,6,ack-4f,w,3,3,0,ctl,ok,0,0,-3.5,13.2
mpd,-4.0,6,qpsk-r1/5,w,9,2,1,data,ok,7,0,-2.6,13.2
mpd,-4.0,6,ack-4f,w,3,3,0,ctl,ok,0,0,-1.8,13.2
mpd,-4.0,6,qpsk-r1/5,w,9,2,1,data,ok,0,0,-0.3,13.2
mpd,-4.0,6,ack-4f,w,2,2,0,ctl,ok,0,0,-1.3,13.2
mpd,-4.0,6,qpsk-r1/5,w,9,1,0,data,ctl_lost,8,0,-2.2,13.2
mpd,-4.0,6,ack-4f,w,3,3,0,ctl,ok,0,0,-1.9,13.2
mpd,-4.0,6,ack-4f,w,3,3,0,ctl,ok,0,0,-2.8,13.2
mpd,-4.0,6,qpsk-r1/5,w,9,2,1,data,ok,7,7,0.3,13.2
mpd,-4.0,6,ack-4f,w,3,3,0,ctl,ok,0,0,-1.3,13.2
mpd,-4.0,6,qpsk-r1/5,w,9,2,1,data,ok,7,0,-0.6,13.2
mpd,-4.0,6,ack-4f,w,3,3,0,ctl,ok,0,0,-2.8,13.2
mpd,-4.0,6,qpsk-r1/5,w,9,1,0,data,ctl_lost,3,1,-2.8,13.2
mpd,-4.0,6,ack-4f,w,3,3,0,ctl,ok,0,0,-2.5,13.2
mpd,-4.0,6,ack-4f,w,3,3,0,ctl,ok,0,0,-1.4,13.2
mpd,-4.0,6,qpsk-r1/5,w,9,2,1,data,ok,2,0,-1.3,13.2
mpd,-4.0,6,ack-4f,w,3,3,0,ctl,ok,0,0,-0.1,13.2
mpd,-4.0,6,qpsk-r1/5,w,9,2,1,data,ok,7,7,-0.6,13.2
mpd,-4.0,6,ack-4f,w,3,3,0,ctl,ok,0,0,-2.3,13.2
mpd,-4.0,6,qpsk-r1/5,w,9,2,1,data,ok,7,0,-0.9,13.2
mpd,-4.0,6,ack-4f,w,3,3,0,ctl,ok,0,0,-2.6,13.2
mpd,-4.0,6,qpsk-r1/5,w,9,1,0,data,ctl_lost,2,0,-2.2,13.2
mpd,-4.0,6,ack-4f,w,3,3,0,ctl,ok,0,0,-1.6,13.2
mpd,-4.0,6,ack-4f,w,3,3,0,ctl,ok,0,0,1.1,13.2
mpd,-4.0,6,qpsk-r1/5,w,9,2,1,data,ok,1,1,-0.5,13.2
mpd,-4.0,6,ack-4f,w,3,3,0,ctl,ok,0,0,-1.8,13.2
mpd,-4.0,6,qpsk-r1/5,w,9,2,1,data,ok,7,7,-1.3,13.2
mpd,-4.0,6,ack-4f,w,3,3,0,ctl,ok,0,0,-3.5,13.2
mpd,-4.0,6,qpsk-r1/5,w,9,2,1,data,ok,7,7,-1.5,13.2
mpd,-4.0,6,ack-4f,w,3,3,0,ctl,ok,0,0,-2.8,13.2
mpd,-4.0,6,qpsk-r1/5,w,9,2,,data,missed,0,0,,13.2
mpd,-4.0,6,ack-4f,w,3,3,0,ctl,ok,0,0,1.2,13.2
mpd,-4.0,6,ack-4f,w,2,2,0,ctl,ok,0,0,-0.4,13.2
mpd,-4.0,6,qpsk-r1/5,w,9,1,0,data,ok,8,8,-0.6,13.2
mpd,-4.0,6,ack-4f,w,2,2,0,ctl,ok,0,0,-1.6,13.2
mpd,-4.0,6,qpsk-r1/5,w,9,1,0,data,ok,8,8,0.2,13.2
mpd,-4.0,6,ack-4f,w,2,2,0,ctl,ok,0,0,-1.0,13.2
mpd,-4.0,6,qpsk-r1/5,w,9,1,0,data,ok,8,8,-2.1,13.2
mpd,-4.0,6,ack-4f,w,3,3,0,ctl,ok,0,0,-3.4,13.2
mpd,-4.0,6,qpsk-r1/5,w,9,2,1,data,ok,7,4,-3.0,13.2
mpd,-4.0,6,ack-4f,w,3,3,0,ctl,ok,0,0,0.2,13.2
mpd,-4.0,6,qpsk-r1/5,w,9,2,1,data,ok,4,4,-1.7,13.2
mpd,-4.0,6,ack-4f,w,3,3,0,ctl,ok,0,0,-0.5,13.2
mpd,-4.0,6,qpsk-r1/5,w,9,2,1,data,ok,7,0,-2.3,13.2
mpd,-4.0,6,ack-4f,w,3,3,0,ctl,ok,0,0,-0.2,13.2
mpd,-4.0,6,qpsk-r1/5,w,9,2,,data,missed,0,0,,13.2
mpd,-4.0,6,ack-4f,w,3,3,0,ctl,ok,0,0,1.6,13.2
mpd,-4.0,6,ack-4f,w,2,2,0,ctl,ok,0,0,-3.3,13.2
mpd,-4.0,6,qpsk-r1/5,w,9,1,0,data,ok,1,1,-1.1,13.2
mpd,-4.0,6,ack-4f,w,2,2,0,ctl,ok,0,0,-3.0,13.2
mpd,-4.0,6,qpsk-r1/5,w,9,1,0,data,ok,8,8,-0.1,13.2
mpd,-4.0,6,ack-4f,w,2,2,0,ctl,ok,0,0,-2.7,13.2
mpd,-4.0,6,qpsk-r1/5,w,9,1,0,data,ctl_lost,8,3,-1.5,13.2
mpd,-4.0,6,ack-4f,w,3,3,0,ctl,ok,0,0,-1.2,13.2
mpd,-4.0,6,ack-4f,w,3,3,0,ctl,ok,0,0,-0.1,13.2
mpd,-4.0,6,qpsk-r1/5,w,9,2,1,data,ok,7,7,-0.6,13.2
mpd,-4.0,7,qpsk-r1/5,w,1,1,0,ctl,ok,0,0,0.1,17.9
mpd,-4.0,7,qpsk-r1/5,w,1,1,0,ctl,ok,0,0,0.3,17.9
mpd,-4.0,7,ack-4f,w,3,3,0,ctl,ok,0,0,-1.5,17.9
mpd,-4.0,7,ack-4f,w,3,3,0,ctl,ok,0,0,-3.3,17.9
mpd,-4.0,7,qpsk-r1/5,w,9,2,1,data,ok,7,7,-0.8,17.9
mpd,-4.0,7,ack-4f,w,3,3,0,ctl,ok,0,0,-2.4,17.9
mpd,-4.0,7,qpsk-r1/5,w,9,2,1,data,ok,7,7,-1.8,17.9
mpd,-4.0,7,n4-ack-8f,n4,3,3,0,ctl,ok,0,0,-3.7,17.9
mpd,-4.0,7,qpsk-r1/5,w,9,2,1,data,ok,7,4,-2.3,17.9
mpd,-4.0,7,ack-4f,w,3,3,0,ctl,ok,0,0,-2.1,17.9
mpd,-4.0,7,qpsk-r1/5,w,9,2,1,data,ok,6,6,-1.4,17.9
mpd,-4.0,7,ack-4f,w,3,3,0,ctl,ok,0,0,0.7,17.9
mpd,-4.0,7,qpsk-r1/5,w,9,2,1,data,ok,7,0,-2.2,17.9
mpd,-4.0,7,ack-4f,w,3,3,0,ctl,ok,0,0,-4.9,17.9
mpd,-4.0,7,qpsk-r1/5,w,9,2,1,data,ok,0,0,-0.8,17.9
mpd,-4.0,7,ack-4f,w,3,3,0,ctl,ok,0,0,-0.5,17.9
mpd,-4.0,7,qpsk-r1/5,w,9,2,1,data,ok,7,7,-2.2,17.9
mpd,-4.0,7,ack-4f,w,2,2,0,ctl,ok,0,0,1.9,17.9
mpd,-4.0,7,qpsk-r1/5,w,9,1,0,data,ctl_lost,8,5,-1.8,17.9
mpd,-4.0,7,ack-4f,w,3,3,0,ctl,ok,0,0,0.4,17.9
mpd,-4.0,7,ack-4f,w,3,3,0,ctl,ok,0,0,0.1,17.9
mpd,-4.0,7,qpsk-r1/5,w,9,2,1,data,ok,7,0,-2.6,17.9
mpd,-4.0,7,ack-4f,w,3,3,0,ctl,ctl_lost,0,0,-6.4,17.9
mpd,-4.0,7,ack-4f,w,3,3,0,ctl,ok,0,0,-2.3,17.9
mpd,-4.0,7,ack-4f,w,3,3,0,ctl,ok,0,0,-0.1,17.9
mpd,-4.0,7,qpsk-r1/5,w,9,2,1,data,ok,7,7,-0.9,17.9
mpd,-4.0,7,ack-4f,w,3,3,0,ctl,ok,0,0,0.2,17.9
mpd,-4.0,7,qpsk-r1/5,w,9,2,1,data,ok,7,7,-1.5,17.9
mpd,-4.0,7,ack-4f,w,3,3,0,ctl,ok,0,0,-3.5,17.9
mpd,-4.0,7,qpsk-r1/5,w,9,2,1,data,ok,7,7,-0.1,17.9
mpd,-4.0,7,ack-4f,w,2,2,0,ctl,ok,0,0,-2.9,17.9
mpd,-4.0,7,qpsk-r1/5,w,9,1,0,data,ok,8,8,-2.2,17.9
mpd,-4.0,7,ack-4f,w,2,2,0,ctl,ok,0,0,-1.0,17.9
mpd,-4.0,7,qpsk-r1/5,w,9,1,0,data,ok,8,8,0.8,17.9
mpd,-4.0,7,ack-4f,w,2,2,0,ctl,ok,0,0,-1.8,17.9
mpd,-4.0,7,qpsk-r1/5,w,9,1,0,data,ok,8,8,-1.0,17.9
mpd,-4.0,7,ack-4f,w,2,2,0,ctl,ok,0,0,-0.2,17.9
mpd,-4.0,7,qpsk-r1/5,w,9,1,0,data,ok,8,8,-0.5,17.9
mpd,-4.0,7,ack-4f,w,2,2,0,ctl,ok,0,0,-1.2,17.9
mpd,-4.0,7,qpsk-r1/5,w,9,1,0,data,ok,8,8,-1.2,17.9
mpd,-4.0,7,ack-4f,w,2,2,0,ctl,ok,0,0,0.7,17.9
mpd,-4.0,7,qpsk-r1/5,w,9,1,0,data,ok,8,8,-2.0,17.9
mpd,-4.0,7,ack-4f,w,2,2,0,ctl,ok,0,0,-0.9,17.9
mpd,-4.0,7,qpsk-r1/5,w,9,1,0,data,ok,8,8,-1.2,17.9
mpd,-4.0,7,ack-4f,w,2,2,0,ctl,ok,0,0,0.2,17.9
mpd,-4.0,7,qpsk-r1/5,w,9,1,0,data,ctl_lost,8,0,-2.1,17.9
mpd,-4.0,7,ack-4f,w,3,3,0,ctl,ctl_lost,0,0,-5.3,17.9
mpd,-4.0,7,ack-4f,w,3,3,0,ctl,ok,0,0,-0.3,17.9
mpd,-4.0,7,ack-4f,w,3,3,0,ctl,ok,0,0,-0.5,17.9
mpd,-4.0,7,qpsk-r1/5,w,9,2,1,data,ok,7,7,1.2,17.9
mpd,-4.0,7,ack-4f,w,2,2,0,ctl,ok,0,0,0.8,17.9
mpd,-4.0,7,qpsk-r1/5,w,9,1,0,data,ok,8,2,-1.2,17.9
mpd,-4.0,7,ack-4f,w,3,3,0,ctl,ok,0,0,0.4,17.9
mpd,-4.0,7,qpsk-r1/5,w,9,1,0,data,ok,2,2,-1.2,17.9
mpd,-4.0,7,ack-4f,w,3,3,0,ctl,ok,0,0,-1.7,17.9
mpd,-4.0,7,qpsk-r1/5,w,9,2,1,data,ok,7,7,-1.7,17.9
mpd,-4.0,7,ack-4f,w,2,2,0,ctl,ok,0,0,-1.6,17.9
mpd,-4.0,7,qpsk-r1/5,w,9,1,0,data,ok,8,8,-0.0,17.9
mpd,-4.0,7,ack-4f,w,2,2,,ctl,missed,0,0,,17.9
mpd,-4.0,7,ack-4f,w,3,3,0,ctl,ok,0,0,-2.2,17.9
mpd,-4.0,7,ack-4f,w,2,2,0,ctl,ok,0,0,-0.0,17.9
mpd,-4.0,7,qpsk-r1/5,w,9,1,0,data,ok,8,3,-2.0,17.9
mpd,-4.0,7,ack-4f,w,3,3,0,ctl,ok,0,0,-3.1,17.9
mpd,-4.0,7,qpsk-r1/5,w,9,2,1,data,ok,2,2,-1.5,17.9
mpd,-4.0,7,ack-4f,w,2,2,0,ctl,ok,0,0,-4.5,17.9
mpd,-4.0,7,qpsk-r1/5,w,9,1,0,data,ok,8,8,-0.6,17.9
mpd,-4.0,7,ack-4f,w,2,2,0,ctl,ok,0,0,-0.9,17.9
mpd,-4.0,7,qpsk-r1/5,w,9,1,0,data,ctl_lost,8,0,-2.9,17.9
mpd,-4.0,7,ack-4f,w,3,3,0,ctl,ok,0,0,-1.7,17.9
mpd,-4.0,7,ack-4f,w,3,3,0,ctl,ok,0,0,-1.8,17.9
mpd,-4.0,7,qpsk-r1/5,w,9,2,1,data,ok,7,7,-1.4,17.9
mpd,-4.0,7,ack-4f,w,3,3,0,ctl,ok,0,0,0.5,17.9
mpd,-4.0,7,qpsk-r1/5,w,9,2,1,data,ok,7,7,0.2,17.9
mpd,-4.0,7,ack-4f,w,2,2,0,ctl,ok,0,0,0.7,17.9
mpd,-4.0,7,qpsk-r1/5,w,9,1,0,data,ok,8,8,-1.0,17.9
mpd,-4.0,7,ack-4f,w,2,2,0,ctl,ok,0,0,-2.0,17.9
mpd,-4.0,7,qpsk-r1/5,w,9,1,0,data,ok,8,8,-1.3,17.9
mpd,-4.0,7,ack-4f,w,2,2,0,ctl,ok,0,0,2.0,17.9
mpd,-4.0,7,qpsk-r1/5,w,9,1,0,data,ok,8,8,0.8,17.9
mpd,-4.0,7,ack-4f,w,2,2,0,ctl,ok,0,0,-1.1,17.9
mpd,-4.0,7,qpsk-r1/5,w,9,1,0,data,ok,8,8,-0.5,17.9
mpd,-4.0,7,ack-4f,w,2,2,0,ctl,ok,0,0,-4.7,17.9
mpd,-4.0,7,qpsk-r1/5,w,9,1,0,data,ok,8,8,-1.9,17.9
mpd,-4.0,7,ack-4f,w,2,2,0,ctl,ctl_lost,0,0,-5.1,17.9
mpd,-4.0,7,ack-4f,w,3,3,0,ctl,ok,0,0,-2.5,17.9
mpd,-4.0,7,ack-4f,w,3,3,0,ctl,ok,0,0,-1.4,17.9
mpd,-4.0,7,qpsk-r1/5,w,9,2,1,data,ok,7,7,-1.3,17.9
mpd,-4.0,7,ack-4f,w,3,3,0,ctl,ok,0,0,-3.2,17.9
mpd,-4.0,7,qpsk-r1/5,w,9,2,1,data,ok,6,6,-1.8,17.9
mpd,-4.0,7,ack-4f,w,2,2,0,ctl,ok,0,0,-0.8,17.9
mpd,-4.0,7,qpsk-r1/5,w,9,1,0,data,ctl_lost,8,0,-2.5,17.9
mpd,-4.0,7,ack-4f,w,3,3,0,ctl,ok,0,0,1.7,17.9
mpd,-4.0,7,ack-4f,w,3,3,0,ctl,ok,0,0,-0.7,17.9
mpd,-4.0,7,qpsk-r1/5,w,9,2,1,data,ok,7,0,-1.9,17.9
mpd,0.0,0,qpsk-r1/5,w,1,1,0,ctl,ok,0,0,3.7,33.6
mpd,0.0,0,qpsk-r1/5,w,1,1,0,ctl,ok,0,0,1.9,33.6
mpd,0.0,0,ack-4f,w,3,3,0,ctl,ok,0,0,3.7,33.6
mpd,0.0,0,ack-4f,w,3,3,0,ctl,ok,0,0,3.4,33.6
mpd,0.0,0,qpsk-r1/2,w,9,2,1,data,ok,7,0,1.1,33.6
mpd,0.0,0,ack-4f,w,3,3,0,ctl,ok,0,0,2.4,33.6
mpd,0.0,0,qpsk-r1/3,w,9,2,1,data,ok,7,7,3.6,33.6
mpd,0.0,0,ack-1f,w,3,3,0,ctl,ok,0,0,4.3,33.6
mpd,0.0,0,qpsk-r1/3,w,9,2,1,data,ok,7,7,3.4,33.6
mpd,0.0,0,ack-1f,w,3,3,0,ctl,ok,0,0,4.3,33.6
mpd,0.0,0,qpsk-r1/3,w,9,2,1,data,ok,7,7,3.8,33.6
mpd,0.0,0,ack-1f,w,3,3,0,ctl,ok,0,0,1.5,33.6
mpd,0.0,0,qpsk-r1/3,w,9,2,1,data,ok,7,7,2.9,33.6
mpd,0.0,0,ack-1f,w,3,3,0,ctl,ok,0,0,4.6,33.6
mpd,0.0,0,qpsk-r1/3,w,9,2,1,data,ok,7,7,3.7,33.6
mpd,0.0,0,ack-1f,w,3,3,0,ctl,ok,0,0,-0.4,33.6
mpd,0.0,0,qpsk-r1/3,w,9,2,1,data,ok,7,7,2.4,33.6
mpd,0.0,0,ack-1f,w,3,3,0,ctl,ok,0,0,4.3,33.6
mpd,0.0,0,qpsk-r1/3,w,9,2,1,data,ok,7,7,3.8,33.6
mpd,0.0,0,ack-1f,w,3,3,0,ctl,ok,0,0,1.4,33.6
mpd,0.0,0,qpsk-r1/3,w,9,2,1,data,ok,7,7,3.2,33.6
mpd,0.0,0,ack-1f,w,2,2,0,ctl,ok,0,0,1.7,33.6
mpd,0.0,0,qpsk-r1/3,w,9,1,0,data,ok,8,8,3.6,33.6
mpd,0.0,0,ack-1f,w,2,2,0,ctl,ok,0,0,6.1,33.6
mpd,0.0,0,qpsk-r1/3,w,9,1,0,data,ok,8,8,3.5,33.6
mpd,0.0,0,ack-1f,w,2,2,0,ctl,ok,0,0,4.7,33.6
mpd,0.0,0,qpsk-r1/3,w,9,1,0,data,ok,8,8,1.6,33.6
mpd,0.0,0,ack-1f,w,2,2,0,ctl,ok,0,0,4.0,33.6
mpd,0.0,0,qpsk-r1/3,w,9,1,0,data,ok,8,8,2.2,33.6
mpd,0.0,0,ack-1f,w,3,3,0,ctl,ok,0,0,3.1,33.6
mpd,0.0,0,qpsk-r1/3,w,9,2,1,data,ok,7,0,0.3,33.6
mpd,0.0,0,ack-1f,w,3,3,0,ctl,ok,0,0,4.7,33.6
mpd,0.0,0,qpsk-r1/3,w,9,2,1,data,ok,5,0,2.0,33.6
mpd,0.0,0,ack-1f,w,3,3,0,ctl,ok,0,0,1.8,33.6
mpd,0.0,0,qpsk-r1/3,w,9,2,1,data,ok,5,5,3.5,33.6
mpd,0.0,0,ack-1f,w,2,2,0,ctl,ok,0,0,0.5,33.6
mpd,0.0,0,qpsk-r1/3,w,9,1,0,data,ok,8,8,2.9,33.6
mpd,0.0,0,ack-1f,w,2,2,0,ctl,ok,0,0,-0.4,33.6
mpd,0.0,0,qpsk-r1/3,w,9,1,0,data,ctl_lost,8,0,2.0,33.6
mpd,0.0,0,ack-4f,w,3,3,0,ctl,ok,0,0,1.2,33.6
mpd,0.0,0,ack-4f,w,3,3,0,ctl,ok,0,0,4.1,33.6
mpd,0.0,0,qpsk-r1/3,w,9,2,1,data,ok,7,7,3.1,33.6
mpd,0.0,0,ack-1f,w,3,3,0,ctl,ok,0,0,3.4,33.6
mpd,0.0,0,qpsk-r1/3,w,9,2,1,data,ok,7,7,3.3,33.6
mpd,0.0,0,ack-1f,w,2,2,0,ctl,ctl_lost,0,0,0.9,33.6
mpd,0.0,0,ack-4f,w,3,3,0,ctl,ok,0,0,2.4,33.6
mpd,0.0,0,ack-4f,w,2,2,0,ctl,ok,0,0,5.8,33.6
mpd,0.0,0,qpsk-r1/3,w,9,1,0,data,ok,8,8,4.4,33.6
mpd,0.0,0,ack-1f,w,2,2,0,ctl,ok,0,0,3.1,33.6
mpd,0.0,0,qpsk-r1/3,w,9,1,0,data,ok,8,8,1.8,33.6
mpd,0.0,0,ack-1f,w,2,2,0,ctl,ok,0,0,5.9,33.6
mpd,0.0,0,qpsk-r1/3,w,9,1,0,data,ok,8,8,2.6,33.6
mpd,0.0,0,ack-1f,w,3,3,0,ctl,ok,0,0,2.4,33.6
mpd,0.0,0,qpsk-r1/3,w,9,2,1,data,ok,7,0,1.0,33.6
mpd,0.0,0,ack-1f,w,3,3,0,ctl,ok,0,0,1.2,33.6
mpd,0.0,0,qpsk-r1/3,w,9,2,1,data,ok,1,1,3.9,33.6
mpd,0.0,0,ack-4f,w,2,2,0,ctl,ok,0,0,1.5,33.6
mpd,0.0,0,qpsk-r1/3,w,9,1,0,data,ok,8,8,3.8,33.6
mpd,0.0,0,ack-4f,w,2,2,0,ctl,ok,0,0,-1.0,33.6
mpd,0.0,0,qpsk-r1/3,w,9,1,0,data,ok,8,8,2.6,33.6
mpd,0.0,0,ack-4f,w,2,2,0,ctl,ok,0,0,3.2,33.6
mpd,0.0,0,qpsk-r1/3,w,9,1,0,data,ok,8,8,1.4,33.6
mpd,0.0,0,ack-4f,w,2,2,0,ctl,ok,0,0,2.5,33.6
mpd,0.0,0,qpsk-r1/3,w,9,1,0,data,ok,8,8,1.8,33.6
mpd,0.0,0,ack-4f,w,2,2,0,ctl,ok,0,0,2.0,33.6
mpd,0.0,0,qpsk-r1/3,w,9,1,0,data,ok,8,8,3.5,33.6
mpd,0.0,0,ack-4f,w,2,2,0,ctl,ok,0,0,-0.1,33.6
mpd,0.0,0,qpsk-r1/3,w,9,1,0,data,ok,8,8,2.1,33.6
mpd,0.0,0,ack-4f,w,2,2,0,ctl,ok,0,0,1.7,33.6
mpd,0.0,0,qpsk-r1/3,w,9,1,0,data,ok,8,8,1.7,33.6
mpd,0.0,0,ack-4f,w,2,2,0,ctl,ok,0,0,3.8,33.6
mpd,0.0,0,qpsk-r1/3,w,9,1,0,data,ok,8,8,3.6,33.6
mpd,0.0,0,ack-1f,w,2,2,0,ctl,ok,0,0,3.8,33.6
mpd,0.0,0,qpsk-r1/3,w,9,1,0,data,ctl_lost,8,0,0.6,33.6
mpd,0.0,0,ack-4f,w,3,3,0,ctl,ok,0,0,4.2,33.6
mpd,0.0,0,ack-4f,w,3,3,0,ctl,ok,0,0,2.9,33.6
mpd,0.0,0,qpsk-r1/3,w,9,2,1,data,ok,7,0,1.4,33.6
mpd,0.0,0,ack-1f,w,3,3,0,ctl,ok,0,0,-1.3,33.6
mpd,0.0,0,qpsk-r1/3,w,9,1,0,data,ctl_lost,2,2,2.0,33.6
mpd,0.0,0,ack-4f,w,3,3,0,ctl,ok,0,0,5.7,33.6
mpd,0.0,0,ack-4f,w,3,3,0,ctl,ok,0,0,3.4,33.6
mpd,0.0,0,qpsk-r1/3,w,9,2,1,data,ok,1,1,1.3,33.6
mpd,0.0,0,ack-4f,w,3,3,0,ctl,ok,0,0,4.1,33.6
mpd,0.0,0,qpsk-r1/2,w,9,2,1,data,ok,7,0,0.0,33.6
mpd,0.0,0,ack-1f,w,3,3,0,ctl,ok,0,0,3.6,33.6
mpd,0.0,0,qpsk-r1/3,w,9,2,1,data,ok,7,7,2.4,33.6
mpd,0.0,0,ack-1f,w,3,3,0,ctl,ok,0,0,4.6,33.6
mpd,0.0,0,qpsk-r1/3,w,9,2,1,data,ok,7,7,3.7,33.6
mpd,0.0,0,ack-1f,w,2,2,0,ctl,ok,0,0,1.7,33.6
mpd,0.0,0,qpsk-r1/3,w,9,1,0,data,ok,8,8,0.6,33.6
mpd,0.0,0,ack-1f,w,3,3,0,ctl,ok,0,0,7.7,33.6
mpd,0.0,0,qpsk-r1/3,w,9,2,1,data,ok,7,7,3.8,33.6
mpd,0.0,0,ack-1f,w,3,3,0,ctl,ok,0,0,2.9,33.6
mpd,0.0,0,qpsk-r1/3,w,9,2,1,data,ok,7,7,2.8,33.6
mpd,0.0,0,ack-1f,w,2,2,0,ctl,ok,0,0,0.6,33.6
mpd,0.0,0,qpsk-r1/3,w,9,1,0,data,ok,8,8,1.5,33.6
mpd,-4.0,11,qpsk-r1/5,w,1,1,0,ctl,ok,0,0,-3.3,15.3
mpd,-4.0,11,qpsk-r1/5,w,1,1,0,ctl,ok,0,0,-1.0,15.3
mpd,-4.0,11,ack-4f,w,3,3,0,ctl,ok,0,0,0.3,15.3
mpd,-4.0,11,ack-4f,w,3,3,0,ctl,ok,0,0,-1.4,15.3
mpd,-4.0,11,qpsk-r1/5,w,9,2,1,data,ok,7,7,-1.6,15.3
mpd,-4.0,11,ack-4f,w,3,3,0,ctl,ok,0,0,-2.6,15.3
mpd,-4.0,11,qpsk-r1/5,w,9,2,1,data,ctl_lost,7,0,-4.2,15.3
mpd,-4.0,11,ack-4f,w,3,3,0,ctl,ok,0,0,-2.5,15.3
mpd,-4.0,11,ack-4f,w,3,3,0,ctl,ok,0,0,-1.1,15.3
mpd,-4.0,11,fsk32r62-r1/2,c32r62,10,2,1,data,ok,8,8,-1.7,15.3
mpd,-4.0,11,ack-4f,w,3,3,0,ctl,ok,0,0,-1.3,15.3
mpd,-4.0,11,qpsk-r1/5,w,9,2,1,data,ok,7,2,-1.7,15.3
mpd,-4.0,11,ack-4f,w,3,3,0,ctl,ok,0,0,-1.2,15.3
mpd,-4.0,11,qpsk-r1/5,w,9,2,1,data,ok,2,1,-1.9,15.3
mpd,-4.0,11,ack-4f,w,3,3,0,ctl,ok,0,0,0.5,15.3
mpd,-4.0,11,qpsk-r1/5,w,9,2,1,data,ok,7,7,-1.1,15.3
mpd,-4.0,11,ack-4f,w,3,3,0,ctl,ok,0,0,-2.4,15.3
mpd,-4.0,11,qpsk-r1/5,w,9,2,1,data,ok,7,7,-0.6,15.3
mpd,-4.0,11,ack-4f,w,3,3,0,ctl,ok,0,0,-1.8,15.3
mpd,-4.0,11,qpsk-r1/5,w,9,2,1,data,ok,7,6,-1.1,15.3
mpd,-4.0,11,ack-4f,w,3,3,0,ctl,ok,0,0,0.0,15.3
mpd,-4.0,11,qpsk-r1/5,w,9,2,1,data,ok,6,2,-0.8,15.3
mpd,-4.0,11,ack-4f,w,2,2,0,ctl,ok,0,0,-2.0,15.3
mpd,-4.0,11,qpsk-r1/5,w,9,1,,data,missed,0,0,,15.3
mpd,-4.0,11,ack-4f,w,3,3,0,ctl,ok,0,0,-1.2,15.3
mpd,-4.0,11,ack-4f,w,3,3,0,ctl,ok,0,0,-1.4,15.3
mpd,-4.0,11,qpsk-r1/5,w,9,2,1,data,ok,7,2,-2.1,15.3
mpd,-4.0,11,ack-4f,w,3,3,0,ctl,ok,0,0,-0.5,15.3
mpd,-4.0,11,qpsk-r1/5,w,9,2,1,data,ok,3,0,-1.6,15.3
mpd,-4.0,11,ack-4f,w,3,3,,ctl,missed,0,0,,15.3
mpd,-4.0,11,ack-4f,w,3,3,0,ctl,ok,0,0,-3.1,15.3
mpd,-4.0,11,ack-4f,w,3,3,0,ctl,ok,0,0,0.7,15.3
mpd,-4.0,11,qpsk-r1/5,w,9,2,1,data,ok,7,7,-0.9,15.3
mpd,-4.0,11,ack-4f,w,3,3,0,ctl,ok,0,0,-3.2,15.3
mpd,-4.0,11,qpsk-r1/5,w,9,2,1,data,ok,7,7,-0.7,15.3
mpd,-4.0,11,ack-4f,w,2,2,0,ctl,ok,0,0,-1.6,15.3
mpd,-4.0,11,qpsk-r1/5,w,9,1,0,data,ctl_lost,8,3,-1.8,15.3
mpd,-4.0,11,ack-4f,w,3,3,0,ctl,ok,0,0,-1.6,15.3
mpd,-4.0,11,ack-4f,w,3,3,0,ctl,ok,0,0,-3.5,15.3
mpd,-4.0,11,qpsk-r1/5,w,9,2,1,data,ok,7,7,-1.7,15.3
mpd,-4.0,11,ack-4f,w,3,3,0,ctl,ctl_lost,0,0,-4.6,15.3
mpd,-4.0,11,ack-4f,w,3,3,0,ctl,ok,0,0,-1.9,15.3
mpd,-4.0,11,ack-4f,w,3,3,0,ctl,ok,0,0,-5.5,15.3
mpd,-4.0,11,qpsk-r1/5,w,9,2,1,data,ok,7,7,-1.9,15.3
mpd,-4.0,11,n4-ack-8f,n4,3,3,,ctl,missed,0,0,,15.3
mpd,-4.0,11,ack-4f,w,3,3,,ctl,missed,0,0,,15.3
mpd,-4.0,11,ack-4f,w,3,3,0,ctl,ok,0,0,-2.2,15.3
mpd,-4.0,11,ack-4f,w,3,3,0,ctl,ok,0,0,-3.6,15.3
mpd,-4.0,11,qpsk-r1/5,w,9,2,1,data,ok,7,1,-2.0,15.3
mpd,-4.0,11,n4-ack-8f,n4,3,3,0,ctl,ok,0,0,-3.8,15.3
mpd,-4.0,11,qpsk-r1/5,w,9,2,1,data,ok,2,2,-0.9,15.3
mpd,-4.0,11,ack-4f,w,2,2,0,ctl,ok,0,0,-1.7,15.3
mpd,-4.0,11,qpsk-r1/5,w,9,1,,data,missed,0,0,,15.3
mpd,-4.0,11,ack-4f,w,3,3,0,ctl,ok,0,0,-0.7,15.3
mpd,-4.0,11,ack-4f,w,2,2,0,ctl,ok,0,0,-2.4,15.3
mpd,-4.0,11,qpsk-r1/5,w,9,1,0,data,ctl_lost,8,5,-1.6,15.3
mpd,-4.0,11,ack-4f,w,3,3,0,ctl,ok,0,0,0.2,15.3
mpd,-4.0,11,ack-4f,w,3,3,0,ctl,ok,0,0,-2.5,15.3
mpd,-4.0,11,qpsk-r1/5,w,9,2,1,data,ok,7,7,-2.2,15.3
mpd,-4.0,11,ack-4f,w,3,3,0,ctl,ok,0,0,-0.3,15.3
mpd,-4.0,11,qpsk-r1/5,w,9,2,1,data,ok,7,0,-2.7,15.3
mpd,-4.0,11,ack-4f,w,3,3,0,ctl,ok,0,0,-0.4,15.3
mpd,-4.0,11,qpsk-r1/5,w,9,2,1,data,ok,0,0,-1.5,15.3
mpd,-4.0,11,ack-4f,w,3,3,0,ctl,ok,0,0,-2.7,15.3
mpd,-4.0,11,qpsk-r1/5,w,9,2,1,data,ok,7,7,-2.6,15.3
mpd,-4.0,11,ack-4f,w,3,3,0,ctl,ok,0,0,-3.2,15.3
mpd,-4.0,11,qpsk-r1/5,w,9,2,1,data,ok,7,7,-1.7,15.3
mpd,-4.0,11,ack-4f,w,3,3,,ctl,missed,0,0,,15.3
mpd,-4.0,11,ack-4f,w,3,3,0,ctl,ok,0,0,-3.1,15.3
mpd,-4.0,11,ack-4f,w,3,3,0,ctl,ok,0,0,-3.6,15.3
mpd,-4.0,11,qpsk-r1/5,w,9,2,1,data,ok,7,7,-0.9,15.3
mpd,-4.0,11,ack-4f,w,3,3,0,ctl,ok,0,0,0.6,15.3
mpd,-4.0,11,qpsk-r1/5,w,9,2,1,data,ok,7,7,-1.1,15.3
mpd,-4.0,11,ack-4f,w,2,2,0,ctl,ok,0,0,-1.2,15.3
mpd,-4.0,11,qpsk-r1/5,w,9,1,0,data,ok,8,8,-2.0,15.3
mpd,-4.0,11,ack-4f,w,2,2,0,ctl,ok,0,0,-0.9,15.3
mpd,-4.0,11,qpsk-r1/5,w,9,1,0,data,ok,8,8,-0.4,15.3
mpd,-4.0,11,ack-4f,w,2,2,0,ctl,ok,0,0,-0.9,15.3
mpd,-4.0,11,qpsk-r1/5,w,9,1,0,data,ok,8,8,-0.9,15.3
mpd,-4.0,11,ack-4f,w,2,2,0,ctl,ok,0,0,-1.5,15.3
mpd,-4.0,11,qpsk-r1/5,w,9,1,0,data,ok,8,8,-1.7,15.3
mpd,-4.0,11,ack-4f,w,2,2,0,ctl,ok,0,0,-0.9,15.3
mpd,-4.0,11,qpsk-r1/5,w,9,1,0,data,ctl_lost,8,0,-2.4,15.3
mpd,-4.0,11,ack-4f,w,3,3,0,ctl,ok,0,0,-1.2,15.3
mpd,-4.0,11,ack-4f,w,3,3,0,ctl,ok,0,0,-4.6,15.3
mpd,-4.0,11,qpsk-r1/5,w,9,2,1,data,ok,7,7,0.8,15.3
mpd,-4.0,11,ack-4f,w,2,2,0,ctl,ok,0,0,-1.2,15.3
mpd,-4.0,11,qpsk-r1/5,w,9,1,0,data,ok,8,8,-1.6,15.3
mpd,-4.0,11,ack-4f,w,2,2,0,ctl,ok,0,0,-2.0,15.3
mpd,-4.0,11,qpsk-r1/5,w,9,1,0,data,ok,8,8,-0.2,15.3
mpd,-4.0,11,ack-4f,w,2,2,0,ctl,ok,0,0,0.4,15.3
mpd,-4.0,11,qpsk-r1/5,w,9,1,0,data,ok,8,8,-2.0,15.3
mpd,-4.0,11,ack-4f,w,2,2,0,ctl,ok,0,0,1.3,15.3
mpd,-4.0,10,qpsk-r1/5,w,1,1,0,ctl,ok,0,0,2.1,15.7
mpd,-4.0,10,qpsk-r1/5,w,1,1,0,ctl,ok,0,0,-1.9,15.7
mpd,-4.0,10,ack-4f,w,3,3,,ctl,missed,0,0,,15.7
mpd,-4.0,10,ack-4f,w,3,3,0,ctl,ok,0,0,-2.9,15.7
mpd,-4.0,10,n10-ack-4f,n10,3,3,0,ctl,ok,0,0,-2.0,15.7
mpd,-4.0,10,qpsk-r1/5,w,9,2,1,data,ok,7,7,0.1,15.7
mpd,-4.0,10,ack-4f,w,3,3,0,ctl,ok,0,0,-0.3,15.7
mpd,-4.0,10,qpsk-r1/5,w,9,2,1,data,ok,7,5,-1.4,15.7
mpd,-4.0,10,ack-4f,w,3,3,0,ctl,ok,0,0,1.7,15.7
mpd,-4.0,10,qpsk-r1/5,w,9,2,1,data,ok,5,0,-1.7,15.7
mpd,-4.0,10,ack-4f,w,3,3,0,ctl,ok,0,0,-2.0,15.7
mpd,-4.0,10,qpsk-r1/5,w,9,2,1,data,ok,4,4,-1.1,15.7
mpd,-4.0,10,ack-4f,w,3,3,0,ctl,ok,0,0,-4.6,15.7
mpd,-4.0,10,qpsk-r1/5,w,9,2,1,data,ok,7,0,-2.5,15.7
mpd,-4.0,10,n4-ack-8f,n4,3,3,,ctl,missed,0,0,,15.7
mpd,-4.0,10,ack-4f,w,2,2,0,ctl,ok,0,0,1.2,15.7
mpd,-4.0,10,ack-4f,w,3,3,0,ctl,ok,0,0,-0.5,15.7
mpd,-4.0,10,qpsk-r1/5,w,9,2,1,data,ok,7,1,-2.5,15.7
mpd,-4.0,10,n10-ack-4f,n10,3,3,0,ctl,ok,0,0,1.3,15.7
mpd,-4.0,10,qpsk-r1/5,w,9,2,1,data,ok,6,6,-1.4,15.7
mpd,-4.0,10,ack-4f,w,3,3,0,ctl,ok,0,0,-0.9,15.7
mpd,-4.0,10,qpsk-r1/5,w,9,2,1,data,ok,7,7,-1.2,15.7
mpd,-4.0,10,ack-4f,w,2,2,0,ctl,ok,0,0,-2.4,15.7
mpd,-4.0,10,qpsk-r1/5,w,9,1,0,data,ok,8,8,-2.1,15.7
mpd,-4.0,10,ack-4f,w,3,3,0,ctl,ok,0,0,0.6,15.7
mpd,-4.0,10,qpsk-r1/5,w,9,2,1,data,ok,7,0,-2.6,15.7
mpd,-4.0,10,ack-4f,w,3,3,0,ctl,ok,0,0,-2.4,15.7
mpd,-4.0,10,qpsk-r1/5,w,9,2,1,data,ok,2,2,-0.8,15.7
mpd,-4.0,10,ack-4f,w,2,2,0,ctl,ok,0,0,1.7,15.7
mpd,-4.0,10,qpsk-r1/5,w,9,1,0,data,ctl_lost,8,4,-2.0,15.7
mpd,-4.0,10,ack-4f,w,3,3,0,ctl,ok,0,0,1.9,15.7
mpd,-4.0,10,ack-4f,w,3,3,0,ctl,ok,0,0,-2.7,15.7
mpd,-4.0,10,qpsk-r1/5,w,9,2,1,data,ok,7,5,-2.0,15.7
mpd,-4.0,10,ack-4f,w,3,3,0,ctl,ok,0,0,-2.6,15.7
mpd,-4.0,10,qpsk-r1/5,w,9,2,1,data,ok,6,0,-1.5,15.7
mpd,-4.0,10,ack-4f,w,3,3,0,ctl,ok,0,0,-4.0,15.7
mpd,-4.0,10,qpsk-r1/5,w,9,2,1,data,ok,1,1,-0.8,15.7
mpd,-4.0,10,ack-4f,w,3,3,0,ctl,ok,0,0,1.8,15.7
mpd,-4.0,10,qpsk-r1/5,w,9,2,1,data,ok,7,2,0.6,15.7
mpd,-4.0,10,ack-4f,w,3,3,0,ctl,ok,0,0,-1.5,15.7
mpd,-4.0,10,qpsk-r1/5,w,9,1,0,data,ok,3,3,-0.4,15.7
mpd,-4.0,10,ack-4f,w,2,2,0,ctl,ok,0,0,-0.4,15.7
mpd,-4.0,10,qpsk-r1/5,w,9,1,0,data,ok,8,8,0.1,15.7
mpd,-4.0,10,ack-4f,w,2,2,0,ctl,ok,0,0,-3.0,15.7
mpd,-4.0,10,qpsk-r1/5,w,9,1,0,data,ok,8,8,0.2,15.7
mpd,-4.0,10,ack-4f,w,2,2,0,ctl,ok,0,0,-2.8,15.7
mpd,-4.0,10,qpsk-r1/5,w,9,1,0,data,ok,8,2,-1.5,15.7
mpd,-4.0,10,ack-4f,w,3,3,0,ctl,ok,0,0,-2.5,15.7
mpd,-4.0,10,qpsk-r1/5,w,9,1,0,data,ok,2,2,-1.4,15.7
mpd,-4.0,10,ack-4f,w,2,2,0,ctl,ok,0,0,-0.3,15.7
mpd,-4.0,10,qpsk-r1/5,w,9,1,0,data,ctl_lost,8,0,-1.0,15.7
mpd,-4.0,10,ack-4f,w,3,3,0,ctl,ok,0,0,-0.2,15.7
mpd,-4.0,10,ack-4f,w,3,3,0,ctl,ok,0,0,-0.8,15.7
mpd,-4.0,10,qpsk-r1/5,w,9,2,1,data,ok,7,7,-0.7,15.7
mpd,-4.0,10,ack-4f,w,3,3,0,ctl,ok,0,0,0.4,15.7
mpd,-4.0,10,qpsk-r1/5,w,9,2,1,data,ok,7,7,-0.6,15.7
mpd,-4.0,10,ack-4f,w,3,3,0,ctl,ok,0,0,0.2,15.7
mpd,-4.0,10,qpsk-r1/5,w,9,2,1,data,ok,7,7,-1.3,15.7
mpd,-4.0,10,ack-4f,w,3,3,0,ctl,ok,0,0,-2.4,15.7
mpd,-4.0,10,qpsk-r1/5,w,9,2,1,data,ok,7,7,-0.6,15.7
mpd,-4.0,10,ack-4f,w,2,2,0,ctl,ok,0,0,-2.6,15.7
mpd,-4.0,10,qpsk-r1/5,w,9,1,0,data,ctl_lost,8,8,-1.7,15.7
mpd,-4.0,10,ack-4f,w,3,3,0,ctl,ok,0,0,-1.5,15.7
mpd,-4.0,10,ack-4f,w,3,3,0,ctl,ok,0,0,-0.1,15.7
mpd,-4.0,10,qpsk-r1/5,w,9,2,1,data,ok,7,7,-1.1,15.7
mpd,-4.0,10,ack-4f,w,3,3,,ctl,missed,0,0,,15.7
mpd,-4.0,10,ack-4f,w,3,3,0,ctl,ok,0,0,-1.1,15.7
mpd,-4.0,10,ack-4f,w,3,3,,ctl,missed,0,0,,15.7
mpd,-4.0,10,ack-4f,w,3,3,0,ctl,ok,0,0,-3.0,15.7
mpd,-4.0,10,ack-4f,w,3,3,0,ctl,ok,0,0,-2.7,15.7
mpd,-4.0,10,qpsk-r1/5,w,9,2,1,data,ok,7,3,-3.2,15.7
mpd,-4.0,10,ack-4f,w,3,3,0,ctl,ok,0,0,-1.1,15.7
mpd,-4.0,10,qpsk-r1/5,w,9,2,1,data,ok,3,0,-2.2,15.7
mpd,-4.0,10,ack-4f,w,3,3,0,ctl,ok,0,0,-1.0,15.7
mpd,-4.0,10,qpsk-r1/5,w,9,2,1,data,ok,6,6,-1.4,15.7
mpd,-4.0,10,ack-4f,w,3,3,0,ctl,ok,0,0,-0.8,15.7
mpd,-4.0,10,qpsk-r1/5,w,9,2,1,data,ok,7,7,-1.0,15.7
mpd,-4.0,10,ack-4f,w,2,2,0,ctl,ok,0,0,0.1,15.7
mpd,-4.0,10,qpsk-r1/5,w,9,1,0,data,ok,8,8,-1.4,15.7
mpd,-4.0,10,ack-4f,w,2,2,0,ctl,ok,0,0,-0.2,15.7
mpd,-4.0,10,qpsk-r1/5,w,9,1,0,data,ok,8,8,0.0,15.7
mpd,-4.0,10,ack-4f,w,2,2,0,ctl,ok,0,0,-3.2,15.7
mpd,-4.0,10,qpsk-r1/5,w,9,1,0,data,ok,8,8,-0.4,15.7
mpd,-4.0,10,ack-4f,w,2,2,0,ctl,ok,0,0,-2.2,15.7
mpd,-4.0,10,qpsk-r1/5,w,9,1,0,data,ctl_lost,8,1,-2.5,15.7
mpd,-4.0,10,ack-4f,w,3,3,0,ctl,ok,0,0,-2.4,15.7
mpd,-4.0,10,ack-4f,w,3,3,0,ctl,ok,0,0,-4.8,15.7
mpd,-4.0,10,qpsk-r1/5,w,9,2,1,data,ok,7,0,-2.5,15.7
mpd,-4.0,10,ack-4f,w,3,3,0,ctl,ok,0,0,-1.7,15.7
mpd,-4.0,10,qpsk-r1/5,w,9,2,1,data,ok,0,0,-0.5,15.7
mpd,-4.0,10,ack-4f,w,2,2,0,ctl,ok,0,0,-1.9,15.7
mpd,-4.0,10,qpsk-r1/5,w,9,1,0,data,ok,8,8,-1.4,15.7
mpd,-4.0,10,ack-4f,w,2,2,0,ctl,ok,0,0,-4.7,15.7
mpd,-4.0,10,qpsk-r1/5,w,9,1,0,data,ctl_lost,8,8,-2.5,15.7
mpd,0.0,2,qpsk-r1/5,w,1,1,0,ctl,ok,0,0,-0.3,37.4
mpd,0.0,2,qpsk-r1/5,w,1,1,0,ctl,ok,0,0,5.0,37.4
mpd,0.0,2,ack-4f,w,3,3,0,ctl,ok,0,0,-0.0,37.4
mpd,0.0,2,ack-1f,w,3,3,0,ctl,ok,0,0,2.8,37.4
mpd,0.0,2,qpsk-r1/5,w,9,2,1,data,ok,7,7,2.5,37.4
mpd,0.0,2,ack-1f,w,2,2,0,ctl,ok,0,0,3.0,37.4
mpd,0.0,2,qpsk-r1/5,w,9,1,0,data,ok,8,8,0.3,37.4
mpd,0.0,2,ack-1f,w,2,2,0,ctl,ok,0,0,4.5,37.4
mpd,0.0,2,qpsk-r1/5,w,9,1,0,data,ok,8,8,3.1,37.4
mpd,0.0,2,ack-1f,w,2,2,0,ctl,ok,0,0,4.9,37.4
mpd,0.0,2,qpsk-r1/5,w,9,1,0,data,ok,8,8,2.2,37.4
mpd,0.0,2,ack-1f,w,3,3,0,ctl,ok,0,0,3.5,37.4
mpd,0.0,2,qpsk-r1/3,w,9,2,1,data,ok,7,7,4.0,37.4
mpd,0.0,2,ack-1f,w,3,3,0,ctl,ctl_lost,0,0,-1.8,37.4
mpd,0.0,2,ack-4f,w,3,3,0,ctl,ok,0,0,1.1,37.4
mpd,0.0,2,ack-4f,w,3,3,0,ctl,ok,0,0,0.5,37.4
mpd,0.0,2,qpsk-r1/3,w,9,2,1,data,ok,7,7,3.7,37.4
mpd,0.0,2,ack-4f,w,3,3,0,ctl,ok,0,0,3.7,37.4
mpd,0.0,2,qpsk-r1/3,w,9,2,1,data,ok,7,7,1.7,37.4
mpd,0.0,2,ack-4f,w,3,3,0,ctl,ok,0,0,3.0,37.4
mpd,0.0,2,qpsk-r1/3,w,9,2,1,data,ok,7,7,2.8,37.4
mpd,0.0,2,ack-4f,w,3,3,0,ctl,ok,0,0,3.1,37.4
mpd,0.0,2,qpsk-r1/3,w,9,2,1,data,ok,7,7,4.1,37.4
mpd,0.0,2,ack-4f,w,2,2,0,ctl,ok,0,0,2.3,37.4
mpd,0.0,2,qpsk-r1/3,w,9,1,0,data,ok,8,8,1.0,37.4
mpd,0.0,2,ack-4f,w,2,2,0,ctl,ok,0,0,2.8,37.4
mpd,0.0,2,qpsk-r1/3,w,9,1,0,data,ok,8,8,1.4,37.4
mpd,0.0,2,ack-4f,w,3,3,0,ctl,ok,0,0,4.9,37.4
mpd,0.0,2,qpsk-r1/3,w,9,2,1,data,ok,7,7,3.9,37.4
mpd,0.0,2,ack-4f,w,2,2,0,ctl,ok,0,0,2.7,37.4
mpd,0.0,2,qpsk-r1/3,w,9,1,0,data,ok,8,8,0.8,37.4
mpd,0.0,2,ack-4f,w,2,2,0,ctl,ok,0,0,4.1,37.4
mpd,0.0,2,qpsk-r1/3,w,9,1,0,data,ok,8,8,3.8,37.4
mpd,0.0,2,ack-4f,w,2,2,0,ctl,ok,0,0,1.7,37.4
mpd,0.0,2,qpsk-r1/3,w,9,1,0,data,ok,8,8,3.5,37.4
mpd,0.0,2,ack-4f,w,2,2,0,ctl,ok,0,0,3.8,37.4
mpd,0.0,2,qpsk-r1/3,w,9,1,0,data,ok,8,8,3.1,37.4
mpd,0.0,2,ack-4f,w,2,2,0,ctl,ok,0,0,0.9,37.4
mpd,0.0,2,qpsk-r1/3,w,9,1,0,data,ok,8,8,2.9,37.4
mpd,0.0,2,ack-4f,w,2,2,0,ctl,ok,0,0,0.4,37.4
mpd,0.0,2,qpsk-r1/3,w,9,1,0,data,ok,8,8,1.0,37.4
mpd,0.0,2,ack-4f,w,2,2,0,ctl,ok,0,0,4.7,37.4
mpd,0.0,2,qpsk-r1/3,w,9,1,0,data,ok,8,8,2.4,37.4
mpd,0.0,2,ack-4f,w,3,3,0,ctl,ok,0,0,1.7,37.4
mpd,0.0,2,qpsk-r1/3,w,9,2,1,data,ok,7,7,3.5,37.4
mpd,0.0,2,ack-4f,w,2,2,0,ctl,ok,0,0,2.0,37.4
mpd,0.0,2,qpsk-r1/3,w,9,1,0,data,ok,8,8,3.2,37.4
mpd,0.0,2,ack-4f,w,2,2,0,ctl,ok,0,0,1.8,37.4
mpd,0.0,2,qpsk-r1/3,w,9,1,0,data,ctl_lost,8,0,2.1,37.4
mpd,0.0,2,ack-4f,w,2,2,0,ctl,ok,0,0,0.8,37.4
mpd,0.0,2,ack-4f,w,3,3,0,ctl,ok,0,0,2.0,37.4
mpd,0.0,2,qpsk-r1/3,w,9,2,1,data,ok,7,0,0.5,37.4
mpd,0.0,2,ack-4f,w,3,3,0,ctl,ok,0,0,4.2,37.4
mpd,0.0,2,qpsk-r1/3,w,9,2,1,data,ok,1,1,1.5,37.4
mpd,0.0,2,ack-4f,w,3,3,0,ctl,ok,0,0,3.0,37.4
mpd,0.0,2,qpsk-r1/3,w,9,2,1,data,ok,7,7,3.0,37.4
mpd,0.0,2,ack-4f,w,3,3,0,ctl,ok,0,0,1.5,37.4
mpd,0.0,2,qpsk-r1/3,w,9,2,1,data,ok,7,7,2.8,37.4
mpd,0.0,2,ack-4f,w,2,2,0,ctl,ok,0,0,4.5,37.4
mpd,0.0,2,qpsk-r1/3,w,9,1,0,data,ok,8,8,1.9,37.4
mpd,0.0,2,ack-4f,w,2,2,0,ctl,ok,0,0,5.5,37.4
mpd,0.0,2,qpsk-r1/3,w,9,1,0,data,ok,8,8,2.1,37.4
mpd,0.0,2,ack-1f,w,2,2,0,ctl,ok,0,0,5.2,37.4
mpd,0.0,2,qpsk-r1/3,w,9,1,0,data,ok,8,8,1.6,37.4
mpd,0.0,2,ack-1f,w,2,2,0,ctl,ok,0,0,4.4,37.4
mpd,0.0,2,qpsk-r1/3,w,9,1,0,data,ok,8,8,4.0,37.4
mpd,0.0,2,ack-1f,w,2,2,0,ctl,ok,0,0,1.2,37.4
mpd,0.0,2,qpsk-r1/3,w,9,1,0,data,ok,8,8,1.7,37.4
mpd,0.0,2,ack-1f,w,2,2,0,ctl,ok,0,0,1.0,37.4
mpd,0.0,2,qpsk-r1/3,w,9,1,0,data,ok,8,8,1.2,37.4
mpd,0.0,2,ack-4f,w,2,2,0,ctl,ok,0,0,0.7,37.4
mpd,0.0,2,qpsk-r1/3,w,9,1,0,data,ok,8,8,4.1,37.4
mpd,0.0,2,ack-4f,w,2,2,0,ctl,ok,0,0,2.1,37.4
mpd,0.0,2,qpsk-r1/3,w,9,1,0,data,ok,8,8,2.9,37.4
mpd,0.0,2,ack-4f,w,2,2,0,ctl,ok,0,0,1.8,37.4
mpd,0.0,2,qpsk-r1/3,w,9,1,0,data,ok,8,8,1.4,37.4
mpd,0.0,2,ack-4f,w,2,2,0,ctl,ok,0,0,3.4,37.4
mpd,0.0,2,qpsk-r1/3,w,9,1,0,data,ok,8,8,2.0,37.4
mpd,0.0,2,ack-4f,w,2,2,0,ctl,ok,0,0,2.7,37.4
mpd,0.0,2,qpsk-r1/3,w,9,1,0,data,ok,8,8,4.0,37.4
mpd,0.0,2,ack-1f,w,2,2,0,ctl,ok,0,0,3.1,37.4
mpd,0.0,2,qpsk-r1/3,w,9,1,0,data,ok,8,8,2.9,37.4
mpd,0.0,2,ack-4f,w,2,2,0,ctl,ok,0,0,4.5,37.4
mpd,0.0,2,qpsk-r1/3,w,9,1,0,data,ok,8,8,2.4,37.4
mpd,0.0,2,ack-1f,w,2,2,0,ctl,ok,0,0,1.8,37.4
mpd,0.0,2,qpsk-r1/3,w,9,1,0,data,ok,8,8,1.6,37.4
mpd,0.0,2,ack-1f,w,2,2,0,ctl,ok,0,0,2.3,37.4
mpd,0.0,2,qpsk-r1/3,w,9,1,0,data,ok,8,8,1.2,37.4
mpd,0.0,2,ack-4f,w,2,2,0,ctl,ok,0,0,1.3,37.4
mpd,0.0,2,qpsk-r1/3,w,9,1,0,data,ok,8,8,3.0,37.4
mpd,0.0,2,ack-4f,w,2,2,0,ctl,ok,0,0,2.3,37.4
mpd,0.0,2,qpsk-r1/3,w,9,1,0,data,ctl_lost,8,0,1.6,37.4
mpd,0.0,2,ack-4f,w,2,2,0,ctl,ok,0,0,1.7,37.4
mpd,0.0,2,ack-4f,w,3,3,0,ctl,ok,0,0,3.6,37.4
mpd,0.0,2,qpsk-r1/3,w,9,2,1,data,ok,7,7,4.0,37.4
mpd,0.0,4,qpsk-r1/5,w,1,1,0,ctl,ok,0,0,2.1,31.9
mpd,0.0,4,qpsk-r1/5,w,1,1,0,ctl,ok,0,0,5.9,31.9
mpd,0.0,4,ack-4f,w,3,3,0,ctl,ok,0,0,1.1,31.9
mpd,0.0,4,ack-1f,w,3,3,0,ctl,ok,0,0,2.0,31.9
mpd,0.0,4,qpsk-r1/5,w,9,2,1,data,ok,7,7,1.4,31.9
mpd,0.0,4,ack-1f,w,2,2,0,ctl,ok,0,0,0.2,31.9
mpd,0.0,4,qpsk-r1/5,w,9,1,0,data,ok,8,8,1.5,31.9
mpd,0.0,4,ack-4f,w,2,2,0,ctl,ok,0,0,2.3,31.9
mpd,0.0,4,qpsk-r1/5,w,9,1,0,data,ok,8,8,4.2,31.9
mpd,0.0,4,ack-4f,w,3,3,0,ctl,ok,0,0,2.8,31.9
mpd,0.0,4,qpsk-r1/3,w,9,2,1,data,ok,7,7,2.9,31.9
mpd,0.0,4,ack-1f,w,3,3,0,ctl,ok,0,0,-1.8,31.9
mpd,0.0,4,qpsk-r1/3,w,9,2,1,data,ok,7,7,3.4,31.9
mpd,0.0,4,ack-4f,w,3,3,0,ctl,ok,0,0,3.9,31.9
mpd,0.0,4,qpsk-r1/3,w,9,2,1,data,ok,7,7,1.7,31.9
mpd,0.0,4,ack-1f,w,3,3,0,ctl,ok,0,0,7.1,31.9
mpd,0.0,4,qpsk-r1/3,w,9,2,1,data,ok,7,3,1.2,31.9
mpd,0.0,4,ack-1f,w,3,3,0,ctl,ok,0,0,0.7,31.9
mpd,0.0,4,qpsk-r1/3,w,9,2,1,data,ok,3,3,3.5,31.9
mpd,0.0,4,ack-1f,w,3,3,0,ctl,ok,0,0,4.1,31.9
mpd,0.0,4,qpsk-r1/3,w,9,2,1,data,ok,7,7,2.3,31.9
mpd,0.0,4,ack-1f,w,3,3,0,ctl,ok,0,0,2.2,31.9
mpd,0.0,4,qpsk-r1/3,w,9,2,1,data,ok,7,7,3.1,31.9
mpd,0.0,4,ack-1f,w,3,3,0,ctl,ok,0,0,1.0,31.9
mpd,0.0,4,qpsk-r1/3,w,9,2,1,data,ok,7,7,2.0,31.9
mpd,0.0,4,ack-1f,w,2,2,0,ctl,ok,0,0,0.1,31.9
mpd,0.0,4,qpsk-r1/3,w,9,1,0,data,ok,8,8,3.5,31.9
mpd,0.0,4,ack-4f,w,2,2,0,ctl,ok,0,0,0.9,31.9
mpd,0.0,4,qpsk-r1/3,w,9,1,0,data,ok,8,8,3.1,31.9
mpd,0.0,4,ack-4f,w,2,2,0,ctl,ok,0,0,4.5,31.9
mpd,0.0,4,qpsk-r1/3,w,9,1,0,data,ok,8,8,1.2,31.9
mpd,0.0,4,ack-1f,w,2,2,0,ctl,ok,0,0,4.1,31.9
mpd,0.0,4,qpsk-r1/3,w,9,1,0,data,ok,8,8,1.9,31.9
mpd,0.0,4,ack-1f,w,3,3,0,ctl,ok,0,0,2.4,31.9
mpd,0.0,4,qpsk-r1/3,w,9,2,1,data,ok,7,7,2.9,31.9
mpd,0.0,4,ack-1f,w,2,2,0,ctl,ctl_lost,0,0,-0.8,31.9
mpd,0.0,4,ack-4f,w,3,3,0,ctl,ok,0,0,1.4,31.9
mpd,0.0,4,ack-4f,w,2,2,0,ctl,ok,0,0,4.5,31.9
mpd,0.0,4,qpsk-r1/3,w,9,1,0,data,ok,8,8,4.0,31.9
mpd,0.0,4,ack-1f,w,2,2,0,ctl,ok,0,0,-0.7,31.9
mpd,0.0,4,qpsk-r1/3,w,9,1,0,data,ok,8,8,3.6,31.9
mpd,0.0,4,ack-1f,w,2,2,0,ctl,ok,0,0,-1.5,31.9
mpd,0.0,4,qpsk-r1/3,w,9,1,0,data,ok,8,8,2.8,31.9
mpd,0.0,4,ack-4f,w,2,2,0,ctl,ok,0,0,5.4,31.9
mpd,0.0,4,qpsk-r1/3,w,9,1,0,data,ok,8,8,2.9,31.9
mpd,0.0,4,ack-1f,w,2,2,0,ctl,ok,0,0,0.7,31.9
mpd,0.0,4,qpsk-r1/3,w,9,1,0,data,ok,8,8,3.8,31.9
mpd,0.0,4,ack-1f,w,2,2,0,ctl,ok,0,0,1.1,31.9
mpd,0.0,4,qpsk-r1/3,w,9,1,0,data,ok,8,8,2.0,31.9
mpd,0.0,4,ack-1f,w,2,2,0,ctl,ok,0,0,3.3,31.9
mpd,0.0,4,qpsk-r1/3,w,9,1,0,data,ctl_lost,8,0,0.0,31.9
mpd,0.0,4,ack-4f,w,3,3,0,ctl,ok,0,0,-0.3,31.9
mpd,0.0,4,ack-4f,w,3,3,0,ctl,ok,0,0,1.0,31.9
mpd,0.0,4,qpsk-r1/3,w,9,2,1,data,ok,7,7,3.8,31.9
mpd,0.0,4,ack-1f,w,2,2,0,ctl,ok,0,0,4.8,31.9
mpd,0.0,4,qpsk-r1/3,w,9,1,0,data,ok,8,8,4.3,31.9
mpd,0.0,4,ack-1f,w,2,2,0,ctl,ok,0,0,2.6,31.9
mpd,0.0,4,qpsk-r1/3,w,9,1,0,data,ok,8,8,2.4,31.9
mpd,0.0,4,ack-1f,w,2,2,0,ctl,ok,0,0,4.9,31.9
mpd,0.0,4,qpsk-r1/3,w,9,1,0,data,ctl_lost,8,0,1.3,31.9
mpd,0.0,4,ack-4f,w,3,3,0,ctl,ok,0,0,1.4,31.9
mpd,0.0,4,ack-4f,w,3,3,0,ctl,ok,0,0,4.4,31.9
mpd,0.0,4,qpsk-r1/3,w,9,2,1,data,ok,7,7,2.2,31.9
mpd,0.0,4,ack-1f,w,3,3,0,ctl,ok,0,0,1.0,31.9
mpd,0.0,4,qpsk-r1/3,w,9,2,,data,missed,0,0,,31.9
mpd,0.0,4,ack-4f,w,3,3,0,ctl,ok,0,0,2.2,31.9
mpd,0.0,4,ack-4f,w,3,3,0,ctl,ok,0,0,-1.1,31.9
mpd,0.0,4,qpsk-r1/3,w,9,2,1,data,ok,7,7,2.7,31.9
mpd,0.0,4,ack-1f,w,3,3,0,ctl,ok,0,0,2.1,31.9
mpd,0.0,4,qpsk-r1/3,w,9,2,1,data,ok,7,7,1.2,31.9
mpd,0.0,4,ack-1f,w,3,3,0,ctl,ok,0,0,1.6,31.9
mpd,0.0,4,qpsk-r1/3,w,9,2,1,data,ok,7,7,4.5,31.9
mpd,0.0,4,ack-1f,w,2,2,0,ctl,ok,0,0,3.9,31.9
mpd,0.0,4,qpsk-r1/3,w,9,1,0,data,ok,8,8,3.1,31.9
mpd,0.0,4,ack-1f,w,2,2,0,ctl,ok,0,0,4.0,31.9
mpd,0.0,4,qpsk-r1/3,w,9,1,0,data,ok,8,8,2.3,31.9
mpd,0.0,4,ack-1f,w,2,2,0,ctl,ok,0,0,4.4,31.9
mpd,0.0,4,qpsk-r1/3,w,9,1,0,data,ok,8,8,1.2,31.9
mpd,0.0,4,ack-1f,w,3,3,0,ctl,ok,0,0,1.8,31.9
mpd,0.0,4,qpsk-r1/3,w,9,2,1,data,ok,7,7,2.2,31.9
mpd,0.0,4,ack-1f,w,3,3,0,ctl,ctl_lost,0,0,-2.7,31.9
mpd,0.0,4,ack-4f,w,3,3,0,ctl,ok,0,0,2.1,31.9
mpd,0.0,4,ack-4f,w,2,2,0,ctl,ok,0,0,1.2,31.9
mpd,0.0,4,qpsk-r1/3,w,9,1,0,data,ctl_lost,8,0,0.7,31.9
mpd,0.0,4,ack-4f,w,3,3,0,ctl,ok,0,0,1.7,31.9
mpd,0.0,4,ack-4f,w,3,3,0,ctl,ok,0,0,3.6,31.9
mpd,0.0,4,qpsk-r1/3,w,9,2,1,data,ok,7,7,2.4,31.9
mpd,0.0,4,ack-1f,w,3,3,0,ctl,ok,0,0,1.2,31.9
mpd,0.0,4,qpsk-r1/3,w,9,2,1,data,ok,7,7,3.1,31.9
mpd,0.0,4,ack-1f,w,2,2,0,ctl,ok,0,0,1.4,31.9
mpd,0.0,4,qpsk-r1/3,w,9,1,0,data,ctl_lost,8,3,1.4,31.9
mpd,0.0,4,ack-4f,w,3,3,0,ctl,ok,0,0,3.3,31.9
mpd,0.0,4,ack-4f,w,3,3,0,ctl,ok,0,0,1.7,31.9
mpd,0.0,4,qpsk-r1/3,w,9,2,1,data,ok,7,7,2.9,31.9
mpd,0.0,4,ack-1f,w,3,3,0,ctl,ok,0,0,3.8,31.9
mpd,0.0,4,qpsk-r1/3,w,9,2,1,data,ok,7,0,1.3,31.9
mpd,0.0,4,ack-1f,w,3,3,0,ctl,ok,0,0,3.3,31.9
mpd,0.0,4,qpsk-r1/3,w,9,2,1,data,ok,1,1,0.9,31.9
mpd,0.0,1,qpsk-r1/5,w,1,1,0,ctl,ok,0,0,2.4,30.6
mpd,0.0,1,qpsk-r1/5,w,1,1,0,ctl,ok,0,0,1.4,30.6
mpd,0.0,1,ack-4f,w,3,3,0,ctl,ok,0,0,4.5,30.6
mpd,0.0,1,ack-4f,w,3,3,0,ctl,ok,0,0,1.4,30.6
mpd,0.0,1,qpsk-r1/2,w,9,2,1,data,ok,7,7,3.1,30.6
mpd,0.0,1,ack-4f,w,3,3,0,ctl,ok,0,0,4.8,30.6
mpd,0.0,1,qpsk-r1/2,w,9,2,1,data,ok,7,1,3.8,30.6
mpd,0.0,1,ack-1f,w,3,3,0,ctl,ok,0,0,8.1,30.6
mpd,0.0,1,qpsk-r1/2,w,9,2,1,data,ok,4,0,2.4,30.6
mpd,0.0,1,ack-1f,w,3,3,0,ctl,ok,0,0,4.1,30.6
mpd,0.0,1,qpsk-r1/2,w,9,2,1,data,ok,7,0,2.5,30.6
mpd,0.0,1,ack-1f,w,3,3,0,ctl,ok,0,0,-0.3,30.6
mpd,0.0,1,qpsk-r1/2,w,9,2,1,data,ok,0,0,1.7,30.6
mpd,0.0,1,ack-1f,w,3,3,0,ctl,ok,0,0,1.9,30.6
mpd,0.0,1,qpsk-r1/2,w,9,2,1,data,ok,7,7,4.0,30.6
mpd,0.0,1,ack-4f,w,3,3,0,ctl,ok,0,0,3.1,30.6
mpd,0.0,1,qpsk-r1/2,w,9,2,1,data,ok,7,0,2.4,30.6
mpd,0.0,1,ack-1f,w,3,3,0,ctl,ok,0,0,-0.5,30.6
mpd,0.0,1,qpsk-r1/2,w,9,2,1,data,ok,0,0,3.3,30.6
mpd,0.0,1,ack-4f,w,3,3,0,ctl,ok,0,0,3.7,30.6
mpd,0.0,1,qpsk-r1/2,w,9,2,1,data,ok,7,7,3.3,30.6
mpd,0.0,1,ack-1f,w,2,2,0,ctl,ok,0,0,0.6,30.6
mpd,0.0,1,qpsk-r1/2,w,9,1,0,data,ctl_lost,8,0,2.5,30.6
mpd,0.0,1,ack-4f,w,3,3,0,ctl,ok,0,0,2.0,30.6
mpd,0.0,1,ack-4f,w,3,3,0,ctl,ok,0,0,5.3,30.6
mpd,0.0,1,qpsk-r1/2,w,9,2,1,data,ok,7,0,0.3,30.6
mpd,0.0,1,ack-1f,w,3,3,0,ctl,ok,0,0,5.1,30.6
mpd,0.0,1,qpsk-r1/2,w,9,2,1,data,ok,0,0,3.9,30.6
mpd,0.0,1,ack-1f,w,3,3,0,ctl,ok,0,0,5.1,30.6
mpd,0.0,1,qpsk-r1/2,w,9,2,1,data,ok,7,0,1.2,30.6
mpd,0.0,1,ack-1f,w,3,3,0,ctl,ok,0,0,5.5,30.6
mpd,0.0,1,qpsk-r1/2,w,9,2,1,data,ok,0,0,2.0,30.6
mpd,0.0,1,ack-1f,w,2,2,0,ctl,ok,0,0,3.9,30.6
mpd,0.0,1,qpsk-r1/5,w,9,1,0,data,ok,8,8,2.0,30.6
mpd,0.0,1,ack-1f,w,3,3,0,ctl,ok,0,0,4.2,30.6
mpd,0.0,1,qpsk-r1/2,w,9,2,1,data,ok,7,0,2.8,30.6
mpd,0.0,1,ack-1f,w,3,3,0,ctl,ok,0,0,1.9,30.6
mpd,0.0,1,qpsk-r1/2,w,9,2,1,data,ok,0,0,3.8,30.6
mpd,0.0,1,ack-1f,w,2,2,0,ctl,ok,0,0,4.1,30.6
mpd,0.0,1,qpsk-r1/2,w,9,1,0,data,ok,8,8,3.6,30.6
mpd,0.0,1,ack-1f,w,2,2,0,ctl,ok,0,0,0.7,30.6
mpd,0.0,1,qpsk-r1/2,w,9,1,0,data,ok,8,8,4.7,30.6
mpd,0.0,1,ack-1f,w,2,2,0,ctl,ctl_lost,0,0,1.3,30.6
mpd,0.0,1,ack-4f,w,3,3,0,ctl,ok,0,0,1.1,30.6
mpd,0.0,1,ack-4f,w,2,2,0,ctl,ok,0,0,2.0,30.6
mpd,0.0,1,qpsk-r1/2,w,9,1,0,data,ctl_lost,8,0,1.0,30.6
mpd,0.0,1,ack-4f,w,3,3,0,ctl,ok,0,0,1.9,30.6
mpd,0.0,1,ack-4f,w,3,3,0,ctl,ok,0,0,4.0,30.6
mpd,0.0,1,qpsk-r1/5,w,9,2,1,data,ok,7,7,2.0,30.6
mpd,0.0,1,ack-4f,w,3,3,0,ctl,ok,0,0,-0.2,30.6
mpd,0.0,1,qpsk-r1/2,w,9,2,1,data,ok,7,0,-0.2,30.6
mpd,0.0,1,ack-4f,w,2,2,0,ctl,ok,0,0,8.6,30.6
mpd,0.0,1,qpsk-r1/5,w,9,1,0,data,ok,8,8,2.9,30.6
mpd,0.0,1,ack-1f,w,2,2,0,ctl,ok,0,0,4.5,30.6
mpd,0.0,1,qpsk-r1/5,w,9,1,0,data,ok,8,8,2.4,30.6
mpd,0.0,1,ack-1f,w,3,3,0,ctl,ok,0,0,2.7,30.6
mpd,0.0,1,qpsk-r1/2,w,9,2,1,data,ok,7,7,3.5,30.6
mpd,0.0,1,ack-1f,w,3,3,0,ctl,ok,0,0,2.5,30.6
mpd,0.0,1,qpsk-r1/2,w,9,2,1,data,ok,7,0,2.6,30.6
mpd,0.0,1,ack-1f,w,2,2,0,ctl,ok,0,0,1.1,30.6
mpd,0.0,1,qpsk-r1/2,w,9,1,0,data,ctl_lost,1,0,1.5,30.6
mpd,0.0,1,ack-4f,w,3,3,0,ctl,ok,0,0,3.5,30.6
mpd,0.0,1,ack-4f,w,2,2,0,ctl,ok,0,0,4.3,30.6
mpd,0.0,1,qpsk-r1/5,w,9,1,0,data,ok,8,8,4.1,30.6
mpd,0.0,1,ack-1f,w,3,3,0,ctl,ok,0,0,4.1,30.6
mpd,0.0,1,qpsk-r1/2,w,9,2,1,data,ok,7,0,1.9,30.6
mpd,0.0,1,ack-1f,w,3,3,0,ctl,ctl_lost,0,0,-3.9,30.6
mpd,0.0,1,ack-4f,w,3,3,0,ctl,ok,0,0,4.7,30.6
mpd,0.0,1,ack-4f,w,3,3,0,ctl,ok,0,0,1.9,30.6
mpd,0.0,1,qpsk-r1/3,w,9,2,1,data,ok,7,7,1.8,30.6
mpd,0.0,1,ack-4f,w,3,3,0,ctl,ok,0,0,1.3,30.6
mpd,0.0,1,qpsk-r1/2,w,9,2,1,data,ok,7,0,1.0,30.6
mpd,0.0,1,ack-4f,w,2,2,0,ctl,ok,0,0,2.6,30.6
mpd,0.0,1,qpsk-r1/5,w,9,1,0,data,ok,8,8,2.4,30.6
mpd,0.0,1,ack-4f,w,2,2,0,ctl,ok,0,0,0.0,30.6
mpd,0.0,1,qpsk-r1/5,w,9,1,0,data,ok,8,8,2.7,30.6
mpd,0.0,1,ack-4f,w,3,3,0,ctl,ok,0,0,1.5,30.6
mpd,0.0,1,qpsk-r1/3,w,9,2,1,data,ok,7,7,1.4,30.6
mpd,0.0,1,ack-4f,w,3,3,0,ctl,ok,0,0,3.5,30.6
mpd,0.0,1,qpsk-r1/3,w,9,2,1,data,ok,7,7,3.4,30.6
mpd,0.0,1,ack-4f,w,3,3,0,ctl,ok,0,0,1.5,30.6
mpd,0.0,1,qpsk-r1/3,w,9,2,1,data,ok,7,7,2.9,30.6
mpd,0.0,1,ack-4f,w,3,3,0,ctl,ok,0,0,0.2,30.6
mpd,0.0,1,qpsk-r1/3,w,9,2,1,data,ok,7,7,2.0,30.6
mpd,0.0,1,ack-4f,w,3,3,0,ctl,ok,0,0,0.2,30.6
mpd,0.0,1,qpsk-r1/3,w,9,2,1,data,ok,7,7,3.0,30.6
mpd,0.0,1,ack-4f,w,3,3,0,ctl,ok,0,0,3.3,30.6
mpd,0.0,1,qpsk-r1/3,w,9,2,1,data,ok,7,7,3.8,30.6
mpd,0.0,1,ack-4f,w,2,2,0,ctl,ok,0,0,3.7,30.6
mpd,0.0,1,qpsk-r1/3,w,9,1,0,data,ok,8,8,2.0,30.6
mpd,0.0,1,ack-4f,w,2,2,,ctl,missed,0,0,,30.6
mpd,0.0,1,ack-4f,w,3,3,0,ctl,ok,0,0,3.1,30.6
mpd,0.0,1,ack-4f,w,2,2,0,ctl,ok,0,0,1.1,30.6
mpd,0.0,1,qpsk-r1/3,w,9,1,0,data,ok,8,8,2.0,30.6
mpd,0.0,1,ack-4f,w,2,2,0,ctl,ok,0,0,3.6,30.6
mpd,0.0,1,qpsk-r1/3,w,9,1,0,data,ok,8,8,1.2,30.6
mpd,0.0,1,ack-4f,w,3,3,0,ctl,ok,0,0,3.3,30.6
mpd,0.0,5,qpsk-r1/5,w,1,1,0,ctl,ok,0,0,2.0,31.9
mpd,0.0,5,qpsk-r1/5,w,1,1,0,ctl,ok,0,0,3.7,31.9
mpd,0.0,5,ack-4f,w,3,3,0,ctl,ok,0,0,0.2,31.9
mpd,0.0,5,ack-1f,w,3,3,0,ctl,ok,0,0,6.2,31.9
mpd,0.0,5,qpsk-r1/5,w,9,2,1,data,ok,7,7,4.2,31.9
mpd,0.0,5,ack-1f,w,3,3,0,ctl,ok,0,0,4.1,31.9
mpd,0.0,5,qpsk-r1/3,w,9,2,1,data,ok,7,7,1.7,31.9
mpd,0.0,5,ack-1f,w,3,3,0,ctl,ok,0,0,3.5,31.9
mpd,0.0,5,qpsk-r1/3,w,9,2,1,data,ok,7,7,1.3,31.9
mpd,0.0,5,ack-1f,w,3,3,0,ctl,ok,0,0,2.9,31.9
mpd,0.0,5,qpsk-r1/3,w,9,2,1,data,ok,7,7,1.8,31.9
mpd,0.0,5,ack-1f,w,3,3,0,ctl,ok,0,0,6.7,31.9
mpd,0.0,5,qpsk-r1/3,w,9,2,1,data,ok,7,7,1.4,31.9
mpd,0.0,5,ack-1f,w,3,3,0,ctl,ok,0,0,4.0,31.9
mpd,0.0,5,qpsk-r1/3,w,9,2,1,data,ok,7,7,2.0,31.9
mpd,0.0,5,ack-1f,w,3,3,0,ctl,ok,0,0,1.5,31.9
mpd,0.0,5,qpsk-r1/3,w,9,2,1,data,ok,7,7,1.5,31.9
mpd,0.0,5,ack-1f,w,3,3,0,ctl,ok,0,0,4.6,31.9
mpd,0.0,5,qpsk-r1/3,w,9,2,1,data,ok,7,7,3.1,31.9
mpd,0.0,5,ack-1f,w,3,3,0,ctl,ok,0,0,1.0,31.9
mpd,0.0,5,qpsk-r1/3,w,9,2,1,data,ok,7,7,2.2,31.9
mpd,0.0,5,ack-1f,w,2,2,0,ctl,ctl_lost,0,0,-0.2,31.9
mpd,0.0,5,ack-4f,w,3,3,0,ctl,ok,0,0,3.8,31.9
mpd,0.0,5,ack-4f,w,2,2,0,ctl,ok,0,0,3.7,31.9
mpd,0.0,5,qpsk-r1/3,w,9,1,0,data,ctl_lost,8,0,-0.1,31.9
mpd,0.0,5,ack-4f,w,3,3,0,ctl,ok,0,0,3.6,31.9
mpd,0.0,5,ack-4f,w,3,3,0,ctl,ok,0,0,1.6,31.9
mpd,0.0,5,qpsk-r1/3,w,9,2,1,data,ok,7,7,2.1,31.9
mpd,0.0,5,ack-1f,w,3,3,0,ctl,ok,0,0,3.2,31.9
mpd,0.0,5,qpsk-r1/3,w,9,2,1,data,ok,7,7,3.1,31.9
mpd,0.0,5,ack-1f,w,3,3,0,ctl,ok,0,0,1.1,31.9
mpd,0.0,5,qpsk-r1/3,w,9,2,1,data,ok,7,7,2.5,31.9
mpd,0.0,5,ack-1f,w,3,3,0,ctl,ok,0,0,4.2,31.9
mpd,0.0,5,qpsk-r1/3,w,9,2,1,data,ok,7,7,3.7,31.9
mpd,0.0,5,ack-1f,w,2,2,0,ctl,ok,0,0,5.1,31.9
mpd,0.0,5,qpsk-r1/3,w,9,1,0,data,ok,8,8,2.4,31.9
mpd,0.0,5,ack-1f,w,2,2,0,ctl,ok,0,0,4.7,31.9
mpd,0.0,5,qpsk-r1/3,w,9,1,0,data,ok,8,8,3.3,31.9
mpd,0.0,5,ack-1f,w,2,2,0,ctl,ok,0,0,7.3,31.9
mpd,0.0,5,qpsk-r1/3,w,9,1,0,data,ok,8,8,1.3,31.9
mpd,0.0,5,ack-1f,w,2,2,0,ctl,ok,0,0,-2.2,31.9
mpd,0.0,5,qpsk-r1/3,w,9,1,0,data,ok,8,8,0.8,31.9
mpd,0.0,5,ack-1f,w,3,3,0,ctl,ctl_lost,0,0,-2.3,31.9
mpd,0.0,5,ack-4f,w,3,3,0,ctl,ok,0,0,3.9,31.9
mpd,0.0,5,ack-4f,w,2,2,0,ctl,ok,0,0,3.7,31.9
mpd,0.0,5,qpsk-r1/3,w,9,1,0,data,ok,8,8,1.9,31.9
mpd,0.0,5,ack-4f,w,2,2,0,ctl,ok,0,0,3.1,31.9
mpd,0.0,5,qpsk-r1/3,w,9,1,0,data,ok,8,8,2.5,31.9
mpd,0.0,5,ack-4f,w,2,2,0,ctl,ok,0,0,-0.4,31.9
mpd,0.0,5,qpsk-r1/3,w,9,1,0,data,ok,8,8,2.2,31.9
mpd,0.0,5,ack-4f,w,2,2,0,ctl,ok,0,0,-0.5,31.9
mpd,0.0,5,qpsk-r1/3,w,9,1,0,data,ctl_lost,8,0,0.4,31.9
mpd,0.0,5,ack-4f,w,3,3,0,ctl,ok,0,0,1.0,31.9
mpd,0.0,5,ack-4f,w,3,3,0,ctl,ok,0,0,2.4,31.9
mpd,0.0,5,qpsk-r1/3,w,9,2,1,data,ok,7,7,3.1,31.9
mpd,0.0,5,ack-4f,w,3,3,0,ctl,ok,0,0,4.6,31.9
mpd,0.0,5,qpsk-r1/3,w,9,2,1,data,ok,7,7,3.5,31.9
mpd,0.0,5,ack-4f,w,2,2,0,ctl,ok,0,0,0.5,31.9
mpd,0.0,5,qpsk-r1/3,w,9,1,0,data,ok,8,8,3.7,31.9
mpd,0.0,5,ack-4f,w,2,2,0,ctl,ok,0,0,-0.2,31.9
mpd,0.0,5,qpsk-r1/3,w,9,1,0,data,ctl_lost,8,0,0.6,31.9
mpd,0.0,5,ack-4f,w,3,3,0,ctl,ok,0,0,4.0,31.9
mpd,0.0,5,ack-4f,w,3,3,0,ctl,ok,0,0,0.3,31.9
mpd,0.0,5,qpsk-r1/3,w,9,2,1,data,ok,7,7,3.3,31.9
mpd,0.0,5,ack-4f,w,2,2,0,ctl,ok,0,0,3.9,31.9
mpd,0.0,5,qpsk-r1/3,w,9,1,0,data,ok,8,8,3.0,31.9
mpd,0.0,5,ack-4f,w,3,3,0,ctl,ok,0,0,4.7,31.9
mpd,0.0,5,qpsk-r1/3,w,9,2,1,data,ok,7,7,2.8,31.9
mpd,0.0,5,ack-1f,w,3,3,0,ctl,ok,0,0,2.3,31.9
mpd,0.0,5,qpsk-r1/3,w,9,2,1,data,ok,7,7,2.0,31.9
mpd,0.0,5,ack-1f,w,3,3,0,ctl,ctl_lost,0,0,-9.6,31.9
mpd,0.0,5,ack-4f,w,3,3,0,ctl,ok,0,0,1.4,31.9
mpd,0.0,5,ack-4f,w,3,3,0,ctl,ok,0,0,3.0,31.9
mpd,0.0,5,qpsk-r1/3,w,9,2,1,data,ok,7,2,1.7,31.9
mpd,0.0,5,ack-4f,w,3,3,0,ctl,ok,0,0,4.9,31.9
mpd,0.0,5,qpsk-r1/3,w,9,2,1,data,ok,2,2,1.2,31.9
mpd,0.0,5,ack-4f,w,3,3,0,ctl,ok,0,0,2.5,31.9
mpd,0.0,5,qpsk-r1/3,w,9,2,1,data,ok,7,7,2.2,31.9
mpd,0.0,5,ack-4f,w,3,3,0,ctl,ok,0,0,1.4,31.9
mpd,0.0,5,qpsk-r1/3,w,9,2,1,data,ok,7,7,2.8,31.9
mpd,0.0,5,ack-4f,w,2,2,0,ctl,ok,0,0,4.7,31.9
mpd,0.0,5,qpsk-r1/3,w,9,1,0,data,ctl_lost,8,2,0.3,31.9
mpd,0.0,5,ack-4f,w,3,3,0,ctl,ok,0,0,0.0,31.9
mpd,0.0,5,ack-4f,w,3,3,0,ctl,ok,0,0,5.4,31.9
mpd,0.0,5,qpsk-r1/3,w,9,2,1,data,ok,7,7,1.1,31.9
mpd,0.0,5,ack-4f,w,3,3,0,ctl,ok,0,0,1.9,31.9
mpd,0.0,5,qpsk-r1/3,w,9,2,1,data,ok,7,7,1.3,31.9
mpd,0.0,5,ack-4f,w,3,3,0,ctl,ok,0,0,1.7,31.9
mpd,0.0,5,qpsk-r1/3,w,9,2,1,data,ok,7,7,3.5,31.9
mpd,0.0,5,ack-4f,w,2,2,0,ctl,ok,0,0,-1.4,31.9
mpd,0.0,5,qpsk-r1/3,w,9,1,0,data,ok,8,8,1.3,31.9
mpd,0.0,5,ack-4f,w,2,2,0,ctl,ok,0,0,-1.4,31.9
mpd,0.0,5,qpsk-r1/3,w,9,1,0,data,ok,8,8,2.4,31.9
mpd,0.0,5,ack-4f,w,3,3,0,ctl,ok,0,0,3.3,31.9
mpd,0.0,5,qpsk-r1/3,w,9,2,1,data,ok,7,2,2.3,31.9
mpd,0.0,5,ack-4f,w,3,3,0,ctl,ok,0,0,3.4,31.9
mpd,0.0,5,qpsk-r1/3,w,9,1,0,data,ok,3,3,2.6,31.9
mpd,0.0,6,qpsk-r1/5,w,1,1,0,ctl,ok,0,0,3.9,37.4
mpd,0.0,6,qpsk-r1/5,w,1,1,0,ctl,ok,0,0,0.1,37.4
mpd,0.0,6,ack-4f,w,3,3,0,ctl,ok,0,0,0.6,37.4
mpd,0.0,6,ack-4f,w,3,3,0,ctl,ok,0,0,2.1,37.4
mpd,0.0,6,qpsk-r1/3,w,9,2,1,data,ok,7,7,2.7,37.4
mpd,0.0,6,ack-4f,w,2,2,0,ctl,ok,0,0,3.3,37.4
mpd,0.0,6,qpsk-r1/5,w,9,1,0,data,ok,8,8,2.7,37.4
mpd,0.0,6,ack-1f,w,3,3,0,ctl,ok,0,0,-2.0,37.4
mpd,0.0,6,qpsk-r1/3,w,9,2,1,data,ok,7,7,2.3,37.4
mpd,0.0,6,ack-4f,w,3,3,0,ctl,ok,0,0,1.5,37.4
mpd,0.0,6,qpsk-r1/3,w,9,2,1,data,ok,7,7,4.0,37.4
mpd,0.0,6,ack-4f,w,3,3,0,ctl,ok,0,0,4.9,37.4
mpd,0.0,6,qpsk-r1/3,w,9,2,1,data,ok,7,7,2.1,37.4
mpd,0.0,6,ack-1f,w,3,3,0,ctl,ctl_lost,0,0,4.2,37.4
mpd,0.0,6,ack-4f,w,3,3,0,ctl,ok,0,0,1.2,37.4
mpd,0.0,6,ack-4f,w,3,3,0,ctl,ok,0,0,3.4,37.4
mpd,0.0,6,qpsk-r1/3,w,9,2,1,data,ok,7,7,4.5,37.4
mpd,0.0,6,ack-4f,w,2,2,0,ctl,ok,0,0,4.5,37.4
mpd,0.0,6,qpsk-r1/3,w,9,1,0,data,ok,8,8,3.5,37.4
mpd,0.0,6,ack-4f,w,2,2,0,ctl,ok,0,0,2.7,37.4
mpd,0.0,6,qpsk-r1/3,w,9,1,0,data,ok,8,8,2.6,37.4
mpd,0.0,6,ack-4f,w,2,2,0,ctl,ok,0,0,3.5,37.4
mpd,0.0,6,qpsk-r1/3,w,9,1,0,data,ok,8,8,1.1,37.4
mpd,0.0,6,ack-4f,w,3,3,0,ctl,ok,0,0,0.7,37.4
mpd,0.0,6,qpsk-r1/3,w,9,2,1,data,ok,7,7,0.2,37.4
mpd,0.0,6,ack-4f,w,3,3,0,ctl,ok,0,0,-0.3,37.4
mpd,0.0,6,qpsk-r1/3,w,9,2,1,data,ok,7,7,3.4,37.4
mpd,0.0,6,ack-4f,w,3,3,0,ctl,ok,0,0,1.3,37.4
mpd,0.0,6,qpsk-r1/3,w,9,2,1,data,ok,7,1,0.9,37.4
mpd,0.0,6,ack-4f,w,3,3,0,ctl,ok,0,0,2.3,37.4
mpd,0.0,6,qpsk-r1/3,w,9,1,0,data,ok,2,2,3.9,37.4
mpd,0.0,6,ack-4f,w,2,2,0,ctl,ok,0,0,1.2,37.4
mpd,0.0,6,qpsk-r1/3,w,9,1,0,data,ok,8,8,3.2,37.4
mpd,0.0,6,ack-4f,w,2,2,0,ctl,ok,0,0,-1.5,37.4
mpd,0.0,6,qpsk-r1/3,w,9,1,0,data,ok,8,8,2.0,37.4
mpd,0.0,6,ack-4f,w,2,2,0,ctl,ok,0,0,0.6,37.4
mpd,0.0,6,qpsk-r1/3,w,9,1,0,data,ok,8,8,1.6,37.4
mpd,0.0,6,ack-4f,w,2,2,0,ctl,ok,0,0,2.5,37.4
mpd,0.0,6,qpsk-r1/3,w,9,1,0,data,ok,8,8,1.7,37.4
mpd,0.0,6,ack-4f,w,2,2,0,ctl,ok,0,0,3.5,37.4
mpd,0.0,6,qpsk-r1/3,w,9,1,0,data,ok,8,8,2.9,37.4
mpd,0.0,6,ack-4f,w,2,2,0,ctl,ok,0,0,1.6,37.4
mpd,0.0,6,qpsk-r1/3,w,9,1,0,data,ok,8,8,0.9,37.4
mpd,0.0,6,ack-4f,w,2,2,0,ctl,ok,0,0,5.3,37.4
mpd,0.0,6,qpsk-r1/3,w,9,1,0,data,ok,8,8,3.0,37.4
mpd,0.0,6,ack-4f,w,2,2,0,ctl,ok,0,0,4.0,37.4
mpd,0.0,6,qpsk-r1/3,w,9,1,0,data,ok,8,8,1.7,37.4
mpd,0.0,6,ack-4f,w,2,2,0,ctl,ok,0,0,1.9,37.4
mpd,0.0,6,qpsk-r1/3,w,9,1,0,data,ok,8,8,1.5,37.4
mpd,0.0,6,ack-4f,w,2,2,0,ctl,ok,0,0,4.8,37.4
mpd,0.0,6,qpsk-r1/3,w,9,1,0,data,ok,8,8,2.4,37.4
mpd,0.0,6,ack-4f,w,2,2,0,ctl,ok,0,0,2.2,37.4
mpd,0.0,6,qpsk-r1/3,w,9,1,0,data,ok,8,8,3.2,37.4
mpd,0.0,6,ack-4f,w,2,2,0,ctl,ok,0,0,2.0,37.4
mpd,0.0,6,qpsk-r1/3,w,9,1,0,data,ok,8,8,3.7,37.4
mpd,0.0,6,ack-4f,w,2,2,0,ctl,ok,0,0,0.5,37.4
mpd,0.0,6,qpsk-r1/3,w,9,1,0,data,ctl_lost,8,0,1.3,37.4
mpd,0.0,6,ack-4f,w,3,3,0,ctl,ok,0,0,2.1,37.4
mpd,0.0,6,ack-4f,w,3,3,0,ctl,ok,0,0,1.4,37.4
mpd,0.0,6,qpsk-r1/3,w,9,2,1,data,ok,7,7,3.4,37.4
mpd,0.0,6,ack-4f,w,2,2,0,ctl,ok,0,0,3.6,37.4
mpd,0.0,6,qpsk-r1/3,w,9,1,0,data,ok,8,8,1.7,37.4
mpd,0.0,6,ack-4f,w,2,2,0,ctl,ok,0,0,2.4,37.4
mpd,0.0,6,qpsk-r1/3,w,9,1,0,data,ok,8,8,3.8,37.4
mpd,0.0,6,ack-4f,w,2,2,0,ctl,ok,0,0,4.3,37.4
mpd,0.0,6,qpsk-r1/3,w,9,1,0,data,ok,8,8,1.3,37.4
mpd,0.0,6,ack-4f,w,2,2,,ctl,missed,0,0,,37.4
mpd,0.0,6,ack-4f,w,3,3,0,ctl,ok,0,0,2.8,37.4
mpd,0.0,6,ack-4f,w,2,2,0,ctl,ok,0,0,2.5,37.4
mpd,0.0,6,qpsk-r1/3,w,9,1,0,data,ok,8,8,3.2,37.4
mpd,0.0,6,ack-4f,w,2,2,0,ctl,ok,0,0,2.8,37.4
mpd,0.0,6,qpsk-r1/3,w,9,1,0,data,ok,8,8,3.0,37.4
mpd,0.0,6,ack-4f,w,2,2,0,ctl,ok,0,0,4.3,37.4
mpd,0.0,6,qpsk-r1/3,w,9,1,0,data,ok,8,8,1.4,37.4
mpd,0.0,6,ack-4f,w,2,2,0,ctl,ok,0,0,2.8,37.4
mpd,0.0,6,qpsk-r1/3,w,9,1,0,data,ctl_lost,8,8,1.7,37.4
mpd,0.0,6,ack-4f,w,3,3,0,ctl,ok,0,0,3.9,37.4
mpd,0.0,6,ack-4f,w,3,3,0,ctl,ok,0,0,3.1,37.4
mpd,0.0,6,qpsk-r1/3,w,9,2,1,data,ok,7,7,2.3,37.4
mpd,0.0,6,ack-4f,w,2,2,0,ctl,ok,0,0,4.7,37.4
mpd,0.0,6,qpsk-r1/3,w,9,1,0,data,ok,8,8,2.2,37.4
mpd,0.0,6,ack-4f,w,3,3,0,ctl,ok,0,0,2.4,37.4
mpd,0.0,6,qpsk-r1/3,w,9,2,1,data,ok,7,7,2.4,37.4
mpd,0.0,6,ack-4f,w,3,3,0,ctl,ok,0,0,3.6,37.4
mpd,0.0,6,qpsk-r1/3,w,9,2,1,data,ok,7,7,4.2,37.4
mpd,0.0,6,ack-4f,w,2,2,0,ctl,ok,0,0,0.6,37.4
mpd,0.0,6,qpsk-r1/3,w,9,1,0,data,ok,8,8,2.8,37.4
mpd,0.0,6,ack-4f,w,2,2,0,ctl,ok,0,0,2.5,37.4
mpd,0.0,6,qpsk-r1/3,w,9,1,0,data,ok,8,8,2.2,37.4
mpd,0.0,6,ack-4f,w,2,2,0,ctl,ok,0,0,3.0,37.4
mpd,0.0,6,qpsk-r1/3,w,9,1,0,data,ok,8,8,3.8,37.4
mpd,0.0,6,ack-4f,w,2,2,0,ctl,ok,0,0,4.6,37.4
mpd,0.0,6,qpsk-r1/3,w,9,1,0,data,ok,8,8,3.8,37.4
mpd,0.0,6,ack-4f,w,2,2,0,ctl,ok,0,0,1.5,37.4
mpd,0.0,8,qpsk-r1/5,w,1,1,0,ctl,ok,0,0,1.8,36.5
mpd,0.0,8,qpsk-r1/5,w,1,1,0,ctl,ok,0,0,5.3,36.5
mpd,0.0,8,ack-4f,w,3,3,0,ctl,ok,0,0,3.3,36.5
mpd,0.0,8,ack-1f,w,3,3,0,ctl,ok,0,0,3.6,36.5
mpd,0.0,8,qpsk-r1/3,w,9,2,1,data,ok,7,7,2.0,36.5
mpd,0.0,8,ack-1f,w,3,3,0,ctl,ok,0,0,1.1,36.5
mpd,0.0,8,qpsk-r1/3,w,9,2,1,data,ok,7,7,3.0,36.5
mpd,0.0,8,ack-1f,w,3,3,0,ctl,ok,0,0,1.3,36.5
mpd,0.0,8,qpsk-r1/3,w,9,2,1,data,ok,7,7,2.3,36.5
mpd,0.0,8,ack-4f,w,3,3,0,ctl,ok,0,0,3.3,36.5
mpd,0.0,8,qpsk-r1/3,w,9,2,1,data,ok,7,0,-0.1,36.5
mpd,0.0,8,ack-1f,w,3,3,0,ctl,ok,0,0,2.3,36.5
mpd,0.0,8,qpsk-r1/3,w,9,2,1,data,ok,2,2,3.1,36.5
mpd,0.0,8,ack-1f,w,3,3,0,ctl,ok,0,0,4.8,36.5
mpd,0.0,8,qpsk-r1/3,w,9,2,1,data,ok,7,7,4.0,36.5
mpd,0.0,8,ack-1f,w,2,2,0,ctl,ok,0,0,5.8,36.5
mpd,0.0,8,qpsk-r1/3,w,9,1,0,data,ok,8,8,2.1,36.5
mpd,0.0,8,ack-1f,w,2,2,0,ctl,ok,0,0,5.4,36.5
mpd,0.0,8,qpsk-r1/3,w,9,1,0,data,ok,8,8,1.9,36.5
mpd,0.0,8,ack-1f,w,3,3,0,ctl,ok,0,0,2.0,36.5
mpd,0.0,8,qpsk-r1/3,w,9,2,1,data,ok,7,7,3.5,36.5
mpd,0.0,8,ack-1f,w,2,2,0,ctl,ok,0,0,1.9,36.5
mpd,0.0,8,qpsk-r1/3,w,9,1,0,data,ok,8,8,2.0,36.5
mpd,0.0,8,ack-1f,w,2,2,0,ctl,ok,0,0,3.4,36.5
mpd,0.0,8,qpsk-r1/3,w,9,1,0,data,ok,8,8,3.1,36.5
mpd,0.0,8,ack-1f,w,2,2,0,ctl,ok,0,0,2.1,36.5
mpd,0.0,8,qpsk-r1/3,w,9,1,0,data,ok,8,8,3.7,36.5
mpd,0.0,8,ack-1f,w,2,2,0,ctl,ok,0,0,3.1,36.5
mpd,0.0,8,qpsk-r1/3,w,9,1,0,data,ok,8,8,2.7,36.5
mpd,0.0,8,ack-1f,w,2,2,0,ctl,ok,0,0,-0.5,36.5
mpd,0.0,8,qpsk-r1/3,w,9,1,0,data,ok,8,8,3.8,36.5
mpd,0.0,8,ack-1f,w,2,2,0,ctl,ok,0,0,6.4,36.5
mpd,0.0,8,qpsk-r1/3,w,9,1,0,data,ok,8,8,3.4,36.5
mpd,0.0,8,ack-1f,w,2,2,0,ctl,ok,0,0,3.5,36.5
mpd,0.0,8,qpsk-r1/3,w,9,1,0,data,ctl_lost,8,0,0.7,36.5
mpd,0.0,8,ack-4f,w,3,3,0,ctl,ok,0,0,1.7,36.5
mpd,0.0,8,ack-4f,w,3,3,0,ctl,ok,0,0,4.4,36.5
mpd,0.0,8,qpsk-r1/3,w,9,2,1,data,ok,7,7,2.1,36.5
mpd,0.0,8,ack-1f,w,3,3,0,ctl,ok,0,0,0.5,36.5
mpd,0.0,8,qpsk-r1/3,w,9,2,1,data,ok,7,7,1.1,36.5
mpd,0.0,8,ack-1f,w,3,3,0,ctl,ok,0,0,6.5,36.5
mpd,0.0,8,qpsk-r1/3,w,9,2,1,data,ok,7,2,0.6,36.5
mpd,0.0,8,ack-1f,w,3,3,0,ctl,ok,0,0,4.5,36.5
mpd,0.0,8,qpsk-r1/3,w,9,2,1,data,ok,2,2,2.2,36.5
mpd,0.0,8,ack-1f,w,3,3,0,ctl,ok,0,0,1.0,36.5
mpd,0.0,8,qpsk-r1/3,w,9,2,1,data,ok,7,7,2.0,36.5
mpd,0.0,8,ack-1f,w,2,2,0,ctl,ok,0,0,2.7,36.5
mpd,0.0,8,qpsk-r1/3,w,9,1,0,data,ok,8,8,2.6,36.5
mpd,0.0,8,ack-1f,w,2,2,0,ctl,ok,0,0,-0.5,36.5
mpd,0.0,8,qpsk-r1/3,w,9,1,0,data,ok,8,8,2.1,36.5
mpd,0.0,8,ack-1f,w,2,2,0,ctl,ok,0,0,4.3,36.5
mpd,0.0,8,qpsk-r1/3,w,9,1,0,data,ok,8,8,3.7,36.5
mpd,0.0,8,ack-1f,w,2,2,0,ctl,ok,0,0,0.9,36.5
mpd,0.0,8,qpsk-r1/3,w,9,1,0,data,ok,8,8,3.6,36.5
mpd,0.0,8,ack-1f,w,2,2,0,ctl,ok,0,0,4.5,36.5
mpd,0.0,8,qpsk-r1/3,w,9,1,0,data,ok,8,8,2.7,36.5
mpd,0.0,8,ack-1f,w,2,2,0,ctl,ok,0,0,1.9,36.5
mpd,0.0,8,qpsk-r1/3,w,9,1,0,data,ok,8,8,4.2,36.5
mpd,0.0,8,ack-1f,w,2,2,0,ctl,ok,0,0,2.3,36.5
mpd,0.0,8,qpsk-r1/3,w,9,1,0,data,ok,8,8,3.2,36.5
mpd,0.0,8,ack-1f,w,2,2,0,ctl,ok,0,0,1.5,36.5
mpd,0.0,8,qpsk-r1/3,w,9,1,0,data,ctl_lost,8,3,1.5,36.5
mpd,0.0,8,ack-4f,w,3,3,0,ctl,ok,0,0,3.8,36.5
mpd,0.0,8,ack-4f,w,3,3,0,ctl,ok,0,0,3.8,36.5
mpd,0.0,8,qpsk-r1/3,w,9,2,1,data,ok,7,7,3.2,36.5
mpd,0.0,8,ack-1f,w,2,2,0,ctl,ok,0,0,3.1,36.5
mpd,0.0,8,qpsk-r1/3,w,9,1,0,data,ok,8,8,1.9,36.5
mpd,0.0,8,ack-1f,w,2,2,0,ctl,ok,0,0,-1.0,36.5
mpd,0.0,8,qpsk-r1/3,w,9,1,0,data,ok,8,8,1.6,36.5
mpd,0.0,8,ack-1f,w,3,3,0,ctl,ok,0,0,1.3,36.5
mpd,0.0,8,qpsk-r1/3,w,9,2,1,data,ok,7,7,3.7,36.5
mpd,0.0,8,ack-1f,w,2,2,0,ctl,ok,0,0,6.0,36.5
mpd,0.0,8,qpsk-r1/3,w,9,1,0,data,ok,8,8,3.3,36.5
mpd,0.0,8,ack-1f,w,2,2,0,ctl,ok,0,0,0.2,36.5
mpd,0.0,8,qpsk-r1/3,w,9,1,0,data,ok,8,8,3.9,36.5
mpd,0.0,8,ack-1f,w,2,2,0,ctl,ctl_lost,0,0,1.2,36.5
mpd,0.0,8,ack-4f,w,3,3,0,ctl,ok,0,0,0.8,36.5
mpd,0.0,8,ack-4f,w,2,2,0,ctl,ok,0,0,3.8,36.5
mpd,0.0,8,qpsk-r1/3,w,9,1,0,data,ok,8,8,2.2,36.5
mpd,0.0,8,ack-1f,w,3,3,0,ctl,ok,0,0,2.7,36.5
mpd,0.0,8,qpsk-r1/3,w,9,2,1,data,ok,7,7,1.7,36.5
mpd,0.0,8,ack-1f,w,2,2,0,ctl,ok,0,0,6.2,36.5
mpd,0.0,8,qpsk-r1/3,w,9,1,0,data,ok,8,8,3.8,36.5
mpd,0.0,8,ack-1f,w,2,2,0,ctl,ok,0,0,5.0,36.5
mpd,0.0,8,qpsk-r1/3,w,9,1,0,data,ok,8,8,3.9,36.5
mpd,0.0,8,ack-1f,w,2,2,0,ctl,ok,0,0,7.3,36.5
mpd,0.0,8,qpsk-r1/3,w,9,1,0,data,ok,8,8,2.9,36.5
mpd,0.0,8,ack-1f,w,2,2,0,ctl,ok,0,0,3.5,36.5
mpd,0.0,8,qpsk-r1/3,w,9,1,0,data,ctl_lost,8,1,0.8,36.5
mpd,0.0,8,ack-4f,w,3,3,0,ctl,ok,0,0,1.8,36.5
mpd,0.0,8,ack-4f,w,3,3,0,ctl,ok,0,0,2.8,36.5
mpd,0.0,8,qpsk-r1/3,w,9,2,1,data,ok,7,7,2.1,36.5
mpd,0.0,8,ack-1f,w,3,3,0,ctl,ok,0,0,-4.1,36.5
mpd,0.0,8,qpsk-r1/3,w,9,2,1,data,ok,7,0,0.3,36.5
mpd,0.0,8,ack-4f,w,3,3,0,ctl,ok,0,0,4.8,36.5
mpd,0.0,8,qpsk-r1/3,w,9,2,1,data,ok,0,0,3.6,36.5
mpd,0.0,8,ack-1f,w,2,2,0,ctl,ok,0,0,5.2,36.5
mpd,0.0,8,qpsk-r1/3,w,9,1,0,data,ok,8,8,2.9,36.5
mpd,0.0,3,qpsk-r1/5,w,1,1,0,ctl,ok,0,0,3.6,32.3
mpd,0.0,3,qpsk-r1/5,w,1,1,0,ctl,ok,0,0,2.1,32.3
mpd,0.0,3,ack-4f,w,3,3,0,ctl,ok,0,0,1.7,32.3
mpd,0.0,3,ack-4f,w,3,3,0,ctl,ok,0,0,2.1,32.3
mpd,0.0,3,qpsk-r1/3,w,9,2,1,data,ok,7,7,2.1,32.3
mpd,0.0,3,ack-4f,w,3,3,0,ctl,ok,0,0,1.0,32.3
mpd,0.0,3,qpsk-r1/3,w,9,2,1,data,ok,7,2,0.8,32.3
mpd,0.0,3,ack-4f,w,3,3,0,ctl,ok,0,0,1.5,32.3
mpd,0.0,3,qpsk-r1/3,w,9,2,1,data,ok,5,5,3.9,32.3
mpd,0.0,3,ack-4f,w,3,3,0,ctl,ok,0,0,4.0,32.3
mpd,0.0,3,qpsk-r1/3,w,9,2,1,data,ok,7,7,3.5,32.3
mpd,0.0,3,ack-4f,w,2,2,0,ctl,ok,0,0,1.4,32.3
mpd,0.0,3,qpsk-r1/3,w,9,1,0,data,ok,8,8,3.2,32.3
mpd,0.0,3,ack-4f,w,2,2,0,ctl,ok,0,0,3.3,32.3
mpd,0.0,3,qpsk-r1/3,w,9,1,0,data,ok,8,8,3.2,32.3
mpd,0.0,3,ack-4f,w,2,2,0,ctl,ok,0,0,2.2,32.3
mpd,0.0,3,qpsk-r1/3,w,9,1,0,data,ok,8,8,3.8,32.3
mpd,0.0,3,ack-1f,w,2,2,0,ctl,ok,0,0,3.2,32.3
mpd,0.0,3,qpsk-r1/3,w,9,1,0,data,ok,8,8,2.9,32.3
mpd,0.0,3,ack-1f,w,2,2,0,ctl,ctl_lost,0,0,-1.2,32.3
mpd,0.0,3,ack-4f,w,3,3,0,ctl,ok,0,0,0.4,32.3
mpd,0.0,3,ack-4f,w,3,3,0,ctl,ok,0,0,2.0,32.3
mpd,0.0,3,qpsk-r1/3,w,9,2,1,data,ok,7,7,3.2,32.3
mpd,0.0,3,ack-4f,w,2,2,0,ctl,ok,0,0,3.0,32.3
mpd,0.0,3,qpsk-r1/3,w,9,1,0,data,ok,8,8,3.3,32.3
mpd,0.0,3,ack-4f,w,2,2,0,ctl,ok,0,0,2.1,32.3
mpd,0.0,3,qpsk-r1/3,w,9,1,0,data,ok,8,8,3.6,32.3
mpd,0.0,3,ack-4f,w,2,2,0,ctl,ok,0,0,-3.2,32.3
mpd,0.0,3,qpsk-r1/3,w,9,1,0,data,ok,8,8,0.9,32.3
mpd,0.0,3,ack-4f,w,2,2,0,ctl,ok,0,0,4.1,32.3
mpd,0.0,3,qpsk-r1/3,w,9,1,0,data,ok,8,8,1.4,32.3
mpd,0.0,3,ack-4f,w,3,3,0,ctl,ok,0,0,-0.5,32.3
mpd,0.0,3,qpsk-r1/3,w,9,2,1,data,ok,7,7,1.0,32.3
mpd,0.0,3,ack-4f,w,3,3,0,ctl,ok,0,0,5.5,32.3
mpd,0.0,3,qpsk-r1/3,w,9,2,1,data,ok,7,7,3.0,32.3
mpd,0.0,3,ack-4f,w,2,2,0,ctl,ok,0,0,2.6,32.3
mpd,0.0,3,qpsk-r1/3,w,9,1,0,data,ok,8,8,3.1,32.3
mpd,0.0,3,ack-4f,w,2,2,0,ctl,ok,0,0,3.5,32.3
mpd,0.0,3,qpsk-r1/3,w,9,1,0,data,ok,8,8,3.8,32.3
mpd,0.0,3,ack-4f,w,2,2,0,ctl,ok,0,0,2.2,32.3
mpd,0.0,3,qpsk-r1/3,w,9,1,0,data,ok,8,8,1.4,32.3
mpd,0.0,3,ack-4f,w,2,2,0,ctl,ok,0,0,2.1,32.3
mpd,0.0,3,qpsk-r1/3,w,9,1,0,data,ok,8,8,4.5,32.3
mpd,0.0,3,ack-4f,w,2,2,0,ctl,ok,0,0,2.4,32.3
mpd,0.0,3,qpsk-r1/3,w,9,1,0,data,ok,8,8,2.9,32.3
mpd,0.0,3,ack-4f,w,2,2,0,ctl,ok,0,0,3.2,32.3
mpd,0.0,3,qpsk-r1/3,w,9,1,0,data,ctl_lost,8,3,0.8,32.3
mpd,0.0,3,ack-4f,w,3,3,0,ctl,ok,0,0,3.2,32.3
mpd,0.0,3,ack-4f,w,3,3,0,ctl,ok,0,0,3.9,32.3
mpd,0.0,3,qpsk-r1/3,w,9,2,1,data,ok,7,7,3.7,32.3
mpd,0.0,3,ack-4f,w,2,2,0,ctl,ok,0,0,1.4,32.3
mpd,0.0,3,qpsk-r1/3,w,9,1,0,data,ok,8,8,1.1,32.3
mpd,0.0,3,ack-4f,w,2,2,0,ctl,ok,0,0,5.1,32.3
mpd,0.0,3,qpsk-r1/3,w,9,1,0,data,ok,8,8,2.4,32.3
mpd,0.0,3,ack-4f,w,3,3,0,ctl,ok,0,0,2.8,32.3
mpd,0.0,3,qpsk-r1/3,w,9,2,1,data,ok,7,7,2.1,32.3
mpd,0.0,3,ack-4f,w,2,2,0,ctl,ok,0,0,3.1,32.3
mpd,0.0,3,qpsk-r1/3,w,9,1,0,data,ok,8,8,4.3,32.3
mpd,0.0,3,ack-4f,w,2,2,0,ctl,ok,0,0,4.8,32.3
mpd,0.0,3,qpsk-r1/3,w,9,1,0,data,ctl_lost,8,8,1.5,32.3
mpd,0.0,3,ack-4f,w,3,3,0,ctl,ok,0,0,1.3,32.3
mpd,0.0,3,ack-4f,w,3,3,0,ctl,ok,0,0,0.3,32.3
mpd,0.0,3,qpsk-r1/3,w,9,2,1,data,ok,7,7,3.0,32.3
mpd,0.0,3,ack-4f,w,3,3,0,ctl,ok,0,0,3.9,32.3
mpd,0.0,3,qpsk-r1/3,w,9,2,1,data,ok,7,7,3.1,32.3
mpd,0.0,3,ack-4f,w,2,2,0,ctl,ok,0,0,1.1,32.3
mpd,0.0,3,qpsk-r1/3,w,9,1,0,data,ctl_lost,8,3,1.1,32.3
mpd,0.0,3,ack-4f,w,3,3,0,ctl,ok,0,0,4.8,32.3
mpd,0.0,3,ack-4f,w,3,3,0,ctl,ok,0,0,4.2,32.3
mpd,0.0,3,qpsk-r1/3,w,9,2,1,data,ok,7,4,0.8,32.3
mpd,0.0,3,ack-4f,w,3,3,0,ctl,ok,0,0,0.3,32.3
mpd,0.0,3,qpsk-r1/3,w,9,2,1,data,ok,6,6,3.1,32.3
mpd,0.0,3,ack-4f,w,3,3,0,ctl,ok,0,0,1.8,32.3
mpd,0.0,3,qpsk-r1/3,w,9,2,1,data,ok,7,0,1.2,32.3
mpd,0.0,3,ack-4f,w,3,3,0,ctl,ok,0,0,4.8,32.3
mpd,0.0,3,qpsk-r1/3,w,9,2,1,data,ok,1,0,1.1,32.3
mpd,0.0,3,ack-4f,w,3,3,0,ctl,ok,0,0,5.1,32.3
mpd,0.0,3,qpsk-r1/3,w,9,2,1,data,ok,7,0,1.4,32.3
mpd,0.0,3,ack-4f,w,3,3,0,ctl,ok,0,0,2.6,32.3
mpd,0.0,3,qpsk-r1/3,w,9,2,1,data,ok,0,0,3.8,32.3
mpd,0.0,3,ack-4f,w,3,3,0,ctl,ok,0,0,4.0,32.3
mpd,0.0,3,qpsk-r1/3,w,9,2,1,data,ok,7,7,3.1,32.3
mpd,0.0,3,ack-4f,w,2,2,0,ctl,ok,0,0,3.5,32.3
mpd,0.0,3,qpsk-r1/3,w,9,1,0,data,ok,8,8,4.1,32.3
mpd,0.0,3,ack-4f,w,2,2,0,ctl,ok,0,0,3.5,32.3
mpd,0.0,3,qpsk-r1/3,w,9,1,0,data,ok,8,8,2.2,32.3
mpd,0.0,3,ack-4f,w,2,2,0,ctl,ok,0,0,0.4,32.3
mpd,0.0,3,qpsk-r1/3,w,9,1,0,data,ctl_lost,8,0,0.4,32.3
mpd,0.0,3,ack-4f,w,2,2,0,ctl,ok,0,0,-2.5,32.3
mpd,0.0,3,ack-4f,w,3,3,0,ctl,ok,0,0,5.0,32.3
mpd,0.0,3,qpsk-r1/5,w,9,2,1,data,ok,7,7,1.5,32.3
mpd,0.0,3,ack-4f,w,3,3,0,ctl,ok,0,0,3.2,32.3
mpd,0.0,3,qpsk-r1/5,w,9,2,1,data,ok,7,7,2.6,32.3
mpd,0.0,7,qpsk-r1/5,w,1,1,0,ctl,ok,0,0,5.8,34.0
mpd,0.0,7,qpsk-r1/5,w,1,1,0,ctl,ok,0,0,6.7,34.0
mpd,0.0,7,ack-4f,w,3,3,0,ctl,ok,0,0,3.4,34.0
mpd,0.0,7,ack-1f,w,3,3,0,ctl,ok,0,0,1.4,34.0
mpd,0.0,7,qpsk-r1/2,w,9,2,1,data,ok,7,0,2.8,34.0
mpd,0.0,7,ack-1f,w,3,3,0,ctl,ok,0,0,6.0,34.0
mpd,0.0,7,qpsk-r1/3,w,9,2,1,data,ok,7,7,1.0,34.0
mpd,0.0,7,ack-1f,w,3,3,0,ctl,ok,0,0,3.9,34.0
mpd,0.0,7,qpsk-r1/3,w,9,2,1,data,ok,7,7,2.7,34.0
mpd,0.0,7,ack-1f,w,3,3,0,ctl,ok,0,0,2.0,34.0
mpd,0.0,7,qpsk-r1/3,w,9,2,1,data,ok,7,7,3.3,34.0
mpd,0.0,7,ack-1f,w,3,3,0,ctl,ok,0,0,2.2,34.0
mpd,0.0,7,qpsk-r1/3,w,9,2,1,data,ok,7,7,0.5,34.0
mpd,0.0,7,ack-1f,w,3,3,0,ctl,ok,0,0,4.4,34.0
mpd,0.0,7,qpsk-r1/3,w,9,2,1,data,ok,7,2,0.8,34.0
mpd,0.0,7,ack-1f,w,3,3,0,ctl,ok,0,0,3.6,34.0
mpd,0.0,7,qpsk-r1/3,w,9,2,1,data,ok,2,2,2.5,34.0
mpd,0.0,7,ack-1f,w,3,3,0,ctl,ok,0,0,1.1,34.0
mpd,0.0,7,qpsk-r1/3,w,9,2,1,data,ok,7,7,1.5,34.0
mpd,0.0,7,ack-1f,w,3,3,0,ctl,ctl_lost,0,0,-2.7,34.0
mpd,0.0,7,ack-4f,w,3,3,0,ctl,ok,0,0,1.6,34.0
mpd,0.0,7,ack-4f,w,3,3,0,ctl,ok,0,0,2.5,34.0
mpd,0.0,7,qpsk-r1/3,w,9,2,1,data,ok,7,7,4.3,34.0
mpd,0.0,7,ack-4f,w,2,2,0,ctl,ok,0,0,1.2,34.0
mpd,0.0,7,qpsk-r1/3,w,9,1,,data,missed,0,0,,34.0
mpd,0.0,7,ack-4f,w,2,2,0,ctl,ok,0,0,3.5,34.0
mpd,0.0,7,ack-4f,w,2,2,0,ctl,ok,0,0,2.7,34.0
mpd,0.0,7,qpsk-r1/3,w,9,1,0,data,ok,8,8,3.5,34.0
mpd,0.0,7,ack-4f,w,2,2,0,ctl,ok,0,0,1.5,34.0
mpd,0.0,7,qpsk-r1/3,w,9,1,0,data,ok,8,8,2.4,34.0
mpd,0.0,7,ack-4f,w,2,2,0,ctl,ok,0,0,3.7,34.0
mpd,0.0,7,qpsk-r1/3,w,9,1,0,data,ok,8,8,4.0,34.0
mpd,0.0,7,ack-4f,w,2,2,0,ctl,ok,0,0,1.6,34.0
mpd,0.0,7,qpsk-r1/3,w,9,1,0,data,ok,8,8,2.3,34.0
mpd,0.0,7,ack-4f,w,2,2,0,ctl,ok,0,0,2.3,34.0
mpd,0.0,7,qpsk-r1/3,w,9,1,0,data,ok,8,8,2.8,34.0
mpd,0.0,7,ack-4f,w,2,2,0,ctl,ok,0,0,5.8,34.0
mpd,0.0,7,qpsk-r1/3,w,9,1,0,data,ok,8,8,1.7,34.0
mpd,0.0,7,ack-1f,w,2,2,0,ctl,ok,0,0,2.4,34.0
mpd,0.0,7,qpsk-r1/3,w,9,1,0,data,ok,8,8,4.5,34.0
mpd,0.0,7,ack-1f,w,2,2,0,ctl,ok,0,0,5.4,34.0
mpd,0.0,7,qpsk-r1/3,w,9,1,0,data,ok,8,8,2.5,34.0
mpd,0.0,7,ack-1f,w,2,2,0,ctl,ok,0,0,5.0,34.0
mpd,0.0,7,qpsk-r1/3,w,9,1,0,data,ok,8,8,4.4,34.0
mpd,0.0,7,ack-1f,w,2,2,0,ctl,ok,0,0,-2.0,34.0
mpd,0.0,7,qpsk-r1/3,w,9,1,0,data,ok,8,8,2.3,34.0
mpd,0.0,7,ack-4f,w,2,2,0,ctl,ok,0,0,3.5,34.0
mpd,0.0,7,qpsk-r1/3,w,9,1,0,data,ok,8,8,1.4,34.0
mpd,0.0,7,ack-4f,w,2,2,0,ctl,ok,0,0,3.2,34.0
mpd,0.0,7,qpsk-r1/3,w,9,1,0,data,ctl_lost,8,3,0.8,34.0
mpd,0.0,7,ack-4f,w,3,3,0,ctl,ok,0,0,1.3,34.0
mpd,0.0,7,ack-4f,w,3,3,0,ctl,ok,0,0,1.9,34.0
mpd,0.0,7,qpsk-r1/3,w,9,2,1,data,ok,7,7,4.2,34.0
mpd,0.0,7,ack-4f,w,2,2,0,ctl,ok,0,0,1.9,34.0
mpd,0.0,7,qpsk-r1/3,w,9,1,0,data,ok,8,8,1.4,34.0
mpd,0.0,7,ack-4f,w,2,2,0,ctl,ok,0,0,3.7,34.0
mpd,0.0,7,qpsk-r1/3,w,9,1,0,data,ok,8,8,1.7,34.0
mpd,0.0,7,ack-4f,w,3,3,0,ctl,ok,0,0,2.4,34.0
mpd,0.0,7,qpsk-r1/3,w,9,2,1,data,ok,7,7,3.6,34.0
mpd,0.0,7,ack-1f,w,2,2,0,ctl,ctl_lost,0,0,-1.8,34.0
mpd,0.0,7,ack-4f,w,3,3,0,ctl,ok,0,0,3.8,34.0
mpd,0.0,7,ack-4f,w,2,2,0,ctl,ok,0,0,4.9,34.0
mpd,0.0,7,qpsk-r1/3,w,9,1,0,data,ok,8,2,0.9,34.0
mpd,0.0,7,ack-4f,w,3,3,0,ctl,ok,0,0,2.7,34.0
mpd,0.0,7,qpsk-r1/3,w,9,1,0,data,ok,2,2,1.8,34.0
mpd,0.0,7,ack-4f,w,3,3,0,ctl,ok,0,0,4.6,34.0
mpd,0.0,7,qpsk-r1/3,w,9,2,1,data,ok,7,7,2.5,34.0
mpd,0.0,7,ack-4f,w,2,2,0,ctl,ok,0,0,3.9,34.0
mpd,0.0,7,qpsk-r1/3,w,9,1,0,data,ok,8,8,3.8,34.0
mpd,0.0,7,ack-4f,w,2,2,0,ctl,ok,0,0,3.7,34.0
mpd,0.0,7,qpsk-r1/3,w,9,1,0,data,ok,8,8,2.7,34.0
mpd,0.0,7,ack-4f,w,2,2,0,ctl,ok,0,0,2.3,34.0
mpd,0.0,7,qpsk-r1/3,w,9,1,0,data,ok,8,8,2.7,34.0
mpd,0.0,7,ack-4f,w,2,2,0,ctl,ok,0,0,5.2,34.0
mpd,0.0,7,qpsk-r1/3,w,9,1,0,data,ok,8,8,3.7,34.0
mpd,0.0,7,ack-4f,w,2,2,0,ctl,ok,0,0,2.1,34.0
mpd,0.0,7,qpsk-r1/3,w,9,1,0,data,ok,8,8,4.2,34.0
mpd,0.0,7,ack-4f,w,2,2,0,ctl,ok,0,0,1.2,34.0
mpd,0.0,7,qpsk-r1/3,w,9,1,0,data,ok,8,8,2.3,34.0
mpd,0.0,7,ack-4f,w,2,2,0,ctl,ok,0,0,1.7,34.0
mpd,0.0,7,qpsk-r1/3,w,9,1,0,data,ok,8,8,3.5,34.0
mpd,0.0,7,ack-4f,w,2,2,0,ctl,ok,0,0,4.2,34.0
mpd,0.0,7,qpsk-r1/3,w,9,1,0,data,ok,8,8,1.6,34.0
mpd,0.0,7,ack-4f,w,2,2,0,ctl,ok,0,0,0.7,34.0
mpd,0.0,7,qpsk-r1/3,w,9,1,0,data,ctl_lost,8,3,0.9,34.0
mpd,0.0,7,ack-4f,w,3,3,0,ctl,ok,0,0,1.9,34.0
mpd,0.0,7,ack-4f,w,3,3,0,ctl,ok,0,0,0.2,34.0
mpd,0.0,7,qpsk-r1/3,w,9,2,1,data,ok,7,0,0.8,34.0
mpd,0.0,7,ack-4f,w,3,3,0,ctl,ok,0,0,4.1,34.0
mpd,0.0,7,qpsk-r1/3,w,9,2,1,data,ok,0,0,1.0,34.0
mpd,0.0,7,ack-4f,w,3,3,0,ctl,ok,0,0,0.6,34.0
mpd,0.0,7,qpsk-r1/3,w,9,2,1,data,ok,7,6,1.3,34.0
mpd,0.0,7,ack-4f,w,3,3,0,ctl,ok,0,0,3.1,34.0
mpd,0.0,7,qpsk-r1/3,w,9,2,1,data,ok,6,6,2.3,34.0
mpd,0.0,7,ack-4f,w,2,2,0,ctl,ok,0,0,3.3,34.0
mpd,0.0,7,qpsk-r1/3,w,9,1,0,data,ok,8,8,2.2,34.0
mpd,0.0,10,qpsk-r1/5,w,1,1,0,ctl,ok,0,0,5.8,31.4
mpd,0.0,10,qpsk-r1/5,w,1,1,0,ctl,ok,0,0,3.5,31.4
mpd,0.0,10,ack-4f,w,3,3,0,ctl,ok,0,0,2.5,31.4
mpd,0.0,10,ack-1f,w,3,3,0,ctl,ok,0,0,3.8,31.4
mpd,0.0,10,qpsk-r1/2,w,9,2,1,data,ok,7,0,1.8,31.4
mpd,0.0,10,ack-1f,w,2,2,0,ctl,ok,0,0,-0.4,31.4
mpd,0.0,10,qpsk-r1/5,w,9,1,0,data,ok,8,8,2.1,31.4
mpd,0.0,10,ack-1f,w,2,2,0,ctl,ctl_lost,0,0,-0.2,31.4
mpd,0.0,10,ack-4f,w,4,4,0,ctl,ok,0,0,2.1,31.4
mpd,0.0,10,ack-4f,w,2,2,0,ctl,ok,0,0,3.9,31.4
mpd,0.0,10,qpsk-r1/5,w,9,1,0,data,ok,8,8,1.2,31.4
mpd,0.0,10,ack-4f,w,2,2,0,ctl,ok,0,0,4.4,31.4
mpd,0.0,10,qpsk-r1/5,w,9,1,0,data,ok,8,8,3.5,31.4
mpd,0.0,10,ack-4f,w,2,2,0,ctl,ok,0,0,3.4,31.4
mpd,0.0,10,qpsk-r1/5,w,9,1,0,data,ok,8,8,1.7,31.4
mpd,0.0,10,ack-1f,w,3,3,0,ctl,ok,0,0,4.8,31.4
mpd,0.0,10,qpsk-r1/3,w,9,2,1,data,ok,7,7,2.3,31.4
mpd,0.0,10,ack-1f,w,3,3,0,ctl,ok,0,0,1.0,31.4
mpd,0.0,10,qpsk-r1/3,w,9,2,1,data,ok,7,7,2.3,31.4
mpd,0.0,10,ack-4f,w,3,3,0,ctl,ok,0,0,4.1,31.4
mpd,0.0,10,qpsk-r1/3,w,9,2,1,data,ok,7,7,2.8,31.4
mpd,0.0,10,ack-4f,w,3,3,0,ctl,ok,0,0,0.8,31.4
mpd,0.0,10,qpsk-r1/3,w,9,2,1,data,ok,7,7,3.4,31.4
mpd,0.0,10,ack-4f,w,3,3,0,ctl,ok,0,0,-0.7,31.4
mpd,0.0,10,qpsk-r1/3,w,9,2,1,data,ok,7,0,0.1,31.4
mpd,0.0,10,ack-4f,w,3,3,0,ctl,ok,0,0,5.1,31.4
mpd,0.0,10,qpsk-r1/3,w,9,2,1,data,ok,1,1,1.0,31.4
mpd,0.0,10,ack-4f,w,3,3,0,ctl,ok,0,0,1.1,31.4
mpd,0.0,10,qpsk-r1/3,w,9,2,1,data,ok,7,7,2.3,31.4
mpd,0.0,10,ack-4f,w,3,3,0,ctl,ok,0,0,2.2,31.4
mpd,0.0,10,qpsk-r1/3,w,9,2,1,data,ok,7,0,1.4,31.4
mpd,0.0,10,ack-4f,w,3,3,0,ctl,ok,0,0,3.7,31.4
mpd,0.0,10,qpsk-r1/3,w,9,2,1,data,ok,0,0,3.3,31.4
mpd,0.0,10,ack-4f,w,2,2,0,ctl,ok,0,0,3.1,31.4
mpd,0.0,10,qpsk-r1/3,w,9,1,0,data,ok,8,8,1.4,31.4
mpd,0.0,10,ack-4f,w,2,2,0,ctl,ok,0,0,1.1,31.4
mpd,0.0,10,qpsk-r1/3,w,9,1,0,data,ok,8,8,1.2,31.4
mpd,0.0,10,ack-4f,w,3,3,0,ctl,ok,0,0,4.6,31.4
mpd,0.0,10,qpsk-r1/3,w,9,2,1,data,ok,7,7,3.1,31.4
mpd,0.0,10,ack-4f,w,2,2,0,ctl,ok,0,0,3.8,31.4
mpd,0.0,10,qpsk-r1/3,w,9,1,0,data,ok,8,8,2.4,31.4
mpd,0.0,10,ack-1f,w,2,2,0,ctl,ok,0,0,4.2,31.4
mpd,0.0,10,qpsk-r1/3,w,9,1,0,data,ok,8,8,3.4,31.4
mpd,0.0,10,ack-1f,w,2,2,0,ctl,ok,0,0,4.5,31.4
mpd,0.0,10,qpsk-r1/3,w,9,1,0,data,ok,8,8,3.0,31.4
mpd,0.0,10,ack-1f,w,2,2,0,ctl,ok,0,0,1.5,31.4
mpd,0.0,10,qpsk-r1/3,w,9,1,0,data,ok,8,8,2.7,31.4
mpd,0.0,10,ack-1f,w,2,2,0,ctl,ok,0,0,1.5,31.4
mpd,0.0,10,qpsk-r1/3,w,9,1,0,data,ok,8,8,1.1,31.4
mpd,0.0,10,ack-4f,w,2,2,0,ctl,ok,0,0,1.2,31.4
mpd,0.0,10,qpsk-r1/3,w,9,1,0,data,ok,8,8,3.5,31.4
mpd,0.0,10,ack-4f,w,2,2,0,ctl,ok,0,0,1.2,31.4
mpd,0.0,10,qpsk-r1/3,w,9,1,0,data,ok,8,8,2.6,31.4
mpd,0.0,10,ack-4f,w,2,2,0,ctl,ok,0,0,3.3,31.4
mpd,0.0,10,qpsk-r1/3,w,9,1,0,data,ok,8,8,1.5,31.4
mpd,0.0,10,ack-4f,w,2,2,0,ctl,ok,0,0,4.2,31.4
mpd,0.0,10,qpsk-r1/3,w,9,1,0,data,ok,8,8,3.5,31.4
mpd,0.0,10,ack-1f,w,2,2,0,ctl,ok,0,0,0.7,31.4
mpd,0.0,10,qpsk-r1/3,w,9,1,0,data,ok,8,8,2.4,31.4
mpd,0.0,10,ack-1f,w,2,2,0,ctl,ctl_lost,0,0,1.8,31.4
mpd,0.0,10,ack-4f,w,3,3,0,ctl,ok,0,0,1.7,31.4
mpd,0.0,10,ack-4f,w,2,2,0,ctl,ok,0,0,5.8,31.4
mpd,0.0,10,qpsk-r1/3,w,9,1,0,data,ok,8,8,1.8,31.4
mpd,0.0,10,ack-4f,w,2,2,0,ctl,ok,0,0,2.0,31.4
mpd,0.0,10,qpsk-r1/3,w,9,1,0,data,ok,8,8,3.1,31.4
mpd,0.0,10,ack-4f,w,2,2,0,ctl,ok,0,0,1.8,31.4
mpd,0.0,10,qpsk-r1/3,w,9,1,0,data,ok,8,8,3.2,31.4
mpd,0.0,10,ack-4f,w,2,2,0,ctl,ok,0,0,2.1,31.4
mpd,0.0,10,qpsk-r1/3,w,9,1,0,data,ok,8,8,0.4,31.4
mpd,0.0,10,ack-4f,w,2,2,0,ctl,ok,0,0,2.7,31.4
mpd,0.0,10,qpsk-r1/3,w,9,1,0,data,ctl_lost,8,3,1.5,31.4
mpd,0.0,10,ack-4f,w,3,3,0,ctl,ok,0,0,1.3,31.4
mpd,0.0,10,ack-4f,w,3,3,0,ctl,ok,0,0,3.1,31.4
mpd,0.0,10,qpsk-r1/3,w,9,2,1,data,ok,7,2,0.9,31.4
mpd,0.0,10,ack-4f,w,3,3,0,ctl,ok,0,0,1.6,31.4
mpd,0.0,10,qpsk-r1/3,w,9,2,1,data,ok,2,2,2.4,31.4
mpd,0.0,10,ack-4f,w,3,3,0,ctl,ok,0,0,3.5,31.4
mpd,0.0,10,qpsk-r1/3,w,9,2,1,data,ok,7,7,3.0,31.4
mpd,0.0,10,ack-4f,w,2,2,0,ctl,ok,0,0,0.5,31.4
mpd,0.0,10,qpsk-r1/3,w,9,1,0,data,ok,8,8,2.2,31.4
mpd,0.0,10,ack-4f,w,2,2,0,ctl,ok,0,0,4.8,31.4
mpd,0.0,10,qpsk-r1/3,w,9,1,0,data,ok,8,8,3.5,31.4
mpd,0.0,10,ack-4f,w,2,2,0,ctl,ok,0,0,4.0,31.4
mpd,0.0,10,qpsk-r1/3,w,9,1,0,data,ctl_lost,8,0,0.1,31.4
mpd,0.0,10,ack-4f,w,3,3,0,ctl,ok,0,0,2.6,31.4
mpd,0.0,10,ack-4f,w,3,3,0,ctl,ok,0,0,1.9,31.4
mpd,0.0,10,qpsk-r1/3,w,9,2,1,data,ok,7,7,2.7,31.4
mpd,0.0,10,ack-4f,w,2,2,0,ctl,ok,0,0,1.9,31.4
mpd,0.0,10,qpsk-r1/3,w,9,1,0,data,ctl_lost,8,0,0.7,31.4
mpd,0.0,10,ack-4f,w,2,2,0,ctl,ok,0,0,2.8,31.4
mpd,0.0,10,ack-4f,w,3,3,0,ctl,ok,0,0,3.6,31.4
mpd,0.0,10,qpsk-r1/3,w,9,2,1,data,ok,7,7,1.4,31.4
mpd,0.0,10,ack-4f,w,3,3,0,ctl,ok,0,0,2.3,31.4
mpd,0.0,10,qpsk-r1/3,w,9,2,1,data,ok,7,1,1.4,31.4
mpd,0.0,10,ack-4f,w,3,3,0,ctl,ok,0,0,0.1,31.4
mpd,0.0,9,qpsk-r1/5,w,1,1,0,ctl,ok,0,0,-0.0,33.6
mpd,0.0,9,qpsk-r1/5,w,1,1,0,ctl,ok,0,0,3.7,33.6
mpd,0.0,9,ack-4f,w,3,3,0,ctl,ok,0,0,3.4,33.6
mpd,0.0,9,ack-1f,w,3,3,0,ctl,ok,0,0,-0.1,33.6
mpd,0.0,9,qpsk-r1/3,w,9,2,1,data,ok,7,7,2.9,33.6
mpd,0.0,9,ack-1f,w,3,3,0,ctl,ok,0,0,7.3,33.6
mpd,0.0,9,qpsk-r1/3,w,9,2,1,data,ok,7,7,3.7,33.6
mpd,0.0,9,ack-1f,w,3,3,0,ctl,ok,0,0,4.7,33.6
mpd,0.0,9,qpsk-r1/3,w,9,2,1,data,ok,7,0,0.9,33.6
mpd,0.0,9,ack-1f,w,3,3,0,ctl,ok,0,0,1.1,33.6
mpd,0.0,9,qpsk-r1/3,w,9,2,1,data,ok,0,0,2.8,33.6
mpd,0.0,9,ack-1f,w,3,3,0,ctl,ok,0,0,3.6,33.6
mpd,0.0,9,qpsk-r1/3,w,9,2,1,data,ok,7,7,1.4,33.6
mpd,0.0,9,ack-1f,w,3,3,0,ctl,ok,0,0,5.6,33.6
mpd,0.0,9,qpsk-r1/3,w,9,2,1,data,ok,7,7,3.1,33.6
mpd,0.0,9,ack-1f,w,3,3,0,ctl,ok,0,0,4.6,33.6
mpd,0.0,9,qpsk-r1/3,w,9,2,1,data,ok,7,7,1.6,33.6
mpd,0.0,9,ack-1f,w,3,3,0,ctl,ok,0,0,2.9,33.6
mpd,0.0,9,qpsk-r1/3,w,9,2,1,data,ok,7,1,0.5,33.6
mpd,0.0,9,ack-1f,w,3,3,0,ctl,ok,0,0,1.1,33.6
mpd,0.0,9,qpsk-r1/3,w,9,2,1,data,ok,2,2,2.2,33.6
mpd,0.0,9,ack-1f,w,3,3,0,ctl,ok,0,0,2.0,33.6
mpd,0.0,9,qpsk-r1/3,w,9,2,1,data,ok,7,7,2.0,33.6
mpd,0.0,9,ack-1f,w,2,2,0,ctl,ok,0,0,6.1,33.6
mpd,0.0,9,qpsk-r1/3,w,9,1,0,data,ok,8,8,3.8,33.6
mpd,0.0,9,ack-1f,w,2,2,0,ctl,ok,0,0,1.3,33.6
mpd,0.0,9,qpsk-r1/3,w,9,1,0,data,ctl_lost,8,1,0.3,33.6
mpd,0.0,9,ack-4f,w,3,3,0,ctl,ok,0,0,0.7,33.6
mpd,0.0,9,ack-4f,w,3,3,0,ctl,ok,0,0,1.8,33.6
mpd,0.0,9,qpsk-r1/5,w,9,2,1,data,ok,7,7,1.4,33.6
mpd,0.0,9,ack-1f,w,3,3,0,ctl,ok,0,0,2.8,33.6
mpd,0.0,9,qpsk-r1/3,w,9,2,1,data,ok,7,7,3.0,33.6
mpd,0.0,9,ack-1f,w,3,3,0,ctl,ok,0,0,3.3,33.6
mpd,0.0,9,qpsk-r1/3,w,9,2,1,data,ok,7,0,3.4,33.6
mpd,0.0,9,ack-1f,w,3,3,0,ctl,ctl_lost,0,0,-0.7,33.6
mpd,0.0,9,ack-4f,w,3,3,0,ctl,ok,0,0,2.1,33.6
mpd,0.0,9,ack-4f,w,3,3,0,ctl,ok,0,0,3.7,33.6
mpd,0.0,9,qpsk-r1/3,w,9,2,1,data,ok,7,7,3.5,33.6
mpd,0.0,9,ack-4f,w,2,2,0,ctl,ok,0,0,3.1,33.6
mpd,0.0,9,qpsk-r1/3,w,9,1,0,data,ok,8,8,1.0,33.6
mpd,0.0,9,ack-1f,w,2,2,0,ctl,ctl_lost,0,0,-0.2,33.6
mpd,0.0,9,ack-4f,w,3,3,0,ctl,ok,0,0,4.0,33.6
mpd,0.0,9,ack-4f,w,3,3,0,ctl,ok,0,0,-0.3,33.6
mpd,0.0,9,qpsk-r1/3,w,9,2,1,data,ok,7,0,0.9,33.6
mpd,0.0,9,ack-4f,w,2,2,0,ctl,ok,0,0,2.6,33.6
mpd,0.0,9,qpsk-r1/3,w,9,1,0,data,ok,1,1,2.8,33.6
mpd,0.0,9,ack-4f,w,3,3,0,ctl,ok,0,0,-0.3,33.6
mpd,0.0,9,qpsk-r1/3,w,9,2,1,data,ok,7,7,1.6,33.6
mpd,0.0,9,ack-4f,w,2,2,0,ctl,ok,0,0,3.8,33.6
mpd,0.0,9,qpsk-r1/3,w,9,1,0,data,ok,8,8,4.5,33.6
mpd,0.0,9,ack-4f,w,2,2,0,ctl,ok,0,0,2.1,33.6
mpd,0.0,9,qpsk-r1/3,w,9,1,0,data,ok,8,8,0.4,33.6
mpd,0.0,9,ack-4f,w,2,2,0,ctl,ok,0,0,3.6,33.6
mpd,0.0,9,qpsk-r1/3,w,9,1,0,data,ok,8,8,3.9,33.6
mpd,0.0,9,ack-4f,w,2,2,0,ctl,ok,0,0,3.9,33.6
mpd,0.0,9,qpsk-r1/3,w,9,1,0,data,ok,8,8,2.0,33.6
mpd,0.0,9,ack-4f,w,2,2,0,ctl,ok,0,0,3.3,33.6
mpd,0.0,9,qpsk-r1/3,w,9,1,0,data,ok,8,8,2.7,33.6
mpd,0.0,9,ack-4f,w,2,2,0,ctl,ok,0,0,4.6,33.6
mpd,0.0,9,qpsk-r1/3,w,9,1,0,data,ok,8,8,3.2,33.6
mpd,0.0,9,ack-4f,w,2,2,0,ctl,ok,0,0,-1.0,33.6
mpd,0.0,9,qpsk-r1/3,w,9,1,0,data,ok,8,8,3.2,33.6
mpd,0.0,9,ack-4f,w,2,2,0,ctl,ok,0,0,6.2,33.6
mpd,0.0,9,qpsk-r1/3,w,9,1,0,data,ok,8,8,3.4,33.6
mpd,0.0,9,ack-4f,w,2,2,0,ctl,ok,0,0,6.5,33.6
mpd,0.0,9,qpsk-r1/3,w,9,1,0,data,ok,8,8,1.7,33.6
mpd,0.0,9,ack-1f,w,2,2,0,ctl,ok,0,0,0.4,33.6
mpd,0.0,9,qpsk-r1/3,w,9,1,0,data,ok,8,8,4.0,33.6
mpd,0.0,9,ack-4f,w,2,2,0,ctl,ok,0,0,3.9,33.6
mpd,0.0,9,qpsk-r1/3,w,9,1,0,data,ok,8,8,1.9,33.6
mpd,0.0,9,ack-4f,w,2,2,0,ctl,ok,0,0,4.3,33.6
mpd,0.0,9,qpsk-r1/3,w,9,1,0,data,ok,8,8,3.9,33.6
mpd,0.0,9,ack-4f,w,2,2,0,ctl,ok,0,0,3.0,33.6
mpd,0.0,9,qpsk-r1/3,w,9,1,0,data,ok,8,8,4.2,33.6
mpd,0.0,9,ack-4f,w,3,3,0,ctl,ok,0,0,1.5,33.6
mpd,0.0,9,w48-qpsk-r1/2,w48,19,2,1,data,ctl_lost,17,0,2.2,33.6
mpd,0.0,9,ack-4f,w,3,3,0,ctl,ok,0,0,2.6,33.6
mpd,0.0,9,ack-4f,w,2,2,0,ctl,ok,0,0,-0.0,33.6
mpd,0.0,9,qpsk-r1/3,w,9,1,0,data,ok,8,8,4.0,33.6
mpd,0.0,9,ack-4f,w,2,2,0,ctl,ok,0,0,4.1,33.6
mpd,0.0,9,qpsk-r1/3,w,9,1,0,data,ok,8,8,3.5,33.6
mpd,0.0,9,ack-4f,w,2,2,0,ctl,ok,0,0,4.5,33.6
mpd,0.0,9,qpsk-r1/3,w,9,1,0,data,ok,8,8,2.4,33.6
mpd,0.0,9,ack-4f,w,2,2,0,ctl,ok,0,0,1.2,33.6
mpd,0.0,9,qpsk-r1/3,w,9,1,0,data,ok,8,8,1.6,33.6
mpd,0.0,9,ack-4f,w,2,2,0,ctl,ok,0,0,2.2,33.6
mpd,0.0,9,qpsk-r1/3,w,9,1,0,data,ctl_lost,8,3,1.2,33.6
mpd,0.0,9,ack-4f,w,2,2,0,ctl,ok,0,0,3.1,33.6
mpd,0.0,9,ack-4f,w,3,3,0,ctl,ok,0,0,4.0,33.6
mpd,0.0,9,qpsk-r1/3,w,9,2,1,data,ok,7,7,2.3,33.6
mpd,0.0,9,ack-4f,w,2,2,0,ctl,ok,0,0,4.3,33.6
mpd,0.0,9,qpsk-r1/3,w,9,1,0,data,ok,8,8,3.4,33.6
mpd,0.0,9,ack-4f,w,2,2,0,ctl,ok,0,0,2.0,33.6
mpd,0.0,9,qpsk-r1/3,w,9,1,0,data,ok,8,8,1.5,33.6
mpd,0.0,9,ack-4f,w,2,2,0,ctl,ok,0,0,2.3,33.6
mpd,0.0,9,qpsk-r1/3,w,9,1,0,data,ok,8,8,2.2,33.6
mpd,0.0,11,qpsk-r1/5,w,1,1,0,ctl,ok,0,0,3.1,28.9
mpd,0.0,11,qpsk-r1/5,w,1,1,0,ctl,ok,0,0,2.7,28.9
mpd,0.0,11,ack-4f,w,3,3,0,ctl,ok,0,0,4.6,28.9
mpd,0.0,11,ack-1f,w,3,3,0,ctl,ok,0,0,4.6,28.9
mpd,0.0,11,qpsk-r1/2,w,9,2,1,data,ok,7,7,3.6,28.9
mpd,0.0,11,ack-1f,w,3,3,0,ctl,ctl_lost,0,0,-1.8,28.9
mpd,0.0,11,ack-4f,w,3,3,0,ctl,ok,0,0,1.2,28.9
mpd,0.0,11,ack-4f,w,3,3,0,ctl,ok,0,0,-0.1,28.9
mpd,0.0,11,qpsk-r1/2,w,9,2,1,data,ok,7,0,0.0,28.9
mpd,0.0,11,ack-4f,w,3,3,0,ctl,ok,0,0,3.1,28.9
mpd,0.0,11,qpsk-r1/5,w,9,2,1,data,ok,7,7,3.5,28.9
mpd,0.0,11,ack-4f,w,2,2,0,ctl,ok,0,0,2.8,28.9
mpd,0.0,11,qpsk-r1/5,w,9,1,0,data,ok,8,8,2.2,28.9
mpd,0.0,11,ack-4f,w,3,3,0,ctl,ok,0,0,3.0,28.9
mpd,0.0,11,qpsk-r1/2,w,9,2,1,data,ok,7,6,3.0,28.9
mpd,0.0,11,ack-4f,w,3,3,0,ctl,ok,0,0,4.6,28.9
mpd,0.0,11,qpsk-r1/2,w,9,2,1,data,ok,7,0,2.2,28.9
mpd,0.0,11,ack-4f,w,3,3,0,ctl,ok,0,0,0.4,28.9
mpd,0.0,11,qpsk-r1/2,w,9,2,1,data,ok,0,0,2.6,28.9
mpd,0.0,11,ack-4f,w,3,3,0,ctl,ok,0,0,2.9,28.9
mpd,0.0,11,qpsk-r1/2,w,9,2,1,data,ok,7,0,2.0,28.9
mpd,0.0,11,ack-4f,w,3,3,0,ctl,ok,0,0,0.8,28.9
mpd,0.0,11,qpsk-r1/2,w,9,2,1,data,ok,0,0,3.5,28.9
mpd,0.0,11,ack-4f,w,3,3,0,ctl,ok,0,0,2.1,28.9
mpd,0.0,11,qpsk-r1/2,w,9,2,1,data,ok,7,0,1.7,28.9
mpd,0.0,11,ack-4f,w,3,3,0,ctl,ok,0,0,3.6,28.9
mpd,0.0,11,qpsk-r1/2,w,9,2,1,data,ok,0,0,3.2,28.9
mpd,0.0,11,ack-4f,w,2,2,0,ctl,ok,0,0,3.9,28.9
mpd,0.0,11,qpsk-r1/5,w,9,1,0,data,ok,8,8,1.9,28.9
mpd,0.0,11,ack-4f,w,3,3,0,ctl,ok,0,0,1.3,28.9
mpd,0.0,11,qpsk-r1/2,w,9,2,1,data,ok,7,0,1.8,28.9
mpd,0.0,11,ack-4f,w,2,2,0,ctl,ok,0,0,2.1,28.9
mpd,0.0,11,qpsk-r1/5,w,9,1,0,data,ok,8,8,2.6,28.9
mpd,0.0,11,ack-4f,w,2,2,0,ctl,ok,0,0,0.5,28.9
mpd,0.0,11,qpsk-r1/5,w,9,1,0,data,ok,8,8,3.0,28.9
mpd,0.0,11,ack-4f,w,2,2,0,ctl,ok,0,0,1.8,28.9
mpd,0.0,11,qpsk-r1/5,w,9,1,0,data,ok,8,8,4.0,28.9
mpd,0.0,11,ack-4f,w,2,2,0,ctl,ok,0,0,-1.8,28.9
mpd,0.0,11,qpsk-r1/2,w,9,1,0,data,ctl_lost,8,0,1.5,28.9
mpd,0.0,11,ack-4f,w,3,3,0,ctl,ok,0,0,2.7,28.9
mpd,0.0,11,ack-4f,w,2,2,0,ctl,ok,0,0,1.1,28.9
mpd,0.0,11,qpsk-r1/5,w,9,1,0,data,ok,8,8,1.1,28.9
mpd,0.0,11,ack-4f,w,2,2,0,ctl,ok,0,0,0.1,28.9
mpd,0.0,11,qpsk-r1/5,w,9,1,0,data,ok,8,8,1.6,28.9
mpd,0.0,11,ack-4f,w,2,2,0,ctl,ok,0,0,1.1,28.9
mpd,0.0,11,qpsk-r1/5,w,9,1,0,data,ok,8,8,0.6,28.9
mpd,0.0,11,ack-4f,w,2,2,0,ctl,ok,0,0,4.4,28.9
mpd,0.0,11,qpsk-r1/5,w,9,1,0,data,ok,8,8,3.0,28.9
mpd,0.0,11,ack-4f,w,2,2,0,ctl,ok,0,0,2.8,28.9
mpd,0.0,11,qpsk-r1/5,w,9,1,0,data,ok,8,8,1.3,28.9
mpd,0.0,11,ack-4f,w,2,2,0,ctl,ok,0,0,0.1,28.9
mpd,0.0,11,qpsk-r1/5,w,9,1,0,data,ok,8,8,2.9,28.9
mpd,0.0,11,ack-4f,w,2,2,0,ctl,ok,0,0,1.3,28.9
mpd,0.0,11,qpsk-r1/5,w,9,1,0,data,ok,8,8,1.1,28.9
mpd,0.0,11,ack-4f,w,2,2,0,ctl,ok,0,0,4.7,28.9
mpd,0.0,11,qpsk-r1/5,w,9,1,0,data,ok,8,8,1.4,28.9
mpd,0.0,11,ack-4f,w,2,2,0,ctl,ok,0,0,0.6,28.9
mpd,0.0,11,qpsk-r1/5,w,9,1,0,data,ok,8,8,2.9,28.9
mpd,0.0,11,ack-4f,w,2,2,0,ctl,ok,0,0,2.7,28.9
mpd,0.0,11,qpsk-r1/5,w,9,1,0,data,ok,8,8,4.0,28.9
mpd,0.0,11,ack-4f,w,3,3,0,ctl,ok,0,0,-0.6,28.9
mpd,0.0,11,qpsk-r1/3,w,9,2,1,data,ok,7,0,0.4,28.9
mpd,0.0,11,ack-4f,w,3,3,0,ctl,ok,0,0,4.6,28.9
mpd,0.0,11,qpsk-r1/3,w,9,2,1,data,ok,1,1,2.5,28.9
mpd,0.0,11,ack-4f,w,2,2,0,ctl,ok,0,0,1.6,28.9
mpd,0.0,11,qpsk-r1/5,w,9,1,0,data,ok,8,8,1.5,28.9
mpd,0.0,11,ack-4f,w,2,2,0,ctl,ok,0,0,1.1,28.9
mpd,0.0,11,qpsk-r1/5,w,9,1,0,data,ok,8,8,3.3,28.9
mpd,0.0,11,ack-4f,w,3,3,0,ctl,ok,0,0,0.9,28.9
mpd,0.0,11,qpsk-r1/3,w,9,2,1,data,ok,7,7,2.0,28.9
mpd,0.0,11,ack-4f,w,3,3,0,ctl,ok,0,0,5.6,28.9
mpd,0.0,11,qpsk-r1/3,w,9,2,1,data,ok,7,7,1.2,28.9
mpd,0.0,11,ack-4f,w,3,3,0,ctl,ok,0,0,1.2,28.9
mpd,0.0,11,qpsk-r1/3,w,9,2,1,data,ok,7,7,3.1,28.9
mpd,0.0,11,ack-4f,w,3,3,0,ctl,ok,0,0,5.4,28.9
mpd,0.0,11,qpsk-r1/3,w,9,2,1,data,ok,7,7,2.6,28.9
mpd,0.0,11,ack-4f,w,3,3,0,ctl,ok,0,0,4.2,28.9
mpd,0.0,11,qpsk-r1/3,w,9,2,1,data,ok,7,7,4.0,28.9
mpd,0.0,11,ack-4f,w,2,2,0,ctl,ok,0,0,3.5,28.9
mpd,0.0,11,qpsk-r1/3,w,9,1,0,data,ok,8,8,4.1,28.9
mpd,0.0,11,ack-4f,w,2,2,0,ctl,ok,0,0,0.3,28.9
mpd,0.0,11,qpsk-r1/3,w,9,1,0,data,ok,8,8,2.7,28.9
mpd,0.0,11,ack-4f,w,2,2,0,ctl,ok,0,0,0.9,28.9
mpd,0.0,11,qpsk-r1/3,w,9,1,0,data,ok,8,8,3.7,28.9
mpd,0.0,11,ack-4f,w,2,2,0,ctl,ok,0,0,1.8,28.9
mpd,0.0,11,qpsk-r1/3,w,9,1,0,data,ok,8,8,4.0,28.9
mpd,0.0,11,ack-4f,w,2,2,0,ctl,ok,0,0,4.4,28.9
mpd,0.0,11,qpsk-r1/3,w,9,1,0,data,ok,8,8,1.4,28.9
mpd,0.0,11,ack-4f,w,2,2,0,ctl,ok,0,0,4.3,28.9
mpd,0.0,11,qpsk-r1/3,w,9,1,0,data,ok,8,8,2.0,28.9
mpd,0.0,11,ack-4f,w,3,3,0,ctl,ok,0,0,1.0,28.9
mpd,0.0,11,qpsk-r1/3,w,9,2,1,data,ok,7,3,0.7,28.9
mpd,8.0,0,qpsk-r1/5,w,1,1,0,ctl,ok,0,0,10.2,159.4
mpd,8.0,0,qpsk-r1/5,w,1,1,0,ctl,ok,0,0,10.0,159.4
mpd,8.0,0,ack-4f,w,2,2,0,ctl,ok,0,0,10.9,159.4
mpd,8.0,0,ack-1f,w,2,2,0,ctl,ok,0,0,9.7,159.4
mpd,8.0,0,w48-qpsk-r1/2,w48,19,1,0,data,ok,18,18,8.5,159.4
mpd,8.0,0,ack-1f,w,2,2,0,ctl,ok,0,0,10.7,159.4
mpd,8.0,0,w48-qpsk-r1/2,w48,19,1,0,data,ok,18,18,8.6,159.4
mpd,8.0,0,ack-1f,w,2,2,0,ctl,ok,0,0,9.9,159.4
mpd,8.0,0,w48-qpsk-r1/2,w48,19,1,0,data,ok,18,18,9.0,159.4
mpd,8.0,0,ack-1f,w,3,3,0,ctl,ok,0,0,8.6,159.4
mpd,8.0,0,w48-16qam-r1/3,w48,19,2,1,data,ok,17,17,8.4,159.4
mpd,8.0,0,ack-1f,w,3,3,0,ctl,ok,0,0,13.1,159.4
mpd,8.0,0,w48-16qam-r1/3,w48,19,2,1,data,ok,17,17,9.6,159.4
mpd,8.0,0,ack-1f,w,2,2,0,ctl,ok,0,0,10.8,159.4
mpd,8.0,0,w48-16qam-r1/3,w48,19,1,0,data,ok,18,18,10.2,159.4
mpd,8.0,0,ack-1f,w,2,2,0,ctl,ok,0,0,8.5,159.4
mpd,8.0,0,w48-16qam-r1/3,w48,19,1,0,data,ctl_lost,18,0,7.4,159.4
mpd,8.0,0,ack-4f,w,2,2,0,ctl,ok,0,0,10.0,159.4
mpd,8.0,0,ack-4f,w,2,2,0,ctl,ok,0,0,11.0,159.4
mpd,8.0,0,w48-qpsk-r1/2,w48,19,1,0,data,ok,18,18,8.8,159.4
mpd,8.0,0,ack-1f,w,2,2,0,ctl,ok,0,0,7.4,159.4
mpd,8.0,0,w48-qpsk-r1/2,w48,19,1,0,data,ok,18,18,9.3,159.4
mpd,8.0,0,ack-1f,w,3,3,0,ctl,ok,0,0,9.8,159.4
mpd,8.0,0,w48-16qam-r1/3,w48,19,2,1,data,ok,17,16,8.4,159.4
mpd,8.0,0,ack-1f,w,4,4,0,ctl,ok,0,0,12.5,159.4
mpd,8.0,0,w48-16qam-r1/3,w48,19,2,1,data,ok,16,16,9.1,159.4
mpd,8.0,0,ack-1f,w,3,3,0,ctl,ok,0,0,7.6,159.4
mpd,8.0,0,w48-16qam-r1/3,w48,19,2,1,data,ok,17,15,8.0,159.4
mpd,8.0,0,ack-1f,w,4,4,0,ctl,ok,0,0,9.6,159.4
mpd,8.0,0,w48-16qam-r1/3,w48,19,2,1,data,ok,15,15,8.8,159.4
mpd,8.0,0,ack-1f,w,3,3,0,ctl,ok,0,0,11.0,159.4
mpd,8.0,0,w48-16qam-r1/3,w48,19,2,1,data,ok,17,1,7.3,159.4
mpd,8.0,0,ack-1f,w,3,3,0,ctl,ok,0,0,12.0,159.4
mpd,8.0,0,w48-qpsk-r1/2,w48,19,1,0,data,ok,18,18,8.9,159.4
mpd,8.0,0,ack-1f,w,2,2,0,ctl,ok,0,0,8.5,159.4
mpd,8.0,0,w48-qpsk-r1/2,w48,19,1,0,data,ok,18,18,9.4,159.4
mpd,8.0,0,ack-1f,w,3,3,0,ctl,ok,0,0,11.1,159.4
mpd,8.0,0,w48-16qam-r1/3,w48,19,2,1,data,ok,17,17,9.8,159.4
mpd,8.0,0,ack-1f,w,2,2,0,ctl,ok,0,0,10.0,159.4
mpd,8.0,0,w48-16qam-r1/3,w48,19,1,0,data,ok,18,18,8.8,159.4
mpd,8.0,0,ack-1f,w,2,2,0,ctl,ok,0,0,9.1,159.4
mpd,8.0,0,w48-16qam-r1/3,w48,19,1,0,data,ok,18,18,8.5,159.4
mpd,8.0,0,ack-1f,w,3,3,0,ctl,ok,0,0,8.1,159.4
mpd,8.0,0,w48-16qam-r1/3,w48,19,2,1,data,ok,17,17,9.9,159.4
mpd,8.0,0,ack-1f,w,2,2,0,ctl,ok,0,0,11.4,159.4
mpd,8.0,0,w48-16qam-r1/3,w48,19,1,0,data,ok,18,18,8.6,159.4
mpd,8.0,0,ack-1f,w,2,2,0,ctl,ok,0,0,10.9,159.4
mpd,8.0,0,w48-16qam-r1/3,w48,19,1,0,data,ok,18,18,9.3,159.4
mpd,8.0,0,ack-1f,w,2,2,0,ctl,ok,0,0,12.0,159.4
mpd,8.0,0,w48-16qam-r1/3,w48,19,1,0,data,ok,18,18,9.3,159.4
mpd,8.0,0,ack-1f,w,2,2,0,ctl,ok,0,0,11.8,159.4
mpd,8.0,0,w48-16qam-r1/3,w48,19,1,0,data,ok,18,18,8.0,159.4
mpd,8.0,0,ack-1f,w,3,3,0,ctl,ok,0,0,9.6,159.4
mpd,8.0,0,w48-16qam-r1/3,w48,19,2,1,data,ok,17,17,8.6,159.4
mpd,8.0,0,ack-1f,w,2,2,0,ctl,ok,0,0,13.0,159.4
mpd,8.0,0,w48-16qam-r1/3,w48,19,1,0,data,ok,18,18,9.1,159.4
mpd,8.0,0,ack-1f,w,2,2,0,ctl,ok,0,0,12.3,159.4
mpd,8.0,0,w48-16qam-r1/3,w48,19,1,0,data,ok,18,18,10.3,159.4
mpd,8.0,0,ack-1f,w,2,2,0,ctl,ok,0,0,11.0,159.4
mpd,8.0,0,w48-16qam-r1/3,w48,19,1,0,data,ok,18,18,9.3,159.4
mpd,8.0,0,ack-1f,w,2,2,0,ctl,ok,0,0,14.8,159.4
mpd,8.0,0,w48-16qam-r1/3,w48,19,1,0,data,ctl_lost,18,1,7.1,159.4
mpd,8.0,0,ack-4f,w,2,2,0,ctl,ok,0,0,9.4,159.4
mpd,8.0,0,ack-4f,w,3,3,0,ctl,ok,0,0,11.7,159.4
mpd,8.0,0,w48-qpsk-r1/2,w48,19,2,1,data,ok,17,17,8.0,159.4
mpd,8.0,0,ack-1f,w,2,2,0,ctl,ok,0,0,14.1,159.4
mpd,8.0,0,w48-qpsk-r1/2,w48,19,1,0,data,ok,18,18,8.7,159.4
mpd,8.0,0,ack-1f,w,3,3,0,ctl,ok,0,0,12.3,159.4
mpd,8.0,0,w48-16qam-r1/3,w48,19,2,1,data,ok,17,17,9.2,159.4
mpd,8.0,0,ack-1f,w,2,2,0,ctl,ok,0,0,12.8,159.4
mpd,8.0,0,w48-16qam-r1/3,w48,19,1,0,data,ctl_lost,18,0,7.5,159.4
mpd,8.0,0,ack-4f,w,2,2,0,ctl,ok,0,0,9.1,159.4
mpd,8.0,0,ack-4f,w,2,2,0,ctl,ok,0,0,12.4,159.4
mpd,8.0,0,w48-qpsk-r1/2,w48,19,1,0,data,ok,18,18,9.3,159.4
mpd,8.0,0,ack-1f,w,2,2,0,ctl,ok,0,0,8.5,159.4
mpd,8.0,0,w48-qpsk-r1/2,w48,19,1,0,data,ok,18,18,8.9,159.4
mpd,8.0,0,ack-1f,w,2,2,0,ctl,ok,0,0,10.7,159.4
mpd,8.0,0,w48-qpsk-r1/2,w48,19,1,0,data,ok,18,18,8.8,159.4
mpd,8.0,0,ack-1f,w,2,2,0,ctl,ok,0,0,6.9,159.4
mpd,8.0,0,w48-qpsk-r1/2,w48,19,1,0,data,ok,18,18,8.8,159.4
mpd,8.0,0,ack-1f,w,2,2,0,ctl,ok,0,0,12.9,159.4
mpd,8.0,0,w48-qpsk-r1/2,w48,19,1,0,data,ok,18,18,7.6,159.4
mpd,8.0,0,ack-1f,w,2,2,0,ctl,ok,0,0,9.6,159.4
mpd,8.0,0,w48-qpsk-r1/2,w48,19,1,0,data,ok,18,18,10.1,159.4
mpd,8.0,0,ack-1f,w,3,3,0,ctl,ok,0,0,11.2,159.4
mpd,8.0,0,w48-16qam-r1/3,w48,19,2,1,data,ok,17,17,8.3,159.4
mpd,8.0,0,ack-1f,w,3,3,0,ctl,ok,0,0,9.0,159.4
mpd,8.0,0,w48-16qam-r1/3,w48,19,2,1,data,ok,17,17,8.8,159.4
mpd,8.0,0,ack-1f,w,3,3,0,ctl,ok,0,0,10.5,159.4
mpd,8.0,0,w48-16qam-r1/3,w48,19,2,1,data,ok,17,17,10.2,159.4
mpd,8.0,0,ack-1f,w,2,2,0,ctl,ok,0,0,11.3,159.4
mpd,8.0,0,w48-16qam-r1/3,w48,19,1,0,data,ok,18,18,9.4,159.4
mpd,8.0,0,ack-1f,w,2,2,0,ctl,ok,0,0,11.3,159.4
mpd,8.0,0,w48-16qam-r1/3,w48,19,1,0,data,ok,18,18,8.6,159.4
mpd,8.0,2,qpsk-r1/5,w,1,1,0,ctl,ok,0,0,10.1,190.4
mpd,8.0,2,qpsk-r1/5,w,1,1,0,ctl,ok,0,0,12.5,190.4
mpd,8.0,2,ack-4f,w,2,2,0,ctl,ok,0,0,9.8,190.4
mpd,8.0,2,ack-1f,w,2,2,0,ctl,ok,0,0,12.0,190.4
mpd,8.0,2,w48-qpsk-r1/2,w48,19,1,0,data,ok,18,18,8.0,190.4
mpd,8.0,2,ack-1f,w,2,2,0,ctl,ok,0,0,5.4,190.4
mpd,8.0,2,w48-qpsk-r1/2,w48,19,1,0,data,ok,18,18,9.5,190.4
mpd,8.0,2,ack-1f,w,3,3,0,ctl,ok,0,0,7.9,190.4
mpd,8.0,2,w48-16qam-r1/3,w48,19,2,1,data,ok,17,17,9.7,190.4
mpd,8.0,2,ack-1f,w,2,2,0,ctl,ok,0,0,12.1,190.4
mpd,8.0,2,w48-16qam-r1/3,w48,19,1,0,data,ok,18,18,8.7,190.4
mpd,8.0,2,ack-1f,w,3,3,0,ctl,ok,0,0,14.0,190.4
mpd,8.0,2,w48-16qam-r1/3,w48,19,2,1,data,ok,17,17,10.0,190.4
mpd,8.0,2,ack-1f,w,2,2,0,ctl,ok,0,0,9.8,190.4
mpd,8.0,2,w48-16qam-r1/3,w48,19,1,0,data,ok,18,18,8.2,190.4
mpd,8.0,2,ack-1f,w,3,3,0,ctl,ok,0,0,12.8,190.4
mpd,8.0,2,w48-16qam-r1/3,w48,19,2,1,data,ok,17,17,9.4,190.4
mpd,8.0,2,ack-1f,w,2,2,0,ctl,ok,0,0,11.5,190.4
mpd,8.0,2,w48-16qam-r1/3,w48,19,1,0,data,ok,18,18,9.0,190.4
mpd,8.0,2,ack-1f,w,2,2,0,ctl,ok,0,0,8.4,190.4
mpd,8.0,2,w48-16qam-r1/3,w48,19,1,0,data,ok,18,18,9.1,190.4
mpd,8.0,2,ack-1f,w,2,2,0,ctl,ok,0,0,12.2,190.4
mpd,8.0,2,w48-16qam-r1/3,w48,19,1,0,data,ok,18,18,10.5,190.4
mpd,8.0,2,ack-1f,w,2,2,0,ctl,ok,0,0,8.9,190.4
mpd,8.0,2,w48-16qam-r1/3,w48,19,1,0,data,ctl_lost,18,3,7.9,190.4
mpd,8.0,2,ack-4f,w,2,2,0,ctl,ok,0,0,7.8,190.4
mpd,8.0,2,ack-4f,w,3,3,0,ctl,ok,0,0,11.3,190.4
mpd,8.0,2,w48-qpsk-r1/2,w48,19,2,1,data,ok,17,17,10.4,190.4
mpd,8.0,2,ack-1f,w,2,2,0,ctl,ok,0,0,11.0,190.4
mpd,8.0,2,w48-16qam-r1/3,w48,19,1,0,data,ok,18,18,9.1,190.4
mpd,8.0,2,ack-1f,w,3,3,0,ctl,ok,0,0,8.5,190.4
mpd,8.0,2,w48-16qam-r1/3,w48,19,2,1,data,ok,17,17,10.0,190.4
mpd,8.0,2,ack-1f,w,2,2,0,ctl,ok,0,0,10.5,190.4
mpd,8.0,2,w48-16qam-r1/3,w48,19,1,0,data,ok,18,18,8.9,190.4
mpd,8.0,2,ack-1f,w,3,3,0,ctl,ok,0,0,12.4,190.4
mpd,8.0,2,w48-16qam-r1/3,w48,19,2,1,data,ok,17,17,8.7,190.4
mpd,8.0,2,ack-1f,w,3,3,0,ctl,ok,0,0,9.5,190.4
mpd,8.0,2,w48-16qam-r1/3,w48,19,2,1,data,ok,17,17,9.8,190.4
mpd,8.0,2,ack-1f,w,2,2,0,ctl,ok,0,0,9.3,190.4
mpd,8.0,2,w48-16qam-r1/3,w48,19,1,0,data,ok,18,18,9.7,190.4
mpd,8.0,2,ack-1f,w,2,2,0,ctl,ok,0,0,14.2,190.4
mpd,8.0,2,w48-16qam-r1/3,w48,19,1,0,data,ok,18,18,8.4,190.4
mpd,8.0,2,ack-1f,w,3,3,0,ctl,ok,0,0,8.7,190.4
mpd,8.0,2,w48-16qam-r1/3,w48,19,2,1,data,ok,17,17,9.9,190.4
mpd,8.0,2,ack-1f,w,2,2,0,ctl,ok,0,0,13.3,190.4
mpd,8.0,2,w48-16qam-r1/3,w48,19,1,0,data,ok,18,18,8.7,190.4
mpd,8.0,2,ack-1f,w,2,2,0,ctl,ok,0,0,12.0,190.4
mpd,8.0,2,w48-16qam-r1/3,w48,19,1,0,data,ok,18,18,9.7,190.4
mpd,8.0,2,ack-1f,w,2,2,0,ctl,ok,0,0,10.5,190.4
mpd,8.0,2,w48-16qam-r1/3,w48,19,1,0,data,ok,18,18,8.3,190.4
mpd,8.0,2,ack-1f,w,3,3,0,ctl,ok,0,0,10.0,190.4
mpd,8.0,2,w48-16qam-r1/3,w48,19,2,1,data,ok,17,17,9.7,190.4
mpd,8.0,2,ack-1f,w,2,2,0,ctl,ok,0,0,10.8,190.4
mpd,8.0,2,w48-16qam-r1/3,w48,19,1,0,data,ok,18,10,7.7,190.4
mpd,8.0,2,ack-1f,w,4,4,0,ctl,ok,0,0,14.2,190.4
mpd,8.0,2,w48-16qam-r1/3,w48,19,2,1,data,ok,9,9,9.1,190.4
mpd,8.0,2,ack-1f,w,2,2,0,ctl,ok,0,0,12.5,190.4
mpd,8.0,2,w48-16qam-r1/3,w48,19,1,0,data,ok,18,18,9.4,190.4
mpd,8.0,2,ack-1f,w,2,2,0,ctl,ok,0,0,11.3,190.4
mpd,8.0,2,w48-16qam-r1/3,w48,19,1,0,data,ok,18,18,9.8,190.4
mpd,8.0,2,ack-1f,w,2,2,0,ctl,ok,0,0,8.5,190.4
mpd,8.0,2,w48-16qam-r1/3,w48,19,1,0,data,ok,18,18,8.2,190.4
mpd,8.0,2,ack-1f,w,2,2,0,ctl,ok,0,0,10.2,190.4
mpd,8.0,2,w48-16qam-r1/3,w48,19,1,0,data,ok,18,18,9.8,190.4
mpd,8.0,2,ack-1f,w,2,2,0,ctl,ok,0,0,10.3,190.4
mpd,8.0,2,w48-16qam-r1/3,w48,19,1,0,data,ok,18,18,10.0,190.4
mpd,8.0,2,ack-1f,w,2,2,0,ctl,ok,0,0,9.8,190.4
mpd,8.0,2,w48-16qam-r1/3,w48,19,1,0,data,ok,18,18,9.4,190.4
mpd,8.0,2,ack-1f,w,2,2,0,ctl,ok,0,0,10.2,190.4
mpd,8.0,2,w48-16qam-r1/3,w48,19,1,0,data,ok,18,18,8.1,190.4
mpd,8.0,2,ack-1f,w,2,2,0,ctl,ok,0,0,7.6,190.4
mpd,8.0,2,w48-16qam-r1/3,w48,19,1,0,data,ok,18,18,8.7,190.4
mpd,8.0,2,ack-1f,w,2,2,0,ctl,ok,0,0,13.0,190.4
mpd,8.0,2,w48-16qam-r1/3,w48,19,1,0,data,ok,18,18,8.0,190.4
mpd,8.0,2,ack-1f,w,2,2,0,ctl,ok,0,0,8.9,190.4
mpd,8.0,2,w48-16qam-r1/3,w48,19,1,0,data,ok,18,14,7.8,190.4
mpd,8.0,2,ack-1f,w,4,4,0,ctl,ok,0,0,9.8,190.4
mpd,8.0,2,w48-16qam-r1/3,w48,19,2,1,data,ok,13,12,7.7,190.4
mpd,8.0,2,ack-1f,w,3,3,0,ctl,ok,0,0,11.7,190.4
mpd,8.0,2,w48-16qam-r1/3,w48,19,2,1,data,ok,16,16,9.0,190.4
mpd,8.0,2,ack-1f,w,2,2,0,ctl,ok,0,0,5.3,190.4
mpd,8.0,2,w48-16qam-r1/3,w48,19,1,0,data,ok,18,18,9.7,190.4
mpd,8.0,2,ack-1f,w,2,2,0,ctl,ok,0,0,10.2,190.4
mpd,8.0,2,w48-16qam-r1/3,w48,19,1,0,data,ok,18,18,8.1,190.4
mpd,8.0,2,ack-1f,w,2,2,0,ctl,ok,0,0,10.5,190.4
mpd,8.0,2,w48-16qam-r1/3,w48,19,1,0,data,ok,18,18,8.5,190.4
mpd,8.0,2,ack-1f,w,2,2,0,ctl,ok,0,0,10.0,190.4
mpd,8.0,2,w48-16qam-r1/3,w48,19,1,0,data,ok,18,18,8.1,190.4
mpd,8.0,2,ack-1f,w,2,2,0,ctl,ok,0,0,11.2,190.4
mpd,8.0,2,w48-16qam-r1/3,w48,19,1,0,data,ok,18,18,9.2,190.4
mpd,8.0,2,ack-1f,w,2,2,0,ctl,ok,0,0,11.8,190.4
mpd,8.0,2,w48-16qam-r1/3,w48,19,1,0,data,ok,18,18,9.5,190.4
mpd,8.0,2,ack-1f,w,2,2,0,ctl,ok,0,0,11.0,190.4
mpd,8.0,2,w48-16qam-r1/3,w48,19,1,0,data,ok,18,18,8.4,190.4
mpd,8.0,7,qpsk-r1/5,w,1,1,0,ctl,ok,0,0,13.4,150.9
mpd,8.0,7,qpsk-r1/5,w,1,1,0,ctl,ok,0,0,14.3,150.9
mpd,8.0,7,ack-4f,w,2,2,0,ctl,ok,0,0,10.3,150.9
mpd,8.0,7,ack-1f,w,3,3,0,ctl,ok,0,0,12.2,150.9
mpd,8.0,7,w48-16qam-r1/3,w48,19,2,1,data,ok,17,17,9.5,150.9
mpd,8.0,7,ack-1f,w,3,3,0,ctl,ok,0,0,13.2,150.9
mpd,8.0,7,w48-16qam-r1/3,w48,19,2,1,data,ok,17,17,9.1,150.9
mpd,8.0,7,ack-1f,w,3,3,0,ctl,ok,0,0,10.0,150.9
mpd,8.0,7,w48-16qam-r1/3,w48,19,2,1,data,ok,17,17,9.1,150.9
mpd,8.0,7,ack-1f,w,3,3,0,ctl,ok,0,0,13.6,150.9
mpd,8.0,7,w48-16qam-r1/3,w48,19,2,1,data,ok,17,14,8.0,150.9
mpd,8.0,7,ack-1f,w,4,4,0,ctl,ok,0,0,11.0,150.9
mpd,8.0,7,w48-16qam-r1/3,w48,19,2,1,data,ok,14,14,8.8,150.9
mpd,8.0,7,ack-1f,w,3,3,0,ctl,ok,0,0,11.8,150.9
mpd,8.0,7,w48-16qam-r1/3,w48,19,2,1,data,ok,17,17,8.8,150.9
mpd,8.0,7,ack-1f,w,2,2,0,ctl,ok,0,0,12.1,150.9
mpd,8.0,7,w48-16qam-r1/3,w48,19,1,0,data,ok,18,18,8.3,150.9
mpd,8.0,7,ack-1f,w,3,3,0,ctl,ok,0,0,9.9,150.9
mpd,8.0,7,w48-16qam-r1/3,w48,19,2,1,data,ok,17,17,9.4,150.9
mpd,8.0,7,ack-1f,w,2,2,0,ctl,ok,0,0,12.3,150.9
mpd,8.0,7,w48-16qam-r1/3,w48,19,1,0,data,ok,18,18,9.5,150.9
mpd,8.0,7,ack-1f,w,2,2,0,ctl,ok,0,0,12.6,150.9
mpd,8.0,7,w48-16qam-r1/3,w48,19,1,0,data,ok,18,18,9.2,150.9
mpd,8.0,7,ack-1f,w,2,2,0,ctl,ok,0,0,9.4,150.9
mpd,8.0,7,w48-16qam-r1/3,w48,19,1,0,data,ctl_lost,18,5,7.3,150.9
mpd,8.0,7,ack-4f,w,2,2,0,ctl,ok,0,0,7.9,150.9
mpd,8.0,7,ack-4f,w,3,3,0,ctl,ok,0,0,11.6,150.9
mpd,8.0,7,w48-qpsk-r1/2,w48,19,2,1,data,ok,17,17,9.1,150.9
mpd,8.0,7,ack-1f,w,3,3,0,ctl,ok,0,0,9.2,150.9
mpd,8.0,7,w48-16qam-r1/3,w48,19,2,1,data,ok,17,17,10.2,150.9
mpd,8.0,7,ack-1f,w,2,2,0,ctl,ok,0,0,8.8,150.9
mpd,8.0,7,w48-16qam-r1/3,w48,19,1,0,data,ok,18,18,9.0,150.9
mpd,8.0,7,ack-1f,w,2,2,0,ctl,ok,0,0,7.2,150.9
mpd,8.0,7,w48-16qam-r1/3,w48,19,1,0,data,ok,18,18,10.0,150.9
mpd,8.0,7,ack-1f,w,2,2,0,ctl,ok,0,0,10.9,150.9
mpd,8.0,7,w48-16qam-r1/3,w48,19,1,0,data,ctl_lost,18,6,7.6,150.9
mpd,8.0,7,ack-4f,w,2,2,0,ctl,ok,0,0,11.9,150.9
mpd,8.0,7,ack-4f,w,2,2,0,ctl,ok,0,0,10.7,150.9
mpd,8.0,7,w48-qpsk-r1/2,w48,19,1,0,data,ok,18,18,10.6,150.9
mpd,8.0,7,ack-1f,w,2,2,0,ctl,ok,0,0,10.3,150.9
mpd,8.0,7,w48-16qam-r1/3,w48,19,1,0,data,ctl_lost,18,5,7.8,150.9
mpd,8.0,7,ack-4f,w,3,3,0,ctl,ok,0,0,10.6,150.9
mpd,8.0,7,ack-4f,w,2,2,0,ctl,ok,0,0,11.4,150.9
mpd,8.0,7,w48-qpsk-r1/2,w48,19,1,0,data,ok,18,18,7.9,150.9
mpd,8.0,7,ack-1f,w,2,2,0,ctl,ok,0,0,9.0,150.9
mpd,8.0,7,w48-qpsk-r1/2,w48,19,1,0,data,ok,18,18,10.5,150.9
mpd,8.0,7,ack-1f,w,2,2,0,ctl,ok,0,0,12.1,150.9
mpd,8.0,7,w48-qpsk-r1/2,w48,19,1,0,data,ok,18,18,9.0,150.9
mpd,8.0,7,ack-1f,w,2,2,0,ctl,ok,0,0,14.8,150.9
mpd,8.0,7,w48-qpsk-r1/2,w48,19,1,0,data,ok,18,18,9.7,150.9
mpd,8.0,7,ack-1f,w,2,2,0,ctl,ok,0,0,9.9,150.9
mpd,8.0,7,w48-qpsk-r1/2,w48,19,1,0,data,ok,18,18,9.5,150.9
mpd,8.0,7,ack-1f,w,2,2,0,ctl,ok,0,0,13.1,150.9
mpd,8.0,7,w48-qpsk-r1/2,w48,19,1,0,data,ok,18,18,8.1,150.9
mpd,8.0,7,ack-1f,w,2,2,0,ctl,ok,0,0,7.6,150.9
mpd,8.0,7,w48-qpsk-r1/2,w48,19,1,0,data,ok,18,18,8.2,150.9
mpd,8.0,7,ack-1f,w,2,2,0,ctl,ok,0,0,10.7,150.9
mpd,8.0,7,w48-qpsk-r1/2,w48,19,1,0,data,ok,18,18,9.3,150.9
mpd,8.0,7,ack-1f,w,2,2,0,ctl,ok,0,0,11.8,150.9
mpd,8.0,7,w48-qpsk-r1/2,w48,19,1,0,data,ok,18,18,9.4,150.9
mpd,8.0,7,ack-1f,w,2,2,0,ctl,ok,0,0,9.4,150.9
mpd,8.0,7,w48-qpsk-r1/2,w48,19,1,0,data,ok,18,18,9.6,150.9
mpd,8.0,7,ack-1f,w,2,2,0,ctl,ok,0,0,12.5,150.9
mpd,8.0,7,w48-qpsk-r1/2,w48,19,1,0,data,ok,18,18,8.3,150.9
mpd,8.0,7,ack-1f,w,2,2,0,ctl,ok,0,0,9.3,150.9
mpd,8.0,7,w48-qpsk-r1/2,w48,19,1,0,data,ok,18,18,9.4,150.9
mpd,8.0,7,ack-1f,w,2,2,0,ctl,ok,0,0,6.0,150.9
mpd,8.0,7,w48-qpsk-r1/2,w48,19,1,0,data,ok,18,18,9.6,150.9
mpd,8.0,7,ack-1f,w,2,2,0,ctl,ok,0,0,8.3,150.9
mpd,8.0,7,w48-qpsk-r1/2,w48,19,1,0,data,ok,18,18,9.6,150.9
mpd,8.0,7,ack-1f,w,2,2,0,ctl,ok,0,0,11.5,150.9
mpd,8.0,7,w48-qpsk-r1/2,w48,19,1,0,data,ok,18,18,8.2,150.9
mpd,8.0,7,ack-1f,w,2,2,0,ctl,ok,0,0,12.2,150.9
mpd,8.0,7,w48-qpsk-r1/2,w48,19,1,0,data,ok,18,18,9.6,150.9
mpd,8.0,7,ack-1f,w,2,2,0,ctl,ok,0,0,10.8,150.9
mpd,8.0,7,w48-qpsk-r1/2,w48,19,1,0,data,ok,18,18,8.3,150.9
mpd,8.0,7,ack-1f,w,2,2,0,ctl,ok,0,0,10.8,150.9
mpd,8.0,7,w48-qpsk-r1/2,w48,19,1,0,data,ok,18,18,10.4,150.9
mpd,8.0,7,ack-1f,w,2,2,0,ctl,ok,0,0,10.3,150.9
mpd,8.0,7,w48-qpsk-r1/2,w48,19,1,0,data,ok,18,18,8.5,150.9
mpd,8.0,7,ack-1f,w,2,2,0,ctl,ok,0,0,11.9,150.9
mpd,8.0,7,w48-qpsk-r1/2,w48,19,1,0,data,ok,18,18,8.0,150.9
mpd,8.0,7,ack-1f,w,2,2,0,ctl,ok,0,0,7.8,150.9
mpd,8.0,7,w48-qpsk-r1/2,w48,19,1,0,data,ok,18,18,8.8,150.9
mpd,8.0,7,ack-1f,w,2,2,0,ctl,ok,0,0,4.1,150.9
mpd,8.0,7,w48-qpsk-r1/2,w48,19,1,0,data,ok,18,18,9.5,150.9
mpd,8.0,7,ack-1f,w,2,2,0,ctl,ok,0,0,10.1,150.9
mpd,8.0,7,w48-qpsk-r1/2,w48,19,1,0,data,ok,18,18,8.8,150.9
mpd,8.0,7,ack-1f,w,2,2,0,ctl,ok,0,0,11.2,150.9
mpd,8.0,7,w48-qpsk-r1/2,w48,19,1,0,data,ok,18,18,8.1,150.9
mpd,8.0,7,ack-1f,w,2,2,0,ctl,ok,0,0,10.3,150.9
mpd,8.0,7,w48-qpsk-r1/2,w48,19,1,0,data,ok,18,18,9.3,150.9
mpd,8.0,7,ack-1f,w,2,2,0,ctl,ok,0,0,10.4,150.9
mpd,8.0,7,w48-qpsk-r1/2,w48,19,1,0,data,ok,18,18,7.8,150.9
mpd,8.0,4,qpsk-r1/5,w,1,1,0,ctl,ok,0,0,11.7,180.2
mpd,8.0,4,qpsk-r1/5,w,1,1,0,ctl,ok,0,0,13.3,180.2
mpd,8.0,4,ack-4f,w,2,2,0,ctl,ok,0,0,10.7,180.2
mpd,8.0,4,ack-1f,w,3,3,0,ctl,ok,0,0,10.2,180.2
mpd,8.0,4,w48-16qam-r1/3,w48,19,2,1,data,ok,17,2,7.7,180.2
mpd,8.0,4,ack-1f,w,4,4,0,ctl,ok,0,0,12.5,180.2
mpd,8.0,4,w48-qpsk-r1/2,w48,19,2,1,data,ok,17,17,9.0,180.2
mpd,8.0,4,ack-1f,w,2,2,0,ctl,ok,0,0,11.6,180.2
mpd,8.0,4,w48-qpsk-r1/2,w48,19,1,0,data,ok,18,18,10.4,180.2
mpd,8.0,4,ack-1f,w,2,2,0,ctl,ok,0,0,12.4,180.2
mpd,8.0,4,w48-16qam-r1/3,w48,19,1,0,data,ok,18,18,9.6,180.2
mpd,8.0,4,ack-1f,w,2,2,0,ctl,ok,0,0,9.3,180.2
mpd,8.0,4,w48-16qam-r1/3,w48,19,1,0,data,ok,18,18,9.4,180.2
mpd,8.0,4,ack-1f,w,2,2,0,ctl,ok,0,0,5.9,180.2
mpd,8.0,4,w48-16qam-r1/3,w48,19,1,0,data,ok,18,15,8.1,180.2
mpd,8.0,4,ack-1f,w,4,4,0,ctl,ok,0,0,12.0,180.2
mpd,8.0,4,w48-16qam-r1/3,w48,19,2,1,data,ok,14,1,7.7,180.2
mpd,8.0,4,ack-1f,w,3,3,0,ctl,ok,0,0,9.6,180.2
mpd,8.0,4,w48-qpsk-r1/2,w48,19,1,0,data,ok,18,18,9.7,180.2
mpd,8.0,4,ack-1f,w,2,2,0,ctl,ok,0,0,10.3,180.2
mpd,8.0,4,w48-16qam-r1/3,w48,19,1,0,data,ok,18,18,9.6,180.2
mpd,8.0,4,ack-1f,w,2,2,0,ctl,ok,0,0,11.1,180.2
mpd,8.0,4,w48-16qam-r1/3,w48,19,1,0,data,ok,18,18,9.4,180.2
mpd,8.0,4,ack-1f,w,2,2,0,ctl,ok,0,0,11.9,180.2
mpd,8.0,4,w48-16qam-r1/3,w48,19,1,0,data,ok,18,18,9.0,180.2
mpd,8.0,4,ack-1f,w,2,2,0,ctl,ok,0,0,13.2,180.2
mpd,8.0,4,w48-16qam-r1/3,w48,19,1,0,data,ok,18,18,8.0,180.2
mpd,8.0,4,ack-1f,w,2,2,0,ctl,ok,0,0,12.1,180.2
mpd,8.0,4,w48-qpsk-r1/2,w48,19,1,0,data,ok,18,18,8.4,180.2
mpd,8.0,4,ack-1f,w,2,2,0,ctl,ok,0,0,14.1,180.2
mpd,8.0,4,w48-qpsk-r1/2,w48,19,1,0,data,ok,18,18,8.2,180.2
mpd,8.0,4,ack-1f,w,2,2,0,ctl,ok,0,0,12.2,180.2
mpd,8.0,4,w48-qpsk-r1/2,w48,19,1,0,data,ok,18,18,7.5,180.2
mpd,8.0,4,ack-1f,w,2,2,0,ctl,ok,0,0,10.8,180.2
mpd,8.0,4,w48-qpsk-r1/2,w48,19,1,0,data,ok,18,18,8.2,180.2
mpd,8.0,4,ack-1f,w,2,2,0,ctl,ok,0,0,8.8,180.2
mpd,8.0,4,w48-qpsk-r1/2,w48,19,1,0,data,ok,18,18,10.8,180.2
mpd,8.0,4,ack-1f,w,2,2,0,ctl,ok,0,0,12.9,180.2
mpd,8.0,4,w48-16qam-r1/3,w48,19,1,0,data,ok,18,18,9.4,180.2
mpd,8.0,4,ack-1f,w,2,2,0,ctl,ok,0,0,10.2,180.2
mpd,8.0,4,w48-16qam-r1/3,w48,19,1,0,data,ok,18,18,8.5,180.2
mpd,8.0,4,ack-1f,w,3,3,0,ctl,ok,0,0,9.0,180.2
mpd,8.0,4,w48-16qam-r1/3,w48,19,2,1,data,ok,17,17,8.9,180.2
mpd,8.0,4,ack-1f,w,3,3,0,ctl,ok,0,0,12.6,180.2
mpd,8.0,4,w48-16qam-r1/3,w48,19,2,1,data,ok,17,17,9.9,180.2
mpd,8.0,4,ack-1f,w,2,2,0,ctl,ok,0,0,11.6,180.2
mpd,8.0,4,w48-16qam-r1/3,w48,19,1,0,data,ok,18,18,9.3,180.2
mpd,8.0,4,ack-1f,w,2,2,0,ctl,ok,0,0,11.2,180.2
mpd,8.0,4,w48-16qam-r1/3,w48,19,1,0,data,ok,18,18,9.3,180.2
mpd,8.0,4,ack-1f,w,2,2,0,ctl,ok,0,0,11.2,180.2
mpd,8.0,4,w48-16qam-r1/3,w48,19,1,0,data,ok,18,18,9.0,180.2
mpd,8.0,4,ack-1f,w,2,2,0,ctl,ok,0,0,12.2,180.2
mpd,8.0,4,w48-16qam-r1/3,w48,19,1,0,data,ok,18,18,9.1,180.2
mpd,8.0,4,ack-1f,w,2,2,0,ctl,ok,0,0,12.5,180.2
mpd,8.0,4,w48-16qam-r1/3,w48,19,1,0,data,ok,18,18,9.5,180.2
mpd,8.0,4,ack-1f,w,2,2,0,ctl,ok,0,0,5.6,180.2
mpd,8.0,4,w48-16qam-r1/3,w48,19,1,0,data,ok,18,18,8.2,180.2
mpd,8.0,4,ack-1f,w,2,2,0,ctl,ok,0,0,11.2,180.2
mpd,8.0,4,w48-16qam-r1/3,w48,19,1,0,data,ok,18,18,8.7,180.2
mpd,8.0,4,ack-1f,w,2,2,0,ctl,ok,0,0,10.3,180.2
mpd,8.0,4,w48-16qam-r1/3,w48,19,1,0,data,ok,18,18,9.3,180.2
mpd,8.0,4,ack-1f,w,2,2,0,ctl,ok,0,0,11.5,180.2
mpd,8.0,4,w48-16qam-r1/3,w48,19,1,0,data,ok,18,18,9.9,180.2
mpd,8.0,4,ack-1f,w,2,2,0,ctl,ok,0,0,8.6,180.2
mpd,8.0,4,w48-16qam-r1/3,w48,19,1,0,data,ok,18,18,7.9,180.2
mpd,8.0,4,ack-1f,w,2,2,0,ctl,ok,0,0,8.3,180.2
mpd,8.0,4,w48-16qam-r1/3,w48,19,1,0,data,ok,18,18,8.5,180.2
mpd,8.0,4,ack-1f,w,2,2,0,ctl,ok,0,0,6.7,180.2
mpd,8.0,4,w48-16qam-r1/3,w48,19,1,0,data,ok,18,18,10.3,180.2
mpd,8.0,4,ack-1f,w,2,2,0,ctl,ok,0,0,12.6,180.2
mpd,8.0,4,w48-16qam-r1/3,w48,19,1,0,data,ok,18,18,9.4,180.2
mpd,8.0,4,ack-1f,w,2,2,0,ctl,ok,0,0,13.5,180.2
mpd,8.0,4,w48-16qam-r1/3,w48,19,1,0,data,ok,18,18,9.2,180.2
mpd,8.0,4,ack-1f,w,2,2,0,ctl,ok,0,0,9.0,180.2
mpd,8.0,4,w48-16qam-r1/3,w48,19,1,0,data,ok,18,18,8.2,180.2
mpd,8.0,4,ack-1f,w,2,2,0,ctl,ok,0,0,13.8,180.2
mpd,8.0,4,w48-16qam-r1/3,w48,19,1,0,data,ok,18,18,8.9,180.2
mpd,8.0,4,ack-1f,w,2,2,0,ctl,ok,0,0,10.5,180.2
mpd,8.0,4,w48-16qam-r1/3,w48,19,1,0,data,ok,18,17,8.1,180.2
mpd,8.0,4,ack-1f,w,3,3,0,ctl,ok,0,0,10.0,180.2
mpd,8.0,4,w48-16qam-r1/3,w48,19,1,0,data,ok,17,17,8.7,180.2
mpd,8.0,4,ack-1f,w,2,2,0,ctl,ok,0,0,11.8,180.2
mpd,8.0,4,w48-16qam-r1/3,w48,19,1,0,data,ok,18,18,9.7,180.2
mpd,8.0,4,ack-1f,w,2,2,0,ctl,ok,0,0,8.3,180.2
mpd,8.0,4,w48-16qam-r1/3,w48,19,1,0,data,ok,18,18,8.2,180.2
mpd,8.0,4,ack-1f,w,2,2,0,ctl,ok,0,0,7.0,180.2
mpd,8.0,4,w48-16qam-r1/3,w48,19,1,0,data,ctl_lost,18,7,8.4,180.2
mpd,8.0,4,ack-4f,w,3,3,0,ctl,ok,0,0,11.1,180.2
mpd,8.0,4,ack-4f,w,2,2,0,ctl,ok,0,0,9.5,180.2
mpd,8.0,4,w48-16qam-r1/3,w48,19,1,0,data,ok,18,18,9.7,180.2
mpd,8.0,4,ack-1f,w,2,2,0,ctl,ok,0,0,3.1,180.2
mpd,8.0,4,w48-16qam-r1/3,w48,19,1,0,data,ok,18,18,8.9,180.2
mpd,8.0,4,ack-1f,w,2,2,0,ctl,ok,0,0,10.5,180.2
mpd,8.0,4,w48-16qam-r1/3,w48,19,1,0,data,ok,18,18,8.3,180.2
mpd,8.0,5,qpsk-r1/5,w,1,1,0,ctl,ok,0,0,9.8,181.1
mpd,8.0,5,qpsk-r1/5,w,1,1,0,ctl,ok,0,0,11.2,181.1
mpd,8.0,5,ack-4f,w,2,2,0,ctl,ok,0,0,9.7,181.1
mpd,8.0,5,ack-1f,w,2,2,0,ctl,ok,0,0,7.8,181.1
mpd,8.0,5,w48-qpsk-r1/2,w48,19,1,0,data,ok,18,18,9.4,181.1
mpd,8.0,5,ack-1f,w,3,3,0,ctl,ok,0,0,11.9,181.1
mpd,8.0,5,w48-16qam-r1/3,w48,19,2,1,data,ok,17,17,9.6,181.1
mpd,8.0,5,ack-1f,w,2,2,0,ctl,ok,0,0,7.8,181.1
mpd,8.0,5,w48-16qam-r1/3,w48,19,1,0,data,ok,18,18,8.3,181.1
mpd,8.0,5,ack-1f,w,3,3,0,ctl,ok,0,0,11.1,181.1
mpd,8.0,5,w48-16qam-r1/3,w48,19,2,1,data,ok,17,17,8.0,181.1
mpd,8.0,5,ack-1f,w,2,2,0,ctl,ok,0,0,11.0,181.1
mpd,8.0,5,w48-qpsk-r1/2,w48,19,1,0,data,ok,18,18,8.8,181.1
mpd,8.0,5,ack-1f,w,3,3,0,ctl,ok,0,0,13.0,181.1
mpd,8.0,5,w48-16qam-r1/3,w48,19,2,1,data,ok,17,17,8.6,181.1
mpd,8.0,5,ack-1f,w,3,3,0,ctl,ok,0,0,12.3,181.1
mpd,8.0,5,w48-16qam-r1/3,w48,19,2,1,data,ok,17,17,9.1,181.1
mpd,8.0,5,ack-1f,w,3,3,0,ctl,ok,0,0,9.9,181.1
mpd,8.0,5,w48-16qam-r1/3,w48,19,2,1,data,ok,17,17,9.7,181.1
mpd,8.0,5,ack-1f,w,2,2,0,ctl,ok,0,0,10.7,181.1
mpd,8.0,5,w48-16qam-r1/3,w48,19,1,0,data,ok,18,18,8.3,181.1
mpd,8.0,5,ack-1f,w,3,3,0,ctl,ok,0,0,11.4,181.1
mpd,8.0,5,w48-16qam-r1/3,w48,19,2,1,data,ok,17,17,8.6,181.1
mpd,8.0,5,ack-1f,w,3,3,0,ctl,ok,0,0,10.5,181.1
mpd,8.0,5,w48-16qam-r1/3,w48,19,2,1,data,ok,17,17,8.7,181.1
mpd,8.0,5,ack-1f,w,2,2,0,ctl,ok,0,0,9.6,181.1
mpd,8.0,5,w48-16qam-r1/3,w48,19,1,0,data,ok,18,18,8.3,181.1
mpd,8.0,5,ack-1f,w,3,3,0,ctl,ok,0,0,11.7,181.1
mpd,8.0,5,w48-16qam-r1/3,w48,19,2,1,data,ok,17,17,9.0,181.1
mpd,8.0,5,ack-1f,w,2,2,0,ctl,ok,0,0,14.5,181.1
mpd,8.0,5,w48-16qam-r1/3,w48,19,1,0,data,ok,18,18,10.4,181.1
mpd,8.0,5,ack-1f,w,2,2,0,ctl,ok,0,0,6.4,181.1
mpd,8.0,5,w48-16qam-r1/3,w48,19,1,0,data,ok,18,18,9.7,181.1
mpd,8.0,5,ack-1f,w,2,2,0,ctl,ok,0,0,10.0,181.1
mpd,8.0,5,w48-16qam-r1/3,w48,19,1,0,data,ok,18,18,7.9,181.1
mpd,8.0,5,ack-1f,w,2,2,0,ctl,ok,0,0,8.9,181.1
mpd,8.0,5,w48-16qam-r1/3,w48,19,1,0,data,ok,18,18,9.9,181.1
mpd,8.0,5,ack-1f,w,2,2,0,ctl,ok,0,0,8.7,181.1
mpd,8.0,5,w48-16qam-r1/3,w48,19,1,0,data,ok,18,18,8.7,181.1
mpd,8.0,5,ack-1f,w,2,2,0,ctl,ok,0,0,11.4,181.1
mpd,8.0,5,w48-16qam-r1/3,w48,19,1,0,data,ok,18,18,9.6,181.1
mpd,8.0,5,ack-1f,w,2,2,0,ctl,ok,0,0,13.5,181.1
mpd,8.0,5,w48-16qam-r1/3,w48,19,1,0,data,ok,18,18,9.2,181.1
mpd,8.0,5,ack-1f,w,2,2,0,ctl,ok,0,0,11.5,181.1
mpd,8.0,5,w48-16qam-r1/3,w48,19,1,0,data,ok,18,18,9.7,181.1
mpd,8.0,5,ack-1f,w,2,2,0,ctl,ok,0,0,13.6,181.1
mpd,8.0,5,w48-16qam-r1/3,w48,19,1,0,data,ok,18,18,9.6,181.1
mpd,8.0,5,ack-1f,w,2,2,0,ctl,ok,0,0,11.2,181.1
mpd,8.0,5,w48-16qam-r1/3,w48,19,1,0,data,ok,18,18,9.7,181.1
mpd,8.0,5,ack-1f,w,2,2,0,ctl,ok,0,0,6.3,181.1
mpd,8.0,5,w48-16qam-r1/3,w48,19,1,0,data,ok,18,18,8.2,181.1
mpd,8.0,5,ack-1f,w,2,2,0,ctl,ok,0,0,8.8,181.1
mpd,8.0,5,w48-16qam-r1/3,w48,19,1,0,data,ok,18,18,9.3,181.1
mpd,8.0,5,ack-1f,w,2,2,0,ctl,ok,0,0,8.1,181.1
mpd,8.0,5,w48-16qam-r1/3,w48,19,1,0,data,ok,18,18,8.4,181.1
mpd,8.0,5,ack-1f,w,2,2,0,ctl,ok,0,0,9.6,181.1
mpd,8.0,5,w48-16qam-r1/3,w48,19,1,0,data,ctl_lost,18,0,7.1,181.1
mpd,8.0,5,ack-4f,w,2,2,0,ctl,ok,0,0,10.5,181.1
mpd,8.0,5,ack-4f,w,3,3,0,ctl,ok,0,0,12.0,181.1
mpd,8.0,5,w48-16qam-r1/3,w48,19,2,1,data,ok,17,17,8.8,181.1
mpd,8.0,5,ack-1f,w,3,3,0,ctl,ok,0,0,11.5,181.1
mpd,8.0,5,w48-16qam-r1/3,w48,19,2,1,data,ok,17,17,9.4,181.1
mpd,8.0,5,ack-1f,w,2,2,0,ctl,ok,0,0,10.0,181.1
mpd,8.0,5,w48-16qam-r1/3,w48,19,1,0,data,ok,18,18,9.3,181.1
mpd,8.0,5,ack-1f,w,2,2,0,ctl,ok,0,0,11.4,181.1
mpd,8.0,5,w48-16qam-r1/3,w48,19,1,0,data,ok,18,18,8.4,181.1
mpd,8.0,5,ack-1f,w,2,2,0,ctl,ok,0,0,7.5,181.1
mpd,8.0,5,w48-16qam-r1/3,w48,19,1,0,data,ok,18,15,8.2,181.1
mpd,8.0,5,ack-1f,w,4,4,0,ctl,ok,0,0,13.9,181.1
mpd,8.0,5,w48-16qam-r1/3,w48,19,2,1,data,ok,14,14,9.3,181.1
mpd,8.0,5,ack-1f,w,2,2,0,ctl,ok,0,0,12.9,181.1
mpd,8.0,5,w48-16qam-r1/3,w48,19,1,0,data,ok,18,18,9.4,181.1
mpd,8.0,5,ack-1f,w,2,2,0,ctl,ok,0,0,11.2,181.1
mpd,8.0,5,w48-16qam-r1/3,w48,19,1,0,data,ok,18,18,8.1,181.1
mpd,8.0,5,ack-1f,w,2,2,0,ctl,ok,0,0,10.5,181.1
mpd,8.0,5,w48-16qam-r1/3,w48,19,1,0,data,ok,18,18,8.9,181.1
mpd,8.0,5,ack-1f,w,2,2,0,ctl,ok,0,0,12.8,181.1
mpd,8.0,5,w48-16qam-r1/3,w48,19,1,0,data,ok,18,18,9.0,181.1
mpd,8.0,5,ack-1f,w,2,2,0,ctl,ok,0,0,9.3,181.1
mpd,8.0,5,w48-16qam-r1/3,w48,19,1,0,data,ok,18,18,9.2,181.1
mpd,8.0,5,ack-1f,w,2,2,0,ctl,ok,0,0,9.0,181.1
mpd,8.0,5,w48-16qam-r1/3,w48,19,1,0,data,ok,18,18,8.4,181.1
mpd,8.0,5,ack-1f,w,2,2,0,ctl,ok,0,0,13.0,181.1
mpd,8.0,5,w48-16qam-r1/3,w48,19,1,0,data,ok,18,18,9.3,181.1
mpd,8.0,5,ack-1f,w,2,2,0,ctl,ok,0,0,11.6,181.1
mpd,8.0,5,w48-16qam-r1/3,w48,19,1,0,data,ctl_lost,18,2,7.8,181.1
mpd,8.0,5,ack-4f,w,3,3,0,ctl,ok,0,0,8.1,181.1
mpd,8.0,5,ack-4f,w,3,3,0,ctl,ok,0,0,11.6,181.1
mpd,8.0,5,w48-qpsk-r1/2,w48,19,2,1,data,ok,17,17,9.6,181.1
mpd,8.0,5,ack-1f,w,2,2,0,ctl,ok,0,0,12.1,181.1
mpd,8.0,5,w48-16qam-r1/3,w48,19,1,0,data,ok,18,17,8.1,181.1
mpd,8.0,5,ack-1f,w,3,3,0,ctl,ok,0,0,11.6,181.1
mpd,8.0,5,w48-16qam-r1/3,w48,19,2,1,data,ok,16,16,8.5,181.1
mpd,8.0,1,qpsk-r1/5,w,1,1,0,ctl,ok,0,0,10.0,168.7
mpd,8.0,1,qpsk-r1/5,w,1,1,0,ctl,ok,0,0,10.9,168.7
mpd,8.0,1,ack-4f,w,3,3,0,ctl,ok,0,0,12.1,168.7
mpd,8.0,1,ack-1f,w,3,3,0,ctl,ok,0,0,7.5,168.7
mpd,8.0,1,w48-16qam-r1/3,w48,19,2,1,data,ok,17,17,8.1,168.7
mpd,8.0,1,ack-1f,w,2,2,0,ctl,ok,0,0,3.2,168.7
mpd,8.0,1,w48-qpsk-r1/2,w48,19,1,0,data,ok,18,18,9.3,168.7
mpd,8.0,1,ack-1f,w,3,3,0,ctl,ok,0,0,9.4,168.7
mpd,8.0,1,w48-16qam-r1/3,w48,19,2,1,data,ok,17,17,9.3,168.7
mpd,8.0,1,ack-1f,w,3,3,0,ctl,ok,0,0,10.2,168.7
mpd,8.0,1,w48-16qam-r1/3,w48,19,2,1,data,ok,17,17,8.4,168.7
mpd,8.0,1,ack-1f,w,3,3,0,ctl,ok,0,0,10.4,168.7
mpd,8.0,1,w48-16qam-r1/3,w48,19,2,1,data,ok,17,17,8.7,168.7
mpd,8.0,1,ack-1f,w,3,3,0,ctl,ok,0,0,9.8,168.7
mpd,8.0,1,w48-16qam-r1/3,w48,19,2,1,data,ok,17,17,10.2,168.7
mpd,8.0,1,ack-1f,w,2,2,0,ctl,ok,0,0,9.1,168.7
mpd,8.0,1,w48-16qam-r1/3,w48,19,1,0,data,ok,18,18,8.9,168.7
mpd,8.0,1,ack-1f,w,2,2,0,ctl,ok,0,0,10.2,168.7
mpd,8.0,1,w48-16qam-r1/3,w48,19,1,0,data,ok,18,18,9.7,168.7
mpd,8.0,1,ack-1f,w,2,2,0,ctl,ok,0,0,12.8,168.7
mpd,8.0,1,w48-16qam-r1/3,w48,19,1,0,data,ok,18,18,8.0,168.7
mpd,8.0,1,ack-1f,w,3,3,0,ctl,ok,0,0,7.1,168.7
mpd,8.0,1,w48-16qam-r1/3,w48,19,2,1,data,ok,17,0,7.2,168.7
mpd,8.0,1,ack-1f,w,3,3,0,ctl,ok,0,0,12.3,168.7
mpd,8.0,1,w48-qpsk-r1/2,w48,19,2,1,data,ok,17,17,8.6,168.7
mpd,8.0,1,ack-1f,w,3,3,0,ctl,ok,0,0,10.4,168.7
mpd,8.0,1,w48-16qam-r1/3,w48,19,2,1,data,ok,17,16,8.1,168.7
mpd,8.0,1,ack-1f,w,4,4,0,ctl,ok,0,0,10.9,168.7
mpd,8.0,1,w48-16qam-r1/3,w48,19,2,1,data,ok,16,16,8.5,168.7
mpd,8.0,1,ack-1f,w,2,2,0,ctl,ok,0,0,8.4,168.7
mpd,8.0,1,w48-16qam-r1/3,w48,19,1,0,data,ok,18,18,9.9,168.7
mpd,8.0,1,ack-1f,w,2,2,0,ctl,ok,0,0,10.7,168.7
mpd,8.0,1,w48-16qam-r1/3,w48,19,1,0,data,ok,18,18,9.6,168.7
mpd,8.0,1,ack-1f,w,2,2,0,ctl,ok,0,0,10.9,168.7
mpd,8.0,1,w48-16qam-r1/3,w48,19,1,0,data,ok,18,18,9.2,168.7
mpd,8.0,1,ack-1f,w,2,2,0,ctl,ok,0,0,13.9,168.7
mpd,8.0,1,w48-16qam-r1/3,w48,19,1,0,data,ok,18,18,9.2,168.7
mpd,8.0,1,ack-1f,w,2,2,0,ctl,ok,0,0,8.9,168.7
mpd,8.0,1,w48-16qam-r1/3,w48,19,1,0,data,ok,18,18,10.3,168.7
mpd,8.0,1,ack-1f,w,2,2,0,ctl,ok,0,0,9.6,168.7
mpd,8.0,1,w48-16qam-r1/3,w48,19,1,0,data,ok,18,18,10.0,168.7
mpd,8.0,1,ack-1f,w,2,2,0,ctl,ok,0,0,12.3,168.7
mpd,8.0,1,w48-16qam-r1/3,w48,19,1,0,data,ok,18,18,8.1,168.7
mpd,8.0,1,ack-1f,w,2,2,0,ctl,ok,0,0,11.9,168.7
mpd,8.0,1,w48-16qam-r1/3,w48,19,1,0,data,ok,18,18,8.9,168.7
mpd,8.0,1,ack-1f,w,2,2,0,ctl,ok,0,0,13.1,168.7
mpd,8.0,1,w48-16qam-r1/3,w48,19,1,0,data,ok,18,18,9.0,168.7
mpd,8.0,1,ack-1f,w,2,2,0,ctl,ok,0,0,10.8,168.7
mpd,8.0,1,w48-16qam-r1/3,w48,19,1,0,data,ctl_lost,18,0,2.8,168.7
mpd,8.0,1,ack-4f,w,3,3,0,ctl,ok,0,0,9.4,168.7
mpd,8.0,1,ack-4f,w,3,3,0,ctl,ok,0,0,11.0,168.7
mpd,8.0,1,w48-qpsk-r1/2,w48,19,2,1,data,ok,17,17,10.2,168.7
mpd,8.0,1,ack-1f,w,2,2,0,ctl,ok,0,0,12.0,168.7
mpd,8.0,1,w48-16qam-r1/3,w48,19,1,0,data,ok,18,18,9.5,168.7
mpd,8.0,1,ack-1f,w,2,2,0,ctl,ok,0,0,6.9,168.7
mpd,8.0,1,w48-16qam-r1/3,w48,19,1,0,data,ok,18,17,8.1,168.7
mpd,8.0,1,ack-1f,w,4,4,0,ctl,ok,0,0,10.7,168.7
mpd,8.0,1,w48-16qam-r1/3,w48,19,2,1,data,ok,16,16,8.1,168.7
mpd,8.0,1,ack-1f,w,3,3,0,ctl,ok,0,0,8.9,168.7
mpd,8.0,1,w48-16qam-r1/3,w48,19,2,1,data,ok,17,17,9.6,168.7
mpd,8.0,1,ack-1f,w,2,2,0,ctl,ok,0,0,9.4,168.7
mpd,8.0,1,w48-16qam-r1/3,w48,19,1,0,data,ok,18,18,9.1,168.7
mpd,8.0,1,ack-1f,w,2,2,0,ctl,ok,0,0,10.7,168.7
mpd,8.0,1,w48-16qam-r1/3,w48,19,1,0,data,ok,18,18,8.1,168.7
mpd,8.0,1,ack-1f,w,3,3,0,ctl,ok,0,0,12.5,168.7
mpd,8.0,1,w48-16qam-r1/3,w48,19,2,1,data,ok,17,17,8.3,168.7
mpd,8.0,1,ack-1f,w,3,3,0,ctl,ok,0,0,8.8,168.7
mpd,8.0,1,w48-16qam-r1/3,w48,19,2,1,data,ok,17,16,8.3,168.7
mpd,8.0,1,ack-1f,w,3,3,0,ctl,ok,0,0,14.5,168.7
mpd,8.0,1,w48-16qam-r1/3,w48,19,1,0,data,ok,17,17,10.0,168.7
mpd,8.0,1,ack-1f,w,2,2,0,ctl,ok,0,0,8.3,168.7
mpd,8.0,1,w48-16qam-r1/3,w48,19,1,0,data,ctl_lost,18,0,7.1,168.7
mpd,8.0,1,ack-4f,w,3,3,0,ctl,ok,0,0,10.6,168.7
mpd,8.0,1,ack-4f,w,2,2,0,ctl,ok,0,0,5.6,168.7
mpd,8.0,1,w48-qpsk-r1/2,w48,19,1,0,data,ok,18,18,7.7,168.7
mpd,8.0,1,ack-1f,w,2,2,0,ctl,ok,0,0,14.2,168.7
mpd,8.0,1,w48-qpsk-r1/2,w48,19,1,0,data,ok,18,18,8.1,168.7
mpd,8.0,1,ack-1f,w,2,2,0,ctl,ok,0,0,13.4,168.7
mpd,8.0,1,w48-qpsk-r1/2,w48,19,1,0,data,ok,18,18,8.4,168.7
mpd,8.0,1,ack-1f,w,3,3,0,ctl,ok,0,0,11.1,168.7
mpd,8.0,1,w48-16qam-r1/3,w48,19,2,1,data,ok,17,17,8.6,168.7
mpd,8.0,1,ack-1f,w,3,3,0,ctl,ok,0,0,11.3,168.7
mpd,8.0,1,w48-16qam-r1/3,w48,19,2,1,data,ok,17,17,8.8,168.7
mpd,8.0,1,ack-1f,w,2,2,0,ctl,ok,0,0,9.6,168.7
mpd,8.0,1,w48-16qam-r1/3,w48,19,1,0,data,ok,18,18,9.6,168.7
mpd,8.0,1,ack-1f,w,2,2,0,ctl,ok,0,0,11.7,168.7
mpd,8.0,1,w48-16qam-r1/3,w48,19,1,0,data,ok,18,18,8.4,168.7
mpd,8.0,1,ack-1f,w,2,2,0,ctl,ok,0,0,14.0,168.7
mpd,8.0,1,w48-16qam-r1/3,w48,19,1,0,data,ctl_lost,18,1,7.3,168.7
mpd,8.0,1,ack-4f,w,2,2,0,ctl,ok,0,0,9.8,168.7
mpd,8.0,1,ack-4f,w,2,2,0,ctl,ok,0,0,10.9,168.7
mpd,8.0,1,w48-qpsk-r1/2,w48,19,1,0,data,ok,18,18,8.8,168.7
mpd,8.0,1,ack-1f,w,2,2,0,ctl,ok,0,0,8.3,168.7
mpd,8.0,1,w48-qpsk-r1/2,w48,19,1,0,data,ok,18,18,10.5,168.7
mpd,-6.0,1,qpsk-r1/5,w,1,1,0,ctl,ctl_lost,0,0,-5.0,11.5
mpd,-6.0,1,n4-qpsk-r1/3,n4,1,1,0,ctl,ok,0,0,-5.4,11.5
mpd,-6.0,1,n4-qpsk-r1/3,n4,1,1,,ctl,missed,0,0,,11.5
mpd,-6.0,1,n4-qpsk-r1/3,n4,1,1,0,ctl,ok,0,0,-6.0,11.5
mpd,-6.0,1,n4-qpsk-r1/3,n4,1,1,,ctl,missed,0,0,,11.5
mpd,-6.0,1,n4-qpsk-r1/3,n4,1,1,0,ctl,ok,0,0,-5.8,11.5
mpd,-6.0,1,n4-qpsk-r1/3,n4,1,1,0,ctl,ok,0,0,-3.9,11.5
mpd,-6.0,1,ack-4f,w,3,3,0,ctl,ok,0,0,-2.8,11.5
mpd,-6.0,1,ack-4f,w,3,3,0,ctl,ok,0,0,-4.0,11.5
mpd,-6.0,1,qpsk-r1/5,w,9,2,1,data,ok,7,0,-3.0,11.5
mpd,-6.0,1,n10-ack-4f,n10,3,3,,ctl,missed,0,0,,11.5
mpd,-6.0,1,ack-4f,w,3,3,0,ctl,ok,0,0,-4.4,11.5
mpd,-6.0,1,ack-4f,w,3,3,0,ctl,ok,0,0,-2.1,11.5
mpd,-6.0,1,qpsk-r1/5,w,9,2,1,data,ok,7,0,-2.9,11.5
mpd,-6.0,1,n4-ack-8f,n4,3,3,,ctl,missed,0,0,,11.5
mpd,-6.0,1,ack-4f,w,3,3,0,ctl,ok,0,0,-2.1,11.5
mpd,-6.0,1,ack-4f,w,3,3,0,ctl,ok,0,0,-4.8,11.5
mpd,-6.0,1,qpsk-r1/5,w,9,2,1,data,ok,7,0,-3.3,11.5
mpd,-6.0,1,n4-ack-8f,n4,3,3,0,ctl,ok,0,0,-5.3,11.5
mpd,-6.0,1,qpsk-r1/5,w,9,2,1,data,ok,0,0,-2.0,11.5
mpd,-6.0,1,ack-4f,w,3,3,0,ctl,ok,0,0,-0.6,11.5
mpd,-6.0,1,qpsk-r1/5,w,9,2,1,data,ctl_lost,7,0,-2.0,11.5
mpd,-6.0,1,ack-4f,w,3,3,0,ctl,ok,0,0,-2.1,11.5
mpd,-6.0,1,ack-4f,w,3,3,,ctl,missed,0,0,,11.5
mpd,-6.0,1,ack-4f,w,3,3,0,ctl,ctl_lost,0,0,-5.5,11.5
mpd,-6.0,1,ack-4f,w,3,3,0,ctl,ok,0,0,-4.0,11.5
mpd,-6.0,1,ack-4f,w,3,3,0,ctl,ok,0,0,-2.6,11.5
mpd,-6.0,1,fsk32r62-r1/2,c32r62,10,2,1,data,ok,8,8,-3.5,11.5
mpd,-6.0,1,ack-4f,w,2,2,0,ctl,ok,0,0,-2.9,11.5
mpd,-6.0,1,fsk32r62-r1/2,c32r62,9,1,0,data,ok,8,8,-3.1,11.5
mpd,-6.0,1,ack-4f,w,2,2,0,ctl,ok,0,0,-2.5,11.5
mpd,-6.0,1,fsk32r62-r1/2,c32r62,9,1,0,data,ok,8,8,-3.0,11.5
mpd,-6.0,1,ack-4f,w,2,2,0,ctl,ok,0,0,-4.3,11.5
mpd,-6.0,1,fsk32r62-r1/2,c32r62,9,1,0,data,ok,8,8,-3.1,11.5
mpd,-6.0,1,ack-4f,w,2,2,0,ctl,ok,0,0,-1.9,11.5
mpd,-6.0,1,fsk32r62-r1/2,c32r62,9,1,0,data,ok,8,8,-3.6,11.5
mpd,-6.0,1,ack-4f,w,2,2,0,ctl,ok,0,0,-2.0,11.5
mpd,-6.0,1,fsk32r62-r1/2,c32r62,9,1,0,data,ok,8,8,-3.1,11.5
mpd,-6.0,1,ack-4f,w,2,2,0,ctl,ok,0,0,-1.9,11.5
mpd,-6.0,1,fsk32r62-r1/2,c32r62,9,1,0,data,ok,8,8,-3.8,11.5
mpd,-6.0,1,ack-4f,w,2,2,0,ctl,ok,0,0,-0.9,11.5
mpd,-6.0,1,fsk32r62-r1/2,c32r62,9,1,0,data,ok,8,8,-3.2,11.5
mpd,-6.0,1,ack-4f,w,2,2,0,ctl,ok,0,0,-1.7,11.5
mpd,-6.0,1,fsk32r62-r1/2,c32r62,9,1,0,data,ok,8,8,-3.9,11.5
mpd,-6.0,1,ack-4f,w,2,2,0,ctl,ok,0,0,-2.4,11.5
mpd,-6.0,1,fsk32r62-r1/2,c32r62,9,1,0,data,ok,8,8,-3.5,11.5
mpd,-6.0,1,ack-4f,w,2,2,0,ctl,ok,0,0,-3.6,11.5
mpd,-6.0,1,fsk32r62-r1/2,c32r62,9,1,0,data,ok,8,8,-3.3,11.5
mpd,-6.0,1,ack-4f,w,2,2,0,ctl,ok,0,0,-4.8,11.5
mpd,-6.0,1,fsk32r62-r1/2,c32r62,9,1,0,data,ok,8,8,-3.7,11.5
mpd,-6.0,1,ack-4f,w,2,2,0,ctl,ok,0,0,-2.1,11.5
mpd,-6.0,1,fsk32r62-r1/2,c32r62,9,1,0,data,ok,8,8,-3.3,11.5
mpd,-6.0,1,ack-4f,w,2,2,0,ctl,ok,0,0,-5.8,11.5
mpd,-6.0,1,fsk32r62-r1/2,c32r62,9,1,0,data,ok,8,8,-3.4,11.5
mpd,-6.0,1,ack-4f,w,2,2,0,ctl,ok,0,0,-2.2,11.5
mpd,-6.0,1,fsk32r62-r1/2,c32r62,9,1,0,data,ok,8,8,-3.1,11.5
mpd,-6.0,0,qpsk-r1/5,w,1,1,0,ctl,ctl_lost,0,0,0.0,9.8
mpd,-6.0,0,n4-qpsk-r1/3,n4,1,1,0,ctl,ok,0,0,-5.3,9.8
mpd,-6.0,0,n4-qpsk-r1/3,n4,1,1,,ctl,missed,0,0,,9.8
mpd,-6.0,0,n4-qpsk-r1/3,n4,1,1,0,ctl,ok,0,0,-4.8,9.8
mpd,-6.0,0,n4-qpsk-r1/3,n4,1,1,0,ctl,ok,0,0,-6.8,9.8
mpd,-6.0,0,ack-4f,w,3,3,0,ctl,ok,0,0,-0.7,9.8
mpd,-6.0,0,ack-4f,w,3,3,0,ctl,ok,0,0,-3.0,9.8
mpd,-6.0,0,qpsk-r1/5,w,9,2,1,data,ok,7,0,-4.0,9.8
mpd,-6.0,0,n10-ack-4f,n10,3,3,,ctl,missed,0,0,,9.8
mpd,-6.0,0,ack-4f,w,3,3,0,ctl,ok,0,0,-3.4,9.8
mpd,-6.0,0,ack-4f,w,3,3,0,ctl,ok,0,0,-1.9,9.8
mpd,-6.0,0,qpsk-r1/5,w,9,2,1,data,ok,7,0,-2.4,9.8
mpd,-6.0,0,n4-ack-8f,n4,3,3,,ctl,missed,0,0,,9.8
mpd,-6.0,0,ack-4f,w,3,3,0,ctl,ok,0,0,0.8,9.8
mpd,-6.0,0,ack-4f,w,3,3,0,ctl,ok,0,0,-2.4,9.8
mpd,-6.0,0,qpsk-r1/5,w,9,2,1,data,ctl_lost,7,0,-2.2,9.8
mpd,-6.0,0,ack-4f,w,3,3,0,ctl,ok,0,0,-1.0,9.8
mpd,-6.0,0,ack-4f,w,3,3,0,ctl,ctl_lost,0,0,-4.3,9.8
mpd,-6.0,0,ack-4f,w,2,2,0,ctl,ok,0,0,-4.6,9.8
mpd,-6.0,0,ack-4f,w,3,3,0,ctl,ok,0,0,-1.2,9.8
mpd,-6.0,0,fsk32r62-r1/2,c32r62,10,2,1,data,ok,8,8,-3.2,9.8
mpd,-6.0,0,n4-ack-8f,n4,2,2,0,ctl,ok,0,0,-11.1,9.8
mpd,-6.0,0,fsk32r62-r1/2,c32r62,9,1,0,data,ok,8,8,-2.9,9.8
mpd,-6.0,0,n10-ack-4f,n10,3,3,0,ctl,ok,0,0,-3.8,9.8
mpd,-6.0,0,qpsk-r1/5,w,9,2,1,data,ok,7,0,-3.7,9.8
mpd,-6.0,0,ack-4f,w,3,3,0,ctl,ok,0,0,-3.6,9.8
mpd,-6.0,0,fsk32r62-r1/2,c32r62,10,2,1,data,ok,8,8,-3.6,9.8
mpd,-6.0,0,n10-ack-4f,n10,2,2,0,ctl,ok,0,0,-4.8,9.8
mpd,-6.0,0,fsk32r62-r1/2,c32r62,9,1,0,data,ok,8,8,-3.6,9.8
mpd,-6.0,0,ack-4f,w,2,2,0,ctl,ok,0,0,-6.4,9.8
mpd,-6.0,0,fsk32r62-r1/2,c32r62,9,1,0,data,ok,8,8,-2.8,9.8
mpd,-6.0,0,n4-ack-8f,n4,2,2,0,ctl,ok,0,0,-5.6,9.8
mpd,-6.0,0,fsk32r62-r1/2,c32r62,9,1,0,data,ok,8,8,-3.8,9.8
mpd,-6.0,0,n10-ack-4f,n10,2,2,,ctl,missed,0,0,,9.8
mpd,-6.0,0,ack-4f,w,3,3,,ctl,missed,0,0,,9.8
mpd,-6.0,0,ack-4f,w,3,3,0,ctl,ok,0,0,-3.0,9.8
mpd,-6.0,0,ack-4f,w,3,3,0,ctl,ok,0,0,-4.4,9.8
mpd,-6.0,0,fsk32r62-r1/2,c32r62,10,2,1,data,ok,8,8,-3.1,9.8
mpd,-6.0,0,n10-ack-4f,n10,2,2,0,ctl,ok,0,0,-2.3,9.8
mpd,-6.0,0,fsk32r62-r1/2,c32r62,9,1,0,data,ctl_lost,8,8,-3.5,9.8
mpd,-6.0,0,ack-4f,w,3,3,0,ctl,ok,0,0,-3.8,9.8
mpd,-6.0,0,ack-4f,w,3,3,0,ctl,ok,0,0,-3.8,9.8
mpd,-6.0,0,fsk32r62-r1/2,c32r62,10,2,1,data,ok,8,8,-3.7,9.8
mpd,-6.0,0,n10-ack-4f,n10,3,3,0,ctl,ok,0,0,-4.2,9.8
mpd,-6.0,0,fsk32r62-r1/2,c32r62,10,2,1,data,ok,8,8,-3.4,9.8
mpd,-6.0,0,ack-4f,w,2,2,,ctl,missed,0,0,,9.8
mpd,-6.0,0,ack-4f,w,3,3,,ctl,missed,0,0,,9.8
mpd,-6.0,0,ack-4f,w,3,3,0,ctl,ok,0,0,-1.0,9.8
mpd,-6.0,0,ack-4f,w,3,3,0,ctl,ok,0,0,-2.0,9.8
mpd,-6.0,0,fsk32r62-r1/2,c32r62,10,2,1,data,ok,8,8,-3.4,9.8
mpd,-6.0,0,n10-ack-4f,n10,2,2,0,ctl,ok,0,0,-2.9,9.8
mpd,-6.0,0,fsk32r62-r1/2,c32r62,9,1,0,data,ok,8,8,-3.2,9.8
mpd,-6.0,0,ack-4f,w,2,2,0,ctl,ok,0,0,-3.0,9.8
mpd,-6.0,0,fsk32r62-r1/2,c32r62,9,1,0,data,ok,8,8,-3.7,9.8
mpd,-6.0,0,n10-ack-4f,n10,2,2,0,ctl,ok,0,0,-2.1,9.8
mpd,-6.0,0,fsk32r62-r1/2,c32r62,9,1,0,data,ok,8,7,-3.0,9.8
mpd,-6.0,0,ack-4f,w,3,3,0,ctl,ctl_lost,0,0,-5.2,9.8
mpd,-6.0,0,ack-4f,w,3,3,0,ctl,ctl_lost,0,0,-3.9,9.8
mpd,8.0,8,qpsk-r1/5,w,1,1,0,ctl,ok,0,0,10.3,161.5
mpd,8.0,8,qpsk-r1/5,w,1,1,0,ctl,ok,0,0,12.8,161.5
mpd,8.0,8,ack-4f,w,2,2,0,ctl,ok,0,0,10.6,161.5
mpd,8.0,8,ack-1f,w,2,2,0,ctl,ok,0,0,11.3,161.5
mpd,8.0,8,w48-qpsk-r1/2,w48,19,1,0,data,ok,18,18,9.7,161.5
mpd,8.0,8,ack-1f,w,3,3,0,ctl,ok,0,0,9.6,161.5
mpd,8.0,8,w48-16qam-r1/3,w48,19,2,1,data,ok,17,17,8.4,161.5
mpd,8.0,8,ack-1f,w,3,3,0,ctl,ok,0,0,10.0,161.5
mpd,8.0,8,w48-16qam-r1/3,w48,19,2,1,data,ok,17,11,7.6,161.5
mpd,8.0,8,ack-1f,w,3,3,0,ctl,ok,0,0,8.6,161.5
mpd,8.0,8,w48-16qam-r1/3,w48,19,2,1,data,ok,11,11,8.1,161.5
mpd,8.0,8,ack-1f,w,2,2,0,ctl,ok,0,0,11.1,161.5
mpd,8.0,8,w48-qpsk-r1/2,w48,19,1,0,data,ok,18,18,8.8,161.5
mpd,8.0,8,ack-1f,w,3,3,0,ctl,ok,0,0,9.9,161.5
mpd,8.0,8,w48-16qam-r1/3,w48,19,2,1,data,ok,17,17,9.4,161.5
mpd,8.0,8,ack-1f,w,2,2,0,ctl,ok,0,0,14.8,161.5
mpd,8.0,8,w48-16qam-r1/3,w48,19,1,0,data,ok,18,18,9.6,161.5
mpd,8.0,8,ack-1f,w,2,2,0,ctl,ok,0,0,11.1,161.5
mpd,8.0,8,w48-16qam-r1/3,w48,19,1,0,data,ok,18,18,9.5,161.5
mpd,8.0,8,ack-1f,w,2,2,0,ctl,ok,0,0,9.5,161.5
mpd,8.0,8,w48-16qam-r1/3,w48,19,1,0,data,ok,18,18,9.4,161.5
mpd,8.0,8,ack-1f,w,2,2,0,ctl,ok,0,0,11.3,161.5
mpd,8.0,8,w48-16qam-r1/3,w48,19,1,0,data,ok,18,18,9.7,161.5
mpd,8.0,8,ack-1f,w,2,2,0,ctl,ok,0,0,11.9,161.5
mpd,8.0,8,w48-16qam-r1/3,w48,19,1,0,data,ctl_lost,18,0,7.9,161.5
mpd,8.0,8,ack-4f,w,2,2,0,ctl,ok,0,0,12.1,161.5
mpd,8.0,8,ack-4f,w,3,3,0,ctl,ok,0,0,11.0,161.5
mpd,8.0,8,w48-16qam-r1/3,w48,19,2,1,data,ok,17,17,8.5,161.5
mpd,8.0,8,ack-1f,w,3,3,0,ctl,ok,0,0,10.8,161.5
mpd,8.0,8,w48-16qam-r1/3,w48,19,2,1,data,ok,17,17,9.2,161.5
mpd,8.0,8,ack-1f,w,3,3,0,ctl,ok,0,0,14.3,161.5
mpd,8.0,8,w48-16qam-r1/3,w48,19,2,1,data,ok,17,17,8.4,161.5
mpd,8.0,8,ack-1f,w,3,3,0,ctl,ok,0,0,8.2,161.5
mpd,8.0,8,w48-16qam-r1/3,w48,19,2,1,data,ok,17,17,8.6,161.5
mpd,8.0,8,ack-1f,w,3,3,0,ctl,ok,0,0,5.7,161.5
mpd,8.0,8,w48-16qam-r1/3,w48,19,2,1,data,ok,17,16,8.7,161.5
mpd,8.0,8,ack-1f,w,4,4,0,ctl,ok,0,0,10.2,161.5
mpd,8.0,8,w48-16qam-r1/3,w48,19,2,1,data,ok,16,16,8.2,161.5
mpd,8.0,8,ack-1f,w,3,3,0,ctl,ok,0,0,9.7,161.5
mpd,8.0,8,w48-16qam-r1/3,w48,19,2,1,data,ok,17,17,9.4,161.5
mpd,8.0,8,ack-1f,w,2,2,0,ctl,ok,0,0,11.7,161.5
mpd,8.0,8,w48-16qam-r1/3,w48,19,1,0,data,ok,18,18,8.7,161.5
mpd,8.0,8,ack-1f,w,2,2,0,ctl,ok,0,0,13.4,161.5
mpd,8.0,8,w48-16qam-r1/3,w48,19,1,0,data,ok,18,18,8.8,161.5
mpd,8.0,8,ack-1f,w,2,2,0,ctl,ok,0,0,11.7,161.5
mpd,8.0,8,w48-16qam-r1/3,w48,19,1,0,data,ctl_lost,18,11,7.9,161.5
mpd,8.0,8,ack-4f,w,2,2,0,ctl,ok,0,0,10.6,161.5
mpd,8.0,8,ack-4f,w,2,2,0,ctl,ok,0,0,11.5,161.5
mpd,8.0,8,w48-qpsk-r1/2,w48,19,1,0,data,ok,18,18,9.7,161.5
mpd,8.0,8,ack-1f,w,3,3,0,ctl,ok,0,0,8.1,161.5
mpd,8.0,8,w48-16qam-r1/3,w48,19,2,1,data,ok,17,17,8.4,161.5
mpd,8.0,8,ack-1f,w,3,3,0,ctl,ok,0,0,10.6,161.5
mpd,8.0,8,w48-16qam-r1/3,w48,19,2,1,data,ok,17,17,9.9,161.5
mpd,8.0,8,ack-1f,w,2,2,0,ctl,ok,0,0,11.8,161.5
mpd,8.0,8,w48-16qam-r1/3,w48,19,1,0,data,ok,18,18,8.9,161.5
mpd,8.0,8,ack-1f,w,2,2,0,ctl,ok,0,0,10.3,161.5
mpd,8.0,8,w48-16qam-r1/3,w48,19,1,0,data,ok,18,18,9.9,161.5
mpd,8.0,8,ack-1f,w,2,2,0,ctl,ok,0,0,7.5,161.5
mpd,8.0,8,w48-16qam-r1/3,w48,19,1,0,data,ok,18,18,9.6,161.5
mpd,8.0,8,ack-1f,w,2,2,0,ctl,ok,0,0,9.3,161.5
mpd,8.0,8,w48-16qam-r1/3,w48,19,1,0,data,ctl_lost,18,11,8.3,161.5
mpd,8.0,8,ack-4f,w,3,3,0,ctl,ok,0,0,11.9,161.5
mpd,8.0,8,ack-4f,w,3,3,0,ctl,ok,0,0,10.5,161.5
mpd,8.0,8,w48-16qam-r1/3,w48,19,2,1,data,ok,17,17,9.7,161.5
mpd,8.0,8,ack-1f,w,3,3,0,ctl,ok,0,0,10.9,161.5
mpd,8.0,8,w48-16qam-r1/3,w48,19,2,1,data,ok,17,17,8.9,161.5
mpd,8.0,8,ack-1f,w,3,3,0,ctl,ok,0,0,11.1,161.5
mpd,8.0,8,w48-16qam-r1/3,w48,19,2,1,data,ok,17,17,9.4,161.5
mpd,8.0,8,ack-1f,w,2,2,0,ctl,ok,0,0,11.5,161.5
mpd,8.0,8,w48-16qam-r1/3,w48,19,1,0,data,ok,18,18,9.4,161.5
mpd,8.0,8,ack-1f,w,2,2,0,ctl,ok,0,0,9.7,161.5
mpd,8.0,8,w48-16qam-r1/3,w48,19,1,0,data,ok,18,18,9.9,161.5
mpd,8.0,8,ack-1f,w,2,2,0,ctl,ok,0,0,8.4,161.5
mpd,8.0,8,w48-16qam-r1/3,w48,19,1,0,data,ctl_lost,18,1,7.2,161.5
mpd,8.0,8,ack-4f,w,2,2,0,ctl,ok,0,0,11.4,161.5
mpd,8.0,8,ack-4f,w,2,2,0,ctl,ok,0,0,10.9,161.5
mpd,8.0,8,w48-qpsk-r1/2,w48,19,1,0,data,ok,18,18,9.2,161.5
mpd,8.0,8,ack-1f,w,2,2,0,ctl,ok,0,0,11.7,161.5
mpd,8.0,8,w48-qpsk-r1/2,w48,19,1,0,data,ok,18,18,8.7,161.5
mpd,8.0,8,ack-1f,w,2,2,0,ctl,ok,0,0,10.2,161.5
mpd,8.0,8,w48-qpsk-r1/2,w48,19,1,0,data,ok,18,18,10.1,161.5
mpd,8.0,8,ack-1f,w,3,3,0,ctl,ok,0,0,11.6,161.5
mpd,8.0,8,w48-16qam-r1/3,w48,19,2,1,data,ok,17,17,9.5,161.5
mpd,8.0,8,ack-1f,w,3,3,0,ctl,ok,0,0,13.3,161.5
mpd,8.0,8,w48-16qam-r1/3,w48,19,2,1,data,ok,17,16,8.1,161.5
mpd,8.0,8,ack-1f,w,4,4,0,ctl,ok,0,0,13.0,161.5
mpd,8.0,8,w48-16qam-r1/3,w48,19,2,1,data,ok,16,16,9.3,161.5
mpd,8.0,8,ack-1f,w,3,3,0,ctl,ok,0,0,12.3,161.5
mpd,8.0,8,w48-16qam-r1/3,w48,19,2,1,data,ok,17,0,7.7,161.5
mpd,8.0,8,ack-1f,w,2,2,0,ctl,ok,0,0,8.2,161.5
mpd,8.0,8,w48-qpsk-r1/2,w48,19,1,0,data,ok,18,18,10.3,161.5
mpd,8.0,8,ack-1f,w,2,2,0,ctl,ok,0,0,10.7,161.5
mpd,8.0,8,w48-16qam-r1/3,w48,19,1,0,data,ok,18,18,9.8,161.5
mpd,8.0,8,ack-1f,w,2,2,0,ctl,ok,0,0,7.3,161.5
mpd,8.0,9,qpsk-r1/5,w,1,1,0,ctl,ok,0,0,8.8,174.2
mpd,8.0,9,qpsk-r1/5,w,1,1,0,ctl,ok,0,0,10.8,174.2
mpd,8.0,9,ack-4f,w,3,3,0,ctl,ok,0,0,10.8,174.2
mpd,8.0,9,ack-1f,w,2,2,0,ctl,ok,0,0,8.8,174.2
mpd,8.0,9,w48-qpsk-r1/2,w48,19,1,0,data,ok,18,18,9.3,174.2
mpd,8.0,9,ack-1f,w,3,3,0,ctl,ok,0,0,12.1,174.2
mpd,8.0,9,w48-16qam-r1/3,w48,19,2,1,data,ok,17,17,10.3,174.2
mpd,8.0,9,ack-1f,w,2,2,0,ctl,ok,0,0,12.0,174.2
mpd,8.0,9,w48-16qam-r1/3,w48,19,1,0,data,ok,18,18,8.1,174.2
mpd,8.0,9,ack-1f,w,3,3,0,ctl,ok,0,0,11.3,174.2
mpd,8.0,9,w48-16qam-r1/3,w48,19,2,1,data,ok,17,17,8.8,174.2
mpd,8.0,9,ack-1f,w,3,3,0,ctl,ok,0,0,7.8,174.2
mpd,8.0,9,w48-16qam-r1/3,w48,19,2,1,data,ok,17,14,7.9,174.2
mpd,8.0,9,ack-1f,w,4,4,0,ctl,ok,0,0,8.5,174.2
mpd,8.0,9,w48-16qam-r1/3,w48,19,2,1,data,ok,14,14,9.6,174.2
mpd,8.0,9,ack-1f,w,2,2,0,ctl,ok,0,0,10.5,174.2
mpd,8.0,9,w48-16qam-r1/3,w48,19,1,0,data,ok,18,18,8.9,174.2
mpd,8.0,9,ack-1f,w,2,2,0,ctl,ok,0,0,12.2,174.2
mpd,8.0,9,w48-16qam-r1/3,w48,19,1,0,data,ok,18,18,9.6,174.2
mpd,8.0,9,ack-1f,w,2,2,0,ctl,ok,0,0,10.9,174.2
mpd,8.0,9,w48-16qam-r1/3,w48,19,1,0,data,ok,18,18,8.4,174.2
mpd,8.0,9,ack-1f,w,2,2,0,ctl,ok,0,0,10.7,174.2
mpd,8.0,9,w48-16qam-r1/3,w48,19,1,0,data,ok,18,18,8.2,174.2
mpd,8.0,9,ack-1f,w,3,3,0,ctl,ok,0,0,13.3,174.2
mpd,8.0,9,w48-16qam-r1/3,w48,19,2,1,data,ok,17,17,9.5,174.2
mpd,8.0,9,ack-1f,w,2,2,0,ctl,ok,0,0,7.2,174.2
mpd,8.0,9,w48-16qam-r1/3,w48,19,1,0,data,ok,18,18,8.4,174.2
mpd,8.0,9,ack-1f,w,2,2,0,ctl,ok,0,0,11.2,174.2
mpd,8.0,9,w48-16qam-r1/3,w48,19,1,0,data,ok,18,18,9.1,174.2
mpd,8.0,9,ack-1f,w,2,2,0,ctl,ok,0,0,11.1,174.2
mpd,8.0,9,w48-16qam-r1/3,w48,19,1,0,data,ok,18,18,8.2,174.2
mpd,8.0,9,ack-1f,w,2,2,0,ctl,ok,0,0,14.8,174.2
mpd,8.0,9,w48-16qam-r1/3,w48,19,1,0,data,ok,18,18,8.9,174.2
mpd,8.0,9,ack-1f,w,2,2,0,ctl,ok,0,0,10.9,174.2
mpd,8.0,9,w48-16qam-r1/3,w48,19,1,0,data,ok,18,18,10.2,174.2
mpd,8.0,9,ack-1f,w,2,2,0,ctl,ok,0,0,5.7,174.2
mpd,8.0,9,w48-16qam-r1/3,w48,19,1,0,data,ok,18,18,9.0,174.2
mpd,8.0,9,ack-1f,w,2,2,0,ctl,ok,0,0,7.7,174.2
mpd,8.0,9,w48-16qam-r1/3,w48,19,1,0,data,ok,18,18,7.6,174.2
mpd,8.0,9,ack-1f,w,2,2,0,ctl,ok,0,0,10.2,174.2
mpd,8.0,9,w48-16qam-r1/3,w48,19,1,0,data,ok,18,18,9.0,174.2
mpd,8.0,9,ack-1f,w,2,2,0,ctl,ok,0,0,10.5,174.2
mpd,8.0,9,w48-16qam-r1/3,w48,19,1,0,data,ok,18,18,9.3,174.2
mpd,8.0,9,ack-1f,w,2,2,0,ctl,ok,0,0,12.7,174.2
mpd,8.0,9,w48-16qam-r1/3,w48,19,1,0,data,ok,18,18,9.6,174.2
mpd,8.0,9,ack-1f,w,2,2,0,ctl,ok,0,0,12.3,174.2
mpd,8.0,9,w48-16qam-r1/3,w48,19,1,0,data,ok,18,18,9.8,174.2
mpd,8.0,9,ack-1f,w,2,2,0,ctl,ok,0,0,8.9,174.2
mpd,8.0,9,w48-16qam-r1/3,w48,19,1,0,data,ok,18,18,8.3,174.2
mpd,8.0,9,ack-1f,w,2,2,0,ctl,ok,0,0,12.3,174.2
mpd,8.0,9,w48-16qam-r1/3,w48,19,1,0,data,ok,18,18,10.1,174.2
mpd,8.0,9,ack-1f,w,2,2,0,ctl,ok,0,0,12.5,174.2
mpd,8.0,9,w48-16qam-r1/3,w48,19,1,0,data,ok,18,18,8.2,174.2
mpd,8.0,9,ack-1f,w,2,2,0,ctl,ok,0,0,9.4,174.2
mpd,8.0,9,w48-16qam-r1/3,w48,19,1,0,data,ok,18,18,9.4,174.2
mpd,8.0,9,ack-1f,w,2,2,0,ctl,ok,0,0,12.4,174.2
mpd,8.0,9,w48-16qam-r1/3,w48,19,1,0,data,ok,18,18,9.1,174.2
mpd,8.0,9,ack-1f,w,2,2,0,ctl,ok,0,0,10.1,174.2
mpd,8.0,9,w48-16qam-r1/3,w48,19,1,0,data,ctl_lost,18,17,8.0,174.2
mpd,8.0,9,ack-4f,w,3,3,0,ctl,ok,0,0,11.5,174.2
mpd,8.0,9,ack-4f,w,3,3,0,ctl,ok,0,0,11.2,174.2
mpd,8.0,9,w48-16qam-r1/3,w48,19,2,1,data,ok,17,17,10.0,174.2
mpd,8.0,9,ack-1f,w,2,2,0,ctl,ok,0,0,10.6,174.2
mpd,8.0,9,w48-16qam-r1/3,w48,19,1,0,data,ctl_lost,18,12,7.8,174.2
mpd,8.0,9,ack-4f,w,3,3,0,ctl,ok,0,0,10.5,174.2
mpd,8.0,9,ack-4f,w,2,2,0,ctl,ok,0,0,10.6,174.2
mpd,8.0,9,w48-qpsk-r1/2,w48,19,1,0,data,ok,18,18,8.3,174.2
mpd,8.0,9,ack-1f,w,2,2,0,ctl,ok,0,0,12.8,174.2
mpd,8.0,9,w48-qpsk-r1/2,w48,19,1,0,data,ok,18,18,9.6,174.2
mpd,8.0,9,ack-1f,w,3,3,0,ctl,ok,0,0,12.9,174.2
mpd,8.0,9,w48-16qam-r1/3,w48,19,2,1,data,ok,17,17,9.1,174.2
mpd,8.0,9,ack-1f,w,3,3,0,ctl,ok,0,0,12.1,174.2
mpd,8.0,9,w48-16qam-r1/3,w48,19,2,1,data,ok,17,17,8.7,174.2
mpd,8.0,9,ack-1f,w,3,3,0,ctl,ok,0,0,13.7,174.2
mpd,8.0,9,w48-16qam-r1/3,w48,19,2,1,data,ok,17,17,8.9,174.2
mpd,8.0,9,ack-1f,w,3,3,0,ctl,ok,0,0,10.6,174.2
mpd,8.0,9,w48-16qam-r1/3,w48,19,2,1,data,ok,17,17,9.1,174.2
mpd,8.0,9,ack-1f,w,2,2,0,ctl,ok,0,0,10.8,174.2
mpd,8.0,9,w48-16qam-r1/3,w48,19,1,0,data,ok,18,18,9.5,174.2
mpd,8.0,9,ack-1f,w,2,2,0,ctl,ok,0,0,11.5,174.2
mpd,8.0,9,w48-16qam-r1/3,w48,19,1,0,data,ok,18,18,9.0,174.2
mpd,8.0,9,ack-1f,w,2,2,0,ctl,ok,0,0,10.5,174.2
mpd,8.0,9,w48-16qam-r1/3,w48,19,1,0,data,ok,18,18,9.3,174.2
mpd,8.0,9,ack-1f,w,2,2,0,ctl,ok,0,0,9.1,174.2
mpd,8.0,9,w48-16qam-r1/3,w48,19,1,0,data,ok,18,18,8.7,174.2
mpd,8.0,9,ack-1f,w,2,2,0,ctl,ok,0,0,12.3,174.2
mpd,8.0,9,w48-16qam-r1/3,w48,19,1,0,data,ctl_lost,18,14,8.1,174.2
mpd,8.0,9,ack-4f,w,3,3,0,ctl,ok,0,0,11.2,174.2
mpd,8.0,9,ack-4f,w,3,3,0,ctl,ok,0,0,12.1,174.2
mpd,8.0,9,w48-16qam-r1/3,w48,19,2,1,data,ok,17,17,8.5,174.2
mpd,8.0,9,ack-1f,w,3,3,0,ctl,ok,0,0,11.6,174.2
mpd,8.0,9,w48-16qam-r1/3,w48,19,2,1,data,ok,17,11,7.6,174.2
mpd,8.0,9,ack-1f,w,4,4,0,ctl,ok,0,0,11.2,174.2
mpd,8.0,9,w48-16qam-r1/3,w48,19,2,1,data,ok,12,10,7.9,174.2
mpd,8.0,10,qpsk-r1/5,w,1,1,0,ctl,ok,0,0,13.0,166.6
mpd,8.0,10,qpsk-r1/5,w,1,1,0,ctl,ok,0,0,11.3,166.6
mpd,8.0,10,ack-4f,w,3,3,0,ctl,ok,0,0,10.5,166.6
mpd,8.0,10,ack-1f,w,3,3,0,ctl,ok,0,0,11.7,166.6
mpd,8.0,10,w48-16qam-r1/3,w48,19,2,1,data,ok,17,17,9.6,166.6
mpd,8.0,10,ack-1f,w,3,3,0,ctl,ok,0,0,13.2,166.6
mpd,8.0,10,w48-16qam-r1/3,w48,19,2,1,data,ok,17,17,8.6,166.6
mpd,8.0,10,ack-1f,w,3,3,0,ctl,ok,0,0,10.4,166.6
mpd,8.0,10,w48-16qam-r1/3,w48,19,2,1,data,ok,17,17,9.8,166.6
mpd,8.0,10,ack-1f,w,2,2,0,ctl,ok,0,0,10.0,166.6
mpd,8.0,10,w48-16qam-r1/3,w48,19,1,0,data,ok,18,18,8.9,166.6
mpd,8.0,10,ack-1f,w,2,2,0,ctl,ok,0,0,10.5,166.6
mpd,8.0,10,w48-16qam-r1/3,w48,19,1,0,data,ctl_lost,18,3,7.8,166.6
mpd,8.0,10,ack-4f,w,2,2,0,ctl,ok,0,0,12.1,166.6
mpd,8.0,10,ack-4f,w,2,2,0,ctl,ok,0,0,10.7,166.6
mpd,8.0,10,w48-qpsk-r1/2,w48,19,1,0,data,ok,18,18,9.1,166.6
mpd,8.0,10,ack-1f,w,2,2,0,ctl,ok,0,0,12.2,166.6
mpd,8.0,10,w48-qpsk-r1/2,w48,19,1,0,data,ok,18,18,8.2,166.6
mpd,8.0,10,ack-1f,w,2,2,0,ctl,ok,0,0,11.6,166.6
mpd,8.0,10,w48-qpsk-r1/2,w48,19,1,0,data,ok,18,18,8.7,166.6
mpd,8.0,10,ack-1f,w,2,2,0,ctl,ok,0,0,12.2,166.6
mpd,8.0,10,w48-qpsk-r1/2,w48,19,1,0,data,ok,18,18,9.2,166.6
mpd,8.0,10,ack-1f,w,2,2,0,ctl,ok,0,0,9.5,166.6
mpd,8.0,10,w48-qpsk-r1/2,w48,19,1,0,data,ok,18,18,7.5,166.6
mpd,8.0,10,ack-1f,w,2,2,0,ctl,ok,0,0,10.1,166.6
mpd,8.0,10,w48-qpsk-r1/2,w48,19,1,0,data,ok,18,18,8.3,166.6
mpd,8.0,10,ack-1f,w,2,2,0,ctl,ok,0,0,11.4,166.6
mpd,8.0,10,w48-qpsk-r1/2,w48,19,1,0,data,ok,18,18,8.2,166.6
mpd,8.0,10,ack-1f,w,2,2,0,ctl,ok,0,0,11.5,166.6
mpd,8.0,10,w48-qpsk-r1/2,w48,19,1,0,data,ok,18,18,9.2,166.6
mpd,8.0,10,ack-1f,w,2,2,0,ctl,ok,0,0,9.2,166.6
mpd,8.0,10,w48-qpsk-r1/2,w48,19,1,0,data,ok,18,18,10.2,166.6
mpd,8.0,10,ack-1f,w,3,3,0,ctl,ok,0,0,6.3,166.6
mpd,8.0,10,w48-16qam-r1/3,w48,19,2,1,data,ok,17,17,9.2,166.6
mpd,8.0,10,ack-1f,w,3,3,0,ctl,ok,0,0,10.5,166.6
mpd,8.0,10,w48-16qam-r1/3,w48,19,2,1,data,ok,17,17,9.1,166.6
mpd,8.0,10,ack-1f,w,3,3,0,ctl,ok,0,0,10.8,166.6
mpd,8.0,10,w48-16qam-r1/3,w48,19,2,1,data,ok,17,17,7.8,166.6
mpd,8.0,10,ack-1f,w,2,2,0,ctl,ok,0,0,12.9,166.6
mpd,8.0,10,w48-qpsk-r1/2,w48,19,1,0,data,ok,18,18,9.1,166.6
mpd,8.0,10,ack-1f,w,3,3,0,ctl,ok,0,0,11.4,166.6
mpd,8.0,10,w48-16qam-r1/3,w48,19,2,1,data,ok,17,17,10.0,166.6
mpd,8.0,10,ack-1f,w,2,2,0,ctl,ok,0,0,12.7,166.6
mpd,8.0,10,w48-16qam-r1/3,w48,19,1,0,data,ok,18,18,9.3,166.6
mpd,8.0,10,ack-1f,w,2,2,0,ctl,ok,0,0,11.5,166.6
mpd,8.0,10,w48-16qam-r1/3,w48,19,1,0,data,ok,18,18,9.6,166.6
mpd,8.0,10,ack-1f,w,2,2,0,ctl,ok,0,0,12.3,166.6
mpd,8.0,10,w48-16qam-r1/3,w48,19,1,0,data,ok,18,18,9.3,166.6
mpd,8.0,10,ack-1f,w,2,2,0,ctl,ok,0,0,9.0,166.6
mpd,8.0,10,w48-16qam-r1/3,w48,19,1,0,data,ok,18,18,9.1,166.6
mpd,8.0,10,ack-1f,w,3,3,0,ctl,ok,0,0,8.3,166.6
mpd,8.0,10,w48-16qam-r1/3,w48,19,2,1,data,ok,17,1,7.9,166.6
mpd,8.0,10,ack-1f,w,3,3,0,ctl,ok,0,0,8.0,166.6
mpd,8.0,10,w48-16qam-r1/3,w48,19,2,1,data,ok,1,1,8.9,166.6
mpd,8.0,10,ack-1f,w,3,3,0,ctl,ok,0,0,11.8,166.6
mpd,8.0,10,w48-16qam-r1/3,w48,19,2,1,data,ok,17,17,9.4,166.6
mpd,8.0,10,ack-1f,w,2,2,0,ctl,ok,0,0,15.7,166.6
mpd,8.0,10,w48-16qam-r1/3,w48,19,1,0,data,ok,18,18,9.4,166.6
mpd,8.0,10,ack-1f,w,2,2,0,ctl,ok,0,0,11.5,166.6
mpd,8.0,10,w48-16qam-r1/3,w48,19,1,0,data,ok,18,5,8.1,166.6
mpd,8.0,10,ack-1f,w,4,4,0,ctl,ok,0,0,10.9,166.6
mpd,8.0,10,w48-16qam-r1/3,w48,19,2,1,data,ok,4,4,9.5,166.6
mpd,8.0,10,ack-1f,w,2,2,0,ctl,ok,0,0,10.9,166.6
mpd,8.0,10,w48-16qam-r1/3,w48,19,1,0,data,ok,18,18,7.9,166.6
mpd,8.0,10,ack-1f,w,2,2,0,ctl,ok,0,0,10.3,166.6
mpd,8.0,10,w48-16qam-r1/3,w48,19,1,0,data,ok,18,18,8.3,166.6
mpd,8.0,10,ack-1f,w,2,2,0,ctl,ok,0,0,6.6,166.6
mpd,8.0,10,w48-16qam-r1/3,w48,19,1,0,data,ok,18,18,8.7,166.6
mpd,8.0,10,ack-1f,w,2,2,0,ctl,ok,0,0,5.8,166.6
mpd,8.0,10,w48-16qam-r1/3,w48,19,1,0,data,ok,18,18,7.7,166.6
mpd,8.0,10,ack-1f,w,2,2,0,ctl,ok,0,0,11.1,166.6
mpd,8.0,10,w48-16qam-r1/3,w48,19,1,0,data,ok,18,18,8.8,166.6
mpd,8.0,10,ack-1f,w,2,2,0,ctl,ok,0,0,5.1,166.6
mpd,8.0,10,w48-16qam-r1/3,w48,19,1,0,data,ctl_lost,18,10,7.8,166.6
mpd,8.0,10,ack-4f,w,3,3,0,ctl,ok,0,0,9.9,166.6
mpd,8.0,10,ack-4f,w,2,2,0,ctl,ok,0,0,12.1,166.6
mpd,8.0,10,w48-qpsk-r1/2,w48,19,1,0,data,ok,18,18,8.9,166.6
mpd,8.0,10,ack-1f,w,3,3,0,ctl,ok,0,0,10.8,166.6
mpd,8.0,10,w48-16qam-r1/3,w48,19,2,1,data,ok,17,17,8.8,166.6
mpd,8.0,10,ack-1f,w,2,2,0,ctl,ok,0,0,11.4,166.6
mpd,8.0,10,w48-16qam-r1/3,w48,19,1,0,data,ok,18,18,9.5,166.6
mpd,8.0,10,ack-1f,w,2,2,0,ctl,ok,0,0,13.2,166.6
mpd,8.0,10,w48-16qam-r1/3,w48,19,1,0,data,ok,18,18,8.8,166.6
mpd,8.0,10,ack-1f,w,2,2,0,ctl,ok,0,0,7.7,166.6
mpd,8.0,10,w48-16qam-r1/3,w48,19,1,0,data,ok,18,18,8.3,166.6
mpd,8.0,10,ack-1f,w,3,3,0,ctl,ok,0,0,10.4,166.6
mpd,8.0,10,w48-16qam-r1/3,w48,19,2,1,data,ok,17,17,8.2,166.6
mpd,8.0,10,ack-1f,w,3,3,0,ctl,ok,0,0,11.3,166.6
mpd,8.0,10,w48-16qam-r1/3,w48,19,2,1,data,ok,17,17,9.2,166.6
mpd,8.0,10,ack-1f,w,2,2,0,ctl,ok,0,0,10.8,166.6
mpd,8.0,10,w48-16qam-r1/3,w48,19,1,0,data,ok,18,18,9.8,166.6
mpd,8.0,10,ack-1f,w,2,2,0,ctl,ok,0,0,11.8,166.6
mpd,8.0,10,w48-16qam-r1/3,w48,19,1,0,data,ok,18,18,8.0,166.6
mpd,-6.0,2,qpsk-r1/5,w,1,1,0,ctl,ctl_lost,0,0,-4.3,9.3
mpd,-6.0,2,n4-qpsk-r1/3,n4,1,1,0,ctl,ok,0,0,-6.3,9.3
mpd,-6.0,2,n4-qpsk-r1/3,n4,1,1,,ctl,missed,0,0,,9.3
mpd,-6.0,2,n4-qpsk-r1/3,n4,1,1,0,ctl,ok,0,0,-5.5,9.3
mpd,-6.0,2,n4-qpsk-r1/3,n4,1,1,,ctl,missed,0,0,,9.3
mpd,-6.0,2,n4-qpsk-r1/3,n4,1,1,0,ctl,ok,0,0,-8.9,9.3
mpd,-6.0,2,n4-qpsk-r1/3,n4,1,1,0,ctl,ok,0,0,-5.0,9.3
mpd,-6.0,2,ack-4f,w,3,3,0,ctl,ok,0,0,-1.8,9.3
mpd,-6.0,2,ack-4f,w,3,3,,ctl,missed,0,0,,9.3
mpd,-6.0,2,ack-4f,w,3,3,,ctl,missed,0,0,,9.3
mpd,-6.0,2,ack-4f,w,3,3,0,ctl,ok,0,0,-5.5,9.3
mpd,-6.0,2,ack-4f,w,2,2,0,ctl,ok,0,0,-1.9,9.3
mpd,-6.0,2,fsk8r50-r1/2,c8r50,7,1,0,data,ok,6,6,-3.5,9.3
mpd,-6.0,2,n10-ack-4f,n10,3,3,0,ctl,ok,0,0,-6.5,9.3
mpd,-6.0,2,qpsk-r1/5,w,9,2,1,data,ok,7,0,-3.2,9.3
mpd,-6.0,2,ack-4f,w,3,3,,ctl,missed,0,0,,9.3
mpd,-6.0,2,ack-4f,w,3,3,,ctl,missed,0,0,,9.3
mpd,-6.0,2,ack-4f,w,3,3,0,ctl,ok,0,0,-3.0,9.3
mpd,-6.0,2,ack-4f,w,3,3,0,ctl,ok,0,0,-3.6,9.3
mpd,-6.0,2,qpsk-r1/5,w,9,2,1,data,ok,7,2,-2.6,9.3
mpd,-6.0,2,n10-ack-4f,n10,3,3,,ctl,missed,0,0,,9.3
mpd,-6.0,2,ack-4f,w,3,3,0,ctl,ok,0,0,-3.5,9.3
mpd,-6.0,2,ack-4f,w,3,3,0,ctl,ok,0,0,-1.9,9.3
mpd,-6.0,2,qpsk-r1/5,w,9,2,1,data,ok,7,7,-1.6,9.3
mpd,-6.0,2,n4-ack-8f,n4,3,3,0,ctl,ok,0,0,-4.6,9.3
mpd,-6.0,2,qpsk-r1/5,w,9,2,1,data,ok,7,0,-2.4,9.3
mpd,-6.0,2,ack-4f,w,3,3,0,ctl,ok,0,0,-5.0,9.3
mpd,-6.0,2,qpsk-r1/5,w,9,2,1,data,ok,0,0,-3.9,9.3
mpd,-6.0,2,n10-ack-4f,n10,3,3,,ctl,missed,0,0,,9.3
mpd,-6.0,2,ack-4f,w,3,3,0,ctl,ok,0,0,-0.3,9.3
mpd,-6.0,2,ack-4f,w,3,3,0,ctl,ok,0,0,-3.4,9.3
mpd,-6.0,2,qpsk-r1/5,w,9,2,1,data,ok,7,0,-3.1,9.3
mpd,-6.0,2,n4-ack-8f,n4,3,3,,ctl,missed,0,0,,9.3
mpd,-6.0,2,ack-4f,w,3,3,0,ctl,ok,0,0,-3.2,9.3
mpd,-6.0,2,ack-4f,w,3,3,0,ctl,ok,0,0,-3.8,9.3
mpd,-6.0,2,qpsk-r1/5,w,9,2,1,data,ok,7,7,-2.9,9.3
mpd,-6.0,2,n4-ack-8f,n4,3,3,0,ctl,ok,0,0,-5.8,9.3
mpd,-6.0,2,qpsk-r1/5,w,9,2,1,data,ok,7,0,-4.3,9.3
mpd,-6.0,2,ack-4f,w,3,3,0,ctl,ok,0,0,-2.8,9.3
mpd,-6.0,2,qpsk-r1/5,w,9,2,,data,missed,0,0,,9.3
mpd,-6.0,2,ack-4f,w,3,3,0,ctl,ok,0,0,-1.6,9.3
mpd,-6.0,2,ack-4f,w,3,3,0,ctl,ok,0,0,0.4,9.3
mpd,-6.0,2,qpsk-r1/5,w,9,2,1,data,ok,0,0,-3.1,9.3
mpd,-6.0,2,ack-4f,w,3,3,0,ctl,ok,0,0,-0.9,9.3
mpd,-6.0,2,qpsk-r1/5,w,9,2,1,data,ok,7,0,-3.6,9.3
mpd,-6.0,2,ack-4f,w,3,3,0,ctl,ok,0,0,-2.2,9.3
mpd,-6.0,2,fsk32r62-r1/2,c32r62,10,2,1,data,ok,8,8,-3.6,9.3
mpd,-6.0,2,ack-4f,w,3,3,,ctl,missed,0,0,,9.3
mpd,-6.0,2,ack-4f,w,4,4,0,ctl,ok,0,0,-2.8,9.3
mpd,-6.0,2,ack-4f,w,3,3,0,ctl,ok,0,0,-5.2,9.3
mpd,-6.0,2,fsk32r62-r1/2,c32r62,10,2,1,data,ok,8,8,-3.7,9.3
mpd,-6.0,2,ack-4f,w,3,3,0,ctl,ok,0,0,-0.7,9.3
mpd,-6.0,2,fsk32r62-r1/2,c32r62,10,2,1,data,ok,8,8,-3.5,9.3
mpd,-6.0,2,ack-4f,w,2,2,0,ctl,ok,0,0,-1.7,9.3
mpd,-6.0,2,fsk32r62-r1/2,c32r62,9,1,0,data,ok,8,8,-3.0,9.3
mpd,-6.0,2,ack-4f,w,2,2,0,ctl,ok,0,0,0.5,9.3
mpd,-6.0,2,fsk32r62-r1/2,c32r62,9,1,0,data,ok,8,8,-3.2,9.3
mpd,-6.0,2,ack-4f,w,2,2,0,ctl,ok,0,0,-1.4,9.3
mpd,-6.0,2,fsk32r62-r1/2,c32r62,9,1,0,data,ok,8,8,-3.9,9.3
mpd,-6.0,2,ack-4f,w,2,2,0,ctl,ctl_lost,0,0,-5.6,9.3
mpd,-6.0,2,ack-4f,w,3,3,0,ctl,ok,0,0,-5.3,9.3
mpd,-6.0,2,ack-4f,w,3,3,0,ctl,ok,0,0,-2.6,9.3
mpd,-6.0,2,fsk32r62-r1/2,c32r62,10,2,1,data,ok,8,8,-2.7,9.3
mpd,-6.0,2,ack-4f,w,2,2,0,ctl,ctl_lost,0,0,-7.4,9.3
mpd,-6.0,2,ack-4f,w,3,3,0,ctl,ok,0,0,-2.1,9.3
mpd,-6.0,2,ack-4f,w,2,2,0,ctl,ok,0,0,-2.6,9.3
mpd,-6.0,2,fsk32r62-r1/2,c32r62,9,1,0,data,ok,8,8,-3.4,9.3
mpd,-6.0,2,n4-ack-8f,n4,2,2,,ctl,missed,0,0,,9.3
mpd,-6.0,2,ack-4f,w,2,2,0,ctl,ok,0,0,-2.3,9.3
mpd,-6.0,2,ack-4f,w,2,2,0,ctl,ok,0,0,-0.7,9.3
mpd,-6.0,2,fsk32r62-r1/2,c32r62,9,1,0,data,ok,8,8,-3.3,9.3
mpd,8.0,6,qpsk-r1/5,w,1,1,0,ctl,ok,0,0,11.6,168.7
mpd,8.0,6,qpsk-r1/5,w,1,1,0,ctl,ok,0,0,8.3,168.7
mpd,8.0,6,ack-4f,w,3,3,0,ctl,ok,0,0,10.5,168.7
mpd,8.0,6,ack-1f,w,3,3,0,ctl,ok,0,0,10.3,168.7
mpd,8.0,6,w48-16qam-r1/3,w48,19,2,1,data,ok,17,17,9.9,168.7
mpd,8.0,6,ack-1f,w,3,3,0,ctl,ok,0,0,12.0,168.7
mpd,8.0,6,w48-16qam-r1/3,w48,19,2,1,data,ok,17,17,9.2,168.7
mpd,8.0,6,ack-1f,w,2,2,0,ctl,ok,0,0,8.7,168.7
mpd,8.0,6,w48-16qam-r1/3,w48,19,1,0,data,ok,18,18,9.2,168.7
mpd,8.0,6,ack-1f,w,2,2,0,ctl,ok,0,0,8.6,168.7
mpd,8.0,6,w48-16qam-r1/3,w48,19,1,0,data,ok,18,18,9.4,168.7
mpd,8.0,6,ack-1f,w,2,2,0,ctl,ok,0,0,10.4,168.7
mpd,8.0,6,w48-16qam-r1/3,w48,19,1,0,data,ok,18,18,8.4,168.7
mpd,8.0,6,ack-1f,w,3,3,0,ctl,ok,0,0,12.3,168.7
mpd,8.0,6,w48-16qam-r1/3,w48,19,2,1,data,ok,17,17,8.8,168.7
mpd,8.0,6,ack-1f,w,3,3,0,ctl,ok,0,0,9.2,168.7
mpd,8.0,6,w48-16qam-r1/3,w48,19,2,1,data,ok,17,17,8.9,168.7
mpd,8.0,6,ack-1f,w,2,2,0,ctl,ok,0,0,14.6,168.7
mpd,8.0,6,w48-16qam-r1/3,w48,19,1,0,data,ok,18,18,8.2,168.7
mpd,8.0,6,ack-1f,w,3,3,0,ctl,ok,0,0,11.8,168.7
mpd,8.0,6,w48-16qam-r1/3,w48,19,2,1,data,ok,17,17,9.2,168.7
mpd,8.0,6,ack-1f,w,2,2,0,ctl,ok,0,0,6.2,168.7
mpd,8.0,6,w48-16qam-r1/3,w48,19,1,0,data,ok,18,16,7.9,168.7
mpd,8.0,6,ack-1f,w,4,4,0,ctl,ok,0,0,10.0,168.7
mpd,8.0,6,w48-16qam-r1/3,w48,19,2,1,data,ok,15,1,7.1,168.7
mpd,8.0,6,ack-1f,w,3,3,0,ctl,ok,0,0,11.2,168.7
mpd,8.0,6,w48-16qam-r1/3,w48,19,2,1,data,ok,5,5,8.7,168.7
mpd,8.0,6,ack-1f,w,2,2,0,ctl,ok,0,0,7.6,168.7
mpd,8.0,6,w48-16qam-r1/3,w48,19,1,0,data,ctl_lost,18,12,7.7,168.7
mpd,8.0,6,ack-4f,w,3,3,0,ctl,ok,0,0,12.6,168.7
mpd,8.0,6,ack-4f,w,3,3,0,ctl,ok,0,0,11.4,168.7
mpd,8.0,6,w48-16qam-r1/3,w48,19,2,1,data,ok,17,17,8.9,168.7
mpd,8.0,6,ack-1f,w,3,3,0,ctl,ok,0,0,12.8,168.7
mpd,8.0,6,w48-16qam-r1/3,w48,19,2,1,data,ok,17,1,7.3,168.7
mpd,8.0,6,ack-1f,w,4,4,0,ctl,ok,0,0,11.6,168.7
mpd,8.0,6,w48-qpsk-r1/2,w48,19,2,1,data,ok,17,17,9.6,168.7
mpd,8.0,6,ack-1f,w,2,2,0,ctl,ok,0,0,8.7,168.7
mpd,8.0,6,w48-16qam-r1/3,w48,19,1,0,data,ok,18,18,8.1,168.7
mpd,8.0,6,ack-1f,w,3,3,0,ctl,ok,0,0,6.2,168.7
mpd,8.0,6,w48-16qam-r1/3,w48,19,2,1,data,ok,17,17,9.3,168.7
mpd,8.0,6,ack-1f,w,2,2,0,ctl,ok,0,0,11.1,168.7
mpd,8.0,6,w48-16qam-r1/3,w48,19,1,0,data,ok,18,18,8.4,168.7
mpd,8.0,6,ack-1f,w,3,3,0,ctl,ok,0,0,5.5,168.7
mpd,8.0,6,w48-16qam-r1/3,w48,19,2,1,data,ok,17,17,8.6,168.7
mpd,8.0,6,ack-1f,w,3,3,0,ctl,ok,0,0,12.2,168.7
mpd,8.0,6,w48-16qam-r1/3,w48,19,2,1,data,ok,17,17,9.5,168.7
mpd,8.0,6,ack-1f,w,2,2,0,ctl,ok,0,0,8.7,168.7
mpd,8.0,6,w48-16qam-r1/3,w48,19,1,0,data,ok,18,18,9.0,168.7
mpd,8.0,6,ack-1f,w,2,2,0,ctl,ok,0,0,11.5,168.7
mpd,8.0,6,w48-16qam-r1/3,w48,19,1,0,data,ok,18,17,7.7,168.7
mpd,8.0,6,ack-1f,w,3,3,0,ctl,ok,0,0,8.7,168.7
mpd,8.0,6,w48-16qam-r1/3,w48,19,2,1,data,ok,16,16,9.8,168.7
mpd,8.0,6,ack-1f,w,2,2,0,ctl,ok,0,0,11.2,168.7
mpd,8.0,6,w48-16qam-r1/3,w48,19,1,0,data,ok,18,18,10.0,168.7
mpd,8.0,6,ack-1f,w,2,2,0,ctl,ok,0,0,11.7,168.7
mpd,8.0,6,w48-16qam-r1/3,w48,19,1,0,data,ctl_lost,18,4,7.7,168.7
mpd,8.0,6,ack-4f,w,3,3,0,ctl,ok,0,0,11.7,168.7
mpd,8.0,6,ack-4f,w,3,3,0,ctl,ok,0,0,9.2,168.7
mpd,8.0,6,w48-16qam-r1/3,w48,19,2,1,data,ok,17,17,8.5,168.7
mpd,8.0,6,ack-1f,w,3,3,0,ctl,ok,0,0,10.1,168.7
mpd,8.0,6,w48-16qam-r1/3,w48,19,2,1,data,ok,17,17,8.5,168.7
mpd,8.0,6,ack-1f,w,3,3,0,ctl,ok,0,0,12.9,168.7
mpd,8.0,6,w48-16qam-r1/3,w48,19,2,1,data,ok,17,17,8.6,168.7
mpd,8.0,6,ack-1f,w,3,3,0,ctl,ok,0,0,11.2,168.7
mpd,8.0,6,w48-16qam-r1/3,w48,19,2,1,data,ok,17,17,9.6,168.7
mpd,8.0,6,ack-1f,w,2,2,0,ctl,ok,0,0,9.7,168.7
mpd,8.0,6,w48-16qam-r1/3,w48,19,1,0,data,ok,18,18,9.7,168.7
mpd,8.0,6,ack-1f,w,2,2,0,ctl,ok,0,0,9.7,168.7
mpd,8.0,6,w48-16qam-r1/3,w48,19,1,0,data,ok,18,18,9.6,168.7
mpd,8.0,6,ack-1f,w,2,2,0,ctl,ok,0,0,11.6,168.7
mpd,8.0,6,w48-16qam-r1/3,w48,19,1,0,data,ctl_lost,18,11,8.1,168.7
mpd,8.0,6,ack-4f,w,3,3,0,ctl,ok,0,0,11.1,168.7
mpd,8.0,6,ack-4f,w,3,3,0,ctl,ok,0,0,11.2,168.7
mpd,8.0,6,w48-16qam-r1/3,w48,19,2,1,data,ok,17,17,8.9,168.7
mpd,8.0,6,ack-1f,w,3,3,0,ctl,ok,0,0,9.9,168.7
mpd,8.0,6,w48-16qam-r1/3,w48,19,2,1,data,ok,17,17,8.4,168.7
mpd,8.0,6,ack-1f,w,3,3,0,ctl,ok,0,0,12.4,168.7
mpd,8.0,6,w48-16qam-r1/3,w48,19,2,1,data,ok,17,17,9.1,168.7
mpd,8.0,6,ack-1f,w,3,3,0,ctl,ok,0,0,13.1,168.7
mpd,8.0,6,w48-16qam-r1/3,w48,19,2,1,data,ok,17,17,8.8,168.7
mpd,8.0,6,ack-1f,w,2,2,0,ctl,ok,0,0,11.9,168.7
mpd,8.0,6,w48-16qam-r1/3,w48,19,1,0,data,ok,18,18,9.0,168.7
mpd,8.0,6,ack-1f,w,2,2,0,ctl,ok,0,0,11.2,168.7
mpd,8.0,6,w48-16qam-r1/3,w48,19,1,0,data,ok,18,18,9.5,168.7
mpd,8.0,6,ack-1f,w,2,2,0,ctl,ok,0,0,12.5,168.7
mpd,8.0,6,w48-16qam-r1/3,w48,19,1,0,data,ok,18,18,9.7,168.7
mpd,8.0,6,ack-1f,w,2,2,0,ctl,ok,0,0,14.0,168.7
mpd,8.0,6,w48-16qam-r1/3,w48,19,1,0,data,ok,18,9,7.7,168.7
mpd,8.0,6,ack-1f,w,4,4,0,ctl,ok,0,0,12.3,168.7
mpd,8.0,6,w48-16qam-r1/3,w48,19,2,1,data,ok,8,8,9.7,168.7
mpd,8.0,6,ack-1f,w,2,2,0,ctl,ok,0,0,7.9,168.7
mpd,8.0,6,w48-16qam-r1/3,w48,19,1,0,data,ok,18,18,9.4,168.7
mpd,8.0,6,ack-1f,w,2,2,0,ctl,ok,0,0,11.3,168.7
mpd,8.0,6,w48-16qam-r1/3,w48,19,1,0,data,ok,18,18,9.7,168.7
mpd,-6.0,5,qpsk-r1/5,w,1,1,0,ctl,ctl_lost,0,0,-5.3,10.6
mpd,-6.0,5,n4-qpsk-r1/3,n4,1,1,0,ctl,ok,0,0,-4.5,10.6
mpd,-6.0,5,n4-qpsk-r1/3,n4,1,1,,ctl,missed,0,0,,10.6
mpd,-6.0,5,n4-qpsk-r1/3,n4,1,1,0,ctl,ok,0,0,-4.6,10.6
mpd,-6.0,5,n4-qpsk-r1/3,n4,1,1,0,ctl,ok,0,0,-8.0,10.6
mpd,-6.0,5,ack-4f,w,3,3,0,ctl,ok,0,0,-1.8,10.6
mpd,-6.0,5,ack-4f,w,3,3,0,ctl,ok,0,0,-0.7,10.6
mpd,-6.0,5,qpsk-r1/5,w,9,2,1,data,ok,7,0,-3.4,10.6
mpd,-6.0,5,n10-ack-4f,n10,3,3,,ctl,missed,0,0,,10.6
mpd,-6.0,5,ack-4f,w,3,3,0,ctl,ok,0,0,-2.6,10.6
mpd,-6.0,5,ack-4f,w,3,3,0,ctl,ctl_lost,0,0,-8.7,10.6
mpd,-6.0,5,ack-4f,w,3,3,0,ctl,ok,0,0,-1.8,10.6
mpd,-6.0,5,ack-4f,w,3,3,0,ctl,ok,0,0,-1.7,10.6
mpd,-6.0,5,qpsk-r1/5,w,9,2,1,data,ok,7,0,-3.2,10.6
mpd,-6.0,5,n4-ack-8f,n4,3,3,0,ctl,ok,0,0,-6.1,10.6
mpd,-6.0,5,qpsk-r1/5,w,9,2,1,data,ok,7,0,-2.6,10.6
mpd,-6.0,5,ack-4f,w,3,3,0,ctl,ok,0,0,-1.3,10.6
mpd,-6.0,5,qpsk-r1/5,w,9,2,1,data,ok,0,0,-3.0,10.6
mpd,-6.0,5,ack-4f,w,3,3,0,ctl,ok,0,0,-3.9,10.6
mpd,-6.0,5,qpsk-r1/5,w,9,2,1,data,ok,7,0,-3.6,10.6
mpd,-6.0,5,ack-4f,w,3,3,,ctl,missed,0,0,,10.6
mpd,-6.0,5,ack-4f,w,3,3,0,ctl,ok,0,0,-3.3,10.6
mpd,-6.0,5,ack-4f,w,3,3,0,ctl,ok,0,0,-5.6,10.6
mpd,-6.0,5,qpsk-r1/5,w,9,2,1,data,ok,7,0,-3.7,10.6
mpd,-6.0,5,n4-ack-8f,n4,3,3,0,ctl,ok,0,0,-6.7,10.6
mpd,-6.0,5,qpsk-r1/5,w,9,2,1,data,ok,7,0,-3.5,10.6
mpd,-6.0,5,ack-4f,w,3,3,0,ctl,ok,0,0,-4.3,10.6
mpd,-6.0,5,fsk32r62-r1/2,c32r62,10,2,1,data,ok,8,8,-3.5,10.6
mpd,-6.0,5,ack-4f,w,3,3,0,ctl,ok,0,0,-1.3,10.6
mpd,-6.0,5,fsk32r62-r1/2,c32r62,10,2,1,data,ok,8,8,-3.1,10.6
mpd,-6.0,5,ack-4f,w,2,2,0,ctl,ok,0,0,-4.7,10.6
mpd,-6.0,5,fsk32r62-r1/2,c32r62,9,1,0,data,ok,8,8,-3.3,10.6
mpd,-6.0,5,ack-4f,w,2,2,0,ctl,ok,0,0,-4.2,10.6
mpd,-6.0,5,fsk32r62-r1/2,c32r62,9,1,0,data,ok,8,8,-3.2,10.6
mpd,-6.0,5,ack-4f,w,2,2,0,ctl,ok,0,0,-2.3,10.6
mpd,-6.0,5,fsk32r62-r1/2,c32r62,9,1,0,data,ok,8,8,-3.1,10.6
mpd,-6.0,5,ack-4f,w,2,2,0,ctl,ctl_lost,0,0,-8.5,10.6
mpd,-6.0,5,ack-4f,w,3,3,0,ctl,ok,0,0,-1.5,10.6
mpd,-6.0,5,ack-4f,w,3,3,0,ctl,ok,0,0,-0.7,10.6
mpd,-6.0,5,fsk32r62-r1/2,c32r62,10,2,1,data,ok,8,8,-3.0,10.6
mpd,-6.0,5,n4-ack-8f,n4,2,2,0,ctl,ok,0,0,-7.2,10.6
mpd,-6.0,5,fsk32r62-r1/2,c32r62,9,1,0,data,ctl_lost,8,8,-3.5,10.6
mpd,-6.0,5,ack-4f,w,3,3,0,ctl,ok,0,0,-4.6,10.6
mpd,-6.0,5,ack-4f,w,3,3,0,ctl,ok,0,0,-3.6,10.6
mpd,-6.0,5,fsk32r62-r1/2,c32r62,10,2,1,data,ok,8,8,-3.7,10.6
mpd,-6.0,5,n4-ack-8f,n4,3,3,0,ctl,ok,0,0,-7.0,10.6
mpd,-6.0,5,fsk32r62-r1/2,c32r62,10,2,1,data,ok,8,8,-3.2,10.6
mpd,-6.0,5,ack-4f,w,2,2,0,ctl,ok,0,0,-2.9,10.6
mpd,-6.0,5,fsk32r62-r1/2,c32r62,9,1,0,data,ok,8,8,-3.3,10.6
mpd,-6.0,5,ack-4f,w,2,2,0,ctl,ok,0,0,-2.0,10.6
mpd,-6.0,5,fsk32r62-r1/2,c32r62,9,1,0,data,ok,8,8,-3.4,10.6
mpd,-6.0,5,ack-4f,w,2,2,0,ctl,ok,0,0,-1.3,10.6
mpd,-6.0,5,fsk32r62-r1/2,c32r62,9,1,0,data,ok,8,8,-3.8,10.6
mpd,-6.0,5,ack-4f,w,2,2,0,ctl,ok,0,0,-3.5,10.6
mpd,-6.0,5,fsk32r62-r1/2,c32r62,9,1,0,data,ok,8,8,-3.9,10.6
mpd,-6.0,5,ack-4f,w,2,2,0,ctl,ok,0,0,-4.3,10.6
mpd,-6.0,5,fsk32r62-r1/2,c32r62,9,1,0,data,ok,8,8,-3.2,10.6
mpp,-8.0,1,qpsk-r1/5,w,1,1,0,ctl,ok,0,0,-2.8,0.0
mpp,-8.0,1,qpsk-r1/5,w,1,1,0,ctl,ctl_lost,0,0,-4.0,0.0
mpp,-8.0,1,n4-qpsk-r1/3,n4,1,1,,ctl,missed,0,0,,0.0
mpp,-8.0,1,n4-qpsk-r1/3,n4,1,1,,ctl,missed,0,0,,0.0
mpp,-8.0,1,n4-qpsk-r1/3,n4,1,1,0,ctl,ok,0,0,-5.0,0.0
mpp,-8.0,1,n4-qpsk-r1/3,n4,1,1,,ctl,missed,0,0,,0.0
mpp,-8.0,1,n4-qpsk-r1/3,n4,1,1,,ctl,missed,0,0,,0.0
mpd,8.0,3,qpsk-r1/5,w,1,1,0,ctl,ok,0,0,11.5,158.5
mpd,8.0,3,qpsk-r1/5,w,1,1,0,ctl,ok,0,0,11.4,158.5
mpd,8.0,3,ack-4f,w,2,2,0,ctl,ok,0,0,11.0,158.5
mpd,8.0,3,ack-1f,w,3,3,0,ctl,ok,0,0,11.4,158.5
mpd,8.0,3,w48-16qam-r1/3,w48,19,2,1,data,ok,17,17,9.0,158.5
mpd,8.0,3,ack-1f,w,3,3,0,ctl,ok,0,0,8.2,158.5
mpd,8.0,3,w48-16qam-r1/3,w48,19,2,1,data,ok,17,17,8.8,158.5
mpd,8.0,3,ack-1f,w,3,3,0,ctl,ok,0,0,13.3,158.5
mpd,8.0,3,w48-16qam-r1/3,w48,19,2,1,data,ok,17,17,9.7,158.5
mpd,8.0,3,ack-1f,w,2,2,0,ctl,ok,0,0,11.8,158.5
mpd,8.0,3,w48-16qam-r1/3,w48,19,1,0,data,ok,18,18,10.2,158.5
mpd,8.0,3,ack-1f,w,2,2,0,ctl,ok,0,0,9.7,158.5
mpd,8.0,3,w48-16qam-r1/3,w48,19,1,0,data,ok,18,18,9.2,158.5
mpd,8.0,3,ack-1f,w,2,2,0,ctl,ok,0,0,8.2,158.5
mpd,8.0,3,w48-16qam-r1/3,w48,19,1,0,data,ok,18,18,9.8,158.5
mpd,8.0,3,ack-1f,w,2,2,0,ctl,ok,0,0,11.8,158.5
mpd,8.0,3,w48-16qam-r1/3,w48,19,1,0,data,ok,18,18,8.7,158.5
mpd,8.0,3,ack-1f,w,2,2,0,ctl,ok,0,0,10.2,158.5
mpd,8.0,3,w48-16qam-r1/3,w48,19,1,0,data,ctl_lost,18,17,7.8,158.5
mpd,8.0,3,ack-4f,w,3,3,0,ctl,ok,0,0,11.0,158.5
mpd,8.0,3,ack-4f,w,2,2,0,ctl,ok,0,0,11.1,158.5
mpd,8.0,3,w48-qpsk-r1/2,w48,19,1,0,data,ok,18,18,10.2,158.5
mpd,8.0,3,ack-1f,w,3,3,0,ctl,ok,0,0,10.0,158.5
mpd,8.0,3,w48-16qam-r1/3,w48,19,2,1,data,ok,17,10,7.7,158.5
mpd,8.0,3,ack-1f,w,4,4,0,ctl,ok,0,0,12.1,158.5
mpd,8.0,3,w48-16qam-r1/3,w48,19,2,1,data,ok,10,1,7.5,158.5
mpd,8.0,3,ack-1f,w,3,3,0,ctl,ok,0,0,11.7,158.5
mpd,8.0,3,w48-16qam-r1/3,w48,19,2,1,data,ok,13,13,8.6,158.5
mpd,8.0,3,ack-1f,w,3,3,0,ctl,ok,0,0,13.0,158.5
mpd,8.0,3,w48-16qam-r1/3,w48,19,2,1,data,ok,17,17,8.4,158.5
mpd,8.0,3,ack-1f,w,3,3,0,ctl,ok,0,0,10.2,158.5
mpd,8.0,3,w48-16qam-r1/3,w48,19,2,1,data,ok,17,2,7.2,158.5
mpd,8.0,3,ack-1f,w,3,3,0,ctl,ok,0,0,10.6,158.5
mpd,8.0,3,w48-qpsk-r1/2,w48,19,1,0,data,ok,18,18,9.1,158.5
mpd,8.0,3,ack-1f,w,3,3,0,ctl,ok,0,0,12.7,158.5
mpd,8.0,3,w48-16qam-r1/3,w48,19,2,1,data,ok,17,17,8.4,158.5
mpd,8.0,3,ack-1f,w,2,2,0,ctl,ok,0,0,10.0,158.5
mpd,8.0,3,w48-16qam-r1/3,w48,19,1,0,data,ok,18,18,8.7,158.5
mpd,8.0,3,ack-1f,w,2,2,0,ctl,ok,0,0,12.7,158.5
mpd,8.0,3,w48-16qam-r1/3,w48,19,1,0,data,ok,18,18,8.5,158.5
mpd,8.0,3,ack-1f,w,2,2,0,ctl,ok,0,0,11.5,158.5
mpd,8.0,3,w48-16qam-r1/3,w48,19,1,0,data,ok,18,18,8.5,158.5
mpd,8.0,3,ack-1f,w,2,2,0,ctl,ok,0,0,7.3,158.5
mpd,8.0,3,w48-16qam-r1/3,w48,19,1,0,data,ok,18,18,8.9,158.5
mpd,8.0,3,ack-1f,w,2,2,0,ctl,ok,0,0,9.9,158.5
mpd,8.0,3,w48-16qam-r1/3,w48,19,1,0,data,ok,18,18,9.1,158.5
mpd,8.0,3,ack-1f,w,2,2,0,ctl,ok,0,0,13.1,158.5
mpd,8.0,3,w48-16qam-r1/3,w48,19,1,0,data,ok,18,18,8.8,158.5
mpd,8.0,3,ack-1f,w,2,2,0,ctl,ok,0,0,12.2,158.5
mpd,8.0,3,w48-16qam-r1/3,w48,19,1,0,data,ok,18,18,8.3,158.5
mpd,8.0,3,ack-1f,w,2,2,0,ctl,ok,0,0,9.6,158.5
mpd,8.0,3,w48-16qam-r1/3,w48,19,1,0,data,ctl_lost,18,0,7.7,158.5
mpd,8.0,3,ack-4f,w,2,2,0,ctl,ok,0,0,11.5,158.5
mpd,8.0,3,ack-4f,w,3,3,0,ctl,ok,0,0,10.1,158.5
mpd,8.0,3,w48-16qam-r1/3,w48,19,2,1,data,ok,17,16,8.2,158.5
mpd,8.0,3,ack-1f,w,3,3,0,ctl,ok,0,0,9.9,158.5
mpd,8.0,3,w48-16qam-r1/3,w48,19,2,1,data,ok,16,16,9.2,158.5
mpd,8.0,3,ack-1f,w,2,2,0,ctl,ok,0,0,12.2,158.5
mpd,8.0,3,w48-16qam-r1/3,w48,19,1,0,data,ok,18,18,10.7,158.5
mpd,8.0,3,ack-1f,w,2,2,0,ctl,ok,0,0,9.4,158.5
mpd,8.0,3,w48-16qam-r1/3,w48,19,1,0,data,ok,18,18,8.6,158.5
mpd,8.0,3,ack-1f,w,2,2,0,ctl,ok,0,0,6.3,158.5
mpd,8.0,3,w48-16qam-r1/3,w48,19,1,0,data,ok,18,18,9.3,158.5
mpd,8.0,3,ack-1f,w,2,2,0,ctl,ok,0,0,12.9,158.5
mpd,8.0,3,w48-16qam-r1/3,w48,19,1,0,data,ok,18,18,8.5,158.5
mpd,8.0,3,ack-1f,w,2,2,0,ctl,ok,0,0,10.5,158.5
mpd,8.0,3,w48-16qam-r1/3,w48,19,1,0,data,ok,18,18,9.4,158.5
mpd,8.0,3,ack-1f,w,2,2,0,ctl,ok,0,0,11.0,158.5
mpd,8.0,3,w48-16qam-r1/3,w48,19,1,0,data,ok,18,18,7.9,158.5
mpd,8.0,3,ack-1f,w,2,2,0,ctl,ok,0,0,9.0,158.5
mpd,8.0,3,w48-16qam-r1/3,w48,19,1,0,data,ok,18,18,8.9,158.5
mpd,8.0,3,ack-1f,w,2,2,0,ctl,ok,0,0,9.0,158.5
mpd,8.0,3,w48-16qam-r1/3,w48,19,1,0,data,ok,18,1,7.6,158.5
mpd,8.0,3,ack-1f,w,4,4,0,ctl,ok,0,0,12.2,158.5
mpd,8.0,3,w48-16qam-r1/3,w48,19,2,1,data,ok,0,0,9.0,158.5
mpd,8.0,3,ack-1f,w,2,2,0,ctl,ok,0,0,6.4,158.5
mpd,8.0,3,w48-16qam-r1/3,w48,19,1,0,data,ok,18,18,10.0,158.5
mpd,8.0,3,ack-1f,w,2,2,0,ctl,ok,0,0,13.0,158.5
mpd,8.0,3,w48-16qam-r1/3,w48,19,1,0,data,ctl_lost,18,8,8.0,158.5
mpd,8.0,3,ack-4f,w,3,3,0,ctl,ok,0,0,11.4,158.5
mpd,8.0,3,ack-4f,w,3,3,0,ctl,ok,0,0,10.5,158.5
mpd,8.0,3,w48-16qam-r1/3,w48,19,2,1,data,ok,17,17,10.3,158.5
mpd,8.0,3,ack-1f,w,2,2,0,ctl,ok,0,0,9.4,158.5
mpd,8.0,3,w48-16qam-r1/3,w48,19,1,0,data,ok,18,18,9.0,158.5
mpd,8.0,3,ack-1f,w,2,2,0,ctl,ok,0,0,13.3,158.5
mpd,8.0,3,w48-16qam-r1/3,w48,19,1,0,data,ok,18,18,10.5,158.5
mpd,8.0,3,ack-1f,w,2,2,0,ctl,ok,0,0,8.7,158.5
mpd,8.0,3,w48-16qam-r1/3,w48,19,1,0,data,ctl_lost,18,0,7.1,158.5
mpd,8.0,3,ack-4f,w,3,3,0,ctl,ok,0,0,10.8,158.5
mpd,8.0,3,ack-4f,w,2,2,0,ctl,ok,0,0,11.5,158.5
mpd,8.0,3,w48-qpsk-r1/2,w48,19,1,0,data,ok,18,18,9.4,158.5
mpd,8.0,3,ack-1f,w,3,3,0,ctl,ok,0,0,13.3,158.5
mpd,8.0,3,w48-16qam-r1/3,w48,19,2,1,data,ok,17,1,7.5,158.5
mpd,8.0,3,ack-1f,w,3,3,0,ctl,ok,0,0,10.7,158.5
mpd,-6.0,3,qpsk-r1/5,w,1,1,0,ctl,ctl_lost,0,0,-4.7,10.2
mpd,-6.0,3,n4-qpsk-r1/3,n4,1,1,0,ctl,ok,0,0,-9.0,10.2
mpd,-6.0,3,n4-qpsk-r1/3,n4,1,1,0,ctl,ok,0,0,-3.2,10.2
mpd,-6.0,3,ack-4f,w,3,3,0,ctl,ok,0,0,-3.2,10.2
mpd,-6.0,3,ack-4f,w,3,3,0,ctl,ctl_lost,0,0,-5.7,10.2
mpd,-6.0,3,ack-4f,w,3,3,0,ctl,ok,0,0,-2.5,10.2
mpd,-6.0,3,ack-4f,w,3,3,0,ctl,ok,0,0,-4.3,10.2
mpd,-6.0,3,qpsk-r1/5,w,9,2,1,data,ok,7,0,-3.1,10.2
mpd,-6.0,3,n4-ack-8f,n4,3,3,0,ctl,ok,0,0,-7.1,10.2
mpd,-6.0,3,qpsk-r1/5,w,9,2,1,data,ok,0,0,-3.3,10.2
mpd,-6.0,3,ack-4f,w,3,3,,ctl,missed,0,0,,10.2
mpd,-6.0,3,ack-4f,w,3,3,0,ctl,ok,0,0,-2.5,10.2
mpd,-6.0,3,ack-4f,w,3,3,0,ctl,ok,0,0,-6.2,10.2
mpd,-6.0,3,qpsk-r1/5,w,9,2,1,data,ok,7,0,-3.2,10.2
mpd,-6.0,3,n4-ack-8f,n4,3,3,,ctl,missed,0,0,,10.2
mpd,-6.0,3,ack-4f,w,3,3,0,ctl,ok,0,0,-1.3,10.2
mpd,-6.0,3,ack-4f,w,3,3,0,ctl,ok,0,0,-4.1,10.2
mpd,-6.0,3,qpsk-r1/5,w,9,2,1,data,ok,7,0,-3.3,10.2
mpd,-6.0,3,n4-ack-8f,n4,3,3,0,ctl,ok,0,0,-4.5,10.2
mpd,-6.0,3,qpsk-r1/5,w,9,2,1,data,ok,7,0,-2.8,10.2
mpd,-6.0,3,ack-4f,w,3,3,0,ctl,ok,0,0,-4.8,10.2
mpd,-6.0,3,qpsk-r1/5,w,9,2,1,data,ok,0,0,-3.4,10.2
mpd,-6.0,3,n4-ack-8f,n4,3,3,0,ctl,ok,0,0,-4.1,10.2
mpd,-6.0,3,qpsk-r1/5,w,9,2,1,data,ok,7,0,-2.6,10.2
mpd,-6.0,3,ack-4f,w,3,3,,ctl,missed,0,0,,10.2
mpd,-6.0,3,ack-4f,w,3,3,0,ctl,ok,0,0,-2.0,10.2
mpd,-6.0,3,ack-4f,w,3,3,0,ctl,ok,0,0,-5.6,10.2
mpd,-6.0,3,qpsk-r1/5,w,9,2,1,data,ok,7,0,-3.4,10.2
mpd,-6.0,3,ack-4f,w,3,3,0,ctl,ok,0,0,-6.3,10.2
mpd,-6.0,3,qpsk-r1/5,w,9,2,1,data,ok,7,0,-3.1,10.2
mpd,-6.0,3,n4-ack-8f,n4,2,2,,ctl,missed,0,0,,10.2
mpd,-6.0,3,ack-4f,w,3,3,0,ctl,ok,0,0,-3.7,10.2
mpd,-6.0,3,ack-4f,w,3,3,0,ctl,ok,0,0,-2.7,10.2
mpd,-6.0,3,qpsk-r1/5,w,9,2,1,data,ctl_lost,7,0,-5.2,10.2
mpd,-6.0,3,ack-4f,w,3,3,0,ctl,ok,0,0,-1.3,10.2
mpd,-6.0,3,ack-4f,w,3,3,0,ctl,ok,0,0,-3.0,10.2
mpd,-6.0,3,fsk32r62-r1/2,c32r62,10,2,1,data,ok,8,8,-3.3,10.2
mpd,-6.0,3,ack-4f,w,3,3,0,ctl,ok,0,0,-2.0,10.2
mpd,-6.0,3,fsk32r62-r1/2,c32r62,10,2,1,data,ok,8,8,-2.9,10.2
mpd,-6.0,3,ack-4f,w,2,2,,ctl,missed,0,0,,10.2
mpd,-6.0,3,ack-4f,w,3,3,0,ctl,ok,0,0,-0.9,10.2
mpd,-6.0,3,ack-4f,w,3,3,0,ctl,ok,0,0,-5.0,10.2
mpd,-6.0,3,fsk32r62-r1/2,c32r62,10,2,1,data,ok,8,8,-3.6,10.2
mpd,-6.0,3,ack-4f,w,2,2,,ctl,missed,0,0,,10.2
mpd,-6.0,3,ack-4f,w,3,3,0,ctl,ok,0,0,-1.9,10.2
mpd,-6.0,3,ack-4f,w,3,3,0,ctl,ok,0,0,-0.2,10.2
mpd,-6.0,3,fsk32r62-r1/2,c32r62,10,2,1,data,ok,8,8,-3.8,10.2
mpd,-6.0,3,ack-4f,w,3,3,0,ctl,ok,0,0,-4.5,10.2
mpd,-6.0,3,fsk32r62-r1/2,c32r62,10,2,1,data,ok,8,8,-3.4,10.2
mpd,-6.0,3,ack-4f,w,2,2,0,ctl,ok,0,0,-2.1,10.2
mpd,-6.0,3,fsk32r62-r1/2,c32r62,9,1,0,data,ok,8,8,-3.4,10.2
mpd,-6.0,3,ack-4f,w,2,2,0,ctl,ok,0,0,-1.9,10.2
mpd,-6.0,3,fsk32r62-r1/2,c32r62,9,1,0,data,ok,8,8,-3.4,10.2
mpd,-6.0,3,ack-4f,w,2,2,0,ctl,ok,0,0,-3.7,10.2
mpd,-6.0,3,fsk32r62-r1/2,c32r62,9,1,0,data,ok,8,8,-3.6,10.2
mpd,-6.0,3,ack-4f,w,2,2,0,ctl,ok,0,0,-3.4,10.2
mpd,-6.0,3,fsk32r62-r1/2,c32r62,9,1,0,data,ok,8,8,-3.2,10.2
mpd,-6.0,3,ack-4f,w,2,2,0,ctl,ctl_lost,0,0,-8.1,10.2
mpd,-6.0,3,ack-4f,w,3,3,0,ctl,ok,0,0,-0.8,10.2
mpd,-6.0,3,ack-4f,w,2,2,0,ctl,ok,0,0,-4.2,10.2
mpd,-6.0,3,fsk32r62-r1/2,c32r62,9,1,0,data,ok,8,8,-3.3,10.2
mpd,-6.0,3,n4-ack-8f,n4,2,2,,ctl,missed,0,0,,10.2
mpd,-6.0,3,ack-4f,w,3,3,0,ctl,ctl_lost,0,0,-5.8,10.2
mpd,-6.0,3,ack-4f,w,3,3,0,ctl,ok,0,0,-1.1,10.2
mpd,-6.0,3,ack-4f,w,3,3,0,ctl,ok,0,0,-5.2,10.2
mpd,-6.0,3,fsk32r62-r1/2,c32r62,10,2,1,data,ok,8,8,-3.1,10.2
mpd,-6.0,3,n4-ack-8f,n4,2,2,0,ctl,ok,0,0,-5.7,10.2
mpd,-6.0,3,fsk32r62-r1/2,c32r62,9,1,0,data,ctl_lost,8,8,-3.7,10.2
mpd,-6.0,8,qpsk-r1/5,w,1,1,0,ctl,ctl_lost,0,0,-4.0,10.6
mpd,-6.0,8,n4-qpsk-r1/3,n4,1,1,0,ctl,ok,0,0,-5.2,10.6
mpd,-6.0,8,n4-qpsk-r1/3,n4,1,1,,ctl,missed,0,0,,10.6
mpd,-6.0,8,n4-qpsk-r1/3,n4,1,1,0,ctl,ok,0,0,-5.4,10.6
mpd,-6.0,8,n4-qpsk-r1/3,n4,1,1,0,ctl,ok,0,0,-6.7,10.6
mpd,-6.0,8,ack-4f,w,3,3,0,ctl,ok,0,0,-5.6,10.6
mpd,-6.0,8,ack-4f,w,3,3,0,ctl,ok,0,0,-2.8,10.6
mpd,-6.0,8,fsk32r62-r1/2,c32r62,10,2,1,data,ok,8,8,-3.7,10.6
mpd,-6.0,8,n10-ack-4f,n10,3,3,0,ctl,ok,0,0,-7.5,10.6
mpd,-6.0,8,qpsk-r1/5,w,9,2,1,data,ok,7,0,-5.1,10.6
mpd,-6.0,8,ack-4f,w,3,3,0,ctl,ok,0,0,-0.8,10.6
mpd,-6.0,8,fsk32r62-r1/2,c32r62,10,2,1,data,ok,8,8,-2.8,10.6
mpd,-6.0,8,ack-4f,w,3,3,0,ctl,ok,0,0,-1.9,10.6
mpd,-6.0,8,qpsk-r1/5,w,9,2,1,data,ok,7,0,-2.2,10.6
mpd,-6.0,8,ack-4f,w,3,3,0,ctl,ok,0,0,-1.8,10.6
mpd,-6.0,8,fsk32r62-r1/2,c32r62,10,2,1,data,ok,8,8,-3.2,10.6
mpd,-6.0,8,ack-4f,w,2,2,0,ctl,ok,0,0,-4.5,10.6
mpd,-6.0,8,fsk32r62-r1/2,c32r62,9,1,0,data,ok,8,8,-2.7,10.6
mpd,-6.0,8,n10-ack-4f,n10,2,2,,ctl,missed,0,0,,10.6
mpd,-6.0,8,ack-4f,w,3,3,0,ctl,ok,0,0,-5.0,10.6
mpd,-6.0,8,ack-4f,w,3,3,0,ctl,ok,0,0,-4.2,10.6
mpd,-6.0,8,fsk32r62-r1/2,c32r62,10,2,1,data,ok,8,7,-3.9,10.6
mpd,-6.0,8,ack-4f,w,3,3,0,ctl,ok,0,0,-3.3,10.6
mpd,-6.0,8,fsk32r62-r1/2,c32r62,9,1,0,data,ctl_lost,7,7,-3.4,10.6
mpd,-6.0,8,ack-4f,w,3,3,0,ctl,ok,0,0,-0.7,10.6
mpd,-6.0,8,ack-4f,w,3,3,0,ctl,ok,0,0,-2.8,10.6
mpd,-6.0,8,fsk32r62-r1/2,c32r62,10,2,1,data,ok,7,7,-3.6,10.6
mpd,-6.0,8,ack-4f,w,3,3,0,ctl,ok,0,0,-1.1,10.6
mpd,-6.0,8,fsk32r62-r1/2,c32r62,10,2,1,data,ok,8,8,-3.0,10.6
mpd,-6.0,8,ack-4f,w,2,2,0,ctl,ok,0,0,-2.6,10.6
mpd,-6.0,8,fsk32r62-r1/2,c32r62,9,1,0,data,ok,8,8,-3.0,10.6
mpd,-6.0,8,ack-4f,w,2,2,0,ctl,ok,0,0,-4.2,10.6
mpd,-6.0,8,fsk32r62-r1/2,c32r62,9,1,0,data,ok,8,8,-3.6,10.6
mpd,-6.0,8,ack-4f,w,2,2,0,ctl,ok,0,0,-1.9,10.6
mpd,-6.0,8,fsk32r62-r1/2,c32r62,9,1,0,data,ok,8,8,-3.4,10.6
mpd,-6.0,8,ack-4f,w,2,2,0,ctl,ok,0,0,-3.2,10.6
mpd,-6.0,8,fsk32r62-r1/2,c32r62,9,1,0,data,ok,8,8,-3.3,10.6
mpd,-6.0,8,ack-4f,w,2,2,,ctl,missed,0,0,,10.6
mpd,-6.0,8,ack-4f,w,3,3,0,ctl,ok,0,0,-3.8,10.6
mpd,-6.0,8,ack-4f,w,3,3,0,ctl,ok,0,0,-5.1,10.6
mpd,-6.0,8,fsk32r62-r1/2,c32r62,10,2,1,data,ok,8,8,-3.3,10.6
mpd,-6.0,8,ack-4f,w,2,2,0,ctl,ok,0,0,-6.9,10.6
mpd,-6.0,8,fsk32r62-r1/2,c32r62,9,1,0,data,ok,8,8,-3.0,10.6
mpd,-6.0,8,ack-4f,w,2,2,0,ctl,ok,0,0,-5.0,10.6
mpd,-6.0,8,fsk32r62-r1/2,c32r62,9,1,0,data,ok,8,8,-3.4,10.6
mpd,-6.0,8,ack-4f,w,2,2,0,ctl,ok,0,0,-4.1,10.6
mpd,-6.0,8,fsk32r62-r1/2,c32r62,9,1,0,data,ctl_lost,8,8,-3.3,10.6
mpd,-6.0,8,ack-4f,w,3,3,0,ctl,ok,0,0,-1.5,10.6
mpd,-6.0,8,ack-4f,w,3,3,0,ctl,ctl_lost,0,0,-8.3,10.6
mpd,-6.0,4,qpsk-r1/5,w,1,1,0,ctl,ctl_lost,0,0,-2.5,10.2
mpd,-6.0,4,n4-qpsk-r1/3,n4,1,1,0,ctl,ok,0,0,-6.8,10.2
mpd,-6.0,4,n4-qpsk-r1/3,n4,1,1,0,ctl,ok,0,0,-8.5,10.2
mpd,-6.0,4,ack-4f,w,3,3,0,ctl,ok,0,0,-3.7,10.2
mpd,-6.0,4,n10-ack-4f,n10,3,3,0,ctl,ok,0,0,-4.0,10.2
mpd,-6.0,4,fsk32r62-r1/2,c32r62,10,2,1,data,ok,8,8,-3.5,10.2
mpd,-6.0,4,ack-4f,w,3,3,0,ctl,ok,0,0,-2.3,10.2
mpd,-6.0,4,qpsk-r1/5,w,9,2,1,data,ok,7,1,-3.0,10.2
mpd,-6.0,4,n10-ack-4f,n10,3,3,0,ctl,ok,0,0,-4.1,10.2
mpd,-6.0,4,qpsk-r1/5,w,9,2,1,data,ok,2,0,-2.1,10.2
mpd,-6.0,4,ack-4f,w,3,3,0,ctl,ok,0,0,-2.7,10.2
mpd,-6.0,4,qpsk-r1/5,w,9,2,1,data,ok,7,0,-4.5,10.2
mpd,-6.0,4,n10-ack-4f,n10,3,3,0,ctl,ok,0,0,-3.0,10.2
mpd,-6.0,4,qpsk-r1/5,w,9,2,1,data,ok,0,0,-4.3,10.2
mpd,-6.0,4,ack-4f,w,3,3,0,ctl,ok,0,0,-2.8,10.2
mpd,-6.0,4,qpsk-r1/5,w,9,2,1,data,ok,7,2,-2.3,10.2
mpd,-6.0,4,ack-4f,w,3,3,0,ctl,ok,0,0,-2.3,10.2
mpd,-6.0,4,qpsk-r1/5,w,9,2,1,data,ok,2,0,-2.0,10.2
mpd,-6.0,4,n10-ack-4f,n10,2,2,,ctl,missed,0,0,,10.2
mpd,-6.0,4,ack-4f,w,3,3,0,ctl,ok,0,0,-3.2,10.2
mpd,-6.0,4,ack-4f,w,3,3,,ctl,missed,0,0,,10.2
mpd,-6.0,4,ack-4f,w,3,3,0,ctl,ok,0,0,-2.9,10.2
mpd,-6.0,4,ack-4f,w,3,3,0,ctl,ok,0,0,-3.0,10.2
mpd,-6.0,4,qpsk-r1/5,w,9,2,,data,missed,0,0,,10.2
mpd,-6.0,4,ack-4f,w,3,3,0,ctl,ok,0,0,-0.9,10.2
mpd,-6.0,4,ack-4f,w,3,3,0,ctl,ok,0,0,-3.5,10.2
mpd,-6.0,4,qpsk-r1/5,w,9,2,1,data,ctl_lost,7,0,-3.3,10.2
mpd,-6.0,4,ack-4f,w,2,2,0,ctl,ok,0,0,-5.3,10.2
mpd,-6.0,4,ack-4f,w,3,3,0,ctl,ok,0,0,-3.4,10.2
mpd,-6.0,4,qpsk-r1/5,w,9,2,1,data,ok,7,0,-2.7,10.2
mpd,-6.0,4,n10-ack-4f,n10,3,3,0,ctl,ok,0,0,-3.3,10.2
mpd,-6.0,4,qpsk-r1/5,w,9,2,1,data,ctl_lost,0,0,-4.8,10.2
mpd,-6.0,4,ack-4f,w,3,3,0,ctl,ok,0,0,-3.9,10.2
mpd,-6.0,4,ack-4f,w,3,3,0,ctl,ctl_lost,0,0,-1.2,10.2
mpd,-6.0,4,ack-4f,w,3,3,0,ctl,ok,0,0,-1.5,10.2
mpd,-6.0,4,ack-4f,w,3,3,0,ctl,ok,0,0,-5.4,10.2
mpd,-6.0,4,qpsk-r1/5,w,9,2,1,data,ok,0,0,-3.5,10.2
mpd,-6.0,4,n10-ack-4f,n10,3,3,0,ctl,ok,0,0,-2.1,10.2
mpd,-6.0,4,qpsk-r1/5,w,9,2,1,data,ok,7,1,-3.2,10.2
mpd,-6.0,4,ack-4f,w,3,3,0,ctl,ok,0,0,-4.6,10.2
mpd,-6.0,4,qpsk-r1/5,w,9,2,1,data,ok,1,0,-1.3,10.2
mpd,-6.0,4,ack-4f,w,3,3,0,ctl,ok,0,0,-1.9,10.2
mpd,-6.0,4,qpsk-r1/5,w,9,2,1,data,ok,6,6,-1.2,10.2
mpd,-6.0,4,n10-ack-4f,n10,2,2,0,ctl,ok,0,0,-1.5,10.2
mpd,-6.0,4,qpsk-r1/5,w,9,1,0,data,ctl_lost,8,0,-2.8,10.2
mpd,-6.0,4,ack-4f,w,3,3,0,ctl,ok,0,0,-3.4,10.2
mpd,-6.0,4,ack-4f,w,3,3,0,ctl,ok,0,0,-2.9,10.2
mpd,-6.0,4,fsk32r62-r1/2,c32r62,10,2,1,data,ok,8,8,-3.4,10.2
mpd,-6.0,4,ack-4f,w,2,2,0,ctl,ok,0,0,-4.0,10.2
mpd,-6.0,4,fsk32r62-r1/2,c32r62,9,1,0,data,ok,8,8,-2.9,10.2
mpd,-6.0,4,n10-ack-4f,n10,2,2,0,ctl,ok,0,0,-0.4,10.2
mpd,-6.0,4,fsk32r62-r1/2,c32r62,9,1,0,data,ok,8,8,-3.4,10.2
mpd,-6.0,4,ack-4f,w,2,2,0,ctl,ok,0,0,-5.6,10.2
mpd,-6.0,4,fsk32r62-r1/2,c32r62,9,1,0,data,ok,8,8,-4.1,10.2
mpd,-6.0,4,n10-ack-4f,n10,2,2,0,ctl,ok,0,0,-3.0,10.2
mpd,-6.0,4,fsk32r62-r1/2,c32r62,9,1,0,data,ok,8,8,-2.7,10.2
mpd,-6.0,4,ack-4f,w,2,2,0,ctl,ok,0,0,-4.2,10.2
mpd,-6.0,4,fsk32r62-r1/2,c32r62,9,1,0,data,ok,8,8,-3.3,10.2
mpd,-6.0,4,n10-ack-4f,n10,2,2,0,ctl,ok,0,0,-7.3,10.2
mpd,-6.0,4,fsk32r62-r1/2,c32r62,9,1,0,data,ok,8,8,-3.5,10.2
mpd,-6.0,4,ack-4f,w,2,2,0,ctl,ok,0,0,-5.4,10.2
mpd,-6.0,4,fsk32r62-r1/2,c32r62,9,1,0,data,ok,8,8,-3.3,10.2
mpd,-6.0,4,n10-ack-4f,n10,2,2,0,ctl,ok,0,0,-1.9,10.2
mpd,-6.0,4,fsk32r62-r1/2,c32r62,9,1,0,data,ctl_lost,8,8,-3.7,10.2
mpd,-6.0,4,ack-4f,w,3,3,0,ctl,ok,0,0,-3.8,10.2
mpd,-6.0,4,ack-4f,w,3,3,0,ctl,ctl_lost,0,0,-7.5,10.2
mpd,-6.0,4,ack-4f,w,3,3,,ctl,missed,0,0,,10.2
mpd,-6.0,6,qpsk-r1/5,w,1,1,0,ctl,ctl_lost,0,0,-2.1,8.1
mpd,-6.0,6,n4-qpsk-r1/3,n4,1,1,,ctl,missed,0,0,,8.1
mpd,-6.0,6,n4-qpsk-r1/3,n4,1,1,0,ctl,ok,0,0,-6.4,8.1
mpd,-6.0,6,n4-qpsk-r1/3,n4,1,1,0,ctl,ok,0,0,-5.8,8.1
mpd,-6.0,6,ack-4f,w,3,3,,ctl,missed,0,0,,8.1
mpd,-6.0,6,ack-4f,w,3,3,0,ctl,ctl_lost,0,0,-6.8,8.1
mpd,-6.0,6,ack-4f,w,3,3,0,ctl,ok,0,0,-6.0,8.1
mpd,-6.0,6,ack-4f,w,3,3,0,ctl,ok,0,0,-1.4,8.1
mpd,-6.0,6,fsk8r50-r1/2,c8r50,8,2,1,data,ok,6,6,-3.0,8.1
mpd,-6.0,6,n10-ack-4f,n10,3,3,0,ctl,ok,0,0,-2.4,8.1
mpd,-6.0,6,qpsk-r1/5,w,9,2,1,data,ok,7,7,-2.3,8.1
mpd,-6.0,6,ack-4f,w,3,3,0,ctl,ctl_lost,0,0,-3.0,8.1
mpd,-6.0,6,ack-4f,w,3,3,0,ctl,ok,0,0,-2.8,8.1
mpd,-6.0,6,ack-4f,w,3,3,0,ctl,ok,0,0,-3.6,8.1
mpd,-6.0,6,qpsk-r1/5,w,9,2,1,data,ok,7,0,-3.0,8.1
mpd,-6.0,6,n4-ack-8f,n4,3,3,,ctl,missed,0,0,,8.1
mpd,-6.0,6,ack-4f,w,3,3,0,ctl,ok,0,0,-4.8,8.1
mpd,-6.0,6,ack-4f,w,3,3,0,ctl,ok,0,0,-2.5,8.1
mpd,-6.0,6,qpsk-r1/5,w,9,2,1,data,ok,7,0,-3.6,8.1
mpd,-6.0,6,n10-ack-4f,n10,3,3,0,ctl,ok,0,0,-2.5,8.1
mpd,-6.0,6,qpsk-r1/5,w,9,2,1,data,ok,7,3,-2.2,8.1
mpd,-6.0,6,ack-4f,w,3,3,0,ctl,ctl_lost,0,0,-4.4,8.1
mpd,-6.0,6,ack-4f,w,3,3,,ctl,missed,0,0,,8.1
mpd,-6.0,6,ack-4f,w,3,3,0,ctl,ok,0,0,-2.5,8.1
mpd,-6.0,6,ack-4f,w,3,3,0,ctl,ok,0,0,-2.4,8.1
mpd,-6.0,6,qpsk-r1/5,w,9,2,1,data,ok,7,1,-2.3,8.1
mpd,-6.0,6,n10-ack-4f,n10,3,3,0,ctl,ok,0,0,-4.8,8.1
mpd,-6.0,6,qpsk-r1/5,w,9,2,1,data,ok,6,1,-3.5,8.1
mpd,-6.0,6,ack-4f,w,3,3,0,ctl,ok,0,0,-2.7,8.1
mpd,-6.0,6,qpsk-r1/5,w,9,2,1,data,ok,2,0,-4.3,8.1
mpd,-6.0,6,n10-ack-4f,n10,3,3,0,ctl,ok,0,0,-1.3,8.1
mpd,-6.0,6,qpsk-r1/5,w,9,2,1,data,ctl_lost,5,0,-4.1,8.1
mpd,-6.0,6,ack-4f,w,3,3,,ctl,missed,0,0,,8.1
mpd,-6.0,6,ack-4f,w,3,3,0,ctl,ok,0,0,-2.2,8.1
mpd,-6.0,6,ack-4f,w,3,3,0,ctl,ok,0,0,-1.9,8.1
mpd,-6.0,6,qpsk-r1/5,w,9,2,1,data,ok,5,0,-3.4,8.1
mpd,-6.0,6,n10-ack-4f,n10,3,3,0,ctl,ok,0,0,-5.9,8.1
mpd,-6.0,6,qpsk-r1/5,w,9,2,1,data,ctl_lost,3,0,-4.3,8.1
mpd,-6.0,6,ack-4f,w,3,3,0,ctl,ok,0,0,-5.8,8.1
mpd,-6.0,6,ack-4f,w,3,3,0,ctl,ctl_lost,0,0,-4.6,8.1
mpd,-6.0,6,ack-4f,w,3,3,0,ctl,ok,0,0,-3.7,8.1
mpd,-6.0,6,ack-4f,w,3,3,0,ctl,ok,0,0,-1.9,8.1
mpd,-6.0,6,fsk8r50-r1/2,c8r50,7,1,0,data,ok,6,6,-3.5,8.1
mpd,-6.0,6,n10-ack-4f,n10,3,3,,ctl,missed,0,0,,8.1
mpd,-6.0,6,ack-4f,w,4,4,0,ctl,ok,0,0,-2.9,8.1
mpd,-6.0,6,ack-4f,w,3,3,0,ctl,ok,0,0,-4.2,8.1
mpd,-6.0,6,fsk32r62-r1/2,c32r62,10,2,1,data,ok,8,8,-3.5,8.1
mpd,-6.0,6,n10-ack-4f,n10,3,3,,ctl,missed,0,0,,8.1
mpd,-6.0,6,ack-4f,w,3,3,,ctl,missed,0,0,,8.1
mpd,-6.0,6,ack-4f,w,3,3,0,ctl,ok,0,0,-3.3,8.1
mpd,-6.0,6,ack-4f,w,3,3,0,ctl,ok,0,0,-5.6,8.1
mpd,-6.0,6,fsk32r62-r1/2,c32r62,10,2,1,data,ok,8,7,-3.2,8.1
mpd,-6.0,6,n10-ack-4f,n10,3,3,0,ctl,ok,0,0,-0.1,8.1
mpd,-6.0,6,fsk32r62-r1/2,c32r62,9,1,0,data,ok,7,7,-3.3,8.1
mpd,-6.0,6,ack-4f,w,2,2,0,ctl,ok,0,0,-6.4,8.1
mpd,-6.0,6,fsk32r62-r1/2,c32r62,9,1,0,data,ok,8,8,-3.4,8.1
mpd,-6.0,6,n10-ack-4f,n10,2,2,0,ctl,ok,0,0,-4.5,8.1
mpd,-6.0,6,fsk32r62-r1/2,c32r62,9,1,,data,missed,0,0,,8.1
mpd,-6.0,6,ack-4f,w,3,3,0,ctl,ok,0,0,-4.7,8.1
mpd,-6.0,6,ack-4f,w,3,3,0,ctl,ok,0,0,-3.5,8.1
mpd,-6.0,6,fsk32r62-r1/2,c32r62,10,2,1,data,ok,8,8,-3.1,8.1
mpd,-6.0,6,n10-ack-4f,n10,2,2,,ctl,missed,0,0,,8.1
mpd,-6.0,6,ack-4f,w,3,3,0,ctl,ok,0,0,-3.0,8.1
mpd,-6.0,6,ack-4f,w,3,3,0,ctl,ok,0,0,-4.3,8.1
mpd,-6.0,6,fsk32r62-r1/2,c32r62,10,2,1,data,ok,8,8,-3.1,8.1
mpd,-6.0,6,n10-ack-4f,n10,2,2,,ctl,missed,0,0,,8.1
mpd,-6.0,6,ack-4f,w,3,3,0,ctl,ok,0,0,-0.5,8.1
mpd,-6.0,6,ack-4f,w,2,2,0,ctl,ok,0,0,-7.5,8.1
mpd,-6.0,6,fsk32r62-r1/2,c32r62,9,1,0,data,ok,8,8,-2.9,8.1
mpd,-6.0,11,qpsk-r1/5,w,1,1,0,ctl,ctl_lost,0,0,-5.8,11.5
mpd,-6.0,11,n4-qpsk-r1/3,n4,1,1,0,ctl,ok,0,0,-3.8,11.5
mpd,-6.0,11,n4-qpsk-r1/3,n4,1,1,0,ctl,ok,0,0,-5.9,11.5
mpd,-6.0,11,ack-4f,w,3,3,,ctl,missed,0,0,,11.5
mpd,-6.0,11,ack-4f,w,3,3,0,ctl,ok,0,0,-3.9,11.5
mpd,-6.0,11,ack-4f,w,3,3,0,ctl,ok,0,0,-5.6,11.5
mpd,-6.0,11,fsk32r62-r1/2,c32r62,10,2,1,data,ok,8,8,-3.8,11.5
mpd,-6.0,11,n4-ack-8f,n4,3,3,0,ctl,ok,0,0,-4.8,11.5
mpd,-6.0,11,qpsk-r1/5,w,9,2,1,data,ok,7,0,-3.9,11.5
mpd,-6.0,11,ack-4f,w,3,3,0,ctl,ctl_lost,0,0,-2.8,11.5
mpd,-6.0,11,ack-4f,w,3,3,0,ctl,ok,0,0,-2.2,11.5
mpd,-6.0,11,ack-4f,w,3,3,0,ctl,ok,0,0,0.3,11.5
mpd,-6.0,11,qpsk-r1/5,w,9,2,1,data,ctl_lost,7,0,-5.1,11.5
mpd,-6.0,11,ack-4f,w,3,3,0,ctl,ok,0,0,-4.6,11.5
mpd,-6.0,11,ack-4f,w,3,3,0,ctl,ok,0,0,-5.3,11.5
mpd,-6.0,11,fsk32r62-r1/2,c32r62,10,2,1,data,ok,8,8,-3.5,11.5
mpd,-6.0,11,n10-ack-4f,n10,2,2,,ctl,missed,0,0,,11.5
mpd,-6.0,11,ack-4f,w,4,4,0,ctl,ok,0,0,-5.1,11.5
mpd,-6.0,11,ack-4f,w,3,3,0,ctl,ok,0,0,-3.2,11.5
mpd,-6.0,11,fsk32r62-r1/2,c32r62,10,2,1,data,ok,8,8,-3.6,11.5
mpd,-6.0,11,n10-ack-4f,n10,2,2,0,ctl,ok,0,0,-3.9,11.5
mpd,-6.0,11,fsk32r62-r1/2,c32r62,9,1,0,data,ok,8,8,-3.4,11.5
mpd,-6.0,11,ack-4f,w,2,2,0,ctl,ok,0,0,-3.9,11.5
mpd,-6.0,11,fsk32r62-r1/2,c32r62,9,1,0,data,ok,8,8,-3.5,11.5
mpd,-6.0,11,n10-ack-4f,n10,2,2,0,ctl,ok,0,0,-5.2,11.5
mpd,-6.0,11,fsk32r62-r1/2,c32r62,9,1,0,data,ok,8,8,-3.9,11.5
mpd,-6.0,11,ack-4f,w,2,2,0,ctl,ok,0,0,-5.3,11.5
mpd,-6.0,11,fsk32r62-r1/2,c32r62,9,1,0,data,ok,8,8,-3.1,11.5
mpd,-6.0,11,n10-ack-4f,n10,2,2,0,ctl,ok,0,0,-0.7,11.5
mpd,-6.0,11,fsk32r62-r1/2,c32r62,9,1,0,data,ok,8,8,-3.5,11.5
mpd,-6.0,11,ack-4f,w,2,2,0,ctl,ok,0,0,-0.4,11.5
mpd,-6.0,11,fsk32r62-r1/2,c32r62,9,1,0,data,ok,8,8,-3.4,11.5
mpd,-6.0,11,n10-ack-4f,n10,2,2,0,ctl,ok,0,0,-0.8,11.5
mpd,-6.0,11,fsk32r62-r1/2,c32r62,9,1,0,data,ok,8,8,-3.0,11.5
mpd,-6.0,11,ack-4f,w,2,2,0,ctl,ok,0,0,-6.0,11.5
mpd,-6.0,11,fsk32r62-r1/2,c32r62,9,1,0,data,ok,8,8,-3.2,11.5
mpd,-6.0,11,n10-ack-4f,n10,2,2,,ctl,missed,0,0,,11.5
mpd,-6.0,11,ack-4f,w,3,3,0,ctl,ok,0,0,-6.0,11.5
mpd,-6.0,11,ack-4f,w,3,3,0,ctl,ok,0,0,-1.5,11.5
mpd,-6.0,11,fsk32r62-r1/2,c32r62,10,2,1,data,ok,8,8,-3.4,11.5
mpd,-6.0,11,n10-ack-4f,n10,2,2,,ctl,missed,0,0,,11.5
mpd,-6.0,11,ack-4f,w,3,3,0,ctl,ok,0,0,-4.0,11.5
mpd,-6.0,11,ack-4f,w,2,2,0,ctl,ok,0,0,-3.9,11.5
mpd,-6.0,11,fsk32r62-r1/2,c32r62,9,1,0,data,ok,8,8,-3.3,11.5
mpd,-6.0,11,n10-ack-4f,n10,2,2,0,ctl,ok,0,0,-6.6,11.5
mpd,-6.0,11,fsk32r62-r1/2,c32r62,9,1,0,data,ok,8,8,-3.4,11.5
mpd,-6.0,11,n10-ack-4f,n10,2,2,,ctl,missed,0,0,,11.5
mpd,-6.0,11,ack-4f,w,3,3,0,ctl,ok,0,0,-3.6,11.5
mpd,-6.0,11,ack-4f,w,2,2,0,ctl,ok,0,0,-3.9,11.5
mpd,-6.0,11,fsk32r62-r1/2,c32r62,9,1,0,data,ok,8,8,-3.3,11.5
mpd,-6.0,11,n10-ack-4f,n10,2,2,0,ctl,ok,0,0,-3.7,11.5
mpd,-6.0,11,fsk32r62-r1/2,c32r62,9,1,0,data,ok,8,8,-3.4,11.5
mpd,8.0,11,qpsk-r1/5,w,1,1,0,ctl,ok,0,0,11.1,171.7
mpd,8.0,11,qpsk-r1/5,w,1,1,0,ctl,ok,0,0,10.6,171.7
mpd,8.0,11,ack-4f,w,3,3,0,ctl,ok,0,0,12.0,171.7
mpd,8.0,11,ack-1f,w,2,2,0,ctl,ok,0,0,12.1,171.7
mpd,8.0,11,w48-16qam-r1/3,w48,19,1,0,data,ok,18,18,9.4,171.7
mpd,8.0,11,ack-1f,w,3,3,0,ctl,ok,0,0,12.9,171.7
mpd,8.0,11,w48-16qam-r1/3,w48,19,2,1,data,ok,17,16,8.2,171.7
mpd,8.0,11,ack-1f,w,4,4,0,ctl,ok,0,0,12.4,171.7
mpd,8.0,11,w48-16qam-r1/3,w48,19,2,1,data,ok,16,16,8.9,171.7
mpd,8.0,11,ack-1f,w,3,3,0,ctl,ok,0,0,12.4,171.7
mpd,8.0,11,w48-16qam-r1/3,w48,19,2,1,data,ok,17,10,7.4,171.7
mpd,8.0,11,ack-1f,w,4,4,0,ctl,ok,0,0,8.2,171.7
mpd,8.0,11,w48-16qam-r1/3,w48,19,2,1,data,ok,10,2,7.2,171.7
mpd,8.0,11,ack-1f,w,3,3,0,ctl,ok,0,0,9.7,171.7
mpd,8.0,11,w48-16qam-r1/3,w48,19,2,1,data,ok,13,13,9.0,171.7
mpd,8.0,11,ack-1f,w,2,2,0,ctl,ok,0,0,10.8,171.7
mpd,8.0,11,w48-16qam-r1/3,w48,19,1,0,data,ok,18,18,9.2,171.7
mpd,8.0,11,ack-1f,w,2,2,0,ctl,ok,0,0,9.7,171.7
mpd,8.0,11,w48-16qam-r1/3,w48,19,1,0,data,ok,18,18,9.4,171.7
mpd,8.0,11,ack-1f,w,2,2,0,ctl,ok,0,0,10.6,171.7
mpd,8.0,11,w48-16qam-r1/3,w48,19,1,0,data,ok,18,18,8.3,171.7
mpd,8.0,11,ack-1f,w,2,2,0,ctl,ok,0,0,14.6,171.7
mpd,8.0,11,w48-16qam-r1/3,w48,19,1,0,data,ok,18,17,8.1,171.7
mpd,8.0,11,ack-1f,w,3,3,0,ctl,ok,0,0,11.3,171.7
mpd,8.0,11,w48-16qam-r1/3,w48,19,2,1,data,ok,16,16,8.3,171.7
mpd,8.0,11,ack-1f,w,2,2,0,ctl,ok,0,0,10.8,171.7
mpd,8.0,11,w48-16qam-r1/3,w48,19,1,0,data,ok,18,18,9.3,171.7
mpd,8.0,11,ack-1f,w,2,2,0,ctl,ok,0,0,14.4,171.7
mpd,8.0,11,w48-16qam-r1/3,w48,19,1,0,data,ok,18,18,9.1,171.7
mpd,8.0,11,ack-1f,w,2,2,0,ctl,ok,0,0,10.3,171.7
mpd,8.0,11,w48-16qam-r1/3,w48,19,1,0,data,ok,18,18,8.1,171.7
mpd,8.0,11,ack-1f,w,2,2,0,ctl,ok,0,0,11.2,171.7
mpd,8.0,11,w48-16qam-r1/3,w48,19,1,0,data,ok,18,18,9.7,171.7
mpd,8.0,11,ack-1f,w,2,2,0,ctl,ok,0,0,9.6,171.7
mpd,8.0,11,w48-16qam-r1/3,w48,19,1,0,data,ok,18,18,9.0,171.7
mpd,8.0,11,ack-1f,w,2,2,0,ctl,ok,0,0,9.1,171.7
mpd,8.0,11,w48-16qam-r1/3,w48,19,1,0,data,ok,18,18,9.8,171.7
mpd,8.0,11,ack-1f,w,2,2,0,ctl,ok,0,0,7.7,171.7
mpd,8.0,11,w48-16qam-r1/3,w48,19,1,0,data,ctl_lost,18,15,7.9,171.7
mpd,8.0,11,ack-4f,w,3,3,0,ctl,ok,0,0,11.4,171.7
mpd,8.0,11,ack-4f,w,3,3,0,ctl,ok,0,0,9.8,171.7
mpd,8.0,11,w48-16qam-r1/3,w48,19,2,1,data,ok,17,17,7.6,171.7
mpd,8.0,11,ack-1f,w,3,3,0,ctl,ok,0,0,8.4,171.7
mpd,8.0,11,w48-16qam-r1/3,w48,19,2,1,data,ok,17,17,8.9,171.7
mpd,8.0,11,ack-1f,w,2,2,0,ctl,ok,0,0,9.7,171.7
mpd,8.0,11,w48-16qam-r1/3,w48,19,1,0,data,ctl_lost,18,5,7.3,171.7
mpd,8.0,11,ack-4f,w,3,3,0,ctl,ok,0,0,11.7,171.7
mpd,8.0,11,ack-4f,w,3,3,0,ctl,ok,0,0,10.7,171.7
mpd,8.0,11,w48-16qam-r1/3,w48,19,2,1,data,ok,17,17,8.9,171.7
mpd,8.0,11,ack-1f,w,3,3,0,ctl,ok,0,0,11.5,171.7
mpd,8.0,11,w48-16qam-r1/3,w48,19,2,1,data,ok,17,8,7.8,171.7
mpd,8.0,11,ack-1f,w,4,4,0,ctl,ok,0,0,11.8,171.7
mpd,8.0,11,w48-16qam-r1/3,w48,19,2,1,data,ok,8,8,9.0,171.7
mpd,8.0,11,ack-1f,w,3,3,0,ctl,ok,0,0,9.0,171.7
mpd,8.0,11,w48-16qam-r1/3,w48,19,2,1,data,ok,17,17,9.0,171.7
mpd,8.0,11,ack-1f,w,2,2,0,ctl,ok,0,0,7.4,171.7
mpd,8.0,11,w48-16qam-r1/3,w48,19,1,0,data,ok,18,18,9.2,171.7
mpd,8.0,11,ack-1f,w,2,2,0,ctl,ok,0,0,13.0,171.7
mpd,8.0,11,w48-16qam-r1/3,w48,19,1,0,data,ok,18,18,9.3,171.7
mpd,8.0,11,ack-1f,w,2,2,0,ctl,ok,0,0,14.6,171.7
mpd,8.0,11,w48-16qam-r1/3,w48,19,1,0,data,ctl_lost,18,5,7.7,171.7
mpd,8.0,11,ack-4f,w,2,2,0,ctl,ok,0,0,11.6,171.7
mpd,8.0,11,ack-4f,w,3,3,0,ctl,ok,0,0,12.4,171.7
mpd,8.0,11,w48-16qam-r1/3,w48,19,2,1,data,ok,17,17,8.5,171.7
mpd,8.0,11,ack-1f,w,3,3,0,ctl,ok,0,0,11.4,171.7
mpd,8.0,11,w48-16qam-r1/3,w48,19,2,1,data,ok,17,17,9.5,171.7
mpd,8.0,11,ack-1f,w,2,2,0,ctl,ok,0,0,10.0,171.7
mpd,8.0,11,w48-16qam-r1/3,w48,19,1,0,data,ok,18,18,9.5,171.7
mpd,8.0,11,ack-1f,w,2,2,0,ctl,ok,0,0,11.3,171.7
mpd,8.0,11,w48-16qam-r1/3,w48,19,1,0,data,ok,18,18,9.0,171.7
mpd,8.0,11,ack-1f,w,2,2,0,ctl,ok,0,0,8.4,171.7
mpd,8.0,11,w48-16qam-r1/3,w48,19,1,0,data,ok,18,18,8.8,171.7
mpd,8.0,11,ack-1f,w,2,2,0,ctl,ok,0,0,8.5,171.7
mpd,8.0,11,w48-16qam-r1/3,w48,19,1,0,data,ok,18,18,7.9,171.7
mpd,8.0,11,ack-1f,w,3,3,0,ctl,ok,0,0,11.0,171.7
mpd,8.0,11,w48-16qam-r1/3,w48,19,2,1,data,ok,17,17,10.0,171.7
mpd,8.0,11,ack-1f,w,2,2,0,ctl,ok,0,0,8.3,171.7
mpd,8.0,11,w48-16qam-r1/3,w48,19,1,0,data,ok,18,18,9.9,171.7
mpd,8.0,11,ack-1f,w,2,2,0,ctl,ok,0,0,10.5,171.7
mpd,8.0,11,w48-16qam-r1/3,w48,19,1,0,data,ok,18,18,9.0,171.7
mpd,8.0,11,ack-1f,w,2,2,0,ctl,ok,0,0,9.2,171.7
mpd,8.0,11,w48-16qam-r1/3,w48,19,1,0,data,ok,18,18,9.5,171.7
mpd,8.0,11,ack-1f,w,2,2,0,ctl,ctl_lost,0,0,7.0,171.7
mpd,8.0,11,ack-4f,w,3,3,0,ctl,ok,0,0,9.5,171.7
mpd,8.0,11,ack-4f,w,3,3,0,ctl,ok,0,0,11.6,171.7
mpd,8.0,11,w48-16qam-r1/3,w48,19,2,1,data,ok,17,17,8.7,171.7
mpd,8.0,11,ack-1f,w,2,2,0,ctl,ok,0,0,13.0,171.7
mpd,8.0,11,w48-16qam-r1/3,w48,19,1,0,data,ok,18,18,9.6,171.7
mpd,8.0,11,ack-1f,w,2,2,0,ctl,ok,0,0,8.0,171.7
mpd,8.0,11,w48-16qam-r1/3,w48,19,1,0,data,ok,18,18,8.1,171.7
mpd,8.0,11,ack-1f,w,2,2,0,ctl,ok,0,0,12.9,171.7
mpd,8.0,11,w48-16qam-r1/3,w48,19,1,0,data,ok,18,18,10.3,171.7
mpd,8.0,11,ack-1f,w,2,2,0,ctl,ok,0,0,9.8,171.7
mpd,8.0,11,w48-16qam-r1/3,w48,19,1,0,data,ctl_lost,18,5,7.7,171.7
mpd,-6.0,10,qpsk-r1/5,w,1,1,0,ctl,ok,0,0,0.6,9.3
mpd,-6.0,10,qpsk-r1/5,w,1,1,0,ctl,ctl_lost,0,0,-3.8,9.3
mpd,-6.0,10,n4-qpsk-r1/3,n4,1,1,0,ctl,ok,0,0,-8.2,9.3
mpd,-6.0,10,n4-qpsk-r1/3,n4,1,1,,ctl,missed,0,0,,9.3
mpd,-6.0,10,n4-qpsk-r1/3,n4,1,1,0,ctl,ok,0,0,-8.5,9.3
mpd,-6.0,10,n4-qpsk-r1/3,n4,1,1,0,ctl,ok,0,0,-5.2,9.3
mpd,-6.0,10,ack-4f,w,3,3,0,ctl,ok,0,0,-5.2,9.3
mpd,-6.0,10,ack-4f,w,2,2,0,ctl,ok,0,0,-4.5,9.3
mpd,-6.0,10,fsk8r50-r1/2,c8r50,7,1,0,data,ok,6,6,-4.0,9.3
mpd,-6.0,10,n10-ack-4f,n10,3,3,0,ctl,ok,0,0,-4.5,9.3
mpd,-6.0,10,fsk32r62-r1/2,c32r62,10,2,1,data,ok,8,8,-3.6,9.3
mpd,-6.0,10,ack-4f,w,3,3,0,ctl,ok,0,0,-2.1,9.3
mpd,-6.0,10,qpsk-r1/5,w,9,2,1,data,ok,7,0,-2.7,9.3
mpd,-6.0,10,n10-ack-4f,n10,3,3,0,ctl,ok,0,0,-3.1,9.3
mpd,-6.0,10,fsk32r62-r1/2,c32r62,10,2,1,data,ok,8,8,-3.9,9.3
mpd,-6.0,10,ack-4f,w,3,3,0,ctl,ok,0,0,-0.8,9.3
mpd,-6.0,10,fsk32r62-r1/2,c32r62,10,2,1,data,ok,8,8,-3.4,9.3
mpd,-6.0,10,ack-4f,w,3,3,0,ctl,ok,0,0,-4.3,9.3
mpd,-6.0,10,qpsk-r1/5,w,9,2,1,data,ok,7,0,-4.9,9.3
mpd,-6.0,10,n10-ack-4f,n10,3,3,0,ctl,ok,0,0,-6.2,9.3
mpd,-6.0,10,fsk32r62-r1/2,c32r62,10,2,1,data,ok,8,8,-3.6,9.3
mpd,-6.0,10,ack-4f,w,2,2,0,ctl,ok,0,0,-1.7,9.3
mpd,-6.0,10,fsk32r62-r1/2,c32r62,9,1,0,data,ok,8,8,-2.9,9.3
mpd,-6.0,10,ack-4f,w,2,2,0,ctl,ok,0,0,-5.2,9.3
mpd,-6.0,10,fsk32r62-r1/2,c32r62,9,1,0,data,ok,8,7,-3.7,9.3
mpd,-6.0,10,n10-ack-4f,n10,3,3,0,ctl,ok,0,0,-4.6,9.3
mpd,-6.0,10,fsk32r62-r1/2,c32r62,9,1,0,data,ok,7,7,-3.6,9.3
mpd,-6.0,10,ack-4f,w,2,2,0,ctl,ok,0,0,-4.4,9.3
mpd,-6.0,10,fsk32r62-r1/2,c32r62,9,1,0,data,ok,8,8,-2.9,9.3
mpd,-6.0,10,n10-ack-4f,n10,2,2,0,ctl,ok,0,0,-1.7,9.3
mpd,-6.0,10,fsk32r62-r1/2,c32r62,9,1,0,data,ctl_lost,8,8,-2.9,9.3
mpd,-6.0,10,ack-4f,w,3,3,0,ctl,ok,0,0,-4.8,9.3
mpd,-6.0,10,ack-4f,w,3,3,0,ctl,ok,0,0,-2.6,9.3
mpd,-6.0,10,fsk32r62-r1/2,c32r62,10,2,1,data,ok,8,8,-3.5,9.3
mpd,-6.0,10,n10-ack-4f,n10,3,3,0,ctl,ok,0,0,-6.3,9.3
mpd,-6.0,10,fsk32r62-r1/2,c32r62,10,2,1,data,ok,8,7,-4.0,9.3
mpd,-6.0,10,ack-4f,w,3,3,0,ctl,ok,0,0,-3.3,9.3
mpd,-6.0,10,fsk32r62-r1/2,c32r62,10,2,1,data,ok,7,7,-3.1,9.3
mpd,-6.0,10,n10-ack-4f,n10,2,2,0,ctl,ok,0,0,-2.2,9.3
mpd,-6.0,10,fsk32r62-r1/2,c32r62,9,1,0,data,ok,8,8,-3.5,9.3
mpd,-6.0,10,ack-4f,w,2,2,,ctl,missed,0,0,,9.3
mpd,-6.0,10,ack-4f,w,3,3,0,ctl,ok,0,0,-1.1,9.3
mpd,-6.0,10,ack-4f,w,3,3,0,ctl,ok,0,0,-3.3,9.3
mpd,-6.0,10,qpsk-r1/5,w,9,2,1,data,ctl_lost,7,0,-4.6,9.3
mpd,-6.0,10,ack-4f,w,3,3,0,ctl,ok,0,0,-2.9,9.3
mpd,-6.0,10,ack-4f,w,3,3,,ctl,missed,0,0,,9.3
mpd,-6.0,10,ack-4f,w,3,3,0,ctl,ok,0,0,1.0,9.3
mpd,-6.0,10,ack-4f,w,3,3,,ctl,missed,0,0,,9.3
mpd,-6.0,10,ack-4f,w,3,3,0,ctl,ok,0,0,-3.5,9.3
mpd,-6.0,10,ack-4f,w,2,2,0,ctl,ok,0,0,-0.8,9.3
mpd,-6.0,10,fsk32r62-r1/2,c32r62,9,1,0,data,ok,8,8,-3.5,9.3
mpd,-6.0,7,qpsk-r1/5,w,1,1,0,ctl,ok,0,0,-1.6,10.6
mpd,-6.0,7,qpsk-r1/5,w,1,1,0,ctl,ok,0,0,-1.3,10.6
mpd,-6.0,7,ack-4f,w,3,3,0,ctl,ok,0,0,-3.3,10.6
mpd,-6.0,7,ack-4f,w,3,3,0,ctl,ok,0,0,-4.4,10.6
mpd,-6.0,7,qpsk-r1/5,w,9,2,1,data,ok,7,0,-3.1,10.6
mpd,-6.0,7,n10-ack-4f,n10,3,3,0,ctl,ok,0,0,-6.2,10.6
mpd,-6.0,7,qpsk-r1/5,w,9,2,1,data,ok,0,0,-3.9,10.6
mpd,-6.0,7,ack-4f,w,3,3,0,ctl,ok,0,0,-4.1,10.6
mpd,-6.0,7,qpsk-r1/5,w,9,2,1,data,ok,7,0,-3.8,10.6
mpd,-6.0,7,n10-ack-4f,n10,3,3,0,ctl,ok,0,0,-5.7,10.6
mpd,-6.0,7,qpsk-r1/5,w,9,2,1,data,ok,0,0,-3.9,10.6
mpd,-6.0,7,ack-4f,w,3,3,0,ctl,ok,0,0,-2.5,10.6
mpd,-6.0,7,qpsk-r1/5,w,9,2,1,data,ok,7,0,-3.3,10.6
mpd,-6.0,7,n10-ack-4f,n10,3,3,0,ctl,ok,0,0,-5.2,10.6
mpd,-6.0,7,qpsk-r1/5,w,9,2,,data,missed,0,0,,10.6
mpd,-6.0,7,ack-4f,w,3,3,,ctl,missed,0,0,,10.6
mpd,-6.0,7,ack-4f,w,3,3,0,ctl,ok,0,0,-6.2,10.6
mpd,-6.0,7,ack-4f,w,3,3,0,ctl,ok,0,0,-4.2,10.6
mpd,-6.0,7,qpsk-r1/5,w,9,2,1,data,ok,0,0,-3.2,10.6
mpd,-6.0,7,n10-ack-4f,n10,3,3,,ctl,missed,0,0,,10.6
mpd,-6.0,7,ack-4f,w,3,3,0,ctl,ctl_lost,0,0,-6.4,10.6
mpd,-6.0,7,ack-4f,w,3,3,0,ctl,ok,0,0,-0.2,10.6
mpd,-6.0,7,ack-4f,w,2,2,0,ctl,ok,0,0,-1.3,10.6
mpd,-6.0,7,qpsk-r1/5,w,9,1,0,data,ctl_lost,8,0,-3.7,10.6
mpd,-6.0,7,ack-4f,w,3,3,0,ctl,ok,0,0,-1.6,10.6
mpd,-6.0,7,ack-4f,w,3,3,0,ctl,ok,0,0,-2.8,10.6
mpd,-6.0,7,qpsk-r1/5,w,9,2,1,data,ok,7,0,-4.0,10.6
mpd,-6.0,7,ack-4f,w,3,3,0,ctl,ok,0,0,-2.6,10.6
mpd,-6.0,7,qpsk-r1/5,w,9,2,1,data,ok,0,0,-3.9,10.6
mpd,-6.0,7,n10-ack-4f,n10,3,3,0,ctl,ok,0,0,-5.1,10.6
mpd,-6.0,7,qpsk-r1/5,w,9,2,1,data,ok,7,0,-2.8,10.6
mpd,-6.0,7,ack-4f,w,3,3,,ctl,missed,0,0,,10.6
mpd,-6.0,7,ack-4f,w,3,3,0,ctl,ok,0,0,-2.7,10.6
mpd,-6.0,7,ack-4f,w,3,3,0,ctl,ok,0,0,-3.4,10.6
mpd,-6.0,7,qpsk-r1/5,w,9,2,1,data,ok,7,0,-1.9,10.6
mpd,-6.0,7,ack-4f,w,3,3,0,ctl,ok,0,0,-2.0,10.6
mpd,-6.0,7,qpsk-r1/5,w,9,2,1,data,ok,7,0,-3.1,10.6
mpd,-6.0,7,ack-4f,w,3,3,,ctl,missed,0,0,,10.6
mpd,-6.0,7,ack-4f,w,3,3,0,ctl,ok,0,0,-1.5,10.6
mpd,-6.0,7,ack-4f,w,3,3,0,ctl,ok,0,0,-3.8,10.6
mpd,-6.0,7,qpsk-r1/5,w,9,2,1,data,ok,7,0,-0.9,10.6
mpd,-6.0,7,ack-4f,w,2,2,0,ctl,ok,0,0,-3.3,10.6
mpd,-6.0,7,qpsk-r1/5,w,9,1,0,data,ctl_lost,8,0,-3.2,10.6
mpd,-6.0,7,ack-4f,w,3,3,0,ctl,ok,0,0,-2.1,10.6
mpd,-6.0,7,ack-4f,w,3,3,0,ctl,ok,0,0,-6.2,10.6
mpd,-6.0,7,fsk32r62-r1/2,c32r62,10,2,1,data,ok,8,8,-3.3,10.6
mpd,-6.0,7,ack-4f,w,3,3,0,ctl,ok,0,0,-4.2,10.6
mpd,-6.0,7,fsk32r62-r1/2,c32r62,10,2,1,data,ok,8,8,-3.0,10.6
mpd,-6.0,7,ack-4f,w,2,2,0,ctl,ok,0,0,-3.6,10.6
mpd,-6.0,7,fsk32r62-r1/2,c32r62,9,1,0,data,ok,8,8,-3.5,10.6
mpd,-6.0,7,ack-4f,w,2,2,0,ctl,ok,0,0,-3.5,10.6
mpd,-6.0,7,fsk32r62-r1/2,c32r62,9,1,0,data,ok,8,8,-3.8,10.6
mpd,-6.0,7,ack-4f,w,2,2,0,ctl,ok,0,0,-2.9,10.6
mpd,-6.0,7,fsk32r62-r1/2,c32r62,9,1,0,data,ok,8,8,-3.2,10.6
mpd,-6.0,7,ack-4f,w,2,2,0,ctl,ok,0,0,-4.9,10.6
mpd,-6.0,7,fsk32r62-r1/2,c32r62,9,1,0,data,ok,8,8,-3.1,10.6
mpd,-6.0,7,ack-4f,w,2,2,,ctl,missed,0,0,,10.6
mpd,-6.0,7,ack-4f,w,3,3,0,ctl,ok,0,0,-1.4,10.6
mpd,-6.0,7,ack-4f,w,2,2,0,ctl,ok,0,0,-6.1,10.6
mpd,-6.0,7,fsk32r62-r1/2,c32r62,9,1,0,data,ok,8,8,-2.8,10.6
mpd,-6.0,7,ack-4f,w,2,2,0,ctl,ok,0,0,-0.3,10.6
mpd,-6.0,7,fsk32r62-r1/2,c32r62,9,1,0,data,ok,8,8,-2.9,10.6
mpd,-6.0,7,ack-4f,w,2,2,0,ctl,ok,0,0,-1.2,10.6
mpd,-6.0,7,fsk32r62-r1/2,c32r62,9,1,0,data,ok,8,8,-3.9,10.6
mpd,-6.0,7,ack-4f,w,2,2,0,ctl,ok,0,0,-3.7,10.6
mpd,-6.0,7,fsk32r62-r1/2,c32r62,9,1,0,data,ok,8,8,-3.4,10.6
mpd,-6.0,7,ack-4f,w,2,2,,ctl,missed,0,0,,10.6
mpd,-6.0,7,ack-4f,w,3,3,0,ctl,ok,0,0,-1.0,10.6
mpd,-6.0,7,ack-4f,w,2,2,0,ctl,ok,0,0,-5.0,10.6
mpd,-6.0,7,fsk32r62-r1/2,c32r62,9,1,0,data,ctl_lost,8,8,-3.8,10.6
mpp,-8.0,2,qpsk-r1/5,w,1,1,0,ctl,ctl_lost,0,0,-5.6,7.7
mpp,-8.0,2,n4-qpsk-r1/3,n4,1,1,0,ctl,ok,0,0,-4.4,7.7
mpp,-8.0,2,n4-qpsk-r1/3,n4,1,1,0,ctl,ok,0,0,-5.1,7.7
mpp,-8.0,2,ack-4f,w,3,3,0,ctl,ok,0,0,-4.7,7.7
mpp,-8.0,2,ack-4f,w,3,3,0,ctl,ok,0,0,-4.1,7.7
mpp,-8.0,2,qpsk-r1/5,w,9,2,1,data,ctl_lost,7,0,-5.1,7.7
mpp,-8.0,2,ack-4f,w,3,3,0,ctl,ok,0,0,-4.0,7.7
mpp,-8.0,2,ack-4f,w,3,3,0,ctl,ctl_lost,0,0,-5.1,7.7
mpp,-8.0,2,ack-4f,w,3,3,0,ctl,ok,0,0,-6.5,7.7
mpp,-8.0,2,ack-4f,w,3,3,0,ctl,ctl_lost,0,0,-8.4,7.7
mpp,-8.0,2,ack-4f,w,3,3,,ctl,missed,0,0,,7.7
mpp,-8.0,2,ack-4f,w,3,3,,ctl,missed,0,0,,7.7
mpp,-8.0,2,ack-4f,w,3,3,0,ctl,ok,0,0,-3.8,7.7
mpp,-8.0,2,ack-4f,w,3,3,0,ctl,ok,0,0,-5.7,7.7
mpp,-8.0,2,fsk8r50-r1/2,c8r50,8,2,1,data,ok,6,6,-4.1,7.7
mpp,-8.0,2,n4-ack-8f,n4,3,3,,ctl,missed,0,0,,7.7
mpp,-8.0,2,ack-4f,w,4,4,0,ctl,ok,0,0,-2.6,7.7
mpp,-8.0,2,ack-4f,w,3,3,0,ctl,ok,0,0,-4.8,7.7
mpp,-8.0,2,fsk32r62-r1/2,c32r62,10,2,1,data,ok,8,7,-5.1,7.7
mpp,-8.0,2,n10-ack-4f,n10,3,3,0,ctl,ok,0,0,-3.7,7.7
mpp,-8.0,2,fsk32r62-r1/2,c32r62,10,2,,data,missed,0,0,,7.7
mpp,-8.0,2,ack-4f,w,3,3,0,ctl,ok,0,0,-1.4,7.7
mpp,-8.0,2,ack-4f,w,3,3,0,ctl,ctl_lost,0,0,-6.1,7.7
mpp,-8.0,2,ack-4f,w,3,3,0,ctl,ok,0,0,-5.7,7.7
mpp,-8.0,2,ack-4f,w,3,3,0,ctl,ok,0,0,-7.5,7.7
mpp,-8.0,2,fsk32r62-r1/2,c32r62,10,2,,data,missed,0,0,,7.7
mpp,-8.0,2,ack-4f,w,3,3,0,ctl,ok,0,0,-3.4,7.7
mpp,-8.0,2,ack-4f,w,3,3,0,ctl,ok,0,0,-2.6,7.7
mpp,-8.0,2,fsk32r62-r1/2,c32r62,10,2,1,data,ok,7,7,-4.3,7.7
mpp,-8.0,2,n10-ack-4f,n10,3,3,0,ctl,ok,0,0,-3.2,7.7
mpp,-8.0,2,fsk32r62-r1/2,c32r62,10,2,1,data,ok,8,7,-4.7,7.7
mpp,-8.0,2,n10-ack-4f,n10,3,3,,ctl,missed,0,0,,7.7
mpp,-8.0,2,ack-4f,w,3,3,0,ctl,ctl_lost,0,0,-9.7,7.7
mpp,-8.0,2,ack-4f,w,3,3,0,ctl,ok,0,0,-3.7,7.7
mpp,-8.0,2,ack-4f,w,3,3,0,ctl,ok,0,0,-2.8,7.7
mpp,-8.0,2,fsk32r62-r1/2,c32r62,10,2,1,data,ok,8,8,-4.3,7.7
mpp,-8.0,2,n10-ack-4f,n10,3,3,0,ctl,ok,0,0,-5.3,7.7
mpp,-8.0,2,fsk32r62-r1/2,c32r62,10,2,1,data,ok,8,7,-4.1,7.7
mpp,-8.0,2,n10-ack-4f,n10,2,2,0,ctl,ok,0,0,-5.6,7.7
mpp,-8.0,2,fsk32r62-r1/2,c32r62,9,1,0,data,ok,7,7,-3.5,7.7
mpp,-8.0,2,n10-ack-4f,n10,2,2,,ctl,missed,0,0,,7.7
mpp,-8.0,2,ack-4f,w,3,3,0,ctl,ctl_lost,0,0,-9.6,7.7
mpp,-8.0,2,ack-4f,w,3,3,0,ctl,ok,0,0,-2.7,7.7
mpp,-8.0,2,ack-4f,w,3,3,0,ctl,ok,0,0,-3.3,7.7
mpp,-8.0,2,fsk32r62-r1/2,c32r62,10,2,1,data,ok,8,7,-4.1,7.7
mpp,-8.0,2,n10-ack-4f,n10,3,3,0,ctl,ok,0,0,-7.1,7.7
mpp,-8.0,2,fsk32r62-r1/2,c32r62,9,1,0,data,ok,7,6,-4.3,7.7
mpp,-8.0,2,n10-ack-4f,n10,3,3,0,ctl,ok,0,0,-4.6,7.7
mpp,-8.0,2,fsk32r62-r1/2,c32r62,9,1,0,data,ok,7,7,-4.0,7.7
mpp,-8.0,2,n10-ack-4f,n10,2,2,,ctl,missed,0,0,,7.7
mpp,-8.0,2,ack-4f,w,3,3,,ctl,missed,0,0,,7.7
mpp,-8.0,2,ack-4f,w,3,3,0,ctl,ctl_lost,0,0,-6.7,7.7
mpp,-8.0,2,ack-4f,w,3,3,,ctl,missed,0,0,,7.7
mpp,-8.0,2,ack-4f,w,3,3,0,ctl,ok,0,0,-7.9,7.7
mpp,-8.0,2,ack-4f,w,3,3,0,ctl,ok,0,0,-3.1,7.7
mpp,-8.0,2,fsk32r62-r1/2,c32r62,10,2,1,data,ok,8,8,-3.8,7.7
mpp,-8.0,2,n10-ack-4f,n10,2,2,,ctl,missed,0,0,,7.7
mpp,-8.0,2,ack-4f,w,3,3,0,ctl,ok,0,0,-2.4,7.7
mpp,-8.0,2,ack-4f,w,2,2,0,ctl,ok,0,0,-6.7,7.7
mpp,-8.0,2,fsk32r62-r1/2,c32r62,9,1,0,data,ok,8,8,-4.7,7.7
mpp,-8.0,0,qpsk-r1/5,w,1,1,0,ctl,ctl_lost,0,0,-2.0,6.8
mpp,-8.0,0,n4-qpsk-r1/3,n4,1,1,0,ctl,ok,0,0,-5.0,6.8
mpp,-8.0,0,n4-qpsk-r1/3,n4,1,1,0,ctl,ok,0,0,-4.6,6.8
mpp,-8.0,0,ack-4f,w,3,3,,ctl,missed,0,0,,6.8
mpp,-8.0,0,ack-4f,w,3,3,0,ctl,ok,0,0,-4.5,6.8
mpp,-8.0,0,ack-4f,w,3,3,0,ctl,ok,0,0,-2.9,6.8
mpp,-8.0,0,qpsk-r1/5,w,9,2,1,data,ok,7,0,-4.4,6.8
mpp,-8.0,0,n10-ack-4f,n10,3,3,0,ctl,ctl_lost,0,0,-9.6,6.8
mpp,-8.0,0,ack-4f,w,3,3,0,ctl,ok,0,0,-2.9,6.8
mpp,-8.0,0,ack-4f,w,3,3,0,ctl,ok,0,0,-5.1,6.8
mpp,-8.0,0,qpsk-r1/5,w,9,2,1,data,ok,7,0,-4.0,6.8
mpp,-8.0,0,n4-ack-8f,n4,3,3,0,ctl,ok,0,0,-5.0,6.8
mpp,-8.0,0,qpsk-r1/5,w,9,2,1,data,ok,7,0,-5.1,6.8
mpp,-8.0,0,ack-4f,w,3,3,0,ctl,ctl_lost,0,0,-9.4,6.8
mpp,-8.0,0,ack-4f,w,3,3,,ctl,missed,0,0,,6.8
mpp,-8.0,0,ack-4f,w,3,3,0,ctl,ok,0,0,-4.8,6.8
mpp,-8.0,0,ack-4f,w,3,3,0,ctl,ok,0,0,-4.6,6.8
mpp,-8.0,0,qpsk-r1/5,w,9,2,1,data,ok,7,0,-5.6,6.8
mpp,-8.0,0,n4-ack-8f,n4,3,3,0,ctl,ok,0,0,-4.2,6.8
mpp,-8.0,0,qpsk-r1/5,w,9,2,1,data,ok,7,0,-3.5,6.8
mpp,-8.0,0,ack-4f,w,3,3,0,ctl,ctl_lost,0,0,-6.9,6.8
mpp,-8.0,0,ack-4f,w,3,3,0,ctl,ok,0,0,-2.7,6.8
mpp,-8.0,0,ack-4f,w,3,3,0,ctl,ok,0,0,-5.3,6.8
mpp,-8.0,0,qpsk-r1/5,w,9,2,1,data,ok,7,0,-4.0,6.8
mpp,-8.0,0,n4-ack-8f,n4,3,3,0,ctl,ok,0,0,-8.6,6.8
mpp,-8.0,0,qpsk-r1/5,w,9,2,1,data,ok,7,0,-5.2,6.8
mpp,-8.0,0,n4-ack-8f,n4,3,3,0,ctl,ok,0,0,-5.6,6.8
mpp,-8.0,0,qpsk-r1/5,w,9,2,1,data,ctl_lost,0,0,-8.2,6.8
mpp,-8.0,0,ack-4f,w,3,3,0,ctl,ctl_lost,0,0,-116.9,6.8
mpp,-8.0,0,ack-4f,w,3,3,0,ctl,ctl_lost,0,0,-12.6,6.8
mpp,-8.0,0,ack-4f,w,3,3,0,ctl,ok,0,0,-7.0,6.8
mpp,-8.0,0,ack-4f,w,3,3,,ctl,missed,0,0,,6.8
mpp,-8.0,0,ack-4f,w,3,3,0,ctl,ctl_lost,0,0,-8.6,6.8
mpp,-8.0,0,ack-4f,w,3,3,0,ctl,ctl_lost,0,0,-6.7,6.8
mpp,-8.0,0,ack-4f,w,3,3,0,ctl,ok,0,0,-1.5,6.8
mpp,-8.0,0,ack-4f,w,3,3,0,ctl,ok,0,0,-5.5,6.8
mpp,-8.0,0,qpsk-r1/5,w,9,2,1,data,ctl_lost,0,0,-5.3,6.8
mpp,-8.0,0,ack-4f,w,3,3,0,ctl,ok,0,0,-4.6,6.8
mpp,-8.0,0,ack-4f,w,3,3,0,ctl,ok,0,0,-5.3,6.8
mpp,-8.0,0,fsk32r62-r1/2,c32r62,10,2,1,data,ok,8,6,-4.5,6.8
mpp,-8.0,0,n4-ack-8f,n4,3,3,0,ctl,ok,0,0,-6.7,6.8
mpp,-8.0,0,fsk32r62-r1/2,c32r62,10,2,1,data,ok,6,5,-4.3,6.8
mpp,-8.0,0,n10-ack-4f,n10,3,3,0,ctl,ok,0,0,-3.7,6.8
mpp,-8.0,0,fsk32r62-r1/2,c32r62,10,2,1,data,ok,7,7,-4.5,6.8
mpp,-8.0,0,n10-ack-4f,n10,3,3,0,ctl,ok,0,0,-4.7,6.8
mpp,-8.0,0,fsk32r62-r1/2,c32r62,10,2,1,data,ok,8,6,-4.8,6.8
mpp,-8.0,0,n4-ack-8f,n4,3,3,0,ctl,ok,0,0,-5.4,6.8
mpp,-8.0,0,fsk32r62-r1/2,c32r62,10,2,1,data,ok,6,4,-4.7,6.8
mpp,-8.0,0,n10-ack-4f,n10,3,3,0,ctl,ok,0,0,-7.2,6.8
mpp,-8.0,0,fsk32r62-r1/2,c32r62,10,2,1,data,ok,6,6,-4.5,6.8
mpp,-8.0,0,n4-ack-8f,n4,2,2,0,ctl,ok,0,0,-8.5,6.8
mpp,-8.0,0,fsk32r62-r1/2,c32r62,9,1,0,data,ok,8,8,-4.3,6.8
mpp,-8.0,0,n10-ack-4f,n10,2,2,0,ctl,ctl_lost,0,0,-9.3,6.8
mpp,-8.0,0,ack-4f,w,3,3,0,ctl,ok,0,0,-6.6,6.8
mpp,-8.0,0,ack-4f,w,3,3,0,ctl,ok,0,0,-4.9,6.8
mpp,-8.0,0,fsk32r62-r1/2,c32r62,10,2,,data,missed,0,0,,6.8
mpp,-8.0,0,ack-4f,w,3,3,0,ctl,ctl_lost,0,0,-6.2,6.8
mpp,-8.0,0,ack-4f,w,3,3,0,ctl,ok,0,0,-6.4,6.8
mpp,-8.0,0,ack-4f,w,3,3,0,ctl,ok,0,0,-4.0,6.8
mpp,-8.0,0,fsk32r62-r1/2,c32r62,10,2,1,data,ok,8,8,-4.0,6.8
mpp,-8.0,0,n4-ack-8f,n4,2,2,0,ctl,ok,0,0,-6.3,6.8
mpp,-8.0,0,fsk32r62-r1/2,c32r62,9,1,,data,missed,0,0,,6.8
mpp,-8.0,0,ack-4f,w,3,3,0,ctl,ok,0,0,-4.3,6.8
mpp,-8.0,0,ack-4f,w,2,2,0,ctl,ok,0,0,-2.0,6.8
mpp,-8.0,0,fsk32r62-r1/2,c32r62,9,1,0,data,ok,8,7,-4.4,6.8
mpp,-8.0,6,qpsk-r1/5,w,1,1,0,ctl,ok,0,0,-3.3,6.4
mpp,-8.0,6,qpsk-r1/5,w,1,1,0,ctl,ctl_lost,0,0,-5.2,6.4
mpp,-8.0,6,n4-qpsk-r1/3,n4,1,1,0,ctl,ok,0,0,-3.4,6.4
mpp,-8.0,6,n4-qpsk-r1/3,n4,1,1,0,ctl,ok,0,0,-5.2,6.4
mpp,-8.0,6,ack-4f,w,3,3,0,ctl,ok,0,0,-6.1,6.4
mpp,-8.0,6,ack-4f,w,3,3,0,ctl,ok,0,0,-4.3,6.4
mpp,-8.0,6,qpsk-r1/5,w,9,2,1,data,ok,7,0,-5.7,6.4
mpp,-8.0,6,n10-ack-4f,n10,3,3,,ctl,missed,0,0,,6.4
mpp,-8.0,6,ack-4f,w,3,3,0,ctl,ok,0,0,-4.8,6.4
mpp,-8.0,6,ack-4f,w,3,3,0,ctl,ok,0,0,-3.4,6.4
mpp,-8.0,6,qpsk-r1/5,w,9,2,1,data,ctl_lost,7,0,-7.5,6.4
mpp,-8.0,6,ack-4f,w,3,3,0,ctl,ok,0,0,-4.3,6.4
mpp,-8.0,6,ack-4f,w,3,3,0,ctl,ok,0,0,-1.1,6.4
mpp,-8.0,6,qpsk-r1/5,w,9,2,,data,missed,0,0,,6.4
mpp,-8.0,6,ack-4f,w,3,3,0,ctl,ok,0,0,-3.8,6.4
mpp,-8.0,6,ack-4f,w,3,3,0,ctl,ok,0,0,-0.9,6.4
mpp,-8.0,6,fsk32r62-r1/2,c32r62,10,2,1,data,ok,8,6,-4.4,6.4
mpp,-8.0,6,ack-4f,w,3,3,,ctl,missed,0,0,,6.4
mpp,-8.0,6,ack-4f,w,4,4,0,ctl,ok,0,0,-2.3,6.4
mpp,-8.0,6,ack-4f,w,3,3,0,ctl,ok,0,0,-5.2,6.4
mpp,-8.0,6,fsk32r62-r1/2,c32r62,10,2,1,data,ok,8,7,-4.1,6.4
mpp,-8.0,6,n4-ack-8f,n4,3,3,0,ctl,ok,0,0,-2.2,6.4
mpp,-8.0,6,fsk32r62-r1/2,c32r62,10,2,1,data,ok,8,7,-3.7,6.4
mpp,-8.0,6,ack-4f,w,3,3,,ctl,missed,0,0,,6.4
mpp,-8.0,6,ack-4f,w,3,3,,ctl,missed,0,0,,6.4
mpp,-8.0,6,ack-4f,w,3,3,0,ctl,ok,0,0,-1.3,6.4
mpp,-8.0,6,ack-4f,w,3,3,0,ctl,ok,0,0,-4.1,6.4
mpp,-8.0,6,fsk32r62-r1/2,c32r62,10,2,1,data,ok,8,8,-4.7,6.4
mpp,-8.0,6,n4-ack-8f,n4,3,3,0,ctl,ok,0,0,-4.5,6.4
mpp,-8.0,6,fsk32r62-r1/2,c32r62,10,2,1,data,ok,8,8,-4.6,6.4
mpp,-8.0,6,ack-4f,w,3,3,,ctl,missed,0,0,,6.4
mpp,-8.0,6,ack-4f,w,3,3,0,ctl,ok,0,0,-2.0,6.4
mpp,-8.0,6,ack-4f,w,3,3,0,ctl,ok,0,0,-5.2,6.4
mpp,-8.0,6,fsk32r62-r1/2,c32r62,10,2,1,data,ok,8,6,-5.7,6.4
mpp,-8.0,6,n4-ack-8f,n4,3,3,0,ctl,ok,0,0,-6.2,6.4
mpp,-8.0,6,fsk32r62-r1/2,c32r62,10,2,1,data,ok,6,4,-4.8,6.4
mpp,-8.0,6,ack-4f,w,2,2,0,ctl,ok,0,0,-4.6,6.4
mpp,-8.0,6,fsk32r62-r1/2,c32r62,9,1,0,data,ok,6,6,-4.2,6.4
mpp,-8.0,6,n10-ack-4f,n10,2,2,,ctl,missed,0,0,,6.4
mpp,-8.0,6,ack-4f,w,3,3,0,ctl,ctl_lost,0,0,-7.0,6.4
mpp,-8.0,6,ack-4f,w,3,3,0,ctl,ok,0,0,-5.3,6.4
mpp,-8.0,6,ack-4f,w,3,3,0,ctl,ok,0,0,-4.0,6.4
mpp,-8.0,6,fsk32r62-r1/2,c32r62,10,2,1,data,ok,8,7,-4.8,6.4
mpp,-8.0,6,ack-4f,w,3,3,0,ctl,ok,0,0,-2.5,6.4
mpp,-8.0,6,fsk32r62-r1/2,c32r62,9,1,0,data,ctl_lost,7,6,-4.6,6.4
mpp,-8.0,6,ack-4f,w,3,3,,ctl,missed,0,0,,6.4
mpp,-8.0,6,ack-4f,w,3,3,0,ctl,ok,0,0,-3.1,6.4
mpp,-8.0,6,ack-4f,w,3,3,,ctl,missed,0,0,,6.4
mpp,-8.0,6,ack-4f,w,3,3,0,ctl,ok,0,0,-4.5,6.4
mpp,-8.0,6,ack-4f,w,3,3,0,ctl,ok,0,0,-2.0,6.4
mpp,-8.0,6,fsk32r62-r1/2,c32r62,10,2,1,data,ok,7,6,-4.5,6.4
mpp,-8.0,6,ack-4f,w,3,3,0,ctl,ok,0,0,-5.9,6.4
mpp,-8.0,6,fsk32r62-r1/2,c32r62,10,2,,data,missed,0,0,,6.4
mpp,-8.0,6,ack-4f,w,3,3,0,ctl,ctl_lost,0,0,-6.8,6.4
mpp,-8.0,6,ack-4f,w,3,3,0,ctl,ok,0,0,-2.4,6.4
mpp,-8.0,6,ack-4f,w,3,3,0,ctl,ctl_lost,0,0,-9.4,6.4
mpp,-8.0,6,ack-4f,w,3,3,0,ctl,ctl_lost,0,0,-8.2,6.4
mpp,-8.0,6,ack-4f,w,3,3,0,ctl,ok,0,0,-7.1,6.4
mpp,-8.0,6,ack-4f,w,3,3,0,ctl,ok,0,0,-5.6,6.4
mpp,-8.0,6,fsk32r62-r1/2,c32r62,10,2,,data,missed,0,0,,6.4
mpp,-8.0,6,ack-4f,w,3,3,0,ctl,ctl_lost,0,0,-5.9,6.4
mpp,-8.0,6,ack-4f,w,3,3,0,ctl,ok,0,0,-4.4,6.4
mpp,-8.0,6,ack-4f,w,3,3,0,ctl,ok,0,0,-3.0,6.4
mpp,-8.0,6,fsk32r62-r1/2,c32r62,10,2,1,data,ok,7,5,-4.9,6.4
mpp,-8.0,3,qpsk-r1/5,w,1,1,0,ctl,ctl_lost,0,0,-5.9,8.5
mpp,-8.0,3,n4-qpsk-r1/3,n4,1,1,0,ctl,ok,0,0,-5.3,8.5
mpp,-8.0,3,n4-qpsk-r1/3,n4,1,1,0,ctl,ok,0,0,-7.9,8.5
mpp,-8.0,3,ack-4f,w,3,3,,ctl,missed,0,0,,8.5
mpp,-8.0,3,ack-4f,w,3,3,,ctl,missed,0,0,,8.5
mpp,-8.0,3,ack-4f,w,3,3,0,ctl,ok,0,0,-3.1,8.5
mpp,-8.0,3,ack-4f,w,3,3,0,ctl,ok,0,0,-5.0,8.5
mpp,-8.0,3,fsk32r62-r1/2,c32r62,10,2,1,data,ok,8,4,-5.0,8.5
mpp,-8.0,3,n10-ack-4f,n10,3,3,,ctl,missed,0,0,,8.5
mpp,-8.0,3,ack-4f,w,3,3,0,ctl,ok,0,0,-3.7,8.5
mpp,-8.0,3,ack-4f,w,3,3,0,ctl,ok,0,0,-0.8,8.5
mpp,-8.0,3,fsk32r62-r1/2,c32r62,10,2,1,data,ok,8,7,-3.9,8.5
mpp,-8.0,3,ack-4f,w,3,3,,ctl,missed,0,0,,8.5
mpp,-8.0,3,ack-4f,w,3,3,0,ctl,ok,0,0,-1.7,8.5
mpp,-8.0,3,ack-4f,w,3,3,,ctl,missed,0,0,,8.5
mpp,-8.0,3,ack-4f,w,3,3,0,ctl,ok,0,0,-3.9,8.5
mpp,-8.0,3,ack-4f,w,3,3,,ctl,missed,0,0,,8.5
mpp,-8.0,3,ack-4f,w,3,3,0,ctl,ok,0,0,-3.5,8.5
mpp,-8.0,3,ack-4f,w,3,3,0,ctl,ok,0,0,-3.9,8.5
mpp,-8.0,3,fsk32r62-r1/2,c32r62,10,2,1,data,ok,8,8,-4.3,8.5
mpp,-8.0,3,n10-ack-4f,n10,2,2,,ctl,missed,0,0,,8.5
mpp,-8.0,3,ack-4f,w,3,3,,ctl,missed,0,0,,8.5
mpp,-8.0,3,ack-4f,w,3,3,,ctl,missed,0,0,,8.5
mpp,-8.0,3,ack-4f,w,3,3,0,ctl,ok,0,0,-2.9,8.5
mpp,-8.0,3,ack-4f,w,3,3,0,ctl,ctl_lost,0,0,-7.0,8.5
mpp,-8.0,3,ack-4f,w,3,3,0,ctl,ok,0,0,-3.5,8.5
mpp,-8.0,3,ack-4f,w,3,3,,ctl,missed,0,0,,8.5
mpp,-8.0,3,ack-4f,w,3,3,0,ctl,ok,0,0,-6.4,8.5
mpp,-8.0,3,ack-4f,w,3,3,0,ctl,ctl_lost,0,0,-7.4,8.5
mpp,-8.0,3,ack-4f,w,3,3,0,ctl,ok,0,0,-3.7,8.5
mpp,-8.0,3,ack-4f,w,3,3,0,ctl,ctl_lost,0,0,-11.4,8.5
mpp,-8.0,3,ack-4f,w,3,3,0,ctl,ok,0,0,-5.6,8.5
mpp,-8.0,3,ack-4f,w,3,3,0,ctl,ok,0,0,-1.4,8.5
mpp,-8.0,3,qpsk-r1/5,w,9,2,1,data,ok,7,0,-3.5,8.5
mpp,-8.0,3,n4-ack-8f,n4,3,3,,ctl,missed,0,0,,8.5
mpp,-8.0,3,ack-4f,w,3,3,0,ctl,ok,0,0,-3.2,8.5
mpp,-8.0,3,ack-4f,w,3,3,0,ctl,ok,0,0,-2.3,8.5
mpp,-8.0,3,qpsk-r1/5,w,9,2,1,data,ok,7,0,-5.3,8.5
mpp,-8.0,3,ack-4f,w,3,3,0,ctl,ok,0,0,-2.8,8.5
mpp,-8.0,3,qpsk-r1/5,w,9,2,1,data,ctl_lost,7,0,-4.4,8.5
mpp,-8.0,3,ack-4f,w,3,3,0,ctl,ok,0,0,-4.9,8.5
mpp,-8.0,3,ack-4f,w,3,3,0,ctl,ok,0,0,-6.9,8.5
mpp,-8.0,3,fsk32r62-r1/2,c32r62,10,2,1,data,ok,8,8,-4.8,8.5
mpp,-8.0,3,n4-ack-8f,n4,3,3,0,ctl,ok,0,0,-5.1,8.5
mpp,-8.0,3,fsk32r62-r1/2,c32r62,10,2,1,data,ok,8,7,-4.4,8.5
mpp,-8.0,3,ack-4f,w,3,3,,ctl,missed,0,0,,8.5
mpp,-8.0,3,ack-4f,w,3,3,0,ctl,ctl_lost,0,0,-5.1,8.5
mpp,-8.0,3,ack-4f,w,3,3,,ctl,missed,0,0,,8.5
mpp,-8.0,3,ack-4f,w,3,3,0,ctl,ok,0,0,-6.3,8.5
mpp,-8.0,3,ack-4f,w,3,3,0,ctl,ok,0,0,-4.4,8.5
mpp,-8.0,3,fsk32r62-r1/2,c32r62,10,2,1,data,ok,8,8,-4.3,8.5
mpp,-8.0,3,n4-ack-8f,n4,2,2,,ctl,missed,0,0,,8.5
mpp,-8.0,3,ack-4f,w,3,3,0,ctl,ok,0,0,-4.3,8.5
mpp,-8.0,3,ack-4f,w,3,3,0,ctl,ok,0,0,-3.4,8.5
mpp,-8.0,3,fsk32r62-r1/2,c32r62,10,2,1,data,ok,8,8,-4.6,8.5
mpp,-8.0,3,n10-ack-4f,n10,2,2,0,ctl,ctl_lost,0,0,-6.3,8.5
mpp,-8.0,3,ack-4f,w,3,3,0,ctl,ok,0,0,-4.1,8.5
mpp,-8.0,3,ack-4f,w,3,3,,ctl,missed,0,0,,8.5
mpp,-8.0,3,ack-4f,w,3,3,0,ctl,ok,0,0,-2.9,8.5
mpp,-8.0,3,ack-4f,w,3,3,0,ctl,ok,0,0,-3.3,8.5
mpp,-8.0,3,fsk32r62-r1/2,c32r62,10,2,1,data,ok,8,7,-3.9,8.5
mpp,-8.0,3,ack-4f,w,3,3,0,ctl,ok,0,0,-4.1,8.5
mpp,-8.0,3,fsk32r62-r1/2,c32r62,9,1,0,data,ok,7,6,-4.4,8.5
mpp,-8.0,3,ack-4f,w,3,3,0,ctl,ok,0,0,-3.3,8.5
mpp,-8.0,3,fsk32r62-r1/2,c32r62,9,1,0,data,ok,7,6,-4.3,8.5
mpp,-8.0,3,ack-4f,w,3,3,,ctl,missed,0,0,,8.5
mpp,-8.0,3,ack-4f,w,3,3,,ctl,missed,0,0,,8.5
mpp,-8.0,3,ack-4f,w,3,3,0,ctl,ok,0,0,-7.0,8.5
mpp,-8.0,3,ack-4f,w,3,3,0,ctl,ok,0,0,-4.6,8.5
mpp,-8.0,3,fsk32r62-r1/2,c32r62,10,2,1,data,ok,8,7,-3.9,8.5
mpp,-8.0,3,ack-4f,w,2,2,0,ctl,ok,0,0,-3.1,8.5
mpp,-8.0,3,fsk32r62-r1/2,c32r62,9,1,0,data,ok,8,7,-4.2,8.5
mpp,-8.0,3,ack-4f,w,3,3,,ctl,missed,0,0,,8.5
mpp,-8.0,3,ack-4f,w,3,3,,ctl,missed,0,0,,8.5
mpp,-8.0,3,ack-4f,w,3,3,0,ctl,ok,0,0,-5.6,8.5
mpp,-8.0,3,ack-4f,w,3,3,0,ctl,ok,0,0,-6.6,8.5
mpp,-8.0,3,fsk32r62-r1/2,c32r62,9,1,0,data,ok,8,7,-4.4,8.5
mpd,-6.0,9,qpsk-r1/5,w,1,1,0,ctl,ctl_lost,0,0,-6.3,8.5
mpd,-6.0,9,n4-qpsk-r1/3,n4,1,1,0,ctl,ok,0,0,-8.0,8.5
mpd,-6.0,9,n4-qpsk-r1/3,n4,1,1,,ctl,missed,0,0,,8.5
mpd,-6.0,9,n4-qpsk-r1/3,n4,1,1,,ctl,missed,0,0,,8.5
mpd,-6.0,9,n4-qpsk-r1/3,n4,1,1,0,ctl,ok,0,0,-5.7,8.5
mpd,-6.0,9,n4-qpsk-r1/3,n4,1,1,0,ctl,ok,0,0,-5.6,8.5
mpd,-6.0,9,ack-4f,w,3,3,,ctl,missed,0,0,,8.5
mpd,-6.0,9,ack-4f,w,3,3,0,ctl,ok,0,0,-2.4,8.5
mpd,-6.0,9,ack-4f,w,3,3,0,ctl,ok,0,0,-2.8,8.5
mpd,-6.0,9,qpsk-r1/5,w,9,2,1,data,ok,7,7,-2.3,8.5
mpd,-6.0,9,n10-ack-4f,n10,3,3,,ctl,missed,0,0,,8.5
mpd,-6.0,9,ack-4f,w,3,3,0,ctl,ok,0,0,-3.8,8.5
mpd,-6.0,9,ack-4f,w,3,3,0,ctl,ok,0,0,-5.7,8.5
mpd,-6.0,9,qpsk-r1/5,w,9,2,1,data,ok,7,0,-4.9,8.5
mpd,-6.0,9,n4-ack-8f,n4,3,3,0,ctl,ok,0,0,-4.2,8.5
mpd,-6.0,9,qpsk-r1/5,w,9,2,1,data,ok,0,0,-3.7,8.5
mpd,-6.0,9,ack-4f,w,3,3,0,ctl,ok,0,0,-2.1,8.5
mpd,-6.0,9,qpsk-r1/5,w,9,2,,data,missed,0,0,,8.5
mpd,-6.0,9,ack-4f,w,3,3,0,ctl,ok,0,0,-1.5,8.5
mpd,-6.0,9,ack-4f,w,3,3,,ctl,missed,0,0,,8.5
mpd,-6.0,9,ack-4f,w,3,3,0,ctl,ok,0,0,-4.3,8.5
mpd,-6.0,9,ack-4f,w,3,3,0,ctl,ok,0,0,-2.3,8.5
mpd,-6.0,9,qpsk-r1/5,w,9,2,1,data,ok,7,0,-3.3,8.5
mpd,-6.0,9,ack-4f,w,3,3,0,ctl,ok,0,0,-2.0,8.5
mpd,-6.0,9,qpsk-r1/5,w,9,2,1,data,ok,0,0,-2.8,8.5
mpd,-6.0,9,ack-4f,w,3,3,0,ctl,ok,0,0,-4.8,8.5
mpd,-6.0,9,qpsk-r1/5,w,9,2,1,data,ok,7,0,-4.0,8.5
mpd,-6.0,9,ack-4f,w,3,3,0,ctl,ok,0,0,-6.5,8.5
mpd,-6.0,9,qpsk-r1/5,w,9,2,1,data,ok,0,0,-2.3,8.5
mpd,-6.0,9,n4-ack-8f,n4,2,2,0,ctl,ok,0,0,-6.0,8.5
mpd,-6.0,9,qpsk-r1/5,w,9,1,0,data,ctl_lost,8,0,-2.8,8.5
mpd,-6.0,9,ack-4f,w,3,3,0,ctl,ok,0,0,-1.6,8.5
mpd,-6.0,9,ack-4f,w,3,3,0,ctl,ok,0,0,-5.7,8.5
mpd,-6.0,9,qpsk-r1/5,w,9,2,,data,missed,0,0,,8.5
mpd,-6.0,9,ack-4f,w,3,3,0,ctl,ok,0,0,-0.9,8.5
mpd,-6.0,9,ack-4f,w,3,3,0,ctl,ok,0,0,-2.9,8.5
mpd,-6.0,9,qpsk-r1/5,w,9,2,1,data,ok,7,0,-2.9,8.5
mpd,-6.0,9,ack-4f,w,3,3,0,ctl,ok,0,0,-0.2,8.5
mpd,-6.0,9,qpsk-r1/5,w,9,2,1,data,ok,0,0,-3.9,8.5
mpd,-6.0,9,ack-4f,w,3,3,0,ctl,ok,0,0,-6.2,8.5
mpd,-6.0,9,qpsk-r1/5,w,9,2,,data,missed,0,0,,8.5
mpd,-6.0,9,ack-4f,w,3,3,0,ctl,ok,0,0,-4.5,8.5
mpd,-6.0,9,ack-4f,w,3,3,0,ctl,ok,0,0,-4.8,8.5
mpd,-6.0,9,qpsk-r1/5,w,9,2,1,data,ok,7,0,-3.8,8.5
mpd,-6.0,9,ack-4f,w,3,3,,ctl,missed,0,0,,8.5
mpd,-6.0,9,ack-4f,w,3,3,0,ctl,ok,0,0,-5.9,8.5
mpd,-6.0,9,ack-4f,w,3,3,0,ctl,ok,0,0,-4.1,8.5
mpd,-6.0,9,qpsk-r1/5,w,9,2,1,data,ok,7,5,-2.4,8.5
mpd,-6.0,9,ack-4f,w,3,3,0,ctl,ok,0,0,-4.0,8.5
mpd,-6.0,9,qpsk-r1/5,w,9,2,1,data,ok,7,0,-3.0,8.5
mpd,-6.0,9,ack-4f,w,2,2,0,ctl,ok,0,0,-4.2,8.5
mpd,-6.0,9,qpsk-r1/5,w,9,1,,data,missed,0,0,,8.5
mpd,-6.0,9,ack-4f,w,3,3,0,ctl,ok,0,0,-3.2,8.5
mpd,-6.0,9,ack-4f,w,3,3,0,ctl,ok,0,0,-1.5,8.5
mpd,-6.0,9,qpsk-r1/5,w,9,2,1,data,ok,0,0,-2.1,8.5
mpd,-6.0,9,ack-4f,w,2,2,0,ctl,ok,0,0,-3.9,8.5
mpd,-6.0,9,qpsk-r1/5,w,9,1,0,data,ctl_lost,8,0,-3.3,8.5
mpd,-6.0,9,ack-4f,w,3,3,0,ctl,ok,0,0,-1.1,8.5
mpd,-6.0,9,ack-4f,w,3,3,0,ctl,ok,0,0,-4.5,8.5
mpd,-6.0,9,qpsk-r1/5,w,9,2,1,data,ok,7,7,-1.5,8.5
mpd,-6.0,9,ack-4f,w,2,2,0,ctl,ctl_lost,0,0,-7.8,8.5
mpd,-6.0,9,ack-4f,w,3,3,0,ctl,ok,0,0,-2.3,8.5
mpd,-6.0,9,ack-4f,w,3,3,0,ctl,ok,0,0,-3.2,8.5
mpd,-6.0,9,qpsk-r1/5,w,9,2,1,data,ok,7,2,-2.4,8.5
mpd,-6.0,9,n4-ack-8f,n4,3,3,,ctl,missed,0,0,,8.5
mpd,-6.0,9,ack-4f,w,3,3,0,ctl,ok,0,0,-4.7,8.5
mpd,-6.0,9,ack-4f,w,3,3,0,ctl,ok,0,0,-4.0,8.5
mpd,-6.0,9,qpsk-r1/5,w,9,2,1,data,ok,7,0,-3.3,8.5
mpd,-6.0,9,ack-4f,w,3,3,0,ctl,ok,0,0,-2.7,8.5
mpd,-6.0,9,fsk32r62-r1/2,c32r62,10,2,1,data,ok,8,8,-3.1,8.5
mpd,-6.0,9,ack-4f,w,2,2,0,ctl,ok,0,0,-2.8,8.5
mpd,-6.0,9,fsk32r62-r1/2,c32r62,9,1,0,data,ok,8,8,-3.2,8.5
mpd,-6.0,9,ack-4f,w,2,2,0,ctl,ok,0,0,-2.4,8.5
mpd,-6.0,9,fsk32r62-r1/2,c32r62,9,1,0,data,ok,8,8,-3.5,8.5
mpd,-6.0,9,ack-4f,w,2,2,0,ctl,ok,0,0,-1.6,8.5
mpd,-6.0,9,fsk32r62-r1/2,c32r62,9,1,0,data,ok,8,8,-3.8,8.5
mpd,-6.0,9,ack-4f,w,2,2,0,ctl,ok,0,0,-4.6,8.5
mpd,-6.0,9,fsk32r62-r1/2,c32r62,9,1,0,data,ok,8,8,-3.1,8.5
mpd,-6.0,9,ack-4f,w,2,2,,ctl,missed,0,0,,8.5
mpd,-6.0,9,ack-4f,w,3,3,0,ctl,ok,0,0,-3.6,8.5
mpd,-6.0,9,ack-4f,w,3,3,0,ctl,ok,0,0,-4.5,8.5
mpd,-6.0,9,fsk32r62-r1/2,c32r62,10,2,1,data,ok,8,8,-3.3,8.5
mpp,-8.0,4,qpsk-r1/5,w,1,1,0,ctl,ok,0,0,0.2,6.4
mpp,-8.0,4,qpsk-r1/5,w,1,1,0,ctl,ctl_lost,0,0,-3.4,6.4
mpp,-8.0,4,n4-qpsk-r1/3,n4,1,1,0,ctl,ok,0,0,-5.0,6.4
mpp,-8.0,4,n4-qpsk-r1/3,n4,1,1,0,ctl,ok,0,0,-4.3,6.4
mpp,-8.0,4,ack-4f,w,3,3,,ctl,missed,0,0,,6.4
mpp,-8.0,4,ack-4f,w,3,3,0,ctl,ok,0,0,-5.1,6.4
mpp,-8.0,4,ack-4f,w,3,3,0,ctl,ctl_lost,0,0,-8.6,6.4
mpp,-8.0,4,ack-4f,w,3,3,0,ctl,ok,0,0,-1.8,6.4
mpp,-8.0,4,ack-4f,w,3,3,0,ctl,ok,0,0,-2.8,6.4
mpp,-8.0,4,qpsk-r1/5,w,9,2,,data,missed,0,0,,6.4
mpp,-8.0,4,ack-4f,w,3,3,0,ctl,ctl_lost,0,0,-23.2,6.4
mpp,-8.0,4,ack-4f,w,3,3,0,ctl,ok,0,0,-3.9,6.4
mpp,-8.0,4,ack-4f,w,3,3,0,ctl,ok,0,0,-4.9,6.4
mpp,-8.0,4,fsk8r50-r1/2,c8r50,8,2,1,data,ok,6,6,-4.6,6.4
mpp,-8.0,4,n10-ack-4f,n10,3,3,,ctl,missed,0,0,,6.4
mpp,-8.0,4,ack-4f,w,4,4,,ctl,missed,0,0,,6.4
mpp,-8.0,4,ack-4f,w,4,4,0,ctl,ok,0,0,-3.1,6.4
mpp,-8.0,4,ack-4f,w,3,3,0,ctl,ok,0,0,-2.5,6.4
mpp,-8.0,4,fsk32r62-r1/2,c32r62,10,2,1,data,ok,8,7,-4.5,6.4
mpp,-8.0,4,n10-ack-4f,n10,3,3,0,ctl,ok,0,0,-7.3,6.4
mpp,-8.0,4,fsk32r62-r1/2,c32r62,10,2,1,data,ok,7,7,-5.1,6.4
mpp,-8.0,4,n4-ack-8f,n4,3,3,0,ctl,ok,0,0,-4.7,6.4
mpp,-8.0,4,fsk32r62-r1/2,c32r62,10,2,1,data,ok,8,8,-4.5,6.4
mpp,-8.0,4,n10-ack-4f,n10,3,3,0,ctl,ok,0,0,-4.1,6.4
mpp,-8.0,4,fsk32r62-r1/2,c32r62,10,2,,data,missed,0,0,,6.4
mpp,-8.0,4,ack-4f,w,3,3,0,ctl,ok,0,0,-1.3,6.4
mpp,-8.0,4,ack-4f,w,3,3,0,ctl,ok,0,0,-3.8,6.4
mpp,-8.0,4,qpsk-r1/5,w,9,2,,data,missed,0,0,,6.4
mpp,-8.0,4,ack-4f,w,4,4,,ctl,missed,0,0,,6.4
mpp,-8.0,4,ack-4f,w,4,4,0,ctl,ok,0,0,-2.1,6.4
mpp,-8.0,4,ack-4f,w,3,3,0,ctl,ok,0,0,-4.5,6.4
mpp,-8.0,4,qpsk-r1/5,w,9,2,1,data,ok,7,0,-4.7,6.4
mpp,-8.0,4,n4-ack-8f,n4,3,3,0,ctl,ok,0,0,-5.0,6.4
mpp,-8.0,4,qpsk-r1/5,w,9,2,1,data,ok,0,0,-3.7,6.4
mpp,-8.0,4,n10-ack-4f,n10,3,3,,ctl,missed,0,0,,6.4
mpp,-8.0,4,ack-4f,w,3,3,0,ctl,ok,0,0,-2.2,6.4
mpp,-8.0,4,ack-4f,w,3,3,0,ctl,ctl_lost,0,0,-9.2,6.4
mpp,-8.0,4,ack-4f,w,3,3,0,ctl,ctl_lost,0,0,-11.3,6.4
mpp,-8.0,4,ack-4f,w,3,3,0,ctl,ok,0,0,-0.9,6.4
mpp,-8.0,4,ack-4f,w,3,3,0,ctl,ok,0,0,-1.2,6.4
mpp,-8.0,4,qpsk-r1/5,w,9,2,1,data,ok,7,0,-3.7,6.4
mpp,-8.0,4,n4-ack-8f,n4,3,3,0,ctl,ok,0,0,-7.9,6.4
mpp,-8.0,4,qpsk-r1/5,w,9,2,1,data,ok,0,0,-5.0,6.4
mpp,-8.0,4,n10-ack-4f,n10,3,3,0,ctl,ctl_lost,0,0,-7.6,6.4
mpp,-8.0,4,ack-4f,w,3,3,0,ctl,ok,0,0,-2.3,6.4
mpp,-8.0,4,ack-4f,w,3,3,0,ctl,ctl_lost,0,0,-6.8,6.4
mpp,-8.0,4,ack-4f,w,3,3,0,ctl,ok,0,0,-4.6,6.4
mpp,-8.0,4,ack-4f,w,3,3,,ctl,missed,0,0,,6.4
mpp,-8.0,4,ack-4f,w,3,3,0,ctl,ok,0,0,-6.3,6.4
mpp,-8.0,4,ack-4f,w,3,3,0,ctl,ok,0,0,-5.1,6.4
mpp,-8.0,4,qpsk-r1/5,w,9,2,1,data,ok,7,0,-4.3,6.4
mpp,-8.0,4,n4-ack-8f,n4,3,3,,ctl,missed,0,0,,6.4
mpp,-8.0,4,ack-4f,w,3,3,,ctl,missed,0,0,,6.4
mpp,-8.0,4,ack-4f,w,3,3,0,ctl,ok,0,0,-3.1,6.4
mpp,-8.0,4,ack-4f,w,3,3,0,ctl,ok,0,0,-0.7,6.4
mpp,-8.0,4,qpsk-r1/5,w,9,2,1,data,ok,7,0,-5.1,6.4
mpp,-8.0,4,n4-ack-8f,n4,3,3,,ctl,missed,0,0,,6.4
mpp,-8.0,4,ack-4f,w,3,3,0,ctl,ok,0,0,-4.8,6.4
mpp,-8.0,4,ack-4f,w,3,3,0,ctl,ok,0,0,-2.1,6.4
mpp,-8.0,4,qpsk-r1/5,w,9,2,1,data,ctl_lost,7,0,-5.1,6.4
mpp,-8.0,4,ack-4f,w,3,3,0,ctl,ok,0,0,-3.0,6.4
mpp,-8.0,4,ack-4f,w,3,3,0,ctl,ok,0,0,-3.1,6.4
mpp,-8.0,4,qpsk-r1/5,w,9,2,1,data,ok,7,0,-3.3,6.4
mpp,-8.0,4,n4-ack-8f,n4,3,3,0,ctl,ok,0,0,-7.5,6.4
mpp,-8.0,4,qpsk-r1/5,w,9,2,1,data,ctl_lost,0,0,-7.4,6.4
mpp,-8.0,4,ack-4f,w,3,3,0,ctl,ok,0,0,-3.4,6.4
mpp,-8.0,4,ack-4f,w,3,3,0,ctl,ok,0,0,-5.2,6.4
mpp,-8.0,4,fsk32r62-r1/2,c32r62,10,2,1,data,ok,8,8,-3.6,6.4
mpp,-8.0,4,n4-ack-8f,n4,2,2,0,ctl,ok,0,0,-11.5,6.4
mpp,-8.0,4,fsk32r62-r1/2,c32r62,9,1,0,data,ok,8,8,-4.7,6.4
mpp,-8.0,4,n4-ack-8f,n4,2,2,0,ctl,ok,0,0,-3.2,6.4
mpp,-8.0,4,fsk32r62-r1/2,c32r62,9,1,0,data,ok,8,8,-3.7,6.4
mpp,-8.0,4,polar-k96-f4,w,1,1,0,ctl,ctl_lost,0,0,-9.0,6.4
mpp,-8.0,4,ack-4f,w,3,3,0,ctl,ok,0,0,-2.0,6.4
mpp,-8.0,4,ack-4f,w,2,2,0,ctl,ok,0,0,-1.8,6.4
mpp,-8.0,4,fsk32r62-r1/2,c32r62,9,1,0,data,ok,8,6,-4.8,6.4
mpp,-8.0,8,qpsk-r1/5,w,1,1,,ctl,missed,0,0,,6.4
mpp,-8.0,8,n4-qpsk-r1/3,n4,1,1,0,ctl,ok,0,0,-4.1,6.4
mpp,-8.0,8,n4-qpsk-r1/3,n4,1,1,0,ctl,ok,0,0,-5.1,6.4
mpp,-8.0,8,ack-4f,w,3,3,0,ctl,ok,0,0,-4.7,6.4
mpp,-8.0,8,ack-4f,w,3,3,0,ctl,ok,0,0,-10.0,6.4
mpp,-8.0,8,fsk32r62-r1/2,c32r62,10,2,1,data,ok,8,8,-4.1,6.4
mpp,-8.0,8,n10-ack-4f,n10,3,3,0,ctl,ok,0,0,-7.7,6.4
mpp,-8.0,8,qpsk-r1/5,w,9,2,1,data,ok,7,0,-5.6,6.4
mpp,-8.0,8,n10-ack-4f,n10,3,3,0,ctl,ok,0,0,-5.3,6.4
mpp,-8.0,8,fsk32r62-r1/2,c32r62,10,2,1,data,ok,8,5,-4.8,6.4
mpp,-8.0,8,ack-4f,w,3,3,0,ctl,ok,0,0,-3.9,6.4
mpp,-8.0,8,fsk32r62-r1/2,c32r62,10,2,1,data,ok,5,5,-4.4,6.4
mpp,-8.0,8,n10-ack-4f,n10,3,3,0,ctl,ok,0,0,-7.9,6.4
mpp,-8.0,8,fsk32r62-r1/2,c32r62,10,2,1,data,ok,8,8,-4.1,6.4
mpp,-8.0,8,ack-4f,w,2,2,0,ctl,ctl_lost,0,0,-8.1,6.4
mpp,-8.0,8,ack-4f,w,3,3,0,ctl,ok,0,0,-5.0,6.4
mpp,-8.0,8,ack-4f,w,3,3,0,ctl,ok,0,0,-1.0,6.4
mpp,-8.0,8,fsk32r62-r1/2,c32r62,10,2,,data,missed,0,0,,6.4
mpp,-8.0,8,ack-4f,w,3,3,,ctl,missed,0,0,,6.4
mpp,-8.0,8,ack-4f,w,3,3,,ctl,missed,0,0,,6.4
mpp,-8.0,8,ack-4f,w,3,3,0,ctl,ok,0,0,-6.4,6.4
mpp,-8.0,8,ack-4f,w,3,3,0,ctl,ok,0,0,-7.3,6.4
mpp,-8.0,8,fsk32r62-r1/2,c32r62,10,2,1,data,ok,8,7,-4.0,6.4
mpp,-8.0,8,n10-ack-4f,n10,3,3,,ctl,missed,0,0,,6.4
mpp,-8.0,8,ack-4f,w,3,3,0,ctl,ok,0,0,-3.8,6.4
mpp,-8.0,8,ack-4f,w,3,3,0,ctl,ok,0,0,-6.7,6.4
mpp,-8.0,8,fsk32r62-r1/2,c32r62,10,2,1,data,ok,8,8,-4.1,6.4
mpp,-8.0,8,n10-ack-4f,n10,2,2,0,ctl,ok,0,0,-4.0,6.4
mpp,-8.0,8,fsk32r62-r1/2,c32r62,9,1,,data,missed,0,0,,6.4
mpp,-8.0,8,ack-4f,w,3,3,0,ctl,ok,0,0,-4.9,6.4
mpp,-8.0,8,ack-4f,w,3,3,0,ctl,ok,0,0,-0.8,6.4
mpp,-8.0,8,qpsk-r1/5,w,9,2,1,data,ok,7,0,-4.9,6.4
mpp,-8.0,8,n10-ack-4f,n10,3,3,,ctl,missed,0,0,,6.4
mpp,-8.0,8,ack-4f,w,4,4,,ctl,missed,0,0,,6.4
mpp,-8.0,8,ack-4f,w,4,4,0,ctl,ok,0,0,-1.0,6.4
mpp,-8.0,8,ack-4f,w,3,3,0,ctl,ok,0,0,-4.1,6.4
mpp,-8.0,8,qpsk-r1/5,w,9,2,1,data,ok,7,0,-5.6,6.4
mpp,-8.0,8,n10-ack-4f,n10,3,3,0,ctl,ok,0,0,-4.3,6.4
mpp,-8.0,8,qpsk-r1/5,w,9,2,1,data,ok,6,2,-2.8,6.4
mpp,-8.0,8,n10-ack-4f,n10,3,3,0,ctl,ctl_lost,0,0,-8.9,6.4
mpp,-8.0,8,ack-4f,w,3,3,0,ctl,ok,0,0,-3.4,6.4
mpp,-8.0,8,ack-4f,w,3,3,,ctl,missed,0,0,,6.4
mpp,-8.0,8,ack-4f,w,3,3,0,ctl,ok,0,0,-6.6,6.4
mpp,-8.0,8,ack-4f,w,3,3,0,ctl,ok,0,0,-5.4,6.4
mpp,-8.0,8,fsk32r62-r1/2,c32r62,10,2,,data,missed,0,0,,6.4
mpp,-8.0,8,ack-4f,w,4,4,,ctl,missed,0,0,,6.4
mpp,-8.0,8,ack-4f,w,4,4,0,ctl,ok,0,0,-2.4,6.4
mpp,-8.0,8,ack-4f,w,3,3,0,ctl,ok,0,0,-3.6,6.4
mpp,-8.0,8,qpsk-r1/5,w,9,2,1,data,ctl_lost,7,0,-5.6,6.4
mpp,-8.0,8,ack-4f,w,4,4,0,ctl,ok,0,0,-2.6,6.4
mpp,-8.0,8,ack-4f,w,3,3,0,ctl,ok,0,0,-2.9,6.4
mpp,-8.0,8,fsk32r62-r1/2,c32r62,10,2,1,data,ok,8,8,-4.5,6.4
mpp,-8.0,8,n10-ack-4f,n10,2,2,,ctl,missed,0,0,,6.4
mpp,-8.0,8,ack-4f,w,4,4,0,ctl,ok,0,0,-4.3,6.4
mpp,-8.0,8,ack-4f,w,3,3,0,ctl,ok,0,0,-1.7,6.4
mpp,-8.0,8,fsk32r62-r1/2,c32r62,10,2,1,data,ok,8,7,-3.8,6.4
mpp,-8.0,8,n10-ack-4f,n10,3,3,0,ctl,ctl_lost,0,0,-5.6,6.4
mpp,-8.0,8,ack-4f,w,3,3,0,ctl,ctl_lost,0,0,-8.8,6.4
mpp,-8.0,8,ack-4f,w,3,3,0,ctl,ok,0,0,-4.4,6.4
mpp,-8.0,8,ack-4f,w,3,3,0,ctl,ok,0,0,-5.0,6.4
mpp,-8.0,8,fsk32r62-r1/2,c32r62,10,2,1,data,ok,8,5,-4.6,6.4
mpp,-8.0,8,n4-ack-8f,n4,3,3,0,ctl,ok,0,0,-3.5,6.4
mpp,-8.0,8,fsk32r62-r1/2,c32r62,9,1,0,data,ok,5,5,-4.3,6.4
mpp,-8.0,10,qpsk-r1/5,w,1,1,0,ctl,ctl_lost,0,0,-6.8,6.0
mpp,-8.0,10,n4-qpsk-r1/3,n4,1,1,0,ctl,ok,0,0,-7.0,6.0
mpp,-8.0,10,n4-qpsk-r1/3,n4,1,1,,ctl,missed,0,0,,6.0
mpp,-8.0,10,n4-qpsk-r1/3,n4,1,1,0,ctl,ok,0,0,-6.1,6.0
mpp,-8.0,10,n4-qpsk-r1/3,n4,1,1,0,ctl,ok,0,0,-4.8,6.0
mpp,-8.0,10,ack-4f,w,3,3,0,ctl,ok,0,0,-5.0,6.0
mpp,-8.0,10,ack-4f,w,3,3,0,ctl,ok,0,0,-2.6,6.0
mpp,-8.0,10,qpsk-r1/5,w,9,2,1,data,ok,7,0,-5.1,6.0
mpp,-8.0,10,n10-ack-4f,n10,3,3,,ctl,missed,0,0,,6.0
mpp,-8.0,10,ack-4f,w,3,3,0,ctl,ctl_lost,0,0,-7.9,6.0
mpp,-8.0,10,ack-4f,w,3,3,0,ctl,ok,0,0,-1.5,6.0
mpp,-8.0,10,ack-4f,w,3,3,0,ctl,ok,0,0,-3.1,6.0
mpp,-8.0,10,qpsk-r1/5,w,9,2,1,data,ok,7,0,-5.1,6.0
mpp,-8.0,10,n10-ack-4f,n10,3,3,0,ctl,ok,0,0,-4.3,6.0
mpp,-8.0,10,qpsk-r1/5,w,9,2,1,data,ok,5,0,-4.2,6.0
mpp,-8.0,10,ack-4f,w,3,3,0,ctl,ok,0,0,-1.6,6.0
mpp,-8.0,10,qpsk-r1/5,w,9,2,1,data,ok,2,0,-5.6,6.0
mpp,-8.0,10,ack-4f,w,3,3,0,ctl,ok,0,0,-2.3,6.0
mpp,-8.0,10,qpsk-r1/5,w,9,2,1,data,ctl_lost,5,0,-5.9,6.0
mpp,-8.0,10,ack-4f,w,3,3,0,ctl,ok,0,0,-1.5,6.0
mpp,-8.0,10,ack-4f,w,3,3,0,ctl,ok,0,0,-6.1,6.0
mpp,-8.0,10,qpsk-r1/5,w,9,2,1,data,ctl_lost,5,0,-6.0,6.0
mpp,-8.0,10,ack-4f,w,3,3,0,ctl,ok,0,0,-5.0,6.0
mpp,-8.0,10,ack-4f,w,3,3,0,ctl,ok,0,0,-3.1,6.0
mpp,-8.0,10,fsk8r50-r1/2,c8r50,8,2,1,data,ok,6,6,-4.9,6.0
mpp,-8.0,10,n10-ack-4f,n10,3,3,,ctl,missed,0,0,,6.0
mpp,-8.0,10,ack-4f,w,4,4,0,ctl,ok,0,0,-2.9,6.0
mpp,-8.0,10,ack-4f,w,3,3,0,ctl,ctl_lost,0,0,-7.9,6.0
mpp,-8.0,10,ack-4f,w,4,4,,ctl,missed,0,0,,6.0
mpp,-8.0,10,ack-4f,w,4,4,,ctl,missed,0,0,,6.0
mpp,-8.0,10,ack-4f,w,4,4,0,ctl,ok,0,0,-3.9,6.0
mpp,-8.0,10,ack-4f,w,3,3,0,ctl,ok,0,0,-3.6,6.0
mpp,-8.0,10,fsk32r62-r1/2,c32r62,10,2,1,data,ok,8,7,-4.5,6.0
mpp,-8.0,10,n4-ack-8f,n4,3,3,,ctl,missed,0,0,,6.0
mpp,-8.0,10,ack-4f,w,3,3,,ctl,missed,0,0,,6.0
mpp,-8.0,10,ack-4f,w,3,3,0,ctl,ctl_lost,0,0,-6.6,6.0
mpp,-8.0,10,ack-4f,w,3,3,0,ctl,ok,0,0,-2.0,6.0
mpp,-8.0,10,ack-4f,w,3,3,,ctl,missed,0,0,,6.0
mpp,-8.0,10,ack-4f,w,3,3,0,ctl,ctl_lost,0,0,-9.3,6.0
mpp,-8.0,10,ack-4f,w,3,3,0,ctl,ctl_lost,0,0,-8.3,6.0
mpp,-8.0,10,ack-4f,w,3,3,0,ctl,ok,0,0,-5.7,6.0
mpp,-8.0,10,ack-4f,w,3,3,0,ctl,ctl_lost,0,0,-6.2,6.0
mpp,-8.0,10,ack-4f,w,3,3,0,ctl,ok,0,0,-9.2,6.0
mpp,-8.0,10,ack-4f,w,3,3,0,ctl,ctl_lost,0,0,-8.6,6.0
mpp,-8.0,10,ack-4f,w,3,3,0,ctl,ok,0,0,-1.6,6.0
mpp,-8.0,10,ack-4f,w,3,3,0,ctl,ok,0,0,-3.2,6.0
mpp,-8.0,10,fsk32r62-r1/2,c32r62,10,2,1,data,ok,8,6,-5.0,6.0
mpp,-8.0,10,n4-ack-8f,n4,3,3,0,ctl,ok,0,0,-3.6,6.0
mpp,-8.0,10,fsk32r62-r1/2,c32r62,10,2,1,data,ok,6,6,-3.9,6.0
mpp,-8.0,10,ack-4f,w,2,2,,ctl,missed,0,0,,6.0
mpp,-8.0,10,ack-4f,w,3,3,0,ctl,ctl_lost,0,0,-5.4,6.0
mpp,-8.0,10,ack-4f,w,3,3,0,ctl,ok,0,0,-4.9,6.0
mpp,-8.0,10,ack-4f,w,3,3,0,ctl,ok,0,0,-6.6,6.0
mpp,-8.0,10,fsk32r62-r1/2,c32r62,10,2,1,data,ok,8,7,-4.2,6.0
mpp,-8.0,10,n4-ack-8f,n4,3,3,0,ctl,ok,0,0,-7.5,6.0
mpp,-8.0,10,fsk32r62-r1/2,c32r62,9,1,0,data,ok,7,7,-4.5,6.0
mpp,-8.0,10,ack-4f,w,2,2,0,ctl,ok,0,0,-5.1,6.0
mpp,-8.0,10,fsk32r62-r1/2,c32r62,9,1,0,data,ctl_lost,8,6,-5.2,6.0
mpp,-8.0,10,ack-4f,w,3,3,0,ctl,ok,0,0,-7.7,6.0
mpp,-8.0,10,ack-4f,w,3,3,0,ctl,ctl_lost,0,0,-7.5,6.0
mpp,-8.0,10,ack-4f,w,3,3,,ctl,missed,0,0,,6.0
mpp,-8.0,10,ack-4f,w,3,3,0,ctl,ctl_lost,0,0,-8.2,6.0
mpp,-8.0,10,ack-4f,w,3,3,0,ctl,ok,0,0,-3.9,6.0
mpp,-8.0,10,ack-4f,w,3,3,,ctl,missed,0,0,,6.0
mpp,-8.0,10,ack-4f,w,3,3,0,ctl,ctl_lost,0,0,-9.8,6.0
mpp,-8.0,10,ack-4f,w,3,3,0,ctl,ok,0,0,-3.3,6.0
mpp,-8.0,10,ack-4f,w,3,3,0,ctl,ok,0,0,-4.5,6.0
mpp,-8.0,10,fsk32r62-r1/2,c32r62,10,2,1,data,ok,8,8,-4.5,6.0
mpp,-8.0,10,n4-ack-8f,n4,3,3,0,ctl,ok,0,0,-4.7,6.0
mpp,-8.0,10,fsk32r62-r1/2,c32r62,10,2,1,data,ok,8,6,-4.5,6.0
mpp,-8.0,10,ack-4f,w,3,3,0,ctl,ok,0,0,-4.0,6.0
mpp,-8.0,10,fsk32r62-r1/2,c32r62,10,2,1,data,ok,6,6,-4.4,6.0
mpp,-8.0,9,qpsk-r1/5,w,1,1,0,ctl,ctl_lost,0,0,-7.9,6.8
mpp,-8.0,9,n4-qpsk-r1/3,n4,1,1,0,ctl,ctl_lost,0,0,-7.3,6.8
mpp,-8.0,9,n4-qpsk-r1/3,n4,1,1,0,ctl,ok,0,0,-3.5,6.8
mpp,-8.0,9,n4-qpsk-r1/3,n4,1,1,0,ctl,ok,0,0,-7.3,6.8
mpp,-8.0,9,ack-4f,w,3,3,0,ctl,ctl_lost,0,0,-5.6,6.8
mpp,-8.0,9,ack-4f,w,3,3,0,ctl,ctl_lost,0,0,-7.4,6.8
mpp,-8.0,9,ack-4f,w,3,3,0,ctl,ok,0,0,-3.4,6.8
mpp,-8.0,9,ack-4f,w,3,3,0,ctl,ok,0,0,-5.7,6.8
mpp,-8.0,9,qpsk-r1/5,w,9,2,1,data,ok,7,0,-2.8,6.8
mpp,-8.0,9,n10-ack-4f,n10,3,3,0,ctl,ok,0,0,-4.9,6.8
mpp,-8.0,9,qpsk-r1/5,w,9,2,1,data,ok,0,0,-4.2,6.8
mpp,-8.0,9,ack-4f,w,3,3,0,ctl,ok,0,0,-2.9,6.8
mpp,-8.0,9,qpsk-r1/5,w,9,2,1,data,ok,7,0,-4.2,6.8
mpp,-8.0,9,n10-ack-4f,n10,3,3,,ctl,missed,0,0,,6.8
mpp,-8.0,9,ack-4f,w,3,3,0,ctl,ctl_lost,0,0,-4.7,6.8
mpp,-8.0,9,ack-4f,w,3,3,,ctl,missed,0,0,,6.8
mpp,-8.0,9,ack-4f,w,3,3,0,ctl,ctl_lost,0,0,-116.7,6.8
mpp,-8.0,9,ack-4f,w,3,3,0,ctl,ctl_lost,0,0,-4.1,6.8
mpp,-8.0,9,ack-4f,w,3,3,0,ctl,ok,0,0,-4.5,6.8
mpp,-8.0,9,ack-4f,w,3,3,0,ctl,ok,0,0,-2.0,6.8
mpp,-8.0,9,qpsk-r1/5,w,9,2,1,data,ok,7,0,-6.2,6.8
mpp,-8.0,9,n10-ack-4f,n10,3,3,0,ctl,ok,0,0,-4.3,6.8
mpp,-8.0,9,qpsk-r1/5,w,9,2,1,data,ok,6,0,-4.0,6.8
mpp,-8.0,9,ack-4f,w,3,3,,ctl,missed,0,0,,6.8
mpp,-8.0,9,ack-4f,w,3,3,0,ctl,ctl_lost,0,0,-12.8,6.8
mpp,-8.0,9,ack-4f,w,3,3,0,ctl,ok,0,0,-3.2,6.8
mpp,-8.0,9,ack-4f,w,3,3,0,ctl,ok,0,0,-4.6,6.8
mpp,-8.0,9,qpsk-r1/5,w,9,2,1,data,ok,7,0,-5.5,6.8
mpp,-8.0,9,n10-ack-4f,n10,3,3,,ctl,missed,0,0,,6.8
mpp,-8.0,9,ack-4f,w,3,3,0,ctl,ok,0,0,-1.3,6.8
mpp,-8.0,9,ack-4f,w,3,3,0,ctl,ok,0,0,-7.5,6.8
mpp,-8.0,9,qpsk-r1/5,w,9,2,1,data,ok,7,0,-3.6,6.8
mpp,-8.0,9,n10-ack-4f,n10,3,3,0,ctl,ok,0,0,-7.1,6.8
mpp,-8.0,9,qpsk-r1/5,w,9,2,,data,missed,0,0,,6.8
mpp,-8.0,9,ack-4f,w,3,3,0,ctl,ok,0,0,-1.2,6.8
mpp,-8.0,9,ack-4f,w,3,3,,ctl,missed,0,0,,6.8
mpp,-8.0,9,ack-4f,w,3,3,0,ctl,ok,0,0,-3.1,6.8
mpp,-8.0,9,ack-4f,w,2,2,,ctl,missed,0,0,,6.8
mpp,-8.0,9,ack-4f,w,3,3,0,ctl,ok,0,0,-2.8,6.8
mpp,-8.0,9,ack-4f,w,3,3,0,ctl,ok,0,0,-2.6,6.8
mpp,-8.0,9,qpsk-r1/5,w,9,2,1,data,ok,1,0,-5.0,6.8
mpp,-8.0,9,n10-ack-4f,n10,3,3,,ctl,missed,0,0,,6.8
mpp,-8.0,9,ack-4f,w,3,3,0,ctl,ok,0,0,-3.3,6.8
mpp,-8.0,9,ack-4f,w,3,3,0,ctl,ok,0,0,-2.9,6.8
mpp,-8.0,9,qpsk-r1/5,w,9,2,,data,missed,0,0,,6.8
mpp,-8.0,9,ack-4f,w,3,3,0,ctl,ok,0,0,-2.5,6.8
mpp,-8.0,9,ack-4f,w,3,3,0,ctl,ok,0,0,-6.7,6.8
mpp,-8.0,9,qpsk-r1/5,w,9,2,1,data,ok,7,0,-3.7,6.8
mpp,-8.0,9,n10-ack-4f,n10,2,2,0,ctl,ok,0,0,-6.6,6.8
mpp,-8.0,9,qpsk-r1/5,w,9,1,,data,missed,0,0,,6.8
mpp,-8.0,9,ack-4f,w,3,3,0,ctl,ok,0,0,-3.2,6.8
mpp,-8.0,9,ack-4f,w,3,3,0,ctl,ok,0,0,-4.5,6.8
mpp,-8.0,9,qpsk-r1/5,w,9,2,1,data,ok,1,0,-4.4,6.8
mpp,-8.0,9,n10-ack-4f,n10,2,2,0,ctl,ok,0,0,-6.8,6.8
mpp,-8.0,9,qpsk-r1/5,w,9,1,,data,missed,0,0,,6.8
mpp,-8.0,9,ack-4f,w,3,3,,ctl,missed,0,0,,6.8
mpp,-8.0,9,ack-4f,w,3,3,0,ctl,ok,0,0,-7.3,6.8
mpp,-8.0,9,ack-4f,w,3,3,0,ctl,ok,0,0,-6.4,6.8
mpp,-8.0,9,fsk32r62-r1/2,c32r62,10,2,1,data,ok,8,5,-4.6,6.8
mpp,-8.0,9,n10-ack-4f,n10,3,3,,ctl,missed,0,0,,6.8
mpp,-8.0,9,ack-4f,w,4,4,0,ctl,ctl_lost,0,0,-5.3,6.8
mpp,-8.0,9,ack-4f,w,4,4,0,ctl,ok,0,0,-5.8,6.8
mpp,-8.0,9,ack-4f,w,3,3,0,ctl,ok,0,0,-4.3,6.8
mpp,-8.0,9,fsk32r62-r1/2,c32r62,10,2,1,data,ok,8,6,-4.5,6.8
mpp,-8.0,9,n10-ack-4f,n10,3,3,0,ctl,ok,0,0,-5.7,6.8
mpp,-8.0,9,fsk32r62-r1/2,c32r62,10,2,1,data,ok,6,4,-4.9,6.8
mpp,-8.0,9,ack-4f,w,3,3,0,ctl,ok,0,0,-3.5,6.8
mpp,-8.0,9,fsk32r62-r1/2,c32r62,10,2,1,data,ok,6,4,-5.0,6.8
mpp,-8.0,9,n10-ack-4f,n10,3,3,0,ctl,ok,0,0,-4.5,6.8
mpp,-8.0,9,fsk32r62-r1/2,c32r62,10,2,1,data,ok,6,6,-4.1,6.8
mpp,-8.0,9,ack-4f,w,2,2,0,ctl,ok,0,0,-4.0,6.8
mpp,-8.0,9,fsk32r62-r1/2,c32r62,9,1,0,data,ok,8,6,-4.6,6.8
mpp,-8.0,9,n10-ack-4f,n10,3,3,0,ctl,ok,0,0,-4.3,6.8
mpp,-8.0,9,fsk32r62-r1/2,c32r62,9,1,0,data,ok,6,5,-4.1,6.8
mpp,-8.0,9,ack-4f,w,3,3,0,ctl,ctl_lost,0,0,-5.5,6.8
mpp,-8.0,9,ack-4f,w,3,3,0,ctl,ok,0,0,-3.5,6.8
mpp,-8.0,9,ack-4f,w,3,3,0,ctl,ok,0,0,-3.3,6.8
mpp,-8.0,9,fsk32r62-r1/2,c32r62,10,2,1,data,ok,8,7,-4.5,6.8
mpp,-8.0,9,n10-ack-4f,n10,3,3,0,ctl,ok,0,0,-4.1,6.8
awgn,15.0,0,qpsk-r1/5,w,1,1,0,ctl,ok,0,0,18.2,476.9
awgn,15.0,0,qpsk-r1/5,w,1,1,0,ctl,ok,0,0,17.9,476.9
awgn,15.0,0,ack-4f,w,3,3,0,ctl,ok,0,0,18.0,476.9
awgn,15.0,0,ack-1f,w,3,3,0,ctl,ok,0,0,17.5,476.9
awgn,15.0,0,w48-64l-r1/2,w48,39,2,1,data,ok,37,37,13.9,476.9
awgn,15.0,0,ack-1f,w,2,2,0,ctl,ok,0,0,18.2,476.9
awgn,15.0,0,w48-64l-r1/2,w48,39,1,0,data,ok,38,38,14.0,476.9
awgn,15.0,0,ack-1f,w,2,2,0,ctl,ok,0,0,18.0,476.9
awgn,15.0,0,w48-64l-r1/2,w48,39,1,0,data,ok,38,38,14.0,476.9
awgn,15.0,0,ack-1f,w,2,2,0,ctl,ok,0,0,17.6,476.9
awgn,15.0,0,w48-64l-r1/2,w48,39,1,0,data,ok,38,38,14.0,476.9
awgn,15.0,0,ack-1f,w,2,2,0,ctl,ok,0,0,18.0,476.9
awgn,15.0,0,w48-64l-r1/2,w48,39,1,0,data,ok,38,38,13.9,476.9
awgn,15.0,0,ack-1f,w,2,2,0,ctl,ok,0,0,18.2,476.9
awgn,15.0,0,w48-64l-r1/2,w48,39,1,0,data,ok,38,38,14.1,476.9
awgn,15.0,0,ack-1f,w,2,2,0,ctl,ok,0,0,17.9,476.9
awgn,15.0,0,w48-64l-r1/2,w48,39,1,0,data,ok,38,38,13.7,476.9
awgn,15.0,0,ack-1f,w,2,2,0,ctl,ok,0,0,18.0,476.9
awgn,15.0,0,w48-64l-r1/2,w48,39,1,0,data,ok,38,38,14.0,476.9
awgn,15.0,0,ack-1f,w,2,2,0,ctl,ok,0,0,17.8,476.9
awgn,15.0,0,w48-64l-r1/2,w48,39,1,0,data,ok,38,38,13.9,476.9
awgn,15.0,0,ack-1f,w,2,2,0,ctl,ok,0,0,17.6,476.9
awgn,15.0,0,w48-64l-r1/2,w48,39,1,0,data,ok,38,38,13.8,476.9
awgn,15.0,0,ack-1f,w,2,2,0,ctl,ok,0,0,19.1,476.9
awgn,15.0,0,w48-64l-r1/2,w48,39,1,0,data,ok,38,38,14.0,476.9
awgn,15.0,0,ack-1f,w,2,2,0,ctl,ok,0,0,18.5,476.9
awgn,15.0,0,w48-64l-r1/2,w48,39,1,0,data,ok,38,38,14.1,476.9
awgn,15.0,0,ack-1f,w,2,2,0,ctl,ok,0,0,17.3,476.9
awgn,15.0,0,w48-64l-r1/2,w48,39,1,0,data,ok,38,38,14.1,476.9
awgn,15.0,0,ack-1f,w,2,2,0,ctl,ok,0,0,17.3,476.9
awgn,15.0,0,w48-64l-r1/2,w48,39,1,0,data,ok,38,38,14.3,476.9
awgn,15.0,0,ack-1f,w,2,2,0,ctl,ok,0,0,18.1,476.9
awgn,15.0,0,w48-64l-r1/2,w48,39,1,0,data,ok,38,38,13.9,476.9
awgn,15.0,0,ack-1f,w,2,2,0,ctl,ok,0,0,18.0,476.9
awgn,15.0,0,w48-64l-r1/2,w48,39,1,0,data,ok,38,38,14.3,476.9
awgn,15.0,0,ack-1f,w,2,2,0,ctl,ok,0,0,17.7,476.9
awgn,15.0,0,w48-64l-r1/2,w48,39,1,0,data,ok,38,38,14.0,476.9
awgn,15.0,0,ack-1f,w,2,2,0,ctl,ok,0,0,17.9,476.9
awgn,15.0,0,w48-64l-r1/2,w48,39,1,0,data,ok,38,38,14.2,476.9
awgn,15.0,0,ack-1f,w,2,2,0,ctl,ok,0,0,18.5,476.9
awgn,15.0,0,w48-64l-r1/2,w48,39,1,0,data,ok,38,38,13.6,476.9
awgn,15.0,0,ack-1f,w,2,2,0,ctl,ok,0,0,18.6,476.9
awgn,15.0,0,w48-64l-r1/2,w48,39,1,0,data,ok,38,38,14.2,476.9
awgn,15.0,0,ack-1f,w,2,2,0,ctl,ok,0,0,18.0,476.9
awgn,15.0,0,w48-64l-r1/2,w48,39,1,0,data,ok,38,38,13.7,476.9
awgn,15.0,0,ack-1f,w,2,2,0,ctl,ok,0,0,17.7,476.9
awgn,15.0,0,w48-64l-r1/2,w48,39,1,0,data,ok,38,38,14.0,476.9
awgn,15.0,0,ack-1f,w,2,2,0,ctl,ok,0,0,17.5,476.9
awgn,15.0,0,w48-64l-r1/2,w48,39,1,0,data,ok,38,38,13.9,476.9
awgn,15.0,0,ack-1f,w,2,2,0,ctl,ok,0,0,18.2,476.9
awgn,15.0,0,w48-64l-r1/2,w48,39,1,0,data,ok,38,38,13.9,476.9
awgn,15.0,0,ack-1f,w,2,2,0,ctl,ok,0,0,18.0,476.9
awgn,15.0,0,w48-64l-r1/2,w48,39,1,0,data,ok,38,38,14.1,476.9
awgn,15.0,0,ack-1f,w,2,2,0,ctl,ok,0,0,18.2,476.9
awgn,15.0,0,w48-64l-r1/2,w48,39,1,0,data,ok,38,38,13.9,476.9
awgn,15.0,0,ack-1f,w,2,2,0,ctl,ok,0,0,17.6,476.9
awgn,15.0,0,w48-64l-r1/2,w48,39,1,0,data,ok,38,38,13.8,476.9
awgn,15.0,0,ack-1f,w,2,2,0,ctl,ok,0,0,18.5,476.9
awgn,15.0,0,w48-64l-r1/2,w48,39,1,0,data,ok,38,38,14.1,476.9
awgn,15.0,0,ack-1f,w,2,2,0,ctl,ok,0,0,17.2,476.9
awgn,15.0,0,w48-64l-r1/2,w48,39,1,0,data,ok,38,38,13.9,476.9
awgn,15.0,0,ack-1f,w,2,2,0,ctl,ok,0,0,18.7,476.9
awgn,15.0,0,w48-64l-r1/2,w48,39,1,0,data,ok,38,38,13.8,476.9
awgn,15.0,0,ack-1f,w,2,2,0,ctl,ok,0,0,17.7,476.9
awgn,15.0,0,w48-64l-r1/2,w48,39,1,0,data,ok,38,38,14.0,476.9
awgn,15.0,0,ack-1f,w,2,2,0,ctl,ok,0,0,18.9,476.9
awgn,15.0,0,w48-64l-r1/2,w48,39,1,0,data,ok,38,38,14.0,476.9
awgn,15.0,0,ack-1f,w,2,2,0,ctl,ok,0,0,17.7,476.9
awgn,15.0,0,w48-64l-r1/2,w48,39,1,0,data,ok,38,38,14.0,476.9
awgn,15.0,0,ack-1f,w,2,2,0,ctl,ok,0,0,18.1,476.9
awgn,15.0,0,w48-64l-r1/2,w48,39,1,0,data,ok,38,38,13.6,476.9
awgn,15.0,0,ack-1f,w,2,2,0,ctl,ok,0,0,19.1,476.9
awgn,15.0,0,w48-64l-r1/2,w48,39,1,0,data,ok,38,38,13.9,476.9
awgn,15.0,0,ack-1f,w,2,2,0,ctl,ok,0,0,18.1,476.9
awgn,15.0,0,w48-64l-r1/2,w48,39,1,0,data,ok,38,38,13.9,476.9
awgn,15.0,0,ack-1f,w,2,2,0,ctl,ok,0,0,17.9,476.9
awgn,15.0,0,w48-64l-r1/2,w48,39,1,0,data,ok,38,38,13.9,476.9
awgn,15.0,0,ack-1f,w,2,2,0,ctl,ok,0,0,18.5,476.9
awgn,15.0,0,w48-64l-r1/2,w48,39,1,0,data,ok,38,38,14.1,476.9
awgn,15.0,0,ack-1f,w,2,2,0,ctl,ok,0,0,18.1,476.9
awgn,15.0,0,w48-64l-r1/2,w48,39,1,0,data,ok,38,38,14.1,476.9
awgn,15.0,0,ack-1f,w,2,2,0,ctl,ok,0,0,18.2,476.9
awgn,15.0,0,w48-64l-r1/2,w48,39,1,0,data,ok,38,38,14.1,476.9
awgn,15.0,0,ack-1f,w,2,2,0,ctl,ok,0,0,17.9,476.9
awgn,15.0,0,w48-64l-r1/2,w48,39,1,0,data,ok,38,38,14.0,476.9
awgn,15.0,0,ack-1f,w,2,2,0,ctl,ok,0,0,18.3,476.9
awgn,15.0,0,w48-64l-r1/2,w48,39,1,0,data,ok,38,38,14.0,476.9
awgn,15.0,0,ack-1f,w,2,2,0,ctl,ok,0,0,18.2,476.9
awgn,15.0,0,w48-64l-r1/2,w48,39,1,0,data,ok,38,38,14.0,476.9
awgn,15.0,0,ack-1f,w,2,2,0,ctl,ok,0,0,18.0,476.9
awgn,15.0,0,w48-64l-r1/2,w48,39,1,0,data,ok,38,38,14.1,476.9
mpp,-8.0,7,qpsk-r1/5,w,1,1,0,ctl,ctl_lost,0,0,-5.8,6.8
mpp,-8.0,7,n4-qpsk-r1/3,n4,1,1,0,ctl,ok,0,0,-3.5,6.8
mpp,-8.0,7,n4-qpsk-r1/3,n4,1,1,0,ctl,ok,0,0,-8.6,6.8
mpp,-8.0,7,ack-4f,w,3,3,0,ctl,ok,0,0,-7.4,6.8
mpp,-8.0,7,n10-ack-4f,n10,3,3,0,ctl,ok,0,0,-4.6,6.8
mpp,-8.0,7,qpsk-r1/5,w,9,2,1,data,ok,7,0,-4.8,6.8
mpp,-8.0,7,ack-4f,w,3,3,0,ctl,ctl_lost,0,0,-7.4,6.8
mpp,-8.0,7,ack-4f,w,3,3,0,ctl,ok,0,0,-8.8,6.8
mpp,-8.0,7,ack-4f,w,3,3,0,ctl,ok,0,0,-3.3,6.8
mpp,-8.0,7,qpsk-r1/5,w,9,2,1,data,ok,7,0,-3.6,6.8
mpp,-8.0,7,n4-ack-8f,n4,3,3,0,ctl,ok,0,0,-4.0,6.8
mpp,-8.0,7,qpsk-r1/5,w,9,2,1,data,ok,7,0,-4.8,6.8
mpp,-8.0,7,ack-4f,w,3,3,0,ctl,ok,0,0,-4.2,6.8
mpp,-8.0,7,qpsk-r1/5,w,9,2,1,data,ok,0,0,-2.8,6.8
mpp,-8.0,7,n10-ack-4f,n10,3,3,0,ctl,ok,0,0,-5.4,6.8
mpp,-8.0,7,qpsk-r1/5,w,9,2,1,data,ctl_lost,7,0,-5.8,6.8
mpp,-8.0,7,ack-4f,w,3,3,0,ctl,ok,0,0,-4.0,6.8
mpp,-8.0,7,ack-4f,w,3,3,0,ctl,ok,0,0,-2.2,6.8
mpp,-8.0,7,qpsk-r1/5,w,9,2,,data,missed,0,0,,6.8
mpp,-8.0,7,ack-4f,w,3,3,0,ctl,ok,0,0,-1.6,6.8
mpp,-8.0,7,ack-4f,w,3,3,0,ctl,ok,0,0,-8.2,6.8
mpp,-8.0,7,qpsk-r1/5,w,9,2,,data,missed,0,0,,6.8
mpp,-8.0,7,ack-4f,w,3,3,,ctl,missed,0,0,,6.8
mpp,-8.0,7,ack-4f,w,3,3,,ctl,missed,0,0,,6.8
mpp,-8.0,7,ack-4f,w,3,3,0,ctl,ok,0,0,0.1,6.8
mpp,-8.0,7,ack-4f,w,3,3,0,ctl,ok,0,0,-5.6,6.8
mpp,-8.0,7,qpsk-r1/5,w,9,2,1,data,ok,7,0,-4.2,6.8
mpp,-8.0,7,n4-ack-8f,n4,3,3,,ctl,missed,0,0,,6.8
mpp,-8.0,7,ack-4f,w,3,3,0,ctl,ok,0,0,-5.0,6.8
mpp,-8.0,7,ack-4f,w,3,3,0,ctl,ok,0,0,-7.2,6.8
mpp,-8.0,7,qpsk-r1/5,w,9,2,1,data,ok,7,0,-3.4,6.8
mpp,-8.0,7,n4-ack-8f,n4,3,3,0,ctl,ok,0,0,-4.2,6.8
mpp,-8.0,7,qpsk-r1/5,w,9,2,,data,missed,0,0,,6.8
mpp,-8.0,7,ack-4f,w,3,3,0,ctl,ok,0,0,-7.2,6.8
mpp,-8.0,7,ack-4f,w,3,3,,ctl,missed,0,0,,6.8
mpp,-8.0,7,ack-4f,w,3,3,0,ctl,ok,0,0,-4.3,6.8
mpp,-8.0,7,ack-4f,w,3,3,0,ctl,ok,0,0,-6.0,6.8
mpp,-8.0,7,qpsk-r1/5,w,9,2,1,data,ok,7,0,-4.9,6.8
mpp,-8.0,7,n10-ack-4f,n10,3,3,0,ctl,ok,0,0,-5.7,6.8
mpp,-8.0,7,qpsk-r1/5,w,9,2,1,data,ok,0,0,-5.0,6.8
mpp,-8.0,7,ack-4f,w,3,3,0,ctl,ok,0,0,-5.2,6.8
mpp,-8.0,7,qpsk-r1/5,w,9,2,1,data,ok,7,0,-3.8,6.8
mpp,-8.0,7,n10-ack-4f,n10,3,3,,ctl,missed,0,0,,6.8
mpp,-8.0,7,ack-4f,w,3,3,0,ctl,ok,0,0,-3.1,6.8
mpp,-8.0,7,ack-4f,w,3,3,0,ctl,ok,0,0,-6.1,6.8
mpp,-8.0,7,qpsk-r1/5,w,9,2,,data,missed,0,0,,6.8
mpp,-8.0,7,ack-4f,w,3,3,0,ctl,ok,0,0,-3.7,6.8
mpp,-8.0,7,ack-4f,w,3,3,0,ctl,ctl_lost,0,0,-6.2,6.8
mpp,-8.0,7,ack-4f,w,3,3,0,ctl,ok,0,0,-3.5,6.8
mpp,-8.0,7,ack-4f,w,3,3,0,ctl,ok,0,0,-3.7,6.8
mpp,-8.0,7,qpsk-r1/5,w,9,2,1,data,ok,7,0,-4.7,6.8
mpp,-8.0,7,n4-ack-8f,n4,3,3,0,ctl,ok,0,0,-5.4,6.8
mpp,-8.0,7,qpsk-r1/5,w,9,2,1,data,ok,7,0,-3.9,6.8
mpp,-8.0,7,ack-4f,w,3,3,0,ctl,ok,0,0,-3.0,6.8
mpp,-8.0,7,qpsk-r1/5,w,9,2,1,data,ok,0,0,-5.3,6.8
mpp,-8.0,7,n10-ack-4f,n10,2,2,0,ctl,ok,0,0,-1.7,6.8
mpp,-8.0,7,qpsk-r1/5,w,9,1,0,data,ctl_lost,8,0,-6.4,6.8
mpp,-8.0,7,ack-4f,w,3,3,0,ctl,ok,0,0,-4.2,6.8
mpp,-8.0,7,ack-4f,w,3,3,0,ctl,ok,0,0,-2.7,6.8
mpp,-8.0,7,qpsk-r1/5,w,9,2,1,data,ok,7,0,-3.2,6.8
mpp,-8.0,7,ack-4f,w,3,3,0,ctl,ok,0,0,-9.6,6.8
mpp,-8.0,7,qpsk-r1/5,w,9,2,1,data,ok,0,0,-3.5,6.8
mpp,-8.0,7,n10-ack-4f,n10,2,2,0,ctl,ok,0,0,-4.9,6.8
mpp,-8.0,7,qpsk-r1/5,w,9,1,0,data,ctl_lost,8,0,-6.6,6.8
mpp,-8.0,7,ack-4f,w,3,3,0,ctl,ok,0,0,-5.7,6.8
mpp,-8.0,7,ack-4f,w,3,3,0,ctl,ctl_lost,0,0,-6.4,6.8
mpp,-8.0,7,ack-4f,w,3,3,0,ctl,ok,0,0,-6.5,6.8
mpp,-8.0,7,ack-4f,w,3,3,0,ctl,ok,0,0,-2.9,6.8
mpp,-8.0,7,fsk8r50-r1/2,c8r50,8,2,1,data,ok,6,6,-4.7,6.8
mpp,-8.0,7,n10-ack-4f,n10,3,3,0,ctl,ok,0,0,-8.5,6.8
mpp,-8.0,7,fsk32r62-r1/2,c32r62,10,2,1,data,ok,8,8,-4.3,6.8
mpp,-8.0,7,ack-4f,w,3,3,0,ctl,ok,0,0,-3.4,6.8
mpp,-8.0,7,fsk32r62-r1/2,c32r62,10,2,1,data,ok,8,8,-4.3,6.8
mpp,-8.0,7,n10-ack-4f,n10,3,3,0,ctl,ok,0,0,-4.7,6.8
mpp,-8.0,7,fsk32r62-r1/2,c32r62,10,2,1,data,ok,8,5,-5.2,6.8
mpp,-8.0,7,ack-4f,w,3,3,0,ctl,ok,0,0,-5.4,6.8
mpp,-8.0,7,fsk32r62-r1/2,c32r62,10,2,1,data,ok,5,5,-4.2,6.8
mpp,-8.0,7,n10-ack-4f,n10,3,3,0,ctl,ctl_lost,0,0,-6.6,6.8
mpp,-8.0,7,ack-4f,w,3,3,0,ctl,ctl_lost,0,0,-6.5,6.8
mpp,-8.0,7,ack-4f,w,3,3,0,ctl,ok,0,0,-4.0,6.8
mpp,-8.0,7,ack-4f,w,3,3,0,ctl,ctl_lost,0,0,-2.7,6.8
awgn,15.0,1,qpsk-r1/5,w,1,1,0,ctl,ok,0,0,17.8,476.9
awgn,15.0,1,qpsk-r1/5,w,1,1,0,ctl,ok,0,0,17.9,476.9
awgn,15.0,1,ack-4f,w,3,3,0,ctl,ok,0,0,18.2,476.9
awgn,15.0,1,ack-1f,w,3,3,0,ctl,ok,0,0,18.2,476.9
awgn,15.0,1,w48-64l-r1/2,w48,39,2,1,data,ok,37,37,14.2,476.9
awgn,15.0,1,ack-1f,w,2,2,0,ctl,ok,0,0,18.6,476.9
awgn,15.0,1,w48-64l-r1/2,w48,39,1,0,data,ok,38,38,14.0,476.9
awgn,15.0,1,ack-1f,w,2,2,0,ctl,ok,0,0,17.7,476.9
awgn,15.0,1,w48-64l-r1/2,w48,39,1,0,data,ok,38,38,14.1,476.9
awgn,15.0,1,ack-1f,w,2,2,0,ctl,ok,0,0,18.1,476.9
awgn,15.0,1,w48-64l-r1/2,w48,39,1,0,data,ok,38,38,14.1,476.9
awgn,15.0,1,ack-1f,w,2,2,0,ctl,ok,0,0,18.5,476.9
awgn,15.0,1,w48-64l-r1/2,w48,39,1,0,data,ok,38,38,14.0,476.9
awgn,15.0,1,ack-1f,w,2,2,0,ctl,ok,0,0,18.8,476.9
awgn,15.0,1,w48-64l-r1/2,w48,39,1,0,data,ok,38,38,14.0,476.9
awgn,15.0,1,ack-1f,w,2,2,0,ctl,ok,0,0,18.2,476.9
awgn,15.0,1,w48-64l-r1/2,w48,39,1,0,data,ok,38,38,14.0,476.9
awgn,15.0,1,ack-1f,w,2,2,0,ctl,ok,0,0,18.4,476.9
awgn,15.0,1,w48-64l-r1/2,w48,39,1,0,data,ok,38,38,14.1,476.9
awgn,15.0,1,ack-1f,w,2,2,0,ctl,ok,0,0,18.4,476.9
awgn,15.0,1,w48-64l-r1/2,w48,39,1,0,data,ok,38,38,14.0,476.9
awgn,15.0,1,ack-1f,w,2,2,0,ctl,ok,0,0,17.6,476.9
awgn,15.0,1,w48-64l-r1/2,w48,39,1,0,data,ok,38,38,14.2,476.9
awgn,15.0,1,ack-1f,w,2,2,0,ctl,ok,0,0,18.3,476.9
awgn,15.0,1,w48-64l-r1/2,w48,39,1,0,data,ok,38,38,13.9,476.9
awgn,15.0,1,ack-1f,w,2,2,0,ctl,ok,0,0,17.8,476.9
awgn,15.0,1,w48-64l-r1/2,w48,39,1,0,data,ok,38,38,13.9,476.9
awgn,15.0,1,ack-1f,w,2,2,0,ctl,ok,0,0,17.2,476.9
awgn,15.0,1,w48-64l-r1/2,w48,39,1,0,data,ok,38,38,13.9,476.9
awgn,15.0,1,ack-1f,w,2,2,0,ctl,ok,0,0,18.3,476.9
awgn,15.0,1,w48-64l-r1/2,w48,39,1,0,data,ok,38,38,13.8,476.9
awgn,15.0,1,ack-1f,w,2,2,0,ctl,ok,0,0,18.0,476.9
awgn,15.0,1,w48-64l-r1/2,w48,39,1,0,data,ok,38,38,13.6,476.9
awgn,15.0,1,ack-1f,w,2,2,0,ctl,ok,0,0,18.3,476.9
awgn,15.0,1,w48-64l-r1/2,w48,39,1,0,data,ok,38,38,14.1,476.9
awgn,15.0,1,ack-1f,w,2,2,0,ctl,ok,0,0,18.4,476.9
awgn,15.0,1,w48-64l-r1/2,w48,39,1,0,data,ok,38,38,14.0,476.9
awgn,15.0,1,ack-1f,w,2,2,0,ctl,ok,0,0,17.4,476.9
awgn,15.0,1,w48-64l-r1/2,w48,39,1,0,data,ok,38,38,13.8,476.9
awgn,15.0,1,ack-1f,w,2,2,0,ctl,ok,0,0,17.9,476.9
awgn,15.0,1,w48-64l-r1/2,w48,39,1,0,data,ok,38,38,13.9,476.9
awgn,15.0,1,ack-1f,w,2,2,0,ctl,ok,0,0,17.7,476.9
awgn,15.0,1,w48-64l-r1/2,w48,39,1,0,data,ok,38,38,14.0,476.9
awgn,15.0,1,ack-1f,w,2,2,0,ctl,ok,0,0,19.2,476.9
awgn,15.0,1,w48-64l-r1/2,w48,39,1,0,data,ok,38,38,13.9,476.9
awgn,15.0,1,ack-1f,w,2,2,0,ctl,ok,0,0,17.6,476.9
awgn,15.0,1,w48-64l-r1/2,w48,39,1,0,data,ok,38,38,13.7,476.9
awgn,15.0,1,ack-1f,w,2,2,0,ctl,ok,0,0,17.9,476.9
awgn,15.0,1,w48-64l-r1/2,w48,39,1,0,data,ok,38,38,13.8,476.9
awgn,15.0,1,ack-1f,w,2,2,0,ctl,ok,0,0,17.9,476.9
awgn,15.0,1,w48-64l-r1/2,w48,39,1,0,data,ok,38,38,14.0,476.9
awgn,15.0,1,ack-1f,w,2,2,0,ctl,ok,0,0,18.1,476.9
awgn,15.0,1,w48-64l-r1/2,w48,39,1,0,data,ok,38,38,13.9,476.9
awgn,15.0,1,ack-1f,w,2,2,0,ctl,ok,0,0,19.3,476.9
awgn,15.0,1,w48-64l-r1/2,w48,39,1,0,data,ok,38,38,13.9,476.9
awgn,15.0,1,ack-1f,w,2,2,0,ctl,ok,0,0,17.9,476.9
awgn,15.0,1,w48-64l-r1/2,w48,39,1,0,data,ok,38,38,14.0,476.9
awgn,15.0,1,ack-1f,w,2,2,0,ctl,ok,0,0,18.3,476.9
awgn,15.0,1,w48-64l-r1/2,w48,39,1,0,data,ok,38,38,13.8,476.9
awgn,15.0,1,ack-1f,w,2,2,0,ctl,ok,0,0,18.7,476.9
awgn,15.0,1,w48-64l-r1/2,w48,39,1,0,data,ok,38,38,13.9,476.9
awgn,15.0,1,ack-1f,w,2,2,0,ctl,ok,0,0,18.1,476.9
awgn,15.0,1,w48-64l-r1/2,w48,39,1,0,data,ok,38,38,13.9,476.9
awgn,15.0,1,ack-1f,w,2,2,0,ctl,ok,0,0,17.6,476.9
awgn,15.0,1,w48-64l-r1/2,w48,39,1,0,data,ok,38,38,13.9,476.9
awgn,15.0,1,ack-1f,w,2,2,0,ctl,ok,0,0,18.3,476.9
awgn,15.0,1,w48-64l-r1/2,w48,39,1,0,data,ok,38,38,13.7,476.9
awgn,15.0,1,ack-1f,w,2,2,0,ctl,ok,0,0,17.7,476.9
awgn,15.0,1,w48-64l-r1/2,w48,39,1,0,data,ok,38,38,14.2,476.9
awgn,15.0,1,ack-1f,w,2,2,0,ctl,ok,0,0,18.9,476.9
awgn,15.0,1,w48-64l-r1/2,w48,39,1,0,data,ok,38,38,14.2,476.9
awgn,15.0,1,ack-1f,w,2,2,0,ctl,ok,0,0,17.5,476.9
awgn,15.0,1,w48-64l-r1/2,w48,39,1,0,data,ok,38,38,14.0,476.9
awgn,15.0,1,ack-1f,w,2,2,0,ctl,ok,0,0,18.2,476.9
awgn,15.0,1,w48-64l-r1/2,w48,39,1,0,data,ok,38,38,13.9,476.9
awgn,15.0,1,ack-1f,w,2,2,0,ctl,ok,0,0,18.0,476.9
awgn,15.0,1,w48-64l-r1/2,w48,39,1,0,data,ok,38,38,14.0,476.9
awgn,15.0,1,ack-1f,w,2,2,0,ctl,ok,0,0,18.2,476.9
awgn,15.0,1,w48-64l-r1/2,w48,39,1,0,data,ok,38,38,13.9,476.9
awgn,15.0,1,ack-1f,w,2,2,0,ctl,ok,0,0,17.1,476.9
awgn,15.0,1,w48-64l-r1/2,w48,39,1,0,data,ok,38,38,13.8,476.9
awgn,15.0,1,ack-1f,w,2,2,0,ctl,ok,0,0,18.4,476.9
awgn,15.0,1,w48-64l-r1/2,w48,39,1,0,data,ok,38,38,13.9,476.9
awgn,15.0,1,ack-1f,w,2,2,0,ctl,ok,0,0,17.8,476.9
awgn,15.0,1,w48-64l-r1/2,w48,39,1,0,data,ok,38,38,14.0,476.9
awgn,15.0,1,ack-1f,w,2,2,0,ctl,ok,0,0,17.9,476.9
awgn,15.0,1,w48-64l-r1/2,w48,39,1,0,data,ok,38,38,14.0,476.9
awgn,15.0,1,ack-1f,w,2,2,0,ctl,ok,0,0,18.3,476.9
awgn,15.0,1,w48-64l-r1/2,w48,39,1,0,data,ok,38,38,13.9,476.9
awgn,15.0,1,ack-1f,w,2,2,0,ctl,ok,0,0,17.6,476.9
awgn,15.0,1,w48-64l-r1/2,w48,39,1,0,data,ok,38,38,13.8,476.9
mpp,-8.0,11,qpsk-r1/5,w,1,1,,ctl,missed,0,0,,5.5
mpp,-8.0,11,n4-qpsk-r1/3,n4,1,1,,ctl,missed,0,0,,5.5
mpp,-8.0,11,n4-qpsk-r1/3,n4,1,1,0,ctl,ok,0,0,-6.2,5.5
mpp,-8.0,11,n4-qpsk-r1/3,n4,1,1,0,ctl,ok,0,0,-4.3,5.5
mpp,-8.0,11,ack-4f,w,3,3,0,ctl,ok,0,0,-5.7,5.5
mpp,-8.0,11,ack-4f,w,3,3,0,ctl,ok,0,0,-3.9,5.5
mpp,-8.0,11,qpsk-r1/5,w,9,2,1,data,ok,7,0,-5.9,5.5
mpp,-8.0,11,n10-ack-4f,n10,3,3,,ctl,missed,0,0,,5.5
mpp,-8.0,11,ack-4f,w,3,3,0,ctl,ok,0,0,-5.0,5.5
mpp,-8.0,11,ack-4f,w,3,3,0,ctl,ctl_lost,0,0,-11.6,5.5
mpp,-8.0,11,ack-4f,w,3,3,,ctl,missed,0,0,,5.5
mpp,-8.0,11,ack-4f,w,3,3,0,ctl,ok,0,0,-3.8,5.5
mpp,-8.0,11,ack-4f,w,3,3,0,ctl,ok,0,0,-4.6,5.5
mpp,-8.0,11,qpsk-r1/5,w,9,2,1,data,ctl_lost,7,0,-5.3,5.5
mpp,-8.0,11,ack-4f,w,3,3,0,ctl,ctl_lost,0,0,-5.5,5.5
mpp,-8.0,11,ack-4f,w,3,3,0,ctl,ok,0,0,-1.7,5.5
mpp,-8.0,11,ack-4f,w,3,3,,ctl,missed,0,0,,5.5
mpp,-8.0,11,ack-4f,w,3,3,0,ctl,ok,0,0,-3.4,5.5
mpp,-8.0,11,ack-4f,w,3,3,0,ctl,ok,0,0,-3.7,5.5
mpp,-8.0,11,qpsk-r1/5,w,9,2,1,data,ok,7,0,-4.1,5.5
mpp,-8.0,11,n4-ack-8f,n4,3,3,0,ctl,ok,0,0,-5.6,5.5
mpp,-8.0,11,qpsk-r1/5,w,9,2,1,data,ok,7,0,-4.7,5.5
mpp,-8.0,11,ack-4f,w,3,3,0,ctl,ok,0,0,-5.3,5.5
mpp,-8.0,11,qpsk-r1/5,w,9,2,1,data,ok,0,0,-3.7,5.5
mpp,-8.0,11,n10-ack-4f,n10,3,3,0,ctl,ctl_lost,0,0,-4.9,5.5
mpp,-8.0,11,ack-4f,w,3,3,0,ctl,ok,0,0,-2.6,5.5
mpp,-8.0,11,ack-4f,w,3,3,0,ctl,ok,0,0,-4.6,5.5
mpp,-8.0,11,qpsk-r1/5,w,9,2,1,data,ok,7,0,-4.5,5.5
mpp,-8.0,11,n10-ack-4f,n10,3,3,0,ctl,ctl_lost,0,0,-5.7,5.5
mpp,-8.0,11,ack-4f,w,3,3,0,ctl,ok,0,0,-6.8,5.5
mpp,-8.0,11,ack-4f,w,3,3,0,ctl,ok,0,0,-7.3,5.5
mpp,-8.0,11,qpsk-r1/5,w,9,2,1,data,ok,7,0,-3.2,5.5
mpp,-8.0,11,ack-4f,w,3,3,0,ctl,ok,0,0,-7.4,5.5
mpp,-8.0,11,qpsk-r1/5,w,9,2,,data,missed,0,0,,5.5
mpp,-8.0,11,ack-4f,w,3,3,0,ctl,ctl_lost,0,0,-7.4,5.5
mpp,-8.0,11,ack-4f,w,3,3,0,ctl,ok,0,0,-5.6,5.5
mpp,-8.0,11,ack-4f,w,3,3,0,ctl,ok,0,0,-4.4,5.5
mpp,-8.0,11,qpsk-r1/5,w,9,2,1,data,ok,4,0,-5.5,5.5
mpp,-8.0,11,n4-ack-8f,n4,3,3,0,ctl,ok,0,0,-3.1,5.5
mpp,-8.0,11,qpsk-r1/5,w,9,2,1,data,ok,3,0,-3.8,5.5
mpp,-8.0,11,ack-4f,w,3,3,,ctl,missed,0,0,,5.5
mpp,-8.0,11,ack-4f,w,3,3,0,ctl,ok,0,0,-6.3,5.5
mpp,-8.0,11,ack-4f,w,3,3,,ctl,missed,0,0,,5.5
mpp,-8.0,11,ack-4f,w,3,3,0,ctl,ok,0,0,-6.3,5.5
mpp,-8.0,11,ack-4f,w,3,3,,ctl,missed,0,0,,5.5
mpp,-8.0,11,ack-4f,w,3,3,0,ctl,ok,0,0,-6.6,5.5
mpp,-8.0,11,ack-4f,w,3,3,0,ctl,ctl_lost,0,0,-3.1,5.5
mpp,-8.0,11,ack-4f,w,3,3,0,ctl,ok,0,0,-5.2,5.5
mpp,-8.0,11,ack-4f,w,3,3,0,ctl,ok,0,0,-2.8,5.5
mpp,-8.0,11,fsk8r50-r1/2,c8r50,8,2,1,data,ok,6,6,-4.7,5.5
mpp,-8.0,11,ack-4f,w,3,3,0,ctl,ok,0,0,-4.1,5.5
mpp,-8.0,11,fsk32r62-r1/2,c32r62,10,2,1,data,ok,8,6,-4.4,5.5
mpp,-8.0,11,ack-4f,w,3,3,0,ctl,ok,0,0,-7.7,5.5
mpp,-8.0,11,fsk32r62-r1/2,c32r62,10,2,1,data,ok,6,5,-4.2,5.5
mpp,-8.0,11,ack-4f,w,3,3,0,ctl,ok,0,0,-1.2,5.5
mpp,-8.0,11,fsk32r62-r1/2,c32r62,10,2,,data,missed,0,0,,5.5
mpp,-8.0,11,ack-4f,w,3,3,0,ctl,ctl_lost,0,0,-9.4,5.5
mpp,-8.0,11,ack-4f,w,3,3,0,ctl,ok,0,0,-5.8,5.5
mpp,-8.0,11,ack-4f,w,3,3,0,ctl,ok,0,0,-4.2,5.5
mpp,-8.0,11,fsk32r62-r1/2,c32r62,10,2,1,data,ok,7,7,-5.0,5.5
mpp,-8.0,11,ack-4f,w,3,3,0,ctl,ok,0,0,-6.5,5.5
mpp,-8.0,11,fsk32r62-r1/2,c32r62,10,2,1,data,ok,8,8,-4.0,5.5
mpp,-8.0,11,ack-4f,w,2,2,0,ctl,ok,0,0,-5.5,5.5
mpp,-8.0,11,fsk32r62-r1/2,c32r62,9,1,,data,missed,0,0,,5.5
mpp,-8.0,11,ack-4f,w,3,3,0,ctl,ok,0,0,-5.8,5.5
mpp,-8.0,11,ack-4f,w,2,2,0,ctl,ok,0,0,-4.6,5.5
mpp,-8.0,11,qpsk-r1/5,w,9,1,0,data,ctl_lost,8,0,-4.5,5.5
mpp,-8.0,11,ack-4f,w,4,4,0,ctl,ok,0,0,-4.1,5.5
mpp,-8.0,11,ack-4f,w,3,3,,ctl,missed,0,0,,5.5
mpp,-8.0,11,ack-4f,w,4,4,,ctl,missed,0,0,,5.5
mpp,-8.0,11,ack-4f,w,4,4,0,ctl,ctl_lost,0,0,-6.6,5.5
mpp,-8.0,11,ack-4f,w,4,4,,ctl,missed,0,0,,5.5
mpp,-8.0,11,ack-4f,w,4,4,0,ctl,ctl_lost,0,0,-5.2,5.5
mpp,-8.0,11,ack-4f,w,4,4,0,ctl,ok,0,0,-2.0,5.5
mpp,-8.0,11,ack-4f,w,3,3,0,ctl,ok,0,0,-6.5,5.5
mpp,-8.0,11,fsk32r62-r1/2,c32r62,10,2,1,data,ok,8,6,-4.9,5.5
mpp,-8.0,11,ack-4f,w,3,3,,ctl,missed,0,0,,5.5
mpp,-8.0,11,ack-4f,w,4,4,0,ctl,ok,0,0,-5.3,5.5
awgn,15.0,3,qpsk-r1/5,w,1,1,0,ctl,ok,0,0,17.8,476.9
awgn,15.0,3,qpsk-r1/5,w,1,1,0,ctl,ok,0,0,18.0,476.9
awgn,15.0,3,ack-4f,w,3,3,0,ctl,ok,0,0,17.8,476.9
awgn,15.0,3,ack-1f,w,3,3,0,ctl,ok,0,0,18.3,476.9
awgn,15.0,3,w48-64l-r1/2,w48,39,2,1,data,ok,37,37,13.9,476.9
awgn,15.0,3,ack-1f,w,2,2,0,ctl,ok,0,0,17.3,476.9
awgn,15.0,3,w48-64l-r1/2,w48,39,1,0,data,ok,38,38,14.1,476.9
awgn,15.0,3,ack-1f,w,2,2,0,ctl,ok,0,0,18.6,476.9
awgn,15.0,3,w48-64l-r1/2,w48,39,1,0,data,ok,38,38,13.9,476.9
awgn,15.0,3,ack-1f,w,2,2,0,ctl,ok,0,0,18.4,476.9
awgn,15.0,3,w48-64l-r1/2,w48,39,1,0,data,ok,38,38,14.0,476.9
awgn,15.0,3,ack-1f,w,2,2,0,ctl,ok,0,0,17.6,476.9
awgn,15.0,3,w48-64l-r1/2,w48,39,1,0,data,ok,38,38,13.9,476.9
awgn,15.0,3,ack-1f,w,2,2,0,ctl,ok,0,0,18.4,476.9
awgn,15.0,3,w48-64l-r1/2,w48,39,1,0,data,ok,38,38,14.0,476.9
awgn,15.0,3,ack-1f,w,2,2,0,ctl,ok,0,0,19.0,476.9
awgn,15.0,3,w48-64l-r1/2,w48,39,1,0,data,ok,38,38,14.0,476.9
awgn,15.0,3,ack-1f,w,2,2,0,ctl,ok,0,0,17.8,476.9
awgn,15.0,3,w48-64l-r1/2,w48,39,1,0,data,ok,38,38,14.0,476.9
awgn,15.0,3,ack-1f,w,2,2,0,ctl,ok,0,0,18.1,476.9
awgn,15.0,3,w48-64l-r1/2,w48,39,1,0,data,ok,38,38,13.6,476.9
awgn,15.0,3,ack-1f,w,2,2,0,ctl,ok,0,0,18.6,476.9
awgn,15.0,3,w48-64l-r1/2,w48,39,1,0,data,ok,38,38,13.9,476.9
awgn,15.0,3,ack-1f,w,2,2,0,ctl,ok,0,0,17.4,476.9
awgn,15.0,3,w48-64l-r1/2,w48,39,1,0,data,ok,38,38,14.1,476.9
awgn,15.0,3,ack-1f,w,2,2,0,ctl,ok,0,0,17.8,476.9
awgn,15.0,3,w48-64l-r1/2,w48,39,1,0,data,ok,38,38,14.0,476.9
awgn,15.0,3,ack-1f,w,2,2,0,ctl,ok,0,0,18.4,476.9
awgn,15.0,3,w48-64l-r1/2,w48,39,1,0,data,ok,38,38,13.8,476.9
awgn,15.0,3,ack-1f,w,2,2,0,ctl,ok,0,0,17.5,476.9
awgn,15.0,3,w48-64l-r1/2,w48,39,1,0,data,ok,38,38,14.2,476.9
awgn,15.0,3,ack-1f,w,2,2,0,ctl,ok,0,0,18.6,476.9
awgn,15.0,3,w48-64l-r1/2,w48,39,1,0,data,ok,38,38,14.1,476.9
awgn,15.0,3,ack-1f,w,2,2,0,ctl,ok,0,0,17.5,476.9
awgn,15.0,3,w48-64l-r1/2,w48,39,1,0,data,ok,38,38,13.8,476.9
awgn,15.0,3,ack-1f,w,2,2,0,ctl,ok,0,0,18.5,476.9
awgn,15.0,3,w48-64l-r1/2,w48,39,1,0,data,ok,38,38,14.2,476.9
awgn,15.0,3,ack-1f,w,2,2,0,ctl,ok,0,0,18.1,476.9
awgn,15.0,3,w48-64l-r1/2,w48,39,1,0,data,ok,38,38,13.9,476.9
awgn,15.0,3,ack-1f,w,2,2,0,ctl,ok,0,0,18.1,476.9
awgn,15.0,3,w48-64l-r1/2,w48,39,1,0,data,ok,38,38,14.1,476.9
awgn,15.0,3,ack-1f,w,2,2,0,ctl,ok,0,0,18.3,476.9
awgn,15.0,3,w48-64l-r1/2,w48,39,1,0,data,ok,38,38,14.3,476.9
awgn,15.0,3,ack-1f,w,2,2,0,ctl,ok,0,0,17.5,476.9
awgn,15.0,3,w48-64l-r1/2,w48,39,1,0,data,ok,38,38,14.0,476.9
awgn,15.0,3,ack-1f,w,2,2,0,ctl,ok,0,0,17.1,476.9
awgn,15.0,3,w48-64l-r1/2,w48,39,1,0,data,ok,38,38,13.8,476.9
awgn,15.0,3,ack-1f,w,2,2,0,ctl,ok,0,0,18.6,476.9
awgn,15.0,3,w48-64l-r1/2,w48,39,1,0,data,ok,38,38,13.9,476.9
awgn,15.0,3,ack-1f,w,2,2,0,ctl,ok,0,0,18.0,476.9
awgn,15.0,3,w48-64l-r1/2,w48,39,1,0,data,ok,38,38,13.9,476.9
awgn,15.0,3,ack-1f,w,2,2,0,ctl,ok,0,0,18.7,476.9
awgn,15.0,3,w48-64l-r1/2,w48,39,1,0,data,ok,38,38,13.8,476.9
awgn,15.0,3,ack-1f,w,2,2,0,ctl,ok,0,0,18.7,476.9
awgn,15.0,3,w48-64l-r1/2,w48,39,1,0,data,ok,38,38,14.0,476.9
awgn,15.0,3,ack-1f,w,2,2,0,ctl,ok,0,0,18.7,476.9
awgn,15.0,3,w48-64l-r1/2,w48,39,1,0,data,ok,38,38,14.1,476.9
awgn,15.0,3,ack-1f,w,2,2,0,ctl,ok,0,0,18.1,476.9
awgn,15.0,3,w48-64l-r1/2,w48,39,1,0,data,ok,38,38,14.0,476.9
awgn,15.0,3,ack-1f,w,2,2,0,ctl,ok,0,0,17.7,476.9
awgn,15.0,3,w48-64l-r1/2,w48,39,1,0,data,ok,38,38,14.2,476.9
awgn,15.0,3,ack-1f,w,2,2,0,ctl,ok,0,0,19.0,476.9
awgn,15.0,3,w48-64l-r1/2,w48,39,1,0,data,ok,38,38,14.2,476.9
awgn,15.0,3,ack-1f,w,2,2,0,ctl,ok,0,0,17.7,476.9
awgn,15.0,3,w48-64l-r1/2,w48,39,1,0,data,ok,38,38,14.1,476.9
awgn,15.0,3,ack-1f,w,2,2,0,ctl,ok,0,0,17.6,476.9
awgn,15.0,3,w48-64l-r1/2,w48,39,1,0,data,ok,38,38,13.9,476.9
awgn,15.0,3,ack-1f,w,2,2,0,ctl,ok,0,0,17.8,476.9
awgn,15.0,3,w48-64l-r1/2,w48,39,1,0,data,ok,38,38,13.8,476.9
awgn,15.0,3,ack-1f,w,2,2,0,ctl,ok,0,0,18.0,476.9
awgn,15.0,3,w48-64l-r1/2,w48,39,1,0,data,ok,38,38,14.0,476.9
awgn,15.0,3,ack-1f,w,2,2,0,ctl,ok,0,0,17.7,476.9
awgn,15.0,3,w48-64l-r1/2,w48,39,1,0,data,ok,38,38,13.8,476.9
awgn,15.0,3,ack-1f,w,2,2,0,ctl,ok,0,0,17.6,476.9
awgn,15.0,3,w48-64l-r1/2,w48,39,1,0,data,ok,38,38,14.1,476.9
awgn,15.0,3,ack-1f,w,2,2,0,ctl,ok,0,0,18.7,476.9
awgn,15.0,3,w48-64l-r1/2,w48,39,1,0,data,ok,38,38,13.7,476.9
awgn,15.0,3,ack-1f,w,2,2,0,ctl,ok,0,0,18.6,476.9
awgn,15.0,3,w48-64l-r1/2,w48,39,1,0,data,ok,38,38,14.1,476.9
awgn,15.0,3,ack-1f,w,2,2,0,ctl,ok,0,0,17.5,476.9
awgn,15.0,3,w48-64l-r1/2,w48,39,1,0,data,ok,38,38,13.5,476.9
awgn,15.0,3,ack-1f,w,2,2,0,ctl,ok,0,0,17.4,476.9
awgn,15.0,3,w48-64l-r1/2,w48,39,1,0,data,ok,38,38,13.5,476.9
awgn,15.0,3,ack-1f,w,2,2,0,ctl,ok,0,0,18.1,476.9
awgn,15.0,3,w48-64l-r1/2,w48,39,1,0,data,ok,38,38,14.2,476.9
awgn,15.0,3,ack-1f,w,2,2,0,ctl,ok,0,0,17.3,476.9
awgn,15.0,3,w48-64l-r1/2,w48,39,1,0,data,ok,38,38,13.9,476.9
awgn,15.0,3,ack-1f,w,2,2,0,ctl,ok,0,0,17.9,476.9
awgn,15.0,3,w48-64l-r1/2,w48,39,1,0,data,ok,38,38,14.1,476.9
awgn,15.0,3,ack-1f,w,2,2,0,ctl,ok,0,0,18.4,476.9
awgn,15.0,3,w48-64l-r1/2,w48,39,1,0,data,ok,38,38,14.0,476.9
awgn,15.0,2,qpsk-r1/5,w,1,1,0,ctl,ok,0,0,17.7,476.9
awgn,15.0,2,qpsk-r1/5,w,1,1,0,ctl,ok,0,0,17.8,476.9
awgn,15.0,2,ack-4f,w,3,3,0,ctl,ok,0,0,17.8,476.9
awgn,15.0,2,ack-1f,w,3,3,0,ctl,ok,0,0,18.5,476.9
awgn,15.0,2,w48-64l-r1/2,w48,39,2,1,data,ok,37,37,13.7,476.9
awgn,15.0,2,ack-1f,w,2,2,0,ctl,ok,0,0,17.6,476.9
awgn,15.0,2,w48-64l-r1/2,w48,39,1,0,data,ok,38,38,14.3,476.9
awgn,15.0,2,ack-1f,w,2,2,0,ctl,ok,0,0,18.2,476.9
awgn,15.0,2,w48-64l-r1/2,w48,39,1,0,data,ok,38,38,14.0,476.9
awgn,15.0,2,ack-1f,w,2,2,0,ctl,ok,0,0,17.8,476.9
awgn,15.0,2,w48-64l-r1/2,w48,39,1,0,data,ok,38,38,13.8,476.9
awgn,15.0,2,ack-1f,w,2,2,0,ctl,ok,0,0,18.5,476.9
awgn,15.0,2,w48-64l-r1/2,w48,39,1,0,data,ok,38,38,13.9,476.9
awgn,15.0,2,ack-1f,w,2,2,0,ctl,ok,0,0,18.0,476.9
awgn,15.0,2,w48-64l-r1/2,w48,39,1,0,data,ok,38,38,14.0,476.9
awgn,15.0,2,ack-1f,w,2,2,0,ctl,ok,0,0,17.4,476.9
awgn,15.0,2,w48-64l-r1/2,w48,39,1,0,data,ok,38,38,13.9,476.9
awgn,15.0,2,ack-1f,w,2,2,0,ctl,ok,0,0,17.4,476.9
awgn,15.0,2,w48-64l-r1/2,w48,39,1,0,data,ok,38,38,13.8,476.9
awgn,15.0,2,ack-1f,w,2,2,0,ctl,ok,0,0,17.5,476.9
awgn,15.0,2,w48-64l-r1/2,w48,39,1,0,data,ok,38,38,13.9,476.9
awgn,15.0,2,ack-1f,w,2,2,0,ctl,ok,0,0,18.1,476.9
awgn,15.0,2,w48-64l-r1/2,w48,39,1,0,data,ok,38,38,14.0,476.9
awgn,15.0,2,ack-1f,w,2,2,0,ctl,ok,0,0,17.8,476.9
awgn,15.0,2,w48-64l-r1/2,w48,39,1,0,data,ok,38,38,14.0,476.9
awgn,15.0,2,ack-1f,w,2,2,0,ctl,ok,0,0,18.5,476.9
awgn,15.0,2,w48-64l-r1/2,w48,39,1,0,data,ok,38,38,14.2,476.9
awgn,15.0,2,ack-1f,w,2,2,0,ctl,ok,0,0,18.8,476.9
awgn,15.0,2,w48-64l-r1/2,w48,39,1,0,data,ok,38,38,13.8,476.9
awgn,15.0,2,ack-1f,w,2,2,0,ctl,ok,0,0,18.0,476.9
awgn,15.0,2,w48-64l-r1/2,w48,39,1,0,data,ok,38,38,13.8,476.9
awgn,15.0,2,ack-1f,w,2,2,0,ctl,ok,0,0,18.0,476.9
awgn,15.0,2,w48-64l-r1/2,w48,39,1,0,data,ok,38,38,14.0,476.9
awgn,15.0,2,ack-1f,w,2,2,0,ctl,ok,0,0,18.5,476.9
awgn,15.0,2,w48-64l-r1/2,w48,39,1,0,data,ok,38,38,14.0,476.9
awgn,15.0,2,ack-1f,w,2,2,0,ctl,ok,0,0,18.7,476.9
awgn,15.0,2,w48-64l-r1/2,w48,39,1,0,data,ok,38,38,13.9,476.9
awgn,15.0,2,ack-1f,w,2,2,0,ctl,ok,0,0,17.7,476.9
awgn,15.0,2,w48-64l-r1/2,w48,39,1,0,data,ok,38,38,14.0,476.9
awgn,15.0,2,ack-1f,w,2,2,0,ctl,ok,0,0,17.9,476.9
awgn,15.0,2,w48-64l-r1/2,w48,39,1,0,data,ok,38,38,14.0,476.9
awgn,15.0,2,ack-1f,w,2,2,0,ctl,ok,0,0,18.1,476.9
awgn,15.0,2,w48-64l-r1/2,w48,39,1,0,data,ok,38,38,13.9,476.9
awgn,15.0,2,ack-1f,w,2,2,0,ctl,ok,0,0,18.0,476.9
awgn,15.0,2,w48-64l-r1/2,w48,39,1,0,data,ok,38,38,14.1,476.9
awgn,15.0,2,ack-1f,w,2,2,0,ctl,ok,0,0,17.8,476.9
awgn,15.0,2,w48-64l-r1/2,w48,39,1,0,data,ok,38,38,13.9,476.9
awgn,15.0,2,ack-1f,w,2,2,0,ctl,ok,0,0,18.3,476.9
awgn,15.0,2,w48-64l-r1/2,w48,39,1,0,data,ok,38,38,14.0,476.9
awgn,15.0,2,ack-1f,w,2,2,0,ctl,ok,0,0,18.4,476.9
awgn,15.0,2,w48-64l-r1/2,w48,39,1,0,data,ok,38,38,14.0,476.9
awgn,15.0,2,ack-1f,w,2,2,0,ctl,ok,0,0,18.7,476.9
awgn,15.0,2,w48-64l-r1/2,w48,39,1,0,data,ok,38,38,13.9,476.9
awgn,15.0,2,ack-1f,w,2,2,0,ctl,ok,0,0,18.1,476.9
awgn,15.0,2,w48-64l-r1/2,w48,39,1,0,data,ok,38,38,13.8,476.9
awgn,15.0,2,ack-1f,w,2,2,0,ctl,ok,0,0,18.0,476.9
awgn,15.0,2,w48-64l-r1/2,w48,39,1,0,data,ok,38,38,13.8,476.9
awgn,15.0,2,ack-1f,w,2,2,0,ctl,ok,0,0,19.5,476.9
awgn,15.0,2,w48-64l-r1/2,w48,39,1,0,data,ok,38,38,14.0,476.9
awgn,15.0,2,ack-1f,w,2,2,0,ctl,ok,0,0,17.6,476.9
awgn,15.0,2,w48-64l-r1/2,w48,39,1,0,data,ok,38,38,14.0,476.9
awgn,15.0,2,ack-1f,w,2,2,0,ctl,ok,0,0,18.4,476.9
awgn,15.0,2,w48-64l-r1/2,w48,39,1,0,data,ok,38,38,13.9,476.9
awgn,15.0,2,ack-1f,w,2,2,0,ctl,ok,0,0,19.0,476.9
awgn,15.0,2,w48-64l-r1/2,w48,39,1,0,data,ok,38,38,14.1,476.9
awgn,15.0,2,ack-1f,w,2,2,0,ctl,ok,0,0,18.6,476.9
awgn,15.0,2,w48-64l-r1/2,w48,39,1,0,data,ok,38,38,14.0,476.9
awgn,15.0,2,ack-1f,w,2,2,0,ctl,ok,0,0,18.2,476.9
awgn,15.0,2,w48-64l-r1/2,w48,39,1,0,data,ok,38,38,13.9,476.9
awgn,15.0,2,ack-1f,w,2,2,0,ctl,ok,0,0,18.1,476.9
awgn,15.0,2,w48-64l-r1/2,w48,39,1,0,data,ok,38,38,14.2,476.9
awgn,15.0,2,ack-1f,w,2,2,0,ctl,ok,0,0,18.8,476.9
awgn,15.0,2,w48-64l-r1/2,w48,39,1,0,data,ok,38,38,13.8,476.9
awgn,15.0,2,ack-1f,w,2,2,0,ctl,ok,0,0,17.5,476.9
awgn,15.0,2,w48-64l-r1/2,w48,39,1,0,data,ok,38,38,14.0,476.9
awgn,15.0,2,ack-1f,w,2,2,0,ctl,ok,0,0,18.2,476.9
awgn,15.0,2,w48-64l-r1/2,w48,39,1,0,data,ok,38,38,13.8,476.9
awgn,15.0,2,ack-1f,w,2,2,0,ctl,ok,0,0,17.2,476.9
awgn,15.0,2,w48-64l-r1/2,w48,39,1,0,data,ok,38,38,14.0,476.9
awgn,15.0,2,ack-1f,w,2,2,0,ctl,ok,0,0,18.0,476.9
awgn,15.0,2,w48-64l-r1/2,w48,39,1,0,data,ok,38,38,14.0,476.9
awgn,15.0,2,ack-1f,w,2,2,0,ctl,ok,0,0,18.1,476.9
awgn,15.0,2,w48-64l-r1/2,w48,39,1,0,data,ok,38,38,14.0,476.9
awgn,15.0,2,ack-1f,w,2,2,0,ctl,ok,0,0,18.4,476.9
awgn,15.0,2,w48-64l-r1/2,w48,39,1,0,data,ok,38,38,14.1,476.9
awgn,15.0,2,ack-1f,w,2,2,0,ctl,ok,0,0,18.1,476.9
awgn,15.0,2,w48-64l-r1/2,w48,39,1,0,data,ok,38,38,13.9,476.9
awgn,15.0,2,ack-1f,w,2,2,0,ctl,ok,0,0,17.6,476.9
awgn,15.0,2,w48-64l-r1/2,w48,39,1,0,data,ok,38,38,14.1,476.9
awgn,15.0,2,ack-1f,w,2,2,0,ctl,ok,0,0,17.5,476.9
awgn,15.0,2,w48-64l-r1/2,w48,39,1,0,data,ok,38,38,13.9,476.9
mpp,-8.0,5,qpsk-r1/5,w,1,1,0,ctl,ctl_lost,0,0,-2.1,3.8
mpp,-8.0,5,n4-qpsk-r1/3,n4,1,1,0,ctl,ok,0,0,-5.1,3.8
mpp,-8.0,5,n4-qpsk-r1/3,n4,1,1,0,ctl,ok,0,0,-2.5,3.8
mpp,-8.0,5,ack-4f,w,3,3,0,ctl,ok,0,0,-4.7,3.8
mpp,-8.0,5,ack-4f,w,3,3,0,ctl,ok,0,0,-2.7,3.8
mpp,-8.0,5,fsk32r62-r1/2,c32r62,10,2,1,data,ok,8,8,-4.0,3.8
mpp,-8.0,5,n10-ack-4f,n10,3,3,,ctl,missed,0,0,,3.8
mpp,-8.0,5,ack-4f,w,3,3,,ctl,missed,0,0,,3.8
mpp,-8.0,5,ack-4f,w,3,3,0,ctl,ok,0,0,-3.7,3.8
mpp,-8.0,5,ack-4f,w,3,3,0,ctl,ok,0,0,-2.2,3.8
mpp,-8.0,5,fsk32r62-r1/2,c32r62,10,2,1,data,ctl_lost,8,6,-5.1,3.8
mpp,-8.0,5,ack-4f,w,3,3,0,ctl,ctl_lost,0,0,-5.1,3.8
mpp,-8.0,5,ack-4f,w,3,3,0,ctl,ok,0,0,-4.6,3.8
mpp,-8.0,5,ack-4f,w,3,3,,ctl,missed,0,0,,3.8
mpp,-8.0,5,ack-4f,w,3,3,,ctl,missed,0,0,,3.8
mpp,-8.0,5,ack-4f,w,3,3,0,ctl,ok,0,0,-6.7,3.8
mpp,-8.0,5,ack-4f,w,3,3,0,ctl,ok,0,0,-6.5,3.8
mpp,-8.0,5,qpsk-r1/5,w,9,2,1,data,ok,7,0,-4.4,3.8
mpp,-8.0,5,n10-ack-4f,n10,3,3,0,ctl,ok,0,0,-3.8,3.8
mpp,-8.0,5,qpsk-r1/5,w,9,2,1,data,ok,0,0,-4.3,3.8
mpp,-8.0,5,ack-4f,w,3,3,,ctl,missed,0,0,,3.8
mpp,-8.0,5,ack-4f,w,3,3,0,ctl,ok,0,0,-1.2,3.8
mpp,-8.0,5,ack-4f,w,3,3,0,ctl,ok,0,0,-3.5,3.8
mpp,-8.0,5,qpsk-r1/5,w,9,2,1,data,ok,7,0,-5.0,3.8
mpp,-8.0,5,n10-ack-4f,n10,3,3,,ctl,missed,0,0,,3.8
mpp,-8.0,5,ack-4f,w,3,3,0,ctl,ok,0,0,-3.9,3.8
mpp,-8.0,5,ack-4f,w,3,3,0,ctl,ok,0,0,-3.8,3.8
mpp,-8.0,5,qpsk-r1/5,w,9,2,1,data,ctl_lost,7,0,-5.6,3.8
mpp,-8.0,5,ack-4f,w,3,3,0,ctl,ctl_lost,0,0,-13.9,3.8
mpp,-8.0,5,ack-4f,w,3,3,,ctl,missed,0,0,,3.8
mpp,-8.0,5,ack-4f,w,3,3,0,ctl,ok,0,0,-2.8,3.8
mpp,-8.0,5,ack-4f,w,3,3,0,ctl,ok,0,0,-5.7,3.8
mpp,-8.0,5,qpsk-r1/5,w,9,2,1,data,ok,7,0,-4.3,3.8
mpp,-8.0,5,n4-ack-8f,n4,3,3,0,ctl,ok,0,0,-5.2,3.8
mpp,-8.0,5,qpsk-r1/5,w,9,2,1,data,ok,7,0,-4.5,3.8
mpp,-8.0,5,ack-4f,w,3,3,0,ctl,ctl_lost,0,0,-8.0,3.8
mpp,-8.0,5,ack-4f,w,3,3,0,ctl,ok,0,0,-1.1,3.8
mpp,-8.0,5,ack-4f,w,3,3,0,ctl,ok,0,0,-3.4,3.8
mpp,-8.0,5,qpsk-r1/5,w,9,2,1,data,ok,7,0,-5.4,3.8
mpp,-8.0,5,n4-ack-8f,n4,3,3,,ctl,missed,0,0,,3.8
mpp,-8.0,5,ack-4f,w,3,3,0,ctl,ok,0,0,-2.8,3.8
mpp,-8.0,5,ack-4f,w,3,3,0,ctl,ok,0,0,-7.3,3.8
mpp,-8.0,5,qpsk-r1/5,w,9,2,,data,missed,0,0,,3.8
mpp,-8.0,5,ack-4f,w,3,3,0,ctl,ok,0,0,-4.6,3.8
mpp,-8.0,5,ack-4f,w,3,3,0,ctl,ok,0,0,-3.9,3.8
mpp,-8.0,5,qpsk-r1/5,w,9,2,,data,missed,0,0,,3.8
mpp,-8.0,5,ack-4f,w,3,3,0,ctl,ok,0,0,-4.1,3.8
mpp,-8.0,5,ack-4f,w,3,3,0,ctl,ok,0,0,0.7,3.8
mpp,-8.0,5,qpsk-r1/5,w,9,2,1,data,ok,7,0,-3.4,3.8
mpp,-8.0,5,n10-ack-4f,n10,3,3,0,ctl,ok,0,0,-2.7,3.8
mpp,-8.0,5,qpsk-r1/5,w,9,2,1,data,ok,0,0,-4.6,3.8
mpp,-8.0,5,ack-4f,w,3,3,0,ctl,ok,0,0,-5.9,3.8
mpp,-8.0,5,qpsk-r1/5,w,9,2,1,data,ok,7,0,-6.0,3.8
mpp,-8.0,5,n10-ack-4f,n10,3,3,,ctl,missed,0,0,,3.8
mpp,-8.0,5,ack-4f,w,3,3,0,ctl,ok,0,0,-3.5,3.8
mpp,-8.0,5,ack-4f,w,3,3,0,ctl,ok,0,0,-6.2,3.8
mpp,-8.0,5,qpsk-r1/5,w,9,2,1,data,ctl_lost,7,0,-8.0,3.8
mpp,-8.0,5,ack-4f,w,3,3,0,ctl,ok,0,0,-4.5,3.8
mpp,-8.0,5,ack-4f,w,3,3,0,ctl,ok,0,0,-4.1,3.8
mpp,-8.0,5,polar-k96-f4,w,19,4,1,data,ok,15,14,-4.1,3.8
mpp,-8.0,5,n4-ack-8f,n4,3,3,,ctl,missed,0,0,,3.8
mpp,-8.0,5,ack-4f,w,4,4,0,ctl,ctl_lost,0,0,-7.9,3.8
mpp,-8.0,5,ack-4f,w,4,4,0,ctl,ok,0,0,-1.9,3.8
mpp,-8.0,5,ack-4f,w,3,3,0,ctl,ctl_lost,0,0,-6.9,3.8
mpp,-8.0,5,ack-4f,w,4,4,0,ctl,ok,0,0,-3.2,3.8
mpp,-8.0,5,ack-4f,w,3,3,0,ctl,ok,0,0,-3.5,3.8
mpp,-8.0,5,polar-k96-f4,w,19,4,1,data,ctl_lost,15,10,-5.6,3.8
mpp,-8.0,5,n4-ack-8f,n4,4,4,0,ctl,ok,0,0,-6.6,3.8
mpp,-8.0,5,polar-k96-f4,w,19,4,,data,missed,0,0,,3.8
mpp,-8.0,5,ack-4f,w,3,3,0,ctl,ok,0,0,-7.0,3.8
mpp,-8.0,5,ack-4f,w,4,4,0,ctl,ok,0,0,-4.3,3.8
mpp,-8.0,5,polar-k96-f4,w,19,4,,data,missed,0,0,,3.8
mpp,-8.0,5,ack-4f,w,3,3,0,ctl,ctl_lost,0,0,-13.0,3.8
mpp,-8.0,5,ack-4f,w,3,3,0,ctl,ok,0,0,-3.9,3.8
mpp,-8.0,5,ack-4f,w,4,4,0,ctl,ctl_lost,0,0,-3.8,3.8
mpp,-8.0,5,ack-4f,w,3,3,0,ctl,ctl_lost,0,0,-6.7,3.8
mpp,-8.0,5,ack-4f,w,3,3,0,ctl,ok,0,0,-5.7,3.8
mpp,-8.0,5,ack-4f,w,4,4,,ctl,missed,0,0,,3.8
mpp,-8.0,5,ack-4f,w,3,3,0,ctl,ok,0,0,-6.2,3.8
mpp,-8.0,5,ack-4f,w,4,4,0,ctl,ok,0,0,-4.3,3.8
mpp,-8.0,5,polar-k96-f4,w,19,4,1,data,ok,15,15,-3.7,3.8
mpp,-8.0,5,n10-ack-4f,n10,3,3,,ctl,missed,0,0,,3.8
mpp,-8.0,5,ack-4f,w,3,3,0,ctl,ok,0,0,-5.6,3.8
mpp,-8.0,5,ack-4f,w,3,3,0,ctl,ok,0,0,-4.5,3.8
mpp,-8.0,5,polar-k96-f4,w,19,4,,data,missed,0,0,,3.8
mpp,-8.0,5,ack-4f,w,3,3,,ctl,missed,0,0,,3.8
mpp,-8.0,5,ack-4f,w,3,3,0,ctl,ok,0,0,-5.5,3.8
mpp,-8.0,5,ack-4f,w,3,3,0,ctl,ok,0,0,-6.7,3.8
mpp,-8.0,5,polar-k96-f4,w,19,4,1,data,ok,15,12,-4.7,3.8
mpp,-8.0,5,n4-ack-8f,n4,4,4,0,ctl,ok,0,0,-5.6,3.8
mpp,-8.0,5,polar-k96-f4,w,19,4,1,data,ctl_lost,15,5,-6.0,3.8
mpp,-8.0,5,n10-ack-4f,n10,4,4,0,ctl,ok,0,0,-4.0,3.8
mpp,-8.0,5,polar-k96-f4,w,19,4,1,data,ok,15,3,-6.1,3.8
mpp,-8.0,5,n4-ack-8f,n4,3,3,0,ctl,ok,0,0,-5.2,3.8
mpp,-8.0,5,polar-k96-f4,w,19,4,1,data,ctl_lost,15,2,-6.1,3.8
mpp,-8.0,5,n10-ack-4f,n10,3,3,0,ctl,ok,0,0,-5.5,3.8
mpp,-8.0,5,polar-k96-f4,w,19,2,0,data,ctl_lost,17,0,-6.6,3.8
awgn,15.0,5,qpsk-r1/5,w,1,1,0,ctl,ok,0,0,17.9,476.9
awgn,15.0,5,qpsk-r1/5,w,1,1,0,ctl,ok,0,0,17.9,476.9
awgn,15.0,5,ack-4f,w,3,3,0,ctl,ok,0,0,17.8,476.9
awgn,15.0,5,ack-1f,w,3,3,0,ctl,ok,0,0,18.6,476.9
awgn,15.0,5,w48-64l-r1/2,w48,39,2,1,data,ok,37,37,13.8,476.9
awgn,15.0,5,ack-1f,w,2,2,0,ctl,ok,0,0,18.7,476.9
awgn,15.0,5,w48-64l-r1/2,w48,39,1,0,data,ok,38,38,14.0,476.9
awgn,15.0,5,ack-1f,w,2,2,0,ctl,ok,0,0,18.2,476.9
awgn,15.0,5,w48-64l-r1/2,w48,39,1,0,data,ok,38,38,14.1,476.9
awgn,15.0,5,ack-1f,w,2,2,0,ctl,ok,0,0,18.7,476.9
awgn,15.0,5,w48-64l-r1/2,w48,39,1,0,data,ok,38,38,13.9,476.9
awgn,15.0,5,ack-1f,w,2,2,0,ctl,ok,0,0,19.1,476.9
awgn,15.0,5,w48-64l-r1/2,w48,39,1,0,data,ok,38,38,13.9,476.9
awgn,15.0,5,ack-1f,w,2,2,0,ctl,ok,0,0,18.1,476.9
awgn,15.0,5,w48-64l-r1/2,w48,39,1,0,data,ok,38,38,13.9,476.9
awgn,15.0,5,ack-1f,w,2,2,0,ctl,ok,0,0,19.1,476.9
awgn,15.0,5,w48-64l-r1/2,w48,39,1,0,data,ok,38,38,14.0,476.9
awgn,15.0,5,ack-1f,w,2,2,0,ctl,ok,0,0,17.8,476.9
awgn,15.0,5,w48-64l-r1/2,w48,39,1,0,data,ok,38,38,14.2,476.9
awgn,15.0,5,ack-1f,w,2,2,0,ctl,ok,0,0,18.2,476.9
awgn,15.0,5,w48-64l-r1/2,w48,39,1,0,data,ok,38,38,13.9,476.9
awgn,15.0,5,ack-1f,w,2,2,0,ctl,ok,0,0,19.0,476.9
awgn,15.0,5,w48-64l-r1/2,w48,39,1,0,data,ok,38,38,14.1,476.9
awgn,15.0,5,ack-1f,w,2,2,0,ctl,ok,0,0,18.3,476.9
awgn,15.0,5,w48-64l-r1/2,w48,39,1,0,data,ok,38,38,14.0,476.9
awgn,15.0,5,ack-1f,w,2,2,0,ctl,ok,0,0,18.4,476.9
awgn,15.0,5,w48-64l-r1/2,w48,39,1,0,data,ok,38,38,13.9,476.9
awgn,15.0,5,ack-1f,w,2,2,0,ctl,ok,0,0,18.3,476.9
awgn,15.0,5,w48-64l-r1/2,w48,39,1,0,data,ok,38,38,14.0,476.9
awgn,15.0,5,ack-1f,w,2,2,0,ctl,ok,0,0,18.4,476.9
awgn,15.0,5,w48-64l-r1/2,w48,39,1,0,data,ok,38,38,13.9,476.9
awgn,15.0,5,ack-1f,w,2,2,0,ctl,ok,0,0,17.3,476.9
awgn,15.0,5,w48-64l-r1/2,w48,39,1,0,data,ok,38,38,13.9,476.9
awgn,15.0,5,ack-1f,w,2,2,0,ctl,ok,0,0,18.0,476.9
awgn,15.0,5,w48-64l-r1/2,w48,39,1,0,data,ok,38,38,14.0,476.9
awgn,15.0,5,ack-1f,w,2,2,0,ctl,ok,0,0,17.4,476.9
awgn,15.0,5,w48-64l-r1/2,w48,39,1,0,data,ok,38,38,14.0,476.9
awgn,15.0,5,ack-1f,w,2,2,0,ctl,ok,0,0,18.1,476.9
awgn,15.0,5,w48-64l-r1/2,w48,39,1,0,data,ok,38,38,13.8,476.9
awgn,15.0,5,ack-1f,w,2,2,0,ctl,ok,0,0,18.2,476.9
awgn,15.0,5,w48-64l-r1/2,w48,39,1,0,data,ok,38,38,13.9,476.9
awgn,15.0,5,ack-1f,w,2,2,0,ctl,ok,0,0,18.5,476.9
awgn,15.0,5,w48-64l-r1/2,w48,39,1,0,data,ok,38,38,13.8,476.9
awgn,15.0,5,ack-1f,w,2,2,0,ctl,ok,0,0,17.6,476.9
awgn,15.0,5,w48-64l-r1/2,w48,39,1,0,data,ok,38,38,14.1,476.9
awgn,15.0,5,ack-1f,w,2,2,0,ctl,ok,0,0,17.9,476.9
awgn,15.0,5,w48-64l-r1/2,w48,39,1,0,data,ok,38,38,13.9,476.9
awgn,15.0,5,ack-1f,w,2,2,0,ctl,ok,0,0,18.7,476.9
awgn,15.0,5,w48-64l-r1/2,w48,39,1,0,data,ok,38,38,13.8,476.9
awgn,15.0,5,ack-1f,w,2,2,0,ctl,ok,0,0,18.1,476.9
awgn,15.0,5,w48-64l-r1/2,w48,39,1,0,data,ok,38,38,14.2,476.9
awgn,15.0,5,ack-1f,w,2,2,0,ctl,ok,0,0,17.2,476.9
awgn,15.0,5,w48-64l-r1/2,w48,39,1,0,data,ok,38,38,13.9,476.9
awgn,15.0,5,ack-1f,w,2,2,0,ctl,ok,0,0,18.1,476.9
awgn,15.0,5,w48-64l-r1/2,w48,39,1,0,data,ok,38,38,14.0,476.9
awgn,15.0,5,ack-1f,w,2,2,0,ctl,ok,0,0,18.2,476.9
awgn,15.0,5,w48-64l-r1/2,w48,39,1,0,data,ok,38,38,14.0,476.9
awgn,15.0,5,ack-1f,w,2,2,0,ctl,ok,0,0,18.7,476.9
awgn,15.0,5,w48-64l-r1/2,w48,39,1,0,data,ok,38,38,14.2,476.9
awgn,15.0,5,ack-1f,w,2,2,0,ctl,ok,0,0,17.4,476.9
awgn,15.0,5,w48-64l-r1/2,w48,39,1,0,data,ok,38,38,14.0,476.9
awgn,15.0,5,ack-1f,w,2,2,0,ctl,ok,0,0,18.3,476.9
awgn,15.0,5,w48-64l-r1/2,w48,39,1,0,data,ok,38,38,14.0,476.9
awgn,15.0,5,ack-1f,w,2,2,0,ctl,ok,0,0,18.2,476.9
awgn,15.0,5,w48-64l-r1/2,w48,39,1,0,data,ok,38,38,13.9,476.9
awgn,15.0,5,ack-1f,w,2,2,0,ctl,ok,0,0,18.5,476.9
awgn,15.0,5,w48-64l-r1/2,w48,39,1,0,data,ok,38,38,14.0,476.9
awgn,15.0,5,ack-1f,w,2,2,0,ctl,ok,0,0,18.3,476.9
awgn,15.0,5,w48-64l-r1/2,w48,39,1,0,data,ok,38,38,14.2,476.9
awgn,15.0,5,ack-1f,w,2,2,0,ctl,ok,0,0,17.5,476.9
awgn,15.0,5,w48-64l-r1/2,w48,39,1,0,data,ok,38,38,13.9,476.9
awgn,15.0,5,ack-1f,w,2,2,0,ctl,ok,0,0,18.5,476.9
awgn,15.0,5,w48-64l-r1/2,w48,39,1,0,data,ok,38,38,14.1,476.9
awgn,15.0,5,ack-1f,w,2,2,0,ctl,ok,0,0,18.1,476.9
awgn,15.0,5,w48-64l-r1/2,w48,39,1,0,data,ok,38,38,14.0,476.9
awgn,15.0,5,ack-1f,w,2,2,0,ctl,ok,0,0,18.6,476.9
awgn,15.0,5,w48-64l-r1/2,w48,39,1,0,data,ok,38,38,14.1,476.9
awgn,15.0,5,ack-1f,w,2,2,0,ctl,ok,0,0,17.0,476.9
awgn,15.0,5,w48-64l-r1/2,w48,39,1,0,data,ok,38,38,14.0,476.9
awgn,15.0,5,ack-1f,w,2,2,0,ctl,ok,0,0,16.9,476.9
awgn,15.0,5,w48-64l-r1/2,w48,39,1,0,data,ok,38,38,14.0,476.9
awgn,15.0,5,ack-1f,w,2,2,0,ctl,ok,0,0,17.3,476.9
awgn,15.0,5,w48-64l-r1/2,w48,39,1,0,data,ok,38,38,13.9,476.9
awgn,15.0,5,ack-1f,w,2,2,0,ctl,ok,0,0,18.8,476.9
awgn,15.0,5,w48-64l-r1/2,w48,39,1,0,data,ok,38,38,14.2,476.9
awgn,15.0,5,ack-1f,w,2,2,0,ctl,ok,0,0,17.7,476.9
awgn,15.0,5,w48-64l-r1/2,w48,39,1,0,data,ok,38,38,13.9,476.9
awgn,15.0,5,ack-1f,w,2,2,0,ctl,ok,0,0,18.1,476.9
awgn,15.0,5,w48-64l-r1/2,w48,39,1,0,data,ok,38,38,13.7,476.9
awgn,15.0,5,ack-1f,w,2,2,0,ctl,ok,0,0,17.1,476.9
awgn,15.0,5,w48-64l-r1/2,w48,39,1,0,data,ok,38,38,14.0,476.9
awgn,15.0,4,qpsk-r1/5,w,1,1,0,ctl,ok,0,0,18.2,476.9
awgn,15.0,4,qpsk-r1/5,w,1,1,0,ctl,ok,0,0,18.0,476.9
awgn,15.0,4,ack-4f,w,3,3,0,ctl,ok,0,0,18.2,476.9
awgn,15.0,4,ack-1f,w,3,3,0,ctl,ok,0,0,18.0,476.9
awgn,15.0,4,w48-64l-r1/2,w48,39,2,1,data,ok,37,37,13.9,476.9
awgn,15.0,4,ack-1f,w,2,2,0,ctl,ok,0,0,18.9,476.9
awgn,15.0,4,w48-64l-r1/2,w48,39,1,0,data,ok,38,38,13.8,476.9
awgn,15.0,4,ack-1f,w,2,2,0,ctl,ok,0,0,17.6,476.9
awgn,15.0,4,w48-64l-r1/2,w48,39,1,0,data,ok,38,38,14.0,476.9
awgn,15.0,4,ack-1f,w,2,2,0,ctl,ok,0,0,17.2,476.9
awgn,15.0,4,w48-64l-r1/2,w48,39,1,0,data,ok,38,38,13.8,476.9
awgn,15.0,4,ack-1f,w,2,2,0,ctl,ok,0,0,18.3,476.9
awgn,15.0,4,w48-64l-r1/2,w48,39,1,0,data,ok,38,38,13.8,476.9
awgn,15.0,4,ack-1f,w,2,2,0,ctl,ok,0,0,17.9,476.9
awgn,15.0,4,w48-64l-r1/2,w48,39,1,0,data,ok,38,38,13.9,476.9
awgn,15.0,4,ack-1f,w,2,2,0,ctl,ok,0,0,18.1,476.9
awgn,15.0,4,w48-64l-r1/2,w48,39,1,0,data,ok,38,38,13.9,476.9
awgn,15.0,4,ack-1f,w,2,2,0,ctl,ok,0,0,17.3,476.9
awgn,15.0,4,w48-64l-r1/2,w48,39,1,0,data,ok,38,38,14.1,476.9
awgn,15.0,4,ack-1f,w,2,2,0,ctl,ok,0,0,17.6,476.9
awgn,15.0,4,w48-64l-r1/2,w48,39,1,0,data,ok,38,38,14.1,476.9
awgn,15.0,4,ack-1f,w,2,2,0,ctl,ok,0,0,17.3,476.9
awgn,15.0,4,w48-64l-r1/2,w48,39,1,0,data,ok,38,38,13.9,476.9
awgn,15.0,4,ack-1f,w,2,2,0,ctl,ok,0,0,18.6,476.9
awgn,15.0,4,w48-64l-r1/2,w48,39,1,0,data,ok,38,38,14.1,476.9
awgn,15.0,4,ack-1f,w,2,2,0,ctl,ok,0,0,18.4,476.9
awgn,15.0,4,w48-64l-r1/2,w48,39,1,0,data,ok,38,38,13.9,476.9
awgn,15.0,4,ack-1f,w,2,2,0,ctl,ok,0,0,18.4,476.9
awgn,15.0,4,w48-64l-r1/2,w48,39,1,0,data,ok,38,38,13.8,476.9
awgn,15.0,4,ack-1f,w,2,2,0,ctl,ok,0,0,16.8,476.9
awgn,15.0,4,w48-64l-r1/2,w48,39,1,0,data,ok,38,38,14.2,476.9
awgn,15.0,4,ack-1f,w,2,2,0,ctl,ok,0,0,18.1,476.9
awgn,15.0,4,w48-64l-r1/2,w48,39,1,0,data,ok,38,38,14.0,476.9
awgn,15.0,4,ack-1f,w,2,2,0,ctl,ok,0,0,17.7,476.9
awgn,15.0,4,w48-64l-r1/2,w48,39,1,0,data,ok,38,38,14.1,476.9
awgn,15.0,4,ack-1f,w,2,2,0,ctl,ok,0,0,17.6,476.9
awgn,15.0,4,w48-64l-r1/2,w48,39,1,0,data,ok,38,38,14.0,476.9
awgn,15.0,4,ack-1f,w,2,2,0,ctl,ok,0,0,18.0,476.9
awgn,15.0,4,w48-64l-r1/2,w48,39,1,0,data,ok,38,38,14.1,476.9
awgn,15.0,4,ack-1f,w,2,2,0,ctl,ok,0,0,17.6,476.9
awgn,15.0,4,w48-64l-r1/2,w48,39,1,0,data,ok,38,38,14.1,476.9
awgn,15.0,4,ack-1f,w,2,2,0,ctl,ok,0,0,17.2,476.9
awgn,15.0,4,w48-64l-r1/2,w48,39,1,0,data,ok,38,38,13.9,476.9
awgn,15.0,4,ack-1f,w,2,2,0,ctl,ok,0,0,17.5,476.9
awgn,15.0,4,w48-64l-r1/2,w48,39,1,0,data,ok,38,38,13.9,476.9
awgn,15.0,4,ack-1f,w,2,2,0,ctl,ok,0,0,18.2,476.9
awgn,15.0,4,w48-64l-r1/2,w48,39,1,0,data,ok,38,38,14.2,476.9
awgn,15.0,4,ack-1f,w,2,2,0,ctl,ok,0,0,18.6,476.9
awgn,15.0,4,w48-64l-r1/2,w48,39,1,0,data,ok,38,38,14.0,476.9
awgn,15.0,4,ack-1f,w,2,2,0,ctl,ok,0,0,18.4,476.9
awgn,15.0,4,w48-64l-r1/2,w48,39,1,0,data,ok,38,38,13.9,476.9
awgn,15.0,4,ack-1f,w,2,2,0,ctl,ok,0,0,18.5,476.9
awgn,15.0,4,w48-64l-r1/2,w48,39,1,0,data,ok,38,38,14.0,476.9
awgn,15.0,4,ack-1f,w,2,2,0,ctl,ok,0,0,17.9,476.9
awgn,15.0,4,w48-64l-r1/2,w48,39,1,0,data,ok,38,38,13.7,476.9
awgn,15.0,4,ack-1f,w,2,2,0,ctl,ok,0,0,18.2,476.9
awgn,15.0,4,w48-64l-r1/2,w48,39,1,0,data,ok,38,38,13.8,476.9
awgn,15.0,4,ack-1f,w,2,2,0,ctl,ok,0,0,17.9,476.9
awgn,15.0,4,w48-64l-r1/2,w48,39,1,0,data,ok,38,38,14.2,476.9
awgn,15.0,4,ack-1f,w,2,2,0,ctl,ok,0,0,17.2,476.9
awgn,15.0,4,w48-64l-r1/2,w48,39,1,0,data,ok,38,38,14.0,476.9
awgn,15.0,4,ack-1f,w,2,2,0,ctl,ok,0,0,18.6,476.9
awgn,15.0,4,w48-64l-r1/2,w48,39,1,0,data,ok,38,38,14.0,476.9
awgn,15.0,4,ack-1f,w,2,2,0,ctl,ok,0,0,17.6,476.9
awgn,15.0,4,w48-64l-r1/2,w48,39,1,0,data,ok,38,38,13.8,476.9
awgn,15.0,4,ack-1f,w,2,2,0,ctl,ok,0,0,17.2,476.9
awgn,15.0,4,w48-64l-r1/2,w48,39,1,0,data,ok,38,38,14.1,476.9
awgn,15.0,4,ack-1f,w,2,2,0,ctl,ok,0,0,18.7,476.9
awgn,15.0,4,w48-64l-r1/2,w48,39,1,0,data,ok,38,38,13.8,476.9
awgn,15.0,4,ack-1f,w,2,2,0,ctl,ok,0,0,18.2,476.9
awgn,15.0,4,w48-64l-r1/2,w48,39,1,0,data,ok,38,38,14.3,476.9
awgn,15.0,4,ack-1f,w,2,2,0,ctl,ok,0,0,18.2,476.9
awgn,15.0,4,w48-64l-r1/2,w48,39,1,0,data,ok,38,38,14.0,476.9
awgn,15.0,4,ack-1f,w,2,2,0,ctl,ok,0,0,19.1,476.9
awgn,15.0,4,w48-64l-r1/2,w48,39,1,0,data,ok,38,38,14.0,476.9
awgn,15.0,4,ack-1f,w,2,2,0,ctl,ok,0,0,17.7,476.9
awgn,15.0,4,w48-64l-r1/2,w48,39,1,0,data,ok,38,38,13.9,476.9
awgn,15.0,4,ack-1f,w,2,2,0,ctl,ok,0,0,17.9,476.9
awgn,15.0,4,w48-64l-r1/2,w48,39,1,0,data,ok,38,38,13.9,476.9
awgn,15.0,4,ack-1f,w,2,2,0,ctl,ok,0,0,18.3,476.9
awgn,15.0,4,w48-64l-r1/2,w48,39,1,0,data,ok,38,38,13.8,476.9
awgn,15.0,4,ack-1f,w,2,2,0,ctl,ok,0,0,17.6,476.9
awgn,15.0,4,w48-64l-r1/2,w48,39,1,0,data,ok,38,38,14.0,476.9
awgn,15.0,4,ack-1f,w,2,2,0,ctl,ok,0,0,18.8,476.9
awgn,15.0,4,w48-64l-r1/2,w48,39,1,0,data,ok,38,38,14.1,476.9
awgn,15.0,4,ack-1f,w,2,2,0,ctl,ok,0,0,17.6,476.9
awgn,15.0,4,w48-64l-r1/2,w48,39,1,0,data,ok,38,38,14.0,476.9
awgn,15.0,4,ack-1f,w,2,2,0,ctl,ok,0,0,17.6,476.9
awgn,15.0,4,w48-64l-r1/2,w48,39,1,0,data,ok,38,38,14.0,476.9
awgn,15.0,4,ack-1f,w,2,2,0,ctl,ok,0,0,17.8,476.9
awgn,15.0,4,w48-64l-r1/2,w48,39,1,0,data,ok,38,38,13.7,476.9
awgn,15.0,6,qpsk-r1/5,w,1,1,0,ctl,ok,0,0,18.3,476.9
awgn,15.0,6,qpsk-r1/5,w,1,1,0,ctl,ok,0,0,17.9,476.9
awgn,15.0,6,ack-4f,w,3,3,0,ctl,ok,0,0,17.9,476.9
awgn,15.0,6,ack-1f,w,3,3,0,ctl,ok,0,0,18.4,476.9
awgn,15.0,6,w48-64l-r1/2,w48,39,2,1,data,ok,37,37,14.0,476.9
awgn,15.0,6,ack-1f,w,2,2,0,ctl,ok,0,0,17.6,476.9
awgn,15.0,6,w48-64l-r1/2,w48,39,1,0,data,ok,38,38,14.2,476.9
awgn,15.0,6,ack-1f,w,2,2,0,ctl,ok,0,0,17.5,476.9
awgn,15.0,6,w48-64l-r1/2,w48,39,1,0,data,ok,38,38,14.3,476.9
awgn,15.0,6,ack-1f,w,2,2,0,ctl,ok,0,0,19.3,476.9
awgn,15.0,6,w48-64l-r1/2,w48,39,1,0,data,ok,38,38,14.0,476.9
awgn,15.0,6,ack-1f,w,2,2,0,ctl,ok,0,0,18.0,476.9
awgn,15.0,6,w48-64l-r1/2,w48,39,1,0,data,ok,38,38,14.0,476.9
awgn,15.0,6,ack-1f,w,2,2,0,ctl,ok,0,0,17.1,476.9
awgn,15.0,6,w48-64l-r1/2,w48,39,1,0,data,ok,38,38,13.8,476.9
awgn,15.0,6,ack-1f,w,2,2,0,ctl,ok,0,0,17.5,476.9
awgn,15.0,6,w48-64l-r1/2,w48,39,1,0,data,ok,38,38,13.8,476.9
awgn,15.0,6,ack-1f,w,2,2,0,ctl,ok,0,0,18.0,476.9
awgn,15.0,6,w48-64l-r1/2,w48,39,1,0,data,ok,38,38,14.0,476.9
awgn,15.0,6,ack-1f,w,2,2,0,ctl,ok,0,0,17.4,476.9
awgn,15.0,6,w48-64l-r1/2,w48,39,1,0,data,ok,38,38,14.1,476.9
awgn,15.0,6,ack-1f,w,2,2,0,ctl,ok,0,0,18.2,476.9
awgn,15.0,6,w48-64l-r1/2,w48,39,1,0,data,ok,38,38,14.0,476.9
awgn,15.0,6,ack-1f,w,2,2,0,ctl,ok,0,0,18.4,476.9
awgn,15.0,6,w48-64l-r1/2,w48,39,1,0,data,ok,38,38,13.9,476.9
awgn,15.0,6,ack-1f,w,2,2,0,ctl,ok,0,0,18.0,476.9
awgn,15.0,6,w48-64l-r1/2,w48,39,1,0,data,ok,38,38,14.0,476.9
awgn,15.0,6,ack-1f,w,2,2,0,ctl,ok,0,0,18.7,476.9
awgn,15.0,6,w48-64l-r1/2,w48,39,1,0,data,ok,38,38,14.2,476.9
awgn,15.0,6,ack-1f,w,2,2,0,ctl,ok,0,0,18.5,476.9
awgn,15.0,6,w48-64l-r1/2,w48,39,1,0,data,ok,38,38,14.3,476.9
awgn,15.0,6,ack-1f,w,2,2,0,ctl,ok,0,0,17.5,476.9
awgn,15.0,6,w48-64l-r1/2,w48,39,1,0,data,ok,38,38,13.7,476.9
awgn,15.0,6,ack-1f,w,2,2,0,ctl,ok,0,0,16.7,476.9
awgn,15.0,6,w48-64l-r1/2,w48,39,1,0,data,ok,38,38,14.0,476.9
awgn,15.0,6,ack-1f,w,2,2,0,ctl,ok,0,0,18.2,476.9
awgn,15.0,6,w48-64l-r1/2,w48,39,1,0,data,ok,38,38,13.9,476.9
awgn,15.0,6,ack-1f,w,2,2,0,ctl,ok,0,0,17.9,476.9
awgn,15.0,6,w48-64l-r1/2,w48,39,1,0,data,ok,38,38,14.0,476.9
awgn,15.0,6,ack-1f,w,2,2,0,ctl,ok,0,0,18.0,476.9
awgn,15.0,6,w48-64l-r1/2,w48,39,1,0,data,ok,38,38,13.9,476.9
awgn,15.0,6,ack-1f,w,2,2,0,ctl,ok,0,0,18.0,476.9
awgn,15.0,6,w48-64l-r1/2,w48,39,1,0,data,ok,38,38,13.6,476.9
awgn,15.0,6,ack-1f,w,2,2,0,ctl,ok,0,0,18.6,476.9
awgn,15.0,6,w48-64l-r1/2,w48,39,1,0,data,ok,38,38,13.7,476.9
awgn,15.0,6,ack-1f,w,2,2,0,ctl,ok,0,0,18.9,476.9
awgn,15.0,6,w48-64l-r1/2,w48,39,1,0,data,ok,38,38,14.2,476.9
awgn,15.0,6,ack-1f,w,2,2,0,ctl,ok,0,0,17.7,476.9
awgn,15.0,6,w48-64l-r1/2,w48,39,1,0,data,ok,38,38,14.1,476.9
awgn,15.0,6,ack-1f,w,2,2,0,ctl,ok,0,0,18.3,476.9
awgn,15.0,6,w48-64l-r1/2,w48,39,1,0,data,ok,38,38,13.9,476.9
awgn,15.0,6,ack-1f,w,2,2,0,ctl,ok,0,0,17.8,476.9
awgn,15.0,6,w48-64l-r1/2,w48,39,1,0,data,ok,38,38,13.8,476.9
awgn,15.0,6,ack-1f,w,2,2,0,ctl,ok,0,0,17.9,476.9
awgn,15.0,6,w48-64l-r1/2,w48,39,1,0,data,ok,38,38,14.1,476.9
awgn,15.0,6,ack-1f,w,2,2,0,ctl,ok,0,0,18.2,476.9
awgn,15.0,6,w48-64l-r1/2,w48,39,1,0,data,ok,38,38,14.0,476.9
awgn,15.0,6,ack-1f,w,2,2,0,ctl,ok,0,0,17.5,476.9
awgn,15.0,6,w48-64l-r1/2,w48,39,1,0,data,ok,38,38,13.9,476.9
awgn,15.0,6,ack-1f,w,2,2,0,ctl,ok,0,0,17.9,476.9
awgn,15.0,6,w48-64l-r1/2,w48,39,1,0,data,ok,38,38,14.0,476.9
awgn,15.0,6,ack-1f,w,2,2,0,ctl,ok,0,0,18.4,476.9
awgn,15.0,6,w48-64l-r1/2,w48,39,1,0,data,ok,38,38,14.1,476.9
awgn,15.0,6,ack-1f,w,2,2,0,ctl,ok,0,0,18.0,476.9
awgn,15.0,6,w48-64l-r1/2,w48,39,1,0,data,ok,38,38,14.1,476.9
awgn,15.0,6,ack-1f,w,2,2,0,ctl,ok,0,0,18.2,476.9
awgn,15.0,6,w48-64l-r1/2,w48,39,1,0,data,ok,38,38,13.8,476.9
awgn,15.0,6,ack-1f,w,2,2,0,ctl,ok,0,0,18.2,476.9
awgn,15.0,6,w48-64l-r1/2,w48,39,1,0,data,ok,38,38,13.5,476.9
awgn,15.0,6,ack-1f,w,2,2,0,ctl,ok,0,0,18.4,476.9
awgn,15.0,6,w48-64l-r1/2,w48,39,1,0,data,ok,38,38,14.0,476.9
awgn,15.0,6,ack-1f,w,2,2,0,ctl,ok,0,0,17.0,476.9
awgn,15.0,6,w48-64l-r1/2,w48,39,1,0,data,ok,38,38,13.9,476.9
awgn,15.0,6,ack-1f,w,2,2,0,ctl,ok,0,0,18.5,476.9
awgn,15.0,6,w48-64l-r1/2,w48,39,1,0,data,ok,38,38,14.2,476.9
awgn,15.0,6,ack-1f,w,2,2,0,ctl,ok,0,0,18.9,476.9
awgn,15.0,6,w48-64l-r1/2,w48,39,1,0,data,ok,38,38,13.7,476.9
awgn,15.0,6,ack-1f,w,2,2,0,ctl,ok,0,0,17.5,476.9
awgn,15.0,6,w48-64l-r1/2,w48,39,1,0,data,ok,38,38,14.0,476.9
awgn,15.0,6,ack-1f,w,2,2,0,ctl,ok,0,0,17.7,476.9
awgn,15.0,6,w48-64l-r1/2,w48,39,1,0,data,ok,38,38,13.9,476.9
awgn,15.0,6,ack-1f,w,2,2,0,ctl,ok,0,0,19.1,476.9
awgn,15.0,6,w48-64l-r1/2,w48,39,1,0,data,ok,38,38,14.0,476.9
awgn,15.0,6,ack-1f,w,2,2,0,ctl,ok,0,0,18.2,476.9
awgn,15.0,6,w48-64l-r1/2,w48,39,1,0,data,ok,38,38,14.0,476.9
awgn,15.0,6,ack-1f,w,2,2,0,ctl,ok,0,0,17.7,476.9
awgn,15.0,6,w48-64l-r1/2,w48,39,1,0,data,ok,38,38,13.6,476.9
awgn,15.0,6,ack-1f,w,2,2,0,ctl,ok,0,0,18.0,476.9
awgn,15.0,6,w48-64l-r1/2,w48,39,1,0,data,ok,38,38,14.2,476.9
awgn,15.0,6,ack-1f,w,2,2,0,ctl,ok,0,0,18.0,476.9
awgn,15.0,6,w48-64l-r1/2,w48,39,1,0,data,ok,38,38,14.0,476.9
awgn,15.0,7,qpsk-r1/5,w,1,1,0,ctl,ok,0,0,18.0,476.9
awgn,15.0,7,qpsk-r1/5,w,1,1,0,ctl,ok,0,0,18.7,476.9
awgn,15.0,7,ack-4f,w,3,3,0,ctl,ok,0,0,18.3,476.9
awgn,15.0,7,ack-1f,w,3,3,0,ctl,ok,0,0,18.5,476.9
awgn,15.0,7,w48-64l-r1/2,w48,39,2,1,data,ok,37,37,14.1,476.9
awgn,15.0,7,ack-1f,w,2,2,0,ctl,ok,0,0,18.0,476.9
awgn,15.0,7,w48-64l-r1/2,w48,39,1,0,data,ok,38,38,13.9,476.9
awgn,15.0,7,ack-1f,w,2,2,0,ctl,ok,0,0,18.2,476.9
awgn,15.0,7,w48-64l-r1/2,w48,39,1,0,data,ok,38,38,14.1,476.9
awgn,15.0,7,ack-1f,w,2,2,0,ctl,ok,0,0,17.3,476.9
awgn,15.0,7,w48-64l-r1/2,w48,39,1,0,data,ok,38,38,14.1,476.9
awgn,15.0,7,ack-1f,w,2,2,0,ctl,ok,0,0,17.6,476.9
awgn,15.0,7,w48-64l-r1/2,w48,39,1,0,data,ok,38,38,14.3,476.9
awgn,15.0,7,ack-1f,w,2,2,0,ctl,ok,0,0,18.5,476.9
awgn,15.0,7,w48-64l-r1/2,w48,39,1,0,data,ok,38,38,13.9,476.9
awgn,15.0,7,ack-1f,w,2,2,0,ctl,ok,0,0,17.7,476.9
awgn,15.0,7,w48-64l-r1/2,w48,39,1,0,data,ok,38,38,13.9,476.9
awgn,15.0,7,ack-1f,w,2,2,0,ctl,ok,0,0,18.3,476.9
awgn,15.0,7,w48-64l-r1/2,w48,39,1,0,data,ok,38,38,13.8,476.9
awgn,15.0,7,ack-1f,w,2,2,0,ctl,ok,0,0,18.3,476.9
awgn,15.0,7,w48-64l-r1/2,w48,39,1,0,data,ok,38,38,13.9,476.9
awgn,15.0,7,ack-1f,w,2,2,0,ctl,ok,0,0,17.8,476.9
awgn,15.0,7,w48-64l-r1/2,w48,39,1,0,data,ok,38,38,13.8,476.9
awgn,15.0,7,ack-1f,w,2,2,0,ctl,ok,0,0,17.9,476.9
awgn,15.0,7,w48-64l-r1/2,w48,39,1,0,data,ok,38,38,13.7,476.9
awgn,15.0,7,ack-1f,w,2,2,0,ctl,ok,0,0,17.8,476.9
awgn,15.0,7,w48-64l-r1/2,w48,39,1,0,data,ok,38,38,14.0,476.9
awgn,15.0,7,ack-1f,w,2,2,0,ctl,ok,0,0,18.5,476.9
awgn,15.0,7,w48-64l-r1/2,w48,39,1,0,data,ok,38,38,14.0,476.9
awgn,15.0,7,ack-1f,w,2,2,0,ctl,ok,0,0,17.1,476.9
awgn,15.0,7,w48-64l-r1/2,w48,39,1,0,data,ok,38,38,14.1,476.9
awgn,15.0,7,ack-1f,w,2,2,0,ctl,ok,0,0,18.3,476.9
awgn,15.0,7,w48-64l-r1/2,w48,39,1,0,data,ok,38,38,14.3,476.9
awgn,15.0,7,ack-1f,w,2,2,0,ctl,ok,0,0,17.7,476.9
awgn,15.0,7,w48-64l-r1/2,w48,39,1,0,data,ok,38,38,13.9,476.9
awgn,15.0,7,ack-1f,w,2,2,0,ctl,ok,0,0,18.6,476.9
awgn,15.0,7,w48-64l-r1/2,w48,39,1,0,data,ok,38,38,14.1,476.9
awgn,15.0,7,ack-1f,w,2,2,0,ctl,ok,0,0,18.1,476.9
awgn,15.0,7,w48-64l-r1/2,w48,39,1,0,data,ok,38,38,14.0,476.9
awgn,15.0,7,ack-1f,w,2,2,0,ctl,ok,0,0,19.4,476.9
awgn,15.0,7,w48-64l-r1/2,w48,39,1,0,data,ok,38,38,14.0,476.9
awgn,15.0,7,ack-1f,w,2,2,0,ctl,ok,0,0,17.7,476.9
awgn,15.0,7,w48-64l-r1/2,w48,39,1,0,data,ok,38,38,14.3,476.9
awgn,15.0,7,ack-1f,w,2,2,0,ctl,ok,0,0,18.0,476.9
awgn,15.0,7,w48-64l-r1/2,w48,39,1,0,data,ok,38,38,13.9,476.9
awgn,15.0,7,ack-1f,w,2,2,0,ctl,ok,0,0,18.1,476.9
awgn,15.0,7,w48-64l-r1/2,w48,39,1,0,data,ok,38,38,14.1,476.9
awgn,15.0,7,ack-1f,w,2,2,0,ctl,ok,0,0,17.4,476.9
awgn,15.0,7,w48-64l-r1/2,w48,39,1,0,data,ok,38,38,13.8,476.9
awgn,15.0,7,ack-1f,w,2,2,0,ctl,ok,0,0,18.6,476.9
awgn,15.0,7,w48-64l-r1/2,w48,39,1,0,data,ok,38,38,13.9,476.9
awgn,15.0,7,ack-1f,w,2,2,0,ctl,ok,0,0,18.1,476.9
awgn,15.0,7,w48-64l-r1/2,w48,39,1,0,data,ok,38,38,14.0,476.9
awgn,15.0,7,ack-1f,w,2,2,0,ctl,ok,0,0,18.5,476.9
awgn,15.0,7,w48-64l-r1/2,w48,39,1,0,data,ok,38,38,13.5,476.9
awgn,15.0,7,ack-1f,w,2,2,0,ctl,ok,0,0,18.0,476.9
awgn,15.0,7,w48-64l-r1/2,w48,39,1,0,data,ok,38,38,14.1,476.9
awgn,15.0,7,ack-1f,w,2,2,0,ctl,ok,0,0,18.0,476.9
awgn,15.0,7,w48-64l-r1/2,w48,39,1,0,data,ok,38,38,13.9,476.9
awgn,15.0,7,ack-1f,w,2,2,0,ctl,ok,0,0,17.7,476.9
awgn,15.0,7,w48-64l-r1/2,w48,39,1,0,data,ok,38,38,14.1,476.9
awgn,15.0,7,ack-1f,w,2,2,0,ctl,ok,0,0,18.6,476.9
awgn,15.0,7,w48-64l-r1/2,w48,39,1,0,data,ok,38,38,13.9,476.9
awgn,15.0,7,ack-1f,w,2,2,0,ctl,ok,0,0,18.7,476.9
awgn,15.0,7,w48-64l-r1/2,w48,39,1,0,data,ok,38,38,14.0,476.9
awgn,15.0,7,ack-1f,w,2,2,0,ctl,ok,0,0,18.2,476.9
awgn,15.0,7,w48-64l-r1/2,w48,39,1,0,data,ok,38,38,14.1,476.9
awgn,15.0,7,ack-1f,w,2,2,0,ctl,ok,0,0,18.4,476.9
awgn,15.0,7,w48-64l-r1/2,w48,39,1,0,data,ok,38,38,14.0,476.9
awgn,15.0,7,ack-1f,w,2,2,0,ctl,ok,0,0,17.7,476.9
awgn,15.0,7,w48-64l-r1/2,w48,39,1,0,data,ok,38,38,13.9,476.9
awgn,15.0,7,ack-1f,w,2,2,0,ctl,ok,0,0,18.2,476.9
awgn,15.0,7,w48-64l-r1/2,w48,39,1,0,data,ok,38,38,13.9,476.9
awgn,15.0,7,ack-1f,w,2,2,0,ctl,ok,0,0,18.0,476.9
awgn,15.0,7,w48-64l-r1/2,w48,39,1,0,data,ok,38,38,13.9,476.9
awgn,15.0,7,ack-1f,w,2,2,0,ctl,ok,0,0,17.9,476.9
awgn,15.0,7,w48-64l-r1/2,w48,39,1,0,data,ok,38,38,14.0,476.9
awgn,15.0,7,ack-1f,w,2,2,0,ctl,ok,0,0,18.1,476.9
awgn,15.0,7,w48-64l-r1/2,w48,39,1,0,data,ok,38,38,14.0,476.9
awgn,15.0,7,ack-1f,w,2,2,0,ctl,ok,0,0,17.7,476.9
awgn,15.0,7,w48-64l-r1/2,w48,39,1,0,data,ok,38,38,14.0,476.9
awgn,15.0,7,ack-1f,w,2,2,0,ctl,ok,0,0,18.2,476.9
awgn,15.0,7,w48-64l-r1/2,w48,39,1,0,data,ok,38,38,14.1,476.9
awgn,15.0,7,ack-1f,w,2,2,0,ctl,ok,0,0,18.4,476.9
awgn,15.0,7,w48-64l-r1/2,w48,39,1,0,data,ok,38,38,14.1,476.9
awgn,15.0,7,ack-1f,w,2,2,0,ctl,ok,0,0,17.7,476.9
awgn,15.0,7,w48-64l-r1/2,w48,39,1,0,data,ok,38,38,14.0,476.9
awgn,15.0,7,ack-1f,w,2,2,0,ctl,ok,0,0,17.5,476.9
awgn,15.0,7,w48-64l-r1/2,w48,39,1,0,data,ok,38,38,13.9,476.9
awgn,15.0,7,ack-1f,w,2,2,0,ctl,ok,0,0,19.2,476.9
awgn,15.0,7,w48-64l-r1/2,w48,39,1,0,data,ok,38,38,13.9,476.9
awgn,15.0,8,qpsk-r1/5,w,1,1,0,ctl,ok,0,0,17.9,476.9
awgn,15.0,8,qpsk-r1/5,w,1,1,0,ctl,ok,0,0,18.3,476.9
awgn,15.0,8,ack-4f,w,3,3,0,ctl,ok,0,0,17.9,476.9
awgn,15.0,8,ack-1f,w,3,3,0,ctl,ok,0,0,18.3,476.9
awgn,15.0,8,w48-64l-r1/2,w48,39,2,1,data,ok,37,37,13.9,476.9
awgn,15.0,8,ack-1f,w,2,2,0,ctl,ok,0,0,18.3,476.9
awgn,15.0,8,w48-64l-r1/2,w48,39,1,0,data,ok,38,38,13.9,476.9
awgn,15.0,8,ack-1f,w,2,2,0,ctl,ok,0,0,17.0,476.9
awgn,15.0,8,w48-64l-r1/2,w48,39,1,0,data,ok,38,38,13.9,476.9
awgn,15.0,8,ack-1f,w,2,2,0,ctl,ok,0,0,18.1,476.9
awgn,15.0,8,w48-64l-r1/2,w48,39,1,0,data,ok,38,38,14.0,476.9
awgn,15.0,8,ack-1f,w,2,2,0,ctl,ok,0,0,18.7,476.9
awgn,15.0,8,w48-64l-r1/2,w48,39,1,0,data,ok,38,38,13.9,476.9
awgn,15.0,8,ack-1f,w,2,2,0,ctl,ok,0,0,17.4,476.9
awgn,15.0,8,w48-64l-r1/2,w48,39,1,0,data,ok,38,38,13.9,476.9
awgn,15.0,8,ack-1f,w,2,2,0,ctl,ok,0,0,18.9,476.9
awgn,15.0,8,w48-64l-r1/2,w48,39,1,0,data,ok,38,38,14.1,476.9
awgn,15.0,8,ack-1f,w,2,2,0,ctl,ok,0,0,18.1,476.9
awgn,15.0,8,w48-64l-r1/2,w48,39,1,0,data,ok,38,38,14.0,476.9
awgn,15.0,8,ack-1f,w,2,2,0,ctl,ok,0,0,17.6,476.9
awgn,15.0,8,w48-64l-r1/2,w48,39,1,0,data,ok,38,38,13.9,476.9
awgn,15.0,8,ack-1f,w,2,2,0,ctl,ok,0,0,17.4,476.9
awgn,15.0,8,w48-64l-r1/2,w48,39,1,0,data,ok,38,38,14.0,476.9
awgn,15.0,8,ack-1f,w,2,2,0,ctl,ok,0,0,18.2,476.9
awgn,15.0,8,w48-64l-r1/2,w48,39,1,0,data,ok,38,38,14.0,476.9
awgn,15.0,8,ack-1f,w,2,2,0,ctl,ok,0,0,18.0,476.9
awgn,15.0,8,w48-64l-r1/2,w48,39,1,0,data,ok,38,38,14.0,476.9
awgn,15.0,8,ack-1f,w,2,2,0,ctl,ok,0,0,18.2,476.9
awgn,15.0,8,w48-64l-r1/2,w48,39,1,0,data,ok,38,38,14.1,476.9
awgn,15.0,8,ack-1f,w,2,2,0,ctl,ok,0,0,18.8,476.9
awgn,15.0,8,w48-64l-r1/2,w48,39,1,0,data,ok,38,38,13.9,476.9
awgn,15.0,8,ack-1f,w,2,2,0,ctl,ok,0,0,17.9,476.9
awgn,15.0,8,w48-64l-r1/2,w48,39,1,0,data,ok,38,38,13.8,476.9
awgn,15.0,8,ack-1f,w,2,2,0,ctl,ok,0,0,17.6,476.9
awgn,15.0,8,w48-64l-r1/2,w48,39,1,0,data,ok,38,38,13.5,476.9
awgn,15.0,8,ack-1f,w,2,2,0,ctl,ok,0,0,18.1,476.9
awgn,15.0,8,w48-64l-r1/2,w48,39,1,0,data,ok,38,38,14.2,476.9
awgn,15.0,8,ack-1f,w,2,2,0,ctl,ok,0,0,17.5,476.9
awgn,15.0,8,w48-64l-r1/2,w48,39,1,0,data,ok,38,38,13.8,476.9
awgn,15.0,8,ack-1f,w,2,2,0,ctl,ok,0,0,17.9,476.9
awgn,15.0,8,w48-64l-r1/2,w48,39,1,0,data,ok,38,38,13.9,476.9
awgn,15.0,8,ack-1f,w,2,2,0,ctl,ok,0,0,18.6,476.9
awgn,15.0,8,w48-64l-r1/2,w48,39,1,0,data,ok,38,38,13.7,476.9
awgn,15.0,8,ack-1f,w,2,2,0,ctl,ok,0,0,17.4,476.9
awgn,15.0,8,w48-64l-r1/2,w48,39,1,0,data,ok,38,38,14.0,476.9
awgn,15.0,8,ack-1f,w,2,2,0,ctl,ok,0,0,18.2,476.9
awgn,15.0,8,w48-64l-r1/2,w48,39,1,0,data,ok,38,38,14.1,476.9
awgn,15.0,8,ack-1f,w,2,2,0,ctl,ok,0,0,18.5,476.9
awgn,15.0,8,w48-64l-r1/2,w48,39,1,0,data,ok,38,38,13.7,476.9
awgn,15.0,8,ack-1f,w,2,2,0,ctl,ok,0,0,17.6,476.9
awgn,15.0,8,w48-64l-r1/2,w48,39,1,0,data,ok,38,38,13.9,476.9
awgn,15.0,8,ack-1f,w,2,2,0,ctl,ok,0,0,18.0,476.9
awgn,15.0,8,w48-64l-r1/2,w48,39,1,0,data,ok,38,38,13.8,476.9
awgn,15.0,8,ack-1f,w,2,2,0,ctl,ok,0,0,18.3,476.9
awgn,15.0,8,w48-64l-r1/2,w48,39,1,0,data,ok,38,38,14.0,476.9
awgn,15.0,8,ack-1f,w,2,2,0,ctl,ok,0,0,18.7,476.9
awgn,15.0,8,w48-64l-r1/2,w48,39,1,0,data,ok,38,38,14.2,476.9
awgn,15.0,8,ack-1f,w,2,2,0,ctl,ok,0,0,17.8,476.9
awgn,15.0,8,w48-64l-r1/2,w48,39,1,0,data,ok,38,38,14.0,476.9
awgn,15.0,8,ack-1f,w,2,2,0,ctl,ok,0,0,17.6,476.9
awgn,15.0,8,w48-64l-r1/2,w48,39,1,0,data,ok,38,38,13.8,476.9
awgn,15.0,8,ack-1f,w,2,2,0,ctl,ok,0,0,18.3,476.9
awgn,15.0,8,w48-64l-r1/2,w48,39,1,0,data,ok,38,38,13.9,476.9
awgn,15.0,8,ack-1f,w,2,2,0,ctl,ok,0,0,18.4,476.9
awgn,15.0,8,w48-64l-r1/2,w48,39,1,0,data,ok,38,38,14.2,476.9
awgn,15.0,8,ack-1f,w,2,2,0,ctl,ok,0,0,18.2,476.9
awgn,15.0,8,w48-64l-r1/2,w48,39,1,0,data,ok,38,38,14.0,476.9
awgn,15.0,8,ack-1f,w,2,2,0,ctl,ok,0,0,18.9,476.9
awgn,15.0,8,w48-64l-r1/2,w48,39,1,0,data,ok,38,38,13.9,476.9
awgn,15.0,8,ack-1f,w,2,2,0,ctl,ok,0,0,17.2,476.9
awgn,15.0,8,w48-64l-r1/2,w48,39,1,0,data,ok,38,38,14.0,476.9
awgn,15.0,8,ack-1f,w,2,2,0,ctl,ok,0,0,17.3,476.9
awgn,15.0,8,w48-64l-r1/2,w48,39,1,0,data,ok,38,38,14.1,476.9
awgn,15.0,8,ack-1f,w,2,2,0,ctl,ok,0,0,18.2,476.9
awgn,15.0,8,w48-64l-r1/2,w48,39,1,0,data,ok,38,38,13.6,476.9
awgn,15.0,8,ack-1f,w,2,2,0,ctl,ok,0,0,18.4,476.9
awgn,15.0,8,w48-64l-r1/2,w48,39,1,0,data,ok,38,38,14.0,476.9
awgn,15.0,8,ack-1f,w,2,2,0,ctl,ok,0,0,17.2,476.9
awgn,15.0,8,w48-64l-r1/2,w48,39,1,0,data,ok,38,38,14.2,476.9
awgn,15.0,8,ack-1f,w,2,2,0,ctl,ok,0,0,17.7,476.9
awgn,15.0,8,w48-64l-r1/2,w48,39,1,0,data,ok,38,38,13.8,476.9
awgn,15.0,8,ack-1f,w,2,2,0,ctl,ok,0,0,17.8,476.9
awgn,15.0,8,w48-64l-r1/2,w48,39,1,0,data,ok,38,38,14.1,476.9
awgn,15.0,8,ack-1f,w,2,2,0,ctl,ok,0,0,18.6,476.9
awgn,15.0,8,w48-64l-r1/2,w48,39,1,0,data,ok,38,38,13.9,476.9
awgn,15.0,8,ack-1f,w,2,2,0,ctl,ok,0,0,18.1,476.9
awgn,15.0,8,w48-64l-r1/2,w48,39,1,0,data,ok,38,38,14.2,476.9
awgn,15.0,8,ack-1f,w,2,2,0,ctl,ok,0,0,18.7,476.9
awgn,15.0,8,w48-64l-r1/2,w48,39,1,0,data,ok,38,38,13.9,476.9
awgn,15.0,8,ack-1f,w,2,2,0,ctl,ok,0,0,18.7,476.9
awgn,15.0,8,w48-64l-r1/2,w48,39,1,0,data,ok,38,38,14.0,476.9
awgn,15.0,9,qpsk-r1/5,w,1,1,0,ctl,ok,0,0,18.1,476.9
awgn,15.0,9,qpsk-r1/5,w,1,1,0,ctl,ok,0,0,17.7,476.9
awgn,15.0,9,ack-4f,w,3,3,0,ctl,ok,0,0,18.2,476.9
awgn,15.0,9,ack-1f,w,3,3,0,ctl,ok,0,0,18.0,476.9
awgn,15.0,9,w48-64l-r1/2,w48,39,2,1,data,ok,37,37,13.9,476.9
awgn,15.0,9,ack-1f,w,2,2,0,ctl,ok,0,0,17.6,476.9
awgn,15.0,9,w48-64l-r1/2,w48,39,1,0,data,ok,38,38,14.1,476.9
awgn,15.0,9,ack-1f,w,2,2,0,ctl,ok,0,0,17.5,476.9
awgn,15.0,9,w48-64l-r1/2,w48,39,1,0,data,ok,38,38,14.0,476.9
awgn,15.0,9,ack-1f,w,2,2,0,ctl,ok,0,0,18.2,476.9
awgn,15.0,9,w48-64l-r1/2,w48,39,1,0,data,ok,38,38,14.0,476.9
awgn,15.0,9,ack-1f,w,2,2,0,ctl,ok,0,0,17.8,476.9
awgn,15.0,9,w48-64l-r1/2,w48,39,1,0,data,ok,38,38,14.1,476.9
awgn,15.0,9,ack-1f,w,2,2,0,ctl,ok,0,0,18.1,476.9
awgn,15.0,9,w48-64l-r1/2,w48,39,1,0,data,ok,38,38,14.0,476.9
awgn,15.0,9,ack-1f,w,2,2,0,ctl,ok,0,0,18.0,476.9
awgn,15.0,9,w48-64l-r1/2,w48,39,1,0,data,ok,38,38,13.9,476.9
awgn,15.0,9,ack-1f,w,2,2,0,ctl,ok,0,0,18.0,476.9
awgn,15.0,9,w48-64l-r1/2,w48,39,1,0,data,ok,38,38,14.0,476.9
awgn,15.0,9,ack-1f,w,2,2,0,ctl,ok,0,0,17.6,476.9
awgn,15.0,9,w48-64l-r1/2,w48,39,1,0,data,ok,38,38,14.1,476.9
awgn,15.0,9,ack-1f,w,2,2,0,ctl,ok,0,0,18.5,476.9
awgn,15.0,9,w48-64l-r1/2,w48,39,1,0,data,ok,38,38,13.8,476.9
awgn,15.0,9,ack-1f,w,2,2,0,ctl,ok,0,0,17.2,476.9
awgn,15.0,9,w48-64l-r1/2,w48,39,1,0,data,ok,38,38,13.9,476.9
awgn,15.0,9,ack-1f,w,2,2,0,ctl,ok,0,0,17.6,476.9
awgn,15.0,9,w48-64l-r1/2,w48,39,1,0,data,ok,38,38,13.6,476.9
awgn,15.0,9,ack-1f,w,2,2,0,ctl,ok,0,0,17.6,476.9
awgn,15.0,9,w48-64l-r1/2,w48,39,1,0,data,ok,38,38,14.1,476.9
awgn,15.0,9,ack-1f,w,2,2,0,ctl,ok,0,0,18.6,476.9
awgn,15.0,9,w48-64l-r1/2,w48,39,1,0,data,ok,38,38,13.9,476.9
awgn,15.0,9,ack-1f,w,2,2,0,ctl,ok,0,0,18.2,476.9
awgn,15.0,9,w48-64l-r1/2,w48,39,1,0,data,ok,38,38,13.9,476.9
awgn,15.0,9,ack-1f,w,2,2,0,ctl,ok,0,0,18.2,476.9
awgn,15.0,9,w48-64l-r1/2,w48,39,1,0,data,ok,38,38,13.8,476.9
awgn,15.0,9,ack-1f,w,2,2,0,ctl,ok,0,0,18.5,476.9
awgn,15.0,9,w48-64l-r1/2,w48,39,1,0,data,ok,38,38,14.0,476.9
awgn,15.0,9,ack-1f,w,2,2,0,ctl,ok,0,0,17.6,476.9
awgn,15.0,9,w48-64l-r1/2,w48,39,1,0,data,ok,38,38,13.7,476.9
awgn,15.0,9,ack-1f,w,2,2,0,ctl,ok,0,0,18.3,476.9
awgn,15.0,9,w48-64l-r1/2,w48,39,1,0,data,ok,38,38,14.1,476.9
awgn,15.0,9,ack-1f,w,2,2,0,ctl,ok,0,0,17.9,476.9
awgn,15.0,9,w48-64l-r1/2,w48,39,1,0,data,ok,38,38,14.1,476.9
awgn,15.0,9,ack-1f,w,2,2,0,ctl,ok,0,0,18.9,476.9
awgn,15.0,9,w48-64l-r1/2,w48,39,1,0,data,ok,38,38,14.2,476.9
awgn,15.0,9,ack-1f,w,2,2,0,ctl,ok,0,0,18.1,476.9
awgn,15.0,9,w48-64l-r1/2,w48,39,1,0,data,ok,38,38,13.8,476.9
awgn,15.0,9,ack-1f,w,2,2,0,ctl,ok,0,0,18.1,476.9
awgn,15.0,9,w48-64l-r1/2,w48,39,1,0,data,ok,38,38,13.9,476.9
awgn,15.0,9,ack-1f,w,2,2,0,ctl,ok,0,0,18.2,476.9
awgn,15.0,9,w48-64l-r1/2,w48,39,1,0,data,ok,38,38,14.1,476.9
awgn,15.0,9,ack-1f,w,2,2,0,ctl,ok,0,0,17.9,476.9
awgn,15.0,9,w48-64l-r1/2,w48,39,1,0,data,ok,38,38,14.1,476.9
awgn,15.0,9,ack-1f,w,2,2,0,ctl,ok,0,0,18.6,476.9
awgn,15.0,9,w48-64l-r1/2,w48,39,1,0,data,ok,38,38,13.9,476.9
awgn,15.0,9,ack-1f,w,2,2,0,ctl,ok,0,0,19.0,476.9
awgn,15.0,9,w48-64l-r1/2,w48,39,1,0,data,ok,38,38,13.9,476.9
awgn,15.0,9,ack-1f,w,2,2,0,ctl,ok,0,0,17.9,476.9
awgn,15.0,9,w48-64l-r1/2,w48,39,1,0,data,ok,38,38,14.0,476.9
awgn,15.0,9,ack-1f,w,2,2,0,ctl,ok,0,0,18.6,476.9
awgn,15.0,9,w48-64l-r1/2,w48,39,1,0,data,ok,38,38,13.9,476.9
awgn,15.0,9,ack-1f,w,2,2,0,ctl,ok,0,0,18.6,476.9
awgn,15.0,9,w48-64l-r1/2,w48,39,1,0,data,ok,38,38,14.0,476.9
awgn,15.0,9,ack-1f,w,2,2,0,ctl,ok,0,0,17.6,476.9
awgn,15.0,9,w48-64l-r1/2,w48,39,1,0,data,ok,38,38,14.2,476.9
awgn,15.0,9,ack-1f,w,2,2,0,ctl,ok,0,0,18.1,476.9
awgn,15.0,9,w48-64l-r1/2,w48,39,1,0,data,ok,38,38,13.8,476.9
awgn,15.0,9,ack-1f,w,2,2,0,ctl,ok,0,0,17.2,476.9
awgn,15.0,9,w48-64l-r1/2,w48,39,1,0,data,ok,38,38,14.1,476.9
awgn,15.0,9,ack-1f,w,2,2,0,ctl,ok,0,0,17.8,476.9
awgn,15.0,9,w48-64l-r1/2,w48,39,1,0,data,ok,38,38,13.7,476.9
awgn,15.0,9,ack-1f,w,2,2,0,ctl,ok,0,0,17.9,476.9
awgn,15.0,9,w48-64l-r1/2,w48,39,1,0,data,ok,38,38,14.1,476.9
awgn,15.0,9,ack-1f,w,2,2,0,ctl,ok,0,0,18.2,476.9
awgn,15.0,9,w48-64l-r1/2,w48,39,1,0,data,ok,38,38,14.0,476.9
awgn,15.0,9,ack-1f,w,2,2,0,ctl,ok,0,0,17.8,476.9
awgn,15.0,9,w48-64l-r1/2,w48,39,1,0,data,ok,38,38,13.9,476.9
awgn,15.0,9,ack-1f,w,2,2,0,ctl,ok,0,0,18.4,476.9
awgn,15.0,9,w48-64l-r1/2,w48,39,1,0,data,ok,38,38,13.8,476.9
awgn,15.0,9,ack-1f,w,2,2,0,ctl,ok,0,0,17.3,476.9
awgn,15.0,9,w48-64l-r1/2,w48,39,1,0,data,ok,38,38,14.1,476.9
awgn,15.0,9,ack-1f,w,2,2,0,ctl,ok,0,0,18.3,476.9
awgn,15.0,9,w48-64l-r1/2,w48,39,1,0,data,ok,38,38,13.8,476.9
awgn,15.0,9,ack-1f,w,2,2,0,ctl,ok,0,0,17.5,476.9
awgn,15.0,9,w48-64l-r1/2,w48,39,1,0,data,ok,38,38,14.1,476.9
awgn,15.0,9,ack-1f,w,2,2,0,ctl,ok,0,0,17.5,476.9
awgn,15.0,9,w48-64l-r1/2,w48,39,1,0,data,ok,38,38,13.9,476.9
awgn,15.0,9,ack-1f,w,2,2,0,ctl,ok,0,0,18.0,476.9
awgn,15.0,9,w48-64l-r1/2,w48,39,1,0,data,ok,38,38,13.9,476.9
awgn,15.0,9,ack-1f,w,2,2,0,ctl,ok,0,0,17.0,476.9
awgn,15.0,9,w48-64l-r1/2,w48,39,1,0,data,ok,38,38,13.8,476.9
awgn,15.0,11,qpsk-r1/5,w,1,1,0,ctl,ok,0,0,18.3,476.9
awgn,15.0,11,qpsk-r1/5,w,1,1,0,ctl,ok,0,0,18.2,476.9
awgn,15.0,11,ack-4f,w,3,3,0,ctl,ok,0,0,17.7,476.9
awgn,15.0,11,ack-1f,w,3,3,0,ctl,ok,0,0,17.4,476.9
awgn,15.0,11,w48-64l-r1/2,w48,39,2,1,data,ok,37,37,13.9,476.9
awgn,15.0,11,ack-1f,w,2,2,0,ctl,ok,0,0,18.1,476.9
awgn,15.0,11,w48-64l-r1/2,w48,39,1,0,data,ok,38,38,14.2,476.9
awgn,15.0,11,ack-1f,w,2,2,0,ctl,ok,0,0,17.4,476.9
awgn,15.0,11,w48-64l-r1/2,w48,39,1,0,data,ok,38,38,13.7,476.9
awgn,15.0,11,ack-1f,w,2,2,0,ctl,ok,0,0,19.3,476.9
awgn,15.0,11,w48-64l-r1/2,w48,39,1,0,data,ok,38,38,13.9,476.9
awgn,15.0,11,ack-1f,w,2,2,0,ctl,ok,0,0,18.2,476.9
awgn,15.0,11,w48-64l-r1/2,w48,39,1,0,data,ok,38,38,14.0,476.9
awgn,15.0,11,ack-1f,w,2,2,0,ctl,ok,0,0,17.0,476.9
awgn,15.0,11,w48-64l-r1/2,w48,39,1,0,data,ok,38,38,13.9,476.9
awgn,15.0,11,ack-1f,w,2,2,0,ctl,ok,0,0,18.7,476.9
awgn,15.0,11,w48-64l-r1/2,w48,39,1,0,data,ok,38,38,14.0,476.9
awgn,15.0,11,ack-1f,w,2,2,0,ctl,ok,0,0,16.9,476.9
awgn,15.0,11,w48-64l-r1/2,w48,39,1,0,data,ok,38,38,14.0,476.9
awgn,15.0,11,ack-1f,w,2,2,0,ctl,ok,0,0,17.8,476.9
awgn,15.0,11,w48-64l-r1/2,w48,39,1,0,data,ok,38,38,13.9,476.9
awgn,15.0,11,ack-1f,w,2,2,0,ctl,ok,0,0,18.0,476.9
awgn,15.0,11,w48-64l-r1/2,w48,39,1,0,data,ok,38,38,14.1,476.9
awgn,15.0,11,ack-1f,w,2,2,0,ctl,ok,0,0,17.7,476.9
awgn,15.0,11,w48-64l-r1/2,w48,39,1,0,data,ok,38,38,14.0,476.9
awgn,15.0,11,ack-1f,w,2,2,0,ctl,ok,0,0,18.1,476.9
awgn,15.0,11,w48-64l-r1/2,w48,39,1,0,data,ok,38,38,13.8,476.9
awgn,15.0,11,ack-1f,w,2,2,0,ctl,ok,0,0,19.2,476.9
awgn,15.0,11,w48-64l-r1/2,w48,39,1,0,data,ok,38,38,14.0,476.9
awgn,15.0,11,ack-1f,w,2,2,0,ctl,ok,0,0,18.0,476.9
awgn,15.0,11,w48-64l-r1/2,w48,39,1,0,data,ok,38,38,13.9,476.9
awgn,15.0,11,ack-1f,w,2,2,0,ctl,ok,0,0,18.3,476.9
awgn,15.0,11,w48-64l-r1/2,w48,39,1,0,data,ok,38,38,13.9,476.9
awgn,15.0,11,ack-1f,w,2,2,0,ctl,ok,0,0,18.2,476.9
awgn,15.0,11,w48-64l-r1/2,w48,39,1,0,data,ok,38,38,14.2,476.9
awgn,15.0,11,ack-1f,w,2,2,0,ctl,ok,0,0,18.4,476.9
awgn,15.0,11,w48-64l-r1/2,w48,39,1,0,data,ok,38,38,13.9,476.9
awgn,15.0,11,ack-1f,w,2,2,0,ctl,ok,0,0,18.5,476.9
awgn,15.0,11,w48-64l-r1/2,w48,39,1,0,data,ok,38,38,14.2,476.9
awgn,15.0,11,ack-1f,w,2,2,0,ctl,ok,0,0,18.5,476.9
awgn,15.0,11,w48-64l-r1/2,w48,39,1,0,data,ok,38,38,13.9,476.9
awgn,15.0,11,ack-1f,w,2,2,0,ctl,ok,0,0,18.2,476.9
awgn,15.0,11,w48-64l-r1/2,w48,39,1,0,data,ok,38,38,13.9,476.9
awgn,15.0,11,ack-1f,w,2,2,0,ctl,ok,0,0,18.8,476.9
awgn,15.0,11,w48-64l-r1/2,w48,39,1,0,data,ok,38,38,14.0,476.9
awgn,15.0,11,ack-1f,w,2,2,0,ctl,ok,0,0,18.1,476.9
awgn,15.0,11,w48-64l-r1/2,w48,39,1,0,data,ok,38,38,13.9,476.9
awgn,15.0,11,ack-1f,w,2,2,0,ctl,ok,0,0,17.6,476.9
awgn,15.0,11,w48-64l-r1/2,w48,39,1,0,data,ok,38,38,14.0,476.9
awgn,15.0,11,ack-1f,w,2,2,0,ctl,ok,0,0,19.4,476.9
awgn,15.0,11,w48-64l-r1/2,w48,39,1,0,data,ok,38,38,13.9,476.9
awgn,15.0,11,ack-1f,w,2,2,0,ctl,ok,0,0,17.9,476.9
awgn,15.0,11,w48-64l-r1/2,w48,39,1,0,data,ok,38,38,13.8,476.9
awgn,15.0,11,ack-1f,w,2,2,0,ctl,ok,0,0,18.3,476.9
awgn,15.0,11,w48-64l-r1/2,w48,39,1,0,data,ok,38,38,13.8,476.9
awgn,15.0,11,ack-1f,w,2,2,0,ctl,ok,0,0,17.4,476.9
awgn,15.0,11,w48-64l-r1/2,w48,39,1,0,data,ok,38,38,13.9,476.9
awgn,15.0,11,ack-1f,w,2,2,0,ctl,ok,0,0,18.2,476.9
awgn,15.0,11,w48-64l-r1/2,w48,39,1,0,data,ok,38,38,13.8,476.9
awgn,15.0,11,ack-1f,w,2,2,0,ctl,ok,0,0,18.0,476.9
awgn,15.0,11,w48-64l-r1/2,w48,39,1,0,data,ok,38,38,13.9,476.9
awgn,15.0,11,ack-1f,w,2,2,0,ctl,ok,0,0,18.3,476.9
awgn,15.0,11,w48-64l-r1/2,w48,39,1,0,data,ok,38,38,14.0,476.9
awgn,15.0,11,ack-1f,w,2,2,0,ctl,ok,0,0,18.0,476.9
awgn,15.0,11,w48-64l-r1/2,w48,39,1,0,data,ok,38,38,13.8,476.9
awgn,15.0,11,ack-1f,w,2,2,0,ctl,ok,0,0,18.7,476.9
awgn,15.0,11,w48-64l-r1/2,w48,39,1,0,data,ok,38,38,13.9,476.9
awgn,15.0,11,ack-1f,w,2,2,0,ctl,ok,0,0,17.3,476.9
awgn,15.0,11,w48-64l-r1/2,w48,39,1,0,data,ok,38,38,13.9,476.9
awgn,15.0,11,ack-1f,w,2,2,0,ctl,ok,0,0,18.0,476.9
awgn,15.0,11,w48-64l-r1/2,w48,39,1,0,data,ok,38,38,13.8,476.9
awgn,15.0,11,ack-1f,w,2,2,0,ctl,ok,0,0,18.0,476.9
awgn,15.0,11,w48-64l-r1/2,w48,39,1,0,data,ok,38,38,14.2,476.9
awgn,15.0,11,ack-1f,w,2,2,0,ctl,ok,0,0,17.9,476.9
awgn,15.0,11,w48-64l-r1/2,w48,39,1,0,data,ok,38,38,14.1,476.9
awgn,15.0,11,ack-1f,w,2,2,0,ctl,ok,0,0,18.8,476.9
awgn,15.0,11,w48-64l-r1/2,w48,39,1,0,data,ok,38,38,13.9,476.9
awgn,15.0,11,ack-1f,w,2,2,0,ctl,ok,0,0,18.5,476.9
awgn,15.0,11,w48-64l-r1/2,w48,39,1,0,data,ok,38,38,13.8,476.9
awgn,15.0,11,ack-1f,w,2,2,0,ctl,ok,0,0,18.0,476.9
awgn,15.0,11,w48-64l-r1/2,w48,39,1,0,data,ok,38,38,13.9,476.9
awgn,15.0,11,ack-1f,w,2,2,0,ctl,ok,0,0,17.7,476.9
awgn,15.0,11,w48-64l-r1/2,w48,39,1,0,data,ok,38,38,14.0,476.9
awgn,15.0,11,ack-1f,w,2,2,0,ctl,ok,0,0,17.8,476.9
awgn,15.0,11,w48-64l-r1/2,w48,39,1,0,data,ok,38,38,13.9,476.9
awgn,15.0,11,ack-1f,w,2,2,0,ctl,ok,0,0,18.3,476.9
awgn,15.0,11,w48-64l-r1/2,w48,39,1,0,data,ok,38,38,14.0,476.9
awgn,15.0,11,ack-1f,w,2,2,0,ctl,ok,0,0,18.5,476.9
awgn,15.0,11,w48-64l-r1/2,w48,39,1,0,data,ok,38,38,14.0,476.9
awgn,15.0,11,ack-1f,w,2,2,0,ctl,ok,0,0,18.5,476.9
awgn,15.0,11,w48-64l-r1/2,w48,39,1,0,data,ok,38,38,14.0,476.9
awgn,15.0,10,qpsk-r1/5,w,1,1,0,ctl,ok,0,0,17.7,476.9
awgn,15.0,10,qpsk-r1/5,w,1,1,0,ctl,ok,0,0,18.3,476.9
awgn,15.0,10,ack-4f,w,3,3,0,ctl,ok,0,0,17.8,476.9
awgn,15.0,10,ack-1f,w,3,3,0,ctl,ok,0,0,17.6,476.9
awgn,15.0,10,w48-64l-r1/2,w48,39,2,1,data,ok,37,37,13.8,476.9
awgn,15.0,10,ack-1f,w,2,2,0,ctl,ok,0,0,17.6,476.9
awgn,15.0,10,w48-64l-r1/2,w48,39,1,0,data,ok,38,38,14.1,476.9
awgn,15.0,10,ack-1f,w,2,2,0,ctl,ok,0,0,18.8,476.9
awgn,15.0,10,w48-64l-r1/2,w48,39,1,0,data,ok,38,38,13.8,476.9
awgn,15.0,10,ack-1f,w,2,2,0,ctl,ok,0,0,17.7,476.9
awgn,15.0,10,w48-64l-r1/2,w48,39,1,0,data,ok,38,38,13.8,476.9
awgn,15.0,10,ack-1f,w,2,2,0,ctl,ok,0,0,18.7,476.9
awgn,15.0,10,w48-64l-r1/2,w48,39,1,0,data,ok,38,38,14.2,476.9
awgn,15.0,10,ack-1f,w,2,2,0,ctl,ok,0,0,18.7,476.9
awgn,15.0,10,w48-64l-r1/2,w48,39,1,0,data,ok,38,38,13.8,476.9
awgn,15.0,10,ack-1f,w,2,2,0,ctl,ok,0,0,18.7,476.9
awgn,15.0,10,w48-64l-r1/2,w48,39,1,0,data,ok,38,38,13.7,476.9
awgn,15.0,10,ack-1f,w,2,2,0,ctl,ok,0,0,17.9,476.9
awgn,15.0,10,w48-64l-r1/2,w48,39,1,0,data,ok,38,38,14.0,476.9
awgn,15.0,10,ack-1f,w,2,2,0,ctl,ok,0,0,17.8,476.9
awgn,15.0,10,w48-64l-r1/2,w48,39,1,0,data,ok,38,38,14.0,476.9
awgn,15.0,10,ack-1f,w,2,2,0,ctl,ok,0,0,17.8,476.9
awgn,15.0,10,w48-64l-r1/2,w48,39,1,0,data,ok,38,38,13.7,476.9
awgn,15.0,10,ack-1f,w,2,2,0,ctl,ok,0,0,18.3,476.9
awgn,15.0,10,w48-64l-r1/2,w48,39,1,0,data,ok,38,38,14.1,476.9
awgn,15.0,10,ack-1f,w,2,2,0,ctl,ok,0,0,18.3,476.9
awgn,15.0,10,w48-64l-r1/2,w48,39,1,0,data,ok,38,38,13.9,476.9
awgn,15.0,10,ack-1f,w,2,2,0,ctl,ok,0,0,17.9,476.9
awgn,15.0,10,w48-64l-r1/2,w48,39,1,0,data,ok,38,38,14.0,476.9
awgn,15.0,10,ack-1f,w,2,2,0,ctl,ok,0,0,16.9,476.9
awgn,15.0,10,w48-64l-r1/2,w48,39,1,0,data,ok,38,38,14.0,476.9
awgn,15.0,10,ack-1f,w,2,2,0,ctl,ok,0,0,18.0,476.9
awgn,15.0,10,w48-64l-r1/2,w48,39,1,0,data,ok,38,38,14.0,476.9
awgn,15.0,10,ack-1f,w,2,2,0,ctl,ok,0,0,17.3,476.9
awgn,15.0,10,w48-64l-r1/2,w48,39,1,0,data,ok,38,38,13.6,476.9
awgn,15.0,10,ack-1f,w,2,2,0,ctl,ok,0,0,18.0,476.9
awgn,15.0,10,w48-64l-r1/2,w48,39,1,0,data,ok,38,38,14.2,476.9
awgn,15.0,10,ack-1f,w,2,2,0,ctl,ok,0,0,17.6,476.9
awgn,15.0,10,w48-64l-r1/2,w48,39,1,0,data,ok,38,38,14.0,476.9
awgn,15.0,10,ack-1f,w,2,2,0,ctl,ok,0,0,18.5,476.9
awgn,15.0,10,w48-64l-r1/2,w48,39,1,0,data,ok,38,38,13.5,476.9
awgn,15.0,10,ack-1f,w,2,2,0,ctl,ok,0,0,18.1,476.9
awgn,15.0,10,w48-64l-r1/2,w48,39,1,0,data,ok,38,38,13.8,476.9
awgn,15.0,10,ack-1f,w,2,2,0,ctl,ok,0,0,18.3,476.9
awgn,15.0,10,w48-64l-r1/2,w48,39,1,0,data,ok,38,38,13.8,476.9
awgn,15.0,10,ack-1f,w,2,2,0,ctl,ok,0,0,18.3,476.9
awgn,15.0,10,w48-64l-r1/2,w48,39,1,0,data,ok,38,38,13.9,476.9
awgn,15.0,10,ack-1f,w,2,2,0,ctl,ok,0,0,17.9,476.9
awgn,15.0,10,w48-64l-r1/2,w48,39,1,0,data,ok,38,38,14.0,476.9
awgn,15.0,10,ack-1f,w,2,2,0,ctl,ok,0,0,17.8,476.9
awgn,15.0,10,w48-64l-r1/2,w48,39,1,0,data,ok,38,38,13.9,476.9
awgn,15.0,10,ack-1f,w,2,2,0,ctl,ok,0,0,18.3,476.9
awgn,15.0,10,w48-64l-r1/2,w48,39,1,0,data,ok,38,38,14.1,476.9
awgn,15.0,10,ack-1f,w,2,2,0,ctl,ok,0,0,18.1,476.9
awgn,15.0,10,w48-64l-r1/2,w48,39,1,0,data,ok,38,38,14.1,476.9
awgn,15.0,10,ack-1f,w,2,2,0,ctl,ok,0,0,18.6,476.9
awgn,15.0,10,w48-64l-r1/2,w48,39,1,0,data,ok,38,38,14.1,476.9
awgn,15.0,10,ack-1f,w,2,2,0,ctl,ok,0,0,18.1,476.9
awgn,15.0,10,w48-64l-r1/2,w48,39,1,0,data,ok,38,38,13.6,476.9
awgn,15.0,10,ack-1f,w,2,2,0,ctl,ok,0,0,18.5,476.9
awgn,15.0,10,w48-64l-r1/2,w48,39,1,0,data,ok,38,38,14.1,476.9
awgn,15.0,10,ack-1f,w,2,2,0,ctl,ok,0,0,18.1,476.9
awgn,15.0,10,w48-64l-r1/2,w48,39,1,0,data,ok,38,38,14.1,476.9
awgn,15.0,10,ack-1f,w,2,2,0,ctl,ok,0,0,18.0,476.9
awgn,15.0,10,w48-64l-r1/2,w48,39,1,0,data,ok,38,38,13.9,476.9
awgn,15.0,10,ack-1f,w,2,2,0,ctl,ok,0,0,17.2,476.9
awgn,15.0,10,w48-64l-r1/2,w48,39,1,0,data,ok,38,38,13.9,476.9
awgn,15.0,10,ack-1f,w,2,2,0,ctl,ok,0,0,18.4,476.9
awgn,15.0,10,w48-64l-r1/2,w48,39,1,0,data,ok,38,38,14.2,476.9
awgn,15.0,10,ack-1f,w,2,2,0,ctl,ok,0,0,17.7,476.9
awgn,15.0,10,w48-64l-r1/2,w48,39,1,0,data,ok,38,38,13.9,476.9
awgn,15.0,10,ack-1f,w,2,2,0,ctl,ok,0,0,17.9,476.9
awgn,15.0,10,w48-64l-r1/2,w48,39,1,0,data,ok,38,38,14.1,476.9
awgn,15.0,10,ack-1f,w,2,2,0,ctl,ok,0,0,18.4,476.9
awgn,15.0,10,w48-64l-r1/2,w48,39,1,0,data,ok,38,38,14.1,476.9
awgn,15.0,10,ack-1f,w,2,2,0,ctl,ok,0,0,17.9,476.9
awgn,15.0,10,w48-64l-r1/2,w48,39,1,0,data,ok,38,38,13.9,476.9
awgn,15.0,10,ack-1f,w,2,2,0,ctl,ok,0,0,17.8,476.9
awgn,15.0,10,w48-64l-r1/2,w48,39,1,0,data,ok,38,38,14.0,476.9
awgn,15.0,10,ack-1f,w,2,2,0,ctl,ok,0,0,18.0,476.9
awgn,15.0,10,w48-64l-r1/2,w48,39,1,0,data,ok,38,38,13.9,476.9
awgn,15.0,10,ack-1f,w,2,2,0,ctl,ok,0,0,17.0,476.9
awgn,15.0,10,w48-64l-r1/2,w48,39,1,0,data,ok,38,38,14.0,476.9
awgn,15.0,10,ack-1f,w,2,2,0,ctl,ok,0,0,18.0,476.9
awgn,15.0,10,w48-64l-r1/2,w48,39,1,0,data,ok,38,38,13.9,476.9
awgn,15.0,10,ack-1f,w,2,2,0,ctl,ok,0,0,17.3,476.9
awgn,15.0,10,w48-64l-r1/2,w48,39,1,0,data,ok,38,38,13.8,476.9
awgn,15.0,10,ack-1f,w,2,2,0,ctl,ok,0,0,17.4,476.9
awgn,15.0,10,w48-64l-r1/2,w48,39,1,0,data,ok,38,38,14.0,476.9
awgn,15.0,10,ack-1f,w,2,2,0,ctl,ok,0,0,17.6,476.9
awgn,15.0,10,w48-64l-r1/2,w48,39,1,0,data,ok,38,38,13.7,476.9
mpp,-6.0,3,qpsk-r1/5,w,1,1,0,ctl,ctl_lost,0,0,-4.9,10.6
mpp,-6.0,3,n4-qpsk-r1/3,n4,1,1,0,ctl,ok,0,0,-3.5,10.6
mpp,-6.0,3,n4-qpsk-r1/3,n4,1,1,0,ctl,ok,0,0,-5.9,10.6
mpp,-6.0,3,ack-4f,w,3,3,0,ctl,ok,0,0,-5.1,10.6
mpp,-6.0,3,ack-4f,w,3,3,0,ctl,ok,0,0,-0.2,10.6
mpp,-6.0,3,fsk32r62-r1/2,c32r62,10,2,1,data,ok,8,8,-2.7,10.6
mpp,-6.0,3,ack-4f,w,3,3,0,ctl,ok,0,0,-4.9,10.6
mpp,-6.0,3,qpsk-r1/5,w,9,2,1,data,ok,7,0,-3.0,10.6
mpp,-6.0,3,n4-ack-8f,n4,3,3,0,ctl,ok,0,0,-0.2,10.6
mpp,-6.0,3,qpsk-r1/5,w,9,2,1,data,ok,0,0,-1.7,10.6
mpp,-6.0,3,ack-4f,w,3,3,0,ctl,ok,0,0,0.3,10.6
mpp,-6.0,3,qpsk-r1/5,w,9,2,1,data,ok,7,0,-2.6,10.6
mpp,-6.0,3,ack-4f,w,3,3,0,ctl,ok,0,0,0.5,10.6
mpp,-6.0,3,qpsk-r1/5,w,9,2,1,data,ok,0,0,-2.5,10.6
mpp,-6.0,3,ack-4f,w,3,3,0,ctl,ok,0,0,-3.5,10.6
mpp,-6.0,3,qpsk-r1/5,w,9,2,1,data,ok,7,6,-2.0,10.6
mpp,-6.0,3,ack-4f,w,3,3,0,ctl,ok,0,0,-4.2,10.6
mpp,-6.0,3,qpsk-r1/5,w,9,2,1,data,ok,6,6,-1.5,10.6
mpp,-6.0,3,n4-ack-8f,n4,2,2,0,ctl,ok,0,0,-4.5,10.6
mpp,-6.0,3,qpsk-r1/5,w,9,1,0,data,ctl_lost,8,5,-2.8,10.6
mpp,-6.0,3,ack-4f,w,3,3,0,ctl,ok,0,0,-0.9,10.6
mpp,-6.0,3,ack-4f,w,3,3,0,ctl,ok,0,0,-2.1,10.6
mpp,-6.0,3,qpsk-r1/5,w,9,2,1,data,ok,7,7,-2.0,10.6
mpp,-6.0,3,ack-4f,w,3,3,0,ctl,ok,0,0,-1.4,10.6
mpp,-6.0,3,qpsk-r1/5,w,9,2,1,data,ok,7,0,-4.0,10.6
mpp,-6.0,3,ack-4f,w,3,3,0,ctl,ok,0,0,-0.7,10.6
mpp,-6.0,3,qpsk-r1/5,w,9,2,1,data,ok,0,0,-1.0,10.6
mpp,-6.0,3,ack-4f,w,3,3,0,ctl,ok,0,0,-2.0,10.6
mpp,-6.0,3,qpsk-r1/5,w,9,2,1,data,ok,7,7,-2.2,10.6
mpp,-6.0,3,ack-4f,w,2,2,0,ctl,ok,0,0,-3.0,10.6
mpp,-6.0,3,qpsk-r1/5,w,9,1,0,data,ctl_lost,8,0,-3.4,10.6
mpp,-6.0,3,ack-4f,w,3,3,0,ctl,ok,0,0,-1.6,10.6
mpp,-6.0,3,ack-4f,w,3,3,,ctl,missed,0,0,,10.6
mpp,-6.0,3,ack-4f,w,3,3,0,ctl,ok,0,0,-4.4,10.6
mpp,-6.0,3,ack-4f,w,3,3,0,ctl,ok,0,0,-2.9,10.6
mpp,-6.0,3,fsk32r62-r1/2,c32r62,10,2,1,data,ok,8,8,-2.9,10.6
mpp,-6.0,3,ack-4f,w,2,2,0,ctl,ok,0,0,-7.2,10.6
mpp,-6.0,3,fsk32r62-r1/2,c32r62,9,1,0,data,ok,8,8,-3.1,10.6
mpp,-6.0,3,ack-4f,w,2,2,0,ctl,ok,0,0,-3.6,10.6
mpp,-6.0,3,fsk32r62-r1/2,c32r62,9,1,0,data,ok,8,8,-2.6,10.6
mpp,-6.0,3,ack-4f,w,2,2,0,ctl,ok,0,0,-0.0,10.6
mpp,-6.0,3,fsk32r62-r1/2,c32r62,9,1,0,data,ok,8,8,-2.4,10.6
mpp,-6.0,3,ack-4f,w,2,2,0,ctl,ok,0,0,-3.3,10.6
mpp,-6.0,3,fsk32r62-r1/2,c32r62,9,1,0,data,ok,8,8,-2.9,10.6
mpp,-6.0,3,ack-4f,w,2,2,0,ctl,ok,0,0,0.8,10.6
mpp,-6.0,3,fsk32r62-r1/2,c32r62,9,1,0,data,ctl_lost,8,8,-2.2,10.6
mpp,-6.0,3,ack-4f,w,3,3,0,ctl,ok,0,0,-4.9,10.6
mpp,-6.0,3,ack-4f,w,3,3,0,ctl,ok,0,0,-4.2,10.6
mpp,-6.0,3,fsk32r62-r1/2,c32r62,10,2,1,data,ok,8,8,-2.4,10.6
mpp,-6.0,3,ack-4f,w,2,2,0,ctl,ok,0,0,-7.6,10.6
mpp,-6.0,3,fsk32r62-r1/2,c32r62,9,1,0,data,ok,8,8,-2.3,10.6
mpp,-6.0,3,ack-4f,w,2,2,0,ctl,ok,0,0,-2.1,10.6
mpp,-6.0,3,fsk32r62-r1/2,c32r62,9,1,0,data,ctl_lost,8,8,-2.8,10.6
mpp,-6.0,3,ack-4f,w,3,3,0,ctl,ok,0,0,-2.1,10.6
mpp,-6.0,3,ack-4f,w,3,3,0,ctl,ok,0,0,-1.1,10.6
mpp,-6.0,3,qpsk-r1/5,w,9,2,1,data,ok,7,7,-1.7,10.6
mpp,-6.0,3,ack-4f,w,3,3,0,ctl,ok,0,0,-0.0,10.6
mpp,-6.0,3,qpsk-r1/5,w,9,2,1,data,ok,7,0,-3.5,10.6
mpp,-6.0,3,ack-4f,w,3,3,0,ctl,ok,0,0,-3.7,10.6
mpp,-6.0,3,qpsk-r1/5,w,9,2,1,data,ok,0,0,-3.0,10.6
mpp,-6.0,3,ack-4f,w,3,3,0,ctl,ok,0,0,-4.9,10.6
mpp,-6.0,3,qpsk-r1/5,w,9,2,1,data,ok,7,0,-2.7,10.6
mpp,-6.0,3,ack-4f,w,3,3,0,ctl,ok,0,0,-1.0,10.6
mpp,-6.0,3,qpsk-r1/5,w,9,2,1,data,ok,0,0,-4.0,10.6
mpp,-6.0,4,qpsk-r1/5,w,1,1,0,ctl,ok,0,0,1.7,9.8
mpp,-6.0,4,qpsk-r1/5,w,1,1,0,ctl,ok,0,0,-1.6,9.8
mpp,-6.0,4,ack-4f,w,3,3,0,ctl,ok,0,0,1.1,9.8
mpp,-6.0,4,n10-ack-4f,n10,2,2,0,ctl,ok,0,0,-3.5,9.8
mpp,-6.0,4,qpsk-r1/5,w,9,1,0,data,ctl_lost,8,6,-2.8,9.8
mpp,-6.0,4,ack-4f,w,3,3,0,ctl,ok,0,0,-3.5,9.8
mpp,-6.0,4,ack-4f,w,3,3,0,ctl,ok,0,0,-3.1,9.8
mpp,-6.0,4,qpsk-r1/5,w,9,2,1,data,ok,7,7,-1.9,9.8
mpp,-6.0,4,ack-4f,w,3,3,0,ctl,ok,0,0,-5.0,9.8
mpp,-6.0,4,qpsk-r1/5,w,9,2,1,data,ok,7,0,-3.8,9.8
mpp,-6.0,4,n4-ack-8f,n4,3,3,0,ctl,ok,0,0,-5.9,9.8
mpp,-6.0,4,qpsk-r1/5,w,9,2,1,data,ok,0,0,-1.4,9.8
mpp,-6.0,4,ack-4f,w,3,3,0,ctl,ok,0,0,-1.1,9.8
mpp,-6.0,4,qpsk-r1/5,w,9,2,1,data,ok,7,0,-3.6,9.8
mpp,-6.0,4,ack-4f,w,3,3,0,ctl,ok,0,0,0.9,9.8
mpp,-6.0,4,qpsk-r1/5,w,9,2,1,data,ok,0,0,-2.7,9.8
mpp,-6.0,4,ack-4f,w,3,3,0,ctl,ok,0,0,-0.5,9.8
mpp,-6.0,4,qpsk-r1/5,w,9,2,1,data,ok,7,0,-4.3,9.8
mpp,-6.0,4,ack-4f,w,3,3,0,ctl,ok,0,0,-1.2,9.8
mpp,-6.0,4,qpsk-r1/5,w,9,2,1,data,ok,0,0,-2.8,9.8
mpp,-6.0,4,ack-4f,w,3,3,0,ctl,ok,0,0,-2.1,9.8
mpp,-6.0,4,qpsk-r1/5,w,9,2,1,data,ok,7,1,-3.2,9.8
mpp,-6.0,4,ack-4f,w,3,3,0,ctl,ok,0,0,-1.0,9.8
mpp,-6.0,4,fsk32r62-r1/2,c32r62,10,2,1,data,ok,8,8,-2.8,9.8
mpp,-6.0,4,ack-4f,w,2,2,0,ctl,ok,0,0,0.0,9.8
mpp,-6.0,4,fsk32r62-r1/2,c32r62,9,1,0,data,ok,8,8,-2.9,9.8
mpp,-6.0,4,ack-4f,w,2,2,,ctl,missed,0,0,,9.8
mpp,-6.0,4,ack-4f,w,3,3,0,ctl,ok,0,0,-4.6,9.8
mpp,-6.0,4,ack-4f,w,3,3,0,ctl,ok,0,0,-1.3,9.8
mpp,-6.0,4,fsk32r62-r1/2,c32r62,10,2,1,data,ok,8,8,-2.1,9.8
mpp,-6.0,4,ack-4f,w,3,3,0,ctl,ok,0,0,-5.4,9.8
mpp,-6.0,4,qpsk-r1/3,w,9,2,1,data,ok,7,0,-3.0,9.8
mpp,-6.0,4,ack-4f,w,3,3,0,ctl,ok,0,0,-0.2,9.8
mpp,-6.0,4,fsk32r62-r1/2,c32r62,10,2,1,data,ok,8,8,-2.8,9.8
mpp,-6.0,4,ack-4f,w,2,2,0,ctl,ctl_lost,0,0,-6.4,9.8
mpp,-6.0,4,ack-4f,w,4,4,0,ctl,ok,0,0,0.2,9.8
mpp,-6.0,4,ack-4f,w,3,3,0,ctl,ok,0,0,-4.8,9.8
mpp,-6.0,4,qpsk-r1/3,w,9,2,,data,missed,0,0,,9.8
mpp,-6.0,4,ack-4f,w,3,3,0,ctl,ok,0,0,-1.1,9.8
mpp,-6.0,4,ack-4f,w,3,3,0,ctl,ok,0,0,-0.3,9.8
mpp,-6.0,4,qpsk-r1/5,w,9,2,1,data,ctl_lost,7,0,-4.3,9.8
mpp,-6.0,4,ack-4f,w,4,4,0,ctl,ok,0,0,-2.2,9.8
mpp,-6.0,4,ack-4f,w,3,3,0,ctl,ok,0,0,-1.5,9.8
mpp,-6.0,4,fsk32r62-r1/2,c32r62,10,2,1,data,ok,8,8,-2.4,9.8
mpp,-6.0,4,ack-4f,w,3,3,0,ctl,ok,0,0,-5.1,9.8
mpp,-6.0,4,qpsk-r1/3,w,9,2,1,data,ok,7,0,-3.3,9.8
mpp,-6.0,4,n10-ack-4f,n10,3,3,0,ctl,ok,0,0,-4.5,9.8
mpp,-6.0,4,fsk32r62-r1/2,c32r62,10,2,1,data,ok,8,7,-3.3,9.8
mpp,-6.0,4,ack-4f,w,3,3,0,ctl,ok,0,0,-1.4,9.8
mpp,-6.0,4,fsk32r62-r1/2,c32r62,9,1,0,data,ok,7,7,-2.6,9.8
mpp,-6.0,4,ack-4f,w,3,3,0,ctl,ok,0,0,-0.7,9.8
mpp,-6.0,4,qpsk-r1/3,w,9,2,1,data,ok,7,0,-2.4,9.8
mpp,-6.0,4,ack-4f,w,2,2,0,ctl,ok,0,0,-0.2,9.8
mpp,-6.0,4,fsk32r62-r1/2,c32r62,9,1,0,data,ok,8,8,-2.5,9.8
mpp,-6.0,4,ack-4f,w,2,2,0,ctl,ok,0,0,-2.6,9.8
mpp,-6.0,4,fsk32r62-r1/2,c32r62,9,1,0,data,ok,8,8,-2.9,9.8
mpp,-6.0,4,n10-ack-4f,n10,2,2,0,ctl,ok,0,0,0.6,9.8
mpp,-6.0,4,fsk32r62-r1/2,c32r62,9,1,0,data,ok,8,8,-1.9,9.8
mpp,-6.0,4,ack-4f,w,3,3,0,ctl,ok,0,0,-2.3,9.8
mpp,-6.0,4,qpsk-r1/3,w,9,2,1,data,ok,7,0,-1.9,9.8
mpp,-6.0,4,n10-ack-4f,n10,2,2,0,ctl,ok,0,0,-5.4,9.8
mpp,-6.0,4,fsk32r62-r1/2,c32r62,9,1,0,data,ok,8,8,-2.1,9.8
mpp,-6.0,1,qpsk-r1/5,w,1,1,0,ctl,ok,0,0,-1.1,9.8
mpp,-6.0,1,qpsk-r1/5,w,1,1,0,ctl,ok,0,0,-2.1,9.8
mpp,-6.0,1,ack-4f,w,3,3,0,ctl,ok,0,0,-4.2,9.8
mpp,-6.0,1,n10-ack-4f,n10,3,3,0,ctl,ok,0,0,-6.3,9.8
mpp,-6.0,1,qpsk-r1/5,w,9,2,1,data,ok,7,0,-3.3,9.8
mpp,-6.0,1,ack-4f,w,3,3,0,ctl,ok,0,0,-3.5,9.8
mpp,-6.0,1,qpsk-r1/5,w,9,2,1,data,ok,0,0,-2.3,9.8
mpp,-6.0,1,n10-ack-4f,n10,3,3,0,ctl,ok,0,0,-3.2,9.8
mpp,-6.0,1,qpsk-r1/5,w,9,2,1,data,ok,7,1,-3.1,9.8
mpp,-6.0,1,ack-4f,w,3,3,0,ctl,ok,0,0,-4.9,9.8
mpp,-6.0,1,qpsk-r1/5,w,9,2,1,data,ok,1,0,-3.9,9.8
mpp,-6.0,1,n10-ack-4f,n10,3,3,,ctl,missed,0,0,,9.8
mpp,-6.0,1,ack-4f,w,3,3,0,ctl,ok,0,0,-3.1,9.8
mpp,-6.0,1,ack-4f,w,3,3,0,ctl,ok,0,0,-3.6,9.8
mpp,-6.0,1,qpsk-r1/5,w,9,2,1,data,ok,7,0,-4.1,9.8
mpp,-6.0,1,n4-ack-8f,n4,3,3,0,ctl,ok,0,0,-3.5,9.8
mpp,-6.0,1,qpsk-r1/5,w,9,2,1,data,ok,1,1,-2.4,9.8
mpp,-6.0,1,ack-4f,w,2,2,0,ctl,ok,0,0,-3.9,9.8
mpp,-6.0,1,qpsk-r1/5,w,9,1,0,data,ctl_lost,8,0,-4.4,9.8
mpp,-6.0,1,ack-4f,w,3,3,,ctl,missed,0,0,,9.8
mpp,-6.0,1,ack-4f,w,3,3,0,ctl,ok,0,0,-3.5,9.8
mpp,-6.0,1,ack-4f,w,3,3,0,ctl,ok,0,0,-5.0,9.8
mpp,-6.0,1,fsk32r62-r1/2,c32r62,10,2,1,data,ok,8,8,-2.8,9.8
mpp,-6.0,1,n4-ack-8f,n4,2,2,0,ctl,ok,0,0,-4.0,9.8
mpp,-6.0,1,fsk32r62-r1/2,c32r62,9,1,0,data,ok,8,7,-3.0,9.8
mpp,-6.0,1,ack-4f,w,3,3,0,ctl,ok,0,0,-5.0,9.8
mpp,-6.0,1,fsk32r62-r1/2,c32r62,9,1,0,data,ok,7,7,-2.2,9.8
mpp,-6.0,1,n10-ack-4f,n10,3,3,0,ctl,ok,0,0,0.1,9.8
mpp,-6.0,1,qpsk-r1/3,w,9,2,1,data,ok,7,0,-3.0,9.8
mpp,-6.0,1,ack-1f,w,3,3,0,ctl,ctl_lost,0,0,-1.9,9.8
mpp,-6.0,1,ack-4f,w,3,3,0,ctl,ok,0,0,-4.9,9.8
mpp,-6.0,1,ack-4f,w,3,3,0,ctl,ok,0,0,-3.7,9.8
mpp,-6.0,1,fsk32r62-r1/2,c32r62,10,2,1,data,ok,8,8,-3.5,9.8
mpp,-6.0,1,n10-ack-4f,n10,2,2,0,ctl,ok,0,0,-1.3,9.8
mpp,-6.0,1,fsk32r62-r1/2,c32r62,9,1,0,data,ctl_lost,8,8,-2.7,9.8
mpp,-6.0,1,ack-4f,w,3,3,0,ctl,ok,0,0,-0.0,9.8
mpp,-6.0,1,ack-4f,w,3,3,0,ctl,ok,0,0,0.2,9.8
mpp,-6.0,1,qpsk-r1/5,w,9,2,1,data,ok,7,4,-3.2,9.8
mpp,-6.0,1,ack-4f,w,3,3,,ctl,missed,0,0,,9.8
mpp,-6.0,1,ack-4f,w,4,4,0,ctl,ok,0,0,-0.9,9.8
mpp,-6.0,1,ack-4f,w,3,3,0,ctl,ok,0,0,-0.1,9.8
mpp,-6.0,1,qpsk-r1/5,w,9,2,,data,missed,0,0,,9.8
mpp,-6.0,1,ack-4f,w,3,3,0,ctl,ok,0,0,-5.2,9.8
mpp,-6.0,1,ack-4f,w,3,3,0,ctl,ok,0,0,-3.0,9.8
mpp,-6.0,1,qpsk-r1/5,w,9,2,1,data,ok,7,2,-1.4,9.8
mpp,-6.0,1,ack-4f,w,3,3,0,ctl,ok,0,0,-3.2,9.8
mpp,-6.0,1,qpsk-r1/5,w,9,2,1,data,ok,4,0,-3.7,9.8
mpp,-6.0,1,n10-ack-4f,n10,3,3,0,ctl,ok,0,0,-4.5,9.8
mpp,-6.0,1,qpsk-r1/5,w,9,2,1,data,ok,3,0,-3.6,9.8
mpp,-6.0,1,ack-4f,w,3,3,0,ctl,ok,0,0,-0.9,9.8
mpp,-6.0,1,qpsk-r1/5,w,9,2,1,data,ok,5,0,-3.2,9.8
mpp,-6.0,1,ack-4f,w,3,3,0,ctl,ok,0,0,-1.9,9.8
mpp,-6.0,1,qpsk-r1/3,w,9,2,1,data,ok,7,0,-3.5,9.8
mpp,-6.0,1,ack-4f,w,3,3,0,ctl,ok,0,0,-4.4,9.8
mpp,-6.0,1,qpsk-r1/3,w,9,2,1,data,ok,0,0,-3.4,9.8
mpp,-6.0,1,n10-ack-4f,n10,3,3,0,ctl,ok,0,0,-3.4,9.8
mpp,-6.0,1,qpsk-r1/5,w,9,2,1,data,ok,7,3,-1.7,9.8
mpp,-6.0,1,ack-4f,w,3,3,0,ctl,ok,0,0,-1.8,9.8
mpp,-6.0,1,qpsk-r1/5,w,9,1,0,data,ok,5,5,-2.7,9.8
mpp,-6.0,1,ack-4f,w,2,2,0,ctl,ok,0,0,-2.0,9.8
mpp,-6.0,1,qpsk-r1/5,w,9,1,0,data,ok,8,8,-3.0,9.8
mpp,-6.0,1,ack-4f,w,2,2,0,ctl,ok,0,0,-1.4,9.8
mpp,-6.0,1,qpsk-r1/5,w,9,1,0,data,ctl_lost,8,0,-3.7,9.8
mpp,-6.0,1,ack-4f,w,3,3,0,ctl,ok,0,0,-2.4,9.8
mpp,-6.0,1,ack-4f,w,3,3,0,ctl,ok,0,0,-5.8,9.8
mpp,-6.0,1,qpsk-r1/5,w,9,2,1,data,ok,7,0,-3.7,9.8
mpp,-6.0,1,n10-ack-4f,n10,3,3,0,ctl,ok,0,0,-1.0,9.8
mpp,-6.0,1,qpsk-r1/5,w,9,2,1,data,ok,0,0,-2.1,9.8
mpp,-6.0,1,ack-4f,w,3,3,0,ctl,ok,0,0,-6.5,9.8
mpp,-6.0,1,qpsk-r1/5,w,9,2,1,data,ok,7,4,-2.3,9.8
mpp,-6.0,1,ack-4f,w,3,3,,ctl,missed,0,0,,9.8
mpp,-6.0,1,ack-4f,w,3,3,,ctl,missed,0,0,,9.8
mpp,-6.0,1,ack-4f,w,3,3,0,ctl,ok,0,0,-0.1,9.8
mpp,-6.0,1,ack-4f,w,3,3,0,ctl,ok,0,0,-2.0,9.8
mpp,-6.0,1,qpsk-r1/5,w,9,1,0,data,ctl_lost,8,0,-3.6,9.8
mpp,-6.0,1,ack-4f,w,3,3,0,ctl,ok,0,0,-0.6,9.8
mpp,-6.0,1,ack-4f,w,3,3,0,ctl,ok,0,0,-1.6,9.8
mpp,-6.0,1,qpsk-r1/5,w,9,2,1,data,ok,7,0,-2.3,9.8
mpp,-6.0,1,ack-4f,w,3,3,0,ctl,ctl_lost,0,0,-8.8,9.8
mpp,-6.0,1,ack-4f,w,3,3,0,ctl,ok,0,0,-3.7,9.8
mpp,-6.0,1,ack-4f,w,3,3,0,ctl,ok,0,0,-3.3,9.8
mpp,-6.0,1,qpsk-r1/5,w,9,2,1,data,ok,7,0,-3.7,9.8
mpp,-6.0,1,n10-ack-4f,n10,3,3,0,ctl,ok,0,0,-5.4,9.8
mpp,-6.0,0,qpsk-r1/5,w,1,1,0,ctl,ok,0,0,-0.5,10.6
mpp,-6.0,0,qpsk-r1/5,w,1,1,0,ctl,ctl_lost,0,0,-3.3,10.6
mpp,-6.0,0,n4-qpsk-r1/3,n4,1,1,,ctl,missed,0,0,,10.6
mpp,-6.0,0,n4-qpsk-r1/3,n4,1,1,0,ctl,ok,0,0,-3.7,10.6
mpp,-6.0,0,n4-qpsk-r1/3,n4,1,1,0,ctl,ok,0,0,-2.5,10.6
mpp,-6.0,0,ack-4f,w,3,3,0,ctl,ok,0,0,-5.0,10.6
mpp,-6.0,0,ack-4f,w,3,3,0,ctl,ok,0,0,-3.7,10.6
mpp,-6.0,0,qpsk-r1/5,w,9,2,1,data,ok,7,3,-2.0,10.6
mpp,-6.0,0,n10-ack-4f,n10,3,3,0,ctl,ok,0,0,-4.4,10.6
mpp,-6.0,0,qpsk-r1/5,w,9,2,1,data,ok,3,3,-1.9,10.6
mpp,-6.0,0,ack-4f,w,3,3,0,ctl,ok,0,0,-1.7,10.6
mpp,-6.0,0,qpsk-r1/5,w,9,2,1,data,ok,7,0,-4.3,10.6
mpp,-6.0,0,ack-4f,w,3,3,0,ctl,ok,0,0,-3.8,10.6
mpp,-6.0,0,qpsk-r1/5,w,9,2,1,data,ok,0,0,-5.9,10.6
mpp,-6.0,0,ack-4f,w,3,3,0,ctl,ok,0,0,-2.7,10.6
mpp,-6.0,0,qpsk-r1/5,w,9,2,1,data,ok,7,4,-2.7,10.6
mpp,-6.0,0,n10-ack-4f,n10,3,3,0,ctl,ok,0,0,-3.7,10.6
mpp,-6.0,0,qpsk-r1/5,w,9,2,1,data,ok,4,2,-2.9,10.6
mpp,-6.0,0,ack-4f,w,3,3,0,ctl,ok,0,0,-1.7,10.6
mpp,-6.0,0,qpsk-r1/5,w,9,2,1,data,ok,5,5,-2.2,10.6
mpp,-6.0,0,ack-4f,w,2,2,0,ctl,ok,0,0,-4.2,10.6
mpp,-6.0,0,qpsk-r1/5,w,9,1,0,data,ok,8,8,-2.0,10.6
mpp,-6.0,0,ack-4f,w,2,2,0,ctl,ok,0,0,-4.5,10.6
mpp,-6.0,0,qpsk-r1/5,w,9,1,,data,missed,0,0,,10.6
mpp,-6.0,0,ack-4f,w,3,3,0,ctl,ok,0,0,-5.4,10.6
mpp,-6.0,0,ack-4f,w,3,3,0,ctl,ok,0,0,-4.3,10.6
mpp,-6.0,0,qpsk-r1/5,w,9,2,,data,missed,0,0,,10.6
mpp,-6.0,0,ack-4f,w,3,3,0,ctl,ok,0,0,-5.4,10.6
mpp,-6.0,0,ack-4f,w,3,3,0,ctl,ctl_lost,0,0,-9.7,10.6
mpp,-6.0,0,ack-4f,w,3,3,0,ctl,ok,0,0,-5.9,10.6
mpp,-6.0,0,ack-4f,w,3,3,0,ctl,ok,0,0,-3.1,10.6
mpp,-6.0,0,qpsk-r1/5,w,9,2,1,data,ok,7,3,-3.6,10.6
mpp,-6.0,0,n4-ack-8f,n4,3,3,,ctl,missed,0,0,,10.6
mpp,-6.0,0,ack-4f,w,3,3,0,ctl,ok,0,0,-1.4,10.6
mpp,-6.0,0,ack-4f,w,3,3,,ctl,missed,0,0,,10.6
mpp,-6.0,0,ack-4f,w,3,3,0,ctl,ok,0,0,-1.0,10.6
mpp,-6.0,0,ack-4f,w,3,3,0,ctl,ok,0,0,-5.1,10.6
mpp,-6.0,0,qpsk-r1/5,w,9,1,0,data,ok,8,8,-2.7,10.6
mpp,-6.0,0,n10-ack-4f,n10,2,2,0,ctl,ok,0,0,-1.1,10.6
mpp,-6.0,0,qpsk-r1/5,w,9,1,0,data,ctl_lost,8,0,-5.6,10.6
mpp,-6.0,0,ack-4f,w,3,3,0,ctl,ok,0,0,-7.3,10.6
mpp,-6.0,0,ack-4f,w,3,3,0,ctl,ok,0,0,-5.3,10.6
mpp,-6.0,0,qpsk-r1/5,w,9,2,1,data,ok,7,7,-2.1,10.6
mpp,-6.0,0,ack-4f,w,3,3,0,ctl,ok,0,0,-2.6,10.6
mpp,-6.0,0,qpsk-r1/5,w,9,2,1,data,ok,7,7,-1.8,10.6
mpp,-6.0,0,n10-ack-4f,n10,2,2,0,ctl,ok,0,0,-0.2,10.6
mpp,-6.0,0,qpsk-r1/5,w,9,1,0,data,ctl_lost,8,0,-4.1,10.6
mpp,-6.0,0,ack-4f,w,3,3,0,ctl,ok,0,0,-2.9,10.6
mpp,-6.0,0,ack-4f,w,3,3,0,ctl,ok,0,0,-4.8,10.6
mpp,-6.0,0,qpsk-r1/5,w,9,2,1,data,ok,7,0,-3.9,10.6
mpp,-6.0,0,ack-4f,w,3,3,0,ctl,ok,0,0,-3.2,10.6
mpp,-6.0,0,qpsk-r1/5,w,9,2,1,data,ok,0,0,-2.7,10.6
mpp,-6.0,0,n10-ack-4f,n10,3,3,0,ctl,ok,0,0,-4.8,10.6
mpp,-6.0,0,qpsk-r1/5,w,9,2,1,data,ok,7,7,-1.9,10.6
mpp,-6.0,0,ack-4f,w,3,3,0,ctl,ok,0,0,-1.8,10.6
mpp,-6.0,0,qpsk-r1/5,w,9,2,1,data,ok,7,2,-3.2,10.6
mpp,-6.0,0,ack-4f,w,3,3,0,ctl,ok,0,0,-1.9,10.6
mpp,-6.0,0,qpsk-r1/5,w,9,1,0,data,ok,3,2,-2.7,10.6
mpp,-6.0,0,ack-4f,w,2,2,0,ctl,ok,0,0,-2.7,10.6
mpp,-6.0,0,qpsk-r1/5,w,9,1,0,data,ctl_lost,8,2,-3.4,10.6
mpp,-6.0,0,ack-4f,w,3,3,0,ctl,ok,0,0,-3.3,10.6
mpp,-6.0,0,ack-4f,w,3,3,0,ctl,ctl_lost,0,0,-4.6,10.6
mpp,-6.0,0,ack-4f,w,2,2,0,ctl,ok,0,0,-3.1,10.6
mpp,-6.0,0,ack-4f,w,3,3,0,ctl,ok,0,0,-4.1,10.6
mpp,-6.0,0,qpsk-r1/5,w,9,2,1,data,ok,7,1,-2.8,10.6
mpp,-6.0,0,n10-ack-4f,n10,3,3,0,ctl,ok,0,0,-3.5,10.6
mpp,-6.0,0,qpsk-r1/5,w,9,2,1,data,ok,1,0,-1.2,10.6
mpp,-6.0,0,n10-ack-4f,n10,2,2,0,ctl,ok,0,0,-5.2,10.6
mpp,-6.0,0,qpsk-r1/5,w,9,1,0,data,ok,8,8,-2.8,10.6
mpp,-6.0,0,ack-4f,w,2,2,0,ctl,ok,0,0,-2.5,10.6
mpp,-6.0,0,qpsk-r1/5,w,9,1,0,data,ok,8,8,-2.1,10.6
mpp,-6.0,0,n10-ack-4f,n10,2,2,0,ctl,ok,0,0,-8.5,10.6
mpp,-6.0,0,qpsk-r1/5,w,9,1,0,data,ctl_lost,8,7,-2.7,10.6
mpp,-6.0,0,ack-4f,w,3,3,0,ctl,ok,0,0,-3.2,10.6
mpp,-6.0,0,ack-4f,w,3,3,0,ctl,ok,0,0,-2.0,10.6
mpp,-6.0,0,qpsk-r1/5,w,9,2,,data,missed,0,0,,10.6
mpp,-6.0,0,ack-4f,w,3,3,0,ctl,ok,0,0,-4.8,10.6
mpp,-6.0,0,ack-4f,w,3,3,0,ctl,ok,0,0,-3.0,10.6
mpp,-6.0,0,qpsk-r1/5,w,9,2,1,data,ok,7,7,-2.5,10.6
mpp,-6.0,0,n10-ack-4f,n10,3,3,0,ctl,ok,0,0,-4.3,10.6
mpp,-6.0,0,qpsk-r1/5,w,9,2,1,data,ok,7,2,-3.6,10.6
mpp,-6.0,0,n10-ack-4f,n10,3,3,0,ctl,ok,0,0,-5.1,10.6
mpp,-6.0,0,qpsk-r1/5,w,9,2,1,data,ok,2,2,-1.9,10.6
mpp,-6.0,0,n10-ack-4f,n10,2,2,0,ctl,ok,0,0,-6.6,10.6
mpp,-6.0,0,qpsk-r1/5,w,9,1,0,data,ok,8,5,-1.3,10.6
mpp,-6.0,0,ack-4f,w,3,3,0,ctl,ok,0,0,-1.2,10.6
mpp,-6.0,0,qpsk-r1/5,w,9,1,0,data,ctl_lost,5,2,-2.3,10.6
mpp,-6.0,0,ack-4f,w,3,3,0,ctl,ok,0,0,-2.6,10.6
mpp,-6.0,0,ack-4f,w,3,3,0,ctl,ok,0,0,-2.6,10.6
mpp,-6.0,0,qpsk-r1/5,w,9,2,1,data,ok,4,4,-0.9,10.6
mpp,-6.0,0,n10-ack-4f,n10,3,3,0,ctl,ok,0,0,-4.4,10.6
mpp,-6.0,0,qpsk-r1/5,w,9,2,1,data,ok,7,1,-3.3,10.6
mpp,-6.0,0,ack-4f,w,3,3,,ctl,missed,0,0,,10.6
mpp,-6.0,0,ack-4f,w,3,3,0,ctl,ok,0,0,-2.1,10.6
mpp,-6.0,0,ack-4f,w,3,3,0,ctl,ok,0,0,-7.2,10.6
mpp,-6.0,0,qpsk-r1/5,w,9,2,1,data,ok,7,7,-2.5,10.6
mpp,-6.0,2,qpsk-r1/5,w,1,1,0,ctl,ok,0,0,-3.5,10.2
mpp,-6.0,2,qpsk-r1/5,w,1,1,0,ctl,ok,0,0,-1.3,10.2
mpp,-6.0,2,ack-4f,w,3,3,0,ctl,ok,0,0,-9.0,10.2
mpp,-6.0,2,n10-ack-4f,n10,3,3,,ctl,missed,0,0,,10.2
mpp,-6.0,2,ack-4f,w,3,3,0,ctl,ok,0,0,-0.4,10.2
mpp,-6.0,2,ack-4f,w,3,3,0,ctl,ok,0,0,-2.5,10.2
mpp,-6.0,2,qpsk-r1/5,w,9,2,1,data,ok,7,1,-3.8,10.2
mpp,-6.0,2,n10-ack-4f,n10,3,3,0,ctl,ok,0,0,-2.2,10.2
mpp,-6.0,2,qpsk-r1/5,w,9,2,1,data,ok,1,0,-2.7,10.2
mpp,-6.0,2,ack-4f,w,3,3,,ctl,missed,0,0,,10.2
mpp,-6.0,2,ack-4f,w,3,3,0,ctl,ok,0,0,-11.0,10.2
mpp,-6.0,2,ack-4f,w,3,3,0,ctl,ok,0,0,-3.0,10.2
mpp,-6.0,2,qpsk-r1/5,w,9,2,,data,missed,0,0,,10.2
mpp,-6.0,2,ack-4f,w,3,3,0,ctl,ok,0,0,-3.3,10.2
mpp,-6.0,2,ack-4f,w,3,3,0,ctl,ok,0,0,-1.6,10.2
mpp,-6.0,2,qpsk-r1/5,w,9,2,1,data,ok,7,7,-2.4,10.2
mpp,-6.0,2,n10-ack-4f,n10,3,3,0,ctl,ok,0,0,-0.4,10.2
mpp,-6.0,2,qpsk-r1/5,w,9,2,1,data,ok,7,7,-1.9,10.2
mpp,-6.0,2,ack-4f,w,2,2,0,ctl,ok,0,0,-1.1,10.2
mpp,-6.0,2,qpsk-r1/5,w,9,1,0,data,ok,8,8,-1.4,10.2
mpp,-6.0,2,ack-4f,w,2,2,0,ctl,ok,0,0,1.0,10.2
mpp,-6.0,2,qpsk-r1/5,w,9,1,0,data,ctl_lost,8,0,-4.5,10.2
mpp,-6.0,2,ack-4f,w,3,3,0,ctl,ok,0,0,-4.6,10.2
mpp,-6.0,2,ack-4f,w,3,3,0,ctl,ok,0,0,-1.2,10.2
mpp,-6.0,2,qpsk-r1/5,w,9,2,1,data,ok,7,1,-3.4,10.2
mpp,-6.0,2,ack-4f,w,3,3,0,ctl,ok,0,0,-2.0,10.2
mpp,-6.0,2,qpsk-r1/5,w,9,2,1,data,ok,1,0,-4.2,10.2
mpp,-6.0,2,n10-ack-4f,n10,3,3,0,ctl,ok,0,0,-5.0,10.2
mpp,-6.0,2,qpsk-r1/5,w,9,2,1,data,ok,6,0,-3.2,10.2
mpp,-6.0,2,ack-4f,w,3,3,0,ctl,ok,0,0,-3.1,10.2
mpp,-6.0,2,qpsk-r1/5,w,9,2,1,data,ok,1,1,-0.8,10.2
mpp,-6.0,2,n10-ack-4f,n10,2,2,0,ctl,ok,0,0,-1.8,10.2
mpp,-6.0,2,qpsk-r1/5,w,9,1,0,data,ctl_lost,8,0,-3.0,10.2
mpp,-6.0,2,ack-4f,w,3,3,0,ctl,ok,0,0,-2.3,10.2
mpp,-6.0,2,ack-4f,w,3,3,0,ctl,ok,0,0,-4.4,10.2
mpp,-6.0,2,qpsk-r1/5,w,9,2,1,data,ok,7,2,-2.5,10.2
mpp,-6.0,2,ack-4f,w,3,3,0,ctl,ok,0,0,-1.1,10.2
mpp,-6.0,2,qpsk-r1/5,w,9,2,,data,missed,0,0,,10.2
mpp,-6.0,2,ack-4f,w,3,3,0,ctl,ok,0,0,-1.4,10.2
mpp,-6.0,2,ack-4f,w,3,3,,ctl,missed,0,0,,10.2
mpp,-6.0,2,ack-4f,w,3,3,0,ctl,ok,0,0,-5.1,10.2
mpp,-6.0,2,ack-4f,w,3,3,,ctl,missed,0,0,,10.2
mpp,-6.0,2,ack-4f,w,3,3,0,ctl,ok,0,0,-4.0,10.2
mpp,-6.0,2,ack-4f,w,3,3,0,ctl,ok,0,0,-2.1,10.2
mpp,-6.0,2,qpsk-r1/5,w,9,2,1,data,ok,2,2,-2.3,10.2
mpp,-6.0,2,ack-4f,w,3,3,0,ctl,ok,0,0,-3.2,10.2
mpp,-6.0,2,qpsk-r1/5,w,9,2,1,data,ok,7,0,-2.5,10.2
mpp,-6.0,2,n10-ack-4f,n10,3,3,0,ctl,ok,0,0,-1.4,10.2
mpp,-6.0,2,qpsk-r1/5,w,9,2,1,data,ok,0,0,-1.7,10.2
mpp,-6.0,2,ack-4f,w,2,2,0,ctl,ok,0,0,-8.8,10.2
mpp,-6.0,2,qpsk-r1/5,w,9,1,0,data,ctl_lost,8,0,-3.9,10.2
mpp,-6.0,2,ack-4f,w,3,3,0,ctl,ok,0,0,0.5,10.2
mpp,-6.0,2,ack-4f,w,3,3,0,ctl,ok,0,0,-4.8,10.2
mpp,-6.0,2,qpsk-r1/5,w,9,2,1,data,ok,7,4,-2.8,10.2
mpp,-6.0,2,n10-ack-4f,n10,3,3,,ctl,missed,0,0,,10.2
mpp,-6.0,2,ack-4f,w,3,3,0,ctl,ok,0,0,-2.9,10.2
mpp,-6.0,2,ack-4f,w,3,3,0,ctl,ok,0,0,0.5,10.2
mpp,-6.0,2,qpsk-r1/5,w,9,2,1,data,ok,7,7,-2.1,10.2
mpp,-6.0,2,ack-4f,w,3,3,0,ctl,ok,0,0,-0.7,10.2
mpp,-6.0,2,qpsk-r1/5,w,9,2,1,data,ok,7,0,-3.5,10.2
mpp,-6.0,2,ack-4f,w,3,3,0,ctl,ok,0,0,-1.6,10.2
mpp,-6.0,2,qpsk-r1/5,w,9,2,1,data,ok,0,0,-2.3,10.2
mpp,-6.0,2,ack-4f,w,3,3,0,ctl,ok,0,0,-0.5,10.2
mpp,-6.0,2,qpsk-r1/5,w,9,2,1,data,ok,7,0,-3.8,10.2
mpp,-6.0,2,ack-4f,w,3,3,0,ctl,ok,0,0,-4.7,10.2
mpp,-6.0,2,qpsk-r1/5,w,9,2,1,data,ok,0,0,-1.6,10.2
mpp,-6.0,2,ack-4f,w,2,2,0,ctl,ok,0,0,-2.5,10.2
mpp,-6.0,2,qpsk-r1/5,w,9,1,0,data,ok,8,7,-2.9,10.2
mpp,-6.0,2,n10-ack-4f,n10,3,3,0,ctl,ok,0,0,-2.2,10.2
mpp,-6.0,2,qpsk-r1/5,w,9,1,0,data,ok,7,4,-1.4,10.2
mpp,-6.0,2,ack-4f,w,3,3,0,ctl,ok,0,0,-3.0,10.2
mpp,-6.0,2,qpsk-r1/5,w,9,1,0,data,ctl_lost,7,0,-3.8,10.2
mpp,-6.0,2,ack-4f,w,3,3,0,ctl,ok,0,0,-1.6,10.2
mpp,-6.0,2,ack-4f,w,3,3,0,ctl,ok,0,0,-1.1,10.2
mpp,-6.0,2,qpsk-r1/5,w,9,2,1,data,ok,6,6,-2.5,10.2
mpp,-6.0,2,ack-4f,w,3,3,0,ctl,ok,0,0,-3.1,10.2
mpp,-6.0,2,qpsk-r1/5,w,9,2,1,data,ok,7,1,-1.2,10.2
mpp,-6.0,2,ack-4f,w,3,3,0,ctl,ok,0,0,-3.2,10.2
mpp,-6.0,2,qpsk-r1/5,w,9,1,,data,missed,0,0,,10.2
mpp,-6.0,2,ack-4f,w,3,3,0,ctl,ctl_lost,0,0,-9.6,10.2
mpp,-6.0,2,ack-4f,w,3,3,0,ctl,ok,0,0,-3.6,10.2
mpp,-6.0,2,ack-4f,w,3,3,0,ctl,ok,0,0,-2.6,10.2
mpp,-6.0,2,qpsk-r1/5,w,9,2,1,data,ok,2,0,-2.6,10.2
mpp,-6.0,2,ack-4f,w,2,2,0,ctl,ok,0,0,-0.8,10.2
mpp,-6.0,2,qpsk-r1/5,w,9,1,0,data,ok,8,8,-1.3,10.2
mpp,-6.0,2,ack-4f,w,2,2,0,ctl,ok,0,0,2.5,10.2
mpp,-6.0,2,qpsk-r1/5,w,9,1,0,data,ctl_lost,8,0,-3.4,10.2
mpp,-6.0,2,ack-4f,w,2,2,0,ctl,ok,0,0,-2.2,10.2
mpp,-6.0,2,ack-4f,w,3,3,0,ctl,ok,0,0,-4.1,10.2
mpp,-6.0,2,qpsk-r1/5,w,9,2,1,data,ok,7,4,-2.7,10.2
mpp,-6.0,2,ack-4f,w,3,3,0,ctl,ok,0,0,0.4,10.2
mpp,-6.0,2,qpsk-r1/5,w,9,2,1,data,ok,4,4,-1.2,10.2
mpp,-6.0,2,ack-4f,w,2,2,0,ctl,ok,0,0,-2.4,10.2
mpp,-6.0,2,qpsk-r1/5,w,9,1,0,data,ctl_lost,8,3,-3.1,10.2
mpp,-6.0,2,ack-4f,w,3,3,0,ctl,ok,0,0,-3.0,10.2
mpp,-6.0,2,ack-4f,w,3,3,0,ctl,ok,0,0,-3.5,10.2
mpp,-6.0,2,qpsk-r1/5,w,9,2,1,data,ok,7,0,-4.2,10.2
mpp,-6.0,2,ack-4f,w,3,3,0,ctl,ok,0,0,-4.4,10.2
mpp,-6.0,5,qpsk-r1/5,w,1,1,0,ctl,ctl_lost,0,0,-0.8,9.3
mpp,-6.0,5,n4-qpsk-r1/3,n4,1,1,0,ctl,ok,0,0,-3.1,9.3
mpp,-6.0,5,n4-qpsk-r1/3,n4,1,1,0,ctl,ok,0,0,-0.7,9.3
mpp,-6.0,5,ack-4f,w,3,3,0,ctl,ok,0,0,-2.9,9.3
mpp,-6.0,5,ack-4f,w,3,3,0,ctl,ok,0,0,-1.3,9.3
mpp,-6.0,5,qpsk-r1/5,w,9,2,1,data,ok,7,7,-1.6,9.3
mpp,-6.0,5,ack-4f,w,3,3,0,ctl,ok,0,0,-4.4,9.3
mpp,-6.0,5,qpsk-r1/5,w,9,2,1,data,ok,7,7,-2.4,9.3
mpp,-6.0,5,n10-ack-4f,n10,3,3,0,ctl,ok,0,0,-5.5,9.3
mpp,-6.0,5,qpsk-r1/5,w,9,2,1,data,ok,7,0,-3.7,9.3
mpp,-6.0,5,ack-4f,w,3,3,0,ctl,ok,0,0,-0.6,9.3
mpp,-6.0,5,qpsk-r1/5,w,9,2,1,data,ok,0,0,-3.8,9.3
mpp,-6.0,5,ack-4f,w,3,3,0,ctl,ok,0,0,-2.8,9.3
mpp,-6.0,5,qpsk-r1/5,w,9,2,1,data,ok,7,6,-2.0,9.3
mpp,-6.0,5,ack-4f,w,3,3,0,ctl,ok,0,0,-3.4,9.3
mpp,-6.0,5,qpsk-r1/5,w,9,2,1,data,ok,7,0,-3.8,9.3
mpp,-6.0,5,n10-ack-4f,n10,3,3,0,ctl,ok,0,0,-2.2,9.3
mpp,-6.0,5,qpsk-r1/5,w,9,2,,data,missed,0,0,,9.3
mpp,-6.0,5,ack-4f,w,3,3,0,ctl,ok,0,0,-5.8,9.3
mpp,-6.0,5,ack-4f,w,3,3,0,ctl,ok,0,0,-0.8,9.3
mpp,-6.0,5,qpsk-r1/5,w,9,2,1,data,ok,0,0,-3.9,9.3
mpp,-6.0,5,ack-4f,w,3,3,0,ctl,ok,0,0,-1.7,9.3
mpp,-6.0,5,qpsk-r1/5,w,9,2,1,data,ok,7,7,-1.3,9.3
mpp,-6.0,5,ack-4f,w,2,2,0,ctl,ok,0,0,-1.0,9.3
mpp,-6.0,5,qpsk-r1/5,w,9,1,0,data,ctl_lost,8,0,-3.4,9.3
mpp,-6.0,5,ack-4f,w,3,3,0,ctl,ok,0,0,-1.0,9.3
mpp,-6.0,5,ack-4f,w,3,3,0,ctl,ok,0,0,-2.5,9.3
mpp,-6.0,5,qpsk-r1/5,w,9,2,1,data,ok,7,0,-4.0,9.3
mpp,-6.0,5,ack-4f,w,3,3,0,ctl,ok,0,0,-4.0,9.3
mpp,-6.0,5,qpsk-r1/5,w,9,2,1,data,ok,0,0,-4.1,9.3
mpp,-6.0,5,n10-ack-4f,n10,3,3,0,ctl,ctl_lost,0,0,-7.2,9.3
mpp,-6.0,5,ack-4f,w,3,3,0,ctl,ok,0,0,-4.6,9.3
mpp,-6.0,5,ack-4f,w,3,3,0,ctl,ok,0,0,-1.2,9.3
mpp,-6.0,5,qpsk-r1/5,w,9,2,1,data,ok,7,2,-2.5,9.3
mpp,-6.0,5,ack-4f,w,3,3,0,ctl,ok,0,0,-5.9,9.3
mpp,-6.0,5,qpsk-r1/5,w,9,2,1,data,ok,2,2,-1.6,9.3
mpp,-6.0,5,ack-4f,w,2,2,0,ctl,ok,0,0,-0.5,9.3
mpp,-6.0,5,qpsk-r1/5,w,9,1,0,data,ctl_lost,8,3,-2.7,9.3
mpp,-6.0,5,ack-4f,w,3,3,0,ctl,ok,0,0,-2.7,9.3
mpp,-6.0,5,ack-4f,w,3,3,0,ctl,ok,0,0,-2.2,9.3
mpp,-6.0,5,qpsk-r1/5,w,9,2,1,data,ok,7,0,-2.0,9.3
mpp,-6.0,5,ack-4f,w,3,3,0,ctl,ok,0,0,-4.9,9.3
mpp,-6.0,5,qpsk-r1/5,w,9,2,1,data,ok,2,0,-3.9,9.3
mpp,-6.0,5,ack-4f,w,3,3,0,ctl,ok,0,0,-3.6,9.3
mpp,-6.0,5,qpsk-r1/5,w,9,2,1,data,ok,5,0,-3.2,9.3
mpp,-6.0,5,ack-4f,w,3,3,0,ctl,ok,0,0,-1.5,9.3
mpp,-6.0,5,qpsk-r1/5,w,9,2,1,data,ok,3,3,-1.9,9.3
mpp,-6.0,5,ack-4f,w,2,2,0,ctl,ok,0,0,-1.4,9.3
mpp,-6.0,5,qpsk-r1/5,w,9,1,0,data,ctl_lost,8,0,-5.1,9.3
mpp,-6.0,5,ack-4f,w,3,3,0,ctl,ok,0,0,-6.9,9.3
mpp,-6.0,5,ack-4f,w,3,3,0,ctl,ok,0,0,-3.6,9.3
mpp,-6.0,5,fsk32r62-r1/2,c32r62,10,2,,data,missed,0,0,,9.3
mpp,-6.0,5,ack-4f,w,4,4,0,ctl,ok,0,0,-3.6,9.3
mpp,-6.0,5,ack-4f,w,3,3,0,ctl,ok,0,0,-1.7,9.3
mpp,-6.0,5,qpsk-r1/3,w,9,2,1,data,ok,7,0,-2.3,9.3
mpp,-6.0,5,ack-4f,w,3,3,0,ctl,ok,0,0,-3.8,9.3
mpp,-6.0,5,qpsk-r1/5,w,9,2,1,data,ok,7,0,-3.8,9.3
mpp,-6.0,5,ack-4f,w,3,3,0,ctl,ok,0,0,0.3,9.3
mpp,-6.0,5,fsk32r62-r1/2,c32r62,10,2,1,data,ok,8,8,-2.8,9.3
mpp,-6.0,5,ack-4f,w,2,2,,ctl,missed,0,0,,9.3
mpp,-6.0,5,ack-4f,w,4,4,0,ctl,ok,0,0,-2.9,9.3
mpp,-6.0,5,ack-4f,w,3,3,,ctl,missed,0,0,,9.3
mpp,-6.0,5,ack-4f,w,4,4,0,ctl,ok,0,0,-4.2,9.3
mpp,-6.0,5,ack-4f,w,3,3,,ctl,missed,0,0,,9.3
mpp,-6.0,5,ack-4f,w,4,4,0,ctl,ok,0,0,-3.3,9.3
mpp,-6.0,5,ack-4f,w,3,3,0,ctl,ok,0,0,-0.9,9.3
mpp,-6.0,5,fsk32r62-r1/2,c32r62,10,2,1,data,ok,8,8,-3.2,9.3
mpp,-6.0,5,ack-4f,w,2,2,0,ctl,ok,0,0,-1.3,9.3
mpp,-6.0,5,fsk32r62-r1/2,c32r62,9,1,0,data,ok,8,8,-2.3,9.3
mpp,-6.0,5,ack-4f,w,3,3,0,ctl,ok,0,0,-4.6,9.3
mpp,-6.0,5,qpsk-r1/3,w,9,2,1,data,ctl_lost,7,0,-2.7,9.3
mpp,-6.0,5,ack-4f,w,3,3,0,ctl,ok,0,0,-1.7,9.3
mpp,-6.0,5,ack-4f,w,3,3,0,ctl,ok,0,0,-6.2,9.3
mpp,-6.0,5,fsk32r62-r1/2,c32r62,10,2,1,data,ok,8,8,-2.6,9.3
mpp,-6.0,5,ack-4f,w,2,2,0,ctl,ok,0,0,-8.3,9.3
mpp,-6.0,5,fsk32r62-r1/2,c32r62,9,1,0,data,ok,8,8,-2.7,9.3
mpp,-6.0,5,ack-4f,w,2,2,0,ctl,ok,0,0,-5.0,9.3
mpp,-6.0,5,fsk32r62-r1/2,c32r62,9,1,0,data,ok,8,8,-2.1,9.3
mpp,-6.0,6,qpsk-r1/5,w,1,1,0,ctl,ok,0,0,-1.3,10.6
mpp,-6.0,6,qpsk-r1/5,w,1,1,0,ctl,ok,0,0,-2.7,10.6
mpp,-6.0,6,ack-4f,w,3,3,,ctl,missed,0,0,,10.6
mpp,-6.0,6,ack-4f,w,3,3,0,ctl,ok,0,0,-2.1,10.6
mpp,-6.0,6,n10-ack-4f,n10,3,3,0,ctl,ok,0,0,-1.8,10.6
mpp,-6.0,6,qpsk-r1/5,w,9,2,1,data,ok,7,5,-2.8,10.6
mpp,-6.0,6,ack-4f,w,3,3,0,ctl,ok,0,0,1.0,10.6
mpp,-6.0,6,qpsk-r1/5,w,9,2,,data,missed,0,0,,10.6
mpp,-6.0,6,ack-4f,w,2,2,0,ctl,ok,0,0,-2.7,10.6
mpp,-6.0,6,ack-4f,w,3,3,0,ctl,ok,0,0,-5.2,10.6
mpp,-6.0,6,qpsk-r1/5,w,9,2,1,data,ctl_lost,5,0,-5.7,10.6
mpp,-6.0,6,ack-4f,w,3,3,0,ctl,ok,0,0,-0.8,10.6
mpp,-6.0,6,ack-4f,w,3,3,0,ctl,ok,0,0,-1.8,10.6
mpp,-6.0,6,qpsk-r1/5,w,9,2,1,data,ok,5,0,-4.7,10.6
mpp,-6.0,6,n10-ack-4f,n10,3,3,0,ctl,ok,0,0,-1.7,10.6
mpp,-6.0,6,qpsk-r1/5,w,9,2,1,data,ok,2,1,-2.6,10.6
mpp,-6.0,6,ack-4f,w,3,3,0,ctl,ok,0,0,-2.4,10.6
mpp,-6.0,6,qpsk-r1/5,w,9,2,1,data,ok,7,4,-2.3,10.6
mpp,-6.0,6,ack-4f,w,3,3,,ctl,missed,0,0,,10.6
mpp,-6.0,6,ack-4f,w,3,3,0,ctl,ok,0,0,-4.5,10.6
mpp,-6.0,6,ack-4f,w,3,3,0,ctl,ok,0,0,-2.9,10.6
mpp,-6.0,6,qpsk-r1/5,w,9,2,1,data,ok,7,5,-2.7,10.6
mpp,-6.0,6,n10-ack-4f,n10,3,3,0,ctl,ok,0,0,-3.4,10.6
mpp,-6.0,6,qpsk-r1/5,w,9,2,1,data,ok,7,2,-2.9,10.6
mpp,-6.0,6,ack-4f,w,3,3,0,ctl,ok,0,0,-1.2,10.6
mpp,-6.0,6,qpsk-r1/5,w,9,2,1,data,ok,2,2,-2.1,10.6
mpp,-6.0,6,ack-4f,w,2,2,0,ctl,ok,0,0,-1.4,10.6
mpp,-6.0,6,qpsk-r1/5,w,9,1,0,data,ok,8,8,-3.0,10.6
mpp,-6.0,6,n10-ack-4f,n10,2,2,0,ctl,ok,0,0,-1.0,10.6
mpp,-6.0,6,qpsk-r1/5,w,9,1,0,data,ok,8,7,-1.6,10.6
mpp,-6.0,6,ack-4f,w,3,3,,ctl,missed,0,0,,10.6
mpp,-6.0,6,ack-4f,w,3,3,0,ctl,ok,0,0,1.2,10.6
mpp,-6.0,6,ack-4f,w,3,3,0,ctl,ok,0,0,-0.6,10.6
mpp,-6.0,6,qpsk-r1/5,w,9,1,0,data,ok,8,8,-2.0,10.6
mpp,-6.0,6,ack-4f,w,2,2,0,ctl,ok,0,0,-4.8,10.6
mpp,-6.0,6,qpsk-r1/5,w,9,1,0,data,ctl_lost,8,0,-3.0,10.6
mpp,-6.0,6,ack-4f,w,3,3,0,ctl,ctl_lost,0,0,-8.2,10.6
mpp,-6.0,6,ack-4f,w,3,3,0,ctl,ok,0,0,-3.3,10.6
mpp,-6.0,6,ack-4f,w,3,3,0,ctl,ok,0,0,-4.2,10.6
mpp,-6.0,6,qpsk-r1/5,w,9,2,,data,missed,0,0,,10.6
mpp,-6.0,6,ack-4f,w,3,3,,ctl,missed,0,0,,10.6
mpp,-6.0,6,ack-4f,w,3,3,0,ctl,ok,0,0,-2.3,10.6
mpp,-6.0,6,ack-4f,w,3,3,0,ctl,ok,0,0,-2.5,10.6
mpp,-6.0,6,qpsk-r1/5,w,9,2,1,data,ok,7,0,-4.4,10.6
mpp,-6.0,6,n10-ack-4f,n10,3,3,,ctl,missed,0,0,,10.6
mpp,-6.0,6,ack-4f,w,3,3,0,ctl,ok,0,0,-3.9,10.6
mpp,-6.0,6,ack-4f,w,3,3,0,ctl,ok,0,0,-2.3,10.6
mpp,-6.0,6,qpsk-r1/5,w,9,2,1,data,ok,7,7,-1.7,10.6
mpp,-6.0,6,n10-ack-4f,n10,2,2,0,ctl,ok,0,0,-6.6,10.6
mpp,-6.0,6,qpsk-r1/5,w,9,1,0,data,ctl_lost,8,0,-6.3,10.6
mpp,-6.0,6,ack-4f,w,3,3,0,ctl,ok,0,0,-4.8,10.6
mpp,-6.0,6,ack-4f,w,3,3,0,ctl,ok,0,0,-0.4,10.6
mpp,-6.0,6,qpsk-r1/5,w,9,2,1,data,ok,7,7,-2.1,10.6
mpp,-6.0,6,n10-ack-4f,n10,3,3,0,ctl,ok,0,0,-2.7,10.6
mpp,-6.0,6,qpsk-r1/5,w,9,2,1,data,ok,7,0,-3.2,10.6
mpp,-6.0,6,ack-4f,w,3,3,,ctl,missed,0,0,,10.6
mpp,-6.0,6,ack-4f,w,3,3,0,ctl,ok,0,0,-0.8,10.6
mpp,-6.0,6,ack-4f,w,3,3,0,ctl,ctl_lost,0,0,-6.2,10.6
mpp,-6.0,6,ack-4f,w,3,3,,ctl,missed,0,0,,10.6
mpp,-6.0,6,ack-4f,w,3,3,0,ctl,ok,0,0,-2.0,10.6
mpp,-6.0,6,ack-4f,w,2,2,0,ctl,ok,0,0,-1.7,10.6
mpp,-6.0,6,qpsk-r1/5,w,9,1,0,data,ok,8,3,-2.8,10.6
mpp,-6.0,6,n10-ack-4f,n10,3,3,0,ctl,ctl_lost,0,0,-10.9,10.6
mpp,-6.0,6,ack-4f,w,3,3,0,ctl,ok,0,0,-2.8,10.6
mpp,-6.0,6,ack-4f,w,3,3,0,ctl,ok,0,0,-3.1,10.6
mpp,-6.0,6,qpsk-r1/5,w,9,2,1,data,ok,7,7,-1.7,10.6
mpp,-6.0,6,n10-ack-4f,n10,2,2,0,ctl,ok,0,0,-4.8,10.6
mpp,-6.0,6,qpsk-r1/5,w,9,1,0,data,ctl_lost,8,0,-3.8,10.6
mpp,-6.0,6,ack-4f,w,3,3,0,ctl,ok,0,0,-3.1,10.6
mpp,-6.0,6,ack-4f,w,3,3,0,ctl,ok,0,0,-0.1,10.6
mpp,-6.0,6,qpsk-r1/5,w,9,2,1,data,ok,7,5,-2.4,10.6
mpp,-6.0,6,ack-4f,w,3,3,0,ctl,ok,0,0,-9.0,10.6
mpp,-6.0,6,qpsk-r1/5,w,9,2,1,data,ok,5,1,-3.2,10.6
mpp,-6.0,6,n10-ack-4f,n10,3,3,0,ctl,ok,0,0,-2.1,10.6
mpp,-6.0,6,qpsk-r1/5,w,9,2,1,data,ok,4,4,-2.5,10.6
mpp,-6.0,6,ack-4f,w,3,3,,ctl,missed,0,0,,10.6
mpp,-6.0,6,ack-4f,w,3,3,0,ctl,ok,0,0,-5.4,10.6
mpp,-6.0,6,ack-4f,w,3,3,0,ctl,ok,0,0,-2.0,10.6
mpp,-6.0,6,qpsk-r1/5,w,9,2,1,data,ok,7,4,-2.4,10.6
mpp,-6.0,6,ack-4f,w,3,3,,ctl,missed,0,0,,10.6
mpp,-6.0,6,ack-4f,w,3,3,0,ctl,ok,0,0,-4.5,10.6
mpp,-6.0,6,ack-4f,w,3,3,,ctl,missed,0,0,,10.6
mpp,-6.0,6,ack-4f,w,3,3,0,ctl,ok,0,0,-4.0,10.6
mpp,-6.0,6,ack-4f,w,3,3,0,ctl,ok,0,0,-1.2,10.6
mpp,-6.0,6,qpsk-r1/5,w,9,2,1,data,ok,7,0,-4.2,10.6
mpp,-6.0,6,ack-4f,w,3,3,0,ctl,ok,0,0,-1.8,10.6
mpp,-6.0,6,qpsk-r1/5,w,9,2,1,data,ok,3,0,-2.9,10.6
mpp,-6.0,6,ack-4f,w,3,3,0,ctl,ok,0,0,-1.6,10.6
mpp,-6.0,6,qpsk-r1/5,w,9,2,1,data,ok,5,5,-2.0,10.6
mpp,-6.0,6,ack-4f,w,2,2,0,ctl,ok,0,0,-4.6,10.6
mpp,-6.0,6,qpsk-r1/5,w,9,1,0,data,ok,8,8,-2.3,10.6
mpp,-6.0,6,n10-ack-4f,n10,2,2,,ctl,missed,0,0,,10.6
mpp,-6.0,6,ack-4f,w,3,3,0,ctl,ok,0,0,-1.6,10.6
mpp,-6.0,6,ack-4f,w,2,2,0,ctl,ok,0,0,-3.3,10.6
mpp,-6.0,6,qpsk-r1/5,w,9,1,0,data,ok,8,7,-2.1,10.6
mpp,-6.0,6,n10-ack-4f,n10,3,3,,ctl,missed,0,0,,10.6
mpp,-6.0,6,ack-4f,w,3,3,0,ctl,ok,0,0,-6.0,10.6
mpp,-6.0,6,ack-4f,w,3,3,0,ctl,ok,0,0,-4.8,10.6
mpp,-6.0,6,qpsk-r1/5,w,9,1,0,data,ctl_lost,8,2,-2.4,10.6
mpp,-6.0,6,ack-4f,w,3,3,0,ctl,ok,0,0,-0.7,10.6
mpp,-6.0,6,ack-4f,w,3,3,0,ctl,ok,0,0,-1.8,10.6
mpp,-6.0,6,qpsk-r1/5,w,9,1,0,data,ok,8,8,-2.9,10.6
mpp,-6.0,6,n10-ack-4f,n10,3,3,0,ctl,ok,0,0,-5.2,10.6
mpp,-6.0,6,qpsk-r1/5,w,9,2,1,data,ok,7,0,-3.6,10.6
mpp,-6.0,6,ack-4f,w,3,3,0,ctl,ok,0,0,-3.3,10.6
mpp,-6.0,6,qpsk-r1/5,w,9,2,1,data,ok,0,0,-1.8,10.6
mpp,-6.0,8,qpsk-r1/5,w,1,1,,ctl,missed,0,0,,11.1
mpp,-6.0,8,n4-qpsk-r1/3,n4,1,1,0,ctl,ok,0,0,-2.2,11.1
mpp,-6.0,8,n4-qpsk-r1/3,n4,1,1,0,ctl,ok,0,0,-3.2,11.1
mpp,-6.0,8,ack-4f,w,3,3,0,ctl,ok,0,0,-2.5,11.1
mpp,-6.0,8,ack-4f,w,3,3,0,ctl,ok,0,0,-7.3,11.1
mpp,-6.0,8,qpsk-r1/5,w,9,2,1,data,ok,7,7,-0.6,11.1
mpp,-6.0,8,n10-ack-4f,n10,3,3,,ctl,missed,0,0,,11.1
mpp,-6.0,8,ack-4f,w,3,3,0,ctl,ok,0,0,-4.9,11.1
mpp,-6.0,8,ack-4f,w,3,3,0,ctl,ok,0,0,-5.0,11.1
mpp,-6.0,8,qpsk-r1/5,w,9,2,1,data,ok,7,5,-2.9,11.1
mpp,-6.0,8,n4-ack-8f,n4,3,3,0,ctl,ok,0,0,-3.8,11.1
mpp,-6.0,8,qpsk-r1/5,w,9,2,1,data,ok,5,4,-3.7,11.1
mpp,-6.0,8,ack-4f,w,3,3,0,ctl,ok,0,0,-2.9,11.1
mpp,-6.0,8,qpsk-r1/5,w,9,2,1,data,ok,7,1,-3.0,11.1
mpp,-6.0,8,n10-ack-4f,n10,3,3,0,ctl,ok,0,0,-4.8,11.1
mpp,-6.0,8,qpsk-r1/5,w,9,2,1,data,ok,2,0,-4.9,11.1
mpp,-6.0,8,ack-4f,w,3,3,0,ctl,ok,0,0,-1.2,11.1
mpp,-6.0,8,qpsk-r1/5,w,9,2,1,data,ok,5,5,-1.4,11.1
mpp,-6.0,8,ack-4f,w,3,3,0,ctl,ok,0,0,-2.3,11.1
mpp,-6.0,8,qpsk-r1/5,w,9,2,1,data,ok,7,2,-2.1,11.1
mpp,-6.0,8,n10-ack-4f,n10,2,2,0,ctl,ok,0,0,-2.4,11.1
mpp,-6.0,8,qpsk-r1/5,w,9,1,0,data,ctl_lost,3,1,-3.0,11.1
mpp,-6.0,8,ack-4f,w,3,3,0,ctl,ok,0,0,-2.2,11.1
mpp,-6.0,8,ack-4f,w,3,3,0,ctl,ok,0,0,-1.0,11.1
mpp,-6.0,8,qpsk-r1/5,w,9,2,1,data,ok,2,0,-3.9,11.1
mpp,-6.0,8,ack-4f,w,3,3,0,ctl,ok,0,0,-0.6,11.1
mpp,-6.0,8,qpsk-r1/5,w,9,2,1,data,ok,5,5,-2.5,11.1
mpp,-6.0,8,ack-4f,w,3,3,0,ctl,ok,0,0,0.2,11.1
mpp,-6.0,8,qpsk-r1/5,w,9,2,1,data,ok,7,5,-3.1,11.1
mpp,-6.0,8,ack-4f,w,3,3,0,ctl,ok,0,0,-1.2,11.1
mpp,-6.0,8,qpsk-r1/5,w,9,2,1,data,ok,6,6,-1.4,11.1
mpp,-6.0,8,ack-4f,w,2,2,0,ctl,ok,0,0,-0.0,11.1
mpp,-6.0,8,qpsk-r1/5,w,9,1,0,data,ok,8,3,-2.7,11.1
mpp,-6.0,8,ack-4f,w,3,3,0,ctl,ok,0,0,-6.4,11.1
mpp,-6.0,8,qpsk-r1/5,w,9,1,0,data,ok,3,3,-1.2,11.1
mpp,-6.0,8,ack-4f,w,2,2,0,ctl,ok,0,0,-2.3,11.1
mpp,-6.0,8,qpsk-r1/5,w,9,1,0,data,ctl_lost,8,0,-3.7,11.1
mpp,-6.0,8,ack-4f,w,3,3,0,ctl,ctl_lost,0,0,-10.5,11.1
mpp,-6.0,8,ack-4f,w,3,3,0,ctl,ok,0,0,-4.1,11.1
mpp,-6.0,8,ack-4f,w,3,3,0,ctl,ok,0,0,-1.1,11.1
mpp,-6.0,8,qpsk-r1/5,w,9,2,1,data,ok,7,7,-1.8,11.1
mpp,-6.0,8,ack-4f,w,3,3,0,ctl,ok,0,0,-3.7,11.1
mpp,-6.0,8,qpsk-r1/5,w,9,2,1,data,ok,7,7,-2.5,11.1
mpp,-6.0,8,ack-4f,w,2,2,0,ctl,ok,0,0,-2.3,11.1
mpp,-6.0,8,qpsk-r1/5,w,9,1,0,data,ctl_lost,8,1,-3.1,11.1
mpp,-6.0,8,ack-4f,w,3,3,0,ctl,ok,0,0,-1.6,11.1
mpp,-6.0,8,ack-4f,w,3,3,0,ctl,ok,0,0,-1.1,11.1
mpp,-6.0,8,qpsk-r1/5,w,9,2,1,data,ok,7,0,-3.9,11.1
mpp,-6.0,8,ack-4f,w,3,3,0,ctl,ok,0,0,-2.4,11.1
mpp,-6.0,8,qpsk-r1/5,w,9,2,1,data,ok,0,0,-1.9,11.1
mpp,-6.0,8,ack-4f,w,3,3,,ctl,missed,0,0,,11.1
mpp,-6.0,8,ack-4f,w,3,3,0,ctl,ok,0,0,-2.4,11.1
mpp,-6.0,8,ack-4f,w,3,3,0,ctl,ok,0,0,-1.1,11.1
mpp,-6.0,8,qpsk-r1/5,w,9,2,1,data,ok,7,1,-0.8,11.1
mpp,-6.0,8,ack-4f,w,3,3,,ctl,missed,0,0,,11.1
mpp,-6.0,8,ack-4f,w,3,3,,ctl,missed,0,0,,11.1
mpp,-6.0,8,ack-4f,w,3,3,0,ctl,ok,0,0,-0.8,11.1
mpp,-6.0,8,ack-4f,w,3,3,0,ctl,ok,0,0,-4.1,11.1
mpp,-6.0,8,qpsk-r1/5,w,9,1,0,data,ok,8,8,-2.0,11.1
mpp,-6.0,8,ack-4f,w,2,2,0,ctl,ok,0,0,-0.6,11.1
mpp,-6.0,8,qpsk-r1/5,w,9,1,0,data,ok,8,8,-1.9,11.1
mpp,-6.0,8,ack-4f,w,2,2,0,ctl,ok,0,0,-0.2,11.1
mpp,-6.0,8,qpsk-r1/5,w,9,1,0,data,ctl_lost,8,4,-2.7,11.1
mpp,-6.0,8,ack-4f,w,3,3,0,ctl,ok,0,0,-0.2,11.1
mpp,-6.0,8,ack-4f,w,3,3,0,ctl,ok,0,0,-3.9,11.1
mpp,-6.0,8,qpsk-r1/5,w,9,2,1,data,ok,7,0,-3.9,11.1
mpp,-6.0,8,ack-4f,w,3,3,0,ctl,ok,0,0,-3.5,11.1
mpp,-6.0,8,qpsk-r1/5,w,9,2,1,data,ok,0,0,-4.4,11.1
mpp,-6.0,8,ack-4f,w,3,3,0,ctl,ctl_lost,0,0,-5.1,11.1
mpp,-6.0,8,ack-4f,w,3,3,0,ctl,ok,0,0,-0.2,11.1
mpp,-6.0,8,ack-4f,w,3,3,0,ctl,ok,0,0,-3.5,11.1
mpp,-6.0,8,qpsk-r1/5,w,9,2,1,data,ok,7,0,-3.8,11.1
mpp,-6.0,8,ack-4f,w,3,3,0,ctl,ok,0,0,-0.9,11.1
mpp,-6.0,8,qpsk-r1/5,w,9,2,1,data,ok,0,0,-2.0,11.1
mpp,-6.0,8,ack-4f,w,3,3,0,ctl,ok,0,0,-2.7,11.1
mpp,-6.0,8,qpsk-r1/5,w,9,2,1,data,ok,7,0,-5.4,11.1
mpp,-6.0,8,ack-4f,w,3,3,0,ctl,ok,0,0,-1.0,11.1
mpp,-6.0,8,fsk32r62-r1/2,c32r62,10,2,1,data,ok,8,8,-2.1,11.1
mpp,-6.0,8,ack-4f,w,3,3,0,ctl,ok,0,0,1.3,11.1
mpp,-6.0,8,qpsk-r1/3,w,9,2,,data,missed,0,0,,11.1
mpp,-6.0,8,ack-4f,w,3,3,0,ctl,ok,0,0,-2.0,11.1
mpp,-6.0,8,ack-4f,w,3,3,0,ctl,ok,0,0,-0.6,11.1
mpp,-6.0,8,qpsk-r1/5,w,9,2,1,data,ok,7,7,-2.4,11.1
mpp,-6.0,8,ack-4f,w,3,3,0,ctl,ok,0,0,-1.9,11.1
mpp,-6.0,8,qpsk-r1/5,w,9,2,1,data,ok,7,7,-2.3,11.1
mpp,-6.0,8,ack-4f,w,2,2,0,ctl,ok,0,0,-3.7,11.1
mpp,-6.0,8,qpsk-r1/5,w,9,1,,data,missed,0,0,,11.1
mpp,-6.0,8,ack-4f,w,3,3,0,ctl,ok,0,0,-3.9,11.1
mpp,-6.0,8,ack-4f,w,3,3,0,ctl,ok,0,0,-1.1,11.1
mpp,-6.0,8,qpsk-r1/5,w,9,2,1,data,ok,7,0,-3.2,11.1
mpp,-6.0,8,ack-4f,w,3,3,0,ctl,ok,0,0,-3.1,11.1
mpp,-6.0,8,qpsk-r1/5,w,9,2,1,data,ok,0,0,-2.1,11.1
mpp,-6.0,7,qpsk-r1/5,w,1,1,0,ctl,ctl_lost,0,0,-3.7,13.6
mpp,-6.0,7,n4-qpsk-r1/3,n4,1,1,0,ctl,ok,0,0,-1.7,13.6
mpp,-6.0,7,n4-qpsk-r1/3,n4,1,1,0,ctl,ok,0,0,-6.8,13.6
mpp,-6.0,7,ack-4f,w,3,3,0,ctl,ok,0,0,-5.3,13.6
mpp,-6.0,7,ack-4f,w,3,3,0,ctl,ok,0,0,-0.7,13.6
mpp,-6.0,7,qpsk-r1/5,w,9,2,1,data,ok,7,5,-2.8,13.6
mpp,-6.0,7,n10-ack-4f,n10,3,3,0,ctl,ok,0,0,-1.9,13.6
mpp,-6.0,7,qpsk-r1/5,w,9,2,1,data,ok,5,4,-2.6,13.6
mpp,-6.0,7,ack-4f,w,3,3,0,ctl,ok,0,0,2.2,13.6
mpp,-6.0,7,qpsk-r1/5,w,9,2,1,data,ok,6,2,-3.3,13.6
mpp,-6.0,7,ack-4f,w,3,3,0,ctl,ok,0,0,-3.5,13.6
mpp,-6.0,7,qpsk-r1/5,w,9,2,1,data,ok,6,4,-3.0,13.6
mpp,-6.0,7,ack-4f,w,3,3,0,ctl,ok,0,0,-1.2,13.6
mpp,-6.0,7,qpsk-r1/5,w,9,2,1,data,ok,6,6,-1.5,13.6
mpp,-6.0,7,n10-ack-4f,n10,3,3,0,ctl,ok,0,0,-4.9,13.6
mpp,-6.0,7,qpsk-r1/5,w,9,2,1,data,ok,7,7,-2.4,13.6
mpp,-6.0,7,ack-4f,w,2,2,0,ctl,ok,0,0,-7.1,13.6
mpp,-6.0,7,qpsk-r1/5,w,9,1,,data,missed,0,0,,13.6
mpp,-6.0,7,ack-4f,w,3,3,0,ctl,ok,0,0,-0.9,13.6
mpp,-6.0,7,ack-4f,w,2,2,0,ctl,ok,0,0,-2.2,13.6
mpp,-6.0,7,qpsk-r1/5,w,9,1,0,data,ok,8,8,-2.3,13.6
mpp,-6.0,7,n10-ack-4f,n10,2,2,,ctl,missed,0,0,,13.6
mpp,-6.0,7,ack-4f,w,3,3,0,ctl,ok,0,0,-3.7,13.6
mpp,-6.0,7,ack-4f,w,3,3,0,ctl,ok,0,0,-0.5,13.6
mpp,-6.0,7,qpsk-r1/5,w,9,2,1,data,ok,7,1,-1.0,13.6
mpp,-6.0,7,ack-4f,w,3,3,0,ctl,ok,0,0,-4.7,13.6
mpp,-6.0,7,qpsk-r1/5,w,9,2,1,data,ok,2,2,-2.4,13.6
mpp,-6.0,7,n10-ack-4f,n10,2,2,0,ctl,ok,0,0,-0.6,13.6
mpp,-6.0,7,qpsk-r1/5,w,9,1,0,data,ok,8,8,-2.0,13.6
mpp,-6.0,7,ack-4f,w,2,2,0,ctl,ok,0,0,-2.6,13.6
mpp,-6.0,7,qpsk-r1/5,w,9,1,0,data,ok,8,8,-2.9,13.6
mpp,-6.0,7,ack-4f,w,2,2,0,ctl,ok,0,0,-2.9,13.6
mpp,-6.0,7,qpsk-r1/5,w,9,1,0,data,ok,8,8,-1.7,13.6
mpp,-6.0,7,n10-ack-4f,n10,2,2,0,ctl,ok,0,0,-3.1,13.6
mpp,-6.0,7,qpsk-r1/5,w,9,1,0,data,ok,8,0,-3.3,13.6
mpp,-6.0,7,ack-4f,w,2,2,0,ctl,ok,0,0,-4.0,13.6
mpp,-6.0,7,qpsk-r1/5,w,9,1,0,data,ctl_lost,0,0,-3.3,13.6
mpp,-6.0,7,ack-4f,w,3,3,0,ctl,ok,0,0,-1.8,13.6
mpp,-6.0,7,ack-4f,w,3,3,,ctl,missed,0,0,,13.6
mpp,-6.0,7,ack-4f,w,3,3,0,ctl,ok,0,0,-3.9,13.6
mpp,-6.0,7,ack-4f,w,3,3,0,ctl,ok,0,0,-0.8,13.6
mpp,-6.0,7,qpsk-r1/5,w,9,2,1,data,ok,0,0,-3.1,13.6
mpp,-6.0,7,n10-ack-4f,n10,3,3,0,ctl,ok,0,0,-5.7,13.6
mpp,-6.0,7,qpsk-r1/5,w,9,2,1,data,ok,6,6,-1.3,13.6
mpp,-6.0,7,ack-4f,w,2,2,0,ctl,ok,0,0,-0.1,13.6
mpp,-6.0,7,qpsk-r1/5,w,9,1,0,data,ok,8,8,-1.2,13.6
mpp,-6.0,7,ack-4f,w,2,2,0,ctl,ok,0,0,-3.0,13.6
mpp,-6.0,7,qpsk-r1/5,w,9,1,0,data,ctl_lost,8,0,-3.4,13.6
mpp,-6.0,7,ack-4f,w,3,3,0,ctl,ok,0,0,-3.0,13.6
mpp,-6.0,7,ack-4f,w,3,3,0,ctl,ok,0,0,-1.3,13.6
mpp,-6.0,7,qpsk-r1/5,w,9,2,1,data,ok,7,5,-2.9,13.6
mpp,-6.0,7,ack-4f,w,3,3,0,ctl,ok,0,0,-0.1,13.6
mpp,-6.0,7,qpsk-r1/5,w,9,2,1,data,ok,5,1,-2.3,13.6
mpp,-6.0,7,ack-4f,w,3,3,0,ctl,ok,0,0,-4.4,13.6
mpp,-6.0,7,qpsk-r1/5,w,9,2,1,data,ok,3,1,-2.8,13.6
mpp,-6.0,7,n10-ack-4f,n10,3,3,0,ctl,ok,0,0,-3.1,13.6
mpp,-6.0,7,qpsk-r1/5,w,9,2,1,data,ok,6,3,-3.0,13.6
mpp,-6.0,7,ack-4f,w,3,3,0,ctl,ok,0,0,1.6,13.6
mpp,-6.0,7,qpsk-r1/5,w,9,2,1,data,ok,5,5,-2.0,13.6
mpp,-6.0,7,ack-4f,w,2,2,0,ctl,ok,0,0,-2.1,13.6
mpp,-6.0,7,qpsk-r1/5,w,9,1,0,data,ctl_lost,8,0,-3.5,13.6
mpp,-6.0,7,ack-4f,w,3,3,0,ctl,ok,0,0,-0.9,13.6
mpp,-6.0,7,ack-4f,w,3,3,0,ctl,ctl_lost,0,0,-19.8,13.6
mpp,-6.0,7,ack-4f,w,3,3,0,ctl,ok,0,0,-3.7,13.6
mpp,-6.0,7,ack-4f,w,3,3,0,ctl,ok,0,0,-2.7,13.6
mpp,-6.0,7,qpsk-r1/5,w,9,2,1,data,ok,7,7,-1.5,13.6
mpp,-6.0,7,n10-ack-4f,n10,3,3,0,ctl,ok,0,0,-2.1,13.6
mpp,-6.0,7,qpsk-r1/5,w,9,2,1,data,ok,7,7,-2.1,13.6
mpp,-6.0,7,ack-4f,w,2,2,0,ctl,ok,0,0,-3.3,13.6
mpp,-6.0,7,qpsk-r1/5,w,9,1,0,data,ctl_lost,8,1,-3.1,13.6
mpp,-6.0,7,ack-4f,w,3,3,0,ctl,ctl_lost,0,0,-9.0,13.6
mpp,-6.0,7,ack-4f,w,3,3,0,ctl,ok,0,0,-1.2,13.6
mpp,-6.0,7,ack-4f,w,3,3,0,ctl,ok,0,0,-1.2,13.6
mpp,-6.0,7,qpsk-r1/5,w,9,2,1,data,ok,7,5,-2.7,13.6
mpp,-6.0,7,n10-ack-4f,n10,3,3,0,ctl,ok,0,0,-3.3,13.6
mpp,-6.0,7,qpsk-r1/5,w,9,2,1,data,ok,5,5,-3.0,13.6
mpp,-6.0,7,ack-4f,w,3,3,0,ctl,ok,0,0,-2.2,13.6
mpp,-6.0,7,qpsk-r1/5,w,9,2,1,data,ok,7,0,-2.8,13.6
mpp,-6.0,7,n10-ack-4f,n10,3,3,0,ctl,ok,0,0,-1.2,13.6
mpp,-6.0,7,qpsk-r1/5,w,9,2,1,data,ok,0,0,-2.7,13.6
mpp,-6.0,7,n10-ack-4f,n10,3,3,0,ctl,ok,0,0,-2.3,13.6
mpp,-6.0,7,qpsk-r1/5,w,9,2,1,data,ok,7,7,-1.9,13.6
mpp,-6.0,7,ack-4f,w,2,2,0,ctl,ok,0,0,0.2,13.6
mpp,-6.0,7,qpsk-r1/5,w,9,1,0,data,ctl_lost,8,0,-4.8,13.6
mpp,-6.0,7,ack-4f,w,3,3,0,ctl,ok,0,0,0.1,13.6
mpp,-6.0,7,ack-4f,w,3,3,0,ctl,ok,0,0,-0.6,13.6
mpp,-6.0,7,qpsk-r1/5,w,9,2,1,data,ok,7,0,-4.9,13.6
mpp,-6.0,7,n10-ack-4f,n10,3,3,0,ctl,ok,0,0,-4.7,13.6
mpp,-6.0,7,qpsk-r1/5,w,9,2,1,data,ok,0,0,-2.6,13.6
mpp,-6.0,7,ack-4f,w,3,3,0,ctl,ok,0,0,-3.0,13.6
mpp,-6.0,7,qpsk-r1/5,w,9,2,1,data,ok,7,0,-2.9,13.6
mpp,-6.0,7,n10-ack-4f,n10,3,3,0,ctl,ok,0,0,-4.3,13.6
mpp,-6.0,7,qpsk-r1/5,w,9,2,1,data,ok,0,0,-3.0,13.6
mpp,-6.0,7,ack-4f,w,3,3,,ctl,missed,0,0,,13.6
mpp,-6.0,10,qpsk-r1/5,w,1,1,0,ctl,ctl_lost,0,0,-4.5,8.5
mpp,-6.0,10,n4-qpsk-r1/3,n4,1,1,0,ctl,ok,0,0,-5.0,8.5
mpp,-6.0,10,n4-qpsk-r1/3,n4,1,1,0,ctl,ok,0,0,-2.8,8.5
mpp,-6.0,10,ack-4f,w,3,3,0,ctl,ok,0,0,-3.5,8.5
mpp,-6.0,10,ack-4f,w,3,3,0,ctl,ok,0,0,-2.5,8.5
mpp,-6.0,10,qpsk-r1/5,w,9,2,1,data,ok,7,2,-2.7,8.5
mpp,-6.0,10,n10-ack-4f,n10,3,3,0,ctl,ok,0,0,-2.5,8.5
mpp,-6.0,10,qpsk-r1/5,w,9,2,1,data,ok,2,0,-3.8,8.5
mpp,-6.0,10,ack-4f,w,3,3,0,ctl,ok,0,0,-0.7,8.5
mpp,-6.0,10,qpsk-r1/5,w,9,2,1,data,ok,5,5,-1.7,8.5
mpp,-6.0,10,ack-4f,w,3,3,,ctl,missed,0,0,,8.5
mpp,-6.0,10,ack-4f,w,3,3,0,ctl,ok,0,0,-0.7,8.5
mpp,-6.0,10,ack-4f,w,2,2,0,ctl,ok,0,0,-1.4,8.5
mpp,-6.0,10,qpsk-r1/5,w,9,1,0,data,ok,8,8,-2.8,8.5
mpp,-6.0,10,ack-4f,w,3,3,0,ctl,ok,0,0,-3.8,8.5
mpp,-6.0,10,qpsk-r1/5,w,9,2,1,data,ok,7,7,-1.9,8.5
mpp,-6.0,10,n10-ack-4f,n10,3,3,0,ctl,ok,0,0,-7.1,8.5
mpp,-6.0,10,qpsk-r1/5,w,9,2,1,data,ok,7,5,-3.3,8.5
mpp,-6.0,10,ack-4f,w,3,3,0,ctl,ok,0,0,-1.5,8.5
mpp,-6.0,10,qpsk-r1/5,w,9,2,1,data,ok,5,5,-1.6,8.5
mpp,-6.0,10,ack-4f,w,2,2,0,ctl,ok,0,0,0.4,8.5
mpp,-6.0,10,qpsk-r1/5,w,9,1,0,data,ok,8,7,-2.8,8.5
mpp,-6.0,10,ack-4f,w,3,3,0,ctl,ok,0,0,-1.8,8.5
mpp,-6.0,10,qpsk-r1/5,w,9,1,0,data,ctl_lost,7,0,-4.6,8.5
mpp,-6.0,10,ack-4f,w,3,3,0,ctl,ok,0,0,-4.0,8.5
mpp,-6.0,10,ack-4f,w,3,3,0,ctl,ok,0,0,-2.4,8.5
mpp,-6.0,10,qpsk-r1/5,w,9,2,1,data,ok,6,0,-2.8,8.5
mpp,-6.0,10,ack-4f,w,3,3,0,ctl,ok,0,0,-1.8,8.5
mpp,-6.0,10,qpsk-r1/5,w,9,2,,data,missed,0,0,,8.5
mpp,-6.0,10,ack-4f,w,3,3,,ctl,missed,0,0,,8.5
mpp,-6.0,10,ack-4f,w,3,3,0,ctl,ok,0,0,0.7,8.5
mpp,-6.0,10,ack-4f,w,2,2,0,ctl,ok,0,0,-7.5,8.5
mpp,-6.0,10,qpsk-r1/5,w,9,1,0,data,ctl_lost,2,1,-3.5,8.5
mpp,-6.0,10,ack-4f,w,3,3,0,ctl,ok,0,0,-2.5,8.5
mpp,-6.0,10,ack-4f,w,3,3,0,ctl,ok,0,0,-4.1,8.5
mpp,-6.0,10,qpsk-r1/5,w,9,2,1,data,ok,1,1,-3.3,8.5
mpp,-6.0,10,n10-ack-4f,n10,3,3,0,ctl,ok,0,0,-4.2,8.5
mpp,-6.0,10,qpsk-r1/5,w,9,2,1,data,ok,7,0,-4.0,8.5
mpp,-6.0,10,ack-4f,w,3,3,0,ctl,ok,0,0,-3.7,8.5
mpp,-6.0,10,qpsk-r1/5,w,9,2,1,data,ok,0,0,-2.9,8.5
mpp,-6.0,10,ack-4f,w,3,3,0,ctl,ok,0,0,-2.2,8.5
mpp,-6.0,10,qpsk-r1/5,w,9,2,1,data,ok,7,0,-4.4,8.5
mpp,-6.0,10,ack-4f,w,3,3,0,ctl,ok,0,0,0.1,8.5
mpp,-6.0,10,fsk32r62-r1/2,c32r62,10,2,1,data,ok,8,8,-2.8,8.5
mpp,-6.0,10,ack-4f,w,2,2,0,ctl,ok,0,0,-1.3,8.5
mpp,-6.0,10,fsk32r62-r1/2,c32r62,9,1,0,data,ctl_lost,8,8,-3.3,8.5
mpp,-6.0,10,ack-4f,w,3,3,0,ctl,ok,0,0,-4.5,8.5
mpp,-6.0,10,ack-4f,w,2,2,0,ctl,ok,0,0,-3.6,8.5
mpp,-6.0,10,fsk8r50-r1/2,c8r50,7,1,0,data,ok,6,6,-2.3,8.5
mpp,-6.0,10,ack-4f,w,3,3,0,ctl,ok,0,0,-3.6,8.5
mpp,-6.0,10,qpsk-r1/5,w,9,2,1,data,ok,7,5,-2.8,8.5
mpp,-6.0,10,ack-4f,w,3,3,0,ctl,ok,0,0,-2.5,8.5
mpp,-6.0,10,qpsk-r1/5,w,9,2,1,data,ok,5,0,-4.5,8.5
mpp,-6.0,10,ack-4f,w,3,3,0,ctl,ok,0,0,-1.1,8.5
mpp,-6.0,10,qpsk-r1/5,w,9,2,1,data,ok,2,2,-2.3,8.5
mpp,-6.0,10,ack-4f,w,3,3,0,ctl,ok,0,0,-1.8,8.5
mpp,-6.0,10,qpsk-r1/5,w,9,2,1,data,ok,7,0,-2.8,8.5
mpp,-6.0,10,ack-4f,w,2,2,0,ctl,ok,0,0,-5.4,8.5
mpp,-6.0,10,qpsk-r1/5,w,9,1,0,data,ctl_lost,1,0,-2.9,8.5
mpp,-6.0,10,ack-4f,w,3,3,0,ctl,ok,0,0,-3.7,8.5
mpp,-6.0,10,ack-4f,w,3,3,0,ctl,ok,0,0,-1.1,8.5
mpp,-6.0,10,qpsk-r1/5,w,9,2,1,data,ok,0,0,-1.7,8.5
mpp,-6.0,10,ack-4f,w,3,3,0,ctl,ok,0,0,-4.3,8.5
mpp,-6.0,10,qpsk-r1/5,w,9,2,1,data,ok,7,1,-2.5,8.5
mpp,-6.0,10,ack-4f,w,3,3,0,ctl,ok,0,0,-2.7,8.5
mpp,-6.0,10,qpsk-r1/5,w,9,2,,data,missed,0,0,,8.5
mpp,-6.0,10,ack-4f,w,3,3,0,ctl,ok,0,0,-3.9,8.5
mpp,-6.0,10,ack-4f,w,3,3,0,ctl,ok,0,0,-5.6,8.5
mpp,-6.0,10,qpsk-r1/5,w,9,2,1,data,ok,1,0,-4.0,8.5
mpp,-6.0,10,ack-4f,w,3,3,0,ctl,ok,0,0,-1.5,8.5
mpp,-6.0,10,qpsk-r1/5,w,9,2,1,data,ok,6,0,-3.0,8.5
mpp,-6.0,10,ack-4f,w,3,3,0,ctl,ok,0,0,-4.7,8.5
mpp,-6.0,10,qpsk-r1/5,w,9,2,1,data,ok,1,1,-2.1,8.5
mpp,-6.0,10,ack-4f,w,2,2,0,ctl,ok,0,0,-0.5,8.5
mpp,-6.0,10,qpsk-r1/5,w,9,1,0,data,ctl_lost,8,0,-3.8,8.5
mpp,-6.0,10,ack-4f,w,3,3,,ctl,missed,0,0,,8.5
mpp,-6.0,10,ack-4f,w,3,3,0,ctl,ok,0,0,-3.7,8.5
mpp,-6.0,10,ack-4f,w,3,3,,ctl,missed,0,0,,8.5
mpp,-6.0,10,ack-4f,w,3,3,0,ctl,ok,0,0,-1.2,8.5
mpp,-6.0,10,ack-4f,w,3,3,0,ctl,ok,0,0,-1.9,8.5
mpp,-6.0,10,qpsk-r1/5,w,9,2,1,data,ok,7,0,-3.7,8.5
mpp,-6.0,10,ack-4f,w,3,3,0,ctl,ok,0,0,-3.6,8.5
mpp,-6.0,10,qpsk-r1/5,w,9,2,1,data,ok,0,0,-3.0,8.5
mpp,-6.0,9,qpsk-r1/5,w,1,1,0,ctl,ctl_lost,0,0,-5.4,8.9
mpp,-6.0,9,n4-qpsk-r1/3,n4,1,1,0,ctl,ctl_lost,0,0,-5.5,8.9
mpp,-6.0,9,n4-qpsk-r1/3,n4,1,1,0,ctl,ok,0,0,-1.7,8.9
mpp,-6.0,9,n4-qpsk-r1/3,n4,1,1,0,ctl,ok,0,0,-5.2,8.9
mpp,-6.0,9,ack-4f,w,3,3,0,ctl,ok,0,0,-3.6,8.9
mpp,-6.0,9,ack-4f,w,3,3,0,ctl,ok,0,0,-6.4,8.9
mpp,-6.0,9,qpsk-r1/5,w,9,2,1,data,ok,7,7,-1.5,8.9
mpp,-6.0,9,n10-ack-4f,n10,3,3,0,ctl,ok,0,0,-2.5,8.9
mpp,-6.0,9,qpsk-r1/5,w,9,2,1,data,ok,7,7,-1.3,8.9
mpp,-6.0,9,ack-4f,w,3,3,0,ctl,ok,0,0,-1.7,8.9
mpp,-6.0,9,qpsk-r1/5,w,9,2,1,data,ok,7,0,-3.1,8.9
mpp,-6.0,9,ack-4f,w,3,3,0,ctl,ok,0,0,-0.8,8.9
mpp,-6.0,9,qpsk-r1/5,w,9,2,,data,missed,0,0,,8.9
mpp,-6.0,9,ack-4f,w,3,3,0,ctl,ok,0,0,-3.9,8.9
mpp,-6.0,9,ack-4f,w,3,3,0,ctl,ok,0,0,-5.4,8.9
mpp,-6.0,9,qpsk-r1/5,w,9,2,1,data,ok,0,0,-3.3,8.9
mpp,-6.0,9,ack-4f,w,3,3,0,ctl,ok,0,0,-8.8,8.9
mpp,-6.0,9,qpsk-r1/5,w,9,2,1,data,ok,7,7,-2.7,8.9
mpp,-6.0,9,n4-ack-8f,n4,3,3,,ctl,missed,0,0,,8.9
mpp,-6.0,9,ack-4f,w,3,3,0,ctl,ok,0,0,-0.8,8.9
mpp,-6.0,9,ack-4f,w,3,3,0,ctl,ok,0,0,-1.8,8.9
mpp,-6.0,9,qpsk-r1/5,w,9,2,1,data,ok,7,0,-2.7,8.9
mpp,-6.0,9,n10-ack-4f,n10,3,3,,ctl,missed,0,0,,8.9
mpp,-6.0,9,ack-4f,w,3,3,0,ctl,ok,0,0,-0.6,8.9
mpp,-6.0,9,ack-4f,w,2,2,0,ctl,ok,0,0,-2.1,8.9
mpp,-6.0,9,qpsk-r1/5,w,9,1,0,data,ctl_lost,8,0,-3.6,8.9
mpp,-6.0,9,ack-4f,w,3,3,0,ctl,ok,0,0,-2.4,8.9
mpp,-6.0,9,ack-4f,w,3,3,0,ctl,ok,0,0,-3.4,8.9
mpp,-6.0,9,qpsk-r1/5,w,9,2,1,data,ok,7,7,-2.8,8.9
mpp,-6.0,9,ack-4f,w,3,3,0,ctl,ok,0,0,-0.2,8.9
mpp,-6.0,9,qpsk-r1/5,w,9,2,1,data,ctl_lost,7,0,-5.5,8.9
mpp,-6.0,9,ack-4f,w,3,3,0,ctl,ok,0,0,0.5,8.9
mpp,-6.0,9,ack-4f,w,3,3,0,ctl,ok,0,0,-3.8,8.9
mpp,-6.0,9,qpsk-r1/5,w,9,2,,data,missed,0,0,,8.9
mpp,-6.0,9,ack-4f,w,3,3,0,ctl,ok,0,0,-4.0,8.9
mpp,-6.0,9,ack-4f,w,3,3,0,ctl,ok,0,0,-0.8,8.9
mpp,-6.0,9,qpsk-r1/5,w,9,2,1,data,ok,7,5,-2.3,8.9
mpp,-6.0,9,ack-4f,w,3,3,0,ctl,ok,0,0,-0.6,8.9
mpp,-6.0,9,qpsk-r1/5,w,9,2,1,data,ok,6,6,-1.8,8.9
mpp,-6.0,9,ack-4f,w,3,3,0,ctl,ok,0,0,-0.7,8.9
mpp,-6.0,9,qpsk-r1/5,w,9,2,1,data,ok,7,0,-3.8,8.9
mpp,-6.0,9,ack-4f,w,3,3,0,ctl,ok,0,0,-2.1,8.9
mpp,-6.0,9,qpsk-r1/5,w,9,2,1,data,ok,0,0,-1.7,8.9
mpp,-6.0,9,ack-4f,w,3,3,0,ctl,ok,0,0,-4.3,8.9
mpp,-6.0,9,qpsk-r1/5,w,9,2,1,data,ok,7,7,-1.7,8.9
mpp,-6.0,9,ack-4f,w,2,2,0,ctl,ok,0,0,-2.0,8.9
mpp,-6.0,9,qpsk-r1/5,w,9,1,0,data,ctl_lost,8,0,-4.4,8.9
mpp,-6.0,9,ack-4f,w,3,3,0,ctl,ok,0,0,-2.5,8.9
mpp,-6.0,9,ack-4f,w,3,3,0,ctl,ok,0,0,-1.5,8.9
mpp,-6.0,9,qpsk-r1/5,w,9,2,1,data,ok,7,6,-3.1,8.9
mpp,-6.0,9,ack-4f,w,3,3,0,ctl,ok,0,0,-2.6,8.9
mpp,-6.0,9,qpsk-r1/5,w,9,2,1,data,ok,6,0,-4.8,8.9
mpp,-6.0,9,ack-4f,w,3,3,0,ctl,ok,0,0,-0.0,8.9
mpp,-6.0,9,qpsk-r1/5,w,9,2,1,data,ok,1,1,-2.0,8.9
mpp,-6.0,9,ack-4f,w,3,3,0,ctl,ok,0,0,-2.5,8.9
mpp,-6.0,9,qpsk-r1/5,w,9,2,1,data,ok,7,0,-3.7,8.9
mpp,-6.0,9,ack-4f,w,3,3,0,ctl,ok,0,0,-3.8,8.9
mpp,-6.0,9,qpsk-r1/5,w,9,2,1,data,ok,0,0,-2.3,8.9
mpp,-6.0,9,ack-4f,w,3,3,0,ctl,ok,0,0,-2.9,8.9
mpp,-6.0,9,qpsk-r1/5,w,9,2,1,data,ok,7,0,-3.1,8.9
mpp,-6.0,9,ack-4f,w,2,2,0,ctl,ok,0,0,-5.3,8.9
mpp,-6.0,9,qpsk-r1/5,w,9,1,0,data,ctl_lost,1,0,-3.2,8.9
mpp,-6.0,9,ack-4f,w,3,3,0,ctl,ok,0,0,-2.8,8.9
mpp,-6.0,9,ack-4f,w,3,3,0,ctl,ok,0,0,-1.1,8.9
mpp,-6.0,9,fsk32r62-r1/2,c32r62,10,2,1,data,ok,8,8,-2.8,8.9
mpp,-6.0,9,ack-4f,w,2,2,0,ctl,ok,0,0,-3.8,8.9
mpp,-6.0,9,fsk32r62-r1/2,c32r62,9,1,0,data,ok,8,7,-3.3,8.9
mpp,-6.0,9,ack-4f,w,3,3,0,ctl,ok,0,0,0.1,8.9
mpp,-6.0,9,fsk32r62-r1/2,c32r62,9,1,0,data,ctl_lost,7,7,-2.3,8.9
mpp,-6.0,9,ack-4f,w,3,3,0,ctl,ok,0,0,-3.6,8.9
mpp,-6.0,9,ack-4f,w,3,3,0,ctl,ok,0,0,-1.8,8.9
mpp,-6.0,9,fsk32r62-r1/2,c32r62,10,2,1,data,ok,7,7,-2.6,8.9
mpp,-6.0,9,ack-4f,w,3,3,0,ctl,ok,0,0,-2.4,8.9
mpp,-6.0,9,qpsk-r1/3,w,9,2,1,data,ok,7,0,-2.7,8.9
mpp,-6.0,9,ack-4f,w,3,3,0,ctl,ok,0,0,-3.1,8.9
mpp,-6.0,9,fsk32r62-r1/2,c32r62,10,2,1,data,ok,8,8,-2.5,8.9
mpp,-6.0,9,ack-4f,w,3,3,0,ctl,ok,0,0,-0.9,8.9
mpp,-6.0,9,qpsk-r1/3,w,9,2,1,data,ok,7,0,-3.5,8.9
mpp,-6.0,11,qpsk-r1/5,w,1,1,0,ctl,ok,0,0,-3.0,10.2
mpp,-6.0,11,qpsk-r1/5,w,1,1,0,ctl,ctl_lost,0,0,-6.3,10.2
mpp,-6.0,11,n4-qpsk-r1/3,n4,1,1,0,ctl,ok,0,0,-2.8,10.2
mpp,-6.0,11,n4-qpsk-r1/3,n4,1,1,0,ctl,ok,0,0,-3.1,10.2
mpp,-6.0,11,ack-4f,w,3,3,0,ctl,ok,0,0,-3.0,10.2
mpp,-6.0,11,n10-ack-4f,n10,3,3,,ctl,missed,0,0,,10.2
mpp,-6.0,11,ack-4f,w,3,3,0,ctl,ok,0,0,-1.3,10.2
mpp,-6.0,11,ack-4f,w,3,3,0,ctl,ok,0,0,-6.2,10.2
mpp,-6.0,11,qpsk-r1/5,w,9,2,1,data,ok,7,7,-2.2,10.2
mpp,-6.0,11,n10-ack-4f,n10,3,3,0,ctl,ok,0,0,-3.8,10.2
mpp,-6.0,11,qpsk-r1/5,w,9,2,1,data,ok,7,0,-4.1,10.2
mpp,-6.0,11,ack-4f,w,3,3,0,ctl,ok,0,0,-4.6,10.2
mpp,-6.0,11,qpsk-r1/5,w,9,2,1,data,ok,0,0,-4.1,10.2
mpp,-6.0,11,n10-ack-4f,n10,3,3,0,ctl,ok,0,0,-5.8,10.2
mpp,-6.0,11,qpsk-r1/5,w,9,2,,data,missed,0,0,,10.2
mpp,-6.0,11,ack-4f,w,3,3,0,ctl,ok,0,0,0.4,10.2
mpp,-6.0,11,ack-4f,w,3,3,0,ctl,ok,0,0,-1.1,10.2
mpp,-6.0,11,qpsk-r1/5,w,9,2,1,data,ok,7,1,-3.2,10.2
mpp,-6.0,11,ack-4f,w,3,3,0,ctl,ok,0,0,-3.8,10.2
mpp,-6.0,11,qpsk-r1/5,w,9,2,1,data,ok,1,0,-2.2,10.2
mpp,-6.0,11,n10-ack-4f,n10,3,3,0,ctl,ok,0,0,-4.5,10.2
mpp,-6.0,11,qpsk-r1/5,w,9,2,1,data,ok,7,5,-2.9,10.2
mpp,-6.0,11,ack-4f,w,3,3,0,ctl,ok,0,0,-1.7,10.2
mpp,-6.0,11,qpsk-r1/5,w,9,2,1,data,ok,6,6,-2.1,10.2
mpp,-6.0,11,ack-4f,w,3,3,0,ctl,ok,0,0,-2.0,10.2
mpp,-6.0,11,qpsk-r1/5,w,9,2,1,data,ok,7,7,-2.4,10.2
mpp,-6.0,11,ack-4f,w,2,2,0,ctl,ok,0,0,-2.9,10.2
mpp,-6.0,11,qpsk-r1/5,w,9,1,0,data,ctl_lost,8,0,-3.0,10.2
mpp,-6.0,11,ack-4f,w,3,3,0,ctl,ok,0,0,-0.9,10.2
mpp,-6.0,11,ack-4f,w,3,3,0,ctl,ok,0,0,-3.6,10.2
mpp,-6.0,11,qpsk-r1/5,w,9,2,1,data,ok,7,0,-3.8,10.2
mpp,-6.0,11,n10-ack-4f,n10,3,3,0,ctl,ok,0,0,-4.2,10.2
mpp,-6.0,11,qpsk-r1/5,w,9,2,1,data,ok,0,0,-2.6,10.2
mpp,-6.0,11,ack-4f,w,3,3,0,ctl,ok,0,0,-4.9,10.2
mpp,-6.0,11,qpsk-r1/5,w,9,2,1,data,ok,7,0,-2.9,10.2
mpp,-6.0,11,ack-4f,w,3,3,0,ctl,ok,0,0,-1.1,10.2
mpp,-6.0,11,qpsk-r1/5,w,9,2,1,data,ok,0,0,-2.5,10.2
mpp,-6.0,11,ack-4f,w,3,3,0,ctl,ok,0,0,-5.0,10.2
mpp,-6.0,11,qpsk-r1/5,w,9,2,,data,missed,0,0,,10.2
mpp,-6.0,11,ack-4f,w,3,3,0,ctl,ok,0,0,-3.0,10.2
mpp,-6.0,11,ack-4f,w,3,3,0,ctl,ok,0,0,-0.7,10.2
mpp,-6.0,11,qpsk-r1/5,w,9,2,1,data,ok,7,7,-0.5,10.2
mpp,-6.0,11,n10-ack-4f,n10,2,2,0,ctl,ok,0,0,-1.1,10.2
mpp,-6.0,11,qpsk-r1/5,w,9,1,0,data,ctl_lost,8,0,-2.4,10.2
mpp,-6.0,11,ack-4f,w,3,3,0,ctl,ok,0,0,-7.0,10.2
mpp,-6.0,11,ack-4f,w,3,3,0,ctl,ok,0,0,-1.9,10.2
mpp,-6.0,11,qpsk-r1/5,w,9,2,1,data,ok,7,0,-2.7,10.2
mpp,-6.0,11,ack-4f,w,3,3,0,ctl,ok,0,0,-1.8,10.2
mpp,-6.0,11,qpsk-r1/5,w,9,2,1,data,ok,0,0,-2.7,10.2
mpp,-6.0,11,ack-4f,w,2,2,0,ctl,ok,0,0,-2.4,10.2
mpp,-6.0,11,qpsk-r1/5,w,9,1,0,data,ok,8,8,-2.0,10.2
mpp,-6.0,11,ack-4f,w,2,2,0,ctl,ok,0,0,-0.1,10.2
mpp,-6.0,11,qpsk-r1/5,w,9,1,0,data,ctl_lost,8,2,-3.1,10.2
mpp,-6.0,11,ack-4f,w,3,3,0,ctl,ok,0,0,-1.5,10.2
mpp,-6.0,11,ack-4f,w,3,3,0,ctl,ok,0,0,0.6,10.2
mpp,-6.0,11,qpsk-r1/5,w,9,2,1,data,ok,7,7,-1.8,10.2
mpp,-6.0,11,ack-4f,w,3,3,0,ctl,ok,0,0,-4.2,10.2
mpp,-6.0,11,qpsk-r1/5,w,9,2,1,data,ok,7,0,-3.9,10.2
mpp,-6.0,11,ack-4f,w,3,3,0,ctl,ok,0,0,-1.7,10.2
mpp,-6.0,11,qpsk-r1/5,w,9,2,1,data,ok,0,0,-2.5,10.2
mpp,-6.0,11,ack-4f,w,3,3,0,ctl,ok,0,0,-2.7,10.2
mpp,-6.0,11,qpsk-r1/5,w,9,2,1,data,ok,7,7,-2.6,10.2
mpp,-6.0,11,ack-4f,w,3,3,0,ctl,ok,0,0,-7.3,10.2
mpp,-6.0,11,qpsk-r1/5,w,9,2,1,data,ok,7,0,-3.1,10.2
mpp,-6.0,11,ack-4f,w,3,3,,ctl,missed,0,0,,10.2
mpp,-6.0,11,ack-4f,w,3,3,0,ctl,ok,0,0,-4.5,10.2
mpp,-6.0,11,ack-4f,w,3,3,0,ctl,ok,0,0,-2.0,10.2
mpp,-6.0,11,qpsk-r1/5,w,9,2,1,data,ok,7,4,-3.0,10.2
mpp,-6.0,11,ack-4f,w,3,3,0,ctl,ok,0,0,-3.8,10.2
mpp,-6.0,11,qpsk-r1/5,w,9,2,,data,missed,0,0,,10.2
mpp,-6.0,11,ack-4f,w,3,3,0,ctl,ok,0,0,-3.6,10.2
mpp,-6.0,11,ack-4f,w,3,3,0,ctl,ok,0,0,-10.7,10.2
mpp,-6.0,11,qpsk-r1/5,w,9,2,1,data,ok,7,7,-2.1,10.2
mpp,-6.0,11,ack-4f,w,2,2,0,ctl,ok,0,0,-0.6,10.2
mpp,-6.0,11,qpsk-r1/5,w,9,1,0,data,ctl_lost,8,0,-3.3,10.2
mpp,-6.0,11,ack-4f,w,3,3,,ctl,missed,0,0,,10.2
mpp,-6.0,11,ack-4f,w,3,3,0,ctl,ok,0,0,-1.8,10.2
mpp,-6.0,11,ack-4f,w,3,3,0,ctl,ok,0,0,-6.7,10.2
mpp,-6.0,11,qpsk-r1/5,w,9,2,,data,missed,0,0,,10.2
mpp,-6.0,11,ack-4f,w,3,3,0,ctl,ok,0,0,-3.1,10.2
mpp,-6.0,11,ack-4f,w,3,3,0,ctl,ok,0,0,-3.9,10.2
mpp,-6.0,11,qpsk-r1/5,w,9,2,1,data,ok,7,4,-3.0,10.2
mpp,-6.0,11,ack-4f,w,3,3,0,ctl,ok,0,0,-0.2,10.2
mpp,-6.0,11,qpsk-r1/5,w,9,2,1,data,ok,4,0,-3.3,10.2
mpp,-6.0,11,ack-4f,w,3,3,0,ctl,ok,0,0,-6.2,10.2
mpp,-6.0,11,qpsk-r1/5,w,9,2,1,data,ok,5,0,-5.0,10.2
mpp,-6.0,11,ack-4f,w,3,3,0,ctl,ok,0,0,-3.5,10.2
mpp,-6.0,11,fsk32r62-r1/2,c32r62,10,2,1,data,ok,8,8,-3.4,10.2
mpp,-6.0,11,ack-4f,w,2,2,0,ctl,ok,0,0,-0.0,10.2
mpp,-6.0,11,fsk32r62-r1/2,c32r62,9,1,0,data,ok,8,8,-2.8,10.2
mpd,20.0,3,qpsk-r1/5,w,1,1,0,ctl,ok,0,0,19.5,320.0
mpd,20.0,3,qpsk-r1/5,w,1,1,0,ctl,ok,0,0,19.5,320.0
mpd,20.0,3,ack-4f,w,2,2,0,ctl,ok,0,0,18.9,320.0
mpd,20.0,3,ack-1f,w,2,2,0,ctl,ok,0,0,19.8,320.0
mpd,20.0,3,w48-16qam-r1/2,w48,19,1,0,data,ok,18,18,17.0,320.0
mpd,20.0,3,ack-1f,w,2,2,0,ctl,ok,0,0,16.1,320.0
mpd,20.0,3,w48-16qam-r1/2,w48,19,1,0,data,ok,18,18,18.1,320.0
mpd,20.0,3,ack-1f,w,2,2,0,ctl,ok,0,0,21.6,320.0
mpd,20.0,3,w48-16qam-r1/2,w48,19,1,0,data,ok,18,18,16.2,320.0
mpd,20.0,3,ack-1f,w,2,2,0,ctl,ok,0,0,21.4,320.0
mpd,20.0,3,w48-16qam-r1/2,w48,19,1,0,data,ok,18,18,18.4,320.0
mpd,20.0,3,ack-1f,w,2,2,0,ctl,ok,0,0,19.2,320.0
mpd,20.0,3,w48-16qam-r1/2,w48,19,1,0,data,ok,18,18,17.5,320.0
mpd,20.0,3,ack-1f,w,2,2,0,ctl,ok,0,0,20.1,320.0
mpd,20.0,3,w48-16qam-r1/2,w48,19,1,0,data,ok,18,18,12.0,320.0
mpd,20.0,3,ack-1f,w,3,3,0,ctl,ok,0,0,16.9,320.0
mpd,20.0,3,w48-16qam-r1/2,w48,19,2,1,data,ok,17,17,12.5,320.0
mpd,20.0,3,ack-1f,w,2,2,0,ctl,ok,0,0,18.8,320.0
mpd,20.0,3,w48-16qam-r1/3,w48,19,1,0,data,ok,18,18,12.4,320.0
mpd,20.0,3,ack-1f,w,3,3,0,ctl,ok,0,0,15.1,320.0
mpd,20.0,3,w48-16qam-r1/2,w48,19,2,1,data,ok,17,17,13.3,320.0
mpd,20.0,3,ack-1f,w,3,3,0,ctl,ok,0,0,19.2,320.0
mpd,20.0,3,w48-16qam-r1/2,w48,19,2,1,data,ok,17,17,14.1,320.0
mpd,20.0,3,ack-1f,w,3,3,0,ctl,ok,0,0,16.9,320.0
mpd,20.0,3,w48-16qam-r1/2,w48,19,2,1,data,ok,17,17,14.0,320.0
mpd,20.0,3,ack-1f,w,2,2,0,ctl,ok,0,0,18.4,320.0
mpd,20.0,3,w48-16qam-r1/2,w48,19,1,0,data,ok,18,18,12.7,320.0
mpd,20.0,3,ack-1f,w,3,3,0,ctl,ok,0,0,18.2,320.0
mpd,20.0,3,w48-16qam-r1/2,w48,19,2,1,data,ok,17,17,12.3,320.0
mpd,20.0,3,ack-1f,w,3,3,0,ctl,ok,0,0,18.7,320.0
mpd,20.0,3,w48-16qam-r1/2,w48,19,2,1,data,ok,17,17,13.2,320.0
mpd,20.0,3,ack-1f,w,3,3,0,ctl,ok,0,0,20.2,320.0
mpd,20.0,3,w48-16qam-r1/2,w48,19,2,1,data,ok,17,17,13.9,320.0
mpd,20.0,3,ack-1f,w,2,2,0,ctl,ok,0,0,20.7,320.0
mpd,20.0,3,w48-16qam-r1/2,w48,19,1,0,data,ok,18,18,13.1,320.0
mpd,20.0,3,ack-1f,w,2,2,0,ctl,ok,0,0,19.1,320.0
mpd,20.0,3,w48-16qam-r1/2,w48,19,1,0,data,ok,18,18,15.0,320.0
mpd,20.0,3,ack-1f,w,2,2,0,ctl,ok,0,0,13.7,320.0
mpd,20.0,3,w48-16qam-r1/2,w48,19,1,0,data,ok,18,18,19.4,320.0
mpd,20.0,3,ack-1f,w,2,2,0,ctl,ok,0,0,19.8,320.0
mpd,20.0,3,w48-16qam-r1/2,w48,19,1,0,data,ok,18,18,18.3,320.0
mpd,20.0,3,ack-1f,w,2,2,0,ctl,ok,0,0,18.1,320.0
mpd,20.0,3,w48-16qam-r1/2,w48,19,1,0,data,ok,18,18,13.5,320.0
mpd,20.0,3,ack-1f,w,2,2,0,ctl,ok,0,0,20.2,320.0
mpd,20.0,3,w48-16qam-r1/2,w48,19,1,0,data,ok,18,18,16.9,320.0
mpd,20.0,3,ack-1f,w,2,2,0,ctl,ok,0,0,20.2,320.0
mpd,20.0,3,w48-16qam-r1/2,w48,19,1,0,data,ok,18,18,12.5,320.0
mpd,20.0,3,ack-1f,w,2,2,0,ctl,ok,0,0,17.5,320.0
mpd,20.0,3,w48-16qam-r1/2,w48,19,1,0,data,ok,18,18,18.2,320.0
mpd,20.0,3,ack-1f,w,2,2,0,ctl,ok,0,0,18.2,320.0
mpd,20.0,3,w48-16qam-r1/2,w48,19,1,0,data,ok,18,18,13.4,320.0
mpd,20.0,3,ack-1f,w,2,2,0,ctl,ok,0,0,18.2,320.0
mpd,20.0,3,w48-16qam-r1/2,w48,19,1,0,data,ok,18,18,15.3,320.0
mpd,20.0,3,ack-1f,w,2,2,0,ctl,ok,0,0,16.9,320.0
mpd,20.0,3,w48-16qam-r1/2,w48,19,1,0,data,ok,18,18,15.3,320.0
mpd,20.0,3,ack-1f,w,2,2,0,ctl,ok,0,0,21.0,320.0
mpd,20.0,3,w48-16qam-r1/2,w48,19,1,0,data,ok,18,18,13.2,320.0
mpd,20.0,3,ack-1f,w,2,2,0,ctl,ok,0,0,20.3,320.0
mpd,20.0,3,w48-16qam-r1/2,w48,19,1,0,data,ok,18,18,17.5,320.0
mpd,20.0,3,ack-1f,w,2,2,0,ctl,ok,0,0,21.5,320.0
mpd,20.0,3,w48-16qam-r1/2,w48,19,1,0,data,ok,18,18,19.3,320.0
mpd,20.0,3,ack-1f,w,3,3,0,ctl,ok,0,0,19.3,320.0
mpd,20.0,3,w48-64l-r1/2,w48,39,2,1,data,ok,37,37,17.1,320.0
mpd,20.0,3,ack-1f,w,3,3,0,ctl,ok,0,0,20.3,320.0
mpd,20.0,3,w48-64l-r1/2,w48,39,2,1,data,ok,37,0,12.1,320.0
mpd,20.0,3,ack-1f,w,2,2,0,ctl,ok,0,0,19.5,320.0
mpd,20.0,3,w48-16qam-r1/2,w48,19,1,0,data,ok,18,18,12.2,320.0
mpd,20.0,3,ack-1f,w,2,2,0,ctl,ok,0,0,20.3,320.0
mpd,20.0,3,w48-16qam-r1/2,w48,19,1,0,data,ok,18,18,13.2,320.0
mpd,20.0,3,ack-1f,w,2,2,0,ctl,ok,0,0,20.3,320.0
mpd,20.0,3,w48-16qam-r1/2,w48,19,1,0,data,ok,18,18,15.3,320.0
mpd,20.0,3,ack-1f,w,2,2,0,ctl,ok,0,0,19.9,320.0
mpd,20.0,3,w48-16qam-r1/2,w48,19,1,0,data,ok,18,17,12.3,320.0
mpd,20.0,3,ack-1f,w,3,3,0,ctl,ok,0,0,9.7,320.0
mpd,20.0,3,w48-16qam-r1/2,w48,19,1,0,data,ok,17,17,14.2,320.0
mpd,20.0,3,ack-1f,w,2,2,0,ctl,ok,0,0,19.4,320.0
mpd,20.0,3,w48-16qam-r1/2,w48,19,1,0,data,ok,18,18,11.8,320.0
mpd,20.0,3,ack-1f,w,2,2,0,ctl,ok,0,0,21.6,320.0
mpd,20.0,3,w48-16qam-r1/2,w48,19,1,0,data,ok,18,18,15.1,320.0
mpd,20.0,3,ack-1f,w,2,2,0,ctl,ok,0,0,19.0,320.0
mpd,20.0,3,w48-16qam-r1/2,w48,19,1,0,data,ok,18,18,19.6,320.0
mpd,20.0,3,ack-1f,w,3,3,0,ctl,ok,0,0,17.0,320.0
mpd,20.0,3,w48-64l-r1/2,w48,39,2,1,data,ok,37,37,16.1,320.0
mpd,20.0,3,ack-1f,w,3,3,0,ctl,ok,0,0,17.8,320.0
mpd,20.0,3,w48-64l-r1/2,w48,39,2,1,data,ok,37,37,16.5,320.0
mpd,20.0,3,ack-1f,w,3,3,0,ctl,ok,0,0,20.1,320.0
mpd,20.0,3,w48-64l-r1/2,w48,39,2,1,data,ok,37,37,16.0,320.0
mpd,20.0,3,ack-1f,w,3,3,0,ctl,ok,0,0,19.7,320.0
mpd,20.0,3,w48-64l-r1/2,w48,39,2,1,data,ok,37,37,16.3,320.0
mpd,20.0,3,ack-1f,w,3,3,0,ctl,ok,0,0,20.6,320.0
mpd,20.0,3,w48-64l-r1/2,w48,39,2,1,data,ok,37,37,16.6,320.0
mpd,20.0,3,ack-1f,w,3,3,0,ctl,ok,0,0,19.6,320.0
mpd,20.0,3,w48-64l-r1/2,w48,39,2,1,data,ok,37,37,16.5,320.0
mpd,20.0,6,qpsk-r1/5,w,1,1,0,ctl,ok,0,0,19.5,300.5
mpd,20.0,6,qpsk-r1/5,w,1,1,0,ctl,ok,0,0,18.7,300.5
mpd,20.0,6,ack-4f,w,3,3,0,ctl,ok,0,0,19.4,300.5
mpd,20.0,6,ack-1f,w,2,2,0,ctl,ok,0,0,18.7,300.5
mpd,20.0,6,w48-16qam-r1/2,w48,19,1,0,data,ok,18,18,18.7,300.5
mpd,20.0,6,ack-1f,w,2,2,0,ctl,ok,0,0,18.4,300.5
mpd,20.0,6,w48-16qam-r1/2,w48,19,1,0,data,ok,18,18,13.1,300.5
mpd,20.0,6,ack-1f,w,3,3,0,ctl,ok,0,0,19.0,300.5
mpd,20.0,6,w48-16qam-r1/2,w48,19,2,1,data,ok,17,17,17.5,300.5
mpd,20.0,6,ack-1f,w,2,2,0,ctl,ok,0,0,18.9,300.5
mpd,20.0,6,w48-16qam-r1/2,w48,19,1,0,data,ok,18,18,17.7,300.5
mpd,20.0,6,ack-1f,w,2,2,0,ctl,ok,0,0,17.8,300.5
mpd,20.0,6,w48-16qam-r1/2,w48,19,1,0,data,ok,18,18,14.1,300.5
mpd,20.0,6,ack-1f,w,2,2,0,ctl,ok,0,0,18.0,300.5
mpd,20.0,6,w48-16qam-r1/2,w48,19,1,0,data,ok,18,18,15.1,300.5
mpd,20.0,6,ack-1f,w,3,3,0,ctl,ok,0,0,19.4,300.5
mpd,20.0,6,w48-16qam-r1/2,w48,19,2,1,data,ok,17,17,18.4,300.5
mpd,20.0,6,ack-1f,w,2,2,0,ctl,ok,0,0,21.7,300.5
mpd,20.0,6,w48-16qam-r1/2,w48,19,1,0,data,ok,18,18,13.6,300.5
mpd,20.0,6,ack-1f,w,2,2,0,ctl,ok,0,0,19.5,300.5
mpd,20.0,6,w48-16qam-r1/2,w48,19,1,0,data,ok,18,18,13.3,300.5
mpd,20.0,6,ack-1f,w,3,3,0,ctl,ok,0,0,17.1,300.5
mpd,20.0,6,w48-16qam-r1/2,w48,19,2,1,data,ok,17,17,17.2,300.5
mpd,20.0,6,ack-1f,w,2,2,0,ctl,ok,0,0,20.6,300.5
mpd,20.0,6,w48-16qam-r1/2,w48,19,1,0,data,ok,18,18,11.8,300.5
mpd,20.0,6,ack-1f,w,2,2,0,ctl,ok,0,0,19.8,300.5
mpd,20.0,6,w48-16qam-r1/2,w48,19,1,0,data,ok,18,18,16.5,300.5
mpd,20.0,6,ack-1f,w,2,2,0,ctl,ok,0,0,10.3,300.5
mpd,20.0,6,w48-16qam-r1/2,w48,19,1,0,data,ok,18,18,13.1,300.5
mpd,20.0,6,ack-1f,w,2,2,0,ctl,ok,0,0,18.1,300.5
mpd,20.0,6,w48-16qam-r1/2,w48,19,1,0,data,ok,18,18,19.6,300.5
mpd,20.0,6,ack-1f,w,2,2,0,ctl,ok,0,0,20.6,300.5
mpd,20.0,6,w48-16qam-r1/2,w48,19,1,0,data,ok,18,18,13.7,300.5
mpd,20.0,6,ack-1f,w,2,2,0,ctl,ok,0,0,17.6,300.5
mpd,20.0,6,w48-16qam-r1/2,w48,19,1,0,data,ok,18,18,14.9,300.5
mpd,20.0,6,ack-1f,w,2,2,0,ctl,ok,0,0,19.5,300.5
mpd,20.0,6,w48-16qam-r1/2,w48,19,1,0,data,ok,18,18,13.0,300.5
mpd,20.0,6,ack-1f,w,2,2,0,ctl,ok,0,0,20.4,300.5
mpd,20.0,6,w48-16qam-r1/2,w48,19,1,0,data,ok,18,18,13.2,300.5
mpd,20.0,6,ack-1f,w,3,3,0,ctl,ok,0,0,20.1,300.5
mpd,20.0,6,w48-16qam-r1/2,w48,19,2,1,data,ok,17,17,18.0,300.5
mpd,20.0,6,ack-1f,w,2,2,0,ctl,ok,0,0,20.3,300.5
mpd,20.0,6,w48-16qam-r1/2,w48,19,1,0,data,ok,18,18,16.9,300.5
mpd,20.0,6,ack-1f,w,2,2,0,ctl,ok,0,0,17.4,300.5
mpd,20.0,6,w48-16qam-r1/2,w48,19,1,0,data,ok,18,18,18.9,300.5
mpd,20.0,6,ack-1f,w,2,2,0,ctl,ok,0,0,17.0,300.5
mpd,20.0,6,w48-16qam-r1/2,w48,19,1,0,data,ok,18,18,18.9,300.5
mpd,20.0,6,ack-1f,w,3,3,0,ctl,ok,0,0,19.7,300.5
mpd,20.0,6,w48-64l-r1/2,w48,39,2,1,data,ok,37,0,12.2,300.5
mpd,20.0,6,ack-1f,w,2,2,0,ctl,ok,0,0,20.8,300.5
mpd,20.0,6,w48-16qam-r1/2,w48,19,1,0,data,ok,18,18,17.2,300.5
mpd,20.0,6,ack-1f,w,2,2,0,ctl,ok,0,0,21.8,300.5
mpd,20.0,6,w48-16qam-r1/2,w48,19,1,0,data,ok,18,18,14.3,300.5
mpd,20.0,6,ack-1f,w,2,2,0,ctl,ok,0,0,20.2,300.5
mpd,20.0,6,w48-16qam-r1/2,w48,19,1,0,data,ok,18,18,12.4,300.5
mpd,20.0,6,ack-1f,w,2,2,0,ctl,ok,0,0,18.2,300.5
mpd,20.0,6,w48-16qam-r1/2,w48,19,1,0,data,ok,18,18,19.4,300.5
mpd,20.0,6,ack-1f,w,2,2,0,ctl,ok,0,0,18.8,300.5
mpd,20.0,6,w48-16qam-r1/2,w48,19,1,0,data,ok,18,18,17.3,300.5
mpd,20.0,6,ack-1f,w,2,2,0,ctl,ok,0,0,18.8,300.5
mpd,20.0,6,w48-16qam-r1/2,w48,19,1,0,data,ok,18,16,11.6,300.5
mpd,20.0,6,ack-1f,w,3,3,0,ctl,ok,0,0,18.6,300.5
mpd,20.0,6,w48-16qam-r1/2,w48,19,1,0,data,ok,16,16,12.1,300.5
mpd,20.0,6,ack-1f,w,3,3,0,ctl,ok,0,0,21.4,300.5
mpd,20.0,6,w48-16qam-r1/2,w48,19,2,1,data,ok,17,17,19.0,300.5
mpd,20.0,6,ack-1f,w,2,2,0,ctl,ok,0,0,19.5,300.5
mpd,20.0,6,w48-16qam-r1/2,w48,19,1,0,data,ok,18,18,16.0,300.5
mpd,20.0,6,ack-1f,w,2,2,0,ctl,ok,0,0,18.6,300.5
mpd,20.0,6,w48-16qam-r1/2,w48,19,1,0,data,ok,18,18,12.7,300.5
mpd,20.0,6,ack-1f,w,2,2,0,ctl,ok,0,0,20.6,300.5
mpd,20.0,6,w48-16qam-r1/2,w48,19,1,0,data,ok,18,18,17.2,300.5
mpd,20.0,6,ack-1f,w,2,2,0,ctl,ok,0,0,19.6,300.5
mpd,20.0,6,w48-16qam-r1/2,w48,19,1,0,data,ok,18,18,17.2,300.5
mpd,20.0,6,ack-1f,w,2,2,0,ctl,ok,0,0,19.7,300.5
mpd,20.0,6,w48-16qam-r1/2,w48,19,1,0,data,ok,18,18,18.3,300.5
mpd,20.0,6,ack-1f,w,2,2,0,ctl,ok,0,0,20.5,300.5
mpd,20.0,6,w48-16qam-r1/2,w48,19,1,0,data,ok,18,18,13.6,300.5
mpd,20.0,6,ack-1f,w,2,2,0,ctl,ok,0,0,21.8,300.5
mpd,20.0,6,w48-16qam-r1/2,w48,19,1,0,data,ok,18,18,13.4,300.5
mpd,20.0,6,ack-1f,w,2,2,0,ctl,ok,0,0,16.7,300.5
mpd,20.0,6,w48-16qam-r1/2,w48,19,1,0,data,ok,18,18,12.5,300.5
mpd,20.0,6,ack-1f,w,2,2,0,ctl,ok,0,0,19.5,300.5
mpd,20.0,6,w48-16qam-r1/2,w48,19,1,0,data,ok,18,18,18.1,300.5
mpd,20.0,6,ack-1f,w,2,2,0,ctl,ok,0,0,19.9,300.5
mpd,20.0,6,w48-16qam-r1/2,w48,19,1,0,data,ok,18,18,17.9,300.5
mpd,20.0,6,ack-1f,w,2,2,0,ctl,ok,0,0,21.2,300.5
mpd,20.0,6,w48-16qam-r1/2,w48,19,1,0,data,ok,18,18,13.4,300.5
mpd,20.0,6,ack-1f,w,2,2,0,ctl,ok,0,0,19.4,300.5
mpd,20.0,6,w48-16qam-r1/2,w48,19,1,0,data,ok,18,18,12.7,300.5
mpd,20.0,6,ack-1f,w,2,2,0,ctl,ok,0,0,19.9,300.5
mpd,20.0,6,w48-16qam-r1/2,w48,19,1,0,data,ok,18,18,12.9,300.5
mpd,20.0,6,ack-1f,w,2,2,0,ctl,ok,0,0,17.7,300.5
mpd,20.0,6,w48-16qam-r1/2,w48,19,1,0,data,ok,18,18,17.4,300.5
mpd,20.0,0,qpsk-r1/5,w,1,1,0,ctl,ok,0,0,18.8,305.6
mpd,20.0,0,qpsk-r1/5,w,1,1,0,ctl,ok,0,0,19.2,305.6
mpd,20.0,0,ack-4f,w,2,2,0,ctl,ok,0,0,18.8,305.6
mpd,20.0,0,ack-1f,w,3,3,0,ctl,ok,0,0,19.9,305.6
mpd,20.0,0,w48-16qam-r1/2,w48,19,2,1,data,ok,17,17,12.3,305.6
mpd,20.0,0,ack-1f,w,3,3,0,ctl,ok,0,0,19.2,305.6
mpd,20.0,0,w48-16qam-r1/2,w48,19,2,1,data,ok,17,17,17.8,305.6
mpd,20.0,0,ack-1f,w,2,2,0,ctl,ok,0,0,17.9,305.6
mpd,20.0,0,w48-16qam-r1/2,w48,19,1,0,data,ok,18,18,12.3,305.6
mpd,20.0,0,ack-1f,w,3,3,0,ctl,ok,0,0,20.6,305.6
mpd,20.0,0,w48-16qam-r1/2,w48,19,2,1,data,ok,17,17,12.9,305.6
mpd,20.0,0,ack-1f,w,3,3,0,ctl,ok,0,0,17.9,305.6
mpd,20.0,0,w48-16qam-r1/2,w48,19,2,1,data,ok,17,17,12.8,305.6
mpd,20.0,0,ack-1f,w,3,3,0,ctl,ok,0,0,17.3,305.6
mpd,20.0,0,w48-16qam-r1/2,w48,19,2,1,data,ok,17,17,14.9,305.6
mpd,20.0,0,ack-1f,w,2,2,0,ctl,ok,0,0,15.9,305.6
mpd,20.0,0,w48-16qam-r1/2,w48,19,1,0,data,ok,18,18,12.4,305.6
mpd,20.0,0,ack-1f,w,3,3,0,ctl,ok,0,0,19.5,305.6
mpd,20.0,0,w48-16qam-r1/2,w48,19,2,1,data,ok,17,17,14.9,305.6
mpd,20.0,0,ack-1f,w,2,2,0,ctl,ok,0,0,18.7,305.6
mpd,20.0,0,w48-16qam-r1/2,w48,19,1,0,data,ok,18,18,13.1,305.6
mpd,20.0,0,ack-1f,w,2,2,0,ctl,ok,0,0,17.0,305.6
mpd,20.0,0,w48-16qam-r1/2,w48,19,1,0,data,ok,18,18,15.8,305.6
mpd,20.0,0,ack-1f,w,2,2,0,ctl,ok,0,0,19.1,305.6
mpd,20.0,0,w48-16qam-r1/2,w48,19,1,0,data,ok,18,18,19.1,305.6
mpd,20.0,0,ack-1f,w,2,2,0,ctl,ok,0,0,19.1,305.6
mpd,20.0,0,w48-16qam-r1/2,w48,19,1,0,data,ok,18,18,15.6,305.6
mpd,20.0,0,ack-1f,w,2,2,0,ctl,ok,0,0,9.2,305.6
mpd,20.0,0,w48-16qam-r1/2,w48,19,1,0,data,ok,18,18,14.2,305.6
mpd,20.0,0,ack-1f,w,2,2,0,ctl,ok,0,0,17.8,305.6
mpd,20.0,0,w48-16qam-r1/2,w48,19,1,0,data,ok,18,18,12.1,305.6
mpd,20.0,0,ack-1f,w,2,2,0,ctl,ok,0,0,17.5,305.6
mpd,20.0,0,w48-16qam-r1/2,w48,19,1,0,data,ok,18,18,18.3,305.6
mpd,20.0,0,ack-1f,w,2,2,0,ctl,ok,0,0,21.5,305.6
mpd,20.0,0,w48-16qam-r1/2,w48,19,1,0,data,ok,18,18,18.7,305.6
mpd,20.0,0,ack-1f,w,2,2,0,ctl,ok,0,0,19.0,305.6
mpd,20.0,0,w48-16qam-r1/2,w48,19,1,0,data,ok,18,18,19.0,305.6
mpd,20.0,0,ack-1f,w,3,3,0,ctl,ok,0,0,18.3,305.6
mpd,20.0,0,w48-64l-r1/2,w48,39,2,1,data,ok,37,37,17.7,305.6
mpd,20.0,0,ack-1f,w,3,3,0,ctl,ok,0,0,20.1,305.6
mpd,20.0,0,w48-64l-r1/2,w48,39,2,1,data,ok,37,37,16.3,305.6
mpd,20.0,0,ack-1f,w,3,3,0,ctl,ok,0,0,18.3,305.6
mpd,20.0,0,w48-64l-r1/2,w48,39,2,1,data,ok,37,37,15.8,305.6
mpd,20.0,0,ack-1f,w,3,3,0,ctl,ok,0,0,19.0,305.6
mpd,20.0,0,w48-64l-r1/2,w48,39,2,1,data,ok,37,2,13.8,305.6
mpd,20.0,0,ack-1f,w,3,3,0,ctl,ok,0,0,19.3,305.6
mpd,20.0,0,w48-16qam-r1/2,w48,19,1,0,data,ok,18,18,13.9,305.6
mpd,20.0,0,ack-1f,w,2,2,0,ctl,ok,0,0,19.0,305.6
mpd,20.0,0,w48-16qam-r1/2,w48,19,1,0,data,ok,18,18,17.1,305.6
mpd,20.0,0,ack-1f,w,2,2,0,ctl,ok,0,0,17.7,305.6
mpd,20.0,0,w48-16qam-r1/2,w48,19,1,0,data,ok,18,18,18.7,305.6
mpd,20.0,0,ack-1f,w,3,3,0,ctl,ok,0,0,20.4,305.6
mpd,20.0,0,w48-64l-r1/2,w48,39,2,1,data,ok,37,37,15.5,305.6
mpd,20.0,0,ack-1f,w,3,3,0,ctl,ok,0,0,19.9,305.6
mpd,20.0,0,w48-64l-r1/2,w48,39,2,1,data,ok,37,8,14.7,305.6
mpd,20.0,0,ack-1f,w,4,4,0,ctl,ok,0,0,18.1,305.6
mpd,20.0,0,w48-64l-r1/2,w48,39,2,1,data,ok,10,0,12.6,305.6
mpd,20.0,0,ack-1f,w,2,2,0,ctl,ok,0,0,18.3,305.6
mpd,20.0,0,w48-16qam-r1/2,w48,19,1,0,data,ok,18,18,15.1,305.6
mpd,20.0,0,ack-1f,w,2,2,0,ctl,ok,0,0,18.5,305.6
mpd,20.0,0,w48-16qam-r1/2,w48,19,1,0,data,ok,18,18,18.1,305.6
mpd,20.0,0,ack-1f,w,2,2,0,ctl,ok,0,0,17.4,305.6
mpd,20.0,0,w48-16qam-r1/2,w48,19,1,0,data,ok,18,18,19.4,305.6
mpd,20.0,0,ack-1f,w,2,2,0,ctl,ok,0,0,20.5,305.6
mpd,20.0,0,w48-64l-r1/2,w48,39,1,0,data,ctl_lost,38,0,13.8,305.6
mpd,20.0,0,ack-4f,w,3,3,0,ctl,ok,0,0,18.1,305.6
mpd,20.0,0,ack-4f,w,2,2,0,ctl,ok,0,0,17.6,305.6
mpd,20.0,0,w48-16qam-r1/2,w48,19,1,0,data,ok,18,18,12.3,305.6
mpd,20.0,0,ack-1f,w,2,2,0,ctl,ok,0,0,18.5,305.6
mpd,20.0,0,w48-16qam-r1/2,w48,19,1,0,data,ok,18,18,16.5,305.6
mpd,20.0,0,ack-1f,w,2,2,0,ctl,ok,0,0,18.7,305.6
mpd,20.0,0,w48-16qam-r1/2,w48,19,1,0,data,ok,18,18,12.7,305.6
mpd,20.0,0,ack-1f,w,2,2,0,ctl,ok,0,0,19.3,305.6
mpd,20.0,0,w48-16qam-r1/2,w48,19,1,0,data,ok,18,18,18.5,305.6
mpd,20.0,0,ack-1f,w,2,2,0,ctl,ok,0,0,17.6,305.6
mpd,20.0,0,w48-16qam-r1/2,w48,19,1,0,data,ok,18,18,16.4,305.6
mpd,20.0,0,ack-1f,w,2,2,0,ctl,ok,0,0,19.2,305.6
mpd,20.0,0,w48-16qam-r1/2,w48,19,1,0,data,ok,18,18,16.5,305.6
mpd,20.0,0,ack-1f,w,2,2,0,ctl,ok,0,0,19.9,305.6
mpd,20.0,0,w48-16qam-r1/2,w48,19,1,0,data,ok,18,18,14.8,305.6
mpd,20.0,0,ack-1f,w,2,2,0,ctl,ok,0,0,18.2,305.6
mpd,20.0,0,w48-16qam-r1/2,w48,19,1,0,data,ok,18,18,16.6,305.6
mpd,20.0,0,ack-1f,w,2,2,0,ctl,ok,0,0,19.2,305.6
mpd,20.0,0,w48-16qam-r1/2,w48,19,1,0,data,ok,18,18,19.3,305.6
mpd,20.0,0,ack-1f,w,2,2,0,ctl,ok,0,0,21.4,305.6
mpd,20.0,0,w48-16qam-r1/2,w48,19,1,0,data,ok,18,18,13.8,305.6
mpd,20.0,0,ack-1f,w,2,2,0,ctl,ok,0,0,17.3,305.6
mpd,20.0,0,w48-16qam-r1/2,w48,19,1,0,data,ok,18,18,13.4,305.6
mpd,20.0,0,ack-1f,w,2,2,0,ctl,ok,0,0,21.3,305.6
mpd,20.0,0,w48-16qam-r1/2,w48,19,1,0,data,ok,18,18,13.9,305.6
mpd,20.0,0,ack-1f,w,2,2,0,ctl,ok,0,0,18.4,305.6
mpd,20.0,0,w48-16qam-r1/2,w48,19,1,0,data,ok,18,18,17.9,305.6
mpd,20.0,0,ack-1f,w,2,2,0,ctl,ok,0,0,16.0,305.6
mpd,20.0,0,w48-16qam-r1/2,w48,19,1,0,data,ok,18,18,15.9,305.6
mpd,20.0,10,qpsk-r1/5,w,1,1,0,ctl,ok,0,0,19.1,304.7
mpd,20.0,10,qpsk-r1/5,w,1,1,0,ctl,ok,0,0,19.1,304.7
mpd,20.0,10,ack-4f,w,2,2,0,ctl,ok,0,0,18.9,304.7
mpd,20.0,10,ack-1f,w,2,2,0,ctl,ok,0,0,20.1,304.7
mpd,20.0,10,w48-16qam-r1/2,w48,19,1,0,data,ok,18,18,13.6,304.7
mpd,20.0,10,ack-1f,w,3,3,0,ctl,ok,0,0,17.8,304.7
mpd,20.0,10,w48-16qam-r1/2,w48,19,2,1,data,ok,17,17,13.6,304.7
mpd,20.0,10,ack-1f,w,3,3,0,ctl,ok,0,0,19.0,304.7
mpd,20.0,10,w48-16qam-r1/2,w48,19,2,1,data,ok,17,17,19.6,304.7
mpd,20.0,10,ack-1f,w,2,2,0,ctl,ok,0,0,18.9,304.7
mpd,20.0,10,w48-16qam-r1/2,w48,19,1,0,data,ok,18,18,12.9,304.7
mpd,20.0,10,ack-1f,w,2,2,0,ctl,ok,0,0,19.1,304.7
mpd,20.0,10,w48-16qam-r1/2,w48,19,1,0,data,ok,18,18,12.7,304.7
mpd,20.0,10,ack-1f,w,3,3,0,ctl,ok,0,0,18.8,304.7
mpd,20.0,10,w48-16qam-r1/2,w48,19,2,1,data,ok,17,17,17.3,304.7
mpd,20.0,10,ack-1f,w,2,2,0,ctl,ok,0,0,16.3,304.7
mpd,20.0,10,w48-16qam-r1/2,w48,19,1,0,data,ok,18,18,18.4,304.7
mpd,20.0,10,ack-1f,w,2,2,0,ctl,ok,0,0,16.6,304.7
mpd,20.0,10,w48-16qam-r1/2,w48,19,1,0,data,ok,18,18,19.0,304.7
mpd,20.0,10,ack-1f,w,3,3,0,ctl,ok,0,0,18.5,304.7
mpd,20.0,10,w48-64l-r1/2,w48,39,2,1,data,ok,37,37,17.4,304.7
mpd,20.0,10,ack-1f,w,3,3,0,ctl,ok,0,0,19.9,304.7
mpd,20.0,10,w48-64l-r1/2,w48,39,2,1,data,ok,37,5,14.2,304.7
mpd,20.0,10,ack-1f,w,4,4,0,ctl,ok,0,0,18.4,304.7
mpd,20.0,10,w48-64l-r1/2,w48,39,2,1,data,ok,5,0,12.2,304.7
mpd,20.0,10,ack-1f,w,3,3,0,ctl,ok,0,0,19.6,304.7
mpd,20.0,10,w48-16qam-r1/2,w48,19,2,1,data,ok,17,17,17.8,304.7
mpd,20.0,10,ack-1f,w,2,2,0,ctl,ok,0,0,20.9,304.7
mpd,20.0,10,w48-16qam-r1/2,w48,19,1,0,data,ok,18,18,17.9,304.7
mpd,20.0,10,ack-1f,w,2,2,0,ctl,ok,0,0,18.4,304.7
mpd,20.0,10,w48-16qam-r1/2,w48,19,1,0,data,ok,18,18,13.4,304.7
mpd,20.0,10,ack-1f,w,2,2,0,ctl,ok,0,0,20.7,304.7
mpd,20.0,10,w48-16qam-r1/2,w48,19,1,0,data,ok,18,18,12.8,304.7
mpd,20.0,10,ack-1f,w,3,3,0,ctl,ok,0,0,19.1,304.7
mpd,20.0,10,w48-16qam-r1/2,w48,19,2,1,data,ok,17,17,18.6,304.7
mpd,20.0,10,ack-1f,w,2,2,0,ctl,ok,0,0,17.9,304.7
mpd,20.0,10,w48-16qam-r1/2,w48,19,1,0,data,ok,18,18,16.9,304.7
mpd,20.0,10,ack-1f,w,2,2,0,ctl,ok,0,0,20.1,304.7
mpd,20.0,10,w48-16qam-r1/2,w48,19,1,0,data,ok,18,18,13.2,304.7
mpd,20.0,10,ack-1f,w,2,2,0,ctl,ok,0,0,16.8,304.7
mpd,20.0,10,w48-16qam-r1/2,w48,19,1,0,data,ok,18,18,18.9,304.7
mpd,20.0,10,ack-1f,w,2,2,0,ctl,ok,0,0,19.0,304.7
mpd,20.0,10,w48-16qam-r1/2,w48,19,1,0,data,ok,18,18,14.7,304.7
mpd,20.0,10,ack-1f,w,2,2,0,ctl,ok,0,0,17.2,304.7
mpd,20.0,10,w48-16qam-r1/2,w48,19,1,0,data,ok,18,18,14.9,304.7
mpd,20.0,10,ack-1f,w,2,2,0,ctl,ok,0,0,20.8,304.7
mpd,20.0,10,w48-16qam-r1/2,w48,19,1,0,data,ok,18,18,18.7,304.7
mpd,20.0,10,ack-1f,w,2,2,0,ctl,ok,0,0,17.2,304.7
mpd,20.0,10,w48-16qam-r1/2,w48,19,1,0,data,ok,18,18,16.0,304.7
mpd,20.0,10,ack-1f,w,2,2,0,ctl,ok,0,0,18.8,304.7
mpd,20.0,10,w48-16qam-r1/2,w48,19,1,0,data,ok,18,18,17.4,304.7
mpd,20.0,10,ack-1f,w,2,2,0,ctl,ok,0,0,18.3,304.7
mpd,20.0,10,w48-16qam-r1/2,w48,19,1,0,data,ok,18,17,11.9,304.7
mpd,20.0,10,ack-1f,w,3,3,0,ctl,ok,0,0,19.0,304.7
mpd,20.0,10,w48-16qam-r1/2,w48,19,1,0,data,ok,17,17,17.0,304.7
mpd,20.0,10,ack-1f,w,2,2,0,ctl,ok,0,0,18.4,304.7
mpd,20.0,10,w48-16qam-r1/2,w48,19,1,0,data,ok,18,18,16.9,304.7
mpd,20.0,10,ack-1f,w,2,2,0,ctl,ok,0,0,18.7,304.7
mpd,20.0,10,w48-16qam-r1/2,w48,19,1,0,data,ok,18,18,16.4,304.7
mpd,20.0,10,ack-1f,w,2,2,0,ctl,ok,0,0,19.1,304.7
mpd,20.0,10,w48-16qam-r1/2,w48,19,1,0,data,ok,18,18,17.6,304.7
mpd,20.0,10,ack-1f,w,2,2,0,ctl,ok,0,0,20.3,304.7
mpd,20.0,10,w48-16qam-r1/2,w48,19,1,0,data,ok,18,18,12.9,304.7
mpd,20.0,10,ack-1f,w,2,2,0,ctl,ok,0,0,19.7,304.7
mpd,20.0,10,w48-16qam-r1/2,w48,19,1,0,data,ok,18,18,12.7,304.7
mpd,20.0,10,ack-1f,w,2,2,0,ctl,ok,0,0,17.8,304.7
mpd,20.0,10,w48-16qam-r1/2,w48,19,1,0,data,ok,18,18,17.0,304.7
mpd,20.0,10,ack-1f,w,2,2,0,ctl,ok,0,0,19.4,304.7
mpd,20.0,10,w48-16qam-r1/2,w48,19,1,0,data,ok,18,18,18.6,304.7
mpd,20.0,10,ack-1f,w,2,2,0,ctl,ok,0,0,18.1,304.7
mpd,20.0,10,w48-16qam-r1/2,w48,19,1,0,data,ok,18,18,13.8,304.7
mpd,20.0,10,ack-1f,w,2,2,0,ctl,ok,0,0,18.4,304.7
mpd,20.0,10,w48-16qam-r1/2,w48,19,1,0,data,ok,18,18,12.4,304.7
mpd,20.0,10,ack-1f,w,2,2,0,ctl,ok,0,0,18.2,304.7
mpd,20.0,10,w48-16qam-r1/2,w48,19,1,0,data,ok,18,18,15.3,304.7
mpd,20.0,10,ack-1f,w,2,2,0,ctl,ok,0,0,18.2,304.7
mpd,20.0,10,w48-16qam-r1/2,w48,19,1,0,data,ok,18,18,18.6,304.7
mpd,20.0,10,ack-1f,w,2,2,0,ctl,ok,0,0,21.2,304.7
mpd,20.0,10,w48-16qam-r1/2,w48,19,1,0,data,ok,18,18,18.8,304.7
mpd,20.0,10,ack-1f,w,3,3,0,ctl,ok,0,0,18.9,304.7
mpd,20.0,10,w48-64l-r1/2,w48,39,2,1,data,ok,37,37,17.1,304.7
mpd,20.0,10,ack-1f,w,3,3,0,ctl,ok,0,0,20.0,304.7
mpd,20.0,10,w48-64l-r1/2,w48,39,2,1,data,ok,37,0,11.9,304.7
mpd,20.0,10,ack-1f,w,2,2,0,ctl,ok,0,0,20.8,304.7
mpd,20.0,10,w48-16qam-r1/2,w48,19,1,0,data,ok,18,18,17.9,304.7
mpd,20.0,10,ack-1f,w,2,2,0,ctl,ok,0,0,17.2,304.7
mpd,20.0,10,w48-16qam-r1/2,w48,19,1,0,data,ok,18,18,17.9,304.7
mpd,20.0,10,ack-1f,w,2,2,0,ctl,ok,0,0,18.8,304.7
mpd,20.0,10,w48-16qam-r1/2,w48,19,1,0,data,ok,18,18,13.0,304.7
mpd,20.0,10,ack-1f,w,2,2,0,ctl,ok,0,0,19.8,304.7
mpd,20.0,10,w48-16qam-r1/2,w48,19,1,0,data,ok,18,18,13.0,304.7
mpd,20.0,10,ack-1f,w,2,2,0,ctl,ok,0,0,18.5,304.7
mpd,20.0,10,w48-16qam-r1/2,w48,19,1,0,data,ok,18,18,12.7,304.7
mpd,20.0,11,qpsk-r1/5,w,1,1,0,ctl,ok,0,0,19.4,290.3
mpd,20.0,11,qpsk-r1/5,w,1,1,0,ctl,ok,0,0,18.6,290.3
mpd,20.0,11,ack-4f,w,2,2,0,ctl,ok,0,0,17.6,290.3
mpd,20.0,11,ack-1f,w,3,3,0,ctl,ok,0,0,20.2,290.3
mpd,20.0,11,w48-16qam-r1/2,w48,19,2,1,data,ok,17,17,13.3,290.3
mpd,20.0,11,ack-1f,w,3,3,0,ctl,ok,0,0,17.0,290.3
mpd,20.0,11,w48-16qam-r1/2,w48,19,2,1,data,ok,17,17,17.6,290.3
mpd,20.0,11,ack-1f,w,2,2,0,ctl,ok,0,0,20.1,290.3
mpd,20.0,11,w48-16qam-r1/2,w48,19,1,0,data,ok,18,18,12.5,290.3
mpd,20.0,11,ack-1f,w,3,3,0,ctl,ok,0,0,18.9,290.3
mpd,20.0,11,w48-16qam-r1/2,w48,19,2,1,data,ok,17,17,12.2,290.3
mpd,20.0,11,ack-1f,w,2,2,0,ctl,ok,0,0,21.0,290.3
mpd,20.0,11,w48-16qam-r1/3,w48,19,1,0,data,ok,18,18,14.4,290.3
mpd,20.0,11,ack-1f,w,3,3,0,ctl,ok,0,0,19.1,290.3
mpd,20.0,11,w48-16qam-r1/2,w48,19,2,1,data,ok,17,17,15.9,290.3
mpd,20.0,11,ack-1f,w,2,2,0,ctl,ok,0,0,19.9,290.3
mpd,20.0,11,w48-16qam-r1/2,w48,19,1,0,data,ok,18,18,13.4,290.3
mpd,20.0,11,ack-1f,w,3,3,0,ctl,ok,0,0,18.2,290.3
mpd,20.0,11,w48-16qam-r1/2,w48,19,2,1,data,ok,17,17,12.3,290.3
mpd,20.0,11,ack-1f,w,3,3,0,ctl,ok,0,0,18.8,290.3
mpd,20.0,11,w48-16qam-r1/2,w48,19,2,1,data,ok,17,17,18.0,290.3
mpd,20.0,11,ack-1f,w,2,2,0,ctl,ok,0,0,18.2,290.3
mpd,20.0,11,w48-16qam-r1/2,w48,19,1,0,data,ok,18,18,12.1,290.3
mpd,20.0,11,ack-1f,w,2,2,0,ctl,ok,0,0,15.6,290.3
mpd,20.0,11,w48-16qam-r1/2,w48,19,1,0,data,ok,18,18,16.8,290.3
mpd,20.0,11,ack-1f,w,2,2,0,ctl,ok,0,0,18.3,290.3
mpd,20.0,11,w48-16qam-r1/2,w48,19,1,0,data,ok,18,18,17.9,290.3
mpd,20.0,11,ack-1f,w,2,2,0,ctl,ok,0,0,20.7,290.3
mpd,20.0,11,w48-16qam-r1/2,w48,19,1,0,data,ok,18,18,15.5,290.3
mpd,20.0,11,ack-1f,w,2,2,0,ctl,ok,0,0,21.9,290.3
mpd,20.0,11,w48-16qam-r1/2,w48,19,1,0,data,ok,18,18,16.6,290.3
mpd,20.0,11,ack-1f,w,2,2,0,ctl,ok,0,0,13.8,290.3
mpd,20.0,11,w48-16qam-r1/2,w48,19,1,0,data,ok,18,16,11.8,290.3
mpd,20.0,11,ack-1f,w,3,3,0,ctl,ok,0,0,20.3,290.3
mpd,20.0,11,w48-16qam-r1/2,w48,19,1,0,data,ok,16,16,16.4,290.3
mpd,20.0,11,ack-1f,w,2,2,0,ctl,ok,0,0,17.8,290.3
mpd,20.0,11,w48-16qam-r1/2,w48,19,1,0,data,ok,18,18,14.1,290.3
mpd,20.0,11,ack-1f,w,2,2,0,ctl,ok,0,0,18.9,290.3
mpd,20.0,11,w48-16qam-r1/2,w48,19,1,0,data,ok,18,18,19.1,290.3
mpd,20.0,11,ack-1f,w,2,2,0,ctl,ok,0,0,21.4,290.3
mpd,20.0,11,w48-16qam-r1/2,w48,19,1,0,data,ok,18,18,17.4,290.3
mpd,20.0,11,ack-1f,w,2,2,0,ctl,ok,0,0,20.5,290.3
mpd,20.0,11,w48-16qam-r1/2,w48,19,1,0,data,ok,18,18,12.6,290.3
mpd,20.0,11,ack-1f,w,2,2,0,ctl,ok,0,0,18.7,290.3
mpd,20.0,11,w48-16qam-r1/2,w48,19,1,0,data,ok,18,18,12.9,290.3
mpd,20.0,11,ack-1f,w,3,3,0,ctl,ok,0,0,19.1,290.3
mpd,20.0,11,w48-16qam-r1/2,w48,19,2,1,data,ok,17,17,20.2,290.3
mpd,20.0,11,ack-1f,w,3,3,0,ctl,ok,0,0,19.2,290.3
mpd,20.0,11,w48-64l-r1/2,w48,39,2,1,data,ok,37,0,13.1,290.3
mpd,20.0,11,ack-1f,w,2,2,0,ctl,ok,0,0,19.9,290.3
mpd,20.0,11,w48-16qam-r1/2,w48,19,1,0,data,ok,18,18,12.4,290.3
mpd,20.0,11,ack-1f,w,2,2,0,ctl,ok,0,0,19.7,290.3
mpd,20.0,11,w48-16qam-r1/2,w48,19,1,0,data,ok,18,18,18.9,290.3
mpd,20.0,11,ack-1f,w,2,2,0,ctl,ok,0,0,19.1,290.3
mpd,20.0,11,w48-16qam-r1/2,w48,19,1,0,data,ok,18,18,11.9,290.3
mpd,20.0,11,ack-1f,w,2,2,0,ctl,ok,0,0,17.8,290.3
mpd,20.0,11,w48-16qam-r1/2,w48,19,1,0,data,ok,18,18,13.2,290.3
mpd,20.0,11,ack-1f,w,2,2,0,ctl,ok,0,0,8.1,290.3
mpd,20.0,11,w48-16qam-r1/2,w48,19,1,0,data,ok,18,18,12.2,290.3
mpd,20.0,11,ack-1f,w,2,2,0,ctl,ok,0,0,20.2,290.3
mpd,20.0,11,w48-16qam-r1/2,w48,19,1,0,data,ok,18,18,14.6,290.3
mpd,20.0,11,ack-1f,w,2,2,0,ctl,ok,0,0,21.1,290.3
mpd,20.0,11,w48-16qam-r1/2,w48,19,1,0,data,ok,18,18,13.4,290.3
mpd,20.0,11,ack-1f,w,2,2,0,ctl,ok,0,0,23.3,290.3
mpd,20.0,11,w48-16qam-r1/2,w48,19,1,0,data,ok,18,18,12.7,290.3
mpd,20.0,11,ack-1f,w,2,2,0,ctl,ok,0,0,21.1,290.3
mpd,20.0,11,w48-16qam-r1/2,w48,19,1,0,data,ok,18,18,18.1,290.3
mpd,20.0,11,ack-1f,w,2,2,0,ctl,ok,0,0,16.8,290.3
mpd,20.0,11,w48-16qam-r1/2,w48,19,1,0,data,ok,18,18,18.7,290.3
mpd,20.0,11,ack-1f,w,3,3,0,ctl,ok,0,0,20.7,290.3
mpd,20.0,11,w48-64l-r1/2,w48,39,2,1,data,ok,37,0,11.4,290.3
mpd,20.0,11,ack-1f,w,2,2,0,ctl,ok,0,0,19.1,290.3
mpd,20.0,11,w48-16qam-r1/2,w48,19,1,0,data,ok,18,18,17.1,290.3
mpd,20.0,11,ack-1f,w,2,2,0,ctl,ok,0,0,21.2,290.3
mpd,20.0,11,w48-16qam-r1/2,w48,19,1,0,data,ok,18,18,17.3,290.3
mpd,20.0,11,ack-1f,w,2,2,0,ctl,ok,0,0,19.9,290.3
mpd,20.0,11,w48-16qam-r1/2,w48,19,1,0,data,ok,18,18,12.9,290.3
mpd,20.0,11,ack-1f,w,2,2,0,ctl,ok,0,0,19.6,290.3
mpd,20.0,11,w48-16qam-r1/2,w48,19,1,0,data,ok,18,18,17.0,290.3
mpd,20.0,11,ack-1f,w,2,2,0,ctl,ok,0,0,19.6,290.3
mpd,20.0,11,w48-16qam-r1/2,w48,19,1,0,data,ok,18,18,15.1,290.3
mpd,20.0,11,ack-1f,w,2,2,0,ctl,ok,0,0,21.2,290.3
mpd,20.0,11,w48-16qam-r1/2,w48,19,1,0,data,ok,18,18,18.4,290.3
mpd,20.0,11,ack-1f,w,2,2,0,ctl,ok,0,0,21.1,290.3
mpd,20.0,11,w48-16qam-r1/2,w48,19,1,0,data,ok,18,18,12.5,290.3
mpd,20.0,11,ack-1f,w,2,2,0,ctl,ok,0,0,18.5,290.3
mpd,20.0,11,w48-16qam-r1/2,w48,19,1,0,data,ok,18,18,16.6,290.3
mpd,20.0,11,ack-1f,w,2,2,0,ctl,ok,0,0,20.9,290.3
mpd,20.0,11,w48-16qam-r1/2,w48,19,1,0,data,ok,18,18,17.0,290.3
mpd,20.0,11,ack-1f,w,2,2,0,ctl,ok,0,0,19.9,290.3
mpd,20.0,11,w48-16qam-r1/2,w48,19,1,0,data,ok,18,18,17.9,290.3
mpd,20.0,11,ack-1f,w,2,2,0,ctl,ok,0,0,8.5,290.3
mpd,20.0,11,w48-16qam-r1/2,w48,19,1,0,data,ok,18,18,12.8,290.3
mpd,20.0,1,qpsk-r1/5,w,1,1,0,ctl,ok,0,0,17.6,289.0
mpd,20.0,1,qpsk-r1/5,w,1,1,0,ctl,ok,0,0,19.9,289.0
mpd,20.0,1,ack-4f,w,2,2,0,ctl,ok,0,0,20.5,289.0
mpd,20.0,1,ack-1f,w,2,2,0,ctl,ok,0,0,18.7,289.0
mpd,20.0,1,w48-16qam-r1/2,w48,19,1,0,data,ok,18,18,14.1,289.0
mpd,20.0,1,ack-1f,w,2,2,0,ctl,ok,0,0,17.7,289.0
mpd,20.0,1,w48-16qam-r1/2,w48,19,1,0,data,ok,18,18,15.1,289.0
mpd,20.0,1,ack-1f,w,3,3,0,ctl,ok,0,0,19.0,289.0
mpd,20.0,1,w48-16qam-r1/2,w48,19,2,1,data,ok,17,17,19.2,289.0
mpd,20.0,1,ack-1f,w,2,2,0,ctl,ok,0,0,18.8,289.0
mpd,20.0,1,w48-16qam-r1/2,w48,19,1,0,data,ok,18,18,19.1,289.0
mpd,20.0,1,ack-1f,w,3,3,0,ctl,ok,0,0,17.7,289.0
mpd,20.0,1,w48-64l-r1/2,w48,39,2,1,data,ok,37,0,12.7,289.0
mpd,20.0,1,ack-1f,w,2,2,0,ctl,ok,0,0,16.8,289.0
mpd,20.0,1,w48-16qam-r1/2,w48,19,1,0,data,ok,18,18,19.5,289.0
mpd,20.0,1,ack-1f,w,3,3,0,ctl,ok,0,0,19.3,289.0
mpd,20.0,1,w48-64l-r1/2,w48,39,2,1,data,ok,37,0,11.5,289.0
mpd,20.0,1,ack-1f,w,2,2,0,ctl,ok,0,0,6.8,289.0
mpd,20.0,1,w48-16qam-r1/2,w48,19,1,0,data,ok,18,18,18.7,289.0
mpd,20.0,1,ack-1f,w,2,2,0,ctl,ok,0,0,19.4,289.0
mpd,20.0,1,w48-16qam-r1/2,w48,19,1,0,data,ok,18,18,15.1,289.0
mpd,20.0,1,ack-1f,w,2,2,0,ctl,ok,0,0,16.2,289.0
mpd,20.0,1,w48-16qam-r1/2,w48,19,1,0,data,ok,18,18,14.2,289.0
mpd,20.0,1,ack-1f,w,3,3,0,ctl,ok,0,0,19.7,289.0
mpd,20.0,1,w48-16qam-r1/2,w48,19,2,1,data,ok,17,17,17.7,289.0
mpd,20.0,1,ack-1f,w,2,2,0,ctl,ok,0,0,19.5,289.0
mpd,20.0,1,w48-16qam-r1/2,w48,19,1,0,data,ok,18,18,18.8,289.0
mpd,20.0,1,ack-1f,w,2,2,0,ctl,ok,0,0,19.9,289.0
mpd,20.0,1,w48-16qam-r1/2,w48,19,1,0,data,ok,18,18,18.0,289.0
mpd,20.0,1,ack-1f,w,2,2,0,ctl,ok,0,0,17.7,289.0
mpd,20.0,1,w48-16qam-r1/2,w48,19,1,0,data,ok,18,18,15.2,289.0
mpd,20.0,1,ack-1f,w,2,2,0,ctl,ok,0,0,20.3,289.0
mpd,20.0,1,w48-16qam-r1/2,w48,19,1,0,data,ok,18,18,16.2,289.0
mpd,20.0,1,ack-1f,w,2,2,0,ctl,ok,0,0,18.6,289.0
mpd,20.0,1,w48-16qam-r1/2,w48,19,1,0,data,ok,18,18,16.7,289.0
mpd,20.0,1,ack-1f,w,2,2,0,ctl,ok,0,0,19.3,289.0
mpd,20.0,1,w48-16qam-r1/2,w48,19,1,0,data,ok,18,18,17.4,289.0
mpd,20.0,1,ack-1f,w,2,2,0,ctl,ok,0,0,19.4,289.0
mpd,20.0,1,w48-16qam-r1/2,w48,19,1,0,data,ok,18,18,19.6,289.0
mpd,20.0,1,ack-1f,w,3,3,0,ctl,ok,0,0,19.7,289.0
mpd,20.0,1,w48-64l-r1/2,w48,39,2,1,data,ok,37,37,16.8,289.0
mpd,20.0,1,ack-1f,w,3,3,0,ctl,ok,0,0,18.8,289.0
mpd,20.0,1,w48-64l-r1/2,w48,39,2,1,data,ok,37,0,11.6,289.0
mpd,20.0,1,ack-1f,w,2,2,0,ctl,ok,0,0,20.1,289.0
mpd,20.0,1,w48-16qam-r1/2,w48,19,1,0,data,ok,18,18,15.2,289.0
mpd,20.0,1,ack-1f,w,2,2,0,ctl,ok,0,0,20.7,289.0
mpd,20.0,1,w48-16qam-r1/2,w48,19,1,0,data,ok,18,18,18.9,289.0
mpd,20.0,1,ack-1f,w,2,2,0,ctl,ok,0,0,18.8,289.0
mpd,20.0,1,w48-16qam-r1/2,w48,19,1,0,data,ok,18,6,11.6,289.0
mpd,20.0,1,ack-1f,w,3,3,0,ctl,ok,0,0,21.0,289.0
mpd,20.0,1,w48-16qam-r1/2,w48,19,1,0,data,ok,6,6,19.6,289.0
mpd,20.0,1,ack-1f,w,2,2,0,ctl,ok,0,0,22.4,289.0
mpd,20.0,1,w48-16qam-r1/2,w48,19,1,0,data,ok,18,18,13.3,289.0
mpd,20.0,1,ack-1f,w,2,2,0,ctl,ok,0,0,17.4,289.0
mpd,20.0,1,w48-16qam-r1/2,w48,19,1,0,data,ok,18,18,18.5,289.0
mpd,20.0,1,ack-1f,w,2,2,0,ctl,ok,0,0,19.8,289.0
mpd,20.0,1,w48-16qam-r1/2,w48,19,1,0,data,ok,18,18,13.0,289.0
mpd,20.0,1,ack-1f,w,2,2,0,ctl,ok,0,0,19.5,289.0
mpd,20.0,1,w48-16qam-r1/2,w48,19,1,0,data,ok,18,18,16.7,289.0
mpd,20.0,1,ack-1f,w,2,2,0,ctl,ok,0,0,16.8,289.0
mpd,20.0,1,w48-16qam-r1/2,w48,19,1,0,data,ok,18,18,16.9,289.0
mpd,20.0,1,ack-1f,w,2,2,0,ctl,ok,0,0,18.9,289.0
mpd,20.0,1,w48-16qam-r1/2,w48,19,1,0,data,ok,18,18,14.8,289.0
mpd,20.0,1,ack-1f,w,2,2,0,ctl,ok,0,0,17.8,289.0
mpd,20.0,1,w48-16qam-r1/2,w48,19,1,0,data,ok,18,18,15.5,289.0
mpd,20.0,1,ack-1f,w,2,2,0,ctl,ok,0,0,18.4,289.0
mpd,20.0,1,w48-16qam-r1/2,w48,19,1,0,data,ok,18,18,14.0,289.0
mpd,20.0,1,ack-1f,w,2,2,0,ctl,ok,0,0,20.9,289.0
mpd,20.0,1,w48-16qam-r1/2,w48,19,1,0,data,ok,18,18,19.3,289.0
mpd,20.0,1,ack-1f,w,2,2,0,ctl,ok,0,0,10.4,289.0
mpd,20.0,1,w48-16qam-r1/2,w48,19,1,0,data,ok,18,18,12.5,289.0
mpd,20.0,1,ack-1f,w,2,2,0,ctl,ok,0,0,19.1,289.0
mpd,20.0,1,w48-16qam-r1/2,w48,19,1,0,data,ok,18,18,18.2,289.0
mpd,20.0,1,ack-1f,w,2,2,0,ctl,ok,0,0,18.8,289.0
mpd,20.0,1,w48-16qam-r1/2,w48,19,1,0,data,ok,18,18,19.2,289.0
mpd,20.0,1,ack-1f,w,2,2,0,ctl,ok,0,0,20.9,289.0
mpd,20.0,1,w48-16qam-r1/2,w48,19,1,0,data,ok,18,18,19.1,289.0
mpd,20.0,1,ack-1f,w,3,3,0,ctl,ok,0,0,18.9,289.0
mpd,20.0,1,w48-16qam-r3/4,w48,19,2,1,data,ok,17,17,17.4,289.0
mpd,20.0,1,ack-1f,w,3,3,0,ctl,ok,0,0,16.5,289.0
mpd,20.0,1,w48-16qam-r3/4,w48,19,2,1,data,ok,17,0,13.1,289.0
mpd,20.0,1,ack-1f,w,2,2,0,ctl,ok,0,0,18.4,289.0
mpd,20.0,1,w48-16qam-r1/2,w48,19,1,0,data,ok,18,18,11.9,289.0
mpd,20.0,1,ack-1f,w,2,2,0,ctl,ok,0,0,18.0,289.0
mpd,20.0,1,w48-16qam-r1/2,w48,19,1,0,data,ok,18,18,14.9,289.0
mpd,20.0,1,ack-1f,w,2,2,0,ctl,ok,0,0,19.9,289.0
mpd,20.0,1,w48-16qam-r1/2,w48,19,1,0,data,ok,18,18,19.3,289.0
mpd,20.0,1,ack-1f,w,3,3,0,ctl,ok,0,0,20.2,289.0
mpd,20.0,1,w48-16qam-r3/4,w48,19,2,1,data,ok,17,17,17.0,289.0
mpd,20.0,1,ack-1f,w,3,3,0,ctl,ok,0,0,18.2,289.0
mpd,20.0,1,w48-16qam-r3/4,w48,19,2,1,data,ok,17,17,17.4,289.0
mpd,20.0,1,ack-1f,w,3,3,0,ctl,ok,0,0,19.3,289.0
mpd,20.0,1,w48-16qam-r3/4,w48,19,2,1,data,ok,17,0,11.8,289.0
mpd,20.0,2,qpsk-r1/5,w,1,1,0,ctl,ok,0,0,18.6,287.7
mpd,20.0,2,qpsk-r1/5,w,1,1,0,ctl,ok,0,0,19.3,287.7
mpd,20.0,2,ack-4f,w,2,2,0,ctl,ok,0,0,19.0,287.7
mpd,20.0,2,ack-1f,w,2,2,0,ctl,ok,0,0,21.1,287.7
mpd,20.0,2,w48-16qam-r1/2,w48,19,1,0,data,ok,18,18,13.3,287.7
mpd,20.0,2,ack-1f,w,3,3,0,ctl,ok,0,0,18.7,287.7
mpd,20.0,2,w48-16qam-r1/2,w48,19,2,1,data,ok,17,17,17.3,287.7
mpd,20.0,2,ack-1f,w,2,2,0,ctl,ok,0,0,16.0,287.7
mpd,20.0,2,w48-16qam-r1/2,w48,19,1,0,data,ok,18,18,19.2,287.7
mpd,20.0,2,ack-1f,w,3,3,0,ctl,ok,0,0,8.7,287.7
mpd,20.0,2,w48-64l-r1/2,w48,39,2,1,data,ok,37,37,17.9,287.7
mpd,20.0,2,ack-1f,w,3,3,0,ctl,ok,0,0,20.8,287.7
mpd,20.0,2,w48-64l-r1/2,w48,39,2,1,data,ok,37,37,18.3,287.7
mpd,20.0,2,ack-1f,w,3,3,0,ctl,ok,0,0,18.5,287.7
mpd,20.0,2,w48-64l-r1/2,w48,39,2,1,data,ok,37,37,18.4,287.7
mpd,20.0,2,ack-1f,w,3,3,0,ctl,ok,0,0,17.2,287.7
mpd,20.0,2,w48-64l-r1/2,w48,39,2,1,data,ok,37,0,12.8,287.7
mpd,20.0,2,ack-1f,w,2,2,0,ctl,ok,0,0,19.4,287.7
mpd,20.0,2,w48-16qam-r1/2,w48,19,1,0,data,ok,18,18,15.2,287.7
mpd,20.0,2,ack-1f,w,3,3,0,ctl,ok,0,0,9.7,287.7
mpd,20.0,2,w48-16qam-r1/2,w48,19,2,1,data,ok,17,17,14.0,287.7
mpd,20.0,2,ack-1f,w,3,3,0,ctl,ok,0,0,19.9,287.7
mpd,20.0,2,w48-16qam-r1/2,w48,19,2,1,data,ok,17,17,17.5,287.7
mpd,20.0,2,ack-1f,w,2,2,0,ctl,ok,0,0,18.8,287.7
mpd,20.0,2,w48-16qam-r1/2,w48,19,1,0,data,ok,18,18,12.8,287.7
mpd,20.0,2,ack-1f,w,2,2,0,ctl,ok,0,0,19.4,287.7
mpd,20.0,2,w48-16qam-r1/2,w48,19,1,0,data,ok,18,18,18.0,287.7
mpd,20.0,2,ack-1f,w,2,2,0,ctl,ok,0,0,18.5,287.7
mpd,20.0,2,w48-16qam-r1/2,w48,19,1,0,data,ok,18,18,12.6,287.7
mpd,20.0,2,ack-1f,w,2,2,0,ctl,ok,0,0,20.2,287.7
mpd,20.0,2,w48-16qam-r1/2,w48,19,1,0,data,ok,18,18,15.3,287.7
mpd,20.0,2,ack-1f,w,2,2,0,ctl,ok,0,0,19.7,287.7
mpd,20.0,2,w48-16qam-r1/2,w48,19,1,0,data,ok,18,18,19.4,287.7
mpd,20.0,2,ack-1f,w,3,3,0,ctl,ok,0,0,15.5,287.7
mpd,20.0,2,w48-64l-r1/2,w48,39,2,1,data,ok,37,0,12.2,287.7
mpd,20.0,2,ack-1f,w,2,2,0,ctl,ok,0,0,20.2,287.7
mpd,20.0,2,w48-16qam-r1/2,w48,19,1,0,data,ok,18,18,12.4,287.7
mpd,20.0,2,ack-1f,w,3,3,0,ctl,ok,0,0,19.1,287.7
mpd,20.0,2,w48-16qam-r1/2,w48,19,2,1,data,ok,17,17,18.8,287.7
mpd,20.0,2,ack-1f,w,2,2,0,ctl,ok,0,0,21.1,287.7
mpd,20.0,2,w48-16qam-r1/2,w48,19,1,0,data,ok,18,18,18.6,287.7
mpd,20.0,2,ack-1f,w,3,3,0,ctl,ok,0,0,17.8,287.7
mpd,20.0,2,w48-64l-r1/2,w48,39,2,1,data,ok,37,31,14.7,287.7
mpd,20.0,2,ack-1f,w,4,4,0,ctl,ok,0,0,20.5,287.7
mpd,20.0,2,w48-64l-r1/2,w48,34,2,1,data,ok,26,0,13.4,287.7
mpd,20.0,2,ack-1f,w,3,3,0,ctl,ok,0,0,18.8,287.7
mpd,20.0,2,w48-16qam-r1/2,w48,19,1,0,data,ok,18,18,19.9,287.7
mpd,20.0,2,ack-1f,w,3,3,0,ctl,ok,0,0,18.8,287.7
mpd,20.0,2,w48-64l-r1/2,w48,39,2,1,data,ok,37,0,13.0,287.7
mpd,20.0,2,ack-1f,w,2,2,0,ctl,ok,0,0,21.3,287.7
mpd,20.0,2,w48-16qam-r1/2,w48,19,1,0,data,ok,18,18,16.7,287.7
mpd,20.0,2,ack-1f,w,2,2,0,ctl,ok,0,0,18.6,287.7
mpd,20.0,2,w48-16qam-r1/2,w48,19,1,0,data,ok,18,18,12.9,287.7
mpd,20.0,2,ack-1f,w,2,2,0,ctl,ok,0,0,18.1,287.7
mpd,20.0,2,w48-16qam-r1/2,w48,19,1,0,data,ok,18,18,11.9,287.7
mpd,20.0,2,ack-1f,w,3,3,0,ctl,ok,0,0,8.4,287.7
mpd,20.0,2,w48-16qam-r1/2,w48,19,2,1,data,ok,17,17,18.8,287.7
mpd,20.0,2,ack-1f,w,2,2,0,ctl,ok,0,0,21.2,287.7
mpd,20.0,2,w48-16qam-r1/2,w48,19,1,0,data,ok,18,18,13.7,287.7
mpd,20.0,2,ack-1f,w,2,2,0,ctl,ok,0,0,21.1,287.7
mpd,20.0,2,w48-16qam-r1/2,w48,19,1,0,data,ok,18,18,15.6,287.7
mpd,20.0,2,ack-1f,w,2,2,0,ctl,ok,0,0,19.3,287.7
mpd,20.0,2,w48-16qam-r1/2,w48,19,1,0,data,ok,18,18,16.8,287.7
mpd,20.0,2,ack-1f,w,2,2,0,ctl,ok,0,0,13.8,287.7
mpd,20.0,2,w48-16qam-r1/2,w48,19,1,0,data,ok,18,18,12.7,287.7
mpd,20.0,2,ack-1f,w,2,2,0,ctl,ok,0,0,7.5,287.7
mpd,20.0,2,w48-16qam-r1/2,w48,19,1,0,data,ok,18,18,18.5,287.7
mpd,20.0,2,ack-1f,w,2,2,0,ctl,ok,0,0,16.8,287.7
mpd,20.0,2,w48-16qam-r1/2,w48,19,1,0,data,ok,18,18,19.3,287.7
mpd,20.0,2,ack-1f,w,3,3,0,ctl,ok,0,0,17.1,287.7
mpd,20.0,2,w48-16qam-r2/3,w48,19,2,1,data,ok,17,0,13.3,287.7
mpd,20.0,2,ack-1f,w,2,2,0,ctl,ok,0,0,22.9,287.7
mpd,20.0,2,w48-16qam-r1/2,w48,19,1,0,data,ok,18,18,19.0,287.7
mpd,20.0,2,ack-1f,w,2,2,0,ctl,ok,0,0,20.2,287.7
mpd,20.0,2,w48-16qam-r1/2,w48,19,1,0,data,ok,18,18,18.6,287.7
mpd,20.0,2,ack-1f,w,2,2,0,ctl,ok,0,0,17.3,287.7
mpd,20.0,2,w48-16qam-r1/2,w48,19,1,0,data,ok,18,18,14.2,287.7
mpd,20.0,2,ack-1f,w,2,2,0,ctl,ok,0,0,18.7,287.7
mpd,20.0,2,w48-16qam-r1/2,w48,19,1,0,data,ok,18,18,18.7,287.7
mpd,20.0,2,ack-1f,w,2,2,0,ctl,ok,0,0,19.7,287.7
mpd,20.0,2,w48-16qam-r1/2,w48,19,1,0,data,ok,18,18,17.8,287.7
mpd,20.0,2,ack-1f,w,2,2,0,ctl,ok,0,0,18.7,287.7
mpd,20.0,2,w48-16qam-r1/2,w48,19,1,0,data,ok,18,18,13.5,287.7
mpd,20.0,2,ack-1f,w,2,2,0,ctl,ok,0,0,20.6,287.7
mpd,20.0,2,w48-16qam-r1/2,w48,19,1,0,data,ok,18,18,12.2,287.7
mpd,20.0,2,ack-1f,w,2,2,0,ctl,ok,0,0,20.0,287.7
mpd,20.0,2,w48-16qam-r1/2,w48,19,1,0,data,ok,18,18,17.7,287.7
mpd,20.0,2,ack-1f,w,2,2,0,ctl,ok,0,0,19.3,287.7
mpd,20.0,2,w48-16qam-r1/2,w48,19,1,0,data,ok,18,18,14.8,287.7
mpd,20.0,2,ack-1f,w,2,2,0,ctl,ok,0,0,19.8,287.7
mpd,20.0,2,w48-16qam-r1/2,w48,19,1,0,data,ok,18,18,12.4,287.7
mpd,20.0,2,ack-1f,w,2,2,0,ctl,ok,0,0,18.4,287.7
mpd,20.0,2,w48-16qam-r1/2,w48,19,1,0,data,ok,18,18,15.6,287.7
mpd,20.0,7,qpsk-r1/5,w,1,1,0,ctl,ok,0,0,21.7,283.5
mpd,20.0,7,qpsk-r1/5,w,1,1,0,ctl,ok,0,0,21.5,283.5
mpd,20.0,7,ack-4f,w,3,3,0,ctl,ok,0,0,18.2,283.5
mpd,20.0,7,ack-1f,w,2,2,0,ctl,ok,0,0,18.2,283.5
mpd,20.0,7,w48-16qam-r1/2,w48,19,1,0,data,ok,18,18,18.6,283.5
mpd,20.0,7,ack-1f,w,2,2,0,ctl,ok,0,0,19.7,283.5
mpd,20.0,7,w48-16qam-r1/2,w48,19,1,0,data,ok,18,18,17.0,283.5
mpd,20.0,7,ack-1f,w,2,2,0,ctl,ok,0,0,19.3,283.5
mpd,20.0,7,w48-16qam-r1/2,w48,19,1,0,data,ok,18,18,18.2,283.5
mpd,20.0,7,ack-1f,w,2,2,0,ctl,ok,0,0,20.6,283.5
mpd,20.0,7,w48-16qam-r1/2,w48,19,1,0,data,ok,18,18,13.1,283.5
mpd,20.0,7,ack-1f,w,3,3,0,ctl,ok,0,0,18.8,283.5
mpd,20.0,7,w48-16qam-r1/2,w48,19,2,1,data,ok,17,17,12.7,283.5
mpd,20.0,7,ack-1f,w,3,3,0,ctl,ok,0,0,18.8,283.5
mpd,20.0,7,w48-16qam-r1/2,w48,19,2,1,data,ok,17,17,18.1,283.5
mpd,20.0,7,ack-1f,w,2,2,0,ctl,ok,0,0,19.0,283.5
mpd,20.0,7,w48-16qam-r1/2,w48,19,1,0,data,ok,18,18,15.6,283.5
mpd,20.0,7,ack-1f,w,2,2,0,ctl,ok,0,0,16.6,283.5
mpd,20.0,7,w48-16qam-r1/2,w48,19,1,0,data,ok,18,18,17.7,283.5
mpd,20.0,7,ack-1f,w,2,2,0,ctl,ok,0,0,22.1,283.5
mpd,20.0,7,w48-16qam-r1/2,w48,19,1,0,data,ok,18,18,15.1,283.5
mpd,20.0,7,ack-1f,w,2,2,0,ctl,ok,0,0,21.8,283.5
mpd,20.0,7,w48-16qam-r1/2,w48,19,1,0,data,ok,18,18,16.3,283.5
mpd,20.0,7,ack-1f,w,2,2,0,ctl,ok,0,0,19.2,283.5
mpd,20.0,7,w48-16qam-r1/2,w48,19,1,0,data,ok,18,18,13.3,283.5
mpd,20.0,7,ack-1f,w,2,2,0,ctl,ok,0,0,16.4,283.5
mpd,20.0,7,w48-16qam-r1/2,w48,19,1,0,data,ok,18,18,12.4,283.5
mpd,20.0,7,ack-1f,w,3,3,0,ctl,ok,0,0,18.4,283.5
mpd,20.0,7,w48-16qam-r1/2,w48,19,2,1,data,ok,17,17,15.5,283.5
mpd,20.0,7,ack-1f,w,2,2,0,ctl,ok,0,0,18.1,283.5
mpd,20.0,7,w48-16qam-r1/2,w48,19,1,0,data,ok,18,18,13.6,283.5
mpd,20.0,7,ack-1f,w,2,2,0,ctl,ok,0,0,19.9,283.5
mpd,20.0,7,w48-16qam-r1/2,w48,19,1,0,data,ok,18,18,15.1,283.5
mpd,20.0,7,ack-1f,w,2,2,0,ctl,ok,0,0,19.7,283.5
mpd,20.0,7,w48-16qam-r1/2,w48,19,1,0,data,ok,18,18,17.8,283.5
mpd,20.0,7,ack-1f,w,2,2,0,ctl,ok,0,0,20.0,283.5
mpd,20.0,7,w48-16qam-r1/2,w48,19,1,0,data,ok,18,18,19.4,283.5
mpd,20.0,7,ack-1f,w,3,3,0,ctl,ok,0,0,17.9,283.5
mpd,20.0,7,w48-64l-r1/2,w48,39,2,1,data,ok,37,19,14.5,283.5
mpd,20.0,7,ack-1f,w,4,4,0,ctl,ok,0,0,19.1,283.5
mpd,20.0,7,w48-64l-r1/2,w48,39,2,1,data,ok,22,22,17.9,283.5
mpd,20.0,7,ack-1f,w,3,3,0,ctl,ok,0,0,17.5,283.5
mpd,20.0,7,w48-64l-r1/2,w48,39,2,1,data,ok,37,37,17.6,283.5
mpd,20.0,7,ack-1f,w,3,3,0,ctl,ok,0,0,19.1,283.5
mpd,20.0,7,w48-64l-r1/2,w48,39,2,1,data,ok,37,37,17.9,283.5
mpd,20.0,7,ack-1f,w,3,3,0,ctl,ok,0,0,17.5,283.5
mpd,20.0,7,w48-64l-r1/2,w48,39,2,1,data,ok,37,0,10.9,283.5
mpd,20.0,7,ack-1f,w,2,2,0,ctl,ok,0,0,17.1,283.5
mpd,20.0,7,w48-16qam-r1/2,w48,19,1,0,data,ok,18,18,12.2,283.5
mpd,20.0,7,ack-1f,w,3,3,0,ctl,ok,0,0,18.9,283.5
mpd,20.0,7,w48-16qam-r1/2,w48,19,2,1,data,ok,17,17,17.7,283.5
mpd,20.0,7,ack-1f,w,2,2,0,ctl,ok,0,0,12.2,283.5
mpd,20.0,7,w48-16qam-r1/2,w48,19,1,0,data,ok,18,18,18.0,283.5
mpd,20.0,7,ack-1f,w,3,3,0,ctl,ok,0,0,18.2,283.5
mpd,20.0,7,w48-64l-r1/2,w48,39,2,1,data,ok,37,0,11.6,283.5
mpd,20.0,7,ack-1f,w,2,2,0,ctl,ok,0,0,19.8,283.5
mpd,20.0,7,w48-16qam-r1/2,w48,19,1,0,data,ok,18,18,19.2,283.5
mpd,20.0,7,ack-1f,w,2,2,0,ctl,ok,0,0,19.0,283.5
mpd,20.0,7,w48-16qam-r1/2,w48,19,1,0,data,ok,18,18,19.5,283.5
mpd,20.0,7,ack-1f,w,2,2,0,ctl,ok,0,0,18.9,283.5
mpd,20.0,7,w48-64l-r1/2,w48,39,1,0,data,ctl_lost,38,0,11.9,283.5
mpd,20.0,7,ack-4f,w,3,3,0,ctl,ok,0,0,17.8,283.5
mpd,20.0,7,ack-4f,w,2,2,0,ctl,ok,0,0,18.3,283.5
mpd,20.0,7,w48-16qam-r1/2,w48,19,1,0,data,ok,18,18,18.8,283.5
mpd,20.0,7,ack-1f,w,2,2,0,ctl,ok,0,0,18.6,283.5
mpd,20.0,7,w48-16qam-r1/2,w48,19,1,0,data,ok,18,18,19.3,283.5
mpd,20.0,7,ack-1f,w,3,3,0,ctl,ok,0,0,18.8,283.5
mpd,20.0,7,w48-16qam-r3/4,w48,19,2,1,data,ok,17,0,12.5,283.5
mpd,20.0,7,ack-1f,w,2,2,0,ctl,ok,0,0,21.2,283.5
mpd,20.0,7,w48-16qam-r1/2,w48,19,1,0,data,ok,18,18,17.5,283.5
mpd,20.0,7,ack-1f,w,2,2,0,ctl,ok,0,0,20.1,283.5
mpd,20.0,7,w48-16qam-r1/2,w48,19,1,0,data,ok,18,18,18.2,283.5
mpd,20.0,7,ack-1f,w,2,2,0,ctl,ok,0,0,18.9,283.5
mpd,20.0,7,w48-16qam-r1/2,w48,19,1,0,data,ok,18,18,13.1,283.5
mpd,20.0,7,ack-1f,w,2,2,0,ctl,ok,0,0,20.1,283.5
mpd,20.0,7,w48-16qam-r1/2,w48,19,1,0,data,ok,18,18,18.6,283.5
mpd,20.0,7,ack-1f,w,2,2,0,ctl,ok,0,0,17.9,283.5
mpd,20.0,7,w48-16qam-r1/2,w48,19,1,0,data,ok,18,18,19.5,283.5
mpd,20.0,7,ack-1f,w,3,3,0,ctl,ok,0,0,18.4,283.5
mpd,20.0,7,w48-16qam-r3/4,w48,19,2,1,data,ok,17,0,11.9,283.5
mpd,20.0,7,ack-1f,w,2,2,0,ctl,ok,0,0,18.1,283.5
mpd,20.0,7,w48-16qam-r1/2,w48,19,1,0,data,ok,18,18,19.2,283.5
mpd,20.0,7,ack-1f,w,2,2,0,ctl,ok,0,0,18.1,283.5
mpd,20.0,7,w48-16qam-r1/2,w48,19,1,0,data,ok,18,18,18.3,283.5
mpd,20.0,7,ack-1f,w,2,2,0,ctl,ok,0,0,18.8,283.5
mpd,20.0,7,w48-16qam-r1/2,w48,19,1,0,data,ok,18,17,11.8,283.5
mpd,20.0,7,ack-1f,w,3,3,0,ctl,ok,0,0,19.7,283.5
mpd,20.0,7,w48-16qam-r1/2,w48,19,1,0,data,ok,17,17,18.5,283.5
mpd,20.0,7,ack-1f,w,2,2,0,ctl,ok,0,0,18.2,283.5
mpd,20.0,7,w48-16qam-r1/2,w48,19,1,0,data,ok,18,18,12.4,283.5
mpd,20.0,7,ack-1f,w,2,2,0,ctl,ok,0,0,17.8,283.5
mpd,20.0,7,w48-16qam-r1/2,w48,19,1,0,data,ok,18,18,12.6,283.5
mpd,20.0,7,ack-1f,w,2,2,0,ctl,ok,0,0,17.4,283.5
mpd,20.0,7,w48-16qam-r1/2,w48,19,1,0,data,ok,18,18,13.6,283.5
mpd,20.0,8,qpsk-r1/5,w,1,1,0,ctl,ok,0,0,18.2,316.2
mpd,20.0,8,qpsk-r1/5,w,1,1,0,ctl,ok,0,0,20.3,316.2
mpd,20.0,8,ack-4f,w,3,3,0,ctl,ok,0,0,18.6,316.2
mpd,20.0,8,ack-1f,w,2,2,0,ctl,ok,0,0,20.6,316.2
mpd,20.0,8,w48-16qam-r1/2,w48,19,1,0,data,ok,18,18,16.3,316.2
mpd,20.0,8,ack-1f,w,2,2,0,ctl,ok,0,0,19.1,316.2
mpd,20.0,8,w48-16qam-r1/2,w48,19,1,0,data,ok,18,18,15.0,316.2
mpd,20.0,8,ack-1f,w,3,3,0,ctl,ok,0,0,18.7,316.2
mpd,20.0,8,w48-16qam-r1/2,w48,19,2,1,data,ok,17,17,19.1,316.2
mpd,20.0,8,ack-1f,w,2,2,0,ctl,ok,0,0,18.7,316.2
mpd,20.0,8,w48-16qam-r1/2,w48,19,1,0,data,ok,18,18,16.1,316.2
mpd,20.0,8,ack-1f,w,2,2,0,ctl,ok,0,0,19.6,316.2
mpd,20.0,8,w48-16qam-r1/2,w48,19,1,0,data,ok,18,18,17.4,316.2
mpd,20.0,8,ack-1f,w,2,2,0,ctl,ok,0,0,17.0,316.2
mpd,20.0,8,w48-16qam-r1/2,w48,19,1,0,data,ok,18,18,13.0,316.2
mpd,20.0,8,ack-1f,w,3,3,0,ctl,ok,0,0,19.0,316.2
mpd,20.0,8,w48-16qam-r1/2,w48,19,2,1,data,ok,17,17,17.8,316.2
mpd,20.0,8,ack-1f,w,2,2,0,ctl,ok,0,0,20.6,316.2
mpd,20.0,8,w48-16qam-r1/2,w48,19,1,0,data,ok,18,18,14.8,316.2
mpd,20.0,8,ack-1f,w,2,2,0,ctl,ok,0,0,19.5,316.2
mpd,20.0,8,w48-16qam-r1/2,w48,19,1,0,data,ok,18,18,18.7,316.2
mpd,20.0,8,ack-1f,w,2,2,0,ctl,ok,0,0,20.5,316.2
mpd,20.0,8,w48-16qam-r1/2,w48,19,1,0,data,ok,18,18,19.8,316.2
mpd,20.0,8,ack-1f,w,3,3,0,ctl,ok,0,0,23.1,316.2
mpd,20.0,8,w48-64l-r1/2,w48,39,2,1,data,ok,37,37,17.5,316.2
mpd,20.0,8,ack-1f,w,3,3,0,ctl,ok,0,0,20.7,316.2
mpd,20.0,8,w48-64l-r1/2,w48,39,2,1,data,ok,37,37,18.2,316.2
mpd,20.0,8,ack-1f,w,3,3,0,ctl,ok,0,0,18.5,316.2
mpd,20.0,8,w48-64l-r1/2,w48,39,2,1,data,ok,37,37,15.7,316.2
mpd,20.0,8,ack-1f,w,3,3,0,ctl,ok,0,0,19.4,316.2
mpd,20.0,8,w48-64l-r1/2,w48,39,2,1,data,ok,37,37,18.0,316.2
mpd,20.0,8,ack-1f,w,3,3,0,ctl,ok,0,0,20.5,316.2
mpd,20.0,8,w48-64l-r1/2,w48,39,2,1,data,ok,37,0,10.5,316.2
mpd,20.0,8,ack-1f,w,3,3,0,ctl,ok,0,0,19.4,316.2
mpd,20.0,8,w48-16qam-r1/2,w48,19,2,1,data,ok,17,17,17.2,316.2
mpd,20.0,8,ack-1f,w,2,2,0,ctl,ok,0,0,17.6,316.2
mpd,20.0,8,w48-16qam-r1/2,w48,19,1,0,data,ok,18,18,15.9,316.2
mpd,20.0,8,ack-1f,w,2,2,0,ctl,ok,0,0,19.1,316.2
mpd,20.0,8,w48-16qam-r1/2,w48,19,1,0,data,ok,18,18,15.9,316.2
mpd,20.0,8,ack-1f,w,2,2,0,ctl,ok,0,0,20.9,316.2
mpd,20.0,8,w48-16qam-r1/2,w48,19,1,0,data,ok,18,18,17.5,316.2
mpd,20.0,8,ack-1f,w,2,2,0,ctl,ok,0,0,17.2,316.2
mpd,20.0,8,w48-16qam-r1/2,w48,19,1,0,data,ok,18,18,16.4,316.2
mpd,20.0,8,ack-1f,w,2,2,0,ctl,ok,0,0,19.4,316.2
mpd,20.0,8,w48-16qam-r1/2,w48,19,1,0,data,ok,18,18,19.1,316.2
mpd,20.0,8,ack-1f,w,3,3,0,ctl,ok,0,0,19.9,316.2
mpd,20.0,8,w48-64l-r1/2,w48,39,2,1,data,ok,37,5,13.5,316.2
mpd,20.0,8,ack-1f,w,4,4,0,ctl,ok,0,0,19.9,316.2
mpd,20.0,8,w48-64l-r1/2,w48,39,2,1,data,ok,6,6,17.2,316.2
mpd,20.0,8,ack-1f,w,3,3,0,ctl,ok,0,0,19.3,316.2
mpd,20.0,8,w48-64l-r1/2,w48,39,2,1,data,ok,37,37,16.0,316.2
mpd,20.0,8,ack-1f,w,3,3,0,ctl,ok,0,0,20.0,316.2
mpd,20.0,8,w48-64l-r1/2,w48,39,2,1,data,ok,37,37,15.6,316.2
mpd,20.0,8,ack-1f,w,3,3,0,ctl,ok,0,0,19.6,316.2
mpd,20.0,8,w48-64l-r1/2,w48,39,2,1,data,ok,37,0,11.9,316.2
mpd,20.0,8,ack-1f,w,2,2,0,ctl,ok,0,0,17.5,316.2
mpd,20.0,8,w48-16qam-r1/2,w48,19,1,0,data,ok,18,18,13.7,316.2
mpd,20.0,8,ack-1f,w,3,3,0,ctl,ok,0,0,19.6,316.2
mpd,20.0,8,w48-16qam-r1/2,w48,19,2,1,data,ok,17,17,12.7,316.2
mpd,20.0,8,ack-1f,w,3,3,0,ctl,ok,0,0,18.8,316.2
mpd,20.0,8,w48-16qam-r1/2,w48,19,2,1,data,ok,17,17,13.8,316.2
mpd,20.0,8,ack-1f,w,2,2,0,ctl,ok,0,0,17.0,316.2
mpd,20.0,8,w48-16qam-r1/2,w48,19,1,0,data,ok,18,18,16.7,316.2
mpd,20.0,8,ack-1f,w,2,2,0,ctl,ok,0,0,18.3,316.2
mpd,20.0,8,w48-16qam-r1/2,w48,19,1,0,data,ok,18,18,15.2,316.2
mpd,20.0,8,ack-1f,w,2,2,0,ctl,ok,0,0,19.5,316.2
mpd,20.0,8,w48-16qam-r1/2,w48,19,1,0,data,ok,18,18,13.0,316.2
mpd,20.0,8,ack-1f,w,2,2,0,ctl,ok,0,0,17.2,316.2
mpd,20.0,8,w48-16qam-r1/2,w48,19,1,0,data,ok,18,18,19.3,316.2
mpd,20.0,8,ack-1f,w,2,2,0,ctl,ok,0,0,18.4,316.2
mpd,20.0,8,w48-64l-r1/2,w48,39,1,0,data,ok,38,38,16.9,316.2
mpd,20.0,8,ack-1f,w,2,2,0,ctl,ok,0,0,19.6,316.2
mpd,20.0,8,w48-64l-r1/2,w48,39,1,0,data,ok,38,38,16.4,316.2
mpd,20.0,8,ack-1f,w,2,2,0,ctl,ok,0,0,18.5,316.2
mpd,20.0,8,w48-64l-r1/2,w48,39,1,0,data,ctl_lost,38,0,12.8,316.2
mpd,20.0,8,ack-4f,w,3,3,0,ctl,ok,0,0,18.7,316.2
mpd,20.0,8,ack-4f,w,2,2,0,ctl,ok,0,0,16.5,316.2
mpd,20.0,8,w48-16qam-r1/2,w48,19,1,0,data,ok,18,18,14.7,316.2
mpd,20.0,8,ack-1f,w,2,2,0,ctl,ok,0,0,22.7,316.2
mpd,20.0,8,w48-16qam-r1/2,w48,19,1,0,data,ok,18,18,13.7,316.2
mpd,20.0,8,ack-1f,w,2,2,0,ctl,ok,0,0,18.9,316.2
mpd,20.0,8,w48-16qam-r1/2,w48,19,1,0,data,ok,18,18,18.1,316.2
mpd,20.0,8,ack-1f,w,2,2,0,ctl,ok,0,0,19.5,316.2
mpd,20.0,8,w48-16qam-r1/2,w48,19,1,0,data,ok,18,18,12.6,316.2
mpd,20.0,8,ack-1f,w,2,2,0,ctl,ok,0,0,19.0,316.2
mpd,20.0,8,w48-16qam-r1/2,w48,19,1,0,data,ok,18,18,18.1,316.2
mpd,20.0,8,ack-1f,w,2,2,0,ctl,ok,0,0,19.0,316.2
mpd,20.0,8,w48-16qam-r1/2,w48,19,1,0,data,ok,18,18,12.4,316.2
mpd,20.0,8,ack-1f,w,2,2,0,ctl,ok,0,0,19.6,316.2
mpd,20.0,8,w48-16qam-r1/2,w48,19,1,0,data,ok,18,18,17.1,316.2
mpd,20.0,8,ack-1f,w,2,2,0,ctl,ok,0,0,19.4,316.2
mpd,20.0,8,w48-16qam-r1/2,w48,19,1,0,data,ok,18,18,17.7,316.2
mpd,20.0,8,ack-1f,w,2,2,0,ctl,ok,0,0,16.2,316.2
mpg,15.0,1,qpsk-r1/5,w,1,1,0,ctl,ok,0,0,18.1,308.1
mpg,15.0,1,qpsk-r1/5,w,1,1,0,ctl,ok,0,0,15.0,308.1
mpg,15.0,1,ack-4f,w,3,3,0,ctl,ok,0,0,14.7,308.1
mpg,15.0,1,ack-1f,w,3,3,0,ctl,ok,0,0,18.4,308.1
mpg,15.0,1,w48-16qam-r1/2,w48,19,2,1,data,ok,17,17,16.9,308.1
mpg,15.0,1,ack-1f,w,3,3,0,ctl,ok,0,0,17.8,308.1
mpg,15.0,1,w48-16qam-r2/3,w48,19,2,1,data,ok,17,17,17.0,308.1
mpg,15.0,1,ack-1f,w,2,2,0,ctl,ok,0,0,19.6,308.1
mpg,15.0,1,w48-16qam-r2/3,w48,19,1,0,data,ok,18,18,16.0,308.1
mpg,15.0,1,ack-1f,w,3,3,0,ctl,ok,0,0,18.9,308.1
mpg,15.0,1,w48-16qam-r2/3,w48,19,2,1,data,ok,17,14,15.6,308.1
mpg,15.0,1,ack-1f,w,4,4,0,ctl,ok,0,0,16.1,308.1
mpg,15.0,1,w48-16qam-r2/3,w48,19,2,1,data,ok,14,14,15.3,308.1
mpg,15.0,1,ack-1f,w,3,3,0,ctl,ok,0,0,16.7,308.1
mpg,15.0,1,w48-16qam-r2/3,w48,19,2,1,data,ok,17,6,15.8,308.1
mpg,15.0,1,ack-1f,w,4,4,0,ctl,ok,0,0,18.9,308.1
mpg,15.0,1,w48-16qam-r2/3,w48,19,2,1,data,ok,6,6,15.5,308.1
mpg,15.0,1,ack-1f,w,2,2,0,ctl,ok,0,0,16.0,308.1
mpg,15.0,1,w48-16qam-r2/3,w48,19,1,0,data,ok,18,18,16.5,308.1
mpg,15.0,1,ack-1f,w,2,2,0,ctl,ok,0,0,16.1,308.1
mpg,15.0,1,w48-16qam-r2/3,w48,19,1,0,data,ctl_lost,18,8,13.4,308.1
mpg,15.0,1,ack-4f,w,3,3,0,ctl,ok,0,0,19.0,308.1
mpg,15.0,1,ack-4f,w,3,3,0,ctl,ok,0,0,16.2,308.1
mpg,15.0,1,w48-16qam-r2/3,w48,19,2,1,data,ok,17,0,11.5,308.1
mpg,15.0,1,ack-1f,w,2,2,0,ctl,ok,0,0,14.5,308.1
mpg,15.0,1,w48-16qam-r1/3,w48,19,1,0,data,ok,18,18,12.9,308.1
mpg,15.0,1,ack-1f,w,2,2,0,ctl,ok,0,0,19.3,308.1
mpg,15.0,1,w48-16qam-r1/3,w48,19,1,0,data,ok,18,18,13.4,308.1
mpg,15.0,1,ack-1f,w,3,3,0,ctl,ok,0,0,19.2,308.1
mpg,15.0,1,w48-16qam-r1/2,w48,19,2,1,data,ok,17,17,16.1,308.1
mpg,15.0,1,ack-1f,w,3,3,0,ctl,ok,0,0,14.3,308.1
mpg,15.0,1,w48-16qam-r2/3,w48,19,2,1,data,ok,17,17,15.7,308.1
mpg,15.0,1,ack-1f,w,3,3,0,ctl,ok,0,0,18.6,308.1
mpg,15.0,1,w48-16qam-r2/3,w48,19,2,1,data,ok,17,14,13.1,308.1
mpg,15.0,1,ack-1f,w,4,4,0,ctl,ok,0,0,17.2,308.1
mpg,15.0,1,w48-16qam-r2/3,w48,19,2,1,data,ok,14,14,17.3,308.1
mpg,15.0,1,ack-1f,w,2,2,0,ctl,ok,0,0,20.9,308.1
mpg,15.0,1,w48-16qam-r2/3,w48,19,1,0,data,ok,18,18,16.9,308.1
mpg,15.0,1,ack-1f,w,2,2,0,ctl,ok,0,0,17.7,308.1
mpg,15.0,1,w48-16qam-r2/3,w48,19,1,0,data,ok,18,18,16.6,308.1
mpg,15.0,1,ack-1f,w,2,2,0,ctl,ok,0,0,18.7,308.1
mpg,15.0,1,w48-16qam-r2/3,w48,19,1,0,data,ok,18,18,15.5,308.1
mpg,15.0,1,ack-1f,w,2,2,0,ctl,ok,0,0,16.6,308.1
mpg,15.0,1,w48-16qam-r2/3,w48,19,1,0,data,ok,18,18,14.3,308.1
mpg,15.0,1,ack-1f,w,2,2,0,ctl,ok,0,0,17.5,308.1
mpg,15.0,1,w48-16qam-r2/3,w48,19,1,0,data,ok,18,18,15.7,308.1
mpg,15.0,1,ack-1f,w,2,2,0,ctl,ok,0,0,20.3,308.1
mpg,15.0,1,w48-16qam-r2/3,w48,19,1,0,data,ok,18,18,16.0,308.1
mpg,15.0,1,ack-1f,w,2,2,0,ctl,ok,0,0,16.6,308.1
mpg,15.0,1,w48-16qam-r2/3,w48,19,1,0,data,ok,18,18,18.1,308.1
mpg,15.0,1,ack-1f,w,2,2,0,ctl,ok,0,0,18.8,308.1
mpg,15.0,1,w48-16qam-r2/3,w48,19,1,0,data,ok,18,18,13.8,308.1
mpg,15.0,1,ack-1f,w,2,2,0,ctl,ok,0,0,13.5,308.1
mpg,15.0,1,w48-16qam-r2/3,w48,19,1,0,data,ok,18,18,16.9,308.1
mpg,15.0,1,ack-1f,w,2,2,0,ctl,ok,0,0,15.1,308.1
mpg,15.0,1,w48-16qam-r2/3,w48,19,1,0,data,ok,18,18,14.6,308.1
mpg,15.0,1,ack-1f,w,2,2,0,ctl,ok,0,0,15.6,308.1
mpg,15.0,1,w48-16qam-r2/3,w48,19,1,0,data,ok,18,18,15.5,308.1
mpg,15.0,1,ack-1f,w,2,2,0,ctl,ok,0,0,14.7,308.1
mpg,15.0,1,w48-16qam-r2/3,w48,19,1,0,data,ctl_lost,18,0,13.2,308.1
mpg,15.0,1,ack-4f,w,3,3,0,ctl,ok,0,0,12.8,308.1
mpg,15.0,1,ack-4f,w,3,3,0,ctl,ok,0,0,14.4,308.1
mpg,15.0,1,w48-16qam-r1/2,w48,19,2,1,data,ok,17,17,17.3,308.1
mpg,15.0,1,ack-1f,w,3,3,0,ctl,ok,0,0,15.4,308.1
mpg,15.0,1,w48-16qam-r2/3,w48,19,2,1,data,ok,17,17,19.1,308.1
mpg,15.0,1,ack-1f,w,2,2,0,ctl,ok,0,0,16.6,308.1
mpg,15.0,1,w48-64l-r1/2,w48,39,1,0,data,ok,38,38,17.5,308.1
mpg,15.0,1,ack-1f,w,2,2,0,ctl,ok,0,0,16.6,308.1
mpg,15.0,1,w48-64l-r7/12,w48,39,1,0,data,ctl_lost,38,0,11.0,308.1
mpg,15.0,1,ack-4f,w,2,2,0,ctl,ok,0,0,21.7,308.1
mpg,15.0,1,ack-4f,w,2,2,0,ctl,ok,0,0,21.1,308.1
mpg,15.0,1,w48-16qam-r2/3,w48,19,1,0,data,ok,18,18,17.3,308.1
mpg,15.0,1,ack-1f,w,2,2,0,ctl,ok,0,0,14.4,308.1
mpg,15.0,1,w48-64l-r1/2,w48,39,1,0,data,ok,38,36,13.2,308.1
mpg,15.0,1,ack-1f,w,4,4,0,ctl,ok,0,0,13.3,308.1
mpg,15.0,1,w48-64l-r1/2,w48,39,2,1,data,ok,35,0,9.0,308.1
mpg,15.0,1,ack-1f,w,2,2,0,ctl,ok,0,0,15.7,308.1
mpg,15.0,1,w48-16qam-r1/3,w48,19,1,0,data,ok,18,18,14.5,308.1
mpg,15.0,1,ack-1f,w,2,2,0,ctl,ok,0,0,13.7,308.1
mpg,15.0,1,w48-16qam-r1/3,w48,19,1,0,data,ok,18,18,17.2,308.1
mpg,15.0,1,ack-1f,w,2,2,0,ctl,ok,0,0,16.2,308.1
mpg,15.0,1,w48-16qam-r2/3,w48,19,1,0,data,ok,18,18,17.2,308.1
mpg,15.0,1,ack-1f,w,2,2,0,ctl,ok,0,0,5.3,308.1
mpg,15.0,1,w48-16qam-r2/3,w48,19,1,0,data,ok,18,18,15.7,308.1
mpg,15.0,1,ack-1f,w,2,2,0,ctl,ok,0,0,15.4,308.1
mpg,15.0,1,w48-16qam-r2/3,w48,19,1,0,data,ok,18,14,13.8,308.1
mpg,15.0,1,ack-1f,w,4,4,0,ctl,ok,0,0,17.8,308.1
mpg,15.0,1,w48-16qam-r2/3,w48,19,2,1,data,ok,13,13,15.3,308.1
mpg,15.0,1,ack-1f,w,3,3,0,ctl,ok,0,0,13.7,308.1
mpg,15.0,1,w48-16qam-r2/3,w48,19,2,1,data,ok,17,17,14.4,308.1
mpg,15.0,1,ack-1f,w,3,3,0,ctl,ok,0,0,19.3,308.1
mpg,15.0,1,w48-16qam-r2/3,w48,19,2,1,data,ok,17,0,12.7,308.1
mpg,15.0,1,ack-1f,w,3,3,0,ctl,ok,0,0,12.4,308.1
mpg,15.0,1,w48-16qam-r1/2,w48,19,2,1,data,ok,17,17,14.8,308.1
mpd,20.0,9,qpsk-r1/5,w,1,1,0,ctl,ok,0,0,18.1,294.1
mpd,20.0,9,qpsk-r1/5,w,1,1,0,ctl,ok,0,0,19.4,294.1
mpd,20.0,9,ack-4f,w,2,2,0,ctl,ok,0,0,18.8,294.1
mpd,20.0,9,ack-1f,w,3,3,0,ctl,ok,0,0,19.1,294.1
mpd,20.0,9,w48-16qam-r1/2,w48,19,2,1,data,ok,17,17,12.7,294.1
mpd,20.0,9,ack-1f,w,3,3,0,ctl,ok,0,0,20.1,294.1
mpd,20.0,9,w48-16qam-r1/2,w48,19,2,1,data,ok,17,17,13.4,294.1
mpd,20.0,9,ack-1f,w,3,3,0,ctl,ok,0,0,21.3,294.1
mpd,20.0,9,w48-16qam-r1/2,w48,19,2,1,data,ok,17,17,17.2,294.1
mpd,20.0,9,ack-1f,w,2,2,0,ctl,ok,0,0,20.0,294.1
mpd,20.0,9,w48-16qam-r1/2,w48,19,1,0,data,ok,18,18,18.3,294.1
mpd,20.0,9,ack-1f,w,2,2,0,ctl,ok,0,0,18.0,294.1
mpd,20.0,9,w48-16qam-r1/2,w48,19,1,0,data,ok,18,18,18.0,294.1
mpd,20.0,9,ack-1f,w,2,2,0,ctl,ok,0,0,20.0,294.1
mpd,20.0,9,w48-16qam-r1/2,w48,19,1,0,data,ok,18,18,13.2,294.1
mpd,20.0,9,ack-1f,w,2,2,0,ctl,ok,0,0,18.4,294.1
mpd,20.0,9,w48-16qam-r1/2,w48,19,1,0,data,ok,18,18,14.7,294.1
mpd,20.0,9,ack-1f,w,3,3,0,ctl,ok,0,0,19.7,294.1
mpd,20.0,9,w48-16qam-r1/2,w48,19,2,1,data,ok,17,17,16.4,294.1
mpd,20.0,9,ack-1f,w,2,2,0,ctl,ok,0,0,21.1,294.1
mpd,20.0,9,w48-16qam-r1/2,w48,19,1,0,data,ok,18,18,18.7,294.1
mpd,20.0,9,ack-1f,w,2,2,0,ctl,ok,0,0,21.2,294.1
mpd,20.0,9,w48-16qam-r1/2,w48,19,1,0,data,ok,18,18,19.6,294.1
mpd,20.0,9,ack-1f,w,3,3,0,ctl,ok,0,0,19.5,294.1
mpd,20.0,9,w48-64l-r1/2,w48,39,2,1,data,ok,37,37,17.5,294.1
mpd,20.0,9,ack-1f,w,3,3,0,ctl,ok,0,0,17.4,294.1
mpd,20.0,9,w48-64l-r1/2,w48,39,2,1,data,ok,37,0,12.6,294.1
mpd,20.0,9,ack-1f,w,2,2,0,ctl,ok,0,0,20.8,294.1
mpd,20.0,9,w48-16qam-r1/2,w48,19,1,0,data,ok,18,18,17.8,294.1
mpd,20.0,9,ack-1f,w,2,2,0,ctl,ok,0,0,18.8,294.1
mpd,20.0,9,w48-16qam-r1/2,w48,19,1,0,data,ok,18,18,14.4,294.1
mpd,20.0,9,ack-1f,w,2,2,0,ctl,ok,0,0,22.4,294.1
mpd,20.0,9,w48-16qam-r1/2,w48,19,1,0,data,ok,18,18,17.0,294.1
mpd,20.0,9,ack-1f,w,2,2,0,ctl,ok,0,0,20.0,294.1
mpd,20.0,9,w48-16qam-r1/2,w48,19,1,0,data,ok,18,18,18.4,294.1
mpd,20.0,9,ack-1f,w,2,2,0,ctl,ok,0,0,8.0,294.1
mpd,20.0,9,w48-16qam-r1/2,w48,19,1,0,data,ok,18,18,16.7,294.1
mpd,20.0,9,ack-1f,w,2,2,0,ctl,ok,0,0,16.7,294.1
mpd,20.0,9,w48-16qam-r1/2,w48,19,1,0,data,ok,18,18,13.7,294.1
mpd,20.0,9,ack-1f,w,2,2,0,ctl,ok,0,0,18.6,294.1
mpd,20.0,9,w48-16qam-r1/2,w48,19,1,0,data,ok,18,18,19.3,294.1
mpd,20.0,9,ack-1f,w,3,3,0,ctl,ok,0,0,18.4,294.1
mpd,20.0,9,w48-64l-r1/2,w48,39,2,1,data,ok,37,36,14.2,294.1
mpd,20.0,9,ack-1f,w,4,4,0,ctl,ok,0,0,17.7,294.1
mpd,20.0,9,w48-64l-r1/2,w48,39,2,1,data,ok,36,36,16.3,294.1
mpd,20.0,9,ack-1f,w,3,3,0,ctl,ok,0,0,22.0,294.1
mpd,20.0,9,w48-64l-r1/2,w48,39,2,1,data,ok,37,37,16.7,294.1
mpd,20.0,9,ack-1f,w,3,3,0,ctl,ok,0,0,19.4,294.1
mpd,20.0,9,w48-64l-r1/2,w48,39,2,1,data,ok,37,0,13.2,294.1
mpd,20.0,9,ack-1f,w,2,2,0,ctl,ok,0,0,20.8,294.1
mpd,20.0,9,w48-16qam-r1/2,w48,19,1,0,data,ok,18,18,17.4,294.1
mpd,20.0,9,ack-1f,w,2,2,0,ctl,ok,0,0,19.7,294.1
mpd,20.0,9,w48-16qam-r1/2,w48,19,1,0,data,ok,18,18,12.3,294.1
mpd,20.0,9,ack-1f,w,2,2,0,ctl,ok,0,0,20.8,294.1
mpd,20.0,9,w48-16qam-r1/2,w48,19,1,0,data,ok,18,18,16.9,294.1
mpd,20.0,9,ack-1f,w,2,2,0,ctl,ok,0,0,19.2,294.1
mpd,20.0,9,w48-16qam-r1/2,w48,19,1,0,data,ok,18,18,16.8,294.1
mpd,20.0,9,ack-1f,w,2,2,0,ctl,ok,0,0,20.7,294.1
mpd,20.0,9,w48-16qam-r1/2,w48,19,1,0,data,ok,18,18,13.1,294.1
mpd,20.0,9,ack-1f,w,2,2,0,ctl,ok,0,0,22.3,294.1
mpd,20.0,9,w48-16qam-r1/2,w48,19,1,0,data,ok,18,18,19.0,294.1
mpd,20.0,9,ack-1f,w,3,3,0,ctl,ok,0,0,19.0,294.1
mpd,20.0,9,w48-64l-r1/2,w48,39,2,1,data,ok,37,0,13.5,294.1
mpd,20.0,9,ack-1f,w,2,2,0,ctl,ok,0,0,17.4,294.1
mpd,20.0,9,w48-16qam-r1/2,w48,19,1,0,data,ok,18,18,19.3,294.1
mpd,20.0,9,ack-1f,w,2,2,0,ctl,ok,0,0,20.4,294.1
mpd,20.0,9,w48-16qam-r1/2,w48,19,1,0,data,ok,18,18,16.1,294.1
mpd,20.0,9,ack-1f,w,2,2,0,ctl,ok,0,0,21.6,294.1
mpd,20.0,9,w48-16qam-r1/2,w48,19,1,0,data,ok,18,18,16.3,294.1
mpd,20.0,9,ack-1f,w,2,2,0,ctl,ok,0,0,21.0,294.1
mpd,20.0,9,w48-16qam-r1/2,w48,19,1,0,data,ok,18,17,11.9,294.1
mpd,20.0,9,ack-1f,w,3,3,0,ctl,ok,0,0,20.0,294.1
mpd,20.0,9,w48-16qam-r1/2,w48,19,1,0,data,ok,17,17,13.3,294.1
mpd,20.0,9,ack-1f,w,3,3,0,ctl,ok,0,0,19.8,294.1
mpd,20.0,9,w48-16qam-r1/2,w48,19,2,1,data,ok,17,17,18.6,294.1
mpd,20.0,9,ack-1f,w,2,2,0,ctl,ok,0,0,22.1,294.1
mpd,20.0,9,w48-16qam-r1/2,w48,19,1,0,data,ok,18,18,18.7,294.1
mpd,20.0,9,ack-1f,w,2,2,0,ctl,ok,0,0,21.2,294.1
mpd,20.0,9,w48-16qam-r1/2,w48,19,1,0,data,ok,18,18,18.7,294.1
mpd,20.0,9,ack-1f,w,2,2,0,ctl,ok,0,0,22.0,294.1
mpd,20.0,9,w48-64l-r1/2,w48,39,1,0,data,ctl_lost,38,0,13.9,294.1
mpd,20.0,9,ack-4f,w,3,3,0,ctl,ok,0,0,18.9,294.1
mpd,20.0,9,ack-4f,w,2,2,0,ctl,ok,0,0,18.6,294.1
mpd,20.0,9,w48-16qam-r1/2,w48,19,1,0,data,ok,18,18,15.8,294.1
mpd,20.0,9,ack-1f,w,2,2,0,ctl,ok,0,0,19.2,294.1
mpd,20.0,9,w48-16qam-r1/2,w48,19,1,0,data,ok,18,18,11.7,294.1
mpd,20.0,9,ack-1f,w,2,2,0,ctl,ok,0,0,19.6,294.1
mpd,20.0,9,w48-16qam-r1/2,w48,19,1,0,data,ok,18,18,17.9,294.1
mpd,20.0,9,ack-1f,w,2,2,0,ctl,ok,0,0,21.6,294.1
mpd,20.0,9,w48-16qam-r1/2,w48,19,1,0,data,ok,18,18,13.0,294.1
mpd,20.0,9,ack-1f,w,2,2,0,ctl,ok,0,0,21.1,294.1
mpd,20.0,9,w48-16qam-r1/2,w48,19,1,0,data,ok,18,18,15.1,294.1
mpd,20.0,9,ack-1f,w,2,2,0,ctl,ok,0,0,21.6,294.1
mpd,20.0,9,w48-16qam-r1/2,w48,19,1,0,data,ok,18,18,19.1,294.1
mpg,15.0,3,qpsk-r1/5,w,1,1,0,ctl,ok,0,0,19.1,298.4
mpg,15.0,3,qpsk-r1/5,w,1,1,0,ctl,ok,0,0,18.4,298.4
mpg,15.0,3,ack-4f,w,2,2,0,ctl,ok,0,0,13.6,298.4
mpg,15.0,3,ack-1f,w,3,3,0,ctl,ok,0,0,12.5,298.4
mpg,15.0,3,w48-16qam-r1/2,w48,19,2,1,data,ok,17,17,14.0,298.4
mpg,15.0,3,ack-1f,w,3,3,0,ctl,ok,0,0,17.4,298.4
mpg,15.0,3,w48-16qam-r1/2,w48,19,2,1,data,ok,17,17,16.8,298.4
mpg,15.0,3,ack-1f,w,3,3,0,ctl,ok,0,0,21.5,298.4
mpg,15.0,3,w48-16qam-r2/3,w48,19,2,1,data,ok,17,17,15.7,298.4
mpg,15.0,3,ack-1f,w,2,2,0,ctl,ok,0,0,14.3,298.4
mpg,15.0,3,w48-16qam-r2/3,w48,19,1,0,data,ok,18,18,16.8,298.4
mpg,15.0,3,ack-1f,w,2,2,0,ctl,ok,0,0,17.2,298.4
mpg,15.0,3,w48-16qam-r2/3,w48,19,1,0,data,ok,18,18,16.9,298.4
mpg,15.0,3,ack-1f,w,2,2,0,ctl,ok,0,0,17.1,298.4
mpg,15.0,3,w48-16qam-r2/3,w48,19,1,0,data,ok,18,18,15.9,298.4
mpg,15.0,3,ack-1f,w,2,2,0,ctl,ok,0,0,16.1,298.4
mpg,15.0,3,w48-16qam-r2/3,w48,19,1,0,data,ok,18,18,17.2,298.4
mpg,15.0,3,ack-1f,w,2,2,0,ctl,ok,0,0,13.3,298.4
mpg,15.0,3,w48-16qam-r2/3,w48,19,1,0,data,ok,18,18,14.9,298.4
mpg,15.0,3,ack-1f,w,3,3,0,ctl,ok,0,0,18.3,298.4
mpg,15.0,3,w48-16qam-r2/3,w48,19,2,1,data,ok,17,17,16.5,298.4
mpg,15.0,3,ack-1f,w,2,2,0,ctl,ok,0,0,15.7,298.4
mpg,15.0,3,w48-16qam-r2/3,w48,19,1,0,data,ok,18,2,15.1,298.4
mpg,15.0,3,ack-1f,w,3,3,0,ctl,ok,0,0,19.4,298.4
mpg,15.0,3,w48-16qam-r2/3,w48,19,1,0,data,ctl_lost,2,0,12.4,298.4
mpg,15.0,3,ack-4f,w,3,3,0,ctl,ok,0,0,13.4,298.4
mpg,15.0,3,ack-4f,w,4,4,0,ctl,ok,0,0,16.3,298.4
mpg,15.0,3,w48-16qam-r1/2,w48,19,2,1,data,ok,17,17,13.0,298.4
mpg,15.0,3,ack-1f,w,3,3,0,ctl,ok,0,0,7.8,298.4
mpg,15.0,3,w48-16qam-r1/2,w48,19,2,1,data,ok,17,17,16.0,298.4
mpg,15.0,3,ack-1f,w,3,3,0,ctl,ok,0,0,13.2,298.4
mpg,15.0,3,w48-16qam-r2/3,w48,19,2,1,data,ok,17,17,18.4,298.4
mpg,15.0,3,ack-1f,w,3,3,0,ctl,ok,0,0,15.2,298.4
mpg,15.0,3,w48-64l-r1/2,w48,39,2,1,data,ok,37,37,16.6,298.4
mpg,15.0,3,ack-1f,w,2,2,0,ctl,ok,0,0,19.1,298.4
mpg,15.0,3,w48-64l-r7/12,w48,39,1,0,data,ctl_lost,38,0,11.2,298.4
mpg,15.0,3,ack-4f,w,3,3,0,ctl,ok,0,0,19.8,298.4
mpg,15.0,3,ack-4f,w,3,3,0,ctl,ok,0,0,20.4,298.4
mpg,15.0,3,w48-16qam-r2/3,w48,19,2,1,data,ok,17,17,17.7,298.4
mpg,15.0,3,ack-1f,w,3,3,0,ctl,ok,0,0,19.1,298.4
mpg,15.0,3,w48-64l-r1/2,w48,39,2,1,data,ok,37,37,15.9,298.4
mpg,15.0,3,ack-1f,w,2,2,0,ctl,ok,0,0,16.8,298.4
mpg,15.0,3,w48-64l-r1/2,w48,39,1,0,data,ok,38,38,17.4,298.4
mpg,15.0,3,ack-1f,w,2,2,0,ctl,ok,0,0,18.1,298.4
mpg,15.0,3,w48-64l-r1/2,w48,39,1,0,data,ok,38,38,15.8,298.4
mpg,15.0,3,ack-1f,w,2,2,0,ctl,ok,0,0,19.0,298.4
mpg,15.0,3,w48-64l-r1/2,w48,39,1,0,data,ctl_lost,38,0,12.4,298.4
mpg,15.0,3,ack-4f,w,3,3,0,ctl,ok,0,0,20.3,298.4
mpg,15.0,3,ack-4f,w,2,2,0,ctl,ok,0,0,20.3,298.4
mpg,15.0,3,w48-16qam-r2/3,w48,19,1,0,data,ok,18,18,16.3,298.4
mpg,15.0,3,ack-1f,w,2,2,0,ctl,ok,0,0,8.7,298.4
mpg,15.0,3,w48-16qam-r2/3,w48,19,1,0,data,ok,18,18,15.6,298.4
mpg,15.0,3,ack-1f,w,3,3,0,ctl,ok,0,0,17.2,298.4
mpg,15.0,3,w48-16qam-r2/3,w48,19,2,1,data,ok,17,17,14.6,298.4
mpg,15.0,3,ack-1f,w,3,3,0,ctl,ok,0,0,16.0,298.4
mpg,15.0,3,w48-16qam-r2/3,w48,19,2,1,data,ok,17,12,14.9,298.4
mpg,15.0,3,ack-1f,w,4,4,0,ctl,ok,0,0,15.0,298.4
mpg,15.0,3,w48-16qam-r2/3,w48,19,2,1,data,ok,12,0,12.9,298.4
mpg,15.0,3,ack-1f,w,2,2,0,ctl,ok,0,0,17.2,298.4
mpg,15.0,3,w48-16qam-r1/2,w48,19,1,0,data,ok,18,18,14.1,298.4
mpg,15.0,3,ack-1f,w,2,2,0,ctl,ok,0,0,14.6,298.4
mpg,15.0,3,w48-16qam-r1/2,w48,19,1,0,data,ok,18,18,14.9,298.4
mpg,15.0,3,ack-1f,w,3,3,0,ctl,ok,0,0,20.6,298.4
mpg,15.0,3,w48-16qam-r2/3,w48,19,2,1,data,ok,17,17,16.4,298.4
mpg,15.0,3,ack-1f,w,2,2,0,ctl,ok,0,0,20.3,298.4
mpg,15.0,3,w48-16qam-r2/3,w48,19,1,0,data,ok,18,18,15.7,298.4
mpg,15.0,3,ack-1f,w,2,2,0,ctl,ok,0,0,16.0,298.4
mpg,15.0,3,w48-16qam-r2/3,w48,19,1,0,data,ok,18,18,16.6,298.4
mpg,15.0,3,ack-1f,w,2,2,0,ctl,ok,0,0,13.3,298.4
mpg,15.0,3,w48-16qam-r2/3,w48,19,1,0,data,ok,18,13,14.0,298.4
mpg,15.0,3,ack-1f,w,3,3,0,ctl,ok,0,0,17.9,298.4
mpg,15.0,3,w48-16qam-r2/3,w48,19,1,0,data,ctl_lost,13,0,14.2,298.4
mpg,15.0,3,ack-4f,w,2,2,0,ctl,ok,0,0,17.1,298.4
mpg,15.0,3,ack-4f,w,4,4,0,ctl,ok,0,0,13.7,298.4
mpg,15.0,3,w48-16qam-r2/3,w48,19,2,1,data,ok,12,10,14.2,298.4
mpg,15.0,3,ack-1f,w,3,3,0,ctl,ok,0,0,21.2,298.4
mpg,15.0,3,w48-16qam-r2/3,w48,19,2,1,data,ok,15,15,19.5,298.4
mpg,15.0,3,ack-1f,w,2,2,0,ctl,ok,0,0,18.5,298.4
mpg,15.0,3,w48-16qam-r2/3,w48,19,1,0,data,ok,18,18,17.4,298.4
mpg,15.0,3,ack-1f,w,2,2,0,ctl,ok,0,0,21.5,298.4
mpg,15.0,3,w48-16qam-r2/3,w48,19,1,0,data,ok,18,18,16.5,298.4
mpg,15.0,3,ack-1f,w,2,2,0,ctl,ok,0,0,11.6,298.4
mpg,15.0,3,w48-16qam-r2/3,w48,19,1,0,data,ctl_lost,18,5,15.1,298.4
mpg,15.0,3,ack-4f,w,3,3,0,ctl,ok,0,0,19.2,298.4
mpg,15.0,3,ack-4f,w,2,2,0,ctl,ok,0,0,21.7,298.4
mpg,15.0,3,w48-16qam-r2/3,w48,19,1,0,data,ok,18,18,15.3,298.4
mpg,15.0,3,ack-1f,w,2,2,0,ctl,ok,0,0,12.4,298.4
mpg,15.0,3,w48-16qam-r1/2,w48,19,1,0,data,ok,18,18,14.1,298.4
mpg,15.0,3,ack-1f,w,2,2,0,ctl,ok,0,0,9.8,298.4
mpg,15.0,3,w48-16qam-r1/2,w48,19,1,0,data,ok,18,18,17.1,298.4
mpg,15.0,3,ack-1f,w,3,3,0,ctl,ok,0,0,18.6,298.4
mpg,15.0,3,w48-16qam-r2/3,w48,19,2,1,data,ok,17,0,12.7,298.4
mpg,15.0,3,ack-1f,w,2,2,0,ctl,ok,0,0,7.1,298.4
mpg,15.0,3,w48-16qam-r1/2,w48,19,1,0,data,ok,18,18,12.4,298.4
mpd,20.0,5,qpsk-r1/5,w,1,1,0,ctl,ok,0,0,18.7,302.6
mpd,20.0,5,qpsk-r1/5,w,1,1,0,ctl,ok,0,0,19.3,302.6
mpd,20.0,5,ack-4f,w,2,2,0,ctl,ok,0,0,17.9,302.6
mpd,20.0,5,ack-1f,w,3,3,0,ctl,ok,0,0,18.8,302.6
mpd,20.0,5,w48-16qam-r1/2,w48,19,2,1,data,ok,17,17,19.0,302.6
mpd,20.0,5,ack-1f,w,2,2,0,ctl,ok,0,0,18.9,302.6
mpd,20.0,5,w48-16qam-r1/2,w48,19,1,0,data,ok,18,18,18.9,302.6
mpd,20.0,5,ack-1f,w,3,3,0,ctl,ok,0,0,18.7,302.6
mpd,20.0,5,w48-64l-r1/2,w48,39,2,1,data,ok,37,0,12.1,302.6
mpd,20.0,5,ack-1f,w,3,3,0,ctl,ok,0,0,21.9,302.6
mpd,20.0,5,w48-16qam-r1/2,w48,19,2,1,data,ok,17,17,18.9,302.6
mpd,20.0,5,ack-1f,w,2,2,0,ctl,ok,0,0,19.9,302.6
mpd,20.0,5,w48-16qam-r1/2,w48,19,1,0,data,ok,18,18,16.6,302.6
mpd,20.0,5,ack-1f,w,2,2,0,ctl,ok,0,0,22.3,302.6
mpd,20.0,5,w48-16qam-r1/2,w48,19,1,0,data,ok,18,18,14.1,302.6
mpd,20.0,5,ack-1f,w,3,3,0,ctl,ok,0,0,19.9,302.6
mpd,20.0,5,w48-16qam-r1/2,w48,19,2,1,data,ok,17,17,13.7,302.6
mpd,20.0,5,ack-1f,w,3,3,0,ctl,ok,0,0,20.2,302.6
mpd,20.0,5,w48-16qam-r1/2,w48,19,2,1,data,ok,17,17,13.8,302.6
mpd,20.0,5,ack-1f,w,3,3,0,ctl,ok,0,0,20.8,302.6
mpd,20.0,5,w48-16qam-r1/2,w48,19,2,1,data,ok,17,17,19.4,302.6
mpd,20.0,5,ack-1f,w,2,2,0,ctl,ok,0,0,22.3,302.6
mpd,20.0,5,w48-16qam-r1/2,w48,19,1,0,data,ok,18,18,13.9,302.6
mpd,20.0,5,ack-1f,w,2,2,0,ctl,ok,0,0,18.6,302.6
mpd,20.0,5,w48-16qam-r1/2,w48,19,1,0,data,ok,18,18,19.5,302.6
mpd,20.0,5,ack-1f,w,3,3,0,ctl,ok,0,0,19.8,302.6
mpd,20.0,5,w48-64l-r1/2,w48,39,2,1,data,ok,37,37,16.1,302.6
mpd,20.0,5,ack-1f,w,3,3,0,ctl,ok,0,0,18.0,302.6
mpd,20.0,5,w48-64l-r1/2,w48,39,2,1,data,ok,37,37,17.1,302.6
mpd,20.0,5,ack-1f,w,3,3,0,ctl,ok,0,0,21.1,302.6
mpd,20.0,5,w48-64l-r1/2,w48,39,2,1,data,ok,37,37,17.8,302.6
mpd,20.0,5,ack-1f,w,3,3,0,ctl,ok,0,0,19.3,302.6
mpd,20.0,5,w48-64l-r1/2,w48,39,2,1,data,ok,37,37,14.9,302.6
mpd,20.0,5,ack-1f,w,3,3,0,ctl,ok,0,0,19.1,302.6
mpd,20.0,5,w48-64l-r1/2,w48,39,2,1,data,ok,37,37,15.1,302.6
mpd,20.0,5,ack-1f,w,3,3,0,ctl,ok,0,0,20.1,302.6
mpd,20.0,5,w48-64l-r1/2,w48,39,2,1,data,ok,37,37,16.2,302.6
mpd,20.0,5,ack-1f,w,3,3,0,ctl,ok,0,0,19.3,302.6
mpd,20.0,5,w48-64l-r1/2,w48,39,2,1,data,ok,37,37,15.7,302.6
mpd,20.0,5,ack-1f,w,3,3,0,ctl,ok,0,0,18.4,302.6
mpd,20.0,5,w48-64l-r1/2,w48,39,2,1,data,ok,37,0,12.5,302.6
mpd,20.0,5,ack-1f,w,2,2,0,ctl,ok,0,0,20.8,302.6
mpd,20.0,5,w48-16qam-r1/2,w48,19,1,0,data,ok,18,18,13.7,302.6
mpd,20.0,5,ack-1f,w,3,3,0,ctl,ok,0,0,21.1,302.6
mpd,20.0,5,w48-16qam-r1/2,w48,19,2,1,data,ok,17,17,16.4,302.6
mpd,20.0,5,ack-1f,w,2,2,0,ctl,ok,0,0,20.3,302.6
mpd,20.0,5,w48-16qam-r1/2,w48,19,1,0,data,ok,18,18,12.6,302.6
mpd,20.0,5,ack-1f,w,2,2,0,ctl,ok,0,0,21.0,302.6
mpd,20.0,5,w48-16qam-r1/2,w48,19,1,0,data,ok,18,18,18.9,302.6
mpd,20.0,5,ack-1f,w,3,3,0,ctl,ok,0,0,22.0,302.6
mpd,20.0,5,w48-64l-r1/2,w48,39,2,1,data,ok,37,37,14.1,302.6
mpd,20.0,5,ack-1f,w,3,3,0,ctl,ok,0,0,19.8,302.6
mpd,20.0,5,w48-64l-r1/2,w48,39,2,1,data,ok,37,37,15.5,302.6
mpd,20.0,5,ack-1f,w,3,3,0,ctl,ok,0,0,18.1,302.6
mpd,20.0,5,w48-64l-r1/2,w48,39,2,1,data,ok,37,1,13.4,302.6
mpd,20.0,5,ack-1f,w,4,4,0,ctl,ok,0,0,19.4,302.6
mpd,20.0,5,w48-16qam-r1/2,w48,19,1,0,data,ok,18,18,17.1,302.6
mpd,20.0,5,ack-1f,w,2,2,0,ctl,ok,0,0,20.2,302.6
mpd,20.0,5,w48-16qam-r1/2,w48,19,1,0,data,ok,18,18,13.0,302.6
mpd,20.0,5,ack-1f,w,2,2,0,ctl,ok,0,0,21.3,302.6
mpd,20.0,5,w48-16qam-r1/2,w48,19,1,0,data,ok,18,18,12.8,302.6
mpd,20.0,5,ack-1f,w,3,3,0,ctl,ok,0,0,18.9,302.6
mpd,20.0,5,w48-16qam-r1/2,w48,19,2,1,data,ok,17,17,13.3,302.6
mpd,20.0,5,ack-1f,w,2,2,0,ctl,ok,0,0,20.3,302.6
mpd,20.0,5,w48-16qam-r1/2,w48,19,1,0,data,ok,18,18,18.4,302.6
mpd,20.0,5,ack-1f,w,2,2,0,ctl,ok,0,0,18.3,302.6
mpd,20.0,5,w48-64l-r1/2,w48,39,1,0,data,ctl_lost,38,0,11.3,302.6
mpd,20.0,5,ack-4f,w,2,2,0,ctl,ok,0,0,19.6,302.6
mpd,20.0,5,ack-4f,w,2,2,0,ctl,ok,0,0,18.2,302.6
mpd,20.0,5,w48-16qam-r1/2,w48,19,1,0,data,ok,18,18,12.7,302.6
mpd,20.0,5,ack-1f,w,2,2,0,ctl,ok,0,0,21.8,302.6
mpd,20.0,5,w48-16qam-r1/2,w48,19,1,0,data,ok,18,18,18.8,302.6
mpd,20.0,5,ack-1f,w,2,2,0,ctl,ok,0,0,19.9,302.6
mpd,20.0,5,w48-16qam-r1/2,w48,19,1,0,data,ok,18,18,18.0,302.6
mpd,20.0,5,ack-1f,w,3,3,0,ctl,ok,0,0,19.3,302.6
mpd,20.0,5,w48-64l-r1/2,w48,39,2,1,data,ok,37,7,13.4,302.6
mpd,20.0,5,ack-1f,w,4,4,0,ctl,ok,0,0,18.4,302.6
mpd,20.0,5,w48-64l-r1/2,w48,39,2,1,data,ok,9,0,11.8,302.6
mpd,20.0,5,ack-1f,w,2,2,0,ctl,ok,0,0,22.3,302.6
mpd,20.0,5,w48-16qam-r1/2,w48,19,1,0,data,ok,18,18,19.3,302.6
mpd,20.0,5,ack-1f,w,2,2,0,ctl,ok,0,0,16.7,302.6
mpd,20.0,5,w48-16qam-r1/2,w48,19,1,0,data,ok,18,18,13.2,302.6
mpd,20.0,5,ack-1f,w,2,2,0,ctl,ok,0,0,19.6,302.6
mpd,20.0,5,w48-16qam-r1/2,w48,19,1,0,data,ok,18,18,13.2,302.6
mpd,20.0,5,ack-1f,w,2,2,0,ctl,ok,0,0,11.2,302.6
mpd,20.0,5,w48-16qam-r1/2,w48,19,1,0,data,ok,18,18,15.0,302.6
mpd,20.0,5,ack-1f,w,2,2,0,ctl,ok,0,0,21.9,302.6
mpd,20.0,5,w48-16qam-r1/2,w48,19,1,0,data,ok,18,18,18.7,302.6
mpd,20.0,5,ack-1f,w,2,2,0,ctl,ok,0,0,19.3,302.6
mpd,20.0,5,w48-16qam-r1/2,w48,19,1,0,data,ok,18,18,17.2,302.6
mpd,20.0,5,ack-1f,w,2,2,0,ctl,ok,0,0,17.3,302.6
mpd,20.0,5,w48-16qam-r1/2,w48,19,1,0,data,ok,18,18,13.2,302.6
mpd,20.0,4,qpsk-r1/5,w,1,1,0,ctl,ok,0,0,18.6,311.1
mpd,20.0,4,qpsk-r1/5,w,1,1,0,ctl,ok,0,0,19.7,311.1
mpd,20.0,4,ack-4f,w,2,2,0,ctl,ok,0,0,19.3,311.1
mpd,20.0,4,ack-1f,w,2,2,0,ctl,ok,0,0,18.8,311.1
mpd,20.0,4,w48-16qam-r1/2,w48,19,1,0,data,ok,18,18,13.4,311.1
mpd,20.0,4,ack-1f,w,3,3,0,ctl,ok,0,0,19.0,311.1
mpd,20.0,4,w48-16qam-r1/2,w48,19,2,1,data,ok,17,17,17.7,311.1
mpd,20.0,4,ack-1f,w,2,2,0,ctl,ok,0,0,18.2,311.1
mpd,20.0,4,w48-16qam-r1/2,w48,19,1,0,data,ok,18,18,14.1,311.1
mpd,20.0,4,ack-1f,w,3,3,0,ctl,ok,0,0,16.8,311.1
mpd,20.0,4,w48-16qam-r1/2,w48,19,2,1,data,ok,17,17,19.6,311.1
mpd,20.0,4,ack-1f,w,3,3,0,ctl,ok,0,0,9.3,311.1
mpd,20.0,4,w48-64l-r1/2,w48,39,2,1,data,ok,37,37,16.1,311.1
mpd,20.0,4,ack-1f,w,3,3,0,ctl,ok,0,0,19.5,311.1
mpd,20.0,4,w48-64l-r1/2,w48,39,2,1,data,ok,37,37,17.5,311.1
mpd,20.0,4,ack-1f,w,3,3,0,ctl,ok,0,0,21.4,311.1
mpd,20.0,4,w48-64l-r1/2,w48,39,2,1,data,ok,37,37,16.4,311.1
mpd,20.0,4,ack-1f,w,3,3,0,ctl,ok,0,0,20.4,311.1
mpd,20.0,4,w48-64l-r1/2,w48,39,2,1,data,ok,37,37,16.4,311.1
mpd,20.0,4,ack-1f,w,3,3,0,ctl,ok,0,0,19.9,311.1
mpd,20.0,4,w48-64l-r1/2,w48,39,2,1,data,ok,37,37,17.4,311.1
mpd,20.0,4,ack-1f,w,3,3,0,ctl,ok,0,0,20.7,311.1
mpd,20.0,4,w48-64l-r1/2,w48,39,2,1,data,ok,37,37,16.2,311.1
mpd,20.0,4,ack-1f,w,3,3,0,ctl,ok,0,0,19.9,311.1
mpd,20.0,4,w48-64l-r1/2,w48,39,2,1,data,ok,37,0,13.3,311.1
mpd,20.0,4,ack-1f,w,3,3,0,ctl,ok,0,0,18.3,311.1
mpd,20.0,4,w48-64l-r1/2,w48,39,2,1,data,ok,0,0,15.6,311.1
mpd,20.0,4,ack-1f,w,3,3,0,ctl,ok,0,0,21.1,311.1
mpd,20.0,4,w48-64l-r1/2,w48,39,2,1,data,ok,37,37,16.3,311.1
mpd,20.0,4,ack-1f,w,2,2,0,ctl,ok,0,0,17.5,311.1
mpd,20.0,4,w48-64l-r1/2,w48,39,1,0,data,ctl_lost,38,2,13.8,311.1
mpd,20.0,4,ack-4f,w,3,3,0,ctl,ok,0,0,16.8,311.1
mpd,20.0,4,ack-4f,w,3,3,0,ctl,ok,0,0,17.1,311.1
mpd,20.0,4,w48-16qam-r1/2,w48,19,2,1,data,ok,17,17,15.3,311.1
mpd,20.0,4,ack-1f,w,2,2,0,ctl,ok,0,0,19.9,311.1
mpd,20.0,4,w48-16qam-r1/2,w48,19,1,0,data,ok,18,18,18.3,311.1
mpd,20.0,4,ack-1f,w,3,3,0,ctl,ok,0,0,20.8,311.1
mpd,20.0,4,w48-64l-r1/2,w48,39,2,1,data,ok,37,0,11.8,311.1
mpd,20.0,4,ack-1f,w,2,2,0,ctl,ok,0,0,20.1,311.1
mpd,20.0,4,w48-16qam-r1/2,w48,19,1,0,data,ok,18,18,14.6,311.1
mpd,20.0,4,ack-1f,w,3,3,0,ctl,ok,0,0,17.1,311.1
mpd,20.0,4,w48-16qam-r1/2,w48,19,2,1,data,ok,17,17,16.3,311.1
mpd,20.0,4,ack-1f,w,2,2,0,ctl,ok,0,0,19.3,311.1
mpd,20.0,4,w48-16qam-r1/2,w48,19,1,0,data,ok,18,18,18.5,311.1
mpd,20.0,4,ack-1f,w,3,3,0,ctl,ok,0,0,20.8,311.1
mpd,20.0,4,w48-64l-r1/2,w48,39,2,1,data,ok,37,37,16.6,311.1
mpd,20.0,4,ack-1f,w,3,3,0,ctl,ok,0,0,18.1,311.1
mpd,20.0,4,w48-64l-r1/2,w48,39,2,1,data,ok,37,37,16.7,311.1
mpd,20.0,4,ack-1f,w,3,3,0,ctl,ok,0,0,19.2,311.1
mpd,20.0,4,w48-64l-r1/2,w48,39,2,1,data,ok,37,37,16.4,311.1
mpd,20.0,4,ack-1f,w,3,3,0,ctl,ok,0,0,20.8,311.1
mpd,20.0,4,w48-64l-r1/2,w48,39,2,1,data,ok,37,37,15.2,311.1
mpd,20.0,4,ack-1f,w,3,3,0,ctl,ok,0,0,18.4,311.1
mpd,20.0,4,w48-64l-r1/2,w48,39,2,1,data,ok,37,0,11.9,311.1
mpd,20.0,4,ack-1f,w,3,3,0,ctl,ok,0,0,18.3,311.1
mpd,20.0,4,w48-16qam-r1/2,w48,19,2,1,data,ok,17,17,19.4,311.1
mpd,20.0,4,ack-1f,w,2,2,0,ctl,ok,0,0,18.9,311.1
mpd,20.0,4,w48-64l-r1/2,w48,39,1,0,data,ctl_lost,38,0,12.1,311.1
mpd,20.0,4,ack-4f,w,3,3,0,ctl,ok,0,0,18.8,311.1
mpd,20.0,4,ack-4f,w,2,2,0,ctl,ok,0,0,18.2,311.1
mpd,20.0,4,w48-16qam-r1/2,w48,19,1,0,data,ok,18,18,12.5,311.1
mpd,20.0,4,ack-1f,w,2,2,0,ctl,ok,0,0,21.0,311.1
mpd,20.0,4,w48-16qam-r1/2,w48,19,1,0,data,ok,18,18,13.1,311.1
mpd,20.0,4,ack-1f,w,3,3,0,ctl,ok,0,0,17.5,311.1
mpd,20.0,4,w48-16qam-r1/2,w48,19,2,1,data,ok,17,17,18.1,311.1
mpd,20.0,4,ack-1f,w,2,2,0,ctl,ok,0,0,18.3,311.1
mpd,20.0,4,w48-16qam-r1/2,w48,19,1,0,data,ok,18,18,12.3,311.1
mpd,20.0,4,ack-1f,w,2,2,0,ctl,ok,0,0,20.8,311.1
mpd,20.0,4,w48-16qam-r1/2,w48,19,1,0,data,ok,18,18,19.1,311.1
mpd,20.0,4,ack-1f,w,2,2,0,ctl,ok,0,0,21.1,311.1
mpd,20.0,4,w48-16qam-r1/2,w48,19,1,0,data,ok,18,18,15.0,311.1
mpd,20.0,4,ack-1f,w,2,2,0,ctl,ok,0,0,19.7,311.1
mpd,20.0,4,w48-16qam-r1/2,w48,19,1,0,data,ok,18,18,19.2,311.1
mpd,20.0,4,ack-1f,w,3,3,0,ctl,ok,0,0,19.7,311.1
mpd,20.0,4,w48-64l-r1/2,w48,39,2,1,data,ok,37,37,14.6,311.1
mpd,20.0,4,ack-1f,w,2,2,0,ctl,ok,0,0,20.1,311.1
mpd,20.0,4,w48-16qam-r1/2,w48,19,1,0,data,ok,18,18,14.2,311.1
mpd,20.0,4,ack-1f,w,2,2,0,ctl,ok,0,0,18.9,311.1
mpd,20.0,4,w48-16qam-r1/2,w48,19,1,0,data,ok,18,18,18.7,311.1
mpd,20.0,4,ack-1f,w,2,2,0,ctl,ok,0,0,17.2,311.1
mpd,20.0,4,w48-16qam-r1/2,w48,19,1,0,data,ok,18,18,14.2,311.1
mpd,20.0,4,ack-1f,w,2,2,0,ctl,ok,0,0,9.9,311.1
mpd,20.0,4,w48-16qam-r1/2,w48,19,1,0,data,ok,18,18,14.6,311.1
mpd,20.0,4,ack-1f,w,2,2,0,ctl,ok,0,0,19.5,311.1
mpd,20.0,4,w48-16qam-r1/2,w48,19,1,0,data,ok,18,18,17.8,311.1
mpd,20.0,4,ack-1f,w,2,2,0,ctl,ok,0,0,18.5,311.1
mpd,20.0,4,w48-16qam-r1/2,w48,19,1,0,data,ok,18,18,18.7,311.1
mpd,20.0,4,ack-1f,w,3,3,0,ctl,ok,0,0,20.0,311.1
mpd,20.0,4,w48-64l-r1/2,w48,39,2,1,data,ok,37,37,16.6,311.1
mpd,20.0,4,ack-1f,w,3,3,0,ctl,ok,0,0,18.6,311.1
mpd,20.0,4,w48-64l-r1/2,w48,39,2,1,data,ok,37,0,13.7,311.1
mpd,20.0,4,ack-1f,w,2,2,0,ctl,ok,0,0,18.2,311.1
mpd,20.0,4,w48-16qam-r1/2,w48,19,1,0,data,ok,18,18,14.1,311.1
mpg,15.0,7,qpsk-r1/5,w,1,1,0,ctl,ok,0,0,17.8,352.8
mpg,15.0,7,qpsk-r1/5,w,1,1,0,ctl,ok,0,0,17.9,352.8
mpg,15.0,7,ack-4f,w,2,2,0,ctl,ok,0,0,20.6,352.8
mpg,15.0,7,ack-1f,w,3,3,0,ctl,ok,0,0,22.0,352.8
mpg,15.0,7,w48-64l-r1/2,w48,39,2,1,data,ok,37,37,13.8,352.8
mpg,15.0,7,ack-1f,w,3,3,0,ctl,ok,0,0,19.1,352.8
mpg,15.0,7,w48-64l-r1/2,w48,39,2,1,data,ok,37,37,16.1,352.8
mpg,15.0,7,ack-1f,w,2,2,0,ctl,ok,0,0,14.6,352.8
mpg,15.0,7,w48-64l-r1/2,w48,39,1,0,data,ctl_lost,38,1,12.1,352.8
mpg,15.0,7,ack-4f,w,2,2,0,ctl,ok,0,0,14.5,352.8
mpg,15.0,7,ack-4f,w,3,3,0,ctl,ok,0,0,17.6,352.8
mpg,15.0,7,w48-16qam-r1/2,w48,19,2,1,data,ok,17,17,20.0,352.8
mpg,15.0,7,ack-1f,w,3,3,0,ctl,ok,0,0,21.7,352.8
mpg,15.0,7,w48-64l-r7/12,w48,39,2,1,data,ok,37,0,12.4,352.8
mpg,15.0,7,ack-1f,w,3,3,0,ctl,ok,0,0,17.0,352.8
mpg,15.0,7,w48-16qam-r2/3,w48,19,2,1,data,ok,17,17,15.9,352.8
mpg,15.0,7,ack-1f,w,3,3,0,ctl,ok,0,0,17.5,352.8
mpg,15.0,7,w48-16qam-r2/3,w48,19,2,1,data,ok,17,17,14.8,352.8
mpg,15.0,7,ack-1f,w,3,3,0,ctl,ok,0,0,0.1,352.8
mpg,15.0,7,w48-16qam-r2/3,w48,19,2,1,data,ok,17,17,17.1,352.8
mpg,15.0,7,ack-1f,w,2,2,0,ctl,ok,0,0,15.4,352.8
mpg,15.0,7,w48-16qam-r2/3,w48,19,1,0,data,ok,18,18,17.4,352.8
mpg,15.0,7,ack-1f,w,2,2,0,ctl,ok,0,0,20.2,352.8
mpg,15.0,7,w48-16qam-r2/3,w48,19,1,0,data,ok,18,18,15.9,352.8
mpg,15.0,7,ack-1f,w,2,2,0,ctl,ok,0,0,16.7,352.8
mpg,15.0,7,w48-16qam-r2/3,w48,19,1,0,data,ok,18,18,16.8,352.8
mpg,15.0,7,ack-1f,w,2,2,0,ctl,ok,0,0,18.4,352.8
mpg,15.0,7,w48-16qam-r2/3,w48,19,1,0,data,ok,18,18,15.0,352.8
mpg,15.0,7,ack-1f,w,2,2,0,ctl,ok,0,0,12.8,352.8
mpg,15.0,7,w48-16qam-r2/3,w48,19,1,0,data,ok,18,10,12.7,352.8
mpg,15.0,7,ack-1f,w,4,4,0,ctl,ok,0,0,14.0,352.8
mpg,15.0,7,w48-16qam-r2/3,w48,19,2,1,data,ok,9,9,17.4,352.8
mpg,15.0,7,ack-1f,w,2,2,0,ctl,ok,0,0,19.4,352.8
mpg,15.0,7,w48-16qam-r2/3,w48,19,1,0,data,ok,18,18,15.9,352.8
mpg,15.0,7,ack-1f,w,2,2,0,ctl,ok,0,0,14.1,352.8
mpg,15.0,7,w48-16qam-r2/3,w48,19,1,0,data,ctl_lost,18,2,12.6,352.8
mpg,15.0,7,ack-4f,w,2,2,0,ctl,ok,0,0,11.7,352.8
mpg,15.0,7,ack-4f,w,2,2,0,ctl,ok,0,0,14.7,352.8
mpg,15.0,7,w48-16qam-r1/3,w48,19,1,0,data,ok,18,18,18.8,352.8
mpg,15.0,7,ack-1f,w,3,3,0,ctl,ok,0,0,17.1,352.8
mpg,15.0,7,w48-64l-r1/2,w48,39,2,1,data,ok,37,37,13.5,352.8
mpg,15.0,7,ack-1f,w,2,2,0,ctl,ok,0,0,17.8,352.8
mpg,15.0,7,w48-16qam-r2/3,w48,19,1,0,data,ok,18,18,16.9,352.8
mpg,15.0,7,ack-1f,w,3,3,0,ctl,ok,0,0,18.3,352.8
mpg,15.0,7,w48-16qam-r2/3,w48,19,2,1,data,ok,17,17,16.9,352.8
mpg,15.0,7,ack-1f,w,2,2,0,ctl,ok,0,0,11.2,352.8
mpg,15.0,7,w48-16qam-r2/3,w48,19,1,0,data,ok,18,18,15.8,352.8
mpg,15.0,7,ack-1f,w,2,2,0,ctl,ok,0,0,16.3,352.8
mpg,15.0,7,w48-16qam-r2/3,w48,19,1,0,data,ok,18,18,13.6,352.8
mpg,15.0,7,ack-1f,w,3,3,0,ctl,ok,0,0,5.4,352.8
mpg,15.0,7,w48-16qam-r2/3,w48,19,2,1,data,ok,17,0,12.0,352.8
mpg,15.0,7,ack-1f,w,3,3,0,ctl,ok,0,0,11.4,352.8
mpg,15.0,7,w48-16qam-r1/2,w48,19,2,1,data,ok,17,17,18.2,352.8
mpg,15.0,7,ack-1f,w,2,2,0,ctl,ok,0,0,16.7,352.8
mpg,15.0,7,w48-16qam-r2/3,w48,19,1,0,data,ok,18,15,12.7,352.8
mpg,15.0,7,ack-1f,w,4,4,0,ctl,ok,0,0,20.2,352.8
mpg,15.0,7,w48-16qam-r2/3,w48,19,2,1,data,ok,14,14,17.4,352.8
mpg,15.0,7,ack-1f,w,2,2,0,ctl,ok,0,0,18.5,352.8
mpg,15.0,7,w48-16qam-r2/3,w48,19,1,0,data,ok,18,18,15.4,352.8
mpg,15.0,7,ack-1f,w,2,2,0,ctl,ok,0,0,19.8,352.8
mpg,15.0,7,w48-16qam-r2/3,w48,19,1,0,data,ok,18,18,16.2,352.8
mpg,15.0,7,ack-1f,w,2,2,0,ctl,ok,0,0,18.8,352.8
mpg,15.0,7,w48-16qam-r2/3,w48,19,1,0,data,ok,18,18,18.9,352.8
mpg,15.0,7,ack-1f,w,2,2,0,ctl,ok,0,0,18.5,352.8
mpg,15.0,7,w48-16qam-r2/3,w48,19,1,0,data,ok,18,18,15.6,352.8
mpg,15.0,7,ack-1f,w,2,2,0,ctl,ok,0,0,17.4,352.8
mpg,15.0,7,w48-16qam-r2/3,w48,19,1,0,data,ok,18,18,15.8,352.8
mpg,15.0,7,ack-1f,w,2,2,0,ctl,ok,0,0,14.1,352.8
mpg,15.0,7,w48-16qam-r2/3,w48,19,1,0,data,ok,18,18,14.1,352.8
mpg,15.0,7,ack-1f,w,2,2,0,ctl,ok,0,0,18.2,352.8
mpg,15.0,7,w48-16qam-r2/3,w48,19,1,0,data,ok,18,18,15.0,352.8
mpg,15.0,7,ack-1f,w,2,2,0,ctl,ok,0,0,21.1,352.8
mpg,15.0,7,w48-16qam-r2/3,w48,19,1,0,data,ok,18,18,15.2,352.8
mpg,15.0,7,ack-1f,w,2,2,0,ctl,ok,0,0,18.7,352.8
mpg,15.0,7,w48-16qam-r2/3,w48,19,1,0,data,ok,18,18,16.9,352.8
mpg,15.0,7,ack-1f,w,2,2,0,ctl,ok,0,0,15.7,352.8
mpg,15.0,7,w48-16qam-r2/3,w48,19,1,0,data,ok,18,18,16.2,352.8
mpg,15.0,7,ack-1f,w,2,2,0,ctl,ok,0,0,17.1,352.8
mpg,15.0,7,w48-16qam-r2/3,w48,19,1,0,data,ok,18,18,16.8,352.8
mpg,15.0,7,ack-1f,w,2,2,0,ctl,ok,0,0,17.3,352.8
mpg,15.0,7,w48-16qam-r2/3,w48,19,1,0,data,ok,18,18,16.6,352.8
mpg,15.0,7,ack-1f,w,2,2,0,ctl,ok,0,0,12.4,352.8
mpg,15.0,7,w48-16qam-r2/3,w48,19,1,0,data,ok,18,18,19.2,352.8
mpg,15.0,7,ack-1f,w,2,2,0,ctl,ok,0,0,20.7,352.8
mpg,15.0,7,w48-16qam-r2/3,w48,19,1,0,data,ok,18,18,17.4,352.8
mpg,15.0,7,ack-1f,w,2,2,0,ctl,ok,0,0,17.1,352.8
mpg,15.0,7,w48-16qam-r2/3,w48,19,1,0,data,ok,18,18,13.9,352.8
mpg,15.0,7,ack-1f,w,2,2,0,ctl,ok,0,0,13.6,352.8
mpg,15.0,7,w48-16qam-r2/3,w48,19,1,0,data,ok,18,18,15.4,352.8
mpg,15.0,7,ack-1f,w,2,2,0,ctl,ok,0,0,21.0,352.8
mpg,15.0,7,w48-16qam-r2/3,w48,19,1,0,data,ok,18,18,15.5,352.8
mpg,15.0,7,ack-1f,w,2,2,0,ctl,ok,0,0,21.0,352.8
mpg,15.0,7,w48-16qam-r2/3,w48,19,1,0,data,ok,18,18,18.7,352.8
mpp,15.0,0,qpsk-r1/5,w,1,1,0,ctl,ok,0,0,17.9,373.6
mpp,15.0,0,qpsk-r1/5,w,1,1,0,ctl,ok,0,0,15.8,373.6
mpp,15.0,0,ack-4f,w,3,3,0,ctl,ok,0,0,16.6,373.6
mpp,15.0,0,ack-1f,w,2,2,0,ctl,ok,0,0,20.4,373.6
mpp,15.0,0,w48-16qam-r1/2,w48,19,1,0,data,ok,18,18,16.3,373.6
mpp,15.0,0,ack-1f,w,2,2,0,ctl,ok,0,0,15.7,373.6
mpp,15.0,0,w48-16qam-r1/2,w48,19,1,0,data,ok,18,18,15.7,373.6
mpp,15.0,0,ack-1f,w,2,2,0,ctl,ok,0,0,15.4,373.6
mpp,15.0,0,w48-16qam-r1/2,w48,19,1,0,data,ok,18,18,15.9,373.6
mpp,15.0,0,ack-1f,w,2,2,0,ctl,ok,0,0,18.7,373.6
mpp,15.0,0,w48-16qam-r1/2,w48,19,1,0,data,ok,18,18,16.5,373.6
mpp,15.0,0,ack-1f,w,3,3,0,ctl,ok,0,0,20.3,373.6
mpp,15.0,0,w48-16qam-r2/3,w48,19,2,1,data,ok,17,17,15.7,373.6
mpp,15.0,0,ack-1f,w,3,3,0,ctl,ok,0,0,13.2,373.6
mpp,15.0,0,w48-16qam-r2/3,w48,19,2,1,data,ok,17,16,15.1,373.6
mpp,15.0,0,ack-1f,w,3,3,0,ctl,ok,0,0,17.1,373.6
mpp,15.0,0,w48-16qam-r2/3,w48,19,2,1,data,ok,16,16,15.4,373.6
mpp,15.0,0,ack-1f,w,3,3,0,ctl,ok,0,0,15.4,373.6
mpp,15.0,0,w48-16qam-r2/3,w48,19,2,1,data,ok,17,17,16.6,373.6
mpp,15.0,0,ack-1f,w,2,2,0,ctl,ok,0,0,18.8,373.6
mpp,15.0,0,w48-16qam-r2/3,w48,19,1,0,data,ok,18,18,16.1,373.6
mpp,15.0,0,ack-1f,w,2,2,0,ctl,ok,0,0,19.8,373.6
mpp,15.0,0,w48-16qam-r2/3,w48,19,1,0,data,ok,18,18,16.2,373.6
mpp,15.0,0,ack-1f,w,2,2,0,ctl,ok,0,0,16.1,373.6
mpp,15.0,0,w48-16qam-r2/3,w48,19,1,0,data,ok,18,18,15.8,373.6
mpp,15.0,0,ack-1f,w,3,3,0,ctl,ok,0,0,15.7,373.6
mpp,15.0,0,w48-16qam-r2/3,w48,19,2,1,data,ok,17,1,14.7,373.6
mpp,15.0,0,ack-1f,w,3,3,0,ctl,ok,0,0,17.1,373.6
mpp,15.0,0,w48-16qam-r2/3,w48,19,2,1,data,ok,2,2,15.2,373.6
mpp,15.0,0,ack-1f,w,3,3,0,ctl,ok,0,0,16.5,373.6
mpp,15.0,0,w48-16qam-r2/3,w48,19,2,1,data,ok,17,1,14.2,373.6
mpp,15.0,0,ack-1f,w,4,4,0,ctl,ok,0,0,17.7,373.6
mpp,15.0,0,w48-16qam-r2/3,w48,19,2,1,data,ok,1,1,16.9,373.6
mpp,15.0,0,ack-1f,w,2,2,0,ctl,ok,0,0,19.5,373.6
mpp,15.0,0,w48-16qam-r2/3,w48,19,1,0,data,ok,18,18,16.7,373.6
mpp,15.0,0,ack-1f,w,2,2,0,ctl,ok,0,0,13.3,373.6
mpp,15.0,0,w48-16qam-r2/3,w48,19,1,0,data,ok,18,18,16.7,373.6
mpp,15.0,0,ack-1f,w,2,2,0,ctl,ok,0,0,19.1,373.6
mpp,15.0,0,w48-16qam-r2/3,w48,19,1,0,data,ok,18,17,15.3,373.6
mpp,15.0,0,ack-1f,w,3,3,0,ctl,ok,0,0,17.8,373.6
mpp,15.0,0,w48-16qam-r2/3,w48,19,1,0,data,ok,17,17,16.2,373.6
mpp,15.0,0,ack-1f,w,2,2,0,ctl,ok,0,0,19.3,373.6
mpp,15.0,0,w48-16qam-r2/3,w48,19,1,0,data,ok,18,18,15.5,373.6
mpp,15.0,0,ack-1f,w,2,2,0,ctl,ok,0,0,12.1,373.6
mpp,15.0,0,w48-16qam-r2/3,w48,19,1,0,data,ok,18,18,14.9,373.6
mpp,15.0,0,ack-1f,w,2,2,0,ctl,ok,0,0,17.6,373.6
mpp,15.0,0,w48-16qam-r2/3,w48,19,1,0,data,ok,18,18,16.4,373.6
mpp,15.0,0,ack-1f,w,2,2,0,ctl,ok,0,0,19.1,373.6
mpp,15.0,0,w48-16qam-r2/3,w48,19,1,0,data,ok,18,18,16.1,373.6
mpp,15.0,0,ack-1f,w,2,2,0,ctl,ok,0,0,16.5,373.6
mpp,15.0,0,w48-16qam-r2/3,w48,19,1,0,data,ok,18,18,16.1,373.6
mpp,15.0,0,ack-1f,w,2,2,0,ctl,ok,0,0,17.8,373.6
mpp,15.0,0,w48-16qam-r2/3,w48,19,1,0,data,ok,18,18,15.6,373.6
mpp,15.0,0,ack-1f,w,2,2,0,ctl,ok,0,0,18.6,373.6
mpp,15.0,0,w48-16qam-r2/3,w48,19,1,0,data,ok,18,18,15.3,373.6
mpp,15.0,0,ack-1f,w,2,2,0,ctl,ok,0,0,15.9,373.6
mpp,15.0,0,w48-16qam-r2/3,w48,19,1,0,data,ok,18,18,16.6,373.6
mpp,15.0,0,ack-1f,w,2,2,0,ctl,ok,0,0,18.0,373.6
mpp,15.0,0,w48-16qam-r2/3,w48,19,1,0,data,ok,18,18,15.9,373.6
mpp,15.0,0,ack-1f,w,2,2,0,ctl,ok,0,0,11.8,373.6
mpp,15.0,0,w48-16qam-r2/3,w48,19,1,0,data,ctl_lost,18,0,14.3,373.6
mpp,15.0,0,ack-4f,w,3,3,0,ctl,ok,0,0,17.0,373.6
mpp,15.0,0,ack-4f,w,3,3,0,ctl,ok,0,0,17.4,373.6
mpp,15.0,0,w48-16qam-r2/3,w48,19,2,1,data,ok,17,17,16.1,373.6
mpp,15.0,0,ack-1f,w,2,2,0,ctl,ok,0,0,19.5,373.6
mpp,15.0,0,w48-16qam-r2/3,w48,19,1,0,data,ok,18,18,16.4,373.6
mpp,15.0,0,ack-1f,w,2,2,0,ctl,ok,0,0,15.0,373.6
mpp,15.0,0,w48-16qam-r2/3,w48,19,1,0,data,ok,18,18,16.8,373.6
mpp,15.0,0,ack-1f,w,2,2,0,ctl,ok,0,0,18.6,373.6
mpp,15.0,0,w48-16qam-r2/3,w48,19,1,0,data,ok,18,17,15.0,373.6
mpp,15.0,0,ack-1f,w,3,3,0,ctl,ok,0,0,17.5,373.6
mpp,15.0,0,w48-16qam-r2/3,w48,19,1,0,data,ok,17,17,16.2,373.6
mpp,15.0,0,ack-1f,w,2,2,0,ctl,ok,0,0,18.7,373.6
mpp,15.0,0,w48-16qam-r2/3,w48,19,1,0,data,ok,18,18,16.6,373.6
mpp,15.0,0,ack-1f,w,2,2,0,ctl,ok,0,0,22.3,373.6
mpp,15.0,0,w48-16qam-r2/3,w48,19,1,0,data,ok,18,18,16.0,373.6
mpp,15.0,0,ack-1f,w,2,2,0,ctl,ok,0,0,18.2,373.6
mpp,15.0,0,w48-16qam-r2/3,w48,19,1,0,data,ok,18,18,16.1,373.6
mpp,15.0,0,ack-1f,w,2,2,0,ctl,ok,0,0,18.3,373.6
mpp,15.0,0,w48-16qam-r2/3,w48,19,1,0,data,ok,18,18,15.8,373.6
mpp,15.0,0,ack-1f,w,2,2,0,ctl,ok,0,0,21.5,373.6
mpp,15.0,0,w48-16qam-r2/3,w48,19,1,0,data,ok,18,18,16.9,373.6
mpp,15.0,0,ack-1f,w,2,2,0,ctl,ok,0,0,11.2,373.6
mpp,15.0,0,w48-16qam-r2/3,w48,19,1,0,data,ok,18,18,16.1,373.6
mpp,15.0,0,ack-1f,w,2,2,0,ctl,ok,0,0,16.2,373.6
mpp,15.0,0,w48-16qam-r2/3,w48,19,1,0,data,ok,18,18,17.0,373.6
mpp,15.0,0,ack-1f,w,2,2,0,ctl,ok,0,0,18.3,373.6
mpp,15.0,0,w48-16qam-r2/3,w48,19,1,0,data,ok,18,18,17.4,373.6
mpp,15.0,0,ack-1f,w,2,2,0,ctl,ok,0,0,18.9,373.6
mpp,15.0,0,w48-16qam-r2/3,w48,19,1,0,data,ok,18,18,15.6,373.6
mpp,15.0,0,ack-1f,w,2,2,0,ctl,ok,0,0,18.5,373.6
mpp,15.0,0,w48-16qam-r2/3,w48,19,1,0,data,ok,18,18,16.3,373.6
mpp,15.0,0,ack-1f,w,2,2,0,ctl,ok,0,0,16.4,373.6
mpp,15.0,0,w48-16qam-r2/3,w48,19,1,0,data,ok,18,18,16.1,373.6
mpg,15.0,4,qpsk-r1/5,w,1,1,0,ctl,ok,0,0,11.6,277.5
mpg,15.0,4,qpsk-r1/5,w,1,1,0,ctl,ok,0,0,10.0,277.5
mpg,15.0,4,ack-4f,w,2,2,0,ctl,ok,0,0,12.7,277.5
mpg,15.0,4,ack-1f,w,3,3,0,ctl,ok,0,0,13.6,277.5
mpg,15.0,4,w48-qpsk-r3/4,w48,19,2,1,data,ok,17,17,17.7,277.5
mpg,15.0,4,ack-1f,w,3,3,0,ctl,ok,0,0,15.6,277.5
mpg,15.0,4,w48-16qam-r2/3,w48,19,2,1,data,ok,17,17,17.3,277.5
mpg,15.0,4,ack-1f,w,2,2,0,ctl,ok,0,0,19.6,277.5
mpg,15.0,4,w48-16qam-r2/3,w48,19,1,0,data,ok,18,18,15.7,277.5
mpg,15.0,4,ack-1f,w,3,3,0,ctl,ok,0,0,21.0,277.5
mpg,15.0,4,w48-16qam-r2/3,w48,19,2,1,data,ok,17,17,17.3,277.5
mpg,15.0,4,ack-1f,w,2,2,0,ctl,ok,0,0,20.4,277.5
mpg,15.0,4,w48-16qam-r2/3,w48,19,1,0,data,ok,18,18,16.4,277.5
mpg,15.0,4,ack-1f,w,2,2,0,ctl,ok,0,0,15.8,277.5
mpg,15.0,4,w48-16qam-r2/3,w48,19,1,0,data,ok,18,18,16.9,277.5
mpg,15.0,4,ack-1f,w,2,2,0,ctl,ok,0,0,15.1,277.5
mpg,15.0,4,w48-16qam-r2/3,w48,19,1,0,data,ok,18,18,16.1,277.5
mpg,15.0,4,ack-1f,w,2,2,0,ctl,ok,0,0,17.0,277.5
mpg,15.0,4,w48-16qam-r2/3,w48,19,1,0,data,ok,18,18,16.9,277.5
mpg,15.0,4,ack-1f,w,2,2,0,ctl,ok,0,0,16.4,277.5
mpg,15.0,4,w48-16qam-r2/3,w48,19,1,0,data,ctl_lost,18,0,12.8,277.5
mpg,15.0,4,ack-4f,w,3,3,0,ctl,ok,0,0,18.8,277.5
mpg,15.0,4,ack-4f,w,3,3,0,ctl,ok,0,0,18.1,277.5
mpg,15.0,4,w48-16qam-r2/3,w48,19,2,1,data,ok,17,17,14.5,277.5
mpg,15.0,4,ack-1f,w,2,2,0,ctl,ok,0,0,13.2,277.5
mpg,15.0,4,w48-16qam-r1/2,w48,19,1,0,data,ok,18,18,16.5,277.5
mpg,15.0,4,ack-1f,w,3,3,0,ctl,ok,0,0,14.6,277.5
mpg,15.0,4,w48-16qam-r2/3,w48,19,2,1,data,ok,17,0,13.1,277.5
mpg,15.0,4,ack-1f,w,2,2,0,ctl,ok,0,0,16.3,277.5
mpg,15.0,4,w48-16qam-r1/2,w48,19,1,0,data,ok,18,18,14.2,277.5
mpg,15.0,4,ack-1f,w,2,2,0,ctl,ok,0,0,16.6,277.5
mpg,15.0,4,w48-16qam-r1/2,w48,19,1,0,data,ok,18,18,14.5,277.5
mpg,15.0,4,ack-1f,w,3,3,0,ctl,ok,0,0,14.8,277.5
mpg,15.0,4,w48-16qam-r2/3,w48,19,2,1,data,ok,17,17,16.7,277.5
mpg,15.0,4,ack-1f,w,3,3,0,ctl,ok,0,0,16.1,277.5
mpg,15.0,4,w48-16qam-r2/3,w48,19,2,1,data,ok,17,0,15.2,277.5
mpg,15.0,4,ack-1f,w,2,2,0,ctl,ok,0,0,11.5,277.5
mpg,15.0,4,w48-16qam-r1/2,w48,19,1,0,data,ok,18,18,16.1,277.5
mpg,15.0,4,ack-1f,w,3,3,0,ctl,ok,0,0,13.4,277.5
mpg,15.0,4,w48-16qam-r2/3,w48,19,2,1,data,ok,17,17,16.6,277.5
mpg,15.0,4,ack-1f,w,2,2,0,ctl,ok,0,0,17.6,277.5
mpg,15.0,4,w48-16qam-r2/3,w48,19,1,0,data,ok,18,18,16.8,277.5
mpg,15.0,4,ack-1f,w,2,2,0,ctl,ok,0,0,9.9,277.5
mpg,15.0,4,w48-16qam-r2/3,w48,19,1,0,data,ok,18,18,15.2,277.5
mpg,15.0,4,ack-1f,w,2,2,0,ctl,ok,0,0,17.8,277.5
mpg,15.0,4,w48-16qam-r2/3,w48,19,1,0,data,ctl_lost,18,0,12.2,277.5
mpg,15.0,4,ack-4f,w,3,3,0,ctl,ok,0,0,20.1,277.5
mpg,15.0,4,ack-4f,w,3,3,0,ctl,ok,0,0,15.0,277.5
mpg,15.0,4,w48-16qam-r2/3,w48,19,2,1,data,ok,17,17,16.0,277.5
mpg,15.0,4,ack-1f,w,3,3,0,ctl,ok,0,0,16.1,277.5
mpg,15.0,4,w48-64l-r1/2,w48,39,2,1,data,ok,37,2,12.1,277.5
mpg,15.0,4,ack-1f,w,4,4,0,ctl,ok,0,0,20.6,277.5
mpg,15.0,4,w48-16qam-r1/2,w48,19,1,0,data,ok,18,18,17.0,277.5
mpg,15.0,4,ack-1f,w,3,3,0,ctl,ok,0,0,19.4,277.5
mpg,15.0,4,w48-16qam-r2/3,w48,19,2,1,data,ok,17,17,15.8,277.5
mpg,15.0,4,ack-1f,w,3,3,0,ctl,ok,0,0,17.5,277.5
mpg,15.0,4,w48-16qam-r2/3,w48,19,2,1,data,ok,17,17,15.3,277.5
mpg,15.0,4,ack-1f,w,3,3,0,ctl,ok,0,0,11.0,277.5
mpg,15.0,4,w48-16qam-r2/3,w48,19,2,1,data,ok,17,0,11.4,277.5
mpg,15.0,4,ack-1f,w,3,3,0,ctl,ok,0,0,17.3,277.5
mpg,15.0,4,w48-16qam-r1/2,w48,19,2,1,data,ok,17,17,17.2,277.5
mpg,15.0,4,ack-1f,w,2,2,0,ctl,ok,0,0,20.6,277.5
mpg,15.0,4,w48-16qam-r1/2,w48,19,1,0,data,ok,18,18,15.5,277.5
mpg,15.0,4,ack-1f,w,3,3,0,ctl,ok,0,0,14.9,277.5
mpg,15.0,4,w48-16qam-r2/3,w48,19,2,1,data,ok,17,17,16.0,277.5
mpg,15.0,4,ack-1f,w,2,2,0,ctl,ok,0,0,18.4,277.5
mpg,15.0,4,w48-16qam-r2/3,w48,19,1,0,data,ctl_lost,18,0,12.0,277.5
mpg,15.0,4,ack-4f,w,2,2,0,ctl,ok,0,0,19.7,277.5
mpg,15.0,4,ack-4f,w,3,3,0,ctl,ok,0,0,14.4,277.5
mpg,15.0,4,w48-64l-r1/2,w48,39,2,1,data,ok,37,0,9.9,277.5
mpg,15.0,4,ack-1f,w,3,3,0,ctl,ok,0,0,21.2,277.5
mpg,15.0,4,w48-16qam-r1/2,w48,19,2,1,data,ok,17,17,17.2,277.5
mpg,15.0,4,ack-1f,w,3,3,0,ctl,ok,0,0,20.2,277.5
mpg,15.0,4,w48-16qam-r1/2,w48,19,2,1,data,ok,17,17,17.3,277.5
mpg,15.0,4,ack-1f,w,3,3,0,ctl,ok,0,0,18.7,277.5
mpg,15.0,4,w48-16qam-r2/3,w48,19,2,1,data,ok,17,17,14.9,277.5
mpg,15.0,4,ack-1f,w,2,2,0,ctl,ok,0,0,20.6,277.5
mpg,15.0,4,w48-16qam-r1/2,w48,19,1,0,data,ok,18,18,17.2,277.5
mpg,15.0,4,ack-1f,w,3,3,0,ctl,ok,0,0,13.8,277.5
mpg,15.0,4,w48-16qam-r2/3,w48,19,2,1,data,ok,17,12,15.5,277.5
mpg,15.0,4,ack-1f,w,4,4,0,ctl,ok,0,0,15.6,277.5
mpg,15.0,4,w48-16qam-r2/3,w48,19,2,1,data,ok,12,12,16.9,277.5
mpg,15.0,4,ack-1f,w,2,2,0,ctl,ok,0,0,20.3,277.5
mpg,15.0,4,w48-16qam-r2/3,w48,19,1,0,data,ok,18,18,17.4,277.5
mpg,15.0,4,ack-1f,w,2,2,0,ctl,ok,0,0,20.4,277.5
mpg,15.0,4,w48-64l-r1/2,w48,39,1,0,data,ok,38,7,12.4,277.5
mpg,15.0,4,ack-1f,w,4,4,0,ctl,ok,0,0,19.7,277.5
mpg,15.0,4,w48-16qam-r1/2,w48,19,1,0,data,ok,18,18,14.3,277.5
mpg,15.0,4,ack-1f,w,2,2,0,ctl,ok,0,0,20.5,277.5
mpg,15.0,4,w48-16qam-r1/2,w48,19,1,0,data,ok,18,18,18.1,277.5
mpg,15.0,4,ack-1f,w,2,2,0,ctl,ok,0,0,16.5,277.5
mpg,15.0,4,w48-16qam-r2/3,w48,19,1,0,data,ok,18,18,17.0,277.5
mpg,15.0,4,ack-1f,w,2,2,0,ctl,ok,0,0,21.2,277.5
mpg,15.0,4,w48-16qam-r2/3,w48,19,1,0,data,ok,18,18,18.5,277.5
mpp,15.0,1,qpsk-r1/5,w,1,1,0,ctl,ok,0,0,18.1,325.1
mpp,15.0,1,qpsk-r1/5,w,1,1,0,ctl,ok,0,0,19.8,325.1
mpp,15.0,1,ack-4f,w,3,3,0,ctl,ok,0,0,16.6,325.1
mpp,15.0,1,ack-1f,w,2,2,0,ctl,ok,0,0,19.1,325.1
mpp,15.0,1,w48-16qam-r1/2,w48,19,1,0,data,ok,18,18,15.6,325.1
mpp,15.0,1,ack-1f,w,2,2,0,ctl,ok,0,0,12.2,325.1
mpp,15.0,1,w48-16qam-r1/2,w48,19,1,0,data,ok,18,18,15.8,325.1
mpp,15.0,1,ack-1f,w,2,2,0,ctl,ok,0,0,13.8,325.1
mpp,15.0,1,w48-16qam-r1/2,w48,19,1,0,data,ok,18,18,16.1,325.1
mpp,15.0,1,ack-1f,w,2,2,0,ctl,ok,0,0,12.9,325.1
mpp,15.0,1,w48-16qam-r1/2,w48,19,1,0,data,ok,18,18,15.3,325.1
mpp,15.0,1,ack-1f,w,2,2,0,ctl,ok,0,0,9.0,325.1
mpp,15.0,1,w48-16qam-r1/2,w48,19,1,0,data,ok,18,18,15.7,325.1
mpp,15.0,1,ack-1f,w,2,2,0,ctl,ok,0,0,8.6,325.1
mpp,15.0,1,w48-16qam-r1/2,w48,19,1,0,data,ok,18,18,16.4,325.1
mpp,15.0,1,ack-1f,w,2,2,0,ctl,ok,0,0,7.5,325.1
mpp,15.0,1,w48-16qam-r1/2,w48,19,1,0,data,ok,18,18,16.0,325.1
mpp,15.0,1,ack-1f,w,3,3,0,ctl,ok,0,0,18.1,325.1
mpp,15.0,1,w48-16qam-r2/3,w48,19,2,1,data,ok,17,15,14.5,325.1
mpp,15.0,1,ack-1f,w,4,4,0,ctl,ok,0,0,15.0,325.1
mpp,15.0,1,w48-16qam-r2/3,w48,19,2,1,data,ok,15,15,15.5,325.1
mpp,15.0,1,ack-1f,w,2,2,0,ctl,ok,0,0,21.9,325.1
mpp,15.0,1,w48-16qam-r1/2,w48,19,1,0,data,ok,18,18,16.2,325.1
mpp,15.0,1,ack-1f,w,3,3,0,ctl,ok,0,0,16.2,325.1
mpp,15.0,1,w48-16qam-r2/3,w48,19,2,1,data,ok,17,17,14.8,325.1
mpp,15.0,1,ack-1f,w,3,3,0,ctl,ok,0,0,16.7,325.1
mpp,15.0,1,w48-16qam-r2/3,w48,19,2,1,data,ok,17,17,16.0,325.1
mpp,15.0,1,ack-1f,w,3,3,0,ctl,ok,0,0,19.9,325.1
mpp,15.0,1,w48-16qam-r2/3,w48,19,2,1,data,ok,17,16,14.6,325.1
mpp,15.0,1,ack-1f,w,4,4,0,ctl,ok,0,0,19.0,325.1
mpp,15.0,1,w48-16qam-r2/3,w48,19,2,1,data,ok,16,0,13.9,325.1
mpp,15.0,1,ack-1f,w,2,2,0,ctl,ok,0,0,20.4,325.1
mpp,15.0,1,w48-16qam-r1/2,w48,19,1,0,data,ok,18,18,16.2,325.1
mpp,15.0,1,ack-1f,w,3,3,0,ctl,ok,0,0,14.7,325.1
mpp,15.0,1,w48-16qam-r2/3,w48,19,2,1,data,ok,17,17,16.1,325.1
mpp,15.0,1,ack-1f,w,2,2,0,ctl,ok,0,0,16.0,325.1
mpp,15.0,1,w48-16qam-r2/3,w48,19,1,0,data,ok,18,18,16.1,325.1
mpp,15.0,1,ack-1f,w,2,2,0,ctl,ok,0,0,18.7,325.1
mpp,15.0,1,w48-16qam-r2/3,w48,19,1,0,data,ok,18,18,15.8,325.1
mpp,15.0,1,ack-1f,w,2,2,0,ctl,ok,0,0,17.0,325.1
mpp,15.0,1,w48-16qam-r2/3,w48,19,1,0,data,ok,18,18,15.4,325.1
mpp,15.0,1,ack-1f,w,2,2,0,ctl,ok,0,0,13.8,325.1
mpp,15.0,1,w48-16qam-r2/3,w48,19,1,0,data,ctl_lost,18,7,14.3,325.1
mpp,15.0,1,ack-4f,w,2,2,0,ctl,ok,0,0,17.1,325.1
mpp,15.0,1,ack-4f,w,3,3,0,ctl,ok,0,0,15.8,325.1
mpp,15.0,1,w48-16qam-r2/3,w48,19,2,1,data,ok,17,16,15.4,325.1
mpp,15.0,1,ack-1f,w,2,2,0,ctl,ok,0,0,19.0,325.1
mpp,15.0,1,w48-16qam-r1/2,w48,19,1,0,data,ok,18,18,16.6,325.1
mpp,15.0,1,ack-1f,w,3,3,0,ctl,ok,0,0,15.3,325.1
mpp,15.0,1,w48-16qam-r2/3,w48,19,2,1,data,ok,17,17,17.0,325.1
mpp,15.0,1,ack-1f,w,2,2,0,ctl,ok,0,0,13.8,325.1
mpp,15.0,1,w48-16qam-r2/3,w48,19,1,0,data,ok,18,18,15.6,325.1
mpp,15.0,1,ack-1f,w,3,3,0,ctl,ok,0,0,19.6,325.1
mpp,15.0,1,w48-16qam-r2/3,w48,19,2,1,data,ok,17,17,16.3,325.1
mpp,15.0,1,ack-1f,w,2,2,0,ctl,ok,0,0,19.6,325.1
mpp,15.0,1,w48-16qam-r2/3,w48,19,1,0,data,ok,18,18,16.5,325.1
mpp,15.0,1,ack-1f,w,2,2,0,ctl,ok,0,0,18.2,325.1
mpp,15.0,1,w48-16qam-r2/3,w48,19,1,0,data,ok,18,15,14.6,325.1
mpp,15.0,1,ack-1f,w,4,4,0,ctl,ok,0,0,15.4,325.1
mpp,15.0,1,w48-16qam-r2/3,w48,19,2,1,data,ok,14,6,14.9,325.1
mpp,15.0,1,ack-1f,w,4,4,0,ctl,ok,0,0,15.8,325.1
mpp,15.0,1,w48-16qam-r2/3,w48,19,2,1,data,ok,8,8,16.2,325.1
mpp,15.0,1,ack-1f,w,2,2,0,ctl,ok,0,0,17.7,325.1
mpp,15.0,1,w48-16qam-r2/3,w48,19,1,0,data,ok,18,18,15.8,325.1
mpp,15.0,1,ack-1f,w,2,2,0,ctl,ok,0,0,18.5,325.1
mpp,15.0,1,w48-16qam-r2/3,w48,19,1,0,data,ctl_lost,18,10,14.6,325.1
mpp,15.0,1,ack-4f,w,2,2,0,ctl,ok,0,0,15.1,325.1
mpp,15.0,1,ack-4f,w,2,2,0,ctl,ok,0,0,19.9,325.1
mpp,15.0,1,w48-16qam-r1/2,w48,19,1,0,data,ok,18,18,15.7,325.1
mpp,15.0,1,ack-1f,w,2,2,0,ctl,ok,0,0,16.7,325.1
mpp,15.0,1,w48-16qam-r1/2,w48,19,1,0,data,ok,18,18,16.2,325.1
mpp,15.0,1,ack-1f,w,3,3,0,ctl,ok,0,0,18.5,325.1
mpp,15.0,1,w48-16qam-r2/3,w48,19,2,1,data,ok,17,17,15.6,325.1
mpp,15.0,1,ack-1f,w,3,3,0,ctl,ok,0,0,17.7,325.1
mpp,15.0,1,w48-16qam-r2/3,w48,19,2,1,data,ok,17,17,16.6,325.1
mpp,15.0,1,ack-1f,w,2,2,0,ctl,ok,0,0,19.0,325.1
mpp,15.0,1,w48-16qam-r2/3,w48,19,1,0,data,ok,18,18,15.2,325.1
mpp,15.0,1,ack-1f,w,3,3,0,ctl,ok,0,0,19.3,325.1
mpp,15.0,1,w48-16qam-r2/3,w48,19,2,1,data,ok,17,12,15.2,325.1
mpp,15.0,1,ack-1f,w,4,4,0,ctl,ok,0,0,17.5,325.1
mpp,15.0,1,w48-16qam-r2/3,w48,19,2,1,data,ok,10,10,15.7,325.1
mpp,15.0,1,ack-1f,w,3,3,0,ctl,ok,0,0,14.4,325.1
mpp,15.0,1,w48-16qam-r2/3,w48,19,2,1,data,ok,17,12,15.0,325.1
mpp,15.0,1,ack-1f,w,4,4,0,ctl,ok,0,0,17.8,325.1
mpp,15.0,1,w48-16qam-r2/3,w48,19,2,1,data,ok,12,12,16.0,325.1
mpp,15.0,1,ack-1f,w,2,2,0,ctl,ok,0,0,16.5,325.1
mpp,15.0,1,w48-16qam-r2/3,w48,19,1,0,data,ok,18,18,15.6,325.1
mpp,15.0,1,ack-1f,w,2,2,0,ctl,ok,0,0,21.8,325.1
mpp,15.0,1,w48-16qam-r2/3,w48,19,1,0,data,ok,18,18,15.5,325.1
mpp,15.0,1,ack-1f,w,2,2,0,ctl,ok,0,0,17.8,325.1
mpp,15.0,1,w48-16qam-r2/3,w48,19,1,0,data,ok,18,17,15.3,325.1
mpp,15.0,1,ack-1f,w,2,2,0,ctl,ok,0,0,13.0,325.1
mpp,15.0,1,w48-16qam-r2/3,w48,19,1,0,data,ctl_lost,17,2,14.9,325.1
mpg,15.0,6,qpsk-r1/5,w,1,1,0,ctl,ok,0,0,16.9,311.9
mpg,15.0,6,qpsk-r1/5,w,1,1,0,ctl,ok,0,0,18.3,311.9
mpg,15.0,6,ack-4f,w,3,3,0,ctl,ok,0,0,10.8,311.9
mpg,15.0,6,ack-1f,w,3,3,0,ctl,ok,0,0,15.7,311.9
mpg,15.0,6,w48-16qam-r1/2,w48,19,2,1,data,ok,17,17,15.6,311.9
mpg,15.0,6,ack-1f,w,3,3,0,ctl,ok,0,0,18.0,311.9
mpg,15.0,6,w48-16qam-r1/2,w48,19,2,1,data,ok,17,17,14.5,311.9
mpg,15.0,6,ack-1f,w,3,3,0,ctl,ok,0,0,20.0,311.9
mpg,15.0,6,w48-16qam-r2/3,w48,19,2,1,data,ok,17,17,17.3,311.9
mpg,15.0,6,ack-1f,w,3,3,0,ctl,ok,0,0,13.4,311.9
mpg,15.0,6,w48-16qam-r2/3,w48,19,2,1,data,ok,17,0,13.3,311.9
mpg,15.0,6,ack-1f,w,2,2,0,ctl,ok,0,0,15.1,311.9
mpg,15.0,6,w48-16qam-r1/2,w48,19,1,0,data,ok,18,18,15.7,311.9
mpg,15.0,6,ack-1f,w,2,2,0,ctl,ok,0,0,17.4,311.9
mpg,15.0,6,w48-16qam-r1/2,w48,19,1,0,data,ok,18,18,15.4,311.9
mpg,15.0,6,ack-1f,w,3,3,0,ctl,ok,0,0,15.5,311.9
mpg,15.0,6,w48-16qam-r2/3,w48,19,2,1,data,ok,17,16,14.4,311.9
mpg,15.0,6,ack-1f,w,4,4,0,ctl,ok,0,0,14.8,311.9
mpg,15.0,6,w48-16qam-r2/3,w48,19,2,1,data,ok,16,16,14.5,311.9
mpg,15.0,6,ack-1f,w,3,3,0,ctl,ok,0,0,19.3,311.9
mpg,15.0,6,w48-16qam-r2/3,w48,19,2,1,data,ok,17,0,13.9,311.9
mpg,15.0,6,ack-1f,w,2,2,0,ctl,ok,0,0,17.1,311.9
mpg,15.0,6,w48-16qam-r1/2,w48,19,1,0,data,ok,18,18,16.4,311.9
mpg,15.0,6,ack-1f,w,3,3,0,ctl,ok,0,0,16.6,311.9
mpg,15.0,6,w48-16qam-r2/3,w48,19,2,1,data,ok,17,14,16.7,311.9
mpg,15.0,6,ack-1f,w,3,3,0,ctl,ok,0,0,21.1,311.9
mpg,15.0,6,w48-16qam-r2/3,w48,19,1,0,data,ok,15,15,17.6,311.9
mpg,15.0,6,ack-1f,w,2,2,0,ctl,ok,0,0,21.2,311.9
mpg,15.0,6,w48-16qam-r2/3,w48,19,1,0,data,ok,18,18,20.6,311.9
mpg,15.0,6,ack-1f,w,2,2,0,ctl,ok,0,0,18.2,311.9
mpg,15.0,6,w48-64l-r7/12,w48,39,1,0,data,ctl_lost,38,0,12.3,311.9
mpg,15.0,6,ack-4f,w,3,3,0,ctl,ok,0,0,19.6,311.9
mpg,15.0,6,ack-4f,w,2,2,0,ctl,ok,0,0,18.5,311.9
mpg,15.0,6,w48-16qam-r2/3,w48,19,1,0,data,ok,18,18,14.9,311.9
mpg,15.0,6,ack-1f,w,3,3,0,ctl,ok,0,0,14.9,311.9
mpg,15.0,6,w48-16qam-r2/3,w48,19,2,1,data,ok,17,17,18.7,311.9
mpg,15.0,6,ack-1f,w,2,2,0,ctl,ok,0,0,16.9,311.9
mpg,15.0,6,w48-16qam-r2/3,w48,19,1,0,data,ok,18,18,17.5,311.9
mpg,15.0,6,ack-1f,w,2,2,0,ctl,ok,0,0,20.0,311.9
mpg,15.0,6,w48-16qam-r2/3,w48,19,1,0,data,ok,18,18,16.3,311.9
mpg,15.0,6,ack-1f,w,2,2,0,ctl,ok,0,0,14.2,311.9
mpg,15.0,6,w48-16qam-r2/3,w48,19,1,0,data,ok,18,18,14.7,311.9
mpg,15.0,6,ack-1f,w,2,2,0,ctl,ok,0,0,18.1,311.9
mpg,15.0,6,w48-16qam-r2/3,w48,19,1,0,data,ok,18,18,17.2,311.9
mpg,15.0,6,ack-1f,w,2,2,0,ctl,ok,0,0,16.2,311.9
mpg,15.0,6,w48-16qam-r2/3,w48,19,1,0,data,ok,18,18,18.3,311.9
mpg,15.0,6,ack-1f,w,2,2,0,ctl,ok,0,0,18.4,311.9
mpg,15.0,6,w48-64l-r1/2,w48,39,1,0,data,ok,38,37,13.5,311.9
mpg,15.0,6,ack-1f,w,4,4,0,ctl,ok,0,0,20.4,311.9
mpg,15.0,6,w48-64l-r1/2,w48,32,2,1,data,ok,29,29,16.2,311.9
mpg,15.0,6,ack-1f,w,2,2,0,ctl,ok,0,0,17.1,311.9
mpg,15.0,6,w48-64l-r1/2,w48,39,1,0,data,ctl_lost,38,0,11.3,311.9
mpg,15.0,6,ack-4f,w,3,3,0,ctl,ok,0,0,17.5,311.9
mpg,15.0,6,ack-4f,w,2,2,0,ctl,ok,0,0,18.2,311.9
mpg,15.0,6,w48-16qam-r2/3,w48,19,1,0,data,ctl_lost,18,0,12.8,311.9
mpg,15.0,6,ack-4f,w,4,4,0,ctl,ok,0,0,20.1,311.9
mpg,15.0,6,ack-4f,w,3,3,0,ctl,ok,0,0,18.7,311.9
mpg,15.0,6,w48-16qam-r2/3,w48,19,2,1,data,ok,17,17,15.7,311.9
mpg,15.0,6,ack-1f,w,3,3,0,ctl,ok,0,0,15.1,311.9
mpg,15.0,6,w48-16qam-r2/3,w48,19,2,1,data,ok,17,17,15.3,311.9
mpg,15.0,6,ack-1f,w,2,2,0,ctl,ok,0,0,19.3,311.9
mpg,15.0,6,w48-16qam-r2/3,w48,19,1,0,data,ok,18,18,19.8,311.9
mpg,15.0,6,ack-1f,w,3,3,0,ctl,ok,0,0,17.2,311.9
mpg,15.0,6,w48-64l-r1/2,w48,39,2,1,data,ok,37,0,8.2,311.9
mpg,15.0,6,ack-1f,w,3,3,0,ctl,ok,0,0,14.9,311.9
mpg,15.0,6,w48-16qam-r1/2,w48,19,2,1,data,ok,17,17,15.0,311.9
mpg,15.0,6,ack-1f,w,2,2,0,ctl,ok,0,0,14.1,311.9
mpg,15.0,6,w48-16qam-r1/3,w48,19,1,0,data,ok,18,18,14.8,311.9
mpg,15.0,6,ack-1f,w,3,3,0,ctl,ok,0,0,18.7,311.9
mpg,15.0,6,w48-16qam-r2/3,w48,19,2,1,data,ok,17,0,13.8,311.9
mpg,15.0,6,ack-1f,w,2,2,0,ctl,ok,0,0,19.8,311.9
mpg,15.0,6,w48-16qam-r1/2,w48,19,1,0,data,ok,18,18,17.1,311.9
mpg,15.0,6,ack-1f,w,2,2,0,ctl,ok,0,0,19.9,311.9
mpg,15.0,6,w48-16qam-r2/3,w48,19,1,0,data,ok,18,18,14.7,311.9
mpg,15.0,6,ack-1f,w,2,2,0,ctl,ok,0,0,21.3,311.9
mpg,15.0,6,w48-16qam-r2/3,w48,19,1,0,data,ok,18,18,16.8,311.9
mpg,15.0,6,ack-1f,w,2,2,0,ctl,ok,0,0,11.9,311.9
mpg,15.0,6,w48-16qam-r2/3,w48,19,1,0,data,ok,18,18,18.4,311.9
mpg,15.0,6,ack-1f,w,2,2,0,ctl,ok,0,0,22.9,311.9
mpg,15.0,6,w48-16qam-r2/3,w48,19,1,0,data,ok,18,18,17.2,311.9
mpg,15.0,6,ack-1f,w,2,2,0,ctl,ok,0,0,19.0,311.9
mpg,15.0,6,w48-16qam-r2/3,w48,19,1,0,data,ok,18,18,15.6,311.9
mpg,15.0,6,ack-1f,w,2,2,0,ctl,ok,0,0,16.3,311.9
mpg,15.0,6,w48-16qam-r2/3,w48,19,1,0,data,ok,18,18,15.3,311.9
mpg,15.0,6,ack-1f,w,2,2,0,ctl,ok,0,0,16.4,311.9
mpg,15.0,6,w48-16qam-r2/3,w48,19,1,0,data,ok,18,18,17.0,311.9
mpg,15.0,6,ack-1f,w,2,2,0,ctl,ok,0,0,14.9,311.9
mpg,15.0,6,w48-16qam-r2/3,w48,19,1,0,data,ok,18,18,14.9,311.9
mpg,15.0,6,ack-1f,w,2,2,0,ctl,ok,0,0,15.8,311.9
mpg,15.0,6,w48-16qam-r2/3,w48,19,1,0,data,ok,18,18,18.2,311.9
mpg,15.0,6,ack-1f,w,2,2,0,ctl,ok,0,0,21.5,311.9
mpg,15.0,6,w48-16qam-r2/3,w48,19,1,0,data,ok,18,18,15.6,311.9
mpg,15.0,6,ack-1f,w,2,2,0,ctl,ok,0,0,20.9,311.9
mpg,15.0,6,w48-16qam-r2/3,w48,19,1,0,data,ok,18,18,14.0,311.9
mpp,15.0,2,qpsk-r1/5,w,1,1,0,ctl,ok,0,0,17.0,383.4
mpp,15.0,2,qpsk-r1/5,w,1,1,0,ctl,ok,0,0,18.5,383.4
mpp,15.0,2,ack-4f,w,2,2,0,ctl,ok,0,0,15.1,383.4
mpp,15.0,2,ack-1f,w,3,3,0,ctl,ok,0,0,15.8,383.4
mpp,15.0,2,w48-16qam-r1/2,w48,19,2,1,data,ok,17,17,15.9,383.4
mpp,15.0,2,ack-1f,w,2,2,0,ctl,ok,0,0,13.1,383.4
mpp,15.0,2,w48-16qam-r1/2,w48,19,1,0,data,ok,18,18,15.3,383.4
mpp,15.0,2,ack-1f,w,2,2,0,ctl,ok,0,0,16.8,383.4
mpp,15.0,2,w48-16qam-r1/2,w48,19,1,0,data,ok,18,18,15.1,383.4
mpp,15.0,2,ack-1f,w,2,2,0,ctl,ok,0,0,17.1,383.4
mpp,15.0,2,w48-16qam-r1/2,w48,19,1,0,data,ok,18,18,15.1,383.4
mpp,15.0,2,ack-1f,w,2,2,0,ctl,ok,0,0,14.2,383.4
mpp,15.0,2,w48-16qam-r1/2,w48,19,1,0,data,ok,18,18,15.1,383.4
mpp,15.0,2,ack-1f,w,2,2,0,ctl,ok,0,0,20.5,383.4
mpp,15.0,2,w48-16qam-r1/2,w48,19,1,0,data,ok,18,18,16.9,383.4
mpp,15.0,2,ack-1f,w,3,3,0,ctl,ok,0,0,18.3,383.4
mpp,15.0,2,w48-16qam-r2/3,w48,19,2,1,data,ok,17,17,15.9,383.4
mpp,15.0,2,ack-1f,w,3,3,0,ctl,ok,0,0,18.1,383.4
mpp,15.0,2,w48-16qam-r2/3,w48,19,2,1,data,ok,17,10,16.2,383.4
mpp,15.0,2,ack-1f,w,4,4,0,ctl,ok,0,0,14.3,383.4
mpp,15.0,2,w48-16qam-r2/3,w48,19,2,1,data,ok,10,10,14.9,383.4
mpp,15.0,2,ack-1f,w,2,2,0,ctl,ok,0,0,17.3,383.4
mpp,15.0,2,w48-16qam-r1/2,w48,19,1,0,data,ok,18,18,16.2,383.4
mpp,15.0,2,ack-1f,w,3,3,0,ctl,ok,0,0,19.8,383.4
mpp,15.0,2,w48-16qam-r2/3,w48,19,2,1,data,ok,17,17,15.6,383.4
mpp,15.0,2,ack-1f,w,3,3,0,ctl,ok,0,0,17.7,383.4
mpp,15.0,2,w48-16qam-r2/3,w48,19,2,1,data,ok,17,17,15.8,383.4
mpp,15.0,2,ack-1f,w,3,3,0,ctl,ok,0,0,18.6,383.4
mpp,15.0,2,w48-16qam-r2/3,w48,19,2,1,data,ok,17,17,17.3,383.4
mpp,15.0,2,ack-1f,w,2,2,0,ctl,ok,0,0,17.0,383.4
mpp,15.0,2,w48-16qam-r2/3,w48,19,1,0,data,ok,18,18,16.8,383.4
mpp,15.0,2,ack-1f,w,2,2,0,ctl,ok,0,0,18.8,383.4
mpp,15.0,2,w48-16qam-r2/3,w48,19,1,0,data,ok,18,16,14.8,383.4
mpp,15.0,2,ack-1f,w,4,4,0,ctl,ok,0,0,20.2,383.4
mpp,15.0,2,w48-16qam-r2/3,w48,19,2,1,data,ok,15,15,16.5,383.4
mpp,15.0,2,ack-1f,w,2,2,0,ctl,ok,0,0,17.7,383.4
mpp,15.0,2,w48-16qam-r2/3,w48,19,1,0,data,ok,18,18,16.0,383.4
mpp,15.0,2,ack-1f,w,2,2,0,ctl,ok,0,0,14.8,383.4
mpp,15.0,2,w48-16qam-r2/3,w48,19,1,0,data,ok,18,15,14.5,383.4
mpp,15.0,2,ack-1f,w,4,4,0,ctl,ok,0,0,16.0,383.4
mpp,15.0,2,w48-16qam-r2/3,w48,19,2,1,data,ok,14,14,17.0,383.4
mpp,15.0,2,ack-1f,w,2,2,0,ctl,ok,0,0,19.6,383.4
mpp,15.0,2,w48-16qam-r2/3,w48,19,1,0,data,ok,18,17,15.6,383.4
mpp,15.0,2,ack-1f,w,2,2,0,ctl,ok,0,0,17.9,383.4
mpp,15.0,2,w48-16qam-r2/3,w48,19,1,0,data,ok,17,17,16.6,383.4
mpp,15.0,2,ack-1f,w,2,2,0,ctl,ok,0,0,15.1,383.4
mpp,15.0,2,w48-16qam-r2/3,w48,19,1,0,data,ok,18,13,14.8,383.4
mpp,15.0,2,ack-1f,w,3,3,0,ctl,ok,0,0,18.6,383.4
mpp,15.0,2,w48-16qam-r2/3,w48,19,1,0,data,ok,13,13,16.3,383.4
mpp,15.0,2,ack-1f,w,2,2,0,ctl,ok,0,0,20.3,383.4
mpp,15.0,2,w48-16qam-r2/3,w48,19,1,0,data,ok,18,18,15.8,383.4
mpp,15.0,2,ack-1f,w,2,2,0,ctl,ok,0,0,16.0,383.4
mpp,15.0,2,w48-16qam-r2/3,w48,19,1,0,data,ok,18,18,16.6,383.4
mpp,15.0,2,ack-1f,w,2,2,0,ctl,ok,0,0,18.8,383.4
mpp,15.0,2,w48-16qam-r2/3,w48,19,1,0,data,ok,18,18,15.2,383.4
mpp,15.0,2,ack-1f,w,2,2,0,ctl,ok,0,0,18.7,383.4
mpp,15.0,2,w48-16qam-r2/3,w48,19,1,0,data,ok,18,18,16.1,383.4
mpp,15.0,2,ack-1f,w,2,2,0,ctl,ok,0,0,19.3,383.4
mpp,15.0,2,w48-16qam-r2/3,w48,19,1,0,data,ok,18,18,16.1,383.4
mpp,15.0,2,ack-1f,w,2,2,0,ctl,ok,0,0,19.4,383.4
mpp,15.0,2,w48-16qam-r2/3,w48,19,1,0,data,ok,18,18,16.5,383.4
mpp,15.0,2,ack-1f,w,2,2,0,ctl,ok,0,0,18.3,383.4
mpp,15.0,2,w48-16qam-r2/3,w48,19,1,0,data,ok,18,18,15.6,383.4
mpp,15.0,2,ack-1f,w,2,2,0,ctl,ok,0,0,15.4,383.4
mpp,15.0,2,w48-16qam-r2/3,w48,19,1,0,data,ok,18,18,16.8,383.4
mpp,15.0,2,ack-1f,w,2,2,0,ctl,ok,0,0,12.4,383.4
mpp,15.0,2,w48-16qam-r2/3,w48,19,1,0,data,ok,18,18,15.9,383.4
mpp,15.0,2,ack-1f,w,2,2,0,ctl,ok,0,0,18.5,383.4
mpp,15.0,2,w48-16qam-r2/3,w48,19,1,0,data,ok,18,18,16.2,383.4
mpp,15.0,2,ack-1f,w,2,2,0,ctl,ok,0,0,17.1,383.4
mpp,15.0,2,w48-16qam-r2/3,w48,19,1,0,data,ok,18,18,16.1,383.4
mpp,15.0,2,ack-1f,w,2,2,0,ctl,ok,0,0,15.5,383.4
mpp,15.0,2,w48-16qam-r2/3,w48,19,1,0,data,ok,18,18,15.7,383.4
mpp,15.0,2,ack-1f,w,2,2,0,ctl,ok,0,0,14.0,383.4
mpp,15.0,2,w48-16qam-r2/3,w48,19,1,0,data,ok,18,18,16.1,383.4
mpp,15.0,2,ack-1f,w,2,2,0,ctl,ok,0,0,15.2,383.4
mpp,15.0,2,w48-16qam-r2/3,w48,19,1,0,data,ok,18,18,15.7,383.4
mpp,15.0,2,ack-1f,w,2,2,0,ctl,ok,0,0,14.2,383.4
mpp,15.0,2,w48-16qam-r2/3,w48,19,1,0,data,ok,18,18,16.1,383.4
mpp,15.0,2,ack-1f,w,2,2,0,ctl,ok,0,0,20.4,383.4
mpp,15.0,2,w48-16qam-r2/3,w48,19,1,0,data,ok,18,18,17.3,383.4
mpp,15.0,2,ack-1f,w,2,2,0,ctl,ok,0,0,20.2,383.4
mpp,15.0,2,w48-16qam-r2/3,w48,19,1,0,data,ok,18,18,15.6,383.4
mpp,15.0,2,ack-1f,w,2,2,0,ctl,ok,0,0,16.4,383.4
mpp,15.0,2,w48-16qam-r2/3,w48,19,1,0,data,ok,18,16,15.0,383.4
mpp,15.0,2,ack-1f,w,3,3,0,ctl,ok,0,0,19.2,383.4
mpp,15.0,2,w48-16qam-r2/3,w48,19,1,0,data,ok,16,16,17.7,383.4
mpp,15.0,2,ack-1f,w,2,2,0,ctl,ok,0,0,16.4,383.4
mpp,15.0,2,w48-16qam-r2/3,w48,19,1,0,data,ok,18,18,15.6,383.4
mpp,15.0,2,ack-1f,w,2,2,0,ctl,ok,0,0,19.4,383.4
mpp,15.0,2,w48-16qam-r2/3,w48,19,1,0,data,ok,18,18,16.2,383.4
mpp,15.0,2,ack-1f,w,2,2,0,ctl,ok,0,0,15.8,383.4
mpp,15.0,2,w48-16qam-r2/3,w48,19,1,0,data,ok,18,18,15.7,383.4
mpp,15.0,3,qpsk-r1/5,w,1,1,0,ctl,ok,0,0,17.2,381.2
mpp,15.0,3,qpsk-r1/5,w,1,1,0,ctl,ok,0,0,15.7,381.2
mpp,15.0,3,ack-4f,w,3,3,0,ctl,ok,0,0,18.1,381.2
mpp,15.0,3,ack-1f,w,2,2,0,ctl,ok,0,0,19.1,381.2
mpp,15.0,3,w48-16qam-r1/2,w48,19,1,0,data,ok,18,18,14.2,381.2
mpp,15.0,3,ack-1f,w,2,2,0,ctl,ok,0,0,19.8,381.2
mpp,15.0,3,w48-16qam-r1/2,w48,19,1,0,data,ok,18,18,15.6,381.2
mpp,15.0,3,ack-1f,w,2,2,0,ctl,ok,0,0,17.3,381.2
mpp,15.0,3,w48-16qam-r1/2,w48,19,1,0,data,ok,18,18,13.9,381.2
mpp,15.0,3,ack-1f,w,2,2,0,ctl,ok,0,0,19.2,381.2
mpp,15.0,3,w48-16qam-r1/2,w48,19,1,0,data,ok,18,18,16.3,381.2
mpp,15.0,3,ack-1f,w,2,2,0,ctl,ok,0,0,10.9,381.2
mpp,15.0,3,w48-16qam-r1/2,w48,19,1,0,data,ok,18,18,17.4,381.2
mpp,15.0,3,ack-1f,w,3,3,0,ctl,ok,0,0,20.3,381.2
mpp,15.0,3,w48-16qam-r2/3,w48,19,2,1,data,ok,17,17,17.3,381.2
mpp,15.0,3,ack-1f,w,3,3,0,ctl,ok,0,0,19.6,381.2
mpp,15.0,3,w48-16qam-r2/3,w48,19,2,1,data,ok,17,17,16.2,381.2
mpp,15.0,3,ack-1f,w,3,3,0,ctl,ok,0,0,16.3,381.2
mpp,15.0,3,w48-16qam-r2/3,w48,19,2,1,data,ok,17,0,14.0,381.2
mpp,15.0,3,ack-1f,w,2,2,0,ctl,ok,0,0,17.4,381.2
mpp,15.0,3,w48-16qam-r1/2,w48,19,1,0,data,ok,18,18,15.5,381.2
mpp,15.0,3,ack-1f,w,2,2,0,ctl,ok,0,0,12.4,381.2
mpp,15.0,3,w48-16qam-r1/2,w48,19,1,0,data,ok,18,18,16.8,381.2
mpp,15.0,3,ack-1f,w,3,3,0,ctl,ok,0,0,14.3,381.2
mpp,15.0,3,w48-16qam-r2/3,w48,19,2,1,data,ok,17,17,15.7,381.2
mpp,15.0,3,ack-1f,w,3,3,0,ctl,ok,0,0,14.8,381.2
mpp,15.0,3,w48-16qam-r2/3,w48,19,2,1,data,ok,17,17,17.0,381.2
mpp,15.0,3,ack-1f,w,3,3,0,ctl,ok,0,0,16.2,381.2
mpp,15.0,3,w48-16qam-r2/3,w48,19,2,1,data,ok,17,17,15.6,381.2
mpp,15.0,3,ack-1f,w,3,3,0,ctl,ok,0,0,19.3,381.2
mpp,15.0,3,w48-16qam-r2/3,w48,19,2,1,data,ok,17,17,16.3,381.2
mpp,15.0,3,ack-1f,w,3,3,0,ctl,ok,0,0,17.7,381.2
mpp,15.0,3,w48-16qam-r2/3,w48,19,2,1,data,ok,17,17,16.3,381.2
mpp,15.0,3,ack-1f,w,2,2,0,ctl,ok,0,0,15.0,381.2
mpp,15.0,3,w48-16qam-r2/3,w48,19,1,0,data,ok,18,18,16.5,381.2
mpp,15.0,3,ack-1f,w,2,2,0,ctl,ok,0,0,12.0,381.2
mpp,15.0,3,w48-16qam-r2/3,w48,19,1,0,data,ok,18,18,16.4,381.2
mpp,15.0,3,ack-1f,w,2,2,0,ctl,ok,0,0,16.4,381.2
mpp,15.0,3,w48-16qam-r2/3,w48,19,1,0,data,ok,18,15,14.3,381.2
mpp,15.0,3,ack-1f,w,3,3,0,ctl,ok,0,0,15.6,381.2
mpp,15.0,3,w48-16qam-r2/3,w48,19,2,1,data,ok,14,14,15.6,381.2
mpp,15.0,3,ack-1f,w,3,3,0,ctl,ok,0,0,19.9,381.2
mpp,15.0,3,w48-16qam-r2/3,w48,19,2,1,data,ok,17,17,15.2,381.2
mpp,15.0,3,ack-1f,w,2,2,0,ctl,ok,0,0,15.7,381.2
mpp,15.0,3,w48-16qam-r2/3,w48,19,1,0,data,ok,18,18,15.4,381.2
mpp,15.0,3,ack-1f,w,2,2,0,ctl,ok,0,0,20.2,381.2
mpp,15.0,3,w48-16qam-r2/3,w48,19,1,0,data,ok,18,17,14.9,381.2
mpp,15.0,3,ack-1f,w,3,3,0,ctl,ok,0,0,12.0,381.2
mpp,15.0,3,w48-16qam-r2/3,w48,19,1,0,data,ok,17,17,16.5,381.2
mpp,15.0,3,ack-1f,w,2,2,0,ctl,ok,0,0,17.4,381.2
mpp,15.0,3,w48-16qam-r2/3,w48,19,1,0,data,ok,18,16,15.2,381.2
mpp,15.0,3,ack-1f,w,3,3,0,ctl,ok,0,0,18.6,381.2
mpp,15.0,3,w48-16qam-r2/3,w48,19,1,0,data,ok,16,16,15.8,381.2
mpp,15.0,3,ack-1f,w,2,2,0,ctl,ok,0,0,16.0,381.2
mpp,15.0,3,w48-16qam-r2/3,w48,19,1,0,data,ok,18,18,15.2,381.2
mpp,15.0,3,ack-1f,w,2,2,0,ctl,ok,0,0,20.0,381.2
mpp,15.0,3,w48-16qam-r2/3,w48,19,1,0,data,ok,18,18,16.0,381.2
mpp,15.0,3,ack-1f,w,2,2,0,ctl,ok,0,0,18.0,381.2
mpp,15.0,3,w48-16qam-r2/3,w48,19,1,0,data,ok,18,18,15.9,381.2
mpp,15.0,3,ack-1f,w,2,2,0,ctl,ok,0,0,15.4,381.2
mpp,15.0,3,w48-16qam-r2/3,w48,19,1,0,data,ok,18,18,15.0,381.2
mpp,15.0,3,ack-1f,w,2,2,0,ctl,ok,0,0,18.3,381.2
mpp,15.0,3,w48-16qam-r2/3,w48,19,1,0,data,ok,18,18,15.1,381.2
mpp,15.0,3,ack-1f,w,2,2,0,ctl,ok,0,0,19.4,381.2
mpp,15.0,3,w48-16qam-r2/3,w48,19,1,0,data,ok,18,18,17.0,381.2
mpp,15.0,3,ack-1f,w,2,2,0,ctl,ok,0,0,10.6,381.2
mpp,15.0,3,w48-16qam-r2/3,w48,19,1,0,data,ok,18,18,16.7,381.2
mpp,15.0,3,ack-1f,w,2,2,0,ctl,ok,0,0,14.7,381.2
mpp,15.0,3,w48-16qam-r2/3,w48,19,1,0,data,ok,18,18,15.7,381.2
mpp,15.0,3,ack-1f,w,2,2,0,ctl,ok,0,0,16.1,381.2
mpp,15.0,3,w48-16qam-r2/3,w48,19,1,0,data,ok,18,18,15.3,381.2
mpp,15.0,3,ack-1f,w,2,2,0,ctl,ok,0,0,20.0,381.2
mpp,15.0,3,w48-16qam-r2/3,w48,19,1,0,data,ok,18,18,15.5,381.2
mpp,15.0,3,ack-1f,w,2,2,0,ctl,ok,0,0,18.3,381.2
mpp,15.0,3,w48-16qam-r2/3,w48,19,1,0,data,ok,18,18,16.4,381.2
mpp,15.0,3,ack-1f,w,2,2,0,ctl,ok,0,0,15.5,381.2
mpp,15.0,3,w48-16qam-r2/3,w48,19,1,0,data,ok,18,18,16.1,381.2
mpp,15.0,3,ack-1f,w,2,2,0,ctl,ok,0,0,18.1,381.2
mpp,15.0,3,w48-16qam-r2/3,w48,19,1,0,data,ok,18,18,15.7,381.2
mpp,15.0,3,ack-1f,w,2,2,0,ctl,ok,0,0,15.3,381.2
mpp,15.0,3,w48-16qam-r2/3,w48,19,1,0,data,ok,18,18,15.8,381.2
mpp,15.0,3,ack-1f,w,2,2,0,ctl,ok,0,0,19.1,381.2
mpp,15.0,3,w48-16qam-r2/3,w48,19,1,0,data,ok,18,18,17.0,381.2
mpp,15.0,3,ack-1f,w,2,2,0,ctl,ok,0,0,14.5,381.2
mpp,15.0,3,w48-16qam-r2/3,w48,19,1,0,data,ok,18,18,15.9,381.2
mpp,15.0,3,ack-1f,w,2,2,0,ctl,ok,0,0,18.8,381.2
mpp,15.0,3,w48-16qam-r2/3,w48,19,1,0,data,ok,18,18,16.6,381.2
mpp,15.0,3,ack-1f,w,2,2,0,ctl,ok,0,0,13.9,381.2
mpp,15.0,3,w48-16qam-r2/3,w48,19,1,0,data,ok,18,18,15.8,381.2
mpp,15.0,3,ack-1f,w,2,2,0,ctl,ok,0,0,17.7,381.2
mpp,15.0,3,w48-16qam-r2/3,w48,19,1,0,data,ok,18,18,15.6,381.2
mpp,15.0,3,ack-1f,w,2,2,0,ctl,ok,0,0,13.7,381.2
mpp,15.0,3,w48-16qam-r2/3,w48,19,1,0,data,ctl_lost,18,13,14.9,381.2
mpg,15.0,0,qpsk-r1/5,w,1,1,0,ctl,ok,0,0,18.0,293.2
mpg,15.0,0,qpsk-r1/5,w,1,1,0,ctl,ok,0,0,18.9,293.2
mpg,15.0,0,ack-4f,w,3,3,0,ctl,ok,0,0,19.9,293.2
mpg,15.0,0,ack-1f,w,3,3,0,ctl,ok,0,0,16.4,293.2
mpg,15.0,0,w48-64l-r1/2,w48,39,2,1,data,ok,37,0,8.6,293.2
mpg,15.0,0,ack-1f,w,2,2,0,ctl,ok,0,0,13.6,293.2
mpg,15.0,0,w48-16qam-r1/3,w48,19,1,0,data,ok,18,18,15.5,293.2
mpg,15.0,0,ack-1f,w,3,3,0,ctl,ok,0,0,22.2,293.2
mpg,15.0,0,w48-16qam-r1/2,w48,19,2,1,data,ok,17,17,17.4,293.2
mpg,15.0,0,ack-1f,w,2,2,0,ctl,ok,0,0,14.6,293.2
mpg,15.0,0,w48-16qam-r2/3,w48,19,1,0,data,ctl_lost,18,0,13.5,293.2
mpg,15.0,0,ack-4f,w,3,3,0,ctl,ok,0,0,17.8,293.2
mpg,15.0,0,ack-4f,w,3,3,0,ctl,ok,0,0,20.8,293.2
mpg,15.0,0,w48-64l-r1/2,w48,39,2,1,data,ok,37,0,12.6,293.2
mpg,15.0,0,ack-1f,w,2,2,0,ctl,ok,0,0,15.7,293.2
mpg,15.0,0,w48-16qam-r1/2,w48,19,1,0,data,ok,18,18,18.1,293.2
mpg,15.0,0,ack-1f,w,2,2,0,ctl,ok,0,0,13.1,293.2
mpg,15.0,0,w48-16qam-r1/2,w48,19,1,0,data,ok,18,18,15.5,293.2
mpg,15.0,0,ack-1f,w,2,2,0,ctl,ok,0,0,12.0,293.2
mpg,15.0,0,w48-16qam-r1/2,w48,19,1,0,data,ok,18,18,17.5,293.2
mpg,15.0,0,ack-1f,w,3,3,0,ctl,ok,0,0,22.6,293.2
mpg,15.0,0,w48-16qam-r2/3,w48,19,2,1,data,ok,17,17,16.4,293.2
mpg,15.0,0,ack-1f,w,3,3,0,ctl,ok,0,0,15.7,293.2
mpg,15.0,0,w48-16qam-r2/3,w48,19,2,1,data,ok,17,17,15.7,293.2
mpg,15.0,0,ack-1f,w,2,2,0,ctl,ok,0,0,17.5,293.2
mpg,15.0,0,w48-16qam-r1/2,w48,19,1,0,data,ok,18,18,16.2,293.2
mpg,15.0,0,ack-1f,w,2,2,0,ctl,ok,0,0,13.1,293.2
mpg,15.0,0,w48-16qam-r1/2,w48,19,1,0,data,ok,18,18,17.4,293.2
mpg,15.0,0,ack-1f,w,3,3,0,ctl,ok,0,0,17.3,293.2
mpg,15.0,0,w48-16qam-r2/3,w48,19,2,1,data,ok,17,17,14.6,293.2
mpg,15.0,0,ack-1f,w,3,3,0,ctl,ok,0,0,12.6,293.2
mpg,15.0,0,w48-16qam-r2/3,w48,19,2,1,data,ok,17,17,16.7,293.2
mpg,15.0,0,ack-1f,w,3,3,0,ctl,ok,0,0,18.2,293.2
mpg,15.0,0,w48-16qam-r2/3,w48,19,2,1,data,ok,17,17,19.1,293.2
mpg,15.0,0,ack-1f,w,3,3,0,ctl,ok,0,0,19.5,293.2
mpg,15.0,0,w48-64l-r7/12,w48,39,2,1,data,ok,37,0,13.2,293.2
mpg,15.0,0,ack-1f,w,3,3,0,ctl,ok,0,0,15.7,293.2
mpg,15.0,0,w48-16qam-r2/3,w48,19,2,1,data,ok,17,17,18.0,293.2
mpg,15.0,0,ack-1f,w,2,2,0,ctl,ok,0,0,19.8,293.2
mpg,15.0,0,w48-16qam-r2/3,w48,19,1,0,data,ok,18,18,15.6,293.2
mpg,15.0,0,ack-1f,w,3,3,0,ctl,ok,0,0,20.4,293.2
mpg,15.0,0,w48-16qam-r2/3,w48,19,2,1,data,ok,17,17,17.8,293.2
mpg,15.0,0,ack-1f,w,2,2,0,ctl,ok,0,0,22.2,293.2
mpg,15.0,0,w48-16qam-r2/3,w48,19,1,0,data,ok,18,18,16.1,293.2
mpg,15.0,0,ack-1f,w,2,2,0,ctl,ok,0,0,18.1,293.2
mpg,15.0,0,w48-16qam-r2/3,w48,19,1,0,data,ok,18,14,13.4,293.2
mpg,15.0,0,ack-1f,w,4,4,0,ctl,ok,0,0,17.3,293.2
mpg,15.0,0,w48-16qam-r2/3,w48,19,2,1,data,ok,13,0,12.2,293.2
mpg,15.0,0,ack-1f,w,3,3,0,ctl,ok,0,0,18.7,293.2
mpg,15.0,0,w48-16qam-r1/2,w48,19,2,1,data,ok,17,17,16.8,293.2
mpg,15.0,0,ack-1f,w,2,2,0,ctl,ok,0,0,18.7,293.2
mpg,15.0,0,w48-16qam-r2/3,w48,19,1,0,data,ok,18,18,20.2,293.2
mpg,15.0,0,ack-1f,w,3,3,0,ctl,ok,0,0,19.7,293.2
mpg,15.0,0,w48-64l-r7/12,w48,39,2,1,data,ok,37,0,11.8,293.2
mpg,15.0,0,ack-1f,w,3,3,0,ctl,ok,0,0,20.5,293.2
mpg,15.0,0,w48-16qam-r2/3,w48,19,2,1,data,ok,17,17,16.4,293.2
mpg,15.0,0,ack-1f,w,2,2,0,ctl,ok,0,0,18.7,293.2
mpg,15.0,0,w48-16qam-r2/3,w48,19,1,0,data,ok,18,18,19.0,293.2
mpg,15.0,0,ack-1f,w,2,2,0,ctl,ok,0,0,9.0,293.2
mpg,15.0,0,w48-64l-r1/2,w48,39,1,0,data,ok,38,37,13.9,293.2
mpg,15.0,0,ack-1f,w,4,4,0,ctl,ok,0,0,18.6,293.2
mpg,15.0,0,w48-64l-r1/2,w48,38,1,0,data,ok,36,35,14.2,293.2
mpg,15.0,0,ack-1f,w,3,3,0,ctl,ok,0,0,17.9,293.2
mpg,15.0,0,w48-64l-r1/2,w48,39,2,1,data,ok,36,0,12.7,293.2
mpg,15.0,0,ack-1f,w,3,3,0,ctl,ok,0,0,11.3,293.2
mpg,15.0,0,w48-16qam-r2/3,w48,19,2,1,data,ok,17,17,16.5,293.2
mpg,15.0,0,ack-1f,w,2,2,0,ctl,ok,0,0,11.1,293.2
mpg,15.0,0,w48-16qam-r2/3,w48,19,1,0,data,ctl_lost,18,0,11.0,293.2
mpg,15.0,0,ack-4f,w,2,2,0,ctl,ok,0,0,14.2,293.2
mpg,15.0,0,ack-4f,w,3,3,0,ctl,ok,0,0,16.1,293.2
mpg,15.0,0,w48-16qam-r1/2,w48,19,2,1,data,ok,17,17,17.3,293.2
mpg,15.0,0,ack-1f,w,3,3,0,ctl,ok,0,0,18.9,293.2
mpg,15.0,0,w48-16qam-r2/3,w48,19,2,1,data,ok,17,17,16.4,293.2
mpg,15.0,0,ack-1f,w,2,2,0,ctl,ok,0,0,22.6,293.2
mpg,15.0,0,w48-16qam-r2/3,w48,19,1,0,data,ok,18,18,18.8,293.2
mpg,15.0,0,ack-1f,w,2,2,0,ctl,ok,0,0,20.8,293.2
mpg,15.0,0,w48-16qam-r2/3,w48,19,1,0,data,ok,18,18,17.1,293.2
mpg,15.0,0,ack-1f,w,2,2,0,ctl,ok,0,0,14.1,293.2
mpg,15.0,0,w48-16qam-r2/3,w48,19,1,0,data,ok,18,18,16.4,293.2
mpg,15.0,0,ack-1f,w,2,2,0,ctl,ok,0,0,17.7,293.2
mpg,15.0,0,w48-16qam-r2/3,w48,19,1,0,data,ok,18,18,18.3,293.2
mpg,15.0,0,ack-1f,w,2,2,0,ctl,ok,0,0,20.7,293.2
mpg,15.0,0,w48-16qam-r2/3,w48,19,1,0,data,ok,18,18,14.5,293.2
mpg,15.0,0,ack-1f,w,2,2,0,ctl,ok,0,0,18.7,293.2
mpg,15.0,0,w48-16qam-r2/3,w48,19,1,0,data,ok,18,18,17.1,293.2
mpg,15.0,0,ack-1f,w,2,2,0,ctl,ok,0,0,10.3,293.2
mpg,15.0,0,w48-16qam-r2/3,w48,19,1,0,data,ok,18,18,15.9,293.2
mpg,15.0,0,ack-1f,w,2,2,0,ctl,ok,0,0,16.7,293.2
mpg,15.0,0,w48-16qam-r2/3,w48,19,1,0,data,ok,18,18,16.0,293.2
mpg,15.0,0,ack-1f,w,2,2,0,ctl,ok,0,0,17.4,293.2
mpg,15.0,0,w48-16qam-r2/3,w48,19,1,0,data,ctl_lost,18,0,12.2,293.2
mpg,15.0,0,ack-4f,w,3,3,0,ctl,ok,0,0,17.7,293.2
mpg,15.0,0,ack-4f,w,2,2,0,ctl,ok,0,0,18.4,293.2
mpg,15.0,0,w48-16qam-r1/2,w48,19,1,0,data,ok,18,18,19.1,293.2
mpg,15.0,2,qpsk-r1/5,w,1,1,0,ctl,ok,0,0,17.3,318.8
mpg,15.0,2,qpsk-r1/5,w,1,1,0,ctl,ok,0,0,18.3,318.8
mpg,15.0,2,ack-4f,w,3,3,0,ctl,ok,0,0,17.0,318.8
mpg,15.0,2,ack-1f,w,3,3,0,ctl,ok,0,0,16.1,318.8
mpg,15.0,2,w48-64l-r1/2,w48,39,2,1,data,ok,37,0,10.1,318.8
mpg,15.0,2,ack-1f,w,3,3,0,ctl,ok,0,0,15.8,318.8
mpg,15.0,2,w48-16qam-r1/2,w48,19,2,1,data,ok,17,17,17.1,318.8
mpg,15.0,2,ack-1f,w,2,2,0,ctl,ok,0,0,20.3,318.8
mpg,15.0,2,w48-16qam-r1/2,w48,19,1,0,data,ok,18,18,12.7,318.8
mpg,15.0,2,ack-1f,w,3,3,0,ctl,ok,0,0,4.1,318.8
mpg,15.0,2,w48-16qam-r1/2,w48,19,2,1,data,ok,17,17,14.9,318.8
mpg,15.0,2,ack-1f,w,3,3,0,ctl,ok,0,0,15.6,318.8
mpg,15.0,2,w48-16qam-r1/2,w48,19,2,1,data,ok,17,17,16.5,318.8
mpg,15.0,2,ack-1f,w,3,3,0,ctl,ok,0,0,19.3,318.8
mpg,15.0,2,w48-16qam-r2/3,w48,19,2,1,data,ok,17,17,15.9,318.8
mpg,15.0,2,ack-1f,w,3,3,0,ctl,ok,0,0,12.3,318.8
mpg,15.0,2,w48-16qam-r2/3,w48,19,2,1,data,ok,17,17,17.6,318.8
mpg,15.0,2,ack-1f,w,2,2,0,ctl,ok,0,0,5.2,318.8
mpg,15.0,2,w48-16qam-r2/3,w48,19,1,0,data,ctl_lost,18,0,13.0,318.8
mpg,15.0,2,ack-4f,w,2,2,0,ctl,ok,0,0,16.5,318.8
mpg,15.0,2,ack-4f,w,2,2,0,ctl,ok,0,0,13.5,318.8
mpg,15.0,2,w48-16qam-r1/2,w48,19,1,0,data,ok,18,18,13.2,318.8
mpg,15.0,2,ack-1f,w,2,2,0,ctl,ok,0,0,18.7,318.8
mpg,15.0,2,w48-16qam-r1/2,w48,19,1,0,data,ok,18,18,14.8,318.8
mpg,15.0,2,ack-1f,w,2,2,0,ctl,ok,0,0,17.0,318.8
mpg,15.0,2,w48-16qam-r1/2,w48,19,1,0,data,ok,18,18,16.4,318.8
mpg,15.0,2,ack-1f,w,3,3,0,ctl,ok,0,0,15.6,318.8
mpg,15.0,2,w48-16qam-r2/3,w48,19,2,1,data,ok,17,17,19.6,318.8
mpg,15.0,2,ack-1f,w,3,3,0,ctl,ok,0,0,18.9,318.8
mpg,15.0,2,w48-64l-r7/12,w48,39,2,1,data,ok,37,37,14.5,318.8
mpg,15.0,2,ack-1f,w,3,3,0,ctl,ok,0,0,18.9,318.8
mpg,15.0,2,w48-64l-r7/12,w48,39,2,1,data,ok,37,37,16.1,318.8
mpg,15.0,2,ack-1f,w,2,2,0,ctl,ok,0,0,15.1,318.8
mpg,15.0,2,w48-64l-r7/12,w48,39,1,0,data,ctl_lost,38,0,13.6,318.8
mpg,15.0,2,ack-4f,w,3,3,0,ctl,ok,0,0,20.1,318.8
mpg,15.0,2,ack-4f,w,2,2,0,ctl,ok,0,0,21.1,318.8
mpg,15.0,2,w48-64l-r1/2,w48,39,1,0,data,ok,38,38,15.4,318.8
mpg,15.0,2,ack-1f,w,2,2,0,ctl,ok,0,0,19.1,318.8
mpg,15.0,2,w48-64l-r1/2,w48,39,1,0,data,ok,38,38,15.6,318.8
mpg,15.0,2,ack-1f,w,2,2,0,ctl,ok,0,0,16.8,318.8
mpg,15.0,2,w48-64l-r1/2,w48,39,1,0,data,ok,38,38,13.9,318.8
mpg,15.0,2,ack-1f,w,3,3,0,ctl,ok,0,0,16.6,318.8
mpg,15.0,2,w48-64l-r1/2,w48,39,2,1,data,ok,37,0,10.8,318.8
mpg,15.0,2,ack-1f,w,2,2,0,ctl,ok,0,0,18.3,318.8
mpg,15.0,2,w48-16qam-r1/2,w48,19,1,0,data,ok,18,18,16.3,318.8
mpg,15.0,2,ack-1f,w,2,2,0,ctl,ok,0,0,16.2,318.8
mpg,15.0,2,w48-16qam-r1/2,w48,19,1,0,data,ok,18,18,15.0,318.8
mpg,15.0,2,ack-1f,w,3,3,0,ctl,ok,0,0,18.2,318.8
mpg,15.0,2,w48-16qam-r2/3,w48,19,2,1,data,ok,17,17,15.2,318.8
mpg,15.0,2,ack-1f,w,2,2,0,ctl,ok,0,0,10.0,318.8
mpg,15.0,2,w48-16qam-r1/2,w48,19,1,0,data,ok,18,18,14.0,318.8
mpg,15.0,2,ack-1f,w,2,2,0,ctl,ok,0,0,19.5,318.8
mpg,15.0,2,w48-16qam-r1/2,w48,19,1,0,data,ok,18,18,11.8,318.8
mpg,15.0,2,ack-1f,w,3,3,0,ctl,ok,0,0,16.8,318.8
mpg,15.0,2,w48-16qam-r1/2,w48,19,2,1,data,ok,17,17,12.7,318.8
mpg,15.0,2,ack-1f,w,3,3,0,ctl,ok,0,0,14.2,318.8
mpg,15.0,2,w48-16qam-r1/2,w48,19,2,1,data,ok,17,17,15.9,318.8
mpg,15.0,2,ack-1f,w,2,2,0,ctl,ok,0,0,21.2,318.8
mpg,15.0,2,w48-16qam-r1/2,w48,19,1,0,data,ok,18,18,18.7,318.8
mpg,15.0,2,ack-1f,w,2,2,0,ctl,ok,0,0,14.6,318.8
mpg,15.0,2,w48-64l-r1/2,w48,39,1,0,data,ok,38,38,14.4,318.8
mpg,15.0,2,ack-1f,w,2,2,0,ctl,ok,0,0,14.2,318.8
mpg,15.0,2,w48-16qam-r2/3,w48,19,1,0,data,ok,18,18,14.8,318.8
mpg,15.0,2,ack-1f,w,3,3,0,ctl,ok,0,0,18.2,318.8
mpg,15.0,2,w48-16qam-r2/3,w48,19,2,1,data,ok,17,17,17.6,318.8
mpg,15.0,2,ack-1f,w,2,2,0,ctl,ok,0,0,15.2,318.8
mpg,15.0,2,w48-16qam-r2/3,w48,19,1,0,data,ok,18,18,15.1,318.8
mpg,15.0,2,ack-1f,w,3,3,0,ctl,ok,0,0,16.8,318.8
mpg,15.0,2,w48-16qam-r2/3,w48,19,2,1,data,ok,17,17,16.6,318.8
mpg,15.0,2,ack-1f,w,2,2,0,ctl,ok,0,0,16.9,318.8
mpg,15.0,2,w48-16qam-r2/3,w48,19,1,0,data,ok,18,18,13.7,318.8
mpg,15.0,2,ack-1f,w,3,3,0,ctl,ok,0,0,12.4,318.8
mpg,15.0,2,w48-16qam-r2/3,w48,19,2,1,data,ok,17,17,15.3,318.8
mpg,15.0,2,ack-1f,w,3,3,0,ctl,ok,0,0,18.9,318.8
mpg,15.0,2,w48-16qam-r2/3,w48,19,2,1,data,ok,17,17,15.8,318.8
mpg,15.0,2,ack-1f,w,2,2,0,ctl,ok,0,0,18.6,318.8
mpg,15.0,2,w48-16qam-r2/3,w48,19,1,0,data,ok,18,18,18.4,318.8
mpg,15.0,2,ack-1f,w,2,2,0,ctl,ok,0,0,18.0,318.8
mpg,15.0,2,w48-16qam-r2/3,w48,19,1,0,data,ctl_lost,18,0,16.4,318.8
mpg,15.0,2,ack-4f,w,3,3,0,ctl,ok,0,0,20.4,318.8
mpg,15.0,2,ack-4f,w,2,2,0,ctl,ok,0,0,17.9,318.8
mpg,15.0,2,w48-64l-r1/2,w48,39,1,0,data,ok,38,38,15.8,318.8
mpg,15.0,2,ack-1f,w,2,2,0,ctl,ok,0,0,21.5,318.8
mpg,15.0,2,w48-64l-r1/2,w48,39,1,0,data,ok,38,38,15.2,318.8
mpg,15.0,2,ack-1f,w,2,2,0,ctl,ok,0,0,21.4,318.8
mpg,15.0,2,w48-64l-r1/2,w48,39,1,0,data,ok,38,11,13.4,318.8
mpg,15.0,2,ack-1f,w,4,4,0,ctl,ok,0,0,15.2,318.8
mpg,15.0,2,w48-64l-r1/2,w48,39,2,1,data,ok,10,9,13.0,318.8
mpg,15.0,2,ack-1f,w,4,4,0,ctl,ok,0,0,16.1,318.8
mpg,15.0,2,w48-64l-r1/2,w48,39,2,1,data,ok,36,0,12.0,318.8
mpg,15.0,2,ack-1f,w,2,2,0,ctl,ok,0,0,19.5,318.8
mpg,15.0,2,w48-16qam-r1/2,w48,19,1,0,data,ok,18,18,16.3,318.8
mpg,15.0,2,ack-1f,w,2,2,0,ctl,ok,0,0,16.6,318.8
mpg,15.0,2,w48-16qam-r1/2,w48,19,1,0,data,ok,18,18,17.9,318.8
mpg,15.0,11,qpsk-r1/5,w,1,1,0,ctl,ok,0,0,20.4,275.8
mpg,15.0,11,qpsk-r1/5,w,1,1,0,ctl,ok,0,0,19.2,275.8
mpg,15.0,11,ack-4f,w,3,3,0,ctl,ok,0,0,12.0,275.8
mpg,15.0,11,ack-1f,w,2,2,0,ctl,ok,0,0,16.3,275.8
mpg,15.0,11,w48-16qam-r1/2,w48,19,1,0,data,ok,18,18,15.7,275.8
mpg,15.0,11,ack-1f,w,2,2,0,ctl,ok,0,0,14.9,275.8
mpg,15.0,11,w48-16qam-r1/2,w48,19,1,0,data,ok,18,18,17.1,275.8
mpg,15.0,11,ack-1f,w,3,3,0,ctl,ok,0,0,18.9,275.8
mpg,15.0,11,w48-16qam-r2/3,w48,19,2,1,data,ok,17,17,17.3,275.8
mpg,15.0,11,ack-1f,w,3,3,0,ctl,ok,0,0,21.0,275.8
mpg,15.0,11,w48-64l-r1/2,w48,39,2,1,data,ok,37,37,15.9,275.8
mpg,15.0,11,ack-1f,w,2,2,0,ctl,ok,0,0,18.9,275.8
mpg,15.0,11,w48-64l-r1/2,w48,39,1,0,data,ok,38,36,13.2,275.8
mpg,15.0,11,ack-1f,w,4,4,0,ctl,ok,0,0,11.9,275.8
mpg,15.0,11,w48-64l-r1/2,w48,37,2,1,data,ok,33,0,8.4,275.8
mpg,15.0,11,ack-1f,w,2,2,0,ctl,ok,0,0,19.3,275.8
mpg,15.0,11,w48-16qam-r1/3,w48,19,1,0,data,ok,18,18,15.4,275.8
mpg,15.0,11,ack-1f,w,3,3,0,ctl,ok,0,0,11.5,275.8
mpg,15.0,11,w48-16qam-r1/2,w48,19,2,1,data,ok,17,17,16.6,275.8
mpg,15.0,11,ack-1f,w,3,3,0,ctl,ok,0,0,6.9,275.8
mpg,15.0,11,w48-16qam-r2/3,w48,19,2,1,data,ok,17,0,12.3,275.8
mpg,15.0,11,ack-1f,w,3,3,0,ctl,ok,0,0,16.1,275.8
mpg,15.0,11,w48-16qam-r1/2,w48,19,2,1,data,ok,17,17,14.9,275.8
mpg,15.0,11,ack-1f,w,3,3,0,ctl,ok,0,0,18.3,275.8
mpg,15.0,11,w48-16qam-r1/2,w48,19,2,1,data,ok,17,17,17.9,275.8
mpg,15.0,11,ack-1f,w,2,2,0,ctl,ok,0,0,13.6,275.8
mpg,15.0,11,w48-16qam-r2/3,w48,19,1,0,data,ok,18,18,15.3,275.8
mpg,15.0,11,ack-1f,w,3,3,0,ctl,ok,0,0,15.8,275.8
mpg,15.0,11,w48-16qam-r2/3,w48,19,2,1,data,ok,17,10,14.0,275.8
mpg,15.0,11,ack-1f,w,4,4,0,ctl,ok,0,0,16.3,275.8
mpg,15.0,11,w48-16qam-r2/3,w48,19,2,1,data,ok,10,9,13.8,275.8
mpg,15.0,11,ack-1f,w,3,3,0,ctl,ok,0,0,17.7,275.8
mpg,15.0,11,w48-16qam-r2/3,w48,19,2,1,data,ok,16,16,15.4,275.8
mpg,15.0,11,ack-1f,w,3,3,0,ctl,ok,0,0,20.4,275.8
mpg,15.0,11,w48-16qam-r2/3,w48,19,2,1,data,ok,17,17,15.1,275.8
mpg,15.0,11,ack-1f,w,2,2,0,ctl,ok,0,0,14.8,275.8
mpg,15.0,11,w48-16qam-r2/3,w48,19,1,0,data,ctl_lost,18,1,14.9,275.8
mpg,15.0,11,ack-4f,w,3,3,0,ctl,ok,0,0,17.8,275.8
mpg,15.0,11,ack-4f,w,3,3,0,ctl,ok,0,0,12.8,275.8
mpg,15.0,11,w48-16qam-r2/3,w48,19,2,1,data,ok,17,17,17.0,275.8
mpg,15.0,11,ack-1f,w,3,3,0,ctl,ok,0,0,11.2,275.8
mpg,15.0,11,w48-64l-r1/2,w48,39,2,1,data,ok,37,0,10.5,275.8
mpg,15.0,11,ack-1f,w,2,2,0,ctl,ok,0,0,15.5,275.8
mpg,15.0,11,w48-16qam-r1/2,w48,19,1,0,data,ok,18,18,18.2,275.8
mpg,15.0,11,ack-1f,w,3,3,0,ctl,ok,0,0,15.1,275.8
mpg,15.0,11,w48-16qam-r2/3,w48,19,2,1,data,ok,17,0,12.8,275.8
mpg,15.0,11,ack-1f,w,2,2,0,ctl,ok,0,0,13.3,275.8
mpg,15.0,11,w48-16qam-r1/2,w48,19,1,0,data,ok,18,18,16.6,275.8
mpg,15.0,11,ack-1f,w,3,3,0,ctl,ok,0,0,19.6,275.8
mpg,15.0,11,w48-16qam-r2/3,w48,19,2,1,data,ok,17,17,14.9,275.8
mpg,15.0,11,ack-1f,w,3,3,0,ctl,ok,0,0,10.0,275.8
mpg,15.0,11,w48-16qam-r2/3,w48,19,2,1,data,ok,17,0,15.4,275.8
mpg,15.0,11,ack-1f,w,2,2,0,ctl,ok,0,0,16.1,275.8
mpg,15.0,11,w48-16qam-r1/2,w48,19,1,0,data,ok,18,18,18.7,275.8
mpg,15.0,11,ack-1f,w,2,2,0,ctl,ok,0,0,16.5,275.8
mpg,15.0,11,w48-16qam-r2/3,w48,19,1,0,data,ok,18,18,16.9,275.8
mpg,15.0,11,ack-1f,w,2,2,0,ctl,ok,0,0,15.0,275.8
mpg,15.0,11,w48-16qam-r2/3,w48,19,1,0,data,ok,18,18,14.4,275.8
mpg,15.0,11,ack-1f,w,2,2,0,ctl,ok,0,0,19.5,275.8
mpg,15.0,11,w48-16qam-r1/2,w48,19,1,0,data,ok,18,18,17.8,275.8
mpg,15.0,11,ack-1f,w,2,2,0,ctl,ok,0,0,9.2,275.8
mpg,15.0,11,w48-16qam-r2/3,w48,19,1,0,data,ok,18,18,17.4,275.8
mpg,15.0,11,ack-1f,w,2,2,0,ctl,ok,0,0,20.4,275.8
mpg,15.0,11,w48-16qam-r2/3,w48,19,1,0,data,ctl_lost,18,0,14.6,275.8
mpg,15.0,11,ack-4f,w,3,3,0,ctl,ok,0,0,13.6,275.8
mpg,15.0,11,ack-4f,w,2,2,0,ctl,ok,0,0,15.2,275.8
mpg,15.0,11,w48-16qam-r1/2,w48,19,1,0,data,ok,18,18,15.5,275.8
mpg,15.0,11,ack-1f,w,2,2,0,ctl,ok,0,0,16.3,275.8
mpg,15.0,11,w48-16qam-r1/2,w48,19,1,0,data,ok,18,18,15.9,275.8
mpg,15.0,11,ack-1f,w,2,2,0,ctl,ok,0,0,18.2,275.8
mpg,15.0,11,w48-16qam-r1/2,w48,19,1,0,data,ok,18,18,13.0,275.8
mpg,15.0,11,ack-1f,w,2,2,0,ctl,ok,0,0,11.3,275.8
mpg,15.0,11,w48-16qam-r1/2,w48,19,1,0,data,ok,18,18,13.8,275.8
mpg,15.0,11,ack-1f,w,2,2,0,ctl,ok,0,0,20.0,275.8
mpg,15.0,11,w48-16qam-r1/2,w48,19,1,0,data,ok,18,18,12.8,275.8
mpg,15.0,11,ack-1f,w,2,2,0,ctl,ok,0,0,18.4,275.8
mpg,15.0,11,w48-16qam-r1/2,w48,19,1,0,data,ok,18,18,16.2,275.8
mpg,15.0,11,ack-1f,w,2,2,0,ctl,ok,0,0,14.3,275.8
mpg,15.0,11,w48-16qam-r1/2,w48,19,1,0,data,ok,18,18,14.2,275.8
mpg,15.0,11,ack-1f,w,2,2,0,ctl,ok,0,0,16.6,275.8
mpg,15.0,11,w48-16qam-r1/2,w48,19,1,0,data,ok,18,18,14.5,275.8
mpg,15.0,11,ack-1f,w,2,2,0,ctl,ok,0,0,18.8,275.8
mpg,15.0,11,w48-16qam-r1/2,w48,19,1,0,data,ok,18,18,12.4,275.8
mpg,15.0,11,ack-1f,w,3,3,0,ctl,ok,0,0,12.0,275.8
mpg,15.0,11,w48-16qam-r1/2,w48,19,2,1,data,ok,17,17,15.1,275.8
mpg,15.0,11,ack-1f,w,2,2,0,ctl,ok,0,0,18.0,275.8
mpg,15.0,11,w48-16qam-r1/2,w48,19,1,0,data,ok,18,18,14.6,275.8
mpg,15.0,11,ack-1f,w,2,2,0,ctl,ok,0,0,13.1,275.8
mpg,15.0,11,w48-16qam-r1/2,w48,19,1,0,data,ok,18,18,15.0,275.8
mpg,15.0,11,ack-1f,w,2,2,0,ctl,ok,0,0,8.6,275.8
mpg,15.0,11,w48-16qam-r1/2,w48,19,1,0,data,ok,18,18,16.3,275.8
mpg,15.0,11,ack-1f,w,3,3,0,ctl,ok,0,0,18.4,275.8
mpg,15.0,11,w48-16qam-r2/3,w48,19,2,1,data,ok,17,0,11.1,275.8
mpp,15.0,5,qpsk-r1/5,w,1,1,0,ctl,ok,0,0,16.5,362.1
mpp,15.0,5,qpsk-r1/5,w,1,1,0,ctl,ok,0,0,16.1,362.1
mpp,15.0,5,ack-4f,w,3,3,0,ctl,ok,0,0,18.5,362.1
mpp,15.0,5,ack-1f,w,2,2,0,ctl,ok,0,0,18.7,362.1
mpp,15.0,5,w48-16qam-r1/2,w48,19,1,0,data,ok,18,18,16.5,362.1
mpp,15.0,5,ack-1f,w,3,3,0,ctl,ok,0,0,21.1,362.1
mpp,15.0,5,w48-16qam-r2/3,w48,19,2,1,data,ok,17,17,16.7,362.1
mpp,15.0,5,ack-1f,w,3,3,0,ctl,ok,0,0,18.5,362.1
mpp,15.0,5,w48-16qam-r2/3,w48,19,2,1,data,ok,17,17,15.7,362.1
mpp,15.0,5,ack-1f,w,3,3,0,ctl,ok,0,0,15.0,362.1
mpp,15.0,5,w48-16qam-r2/3,w48,19,2,1,data,ok,17,16,14.7,362.1
mpp,15.0,5,ack-1f,w,3,3,0,ctl,ok,0,0,17.5,362.1
mpp,15.0,5,w48-16qam-r2/3,w48,19,2,1,data,ok,16,16,16.1,362.1
mpp,15.0,5,ack-1f,w,3,3,0,ctl,ok,0,0,15.9,362.1
mpp,15.0,5,w48-16qam-r2/3,w48,19,2,1,data,ok,17,17,16.0,362.1
mpp,15.0,5,ack-1f,w,3,3,0,ctl,ok,0,0,12.7,362.1
mpp,15.0,5,w48-16qam-r2/3,w48,19,2,1,data,ok,17,17,15.9,362.1
mpp,15.0,5,ack-1f,w,2,2,0,ctl,ok,0,0,15.7,362.1
mpp,15.0,5,w48-16qam-r2/3,w48,19,1,0,data,ctl_lost,18,5,14.8,362.1
mpp,15.0,5,ack-4f,w,2,2,0,ctl,ok,0,0,19.2,362.1
mpp,15.0,5,ack-4f,w,3,3,0,ctl,ok,0,0,17.3,362.1
mpp,15.0,5,w48-16qam-r2/3,w48,19,2,1,data,ok,17,17,15.9,362.1
mpp,15.0,5,ack-1f,w,3,3,0,ctl,ok,0,0,15.6,362.1
mpp,15.0,5,w48-16qam-r2/3,w48,19,2,1,data,ok,17,17,15.9,362.1
mpp,15.0,5,ack-1f,w,3,3,0,ctl,ok,0,0,17.4,362.1
mpp,15.0,5,w48-16qam-r2/3,w48,19,2,1,data,ok,17,17,15.0,362.1
mpp,15.0,5,ack-1f,w,3,3,0,ctl,ok,0,0,17.9,362.1
mpp,15.0,5,w48-16qam-r2/3,w48,19,2,1,data,ok,17,17,15.3,362.1
mpp,15.0,5,ack-1f,w,3,3,0,ctl,ok,0,0,17.5,362.1
mpp,15.0,5,w48-16qam-r2/3,w48,19,2,1,data,ok,17,16,14.9,362.1
mpp,15.0,5,ack-1f,w,4,4,0,ctl,ok,0,0,16.6,362.1
mpp,15.0,5,w48-16qam-r2/3,w48,19,2,1,data,ok,16,16,15.6,362.1
mpp,15.0,5,ack-1f,w,3,3,0,ctl,ok,0,0,13.2,362.1
mpp,15.0,5,w48-16qam-r2/3,w48,19,2,1,data,ok,17,17,16.7,362.1
mpp,15.0,5,ack-1f,w,2,2,0,ctl,ok,0,0,17.5,362.1
mpp,15.0,5,w48-16qam-r2/3,w48,19,1,0,data,ok,18,18,15.3,362.1
mpp,15.0,5,ack-1f,w,2,2,0,ctl,ok,0,0,17.2,362.1
mpp,15.0,5,w48-16qam-r2/3,w48,19,1,0,data,ok,18,18,17.2,362.1
mpp,15.0,5,ack-1f,w,2,2,0,ctl,ok,0,0,15.0,362.1
mpp,15.0,5,w48-16qam-r2/3,w48,19,1,0,data,ok,18,18,15.3,362.1
mpp,15.0,5,ack-1f,w,2,2,0,ctl,ok,0,0,16.8,362.1
mpp,15.0,5,w48-16qam-r2/3,w48,19,1,0,data,ctl_lost,18,10,14.8,362.1
mpp,15.0,5,ack-4f,w,3,3,0,ctl,ok,0,0,16.3,362.1
mpp,15.0,5,ack-4f,w,3,3,0,ctl,ok,0,0,16.3,362.1
mpp,15.0,5,w48-16qam-r2/3,w48,19,2,1,data,ok,17,17,15.6,362.1
mpp,15.0,5,ack-1f,w,3,3,0,ctl,ok,0,0,20.2,362.1
mpp,15.0,5,w48-16qam-r2/3,w48,19,2,1,data,ok,17,17,15.7,362.1
mpp,15.0,5,ack-1f,w,3,3,0,ctl,ok,0,0,15.6,362.1
mpp,15.0,5,w48-16qam-r2/3,w48,19,2,1,data,ok,17,17,17.1,362.1
mpp,15.0,5,ack-1f,w,2,2,0,ctl,ok,0,0,15.7,362.1
mpp,15.0,5,w48-16qam-r2/3,w48,19,1,0,data,ok,18,18,16.0,362.1
mpp,15.0,5,ack-1f,w,2,2,0,ctl,ok,0,0,14.5,362.1
mpp,15.0,5,w48-16qam-r2/3,w48,19,1,0,data,ok,18,11,15.2,362.1
mpp,15.0,5,ack-1f,w,4,4,0,ctl,ok,0,0,18.1,362.1
mpp,15.0,5,w48-16qam-r2/3,w48,19,2,1,data,ok,10,10,15.1,362.1
mpp,15.0,5,ack-1f,w,3,3,0,ctl,ok,0,0,14.5,362.1
mpp,15.0,5,w48-16qam-r2/3,w48,19,2,1,data,ok,17,17,15.8,362.1
mpp,15.0,5,ack-1f,w,2,2,0,ctl,ok,0,0,21.3,362.1
mpp,15.0,5,w48-16qam-r2/3,w48,19,1,0,data,ok,18,18,16.9,362.1
mpp,15.0,5,ack-1f,w,2,2,0,ctl,ok,0,0,13.1,362.1
mpp,15.0,5,w48-16qam-r2/3,w48,19,1,0,data,ok,18,18,15.6,362.1
mpp,15.0,5,ack-1f,w,2,2,0,ctl,ok,0,0,19.5,362.1
mpp,15.0,5,w48-16qam-r2/3,w48,19,1,0,data,ok,18,15,15.9,362.1
mpp,15.0,5,ack-1f,w,3,3,0,ctl,ok,0,0,17.7,362.1
mpp,15.0,5,w48-16qam-r2/3,w48,19,1,0,data,ok,15,15,16.0,362.1
mpp,15.0,5,ack-1f,w,2,2,0,ctl,ok,0,0,16.1,362.1
mpp,15.0,5,w48-16qam-r2/3,w48,19,1,0,data,ok,18,18,15.4,362.1
mpp,15.0,5,ack-1f,w,2,2,0,ctl,ok,0,0,19.5,362.1
mpp,15.0,5,w48-16qam-r2/3,w48,19,1,0,data,ok,18,18,15.6,362.1
mpp,15.0,5,ack-1f,w,2,2,0,ctl,ok,0,0,20.2,362.1
mpp,15.0,5,w48-16qam-r2/3,w48,19,1,0,data,ok,18,18,16.2,362.1
mpp,15.0,5,ack-1f,w,2,2,0,ctl,ok,0,0,17.5,362.1
mpp,15.0,5,w48-16qam-r2/3,w48,19,1,0,data,ok,18,16,15.0,362.1
mpp,15.0,5,ack-1f,w,3,3,0,ctl,ok,0,0,16.6,362.1
mpp,15.0,5,w48-16qam-r2/3,w48,19,1,0,data,ok,16,16,15.6,362.1
mpp,15.0,5,ack-1f,w,2,2,0,ctl,ok,0,0,21.5,362.1
mpp,15.0,5,w48-16qam-r2/3,w48,19,1,0,data,ok,18,18,16.2,362.1
mpp,15.0,5,ack-1f,w,2,2,0,ctl,ok,0,0,17.1,362.1
mpp,15.0,5,w48-16qam-r2/3,w48,19,1,0,data,ok,18,18,14.8,362.1
mpp,15.0,5,ack-1f,w,2,2,0,ctl,ok,0,0,14.3,362.1
mpp,15.0,5,w48-16qam-r2/3,w48,19,1,0,data,ok,18,18,15.5,362.1
mpp,15.0,5,ack-1f,w,2,2,0,ctl,ok,0,0,18.8,362.1
mpp,15.0,5,w48-16qam-r2/3,w48,19,1,0,data,ok,18,7,14.7,362.1
mpp,15.0,5,ack-1f,w,3,3,0,ctl,ok,0,0,17.6,362.1
mpp,15.0,5,w48-16qam-r2/3,w48,19,1,0,data,ok,7,7,15.2,362.1
mpp,15.0,5,ack-1f,w,2,2,0,ctl,ok,0,0,15.8,362.1
mpp,15.0,5,w48-16qam-r2/3,w48,19,1,0,data,ok,18,18,15.5,362.1
mpp,15.0,5,ack-1f,w,2,2,0,ctl,ok,0,0,17.8,362.1
mpp,15.0,5,w48-16qam-r2/3,w48,19,1,0,data,ok,18,18,16.0,362.1
mpp,15.0,5,ack-1f,w,2,2,0,ctl,ok,0,0,15.8,362.1
mpp,15.0,5,w48-16qam-r2/3,w48,19,1,0,data,ok,18,18,15.9,362.1
mpp,15.0,5,ack-1f,w,2,2,0,ctl,ok,0,0,16.0,362.1
mpp,15.0,5,w48-16qam-r2/3,w48,19,1,0,data,ok,18,18,14.6,362.1
mpp,15.0,9,qpsk-r1/5,w,1,1,0,ctl,ok,0,0,16.0,376.6
mpp,15.0,9,qpsk-r1/5,w,1,1,0,ctl,ok,0,0,15.5,376.6
mpp,15.0,9,ack-4f,w,3,3,0,ctl,ok,0,0,17.2,376.6
mpp,15.0,9,ack-1f,w,3,3,0,ctl,ok,0,0,17.1,376.6
mpp,15.0,9,w48-16qam-r1/2,w48,19,2,1,data,ok,17,17,15.1,376.6
mpp,15.0,9,ack-1f,w,2,2,0,ctl,ok,0,0,17.4,376.6
mpp,15.0,9,w48-16qam-r1/2,w48,19,1,0,data,ok,18,18,14.8,376.6
mpp,15.0,9,ack-1f,w,2,2,0,ctl,ok,0,0,17.7,376.6
mpp,15.0,9,w48-16qam-r1/2,w48,19,1,0,data,ok,18,18,17.3,376.6
mpp,15.0,9,ack-1f,w,3,3,0,ctl,ok,0,0,16.3,376.6
mpp,15.0,9,w48-16qam-r2/3,w48,19,2,1,data,ok,17,17,16.6,376.6
mpp,15.0,9,ack-1f,w,3,3,0,ctl,ok,0,0,17.1,376.6
mpp,15.0,9,w48-16qam-r2/3,w48,19,2,1,data,ok,17,17,16.2,376.6
mpp,15.0,9,ack-1f,w,3,3,0,ctl,ok,0,0,18.7,376.6
mpp,15.0,9,w48-16qam-r2/3,w48,19,2,1,data,ok,17,17,16.1,376.6
mpp,15.0,9,ack-1f,w,3,3,0,ctl,ok,0,0,15.9,376.6
mpp,15.0,9,w48-16qam-r2/3,w48,19,2,1,data,ok,17,17,15.3,376.6
mpp,15.0,9,ack-1f,w,3,3,0,ctl,ok,0,0,15.7,376.6
mpp,15.0,9,w48-16qam-r2/3,w48,19,2,1,data,ok,17,17,15.2,376.6
mpp,15.0,9,ack-1f,w,3,3,0,ctl,ok,0,0,17.8,376.6
mpp,15.0,9,w48-16qam-r2/3,w48,19,2,1,data,ok,17,17,17.2,376.6
mpp,15.0,9,ack-1f,w,2,2,0,ctl,ok,0,0,17.3,376.6
mpp,15.0,9,w48-16qam-r2/3,w48,19,1,0,data,ok,18,16,15.2,376.6
mpp,15.0,9,ack-1f,w,4,4,0,ctl,ok,0,0,17.3,376.6
mpp,15.0,9,w48-16qam-r2/3,w48,19,2,1,data,ok,15,15,16.1,376.6
mpp,15.0,9,ack-1f,w,3,3,0,ctl,ok,0,0,17.6,376.6
mpp,15.0,9,w48-16qam-r2/3,w48,19,2,1,data,ok,17,17,16.6,376.6
mpp,15.0,9,ack-1f,w,2,2,0,ctl,ok,0,0,18.0,376.6
mpp,15.0,9,w48-16qam-r2/3,w48,19,1,0,data,ok,18,18,15.9,376.6
mpp,15.0,9,ack-1f,w,2,2,0,ctl,ok,0,0,10.8,376.6
mpp,15.0,9,w48-16qam-r2/3,w48,19,1,0,data,ctl_lost,18,4,14.0,376.6
mpp,15.0,9,ack-4f,w,2,2,0,ctl,ok,0,0,17.3,376.6
mpp,15.0,9,ack-4f,w,2,2,0,ctl,ok,0,0,16.5,376.6
mpp,15.0,9,w48-16qam-r1/2,w48,19,1,0,data,ok,18,18,15.4,376.6
mpp,15.0,9,ack-1f,w,2,2,0,ctl,ok,0,0,19.6,376.6
mpp,15.0,9,w48-16qam-r1/2,w48,19,1,0,data,ok,18,18,16.2,376.6
mpp,15.0,9,ack-1f,w,3,3,0,ctl,ok,0,0,17.9,376.6
mpp,15.0,9,w48-16qam-r2/3,w48,19,2,1,data,ok,17,17,16.2,376.6
mpp,15.0,9,ack-1f,w,3,3,0,ctl,ok,0,0,16.9,376.6
mpp,15.0,9,w48-16qam-r2/3,w48,19,2,1,data,ok,17,17,16.5,376.6
mpp,15.0,9,ack-1f,w,3,3,0,ctl,ok,0,0,17.1,376.6
mpp,15.0,9,w48-16qam-r2/3,w48,19,2,1,data,ok,17,17,16.6,376.6
mpp,15.0,9,ack-1f,w,2,2,0,ctl,ok,0,0,16.2,376.6
mpp,15.0,9,w48-16qam-r2/3,w48,19,1,0,data,ok,18,18,15.9,376.6
mpp,15.0,9,ack-1f,w,3,3,0,ctl,ok,0,0,21.7,376.6
mpp,15.0,9,w48-16qam-r2/3,w48,19,2,1,data,ok,17,17,16.1,376.6
mpp,15.0,9,ack-1f,w,2,2,0,ctl,ok,0,0,15.2,376.6
mpp,15.0,9,w48-16qam-r2/3,w48,19,1,0,data,ok,18,18,15.4,376.6
mpp,15.0,9,ack-1f,w,3,3,0,ctl,ok,0,0,14.3,376.6
mpp,15.0,9,w48-16qam-r2/3,w48,19,2,1,data,ok,17,17,16.4,376.6
mpp,15.0,9,ack-1f,w,2,2,0,ctl,ok,0,0,18.8,376.6
mpp,15.0,9,w48-16qam-r2/3,w48,19,1,0,data,ok,18,17,14.6,376.6
mpp,15.0,9,ack-1f,w,4,4,0,ctl,ok,0,0,17.5,376.6
mpp,15.0,9,w48-16qam-r2/3,w48,19,2,1,data,ok,16,16,16.4,376.6
mpp,15.0,9,ack-1f,w,2,2,0,ctl,ok,0,0,14.3,376.6
mpp,15.0,9,w48-16qam-r2/3,w48,19,1,0,data,ok,18,14,15.0,376.6
mpp,15.0,9,ack-1f,w,3,3,0,ctl,ok,0,0,19.0,376.6
mpp,15.0,9,w48-16qam-r2/3,w48,19,1,0,data,ok,14,14,16.0,376.6
mpp,15.0,9,ack-1f,w,2,2,0,ctl,ok,0,0,17.1,376.6
mpp,15.0,9,w48-16qam-r2/3,w48,19,1,0,data,ok,18,18,15.4,376.6
mpp,15.0,9,ack-1f,w,2,2,0,ctl,ok,0,0,19.7,376.6
mpp,15.0,9,w48-16qam-r2/3,w48,19,1,0,data,ok,18,18,15.8,376.6
mpp,15.0,9,ack-1f,w,2,2,0,ctl,ok,0,0,15.7,376.6
mpp,15.0,9,w48-16qam-r2/3,w48,19,1,0,data,ok,18,18,15.7,376.6
mpp,15.0,9,ack-1f,w,2,2,0,ctl,ok,0,0,19.0,376.6
mpp,15.0,9,w48-16qam-r2/3,w48,19,1,0,data,ok,18,18,15.6,376.6
mpp,15.0,9,ack-1f,w,2,2,0,ctl,ok,0,0,15.6,376.6
mpp,15.0,9,w48-16qam-r2/3,w48,19,1,0,data,ok,18,18,15.8,376.6
mpp,15.0,9,ack-1f,w,2,2,0,ctl,ok,0,0,14.8,376.6
mpp,15.0,9,w48-16qam-r2/3,w48,19,1,0,data,ok,18,13,15.2,376.6
mpp,15.0,9,ack-1f,w,3,3,0,ctl,ok,0,0,15.3,376.6
mpp,15.0,9,w48-16qam-r2/3,w48,19,1,0,data,ok,13,13,16.3,376.6
mpp,15.0,9,ack-1f,w,2,2,0,ctl,ok,0,0,16.1,376.6
mpp,15.0,9,w48-16qam-r2/3,w48,19,1,0,data,ok,18,18,16.1,376.6
mpp,15.0,9,ack-1f,w,2,2,0,ctl,ok,0,0,16.0,376.6
mpp,15.0,9,w48-16qam-r2/3,w48,19,1,0,data,ok,18,18,17.2,376.6
mpp,15.0,9,ack-1f,w,2,2,0,ctl,ok,0,0,14.8,376.6
mpp,15.0,9,w48-16qam-r2/3,w48,19,1,0,data,ok,18,12,14.8,376.6
mpp,15.0,9,ack-1f,w,3,3,0,ctl,ok,0,0,19.7,376.6
mpp,15.0,9,w48-16qam-r2/3,w48,19,1,0,data,ok,12,12,15.1,376.6
mpp,15.0,9,ack-1f,w,2,2,0,ctl,ok,0,0,21.3,376.6
mpp,15.0,9,w48-16qam-r2/3,w48,19,1,0,data,ok,18,18,16.0,376.6
mpp,15.0,9,ack-1f,w,2,2,0,ctl,ok,0,0,18.0,376.6
mpp,15.0,9,w48-16qam-r2/3,w48,19,1,0,data,ok,18,18,15.8,376.6
mpp,15.0,9,ack-1f,w,2,2,0,ctl,ok,0,0,18.4,376.6
mpp,15.0,9,w48-16qam-r2/3,w48,19,1,0,data,ok,18,18,16.7,376.6
mpp,15.0,9,ack-1f,w,2,2,0,ctl,ok,0,0,12.8,376.6
mpp,15.0,9,w48-16qam-r2/3,w48,19,1,0,data,ok,18,18,15.7,376.6
mpp,15.0,9,ack-1f,w,2,2,0,ctl,ok,0,0,20.3,376.6
mpp,15.0,9,w48-16qam-r2/3,w48,19,1,0,data,ok,18,18,15.7,376.6
mpp,15.0,9,ack-1f,w,2,2,0,ctl,ok,0,0,19.5,376.6
mpp,15.0,9,w48-16qam-r2/3,w48,19,1,0,data,ok,18,18,16.1,376.6
mpp,15.0,9,ack-1f,w,2,2,0,ctl,ok,0,0,19.7,376.6
mpp,15.0,9,w48-16qam-r2/3,w48,19,1,0,data,ok,18,18,15.5,376.6
mpp,15.0,6,qpsk-r1/5,w,1,1,0,ctl,ok,0,0,18.6,377.4
mpp,15.0,6,qpsk-r1/5,w,1,1,0,ctl,ok,0,0,18.9,377.4
mpp,15.0,6,ack-4f,w,3,3,0,ctl,ok,0,0,16.5,377.4
mpp,15.0,6,ack-1f,w,2,2,0,ctl,ok,0,0,19.0,377.4
mpp,15.0,6,w48-16qam-r1/2,w48,19,1,0,data,ok,18,18,15.7,377.4
mpp,15.0,6,ack-1f,w,2,2,0,ctl,ok,0,0,16.9,377.4
mpp,15.0,6,w48-16qam-r1/2,w48,19,1,0,data,ok,18,18,16.6,377.4
mpp,15.0,6,ack-1f,w,3,3,0,ctl,ok,0,0,16.2,377.4
mpp,15.0,6,w48-16qam-r2/3,w48,19,2,1,data,ok,17,17,15.4,377.4
mpp,15.0,6,ack-1f,w,3,3,0,ctl,ok,0,0,14.3,377.4
mpp,15.0,6,w48-16qam-r2/3,w48,19,2,1,data,ok,17,16,15.1,377.4
mpp,15.0,6,ack-1f,w,4,4,0,ctl,ok,0,0,18.9,377.4
mpp,15.0,6,w48-16qam-r2/3,w48,19,2,1,data,ok,16,9,15.2,377.4
mpp,15.0,6,ack-1f,w,4,4,0,ctl,ok,0,0,18.8,377.4
mpp,15.0,6,w48-16qam-r2/3,w48,19,2,1,data,ok,10,10,15.1,377.4
mpp,15.0,6,ack-1f,w,3,3,0,ctl,ok,0,0,18.2,377.4
mpp,15.0,6,w48-16qam-r2/3,w48,19,2,1,data,ok,17,17,15.3,377.4
mpp,15.0,6,ack-1f,w,3,3,0,ctl,ok,0,0,20.0,377.4
mpp,15.0,6,w48-16qam-r2/3,w48,19,2,1,data,ok,17,17,15.1,377.4
mpp,15.0,6,ack-1f,w,3,3,0,ctl,ok,0,0,16.1,377.4
mpp,15.0,6,w48-16qam-r2/3,w48,19,2,1,data,ok,17,17,16.4,377.4
mpp,15.0,6,ack-1f,w,2,2,0,ctl,ok,0,0,19.9,377.4
mpp,15.0,6,w48-16qam-r2/3,w48,19,1,0,data,ok,18,18,15.6,377.4
mpp,15.0,6,ack-1f,w,2,2,0,ctl,ok,0,0,18.8,377.4
mpp,15.0,6,w48-16qam-r2/3,w48,19,1,0,data,ok,18,18,16.9,377.4
mpp,15.0,6,ack-1f,w,2,2,0,ctl,ok,0,0,19.9,377.4
mpp,15.0,6,w48-16qam-r2/3,w48,19,1,0,data,ok,18,18,16.0,377.4
mpp,15.0,6,ack-1f,w,2,2,0,ctl,ok,0,0,17.8,377.4
mpp,15.0,6,w48-16qam-r2/3,w48,19,1,0,data,ok,18,17,16.4,377.4
mpp,15.0,6,ack-1f,w,3,3,0,ctl,ok,0,0,12.5,377.4
mpp,15.0,6,w48-16qam-r2/3,w48,19,1,0,data,ok,17,17,17.5,377.4
mpp,15.0,6,ack-1f,w,2,2,0,ctl,ok,0,0,16.4,377.4
mpp,15.0,6,w48-16qam-r2/3,w48,19,1,0,data,ok,18,18,17.0,377.4
mpp,15.0,6,ack-1f,w,2,2,0,ctl,ok,0,0,13.8,377.4
mpp,15.0,6,w48-16qam-r2/3,w48,19,1,0,data,ctl_lost,18,2,14.3,377.4
mpp,15.0,6,ack-4f,w,3,3,0,ctl,ok,0,0,18.7,377.4
mpp,15.0,6,ack-4f,w,3,3,0,ctl,ok,0,0,17.5,377.4
mpp,15.0,6,w48-16qam-r2/3,w48,19,2,1,data,ok,17,17,16.7,377.4
mpp,15.0,6,ack-1f,w,3,3,0,ctl,ok,0,0,14.0,377.4
mpp,15.0,6,w48-16qam-r2/3,w48,19,2,1,data,ok,17,17,15.7,377.4
mpp,15.0,6,ack-1f,w,3,3,0,ctl,ok,0,0,15.5,377.4
mpp,15.0,6,w48-16qam-r2/3,w48,19,2,1,data,ok,17,17,15.8,377.4
mpp,15.0,6,ack-1f,w,3,3,0,ctl,ok,0,0,13.5,377.4
mpp,15.0,6,w48-16qam-r2/3,w48,19,2,1,data,ok,17,17,15.4,377.4
mpp,15.0,6,ack-1f,w,3,3,0,ctl,ok,0,0,18.0,377.4
mpp,15.0,6,w48-16qam-r2/3,w48,19,2,1,data,ok,17,17,14.0,377.4
mpp,15.0,6,ack-1f,w,3,3,0,ctl,ok,0,0,13.2,377.4
mpp,15.0,6,w48-16qam-r2/3,w48,19,2,1,data,ok,17,16,15.1,377.4
mpp,15.0,6,ack-1f,w,3,3,0,ctl,ok,0,0,17.7,377.4
mpp,15.0,6,w48-16qam-r2/3,w48,19,2,1,data,ok,16,16,16.8,377.4
mpp,15.0,6,ack-1f,w,2,2,0,ctl,ok,0,0,18.3,377.4
mpp,15.0,6,w48-16qam-r2/3,w48,19,1,0,data,ok,18,18,15.7,377.4
mpp,15.0,6,ack-1f,w,2,2,0,ctl,ok,0,0,12.9,377.4
mpp,15.0,6,w48-16qam-r2/3,w48,19,1,0,data,ok,18,18,15.6,377.4
mpp,15.0,6,ack-1f,w,2,2,0,ctl,ok,0,0,14.4,377.4
mpp,15.0,6,w48-16qam-r2/3,w48,19,1,0,data,ok,18,18,15.6,377.4
mpp,15.0,6,ack-1f,w,2,2,0,ctl,ok,0,0,14.6,377.4
mpp,15.0,6,w48-16qam-r2/3,w48,19,1,0,data,ok,18,18,16.3,377.4
mpp,15.0,6,ack-1f,w,2,2,0,ctl,ok,0,0,17.4,377.4
mpp,15.0,6,w48-16qam-r2/3,w48,19,1,0,data,ok,18,18,16.1,377.4
mpp,15.0,6,ack-1f,w,2,2,0,ctl,ok,0,0,16.3,377.4
mpp,15.0,6,w48-16qam-r2/3,w48,19,1,0,data,ok,18,18,16.0,377.4
mpp,15.0,6,ack-1f,w,2,2,0,ctl,ok,0,0,14.8,377.4
mpp,15.0,6,w48-16qam-r2/3,w48,19,1,0,data,ok,18,15,15.6,377.4
mpp,15.0,6,ack-1f,w,3,3,0,ctl,ok,0,0,14.5,377.4
mpp,15.0,6,w48-16qam-r2/3,w48,19,1,0,data,ok,15,15,16.5,377.4
mpp,15.0,6,ack-1f,w,2,2,0,ctl,ok,0,0,17.0,377.4
mpp,15.0,6,w48-16qam-r2/3,w48,19,1,0,data,ok,18,18,16.1,377.4
mpp,15.0,6,ack-1f,w,2,2,0,ctl,ok,0,0,16.4,377.4
mpp,15.0,6,w48-16qam-r2/3,w48,19,1,0,data,ok,18,18,16.1,377.4
mpp,15.0,6,ack-1f,w,2,2,0,ctl,ok,0,0,14.6,377.4
mpp,15.0,6,w48-16qam-r2/3,w48,19,1,0,data,ok,18,18,15.4,377.4
mpp,15.0,6,ack-1f,w,2,2,0,ctl,ok,0,0,20.0,377.4
mpp,15.0,6,w48-16qam-r2/3,w48,19,1,0,data,ok,18,18,15.1,377.4
mpp,15.0,6,ack-1f,w,2,2,0,ctl,ok,0,0,16.2,377.4
mpp,15.0,6,w48-16qam-r2/3,w48,19,1,0,data,ok,18,18,15.8,377.4
mpp,15.0,6,ack-1f,w,2,2,0,ctl,ok,0,0,17.9,377.4
mpp,15.0,6,w48-16qam-r2/3,w48,19,1,0,data,ok,18,18,16.1,377.4
mpp,15.0,6,ack-1f,w,2,2,0,ctl,ok,0,0,17.9,377.4
mpp,15.0,6,w48-16qam-r2/3,w48,19,1,0,data,ok,18,18,16.7,377.4
mpp,15.0,6,ack-1f,w,2,2,0,ctl,ok,0,0,16.3,377.4
mpp,15.0,6,w48-16qam-r2/3,w48,19,1,0,data,ok,18,18,16.4,377.4
mpp,15.0,6,ack-1f,w,2,2,0,ctl,ok,0,0,17.4,377.4
mpp,15.0,6,w48-16qam-r2/3,w48,19,1,0,data,ok,18,18,16.5,377.4
mpp,15.0,6,ack-1f,w,2,2,0,ctl,ok,0,0,16.7,377.4
mpp,15.0,6,w48-16qam-r2/3,w48,19,1,0,data,ok,18,18,15.7,377.4
mpp,15.0,6,ack-1f,w,2,2,0,ctl,ok,0,0,12.9,377.4
mpp,15.0,6,w48-16qam-r2/3,w48,19,1,0,data,ok,18,18,16.5,377.4
mpp,15.0,6,ack-1f,w,2,2,0,ctl,ok,0,0,16.2,377.4
mpp,15.0,6,w48-16qam-r2/3,w48,19,1,0,data,ok,18,18,15.4,377.4
mpp,15.0,6,ack-1f,w,2,2,0,ctl,ok,0,0,17.0,377.4
mpp,15.0,6,w48-16qam-r2/3,w48,19,1,0,data,ok,18,9,14.5,377.4
mpp,15.0,6,ack-1f,w,3,3,0,ctl,ok,0,0,15.9,377.4
mpp,15.0,6,w48-16qam-r2/3,w48,19,1,0,data,ok,9,9,16.4,377.4
mpg,15.0,8,qpsk-r1/5,w,1,1,0,ctl,ok,0,0,18.2,303.0
mpg,15.0,8,qpsk-r1/5,w,1,1,0,ctl,ok,0,0,17.2,303.0
mpg,15.0,8,ack-4f,w,2,2,0,ctl,ok,0,0,13.0,303.0
mpg,15.0,8,ack-1f,w,3,3,0,ctl,ok,0,0,18.4,303.0
mpg,15.0,8,w48-16qam-r1/2,w48,19,2,1,data,ok,17,17,15.3,303.0
mpg,15.0,8,ack-1f,w,2,2,0,ctl,ok,0,0,8.2,303.0
mpg,15.0,8,w48-16qam-r1/2,w48,19,1,0,data,ok,18,18,14.0,303.0
mpg,15.0,8,ack-1f,w,2,2,0,ctl,ok,0,0,13.0,303.0
mpg,15.0,8,w48-16qam-r1/2,w48,19,1,0,data,ok,18,18,15.4,303.0
mpg,15.0,8,ack-1f,w,3,3,0,ctl,ok,0,0,21.2,303.0
mpg,15.0,8,w48-16qam-r2/3,w48,19,2,1,data,ok,17,17,20.1,303.0
mpg,15.0,8,ack-1f,w,3,3,0,ctl,ok,0,0,16.6,303.0
mpg,15.0,8,w48-64l-r7/12,w48,39,2,1,data,ok,37,37,16.2,303.0
mpg,15.0,8,ack-1f,w,2,2,0,ctl,ok,0,0,19.4,303.0
mpg,15.0,8,w48-64l-r7/12,w48,39,1,0,data,ok,38,38,15.3,303.0
mpg,15.0,8,ack-1f,w,2,2,0,ctl,ok,0,0,17.1,303.0
mpg,15.0,8,w48-64l-r7/12,w48,39,1,0,data,ctl_lost,38,0,9.1,303.0
mpg,15.0,8,ack-4f,w,3,3,0,ctl,ok,0,0,19.5,303.0
mpg,15.0,8,ack-4f,w,3,3,0,ctl,ok,0,0,18.3,303.0
mpg,15.0,8,w48-16qam-r1/2,w48,19,2,1,data,ok,17,17,14.5,303.0
mpg,15.0,8,ack-1f,w,2,2,0,ctl,ok,0,0,17.6,303.0
mpg,15.0,8,w48-16qam-r1/2,w48,19,1,0,data,ok,18,18,17.4,303.0
mpg,15.0,8,ack-1f,w,3,3,0,ctl,ok,0,0,17.9,303.0
mpg,15.0,8,w48-16qam-r2/3,w48,19,2,1,data,ok,17,0,12.9,303.0
mpg,15.0,8,ack-1f,w,2,2,0,ctl,ok,0,0,16.5,303.0
mpg,15.0,8,w48-16qam-r1/2,w48,19,1,0,data,ok,18,18,15.9,303.0
mpg,15.0,8,ack-1f,w,3,3,0,ctl,ok,0,0,17.7,303.0
mpg,15.0,8,w48-16qam-r2/3,w48,19,2,1,data,ok,17,17,17.6,303.0
mpg,15.0,8,ack-1f,w,2,2,0,ctl,ok,0,0,18.6,303.0
mpg,15.0,8,w48-16qam-r2/3,w48,19,1,0,data,ok,18,18,19.8,303.0
mpg,15.0,8,ack-1f,w,2,2,0,ctl,ok,0,0,18.2,303.0
mpg,15.0,8,w48-64l-r1/2,w48,39,1,0,data,ok,38,38,14.1,303.0
mpg,15.0,8,ack-1f,w,2,2,0,ctl,ok,0,0,16.4,303.0
mpg,15.0,8,w48-16qam-r2/3,w48,19,1,0,data,ok,18,18,15.1,303.0
mpg,15.0,8,ack-1f,w,3,3,0,ctl,ok,0,0,5.5,303.0
mpg,15.0,8,w48-16qam-r2/3,w48,19,2,1,data,ok,17,0,13.0,303.0
mpg,15.0,8,ack-1f,w,3,3,0,ctl,ok,0,0,19.6,303.0
mpg,15.0,8,w48-16qam-r1/2,w48,19,2,1,data,ok,17,17,18.4,303.0
mpg,15.0,8,ack-1f,w,2,2,0,ctl,ok,0,0,21.2,303.0
mpg,15.0,8,w48-16qam-r2/3,w48,19,1,0,data,ok,18,18,15.4,303.0
mpg,15.0,8,ack-1f,w,2,2,0,ctl,ok,0,0,7.4,303.0
mpg,15.0,8,w48-16qam-r2/3,w48,19,1,0,data,ok,18,18,19.5,303.0
mpg,15.0,8,ack-1f,w,2,2,0,ctl,ok,0,0,19.2,303.0
mpg,15.0,8,w48-64l-r1/2,w48,39,1,0,data,ok,38,38,14.7,303.0
mpg,15.0,8,ack-1f,w,2,2,0,ctl,ok,0,0,20.0,303.0
mpg,15.0,8,w48-64l-r1/2,w48,39,1,0,data,ok,38,38,15.8,303.0
mpg,15.0,8,ack-1f,w,2,2,0,ctl,ok,0,0,19.0,303.0
mpg,15.0,8,w48-64l-r1/2,w48,39,1,0,data,ok,38,38,14.5,303.0
mpg,15.0,8,ack-1f,w,3,3,0,ctl,ok,0,0,19.2,303.0
mpg,15.0,8,w48-64l-r1/2,w48,39,2,1,data,ok,37,37,13.1,303.0
mpg,15.0,8,ack-1f,w,2,2,0,ctl,ok,0,0,16.4,303.0
mpg,15.0,8,w48-16qam-r2/3,w48,19,1,0,data,ok,18,18,17.3,303.0
mpg,15.0,8,ack-1f,w,2,2,0,ctl,ok,0,0,18.6,303.0
mpg,15.0,8,w48-16qam-r2/3,w48,19,1,0,data,ctl_lost,18,0,12.7,303.0
mpg,15.0,8,ack-4f,w,2,2,0,ctl,ok,0,0,16.8,303.0
mpg,15.0,8,ack-4f,w,2,2,0,ctl,ok,0,0,13.7,303.0
mpg,15.0,8,w48-16qam-r1/2,w48,19,1,0,data,ok,18,18,16.0,303.0
mpg,15.0,8,ack-1f,w,3,3,0,ctl,ok,0,0,16.4,303.0
mpg,15.0,8,w48-64l-r1/2,w48,39,2,1,data,ok,37,23,13.7,303.0
mpg,15.0,8,ack-1f,w,4,4,0,ctl,ok,0,0,15.6,303.0
mpg,15.0,8,w48-64l-r1/2,w48,39,2,1,data,ok,23,0,12.4,303.0
mpg,15.0,8,ack-1f,w,2,2,0,ctl,ok,0,0,20.6,303.0
mpg,15.0,8,w48-16qam-r1/2,w48,19,1,0,data,ok,18,18,14.2,303.0
mpg,15.0,8,ack-1f,w,2,2,0,ctl,ok,0,0,15.0,303.0
mpg,15.0,8,w48-16qam-r1/2,w48,19,1,0,data,ok,18,18,16.5,303.0
mpg,15.0,8,ack-1f,w,3,3,0,ctl,ok,0,0,19.6,303.0
mpg,15.0,8,w48-16qam-r2/3,w48,19,2,1,data,ok,17,17,15.9,303.0
mpg,15.0,8,ack-1f,w,3,3,0,ctl,ok,0,0,22.2,303.0
mpg,15.0,8,w48-16qam-r2/3,w48,19,2,1,data,ok,17,17,15.0,303.0
mpg,15.0,8,ack-1f,w,3,3,0,ctl,ok,0,0,21.0,303.0
mpg,15.0,8,w48-16qam-r2/3,w48,19,2,1,data,ok,17,0,14.0,303.0
mpg,15.0,8,ack-1f,w,2,2,0,ctl,ok,0,0,13.3,303.0
mpg,15.0,8,w48-16qam-r1/2,w48,19,1,0,data,ok,18,18,12.6,303.0
mpg,15.0,8,ack-1f,w,3,3,0,ctl,ok,0,0,19.8,303.0
mpg,15.0,8,w48-16qam-r1/2,w48,19,2,1,data,ok,17,17,15.6,303.0
mpg,15.0,8,ack-1f,w,2,2,0,ctl,ok,0,0,22.6,303.0
mpg,15.0,8,w48-16qam-r1/2,w48,19,1,0,data,ok,18,18,15.9,303.0
mpg,15.0,8,ack-1f,w,3,3,0,ctl,ok,0,0,16.9,303.0
mpg,15.0,8,w48-64l-r1/2,w48,39,2,1,data,ok,37,33,13.5,303.0
mpg,15.0,8,ack-1f,w,4,4,0,ctl,ok,0,0,19.9,303.0
mpg,15.0,8,w48-64l-r1/2,w48,39,2,1,data,ok,33,0,9.3,303.0
mpg,15.0,8,ack-1f,w,3,3,0,ctl,ok,0,0,13.6,303.0
mpg,15.0,8,w48-16qam-r1/2,w48,19,2,1,data,ok,17,17,15.6,303.0
mpg,15.0,8,ack-1f,w,2,2,0,ctl,ok,0,0,15.8,303.0
mpg,15.0,8,w48-16qam-r1/2,w48,19,1,0,data,ok,18,18,15.3,303.0
mpg,15.0,8,ack-1f,w,2,2,0,ctl,ok,0,0,19.4,303.0
mpg,15.0,8,w48-16qam-r1/2,w48,19,1,0,data,ok,18,18,16.2,303.0
mpg,15.0,8,ack-1f,w,3,3,0,ctl,ok,0,0,21.2,303.0
mpg,15.0,8,w48-16qam-r2/3,w48,19,2,1,data,ok,17,0,14.3,303.0
mpg,15.0,8,ack-1f,w,2,2,0,ctl,ok,0,0,18.8,303.0
mpg,15.0,8,w48-16qam-r1/2,w48,19,1,0,data,ok,18,18,14.8,303.0
mpg,15.0,8,ack-1f,w,2,2,0,ctl,ok,0,0,20.0,303.0
mpg,15.0,8,w48-16qam-r1/2,w48,19,1,0,data,ok,18,18,17.8,303.0
mpp,15.0,7,qpsk-r1/5,w,1,1,0,ctl,ok,0,0,16.9,386.3
mpp,15.0,7,qpsk-r1/5,w,1,1,0,ctl,ok,0,0,17.7,386.3
mpp,15.0,7,ack-4f,w,2,2,0,ctl,ok,0,0,17.2,386.3
mpp,15.0,7,ack-1f,w,2,2,0,ctl,ok,0,0,20.5,386.3
mpp,15.0,7,w48-16qam-r1/2,w48,19,1,0,data,ok,18,18,16.5,386.3
mpp,15.0,7,ack-1f,w,2,2,0,ctl,ok,0,0,17.5,386.3
mpp,15.0,7,w48-16qam-r1/2,w48,19,1,0,data,ok,18,18,16.4,386.3
mpp,15.0,7,ack-1f,w,3,3,0,ctl,ok,0,0,16.4,386.3
mpp,15.0,7,w48-16qam-r2/3,w48,19,2,1,data,ok,17,17,16.0,386.3
mpp,15.0,7,ack-1f,w,3,3,0,ctl,ok,0,0,17.6,386.3
mpp,15.0,7,w48-16qam-r2/3,w48,19,2,1,data,ok,17,17,17.0,386.3
mpp,15.0,7,ack-1f,w,3,3,0,ctl,ok,0,0,15.9,386.3
mpp,15.0,7,w48-16qam-r2/3,w48,19,2,1,data,ok,17,17,16.0,386.3
mpp,15.0,7,ack-1f,w,3,3,0,ctl,ok,0,0,20.7,386.3
mpp,15.0,7,w48-16qam-r2/3,w48,19,2,1,data,ok,17,17,16.9,386.3
mpp,15.0,7,ack-1f,w,2,2,0,ctl,ok,0,0,15.6,386.3
mpp,15.0,7,w48-16qam-r2/3,w48,19,1,0,data,ok,18,18,15.7,386.3
mpp,15.0,7,ack-1f,w,3,3,0,ctl,ok,0,0,18.2,386.3
mpp,15.0,7,w48-16qam-r2/3,w48,19,2,1,data,ok,17,7,15.0,386.3
mpp,15.0,7,ack-1f,w,4,4,0,ctl,ok,0,0,16.7,386.3
mpp,15.0,7,w48-16qam-r2/3,w48,19,2,1,data,ok,7,7,16.7,386.3
mpp,15.0,7,ack-1f,w,2,2,0,ctl,ok,0,0,22.4,386.3
mpp,15.0,7,w48-16qam-r2/3,w48,19,1,0,data,ok,18,18,15.7,386.3
mpp,15.0,7,ack-1f,w,2,2,0,ctl,ok,0,0,17.0,386.3
mpp,15.0,7,w48-16qam-r2/3,w48,19,1,0,data,ok,18,18,16.4,386.3
mpp,15.0,7,ack-1f,w,2,2,0,ctl,ok,0,0,17.6,386.3
mpp,15.0,7,w48-16qam-r2/3,w48,19,1,0,data,ok,18,17,15.5,386.3
mpp,15.0,7,ack-1f,w,2,2,0,ctl,ok,0,0,13.2,386.3
mpp,15.0,7,w48-16qam-r2/3,w48,19,1,0,data,ok,17,17,16.5,386.3
mpp,15.0,7,ack-1f,w,2,2,0,ctl,ok,0,0,21.5,386.3
mpp,15.0,7,w48-16qam-r2/3,w48,19,1,0,data,ok,18,18,16.3,386.3
mpp,15.0,7,ack-1f,w,2,2,0,ctl,ok,0,0,17.0,386.3
mpp,15.0,7,w48-16qam-r2/3,w48,19,1,0,data,ok,18,18,16.6,386.3
mpp,15.0,7,ack-1f,w,2,2,0,ctl,ok,0,0,17.7,386.3
mpp,15.0,7,w48-16qam-r2/3,w48,19,1,0,data,ok,18,18,16.3,386.3
mpp,15.0,7,ack-1f,w,2,2,0,ctl,ok,0,0,17.0,386.3
mpp,15.0,7,w48-16qam-r2/3,w48,19,1,0,data,ok,18,18,15.3,386.3
mpp,15.0,7,ack-1f,w,2,2,0,ctl,ok,0,0,16.0,386.3
mpp,15.0,7,w48-16qam-r2/3,w48,19,1,0,data,ok,18,18,15.9,386.3
mpp,15.0,7,ack-1f,w,2,2,0,ctl,ok,0,0,17.7,386.3
mpp,15.0,7,w48-16qam-r2/3,w48,19,1,0,data,ok,18,18,16.4,386.3
mpp,15.0,7,ack-1f,w,2,2,0,ctl,ok,0,0,14.8,386.3
mpp,15.0,7,w48-16qam-r2/3,w48,19,1,0,data,ok,18,18,16.4,386.3
mpp,15.0,7,ack-1f,w,2,2,0,ctl,ok,0,0,14.7,386.3
mpp,15.0,7,w48-16qam-r2/3,w48,19,1,0,data,ok,18,18,16.5,386.3
mpp,15.0,7,ack-1f,w,2,2,0,ctl,ok,0,0,16.5,386.3
mpp,15.0,7,w48-16qam-r2/3,w48,19,1,0,data,ok,18,18,15.6,386.3
mpp,15.0,7,ack-1f,w,2,2,0,ctl,ok,0,0,17.3,386.3
mpp,15.0,7,w48-16qam-r2/3,w48,19,1,0,data,ok,18,18,16.4,386.3
mpp,15.0,7,ack-1f,w,2,2,0,ctl,ok,0,0,16.3,386.3
mpp,15.0,7,w48-16qam-r2/3,w48,19,1,0,data,ok,18,18,16.6,386.3
mpp,15.0,7,ack-1f,w,2,2,0,ctl,ok,0,0,17.2,386.3
mpp,15.0,7,w48-16qam-r2/3,w48,19,1,0,data,ok,18,18,15.9,386.3
mpp,15.0,7,ack-1f,w,2,2,0,ctl,ok,0,0,18.5,386.3
mpp,15.0,7,w48-16qam-r2/3,w48,19,1,0,data,ok,18,18,16.4,386.3
mpp,15.0,7,ack-1f,w,2,2,0,ctl,ok,0,0,20.4,386.3
mpp,15.0,7,w48-16qam-r2/3,w48,19,1,0,data,ok,18,18,16.3,386.3
mpp,15.0,7,ack-1f,w,2,2,0,ctl,ok,0,0,19.2,386.3
mpp,15.0,7,w48-16qam-r2/3,w48,19,1,0,data,ok,18,18,17.0,386.3
mpp,15.0,7,ack-1f,w,2,2,0,ctl,ok,0,0,16.6,386.3
mpp,15.0,7,w48-16qam-r2/3,w48,19,1,0,data,ok,18,17,14.8,386.3
mpp,15.0,7,ack-1f,w,3,3,0,ctl,ok,0,0,16.5,386.3
mpp,15.0,7,w48-16qam-r2/3,w48,19,1,0,data,ok,17,7,14.5,386.3
mpp,15.0,7,ack-1f,w,3,3,0,ctl,ok,0,0,16.0,386.3
mpp,15.0,7,w48-16qam-r2/3,w48,19,1,0,data,ok,8,8,16.7,386.3
mpp,15.0,7,ack-1f,w,2,2,0,ctl,ok,0,0,15.5,386.3
mpp,15.0,7,w48-16qam-r2/3,w48,19,1,0,data,ok,18,18,15.8,386.3
mpp,15.0,7,ack-1f,w,2,2,0,ctl,ok,0,0,19.4,386.3
mpp,15.0,7,w48-16qam-r2/3,w48,19,1,0,data,ok,18,18,15.5,386.3
mpp,15.0,7,ack-1f,w,2,2,0,ctl,ok,0,0,16.8,386.3
mpp,15.0,7,w48-16qam-r2/3,w48,19,1,0,data,ok,18,18,16.0,386.3
mpp,15.0,7,ack-1f,w,2,2,0,ctl,ok,0,0,17.7,386.3
mpp,15.0,7,w48-16qam-r2/3,w48,19,1,0,data,ok,18,18,16.3,386.3
mpp,15.0,7,ack-1f,w,2,2,0,ctl,ok,0,0,19.3,386.3
mpp,15.0,7,w48-16qam-r2/3,w48,19,1,0,data,ok,18,18,16.6,386.3
mpp,15.0,7,ack-1f,w,2,2,0,ctl,ok,0,0,18.2,386.3
mpp,15.0,7,w48-16qam-r2/3,w48,19,1,0,data,ok,18,18,14.5,386.3
mpp,15.0,7,ack-1f,w,2,2,0,ctl,ok,0,0,17.3,386.3
mpp,15.0,7,w48-16qam-r2/3,w48,19,1,0,data,ctl_lost,18,5,14.3,386.3
mpp,15.0,7,ack-4f,w,3,3,0,ctl,ok,0,0,18.3,386.3
mpp,15.0,7,ack-4f,w,2,2,0,ctl,ok,0,0,20.5,386.3
mpp,15.0,7,w48-16qam-r2/3,w48,19,1,0,data,ok,18,18,16.0,386.3
mpp,15.0,7,ack-1f,w,2,2,0,ctl,ok,0,0,17.9,386.3
mpp,15.0,7,w48-16qam-r2/3,w48,19,1,0,data,ok,18,18,15.3,386.3
mpp,15.0,7,ack-1f,w,2,2,0,ctl,ok,0,0,19.3,386.3
mpp,15.0,7,w48-16qam-r2/3,w48,19,1,0,data,ok,18,18,15.0,386.3
mpp,15.0,7,ack-1f,w,2,2,0,ctl,ok,0,0,17.6,386.3
mpp,15.0,7,w48-16qam-r2/3,w48,19,1,0,data,ok,18,18,16.3,386.3
mpp,15.0,7,ack-1f,w,2,2,0,ctl,ok,0,0,19.4,386.3
mpp,15.0,7,w48-16qam-r2/3,w48,19,1,0,data,ok,18,18,15.7,386.3
mpp,15.0,7,ack-1f,w,2,2,0,ctl,ok,0,0,19.0,386.3
mpp,15.0,7,w48-16qam-r2/3,w48,19,1,0,data,ok,18,18,15.2,386.3
mpp,15.0,7,ack-1f,w,2,2,0,ctl,ok,0,0,17.2,386.3
mpp,15.0,7,w48-16qam-r2/3,w48,19,1,0,data,ok,18,18,16.2,386.3
mpg,15.0,9,qpsk-r1/5,w,1,1,0,ctl,ok,0,0,20.9,259.2
mpg,15.0,9,qpsk-r1/5,w,1,1,0,ctl,ok,0,0,21.5,259.2
mpg,15.0,9,ack-4f,w,2,2,0,ctl,ok,0,0,19.0,259.2
mpg,15.0,9,ack-1f,w,2,2,0,ctl,ok,0,0,16.6,259.2
mpg,15.0,9,w48-64l-r1/2,w48,39,1,0,data,ok,38,23,12.3,259.2
mpg,15.0,9,ack-1f,w,4,4,0,ctl,ok,0,0,13.3,259.2
mpg,15.0,9,w48-64l-r1/2,w48,39,2,1,data,ok,22,0,12.4,259.2
mpg,15.0,9,ack-1f,w,3,3,0,ctl,ok,0,0,17.9,259.2
mpg,15.0,9,w48-16qam-r1/2,w48,19,2,1,data,ok,17,17,16.7,259.2
mpg,15.0,9,ack-1f,w,3,3,0,ctl,ok,0,0,18.3,259.2
mpg,15.0,9,w48-16qam-r2/3,w48,19,2,1,data,ok,17,17,15.7,259.2
mpg,15.0,9,ack-1f,w,3,3,0,ctl,ok,0,0,14.6,259.2
mpg,15.0,9,w48-16qam-r2/3,w48,19,2,1,data,ok,17,17,16.5,259.2
mpg,15.0,9,ack-1f,w,2,2,0,ctl,ok,0,0,19.9,259.2
mpg,15.0,9,w48-16qam-r2/3,w48,19,1,0,data,ctl_lost,18,0,11.2,259.2
mpg,15.0,9,ack-4f,w,3,3,0,ctl,ok,0,0,13.4,259.2
mpg,15.0,9,ack-4f,w,2,2,0,ctl,ok,0,0,21.4,259.2
mpg,15.0,9,w48-16qam-r1/3,w48,19,1,0,data,ok,18,18,18.2,259.2
mpg,15.0,9,ack-1f,w,2,2,0,ctl,ok,0,0,19.3,259.2
mpg,15.0,9,w48-64l-r1/2,w48,39,1,0,data,ok,38,38,15.9,259.2
mpg,15.0,9,ack-1f,w,3,3,0,ctl,ok,0,0,14.7,259.2
mpg,15.0,9,w48-64l-r7/12,w48,39,2,1,data,ok,37,0,12.1,259.2
mpg,15.0,9,ack-1f,w,2,2,0,ctl,ok,0,0,18.6,259.2
mpg,15.0,9,w48-16qam-r1/2,w48,19,1,0,data,ok,18,18,15.5,259.2
mpg,15.0,9,ack-1f,w,2,2,0,ctl,ok,0,0,11.9,259.2
mpg,15.0,9,w48-16qam-r1/2,w48,19,1,0,data,ok,18,18,13.0,259.2
mpg,15.0,9,ack-1f,w,3,3,0,ctl,ok,0,0,16.4,259.2
mpg,15.0,9,w48-16qam-r1/2,w48,19,2,1,data,ok,17,17,14.5,259.2
mpg,15.0,9,ack-1f,w,3,3,0,ctl,ok,0,0,16.3,259.2
mpg,15.0,9,w48-16qam-r1/2,w48,19,2,1,data,ok,17,17,17.0,259.2
mpg,15.0,9,ack-1f,w,2,2,0,ctl,ok,0,0,17.5,259.2
mpg,15.0,9,w48-16qam-r1/2,w48,19,1,0,data,ok,18,18,14.5,259.2
mpg,15.0,9,ack-1f,w,2,2,0,ctl,ok,0,0,18.7,259.2
mpg,15.0,9,w48-16qam-r1/2,w48,19,1,0,data,ctl_lost,18,2,10.4,259.2
mpg,15.0,9,ack-4f,w,3,3,0,ctl,ok,0,0,10.4,259.2
mpg,15.0,9,ack-4f,w,3,3,0,ctl,ok,0,0,15.5,259.2
mpg,15.0,9,w48-16qam-r1/3,w48,19,2,1,data,ok,17,17,16.9,259.2
mpg,15.0,9,ack-1f,w,3,3,0,ctl,ok,0,0,17.4,259.2
mpg,15.0,9,w48-64l-r1/2,w48,39,2,1,data,ok,37,0,12.4,259.2
mpg,15.0,9,ack-1f,w,2,2,0,ctl,ok,0,0,12.1,259.2
mpg,15.0,9,w48-16qam-r1/2,w48,19,1,0,data,ok,18,18,15.1,259.2
mpg,15.0,9,ack-1f,w,3,3,0,ctl,ok,0,0,16.7,259.2
mpg,15.0,9,w48-16qam-r1/2,w48,19,2,1,data,ok,17,17,16.8,259.2
mpg,15.0,9,ack-1f,w,3,3,0,ctl,ok,0,0,15.4,259.2
mpg,15.0,9,w48-16qam-r2/3,w48,19,2,1,data,ok,17,17,14.4,259.2
mpg,15.0,9,ack-1f,w,3,3,0,ctl,ok,0,0,20.3,259.2
mpg,15.0,9,w48-16qam-r2/3,w48,19,2,1,data,ok,17,17,15.6,259.2
mpg,15.0,9,ack-1f,w,3,3,0,ctl,ok,0,0,16.0,259.2
mpg,15.0,9,w48-16qam-r2/3,w48,19,2,1,data,ok,17,0,12.1,259.2
mpg,15.0,9,ack-1f,w,3,3,0,ctl,ok,0,0,11.8,259.2
mpg,15.0,9,w48-16qam-r1/2,w48,19,2,1,data,ok,17,17,17.6,259.2
mpg,15.0,9,ack-1f,w,3,3,0,ctl,ok,0,0,19.6,259.2
mpg,15.0,9,w48-16qam-r2/3,w48,19,2,1,data,ok,17,0,14.4,259.2
mpg,15.0,9,ack-1f,w,2,2,0,ctl,ok,0,0,14.8,259.2
mpg,15.0,9,w48-16qam-r1/2,w48,19,1,0,data,ok,18,18,13.1,259.2
mpg,15.0,9,ack-1f,w,3,3,0,ctl,ok,0,0,19.9,259.2
mpg,15.0,9,w48-16qam-r1/2,w48,19,2,1,data,ok,17,17,17.6,259.2
mpg,15.0,9,ack-1f,w,3,3,0,ctl,ok,0,0,17.4,259.2
mpg,15.0,9,w48-16qam-r2/3,w48,19,2,1,data,ok,17,9,15.0,259.2
mpg,15.0,9,ack-1f,w,4,4,0,ctl,ok,0,0,20.1,259.2
mpg,15.0,9,w48-16qam-r2/3,w48,19,2,1,data,ok,10,2,13.5,259.2
mpg,15.0,9,ack-1f,w,4,4,0,ctl,ok,0,0,11.9,259.2
mpg,15.0,9,w48-16qam-r1/2,w48,19,2,1,data,ok,17,17,16.7,259.2
mpg,15.0,9,ack-1f,w,3,3,0,ctl,ok,0,0,13.4,259.2
mpg,15.0,9,w48-16qam-r2/3,w48,19,2,1,data,ok,17,17,14.9,259.2
mpg,15.0,9,ack-1f,w,3,3,0,ctl,ok,0,0,21.0,259.2
mpg,15.0,9,w48-16qam-r2/3,w48,19,2,1,data,ok,17,17,13.8,259.2
mpg,15.0,9,ack-1f,w,2,2,0,ctl,ok,0,0,18.2,259.2
mpg,15.0,9,w48-16qam-r1/2,w48,19,1,0,data,ok,18,18,16.8,259.2
mpg,15.0,9,ack-1f,w,2,2,0,ctl,ok,0,0,16.3,259.2
mpg,15.0,9,w48-16qam-r2/3,w48,19,1,0,data,ctl_lost,18,0,11.7,259.2
mpg,15.0,9,ack-4f,w,3,3,0,ctl,ok,0,0,12.2,259.2
mpg,15.0,9,ack-4f,w,2,2,0,ctl,ok,0,0,19.6,259.2
mpg,15.0,9,w48-16qam-r1/3,w48,19,1,0,data,ok,18,18,16.5,259.2
mpg,15.0,9,ack-1f,w,2,2,0,ctl,ok,0,0,20.5,259.2
mpg,15.0,9,w48-16qam-r1/2,w48,19,1,0,data,ok,18,18,17.8,259.2
mpg,15.0,9,ack-1f,w,2,2,0,ctl,ok,0,0,20.0,259.2
mpg,15.0,9,w48-16qam-r2/3,w48,19,1,0,data,ok,18,18,17.3,259.2
mpg,15.0,9,ack-1f,w,2,2,0,ctl,ok,0,0,19.0,259.2
mpg,15.0,9,w48-16qam-r2/3,w48,19,1,0,data,ok,18,18,15.7,259.2
mpg,15.0,9,ack-1f,w,3,3,0,ctl,ok,0,0,12.7,259.2
mpg,15.0,9,w48-16qam-r2/3,w48,19,2,1,data,ok,17,17,13.3,259.2
mpg,15.0,9,ack-1f,w,2,2,0,ctl,ok,0,0,15.9,259.2
mpg,15.0,9,w48-16qam-r1/2,w48,19,1,0,data,ok,18,18,16.2,259.2
mpg,15.0,9,ack-1f,w,2,2,0,ctl,ok,0,0,17.0,259.2
mpg,15.0,9,w48-16qam-r1/2,w48,19,1,0,data,ok,18,18,16.9,259.2
mpg,15.0,9,ack-1f,w,3,3,0,ctl,ok,0,0,19.4,259.2
mpg,15.0,9,w48-16qam-r2/3,w48,19,2,1,data,ok,17,17,14.2,259.2
mpg,15.0,9,ack-1f,w,2,2,0,ctl,ok,0,0,17.9,259.2
mpg,15.0,9,w48-16qam-r1/2,w48,19,1,0,data,ok,18,18,14.5,259.2
mpg,15.0,9,ack-1f,w,2,2,0,ctl,ok,0,0,18.1,259.2
mpg,15.0,9,w48-16qam-r1/2,w48,19,1,0,data,ok,18,18,16.3,259.2
mpg,15.0,9,ack-1f,w,3,3,0,ctl,ok,0,0,16.9,259.2
mpg,15.0,9,w48-16qam-r2/3,w48,19,2,1,data,ok,17,17,16.8,259.2
mpp,15.0,11,qpsk-r1/5,w,1,1,0,ctl,ok,0,0,18.0,357.9
mpp,15.0,11,qpsk-r1/5,w,1,1,0,ctl,ok,0,0,14.1,357.9
mpp,15.0,11,ack-4f,w,2,2,0,ctl,ok,0,0,16.7,357.9
mpp,15.0,11,ack-1f,w,2,2,0,ctl,ok,0,0,15.1,357.9
mpp,15.0,11,w48-16qam-r1/2,w48,19,1,0,data,ok,18,18,16.5,357.9
mpp,15.0,11,ack-1f,w,2,2,0,ctl,ok,0,0,16.1,357.9
mpp,15.0,11,w48-16qam-r1/2,w48,19,1,0,data,ok,18,18,15.4,357.9
mpp,15.0,11,ack-1f,w,2,2,0,ctl,ok,0,0,21.0,357.9
mpp,15.0,11,w48-16qam-r1/2,w48,19,1,0,data,ok,18,18,15.9,357.9
mpp,15.0,11,ack-1f,w,2,2,0,ctl,ok,0,0,18.4,357.9
mpp,15.0,11,w48-16qam-r1/2,w48,19,1,0,data,ok,18,18,14.6,357.9
mpp,15.0,11,ack-1f,w,2,2,0,ctl,ok,0,0,16.5,357.9
mpp,15.0,11,w48-16qam-r1/2,w48,19,1,0,data,ok,18,18,15.6,357.9
mpp,15.0,11,ack-1f,w,2,2,0,ctl,ok,0,0,18.5,357.9
mpp,15.0,11,w48-16qam-r1/2,w48,19,1,0,data,ok,18,18,16.3,357.9
mpp,15.0,11,ack-1f,w,2,2,0,ctl,ok,0,0,19.8,357.9
mpp,15.0,11,w48-16qam-r1/2,w48,19,1,0,data,ok,18,18,15.9,357.9
mpp,15.0,11,ack-1f,w,2,2,0,ctl,ok,0,0,17.5,357.9
mpp,15.0,11,w48-16qam-r1/2,w48,19,1,0,data,ok,18,18,16.4,357.9
mpp,15.0,11,ack-1f,w,3,3,0,ctl,ok,0,0,17.6,357.9
mpp,15.0,11,w48-16qam-r2/3,w48,19,2,1,data,ok,17,17,15.7,357.9
mpp,15.0,11,ack-1f,w,3,3,0,ctl,ok,0,0,19.5,357.9
mpp,15.0,11,w48-16qam-r2/3,w48,19,2,1,data,ok,17,17,16.3,357.9
mpp,15.0,11,ack-1f,w,3,3,0,ctl,ok,0,0,21.3,357.9
mpp,15.0,11,w48-16qam-r2/3,w48,19,2,1,data,ok,17,17,15.3,357.9
mpp,15.0,11,ack-1f,w,3,3,0,ctl,ok,0,0,20.0,357.9
mpp,15.0,11,w48-16qam-r2/3,w48,19,2,1,data,ok,17,17,16.0,357.9
mpp,15.0,11,ack-1f,w,3,3,0,ctl,ok,0,0,18.8,357.9
mpp,15.0,11,w48-16qam-r2/3,w48,19,2,1,data,ok,17,17,16.0,357.9
mpp,15.0,11,ack-1f,w,3,3,0,ctl,ok,0,0,12.7,357.9
mpp,15.0,11,w48-16qam-r2/3,w48,19,2,1,data,ok,17,17,15.6,357.9
mpp,15.0,11,ack-1f,w,3,3,0,ctl,ok,0,0,17.5,357.9
mpp,15.0,11,w48-16qam-r2/3,w48,19,2,1,data,ok,17,17,16.0,357.9
mpp,15.0,11,ack-1f,w,3,3,0,ctl,ok,0,0,14.3,357.9
mpp,15.0,11,w48-16qam-r2/3,w48,19,2,1,data,ok,17,17,14.9,357.9
mpp,15.0,11,ack-1f,w,3,3,0,ctl,ok,0,0,18.4,357.9
mpp,15.0,11,w48-16qam-r2/3,w48,19,2,1,data,ok,17,17,15.3,357.9
mpp,15.0,11,ack-1f,w,3,3,0,ctl,ok,0,0,16.6,357.9
mpp,15.0,11,w48-16qam-r2/3,w48,19,2,1,data,ok,17,17,15.7,357.9
mpp,15.0,11,ack-1f,w,2,2,0,ctl,ok,0,0,15.2,357.9
mpp,15.0,11,w48-16qam-r2/3,w48,19,1,0,data,ok,18,18,17.0,357.9
mpp,15.0,11,ack-1f,w,2,2,0,ctl,ok,0,0,19.9,357.9
mpp,15.0,11,w48-16qam-r2/3,w48,19,1,0,data,ok,18,18,15.5,357.9
mpp,15.0,11,ack-1f,w,2,2,0,ctl,ok,0,0,12.9,357.9
mpp,15.0,11,w48-16qam-r2/3,w48,19,1,0,data,ok,18,18,15.3,357.9
mpp,15.0,11,ack-1f,w,2,2,0,ctl,ok,0,0,20.7,357.9
mpp,15.0,11,w48-16qam-r2/3,w48,19,1,0,data,ok,18,18,15.1,357.9
mpp,15.0,11,ack-1f,w,2,2,0,ctl,ok,0,0,18.4,357.9
mpp,15.0,11,w48-16qam-r2/3,w48,19,1,0,data,ok,18,18,16.2,357.9
mpp,15.0,11,ack-1f,w,2,2,0,ctl,ok,0,0,16.8,357.9
mpp,15.0,11,w48-16qam-r2/3,w48,19,1,0,data,ok,18,18,15.6,357.9
mpp,15.0,11,ack-1f,w,2,2,0,ctl,ok,0,0,16.4,357.9
mpp,15.0,11,w48-16qam-r2/3,w48,19,1,0,data,ok,18,18,15.6,357.9
mpp,15.0,11,ack-1f,w,2,2,0,ctl,ok,0,0,17.0,357.9
mpp,15.0,11,w48-16qam-r2/3,w48,19,1,0,data,ok,18,18,16.6,357.9
mpp,15.0,11,ack-1f,w,2,2,0,ctl,ok,0,0,13.6,357.9
mpp,15.0,11,w48-16qam-r2/3,w48,19,1,0,data,ok,18,18,16.2,357.9
mpp,15.0,11,ack-1f,w,2,2,0,ctl,ok,0,0,15.8,357.9
mpp,15.0,11,w48-16qam-r2/3,w48,19,1,0,data,ok,18,18,15.9,357.9
mpp,15.0,11,ack-1f,w,2,2,0,ctl,ok,0,0,17.0,357.9
mpp,15.0,11,w48-16qam-r2/3,w48,19,1,0,data,ok,18,18,16.7,357.9
mpp,15.0,11,ack-1f,w,2,2,0,ctl,ok,0,0,15.0,357.9
mpp,15.0,11,w48-16qam-r2/3,w48,19,1,0,data,ok,18,18,16.4,357.9
mpp,15.0,11,ack-1f,w,2,2,0,ctl,ok,0,0,16.6,357.9
mpp,15.0,11,w48-16qam-r2/3,w48,19,1,0,data,ctl_lost,18,10,14.8,357.9
mpp,15.0,11,ack-4f,w,3,3,0,ctl,ok,0,0,16.5,357.9
mpp,15.0,11,ack-4f,w,3,3,0,ctl,ok,0,0,19.3,357.9
mpp,15.0,11,w48-16qam-r2/3,w48,19,2,1,data,ok,17,17,15.5,357.9
mpp,15.0,11,ack-1f,w,3,3,0,ctl,ok,0,0,16.9,357.9
mpp,15.0,11,w48-16qam-r2/3,w48,19,2,1,data,ok,17,17,15.3,357.9
mpp,15.0,11,ack-1f,w,2,2,0,ctl,ok,0,0,15.1,357.9
mpp,15.0,11,w48-16qam-r2/3,w48,19,1,0,data,ok,18,18,16.8,357.9
mpp,15.0,11,ack-1f,w,2,2,0,ctl,ok,0,0,22.1,357.9
mpp,15.0,11,w48-16qam-r2/3,w48,19,1,0,data,ok,18,18,15.8,357.9
mpp,15.0,11,ack-1f,w,2,2,0,ctl,ok,0,0,18.1,357.9
mpp,15.0,11,w48-16qam-r2/3,w48,19,1,0,data,ok,18,18,15.7,357.9
mpp,15.0,11,ack-1f,w,2,2,0,ctl,ok,0,0,15.9,357.9
mpp,15.0,11,w48-16qam-r2/3,w48,19,1,0,data,ok,18,18,16.3,357.9
mpp,15.0,11,ack-1f,w,2,2,0,ctl,ok,0,0,15.6,357.9
mpp,15.0,11,w48-16qam-r2/3,w48,19,1,0,data,ok,18,18,16.5,357.9
mpp,15.0,11,ack-1f,w,2,2,0,ctl,ok,0,0,15.4,357.9
mpp,15.0,11,w48-16qam-r2/3,w48,19,1,0,data,ok,18,18,15.8,357.9
mpp,15.0,11,ack-1f,w,2,2,0,ctl,ok,0,0,11.9,357.9
mpp,15.0,11,w48-16qam-r2/3,w48,19,1,0,data,ctl_lost,18,9,15.1,357.9
mpp,15.0,11,ack-4f,w,2,2,0,ctl,ok,0,0,15.7,357.9
mpp,15.0,11,ack-4f,w,3,3,0,ctl,ok,0,0,17.2,357.9
mpp,15.0,11,w48-16qam-r2/3,w48,19,2,1,data,ok,17,14,14.4,357.9
mpp,15.0,11,ack-1f,w,4,4,0,ctl,ok,0,0,19.3,357.9
mpp,15.0,11,w48-16qam-r2/3,w48,19,2,1,data,ok,13,13,15.1,357.9
mpp,15.0,11,ack-1f,w,3,3,0,ctl,ok,0,0,15.7,357.9
mpp,15.0,11,w48-16qam-r2/3,w48,19,2,1,data,ok,17,17,15.6,357.9
mpp,15.0,11,ack-1f,w,2,2,0,ctl,ok,0,0,18.6,357.9
mpp,15.0,11,w48-16qam-r2/3,w48,19,1,0,data,ok,18,18,15.9,357.9
mpg,-4.0,1,qpsk-r1/5,w,1,1,0,ctl,ok,0,0,-0.5,15.7
mpg,-4.0,1,qpsk-r1/5,w,1,1,0,ctl,ctl_lost,0,0,-4.1,15.7
mpg,-4.0,1,n4-qpsk-r1/3,n4,1,1,0,ctl,ok,0,0,-0.6,15.7
mpg,-4.0,1,n4-qpsk-r1/3,n4,1,1,0,ctl,ok,0,0,1.8,15.7
mpg,-4.0,1,ack-4f,w,3,3,0,ctl,ok,0,0,1.6,15.7
mpg,-4.0,1,ack-1f,w,3,3,0,ctl,ok,0,0,0.5,15.7
mpg,-4.0,1,qpsk-r1/2,w,9,2,1,data,ok,7,7,2.9,15.7
mpg,-4.0,1,ack-1f,w,3,3,0,ctl,ok,0,0,3.4,15.7
mpg,-4.0,1,qpsk-r1/2,w,9,2,1,data,ok,7,0,-0.6,15.7
mpg,-4.0,1,ack-1f,w,3,3,0,ctl,ok,0,0,1.2,15.7
mpg,-4.0,1,qpsk-r1/2,w,9,2,1,data,ctl_lost,0,0,-3.2,15.7
mpg,-4.0,1,ack-4f,w,3,3,0,ctl,ok,0,0,-2.3,15.7
mpg,-4.0,1,ack-4f,w,3,3,0,ctl,ok,0,0,-2.5,15.7
mpg,-4.0,1,qpsk-r1/5,w,9,2,1,data,ok,7,7,-1.6,15.7
mpg,-4.0,1,ack-4f,w,3,3,,ctl,missed,0,0,,15.7
mpg,-4.0,1,ack-4f,w,4,4,0,ctl,ok,0,0,1.4,15.7
mpg,-4.0,1,ack-4f,w,3,3,0,ctl,ok,0,0,0.3,15.7
mpg,-4.0,1,qpsk-r1/3,w,9,2,1,data,ok,7,7,-0.1,15.7
mpg,-4.0,1,n10-ack-4f,n10,3,3,0,ctl,ok,0,0,-0.1,15.7
mpg,-4.0,1,qpsk-r1/3,w,9,2,1,data,ok,7,7,0.7,15.7
mpg,-4.0,1,ack-4f,w,3,3,0,ctl,ok,0,0,0.1,15.7
mpg,-4.0,1,qpsk-r1/3,w,9,2,1,data,ctl_lost,7,0,-4.6,15.7
mpg,-4.0,1,ack-4f,w,3,3,0,ctl,ok,0,0,-2.6,15.7
mpg,-4.0,1,ack-4f,w,3,3,0,ctl,ok,0,0,0.2,15.7
mpg,-4.0,1,qpsk-r1/5,w,9,2,1,data,ok,7,0,-6.6,15.7
mpg,-4.0,1,ack-4f,w,3,3,,ctl,missed,0,0,,15.7
mpg,-4.0,1,ack-4f,w,4,4,0,ctl,ok,0,0,-5.5,15.7
mpg,-4.0,1,ack-4f,w,3,3,0,ctl,ok,0,0,-12.4,15.7
mpg,-4.0,1,qpsk-r1/5,w,9,2,,data,missed,0,0,,15.7
mpg,-4.0,1,ack-4f,w,3,3,0,ctl,ok,0,0,-8.6,15.7
mpg,-4.0,1,ack-4f,w,3,3,,ctl,missed,0,0,,15.7
mpg,-4.0,1,ack-4f,w,3,3,0,ctl,ok,0,0,0.9,15.7
mpg,-4.0,1,ack-4f,w,3,3,0,ctl,ok,0,0,1.5,15.7
mpg,-4.0,1,qpsk-r1/5,w,9,2,1,data,ok,7,7,-2.2,15.7
mpg,-4.0,1,n10-ack-4f,n10,2,2,0,ctl,ok,0,0,3.7,15.7
mpg,-4.0,1,qpsk-r1/5,w,9,1,0,data,ok,8,8,-0.2,15.7
mpg,-4.0,1,ack-1f,w,2,2,0,ctl,ok,0,0,0.3,15.7
mpg,-4.0,1,qpsk-r1/5,w,9,1,0,data,ctl_lost,8,2,-3.1,15.7
mpg,-4.0,1,ack-4f,w,3,3,0,ctl,ok,0,0,1.3,15.7
mpg,-4.0,1,ack-4f,w,3,3,0,ctl,ok,0,0,1.2,15.7
mpg,-4.0,1,qpsk-r1/5,w,9,2,1,data,ok,7,7,2.4,15.7
mpg,-4.0,1,ack-1f,w,3,3,0,ctl,ok,0,0,-1.3,15.7
mpg,-4.0,1,w48-qpsk-r1/5,w48,19,2,1,data,ok,17,0,-1.8,15.7
mpg,-4.0,1,ack-4f,w,3,3,0,ctl,ok,0,0,-3.1,15.7
mpg,-4.0,1,w48-qpsk-r1/5,w48,19,2,1,data,ctl_lost,0,0,-4.8,15.7
mpg,-4.0,1,ack-4f,w,3,3,0,ctl,ok,0,0,-3.3,15.7
mpg,-4.0,1,ack-4f,w,3,3,0,ctl,ok,0,0,-5.1,15.7
mpg,-4.0,1,qpsk-r1/5,w,9,2,1,data,ok,7,7,-2.4,15.7
mpg,-4.0,1,n10-ack-4f,n10,3,3,0,ctl,ok,0,0,2.7,15.7
mpg,-4.0,1,qpsk-r1/5,w,9,2,1,data,ok,7,7,0.9,15.7
mpg,-4.0,1,ack-1f,w,2,2,0,ctl,ok,0,0,1.3,15.7
mpg,-4.0,1,qpsk-r1/5,w,9,1,0,data,ok,8,8,-1.8,15.7
mpg,-4.0,1,ack-1f,w,2,2,0,ctl,ok,0,0,-0.0,15.7
mpg,-4.0,1,qpsk-r1/5,w,9,1,0,data,ok,8,8,3.2,15.7
mpg,-4.0,1,ack-1f,w,3,3,0,ctl,ok,0,0,2.2,15.7
mpg,-4.0,1,qpsk-r1/3,w,9,2,1,data,ok,7,0,-2.8,15.7
mpg,-4.0,1,ack-1f,w,3,3,0,ctl,ctl_lost,0,0,-2.1,15.7
mpg,-4.0,1,ack-4f,w,3,3,0,ctl,ok,0,0,-3.0,15.7
mpg,-4.0,1,ack-4f,w,3,3,0,ctl,ok,0,0,-0.5,15.7
mpg,-4.0,1,qpsk-r1/5,w,9,2,1,data,ok,7,7,-0.6,15.7
mpg,-4.0,1,n10-ack-4f,n10,2,2,0,ctl,ok,0,0,-1.1,15.7
mpg,-4.0,1,qpsk-r1/5,w,9,1,0,data,ok,8,8,-2.8,15.7
mpg,-4.0,1,ack-4f,w,2,2,0,ctl,ok,0,0,-4.7,15.7
mpg,-4.0,1,qpsk-r1/5,w,9,1,0,data,ctl_lost,8,0,-5.7,15.7
mpg,-4.0,1,ack-4f,w,3,3,,ctl,missed,0,0,,15.7
mpg,-4.0,1,ack-4f,w,3,3,0,ctl,ok,0,0,-5.4,15.7
mpg,-4.0,1,ack-4f,w,3,3,0,ctl,ok,0,0,-7.7,15.7
mpg,-4.0,1,qpsk-r1/5,w,9,2,1,data,ok,7,7,1.6,15.7
mpg,-4.0,1,n10-ack-4f,n10,3,3,0,ctl,ok,0,0,-4.2,15.7
mpg,-4.0,1,qpsk-r1/3,w,9,2,1,data,ok,7,7,-0.0,15.7
mpg,-4.0,1,ack-4f,w,3,3,0,ctl,ok,0,0,2.2,15.7
mpg,-4.0,1,qpsk-r1/3,w,9,2,1,data,ok,7,7,0.7,15.7
mpg,-4.0,1,ack-4f,w,3,3,0,ctl,ok,0,0,-2.3,15.7
mpg,-4.0,1,qpsk-r1/3,w,9,2,1,data,ok,7,6,-1.5,15.7
mpg,-4.0,1,ack-4f,w,3,3,0,ctl,ok,0,0,2.8,15.7
mpg,-4.0,1,qpsk-r1/3,w,9,2,1,data,ok,6,6,1.9,15.7
mpg,-4.0,1,ack-4f,w,2,2,0,ctl,ok,0,0,0.6,15.7
mpg,-4.0,1,qpsk-r1/3,w,9,1,0,data,ctl_lost,8,0,-3.2,15.7
mpg,-4.0,1,ack-4f,w,3,3,0,ctl,ok,0,0,-5.7,15.7
mpg,-4.0,1,ack-4f,w,3,3,0,ctl,ok,0,0,-1.1,15.7
mpg,-4.0,1,qpsk-r1/5,w,9,2,1,data,ctl_lost,7,0,-6.7,15.7
mpg,-4.0,1,ack-4f,w,4,4,0,ctl,ok,0,0,-3.3,15.7
mpg,-4.0,1,ack-4f,w,3,3,0,ctl,ok,0,0,-6.0,15.7
mpg,-4.0,1,qpsk-r1/5,w,9,2,1,data,ok,7,7,-0.9,15.7
mpg,-4.0,1,n10-ack-4f,n10,3,3,0,ctl,ok,0,0,-0.5,15.7
mpg,-4.0,1,qpsk-r1/5,w,9,2,1,data,ok,7,7,-2.8,15.7
mpg,-4.0,1,ack-4f,w,3,3,0,ctl,ok,0,0,0.1,15.7
mpg,-4.0,1,qpsk-r1/5,w,9,2,1,data,ok,7,7,-1.6,15.7
mpg,-4.0,1,ack-4f,w,3,3,0,ctl,ok,0,0,-2.0,15.7
mpg,-4.0,1,qpsk-r1/5,w,9,2,1,data,ok,7,7,-1.3,15.7
mpg,-4.0,1,ack-4f,w,2,2,,ctl,missed,0,0,,15.7
mpg,-4.0,1,ack-4f,w,3,3,0,ctl,ok,0,0,-2.4,15.7
mpg,-4.0,1,ack-4f,w,2,2,0,ctl,ok,0,0,3.1,15.7
mpg,-4.0,1,qpsk-r1/5,w,9,1,0,data,ok,8,8,-1.9,15.7
mpg,-4.0,1,ack-4f,w,3,3,0,ctl,ok,0,0,1.2,15.7
mpg,-4.0,1,qpsk-r1/5,w,9,2,1,data,ok,7,7,-1.0,15.7
mpg,-4.0,1,ack-4f,w,2,2,0,ctl,ok,0,0,0.7,15.7
mpg,-4.0,1,qpsk-r1/5,w,9,1,0,data,ctl_lost,8,0,-5.1,15.7
mpg,15.0,10,qpsk-r1/5,w,1,1,0,ctl,ok,0,0,20.6,263.9
mpg,15.0,10,qpsk-r1/5,w,1,1,0,ctl,ok,0,0,19.1,263.9
mpg,15.0,10,ack-4f,w,3,3,0,ctl,ok,0,0,19.7,263.9
mpg,15.0,10,ack-1f,w,2,2,0,ctl,ok,0,0,21.9,263.9
mpg,15.0,10,w48-64l-r1/2,w48,39,1,0,data,ok,38,38,17.2,263.9
mpg,15.0,10,ack-1f,w,2,2,0,ctl,ok,0,0,21.6,263.9
mpg,15.0,10,w48-64l-r7/12,w48,39,1,0,data,ctl_lost,38,0,11.5,263.9
mpg,15.0,10,ack-4f,w,3,3,0,ctl,ok,0,0,18.1,263.9
mpg,15.0,10,ack-4f,w,3,3,0,ctl,ok,0,0,14.6,263.9
mpg,15.0,10,w48-16qam-r2/3,w48,19,2,1,data,ok,17,0,13.5,263.9
mpg,15.0,10,ack-1f,w,3,3,0,ctl,ok,0,0,13.4,263.9
mpg,15.0,10,w48-16qam-r1/2,w48,19,2,1,data,ok,17,17,13.4,263.9
mpg,15.0,10,ack-1f,w,3,3,0,ctl,ok,0,0,6.3,263.9
mpg,15.0,10,w48-16qam-r1/2,w48,19,2,1,data,ok,17,17,16.8,263.9
mpg,15.0,10,ack-1f,w,3,3,0,ctl,ok,0,0,19.1,263.9
mpg,15.0,10,w48-16qam-r2/3,w48,19,2,1,data,ok,17,17,15.9,263.9
mpg,15.0,10,ack-1f,w,2,2,0,ctl,ok,0,0,17.1,263.9
mpg,15.0,10,w48-16qam-r2/3,w48,19,1,0,data,ctl_lost,18,0,11.8,263.9
mpg,15.0,10,ack-4f,w,3,3,0,ctl,ok,0,0,19.4,263.9
mpg,15.0,10,ack-4f,w,2,2,0,ctl,ok,0,0,17.1,263.9
mpg,15.0,10,w48-16qam-r1/2,w48,19,1,0,data,ok,18,18,12.7,263.9
mpg,15.0,10,ack-1f,w,3,3,0,ctl,ok,0,0,14.5,263.9
mpg,15.0,10,w48-16qam-r1/2,w48,19,2,1,data,ok,17,17,16.0,263.9
mpg,15.0,10,ack-1f,w,2,2,0,ctl,ok,0,0,17.2,263.9
mpg,15.0,10,w48-16qam-r1/2,w48,19,1,0,data,ok,18,18,16.7,263.9
mpg,15.0,10,ack-1f,w,3,3,0,ctl,ok,0,0,16.8,263.9
mpg,15.0,10,w48-16qam-r2/3,w48,19,2,1,data,ok,17,17,17.6,263.9
mpg,15.0,10,ack-1f,w,3,3,0,ctl,ok,0,0,18.0,263.9
mpg,15.0,10,w48-64l-r1/2,w48,39,2,1,data,ok,37,2,12.5,263.9
mpg,15.0,10,ack-1f,w,3,3,0,ctl,ok,0,0,14.9,263.9
mpg,15.0,10,w48-16qam-r1/2,w48,19,1,0,data,ok,18,18,15.5,263.9
mpg,15.0,10,ack-1f,w,2,2,0,ctl,ok,0,0,12.6,263.9
mpg,15.0,10,w48-16qam-r1/2,w48,19,1,0,data,ok,18,18,13.0,263.9
mpg,15.0,10,ack-1f,w,2,2,0,ctl,ok,0,0,18.5,263.9
mpg,15.0,10,w48-16qam-r1/2,w48,19,1,0,data,ok,18,18,14.5,263.9
mpg,15.0,10,ack-1f,w,2,2,0,ctl,ok,0,0,16.8,263.9
mpg,15.0,10,w48-16qam-r1/2,w48,19,1,0,data,ok,18,18,15.5,263.9
mpg,15.0,10,ack-1f,w,2,2,0,ctl,ok,0,0,18.8,263.9
mpg,15.0,10,w48-16qam-r1/2,w48,19,1,0,data,ok,18,18,14.5,263.9
mpg,15.0,10,ack-1f,w,2,2,0,ctl,ok,0,0,13.8,263.9
mpg,15.0,10,w48-16qam-r1/2,w48,19,1,0,data,ok,18,18,14.5,263.9
mpg,15.0,10,ack-1f,w,2,2,0,ctl,ok,0,0,17.9,263.9
mpg,15.0,10,w48-16qam-r1/2,w48,19,1,0,data,ok,18,18,19.1,263.9
mpg,15.0,10,ack-1f,w,2,2,0,ctl,ok,0,0,15.3,263.9
mpg,15.0,10,w48-64l-r1/2,w48,39,1,0,data,ok,38,29,13.8,263.9
mpg,15.0,10,ack-1f,w,4,4,0,ctl,ok,0,0,16.8,263.9
mpg,15.0,10,w48-64l-r1/2,w48,36,2,1,data,ok,25,14,12.9,263.9
mpg,15.0,10,ack-1f,w,4,4,0,ctl,ok,0,0,14.0,263.9
mpg,15.0,10,w48-64l-r1/2,w48,39,2,1,data,ok,26,0,10.1,263.9
mpg,15.0,10,ack-1f,w,3,3,0,ctl,ok,0,0,19.9,263.9
mpg,15.0,10,w48-16qam-r1/2,w48,19,2,1,data,ok,17,17,15.6,263.9
mpg,15.0,10,ack-1f,w,2,2,0,ctl,ok,0,0,21.9,263.9
mpg,15.0,10,w48-16qam-r1/2,w48,19,1,0,data,ok,18,18,17.1,263.9
mpg,15.0,10,ack-1f,w,3,3,0,ctl,ok,0,0,15.8,263.9
mpg,15.0,10,w48-16qam-r2/3,w48,19,2,1,data,ok,17,17,16.8,263.9
mpg,15.0,10,ack-1f,w,3,3,0,ctl,ok,0,0,16.5,263.9
mpg,15.0,10,w48-16qam-r2/3,w48,19,2,1,data,ok,17,17,17.5,263.9
mpg,15.0,10,ack-1f,w,2,2,0,ctl,ok,0,0,21.3,263.9
mpg,15.0,10,w48-16qam-r2/3,w48,19,1,0,data,ok,18,18,16.9,263.9
mpg,15.0,10,ack-1f,w,2,2,0,ctl,ok,0,0,19.9,263.9
mpg,15.0,10,w48-16qam-r2/3,w48,19,1,0,data,ok,18,18,14.6,263.9
mpg,15.0,10,ack-1f,w,3,3,0,ctl,ok,0,0,20.4,263.9
mpg,15.0,10,w48-16qam-r2/3,w48,19,2,1,data,ok,17,17,17.7,263.9
mpg,15.0,10,ack-1f,w,2,2,0,ctl,ok,0,0,13.5,263.9
mpg,15.0,10,w48-16qam-r2/3,w48,19,1,0,data,ctl_lost,18,0,9.9,263.9
mpg,15.0,10,ack-4f,w,2,2,0,ctl,ok,0,0,12.5,263.9
mpg,15.0,10,ack-4f,w,2,2,0,ctl,ok,0,0,16.1,263.9
mpg,15.0,10,w48-16qam-r1/3,w48,19,1,0,data,ok,18,18,18.2,263.9
mpg,15.0,10,ack-1f,w,2,2,0,ctl,ok,0,0,15.3,263.9
mpg,15.0,10,w48-64l-r1/2,w48,39,1,0,data,ok,38,38,14.4,263.9
mpg,15.0,10,ack-1f,w,3,3,0,ctl,ok,0,0,19.2,263.9
mpg,15.0,10,w48-16qam-r2/3,w48,19,2,1,data,ok,17,0,13.4,263.9
mpg,15.0,10,ack-1f,w,2,2,0,ctl,ok,0,0,13.4,263.9
mpg,15.0,10,w48-16qam-r1/2,w48,19,1,0,data,ok,18,18,16.0,263.9
mpg,15.0,10,ack-1f,w,2,2,0,ctl,ok,0,0,20.3,263.9
mpg,15.0,10,w48-16qam-r1/2,w48,19,1,0,data,ok,18,18,16.8,263.9
mpg,15.0,10,ack-1f,w,2,2,0,ctl,ok,0,0,14.1,263.9
mpg,15.0,10,w48-64l-r1/2,w48,39,1,0,data,ctl_lost,38,0,10.7,263.9
mpg,15.0,10,ack-4f,w,3,3,0,ctl,ok,0,0,19.5,263.9
mpg,15.0,10,ack-4f,w,2,2,0,ctl,ok,0,0,17.6,263.9
mpg,15.0,10,w48-16qam-r1/2,w48,19,1,0,data,ok,18,18,11.8,263.9
mpg,15.0,10,ack-1f,w,2,2,0,ctl,ok,0,0,13.1,263.9
mpg,15.0,10,w48-16qam-r1/2,w48,19,1,0,data,ok,18,18,15.4,263.9
mpg,15.0,10,ack-1f,w,2,2,0,ctl,ok,0,0,18.4,263.9
mpg,15.0,10,w48-16qam-r1/2,w48,19,1,0,data,ok,18,18,15.9,263.9
mpg,15.0,10,ack-1f,w,2,2,0,ctl,ok,0,0,15.4,263.9
mpg,15.0,10,w48-16qam-r1/2,w48,19,1,0,data,ok,18,18,16.6,263.9
mpg,15.0,10,ack-1f,w,2,2,0,ctl,ok,0,0,16.1,263.9
mpg,15.0,10,w48-16qam-r1/2,w48,19,1,0,data,ok,18,18,16.4,263.9
mpg,15.0,10,ack-1f,w,3,3,0,ctl,ok,0,0,12.4,263.9
mpg,15.0,10,w48-16qam-r2/3,w48,19,2,1,data,ok,17,17,16.5,263.9
mpg,15.0,10,ack-1f,w,3,3,0,ctl,ok,0,0,14.1,263.9
mpg,15.0,10,w48-16qam-r2/3,w48,19,2,1,data,ok,17,17,15.9,263.9
mpg,-4.0,5,qpsk-r1/5,w,1,1,0,ctl,ok,0,0,0.8,21.2
mpg,-4.0,5,qpsk-r1/5,w,1,1,0,ctl,ok,0,0,2.3,21.2
mpg,-4.0,5,ack-4f,w,3,3,0,ctl,ok,0,0,-1.3,21.2
mpg,-4.0,5,ack-1f,w,3,3,,ctl,missed,0,0,,21.2
mpg,-4.0,5,ack-4f,w,3,3,0,ctl,ok,0,0,-1.4,21.2
mpg,-4.0,5,ack-4f,w,3,3,0,ctl,ok,0,0,-1.6,21.2
mpg,-4.0,5,qpsk-r1/5,w,9,2,1,data,ok,7,7,0.9,21.2
mpg,-4.0,5,ack-4f,w,3,3,0,ctl,ok,0,0,1.8,21.2
mpg,-4.0,5,qpsk-r1/3,w,9,2,1,data,ok,7,7,-0.2,21.2
mpg,-4.0,5,ack-4f,w,3,3,0,ctl,ok,0,0,-2.3,21.2
mpg,-4.0,5,qpsk-r1/3,w,9,2,1,data,ok,7,0,-2.6,21.2
mpg,-4.0,5,ack-4f,w,3,3,0,ctl,ok,0,0,0.3,21.2
mpg,-4.0,5,qpsk-r1/3,w,9,2,1,data,ok,0,0,1.1,21.2
mpg,-4.0,5,ack-4f,w,3,3,0,ctl,ok,0,0,3.3,21.2
mpg,-4.0,5,qpsk-r1/3,w,9,2,1,data,ok,7,7,1.8,21.2
mpg,-4.0,5,ack-1f,w,2,2,0,ctl,ctl_lost,0,0,-5.9,21.2
mpg,-4.0,5,ack-4f,w,3,3,0,ctl,ok,0,0,-2.6,21.2
mpg,-4.0,5,ack-4f,w,3,3,,ctl,missed,0,0,,21.2
mpg,-4.0,5,ack-4f,w,3,3,0,ctl,ok,0,0,-1.4,21.2
mpg,-4.0,5,ack-4f,w,3,3,0,ctl,ok,0,0,1.3,21.2
mpg,-4.0,5,qpsk-r1/3,w,9,2,1,data,ok,7,7,0.8,21.2
mpg,-4.0,5,ack-4f,w,2,2,0,ctl,ok,0,0,0.4,21.2
mpg,-4.0,5,qpsk-r1/3,w,9,1,0,data,ok,8,8,0.2,21.2
mpg,-4.0,5,ack-4f,w,2,2,0,ctl,ok,0,0,1.0,21.2
mpg,-4.0,5,qpsk-r1/3,w,9,1,0,data,ctl_lost,8,0,-3.5,21.2
mpg,-4.0,5,ack-4f,w,3,3,0,ctl,ok,0,0,-6.8,21.2
mpg,-4.0,5,ack-4f,w,3,3,0,ctl,ok,0,0,-2.9,21.2
mpg,-4.0,5,qpsk-r1/5,w,9,2,1,data,ok,7,0,-3.6,21.2
mpg,-4.0,5,ack-4f,w,3,3,,ctl,missed,0,0,,21.2
mpg,-4.0,5,ack-4f,w,4,4,0,ctl,ok,0,0,-6.2,21.2
mpg,-4.0,5,ack-4f,w,3,3,0,ctl,ok,0,0,-4.4,21.2
mpg,-4.0,5,qpsk-r1/5,w,9,2,1,data,ok,7,7,-1.3,21.2
mpg,-4.0,5,n4-ack-8f,n4,3,3,0,ctl,ok,0,0,-10.8,21.2
mpg,-4.0,5,qpsk-r1/5,w,9,2,1,data,ok,7,7,-2.2,21.2
mpg,-4.0,5,ack-4f,w,2,2,,ctl,missed,0,0,,21.2
mpg,-4.0,5,ack-4f,w,3,3,0,ctl,ok,0,0,-7.4,21.2
mpg,-4.0,5,ack-4f,w,3,3,0,ctl,ok,0,0,0.5,21.2
mpg,-4.0,5,qpsk-r1/5,w,9,2,1,data,ok,7,7,-0.9,21.2
mpg,-4.0,5,ack-4f,w,2,2,0,ctl,ok,0,0,1.8,21.2
mpg,-4.0,5,qpsk-r1/5,w,9,1,0,data,ok,8,8,-0.7,21.2
mpg,-4.0,5,ack-4f,w,2,2,0,ctl,ok,0,0,-2.6,21.2
mpg,-4.0,5,qpsk-r1/5,w,9,1,0,data,ok,8,8,-0.1,21.2
mpg,-4.0,5,ack-4f,w,2,2,0,ctl,ok,0,0,-3.0,21.2
mpg,-4.0,5,qpsk-r1/5,w,9,1,0,data,ok,8,8,-2.2,21.2
mpg,-4.0,5,ack-4f,w,2,2,0,ctl,ok,0,0,-2.0,21.2
mpg,-4.0,5,qpsk-r1/5,w,9,1,0,data,ok,8,8,-0.1,21.2
mpg,-4.0,5,ack-4f,w,2,2,0,ctl,ok,0,0,3.5,21.2
mpg,-4.0,5,qpsk-r1/5,w,9,1,0,data,ok,8,8,-1.0,21.2
mpg,-4.0,5,ack-4f,w,2,2,0,ctl,ok,0,0,0.8,21.2
mpg,-4.0,5,qpsk-r1/5,w,9,1,0,data,ok,8,8,-1.0,21.2
mpg,-4.0,5,ack-4f,w,3,3,0,ctl,ok,0,0,3.3,21.2
mpg,-4.0,5,qpsk-r1/3,w,9,2,1,data,ok,7,0,-0.8,21.2
mpg,-4.0,5,n4-ack-2f,n4,3,3,0,ctl,ok,0,0,2.4,21.2
mpg,-4.0,5,qpsk-r1/3,w,9,2,1,data,ok,0,0,-2.4,21.2
mpg,-4.0,5,ack-1f,w,3,3,,ctl,missed,0,0,,21.2
mpg,-4.0,5,ack-4f,w,3,3,0,ctl,ok,0,0,4.0,21.2
mpg,-4.0,5,ack-4f,w,2,2,0,ctl,ok,0,0,5.8,21.2
mpg,-4.0,5,qpsk-r1/3,w,9,1,0,data,ok,8,8,1.8,21.2
mpg,-4.0,5,ack-1f,w,3,3,0,ctl,ok,0,0,3.9,21.2
mpg,-4.0,5,qpsk-r1/2,w,9,2,1,data,ok,7,0,0.1,21.2
mpg,-4.0,5,ack-1f,w,3,3,0,ctl,ctl_lost,0,0,-4.8,21.2
mpg,-4.0,5,ack-4f,w,3,3,,ctl,missed,0,0,,21.2
mpg,-4.0,5,ack-4f,w,3,3,0,ctl,ok,0,0,0.9,21.2
mpg,-4.0,5,ack-4f,w,3,3,0,ctl,ok,0,0,-0.6,21.2
mpg,-4.0,5,qpsk-r1/3,w,9,2,1,data,ok,7,7,-0.2,21.2
mpg,-4.0,5,ack-4f,w,3,3,0,ctl,ok,0,0,1.1,21.2
mpg,-4.0,5,qpsk-r1/3,w,9,2,1,data,ok,7,6,-0.9,21.2
mpg,-4.0,5,ack-4f,w,3,3,0,ctl,ok,0,0,-4.1,21.2
mpg,-4.0,5,qpsk-r1/3,w,9,2,1,data,ok,6,6,-1.4,21.2
mpg,-4.0,5,ack-4f,w,3,3,0,ctl,ok,0,0,1.7,21.2
mpg,-4.0,5,qpsk-r1/3,w,9,2,1,data,ok,7,0,-1.9,21.2
mpg,-4.0,5,ack-4f,w,2,2,0,ctl,ok,0,0,-0.7,21.2
mpg,-4.0,5,qpsk-r1/5,w,9,1,0,data,ok,8,8,0.1,21.2
mpg,-4.0,5,ack-4f,w,2,2,0,ctl,ok,0,0,2.3,21.2
mpg,-4.0,5,qpsk-r1/5,w,9,1,0,data,ok,8,8,1.8,21.2
mpg,-4.0,5,ack-4f,w,2,2,0,ctl,ok,0,0,0.8,21.2
mpg,-4.0,5,qpsk-r1/3,w,9,1,0,data,ctl_lost,8,0,-1.6,21.2
mpg,-4.0,5,ack-4f,w,3,3,0,ctl,ok,0,0,-0.9,21.2
mpg,-4.0,5,ack-4f,w,2,2,0,ctl,ok,0,0,-1.5,21.2
mpg,-4.0,5,qpsk-r1/5,w,9,1,0,data,ok,8,8,-0.3,21.2
mpg,-4.0,5,ack-4f,w,3,3,0,ctl,ok,0,0,-2.4,21.2
mpg,-4.0,5,qpsk-r1/3,w,9,2,1,data,ok,7,7,1.9,21.2
mpg,-4.0,5,ack-4f,w,2,2,0,ctl,ok,0,0,-1.1,21.2
mpg,-4.0,5,qpsk-r1/3,w,9,1,0,data,ok,8,8,0.3,21.2
mpg,-4.0,5,ack-4f,w,3,3,0,ctl,ok,0,0,-0.1,21.2
mpg,-4.0,5,qpsk-r1/3,w,9,2,1,data,ok,7,0,-1.9,21.2
mpg,-4.0,5,ack-4f,w,2,2,0,ctl,ok,0,0,0.9,21.2
mpg,-4.0,5,qpsk-r1/5,w,9,1,0,data,ok,8,8,0.8,21.2
mpg,-4.0,5,ack-4f,w,2,2,0,ctl,ok,0,0,0.2,21.2
mpg,-4.0,5,qpsk-r1/5,w,9,1,0,data,ok,8,8,1.9,21.2
mpg,-4.0,5,ack-4f,w,3,3,,ctl,missed,0,0,,21.2
mpg,-4.0,5,ack-4f,w,3,3,,ctl,missed,0,0,,21.2
mpg,-4.0,5,ack-4f,w,3,3,0,ctl,ok,0,0,-1.9,21.2
mpg,-4.0,5,ack-4f,w,2,2,0,ctl,ok,0,0,-2.0,21.2
mpg,-4.0,5,qpsk-r1/5,w,9,1,0,data,ok,8,8,-1.4,21.2
mpg,-4.0,5,ack-4f,w,2,2,0,ctl,ok,0,0,3.2,21.2
mpg,-4.0,5,qpsk-r1/5,w,9,1,0,data,ok,8,6,-3.1,21.2
mpg,-4.0,5,ack-4f,w,3,3,0,ctl,ok,0,0,-3.5,21.2
mpg,-4.0,5,qpsk-r1/5,w,9,1,0,data,ok,6,6,2.9,21.2
mpg,-4.0,5,ack-4f,w,2,2,0,ctl,ok,0,0,-0.3,21.2
mpg,-4.0,5,qpsk-r1/3,w,9,1,0,data,ctl_lost,8,0,-7.0,21.2
mpp,15.0,4,qpsk-r1/5,w,1,1,0,ctl,ok,0,0,20.2,332.4
mpp,15.0,4,qpsk-r1/5,w,1,1,0,ctl,ok,0,0,17.7,332.4
mpp,15.0,4,ack-4f,w,2,2,0,ctl,ok,0,0,17.5,332.4
mpp,15.0,4,ack-1f,w,3,3,0,ctl,ok,0,0,19.9,332.4
mpp,15.0,4,w48-64l-r1/2,w48,39,2,1,data,ok,37,37,14.5,332.4
mpp,15.0,4,ack-1f,w,2,2,0,ctl,ok,0,0,15.4,332.4
mpp,15.0,4,w48-16qam-r1/2,w48,19,1,0,data,ok,18,18,15.0,332.4
mpp,15.0,4,ack-1f,w,2,2,0,ctl,ok,0,0,18.1,332.4
mpp,15.0,4,w48-16qam-r1/2,w48,19,1,0,data,ok,18,18,15.3,332.4
mpp,15.0,4,ack-1f,w,2,2,0,ctl,ok,0,0,19.6,332.4
mpp,15.0,4,w48-16qam-r1/2,w48,19,1,0,data,ok,18,18,14.6,332.4
mpp,15.0,4,ack-1f,w,2,2,0,ctl,ok,0,0,17.3,332.4
mpp,15.0,4,w48-16qam-r1/2,w48,19,1,0,data,ok,18,18,16.3,332.4
mpp,15.0,4,ack-1f,w,2,2,0,ctl,ok,0,0,11.3,332.4
mpp,15.0,4,w48-16qam-r1/2,w48,19,1,0,data,ok,18,18,15.1,332.4
mpp,15.0,4,ack-1f,w,2,2,0,ctl,ok,0,0,17.6,332.4
mpp,15.0,4,w48-16qam-r1/2,w48,19,1,0,data,ok,18,18,15.2,332.4
mpp,15.0,4,ack-1f,w,2,2,0,ctl,ok,0,0,18.0,332.4
mpp,15.0,4,w48-16qam-r1/2,w48,19,1,0,data,ok,18,18,14.2,332.4
mpp,15.0,4,ack-1f,w,2,2,0,ctl,ok,0,0,20.5,332.4
mpp,15.0,4,w48-16qam-r1/2,w48,19,1,0,data,ok,18,18,16.4,332.4
mpp,15.0,4,ack-1f,w,2,2,0,ctl,ok,0,0,17.5,332.4
mpp,15.0,4,w48-16qam-r1/2,w48,19,1,0,data,ok,18,18,15.6,332.4
mpp,15.0,4,ack-1f,w,2,2,0,ctl,ok,0,0,13.5,332.4
mpp,15.0,4,w48-16qam-r1/2,w48,19,1,0,data,ok,18,18,15.4,332.4
mpp,15.0,4,ack-1f,w,2,2,0,ctl,ok,0,0,16.7,332.4
mpp,15.0,4,w48-16qam-r1/2,w48,19,1,0,data,ok,18,18,14.9,332.4
mpp,15.0,4,ack-1f,w,2,2,0,ctl,ok,0,0,16.4,332.4
mpp,15.0,4,w48-16qam-r1/2,w48,19,1,0,data,ok,18,18,16.0,332.4
mpp,15.0,4,ack-1f,w,2,2,0,ctl,ok,0,0,13.8,332.4
mpp,15.0,4,w48-16qam-r1/2,w48,19,1,0,data,ok,18,18,15.5,332.4
mpp,15.0,4,ack-1f,w,2,2,0,ctl,ok,0,0,15.1,332.4
mpp,15.0,4,w48-16qam-r1/2,w48,19,1,0,data,ok,18,18,15.7,332.4
mpp,15.0,4,ack-1f,w,2,2,0,ctl,ok,0,0,11.7,332.4
mpp,15.0,4,w48-16qam-r1/2,w48,19,1,0,data,ok,18,18,16.1,332.4
mpp,15.0,4,ack-1f,w,2,2,0,ctl,ok,0,0,15.4,332.4
mpp,15.0,4,w48-16qam-r1/2,w48,19,1,0,data,ok,18,18,16.1,332.4
mpp,15.0,4,ack-1f,w,2,2,0,ctl,ok,0,0,19.7,332.4
mpp,15.0,4,w48-16qam-r1/2,w48,19,1,0,data,ok,18,18,16.2,332.4
mpp,15.0,4,ack-1f,w,2,2,0,ctl,ok,0,0,14.1,332.4
mpp,15.0,4,w48-16qam-r1/2,w48,19,1,0,data,ok,18,18,16.1,332.4
mpp,15.0,4,ack-1f,w,3,3,0,ctl,ok,0,0,21.0,332.4
mpp,15.0,4,w48-16qam-r2/3,w48,19,2,1,data,ok,17,17,16.6,332.4
mpp,15.0,4,ack-1f,w,3,3,0,ctl,ok,0,0,19.8,332.4
mpp,15.0,4,w48-16qam-r2/3,w48,19,2,1,data,ok,17,13,14.8,332.4
mpp,15.0,4,ack-1f,w,4,4,0,ctl,ok,0,0,18.5,332.4
mpp,15.0,4,w48-16qam-r2/3,w48,19,2,1,data,ok,13,12,16.2,332.4
mpp,15.0,4,ack-1f,w,4,4,0,ctl,ok,0,0,14.0,332.4
mpp,15.0,4,w48-16qam-r2/3,w48,19,2,1,data,ok,16,16,16.1,332.4
mpp,15.0,4,ack-1f,w,3,3,0,ctl,ok,0,0,18.4,332.4
mpp,15.0,4,w48-16qam-r2/3,w48,19,2,1,data,ok,17,17,16.0,332.4
mpp,15.0,4,ack-1f,w,3,3,0,ctl,ok,0,0,14.4,332.4
mpp,15.0,4,w48-16qam-r2/3,w48,19,2,1,data,ok,17,17,16.5,332.4
mpp,15.0,4,ack-1f,w,2,2,0,ctl,ok,0,0,15.7,332.4
mpp,15.0,4,w48-16qam-r2/3,w48,19,1,0,data,ok,18,18,15.2,332.4
mpp,15.0,4,ack-1f,w,3,3,0,ctl,ok,0,0,13.0,332.4
mpp,15.0,4,w48-16qam-r2/3,w48,19,2,1,data,ok,17,17,16.0,332.4
mpp,15.0,4,ack-1f,w,3,3,0,ctl,ok,0,0,16.6,332.4
mpp,15.0,4,w48-16qam-r2/3,w48,19,2,1,data,ok,17,17,16.0,332.4
mpp,15.0,4,ack-1f,w,2,2,0,ctl,ok,0,0,18.0,332.4
mpp,15.0,4,w48-16qam-r2/3,w48,19,1,0,data,ok,18,18,16.5,332.4
mpp,15.0,4,ack-1f,w,2,2,0,ctl,ok,0,0,14.8,332.4
mpp,15.0,4,w48-16qam-r2/3,w48,19,1,0,data,ctl_lost,18,6,14.4,332.4
mpp,15.0,4,ack-4f,w,3,3,0,ctl,ok,0,0,18.9,332.4
mpp,15.0,4,ack-4f,w,3,3,0,ctl,ok,0,0,18.7,332.4
mpp,15.0,4,w48-16qam-r2/3,w48,19,2,1,data,ok,17,17,15.5,332.4
mpp,15.0,4,ack-1f,w,3,3,0,ctl,ok,0,0,15.5,332.4
mpp,15.0,4,w48-16qam-r2/3,w48,19,2,1,data,ok,17,17,16.0,332.4
mpp,15.0,4,ack-1f,w,3,3,0,ctl,ok,0,0,12.9,332.4
mpp,15.0,4,w48-16qam-r2/3,w48,19,2,1,data,ok,17,17,15.8,332.4
mpp,15.0,4,ack-1f,w,3,3,0,ctl,ok,0,0,21.5,332.4
mpp,15.0,4,w48-16qam-r2/3,w48,19,2,1,data,ok,17,17,16.1,332.4
mpp,15.0,4,ack-1f,w,2,2,0,ctl,ok,0,0,18.6,332.4
mpp,15.0,4,w48-16qam-r2/3,w48,19,1,0,data,ctl_lost,18,6,14.1,332.4
mpp,15.0,4,ack-4f,w,3,3,0,ctl,ok,0,0,17.2,332.4
mpp,15.0,4,ack-4f,w,2,2,0,ctl,ok,0,0,17.7,332.4
mpp,15.0,4,w48-16qam-r1/2,w48,19,1,0,data,ok,18,18,16.9,332.4
mpp,15.0,4,ack-1f,w,3,3,0,ctl,ok,0,0,18.0,332.4
mpp,15.0,4,w48-64l-r1/2,w48,39,2,1,data,ok,37,36,14.3,332.4
mpp,15.0,4,ack-1f,w,4,4,0,ctl,ok,0,0,17.7,332.4
mpp,15.0,4,w48-64l-r1/2,w48,34,2,1,data,ok,31,2,13.1,332.4
mpp,15.0,4,ack-1f,w,4,4,0,ctl,ok,0,0,16.1,332.4
mpp,15.0,4,w48-64l-r1/2,w48,39,2,1,data,ok,8,2,13.6,332.4
mpp,15.0,4,ack-1f,w,3,3,0,ctl,ok,0,0,16.2,332.4
mpp,15.0,4,w48-64l-r1/2,w48,39,2,1,data,ok,33,33,14.6,332.4
mpp,15.0,4,ack-1f,w,3,3,0,ctl,ok,0,0,20.0,332.4
mpp,15.0,4,w48-64l-r1/2,w48,39,2,1,data,ok,37,37,14.9,332.4
mpp,15.0,4,ack-1f,w,2,2,0,ctl,ok,0,0,9.8,332.4
mpp,15.0,4,w48-64l-r1/2,w48,39,1,0,data,ok,38,38,13.9,332.4
mpp,15.0,4,ack-1f,w,3,3,0,ctl,ok,0,0,16.0,332.4
mpp,15.0,4,w48-64l-r1/2,w48,39,2,1,data,ok,37,37,15.1,332.4
mpp,15.0,4,ack-1f,w,2,2,0,ctl,ok,0,0,19.6,332.4
mpp,15.0,4,w48-64l-r1/2,w48,39,1,0,data,ctl_lost,38,2,13.0,332.4
mpg,-4.0,0,qpsk-r1/5,w,1,1,0,ctl,ok,0,0,-3.3,18.7
mpg,-4.0,0,qpsk-r1/5,w,1,1,0,ctl,ok,0,0,-0.9,18.7
mpg,-4.0,0,ack-4f,w,3,3,0,ctl,ok,0,0,1.7,18.7
mpg,-4.0,0,n10-ack-4f,n10,3,3,0,ctl,ok,0,0,-2.9,18.7
mpg,-4.0,0,qpsk-r1/5,w,9,2,1,data,ctl_lost,7,0,-8.0,18.7
mpg,-4.0,0,ack-4f,w,2,2,0,ctl,ok,0,0,-7.2,18.7
mpg,-4.0,0,ack-4f,w,3,3,0,ctl,ok,0,0,-0.6,18.7
mpg,-4.0,0,fsk32r62-r1/2,c32r62,10,2,1,data,ok,8,8,0.5,18.7
mpg,-4.0,0,ack-4f,w,3,3,0,ctl,ok,0,0,-4.4,18.7
mpg,-4.0,0,qpsk-r1/3,w,9,2,1,data,ok,7,7,1.9,18.7
mpg,-4.0,0,n10-ack-4f,n10,3,3,0,ctl,ok,0,0,-2.2,18.7
mpg,-4.0,0,qpsk-r1/3,w,9,2,1,data,ok,7,6,-0.8,18.7
mpg,-4.0,0,ack-4f,w,3,3,0,ctl,ok,0,0,2.2,18.7
mpg,-4.0,0,qpsk-r1/3,w,9,2,1,data,ok,6,2,-0.5,18.7
mpg,-4.0,0,ack-1f,w,3,3,0,ctl,ctl_lost,0,0,-7.9,18.7
mpg,-4.0,0,ack-4f,w,3,3,0,ctl,ok,0,0,-6.1,18.7
mpg,-4.0,0,ack-4f,w,3,3,0,ctl,ok,0,0,-6.2,18.7
mpg,-4.0,0,qpsk-r1/3,w,9,2,1,data,ok,7,7,1.5,18.7
mpg,-4.0,0,n10-ack-4f,n10,3,3,0,ctl,ok,0,0,4.8,18.7
mpg,-4.0,0,qpsk-r1/3,w,9,2,1,data,ok,7,0,-2.7,18.7
mpg,-4.0,0,n4-ack-2f,n4,3,3,0,ctl,ctl_lost,0,0,-9.5,18.7
mpg,-4.0,0,ack-4f,w,3,3,0,ctl,ok,0,0,2.3,18.7
mpg,-4.0,0,ack-4f,w,2,2,0,ctl,ok,0,0,-2.1,18.7
mpg,-4.0,0,qpsk-r1/3,w,9,1,0,data,ok,8,8,1.5,18.7
mpg,-4.0,0,n10-ack-4f,n10,3,3,0,ctl,ok,0,0,-3.4,18.7
mpg,-4.0,0,qpsk-r1/2,w,9,2,,data,missed,0,0,,18.7
mpg,-4.0,0,ack-4f,w,3,3,0,ctl,ok,0,0,0.2,18.7
mpg,-4.0,0,ack-4f,w,2,2,0,ctl,ok,0,0,-1.7,18.7
mpg,-4.0,0,qpsk-r1/3,w,9,1,0,data,ok,8,7,-1.3,18.7
mpg,-4.0,0,n10-ack-4f,n10,3,3,,ctl,missed,0,0,,18.7
mpg,-4.0,0,ack-4f,w,4,4,0,ctl,ok,0,0,3.8,18.7
mpg,-4.0,0,ack-4f,w,3,3,0,ctl,ok,0,0,2.5,18.7
mpg,-4.0,0,qpsk-r1/3,w,9,1,0,data,ok,8,8,2.8,18.7
mpg,-4.0,0,ack-4f,w,3,3,0,ctl,ok,0,0,1.3,18.7
mpg,-4.0,0,qpsk-r1/2,w,9,2,1,data,ok,7,0,0.3,18.7
mpg,-4.0,0,ack-4f,w,3,3,0,ctl,ok,0,0,1.4,18.7
mpg,-4.0,0,qpsk-r1/2,w,9,2,1,data,ok,0,0,-0.6,18.7
mpg,-4.0,0,ack-4f,w,2,2,0,ctl,ok,0,0,4.8,18.7
mpg,-4.0,0,qpsk-r1/3,w,9,1,0,data,ok,8,8,2.2,18.7
mpg,-4.0,0,ack-4f,w,2,2,0,ctl,ok,0,0,-10.8,18.7
mpg,-4.0,0,qpsk-r1/3,w,9,1,,data,missed,0,0,,18.7
mpg,-4.0,0,ack-4f,w,3,3,0,ctl,ok,0,0,5.8,18.7
mpg,-4.0,0,ack-4f,w,3,3,0,ctl,ok,0,0,3.1,18.7
mpg,-4.0,0,qpsk-r1/2,w,9,2,1,data,ok,7,0,-0.4,18.7
mpg,-4.0,0,n10-ack-4f,n10,3,3,0,ctl,ctl_lost,0,0,-9.4,18.7
mpg,-4.0,0,ack-4f,w,4,4,0,ctl,ok,0,0,-2.5,18.7
mpg,-4.0,0,ack-4f,w,3,3,0,ctl,ok,0,0,-0.2,18.7
mpg,-4.0,0,qpsk-r1/3,w,9,2,1,data,ok,7,0,-3.5,18.7
mpg,-4.0,0,n10-ack-4f,n10,3,3,0,ctl,ok,0,0,-8.5,18.7
mpg,-4.0,0,qpsk-r1/3,w,9,2,1,data,ok,0,0,0.7,18.7
mpg,-4.0,0,ack-4f,w,2,2,0,ctl,ok,0,0,-1.1,18.7
mpg,-4.0,0,qpsk-r1/3,w,9,1,0,data,ok,8,8,1.0,18.7
mpg,-4.0,0,n10-ack-4f,n10,2,2,0,ctl,ok,0,0,4.5,18.7
mpg,-4.0,0,qpsk-r1/3,w,9,1,0,data,ok,8,0,0.1,18.7
mpg,-4.0,0,ack-4f,w,2,2,0,ctl,ok,0,0,-5.2,18.7
mpg,-4.0,0,qpsk-r1/3,w,9,1,0,data,ok,0,0,-0.1,18.7
mpg,-4.0,0,ack-4f,w,3,3,0,ctl,ok,0,0,-0.8,18.7
mpg,-4.0,0,qpsk-r1/5,w,9,2,1,data,ok,7,7,2.6,18.7
mpg,-4.0,0,n10-ack-4f,n10,3,3,0,ctl,ok,0,0,-5.7,18.7
mpg,-4.0,0,qpsk-r1/2,w,9,2,,data,missed,0,0,,18.7
mpg,-4.0,0,ack-4f,w,3,3,0,ctl,ok,0,0,0.0,18.7
mpg,-4.0,0,ack-4f,w,3,3,0,ctl,ok,0,0,-3.7,18.7
mpg,-4.0,0,qpsk-r1/2,w,9,2,1,data,ok,7,0,-1.2,18.7
mpg,-4.0,0,n10-ack-4f,n10,2,2,0,ctl,ok,0,0,-0.1,18.7
mpg,-4.0,0,qpsk-r1/3,w,9,1,0,data,ctl_lost,8,0,-4.0,18.7
mpg,-4.0,0,ack-4f,w,4,4,0,ctl,ok,0,0,3.0,18.7
mpg,-4.0,0,ack-4f,w,2,2,0,ctl,ok,0,0,-8.2,18.7
mpg,-4.0,0,qpsk-r1/3,w,9,1,,data,missed,0,0,,18.7
mpg,-4.0,0,ack-4f,w,3,3,0,ctl,ok,0,0,-2.5,18.7
mpg,-4.0,0,ack-4f,w,3,3,0,ctl,ok,0,0,-6.3,18.7
mpg,-4.0,0,qpsk-r1/2,w,9,2,1,data,ok,7,4,1.1,18.7
mpg,-4.0,0,n10-ack-4f,n10,3,3,0,ctl,ok,0,0,3.5,18.7
mpg,-4.0,0,qpsk-r1/2,w,9,2,1,data,ok,4,0,0.0,18.7
mpg,-4.0,0,n10-ack-4f,n10,3,3,0,ctl,ok,0,0,6.0,18.7
mpg,-4.0,0,qpsk-r1/2,w,9,2,1,data,ok,3,3,3.7,18.7
mpg,-4.0,0,ack-1f,w,2,2,0,ctl,ok,0,0,5.8,18.7
mpg,-4.0,0,qpsk-r1/2,w,9,1,0,data,ctl_lost,8,0,0.9,18.7
mpg,-4.0,0,ack-4f,w,3,3,0,ctl,ok,0,0,-2.6,18.7
mpg,-4.0,0,ack-4f,w,3,3,,ctl,missed,0,0,,18.7
mpg,-4.0,0,ack-4f,w,3,3,0,ctl,ok,0,0,-1.7,18.7
mpg,-4.0,0,ack-4f,w,3,3,0,ctl,ok,0,0,1.2,18.7
mpg,-4.0,0,qpsk-r1/5,w,9,2,1,data,ok,7,7,-0.2,18.7
mpg,-4.0,0,ack-1f,w,3,3,0,ctl,ok,0,0,0.8,18.7
mpg,-4.0,0,qpsk-r1/5,w,9,2,1,data,ok,7,7,0.8,18.7
mpg,-4.0,0,ack-4f,w,3,3,0,ctl,ok,0,0,-2.5,18.7
mpg,-4.0,0,qpsk-r1/2,w,9,2,1,data,ok,7,7,2.5,18.7
mpg,-4.0,0,ack-4f,w,3,3,0,ctl,ok,0,0,0.5,18.7
mpg,-4.0,0,qpsk-r1/2,w,9,2,1,data,ok,7,0,-2.0,18.7
mpg,-4.0,0,ack-4f,w,3,3,0,ctl,ok,0,0,1.9,18.7
mpg,-4.0,0,qpsk-r1/2,w,9,2,1,data,ok,0,0,0.7,18.7
mpg,-4.0,0,ack-4f,w,3,3,0,ctl,ok,0,0,2.8,18.7
mpg,-4.0,0,qpsk-r1/2,w,9,2,1,data,ctl_lost,7,0,-5.2,18.7
mpg,-4.0,0,ack-4f,w,3,3,0,ctl,ok,0,0,-0.8,18.7
mpg,-4.0,0,ack-4f,w,3,3,0,ctl,ok,0,0,-1.5,18.7
mpg,-4.0,0,qpsk-r1/5,w,9,2,1,data,ok,7,7,3.3,18.7
mpg,-4.0,4,qpsk-r1/5,w,1,1,0,ctl,ctl_lost,0,0,-10.3,16.6
mpg,-4.0,4,n4-qpsk-r1/3,n4,1,1,,ctl,missed,0,0,,16.6
mpg,-4.0,4,n4-qpsk-r1/3,n4,1,1,0,ctl,ok,0,0,-8.6,16.6
mpg,-4.0,4,n4-qpsk-r1/3,n4,1,1,0,ctl,ok,0,0,-1.3,16.6
mpg,-4.0,4,ack-4f,w,3,3,0,ctl,ok,0,0,0.7,16.6
mpg,-4.0,4,n10-ack-4f,n10,3,3,0,ctl,ok,0,0,-4.1,16.6
mpg,-4.0,4,qpsk-r1/5,w,9,2,1,data,ok,7,7,-0.6,16.6
mpg,-4.0,4,ack-4f,w,3,3,0,ctl,ok,0,0,3.9,16.6
mpg,-4.0,4,qpsk-r1/3,w,9,2,1,data,ok,7,7,0.5,16.6
mpg,-4.0,4,ack-1f,w,3,3,0,ctl,ok,0,0,4.0,16.6
mpg,-4.0,4,qpsk-r1/3,w,9,2,1,data,ok,7,7,-0.4,16.6
mpg,-4.0,4,ack-1f,w,3,3,0,ctl,ctl_lost,0,0,-3.1,16.6
mpg,-4.0,4,ack-4f,w,3,3,0,ctl,ok,0,0,1.4,16.6
mpg,-4.0,4,ack-4f,w,3,3,0,ctl,ok,0,0,0.1,16.6
mpg,-4.0,4,qpsk-r1/3,w,9,2,1,data,ok,7,0,-2.0,16.6
mpg,-4.0,4,ack-4f,w,3,3,0,ctl,ctl_lost,0,0,-5.8,16.6
mpg,-4.0,4,ack-4f,w,3,3,0,ctl,ok,0,0,-3.7,16.6
mpg,-4.0,4,ack-4f,w,3,3,0,ctl,ok,0,0,-3.2,16.6
mpg,-4.0,4,qpsk-r1/5,w,9,2,1,data,ok,7,7,0.4,16.6
mpg,-4.0,4,n10-ack-4f,n10,2,2,0,ctl,ok,0,0,-2.9,16.6
mpg,-4.0,4,qpsk-r1/5,w,9,1,0,data,ok,8,8,-2.2,16.6
mpg,-4.0,4,n10-ack-4f,n10,3,3,0,ctl,ok,0,0,3.3,16.6
mpg,-4.0,4,qpsk-r1/3,w,9,2,1,data,ok,7,0,-3.0,16.6
mpg,-4.0,4,n4-ack-2f,n4,3,3,0,ctl,ok,0,0,-3.5,16.6
mpg,-4.0,4,qpsk-r1/5,w,9,2,1,data,ok,7,0,-4.6,16.6
mpg,-4.0,4,n10-ack-4f,n10,3,3,0,ctl,ok,0,0,0.7,16.6
mpg,-4.0,4,qpsk-r1/5,w,9,2,1,data,ok,0,0,-2.6,16.6
mpg,-4.0,4,ack-4f,w,3,3,0,ctl,ok,0,0,-3.6,16.6
mpg,-4.0,4,qpsk-r1/5,w,9,2,1,data,ok,7,1,-3.3,16.6
mpg,-4.0,4,n10-ack-4f,n10,3,3,0,ctl,ok,0,0,-9.3,16.6
mpg,-4.0,4,qpsk-r1/5,w,9,2,1,data,ok,1,1,-0.9,16.6
mpg,-4.0,4,n10-ack-4f,n10,2,2,0,ctl,ok,0,0,-5.0,16.6
mpg,-4.0,4,qpsk-r1/5,w,9,1,0,data,ok,8,8,1.7,16.6
mpg,-4.0,4,n10-ack-4f,n10,2,2,0,ctl,ok,0,0,-4.2,16.6
mpg,-4.0,4,qpsk-r1/3,w,9,1,0,data,ctl_lost,8,0,-1.7,16.6
mpg,-4.0,4,ack-4f,w,3,3,0,ctl,ok,0,0,-3.3,16.6
mpg,-4.0,4,ack-4f,w,3,3,0,ctl,ok,0,0,-1.5,16.6
mpg,-4.0,4,qpsk-r1/5,w,9,2,1,data,ok,7,7,-1.9,16.6
mpg,-4.0,4,n10-ack-4f,n10,2,2,0,ctl,ok,0,0,3.8,16.6
mpg,-4.0,4,qpsk-r1/5,w,9,1,0,data,ok,8,8,-1.6,16.6
mpg,-4.0,4,n4-ack-2f,n4,2,2,0,ctl,ok,0,0,-4.0,16.6
mpg,-4.0,4,qpsk-r1/5,w,9,1,0,data,ctl_lost,8,0,-3.1,16.6
mpg,-4.0,4,ack-4f,w,3,3,0,ctl,ok,0,0,2.3,16.6
mpg,-4.0,4,ack-4f,w,2,2,0,ctl,ok,0,0,-1.9,16.6
mpg,-4.0,4,qpsk-r1/5,w,9,1,0,data,ok,8,8,-1.9,16.6
mpg,-4.0,4,n10-ack-4f,n10,3,3,0,ctl,ok,0,0,-1.5,16.6
mpg,-4.0,4,qpsk-r1/3,w,9,2,1,data,ok,7,6,-0.8,16.6
mpg,-4.0,4,n10-ack-4f,n10,2,2,0,ctl,ok,0,0,-6.5,16.6
mpg,-4.0,4,qpsk-r1/5,w,9,1,0,data,ok,8,8,-2.4,16.6
mpg,-4.0,4,n10-ack-4f,n10,2,2,0,ctl,ok,0,0,-1.7,16.6
mpg,-4.0,4,qpsk-r1/5,w,9,1,0,data,ok,8,8,1.5,16.6
mpg,-4.0,4,n10-ack-4f,n10,3,3,0,ctl,ok,0,0,-4.6,16.6
mpg,-4.0,4,qpsk-r1/3,w,9,2,1,data,ok,7,7,0.1,16.6
mpg,-4.0,4,n10-ack-4f,n10,3,3,0,ctl,ok,0,0,-3.0,16.6
mpg,-4.0,4,qpsk-r1/3,w,9,2,1,data,ok,7,7,-0.5,16.6
mpg,-4.0,4,n10-ack-4f,n10,3,3,0,ctl,ok,0,0,2.7,16.6
mpg,-4.0,4,qpsk-r1/3,w,9,2,1,data,ok,7,0,-1.8,16.6
mpg,-4.0,4,n4-ack-2f,n4,2,2,,ctl,missed,0,0,,16.6
mpg,-4.0,4,ack-4f,w,3,3,0,ctl,ok,0,0,-11.7,16.6
mpg,-4.0,4,ack-4f,w,3,3,0,ctl,ok,0,0,-2.0,16.6
mpg,-4.0,4,qpsk-r1/5,w,9,2,1,data,ok,7,7,0.4,16.6
mpg,-4.0,4,n10-ack-4f,n10,3,3,0,ctl,ok,0,0,3.1,16.6
mpg,-4.0,4,qpsk-r1/5,w,9,2,1,data,ok,7,7,-0.9,16.6
mpg,-4.0,4,n10-ack-4f,n10,2,2,0,ctl,ctl_lost,0,0,-6.6,16.6
mpg,-4.0,4,ack-4f,w,3,3,0,ctl,ok,0,0,-3.3,16.6
mpg,-4.0,4,ack-4f,w,2,2,0,ctl,ok,0,0,-4.2,16.6
mpg,-4.0,4,qpsk-r1/5,w,9,1,0,data,ok,8,8,-0.1,16.6
mpg,-4.0,4,n10-ack-4f,n10,2,2,,ctl,missed,0,0,,16.6
mpg,-4.0,4,ack-4f,w,3,3,0,ctl,ok,0,0,-5.1,16.6
mpg,-4.0,4,ack-4f,w,3,3,0,ctl,ok,0,0,-0.3,16.6
mpg,-4.0,4,qpsk-r1/5,w,9,2,1,data,ok,7,7,-1.5,16.6
mpg,-4.0,4,n10-ack-4f,n10,2,2,,ctl,missed,0,0,,16.6
mpg,-4.0,4,ack-4f,w,3,3,0,ctl,ok,0,0,-2.4,16.6
mpg,-4.0,4,ack-4f,w,2,2,0,ctl,ok,0,0,2.3,16.6
mpg,-4.0,4,qpsk-r1/5,w,9,1,0,data,ok,8,8,0.8,16.6
mpg,-4.0,4,n10-ack-4f,n10,2,2,0,ctl,ok,0,0,3.7,16.6
mpg,-4.0,4,qpsk-r1/5,w,9,1,0,data,ok,8,8,1.0,16.6
mpg,-4.0,4,ack-1f,w,3,3,0,ctl,ok,0,0,2.0,16.6
mpg,-4.0,4,w48-qpsk-r1/5,w48,19,2,1,data,ctl_lost,17,0,-4.5,16.6
mpg,-4.0,4,ack-4f,w,2,2,0,ctl,ok,0,0,1.9,16.6
mpg,-4.0,4,ack-4f,w,2,2,0,ctl,ok,0,0,1.8,16.6
mpg,-4.0,4,qpsk-r1/3,w,9,1,0,data,ok,8,8,0.4,16.6
mpg,-4.0,4,n4-ack-2f,n4,3,3,0,ctl,ok,0,0,-1.8,16.6
mpg,-4.0,4,qpsk-r1/3,w,9,2,1,data,ok,7,0,-3.0,16.6
mpg,-4.0,4,n10-ack-4f,n10,2,2,0,ctl,ok,0,0,-4.0,16.6
mpg,-4.0,4,qpsk-r1/5,w,9,1,0,data,ok,8,8,0.2,16.6
mpg,-4.0,4,ack-4f,w,2,2,0,ctl,ok,0,0,0.1,16.6
mpg,-4.0,4,qpsk-r1/5,w,9,1,0,data,ok,8,8,2.2,16.6
mpg,-4.0,4,n10-ack-4f,n10,3,3,0,ctl,ok,0,0,-5.5,16.6
mpg,-4.0,4,qpsk-r1/2,w,9,2,1,data,ctl_lost,7,0,-2.4,16.6
mpg,-4.0,4,ack-4f,w,3,3,0,ctl,ok,0,0,-1.5,16.6
mpg,-4.0,4,ack-4f,w,2,2,0,ctl,ok,0,0,0.1,16.6
mpg,-4.0,4,qpsk-r1/5,w,9,1,0,data,ok,8,8,3.6,16.6
mpg,-4.0,4,n10-ack-4f,n10,2,2,0,ctl,ok,0,0,3.0,16.6
mpg,-4.0,4,qpsk-r1/3,w,9,1,0,data,ctl_lost,8,0,-2.4,16.6
mpg,-4.0,4,ack-4f,w,3,3,0,ctl,ok,0,0,1.9,16.6
mpg,-4.0,4,ack-4f,w,2,2,0,ctl,ok,0,0,2.2,16.6
mpg,-4.0,4,qpsk-r1/5,w,9,1,0,data,ok,8,8,1.2,16.6
mpp,15.0,10,qpsk-r1/5,w,1,1,0,ctl,ok,0,0,17.6,312.8
mpp,15.0,10,qpsk-r1/5,w,1,1,0,ctl,ok,0,0,19.3,312.8
mpp,15.0,10,ack-4f,w,3,3,0,ctl,ok,0,0,18.6,312.8
mpp,15.0,10,ack-1f,w,2,2,0,ctl,ok,0,0,17.6,312.8
mpp,15.0,10,w48-16qam-r1/2,w48,19,1,0,data,ok,18,18,15.1,312.8
mpp,15.0,10,ack-1f,w,2,2,0,ctl,ok,0,0,20.6,312.8
mpp,15.0,10,w48-16qam-r1/2,w48,19,1,0,data,ok,18,18,15.8,312.8
mpp,15.0,10,ack-1f,w,2,2,0,ctl,ok,0,0,20.6,312.8
mpp,15.0,10,w48-16qam-r1/2,w48,19,1,0,data,ok,18,18,14.9,312.8
mpp,15.0,10,ack-1f,w,2,2,0,ctl,ok,0,0,14.6,312.8
mpp,15.0,10,w48-16qam-r1/2,w48,19,1,0,data,ok,18,18,16.7,312.8
mpp,15.0,10,ack-1f,w,2,2,0,ctl,ok,0,0,18.0,312.8
mpp,15.0,10,w48-16qam-r1/2,w48,19,1,0,data,ok,18,18,15.3,312.8
mpp,15.0,10,ack-1f,w,2,2,0,ctl,ok,0,0,18.0,312.8
mpp,15.0,10,w48-16qam-r1/2,w48,19,1,0,data,ok,18,18,16.4,312.8
mpp,15.0,10,ack-1f,w,2,2,0,ctl,ok,0,0,21.0,312.8
mpp,15.0,10,w48-16qam-r1/2,w48,19,1,0,data,ok,18,18,15.1,312.8
mpp,15.0,10,ack-1f,w,2,2,0,ctl,ok,0,0,19.9,312.8
mpp,15.0,10,w48-16qam-r1/2,w48,19,1,0,data,ok,18,18,15.6,312.8
mpp,15.0,10,ack-1f,w,2,2,0,ctl,ok,0,0,18.4,312.8
mpp,15.0,10,w48-16qam-r1/2,w48,19,1,0,data,ok,18,18,17.5,312.8
mpp,15.0,10,ack-1f,w,3,3,0,ctl,ok,0,0,17.5,312.8
mpp,15.0,10,w48-16qam-r2/3,w48,19,2,1,data,ok,17,17,16.4,312.8
mpp,15.0,10,ack-1f,w,3,3,0,ctl,ok,0,0,17.7,312.8
mpp,15.0,10,w48-16qam-r2/3,w48,19,2,1,data,ok,17,0,13.6,312.8
mpp,15.0,10,ack-1f,w,2,2,0,ctl,ok,0,0,15.4,312.8
mpp,15.0,10,w48-16qam-r1/2,w48,19,1,0,data,ok,18,18,14.8,312.8
mpp,15.0,10,ack-1f,w,2,2,0,ctl,ok,0,0,19.8,312.8
mpp,15.0,10,w48-16qam-r1/2,w48,19,1,0,data,ok,18,18,15.5,312.8
mpp,15.0,10,ack-1f,w,2,2,0,ctl,ok,0,0,17.6,312.8
mpp,15.0,10,w48-16qam-r1/2,w48,19,1,0,data,ok,18,18,15.7,312.8
mpp,15.0,10,ack-1f,w,2,2,0,ctl,ok,0,0,20.9,312.8
mpp,15.0,10,w48-16qam-r1/2,w48,19,1,0,data,ok,18,18,14.7,312.8
mpp,15.0,10,ack-1f,w,2,2,0,ctl,ok,0,0,19.5,312.8
mpp,15.0,10,w48-16qam-r1/2,w48,19,1,0,data,ok,18,18,16.7,312.8
mpp,15.0,10,ack-1f,w,3,3,0,ctl,ok,0,0,14.8,312.8
mpp,15.0,10,w48-16qam-r2/3,w48,19,2,1,data,ok,17,17,15.7,312.8
mpp,15.0,10,ack-1f,w,3,3,0,ctl,ok,0,0,19.8,312.8
mpp,15.0,10,w48-16qam-r2/3,w48,19,2,1,data,ok,17,17,15.8,312.8
mpp,15.0,10,ack-1f,w,3,3,0,ctl,ok,0,0,14.0,312.8
mpp,15.0,10,w48-16qam-r2/3,w48,19,2,1,data,ok,17,13,15.1,312.8
mpp,15.0,10,ack-1f,w,4,4,0,ctl,ok,0,0,13.0,312.8
mpp,15.0,10,w48-16qam-r2/3,w48,19,2,1,data,ok,13,0,14.2,312.8
mpp,15.0,10,ack-1f,w,2,2,0,ctl,ok,0,0,19.2,312.8
mpp,15.0,10,w48-16qam-r1/2,w48,19,1,0,data,ok,18,18,14.6,312.8
mpp,15.0,10,ack-1f,w,2,2,0,ctl,ok,0,0,17.9,312.8
mpp,15.0,10,w48-16qam-r1/2,w48,19,1,0,data,ok,18,18,16.7,312.8
mpp,15.0,10,ack-1f,w,2,2,0,ctl,ok,0,0,14.6,312.8
mpp,15.0,10,w48-16qam-r2/3,w48,19,1,0,data,ok,18,18,16.0,312.8
mpp,15.0,10,ack-1f,w,2,2,0,ctl,ok,0,0,15.2,312.8
mpp,15.0,10,w48-16qam-r2/3,w48,19,1,0,data,ok,18,17,15.1,312.8
mpp,15.0,10,ack-1f,w,3,3,0,ctl,ok,0,0,18.3,312.8
mpp,15.0,10,w48-16qam-r2/3,w48,19,2,1,data,ok,16,11,14.4,312.8
mpp,15.0,10,ack-1f,w,4,4,0,ctl,ok,0,0,15.7,312.8
mpp,15.0,10,w48-16qam-r2/3,w48,19,2,1,data,ok,12,12,16.2,312.8
mpp,15.0,10,ack-1f,w,2,2,0,ctl,ok,0,0,18.5,312.8
mpp,15.0,10,w48-16qam-r2/3,w48,19,1,0,data,ok,18,18,16.6,312.8
mpp,15.0,10,ack-1f,w,2,2,0,ctl,ok,0,0,17.5,312.8
mpp,15.0,10,w48-16qam-r2/3,w48,19,1,0,data,ok,18,16,14.3,312.8
mpp,15.0,10,ack-1f,w,3,3,0,ctl,ok,0,0,20.4,312.8
mpp,15.0,10,w48-16qam-r2/3,w48,19,1,0,data,ok,16,16,16.9,312.8
mpp,15.0,10,ack-1f,w,2,2,0,ctl,ok,0,0,18.3,312.8
mpp,15.0,10,w48-16qam-r2/3,w48,19,1,0,data,ok,18,18,16.0,312.8
mpp,15.0,10,ack-1f,w,2,2,0,ctl,ok,0,0,15.2,312.8
mpp,15.0,10,w48-16qam-r2/3,w48,19,1,0,data,ctl_lost,18,6,13.4,312.8
mpp,15.0,10,ack-4f,w,3,3,0,ctl,ok,0,0,18.6,312.8
mpp,15.0,10,ack-4f,w,3,3,0,ctl,ok,0,0,17.2,312.8
mpp,15.0,10,w48-16qam-r2/3,w48,19,2,1,data,ok,17,17,16.6,312.8
mpp,15.0,10,ack-1f,w,3,3,0,ctl,ok,0,0,18.9,312.8
mpp,15.0,10,w48-16qam-r2/3,w48,19,2,1,data,ok,17,8,14.8,312.8
mpp,15.0,10,ack-1f,w,4,4,0,ctl,ok,0,0,17.2,312.8
mpp,15.0,10,w48-16qam-r2/3,w48,19,2,1,data,ok,8,8,15.4,312.8
mpp,15.0,10,ack-1f,w,2,2,0,ctl,ok,0,0,18.3,312.8
mpp,15.0,10,w48-16qam-r1/2,w48,19,1,0,data,ok,18,18,15.5,312.8
mpp,15.0,10,ack-1f,w,3,3,0,ctl,ok,0,0,13.3,312.8
mpp,15.0,10,w48-16qam-r2/3,w48,19,2,1,data,ok,17,17,15.8,312.8
mpp,15.0,10,ack-1f,w,3,3,0,ctl,ok,0,0,17.7,312.8
mpp,15.0,10,w48-16qam-r2/3,w48,19,2,1,data,ok,17,17,15.7,312.8
mpp,15.0,10,ack-1f,w,2,2,0,ctl,ok,0,0,16.3,312.8
mpp,15.0,10,w48-16qam-r2/3,w48,19,1,0,data,ok,18,18,15.4,312.8
mpp,15.0,10,ack-1f,w,2,2,0,ctl,ok,0,0,15.1,312.8
mpp,15.0,10,w48-16qam-r2/3,w48,19,1,0,data,ok,18,18,15.5,312.8
mpp,15.0,10,ack-1f,w,2,2,0,ctl,ok,0,0,20.5,312.8
mpp,15.0,10,w48-16qam-r2/3,w48,19,1,0,data,ok,18,18,15.8,312.8
mpp,15.0,10,ack-1f,w,2,2,0,ctl,ok,0,0,19.2,312.8
mpp,15.0,10,w48-16qam-r2/3,w48,19,1,0,data,ok,18,18,16.2,312.8
mpp,15.0,10,ack-1f,w,2,2,0,ctl,ok,0,0,18.8,312.8
mpp,15.0,10,w48-16qam-r2/3,w48,19,1,0,data,ctl_lost,18,13,14.7,312.8
mpp,15.0,10,ack-4f,w,3,3,0,ctl,ok,0,0,19.6,312.8
mpp,15.0,10,ack-4f,w,2,2,0,ctl,ok,0,0,14.2,312.8
mpp,15.0,10,w48-16qam-r2/3,w48,19,1,0,data,ok,18,18,16.2,312.8
mpp,15.0,10,ack-1f,w,3,3,0,ctl,ok,0,0,17.6,312.8
mpp,15.0,10,w48-16qam-r2/3,w48,19,2,1,data,ok,17,17,15.9,312.8
mpg,-4.0,3,qpsk-r1/5,w,1,1,0,ctl,ok,0,0,-0.5,20.4
mpg,-4.0,3,qpsk-r1/5,w,1,1,0,ctl,ok,0,0,-1.1,20.4
mpg,-4.0,3,ack-4f,w,3,3,0,ctl,ok,0,0,-7.6,20.4
mpg,-4.0,3,n10-ack-4f,n10,3,3,0,ctl,ok,0,0,0.6,20.4
mpg,-4.0,3,qpsk-r1/5,w,9,2,1,data,ok,7,7,-2.0,20.4
mpg,-4.0,3,ack-4f,w,3,3,0,ctl,ok,0,0,0.2,20.4
mpg,-4.0,3,qpsk-r1/5,w,9,2,1,data,ok,7,7,1.8,20.4
mpg,-4.0,3,ack-4f,w,3,3,0,ctl,ok,0,0,-0.6,20.4
mpg,-4.0,3,qpsk-r1/3,w,9,2,1,data,ok,7,7,0.2,20.4
mpg,-4.0,3,ack-4f,w,3,3,0,ctl,ok,0,0,3.3,20.4
mpg,-4.0,3,qpsk-r1/3,w,9,2,1,data,ok,7,0,-1.5,20.4
mpg,-4.0,3,ack-1f,w,2,2,0,ctl,ok,0,0,4.0,20.4
mpg,-4.0,3,qpsk-r1/5,w,9,1,0,data,ok,8,8,0.9,20.4
mpg,-4.0,3,ack-1f,w,3,3,0,ctl,ctl_lost,0,0,-5.2,20.4
mpg,-4.0,3,ack-4f,w,4,4,0,ctl,ok,0,0,-5.1,20.4
mpg,-4.0,3,ack-4f,w,2,2,0,ctl,ok,0,0,1.1,20.4
mpg,-4.0,3,qpsk-r1/5,w,9,1,0,data,ok,8,8,-1.3,20.4
mpg,-4.0,3,ack-4f,w,2,2,0,ctl,ok,0,0,1.8,20.4
mpg,-4.0,3,qpsk-r1/5,w,9,1,0,data,ok,8,7,-3.8,20.4
mpg,-4.0,3,ack-4f,w,3,3,0,ctl,ok,0,0,-1.0,20.4
mpg,-4.0,3,qpsk-r1/5,w,9,1,0,data,ok,7,7,1.4,20.4
mpg,-4.0,3,ack-4f,w,3,3,0,ctl,ok,0,0,-0.6,20.4
mpg,-4.0,3,qpsk-r1/3,w,9,2,1,data,ok,7,0,-2.9,20.4
mpg,-4.0,3,ack-4f,w,3,3,,ctl,missed,0,0,,20.4
mpg,-4.0,3,ack-4f,w,3,3,0,ctl,ok,0,0,-1.0,20.4
mpg,-4.0,3,ack-4f,w,3,3,0,ctl,ok,0,0,-3.8,20.4
mpg,-4.0,3,qpsk-r1/5,w,9,2,1,data,ok,7,0,-6.8,20.4
mpg,-4.0,3,ack-4f,w,3,3,0,ctl,ok,0,0,-3.9,20.4
mpg,-4.0,3,qpsk-r1/5,w,9,2,1,data,ok,0,0,-2.8,20.4
mpg,-4.0,3,n4-ack-8f,n4,3,3,0,ctl,ok,0,0,-8.5,20.4
mpg,-4.0,3,qpsk-r1/5,w,9,2,1,data,ok,7,7,0.8,20.4
mpg,-4.0,3,ack-4f,w,3,3,,ctl,missed,0,0,,20.4
mpg,-4.0,3,ack-4f,w,3,3,0,ctl,ok,0,0,1.9,20.4
mpg,-4.0,3,ack-4f,w,3,3,0,ctl,ok,0,0,2.5,20.4
mpg,-4.0,3,qpsk-r1/3,w,9,2,1,data,ok,7,7,-0.4,20.4
mpg,-4.0,3,ack-4f,w,3,3,0,ctl,ok,0,0,-1.7,20.4
mpg,-4.0,3,qpsk-r1/3,w,9,2,1,data,ok,7,7,1.2,20.4
mpg,-4.0,3,ack-4f,w,2,2,0,ctl,ctl_lost,0,0,-6.3,20.4
mpg,-4.0,3,ack-4f,w,3,3,0,ctl,ok,0,0,1.1,20.4
mpg,-4.0,3,ack-4f,w,2,2,0,ctl,ok,0,0,0.2,20.4
mpg,-4.0,3,qpsk-r1/3,w,9,1,0,data,ok,8,8,0.8,20.4
mpg,-4.0,3,n10-ack-4f,n10,2,2,0,ctl,ok,0,0,-7.3,20.4
mpg,-4.0,3,qpsk-r1/3,w,9,1,0,data,ok,8,8,-0.4,20.4
mpg,-4.0,3,ack-4f,w,2,2,0,ctl,ok,0,0,4.9,20.4
mpg,-4.0,3,qpsk-r1/3,w,9,1,0,data,ok,8,8,-0.9,20.4
mpg,-4.0,3,ack-1f,w,3,3,0,ctl,ok,0,0,0.6,20.4
mpg,-4.0,3,qpsk-r1/3,w,9,2,1,data,ok,7,7,-0.2,20.4
mpg,-4.0,3,ack-1f,w,3,3,0,ctl,ok,0,0,4.4,20.4
mpg,-4.0,3,qpsk-r1/3,w,9,2,1,data,ok,7,7,0.3,20.4
mpg,-4.0,3,ack-1f,w,2,2,0,ctl,ok,0,0,-4.1,20.4
mpg,-4.0,3,qpsk-r1/3,w,9,1,0,data,ctl_lost,8,0,-2.7,20.4
mpg,-4.0,3,ack-4f,w,3,3,0,ctl,ok,0,0,3.0,20.4
mpg,-4.0,3,ack-4f,w,3,3,0,ctl,ok,0,0,3.4,20.4
mpg,-4.0,3,qpsk-r1/3,w,9,2,1,data,ok,7,0,-3.8,20.4
mpg,-4.0,3,ack-1f,w,3,3,0,ctl,ok,0,0,-2.6,20.4
mpg,-4.0,3,qpsk-r1/3,w,9,2,1,data,ok,0,0,-3.9,20.4
mpg,-4.0,3,ack-1f,w,2,2,0,ctl,ctl_lost,0,0,-3.2,20.4
mpg,-4.0,3,ack-4f,w,3,3,0,ctl,ok,0,0,-1.2,20.4
mpg,-4.0,3,ack-4f,w,3,3,0,ctl,ok,0,0,-2.7,20.4
mpg,-4.0,3,qpsk-r1/5,w,9,2,1,data,ok,7,7,-1.2,20.4
mpg,-4.0,3,n10-ack-4f,n10,2,2,0,ctl,ctl_lost,0,0,-11.7,20.4
mpg,-4.0,3,ack-4f,w,4,4,0,ctl,ok,0,0,-2.2,20.4
mpg,-4.0,3,ack-4f,w,2,2,0,ctl,ok,0,0,-3.0,20.4
mpg,-4.0,3,qpsk-r1/5,w,9,1,0,data,ok,8,8,-3.2,20.4
mpg,-4.0,3,n4-ack-8f,n4,2,2,0,ctl,ok,0,0,-5.1,20.4
mpg,-4.0,3,qpsk-r1/5,w,9,1,0,data,ctl_lost,8,0,-5.1,20.4
mpg,-4.0,3,ack-4f,w,3,3,0,ctl,ok,0,0,-2.7,20.4
mpg,-4.0,3,ack-4f,w,3,3,0,ctl,ok,0,0,1.5,20.4
mpg,-4.0,3,qpsk-r1/5,w,9,2,1,data,ok,7,7,1.0,20.4
mpg,-4.0,3,ack-4f,w,3,3,0,ctl,ok,0,0,-4.1,20.4
mpg,-4.0,3,qpsk-r1/3,w,9,2,1,data,ok,7,7,0.4,20.4
mpg,-4.0,3,ack-4f,w,2,2,0,ctl,ok,0,0,-2.5,20.4
mpg,-4.0,3,qpsk-r1/3,w,9,1,0,data,ok,8,8,-0.5,20.4
mpg,-4.0,3,n4-ack-8f,n4,3,3,0,ctl,ok,0,0,-8.3,20.4
mpg,-4.0,3,qpsk-r1/3,w,9,2,1,data,ok,7,0,-2.3,20.4
mpg,-4.0,3,ack-4f,w,3,3,0,ctl,ok,0,0,-3.3,20.4
mpg,-4.0,3,qpsk-r1/3,w,9,2,1,data,ok,0,0,-1.5,20.4
mpg,-4.0,3,ack-4f,w,3,3,0,ctl,ok,0,0,-3.1,20.4
mpg,-4.0,3,qpsk-r1/3,w,9,2,1,data,ok,7,0,-4.2,20.4
mpg,-4.0,3,ack-4f,w,3,3,0,ctl,ok,0,0,0.2,20.4
mpg,-4.0,3,qpsk-r1/5,w,9,2,1,data,ok,7,7,4.8,20.4
mpg,-4.0,3,ack-4f,w,2,2,0,ctl,ok,0,0,5.8,20.4
mpg,-4.0,3,qpsk-r1/3,w,9,1,0,data,ok,8,8,1.4,20.4
mpg,-4.0,3,ack-1f,w,3,3,0,ctl,ctl_lost,0,0,-0.9,20.4
mpg,-4.0,3,ack-4f,w,3,3,0,ctl,ok,0,0,3.3,20.4
mpg,-4.0,3,ack-4f,w,3,3,0,ctl,ok,0,0,3.3,20.4
mpg,-4.0,3,w48-qpsk-r1/5,w48,19,2,1,data,ctl_lost,17,0,-4.0,20.4
mpg,-4.0,3,ack-4f,w,3,3,0,ctl,ctl_lost,0,0,-5.7,20.4
mpg,-4.0,3,ack-4f,w,3,3,0,ctl,ok,0,0,0.4,20.4
mpg,-4.0,3,ack-4f,w,3,3,0,ctl,ok,0,0,2.3,20.4
mpg,-4.0,3,qpsk-r1/5,w,9,2,1,data,ok,7,7,1.1,20.4
mpg,-4.0,3,n4-ack-2f,n4,2,2,0,ctl,ctl_lost,0,0,-12.3,20.4
mpg,-4.0,3,ack-4f,w,4,4,0,ctl,ok,0,0,-3.4,20.4
mpg,-4.0,3,ack-4f,w,2,2,0,ctl,ok,0,0,-7.5,20.4
mpg,-4.0,3,qpsk-r1/5,w,9,1,0,data,ok,8,8,-2.4,20.4
mpg,-4.0,3,n4-ack-8f,n4,3,3,,ctl,missed,0,0,,20.4
mpg,-4.0,3,ack-4f,w,3,3,0,ctl,ok,0,0,2.2,20.4
mpg,-4.0,3,ack-4f,w,2,2,0,ctl,ok,0,0,-3.0,20.4
mpg,-4.0,3,qpsk-r1/5,w,9,1,0,data,ok,8,8,-1.4,20.4
mpg,-4.0,3,n4-ack-8f,n4,2,2,0,ctl,ok,0,0,-8.0,20.4
mpg,-4.0,3,qpsk-r1/3,w,9,1,0,data,ctl_lost,8,0,-6.5,20.4
mpg,-4.0,2,qpsk-r1/5,w,1,1,0,ctl,ok,0,0,-4.1,17.9
mpg,-4.0,2,qpsk-r1/5,w,1,1,0,ctl,ok,0,0,-0.8,17.9
mpg,-4.0,2,ack-4f,w,3,3,0,ctl,ok,0,0,-2.5,17.9
mpg,-4.0,2,ack-4f,w,3,3,0,ctl,ok,0,0,-1.7,17.9
mpg,-4.0,2,qpsk-r1/5,w,9,2,1,data,ctl_lost,7,0,-5.4,17.9
mpg,-4.0,2,ack-4f,w,3,3,0,ctl,ok,0,0,1.8,17.9
mpg,-4.0,2,ack-4f,w,3,3,0,ctl,ok,0,0,1.9,17.9
mpg,-4.0,2,qpsk-r1/3,w,9,2,1,data,ok,7,7,1.2,17.9
mpg,-4.0,2,ack-4f,w,3,3,0,ctl,ok,0,0,0.3,17.9
mpg,-4.0,2,qpsk-r1/2,w,9,2,1,data,ctl_lost,7,0,-1.8,17.9
mpg,-4.0,2,ack-4f,w,3,3,0,ctl,ok,0,0,-1.0,17.9
mpg,-4.0,2,ack-4f,w,3,3,,ctl,missed,0,0,,17.9
mpg,-4.0,2,ack-4f,w,3,3,0,ctl,ok,0,0,1.8,17.9
mpg,-4.0,2,ack-4f,w,3,3,0,ctl,ok,0,0,3.1,17.9
mpg,-4.0,2,qpsk-r1/3,w,9,2,1,data,ok,7,7,-1.2,17.9
mpg,-4.0,2,ack-1f,w,3,3,0,ctl,ok,0,0,2.7,17.9
mpg,-4.0,2,qpsk-r1/3,w,9,2,1,data,ok,7,0,-4.4,17.9
mpg,-4.0,2,ack-1f,w,3,3,0,ctl,ok,0,0,3.0,17.9
mpg,-4.0,2,qpsk-r1/3,w,9,2,1,data,ok,0,0,0.6,17.9
mpg,-4.0,2,ack-1f,w,3,3,0,ctl,ctl_lost,0,0,-5.8,17.9
mpg,-4.0,2,ack-4f,w,3,3,0,ctl,ok,0,0,-5.9,17.9
mpg,-4.0,2,ack-4f,w,3,3,0,ctl,ok,0,0,-0.8,17.9
mpg,-4.0,2,qpsk-r1/3,w,9,2,1,data,ok,7,0,-2.7,17.9
mpg,-4.0,2,n10-ack-4f,n10,3,3,0,ctl,ok,0,0,-0.1,17.9
mpg,-4.0,2,qpsk-r1/5,w,9,2,1,data,ok,7,7,-2.7,17.9
mpg,-4.0,2,ack-4f,w,3,3,0,ctl,ok,0,0,-1.8,17.9
mpg,-4.0,2,qpsk-r1/3,w,9,2,1,data,ok,7,0,-1.1,17.9
mpg,-4.0,2,ack-4f,w,3,3,0,ctl,ok,0,0,-2.9,17.9
mpg,-4.0,2,qpsk-r1/5,w,9,2,1,data,ok,7,7,-2.2,17.9
mpg,-4.0,2,n10-ack-4f,n10,3,3,0,ctl,ok,0,0,3.1,17.9
mpg,-4.0,2,qpsk-r1/5,w,9,2,1,data,ok,7,7,-0.6,17.9
mpg,-4.0,2,ack-4f,w,2,2,0,ctl,ok,0,0,-1.8,17.9
mpg,-4.0,2,qpsk-r1/5,w,9,1,0,data,ok,8,8,2.1,17.9
mpg,-4.0,2,ack-4f,w,2,2,0,ctl,ok,0,0,6.5,17.9
mpg,-4.0,2,qpsk-r1/3,w,9,1,0,data,ctl_lost,8,0,-0.8,17.9
mpg,-4.0,2,ack-4f,w,3,3,0,ctl,ok,0,0,1.0,17.9
mpg,-4.0,2,ack-4f,w,2,2,0,ctl,ok,0,0,-1.9,17.9
mpg,-4.0,2,qpsk-r1/5,w,9,1,0,data,ok,8,8,1.6,17.9
mpg,-4.0,2,ack-4f,w,3,3,0,ctl,ok,0,0,0.8,17.9
mpg,-4.0,2,w48-qpsk-r1/5,w48,19,2,1,data,ok,17,4,-1.0,17.9
mpg,-4.0,2,ack-4f,w,4,4,0,ctl,ok,0,0,-1.5,17.9
mpg,-4.0,2,w48-qpsk-r1/5,w48,19,2,1,data,ok,4,3,-0.8,17.9
mpg,-4.0,2,ack-4f,w,3,3,0,ctl,ok,0,0,-4.1,17.9
mpg,-4.0,2,w48-qpsk-r1/5,w48,19,2,1,data,ctl_lost,16,0,-6.0,17.9
mpg,-4.0,2,ack-4f,w,3,3,0,ctl,ok,0,0,-1.6,17.9
mpg,-4.0,2,ack-4f,w,3,3,0,ctl,ok,0,0,2.0,17.9
mpg,-4.0,2,qpsk-r1/5,w,9,2,1,data,ok,7,7,0.8,17.9
mpg,-4.0,2,ack-4f,w,2,2,0,ctl,ok,0,0,-1.9,17.9
mpg,-4.0,2,qpsk-r1/5,w,9,1,0,data,ok,8,8,-2.7,17.9
mpg,-4.0,2,ack-4f,w,2,2,0,ctl,ok,0,0,2.3,17.9
mpg,-4.0,2,qpsk-r1/5,w,9,1,0,data,ctl_lost,8,0,-4.8,17.9
mpg,-4.0,2,ack-4f,w,3,3,0,ctl,ok,0,0,-6.7,17.9
mpg,-4.0,2,ack-4f,w,3,3,0,ctl,ok,0,0,-2.8,17.9
mpg,-4.0,2,qpsk-r1/5,w,9,2,1,data,ok,7,7,-0.6,17.9
mpg,-4.0,2,ack-4f,w,3,3,0,ctl,ok,0,0,-5.9,17.9
mpg,-4.0,2,qpsk-r1/5,w,9,2,1,data,ok,7,7,-1.9,17.9
mpg,-4.0,2,n10-ack-4f,n10,2,2,0,ctl,ctl_lost,0,0,-8.7,17.9
mpg,-4.0,2,ack-4f,w,3,3,0,ctl,ok,0,0,-2.9,17.9
mpg,-4.0,2,ack-4f,w,3,3,0,ctl,ok,0,0,0.3,17.9
mpg,-4.0,2,qpsk-r1/5,w,9,2,1,data,ok,7,7,1.2,17.9
mpg,-4.0,2,ack-4f,w,2,2,0,ctl,ok,0,0,5.7,17.9
mpg,-4.0,2,qpsk-r1/5,w,9,1,0,data,ok,8,8,0.4,17.9
mpg,-4.0,2,ack-1f,w,2,2,0,ctl,ok,0,0,3.8,17.9
mpg,-4.0,2,qpsk-r1/5,w,9,1,0,data,ok,8,8,0.2,17.9
mpg,-4.0,2,ack-1f,w,2,2,0,ctl,ok,0,0,-0.5,17.9
mpg,-4.0,2,qpsk-r1/5,w,9,1,0,data,ok,8,8,-1.7,17.9
mpg,-4.0,2,ack-4f,w,2,2,0,ctl,ok,0,0,1.0,17.9
mpg,-4.0,2,qpsk-r1/5,w,9,1,0,data,ok,8,8,-0.3,17.9
mpg,-4.0,2,ack-4f,w,2,2,0,ctl,ok,0,0,1.5,17.9
mpg,-4.0,2,qpsk-r1/5,w,9,1,0,data,ok,8,8,-0.6,17.9
mpg,-4.0,2,ack-4f,w,2,2,0,ctl,ok,0,0,-1.1,17.9
mpg,-4.0,2,qpsk-r1/5,w,9,1,0,data,ok,8,8,-2.0,17.9
mpg,-4.0,2,ack-4f,w,2,2,0,ctl,ok,0,0,-7.3,17.9
mpg,-4.0,2,qpsk-r1/5,w,9,1,0,data,ctl_lost,8,0,-4.5,17.9
mpg,-4.0,2,ack-4f,w,3,3,0,ctl,ok,0,0,1.5,17.9
mpg,-4.0,2,ack-4f,w,3,3,0,ctl,ok,0,0,1.1,17.9
mpg,-4.0,2,qpsk-r1/5,w,9,2,1,data,ok,7,7,-0.2,17.9
mpg,-4.0,2,ack-4f,w,3,3,0,ctl,ok,0,0,-0.6,17.9
mpg,-4.0,2,qpsk-r1/5,w,9,2,1,data,ok,7,7,1.1,17.9
mpg,-4.0,2,ack-4f,w,2,2,0,ctl,ok,0,0,-0.3,17.9
mpg,-4.0,2,qpsk-r1/5,w,9,1,0,data,ok,8,8,2.2,17.9
mpg,-4.0,2,ack-4f,w,3,3,,ctl,missed,0,0,,17.9
mpg,-4.0,2,ack-4f,w,3,3,0,ctl,ok,0,0,0.7,17.9
mpg,-4.0,2,ack-4f,w,3,3,0,ctl,ok,0,0,3.1,17.9
mpg,-4.0,2,w48-qpsk-r1/5,w48,19,2,1,data,ok,17,16,-0.4,17.9
mpg,-4.0,2,ack-4f,w,3,3,0,ctl,ok,0,0,4.0,17.9
mpg,-4.0,2,w48-qpsk-r1/5,w48,19,2,1,data,ok,16,0,-1.6,17.9
mpg,-4.0,2,n4-ack-2f,n4,2,2,0,ctl,ok,0,0,0.9,17.9
mpg,-4.0,2,qpsk-r1/5,w,9,1,0,data,ok,8,8,1.5,17.9
mpg,-4.0,2,ack-1f,w,3,3,0,ctl,ctl_lost,0,0,-2.3,17.9
mpg,-4.0,2,ack-4f,w,4,4,0,ctl,ok,0,0,-4.0,17.9
mpg,-4.0,2,ack-4f,w,2,2,0,ctl,ok,0,0,-4.1,17.9
mpg,-4.0,2,qpsk-r1/5,w,9,1,0,data,ok,8,8,-1.4,17.9
mpg,-4.0,2,ack-4f,w,3,3,0,ctl,ctl_lost,0,0,-12.2,17.9
mpg,-4.0,2,ack-4f,w,3,3,0,ctl,ok,0,0,-7.5,17.9
mpg,-4.0,2,ack-4f,w,3,3,0,ctl,ok,0,0,-1.5,17.9
mpg,-4.0,2,qpsk-r1/5,w,9,2,1,data,ok,7,7,1.1,17.9
mpg,-4.0,2,n10-ack-4f,n10,3,3,,ctl,missed,0,0,,17.9
mpg,-4.0,2,ack-4f,w,3,3,0,ctl,ok,0,0,-2.2,17.9
mpg,15.0,5,qpsk-r1/5,w,1,1,0,ctl,ok,0,0,18.7,278.8
mpg,15.0,5,qpsk-r1/5,w,1,1,0,ctl,ok,0,0,20.1,278.8
mpg,15.0,5,ack-4f,w,3,3,0,ctl,ok,0,0,17.8,278.8
mpg,15.0,5,ack-1f,w,3,3,0,ctl,ok,0,0,11.5,278.8
mpg,15.0,5,w48-64l-r1/2,w48,39,2,1,data,ok,37,37,14.6,278.8
mpg,15.0,5,ack-1f,w,3,3,0,ctl,ok,0,0,18.5,278.8
mpg,15.0,5,w48-64l-r1/2,w48,39,2,1,data,ok,37,37,15.8,278.8
mpg,15.0,5,ack-1f,w,2,2,0,ctl,ok,0,0,19.1,278.8
mpg,15.0,5,w48-64l-r1/2,w48,39,1,0,data,ctl_lost,38,4,12.8,278.8
mpg,15.0,5,ack-4f,w,3,3,0,ctl,ok,0,0,18.2,278.8
mpg,15.0,5,ack-4f,w,3,3,0,ctl,ok,0,0,18.6,278.8
mpg,15.0,5,w48-16qam-r2/3,w48,19,2,1,data,ok,17,17,16.4,278.8
mpg,15.0,5,ack-1f,w,3,3,0,ctl,ok,0,0,21.2,278.8
mpg,15.0,5,w48-16qam-r2/3,w48,19,2,1,data,ok,17,17,17.7,278.8
mpg,15.0,5,ack-1f,w,2,2,0,ctl,ok,0,0,17.0,278.8
mpg,15.0,5,w48-16qam-r2/3,w48,19,1,0,data,ctl_lost,18,0,13.9,278.8
mpg,15.0,5,ack-4f,w,3,3,0,ctl,ok,0,0,20.7,278.8
mpg,15.0,5,ack-4f,w,3,3,0,ctl,ok,0,0,20.2,278.8
mpg,15.0,5,w48-64l-r7/12,w48,39,2,1,data,ok,37,0,12.7,278.8
mpg,15.0,5,ack-1f,w,3,3,0,ctl,ok,0,0,18.3,278.8
mpg,15.0,5,w48-64l-r1/2,w48,39,2,1,data,ok,37,36,13.9,278.8
mpg,15.0,5,ack-1f,w,4,4,0,ctl,ok,0,0,16.8,278.8
mpg,15.0,5,w48-64l-r1/2,w48,36,2,1,data,ok,33,0,11.7,278.8
mpg,15.0,5,ack-1f,w,3,3,0,ctl,ok,0,0,16.3,278.8
mpg,15.0,5,w48-16qam-r1/2,w48,19,2,1,data,ok,17,17,13.3,278.8
mpg,15.0,5,ack-1f,w,3,3,0,ctl,ok,0,0,9.7,278.8
mpg,15.0,5,w48-16qam-r1/2,w48,19,2,1,data,ok,17,17,16.3,278.8
mpg,15.0,5,ack-1f,w,2,2,0,ctl,ok,0,0,17.9,278.8
mpg,15.0,5,w48-16qam-r1/2,w48,19,1,0,data,ok,18,18,14.4,278.8
mpg,15.0,5,ack-1f,w,2,2,0,ctl,ok,0,0,18.0,278.8
mpg,15.0,5,w48-16qam-r1/2,w48,19,1,0,data,ok,18,18,11.8,278.8
mpg,15.0,5,ack-1f,w,3,3,0,ctl,ok,0,0,18.9,278.8
mpg,15.0,5,w48-16qam-r1/2,w48,19,2,1,data,ok,17,17,15.4,278.8
mpg,15.0,5,ack-1f,w,2,2,0,ctl,ok,0,0,19.9,278.8
mpg,15.0,5,w48-16qam-r1/2,w48,19,1,0,data,ok,18,18,16.6,278.8
mpg,15.0,5,ack-1f,w,2,2,0,ctl,ok,0,0,14.0,278.8
mpg,15.0,5,w48-16qam-r1/2,w48,19,1,0,data,ok,18,18,15.6,278.8
mpg,15.0,5,ack-1f,w,2,2,0,ctl,ok,0,0,15.4,278.8
mpg,15.0,5,w48-16qam-r1/2,w48,19,1,0,data,ok,18,18,14.5,278.8
mpg,15.0,5,ack-1f,w,2,2,0,ctl,ok,0,0,12.8,278.8
mpg,15.0,5,w48-16qam-r1/2,w48,19,1,0,data,ok,18,18,15.5,278.8
mpg,15.0,5,ack-1f,w,2,2,0,ctl,ok,0,0,17.8,278.8
mpg,15.0,5,w48-16qam-r1/2,w48,19,1,0,data,ok,18,18,15.5,278.8
mpg,15.0,5,ack-1f,w,3,3,0,ctl,ok,0,0,18.6,278.8
mpg,15.0,5,w48-16qam-r2/3,w48,19,2,1,data,ok,17,17,16.2,278.8
mpg,15.0,5,ack-1f,w,3,3,0,ctl,ok,0,0,15.0,278.8
mpg,15.0,5,w48-16qam-r2/3,w48,19,2,1,data,ok,17,17,18.0,278.8
mpg,15.0,5,ack-1f,w,2,2,0,ctl,ok,0,0,19.4,278.8
mpg,15.0,5,w48-16qam-r2/3,w48,19,1,0,data,ok,18,18,17.3,278.8
mpg,15.0,5,ack-1f,w,3,3,0,ctl,ok,0,0,8.9,278.8
mpg,15.0,5,w48-64l-r1/2,w48,39,2,1,data,ok,37,37,15.2,278.8
mpg,15.0,5,ack-1f,w,2,2,0,ctl,ok,0,0,15.9,278.8
mpg,15.0,5,w48-16qam-r2/3,w48,19,1,0,data,ok,18,18,17.6,278.8
mpg,15.0,5,ack-1f,w,2,2,0,ctl,ok,0,0,18.2,278.8
mpg,15.0,5,w48-16qam-r2/3,w48,19,1,0,data,ctl_lost,18,0,12.0,278.8
mpg,15.0,5,ack-4f,w,3,3,0,ctl,ok,0,0,18.8,278.8
mpg,15.0,5,ack-4f,w,2,2,0,ctl,ok,0,0,18.3,278.8
mpg,15.0,5,w48-16qam-r1/2,w48,19,1,0,data,ok,18,18,16.3,278.8
mpg,15.0,5,ack-1f,w,3,3,0,ctl,ok,0,0,19.9,278.8
mpg,15.0,5,w48-64l-r1/2,w48,39,2,1,data,ok,37,1,12.5,278.8
mpg,15.0,5,ack-1f,w,3,3,0,ctl,ok,0,0,14.5,278.8
mpg,15.0,5,w48-16qam-r1/2,w48,19,1,0,data,ok,18,18,15.5,278.8
mpg,15.0,5,ack-1f,w,2,2,0,ctl,ok,0,0,20.4,278.8
mpg,15.0,5,w48-16qam-r1/2,w48,19,1,0,data,ok,18,18,15.6,278.8
mpg,15.0,5,ack-1f,w,2,2,0,ctl,ok,0,0,11.7,278.8
mpg,15.0,5,w48-16qam-r1/2,w48,19,1,0,data,ok,18,18,14.8,278.8
mpg,15.0,5,ack-1f,w,2,2,0,ctl,ok,0,0,19.1,278.8
mpg,15.0,5,w48-16qam-r1/2,w48,19,1,0,data,ok,18,18,17.8,278.8
mpg,15.0,5,ack-1f,w,3,3,0,ctl,ok,0,0,18.8,278.8
mpg,15.0,5,w48-64l-r1/2,w48,39,2,1,data,ok,37,37,15.9,278.8
mpg,15.0,5,ack-1f,w,3,3,0,ctl,ok,0,0,11.9,278.8
mpg,15.0,5,w48-64l-r7/12,w48,39,2,1,data,ok,37,0,10.5,278.8
mpg,15.0,5,ack-1f,w,2,2,0,ctl,ok,0,0,20.7,278.8
mpg,15.0,5,w48-16qam-r1/2,w48,19,1,0,data,ok,18,18,15.3,278.8
mpg,15.0,5,ack-1f,w,2,2,0,ctl,ok,0,0,21.6,278.8
mpg,15.0,5,w48-16qam-r1/2,w48,19,1,0,data,ok,18,18,17.8,278.8
mpg,15.0,5,ack-1f,w,3,3,0,ctl,ok,0,0,15.7,278.8
mpg,15.0,5,w48-64l-r1/2,w48,39,2,1,data,ok,37,37,16.3,278.8
mpg,15.0,5,ack-1f,w,3,3,0,ctl,ok,0,0,16.0,278.8
mpg,15.0,5,w48-64l-r7/12,w48,39,2,1,data,ok,37,23,12.8,278.8
mpg,15.0,5,ack-1f,w,4,4,0,ctl,ok,0,0,13.6,278.8
mpg,15.0,5,w48-64l-r7/12,w48,39,2,1,data,ok,23,23,15.7,278.8
mpg,15.0,5,ack-1f,w,2,2,0,ctl,ok,0,0,19.4,278.8
mpg,15.0,5,w48-64l-r7/12,w48,39,1,0,data,ctl_lost,38,0,11.0,278.8
mpg,15.0,5,ack-4f,w,3,3,0,ctl,ok,0,0,15.7,278.8
mpg,15.0,5,ack-4f,w,3,3,0,ctl,ok,0,0,14.2,278.8
mpg,15.0,5,w48-16qam-r1/2,w48,19,2,1,data,ok,17,17,16.4,278.8
mpg,15.0,5,ack-1f,w,2,2,0,ctl,ok,0,0,19.8,278.8
mpg,15.0,5,w48-16qam-r1/2,w48,19,1,0,data,ok,18,17,12.3,278.8
mpg,15.0,5,ack-1f,w,3,3,0,ctl,ok,0,0,17.8,278.8
mpg,15.0,5,w48-16qam-r1/2,w48,19,1,0,data,ok,17,17,18.0,278.8
mpg,15.0,5,ack-1f,w,2,2,0,ctl,ok,0,0,16.4,278.8
mpg,15.0,5,w48-16qam-r1/2,w48,19,1,0,data,ok,18,18,10.0,278.8
mpg,-4.0,6,qpsk-r1/5,w,1,1,0,ctl,ok,0,0,-1.6,20.8
mpg,-4.0,6,qpsk-r1/5,w,1,1,0,ctl,ok,0,0,-1.9,20.8
mpg,-4.0,6,ack-4f,w,3,3,0,ctl,ctl_lost,0,0,-8.5,20.8
mpg,-4.0,6,ack-4f,w,3,3,0,ctl,ok,0,0,2.1,20.8
mpg,-4.0,6,n10-ack-4f,n10,3,3,0,ctl,ok,0,0,-0.1,20.8
mpg,-4.0,6,qpsk-r1/3,w,9,2,1,data,ok,7,7,-0.5,20.8
mpg,-4.0,6,ack-4f,w,3,3,0,ctl,ok,0,0,-5.3,20.8
mpg,-4.0,6,qpsk-r1/3,w,9,2,1,data,ok,7,0,-2.0,20.8
mpg,-4.0,6,ack-4f,w,3,3,0,ctl,ok,0,0,-0.4,20.8
mpg,-4.0,6,qpsk-r1/3,w,9,2,1,data,ok,0,0,-5.0,20.8
mpg,-4.0,6,n10-ack-4f,n10,3,3,0,ctl,ok,0,0,-3.6,20.8
mpg,-4.0,6,qpsk-r1/5,w,9,2,1,data,ok,7,7,-0.0,20.8
mpg,-4.0,6,ack-4f,w,3,3,0,ctl,ok,0,0,-5.4,20.8
mpg,-4.0,6,qpsk-r1/5,w,9,2,1,data,ok,7,7,-0.4,20.8
mpg,-4.0,6,n10-ack-4f,n10,3,3,0,ctl,ok,0,0,-3.1,20.8
mpg,-4.0,6,qpsk-r1/3,w,9,2,1,data,ok,7,0,-2.9,20.8
mpg,-4.0,6,ack-4f,w,2,2,0,ctl,ok,0,0,1.3,20.8
mpg,-4.0,6,qpsk-r1/5,w,9,1,0,data,ok,8,8,-1.9,20.8
mpg,-4.0,6,ack-4f,w,2,2,0,ctl,ok,0,0,-4.6,20.8
mpg,-4.0,6,qpsk-r1/5,w,9,1,0,data,ok,8,8,-2.0,20.8
mpg,-4.0,6,ack-4f,w,2,2,0,ctl,ok,0,0,-3.6,20.8
mpg,-4.0,6,qpsk-r1/5,w,9,1,0,data,ok,8,8,-2.4,20.8
mpg,-4.0,6,n10-ack-4f,n10,2,2,0,ctl,ok,0,0,3.2,20.8
mpg,-4.0,6,qpsk-r1/5,w,9,1,0,data,ok,8,8,-1.2,20.8
mpg,-4.0,6,ack-1f,w,2,2,0,ctl,ok,0,0,-3.0,20.8
mpg,-4.0,6,qpsk-r1/5,w,9,1,0,data,ok,8,8,1.7,20.8
mpg,-4.0,6,ack-1f,w,2,2,0,ctl,ctl_lost,0,0,-2.3,20.8
mpg,-4.0,6,ack-4f,w,3,3,0,ctl,ok,0,0,1.1,20.8
mpg,-4.0,6,ack-4f,w,2,2,0,ctl,ok,0,0,4.6,20.8
mpg,-4.0,6,qpsk-r1/3,w,9,1,0,data,ok,8,8,4.4,20.8
mpg,-4.0,6,ack-4f,w,3,3,0,ctl,ok,0,0,1.5,20.8
mpg,-4.0,6,qpsk-r1/2,w,9,2,1,data,ok,7,0,-0.7,20.8
mpg,-4.0,6,n4-ack-2f,n4,3,3,0,ctl,ok,0,0,1.1,20.8
mpg,-4.0,6,qpsk-r1/2,w,9,2,1,data,ok,0,0,-1.5,20.8
mpg,-4.0,6,ack-4f,w,2,2,0,ctl,ok,0,0,0.3,20.8
mpg,-4.0,6,qpsk-r1/5,w,9,1,0,data,ok,8,8,3.1,20.8
mpg,-4.0,6,ack-4f,w,2,2,0,ctl,ok,0,0,-2.9,20.8
mpg,-4.0,6,qpsk-r1/3,w,9,1,0,data,ctl_lost,8,0,-1.0,20.8
mpg,-4.0,6,ack-4f,w,3,3,0,ctl,ok,0,0,-0.8,20.8
mpg,-4.0,6,ack-4f,w,3,3,0,ctl,ok,0,0,-2.3,20.8
mpg,-4.0,6,qpsk-r1/5,w,9,2,1,data,ok,7,7,-0.1,20.8
mpg,-4.0,6,n10-ack-4f,n10,2,2,0,ctl,ok,0,0,-3.5,20.8
mpg,-4.0,6,qpsk-r1/5,w,9,1,0,data,ok,8,8,-1.4,20.8
mpg,-4.0,6,ack-4f,w,2,2,0,ctl,ok,0,0,-2.8,20.8
mpg,-4.0,6,qpsk-r1/5,w,9,1,0,data,ok,8,8,0.4,20.8
mpg,-4.0,6,ack-4f,w,2,2,0,ctl,ok,0,0,2.3,20.8
mpg,-4.0,6,qpsk-r1/5,w,9,1,0,data,ok,8,8,-0.1,20.8
mpg,-4.0,6,ack-4f,w,2,2,0,ctl,ok,0,0,-3.6,20.8
mpg,-4.0,6,qpsk-r1/5,w,9,1,0,data,ok,8,8,0.8,20.8
mpg,-4.0,6,ack-4f,w,2,2,0,ctl,ok,0,0,1.0,20.8
mpg,-4.0,6,qpsk-r1/5,w,9,1,0,data,ok,8,8,-0.7,20.8
mpg,-4.0,6,ack-4f,w,2,2,0,ctl,ok,0,0,-3.2,20.8
mpg,-4.0,6,qpsk-r1/5,w,9,1,0,data,ok,8,8,-0.3,20.8
mpg,-4.0,6,ack-4f,w,2,2,0,ctl,ok,0,0,1.2,20.8
mpg,-4.0,6,qpsk-r1/5,w,9,1,0,data,ok,8,8,-2.6,20.8
mpg,-4.0,6,ack-4f,w,2,2,0,ctl,ok,0,0,1.9,20.8
mpg,-4.0,6,qpsk-r1/5,w,9,1,0,data,ok,8,8,0.5,20.8
mpg,-4.0,6,ack-4f,w,2,2,0,ctl,ok,0,0,0.4,20.8
mpg,-4.0,6,qpsk-r1/5,w,9,1,0,data,ok,8,8,-3.4,20.8
mpg,-4.0,6,ack-4f,w,2,2,0,ctl,ok,0,0,1.7,20.8
mpg,-4.0,6,qpsk-r1/5,w,9,1,0,data,ok,8,8,1.8,20.8
mpg,-4.0,6,ack-4f,w,3,3,0,ctl,ok,0,0,0.9,20.8
mpg,-4.0,6,qpsk-r1/3,w,9,2,1,data,ok,7,0,-1.1,20.8
mpg,-4.0,6,ack-4f,w,3,3,0,ctl,ok,0,0,-6.5,20.8
mpg,-4.0,6,qpsk-r1/2,w,9,2,1,data,ctl_lost,7,0,-2.9,20.8
mpg,-4.0,6,ack-4f,w,4,4,0,ctl,ok,0,0,-5.4,20.8
mpg,-4.0,6,ack-4f,w,3,3,0,ctl,ok,0,0,-5.8,20.8
mpg,-4.0,6,qpsk-r1/5,w,9,2,1,data,ok,7,7,-0.9,20.8
mpg,-4.0,6,n10-ack-4f,n10,2,2,0,ctl,ok,0,0,-3.0,20.8
mpg,-4.0,6,qpsk-r1/5,w,9,1,0,data,ctl_lost,8,2,-4.4,20.8
mpg,-4.0,6,ack-4f,w,3,3,0,ctl,ok,0,0,1.7,20.8
mpg,-4.0,6,ack-4f,w,2,2,0,ctl,ok,0,0,3.9,20.8
mpg,-4.0,6,qpsk-r1/5,w,9,1,0,data,ok,8,8,0.5,20.8
mpg,-4.0,6,n4-ack-2f,n4,3,3,0,ctl,ok,0,0,-4.8,20.8
mpg,-4.0,6,qpsk-r1/2,w,9,2,1,data,ok,7,7,3.3,20.8
mpg,-4.0,6,ack-4f,w,3,3,0,ctl,ok,0,0,1.0,20.8
mpg,-4.0,6,qpsk-r1/2,w,9,2,1,data,ok,7,0,-0.7,20.8
mpg,-4.0,6,ack-4f,w,3,3,0,ctl,ok,0,0,-0.9,20.8
mpg,-4.0,6,qpsk-r1/2,w,9,2,1,data,ok,0,0,3.8,20.8
mpg,-4.0,6,ack-4f,w,3,3,0,ctl,ok,0,0,-6.2,20.8
mpg,-4.0,6,qpsk-r1/2,w,9,2,1,data,ok,7,0,0.2,20.8
mpg,-4.0,6,n10-ack-4f,n10,2,2,0,ctl,ok,0,0,-2.3,20.8
mpg,-4.0,6,qpsk-r1/2,w,9,1,0,data,ctl_lost,1,0,-2.4,20.8
mpg,-4.0,6,ack-4f,w,3,3,0,ctl,ok,0,0,-1.4,20.8
mpg,-4.0,6,ack-4f,w,3,3,0,ctl,ok,0,0,-2.2,20.8
mpg,-4.0,6,qpsk-r1/5,w,9,2,1,data,ok,7,7,-1.7,20.8
mpg,-4.0,6,ack-4f,w,2,2,0,ctl,ok,0,0,0.0,20.8
mpg,-4.0,6,qpsk-r1/5,w,9,1,0,data,ok,8,8,-0.3,20.8
mpg,-4.0,6,ack-4f,w,2,2,0,ctl,ok,0,0,-2.4,20.8
mpg,-4.0,6,qpsk-r1/5,w,9,1,0,data,ok,8,8,2.9,20.8
mpg,-4.0,6,ack-4f,w,3,3,0,ctl,ok,0,0,-0.7,20.8
mpg,-4.0,6,w48-qpsk-r1/5,w48,19,2,1,data,ok,17,0,-2.7,20.8
mpg,-4.0,6,ack-4f,w,3,3,0,ctl,ok,0,0,-4.9,20.8
mpg,-4.0,9,qpsk-r1/5,w,1,1,0,ctl,ok,0,0,4.1,15.7
mpg,-4.0,9,qpsk-r1/5,w,1,1,0,ctl,ok,0,0,4.0,15.7
mpg,-4.0,9,ack-4f,w,3,3,0,ctl,ok,0,0,-2.6,15.7
mpg,-4.0,9,ack-1f,w,3,3,0,ctl,ctl_lost,0,0,-3.2,15.7
mpg,-4.0,9,ack-4f,w,3,3,0,ctl,ok,0,0,0.8,15.7
mpg,-4.0,9,ack-4f,w,3,3,0,ctl,ok,0,0,0.5,15.7
mpg,-4.0,9,qpsk-r1/5,w,9,2,1,data,ok,7,0,-5.2,15.7
mpg,-4.0,9,ack-4f,w,3,3,,ctl,missed,0,0,,15.7
mpg,-4.0,9,ack-4f,w,3,3,0,ctl,ok,0,0,-1.0,15.7
mpg,-4.0,9,ack-4f,w,3,3,0,ctl,ok,0,0,1.7,15.7
mpg,-4.0,9,qpsk-r1/5,w,9,2,1,data,ok,7,7,-1.8,15.7
mpg,-4.0,9,ack-4f,w,3,3,0,ctl,ok,0,0,-1.3,15.7
mpg,-4.0,9,qpsk-r1/5,w,9,2,1,data,ok,7,7,-1.7,15.7
mpg,-4.0,9,ack-4f,w,2,2,0,ctl,ok,0,0,-3.8,15.7
mpg,-4.0,9,qpsk-r1/5,w,9,1,0,data,ok,8,8,0.6,15.7
mpg,-4.0,9,n10-ack-4f,n10,2,2,0,ctl,ok,0,0,1.7,15.7
mpg,-4.0,9,qpsk-r1/5,w,9,1,0,data,ctl_lost,8,0,-5.1,15.7
mpg,-4.0,9,ack-4f,w,3,3,,ctl,missed,0,0,,15.7
mpg,-4.0,9,ack-4f,w,3,3,0,ctl,ok,0,0,4.3,15.7
mpg,-4.0,9,ack-4f,w,3,3,0,ctl,ok,0,0,3.3,15.7
mpg,-4.0,9,qpsk-r1/3,w,9,2,1,data,ok,7,7,0.1,15.7
mpg,-4.0,9,n4-ack-2f,n4,3,3,0,ctl,ok,0,0,0.2,15.7
mpg,-4.0,9,qpsk-r1/3,w,9,2,1,data,ok,7,7,-0.6,15.7
mpg,-4.0,9,ack-4f,w,3,3,0,ctl,ok,0,0,0.5,15.7
mpg,-4.0,9,qpsk-r1/3,w,9,2,1,data,ok,7,2,-1.6,15.7
mpg,-4.0,9,ack-4f,w,3,3,0,ctl,ok,0,0,1.4,15.7
mpg,-4.0,9,qpsk-r1/3,w,9,2,1,data,ctl_lost,2,0,-5.5,15.7
mpg,-4.0,9,ack-4f,w,3,3,,ctl,missed,0,0,,15.7
mpg,-4.0,9,ack-4f,w,3,3,0,ctl,ok,0,0,-0.8,15.7
mpg,-4.0,9,ack-4f,w,3,3,0,ctl,ok,0,0,-0.2,15.7
mpg,-4.0,9,fsk32r62-r1/2,c32r62,10,2,1,data,ok,8,7,-0.7,15.7
mpg,-4.0,9,ack-4f,w,3,3,0,ctl,ok,0,0,-3.6,15.7
mpg,-4.0,9,fsk32r62-r1/2,c32r62,9,1,0,data,ok,7,4,-2.4,15.7
mpg,-4.0,9,n10-ack-4f,n10,3,3,0,ctl,ok,0,0,-6.1,15.7
mpg,-4.0,9,fsk32r62-r1/2,c32r62,9,1,0,data,ok,5,5,-1.5,15.7
mpg,-4.0,9,ack-4f,w,3,3,0,ctl,ok,0,0,-0.1,15.7
mpg,-4.0,9,qpsk-r1/3,w,9,2,1,data,ok,7,7,0.4,15.7
mpg,-4.0,9,ack-4f,w,3,3,,ctl,missed,0,0,,15.7
mpg,-4.0,9,ack-4f,w,3,3,0,ctl,ok,0,0,-5.7,15.7
mpg,-4.0,9,ack-4f,w,3,3,0,ctl,ok,0,0,-1.5,15.7
mpg,-4.0,9,qpsk-r1/3,w,9,2,1,data,ok,7,7,0.5,15.7
mpg,-4.0,9,ack-4f,w,3,3,0,ctl,ok,0,0,-3.1,15.7
mpg,-4.0,9,qpsk-r1/3,w,9,2,1,data,ok,7,0,-3.5,15.7
mpg,-4.0,9,ack-4f,w,3,3,0,ctl,ok,0,0,-9.8,15.7
mpg,-4.0,9,qpsk-r1/3,w,9,2,1,data,ok,0,0,1.3,15.7
mpg,-4.0,9,n10-ack-4f,n10,2,2,0,ctl,ctl_lost,0,0,-8.0,15.7
mpg,-4.0,9,ack-4f,w,3,3,0,ctl,ok,0,0,1.6,15.7
mpg,-4.0,9,ack-4f,w,2,2,0,ctl,ok,0,0,0.5,15.7
mpg,-4.0,9,qpsk-r1/3,w,9,1,0,data,ctl_lost,8,0,-4.8,15.7
mpg,-4.0,9,ack-4f,w,3,3,0,ctl,ok,0,0,-9.4,15.7
mpg,-4.0,9,ack-4f,w,3,3,,ctl,missed,0,0,,15.7
mpg,-4.0,9,ack-4f,w,3,3,0,ctl,ok,0,0,-0.4,15.7
mpg,-4.0,9,ack-4f,w,3,3,0,ctl,ok,0,0,1.7,15.7
mpg,-4.0,9,qpsk-r1/5,w,9,2,1,data,ok,7,7,0.2,15.7
mpg,-4.0,9,ack-4f,w,3,3,0,ctl,ok,0,0,-1.9,15.7
mpg,-4.0,9,qpsk-r1/3,w,9,2,1,data,ok,7,0,-2.0,15.7
mpg,-4.0,9,ack-4f,w,2,2,0,ctl,ok,0,0,3.0,15.7
mpg,-4.0,9,qpsk-r1/5,w,9,1,0,data,ctl_lost,8,0,-5.9,15.7
mpg,-4.0,9,ack-4f,w,4,4,0,ctl,ok,0,0,2.4,15.7
mpg,-4.0,9,ack-4f,w,3,3,0,ctl,ok,0,0,-0.5,15.7
mpg,-4.0,9,qpsk-r1/3,w,9,2,1,data,ok,7,7,-0.5,15.7
mpg,-4.0,9,ack-4f,w,2,2,0,ctl,ok,0,0,0.6,15.7
mpg,-4.0,9,qpsk-r1/3,w,9,1,0,data,ok,8,8,0.3,15.7
mpg,-4.0,9,ack-4f,w,2,2,0,ctl,ok,0,0,-11.3,15.7
mpg,-4.0,9,qpsk-r1/3,w,9,1,0,data,ok,8,8,0.7,15.7
mpg,-4.0,9,ack-4f,w,2,2,0,ctl,ok,0,0,1.9,15.7
mpg,-4.0,9,qpsk-r1/3,w,9,1,0,data,ctl_lost,8,0,-2.5,15.7
mpg,-4.0,9,ack-4f,w,3,3,0,ctl,ok,0,0,-3.0,15.7
mpg,-4.0,9,ack-4f,w,3,3,0,ctl,ok,0,0,0.3,15.7
mpg,-4.0,9,fsk32r62-r1/2,c32r62,10,2,1,data,ok,8,8,1.0,15.7
mpg,-4.0,9,ack-4f,w,3,3,0,ctl,ok,0,0,1.4,15.7
mpg,-4.0,9,qpsk-r1/2,w,9,2,1,data,ok,7,0,0.7,15.7
mpg,-4.0,9,ack-4f,w,3,3,0,ctl,ok,0,0,-0.5,15.7
mpg,-4.0,9,qpsk-r1/2,w,9,2,1,data,ok,0,0,-1.7,15.7
mpg,-4.0,9,ack-4f,w,3,3,0,ctl,ok,0,0,-4.9,15.7
mpg,-4.0,9,qpsk-r1/5,w,9,2,1,data,ok,7,7,-3.3,15.7
mpg,-4.0,9,ack-4f,w,3,3,0,ctl,ok,0,0,1.8,15.7
mpg,-4.0,9,qpsk-r1/5,w,9,2,1,data,ok,7,7,-2.3,15.7
mpg,-4.0,9,ack-4f,w,3,3,0,ctl,ok,0,0,-2.6,15.7
mpg,-4.0,9,qpsk-r1/5,w,9,2,1,data,ok,7,7,0.6,15.7
mpg,-4.0,9,ack-4f,w,3,3,0,ctl,ok,0,0,-1.6,15.7
mpg,-4.0,9,qpsk-r1/2,w,9,2,1,data,ctl_lost,7,0,-3.0,15.7
mpg,-4.0,9,ack-4f,w,3,3,,ctl,missed,0,0,,15.7
mpg,-4.0,9,ack-4f,w,3,3,0,ctl,ok,0,0,-0.8,15.7
mpg,-4.0,9,ack-4f,w,3,3,0,ctl,ok,0,0,-0.5,15.7
mpg,-4.0,9,qpsk-r1/5,w,9,2,1,data,ok,7,7,-0.5,15.7
mpg,-4.0,9,ack-4f,w,2,2,0,ctl,ok,0,0,-6.3,15.7
mpg,-4.0,8,qpsk-r1/5,w,1,1,0,ctl,ok,0,0,-0.5,19.6
mpg,-4.0,8,qpsk-r1/5,w,1,1,0,ctl,ok,0,0,-1.2,19.6
mpg,-4.0,8,ack-4f,w,3,3,0,ctl,ok,0,0,-3.3,19.6
mpg,-4.0,8,ack-4f,w,3,3,0,ctl,ok,0,0,1.5,19.6
mpg,-4.0,8,qpsk-r1/5,w,9,2,1,data,ok,7,7,-1.8,19.6
mpg,-4.0,8,ack-4f,w,3,3,0,ctl,ok,0,0,-4.8,19.6
mpg,-4.0,8,qpsk-r1/5,w,9,2,1,data,ok,7,5,-4.1,19.6
mpg,-4.0,8,ack-4f,w,3,3,0,ctl,ok,0,0,-3.9,19.6
mpg,-4.0,8,qpsk-r1/5,w,9,2,1,data,ok,5,5,1.1,19.6
mpg,-4.0,8,n10-ack-4f,n10,3,3,0,ctl,ok,0,0,4.0,19.6
mpg,-4.0,8,qpsk-r1/3,w,9,2,1,data,ok,7,7,0.7,19.6
mpg,-4.0,8,ack-1f,w,3,3,0,ctl,ok,0,0,2.6,19.6
mpg,-4.0,8,qpsk-r1/3,w,9,2,1,data,ok,7,7,2.1,19.6
mpg,-4.0,8,ack-1f,w,3,3,0,ctl,ctl_lost,0,0,-5.5,19.6
mpg,-4.0,8,ack-4f,w,3,3,0,ctl,ok,0,0,0.6,19.6
mpg,-4.0,8,ack-4f,w,3,3,0,ctl,ok,0,0,0.4,19.6
mpg,-4.0,8,qpsk-r1/3,w,9,2,1,data,ok,7,0,-2.5,19.6
mpg,-4.0,8,ack-4f,w,2,2,0,ctl,ok,0,0,-3.5,19.6
mpg,-4.0,8,qpsk-r1/5,w,9,1,0,data,ok,8,8,0.4,19.6
mpg,-4.0,8,ack-4f,w,2,2,0,ctl,ok,0,0,1.5,19.6
mpg,-4.0,8,qpsk-r1/5,w,9,1,0,data,ok,8,8,-3.3,19.6
mpg,-4.0,8,ack-4f,w,3,3,0,ctl,ok,0,0,-3.7,19.6
mpg,-4.0,8,qpsk-r1/3,w,9,2,,data,missed,0,0,,19.6
mpg,-4.0,8,ack-4f,w,3,3,,ctl,missed,0,0,,19.6
mpg,-4.0,8,ack-4f,w,3,3,0,ctl,ok,0,0,-5.2,19.6
mpg,-4.0,8,ack-4f,w,3,3,0,ctl,ok,0,0,-0.9,19.6
mpg,-4.0,8,qpsk-r1/5,w,9,2,1,data,ok,7,7,0.1,19.6
mpg,-4.0,8,ack-4f,w,2,2,0,ctl,ok,0,0,-0.2,19.6
mpg,-4.0,8,qpsk-r1/5,w,9,1,0,data,ok,8,8,1.4,19.6
mpg,-4.0,8,ack-4f,w,2,2,0,ctl,ok,0,0,4.4,19.6
mpg,-4.0,8,qpsk-r1/3,w,9,1,0,data,ok,8,8,3.6,19.6
mpg,-4.0,8,ack-1f,w,3,3,0,ctl,ctl_lost,0,0,-3.6,19.6
mpg,-4.0,8,ack-4f,w,3,3,0,ctl,ok,0,0,0.6,19.6
mpg,-4.0,8,ack-4f,w,2,2,0,ctl,ok,0,0,0.1,19.6
mpg,-4.0,8,qpsk-r1/3,w,9,1,0,data,ok,8,8,-0.3,19.6
mpg,-4.0,8,ack-4f,w,3,3,0,ctl,ok,0,0,-1.2,19.6
mpg,-4.0,8,qpsk-r1/3,w,9,2,1,data,ctl_lost,7,0,-6.7,19.6
mpg,-4.0,8,ack-4f,w,2,2,0,ctl,ok,0,0,-3.6,19.6
mpg,-4.0,8,ack-4f,w,3,3,0,ctl,ok,0,0,2.2,19.6
mpg,-4.0,8,qpsk-r1/5,w,9,2,1,data,ok,7,7,-2.1,19.6
mpg,-4.0,8,ack-4f,w,2,2,0,ctl,ok,0,0,3.7,19.6
mpg,-4.0,8,qpsk-r1/5,w,9,1,0,data,ok,8,8,-1.9,19.6
mpg,-4.0,8,n4-ack-2f,n4,2,2,0,ctl,ctl_lost,0,0,-11.2,19.6
mpg,-4.0,8,ack-4f,w,3,3,0,ctl,ok,0,0,-0.6,19.6
mpg,-4.0,8,ack-4f,w,2,2,0,ctl,ok,0,0,1.1,19.6
mpg,-4.0,8,qpsk-r1/5,w,9,1,0,data,ok,8,8,1.9,19.6
mpg,-4.0,8,ack-4f,w,3,3,0,ctl,ok,0,0,-0.4,19.6
mpg,-4.0,8,qpsk-r1/3,w,9,2,1,data,ok,7,7,2.3,19.6
mpg,-4.0,8,ack-4f,w,3,3,0,ctl,ok,0,0,1.3,19.6
mpg,-4.0,8,w48-qpsk-r1/5,w48,19,2,1,data,ok,17,17,-0.0,19.6
mpg,-4.0,8,ack-4f,w,3,3,0,ctl,ok,0,0,1.3,19.6
mpg,-4.0,8,w48-qpsk-r1/5,w48,19,2,1,data,ok,17,0,-3.0,19.6
mpg,-4.0,8,ack-4f,w,2,2,0,ctl,ok,0,0,0.6,19.6
mpg,-4.0,8,qpsk-r1/5,w,9,1,0,data,ok,8,8,-0.3,19.6
mpg,-4.0,8,ack-4f,w,2,2,0,ctl,ok,0,0,-0.2,19.6
mpg,-4.0,8,qpsk-r1/5,w,9,1,0,data,ok,8,2,-3.1,19.6
mpg,-4.0,8,ack-4f,w,3,3,0,ctl,ok,0,0,-2.6,19.6
mpg,-4.0,8,qpsk-r1/5,w,9,1,0,data,ok,2,1,-2.7,19.6
mpg,-4.0,8,ack-4f,w,2,2,0,ctl,ok,0,0,0.1,19.6
mpg,-4.0,8,qpsk-r1/5,w,9,1,0,data,ok,8,8,-1.4,19.6
mpg,-4.0,8,ack-4f,w,2,2,0,ctl,ok,0,0,0.0,19.6
mpg,-4.0,8,qpsk-r1/5,w,9,1,0,data,ok,8,8,-1.5,19.6
mpg,-4.0,8,ack-4f,w,2,2,0,ctl,ok,0,0,-3.5,19.6
mpg,-4.0,8,qpsk-r1/5,w,9,1,0,data,ok,8,8,0.8,19.6
mpg,-4.0,8,ack-4f,w,3,3,0,ctl,ok,0,0,-1.1,19.6
mpg,-4.0,8,qpsk-r1/3,w,9,2,1,data,ok,7,0,-3.3,19.6
mpg,-4.0,8,ack-4f,w,2,2,0,ctl,ok,0,0,-3.3,19.6
mpg,-4.0,8,qpsk-r1/5,w,9,1,0,data,ok,8,8,1.6,19.6
mpg,-4.0,8,ack-4f,w,3,3,0,ctl,ok,0,0,1.5,19.6
mpg,-4.0,8,qpsk-r1/3,w,9,2,1,data,ok,7,7,2.1,19.6
mpg,-4.0,8,ack-4f,w,3,3,0,ctl,ok,0,0,-3.1,19.6
mpg,-4.0,8,w48-qpsk-r1/5,w48,19,2,1,data,ok,17,4,-1.1,19.6
mpg,-4.0,8,ack-4f,w,4,4,0,ctl,ctl_lost,0,0,-4.4,19.6
mpg,-4.0,8,ack-4f,w,2,2,0,ctl,ok,0,0,-4.7,19.6
mpg,-4.0,8,ack-4f,w,3,3,0,ctl,ok,0,0,-3.3,19.6
mpg,-4.0,8,qpsk-r1/5,w,9,1,,data,missed,0,0,,19.6
mpg,-4.0,8,ack-4f,w,4,4,0,ctl,ok,0,0,-5.0,19.6
mpg,-4.0,8,ack-4f,w,3,3,0,ctl,ok,0,0,-0.8,19.6
mpg,-4.0,8,qpsk-r1/5,w,9,2,1,data,ok,7,7,0.9,19.6
mpg,-4.0,8,ack-4f,w,3,3,0,ctl,ok,0,0,-3.5,19.6
mpg,-4.0,8,qpsk-r1/3,w,9,2,1,data,ok,7,0,-3.3,19.6
mpg,-4.0,8,ack-4f,w,2,2,0,ctl,ok,0,0,-1.6,19.6
mpg,-4.0,8,qpsk-r1/5,w,9,1,0,data,ok,8,8,-1.3,19.6
mpg,-4.0,8,ack-4f,w,2,2,0,ctl,ctl_lost,0,0,-6.4,19.6
mpg,-4.0,8,ack-4f,w,4,4,0,ctl,ok,0,0,-3.2,19.6
mpg,-4.0,8,ack-4f,w,2,2,0,ctl,ctl_lost,0,0,-112.6,19.6
mpg,-4.0,8,ack-4f,w,4,4,0,ctl,ok,0,0,-4.3,19.6
mpg,-4.0,8,ack-4f,w,2,2,0,ctl,ok,0,0,-1.7,19.6
mpg,-4.0,8,qpsk-r1/5,w,9,1,0,data,ok,8,8,-3.2,19.6
mpg,-4.0,8,n4-ack-8f,n4,2,2,0,ctl,ok,0,0,-0.4,19.6
mpg,-4.0,8,qpsk-r1/5,w,9,1,0,data,ok,8,8,1.9,19.6
mpg,-4.0,8,ack-4f,w,3,3,0,ctl,ok,0,0,-4.3,19.6
mpg,-4.0,8,qpsk-r1/3,w,9,2,1,data,ok,7,7,0.1,19.6
mpg,-4.0,8,ack-4f,w,3,3,0,ctl,ok,0,0,-0.3,19.6
mpg,-4.0,8,w48-qpsk-r1/5,w48,19,2,1,data,ok,17,0,-2.5,19.6
mpg,-4.0,8,ack-4f,w,3,3,0,ctl,ok,0,0,-0.1,19.6
mpg,-4.0,8,qpsk-r1/2,w,9,2,1,data,ok,7,7,2.6,19.6
mpg,-4.0,11,qpsk-r1/5,w,1,1,0,ctl,ok,0,0,2.8,15.7
mpg,-4.0,11,qpsk-r1/5,w,1,1,0,ctl,ok,0,0,1.0,15.7
mpg,-4.0,11,ack-4f,w,3,3,0,ctl,ok,0,0,-7.5,15.7
mpg,-4.0,11,ack-1f,w,3,3,0,ctl,ok,0,0,-4.1,15.7
mpg,-4.0,11,qpsk-r1/3,w,9,2,1,data,ok,7,0,-1.3,15.7
mpg,-4.0,11,ack-4f,w,3,3,0,ctl,ok,0,0,-1.9,15.7
mpg,-4.0,11,qpsk-r1/5,w,9,2,1,data,ok,7,7,-0.3,15.7
mpg,-4.0,11,n10-ack-4f,n10,2,2,0,ctl,ok,0,0,0.6,15.7
mpg,-4.0,11,qpsk-r1/5,w,9,1,0,data,ok,8,8,1.8,15.7
mpg,-4.0,11,ack-4f,w,3,3,0,ctl,ok,0,0,1.3,15.7
mpg,-4.0,11,qpsk-r1/3,w,9,2,1,data,ok,7,7,1.9,15.7
mpg,-4.0,11,ack-1f,w,3,3,0,ctl,ok,0,0,1.6,15.7
mpg,-4.0,11,w48-qpsk-r1/5,w48,19,2,1,data,ok,17,0,-3.3,15.7
mpg,-4.0,11,ack-1f,w,3,3,0,ctl,ctl_lost,0,0,-4.7,15.7
mpg,-4.0,11,ack-4f,w,3,3,0,ctl,ctl_lost,0,0,-16.1,15.7
mpg,-4.0,11,ack-4f,w,3,3,0,ctl,ctl_lost,0,0,-5.1,15.7
mpg,-4.0,11,ack-4f,w,3,3,0,ctl,ok,0,0,1.3,15.7
mpg,-4.0,11,ack-4f,w,3,3,0,ctl,ok,0,0,-4.0,15.7
mpg,-4.0,11,qpsk-r1/3,w,9,2,1,data,ok,7,7,0.4,15.7
mpg,-4.0,11,n10-ack-4f,n10,3,3,0,ctl,ok,0,0,5.4,15.7
mpg,-4.0,11,qpsk-r1/3,w,9,2,1,data,ok,7,0,-2.9,15.7
mpg,-4.0,11,n4-ack-2f,n4,2,2,,ctl,missed,0,0,,15.7
mpg,-4.0,11,ack-4f,w,3,3,,ctl,missed,0,0,,15.7
mpg,-4.0,11,ack-4f,w,3,3,0,ctl,ok,0,0,-3.1,15.7
mpg,-4.0,11,ack-4f,w,3,3,0,ctl,ok,0,0,-4.1,15.7
mpg,-4.0,11,qpsk-r1/5,w,9,2,1,data,header,7,0,-8.5,15.7
mpg,-4.0,11,ack-4f,w,4,4,0,ctl,ok,0,0,3.3,15.7
mpg,-4.0,11,ack-4f,w,3,3,0,ctl,ok,0,0,-2.3,15.7
mpg,-4.0,11,qpsk-r1/3,w,9,2,1,data,ok,7,0,-3.1,15.7
mpg,-4.0,11,n10-ack-4f,n10,2,2,0,ctl,ok,0,0,-7.4,15.7
mpg,-4.0,11,qpsk-r1/5,w,9,1,0,data,ctl_lost,8,4,-2.9,15.7
mpg,-4.0,11,ack-4f,w,4,4,0,ctl,ok,0,0,-2.7,15.7
mpg,-4.0,11,ack-4f,w,3,3,0,ctl,ok,0,0,-2.9,15.7
mpg,-4.0,11,qpsk-r1/5,w,9,2,1,data,ok,7,7,-1.6,15.7
mpg,-4.0,11,n10-ack-4f,n10,3,3,0,ctl,ok,0,0,-1.8,15.7
mpg,-4.0,11,qpsk-r1/5,w,9,2,1,data,ok,7,7,0.2,15.7
mpg,-4.0,11,ack-4f,w,2,2,0,ctl,ok,0,0,-2.5,15.7
mpg,-4.0,11,qpsk-r1/5,w,9,1,0,data,ok,8,8,-2.1,15.7
mpg,-4.0,11,n10-ack-4f,n10,2,2,,ctl,missed,0,0,,15.7
mpg,-4.0,11,ack-4f,w,3,3,,ctl,missed,0,0,,15.7
mpg,-4.0,11,ack-4f,w,3,3,0,ctl,ok,0,0,-2.4,15.7
mpg,-4.0,11,ack-4f,w,3,3,0,ctl,ok,0,0,2.5,15.7
mpg,-4.0,11,qpsk-r1/5,w,9,2,1,data,ok,7,7,-1.3,15.7
mpg,-4.0,11,ack-4f,w,3,3,0,ctl,ok,0,0,2.8,15.7
mpg,-4.0,11,qpsk-r1/5,w,9,2,1,data,ok,7,3,-2.8,15.7
mpg,-4.0,11,n4-ack-2f,n4,3,3,0,ctl,ok,0,0,-2.1,15.7
mpg,-4.0,11,qpsk-r1/5,w,9,2,1,data,ok,3,3,2.5,15.7
mpg,-4.0,11,ack-4f,w,2,2,0,ctl,ok,0,0,0.7,15.7
mpg,-4.0,11,qpsk-r1/5,w,9,1,0,data,ok,8,8,-3.2,15.7
mpg,-4.0,11,ack-4f,w,2,2,0,ctl,ok,0,0,-1.8,15.7
mpg,-4.0,11,qpsk-r1/5,w,9,1,0,data,ctl_lost,8,0,-4.5,15.7
mpg,-4.0,11,ack-4f,w,3,3,0,ctl,ok,0,0,1.7,15.7
mpg,-4.0,11,ack-4f,w,3,3,0,ctl,ok,0,0,2.1,15.7
mpg,-4.0,11,qpsk-r1/3,w,9,2,1,data,ok,7,7,0.3,15.7
mpg,-4.0,11,ack-4f,w,3,3,,ctl,missed,0,0,,15.7
mpg,-4.0,11,ack-4f,w,4,4,,ctl,missed,0,0,,15.7
mpg,-4.0,11,ack-4f,w,4,4,0,ctl,ok,0,0,0.6,15.7
mpg,-4.0,11,ack-4f,w,3,3,0,ctl,ok,0,0,-5.3,15.7
mpg,-4.0,11,qpsk-r1/3,w,9,2,1,data,ok,7,7,0.1,15.7
mpg,-4.0,11,n10-ack-4f,n10,3,3,0,ctl,ok,0,0,-7.1,15.7
mpg,-4.0,11,qpsk-r1/3,w,9,2,1,data,ok,7,7,2.4,15.7
mpg,-4.0,11,ack-4f,w,2,2,0,ctl,ok,0,0,-2.6,15.7
mpg,-4.0,11,qpsk-r1/3,w,9,1,0,data,ctl_lost,8,0,-1.4,15.7
mpg,-4.0,11,ack-4f,w,3,3,0,ctl,ok,0,0,-2.4,15.7
mpg,-4.0,11,ack-4f,w,3,3,0,ctl,ok,0,0,-0.8,15.7
mpg,-4.0,11,qpsk-r1/5,w,9,2,1,data,ok,7,7,-1.9,15.7
mpg,-4.0,11,n10-ack-4f,n10,3,3,0,ctl,ok,0,0,3.2,15.7
mpg,-4.0,11,qpsk-r1/5,w,9,2,1,data,ok,7,7,1.3,15.7
mpg,-4.0,11,ack-4f,w,3,3,0,ctl,ctl_lost,0,0,-18.0,15.7
mpg,-4.0,11,ack-4f,w,3,3,0,ctl,ok,0,0,0.9,15.7
mpg,-4.0,11,ack-4f,w,3,3,0,ctl,ok,0,0,-0.6,15.7
mpg,-4.0,11,qpsk-r1/3,w,9,2,1,data,ok,7,7,-0.6,15.7
mpg,-4.0,11,n10-ack-4f,n10,2,2,,ctl,missed,0,0,,15.7
mpg,-4.0,11,ack-4f,w,3,3,0,ctl,ok,0,0,-2.1,15.7
mpg,-4.0,11,ack-4f,w,3,3,0,ctl,ok,0,0,-2.4,15.7
mpg,-4.0,11,qpsk-r1/5,w,9,2,1,data,ok,7,7,-1.9,15.7
mpg,-4.0,11,n10-ack-4f,n10,3,3,0,ctl,ok,0,0,-5.7,15.7
mpg,-4.0,11,qpsk-r1/5,w,9,2,1,data,ok,7,7,-2.8,15.7
mpg,-4.0,11,ack-4f,w,3,3,0,ctl,ok,0,0,-6.1,15.7
mpg,-4.0,11,qpsk-r1/5,w,9,2,1,data,ok,7,7,-0.9,15.7
mpg,-4.0,11,n10-ack-4f,n10,3,3,0,ctl,ok,0,0,-1.1,15.7
mpg,-4.0,11,qpsk-r1/5,w,9,2,1,data,ok,7,7,-2.1,15.7
mpg,-4.0,11,n10-ack-4f,n10,2,2,0,ctl,ok,0,0,3.3,15.7
mpg,-4.0,11,qpsk-r1/5,w,9,1,0,data,ok,8,4,-3.6,15.7
mpg,-4.0,11,ack-1f,w,3,3,0,ctl,ctl_lost,0,0,-11.5,15.7
mpg,-4.0,11,ack-4f,w,3,3,0,ctl,ok,0,0,-2.9,15.7
mpg,-4.0,11,ack-4f,w,3,3,0,ctl,ok,0,0,2.9,15.7
mpg,-4.0,11,qpsk-r1/5,w,9,2,1,data,ok,7,7,-1.6,15.7
mpg,-4.0,11,n10-ack-4f,n10,3,3,0,ctl,ok,0,0,2.1,15.7
mpg,-4.0,11,qpsk-r1/5,w,9,2,1,data,ok,7,7,-2.3,15.7
mpg,-4.0,11,n4-ack-2f,n4,2,2,0,ctl,ok,0,0,-8.3,15.7
mpg,-4.0,11,qpsk-r1/5,w,9,1,0,data,ok,8,4,-4.7,15.7
mpg,-4.0,11,n10-ack-4f,n10,3,3,,ctl,missed,0,0,,15.7
mpg,-4.0,11,ack-4f,w,3,3,0,ctl,ok,0,0,-1.0,15.7
mpg,-4.0,11,ack-4f,w,3,3,0,ctl,ok,0,0,-9.7,15.7
mpg,-4.0,11,qpsk-r1/5,w,9,1,0,data,ok,8,8,-0.2,15.7
mpg,-4.0,11,n10-ack-4f,n10,2,2,0,ctl,ctl_lost,0,0,-8.2,15.7
mpg,-4.0,11,ack-4f,w,3,3,0,ctl,ok,0,0,-3.4,15.7
mpg,-4.0,11,ack-4f,w,2,2,0,ctl,ok,0,0,0.2,15.7
mpg,-4.0,11,qpsk-r1/5,w,9,1,0,data,ok,8,8,-2.8,15.7
mpg,-4.0,11,n10-ack-4f,n10,2,2,0,ctl,ok,0,0,-2.9,15.7
mpg,-4.0,11,qpsk-r1/5,w,9,1,0,data,ctl_lost,8,3,-2.6,15.7
mpg,-4.0,10,qpsk-r1/5,w,1,1,0,ctl,ok,0,0,2.8,15.3
mpg,-4.0,10,qpsk-r1/5,w,1,1,0,ctl,ok,0,0,1.3,15.3
mpg,-4.0,10,ack-4f,w,3,3,0,ctl,ok,0,0,1.8,15.3
mpg,-4.0,10,ack-4f,w,3,3,0,ctl,ok,0,0,2.7,15.3
mpg,-4.0,10,qpsk-r1/2,w,9,2,1,data,ok,7,7,2.7,15.3
mpg,-4.0,10,ack-1f,w,3,3,0,ctl,ok,0,0,4.7,15.3
mpg,-4.0,10,qpsk-r1/2,w,9,2,1,data,ok,7,0,-2.3,15.3
mpg,-4.0,10,ack-1f,w,3,3,0,ctl,ok,0,0,-1.5,15.3
mpg,-4.0,10,qpsk-r1/2,w,9,2,1,data,ctl_lost,0,0,-3.9,15.3
mpg,-4.0,10,ack-4f,w,3,3,0,ctl,ok,0,0,1.1,15.3
mpg,-4.0,10,ack-4f,w,3,3,0,ctl,ok,0,0,-1.7,15.3
mpg,-4.0,10,qpsk-r1/3,w,9,2,1,data,ok,7,0,-2.5,15.3
mpg,-4.0,10,ack-4f,w,3,3,0,ctl,ctl_lost,0,0,-6.9,15.3
mpg,-4.0,10,ack-4f,w,3,3,0,ctl,ok,0,0,-1.5,15.3
mpg,-4.0,10,ack-4f,w,3,3,0,ctl,ok,0,0,-2.0,15.3
mpg,-4.0,10,qpsk-r1/5,w,9,2,1,data,ok,7,7,-1.6,15.3
mpg,-4.0,10,n4-ack-8f,n4,3,3,0,ctl,ok,0,0,-2.5,15.3
mpg,-4.0,10,qpsk-r1/3,w,9,2,1,data,ok,7,0,-2.5,15.3
mpg,-4.0,10,n10-ack-4f,n10,3,3,,ctl,missed,0,0,,15.3
mpg,-4.0,10,ack-4f,w,3,3,0,ctl,ok,0,0,1.1,15.3
mpg,-4.0,10,ack-4f,w,3,3,0,ctl,ok,0,0,1.4,15.3
mpg,-4.0,10,qpsk-r1/5,w,9,2,1,data,ok,7,7,-2.0,15.3
mpg,-4.0,10,n10-ack-4f,n10,2,2,0,ctl,ok,0,0,-1.8,15.3
mpg,-4.0,10,qpsk-r1/5,w,9,1,0,data,ok,8,8,-2.5,15.3
mpg,-4.0,10,polar-k96-f4,w,1,1,0,ctl,ok,0,0,-1.2,15.3
mpg,-4.0,10,qpsk-r1/5,w,9,2,1,data,ok,7,7,0.8,15.3
mpg,-4.0,10,n10-ack-4f,n10,3,3,0,ctl,ok,0,0,-9.4,15.3
mpg,-4.0,10,qpsk-r1/3,w,9,2,1,data,ok,7,7,-0.4,15.3
mpg,-4.0,10,n4-ack-8f,n4,3,3,0,ctl,ok,0,0,-1.8,15.3
mpg,-4.0,10,qpsk-r1/3,w,9,2,1,data,ok,7,0,-2.3,15.3
mpg,-4.0,10,n10-ack-4f,n10,2,2,0,ctl,ctl_lost,0,0,-9.1,15.3
mpg,-4.0,10,ack-4f,w,3,3,0,ctl,ok,0,0,-0.5,15.3
mpg,-4.0,10,ack-4f,w,3,3,0,ctl,ok,0,0,-2.6,15.3
mpg,-4.0,10,qpsk-r1/5,w,9,2,1,data,ok,7,6,-3.4,15.3
mpg,-4.0,10,n10-ack-4f,n10,3,3,0,ctl,ok,0,0,-3.9,15.3
mpg,-4.0,10,qpsk-r1/5,w,9,2,1,data,ok,6,6,-1.1,15.3
mpg,-4.0,10,polar-k96-f4,w,1,1,0,ctl,ok,0,0,0.1,15.3
mpg,-4.0,10,qpsk-r1/5,w,9,2,1,data,ok,7,7,-2.2,15.3
mpg,-4.0,10,n10-ack-4f,n10,2,2,0,ctl,ok,0,0,-6.2,15.3
mpg,-4.0,10,qpsk-r1/5,w,9,1,0,data,ok,8,8,-2.3,15.3
mpg,-4.0,10,ack-4f,w,2,2,0,ctl,ok,0,0,-9.1,15.3
mpg,-4.0,10,qpsk-r1/5,w,9,1,0,data,ok,8,8,-1.0,15.3
mpg,-4.0,10,n10-ack-4f,n10,2,2,0,ctl,ok,0,0,0.1,15.3
mpg,-4.0,10,qpsk-r1/5,w,9,1,,data,missed,0,0,,15.3
mpg,-4.0,10,ack-4f,w,3,3,0,ctl,ok,0,0,-0.9,15.3
mpg,-4.0,10,ack-4f,w,2,2,0,ctl,ok,0,0,-1.3,15.3
mpg,-4.0,10,qpsk-r1/5,w,9,1,0,data,ok,8,3,-2.5,15.3
mpg,-4.0,10,n10-ack-4f,n10,3,3,0,ctl,ok,0,0,-4.2,15.3
mpg,-4.0,10,qpsk-r1/5,w,9,1,0,data,ok,3,3,-2.3,15.3
mpg,-4.0,10,n10-ack-4f,n10,2,2,0,ctl,ok,0,0,-4.1,15.3
mpg,-4.0,10,qpsk-r1/5,w,9,1,0,data,ctl_lost,8,0,-5.0,15.3
mpg,-4.0,10,ack-4f,w,3,3,0,ctl,ok,0,0,-1.1,15.3
mpg,-4.0,10,ack-4f,w,3,3,0,ctl,ok,0,0,-10.7,15.3
mpg,-4.0,10,qpsk-r1/5,w,9,2,1,data,ok,7,7,2.2,15.3
mpg,-4.0,10,n10-ack-4f,n10,2,2,0,ctl,ok,0,0,2.3,15.3
mpg,-4.0,10,qpsk-r1/3,w,9,1,0,data,ok,8,8,0.5,15.3
mpg,-4.0,10,n10-ack-4f,n10,2,2,0,ctl,ok,0,0,-2.5,15.3
mpg,-4.0,10,qpsk-r1/3,w,9,1,0,data,ctl_lost,8,3,-0.8,15.3
mpg,-4.0,10,ack-4f,w,3,3,0,ctl,ok,0,0,2.2,15.3
mpg,-4.0,10,ack-4f,w,3,3,0,ctl,ok,0,0,3.9,15.3
mpg,-4.0,10,w48-qpsk-r1/5,w48,19,2,1,data,ok,17,6,-0.4,15.3
mpg,-4.0,10,ack-1f,w,3,3,0,ctl,ok,0,0,2.5,15.3
mpg,-4.0,10,w48-qpsk-r1/5,w48,19,2,1,data,ok,6,0,-2.5,15.3
mpg,-4.0,10,ack-1f,w,3,3,0,ctl,ok,0,0,0.7,15.3
mpg,-4.0,10,w48-qpsk-r1/5,w48,19,2,1,data,ok,11,11,0.4,15.3
mpg,-4.0,10,ack-1f,w,3,3,0,ctl,ctl_lost,0,0,-4.1,15.3
mpg,-4.0,10,ack-4f,w,3,3,0,ctl,ok,0,0,-0.4,15.3
mpg,-4.0,10,ack-4f,w,3,3,0,ctl,ok,0,0,-4.1,15.3
mpg,-4.0,10,w48-qpsk-r1/5,w48,19,2,,data,missed,0,0,,15.3
mpg,-4.0,10,ack-4f,w,3,3,0,ctl,ok,0,0,4.7,15.3
mpg,-4.0,10,ack-4f,w,3,3,0,ctl,ok,0,0,3.0,15.3
mpg,-4.0,10,w48-qpsk-r1/5,w48,19,2,1,data,ctl_lost,17,0,-4.1,15.3
mpg,-4.0,10,ack-4f,w,3,3,0,ctl,ok,0,0,3.0,15.3
mpg,-4.0,10,ack-4f,w,3,3,0,ctl,ok,0,0,2.2,15.3
mpg,-4.0,10,qpsk-r1/3,w,9,2,1,data,ctl_lost,7,0,-4.0,15.3
mpg,-4.0,10,ack-4f,w,4,4,0,ctl,ok,0,0,-4.0,15.3
mpg,-4.0,10,ack-4f,w,3,3,0,ctl,ok,0,0,2.5,15.3
mpg,-4.0,10,qpsk-r1/5,w,9,2,1,data,ok,7,7,-1.0,15.3
mpg,-4.0,10,n4-ack-2f,n4,2,2,,ctl,missed,0,0,,15.3
mpg,-4.0,10,ack-4f,w,4,4,0,ctl,ok,0,0,0.9,15.3
mpg,-4.0,10,ack-4f,w,2,2,0,ctl,ok,0,0,0.1,15.3
mpg,-4.0,10,qpsk-r1/5,w,9,1,0,data,ok,8,8,-1.0,15.3
mpg,-4.0,10,n10-ack-4f,n10,2,2,0,ctl,ok,0,0,-9.7,15.3
mpg,-4.0,10,qpsk-r1/5,w,9,1,0,data,ok,8,8,-2.8,15.3
mpg,-4.0,10,n10-ack-4f,n10,2,2,0,ctl,ok,0,0,0.6,15.3
mpg,-4.0,10,qpsk-r1/5,w,9,1,0,data,ctl_lost,8,0,-4.7,15.3
mpg,-4.0,10,ack-4f,w,3,3,0,ctl,ok,0,0,-1.4,15.3
mpg,-4.0,10,ack-4f,w,3,3,0,ctl,ok,0,0,-0.2,15.3
mpg,-4.0,10,qpsk-r1/5,w,9,2,1,data,ok,7,7,-1.2,15.3
mpg,-4.0,10,n10-ack-4f,n10,3,3,0,ctl,ok,0,0,-1.6,15.3
mpg,-4.0,10,qpsk-r1/5,w,9,2,1,data,ok,7,7,-0.5,15.3
mpg,-4.0,10,n10-ack-4f,n10,2,2,0,ctl,ok,0,0,-2.8,15.3
mpg,-4.0,10,qpsk-r1/5,w,9,1,0,data,ok,8,8,0.3,15.3
mpg,-4.0,10,n10-ack-4f,n10,2,2,0,ctl,ctl_lost,0,0,-12.2,15.3
mpg,-4.0,10,ack-4f,w,3,3,0,ctl,ok,0,0,-2.5,15.3
mpg,-4.0,10,ack-4f,w,2,2,0,ctl,ok,0,0,1.7,15.3
mpg,-4.0,10,qpsk-r1/5,w,9,1,0,data,ctl_lost,8,5,-3.1,15.3
mpg,-4.0,10,ack-4f,w,3,3,0,ctl,ok,0,0,-1.7,15.3
mpg,-4.0,10,ack-4f,w,3,3,0,ctl,ok,0,0,-2.0,15.3
mpg,-4.0,7,qpsk-r1/5,w,1,1,0,ctl,ok,0,0,-0.5,16.6
mpg,-4.0,7,qpsk-r1/5,w,1,1,0,ctl,ok,0,0,2.2,16.6
mpg,-4.0,7,ack-4f,w,3,3,0,ctl,ok,0,0,-0.8,16.6
mpg,-4.0,7,ack-1f,w,3,3,0,ctl,ok,0,0,5.3,16.6
mpg,-4.0,7,qpsk-r1/5,w,9,2,1,data,ok,7,6,-3.0,16.6
mpg,-4.0,7,ack-1f,w,3,3,0,ctl,ok,0,0,0.2,16.6
mpg,-4.0,7,qpsk-r1/5,w,9,2,1,data,ok,7,7,0.5,16.6
mpg,-4.0,7,ack-1f,w,2,2,0,ctl,ctl_lost,0,0,-5.2,16.6
mpg,-4.0,7,ack-4f,w,3,3,0,ctl,ok,0,0,-3.2,16.6
mpg,-4.0,7,ack-4f,w,2,2,0,ctl,ok,0,0,-0.8,16.6
mpg,-4.0,7,qpsk-r1/5,w,9,1,0,data,ctl_lost,8,0,-4.0,16.6
mpg,-4.0,7,ack-4f,w,3,3,0,ctl,ok,0,0,3.7,16.6
mpg,-4.0,7,ack-4f,w,3,3,0,ctl,ok,0,0,5.9,16.6
mpg,-4.0,7,qpsk-r1/3,w,9,2,1,data,ok,7,7,4.8,16.6
mpg,-4.0,7,n4-ack-2f,n4,3,3,0,ctl,ok,0,0,3.1,16.6
mpg,-4.0,7,qpsk-r1/2,w,9,2,1,data,ctl_lost,7,0,-2.5,16.6
mpg,-4.0,7,ack-4f,w,3,3,0,ctl,ok,0,0,-3.5,16.6
mpg,-4.0,7,ack-4f,w,3,3,,ctl,missed,0,0,,16.6
mpg,-4.0,7,ack-4f,w,3,3,0,ctl,ok,0,0,-1.6,16.6
mpg,-4.0,7,ack-4f,w,3,3,0,ctl,ok,0,0,-0.4,16.6
mpg,-4.0,7,qpsk-r1/3,w,9,2,1,data,ok,7,5,-1.7,16.6
mpg,-4.0,7,ack-4f,w,3,3,0,ctl,ok,0,0,-2.2,16.6
mpg,-4.0,7,qpsk-r1/3,w,9,2,1,data,ok,5,5,1.0,16.6
mpg,-4.0,7,ack-4f,w,2,2,0,ctl,ok,0,0,-4.1,16.6
mpg,-4.0,7,qpsk-r1/3,w,9,1,0,data,ok,8,8,2.9,16.6
mpg,-4.0,7,n4-ack-8f,n4,3,3,0,ctl,ok,0,0,2.6,16.6
mpg,-4.0,7,w48-qpsk-r1/5,w48,19,2,1,data,ok,17,0,-3.1,16.6
mpg,-4.0,7,n4-ack-2f,n4,2,2,0,ctl,ok,0,0,0.9,16.6
mpg,-4.0,7,qpsk-r1/3,w,9,1,0,data,ctl_lost,8,1,-1.7,16.6
mpg,-4.0,7,ack-4f,w,4,4,0,ctl,ok,0,0,-0.7,16.6
mpg,-4.0,7,ack-4f,w,3,3,0,ctl,ok,0,0,-4.3,16.6
mpg,-4.0,7,qpsk-r1/3,w,9,2,1,data,ctl_lost,7,0,-4.8,16.6
mpg,-4.0,7,ack-4f,w,3,3,0,ctl,ok,0,0,1.5,16.6
mpg,-4.0,7,ack-4f,w,3,3,0,ctl,ok,0,0,-0.4,16.6
mpg,-4.0,7,qpsk-r1/5,w,9,2,1,data,ok,7,7,-1.1,16.6
mpg,-4.0,7,n10-ack-4f,n10,3,3,0,ctl,ok,0,0,-8.9,16.6
mpg,-4.0,7,qpsk-r1/5,w,9,2,1,data,ok,7,7,-2.5,16.6
mpg,-4.0,7,ack-4f,w,3,3,0,ctl,ok,0,0,-1.6,16.6
mpg,-4.0,7,qpsk-r1/5,w,9,2,1,data,ok,7,0,-4.5,16.6
mpg,-4.0,7,ack-4f,w,3,3,0,ctl,ok,0,0,-2.2,16.6
mpg,-4.0,7,qpsk-r1/5,w,9,2,1,data,ok,0,0,1.3,16.6
mpg,-4.0,7,ack-4f,w,2,2,0,ctl,ok,0,0,-2.8,16.6
mpg,-4.0,7,qpsk-r1/5,w,9,1,0,data,ok,8,8,-2.6,16.6
mpg,-4.0,7,ack-4f,w,2,2,0,ctl,ok,0,0,-1.9,16.6
mpg,-4.0,7,qpsk-r1/5,w,9,1,0,data,ok,8,8,-0.4,16.6
mpg,-4.0,7,ack-4f,w,2,2,0,ctl,ok,0,0,2.5,16.6
mpg,-4.0,7,qpsk-r1/5,w,9,1,0,data,ok,8,8,0.1,16.6
mpg,-4.0,7,ack-4f,w,3,3,,ctl,missed,0,0,,16.6
mpg,-4.0,7,ack-4f,w,3,3,0,ctl,ok,0,0,-2.1,16.6
mpg,-4.0,7,ack-4f,w,2,2,0,ctl,ok,0,0,1.1,16.6
mpg,-4.0,7,qpsk-r1/5,w,9,1,0,data,ok,8,8,-0.9,16.6
mpg,-4.0,7,ack-4f,w,2,2,0,ctl,ok,0,0,0.0,16.6
mpg,-4.0,7,qpsk-r1/5,w,9,1,0,data,ctl_lost,8,0,-5.3,16.6
mpg,-4.0,7,ack-4f,w,3,3,0,ctl,ok,0,0,-2.1,16.6
mpg,-4.0,7,ack-4f,w,3,3,0,ctl,ok,0,0,-5.5,16.6
mpg,-4.0,7,qpsk-r1/5,w,9,2,1,data,ok,7,7,1.8,16.6
mpg,-4.0,7,ack-4f,w,3,3,0,ctl,ok,0,0,-0.1,16.6
mpg,-4.0,7,qpsk-r1/3,w,9,2,1,data,ok,7,0,-1.5,16.6
mpg,-4.0,7,ack-4f,w,2,2,0,ctl,ok,0,0,3.6,16.6
mpg,-4.0,7,qpsk-r1/5,w,9,1,0,data,ok,8,8,-0.7,16.6
mpg,-4.0,7,ack-4f,w,3,3,0,ctl,ok,0,0,-0.3,16.6
mpg,-4.0,7,qpsk-r1/5,w,9,2,1,data,ok,7,7,0.2,16.6
mpg,-4.0,7,ack-4f,w,3,3,0,ctl,ok,0,0,-0.4,16.6
mpg,-4.0,7,qpsk-r1/3,w,9,2,1,data,ok,7,7,0.9,16.6
mpg,-4.0,7,ack-4f,w,3,3,0,ctl,ok,0,0,4.9,16.6
mpg,-4.0,7,qpsk-r1/3,w,9,2,1,data,ok,7,7,2.7,16.6
mpg,-4.0,7,n4-ack-2f,n4,3,3,0,ctl,ok,0,0,1.0,16.6
mpg,-4.0,7,w48-qpsk-r1/5,w48,19,2,1,data,ok,17,0,-2.5,16.6
mpg,-4.0,7,ack-1f,w,3,3,0,ctl,ok,0,0,3.1,16.6
mpg,-4.0,7,w48-qpsk-r1/5,w48,19,2,1,data,ok,0,0,-5.0,16.6
mpg,-4.0,7,ack-1f,w,3,3,0,ctl,ctl_lost,0,0,-9.3,16.6
mpg,-4.0,7,ack-4f,w,3,3,0,ctl,ok,0,0,-3.6,16.6
mpg,-4.0,7,ack-4f,w,3,3,0,ctl,ok,0,0,-1.1,16.6
mpg,-4.0,7,w48-qpsk-r1/5,w48,19,2,1,data,ctl_lost,16,0,-3.9,16.6
mpg,-4.0,7,ack-4f,w,3,3,0,ctl,ok,0,0,1.9,16.6
mpg,-4.0,7,ack-4f,w,3,3,0,ctl,ok,0,0,-3.3,16.6
mpg,-4.0,7,w48-qpsk-r1/5,w48,19,2,1,data,ok,16,0,-3.0,16.6
mpg,-4.0,7,ack-4f,w,3,3,0,ctl,ok,0,0,-1.4,16.6
mpg,-4.0,7,qpsk-r1/3,w,9,2,1,data,ok,7,7,0.2,16.6
mpg,-4.0,7,ack-4f,w,3,3,0,ctl,ok,0,0,-1.8,16.6
mpg,-4.0,7,qpsk-r1/3,w,9,2,1,data,ok,7,0,-0.8,16.6
mpg,-4.0,7,ack-4f,w,3,3,0,ctl,ok,0,0,-4.4,16.6
mpg,-4.0,7,qpsk-r1/3,w,9,2,1,data,ok,0,0,-0.6,16.6
mpg,-4.0,7,ack-4f,w,2,2,0,ctl,ok,0,0,0.4,16.6
mpg,-4.0,7,qpsk-r1/5,w,9,1,0,data,ctl_lost,8,0,-3.7,16.6
mpg,-4.0,7,ack-4f,w,3,3,0,ctl,ok,0,0,1.0,16.6
mpg,-4.0,7,ack-4f,w,3,3,0,ctl,ok,0,0,3.4,16.6
mpg,-4.0,7,qpsk-r1/5,w,9,2,1,data,ok,7,7,1.7,16.6
mpg,-4.0,7,ack-4f,w,2,2,0,ctl,ok,0,0,0.7,16.6
mpg,-4.0,7,qpsk-r1/3,w,9,1,0,data,ctl_lost,8,0,-2.9,16.6
mpg,-4.0,7,ack-4f,w,4,4,0,ctl,ok,0,0,-7.2,16.6
mpg,-4.0,7,ack-4f,w,3,3,0,ctl,ok,0,0,-2.2,16.6
mpg,-4.0,7,qpsk-r1/5,w,9,2,1,data,ok,7,7,0.7,16.6
mpg,-4.0,7,ack-4f,w,3,3,0,ctl,ok,0,0,-0.6,16.6
mpg,-4.0,7,qpsk-r1/3,w,9,2,1,data,ok,7,7,0.3,16.6
mpg,-4.0,7,ack-4f,w,3,3,0,ctl,ok,0,0,-1.5,16.6
mpg,-4.0,7,qpsk-r1/3,w,9,2,1,data,ok,7,0,-0.6,16.6
mpp,15.0,8,qpsk-r1/5,w,1,1,0,ctl,ok,0,0,19.1,331.9
mpp,15.0,8,qpsk-r1/5,w,1,1,0,ctl,ok,0,0,20.7,331.9
mpp,15.0,8,ack-4f,w,3,3,0,ctl,ok,0,0,17.4,331.9
mpp,15.0,8,ack-1f,w,3,3,0,ctl,ok,0,0,20.2,331.9
mpp,15.0,8,w48-64l-r1/2,w48,39,2,1,data,ok,37,34,14.1,331.9
mpp,15.0,8,ack-1f,w,4,4,0,ctl,ok,0,0,16.1,331.9
mpp,15.0,8,w48-64l-r1/2,w48,36,2,1,data,ok,31,31,14.8,331.9
mpp,15.0,8,ack-1f,w,3,3,0,ctl,ok,0,0,15.3,331.9
mpp,15.0,8,w48-64l-r1/2,w48,39,2,1,data,ok,37,26,14.1,331.9
mpp,15.0,8,ack-1f,w,4,4,0,ctl,ok,0,0,14.8,331.9
mpp,15.0,8,w48-64l-r1/2,w48,39,2,1,data,ok,26,24,13.6,331.9
mpp,15.0,8,ack-1f,w,4,4,0,ctl,ok,0,0,15.8,331.9
mpp,15.0,8,w48-64l-r1/2,w48,39,2,1,data,ok,36,36,14.2,331.9
mpp,15.0,8,ack-1f,w,3,3,0,ctl,ok,0,0,18.0,331.9
mpp,15.0,8,w48-64l-r1/2,w48,39,2,1,data,ok,37,36,13.8,331.9
mpp,15.0,8,ack-1f,w,4,4,0,ctl,ok,0,0,16.1,331.9
mpp,15.0,8,w48-64l-r1/2,w48,39,2,1,data,ok,36,1,13.2,331.9
mpp,15.0,8,ack-1f,w,4,4,0,ctl,ok,0,0,18.9,331.9
mpp,15.0,8,w48-64l-r1/2,w48,39,2,1,data,ok,2,2,14.9,331.9
mpp,15.0,8,ack-1f,w,2,2,0,ctl,ok,0,0,14.8,331.9
mpp,15.0,8,w48-64l-r1/2,w48,39,1,0,data,ctl_lost,38,14,13.5,331.9
mpp,15.0,8,ack-4f,w,3,3,0,ctl,ok,0,0,17.7,331.9
mpp,15.0,8,ack-4f,w,2,2,0,ctl,ok,0,0,17.5,331.9
mpp,15.0,8,w48-16qam-r1/2,w48,19,1,0,data,ok,18,18,16.6,331.9
mpp,15.0,8,ack-1f,w,3,3,0,ctl,ok,0,0,15.2,331.9
mpp,15.0,8,w48-64l-r1/2,w48,39,2,1,data,ok,37,34,14.1,331.9
mpp,15.0,8,ack-1f,w,4,4,0,ctl,ok,0,0,17.9,331.9
mpp,15.0,8,w48-64l-r1/2,w48,39,2,1,data,ok,34,34,14.8,331.9
mpp,15.0,8,ack-1f,w,3,3,0,ctl,ok,0,0,20.5,331.9
mpp,15.0,8,w48-64l-r1/2,w48,39,2,1,data,ok,37,35,13.6,331.9
mpp,15.0,8,ack-1f,w,4,4,0,ctl,ok,0,0,15.7,331.9
mpp,15.0,8,w48-64l-r1/2,w48,39,2,1,data,ok,35,35,15.5,331.9
mpp,15.0,8,ack-1f,w,2,2,0,ctl,ok,0,0,14.7,331.9
mpp,15.0,8,w48-64l-r1/2,w48,39,1,0,data,ok,38,26,13.5,331.9
mpp,15.0,8,ack-1f,w,4,4,0,ctl,ok,0,0,14.2,331.9
mpp,15.0,8,w48-64l-r1/2,w48,39,2,1,data,ok,25,10,13.8,331.9
mpp,15.0,8,ack-1f,w,4,4,0,ctl,ok,0,0,19.3,331.9
mpp,15.0,8,w48-64l-r1/2,w48,39,2,1,data,ok,24,24,14.6,331.9
mpp,15.0,8,ack-1f,w,2,2,0,ctl,ok,0,0,14.1,331.9
mpp,15.0,8,w48-64l-r1/2,w48,39,1,0,data,ok,38,37,14.5,331.9
mpp,15.0,8,ack-1f,w,3,3,0,ctl,ok,0,0,16.6,331.9
mpp,15.0,8,w48-64l-r1/2,w48,39,1,0,data,ok,37,36,14.9,331.9
mpp,15.0,8,ack-1f,w,3,3,0,ctl,ok,0,0,16.4,331.9
mpp,15.0,8,w48-64l-r1/2,w48,39,1,0,data,ok,37,33,13.8,331.9
mpp,15.0,8,ack-1f,w,4,4,0,ctl,ok,0,0,18.5,331.9
mpp,15.0,8,w48-64l-r1/2,w48,34,1,0,data,ok,29,21,14.3,331.9
mpp,15.0,8,ack-1f,w,4,4,0,ctl,ok,0,0,12.0,331.9
mpp,15.0,8,w48-64l-r1/2,w48,39,1,0,data,ctl_lost,31,0,12.7,331.9
mpp,15.0,8,ack-4f,w,3,3,0,ctl,ok,0,0,17.2,331.9
mpp,15.0,8,ack-4f,w,4,4,0,ctl,ok,0,0,15.6,331.9
mpp,15.0,8,w48-64l-r1/2,w48,39,2,1,data,ok,30,30,15.0,331.9
mpp,15.0,8,ack-1f,w,3,3,0,ctl,ok,0,0,17.2,331.9
mpp,15.0,8,w48-64l-r1/2,w48,39,2,1,data,ok,37,37,14.9,331.9
mpp,15.0,8,ack-1f,w,2,2,0,ctl,ok,0,0,12.7,331.9
mpp,15.0,8,w48-64l-r1/2,w48,39,1,0,data,ok,38,38,15.3,331.9
mpp,15.0,8,ack-1f,w,2,2,0,ctl,ok,0,0,16.5,331.9
mpp,15.0,8,w48-64l-r1/2,w48,39,1,0,data,ok,38,38,14.5,331.9
mpp,15.0,8,ack-1f,w,2,2,0,ctl,ok,0,0,15.1,331.9
mpp,15.0,8,w48-64l-r1/2,w48,39,1,0,data,ok,38,36,13.9,331.9
mpp,15.0,8,ack-1f,w,4,4,0,ctl,ok,0,0,15.4,331.9
mpp,15.0,8,w48-64l-r1/2,w48,34,2,1,data,ok,30,6,12.8,331.9
mpp,15.0,8,ack-1f,w,4,4,0,ctl,ok,0,0,17.5,331.9
mpp,15.0,8,w48-64l-r1/2,w48,39,2,1,data,ok,15,0,12.4,331.9
mpp,15.0,8,ack-1f,w,3,3,0,ctl,ok,0,0,20.0,331.9
mpp,15.0,8,w48-16qam-r1/2,w48,19,2,1,data,ok,17,17,14.7,331.9
mpp,15.0,8,ack-1f,w,3,3,0,ctl,ok,0,0,16.8,331.9
mpp,15.0,8,w48-16qam-r1/2,w48,19,2,1,data,ok,17,17,16.5,331.9
mpp,15.0,8,ack-1f,w,2,2,0,ctl,ok,0,0,18.8,331.9
mpp,15.0,8,w48-16qam-r1/2,w48,19,1,0,data,ok,18,18,15.4,331.9
mpp,15.0,8,ack-1f,w,2,2,0,ctl,ok,0,0,13.4,331.9
mpp,15.0,8,w48-16qam-r1/2,w48,19,1,0,data,ok,18,18,16.9,331.9
mpp,15.0,8,ack-1f,w,2,2,0,ctl,ok,0,0,12.3,331.9
mpp,15.0,8,w48-64l-r1/2,w48,39,1,0,data,ctl_lost,38,5,13.0,331.9
mpp,15.0,8,ack-4f,w,2,2,0,ctl,ok,0,0,15.6,331.9
mpp,15.0,8,ack-4f,w,2,2,0,ctl,ok,0,0,18.9,331.9
mpp,15.0,8,w48-16qam-r1/2,w48,19,1,0,data,ok,18,18,16.6,331.9
mpp,15.0,8,ack-1f,w,2,2,0,ctl,ok,0,0,18.4,331.9
mpp,15.0,8,w48-16qam-r1/2,w48,19,1,0,data,ok,18,18,16.6,331.9
mpp,15.0,8,ack-1f,w,3,3,0,ctl,ok,0,0,15.1,331.9
mpp,15.0,8,w48-16qam-r2/3,w48,19,2,1,data,ok,17,17,16.1,331.9
mpp,15.0,8,ack-1f,w,3,3,0,ctl,ok,0,0,16.5,331.9
mpp,15.0,8,w48-16qam-r2/3,w48,19,2,1,data,ok,17,17,17.1,331.9
mpp,15.0,8,ack-1f,w,3,3,0,ctl,ok,0,0,18.1,331.9
mpp,15.0,8,w48-16qam-r2/3,w48,19,2,1,data,ok,17,17,15.1,331.9
mpp,15.0,8,ack-1f,w,3,3,0,ctl,ok,0,0,16.8,331.9
mpp,15.0,8,w48-16qam-r2/3,w48,19,2,1,data,ok,17,17,15.9,331.9
mpp,15.0,8,ack-1f,w,3,3,0,ctl,ok,0,0,16.7,331.9
mpp,15.0,8,w48-16qam-r2/3,w48,19,2,1,data,ok,17,0,14.5,331.9
mpp,15.0,8,ack-1f,w,2,2,0,ctl,ok,0,0,18.1,331.9
mpp,15.0,8,w48-16qam-r1/2,w48,19,1,0,data,ok,18,18,16.3,331.9
mpp,15.0,8,ack-1f,w,3,3,0,ctl,ok,0,0,17.3,331.9
mpp,15.0,8,w48-16qam-r2/3,w48,19,2,1,data,ok,17,17,15.2,331.9
