channel,snr,seed,submode,band,n_cw,ctl_slots,dup,kind,outcome,data_sent,data_ok,snr_est,delivered_Bps
mpd,-6.0,4,qpsk-r1/5,w,1,1,0,ctl,ctl_lost,0,0,-2.5,13.6
mpd,-6.0,4,n4-qpsk-r1/3,n4,1,1,0,ctl,ok,0,0,-6.8,13.6
mpd,-6.0,4,n4-qpsk-r1/3,n4,1,1,0,ctl,ok,0,0,-8.5,13.6
mpd,-6.0,4,ack-4f,w,3,3,0,ctl,ok,0,0,-2.2,13.6
mpd,-6.0,4,n10-ack-4f,n10,2,2,0,ctl,ok,0,0,-3.6,13.6
mpd,-6.0,4,fsk32r62-r1/2,c32r62,9,1,0,data,ok,8,8,-3.3,13.6
mpd,-6.0,4,ack-4f,w,3,3,0,ctl,ok,0,0,-2.0,13.6
mpd,-6.0,4,fsk32r62-r1/2,c32r62,10,2,1,data,ok,8,8,-3.5,13.6
mpd,-6.0,4,ack-4f,w,3,3,0,ctl,ok,0,0,-1.9,13.6
mpd,-6.0,4,fsk32r62-r1/2,c32r62,10,2,1,data,ok,8,8,-3.4,13.6
mpd,-6.0,4,ack-4f,w,2,2,0,ctl,ok,0,0,-1.7,13.6
mpd,-6.0,4,fsk32r62-r1/2,c32r62,9,1,0,data,ok,8,8,-4.1,13.6
mpd,-6.0,4,ack-4f,w,3,3,0,ctl,ok,0,0,-5.0,13.6
mpd,-6.0,4,fsk32r62-r1/2,c32r62,10,2,1,data,ok,8,8,-3.3,13.6
mpd,-6.0,4,ack-4f,w,2,2,0,ctl,ok,0,0,0.5,13.6
mpd,-6.0,4,fsk32r62-r1/2,c32r62,9,1,0,data,ok,8,8,-3.9,13.6
mpd,-6.0,4,ack-4f,w,2,2,0,ctl,ok,0,0,-3.7,13.6
mpd,-6.0,4,fsk32r62-r1/2,c32r62,9,1,0,data,ok,8,8,-2.9,13.6
mpd,-6.0,4,ack-4f,w,2,2,0,ctl,ok,0,0,-3.1,13.6
mpd,-6.0,4,fsk32r62-r1/2,c32r62,9,1,0,data,ok,8,8,-2.9,13.6
mpd,-6.0,4,ack-4f,w,2,2,0,ctl,ok,0,0,-3.5,13.6
mpd,-6.0,4,fsk32r62-r1/2,c32r62,9,1,0,data,ok,8,8,-3.5,13.6
mpd,-6.0,4,ack-4f,w,2,2,0,ctl,ok,0,0,-3.1,13.6
mpd,-6.0,4,fsk32r62-r1/2,c32r62,9,1,0,data,ok,8,8,-2.8,13.6
mpd,-6.0,4,ack-4f,w,2,2,0,ctl,ok,0,0,-3.2,13.6
mpd,-6.0,4,fsk32r62-r1/2,c32r62,9,1,0,data,ok,8,8,-3.4,13.6
mpd,-6.0,4,ack-4f,w,2,2,0,ctl,ok,0,0,-4.7,13.6
mpd,-6.0,4,fsk32r62-r1/2,c32r62,9,1,0,data,ok,8,8,-3.6,13.6
mpd,-6.0,4,ack-4f,w,2,2,0,ctl,ok,0,0,-5.0,13.6
mpd,-6.0,4,fsk32r62-r1/2,c32r62,9,1,0,data,ok,8,8,-3.8,13.6
mpd,-6.0,4,ack-4f,w,2,2,0,ctl,ok,0,0,-0.7,13.6
mpd,-6.0,4,fsk32r62-r1/2,c32r62,9,1,0,data,ok,8,8,-3.3,13.6
mpd,-6.0,4,ack-4f,w,2,2,0,ctl,ok,0,0,-4.4,13.6
mpd,-6.0,4,fsk32r62-r1/2,c32r62,9,1,0,data,ok,8,8,-3.4,13.6
mpd,-6.0,4,ack-4f,w,2,2,0,ctl,ok,0,0,-2.2,13.6
mpd,-6.0,4,fsk32r62-r1/2,c32r62,9,1,0,data,ok,8,8,-3.6,13.6
mpd,-6.0,4,ack-4f,w,2,2,0,ctl,ok,0,0,-4.1,13.6
mpd,-6.0,4,fsk32r62-r1/2,c32r62,9,1,0,data,ok,8,8,-3.3,13.6
mpd,-6.0,4,ack-4f,w,2,2,0,ctl,ok,0,0,-5.3,13.6
mpd,-6.0,4,fsk32r62-r1/2,c32r62,9,1,0,data,ok,8,8,-3.7,13.6
mpd,-6.0,4,ack-4f,w,2,2,,ctl,missed,0,0,,13.6
mpd,-6.0,4,ack-4f,w,3,3,0,ctl,ok,0,0,-1.7,13.6
mpd,-6.0,0,qpsk-r1/5,w,1,1,0,ctl,ctl_lost,0,0,0.0,11.9
mpd,-6.0,0,n4-qpsk-r1/3,n4,1,1,0,ctl,ok,0,0,-5.3,11.9
mpd,-6.0,0,n4-qpsk-r1/3,n4,1,1,,ctl,missed,0,0,,11.9
mpd,-6.0,0,n4-qpsk-r1/3,n4,1,1,0,ctl,ok,0,0,-4.8,11.9
mpd,-6.0,0,n4-qpsk-r1/3,n4,1,1,0,ctl,ok,0,0,-6.8,11.9
mpd,-6.0,0,ack-4f,w,3,3,0,ctl,ok,0,0,-0.8,11.9
mpd,-6.0,0,n10-ack-4f,n10,2,2,,ctl,missed,0,0,,11.9
mpd,-6.0,0,ack-4f,w,3,3,0,ctl,ok,0,0,-2.5,11.9
mpd,-6.0,0,ack-4f,w,2,2,0,ctl,ok,0,0,-4.1,11.9
mpd,-6.0,0,fsk32r62-r1/2,c32r62,9,1,0,data,ok,8,8,-3.1,11.9
mpd,-6.0,0,n4-ack-8f,n4,3,3,0,ctl,ok,0,0,-4.4,11.9
mpd,-6.0,0,fsk32r62-r1/2,c32r62,10,2,1,data,ok,8,8,-3.8,11.9
mpd,-6.0,0,n10-ack-4f,n10,3,3,0,ctl,ok,0,0,-2.1,11.9
mpd,-6.0,0,fsk32r62-r1/2,c32r62,10,2,1,data,ok,8,8,-3.1,11.9
mpd,-6.0,0,ack-4f,w,2,2,0,ctl,ok,0,0,-0.7,11.9
mpd,-6.0,0,fsk32r62-r1/2,c32r62,9,1,0,data,ok,8,8,-3.3,11.9
mpd,-6.0,0,ack-4f,w,2,2,,ctl,missed,0,0,,11.9
mpd,-6.0,0,ack-4f,w,3,3,0,ctl,ok,0,0,-4.0,11.9
mpd,-6.0,0,ack-4f,w,2,2,0,ctl,ok,0,0,-3.2,11.9
mpd,-6.0,0,fsk32r62-r1/2,c32r62,9,1,0,data,ok,8,7,-4.0,11.9
mpd,-6.0,0,ack-4f,w,3,3,0,ctl,ok,0,0,0.6,11.9
mpd,-6.0,0,fsk32r62-r1/2,c32r62,10,2,1,data,ok,7,7,-3.4,11.9
mpd,-6.0,0,ack-4f,w,2,2,0,ctl,ok,0,0,-4.4,11.9
mpd,-6.0,0,fsk32r62-r1/2,c32r62,9,1,0,data,ok,8,8,-3.5,11.9
mpd,-6.0,0,ack-4f,w,2,2,0,ctl,ok,0,0,-3.1,11.9
mpd,-6.0,0,fsk32r62-r1/2,c32r62,9,1,0,data,ok,8,8,-3.1,11.9
mpd,-6.0,0,ack-4f,w,2,2,0,ctl,ok,0,0,-4.6,11.9
mpd,-6.0,0,fsk32r62-r1/2,c32r62,9,1,0,data,ok,8,8,-3.4,11.9
mpd,-6.0,0,ack-4f,w,2,2,0,ctl,ok,0,0,-1.6,11.9
mpd,-6.0,0,fsk32r62-r1/2,c32r62,9,1,0,data,ok,8,8,-3.1,11.9
mpd,-6.0,0,ack-4f,w,2,2,0,ctl,ok,0,0,-2.0,11.9
mpd,-6.0,0,fsk32r62-r1/2,c32r62,9,1,0,data,ctl_lost,8,8,-3.6,11.9
mpd,-6.0,0,ack-4f,w,2,2,0,ctl,ok,0,0,-1.6,11.9
mpd,-6.0,0,ack-4f,w,2,2,0,ctl,ok,0,0,-5.1,11.9
mpd,-6.0,0,fsk32r62-r1/2,c32r62,9,1,0,data,ok,8,8,-3.6,11.9
mpd,-6.0,0,ack-4f,w,3,3,0,ctl,ok,0,0,-1.6,11.9
mpd,-6.0,0,fsk32r62-r1/2,c32r62,10,2,1,data,ok,8,7,-3.7,11.9
mpd,-6.0,0,ack-4f,w,3,3,0,ctl,ok,0,0,-3.8,11.9
mpd,-6.0,0,fsk32r62-r1/2,c32r62,10,2,1,data,ok,7,7,-3.4,11.9
mpd,-6.0,0,ack-4f,w,3,3,0,ctl,ok,0,0,-2.8,11.9
mpd,-6.0,0,fsk32r62-r1/2,c32r62,10,2,1,data,ok,8,8,-3.2,11.9
mpd,-6.0,0,ack-4f,w,2,2,0,ctl,ok,0,0,-2.9,11.9
mpd,-6.0,0,fsk32r62-r1/2,c32r62,9,1,0,data,ok,8,8,-3.5,11.9
mpd,-6.0,0,ack-4f,w,2,2,0,ctl,ok,0,0,-1.6,11.9
mpd,-6.0,0,fsk32r62-r1/2,c32r62,9,1,0,data,ok,8,8,-3.3,11.9
mpd,-6.0,0,ack-4f,w,2,2,0,ctl,ctl_lost,0,0,-4.7,11.9
mpd,-6.0,9,qpsk-r1/5,w,1,1,0,ctl,ctl_lost,0,0,-6.3,11.9
mpd,-6.0,9,n4-qpsk-r1/3,n4,1,1,0,ctl,ok,0,0,-8.0,11.9
mpd,-6.0,9,n4-qpsk-r1/3,n4,1,1,,ctl,missed,0,0,,11.9
mpd,-6.0,9,n4-qpsk-r1/3,n4,1,1,,ctl,missed,0,0,,11.9
mpd,-6.0,9,n4-qpsk-r1/3,n4,1,1,0,ctl,ok,0,0,-5.7,11.9
mpd,-6.0,9,n4-qpsk-r1/3,n4,1,1,0,ctl,ok,0,0,-5.6,11.9
mpd,-6.0,9,ack-4f,w,3,3,0,ctl,ok,0,0,-4.1,11.9
mpd,-6.0,9,n10-ack-4f,n10,2,2,,ctl,missed,0,0,,11.9
mpd,-6.0,9,ack-4f,w,3,3,0,ctl,ok,0,0,-2.5,11.9
mpd,-6.0,9,ack-4f,w,3,3,0,ctl,ok,0,0,-2.3,11.9
mpd,-6.0,9,fsk32r62-r1/2,c32r62,10,2,1,data,ok,8,8,-3.6,11.9
mpd,-6.0,9,n10-ack-4f,n10,3,3,0,ctl,ok,0,0,-4.4,11.9
mpd,-6.0,9,fsk32r62-r1/2,c32r62,10,2,1,data,ok,8,8,-3.7,11.9
mpd,-6.0,9,ack-4f,w,3,3,0,ctl,ok,0,0,-4.8,11.9
mpd,-6.0,9,fsk32r62-r1/2,c32r62,10,2,1,data,ok,8,8,-3.4,11.9
mpd,-6.0,9,ack-4f,w,2,2,0,ctl,ok,0,0,-2.1,11.9
mpd,-6.0,9,fsk32r62-r1/2,c32r62,9,1,0,data,ok,8,7,-3.6,11.9
mpd,-6.0,9,ack-4f,w,2,2,,ctl,missed,0,0,,11.9
mpd,-6.0,9,ack-4f,w,2,2,0,ctl,ok,0,0,-3.6,11.9
mpd,-6.0,9,ack-4f,w,2,2,0,ctl,ok,0,0,-2.1,11.9
mpd,-6.0,9,fsk32r62-r1/2,c32r62,9,1,0,data,ok,8,8,-3.8,11.9
mpd,-6.0,9,ack-4f,w,2,2,0,ctl,ok,0,0,-2.2,11.9
mpd,-6.0,9,fsk32r62-r1/2,c32r62,9,1,0,data,ok,8,8,-3.9,11.9
mpd,-6.0,9,ack-4f,w,2,2,0,ctl,ok,0,0,-2.0,11.9
mpd,-6.0,9,fsk32r62-r1/2,c32r62,9,1,0,data,ok,8,8,-3.4,11.9
mpd,-6.0,9,ack-4f,w,2,2,0,ctl,ok,0,0,-5.7,11.9
mpd,-6.0,9,fsk32r62-r1/2,c32r62,9,1,0,data,ok,8,8,-3.3,11.9
mpd,-6.0,9,ack-4f,w,2,2,0,ctl,ctl_lost,0,0,-5.6,11.9
mpd,-6.0,9,ack-4f,w,3,3,0,ctl,ok,0,0,-2.5,11.9
mpd,-6.0,9,ack-4f,w,2,2,,ctl,missed,0,0,,11.9
mpd,-6.0,9,ack-4f,w,3,3,0,ctl,ok,0,0,-5.6,11.9
mpd,-6.0,9,ack-4f,w,2,2,0,ctl,ok,0,0,-1.1,11.9
mpd,-6.0,9,fsk32r62-r1/2,c32r62,9,1,0,data,ok,8,8,-2.9,11.9
mpd,-6.0,9,ack-4f,w,2,2,0,ctl,ok,0,0,-3.2,11.9
mpd,-6.0,9,fsk32r62-r1/2,c32r62,9,1,0,data,ok,8,8,-3.1,11.9
mpd,-6.0,9,ack-4f,w,2,2,0,ctl,ok,0,0,-5.6,11.9
mpd,-6.0,9,fsk32r62-r1/2,c32r62,9,1,0,data,ok,8,8,-3.4,11.9
mpd,-6.0,9,ack-4f,w,2,2,0,ctl,ok,0,0,-3.8,11.9
mpd,-6.0,9,fsk32r62-r1/2,c32r62,9,1,0,data,ok,8,8,-3.4,11.9
mpd,-6.0,9,ack-4f,w,2,2,0,ctl,ok,0,0,-2.1,11.9
mpd,-6.0,9,fsk32r62-r1/2,c32r62,9,1,0,data,ok,8,8,-2.9,11.9
mpd,-6.0,9,ack-4f,w,2,2,0,ctl,ok,0,0,-5.7,11.9
mpd,-6.0,9,fsk32r62-r1/2,c32r62,9,1,0,data,ok,8,8,-3.5,11.9
mpd,-6.0,9,ack-4f,w,2,2,0,ctl,ok,0,0,-2.9,11.9
mpd,-6.0,9,fsk32r62-r1/2,c32r62,9,1,0,data,ok,8,8,-3.8,11.9
mpd,-6.0,9,ack-4f,w,2,2,0,ctl,ok,0,0,-4.0,11.9
mpd,-6.0,9,fsk32r62-r1/2,c32r62,9,1,0,data,ok,8,8,-3.4,11.9
mpd,-6.0,9,ack-4f,w,2,2,0,ctl,ok,0,0,-1.9,11.9
mpd,-6.0,9,fsk32r62-r1/2,c32r62,9,1,0,data,ok,8,8,-3.3,11.9
mpd,-6.0,10,qpsk-r1/5,w,1,1,0,ctl,ok,0,0,0.6,12.3
mpd,-6.0,10,qpsk-r1/5,w,1,1,0,ctl,ctl_lost,0,0,-3.8,12.3
mpd,-6.0,10,n4-qpsk-r1/3,n4,1,1,0,ctl,ok,0,0,-8.2,12.3
mpd,-6.0,10,n4-qpsk-r1/3,n4,1,1,,ctl,missed,0,0,,12.3
mpd,-6.0,10,n4-qpsk-r1/3,n4,1,1,0,ctl,ok,0,0,-8.5,12.3
mpd,-6.0,10,n4-qpsk-r1/3,n4,1,1,0,ctl,ok,0,0,-5.2,12.3
mpd,-6.0,10,ack-4f,w,2,2,0,ctl,ctl_lost,0,0,-8.2,12.3
mpd,-6.0,10,ack-4f,w,2,2,0,ctl,ok,0,0,-3.6,12.3
mpd,-6.0,10,ack-4f,w,3,3,,ctl,missed,0,0,,12.3
mpd,-6.0,10,ack-4f,w,2,2,0,ctl,ok,0,0,-3.6,12.3
mpd,-6.0,10,ack-4f,w,3,3,0,ctl,ok,0,0,0.2,12.3
mpd,-6.0,10,fsk32r62-r1/2,c32r62,10,2,1,data,ok,8,8,-3.8,12.3
mpd,-6.0,10,ack-4f,w,3,3,0,ctl,ok,0,0,-2.3,12.3
mpd,-6.0,10,fsk32r62-r1/2,c32r62,10,2,1,data,ok,8,8,-3.4,12.3
mpd,-6.0,10,ack-4f,w,2,2,0,ctl,ok,0,0,-2.2,12.3
mpd,-6.0,10,fsk32r62-r1/2,c32r62,9,1,0,data,ok,8,8,-3.4,12.3
mpd,-6.0,10,ack-4f,w,2,2,0,ctl,ctl_lost,0,0,-8.1,12.3
mpd,-6.0,10,ack-4f,w,3,3,0,ctl,ok,0,0,-3.6,12.3
mpd,-6.0,10,ack-4f,w,2,2,0,ctl,ok,0,0,-0.4,12.3
mpd,-6.0,10,fsk32r62-r1/2,c32r62,9,1,0,data,ok,8,8,-3.8,12.3
mpd,-6.0,10,n10-ack-4f,n10,2,2,0,ctl,ok,0,0,-5.2,12.3
mpd,-6.0,10,fsk32r62-r1/2,c32r62,9,1,0,data,ok,8,8,-3.5,12.3
mpd,-6.0,10,n10-ack-4f,n10,2,2,0,ctl,ok,0,0,-5.0,12.3
mpd,-6.0,10,fsk32r62-r1/2,c32r62,9,1,0,data,ok,8,8,-3.8,12.3
mpd,-6.0,10,n10-ack-4f,n10,2,2,,ctl,missed,0,0,,12.3
mpd,-6.0,10,ack-4f,w,3,3,0,ctl,ok,0,0,-1.9,12.3
mpd,-6.0,10,ack-4f,w,2,2,0,ctl,ok,0,0,-5.2,12.3
mpd,-6.0,10,fsk32r62-r1/2,c32r62,9,1,0,data,ok,8,8,-2.9,12.3
mpd,-6.0,10,n10-ack-4f,n10,2,2,0,ctl,ok,0,0,-3.5,12.3
mpd,-6.0,10,fsk32r62-r1/2,c32r62,9,1,0,data,ok,8,8,-3.9,12.3
mpd,-6.0,10,n10-ack-4f,n10,2,2,0,ctl,ok,0,0,-3.0,12.3
mpd,-6.0,10,fsk32r62-r1/2,c32r62,9,1,0,data,ok,8,8,-3.4,12.3
mpd,-6.0,10,n10-ack-4f,n10,2,2,0,ctl,ok,0,0,-4.2,12.3
mpd,-6.0,10,fsk32r62-r1/2,c32r62,9,1,0,data,ok,8,8,-3.0,12.3
mpd,-6.0,10,n10-ack-4f,n10,2,2,,ctl,missed,0,0,,12.3
mpd,-6.0,10,ack-4f,w,3,3,0,ctl,ok,0,0,-5.1,12.3
mpd,-6.0,10,ack-4f,w,2,2,0,ctl,ok,0,0,-0.5,12.3
mpd,-6.0,10,fsk32r62-r1/2,c32r62,9,1,0,data,ok,8,8,-3.1,12.3
mpd,-6.0,10,n10-ack-4f,n10,2,2,0,ctl,ok,0,0,-7.4,12.3
mpd,-6.0,10,fsk32r62-r1/2,c32r62,9,1,0,data,ok,8,8,-3.6,12.3
mpd,-6.0,10,n10-ack-4f,n10,2,2,0,ctl,ok,0,0,-4.5,12.3
mpd,-6.0,10,fsk32r62-r1/2,c32r62,9,1,0,data,ok,8,8,-4.2,12.3
mpd,-6.0,10,n10-ack-4f,n10,2,2,0,ctl,ok,0,0,-2.7,12.3
mpd,-6.0,10,fsk32r62-r1/2,c32r62,9,1,0,data,ok,8,8,-3.4,12.3
mpd,-6.0,10,n10-ack-4f,n10,2,2,0,ctl,ok,0,0,-2.9,12.3
mpd,-6.0,10,fsk32r62-r1/2,c32r62,9,1,0,data,ok,8,8,-3.2,12.3
mpd,-6.0,10,n10-ack-4f,n10,2,2,,ctl,missed,0,0,,12.3
mpd,-6.0,10,ack-4f,w,3,3,0,ctl,ok,0,0,-4.1,12.3
mpd,-6.0,10,ack-4f,w,2,2,,ctl,missed,0,0,,12.3
mpd,-6.0,10,ack-4f,w,3,3,0,ctl,ok,0,0,-2.8,12.3
mpd,-6.0,10,ack-4f,w,2,2,0,ctl,ok,0,0,-3.5,12.3
mpd,-6.0,10,fsk32r62-r1/2,c32r62,9,1,0,data,ok,8,8,-3.7,12.3
mpd,-6.0,10,n10-ack-4f,n10,2,2,0,ctl,ok,0,0,-3.1,12.3
mpd,-6.0,10,fsk32r62-r1/2,c32r62,9,1,0,data,ok,8,8,-3.4,12.3
mpd,-6.0,1,qpsk-r1/5,w,1,1,0,ctl,ctl_lost,0,0,-5.0,11.1
mpd,-6.0,1,n4-qpsk-r1/3,n4,1,1,0,ctl,ok,0,0,-5.4,11.1
mpd,-6.0,1,n4-qpsk-r1/3,n4,1,1,,ctl,missed,0,0,,11.1
mpd,-6.0,1,n4-qpsk-r1/3,n4,1,1,0,ctl,ok,0,0,-6.0,11.1
mpd,-6.0,1,n4-qpsk-r1/3,n4,1,1,,ctl,missed,0,0,,11.1
mpd,-6.0,1,n4-qpsk-r1/3,n4,1,1,0,ctl,ok,0,0,-5.8,11.1
mpd,-6.0,1,n4-qpsk-r1/3,n4,1,1,0,ctl,ok,0,0,-3.9,11.1
mpd,-6.0,1,ack-4f,w,3,3,0,ctl,ok,0,0,-2.9,11.1
mpd,-6.0,1,n10-ack-4f,n10,2,2,,ctl,missed,0,0,,11.1
mpd,-6.0,1,ack-4f,w,3,3,0,ctl,ok,0,0,-2.7,11.1
mpd,-6.0,1,ack-4f,w,3,3,0,ctl,ok,0,0,-2.5,11.1
mpd,-6.0,1,fsk32r62-r1/2,c32r62,10,2,1,data,ok,8,7,-3.7,11.1
mpd,-6.0,1,ack-4f,w,3,3,0,ctl,ok,0,0,0.2,11.1
mpd,-6.0,1,fsk32r62-r1/2,c32r62,10,2,1,data,ok,7,7,-3.5,11.1
mpd,-6.0,1,ack-4f,w,3,3,0,ctl,ok,0,0,-4.5,11.1
mpd,-6.0,1,fsk32r62-r1/2,c32r62,10,2,1,data,ok,8,8,-3.9,11.1
mpd,-6.0,1,ack-4f,w,3,3,0,ctl,ok,0,0,-1.3,11.1
mpd,-6.0,1,fsk32r62-r1/2,c32r62,10,2,1,data,ok,8,8,-3.0,11.1
mpd,-6.0,1,ack-4f,w,2,2,0,ctl,ok,0,0,-3.4,11.1
mpd,-6.0,1,fsk32r62-r1/2,c32r62,9,1,0,data,ok,8,8,-3.1,11.1
mpd,-6.0,1,ack-4f,w,2,2,0,ctl,ok,0,0,-2.6,11.1
mpd,-6.0,1,fsk32r62-r1/2,c32r62,9,1,0,data,ok,8,8,-3.3,11.1
mpd,-6.0,1,ack-4f,w,2,2,,ctl,missed,0,0,,11.1
mpd,-6.0,1,ack-4f,w,3,3,0,ctl,ok,0,0,-1.7,11.1
mpd,-6.0,1,ack-4f,w,2,2,0,ctl,ok,0,0,-4.2,11.1
mpd,-6.0,1,fsk32r62-r1/2,c32r62,9,1,0,data,ok,8,8,-3.1,11.1
mpd,-6.0,1,ack-4f,w,2,2,0,ctl,ok,0,0,-2.2,11.1
mpd,-6.0,1,fsk32r62-r1/2,c32r62,9,1,0,data,ok,8,8,-4.2,11.1
mpd,-6.0,1,ack-4f,w,2,2,0,ctl,ok,0,0,-4.7,11.1
mpd,-6.0,1,fsk32r62-r1/2,c32r62,9,1,0,data,ok,8,8,-3.0,11.1
mpd,-6.0,1,ack-4f,w,2,2,0,ctl,ok,0,0,1.0,11.1
mpd,-6.0,1,fsk32r62-r1/2,c32r62,9,1,0,data,ok,8,7,-3.5,11.1
mpd,-6.0,1,ack-4f,w,3,3,0,ctl,ok,0,0,-1.2,11.1
mpd,-6.0,1,fsk32r62-r1/2,c32r62,9,1,0,data,ok,7,7,-3.4,11.1
mpd,-6.0,1,ack-4f,w,2,2,0,ctl,ok,0,0,-3.4,11.1
mpd,-6.0,1,fsk32r62-r1/2,c32r62,9,1,,data,missed,0,0,,11.1
mpd,-6.0,1,ack-4f,w,3,3,0,ctl,ok,0,0,-2.7,11.1
mpd,-6.0,1,ack-4f,w,2,2,0,ctl,ok,0,0,-0.5,11.1
mpd,-6.0,1,fsk32r62-r1/2,c32r62,9,1,0,data,ok,8,8,-4.0,11.1
mpd,-6.0,1,ack-4f,w,2,2,0,ctl,ok,0,0,-5.2,11.1
mpd,-6.0,1,fsk32r62-r1/2,c32r62,9,1,0,data,ok,8,8,-3.1,11.1
mpd,-6.0,1,ack-4f,w,2,2,0,ctl,ok,0,0,-1.7,11.1
mpd,-6.0,1,fsk32r62-r1/2,c32r62,9,1,0,data,ok,8,8,-3.6,11.1
mpd,-6.0,1,ack-4f,w,2,2,0,ctl,ok,0,0,-2.4,11.1
mpd,-6.0,1,fsk32r62-r1/2,c32r62,9,1,0,data,ok,8,8,-2.9,11.1
mpd,-6.0,1,ack-4f,w,2,2,0,ctl,ok,0,0,-6.9,11.1
mpd,-6.0,1,fsk32r62-r1/2,c32r62,9,1,0,data,ok,8,8,-3.4,11.1
mpd,-6.0,6,qpsk-r1/5,w,1,1,0,ctl,ctl_lost,0,0,-2.1,11.9
mpd,-6.0,6,n4-qpsk-r1/3,n4,1,1,,ctl,missed,0,0,,11.9
mpd,-6.0,6,n4-qpsk-r1/3,n4,1,1,0,ctl,ok,0,0,-6.4,11.9
mpd,-6.0,6,n4-qpsk-r1/3,n4,1,1,0,ctl,ok,0,0,-5.8,11.9
mpd,-6.0,6,ack-4f,w,3,3,0,ctl,ok,0,0,-2.3,11.9
mpd,-6.0,6,n10-ack-4f,n10,2,2,0,ctl,ok,0,0,-2.6,11.9
mpd,-6.0,6,fsk32r62-r1/2,c32r62,9,1,0,data,ok,8,8,-3.3,11.9
mpd,-6.0,6,ack-4f,w,3,3,0,ctl,ok,0,0,-1.7,11.9
mpd,-6.0,6,fsk32r62-r1/2,c32r62,10,2,1,data,ok,8,8,-2.9,11.9
mpd,-6.0,6,ack-4f,w,2,2,,ctl,missed,0,0,,11.9
mpd,-6.0,6,ack-4f,w,2,2,0,ctl,ok,0,0,-0.4,11.9
mpd,-6.0,6,ack-4f,w,2,2,0,ctl,ok,0,0,-2.8,11.9
mpd,-6.0,6,fsk32r62-r1/2,c32r62,9,1,0,data,ok,8,7,-3.9,11.9
mpd,-6.0,6,ack-4f,w,3,3,0,ctl,ok,0,0,-4.0,11.9
mpd,-6.0,6,fsk32r62-r1/2,c32r62,10,2,1,data,ok,7,7,-3.7,11.9
mpd,-6.0,6,ack-4f,w,2,2,0,ctl,ctl_lost,0,0,-5.6,11.9
mpd,-6.0,6,ack-4f,w,3,3,0,ctl,ok,0,0,-3.6,11.9
mpd,-6.0,6,ack-4f,w,2,2,0,ctl,ctl_lost,0,0,-8.1,11.9
mpd,-6.0,6,ack-4f,w,3,3,,ctl,missed,0,0,,11.9
mpd,-6.0,6,ack-4f,w,3,3,0,ctl,ok,0,0,-2.1,11.9
mpd,-6.0,6,ack-4f,w,3,3,0,ctl,ok,0,0,-1.1,11.9
mpd,-6.0,6,fsk32r62-r1/2,c32r62,10,2,1,data,ok,8,8,-3.3,11.9
mpd,-6.0,6,n10-ack-4f,n10,2,2,0,ctl,ok,0,0,-0.4,11.9
mpd,-6.0,6,fsk32r62-r1/2,c32r62,9,1,0,data,ok,8,8,-3.6,11.9
mpd,-6.0,6,ack-4f,w,2,2,0,ctl,ok,0,0,-2.4,11.9
mpd,-6.0,6,fsk32r62-r1/2,c32r62,9,1,0,data,ok,8,7,-4.3,11.9
mpd,-6.0,6,n10-ack-4f,n10,3,3,0,ctl,ok,0,0,-2.5,11.9
mpd,-6.0,6,fsk32r62-r1/2,c32r62,10,2,1,data,ok,7,7,-3.5,11.9
mpd,-6.0,6,ack-4f,w,2,2,0,ctl,ok,0,0,-2.1,11.9
mpd,-6.0,6,fsk32r62-r1/2,c32r62,9,1,0,data,ok,8,8,-3.3,11.9
mpd,-6.0,6,n10-ack-4f,n10,2,2,0,ctl,ok,0,0,-3.7,11.9
mpd,-6.0,6,fsk32r62-r1/2,c32r62,9,1,0,data,ok,8,8,-3.3,11.9
mpd,-6.0,6,n10-ack-4f,n10,2,2,,ctl,missed,0,0,,11.9
mpd,-6.0,6,ack-4f,w,3,3,0,ctl,ok,0,0,-1.8,11.9
mpd,-6.0,6,ack-4f,w,2,2,0,ctl,ok,0,0,-2.7,11.9
mpd,-6.0,6,fsk32r62-r1/2,c32r62,9,1,0,data,ok,8,8,-3.4,11.9
mpd,-6.0,6,n10-ack-4f,n10,2,2,0,ctl,ok,0,0,-4.7,11.9
mpd,-6.0,6,fsk32r62-r1/2,c32r62,9,1,0,data,ok,8,8,-3.2,11.9
mpd,-6.0,6,n10-ack-4f,n10,2,2,,ctl,missed,0,0,,11.9
mpd,-6.0,6,ack-4f,w,3,3,0,ctl,ok,0,0,-2.4,11.9
mpd,-6.0,6,ack-4f,w,2,2,0,ctl,ok,0,0,-2.1,11.9
mpd,-6.0,6,fsk32r62-r1/2,c32r62,9,1,0,data,ok,8,8,-3.2,11.9
mpd,-6.0,6,n10-ack-4f,n10,2,2,,ctl,missed,0,0,,11.9
mpd,-6.0,6,ack-4f,w,2,2,0,ctl,ok,0,0,-0.4,11.9
mpd,-6.0,6,ack-4f,w,2,2,0,ctl,ok,0,0,-2.9,11.9
mpd,-6.0,6,fsk32r62-r1/2,c32r62,9,1,0,data,ok,8,8,-3.3,11.9
mpd,-6.0,6,n10-ack-4f,n10,2,2,0,ctl,ok,0,0,-4.9,11.9
mpd,-6.0,6,fsk32r62-r1/2,c32r62,9,1,0,data,ok,8,8,-3.1,11.9
mpd,-6.0,6,n10-ack-4f,n10,2,2,,ctl,missed,0,0,,11.9
mpd,-6.0,6,ack-4f,w,3,3,0,ctl,ok,0,0,-1.4,11.9
mpd,-6.0,6,ack-4f,w,2,2,0,ctl,ok,0,0,-5.4,11.9
mpd,-6.0,6,fsk32r62-r1/2,c32r62,9,1,0,data,ok,8,8,-3.2,11.9
mpd,-6.0,6,n10-ack-4f,n10,2,2,0,ctl,ok,0,0,-2.2,11.9
mpd,-6.0,6,fsk32r62-r1/2,c32r62,9,1,0,data,ok,8,8,-2.9,11.9
mpp,-8.0,1,qpsk-r1/5,w,1,1,0,ctl,ctl_lost,0,0,-2.8,8.5
mpp,-8.0,1,n4-qpsk-r1/3,n4,1,1,0,ctl,ok,0,0,-5.1,8.5
mpp,-8.0,1,n4-qpsk-r1/3,n4,1,1,0,ctl,ok,0,0,-7.4,8.5
mpp,-8.0,1,ack-4f,w,3,3,,ctl,missed,0,0,,8.5
mpp,-8.0,1,ack-4f,w,3,3,0,ctl,ok,0,0,-6.0,8.5
mpp,-8.0,1,n10-ack-4f,n10,3,3,0,ctl,ok,0,0,-5.2,8.5
mpp,-8.0,1,fsk32r62-r1/2,c32r62,10,2,1,data,ok,8,8,-4.3,8.5
mpp,-8.0,1,ack-4f,w,3,3,0,ctl,ok,0,0,-3.5,8.5
mpp,-8.0,1,fsk32r62-r1/2,c32r62,10,2,1,data,ok,8,6,-4.4,8.5
mpp,-8.0,1,ack-4f,w,3,3,0,ctl,ok,0,0,-5.5,8.5
mpp,-8.0,1,fsk32r62-r1/2,c32r62,10,2,1,data,ok,6,5,-5.4,8.5
mpp,-8.0,1,ack-4f,w,3,3,0,ctl,ok,0,0,-3.6,8.5
mpp,-8.0,1,fsk32r62-r1/2,c32r62,10,2,1,data,ok,7,6,-5.1,8.5
mpp,-8.0,1,ack-4f,w,3,3,0,ctl,ok,0,0,-5.5,8.5
mpp,-8.0,1,fsk32r62-r1/2,c32r62,10,2,1,data,ok,7,5,-5.1,8.5
mpp,-8.0,1,ack-4f,w,3,3,,ctl,missed,0,0,,8.5
mpp,-8.0,1,ack-4f,w,3,3,0,ctl,ok,0,0,-6.8,8.5
mpp,-8.0,1,ack-4f,w,3,3,0,ctl,ok,0,0,-3.4,8.5
mpp,-8.0,1,fsk32r62-r1/2,c32r62,10,2,1,data,ok,8,7,-4.4,8.5
mpp,-8.0,1,ack-4f,w,3,3,0,ctl,ok,0,0,-2.9,8.5
mpp,-8.0,1,fsk32r62-r1/2,c32r62,9,1,0,data,ok,7,4,-4.9,8.5
mpp,-8.0,1,ack-4f,w,3,3,,ctl,missed,0,0,,8.5
mpp,-8.0,1,ack-4f,w,3,3,,ctl,missed,0,0,,8.5
mpp,-8.0,1,ack-4f,w,3,3,0,ctl,ok,0,0,-6.2,8.5
mpp,-8.0,1,ack-4f,w,3,3,0,ctl,ok,0,0,-2.1,8.5
mpp,-8.0,1,fsk32r62-r1/2,c32r62,10,2,1,data,ok,8,7,-4.6,8.5
mpp,-8.0,1,ack-4f,w,2,2,0,ctl,ok,0,0,-2.6,8.5
mpp,-8.0,1,fsk32r62-r1/2,c32r62,9,1,0,data,ctl_lost,8,8,-4.3,8.5
mpp,-8.0,1,ack-4f,w,3,3,0,ctl,ctl_lost,0,0,-5.9,8.5
mpp,-8.0,1,ack-4f,w,3,3,0,ctl,ok,0,0,-3.7,8.5
mpp,-8.0,1,ack-4f,w,3,3,0,ctl,ctl_lost,0,0,-8.3,8.5
mpp,-8.0,1,ack-4f,w,3,3,0,ctl,ok,0,0,-2.5,8.5
mpp,-8.0,1,ack-4f,w,3,3,0,ctl,ok,0,0,-2.1,8.5
mpp,-8.0,1,fsk32r62-r1/2,c32r62,10,2,1,data,ok,8,4,-4.9,8.5
mpp,-8.0,1,ack-4f,w,3,3,0,ctl,ok,0,0,-5.5,8.5
mpp,-8.0,1,fsk32r62-r1/2,c32r62,10,2,1,data,ok,4,2,-4.5,8.5
mpp,-8.0,1,ack-4f,w,3,3,,ctl,missed,0,0,,8.5
mpp,-8.0,1,ack-4f,w,3,3,,ctl,missed,0,0,,8.5
mpp,-8.0,1,ack-4f,w,3,3,0,ctl,ok,0,0,-4.6,8.5
mpp,-8.0,1,ack-4f,w,3,3,0,ctl,ok,0,0,-2.6,8.5
mpp,-8.0,1,fsk32r62-r1/2,c32r62,10,2,1,data,ok,8,8,-4.5,8.5
mpp,-8.0,1,ack-4f,w,3,3,0,ctl,ok,0,0,-3.6,8.5
mpp,-8.0,1,fsk32r62-r1/2,c32r62,10,2,1,data,ok,8,8,-4.3,8.5
mpp,-8.0,1,ack-4f,w,2,2,0,ctl,ctl_lost,0,0,-9.6,8.5
mpp,-8.0,1,ack-4f,w,3,3,,ctl,missed,0,0,,8.5
mpp,-8.0,1,ack-4f,w,3,3,0,ctl,ok,0,0,-2.0,8.5
mpp,-8.0,1,ack-4f,w,2,2,0,ctl,ok,0,0,-6.0,8.5
mpp,-8.0,1,fsk32r62-r1/2,c32r62,9,1,0,data,ok,8,6,-4.6,8.5
mpp,-8.0,1,ack-4f,w,3,3,0,ctl,ok,0,0,-1.9,8.5
mpp,-8.0,1,fsk32r62-r1/2,c32r62,10,2,1,data,ok,6,5,-4.9,8.5
mpp,-8.0,1,ack-4f,w,3,3,0,ctl,ok,0,0,-3.1,8.5
mpp,-8.0,1,fsk32r62-r1/2,c32r62,10,2,1,data,ok,7,6,-4.9,8.5
mpd,-6.0,3,qpsk-r1/5,w,1,1,0,ctl,ctl_lost,0,0,-4.7,12.8
mpd,-6.0,3,n4-qpsk-r1/3,n4,1,1,0,ctl,ok,0,0,-9.0,12.8
mpd,-6.0,3,n4-qpsk-r1/3,n4,1,1,0,ctl,ok,0,0,-3.2,12.8
mpd,-6.0,3,ack-4f,w,3,3,0,ctl,ok,0,0,-3.2,12.8
mpd,-6.0,3,ack-4f,w,2,2,0,ctl,ctl_lost,0,0,-6.7,12.8
mpd,-6.0,3,ack-4f,w,3,3,0,ctl,ok,0,0,-4.4,12.8
mpd,-6.0,3,ack-4f,w,3,3,0,ctl,ok,0,0,-4.5,12.8
mpd,-6.0,3,fsk32r62-r1/2,c32r62,10,2,1,data,ok,8,8,-2.8,12.8
mpd,-6.0,3,n4-ack-8f,n4,2,2,0,ctl,ok,0,0,-4.1,12.8
mpd,-6.0,3,fsk32r62-r1/2,c32r62,9,1,0,data,ok,8,8,-3.3,12.8
mpd,-6.0,3,n10-ack-4f,n10,3,3,,ctl,missed,0,0,,12.8
mpd,-6.0,3,ack-4f,w,3,3,0,ctl,ok,0,0,-0.3,12.8
mpd,-6.0,3,ack-4f,w,2,2,0,ctl,ok,0,0,-5.2,12.8
mpd,-6.0,3,fsk32r62-r1/2,c32r62,9,1,0,data,ok,8,7,-3.5,12.8
mpd,-6.0,3,n4-ack-8f,n4,3,3,0,ctl,ok,0,0,-5.8,12.8
mpd,-6.0,3,fsk32r62-r1/2,c32r62,10,2,1,data,ok,7,7,-3.4,12.8
mpd,-6.0,3,n10-ack-4f,n10,2,2,0,ctl,ok,0,0,-0.7,12.8
mpd,-6.0,3,fsk32r62-r1/2,c32r62,9,1,0,data,ok,8,8,-3.5,12.8
mpd,-6.0,3,n10-ack-4f,n10,2,2,,ctl,missed,0,0,,12.8
mpd,-6.0,3,ack-4f,w,3,3,0,ctl,ok,0,0,-1.1,12.8
mpd,-6.0,3,ack-4f,w,2,2,0,ctl,ok,0,0,-3.7,12.8
mpd,-6.0,3,fsk32r62-r1/2,c32r62,9,1,0,data,ok,8,8,-3.3,12.8
mpd,-6.0,3,n10-ack-4f,n10,2,2,,ctl,missed,0,0,,12.8
mpd,-6.0,3,ack-4f,w,3,3,0,ctl,ok,0,0,-4.8,12.8
mpd,-6.0,3,ack-4f,w,2,2,0,ctl,ok,0,0,-0.8,12.8
mpd,-6.0,3,fsk32r62-r1/2,c32r62,9,1,0,data,ok,8,8,-3.1,12.8
mpd,-6.0,3,n10-ack-4f,n10,2,2,0,ctl,ok,0,0,-2.3,12.8
mpd,-6.0,3,fsk32r62-r1/2,c32r62,9,1,0,data,ok,8,8,-3.8,12.8
mpd,-6.0,3,n10-ack-4f,n10,2,2,0,ctl,ok,0,0,-2.4,12.8
mpd,-6.0,3,fsk32r62-r1/2,c32r62,9,1,0,data,ok,8,8,-3.1,12.8
mpd,-6.0,3,n10-ack-4f,n10,2,2,0,ctl,ok,0,0,-2.6,12.8
mpd,-6.0,3,fsk32r62-r1/2,c32r62,9,1,0,data,ok,8,8,-3.5,12.8
mpd,-6.0,3,n10-ack-4f,n10,2,2,0,ctl,ok,0,0,0.8,12.8
mpd,-6.0,3,fsk32r62-r1/2,c32r62,9,1,0,data,ok,8,8,-3.3,12.8
mpd,-6.0,3,n10-ack-4f,n10,2,2,0,ctl,ok,0,0,-2.9,12.8
mpd,-6.0,3,fsk32r62-r1/2,c32r62,9,1,0,data,ok,8,8,-3.1,12.8
mpd,-6.0,3,n10-ack-4f,n10,2,2,,ctl,missed,0,0,,12.8
mpd,-6.0,3,ack-4f,w,3,3,0,ctl,ok,0,0,-5.6,12.8
mpd,-6.0,3,ack-4f,w,2,2,0,ctl,ok,0,0,-4.0,12.8
mpd,-6.0,3,fsk32r62-r1/2,c32r62,9,1,0,data,ok,8,8,-3.7,12.8
mpd,-6.0,3,n10-ack-4f,n10,2,2,0,ctl,ok,0,0,-2.1,12.8
mpd,-6.0,3,fsk32r62-r1/2,c32r62,9,1,0,data,ok,8,8,-3.5,12.8
mpd,-6.0,3,n10-ack-4f,n10,2,2,0,ctl,ok,0,0,-6.3,12.8
mpd,-6.0,3,fsk32r62-r1/2,c32r62,9,1,0,data,ok,8,8,-3.1,12.8
mpd,-6.0,3,n10-ack-4f,n10,2,2,0,ctl,ok,0,0,-0.7,12.8
mpd,-6.0,3,fsk32r62-r1/2,c32r62,9,1,0,data,ok,8,8,-3.3,12.8
mpd,-6.0,3,n10-ack-4f,n10,2,2,,ctl,missed,0,0,,12.8
mpd,-6.0,3,ack-4f,w,3,3,0,ctl,ok,0,0,-4.1,12.8
mpd,-6.0,3,ack-4f,w,2,2,0,ctl,ok,0,0,-3.5,12.8
mpd,-6.0,3,fsk32r62-r1/2,c32r62,9,1,0,data,ok,8,8,-3.4,12.8
mpd,-6.0,3,n10-ack-4f,n10,2,2,0,ctl,ctl_lost,0,0,-5.2,12.8
mpd,-6.0,7,qpsk-r1/5,w,1,1,0,ctl,ok,0,0,-1.6,13.6
mpd,-6.0,7,qpsk-r1/5,w,1,1,0,ctl,ok,0,0,-1.3,13.6
mpd,-6.0,7,ack-4f,w,3,3,0,ctl,ok,0,0,-4.6,13.6
mpd,-6.0,7,ack-4f,w,3,3,0,ctl,ok,0,0,-4.5,13.6
mpd,-6.0,7,fsk32r62-r1/2,c32r62,10,2,1,data,ok,8,8,-3.2,13.6
mpd,-6.0,7,ack-4f,w,3,3,0,ctl,ok,0,0,-2.6,13.6
mpd,-6.0,7,fsk32r62-r1/2,c32r62,10,2,1,data,ok,8,8,-3.3,13.6
mpd,-6.0,7,ack-4f,w,3,3,0,ctl,ok,0,0,-4.4,13.6
mpd,-6.0,7,fsk32r62-r1/2,c32r62,10,2,1,data,ok,8,8,-3.4,13.6
mpd,-6.0,7,ack-4f,w,2,2,0,ctl,ok,0,0,-1.2,13.6
mpd,-6.0,7,fsk32r62-r1/2,c32r62,9,1,0,data,ok,8,8,-3.4,13.6
mpd,-6.0,7,ack-4f,w,2,2,0,ctl,ok,0,0,-3.3,13.6
mpd,-6.0,7,fsk32r62-r1/2,c32r62,9,1,0,data,ok,8,8,-3.4,13.6
mpd,-6.0,7,ack-4f,w,2,2,,ctl,missed,0,0,,13.6
mpd,-6.0,7,ack-4f,w,3,3,0,ctl,ok,0,0,-3.4,13.6
mpd,-6.0,7,ack-4f,w,2,2,0,ctl,ok,0,0,-1.8,13.6
mpd,-6.0,7,fsk32r62-r1/2,c32r62,9,1,0,data,ok,8,8,-3.4,13.6
mpd,-6.0,7,ack-4f,w,2,2,0,ctl,ok,0,0,-3.9,13.6
mpd,-6.0,7,fsk32r62-r1/2,c32r62,9,1,0,data,ok,8,8,-2.7,13.6
mpd,-6.0,7,ack-4f,w,2,2,0,ctl,ok,0,0,-2.0,13.6
mpd,-6.0,7,fsk32r62-r1/2,c32r62,9,1,0,data,ok,8,8,-3.3,13.6
mpd,-6.0,7,ack-4f,w,2,2,0,ctl,ok,0,0,-0.2,13.6
mpd,-6.0,7,fsk32r62-r1/2,c32r62,9,1,0,data,ok,8,8,-3.6,13.6
mpd,-6.0,7,ack-4f,w,2,2,0,ctl,ok,0,0,-5.4,13.6
mpd,-6.0,7,fsk32r62-r1/2,c32r62,9,1,0,data,ok,8,8,-2.9,13.6
mpd,-6.0,7,ack-4f,w,2,2,0,ctl,ok,0,0,-3.0,13.6
mpd,-6.0,7,fsk32r62-r1/2,c32r62,9,1,0,data,ok,8,8,-3.1,13.6
mpd,-6.0,7,ack-4f,w,2,2,0,ctl,ok,0,0,-3.0,13.6
mpd,-6.0,7,fsk32r62-r1/2,c32r62,9,1,0,data,ok,8,8,-3.4,13.6
mpd,-6.0,7,ack-4f,w,2,2,0,ctl,ok,0,0,-0.6,13.6
mpd,-6.0,7,fsk32r62-r1/2,c32r62,9,1,0,data,ok,8,8,-2.9,13.6
mpd,-6.0,7,ack-4f,w,2,2,0,ctl,ok,0,0,-2.8,13.6
mpd,-6.0,7,fsk32r62-r1/2,c32r62,9,1,0,data,ok,8,8,-3.1,13.6
mpd,-6.0,7,ack-4f,w,2,2,0,ctl,ok,0,0,-4.7,13.6
mpd,-6.0,7,fsk32r62-r1/2,c32r62,9,1,0,data,ok,8,8,-2.9,13.6
mpd,-6.0,7,ack-4f,w,2,2,0,ctl,ok,0,0,-3.7,13.6
mpd,-6.0,7,fsk32r62-r1/2,c32r62,9,1,0,data,ok,8,8,-3.0,13.6
mpd,-6.0,7,ack-4f,w,2,2,0,ctl,ok,0,0,-4.9,13.6
mpd,-6.0,7,fsk32r62-r1/2,c32r62,9,1,0,data,ok,8,8,-3.8,13.6
mpd,-6.0,7,ack-4f,w,2,2,0,ctl,ok,0,0,-5.6,13.6
mpd,-6.0,7,fsk32r62-r1/2,c32r62,9,1,0,data,ok,8,8,-3.4,13.6
mpd,-6.0,7,ack-4f,w,2,2,0,ctl,ok,0,0,-3.0,13.6
mpd,-6.0,7,fsk32r62-r1/2,c32r62,9,1,0,data,ok,8,8,-3.8,13.6
mpd,-6.0,11,qpsk-r1/5,w,1,1,0,ctl,ctl_lost,0,0,-5.8,12.8
mpd,-6.0,11,n4-qpsk-r1/3,n4,1,1,0,ctl,ok,0,0,-3.8,12.8
mpd,-6.0,11,n4-qpsk-r1/3,n4,1,1,0,ctl,ok,0,0,-5.9,12.8
mpd,-6.0,11,ack-4f,w,3,3,,ctl,missed,0,0,,12.8
mpd,-6.0,11,ack-4f,w,3,3,0,ctl,ok,0,0,-3.1,12.8
mpd,-6.0,11,n10-ack-4f,n10,2,2,0,ctl,ok,0,0,-6.9,12.8
mpd,-6.0,11,fsk32r62-r1/2,c32r62,9,1,0,data,ok,8,8,-4.0,12.8
mpd,-6.0,11,ack-4f,w,3,3,0,ctl,ok,0,0,-1.9,12.8
mpd,-6.0,11,fsk32r62-r1/2,c32r62,10,2,1,data,ok,8,8,-3.9,12.8
mpd,-6.0,11,ack-4f,w,3,3,0,ctl,ok,0,0,-3.9,12.8
mpd,-6.0,11,fsk32r62-r1/2,c32r62,10,2,1,data,ok,8,8,-3.4,12.8
mpd,-6.0,11,ack-4f,w,2,2,0,ctl,ok,0,0,-5.5,12.8
mpd,-6.0,11,fsk32r62-r1/2,c32r62,9,1,0,data,ok,8,8,-3.4,12.8
mpd,-6.0,11,ack-4f,w,2,2,0,ctl,ok,0,0,-6.3,12.8
mpd,-6.0,11,fsk32r62-r1/2,c32r62,9,1,0,data,ok,8,8,-3.9,12.8
mpd,-6.0,11,ack-4f,w,2,2,0,ctl,ok,0,0,-3.9,12.8
mpd,-6.0,11,fsk32r62-r1/2,c32r62,9,1,0,data,ok,8,8,-3.1,12.8
mpd,-6.0,11,ack-4f,w,2,2,,ctl,missed,0,0,,12.8
mpd,-6.0,11,ack-4f,w,3,3,0,ctl,ok,0,0,-2.8,12.8
mpd,-6.0,11,ack-4f,w,2,2,0,ctl,ok,0,0,-6.1,12.8
mpd,-6.0,11,fsk32r62-r1/2,c32r62,9,1,0,data,ok,8,8,-3.4,12.8
mpd,-6.0,11,ack-4f,w,2,2,0,ctl,ok,0,0,-6.1,12.8
mpd,-6.0,11,fsk32r62-r1/2,c32r62,9,1,0,data,ok,8,8,-4.1,12.8
mpd,-6.0,11,ack-4f,w,2,2,0,ctl,ok,0,0,-2.1,12.8
mpd,-6.0,11,fsk32r62-r1/2,c32r62,9,1,0,data,ok,8,8,-3.1,12.8
mpd,-6.0,11,ack-4f,w,2,2,0,ctl,ok,0,0,-4.2,12.8
mpd,-6.0,11,fsk32r62-r1/2,c32r62,9,1,0,data,ok,8,8,-3.3,12.8
mpd,-6.0,11,ack-4f,w,2,2,0,ctl,ctl_lost,0,0,-5.1,12.8
mpd,-6.0,11,ack-4f,w,3,3,0,ctl,ok,0,0,-4.1,12.8
mpd,-6.0,11,ack-4f,w,2,2,0,ctl,ok,0,0,-2.8,12.8
mpd,-6.0,11,fsk32r62-r1/2,c32r62,9,1,0,data,ok,8,8,-3.0,12.8
mpd,-6.0,11,ack-4f,w,2,2,0,ctl,ok,0,0,-2.0,12.8
mpd,-6.0,11,fsk32r62-r1/2,c32r62,9,1,0,data,ok,8,8,-3.6,12.8
mpd,-6.0,11,ack-4f,w,2,2,0,ctl,ok,0,0,-3.4,12.8
mpd,-6.0,11,fsk32r62-r1/2,c32r62,9,1,0,data,ok,8,8,-3.4,12.8
mpd,-6.0,11,ack-4f,w,2,2,0,ctl,ok,0,0,-6.3,12.8
mpd,-6.0,11,fsk32r62-r1/2,c32r62,9,1,0,data,ok,8,8,-3.4,12.8
mpd,-6.0,11,ack-4f,w,2,2,0,ctl,ok,0,0,-2.9,12.8
mpd,-6.0,11,fsk32r62-r1/2,c32r62,9,1,0,data,ok,8,8,-3.3,12.8
mpd,-6.0,11,ack-4f,w,2,2,0,ctl,ok,0,0,-2.4,12.8
mpd,-6.0,11,fsk32r62-r1/2,c32r62,9,1,0,data,ok,8,8,-3.6,12.8
mpd,-6.0,11,ack-4f,w,2,2,0,ctl,ok,0,0,-1.8,12.8
mpd,-6.0,11,fsk32r62-r1/2,c32r62,9,1,0,data,ok,8,8,-3.4,12.8
mpd,-6.0,11,ack-4f,w,2,2,0,ctl,ok,0,0,-1.8,12.8
mpd,-6.0,11,fsk32r62-r1/2,c32r62,9,1,0,data,ok,8,8,-3.4,12.8
mpd,-6.0,8,qpsk-r1/5,w,1,1,0,ctl,ctl_lost,0,0,-4.0,12.3
mpd,-6.0,8,n4-qpsk-r1/3,n4,1,1,0,ctl,ok,0,0,-5.2,12.3
mpd,-6.0,8,n4-qpsk-r1/3,n4,1,1,,ctl,missed,0,0,,12.3
mpd,-6.0,8,n4-qpsk-r1/3,n4,1,1,0,ctl,ok,0,0,-5.4,12.3
mpd,-6.0,8,n4-qpsk-r1/3,n4,1,1,0,ctl,ok,0,0,-6.7,12.3
mpd,-6.0,8,ack-4f,w,3,3,0,ctl,ok,0,0,-5.3,12.3
mpd,-6.0,8,n10-ack-4f,n10,2,2,0,ctl,ok,0,0,-2.5,12.3
mpd,-6.0,8,fsk32r62-r1/2,c32r62,9,1,0,data,ok,8,8,-3.5,12.3
mpd,-6.0,8,ack-4f,w,3,3,0,ctl,ok,0,0,-4.0,12.3
mpd,-6.0,8,fsk32r62-r1/2,c32r62,10,2,1,data,ok,8,8,-3.0,12.3
mpd,-6.0,8,ack-4f,w,2,2,0,ctl,ok,0,0,-1.2,12.3
mpd,-6.0,8,fsk32r62-r1/2,c32r62,9,1,0,data,ok,8,8,-3.4,12.3
mpd,-6.0,8,ack-4f,w,2,2,0,ctl,ok,0,0,-5.1,12.3
mpd,-6.0,8,fsk32r62-r1/2,c32r62,9,1,0,data,ok,8,8,-3.0,12.3
mpd,-6.0,8,ack-4f,w,2,2,0,ctl,ok,0,0,1.6,12.3
mpd,-6.0,8,fsk32r62-r1/2,c32r62,9,1,0,data,ok,8,8,-2.8,12.3
mpd,-6.0,8,ack-4f,w,2,2,0,ctl,ok,0,0,-3.1,12.3
mpd,-6.0,8,fsk32r62-r1/2,c32r62,9,1,0,data,ok,8,8,-3.6,12.3
mpd,-6.0,8,ack-4f,w,2,2,0,ctl,ctl_lost,0,0,-8.5,12.3
mpd,-6.0,8,ack-4f,w,3,3,0,ctl,ok,0,0,-7.2,12.3
mpd,-6.0,8,ack-4f,w,2,2,,ctl,missed,0,0,,12.3
mpd,-6.0,8,ack-4f,w,3,3,0,ctl,ok,0,0,-4.3,12.3
mpd,-6.0,8,ack-4f,w,2,2,0,ctl,ok,0,0,-0.6,12.3
mpd,-6.0,8,fsk32r62-r1/2,c32r62,9,1,0,data,ok,8,8,-3.4,12.3
mpd,-6.0,8,n10-ack-4f,n10,2,2,0,ctl,ok,0,0,-3.2,12.3
mpd,-6.0,8,fsk32r62-r1/2,c32r62,9,1,0,data,ok,8,8,-3.7,12.3
mpd,-6.0,8,ack-4f,w,2,2,0,ctl,ctl_lost,0,0,-6.7,12.3
mpd,-6.0,8,ack-4f,w,3,3,0,ctl,ok,0,0,-1.4,12.3
mpd,-6.0,8,ack-4f,w,2,2,0,ctl,ok,0,0,-1.3,12.3
mpd,-6.0,8,fsk32r62-r1/2,c32r62,9,1,0,data,ok,8,8,-3.3,12.3
mpd,-6.0,8,n10-ack-4f,n10,2,2,0,ctl,ok,0,0,-1.5,12.3
mpd,-6.0,8,fsk32r62-r1/2,c32r62,9,1,0,data,ok,8,8,-2.9,12.3
mpd,-6.0,8,n10-ack-4f,n10,2,2,0,ctl,ok,0,0,-5.3,12.3
mpd,-6.0,8,fsk32r62-r1/2,c32r62,9,1,0,data,ok,8,8,-3.6,12.3
mpd,-6.0,8,n10-ack-4f,n10,2,2,0,ctl,ok,0,0,-4.2,12.3
mpd,-6.0,8,fsk32r62-r1/2,c32r62,9,1,0,data,ok,8,8,-3.3,12.3
mpd,-6.0,8,n10-ack-4f,n10,2,2,0,ctl,ok,0,0,-4.3,12.3
mpd,-6.0,8,fsk32r62-r1/2,c32r62,9,1,0,data,ok,8,8,-3.0,12.3
mpd,-6.0,8,n10-ack-4f,n10,2,2,0,ctl,ok,0,0,-6.6,12.3
mpd,-6.0,8,fsk32r62-r1/2,c32r62,9,1,0,data,ok,8,8,-3.7,12.3
mpd,-6.0,8,n10-ack-4f,n10,2,2,0,ctl,ok,0,0,-0.5,12.3
mpd,-6.0,8,fsk32r62-r1/2,c32r62,9,1,0,data,ok,8,8,-2.8,12.3
mpd,-6.0,8,n10-ack-4f,n10,2,2,,ctl,missed,0,0,,12.3
mpd,-6.0,8,ack-4f,w,3,3,0,ctl,ok,0,0,-5.5,12.3
mpd,-6.0,8,ack-4f,w,2,2,0,ctl,ok,0,0,-3.3,12.3
mpd,-6.0,8,fsk32r62-r1/2,c32r62,9,1,0,data,ok,8,8,-3.4,12.3
mpd,-6.0,8,n10-ack-4f,n10,2,2,0,ctl,ok,0,0,-2.6,12.3
mpd,-6.0,8,fsk32r62-r1/2,c32r62,9,1,0,data,ctl_lost,8,8,-3.0,12.3
mpd,-6.0,8,ack-4f,w,3,3,0,ctl,ok,0,0,-1.9,12.3
mpd,-6.0,8,ack-4f,w,2,2,0,ctl,ok,0,0,-6.4,12.3
mpp,-8.0,3,qpsk-r1/5,w,1,1,0,ctl,ctl_lost,0,0,-5.9,7.7
mpp,-8.0,3,n4-qpsk-r1/3,n4,1,1,0,ctl,ok,0,0,-5.3,7.7
mpp,-8.0,3,n4-qpsk-r1/3,n4,1,1,0,ctl,ok,0,0,-7.9,7.7
mpp,-8.0,3,ack-4f,w,3,3,,ctl,missed,0,0,,7.7
mpp,-8.0,3,ack-4f,w,3,3,,ctl,missed,0,0,,7.7
mpp,-8.0,3,ack-4f,w,3,3,0,ctl,ok,0,0,-3.1,7.7
mpp,-8.0,3,ack-4f,w,2,2,0,ctl,ok,0,0,-6.8,7.7
mpp,-8.0,3,fsk32r62-r1/2,c32r62,9,1,0,data,ok,8,6,-5.1,7.7
mpp,-8.0,3,n4-ack-8f,n4,3,3,0,ctl,ok,0,0,-7.4,7.7
mpp,-8.0,3,fsk32r62-r1/2,c32r62,10,2,1,data,ok,6,5,-3.4,7.7
mpp,-8.0,3,n10-ack-4f,n10,3,3,,ctl,missed,0,0,,7.7
mpp,-8.0,3,ack-4f,w,3,3,0,ctl,ok,0,0,-1.9,7.7
mpp,-8.0,3,ack-4f,w,3,3,,ctl,missed,0,0,,7.7
mpp,-8.0,3,ack-4f,w,3,3,0,ctl,ok,0,0,-2.5,7.7
mpp,-8.0,3,ack-4f,w,3,3,,ctl,missed,0,0,,7.7
mpp,-8.0,3,ack-4f,w,3,3,0,ctl,ok,0,0,-3.5,7.7
mpp,-8.0,3,ack-4f,w,3,3,,ctl,missed,0,0,,7.7
mpp,-8.0,3,ack-4f,w,3,3,0,ctl,ok,0,0,-5.6,7.7
mpp,-8.0,3,ack-4f,w,3,3,0,ctl,ok,0,0,-3.5,7.7
mpp,-8.0,3,fsk32r62-r1/2,c32r62,10,2,1,data,ok,8,8,-4.3,7.7
mpp,-8.0,3,n10-ack-4f,n10,3,3,,ctl,missed,0,0,,7.7
mpp,-8.0,3,ack-4f,w,3,3,,ctl,missed,0,0,,7.7
mpp,-8.0,3,ack-4f,w,3,3,0,ctl,ok,0,0,-5.1,7.7
mpp,-8.0,3,ack-4f,w,3,3,0,ctl,ok,0,0,-6.1,7.7
mpp,-8.0,3,fsk32r62-r1/2,c32r62,10,2,1,data,ok,8,8,-4.1,7.7
mpp,-8.0,3,n4-ack-8f,n4,2,2,0,ctl,ok,0,0,-4.5,7.7
mpp,-8.0,3,fsk32r62-r1/2,c32r62,9,1,0,data,ok,8,7,-4.2,7.7
mpp,-8.0,3,n10-ack-4f,n10,3,3,,ctl,missed,0,0,,7.7
mpp,-8.0,3,ack-4f,w,3,3,0,ctl,ok,0,0,-7.5,7.7
mpp,-8.0,3,ack-4f,w,3,3,0,ctl,ctl_lost,0,0,-9.7,7.7
mpp,-8.0,3,ack-4f,w,3,3,0,ctl,ok,0,0,-8.1,7.7
mpp,-8.0,3,ack-4f,w,3,3,,ctl,missed,0,0,,7.7
mpp,-8.0,3,ack-4f,w,3,3,0,ctl,ok,0,0,-4.7,7.7
mpp,-8.0,3,ack-4f,w,3,3,0,ctl,ok,0,0,-6.2,7.7
mpp,-8.0,3,fsk32r62-r1/2,c32r62,9,1,0,data,ok,8,7,-5.1,7.7
mpp,-8.0,3,n4-ack-8f,n4,3,3,0,ctl,ok,0,0,-6.3,7.7
mpp,-8.0,3,fsk32r62-r1/2,c32r62,10,2,1,data,ok,7,6,-4.5,7.7
mpp,-8.0,3,n4-ack-8f,n4,3,3,0,ctl,ok,0,0,-10.5,7.7
mpp,-8.0,3,fsk32r62-r1/2,c32r62,9,1,0,data,ctl_lost,7,6,-5.0,7.7
mpp,-8.0,3,ack-4f,w,3,3,0,ctl,ok,0,0,-3.1,7.7
mpp,-8.0,3,ack-4f,w,3,3,0,ctl,ok,0,0,-4.5,7.7
mpp,-8.0,3,fsk32r62-r1/2,c32r62,10,2,1,data,ok,7,7,-4.3,7.7
mpp,-8.0,3,n4-ack-8f,n4,3,3,,ctl,missed,0,0,,7.7
mpp,-8.0,3,ack-4f,w,3,3,0,ctl,ok,0,0,-6.4,7.7
mpp,-8.0,3,ack-4f,w,3,3,0,ctl,ctl_lost,0,0,-5.8,7.7
mpp,-8.0,3,ack-4f,w,3,3,0,ctl,ctl_lost,0,0,-4.7,7.7
mpp,-8.0,3,ack-4f,w,3,3,0,ctl,ok,0,0,-3.3,7.7
mpp,-8.0,3,ack-4f,w,3,3,,ctl,missed,0,0,,7.7
mpp,-8.0,3,ack-4f,w,3,3,0,ctl,ok,0,0,-7.6,7.7
mpp,-8.0,3,ack-4f,w,3,3,0,ctl,ok,0,0,-2.8,7.7
mpp,-8.0,3,fsk32r62-r1/2,c32r62,10,2,1,data,ok,8,8,-4.1,7.7
mpp,-8.0,3,n4-ack-8f,n4,3,3,,ctl,missed,0,0,,7.7
mpp,-8.0,3,ack-4f,w,3,3,0,ctl,ok,0,0,-4.1,7.7
mpp,-8.0,3,ack-4f,w,3,3,0,ctl,ctl_lost,0,0,-6.4,7.7
mpp,-8.0,3,ack-4f,w,3,3,0,ctl,ok,0,0,-2.7,7.7
mpp,-8.0,3,ack-4f,w,3,3,0,ctl,ctl_lost,0,0,-6.0,7.7
mpp,-8.0,3,ack-4f,w,3,3,,ctl,missed,0,0,,7.7
mpp,-8.0,3,ack-4f,w,3,3,0,ctl,ok,0,0,-3.8,7.7
mpp,-8.0,3,ack-4f,w,3,3,0,ctl,ok,0,0,-4.5,7.7
mpp,-8.0,3,fsk32r62-r1/2,c32r62,10,2,1,data,ok,8,8,-4.4,7.7
mpp,-8.0,3,n4-ack-8f,n4,3,3,0,ctl,ok,0,0,-5.0,7.7
mpp,-8.0,3,fsk32r62-r1/2,c32r62,10,2,,data,missed,0,0,,7.7
mpp,-8.0,3,ack-4f,w,3,3,0,ctl,ok,0,0,-4.7,7.7
mpp,-8.0,3,ack-4f,w,3,3,0,ctl,ok,0,0,-4.2,7.7
mpp,-8.0,3,fsk32r62-r1/2,c32r62,10,2,1,data,ok,8,8,-4.0,7.7
mpp,-8.0,3,n4-ack-8f,n4,3,3,0,ctl,ok,0,0,-4.7,7.7
mpp,-8.0,3,fsk32r62-r1/2,c32r62,10,2,1,data,ok,8,6,-5.2,7.7
mpd,-6.0,5,qpsk-r1/5,w,1,1,0,ctl,ctl_lost,0,0,-5.3,11.5
mpd,-6.0,5,n4-qpsk-r1/3,n4,1,1,0,ctl,ok,0,0,-4.5,11.5
mpd,-6.0,5,n4-qpsk-r1/3,n4,1,1,,ctl,missed,0,0,,11.5
mpd,-6.0,5,n4-qpsk-r1/3,n4,1,1,0,ctl,ok,0,0,-4.6,11.5
mpd,-6.0,5,n4-qpsk-r1/3,n4,1,1,0,ctl,ok,0,0,-8.0,11.5
mpd,-6.0,5,ack-4f,w,3,3,0,ctl,ok,0,0,-1.7,11.5
mpd,-6.0,5,n10-ack-4f,n10,2,2,0,ctl,ok,0,0,-4.4,11.5
mpd,-6.0,5,fsk32r62-r1/2,c32r62,9,1,0,data,ok,8,8,-3.7,11.5
mpd,-6.0,5,ack-4f,w,3,3,0,ctl,ok,0,0,-2.8,11.5
mpd,-6.0,5,fsk32r62-r1/2,c32r62,10,2,1,data,ok,8,8,-3.3,11.5
mpd,-6.0,5,ack-4f,w,3,3,0,ctl,ok,0,0,-4.0,11.5
mpd,-6.0,5,fsk32r62-r1/2,c32r62,10,2,1,data,ok,8,8,-3.2,11.5
mpd,-6.0,5,ack-4f,w,2,2,0,ctl,ok,0,0,-4.0,11.5
mpd,-6.0,5,fsk32r62-r1/2,c32r62,9,1,0,data,ctl_lost,8,8,-3.3,11.5
mpd,-6.0,5,ack-4f,w,3,3,,ctl,missed,0,0,,11.5
mpd,-6.0,5,ack-4f,w,3,3,0,ctl,ok,0,0,-0.4,11.5
mpd,-6.0,5,ack-4f,w,3,3,0,ctl,ok,0,0,-3.3,11.5
mpd,-6.0,5,fsk32r62-r1/2,c32r62,10,2,1,data,ok,8,8,-2.9,11.5
mpd,-6.0,5,ack-4f,w,3,3,0,ctl,ok,0,0,-5.0,11.5
mpd,-6.0,5,fsk32r62-r1/2,c32r62,10,2,1,data,ok,8,8,-3.1,11.5
mpd,-6.0,5,ack-4f,w,3,3,0,ctl,ok,0,0,-3.3,11.5
mpd,-6.0,5,fsk32r62-r1/2,c32r62,10,2,1,data,ok,8,8,-3.4,11.5
mpd,-6.0,5,ack-4f,w,3,3,0,ctl,ctl_lost,0,0,-7.2,11.5
mpd,-6.0,5,ack-4f,w,3,3,0,ctl,ok,0,0,-3.8,11.5
mpd,-6.0,5,ack-4f,w,3,3,0,ctl,ok,0,0,-2.4,11.5
mpd,-6.0,5,fsk32r62-r1/2,c32r62,10,2,1,data,ok,8,8,-3.1,11.5
mpd,-6.0,5,n4-ack-8f,n4,3,3,0,ctl,ok,0,0,-5.1,11.5
mpd,-6.0,5,fsk32r62-r1/2,c32r62,10,2,1,data,ok,8,8,-3.0,11.5
mpd,-6.0,5,n10-ack-4f,n10,3,3,0,ctl,ok,0,0,-3.3,11.5
mpd,-6.0,5,fsk32r62-r1/2,c32r62,10,2,1,data,ok,8,8,-3.9,11.5
mpd,-6.0,5,ack-4f,w,3,3,0,ctl,ok,0,0,-3.9,11.5
mpd,-6.0,5,fsk32r62-r1/2,c32r62,10,2,1,data,ok,8,8,-3.6,11.5
mpd,-6.0,5,ack-4f,w,3,3,0,ctl,ok,0,0,-4.4,11.5
mpd,-6.0,5,fsk32r62-r1/2,c32r62,10,2,1,data,ok,8,8,-3.4,11.5
mpd,-6.0,5,ack-4f,w,2,2,0,ctl,ok,0,0,-2.4,11.5
mpd,-6.0,5,fsk32r62-r1/2,c32r62,9,1,0,data,ok,8,8,-3.7,11.5
mpd,-6.0,5,ack-4f,w,2,2,0,ctl,ok,0,0,-5.0,11.5
mpd,-6.0,5,fsk32r62-r1/2,c32r62,9,1,0,data,ok,8,8,-3.7,11.5
mpd,-6.0,5,ack-4f,w,2,2,,ctl,missed,0,0,,11.5
mpd,-6.0,5,ack-4f,w,3,3,0,ctl,ok,0,0,-1.5,11.5
mpd,-6.0,5,ack-4f,w,2,2,0,ctl,ok,0,0,-3.2,11.5
mpd,-6.0,5,fsk32r62-r1/2,c32r62,9,1,0,data,ok,8,8,-3.2,11.5
mpd,-6.0,5,ack-4f,w,2,2,0,ctl,ctl_lost,0,0,-3.9,11.5
mpd,-6.0,5,ack-4f,w,3,3,0,ctl,ok,0,0,-3.5,11.5
mpd,-6.0,5,ack-4f,w,2,2,0,ctl,ok,0,0,-1.8,11.5
mpd,-6.0,5,fsk32r62-r1/2,c32r62,9,1,0,data,ok,8,8,-3.9,11.5
mpd,-6.0,5,ack-4f,w,2,2,,ctl,missed,0,0,,11.5
mpd,-6.0,5,ack-4f,w,3,3,0,ctl,ok,0,0,-2.5,11.5
mpd,-6.0,5,ack-4f,w,2,2,0,ctl,ok,0,0,-1.2,11.5
mpd,-6.0,5,fsk32r62-r1/2,c32r62,9,1,0,data,ok,8,8,-3.4,11.5
mpd,-6.0,2,qpsk-r1/5,w,1,1,0,ctl,ctl_lost,0,0,-4.3,9.8
mpd,-6.0,2,n4-qpsk-r1/3,n4,1,1,0,ctl,ok,0,0,-6.3,9.8
mpd,-6.0,2,n4-qpsk-r1/3,n4,1,1,,ctl,missed,0,0,,9.8
mpd,-6.0,2,n4-qpsk-r1/3,n4,1,1,0,ctl,ok,0,0,-5.5,9.8
mpd,-6.0,2,n4-qpsk-r1/3,n4,1,1,,ctl,missed,0,0,,9.8
mpd,-6.0,2,n4-qpsk-r1/3,n4,1,1,0,ctl,ok,0,0,-8.9,9.8
mpd,-6.0,2,n4-qpsk-r1/3,n4,1,1,0,ctl,ok,0,0,-5.0,9.8
mpd,-6.0,2,ack-4f,w,3,3,0,ctl,ok,0,0,-1.9,9.8
mpd,-6.0,2,n10-ack-4f,n10,2,2,,ctl,missed,0,0,,9.8
mpd,-6.0,2,ack-4f,w,3,3,0,ctl,ok,0,0,-2.2,9.8
mpd,-6.0,2,ack-4f,w,3,3,0,ctl,ctl_lost,0,0,-5.8,9.8
mpd,-6.0,2,ack-4f,w,2,2,0,ctl,ok,0,0,-1.4,9.8
mpd,-6.0,2,ack-4f,w,3,3,0,ctl,ok,0,0,-1.7,9.8
mpd,-6.0,2,fsk32r62-r1/2,c32r62,10,2,1,data,ok,8,8,-3.2,9.8
mpd,-6.0,2,polar-k96-f8,w,1,1,0,ctl,ctl_lost,0,0,-5.6,9.8
mpd,-6.0,2,ack-4f,w,3,3,0,ctl,ok,0,0,-3.1,9.8
mpd,-6.0,2,ack-4f,w,2,2,0,ctl,ok,0,0,-3.2,9.8
mpd,-6.0,2,fsk32r62-r1/2,c32r62,9,1,0,data,ok,8,8,-3.4,9.8
mpd,-6.0,2,n4-ack-8f,n4,3,3,,ctl,missed,0,0,,9.8
mpd,-6.0,2,ack-4f,w,3,3,0,ctl,ok,0,0,-0.6,9.8
mpd,-6.0,2,ack-4f,w,2,2,0,ctl,ctl_lost,0,0,-11.4,9.8
mpd,-6.0,2,ack-4f,w,3,3,0,ctl,ok,0,0,-0.9,9.8
mpd,-6.0,2,ack-4f,w,3,3,0,ctl,ok,0,0,-1.6,9.8
mpd,-6.0,2,qpsk-r1/5,w,9,2,1,data,ok,7,0,-2.6,9.8
mpd,-6.0,2,polar-k96-f4,w,1,1,0,ctl,ok,0,0,-1.7,9.8
mpd,-6.0,2,fsk32r62-r1/2,c32r62,9,1,0,data,ok,8,8,-3.3,9.8
mpd,-6.0,2,ack-4f,w,2,2,0,ctl,ok,0,0,-4.0,9.8
mpd,-6.0,2,fsk32r62-r1/2,c32r62,9,1,0,data,ok,8,8,-3.2,9.8
mpd,-6.0,2,ack-4f,w,2,2,0,ctl,ok,0,0,-5.7,9.8
mpd,-6.0,2,fsk32r62-r1/2,c32r62,9,1,0,data,ok,8,8,-3.2,9.8
mpd,-6.0,2,ack-4f,w,2,2,0,ctl,ok,0,0,-0.7,9.8
mpd,-6.0,2,fsk32r62-r1/2,c32r62,9,1,0,data,ctl_lost,8,8,-3.0,9.8
mpd,-6.0,2,ack-4f,w,3,3,0,ctl,ok,0,0,-2.9,9.8
mpd,-6.0,2,ack-4f,w,3,3,0,ctl,ok,0,0,-3.9,9.8
mpd,-6.0,2,fsk32r62-r1/2,c32r62,10,2,1,data,ok,8,8,-3.5,9.8
mpd,-6.0,2,ack-4f,w,3,3,0,ctl,ok,0,0,-4.8,9.8
mpd,-6.0,2,fsk32r62-r1/2,c32r62,10,2,1,data,ok,8,8,-3.5,9.8
mpd,-6.0,2,ack-4f,w,3,3,0,ctl,ok,0,0,-4.9,9.8
mpd,-6.0,2,fsk32r62-r1/2,c32r62,10,2,1,data,ok,8,8,-3.5,9.8
mpd,-6.0,2,ack-4f,w,3,3,0,ctl,ok,0,0,-1.9,9.8
mpd,-6.0,2,fsk32r62-r1/2,c32r62,10,2,1,data,ok,8,8,-3.5,9.8
mpd,-6.0,2,ack-4f,w,3,3,0,ctl,ok,0,0,0.2,9.8
mpd,-6.0,2,fsk32r62-r1/2,c32r62,10,2,1,data,ok,8,7,-3.6,9.8
mpd,-6.0,2,ack-4f,w,3,3,0,ctl,ok,0,0,-2.9,9.8
mpd,-6.0,2,fsk32r62-r1/2,c32r62,10,2,1,data,ok,7,7,-3.8,9.8
mpd,-6.0,2,ack-4f,w,3,3,0,ctl,ctl_lost,0,0,-3.8,9.8
mpd,-6.0,2,ack-4f,w,3,3,0,ctl,ok,0,0,0.3,9.8
mpd,-6.0,2,ack-4f,w,2,2,,ctl,missed,0,0,,9.8
mpd,-6.0,2,ack-4f,w,3,3,0,ctl,ok,0,0,-7.2,9.8
mpd,-6.0,2,ack-4f,w,2,2,,ctl,missed,0,0,,9.8
mpd,-6.0,2,ack-4f,w,3,3,0,ctl,ok,0,0,-2.4,9.8
mpd,-6.0,2,ack-4f,w,3,3,,ctl,missed,0,0,,9.8
mpd,-6.0,2,ack-4f,w,3,3,0,ctl,ok,0,0,-3.1,9.8
mpd,-6.0,2,ack-4f,w,2,2,0,ctl,ok,0,0,-0.2,9.8
mpd,-6.0,2,fsk32r62-r1/2,c32r62,9,1,0,data,ok,8,8,-3.6,9.8
mpd,-6.0,2,ack-4f,w,2,2,,ctl,missed,0,0,,9.8
mpd,-6.0,2,ack-4f,w,3,3,,ctl,missed,0,0,,9.8
mpd,-6.0,2,ack-4f,w,3,3,0,ctl,ok,0,0,-1.6,9.8
mpd,-6.0,2,ack-4f,w,2,2,0,ctl,ok,0,0,-4.0,9.8
mpd,-6.0,2,fsk32r62-r1/2,c32r62,9,1,0,data,ok,8,8,-3.1,9.8
mpd,-6.0,2,ack-4f,w,2,2,0,ctl,ok,0,0,-2.6,9.8
mpd,-6.0,2,fsk32r62-r1/2,c32r62,9,1,0,data,ok,8,8,-3.2,9.8
mpp,-8.0,9,qpsk-r1/5,w,1,1,0,ctl,ctl_lost,0,0,-7.9,9.3
mpp,-8.0,9,n4-qpsk-r1/3,n4,1,1,0,ctl,ctl_lost,0,0,-7.3,9.3
mpp,-8.0,9,n4-qpsk-r1/3,n4,1,1,0,ctl,ok,0,0,-3.5,9.3
mpp,-8.0,9,n4-qpsk-r1/3,n4,1,1,0,ctl,ok,0,0,-7.3,9.3
mpp,-8.0,9,ack-4f,w,3,3,0,ctl,ctl_lost,0,0,-5.6,9.3
mpp,-8.0,9,ack-4f,w,3,3,0,ctl,ctl_lost,0,0,-7.4,9.3
mpp,-8.0,9,ack-4f,w,3,3,0,ctl,ok,0,0,-3.4,9.3
mpp,-8.0,9,ack-4f,w,3,3,0,ctl,ok,0,0,-5.8,9.3
mpp,-8.0,9,qpsk-r1/5,w,9,2,1,data,ok,7,0,-3.0,9.3
mpp,-8.0,9,n4-ack-8f,n4,3,3,,ctl,missed,0,0,,9.3
mpp,-8.0,9,ack-4f,w,3,3,0,ctl,ok,0,0,-4.7,9.3
mpp,-8.0,9,ack-4f,w,2,2,0,ctl,ok,0,0,-1.5,9.3
mpp,-8.0,9,fsk32r62-r1/2,c32r62,9,1,0,data,ok,8,8,-4.1,9.3
mpp,-8.0,9,ack-4f,w,3,3,0,ctl,ctl_lost,0,0,-7.5,9.3
mpp,-8.0,9,ack-4f,w,4,4,0,ctl,ok,0,0,-3.3,9.3
mpp,-8.0,9,ack-4f,w,3,3,0,ctl,ok,0,0,-6.4,9.3
mpp,-8.0,9,fsk32r62-r1/2,c32r62,10,2,1,data,ok,8,8,-3.6,9.3
mpp,-8.0,9,n4-ack-8f,n4,3,3,,ctl,missed,0,0,,9.3
mpp,-8.0,9,ack-4f,w,3,3,0,ctl,ctl_lost,0,0,-7.7,9.3
mpp,-8.0,9,ack-4f,w,3,3,0,ctl,ok,0,0,-2.1,9.3
mpp,-8.0,9,ack-4f,w,3,3,0,ctl,ok,0,0,-3.8,9.3
mpp,-8.0,9,fsk32r62-r1/2,c32r62,10,2,1,data,ok,8,8,-3.9,9.3
mpp,-8.0,9,n10-ack-4f,n10,3,3,0,ctl,ok,0,0,-4.9,9.3
mpp,-8.0,9,fsk32r62-r1/2,c32r62,10,2,,data,missed,0,0,,9.3
mpp,-8.0,9,ack-4f,w,3,3,,ctl,missed,0,0,,9.3
mpp,-8.0,9,ack-4f,w,3,3,0,ctl,ok,0,0,-3.0,9.3
mpp,-8.0,9,ack-4f,w,2,2,0,ctl,ok,0,0,-2.8,9.3
mpp,-8.0,9,fsk32r62-r1/2,c32r62,9,1,0,data,ok,8,8,-4.0,9.3
mpp,-8.0,9,n10-ack-4f,n10,3,3,0,ctl,ok,0,0,-5.9,9.3
mpp,-8.0,9,fsk32r62-r1/2,c32r62,10,2,1,data,ok,8,8,-3.7,9.3
mpp,-8.0,9,n10-ack-4f,n10,2,2,0,ctl,ok,0,0,-8.7,9.3
mpp,-8.0,9,fsk32r62-r1/2,c32r62,9,1,0,data,ok,8,6,-5.1,9.3
mpp,-8.0,9,n10-ack-4f,n10,3,3,0,ctl,ok,0,0,-5.8,9.3
mpp,-8.0,9,fsk32r62-r1/2,c32r62,10,2,1,data,ok,6,4,-4.6,9.3
mpp,-8.0,9,n10-ack-4f,n10,3,3,0,ctl,ctl_lost,0,0,-12.6,9.3
mpp,-8.0,9,ack-4f,w,3,3,0,ctl,ok,0,0,-4.2,9.3
mpp,-8.0,9,ack-4f,w,3,3,0,ctl,ok,0,0,-3.9,9.3
mpp,-8.0,9,fsk32r62-r1/2,c32r62,9,1,0,data,ok,8,8,-4.6,9.3
mpp,-8.0,9,n4-ack-8f,n4,2,2,0,ctl,ok,0,0,-4.4,9.3
mpp,-8.0,9,fsk32r62-r1/2,c32r62,9,1,0,data,ok,8,7,-4.8,9.3
mpp,-8.0,9,n10-ack-4f,n10,2,2,0,ctl,ok,0,0,-3.7,9.3
mpp,-8.0,9,fsk32r62-r1/2,c32r62,9,1,0,data,ok,7,6,-5.1,9.3
mpp,-8.0,9,n10-ack-4f,n10,3,3,0,ctl,ok,0,0,-3.6,9.3
mpp,-8.0,9,fsk32r62-r1/2,c32r62,9,1,0,data,ok,7,7,-4.2,9.3
mpp,-8.0,9,n10-ack-4f,n10,2,2,0,ctl,ctl_lost,0,0,-6.8,9.3
mpp,-8.0,9,ack-4f,w,3,3,0,ctl,ctl_lost,0,0,-4.2,9.3
mpp,-8.0,9,ack-4f,w,3,3,0,ctl,ok,0,0,-4.5,9.3
mpp,-8.0,9,ack-4f,w,2,2,0,ctl,ok,0,0,-2.7,9.3
mpp,-8.0,9,fsk32r62-r1/2,c32r62,9,1,0,data,ok,8,8,-4.3,9.3
mpp,-8.0,9,n4-ack-8f,n4,2,2,0,ctl,ok,0,0,-6.3,9.3
mpp,-8.0,9,fsk32r62-r1/2,c32r62,9,1,0,data,ok,8,7,-4.2,9.3
mpp,-8.0,9,n4-ack-8f,n4,3,3,0,ctl,ok,0,0,-4.6,9.3
mpp,-8.0,9,fsk32r62-r1/2,c32r62,9,1,0,data,ok,7,6,-4.4,9.3
mpp,-8.0,9,polar-k96-f4,w,1,1,0,ctl,ctl_lost,0,0,1.6,9.3
mpp,-8.0,5,qpsk-r1/5,w,1,1,0,ctl,ctl_lost,0,0,-2.1,8.1
mpp,-8.0,5,n4-qpsk-r1/3,n4,1,1,0,ctl,ok,0,0,-5.1,8.1
mpp,-8.0,5,n4-qpsk-r1/3,n4,1,1,0,ctl,ok,0,0,-2.5,8.1
mpp,-8.0,5,ack-4f,w,3,3,0,ctl,ok,0,0,-4.7,8.1
mpp,-8.0,5,ack-4f,w,2,2,0,ctl,ok,0,0,-1.7,8.1
mpp,-8.0,5,fsk32r62-r1/2,c32r62,9,1,0,data,ok,8,7,-4.2,8.1
mpp,-8.0,5,ack-4f,w,3,3,0,ctl,ok,0,0,-4.1,8.1
mpp,-8.0,5,fsk32r62-r1/2,c32r62,10,2,1,data,ok,7,4,-4.8,8.1
mpp,-8.0,5,ack-4f,w,3,3,0,ctl,ok,0,0,-2.8,8.1
mpp,-8.0,5,fsk32r62-r1/2,c32r62,10,2,1,data,ok,5,4,-4.8,8.1
mpp,-8.0,5,ack-4f,w,3,3,0,ctl,ctl_lost,0,0,-6.2,8.1
mpp,-8.0,5,ack-4f,w,3,3,,ctl,missed,0,0,,8.1
mpp,-8.0,5,ack-4f,w,3,3,0,ctl,ok,0,0,-8.5,8.1
mpp,-8.0,5,ack-4f,w,3,3,0,ctl,ok,0,0,-4.3,8.1
mpp,-8.0,5,fsk32r62-r1/2,c32r62,10,2,1,data,ok,8,8,-4.6,8.1
mpp,-8.0,5,n4-ack-8f,n4,3,3,0,ctl,ok,0,0,-6.1,8.1
mpp,-8.0,5,fsk32r62-r1/2,c32r62,10,2,1,data,ok,8,6,-5.0,8.1
mpp,-8.0,5,n10-ack-4f,n10,3,3,,ctl,missed,0,0,,8.1
mpp,-8.0,5,ack-4f,w,3,3,0,ctl,ok,0,0,-4.1,8.1
mpp,-8.0,5,ack-4f,w,3,3,0,ctl,ok,0,0,-2.6,8.1
mpp,-8.0,5,fsk32r62-r1/2,c32r62,9,1,0,data,ok,8,8,-4.4,8.1
mpp,-8.0,5,n10-ack-4f,n10,2,2,0,ctl,ok,0,0,-2.6,8.1
mpp,-8.0,5,fsk32r62-r1/2,c32r62,9,1,0,data,ok,8,6,-4.8,8.1
mpp,-8.0,5,n10-ack-4f,n10,2,2,0,ctl,ctl_lost,0,0,-5.4,8.1
mpp,-8.0,5,ack-4f,w,3,3,,ctl,missed,0,0,,8.1
mpp,-8.0,5,ack-4f,w,3,3,0,ctl,ok,0,0,-3.4,8.1
mpp,-8.0,5,ack-4f,w,2,2,0,ctl,ok,0,0,-3.6,8.1
mpp,-8.0,5,fsk32r62-r1/2,c32r62,9,1,0,data,ok,8,8,-3.7,8.1
mpp,-8.0,5,ack-4f,w,2,2,0,ctl,ctl_lost,0,0,-116.9,8.1
mpp,-8.0,5,ack-4f,w,3,3,0,ctl,ctl_lost,0,0,-8.1,8.1
mpp,-8.0,5,ack-4f,w,3,3,0,ctl,ok,0,0,-2.0,8.1
mpp,-8.0,5,ack-4f,w,2,2,0,ctl,ctl_lost,0,0,-10.3,8.1
mpp,-8.0,5,ack-4f,w,3,3,,ctl,missed,0,0,,8.1
mpp,-8.0,5,ack-4f,w,3,3,0,ctl,ok,0,0,-4.7,8.1
mpp,-8.0,5,ack-4f,w,2,2,0,ctl,ok,0,0,-7.2,8.1
mpp,-8.0,5,fsk32r62-r1/2,c32r62,9,1,0,data,ctl_lost,8,8,-4.3,8.1
mpp,-8.0,5,ack-4f,w,3,3,0,ctl,ok,0,0,-0.9,8.1
mpp,-8.0,5,ack-4f,w,2,2,0,ctl,ok,0,0,-5.1,8.1
mpp,-8.0,5,fsk32r62-r1/2,c32r62,9,1,0,data,ok,8,5,-4.6,8.1
mpp,-8.0,5,n4-ack-8f,n4,3,3,0,ctl,ok,0,0,-4.5,8.1
mpp,-8.0,5,fsk32r62-r1/2,c32r62,10,2,1,data,ok,5,3,-4.9,8.1
mpp,-8.0,5,polar-k96-f4,w,2,2,0,ctl,ok,0,0,-3.8,8.1
mpp,-8.0,5,fsk32r62-r1/2,c32r62,10,2,1,data,ok,6,4,-4.5,8.1
mpp,-8.0,5,n4-ack-8f,n4,3,3,,ctl,missed,0,0,,8.1
mpp,-8.0,5,ack-4f,w,3,3,0,ctl,ok,0,0,-4.0,8.1
mpp,-8.0,5,ack-4f,w,3,3,0,ctl,ok,0,0,-2.9,8.1
mpp,-8.0,5,fsk32r62-r1/2,c32r62,9,1,0,data,ok,8,7,-4.0,8.1
mpp,-8.0,5,polar-k96-f4,w,1,1,0,ctl,ok,0,0,-4.3,8.1
mpp,-8.0,5,fsk32r62-r1/2,c32r62,9,1,0,data,ctl_lost,7,6,-4.9,8.1
mpp,-8.0,5,ack-4f,w,3,3,0,ctl,ok,0,0,-4.4,8.1
mpp,-8.0,5,ack-4f,w,3,3,,ctl,missed,0,0,,8.1
mpp,-8.0,5,ack-4f,w,3,3,0,ctl,ok,0,0,-2.4,8.1
mpp,-8.0,5,ack-4f,w,3,3,0,ctl,ok,0,0,-5.0,8.1
mpp,-8.0,5,fsk32r62-r1/2,c32r62,10,2,1,data,ok,7,6,-4.5,8.1
mpp,-8.0,5,n4-ack-8f,n4,3,3,0,ctl,ok,0,0,-4.5,8.1
mpp,-8.0,5,fsk32r62-r1/2,c32r62,10,2,1,data,ok,7,7,-4.3,8.1
mpp,-8.0,2,qpsk-r1/5,w,1,1,0,ctl,ctl_lost,0,0,-5.6,7.7
mpp,-8.0,2,n4-qpsk-r1/3,n4,1,1,0,ctl,ok,0,0,-4.4,7.7
mpp,-8.0,2,n4-qpsk-r1/3,n4,1,1,0,ctl,ok,0,0,-5.1,7.7
mpp,-8.0,2,ack-4f,w,3,3,0,ctl,ok,0,0,-4.8,7.7
mpp,-8.0,2,n10-ack-4f,n10,3,3,0,ctl,ok,0,0,-7.5,7.7
mpp,-8.0,2,fsk32r62-r1/2,c32r62,10,2,1,data,ok,8,6,-4.6,7.7
mpp,-8.0,2,ack-4f,w,3,3,,ctl,missed,0,0,,7.7
mpp,-8.0,2,ack-4f,w,2,2,0,ctl,ctl_lost,0,0,-12.9,7.7
mpp,-8.0,2,ack-4f,w,2,2,0,ctl,ctl_lost,0,0,-10.0,7.7
mpp,-8.0,2,ack-4f,w,2,2,0,ctl,ok,0,0,-7.3,7.7
mpp,-8.0,2,ack-4f,w,3,3,0,ctl,ok,0,0,-19.6,7.7
mpp,-8.0,2,fsk32r62-r1/2,c32r62,10,2,1,data,ok,8,8,-4.2,7.7
mpp,-8.0,2,n4-ack-8f,n4,3,3,0,ctl,ok,0,0,-3.4,7.7
mpp,-8.0,2,fsk32r62-r1/2,c32r62,10,2,1,data,ok,8,5,-5.3,7.7
mpp,-8.0,2,n10-ack-4f,n10,3,3,0,ctl,ok,0,0,-5.8,7.7
mpp,-8.0,2,fsk32r62-r1/2,c32r62,10,2,1,data,ok,5,5,-4.8,7.7
mpp,-8.0,2,ack-4f,w,3,3,0,ctl,ok,0,0,-1.6,7.7
mpp,-8.0,2,fsk32r62-r1/2,c32r62,10,2,1,data,ok,8,7,-4.0,7.7
mpp,-8.0,2,ack-4f,w,2,2,,ctl,missed,0,0,,7.7
mpp,-8.0,2,ack-4f,w,3,3,0,ctl,ctl_lost,0,0,-3.7,7.7
mpp,-8.0,2,ack-4f,w,3,3,0,ctl,ok,0,0,-3.0,7.7
mpp,-8.0,2,ack-4f,w,2,2,0,ctl,ctl_lost,0,0,-5.7,7.7
mpp,-8.0,2,ack-4f,w,3,3,,ctl,missed,0,0,,7.7
mpp,-8.0,2,ack-4f,w,3,3,0,ctl,ok,0,0,-8.3,7.7
mpp,-8.0,2,ack-4f,w,2,2,0,ctl,ok,0,0,-5.5,7.7
mpp,-8.0,2,fsk32r62-r1/2,c32r62,9,1,0,data,ok,8,7,-4.4,7.7
mpp,-8.0,2,n4-ack-8f,n4,3,3,0,ctl,ok,0,0,-3.6,7.7
mpp,-8.0,2,fsk32r62-r1/2,c32r62,9,1,0,data,ctl_lost,7,6,-4.3,7.7
mpp,-8.0,2,ack-4f,w,3,3,0,ctl,ok,0,0,-2.7,7.7
mpp,-8.0,2,ack-4f,w,3,3,0,ctl,ok,0,0,-5.4,7.7
mpp,-8.0,2,fsk32r62-r1/2,c32r62,10,2,,data,missed,0,0,,7.7
mpp,-8.0,2,ack-4f,w,3,3,0,ctl,ok,0,0,-4.1,7.7
mpp,-8.0,2,ack-4f,w,3,3,0,ctl,ctl_lost,0,0,-7.7,7.7
mpp,-8.0,2,ack-4f,w,3,3,0,ctl,ok,0,0,-2.2,7.7
mpp,-8.0,2,ack-4f,w,3,3,0,ctl,ctl_lost,0,0,-7.0,7.7
mpp,-8.0,2,ack-4f,w,3,3,0,ctl,ok,0,0,-3.1,7.7
mpp,-8.0,2,ack-4f,w,3,3,0,ctl,ctl_lost,0,0,-7.1,7.7
mpp,-8.0,2,ack-4f,w,3,3,0,ctl,ok,0,0,-3.7,7.7
mpp,-8.0,2,ack-4f,w,3,3,0,ctl,ok,0,0,-7.5,7.7
mpp,-8.0,2,fsk32r62-r1/2,c32r62,10,2,1,data,ok,7,7,-3.9,7.7
mpp,-8.0,2,n4-ack-8f,n4,3,3,0,ctl,ok,0,0,-2.9,7.7
mpp,-8.0,2,fsk32r62-r1/2,c32r62,10,2,1,data,ok,8,6,-4.4,7.7
mpp,-8.0,2,n10-ack-4f,n10,3,3,0,ctl,ok,0,0,-2.7,7.7
mpp,-8.0,2,fsk32r62-r1/2,c32r62,10,2,1,data,ok,6,5,-4.0,7.7
mpp,-8.0,2,n10-ack-4f,n10,3,3,,ctl,missed,0,0,,7.7
mpp,-8.0,2,ack-4f,w,3,3,0,ctl,ok,0,0,-4.3,7.7
mpp,-8.0,2,ack-4f,w,3,3,0,ctl,ok,0,0,-1.7,7.7
mpp,-8.0,2,fsk32r62-r1/2,c32r62,9,1,0,data,ok,8,8,-3.9,7.7
mpp,-8.0,2,n10-ack-4f,n10,3,3,0,ctl,ctl_lost,0,0,-10.4,7.7
mpp,-8.0,2,ack-4f,w,3,3,,ctl,missed,0,0,,7.7
mpp,-8.0,2,ack-4f,w,3,3,0,ctl,ok,0,0,-4.9,7.7
mpp,-8.0,2,ack-4f,w,3,3,,ctl,missed,0,0,,7.7
mpp,-8.0,2,ack-4f,w,3,3,0,ctl,ok,0,0,-8.4,7.7
mpp,-8.0,2,ack-4f,w,3,3,0,ctl,ok,0,0,-7.5,7.7
mpp,-8.0,2,fsk32r62-r1/2,c32r62,10,2,1,data,ok,8,5,-4.3,7.7
mpp,-8.0,2,n4-ack-8f,n4,3,3,0,ctl,ok,0,0,-5.4,7.7
mpp,-8.0,2,fsk32r62-r1/2,c32r62,10,2,1,data,ok,5,5,-3.3,7.7
mpp,-8.0,2,n4-ack-8f,n4,2,2,0,ctl,ok,0,0,-5.8,7.7
mpp,-8.0,2,fsk32r62-r1/2,c32r62,9,1,0,data,ok,8,8,-4.6,7.7
mpp,-8.0,4,qpsk-r1/5,w,1,1,0,ctl,ctl_lost,0,0,0.2,8.5
mpp,-8.0,4,n4-qpsk-r1/3,n4,1,1,0,ctl,ok,0,0,-5.4,8.5
mpp,-8.0,4,n4-qpsk-r1/3,n4,1,1,0,ctl,ok,0,0,-2.2,8.5
mpp,-8.0,4,ack-4f,w,3,3,0,ctl,ok,0,0,-5.7,8.5
mpp,-8.0,4,ack-4f,w,2,2,0,ctl,ok,0,0,-3.4,8.5
mpp,-8.0,4,fsk32r62-r1/2,c32r62,9,1,0,data,ok,8,8,-4.8,8.5
mpp,-8.0,4,ack-4f,w,3,3,,ctl,missed,0,0,,8.5
mpp,-8.0,4,ack-4f,w,3,3,0,ctl,ok,0,0,-3.4,8.5
mpp,-8.0,4,ack-4f,w,3,3,0,ctl,ok,0,0,-3.3,8.5
mpp,-8.0,4,fsk32r62-r1/2,c32r62,10,2,1,data,ok,8,7,-4.5,8.5
mpp,-8.0,4,ack-4f,w,3,3,0,ctl,ctl_lost,0,0,-9.9,8.5
mpp,-8.0,4,ack-4f,w,3,3,0,ctl,ok,0,0,-2.1,8.5
mpp,-8.0,4,ack-4f,w,3,3,0,ctl,ok,0,0,-4.7,8.5
mpp,-8.0,4,fsk32r62-r1/2,c32r62,9,1,0,data,ok,8,7,-4.6,8.5
mpp,-8.0,4,n4-ack-8f,n4,3,3,,ctl,missed,0,0,,8.5
mpp,-8.0,4,ack-4f,w,3,3,0,ctl,ok,0,0,-4.5,8.5
mpp,-8.0,4,ack-4f,w,2,2,,ctl,missed,0,0,,8.5
mpp,-8.0,4,ack-4f,w,3,3,,ctl,missed,0,0,,8.5
mpp,-8.0,4,ack-4f,w,3,3,,ctl,missed,0,0,,8.5
mpp,-8.0,4,ack-4f,w,3,3,0,ctl,ok,0,0,-2.5,8.5
mpp,-8.0,4,ack-4f,w,3,3,0,ctl,ok,0,0,-7.7,8.5
mpp,-8.0,4,fsk32r62-r1/2,c32r62,10,2,1,data,ok,8,7,-4.9,8.5
mpp,-8.0,4,n4-ack-8f,n4,3,3,0,ctl,ok,0,0,-5.0,8.5
mpp,-8.0,4,fsk32r62-r1/2,c32r62,10,2,1,data,ok,7,6,-4.6,8.5
mpp,-8.0,4,n10-ack-4f,n10,3,3,0,ctl,ok,0,0,-4.7,8.5
mpp,-8.0,4,fsk32r62-r1/2,c32r62,10,2,1,data,ok,7,7,-4.2,8.5
mpp,-8.0,4,ack-4f,w,2,2,0,ctl,ok,0,0,-0.2,8.5
mpp,-8.0,4,fsk32r62-r1/2,c32r62,9,1,0,data,ok,8,7,-4.4,8.5
mpp,-8.0,4,ack-4f,w,3,3,0,ctl,ok,0,0,-3.5,8.5
mpp,-8.0,4,fsk32r62-r1/2,c32r62,9,1,0,data,ok,7,6,-4.7,8.5
mpp,-8.0,4,ack-4f,w,3,3,0,ctl,ok,0,0,-5.2,8.5
mpp,-8.0,4,fsk32r62-r1/2,c32r62,9,1,0,data,ctl_lost,7,7,-4.5,8.5
mpp,-8.0,4,ack-4f,w,3,3,0,ctl,ok,0,0,-1.9,8.5
mpp,-8.0,4,ack-4f,w,3,3,,ctl,missed,0,0,,8.5
mpp,-8.0,4,ack-4f,w,3,3,0,ctl,ok,0,0,-5.4,8.5
mpp,-8.0,4,ack-4f,w,3,3,0,ctl,ok,0,0,-2.8,8.5
mpp,-8.0,4,fsk32r62-r1/2,c32r62,10,2,1,data,ok,7,7,-4.3,8.5
mpp,-8.0,4,ack-4f,w,3,3,,ctl,missed,0,0,,8.5
mpp,-8.0,4,ack-4f,w,3,3,0,ctl,ok,0,0,-7.5,8.5
mpp,-8.0,4,ack-4f,w,3,3,0,ctl,ok,0,0,-6.5,8.5
mpp,-8.0,4,fsk32r62-r1/2,c32r62,10,2,1,data,ok,8,8,-4.4,8.5
mpp,-8.0,4,ack-4f,w,3,3,0,ctl,ok,0,0,-3.9,8.5
mpp,-8.0,4,fsk32r62-r1/2,c32r62,10,2,1,data,ok,8,6,-4.4,8.5
mpp,-8.0,4,ack-4f,w,3,3,,ctl,missed,0,0,,8.5
mpp,-8.0,4,ack-4f,w,3,3,0,ctl,ok,0,0,-4.4,8.5
mpp,-8.0,4,ack-4f,w,3,3,0,ctl,ok,0,0,-6.4,8.5
mpp,-8.0,4,fsk32r62-r1/2,c32r62,9,1,0,data,ctl_lost,8,8,-3.6,8.5
mpp,-8.0,4,ack-4f,w,3,3,0,ctl,ctl_lost,0,0,-7.6,8.5
mpp,-8.0,4,ack-4f,w,3,3,0,ctl,ok,0,0,-4.0,8.5
mpp,-8.0,4,ack-4f,w,3,3,0,ctl,ctl_lost,0,0,-2.0,8.5
mpp,-8.0,4,ack-4f,w,3,3,,ctl,missed,0,0,,8.5
mpp,-8.0,4,ack-4f,w,3,3,0,ctl,ctl_lost,0,0,-6.3,8.5
mpp,-8.0,4,ack-4f,w,3,3,0,ctl,ok,0,0,-4.1,8.5
mpp,-8.0,4,ack-4f,w,3,3,0,ctl,ok,0,0,-5.4,8.5
mpp,-8.0,4,fsk32r62-r1/2,c32r62,10,2,1,data,ok,8,8,-3.4,8.5
mpp,-8.0,4,ack-4f,w,3,3,0,ctl,ok,0,0,-1.7,8.5
mpp,-8.0,4,fsk32r62-r1/2,c32r62,10,2,,data,missed,0,0,,8.5
mpp,-8.0,4,ack-4f,w,3,3,0,ctl,ctl_lost,0,0,-5.7,8.5
mpp,-8.0,0,qpsk-r1/5,w,1,1,0,ctl,ctl_lost,0,0,-2.0,8.9
mpp,-8.0,0,n4-qpsk-r1/3,n4,1,1,0,ctl,ok,0,0,-5.0,8.9
mpp,-8.0,0,n4-qpsk-r1/3,n4,1,1,0,ctl,ok,0,0,-4.6,8.9
mpp,-8.0,0,ack-4f,w,3,3,,ctl,missed,0,0,,8.9
mpp,-8.0,0,ack-4f,w,3,3,0,ctl,ok,0,0,-4.5,8.9
mpp,-8.0,0,n10-ack-4f,n10,3,3,0,ctl,ok,0,0,-6.2,8.9
mpp,-8.0,0,fsk32r62-r1/2,c32r62,10,2,1,data,ok,8,5,-4.2,8.9
mpp,-8.0,0,ack-4f,w,3,3,0,ctl,ok,0,0,-2.5,8.9
mpp,-8.0,0,fsk32r62-r1/2,c32r62,10,2,1,data,ok,5,4,-4.7,8.9
mpp,-8.0,0,ack-4f,w,3,3,0,ctl,ok,0,0,-3.9,8.9
mpp,-8.0,0,fsk32r62-r1/2,c32r62,10,2,1,data,ok,7,7,-4.2,8.9
mpp,-8.0,0,ack-4f,w,3,3,0,ctl,ok,0,0,-12.6,8.9
mpp,-8.0,0,fsk32r62-r1/2,c32r62,10,2,1,data,ok,8,5,-4.8,8.9
mpp,-8.0,0,n4-ack-8f,n4,3,3,0,ctl,ok,0,0,-6.1,8.9
mpp,-8.0,0,fsk32r62-r1/2,c32r62,10,2,1,data,ok,5,2,-5.5,8.9
mpp,-8.0,0,ack-4f,w,3,3,0,ctl,ok,0,0,-4.3,8.9
mpp,-8.0,0,fsk32r62-r1/2,c32r62,10,2,1,data,ok,5,5,-3.8,8.9
mpp,-8.0,0,ack-4f,w,2,2,,ctl,missed,0,0,,8.9
mpp,-8.0,0,ack-4f,w,3,3,0,ctl,ctl_lost,0,0,-5.2,8.9
mpp,-8.0,0,ack-4f,w,3,3,0,ctl,ctl_lost,0,0,-6.1,8.9
mpp,-8.0,0,ack-4f,w,3,3,0,ctl,ctl_lost,0,0,-8.9,8.9
mpp,-8.0,0,ack-4f,w,3,3,,ctl,missed,0,0,,8.9
mpp,-8.0,0,ack-4f,w,3,3,0,ctl,ok,0,0,-2.2,8.9
mpp,-8.0,0,ack-4f,w,2,2,0,ctl,ctl_lost,0,0,-8.2,8.9
mpp,-8.0,0,ack-4f,w,3,3,0,ctl,ctl_lost,0,0,-6.7,8.9
mpp,-8.0,0,ack-4f,w,3,3,0,ctl,ok,0,0,-6.5,8.9
mpp,-8.0,0,ack-4f,w,3,3,0,ctl,ctl_lost,0,0,-7.5,8.9
mpp,-8.0,0,ack-4f,w,3,3,0,ctl,ok,0,0,-5.2,8.9
mpp,-8.0,0,ack-4f,w,2,2,0,ctl,ctl_lost,0,0,-117.6,8.9
mpp,-8.0,0,ack-4f,w,3,3,0,ctl,ok,0,0,-3.1,8.9
mpp,-8.0,0,ack-4f,w,2,2,0,ctl,ctl_lost,0,0,-116.0,8.9
mpp,-8.0,0,ack-4f,w,3,3,0,ctl,ok,0,0,-6.4,8.9
mpp,-8.0,0,ack-4f,w,2,2,0,ctl,ok,0,0,-4.5,8.9
mpp,-8.0,0,fsk32r62-r1/2,c32r62,9,1,0,data,ok,8,8,-4.1,8.9
mpp,-8.0,0,n10-ack-4f,n10,2,2,0,ctl,ok,0,0,-4.4,8.9
mpp,-8.0,0,fsk32r62-r1/2,c32r62,9,1,0,data,ok,8,7,-4.3,8.9
mpp,-8.0,0,n10-ack-4f,n10,3,3,0,ctl,ok,0,0,-7.5,8.9
mpp,-8.0,0,fsk32r62-r1/2,c32r62,9,1,0,data,ctl_lost,7,6,-4.4,8.9
mpp,-8.0,0,ack-4f,w,3,3,0,ctl,ok,0,0,-6.0,8.9
mpp,-8.0,0,ack-4f,w,3,3,0,ctl,ctl_lost,0,0,-10.3,8.9
mpp,-8.0,0,ack-4f,w,3,3,,ctl,missed,0,0,,8.9
mpp,-8.0,0,ack-4f,w,3,3,0,ctl,ok,0,0,-5.8,8.9
mpp,-8.0,0,ack-4f,w,3,3,0,ctl,ctl_lost,0,0,-9.7,8.9
mpp,-8.0,0,ack-4f,w,3,3,0,ctl,ok,0,0,-3.1,8.9
mpp,-8.0,0,ack-4f,w,3,3,0,ctl,ok,0,0,-4.8,8.9
mpp,-8.0,0,fsk32r62-r1/2,c32r62,10,2,1,data,ok,7,7,-4.3,8.9
mpp,-8.0,0,n4-ack-8f,n4,3,3,,ctl,missed,0,0,,8.9
mpp,-8.0,0,ack-4f,w,3,3,0,ctl,ok,0,0,-7.7,8.9
mpp,-8.0,0,ack-4f,w,3,3,0,ctl,ok,0,0,-4.4,8.9
mpp,-8.0,0,fsk32r62-r1/2,c32r62,10,2,1,data,ok,8,8,-4.9,8.9
mpp,-8.0,0,n10-ack-4f,n10,3,3,0,ctl,ok,0,0,-3.0,8.9
mpp,-8.0,0,fsk32r62-r1/2,c32r62,10,2,1,data,ok,8,8,-3.9,8.9
mpp,-8.0,0,n10-ack-4f,n10,2,2,0,ctl,ctl_lost,0,0,-9.8,8.9
mpp,-8.0,0,ack-4f,w,3,3,0,ctl,ok,0,0,-4.3,8.9
mpp,-8.0,0,ack-4f,w,2,2,0,ctl,ok,0,0,-5.8,8.9
mpp,-8.0,0,fsk32r62-r1/2,c32r62,9,1,0,data,ok,8,8,-3.7,8.9
mpp,-8.0,0,n4-ack-8f,n4,2,2,0,ctl,ok,0,0,-3.3,8.9
mpp,-8.0,0,fsk32r62-r1/2,c32r62,9,1,0,data,ok,8,8,-3.8,8.9
mpp,-8.0,0,polar-k96-f4,w,1,1,0,ctl,ok,0,0,-4.5,8.9
mpp,-8.0,0,fsk32r62-r1/2,c32r62,9,1,0,data,ok,8,8,-4.3,8.9
mpp,-8.0,6,qpsk-r1/5,w,1,1,0,ctl,ok,0,0,-3.3,9.3
mpp,-8.0,6,qpsk-r1/5,w,1,1,0,ctl,ctl_lost,0,0,-5.2,9.3
mpp,-8.0,6,n4-qpsk-r1/3,n4,1,1,0,ctl,ok,0,0,-3.4,9.3
mpp,-8.0,6,n4-qpsk-r1/3,n4,1,1,0,ctl,ok,0,0,-5.2,9.3
mpp,-8.0,6,ack-4f,w,3,3,0,ctl,ok,0,0,-5.9,9.3
mpp,-8.0,6,ack-4f,w,2,2,0,ctl,ok,0,0,-3.3,9.3
mpp,-8.0,6,fsk32r62-r1/2,c32r62,9,1,0,data,ctl_lost,8,7,-4.8,9.3
mpp,-8.0,6,ack-4f,w,2,2,0,ctl,ok,0,0,-4.6,9.3
mpp,-8.0,6,ack-4f,w,3,3,0,ctl,ok,0,0,-1.9,9.3
mpp,-8.0,6,fsk32r62-r1/2,c32r62,10,2,1,data,ok,8,7,-4.8,9.3
mpp,-8.0,6,ack-4f,w,3,3,0,ctl,ok,0,0,-5.3,9.3
mpp,-8.0,6,fsk32r62-r1/2,c32r62,10,2,1,data,ok,7,7,-4.3,9.3
mpp,-8.0,6,ack-4f,w,3,3,0,ctl,ok,0,0,-3.3,9.3
mpp,-8.0,6,fsk32r62-r1/2,c32r62,10,2,1,data,ok,8,8,-4.1,9.3
mpp,-8.0,6,ack-4f,w,3,3,0,ctl,ok,0,0,-2.8,9.3
mpp,-8.0,6,fsk32r62-r1/2,c32r62,10,2,1,data,ok,8,7,-3.1,9.3
mpp,-8.0,6,ack-4f,w,3,3,0,ctl,ok,0,0,-5.2,9.3
mpp,-8.0,6,fsk32r62-r1/2,c32r62,10,2,1,data,ok,7,7,-4.5,9.3
mpp,-8.0,6,ack-4f,w,3,3,,ctl,missed,0,0,,9.3
mpp,-8.0,6,ack-4f,w,3,3,0,ctl,ok,0,0,-3.0,9.3
mpp,-8.0,6,ack-4f,w,2,2,0,ctl,ok,0,0,-7.3,9.3
mpp,-8.0,6,fsk32r62-r1/2,c32r62,9,1,0,data,ok,8,8,-4.0,9.3
mpp,-8.0,6,ack-4f,w,3,3,,ctl,missed,0,0,,9.3
mpp,-8.0,6,ack-4f,w,3,3,0,ctl,ok,0,0,-11.3,9.3
mpp,-8.0,6,ack-4f,w,3,3,0,ctl,ok,0,0,-4.2,9.3
mpp,-8.0,6,fsk32r62-r1/2,c32r62,10,2,1,data,ok,8,7,-5.5,9.3
mpp,-8.0,6,ack-4f,w,3,3,0,ctl,ok,0,0,-3.1,9.3
mpp,-8.0,6,fsk32r62-r1/2,c32r62,10,2,1,data,ok,7,6,-4.5,9.3
mpp,-8.0,6,ack-4f,w,3,3,0,ctl,ctl_lost,0,0,-9.4,9.3
mpp,-8.0,6,ack-4f,w,3,3,0,ctl,ctl_lost,0,0,-6.0,9.3
mpp,-8.0,6,ack-4f,w,3,3,0,ctl,ok,0,0,-6.7,9.3
mpp,-8.0,6,ack-4f,w,2,2,,ctl,missed,0,0,,9.3
mpp,-8.0,6,ack-4f,w,3,3,0,ctl,ok,0,0,-7.0,9.3
mpp,-8.0,6,ack-4f,w,3,3,0,ctl,ctl_lost,0,0,-5.9,9.3
mpp,-8.0,6,ack-4f,w,3,3,0,ctl,ok,0,0,-2.1,9.3
mpp,-8.0,6,ack-4f,w,2,2,,ctl,missed,0,0,,9.3
mpp,-8.0,6,ack-4f,w,3,3,0,ctl,ok,0,0,-2.3,9.3
mpp,-8.0,6,ack-4f,w,2,2,0,ctl,ok,0,0,-1.8,9.3
mpp,-8.0,6,fsk32r62-r1/2,c32r62,9,1,0,data,ok,8,8,-4.6,9.3
mpp,-8.0,6,ack-4f,w,3,3,0,ctl,ok,0,0,-4.8,9.3
mpp,-8.0,6,fsk32r62-r1/2,c32r62,10,2,1,data,ok,8,8,-4.5,9.3
mpp,-8.0,6,ack-4f,w,2,2,0,ctl,ok,0,0,-3.3,9.3
mpp,-8.0,6,fsk32r62-r1/2,c32r62,9,1,0,data,ok,8,8,-4.3,9.3
mpp,-8.0,6,ack-4f,w,2,2,0,ctl,ok,0,0,-5.6,9.3
mpp,-8.0,6,fsk32r62-r1/2,c32r62,9,1,0,data,ctl_lost,8,6,-4.3,9.3
mpp,-8.0,6,ack-4f,w,3,3,0,ctl,ok,0,0,-6.5,9.3
mpp,-8.0,6,ack-4f,w,3,3,0,ctl,ok,0,0,-3.7,9.3
mpp,-8.0,6,fsk32r62-r1/2,c32r62,10,2,1,data,ok,8,8,-4.0,9.3
mpp,-8.0,6,ack-4f,w,3,3,,ctl,missed,0,0,,9.3
mpp,-8.0,6,ack-4f,w,3,3,0,ctl,ctl_lost,0,0,-9.4,9.3
mpp,-8.0,6,ack-4f,w,3,3,0,ctl,ok,0,0,-3.6,9.3
mpp,-8.0,6,ack-4f,w,3,3,0,ctl,ok,0,0,-3.9,9.3
mpp,-8.0,6,fsk32r62-r1/2,c32r62,10,2,1,data,ok,8,8,-4.6,9.3
mpp,-8.0,6,ack-4f,w,3,3,0,ctl,ok,0,0,-3.2,9.3
mpp,-8.0,6,fsk32r62-r1/2,c32r62,10,2,1,data,ok,8,7,-4.7,9.3
mpp,-8.0,7,qpsk-r1/5,w,1,1,0,ctl,ctl_lost,0,0,-5.8,7.7
mpp,-8.0,7,n4-qpsk-r1/3,n4,1,1,0,ctl,ok,0,0,-3.5,7.7
mpp,-8.0,7,n4-qpsk-r1/3,n4,1,1,0,ctl,ok,0,0,-8.6,7.7
mpp,-8.0,7,ack-4f,w,3,3,0,ctl,ok,0,0,-7.5,7.7
mpp,-8.0,7,n10-ack-4f,n10,3,3,0,ctl,ok,0,0,-4.8,7.7
mpp,-8.0,7,fsk32r62-r1/2,c32r62,10,2,,data,missed,0,0,,7.7
mpp,-8.0,7,ack-4f,w,2,2,0,ctl,ok,0,0,-3.6,7.7
mpp,-8.0,7,ack-4f,w,3,3,0,ctl,ok,0,0,-3.4,7.7
mpp,-8.0,7,fsk32r62-r1/2,c32r62,10,2,1,data,ok,8,8,-4.1,7.7
mpp,-8.0,7,ack-4f,w,3,3,0,ctl,ok,0,0,-5.0,7.7
mpp,-8.0,7,fsk32r62-r1/2,c32r62,10,2,1,data,ok,8,6,-4.4,7.7
mpp,-8.0,7,ack-4f,w,3,3,0,ctl,ok,0,0,-1.8,7.7
mpp,-8.0,7,fsk32r62-r1/2,c32r62,10,2,1,data,ok,6,5,-4.6,7.7
mpp,-8.0,7,ack-4f,w,3,3,,ctl,missed,0,0,,7.7
mpp,-8.0,7,ack-4f,w,3,3,0,ctl,ok,0,0,-1.4,7.7
mpp,-8.0,7,ack-4f,w,2,2,0,ctl,ok,0,0,-2.6,7.7
mpp,-8.0,7,fsk32r62-r1/2,c32r62,9,1,,data,missed,0,0,,7.7
mpp,-8.0,7,ack-4f,w,3,3,0,ctl,ok,0,0,-0.3,7.7
mpp,-8.0,7,ack-4f,w,3,3,0,ctl,ctl_lost,0,0,-9.4,7.7
mpp,-8.0,7,ack-4f,w,3,3,0,ctl,ok,0,0,-6.9,7.7
mpp,-8.0,7,ack-4f,w,2,2,0,ctl,ok,0,0,-2.9,7.7
mpp,-8.0,7,fsk32r62-r1/2,c32r62,9,1,0,data,ok,8,8,-4.6,7.7
mpp,-8.0,7,n4-ack-8f,n4,3,3,0,ctl,ok,0,0,-6.5,7.7
mpp,-8.0,7,fsk32r62-r1/2,c32r62,10,2,1,data,ok,8,8,-3.7,7.7
mpp,-8.0,7,n10-ack-4f,n10,2,2,,ctl,missed,0,0,,7.7
mpp,-8.0,7,ack-4f,w,3,3,0,ctl,ok,0,0,-9.7,7.7
mpp,-8.0,7,ack-4f,w,2,2,0,ctl,ok,0,0,-1.8,7.7
mpp,-8.0,7,fsk32r62-r1/2,c32r62,9,1,0,data,ok,8,8,-4.7,7.7
mpp,-8.0,7,n10-ack-4f,n10,2,2,0,ctl,ctl_lost,0,0,-7.1,7.7
mpp,-8.0,7,ack-4f,w,3,3,0,ctl,ok,0,0,-11.2,7.7
mpp,-8.0,7,ack-4f,w,3,3,0,ctl,ok,0,0,-3.5,7.7
mpp,-8.0,7,fsk32r62-r1/2,c32r62,10,2,1,data,ok,8,7,-3.9,7.7
mpp,-8.0,7,ack-4f,w,3,3,0,ctl,ok,0,0,-2.5,7.7
mpp,-8.0,7,fsk32r62-r1/2,c32r62,9,1,0,data,ok,7,7,-4.1,7.7
mpp,-8.0,7,ack-4f,w,2,2,0,ctl,ok,0,0,-4.9,7.7
mpp,-8.0,7,fsk32r62-r1/2,c32r62,9,1,0,data,ok,8,6,-4.9,7.7
mpp,-8.0,7,ack-4f,w,3,3,,ctl,missed,0,0,,7.7
mpp,-8.0,7,ack-4f,w,3,3,0,ctl,ok,0,0,-4.2,7.7
mpp,-8.0,7,ack-4f,w,3,3,0,ctl,ok,0,0,-0.9,7.7
mpp,-8.0,7,fsk32r62-r1/2,c32r62,9,1,0,data,ok,8,7,-4.6,7.7
mpp,-8.0,7,ack-4f,w,3,3,0,ctl,ok,0,0,-2.8,7.7
mpp,-8.0,7,fsk32r62-r1/2,c32r62,9,1,0,data,ok,7,7,-4.0,7.7
mpp,-8.0,7,ack-4f,w,2,2,0,ctl,ctl_lost,0,0,-7.6,7.7
mpp,-8.0,7,ack-4f,w,3,3,0,ctl,ctl_lost,0,0,-5.7,7.7
mpp,-8.0,7,ack-4f,w,3,3,0,ctl,ok,0,0,-5.6,7.7
mpp,-8.0,7,ack-4f,w,2,2,0,ctl,ok,0,0,-4.8,7.7
mpp,-8.0,7,fsk32r62-r1/2,c32r62,9,1,0,data,ctl_lost,8,8,-3.8,7.7
mpp,-8.0,7,ack-4f,w,3,3,0,ctl,ctl_lost,0,0,-12.4,7.7
mpp,-8.0,7,ack-4f,w,3,3,0,ctl,ctl_lost,0,0,-7.6,7.7
mpp,-8.0,7,ack-4f,w,3,3,0,ctl,ok,0,0,-2.0,7.7
mpp,-8.0,7,ack-4f,w,3,3,0,ctl,ok,0,0,-3.4,7.7
mpp,-8.0,7,fsk32r62-r1/2,c32r62,10,2,1,data,ok,8,7,-4.6,7.7
mpp,-8.0,7,n4-ack-8f,n4,3,3,0,ctl,ok,0,0,-6.6,7.7
mpp,-8.0,7,fsk32r62-r1/2,c32r62,10,2,1,data,ok,7,7,-4.5,7.7
mpp,-8.0,10,qpsk-r1/5,w,1,1,0,ctl,ctl_lost,0,0,-6.8,9.3
mpp,-8.0,10,n4-qpsk-r1/3,n4,1,1,0,ctl,ok,0,0,-7.0,9.3
mpp,-8.0,10,n4-qpsk-r1/3,n4,1,1,,ctl,missed,0,0,,9.3
mpp,-8.0,10,n4-qpsk-r1/3,n4,1,1,0,ctl,ok,0,0,-6.1,9.3
mpp,-8.0,10,n4-qpsk-r1/3,n4,1,1,0,ctl,ok,0,0,-4.8,9.3
mpp,-8.0,10,ack-4f,w,3,3,0,ctl,ok,0,0,-5.1,9.3
mpp,-8.0,10,n10-ack-4f,n10,3,3,0,ctl,ok,0,0,-3.1,9.3
mpp,-8.0,10,fsk32r62-r1/2,c32r62,10,2,1,data,ok,8,7,-4.7,9.3
mpp,-8.0,10,ack-4f,w,3,3,0,ctl,ok,0,0,-0.5,9.3
mpp,-8.0,10,fsk32r62-r1/2,c32r62,10,2,1,data,ok,7,6,-4.1,9.3
mpp,-8.0,10,ack-4f,w,3,3,0,ctl,ok,0,0,-2.0,9.3
mpp,-8.0,10,fsk32r62-r1/2,c32r62,10,2,1,data,ok,7,7,-3.9,9.3
mpp,-8.0,10,ack-4f,w,3,3,0,ctl,ok,0,0,-3.3,9.3
mpp,-8.0,10,fsk32r62-r1/2,c32r62,10,2,1,data,ok,8,5,-5.7,9.3
mpp,-8.0,10,ack-4f,w,3,3,,ctl,missed,0,0,,9.3
mpp,-8.0,10,ack-4f,w,3,3,0,ctl,ok,0,0,-4.8,9.3
mpp,-8.0,10,ack-4f,w,3,3,0,ctl,ok,0,0,-5.5,9.3
mpp,-8.0,10,fsk32r62-r1/2,c32r62,9,1,0,data,ok,8,5,-4.9,9.3
mpp,-8.0,10,ack-4f,w,3,3,0,ctl,ok,0,0,-3.7,9.3
mpp,-8.0,10,fsk32r62-r1/2,c32r62,10,2,1,data,ok,5,5,-4.3,9.3
mpp,-8.0,10,ack-4f,w,2,2,0,ctl,ok,0,0,-4.0,9.3
mpp,-8.0,10,fsk32r62-r1/2,c32r62,9,1,0,data,ok,8,7,-5.2,9.3
mpp,-8.0,10,ack-4f,w,3,3,0,ctl,ok,0,0,-4.8,9.3
mpp,-8.0,10,fsk32r62-r1/2,c32r62,10,2,1,data,ok,7,6,-4.7,9.3
mpp,-8.0,10,ack-4f,w,3,3,0,ctl,ok,0,0,-3.1,9.3
mpp,-8.0,10,fsk32r62-r1/2,c32r62,9,1,0,data,ctl_lost,7,5,-5.1,9.3
mpp,-8.0,10,ack-4f,w,3,3,0,ctl,ok,0,0,-5.6,9.3
mpp,-8.0,10,ack-4f,w,3,3,0,ctl,ok,0,0,-6.1,9.3
mpp,-8.0,10,fsk32r62-r1/2,c32r62,10,2,1,data,ok,7,7,-3.7,9.3
mpp,-8.0,10,ack-4f,w,3,3,0,ctl,ctl_lost,0,0,-7.7,9.3
mpp,-8.0,10,ack-4f,w,3,3,0,ctl,ok,0,0,-3.3,9.3
mpp,-8.0,10,ack-4f,w,3,3,0,ctl,ok,0,0,-3.7,9.3
mpp,-8.0,10,fsk32r62-r1/2,c32r62,10,2,1,data,ok,8,7,-4.6,9.3
mpp,-8.0,10,n4-ack-8f,n4,3,3,0,ctl,ok,0,0,-5.2,9.3
mpp,-8.0,10,fsk32r62-r1/2,c32r62,10,2,1,data,ok,7,6,-4.5,9.3
mpp,-8.0,10,n10-ack-4f,n10,3,3,0,ctl,ok,0,0,-5.0,9.3
mpp,-8.0,10,fsk32r62-r1/2,c32r62,10,2,1,data,ok,7,7,-5.2,9.3
mpp,-8.0,10,ack-4f,w,3,3,0,ctl,ctl_lost,0,0,-6.5,9.3
mpp,-8.0,10,ack-4f,w,3,3,0,ctl,ok,0,0,-3.6,9.3
mpp,-8.0,10,ack-4f,w,3,3,0,ctl,ok,0,0,-4.3,9.3
mpp,-8.0,10,fsk32r62-r1/2,c32r62,10,2,1,data,ok,8,8,-4.5,9.3
mpp,-8.0,10,n4-ack-8f,n4,2,2,0,ctl,ok,0,0,-2.6,9.3
mpp,-8.0,10,fsk32r62-r1/2,c32r62,9,1,0,data,ok,8,8,-4.1,9.3
mpp,-8.0,10,n10-ack-4f,n10,2,2,0,ctl,ok,0,0,-4.9,9.3
mpp,-8.0,10,fsk32r62-r1/2,c32r62,9,1,0,data,ctl_lost,8,7,-4.5,9.3
mpp,-8.0,10,ack-4f,w,3,3,0,ctl,ok,0,0,-4.4,9.3
mpp,-8.0,10,ack-4f,w,3,3,0,ctl,ok,0,0,-2.7,9.3
mpp,-8.0,10,fsk32r62-r1/2,c32r62,10,2,1,data,ok,8,7,-4.5,9.3
mpp,-6.0,0,qpsk-r1/5,w,1,1,0,ctl,ok,0,0,-0.5,0.0
mpp,-6.0,0,qpsk-r1/5,w,1,1,0,ctl,ctl_lost,0,0,-3.3,0.0
mpp,-6.0,0,n4-qpsk-r1/3,n4,1,1,,ctl,missed,0,0,,0.0
mpp,-6.0,0,n4-qpsk-r1/3,n4,1,1,0,ctl,ctl_lost,0,0,-3.7,0.0
mpp,-6.0,0,n4-qpsk-r1/3,n4,1,1,,ctl,missed,0,0,,0.0
mpp,-6.0,0,n4-qpsk-r1/3,n4,1,1,,ctl,missed,0,0,,0.0
mpp,-8.0,11,qpsk-r1/5,w,1,1,,ctl,missed,0,0,,8.5
mpp,-8.0,11,n4-qpsk-r1/3,n4,1,1,,ctl,missed,0,0,,8.5
mpp,-8.0,11,n4-qpsk-r1/3,n4,1,1,0,ctl,ok,0,0,-6.2,8.5
mpp,-8.0,11,n4-qpsk-r1/3,n4,1,1,0,ctl,ok,0,0,-4.3,8.5
mpp,-8.0,11,ack-4f,w,3,3,0,ctl,ok,0,0,-6.1,8.5
mpp,-8.0,11,n10-ack-4f,n10,3,3,0,ctl,ok,0,0,-4.9,8.5
mpp,-8.0,11,fsk32r62-r1/2,c32r62,10,2,1,data,ok,8,7,-5.3,8.5
mpp,-8.0,11,ack-4f,w,3,3,0,ctl,ctl_lost,0,0,-12.7,8.5
mpp,-8.0,11,ack-4f,w,3,3,0,ctl,ok,0,0,-4.7,8.5
mpp,-8.0,11,ack-4f,w,3,3,0,ctl,ctl_lost,0,0,-11.2,8.5
mpp,-8.0,11,ack-4f,w,3,3,0,ctl,ok,0,0,-2.4,8.5
mpp,-8.0,11,ack-4f,w,3,3,0,ctl,ok,0,0,-3.5,8.5
mpp,-8.0,11,fsk32r62-r1/2,c32r62,10,2,1,data,ok,8,8,-4.1,8.5
mpp,-8.0,11,n4-ack-8f,n4,3,3,0,ctl,ok,0,0,-5.6,8.5
mpp,-8.0,11,fsk32r62-r1/2,c32r62,10,2,1,data,ok,8,8,-4.1,8.5
mpp,-8.0,11,n10-ack-4f,n10,3,3,0,ctl,ok,0,0,-7.1,8.5
mpp,-8.0,11,fsk32r62-r1/2,c32r62,10,2,1,data,ok,8,8,-4.5,8.5
mpp,-8.0,11,n4-ack-8f,n4,3,3,,ctl,missed,0,0,,8.5
mpp,-8.0,11,ack-4f,w,3,3,,ctl,missed,0,0,,8.5
mpp,-8.0,11,ack-4f,w,3,3,0,ctl,ok,0,0,-1.8,8.5
mpp,-8.0,11,ack-4f,w,2,2,,ctl,missed,0,0,,8.5
mpp,-8.0,11,ack-4f,w,3,3,0,ctl,ok,0,0,-4.3,8.5
mpp,-8.0,11,ack-4f,w,2,2,0,ctl,ctl_lost,0,0,-9.6,8.5
mpp,-8.0,11,ack-4f,w,3,3,,ctl,missed,0,0,,8.5
mpp,-8.0,11,ack-4f,w,3,3,0,ctl,ctl_lost,0,0,-3.7,8.5
mpp,-8.0,11,ack-4f,w,3,3,0,ctl,ctl_lost,0,0,-4.9,8.5
mpp,-8.0,11,ack-4f,w,3,3,0,ctl,ok,0,0,-7.3,8.5
mpp,-8.0,11,ack-4f,w,3,3,0,ctl,ok,0,0,-2.5,8.5
mpp,-8.0,11,fsk32r62-r1/2,c32r62,10,2,1,data,ok,8,8,-5.1,8.5
mpp,-8.0,11,n10-ack-4f,n10,3,3,,ctl,missed,0,0,,8.5
mpp,-8.0,11,ack-4f,w,3,3,0,ctl,ok,0,0,-0.7,8.5
mpp,-8.0,11,ack-4f,w,2,2,0,ctl,ok,0,0,-1.3,8.5
mpp,-8.0,11,fsk32r62-r1/2,c32r62,9,1,0,data,ok,8,6,-4.7,8.5
mpp,-8.0,11,n10-ack-4f,n10,3,3,0,ctl,ctl_lost,0,0,-9.3,8.5
mpp,-8.0,11,ack-4f,w,3,3,0,ctl,ok,0,0,-2.9,8.5
mpp,-8.0,11,ack-4f,w,3,3,0,ctl,ok,0,0,-5.4,8.5
mpp,-8.0,11,fsk32r62-r1/2,c32r62,9,1,0,data,ok,8,7,-4.2,8.5
mpp,-8.0,11,n4-ack-8f,n4,3,3,,ctl,missed,0,0,,8.5
mpp,-8.0,11,ack-4f,w,3,3,,ctl,missed,0,0,,8.5
mpp,-8.0,11,ack-4f,w,3,3,0,ctl,ok,0,0,-2.0,8.5
mpp,-8.0,11,ack-4f,w,3,3,0,ctl,ok,0,0,-7.1,8.5
mpp,-8.0,11,fsk32r62-r1/2,c32r62,9,1,0,data,ok,8,8,-4.1,8.5
mpp,-8.0,11,n4-ack-8f,n4,2,2,0,ctl,ok,0,0,-8.8,8.5
mpp,-8.0,11,fsk32r62-r1/2,c32r62,9,1,0,data,ok,8,8,-4.2,8.5
mpp,-8.0,11,n4-ack-8f,n4,2,2,,ctl,missed,0,0,,8.5
mpp,-8.0,11,ack-4f,w,2,2,,ctl,missed,0,0,,8.5
mpp,-8.0,11,ack-4f,w,2,2,0,ctl,ok,0,0,-3.1,8.5
mpp,-8.0,11,ack-4f,w,2,2,0,ctl,ok,0,0,-5.8,8.5
mpp,-8.0,11,fsk32r62-r1/2,c32r62,9,1,0,data,ok,8,6,-4.7,8.5
mpp,-8.0,11,n4-ack-8f,n4,3,3,0,ctl,ok,0,0,-5.1,8.5
mpp,-8.0,11,fsk32r62-r1/2,c32r62,9,1,0,data,ok,6,6,-3.9,8.5
mpp,-8.0,11,n10-ack-4f,n10,2,2,0,ctl,ok,0,0,-4.7,8.5
mpp,-8.0,11,fsk32r62-r1/2,c32r62,9,1,0,data,ctl_lost,8,7,-4.6,8.5
mpp,-8.0,11,ack-4f,w,3,3,0,ctl,ok,0,0,-1.8,8.5
mpp,-8.0,11,ack-4f,w,2,2,,ctl,missed,0,0,,8.5
mpp,-8.0,11,ack-4f,w,3,3,0,ctl,ctl_lost,0,0,-4.4,8.5
mpp,-8.0,11,ack-4f,w,3,3,0,ctl,ok,0,0,-4.1,8.5
mpp,-8.0,11,ack-4f,w,3,3,0,ctl,ctl_lost,0,0,-11.3,8.5
mpp,-8.0,11,ack-4f,w,3,3,,ctl,missed,0,0,,8.5
mpp,-8.0,11,ack-4f,w,3,3,,ctl,missed,0,0,,8.5
mpp,-8.0,11,ack-4f,w,3,3,,ctl,missed,0,0,,8.5
mpp,-8.0,11,ack-4f,w,3,3,,ctl,missed,0,0,,8.5
mpp,-8.0,11,ack-4f,w,3,3,0,ctl,ok,0,0,-9.1,8.5
mpp,-8.0,11,ack-4f,w,3,3,0,ctl,ok,0,0,-5.5,8.5
mpp,-8.0,11,fsk32r62-r1/2,c32r62,10,2,1,data,ok,8,8,-4.9,8.5
mpp,-8.0,11,n4-ack-8f,n4,3,3,0,ctl,ok,0,0,-4.0,8.5
mpp,-8.0,11,fsk32r62-r1/2,c32r62,10,2,1,data,ok,8,7,-4.7,8.5
mpp,-8.0,8,qpsk-r1/5,w,1,1,,ctl,missed,0,0,,9.8
mpp,-8.0,8,n4-qpsk-r1/3,n4,1,1,0,ctl,ok,0,0,-4.1,9.8
mpp,-8.0,8,n4-qpsk-r1/3,n4,1,1,0,ctl,ok,0,0,-5.1,9.8
mpp,-8.0,8,ack-4f,w,3,3,0,ctl,ok,0,0,-4.7,9.8
mpp,-8.0,8,n10-ack-4f,n10,2,2,0,ctl,ok,0,0,-5.5,9.8
mpp,-8.0,8,fsk32r62-r1/2,c32r62,9,1,0,data,ok,8,6,-4.4,9.8
mpp,-8.0,8,ack-4f,w,3,3,0,ctl,ok,0,0,-1.3,9.8
mpp,-8.0,8,fsk32r62-r1/2,c32r62,10,2,1,data,ok,6,6,-4.5,9.8
mpp,-8.0,8,ack-4f,w,3,3,0,ctl,ok,0,0,-3.5,9.8
mpp,-8.0,8,fsk32r62-r1/2,c32r62,10,2,1,data,ok,8,7,-4.2,9.8
mpp,-8.0,8,ack-4f,w,3,3,0,ctl,ctl_lost,0,0,-8.2,9.8
mpp,-8.0,8,ack-4f,w,3,3,0,ctl,ok,0,0,-5.8,9.8
mpp,-8.0,8,ack-4f,w,3,3,0,ctl,ok,0,0,-5.1,9.8
mpp,-8.0,8,fsk32r62-r1/2,c32r62,10,2,1,data,ok,8,8,-4.3,9.8
mpp,-8.0,8,n4-ack-8f,n4,3,3,0,ctl,ok,0,0,-6.3,9.8
mpp,-8.0,8,fsk32r62-r1/2,c32r62,10,2,1,data,ok,8,7,-3.9,9.8
mpp,-8.0,8,n10-ack-4f,n10,3,3,0,ctl,ok,0,0,-2.9,9.8
mpp,-8.0,8,fsk32r62-r1/2,c32r62,9,1,0,data,ok,7,7,-4.5,9.8
mpp,-8.0,8,n10-ack-4f,n10,2,2,,ctl,missed,0,0,,9.8
mpp,-8.0,8,ack-4f,w,3,3,0,ctl,ok,0,0,-2.1,9.8
mpp,-8.0,8,ack-4f,w,2,2,,ctl,missed,0,0,,9.8
mpp,-8.0,8,ack-4f,w,3,3,0,ctl,ok,0,0,-6.6,9.8
mpp,-8.0,8,ack-4f,w,2,2,0,ctl,ok,0,0,-1.2,9.8
mpp,-8.0,8,fsk32r62-r1/2,c32r62,9,1,0,data,ok,8,6,-4.2,9.8
mpp,-8.0,8,n10-ack-4f,n10,3,3,0,ctl,ok,0,0,-3.5,9.8
mpp,-8.0,8,fsk32r62-r1/2,c32r62,9,1,0,data,ok,6,4,-4.6,9.8
mpp,-8.0,8,n10-ack-4f,n10,3,3,0,ctl,ok,0,0,-6.7,9.8
mpp,-8.0,8,fsk32r62-r1/2,c32r62,9,1,0,data,ok,6,5,-4.1,9.8
mpp,-8.0,8,n10-ack-4f,n10,3,3,0,ctl,ok,0,0,-5.0,9.8
mpp,-8.0,8,fsk32r62-r1/2,c32r62,9,1,0,data,ok,7,7,-3.5,9.8
mpp,-8.0,8,n10-ack-4f,n10,2,2,0,ctl,ok,0,0,-5.0,9.8
mpp,-8.0,8,fsk32r62-r1/2,c32r62,9,1,0,data,ok,8,8,-4.3,9.8
mpp,-8.0,8,n10-ack-4f,n10,2,2,,ctl,missed,0,0,,9.8
mpp,-8.0,8,ack-4f,w,3,3,0,ctl,ok,0,0,-5.7,9.8
mpp,-8.0,8,ack-4f,w,2,2,,ctl,missed,0,0,,9.8
mpp,-8.0,8,ack-4f,w,3,3,0,ctl,ok,0,0,-4.4,9.8
mpp,-8.0,8,ack-4f,w,2,2,0,ctl,ctl_lost,0,0,-7.3,9.8
mpp,-8.0,8,ack-4f,w,3,3,0,ctl,ok,0,0,-5.7,9.8
mpp,-8.0,8,ack-4f,w,2,2,0,ctl,ctl_lost,0,0,-8.6,9.8
mpp,-8.0,8,ack-4f,w,3,3,0,ctl,ok,0,0,-5.5,9.8
mpp,-8.0,8,ack-4f,w,2,2,0,ctl,ok,0,0,-2.4,9.8
mpp,-8.0,8,fsk32r62-r1/2,c32r62,9,1,0,data,ctl_lost,8,8,-4.4,9.8
mpp,-8.0,8,ack-4f,w,3,3,0,ctl,ok,0,0,-2.8,9.8
mpp,-8.0,8,ack-4f,w,3,3,0,ctl,ok,0,0,-3.7,9.8
mpp,-8.0,8,fsk32r62-r1/2,c32r62,10,2,1,data,ok,8,7,-4.6,9.8
mpp,-8.0,8,n10-ack-4f,n10,3,3,0,ctl,ok,0,0,-4.8,9.8
mpp,-8.0,8,fsk32r62-r1/2,c32r62,10,2,1,data,ok,7,7,-3.9,9.8
mpp,-8.0,8,n10-ack-4f,n10,3,3,,ctl,missed,0,0,,9.8
mpp,-8.0,8,ack-4f,w,3,3,0,ctl,ok,0,0,-3.1,9.8
mpp,-8.0,8,ack-4f,w,2,2,0,ctl,ok,0,0,-2.7,9.8
mpp,-8.0,8,fsk32r62-r1/2,c32r62,9,1,0,data,ok,8,8,-3.8,9.8
mpp,-8.0,8,n10-ack-4f,n10,2,2,,ctl,missed,0,0,,9.8
mpp,-8.0,8,ack-4f,w,3,3,0,ctl,ok,0,0,-7.3,9.8
mpp,-8.0,8,ack-4f,w,3,3,,ctl,missed,0,0,,9.8
mpp,-8.0,8,ack-4f,w,3,3,0,ctl,ok,0,0,-4.2,9.8
mpp,-8.0,8,ack-4f,w,3,3,,ctl,missed,0,0,,9.8
mpp,-8.0,8,ack-4f,w,3,3,,ctl,missed,0,0,,9.8
mpp,-8.0,8,ack-4f,w,3,3,0,ctl,ok,0,0,-3.8,9.8
mpp,-8.0,8,ack-4f,w,3,3,0,ctl,ok,0,0,-1.5,9.8
mpp,-8.0,8,fsk32r62-r1/2,c32r62,10,2,1,data,ok,8,8,-4.2,9.8
mpp,-6.0,1,qpsk-r1/5,w,1,1,0,ctl,ok,0,0,-1.1,12.8
mpp,-6.0,1,qpsk-r1/5,w,1,1,0,ctl,ok,0,0,-2.1,12.8
mpp,-6.0,1,ack-4f,w,3,3,0,ctl,ok,0,0,-4.4,12.8
mpp,-6.0,1,ack-4f,w,3,3,0,ctl,ok,0,0,-3.2,12.8
mpp,-6.0,1,fsk32r62-r1/2,c32r62,10,2,1,data,ok,8,8,-2.8,12.8
mpp,-6.0,1,ack-4f,w,2,2,,ctl,missed,0,0,,12.8
mpp,-6.0,1,ack-4f,w,3,3,0,ctl,ok,0,0,-1.5,12.8
mpp,-6.0,1,ack-4f,w,2,2,0,ctl,ok,0,0,-3.7,12.8
mpp,-6.0,1,fsk32r62-r1/2,c32r62,9,1,0,data,ok,8,8,-3.0,12.8
mpp,-6.0,1,ack-4f,w,2,2,0,ctl,ok,0,0,-0.8,12.8
mpp,-6.0,1,fsk32r62-r1/2,c32r62,9,1,0,data,ok,8,8,-3.0,12.8
mpp,-6.0,1,ack-4f,w,2,2,0,ctl,ok,0,0,-4.2,12.8
mpp,-6.0,1,fsk32r62-r1/2,c32r62,9,1,0,data,ok,8,8,-2.9,12.8
mpp,-6.0,1,ack-4f,w,2,2,0,ctl,ok,0,0,-4.6,12.8
mpp,-6.0,1,fsk32r62-r1/2,c32r62,9,1,0,data,ok,8,8,-2.6,12.8
mpp,-6.0,1,ack-4f,w,2,2,0,ctl,ok,0,0,-1.0,12.8
mpp,-6.0,1,fsk32r62-r1/2,c32r62,9,1,0,data,ok,8,8,-2.8,12.8
mpp,-6.0,1,ack-4f,w,2,2,0,ctl,ok,0,0,-6.1,12.8
mpp,-6.0,1,fsk32r62-r1/2,c32r62,9,1,0,data,ok,8,8,-2.6,12.8
mpp,-6.0,1,ack-4f,w,2,2,,ctl,missed,0,0,,12.8
mpp,-6.0,1,ack-4f,w,3,3,0,ctl,ok,0,0,-4.4,12.8
mpp,-6.0,1,ack-4f,w,2,2,0,ctl,ok,0,0,-1.4,12.8
mpp,-6.0,1,fsk32r62-r1/2,c32r62,9,1,0,data,ok,8,8,-3.3,12.8
mpp,-6.0,1,ack-4f,w,2,2,0,ctl,ok,0,0,-0.9,12.8
mpp,-6.0,1,fsk32r62-r1/2,c32r62,9,1,0,data,ok,8,7,-2.8,12.8
mpp,-6.0,1,ack-4f,w,3,3,0,ctl,ok,0,0,-8.1,12.8
mpp,-6.0,1,fsk32r62-r1/2,c32r62,9,1,0,data,ok,7,7,-2.2,12.8
mpp,-6.0,1,ack-4f,w,2,2,0,ctl,ok,0,0,-3.9,12.8
mpp,-6.0,1,fsk32r62-r1/2,c32r62,9,1,0,data,ok,8,8,-2.3,12.8
mpp,-6.0,1,ack-4f,w,2,2,,ctl,missed,0,0,,12.8
mpp,-6.0,1,ack-4f,w,3,3,0,ctl,ctl_lost,0,0,-8.1,12.8
mpp,-6.0,1,ack-4f,w,3,3,0,ctl,ctl_lost,0,0,-5.8,12.8
mpp,-6.0,1,ack-4f,w,3,3,0,ctl,ok,0,0,-2.3,12.8
mpp,-6.0,1,ack-4f,w,2,2,0,ctl,ok,0,0,-2.4,12.8
mpp,-6.0,1,fsk32r62-r1/2,c32r62,9,1,0,data,ok,8,8,-2.8,12.8
mpp,-6.0,1,ack-4f,w,2,2,0,ctl,ok,0,0,-2.0,12.8
mpp,-6.0,1,fsk32r62-r1/2,c32r62,9,1,0,data,ok,8,7,-3.0,12.8
mpp,-6.0,1,ack-4f,w,3,3,0,ctl,ok,0,0,-2.7,12.8
mpp,-6.0,1,fsk32r62-r1/2,c32r62,9,1,0,data,ok,7,7,-2.9,12.8
mpp,-6.0,1,ack-4f,w,2,2,0,ctl,ok,0,0,-1.9,12.8
mpp,-6.0,1,fsk32r62-r1/2,c32r62,9,1,0,data,ok,8,8,-2.5,12.8
mpp,-6.0,1,ack-4f,w,2,2,0,ctl,ok,0,0,-0.7,12.8
mpp,-6.0,1,fsk32r62-r1/2,c32r62,9,1,0,data,ok,8,8,-2.7,12.8
mpp,-6.0,1,ack-4f,w,2,2,0,ctl,ok,0,0,-2.1,12.8
mpp,-6.0,1,fsk32r62-r1/2,c32r62,9,1,0,data,ok,8,8,-2.7,12.8
mpp,-6.0,1,ack-4f,w,2,2,0,ctl,ok,0,0,-2.8,12.8
mpp,-6.0,1,fsk32r62-r1/2,c32r62,9,1,0,data,ok,8,8,-3.2,12.8
mpp,-6.0,2,qpsk-r1/5,w,1,1,0,ctl,ctl_lost,0,0,-3.5,10.2
mpp,-6.0,2,n4-qpsk-r1/3,n4,1,1,0,ctl,ok,0,0,-2.6,10.2
mpp,-6.0,2,n4-qpsk-r1/3,n4,1,1,0,ctl,ok,0,0,-3.1,10.2
mpp,-6.0,2,ack-4f,w,3,3,0,ctl,ok,0,0,-1.8,10.2
mpp,-6.0,2,n10-ack-4f,n10,3,3,0,ctl,ok,0,0,-5.4,10.2
mpp,-6.0,2,qpsk-r1/5,w,9,2,1,data,ok,7,4,-3.1,10.2
mpp,-6.0,2,ack-4f,w,3,3,0,ctl,ok,0,0,-2.5,10.2
mpp,-6.0,2,qpsk-r1/5,w,9,2,1,data,ok,4,0,-4.7,10.2
mpp,-6.0,2,ack-4f,w,3,3,0,ctl,ok,0,0,-2.9,10.2
mpp,-6.0,2,fsk32r62-r1/2,c32r62,10,2,1,data,ok,8,8,-2.5,10.2
mpp,-6.0,2,ack-4f,w,3,3,0,ctl,ok,0,0,-3.1,10.2
mpp,-6.0,2,qpsk-r1/5,w,9,2,1,data,ok,7,0,-4.7,10.2
mpp,-6.0,2,ack-4f,w,3,3,0,ctl,ok,0,0,-4.8,10.2
mpp,-6.0,2,fsk32r62-r1/2,c32r62,10,2,1,data,ok,8,7,-2.7,10.2
mpp,-6.0,2,ack-4f,w,3,3,0,ctl,ok,0,0,-3.4,10.2
mpp,-6.0,2,fsk32r62-r1/2,c32r62,9,1,0,data,ok,7,7,-2.9,10.2
mpp,-6.0,2,ack-4f,w,2,2,0,ctl,ok,0,0,-2.0,10.2
mpp,-6.0,2,fsk32r62-r1/2,c32r62,9,1,0,data,ok,8,8,-1.8,10.2
mpp,-6.0,2,ack-4f,w,3,3,0,ctl,ok,0,0,-3.5,10.2
mpp,-6.0,2,qpsk-r1/5,w,9,2,1,data,ok,7,0,-4.2,10.2
mpp,-6.0,2,ack-4f,w,2,2,0,ctl,ok,0,0,-1.3,10.2
mpp,-6.0,2,fsk32r62-r1/2,c32r62,9,1,0,data,ok,8,8,-2.4,10.2
mpp,-6.0,2,ack-4f,w,2,2,0,ctl,ok,0,0,-3.6,10.2
mpp,-6.0,2,fsk32r62-r1/2,c32r62,9,1,,data,missed,0,0,,10.2
mpp,-6.0,2,ack-4f,w,3,3,0,ctl,ok,0,0,-1.8,10.2
mpp,-6.0,2,ack-4f,w,3,3,0,ctl,ok,0,0,-2.8,10.2
mpp,-6.0,2,qpsk-r1/3,w,9,2,1,data,ctl_lost,7,0,-3.5,10.2
mpp,-6.0,2,ack-4f,w,4,4,0,ctl,ok,0,0,-1.0,10.2
mpp,-6.0,2,ack-4f,w,2,2,0,ctl,ok,0,0,-3.1,10.2
mpp,-6.0,2,fsk32r62-r1/2,c32r62,9,1,0,data,ok,8,8,-2.4,10.2
mpp,-6.0,2,ack-4f,w,2,2,0,ctl,ok,0,0,-3.1,10.2
mpp,-6.0,2,fsk32r62-r1/2,c32r62,9,1,0,data,ok,8,8,-2.3,10.2
mpp,-6.0,2,ack-4f,w,2,2,0,ctl,ok,0,0,-0.6,10.2
mpp,-6.0,2,fsk32r62-r1/2,c32r62,9,1,0,data,ctl_lost,8,8,-2.1,10.2
mpp,-6.0,2,ack-4f,w,3,3,0,ctl,ok,0,0,-1.9,10.2
mpp,-6.0,2,ack-4f,w,3,3,0,ctl,ok,0,0,-0.1,10.2
mpp,-6.0,2,fsk32r62-r1/2,c32r62,10,2,1,data,ok,8,8,-2.4,10.2
mpp,-6.0,2,ack-4f,w,3,3,0,ctl,ok,0,0,-4.8,10.2
mpp,-6.0,2,fsk32r62-r1/2,c32r62,10,2,1,data,ok,8,8,-2.4,10.2
mpp,-6.0,2,ack-4f,w,2,2,0,ctl,ok,0,0,-2.5,10.2
mpp,-6.0,2,fsk32r62-r1/2,c32r62,9,1,0,data,ok,8,8,-2.0,10.2
mpp,-6.0,2,ack-4f,w,2,2,0,ctl,ok,0,0,-2.8,10.2
mpp,-6.0,2,fsk32r62-r1/2,c32r62,9,1,0,data,ok,8,8,-2.1,10.2
mpp,-6.0,2,ack-4f,w,2,2,0,ctl,ok,0,0,1.7,10.2
mpp,-6.0,2,fsk32r62-r1/2,c32r62,9,1,0,data,ok,8,8,-2.1,10.2
mpp,-6.0,2,ack-4f,w,2,2,0,ctl,ok,0,0,-1.5,10.2
mpp,-6.0,2,fsk32r62-r1/2,c32r62,9,1,0,data,ok,8,8,-2.5,10.2
mpp,-6.0,2,ack-4f,w,2,2,0,ctl,ok,0,0,-1.6,10.2
mpp,-6.0,2,fsk32r62-r1/2,c32r62,9,1,0,data,ok,8,8,-2.9,10.2
mpp,-6.0,3,qpsk-r1/5,w,1,1,0,ctl,ctl_lost,0,0,-4.9,9.8
mpp,-6.0,3,n4-qpsk-r1/3,n4,1,1,0,ctl,ok,0,0,-3.5,9.8
mpp,-6.0,3,n4-qpsk-r1/3,n4,1,1,0,ctl,ok,0,0,-5.9,9.8
mpp,-6.0,3,ack-4f,w,3,3,0,ctl,ok,0,0,-5.4,9.8
mpp,-6.0,3,n10-ack-4f,n10,2,2,0,ctl,ok,0,0,-2.8,9.8
mpp,-6.0,3,fsk32r62-r1/2,c32r62,9,1,0,data,ok,8,8,-3.3,9.8
mpp,-6.0,3,ack-4f,w,3,3,0,ctl,ok,0,0,-0.7,9.8
mpp,-6.0,3,fsk32r62-r1/2,c32r62,10,2,1,data,ok,8,8,-1.8,9.8
mpp,-6.0,3,ack-4f,w,2,2,0,ctl,ok,0,0,0.7,9.8
mpp,-6.0,3,fsk32r62-r1/2,c32r62,9,1,0,data,ok,8,8,-2.6,9.8
mpp,-6.0,3,ack-4f,w,2,2,0,ctl,ok,0,0,-0.4,9.8
mpp,-6.0,3,fsk32r62-r1/2,c32r62,9,1,0,data,ok,8,8,-2.3,9.8
mpp,-6.0,3,ack-4f,w,2,2,0,ctl,ok,0,0,0.6,9.8
mpp,-6.0,3,fsk32r62-r1/2,c32r62,9,1,,data,missed,0,0,,9.8
mpp,-6.0,3,ack-4f,w,3,3,0,ctl,ok,0,0,-3.4,9.8
mpp,-6.0,3,ack-4f,w,2,2,0,ctl,ok,0,0,-1.9,9.8
mpp,-6.0,3,fsk32r62-r1/2,c32r62,9,1,0,data,ok,8,8,-2.4,9.8
mpp,-6.0,3,ack-4f,w,2,2,0,ctl,ok,0,0,-1.9,9.8
mpp,-6.0,3,fsk32r62-r1/2,c32r62,9,1,0,data,ctl_lost,8,8,-3.6,9.8
mpp,-6.0,3,ack-4f,w,2,2,0,ctl,ok,0,0,-2.6,9.8
mpp,-6.0,3,ack-4f,w,3,3,0,ctl,ok,0,0,-3.7,9.8
mpp,-6.0,3,fsk32r62-r1/2,c32r62,10,2,1,data,ok,8,8,-3.2,9.8
mpp,-6.0,3,ack-4f,w,3,3,0,ctl,ok,0,0,-1.3,9.8
mpp,-6.0,3,fsk32r62-r1/2,c32r62,10,2,1,data,ok,8,8,-2.8,9.8
mpp,-6.0,3,ack-4f,w,3,3,0,ctl,ctl_lost,0,0,-8.4,9.8
mpp,-6.0,3,ack-4f,w,3,3,0,ctl,ok,0,0,-1.6,9.8
mpp,-6.0,3,ack-4f,w,2,2,0,ctl,ok,0,0,-2.6,9.8
mpp,-6.0,3,fsk32r62-r1/2,c32r62,9,1,0,data,ok,8,8,-2.6,9.8
mpp,-6.0,3,n4-ack-8f,n4,3,3,0,ctl,ok,0,0,-4.3,9.8
mpp,-6.0,3,fsk32r62-r1/2,c32r62,10,2,1,data,ok,8,8,-2.6,9.8
mpp,-6.0,3,n10-ack-4f,n10,2,2,0,ctl,ok,0,0,-5.6,9.8
mpp,-6.0,3,fsk32r62-r1/2,c32r62,9,1,0,data,ok,8,8,-1.9,9.8
mpp,-6.0,3,n10-ack-4f,n10,2,2,,ctl,missed,0,0,,9.8
mpp,-6.0,3,ack-4f,w,3,3,,ctl,missed,0,0,,9.8
mpp,-6.0,3,ack-4f,w,3,3,0,ctl,ok,0,0,-4.7,9.8
mpp,-6.0,3,ack-4f,w,2,2,0,ctl,ok,0,0,-2.2,9.8
mpp,-6.0,3,fsk32r62-r1/2,c32r62,9,1,0,data,ok,8,8,-2.5,9.8
mpp,-6.0,3,ack-4f,w,2,2,0,ctl,ok,0,0,-0.2,9.8
mpp,-6.0,3,fsk32r62-r1/2,c32r62,9,1,0,data,ctl_lost,8,8,-2.6,9.8
mpp,-6.0,3,ack-4f,w,3,3,0,ctl,ok,0,0,-1.1,9.8
mpp,-6.0,3,ack-4f,w,3,3,0,ctl,ctl_lost,0,0,-6.7,9.8
mpp,-6.0,3,ack-4f,w,3,3,0,ctl,ok,0,0,-2.1,9.8
mpp,-6.0,3,ack-4f,w,3,3,,ctl,missed,0,0,,9.8
mpp,-6.0,3,ack-4f,w,3,3,0,ctl,ok,0,0,-4.1,9.8
mpp,-6.0,3,ack-4f,w,3,3,0,ctl,ok,0,0,-2.0,9.8
mpp,-6.0,3,qpsk-r1/5,w,9,2,1,data,ok,7,1,-3.3,9.8
mpp,-6.0,3,n10-ack-4f,n10,3,3,0,ctl,ok,0,0,-3.9,9.8
mpp,-6.0,3,qpsk-r1/5,w,9,2,1,data,ok,1,1,-1.9,9.8
mpp,-6.0,3,n10-ack-4f,n10,3,3,0,ctl,ok,0,0,-3.0,9.8
mpp,-6.0,3,qpsk-r1/5,w,9,2,1,data,ok,7,3,-3.0,9.8
mpp,-6.0,3,n10-ack-4f,n10,3,3,0,ctl,ok,0,0,-6.7,9.8
mpp,-6.0,3,qpsk-r1/5,w,9,2,1,data,ok,3,2,-3.0,9.8
mpp,-6.0,3,n10-ack-4f,n10,3,3,0,ctl,ok,0,0,-3.8,9.8
mpp,-6.0,3,qpsk-r1/5,w,9,2,1,data,ok,6,5,-2.7,9.8
mpp,-6.0,3,n10-ack-4f,n10,3,3,,ctl,missed,0,0,,9.8
mpp,-6.0,3,ack-4f,w,3,3,0,ctl,ok,0,0,-3.0,9.8
mpp,-6.0,3,ack-4f,w,3,3,0,ctl,ok,0,0,-3.0,9.8
mpp,-6.0,3,qpsk-r1/5,w,9,2,1,data,ok,7,0,-3.6,9.8
mpp,-6.0,6,qpsk-r1/5,w,1,1,0,ctl,ok,0,0,-1.3,12.8
mpp,-6.0,6,qpsk-r1/5,w,1,1,0,ctl,ok,0,0,-2.7,12.8
mpp,-6.0,6,ack-4f,w,3,3,,ctl,missed,0,0,,12.8
mpp,-6.0,6,ack-4f,w,3,3,0,ctl,ok,0,0,-2.1,12.8
mpp,-6.0,6,ack-4f,w,2,2,0,ctl,ok,0,0,-1.9,12.8
mpp,-6.0,6,fsk32r62-r1/2,c32r62,9,1,0,data,ok,8,8,-2.6,12.8
mpp,-6.0,6,ack-4f,w,2,2,0,ctl,ok,0,0,0.9,12.8
mpp,-6.0,6,fsk32r62-r1/2,c32r62,9,1,0,data,ok,8,8,-3.0,12.8
mpp,-6.0,6,ack-4f,w,2,2,0,ctl,ok,0,0,-6.6,12.8
mpp,-6.0,6,fsk32r62-r1/2,c32r62,9,1,0,data,ok,8,8,-2.9,12.8
mpp,-6.0,6,ack-4f,w,2,2,0,ctl,ctl_lost,0,0,-6.7,12.8
mpp,-6.0,6,ack-4f,w,3,3,0,ctl,ok,0,0,-3.7,12.8
mpp,-6.0,6,ack-4f,w,2,2,0,ctl,ok,0,0,-1.1,12.8
mpp,-6.0,6,fsk32r62-r1/2,c32r62,9,1,0,data,ok,8,8,-2.8,12.8
mpp,-6.0,6,polar-k96-f8,w,1,1,0,ctl,ok,0,0,-2.4,12.8
mpp,-6.0,6,fsk32r62-r1/2,c32r62,9,1,0,data,ok,8,8,-2.0,12.8
mpp,-6.0,6,n10-ack-4f,n10,2,2,0,ctl,ok,0,0,-4.2,12.8
mpp,-6.0,6,fsk32r62-r1/2,c32r62,9,1,0,data,ok,8,8,-1.7,12.8
mpp,-6.0,6,ack-4f,w,2,2,0,ctl,ok,0,0,-2.5,12.8
mpp,-6.0,6,fsk32r62-r1/2,c32r62,9,1,0,data,ok,8,8,-2.6,12.8
mpp,-6.0,6,ack-4f,w,2,2,0,ctl,ok,0,0,-3.7,12.8
mpp,-6.0,6,fsk32r62-r1/2,c32r62,9,1,0,data,ok,8,8,-2.9,12.8
mpp,-6.0,6,n10-ack-4f,n10,2,2,0,ctl,ok,0,0,-3.2,12.8
mpp,-6.0,6,fsk32r62-r1/2,c32r62,9,1,0,data,ok,8,8,-3.9,12.8
mpp,-6.0,6,ack-4f,w,2,2,0,ctl,ok,0,0,-4.6,12.8
mpp,-6.0,6,fsk32r62-r1/2,c32r62,9,1,0,data,ok,8,8,-2.5,12.8
mpp,-6.0,6,n10-ack-4f,n10,2,2,0,ctl,ctl_lost,0,0,-10.9,12.8
mpp,-6.0,6,ack-4f,w,3,3,0,ctl,ok,0,0,-2.6,12.8
mpp,-6.0,6,ack-4f,w,2,2,0,ctl,ok,0,0,-2.1,12.8
mpp,-6.0,6,fsk32r62-r1/2,c32r62,9,1,0,data,ok,8,8,-2.5,12.8
mpp,-6.0,6,ack-4f,w,2,2,,ctl,missed,0,0,,12.8
mpp,-6.0,6,ack-4f,w,3,3,0,ctl,ok,0,0,0.3,12.8
mpp,-6.0,6,ack-4f,w,2,2,0,ctl,ok,0,0,-4.9,12.8
mpp,-6.0,6,fsk32r62-r1/2,c32r62,9,1,0,data,ok,8,7,-3.0,12.8
mpp,-6.0,6,ack-4f,w,2,2,0,ctl,ok,0,0,-15.3,12.8
mpp,-6.0,6,fsk32r62-r1/2,c32r62,9,1,0,data,ok,7,7,-2.2,12.8
mpp,-6.0,6,n4-ack-8f,n4,2,2,0,ctl,ok,0,0,-5.3,12.8
mpp,-6.0,6,fsk32r62-r1/2,c32r62,9,1,0,data,ok,8,8,-2.5,12.8
mpp,-6.0,6,ack-4f,w,2,2,0,ctl,ok,0,0,-3.1,12.8
mpp,-6.0,6,fsk32r62-r1/2,c32r62,9,1,0,data,ok,8,8,-2.4,12.8
mpp,-6.0,6,ack-4f,w,2,2,0,ctl,ok,0,0,-3.7,12.8
mpp,-6.0,6,fsk32r62-r1/2,c32r62,9,1,0,data,ok,8,8,-2.1,12.8
mpp,-6.0,6,ack-4f,w,2,2,0,ctl,ok,0,0,0.7,12.8
mpp,-6.0,6,fsk32r62-r1/2,c32r62,9,1,0,data,ok,8,8,-2.6,12.8
mpp,-6.0,6,ack-4f,w,2,2,0,ctl,ok,0,0,0.4,12.8
mpp,-6.0,6,fsk32r62-r1/2,c32r62,9,1,0,data,ok,8,8,-3.3,12.8
mpp,-6.0,4,qpsk-r1/5,w,1,1,0,ctl,ok,0,0,1.7,11.9
mpp,-6.0,4,qpsk-r1/5,w,1,1,0,ctl,ok,0,0,-1.6,11.9
mpp,-6.0,4,ack-4f,w,3,3,0,ctl,ok,0,0,1.2,11.9
mpp,-6.0,4,ack-4f,w,3,3,0,ctl,ok,0,0,-3.8,11.9
mpp,-6.0,4,qpsk-r1/5,w,9,2,1,data,ok,7,0,-3.2,11.9
mpp,-6.0,4,ack-4f,w,3,3,0,ctl,ok,0,0,-3.6,11.9
mpp,-6.0,4,qpsk-r1/5,w,9,2,1,data,ok,0,0,-3.0,11.9
mpp,-6.0,4,ack-4f,w,3,3,0,ctl,ok,0,0,-1.0,11.9
mpp,-6.0,4,qpsk-r1/5,w,9,2,1,data,ok,7,0,-3.8,11.9
mpp,-6.0,4,ack-4f,w,2,2,0,ctl,ok,0,0,-4.8,11.9
mpp,-6.0,4,fsk32r62-r1/2,c32r62,9,1,0,data,ok,8,8,-2.7,11.9
mpp,-6.0,4,ack-4f,w,2,2,,ctl,missed,0,0,,11.9
mpp,-6.0,4,ack-4f,w,4,4,0,ctl,ok,0,0,-0.2,11.9
mpp,-6.0,4,ack-4f,w,2,2,0,ctl,ok,0,0,-0.1,11.9
mpp,-6.0,4,fsk32r62-r1/2,c32r62,9,1,0,data,ok,8,8,-2.9,11.9
mpp,-6.0,4,ack-4f,w,2,2,0,ctl,ok,0,0,-3.9,11.9
mpp,-6.0,4,fsk32r62-r1/2,c32r62,9,1,0,data,ok,8,7,-2.8,11.9
mpp,-6.0,4,ack-4f,w,3,3,0,ctl,ok,0,0,-1.1,11.9
mpp,-6.0,4,fsk32r62-r1/2,c32r62,9,1,0,data,ok,7,7,-2.8,11.9
mpp,-6.0,4,ack-4f,w,2,2,0,ctl,ok,0,0,-6.4,11.9
mpp,-6.0,4,fsk32r62-r1/2,c32r62,9,1,0,data,ok,8,8,-2.9,11.9
mpp,-6.0,4,ack-4f,w,2,2,0,ctl,ok,0,0,-1.9,11.9
mpp,-6.0,4,fsk32r62-r1/2,c32r62,9,1,0,data,ok,8,8,-2.1,11.9
mpp,-6.0,4,ack-4f,w,2,2,0,ctl,ok,0,0,-2.9,11.9
mpp,-6.0,4,fsk32r62-r1/2,c32r62,9,1,0,data,ok,8,8,-2.3,11.9
mpp,-6.0,4,ack-4f,w,2,2,0,ctl,ok,0,0,-1.2,11.9
mpp,-6.0,4,fsk32r62-r1/2,c32r62,9,1,0,data,ok,8,8,-2.9,11.9
mpp,-6.0,4,ack-4f,w,2,2,0,ctl,ok,0,0,-0.8,11.9
mpp,-6.0,4,fsk32r62-r1/2,c32r62,9,1,0,data,ok,8,8,-2.6,11.9
mpp,-6.0,4,ack-4f,w,2,2,0,ctl,ok,0,0,-2.6,11.9
mpp,-6.0,4,fsk32r62-r1/2,c32r62,9,1,0,data,ok,8,8,-3.0,11.9
mpp,-6.0,4,ack-4f,w,2,2,0,ctl,ok,0,0,-4.7,11.9
mpp,-6.0,4,fsk32r62-r1/2,c32r62,9,1,0,data,ok,8,8,-2.9,11.9
mpp,-6.0,4,ack-4f,w,2,2,0,ctl,ok,0,0,-0.2,11.9
mpp,-6.0,4,fsk32r62-r1/2,c32r62,9,1,0,data,ok,8,8,-2.4,11.9
mpp,-6.0,4,ack-4f,w,2,2,0,ctl,ok,0,0,-3.6,11.9
mpp,-6.0,4,fsk32r62-r1/2,c32r62,9,1,0,data,ok,8,8,-2.3,11.9
mpp,-6.0,4,ack-4f,w,2,2,0,ctl,ok,0,0,-3.8,11.9
mpp,-6.0,4,fsk32r62-r1/2,c32r62,9,1,0,data,ok,8,8,-1.9,11.9
mpp,-6.0,4,ack-4f,w,2,2,0,ctl,ok,0,0,-1.0,11.9
mpp,-6.0,4,fsk32r62-r1/2,c32r62,9,1,0,data,ctl_lost,8,8,-3.3,11.9
mpp,-6.0,4,ack-4f,w,3,3,0,ctl,ok,0,0,-2.2,11.9
mpp,-6.0,4,ack-4f,w,3,3,0,ctl,ok,0,0,-2.0,11.9
mpp,-6.0,4,fsk32r62-r1/2,c32r62,10,2,1,data,ok,8,8,-1.7,11.9
mpp,-6.0,4,ack-4f,w,3,3,0,ctl,ok,0,0,-2.0,11.9
mpp,-6.0,4,qpsk-r1/5,w,9,2,1,data,ok,7,0,-2.3,11.9
mpp,-6.0,4,ack-4f,w,2,2,0,ctl,ok,0,0,0.6,11.9
mpp,-6.0,4,fsk32r62-r1/2,c32r62,9,1,0,data,ok,8,8,-2.8,11.9
mpp,-6.0,5,qpsk-r1/5,w,1,1,0,ctl,ctl_lost,0,0,-0.8,11.1
mpp,-6.0,5,n4-qpsk-r1/3,n4,1,1,0,ctl,ok,0,0,-3.1,11.1
mpp,-6.0,5,n4-qpsk-r1/3,n4,1,1,0,ctl,ok,0,0,-0.7,11.1
mpp,-6.0,5,ack-4f,w,3,3,0,ctl,ok,0,0,-2.9,11.1
mpp,-6.0,5,ack-4f,w,2,2,0,ctl,ok,0,0,0.1,11.1
mpp,-6.0,5,fsk32r62-r1/2,c32r62,9,1,0,data,ok,8,8,-2.4,11.1
mpp,-6.0,5,ack-4f,w,2,2,0,ctl,ok,0,0,-2.9,11.1
mpp,-6.0,5,fsk32r62-r1/2,c32r62,9,1,0,data,ok,8,7,-3.1,11.1
mpp,-6.0,5,ack-4f,w,3,3,0,ctl,ok,0,0,-1.3,11.1
mpp,-6.0,5,fsk32r62-r1/2,c32r62,10,2,1,data,ok,7,7,-3.3,11.1
mpp,-6.0,5,ack-4f,w,3,3,0,ctl,ok,0,0,-1.5,11.1
mpp,-6.0,5,fsk32r62-r1/2,c32r62,10,2,1,data,ok,8,8,-2.4,11.1
mpp,-6.0,5,ack-4f,w,2,2,0,ctl,ok,0,0,-7.7,11.1
mpp,-6.0,5,fsk32r62-r1/2,c32r62,9,1,0,data,ok,8,8,-3.2,11.1
mpp,-6.0,5,ack-4f,w,2,2,0,ctl,ctl_lost,0,0,-5.8,11.1
mpp,-6.0,5,ack-4f,w,3,3,0,ctl,ctl_lost,0,0,-7.1,11.1
mpp,-6.0,5,ack-4f,w,3,3,,ctl,missed,0,0,,11.1
mpp,-6.0,5,ack-4f,w,3,3,0,ctl,ok,0,0,0.1,11.1
mpp,-6.0,5,ack-4f,w,3,3,0,ctl,ok,0,0,-4.7,11.1
mpp,-6.0,5,qpsk-r1/5,w,9,2,1,data,ok,7,5,-2.5,11.1
mpp,-6.0,5,n4-ack-8f,n4,3,3,0,ctl,ok,0,0,-5.6,11.1
mpp,-6.0,5,qpsk-r1/5,w,9,2,1,data,ok,5,2,-2.7,11.1
mpp,-6.0,5,ack-4f,w,3,3,0,ctl,ok,0,0,-4.4,11.1
mpp,-6.0,5,qpsk-r1/5,w,9,2,1,data,ok,4,4,-2.3,11.1
mpp,-6.0,5,n4-ack-8f,n4,3,3,0,ctl,ok,0,0,-5.4,11.1
mpp,-6.0,5,qpsk-r1/5,w,9,2,1,data,ok,7,7,-2.7,11.1
mpp,-6.0,5,ack-4f,w,3,3,,ctl,missed,0,0,,11.1
mpp,-6.0,5,ack-4f,w,2,2,0,ctl,ok,0,0,-1.3,11.1
mpp,-6.0,5,ack-4f,w,3,3,0,ctl,ctl_lost,0,0,-9.3,11.1
mpp,-6.0,5,ack-4f,w,3,3,0,ctl,ok,0,0,-5.6,11.1
mpp,-6.0,5,ack-4f,w,3,3,,ctl,missed,0,0,,11.1
mpp,-6.0,5,ack-4f,w,3,3,0,ctl,ok,0,0,-1.4,11.1
mpp,-6.0,5,ack-4f,w,3,3,0,ctl,ok,0,0,-2.7,11.1
mpp,-6.0,5,qpsk-r1/5,w,9,2,1,data,ok,7,7,-2.6,11.1
mpp,-6.0,5,n4-ack-8f,n4,3,3,0,ctl,ok,0,0,-5.5,11.1
mpp,-6.0,5,qpsk-r1/5,w,9,2,1,data,ok,7,7,-0.9,11.1
mpp,-6.0,5,ack-4f,w,2,2,0,ctl,ok,0,0,-2.0,11.1
mpp,-6.0,5,qpsk-r1/5,w,9,1,0,data,ok,8,5,-2.5,11.1
mpp,-6.0,5,ack-4f,w,3,3,0,ctl,ok,0,0,-1.8,11.1
mpp,-6.0,5,qpsk-r1/5,w,9,1,0,data,ctl_lost,5,0,-5.3,11.1
mpp,-6.0,5,ack-4f,w,3,3,0,ctl,ok,0,0,-1.4,11.1
mpp,-6.0,5,ack-4f,w,3,3,0,ctl,ok,0,0,-5.1,11.1
mpp,-6.0,5,qpsk-r1/5,w,9,2,1,data,ok,4,0,-4.4,11.1
mpp,-6.0,5,ack-4f,w,3,3,0,ctl,ok,0,0,-4.5,11.1
mpp,-6.0,5,qpsk-r1/5,w,9,2,1,data,ok,3,0,-3.0,11.1
mpp,-6.0,5,ack-4f,w,3,3,0,ctl,ok,0,0,-1.7,11.1
mpp,-6.0,5,qpsk-r1/5,w,9,2,1,data,ok,4,4,-2.0,11.1
mpp,-6.0,5,ack-4f,w,3,3,,ctl,missed,0,0,,11.1
mpp,-6.0,5,ack-4f,w,3,3,0,ctl,ok,0,0,-4.1,11.1
mpp,-6.0,5,ack-4f,w,3,3,0,ctl,ok,0,0,-2.5,11.1
mpp,-6.0,5,qpsk-r1/5,w,9,2,1,data,ok,7,7,-2.5,11.1
mpp,-6.0,5,ack-4f,w,3,3,0,ctl,ctl_lost,0,0,-4.7,11.1
mpp,-6.0,5,ack-4f,w,3,3,0,ctl,ok,0,0,-2.5,11.1
mpp,-6.0,5,ack-4f,w,2,2,0,ctl,ok,0,0,-4.7,11.1
mpp,-6.0,5,qpsk-r1/5,w,9,1,0,data,ctl_lost,8,0,-2.3,11.1
mpp,-6.0,5,ack-4f,w,3,3,0,ctl,ok,0,0,-1.7,11.1
mpp,-6.0,5,ack-4f,w,3,3,0,ctl,ok,0,0,-2.8,11.1
mpp,-6.0,5,qpsk-r1/5,w,9,2,1,data,ok,7,0,-4.1,11.1
mpp,-6.0,5,ack-4f,w,2,2,0,ctl,ok,0,0,-3.9,11.1
mpp,-6.0,5,fsk32r62-r1/2,c32r62,9,1,0,data,ok,8,8,-2.4,11.1
mpp,-6.0,5,ack-4f,w,3,3,0,ctl,ctl_lost,0,0,-7.1,11.1
mpp,-6.0,5,ack-4f,w,4,4,0,ctl,ok,0,0,-6.1,11.1
mpp,-6.0,5,ack-4f,w,3,3,0,ctl,ok,0,0,-1.3,11.1
mpp,-6.0,5,qpsk-r1/5,w,9,2,1,data,ok,7,7,-1.1,11.1
mpp,-6.0,5,n4-ack-8f,n4,3,3,0,ctl,ok,0,0,-3.9,11.1
mpp,-6.0,5,qpsk-r1/5,w,9,2,1,data,ok,7,0,-3.0,11.1
mpp,-6.0,5,ack-4f,w,3,3,0,ctl,ok,0,0,-4.7,11.1
mpp,-6.0,5,qpsk-r1/5,w,9,2,1,data,ok,0,0,-3.4,11.1
mpp,-6.0,5,n4-ack-8f,n4,2,2,,ctl,missed,0,0,,11.1
mpp,-6.0,5,ack-4f,w,2,2,0,ctl,ok,0,0,-3.0,11.1
mpp,-6.0,5,ack-4f,w,3,3,0,ctl,ok,0,0,-3.3,11.1
mpp,-6.0,5,qpsk-r1/5,w,9,2,1,data,ok,7,0,-3.4,11.1
mpp,-6.0,5,n4-ack-8f,n4,2,2,0,ctl,ok,0,0,-2.0,11.1
mpp,-6.0,5,fsk32r62-r1/2,c32r62,9,1,0,data,ok,8,8,-2.6,11.1
mpp,-6.0,5,ack-4f,w,3,3,0,ctl,ok,0,0,-4.6,11.1
mpp,-6.0,5,qpsk-r1/5,w,9,2,1,data,ok,7,0,-4.0,11.1
mpp,-6.0,5,n4-ack-8f,n4,2,2,0,ctl,ok,0,0,-4.1,11.1
mpp,-6.0,5,fsk32r62-r1/2,c32r62,9,1,0,data,ok,8,8,-2.5,11.1
awgn,15.0,3,qpsk-r1/5,w,1,1,0,ctl,ok,0,0,17.8,533.0
awgn,15.0,3,qpsk-r1/5,w,1,1,0,ctl,ok,0,0,18.0,533.0
awgn,15.0,3,ack-4f,w,3,3,0,ctl,ok,0,0,17.8,533.0
awgn,15.0,3,ack-1f,w,3,3,0,ctl,ok,0,0,18.2,533.0
awgn,15.0,3,w48-64l-r7/12,w48,39,2,1,data,ok,37,37,13.3,533.0
awgn,15.0,3,ack-1f,w,3,3,0,ctl,ok,0,0,17.2,533.0
awgn,15.0,3,w48-64l-r7/12,w48,39,2,1,data,ok,37,37,13.1,533.0
awgn,15.0,3,ack-1f,w,3,3,0,ctl,ok,0,0,18.1,533.0
awgn,15.0,3,w48-64l-r7/12,w48,39,2,1,data,ok,37,36,12.9,533.0
awgn,15.0,3,ack-1f,w,4,4,0,ctl,ok,0,0,17.8,533.0
awgn,15.0,3,w48-64l-r7/12,w48,34,2,1,data,ok,31,31,13.1,533.0
awgn,15.0,3,ack-1f,w,3,3,0,ctl,ok,0,0,18.0,533.0
awgn,15.0,3,w48-64l-r7/12,w48,39,2,1,data,ok,37,37,13.0,533.0
awgn,15.0,3,ack-1f,w,3,3,0,ctl,ok,0,0,18.4,533.0
awgn,15.0,3,w48-64l-r7/12,w48,39,2,1,data,ok,37,37,13.2,533.0
awgn,15.0,3,ack-1f,w,2,2,0,ctl,ok,0,0,19.6,533.0
awgn,15.0,3,w48-64l-r7/12,w48,39,1,0,data,ok,38,38,13.4,533.0
awgn,15.0,3,ack-1f,w,2,2,0,ctl,ok,0,0,17.5,533.0
awgn,15.0,3,w48-64l-r7/12,w48,39,1,0,data,ok,38,37,12.9,533.0
awgn,15.0,3,ack-1f,w,3,3,0,ctl,ok,0,0,18.1,533.0
awgn,15.0,3,w48-64l-r7/12,w48,39,1,0,data,ok,37,37,13.0,533.0
awgn,15.0,3,ack-1f,w,2,2,0,ctl,ok,0,0,18.6,533.0
awgn,15.0,3,w48-64l-r7/12,w48,39,1,0,data,ok,38,38,13.1,533.0
awgn,15.0,3,ack-1f,w,2,2,0,ctl,ok,0,0,17.5,533.0
awgn,15.0,3,w48-64l-r7/12,w48,39,1,0,data,ok,38,38,13.2,533.0
awgn,15.0,3,ack-1f,w,2,2,0,ctl,ok,0,0,17.7,533.0
awgn,15.0,3,w48-64l-r7/12,w48,39,1,0,data,ok,38,38,13.0,533.0
awgn,15.0,3,ack-1f,w,2,2,0,ctl,ok,0,0,18.5,533.0
awgn,15.0,3,w48-64l-r7/12,w48,39,1,0,data,ok,38,38,13.1,533.0
awgn,15.0,3,ack-1f,w,2,2,0,ctl,ok,0,0,17.5,533.0
awgn,15.0,3,w48-64l-r7/12,w48,39,1,0,data,ok,38,38,13.4,533.0
awgn,15.0,3,ack-1f,w,2,2,0,ctl,ok,0,0,18.5,533.0
awgn,15.0,3,w48-64l-r7/12,w48,39,1,0,data,ok,38,38,13.2,533.0
awgn,15.0,3,ack-1f,w,2,2,0,ctl,ok,0,0,17.4,533.0
awgn,15.0,3,w48-64l-r7/12,w48,39,1,0,data,ok,38,38,13.2,533.0
awgn,15.0,3,ack-1f,w,2,2,0,ctl,ok,0,0,18.4,533.0
awgn,15.0,3,w48-64l-r7/12,w48,39,1,0,data,ok,38,38,13.2,533.0
awgn,15.0,3,ack-1f,w,2,2,0,ctl,ok,0,0,18.2,533.0
awgn,15.0,3,w48-64l-r7/12,w48,39,1,0,data,ok,38,38,13.1,533.0
awgn,15.0,3,ack-1f,w,2,2,0,ctl,ok,0,0,18.2,533.0
awgn,15.0,3,w48-64l-r7/12,w48,39,1,0,data,ok,38,38,13.0,533.0
awgn,15.0,3,ack-1f,w,2,2,0,ctl,ok,0,0,18.2,533.0
awgn,15.0,3,w48-64l-r7/12,w48,39,1,0,data,ok,38,38,13.2,533.0
awgn,15.0,3,ack-1f,w,2,2,0,ctl,ok,0,0,17.5,533.0
awgn,15.0,3,w48-64l-r7/12,w48,39,1,0,data,ok,38,36,12.8,533.0
awgn,15.0,3,ack-1f,w,4,4,0,ctl,ok,0,0,17.4,533.0
awgn,15.0,3,w48-64l-r7/12,w48,30,1,0,data,ok,27,27,13.1,533.0
awgn,15.0,3,ack-1f,w,2,2,0,ctl,ok,0,0,18.6,533.0
awgn,15.0,3,w48-64l-r7/12,w48,39,1,0,data,ok,38,38,13.1,533.0
awgn,15.0,3,ack-1f,w,2,2,0,ctl,ok,0,0,18.1,533.0
awgn,15.0,3,w48-64l-r7/12,w48,39,1,0,data,ok,38,38,13.1,533.0
awgn,15.0,3,ack-1f,w,2,2,0,ctl,ok,0,0,18.7,533.0
awgn,15.0,3,w48-64l-r7/12,w48,39,1,0,data,ok,38,37,13.1,533.0
awgn,15.0,3,ack-1f,w,3,3,0,ctl,ok,0,0,18.2,533.0
awgn,15.0,3,w48-64l-r7/12,w48,39,1,0,data,ok,37,37,13.4,533.0
awgn,15.0,3,ack-1f,w,2,2,0,ctl,ok,0,0,18.1,533.0
awgn,15.0,3,w48-64l-r7/12,w48,39,1,0,data,ok,38,38,13.3,533.0
awgn,15.0,3,ack-1f,w,2,2,0,ctl,ok,0,0,18.1,533.0
awgn,15.0,3,w48-64l-r7/12,w48,39,1,0,data,ok,38,38,13.1,533.0
awgn,15.0,3,ack-1f,w,2,2,0,ctl,ok,0,0,18.3,533.0
awgn,15.0,3,w48-64l-r7/12,w48,39,1,0,data,ok,38,38,13.3,533.0
awgn,15.0,3,ack-1f,w,2,2,0,ctl,ok,0,0,19.1,533.0
awgn,15.0,3,w48-64l-r7/12,w48,39,1,0,data,ok,38,38,12.9,533.0
awgn,15.0,3,ack-1f,w,2,2,0,ctl,ok,0,0,18.0,533.0
awgn,15.0,3,w48-64l-r7/12,w48,39,1,0,data,ok,38,38,13.3,533.0
awgn,15.0,3,ack-1f,w,2,2,0,ctl,ok,0,0,17.4,533.0
awgn,15.0,3,w48-64l-r7/12,w48,39,1,0,data,ok,38,38,12.9,533.0
awgn,15.0,3,ack-1f,w,2,2,0,ctl,ok,0,0,18.2,533.0
awgn,15.0,3,w48-64l-r7/12,w48,39,1,0,data,ok,38,37,12.9,533.0
awgn,15.0,3,ack-1f,w,3,3,0,ctl,ok,0,0,18.1,533.0
awgn,15.0,3,w48-64l-r7/12,w48,39,1,0,data,ctl_lost,37,36,12.9,533.0
awgn,15.0,3,ack-4f,w,3,3,0,ctl,ok,0,0,17.5,533.0
awgn,15.0,3,ack-4f,w,4,4,0,ctl,ok,0,0,18.0,533.0
awgn,15.0,3,w48-64l-r7/12,w48,39,2,1,data,ok,36,36,13.2,533.0
awgn,15.0,3,ack-1f,w,2,2,0,ctl,ok,0,0,18.2,533.0
awgn,15.0,3,w48-64l-r7/12,w48,39,1,0,data,ok,38,37,13.1,533.0
awgn,15.0,3,ack-1f,w,4,4,0,ctl,ok,0,0,18.1,533.0
awgn,15.0,3,w48-64l-r7/12,w48,31,1,0,data,ok,29,28,13.0,533.0
awgn,15.0,3,ack-1f,w,3,3,0,ctl,ok,0,0,18.1,533.0
awgn,15.0,3,w48-64l-r7/12,w48,39,1,0,data,ok,37,37,13.2,533.0
awgn,15.0,3,ack-1f,w,2,2,0,ctl,ok,0,0,17.9,533.0
awgn,15.0,3,w48-64l-r7/12,w48,39,1,0,data,ok,38,38,13.2,533.0
awgn,15.0,3,ack-1f,w,2,2,0,ctl,ok,0,0,17.9,533.0
awgn,15.0,3,w48-64l-r7/12,w48,39,1,0,data,ok,38,38,13.3,533.0
awgn,15.0,3,ack-1f,w,2,2,0,ctl,ok,0,0,17.5,533.0
awgn,15.0,3,w48-64l-r7/12,w48,39,1,0,data,ok,38,38,13.3,533.0
awgn,15.0,3,ack-1f,w,2,2,0,ctl,ok,0,0,17.3,533.0
awgn,15.0,3,w48-64l-r7/12,w48,39,1,0,data,ok,38,38,13.2,533.0
awgn,15.0,3,ack-1f,w,2,2,0,ctl,ok,0,0,17.8,533.0
awgn,15.0,3,w48-64l-r7/12,w48,39,1,0,data,ok,38,38,13.2,533.0
awgn,15.0,3,ack-1f,w,2,2,0,ctl,ok,0,0,19.1,533.0
awgn,15.0,3,w48-64l-r7/12,w48,39,1,0,data,ok,38,38,13.2,533.0
awgn,15.0,6,qpsk-r1/5,w,1,1,0,ctl,ok,0,0,18.3,555.0
awgn,15.0,6,qpsk-r1/5,w,1,1,0,ctl,ok,0,0,17.9,555.0
awgn,15.0,6,ack-4f,w,3,3,0,ctl,ok,0,0,17.9,555.0
awgn,15.0,6,ack-1f,w,3,3,0,ctl,ok,0,0,18.3,555.0
awgn,15.0,6,w48-64l-r7/12,w48,39,2,1,data,ok,37,35,13.1,555.0
awgn,15.0,6,ack-1f,w,4,4,0,ctl,ok,0,0,18.0,555.0
awgn,15.0,6,w48-64l-r7/12,w48,39,2,1,data,ok,35,35,13.2,555.0
awgn,15.0,6,ack-1f,w,3,3,0,ctl,ok,0,0,17.8,555.0
awgn,15.0,6,w48-64l-r7/12,w48,39,2,1,data,ok,37,37,13.2,555.0
awgn,15.0,6,ack-1f,w,3,3,0,ctl,ok,0,0,19.3,555.0
awgn,15.0,6,w48-64l-r7/12,w48,39,2,1,data,ok,37,37,13.0,555.0
awgn,15.0,6,ack-1f,w,3,3,0,ctl,ok,0,0,18.0,555.0
awgn,15.0,6,w48-64l-r7/12,w48,39,2,1,data,ok,37,37,13.0,555.0
awgn,15.0,6,ack-1f,w,3,3,0,ctl,ok,0,0,17.7,555.0
awgn,15.0,6,w48-64l-r7/12,w48,39,2,1,data,ok,37,37,13.0,555.0
awgn,15.0,6,ack-1f,w,3,3,0,ctl,ok,0,0,17.6,555.0
awgn,15.0,6,w48-64l-r7/12,w48,39,2,1,data,ok,37,37,13.3,555.0
awgn,15.0,6,ack-1f,w,2,2,0,ctl,ok,0,0,18.1,555.0
awgn,15.0,6,w48-64l-r7/12,w48,39,1,0,data,ok,38,38,13.0,555.0
awgn,15.0,6,ack-1f,w,2,2,0,ctl,ok,0,0,18.0,555.0
awgn,15.0,6,w48-64l-r7/12,w48,39,1,0,data,ok,38,38,13.1,555.0
awgn,15.0,6,ack-1f,w,2,2,0,ctl,ok,0,0,18.0,555.0
awgn,15.0,6,w48-64l-r7/12,w48,39,1,0,data,ok,38,38,13.0,555.0
awgn,15.0,6,ack-1f,w,2,2,0,ctl,ok,0,0,17.9,555.0
awgn,15.0,6,w48-64l-r7/12,w48,39,1,0,data,ok,38,38,13.2,555.0
awgn,15.0,6,ack-1f,w,2,2,0,ctl,ok,0,0,17.9,555.0
awgn,15.0,6,w48-64l-r7/12,w48,39,1,0,data,ok,38,38,13.3,555.0
awgn,15.0,6,ack-1f,w,2,2,0,ctl,ok,0,0,18.5,555.0
awgn,15.0,6,w48-64l-r7/12,w48,39,1,0,data,ok,38,38,13.3,555.0
awgn,15.0,6,ack-1f,w,2,2,0,ctl,ok,0,0,18.3,555.0
awgn,15.0,6,w48-64l-r7/12,w48,39,1,0,data,ok,38,38,13.2,555.0
awgn,15.0,6,ack-1f,w,2,2,0,ctl,ok,0,0,17.8,555.0
awgn,15.0,6,w48-64l-r7/12,w48,39,1,0,data,ok,38,38,13.2,555.0
awgn,15.0,6,ack-1f,w,2,2,0,ctl,ok,0,0,16.7,555.0
awgn,15.0,6,w48-64l-r7/12,w48,39,1,0,data,ok,38,38,13.2,555.0
awgn,15.0,6,ack-1f,w,2,2,0,ctl,ok,0,0,19.0,555.0
awgn,15.0,6,w48-64l-r7/12,w48,39,1,0,data,ok,38,38,13.1,555.0
awgn,15.0,6,ack-1f,w,2,2,0,ctl,ok,0,0,17.3,555.0
awgn,15.0,6,w48-64l-r7/12,w48,39,1,0,data,ok,38,37,13.3,555.0
awgn,15.0,6,ack-1f,w,3,3,0,ctl,ok,0,0,17.8,555.0
awgn,15.0,6,w48-64l-r7/12,w48,39,1,0,data,ok,37,37,13.3,555.0
awgn,15.0,6,ack-1f,w,2,2,0,ctl,ok,0,0,17.9,555.0
awgn,15.0,6,w48-64l-r7/12,w48,39,1,0,data,ok,38,38,12.9,555.0
awgn,15.0,6,ack-1f,w,2,2,0,ctl,ok,0,0,18.1,555.0
awgn,15.0,6,w48-64l-r7/12,w48,39,1,0,data,ok,38,38,13.1,555.0
awgn,15.0,6,ack-1f,w,2,2,0,ctl,ok,0,0,19.0,555.0
awgn,15.0,6,w48-64l-r7/12,w48,39,1,0,data,ok,38,38,12.9,555.0
awgn,15.0,6,ack-1f,w,2,2,0,ctl,ok,0,0,17.9,555.0
awgn,15.0,6,w48-64l-r7/12,w48,39,1,0,data,ok,38,38,13.3,555.0
awgn,15.0,6,ack-1f,w,2,2,0,ctl,ok,0,0,18.5,555.0
awgn,15.0,6,w48-64l-r7/12,w48,39,1,0,data,ok,38,38,12.9,555.0
awgn,15.0,6,ack-1f,w,2,2,0,ctl,ok,0,0,17.6,555.0
awgn,15.0,6,w48-64l-r7/12,w48,39,1,0,data,ok,38,38,12.9,555.0
awgn,15.0,6,ack-1f,w,2,2,0,ctl,ok,0,0,17.6,555.0
awgn,15.0,6,w48-64l-r7/12,w48,39,1,0,data,ok,38,38,13.2,555.0
awgn,15.0,6,ack-1f,w,2,2,0,ctl,ok,0,0,18.1,555.0
awgn,15.0,6,w48-64l-r7/12,w48,39,1,0,data,ok,38,38,13.2,555.0
awgn,15.0,6,ack-1f,w,2,2,0,ctl,ok,0,0,17.7,555.0
awgn,15.0,6,w48-64l-r7/12,w48,39,1,0,data,ok,38,38,13.2,555.0
awgn,15.0,6,ack-1f,w,2,2,0,ctl,ok,0,0,18.1,555.0
awgn,15.0,6,w48-64l-r7/12,w48,39,1,0,data,ok,38,38,13.0,555.0
awgn,15.0,6,ack-1f,w,2,2,0,ctl,ok,0,0,17.9,555.0
awgn,15.0,6,w48-64l-r7/12,w48,39,1,0,data,ok,38,38,13.2,555.0
awgn,15.0,6,ack-1f,w,2,2,0,ctl,ok,0,0,17.7,555.0
awgn,15.0,6,w48-64l-r7/12,w48,39,1,0,data,ok,38,38,13.2,555.0
awgn,15.0,6,ack-1f,w,2,2,0,ctl,ok,0,0,17.8,555.0
awgn,15.0,6,w48-64l-r7/12,w48,39,1,0,data,ok,38,38,13.1,555.0
awgn,15.0,6,ack-1f,w,2,2,0,ctl,ok,0,0,18.4,555.0
awgn,15.0,6,w48-64l-r7/12,w48,39,1,0,data,ok,38,38,13.2,555.0
awgn,15.0,6,ack-1f,w,2,2,0,ctl,ok,0,0,18.2,555.0
awgn,15.0,6,w48-64l-r7/12,w48,39,1,0,data,ok,38,38,12.9,555.0
awgn,15.0,6,ack-1f,w,2,2,0,ctl,ok,0,0,17.2,555.0
awgn,15.0,6,w48-64l-r7/12,w48,39,1,0,data,ok,38,38,13.4,555.0
awgn,15.0,6,ack-1f,w,2,2,0,ctl,ok,0,0,18.6,555.0
awgn,15.0,6,w48-64l-r7/12,w48,39,1,0,data,ok,38,38,13.0,555.0
awgn,15.0,6,ack-1f,w,2,2,0,ctl,ok,0,0,18.5,555.0
awgn,15.0,6,w48-64l-r7/12,w48,39,1,0,data,ok,38,38,13.2,555.0
awgn,15.0,6,ack-1f,w,2,2,0,ctl,ok,0,0,17.4,555.0
awgn,15.0,6,w48-64l-r7/12,w48,39,1,0,data,ok,38,38,13.0,555.0
awgn,15.0,6,ack-1f,w,2,2,0,ctl,ok,0,0,17.3,555.0
awgn,15.0,6,w48-64l-r7/12,w48,39,1,0,data,ok,38,38,13.0,555.0
awgn,15.0,6,ack-1f,w,2,2,0,ctl,ok,0,0,19.1,555.0
awgn,15.0,6,w48-64l-r7/12,w48,39,1,0,data,ok,38,38,13.1,555.0
awgn,15.0,6,ack-1f,w,2,2,0,ctl,ok,0,0,17.7,555.0
awgn,15.0,6,w48-64l-r7/12,w48,39,1,0,data,ok,38,38,13.0,555.0
awgn,15.0,6,ack-1f,w,2,2,0,ctl,ok,0,0,18.6,555.0
awgn,15.0,6,w48-64l-r7/12,w48,39,1,0,data,ok,38,38,12.9,555.0
awgn,15.0,6,ack-1f,w,2,2,0,ctl,ok,0,0,17.9,555.0
awgn,15.0,6,w48-64l-r7/12,w48,39,1,0,data,ok,38,38,13.4,555.0
awgn,15.0,6,ack-1f,w,2,2,0,ctl,ok,0,0,17.9,555.0
awgn,15.0,6,w48-64l-r7/12,w48,39,1,0,data,ok,38,38,13.1,555.0
awgn,15.0,7,qpsk-r1/5,w,1,1,0,ctl,ok,0,0,18.0,561.0
awgn,15.0,7,qpsk-r1/5,w,1,1,0,ctl,ok,0,0,18.7,561.0
awgn,15.0,7,ack-4f,w,3,3,0,ctl,ok,0,0,18.3,561.0
awgn,15.0,7,ack-1f,w,3,3,0,ctl,ok,0,0,18.5,561.0
awgn,15.0,7,w48-64l-r7/12,w48,39,2,1,data,ok,37,37,13.3,561.0
awgn,15.0,7,ack-1f,w,3,3,0,ctl,ok,0,0,17.9,561.0
awgn,15.0,7,w48-64l-r7/12,w48,39,2,1,data,ok,37,37,12.9,561.0
awgn,15.0,7,ack-1f,w,3,3,0,ctl,ok,0,0,18.1,561.0
awgn,15.0,7,w48-64l-r7/12,w48,39,2,1,data,ok,37,37,13.0,561.0
awgn,15.0,7,ack-1f,w,3,3,0,ctl,ok,0,0,18.2,561.0
awgn,15.0,7,w48-64l-r7/12,w48,39,2,1,data,ok,37,37,13.2,561.0
awgn,15.0,7,ack-1f,w,3,3,0,ctl,ok,0,0,18.0,561.0
awgn,15.0,7,w48-64l-r7/12,w48,39,2,1,data,ok,37,37,13.0,561.0
awgn,15.0,7,ack-1f,w,3,3,0,ctl,ok,0,0,18.6,561.0
awgn,15.0,7,w48-64l-r7/12,w48,39,2,1,data,ok,37,37,12.9,561.0
awgn,15.0,7,ack-1f,w,3,3,0,ctl,ok,0,0,18.3,561.0
awgn,15.0,7,w48-64l-r7/12,w48,39,2,1,data,ok,37,37,13.2,561.0
awgn,15.0,7,ack-1f,w,2,2,0,ctl,ok,0,0,18.7,561.0
awgn,15.0,7,w48-64l-r7/12,w48,39,1,0,data,ok,38,38,13.1,561.0
awgn,15.0,7,ack-1f,w,2,2,0,ctl,ok,0,0,18.2,561.0
awgn,15.0,7,w48-64l-r7/12,w48,39,1,0,data,ok,38,37,13.2,561.0
awgn,15.0,7,ack-1f,w,4,4,0,ctl,ok,0,0,18.0,561.0
awgn,15.0,7,w48-64l-r7/12,w48,29,1,0,data,ok,27,27,12.7,561.0
awgn,15.0,7,ack-1f,w,3,3,0,ctl,ok,0,0,18.5,561.0
awgn,15.0,7,w48-64l-r7/12,w48,39,2,1,data,ok,37,37,13.1,561.0
awgn,15.0,7,ack-1f,w,2,2,0,ctl,ok,0,0,18.0,561.0
awgn,15.0,7,w48-64l-r7/12,w48,39,1,0,data,ok,38,38,13.0,561.0
awgn,15.0,7,ack-1f,w,2,2,0,ctl,ok,0,0,18.2,561.0
awgn,15.0,7,w48-64l-r7/12,w48,39,1,0,data,ok,38,38,13.1,561.0
awgn,15.0,7,ack-1f,w,2,2,0,ctl,ok,0,0,17.5,561.0
awgn,15.0,7,w48-64l-r7/12,w48,39,1,0,data,ok,38,38,13.2,561.0
awgn,15.0,7,ack-1f,w,2,2,0,ctl,ok,0,0,18.0,561.0
awgn,15.0,7,w48-64l-r7/12,w48,39,1,0,data,ok,38,38,13.1,561.0
awgn,15.0,7,ack-1f,w,2,2,0,ctl,ok,0,0,17.7,561.0
awgn,15.0,7,w48-64l-r7/12,w48,39,1,0,data,ok,38,38,13.2,561.0
awgn,15.0,7,ack-1f,w,2,2,0,ctl,ok,0,0,19.0,561.0
awgn,15.0,7,w48-64l-r7/12,w48,39,1,0,data,ok,38,37,13.3,561.0
awgn,15.0,7,ack-1f,w,2,2,0,ctl,ok,0,0,18.0,561.0
awgn,15.0,7,w48-64l-r7/12,w48,39,1,0,data,ok,37,37,13.3,561.0
awgn,15.0,7,ack-1f,w,2,2,0,ctl,ok,0,0,19.3,561.0
awgn,15.0,7,w48-64l-r7/12,w48,39,1,0,data,ok,38,38,13.1,561.0
awgn,15.0,7,ack-1f,w,2,2,0,ctl,ok,0,0,17.7,561.0
awgn,15.0,7,w48-64l-r7/12,w48,39,1,0,data,ok,38,38,13.1,561.0
awgn,15.0,7,ack-1f,w,2,2,0,ctl,ok,0,0,18.0,561.0
awgn,15.0,7,w48-64l-r7/12,w48,39,1,0,data,ok,38,38,13.2,561.0
awgn,15.0,7,ack-1f,w,2,2,0,ctl,ok,0,0,17.7,561.0
awgn,15.0,7,w48-64l-r7/12,w48,39,1,0,data,ok,38,37,13.3,561.0
awgn,15.0,7,ack-1f,w,4,4,0,ctl,ok,0,0,17.3,561.0
awgn,15.0,7,w48-64l-r7/12,w48,29,1,0,data,ok,27,27,13.1,561.0
awgn,15.0,7,ack-1f,w,2,2,0,ctl,ok,0,0,18.5,561.0
awgn,15.0,7,w48-64l-r7/12,w48,39,1,0,data,ok,38,38,13.0,561.0
awgn,15.0,7,ack-1f,w,2,2,0,ctl,ok,0,0,18.3,561.0
awgn,15.0,7,w48-64l-r7/12,w48,39,1,0,data,ok,38,38,13.1,561.0
awgn,15.0,7,ack-1f,w,2,2,0,ctl,ok,0,0,18.4,561.0
awgn,15.0,7,w48-64l-r7/12,w48,39,1,0,data,ok,38,38,13.1,561.0
awgn,15.0,7,ack-1f,w,2,2,0,ctl,ok,0,0,17.7,561.0
awgn,15.0,7,w48-64l-r7/12,w48,39,1,0,data,ok,38,38,13.4,561.0
awgn,15.0,7,ack-1f,w,2,2,0,ctl,ok,0,0,18.0,561.0
awgn,15.0,7,w48-64l-r7/12,w48,39,1,0,data,ok,38,38,13.1,561.0
awgn,15.0,7,ack-1f,w,2,2,0,ctl,ok,0,0,17.8,561.0
awgn,15.0,7,w48-64l-r7/12,w48,39,1,0,data,ok,38,38,13.2,561.0
awgn,15.0,7,ack-1f,w,2,2,0,ctl,ok,0,0,18.6,561.0
awgn,15.0,7,w48-64l-r7/12,w48,39,1,0,data,ok,38,38,13.0,561.0
awgn,15.0,7,ack-1f,w,2,2,0,ctl,ok,0,0,17.9,561.0
awgn,15.0,7,w48-64l-r7/12,w48,39,1,0,data,ok,38,38,13.3,561.0
awgn,15.0,7,ack-1f,w,2,2,0,ctl,ok,0,0,18.2,561.0
awgn,15.0,7,w48-64l-r7/12,w48,39,1,0,data,ok,38,38,13.1,561.0
awgn,15.0,7,ack-1f,w,2,2,0,ctl,ok,0,0,18.3,561.0
awgn,15.0,7,w48-64l-r7/12,w48,39,1,0,data,ok,38,38,13.3,561.0
awgn,15.0,7,ack-1f,w,2,2,0,ctl,ok,0,0,17.6,561.0
awgn,15.0,7,w48-64l-r7/12,w48,39,1,0,data,ok,38,38,13.2,561.0
awgn,15.0,7,ack-1f,w,2,2,0,ctl,ok,0,0,18.4,561.0
awgn,15.0,7,w48-64l-r7/12,w48,39,1,0,data,ok,38,38,13.2,561.0
awgn,15.0,7,ack-1f,w,2,2,0,ctl,ok,0,0,17.7,561.0
awgn,15.0,7,w48-64l-r7/12,w48,39,1,0,data,ok,38,38,13.1,561.0
awgn,15.0,7,ack-1f,w,2,2,0,ctl,ok,0,0,17.7,561.0
awgn,15.0,7,w48-64l-r7/12,w48,39,1,0,data,ok,38,38,12.8,561.0
awgn,15.0,7,ack-1f,w,2,2,0,ctl,ok,0,0,18.1,561.0
awgn,15.0,7,w48-64l-r7/12,w48,39,1,0,data,ok,38,38,13.3,561.0
awgn,15.0,7,ack-1f,w,2,2,0,ctl,ok,0,0,18.2,561.0
awgn,15.0,7,w48-64l-r7/12,w48,39,1,0,data,ok,38,38,13.2,561.0
awgn,15.0,7,ack-1f,w,2,2,0,ctl,ok,0,0,18.2,561.0
awgn,15.0,7,w48-64l-r7/12,w48,39,1,0,data,ok,38,38,13.0,561.0
awgn,15.0,7,ack-1f,w,2,2,0,ctl,ok,0,0,18.7,561.0
awgn,15.0,7,w48-64l-r7/12,w48,39,1,0,data,ok,38,38,13.0,561.0
awgn,15.0,7,ack-1f,w,2,2,0,ctl,ok,0,0,18.6,561.0
awgn,15.0,7,w48-64l-r7/12,w48,39,1,0,data,ok,38,38,13.1,561.0
awgn,15.0,7,ack-1f,w,2,2,0,ctl,ok,0,0,17.7,561.0
awgn,15.0,7,w48-64l-r7/12,w48,39,1,0,data,ok,38,38,13.2,561.0
awgn,15.0,7,ack-1f,w,2,2,0,ctl,ok,0,0,18.7,561.0
awgn,15.0,7,w48-64l-r7/12,w48,39,1,0,data,ok,38,38,13.3,561.0
awgn,15.0,7,ack-1f,w,2,2,0,ctl,ok,0,0,18.3,561.0
awgn,15.0,7,w48-64l-r7/12,w48,39,1,0,data,ok,38,38,13.2,561.0
awgn,15.0,11,qpsk-r1/5,w,1,1,0,ctl,ok,0,0,18.3,558.9
awgn,15.0,11,qpsk-r1/5,w,1,1,0,ctl,ok,0,0,18.2,558.9
awgn,15.0,11,ack-4f,w,3,3,0,ctl,ok,0,0,17.7,558.9
awgn,15.0,11,ack-1f,w,3,3,0,ctl,ok,0,0,17.5,558.9
awgn,15.0,11,w48-64l-r7/12,w48,39,2,1,data,ok,37,37,13.2,558.9
awgn,15.0,11,ack-1f,w,3,3,0,ctl,ok,0,0,17.9,558.9
awgn,15.0,11,w48-64l-r7/12,w48,39,2,1,data,ok,37,35,13.1,558.9
awgn,15.0,11,ack-1f,w,4,4,0,ctl,ok,0,0,18.5,558.9
awgn,15.0,11,w48-64l-r7/12,w48,39,2,1,data,ok,35,34,13.0,558.9
awgn,15.0,11,ack-1f,w,4,4,0,ctl,ok,0,0,18.6,558.9
awgn,15.0,11,w48-64l-r7/12,w48,39,2,1,data,ok,36,36,13.1,558.9
awgn,15.0,11,ack-1f,w,3,3,0,ctl,ok,0,0,18.3,558.9
awgn,15.0,11,w48-64l-r7/12,w48,39,2,1,data,ok,37,37,13.2,558.9
awgn,15.0,11,ack-1f,w,2,2,0,ctl,ok,0,0,16.9,558.9
awgn,15.0,11,w48-64l-r7/12,w48,39,1,0,data,ok,38,37,12.9,558.9
awgn,15.0,11,ack-1f,w,4,4,0,ctl,ok,0,0,18.4,558.9
awgn,15.0,11,w48-64l-r7/12,w48,39,2,1,data,ok,36,36,13.2,558.9
awgn,15.0,11,ack-1f,w,2,2,0,ctl,ok,0,0,17.2,558.9
awgn,15.0,11,w48-64l-r7/12,w48,39,1,0,data,ok,38,38,13.1,558.9
awgn,15.0,11,ack-1f,w,2,2,0,ctl,ok,0,0,17.8,558.9
awgn,15.0,11,w48-64l-r7/12,w48,39,1,0,data,ok,38,38,13.2,558.9
awgn,15.0,11,ack-1f,w,2,2,0,ctl,ok,0,0,17.9,558.9
awgn,15.0,11,w48-64l-r7/12,w48,39,1,0,data,ok,38,38,13.0,558.9
awgn,15.0,11,ack-1f,w,2,2,0,ctl,ok,0,0,18.0,558.9
awgn,15.0,11,w48-64l-r7/12,w48,39,1,0,data,ok,38,38,13.1,558.9
awgn,15.0,11,ack-1f,w,2,2,0,ctl,ok,0,0,18.4,558.9
awgn,15.0,11,w48-64l-r7/12,w48,39,1,0,data,ok,38,38,13.2,558.9
awgn,15.0,11,ack-1f,w,2,2,0,ctl,ok,0,0,18.8,558.9
awgn,15.0,11,w48-64l-r7/12,w48,39,1,0,data,ok,38,38,13.2,558.9
awgn,15.0,11,ack-1f,w,2,2,0,ctl,ok,0,0,18.2,558.9
awgn,15.0,11,w48-64l-r7/12,w48,39,1,0,data,ok,38,35,12.8,558.9
awgn,15.0,11,ack-1f,w,4,4,0,ctl,ok,0,0,17.9,558.9
awgn,15.0,11,w48-64l-r7/12,w48,32,1,0,data,ok,28,28,13.1,558.9
awgn,15.0,11,ack-1f,w,2,2,0,ctl,ok,0,0,18.0,558.9
awgn,15.0,11,w48-64l-r7/12,w48,39,1,0,data,ok,38,38,13.2,558.9
awgn,15.0,11,ack-1f,w,2,2,0,ctl,ok,0,0,17.9,558.9
awgn,15.0,11,w48-64l-r7/12,w48,39,1,0,data,ok,38,36,12.7,558.9
awgn,15.0,11,ack-1f,w,4,4,0,ctl,ok,0,0,17.8,558.9
awgn,15.0,11,w48-64l-r7/12,w48,39,1,0,data,ok,36,36,13.0,558.9
awgn,15.0,11,ack-1f,w,2,2,0,ctl,ok,0,0,18.0,558.9
awgn,15.0,11,w48-64l-r7/12,w48,39,1,0,data,ok,38,38,13.2,558.9
awgn,15.0,11,ack-1f,w,2,2,0,ctl,ok,0,0,18.4,558.9
awgn,15.0,11,w48-64l-r7/12,w48,39,1,0,data,ok,38,38,13.1,558.9
awgn,15.0,11,ack-1f,w,2,2,0,ctl,ok,0,0,17.9,558.9
awgn,15.0,11,w48-64l-r7/12,w48,39,1,0,data,ok,38,38,13.2,558.9
awgn,15.0,11,ack-1f,w,2,2,0,ctl,ok,0,0,18.1,558.9
awgn,15.0,11,w48-64l-r7/12,w48,39,1,0,data,ok,38,38,13.2,558.9
awgn,15.0,11,ack-1f,w,2,2,0,ctl,ok,0,0,17.7,558.9
awgn,15.0,11,w48-64l-r7/12,w48,39,1,0,data,ok,38,38,13.4,558.9
awgn,15.0,11,ack-1f,w,2,2,0,ctl,ok,0,0,18.7,558.9
awgn,15.0,11,w48-64l-r7/12,w48,39,1,0,data,ok,38,38,13.3,558.9
awgn,15.0,11,ack-1f,w,2,2,0,ctl,ok,0,0,18.9,558.9
awgn,15.0,11,w48-64l-r7/12,w48,39,1,0,data,ok,38,38,13.0,558.9
awgn,15.0,11,ack-1f,w,2,2,0,ctl,ok,0,0,18.3,558.9
awgn,15.0,11,w48-64l-r7/12,w48,39,1,0,data,ok,38,37,13.1,558.9
awgn,15.0,11,ack-1f,w,3,3,0,ctl,ok,0,0,17.8,558.9
awgn,15.0,11,w48-64l-r7/12,w48,39,1,0,data,ok,37,37,13.2,558.9
awgn,15.0,11,ack-1f,w,2,2,0,ctl,ok,0,0,18.3,558.9
awgn,15.0,11,w48-64l-r7/12,w48,39,1,0,data,ok,38,38,13.3,558.9
awgn,15.0,11,ack-1f,w,2,2,0,ctl,ok,0,0,17.9,558.9
awgn,15.0,11,w48-64l-r7/12,w48,39,1,0,data,ok,38,38,13.0,558.9
awgn,15.0,11,ack-1f,w,2,2,0,ctl,ok,0,0,17.6,558.9
awgn,15.0,11,w48-64l-r7/12,w48,39,1,0,data,ok,38,38,13.2,558.9
awgn,15.0,11,ack-1f,w,2,2,0,ctl,ok,0,0,17.8,558.9
awgn,15.0,11,w48-64l-r7/12,w48,39,1,0,data,ok,38,38,13.0,558.9
awgn,15.0,11,ack-1f,w,2,2,0,ctl,ok,0,0,18.2,558.9
awgn,15.0,11,w48-64l-r7/12,w48,39,1,0,data,ok,38,38,13.0,558.9
awgn,15.0,11,ack-1f,w,2,2,0,ctl,ok,0,0,17.4,558.9
awgn,15.0,11,w48-64l-r7/12,w48,39,1,0,data,ok,38,38,13.2,558.9
awgn,15.0,11,ack-1f,w,2,2,0,ctl,ok,0,0,17.5,558.9
awgn,15.0,11,w48-64l-r7/12,w48,39,1,0,data,ok,38,38,12.9,558.9
awgn,15.0,11,ack-1f,w,2,2,0,ctl,ok,0,0,17.8,558.9
awgn,15.0,11,w48-64l-r7/12,w48,39,1,0,data,ok,38,38,13.4,558.9
awgn,15.0,11,ack-1f,w,2,2,0,ctl,ok,0,0,18.0,558.9
awgn,15.0,11,w48-64l-r7/12,w48,39,1,0,data,ok,38,37,12.9,558.9
awgn,15.0,11,ack-1f,w,4,4,0,ctl,ok,0,0,18.5,558.9
awgn,15.0,11,w48-64l-r7/12,w48,29,1,0,data,ok,27,27,13.1,558.9
awgn,15.0,11,ack-1f,w,2,2,0,ctl,ok,0,0,18.2,558.9
awgn,15.0,11,w48-64l-r7/12,w48,39,1,0,data,ok,38,38,13.2,558.9
awgn,15.0,11,ack-1f,w,2,2,0,ctl,ok,0,0,18.7,558.9
awgn,15.0,11,w48-64l-r7/12,w48,39,1,0,data,ok,38,38,13.0,558.9
awgn,15.0,11,ack-1f,w,2,2,0,ctl,ok,0,0,18.0,558.9
awgn,15.0,11,w48-64l-r7/12,w48,39,1,0,data,ok,38,37,13.1,558.9
awgn,15.0,11,ack-1f,w,3,3,0,ctl,ok,0,0,17.5,558.9
awgn,15.0,11,w48-64l-r7/12,w48,39,1,0,data,ok,37,37,13.1,558.9
awgn,15.0,11,ack-1f,w,2,2,0,ctl,ok,0,0,17.7,558.9
awgn,15.0,11,w48-64l-r7/12,w48,39,1,0,data,ok,38,37,13.2,558.9
awgn,15.0,11,ack-1f,w,3,3,0,ctl,ok,0,0,18.0,558.9
awgn,15.0,11,w48-64l-r7/12,w48,39,1,0,data,ok,37,37,13.3,558.9
awgn,15.0,11,ack-1f,w,2,2,0,ctl,ok,0,0,18.4,558.9
awgn,15.0,11,w48-64l-r7/12,w48,39,1,0,data,ok,38,37,12.8,558.9
awgn,15.0,11,ack-1f,w,2,2,0,ctl,ok,0,0,16.8,558.9
awgn,15.0,11,w48-64l-r7/12,w48,39,1,0,data,ok,37,37,13.1,558.9
mpp,-6.0,11,qpsk-r1/5,w,1,1,0,ctl,ctl_lost,0,0,-3.0,11.9
mpp,-6.0,11,n4-qpsk-r1/3,n4,1,1,,ctl,missed,0,0,,11.9
mpp,-6.0,11,n4-qpsk-r1/3,n4,1,1,0,ctl,ok,0,0,-4.2,11.9
mpp,-6.0,11,n4-qpsk-r1/3,n4,1,1,0,ctl,ok,0,0,-2.6,11.9
mpp,-6.0,11,ack-4f,w,3,3,0,ctl,ok,0,0,-3.6,11.9
mpp,-6.0,11,ack-4f,w,2,2,0,ctl,ok,0,0,-1.8,11.9
mpp,-6.0,11,fsk32r62-r1/2,c32r62,9,1,0,data,ok,8,8,-3.1,11.9
mpp,-6.0,11,ack-4f,w,3,3,0,ctl,ok,0,0,-4.9,11.9
mpp,-6.0,11,fsk32r62-r1/2,c32r62,10,2,1,data,ok,8,8,-2.6,11.9
mpp,-6.0,11,ack-4f,w,2,2,0,ctl,ok,0,0,-2.7,11.9
mpp,-6.0,11,fsk32r62-r1/2,c32r62,9,1,0,data,ok,8,8,-2.7,11.9
mpp,-6.0,11,ack-4f,w,2,2,0,ctl,ok,0,0,-1.3,11.9
mpp,-6.0,11,fsk32r62-r1/2,c32r62,9,1,0,data,ok,8,8,-2.3,11.9
mpp,-6.0,11,ack-4f,w,2,2,0,ctl,ok,0,0,-6.0,11.9
mpp,-6.0,11,fsk32r62-r1/2,c32r62,9,1,0,data,ok,8,8,-2.7,11.9
mpp,-6.0,11,ack-4f,w,2,2,0,ctl,ok,0,0,-1.7,11.9
mpp,-6.0,11,fsk32r62-r1/2,c32r62,9,1,0,data,ok,8,8,-2.5,11.9
mpp,-6.0,11,ack-4f,w,2,2,0,ctl,ok,0,0,-1.0,11.9
mpp,-6.0,11,fsk32r62-r1/2,c32r62,9,1,0,data,ok,8,8,-3.7,11.9
mpp,-6.0,11,ack-4f,w,2,2,0,ctl,ok,0,0,-2.2,11.9
mpp,-6.0,11,fsk32r62-r1/2,c32r62,9,1,0,data,ok,8,8,-2.8,11.9
mpp,-6.0,11,ack-4f,w,2,2,0,ctl,ok,0,0,-2.6,11.9
mpp,-6.0,11,fsk32r62-r1/2,c32r62,9,1,0,data,ok,8,8,-2.7,11.9
mpp,-6.0,11,ack-4f,w,2,2,0,ctl,ok,0,0,-4.7,11.9
mpp,-6.0,11,fsk32r62-r1/2,c32r62,9,1,0,data,ok,8,8,-2.0,11.9
mpp,-6.0,11,ack-4f,w,2,2,0,ctl,ok,0,0,-2.9,11.9
mpp,-6.0,11,fsk32r62-r1/2,c32r62,9,1,0,data,ok,8,8,-2.7,11.9
mpp,-6.0,11,ack-4f,w,2,2,0,ctl,ok,0,0,-0.1,11.9
mpp,-6.0,11,fsk32r62-r1/2,c32r62,9,1,0,data,ok,8,7,-2.6,11.9
mpp,-6.0,11,ack-4f,w,3,3,0,ctl,ok,0,0,-5.3,11.9
mpp,-6.0,11,fsk32r62-r1/2,c32r62,9,1,0,data,ctl_lost,7,7,-3.2,11.9
mpp,-6.0,11,ack-4f,w,3,3,0,ctl,ok,0,0,0.2,11.9
mpp,-6.0,11,ack-4f,w,3,3,0,ctl,ok,0,0,-3.2,11.9
mpp,-6.0,11,fsk32r62-r1/2,c32r62,9,1,0,data,ok,7,7,-2.4,11.9
mpp,-6.0,11,ack-4f,w,2,2,,ctl,missed,0,0,,11.9
mpp,-6.0,11,ack-4f,w,3,3,0,ctl,ctl_lost,0,0,-4.9,11.9
mpp,-6.0,11,ack-4f,w,3,3,,ctl,missed,0,0,,11.9
mpp,-6.0,11,ack-4f,w,3,3,0,ctl,ok,0,0,-2.5,11.9
mpp,-6.0,11,ack-4f,w,3,3,0,ctl,ok,0,0,-4.9,11.9
mpp,-6.0,11,fsk32r62-r1/2,c32r62,10,2,1,data,ok,8,8,-2.6,11.9
mpp,-6.0,11,ack-4f,w,2,2,0,ctl,ok,0,0,-4.1,11.9
mpp,-6.0,11,fsk32r62-r1/2,c32r62,9,1,0,data,ok,8,8,-3.8,11.9
mpp,-6.0,11,ack-4f,w,3,3,0,ctl,ok,0,0,-5.1,11.9
mpp,-6.0,11,fsk32r62-r1/2,c32r62,10,2,1,data,ok,8,8,-2.8,11.9
mpp,-6.0,11,ack-4f,w,2,2,0,ctl,ctl_lost,0,0,-6.1,11.9
mpp,-6.0,11,ack-4f,w,3,3,0,ctl,ok,0,0,0.1,11.9
mpp,-6.0,9,qpsk-r1/5,w,1,1,0,ctl,ctl_lost,0,0,-5.4,10.2
mpp,-6.0,9,n4-qpsk-r1/3,n4,1,1,0,ctl,ctl_lost,0,0,-5.5,10.2
mpp,-6.0,9,n4-qpsk-r1/3,n4,1,1,0,ctl,ok,0,0,-1.7,10.2
mpp,-6.0,9,n4-qpsk-r1/3,n4,1,1,0,ctl,ok,0,0,-5.2,10.2
mpp,-6.0,9,ack-4f,w,3,3,0,ctl,ok,0,0,-3.6,10.2
mpp,-6.0,9,n10-ack-4f,n10,3,3,0,ctl,ok,0,0,-4.7,10.2
mpp,-6.0,9,qpsk-r1/5,w,9,2,1,data,ok,7,7,-1.8,10.2
mpp,-6.0,9,ack-4f,w,3,3,0,ctl,ok,0,0,-4.8,10.2
mpp,-6.0,9,qpsk-r1/5,w,9,2,1,data,ok,7,7,-1.3,10.2
mpp,-6.0,9,ack-4f,w,3,3,0,ctl,ok,0,0,-1.7,10.2
mpp,-6.0,9,qpsk-r1/5,w,9,2,1,data,ok,7,0,-3.1,10.2
mpp,-6.0,9,ack-4f,w,3,3,0,ctl,ok,0,0,-0.6,10.2
mpp,-6.0,9,qpsk-r1/5,w,9,2,,data,missed,0,0,,10.2
mpp,-6.0,9,ack-4f,w,3,3,0,ctl,ok,0,0,-3.9,10.2
mpp,-6.0,9,ack-4f,w,3,3,0,ctl,ok,0,0,-5.3,10.2
mpp,-6.0,9,fsk32r62-r1/2,c32r62,10,2,1,data,ok,8,8,-1.8,10.2
mpp,-6.0,9,ack-4f,w,3,3,0,ctl,ok,0,0,-6.4,10.2
mpp,-6.0,9,qpsk-r1/5,w,9,2,1,data,ok,7,0,-2.0,10.2
mpp,-6.0,9,ack-4f,w,3,3,0,ctl,ok,0,0,-5.3,10.2
mpp,-6.0,9,qpsk-r1/5,w,9,2,1,data,ok,0,0,-2.1,10.2
mpp,-6.0,9,ack-4f,w,3,3,0,ctl,ok,0,0,-4.5,10.2
mpp,-6.0,9,qpsk-r1/5,w,9,2,1,data,ok,7,7,-0.8,10.2
mpp,-6.0,9,ack-4f,w,2,2,0,ctl,ok,0,0,-0.2,10.2
mpp,-6.0,9,qpsk-r1/5,w,9,1,0,data,ctl_lost,8,0,-3.2,10.2
mpp,-6.0,9,ack-4f,w,3,3,0,ctl,ok,0,0,-6.8,10.2
mpp,-6.0,9,ack-4f,w,2,2,0,ctl,ok,0,0,-3.8,10.2
mpp,-6.0,9,fsk32r62-r1/2,c32r62,9,1,0,data,ok,8,8,-2.6,10.2
mpp,-6.0,9,ack-4f,w,2,2,0,ctl,ctl_lost,0,0,-8.0,10.2
mpp,-6.0,9,ack-4f,w,4,4,0,ctl,ok,0,0,-0.3,10.2
mpp,-6.0,9,ack-4f,w,2,2,0,ctl,ok,0,0,-5.3,10.2
mpp,-6.0,9,fsk32r62-r1/2,c32r62,9,1,0,data,ok,8,8,-2.6,10.2
mpp,-6.0,9,ack-4f,w,2,2,0,ctl,ok,0,0,-3.2,10.2
mpp,-6.0,9,fsk32r62-r1/2,c32r62,9,1,0,data,ok,8,8,-1.6,10.2
mpp,-6.0,9,ack-4f,w,3,3,0,ctl,ok,0,0,-10.8,10.2
mpp,-6.0,9,qpsk-r1/5,w,9,2,1,data,ok,7,0,-4.6,10.2
mpp,-6.0,9,ack-4f,w,2,2,0,ctl,ok,0,0,-1.8,10.2
mpp,-6.0,9,fsk32r62-r1/2,c32r62,9,1,,data,missed,0,0,,10.2
mpp,-6.0,9,ack-4f,w,4,4,0,ctl,ok,0,0,1.5,10.2
mpp,-6.0,9,ack-4f,w,3,3,0,ctl,ok,0,0,-3.2,10.2
mpp,-6.0,9,qpsk-r1/3,w,9,2,1,data,ctl_lost,7,0,-3.2,10.2
mpp,-6.0,9,ack-4f,w,4,4,0,ctl,ok,0,0,-2.8,10.2
mpp,-6.0,9,ack-4f,w,2,2,0,ctl,ok,0,0,-4.3,10.2
mpp,-6.0,9,fsk32r62-r1/2,c32r62,9,1,0,data,ok,8,8,-2.5,10.2
mpp,-6.0,9,ack-4f,w,2,2,0,ctl,ok,0,0,-3.0,10.2
mpp,-6.0,9,fsk32r62-r1/2,c32r62,9,1,0,data,ok,8,8,-2.8,10.2
mpp,-6.0,9,ack-4f,w,2,2,0,ctl,ok,0,0,-3.7,10.2
mpp,-6.0,9,fsk32r62-r1/2,c32r62,9,1,0,data,ok,8,8,-3.2,10.2
mpp,-6.0,9,ack-4f,w,2,2,0,ctl,ok,0,0,-2.4,10.2
mpp,-6.0,9,fsk32r62-r1/2,c32r62,9,1,0,data,ok,8,8,-2.6,10.2
mpp,-6.0,9,ack-4f,w,2,2,0,ctl,ok,0,0,0.2,10.2
mpp,-6.0,9,fsk32r62-r1/2,c32r62,9,1,0,data,ok,8,8,-2.9,10.2
mpp,-6.0,9,ack-4f,w,2,2,0,ctl,ok,0,0,-1.6,10.2
mpp,-6.0,9,fsk32r62-r1/2,c32r62,9,1,0,data,ok,8,8,-2.1,10.2
mpp,-6.0,9,ack-4f,w,2,2,0,ctl,ok,0,0,1.0,10.2
mpp,-6.0,9,fsk32r62-r1/2,c32r62,9,1,0,data,ok,8,8,-2.8,10.2
mpp,-6.0,9,ack-4f,w,2,2,0,ctl,ok,0,0,0.4,10.2
mpp,-6.0,9,fsk32r62-r1/2,c32r62,9,1,0,data,ok,8,8,-2.9,10.2
mpp,-6.0,10,qpsk-r1/5,w,1,1,0,ctl,ctl_lost,0,0,-4.5,12.8
mpp,-6.0,10,n4-qpsk-r1/3,n4,1,1,0,ctl,ok,0,0,-5.0,12.8
mpp,-6.0,10,n4-qpsk-r1/3,n4,1,1,0,ctl,ok,0,0,-2.8,12.8
mpp,-6.0,10,ack-4f,w,3,3,0,ctl,ok,0,0,-3.5,12.8
mpp,-6.0,10,n10-ack-4f,n10,2,2,0,ctl,ok,0,0,-2.4,12.8
mpp,-6.0,10,fsk32r62-r1/2,c32r62,9,1,0,data,ok,8,8,-3.2,12.8
mpp,-6.0,10,ack-4f,w,3,3,0,ctl,ok,0,0,0.2,12.8
mpp,-6.0,10,fsk32r62-r1/2,c32r62,10,2,1,data,ok,8,7,-2.8,12.8
mpp,-6.0,10,ack-4f,w,3,3,0,ctl,ok,0,0,0.3,12.8
mpp,-6.0,10,fsk32r62-r1/2,c32r62,9,1,0,data,ok,7,7,-2.5,12.8
mpp,-6.0,10,ack-4f,w,2,2,0,ctl,ok,0,0,-3.8,12.8
mpp,-6.0,10,fsk32r62-r1/2,c32r62,9,1,0,data,ok,8,8,-3.1,12.8
mpp,-6.0,10,ack-4f,w,2,2,0,ctl,ok,0,0,-2.9,12.8
mpp,-6.0,10,fsk32r62-r1/2,c32r62,9,1,0,data,ok,8,8,-3.3,12.8
mpp,-6.0,10,ack-4f,w,2,2,0,ctl,ok,0,0,-1.7,12.8
mpp,-6.0,10,fsk32r62-r1/2,c32r62,9,1,0,data,ok,8,8,-2.7,12.8
mpp,-6.0,10,ack-4f,w,2,2,0,ctl,ok,0,0,-1.2,12.8
mpp,-6.0,10,fsk32r62-r1/2,c32r62,9,1,0,data,ok,8,8,-2.5,12.8
mpp,-6.0,10,ack-4f,w,2,2,0,ctl,ok,0,0,-1.7,12.8
mpp,-6.0,10,fsk32r62-r1/2,c32r62,9,1,0,data,ok,8,7,-3.5,12.8
mpp,-6.0,10,ack-4f,w,3,3,0,ctl,ctl_lost,0,0,-7.1,12.8
mpp,-6.0,10,ack-4f,w,3,3,0,ctl,ok,0,0,-2.7,12.8
mpp,-6.0,10,ack-4f,w,3,3,0,ctl,ok,0,0,-4.3,12.8
mpp,-6.0,10,fsk32r62-r1/2,c32r62,9,1,0,data,ok,8,8,-2.6,12.8
mpp,-6.0,10,n4-ack-8f,n4,2,2,,ctl,missed,0,0,,12.8
mpp,-6.0,10,ack-4f,w,3,3,0,ctl,ok,0,0,-1.2,12.8
mpp,-6.0,10,ack-4f,w,2,2,0,ctl,ok,0,0,-3.8,12.8
mpp,-6.0,10,fsk32r62-r1/2,c32r62,9,1,0,data,ok,8,8,-2.6,12.8
mpp,-6.0,10,n10-ack-4f,n10,2,2,0,ctl,ok,0,0,-0.7,12.8
mpp,-6.0,10,fsk32r62-r1/2,c32r62,9,1,0,data,ok,8,8,-2.7,12.8
mpp,-6.0,10,n10-ack-4f,n10,2,2,0,ctl,ok,0,0,-3.9,12.8
mpp,-6.0,10,fsk32r62-r1/2,c32r62,9,1,0,data,ok,8,8,-2.8,12.8
mpp,-6.0,10,n10-ack-4f,n10,2,2,0,ctl,ok,0,0,-4.4,12.8
mpp,-6.0,10,fsk32r62-r1/2,c32r62,9,1,0,data,ok,8,8,-2.8,12.8
mpp,-6.0,10,n10-ack-4f,n10,2,2,0,ctl,ok,0,0,-3.2,12.8
mpp,-6.0,10,fsk32r62-r1/2,c32r62,9,1,0,data,ok,8,8,-3.4,12.8
mpp,-6.0,10,n10-ack-4f,n10,2,2,0,ctl,ok,0,0,-4.6,12.8
mpp,-6.0,10,fsk32r62-r1/2,c32r62,9,1,0,data,ok,8,8,-2.6,12.8
mpp,-6.0,10,n10-ack-4f,n10,2,2,0,ctl,ok,0,0,-4.1,12.8
mpp,-6.0,10,fsk32r62-r1/2,c32r62,9,1,0,data,ok,8,8,-2.4,12.8
mpp,-6.0,10,n10-ack-4f,n10,2,2,0,ctl,ok,0,0,-1.7,12.8
mpp,-6.0,10,fsk32r62-r1/2,c32r62,9,1,0,data,ok,8,8,-3.2,12.8
mpp,-6.0,10,n10-ack-4f,n10,2,2,,ctl,missed,0,0,,12.8
mpp,-6.0,10,ack-4f,w,3,3,0,ctl,ok,0,0,-1.4,12.8
mpp,-6.0,10,ack-4f,w,2,2,0,ctl,ok,0,0,-4.5,12.8
mpp,-6.0,10,fsk32r62-r1/2,c32r62,9,1,0,data,ok,8,8,-2.8,12.8
mpp,-6.0,8,qpsk-r1/5,w,1,1,,ctl,missed,0,0,,11.9
mpp,-6.0,8,n4-qpsk-r1/3,n4,1,1,0,ctl,ok,0,0,-2.2,11.9
mpp,-6.0,8,n4-qpsk-r1/3,n4,1,1,0,ctl,ok,0,0,-3.2,11.9
mpp,-6.0,8,ack-4f,w,3,3,0,ctl,ok,0,0,-2.5,11.9
mpp,-6.0,8,n10-ack-4f,n10,3,3,0,ctl,ok,0,0,-3.5,11.9
mpp,-6.0,8,qpsk-r1/5,w,9,2,1,data,ok,7,6,-0.9,11.9
mpp,-6.0,8,ack-4f,w,3,3,0,ctl,ok,0,0,0.9,11.9
mpp,-6.0,8,qpsk-r1/5,w,9,2,1,data,ok,6,1,-3.5,11.9
mpp,-6.0,8,ack-4f,w,3,3,0,ctl,ok,0,0,-3.3,11.9
mpp,-6.0,8,qpsk-r1/5,w,9,2,1,data,ok,2,0,-3.1,11.9
mpp,-6.0,8,ack-4f,w,2,2,0,ctl,ok,0,0,-0.2,11.9
mpp,-6.0,8,fsk32r62-r1/2,c32r62,9,1,0,data,ok,8,8,-3.1,11.9
mpp,-6.0,8,ack-4f,w,3,3,0,ctl,ok,0,0,-4.0,11.9
mpp,-6.0,8,fsk32r62-r1/2,c32r62,10,2,1,data,ok,8,8,-2.1,11.9
mpp,-6.0,8,ack-4f,w,3,3,0,ctl,ok,0,0,-1.4,11.9
mpp,-6.0,8,qpsk-r1/5,w,9,2,1,data,ok,7,2,-3.4,11.9
mpp,-6.0,8,ack-4f,w,3,3,0,ctl,ok,0,0,-2.1,11.9
mpp,-6.0,8,qpsk-r1/5,w,9,2,1,data,ok,2,2,-2.2,11.9
mpp,-6.0,8,ack-4f,w,3,3,0,ctl,ok,0,0,-2.8,11.9
mpp,-6.0,8,qpsk-r1/5,w,9,2,1,data,ok,7,6,-2.5,11.9
mpp,-6.0,8,ack-4f,w,3,3,0,ctl,ok,0,0,-0.2,11.9
mpp,-6.0,8,qpsk-r1/5,w,9,2,1,data,ok,6,6,-2.6,11.9
mpp,-6.0,8,ack-4f,w,3,3,0,ctl,ok,0,0,-1.8,11.9
mpp,-6.0,8,qpsk-r1/5,w,9,2,1,data,ok,7,7,-1.3,11.9
mpp,-6.0,8,ack-4f,w,2,2,0,ctl,ok,0,0,-2.2,11.9
mpp,-6.0,8,qpsk-r1/5,w,9,1,0,data,ctl_lost,8,3,-1.8,11.9
mpp,-6.0,8,ack-4f,w,3,3,0,ctl,ok,0,0,-5.7,11.9
mpp,-6.0,8,ack-4f,w,3,3,0,ctl,ok,0,0,-2.6,11.9
mpp,-6.0,8,qpsk-r1/5,w,9,2,1,data,ok,7,4,-2.7,11.9
mpp,-6.0,8,ack-4f,w,3,3,0,ctl,ok,0,0,-3.7,11.9
mpp,-6.0,8,qpsk-r1/5,w,9,2,1,data,ok,4,4,-1.6,11.9
mpp,-6.0,8,ack-4f,w,3,3,0,ctl,ok,0,0,-5.2,11.9
mpp,-6.0,8,qpsk-r1/5,w,9,2,1,data,ok,7,6,-1.7,11.9
mpp,-6.0,8,ack-4f,w,3,3,0,ctl,ok,0,0,-1.5,11.9
mpp,-6.0,8,qpsk-r1/5,w,9,1,0,data,ok,7,6,-1.1,11.9
mpp,-6.0,8,ack-4f,w,3,3,0,ctl,ok,0,0,-3.0,11.9
mpp,-6.0,8,qpsk-r1/5,w,9,1,0,data,ctl_lost,7,2,-3.5,11.9
mpp,-6.0,8,ack-4f,w,3,3,0,ctl,ok,0,0,-5.9,11.9
mpp,-6.0,8,ack-4f,w,3,3,0,ctl,ok,0,0,-3.9,11.9
mpp,-6.0,8,qpsk-r1/5,w,9,2,1,data,ok,6,0,-3.1,11.9
mpp,-6.0,8,ack-4f,w,3,3,0,ctl,ok,0,0,-1.7,11.9
mpp,-6.0,8,fsk32r62-r1/2,c32r62,10,2,1,data,ok,8,8,-2.0,11.9
mpp,-6.0,8,ack-4f,w,3,3,0,ctl,ctl_lost,0,0,-6.3,11.9
mpp,-6.0,8,ack-4f,w,4,4,0,ctl,ok,0,0,-4.4,11.9
mpp,-6.0,8,ack-4f,w,3,3,0,ctl,ok,0,0,-10.0,11.9
mpp,-6.0,8,qpsk-r1/5,w,9,2,1,data,ok,7,7,-1.1,11.9
mpp,-6.0,8,ack-4f,w,3,3,0,ctl,ok,0,0,-0.8,11.9
mpp,-6.0,8,qpsk-r1/5,w,9,2,1,data,ok,7,7,-2.2,11.9
mpp,-6.0,8,ack-4f,w,3,3,0,ctl,ok,0,0,-2.4,11.9
mpp,-6.0,8,qpsk-r1/5,w,9,2,1,data,ok,7,0,-3.0,11.9
mpp,-6.0,8,ack-4f,w,3,3,0,ctl,ok,0,0,-1.7,11.9
mpp,-6.0,8,qpsk-r1/5,w,9,2,1,data,ok,0,0,-3.3,11.9
mpp,-6.0,8,ack-4f,w,3,3,0,ctl,ok,0,0,-6.2,11.9
mpp,-6.0,8,qpsk-r1/5,w,9,2,1,data,ok,7,0,-1.5,11.9
mpp,-6.0,8,ack-4f,w,2,2,0,ctl,ok,0,0,-0.9,11.9
mpp,-6.0,8,qpsk-r1/5,w,9,1,,data,missed,0,0,,11.9
mpp,-6.0,8,ack-4f,w,3,3,0,ctl,ok,0,0,0.5,11.9
mpp,-6.0,8,ack-4f,w,2,2,0,ctl,ok,0,0,-1.0,11.9
mpp,-6.0,8,qpsk-r1/5,w,9,1,0,data,ctl_lost,1,0,-2.9,11.9
mpp,-6.0,8,ack-4f,w,3,3,0,ctl,ok,0,0,-2.0,11.9
mpp,-6.0,8,ack-4f,w,2,2,0,ctl,ok,0,0,-1.6,11.9
mpp,-6.0,8,fsk32r62-r1/2,c32r62,9,1,0,data,ok,8,8,-3.0,11.9
mpp,-6.0,8,ack-4f,w,2,2,0,ctl,ok,0,0,-2.3,11.9
mpp,-6.0,8,fsk32r62-r1/2,c32r62,9,1,0,data,ok,8,8,-1.8,11.9
mpp,-6.0,8,ack-4f,w,2,2,0,ctl,ok,0,0,-3.8,11.9
mpp,-6.0,8,fsk32r62-r1/2,c32r62,9,1,0,data,ok,8,8,-2.0,11.9
mpp,-6.0,8,ack-4f,w,2,2,0,ctl,ok,0,0,-2.1,11.9
mpp,-6.0,8,fsk32r62-r1/2,c32r62,9,1,0,data,ok,8,8,-2.9,11.9
mpp,-6.0,8,ack-4f,w,2,2,0,ctl,ok,0,0,-0.6,11.9
mpp,-6.0,8,fsk32r62-r1/2,c32r62,9,1,0,data,ok,8,8,-2.4,11.9
awgn,15.0,9,qpsk-r1/5,w,1,1,0,ctl,ok,0,0,18.1,560.1
awgn,15.0,9,qpsk-r1/5,w,1,1,0,ctl,ok,0,0,17.7,560.1
awgn,15.0,9,ack-4f,w,3,3,0,ctl,ok,0,0,18.2,560.1
awgn,15.0,9,ack-1f,w,3,3,0,ctl,ok,0,0,18.1,560.1
awgn,15.0,9,w48-64l-r7/12,w48,39,2,1,data,ok,37,37,12.9,560.1
awgn,15.0,9,ack-1f,w,3,3,0,ctl,ok,0,0,17.3,560.1
awgn,15.0,9,w48-64l-r7/12,w48,39,2,1,data,ok,37,36,13.2,560.1
awgn,15.0,9,ack-1f,w,3,3,0,ctl,ok,0,0,17.6,560.1
awgn,15.0,9,w48-64l-r7/12,w48,39,2,1,data,ok,36,36,13.1,560.1
awgn,15.0,9,ack-1f,w,3,3,0,ctl,ok,0,0,17.3,560.1
awgn,15.0,9,w48-64l-r7/12,w48,39,2,1,data,ok,37,37,13.2,560.1
awgn,15.0,9,ack-1f,w,3,3,0,ctl,ok,0,0,17.8,560.1
awgn,15.0,9,w48-64l-r7/12,w48,39,2,1,data,ok,37,37,13.1,560.1
awgn,15.0,9,ack-1f,w,3,3,0,ctl,ok,0,0,18.6,560.1
awgn,15.0,9,w48-64l-r7/12,w48,39,2,1,data,ok,37,37,13.1,560.1
awgn,15.0,9,ack-1f,w,3,3,0,ctl,ok,0,0,17.9,560.1
awgn,15.0,9,w48-64l-r7/12,w48,39,2,1,data,ok,37,37,13.2,560.1
awgn,15.0,9,ack-1f,w,2,2,0,ctl,ok,0,0,17.8,560.1
awgn,15.0,9,w48-64l-r7/12,w48,39,1,0,data,ok,38,38,13.3,560.1
awgn,15.0,9,ack-1f,w,2,2,0,ctl,ok,0,0,17.4,560.1
awgn,15.0,9,w48-64l-r7/12,w48,39,1,0,data,ok,38,38,13.4,560.1
awgn,15.0,9,ack-1f,w,2,2,0,ctl,ok,0,0,18.8,560.1
awgn,15.0,9,w48-64l-r7/12,w48,39,1,0,data,ok,38,38,13.0,560.1
awgn,15.0,9,ack-1f,w,2,2,0,ctl,ok,0,0,17.2,560.1
awgn,15.0,9,w48-64l-r7/12,w48,39,1,0,data,ok,38,37,13.0,560.1
awgn,15.0,9,ack-1f,w,4,4,0,ctl,ok,0,0,18.0,560.1
awgn,15.0,9,w48-64l-r7/12,w48,32,1,0,data,ok,30,28,12.7,560.1
awgn,15.0,9,ack-1f,w,4,4,0,ctl,ok,0,0,17.1,560.1
awgn,15.0,9,w48-64l-r7/12,w48,39,2,1,data,ok,35,35,13.2,560.1
awgn,15.0,9,ack-1f,w,2,2,0,ctl,ok,0,0,18.6,560.1
awgn,15.0,9,w48-64l-r7/12,w48,39,1,0,data,ok,38,38,13.2,560.1
awgn,15.0,9,ack-1f,w,2,2,0,ctl,ok,0,0,17.8,560.1
awgn,15.0,9,w48-64l-r7/12,w48,39,1,0,data,ok,38,38,13.2,560.1
awgn,15.0,9,ack-1f,w,2,2,0,ctl,ok,0,0,18.7,560.1
awgn,15.0,9,w48-64l-r7/12,w48,39,1,0,data,ok,38,38,13.2,560.1
awgn,15.0,9,ack-1f,w,2,2,0,ctl,ok,0,0,17.7,560.1
awgn,15.0,9,w48-64l-r7/12,w48,39,1,0,data,ok,38,38,13.0,560.1
awgn,15.0,9,ack-1f,w,2,2,0,ctl,ok,0,0,17.6,560.1
awgn,15.0,9,w48-64l-r7/12,w48,39,1,0,data,ok,38,38,13.1,560.1
awgn,15.0,9,ack-1f,w,2,2,0,ctl,ok,0,0,18.8,560.1
awgn,15.0,9,w48-64l-r7/12,w48,39,1,0,data,ok,38,38,12.9,560.1
awgn,15.0,9,ack-1f,w,2,2,0,ctl,ok,0,0,18.2,560.1
awgn,15.0,9,w48-64l-r7/12,w48,39,1,0,data,ok,38,37,12.9,560.1
awgn,15.0,9,ack-1f,w,4,4,0,ctl,ok,0,0,18.3,560.1
awgn,15.0,9,w48-64l-r7/12,w48,29,1,0,data,ok,27,27,13.2,560.1
awgn,15.0,9,ack-1f,w,2,2,0,ctl,ok,0,0,18.6,560.1
awgn,15.0,9,w48-64l-r7/12,w48,39,1,0,data,ok,38,38,13.0,560.1
awgn,15.0,9,ack-1f,w,2,2,0,ctl,ok,0,0,18.6,560.1
awgn,15.0,9,w48-64l-r7/12,w48,39,1,0,data,ok,38,38,13.3,560.1
awgn,15.0,9,ack-1f,w,2,2,0,ctl,ok,0,0,18.4,560.1
awgn,15.0,9,w48-64l-r7/12,w48,39,1,0,data,ok,38,38,13.4,560.1
awgn,15.0,9,ack-1f,w,2,2,0,ctl,ok,0,0,17.8,560.1
awgn,15.0,9,w48-64l-r7/12,w48,39,1,0,data,ok,38,38,13.3,560.1
awgn,15.0,9,ack-1f,w,2,2,0,ctl,ok,0,0,18.2,560.1
awgn,15.0,9,w48-64l-r7/12,w48,39,1,0,data,ok,38,38,13.1,560.1
awgn,15.0,9,ack-1f,w,2,2,0,ctl,ok,0,0,19.0,560.1
awgn,15.0,9,w48-64l-r7/12,w48,39,1,0,data,ok,38,38,13.0,560.1
awgn,15.0,9,ack-1f,w,2,2,0,ctl,ok,0,0,18.1,560.1
awgn,15.0,9,w48-64l-r7/12,w48,39,1,0,data,ok,38,38,13.3,560.1
awgn,15.0,9,ack-1f,w,2,2,0,ctl,ok,0,0,18.4,560.1
awgn,15.0,9,w48-64l-r7/12,w48,39,1,0,data,ok,38,37,13.0,560.1
awgn,15.0,9,ack-1f,w,3,3,0,ctl,ok,0,0,18.3,560.1
awgn,15.0,9,w48-64l-r7/12,w48,39,1,0,data,ok,37,37,13.4,560.1
awgn,15.0,9,ack-1f,w,2,2,0,ctl,ok,0,0,18.0,560.1
awgn,15.0,9,w48-64l-r7/12,w48,39,1,0,data,ok,38,38,13.4,560.1
awgn,15.0,9,ack-1f,w,2,2,0,ctl,ok,0,0,18.4,560.1
awgn,15.0,9,w48-64l-r7/12,w48,39,1,0,data,ok,38,38,13.0,560.1
awgn,15.0,9,ack-1f,w,2,2,0,ctl,ok,0,0,17.8,560.1
awgn,15.0,9,w48-64l-r7/12,w48,39,1,0,data,ok,38,38,13.2,560.1
awgn,15.0,9,ack-1f,w,2,2,0,ctl,ok,0,0,18.0,560.1
awgn,15.0,9,w48-64l-r7/12,w48,39,1,0,data,ok,38,38,13.3,560.1
awgn,15.0,9,ack-1f,w,2,2,0,ctl,ok,0,0,18.1,560.1
awgn,15.0,9,w48-64l-r7/12,w48,39,1,0,data,ok,38,38,13.3,560.1
awgn,15.0,9,ack-1f,w,2,2,0,ctl,ok,0,0,18.1,560.1
awgn,15.0,9,w48-64l-r7/12,w48,39,1,0,data,ok,38,38,13.3,560.1
awgn,15.0,9,ack-1f,w,2,2,0,ctl,ok,0,0,17.6,560.1
awgn,15.0,9,w48-64l-r7/12,w48,39,1,0,data,ok,38,38,12.8,560.1
awgn,15.0,9,ack-1f,w,2,2,0,ctl,ok,0,0,18.9,560.1
awgn,15.0,9,w48-64l-r7/12,w48,39,1,0,data,ok,38,38,13.2,560.1
awgn,15.0,9,ack-1f,w,2,2,0,ctl,ok,0,0,18.2,560.1
awgn,15.0,9,w48-64l-r7/12,w48,39,1,0,data,ok,38,38,12.9,560.1
awgn,15.0,9,ack-1f,w,2,2,0,ctl,ok,0,0,17.1,560.1
awgn,15.0,9,w48-64l-r7/12,w48,39,1,0,data,ok,38,36,12.8,560.1
awgn,15.0,9,ack-1f,w,4,4,0,ctl,ok,0,0,17.2,560.1
awgn,15.0,9,w48-64l-r7/12,w48,39,1,0,data,ok,36,36,13.0,560.1
awgn,15.0,9,ack-1f,w,2,2,0,ctl,ok,0,0,17.2,560.1
awgn,15.0,9,w48-64l-r7/12,w48,39,1,0,data,ok,38,38,12.9,560.1
awgn,15.0,9,ack-1f,w,2,2,0,ctl,ok,0,0,18.5,560.1
awgn,15.0,9,w48-64l-r7/12,w48,39,1,0,data,ok,38,38,13.0,560.1
awgn,15.0,9,ack-1f,w,2,2,0,ctl,ok,0,0,17.5,560.1
awgn,15.0,9,w48-64l-r7/12,w48,39,1,0,data,ok,38,38,13.3,560.1
awgn,15.0,9,ack-1f,w,2,2,0,ctl,ok,0,0,17.5,560.1
awgn,15.0,9,w48-64l-r7/12,w48,39,1,0,data,ok,38,38,13.0,560.1
awgn,15.0,0,qpsk-r1/5,w,1,1,0,ctl,ok,0,0,18.2,530.8
awgn,15.0,0,qpsk-r1/5,w,1,1,0,ctl,ok,0,0,17.9,530.8
awgn,15.0,0,ack-4f,w,3,3,0,ctl,ok,0,0,18.0,530.8
awgn,15.0,0,ack-1f,w,3,3,0,ctl,ok,0,0,17.5,530.8
awgn,15.0,0,w48-64l-r7/12,w48,39,2,1,data,ok,37,37,13.2,530.8
awgn,15.0,0,ack-1f,w,3,3,0,ctl,ok,0,0,18.2,530.8
awgn,15.0,0,w48-64l-r7/12,w48,39,2,1,data,ok,37,37,13.0,530.8
awgn,15.0,0,ack-1f,w,3,3,0,ctl,ok,0,0,18.0,530.8
awgn,15.0,0,w48-64l-r7/12,w48,39,2,1,data,ok,37,37,13.0,530.8
awgn,15.0,0,ack-1f,w,3,3,0,ctl,ok,0,0,17.7,530.8
awgn,15.0,0,w48-64l-r7/12,w48,39,2,1,data,ok,37,37,12.9,530.8
awgn,15.0,0,ack-1f,w,3,3,0,ctl,ok,0,0,18.1,530.8
awgn,15.0,0,w48-64l-r7/12,w48,39,2,1,data,ok,37,36,13.0,530.8
awgn,15.0,0,ack-1f,w,4,4,0,ctl,ok,0,0,18.3,530.8
awgn,15.0,0,w48-64l-r7/12,w48,37,2,1,data,ok,34,34,13.4,530.8
awgn,15.0,0,ack-1f,w,2,2,0,ctl,ok,0,0,17.3,530.8
awgn,15.0,0,w48-64l-r7/12,w48,39,1,0,data,ok,38,37,13.3,530.8
awgn,15.0,0,ack-1f,w,4,4,0,ctl,ok,0,0,17.9,530.8
awgn,15.0,0,w48-64l-r7/12,w48,28,1,0,data,ok,26,26,13.1,530.8
awgn,15.0,0,ack-1f,w,2,2,0,ctl,ok,0,0,17.9,530.8
awgn,15.0,0,w48-64l-r7/12,w48,39,1,0,data,ok,38,38,13.1,530.8
awgn,15.0,0,ack-1f,w,2,2,0,ctl,ok,0,0,17.6,530.8
awgn,15.0,0,w48-64l-r7/12,w48,39,1,0,data,ok,38,38,13.3,530.8
awgn,15.0,0,ack-1f,w,2,2,0,ctl,ok,0,0,18.8,530.8
awgn,15.0,0,w48-64l-r7/12,w48,39,1,0,data,ok,38,38,13.0,530.8
awgn,15.0,0,ack-1f,w,2,2,0,ctl,ok,0,0,18.9,530.8
awgn,15.0,0,w48-64l-r7/12,w48,39,1,0,data,ok,38,38,13.4,530.8
awgn,15.0,0,ack-1f,w,2,2,0,ctl,ok,0,0,17.1,530.8
awgn,15.0,0,w48-64l-r7/12,w48,39,1,0,data,ok,38,38,13.3,530.8
awgn,15.0,0,ack-1f,w,2,2,0,ctl,ok,0,0,18.0,530.8
awgn,15.0,0,w48-64l-r7/12,w48,39,1,0,data,ok,38,38,12.9,530.8
awgn,15.0,0,ack-1f,w,2,2,0,ctl,ok,0,0,18.2,530.8
awgn,15.0,0,w48-64l-r7/12,w48,39,1,0,data,ok,38,38,13.3,530.8
awgn,15.0,0,ack-1f,w,2,2,0,ctl,ok,0,0,18.7,530.8
awgn,15.0,0,w48-64l-r7/12,w48,39,1,0,data,ok,38,38,13.3,530.8
awgn,15.0,0,ack-1f,w,2,2,0,ctl,ok,0,0,18.0,530.8
awgn,15.0,0,w48-64l-r7/12,w48,39,1,0,data,ok,38,38,13.1,530.8
awgn,15.0,0,ack-1f,w,2,2,0,ctl,ok,0,0,18.1,530.8
awgn,15.0,0,w48-64l-r7/12,w48,39,1,0,data,ok,38,38,13.1,530.8
awgn,15.0,0,ack-1f,w,2,2,0,ctl,ok,0,0,18.7,530.8
awgn,15.0,0,w48-64l-r7/12,w48,39,1,0,data,ok,38,38,12.8,530.8
awgn,15.0,0,ack-1f,w,2,2,0,ctl,ok,0,0,18.4,530.8
awgn,15.0,0,w48-64l-r7/12,w48,39,1,0,data,ok,38,38,13.1,530.8
awgn,15.0,0,ack-1f,w,2,2,0,ctl,ok,0,0,18.2,530.8
awgn,15.0,0,w48-64l-r7/12,w48,39,1,0,data,ok,38,38,13.3,530.8
awgn,15.0,0,ack-1f,w,2,2,0,ctl,ok,0,0,17.7,530.8
awgn,15.0,0,w48-64l-r7/12,w48,39,1,0,data,ok,38,38,13.0,530.8
awgn,15.0,0,ack-1f,w,2,2,0,ctl,ok,0,0,17.5,530.8
awgn,15.0,0,w48-64l-r7/12,w48,39,1,0,data,ok,38,38,13.2,530.8
awgn,15.0,0,ack-1f,w,2,2,0,ctl,ok,0,0,18.0,530.8
awgn,15.0,0,w48-64l-r7/12,w48,39,1,0,data,ok,38,38,13.2,530.8
awgn,15.0,0,ack-1f,w,2,2,0,ctl,ok,0,0,18.0,530.8
awgn,15.0,0,w48-64l-r7/12,w48,39,1,0,data,ok,38,38,13.2,530.8
awgn,15.0,0,ack-1f,w,2,2,0,ctl,ok,0,0,19.1,530.8
awgn,15.0,0,w48-64l-r7/12,w48,39,1,0,data,ok,38,38,12.8,530.8
awgn,15.0,0,ack-1f,w,2,2,0,ctl,ok,0,0,17.4,530.8
awgn,15.0,0,w48-64l-r7/12,w48,39,1,0,data,ok,38,37,13.2,530.8
awgn,15.0,0,ack-1f,w,3,3,0,ctl,ok,0,0,18.2,530.8
awgn,15.0,0,w48-64l-r7/12,w48,39,1,0,data,ok,37,37,13.1,530.8
awgn,15.0,0,ack-1f,w,2,2,0,ctl,ok,0,0,17.2,530.8
awgn,15.0,0,w48-64l-r7/12,w48,39,1,0,data,ok,38,38,13.2,530.8
awgn,15.0,0,ack-1f,w,2,2,0,ctl,ok,0,0,18.8,530.8
awgn,15.0,0,w48-64l-r7/12,w48,39,1,0,data,ok,38,38,13.1,530.8
awgn,15.0,0,ack-1f,w,2,2,0,ctl,ok,0,0,17.7,530.8
awgn,15.0,0,w48-64l-r7/12,w48,39,1,0,data,ok,38,38,13.3,530.8
awgn,15.0,0,ack-1f,w,2,2,0,ctl,ok,0,0,19.0,530.8
awgn,15.0,0,w48-64l-r7/12,w48,39,1,0,data,ok,38,38,13.3,530.8
awgn,15.0,0,ack-1f,w,2,2,0,ctl,ok,0,0,17.7,530.8
awgn,15.0,0,w48-64l-r7/12,w48,39,1,0,data,ok,38,38,13.0,530.8
awgn,15.0,0,ack-1f,w,2,2,0,ctl,ok,0,0,18.2,530.8
awgn,15.0,0,w48-64l-r7/12,w48,39,1,0,data,ok,38,37,12.8,530.8
awgn,15.0,0,ack-1f,w,3,3,0,ctl,ok,0,0,18.6,530.8
awgn,15.0,0,w48-64l-r7/12,w48,39,1,0,data,ok,37,37,13.3,530.8
awgn,15.0,0,ack-1f,w,2,2,0,ctl,ok,0,0,17.5,530.8
awgn,15.0,0,w48-64l-r7/12,w48,39,1,0,data,ok,38,37,13.0,530.8
awgn,15.0,0,ack-1f,w,3,3,0,ctl,ok,0,0,18.1,530.8
awgn,15.0,0,w48-64l-r7/12,w48,39,1,0,data,ok,37,37,13.0,530.8
awgn,15.0,0,ack-1f,w,2,2,0,ctl,ok,0,0,18.6,530.8
awgn,15.0,0,w48-64l-r7/12,w48,39,1,0,data,ok,38,38,13.0,530.8
awgn,15.0,0,ack-1f,w,2,2,0,ctl,ok,0,0,18.5,530.8
awgn,15.0,0,w48-64l-r7/12,w48,39,1,0,data,ok,38,38,13.2,530.8
awgn,15.0,0,ack-1f,w,2,2,0,ctl,ok,0,0,18.5,530.8
awgn,15.0,0,w48-64l-r7/12,w48,39,1,0,data,ctl_lost,38,38,12.8,530.8
awgn,15.0,0,ack-4f,w,3,3,0,ctl,ok,0,0,17.9,530.8
awgn,15.0,0,ack-4f,w,2,2,0,ctl,ok,0,0,18.3,530.8
awgn,15.0,0,w48-64l-r7/12,w48,39,1,0,data,ok,38,37,12.9,530.8
awgn,15.0,0,ack-1f,w,3,3,0,ctl,ok,0,0,18.7,530.8
awgn,15.0,0,w48-64l-r7/12,w48,39,1,0,data,ok,37,37,13.3,530.8
awgn,15.0,0,ack-1f,w,2,2,0,ctl,ok,0,0,19.0,530.8
awgn,15.0,0,w48-64l-r7/12,w48,39,1,0,data,ok,38,37,13.1,530.8
awgn,15.0,0,ack-1f,w,3,3,0,ctl,ok,0,0,17.7,530.8
awgn,15.0,0,w48-64l-r7/12,w48,39,1,0,data,ok,37,37,13.2,530.8
awgn,15.0,4,qpsk-r1/5,w,1,1,0,ctl,ok,0,0,18.2,563.5
awgn,15.0,4,qpsk-r1/5,w,1,1,0,ctl,ok,0,0,18.0,563.5
awgn,15.0,4,ack-4f,w,3,3,0,ctl,ok,0,0,18.2,563.5
awgn,15.0,4,ack-1f,w,3,3,0,ctl,ok,0,0,17.9,563.5
awgn,15.0,4,w48-64l-r7/12,w48,39,2,1,data,ok,37,37,13.1,563.5
awgn,15.0,4,ack-1f,w,3,3,0,ctl,ok,0,0,18.5,563.5
awgn,15.0,4,w48-64l-r7/12,w48,39,2,1,data,ok,37,36,12.7,563.5
awgn,15.0,4,ack-1f,w,4,4,0,ctl,ok,0,0,18.1,563.5
awgn,15.0,4,w48-64l-r7/12,w48,39,2,1,data,ok,36,35,12.9,563.5
awgn,15.0,4,ack-1f,w,4,4,0,ctl,ok,0,0,18.0,563.5
awgn,15.0,4,w48-64l-r7/12,w48,39,2,1,data,ok,36,36,13.0,563.5
awgn,15.0,4,ack-1f,w,3,3,0,ctl,ok,0,0,18.2,563.5
awgn,15.0,4,w48-64l-r7/12,w48,39,2,1,data,ok,37,37,13.2,563.5
awgn,15.0,4,ack-1f,w,3,3,0,ctl,ok,0,0,17.8,563.5
awgn,15.0,4,w48-64l-r7/12,w48,39,2,1,data,ok,37,36,13.1,563.5
awgn,15.0,4,ack-1f,w,4,4,0,ctl,ok,0,0,17.9,563.5
awgn,15.0,4,w48-64l-r7/12,w48,29,1,0,data,ok,27,27,12.9,563.5
awgn,15.0,4,ack-1f,w,3,3,0,ctl,ok,0,0,17.4,563.5
awgn,15.0,4,w48-64l-r7/12,w48,39,2,1,data,ok,37,37,13.2,563.5
awgn,15.0,4,ack-1f,w,2,2,0,ctl,ok,0,0,18.0,563.5
awgn,15.0,4,w48-64l-r7/12,w48,39,1,0,data,ok,38,38,13.2,563.5
awgn,15.0,4,ack-1f,w,2,2,0,ctl,ok,0,0,17.4,563.5
awgn,15.0,4,w48-64l-r7/12,w48,39,1,0,data,ok,38,38,13.3,563.5
awgn,15.0,4,ack-1f,w,2,2,0,ctl,ok,0,0,18.3,563.5
awgn,15.0,4,w48-64l-r7/12,w48,39,1,0,data,ok,38,38,13.3,563.5
awgn,15.0,4,ack-1f,w,2,2,0,ctl,ok,0,0,18.0,563.5
awgn,15.0,4,w48-64l-r7/12,w48,39,1,0,data,ok,38,38,13.1,563.5
awgn,15.0,4,ack-1f,w,2,2,0,ctl,ok,0,0,17.6,563.5
awgn,15.0,4,w48-64l-r7/12,w48,39,1,0,data,ok,38,38,13.0,563.5
awgn,15.0,4,ack-1f,w,2,2,0,ctl,ok,0,0,17.3,563.5
awgn,15.0,4,w48-64l-r7/12,w48,39,1,0,data,ok,38,38,13.1,563.5
awgn,15.0,4,ack-1f,w,2,2,0,ctl,ok,0,0,18.0,563.5
awgn,15.0,4,w48-64l-r7/12,w48,39,1,0,data,ok,38,38,13.1,563.5
awgn,15.0,4,ack-1f,w,2,2,0,ctl,ok,0,0,18.1,563.5
awgn,15.0,4,w48-64l-r7/12,w48,39,1,0,data,ok,38,38,13.1,563.5
awgn,15.0,4,ack-1f,w,2,2,0,ctl,ok,0,0,17.0,563.5
awgn,15.0,4,w48-64l-r7/12,w48,39,1,0,data,ok,38,38,13.1,563.5
awgn,15.0,4,ack-1f,w,2,2,0,ctl,ok,0,0,17.4,563.5
awgn,15.0,4,w48-64l-r7/12,w48,39,1,0,data,ok,38,37,13.3,563.5
awgn,15.0,4,ack-1f,w,3,3,0,ctl,ok,0,0,18.0,563.5
awgn,15.0,4,w48-64l-r7/12,w48,39,1,0,data,ok,37,37,13.1,563.5
awgn,15.0,4,ack-1f,w,2,2,0,ctl,ok,0,0,17.9,563.5
awgn,15.0,4,w48-64l-r7/12,w48,39,1,0,data,ok,38,38,13.2,563.5
awgn,15.0,4,ack-1f,w,2,2,0,ctl,ok,0,0,17.9,563.5
awgn,15.0,4,w48-64l-r7/12,w48,39,1,0,data,ok,38,38,13.1,563.5
awgn,15.0,4,ack-1f,w,2,2,0,ctl,ok,0,0,17.8,563.5
awgn,15.0,4,w48-64l-r7/12,w48,39,1,0,data,ok,38,38,13.2,563.5
awgn,15.0,4,ack-1f,w,2,2,0,ctl,ok,0,0,18.3,563.5
awgn,15.0,4,w48-64l-r7/12,w48,39,1,0,data,ok,38,38,13.1,563.5
awgn,15.0,4,ack-1f,w,2,2,0,ctl,ok,0,0,18.1,563.5
awgn,15.0,4,w48-64l-r7/12,w48,39,1,0,data,ok,38,38,13.2,563.5
awgn,15.0,4,ack-1f,w,2,2,0,ctl,ok,0,0,18.4,563.5
awgn,15.0,4,w48-64l-r7/12,w48,39,1,0,data,ok,38,38,13.2,563.5
awgn,15.0,4,ack-1f,w,2,2,0,ctl,ok,0,0,18.2,563.5
awgn,15.0,4,w48-64l-r7/12,w48,39,1,0,data,ok,38,38,13.0,563.5
awgn,15.0,4,ack-1f,w,2,2,0,ctl,ok,0,0,18.7,563.5
awgn,15.0,4,w48-64l-r7/12,w48,39,1,0,data,ok,38,38,13.1,563.5
awgn,15.0,4,ack-1f,w,2,2,0,ctl,ok,0,0,18.0,563.5
awgn,15.0,4,w48-64l-r7/12,w48,39,1,0,data,ok,38,38,13.2,563.5
awgn,15.0,4,ack-1f,w,2,2,0,ctl,ok,0,0,17.1,563.5
awgn,15.0,4,w48-64l-r7/12,w48,39,1,0,data,ok,38,38,12.9,563.5
awgn,15.0,4,ack-1f,w,2,2,0,ctl,ok,0,0,18.2,563.5
awgn,15.0,4,w48-64l-r7/12,w48,39,1,0,data,ok,38,37,13.0,563.5
awgn,15.0,4,ack-1f,w,3,3,0,ctl,ok,0,0,18.0,563.5
awgn,15.0,4,w48-64l-r7/12,w48,39,1,0,data,ok,37,36,12.8,563.5
awgn,15.0,4,ack-1f,w,3,3,0,ctl,ok,0,0,17.6,563.5
awgn,15.0,4,w48-64l-r7/12,w48,39,1,0,data,ok,37,37,13.2,563.5
awgn,15.0,4,ack-1f,w,2,2,0,ctl,ok,0,0,18.8,563.5
awgn,15.0,4,w48-64l-r7/12,w48,39,1,0,data,ok,38,38,13.2,563.5
awgn,15.0,4,ack-1f,w,2,2,0,ctl,ok,0,0,18.1,563.5
awgn,15.0,4,w48-64l-r7/12,w48,39,1,0,data,ok,38,38,13.3,563.5
awgn,15.0,4,ack-1f,w,2,2,0,ctl,ok,0,0,18.9,563.5
awgn,15.0,4,w48-64l-r7/12,w48,39,1,0,data,ok,38,38,13.3,563.5
awgn,15.0,4,ack-1f,w,2,2,0,ctl,ok,0,0,18.6,563.5
awgn,15.0,4,w48-64l-r7/12,w48,39,1,0,data,ok,38,37,13.1,563.5
awgn,15.0,4,ack-1f,w,3,3,0,ctl,ok,0,0,18.3,563.5
awgn,15.0,4,w48-64l-r7/12,w48,39,1,0,data,ok,37,37,13.2,563.5
awgn,15.0,4,ack-1f,w,2,2,0,ctl,ok,0,0,17.8,563.5
awgn,15.0,4,w48-64l-r7/12,w48,39,1,0,data,ok,38,38,12.9,563.5
awgn,15.0,4,ack-1f,w,2,2,0,ctl,ok,0,0,18.2,563.5
awgn,15.0,4,w48-64l-r7/12,w48,39,1,0,data,ok,38,38,13.2,563.5
awgn,15.0,4,ack-1f,w,2,2,0,ctl,ok,0,0,17.7,563.5
awgn,15.0,4,w48-64l-r7/12,w48,39,1,0,data,ok,38,38,13.2,563.5
awgn,15.0,4,ack-1f,w,2,2,0,ctl,ok,0,0,18.7,563.5
awgn,15.0,4,w48-64l-r7/12,w48,39,1,0,data,ok,38,38,13.1,563.5
awgn,15.0,4,ack-1f,w,2,2,0,ctl,ok,0,0,17.5,563.5
awgn,15.0,4,w48-64l-r7/12,w48,39,1,0,data,ok,38,38,13.1,563.5
awgn,15.0,4,ack-1f,w,2,2,0,ctl,ok,0,0,17.8,563.5
awgn,15.0,4,w48-64l-r7/12,w48,39,1,0,data,ok,38,38,13.3,563.5
awgn,15.0,4,ack-1f,w,2,2,0,ctl,ok,0,0,17.9,563.5
awgn,15.0,4,w48-64l-r7/12,w48,39,1,0,data,ok,38,38,12.9,563.5
awgn,15.0,4,ack-1f,w,2,2,0,ctl,ok,0,0,17.8,563.5
awgn,15.0,1,qpsk-r1/5,w,1,1,0,ctl,ok,0,0,17.8,555.9
awgn,15.0,1,qpsk-r1/5,w,1,1,0,ctl,ok,0,0,17.9,555.9
awgn,15.0,1,ack-4f,w,3,3,0,ctl,ok,0,0,18.2,555.9
awgn,15.0,1,ack-1f,w,3,3,0,ctl,ok,0,0,18.1,555.9
awgn,15.0,1,w48-64l-r7/12,w48,39,2,1,data,ok,37,37,13.2,555.9
awgn,15.0,1,ack-1f,w,3,3,0,ctl,ok,0,0,18.3,555.9
awgn,15.0,1,w48-64l-r7/12,w48,39,2,1,data,ok,37,37,13.3,555.9
awgn,15.0,1,ack-1f,w,3,3,0,ctl,ok,0,0,17.6,555.9
awgn,15.0,1,w48-64l-r7/12,w48,39,2,1,data,ok,37,37,13.3,555.9
awgn,15.0,1,ack-1f,w,3,3,0,ctl,ok,0,0,18.4,555.9
awgn,15.0,1,w48-64l-r7/12,w48,39,2,1,data,ok,37,37,13.3,555.9
awgn,15.0,1,ack-1f,w,3,3,0,ctl,ok,0,0,18.1,555.9
awgn,15.0,1,w48-64l-r7/12,w48,39,2,1,data,ok,37,37,13.3,555.9
awgn,15.0,1,ack-1f,w,3,3,0,ctl,ok,0,0,18.2,555.9
awgn,15.0,1,w48-64l-r7/12,w48,39,2,1,data,ok,37,37,13.0,555.9
awgn,15.0,1,ack-1f,w,3,3,0,ctl,ok,0,0,18.1,555.9
awgn,15.0,1,w48-64l-r7/12,w48,39,2,1,data,ok,37,37,13.2,555.9
awgn,15.0,1,ack-1f,w,2,2,0,ctl,ok,0,0,18.3,555.9
awgn,15.0,1,w48-64l-r7/12,w48,39,1,0,data,ok,38,38,13.1,555.9
awgn,15.0,1,ack-1f,w,2,2,0,ctl,ok,0,0,18.2,555.9
awgn,15.0,1,w48-64l-r7/12,w48,39,1,0,data,ok,38,38,13.0,555.9
awgn,15.0,1,ack-1f,w,2,2,0,ctl,ok,0,0,17.4,555.9
awgn,15.0,1,w48-64l-r7/12,w48,39,1,0,data,ok,38,38,13.2,555.9
awgn,15.0,1,ack-1f,w,2,2,0,ctl,ok,0,0,18.1,555.9
awgn,15.0,1,w48-64l-r7/12,w48,39,1,0,data,ok,38,38,13.1,555.9
awgn,15.0,1,ack-1f,w,2,2,0,ctl,ok,0,0,17.5,555.9
awgn,15.0,1,w48-64l-r7/12,w48,39,1,0,data,ok,38,38,13.3,555.9
awgn,15.0,1,ack-1f,w,2,2,0,ctl,ok,0,0,17.0,555.9
awgn,15.0,1,w48-64l-r7/12,w48,39,1,0,data,ok,38,38,13.2,555.9
awgn,15.0,1,ack-1f,w,2,2,0,ctl,ok,0,0,18.3,555.9
awgn,15.0,1,w48-64l-r7/12,w48,39,1,0,data,ok,38,38,13.0,555.9
awgn,15.0,1,ack-1f,w,2,2,0,ctl,ok,0,0,17.9,555.9
awgn,15.0,1,w48-64l-r7/12,w48,39,1,0,data,ok,38,38,12.9,555.9
awgn,15.0,1,ack-1f,w,2,2,0,ctl,ok,0,0,18.3,555.9
awgn,15.0,1,w48-64l-r7/12,w48,39,1,0,data,ok,38,38,13.2,555.9
awgn,15.0,1,ack-1f,w,2,2,0,ctl,ok,0,0,18.4,555.9
awgn,15.0,1,w48-64l-r7/12,w48,39,1,0,data,ok,38,38,13.0,555.9
awgn,15.0,1,ack-1f,w,2,2,0,ctl,ok,0,0,17.3,555.9
awgn,15.0,1,w48-64l-r7/12,w48,39,1,0,data,ok,38,38,13.0,555.9
awgn,15.0,1,ack-1f,w,2,2,0,ctl,ok,0,0,18.2,555.9
awgn,15.0,1,w48-64l-r7/12,w48,39,1,0,data,ok,38,38,13.2,555.9
awgn,15.0,1,ack-1f,w,2,2,0,ctl,ok,0,0,17.8,555.9
awgn,15.0,1,w48-64l-r7/12,w48,39,1,0,data,ok,38,38,13.0,555.9
awgn,15.0,1,ack-1f,w,2,2,0,ctl,ok,0,0,19.3,555.9
awgn,15.0,1,w48-64l-r7/12,w48,39,1,0,data,ok,38,38,13.2,555.9
awgn,15.0,1,ack-1f,w,2,2,0,ctl,ok,0,0,17.6,555.9
awgn,15.0,1,w48-64l-r7/12,w48,39,1,0,data,ok,38,38,12.9,555.9
awgn,15.0,1,ack-1f,w,2,2,0,ctl,ok,0,0,18.0,555.9
awgn,15.0,1,w48-64l-r7/12,w48,39,1,0,data,ok,38,38,13.0,555.9
awgn,15.0,1,ack-1f,w,2,2,0,ctl,ok,0,0,17.5,555.9
awgn,15.0,1,w48-64l-r7/12,w48,39,1,0,data,ok,38,38,13.3,555.9
awgn,15.0,1,ack-1f,w,2,2,0,ctl,ok,0,0,18.0,555.9
awgn,15.0,1,w48-64l-r7/12,w48,39,1,0,data,ok,38,38,13.1,555.9
awgn,15.0,1,ack-1f,w,2,2,0,ctl,ok,0,0,19.2,555.9
awgn,15.0,1,w48-64l-r7/12,w48,39,1,0,data,ok,38,38,13.2,555.9
awgn,15.0,1,ack-1f,w,2,2,0,ctl,ok,0,0,17.6,555.9
awgn,15.0,1,w48-64l-r7/12,w48,39,1,0,data,ok,38,38,13.1,555.9
awgn,15.0,1,ack-1f,w,2,2,0,ctl,ok,0,0,18.4,555.9
awgn,15.0,1,w48-64l-r7/12,w48,39,1,0,data,ok,38,38,13.3,555.9
awgn,15.0,1,ack-1f,w,2,2,0,ctl,ok,0,0,18.6,555.9
awgn,15.0,1,w48-64l-r7/12,w48,39,1,0,data,ok,38,38,13.2,555.9
awgn,15.0,1,ack-1f,w,2,2,0,ctl,ok,0,0,18.1,555.9
awgn,15.0,1,w48-64l-r7/12,w48,39,1,0,data,ok,38,38,13.0,555.9
awgn,15.0,1,ack-1f,w,2,2,0,ctl,ok,0,0,17.4,555.9
awgn,15.0,1,w48-64l-r7/12,w48,39,1,0,data,ok,38,38,12.9,555.9
awgn,15.0,1,ack-1f,w,2,2,0,ctl,ok,0,0,18.2,555.9
awgn,15.0,1,w48-64l-r7/12,w48,39,1,0,data,ok,38,38,13.3,555.9
awgn,15.0,1,ack-1f,w,2,2,0,ctl,ok,0,0,17.5,555.9
awgn,15.0,1,w48-64l-r7/12,w48,39,1,0,data,ok,38,37,13.2,555.9
awgn,15.0,1,ack-1f,w,3,3,0,ctl,ok,0,0,18.6,555.9
awgn,15.0,1,w48-64l-r7/12,w48,39,1,0,data,ok,37,37,13.4,555.9
awgn,15.0,1,ack-1f,w,2,2,0,ctl,ok,0,0,18.3,555.9
awgn,15.0,1,w48-64l-r7/12,w48,39,1,0,data,ok,38,38,13.2,555.9
awgn,15.0,1,ack-1f,w,2,2,0,ctl,ok,0,0,17.6,555.9
awgn,15.0,1,w48-64l-r7/12,w48,39,1,0,data,ok,38,38,13.1,555.9
awgn,15.0,1,ack-1f,w,2,2,0,ctl,ok,0,0,17.5,555.9
awgn,15.0,1,w48-64l-r7/12,w48,39,1,0,data,ok,38,38,13.2,555.9
awgn,15.0,1,ack-1f,w,2,2,0,ctl,ok,0,0,18.5,555.9
awgn,15.0,1,w48-64l-r7/12,w48,39,1,0,data,ok,38,38,12.8,555.9
awgn,15.0,1,ack-1f,w,2,2,0,ctl,ok,0,0,17.3,555.9
awgn,15.0,1,w48-64l-r7/12,w48,39,1,0,data,ok,38,38,12.9,555.9
awgn,15.0,1,ack-1f,w,2,2,0,ctl,ok,0,0,18.5,555.9
awgn,15.0,1,w48-64l-r7/12,w48,39,1,0,data,ok,38,38,13.2,555.9
awgn,15.0,1,ack-1f,w,2,2,0,ctl,ok,0,0,18.3,555.9
awgn,15.0,1,w48-64l-r7/12,w48,39,1,0,data,ok,38,38,13.3,555.9
awgn,15.0,1,ack-1f,w,2,2,0,ctl,ok,0,0,18.6,555.9
awgn,15.0,1,w48-64l-r7/12,w48,39,1,0,data,ok,38,38,13.0,555.9
awgn,15.0,1,ack-1f,w,2,2,0,ctl,ok,0,0,18.7,555.9
awgn,15.0,1,w48-64l-r7/12,w48,39,1,0,data,ok,38,38,13.0,555.9
awgn,15.0,1,ack-1f,w,2,2,0,ctl,ok,0,0,17.8,555.9
awgn,15.0,1,w48-64l-r7/12,w48,39,1,0,data,ok,38,38,13.2,555.9
awgn,15.0,2,qpsk-r1/5,w,1,1,0,ctl,ok,0,0,17.7,552.9
awgn,15.0,2,qpsk-r1/5,w,1,1,0,ctl,ok,0,0,17.8,552.9
awgn,15.0,2,ack-4f,w,3,3,0,ctl,ok,0,0,17.8,552.9
awgn,15.0,2,ack-1f,w,3,3,0,ctl,ok,0,0,18.3,552.9
awgn,15.0,2,w48-64l-r7/12,w48,39,2,1,data,ok,37,37,13.0,552.9
awgn,15.0,2,ack-1f,w,3,3,0,ctl,ok,0,0,17.6,552.9
awgn,15.0,2,w48-64l-r7/12,w48,39,2,1,data,ok,37,37,13.1,552.9
awgn,15.0,2,ack-1f,w,3,3,0,ctl,ok,0,0,17.7,552.9
awgn,15.0,2,w48-64l-r7/12,w48,39,2,1,data,ok,37,37,13.3,552.9
awgn,15.0,2,ack-1f,w,3,3,0,ctl,ok,0,0,17.6,552.9
awgn,15.0,2,w48-64l-r7/12,w48,39,2,1,data,ok,37,37,13.1,552.9
awgn,15.0,2,ack-1f,w,3,3,0,ctl,ok,0,0,18.1,552.9
awgn,15.0,2,w48-64l-r7/12,w48,39,2,1,data,ok,37,37,12.9,552.9
awgn,15.0,2,ack-1f,w,3,3,0,ctl,ok,0,0,18.0,552.9
awgn,15.0,2,w48-64l-r7/12,w48,39,2,1,data,ok,37,37,13.2,552.9
awgn,15.0,2,ack-1f,w,2,2,0,ctl,ok,0,0,17.8,552.9
awgn,15.0,2,w48-64l-r7/12,w48,39,1,0,data,ok,38,38,13.2,552.9
awgn,15.0,2,ack-1f,w,2,2,0,ctl,ok,0,0,17.2,552.9
awgn,15.0,2,w48-64l-r7/12,w48,39,1,0,data,ok,38,38,12.9,552.9
awgn,15.0,2,ack-1f,w,3,3,0,ctl,ok,0,0,17.8,552.9
awgn,15.0,2,w48-64l-r7/12,w48,39,2,1,data,ok,37,37,12.7,552.9
awgn,15.0,2,ack-1f,w,3,3,0,ctl,ok,0,0,17.7,552.9
awgn,15.0,2,w48-64l-r7/12,w48,39,2,1,data,ok,37,37,13.3,552.9
awgn,15.0,2,ack-1f,w,2,2,0,ctl,ok,0,0,18.7,552.9
awgn,15.0,2,w48-64l-r7/12,w48,39,1,0,data,ok,38,38,13.0,552.9
awgn,15.0,2,ack-1f,w,2,2,0,ctl,ok,0,0,17.9,552.9
awgn,15.0,2,w48-64l-r7/12,w48,39,1,0,data,ok,38,38,13.2,552.9
awgn,15.0,2,ack-1f,w,2,2,0,ctl,ok,0,0,18.3,552.9
awgn,15.0,2,w48-64l-r7/12,w48,39,1,0,data,ok,38,38,13.1,552.9
awgn,15.0,2,ack-1f,w,2,2,0,ctl,ok,0,0,18.0,552.9
awgn,15.0,2,w48-64l-r7/12,w48,39,1,0,data,ok,38,38,13.3,552.9
awgn,15.0,2,ack-1f,w,2,2,0,ctl,ok,0,0,18.2,552.9
awgn,15.0,2,w48-64l-r7/12,w48,39,1,0,data,ok,38,38,13.0,552.9
awgn,15.0,2,ack-1f,w,2,2,0,ctl,ok,0,0,18.9,552.9
awgn,15.0,2,w48-64l-r7/12,w48,39,1,0,data,ok,38,38,13.2,552.9
awgn,15.0,2,ack-1f,w,2,2,0,ctl,ok,0,0,18.6,552.9
awgn,15.0,2,w48-64l-r7/12,w48,39,1,0,data,ok,38,38,13.1,552.9
awgn,15.0,2,ack-1f,w,2,2,0,ctl,ok,0,0,17.9,552.9
awgn,15.0,2,w48-64l-r7/12,w48,39,1,0,data,ok,38,38,13.2,552.9
awgn,15.0,2,ack-1f,w,2,2,0,ctl,ok,0,0,18.0,552.9
awgn,15.0,2,w48-64l-r7/12,w48,39,1,0,data,ok,38,37,12.7,552.9
awgn,15.0,2,ack-1f,w,3,3,0,ctl,ok,0,0,17.9,552.9
awgn,15.0,2,w48-64l-r7/12,w48,39,1,0,data,ok,37,37,13.2,552.9
awgn,15.0,2,ack-1f,w,2,2,0,ctl,ok,0,0,17.8,552.9
awgn,15.0,2,w48-64l-r7/12,w48,39,1,0,data,ok,38,38,13.2,552.9
awgn,15.0,2,ack-1f,w,2,2,0,ctl,ok,0,0,18.3,552.9
awgn,15.0,2,w48-64l-r7/12,w48,39,1,0,data,ok,38,38,12.9,552.9
awgn,15.0,2,ack-1f,w,2,2,0,ctl,ok,0,0,18.3,552.9
awgn,15.0,2,w48-64l-r7/12,w48,39,1,0,data,ok,38,38,13.1,552.9
awgn,15.0,2,ack-1f,w,2,2,0,ctl,ok,0,0,18.1,552.9
awgn,15.0,2,w48-64l-r7/12,w48,39,1,0,data,ok,38,38,13.1,552.9
awgn,15.0,2,ack-1f,w,2,2,0,ctl,ok,0,0,18.8,552.9
awgn,15.0,2,w48-64l-r7/12,w48,39,1,0,data,ok,38,38,13.0,552.9
awgn,15.0,2,ack-1f,w,2,2,0,ctl,ok,0,0,17.9,552.9
awgn,15.0,2,w48-64l-r7/12,w48,39,1,0,data,ok,38,37,12.9,552.9
awgn,15.0,2,ack-1f,w,3,3,0,ctl,ok,0,0,18.6,552.9
awgn,15.0,2,w48-64l-r7/12,w48,39,1,0,data,ok,37,37,13.0,552.9
awgn,15.0,2,ack-1f,w,2,2,0,ctl,ok,0,0,19.6,552.9
awgn,15.0,2,w48-64l-r7/12,w48,39,1,0,data,ok,38,38,13.1,552.9
awgn,15.0,2,ack-1f,w,2,2,0,ctl,ok,0,0,17.7,552.9
awgn,15.0,2,w48-64l-r7/12,w48,39,1,0,data,ok,38,37,13.1,552.9
awgn,15.0,2,ack-1f,w,3,3,0,ctl,ok,0,0,18.1,552.9
awgn,15.0,2,w48-64l-r7/12,w48,39,1,0,data,ok,37,37,13.3,552.9
awgn,15.0,2,ack-1f,w,2,2,0,ctl,ok,0,0,18.2,552.9
awgn,15.0,2,w48-64l-r7/12,w48,39,1,0,data,ok,38,38,13.2,552.9
awgn,15.0,2,ack-1f,w,2,2,0,ctl,ok,0,0,18.1,552.9
awgn,15.0,2,w48-64l-r7/12,w48,39,1,0,data,ok,38,38,13.2,552.9
awgn,15.0,2,ack-1f,w,2,2,0,ctl,ok,0,0,18.7,552.9
awgn,15.0,2,w48-64l-r7/12,w48,39,1,0,data,ok,38,38,13.2,552.9
awgn,15.0,2,ack-1f,w,2,2,0,ctl,ok,0,0,17.8,552.9
awgn,15.0,2,w48-64l-r7/12,w48,39,1,0,data,ok,38,38,13.4,552.9
awgn,15.0,2,ack-1f,w,2,2,0,ctl,ok,0,0,18.8,552.9
awgn,15.0,2,w48-64l-r7/12,w48,39,1,0,data,ok,38,38,13.2,552.9
awgn,15.0,2,ack-1f,w,2,2,0,ctl,ok,0,0,17.4,552.9
awgn,15.0,2,w48-64l-r7/12,w48,39,1,0,data,ok,38,38,13.2,552.9
awgn,15.0,2,ack-1f,w,2,2,0,ctl,ok,0,0,18.8,552.9
awgn,15.0,2,w48-64l-r7/12,w48,39,1,0,data,ok,38,38,13.2,552.9
awgn,15.0,2,ack-1f,w,2,2,0,ctl,ok,0,0,17.6,552.9
awgn,15.0,2,w48-64l-r7/12,w48,39,1,0,data,ok,38,38,12.8,552.9
awgn,15.0,2,ack-1f,w,2,2,0,ctl,ok,0,0,18.4,552.9
awgn,15.0,2,w48-64l-r7/12,w48,39,1,0,data,ok,38,38,13.2,552.9
awgn,15.0,2,ack-1f,w,2,2,0,ctl,ok,0,0,18.6,552.9
awgn,15.0,2,w48-64l-r7/12,w48,39,1,0,data,ok,38,38,13.1,552.9
awgn,15.0,2,ack-1f,w,2,2,0,ctl,ok,0,0,18.5,552.9
awgn,15.0,2,w48-64l-r7/12,w48,39,1,0,data,ok,38,38,13.1,552.9
awgn,15.0,2,ack-1f,w,2,2,0,ctl,ok,0,0,17.8,552.9
awgn,15.0,2,w48-64l-r7/12,w48,39,1,0,data,ok,38,38,13.0,552.9
awgn,15.0,2,ack-1f,w,2,2,0,ctl,ok,0,0,17.8,552.9
awgn,15.0,2,w48-64l-r7/12,w48,39,1,0,data,ok,38,37,12.9,552.9
awgn,15.0,2,ack-1f,w,3,3,0,ctl,ok,0,0,17.4,552.9
awgn,15.0,2,w48-64l-r7/12,w48,39,1,0,data,ok,37,37,12.8,552.9
mpp,-6.0,7,qpsk-r1/5,w,1,1,0,ctl,ctl_lost,0,0,-3.7,11.1
mpp,-6.0,7,n4-qpsk-r1/3,n4,1,1,0,ctl,ok,0,0,-1.7,11.1
mpp,-6.0,7,n4-qpsk-r1/3,n4,1,1,0,ctl,ok,0,0,-6.8,11.1
mpp,-6.0,7,ack-4f,w,3,3,0,ctl,ok,0,0,-5.0,11.1
mpp,-6.0,7,n10-ack-4f,n10,3,3,0,ctl,ok,0,0,-2.9,11.1
mpp,-6.0,7,qpsk-r1/5,w,9,2,1,data,ok,7,3,-2.7,11.1
mpp,-6.0,7,ack-4f,w,3,3,0,ctl,ok,0,0,-4.6,11.1
mpp,-6.0,7,qpsk-r1/5,w,9,2,1,data,ok,3,1,-2.7,11.1
mpp,-6.0,7,ack-4f,w,3,3,0,ctl,ok,0,0,2.2,11.1
mpp,-6.0,7,qpsk-r1/5,w,9,2,1,data,ok,5,3,-3.3,11.1
mpp,-6.0,7,ack-4f,w,3,3,0,ctl,ok,0,0,-3.1,11.1
mpp,-6.0,7,qpsk-r1/5,w,9,2,1,data,ok,5,4,-2.8,11.1
mpp,-6.0,7,ack-4f,w,3,3,0,ctl,ok,0,0,-1.3,11.1
mpp,-6.0,7,qpsk-r1/5,w,9,2,1,data,ok,6,6,-1.5,11.1
mpp,-6.0,7,ack-4f,w,3,3,0,ctl,ok,0,0,-1.4,11.1
mpp,-6.0,7,qpsk-r1/5,w,9,2,,data,missed,0,0,,11.1
mpp,-6.0,7,ack-4f,w,3,3,,ctl,missed,0,0,,11.1
mpp,-6.0,7,ack-4f,w,3,3,0,ctl,ok,0,0,1.0,11.1
mpp,-6.0,7,ack-4f,w,2,2,0,ctl,ok,0,0,-0.0,11.1
mpp,-6.0,7,qpsk-r1/5,w,9,1,0,data,ok,8,8,-1.2,11.1
mpp,-6.0,7,ack-4f,w,2,2,0,ctl,ok,0,0,-3.6,11.1
mpp,-6.0,7,qpsk-r1/5,w,9,1,0,data,ctl_lost,8,1,-3.5,11.1
mpp,-6.0,7,ack-4f,w,3,3,0,ctl,ok,0,0,-0.4,11.1
mpp,-6.0,7,ack-4f,w,3,3,0,ctl,ctl_lost,0,0,-7.2,11.1
mpp,-6.0,7,ack-4f,w,3,3,0,ctl,ok,0,0,-1.0,11.1
mpp,-6.0,7,ack-4f,w,3,3,0,ctl,ok,0,0,-4.6,11.1
mpp,-6.0,7,qpsk-r1/5,w,9,2,1,data,ok,7,0,-3.1,11.1
mpp,-6.0,7,n4-ack-8f,n4,3,3,0,ctl,ok,0,0,-0.2,11.1
mpp,-6.0,7,qpsk-r1/5,w,9,2,1,data,ok,0,0,-2.1,11.1
mpp,-6.0,7,ack-4f,w,3,3,0,ctl,ok,0,0,-5.2,11.1
mpp,-6.0,7,qpsk-r1/5,w,9,2,1,data,ok,7,3,-3.1,11.1
mpp,-6.0,7,ack-4f,w,3,3,0,ctl,ok,0,0,-1.8,11.1
mpp,-6.0,7,qpsk-r1/5,w,9,2,1,data,ok,3,3,-1.3,11.1
mpp,-6.0,7,ack-4f,w,3,3,0,ctl,ok,0,0,-3.2,11.1
mpp,-6.0,7,qpsk-r1/5,w,9,2,1,data,ok,7,0,-4.2,11.1
mpp,-6.0,7,ack-4f,w,3,3,0,ctl,ok,0,0,-2.2,11.1
mpp,-6.0,7,qpsk-r1/5,w,9,2,1,data,ok,0,0,-3.3,11.1
mpp,-6.0,7,ack-4f,w,3,3,0,ctl,ok,0,0,-4.5,11.1
mpp,-6.0,7,qpsk-r1/5,w,9,2,,data,missed,0,0,,11.1
mpp,-6.0,7,ack-4f,w,3,3,0,ctl,ok,0,0,-0.1,11.1
mpp,-6.0,7,ack-4f,w,2,2,0,ctl,ok,0,0,-3.3,11.1
mpp,-6.0,7,qpsk-r1/5,w,9,1,0,data,ok,8,8,-1.5,11.1
mpp,-6.0,7,ack-4f,w,2,2,0,ctl,ok,0,0,-3.4,11.1
mpp,-6.0,7,qpsk-r1/5,w,9,1,0,data,ok,8,8,-2.0,11.1
mpp,-6.0,7,ack-4f,w,2,2,,ctl,missed,0,0,,11.1
mpp,-6.0,7,ack-4f,w,3,3,0,ctl,ok,0,0,-1.4,11.1
mpp,-6.0,7,ack-4f,w,2,2,0,ctl,ok,0,0,-3.7,11.1
mpp,-6.0,7,qpsk-r1/5,w,9,1,0,data,ctl_lost,8,0,-2.5,11.1
mpp,-6.0,7,ack-4f,w,3,3,0,ctl,ok,0,0,-4.2,11.1
mpp,-6.0,7,ack-4f,w,3,3,0,ctl,ok,0,0,0.8,11.1
mpp,-6.0,7,qpsk-r1/5,w,9,2,1,data,ok,7,4,-2.5,11.1
mpp,-6.0,7,ack-4f,w,3,3,0,ctl,ok,0,0,-2.5,11.1
mpp,-6.0,7,qpsk-r1/5,w,9,2,1,data,ok,4,2,-1.7,11.1
mpp,-6.0,7,ack-4f,w,3,3,0,ctl,ok,0,0,-2.9,11.1
mpp,-6.0,7,qpsk-r1/5,w,9,2,1,data,ok,5,5,-2.2,11.1
mpp,-6.0,7,ack-4f,w,2,2,0,ctl,ok,0,0,0.1,11.1
mpp,-6.0,7,qpsk-r1/5,w,9,1,,data,missed,0,0,,11.1
mpp,-6.0,7,ack-4f,w,3,3,0,ctl,ok,0,0,-0.6,11.1
mpp,-6.0,7,ack-4f,w,3,3,0,ctl,ok,0,0,-4.4,11.1
mpp,-6.0,7,qpsk-r1/5,w,9,2,1,data,ok,7,2,-1.7,11.1
mpp,-6.0,7,ack-4f,w,3,3,0,ctl,ctl_lost,0,0,-11.1,11.1
mpp,-6.0,7,ack-4f,w,3,3,0,ctl,ok,0,0,-4.4,11.1
mpp,-6.0,7,ack-4f,w,3,3,0,ctl,ok,0,0,-5.7,11.1
mpp,-6.0,7,qpsk-r1/5,w,9,2,1,data,ok,7,0,-4.2,11.1
mpp,-6.0,7,n4-ack-8f,n4,3,3,0,ctl,ok,0,0,-3.3,11.1
mpp,-6.0,7,fsk32r62-r1/2,c32r62,10,2,1,data,ok,8,8,-2.4,11.1
mpp,-6.0,7,ack-4f,w,3,3,0,ctl,ok,0,0,-5.0,11.1
mpp,-6.0,7,qpsk-r1/5,w,9,2,1,data,ok,7,2,-2.4,11.1
mpp,-6.0,7,ack-4f,w,3,3,0,ctl,ok,0,0,-1.8,11.1
mpp,-6.0,7,qpsk-r1/5,w,9,2,1,data,ok,2,1,-2.8,11.1
mpp,-6.0,7,ack-4f,w,2,2,0,ctl,ok,0,0,-3.3,11.1
mpp,-6.0,7,fsk32r62-r1/2,c32r62,9,1,0,data,ok,8,8,-2.8,11.1
mpp,-6.0,7,ack-4f,w,2,2,0,ctl,ctl_lost,0,0,-8.8,11.1
mpp,-6.0,7,ack-4f,w,4,4,0,ctl,ok,0,0,-4.8,11.1
mpp,-6.0,7,ack-4f,w,2,2,0,ctl,ok,0,0,-3.9,11.1
mpp,-6.0,7,fsk32r62-r1/2,c32r62,9,1,0,data,ok,8,8,-2.7,11.1
mpp,-6.0,7,ack-4f,w,2,2,0,ctl,ok,0,0,-1.3,11.1
mpp,-6.0,7,fsk32r62-r1/2,c32r62,9,1,0,data,ok,8,8,-2.4,11.1
mpp,-6.0,7,ack-4f,w,2,2,0,ctl,ok,0,0,-0.2,11.1
mpp,-6.0,7,fsk32r62-r1/2,c32r62,9,1,0,data,ok,8,8,-3.1,11.1
awgn,15.0,10,qpsk-r1/5,w,1,1,0,ctl,ok,0,0,17.7,561.9
awgn,15.0,10,qpsk-r1/5,w,1,1,0,ctl,ok,0,0,18.3,561.9
awgn,15.0,10,ack-4f,w,3,3,0,ctl,ok,0,0,18.0,561.9
awgn,15.0,10,ack-1f,w,3,3,0,ctl,ok,0,0,17.6,561.9
awgn,15.0,10,w48-64l-r7/12,w48,39,2,1,data,ok,37,36,12.9,561.9
awgn,15.0,10,ack-1f,w,4,4,0,ctl,ok,0,0,18.1,561.9
awgn,15.0,10,w48-64l-r7/12,w48,39,2,1,data,ok,36,35,13.0,561.9
awgn,15.0,10,ack-1f,w,4,4,0,ctl,ok,0,0,18.6,561.9
awgn,15.0,10,w48-64l-r7/12,w48,39,2,1,data,ok,36,36,13.1,561.9
awgn,15.0,10,ack-1f,w,3,3,0,ctl,ok,0,0,17.0,561.9
awgn,15.0,10,w48-64l-r7/12,w48,39,2,1,data,ok,37,37,12.9,561.9
awgn,15.0,10,ack-1f,w,3,3,0,ctl,ok,0,0,18.0,561.9
awgn,15.0,10,w48-64l-r7/12,w48,39,2,1,data,ok,37,36,13.0,561.9
awgn,15.0,10,ack-1f,w,4,4,0,ctl,ok,0,0,18.3,561.9
awgn,15.0,10,w48-64l-r7/12,w48,35,2,1,data,ok,32,32,13.3,561.9
awgn,15.0,10,ack-1f,w,2,2,0,ctl,ok,0,0,18.7,561.9
awgn,15.0,10,w48-64l-r7/12,w48,39,1,0,data,ok,38,38,13.0,561.9
awgn,15.0,10,ack-1f,w,2,2,0,ctl,ok,0,0,17.9,561.9
awgn,15.0,10,w48-64l-r7/12,w48,39,1,0,data,ok,38,38,13.3,561.9
awgn,15.0,10,ack-1f,w,2,2,0,ctl,ok,0,0,17.7,561.9
awgn,15.0,10,w48-64l-r7/12,w48,39,1,0,data,ok,38,38,13.3,561.9
awgn,15.0,10,ack-1f,w,2,2,0,ctl,ok,0,0,17.7,561.9
awgn,15.0,10,w48-64l-r7/12,w48,39,1,0,data,ok,38,38,13.2,561.9
awgn,15.0,10,ack-1f,w,2,2,0,ctl,ok,0,0,18.2,561.9
awgn,15.0,10,w48-64l-r7/12,w48,39,1,0,data,ok,38,38,13.1,561.9
awgn,15.0,10,ack-1f,w,2,2,0,ctl,ok,0,0,18.3,561.9
awgn,15.0,10,w48-64l-r7/12,w48,39,1,0,data,ok,38,38,13.1,561.9
awgn,15.0,10,ack-1f,w,2,2,0,ctl,ok,0,0,18.0,561.9
awgn,15.0,10,w48-64l-r7/12,w48,39,1,0,data,ok,38,38,12.9,561.9
awgn,15.0,10,ack-1f,w,2,2,0,ctl,ok,0,0,16.9,561.9
awgn,15.0,10,w48-64l-r7/12,w48,39,1,0,data,ok,38,38,13.0,561.9
awgn,15.0,10,ack-1f,w,2,2,0,ctl,ok,0,0,18.0,561.9
awgn,15.0,10,w48-64l-r7/12,w48,39,1,0,data,ok,38,38,13.0,561.9
awgn,15.0,10,ack-1f,w,2,2,0,ctl,ok,0,0,17.3,561.9
awgn,15.0,10,w48-64l-r7/12,w48,39,1,0,data,ok,38,38,13.1,561.9
awgn,15.0,10,ack-1f,w,2,2,0,ctl,ok,0,0,17.9,561.9
awgn,15.0,10,w48-64l-r7/12,w48,39,1,0,data,ok,38,38,13.3,561.9
awgn,15.0,10,ack-1f,w,2,2,0,ctl,ok,0,0,17.7,561.9
awgn,15.0,10,w48-64l-r7/12,w48,39,1,0,data,ok,38,38,13.2,561.9
awgn,15.0,10,ack-1f,w,2,2,0,ctl,ok,0,0,18.4,561.9
awgn,15.0,10,w48-64l-r7/12,w48,39,1,0,data,ok,38,38,13.2,561.9
awgn,15.0,10,ack-1f,w,2,2,0,ctl,ok,0,0,18.1,561.9
awgn,15.0,10,w48-64l-r7/12,w48,39,1,0,data,ok,38,38,13.2,561.9
awgn,15.0,10,ack-1f,w,2,2,0,ctl,ok,0,0,18.3,561.9
awgn,15.0,10,w48-64l-r7/12,w48,39,1,0,data,ok,38,37,13.2,561.9
awgn,15.0,10,ack-1f,w,4,4,0,ctl,ok,0,0,17.7,561.9
awgn,15.0,10,w48-64l-r7/12,w48,32,1,0,data,ok,30,30,13.2,561.9
awgn,15.0,10,ack-1f,w,2,2,0,ctl,ok,0,0,17.8,561.9
awgn,15.0,10,w48-64l-r7/12,w48,39,1,0,data,ok,38,38,13.1,561.9
awgn,15.0,10,ack-1f,w,2,2,0,ctl,ok,0,0,18.0,561.9
awgn,15.0,10,w48-64l-r7/12,w48,39,1,0,data,ok,38,38,13.2,561.9
awgn,15.0,10,ack-1f,w,2,2,0,ctl,ok,0,0,18.6,561.9
awgn,15.0,10,w48-64l-r7/12,w48,39,1,0,data,ok,38,38,12.9,561.9
awgn,15.0,10,ack-1f,w,2,2,0,ctl,ok,0,0,18.4,561.9
awgn,15.0,10,w48-64l-r7/12,w48,39,1,0,data,ok,38,38,13.3,561.9
awgn,15.0,10,ack-1f,w,2,2,0,ctl,ok,0,0,18.3,561.9
awgn,15.0,10,w48-64l-r7/12,w48,39,1,0,data,ok,38,38,13.2,561.9
awgn,15.0,10,ack-1f,w,2,2,0,ctl,ok,0,0,18.2,561.9
awgn,15.0,10,w48-64l-r7/12,w48,39,1,0,data,ok,38,38,13.1,561.9
awgn,15.0,10,ack-1f,w,2,2,0,ctl,ok,0,0,18.4,561.9
awgn,15.0,10,w48-64l-r7/12,w48,39,1,0,data,ok,38,38,13.0,561.9
awgn,15.0,10,ack-1f,w,2,2,0,ctl,ok,0,0,17.4,561.9
awgn,15.0,10,w48-64l-r7/12,w48,39,1,0,data,ok,38,37,13.1,561.9
awgn,15.0,10,ack-1f,w,3,3,0,ctl,ok,0,0,18.5,561.9
awgn,15.0,10,w48-64l-r7/12,w48,39,1,0,data,ok,37,37,12.9,561.9
awgn,15.0,10,ack-1f,w,2,2,0,ctl,ok,0,0,17.2,561.9
awgn,15.0,10,w48-64l-r7/12,w48,39,1,0,data,ok,38,38,13.2,561.9
awgn,15.0,10,ack-1f,w,2,2,0,ctl,ok,0,0,18.4,561.9
awgn,15.0,10,w48-64l-r7/12,w48,39,1,0,data,ok,38,38,13.2,561.9
awgn,15.0,10,ack-1f,w,2,2,0,ctl,ok,0,0,17.5,561.9
awgn,15.0,10,w48-64l-r7/12,w48,39,1,0,data,ok,38,37,13.2,561.9
awgn,15.0,10,ack-1f,w,3,3,0,ctl,ok,0,0,17.9,561.9
awgn,15.0,10,w48-64l-r7/12,w48,39,1,0,data,ok,37,37,13.2,561.9
awgn,15.0,10,ack-1f,w,2,2,0,ctl,ok,0,0,19.2,561.9
awgn,15.0,10,w48-64l-r7/12,w48,39,1,0,data,ok,38,36,13.1,561.9
awgn,15.0,10,ack-1f,w,4,4,0,ctl,ok,0,0,18.5,561.9
awgn,15.0,10,w48-64l-r7/12,w48,36,1,0,data,ok,33,33,13.3,561.9
awgn,15.0,10,ack-1f,w,2,2,0,ctl,ok,0,0,17.9,561.9
awgn,15.0,10,w48-64l-r7/12,w48,39,1,0,data,ok,38,38,13.0,561.9
awgn,15.0,10,ack-1f,w,2,2,0,ctl,ok,0,0,18.4,561.9
awgn,15.0,10,w48-64l-r7/12,w48,39,1,0,data,ok,38,38,13.2,561.9
awgn,15.0,10,ack-1f,w,2,2,0,ctl,ok,0,0,17.1,561.9
awgn,15.0,10,w48-64l-r7/12,w48,39,1,0,data,ok,38,37,13.0,561.9
awgn,15.0,10,ack-1f,w,3,3,0,ctl,ok,0,0,18.0,561.9
awgn,15.0,10,w48-64l-r7/12,w48,39,1,0,data,ok,37,37,13.3,561.9
awgn,15.0,10,ack-1f,w,2,2,0,ctl,ok,0,0,17.6,561.9
awgn,15.0,10,w48-64l-r7/12,w48,39,1,0,data,ok,38,38,13.0,561.9
awgn,15.0,10,ack-1f,w,2,2,0,ctl,ok,0,0,17.4,561.9
awgn,15.0,10,w48-64l-r7/12,w48,39,1,0,data,ok,38,38,13.0,561.9
awgn,15.0,10,ack-1f,w,2,2,0,ctl,ok,0,0,18.0,561.9
awgn,15.0,10,w48-64l-r7/12,w48,39,1,0,data,ok,38,38,13.2,561.9
awgn,15.0,10,ack-1f,w,2,2,0,ctl,ok,0,0,18.4,561.9
awgn,15.0,10,w48-64l-r7/12,w48,39,1,0,data,ok,38,38,13.0,561.9
awgn,15.0,5,qpsk-r1/5,w,1,1,0,ctl,ok,0,0,17.9,561.0
awgn,15.0,5,qpsk-r1/5,w,1,1,0,ctl,ok,0,0,17.9,561.0
awgn,15.0,5,ack-4f,w,3,3,0,ctl,ok,0,0,17.8,561.0
awgn,15.0,5,ack-1f,w,3,3,0,ctl,ok,0,0,18.5,561.0
awgn,15.0,5,w48-64l-r7/12,w48,39,2,1,data,ok,37,37,13.0,561.0
awgn,15.0,5,ack-1f,w,3,3,0,ctl,ok,0,0,18.4,561.0
awgn,15.0,5,w48-64l-r7/12,w48,39,2,1,data,ok,37,37,13.0,561.0
awgn,15.0,5,ack-1f,w,3,3,0,ctl,ok,0,0,17.8,561.0
awgn,15.0,5,w48-64l-r7/12,w48,39,2,1,data,ok,37,37,13.2,561.0
awgn,15.0,5,ack-1f,w,3,3,0,ctl,ok,0,0,18.9,561.0
awgn,15.0,5,w48-64l-r7/12,w48,39,2,1,data,ok,37,37,13.0,561.0
awgn,15.0,5,ack-1f,w,3,3,0,ctl,ok,0,0,18.7,561.0
awgn,15.0,5,w48-64l-r7/12,w48,39,2,1,data,ok,37,37,13.2,561.0
awgn,15.0,5,ack-1f,w,2,2,0,ctl,ok,0,0,18.4,561.0
awgn,15.0,5,w48-64l-r7/12,w48,39,1,0,data,ok,38,38,13.1,561.0
awgn,15.0,5,ack-1f,w,2,2,0,ctl,ok,0,0,18.8,561.0
awgn,15.0,5,w48-64l-r7/12,w48,39,1,0,data,ok,38,38,13.2,561.0
awgn,15.0,5,ack-1f,w,2,2,0,ctl,ok,0,0,18.2,561.0
awgn,15.0,5,w48-64l-r7/12,w48,39,1,0,data,ok,38,35,12.8,561.0
awgn,15.0,5,ack-1f,w,4,4,0,ctl,ok,0,0,17.8,561.0
awgn,15.0,5,w48-64l-r7/12,w48,30,2,1,data,ok,25,25,12.8,561.0
awgn,15.0,5,ack-1f,w,3,3,0,ctl,ok,0,0,18.6,561.0
awgn,15.0,5,w48-64l-r7/12,w48,39,2,1,data,ok,37,37,13.3,561.0
awgn,15.0,5,ack-1f,w,2,2,0,ctl,ok,0,0,18.0,561.0
awgn,15.0,5,w48-64l-r7/12,w48,39,1,0,data,ok,38,38,13.2,561.0
awgn,15.0,5,ack-1f,w,2,2,0,ctl,ok,0,0,18.6,561.0
awgn,15.0,5,w48-64l-r7/12,w48,39,1,0,data,ok,38,37,12.9,561.0
awgn,15.0,5,ack-1f,w,4,4,0,ctl,ok,0,0,18.3,561.0
awgn,15.0,5,w48-64l-r7/12,w48,37,1,0,data,ok,35,35,13.2,561.0
awgn,15.0,5,ack-1f,w,2,2,0,ctl,ok,0,0,18.3,561.0
awgn,15.0,5,w48-64l-r7/12,w48,39,1,0,data,ok,38,38,13.1,561.0
awgn,15.0,5,ack-1f,w,2,2,0,ctl,ok,0,0,17.8,561.0
awgn,15.0,5,w48-64l-r7/12,w48,39,1,0,data,ok,38,38,13.1,561.0
awgn,15.0,5,ack-1f,w,2,2,0,ctl,ok,0,0,17.5,561.0
awgn,15.0,5,w48-64l-r7/12,w48,39,1,0,data,ok,38,38,13.2,561.0
awgn,15.0,5,ack-1f,w,2,2,0,ctl,ok,0,0,17.7,561.0
awgn,15.0,5,w48-64l-r7/12,w48,39,1,0,data,ok,38,38,13.3,561.0
awgn,15.0,5,ack-1f,w,2,2,0,ctl,ok,0,0,17.8,561.0
awgn,15.0,5,w48-64l-r7/12,w48,39,1,0,data,ok,38,38,13.0,561.0
awgn,15.0,5,ack-1f,w,2,2,0,ctl,ok,0,0,18.1,561.0
awgn,15.0,5,w48-64l-r7/12,w48,39,1,0,data,ok,38,38,13.0,561.0
awgn,15.0,5,ack-1f,w,2,2,0,ctl,ok,0,0,18.6,561.0
awgn,15.0,5,w48-64l-r7/12,w48,39,1,0,data,ok,38,38,13.1,561.0
awgn,15.0,5,ack-1f,w,2,2,0,ctl,ok,0,0,17.8,561.0
awgn,15.0,5,w48-64l-r7/12,w48,39,1,0,data,ok,38,38,13.2,561.0
awgn,15.0,5,ack-1f,w,2,2,0,ctl,ok,0,0,18.2,561.0
awgn,15.0,5,w48-64l-r7/12,w48,39,1,0,data,ok,38,38,13.2,561.0
awgn,15.0,5,ack-1f,w,2,2,0,ctl,ok,0,0,18.5,561.0
awgn,15.0,5,w48-64l-r7/12,w48,39,1,0,data,ok,38,38,13.0,561.0
awgn,15.0,5,ack-1f,w,2,2,0,ctl,ok,0,0,17.6,561.0
awgn,15.0,5,w48-64l-r7/12,w48,39,1,0,data,ok,38,38,13.3,561.0
awgn,15.0,5,ack-1f,w,2,2,0,ctl,ok,0,0,17.6,561.0
awgn,15.0,5,w48-64l-r7/12,w48,39,1,0,data,ok,38,38,13.1,561.0
awgn,15.0,5,ack-1f,w,2,2,0,ctl,ok,0,0,18.1,561.0
awgn,15.0,5,w48-64l-r7/12,w48,39,1,0,data,ok,38,38,13.3,561.0
awgn,15.0,5,ack-1f,w,2,2,0,ctl,ok,0,0,19.3,561.0
awgn,15.0,5,w48-64l-r7/12,w48,39,1,0,data,ok,38,38,13.1,561.0
awgn,15.0,5,ack-1f,w,2,2,0,ctl,ok,0,0,18.0,561.0
awgn,15.0,5,w48-64l-r7/12,w48,39,1,0,data,ok,38,38,13.2,561.0
awgn,15.0,5,ack-1f,w,2,2,0,ctl,ok,0,0,18.0,561.0
awgn,15.0,5,w48-64l-r7/12,w48,39,1,0,data,ok,38,38,12.9,561.0
awgn,15.0,5,ack-1f,w,2,2,0,ctl,ok,0,0,18.1,561.0
awgn,15.0,5,w48-64l-r7/12,w48,39,1,0,data,ok,38,38,13.2,561.0
awgn,15.0,5,ack-1f,w,2,2,0,ctl,ok,0,0,17.8,561.0
awgn,15.0,5,w48-64l-r7/12,w48,39,1,0,data,ok,38,38,13.1,561.0
awgn,15.0,5,ack-1f,w,2,2,0,ctl,ok,0,0,18.5,561.0
awgn,15.0,5,w48-64l-r7/12,w48,39,1,0,data,ok,38,38,13.3,561.0
awgn,15.0,5,ack-1f,w,2,2,0,ctl,ok,0,0,18.0,561.0
awgn,15.0,5,w48-64l-r7/12,w48,39,1,0,data,ok,38,38,13.2,561.0
awgn,15.0,5,ack-1f,w,2,2,0,ctl,ok,0,0,17.8,561.0
awgn,15.0,5,w48-64l-r7/12,w48,39,1,0,data,ok,38,38,13.3,561.0
awgn,15.0,5,ack-1f,w,2,2,0,ctl,ok,0,0,18.2,561.0
awgn,15.0,5,w48-64l-r7/12,w48,39,1,0,data,ok,38,38,13.2,561.0
awgn,15.0,5,ack-1f,w,2,2,0,ctl,ok,0,0,18.5,561.0
awgn,15.0,5,w48-64l-r7/12,w48,39,1,0,data,ok,38,36,12.8,561.0
awgn,15.0,5,ack-1f,w,4,4,0,ctl,ok,0,0,17.7,561.0
awgn,15.0,5,w48-64l-r7/12,w48,34,1,0,data,ok,31,31,13.3,561.0
awgn,15.0,5,ack-1f,w,2,2,0,ctl,ok,0,0,17.8,561.0
awgn,15.0,5,w48-64l-r7/12,w48,39,1,0,data,ok,38,38,13.1,561.0
awgn,15.0,5,ack-1f,w,2,2,0,ctl,ok,0,0,17.2,561.0
awgn,15.0,5,w48-64l-r7/12,w48,39,1,0,data,ok,38,38,13.2,561.0
awgn,15.0,5,ack-1f,w,2,2,0,ctl,ok,0,0,17.0,561.0
awgn,15.0,5,w48-64l-r7/12,w48,39,1,0,data,ok,38,37,13.1,561.0
awgn,15.0,5,ack-1f,w,3,3,0,ctl,ok,0,0,18.6,561.0
awgn,15.0,5,w48-64l-r7/12,w48,39,1,0,data,ok,37,36,13.2,561.0
awgn,15.0,5,ack-1f,w,3,3,0,ctl,ok,0,0,17.8,561.0
awgn,15.0,5,w48-64l-r7/12,w48,39,1,0,data,ok,37,37,13.2,561.0
awgn,15.0,5,ack-1f,w,2,2,0,ctl,ok,0,0,18.3,561.0
awgn,15.0,5,w48-64l-r7/12,w48,39,1,0,data,ok,38,38,12.9,561.0
awgn,15.0,5,ack-1f,w,2,2,0,ctl,ok,0,0,17.4,561.0
awgn,15.0,5,w48-64l-r7/12,w48,39,1,0,data,ok,38,38,13.0,561.0
awgn,15.0,5,ack-1f,w,2,2,0,ctl,ok,0,0,17.7,561.0
awgn,15.0,5,w48-64l-r7/12,w48,39,1,0,data,ok,38,38,13.3,561.0
awgn,15.0,8,qpsk-r1/5,w,1,1,0,ctl,ok,0,0,17.9,555.5
awgn,15.0,8,qpsk-r1/5,w,1,1,0,ctl,ok,0,0,18.3,555.5
awgn,15.0,8,ack-4f,w,3,3,0,ctl,ok,0,0,17.9,555.5
awgn,15.0,8,ack-1f,w,3,3,0,ctl,ok,0,0,18.2,555.5
awgn,15.0,8,w48-64l-r7/12,w48,39,2,1,data,ok,37,35,12.8,555.5
awgn,15.0,8,ack-1f,w,4,4,0,ctl,ok,0,0,17.9,555.5
awgn,15.0,8,w48-64l-r7/12,w48,39,2,1,data,ok,35,35,13.1,555.5
awgn,15.0,8,ack-1f,w,3,3,0,ctl,ok,0,0,17.9,555.5
awgn,15.0,8,w48-64l-r7/12,w48,39,2,1,data,ok,37,37,13.2,555.5
awgn,15.0,8,ack-1f,w,3,3,0,ctl,ok,0,0,18.1,555.5
awgn,15.0,8,w48-64l-r7/12,w48,39,2,1,data,ok,37,37,13.1,555.5
awgn,15.0,8,ack-1f,w,3,3,0,ctl,ok,0,0,18.3,555.5
awgn,15.0,8,w48-64l-r7/12,w48,39,2,1,data,ok,37,37,13.0,555.5
awgn,15.0,8,ack-1f,w,3,3,0,ctl,ok,0,0,18.1,555.5
awgn,15.0,8,w48-64l-r7/12,w48,39,2,1,data,ok,37,37,13.2,555.5
awgn,15.0,8,ack-1f,w,2,2,0,ctl,ok,0,0,18.8,555.5
awgn,15.0,8,w48-64l-r7/12,w48,39,1,0,data,ok,38,38,13.4,555.5
awgn,15.0,8,ack-1f,w,2,2,0,ctl,ok,0,0,18.0,555.5
awgn,15.0,8,w48-64l-r7/12,w48,39,1,0,data,ok,38,38,13.0,555.5
awgn,15.0,8,ack-1f,w,3,3,0,ctl,ok,0,0,17.3,555.5
awgn,15.0,8,w48-64l-r7/12,w48,39,2,1,data,ok,37,37,13.2,555.5
awgn,15.0,8,ack-1f,w,2,2,0,ctl,ok,0,0,17.9,555.5
awgn,15.0,8,w48-64l-r7/12,w48,39,1,0,data,ok,38,38,13.0,555.5
awgn,15.0,8,ack-1f,w,2,2,0,ctl,ok,0,0,17.9,555.5
awgn,15.0,8,w48-64l-r7/12,w48,39,1,0,data,ok,38,38,13.2,555.5
awgn,15.0,8,ack-1f,w,2,2,0,ctl,ok,0,0,17.7,555.5
awgn,15.0,8,w48-64l-r7/12,w48,39,1,0,data,ok,38,37,13.1,555.5
awgn,15.0,8,ack-1f,w,3,3,0,ctl,ok,0,0,18.1,555.5
awgn,15.0,8,w48-64l-r7/12,w48,39,1,0,data,ok,37,36,13.1,555.5
awgn,15.0,8,ack-1f,w,3,3,0,ctl,ok,0,0,18.5,555.5
awgn,15.0,8,w48-64l-r7/12,w48,39,1,0,data,ok,37,37,13.3,555.5
awgn,15.0,8,ack-1f,w,2,2,0,ctl,ok,0,0,18.0,555.5
awgn,15.0,8,w48-64l-r7/12,w48,39,1,0,data,ok,38,35,12.8,555.5
awgn,15.0,8,ack-1f,w,4,4,0,ctl,ok,0,0,17.6,555.5
awgn,15.0,8,w48-64l-r7/12,w48,29,1,0,data,ok,25,25,12.8,555.5
awgn,15.0,8,ack-1f,w,2,2,0,ctl,ok,0,0,18.1,555.5
awgn,15.0,8,w48-64l-r7/12,w48,39,1,0,data,ok,38,38,13.4,555.5
awgn,15.0,8,ack-1f,w,2,2,0,ctl,ok,0,0,18.0,555.5
awgn,15.0,8,w48-64l-r7/12,w48,39,1,0,data,ok,38,38,13.2,555.5
awgn,15.0,8,ack-1f,w,2,2,0,ctl,ok,0,0,17.6,555.5
awgn,15.0,8,w48-64l-r7/12,w48,39,1,0,data,ok,38,38,13.1,555.5
awgn,15.0,8,ack-1f,w,2,2,0,ctl,ok,0,0,18.4,555.5
awgn,15.0,8,w48-64l-r7/12,w48,39,1,0,data,ok,38,38,13.1,555.5
awgn,15.0,8,ack-1f,w,2,2,0,ctl,ok,0,0,17.9,555.5
awgn,15.0,8,w48-64l-r7/12,w48,39,1,0,data,ok,38,38,13.0,555.5
awgn,15.0,8,ack-1f,w,2,2,0,ctl,ok,0,0,18.1,555.5
awgn,15.0,8,w48-64l-r7/12,w48,39,1,0,data,ok,38,38,13.3,555.5
awgn,15.0,8,ack-1f,w,2,2,0,ctl,ok,0,0,18.8,555.5
awgn,15.0,8,w48-64l-r7/12,w48,39,1,0,data,ok,38,38,13.1,555.5
awgn,15.0,8,ack-1f,w,2,2,0,ctl,ok,0,0,17.5,555.5
awgn,15.0,8,w48-64l-r7/12,w48,39,1,0,data,ok,38,38,13.3,555.5
awgn,15.0,8,ack-1f,w,2,2,0,ctl,ok,0,0,18.0,555.5
awgn,15.0,8,w48-64l-r7/12,w48,39,1,0,data,ok,38,37,12.9,555.5
awgn,15.0,8,ack-1f,w,4,4,0,ctl,ok,0,0,17.8,555.5
awgn,15.0,8,w48-64l-r7/12,w48,32,1,0,data,ok,30,30,13.0,555.5
awgn,15.0,8,ack-1f,w,2,2,0,ctl,ok,0,0,18.7,555.5
awgn,15.0,8,w48-64l-r7/12,w48,39,1,0,data,ok,38,38,13.3,555.5
awgn,15.0,8,ack-1f,w,2,2,0,ctl,ok,0,0,18.4,555.5
awgn,15.0,8,w48-64l-r7/12,w48,39,1,0,data,ok,38,38,13.4,555.5
awgn,15.0,8,ack-1f,w,2,2,0,ctl,ok,0,0,17.1,555.5
awgn,15.0,8,w48-64l-r7/12,w48,39,1,0,data,ok,38,38,13.2,555.5
awgn,15.0,8,ack-1f,w,2,2,0,ctl,ok,0,0,17.9,555.5
awgn,15.0,8,w48-64l-r7/12,w48,39,1,0,data,ok,38,37,12.8,555.5
awgn,15.0,8,ack-1f,w,3,3,0,ctl,ok,0,0,18.3,555.5
awgn,15.0,8,w48-64l-r7/12,w48,39,1,0,data,ok,37,37,13.1,555.5
awgn,15.0,8,ack-1f,w,2,2,0,ctl,ok,0,0,18.2,555.5
awgn,15.0,8,w48-64l-r7/12,w48,39,1,0,data,ok,38,38,13.3,555.5
awgn,15.0,8,ack-1f,w,2,2,0,ctl,ok,0,0,18.7,555.5
awgn,15.0,8,w48-64l-r7/12,w48,39,1,0,data,ok,38,38,12.9,555.5
awgn,15.0,8,ack-1f,w,2,2,0,ctl,ok,0,0,17.2,555.5
awgn,15.0,8,w48-64l-r7/12,w48,39,1,0,data,ok,38,37,13.1,555.5
awgn,15.0,8,ack-1f,w,4,4,0,ctl,ok,0,0,17.4,555.5
awgn,15.0,8,w48-64l-r7/12,w48,28,1,0,data,ok,26,26,12.9,555.5
awgn,15.0,8,ack-1f,w,2,2,0,ctl,ok,0,0,18.1,555.5
awgn,15.0,8,w48-64l-r7/12,w48,39,1,0,data,ok,38,37,12.8,555.5
awgn,15.0,8,ack-1f,w,3,3,0,ctl,ok,0,0,18.3,555.5
awgn,15.0,8,w48-64l-r7/12,w48,39,1,0,data,ok,37,37,13.1,555.5
awgn,15.0,8,ack-1f,w,2,2,0,ctl,ok,0,0,17.5,555.5
awgn,15.0,8,w48-64l-r7/12,w48,39,1,0,data,ok,38,38,13.0,555.5
awgn,15.0,8,ack-1f,w,2,2,0,ctl,ok,0,0,17.4,555.5
awgn,15.0,8,w48-64l-r7/12,w48,39,1,0,data,ok,38,38,13.3,555.5
awgn,15.0,8,ack-1f,w,2,2,0,ctl,ok,0,0,18.1,555.5
awgn,15.0,8,w48-64l-r7/12,w48,39,1,0,data,ok,38,38,13.3,555.5
awgn,15.0,8,ack-1f,w,2,2,0,ctl,ok,0,0,18.2,555.5
awgn,15.0,8,w48-64l-r7/12,w48,39,1,0,data,ok,38,38,13.3,555.5
awgn,15.0,8,ack-1f,w,2,2,0,ctl,ok,0,0,18.4,555.5
awgn,15.0,8,w48-64l-r7/12,w48,39,1,0,data,ok,38,37,13.0,555.5
awgn,15.0,8,ack-1f,w,3,3,0,ctl,ok,0,0,18.5,555.5
awgn,15.0,8,w48-64l-r7/12,w48,39,1,0,data,ok,37,37,13.2,555.5
awgn,15.0,8,ack-1f,w,2,2,0,ctl,ok,0,0,18.7,555.5
awgn,15.0,8,w48-64l-r7/12,w48,39,1,0,data,ok,38,38,13.1,555.5
awgn,15.0,8,ack-1f,w,2,2,0,ctl,ok,0,0,18.9,555.5
awgn,15.0,8,w48-64l-r7/12,w48,39,1,0,data,ok,38,38,13.2,555.5
mpg,8.0,0,qpsk-r1/5,w,1,1,0,ctl,ok,0,0,11.5,153.4
mpg,8.0,0,qpsk-r1/5,w,1,1,0,ctl,ok,0,0,13.0,153.4
mpg,8.0,0,ack-4f,w,2,2,0,ctl,ok,0,0,14.1,153.4
mpg,8.0,0,ack-1f,w,2,2,0,ctl,ok,0,0,10.9,153.4
mpg,8.0,0,w48-16qam-r1/3,w48,19,1,0,data,ctl_lost,18,0,4.8,153.4
mpg,8.0,0,ack-4f,w,2,2,0,ctl,ok,0,0,4.9,153.4
mpg,8.0,0,ack-4f,w,3,3,0,ctl,ok,0,0,6.5,153.4
mpg,8.0,0,w48-qpsk-r1/3,w48,19,2,1,data,ok,17,17,12.1,153.4
mpg,8.0,0,ack-1f,w,2,2,0,ctl,ok,0,0,14.6,153.4
mpg,8.0,0,w48-qpsk-r1/2,w48,19,1,0,data,ok,18,18,6.8,153.4
mpg,8.0,0,ack-1f,w,2,2,0,ctl,ok,0,0,7.8,153.4
mpg,8.0,0,w48-qpsk-r1/2,w48,19,1,0,data,ok,18,18,8.1,153.4
mpg,8.0,0,ack-1f,w,2,2,0,ctl,ok,0,0,14.0,153.4
mpg,8.0,0,w48-qpsk-r1/2,w48,19,1,0,data,ok,18,18,10.1,153.4
mpg,8.0,0,ack-1f,w,2,2,0,ctl,ok,0,0,5.8,153.4
mpg,8.0,0,w48-qpsk-r1/2,w48,19,1,0,data,ok,18,18,12.1,153.4
mpg,8.0,0,ack-1f,w,3,3,0,ctl,ok,0,0,4.6,153.4
mpg,8.0,0,w48-16qam-r1/3,w48,19,2,1,data,ok,17,17,9.1,153.4
mpg,8.0,0,ack-1f,w,2,2,0,ctl,ok,0,0,2.5,153.4
mpg,8.0,0,w48-qpsk-r1/2,w48,19,1,0,data,ok,18,18,9.5,153.4
mpg,8.0,0,ack-1f,w,2,2,0,ctl,ok,0,0,17.9,153.4
mpg,8.0,0,w48-qpsk-r1/2,w48,19,1,0,data,ok,18,18,12.2,153.4
mpg,8.0,0,ack-1f,w,3,3,0,ctl,ok,0,0,7.5,153.4
mpg,8.0,0,w48-16qam-r1/3,w48,19,2,1,data,ok,17,17,9.5,153.4
mpg,8.0,0,ack-1f,w,3,3,0,ctl,ok,0,0,10.1,153.4
mpg,8.0,0,w48-16qam-r1/3,w48,19,2,1,data,ok,17,17,10.8,153.4
mpg,8.0,0,ack-1f,w,3,3,0,ctl,ok,0,0,2.1,153.4
mpg,8.0,0,w48-16qam-r1/3,w48,19,2,1,data,ok,17,17,11.0,153.4
mpg,8.0,0,ack-1f,w,3,3,0,ctl,ok,0,0,12.1,153.4
mpg,8.0,0,w48-16qam-r1/3,w48,19,2,1,data,ok,17,17,8.0,153.4
mpg,8.0,0,ack-1f,w,3,3,0,ctl,ok,0,0,11.0,153.4
mpg,8.0,0,w48-16qam-r1/3,w48,19,2,1,data,ok,17,17,10.4,153.4
mpg,8.0,0,ack-1f,w,3,3,0,ctl,ok,0,0,7.2,153.4
mpg,8.0,0,w48-16qam-r1/3,w48,19,2,1,data,ok,17,17,12.6,153.4
mpg,8.0,0,ack-1f,w,2,2,0,ctl,ok,0,0,13.6,153.4
mpg,8.0,0,w48-16qam-r1/3,w48,19,1,0,data,ok,18,18,9.4,153.4
mpg,8.0,0,ack-1f,w,2,2,0,ctl,ok,0,0,13.6,153.4
mpg,8.0,0,w48-16qam-r1/3,w48,19,1,0,data,ok,18,18,11.0,153.4
mpg,8.0,0,ack-1f,w,2,2,0,ctl,ok,0,0,17.0,153.4
mpg,8.0,0,w48-16qam-r1/3,w48,19,1,0,data,ok,18,18,9.9,153.4
mpg,8.0,0,ack-1f,w,2,2,0,ctl,ok,0,0,6.5,153.4
mpg,8.0,0,w48-16qam-r1/3,w48,19,1,0,data,ok,18,18,11.1,153.4
mpg,8.0,0,ack-1f,w,2,2,0,ctl,ok,0,0,18.0,153.4
mpg,8.0,0,w48-16qam-r1/3,w48,19,1,0,data,ok,18,18,10.5,153.4
mpg,8.0,0,ack-1f,w,2,2,0,ctl,ok,0,0,16.2,153.4
mpg,8.0,0,w48-16qam-r1/3,w48,19,1,0,data,ok,18,17,7.2,153.4
mpg,8.0,0,ack-1f,w,3,3,0,ctl,ok,0,0,11.8,153.4
mpg,8.0,0,w48-16qam-r1/3,w48,19,2,1,data,ok,16,5,6.8,153.4
mpg,8.0,0,ack-1f,w,3,3,0,ctl,ok,0,0,7.2,153.4
mpg,8.0,0,w48-qpsk-r1/2,w48,19,1,0,data,ok,18,18,10.6,153.4
mpg,8.0,0,ack-1f,w,3,3,0,ctl,ok,0,0,11.7,153.4
mpg,8.0,0,w48-16qam-r1/3,w48,19,2,1,data,ok,17,17,13.6,153.4
mpg,8.0,0,ack-1f,w,3,3,0,ctl,ok,0,0,16.8,153.4
mpg,8.0,0,w48-16qam-r1/2,w48,19,2,1,data,ok,17,0,9.1,153.4
mpg,8.0,0,ack-1f,w,2,2,0,ctl,ok,0,0,6.8,153.4
mpg,8.0,0,w48-16qam-r1/3,w48,19,1,0,data,ok,18,18,10.6,153.4
mpg,8.0,0,ack-1f,w,2,2,0,ctl,ok,0,0,11.8,153.4
mpg,8.0,0,w48-16qam-r1/3,w48,19,1,0,data,ok,18,18,11.9,153.4
mpg,8.0,0,ack-1f,w,3,3,0,ctl,ok,0,0,13.8,153.4
mpg,8.0,0,w48-16qam-r1/2,w48,19,2,1,data,ok,17,0,9.1,153.4
mpg,8.0,0,ack-1f,w,2,2,0,ctl,ok,0,0,5.1,153.4
mpg,8.0,0,w48-16qam-r1/3,w48,19,1,0,data,ok,18,18,11.6,153.4
mpg,8.0,0,ack-1f,w,2,2,0,ctl,ok,0,0,11.6,153.4
mpg,8.0,0,w48-16qam-r1/3,w48,19,1,0,data,ok,18,18,9.3,153.4
mpg,8.0,0,ack-1f,w,2,2,0,ctl,ok,0,0,1.0,153.4
mpg,8.0,0,w48-16qam-r1/3,w48,19,1,0,data,ok,18,18,10.1,153.4
mpg,8.0,0,ack-1f,w,2,2,0,ctl,ok,0,0,8.6,153.4
mpg,8.0,0,w48-16qam-r1/3,w48,19,1,0,data,ctl_lost,18,0,5.0,153.4
mpg,8.0,0,ack-4f,w,3,3,0,ctl,ok,0,0,6.6,153.4
mpg,8.0,0,ack-4f,w,3,3,0,ctl,ok,0,0,6.6,153.4
mpg,8.0,0,w48-qpsk-r1/2,w48,19,2,1,data,ok,17,17,10.3,153.4
mpg,8.0,0,ack-1f,w,2,2,0,ctl,ok,0,0,15.9,153.4
mpg,8.0,0,w48-16qam-r1/3,w48,19,1,0,data,ok,18,18,9.2,153.4
mpg,8.0,0,ack-1f,w,2,2,0,ctl,ok,0,0,16.2,153.4
mpg,8.0,0,w48-16qam-r1/3,w48,19,1,0,data,ok,18,18,12.7,153.4
mpg,8.0,0,ack-1f,w,2,2,0,ctl,ok,0,0,17.5,153.4
mpg,8.0,0,w48-16qam-r1/3,w48,19,1,0,data,ok,18,18,12.1,153.4
mpg,8.0,0,ack-1f,w,3,3,0,ctl,ok,0,0,10.8,153.4
mpg,8.0,0,w48-16qam-r1/2,w48,19,2,1,data,ok,17,0,8.6,153.4
mpg,8.0,0,ack-1f,w,3,3,0,ctl,ok,0,0,8.1,153.4
mpg,8.0,0,w48-16qam-r1/3,w48,19,2,1,data,ok,17,17,11.1,153.4
mpg,8.0,0,ack-1f,w,3,3,0,ctl,ok,0,0,14.3,153.4
mpg,8.0,0,w48-16qam-r1/3,w48,19,2,1,data,ok,17,17,9.3,153.4
mpg,8.0,0,ack-1f,w,2,2,0,ctl,ok,0,0,10.6,153.4
mpg,8.0,0,w48-16qam-r1/3,w48,19,1,0,data,ok,18,18,11.1,153.4
mpg,8.0,0,ack-1f,w,2,2,0,ctl,ok,0,0,12.4,153.4
mpg,8.0,0,w48-16qam-r1/3,w48,19,1,0,data,ok,18,18,8.3,153.4
mpg,8.0,0,ack-1f,w,2,2,0,ctl,ok,0,0,14.7,153.4
mpg,8.0,0,w48-16qam-r1/3,w48,19,1,0,data,ok,18,18,9.1,153.4
mpg,8.0,0,ack-1f,w,3,3,0,ctl,ok,0,0,15.8,153.4
mpg,8.0,0,w48-16qam-r1/3,w48,19,2,1,data,ok,17,0,6.7,153.4
mpg,8.0,0,ack-1f,w,2,2,0,ctl,ok,0,0,5.9,153.4
mpg,8.0,0,w48-qpsk-r1/2,w48,19,1,0,data,ok,18,18,11.0,153.4
mpg,8.0,2,qpsk-r1/5,w,1,1,0,ctl,ok,0,0,10.4,158.9
mpg,8.0,2,qpsk-r1/5,w,1,1,0,ctl,ok,0,0,11.8,158.9
mpg,8.0,2,ack-4f,w,2,2,0,ctl,ok,0,0,10.6,158.9
mpg,8.0,2,ack-1f,w,3,3,0,ctl,ok,0,0,9.6,158.9
mpg,8.0,2,w48-16qam-r1/3,w48,19,2,1,data,ok,17,0,6.7,158.9
mpg,8.0,2,ack-1f,w,3,3,0,ctl,ok,0,0,6.2,158.9
mpg,8.0,2,w48-qpsk-r1/2,w48,19,2,1,data,ok,17,17,10.6,158.9
mpg,8.0,2,ack-1f,w,2,2,0,ctl,ok,0,0,15.2,158.9
mpg,8.0,2,w48-qpsk-r1/2,w48,19,1,0,data,ok,18,18,7.1,158.9
mpg,8.0,2,ack-1f,w,2,2,0,ctl,ctl_lost,0,0,-8.3,158.9
mpg,8.0,2,ack-4f,w,3,3,0,ctl,ok,0,0,5.5,158.9
mpg,8.0,2,ack-4f,w,3,3,0,ctl,ok,0,0,13.8,158.9
mpg,8.0,2,w48-qpsk-r1/2,w48,19,2,1,data,ok,17,17,9.5,158.9
mpg,8.0,2,ack-1f,w,2,2,0,ctl,ok,0,0,14.6,158.9
mpg,8.0,2,w48-qpsk-r1/2,w48,19,1,0,data,ok,18,18,11.0,158.9
mpg,8.0,2,ack-1f,w,2,2,0,ctl,ok,0,0,14.0,158.9
mpg,8.0,2,w48-16qam-r1/3,w48,19,1,0,data,ok,18,18,8.1,158.9
mpg,8.0,2,ack-1f,w,3,3,0,ctl,ok,0,0,16.9,158.9
mpg,8.0,2,w48-16qam-r1/3,w48,19,2,1,data,ok,17,11,8.5,158.9
mpg,8.0,2,ack-1f,w,4,4,0,ctl,ok,0,0,6.8,158.9
mpg,8.0,2,w48-16qam-r1/3,w48,19,2,1,data,ok,11,5,6.8,158.9
mpg,8.0,2,ack-1f,w,3,3,0,ctl,ok,0,0,4.4,158.9
mpg,8.0,2,w48-qpsk-r1/2,w48,19,1,0,data,ok,18,18,7.3,158.9
mpg,8.0,2,ack-1f,w,2,2,0,ctl,ok,0,0,11.3,158.9
mpg,8.0,2,w48-qpsk-r1/2,w48,19,1,0,data,ok,18,18,9.1,158.9
mpg,8.0,2,ack-1f,w,2,2,0,ctl,ok,0,0,10.9,158.9
mpg,8.0,2,w48-qpsk-r1/2,w48,19,1,0,data,ok,18,18,10.0,158.9
mpg,8.0,2,ack-1f,w,2,2,0,ctl,ok,0,0,10.1,158.9
mpg,8.0,2,w48-16qam-r1/3,w48,19,1,0,data,ok,18,18,13.4,158.9
mpg,8.0,2,ack-1f,w,3,3,0,ctl,ok,0,0,13.1,158.9
mpg,8.0,2,w48-16qam-r1/2,w48,19,2,1,data,ok,17,15,10.6,158.9
mpg,8.0,2,ack-1f,w,4,4,0,ctl,ok,0,0,11.2,158.9
mpg,8.0,2,w48-16qam-r1/2,w48,19,2,1,data,ok,15,15,12.1,158.9
mpg,8.0,2,ack-1f,w,2,2,0,ctl,ok,0,0,7.9,158.9
mpg,8.0,2,w48-16qam-r1/3,w48,19,1,0,data,ok,18,18,10.2,158.9
mpg,8.0,2,ack-1f,w,2,2,0,ctl,ok,0,0,10.5,158.9
mpg,8.0,2,w48-16qam-r1/3,w48,19,1,0,data,ok,18,18,11.5,158.9
mpg,8.0,2,ack-1f,w,2,2,0,ctl,ok,0,0,14.3,158.9
mpg,8.0,2,w48-16qam-r1/3,w48,19,1,0,data,ok,18,18,10.7,158.9
mpg,8.0,2,ack-1f,w,3,3,0,ctl,ok,0,0,11.3,158.9
mpg,8.0,2,w48-16qam-r1/2,w48,19,2,1,data,ok,17,7,10.4,158.9
mpg,8.0,2,ack-1f,w,3,3,0,ctl,ok,0,0,11.8,158.9
mpg,8.0,2,w48-16qam-r1/3,w48,19,1,0,data,ctl_lost,18,0,5.8,158.9
mpg,8.0,2,ack-4f,w,3,3,0,ctl,ok,0,0,7.6,158.9
mpg,8.0,2,ack-4f,w,3,3,0,ctl,ok,0,0,8.3,158.9
mpg,8.0,2,w48-qpsk-r1/2,w48,19,2,1,data,ok,17,17,10.4,158.9
mpg,8.0,2,ack-1f,w,2,2,0,ctl,ok,0,0,9.4,158.9
mpg,8.0,2,w48-qpsk-r1/2,w48,19,1,0,data,ok,18,18,9.0,158.9
mpg,8.0,2,ack-1f,w,3,3,0,ctl,ok,0,0,10.4,158.9
mpg,8.0,2,w48-16qam-r1/3,w48,19,2,1,data,ok,17,17,9.0,158.9
mpg,8.0,2,ack-1f,w,2,2,0,ctl,ok,0,0,5.4,158.9
mpg,8.0,2,w48-qpsk-r1/2,w48,19,1,0,data,ok,18,18,7.6,158.9
mpg,8.0,2,ack-1f,w,2,2,0,ctl,ok,0,0,14.2,158.9
mpg,8.0,2,w48-qpsk-r1/2,w48,19,1,0,data,ok,18,13,6.0,158.9
mpg,8.0,2,ack-1f,w,3,3,0,ctl,ok,0,0,8.9,158.9
mpg,8.0,2,w48-qpsk-r1/2,w48,19,1,0,data,ok,13,13,6.9,158.9
mpg,8.0,2,ack-1f,w,2,2,0,ctl,ok,0,0,6.1,158.9
mpg,8.0,2,w48-qpsk-r1/2,w48,19,1,0,data,ok,18,18,9.3,158.9
mpg,8.0,2,ack-1f,w,2,2,0,ctl,ok,0,0,13.0,158.9
mpg,8.0,2,w48-qpsk-r1/2,w48,19,1,0,data,ok,18,18,13.0,158.9
mpg,8.0,2,ack-1f,w,3,3,0,ctl,ok,0,0,9.3,158.9
mpg,8.0,2,w48-16qam-r1/2,w48,19,2,1,data,ok,17,10,9.9,158.9
mpg,8.0,2,ack-1f,w,4,4,0,ctl,ok,0,0,9.9,158.9
mpg,8.0,2,w48-16qam-r1/2,w48,19,2,1,data,ok,10,0,7.9,158.9
mpg,8.0,2,ack-1f,w,2,2,0,ctl,ok,0,0,9.6,158.9
mpg,8.0,2,w48-qpsk-r1/2,w48,19,1,0,data,ok,18,18,11.7,158.9
mpg,8.0,2,ack-1f,w,2,2,0,ctl,ok,0,0,10.1,158.9
mpg,8.0,2,w48-qpsk-r1/2,w48,19,1,0,data,ok,18,18,9.1,158.9
mpg,8.0,2,ack-1f,w,3,3,0,ctl,ok,0,0,11.3,158.9
mpg,8.0,2,w48-16qam-r1/3,w48,19,2,1,data,ok,17,17,9.8,158.9
mpg,8.0,2,ack-1f,w,3,3,0,ctl,ok,0,0,12.1,158.9
mpg,8.0,2,w48-16qam-r1/3,w48,19,2,1,data,ok,17,17,7.4,158.9
mpg,8.0,2,ack-1f,w,2,2,0,ctl,ok,0,0,2.5,158.9
mpg,8.0,2,w48-qpsk-r1/2,w48,19,1,0,data,ok,18,18,9.2,158.9
mpg,8.0,2,ack-1f,w,3,3,0,ctl,ok,0,0,13.2,158.9
mpg,8.0,2,w48-16qam-r1/3,w48,19,2,1,data,ok,17,17,9.0,158.9
mpg,8.0,2,ack-1f,w,2,2,0,ctl,ok,0,0,11.8,158.9
mpg,8.0,2,w48-16qam-r1/3,w48,19,1,0,data,ok,18,18,12.5,158.9
mpg,8.0,2,ack-1f,w,2,2,0,ctl,ok,0,0,9.4,158.9
mpg,8.0,2,w48-16qam-r1/3,w48,19,1,0,data,ok,18,18,9.9,158.9
mpg,8.0,2,ack-1f,w,3,3,0,ctl,ok,0,0,11.1,158.9
mpg,8.0,2,w48-16qam-r1/3,w48,19,2,1,data,ok,17,17,10.4,158.9
mpg,8.0,2,ack-1f,w,2,2,0,ctl,ok,0,0,16.3,158.9
mpg,8.0,2,w48-16qam-r1/3,w48,19,1,0,data,ok,18,18,12.0,158.9
mpg,8.0,2,ack-1f,w,2,2,0,ctl,ok,0,0,8.5,158.9
mpg,8.0,2,w48-16qam-r1/3,w48,19,1,0,data,ok,18,18,12.5,158.9
mpg,8.0,2,ack-1f,w,2,2,0,ctl,ok,0,0,12.9,158.9
mpg,8.0,2,w48-16qam-r1/3,w48,19,1,0,data,ok,18,18,7.8,158.9
mpg,8.0,2,ack-1f,w,3,3,0,ctl,ok,0,0,8.3,158.9
mpg,8.0,2,w48-16qam-r1/3,w48,19,2,1,data,ok,17,15,7.8,158.9
mpg,8.0,2,ack-1f,w,4,4,0,ctl,ok,0,0,1.6,158.9
mpg,8.0,2,w48-16qam-r1/3,w48,19,2,1,data,ok,15,15,11.2,158.9
mpg,8.0,2,ack-1f,w,2,2,0,ctl,ok,0,0,13.8,158.9
mpg,8.0,2,w48-16qam-r1/3,w48,19,1,0,data,ok,18,18,7.6,158.9
mpg,8.0,4,qpsk-r1/5,w,1,1,0,ctl,ok,0,0,4.7,151.3
mpg,8.0,4,qpsk-r1/5,w,1,1,0,ctl,ok,0,0,3.0,151.3
mpg,8.0,4,ack-4f,w,3,3,0,ctl,ok,0,0,6.0,151.3
mpg,8.0,4,ack-1f,w,2,2,0,ctl,ok,0,0,6.0,151.3
mpg,8.0,4,qpsk-r1/2,w,9,1,0,data,ok,8,8,13.1,151.3
mpg,8.0,4,ack-1f,w,3,3,0,ctl,ok,0,0,9.1,151.3
mpg,8.0,4,w48-qpsk-r1/2,w48,19,2,1,data,ok,17,17,10.8,151.3
mpg,8.0,4,ack-1f,w,3,3,0,ctl,ok,0,0,12.9,151.3
mpg,8.0,4,w48-16qam-r1/3,w48,19,2,1,data,ok,17,17,9.7,151.3
mpg,8.0,4,ack-1f,w,2,2,0,ctl,ok,0,0,15.9,151.3
mpg,8.0,4,w48-16qam-r1/3,w48,19,1,0,data,ok,18,18,11.0,151.3
mpg,8.0,4,ack-1f,w,2,2,0,ctl,ok,0,0,14.0,151.3
mpg,8.0,4,w48-16qam-r1/3,w48,19,1,0,data,ok,18,18,10.2,151.3
mpg,8.0,4,ack-1f,w,2,2,0,ctl,ok,0,0,8.9,151.3
mpg,8.0,4,w48-16qam-r1/3,w48,19,1,0,data,ok,18,18,10.7,151.3
mpg,8.0,4,ack-1f,w,3,3,0,ctl,ok,0,0,8.6,151.3
mpg,8.0,4,w48-16qam-r1/3,w48,19,2,1,data,ok,17,17,9.8,151.3
mpg,8.0,4,ack-1f,w,2,2,0,ctl,ok,0,0,10.2,151.3
mpg,8.0,4,w48-16qam-r1/3,w48,19,1,0,data,ok,18,18,10.6,151.3
mpg,8.0,4,ack-1f,w,2,2,0,ctl,ok,0,0,9.8,151.3
mpg,8.0,4,w48-16qam-r1/3,w48,19,1,0,data,ctl_lost,18,0,6.5,151.3
mpg,8.0,4,ack-4f,w,3,3,0,ctl,ok,0,0,12.4,151.3
mpg,8.0,4,ack-4f,w,2,2,0,ctl,ok,0,0,12.2,151.3
mpg,8.0,4,w48-qpsk-r1/2,w48,19,1,0,data,ok,18,18,8.9,151.3
mpg,8.0,4,ack-1f,w,2,2,0,ctl,ok,0,0,5.4,151.3
mpg,8.0,4,w48-qpsk-r1/2,w48,19,1,0,data,ok,18,18,10.4,151.3
mpg,8.0,4,ack-1f,w,3,3,0,ctl,ok,0,0,9.2,151.3
mpg,8.0,4,w48-16qam-r1/3,w48,19,2,1,data,ok,17,7,6.9,151.3
mpg,8.0,4,ack-1f,w,4,4,0,ctl,ok,0,0,11.2,151.3
mpg,8.0,4,w48-16qam-r1/3,w48,19,2,1,data,ok,7,7,7.9,151.3
mpg,8.0,4,ack-1f,w,2,2,0,ctl,ok,0,0,9.5,151.3
mpg,8.0,4,w48-qpsk-r1/2,w48,19,1,0,data,ok,18,18,8.6,151.3
mpg,8.0,4,ack-1f,w,3,3,0,ctl,ok,0,0,7.4,151.3
mpg,8.0,4,w48-16qam-r1/3,w48,19,2,1,data,ok,17,17,10.6,151.3
mpg,8.0,4,ack-1f,w,3,3,0,ctl,ok,0,0,9.0,151.3
mpg,8.0,4,w48-16qam-r1/3,w48,19,2,1,data,ok,17,17,9.4,151.3
mpg,8.0,4,ack-1f,w,3,3,0,ctl,ok,0,0,4.2,151.3
mpg,8.0,4,w48-16qam-r1/3,w48,19,2,1,data,ok,17,17,10.0,151.3
mpg,8.0,4,ack-1f,w,3,3,0,ctl,ok,0,0,6.1,151.3
mpg,8.0,4,w48-16qam-r1/3,w48,19,2,1,data,ok,17,17,10.4,151.3
mpg,8.0,4,ack-1f,w,2,2,0,ctl,ok,0,0,11.2,151.3
mpg,8.0,4,w48-16qam-r1/3,w48,19,1,0,data,ok,18,18,10.6,151.3
mpg,8.0,4,ack-1f,w,2,2,0,ctl,ok,0,0,3.4,151.3
mpg,8.0,4,w48-16qam-r1/3,w48,19,1,0,data,ok,18,18,8.9,151.3
mpg,8.0,4,ack-1f,w,2,2,0,ctl,ok,0,0,12.5,151.3
mpg,8.0,4,w48-16qam-r1/3,w48,19,1,0,data,ctl_lost,18,0,5.9,151.3
mpg,8.0,4,ack-4f,w,2,2,0,ctl,ok,0,0,14.3,151.3
mpg,8.0,4,ack-4f,w,2,2,0,ctl,ok,0,0,10.4,151.3
mpg,8.0,4,w48-qpsk-r1/2,w48,19,1,0,data,ok,18,18,10.0,151.3
mpg,8.0,4,ack-1f,w,3,3,0,ctl,ok,0,0,11.1,151.3
mpg,8.0,4,w48-16qam-r1/3,w48,19,2,1,data,ok,17,17,7.8,151.3
mpg,8.0,4,ack-1f,w,2,2,0,ctl,ok,0,0,10.2,151.3
mpg,8.0,4,w48-qpsk-r1/2,w48,19,1,0,data,ok,18,18,11.4,151.3
mpg,8.0,4,ack-1f,w,2,2,0,ctl,ok,0,0,12.5,151.3
mpg,8.0,4,w48-16qam-r1/3,w48,19,1,0,data,ok,18,18,10.0,151.3
mpg,8.0,4,ack-1f,w,2,2,0,ctl,ok,0,0,13.5,151.3
mpg,8.0,4,w48-16qam-r1/3,w48,19,1,0,data,ok,18,18,8.8,151.3
mpg,8.0,4,ack-1f,w,3,3,0,ctl,ok,0,0,11.6,151.3
mpg,8.0,4,w48-16qam-r1/3,w48,19,2,1,data,ok,17,0,4.3,151.3
mpg,8.0,4,ack-1f,w,3,3,0,ctl,ok,0,0,8.6,151.3
mpg,8.0,4,w48-qpsk-r1/2,w48,19,2,1,data,ok,17,17,9.3,151.3
mpg,8.0,4,ack-1f,w,2,2,0,ctl,ok,0,0,17.8,151.3
mpg,8.0,4,w48-qpsk-r1/2,w48,19,1,0,data,ok,18,18,10.3,151.3
mpg,8.0,4,ack-1f,w,2,2,0,ctl,ok,0,0,7.7,151.3
mpg,8.0,4,w48-16qam-r1/3,w48,19,1,0,data,ok,18,18,9.2,151.3
mpg,8.0,4,ack-1f,w,2,2,0,ctl,ok,0,0,14.7,151.3
mpg,8.0,4,w48-16qam-r1/3,w48,19,1,0,data,ctl_lost,18,0,5.9,151.3
mpg,8.0,4,ack-4f,w,2,2,0,ctl,ok,0,0,13.5,151.3
mpg,8.0,4,ack-4f,w,2,2,0,ctl,ok,0,0,13.8,151.3
mpg,8.0,4,w48-qpsk-r1/2,w48,19,1,0,data,ctl_lost,18,0,1.7,151.3
mpg,8.0,4,ack-4f,w,4,4,0,ctl,ok,0,0,14.7,151.3
mpg,8.0,4,ack-4f,w,3,3,0,ctl,ok,0,0,8.3,151.3
mpg,8.0,4,w48-qpsk-r1/2,w48,19,2,1,data,ok,17,17,11.8,151.3
mpg,8.0,4,ack-1f,w,3,3,0,ctl,ok,0,0,13.8,151.3
mpg,8.0,4,w48-qpsk-r3/4,w48,19,2,1,data,ok,17,11,9.7,151.3
mpg,8.0,4,ack-1f,w,4,4,0,ctl,ok,0,0,3.8,151.3
mpg,8.0,4,w48-qpsk-r3/4,w48,19,2,1,data,ok,11,11,10.6,151.3
mpg,8.0,4,ack-1f,w,3,3,0,ctl,ok,0,0,15.3,151.3
mpg,8.0,4,w48-16qam-r1/3,w48,19,2,1,data,ok,17,17,10.3,151.3
mpg,8.0,4,ack-1f,w,2,2,0,ctl,ok,0,0,11.8,151.3
mpg,8.0,4,w48-16qam-r1/3,w48,19,1,0,data,ok,18,18,8.2,151.3
mpg,8.0,4,ack-1f,w,2,2,0,ctl,ok,0,0,10.4,151.3
mpg,8.0,4,w48-qpsk-r1/2,w48,19,1,0,data,ok,18,18,11.7,151.3
mpg,8.0,4,ack-1f,w,2,2,0,ctl,ok,0,0,9.2,151.3
mpg,8.0,4,w48-qpsk-r1/2,w48,19,1,0,data,ok,18,18,11.5,151.3
mpg,8.0,4,ack-1f,w,2,2,0,ctl,ok,0,0,7.8,151.3
mpg,8.0,4,w48-16qam-r1/3,w48,19,1,0,data,ok,18,18,7.7,151.3
mpg,8.0,4,ack-1f,w,2,2,0,ctl,ok,0,0,2.3,151.3
mpg,8.0,4,w48-qpsk-r1/2,w48,19,1,0,data,ok,18,18,10.2,151.3
mpg,8.0,4,ack-1f,w,2,2,0,ctl,ok,0,0,15.9,151.3
mpg,8.0,4,w48-qpsk-r1/2,w48,19,1,0,data,ok,18,18,11.8,151.3
mpg,8.0,4,ack-1f,w,2,2,0,ctl,ok,0,0,10.7,151.3
mpg,8.0,4,w48-16qam-r1/3,w48,19,1,0,data,ok,18,18,12.8,151.3
mpg,8.0,4,ack-1f,w,2,2,0,ctl,ok,0,0,15.2,151.3
mpg,8.0,3,qpsk-r1/5,w,1,1,0,ctl,ok,0,0,12.8,167.0
mpg,8.0,3,qpsk-r1/5,w,1,1,0,ctl,ok,0,0,11.9,167.0
mpg,8.0,3,ack-4f,w,2,2,0,ctl,ok,0,0,6.7,167.0
mpg,8.0,3,ack-1f,w,2,2,0,ctl,ok,0,0,4.7,167.0
mpg,8.0,3,w48-qpsk-r1/2,w48,19,1,0,data,ok,18,18,8.1,167.0
mpg,8.0,3,ack-1f,w,2,2,0,ctl,ok,0,0,11.3,167.0
mpg,8.0,3,w48-qpsk-r1/2,w48,19,1,0,data,ok,18,18,10.9,167.0
mpg,8.0,3,ack-1f,w,2,2,0,ctl,ok,0,0,15.0,167.0
mpg,8.0,3,w48-16qam-r1/3,w48,19,1,0,data,ok,18,18,9.7,167.0
mpg,8.0,3,ack-1f,w,2,2,0,ctl,ok,0,0,7.8,167.0
mpg,8.0,3,w48-16qam-r1/3,w48,19,1,0,data,ok,18,18,10.8,167.0
mpg,8.0,3,ack-1f,w,2,2,0,ctl,ok,0,0,9.2,167.0
mpg,8.0,3,w48-16qam-r1/3,w48,19,1,0,data,ok,18,18,10.8,167.0
mpg,8.0,3,ack-1f,w,2,2,0,ctl,ok,0,0,9.8,167.0
mpg,8.0,3,w48-16qam-r1/3,w48,19,1,0,data,ok,18,18,9.4,167.0
mpg,8.0,3,ack-1f,w,2,2,0,ctl,ok,0,0,10.1,167.0
mpg,8.0,3,w48-16qam-r1/3,w48,19,1,0,data,ok,18,18,11.2,167.0
mpg,8.0,3,ack-1f,w,2,2,0,ctl,ok,0,0,5.8,167.0
mpg,8.0,3,w48-16qam-r1/3,w48,19,1,0,data,ok,18,18,8.3,167.0
mpg,8.0,3,ack-1f,w,3,3,0,ctl,ok,0,0,11.7,167.0
mpg,8.0,3,w48-16qam-r1/3,w48,19,2,1,data,ok,17,17,10.6,167.0
mpg,8.0,3,ack-1f,w,3,3,0,ctl,ok,0,0,7.6,167.0
mpg,8.0,3,w48-16qam-r1/3,w48,19,2,1,data,ok,17,17,8.9,167.0
mpg,8.0,3,ack-1f,w,3,3,0,ctl,ok,0,0,12.5,167.0
mpg,8.0,3,w48-16qam-r1/3,w48,19,2,1,data,ok,17,0,6.1,167.0
mpg,8.0,3,ack-1f,w,3,3,0,ctl,ok,0,0,8.7,167.0
mpg,8.0,3,w48-qpsk-r1/2,w48,19,2,1,data,ok,17,17,8.0,167.0
mpg,8.0,3,ack-1f,w,2,2,0,ctl,ok,0,0,7.0,167.0
mpg,8.0,3,w48-qpsk-r1/2,w48,19,1,0,data,ctl_lost,18,0,5.2,167.0
mpg,8.0,3,ack-4f,w,2,2,0,ctl,ok,0,0,14.3,167.0
mpg,8.0,3,ack-4f,w,3,3,0,ctl,ok,0,0,11.6,167.0
mpg,8.0,3,w48-16qam-r1/3,w48,19,2,1,data,ok,17,17,12.2,167.0
mpg,8.0,3,ack-1f,w,2,2,0,ctl,ok,0,0,7.1,167.0
mpg,8.0,3,w48-qpsk-r3/4,w48,19,1,0,data,ok,18,18,11.4,167.0
mpg,8.0,3,ack-1f,w,3,3,0,ctl,ok,0,0,15.5,167.0
mpg,8.0,3,w48-16qam-r1/2,w48,19,2,1,data,ok,17,0,8.3,167.0
mpg,8.0,3,ack-1f,w,2,2,0,ctl,ok,0,0,13.1,167.0
mpg,8.0,3,w48-16qam-r1/3,w48,19,1,0,data,ok,18,18,11.4,167.0
mpg,8.0,3,ack-1f,w,2,2,0,ctl,ok,0,0,9.8,167.0
mpg,8.0,3,w48-16qam-r1/3,w48,19,1,0,data,ok,18,18,11.0,167.0
mpg,8.0,3,ack-1f,w,2,2,0,ctl,ok,0,0,16.0,167.0
mpg,8.0,3,w48-16qam-r1/3,w48,19,1,0,data,ok,18,18,10.7,167.0
mpg,8.0,3,ack-1f,w,2,2,0,ctl,ok,0,0,9.7,167.0
mpg,8.0,3,w48-16qam-r1/3,w48,19,1,0,data,ok,18,18,13.4,167.0
mpg,8.0,3,ack-1f,w,2,2,0,ctl,ok,0,0,12.4,167.0
mpg,8.0,3,w48-16qam-r1/3,w48,19,1,0,data,ok,18,18,11.7,167.0
mpg,8.0,3,ack-1f,w,3,3,0,ctl,ok,0,0,10.8,167.0
mpg,8.0,3,w48-16qam-r1/2,w48,19,2,1,data,ok,17,0,6.7,167.0
mpg,8.0,3,ack-1f,w,2,2,0,ctl,ok,0,0,14.3,167.0
mpg,8.0,3,w48-16qam-r1/3,w48,19,1,0,data,ok,18,18,10.5,167.0
mpg,8.0,3,ack-1f,w,2,2,0,ctl,ok,0,0,9.6,167.0
mpg,8.0,3,w48-16qam-r1/3,w48,19,1,0,data,ok,18,18,9.3,167.0
mpg,8.0,3,ack-1f,w,2,2,0,ctl,ok,0,0,5.1,167.0
mpg,8.0,3,w48-16qam-r1/3,w48,19,1,0,data,ok,18,18,7.3,167.0
mpg,8.0,3,ack-1f,w,2,2,0,ctl,ok,0,0,11.8,167.0
mpg,8.0,3,w48-16qam-r1/3,w48,19,1,0,data,ok,18,18,9.7,167.0
mpg,8.0,3,ack-1f,w,2,2,0,ctl,ctl_lost,0,0,-1.6,167.0
mpg,8.0,3,ack-4f,w,3,3,0,ctl,ok,0,0,8.5,167.0
mpg,8.0,3,ack-4f,w,2,2,0,ctl,ok,0,0,10.0,167.0
mpg,8.0,3,w48-16qam-r1/3,w48,19,1,0,data,ok,18,18,7.6,167.0
mpg,8.0,3,ack-1f,w,3,3,0,ctl,ok,0,0,7.2,167.0
mpg,8.0,3,w48-16qam-r1/3,w48,19,2,1,data,ok,17,17,7.4,167.0
mpg,8.0,3,ack-1f,w,3,3,0,ctl,ok,0,0,2.6,167.0
mpg,8.0,3,w48-16qam-r1/3,w48,19,2,1,data,ok,17,17,9.9,167.0
mpg,8.0,3,ack-1f,w,2,2,0,ctl,ok,0,0,13.8,167.0
mpg,8.0,3,w48-16qam-r1/3,w48,19,1,0,data,ok,18,18,10.2,167.0
mpg,8.0,3,ack-1f,w,2,2,0,ctl,ok,0,0,12.1,167.0
mpg,8.0,3,w48-16qam-r1/3,w48,19,1,0,data,ok,18,18,8.6,167.0
mpg,8.0,3,ack-1f,w,2,2,0,ctl,ok,0,0,9.5,167.0
mpg,8.0,3,w48-16qam-r1/3,w48,19,1,0,data,ok,18,18,10.3,167.0
mpg,8.0,3,ack-1f,w,2,2,0,ctl,ok,0,0,9.4,167.0
mpg,8.0,3,w48-16qam-r1/3,w48,19,1,0,data,ok,18,18,8.2,167.0
mpg,8.0,3,ack-1f,w,2,2,0,ctl,ok,0,0,13.0,167.0
mpg,8.0,3,w48-16qam-r1/3,w48,19,1,0,data,ok,18,16,7.6,167.0
mpg,8.0,3,ack-1f,w,3,3,0,ctl,ok,0,0,11.2,167.0
mpg,8.0,3,w48-16qam-r1/3,w48,19,1,0,data,ok,16,16,7.6,167.0
mpg,8.0,3,ack-1f,w,2,2,0,ctl,ok,0,0,13.0,167.0
mpg,8.0,3,w48-16qam-r1/3,w48,19,1,0,data,ok,18,18,13.5,167.0
mpg,8.0,3,ack-1f,w,2,2,0,ctl,ok,0,0,17.1,167.0
mpg,8.0,3,w48-16qam-r1/3,w48,19,1,0,data,ok,18,18,11.5,167.0
mpg,8.0,3,ack-1f,w,2,2,0,ctl,ok,0,0,8.2,167.0
mpg,8.0,3,w48-16qam-r1/3,w48,19,1,0,data,ok,18,18,11.5,167.0
mpg,8.0,3,ack-1f,w,2,2,0,ctl,ok,0,0,7.1,167.0
mpg,8.0,3,w48-16qam-r1/3,w48,19,1,0,data,ctl_lost,18,0,4.5,167.0
mpg,8.0,3,ack-4f,w,3,3,0,ctl,ok,0,0,13.9,167.0
mpg,8.0,3,ack-4f,w,3,3,0,ctl,ok,0,0,13.0,167.0
mpg,8.0,3,w48-16qam-r1/3,w48,19,2,1,data,ok,17,17,10.1,167.0
mpg,8.0,3,ack-1f,w,2,2,0,ctl,ok,0,0,8.2,167.0
mpg,8.0,3,w48-16qam-r1/3,w48,19,1,0,data,ok,18,18,8.2,167.0
mpg,8.0,3,ack-1f,w,2,2,0,ctl,ok,0,0,8.9,167.0
mpg,8.0,3,w48-16qam-r1/3,w48,19,1,0,data,ok,18,18,11.0,167.0
mpg,8.0,3,ack-1f,w,2,2,0,ctl,ok,0,0,6.0,167.0
mpg,8.0,3,w48-16qam-r1/3,w48,19,1,0,data,ctl_lost,18,17,7.3,167.0
mpg,8.0,3,ack-4f,w,3,3,0,ctl,ok,0,0,1.3,167.0
mpg,8.0,3,ack-4f,w,3,3,0,ctl,ok,0,0,5.3,167.0
mpg,8.0,1,qpsk-r1/5,w,1,1,0,ctl,ok,0,0,11.8,170.0
mpg,8.0,1,qpsk-r1/5,w,1,1,0,ctl,ok,0,0,8.3,170.0
mpg,8.0,1,ack-4f,w,2,2,0,ctl,ok,0,0,6.1,170.0
mpg,8.0,1,ack-1f,w,3,3,0,ctl,ok,0,0,11.6,170.0
mpg,8.0,1,w48-qpsk-r1/2,w48,19,2,1,data,ok,17,17,10.8,170.0
mpg,8.0,1,ack-1f,w,3,3,0,ctl,ok,0,0,12.8,170.0
mpg,8.0,1,w48-16qam-r1/3,w48,19,2,1,data,ok,17,17,10.4,170.0
mpg,8.0,1,ack-1f,w,3,3,0,ctl,ok,0,0,14.7,170.0
mpg,8.0,1,w48-16qam-r1/3,w48,19,2,1,data,ok,17,17,9.6,170.0
mpg,8.0,1,ack-1f,w,2,2,0,ctl,ok,0,0,13.3,170.0
mpg,8.0,1,w48-16qam-r1/3,w48,19,1,0,data,ok,18,18,9.3,170.0
mpg,8.0,1,ack-1f,w,3,3,0,ctl,ok,0,0,7.1,170.0
mpg,8.0,1,w48-16qam-r1/3,w48,19,2,1,data,ok,17,17,8.9,170.0
mpg,8.0,1,ack-1f,w,2,2,0,ctl,ok,0,0,12.0,170.0
mpg,8.0,1,w48-16qam-r1/3,w48,19,1,0,data,ok,18,17,9.2,170.0
mpg,8.0,1,ack-1f,w,4,4,0,ctl,ok,0,0,12.2,170.0
mpg,8.0,1,w48-16qam-r1/3,w48,19,2,1,data,ok,16,16,9.2,170.0
mpg,8.0,1,ack-1f,w,2,2,0,ctl,ok,0,0,11.3,170.0
mpg,8.0,1,w48-16qam-r1/3,w48,19,1,0,data,ok,18,18,9.9,170.0
mpg,8.0,1,ack-1f,w,2,2,0,ctl,ok,0,0,9.1,170.0
mpg,8.0,1,w48-16qam-r1/3,w48,19,1,0,data,ok,18,18,7.3,170.0
mpg,8.0,1,ack-1f,w,2,2,0,ctl,ok,0,0,8.5,170.0
mpg,8.0,1,w48-16qam-r1/3,w48,19,1,0,data,ok,18,18,8.6,170.0
mpg,8.0,1,ack-1f,w,3,3,0,ctl,ok,0,0,6.8,170.0
mpg,8.0,1,w48-16qam-r1/3,w48,19,2,1,data,ok,17,0,3.1,170.0
mpg,8.0,1,ack-1f,w,3,3,0,ctl,ok,0,0,2.4,170.0
mpg,8.0,1,w48-qpsk-r1/3,w48,19,2,1,data,ok,17,17,8.3,170.0
mpg,8.0,1,ack-1f,w,3,3,0,ctl,ok,0,0,7.7,170.0
mpg,8.0,1,w48-qpsk-r1/2,w48,19,2,1,data,ok,17,17,10.0,170.0
mpg,8.0,1,ack-1f,w,2,2,0,ctl,ok,0,0,9.2,170.0
mpg,8.0,1,w48-16qam-r1/3,w48,19,1,0,data,ok,18,18,9.1,170.0
mpg,8.0,1,ack-1f,w,2,2,0,ctl,ok,0,0,14.2,170.0
mpg,8.0,1,w48-16qam-r1/3,w48,19,1,0,data,ok,18,18,7.9,170.0
mpg,8.0,1,ack-1f,w,2,2,0,ctl,ok,0,0,10.7,170.0
mpg,8.0,1,w48-16qam-r1/3,w48,19,1,0,data,ok,18,18,8.8,170.0
mpg,8.0,1,ack-1f,w,2,2,0,ctl,ok,0,0,13.2,170.0
mpg,8.0,1,w48-16qam-r1/3,w48,19,1,0,data,ok,18,18,12.3,170.0
mpg,8.0,1,ack-1f,w,2,2,0,ctl,ok,0,0,12.8,170.0
mpg,8.0,1,w48-16qam-r1/3,w48,19,1,0,data,ok,18,18,9.7,170.0
mpg,8.0,1,ack-1f,w,2,2,0,ctl,ok,0,0,11.6,170.0
mpg,8.0,1,w48-16qam-r1/3,w48,19,1,0,data,ok,18,17,7.7,170.0
mpg,8.0,1,ack-1f,w,3,3,0,ctl,ok,0,0,11.5,170.0
mpg,8.0,1,w48-16qam-r1/3,w48,19,1,0,data,ok,17,17,9.0,170.0
mpg,8.0,1,ack-1f,w,2,2,0,ctl,ok,0,0,10.1,170.0
mpg,8.0,1,w48-16qam-r1/3,w48,19,1,0,data,ok,18,18,9.2,170.0
mpg,8.0,1,ack-1f,w,2,2,0,ctl,ok,0,0,14.2,170.0
mpg,8.0,1,w48-16qam-r1/3,w48,19,1,0,data,ok,18,18,9.8,170.0
mpg,8.0,1,ack-1f,w,2,2,0,ctl,ok,0,0,11.4,170.0
mpg,8.0,1,w48-16qam-r1/3,w48,19,1,0,data,ok,18,18,10.5,170.0
mpg,8.0,1,ack-1f,w,2,2,0,ctl,ok,0,0,15.4,170.0
mpg,8.0,1,w48-16qam-r1/3,w48,19,1,0,data,ok,18,18,11.1,170.0
mpg,8.0,1,ack-1f,w,2,2,0,ctl,ok,0,0,10.7,170.0
mpg,8.0,1,w48-16qam-r1/3,w48,19,1,0,data,ok,18,18,7.9,170.0
mpg,8.0,1,ack-1f,w,2,2,0,ctl,ok,0,0,11.4,170.0
mpg,8.0,1,w48-16qam-r1/3,w48,19,1,0,data,ok,18,18,10.6,170.0
mpg,8.0,1,ack-1f,w,2,2,0,ctl,ok,0,0,6.0,170.0
mpg,8.0,1,w48-16qam-r1/3,w48,19,1,0,data,ok,18,18,8.5,170.0
mpg,8.0,1,ack-1f,w,2,2,0,ctl,ok,0,0,10.8,170.0
mpg,8.0,1,w48-16qam-r1/3,w48,19,1,0,data,ok,18,18,8.4,170.0
mpg,8.0,1,ack-1f,w,2,2,0,ctl,ok,0,0,7.6,170.0
mpg,8.0,1,w48-16qam-r1/3,w48,19,1,0,data,ctl_lost,18,0,5.3,170.0
mpg,8.0,1,ack-4f,w,3,3,0,ctl,ok,0,0,7.3,170.0
mpg,8.0,1,ack-4f,w,3,3,0,ctl,ok,0,0,12.1,170.0
mpg,8.0,1,w48-qpsk-r1/2,w48,19,2,1,data,ok,17,17,11.6,170.0
mpg,8.0,1,ack-1f,w,2,2,0,ctl,ok,0,0,14.4,170.0
mpg,8.0,1,w48-16qam-r1/3,w48,19,1,0,data,ok,18,18,12.6,170.0
mpg,8.0,1,ack-1f,w,2,2,0,ctl,ok,0,0,8.1,170.0
mpg,8.0,1,w48-16qam-r1/3,w48,19,1,0,data,ok,18,18,13.3,170.0
mpg,8.0,1,ack-1f,w,2,2,0,ctl,ok,0,0,12.1,170.0
mpg,8.0,1,w48-16qam-r1/3,w48,19,1,0,data,ok,18,18,10.1,170.0
mpg,8.0,1,ack-1f,w,2,2,0,ctl,ok,0,0,14.7,170.0
mpg,8.0,1,w48-16qam-r1/3,w48,19,1,0,data,ok,18,18,11.1,170.0
mpg,8.0,1,ack-1f,w,2,2,0,ctl,ok,0,0,7.6,170.0
mpg,8.0,1,w48-16qam-r1/3,w48,19,1,0,data,ok,18,18,8.7,170.0
mpg,8.0,1,ack-1f,w,2,2,0,ctl,ok,0,0,2.6,170.0
mpg,8.0,1,w48-16qam-r1/3,w48,19,1,0,data,ctl_lost,18,0,4.6,170.0
mpg,8.0,1,ack-4f,w,3,3,0,ctl,ok,0,0,11.7,170.0
mpg,8.0,1,ack-4f,w,3,3,0,ctl,ok,0,0,10.3,170.0
mpg,8.0,1,w48-qpsk-r1/2,w48,19,2,1,data,ok,17,17,7.8,170.0
mpg,8.0,1,ack-1f,w,2,2,0,ctl,ok,0,0,15.4,170.0
mpg,8.0,1,w48-qpsk-r1/2,w48,19,1,0,data,ok,18,18,7.8,170.0
mpg,8.0,1,ack-1f,w,2,2,0,ctl,ok,0,0,10.6,170.0
mpg,8.0,1,w48-qpsk-r1/2,w48,19,1,0,data,ok,18,18,10.1,170.0
mpg,8.0,1,ack-1f,w,2,2,0,ctl,ok,0,0,12.3,170.0
mpg,8.0,1,w48-qpsk-r1/2,w48,19,1,0,data,ok,18,18,9.8,170.0
mpg,8.0,1,ack-1f,w,3,3,0,ctl,ok,0,0,11.2,170.0
mpg,8.0,1,w48-16qam-r1/3,w48,19,2,1,data,ok,17,17,9.6,170.0
mpg,8.0,1,ack-1f,w,2,2,0,ctl,ok,0,0,13.6,170.0
mpg,8.0,1,w48-16qam-r1/3,w48,19,1,0,data,ok,18,8,6.8,170.0
mpg,8.0,1,ack-1f,w,4,4,0,ctl,ok,0,0,12.1,170.0
mpg,8.0,1,w48-16qam-r1/3,w48,19,2,1,data,ok,7,7,8.4,170.0
mpg,8.0,1,ack-1f,w,2,2,0,ctl,ok,0,0,8.6,170.0
mpg,8.0,1,w48-qpsk-r1/2,w48,19,1,0,data,ctl_lost,18,0,3.2,170.0
mpg,8.0,8,qpsk-r1/5,w,1,1,0,ctl,ok,0,0,11.7,164.5
mpg,8.0,8,qpsk-r1/5,w,1,1,0,ctl,ok,0,0,10.6,164.5
mpg,8.0,8,ack-4f,w,2,2,0,ctl,ok,0,0,6.2,164.5
mpg,8.0,8,ack-1f,w,2,2,0,ctl,ok,0,0,11.8,164.5
mpg,8.0,8,w48-qpsk-r1/2,w48,19,1,0,data,ok,18,18,9.5,164.5
mpg,8.0,8,ack-1f,w,3,3,0,ctl,ok,0,0,-0.6,164.5
mpg,8.0,8,w48-16qam-r1/3,w48,19,2,1,data,ok,17,17,7.8,164.5
mpg,8.0,8,ack-1f,w,3,3,0,ctl,ok,0,0,6.4,164.5
mpg,8.0,8,w48-16qam-r1/3,w48,19,2,1,data,ok,17,17,9.2,164.5
mpg,8.0,8,ack-1f,w,3,3,0,ctl,ok,0,0,16.0,164.5
mpg,8.0,8,w48-16qam-r1/3,w48,19,2,1,data,ok,17,17,14.0,164.5
mpg,8.0,8,ack-1f,w,2,2,0,ctl,ok,0,0,9.5,164.5
mpg,8.0,8,w48-16qam-r1/3,w48,19,1,0,data,ok,18,18,12.7,164.5
mpg,8.0,8,ack-1f,w,3,3,0,ctl,ok,0,0,13.1,164.5
mpg,8.0,8,w48-16qam-r1/2,w48,19,2,1,data,ok,17,17,11.4,164.5
mpg,8.0,8,ack-1f,w,3,3,0,ctl,ok,0,0,12.0,164.5
mpg,8.0,8,w48-16qam-r1/2,w48,19,2,1,data,ok,17,0,4.7,164.5
mpg,8.0,8,ack-1f,w,3,3,0,ctl,ok,0,0,11.4,164.5
mpg,8.0,8,w48-16qam-r1/3,w48,19,2,1,data,ok,17,17,11.4,164.5
mpg,8.0,8,ack-1f,w,2,2,0,ctl,ok,0,0,6.4,164.5
mpg,8.0,8,w48-16qam-r1/3,w48,19,1,0,data,ok,18,18,8.2,164.5
mpg,8.0,8,ack-1f,w,2,2,0,ctl,ok,0,0,6.7,164.5
mpg,8.0,8,w48-16qam-r1/3,w48,19,1,0,data,ok,18,18,10.9,164.5
mpg,8.0,8,ack-1f,w,3,3,0,ctl,ok,0,0,5.1,164.5
mpg,8.0,8,w48-16qam-r1/3,w48,19,2,1,data,ok,17,17,10.3,164.5
mpg,8.0,8,ack-1f,w,2,2,0,ctl,ok,0,0,13.9,164.5
mpg,8.0,8,w48-16qam-r1/3,w48,19,1,0,data,ok,18,18,9.5,164.5
mpg,8.0,8,ack-1f,w,2,2,0,ctl,ok,0,0,13.3,164.5
mpg,8.0,8,w48-16qam-r1/3,w48,19,1,0,data,ok,18,18,12.5,164.5
mpg,8.0,8,ack-1f,w,2,2,0,ctl,ok,0,0,17.6,164.5
mpg,8.0,8,w48-16qam-r1/3,w48,19,1,0,data,ok,18,18,11.3,164.5
mpg,8.0,8,ack-1f,w,3,3,0,ctl,ok,0,0,12.1,164.5
mpg,8.0,8,w48-16qam-r1/2,w48,19,2,1,data,ok,17,0,8.7,164.5
mpg,8.0,8,ack-1f,w,2,2,0,ctl,ok,0,0,12.2,164.5
mpg,8.0,8,w48-16qam-r1/3,w48,19,1,0,data,ctl_lost,18,0,5.9,164.5
mpg,8.0,8,ack-4f,w,3,3,0,ctl,ok,0,0,4.1,164.5
mpg,8.0,8,ack-4f,w,3,3,0,ctl,ok,0,0,11.9,164.5
mpg,8.0,8,w48-qpsk-r1/3,w48,19,2,1,data,ok,17,17,12.1,164.5
mpg,8.0,8,ack-1f,w,2,2,0,ctl,ok,0,0,14.8,164.5
mpg,8.0,8,w48-16qam-r1/3,w48,19,1,0,data,ok,18,18,10.1,164.5
mpg,8.0,8,ack-1f,w,2,2,0,ctl,ok,0,0,3.7,164.5
mpg,8.0,8,w48-16qam-r1/3,w48,19,1,0,data,ok,18,18,13.1,164.5
mpg,8.0,8,ack-1f,w,2,2,0,ctl,ok,0,0,13.7,164.5
mpg,8.0,8,w48-16qam-r1/3,w48,19,1,0,data,ok,18,18,10.1,164.5
mpg,8.0,8,ack-1f,w,2,2,0,ctl,ok,0,0,13.5,164.5
mpg,8.0,8,w48-16qam-r1/3,w48,19,1,0,data,ok,18,18,11.8,164.5
mpg,8.0,8,ack-1f,w,2,2,0,ctl,ok,0,0,12.7,164.5
mpg,8.0,8,w48-16qam-r1/3,w48,19,1,0,data,ok,18,18,10.9,164.5
mpg,8.0,8,ack-1f,w,2,2,0,ctl,ok,0,0,11.5,164.5
mpg,8.0,8,w48-16qam-r1/3,w48,19,1,0,data,ok,18,18,8.8,164.5
mpg,8.0,8,ack-1f,w,2,2,0,ctl,ok,0,0,12.8,164.5
mpg,8.0,8,w48-16qam-r1/3,w48,19,1,0,data,ok,18,18,10.9,164.5
mpg,8.0,8,ack-1f,w,2,2,0,ctl,ok,0,0,9.2,164.5
mpg,8.0,8,w48-16qam-r1/3,w48,19,1,0,data,ok,18,13,7.7,164.5
mpg,8.0,8,ack-1f,w,4,4,0,ctl,ok,0,0,6.9,164.5
mpg,8.0,8,w48-16qam-r1/3,w48,19,2,1,data,ok,12,12,9.2,164.5
mpg,8.0,8,ack-1f,w,3,3,0,ctl,ok,0,0,11.5,164.5
mpg,8.0,8,w48-16qam-r1/3,w48,19,2,1,data,ok,17,17,10.1,164.5
mpg,8.0,8,ack-1f,w,2,2,0,ctl,ok,0,0,13.1,164.5
mpg,8.0,8,w48-16qam-r1/3,w48,19,1,0,data,ok,18,18,7.7,164.5
mpg,8.0,8,ack-1f,w,3,3,0,ctl,ok,0,0,3.4,164.5
mpg,8.0,8,w48-16qam-r1/3,w48,19,2,1,data,ok,17,17,9.4,164.5
mpg,8.0,8,ack-1f,w,3,3,0,ctl,ok,0,0,11.1,164.5
mpg,8.0,8,w48-16qam-r1/3,w48,19,2,1,data,ok,17,17,7.6,164.5
mpg,8.0,8,ack-1f,w,2,2,0,ctl,ok,0,0,8.8,164.5
mpg,8.0,8,w48-16qam-r1/3,w48,19,1,0,data,ok,18,18,11.5,164.5
mpg,8.0,8,ack-1f,w,2,2,0,ctl,ok,0,0,15.0,164.5
mpg,8.0,8,w48-16qam-r1/3,w48,19,1,0,data,ok,18,18,10.4,164.5
mpg,8.0,8,ack-1f,w,2,2,0,ctl,ok,0,0,7.2,164.5
mpg,8.0,8,w48-16qam-r1/3,w48,19,1,0,data,ok,18,18,10.2,164.5
mpg,8.0,8,ack-1f,w,2,2,0,ctl,ok,0,0,12.6,164.5
mpg,8.0,8,w48-16qam-r1/3,w48,19,1,0,data,ctl_lost,18,0,4.1,164.5
mpg,8.0,8,ack-4f,w,2,2,0,ctl,ok,0,0,6.7,164.5
mpg,8.0,8,ack-4f,w,3,3,0,ctl,ok,0,0,6.4,164.5
mpg,8.0,8,w48-qpsk-r1/3,w48,19,2,1,data,ok,17,17,9.4,164.5
mpg,8.0,8,ack-1f,w,2,2,0,ctl,ok,0,0,11.5,164.5
mpg,8.0,8,w48-qpsk-r1/2,w48,19,1,0,data,ok,18,18,11.0,164.5
mpg,8.0,8,ack-1f,w,2,2,0,ctl,ok,0,0,9.2,164.5
mpg,8.0,8,w48-16qam-r1/3,w48,19,1,0,data,ok,18,18,10.2,164.5
mpg,8.0,8,ack-1f,w,2,2,0,ctl,ok,0,0,10.1,164.5
mpg,8.0,8,w48-16qam-r1/3,w48,19,1,0,data,ctl_lost,18,0,6.5,164.5
mpg,8.0,8,ack-4f,w,3,3,0,ctl,ok,0,0,7.7,164.5
mpg,8.0,8,ack-4f,w,3,3,0,ctl,ok,0,0,3.7,164.5
mpg,8.0,8,w48-qpsk-r1/2,w48,19,2,1,data,ok,17,17,10.8,164.5
mpg,8.0,8,ack-1f,w,2,2,0,ctl,ok,0,0,12.9,164.5
mpg,8.0,8,w48-qpsk-r1/2,w48,19,1,0,data,ok,18,18,10.1,164.5
mpg,8.0,8,ack-1f,w,3,3,0,ctl,ok,0,0,14.6,164.5
mpg,8.0,8,w48-16qam-r1/3,w48,19,2,1,data,ok,17,17,10.3,164.5
mpg,8.0,8,ack-1f,w,3,3,0,ctl,ok,0,0,12.5,164.5
mpg,8.0,8,w48-16qam-r1/3,w48,19,2,1,data,ok,17,17,9.8,164.5
mpg,8.0,8,ack-1f,w,3,3,0,ctl,ok,0,0,10.9,164.5
mpg,8.0,8,w48-16qam-r1/3,w48,19,2,1,data,ok,17,17,9.6,164.5
mpg,8.0,8,ack-1f,w,3,3,0,ctl,ok,0,0,12.5,164.5
mpg,8.0,8,w48-16qam-r1/3,w48,19,2,1,data,ok,17,17,10.9,164.5
mpg,8.0,9,qpsk-r1/5,w,1,1,0,ctl,ok,0,0,15.4,136.4
mpg,8.0,9,qpsk-r1/5,w,1,1,0,ctl,ok,0,0,15.8,136.4
mpg,8.0,9,ack-4f,w,3,3,0,ctl,ok,0,0,12.4,136.4
mpg,8.0,9,ack-1f,w,2,2,0,ctl,ok,0,0,7.7,136.4
mpg,8.0,9,w48-qpsk-r3/4,w48,19,1,0,data,ctl_lost,18,0,8.2,136.4
mpg,8.0,9,ack-4f,w,3,3,0,ctl,ok,0,0,7.9,136.4
mpg,8.0,9,ack-4f,w,3,3,0,ctl,ok,0,0,3.7,136.4
mpg,8.0,9,w48-16qam-r1/3,w48,19,2,1,data,ok,17,17,9.3,136.4
mpg,8.0,9,ack-1f,w,3,3,0,ctl,ok,0,0,10.2,136.4
mpg,8.0,9,w48-16qam-r1/3,w48,19,2,1,data,ok,17,17,9.5,136.4
mpg,8.0,9,ack-1f,w,2,2,0,ctl,ok,0,0,11.3,136.4
mpg,8.0,9,w48-16qam-r1/3,w48,19,1,0,data,ok,18,18,8.9,136.4
mpg,8.0,9,ack-1f,w,2,2,0,ctl,ok,0,0,13.9,136.4
mpg,8.0,9,w48-16qam-r1/3,w48,19,1,0,data,ok,18,18,10.3,136.4
mpg,8.0,9,ack-1f,w,2,2,0,ctl,ok,0,0,2.6,136.4
mpg,8.0,9,w48-16qam-r1/3,w48,19,1,0,data,ctl_lost,18,0,4.4,136.4
mpg,8.0,9,ack-4f,w,3,3,0,ctl,ok,0,0,16.3,136.4
mpg,8.0,9,ack-4f,w,3,3,0,ctl,ok,0,0,14.3,136.4
mpg,8.0,9,w48-qpsk-r2/3,w48,19,2,1,data,ok,17,17,12.2,136.4
mpg,8.0,9,ack-1f,w,3,3,0,ctl,ok,0,0,11.9,136.4
mpg,8.0,9,w48-16qam-r1/2,w48,19,2,1,data,ok,17,0,8.5,136.4
mpg,8.0,9,ack-1f,w,3,3,0,ctl,ok,0,0,11.1,136.4
mpg,8.0,9,w48-16qam-r1/3,w48,19,2,1,data,ok,17,17,8.9,136.4
mpg,8.0,9,ack-1f,w,3,3,0,ctl,ok,0,0,10.3,136.4
mpg,8.0,9,w48-16qam-r1/3,w48,19,2,1,data,ok,17,0,4.1,136.4
mpg,8.0,9,ack-1f,w,3,3,0,ctl,ok,0,0,6.1,136.4
mpg,8.0,9,w48-qpsk-r1/2,w48,19,2,1,data,ok,17,17,10.6,136.4
mpg,8.0,9,ack-1f,w,3,3,0,ctl,ok,0,0,9.7,136.4
mpg,8.0,9,w48-qpsk-r1/2,w48,19,2,1,data,ok,17,17,9.6,136.4
mpg,8.0,9,ack-1f,w,2,2,0,ctl,ok,0,0,13.4,136.4
mpg,8.0,9,w48-qpsk-r1/2,w48,19,1,0,data,ok,18,18,9.4,136.4
mpg,8.0,9,ack-1f,w,3,3,0,ctl,ok,0,0,7.9,136.4
mpg,8.0,9,w48-16qam-r1/3,w48,19,2,1,data,ok,17,16,7.1,136.4
mpg,8.0,9,ack-1f,w,4,4,0,ctl,ok,0,0,6.6,136.4
mpg,8.0,9,w48-16qam-r1/3,w48,19,2,1,data,ctl_lost,16,0,1.6,136.4
mpg,8.0,9,ack-4f,w,2,2,0,ctl,ok,0,0,14.0,136.4
mpg,8.0,9,ack-4f,w,4,4,0,ctl,ok,0,0,12.2,136.4
mpg,8.0,9,w48-16qam-r1/3,w48,19,2,1,data,ok,16,16,9.3,136.4
mpg,8.0,9,ack-1f,w,2,2,0,ctl,ok,0,0,7.6,136.4
mpg,8.0,9,w48-16qam-r1/3,w48,19,1,0,data,ok,18,18,9.1,136.4
mpg,8.0,9,ack-1f,w,3,3,0,ctl,ok,0,0,7.9,136.4
mpg,8.0,9,w48-16qam-r1/3,w48,19,2,1,data,ok,17,17,9.1,136.4
mpg,8.0,9,ack-1f,w,3,3,0,ctl,ok,0,0,10.9,136.4
mpg,8.0,9,w48-16qam-r1/3,w48,19,2,1,data,ok,17,17,8.7,136.4
mpg,8.0,9,ack-1f,w,3,3,0,ctl,ok,0,0,7.9,136.4
mpg,8.0,9,w48-16qam-r1/3,w48,19,2,1,data,ok,17,17,10.4,136.4
mpg,8.0,9,ack-1f,w,3,3,0,ctl,ok,0,0,5.2,136.4
mpg,8.0,9,w48-16qam-r1/3,w48,19,2,1,data,ok,17,17,8.4,136.4
mpg,8.0,9,ack-1f,w,3,3,0,ctl,ok,0,0,7.0,136.4
mpg,8.0,9,w48-16qam-r1/3,w48,19,2,1,data,ok,17,17,8.7,136.4
mpg,8.0,9,ack-1f,w,3,3,0,ctl,ok,0,0,14.8,136.4
mpg,8.0,9,w48-16qam-r1/3,w48,19,2,1,data,ok,17,17,10.9,136.4
mpg,8.0,9,ack-1f,w,2,2,0,ctl,ok,0,0,7.2,136.4
mpg,8.0,9,w48-16qam-r1/3,w48,19,1,0,data,ctl_lost,18,0,6.4,136.4
mpg,8.0,9,ack-4f,w,3,3,0,ctl,ok,0,0,10.3,136.4
mpg,8.0,9,ack-4f,w,2,2,0,ctl,ok,0,0,13.2,136.4
mpg,8.0,9,w48-qpsk-r1/2,w48,19,1,0,data,ok,18,18,11.0,136.4
mpg,8.0,9,ack-1f,w,2,2,0,ctl,ok,0,0,13.5,136.4
mpg,8.0,9,w48-16qam-r1/3,w48,19,1,0,data,ctl_lost,18,15,7.4,136.4
mpg,8.0,9,ack-4f,w,3,3,0,ctl,ok,0,0,13.6,136.4
mpg,8.0,9,ack-4f,w,3,3,0,ctl,ok,0,0,8.6,136.4
mpg,8.0,9,w48-qpsk-r2/3,w48,19,2,1,data,ok,17,0,6.6,136.4
mpg,8.0,9,ack-1f,w,3,3,0,ctl,ok,0,0,14.2,136.4
mpg,8.0,9,w48-qpsk-r1/2,w48,19,2,1,data,ok,17,17,9.8,136.4
mpg,8.0,9,ack-1f,w,2,2,0,ctl,ok,0,0,12.1,136.4
mpg,8.0,9,w48-qpsk-r1/2,w48,19,1,0,data,ok,18,18,10.0,136.4
mpg,8.0,9,ack-1f,w,2,2,0,ctl,ok,0,0,7.6,136.4
mpg,8.0,9,w48-qpsk-r1/2,w48,19,1,0,data,ok,18,18,9.9,136.4
mpg,8.0,9,ack-1f,w,2,2,0,ctl,ok,0,0,14.4,136.4
mpg,8.0,9,w48-qpsk-r1/2,w48,19,1,0,data,ok,18,18,9.3,136.4
mpg,8.0,9,ack-1f,w,2,2,0,ctl,ok,0,0,-0.6,136.4
mpg,8.0,9,w48-qpsk-r1/2,w48,19,1,0,data,ok,18,18,6.0,136.4
mpg,8.0,9,ack-1f,w,2,2,0,ctl,ok,0,0,10.4,136.4
mpg,8.0,9,w48-qpsk-r1/2,w48,19,1,0,data,ok,18,18,9.9,136.4
mpg,8.0,9,ack-1f,w,2,2,0,ctl,ok,0,0,9.4,136.4
mpg,8.0,9,w48-qpsk-r1/2,w48,19,1,0,data,ok,18,18,12.3,136.4
mpg,8.0,9,ack-1f,w,3,3,0,ctl,ok,0,0,13.1,136.4
mpg,8.0,9,w48-qpsk-r2/3,w48,19,2,1,data,ok,17,17,10.7,136.4
mpg,8.0,9,ack-1f,w,3,3,0,ctl,ok,0,0,14.9,136.4
mpg,8.0,9,w48-16qam-r1/3,w48,19,2,1,data,ok,17,17,9.2,136.4
mpg,8.0,9,ack-1f,w,3,3,0,ctl,ok,0,0,9.0,136.4
mpg,8.0,9,w48-16qam-r1/3,w48,19,2,1,data,ok,17,13,6.8,136.4
mpg,8.0,9,ack-1f,w,4,4,0,ctl,ok,0,0,4.4,136.4
mpg,8.0,9,w48-16qam-r1/3,w48,19,2,1,data,ok,13,13,9.1,136.4
mpg,8.0,9,ack-1f,w,2,2,0,ctl,ok,0,0,13.3,136.4
mpg,8.0,9,w48-qpsk-r1/2,w48,19,1,0,data,ok,18,18,11.2,136.4
mpg,8.0,9,ack-1f,w,3,3,0,ctl,ok,0,0,14.0,136.4
mpg,8.0,9,w48-16qam-r1/3,w48,19,2,1,data,ok,17,17,8.1,136.4
mpg,8.0,9,ack-1f,w,3,3,0,ctl,ok,0,0,10.0,136.4
mpg,8.0,9,w48-16qam-r1/3,w48,19,2,1,data,ok,17,17,8.3,136.4
mpg,8.0,9,ack-1f,w,2,2,0,ctl,ok,0,0,13.6,136.4
mpg,8.0,9,w48-qpsk-r1/2,w48,19,1,0,data,ok,18,18,9.9,136.4
mpg,8.0,9,ack-1f,w,3,3,0,ctl,ok,0,0,11.1,136.4
mpg,8.0,9,w48-16qam-r1/3,w48,19,2,1,data,ok,17,17,10.7,136.4
mpg,8.0,5,qpsk-r1/5,w,1,1,0,ctl,ok,0,0,12.3,154.7
mpg,8.0,5,qpsk-r1/5,w,1,1,0,ctl,ok,0,0,14.1,154.7
mpg,8.0,5,ack-4f,w,2,2,0,ctl,ok,0,0,12.1,154.7
mpg,8.0,5,ack-1f,w,3,3,0,ctl,ok,0,0,6.1,154.7
mpg,8.0,5,w48-qpsk-r3/4,w48,19,2,1,data,ok,17,0,10.3,154.7
mpg,8.0,5,ack-1f,w,3,3,0,ctl,ok,0,0,13.7,154.7
mpg,8.0,5,w48-16qam-r1/3,w48,19,2,1,data,ok,17,17,11.7,154.7
mpg,8.0,5,ack-1f,w,2,2,0,ctl,ok,0,0,11.1,154.7
mpg,8.0,5,w48-16qam-r1/3,w48,19,1,0,data,ok,18,18,9.1,154.7
mpg,8.0,5,ack-1f,w,2,2,0,ctl,ok,0,0,8.0,154.7
mpg,8.0,5,w48-16qam-r1/3,w48,19,1,0,data,ok,18,18,10.3,154.7
mpg,8.0,5,ack-1f,w,3,3,0,ctl,ok,0,0,9.0,154.7
mpg,8.0,5,w48-16qam-r1/3,w48,19,2,1,data,ok,17,17,11.1,154.7
mpg,8.0,5,ack-1f,w,2,2,0,ctl,ok,0,0,11.0,154.7
mpg,8.0,5,w48-16qam-r1/3,w48,19,1,0,data,ok,18,18,10.7,154.7
mpg,8.0,5,ack-1f,w,2,2,0,ctl,ok,0,0,9.3,154.7
mpg,8.0,5,w48-16qam-r1/3,w48,19,1,0,data,ok,18,18,9.7,154.7
mpg,8.0,5,ack-1f,w,2,2,0,ctl,ok,0,0,14.5,154.7
mpg,8.0,5,w48-16qam-r1/3,w48,19,1,0,data,ok,18,18,10.0,154.7
mpg,8.0,5,ack-1f,w,2,2,0,ctl,ok,0,0,8.4,154.7
mpg,8.0,5,w48-16qam-r1/3,w48,19,1,0,data,ok,18,18,9.8,154.7
mpg,8.0,5,ack-1f,w,2,2,0,ctl,ok,0,0,11.2,154.7
mpg,8.0,5,w48-16qam-r1/3,w48,19,1,0,data,ok,18,18,7.8,154.7
mpg,8.0,5,ack-1f,w,2,2,0,ctl,ok,0,0,8.2,154.7
mpg,8.0,5,w48-16qam-r1/3,w48,19,1,0,data,ok,18,18,8.0,154.7
mpg,8.0,5,ack-1f,w,3,3,0,ctl,ok,0,0,4.7,154.7
mpg,8.0,5,w48-16qam-r1/3,w48,19,2,1,data,ok,17,17,8.4,154.7
mpg,8.0,5,ack-1f,w,3,3,0,ctl,ok,0,0,12.8,154.7
mpg,8.0,5,w48-16qam-r1/3,w48,19,2,1,data,ok,17,17,8.9,154.7
mpg,8.0,5,ack-1f,w,2,2,0,ctl,ok,0,0,11.7,154.7
mpg,8.0,5,w48-16qam-r1/3,w48,19,1,0,data,ctl_lost,18,0,6.4,154.7
mpg,8.0,5,ack-4f,w,2,2,0,ctl,ok,0,0,13.1,154.7
mpg,8.0,5,ack-4f,w,3,3,0,ctl,ok,0,0,12.1,154.7
mpg,8.0,5,w48-16qam-r1/3,w48,19,2,1,data,ok,17,17,11.5,154.7
mpg,8.0,5,ack-1f,w,2,2,0,ctl,ok,0,0,14.9,154.7
mpg,8.0,5,w48-16qam-r1/3,w48,19,1,0,data,ctl_lost,18,1,7.0,154.7
mpg,8.0,5,ack-4f,w,3,3,0,ctl,ok,0,0,10.7,154.7
mpg,8.0,5,ack-4f,w,2,2,0,ctl,ok,0,0,10.8,154.7
mpg,8.0,5,w48-qpsk-r1/2,w48,19,1,0,data,ok,18,18,9.6,154.7
mpg,8.0,5,ack-1f,w,2,2,0,ctl,ok,0,0,11.4,154.7
mpg,8.0,5,w48-qpsk-r1/2,w48,19,1,0,data,ok,18,18,7.2,154.7
mpg,8.0,5,ack-1f,w,2,2,0,ctl,ok,0,0,12.3,154.7
mpg,8.0,5,w48-qpsk-r1/2,w48,19,1,0,data,ok,18,18,10.0,154.7
mpg,8.0,5,ack-1f,w,2,2,0,ctl,ok,0,0,11.6,154.7
mpg,8.0,5,w48-qpsk-r1/2,w48,19,1,0,data,ok,18,18,10.2,154.7
mpg,8.0,5,ack-1f,w,3,3,0,ctl,ok,0,0,14.6,154.7
mpg,8.0,5,w48-16qam-r1/3,w48,19,2,1,data,ok,17,17,11.7,154.7
mpg,8.0,5,ack-1f,w,2,2,0,ctl,ok,0,0,13.6,154.7
mpg,8.0,5,w48-16qam-r1/3,w48,19,1,0,data,ok,18,18,11.5,154.7
mpg,8.0,5,ack-1f,w,3,3,0,ctl,ok,0,0,12.6,154.7
mpg,8.0,5,w48-16qam-r1/2,w48,19,2,1,data,ok,17,0,9.4,154.7
mpg,8.0,5,ack-1f,w,3,3,0,ctl,ok,0,0,14.7,154.7
mpg,8.0,5,w48-16qam-r1/3,w48,19,2,1,data,ok,17,17,10.7,154.7
mpg,8.0,5,ack-1f,w,2,2,0,ctl,ok,0,0,13.1,154.7
mpg,8.0,5,w48-qpsk-r1/2,w48,19,1,0,data,ok,18,18,7.8,154.7
mpg,8.0,5,ack-1f,w,2,2,0,ctl,ctl_lost,0,0,-4.1,154.7
mpg,8.0,5,ack-4f,w,3,3,0,ctl,ok,0,0,8.7,154.7
mpg,8.0,5,ack-4f,w,2,2,0,ctl,ok,0,0,11.8,154.7
mpg,8.0,5,w48-qpsk-r1/2,w48,19,1,0,data,ok,18,18,10.8,154.7
mpg,8.0,5,ack-1f,w,3,3,0,ctl,ok,0,0,9.4,154.7
mpg,8.0,5,w48-16qam-r1/3,w48,19,2,1,data,ok,17,17,9.1,154.7
mpg,8.0,5,ack-1f,w,2,2,0,ctl,ok,0,0,7.3,154.7
mpg,8.0,5,w48-16qam-r1/3,w48,19,1,0,data,ok,18,18,8.8,154.7
mpg,8.0,5,ack-1f,w,3,3,0,ctl,ok,0,0,11.2,154.7
mpg,8.0,5,w48-16qam-r1/3,w48,19,2,1,data,ok,17,17,9.9,154.7
mpg,8.0,5,ack-1f,w,3,3,0,ctl,ok,0,0,8.9,154.7
mpg,8.0,5,w48-16qam-r1/3,w48,19,2,1,data,ok,17,3,6.6,154.7
mpg,8.0,5,ack-1f,w,4,4,0,ctl,ok,0,0,12.8,154.7
mpg,8.0,5,w48-16qam-r1/3,w48,19,2,1,data,ok,3,3,11.6,154.7
mpg,8.0,5,ack-1f,w,2,2,0,ctl,ok,0,0,13.0,154.7
mpg,8.0,5,w48-16qam-r1/3,w48,19,1,0,data,ok,18,18,12.4,154.7
mpg,8.0,5,ack-1f,w,3,3,0,ctl,ok,0,0,10.5,154.7
mpg,8.0,5,w48-16qam-r1/2,w48,19,2,1,data,ok,17,0,6.3,154.7
mpg,8.0,5,ack-1f,w,3,3,0,ctl,ok,0,0,4.1,154.7
mpg,8.0,5,w48-16qam-r1/3,w48,19,2,1,data,ok,17,17,9.0,154.7
mpg,8.0,5,ack-1f,w,3,3,0,ctl,ok,0,0,13.7,154.7
mpg,8.0,5,w48-16qam-r1/3,w48,19,2,1,data,ok,17,17,11.9,154.7
mpg,8.0,5,ack-1f,w,2,2,0,ctl,ok,0,0,10.0,154.7
mpg,8.0,5,w48-16qam-r1/3,w48,19,1,0,data,ok,18,18,12.6,154.7
mpg,8.0,5,ack-1f,w,2,2,0,ctl,ok,0,0,11.4,154.7
mpg,8.0,5,w48-16qam-r1/3,w48,19,1,0,data,ok,18,18,7.3,154.7
mpg,8.0,5,ack-1f,w,2,2,0,ctl,ok,0,0,13.9,154.7
mpg,8.0,5,w48-16qam-r1/3,w48,19,1,0,data,ok,18,18,11.1,154.7
mpg,8.0,5,ack-1f,w,2,2,0,ctl,ok,0,0,13.1,154.7
mpg,8.0,5,w48-16qam-r1/3,w48,19,1,0,data,ok,18,18,11.5,154.7
mpg,8.0,5,ack-1f,w,2,2,0,ctl,ok,0,0,1.0,154.7
mpg,8.0,5,w48-16qam-r1/3,w48,19,1,0,data,ctl_lost,18,1,6.0,154.7
mpg,8.0,5,ack-4f,w,3,3,0,ctl,ok,0,0,8.7,154.7
mpg,8.0,5,ack-4f,w,2,2,0,ctl,ok,0,0,10.3,154.7
mpg,8.0,5,w48-qpsk-r1/2,w48,19,1,0,data,ok,18,18,9.5,154.7
mpg,8.0,5,ack-1f,w,2,2,0,ctl,ok,0,0,12.2,154.7
mpg,8.0,5,w48-qpsk-r1/2,w48,19,1,0,data,ok,18,18,10.7,154.7
mpg,8.0,5,ack-1f,w,2,2,0,ctl,ok,0,0,13.0,154.7
mpg,8.0,5,w48-qpsk-r1/2,w48,19,1,0,data,ok,18,18,9.6,154.7
mpg,8.0,5,ack-1f,w,3,3,0,ctl,ok,0,0,7.1,154.7
mpg,8.0,10,qpsk-r1/5,w,1,1,0,ctl,ok,0,0,14.6,169.6
mpg,8.0,10,qpsk-r1/5,w,1,1,0,ctl,ok,0,0,12.7,169.6
mpg,8.0,10,ack-4f,w,2,2,0,ctl,ok,0,0,13.3,169.6
mpg,8.0,10,ack-1f,w,3,3,0,ctl,ok,0,0,15.2,169.6
mpg,8.0,10,w48-16qam-r1/2,w48,19,2,1,data,ok,17,17,12.4,169.6
mpg,8.0,10,ack-1f,w,3,3,0,ctl,ok,0,0,15.6,169.6
mpg,8.0,10,w48-16qam-r1/2,w48,19,2,1,data,ok,17,0,8.1,169.6
mpg,8.0,10,ack-1f,w,3,3,0,ctl,ok,0,0,9.5,169.6
mpg,8.0,10,w48-16qam-r1/3,w48,19,2,1,data,ok,17,15,8.1,169.6
mpg,8.0,10,ack-1f,w,4,4,0,ctl,ok,0,0,6.8,169.6
mpg,8.0,10,w48-16qam-r1/3,w48,19,2,1,data,ok,15,15,8.9,169.6
mpg,8.0,10,ack-1f,w,3,3,0,ctl,ok,0,0,2.0,169.6
mpg,8.0,10,w48-16qam-r1/3,w48,19,2,1,data,ok,17,16,7.0,169.6
mpg,8.0,10,ack-1f,w,4,4,0,ctl,ok,0,0,9.3,169.6
mpg,8.0,10,w48-16qam-r1/3,w48,19,2,1,data,ok,16,16,10.8,169.6
mpg,8.0,10,ack-1f,w,2,2,0,ctl,ok,0,0,11.3,169.6
mpg,8.0,10,w48-16qam-r1/3,w48,19,1,0,data,ok,18,18,8.3,169.6
mpg,8.0,10,ack-1f,w,2,2,0,ctl,ok,0,0,8.3,169.6
mpg,8.0,10,w48-16qam-r1/3,w48,19,1,0,data,ok,18,18,8.0,169.6
mpg,8.0,10,ack-1f,w,3,3,0,ctl,ok,0,0,9.7,169.6
mpg,8.0,10,w48-16qam-r1/3,w48,19,2,1,data,ok,17,2,6.4,169.6
mpg,8.0,10,ack-1f,w,4,4,0,ctl,ok,0,0,10.8,169.6
mpg,8.0,10,w48-16qam-r1/3,w48,19,2,1,data,ok,2,2,9.7,169.6
mpg,8.0,10,ack-1f,w,2,2,0,ctl,ok,0,0,10.1,169.6
mpg,8.0,10,w48-16qam-r1/3,w48,19,1,0,data,ok,18,18,10.8,169.6
mpg,8.0,10,ack-1f,w,2,2,0,ctl,ok,0,0,10.2,169.6
mpg,8.0,10,w48-16qam-r1/3,w48,19,1,0,data,ok,18,18,11.7,169.6
mpg,8.0,10,ack-1f,w,2,2,0,ctl,ok,0,0,11.5,169.6
mpg,8.0,10,w48-16qam-r1/3,w48,19,1,0,data,ok,18,18,8.5,169.6
mpg,8.0,10,ack-1f,w,2,2,0,ctl,ok,0,0,9.2,169.6
mpg,8.0,10,w48-16qam-r1/3,w48,19,1,0,data,ok,18,18,8.9,169.6
mpg,8.0,10,ack-1f,w,2,2,0,ctl,ok,0,0,5.5,169.6
mpg,8.0,10,w48-16qam-r1/3,w48,19,1,0,data,ctl_lost,18,1,6.9,169.6
mpg,8.0,10,ack-4f,w,2,2,0,ctl,ok,0,0,3.6,169.6
mpg,8.0,10,ack-4f,w,3,3,0,ctl,ok,0,0,11.1,169.6
mpg,8.0,10,w48-16qam-r1/3,w48,19,2,1,data,ok,17,17,10.5,169.6
mpg,8.0,10,ack-1f,w,2,2,0,ctl,ok,0,0,3.6,169.6
mpg,8.0,10,w48-16qam-r1/3,w48,19,1,0,data,ok,18,18,9.1,169.6
mpg,8.0,10,ack-1f,w,2,2,0,ctl,ok,0,0,2.5,169.6
mpg,8.0,10,w48-16qam-r1/3,w48,19,1,0,data,ok,18,18,9.2,169.6
mpg,8.0,10,ack-1f,w,2,2,0,ctl,ok,0,0,12.5,169.6
mpg,8.0,10,w48-16qam-r1/3,w48,19,1,0,data,ok,18,18,9.7,169.6
mpg,8.0,10,ack-1f,w,2,2,0,ctl,ok,0,0,17.7,169.6
mpg,8.0,10,w48-16qam-r1/3,w48,19,1,0,data,ok,18,18,11.4,169.6
mpg,8.0,10,ack-1f,w,2,2,0,ctl,ok,0,0,11.7,169.6
mpg,8.0,10,w48-16qam-r1/3,w48,19,1,0,data,ok,18,14,7.2,169.6
mpg,8.0,10,ack-1f,w,3,3,0,ctl,ok,0,0,11.1,169.6
mpg,8.0,10,w48-16qam-r1/3,w48,19,1,0,data,ok,14,13,7.0,169.6
mpg,8.0,10,ack-1f,w,3,3,0,ctl,ok,0,0,4.7,169.6
mpg,8.0,10,w48-16qam-r1/3,w48,19,2,1,data,ok,16,12,8.5,169.6
mpg,8.0,10,ack-1f,w,4,4,0,ctl,ok,0,0,4.3,169.6
mpg,8.0,10,w48-16qam-r1/3,w48,19,2,1,data,ok,13,13,11.9,169.6
mpg,8.0,10,ack-1f,w,2,2,0,ctl,ok,0,0,14.7,169.6
mpg,8.0,10,w48-16qam-r1/3,w48,19,1,0,data,ok,18,18,10.7,169.6
mpg,8.0,10,ack-1f,w,2,2,0,ctl,ok,0,0,12.3,169.6
mpg,8.0,10,w48-16qam-r1/3,w48,19,1,0,data,ok,18,18,8.8,169.6
mpg,8.0,10,ack-1f,w,2,2,0,ctl,ok,0,0,11.5,169.6
mpg,8.0,10,w48-16qam-r1/3,w48,19,1,0,data,ok,18,18,12.0,169.6
mpg,8.0,10,ack-1f,w,2,2,0,ctl,ok,0,0,7.5,169.6
mpg,8.0,10,w48-16qam-r1/3,w48,19,1,0,data,ok,18,18,11.1,169.6
mpg,8.0,10,ack-1f,w,2,2,0,ctl,ok,0,0,11.8,169.6
mpg,8.0,10,w48-16qam-r1/3,w48,19,1,0,data,ok,18,18,10.9,169.6
mpg,8.0,10,ack-1f,w,2,2,0,ctl,ok,0,0,16.9,169.6
mpg,8.0,10,w48-16qam-r1/3,w48,19,1,0,data,ok,18,18,8.7,169.6
mpg,8.0,10,ack-1f,w,2,2,0,ctl,ok,0,0,5.8,169.6
mpg,8.0,10,w48-16qam-r1/3,w48,19,1,0,data,ctl_lost,18,0,3.7,169.6
mpg,8.0,10,ack-4f,w,3,3,0,ctl,ok,0,0,15.6,169.6
mpg,8.0,10,ack-4f,w,3,3,0,ctl,ok,0,0,15.0,169.6
mpg,8.0,10,w48-16qam-r1/3,w48,19,2,1,data,ok,17,17,7.6,169.6
mpg,8.0,10,ack-1f,w,2,2,0,ctl,ok,0,0,8.3,169.6
mpg,8.0,10,w48-16qam-r1/3,w48,19,1,0,data,ok,18,18,11.0,169.6
mpg,8.0,10,ack-1f,w,2,2,0,ctl,ok,0,0,3.0,169.6
mpg,8.0,10,w48-16qam-r1/3,w48,19,1,0,data,ok,18,16,7.2,169.6
mpg,8.0,10,ack-1f,w,3,3,0,ctl,ok,0,0,15.0,169.6
mpg,8.0,10,w48-16qam-r1/3,w48,19,1,0,data,ok,16,16,9.8,169.6
mpg,8.0,10,ack-1f,w,2,2,0,ctl,ok,0,0,8.0,169.6
mpg,8.0,10,w48-16qam-r1/3,w48,19,1,0,data,ok,18,18,9.1,169.6
mpg,8.0,10,ack-1f,w,2,2,0,ctl,ok,0,0,12.7,169.6
mpg,8.0,10,w48-16qam-r1/3,w48,19,1,0,data,ok,18,17,7.7,169.6
mpg,8.0,10,ack-1f,w,3,3,0,ctl,ok,0,0,9.8,169.6
mpg,8.0,10,w48-16qam-r1/3,w48,19,1,0,data,ctl_lost,17,0,5.3,169.6
mpg,8.0,10,ack-4f,w,2,2,0,ctl,ok,0,0,6.8,169.6
mpg,8.0,10,ack-4f,w,3,3,0,ctl,ok,0,0,11.6,169.6
mpg,8.0,10,w48-qpsk-r1/3,w48,19,1,0,data,ok,18,18,10.7,169.6
mpg,8.0,10,ack-1f,w,2,2,0,ctl,ok,0,0,1.7,169.6
mpg,8.0,10,w48-16qam-r1/3,w48,19,1,0,data,ok,18,18,11.4,169.6
mpg,8.0,10,ack-1f,w,2,2,0,ctl,ok,0,0,9.9,169.6
mpg,8.0,10,w48-16qam-r1/3,w48,19,1,0,data,ok,18,18,8.1,169.6
mpg,8.0,10,ack-1f,w,3,3,0,ctl,ok,0,0,11.5,169.6
mpg,8.0,10,w48-16qam-r1/3,w48,19,2,1,data,ok,17,17,10.5,169.6
mpg,8.0,10,ack-1f,w,2,2,0,ctl,ok,0,0,12.6,169.6
mpg,8.0,10,w48-16qam-r1/3,w48,19,1,0,data,ok,18,18,8.3,169.6
mpg,8.0,10,ack-1f,w,2,2,0,ctl,ok,0,0,11.0,169.6
mpg,8.0,10,w48-16qam-r1/3,w48,19,1,0,data,ok,18,18,12.0,169.6
mpg,8.0,6,qpsk-r1/5,w,1,1,0,ctl,ok,0,0,10.3,173.0
mpg,8.0,6,qpsk-r1/5,w,1,1,0,ctl,ok,0,0,11.7,173.0
mpg,8.0,6,ack-4f,w,2,2,0,ctl,ok,0,0,4.8,173.0
mpg,8.0,6,ack-1f,w,3,3,0,ctl,ok,0,0,6.5,173.0
mpg,8.0,6,w48-qpsk-r1/2,w48,19,2,1,data,ok,17,17,9.7,173.0
mpg,8.0,6,ack-1f,w,2,2,0,ctl,ok,0,0,10.7,173.0
mpg,8.0,6,w48-qpsk-r1/2,w48,19,1,0,data,ok,18,18,8.7,173.0
mpg,8.0,6,ack-1f,w,3,3,0,ctl,ok,0,0,12.7,173.0
mpg,8.0,6,w48-16qam-r1/3,w48,19,2,1,data,ok,17,17,11.1,173.0
mpg,8.0,6,ack-1f,w,2,2,0,ctl,ok,0,0,1.6,173.0
mpg,8.0,6,w48-16qam-r1/3,w48,19,1,0,data,ok,18,15,7.0,173.0
mpg,8.0,6,ack-1f,w,4,4,0,ctl,ok,0,0,6.6,173.0
mpg,8.0,6,w48-16qam-r1/3,w48,19,2,1,data,ok,14,14,9.3,173.0
mpg,8.0,6,ack-1f,w,2,2,0,ctl,ok,0,0,11.5,173.0
mpg,8.0,6,w48-qpsk-r1/2,w48,19,1,0,data,ok,18,18,9.0,173.0
mpg,8.0,6,ack-1f,w,3,3,0,ctl,ok,0,0,7.6,173.0
mpg,8.0,6,w48-16qam-r1/3,w48,19,2,1,data,ok,17,17,8.4,173.0
mpg,8.0,6,ack-1f,w,3,3,0,ctl,ok,0,0,7.8,173.0
mpg,8.0,6,w48-16qam-r1/3,w48,19,2,1,data,ok,17,17,8.1,173.0
mpg,8.0,6,ack-1f,w,3,3,0,ctl,ok,0,0,13.1,173.0
mpg,8.0,6,w48-16qam-r1/3,w48,19,2,1,data,ok,17,17,8.0,173.0
mpg,8.0,6,ack-1f,w,3,3,0,ctl,ok,0,0,10.3,173.0
mpg,8.0,6,w48-16qam-r1/3,w48,19,2,1,data,ok,17,17,10.2,173.0
mpg,8.0,6,ack-1f,w,2,2,0,ctl,ok,0,0,11.7,173.0
mpg,8.0,6,w48-16qam-r1/3,w48,19,1,0,data,ok,18,18,10.1,173.0
mpg,8.0,6,ack-1f,w,2,2,0,ctl,ok,0,0,14.8,173.0
mpg,8.0,6,w48-16qam-r1/3,w48,19,1,0,data,ok,18,18,11.6,173.0
mpg,8.0,6,ack-1f,w,2,2,0,ctl,ok,0,0,13.8,173.0
mpg,8.0,6,w48-16qam-r1/3,w48,19,1,0,data,ok,18,18,14.7,173.0
mpg,8.0,6,ack-1f,w,3,3,0,ctl,ok,0,0,11.9,173.0
mpg,8.0,6,w48-16qam-r1/2,w48,19,2,1,data,ok,17,0,8.3,173.0
mpg,8.0,6,ack-1f,w,2,2,0,ctl,ok,0,0,12.2,173.0
mpg,8.0,6,w48-16qam-r1/3,w48,19,1,0,data,ok,18,18,9.3,173.0
mpg,8.0,6,ack-1f,w,2,2,0,ctl,ok,0,0,11.0,173.0
mpg,8.0,6,w48-16qam-r1/3,w48,19,1,0,data,ok,18,18,10.6,173.0
mpg,8.0,6,ack-1f,w,2,2,0,ctl,ok,0,0,16.6,173.0
mpg,8.0,6,w48-16qam-r1/3,w48,19,1,0,data,ok,18,18,10.5,173.0
mpg,8.0,6,ack-1f,w,2,2,0,ctl,ok,0,0,12.1,173.0
mpg,8.0,6,w48-16qam-r1/3,w48,19,1,0,data,ok,18,18,10.8,173.0
mpg,8.0,6,ack-1f,w,2,2,0,ctl,ok,0,0,10.5,173.0
mpg,8.0,6,w48-16qam-r1/3,w48,19,1,0,data,ok,18,18,8.8,173.0
mpg,8.0,6,ack-1f,w,2,2,0,ctl,ok,0,0,10.1,173.0
mpg,8.0,6,w48-16qam-r1/3,w48,19,1,0,data,ok,18,18,10.4,173.0
mpg,8.0,6,ack-1f,w,2,2,0,ctl,ok,0,0,8.3,173.0
mpg,8.0,6,w48-16qam-r1/3,w48,19,1,0,data,ok,18,18,11.6,173.0
mpg,8.0,6,ack-1f,w,2,2,0,ctl,ok,0,0,11.9,173.0
mpg,8.0,6,w48-16qam-r1/3,w48,19,1,0,data,ok,18,18,10.3,173.0
mpg,8.0,6,ack-1f,w,2,2,0,ctl,ok,0,0,10.8,173.0
mpg,8.0,6,w48-16qam-r1/3,w48,19,1,0,data,ok,18,18,12.0,173.0
mpg,8.0,6,ack-1f,w,2,2,0,ctl,ok,0,0,12.7,173.0
mpg,8.0,6,w48-16qam-r1/3,w48,19,1,0,data,ok,18,17,7.8,173.0
mpg,8.0,6,ack-1f,w,3,3,0,ctl,ok,0,0,11.8,173.0
mpg,8.0,6,w48-16qam-r1/3,w48,19,1,0,data,ok,17,17,9.7,173.0
mpg,8.0,6,ack-1f,w,2,2,0,ctl,ok,0,0,9.2,173.0
mpg,8.0,6,w48-16qam-r1/3,w48,19,1,0,data,ctl_lost,18,1,7.1,173.0
mpg,8.0,6,ack-4f,w,3,3,0,ctl,ok,0,0,13.9,173.0
mpg,8.0,6,ack-4f,w,3,3,0,ctl,ok,0,0,11.0,173.0
mpg,8.0,6,w48-16qam-r1/3,w48,19,2,1,data,ok,17,17,9.3,173.0
mpg,8.0,6,ack-1f,w,2,2,0,ctl,ok,0,0,8.8,173.0
mpg,8.0,6,w48-16qam-r1/3,w48,19,1,0,data,ok,18,18,9.3,173.0
mpg,8.0,6,ack-1f,w,2,2,0,ctl,ok,0,0,13.8,173.0
mpg,8.0,6,w48-16qam-r1/3,w48,19,1,0,data,ok,18,18,13.9,173.0
mpg,8.0,6,ack-1f,w,3,3,0,ctl,ok,0,0,9.8,173.0
mpg,8.0,6,w48-16qam-r1/2,w48,19,2,1,data,ctl_lost,17,0,3.2,173.0
mpg,8.0,6,ack-4f,w,3,3,0,ctl,ok,0,0,14.8,173.0
mpg,8.0,6,ack-4f,w,3,3,0,ctl,ok,0,0,10.6,173.0
mpg,8.0,6,w48-16qam-r1/3,w48,19,2,1,data,ok,17,0,7.1,173.0
mpg,8.0,6,ack-1f,w,3,3,0,ctl,ok,0,0,10.9,173.0
mpg,8.0,6,w48-16qam-r1/3,w48,19,2,1,data,ok,0,0,6.2,173.0
mpg,8.0,6,ack-1f,w,3,3,0,ctl,ok,0,0,5.6,173.0
mpg,8.0,6,w48-qpsk-r1/2,w48,19,2,1,data,ok,17,17,9.6,173.0
mpg,8.0,6,ack-1f,w,3,3,0,ctl,ok,0,0,15.4,173.0
mpg,8.0,6,w48-16qam-r1/3,w48,19,2,1,data,ok,17,17,10.4,173.0
mpg,8.0,6,ack-1f,w,2,2,0,ctl,ok,0,0,6.4,173.0
mpg,8.0,6,w48-16qam-r1/3,w48,19,1,0,data,ok,18,18,11.4,173.0
mpg,8.0,6,ack-1f,w,2,2,0,ctl,ok,0,0,11.9,173.0
mpg,8.0,6,w48-16qam-r1/3,w48,19,1,0,data,ok,18,18,9.6,173.0
mpg,8.0,6,ack-1f,w,2,2,0,ctl,ok,0,0,11.1,173.0
mpg,8.0,6,w48-16qam-r1/3,w48,19,1,0,data,ok,18,18,13.0,173.0
mpg,8.0,6,ack-1f,w,2,2,0,ctl,ok,0,0,12.3,173.0
mpg,8.0,6,w48-16qam-r1/3,w48,19,1,0,data,ok,18,18,8.9,173.0
mpg,8.0,6,ack-1f,w,2,2,0,ctl,ok,0,0,12.4,173.0
mpg,8.0,6,w48-16qam-r1/3,w48,19,1,0,data,ok,18,18,10.4,173.0
mpg,8.0,6,ack-1f,w,2,2,0,ctl,ok,0,0,6.7,173.0
mpg,8.0,6,w48-16qam-r1/3,w48,19,1,0,data,ok,18,18,7.5,173.0
mpg,8.0,6,ack-1f,w,2,2,0,ctl,ok,0,0,13.5,173.0
mpg,8.0,6,w48-16qam-r1/3,w48,19,1,0,data,ok,18,18,10.2,173.0
mpg,8.0,6,ack-1f,w,2,2,0,ctl,ok,0,0,12.3,173.0
mpg,8.0,6,w48-16qam-r1/3,w48,19,1,0,data,ok,18,18,10.9,173.0
mpg,8.0,6,ack-1f,w,2,2,0,ctl,ok,0,0,15.3,173.0
mpg,8.0,6,w48-16qam-r1/3,w48,19,1,0,data,ok,18,18,10.5,173.0
mpg,8.0,6,ack-1f,w,2,2,0,ctl,ok,0,0,11.8,173.0
mpg,8.0,6,w48-16qam-r1/3,w48,19,1,0,data,ok,18,18,9.1,173.0
mpg,8.0,11,qpsk-r1/5,w,1,1,0,ctl,ok,0,0,14.6,129.6
mpg,8.0,11,qpsk-r1/5,w,1,1,0,ctl,ok,0,0,12.9,129.6
mpg,8.0,11,ack-4f,w,2,2,0,ctl,ok,0,0,6.1,129.6
mpg,8.0,11,ack-1f,w,3,3,0,ctl,ok,0,0,7.1,129.6
mpg,8.0,11,w48-qpsk-r3/4,w48,19,2,1,data,ok,17,3,9.6,129.6
mpg,8.0,11,ack-1f,w,4,4,0,ctl,ok,0,0,9.7,129.6
mpg,8.0,11,w48-16qam-r1/3,w48,19,2,1,data,ok,17,17,10.8,129.6
mpg,8.0,11,ack-1f,w,2,2,0,ctl,ok,0,0,13.2,129.6
mpg,8.0,11,w48-16qam-r1/3,w48,19,1,0,data,ok,18,18,10.8,129.6
mpg,8.0,11,ack-1f,w,2,2,0,ctl,ok,0,0,15.7,129.6
mpg,8.0,11,w48-16qam-r1/3,w48,19,1,0,data,ok,18,18,12.2,129.6
mpg,8.0,11,ack-1f,w,2,2,0,ctl,ok,0,0,12.7,129.6
mpg,8.0,11,w48-16qam-r1/3,w48,19,1,0,data,ok,18,18,9.7,129.6
mpg,8.0,11,ack-1f,w,2,2,0,ctl,ok,0,0,2.1,129.6
mpg,8.0,11,w48-16qam-r1/3,w48,19,1,0,data,ctl_lost,18,0,3.4,129.6
mpg,8.0,11,ack-4f,w,3,3,0,ctl,ok,0,0,12.3,129.6
mpg,8.0,11,ack-4f,w,3,3,0,ctl,ok,0,0,5.9,129.6
mpg,8.0,11,w48-qpsk-r1/2,w48,19,2,1,data,ok,17,17,10.1,129.6
mpg,8.0,11,ack-1f,w,3,3,0,ctl,ok,0,0,15.9,129.6
mpg,8.0,11,w48-16qam-r1/3,w48,19,2,1,data,ok,17,0,5.0,129.6
mpg,8.0,11,ack-1f,w,3,3,0,ctl,ok,0,0,2.0,129.6
mpg,8.0,11,w48-qpsk-r1/2,w48,19,2,1,data,ok,17,17,9.1,129.6
mpg,8.0,11,ack-1f,w,3,3,0,ctl,ok,0,0,3.0,129.6
mpg,8.0,11,w48-qpsk-r1/2,w48,19,2,1,data,ok,17,17,11.2,129.6
mpg,8.0,11,ack-1f,w,2,2,0,ctl,ok,0,0,15.0,129.6
mpg,8.0,11,w48-16qam-r1/3,w48,19,1,0,data,ok,18,17,8.0,129.6
mpg,8.0,11,ack-1f,w,4,4,0,ctl,ok,0,0,6.8,129.6
mpg,8.0,11,w48-16qam-r1/3,w48,19,2,1,data,ok,16,16,9.2,129.6
mpg,8.0,11,ack-1f,w,2,2,0,ctl,ok,0,0,9.2,129.6
mpg,8.0,11,w48-qpsk-r1/2,w48,19,1,0,data,ok,18,18,8.4,129.6
mpg,8.0,11,ack-1f,w,2,2,0,ctl,ok,0,0,6.1,129.6
mpg,8.0,11,w48-qpsk-r1/2,w48,19,1,0,data,ok,18,18,7.4,129.6
mpg,8.0,11,ack-1f,w,2,2,0,ctl,ok,0,0,1.3,129.6
mpg,8.0,11,w48-qpsk-r1/2,w48,19,1,0,data,ok,18,18,11.3,129.6
mpg,8.0,11,ack-1f,w,3,3,0,ctl,ok,0,0,9.0,129.6
mpg,8.0,11,w48-16qam-r1/3,w48,19,2,1,data,ok,17,15,7.0,129.6
mpg,8.0,11,ack-1f,w,4,4,0,ctl,ok,0,0,5.8,129.6
mpg,8.0,11,w48-16qam-r1/3,w48,19,2,1,data,ok,15,15,11.4,129.6
mpg,8.0,11,ack-1f,w,3,3,0,ctl,ok,0,0,5.6,129.6
mpg,8.0,11,w48-16qam-r1/3,w48,19,2,1,data,ok,17,17,11.1,129.6
mpg,8.0,11,ack-1f,w,2,2,0,ctl,ok,0,0,7.2,129.6
mpg,8.0,11,w48-16qam-r1/3,w48,19,1,0,data,ctl_lost,18,0,5.9,129.6
mpg,8.0,11,ack-4f,w,3,3,0,ctl,ok,0,0,13.9,129.6
mpg,8.0,11,ack-4f,w,2,2,0,ctl,ok,0,0,17.3,129.6
mpg,8.0,11,w48-qpsk-r1/2,w48,19,1,0,data,ok,18,18,9.1,129.6
mpg,8.0,11,ack-1f,w,2,2,0,ctl,ok,0,0,10.4,129.6
mpg,8.0,11,w48-qpsk-r1/2,w48,19,1,0,data,ctl_lost,18,10,4.6,129.6
mpg,8.0,11,ack-4f,w,3,3,0,ctl,ok,0,0,12.9,129.6
mpg,8.0,11,ack-4f,w,3,3,0,ctl,ok,0,0,12.2,129.6
mpg,8.0,11,w48-qpsk-r1/2,w48,19,2,1,data,ok,17,17,9.7,129.6
mpg,8.0,11,ack-1f,w,3,3,0,ctl,ok,0,0,11.0,129.6
mpg,8.0,11,w48-16qam-r1/3,w48,19,2,1,data,ok,17,0,8.1,129.6
mpg,8.0,11,ack-1f,w,2,2,0,ctl,ok,0,0,10.4,129.6
mpg,8.0,11,w48-qpsk-r1/2,w48,19,1,0,data,ok,18,18,12.6,129.6
mpg,8.0,11,ack-1f,w,2,2,0,ctl,ok,0,0,11.3,129.6
mpg,8.0,11,w48-qpsk-r1/2,w48,19,1,0,data,ok,18,18,10.8,129.6
mpg,8.0,11,ack-1f,w,2,2,0,ctl,ok,0,0,12.4,129.6
mpg,8.0,11,w48-16qam-r1/3,w48,19,1,0,data,ok,18,14,7.1,129.6
mpg,8.0,11,ack-1f,w,4,4,0,ctl,ok,0,0,11.7,129.6
mpg,8.0,11,w48-16qam-r1/3,w48,19,2,1,data,ok,13,13,11.6,129.6
mpg,8.0,11,ack-1f,w,2,2,0,ctl,ok,0,0,10.2,129.6
mpg,8.0,11,w48-qpsk-r1/2,w48,19,1,0,data,ok,18,18,10.5,129.6
mpg,8.0,11,ack-1f,w,2,2,0,ctl,ok,0,0,14.4,129.6
mpg,8.0,11,w48-16qam-r1/3,w48,19,1,0,data,ok,18,18,9.2,129.6
mpg,8.0,11,ack-1f,w,2,2,0,ctl,ok,0,0,10.2,129.6
mpg,8.0,11,w48-qpsk-r1/2,w48,19,1,0,data,ok,18,18,9.4,129.6
mpg,8.0,11,ack-1f,w,2,2,0,ctl,ok,0,0,12.6,129.6
mpg,8.0,11,w48-qpsk-r1/2,w48,19,1,0,data,ok,18,18,8.5,129.6
mpg,8.0,11,ack-1f,w,2,2,0,ctl,ok,0,0,9.2,129.6
mpg,8.0,11,w48-qpsk-r1/2,w48,19,1,0,data,ok,18,18,8.8,129.6
mpg,8.0,11,ack-1f,w,2,2,0,ctl,ok,0,0,12.1,129.6
mpg,8.0,11,w48-qpsk-r1/2,w48,19,1,0,data,ok,18,18,6.1,129.6
mpg,8.0,11,ack-1f,w,2,2,0,ctl,ok,0,0,8.9,129.6
mpg,8.0,11,w48-qpsk-r1/2,w48,19,1,0,data,ok,18,18,8.9,129.6
mpg,8.0,11,ack-1f,w,2,2,0,ctl,ok,0,0,8.0,129.6
mpg,8.0,11,w48-qpsk-r1/2,w48,19,1,0,data,ok,18,18,9.9,129.6
mpg,8.0,11,ack-1f,w,2,2,0,ctl,ok,0,0,13.4,129.6
mpg,8.0,11,w48-qpsk-r1/2,w48,19,1,0,data,ok,18,18,6.9,129.6
mpg,8.0,11,ack-1f,w,2,2,0,ctl,ok,0,0,4.7,129.6
mpg,8.0,11,w48-qpsk-r1/2,w48,19,1,0,data,ok,18,18,8.1,129.6
mpg,8.0,11,ack-1f,w,3,3,0,ctl,ok,0,0,10.4,129.6
mpg,8.0,11,w48-qpsk-r1/2,w48,19,2,1,data,ok,17,17,9.6,129.6
mpg,8.0,11,ack-1f,w,2,2,0,ctl,ok,0,0,7.7,129.6
mpg,8.0,11,w48-qpsk-r1/2,w48,19,1,0,data,ctl_lost,18,6,6.2,129.6
mpg,8.0,11,ack-4f,w,3,3,0,ctl,ok,0,0,9.0,129.6
mpg,8.0,11,ack-4f,w,2,2,0,ctl,ok,0,0,6.0,129.6
mpg,8.0,11,w48-qpsk-r1/3,w48,19,1,0,data,ok,18,18,9.3,129.6
mpg,8.0,11,ack-1f,w,3,3,0,ctl,ok,0,0,10.1,129.6
mpg,8.0,11,w48-qpsk-r1/2,w48,19,2,1,data,ok,17,17,8.2,129.6
mpg,8.0,11,ack-1f,w,2,2,0,ctl,ok,0,0,10.6,129.6
mpg,8.0,11,w48-qpsk-r1/2,w48,19,1,0,data,ok,18,18,9.7,129.6
mpg,8.0,11,ack-1f,w,2,2,0,ctl,ok,0,0,10.9,129.6
mpg,8.0,11,w48-qpsk-r1/2,w48,19,1,0,data,ok,18,18,8.1,129.6
mpg,8.0,7,qpsk-r1/5,w,1,1,0,ctl,ok,0,0,11.2,180.2
mpg,8.0,7,qpsk-r1/5,w,1,1,0,ctl,ok,0,0,11.4,180.2
mpg,8.0,7,ack-4f,w,2,2,0,ctl,ok,0,0,14.4,180.2
mpg,8.0,7,ack-1f,w,3,3,0,ctl,ok,0,0,16.7,180.2
mpg,8.0,7,w48-qpsk-r3/4,w48,19,2,1,data,ok,17,14,9.6,180.2
mpg,8.0,7,ack-1f,w,3,3,0,ctl,ok,0,0,12.3,180.2
mpg,8.0,7,w48-16qam-r1/3,w48,19,2,1,data,ok,17,17,12.2,180.2
mpg,8.0,7,ack-1f,w,2,2,0,ctl,ok,0,0,8.1,180.2
mpg,8.0,7,w48-16qam-r1/3,w48,19,1,0,data,ok,18,18,7.5,180.2
mpg,8.0,7,ack-1f,w,3,3,0,ctl,ok,0,0,9.0,180.2
mpg,8.0,7,w48-16qam-r1/3,w48,19,2,1,data,ok,17,17,12.9,180.2
mpg,8.0,7,ack-1f,w,2,2,0,ctl,ok,0,0,16.3,180.2
mpg,8.0,7,w48-16qam-r1/3,w48,19,1,0,data,ok,18,18,12.2,180.2
mpg,8.0,7,ack-1f,w,2,2,0,ctl,ok,0,0,10.7,180.2
mpg,8.0,7,w48-16qam-r1/3,w48,19,1,0,data,ok,18,18,9.1,180.2
mpg,8.0,7,ack-1f,w,2,2,0,ctl,ok,0,0,12.5,180.2
mpg,8.0,7,w48-16qam-r1/3,w48,19,1,0,data,ok,18,18,7.9,180.2
mpg,8.0,7,ack-1f,w,3,3,0,ctl,ok,0,0,13.5,180.2
mpg,8.0,7,w48-16qam-r1/3,w48,19,2,1,data,ok,17,17,7.9,180.2
mpg,8.0,7,ack-1f,w,3,3,0,ctl,ok,0,0,14.4,180.2
mpg,8.0,7,w48-16qam-r1/3,w48,19,2,1,data,ok,17,17,10.4,180.2
mpg,8.0,7,ack-1f,w,2,2,0,ctl,ok,0,0,15.2,180.2
mpg,8.0,7,w48-16qam-r1/3,w48,19,1,0,data,ok,18,18,11.7,180.2
mpg,8.0,7,ack-1f,w,2,2,0,ctl,ok,0,0,13.9,180.2
mpg,8.0,7,w48-16qam-r1/3,w48,19,1,0,data,ok,18,18,8.4,180.2
mpg,8.0,7,ack-1f,w,2,2,0,ctl,ok,0,0,14.8,180.2
mpg,8.0,7,w48-16qam-r1/3,w48,19,1,0,data,ok,18,18,9.1,180.2
mpg,8.0,7,ack-1f,w,2,2,0,ctl,ok,0,0,7.0,180.2
mpg,8.0,7,w48-16qam-r1/3,w48,19,1,0,data,ok,18,17,8.0,180.2
mpg,8.0,7,ack-1f,w,3,3,0,ctl,ok,0,0,6.5,180.2
mpg,8.0,7,w48-16qam-r1/3,w48,19,1,0,data,ok,17,17,11.2,180.2
mpg,8.0,7,ack-1f,w,2,2,0,ctl,ok,0,0,6.8,180.2
mpg,8.0,7,w48-16qam-r1/3,w48,19,1,0,data,ok,18,18,8.6,180.2
mpg,8.0,7,ack-1f,w,2,2,0,ctl,ok,0,0,7.5,180.2
mpg,8.0,7,w48-16qam-r1/3,w48,19,1,0,data,ok,18,18,8.3,180.2
mpg,8.0,7,ack-1f,w,3,3,0,ctl,ok,0,0,9.3,180.2
mpg,8.0,7,w48-16qam-r1/3,w48,19,2,1,data,ok,17,0,5.5,180.2
mpg,8.0,7,ack-1f,w,3,3,0,ctl,ok,0,0,10.1,180.2
mpg,8.0,7,w48-qpsk-r1/2,w48,19,2,1,data,ok,17,17,12.2,180.2
mpg,8.0,7,ack-1f,w,2,2,0,ctl,ok,0,0,9.9,180.2
mpg,8.0,7,w48-16qam-r1/3,w48,19,1,0,data,ok,18,18,9.2,180.2
mpg,8.0,7,ack-1f,w,2,2,0,ctl,ok,0,0,11.4,180.2
mpg,8.0,7,w48-16qam-r1/3,w48,19,1,0,data,ok,18,18,10.3,180.2
mpg,8.0,7,ack-1f,w,2,2,0,ctl,ok,0,0,12.7,180.2
mpg,8.0,7,w48-16qam-r1/3,w48,19,1,0,data,ok,18,18,10.4,180.2
mpg,8.0,7,ack-1f,w,2,2,0,ctl,ok,0,0,4.3,180.2
mpg,8.0,7,w48-16qam-r1/3,w48,19,1,0,data,ok,18,18,10.0,180.2
mpg,8.0,7,ack-1f,w,2,2,0,ctl,ok,0,0,10.0,180.2
mpg,8.0,7,w48-16qam-r1/3,w48,19,1,0,data,ok,18,16,7.0,180.2
mpg,8.0,7,ack-1f,w,3,3,0,ctl,ok,0,0,-0.2,180.2
mpg,8.0,7,w48-16qam-r1/3,w48,19,1,0,data,ctl_lost,16,0,5.4,180.2
mpg,8.0,7,ack-4f,w,3,3,0,ctl,ok,0,0,7.9,180.2
mpg,8.0,7,ack-4f,w,4,4,0,ctl,ok,0,0,15.1,180.2
mpg,8.0,7,w48-16qam-r1/3,w48,19,2,1,data,ok,15,15,9.8,180.2
mpg,8.0,7,ack-1f,w,2,2,0,ctl,ok,0,0,4.1,180.2
mpg,8.0,7,w48-16qam-r1/3,w48,19,1,0,data,ok,18,18,11.6,180.2
mpg,8.0,7,ack-1f,w,2,2,0,ctl,ok,0,0,10.9,180.2
mpg,8.0,7,w48-16qam-r1/3,w48,19,1,0,data,ok,18,18,7.6,180.2
mpg,8.0,7,ack-1f,w,2,2,0,ctl,ok,0,0,10.2,180.2
mpg,8.0,7,w48-16qam-r1/3,w48,19,1,0,data,ok,18,18,10.4,180.2
mpg,8.0,7,ack-1f,w,2,2,0,ctl,ok,0,0,15.5,180.2
mpg,8.0,7,w48-16qam-r1/3,w48,19,1,0,data,ok,18,18,11.6,180.2
mpg,8.0,7,ack-1f,w,2,2,0,ctl,ok,0,0,16.5,180.2
mpg,8.0,7,w48-16qam-r1/3,w48,19,1,0,data,ok,18,18,10.1,180.2
mpg,8.0,7,ack-1f,w,2,2,0,ctl,ok,0,0,10.5,180.2
mpg,8.0,7,w48-16qam-r1/3,w48,19,1,0,data,ok,18,18,9.7,180.2
mpg,8.0,7,ack-1f,w,2,2,0,ctl,ok,0,0,14.1,180.2
mpg,8.0,7,w48-16qam-r1/3,w48,19,1,0,data,ok,18,14,7.0,180.2
mpg,8.0,7,ack-1f,w,3,3,0,ctl,ok,0,0,8.5,180.2
mpg,8.0,7,w48-16qam-r1/3,w48,19,1,0,data,ok,14,14,8.6,180.2
mpg,8.0,7,ack-1f,w,2,2,0,ctl,ok,0,0,6.2,180.2
mpg,8.0,7,w48-16qam-r1/3,w48,19,1,0,data,ok,18,18,10.9,180.2
mpg,8.0,7,ack-1f,w,2,2,0,ctl,ok,0,0,8.8,180.2
mpg,8.0,7,w48-16qam-r1/3,w48,19,1,0,data,ok,18,18,9.8,180.2
mpg,8.0,7,ack-1f,w,2,2,0,ctl,ok,0,0,13.6,180.2
mpg,8.0,7,w48-16qam-r1/3,w48,19,1,0,data,ok,18,18,9.9,180.2
mpg,8.0,7,ack-1f,w,2,2,0,ctl,ok,0,0,11.2,180.2
mpg,8.0,7,w48-16qam-r1/3,w48,19,1,0,data,ok,18,18,11.1,180.2
mpg,8.0,7,ack-1f,w,2,2,0,ctl,ok,0,0,6.4,180.2
mpg,8.0,7,w48-16qam-r1/3,w48,19,1,0,data,ok,18,18,10.9,180.2
mpg,8.0,7,ack-1f,w,2,2,0,ctl,ok,0,0,10.7,180.2
mpg,8.0,7,w48-16qam-r1/3,w48,19,1,0,data,ctl_lost,18,2,9.1,180.2
mpg,8.0,7,ack-4f,w,3,3,0,ctl,ok,0,0,13.1,180.2
mpg,8.0,7,ack-4f,w,2,2,0,ctl,ok,0,0,14.7,180.2
mpg,8.0,7,w48-16qam-r1/3,w48,19,1,0,data,ok,18,18,11.5,180.2
mpg,8.0,7,ack-1f,w,2,2,0,ctl,ok,0,0,11.7,180.2
mpg,8.0,7,w48-16qam-r1/3,w48,19,1,0,data,ok,18,18,7.6,180.2
mpg,8.0,7,ack-1f,w,2,2,0,ctl,ok,0,0,6.9,180.2
mpg,8.0,7,w48-16qam-r1/3,w48,19,1,0,data,ok,18,18,9.0,180.2
mpg,8.0,7,ack-1f,w,2,2,0,ctl,ok,0,0,14.7,180.2
mpg,8.0,7,w48-16qam-r1/3,w48,19,1,0,data,ok,18,18,9.3,180.2
mpg,8.0,7,ack-1f,w,2,2,0,ctl,ok,0,0,15.1,180.2
mpg,8.0,7,w48-16qam-r1/3,w48,19,1,0,data,ok,18,18,12.2,180.2
mpg,0.0,2,qpsk-r1/5,w,1,1,0,ctl,ok,0,0,2.3,41.2
mpg,0.0,2,qpsk-r1/5,w,1,1,0,ctl,ok,0,0,3.8,41.2
mpg,0.0,2,ack-4f,w,3,3,0,ctl,ok,0,0,2.5,41.2
mpg,0.0,2,ack-1f,w,3,3,0,ctl,ok,0,0,1.5,41.2
mpg,0.0,2,qpsk-r1/2,w,9,2,1,data,ok,7,0,-0.8,41.2
mpg,0.0,2,ack-1f,w,3,3,0,ctl,ok,0,0,-4.1,41.2
mpg,0.0,2,qpsk-r1/3,w,9,2,1,data,ok,7,7,5.2,41.2
mpg,0.0,2,ack-4f,w,3,3,0,ctl,ok,0,0,7.5,41.2
mpg,0.0,2,qpsk-r1/3,w,9,2,1,data,ok,7,7,2.4,41.2
mpg,0.0,2,ack-1f,w,3,3,,ctl,missed,0,0,,41.2
mpg,0.0,2,ack-4f,w,3,3,0,ctl,ok,0,0,-0.5,41.2
mpg,0.0,2,ack-4f,w,3,3,0,ctl,ok,0,0,6.5,41.2
mpg,0.0,2,qpsk-r1/3,w,9,2,1,data,ok,7,7,5.0,41.2
mpg,0.0,2,ack-1f,w,2,2,0,ctl,ok,0,0,7.1,41.2
mpg,0.0,2,qpsk-r1/3,w,9,1,0,data,ok,8,8,3.5,41.2
mpg,0.0,2,ack-1f,w,3,3,0,ctl,ok,0,0,6.0,41.2
mpg,0.0,2,qpsk-r1/2,w,9,2,1,data,ok,7,3,1.3,41.2
mpg,0.0,2,ack-1f,w,3,3,0,ctl,ok,0,0,6.4,41.2
mpg,0.0,2,qpsk-r1/2,w,9,2,1,data,ok,3,0,4.7,41.2
mpg,0.0,2,ack-1f,w,2,2,0,ctl,ok,0,0,0.9,41.2
mpg,0.0,2,qpsk-r1/3,w,9,1,0,data,ok,8,8,2.3,41.2
mpg,0.0,2,ack-1f,w,2,2,0,ctl,ok,0,0,1.3,41.2
mpg,0.0,2,qpsk-r1/3,w,9,1,0,data,ok,8,8,1.7,41.2
mpg,0.0,2,ack-1f,w,3,3,0,ctl,ok,0,0,-0.5,41.2
mpg,0.0,2,qpsk-r1/3,w,9,2,1,data,ok,7,7,3.4,41.2
mpg,0.0,2,ack-1f,w,2,2,0,ctl,ctl_lost,0,0,-10.0,41.2
mpg,0.0,2,ack-4f,w,3,3,0,ctl,ok,0,0,1.3,41.2
mpg,0.0,2,ack-4f,w,2,2,0,ctl,ok,0,0,5.7,41.2
mpg,0.0,2,qpsk-r1/3,w,9,1,0,data,ok,8,8,0.2,41.2
mpg,0.0,2,ack-4f,w,3,3,0,ctl,ok,0,0,3.8,41.2
mpg,0.0,2,qpsk-r1/3,w,9,2,1,data,ok,7,7,6.0,41.2
mpg,0.0,2,ack-4f,w,2,2,0,ctl,ok,0,0,1.6,41.2
mpg,0.0,2,qpsk-r1/3,w,9,1,0,data,ok,8,8,3.7,41.2
mpg,0.0,2,ack-4f,w,2,2,0,ctl,ok,0,0,-0.5,41.2
mpg,0.0,2,qpsk-r1/2,w,9,1,0,data,ok,8,8,7.5,41.2
mpg,0.0,2,ack-4f,w,3,3,0,ctl,ok,0,0,5.2,41.2
mpg,0.0,2,w48-qpsk-r1/5,w48,19,2,1,data,ok,17,17,2.9,41.2
mpg,0.0,2,ack-4f,w,3,3,0,ctl,ok,0,0,7.4,41.2
mpg,0.0,2,w48-qpsk-r1/5,w48,19,2,1,data,ok,17,17,3.8,41.2
mpg,0.0,2,ack-1f,w,3,3,0,ctl,ok,0,0,5.5,41.2
mpg,0.0,2,w48-qpsk-r1/5,w48,19,2,1,data,ok,17,17,4.0,41.2
mpg,0.0,2,ack-1f,w,3,3,0,ctl,ok,0,0,3.4,41.2
mpg,0.0,2,w48-qpsk-r1/3,w48,19,2,1,data,ok,17,17,2.4,41.2
mpg,0.0,2,ack-1f,w,3,3,0,ctl,ok,0,0,1.7,41.2
mpg,0.0,2,w48-qpsk-r1/5,w48,19,2,1,data,ok,17,0,-1.2,41.2
mpg,0.0,2,ack-1f,w,3,3,0,ctl,ok,0,0,-1.8,41.2
mpg,0.0,2,w48-qpsk-r1/5,w48,19,2,1,data,ok,0,0,2.6,41.2
mpg,0.0,2,ack-4f,w,3,3,0,ctl,ok,0,0,2.0,41.2
mpg,0.0,2,w48-qpsk-r1/5,w48,19,2,1,data,ok,17,17,1.1,41.2
mpg,0.0,2,ack-4f,w,3,3,0,ctl,ok,0,0,4.3,41.2
mpg,0.0,2,w48-qpsk-r1/5,w48,19,2,1,data,ok,17,17,0.5,41.2
mpg,0.0,2,ack-1f,w,3,3,0,ctl,ctl_lost,0,0,-5.3,41.2
mpg,0.0,2,ack-4f,w,3,3,0,ctl,ok,0,0,-1.8,41.2
mpg,0.0,2,ack-4f,w,3,3,0,ctl,ok,0,0,1.3,41.2
mpg,0.0,2,w48-qpsk-r1/5,w48,19,2,1,data,ok,17,17,1.2,41.2
mpg,0.0,2,ack-4f,w,3,3,0,ctl,ok,0,0,-1.3,41.2
mpg,0.0,2,w48-qpsk-r1/5,w48,19,2,1,data,ok,17,16,0.1,41.2
mpg,0.0,2,ack-4f,w,4,4,0,ctl,ok,0,0,-4.8,41.2
mpg,0.0,2,w48-qpsk-r1/5,w48,19,2,1,data,ok,16,16,2.0,41.2
mpg,0.0,2,ack-4f,w,2,2,0,ctl,ok,0,0,2.7,41.2
mpg,0.0,2,w48-qpsk-r1/5,w48,19,1,0,data,ok,18,18,5.3,41.2
mpg,0.0,2,ack-4f,w,3,3,0,ctl,ok,0,0,-0.1,41.2
mpg,0.0,2,w48-qpsk-r1/3,w48,19,2,1,data,ok,17,17,2.7,41.2
mpg,0.0,2,ack-4f,w,3,3,0,ctl,ok,0,0,0.8,41.2
mpg,0.0,2,w48-qpsk-r1/3,w48,19,2,1,data,ok,17,0,1.0,41.2
mpg,0.0,2,ack-4f,w,2,2,0,ctl,ok,0,0,5.5,41.2
mpg,0.0,2,w48-qpsk-r1/5,w48,19,1,0,data,ctl_lost,18,6,-0.1,41.2
mpg,0.0,2,ack-4f,w,4,4,0,ctl,ok,0,0,1.3,41.2
mpg,0.0,2,ack-4f,w,3,3,0,ctl,ok,0,0,5.6,41.2
mpg,0.0,2,w48-qpsk-r1/5,w48,19,2,1,data,ok,17,17,1.8,41.2
mpg,0.0,2,n4-ack-2f,n4,3,3,0,ctl,ok,0,0,5.1,41.2
mpg,0.0,2,w48-qpsk-r1/5,w48,19,2,1,data,ok,17,17,0.8,41.2
mpg,0.0,2,ack-1f,w,3,3,0,ctl,ok,0,0,-1.2,41.2
mpg,0.0,2,w48-qpsk-r1/5,w48,19,2,1,data,ok,17,17,0.3,41.2
mpg,0.0,2,ack-4f,w,3,3,0,ctl,ok,0,0,5.8,41.2
mpg,0.0,2,w48-qpsk-r1/5,w48,19,2,1,data,ok,17,17,0.8,41.2
mpg,0.0,2,ack-4f,w,3,3,0,ctl,ok,0,0,3.5,41.2
mpg,0.0,2,w48-qpsk-r1/5,w48,19,2,1,data,ok,17,17,4.8,41.2
mpg,0.0,2,n4-ack-2f,n4,3,3,0,ctl,ok,0,0,2.1,41.2
mpg,0.0,2,w48-qpsk-r1/3,w48,19,2,1,data,ok,17,0,2.2,41.2
mpg,0.0,2,ack-4f,w,2,2,0,ctl,ok,0,0,6.1,41.2
mpg,0.0,2,w48-qpsk-r1/5,w48,19,1,0,data,ok,18,18,2.8,41.2
mpg,0.0,2,ack-1f,w,2,2,0,ctl,ok,0,0,9.4,41.2
mpg,0.0,2,w48-qpsk-r1/5,w48,19,1,0,data,ok,18,18,3.8,41.2
mpg,0.0,2,ack-1f,w,3,3,0,ctl,ctl_lost,0,0,-2.3,41.2
mpg,0.0,2,ack-4f,w,3,3,0,ctl,ok,0,0,5.5,41.2
mpg,0.0,2,ack-4f,w,3,3,0,ctl,ok,0,0,8.2,41.2
mpg,0.0,2,w48-qpsk-r1/3,w48,19,2,1,data,ok,17,0,1.0,41.2
mpg,0.0,2,ack-4f,w,2,2,0,ctl,ok,0,0,1.1,41.2
mpg,0.0,2,w48-qpsk-r1/5,w48,19,1,0,data,ok,18,18,0.9,41.2
mpg,0.0,2,ack-4f,w,2,2,0,ctl,ok,0,0,0.4,41.2
mpg,0.0,2,w48-qpsk-r1/5,w48,19,1,0,data,ok,18,18,0.5,41.2
mpg,0.0,2,ack-4f,w,2,2,0,ctl,ok,0,0,6.0,41.2
mpg,0.0,2,w48-qpsk-r1/5,w48,19,1,0,data,ok,18,18,0.0,41.2
mpg,0.0,7,qpsk-r1/5,w,1,1,0,ctl,ok,0,0,3.3,33.1
mpg,0.0,7,qpsk-r1/5,w,1,1,0,ctl,ok,0,0,5.7,33.1
mpg,0.0,7,ack-4f,w,3,3,0,ctl,ok,0,0,7.1,33.1
mpg,0.0,7,ack-1f,w,3,3,0,ctl,ok,0,0,9.1,33.1
mpg,0.0,7,qpsk-r1/2,w,9,2,1,data,ok,7,0,0.9,33.1
mpg,0.0,7,ack-1f,w,3,3,0,ctl,ok,0,0,4.8,33.1
mpg,0.0,7,qpsk-r1/3,w,9,2,1,data,ok,7,7,4.2,33.1
mpg,0.0,7,ack-1f,w,3,3,0,ctl,ok,0,0,-1.5,33.1
mpg,0.0,7,qpsk-r1/3,w,9,2,1,data,ok,7,6,-1.0,33.1
mpg,0.0,7,ack-4f,w,3,3,0,ctl,ok,0,0,1.4,33.1
mpg,0.0,7,qpsk-r1/3,w,9,2,1,data,ok,6,6,6.3,33.1
mpg,0.0,7,ack-4f,w,2,2,0,ctl,ok,0,0,8.2,33.1
mpg,0.0,7,qpsk-r1/3,w,9,1,0,data,ok,8,8,8.6,33.1
mpg,0.0,7,ack-1f,w,3,3,0,ctl,ok,0,0,3.2,33.1
mpg,0.0,7,w48-qpsk-r1/2,w48,19,2,1,data,ok,17,0,1.6,33.1
mpg,0.0,7,ack-1f,w,3,3,0,ctl,ok,0,0,3.5,33.1
mpg,0.0,7,qpsk-r1/2,w,9,2,1,data,ok,7,2,1.2,33.1
mpg,0.0,7,ack-1f,w,3,3,0,ctl,ok,0,0,5.2,33.1
mpg,0.0,7,qpsk-r1/3,w,9,1,0,data,ok,8,8,1.9,33.1
mpg,0.0,7,ack-1f,w,2,2,0,ctl,ok,0,0,6.1,33.1
mpg,0.0,7,qpsk-r1/3,w,9,1,0,data,ok,8,8,4.1,33.1
mpg,0.0,7,ack-1f,w,2,2,0,ctl,ok,0,0,0.0,33.1
mpg,0.0,7,qpsk-r1/3,w,9,1,0,data,ok,8,8,7.4,33.1
mpg,0.0,7,ack-1f,w,3,3,0,ctl,ok,0,0,5.6,33.1
mpg,0.0,7,w48-qpsk-r1/2,w48,19,2,1,data,ctl_lost,17,0,-0.2,33.1
mpg,0.0,7,ack-4f,w,3,3,0,ctl,ok,0,0,6.5,33.1
mpg,0.0,7,ack-4f,w,3,3,0,ctl,ok,0,0,3.7,33.1
mpg,0.0,7,w48-qpsk-r1/5,w48,19,2,1,data,ok,17,17,1.2,33.1
mpg,0.0,7,ack-1f,w,3,3,0,ctl,ok,0,0,0.8,33.1
mpg,0.0,7,w48-qpsk-r1/5,w48,19,2,1,data,ok,17,3,-1.3,33.1
mpg,0.0,7,ack-1f,w,3,3,0,ctl,ok,0,0,1.4,33.1
mpg,0.0,7,w48-qpsk-r1/5,w48,19,2,1,data,ok,3,3,3.6,33.1
mpg,0.0,7,ack-1f,w,3,3,0,ctl,ok,0,0,0.3,33.1
mpg,0.0,7,w48-qpsk-r1/5,w48,19,2,1,data,ok,17,17,1.8,33.1
mpg,0.0,7,ack-1f,w,2,2,0,ctl,ok,0,0,4.8,33.1
mpg,0.0,7,w48-qpsk-r1/5,w48,19,1,0,data,ctl_lost,18,3,-0.9,33.1
mpg,0.0,7,ack-4f,w,3,3,0,ctl,ok,0,0,-3.7,33.1
mpg,0.0,7,ack-4f,w,3,3,0,ctl,ok,0,0,-1.9,33.1
mpg,0.0,7,qpsk-r1/3,w,9,2,1,data,ok,7,7,4.7,33.1
mpg,0.0,7,ack-1f,w,2,2,0,ctl,ok,0,0,5.1,33.1
mpg,0.0,7,qpsk-r1/3,w,9,1,0,data,ok,8,8,1.8,33.1
mpg,0.0,7,ack-1f,w,2,2,0,ctl,ok,0,0,2.7,33.1
mpg,0.0,7,qpsk-r1/3,w,9,1,0,data,ok,8,8,2.8,33.1
mpg,0.0,7,ack-1f,w,2,2,0,ctl,ok,0,0,2.4,33.1
mpg,0.0,7,qpsk-r1/3,w,9,1,0,data,ok,8,8,5.7,33.1
mpg,0.0,7,ack-1f,w,2,2,0,ctl,ok,0,0,2.0,33.1
mpg,0.0,7,qpsk-r1/3,w,9,1,0,data,ok,8,8,0.4,33.1
mpg,0.0,7,ack-1f,w,2,2,0,ctl,ok,0,0,6.2,33.1
mpg,0.0,7,qpsk-r1/3,w,9,1,0,data,ok,8,8,2.5,33.1
mpg,0.0,7,ack-1f,w,2,2,0,ctl,ok,0,0,4.0,33.1
mpg,0.0,7,qpsk-r1/3,w,9,1,0,data,ctl_lost,8,0,-1.6,33.1
mpg,0.0,7,ack-4f,w,3,3,0,ctl,ok,0,0,1.8,33.1
mpg,0.0,7,ack-4f,w,3,3,0,ctl,ok,0,0,-2.8,33.1
mpg,0.0,7,qpsk-r1/3,w,9,2,1,data,ok,7,7,5.8,33.1
mpg,0.0,7,ack-1f,w,2,2,0,ctl,ok,0,0,4.0,33.1
mpg,0.0,7,qpsk-r1/3,w,9,1,0,data,ok,8,8,1.2,33.1
mpg,0.0,7,ack-1f,w,2,2,0,ctl,ok,0,0,0.1,33.1
mpg,0.0,7,qpsk-r1/3,w,9,1,0,data,ok,8,8,5.9,33.1
mpg,0.0,7,ack-1f,w,2,2,0,ctl,ok,0,0,0.1,33.1
mpg,0.0,7,qpsk-r1/3,w,9,1,0,data,ok,8,8,3.7,33.1
mpg,0.0,7,ack-1f,w,2,2,0,ctl,ok,0,0,6.0,33.1
mpg,0.0,7,qpsk-r1/2,w,9,1,0,data,ok,8,8,5.4,33.1
mpg,0.0,7,ack-1f,w,2,2,0,ctl,ok,0,0,2.9,33.1
mpg,0.0,7,qpsk-r1/2,w,9,1,0,data,ok,8,8,7.9,33.1
mpg,0.0,7,ack-1f,w,3,3,0,ctl,ok,0,0,6.3,33.1
mpg,0.0,7,w48-qpsk-r1/3,w48,19,2,1,data,ok,17,0,1.0,33.1
mpg,0.0,7,ack-1f,w,3,3,0,ctl,ok,0,0,4.6,33.1
mpg,0.0,7,qpsk-r1/2,w,9,2,1,data,ok,7,7,4.9,33.1
mpg,0.0,7,ack-1f,w,2,2,0,ctl,ok,0,0,4.3,33.1
mpg,0.0,7,qpsk-r1/3,w,9,1,0,data,ok,8,8,-1.4,33.1
mpg,0.0,7,ack-1f,w,3,3,0,ctl,ok,0,0,3.0,33.1
mpg,0.0,7,qpsk-r1/3,w,9,2,1,data,ok,7,7,2.4,33.1
mpg,0.0,7,ack-1f,w,3,3,0,ctl,ok,0,0,-2.1,33.1
mpg,0.0,7,qpsk-r1/3,w,9,2,1,data,ok,7,7,4.3,33.1
mpg,0.0,7,ack-1f,w,2,2,0,ctl,ctl_lost,0,0,-2.5,33.1
mpg,0.0,7,ack-4f,w,2,2,0,ctl,ok,0,0,6.5,33.1
mpg,0.0,7,ack-4f,w,2,2,0,ctl,ok,0,0,5.3,33.1
mpg,0.0,7,qpsk-r1/2,w,9,1,0,data,ok,8,8,4.2,33.1
mpg,0.0,7,ack-1f,w,2,2,0,ctl,ok,0,0,2.6,33.1
mpg,0.0,7,qpsk-r1/2,w,9,1,0,data,ctl_lost,8,1,2.7,33.1
mpg,0.0,7,ack-4f,w,3,3,0,ctl,ok,0,0,5.6,33.1
mpg,0.0,7,ack-4f,w,2,2,0,ctl,ok,0,0,4.4,33.1
mpg,0.0,7,qpsk-r1/3,w,9,1,0,data,ok,8,8,2.5,33.1
mpg,0.0,7,ack-1f,w,2,2,0,ctl,ok,0,0,5.3,33.1
mpg,0.0,7,qpsk-r1/3,w,9,1,0,data,ctl_lost,8,2,0.7,33.1
mpg,0.0,7,ack-4f,w,2,2,0,ctl,ok,0,0,6.9,33.1
mpg,0.0,7,ack-4f,w,2,2,0,ctl,ok,0,0,6.1,33.1
mpg,0.0,7,qpsk-r1/3,w,9,1,0,data,ok,8,8,5.1,33.1
mpg,0.0,7,ack-1f,w,3,3,0,ctl,ok,0,0,6.2,33.1
mpg,0.0,7,16qam-r1/3,w,19,2,1,data,ok,17,3,4.4,33.1
mpg,0.0,7,ack-1f,w,4,4,0,ctl,ok,0,0,-0.4,33.1
mpg,0.0,7,qpsk-r1/2,w,9,2,1,data,ok,7,0,0.9,33.1
mpg,0.0,7,ack-1f,w,3,3,0,ctl,ok,0,0,4.2,33.1
mpg,0.0,7,qpsk-r1/3,w,9,2,1,data,ok,7,7,4.3,33.1
mpg,0.0,7,ack-1f,w,2,2,0,ctl,ok,0,0,-4.6,33.1
mpg,0.0,7,qpsk-r1/3,w,9,1,0,data,ok,8,8,4.8,33.1
mpg,0.0,7,ack-4f,w,3,3,0,ctl,ok,0,0,3.5,33.1
mpg,0.0,7,w48-qpsk-r1/5,w48,19,2,1,data,ok,17,17,2.9,33.1
mpg,0.0,4,qpsk-r1/5,w,1,1,0,ctl,ok,0,0,-4.7,37.0
mpg,0.0,4,qpsk-r1/5,w,1,1,0,ctl,ctl_lost,0,0,-9.2,37.0
mpg,0.0,4,n4-qpsk-r1/3,n4,1,1,,ctl,missed,0,0,,37.0
mpg,0.0,4,n4-qpsk-r1/3,n4,1,1,0,ctl,ok,0,0,-0.7,37.0
mpg,0.0,4,n4-qpsk-r1/3,n4,1,1,0,ctl,ok,0,0,2.1,37.0
mpg,0.0,4,ack-4f,w,3,3,0,ctl,ok,0,0,5.4,37.0
mpg,0.0,4,ack-1f,w,3,3,0,ctl,ok,0,0,2.8,37.0
mpg,0.0,4,qpsk-r1/2,w,9,2,1,data,ok,7,7,3.6,37.0
mpg,0.0,4,ack-1f,w,3,3,0,ctl,ok,0,0,9.2,37.0
mpg,0.0,4,qpsk-r1/2,w,9,2,1,data,ok,7,7,5.0,37.0
mpg,0.0,4,ack-1f,w,3,3,0,ctl,ok,0,0,5.8,37.0
mpg,0.0,4,qpsk-r1/2,w,9,2,1,data,ok,7,7,5.1,37.0
mpg,0.0,4,ack-1f,w,2,2,0,ctl,ok,0,0,3.9,37.0
mpg,0.0,4,qpsk-r1/2,w,9,1,0,data,ok,8,8,3.6,37.0
mpg,0.0,4,ack-1f,w,2,2,0,ctl,ok,0,0,-0.4,37.0
mpg,0.0,4,qpsk-r1/2,w,9,1,0,data,ctl_lost,8,0,2.1,37.0
mpg,0.0,4,ack-4f,w,3,3,0,ctl,ok,0,0,2.7,37.0
mpg,0.0,4,ack-4f,w,3,3,0,ctl,ok,0,0,5.3,37.0
mpg,0.0,4,qpsk-r1/3,w,9,2,1,data,ok,7,7,3.8,37.0
mpg,0.0,4,ack-1f,w,2,2,0,ctl,ok,0,0,5.1,37.0
mpg,0.0,4,qpsk-r1/3,w,9,1,0,data,ok,8,8,2.3,37.0
mpg,0.0,4,ack-1f,w,2,2,0,ctl,ok,0,0,5.3,37.0
mpg,0.0,4,qpsk-r1/3,w,9,1,0,data,ok,8,8,2.3,37.0
mpg,0.0,4,ack-1f,w,3,3,0,ctl,ok,0,0,2.2,37.0
mpg,0.0,4,qpsk-r1/3,w,9,2,1,data,ok,7,4,-0.9,37.0
mpg,0.0,4,ack-1f,w,3,3,0,ctl,ok,0,0,5.3,37.0
mpg,0.0,4,qpsk-r1/3,w,9,2,1,data,ok,4,4,1.8,37.0
mpg,0.0,4,ack-1f,w,3,3,0,ctl,ok,0,0,-1.4,37.0
mpg,0.0,4,qpsk-r1/3,w,9,2,1,data,ok,7,7,1.0,37.0
mpg,0.0,4,ack-1f,w,3,3,0,ctl,ctl_lost,0,0,-2.5,37.0
mpg,0.0,4,ack-4f,w,3,3,0,ctl,ok,0,0,0.4,37.0
mpg,0.0,4,ack-4f,w,3,3,0,ctl,ok,0,0,1.4,37.0
mpg,0.0,4,qpsk-r1/3,w,9,2,1,data,ok,7,7,3.0,37.0
mpg,0.0,4,ack-4f,w,2,2,0,ctl,ok,0,0,0.6,37.0
mpg,0.0,4,qpsk-r1/3,w,9,1,0,data,ok,8,8,6.1,37.0
mpg,0.0,4,ack-4f,w,3,3,0,ctl,ok,0,0,3.2,37.0
mpg,0.0,4,qpsk-r1/2,w,9,2,1,data,ok,7,0,0.2,37.0
mpg,0.0,4,ack-1f,w,2,2,0,ctl,ok,0,0,-0.3,37.0
mpg,0.0,4,qpsk-r1/3,w,9,1,0,data,ok,8,8,3.0,37.0
mpg,0.0,4,ack-4f,w,3,3,0,ctl,ok,0,0,1.2,37.0
mpg,0.0,4,qpsk-r1/3,w,9,2,1,data,ok,7,7,5.1,37.0
mpg,0.0,4,ack-1f,w,3,3,0,ctl,ok,0,0,1.9,37.0
mpg,0.0,4,qpsk-r1/2,w,9,2,1,data,ok,7,0,2.4,37.0
mpg,0.0,4,ack-1f,w,2,2,0,ctl,ctl_lost,0,0,-5.7,37.0
mpg,0.0,4,ack-4f,w,3,3,0,ctl,ok,0,0,0.4,37.0
mpg,0.0,4,ack-4f,w,2,2,0,ctl,ok,0,0,5.8,37.0
mpg,0.0,4,qpsk-r1/3,w,9,1,0,data,ok,8,8,3.2,37.0
mpg,0.0,4,ack-4f,w,2,2,0,ctl,ok,0,0,0.4,37.0
mpg,0.0,4,qpsk-r1/3,w,9,1,0,data,ok,8,8,3.0,37.0
mpg,0.0,4,ack-4f,w,2,2,0,ctl,ok,0,0,2.6,37.0
mpg,0.0,4,qpsk-r1/3,w,9,1,0,data,ok,8,8,2.8,37.0
mpg,0.0,4,ack-4f,w,2,2,0,ctl,ok,0,0,-1.4,37.0
mpg,0.0,4,qpsk-r1/3,w,9,1,0,data,ok,8,8,3.3,37.0
mpg,0.0,4,ack-4f,w,2,2,0,ctl,ok,0,0,7.3,37.0
mpg,0.0,4,qpsk-r1/3,w,9,1,0,data,ok,8,8,3.1,37.0
mpg,0.0,4,ack-4f,w,3,3,0,ctl,ok,0,0,5.6,37.0
mpg,0.0,4,qpsk-r1/2,w,9,2,1,data,ok,7,7,4.0,37.0
mpg,0.0,4,ack-1f,w,2,2,0,ctl,ok,0,0,0.1,37.0
mpg,0.0,4,qpsk-r1/3,w,9,1,0,data,ok,8,8,4.3,37.0
mpg,0.0,4,ack-4f,w,3,3,0,ctl,ok,0,0,-3.2,37.0
mpg,0.0,4,qpsk-r1/2,w,9,2,1,data,ok,7,0,-1.0,37.0
mpg,0.0,4,ack-4f,w,2,2,0,ctl,ok,0,0,0.9,37.0
mpg,0.0,4,qpsk-r1/3,w,9,1,0,data,ok,8,8,6.0,37.0
mpg,0.0,4,ack-4f,w,2,2,0,ctl,ok,0,0,3.5,37.0
mpg,0.0,4,qpsk-r1/3,w,9,1,0,data,ok,8,8,2.9,37.0
mpg,0.0,4,ack-4f,w,2,2,0,ctl,ok,0,0,0.9,37.0
mpg,0.0,4,qpsk-r1/3,w,9,1,0,data,ok,8,8,3.6,37.0
mpg,0.0,4,ack-4f,w,2,2,0,ctl,ok,0,0,-0.7,37.0
mpg,0.0,4,qpsk-r1/3,w,9,1,0,data,ok,8,8,0.7,37.0
mpg,0.0,4,ack-4f,w,2,2,0,ctl,ok,0,0,6.0,37.0
mpg,0.0,4,qpsk-r1/3,w,9,1,0,data,ctl_lost,8,0,-3.8,37.0
mpg,0.0,4,ack-4f,w,3,3,0,ctl,ok,0,0,7.3,37.0
mpg,0.0,4,ack-4f,w,2,2,0,ctl,ok,0,0,4.8,37.0
mpg,0.0,4,qpsk-r1/3,w,9,1,0,data,ok,8,8,5.0,37.0
mpg,0.0,4,ack-1f,w,3,3,0,ctl,ok,0,0,7.8,37.0
mpg,0.0,4,16qam-r1/3,w,19,2,1,data,ok,17,15,4.4,37.0
mpg,0.0,4,ack-1f,w,4,4,0,ctl,ok,0,0,0.1,37.0
mpg,0.0,4,16qam-r1/3,w,19,2,1,data,ok,15,0,2.4,37.0
mpg,0.0,4,ack-1f,w,2,2,0,ctl,ok,0,0,4.7,37.0
mpg,0.0,4,qpsk-r1/3,w,9,1,0,data,ok,8,8,5.2,37.0
mpg,0.0,4,ack-1f,w,2,2,0,ctl,ok,0,0,0.6,37.0
mpg,0.0,4,qpsk-r1/3,w,9,1,0,data,ok,8,8,2.0,37.0
mpg,0.0,4,ack-1f,w,2,2,0,ctl,ok,0,0,3.5,37.0
mpg,0.0,4,qpsk-r1/3,w,9,1,0,data,ok,8,8,3.2,37.0
mpg,0.0,4,ack-1f,w,2,2,0,ctl,ok,0,0,5.8,37.0
mpg,0.0,4,qpsk-r1/3,w,9,1,0,data,ok,8,8,4.8,37.0
mpg,0.0,4,ack-1f,w,2,2,0,ctl,ok,0,0,8.5,37.0
mpg,0.0,4,qpsk-r1/3,w,9,1,0,data,ok,8,8,4.5,37.0
mpg,0.0,4,ack-1f,w,2,2,0,ctl,ok,0,0,0.1,37.0
mpg,0.0,4,qpsk-r1/2,w,9,1,0,data,ok,8,8,2.3,37.0
mpg,0.0,4,ack-1f,w,3,3,0,ctl,ok,0,0,4.7,37.0
mpg,0.0,4,qpsk-r1/2,w,9,2,1,data,ok,7,7,7.8,37.0
mpg,0.0,4,ack-1f,w,3,3,0,ctl,ok,0,0,7.3,37.0
mpg,0.0,4,16qam-r1/3,w,19,2,1,data,ok,17,0,1.3,37.0
mpg,0.0,4,ack-1f,w,2,2,0,ctl,ok,0,0,7.1,37.0
mpg,0.0,4,qpsk-r1/3,w,9,1,0,data,ok,8,8,5.9,37.0
mpg,0.0,3,qpsk-r1/5,w,1,1,0,ctl,ok,0,0,5.0,34.9
mpg,0.0,3,qpsk-r1/5,w,1,1,0,ctl,ok,0,0,3.2,34.9
mpg,0.0,3,ack-4f,w,3,3,0,ctl,ok,0,0,-2.8,34.9
mpg,0.0,3,ack-4f,w,3,3,0,ctl,ok,0,0,3.7,34.9
mpg,0.0,3,qpsk-r1/3,w,9,2,1,data,ok,7,7,1.8,34.9
mpg,0.0,3,ack-1f,w,3,3,0,ctl,ok,0,0,3.0,34.9
mpg,0.0,3,qpsk-r1/3,w,9,2,1,data,ok,7,7,5.4,34.9
mpg,0.0,3,ack-1f,w,2,2,0,ctl,ok,0,0,7.0,34.9
mpg,0.0,3,qpsk-r1/3,w,9,1,0,data,ok,8,8,3.7,34.9
mpg,0.0,3,ack-1f,w,2,2,0,ctl,ok,0,0,-2.0,34.9
mpg,0.0,3,qpsk-r1/2,w,9,1,0,data,ok,8,8,3.8,34.9
mpg,0.0,3,ack-1f,w,3,3,0,ctl,ok,0,0,1.6,34.9
mpg,0.0,3,qpsk-r1/2,w,9,2,1,data,ok,7,7,6.3,34.9
mpg,0.0,3,ack-4f,w,3,3,0,ctl,ok,0,0,2.0,34.9
mpg,0.0,3,qpsk-r1/2,w,9,2,1,data,ok,7,1,1.6,34.9
mpg,0.0,3,ack-1f,w,3,3,0,ctl,ok,0,0,1.9,34.9
mpg,0.0,3,qpsk-r1/2,w,9,2,1,data,ok,1,1,3.4,34.9
mpg,0.0,3,ack-4f,w,3,3,0,ctl,ok,0,0,-2.6,34.9
mpg,0.0,3,qpsk-r1/3,w,9,2,1,data,ok,7,7,1.9,34.9
mpg,0.0,3,ack-4f,w,3,3,0,ctl,ok,0,0,3.4,34.9
mpg,0.0,3,qpsk-r1/2,w,9,2,1,data,ok,7,7,5.2,34.9
mpg,0.0,3,ack-1f,w,3,3,0,ctl,ok,0,0,1.5,34.9
mpg,0.0,3,qpsk-r1/2,w,9,2,1,data,ok,7,0,-0.1,34.9
mpg,0.0,3,ack-1f,w,3,3,0,ctl,ok,0,0,5.1,34.9
mpg,0.0,3,qpsk-r1/3,w,9,2,1,data,ok,7,0,-1.4,34.9
mpg,0.0,3,ack-1f,w,3,3,0,ctl,ok,0,0,3.0,34.9
mpg,0.0,3,qpsk-r1/3,w,9,2,1,data,ok,0,0,0.9,34.9
mpg,0.0,3,ack-1f,w,3,3,0,ctl,ok,0,0,1.4,34.9
mpg,0.0,3,qpsk-r1/3,w,9,2,1,data,ok,7,7,0.2,34.9
mpg,0.0,3,ack-1f,w,2,2,0,ctl,ok,0,0,3.3,34.9
mpg,0.0,3,qpsk-r1/3,w,9,1,0,data,ok,8,8,4.5,34.9
mpg,0.0,3,ack-1f,w,2,2,0,ctl,ok,0,0,6.2,34.9
mpg,0.0,3,qpsk-r1/3,w,9,1,0,data,ok,8,8,3.3,34.9
mpg,0.0,3,ack-1f,w,2,2,0,ctl,ok,0,0,6.4,34.9
mpg,0.0,3,qpsk-r1/2,w,9,1,0,data,ok,8,8,6.2,34.9
mpg,0.0,3,ack-1f,w,2,2,0,ctl,ok,0,0,-2.4,34.9
mpg,0.0,3,qpsk-r1/2,w,9,1,,data,missed,0,0,,34.9
mpg,0.0,3,ack-4f,w,3,3,0,ctl,ok,0,0,7.2,34.9
mpg,0.0,3,ack-4f,w,3,3,0,ctl,ok,0,0,4.4,34.9
mpg,0.0,3,w48-qpsk-r1/2,w48,19,2,1,data,ok,17,0,3.6,34.9
mpg,0.0,3,ack-1f,w,2,2,0,ctl,ok,0,0,4.6,34.9
mpg,0.0,3,qpsk-r1/2,w,9,1,0,data,ok,8,8,6.2,34.9
mpg,0.0,3,ack-1f,w,3,3,0,ctl,ok,0,0,4.4,34.9
mpg,0.0,3,w48-qpsk-r1/3,w48,19,2,1,data,ok,17,17,5.5,34.9
mpg,0.0,3,ack-1f,w,3,3,0,ctl,ok,0,0,3.4,34.9
mpg,0.0,3,w48-qpsk-r1/2,w48,19,2,1,data,ok,17,1,4.1,34.9
mpg,0.0,3,ack-1f,w,4,4,0,ctl,ok,0,0,5.1,34.9
mpg,0.0,3,w48-qpsk-r1/3,w48,19,2,1,data,ok,17,0,0.0,34.9
mpg,0.0,3,ack-1f,w,2,2,0,ctl,ok,0,0,3.8,34.9
mpg,0.0,3,qpsk-r1/3,w,9,1,0,data,ok,8,8,6.2,34.9
mpg,0.0,3,ack-1f,w,3,3,0,ctl,ok,0,0,1.1,34.9
mpg,0.0,3,qpsk-r1/2,w,9,2,1,data,ok,7,0,0.7,34.9
mpg,0.0,3,ack-1f,w,2,2,0,ctl,ok,0,0,4.3,34.9
mpg,0.0,3,qpsk-r1/3,w,9,1,0,data,ok,8,8,0.4,34.9
mpg,0.0,3,ack-1f,w,2,2,0,ctl,ok,0,0,1.6,34.9
mpg,0.0,3,qpsk-r1/3,w,9,1,0,data,ok,8,8,1.9,34.9
mpg,0.0,3,ack-1f,w,2,2,0,ctl,ok,0,0,2.2,34.9
mpg,0.0,3,qpsk-r1/3,w,9,1,0,data,ctl_lost,8,5,-1.2,34.9
mpg,0.0,3,ack-4f,w,3,3,0,ctl,ok,0,0,-0.9,34.9
mpg,0.0,3,ack-4f,w,3,3,0,ctl,ok,0,0,2.6,34.9
mpg,0.0,3,qpsk-r1/3,w,9,2,1,data,ok,7,6,0.6,34.9
mpg,0.0,3,ack-1f,w,3,3,0,ctl,ok,0,0,1.7,34.9
mpg,0.0,3,qpsk-r1/3,w,9,2,1,data,ok,6,0,-0.9,34.9
mpg,0.0,3,ack-1f,w,3,3,0,ctl,ok,0,0,6.4,34.9
mpg,0.0,3,qpsk-r1/3,w,9,2,1,data,ok,1,1,4.6,34.9
mpg,0.0,3,ack-1f,w,2,2,0,ctl,ok,0,0,0.1,34.9
mpg,0.0,3,qpsk-r1/3,w,9,1,0,data,ok,8,8,3.5,34.9
mpg,0.0,3,ack-1f,w,2,2,0,ctl,ok,0,0,6.3,34.9
mpg,0.0,3,qpsk-r1/2,w,9,1,0,data,ok,8,8,2.7,34.9
mpg,0.0,3,ack-1f,w,2,2,0,ctl,ok,0,0,6.4,34.9
mpg,0.0,3,qpsk-r1/2,w,9,1,0,data,ctl_lost,8,0,1.2,34.9
mpg,0.0,3,ack-4f,w,3,3,0,ctl,ok,0,0,6.4,34.9
mpg,0.0,3,ack-4f,w,2,2,0,ctl,ok,0,0,3.0,34.9
mpg,0.0,3,qpsk-r1/3,w,9,1,0,data,ok,8,8,3.0,34.9
mpg,0.0,3,ack-1f,w,3,3,0,ctl,ok,0,0,1.3,34.9
mpg,0.0,3,qpsk-r1/2,w,9,2,1,data,ok,7,0,0.8,34.9
mpg,0.0,3,ack-1f,w,2,2,0,ctl,ok,0,0,1.0,34.9
mpg,0.0,3,qpsk-r1/3,w,9,1,,data,missed,0,0,,34.9
mpg,0.0,3,ack-4f,w,4,4,0,ctl,ok,0,0,10.0,34.9
mpg,0.0,3,ack-4f,w,3,3,0,ctl,ok,0,0,8.6,34.9
mpg,0.0,3,w48-qpsk-r1/3,w48,19,2,1,data,ok,17,17,2.9,34.9
mpg,0.0,3,ack-1f,w,3,3,0,ctl,ok,0,0,6.9,34.9
mpg,0.0,3,w48-qpsk-r1/3,w48,19,2,1,data,ok,17,17,2.6,34.9
mpg,0.0,3,ack-1f,w,3,3,0,ctl,ctl_lost,0,0,-2.8,34.9
mpg,0.0,3,ack-4f,w,3,3,0,ctl,ok,0,0,-0.1,34.9
mpg,0.0,3,ack-4f,w,3,3,0,ctl,ok,0,0,-1.3,34.9
mpg,0.0,3,w48-qpsk-r1/5,w48,19,2,1,data,ok,17,17,4.0,34.9
mpg,0.0,3,ack-4f,w,3,3,0,ctl,ok,0,0,7.6,34.9
mpg,0.0,3,w48-qpsk-r1/3,w48,19,2,1,data,ok,17,0,0.7,34.9
mpg,0.0,3,ack-1f,w,3,3,0,ctl,ok,0,0,-0.7,34.9
mpg,0.0,3,w48-qpsk-r1/5,w48,19,2,1,data,ok,17,17,-0.3,34.9
mpg,0.0,3,ack-1f,w,3,3,0,ctl,ok,0,0,-0.7,34.9
mpg,0.0,3,w48-qpsk-r1/5,w48,19,2,1,data,ok,17,17,3.1,34.9
mpg,0.0,3,ack-4f,w,3,3,0,ctl,ok,0,0,1.7,34.9
mpg,0.0,3,w48-qpsk-r1/5,w48,19,2,1,data,ctl_lost,17,0,-4.2,34.9
mpg,0.0,6,qpsk-r1/5,w,1,1,0,ctl,ok,0,0,2.4,45.9
mpg,0.0,6,qpsk-r1/5,w,1,1,0,ctl,ok,0,0,3.7,45.9
mpg,0.0,6,ack-4f,w,3,3,0,ctl,ok,0,0,-3.7,45.9
mpg,0.0,6,ack-1f,w,3,3,0,ctl,ok,0,0,1.7,45.9
mpg,0.0,6,qpsk-r1/3,w,9,2,1,data,ok,7,7,3.4,45.9
mpg,0.0,6,ack-1f,w,3,3,0,ctl,ok,0,0,3.0,45.9
mpg,0.0,6,qpsk-r1/3,w,9,2,1,data,ok,7,7,2.7,45.9
mpg,0.0,6,ack-1f,w,3,3,0,ctl,ok,0,0,3.9,45.9
mpg,0.0,6,qpsk-r1/2,w,9,2,1,data,ok,7,7,4.7,45.9
mpg,0.0,6,ack-1f,w,3,3,0,ctl,ctl_lost,0,0,-107.4,45.9
mpg,0.0,6,ack-4f,w,3,3,0,ctl,ok,0,0,-1.2,45.9
mpg,0.0,6,ack-4f,w,2,2,0,ctl,ok,0,0,1.1,45.9
mpg,0.0,6,qpsk-r1/3,w,9,1,0,data,ok,8,8,0.7,45.9
mpg,0.0,6,n10-ack-4f,n10,3,3,0,ctl,ok,0,0,6.0,45.9
mpg,0.0,6,qpsk-r1/3,w,9,2,1,data,ok,7,7,0.8,45.9
mpg,0.0,6,ack-1f,w,3,3,0,ctl,ok,0,0,3.5,45.9
mpg,0.0,6,qpsk-r1/3,w,9,2,1,data,ok,7,7,3.0,45.9
mpg,0.0,6,ack-1f,w,2,2,0,ctl,ok,0,0,-0.2,45.9
mpg,0.0,6,qpsk-r1/3,w,9,1,0,data,ok,8,8,3.7,45.9
mpg,0.0,6,ack-4f,w,3,3,0,ctl,ok,0,0,5.4,45.9
mpg,0.0,6,qpsk-r1/2,w,9,2,1,data,ok,7,7,2.8,45.9
mpg,0.0,6,ack-4f,w,3,3,0,ctl,ok,0,0,-0.2,45.9
mpg,0.0,6,qpsk-r1/2,w,9,2,,data,missed,0,0,,45.9
mpg,0.0,6,ack-4f,w,3,3,0,ctl,ok,0,0,3.8,45.9
mpg,0.0,6,ack-4f,w,3,3,0,ctl,ok,0,0,6.6,45.9
mpg,0.0,6,qpsk-r1/2,w,9,2,1,data,ok,7,2,2.3,45.9
mpg,0.0,6,ack-4f,w,3,3,0,ctl,ok,0,0,4.4,45.9
mpg,0.0,6,qpsk-r1/2,w,9,2,1,data,ok,2,2,5.3,45.9
mpg,0.0,6,n4-ack-2f,n4,3,3,0,ctl,ok,0,0,3.2,45.9
mpg,0.0,6,qpsk-r1/2,w,9,2,1,data,ok,7,7,9.3,45.9
mpg,0.0,6,ack-1f,w,3,3,0,ctl,ok,0,0,3.9,45.9
mpg,0.0,6,16qam-r1/3,w,19,2,1,data,ok,17,11,3.9,45.9
mpg,0.0,6,ack-1f,w,4,4,0,ctl,ok,0,0,2.3,45.9
mpg,0.0,6,16qam-r1/3,w,19,2,1,data,ok,11,5,4.4,45.9
mpg,0.0,6,ack-1f,w,3,3,0,ctl,ok,0,0,2.8,45.9
mpg,0.0,6,qpsk-r1/2,w,9,1,0,data,ok,8,8,4.5,45.9
mpg,0.0,6,ack-1f,w,2,2,0,ctl,ok,0,0,9.4,45.9
mpg,0.0,6,qpsk-r1/2,w,9,1,0,data,ok,8,8,4.1,45.9
mpg,0.0,6,ack-1f,w,2,2,0,ctl,ok,0,0,1.9,45.9
mpg,0.0,6,qpsk-r1/2,w,9,1,0,data,ok,8,8,3.9,45.9
mpg,0.0,6,ack-1f,w,2,2,0,ctl,ok,0,0,0.8,45.9
mpg,0.0,6,qpsk-r1/2,w,9,1,0,data,ok,8,8,3.9,45.9
mpg,0.0,6,ack-4f,w,2,2,0,ctl,ok,0,0,3.7,45.9
mpg,0.0,6,qpsk-r1/2,w,9,1,0,data,ctl_lost,8,6,2.1,45.9
mpg,0.0,6,ack-4f,w,3,3,0,ctl,ok,0,0,1.7,45.9
mpg,0.0,6,ack-4f,w,3,3,0,ctl,ok,0,0,6.0,45.9
mpg,0.0,6,qpsk-r1/2,w,9,2,1,data,ok,7,7,4.5,45.9
mpg,0.0,6,ack-1f,w,3,3,0,ctl,ok,0,0,5.7,45.9
mpg,0.0,6,qpsk-r1/2,w,9,2,1,data,ok,7,7,3.1,45.9
mpg,0.0,6,ack-1f,w,2,2,0,ctl,ok,0,0,3.6,45.9
mpg,0.0,6,qpsk-r1/2,w,9,1,0,data,ok,8,8,5.6,45.9
mpg,0.0,6,ack-1f,w,3,3,0,ctl,ok,0,0,5.7,45.9
mpg,0.0,6,qpsk-r1/2,w,9,2,1,data,ok,7,6,1.8,45.9
mpg,0.0,6,ack-1f,w,3,3,0,ctl,ok,0,0,4.9,45.9
mpg,0.0,6,qpsk-r1/2,w,9,1,0,data,ok,7,7,2.6,45.9
mpg,0.0,6,ack-1f,w,3,3,0,ctl,ok,0,0,2.0,45.9
mpg,0.0,6,qpsk-r1/2,w,9,2,1,data,ok,7,7,2.2,45.9
mpg,0.0,6,ack-1f,w,3,3,0,ctl,ok,0,0,5.6,45.9
mpg,0.0,6,qpsk-r1/2,w,9,2,1,data,ok,7,7,4.4,45.9
mpg,0.0,6,ack-1f,w,2,2,0,ctl,ok,0,0,2.7,45.9
mpg,0.0,6,qpsk-r1/2,w,9,1,0,data,ctl_lost,8,3,1.3,45.9
mpg,0.0,6,ack-4f,w,3,3,0,ctl,ok,0,0,2.1,45.9
mpg,0.0,6,ack-4f,w,3,3,0,ctl,ok,0,0,5.6,45.9
mpg,0.0,6,qpsk-r1/2,w,9,2,1,data,ok,7,7,6.2,45.9
mpg,0.0,6,ack-1f,w,2,2,0,ctl,ok,0,0,2.6,45.9
mpg,0.0,6,qpsk-r1/2,w,9,1,0,data,ctl_lost,8,0,-0.9,45.9
mpg,0.0,6,ack-4f,w,3,3,0,ctl,ok,0,0,5.6,45.9
mpg,0.0,6,ack-4f,w,2,2,0,ctl,ok,0,0,7.5,45.9
mpg,0.0,6,qpsk-r1/3,w,9,1,0,data,ok,8,8,0.4,45.9
mpg,0.0,6,ack-1f,w,3,3,0,ctl,ok,0,0,5.5,45.9
mpg,0.0,6,qpsk-r1/3,w,9,2,1,data,ok,7,7,2.3,45.9
mpg,0.0,6,ack-1f,w,2,2,0,ctl,ctl_lost,0,0,-1.6,45.9
mpg,0.0,6,ack-4f,w,3,3,,ctl,missed,0,0,,45.9
mpg,0.0,6,ack-4f,w,3,3,0,ctl,ok,0,0,2.2,45.9
mpg,0.0,6,ack-4f,w,2,2,0,ctl,ok,0,0,4.0,45.9
mpg,0.0,6,qpsk-r1/3,w,9,1,0,data,ok,8,8,5.2,45.9
mpg,0.0,6,ack-4f,w,3,3,0,ctl,ok,0,0,4.7,45.9
mpg,0.0,6,qpsk-r1/2,w,9,2,1,data,ok,7,7,3.9,45.9
mpg,0.0,6,n4-ack-2f,n4,3,3,0,ctl,ok,0,0,10.2,45.9
mpg,0.0,6,qpsk-r1/2,w,9,2,1,data,ok,7,7,5.0,45.9
mpg,0.0,6,ack-1f,w,3,3,0,ctl,ok,0,0,4.3,45.9
mpg,0.0,6,qpsk-r1/2,w,9,2,1,data,ok,7,7,6.9,45.9
mpg,0.0,6,ack-1f,w,3,3,0,ctl,ok,0,0,8.8,45.9
mpg,0.0,6,w48-qpsk-r1/3,w48,19,2,1,data,ok,17,17,2.3,45.9
mpg,0.0,6,ack-1f,w,2,2,0,ctl,ok,0,0,5.3,45.9
mpg,0.0,6,qpsk-r1/2,w,9,1,0,data,ok,8,8,3.7,45.9
mpg,0.0,6,ack-1f,w,3,3,0,ctl,ok,0,0,3.5,45.9
mpg,0.0,6,qpsk-r1/2,w,9,2,1,data,ok,7,0,0.4,45.9
mpg,0.0,6,ack-1f,w,2,2,0,ctl,ok,0,0,2.8,45.9
mpg,0.0,6,qpsk-r1/3,w,9,1,0,data,ok,8,8,3.4,45.9
mpg,0.0,6,ack-4f,w,2,2,0,ctl,ok,0,0,-0.4,45.9
mpg,0.0,6,qpsk-r1/3,w,9,1,0,data,ok,8,8,4.0,45.9
mpg,0.0,6,ack-4f,w,3,3,0,ctl,ok,0,0,1.2,45.9
mpg,0.0,6,qpsk-r1/2,w,9,2,1,data,ok,7,7,6.2,45.9
mpg,0.0,6,ack-4f,w,2,2,0,ctl,ok,0,0,7.0,45.9
mpg,0.0,6,qpsk-r1/2,w,9,1,0,data,ok,8,8,4.4,45.9
mpg,0.0,6,ack-4f,w,2,2,0,ctl,ok,0,0,7.0,45.9
mpg,0.0,6,qpsk-r1/2,w,9,1,0,data,ok,8,8,1.7,45.9
mpg,0.0,1,qpsk-r1/5,w,1,1,0,ctl,ok,0,0,4.1,37.0
mpg,0.0,1,qpsk-r1/5,w,1,1,0,ctl,ok,0,0,-1.4,37.0
mpg,0.0,1,ack-4f,w,3,3,0,ctl,ok,0,0,-0.9,37.0
mpg,0.0,1,ack-4f,w,3,3,0,ctl,ok,0,0,4.1,37.0
mpg,0.0,1,qpsk-r1/3,w,9,2,1,data,ok,7,7,5.2,37.0
mpg,0.0,1,ack-1f,w,3,3,0,ctl,ok,0,0,3.2,37.0
mpg,0.0,1,qpsk-r1/3,w,9,2,1,data,ok,7,7,7.1,37.0
mpg,0.0,1,ack-1f,w,3,3,0,ctl,ok,0,0,5.9,37.0
mpg,0.0,1,w48-qpsk-r1/2,w48,19,2,1,data,ok,17,0,1.9,37.0
mpg,0.0,1,ack-1f,w,3,3,0,ctl,ok,0,0,2.6,37.0
mpg,0.0,1,w48-qpsk-r1/5,w48,19,2,1,data,ok,17,17,0.9,37.0
mpg,0.0,1,ack-1f,w,3,3,0,ctl,ok,0,0,0.0,37.0
mpg,0.0,1,w48-qpsk-r1/5,w48,19,2,1,data,ok,17,17,1.5,37.0
mpg,0.0,1,ack-4f,w,3,3,0,ctl,ok,0,0,-0.4,37.0
mpg,0.0,1,w48-qpsk-r1/5,w48,19,2,,data,missed,0,0,,37.0
mpg,0.0,1,ack-4f,w,3,3,0,ctl,ok,0,0,2.1,37.0
mpg,0.0,1,ack-4f,w,3,3,0,ctl,ok,0,0,3.8,37.0
mpg,0.0,1,w48-qpsk-r1/5,w48,19,2,1,data,ok,17,17,2.4,37.0
mpg,0.0,1,ack-1f,w,3,3,0,ctl,ok,0,0,6.8,37.0
mpg,0.0,1,w48-qpsk-r1/5,w48,19,2,1,data,ok,17,17,0.7,37.0
mpg,0.0,1,ack-1f,w,3,3,0,ctl,ok,0,0,3.0,37.0
mpg,0.0,1,w48-qpsk-r1/5,w48,19,2,1,data,ok,17,17,1.5,37.0
mpg,0.0,1,ack-1f,w,3,3,0,ctl,ctl_lost,0,0,-0.5,37.0
mpg,0.0,1,ack-4f,w,3,3,0,ctl,ok,0,0,-1.1,37.0
mpg,0.0,1,ack-4f,w,3,3,0,ctl,ok,0,0,-2.8,37.0
mpg,0.0,1,w48-qpsk-r1/5,w48,19,2,,data,missed,0,0,,37.0
mpg,0.0,1,ack-4f,w,3,3,0,ctl,ok,0,0,4.5,37.0
mpg,0.0,1,ack-4f,w,3,3,0,ctl,ok,0,0,4.3,37.0
mpg,0.0,1,w48-qpsk-r1/5,w48,19,2,1,data,ok,17,5,-0.4,37.0
mpg,0.0,1,ack-4f,w,4,4,0,ctl,ok,0,0,4.7,37.0
mpg,0.0,1,w48-qpsk-r1/5,w48,19,2,1,data,ok,5,5,-0.1,37.0
mpg,0.0,1,n4-ack-2f,n4,3,3,0,ctl,ok,0,0,7.9,37.0
mpg,0.0,1,w48-qpsk-r1/5,w48,19,2,1,data,ok,17,17,1.2,37.0
mpg,0.0,1,ack-1f,w,3,3,0,ctl,ok,0,0,2.4,37.0
mpg,0.0,1,w48-256l-r5/8,w48,39,2,1,data,ctl_lost,37,0,-4.1,37.0
mpg,0.0,1,ack-4f,w,3,3,0,ctl,ok,0,0,4.9,37.0
mpg,0.0,1,ack-4f,w,3,3,0,ctl,ok,0,0,6.7,37.0
mpg,0.0,1,w48-qpsk-r1/5,w48,19,2,1,data,ok,17,17,4.3,37.0
mpg,0.0,1,ack-1f,w,3,3,0,ctl,ok,0,0,3.0,37.0
mpg,0.0,1,w48-qpsk-r1/2,w48,19,2,1,data,ok,17,0,2.5,37.0
mpg,0.0,1,ack-4f,w,2,2,0,ctl,ok,0,0,1.4,37.0
mpg,0.0,1,w48-qpsk-r1/5,w48,19,1,0,data,ok,18,18,0.7,37.0
mpg,0.0,1,ack-4f,w,2,2,0,ctl,ok,0,0,1.5,37.0
mpg,0.0,1,w48-qpsk-r1/5,w48,19,1,0,data,ctl_lost,18,15,0.6,37.0
mpg,0.0,1,ack-4f,w,3,3,0,ctl,ok,0,0,4.8,37.0
mpg,0.0,1,ack-4f,w,3,3,0,ctl,ok,0,0,6.4,37.0
mpg,0.0,1,w48-qpsk-r1/5,w48,19,2,1,data,ok,17,17,2.5,37.0
mpg,0.0,1,ack-4f,w,3,3,0,ctl,ok,0,0,2.5,37.0
mpg,0.0,1,w48-qpsk-r1/5,w48,19,2,1,data,ok,17,17,2.7,37.0
mpg,0.0,1,ack-4f,w,2,2,0,ctl,ok,0,0,7.7,37.0
mpg,0.0,1,w48-qpsk-r1/5,w48,19,1,0,data,ok,18,18,2.7,37.0
mpg,0.0,1,ack-1f,w,2,2,0,ctl,ok,0,0,3.8,37.0
mpg,0.0,1,w48-qpsk-r1/5,w48,19,1,0,data,ok,18,18,0.4,37.0
mpg,0.0,1,ack-1f,w,2,2,0,ctl,ok,0,0,6.4,37.0
mpg,0.0,1,w48-qpsk-r1/5,w48,19,1,0,data,ok,18,18,2.6,37.0
mpg,0.0,1,ack-1f,w,3,3,0,ctl,ok,0,0,1.7,37.0
mpg,0.0,1,w48-qpsk-r1/5,w48,19,2,1,data,ok,17,17,1.8,37.0
mpg,0.0,1,ack-1f,w,2,2,0,ctl,ok,0,0,0.6,37.0
mpg,0.0,1,w48-qpsk-r1/5,w48,19,1,0,data,ok,18,17,1.3,37.0
mpg,0.0,1,ack-4f,w,3,3,0,ctl,ok,0,0,-2.5,37.0
mpg,0.0,1,w48-qpsk-r1/5,w48,19,1,,data,missed,0,0,,37.0
mpg,0.0,1,ack-4f,w,3,3,0,ctl,ok,0,0,5.1,37.0
mpg,0.0,1,ack-4f,w,3,3,0,ctl,ok,0,0,8.0,37.0
mpg,0.0,1,w48-qpsk-r1/5,w48,19,1,0,data,ok,17,17,4.3,37.0
mpg,0.0,1,ack-4f,w,3,3,0,ctl,ok,0,0,4.0,37.0
mpg,0.0,1,w48-qpsk-r1/2,w48,19,2,1,data,ok,17,0,5.3,37.0
mpg,0.0,1,ack-1f,w,3,3,0,ctl,ok,0,0,8.7,37.0
mpg,0.0,1,w48-qpsk-r1/2,w48,19,2,1,data,ok,0,0,1.8,37.0
mpg,0.0,1,ack-1f,w,2,2,0,ctl,ok,0,0,0.6,37.0
mpg,0.0,1,w48-qpsk-r1/5,w48,19,1,0,data,ok,18,18,2.9,37.0
mpg,0.0,1,ack-1f,w,2,2,0,ctl,ok,0,0,5.1,37.0
mpg,0.0,1,w48-qpsk-r1/5,w48,19,1,0,data,ok,18,18,2.8,37.0
mpg,0.0,1,ack-1f,w,2,2,0,ctl,ok,0,0,-0.3,37.0
mpg,0.0,1,w48-qpsk-r1/5,w48,19,1,0,data,ok,18,18,0.7,37.0
mpg,0.0,1,ack-1f,w,2,2,0,ctl,ok,0,0,0.5,37.0
mpg,0.0,1,w48-qpsk-r1/5,w48,19,1,,data,missed,0,0,,37.0
mpg,0.0,1,ack-4f,w,3,3,0,ctl,ok,0,0,-0.8,37.0
mpg,0.0,1,ack-4f,w,3,3,0,ctl,ok,0,0,1.0,37.0
mpg,0.0,1,w48-qpsk-r1/5,w48,19,2,1,data,ok,17,17,2.8,37.0
mpg,0.0,1,ack-4f,w,2,2,0,ctl,ok,0,0,0.0,37.0
mpg,0.0,1,w48-qpsk-r1/5,w48,19,1,0,data,ok,18,18,3.0,37.0
mpg,0.0,1,ack-4f,w,2,2,0,ctl,ok,0,0,-3.0,37.0
mpg,0.0,1,w48-qpsk-r1/5,w48,19,1,,data,missed,0,0,,37.0
mpg,0.0,1,ack-4f,w,3,3,0,ctl,ok,0,0,2.3,37.0
mpg,0.0,1,ack-4f,w,2,2,0,ctl,ok,0,0,2.7,37.0
mpg,0.0,1,w48-qpsk-r1/5,w48,19,1,0,data,ok,18,18,1.6,37.0
mpg,0.0,1,ack-4f,w,2,2,0,ctl,ok,0,0,6.5,37.0
mpg,0.0,1,w48-qpsk-r1/5,w48,19,1,0,data,ctl_lost,18,15,-0.5,37.0
mpg,0.0,1,ack-4f,w,3,3,0,ctl,ok,0,0,-0.6,37.0
mpg,0.0,1,ack-4f,w,3,3,0,ctl,ok,0,0,1.7,37.0
mpg,0.0,1,w48-qpsk-r1/5,w48,19,2,1,data,ok,17,16,-0.0,37.0
mpg,0.0,1,ack-4f,w,3,3,0,ctl,ok,0,0,-3.4,37.0
mpg,0.0,1,w48-qpsk-r1/5,w48,19,2,1,data,ok,16,16,1.0,37.0
mpg,0.0,0,qpsk-r1/5,w,1,1,0,ctl,ok,0,0,2.3,44.2
mpg,0.0,0,qpsk-r1/5,w,1,1,0,ctl,ok,0,0,5.2,44.2
mpg,0.0,0,ack-4f,w,3,3,0,ctl,ok,0,0,5.9,44.2
mpg,0.0,0,ack-1f,w,3,3,0,ctl,ok,0,0,2.6,44.2
mpg,0.0,0,qpsk-r1/2,w,9,2,1,data,ctl_lost,7,0,-3.7,44.2
mpg,0.0,0,ack-4f,w,3,3,0,ctl,ok,0,0,-1.0,44.2
mpg,0.0,0,ack-4f,w,3,3,0,ctl,ok,0,0,0.3,44.2
mpg,0.0,0,qpsk-r1/3,w,9,2,1,data,ok,7,7,7.7,44.2
mpg,0.0,0,ack-1f,w,3,3,0,ctl,ok,0,0,6.6,44.2
mpg,0.0,0,w48-qpsk-r1/5,w48,19,2,1,data,ok,17,0,-1.1,44.2
mpg,0.0,0,ack-1f,w,3,3,0,ctl,ok,0,0,0.9,44.2
mpg,0.0,0,w48-qpsk-r1/5,w48,19,2,1,data,ok,0,0,0.6,44.2
mpg,0.0,0,ack-1f,w,3,3,0,ctl,ok,0,0,6.8,44.2
mpg,0.0,0,w48-qpsk-r1/5,w48,19,2,1,data,ok,17,17,1.7,44.2
mpg,0.0,0,ack-1f,w,3,3,0,ctl,ok,0,0,0.1,44.2
mpg,0.0,0,w48-qpsk-r1/5,w48,19,2,1,data,ok,17,17,4.5,44.2
mpg,0.0,0,ack-1f,w,2,2,0,ctl,ctl_lost,0,0,-8.0,44.2
mpg,0.0,0,ack-4f,w,3,3,0,ctl,ok,0,0,5.0,44.2
mpg,0.0,0,ack-4f,w,3,3,0,ctl,ok,0,0,6.2,44.2
mpg,0.0,0,w48-qpsk-r1/3,w48,19,2,1,data,ctl_lost,17,0,-2.2,44.2
mpg,0.0,0,ack-4f,w,3,3,0,ctl,ok,0,0,3.5,44.2
mpg,0.0,0,ack-4f,w,3,3,0,ctl,ok,0,0,8.4,44.2
mpg,0.0,0,w48-qpsk-r1/5,w48,19,2,1,data,ok,17,17,4.3,44.2
mpg,0.0,0,ack-1f,w,2,2,0,ctl,ok,0,0,2.0,44.2
mpg,0.0,0,w48-qpsk-r1/5,w48,19,1,0,data,ok,18,18,2.0,44.2
mpg,0.0,0,ack-1f,w,2,2,0,ctl,ok,0,0,3.3,44.2
mpg,0.0,0,w48-qpsk-r1/5,w48,19,1,0,data,ok,18,18,2.9,44.2
mpg,0.0,0,ack-1f,w,2,2,0,ctl,ctl_lost,0,0,-6.1,44.2
mpg,0.0,0,ack-4f,w,3,3,0,ctl,ok,0,0,2.2,44.2
mpg,0.0,0,ack-4f,w,2,2,0,ctl,ok,0,0,5.6,44.2
mpg,0.0,0,w48-qpsk-r1/5,w48,19,1,0,data,ok,18,18,2.7,44.2
mpg,0.0,0,ack-4f,w,2,2,0,ctl,ok,0,0,1.2,44.2
mpg,0.0,0,w48-qpsk-r1/5,w48,19,1,0,data,ok,18,18,0.5,44.2
mpg,0.0,0,ack-4f,w,2,2,0,ctl,ok,0,0,8.2,44.2
mpg,0.0,0,w48-qpsk-r1/5,w48,19,1,0,data,ok,18,18,4.2,44.2
mpg,0.0,0,ack-4f,w,2,2,0,ctl,ok,0,0,6.2,44.2
mpg,0.0,0,w48-qpsk-r1/5,w48,19,1,0,data,ok,18,18,2.1,44.2
mpg,0.0,0,n4-ack-2f,n4,2,2,0,ctl,ok,0,0,-1.9,44.2
mpg,0.0,0,w48-qpsk-r1/5,w48,19,1,0,data,ok,18,18,3.0,44.2
mpg,0.0,0,ack-4f,w,2,2,0,ctl,ok,0,0,7.0,44.2
mpg,0.0,0,w48-qpsk-r1/5,w48,19,1,0,data,ok,18,18,4.5,44.2
mpg,0.0,0,ack-4f,w,2,2,0,ctl,ok,0,0,-0.1,44.2
mpg,0.0,0,w48-qpsk-r1/5,w48,19,1,0,data,ok,18,18,2.4,44.2
mpg,0.0,0,ack-4f,w,2,2,0,ctl,ok,0,0,6.8,44.2
mpg,0.0,0,w48-qpsk-r1/5,w48,19,1,0,data,ok,18,18,3.6,44.2
mpg,0.0,0,ack-4f,w,2,2,0,ctl,ok,0,0,6.0,44.2
mpg,0.0,0,w48-qpsk-r1/5,w48,19,1,0,data,ok,18,18,0.9,44.2
mpg,0.0,0,n4-ack-2f,n4,2,2,0,ctl,ok,0,0,0.2,44.2
mpg,0.0,0,w48-qpsk-r1/5,w48,19,1,0,data,ok,18,13,0.1,44.2
mpg,0.0,0,ack-4f,w,3,3,0,ctl,ok,0,0,-1.8,44.2
mpg,0.0,0,w48-qpsk-r1/5,w48,19,1,0,data,ok,13,13,2.7,44.2
mpg,0.0,0,ack-4f,w,2,2,0,ctl,ok,0,0,3.5,44.2
mpg,0.0,0,w48-qpsk-r1/5,w48,19,1,0,data,ok,18,18,6.3,44.2
mpg,0.0,0,ack-4f,w,3,3,0,ctl,ok,0,0,7.1,44.2
mpg,0.0,0,w48-qpsk-r1/2,w48,19,2,1,data,ctl_lost,17,0,1.0,44.2
mpg,0.0,0,ack-4f,w,3,3,0,ctl,ok,0,0,6.3,44.2
mpg,0.0,0,ack-4f,w,2,2,0,ctl,ok,0,0,-0.7,44.2
mpg,0.0,0,w48-qpsk-r1/5,w48,19,1,0,data,ok,18,18,2.7,44.2
mpg,0.0,0,ack-4f,w,2,2,0,ctl,ok,0,0,7.5,44.2
mpg,0.0,0,w48-qpsk-r1/5,w48,19,1,0,data,ok,18,18,4.0,44.2
mpg,0.0,0,ack-4f,w,2,2,0,ctl,ok,0,0,6.1,44.2
mpg,0.0,0,w48-qpsk-r1/5,w48,19,1,0,data,ok,18,18,2.9,44.2
mpg,0.0,0,n4-ack-2f,n4,2,2,0,ctl,ok,0,0,2.0,44.2
mpg,0.0,0,w48-qpsk-r1/5,w48,19,1,0,data,ok,18,18,2.2,44.2
mpg,0.0,0,n4-ack-2f,n4,2,2,0,ctl,ok,0,0,1.2,44.2
mpg,0.0,0,w48-qpsk-r1/5,w48,19,1,0,data,ok,18,13,0.2,44.2
mpg,0.0,0,n4-ack-2f,n4,3,3,0,ctl,ok,0,0,7.8,44.2
mpg,0.0,0,w48-qpsk-r1/5,w48,19,1,0,data,ctl_lost,13,0,-1.4,44.2
mpg,0.0,0,ack-4f,w,3,3,,ctl,missed,0,0,,44.2
mpg,0.0,0,ack-4f,w,3,3,0,ctl,ok,0,0,-2.3,44.2
mpg,0.0,0,ack-4f,w,4,4,0,ctl,ok,0,0,2.2,44.2
mpg,0.0,0,w48-qpsk-r1/5,w48,19,2,1,data,ok,12,12,3.7,44.2
mpg,0.0,0,n4-ack-2f,n4,2,2,0,ctl,ok,0,0,4.0,44.2
mpg,0.0,0,w48-qpsk-r1/5,w48,19,1,0,data,ok,18,18,2.5,44.2
mpg,0.0,0,n4-ack-2f,n4,2,2,0,ctl,ok,0,0,7.4,44.2
mpg,0.0,0,w48-qpsk-r1/5,w48,19,1,0,data,ok,18,18,5.3,44.2
mpg,0.0,0,ack-1f,w,3,3,0,ctl,ok,0,0,4.9,44.2
mpg,0.0,0,w48-qpsk-r1/3,w48,19,2,1,data,ok,17,17,3.0,44.2
mpg,0.0,0,ack-1f,w,2,2,0,ctl,ctl_lost,0,0,2.2,44.2
mpg,0.0,0,ack-4f,w,3,3,0,ctl,ok,0,0,-3.0,44.2
mpg,0.0,0,ack-4f,w,2,2,0,ctl,ok,0,0,4.9,44.2
mpg,0.0,0,w48-qpsk-r1/5,w48,19,1,0,data,ok,18,18,2.9,44.2
mpg,0.0,0,ack-4f,w,2,2,0,ctl,ok,0,0,5.6,44.2
mpg,0.0,0,w48-qpsk-r1/5,w48,19,1,0,data,ok,18,18,3.4,44.2
mpg,0.0,0,ack-4f,w,2,2,0,ctl,ok,0,0,1.9,44.2
mpg,0.0,0,w48-qpsk-r1/5,w48,19,1,0,data,ok,18,18,3.5,44.2
mpg,0.0,0,ack-4f,w,2,2,0,ctl,ok,0,0,4.1,44.2
mpg,0.0,0,w48-qpsk-r1/5,w48,19,1,0,data,ok,18,17,-0.5,44.2
mpg,0.0,0,ack-4f,w,3,3,0,ctl,ok,0,0,6.3,44.2
mpg,0.0,0,w48-qpsk-r1/5,w48,19,1,0,data,ok,17,17,1.7,44.2
mpg,0.0,0,n4-ack-2f,n4,3,3,0,ctl,ok,0,0,7.5,44.2
mpg,0.0,0,w48-256l-r5/8,w48,39,2,1,data,ctl_lost,37,0,-5.7,44.2
mpg,0.0,0,ack-4f,w,3,3,0,ctl,ok,0,0,3.3,44.2
mpg,0.0,0,ack-4f,w,3,3,0,ctl,ok,0,0,3.3,44.2
mpg,0.0,0,w48-qpsk-r1/5,w48,19,2,1,data,ok,17,17,5.0,44.2
mpp,0.0,1,qpsk-r1/5,w,1,1,0,ctl,ok,0,0,1.0,42.1
mpp,0.0,1,qpsk-r1/5,w,1,1,0,ctl,ok,0,0,5.5,42.1
mpp,0.0,1,ack-4f,w,3,3,0,ctl,ok,0,0,1.7,42.1
mpp,0.0,1,ack-1f,w,3,3,0,ctl,ok,0,0,5.3,42.1
mpp,0.0,1,qpsk-r1/3,w,9,2,1,data,ok,7,7,2.7,42.1
mpp,0.0,1,ack-1f,w,3,3,0,ctl,ok,0,0,3.1,42.1
mpp,0.0,1,qpsk-r1/3,w,9,2,1,data,ok,7,7,3.5,42.1
mpp,0.0,1,ack-1f,w,2,2,0,ctl,ok,0,0,5.2,42.1
mpp,0.0,1,qpsk-r1/3,w,9,1,0,data,ok,8,8,2.8,42.1
mpp,0.0,1,ack-1f,w,2,2,0,ctl,ok,0,0,1.9,42.1
mpp,0.0,1,qpsk-r1/3,w,9,1,0,data,ok,8,8,2.1,42.1
mpp,0.0,1,ack-1f,w,2,2,0,ctl,ok,0,0,5.3,42.1
mpp,0.0,1,qpsk-r1/3,w,9,1,0,data,ok,8,8,3.1,42.1
mpp,0.0,1,ack-1f,w,2,2,0,ctl,ok,0,0,-2.0,42.1
mpp,0.0,1,qpsk-r1/3,w,9,1,0,data,ok,8,8,3.6,42.1
mpp,0.0,1,ack-1f,w,2,2,0,ctl,ok,0,0,-0.4,42.1
mpp,0.0,1,qpsk-r1/3,w,9,1,0,data,ok,8,8,3.3,42.1
mpp,0.0,1,ack-4f,w,2,2,0,ctl,ok,0,0,3.9,42.1
mpp,0.0,1,qpsk-r1/3,w,9,1,0,data,ok,8,8,2.6,42.1
mpp,0.0,1,ack-1f,w,2,2,0,ctl,ok,0,0,2.0,42.1
mpp,0.0,1,qpsk-r1/3,w,9,1,0,data,ok,8,8,0.3,42.1
mpp,0.0,1,ack-1f,w,3,3,0,ctl,ok,0,0,3.4,42.1
mpp,0.0,1,qpsk-r1/3,w,9,2,1,data,ok,7,7,4.2,42.1
mpp,0.0,1,ack-1f,w,2,2,0,ctl,ctl_lost,0,0,-0.9,42.1
mpp,0.0,1,ack-4f,w,3,3,0,ctl,ok,0,0,3.8,42.1
mpp,0.0,1,ack-4f,w,2,2,0,ctl,ok,0,0,0.3,42.1
mpp,0.0,1,qpsk-r1/3,w,9,1,0,data,ok,8,8,2.4,42.1
mpp,0.0,1,ack-4f,w,2,2,0,ctl,ok,0,0,2.1,42.1
mpp,0.0,1,qpsk-r1/3,w,9,1,0,data,ok,8,8,3.4,42.1
mpp,0.0,1,ack-1f,w,2,2,0,ctl,ok,0,0,6.4,42.1
mpp,0.0,1,qpsk-r1/3,w,9,1,0,data,ok,8,8,2.8,42.1
mpp,0.0,1,ack-1f,w,2,2,0,ctl,ok,0,0,6.7,42.1
mpp,0.0,1,qpsk-r1/3,w,9,1,0,data,ok,8,8,2.1,42.1
mpp,0.0,1,ack-1f,w,2,2,0,ctl,ok,0,0,1.4,42.1
mpp,0.0,1,qpsk-r1/3,w,9,1,0,data,ok,8,8,4.3,42.1
mpp,0.0,1,ack-1f,w,2,2,0,ctl,ok,0,0,2.4,42.1
mpp,0.0,1,qpsk-r1/3,w,9,1,0,data,ok,8,8,3.4,42.1
mpp,0.0,1,ack-1f,w,3,3,0,ctl,ok,0,0,0.4,42.1
mpp,0.0,1,qpsk-r1/2,w,9,2,1,data,ok,7,7,3.6,42.1
mpp,0.0,1,ack-1f,w,3,3,0,ctl,ok,0,0,6.1,42.1
mpp,0.0,1,qpsk-r1/2,w,9,2,1,data,ok,7,7,3.5,42.1
mpp,0.0,1,ack-1f,w,3,3,0,ctl,ok,0,0,4.4,42.1
mpp,0.0,1,qpsk-r1/2,w,9,2,1,data,ok,7,4,3.1,42.1
mpp,0.0,1,ack-1f,w,3,3,0,ctl,ok,0,0,2.2,42.1
mpp,0.0,1,qpsk-r1/2,w,9,2,1,data,ok,4,0,0.6,42.1
mpp,0.0,1,ack-1f,w,2,2,0,ctl,ok,0,0,-4.1,42.1
mpp,0.0,1,qpsk-r1/3,w,9,1,0,data,ok,8,8,3.4,42.1
mpp,0.0,1,ack-4f,w,2,2,0,ctl,ok,0,0,4.5,42.1
mpp,0.0,1,qpsk-r1/3,w,9,1,0,data,ctl_lost,8,3,0.6,42.1
mpp,0.0,1,ack-4f,w,3,3,0,ctl,ok,0,0,4.5,42.1
mpp,0.0,1,ack-4f,w,3,3,0,ctl,ok,0,0,5.9,42.1
mpp,0.0,1,qpsk-r1/3,w,9,2,1,data,ok,7,7,4.1,42.1
mpp,0.0,1,ack-1f,w,3,3,0,ctl,ok,0,0,4.0,42.1
mpp,0.0,1,qpsk-r1/2,w,9,2,1,data,ok,7,7,3.0,42.1
mpp,0.0,1,ack-1f,w,3,3,0,ctl,ok,0,0,-0.5,42.1
mpp,0.0,1,qpsk-r1/2,w,9,2,1,data,ok,7,7,4.5,42.1
mpp,0.0,1,ack-1f,w,2,2,0,ctl,ctl_lost,0,0,0.6,42.1
mpp,0.0,1,ack-4f,w,3,3,0,ctl,ok,0,0,0.6,42.1
mpp,0.0,1,ack-4f,w,3,3,0,ctl,ok,0,0,4.6,42.1
mpp,0.0,1,qpsk-r1/2,w,9,2,1,data,ok,7,7,3.5,42.1
mpp,0.0,1,ack-1f,w,3,3,0,ctl,ok,0,0,5.9,42.1
mpp,0.0,1,qpsk-r1/2,w,9,2,1,data,ok,7,0,1.7,42.1
mpp,0.0,1,ack-1f,w,2,2,0,ctl,ok,0,0,1.3,42.1
mpp,0.0,1,qpsk-r1/3,w,9,1,0,data,ok,8,8,0.8,42.1
mpp,0.0,1,ack-1f,w,3,3,0,ctl,ok,0,0,6.3,42.1
mpp,0.0,1,qpsk-r1/3,w,9,2,1,data,ok,7,7,3.2,42.1
mpp,0.0,1,ack-1f,w,2,2,0,ctl,ok,0,0,4.3,42.1
mpp,0.0,1,qpsk-r1/3,w,9,1,0,data,ok,8,8,1.7,42.1
mpp,0.0,1,ack-1f,w,2,2,0,ctl,ok,0,0,7.0,42.1
mpp,0.0,1,qpsk-r1/3,w,9,1,0,data,ok,8,8,2.3,42.1
mpp,0.0,1,ack-1f,w,2,2,0,ctl,ctl_lost,0,0,-4.3,42.1
mpp,0.0,1,ack-4f,w,3,3,0,ctl,ok,0,0,1.0,42.1
mpp,0.0,1,ack-4f,w,3,3,0,ctl,ok,0,0,1.6,42.1
mpp,0.0,1,qpsk-r1/3,w,9,2,1,data,ok,7,7,3.0,42.1
mpp,0.0,1,ack-1f,w,2,2,0,ctl,ok,0,0,5.9,42.1
mpp,0.0,1,qpsk-r1/3,w,9,1,0,data,ok,8,8,3.3,42.1
mpp,0.0,1,ack-1f,w,2,2,0,ctl,ok,0,0,5.7,42.1
mpp,0.0,1,qpsk-r1/2,w,9,1,0,data,ok,8,8,3.5,42.1
mpp,0.0,1,ack-1f,w,2,2,0,ctl,ok,0,0,2.4,42.1
mpp,0.0,1,qpsk-r1/2,w,9,1,0,data,ok,8,8,3.9,42.1
mpp,0.0,1,ack-1f,w,2,2,0,ctl,ok,0,0,4.6,42.1
mpp,0.0,1,qpsk-r1/2,w,9,1,0,data,ok,8,8,3.7,42.1
mpp,0.0,1,ack-1f,w,2,2,0,ctl,ok,0,0,6.1,42.1
mpp,0.0,1,qpsk-r1/2,w,9,1,0,data,ctl_lost,8,0,1.0,42.1
mpp,0.0,1,ack-4f,w,3,3,0,ctl,ok,0,0,4.7,42.1
mpp,0.0,1,ack-4f,w,2,2,0,ctl,ok,0,0,6.9,42.1
mpp,0.0,1,qpsk-r1/3,w,9,1,0,data,ok,8,8,3.9,42.1
mpp,0.0,1,ack-1f,w,3,3,0,ctl,ctl_lost,0,0,-4.4,42.1
mpp,0.0,1,ack-4f,w,4,4,0,ctl,ok,0,0,3.9,42.1
mpp,0.0,1,ack-4f,w,3,3,0,ctl,ok,0,0,-0.1,42.1
mpp,0.0,1,qpsk-r1/2,w,9,2,1,data,ok,7,7,3.7,42.1
mpp,0.0,1,ack-4f,w,3,3,0,ctl,ok,0,0,6.8,42.1
mpp,0.0,1,qpsk-r1/2,w,9,2,1,data,ok,7,7,3.1,42.1
mpp,0.0,1,ack-1f,w,3,3,0,ctl,ok,0,0,1.4,42.1
mpp,0.0,1,qpsk-r1/2,w,9,2,1,data,ok,7,7,3.3,42.1
mpp,0.0,1,ack-1f,w,3,3,0,ctl,ok,0,0,2.8,42.1
mpp,0.0,1,qpsk-r1/2,w,9,2,1,data,ok,7,0,0.9,42.1
mpp,0.0,1,ack-1f,w,2,2,0,ctl,ok,0,0,3.6,42.1
mpp,0.0,1,qpsk-r1/3,w,9,1,0,data,ok,8,8,2.4,42.1
mpp,0.0,1,ack-1f,w,2,2,0,ctl,ok,0,0,1.6,42.1
mpp,0.0,1,qpsk-r1/3,w,9,1,0,data,ok,8,8,3.5,42.1
mpp,0.0,0,qpsk-r1/5,w,1,1,0,ctl,ok,0,0,2.2,44.2
mpp,0.0,0,qpsk-r1/5,w,1,1,0,ctl,ok,0,0,2.1,44.2
mpp,0.0,0,ack-4f,w,3,3,0,ctl,ok,0,0,1.5,44.2
mpp,0.0,0,ack-4f,w,3,3,0,ctl,ok,0,0,3.3,44.2
mpp,0.0,0,qpsk-r1/3,w,9,2,1,data,ok,7,7,4.5,44.2
mpp,0.0,0,ack-1f,w,2,2,0,ctl,ok,0,0,0.7,44.2
mpp,0.0,0,qpsk-r1/3,w,9,1,0,data,ok,8,8,3.6,44.2
mpp,0.0,0,ack-4f,w,3,3,0,ctl,ok,0,0,1.6,44.2
mpp,0.0,0,qpsk-r1/2,w,9,2,1,data,ok,7,7,4.0,44.2
mpp,0.0,0,ack-4f,w,3,3,0,ctl,ok,0,0,2.7,44.2
mpp,0.0,0,qpsk-r1/2,w,9,2,1,data,ok,7,7,5.1,44.2
mpp,0.0,0,ack-4f,w,3,3,0,ctl,ok,0,0,1.5,44.2
mpp,0.0,0,qpsk-r1/2,w,9,2,1,data,ok,7,7,3.4,44.2
mpp,0.0,0,ack-4f,w,3,3,0,ctl,ok,0,0,2.0,44.2
mpp,0.0,0,qpsk-r1/2,w,9,2,1,data,ok,7,0,1.8,44.2
mpp,0.0,0,ack-4f,w,3,3,0,ctl,ok,0,0,2.5,44.2
mpp,0.0,0,qpsk-r1/3,w,9,2,1,data,ok,7,7,3.6,44.2
mpp,0.0,0,ack-4f,w,2,2,0,ctl,ok,0,0,3.7,44.2
mpp,0.0,0,qpsk-r1/3,w,9,1,0,data,ok,8,8,4.2,44.2
mpp,0.0,0,ack-1f,w,3,3,0,ctl,ok,0,0,1.8,44.2
mpp,0.0,0,qpsk-r1/2,w,9,2,1,data,ok,7,7,3.9,44.2
mpp,0.0,0,ack-1f,w,3,3,0,ctl,ok,0,0,4.0,44.2
mpp,0.0,0,qpsk-r1/2,w,9,2,1,data,ok,7,7,4.1,44.2
mpp,0.0,0,ack-1f,w,3,3,0,ctl,ok,0,0,3.1,44.2
mpp,0.0,0,qpsk-r1/2,w,9,2,1,data,ok,7,7,2.9,44.2
mpp,0.0,0,ack-1f,w,3,3,0,ctl,ctl_lost,0,0,1.7,44.2
mpp,0.0,0,ack-4f,w,3,3,0,ctl,ok,0,0,3.5,44.2
mpp,0.0,0,ack-4f,w,3,3,0,ctl,ok,0,0,-6.7,44.2
mpp,0.0,0,qpsk-r1/2,w,9,2,1,data,ok,7,7,3.3,44.2
mpp,0.0,0,ack-4f,w,3,3,0,ctl,ok,0,0,2.2,44.2
mpp,0.0,0,qpsk-r1/2,w,9,2,1,data,ok,7,0,1.5,44.2
mpp,0.0,0,ack-4f,w,3,3,0,ctl,ok,0,0,3.2,44.2
mpp,0.0,0,qpsk-r1/3,w,9,2,1,data,ok,7,7,4.2,44.2
mpp,0.0,0,ack-1f,w,3,3,0,ctl,ok,0,0,3.5,44.2
mpp,0.0,0,qpsk-r1/2,w,9,2,1,data,ok,7,7,3.9,44.2
mpp,0.0,0,ack-1f,w,2,2,0,ctl,ok,0,0,3.2,44.2
mpp,0.0,0,qpsk-r1/2,w,9,1,0,data,ok,8,8,3.7,44.2
mpp,0.0,0,ack-1f,w,2,2,0,ctl,ok,0,0,6.0,44.2
mpp,0.0,0,qpsk-r1/2,w,9,1,0,data,ok,8,8,3.0,44.2
mpp,0.0,0,ack-1f,w,2,2,0,ctl,ctl_lost,0,0,-1.6,44.2
mpp,0.0,0,ack-4f,w,3,3,0,ctl,ok,0,0,0.7,44.2
mpp,0.0,0,ack-4f,w,3,3,0,ctl,ok,0,0,3.6,44.2
mpp,0.0,0,qpsk-r1/2,w,9,2,1,data,ok,7,7,4.1,44.2
mpp,0.0,0,ack-4f,w,2,2,0,ctl,ok,0,0,2.4,44.2
mpp,0.0,0,qpsk-r1/2,w,9,1,0,data,ok,8,8,4.2,44.2
mpp,0.0,0,ack-4f,w,2,2,0,ctl,ok,0,0,3.8,44.2
mpp,0.0,0,qpsk-r1/2,w,9,1,0,data,ctl_lost,8,0,1.9,44.2
mpp,0.0,0,ack-4f,w,3,3,0,ctl,ok,0,0,6.0,44.2
mpp,0.0,0,ack-4f,w,3,3,0,ctl,ok,0,0,5.9,44.2
mpp,0.0,0,qpsk-r1/2,w,9,2,1,data,ok,7,0,1.7,44.2
mpp,0.0,0,ack-1f,w,3,3,0,ctl,ok,0,0,5.6,44.2
mpp,0.0,0,qpsk-r1/2,w,9,2,1,data,ok,0,0,3.5,44.2
mpp,0.0,0,ack-1f,w,3,3,0,ctl,ok,0,0,3.5,44.2
mpp,0.0,0,qpsk-r1/2,w,9,2,1,data,ok,7,7,4.5,44.2
mpp,0.0,0,ack-1f,w,2,2,0,ctl,ok,0,0,4.6,44.2
mpp,0.0,0,qpsk-r1/2,w,9,1,0,data,ctl_lost,8,0,1.7,44.2
mpp,0.0,0,ack-4f,w,3,3,0,ctl,ok,0,0,2.9,44.2
mpp,0.0,0,ack-4f,w,3,3,0,ctl,ok,0,0,3.2,44.2
mpp,0.0,0,qpsk-r1/3,w,9,2,1,data,ok,7,7,3.3,44.2
mpp,0.0,0,ack-1f,w,2,2,0,ctl,ok,0,0,5.9,44.2
mpp,0.0,0,qpsk-r1/3,w,9,1,0,data,ok,8,8,2.8,44.2
mpp,0.0,0,ack-1f,w,2,2,0,ctl,ok,0,0,4.7,44.2
mpp,0.0,0,qpsk-r1/3,w,9,1,0,data,ok,8,8,2.5,44.2
mpp,0.0,0,ack-1f,w,2,2,,ctl,missed,0,0,,44.2
mpp,0.0,0,ack-4f,w,3,3,0,ctl,ok,0,0,3.8,44.2
mpp,0.0,0,ack-4f,w,2,2,0,ctl,ok,0,0,3.1,44.2
mpp,0.0,0,qpsk-r1/3,w,9,1,0,data,ok,8,8,3.6,44.2
mpp,0.0,0,ack-1f,w,3,3,0,ctl,ok,0,0,5.6,44.2
mpp,0.0,0,qpsk-r1/2,w,9,2,1,data,ok,7,7,3.6,44.2
mpp,0.0,0,ack-1f,w,3,3,0,ctl,ctl_lost,0,0,-7.6,44.2
mpp,0.0,0,ack-4f,w,3,3,0,ctl,ok,0,0,1.0,44.2
mpp,0.0,0,ack-4f,w,2,2,0,ctl,ok,0,0,3.6,44.2
mpp,0.0,0,qpsk-r1/3,w,9,1,0,data,ok,8,8,4.3,44.2
mpp,0.0,0,ack-4f,w,3,3,0,ctl,ok,0,0,4.0,44.2
mpp,0.0,0,qpsk-r1/2,w,9,2,1,data,ok,7,0,-0.2,44.2
mpp,0.0,0,ack-4f,w,2,2,0,ctl,ok,0,0,3.5,44.2
mpp,0.0,0,qpsk-r1/3,w,9,1,0,data,ok,8,8,3.2,44.2
mpp,0.0,0,ack-4f,w,2,2,0,ctl,ok,0,0,6.4,44.2
mpp,0.0,0,qpsk-r1/3,w,9,1,0,data,ok,8,8,4.1,44.2
mpp,0.0,0,ack-4f,w,3,3,0,ctl,ok,0,0,1.5,44.2
mpp,0.0,0,qpsk-r1/2,w,9,2,1,data,ok,7,7,4.8,44.2
mpp,0.0,0,ack-4f,w,2,2,0,ctl,ok,0,0,4.0,44.2
mpp,0.0,0,qpsk-r1/2,w,9,1,0,data,ok,8,8,3.2,44.2
mpp,0.0,0,ack-4f,w,2,2,0,ctl,ok,0,0,4.3,44.2
mpp,0.0,0,qpsk-r1/2,w,9,1,0,data,ok,8,8,4.2,44.2
mpp,0.0,0,ack-4f,w,2,2,0,ctl,ok,0,0,4.3,44.2
mpp,0.0,0,qpsk-r1/2,w,9,1,0,data,ok,8,8,4.0,44.2
mpp,0.0,0,ack-4f,w,2,2,0,ctl,ok,0,0,-2.1,44.2
mpp,0.0,0,qpsk-r1/2,w,9,1,0,data,ok,8,8,4.1,44.2
mpp,0.0,0,ack-4f,w,2,2,0,ctl,ok,0,0,3.5,44.2
mpp,0.0,0,qpsk-r1/2,w,9,1,0,data,ok,8,8,4.3,44.2
mpp,0.0,0,ack-4f,w,2,2,0,ctl,ok,0,0,3.4,44.2
mpp,0.0,0,qpsk-r1/2,w,9,1,0,data,ok,8,8,4.8,44.2
mpp,0.0,0,ack-4f,w,2,2,0,ctl,ok,0,0,2.4,44.2
mpp,0.0,0,qpsk-r1/2,w,9,1,0,data,ok,8,8,4.2,44.2
mpp,0.0,0,ack-4f,w,2,2,0,ctl,ok,0,0,-1.7,44.2
mpp,0.0,0,qpsk-r1/2,w,9,1,0,data,ok,8,8,4.1,44.2
mpg,0.0,9,qpsk-r1/5,w,1,1,0,ctl,ok,0,0,8.0,36.1
mpg,0.0,9,qpsk-r1/5,w,1,1,0,ctl,ok,0,0,8.0,36.1
mpg,0.0,9,ack-4f,w,2,2,0,ctl,ok,0,0,4.9,36.1
mpg,0.0,9,ack-1f,w,3,3,0,ctl,ok,0,0,1.2,36.1
mpg,0.0,9,w48-qpsk-r1/2,w48,19,2,1,data,ok,17,0,0.4,36.1
mpg,0.0,9,ack-1f,w,3,3,0,ctl,ok,0,0,-1.7,36.1
mpg,0.0,9,w48-qpsk-r1/5,w48,19,2,1,data,ok,17,17,-0.3,36.1
mpg,0.0,9,ack-4f,w,3,3,0,ctl,ok,0,0,3.0,36.1
mpg,0.0,9,w48-qpsk-r1/5,w48,19,2,1,data,ok,17,17,3.0,36.1
mpg,0.0,9,ack-4f,w,2,2,0,ctl,ok,0,0,3.3,36.1
mpg,0.0,9,w48-qpsk-r1/5,w48,19,1,0,data,ok,18,18,1.8,36.1
mpg,0.0,9,ack-1f,w,3,3,0,ctl,ok,0,0,-1.7,36.1
mpg,0.0,9,w48-qpsk-r1/5,w48,19,2,1,data,ok,17,17,3.1,36.1
mpg,0.0,9,ack-4f,w,3,3,0,ctl,ok,0,0,4.6,36.1
mpg,0.0,9,w48-qpsk-r1/5,w48,19,2,1,data,ctl_lost,17,0,-6.7,36.1
mpg,0.0,9,ack-4f,w,3,3,0,ctl,ok,0,0,7.2,36.1
mpg,0.0,9,ack-4f,w,3,3,0,ctl,ok,0,0,8.8,36.1
mpg,0.0,9,w48-qpsk-r1/5,w48,19,2,1,data,ok,17,17,3.6,36.1
mpg,0.0,9,ack-1f,w,2,2,0,ctl,ok,0,0,6.7,36.1
mpg,0.0,9,qpsk-r1/2,w,9,1,0,data,ok,8,8,3.7,36.1
mpg,0.0,9,ack-1f,w,3,3,0,ctl,ok,0,0,3.8,36.1
mpg,0.0,9,qpsk-r1/2,w,9,2,1,data,ok,7,6,2.1,36.1
mpg,0.0,9,ack-1f,w,3,3,0,ctl,ok,0,0,4.1,36.1
mpg,0.0,9,qpsk-r1/2,w,9,2,1,data,ok,6,0,1.0,36.1
mpg,0.0,9,ack-1f,w,3,3,0,ctl,ok,0,0,0.4,36.1
mpg,0.0,9,qpsk-r1/3,w,9,2,1,data,ok,7,0,0.6,36.1
mpg,0.0,9,ack-1f,w,3,3,0,ctl,ok,0,0,4.1,36.1
mpg,0.0,9,qpsk-r1/3,w,9,2,1,data,ok,0,0,0.9,36.1
mpg,0.0,9,ack-1f,w,3,3,0,ctl,ok,0,0,2.7,36.1
mpg,0.0,9,qpsk-r1/3,w,9,2,1,data,ok,7,7,3.6,36.1
mpg,0.0,9,ack-1f,w,3,3,0,ctl,ok,0,0,3.4,36.1
mpg,0.0,9,qpsk-r1/3,w,9,2,1,data,ok,7,7,2.6,36.1
mpg,0.0,9,ack-1f,w,3,3,0,ctl,ok,0,0,4.9,36.1
mpg,0.0,9,qpsk-r1/2,w,9,2,1,data,ok,7,0,-0.4,36.1
mpg,0.0,9,ack-1f,w,3,3,0,ctl,ctl_lost,0,0,-9.3,36.1
mpg,0.0,9,ack-4f,w,3,3,0,ctl,ok,0,0,-3.8,36.1
mpg,0.0,9,ack-4f,w,3,3,0,ctl,ok,0,0,0.6,36.1
mpg,0.0,9,qpsk-r1/3,w,9,2,1,data,ok,7,7,4.3,36.1
mpg,0.0,9,ack-4f,w,2,2,0,ctl,ok,0,0,3.8,36.1
mpg,0.0,9,qpsk-r1/3,w,9,1,0,data,ok,8,8,0.4,36.1
mpg,0.0,9,ack-4f,w,2,2,0,ctl,ok,0,0,-2.9,36.1
mpg,0.0,9,qpsk-r1/3,w,9,1,0,data,ok,8,8,2.1,36.1
mpg,0.0,9,ack-4f,w,3,3,0,ctl,ok,0,0,2.4,36.1
mpg,0.0,9,qpsk-r1/3,w,9,2,1,data,ok,7,7,4.9,36.1
mpg,0.0,9,ack-4f,w,2,2,0,ctl,ok,0,0,1.8,36.1
mpg,0.0,9,qpsk-r1/3,w,9,1,0,data,ok,8,8,1.3,36.1
mpg,0.0,9,ack-4f,w,2,2,0,ctl,ok,0,0,5.9,36.1
mpg,0.0,9,qpsk-r1/3,w,9,1,0,data,ok,8,8,2.1,36.1
mpg,0.0,9,ack-4f,w,2,2,0,ctl,ok,0,0,-1.6,36.1
mpg,0.0,9,qpsk-r1/3,w,9,1,0,data,ctl_lost,8,0,-3.2,36.1
mpg,0.0,9,ack-4f,w,3,3,0,ctl,ok,0,0,7.7,36.1
mpg,0.0,9,ack-4f,w,3,3,0,ctl,ok,0,0,7.4,36.1
mpg,0.0,9,w48-qpsk-r1/5,w48,19,2,1,data,ok,17,17,3.5,36.1
mpg,0.0,9,ack-4f,w,3,3,0,ctl,ok,0,0,-4.9,36.1
mpg,0.0,9,w48-qpsk-r1/2,w48,19,2,,data,missed,0,0,,36.1
mpg,0.0,9,ack-4f,w,3,3,0,ctl,ok,0,0,4.3,36.1
mpg,0.0,9,ack-4f,w,2,2,0,ctl,ok,0,0,5.8,36.1
mpg,0.0,9,qpsk-r1/2,w,9,1,0,data,ok,8,8,3.8,36.1
mpg,0.0,9,ack-4f,w,2,2,0,ctl,ok,0,0,3.3,36.1
mpg,0.0,9,qpsk-r1/2,w,9,1,0,data,ctl_lost,8,0,0.7,36.1
mpg,0.0,9,ack-4f,w,3,3,0,ctl,ok,0,0,4.7,36.1
mpg,0.0,9,ack-4f,w,3,3,0,ctl,ok,0,0,-2.3,36.1
mpg,0.0,9,w48-qpsk-r1/5,w48,19,2,1,data,ok,17,0,-1.2,36.1
mpg,0.0,9,ack-4f,w,3,3,0,ctl,ok,0,0,5.6,36.1
mpg,0.0,9,w48-qpsk-r1/5,w48,19,2,1,data,ok,0,0,2.0,36.1
mpg,0.0,9,ack-4f,w,3,3,0,ctl,ok,0,0,4.9,36.1
mpg,0.0,9,w48-256l-r5/8,w48,39,2,1,data,ctl_lost,37,0,-3.0,36.1
mpg,0.0,9,ack-4f,w,3,3,0,ctl,ok,0,0,1.8,36.1
mpg,0.0,9,ack-4f,w,3,3,0,ctl,ok,0,0,4.9,36.1
mpg,0.0,9,w48-qpsk-r1/5,w48,19,2,1,data,ok,17,17,2.0,36.1
mpg,0.0,9,ack-1f,w,3,3,0,ctl,ok,0,0,-0.6,36.1
mpg,0.0,9,w48-qpsk-r1/5,w48,19,2,1,data,ok,17,0,-1.2,36.1
mpg,0.0,9,ack-4f,w,3,3,0,ctl,ok,0,0,-3.8,36.1
mpg,0.0,9,w48-qpsk-r1/5,w48,19,2,1,data,ok,0,0,2.2,36.1
mpg,0.0,9,ack-4f,w,2,2,0,ctl,ok,0,0,0.4,36.1
mpg,0.0,9,w48-qpsk-r1/5,w48,19,1,0,data,ok,18,18,4.3,36.1
mpg,0.0,9,ack-4f,w,2,2,0,ctl,ok,0,0,5.5,36.1
mpg,0.0,9,w48-qpsk-r1/5,w48,19,1,0,data,ok,18,18,3.2,36.1
mpg,0.0,9,ack-4f,w,3,3,0,ctl,ok,0,0,6.0,36.1
mpg,0.0,9,w48-qpsk-r1/3,w48,19,2,1,data,ok,17,5,1.7,36.1
mpg,0.0,9,ack-1f,w,4,4,0,ctl,ok,0,0,-2.2,36.1
mpg,0.0,9,w48-qpsk-r1/3,w48,19,2,1,data,ok,5,0,-0.6,36.1
mpg,0.0,9,ack-4f,w,2,2,0,ctl,ok,0,0,3.7,36.1
mpg,0.0,9,w48-qpsk-r1/5,w48,19,1,0,data,ok,18,18,2.7,36.1
mpg,0.0,9,ack-4f,w,2,2,0,ctl,ok,0,0,4.3,36.1
mpg,0.0,9,w48-qpsk-r1/5,w48,19,1,0,data,ok,18,18,2.3,36.1
mpg,0.0,9,ack-1f,w,2,2,0,ctl,ok,0,0,2.8,36.1
mpg,0.0,9,w48-qpsk-r1/5,w48,19,1,0,data,ok,18,18,1.4,36.1
mpg,0.0,9,ack-1f,w,2,2,0,ctl,ok,0,0,2.6,36.1
mpg,0.0,9,w48-qpsk-r1/5,w48,19,1,0,data,ok,18,17,-0.0,36.1
mpg,0.0,9,ack-1f,w,3,3,0,ctl,ok,0,0,0.8,36.1
mpg,0.0,9,w48-qpsk-r1/5,w48,19,1,0,data,ok,17,17,0.4,36.1
mpg,0.0,9,ack-4f,w,2,2,0,ctl,ok,0,0,0.2,36.1
mpg,0.0,5,qpsk-r1/5,w,1,1,0,ctl,ok,0,0,4.6,43.8
mpg,0.0,5,qpsk-r1/5,w,1,1,0,ctl,ok,0,0,6.3,43.8
mpg,0.0,5,ack-4f,w,3,3,0,ctl,ok,0,0,3.6,43.8
mpg,0.0,5,ack-1f,w,2,2,0,ctl,ctl_lost,0,0,-5.1,43.8
mpg,0.0,5,ack-4f,w,3,3,0,ctl,ok,0,0,3.0,43.8
mpg,0.0,5,ack-4f,w,3,3,0,ctl,ok,0,0,0.4,43.8
mpg,0.0,5,w48-qpsk-r1/5,w48,19,2,1,data,ok,17,17,3.6,43.8
mpg,0.0,5,ack-4f,w,3,3,0,ctl,ok,0,0,5.9,43.8
mpg,0.0,5,qpsk-r1/2,w,9,2,1,data,ok,7,7,4.1,43.8
mpg,0.0,5,ack-1f,w,3,3,0,ctl,ok,0,0,2.2,43.8
mpg,0.0,5,qpsk-r1/2,w,9,2,1,data,ok,7,0,1.3,43.8
mpg,0.0,5,ack-1f,w,3,3,0,ctl,ok,0,0,4.6,43.8
mpg,0.0,5,w48-qpsk-r1/5,w48,19,2,1,data,ok,17,17,2.4,43.8
mpg,0.0,5,ack-1f,w,3,3,0,ctl,ok,0,0,6.3,43.8
mpg,0.0,5,w48-qpsk-r1/5,w48,19,2,1,data,ok,17,17,3.8,43.8
mpg,0.0,5,ack-1f,w,2,2,0,ctl,ok,0,0,3.8,43.8
mpg,0.0,5,w48-qpsk-r1/5,w48,19,1,0,data,ok,18,10,-0.5,43.8
mpg,0.0,5,ack-1f,w,4,4,0,ctl,ok,0,0,5.1,43.8
mpg,0.0,5,w48-qpsk-r1/5,w48,19,2,1,data,ok,9,9,3.2,43.8
mpg,0.0,5,ack-1f,w,3,3,0,ctl,ok,0,0,2.9,43.8
mpg,0.0,5,w48-qpsk-r1/5,w48,19,2,1,data,ok,17,17,2.2,43.8
mpg,0.0,5,ack-1f,w,3,3,0,ctl,ok,0,0,3.2,43.8
mpg,0.0,5,w48-qpsk-r1/5,w48,19,2,1,data,ok,17,16,-0.4,43.8
mpg,0.0,5,ack-1f,w,3,3,0,ctl,ok,0,0,1.9,43.8
mpg,0.0,5,w48-qpsk-r1/5,w48,19,2,1,data,ok,16,16,0.5,43.8
mpg,0.0,5,ack-1f,w,3,3,0,ctl,ok,0,0,1.4,43.8
mpg,0.0,5,w48-qpsk-r1/5,w48,19,2,1,data,ok,17,0,-2.3,43.8
mpg,0.0,5,ack-1f,w,3,3,0,ctl,ok,0,0,2.2,43.8
mpg,0.0,5,w48-qpsk-r1/5,w48,19,2,1,data,ok,0,0,3.5,43.8
mpg,0.0,5,ack-1f,w,2,2,0,ctl,ok,0,0,1.7,43.8
mpg,0.0,5,w48-qpsk-r1/5,w48,19,1,0,data,ok,18,17,-0.9,43.8
mpg,0.0,5,ack-1f,w,2,2,0,ctl,ctl_lost,0,0,-2.7,43.8
mpg,0.0,5,ack-4f,w,3,3,0,ctl,ok,0,0,-4.2,43.8
mpg,0.0,5,ack-4f,w,3,3,0,ctl,ok,0,0,3.2,43.8
mpg,0.0,5,w48-qpsk-r1/5,w48,19,2,1,data,ok,17,17,1.9,43.8
mpg,0.0,5,ack-4f,w,3,3,0,ctl,ok,0,0,5.2,43.8
mpg,0.0,5,w48-qpsk-r1/5,w48,19,2,1,data,ok,17,17,1.8,43.8
mpg,0.0,5,ack-1f,w,2,2,0,ctl,ok,0,0,2.6,43.8
mpg,0.0,5,w48-qpsk-r1/5,w48,19,1,0,data,ok,18,18,1.9,43.8
mpg,0.0,5,ack-1f,w,2,2,0,ctl,ctl_lost,0,0,0.3,43.8
mpg,0.0,5,ack-4f,w,3,3,0,ctl,ok,0,0,0.6,43.8
mpg,0.0,5,ack-4f,w,2,2,0,ctl,ok,0,0,2.9,43.8
mpg,0.0,5,w48-qpsk-r1/5,w48,19,1,0,data,ctl_lost,18,10,-1.2,43.8
mpg,0.0,5,ack-4f,w,3,3,0,ctl,ok,0,0,4.5,43.8
mpg,0.0,5,ack-4f,w,3,3,0,ctl,ok,0,0,4.4,43.8
mpg,0.0,5,w48-qpsk-r1/5,w48,19,2,1,data,ok,17,17,1.9,43.8
mpg,0.0,5,ack-4f,w,3,3,0,ctl,ok,0,0,5.3,43.8
mpg,0.0,5,w48-qpsk-r1/5,w48,19,2,1,data,ok,17,17,2.5,43.8
mpg,0.0,5,ack-1f,w,2,2,0,ctl,ok,0,0,4.8,43.8
mpg,0.0,5,w48-qpsk-r1/5,w48,19,1,0,data,ok,18,18,4.1,43.8
mpg,0.0,5,ack-1f,w,3,3,0,ctl,ok,0,0,8.2,43.8
mpg,0.0,5,w48-qpsk-r1/3,w48,19,2,1,data,ok,17,4,2.1,43.8
mpg,0.0,5,ack-1f,w,3,3,0,ctl,ctl_lost,0,0,-5.7,43.8
mpg,0.0,5,ack-4f,w,3,3,0,ctl,ok,0,0,5.8,43.8
mpg,0.0,5,ack-4f,w,3,3,0,ctl,ok,0,0,9.6,43.8
mpg,0.0,5,w48-qpsk-r1/5,w48,19,1,0,data,ok,18,18,3.0,43.8
mpg,0.0,5,ack-4f,w,3,3,0,ctl,ok,0,0,6.6,43.8
mpg,0.0,5,qpsk-r1/2,w,9,2,1,data,ok,7,7,3.4,43.8
mpg,0.0,5,ack-1f,w,2,2,0,ctl,ctl_lost,0,0,-8.1,43.8
mpg,0.0,5,ack-4f,w,3,3,0,ctl,ok,0,0,-1.0,43.8
mpg,0.0,5,ack-4f,w,3,3,0,ctl,ok,0,0,4.1,43.8
mpg,0.0,5,w48-qpsk-r1/5,w48,19,2,1,data,ok,17,17,2.7,43.8
mpg,0.0,5,ack-4f,w,2,2,0,ctl,ok,0,0,2.3,43.8
mpg,0.0,5,w48-qpsk-r1/5,w48,19,1,0,data,ok,18,18,0.9,43.8
mpg,0.0,5,ack-4f,w,2,2,0,ctl,ok,0,0,-1.0,43.8
mpg,0.0,5,w48-qpsk-r1/5,w48,19,1,0,data,ok,18,18,1.1,43.8
mpg,0.0,5,ack-4f,w,2,2,0,ctl,ok,0,0,3.8,43.8
mpg,0.0,5,w48-qpsk-r1/5,w48,19,1,0,data,ok,18,18,1.8,43.8
mpg,0.0,5,ack-4f,w,2,2,0,ctl,ok,0,0,-8.3,43.8
mpg,0.0,5,w48-qpsk-r1/5,w48,19,1,0,data,ok,18,18,0.6,43.8
mpg,0.0,5,ack-4f,w,2,2,0,ctl,ok,0,0,3.6,43.8
mpg,0.0,5,w48-qpsk-r1/5,w48,19,1,0,data,ok,18,18,4.2,43.8
mpg,0.0,5,ack-4f,w,2,2,0,ctl,ok,0,0,4.9,43.8
mpg,0.0,5,w48-qpsk-r1/5,w48,19,1,0,data,ok,18,18,3.5,43.8
mpg,0.0,5,ack-4f,w,3,3,0,ctl,ok,0,0,-0.9,43.8
mpg,0.0,5,w48-qpsk-r1/3,w48,19,2,1,data,ok,17,0,0.2,43.8
mpg,0.0,5,ack-4f,w,2,2,0,ctl,ok,0,0,6.4,43.8
mpg,0.0,5,w48-qpsk-r1/5,w48,19,1,0,data,ok,18,18,2.7,43.8
mpg,0.0,5,ack-4f,w,2,2,0,ctl,ok,0,0,5.4,43.8
mpg,0.0,5,w48-qpsk-r1/5,w48,19,1,0,data,ok,18,18,1.9,43.8
mpg,0.0,5,n4-ack-2f,n4,2,2,0,ctl,ok,0,0,2.6,43.8
mpg,0.0,5,w48-qpsk-r1/5,w48,19,1,0,data,ok,18,18,4.2,43.8
mpg,0.0,5,n4-ack-2f,n4,2,2,0,ctl,ok,0,0,0.8,43.8
mpg,0.0,5,w48-qpsk-r1/5,w48,19,1,0,data,ok,18,18,1.5,43.8
mpg,0.0,5,n4-ack-2f,n4,2,2,0,ctl,ok,0,0,5.3,43.8
mpg,0.0,5,w48-qpsk-r1/5,w48,19,1,0,data,ok,18,18,4.7,43.8
mpg,0.0,5,n4-ack-2f,n4,3,3,0,ctl,ok,0,0,6.3,43.8
mpg,0.0,5,w48-qpsk-r1/3,w48,19,2,1,data,ctl_lost,17,0,-3.0,43.8
mpg,0.0,5,ack-4f,w,3,3,0,ctl,ok,0,0,-1.1,43.8
mpg,0.0,5,ack-4f,w,3,3,0,ctl,ok,0,0,0.7,43.8
mpg,0.0,5,w48-qpsk-r1/5,w48,19,2,1,data,ok,17,17,2.3,43.8
mpg,0.0,5,ack-4f,w,2,2,,ctl,missed,0,0,,43.8
mpg,0.0,5,ack-4f,w,4,4,0,ctl,ok,0,0,0.9,43.8
mpg,0.0,5,ack-4f,w,2,2,0,ctl,ok,0,0,3.9,43.8
mpg,0.0,5,w48-qpsk-r1/5,w48,19,1,0,data,ok,18,18,3.0,43.8
mpg,0.0,5,ack-4f,w,2,2,0,ctl,ok,0,0,5.8,43.8
mpg,0.0,5,w48-qpsk-r1/5,w48,19,1,0,data,ctl_lost,18,0,-2.0,43.8
mpp,0.0,2,qpsk-r1/5,w,1,1,0,ctl,ok,0,0,1.7,39.1
mpp,0.0,2,qpsk-r1/5,w,1,1,0,ctl,ok,0,0,4.3,39.1
mpp,0.0,2,ack-4f,w,3,3,0,ctl,ok,0,0,1.6,39.1
mpp,0.0,2,ack-1f,w,2,2,0,ctl,ctl_lost,0,0,-3.0,39.1
mpp,0.0,2,ack-4f,w,3,3,0,ctl,ok,0,0,4.2,39.1
mpp,0.0,2,ack-4f,w,3,3,0,ctl,ok,0,0,2.5,39.1
mpp,0.0,2,qpsk-r1/3,w,9,2,1,data,ok,7,7,3.1,39.1
mpp,0.0,2,ack-4f,w,2,2,0,ctl,ok,0,0,3.5,39.1
mpp,0.0,2,qpsk-r1/3,w,9,1,0,data,ok,8,8,1.9,39.1
mpp,0.0,2,ack-4f,w,3,3,0,ctl,ok,0,0,0.1,39.1
mpp,0.0,2,qpsk-r1/3,w,9,2,1,data,ok,7,7,3.3,39.1
mpp,0.0,2,ack-4f,w,2,2,0,ctl,ok,0,0,0.2,39.1
mpp,0.0,2,qpsk-r1/3,w,9,1,0,data,ok,8,8,3.0,39.1
mpp,0.0,2,ack-4f,w,2,2,0,ctl,ok,0,0,-1.1,39.1
mpp,0.0,2,qpsk-r1/3,w,9,1,0,data,ok,8,8,3.7,39.1
mpp,0.0,2,ack-4f,w,2,2,0,ctl,ok,0,0,5.9,39.1
mpp,0.0,2,qpsk-r1/3,w,9,1,0,data,ok,8,8,3.1,39.1
mpp,0.0,2,ack-4f,w,2,2,0,ctl,ok,0,0,5.6,39.1
mpp,0.0,2,qpsk-r1/3,w,9,1,0,data,ok,8,8,4.7,39.1
mpp,0.0,2,ack-1f,w,3,3,0,ctl,ok,0,0,2.3,39.1
mpp,0.0,2,qpsk-r1/2,w,9,2,1,data,ctl_lost,7,0,0.3,39.1
mpp,0.0,2,ack-4f,w,3,3,0,ctl,ok,0,0,2.9,39.1
mpp,0.0,2,ack-4f,w,3,3,0,ctl,ok,0,0,0.4,39.1
mpp,0.0,2,qpsk-r1/3,w,9,2,1,data,ok,7,7,3.0,39.1
mpp,0.0,2,ack-4f,w,2,2,0,ctl,ok,0,0,3.4,39.1
mpp,0.0,2,qpsk-r1/3,w,9,1,0,data,ok,8,8,0.3,39.1
mpp,0.0,2,ack-4f,w,3,3,0,ctl,ok,0,0,1.3,39.1
mpp,0.0,2,qpsk-r1/3,w,9,2,1,data,ok,7,7,3.2,39.1
mpp,0.0,2,ack-4f,w,2,2,0,ctl,ok,0,0,2.6,39.1
mpp,0.0,2,qpsk-r1/3,w,9,1,0,data,ok,8,8,4.6,39.1
mpp,0.0,2,ack-4f,w,2,2,0,ctl,ok,0,0,4.9,39.1
mpp,0.0,2,qpsk-r1/3,w,9,1,0,data,ok,8,8,4.4,39.1
mpp,0.0,2,ack-4f,w,3,3,0,ctl,ok,0,0,-0.2,39.1
mpp,0.0,2,w48-qpsk-r1/3,w48,19,2,1,data,ok,17,0,1.5,39.1
mpp,0.0,2,ack-4f,w,2,2,0,ctl,ok,0,0,4.2,39.1
mpp,0.0,2,qpsk-r1/3,w,9,1,0,data,ok,8,8,3.6,39.1
mpp,0.0,2,ack-4f,w,2,2,0,ctl,ok,0,0,4.9,39.1
mpp,0.0,2,qpsk-r1/3,w,9,1,0,data,ok,8,8,3.2,39.1
mpp,0.0,2,ack-4f,w,2,2,0,ctl,ok,0,0,2.1,39.1
mpp,0.0,2,qpsk-r1/3,w,9,1,0,data,ok,8,8,3.2,39.1
mpp,0.0,2,ack-4f,w,2,2,0,ctl,ok,0,0,4.6,39.1
mpp,0.0,2,qpsk-r1/3,w,9,1,0,data,ok,8,8,3.7,39.1
mpp,0.0,2,ack-4f,w,2,2,0,ctl,ok,0,0,2.9,39.1
mpp,0.0,2,qpsk-r1/3,w,9,1,0,data,ok,8,8,3.7,39.1
mpp,0.0,2,ack-4f,w,2,2,0,ctl,ok,0,0,4.9,39.1
mpp,0.0,2,qpsk-r1/3,w,9,1,0,data,ok,8,4,-0.1,39.1
mpp,0.0,2,ack-4f,w,3,3,0,ctl,ok,0,0,1.1,39.1
mpp,0.0,2,qpsk-r1/3,w,9,1,0,data,ok,4,4,4.0,39.1
mpp,0.0,2,ack-4f,w,2,2,0,ctl,ok,0,0,3.5,39.1
mpp,0.0,2,qpsk-r1/3,w,9,1,0,data,ok,8,8,3.8,39.1
mpp,0.0,2,ack-4f,w,2,2,0,ctl,ok,0,0,1.3,39.1
mpp,0.0,2,qpsk-r1/3,w,9,1,0,data,ok,8,8,4.0,39.1
mpp,0.0,2,ack-4f,w,2,2,0,ctl,ok,0,0,6.2,39.1
mpp,0.0,2,qpsk-r1/3,w,9,1,0,data,ok,8,8,2.9,39.1
mpp,0.0,2,ack-4f,w,2,2,0,ctl,ok,0,0,4.3,39.1
mpp,0.0,2,qpsk-r1/3,w,9,1,0,data,ok,8,8,3.3,39.1
mpp,0.0,2,ack-1f,w,2,2,0,ctl,ok,0,0,4.8,39.1
mpp,0.0,2,qpsk-r1/3,w,9,1,0,data,ok,8,8,4.1,39.1
mpp,0.0,2,ack-1f,w,2,2,0,ctl,ok,0,0,3.9,39.1
mpp,0.0,2,qpsk-r1/3,w,9,1,0,data,ok,8,8,3.6,39.1
mpp,0.0,2,ack-1f,w,2,2,0,ctl,ok,0,0,5.4,39.1
mpp,0.0,2,qpsk-r1/3,w,9,1,0,data,ok,8,8,4.7,39.1
mpp,0.0,2,ack-1f,w,3,3,0,ctl,ok,0,0,3.1,39.1
mpp,0.0,2,w48-qpsk-r1/5,w48,19,2,1,data,ok,17,17,2.2,39.1
mpp,0.0,2,ack-1f,w,3,3,0,ctl,ok,0,0,6.5,39.1
mpp,0.0,2,w48-qpsk-r1/3,w48,19,2,1,data,ok,17,0,0.3,39.1
mpp,0.0,2,ack-1f,w,2,2,0,ctl,ok,0,0,4.1,39.1
mpp,0.0,2,qpsk-r1/3,w,9,1,0,data,ok,8,8,3.2,39.1
mpp,0.0,2,ack-1f,w,2,2,0,ctl,ok,0,0,5.8,39.1
mpp,0.0,2,qpsk-r1/3,w,9,1,0,data,ok,8,8,4.0,39.1
mpp,0.0,2,ack-1f,w,2,2,0,ctl,ok,0,0,1.6,39.1
mpp,0.0,2,qpsk-r1/3,w,9,1,0,data,ok,8,8,4.3,39.1
mpp,0.0,2,ack-1f,w,3,3,0,ctl,ok,0,0,6.1,39.1
mpp,0.0,2,w48-qpsk-r1/5,w48,19,2,1,data,ok,17,17,1.3,39.1
mpp,0.0,2,ack-1f,w,3,3,0,ctl,ok,0,0,2.0,39.1
mpp,0.0,2,w48-qpsk-r1/5,w48,19,2,1,data,ok,17,3,0.7,39.1
mpp,0.0,2,ack-1f,w,4,4,0,ctl,ok,0,0,4.9,39.1
mpp,0.0,2,w48-qpsk-r1/5,w48,19,2,1,data,ok,3,3,1.2,39.1
mpp,0.0,2,ack-1f,w,3,3,0,ctl,ok,0,0,4.1,39.1
mpp,0.0,2,w48-qpsk-r1/5,w48,19,2,1,data,ok,17,16,1.1,39.1
mpp,0.0,2,ack-1f,w,4,4,0,ctl,ok,0,0,6.8,39.1
mpp,0.0,2,w48-qpsk-r1/5,w48,19,2,1,data,ok,16,16,2.7,39.1
mpp,0.0,2,ack-1f,w,2,2,0,ctl,ok,0,0,7.8,39.1
mpp,0.0,2,w48-qpsk-r1/5,w48,19,1,0,data,ok,18,10,0.2,39.1
mpp,0.0,2,ack-1f,w,4,4,0,ctl,ok,0,0,4.4,39.1
mpp,0.0,2,w48-qpsk-r1/5,w48,19,2,1,data,ok,9,0,0.4,39.1
mpp,0.0,2,ack-1f,w,2,2,0,ctl,ok,0,0,3.8,39.1
mpp,0.0,2,qpsk-r1/3,w,9,1,0,data,ok,8,8,4.0,39.1
mpp,0.0,2,ack-1f,w,2,2,0,ctl,ctl_lost,0,0,-0.8,39.1
mpp,0.0,2,ack-4f,w,4,4,0,ctl,ok,0,0,3.4,39.1
mpp,0.0,2,ack-4f,w,2,2,0,ctl,ok,0,0,2.5,39.1
mpp,0.0,2,qpsk-r1/3,w,9,1,0,data,ok,8,8,3.6,39.1
mpp,0.0,2,ack-4f,w,2,2,0,ctl,ok,0,0,2.4,39.1
mpp,0.0,2,qpsk-r1/3,w,9,1,0,data,ok,8,8,2.9,39.1
mpp,0.0,2,ack-4f,w,2,2,0,ctl,ok,0,0,0.1,39.1
mpp,0.0,5,qpsk-r1/5,w,1,1,0,ctl,ok,0,0,1.0,42.1
mpp,0.0,5,qpsk-r1/5,w,1,1,0,ctl,ok,0,0,0.4,42.1
mpp,0.0,5,ack-4f,w,3,3,0,ctl,ok,0,0,3.6,42.1
mpp,0.0,5,ack-4f,w,3,3,0,ctl,ok,0,0,5.2,42.1
mpp,0.0,5,qpsk-r1/3,w,9,2,1,data,ok,7,7,4.2,42.1
mpp,0.0,5,ack-1f,w,3,3,0,ctl,ok,0,0,5.7,42.1
mpp,0.0,5,qpsk-r1/2,w,9,2,1,data,ok,7,7,4.2,42.1
mpp,0.0,5,ack-1f,w,3,3,0,ctl,ok,0,0,5.6,42.1
mpp,0.0,5,qpsk-r1/2,w,9,2,1,data,ok,7,7,3.8,42.1
mpp,0.0,5,ack-1f,w,3,3,0,ctl,ok,0,0,0.7,42.1
mpp,0.0,5,qpsk-r1/2,w,9,2,1,data,ok,7,0,0.2,42.1
mpp,0.0,5,ack-1f,w,3,3,0,ctl,ok,0,0,1.8,42.1
mpp,0.0,5,qpsk-r1/3,w,9,2,1,data,ok,7,7,3.6,42.1
mpp,0.0,5,ack-1f,w,2,2,0,ctl,ok,0,0,3.2,42.1
mpp,0.0,5,qpsk-r1/3,w,9,1,0,data,ok,8,8,1.8,42.1
mpp,0.0,5,ack-1f,w,2,2,0,ctl,ok,0,0,3.1,42.1
mpp,0.0,5,qpsk-r1/3,w,9,1,0,data,ok,8,8,3.2,42.1
mpp,0.0,5,ack-1f,w,2,2,0,ctl,ok,0,0,4.2,42.1
mpp,0.0,5,qpsk-r1/3,w,9,1,0,data,ok,8,8,1.8,42.1
mpp,0.0,5,ack-1f,w,2,2,0,ctl,ok,0,0,4.8,42.1
mpp,0.0,5,qpsk-r1/3,w,9,1,0,data,ok,8,8,2.9,42.1
mpp,0.0,5,ack-1f,w,2,2,0,ctl,ok,0,0,0.4,42.1
mpp,0.0,5,qpsk-r1/3,w,9,1,0,data,ok,8,8,3.7,42.1
mpp,0.0,5,ack-1f,w,3,3,0,ctl,ok,0,0,7.7,42.1
mpp,0.0,5,qpsk-r1/2,w,9,2,1,data,ok,7,7,3.7,42.1
mpp,0.0,5,ack-1f,w,3,3,0,ctl,ok,0,0,1.1,42.1
mpp,0.0,5,qpsk-r1/2,w,9,2,1,data,ok,7,7,3.5,42.1
mpp,0.0,5,ack-1f,w,3,3,0,ctl,ok,0,0,-0.7,42.1
mpp,0.0,5,qpsk-r1/2,w,9,2,1,data,ok,7,3,2.8,42.1
mpp,0.0,5,ack-4f,w,3,3,0,ctl,ok,0,0,2.5,42.1
mpp,0.0,5,qpsk-r1/2,w,9,2,1,data,ok,3,0,0.6,42.1
mpp,0.0,5,ack-1f,w,3,3,0,ctl,ok,0,0,1.7,42.1
mpp,0.0,5,qpsk-r1/3,w,9,2,1,data,ok,7,0,0.4,42.1
mpp,0.0,5,ack-1f,w,3,3,0,ctl,ok,0,0,6.1,42.1
mpp,0.0,5,qpsk-r1/3,w,9,2,1,data,ok,0,0,3.9,42.1
mpp,0.0,5,ack-1f,w,2,2,0,ctl,ok,0,0,5.6,42.1
mpp,0.0,5,qpsk-r1/3,w,9,1,0,data,ok,8,8,3.2,42.1
mpp,0.0,5,ack-1f,w,3,3,0,ctl,ok,0,0,3.9,42.1
mpp,0.0,5,qpsk-r1/2,w,9,2,1,data,ok,7,7,4.8,42.1
mpp,0.0,5,ack-1f,w,2,2,0,ctl,ok,0,0,3.4,42.1
mpp,0.0,5,qpsk-r1/2,w,9,1,0,data,ok,8,8,3.6,42.1
mpp,0.0,5,ack-1f,w,2,2,0,ctl,ok,0,0,3.8,42.1
mpp,0.0,5,qpsk-r1/2,w,9,1,0,data,ok,8,7,3.5,42.1
mpp,0.0,5,ack-1f,w,3,3,0,ctl,ok,0,0,2.5,42.1
mpp,0.0,5,qpsk-r1/2,w,9,2,1,data,ok,6,0,1.2,42.1
mpp,0.0,5,ack-1f,w,2,2,0,ctl,ok,0,0,-1.2,42.1
mpp,0.0,5,qpsk-r1/3,w,9,1,0,data,ok,8,8,4.2,42.1
mpp,0.0,5,ack-1f,w,2,2,0,ctl,ok,0,0,2.8,42.1
mpp,0.0,5,qpsk-r1/3,w,9,1,0,data,ok,8,8,4.6,42.1
mpp,0.0,5,ack-1f,w,2,2,0,ctl,ok,0,0,4.6,42.1
mpp,0.0,5,qpsk-r1/2,w,9,1,0,data,ok,8,8,4.0,42.1
mpp,0.0,5,ack-1f,w,2,2,0,ctl,ok,0,0,0.6,42.1
mpp,0.0,5,qpsk-r1/2,w,9,1,0,data,ok,8,8,3.0,42.1
mpp,0.0,5,ack-1f,w,2,2,0,ctl,ok,0,0,2.0,42.1
mpp,0.0,5,qpsk-r1/2,w,9,1,0,data,ok,8,7,3.3,42.1
mpp,0.0,5,ack-1f,w,3,3,0,ctl,ok,0,0,2.8,42.1
mpp,0.0,5,qpsk-r1/2,w,9,2,1,data,ok,6,0,2.2,42.1
mpp,0.0,5,ack-1f,w,2,2,0,ctl,ok,0,0,4.4,42.1
mpp,0.0,5,qpsk-r1/3,w,9,1,0,data,ok,8,8,4.2,42.1
mpp,0.0,5,ack-1f,w,2,2,0,ctl,ok,0,0,8.5,42.1
mpp,0.0,5,qpsk-r1/3,w,9,1,0,data,ok,8,8,4.6,42.1
mpp,0.0,5,ack-1f,w,2,2,0,ctl,ok,0,0,-1.9,42.1
mpp,0.0,5,qpsk-r1/2,w,9,1,0,data,ok,8,6,2.8,42.1
mpp,0.0,5,ack-1f,w,3,3,0,ctl,ok,0,0,3.0,42.1
mpp,0.0,5,qpsk-r1/2,w,9,1,0,data,ok,6,6,3.7,42.1
mpp,0.0,5,ack-1f,w,2,2,0,ctl,ctl_lost,0,0,-2.1,42.1
mpp,0.0,5,ack-4f,w,3,3,0,ctl,ok,0,0,3.2,42.1
mpp,0.0,5,ack-4f,w,3,3,0,ctl,ok,0,0,6.0,42.1
mpp,0.0,5,qpsk-r1/2,w,9,2,1,data,ok,7,1,2.8,42.1
mpp,0.0,5,ack-1f,w,3,3,0,ctl,ok,0,0,1.6,42.1
mpp,0.0,5,qpsk-r1/3,w,9,1,0,data,ok,8,8,2.1,42.1
mpp,0.0,5,ack-1f,w,2,2,0,ctl,ok,0,0,3.2,42.1
mpp,0.0,5,qpsk-r1/3,w,9,1,0,data,ok,8,8,3.9,42.1
mpp,0.0,5,ack-1f,w,2,2,0,ctl,ok,0,0,1.8,42.1
mpp,0.0,5,qpsk-r1/3,w,9,1,0,data,ok,8,8,2.8,42.1
mpp,0.0,5,ack-1f,w,2,2,0,ctl,ok,0,0,6.1,42.1
mpp,0.0,5,qpsk-r1/3,w,9,1,0,data,ok,8,8,1.3,42.1
mpp,0.0,5,ack-1f,w,2,2,0,ctl,ok,0,0,2.4,42.1
mpp,0.0,5,qpsk-r1/3,w,9,1,0,data,ok,8,8,4.4,42.1
mpp,0.0,5,ack-1f,w,2,2,0,ctl,ok,0,0,3.1,42.1
mpp,0.0,5,qpsk-r1/3,w,9,1,0,data,ok,8,8,3.8,42.1
mpp,0.0,5,ack-1f,w,2,2,0,ctl,ctl_lost,0,0,-5.1,42.1
mpp,0.0,5,ack-4f,w,3,3,0,ctl,ok,0,0,3.8,42.1
mpp,0.0,5,ack-4f,w,2,2,0,ctl,ok,0,0,3.8,42.1
mpp,0.0,5,qpsk-r1/2,w,9,1,0,data,ctl_lost,8,0,2.5,42.1
mpp,0.0,5,ack-4f,w,3,3,0,ctl,ok,0,0,1.8,42.1
mpp,0.0,5,ack-4f,w,2,2,0,ctl,ok,0,0,5.2,42.1
mpp,0.0,5,qpsk-r1/3,w,9,1,0,data,ok,8,8,2.9,42.1
mpp,0.0,5,ack-1f,w,2,2,0,ctl,ok,0,0,-1.6,42.1
mpp,0.0,5,qpsk-r1/3,w,9,1,0,data,ok,8,8,3.5,42.1
mpp,0.0,5,ack-4f,w,2,2,0,ctl,ok,0,0,5.1,42.1
mpp,0.0,5,qpsk-r1/3,w,9,1,0,data,ok,8,8,3.6,42.1
mpp,0.0,5,ack-4f,w,2,2,0,ctl,ok,0,0,1.4,42.1
mpp,0.0,5,qpsk-r1/3,w,9,1,0,data,ok,8,8,3.2,42.1
mpp,0.0,5,ack-4f,w,2,2,0,ctl,ok,0,0,4.7,42.1
mpp,0.0,5,qpsk-r1/3,w,9,1,0,data,ok,8,8,2.6,42.1
mpp,0.0,5,ack-4f,w,2,2,0,ctl,ok,0,0,5.1,42.1
mpp,0.0,5,qpsk-r1/3,w,9,1,0,data,ok,8,8,3.5,42.1
mpp,0.0,6,qpsk-r1/5,w,1,1,0,ctl,ok,0,0,4.6,43.8
mpp,0.0,6,qpsk-r1/5,w,1,1,0,ctl,ok,0,0,4.8,43.8
mpp,0.0,6,ack-4f,w,3,3,0,ctl,ok,0,0,0.8,43.8
mpp,0.0,6,ack-1f,w,3,3,0,ctl,ok,0,0,4.7,43.8
mpp,0.0,6,qpsk-r1/3,w,9,2,1,data,ok,7,7,3.3,43.8
mpp,0.0,6,ack-1f,w,2,2,0,ctl,ok,0,0,0.0,43.8
mpp,0.0,6,qpsk-r1/3,w,9,1,0,data,ok,8,8,4.0,43.8
mpp,0.0,6,ack-1f,w,3,3,0,ctl,ok,0,0,1.3,43.8
mpp,0.0,6,qpsk-r1/2,w,9,2,1,data,ok,7,7,3.9,43.8
mpp,0.0,6,ack-1f,w,3,3,0,ctl,ok,0,0,4.6,43.8
mpp,0.0,6,qpsk-r1/2,w,9,2,1,data,ok,7,0,1.3,43.8
mpp,0.0,6,ack-1f,w,3,3,0,ctl,ok,0,0,0.7,43.8
mpp,0.0,6,qpsk-r1/3,w,9,2,1,data,ok,7,7,3.6,43.8
mpp,0.0,6,ack-1f,w,2,2,0,ctl,ok,0,0,2.7,43.8
mpp,0.0,6,qpsk-r1/3,w,9,1,0,data,ok,8,8,2.5,43.8
mpp,0.0,6,ack-1f,w,2,2,0,ctl,ok,0,0,5.4,43.8
mpp,0.0,6,qpsk-r1/3,w,9,1,0,data,ok,8,8,3.8,43.8
mpp,0.0,6,ack-1f,w,3,3,0,ctl,ok,0,0,4.8,43.8
mpp,0.0,6,qpsk-r1/2,w,9,2,1,data,ok,7,4,3.3,43.8
mpp,0.0,6,ack-1f,w,3,3,0,ctl,ok,0,0,4.4,43.8
mpp,0.0,6,qpsk-r1/2,w,9,2,1,data,ok,4,4,4.2,43.8
mpp,0.0,6,ack-1f,w,3,3,0,ctl,ok,0,0,1.1,43.8
mpp,0.0,6,qpsk-r1/2,w,9,2,1,data,ok,7,6,3.6,43.8
mpp,0.0,6,ack-1f,w,3,3,0,ctl,ok,0,0,3.4,43.8
mpp,0.0,6,qpsk-r1/2,w,9,2,1,data,ok,6,6,3.5,43.8
mpp,0.0,6,ack-1f,w,3,3,0,ctl,ok,0,0,5.7,43.8
mpp,0.0,6,qpsk-r1/2,w,9,2,1,data,ok,7,7,4.6,43.8
mpp,0.0,6,ack-1f,w,2,2,0,ctl,ok,0,0,3.5,43.8
mpp,0.0,6,qpsk-r1/2,w,9,1,0,data,ok,8,8,4.6,43.8
mpp,0.0,6,ack-1f,w,2,2,0,ctl,ok,0,0,0.2,43.8
mpp,0.0,6,qpsk-r1/2,w,9,1,0,data,ok,8,7,3.9,43.8
mpp,0.0,6,ack-1f,w,3,3,0,ctl,ok,0,0,5.0,43.8
mpp,0.0,6,qpsk-r1/2,w,9,1,0,data,ok,7,7,4.6,43.8
mpp,0.0,6,ack-1f,w,2,2,0,ctl,ok,0,0,3.6,43.8
mpp,0.0,6,qpsk-r1/2,w,9,1,0,data,ok,8,8,3.6,43.8
mpp,0.0,6,ack-1f,w,2,2,0,ctl,ok,0,0,-0.5,43.8
mpp,0.0,6,qpsk-r1/2,w,9,1,0,data,ctl_lost,8,0,1.6,43.8
mpp,0.0,6,ack-4f,w,3,3,0,ctl,ok,0,0,2.7,43.8
mpp,0.0,6,ack-4f,w,3,3,0,ctl,ok,0,0,4.2,43.8
mpp,0.0,6,qpsk-r1/3,w,9,2,1,data,ok,7,7,3.9,43.8
mpp,0.0,6,ack-1f,w,3,3,0,ctl,ok,0,0,2.4,43.8
mpp,0.0,6,qpsk-r1/2,w,9,2,1,data,ok,7,7,3.2,43.8
mpp,0.0,6,ack-1f,w,3,3,0,ctl,ok,0,0,1.9,43.8
mpp,0.0,6,qpsk-r1/2,w,9,2,1,data,ok,7,7,3.0,43.8
mpp,0.0,6,ack-1f,w,3,3,0,ctl,ok,0,0,3.4,43.8
mpp,0.0,6,qpsk-r1/2,w,9,2,1,data,ok,7,7,3.6,43.8
mpp,0.0,6,ack-1f,w,3,3,0,ctl,ok,0,0,3.2,43.8
mpp,0.0,6,qpsk-r1/2,w,9,2,1,data,ok,7,0,1.2,43.8
mpp,0.0,6,ack-1f,w,2,2,0,ctl,ok,0,0,-3.3,43.8
mpp,0.0,6,qpsk-r1/3,w,9,1,0,data,ok,8,8,3.1,43.8
mpp,0.0,6,ack-1f,w,2,2,0,ctl,ok,0,0,0.0,43.8
mpp,0.0,6,qpsk-r1/3,w,9,1,0,data,ok,8,8,4.6,43.8
mpp,0.0,6,ack-1f,w,2,2,0,ctl,ctl_lost,0,0,-1.6,43.8
mpp,0.0,6,ack-4f,w,3,3,0,ctl,ok,0,0,4.1,43.8
mpp,0.0,6,ack-4f,w,2,2,0,ctl,ok,0,0,2.8,43.8
mpp,0.0,6,qpsk-r1/2,w,9,1,0,data,ctl_lost,8,0,2.4,43.8
mpp,0.0,6,ack-4f,w,3,3,0,ctl,ok,0,0,3.8,43.8
mpp,0.0,6,ack-4f,w,2,2,0,ctl,ok,0,0,3.0,43.8
mpp,0.0,6,qpsk-r1/3,w,9,1,0,data,ok,8,8,2.8,43.8
mpp,0.0,6,ack-1f,w,2,2,0,ctl,ok,0,0,6.7,43.8
mpp,0.0,6,qpsk-r1/3,w,9,1,0,data,ok,8,8,3.4,43.8
mpp,0.0,6,ack-1f,w,2,2,0,ctl,ok,0,0,-1.1,43.8
mpp,0.0,6,qpsk-r1/3,w,9,1,0,data,ok,8,8,4.3,43.8
mpp,0.0,6,ack-1f,w,3,3,0,ctl,ok,0,0,-1.7,43.8
mpp,0.0,6,qpsk-r1/2,w,9,2,1,data,ok,7,7,3.2,43.8
mpp,0.0,6,ack-4f,w,3,3,0,ctl,ok,0,0,1.1,43.8
mpp,0.0,6,qpsk-r1/2,w,9,2,1,data,ok,7,6,3.5,43.8
mpp,0.0,6,ack-4f,w,3,3,0,ctl,ok,0,0,4.5,43.8
mpp,0.0,6,qpsk-r1/2,w,9,2,1,data,ok,6,6,3.7,43.8
mpp,0.0,6,ack-1f,w,3,3,0,ctl,ok,0,0,-1.3,43.8
mpp,0.0,6,qpsk-r1/2,w,9,2,1,data,ok,7,7,4.5,43.8
mpp,0.0,6,ack-4f,w,2,2,0,ctl,ok,0,0,4.9,43.8
mpp,0.0,6,qpsk-r1/2,w,9,1,0,data,ctl_lost,8,3,3.3,43.8
mpp,0.0,6,ack-4f,w,3,3,0,ctl,ok,0,0,0.9,43.8
mpp,0.0,6,ack-4f,w,2,2,0,ctl,ok,0,0,2.2,43.8
mpp,0.0,6,qpsk-r1/3,w,9,1,0,data,ok,8,8,4.0,43.8
mpp,0.0,6,ack-1f,w,2,2,0,ctl,ok,0,0,0.9,43.8
mpp,0.0,6,qpsk-r1/3,w,9,1,0,data,ok,8,8,2.6,43.8
mpp,0.0,6,ack-4f,w,2,2,0,ctl,ok,0,0,1.1,43.8
mpp,0.0,6,qpsk-r1/3,w,9,1,0,data,ok,8,8,3.7,43.8
mpp,0.0,6,ack-1f,w,2,2,0,ctl,ok,0,0,1.5,43.8
mpp,0.0,6,qpsk-r1/3,w,9,1,0,data,ok,8,8,3.8,43.8
mpp,0.0,6,ack-1f,w,2,2,0,ctl,ok,0,0,3.7,43.8
mpp,0.0,6,qpsk-r1/3,w,9,1,0,data,ok,8,8,4.5,43.8
mpp,0.0,6,ack-1f,w,3,3,0,ctl,ok,0,0,0.7,43.8
mpp,0.0,6,qpsk-r1/2,w,9,2,1,data,ok,7,7,4.0,43.8
mpp,0.0,6,ack-1f,w,3,3,0,ctl,ok,0,0,3.7,43.8
mpp,0.0,6,qpsk-r1/2,w,9,2,1,data,ok,7,7,3.9,43.8
mpp,0.0,6,ack-1f,w,3,3,0,ctl,ok,0,0,3.6,43.8
mpp,0.0,6,qpsk-r1/2,w,9,2,1,data,ok,7,0,2.4,43.8
mpp,0.0,6,ack-1f,w,2,2,0,ctl,ok,0,0,4.7,43.8
mpp,0.0,6,qpsk-r1/3,w,9,1,0,data,ok,8,8,3.8,43.8
mpp,0.0,6,ack-1f,w,2,2,0,ctl,ok,0,0,1.2,43.8
mpp,0.0,6,qpsk-r1/3,w,9,1,0,data,ok,8,8,2.9,43.8
mpp,0.0,6,ack-1f,w,2,2,0,ctl,ok,0,0,0.6,43.8
mpp,0.0,6,qpsk-r1/3,w,9,1,0,data,ok,8,8,1.1,43.8
mpp,0.0,6,ack-1f,w,2,2,0,ctl,ok,0,0,4.4,43.8
mpp,0.0,6,qpsk-r1/3,w,9,1,0,data,ok,8,8,4.0,43.8
mpp,0.0,7,qpsk-r1/5,w,1,1,0,ctl,ok,0,0,2.1,47.6
mpp,0.0,7,qpsk-r1/5,w,1,1,0,ctl,ok,0,0,3.2,47.6
mpp,0.0,7,ack-4f,w,3,3,0,ctl,ok,0,0,1.7,47.6
mpp,0.0,7,ack-1f,w,3,3,0,ctl,ok,0,0,6.4,47.6
mpp,0.0,7,qpsk-r1/3,w,9,2,1,data,ok,7,7,1.9,47.6
mpp,0.0,7,ack-1f,w,3,3,0,ctl,ok,0,0,1.0,47.6
mpp,0.0,7,qpsk-r1/3,w,9,2,1,data,ok,7,7,3.6,47.6
mpp,0.0,7,ack-1f,w,2,2,0,ctl,ok,0,0,3.0,47.6
mpp,0.0,7,qpsk-r1/3,w,9,1,0,data,ok,8,8,4.1,47.6
mpp,0.0,7,ack-1f,w,3,3,0,ctl,ok,0,0,1.7,47.6
mpp,0.0,7,qpsk-r1/2,w,9,2,1,data,ok,7,7,4.5,47.6
mpp,0.0,7,ack-1f,w,3,3,0,ctl,ok,0,0,2.3,47.6
mpp,0.0,7,qpsk-r1/2,w,9,2,1,data,ok,7,7,3.1,47.6
mpp,0.0,7,ack-1f,w,3,3,0,ctl,ok,0,0,6.2,47.6
mpp,0.0,7,qpsk-r1/2,w,9,2,1,data,ok,7,7,4.5,47.6
mpp,0.0,7,ack-1f,w,3,3,0,ctl,ok,0,0,4.2,47.6
mpp,0.0,7,qpsk-r1/2,w,9,2,1,data,ok,7,0,2.3,47.6
mpp,0.0,7,ack-1f,w,2,2,0,ctl,ok,0,0,7.0,47.6
mpp,0.0,7,qpsk-r1/3,w,9,1,0,data,ok,8,8,3.3,47.6
mpp,0.0,7,ack-1f,w,2,2,0,ctl,ok,0,0,-0.3,47.6
mpp,0.0,7,qpsk-r1/3,w,9,1,0,data,ok,8,8,4.2,47.6
mpp,0.0,7,ack-1f,w,3,3,0,ctl,ok,0,0,-1.6,47.6
mpp,0.0,7,qpsk-r1/2,w,9,2,1,data,ok,7,7,3.6,47.6
mpp,0.0,7,ack-4f,w,3,3,0,ctl,ok,0,0,2.8,47.6
mpp,0.0,7,qpsk-r1/2,w,9,2,1,data,ok,7,7,3.7,47.6
mpp,0.0,7,ack-1f,w,3,3,0,ctl,ok,0,0,5.7,47.6
mpp,0.0,7,qpsk-r1/2,w,9,2,1,data,ok,7,0,2.0,47.6
mpp,0.0,7,ack-1f,w,2,2,0,ctl,ok,0,0,2.9,47.6
mpp,0.0,7,qpsk-r1/3,w,9,1,0,data,ok,8,8,4.3,47.6
mpp,0.0,7,ack-1f,w,3,3,0,ctl,ok,0,0,5.4,47.6
mpp,0.0,7,qpsk-r1/2,w,9,2,1,data,ok,7,7,4.7,47.6
mpp,0.0,7,ack-1f,w,2,2,0,ctl,ok,0,0,7.7,47.6
mpp,0.0,7,qpsk-r1/2,w,9,1,0,data,ok,8,8,3.6,47.6
mpp,0.0,7,ack-1f,w,2,2,0,ctl,ok,0,0,7.3,47.6
mpp,0.0,7,qpsk-r1/2,w,9,1,0,data,ok,8,8,4.1,47.6
mpp,0.0,7,ack-1f,w,2,2,0,ctl,ok,0,0,1.9,47.6
mpp,0.0,7,qpsk-r1/2,w,9,1,0,data,ctl_lost,8,0,2.4,47.6
mpp,0.0,7,ack-4f,w,3,3,0,ctl,ok,0,0,3.6,47.6
mpp,0.0,7,ack-4f,w,2,2,0,ctl,ok,0,0,2.7,47.6
mpp,0.0,7,qpsk-r1/3,w,9,1,0,data,ok,8,8,3.5,47.6
mpp,0.0,7,ack-1f,w,3,3,0,ctl,ok,0,0,2.1,47.6
mpp,0.0,7,qpsk-r1/2,w,9,2,1,data,ok,7,7,3.4,47.6
mpp,0.0,7,ack-1f,w,3,3,0,ctl,ok,0,0,7.0,47.6
mpp,0.0,7,qpsk-r1/2,w,9,2,1,data,ok,7,7,3.7,47.6
mpp,0.0,7,ack-1f,w,3,3,0,ctl,ok,0,0,1.7,47.6
mpp,0.0,7,qpsk-r1/2,w,9,2,1,data,ok,7,7,4.8,47.6
mpp,0.0,7,ack-1f,w,2,2,0,ctl,ok,0,0,3.4,47.6
mpp,0.0,7,qpsk-r1/2,w,9,1,0,data,ok,8,8,2.9,47.6
mpp,0.0,7,ack-1f,w,2,2,0,ctl,ctl_lost,0,0,-2.6,47.6
mpp,0.0,7,ack-4f,w,3,3,0,ctl,ok,0,0,4.3,47.6
mpp,0.0,7,ack-4f,w,3,3,0,ctl,ok,0,0,2.2,47.6
mpp,0.0,7,qpsk-r1/2,w,9,2,1,data,ok,7,7,4.1,47.6
mpp,0.0,7,ack-4f,w,2,2,0,ctl,ok,0,0,0.2,47.6
mpp,0.0,7,qpsk-r1/2,w,9,1,0,data,ok,8,8,3.9,47.6
mpp,0.0,7,ack-4f,w,2,2,0,ctl,ok,0,0,-0.4,47.6
mpp,0.0,7,qpsk-r1/2,w,9,1,0,data,ok,8,8,4.4,47.6
mpp,0.0,7,ack-4f,w,2,2,0,ctl,ok,0,0,4.7,47.6
mpp,0.0,7,qpsk-r1/2,w,9,1,0,data,ok,8,8,4.1,47.6
mpp,0.0,7,ack-4f,w,2,2,0,ctl,ok,0,0,4.5,47.6
mpp,0.0,7,qpsk-r1/2,w,9,1,0,data,ok,8,8,5.0,47.6
mpp,0.0,7,ack-1f,w,2,2,0,ctl,ok,0,0,2.1,47.6
mpp,0.0,7,qpsk-r1/2,w,9,1,0,data,ok,8,8,3.4,47.6
mpp,0.0,7,ack-1f,w,2,2,0,ctl,ok,0,0,-0.6,47.6
mpp,0.0,7,qpsk-r1/2,w,9,1,0,data,ctl_lost,8,0,1.7,47.6
mpp,0.0,7,ack-4f,w,3,3,0,ctl,ok,0,0,3.0,47.6
mpp,0.0,7,ack-4f,w,2,2,0,ctl,ok,0,0,-1.4,47.6
mpp,0.0,7,qpsk-r1/3,w,9,1,0,data,ok,8,8,3.2,47.6
mpp,0.0,7,ack-4f,w,2,2,0,ctl,ok,0,0,6.1,47.6
mpp,0.0,7,qpsk-r1/3,w,9,1,0,data,ok,8,8,4.1,47.6
mpp,0.0,7,ack-1f,w,3,3,0,ctl,ok,0,0,3.5,47.6
mpp,0.0,7,qpsk-r1/2,w,9,2,1,data,ok,7,7,3.8,47.6
mpp,0.0,7,ack-1f,w,3,3,0,ctl,ok,0,0,-0.1,47.6
mpp,0.0,7,qpsk-r1/2,w,9,2,1,data,ok,7,0,2.3,47.6
mpp,0.0,7,ack-4f,w,2,2,0,ctl,ok,0,0,3.4,47.6
mpp,0.0,7,qpsk-r1/3,w,9,1,0,data,ok,8,8,4.3,47.6
mpp,0.0,7,ack-1f,w,3,3,0,ctl,ok,0,0,2.2,47.6
mpp,0.0,7,qpsk-r1/2,w,9,2,1,data,ok,7,7,4.3,47.6
mpp,0.0,7,ack-1f,w,2,2,0,ctl,ok,0,0,3.0,47.6
mpp,0.0,7,qpsk-r1/2,w,9,1,0,data,ok,8,8,3.8,47.6
mpp,0.0,7,ack-1f,w,2,2,0,ctl,ok,0,0,2.6,47.6
mpp,0.0,7,qpsk-r1/2,w,9,1,0,data,ctl_lost,8,0,2.3,47.6
mpp,0.0,7,ack-4f,w,3,3,0,ctl,ok,0,0,2.6,47.6
mpp,0.0,7,ack-4f,w,2,2,0,ctl,ok,0,0,1.4,47.6
mpp,0.0,7,qpsk-r1/3,w,9,1,0,data,ok,8,8,4.7,47.6
mpp,0.0,7,ack-1f,w,3,3,0,ctl,ok,0,0,1.0,47.6
mpp,0.0,7,qpsk-r1/2,w,9,2,1,data,ok,7,6,3.2,47.6
mpp,0.0,7,ack-4f,w,3,3,0,ctl,ok,0,0,3.1,47.6
mpp,0.0,7,qpsk-r1/2,w,9,2,1,data,ok,6,6,3.5,47.6
mpp,0.0,7,ack-1f,w,3,3,0,ctl,ok,0,0,2.9,47.6
mpp,0.0,7,qpsk-r1/2,w,9,2,1,data,ok,7,2,2.5,47.6
mpp,0.0,7,ack-1f,w,3,3,0,ctl,ok,0,0,5.6,47.6
mpp,0.0,7,qpsk-r1/2,w,9,2,1,data,ok,2,2,4.2,47.6
mpp,0.0,7,ack-1f,w,3,3,0,ctl,ok,0,0,4.9,47.6
mpp,0.0,7,qpsk-r1/2,w,9,2,1,data,ok,7,6,3.1,47.6
mpp,0.0,7,ack-1f,w,3,3,0,ctl,ok,0,0,-0.2,47.6
mpp,0.0,7,qpsk-r1/2,w,9,2,1,data,ok,6,6,3.3,47.6
mpp,0.0,7,ack-1f,w,3,3,0,ctl,ok,0,0,-0.0,47.6
mpp,0.0,7,qpsk-r1/2,w,9,2,1,data,ok,7,7,3.9,47.6
mpg,0.0,8,qpsk-r1/5,w,1,1,0,ctl,ok,0,0,3.8,40.8
mpg,0.0,8,qpsk-r1/5,w,1,1,0,ctl,ok,0,0,2.7,40.8
mpg,0.0,8,ack-4f,w,3,3,0,ctl,ok,0,0,0.2,40.8
mpg,0.0,8,ack-4f,w,3,3,0,ctl,ok,0,0,5.6,40.8
mpg,0.0,8,qpsk-r1/3,w,9,2,1,data,ok,7,7,1.2,40.8
mpg,0.0,8,ack-1f,w,3,3,0,ctl,ok,0,0,-2.2,40.8
mpg,0.0,8,qpsk-r1/3,w,9,2,1,data,ok,7,7,1.1,40.8
mpg,0.0,8,ack-4f,w,3,3,0,ctl,ok,0,0,-2.5,40.8
mpg,0.0,8,qpsk-r1/3,w,9,2,1,data,ok,7,7,3.7,40.8
mpg,0.0,8,ack-4f,w,2,2,0,ctl,ok,0,0,9.5,40.8
mpg,0.0,8,qpsk-r1/3,w,9,1,0,data,ok,8,8,5.5,40.8
mpg,0.0,8,ack-1f,w,2,2,0,ctl,ok,0,0,3.4,40.8
mpg,0.0,8,qpsk-r1/3,w,9,1,0,data,ok,8,8,5.8,40.8
mpg,0.0,8,ack-1f,w,3,3,0,ctl,ok,0,0,5.4,40.8
mpg,0.0,8,qpsk-r1/2,w,9,2,1,data,ok,7,7,4.3,40.8
mpg,0.0,8,ack-1f,w,2,2,0,ctl,ok,0,0,1.9,40.8
mpg,0.0,8,qpsk-r1/2,w,9,1,0,data,ctl_lost,8,0,-0.9,40.8
mpg,0.0,8,ack-4f,w,3,3,0,ctl,ok,0,0,5.8,40.8
mpg,0.0,8,ack-4f,w,3,3,0,ctl,ok,0,0,4.2,40.8
mpg,0.0,8,qpsk-r1/3,w,9,2,1,data,ok,7,7,1.7,40.8
mpg,0.0,8,ack-1f,w,3,3,0,ctl,ok,0,0,0.6,40.8
mpg,0.0,8,qpsk-r1/3,w,9,2,1,data,ok,7,7,4.1,40.8
mpg,0.0,8,ack-4f,w,2,2,0,ctl,ok,0,0,5.9,40.8
mpg,0.0,8,qpsk-r1/3,w,9,1,0,data,ctl_lost,8,0,-1.2,40.8
mpg,0.0,8,ack-4f,w,3,3,0,ctl,ok,0,0,3.2,40.8
mpg,0.0,8,ack-4f,w,3,3,0,ctl,ok,0,0,5.0,40.8
mpg,0.0,8,qpsk-r1/3,w,9,2,1,data,ok,7,7,3.3,40.8
mpg,0.0,8,ack-1f,w,3,3,0,ctl,ok,0,0,3.0,40.8
mpg,0.0,8,qpsk-r1/3,w,9,2,1,data,ok,7,7,6.7,40.8
mpg,0.0,8,ack-1f,w,3,3,0,ctl,ok,0,0,10.4,40.8
mpg,0.0,8,w48-qpsk-r1/3,w48,19,2,1,data,ok,17,17,4.8,40.8
mpg,0.0,8,ack-1f,w,3,3,0,ctl,ok,0,0,3.3,40.8
mpg,0.0,8,w48-qpsk-r1/3,w48,19,2,1,data,ok,17,15,2.1,40.8
mpg,0.0,8,ack-1f,w,3,3,0,ctl,ok,0,0,4.6,40.8
mpg,0.0,8,w48-qpsk-r1/3,w48,19,2,1,data,ok,15,0,0.0,40.8
mpg,0.0,8,ack-1f,w,3,3,0,ctl,ok,0,0,-6.4,40.8
mpg,0.0,8,w48-qpsk-r1/5,w48,19,2,1,data,ok,17,17,1.8,40.8
mpg,0.0,8,ack-4f,w,3,3,0,ctl,ok,0,0,-2.0,40.8
mpg,0.0,8,w48-qpsk-r1/5,w48,19,2,1,data,ok,17,17,5.3,40.8
mpg,0.0,8,ack-4f,w,3,3,0,ctl,ok,0,0,0.8,40.8
mpg,0.0,8,w48-qpsk-r1/3,w48,19,2,1,data,ok,17,1,3.3,40.8
mpg,0.0,8,ack-4f,w,3,3,0,ctl,ok,0,0,6.4,40.8
mpg,0.0,8,w48-qpsk-r1/3,w48,19,1,0,data,ok,2,2,2.1,40.8
mpg,0.0,8,ack-1f,w,3,3,0,ctl,ok,0,0,3.4,40.8
mpg,0.0,8,w48-qpsk-r1/5,w48,19,2,1,data,ok,17,17,4.0,40.8
mpg,0.0,8,ack-1f,w,3,3,0,ctl,ok,0,0,6.5,40.8
mpg,0.0,8,w48-qpsk-r1/3,w48,19,2,1,data,ok,17,17,4.2,40.8
mpg,0.0,8,ack-1f,w,3,3,0,ctl,ok,0,0,5.3,40.8
mpg,0.0,8,w48-qpsk-r1/3,w48,19,2,1,data,ok,17,0,0.7,40.8
mpg,0.0,8,ack-1f,w,3,3,0,ctl,ok,0,0,3.5,40.8
mpg,0.0,8,w48-qpsk-r1/5,w48,19,2,1,data,ok,17,17,3.3,40.8
mpg,0.0,8,ack-1f,w,2,2,0,ctl,ok,0,0,6.9,40.8
mpg,0.0,8,w48-qpsk-r1/5,w48,19,1,0,data,ok,18,18,0.9,40.8
mpg,0.0,8,ack-1f,w,3,3,0,ctl,ok,0,0,0.2,40.8
mpg,0.0,8,w48-qpsk-r1/5,w48,19,2,1,data,ok,17,17,-0.1,40.8
mpg,0.0,8,ack-1f,w,3,3,0,ctl,ok,0,0,2.4,40.8
mpg,0.0,8,w48-qpsk-r1/5,w48,19,2,1,data,ok,17,17,2.7,40.8
mpg,0.0,8,ack-1f,w,2,2,0,ctl,ctl_lost,0,0,-1.2,40.8
mpg,0.0,8,ack-4f,w,3,3,0,ctl,ok,0,0,5.1,40.8
mpg,0.0,8,ack-4f,w,2,2,0,ctl,ok,0,0,4.8,40.8
mpg,0.0,8,w48-qpsk-r1/5,w48,19,1,0,data,ctl_lost,18,0,-1.4,40.8
mpg,0.0,8,ack-4f,w,3,3,0,ctl,ok,0,0,5.6,40.8
mpg,0.0,8,ack-4f,w,3,3,0,ctl,ok,0,0,6.0,40.8
mpg,0.0,8,w48-qpsk-r1/5,w48,19,2,1,data,ok,17,16,0.2,40.8
mpg,0.0,8,ack-1f,w,4,4,0,ctl,ok,0,0,0.1,40.8
mpg,0.0,8,w48-qpsk-r1/5,w48,19,2,1,data,ok,16,16,2.7,40.8
mpg,0.0,8,ack-4f,w,3,3,0,ctl,ok,0,0,4.3,40.8
mpg,0.0,8,w48-qpsk-r1/5,w48,19,2,1,data,ok,17,17,2.1,40.8
mpg,0.0,8,ack-1f,w,3,3,0,ctl,ok,0,0,5.7,40.8
mpg,0.0,8,w48-qpsk-r1/5,w48,19,2,1,data,ok,17,17,2.0,40.8
mpg,0.0,8,ack-1f,w,2,2,0,ctl,ok,0,0,5.1,40.8
mpg,0.0,8,w48-qpsk-r1/5,w48,19,1,0,data,ctl_lost,18,0,-1.1,40.8
mpg,0.0,8,ack-4f,w,3,3,0,ctl,ok,0,0,-1.3,40.8
mpg,0.0,8,ack-4f,w,3,3,0,ctl,ok,0,0,-1.0,40.8
mpg,0.0,8,qpsk-r1/3,w,9,2,1,data,ok,7,7,2.3,40.8
mpg,0.0,8,ack-4f,w,3,3,0,ctl,ok,0,0,2.8,40.8
mpg,0.0,8,qpsk-r1/3,w,9,2,1,data,ok,7,7,5.0,40.8
mpg,0.0,8,ack-4f,w,2,2,0,ctl,ok,0,0,0.4,40.8
mpg,0.0,8,qpsk-r1/3,w,9,1,0,data,ok,8,8,1.1,40.8
mpg,0.0,8,ack-4f,w,2,2,0,ctl,ok,0,0,0.7,40.8
mpg,0.0,8,qpsk-r1/3,w,9,1,0,data,ok,8,8,3.0,40.8
mpg,0.0,8,ack-4f,w,2,2,0,ctl,ok,0,0,-2.1,40.8
mpg,0.0,8,qpsk-r1/3,w,9,1,0,data,ctl_lost,8,0,-0.1,40.8
mpg,0.0,8,ack-4f,w,3,3,0,ctl,ok,0,0,1.0,40.8
mpg,0.0,8,ack-4f,w,3,3,0,ctl,ok,0,0,2.4,40.8
mpg,0.0,8,qpsk-r1/3,w,9,2,1,data,ok,7,7,3.8,40.8
mpg,0.0,8,ack-4f,w,3,3,0,ctl,ok,0,0,5.6,40.8
mpg,0.0,8,qpsk-r1/3,w,9,2,1,data,ok,7,7,5.2,40.8
mpg,0.0,8,ack-1f,w,3,3,0,ctl,ok,0,0,6.4,40.8
mpg,0.0,8,w48-qpsk-r1/5,w48,19,2,1,data,ok,17,17,1.3,40.8
mpg,0.0,8,ack-1f,w,3,3,0,ctl,ok,0,0,0.8,40.8
mpg,0.0,8,w48-qpsk-r1/5,w48,19,2,1,data,ok,17,17,0.9,40.8
mpg,0.0,8,ack-1f,w,3,3,0,ctl,ok,0,0,4.0,40.8
mpg,0.0,8,w48-qpsk-r1/5,w48,19,2,1,data,ok,17,17,3.3,40.8
mpg,0.0,10,qpsk-r1/5,w,1,1,0,ctl,ok,0,0,6.8,41.6
mpg,0.0,10,qpsk-r1/5,w,1,1,0,ctl,ok,0,0,4.7,41.6
mpg,0.0,10,ack-4f,w,3,3,0,ctl,ok,0,0,5.6,41.6
mpg,0.0,10,ack-1f,w,3,3,0,ctl,ok,0,0,7.7,41.6
mpg,0.0,10,w48-qpsk-r1/2,w48,19,2,1,data,ok,17,17,5.3,41.6
mpg,0.0,10,ack-1f,w,3,3,0,ctl,ok,0,0,8.3,41.6
mpg,0.0,10,w48-qpsk-r1/2,w48,19,2,1,data,ctl_lost,17,0,0.3,41.6
mpg,0.0,10,ack-4f,w,2,2,0,ctl,ok,0,0,3.5,41.6
mpg,0.0,10,ack-4f,w,3,3,0,ctl,ok,0,0,2.0,41.6
mpg,0.0,10,w48-qpsk-r1/5,w48,19,2,1,data,ok,17,3,-0.9,41.6
mpg,0.0,10,ack-1f,w,4,4,0,ctl,ok,0,0,-0.2,41.6
mpg,0.0,10,w48-qpsk-r1/5,w48,19,2,1,data,ok,3,3,-0.5,41.6
mpg,0.0,10,ack-4f,w,3,3,0,ctl,ctl_lost,0,0,-4.8,41.6
mpg,0.0,10,ack-4f,w,3,3,0,ctl,ok,0,0,2.2,41.6
mpg,0.0,10,ack-4f,w,3,3,0,ctl,ok,0,0,2.0,41.6
mpg,0.0,10,w48-qpsk-r1/5,w48,19,2,1,data,ok,17,17,3.1,41.6
mpg,0.0,10,n10-ack-4f,n10,3,3,0,ctl,ok,0,0,1.5,41.6
mpg,0.0,10,w48-qpsk-r1/5,w48,19,2,1,data,ok,17,17,-0.4,41.6
mpg,0.0,10,ack-1f,w,3,3,0,ctl,ctl_lost,0,0,-7.0,41.6
mpg,0.0,10,ack-4f,w,3,3,0,ctl,ok,0,0,2.8,41.6
mpg,0.0,10,ack-4f,w,3,3,0,ctl,ok,0,0,5.2,41.6
mpg,0.0,10,w48-qpsk-r1/5,w48,19,2,1,data,ok,17,17,0.6,41.6
mpg,0.0,10,n10-ack-4f,n10,3,3,0,ctl,ok,0,0,0.6,41.6
mpg,0.0,10,w48-qpsk-r1/5,w48,19,2,1,data,ok,17,17,2.4,41.6
mpg,0.0,10,n4-ack-2f,n4,2,2,0,ctl,ok,0,0,4.3,41.6
mpg,0.0,10,w48-qpsk-r1/5,w48,19,1,0,data,ok,18,18,1.9,41.6
mpg,0.0,10,n4-ack-2f,n4,2,2,0,ctl,ctl_lost,0,0,-18.1,41.6
mpg,0.0,10,ack-4f,w,3,3,0,ctl,ok,0,0,3.1,41.6
mpg,0.0,10,ack-4f,w,2,2,0,ctl,ok,0,0,5.5,41.6
mpg,0.0,10,w48-qpsk-r1/5,w48,19,1,0,data,ok,18,18,3.6,41.6
mpg,0.0,10,n10-ack-4f,n10,2,2,0,ctl,ok,0,0,-4.1,41.6
mpg,0.0,10,w48-qpsk-r1/5,w48,19,1,0,data,ok,18,18,1.4,41.6
mpg,0.0,10,ack-4f,w,2,2,0,ctl,ok,0,0,2.6,41.6
mpg,0.0,10,w48-qpsk-r1/5,w48,19,1,0,data,ctl_lost,18,8,0.1,41.6
mpg,0.0,10,ack-4f,w,3,3,0,ctl,ok,0,0,0.5,41.6
mpg,0.0,10,ack-4f,w,3,3,0,ctl,ok,0,0,6.4,41.6
mpg,0.0,10,w48-qpsk-r1/5,w48,19,2,1,data,ok,17,17,-0.1,41.6
mpg,0.0,10,n10-ack-4f,n10,3,3,0,ctl,ok,0,0,-3.6,41.6
mpg,0.0,10,w48-qpsk-r1/5,w48,19,2,1,data,ok,17,17,1.4,41.6
mpg,0.0,10,polar-k96-f4,w,1,1,0,ctl,ok,0,0,4.4,41.6
mpg,0.0,10,w48-qpsk-r1/5,w48,19,2,1,data,ok,17,17,-0.4,41.6
mpg,0.0,10,n10-ack-4f,n10,3,3,0,ctl,ok,0,0,1.7,41.6
mpg,0.0,10,w48-qpsk-r1/5,w48,19,2,1,data,ok,17,17,0.4,41.6
mpg,0.0,10,ack-1f,w,3,3,0,ctl,ok,0,0,7.4,41.6
mpg,0.0,10,w48-256l-r5/8,w48,39,2,1,data,ctl_lost,37,0,0.2,41.6
mpg,0.0,10,ack-4f,w,3,3,0,ctl,ok,0,0,3.2,41.6
mpg,0.0,10,ack-4f,w,3,3,0,ctl,ok,0,0,-1.4,41.6
mpg,0.0,10,w48-qpsk-r1/5,w48,19,2,1,data,ok,17,17,-0.4,41.6
mpg,0.0,10,n10-ack-4f,n10,3,3,0,ctl,ok,0,0,2.0,41.6
mpg,0.0,10,w48-qpsk-r1/5,w48,19,2,1,data,ok,17,0,-2.1,41.6
mpg,0.0,10,n10-ack-4f,n10,3,3,,ctl,missed,0,0,,41.6
mpg,0.0,10,ack-4f,w,3,3,0,ctl,ok,0,0,5.7,41.6
mpg,0.0,10,ack-4f,w,2,2,0,ctl,ok,0,0,5.1,41.6
mpg,0.0,10,w48-qpsk-r1/5,w48,19,1,0,data,ok,18,18,3.0,41.6
mpg,0.0,10,ack-1f,w,2,2,0,ctl,ok,0,0,4.7,41.6
mpg,0.0,10,w48-qpsk-r1/5,w48,19,1,0,data,ok,18,18,2.3,41.6
mpg,0.0,10,ack-1f,w,2,2,0,ctl,ok,0,0,2.2,41.6
mpg,0.0,10,w48-qpsk-r1/5,w48,19,1,0,data,ok,18,18,2.2,41.6
mpg,0.0,10,ack-1f,w,2,2,0,ctl,ok,0,0,3.6,41.6
mpg,0.0,10,w48-qpsk-r1/5,w48,19,1,0,data,ok,18,18,3.7,41.6
mpg,0.0,10,ack-1f,w,2,2,0,ctl,ok,0,0,8.1,41.6
mpg,0.0,10,w48-qpsk-r1/5,w48,19,1,0,data,ok,18,18,2.9,41.6
mpg,0.0,10,ack-1f,w,2,2,0,ctl,ok,0,0,6.0,41.6
mpg,0.0,10,w48-qpsk-r1/5,w48,19,1,0,data,ok,18,18,1.7,41.6
mpg,0.0,10,ack-1f,w,2,2,0,ctl,ok,0,0,9.7,41.6
mpg,0.0,10,w48-qpsk-r1/5,w48,19,1,0,data,ok,18,18,3.1,41.6
mpg,0.0,10,ack-1f,w,2,2,0,ctl,ok,0,0,1.8,41.6
mpg,0.0,10,w48-qpsk-r1/5,w48,19,1,0,data,ctl_lost,18,0,-4.7,41.6
mpg,0.0,10,ack-4f,w,3,3,0,ctl,ok,0,0,1.5,41.6
mpg,0.0,10,ack-4f,w,3,3,0,ctl,ok,0,0,7.4,41.6
mpg,0.0,10,w48-qpsk-r1/5,w48,19,2,1,data,ok,17,17,2.5,41.6
mpg,0.0,10,ack-1f,w,3,3,0,ctl,ok,0,0,-1.3,41.6
mpg,0.0,10,w48-qpsk-r1/5,w48,19,2,1,data,ok,17,17,3.2,41.6
mpg,0.0,10,ack-1f,w,2,2,0,ctl,ok,0,0,-0.4,41.6
mpg,0.0,10,w48-qpsk-r1/5,w48,19,1,0,data,ctl_lost,18,0,-2.8,41.6
mpg,0.0,10,ack-4f,w,3,3,0,ctl,ok,0,0,6.8,41.6
mpg,0.0,10,ack-4f,w,3,3,0,ctl,ok,0,0,3.3,41.6
mpg,0.0,10,w48-qpsk-r1/5,w48,19,2,1,data,ok,17,17,1.2,41.6
mpg,0.0,10,n10-ack-4f,n10,3,3,0,ctl,ok,0,0,5.1,41.6
mpg,0.0,10,w48-qpsk-r1/5,w48,19,2,1,data,ok,17,12,0.1,41.6
mpg,0.0,10,ack-1f,w,4,4,0,ctl,ok,0,0,-0.8,41.6
mpg,0.0,10,w48-qpsk-r1/5,w48,19,2,1,data,ok,12,10,0.3,41.6
mpg,0.0,10,polar-k96-f4,w,2,2,0,ctl,ok,0,0,2.9,41.6
mpg,0.0,10,w48-qpsk-r1/5,w48,19,2,1,data,ok,15,0,-2.7,41.6
mpg,0.0,10,n10-ack-4f,n10,3,3,0,ctl,ok,0,0,3.1,41.6
mpg,0.0,10,w48-qpsk-r1/5,w48,19,2,1,data,ok,2,2,2.6,41.6
mpg,0.0,10,ack-1f,w,3,3,0,ctl,ok,0,0,-0.9,41.6
mpg,0.0,10,w48-qpsk-r1/5,w48,19,2,1,data,ok,17,17,3.8,41.6
mpg,0.0,10,n10-ack-4f,n10,2,2,0,ctl,ok,0,0,7.2,41.6
mpg,0.0,10,w48-qpsk-r1/5,w48,19,1,0,data,ok,18,18,0.7,41.6
mpg,0.0,10,ack-1f,w,2,2,0,ctl,ok,0,0,7.3,41.6
mpg,0.0,10,w48-qpsk-r1/5,w48,19,1,0,data,ok,18,18,3.2,41.6
mpg,0.0,10,ack-1f,w,2,2,0,ctl,ok,0,0,5.6,41.6
mpg,0.0,10,w48-qpsk-r1/5,w48,19,1,0,data,ok,18,14,-1.0,41.6
mpg,0.0,10,ack-1f,w,3,3,0,ctl,ok,0,0,1.9,41.6
mpg,0.0,10,w48-qpsk-r1/5,w48,19,1,0,data,ok,14,14,5.0,41.6
mpp,0.0,9,qpsk-r1/5,w,1,1,0,ctl,ok,0,0,1.5,36.5
mpp,0.0,9,qpsk-r1/5,w,1,1,0,ctl,ok,0,0,1.0,36.5
mpp,0.0,9,ack-4f,w,3,3,0,ctl,ok,0,0,2.8,36.5
mpp,0.0,9,ack-4f,w,3,3,0,ctl,ok,0,0,2.1,36.5
mpp,0.0,9,qpsk-r1/3,w,9,2,1,data,ok,7,7,2.6,36.5
mpp,0.0,9,ack-4f,w,3,3,0,ctl,ok,0,0,2.0,36.5
mpp,0.0,9,qpsk-r1/3,w,9,2,1,data,ok,7,7,2.2,36.5
mpp,0.0,9,ack-4f,w,2,2,0,ctl,ok,0,0,4.9,36.5
mpp,0.0,9,qpsk-r1/3,w,9,1,0,data,ok,8,8,4.5,36.5
mpp,0.0,9,ack-1f,w,3,3,0,ctl,ok,0,0,1.7,36.5
mpp,0.0,9,qpsk-r1/2,w,9,2,1,data,ok,7,7,3.9,36.5
mpp,0.0,9,ack-1f,w,3,3,0,ctl,ok,0,0,4.5,36.5
mpp,0.0,9,qpsk-r1/2,w,9,2,1,data,ok,7,7,3.7,36.5
mpp,0.0,9,ack-1f,w,3,3,0,ctl,ok,0,0,3.7,36.5
mpp,0.0,9,qpsk-r1/2,w,9,2,1,data,ok,7,7,4.0,36.5
mpp,0.0,9,ack-1f,w,3,3,0,ctl,ok,0,0,3.4,36.5
mpp,0.0,9,qpsk-r1/2,w,9,2,1,data,ok,7,1,2.4,36.5
mpp,0.0,9,ack-1f,w,3,3,0,ctl,ok,0,0,4.3,36.5
mpp,0.0,9,qpsk-r1/2,w,9,2,1,data,ok,1,1,3.5,36.5
mpp,0.0,9,ack-1f,w,3,3,0,ctl,ok,0,0,2.1,36.5
mpp,0.0,9,qpsk-r1/2,w,9,2,1,data,ok,7,7,4.7,36.5
mpp,0.0,9,ack-1f,w,2,2,0,ctl,ctl_lost,0,0,3.9,36.5
mpp,0.0,9,ack-4f,w,3,3,0,ctl,ok,0,0,4.2,36.5
mpp,0.0,9,ack-4f,w,2,2,0,ctl,ok,0,0,6.3,36.5
mpp,0.0,9,qpsk-r1/2,w,9,1,0,data,ctl_lost,8,0,2.4,36.5
mpp,0.0,9,ack-4f,w,3,3,0,ctl,ok,0,0,3.8,36.5
mpp,0.0,9,ack-4f,w,2,2,0,ctl,ok,0,0,2.0,36.5
mpp,0.0,9,qpsk-r1/3,w,9,1,0,data,ok,8,8,3.4,36.5
mpp,0.0,9,ack-4f,w,2,2,0,ctl,ok,0,0,4.4,36.5
mpp,0.0,9,qpsk-r1/3,w,9,1,0,data,ok,8,8,4.2,36.5
mpp,0.0,9,ack-4f,w,3,3,0,ctl,ok,0,0,-0.5,36.5
mpp,0.0,9,qpsk-r1/2,w,9,2,1,data,ok,7,0,1.1,36.5
mpp,0.0,9,ack-4f,w,2,2,0,ctl,ok,0,0,-0.3,36.5
mpp,0.0,9,qpsk-r1/3,w,9,1,0,data,ok,8,8,4.3,36.5
mpp,0.0,9,ack-4f,w,2,2,0,ctl,ok,0,0,2.2,36.5
mpp,0.0,9,qpsk-r1/3,w,9,1,0,data,ok,8,8,3.8,36.5
mpp,0.0,9,ack-4f,w,3,3,0,ctl,ok,0,0,5.1,36.5
mpp,0.0,9,qpsk-r1/2,w,9,2,1,data,ok,7,7,3.9,36.5
mpp,0.0,9,ack-4f,w,3,3,0,ctl,ok,0,0,3.3,36.5
mpp,0.0,9,qpsk-r1/2,w,9,2,1,data,ok,7,7,3.5,36.5
mpp,0.0,9,ack-4f,w,3,3,0,ctl,ok,0,0,4.5,36.5
mpp,0.0,9,qpsk-r1/2,w,9,2,1,data,ok,7,1,2.9,36.5
mpp,0.0,9,ack-4f,w,3,3,0,ctl,ok,0,0,5.5,36.5
mpp,0.0,9,qpsk-r1/2,w,9,2,1,data,ok,1,1,4.2,36.5
mpp,0.0,9,ack-1f,w,3,3,0,ctl,ok,0,0,-0.1,36.5
mpp,0.0,9,qpsk-r1/2,w,9,2,1,data,ok,7,7,3.9,36.5
mpp,0.0,9,ack-4f,w,2,2,0,ctl,ok,0,0,1.2,36.5
mpp,0.0,9,qpsk-r1/2,w,9,1,0,data,ctl_lost,8,0,2.5,36.5
mpp,0.0,9,ack-4f,w,3,3,0,ctl,ok,0,0,3.6,36.5
mpp,0.0,9,ack-4f,w,2,2,0,ctl,ok,0,0,1.2,36.5
mpp,0.0,9,qpsk-r1/3,w,9,1,0,data,ok,8,8,4.1,36.5
mpp,0.0,9,ack-4f,w,3,3,0,ctl,ok,0,0,1.3,36.5
mpp,0.0,9,qpsk-r1/2,w,9,2,1,data,ok,7,2,3.3,36.5
mpp,0.0,9,ack-4f,w,3,3,0,ctl,ok,0,0,3.4,36.5
mpp,0.0,9,qpsk-r1/2,w,9,2,1,data,ok,2,2,3.6,36.5
mpp,0.0,9,ack-4f,w,2,2,0,ctl,ok,0,0,4.3,36.5
mpp,0.0,9,qpsk-r1/3,w,9,1,0,data,ok,8,8,2.5,36.5
mpp,0.0,9,ack-4f,w,2,2,0,ctl,ok,0,0,2.6,36.5
mpp,0.0,9,qpsk-r1/3,w,9,1,0,data,ok,8,8,3.5,36.5
mpp,0.0,9,ack-4f,w,2,2,0,ctl,ok,0,0,7.0,36.5
mpp,0.0,9,qpsk-r1/3,w,9,1,0,data,ctl_lost,8,4,0.4,36.5
mpp,0.0,9,ack-4f,w,3,3,0,ctl,ok,0,0,2.5,36.5
mpp,0.0,9,ack-4f,w,3,3,0,ctl,ok,0,0,3.3,36.5
mpp,0.0,9,qpsk-r1/3,w,9,2,1,data,ok,7,7,3.5,36.5
mpp,0.0,9,ack-4f,w,2,2,0,ctl,ok,0,0,1.8,36.5
mpp,0.0,9,qpsk-r1/3,w,9,1,0,data,ok,8,8,3.8,36.5
mpp,0.0,9,ack-4f,w,3,3,0,ctl,ok,0,0,2.8,36.5
mpp,0.0,9,qpsk-r1/2,w,9,2,1,data,ok,7,7,3.3,36.5
mpp,0.0,9,ack-4f,w,3,3,0,ctl,ok,0,0,0.2,36.5
mpp,0.0,9,qpsk-r1/2,w,9,2,1,data,ok,7,6,3.7,36.5
mpp,0.0,9,ack-4f,w,3,3,0,ctl,ok,0,0,-0.1,36.5
mpp,0.0,9,qpsk-r1/2,w,9,2,1,data,ok,6,6,3.5,36.5
mpp,0.0,9,ack-4f,w,3,3,0,ctl,ok,0,0,5.7,36.5
mpp,0.0,9,qpsk-r1/2,w,9,2,1,data,ok,7,0,1.7,36.5
mpp,0.0,9,ack-4f,w,3,3,0,ctl,ok,0,0,4.6,36.5
mpp,0.0,9,qpsk-r1/3,w,9,2,1,data,ok,7,7,4.5,36.5
mpp,0.0,9,ack-1f,w,2,2,0,ctl,ctl_lost,0,0,0.4,36.5
mpp,0.0,9,ack-4f,w,4,4,0,ctl,ok,0,0,3.5,36.5
mpp,0.0,9,ack-4f,w,2,2,0,ctl,ok,0,0,3.2,36.5
mpp,0.0,9,qpsk-r1/2,w,9,1,0,data,ctl_lost,8,8,3.5,36.5
mpp,0.0,9,ack-4f,w,3,3,0,ctl,ok,0,0,4.6,36.5
mpp,0.0,9,ack-4f,w,2,2,0,ctl,ok,0,0,0.4,36.5
mpp,0.0,9,qpsk-r1/3,w,9,1,0,data,ok,8,8,4.0,36.5
mpp,0.0,9,ack-4f,w,3,3,0,ctl,ok,0,0,3.5,36.5
mpp,0.0,9,qpsk-r1/2,w,9,2,1,data,ok,7,7,3.9,36.5
mpp,0.0,9,ack-4f,w,3,3,0,ctl,ok,0,0,2.6,36.5
mpp,0.0,9,qpsk-r1/2,w,9,2,1,data,ok,7,7,4.2,36.5
mpp,0.0,9,ack-4f,w,3,3,0,ctl,ok,0,0,2.5,36.5
mpp,0.0,9,qpsk-r1/2,w,9,2,1,data,ok,7,7,3.4,36.5
mpp,0.0,9,ack-4f,w,3,3,0,ctl,ok,0,0,5.4,36.5
mpp,0.0,9,qpsk-r1/2,w,9,2,1,data,ok,7,0,3.2,36.5
mpp,0.0,9,ack-4f,w,2,2,0,ctl,ok,0,0,3.1,36.5
mpp,0.0,9,qpsk-r1/3,w,9,1,0,data,ok,8,8,3.7,36.5
mpp,0.0,9,ack-4f,w,2,2,0,ctl,ok,0,0,3.6,36.5
mpp,0.0,9,qpsk-r1/3,w,9,1,0,data,ok,8,8,2.7,36.5
mpp,0.0,11,qpsk-r1/5,w,1,1,0,ctl,ok,0,0,2.4,41.2
mpp,0.0,11,qpsk-r1/5,w,1,1,0,ctl,ok,0,0,-0.4,41.2
mpp,0.0,11,ack-4f,w,3,3,0,ctl,ok,0,0,1.7,41.2
mpp,0.0,11,ack-4f,w,3,3,0,ctl,ok,0,0,2.6,41.2
mpp,0.0,11,qpsk-r1/3,w,9,2,1,data,ok,7,7,3.6,41.2
mpp,0.0,11,ack-4f,w,2,2,0,ctl,ok,0,0,4.0,41.2
mpp,0.0,11,qpsk-r1/3,w,9,1,0,data,ok,8,8,4.3,41.2
mpp,0.0,11,ack-1f,w,3,3,0,ctl,ok,0,0,1.4,41.2
mpp,0.0,11,qpsk-r1/2,w,9,2,1,data,ok,7,7,3.3,41.2
mpp,0.0,11,ack-4f,w,3,3,0,ctl,ok,0,0,-0.2,41.2
mpp,0.0,11,qpsk-r1/2,w,9,2,1,data,ok,7,0,0.6,41.2
mpp,0.0,11,ack-4f,w,3,3,0,ctl,ok,0,0,3.1,41.2
mpp,0.0,11,qpsk-r1/3,w,9,2,1,data,ok,7,7,1.0,41.2
mpp,0.0,11,ack-4f,w,3,3,0,ctl,ok,0,0,4.1,41.2
mpp,0.0,11,qpsk-r1/3,w,9,2,1,data,ok,7,7,3.5,41.2
mpp,0.0,11,ack-1f,w,2,2,0,ctl,ok,0,0,2.8,41.2
mpp,0.0,11,qpsk-r1/3,w,9,1,0,data,ok,8,8,3.0,41.2
mpp,0.0,11,ack-1f,w,2,2,0,ctl,ok,0,0,3.9,41.2
mpp,0.0,11,qpsk-r1/3,w,9,1,0,data,ok,8,8,3.3,41.2
mpp,0.0,11,ack-1f,w,2,2,0,ctl,ok,0,0,3.9,41.2
mpp,0.0,11,qpsk-r1/3,w,9,1,0,data,ok,8,8,3.7,41.2
mpp,0.0,11,ack-1f,w,3,3,0,ctl,ok,0,0,0.8,41.2
mpp,0.0,11,qpsk-r1/2,w,9,2,1,data,ok,7,7,4.2,41.2
mpp,0.0,11,ack-1f,w,3,3,0,ctl,ok,0,0,2.5,41.2
mpp,0.0,11,qpsk-r1/2,w,9,2,1,data,ok,7,7,3.1,41.2
mpp,0.0,11,ack-1f,w,3,3,0,ctl,ok,0,0,-0.3,41.2
mpp,0.0,11,qpsk-r1/2,w,9,2,1,data,ok,7,7,3.4,41.2
mpp,0.0,11,ack-1f,w,3,3,0,ctl,ok,0,0,5.1,41.2
mpp,0.0,11,qpsk-r1/2,w,9,2,1,data,ok,7,6,3.1,41.2
mpp,0.0,11,ack-1f,w,3,3,0,ctl,ctl_lost,0,0,4.4,41.2
mpp,0.0,11,ack-4f,w,3,3,0,ctl,ok,0,0,5.1,41.2
mpp,0.0,11,ack-4f,w,3,3,,ctl,missed,0,0,,41.2
mpp,0.0,11,ack-4f,w,3,3,0,ctl,ok,0,0,4.3,41.2
mpp,0.0,11,ack-4f,w,2,2,0,ctl,ok,0,0,4.4,41.2
mpp,0.0,11,qpsk-r1/2,w,9,1,0,data,ok,8,6,3.0,41.2
mpp,0.0,11,ack-1f,w,3,3,0,ctl,ok,0,0,5.1,41.2
mpp,0.0,11,qpsk-r1/2,w,9,2,1,data,ok,6,6,2.5,41.2
mpp,0.0,11,ack-1f,w,3,3,0,ctl,ok,0,0,4.3,41.2
mpp,0.0,11,qpsk-r1/2,w,9,2,1,data,ok,7,7,3.8,41.2
mpp,0.0,11,ack-1f,w,2,2,0,ctl,ok,0,0,1.3,41.2
mpp,0.0,11,qpsk-r1/2,w,9,1,0,data,ctl_lost,8,0,1.8,41.2
mpp,0.0,11,ack-4f,w,3,3,0,ctl,ok,0,0,2.8,41.2
mpp,0.0,11,ack-4f,w,2,2,0,ctl,ok,0,0,-1.8,41.2
mpp,0.0,11,qpsk-r1/3,w,9,1,0,data,ok,8,8,4.8,41.2
mpp,0.0,11,ack-4f,w,3,3,0,ctl,ok,0,0,5.2,41.2
mpp,0.0,11,qpsk-r1/2,w,9,2,1,data,ok,7,6,3.5,41.2
mpp,0.0,11,ack-4f,w,3,3,0,ctl,ok,0,0,3.2,41.2
mpp,0.0,11,qpsk-r1/2,w,9,2,1,data,ok,6,5,3.2,41.2
mpp,0.0,11,ack-1f,w,3,3,0,ctl,ok,0,0,4.3,41.2
mpp,0.0,11,qpsk-r1/2,w,9,2,1,data,ok,6,0,1.4,41.2
mpp,0.0,11,ack-1f,w,2,2,0,ctl,ctl_lost,0,0,-0.9,41.2
mpp,0.0,11,ack-4f,w,3,3,0,ctl,ok,0,0,4.0,41.2
mpp,0.0,11,ack-4f,w,2,2,0,ctl,ok,0,0,1.0,41.2
mpp,0.0,11,qpsk-r1/3,w,9,1,0,data,ok,8,8,3.6,41.2
mpp,0.0,11,ack-4f,w,3,3,0,ctl,ok,0,0,-0.4,41.2
mpp,0.0,11,qpsk-r1/2,w,9,2,1,data,ok,7,7,3.9,41.2
mpp,0.0,11,ack-4f,w,2,2,0,ctl,ok,0,0,4.1,41.2
mpp,0.0,11,qpsk-r1/2,w,9,1,0,data,ok,8,8,4.9,41.2
mpp,0.0,11,ack-4f,w,2,2,0,ctl,ok,0,0,1.4,41.2
mpp,0.0,11,qpsk-r1/2,w,9,1,0,data,ok,8,8,3.9,41.2
mpp,0.0,11,ack-4f,w,2,2,0,ctl,ok,0,0,3.4,41.2
mpp,0.0,11,qpsk-r1/2,w,9,1,0,data,ctl_lost,8,8,2.5,41.2
mpp,0.0,11,ack-4f,w,3,3,0,ctl,ok,0,0,3.6,41.2
mpp,0.0,11,ack-4f,w,2,2,0,ctl,ok,0,0,-0.3,41.2
mpp,0.0,11,qpsk-r1/3,w,9,1,0,data,ok,8,8,4.7,41.2
mpp,0.0,11,ack-4f,w,3,3,0,ctl,ok,0,0,4.4,41.2
mpp,0.0,11,qpsk-r1/2,w,9,2,1,data,ok,7,7,3.1,41.2
mpp,0.0,11,ack-4f,w,3,3,0,ctl,ok,0,0,-0.9,41.2
mpp,0.0,11,qpsk-r1/2,w,9,2,1,data,ok,7,5,3.1,41.2
mpp,0.0,11,ack-4f,w,3,3,0,ctl,ok,0,0,3.1,41.2
mpp,0.0,11,qpsk-r1/2,w,9,2,1,data,ok,5,5,3.6,41.2
mpp,0.0,11,ack-4f,w,3,3,0,ctl,ok,0,0,1.5,41.2
mpp,0.0,11,qpsk-r1/2,w,9,2,1,data,ok,7,6,2.8,41.2
mpp,0.0,11,ack-4f,w,3,3,0,ctl,ok,0,0,5.0,41.2
mpp,0.0,11,qpsk-r1/2,w,9,2,1,data,ok,6,6,3.9,41.2
mpp,0.0,11,ack-4f,w,2,2,0,ctl,ok,0,0,4.4,41.2
mpp,0.0,11,qpsk-r1/2,w,9,1,0,data,ok,8,8,3.4,41.2
mpp,0.0,11,ack-4f,w,2,2,0,ctl,ok,0,0,6.4,41.2
mpp,0.0,11,qpsk-r1/2,w,9,1,0,data,ctl_lost,8,4,3.2,41.2
mpp,0.0,11,ack-4f,w,3,3,0,ctl,ok,0,0,1.8,41.2
mpp,0.0,11,ack-4f,w,2,2,0,ctl,ok,0,0,-0.7,41.2
mpp,0.0,11,qpsk-r1/3,w,9,1,0,data,ok,8,8,4.5,41.2
mpp,0.0,11,ack-4f,w,2,2,0,ctl,ok,0,0,3.6,41.2
mpp,0.0,11,qpsk-r1/3,w,9,1,0,data,ok,8,8,3.6,41.2
mpp,0.0,11,ack-4f,w,3,3,0,ctl,ok,0,0,2.0,41.2
mpp,0.0,11,qpsk-r1/2,w,9,2,1,data,ok,7,7,3.5,41.2
mpp,0.0,11,ack-4f,w,3,3,0,ctl,ok,0,0,-4.3,41.2
mpp,0.0,11,qpsk-r1/2,w,9,2,1,data,ok,7,0,0.5,41.2
mpp,0.0,11,ack-4f,w,2,2,0,ctl,ok,0,0,-0.2,41.2
mpp,0.0,11,qpsk-r1/3,w,9,1,0,data,ok,8,8,2.7,41.2
mpp,0.0,11,ack-4f,w,2,2,0,ctl,ok,0,0,4.0,41.2
mpp,0.0,11,qpsk-r1/3,w,9,1,0,data,ok,8,8,3.4,41.2
mpp,0.0,11,ack-4f,w,2,2,0,ctl,ok,0,0,3.6,41.2
mpp,0.0,11,qpsk-r1/3,w,9,1,0,data,ok,8,8,2.9,41.2
mpp,0.0,11,ack-4f,w,2,2,0,ctl,ok,0,0,4.3,41.2
mpp,0.0,11,qpsk-r1/3,w,9,1,0,data,ok,8,8,3.6,41.2
mpp,0.0,8,qpsk-r1/5,w,1,1,0,ctl,ok,0,0,4.0,41.2
mpp,0.0,8,qpsk-r1/5,w,1,1,0,ctl,ok,0,0,6.9,41.2
mpp,0.0,8,ack-4f,w,3,3,0,ctl,ok,0,0,1.7,41.2
mpp,0.0,8,ack-1f,w,3,3,0,ctl,ok,0,0,5.8,41.2
mpp,0.0,8,qpsk-r1/3,w,9,2,1,data,ok,7,7,3.5,41.2
mpp,0.0,8,ack-1f,w,2,2,0,ctl,ok,0,0,0.1,41.2
mpp,0.0,8,qpsk-r1/3,w,9,1,0,data,ok,8,8,4.2,41.2
mpp,0.0,8,ack-1f,w,3,3,0,ctl,ok,0,0,3.1,41.2
mpp,0.0,8,qpsk-r1/2,w,9,2,1,data,ok,7,2,2.9,41.2
mpp,0.0,8,ack-1f,w,3,3,0,ctl,ok,0,0,6.4,41.2
mpp,0.0,8,qpsk-r1/2,w,9,2,1,data,ok,2,0,2.3,41.2
mpp,0.0,8,ack-1f,w,3,3,0,ctl,ok,0,0,5.0,41.2
mpp,0.0,8,qpsk-r1/3,w,9,2,1,data,ok,7,7,4.0,41.2
mpp,0.0,8,ack-1f,w,2,2,0,ctl,ok,0,0,3.7,41.2
mpp,0.0,8,qpsk-r1/3,w,9,1,0,data,ok,8,8,3.4,41.2
mpp,0.0,8,ack-1f,w,3,3,0,ctl,ok,0,0,-1.8,41.2
mpp,0.0,8,qpsk-r1/2,w,9,2,1,data,ok,7,0,1.6,41.2
mpp,0.0,8,ack-4f,w,3,3,0,ctl,ok,0,0,3.4,41.2
mpp,0.0,8,qpsk-r1/3,w,9,2,1,data,ok,7,7,3.8,41.2
mpp,0.0,8,ack-1f,w,2,2,0,ctl,ok,0,0,7.8,41.2
mpp,0.0,8,qpsk-r1/3,w,9,1,0,data,ok,8,8,3.4,41.2
mpp,0.0,8,ack-1f,w,2,2,0,ctl,ok,0,0,7.7,41.2
mpp,0.0,8,qpsk-r1/3,w,9,1,0,data,ok,8,8,2.2,41.2
mpp,0.0,8,ack-1f,w,2,2,0,ctl,ok,0,0,1.8,41.2
mpp,0.0,8,qpsk-r1/3,w,9,1,0,data,ok,8,8,3.7,41.2
mpp,0.0,8,ack-1f,w,2,2,0,ctl,ok,0,0,-0.2,41.2
mpp,0.0,8,qpsk-r1/3,w,9,1,0,data,ok,8,8,3.9,41.2
mpp,0.0,8,ack-1f,w,2,2,0,ctl,ok,0,0,2.2,41.2
mpp,0.0,8,qpsk-r1/3,w,9,1,0,data,ok,8,8,4.1,41.2
mpp,0.0,8,ack-1f,w,3,3,0,ctl,ok,0,0,4.1,41.2
mpp,0.0,8,qpsk-r1/2,w,9,2,1,data,ok,7,7,3.6,41.2
mpp,0.0,8,ack-1f,w,3,3,0,ctl,ok,0,0,4.8,41.2
mpp,0.0,8,qpsk-r1/2,w,9,2,1,data,ok,7,7,4.8,41.2
mpp,0.0,8,ack-1f,w,2,2,0,ctl,ok,0,0,3.9,41.2
mpp,0.0,8,qpsk-r1/2,w,9,1,0,data,ok,8,8,3.6,41.2
mpp,0.0,8,ack-1f,w,3,3,0,ctl,ok,0,0,3.9,41.2
mpp,0.0,8,qpsk-r1/2,w,9,2,1,data,ok,7,7,3.2,41.2
mpp,0.0,8,ack-1f,w,3,3,0,ctl,ok,0,0,1.0,41.2
mpp,0.0,8,qpsk-r1/2,w,9,2,1,data,ok,7,7,4.0,41.2
mpp,0.0,8,ack-1f,w,2,2,0,ctl,ok,0,0,7.9,41.2
mpp,0.0,8,qpsk-r1/2,w,9,1,0,data,ok,8,8,3.6,41.2
mpp,0.0,8,ack-1f,w,3,3,0,ctl,ctl_lost,0,0,-3.4,41.2
mpp,0.0,8,ack-4f,w,3,3,0,ctl,ok,0,0,4.0,41.2
mpp,0.0,8,ack-4f,w,3,3,0,ctl,ok,0,0,5.6,41.2
mpp,0.0,8,qpsk-r1/2,w,9,2,1,data,ok,7,1,3.1,41.2
mpp,0.0,8,ack-1f,w,3,3,0,ctl,ok,0,0,5.0,41.2
mpp,0.0,8,qpsk-r1/2,w,9,2,1,data,ok,1,1,3.2,41.2
mpp,0.0,8,ack-1f,w,2,2,0,ctl,ok,0,0,5.9,41.2
mpp,0.0,8,qpsk-r1/2,w,9,1,0,data,ctl_lost,8,0,1.1,41.2
mpp,0.0,8,ack-4f,w,3,3,0,ctl,ok,0,0,0.4,41.2
mpp,0.0,8,ack-4f,w,3,3,0,ctl,ok,0,0,1.6,41.2
mpp,0.0,8,qpsk-r1/3,w,9,2,1,data,ok,7,7,3.0,41.2
mpp,0.0,8,ack-1f,w,2,2,0,ctl,ok,0,0,4.5,41.2
mpp,0.0,8,qpsk-r1/3,w,9,1,0,data,ok,8,8,3.7,41.2
mpp,0.0,8,ack-4f,w,2,2,0,ctl,ok,0,0,2.7,41.2
mpp,0.0,8,qpsk-r1/3,w,9,1,0,data,ok,8,8,5.0,41.2
mpp,0.0,8,ack-1f,w,2,2,0,ctl,ok,0,0,2.6,41.2
mpp,0.0,8,qpsk-r1/2,w,9,1,0,data,ctl_lost,8,8,4.0,41.2
mpp,0.0,8,ack-4f,w,3,3,0,ctl,ok,0,0,5.7,41.2
mpp,0.0,8,ack-4f,w,3,3,0,ctl,ok,0,0,5.2,41.2
mpp,0.0,8,qpsk-r1/2,w,9,2,1,data,ok,7,7,4.0,41.2
mpp,0.0,8,ack-1f,w,3,3,0,ctl,ok,0,0,5.1,41.2
mpp,0.0,8,qpsk-r1/2,w,9,2,1,data,ok,7,7,4.5,41.2
mpp,0.0,8,ack-1f,w,3,3,0,ctl,ok,0,0,6.5,41.2
mpp,0.0,8,qpsk-r1/2,w,9,2,1,data,ok,7,5,2.6,41.2
mpp,0.0,8,ack-1f,w,3,3,0,ctl,ok,0,0,1.8,41.2
mpp,0.0,8,qpsk-r1/2,w,9,2,1,data,ok,5,3,2.7,41.2
mpp,0.0,8,ack-1f,w,3,3,0,ctl,ok,0,0,2.4,41.2
mpp,0.0,8,qpsk-r1/2,w,9,2,1,data,ok,5,4,3.8,41.2
mpp,0.0,8,ack-1f,w,2,2,0,ctl,ctl_lost,0,0,-1.4,41.2
mpp,0.0,8,ack-4f,w,3,3,0,ctl,ok,0,0,3.4,41.2
mpp,0.0,8,ack-4f,w,3,3,0,ctl,ok,0,0,1.3,41.2
mpp,0.0,8,qpsk-r1/2,w,9,2,1,data,ok,7,7,4.7,41.2
mpp,0.0,8,ack-4f,w,2,2,0,ctl,ok,0,0,2.3,41.2
mpp,0.0,8,qpsk-r1/2,w,9,1,0,data,ctl_lost,8,3,3.3,41.2
mpp,0.0,8,ack-4f,w,3,3,0,ctl,ok,0,0,4.1,41.2
mpp,0.0,8,ack-4f,w,2,2,0,ctl,ok,0,0,4.8,41.2
mpp,0.0,8,qpsk-r1/3,w,9,1,0,data,ok,8,8,3.6,41.2
mpp,0.0,8,ack-4f,w,2,2,0,ctl,ok,0,0,1.6,41.2
mpp,0.0,8,qpsk-r1/3,w,9,1,0,data,ok,8,8,1.3,41.2
mpp,0.0,8,ack-4f,w,2,2,0,ctl,ok,0,0,6.5,41.2
mpp,0.0,8,qpsk-r1/3,w,9,1,0,data,ok,8,8,4.2,41.2
mpp,0.0,8,ack-4f,w,2,2,0,ctl,ok,0,0,6.3,41.2
mpp,0.0,8,qpsk-r1/3,w,9,1,0,data,ok,8,8,4.1,41.2
mpp,0.0,8,n4-ack-2f,n4,3,3,0,ctl,ok,0,0,2.6,41.2
mpp,0.0,8,qpsk-r1/2,w,9,2,1,data,ok,7,6,3.0,41.2
mpp,0.0,8,ack-1f,w,3,3,0,ctl,ok,0,0,4.2,41.2
mpp,0.0,8,qpsk-r1/2,w,9,2,1,data,ok,6,6,5.2,41.2
mpp,0.0,8,ack-1f,w,2,2,0,ctl,ok,0,0,3.4,41.2
mpp,0.0,8,qpsk-r1/2,w,9,1,0,data,ok,8,8,3.2,41.2
mpp,0.0,8,ack-1f,w,3,3,0,ctl,ok,0,0,0.2,41.2
mpp,0.0,8,qpsk-r1/2,w,9,2,1,data,ok,7,7,3.4,41.2
mpp,0.0,8,ack-4f,w,3,3,0,ctl,ok,0,0,2.5,41.2
mpp,0.0,8,qpsk-r1/2,w,9,2,1,data,ok,7,0,2.8,41.2
mpp,0.0,8,ack-4f,w,2,2,0,ctl,ok,0,0,1.9,41.2
mpp,0.0,8,qpsk-r1/3,w,9,1,0,data,ok,8,8,4.1,41.2
mpp,0.0,8,ack-4f,w,2,2,0,ctl,ok,0,0,3.7,41.2
mpp,0.0,8,qpsk-r1/3,w,9,1,0,data,ok,8,8,2.8,41.2
mpp,0.0,3,qpsk-r1/5,w,1,1,0,ctl,ok,0,0,2.2,40.8
mpp,0.0,3,qpsk-r1/5,w,1,1,0,ctl,ok,0,0,2.1,40.8
mpp,0.0,3,ack-4f,w,3,3,0,ctl,ok,0,0,4.1,40.8
mpp,0.0,3,ack-4f,w,3,3,0,ctl,ok,0,0,1.3,40.8
mpp,0.0,3,qpsk-r1/3,w,9,2,1,data,ok,7,3,0.7,40.8
mpp,0.0,3,ack-4f,w,3,3,0,ctl,ok,0,0,1.5,40.8
mpp,0.0,3,qpsk-r1/3,w,9,2,1,data,ok,3,3,3.7,40.8
mpp,0.0,3,ack-4f,w,2,2,0,ctl,ok,0,0,0.7,40.8
mpp,0.0,3,qpsk-r1/3,w,9,1,0,data,ok,8,8,2.2,40.8
mpp,0.0,3,ack-4f,w,2,2,0,ctl,ok,0,0,3.3,40.8
mpp,0.0,3,qpsk-r1/3,w,9,1,0,data,ok,8,8,3.7,40.8
mpp,0.0,3,ack-4f,w,2,2,0,ctl,ok,0,0,1.4,40.8
mpp,0.0,3,qpsk-r1/3,w,9,1,0,data,ok,8,8,4.7,40.8
mpp,0.0,3,ack-4f,w,3,3,0,ctl,ok,0,0,6.0,40.8
mpp,0.0,3,qpsk-r1/2,w,9,2,1,data,ok,7,7,4.5,40.8
mpp,0.0,3,ack-1f,w,3,3,0,ctl,ok,0,0,-0.4,40.8
mpp,0.0,3,qpsk-r1/2,w,9,2,1,data,ok,7,7,3.6,40.8
mpp,0.0,3,ack-1f,w,3,3,0,ctl,ctl_lost,0,0,-5.2,40.8
mpp,0.0,3,ack-4f,w,3,3,0,ctl,ok,0,0,5.3,40.8
mpp,0.0,3,ack-4f,w,3,3,0,ctl,ok,0,0,5.2,40.8
mpp,0.0,3,qpsk-r1/2,w,9,2,1,data,ok,7,7,3.3,40.8
mpp,0.0,3,ack-4f,w,3,3,0,ctl,ok,0,0,4.4,40.8
mpp,0.0,3,qpsk-r1/2,w,9,2,1,data,ok,7,7,4.0,40.8
mpp,0.0,3,ack-4f,w,3,3,0,ctl,ok,0,0,5.0,40.8
mpp,0.0,3,qpsk-r1/2,w,9,2,1,data,ok,7,7,2.9,40.8
mpp,0.0,3,ack-1f,w,3,3,0,ctl,ok,0,0,4.5,40.8
mpp,0.0,3,qpsk-r1/2,w,9,2,1,data,ok,7,7,4.0,40.8
mpp,0.0,3,ack-1f,w,3,3,0,ctl,ok,0,0,4.5,40.8
mpp,0.0,3,qpsk-r1/2,w,9,2,1,data,ok,7,7,3.9,40.8
mpp,0.0,3,ack-1f,w,2,2,0,ctl,ok,0,0,-1.6,40.8
mpp,0.0,3,qpsk-r1/2,w,9,1,0,data,ctl_lost,8,2,2.9,40.8
mpp,0.0,3,ack-4f,w,3,3,0,ctl,ok,0,0,6.6,40.8
mpp,0.0,3,ack-4f,w,3,3,0,ctl,ok,0,0,2.4,40.8
mpp,0.0,3,qpsk-r1/2,w,9,2,1,data,ok,7,7,4.2,40.8
mpp,0.0,3,ack-4f,w,2,2,0,ctl,ok,0,0,2.6,40.8
mpp,0.0,3,qpsk-r1/2,w,9,1,0,data,ok,8,8,4.2,40.8
mpp,0.0,3,ack-4f,w,3,3,0,ctl,ok,0,0,2.1,40.8
mpp,0.0,3,qpsk-r1/2,w,9,2,1,data,ok,7,7,3.9,40.8
mpp,0.0,3,ack-4f,w,3,3,0,ctl,ok,0,0,1.6,40.8
mpp,0.0,3,qpsk-r1/2,w,9,2,1,data,ok,7,0,2.2,40.8
mpp,0.0,3,ack-4f,w,2,2,0,ctl,ok,0,0,4.1,40.8
mpp,0.0,3,qpsk-r1/3,w,9,1,0,data,ok,8,8,3.6,40.8
mpp,0.0,3,ack-4f,w,3,3,0,ctl,ok,0,0,-0.6,40.8
mpp,0.0,3,qpsk-r1/2,w,9,2,1,data,ok,7,7,2.5,40.8
mpp,0.0,3,ack-4f,w,3,3,0,ctl,ok,0,0,5.4,40.8
mpp,0.0,3,qpsk-r1/2,w,9,2,1,data,ok,7,5,2.9,40.8
mpp,0.0,3,ack-4f,w,3,3,0,ctl,ok,0,0,1.4,40.8
mpp,0.0,3,qpsk-r1/2,w,9,2,1,data,ok,5,0,2.3,40.8
mpp,0.0,3,ack-4f,w,2,2,0,ctl,ok,0,0,0.8,40.8
mpp,0.0,3,qpsk-r1/3,w,9,1,0,data,ok,8,8,4.4,40.8
mpp,0.0,3,ack-4f,w,3,3,0,ctl,ok,0,0,4.4,40.8
mpp,0.0,3,qpsk-r1/2,w,9,2,1,data,ok,7,0,2.1,40.8
mpp,0.0,3,ack-4f,w,2,2,0,ctl,ok,0,0,2.7,40.8
mpp,0.0,3,qpsk-r1/3,w,9,1,0,data,ok,8,8,3.1,40.8
mpp,0.0,3,ack-4f,w,2,2,0,ctl,ok,0,0,3.5,40.8
mpp,0.0,3,qpsk-r1/3,w,9,1,0,data,ok,8,8,4.2,40.8
mpp,0.0,3,ack-4f,w,2,2,0,ctl,ok,0,0,1.0,40.8
mpp,0.0,3,qpsk-r1/3,w,9,1,0,data,ok,8,8,3.4,40.8
mpp,0.0,3,ack-4f,w,2,2,0,ctl,ok,0,0,2.8,40.8
mpp,0.0,3,qpsk-r1/2,w,9,1,0,data,ok,8,8,3.8,40.8
mpp,0.0,3,ack-4f,w,2,2,0,ctl,ok,0,0,2.3,40.8
mpp,0.0,3,qpsk-r1/2,w,9,1,0,data,ctl_lost,8,0,1.0,40.8
mpp,0.0,3,ack-4f,w,3,3,0,ctl,ok,0,0,1.1,40.8
mpp,0.0,3,ack-4f,w,3,3,0,ctl,ok,0,0,4.3,40.8
mpp,0.0,3,qpsk-r1/3,w,9,2,1,data,ok,7,7,4.5,40.8
mpp,0.0,3,ack-4f,w,2,2,0,ctl,ok,0,0,8.1,40.8
mpp,0.0,3,qpsk-r1/3,w,9,1,0,data,ok,8,8,1.0,40.8
mpp,0.0,3,ack-1f,w,2,2,0,ctl,ok,0,0,3.8,40.8
mpp,0.0,3,qpsk-r1/3,w,9,1,0,data,ok,8,8,4.0,40.8
mpp,0.0,3,ack-1f,w,2,2,0,ctl,ok,0,0,2.8,40.8
mpp,0.0,3,qpsk-r1/3,w,9,1,0,data,ok,8,8,1.8,40.8
mpp,0.0,3,ack-1f,w,2,2,0,ctl,ok,0,0,5.2,40.8
mpp,0.0,3,qpsk-r1/3,w,9,1,0,data,ok,8,8,4.3,40.8
mpp,0.0,3,ack-1f,w,2,2,0,ctl,ctl_lost,0,0,-0.4,40.8
mpp,0.0,3,ack-4f,w,3,3,0,ctl,ok,0,0,1.9,40.8
mpp,0.0,3,ack-4f,w,2,2,0,ctl,ok,0,0,4.3,40.8
mpp,0.0,3,qpsk-r1/3,w,9,1,0,data,ok,8,8,4.2,40.8
mpp,0.0,3,ack-4f,w,2,2,0,ctl,ok,0,0,1.2,40.8
mpp,0.0,3,qpsk-r1/3,w,9,1,0,data,ok,8,8,2.3,40.8
mpp,0.0,3,ack-4f,w,2,2,0,ctl,ok,0,0,5.1,40.8
mpp,0.0,3,qpsk-r1/3,w,9,1,0,data,ok,8,8,3.5,40.8
mpp,0.0,3,ack-4f,w,2,2,0,ctl,ok,0,0,2.1,40.8
mpp,0.0,3,qpsk-r1/3,w,9,1,0,data,ok,8,8,3.4,40.8
mpp,0.0,3,ack-4f,w,2,2,0,ctl,ok,0,0,1.5,40.8
mpp,0.0,3,qpsk-r1/3,w,9,1,0,data,ok,8,8,4.7,40.8
mpp,0.0,3,ack-4f,w,3,3,0,ctl,ok,0,0,2.3,40.8
mpp,0.0,3,qpsk-r1/2,w,9,2,1,data,ok,7,7,4.0,40.8
mpp,0.0,3,ack-4f,w,2,2,0,ctl,ok,0,0,3.9,40.8
mpp,0.0,3,qpsk-r1/2,w,9,1,0,data,ok,8,6,3.5,40.8
mpp,0.0,3,ack-4f,w,3,3,0,ctl,ok,0,0,2.9,40.8
mpp,0.0,3,qpsk-r1/2,w,9,2,1,data,ok,5,5,3.8,40.8
mpp,0.0,3,ack-4f,w,3,3,0,ctl,ok,0,0,0.7,40.8
mpp,0.0,3,qpsk-r1/2,w,9,2,1,data,ok,7,0,1.4,40.8
mpp,0.0,3,ack-4f,w,2,2,0,ctl,ok,0,0,4.4,40.8
mpp,0.0,3,qpsk-r1/3,w,9,1,0,data,ok,8,8,2.6,40.8
mpd,20.0,0,qpsk-r1/5,w,1,1,0,ctl,ok,0,0,18.8,280.5
mpd,20.0,0,qpsk-r1/5,w,1,1,0,ctl,ok,0,0,19.2,280.5
mpd,20.0,0,ack-4f,w,2,2,0,ctl,ok,0,0,18.8,280.5
mpd,20.0,0,ack-1f,w,2,2,0,ctl,ok,0,0,18.6,280.5
mpd,20.0,0,w48-16qam-r1/2,w48,19,1,0,data,ok,18,18,13.2,280.5
mpd,20.0,0,ack-1f,w,3,3,0,ctl,ok,0,0,19.8,280.5
mpd,20.0,0,w48-16qam-r1/2,w48,19,2,1,data,ok,17,17,18.1,280.5
mpd,20.0,0,ack-1f,w,2,2,0,ctl,ok,0,0,17.4,280.5
mpd,20.0,0,w48-16qam-r1/2,w48,19,1,0,data,ok,18,18,15.3,280.5
mpd,20.0,0,ack-1f,w,2,2,0,ctl,ok,0,0,17.8,280.5
mpd,20.0,0,w48-16qam-r1/2,w48,19,1,0,data,ok,18,18,14.0,280.5
mpd,20.0,0,ack-1f,w,2,2,0,ctl,ok,0,0,20.3,280.5
mpd,20.0,0,w48-16qam-r1/2,w48,19,1,0,data,ok,18,18,17.4,280.5
mpd,20.0,0,ack-1f,w,2,2,0,ctl,ok,0,0,20.9,280.5
mpd,20.0,0,w48-16qam-r1/2,w48,19,1,0,data,ok,18,18,13.2,280.5
mpd,20.0,0,ack-1f,w,2,2,0,ctl,ok,0,0,17.6,280.5
mpd,20.0,0,w48-16qam-r1/2,w48,19,1,0,data,ok,18,18,15.9,280.5
mpd,20.0,0,ack-1f,w,2,2,0,ctl,ok,0,0,20.3,280.5
mpd,20.0,0,w48-16qam-r1/2,w48,19,1,0,data,ok,18,18,16.8,280.5
mpd,20.0,0,ack-1f,w,2,2,0,ctl,ok,0,0,19.3,280.5
mpd,20.0,0,w48-16qam-r1/2,w48,19,1,0,data,ok,18,18,18.4,280.5
mpd,20.0,0,ack-1f,w,2,2,0,ctl,ok,0,0,19.8,280.5
mpd,20.0,0,w48-16qam-r1/2,w48,19,1,0,data,ok,18,18,14.7,280.5
mpd,20.0,0,ack-1f,w,2,2,0,ctl,ok,0,0,20.3,280.5
mpd,20.0,0,w48-16qam-r1/2,w48,19,1,0,data,ok,18,18,16.5,280.5
mpd,20.0,0,ack-1f,w,2,2,0,ctl,ok,0,0,18.7,280.5
mpd,20.0,0,w48-16qam-r1/2,w48,19,1,0,data,ok,18,18,16.9,280.5
mpd,20.0,0,ack-1f,w,2,2,0,ctl,ok,0,0,20.0,280.5
mpd,20.0,0,w48-16qam-r1/2,w48,19,1,0,data,ok,18,18,14.2,280.5
mpd,20.0,0,ack-1f,w,2,2,0,ctl,ok,0,0,21.3,280.5
mpd,20.0,0,w48-16qam-r1/2,w48,19,1,0,data,ok,18,18,15.7,280.5
mpd,20.0,0,ack-1f,w,2,2,0,ctl,ok,0,0,16.5,280.5
mpd,20.0,0,w48-16qam-r1/2,w48,19,1,0,data,ctl_lost,18,14,12.4,280.5
mpd,20.0,0,ack-4f,w,3,3,0,ctl,ok,0,0,20.1,280.5
mpd,20.0,0,ack-4f,w,3,3,0,ctl,ok,0,0,19.0,280.5
mpd,20.0,0,w48-16qam-r1/2,w48,19,2,1,data,ok,17,17,14.2,280.5
mpd,20.0,0,ack-1f,w,3,3,0,ctl,ok,0,0,19.3,280.5
mpd,20.0,0,w48-16qam-r1/2,w48,19,2,1,data,ok,17,17,13.6,280.5
mpd,20.0,0,ack-1f,w,3,3,0,ctl,ok,0,0,20.8,280.5
mpd,20.0,0,w48-16qam-r1/2,w48,19,2,1,data,ok,17,17,15.3,280.5
mpd,20.0,0,ack-1f,w,3,3,0,ctl,ok,0,0,19.1,280.5
mpd,20.0,0,w48-16qam-r1/2,w48,19,2,1,data,ok,17,17,19.2,280.5
mpd,20.0,0,ack-1f,w,2,2,0,ctl,ok,0,0,17.1,280.5
mpd,20.0,0,w48-16qam-r1/2,w48,19,1,0,data,ok,18,18,15.7,280.5
mpd,20.0,0,ack-1f,w,2,2,0,ctl,ok,0,0,19.6,280.5
mpd,20.0,0,w48-16qam-r1/2,w48,19,1,0,data,ok,18,18,13.8,280.5
mpd,20.0,0,ack-1f,w,2,2,0,ctl,ok,0,0,19.0,280.5
mpd,20.0,0,w48-16qam-r1/2,w48,19,1,0,data,ok,18,18,18.4,280.5
mpd,20.0,0,ack-1f,w,2,2,0,ctl,ok,0,0,20.2,280.5
mpd,20.0,0,w48-16qam-r1/2,w48,19,1,0,data,ok,18,18,17.6,280.5
mpd,20.0,0,ack-1f,w,3,3,0,ctl,ok,0,0,18.6,280.5
mpd,20.0,0,w48-16qam-r2/3,w48,19,2,1,data,ok,17,0,11.7,280.5
mpd,20.0,0,ack-1f,w,2,2,0,ctl,ok,0,0,18.7,280.5
mpd,20.0,0,w48-16qam-r1/2,w48,19,1,0,data,ok,18,18,13.1,280.5
mpd,20.0,0,ack-1f,w,3,3,0,ctl,ok,0,0,19.8,280.5
mpd,20.0,0,w48-16qam-r1/2,w48,19,2,1,data,ok,17,17,16.9,280.5
mpd,20.0,0,ack-1f,w,2,2,0,ctl,ok,0,0,21.3,280.5
mpd,20.0,0,w48-16qam-r1/2,w48,19,1,0,data,ok,18,18,19.8,280.5
mpd,20.0,0,ack-1f,w,3,3,0,ctl,ok,0,0,18.9,280.5
mpd,20.0,0,w48-16qam-r2/3,w48,19,2,1,data,ok,17,17,17.1,280.5
mpd,20.0,0,ack-1f,w,3,3,0,ctl,ok,0,0,19.2,280.5
mpd,20.0,0,w48-16qam-r2/3,w48,19,2,1,data,ok,17,0,13.4,280.5
mpd,20.0,0,ack-1f,w,2,2,0,ctl,ok,0,0,21.5,280.5
mpd,20.0,0,w48-16qam-r1/2,w48,19,1,0,data,ok,18,18,13.6,280.5
mpd,20.0,0,ack-1f,w,3,3,0,ctl,ok,0,0,17.8,280.5
mpd,20.0,0,w48-16qam-r1/2,w48,19,2,1,data,ok,17,17,18.0,280.5
mpd,20.0,0,ack-1f,w,2,2,0,ctl,ok,0,0,21.1,280.5
mpd,20.0,0,w48-16qam-r1/2,w48,19,1,0,data,ok,18,18,19.4,280.5
mpd,20.0,0,ack-1f,w,3,3,0,ctl,ok,0,0,18.4,280.5
mpd,20.0,0,w48-16qam-r2/3,w48,19,2,1,data,ok,17,0,13.8,280.5
mpd,20.0,0,ack-1f,w,2,2,0,ctl,ok,0,0,20.7,280.5
mpd,20.0,0,w48-16qam-r1/2,w48,19,1,0,data,ok,18,18,13.7,280.5
mpd,20.0,0,ack-1f,w,2,2,0,ctl,ok,0,0,19.8,280.5
mpd,20.0,0,w48-16qam-r1/2,w48,19,1,0,data,ok,18,18,18.5,280.5
mpd,20.0,0,ack-1f,w,2,2,0,ctl,ok,0,0,17.9,280.5
mpd,20.0,0,w48-16qam-r1/2,w48,19,1,0,data,ok,18,18,12.6,280.5
mpd,20.0,0,ack-1f,w,2,2,0,ctl,ok,0,0,19.2,280.5
mpd,20.0,0,w48-16qam-r1/2,w48,19,1,0,data,ok,18,18,14.4,280.5
mpd,20.0,0,ack-1f,w,2,2,0,ctl,ok,0,0,20.5,280.5
mpd,20.0,0,w48-16qam-r1/2,w48,19,1,0,data,ok,18,18,15.9,280.5
mpd,20.0,0,ack-1f,w,2,2,0,ctl,ok,0,0,17.7,280.5
mpd,20.0,0,w48-16qam-r1/2,w48,19,1,0,data,ok,18,18,12.5,280.5
mpd,20.0,0,ack-1f,w,2,2,0,ctl,ok,0,0,18.6,280.5
mpd,20.0,0,w48-16qam-r1/2,w48,19,1,0,data,ok,18,18,12.4,280.5
mpd,20.0,0,ack-1f,w,3,3,0,ctl,ok,0,0,22.4,280.5
mpd,20.0,0,w48-16qam-r1/2,w48,19,2,1,data,ok,17,17,12.5,280.5
mpd,20.0,0,ack-1f,w,2,2,0,ctl,ok,0,0,18.8,280.5
mpd,20.0,0,w48-16qam-r1/2,w48,19,1,0,data,ok,18,18,13.6,280.5
mpd,20.0,0,ack-1f,w,2,2,0,ctl,ok,0,0,19.1,280.5
mpd,20.0,0,w48-16qam-r1/2,w48,19,1,0,data,ok,18,18,14.1,280.5
mpd,20.0,0,ack-1f,w,2,2,0,ctl,ok,0,0,18.7,280.5
mpd,20.0,0,w48-16qam-r1/2,w48,19,1,0,data,ok,18,18,19.2,280.5
mpd,20.0,0,ack-1f,w,2,2,0,ctl,ok,0,0,19.2,280.5
mpd,20.0,0,w48-16qam-r1/2,w48,19,1,0,data,ok,18,18,17.9,280.5
mpp,0.0,4,qpsk-r1/5,w,1,1,0,ctl,ok,0,0,6.3,36.5
mpp,0.0,4,qpsk-r1/5,w,1,1,0,ctl,ok,0,0,3.5,36.5
mpp,0.0,4,ack-4f,w,3,3,0,ctl,ok,0,0,4.6,36.5
mpp,0.0,4,ack-1f,w,3,3,0,ctl,ok,0,0,1.5,36.5
mpp,0.0,4,qpsk-r1/2,w,9,2,1,data,ok,7,7,4.1,36.5
mpp,0.0,4,ack-1f,w,3,3,0,ctl,ctl_lost,0,0,-2.6,36.5
mpp,0.0,4,ack-4f,w,3,3,0,ctl,ok,0,0,2.8,36.5
mpp,0.0,4,ack-4f,w,2,2,0,ctl,ok,0,0,4.3,36.5
mpp,0.0,4,qpsk-r1/3,w,9,1,0,data,ok,8,8,3.8,36.5
mpp,0.0,4,ack-4f,w,3,3,0,ctl,ok,0,0,1.4,36.5
mpp,0.0,4,qpsk-r1/2,w,9,2,1,data,ok,7,0,2.0,36.5
mpp,0.0,4,ack-4f,w,3,3,0,ctl,ok,0,0,1.7,36.5
mpp,0.0,4,qpsk-r1/3,w,9,2,1,data,ok,7,7,3.9,36.5
mpp,0.0,4,ack-4f,w,3,3,0,ctl,ok,0,0,3.9,36.5
mpp,0.0,4,qpsk-r1/2,w,9,2,1,data,ok,7,2,2.1,36.5
mpp,0.0,4,ack-4f,w,3,3,0,ctl,ok,0,0,1.8,36.5
mpp,0.0,4,qpsk-r1/2,w,9,2,1,data,ok,2,2,3.8,36.5
mpp,0.0,4,ack-4f,w,3,3,0,ctl,ok,0,0,2.5,36.5
mpp,0.0,4,qpsk-r1/2,w,9,2,1,data,ok,7,0,3.2,36.5
mpp,0.0,4,ack-4f,w,2,2,0,ctl,ok,0,0,3.3,36.5
mpp,0.0,4,qpsk-r1/3,w,9,1,0,data,ok,8,8,2.0,36.5
mpp,0.0,4,ack-4f,w,3,3,0,ctl,ok,0,0,5.7,36.5
mpp,0.0,4,qpsk-r1/3,w,9,2,1,data,ok,7,7,3.6,36.5
mpp,0.0,4,ack-1f,w,2,2,0,ctl,ctl_lost,0,0,-5.0,36.5
mpp,0.0,4,ack-4f,w,3,3,0,ctl,ok,0,0,1.9,36.5
mpp,0.0,4,ack-4f,w,2,2,0,ctl,ok,0,0,2.6,36.5
mpp,0.0,4,qpsk-r1/3,w,9,1,0,data,ok,8,8,3.2,36.5
mpp,0.0,4,ack-4f,w,2,2,0,ctl,ok,0,0,1.2,36.5
mpp,0.0,4,qpsk-r1/3,w,9,1,0,data,ok,8,8,0.1,36.5
mpp,0.0,4,ack-4f,w,3,3,0,ctl,ok,0,0,3.3,36.5
mpp,0.0,4,qpsk-r1/3,w,9,2,1,data,ok,7,7,3.4,36.5
mpp,0.0,4,ack-4f,w,2,2,0,ctl,ok,0,0,-0.4,36.5
mpp,0.0,4,qpsk-r1/3,w,9,1,0,data,ok,8,8,3.7,36.5
mpp,0.0,4,ack-4f,w,2,2,0,ctl,ok,0,0,4.2,36.5
mpp,0.0,4,qpsk-r1/3,w,9,1,0,data,ok,8,8,2.6,36.5
mpp,0.0,4,ack-4f,w,2,2,0,ctl,ok,0,0,3.7,36.5
mpp,0.0,4,qpsk-r1/3,w,9,1,0,data,ok,8,8,4.4,36.5
mpp,0.0,4,ack-4f,w,3,3,0,ctl,ok,0,0,5.5,36.5
mpp,0.0,4,qpsk-r1/2,w,9,2,1,data,ok,7,6,3.3,36.5
mpp,0.0,4,ack-4f,w,3,3,0,ctl,ok,0,0,5.4,36.5
mpp,0.0,4,qpsk-r1/2,w,9,1,0,data,ctl_lost,7,0,1.7,36.5
mpp,0.0,4,ack-4f,w,3,3,0,ctl,ok,0,0,4.2,36.5
mpp,0.0,4,ack-4f,w,3,3,0,ctl,ok,0,0,1.6,36.5
mpp,0.0,4,qpsk-r1/2,w,9,2,1,data,ok,6,6,3.8,36.5
mpp,0.0,4,ack-4f,w,3,3,0,ctl,ok,0,0,4.5,36.5
mpp,0.0,4,qpsk-r1/2,w,9,2,1,data,ok,7,5,2.6,36.5
mpp,0.0,4,ack-4f,w,3,3,0,ctl,ok,0,0,3.8,36.5
mpp,0.0,4,qpsk-r1/2,w,9,2,1,data,ok,5,0,2.3,36.5
mpp,0.0,4,ack-4f,w,2,2,0,ctl,ok,0,0,2.6,36.5
mpp,0.0,4,qpsk-r1/3,w,9,1,0,data,ok,8,8,3.5,36.5
mpp,0.0,4,ack-4f,w,2,2,0,ctl,ok,0,0,1.8,36.5
mpp,0.0,4,qpsk-r1/3,w,9,1,0,data,ok,8,8,2.9,36.5
mpp,0.0,4,ack-4f,w,2,2,0,ctl,ok,0,0,0.8,36.5
mpp,0.0,4,qpsk-r1/3,w,9,1,0,data,ok,8,8,3.8,36.5
mpp,0.0,4,ack-4f,w,2,2,0,ctl,ok,0,0,3.8,36.5
mpp,0.0,4,qpsk-r1/3,w,9,1,0,data,ok,8,8,3.8,36.5
mpp,0.0,4,ack-4f,w,2,2,0,ctl,ok,0,0,5.4,36.5
mpp,0.0,4,qpsk-r1/3,w,9,1,0,data,ok,8,8,3.3,36.5
mpp,0.0,4,ack-4f,w,2,2,0,ctl,ok,0,0,-2.8,36.5
mpp,0.0,4,qpsk-r1/3,w,9,1,0,data,ok,8,8,2.9,36.5
mpp,0.0,4,ack-4f,w,2,2,0,ctl,ok,0,0,1.7,36.5
mpp,0.0,4,qpsk-r1/3,w,9,1,0,data,ok,8,8,3.7,36.5
mpp,0.0,4,ack-4f,w,2,2,0,ctl,ok,0,0,1.6,36.5
mpp,0.0,4,qpsk-r1/3,w,9,1,0,data,ok,8,8,2.3,36.5
mpp,0.0,4,ack-4f,w,2,2,0,ctl,ok,0,0,6.2,36.5
mpp,0.0,4,qpsk-r1/3,w,9,1,0,data,ok,8,8,3.3,36.5
mpp,0.0,4,ack-4f,w,2,2,0,ctl,ok,0,0,2.5,36.5
mpp,0.0,4,qpsk-r1/3,w,9,1,0,data,ok,8,8,3.7,36.5
mpp,0.0,4,ack-4f,w,2,2,0,ctl,ok,0,0,2.2,36.5
mpp,0.0,4,qpsk-r1/3,w,9,1,0,data,ok,8,8,2.6,36.5
mpp,0.0,4,ack-4f,w,2,2,0,ctl,ok,0,0,5.0,36.5
mpp,0.0,4,qpsk-r1/3,w,9,1,0,data,ok,8,8,4.2,36.5
mpp,0.0,4,ack-4f,w,2,2,0,ctl,ok,0,0,4.2,36.5
mpp,0.0,4,qpsk-r1/3,w,9,1,0,data,ok,8,8,3.0,36.5
mpp,0.0,4,ack-4f,w,2,2,0,ctl,ok,0,0,1.1,36.5
mpp,0.0,4,qpsk-r1/3,w,9,1,0,data,ok,8,8,3.9,36.5
mpp,0.0,4,ack-4f,w,2,2,0,ctl,ok,0,0,5.5,36.5
mpp,0.0,4,qpsk-r1/3,w,9,1,0,data,ok,8,8,5.1,36.5
mpp,0.0,4,ack-4f,w,3,3,0,ctl,ok,0,0,3.0,36.5
mpp,0.0,4,w48-qpsk-r1/3,w48,19,2,1,data,ok,17,0,1.6,36.5
mpp,0.0,4,ack-4f,w,2,2,0,ctl,ok,0,0,-4.5,36.5
mpp,0.0,4,qpsk-r1/3,w,9,1,0,data,ctl_lost,8,3,0.1,36.5
mpp,0.0,4,ack-4f,w,4,4,0,ctl,ok,0,0,2.2,36.5
mpp,0.0,4,ack-4f,w,3,3,0,ctl,ok,0,0,3.8,36.5
mpp,0.0,4,qpsk-r1/3,w,9,2,1,data,ok,7,7,4.1,36.5
mpp,0.0,4,ack-4f,w,2,2,0,ctl,ok,0,0,2.8,36.5
mpp,0.0,4,qpsk-r1/3,w,9,1,0,data,ok,8,8,4.7,36.5
mpp,0.0,4,ack-4f,w,2,2,0,ctl,ok,0,0,5.0,36.5
mpp,0.0,4,qpsk-r1/2,w,9,1,0,data,ok,8,8,3.6,36.5
mpp,0.0,4,ack-4f,w,2,2,0,ctl,ok,0,0,6.2,36.5
mpp,0.0,4,qpsk-r1/2,w,9,1,0,data,ok,8,8,4.8,36.5
mpp,0.0,4,ack-4f,w,2,2,0,ctl,ok,0,0,2.6,36.5
mpp,0.0,4,qpsk-r1/2,w,9,1,0,data,ok,8,5,3.1,36.5
mpg,0.0,11,qpsk-r1/5,w,1,1,0,ctl,ok,0,0,6.8,37.8
mpg,0.0,11,qpsk-r1/5,w,1,1,0,ctl,ok,0,0,5.0,37.8
mpg,0.0,11,ack-4f,w,3,3,0,ctl,ok,0,0,-3.3,37.8
mpg,0.0,11,ack-1f,w,3,3,0,ctl,ok,0,0,1.1,37.8
mpg,0.0,11,w48-qpsk-r1/5,w48,19,2,1,data,ok,17,17,1.2,37.8
mpg,0.0,11,ack-1f,w,3,3,0,ctl,ok,0,0,1.9,37.8
mpg,0.0,11,w48-qpsk-r1/5,w48,19,2,1,data,ok,17,17,3.3,37.8
mpg,0.0,11,ack-1f,w,3,3,0,ctl,ok,0,0,4.9,37.8
mpg,0.0,11,w48-qpsk-r1/5,w48,19,2,1,data,ok,17,17,3.4,37.8
mpg,0.0,11,ack-1f,w,2,2,0,ctl,ok,0,0,7.5,37.8
mpg,0.0,11,w48-qpsk-r1/5,w48,19,1,0,data,ok,18,18,4.5,37.8
mpg,0.0,11,ack-1f,w,3,3,0,ctl,ok,0,0,4.9,37.8
mpg,0.0,11,w48-qpsk-r1/3,w48,19,2,1,data,ok,17,15,1.8,37.8
mpg,0.0,11,ack-1f,w,4,4,0,ctl,ctl_lost,0,0,-7.8,37.8
mpg,0.0,11,ack-4f,w,3,3,0,ctl,ok,0,0,-4.3,37.8
mpg,0.0,11,ack-4f,w,4,4,0,ctl,ok,0,0,-4.2,37.8
mpg,0.0,11,w48-qpsk-r1/3,w48,19,2,1,data,ok,17,0,-1.0,37.8
mpg,0.0,11,n4-ack-8f,n4,3,3,0,ctl,ok,0,0,7.2,37.8
mpg,0.0,11,w48-qpsk-r1/5,w48,19,2,1,data,ok,17,17,2.1,37.8
mpg,0.0,11,ack-1f,w,3,3,0,ctl,ok,0,0,2.0,37.8
mpg,0.0,11,w48-qpsk-r1/5,w48,19,2,1,data,ctl_lost,17,0,-4.5,37.8
mpg,0.0,11,ack-4f,w,3,3,0,ctl,ok,0,0,-0.1,37.8
mpg,0.0,11,ack-4f,w,3,3,0,ctl,ok,0,0,1.8,37.8
mpg,0.0,11,w48-qpsk-r1/5,w48,19,2,1,data,ok,17,17,1.2,37.8
mpg,0.0,11,ack-4f,w,3,3,0,ctl,ok,0,0,8.3,37.8
mpg,0.0,11,w48-qpsk-r1/5,w48,19,2,1,data,ok,17,17,1.0,37.8
mpg,0.0,11,ack-1f,w,2,2,,ctl,missed,0,0,,37.8
mpg,0.0,11,ack-4f,w,3,3,0,ctl,ok,0,0,2.3,37.8
mpg,0.0,11,ack-4f,w,2,2,0,ctl,ok,0,0,1.7,37.8
mpg,0.0,11,w48-qpsk-r1/5,w48,19,1,0,data,ok,18,18,0.3,37.8
mpg,0.0,11,ack-4f,w,3,3,0,ctl,ok,0,0,-0.1,37.8
mpg,0.0,11,w48-qpsk-r1/5,w48,19,2,1,data,ok,17,15,0.6,37.8
mpg,0.0,11,ack-4f,w,3,3,0,ctl,ok,0,0,2.3,37.8
mpg,0.0,11,w48-qpsk-r1/5,w48,19,1,0,data,ok,16,16,1.2,37.8
mpg,0.0,11,ack-4f,w,2,2,0,ctl,ok,0,0,5.8,37.8
mpg,0.0,11,w48-qpsk-r1/5,w48,19,1,0,data,ok,18,18,0.6,37.8
mpg,0.0,11,ack-4f,w,2,2,0,ctl,ok,0,0,-1.1,37.8
mpg,0.0,11,w48-qpsk-r1/5,w48,19,1,0,data,ok,18,18,1.8,37.8
mpg,0.0,11,ack-4f,w,2,2,0,ctl,ok,0,0,6.5,37.8
mpg,0.0,11,w48-qpsk-r1/5,w48,19,1,0,data,ok,18,18,2.6,37.8
mpg,0.0,11,ack-4f,w,3,3,0,ctl,ok,0,0,5.6,37.8
mpg,0.0,11,w48-qpsk-r1/3,w48,19,2,1,data,ctl_lost,17,0,-2.8,37.8
mpg,0.0,11,ack-4f,w,3,3,0,ctl,ok,0,0,0.7,37.8
mpg,0.0,11,ack-4f,w,3,3,0,ctl,ok,0,0,7.4,37.8
mpg,0.0,11,w48-qpsk-r1/5,w48,19,2,1,data,ok,17,17,2.9,37.8
mpg,0.0,11,ack-1f,w,2,2,0,ctl,ok,0,0,2.2,37.8
mpg,0.0,11,w48-qpsk-r1/5,w48,19,1,0,data,ctl_lost,18,0,-2.7,37.8
mpg,0.0,11,ack-4f,w,3,3,0,ctl,ok,0,0,5.1,37.8
mpg,0.0,11,ack-4f,w,3,3,0,ctl,ok,0,0,3.7,37.8
mpg,0.0,11,w48-qpsk-r1/5,w48,19,2,1,data,ok,17,17,2.0,37.8
mpg,0.0,11,ack-4f,w,3,3,0,ctl,ok,0,0,4.7,37.8
mpg,0.0,11,w48-qpsk-r1/5,w48,19,2,1,data,ok,17,5,-0.3,37.8
mpg,0.0,11,ack-4f,w,4,4,0,ctl,ok,0,0,-0.2,37.8
mpg,0.0,11,w48-qpsk-r1/5,w48,19,2,1,data,ok,5,5,5.0,37.8
mpg,0.0,11,ack-4f,w,2,2,0,ctl,ok,0,0,0.1,37.8
mpg,0.0,11,w48-qpsk-r1/5,w48,19,1,0,data,ok,18,18,3.1,37.8
mpg,0.0,11,ack-4f,w,2,2,0,ctl,ok,0,0,1.4,37.8
mpg,0.0,11,w48-qpsk-r1/5,w48,19,1,0,data,ok,18,18,0.7,37.8
mpg,0.0,11,ack-4f,w,2,2,0,ctl,ok,0,0,4.9,37.8
mpg,0.0,11,w48-qpsk-r1/5,w48,19,1,0,data,ok,18,18,3.3,37.8
mpg,0.0,11,ack-4f,w,2,2,0,ctl,ok,0,0,-0.0,37.8
mpg,0.0,11,w48-qpsk-r1/5,w48,19,1,0,data,ok,18,18,3.9,37.8
mpg,0.0,11,ack-4f,w,2,2,0,ctl,ok,0,0,4.6,37.8
mpg,0.0,11,w48-qpsk-r1/5,w48,19,1,0,data,ctl_lost,18,3,-1.0,37.8
mpg,0.0,11,ack-4f,w,3,3,0,ctl,ok,0,0,2.8,37.8
mpg,0.0,11,ack-4f,w,3,3,0,ctl,ok,0,0,6.5,37.8
mpg,0.0,11,w48-qpsk-r1/5,w48,19,2,1,data,ok,17,17,0.5,37.8
mpg,0.0,11,n4-ack-2f,n4,3,3,0,ctl,ok,0,0,0.9,37.8
mpg,0.0,11,w48-qpsk-r1/5,w48,19,2,1,data,ok,17,17,0.8,37.8
mpg,0.0,11,ack-1f,w,3,3,0,ctl,ok,0,0,4.0,37.8
mpg,0.0,11,w48-qpsk-r1/5,w48,19,2,1,data,ok,17,0,-1.3,37.8
mpg,0.0,11,ack-1f,w,3,3,0,ctl,ok,0,0,2.3,37.8
mpg,0.0,11,w48-qpsk-r1/5,w48,19,2,1,data,ok,0,0,1.1,37.8
mpg,0.0,11,ack-1f,w,3,3,0,ctl,ok,0,0,0.6,37.8
mpg,0.0,11,w48-256l-r5/8,w48,39,2,1,data,ctl_lost,37,0,-2.0,37.8
mpg,0.0,11,ack-4f,w,3,3,0,ctl,ok,0,0,1.8,37.8
mpg,0.0,11,ack-4f,w,3,3,0,ctl,ok,0,0,1.6,37.8
mpg,0.0,11,w48-qpsk-r1/5,w48,19,2,1,data,ok,17,0,0.5,37.8
mpg,0.0,11,ack-4f,w,3,3,0,ctl,ok,0,0,4.0,37.8
mpg,0.0,11,w48-qpsk-r1/5,w48,19,2,1,data,ok,0,0,0.4,37.8
mpg,0.0,11,ack-4f,w,3,3,0,ctl,ok,0,0,5.2,37.8
mpg,0.0,11,w48-256l-r5/8,w48,39,2,1,data,ctl_lost,37,0,-7.2,37.8
mpg,0.0,11,ack-4f,w,2,2,0,ctl,ok,0,0,2.7,37.8
mpg,0.0,11,ack-4f,w,3,3,0,ctl,ok,0,0,0.9,37.8
mpg,0.0,11,w48-qpsk-r1/5,w48,19,2,1,data,ok,17,17,-0.1,37.8
mpg,0.0,11,ack-4f,w,3,3,0,ctl,ok,0,0,6.2,37.8
mpg,0.0,11,w48-qpsk-r1/5,w48,19,2,1,data,ok,17,0,-0.9,37.8
mpg,0.0,11,ack-4f,w,2,2,0,ctl,ok,0,0,4.1,37.8
mpg,0.0,11,w48-qpsk-r1/5,w48,19,1,0,data,ok,1,1,1.9,37.8
mpg,0.0,11,n4-ack-2f,n4,2,2,0,ctl,ok,0,0,0.3,37.8
mpg,0.0,11,w48-qpsk-r1/5,w48,19,1,0,data,ok,18,16,0.5,37.8
mpg,0.0,11,ack-4f,w,2,2,0,ctl,ok,0,0,-8.1,37.8
mpp,0.0,10,qpsk-r1/5,w,1,1,0,ctl,ok,0,0,2.5,40.0
mpp,0.0,10,qpsk-r1/5,w,1,1,0,ctl,ok,0,0,5.2,40.0
mpp,0.0,10,ack-4f,w,3,3,0,ctl,ok,0,0,4.2,40.0
mpp,0.0,10,ack-1f,w,3,3,0,ctl,ok,0,0,2.7,40.0
mpp,0.0,10,qpsk-r1/3,w,9,2,1,data,ok,7,7,2.9,40.0
mpp,0.0,10,ack-1f,w,3,3,0,ctl,ok,0,0,5.0,40.0
mpp,0.0,10,qpsk-r1/3,w,9,2,1,data,ok,7,4,0.2,40.0
mpp,0.0,10,ack-1f,w,3,3,0,ctl,ok,0,0,5.9,40.0
mpp,0.0,10,qpsk-r1/3,w,9,2,1,data,ok,4,1,0.6,40.0
mpp,0.0,10,ack-1f,w,3,3,0,ctl,ok,0,0,3.6,40.0
mpp,0.0,10,qpsk-r1/3,w,9,2,1,data,ok,4,4,4.6,40.0
mpp,0.0,10,ack-1f,w,2,2,0,ctl,ok,0,0,4.5,40.0
mpp,0.0,10,qpsk-r1/3,w,9,1,0,data,ok,8,8,2.8,40.0
mpp,0.0,10,ack-1f,w,2,2,0,ctl,ok,0,0,8.3,40.0
mpp,0.0,10,qpsk-r1/3,w,9,1,0,data,ok,8,8,3.6,40.0
mpp,0.0,10,ack-1f,w,2,2,0,ctl,ok,0,0,5.3,40.0
mpp,0.0,10,qpsk-r1/3,w,9,1,0,data,ok,8,8,3.8,40.0
mpp,0.0,10,ack-1f,w,2,2,0,ctl,ok,0,0,3.1,40.0
mpp,0.0,10,qpsk-r1/3,w,9,1,0,data,ok,8,8,3.6,40.0
mpp,0.0,10,ack-1f,w,2,2,0,ctl,ok,0,0,-0.1,40.0
mpp,0.0,10,qpsk-r1/3,w,9,1,0,data,ok,8,8,5.2,40.0
mpp,0.0,10,ack-1f,w,3,3,0,ctl,ok,0,0,3.5,40.0
mpp,0.0,10,qpsk-r1/2,w,9,2,1,data,ok,7,7,3.9,40.0
mpp,0.0,10,ack-1f,w,3,3,0,ctl,ok,0,0,5.5,40.0
mpp,0.0,10,qpsk-r1/2,w,9,2,1,data,ok,7,0,2.0,40.0
mpp,0.0,10,ack-1f,w,2,2,0,ctl,ctl_lost,0,0,-3.5,40.0
mpp,0.0,10,ack-4f,w,3,3,0,ctl,ok,0,0,2.5,40.0
mpp,0.0,10,ack-4f,w,2,2,0,ctl,ok,0,0,2.6,40.0
mpp,0.0,10,qpsk-r1/3,w,9,1,0,data,ok,8,8,2.7,40.0
mpp,0.0,10,ack-4f,w,2,2,0,ctl,ok,0,0,4.4,40.0
mpp,0.0,10,qpsk-r1/3,w,9,1,0,data,ok,8,8,2.3,40.0
mpp,0.0,10,ack-1f,w,2,2,0,ctl,ok,0,0,4.4,40.0
mpp,0.0,10,qpsk-r1/3,w,9,1,0,data,ok,8,8,3.8,40.0
mpp,0.0,10,ack-1f,w,2,2,0,ctl,ok,0,0,-2.1,40.0
mpp,0.0,10,qpsk-r1/3,w,9,1,0,data,ctl_lost,8,8,0.6,40.0
mpp,0.0,10,ack-4f,w,3,3,0,ctl,ok,0,0,4.2,40.0
mpp,0.0,10,ack-4f,w,3,3,0,ctl,ok,0,0,3.7,40.0
mpp,0.0,10,qpsk-r1/3,w,9,2,1,data,ok,7,7,4.1,40.0
mpp,0.0,10,ack-1f,w,3,3,0,ctl,ok,0,0,5.4,40.0
mpp,0.0,10,qpsk-r1/2,w,9,2,1,data,ok,7,7,3.4,40.0
mpp,0.0,10,ack-1f,w,3,3,0,ctl,ok,0,0,4.5,40.0
mpp,0.0,10,qpsk-r1/2,w,9,2,1,data,ok,7,7,3.6,40.0
mpp,0.0,10,ack-1f,w,3,3,0,ctl,ctl_lost,0,0,-1.8,40.0
mpp,0.0,10,ack-4f,w,3,3,0,ctl,ok,0,0,-0.4,40.0
mpp,0.0,10,ack-4f,w,3,3,0,ctl,ok,0,0,3.4,40.0
mpp,0.0,10,qpsk-r1/3,w,9,2,1,data,ok,7,7,2.5,40.0
mpp,0.0,10,ack-4f,w,3,3,0,ctl,ok,0,0,3.8,40.0
mpp,0.0,10,qpsk-r1/3,w,9,2,1,data,ok,7,7,2.2,40.0
mpp,0.0,10,ack-4f,w,2,2,0,ctl,ok,0,0,2.5,40.0
mpp,0.0,10,qpsk-r1/3,w,9,1,0,data,ok,8,8,4.0,40.0
mpp,0.0,10,ack-4f,w,3,3,0,ctl,ok,0,0,5.3,40.0
mpp,0.0,10,qpsk-r1/2,w,9,2,1,data,ok,7,0,2.5,40.0
mpp,0.0,10,ack-1f,w,2,2,0,ctl,ok,0,0,1.3,40.0
mpp,0.0,10,qpsk-r1/3,w,9,1,0,data,ok,8,8,2.9,40.0
mpp,0.0,10,ack-4f,w,2,2,0,ctl,ok,0,0,1.5,40.0
mpp,0.0,10,qpsk-r1/3,w,9,1,0,data,ok,8,8,2.9,40.0
mpp,0.0,10,ack-4f,w,2,2,0,ctl,ok,0,0,4.3,40.0
mpp,0.0,10,qpsk-r1/3,w,9,1,0,data,ok,8,8,4.2,40.0
mpp,0.0,10,ack-4f,w,3,3,0,ctl,ok,0,0,4.8,40.0
mpp,0.0,10,qpsk-r1/2,w,9,2,1,data,ok,7,7,4.3,40.0
mpp,0.0,10,ack-1f,w,2,2,0,ctl,ok,0,0,4.4,40.0
mpp,0.0,10,qpsk-r1/2,w,9,1,0,data,ok,8,7,3.6,40.0
mpp,0.0,10,ack-1f,w,3,3,0,ctl,ok,0,0,0.5,40.0
mpp,0.0,10,qpsk-r1/2,w,9,1,0,data,ok,7,7,4.5,40.0
mpp,0.0,10,ack-4f,w,2,2,0,ctl,ok,0,0,6.5,40.0
mpp,0.0,10,qpsk-r1/2,w,9,1,0,data,ok,8,8,3.6,40.0
mpp,0.0,10,ack-1f,w,2,2,0,ctl,ok,0,0,-0.0,40.0
mpp,0.0,10,qpsk-r1/2,w,9,1,0,data,ctl_lost,8,0,-0.0,40.0
mpp,0.0,10,ack-4f,w,3,3,0,ctl,ok,0,0,2.2,40.0
mpp,0.0,10,ack-4f,w,3,3,0,ctl,ok,0,0,4.7,40.0
mpp,0.0,10,qpsk-r1/3,w,9,2,1,data,ok,7,7,3.7,40.0
mpp,0.0,10,ack-1f,w,2,2,0,ctl,ok,0,0,2.2,40.0
mpp,0.0,10,qpsk-r1/3,w,9,1,0,data,ok,8,8,2.3,40.0
mpp,0.0,10,ack-1f,w,2,2,0,ctl,ok,0,0,1.8,40.0
mpp,0.0,10,qpsk-r1/3,w,9,1,0,data,ok,8,8,2.9,40.0
mpp,0.0,10,ack-1f,w,2,2,0,ctl,ctl_lost,0,0,-0.1,40.0
mpp,0.0,10,ack-4f,w,3,3,0,ctl,ok,0,0,3.8,40.0
mpp,0.0,10,ack-4f,w,2,2,0,ctl,ok,0,0,4.1,40.0
mpp,0.0,10,qpsk-r1/3,w,9,1,0,data,ok,8,6,0.7,40.0
mpp,0.0,10,ack-4f,w,3,3,0,ctl,ok,0,0,2.4,40.0
mpp,0.0,10,qpsk-r1/3,w,9,2,1,data,ok,5,5,3.2,40.0
mpp,0.0,10,ack-4f,w,2,2,0,ctl,ok,0,0,4.0,40.0
mpp,0.0,10,qpsk-r1/3,w,9,1,0,data,ok,8,8,2.9,40.0
mpp,0.0,10,ack-4f,w,2,2,0,ctl,ok,0,0,6.6,40.0
mpp,0.0,10,qpsk-r1/3,w,9,1,0,data,ok,8,8,2.8,40.0
mpp,0.0,10,ack-1f,w,2,2,0,ctl,ok,0,0,-1.6,40.0
mpp,0.0,10,qpsk-r1/3,w,9,1,0,data,ok,8,8,3.3,40.0
mpp,0.0,10,ack-4f,w,2,2,0,ctl,ok,0,0,3.7,40.0
mpp,0.0,10,qpsk-r1/3,w,9,1,0,data,ok,8,8,4.0,40.0
mpp,0.0,10,ack-4f,w,2,2,0,ctl,ok,0,0,5.3,40.0
mpp,0.0,10,qpsk-r1/3,w,9,1,0,data,ok,8,8,3.8,40.0
mpp,0.0,10,ack-4f,w,3,3,0,ctl,ok,0,0,2.3,40.0
mpp,0.0,10,qpsk-r1/2,w,9,2,1,data,ok,7,4,2.6,40.0
mpp,0.0,10,ack-4f,w,3,3,0,ctl,ok,0,0,3.9,40.0
mpp,0.0,10,qpsk-r1/2,w,9,2,1,data,ok,4,4,3.6,40.0
mpp,0.0,10,ack-4f,w,2,2,0,ctl,ok,0,0,3.9,40.0
mpp,0.0,10,qpsk-r1/3,w,9,1,0,data,ok,8,8,3.8,40.0
mpp,0.0,10,ack-4f,w,3,3,0,ctl,ok,0,0,2.7,40.0
mpd,20.0,1,qpsk-r1/5,w,1,1,0,ctl,ok,0,0,17.6,288.1
mpd,20.0,1,qpsk-r1/5,w,1,1,0,ctl,ok,0,0,19.9,288.1
mpd,20.0,1,ack-4f,w,3,3,0,ctl,ok,0,0,19.8,288.1
mpd,20.0,1,ack-1f,w,2,2,0,ctl,ok,0,0,18.0,288.1
mpd,20.0,1,w48-16qam-r1/2,w48,19,1,0,data,ok,18,18,12.8,288.1
mpd,20.0,1,ack-1f,w,3,3,0,ctl,ok,0,0,18.3,288.1
mpd,20.0,1,w48-16qam-r1/2,w48,19,2,1,data,ok,17,17,15.4,288.1
mpd,20.0,1,ack-1f,w,3,3,0,ctl,ok,0,0,18.7,288.1
mpd,20.0,1,w48-16qam-r1/2,w48,19,2,1,data,ok,17,17,15.0,288.1
mpd,20.0,1,ack-1f,w,2,2,0,ctl,ok,0,0,19.7,288.1
mpd,20.0,1,w48-16qam-r1/2,w48,19,1,0,data,ok,18,18,17.8,288.1
mpd,20.0,1,ack-1f,w,2,2,0,ctl,ok,0,0,19.4,288.1
mpd,20.0,1,w48-16qam-r1/2,w48,19,1,0,data,ctl_lost,18,14,12.0,288.1
mpd,20.0,1,ack-4f,w,2,2,0,ctl,ok,0,0,17.7,288.1
mpd,20.0,1,ack-4f,w,3,3,0,ctl,ok,0,0,19.6,288.1
mpd,20.0,1,w48-16qam-r1/2,w48,19,2,1,data,ok,17,17,13.7,288.1
mpd,20.0,1,ack-1f,w,3,3,0,ctl,ok,0,0,19.4,288.1
mpd,20.0,1,w48-16qam-r1/2,w48,19,2,1,data,ok,17,17,12.4,288.1
mpd,20.0,1,ack-1f,w,3,3,0,ctl,ok,0,0,18.5,288.1
mpd,20.0,1,w48-16qam-r1/2,w48,19,2,1,data,ok,17,17,18.6,288.1
mpd,20.0,1,ack-1f,w,2,2,0,ctl,ok,0,0,18.8,288.1
mpd,20.0,1,w48-16qam-r1/2,w48,19,1,0,data,ok,18,18,16.1,288.1
mpd,20.0,1,ack-1f,w,2,2,0,ctl,ok,0,0,16.1,288.1
mpd,20.0,1,w48-16qam-r1/2,w48,19,1,0,data,ok,18,18,19.0,288.1
mpd,20.0,1,ack-1f,w,2,2,0,ctl,ok,0,0,17.9,288.1
mpd,20.0,1,w48-16qam-r1/2,w48,19,1,0,data,ok,18,18,12.9,288.1
mpd,20.0,1,ack-1f,w,2,2,0,ctl,ok,0,0,18.9,288.1
mpd,20.0,1,w48-16qam-r1/2,w48,19,1,0,data,ok,18,18,19.1,288.1
mpd,20.0,1,ack-1f,w,2,2,0,ctl,ok,0,0,21.1,288.1
mpd,20.0,1,w48-16qam-r1/2,w48,19,1,0,data,ok,18,18,19.5,288.1
mpd,20.0,1,ack-1f,w,3,3,0,ctl,ok,0,0,20.7,288.1
mpd,20.0,1,w48-16qam-r2/3,w48,19,2,1,data,ok,17,0,13.3,288.1
mpd,20.0,1,ack-1f,w,2,2,0,ctl,ok,0,0,20.4,288.1
mpd,20.0,1,w48-16qam-r1/2,w48,19,1,0,data,ok,18,18,18.7,288.1
mpd,20.0,1,ack-1f,w,2,2,0,ctl,ok,0,0,19.2,288.1
mpd,20.0,1,w48-16qam-r1/2,w48,19,1,0,data,ok,18,18,14.2,288.1
mpd,20.0,1,ack-1f,w,2,2,0,ctl,ok,0,0,17.4,288.1
mpd,20.0,1,w48-16qam-r1/2,w48,19,1,0,data,ok,18,18,12.8,288.1
mpd,20.0,1,ack-1f,w,3,3,0,ctl,ok,0,0,21.9,288.1
mpd,20.0,1,w48-16qam-r1/2,w48,19,2,1,data,ok,17,17,18.1,288.1
mpd,20.0,1,ack-1f,w,2,2,0,ctl,ok,0,0,18.0,288.1
mpd,20.0,1,w48-16qam-r1/2,w48,19,1,0,data,ok,18,18,12.5,288.1
mpd,20.0,1,ack-1f,w,2,2,0,ctl,ok,0,0,19.2,288.1
mpd,20.0,1,w48-16qam-r1/2,w48,19,1,0,data,ok,18,18,18.7,288.1
mpd,20.0,1,ack-1f,w,2,2,0,ctl,ok,0,0,19.3,288.1
mpd,20.0,1,w48-16qam-r1/2,w48,19,1,0,data,ok,18,18,14.5,288.1
mpd,20.0,1,ack-1f,w,2,2,0,ctl,ok,0,0,19.9,288.1
mpd,20.0,1,w48-16qam-r1/2,w48,19,1,0,data,ok,18,18,17.1,288.1
mpd,20.0,1,ack-1f,w,2,2,0,ctl,ok,0,0,16.8,288.1
mpd,20.0,1,w48-16qam-r1/2,w48,19,1,0,data,ok,18,18,18.3,288.1
mpd,20.0,1,ack-1f,w,2,2,0,ctl,ok,0,0,19.5,288.1
mpd,20.0,1,w48-16qam-r1/2,w48,19,1,0,data,ok,18,18,19.3,288.1
mpd,20.0,1,ack-1f,w,3,3,0,ctl,ok,0,0,19.3,288.1
mpd,20.0,1,w48-16qam-r2/3,w48,19,2,1,data,ok,17,17,18.6,288.1
mpd,20.0,1,ack-1f,w,3,3,0,ctl,ok,0,0,17.8,288.1
mpd,20.0,1,w48-16qam-r2/3,w48,19,2,1,data,ok,17,3,13.6,288.1
mpd,20.0,1,ack-1f,w,4,4,0,ctl,ok,0,0,18.2,288.1
mpd,20.0,1,w48-16qam-r2/3,w48,19,2,1,data,ok,3,0,11.4,288.1
mpd,20.0,1,ack-1f,w,3,3,0,ctl,ok,0,0,19.5,288.1
mpd,20.0,1,w48-16qam-r1/2,w48,19,2,1,data,ok,17,17,19.4,288.1
mpd,20.0,1,ack-1f,w,2,2,0,ctl,ok,0,0,18.8,288.1
mpd,20.0,1,w48-16qam-r1/2,w48,19,1,0,data,ok,18,18,17.5,288.1
mpd,20.0,1,ack-1f,w,2,2,0,ctl,ok,0,0,17.0,288.1
mpd,20.0,1,w48-16qam-r1/2,w48,19,1,0,data,ok,18,14,11.7,288.1
mpd,20.0,1,ack-1f,w,3,3,0,ctl,ok,0,0,19.7,288.1
mpd,20.0,1,w48-16qam-r1/2,w48,19,1,0,data,ok,14,14,19.0,288.1
mpd,20.0,1,ack-1f,w,2,2,0,ctl,ok,0,0,19.8,288.1
mpd,20.0,1,w48-16qam-r1/2,w48,19,1,0,data,ok,18,18,15.3,288.1
mpd,20.0,1,ack-1f,w,2,2,0,ctl,ok,0,0,18.8,288.1
mpd,20.0,1,w48-16qam-r1/2,w48,19,1,0,data,ok,18,18,16.3,288.1
mpd,20.0,1,ack-1f,w,2,2,0,ctl,ok,0,0,18.0,288.1
mpd,20.0,1,w48-16qam-r1/2,w48,19,1,0,data,ok,18,18,13.7,288.1
mpd,20.0,1,ack-1f,w,2,2,0,ctl,ok,0,0,18.8,288.1
mpd,20.0,1,w48-16qam-r1/2,w48,19,1,0,data,ok,18,18,13.6,288.1
mpd,20.0,1,ack-1f,w,2,2,0,ctl,ok,0,0,16.0,288.1
mpd,20.0,1,w48-16qam-r1/2,w48,19,1,0,data,ok,18,18,17.1,288.1
mpd,20.0,1,ack-1f,w,2,2,0,ctl,ok,0,0,20.2,288.1
mpd,20.0,1,w48-16qam-r1/2,w48,19,1,0,data,ok,18,18,19.3,288.1
mpd,20.0,1,ack-1f,w,2,2,0,ctl,ok,0,0,15.0,288.1
mpd,20.0,1,w48-16qam-r1/2,w48,19,1,0,data,ok,18,18,15.1,288.1
mpd,20.0,1,ack-1f,w,2,2,0,ctl,ok,0,0,8.6,288.1
mpd,20.0,1,w48-16qam-r1/2,w48,19,1,0,data,ok,18,18,17.9,288.1
mpd,20.0,1,ack-1f,w,2,2,0,ctl,ok,0,0,20.4,288.1
mpd,20.0,1,w48-16qam-r1/2,w48,19,1,0,data,ok,18,18,14.1,288.1
mpd,20.0,1,ack-1f,w,2,2,0,ctl,ok,0,0,17.9,288.1
mpd,20.0,1,w48-16qam-r1/2,w48,19,1,0,data,ok,18,18,12.3,288.1
mpd,20.0,1,ack-1f,w,2,2,0,ctl,ok,0,0,20.0,288.1
mpd,20.0,1,w48-16qam-r1/2,w48,19,1,0,data,ok,18,18,16.7,288.1
mpd,20.0,1,ack-1f,w,2,2,0,ctl,ok,0,0,18.0,288.1
mpd,20.0,1,w48-16qam-r1/2,w48,19,1,0,data,ok,18,18,11.8,288.1
mpd,20.0,1,ack-1f,w,2,2,0,ctl,ok,0,0,15.7,288.1
mpd,20.0,1,w48-16qam-r1/2,w48,19,1,0,data,ok,18,18,18.3,288.1
mpd,20.0,1,ack-1f,w,2,2,0,ctl,ok,0,0,19.1,288.1
mpd,20.0,1,w48-16qam-r1/2,w48,19,1,0,data,ok,18,18,12.9,288.1
mpd,20.0,3,qpsk-r1/5,w,1,1,0,ctl,ok,0,0,19.5,274.1
mpd,20.0,3,qpsk-r1/5,w,1,1,0,ctl,ok,0,0,19.5,274.1
mpd,20.0,3,ack-4f,w,2,2,0,ctl,ok,0,0,18.9,274.1
mpd,20.0,3,ack-1f,w,2,2,0,ctl,ok,0,0,19.8,274.1
mpd,20.0,3,w48-16qam-r1/2,w48,19,1,0,data,ok,18,18,17.0,274.1
mpd,20.0,3,ack-1f,w,2,2,0,ctl,ok,0,0,16.1,274.1
mpd,20.0,3,w48-16qam-r1/2,w48,19,1,0,data,ok,18,18,18.2,274.1
mpd,20.0,3,ack-1f,w,2,2,0,ctl,ok,0,0,21.6,274.1
mpd,20.0,3,w48-16qam-r1/2,w48,19,1,0,data,ok,18,18,16.2,274.1
mpd,20.0,3,ack-1f,w,2,2,0,ctl,ok,0,0,21.4,274.1
mpd,20.0,3,w48-16qam-r1/2,w48,19,1,0,data,ok,18,18,18.4,274.1
mpd,20.0,3,ack-1f,w,2,2,0,ctl,ok,0,0,19.2,274.1
mpd,20.0,3,w48-16qam-r1/2,w48,19,1,0,data,ok,18,18,17.5,274.1
mpd,20.0,3,ack-1f,w,3,3,0,ctl,ok,0,0,21.3,274.1
mpd,20.0,3,w48-16qam-r2/3,w48,19,2,1,data,ok,17,0,12.0,274.1
mpd,20.0,3,ack-1f,w,2,2,0,ctl,ok,0,0,17.3,274.1
mpd,20.0,3,w48-16qam-r1/2,w48,19,1,0,data,ok,18,18,13.0,274.1
mpd,20.0,3,ack-1f,w,3,3,0,ctl,ok,0,0,19.1,274.1
mpd,20.0,3,w48-16qam-r1/2,w48,19,2,1,data,ok,17,17,13.1,274.1
mpd,20.0,3,ack-1f,w,3,3,0,ctl,ok,0,0,21.3,274.1
mpd,20.0,3,w48-16qam-r1/2,w48,19,2,1,data,ok,17,17,17.7,274.1
mpd,20.0,3,ack-1f,w,2,2,0,ctl,ok,0,0,18.0,274.1
mpd,20.0,3,w48-16qam-r1/2,w48,19,1,0,data,ok,18,18,13.8,274.1
mpd,20.0,3,ack-1f,w,2,2,0,ctl,ok,0,0,17.1,274.1
mpd,20.0,3,w48-16qam-r1/2,w48,19,1,0,data,ok,18,18,14.2,274.1
mpd,20.0,3,ack-1f,w,2,2,0,ctl,ok,0,0,15.5,274.1
mpd,20.0,3,w48-16qam-r1/2,w48,19,1,0,data,ok,18,18,16.3,274.1
mpd,20.0,3,ack-1f,w,2,2,0,ctl,ok,0,0,19.6,274.1
mpd,20.0,3,w48-16qam-r1/2,w48,19,1,0,data,ok,18,18,18.4,274.1
mpd,20.0,3,ack-1f,w,2,2,0,ctl,ok,0,0,18.7,274.1
mpd,20.0,3,w48-16qam-r1/2,w48,19,1,0,data,ok,18,18,13.2,274.1
mpd,20.0,3,ack-1f,w,2,2,0,ctl,ok,0,0,19.2,274.1
mpd,20.0,3,w48-16qam-r1/2,w48,19,1,0,data,ok,18,18,12.8,274.1
mpd,20.0,3,ack-1f,w,3,3,0,ctl,ok,0,0,9.1,274.1
mpd,20.0,3,w48-16qam-r1/2,w48,19,2,1,data,ok,17,17,12.6,274.1
mpd,20.0,3,ack-1f,w,3,3,0,ctl,ok,0,0,17.3,274.1
mpd,20.0,3,w48-16qam-r1/2,w48,19,2,1,data,ok,17,17,17.0,274.1
mpd,20.0,3,ack-1f,w,2,2,0,ctl,ok,0,0,20.9,274.1
mpd,20.0,3,w48-16qam-r1/2,w48,19,1,0,data,ok,18,18,13.9,274.1
mpd,20.0,3,ack-1f,w,2,2,0,ctl,ok,0,0,17.9,274.1
mpd,20.0,3,w48-16qam-r1/2,w48,19,1,0,data,ok,18,18,12.9,274.1
mpd,20.0,3,ack-1f,w,2,2,0,ctl,ok,0,0,17.6,274.1
mpd,20.0,3,w48-16qam-r1/2,w48,19,1,0,data,ok,18,18,12.8,274.1
mpd,20.0,3,ack-1f,w,2,2,0,ctl,ok,0,0,17.9,274.1
mpd,20.0,3,w48-16qam-r1/2,w48,19,1,0,data,ok,18,18,14.0,274.1
mpd,20.0,3,ack-1f,w,2,2,0,ctl,ok,0,0,21.3,274.1
mpd,20.0,3,w48-16qam-r1/2,w48,19,1,0,data,ok,18,18,13.3,274.1
mpd,20.0,3,ack-1f,w,2,2,0,ctl,ok,0,0,17.5,274.1
mpd,20.0,3,w48-16qam-r1/2,w48,19,1,0,data,ok,18,18,17.7,274.1
mpd,20.0,3,ack-1f,w,2,2,0,ctl,ok,0,0,20.5,274.1
mpd,20.0,3,w48-16qam-r1/2,w48,19,1,0,data,ok,18,18,13.7,274.1
mpd,20.0,3,ack-1f,w,2,2,0,ctl,ok,0,0,17.4,274.1
mpd,20.0,3,w48-16qam-r1/2,w48,19,1,0,data,ok,18,18,17.9,274.1
mpd,20.0,3,ack-1f,w,2,2,0,ctl,ok,0,0,17.3,274.1
mpd,20.0,3,w48-16qam-r1/2,w48,19,1,0,data,ok,18,18,19.1,274.1
mpd,20.0,3,ack-1f,w,3,3,0,ctl,ok,0,0,20.3,274.1
mpd,20.0,3,w48-16qam-r2/3,w48,19,2,1,data,ok,17,0,12.5,274.1
mpd,20.0,3,ack-1f,w,2,2,0,ctl,ok,0,0,19.4,274.1
mpd,20.0,3,w48-16qam-r1/2,w48,19,1,0,data,ok,18,18,17.9,274.1
mpd,20.0,3,ack-1f,w,2,2,0,ctl,ok,0,0,19.9,274.1
mpd,20.0,3,w48-16qam-r1/2,w48,19,1,0,data,ok,18,18,14.4,274.1
mpd,20.0,3,ack-1f,w,2,2,0,ctl,ok,0,0,19.0,274.1
mpd,20.0,3,w48-16qam-r1/2,w48,19,1,0,data,ok,18,18,19.3,274.1
mpd,20.0,3,ack-1f,w,2,2,0,ctl,ok,0,0,19.7,274.1
mpd,20.0,3,w48-16qam-r1/2,w48,19,1,0,data,ok,18,18,19.1,274.1
mpd,20.0,3,ack-1f,w,3,3,0,ctl,ok,0,0,20.0,274.1
mpd,20.0,3,w48-16qam-r2/3,w48,19,2,1,data,ok,17,0,13.3,274.1
mpd,20.0,3,ack-1f,w,2,2,0,ctl,ok,0,0,10.4,274.1
mpd,20.0,3,w48-16qam-r1/2,w48,19,1,0,data,ok,18,18,12.9,274.1
mpd,20.0,3,ack-1f,w,2,2,0,ctl,ok,0,0,21.4,274.1
mpd,20.0,3,w48-16qam-r1/2,w48,19,1,0,data,ok,18,18,18.8,274.1
mpd,20.0,3,ack-1f,w,2,2,0,ctl,ok,0,0,21.8,274.1
mpd,20.0,3,w48-16qam-r1/2,w48,19,1,0,data,ok,18,18,19.1,274.1
mpd,20.0,3,ack-1f,w,3,3,0,ctl,ok,0,0,18.1,274.1
mpd,20.0,3,w48-64l-r1/2,w48,39,2,1,data,ok,37,0,12.9,274.1
mpd,20.0,3,ack-1f,w,2,2,0,ctl,ok,0,0,21.2,274.1
mpd,20.0,3,w48-16qam-r1/2,w48,19,1,0,data,ok,18,18,13.8,274.1
mpd,20.0,3,ack-1f,w,2,2,0,ctl,ok,0,0,18.2,274.1
mpd,20.0,3,w48-16qam-r1/2,w48,19,1,0,data,ok,18,18,12.8,274.1
mpd,20.0,3,ack-1f,w,2,2,0,ctl,ok,0,0,17.9,274.1
mpd,20.0,3,w48-16qam-r1/2,w48,19,1,0,data,ok,18,18,15.7,274.1
mpd,20.0,3,ack-1f,w,2,2,0,ctl,ok,0,0,19.4,274.1
mpd,20.0,3,w48-16qam-r1/2,w48,19,1,0,data,ok,18,18,19.3,274.1
mpd,20.0,3,ack-1f,w,2,2,0,ctl,ok,0,0,18.7,274.1
mpd,20.0,3,w48-16qam-r1/2,w48,19,1,0,data,ok,18,18,13.3,274.1
mpd,20.0,3,ack-1f,w,2,2,0,ctl,ok,0,0,18.5,274.1
mpd,20.0,3,w48-16qam-r1/2,w48,19,1,0,data,ok,18,18,19.2,274.1
mpd,20.0,3,ack-1f,w,2,2,0,ctl,ok,0,0,15.3,274.1
mpd,20.0,3,w48-16qam-r1/2,w48,19,1,0,data,ok,18,18,18.1,274.1
mpd,20.0,3,ack-1f,w,3,3,0,ctl,ok,0,0,21.3,274.1
mpd,20.0,3,w48-64l-r1/2,w48,39,2,1,data,ok,37,35,16.0,274.1
mpd,20.0,3,ack-1f,w,4,4,0,ctl,ok,0,0,16.8,274.1
mpd,20.0,3,w48-64l-r1/2,w48,33,2,1,data,ok,29,0,12.8,274.1
mpd,20.0,4,qpsk-r1/5,w,1,1,0,ctl,ok,0,0,18.6,294.1
mpd,20.0,4,qpsk-r1/5,w,1,1,0,ctl,ok,0,0,19.7,294.1
mpd,20.0,4,ack-4f,w,3,3,0,ctl,ok,0,0,18.7,294.1
mpd,20.0,4,ack-1f,w,2,2,0,ctl,ok,0,0,17.9,294.1
mpd,20.0,4,w48-16qam-r1/2,w48,19,1,0,data,ok,18,18,12.3,294.1
mpd,20.0,4,ack-1f,w,3,3,0,ctl,ok,0,0,20.5,294.1
mpd,20.0,4,w48-16qam-r1/2,w48,19,2,1,data,ok,17,17,18.6,294.1
mpd,20.0,4,ack-1f,w,2,2,0,ctl,ok,0,0,20.3,294.1
mpd,20.0,4,w48-16qam-r1/2,w48,19,1,0,data,ok,18,18,18.5,294.1
mpd,20.0,4,ack-1f,w,3,3,0,ctl,ok,0,0,19.8,294.1
mpd,20.0,4,w48-16qam-r2/3,w48,19,2,1,data,ok,17,17,17.4,294.1
mpd,20.0,4,ack-1f,w,3,3,0,ctl,ok,0,0,19.5,294.1
mpd,20.0,4,w48-16qam-r2/3,w48,19,2,1,data,ok,17,17,18.5,294.1
mpd,20.0,4,ack-1f,w,3,3,0,ctl,ok,0,0,20.2,294.1
mpd,20.0,4,w48-16qam-r2/3,w48,19,2,1,data,ok,17,17,17.7,294.1
mpd,20.0,4,ack-1f,w,3,3,0,ctl,ok,0,0,20.7,294.1
mpd,20.0,4,w48-16qam-r2/3,w48,19,2,1,data,ok,17,17,17.7,294.1
mpd,20.0,4,ack-1f,w,3,3,0,ctl,ok,0,0,21.8,294.1
mpd,20.0,4,w48-16qam-r2/3,w48,19,2,1,data,ok,17,0,13.0,294.1
mpd,20.0,4,ack-1f,w,2,2,0,ctl,ok,0,0,19.3,294.1
mpd,20.0,4,w48-16qam-r1/2,w48,19,1,0,data,ok,18,18,14.9,294.1
mpd,20.0,4,ack-1f,w,3,3,0,ctl,ok,0,0,20.5,294.1
mpd,20.0,4,w48-16qam-r1/2,w48,19,2,1,data,ok,17,17,17.9,294.1
mpd,20.0,4,ack-1f,w,3,3,0,ctl,ok,0,0,18.0,294.1
mpd,20.0,4,w48-16qam-r2/3,w48,19,2,1,data,ok,17,17,17.4,294.1
mpd,20.0,4,ack-1f,w,3,3,0,ctl,ok,0,0,17.6,294.1
mpd,20.0,4,w48-16qam-r2/3,w48,19,2,1,data,ok,17,17,18.3,294.1
mpd,20.0,4,ack-1f,w,2,2,0,ctl,ok,0,0,20.7,294.1
mpd,20.0,4,w48-16qam-r2/3,w48,19,1,0,data,ctl_lost,18,0,13.4,294.1
mpd,20.0,4,ack-4f,w,2,2,0,ctl,ok,0,0,19.2,294.1
mpd,20.0,4,ack-4f,w,2,2,0,ctl,ok,0,0,17.2,294.1
mpd,20.0,4,w48-16qam-r1/2,w48,19,1,0,data,ok,18,18,13.9,294.1
mpd,20.0,4,ack-1f,w,2,2,0,ctl,ok,0,0,19.1,294.1
mpd,20.0,4,w48-16qam-r1/2,w48,19,1,0,data,ok,18,18,18.7,294.1
mpd,20.0,4,ack-1f,w,2,2,0,ctl,ok,0,0,16.9,294.1
mpd,20.0,4,w48-16qam-r1/2,w48,19,1,0,data,ok,18,18,12.4,294.1
mpd,20.0,4,ack-1f,w,2,2,0,ctl,ok,0,0,21.5,294.1
mpd,20.0,4,w48-16qam-r1/2,w48,19,1,0,data,ok,18,18,13.7,294.1
mpd,20.0,4,ack-1f,w,3,3,0,ctl,ok,0,0,20.5,294.1
mpd,20.0,4,w48-16qam-r1/2,w48,19,2,1,data,ok,17,17,19.6,294.1
mpd,20.0,4,ack-1f,w,2,2,0,ctl,ok,0,0,18.7,294.1
mpd,20.0,4,w48-16qam-r1/2,w48,19,1,0,data,ok,18,18,17.6,294.1
mpd,20.0,4,ack-1f,w,3,3,0,ctl,ok,0,0,17.9,294.1
mpd,20.0,4,w48-16qam-r2/3,w48,19,2,1,data,ok,17,17,19.3,294.1
mpd,20.0,4,ack-1f,w,3,3,0,ctl,ok,0,0,17.9,294.1
mpd,20.0,4,w48-16qam-r2/3,w48,19,2,1,data,ok,17,1,14.0,294.1
mpd,20.0,4,ack-1f,w,3,3,0,ctl,ok,0,0,20.1,294.1
mpd,20.0,4,w48-16qam-r1/2,w48,19,1,0,data,ok,18,18,19.7,294.1
mpd,20.0,4,ack-1f,w,2,2,0,ctl,ok,0,0,19.2,294.1
mpd,20.0,4,w48-16qam-r1/2,w48,19,1,0,data,ok,18,16,12.3,294.1
mpd,20.0,4,ack-1f,w,3,3,0,ctl,ok,0,0,19.9,294.1
mpd,20.0,4,w48-16qam-r1/2,w48,19,1,0,data,ok,16,16,18.0,294.1
mpd,20.0,4,ack-1f,w,2,2,0,ctl,ok,0,0,18.3,294.1
mpd,20.0,4,w48-16qam-r1/2,w48,19,1,0,data,ok,18,18,16.1,294.1
mpd,20.0,4,ack-1f,w,2,2,0,ctl,ok,0,0,21.6,294.1
mpd,20.0,4,w48-16qam-r1/2,w48,19,1,0,data,ok,18,18,17.4,294.1
mpd,20.0,4,ack-1f,w,2,2,0,ctl,ok,0,0,20.2,294.1
mpd,20.0,4,w48-16qam-r1/2,w48,19,1,0,data,ok,18,18,17.9,294.1
mpd,20.0,4,ack-1f,w,2,2,0,ctl,ok,0,0,19.0,294.1
mpd,20.0,4,w48-16qam-r1/2,w48,19,1,0,data,ok,18,18,16.8,294.1
mpd,20.0,4,ack-1f,w,2,2,0,ctl,ok,0,0,19.5,294.1
mpd,20.0,4,w48-16qam-r1/2,w48,19,1,0,data,ok,18,18,18.0,294.1
mpd,20.0,4,ack-1f,w,2,2,0,ctl,ok,0,0,19.0,294.1
mpd,20.0,4,w48-16qam-r1/2,w48,19,1,0,data,ok,18,18,12.2,294.1
mpd,20.0,4,ack-1f,w,2,2,0,ctl,ok,0,0,9.2,294.1
mpd,20.0,4,w48-16qam-r1/2,w48,19,1,0,data,ok,18,18,12.3,294.1
mpd,20.0,4,ack-1f,w,3,3,0,ctl,ok,0,0,21.2,294.1
mpd,20.0,4,w48-16qam-r1/2,w48,19,2,1,data,ok,17,17,19.1,294.1
mpd,20.0,4,ack-1f,w,2,2,0,ctl,ok,0,0,20.0,294.1
mpd,20.0,4,w48-16qam-r1/2,w48,19,1,0,data,ok,18,18,18.0,294.1
mpd,20.0,4,ack-1f,w,3,3,0,ctl,ok,0,0,20.2,294.1
mpd,20.0,4,w48-16qam-r2/3,w48,19,2,1,data,ok,17,17,16.4,294.1
mpd,20.0,4,ack-1f,w,2,2,0,ctl,ok,0,0,19.6,294.1
mpd,20.0,4,w48-16qam-r1/2,w48,19,1,0,data,ok,18,18,13.4,294.1
mpd,20.0,4,ack-1f,w,2,2,0,ctl,ok,0,0,18.1,294.1
mpd,20.0,4,w48-16qam-r1/2,w48,19,1,0,data,ok,18,18,19.7,294.1
mpd,20.0,4,ack-1f,w,2,2,0,ctl,ok,0,0,21.3,294.1
mpd,20.0,4,w48-16qam-r1/2,w48,19,1,0,data,ok,18,17,12.1,294.1
mpd,20.0,4,ack-1f,w,3,3,0,ctl,ok,0,0,20.2,294.1
mpd,20.0,4,w48-16qam-r1/2,w48,19,1,0,data,ok,17,17,14.5,294.1
mpd,20.0,4,ack-1f,w,2,2,0,ctl,ok,0,0,18.2,294.1
mpd,20.0,4,w48-16qam-r1/2,w48,19,1,0,data,ok,18,18,17.2,294.1
mpd,20.0,4,ack-1f,w,2,2,0,ctl,ok,0,0,19.0,294.1
mpd,20.0,4,w48-16qam-r1/2,w48,19,1,0,data,ok,18,18,17.4,294.1
mpd,20.0,4,ack-1f,w,3,3,0,ctl,ok,0,0,21.5,294.1
mpd,20.0,4,w48-16qam-r2/3,w48,19,2,1,data,ok,17,0,12.8,294.1
mpd,20.0,4,ack-1f,w,2,2,0,ctl,ok,0,0,20.1,294.1
mpd,20.0,4,w48-16qam-r1/2,w48,19,1,0,data,ok,18,18,17.0,294.1
mpd,20.0,4,ack-1f,w,2,2,0,ctl,ok,0,0,17.5,294.1
mpd,20.0,4,w48-16qam-r1/2,w48,19,1,0,data,ok,18,18,14.8,294.1
mpd,20.0,4,ack-1f,w,2,2,0,ctl,ok,0,0,18.6,294.1
mpd,20.0,4,w48-16qam-r1/2,w48,19,1,0,data,ok,18,18,12.4,294.1
mpd,20.0,4,ack-1f,w,2,2,0,ctl,ok,0,0,17.4,294.1
mpd,20.0,4,w48-16qam-r1/2,w48,19,1,0,data,ok,18,18,14.8,294.1
mpd,20.0,5,qpsk-r1/5,w,1,1,0,ctl,ok,0,0,18.7,292.8
mpd,20.0,5,qpsk-r1/5,w,1,1,0,ctl,ok,0,0,19.3,292.8
mpd,20.0,5,ack-4f,w,3,3,0,ctl,ok,0,0,17.8,292.8
mpd,20.0,5,ack-1f,w,2,2,0,ctl,ok,0,0,22.3,292.8
mpd,20.0,5,w48-16qam-r1/2,w48,19,1,0,data,ok,18,18,20.2,292.8
mpd,20.0,5,ack-1f,w,3,3,0,ctl,ok,0,0,18.3,292.8
mpd,20.0,5,w48-16qam-r2/3,w48,19,2,1,data,ok,17,17,17.2,292.8
mpd,20.0,5,ack-1f,w,3,3,0,ctl,ok,0,0,19.5,292.8
mpd,20.0,5,w48-16qam-r2/3,w48,19,2,1,data,ok,17,17,18.8,292.8
mpd,20.0,5,ack-1f,w,3,3,0,ctl,ok,0,0,22.4,292.8
mpd,20.0,5,w48-16qam-r2/3,w48,19,2,1,data,ok,17,17,15.9,292.8
mpd,20.0,5,ack-1f,w,3,3,0,ctl,ok,0,0,20.4,292.8
mpd,20.0,5,w48-16qam-r2/3,w48,19,2,1,data,ok,17,17,19.0,292.8
mpd,20.0,5,ack-1f,w,3,3,0,ctl,ok,0,0,20.3,292.8
mpd,20.0,5,w48-16qam-r2/3,w48,19,2,1,data,ok,17,0,13.4,292.8
mpd,20.0,5,ack-1f,w,3,3,0,ctl,ok,0,0,18.1,292.8
mpd,20.0,5,w48-16qam-r2/3,w48,19,2,1,data,ok,0,0,17.8,292.8
mpd,20.0,5,ack-1f,w,3,3,0,ctl,ok,0,0,20.4,292.8
mpd,20.0,5,w48-16qam-r2/3,w48,19,2,1,data,ok,17,17,16.9,292.8
mpd,20.0,5,ack-1f,w,3,3,0,ctl,ok,0,0,18.2,292.8
mpd,20.0,5,w48-16qam-r2/3,w48,19,2,1,data,ok,17,0,13.2,292.8
mpd,20.0,5,ack-1f,w,2,2,0,ctl,ok,0,0,21.2,292.8
mpd,20.0,5,w48-16qam-r1/2,w48,19,1,0,data,ok,18,18,18.1,292.8
mpd,20.0,5,ack-1f,w,2,2,0,ctl,ok,0,0,19.5,292.8
mpd,20.0,5,w48-16qam-r1/2,w48,19,1,0,data,ok,18,18,13.8,292.8
mpd,20.0,5,ack-1f,w,2,2,0,ctl,ok,0,0,22.2,292.8
mpd,20.0,5,w48-16qam-r1/2,w48,19,1,0,data,ok,18,18,17.1,292.8
mpd,20.0,5,ack-1f,w,2,2,0,ctl,ok,0,0,18.5,292.8
mpd,20.0,5,w48-16qam-r1/2,w48,19,1,0,data,ok,18,18,17.9,292.8
mpd,20.0,5,ack-1f,w,3,3,0,ctl,ok,0,0,19.8,292.8
mpd,20.0,5,w48-16qam-r2/3,w48,19,2,1,data,ok,17,0,12.7,292.8
mpd,20.0,5,ack-1f,w,2,2,0,ctl,ok,0,0,21.2,292.8
mpd,20.0,5,w48-16qam-r1/2,w48,19,1,0,data,ok,18,18,13.5,292.8
mpd,20.0,5,ack-1f,w,3,3,0,ctl,ok,0,0,20.3,292.8
mpd,20.0,5,w48-16qam-r1/2,w48,19,2,1,data,ok,17,17,15.1,292.8
mpd,20.0,5,ack-1f,w,2,2,0,ctl,ok,0,0,20.4,292.8
mpd,20.0,5,w48-16qam-r1/2,w48,19,1,0,data,ok,18,18,17.3,292.8
mpd,20.0,5,ack-1f,w,2,2,0,ctl,ok,0,0,19.6,292.8
mpd,20.0,5,w48-16qam-r1/2,w48,19,1,0,data,ok,18,18,18.8,292.8
mpd,20.0,5,ack-1f,w,2,2,0,ctl,ok,0,0,18.1,292.8
mpd,20.0,5,w48-16qam-r1/2,w48,19,1,0,data,ok,18,18,19.4,292.8
mpd,20.0,5,ack-1f,w,3,3,0,ctl,ok,0,0,17.3,292.8
mpd,20.0,5,w48-64l-r1/2,w48,39,2,1,data,ok,37,0,12.1,292.8
mpd,20.0,5,ack-1f,w,2,2,0,ctl,ok,0,0,19.3,292.8
mpd,20.0,5,w48-16qam-r1/2,w48,19,1,0,data,ok,18,18,17.6,292.8
mpd,20.0,5,ack-1f,w,2,2,0,ctl,ok,0,0,18.7,292.8
mpd,20.0,5,w48-16qam-r1/2,w48,19,1,0,data,ok,18,18,17.7,292.8
mpd,20.0,5,ack-1f,w,2,2,0,ctl,ok,0,0,20.0,292.8
mpd,20.0,5,w48-16qam-r1/2,w48,19,1,0,data,ok,18,18,16.8,292.8
mpd,20.0,5,ack-1f,w,2,2,0,ctl,ok,0,0,18.4,292.8
mpd,20.0,5,w48-16qam-r1/2,w48,19,1,0,data,ok,18,18,16.7,292.8
mpd,20.0,5,ack-1f,w,2,2,0,ctl,ok,0,0,18.7,292.8
mpd,20.0,5,w48-16qam-r1/2,w48,19,1,0,data,ok,18,18,13.2,292.8
mpd,20.0,5,ack-1f,w,2,2,0,ctl,ok,0,0,17.8,292.8
mpd,20.0,5,w48-16qam-r1/2,w48,19,1,0,data,ok,18,18,14.6,292.8
mpd,20.0,5,ack-1f,w,2,2,0,ctl,ok,0,0,19.6,292.8
mpd,20.0,5,w48-16qam-r1/2,w48,19,1,0,data,ok,18,18,17.5,292.8
mpd,20.0,5,ack-1f,w,2,2,0,ctl,ok,0,0,21.0,292.8
mpd,20.0,5,w48-16qam-r1/2,w48,19,1,0,data,ok,18,18,17.0,292.8
mpd,20.0,5,ack-1f,w,2,2,0,ctl,ok,0,0,19.7,292.8
mpd,20.0,5,w48-16qam-r1/2,w48,19,1,0,data,ok,18,18,15.1,292.8
mpd,20.0,5,ack-1f,w,2,2,0,ctl,ok,0,0,21.6,292.8
mpd,20.0,5,w48-16qam-r1/2,w48,19,1,0,data,ok,18,18,14.9,292.8
mpd,20.0,5,ack-1f,w,2,2,0,ctl,ok,0,0,18.7,292.8
mpd,20.0,5,w48-16qam-r1/2,w48,19,1,0,data,ok,18,18,18.5,292.8
mpd,20.0,5,ack-1f,w,2,2,0,ctl,ok,0,0,18.5,292.8
mpd,20.0,5,w48-16qam-r1/2,w48,19,1,0,data,ok,18,18,15.5,292.8
mpd,20.0,5,ack-1f,w,2,2,0,ctl,ok,0,0,18.2,292.8
mpd,20.0,5,w48-16qam-r1/2,w48,19,1,0,data,ok,18,18,17.9,292.8
mpd,20.0,5,ack-1f,w,2,2,0,ctl,ok,0,0,19.8,292.8
mpd,20.0,5,w48-16qam-r1/2,w48,19,1,0,data,ok,18,18,19.4,292.8
mpd,20.0,5,ack-1f,w,2,2,0,ctl,ok,0,0,17.0,292.8
mpd,20.0,5,w48-16qam-r1/2,w48,19,1,0,data,ok,18,18,13.4,292.8
mpd,20.0,5,ack-1f,w,2,2,0,ctl,ok,0,0,17.7,292.8
mpd,20.0,5,w48-16qam-r1/2,w48,19,1,0,data,ok,18,18,19.2,292.8
mpd,20.0,5,ack-1f,w,2,2,0,ctl,ok,0,0,17.4,292.8
mpd,20.0,5,w48-16qam-r1/2,w48,19,1,0,data,ok,18,18,13.5,292.8
mpd,20.0,5,ack-1f,w,2,2,0,ctl,ok,0,0,21.7,292.8
mpd,20.0,5,w48-16qam-r1/2,w48,19,1,0,data,ok,18,18,15.4,292.8
mpd,20.0,5,ack-1f,w,2,2,0,ctl,ok,0,0,20.5,292.8
mpd,20.0,5,w48-16qam-r1/2,w48,19,1,0,data,ok,18,18,14.4,292.8
mpd,20.0,5,ack-1f,w,2,2,0,ctl,ok,0,0,19.6,292.8
mpd,20.0,5,w48-16qam-r1/2,w48,19,1,0,data,ok,18,18,13.3,292.8
mpd,20.0,5,ack-1f,w,2,2,0,ctl,ok,0,0,19.7,292.8
mpd,20.0,5,w48-16qam-r1/2,w48,19,1,0,data,ok,18,18,13.3,292.8
mpd,20.0,5,ack-1f,w,2,2,0,ctl,ok,0,0,20.5,292.8
mpd,20.0,5,w48-16qam-r1/2,w48,19,1,0,data,ok,18,18,13.2,292.8
mpd,20.0,5,ack-1f,w,2,2,0,ctl,ok,0,0,19.3,292.8
mpd,20.0,5,w48-16qam-r1/2,w48,19,1,0,data,ok,18,18,17.6,292.8
mpd,20.0,5,ack-1f,w,2,2,0,ctl,ok,0,0,20.3,292.8
mpd,20.0,5,w48-16qam-r1/2,w48,19,1,0,data,ok,18,18,17.0,292.8
mpd,20.0,5,ack-1f,w,2,2,0,ctl,ok,0,0,10.2,292.8
mpd,20.0,5,w48-16qam-r1/2,w48,19,1,0,data,ok,18,18,16.3,292.8
mpd,20.0,6,qpsk-r1/5,w,1,1,0,ctl,ok,0,0,19.5,297.9
mpd,20.0,6,qpsk-r1/5,w,1,1,0,ctl,ok,0,0,18.7,297.9
mpd,20.0,6,ack-4f,w,2,2,0,ctl,ok,0,0,18.0,297.9
mpd,20.0,6,ack-1f,w,2,2,0,ctl,ok,0,0,19.7,297.9
mpd,20.0,6,w48-16qam-r1/2,w48,19,1,0,data,ok,18,18,16.1,297.9
mpd,20.0,6,ack-1f,w,3,3,0,ctl,ok,0,0,20.1,297.9
mpd,20.0,6,w48-16qam-r1/2,w48,19,2,1,data,ok,17,17,15.7,297.9
mpd,20.0,6,ack-1f,w,2,2,0,ctl,ok,0,0,19.9,297.9
mpd,20.0,6,w48-16qam-r1/2,w48,19,1,0,data,ok,18,18,18.9,297.9
mpd,20.0,6,ack-1f,w,2,2,0,ctl,ok,0,0,19.7,297.9
mpd,20.0,6,w48-16qam-r1/2,w48,19,1,0,data,ok,18,18,14.0,297.9
mpd,20.0,6,ack-1f,w,2,2,0,ctl,ok,0,0,21.3,297.9
mpd,20.0,6,w48-16qam-r1/2,w48,19,1,0,data,ok,18,18,19.1,297.9
mpd,20.0,6,ack-1f,w,2,2,0,ctl,ok,0,0,18.1,297.9
mpd,20.0,6,w48-16qam-r1/2,w48,19,1,0,data,ok,18,18,16.4,297.9
mpd,20.0,6,ack-1f,w,3,3,0,ctl,ok,0,0,19.8,297.9
mpd,20.0,6,w48-16qam-r2/3,w48,19,2,1,data,ok,17,17,18.0,297.9
mpd,20.0,6,ack-1f,w,3,3,0,ctl,ok,0,0,19.3,297.9
mpd,20.0,6,w48-16qam-r2/3,w48,19,2,1,data,ok,17,17,16.1,297.9
mpd,20.0,6,ack-1f,w,3,3,0,ctl,ok,0,0,11.1,297.9
mpd,20.0,6,w48-16qam-r2/3,w48,19,2,1,data,ok,17,17,15.4,297.9
mpd,20.0,6,ack-1f,w,2,2,0,ctl,ok,0,0,19.0,297.9
mpd,20.0,6,w48-16qam-r1/2,w48,19,1,0,data,ok,18,18,17.2,297.9
mpd,20.0,6,ack-1f,w,3,3,0,ctl,ok,0,0,17.8,297.9
mpd,20.0,6,w48-16qam-r2/3,w48,19,2,1,data,ok,17,17,14.9,297.9
mpd,20.0,6,ack-1f,w,3,3,0,ctl,ok,0,0,19.4,297.9
mpd,20.0,6,w48-16qam-r2/3,w48,19,2,1,data,ok,17,0,14.3,297.9
mpd,20.0,6,ack-1f,w,3,3,0,ctl,ok,0,0,17.4,297.9
mpd,20.0,6,w48-16qam-r1/2,w48,19,2,1,data,ok,17,17,13.3,297.9
mpd,20.0,6,ack-1f,w,3,3,0,ctl,ok,0,0,16.0,297.9
mpd,20.0,6,w48-16qam-r1/2,w48,19,2,1,data,ok,17,17,17.9,297.9
mpd,20.0,6,ack-1f,w,3,3,0,ctl,ok,0,0,19.5,297.9
mpd,20.0,6,w48-16qam-r2/3,w48,19,2,1,data,ok,17,17,18.8,297.9
mpd,20.0,6,ack-1f,w,2,2,0,ctl,ok,0,0,16.0,297.9
mpd,20.0,6,w48-16qam-r2/3,w48,19,1,0,data,ctl_lost,18,0,13.1,297.9
mpd,20.0,6,ack-4f,w,2,2,0,ctl,ok,0,0,18.9,297.9
mpd,20.0,6,ack-4f,w,2,2,0,ctl,ok,0,0,18.0,297.9
mpd,20.0,6,w48-16qam-r1/2,w48,19,1,0,data,ok,18,18,16.8,297.9
mpd,20.0,6,ack-1f,w,2,2,0,ctl,ok,0,0,16.8,297.9
mpd,20.0,6,w48-16qam-r1/2,w48,19,1,0,data,ok,18,18,16.4,297.9
mpd,20.0,6,ack-1f,w,2,2,0,ctl,ok,0,0,18.4,297.9
mpd,20.0,6,w48-16qam-r1/2,w48,19,1,0,data,ok,18,18,17.9,297.9
mpd,20.0,6,ack-1f,w,2,2,0,ctl,ok,0,0,20.2,297.9
mpd,20.0,6,w48-16qam-r1/2,w48,19,1,0,data,ok,18,18,17.1,297.9
mpd,20.0,6,ack-1f,w,2,2,0,ctl,ok,0,0,21.4,297.9
mpd,20.0,6,w48-16qam-r1/2,w48,19,1,0,data,ok,18,18,17.0,297.9
mpd,20.0,6,ack-1f,w,2,2,0,ctl,ok,0,0,17.6,297.9
mpd,20.0,6,w48-16qam-r1/2,w48,19,1,0,data,ok,18,18,13.3,297.9
mpd,20.0,6,ack-1f,w,2,2,0,ctl,ok,0,0,16.2,297.9
mpd,20.0,6,w48-16qam-r1/2,w48,19,1,0,data,ok,18,18,15.0,297.9
mpd,20.0,6,ack-1f,w,2,2,0,ctl,ok,0,0,18.7,297.9
mpd,20.0,6,w48-16qam-r1/2,w48,19,1,0,data,ok,18,18,18.5,297.9
mpd,20.0,6,ack-1f,w,2,2,0,ctl,ok,0,0,19.8,297.9
mpd,20.0,6,w48-16qam-r1/2,w48,19,1,0,data,ok,18,18,18.5,297.9
mpd,20.0,6,ack-1f,w,3,3,0,ctl,ok,0,0,8.7,297.9
mpd,20.0,6,w48-16qam-r2/3,w48,19,2,1,data,ok,17,17,17.1,297.9
mpd,20.0,6,ack-1f,w,3,3,0,ctl,ok,0,0,19.1,297.9
mpd,20.0,6,w48-16qam-r2/3,w48,19,2,1,data,ok,17,15,15.3,297.9
mpd,20.0,6,ack-1f,w,3,3,0,ctl,ok,0,0,20.3,297.9
mpd,20.0,6,w48-16qam-r2/3,w48,19,2,1,data,ok,15,15,19.0,297.9
mpd,20.0,6,ack-1f,w,3,3,0,ctl,ok,0,0,20.2,297.9
mpd,20.0,6,w48-16qam-r2/3,w48,19,2,1,data,ok,17,3,14.6,297.9
mpd,20.0,6,ack-1f,w,4,4,0,ctl,ok,0,0,17.4,297.9
mpd,20.0,6,w48-16qam-r2/3,w48,19,2,1,data,ok,3,3,19.1,297.9
mpd,20.0,6,ack-1f,w,3,3,0,ctl,ok,0,0,17.6,297.9
mpd,20.0,6,w48-16qam-r2/3,w48,19,2,1,data,ok,17,0,13.3,297.9
mpd,20.0,6,ack-1f,w,2,2,0,ctl,ok,0,0,19.6,297.9
mpd,20.0,6,w48-16qam-r1/2,w48,19,1,0,data,ok,18,18,19.1,297.9
mpd,20.0,6,ack-1f,w,2,2,0,ctl,ok,0,0,21.3,297.9
mpd,20.0,6,w48-16qam-r1/2,w48,19,1,0,data,ok,18,18,14.4,297.9
mpd,20.0,6,ack-1f,w,2,2,0,ctl,ok,0,0,20.9,297.9
mpd,20.0,6,w48-16qam-r1/2,w48,19,1,0,data,ok,18,18,13.1,297.9
mpd,20.0,6,ack-1f,w,2,2,0,ctl,ok,0,0,20.1,297.9
mpd,20.0,6,w48-16qam-r1/2,w48,19,1,0,data,ok,18,18,14.9,297.9
mpd,20.0,6,ack-1f,w,2,2,0,ctl,ok,0,0,18.1,297.9
mpd,20.0,6,w48-16qam-r1/2,w48,19,1,0,data,ok,18,18,19.6,297.9
mpd,20.0,6,ack-1f,w,2,2,0,ctl,ok,0,0,16.8,297.9
mpd,20.0,6,w48-16qam-r1/2,w48,19,1,0,data,ok,18,18,17.0,297.9
mpd,20.0,6,ack-1f,w,2,2,0,ctl,ok,0,0,18.0,297.9
mpd,20.0,6,w48-16qam-r2/3,w48,19,1,0,data,ok,18,18,18.6,297.9
mpd,20.0,6,ack-1f,w,2,2,0,ctl,ok,0,0,17.2,297.9
mpd,20.0,6,w48-16qam-r2/3,w48,19,1,0,data,ok,18,18,18.9,297.9
mpd,20.0,6,ack-1f,w,2,2,0,ctl,ok,0,0,11.2,297.9
mpd,20.0,6,w48-16qam-r2/3,w48,19,1,0,data,ok,18,18,16.2,297.9
mpd,20.0,6,ack-1f,w,2,2,0,ctl,ok,0,0,23.0,297.9
mpd,20.0,6,w48-16qam-r2/3,w48,19,1,0,data,ctl_lost,18,0,12.9,297.9
mpd,20.0,6,ack-4f,w,2,2,0,ctl,ok,0,0,19.8,297.9
mpd,20.0,6,ack-4f,w,2,2,0,ctl,ok,0,0,20.5,297.9
mpd,20.0,6,w48-16qam-r1/2,w48,19,1,0,data,ok,18,18,14.5,297.9
mpd,20.0,6,ack-1f,w,2,2,0,ctl,ok,0,0,18.1,297.9
mpd,20.0,6,w48-16qam-r1/2,w48,19,1,0,data,ok,18,17,12.2,297.9
mpd,20.0,6,ack-1f,w,3,3,0,ctl,ok,0,0,21.6,297.9
mpd,20.0,6,w48-16qam-r1/2,w48,19,1,0,data,ok,17,17,19.3,297.9
mpd,20.0,6,ack-1f,w,2,2,0,ctl,ok,0,0,21.0,297.9
mpd,20.0,9,qpsk-r1/5,w,1,1,0,ctl,ok,0,0,18.1,273.3
mpd,20.0,9,qpsk-r1/5,w,1,1,0,ctl,ok,0,0,19.4,273.3
mpd,20.0,9,ack-4f,w,2,2,0,ctl,ok,0,0,18.8,273.3
mpd,20.0,9,ack-1f,w,3,3,0,ctl,ok,0,0,19.1,273.3
mpd,20.0,9,w48-16qam-r1/2,w48,19,2,1,data,ok,17,17,12.7,273.3
mpd,20.0,9,ack-1f,w,3,3,0,ctl,ok,0,0,20.1,273.3
mpd,20.0,9,w48-16qam-r1/2,w48,19,2,1,data,ok,17,17,13.3,273.3
mpd,20.0,9,ack-1f,w,3,3,0,ctl,ok,0,0,21.3,273.3
mpd,20.0,9,w48-16qam-r1/2,w48,19,2,1,data,ok,17,17,17.3,273.3
mpd,20.0,9,ack-1f,w,2,2,0,ctl,ok,0,0,20.0,273.3
mpd,20.0,9,w48-16qam-r1/2,w48,19,1,0,data,ok,18,18,18.4,273.3
mpd,20.0,9,ack-1f,w,3,3,0,ctl,ok,0,0,18.7,273.3
mpd,20.0,9,w48-16qam-r2/3,w48,19,2,1,data,ok,17,17,17.3,273.3
mpd,20.0,9,ack-1f,w,3,3,0,ctl,ok,0,0,20.7,273.3
mpd,20.0,9,w48-16qam-r2/3,w48,19,2,1,data,ok,17,17,16.0,273.3
mpd,20.0,9,ack-1f,w,3,3,0,ctl,ok,0,0,18.8,273.3
mpd,20.0,9,w48-16qam-r2/3,w48,19,2,1,data,ok,17,0,13.8,273.3
mpd,20.0,9,ack-1f,w,2,2,0,ctl,ok,0,0,19.1,273.3
mpd,20.0,9,w48-16qam-r1/2,w48,19,1,0,data,ok,18,18,18.0,273.3
mpd,20.0,9,ack-1f,w,2,2,0,ctl,ok,0,0,21.3,273.3
mpd,20.0,9,w48-16qam-r1/2,w48,19,1,0,data,ok,18,18,16.1,273.3
mpd,20.0,9,ack-1f,w,3,3,0,ctl,ok,0,0,19.9,273.3
mpd,20.0,9,w48-16qam-r2/3,w48,19,2,1,data,ok,17,0,12.9,273.3
mpd,20.0,9,ack-1f,w,2,2,0,ctl,ok,0,0,18.9,273.3
mpd,20.0,9,w48-16qam-r1/2,w48,19,1,0,data,ok,18,18,18.6,273.3
mpd,20.0,9,ack-1f,w,2,2,0,ctl,ok,0,0,17.7,273.3
mpd,20.0,9,w48-16qam-r1/2,w48,19,1,0,data,ok,18,18,17.2,273.3
mpd,20.0,9,ack-1f,w,2,2,0,ctl,ok,0,0,16.7,273.3
mpd,20.0,9,w48-16qam-r1/2,w48,19,1,0,data,ok,18,18,18.1,273.3
mpd,20.0,9,ack-1f,w,2,2,0,ctl,ok,0,0,19.9,273.3
mpd,20.0,9,w48-16qam-r1/2,w48,19,1,0,data,ok,18,18,16.9,273.3
mpd,20.0,9,ack-1f,w,2,2,0,ctl,ok,0,0,20.6,273.3
mpd,20.0,9,w48-16qam-r1/2,w48,19,1,0,data,ok,18,18,15.7,273.3
mpd,20.0,9,ack-1f,w,2,2,0,ctl,ok,0,0,19.6,273.3
mpd,20.0,9,w48-16qam-r1/2,w48,19,1,0,data,ok,18,18,12.5,273.3
mpd,20.0,9,ack-1f,w,2,2,0,ctl,ok,0,0,21.5,273.3
mpd,20.0,9,w48-16qam-r1/2,w48,19,1,0,data,ctl_lost,18,12,11.3,273.3
mpd,20.0,9,ack-4f,w,3,3,0,ctl,ok,0,0,17.3,273.3
mpd,20.0,9,ack-4f,w,3,3,0,ctl,ok,0,0,16.0,273.3
mpd,20.0,9,w48-16qam-r1/2,w48,19,2,1,data,ok,17,17,15.8,273.3
mpd,20.0,9,ack-1f,w,3,3,0,ctl,ok,0,0,20.9,273.3
mpd,20.0,9,w48-16qam-r1/2,w48,19,2,1,data,ok,17,17,15.0,273.3
mpd,20.0,9,ack-1f,w,2,2,0,ctl,ok,0,0,24.0,273.3
mpd,20.0,9,w48-16qam-r1/2,w48,19,1,0,data,ok,18,18,17.9,273.3
mpd,20.0,9,ack-1f,w,2,2,0,ctl,ok,0,0,18.3,273.3
mpd,20.0,9,w48-16qam-r1/2,w48,19,1,0,data,ok,18,18,19.2,273.3
mpd,20.0,9,ack-1f,w,2,2,0,ctl,ok,0,0,20.5,273.3
mpd,20.0,9,w48-16qam-r2/3,w48,19,1,0,data,ctl_lost,18,0,12.8,273.3
mpd,20.0,9,ack-4f,w,2,2,0,ctl,ok,0,0,18.0,273.3
mpd,20.0,9,ack-4f,w,3,3,0,ctl,ok,0,0,18.7,273.3
mpd,20.0,9,w48-16qam-r1/2,w48,19,2,1,data,ok,17,17,19.0,273.3
mpd,20.0,9,ack-1f,w,2,2,0,ctl,ok,0,0,20.0,273.3
mpd,20.0,9,w48-16qam-r1/2,w48,19,1,0,data,ok,18,18,17.7,273.3
mpd,20.0,9,ack-1f,w,2,2,0,ctl,ok,0,0,19.9,273.3
mpd,20.0,9,w48-16qam-r1/2,w48,19,1,0,data,ok,18,13,12.1,273.3
mpd,20.0,9,ack-1f,w,3,3,0,ctl,ok,0,0,17.5,273.3
mpd,20.0,9,w48-16qam-r1/2,w48,19,1,0,data,ok,13,13,14.4,273.3
mpd,20.0,9,ack-1f,w,3,3,0,ctl,ok,0,0,18.3,273.3
mpd,20.0,9,w48-16qam-r1/2,w48,19,2,1,data,ok,17,17,18.8,273.3
mpd,20.0,9,ack-1f,w,2,2,0,ctl,ok,0,0,20.7,273.3
mpd,20.0,9,w48-16qam-r1/2,w48,19,1,0,data,ok,18,18,13.8,273.3
mpd,20.0,9,ack-1f,w,2,2,0,ctl,ok,0,0,18.1,273.3
mpd,20.0,9,w48-16qam-r1/2,w48,19,1,0,data,ok,18,18,17.3,273.3
mpd,20.0,9,ack-1f,w,2,2,0,ctl,ok,0,0,20.2,273.3
mpd,20.0,9,w48-16qam-r1/2,w48,19,1,0,data,ok,18,18,16.9,273.3
mpd,20.0,9,ack-1f,w,2,2,0,ctl,ok,0,0,22.0,273.3
mpd,20.0,9,w48-16qam-r1/2,w48,19,1,0,data,ok,18,18,13.3,273.3
mpd,20.0,9,ack-1f,w,2,2,0,ctl,ok,0,0,21.9,273.3
mpd,20.0,9,w48-16qam-r1/2,w48,19,1,0,data,ok,18,18,15.5,273.3
mpd,20.0,9,ack-1f,w,2,2,0,ctl,ok,0,0,20.7,273.3
mpd,20.0,9,w48-16qam-r1/2,w48,19,1,0,data,ok,18,18,16.5,273.3
mpd,20.0,9,ack-1f,w,2,2,0,ctl,ok,0,0,19.0,273.3
mpd,20.0,9,w48-16qam-r1/2,w48,19,1,0,data,ok,18,18,17.7,273.3
mpd,20.0,9,ack-1f,w,2,2,0,ctl,ok,0,0,21.1,273.3
mpd,20.0,9,w48-16qam-r1/2,w48,19,1,0,data,ok,18,18,13.0,273.3
mpd,20.0,9,ack-1f,w,2,2,0,ctl,ok,0,0,16.8,273.3
mpd,20.0,9,w48-16qam-r1/2,w48,19,1,0,data,ok,18,18,18.3,273.3
mpd,20.0,9,ack-1f,w,2,2,0,ctl,ok,0,0,18.9,273.3
mpd,20.0,9,w48-16qam-r1/2,w48,19,1,0,data,ok,18,18,12.2,273.3
mpd,20.0,9,ack-1f,w,2,2,0,ctl,ok,0,0,18.6,273.3
mpd,20.0,9,w48-16qam-r1/2,w48,19,1,0,data,ok,18,18,13.4,273.3
mpd,20.0,9,ack-1f,w,3,3,0,ctl,ok,0,0,17.7,273.3
mpd,20.0,9,w48-16qam-r1/2,w48,19,2,1,data,ok,17,17,15.0,273.3
mpd,20.0,9,ack-1f,w,2,2,0,ctl,ok,0,0,19.5,273.3
mpd,20.0,9,w48-16qam-r1/2,w48,19,1,0,data,ok,18,18,17.3,273.3
mpd,20.0,9,ack-1f,w,2,2,0,ctl,ok,0,0,20.0,273.3
mpd,20.0,9,w48-16qam-r1/2,w48,19,1,0,data,ok,18,18,17.0,273.3
mpd,20.0,9,ack-1f,w,2,2,0,ctl,ok,0,0,16.9,273.3
mpd,20.0,9,w48-16qam-r1/2,w48,19,1,0,data,ok,18,18,19.1,273.3
mpd,20.0,9,ack-1f,w,2,2,0,ctl,ok,0,0,19.3,273.3
mpd,20.0,9,w48-16qam-r1/2,w48,19,1,0,data,ok,18,18,12.8,273.3
mpd,20.0,9,ack-1f,w,2,2,0,ctl,ok,0,0,20.3,273.3
mpd,20.0,9,w48-16qam-r1/2,w48,19,1,0,data,ok,18,18,15.9,273.3
mpd,20.0,10,qpsk-r1/5,w,1,1,0,ctl,ok,0,0,19.1,306.4
mpd,20.0,10,qpsk-r1/5,w,1,1,0,ctl,ok,0,0,19.1,306.4
mpd,20.0,10,ack-4f,w,2,2,0,ctl,ok,0,0,18.9,306.4
mpd,20.0,10,ack-1f,w,2,2,0,ctl,ok,0,0,20.1,306.4
mpd,20.0,10,w48-16qam-r1/2,w48,19,1,0,data,ok,18,18,13.6,306.4
mpd,20.0,10,ack-1f,w,3,3,0,ctl,ok,0,0,17.8,306.4
mpd,20.0,10,w48-16qam-r1/2,w48,19,2,1,data,ok,17,17,13.7,306.4
mpd,20.0,10,ack-1f,w,3,3,0,ctl,ok,0,0,19.0,306.4
mpd,20.0,10,w48-16qam-r1/2,w48,19,2,1,data,ok,17,17,19.6,306.4
mpd,20.0,10,ack-1f,w,2,2,0,ctl,ok,0,0,18.9,306.4
mpd,20.0,10,w48-16qam-r1/2,w48,19,1,0,data,ok,18,18,12.9,306.4
mpd,20.0,10,ack-1f,w,2,2,0,ctl,ok,0,0,19.1,306.4
mpd,20.0,10,w48-16qam-r1/2,w48,19,1,0,data,ok,18,18,12.8,306.4
mpd,20.0,10,ack-1f,w,3,3,0,ctl,ok,0,0,18.8,306.4
mpd,20.0,10,w48-16qam-r1/2,w48,19,2,1,data,ok,17,17,17.2,306.4
mpd,20.0,10,ack-1f,w,2,2,0,ctl,ok,0,0,16.3,306.4
mpd,20.0,10,w48-16qam-r1/2,w48,19,1,0,data,ok,18,18,18.4,306.4
mpd,20.0,10,ack-1f,w,3,3,0,ctl,ok,0,0,16.5,306.4
mpd,20.0,10,w48-16qam-r2/3,w48,19,2,1,data,ok,17,17,16.2,306.4
mpd,20.0,10,ack-1f,w,3,3,0,ctl,ok,0,0,18.6,306.4
mpd,20.0,10,w48-16qam-r2/3,w48,19,2,1,data,ok,17,17,18.5,306.4
mpd,20.0,10,ack-1f,w,3,3,0,ctl,ok,0,0,20.0,306.4
mpd,20.0,10,w48-16qam-r2/3,w48,19,2,1,data,ok,17,17,18.3,306.4
mpd,20.0,10,ack-1f,w,3,3,0,ctl,ok,0,0,18.6,306.4
mpd,20.0,10,w48-16qam-r2/3,w48,19,2,1,data,ok,17,17,18.7,306.4
mpd,20.0,10,ack-1f,w,2,2,0,ctl,ok,0,0,19.6,306.4
mpd,20.0,10,w48-16qam-r2/3,w48,19,1,0,data,ctl_lost,18,0,12.2,306.4
mpd,20.0,10,ack-4f,w,2,2,0,ctl,ok,0,0,18.3,306.4
mpd,20.0,10,ack-4f,w,2,2,0,ctl,ok,0,0,18.1,306.4
mpd,20.0,10,w48-16qam-r1/2,w48,19,1,0,data,ok,18,18,15.7,306.4
mpd,20.0,10,ack-1f,w,2,2,0,ctl,ok,0,0,18.5,306.4
mpd,20.0,10,w48-16qam-r1/2,w48,19,1,0,data,ok,18,18,19.6,306.4
mpd,20.0,10,ack-1f,w,2,2,0,ctl,ok,0,0,16.1,306.4
mpd,20.0,10,w48-16qam-r1/2,w48,19,1,0,data,ok,18,18,18.3,306.4
mpd,20.0,10,ack-1f,w,3,3,0,ctl,ok,0,0,18.8,306.4
mpd,20.0,10,w48-16qam-r2/3,w48,19,2,1,data,ok,17,17,17.5,306.4
mpd,20.0,10,ack-1f,w,2,2,0,ctl,ok,0,0,8.5,306.4
mpd,20.0,10,w48-16qam-r1/2,w48,19,1,0,data,ok,18,17,12.0,306.4
mpd,20.0,10,ack-1f,w,3,3,0,ctl,ok,0,0,16.6,306.4
mpd,20.0,10,w48-16qam-r1/2,w48,19,1,0,data,ok,17,17,14.4,306.4
mpd,20.0,10,ack-1f,w,3,3,0,ctl,ok,0,0,20.4,306.4
mpd,20.0,10,w48-16qam-r1/2,w48,19,2,1,data,ok,17,17,15.5,306.4
mpd,20.0,10,ack-1f,w,2,2,0,ctl,ok,0,0,19.7,306.4
mpd,20.0,10,w48-16qam-r1/2,w48,19,1,0,data,ok,18,18,18.9,306.4
mpd,20.0,10,ack-1f,w,2,2,0,ctl,ok,0,0,19.9,306.4
mpd,20.0,10,w48-16qam-r1/2,w48,19,1,0,data,ok,18,18,17.0,306.4
mpd,20.0,10,ack-1f,w,3,3,0,ctl,ok,0,0,19.5,306.4
mpd,20.0,10,w48-16qam-r2/3,w48,19,2,1,data,ok,17,17,19.0,306.4
mpd,20.0,10,ack-1f,w,3,3,0,ctl,ok,0,0,18.1,306.4
mpd,20.0,10,w48-16qam-r2/3,w48,19,2,1,data,ok,17,1,14.1,306.4
mpd,20.0,10,ack-1f,w,3,3,0,ctl,ok,0,0,21.4,306.4
mpd,20.0,10,w48-16qam-r1/2,w48,19,1,0,data,ok,18,18,16.5,306.4
mpd,20.0,10,ack-1f,w,2,2,0,ctl,ok,0,0,8.1,306.4
mpd,20.0,10,w48-16qam-r1/2,w48,19,1,0,data,ok,18,18,14.2,306.4
mpd,20.0,10,ack-1f,w,2,2,0,ctl,ok,0,0,19.9,306.4
mpd,20.0,10,w48-16qam-r1/2,w48,19,1,0,data,ok,18,18,15.5,306.4
mpd,20.0,10,ack-1f,w,2,2,0,ctl,ok,0,0,20.8,306.4
mpd,20.0,10,w48-16qam-r1/2,w48,19,1,0,data,ok,18,18,14.0,306.4
mpd,20.0,10,ack-1f,w,2,2,0,ctl,ok,0,0,19.7,306.4
mpd,20.0,10,w48-16qam-r1/2,w48,19,1,0,data,ok,18,18,16.4,306.4
mpd,20.0,10,ack-1f,w,2,2,0,ctl,ok,0,0,8.7,306.4
mpd,20.0,10,w48-16qam-r1/2,w48,19,1,0,data,ok,18,18,12.4,306.4
mpd,20.0,10,ack-1f,w,2,2,0,ctl,ok,0,0,20.0,306.4
mpd,20.0,10,w48-16qam-r1/2,w48,19,1,0,data,ok,18,17,11.8,306.4
mpd,20.0,10,ack-1f,w,4,4,0,ctl,ok,0,0,20.3,306.4
mpd,20.0,10,w48-16qam-r1/2,w48,19,2,1,data,ok,16,16,15.8,306.4
mpd,20.0,10,ack-1f,w,2,2,0,ctl,ok,0,0,15.8,306.4
mpd,20.0,10,w48-16qam-r1/2,w48,19,1,0,data,ok,18,18,18.1,306.4
mpd,20.0,10,ack-1f,w,2,2,0,ctl,ok,0,0,10.8,306.4
mpd,20.0,10,w48-16qam-r1/2,w48,19,1,0,data,ok,18,18,15.8,306.4
mpd,20.0,10,ack-1f,w,2,2,0,ctl,ok,0,0,18.9,306.4
mpd,20.0,10,w48-16qam-r1/2,w48,19,1,0,data,ok,18,18,15.2,306.4
mpd,20.0,10,ack-1f,w,2,2,0,ctl,ok,0,0,15.4,306.4
mpd,20.0,10,w48-16qam-r1/2,w48,19,1,0,data,ok,18,18,15.3,306.4
mpd,20.0,10,ack-1f,w,2,2,0,ctl,ok,0,0,21.2,306.4
mpd,20.0,10,w48-16qam-r1/2,w48,19,1,0,data,ok,18,18,16.1,306.4
mpd,20.0,10,ack-1f,w,2,2,0,ctl,ok,0,0,17.5,306.4
mpd,20.0,10,w48-16qam-r1/2,w48,19,1,0,data,ok,18,18,13.6,306.4
mpd,20.0,10,ack-1f,w,2,2,0,ctl,ok,0,0,21.3,306.4
mpd,20.0,10,w48-16qam-r1/2,w48,19,1,0,data,ok,18,18,13.3,306.4
mpd,20.0,10,ack-1f,w,2,2,0,ctl,ok,0,0,20.0,306.4
mpd,20.0,10,w48-16qam-r1/2,w48,19,1,0,data,ok,18,18,14.6,306.4
mpd,20.0,10,ack-1f,w,2,2,0,ctl,ok,0,0,17.9,306.4
mpd,20.0,10,w48-16qam-r1/2,w48,19,1,0,data,ok,18,18,18.4,306.4
mpd,20.0,10,ack-1f,w,2,2,0,ctl,ok,0,0,17.9,306.4
mpd,20.0,10,w48-16qam-r1/2,w48,19,1,0,data,ok,18,18,18.1,306.4
mpd,20.0,10,ack-1f,w,3,3,0,ctl,ok,0,0,18.0,306.4
mpd,20.0,10,w48-16qam-r2/3,w48,19,2,1,data,ok,17,17,15.3,306.4
mpd,20.0,10,ack-1f,w,2,2,0,ctl,ok,0,0,19.7,306.4
mpd,20.0,10,w48-16qam-r1/2,w48,19,1,0,data,ok,18,18,12.9,306.4
mpd,20.0,10,ack-1f,w,2,2,0,ctl,ok,0,0,14.4,306.4
mpd,20.0,10,w48-16qam-r1/2,w48,19,1,0,data,ok,18,18,18.8,306.4
mpd,20.0,10,ack-1f,w,2,2,0,ctl,ok,0,0,16.7,306.4
mpd,20.0,10,w48-16qam-r1/2,w48,19,1,0,data,ok,18,18,18.5,306.4
mpd,20.0,8,qpsk-r1/5,w,1,1,0,ctl,ok,0,0,18.2,304.7
mpd,20.0,8,qpsk-r1/5,w,1,1,0,ctl,ok,0,0,20.3,304.7
mpd,20.0,8,ack-4f,w,3,3,0,ctl,ok,0,0,18.6,304.7
mpd,20.0,8,ack-1f,w,2,2,0,ctl,ok,0,0,20.6,304.7
mpd,20.0,8,w48-16qam-r1/2,w48,19,1,0,data,ok,18,18,16.3,304.7
mpd,20.0,8,ack-1f,w,2,2,0,ctl,ok,0,0,19.1,304.7
mpd,20.0,8,w48-16qam-r1/2,w48,19,1,0,data,ok,18,18,15.0,304.7
mpd,20.0,8,ack-1f,w,2,2,0,ctl,ok,0,0,19.5,304.7
mpd,20.0,8,w48-16qam-r1/2,w48,19,1,0,data,ok,18,18,17.5,304.7
mpd,20.0,8,ack-1f,w,2,2,0,ctl,ok,0,0,16.9,304.7
mpd,20.0,8,w48-16qam-r1/2,w48,19,1,0,data,ok,18,18,14.4,304.7
mpd,20.0,8,ack-1f,w,2,2,0,ctl,ok,0,0,18.5,304.7
mpd,20.0,8,w48-16qam-r1/2,w48,19,1,0,data,ok,18,18,18.5,304.7
mpd,20.0,8,ack-1f,w,2,2,0,ctl,ok,0,0,16.8,304.7
mpd,20.0,8,w48-16qam-r1/2,w48,19,1,0,data,ok,18,18,15.3,304.7
mpd,20.0,8,ack-1f,w,2,2,0,ctl,ok,0,0,22.7,304.7
mpd,20.0,8,w48-16qam-r1/2,w48,19,1,0,data,ok,18,18,17.2,304.7
mpd,20.0,8,ack-1f,w,2,2,0,ctl,ok,0,0,18.1,304.7
mpd,20.0,8,w48-16qam-r1/2,w48,19,1,0,data,ok,18,18,18.5,304.7
mpd,20.0,8,ack-1f,w,3,3,0,ctl,ok,0,0,18.4,304.7
mpd,20.0,8,w48-16qam-r2/3,w48,19,2,1,data,ok,17,17,19.5,304.7
mpd,20.0,8,ack-1f,w,3,3,0,ctl,ok,0,0,20.5,304.7
mpd,20.0,8,w48-16qam-r2/3,w48,19,2,1,data,ok,17,17,19.4,304.7
mpd,20.0,8,ack-1f,w,3,3,0,ctl,ok,0,0,22.6,304.7
mpd,20.0,8,w48-16qam-r2/3,w48,19,2,1,data,ok,17,17,18.5,304.7
mpd,20.0,8,ack-1f,w,3,3,0,ctl,ok,0,0,18.7,304.7
mpd,20.0,8,w48-16qam-r2/3,w48,19,2,1,data,ok,17,0,12.9,304.7
mpd,20.0,8,ack-1f,w,2,2,0,ctl,ok,0,0,18.8,304.7
mpd,20.0,8,w48-16qam-r1/2,w48,19,1,0,data,ok,18,18,18.3,304.7
mpd,20.0,8,ack-1f,w,2,2,0,ctl,ok,0,0,21.2,304.7
mpd,20.0,8,w48-16qam-r1/2,w48,19,1,0,data,ok,18,18,12.4,304.7
mpd,20.0,8,ack-1f,w,2,2,0,ctl,ok,0,0,18.4,304.7
mpd,20.0,8,w48-16qam-r1/2,w48,19,1,0,data,ok,18,18,12.6,304.7
mpd,20.0,8,ack-1f,w,3,3,0,ctl,ok,0,0,19.7,304.7
mpd,20.0,8,w48-16qam-r1/2,w48,19,2,1,data,ok,17,17,13.1,304.7
mpd,20.0,8,ack-1f,w,3,3,0,ctl,ok,0,0,19.5,304.7
mpd,20.0,8,w48-16qam-r1/2,w48,19,2,1,data,ok,17,17,18.6,304.7
mpd,20.0,8,ack-1f,w,2,2,0,ctl,ok,0,0,18.2,304.7
mpd,20.0,8,w48-16qam-r1/2,w48,19,1,0,data,ok,18,18,12.9,304.7
mpd,20.0,8,ack-1f,w,2,2,0,ctl,ok,0,0,17.3,304.7
mpd,20.0,8,w48-16qam-r1/2,w48,19,1,0,data,ok,18,18,12.8,304.7
mpd,20.0,8,ack-1f,w,3,3,0,ctl,ok,0,0,16.0,304.7
mpd,20.0,8,w48-16qam-r1/2,w48,19,2,1,data,ok,17,17,19.0,304.7
mpd,20.0,8,ack-1f,w,2,2,0,ctl,ok,0,0,19.2,304.7
mpd,20.0,8,w48-16qam-r1/2,w48,19,1,0,data,ok,18,18,18.1,304.7
mpd,20.0,8,ack-1f,w,2,2,0,ctl,ok,0,0,17.7,304.7
mpd,20.0,8,w48-16qam-r2/3,w48,19,1,0,data,ok,18,18,18.8,304.7
mpd,20.0,8,ack-1f,w,3,3,0,ctl,ok,0,0,21.4,304.7
mpd,20.0,8,w48-16qam-r2/3,w48,19,2,1,data,ok,17,17,19.2,304.7
mpd,20.0,8,ack-1f,w,2,2,0,ctl,ok,0,0,19.4,304.7
mpd,20.0,8,w48-16qam-r2/3,w48,19,1,0,data,ctl_lost,18,0,14.3,304.7
mpd,20.0,8,ack-4f,w,3,3,0,ctl,ok,0,0,20.2,304.7
mpd,20.0,8,ack-4f,w,2,2,0,ctl,ok,0,0,21.1,304.7
mpd,20.0,8,w48-16qam-r1/2,w48,19,1,0,data,ok,18,18,17.4,304.7
mpd,20.0,8,ack-1f,w,2,2,0,ctl,ok,0,0,19.1,304.7
mpd,20.0,8,w48-16qam-r1/2,w48,19,1,0,data,ok,18,18,13.1,304.7
mpd,20.0,8,ack-1f,w,2,2,0,ctl,ok,0,0,20.2,304.7
mpd,20.0,8,w48-16qam-r1/2,w48,19,1,0,data,ok,18,18,17.4,304.7
mpd,20.0,8,ack-1f,w,2,2,0,ctl,ok,0,0,16.1,304.7
mpd,20.0,8,w48-16qam-r1/2,w48,19,1,0,data,ok,18,18,15.7,304.7
mpd,20.0,8,ack-1f,w,2,2,0,ctl,ok,0,0,21.9,304.7
mpd,20.0,8,w48-16qam-r1/2,w48,19,1,0,data,ok,18,18,12.6,304.7
mpd,20.0,8,ack-1f,w,2,2,0,ctl,ok,0,0,17.2,304.7
mpd,20.0,8,w48-16qam-r1/2,w48,19,1,0,data,ok,18,18,13.2,304.7
mpd,20.0,8,ack-1f,w,2,2,0,ctl,ok,0,0,16.4,304.7
mpd,20.0,8,w48-16qam-r1/2,w48,19,1,0,data,ok,18,18,13.4,304.7
mpd,20.0,8,ack-1f,w,2,2,0,ctl,ok,0,0,18.7,304.7
mpd,20.0,8,w48-16qam-r1/2,w48,19,1,0,data,ok,18,18,13.9,304.7
mpd,20.0,8,ack-1f,w,2,2,0,ctl,ok,0,0,18.3,304.7
mpd,20.0,8,w48-16qam-r1/2,w48,19,1,0,data,ok,18,18,12.4,304.7
mpd,20.0,8,ack-1f,w,2,2,0,ctl,ok,0,0,18.4,304.7
mpd,20.0,8,w48-16qam-r1/2,w48,19,1,0,data,ok,18,18,17.8,304.7
mpd,20.0,8,ack-1f,w,2,2,0,ctl,ok,0,0,18.5,304.7
mpd,20.0,8,w48-16qam-r1/2,w48,19,1,0,data,ok,18,18,18.0,304.7
mpd,20.0,8,ack-1f,w,2,2,0,ctl,ok,0,0,17.9,304.7
mpd,20.0,8,w48-16qam-r1/2,w48,19,1,0,data,ok,18,18,16.2,304.7
mpd,20.0,8,ack-1f,w,2,2,0,ctl,ok,0,0,17.3,304.7
mpd,20.0,8,w48-16qam-r1/2,w48,19,1,0,data,ok,18,18,14.0,304.7
mpd,20.0,8,ack-1f,w,2,2,0,ctl,ok,0,0,18.4,304.7
mpd,20.0,8,w48-16qam-r1/2,w48,19,1,0,data,ok,18,18,12.6,304.7
mpd,20.0,8,ack-1f,w,2,2,0,ctl,ok,0,0,19.3,304.7
mpd,20.0,8,w48-16qam-r1/2,w48,19,1,0,data,ok,18,18,12.9,304.7
mpd,20.0,8,ack-1f,w,2,2,0,ctl,ok,0,0,17.6,304.7
mpd,20.0,8,w48-16qam-r1/2,w48,19,1,0,data,ok,18,18,16.6,304.7
mpd,20.0,8,ack-1f,w,2,2,0,ctl,ok,0,0,17.5,304.7
mpd,20.0,8,w48-16qam-r1/2,w48,19,1,0,data,ok,18,18,13.2,304.7
mpd,20.0,8,ack-1f,w,2,2,0,ctl,ok,0,0,17.9,304.7
mpd,20.0,8,w48-16qam-r1/2,w48,19,1,0,data,ok,18,18,12.3,304.7
mpd,20.0,8,ack-1f,w,2,2,0,ctl,ok,0,0,16.2,304.7
mpd,20.0,8,w48-16qam-r1/2,w48,19,1,0,data,ok,18,18,13.5,304.7
mpd,20.0,8,ack-1f,w,2,2,0,ctl,ok,0,0,20.1,304.7
mpd,20.0,8,w48-16qam-r1/2,w48,19,1,0,data,ok,18,18,18.6,304.7
mpd,20.0,8,ack-1f,w,2,2,0,ctl,ok,0,0,17.7,304.7
mpd,20.0,8,w48-16qam-r1/2,w48,19,1,0,data,ok,18,18,17.2,304.7
mpd,20.0,2,qpsk-r1/5,w,1,1,0,ctl,ok,0,0,18.6,282.6
mpd,20.0,2,qpsk-r1/5,w,1,1,0,ctl,ok,0,0,19.3,282.6
mpd,20.0,2,ack-4f,w,2,2,0,ctl,ok,0,0,19.0,282.6
mpd,20.0,2,ack-1f,w,2,2,0,ctl,ok,0,0,21.1,282.6
mpd,20.0,2,w48-16qam-r1/2,w48,19,1,0,data,ok,18,18,13.3,282.6
mpd,20.0,2,ack-1f,w,3,3,0,ctl,ok,0,0,18.7,282.6
mpd,20.0,2,w48-16qam-r1/2,w48,19,2,1,data,ok,17,17,17.3,282.6
mpd,20.0,2,ack-1f,w,2,2,0,ctl,ok,0,0,16.0,282.6
mpd,20.0,2,w48-16qam-r1/2,w48,19,1,0,data,ok,18,18,19.2,282.6
mpd,20.0,2,ack-1f,w,3,3,0,ctl,ok,0,0,19.9,282.6
mpd,20.0,2,w48-16qam-r2/3,w48,19,2,1,data,ok,17,17,19.1,282.6
mpd,20.0,2,ack-1f,w,3,3,0,ctl,ok,0,0,20.6,282.6
mpd,20.0,2,w48-16qam-r2/3,w48,19,2,1,data,ok,17,0,12.5,282.6
mpd,20.0,2,ack-1f,w,2,2,0,ctl,ok,0,0,19.3,282.6
mpd,20.0,2,w48-16qam-r1/2,w48,19,1,0,data,ok,18,18,19.5,282.6
mpd,20.0,2,ack-1f,w,2,2,0,ctl,ok,0,0,22.3,282.6
mpd,20.0,2,w48-16qam-r1/2,w48,19,1,0,data,ok,18,18,15.4,282.6
mpd,20.0,2,ack-1f,w,3,3,0,ctl,ok,0,0,18.0,282.6
mpd,20.0,2,w48-16qam-r2/3,w48,19,2,1,data,ok,17,17,15.8,282.6
mpd,20.0,2,ack-1f,w,2,2,0,ctl,ok,0,0,21.3,282.6
mpd,20.0,2,w48-16qam-r1/2,w48,19,1,0,data,ok,18,18,14.3,282.6
mpd,20.0,2,ack-1f,w,2,2,0,ctl,ok,0,0,19.6,282.6
mpd,20.0,2,w48-16qam-r1/2,w48,19,1,0,data,ok,18,18,20.0,282.6
mpd,20.0,2,ack-1f,w,3,3,0,ctl,ok,0,0,19.2,282.6
mpd,20.0,2,w48-16qam-r2/3,w48,19,2,1,data,ok,17,0,11.5,282.6
mpd,20.0,2,ack-1f,w,2,2,0,ctl,ok,0,0,22.2,282.6
mpd,20.0,2,w48-16qam-r1/2,w48,19,1,0,data,ok,18,18,15.8,282.6
mpd,20.0,2,ack-1f,w,3,3,0,ctl,ok,0,0,18.9,282.6
mpd,20.0,2,w48-16qam-r1/2,w48,19,2,1,data,ok,17,17,17.0,282.6
mpd,20.0,2,ack-1f,w,2,2,0,ctl,ok,0,0,20.7,282.6
mpd,20.0,2,w48-16qam-r1/2,w48,19,1,0,data,ok,18,18,16.0,282.6
mpd,20.0,2,ack-1f,w,2,2,0,ctl,ok,0,0,17.9,282.6
mpd,20.0,2,w48-16qam-r1/2,w48,19,1,0,data,ok,18,18,13.4,282.6
mpd,20.0,2,ack-1f,w,2,2,0,ctl,ok,0,0,19.8,282.6
mpd,20.0,2,w48-16qam-r1/2,w48,19,1,0,data,ok,18,18,18.9,282.6
mpd,20.0,2,ack-1f,w,2,2,0,ctl,ok,0,0,20.3,282.6
mpd,20.0,2,w48-16qam-r1/2,w48,19,1,0,data,ok,18,18,17.7,282.6
mpd,20.0,2,ack-1f,w,2,2,0,ctl,ok,0,0,19.1,282.6
mpd,20.0,2,w48-16qam-r2/3,w48,19,1,0,data,ok,18,15,14.8,282.6
mpd,20.0,2,ack-1f,w,4,4,0,ctl,ok,0,0,21.0,282.6
mpd,20.0,2,w48-16qam-r2/3,w48,19,2,1,data,ok,14,0,12.4,282.6
mpd,20.0,2,ack-1f,w,2,2,0,ctl,ok,0,0,20.1,282.6
mpd,20.0,2,w48-16qam-r1/2,w48,19,1,0,data,ok,18,18,17.0,282.6
mpd,20.0,2,ack-1f,w,2,2,0,ctl,ok,0,0,17.0,282.6
mpd,20.0,2,w48-16qam-r1/2,w48,19,1,0,data,ok,18,18,13.9,282.6
mpd,20.0,2,ack-1f,w,2,2,0,ctl,ok,0,0,18.3,282.6
mpd,20.0,2,w48-16qam-r1/2,w48,19,1,0,data,ok,18,18,17.5,282.6
mpd,20.0,2,ack-1f,w,2,2,0,ctl,ok,0,0,19.6,282.6
mpd,20.0,2,w48-16qam-r1/2,w48,19,1,0,data,ok,18,18,19.3,282.6
mpd,20.0,2,ack-1f,w,2,2,0,ctl,ok,0,0,19.5,282.6
mpd,20.0,2,w48-16qam-r1/2,w48,19,1,0,data,ok,18,11,12.1,282.6
mpd,20.0,2,ack-1f,w,3,3,0,ctl,ok,0,0,19.4,282.6
mpd,20.0,2,w48-16qam-r1/2,w48,19,1,0,data,ok,11,11,14.2,282.6
mpd,20.0,2,ack-1f,w,2,2,0,ctl,ok,0,0,21.8,282.6
mpd,20.0,2,w48-16qam-r1/2,w48,19,1,0,data,ok,18,18,19.5,282.6
mpd,20.0,2,ack-1f,w,2,2,0,ctl,ok,0,0,20.5,282.6
mpd,20.0,2,w48-16qam-r1/2,w48,19,1,0,data,ok,18,18,18.5,282.6
mpd,20.0,2,ack-1f,w,3,3,0,ctl,ok,0,0,20.5,282.6
mpd,20.0,2,w48-64l-r1/2,w48,39,2,1,data,ok,37,0,13.0,282.6
mpd,20.0,2,ack-1f,w,2,2,0,ctl,ok,0,0,19.9,282.6
mpd,20.0,2,w48-16qam-r1/2,w48,19,1,0,data,ok,18,18,18.6,282.6
mpd,20.0,2,ack-1f,w,2,2,0,ctl,ok,0,0,19.1,282.6
mpd,20.0,2,w48-16qam-r1/2,w48,19,1,0,data,ok,18,18,17.5,282.6
mpd,20.0,2,ack-1f,w,2,2,0,ctl,ok,0,0,20.2,282.6
mpd,20.0,2,w48-16qam-r1/2,w48,19,1,0,data,ok,18,18,12.0,282.6
mpd,20.0,2,ack-1f,w,2,2,0,ctl,ok,0,0,21.2,282.6
mpd,20.0,2,w48-16qam-r1/2,w48,19,1,0,data,ok,18,18,13.1,282.6
mpd,20.0,2,ack-1f,w,3,3,0,ctl,ok,0,0,20.4,282.6
mpd,20.0,2,w48-16qam-r1/2,w48,19,2,1,data,ok,17,17,18.6,282.6
mpd,20.0,2,ack-1f,w,2,2,0,ctl,ok,0,0,18.9,282.6
mpd,20.0,2,w48-16qam-r1/2,w48,19,1,0,data,ok,18,18,13.5,282.6
mpd,20.0,2,ack-1f,w,2,2,0,ctl,ok,0,0,19.1,282.6
mpd,20.0,2,w48-16qam-r1/2,w48,19,1,0,data,ok,18,18,18.5,282.6
mpd,20.0,2,ack-1f,w,2,2,0,ctl,ok,0,0,20.0,282.6
mpd,20.0,2,w48-16qam-r1/2,w48,19,1,0,data,ok,18,18,18.5,282.6
mpd,20.0,2,ack-1f,w,2,2,0,ctl,ok,0,0,17.3,282.6
mpd,20.0,2,w48-16qam-r1/2,w48,19,1,0,data,ok,18,18,17.4,282.6
mpd,20.0,2,ack-1f,w,2,2,0,ctl,ok,0,0,20.4,282.6
mpd,20.0,2,w48-16qam-r1/2,w48,19,1,0,data,ok,18,18,19.5,282.6
mpd,20.0,2,ack-1f,w,2,2,0,ctl,ok,0,0,21.0,282.6
mpd,20.0,2,w48-16qam-r1/2,w48,19,1,0,data,ok,18,18,18.8,282.6
mpd,20.0,2,ack-1f,w,3,3,0,ctl,ok,0,0,20.4,282.6
mpd,20.0,2,w48-64l-r1/2,w48,39,2,1,data,ok,37,3,13.8,282.6
mpd,20.0,2,ack-1f,w,4,4,0,ctl,ok,0,0,18.9,282.6
mpd,20.0,2,w48-64l-r1/2,w48,39,2,1,data,ok,3,3,17.3,282.6
mpd,20.0,2,ack-1f,w,3,3,0,ctl,ok,0,0,17.7,282.6
mpd,20.0,2,w48-64l-r1/2,w48,39,2,1,data,ok,37,37,16.5,282.6
mpd,20.0,2,ack-1f,w,2,2,0,ctl,ok,0,0,19.2,282.6
mpd,20.0,2,w48-64l-r1/2,w48,39,1,0,data,ok,38,38,16.6,282.6
mpd,20.0,2,ack-1f,w,2,2,0,ctl,ok,0,0,18.8,282.6
mpd,20.0,2,w48-64l-r1/2,w48,39,1,0,data,ok,38,11,14.7,282.6
mpd,20.0,2,ack-1f,w,4,4,0,ctl,ok,0,0,19.6,282.6
mpd,20.0,2,w48-64l-r1/2,w48,39,2,1,data,ok,10,0,10.8,282.6
mpd,20.0,7,qpsk-r1/5,w,1,1,0,ctl,ok,0,0,21.7,292.0
mpd,20.0,7,qpsk-r1/5,w,1,1,0,ctl,ok,0,0,21.5,292.0
mpd,20.0,7,ack-4f,w,3,3,0,ctl,ok,0,0,18.9,292.0
mpd,20.0,7,ack-1f,w,3,3,0,ctl,ok,0,0,19.0,292.0
mpd,20.0,7,w48-16qam-r2/3,w48,19,2,1,data,ok,17,7,14.5,292.0
mpd,20.0,7,ack-1f,w,3,3,0,ctl,ok,0,0,18.4,292.0
mpd,20.0,7,w48-16qam-r2/3,w48,19,2,1,data,ok,7,7,15.0,292.0
mpd,20.0,7,ack-1f,w,3,3,0,ctl,ok,0,0,18.4,292.0
mpd,20.0,7,w48-16qam-r1/2,w48,19,2,1,data,ok,17,17,18.2,292.0
mpd,20.0,7,ack-1f,w,3,3,0,ctl,ok,0,0,12.4,292.0
mpd,20.0,7,w48-16qam-r2/3,w48,19,2,1,data,ok,17,17,18.4,292.0
mpd,20.0,7,ack-1f,w,3,3,0,ctl,ok,0,0,17.3,292.0
mpd,20.0,7,w48-16qam-r2/3,w48,19,2,1,data,ok,17,17,17.2,292.0
mpd,20.0,7,ack-1f,w,3,3,0,ctl,ok,0,0,19.6,292.0
mpd,20.0,7,w48-16qam-r2/3,w48,19,2,1,data,ok,17,17,17.8,292.0
mpd,20.0,7,ack-1f,w,3,3,0,ctl,ok,0,0,19.5,292.0
mpd,20.0,7,w48-16qam-r2/3,w48,19,2,1,data,ok,17,17,19.2,292.0
mpd,20.0,7,ack-1f,w,2,2,0,ctl,ok,0,0,19.0,292.0
mpd,20.0,7,w48-16qam-r2/3,w48,19,1,0,data,ok,18,18,19.4,292.0
mpd,20.0,7,ack-1f,w,2,2,0,ctl,ok,0,0,19.6,292.0
mpd,20.0,7,w48-16qam-r2/3,w48,19,1,0,data,ctl_lost,18,0,12.5,292.0
mpd,20.0,7,ack-4f,w,2,2,0,ctl,ok,0,0,18.0,292.0
mpd,20.0,7,ack-4f,w,3,3,0,ctl,ok,0,0,19.0,292.0
mpd,20.0,7,w48-16qam-r1/2,w48,19,2,1,data,ok,17,17,18.1,292.0
mpd,20.0,7,ack-1f,w,3,3,0,ctl,ok,0,0,21.1,292.0
mpd,20.0,7,w48-16qam-r2/3,w48,19,2,1,data,ok,17,17,19.4,292.0
mpd,20.0,7,ack-1f,w,3,3,0,ctl,ok,0,0,17.3,292.0
mpd,20.0,7,w48-16qam-r2/3,w48,19,2,1,data,ok,17,17,19.0,292.0
mpd,20.0,7,ack-1f,w,2,2,0,ctl,ok,0,0,20.0,292.0
mpd,20.0,7,w48-16qam-r2/3,w48,19,1,0,data,ctl_lost,18,0,14.2,292.0
mpd,20.0,7,ack-4f,w,2,2,0,ctl,ok,0,0,20.2,292.0
mpd,20.0,7,ack-4f,w,2,2,0,ctl,ok,0,0,17.9,292.0
mpd,20.0,7,w48-16qam-r1/2,w48,19,1,0,data,ok,18,18,13.8,292.0
mpd,20.0,7,ack-1f,w,2,2,0,ctl,ok,0,0,18.6,292.0
mpd,20.0,7,w48-16qam-r1/2,w48,19,1,0,data,ok,18,18,15.5,292.0
mpd,20.0,7,ack-1f,w,2,2,0,ctl,ok,0,0,17.3,292.0
mpd,20.0,7,w48-16qam-r1/2,w48,19,1,0,data,ok,18,18,12.6,292.0
mpd,20.0,7,ack-1f,w,2,2,0,ctl,ok,0,0,18.1,292.0
mpd,20.0,7,w48-16qam-r1/2,w48,19,1,0,data,ok,18,17,12.2,292.0
mpd,20.0,7,ack-1f,w,3,3,0,ctl,ok,0,0,18.4,292.0
mpd,20.0,7,w48-16qam-r1/2,w48,19,2,1,data,ok,16,11,11.8,292.0
mpd,20.0,7,ack-1f,w,4,4,0,ctl,ok,0,0,20.7,292.0
mpd,20.0,7,w48-16qam-r1/2,w48,19,2,1,data,ok,12,12,13.3,292.0
mpd,20.0,7,ack-1f,w,3,3,0,ctl,ok,0,0,17.5,292.0
mpd,20.0,7,w48-16qam-r1/2,w48,19,2,1,data,ok,17,17,13.1,292.0
mpd,20.0,7,ack-1f,w,3,3,0,ctl,ok,0,0,20.6,292.0
mpd,20.0,7,w48-16qam-r1/2,w48,19,2,1,data,ok,17,17,19.1,292.0
mpd,20.0,7,ack-1f,w,2,2,0,ctl,ok,0,0,19.6,292.0
mpd,20.0,7,w48-16qam-r1/2,w48,19,1,0,data,ok,18,18,18.1,292.0
mpd,20.0,7,ack-1f,w,2,2,0,ctl,ok,0,0,16.2,292.0
mpd,20.0,7,w48-16qam-r1/2,w48,19,1,0,data,ok,18,18,17.4,292.0
mpd,20.0,7,ack-1f,w,2,2,0,ctl,ok,0,0,17.7,292.0
mpd,20.0,7,w48-16qam-r1/2,w48,19,1,0,data,ok,18,18,18.8,292.0
mpd,20.0,7,ack-1f,w,2,2,0,ctl,ok,0,0,19.6,292.0
mpd,20.0,7,w48-16qam-r1/2,w48,19,1,0,data,ok,18,18,19.5,292.0
mpd,20.0,7,ack-1f,w,3,3,0,ctl,ok,0,0,14.3,292.0
mpd,20.0,7,w48-64l-r1/2,w48,39,2,1,data,ok,37,37,16.5,292.0
mpd,20.0,7,ack-1f,w,3,3,0,ctl,ok,0,0,18.2,292.0
mpd,20.0,7,w48-64l-r1/2,w48,39,2,1,data,ok,37,0,12.2,292.0
mpd,20.0,7,ack-1f,w,2,2,0,ctl,ok,0,0,17.2,292.0
mpd,20.0,7,w48-16qam-r1/2,w48,19,1,0,data,ok,18,18,18.9,292.0
mpd,20.0,7,ack-1f,w,2,2,0,ctl,ok,0,0,19.6,292.0
mpd,20.0,7,w48-16qam-r1/2,w48,19,1,0,data,ok,18,15,12.1,292.0
mpd,20.0,7,ack-1f,w,3,3,0,ctl,ok,0,0,19.3,292.0
mpd,20.0,7,w48-16qam-r1/2,w48,19,1,0,data,ok,15,15,18.6,292.0
mpd,20.0,7,ack-1f,w,2,2,0,ctl,ok,0,0,20.6,292.0
mpd,20.0,7,w48-16qam-r1/2,w48,19,1,0,data,ok,18,18,12.8,292.0
mpd,20.0,7,ack-1f,w,2,2,0,ctl,ok,0,0,16.8,292.0
mpd,20.0,7,w48-16qam-r1/2,w48,19,1,0,data,ok,18,18,13.1,292.0
mpd,20.0,7,ack-1f,w,2,2,0,ctl,ok,0,0,18.7,292.0
mpd,20.0,7,w48-16qam-r1/2,w48,19,1,0,data,ok,18,18,16.8,292.0
mpd,20.0,7,ack-1f,w,2,2,0,ctl,ok,0,0,18.3,292.0
mpd,20.0,7,w48-16qam-r1/2,w48,19,1,0,data,ok,18,18,17.8,292.0
mpd,20.0,7,ack-1f,w,2,2,0,ctl,ok,0,0,20.0,292.0
mpd,20.0,7,w48-16qam-r1/2,w48,19,1,0,data,ok,18,18,18.0,292.0
mpd,20.0,7,ack-1f,w,2,2,0,ctl,ok,0,0,17.5,292.0
mpd,20.0,7,w48-16qam-r1/2,w48,19,1,0,data,ok,18,18,18.7,292.0
mpd,20.0,7,ack-1f,w,2,2,0,ctl,ok,0,0,18.3,292.0
mpd,20.0,7,w48-16qam-r1/2,w48,19,1,0,data,ok,18,18,12.8,292.0
mpd,20.0,7,ack-1f,w,2,2,0,ctl,ok,0,0,20.0,292.0
mpd,20.0,7,w48-16qam-r1/2,w48,19,1,0,data,ok,18,18,12.0,292.0
mpd,20.0,7,ack-1f,w,2,2,0,ctl,ok,0,0,9.8,292.0
mpd,20.0,7,w48-16qam-r1/2,w48,19,1,0,data,ok,18,18,12.6,292.0
mpd,20.0,7,ack-1f,w,2,2,0,ctl,ok,0,0,16.1,292.0
mpd,20.0,7,w48-16qam-r1/2,w48,19,1,0,data,ok,18,18,12.7,292.0
mpd,20.0,7,ack-1f,w,2,2,0,ctl,ok,0,0,18.2,292.0
mpd,20.0,7,w48-16qam-r1/2,w48,19,1,0,data,ok,18,18,16.8,292.0
mpd,20.0,7,ack-1f,w,2,2,0,ctl,ok,0,0,18.9,292.0
mpd,20.0,7,w48-16qam-r1/2,w48,19,1,0,data,ok,18,18,18.7,292.0
mpd,20.0,7,ack-1f,w,2,2,0,ctl,ok,0,0,18.0,292.0
mpd,20.0,7,w48-16qam-r1/2,w48,19,1,0,data,ok,18,18,19.6,292.0
mpd,20.0,7,ack-1f,w,3,3,0,ctl,ok,0,0,18.2,292.0
mpd,20.0,7,w48-64l-r1/2,w48,39,2,1,data,ok,37,34,15.7,292.0
mpg,15.0,5,qpsk-r1/5,w,1,1,0,ctl,ok,0,0,18.7,267.8
mpg,15.0,5,qpsk-r1/5,w,1,1,0,ctl,ok,0,0,20.1,267.8
mpg,15.0,5,ack-4f,w,2,2,0,ctl,ok,0,0,18.6,267.8
mpg,15.0,5,ack-1f,w,3,3,0,ctl,ok,0,0,12.9,267.8
mpg,15.0,5,w48-64l-r7/12,w48,39,2,1,data,ok,37,0,13.7,267.8
mpg,15.0,5,ack-1f,w,3,3,0,ctl,ok,0,0,19.2,267.8
mpg,15.0,5,w48-16qam-r2/3,w48,19,2,1,data,ok,17,17,17.7,267.8
mpg,15.0,5,ack-1f,w,3,3,0,ctl,ok,0,0,18.4,267.8
mpg,15.0,5,w48-16qam-r2/3,w48,19,2,1,data,ok,17,17,15.4,267.8
mpg,15.0,5,ack-1f,w,3,3,0,ctl,ok,0,0,14.8,267.8
mpg,15.0,5,w48-16qam-r2/3,w48,19,2,1,data,ok,17,17,16.5,267.8
mpg,15.0,5,ack-1f,w,3,3,0,ctl,ok,0,0,17.5,267.8
mpg,15.0,5,w48-16qam-r2/3,w48,19,2,1,data,ok,17,17,17.3,267.8
mpg,15.0,5,ack-1f,w,2,2,0,ctl,ok,0,0,16.5,267.8
mpg,15.0,5,w48-16qam-r2/3,w48,19,1,0,data,ok,18,18,17.3,267.8
mpg,15.0,5,ack-1f,w,2,2,0,ctl,ok,0,0,13.8,267.8
mpg,15.0,5,w48-16qam-r2/3,w48,19,1,0,data,ok,18,18,16.1,267.8
mpg,15.0,5,ack-1f,w,2,2,0,ctl,ok,0,0,19.6,267.8
mpg,15.0,5,w48-16qam-r2/3,w48,19,1,0,data,ok,18,18,15.3,267.8
mpg,15.0,5,ack-1f,w,3,3,0,ctl,ok,0,0,16.7,267.8
mpg,15.0,5,w48-16qam-r2/3,w48,19,2,1,data,ok,17,17,16.4,267.8
mpg,15.0,5,ack-1f,w,3,3,0,ctl,ok,0,0,18.1,267.8
mpg,15.0,5,w48-16qam-r2/3,w48,19,2,1,data,ok,17,17,14.2,267.8
mpg,15.0,5,ack-1f,w,2,2,0,ctl,ok,0,0,15.9,267.8
mpg,15.0,5,w48-16qam-r2/3,w48,19,1,0,data,ctl_lost,18,5,13.8,267.8
mpg,15.0,5,ack-4f,w,2,2,0,ctl,ok,0,0,11.3,267.8
mpg,15.0,5,ack-4f,w,3,3,0,ctl,ok,0,0,12.2,267.8
mpg,15.0,5,w48-16qam-r1/2,w48,19,2,1,data,ok,17,17,17.9,267.8
mpg,15.0,5,ack-1f,w,3,3,0,ctl,ok,0,0,15.8,267.8
mpg,15.0,5,w48-16qam-r2/3,w48,19,2,1,data,ok,17,16,14.6,267.8
mpg,15.0,5,ack-1f,w,4,4,0,ctl,ok,0,0,17.6,267.8
mpg,15.0,5,w48-16qam-r2/3,w48,19,2,1,data,ok,16,0,12.6,267.8
mpg,15.0,5,ack-1f,w,2,2,0,ctl,ok,0,0,18.1,267.8
mpg,15.0,5,w48-16qam-r1/3,w48,19,1,0,data,ok,18,18,18.6,267.8
mpg,15.0,5,ack-1f,w,3,3,0,ctl,ok,0,0,19.3,267.8
mpg,15.0,5,w48-16qam-r2/3,w48,19,2,1,data,ok,17,0,12.7,267.8
mpg,15.0,5,ack-1f,w,3,3,0,ctl,ok,0,0,20.1,267.8
mpg,15.0,5,w48-16qam-r1/2,w48,19,2,1,data,ok,17,17,15.3,267.8
mpg,15.0,5,ack-1f,w,3,3,0,ctl,ok,0,0,16.6,267.8
mpg,15.0,5,w48-16qam-r1/2,w48,19,2,1,data,ok,17,17,13.9,267.8
mpg,15.0,5,ack-1f,w,2,2,0,ctl,ok,0,0,15.1,267.8
mpg,15.0,5,w48-16qam-r1/2,w48,19,1,0,data,ok,18,18,16.8,267.8
mpg,15.0,5,ack-1f,w,2,2,0,ctl,ok,0,0,15.3,267.8
mpg,15.0,5,w48-16qam-r1/2,w48,19,1,0,data,ok,18,18,16.3,267.8
mpg,15.0,5,ack-1f,w,2,2,0,ctl,ok,0,0,9.0,267.8
mpg,15.0,5,w48-16qam-r2/3,w48,19,1,0,data,ok,18,18,17.3,267.8
mpg,15.0,5,ack-1f,w,3,3,0,ctl,ok,0,0,20.3,267.8
mpg,15.0,5,w48-64l-r1/2,w48,39,2,1,data,ok,37,37,16.7,267.8
mpg,15.0,5,ack-1f,w,2,2,0,ctl,ok,0,0,15.0,267.8
mpg,15.0,5,w48-64l-r7/12,w48,39,1,0,data,ctl_lost,38,0,10.7,267.8
mpg,15.0,5,ack-4f,w,3,3,0,ctl,ok,0,0,22.1,267.8
mpg,15.0,5,ack-4f,w,3,3,0,ctl,ok,0,0,15.6,267.8
mpg,15.0,5,w48-64l-r1/2,w48,39,2,1,data,ok,37,37,15.4,267.8
mpg,15.0,5,ack-1f,w,3,3,0,ctl,ok,0,0,18.6,267.8
mpg,15.0,5,w48-64l-r1/2,w48,39,2,1,data,ok,37,0,9.9,267.8
mpg,15.0,5,ack-1f,w,3,3,0,ctl,ok,0,0,13.9,267.8
mpg,15.0,5,w48-16qam-r1/2,w48,19,2,1,data,ok,17,17,17.3,267.8
mpg,15.0,5,ack-1f,w,2,2,0,ctl,ok,0,0,19.9,267.8
mpg,15.0,5,w48-16qam-r1/2,w48,19,1,0,data,ok,18,18,15.5,267.8
mpg,15.0,5,ack-1f,w,2,2,0,ctl,ok,0,0,18.4,267.8
mpg,15.0,5,w48-16qam-r2/3,w48,19,1,0,data,ok,18,18,14.3,267.8
mpg,15.0,5,ack-1f,w,2,2,0,ctl,ok,0,0,17.5,267.8
mpg,15.0,5,w48-16qam-r1/2,w48,19,1,0,data,ok,18,18,15.7,267.8
mpg,15.0,5,ack-1f,w,3,3,0,ctl,ok,0,0,17.6,267.8
mpg,15.0,5,w48-16qam-r2/3,w48,19,2,1,data,ok,17,0,13.4,267.8
mpg,15.0,5,ack-1f,w,2,2,0,ctl,ok,0,0,16.9,267.8
mpg,15.0,5,w48-16qam-r1/2,w48,19,1,0,data,ok,18,18,17.3,267.8
mpg,15.0,5,ack-1f,w,2,2,0,ctl,ok,0,0,21.6,267.8
mpg,15.0,5,w48-16qam-r1/2,w48,19,1,0,data,ok,18,18,18.6,267.8
mpg,15.0,5,ack-1f,w,2,2,0,ctl,ok,0,0,18.6,267.8
mpg,15.0,5,w48-64l-r1/2,w48,39,1,0,data,ctl_lost,38,0,11.8,267.8
mpg,15.0,5,ack-4f,w,3,3,0,ctl,ok,0,0,12.6,267.8
mpg,15.0,5,ack-4f,w,3,3,0,ctl,ok,0,0,19.0,267.8
mpg,15.0,5,w48-16qam-r1/2,w48,19,2,1,data,ok,17,17,15.4,267.8
mpg,15.0,5,ack-1f,w,2,2,0,ctl,ok,0,0,21.9,267.8
mpg,15.0,5,w48-16qam-r1/2,w48,19,1,0,data,ok,18,18,17.6,267.8
mpg,15.0,5,ack-1f,w,2,2,0,ctl,ok,0,0,17.4,267.8
mpg,15.0,5,w48-16qam-r2/3,w48,19,1,0,data,ok,18,18,18.6,267.8
mpg,15.0,5,ack-1f,w,2,2,0,ctl,ok,0,0,13.5,267.8
mpg,15.0,5,w48-16qam-r2/3,w48,19,1,0,data,ok,18,18,15.4,267.8
mpg,15.0,5,ack-1f,w,2,2,0,ctl,ok,0,0,15.7,267.8
mpg,15.0,5,w48-16qam-r2/3,w48,19,1,0,data,ok,18,18,18.0,267.8
mpg,15.0,5,ack-1f,w,2,2,0,ctl,ok,0,0,20.1,267.8
mpg,15.0,5,w48-16qam-r2/3,w48,19,1,0,data,ctl_lost,18,0,15.6,267.8
mpg,15.0,5,ack-4f,w,3,3,0,ctl,ok,0,0,14.0,267.8
mpg,15.0,5,ack-4f,w,2,2,0,ctl,ok,0,0,15.7,267.8
mpg,15.0,5,w48-16qam-r1/2,w48,19,1,0,data,ok,18,18,13.6,267.8
mpg,15.0,5,ack-1f,w,2,2,0,ctl,ok,0,0,21.4,267.8
mpg,15.0,5,w48-16qam-r1/2,w48,19,1,0,data,ok,18,18,14.0,267.8
mpg,15.0,5,ack-1f,w,2,2,0,ctl,ok,0,0,17.5,267.8
mpg,15.0,5,w48-16qam-r1/2,w48,19,1,0,data,ok,18,18,17.4,267.8
mpg,15.0,5,ack-1f,w,2,2,0,ctl,ok,0,0,19.2,267.8
mpg,15.0,5,w48-16qam-r1/2,w48,19,1,0,data,ok,18,18,12.3,267.8
mpg,15.0,6,qpsk-r1/5,w,1,1,0,ctl,ok,0,0,16.9,317.9
mpg,15.0,6,qpsk-r1/5,w,1,1,0,ctl,ok,0,0,18.3,317.9
mpg,15.0,6,ack-4f,w,3,3,0,ctl,ok,0,0,10.8,317.9
mpg,15.0,6,ack-1f,w,3,3,0,ctl,ok,0,0,15.7,317.9
mpg,15.0,6,w48-16qam-r1/2,w48,19,2,1,data,ok,17,17,15.6,317.9
mpg,15.0,6,ack-1f,w,3,3,0,ctl,ok,0,0,18.0,317.9
mpg,15.0,6,w48-16qam-r1/2,w48,19,2,1,data,ok,17,17,14.4,317.9
mpg,15.0,6,ack-1f,w,3,3,0,ctl,ok,0,0,20.0,317.9
mpg,15.0,6,w48-16qam-r2/3,w48,19,2,1,data,ok,17,17,17.4,317.9
mpg,15.0,6,ack-1f,w,3,3,0,ctl,ok,0,0,13.4,317.9
mpg,15.0,6,w48-16qam-r2/3,w48,19,2,1,data,ok,17,0,13.4,317.9
mpg,15.0,6,ack-1f,w,3,3,0,ctl,ok,0,0,15.0,317.9
mpg,15.0,6,w48-16qam-r1/2,w48,19,2,1,data,ok,17,17,15.8,317.9
mpg,15.0,6,ack-1f,w,3,3,0,ctl,ok,0,0,17.4,317.9
mpg,15.0,6,w48-16qam-r1/2,w48,19,2,1,data,ok,17,17,14.9,317.9
mpg,15.0,6,ack-1f,w,2,2,0,ctl,ok,0,0,15.1,317.9
mpg,15.0,6,w48-16qam-r1/2,w48,19,1,0,data,ok,18,18,14.5,317.9
mpg,15.0,6,ack-1f,w,3,3,0,ctl,ok,0,0,14.8,317.9
mpg,15.0,6,w48-16qam-r2/3,w48,19,2,1,data,ok,17,17,14.5,317.9
mpg,15.0,6,ack-1f,w,3,3,0,ctl,ok,0,0,19.3,317.9
mpg,15.0,6,w48-16qam-r2/3,w48,19,2,1,data,ok,17,1,14.3,317.9
mpg,15.0,6,ack-1f,w,3,3,0,ctl,ok,0,0,17.0,317.9
mpg,15.0,6,w48-16qam-r1/2,w48,19,1,0,data,ok,18,18,16.5,317.9
mpg,15.0,6,ack-1f,w,2,2,0,ctl,ok,0,0,16.3,317.9
mpg,15.0,6,w48-16qam-r1/2,w48,19,1,0,data,ok,18,18,16.6,317.9
mpg,15.0,6,ack-1f,w,2,2,0,ctl,ok,0,0,21.2,317.9
mpg,15.0,6,w48-16qam-r1/2,w48,19,1,0,data,ok,18,18,17.6,317.9
mpg,15.0,6,ack-1f,w,2,2,0,ctl,ok,0,0,20.8,317.9
mpg,15.0,6,w48-16qam-r2/3,w48,19,1,0,data,ok,18,18,20.7,317.9
mpg,15.0,6,ack-1f,w,3,3,0,ctl,ok,0,0,18.6,317.9
mpg,15.0,6,w48-64l-r7/12,w48,39,2,1,data,ok,37,0,12.3,317.9
mpg,15.0,6,ack-1f,w,2,2,0,ctl,ok,0,0,20.0,317.9
mpg,15.0,6,w48-16qam-r1/2,w48,19,1,0,data,ok,18,18,15.2,317.9
mpg,15.0,6,ack-1f,w,2,2,0,ctl,ok,0,0,18.4,317.9
mpg,15.0,6,w48-16qam-r1/2,w48,19,1,0,data,ok,18,18,17.1,317.9
mpg,15.0,6,ack-1f,w,2,2,0,ctl,ok,0,0,22.2,317.9
mpg,15.0,6,w48-16qam-r2/3,w48,19,1,0,data,ok,18,18,16.6,317.9
mpg,15.0,6,ack-1f,w,2,2,0,ctl,ok,0,0,20.0,317.9
mpg,15.0,6,w48-16qam-r2/3,w48,19,1,0,data,ok,18,18,16.0,317.9
mpg,15.0,6,ack-1f,w,2,2,0,ctl,ok,0,0,19.4,317.9
mpg,15.0,6,w48-16qam-r2/3,w48,19,1,0,data,ok,18,17,15.0,317.9
mpg,15.0,6,ack-1f,w,3,3,0,ctl,ok,0,0,16.4,317.9
mpg,15.0,6,w48-16qam-r2/3,w48,19,1,0,data,ok,17,17,16.4,317.9
mpg,15.0,6,ack-1f,w,3,3,0,ctl,ok,0,0,19.2,317.9
mpg,15.0,6,w48-16qam-r2/3,w48,19,2,1,data,ok,17,17,17.9,317.9
mpg,15.0,6,ack-1f,w,3,3,0,ctl,ok,0,0,18.4,317.9
mpg,15.0,6,w48-64l-r1/2,w48,39,2,1,data,ok,37,26,13.9,317.9
mpg,15.0,6,ack-1f,w,4,4,0,ctl,ok,0,0,16.0,317.9
mpg,15.0,6,w48-64l-r1/2,w48,39,2,1,data,ok,26,26,16.0,317.9
mpg,15.0,6,ack-1f,w,3,3,0,ctl,ok,0,0,19.6,317.9
mpg,15.0,6,w48-64l-r1/2,w48,39,2,1,data,ok,37,0,11.0,317.9
mpg,15.0,6,ack-1f,w,2,2,0,ctl,ok,0,0,18.4,317.9
mpg,15.0,6,w48-16qam-r1/2,w48,19,1,0,data,ok,18,18,15.5,317.9
mpg,15.0,6,ack-1f,w,2,2,0,ctl,ok,0,0,16.2,317.9
mpg,15.0,6,w48-16qam-r1/2,w48,19,1,0,data,ok,18,18,16.3,317.9
mpg,15.0,6,ack-1f,w,2,2,0,ctl,ok,0,0,20.2,317.9
mpg,15.0,6,w48-16qam-r2/3,w48,19,1,0,data,ok,18,18,16.6,317.9
mpg,15.0,6,ack-1f,w,2,2,0,ctl,ok,0,0,9.7,317.9
mpg,15.0,6,w48-16qam-r2/3,w48,19,1,0,data,ok,18,18,15.1,317.9
mpg,15.0,6,ack-1f,w,2,2,0,ctl,ok,0,0,17.0,317.9
mpg,15.0,6,w48-16qam-r2/3,w48,19,1,0,data,ok,18,18,19.5,317.9
mpg,15.0,6,ack-1f,w,2,2,0,ctl,ok,0,0,16.2,317.9
mpg,15.0,6,w48-64l-r1/2,w48,39,1,0,data,ctl_lost,38,0,12.0,317.9
mpg,15.0,6,ack-4f,w,3,3,0,ctl,ok,0,0,14.3,317.9
mpg,15.0,6,ack-4f,w,3,3,0,ctl,ok,0,0,20.6,317.9
mpg,15.0,6,w48-16qam-r2/3,w48,19,2,1,data,ok,17,0,12.8,317.9
mpg,15.0,6,ack-1f,w,3,3,0,ctl,ok,0,0,19.0,317.9
mpg,15.0,6,w48-16qam-r1/2,w48,19,2,1,data,ok,17,17,13.9,317.9
mpg,15.0,6,ack-1f,w,2,2,0,ctl,ok,0,0,11.9,317.9
mpg,15.0,6,w48-16qam-r1/2,w48,19,1,0,data,ok,18,18,13.9,317.9
mpg,15.0,6,ack-1f,w,2,2,0,ctl,ok,0,0,19.1,317.9
mpg,15.0,6,w48-16qam-r1/2,w48,19,1,0,data,ok,18,18,17.7,317.9
mpg,15.0,6,ack-1f,w,2,2,0,ctl,ok,0,0,17.9,317.9
mpg,15.0,6,w48-16qam-r2/3,w48,19,1,0,data,ok,18,17,15.8,317.9
mpg,15.0,6,ack-1f,w,3,3,0,ctl,ok,0,0,21.7,317.9
mpg,15.0,6,w48-16qam-r2/3,w48,19,1,0,data,ok,17,17,16.0,317.9
mpg,15.0,6,ack-1f,w,2,2,0,ctl,ok,0,0,19.3,317.9
mpg,15.0,6,w48-16qam-r2/3,w48,19,1,0,data,ok,18,18,18.9,317.9
mpg,15.0,6,ack-1f,w,2,2,0,ctl,ok,0,0,20.4,317.9
mpg,15.0,6,w48-16qam-r2/3,w48,19,1,0,data,ok,18,18,15.5,317.9
mpg,15.0,6,ack-1f,w,2,2,0,ctl,ok,0,0,19.2,317.9
mpg,15.0,6,w48-16qam-r2/3,w48,19,1,0,data,ok,18,18,16.5,317.9
mpg,15.0,6,ack-1f,w,2,2,0,ctl,ok,0,0,16.4,317.9
mpg,15.0,6,w48-16qam-r2/3,w48,19,1,0,data,ok,18,18,13.9,317.9
mpg,15.0,6,ack-1f,w,2,2,0,ctl,ok,0,0,16.8,317.9
mpg,15.0,6,w48-16qam-r2/3,w48,19,1,0,data,ok,18,18,16.7,317.9
mpg,15.0,6,ack-1f,w,2,2,0,ctl,ok,0,0,18.4,317.9
mpg,15.0,6,w48-16qam-r2/3,w48,19,1,0,data,ok,18,18,15.7,317.9
mpg,15.0,6,ack-1f,w,2,2,0,ctl,ok,0,0,17.4,317.9
mpg,15.0,6,w48-16qam-r2/3,w48,19,1,0,data,ok,18,18,17.8,317.9
mpg,15.0,6,ack-1f,w,2,2,0,ctl,ok,0,0,18.6,317.9
mpg,15.0,6,w48-16qam-r2/3,w48,19,1,0,data,ok,18,18,15.9,317.9
mpg,15.0,6,ack-1f,w,2,2,0,ctl,ok,0,0,14.1,317.9
mpg,15.0,6,w48-16qam-r2/3,w48,19,1,0,data,ok,18,18,15.3,317.9
mpg,15.0,1,qpsk-r1/5,w,1,1,0,ctl,ok,0,0,18.1,303.9
mpg,15.0,1,qpsk-r1/5,w,1,1,0,ctl,ok,0,0,15.0,303.9
mpg,15.0,1,ack-4f,w,3,3,0,ctl,ok,0,0,14.7,303.9
mpg,15.0,1,ack-1f,w,3,3,0,ctl,ok,0,0,18.3,303.9
mpg,15.0,1,w48-16qam-r2/3,w48,19,2,1,data,ok,17,17,16.7,303.9
mpg,15.0,1,ack-1f,w,3,3,0,ctl,ok,0,0,17.8,303.9
mpg,15.0,1,w48-16qam-r2/3,w48,19,2,1,data,ok,17,17,17.2,303.9
mpg,15.0,1,ack-1f,w,3,3,0,ctl,ok,0,0,19.5,303.9
mpg,15.0,1,w48-16qam-r2/3,w48,19,2,1,data,ok,17,17,16.3,303.9
mpg,15.0,1,ack-1f,w,3,3,0,ctl,ok,0,0,18.3,303.9
mpg,15.0,1,w48-16qam-r2/3,w48,19,2,1,data,ok,17,7,15.7,303.9
mpg,15.0,1,ack-1f,w,4,4,0,ctl,ok,0,0,16.4,303.9
mpg,15.0,1,w48-16qam-r2/3,w48,19,2,1,data,ok,7,7,15.4,303.9
mpg,15.0,1,ack-1f,w,3,3,0,ctl,ok,0,0,16.7,303.9
mpg,15.0,1,w48-16qam-r2/3,w48,19,2,1,data,ok,17,12,15.9,303.9
mpg,15.0,1,ack-1f,w,4,4,0,ctl,ok,0,0,19.3,303.9
mpg,15.0,1,w48-16qam-r2/3,w48,19,2,1,data,ok,12,12,15.3,303.9
mpg,15.0,1,ack-1f,w,3,3,0,ctl,ok,0,0,14.6,303.9
mpg,15.0,1,w48-16qam-r2/3,w48,19,2,1,data,ok,17,17,16.2,303.9
mpg,15.0,1,ack-1f,w,2,2,0,ctl,ok,0,0,16.1,303.9
mpg,15.0,1,w48-16qam-r2/3,w48,19,1,0,data,ok,18,11,13.8,303.9
mpg,15.0,1,ack-1f,w,3,3,0,ctl,ok,0,0,15.8,303.9
mpg,15.0,1,w48-16qam-r2/3,w48,19,1,0,data,ctl_lost,11,3,14.1,303.9
mpg,15.0,1,ack-4f,w,2,2,0,ctl,ok,0,0,8.2,303.9
mpg,15.0,1,ack-4f,w,4,4,0,ctl,ok,0,0,13.1,303.9
mpg,15.0,1,w48-16qam-r2/3,w48,19,2,1,data,ok,10,0,12.4,303.9
mpg,15.0,1,ack-1f,w,2,2,0,ctl,ok,0,0,19.5,303.9
mpg,15.0,1,w48-16qam-r1/3,w48,19,1,0,data,ok,18,18,13.5,303.9
mpg,15.0,1,ack-1f,w,3,3,0,ctl,ok,0,0,19.6,303.9
mpg,15.0,1,w48-16qam-r1/2,w48,19,2,1,data,ok,17,17,15.7,303.9
mpg,15.0,1,ack-1f,w,3,3,0,ctl,ok,0,0,15.8,303.9
mpg,15.0,1,w48-16qam-r2/3,w48,19,2,1,data,ok,17,16,15.5,303.9
mpg,15.0,1,ack-1f,w,3,3,0,ctl,ok,0,0,18.6,303.9
mpg,15.0,1,w48-16qam-r2/3,w48,19,1,0,data,ok,17,8,12.9,303.9
mpg,15.0,1,ack-1f,w,4,4,0,ctl,ok,0,0,17.4,303.9
mpg,15.0,1,w48-16qam-r2/3,w48,19,2,1,data,ok,8,8,17.8,303.9
mpg,15.0,1,ack-1f,w,2,2,0,ctl,ok,0,0,21.0,303.9
mpg,15.0,1,w48-16qam-r2/3,w48,19,1,0,data,ok,18,18,16.7,303.9
mpg,15.0,1,ack-1f,w,2,2,0,ctl,ok,0,0,18.6,303.9
mpg,15.0,1,w48-16qam-r2/3,w48,19,1,0,data,ok,18,18,16.4,303.9
mpg,15.0,1,ack-1f,w,2,2,0,ctl,ok,0,0,18.3,303.9
mpg,15.0,1,w48-16qam-r2/3,w48,19,1,0,data,ok,18,18,15.6,303.9
mpg,15.0,1,ack-1f,w,2,2,0,ctl,ok,0,0,16.2,303.9
mpg,15.0,1,w48-16qam-r2/3,w48,19,1,0,data,ok,18,18,14.5,303.9
mpg,15.0,1,ack-1f,w,2,2,0,ctl,ok,0,0,17.6,303.9
mpg,15.0,1,w48-16qam-r2/3,w48,19,1,0,data,ok,18,18,16.1,303.9
mpg,15.0,1,ack-1f,w,2,2,0,ctl,ok,0,0,20.3,303.9
mpg,15.0,1,w48-16qam-r2/3,w48,19,1,0,data,ok,18,18,16.3,303.9
mpg,15.0,1,ack-1f,w,2,2,0,ctl,ok,0,0,17.1,303.9
mpg,15.0,1,w48-16qam-r2/3,w48,19,1,0,data,ok,18,18,18.3,303.9
mpg,15.0,1,ack-1f,w,3,3,0,ctl,ok,0,0,18.2,303.9
mpg,15.0,1,w48-64l-r1/2,w48,39,2,1,data,ok,37,1,11.3,303.9
mpg,15.0,1,ack-1f,w,3,3,0,ctl,ok,0,0,14.2,303.9
mpg,15.0,1,w48-16qam-r2/3,w48,19,1,0,data,ok,18,18,17.1,303.9
mpg,15.0,1,ack-1f,w,2,2,0,ctl,ok,0,0,16.5,303.9
mpg,15.0,1,w48-16qam-r2/3,w48,19,1,0,data,ok,18,18,14.5,303.9
mpg,15.0,1,ack-1f,w,2,2,0,ctl,ok,0,0,15.1,303.9
mpg,15.0,1,w48-16qam-r2/3,w48,19,1,0,data,ok,18,18,15.7,303.9
mpg,15.0,1,ack-1f,w,2,2,0,ctl,ok,0,0,16.2,303.9
mpg,15.0,1,w48-16qam-r2/3,w48,19,1,0,data,ctl_lost,18,0,12.8,303.9
mpg,15.0,1,ack-4f,w,3,3,0,ctl,ok,0,0,12.3,303.9
mpg,15.0,1,ack-4f,w,3,3,0,ctl,ok,0,0,15.3,303.9
mpg,15.0,1,w48-16qam-r1/2,w48,19,2,1,data,ok,17,17,17.6,303.9
mpg,15.0,1,ack-1f,w,2,2,0,ctl,ok,0,0,16.5,303.9
mpg,15.0,1,w48-16qam-r2/3,w48,19,1,0,data,ok,18,18,18.8,303.9
mpg,15.0,1,ack-1f,w,3,3,0,ctl,ok,0,0,16.3,303.9
mpg,15.0,1,w48-64l-r7/12,w48,39,2,1,data,ok,37,37,16.3,303.9
mpg,15.0,1,ack-1f,w,3,3,0,ctl,ok,0,0,14.0,303.9
mpg,15.0,1,w48-64l-r7/12,w48,39,2,1,data,ok,37,0,11.5,303.9
mpg,15.0,1,ack-1f,w,3,3,0,ctl,ok,0,0,21.0,303.9
mpg,15.0,1,w48-16qam-r2/3,w48,19,2,1,data,ok,17,17,17.6,303.9
mpg,15.0,1,ack-1f,w,2,2,0,ctl,ok,0,0,19.0,303.9
mpg,15.0,1,w48-16qam-r2/3,w48,19,1,0,data,ok,18,18,14.8,303.9
mpg,15.0,1,ack-1f,w,2,2,0,ctl,ok,0,0,19.6,303.9
mpg,15.0,1,w48-16qam-r2/3,w48,19,1,0,data,ctl_lost,18,0,12.5,303.9
mpg,15.0,1,ack-4f,w,3,3,0,ctl,ok,0,0,10.8,303.9
mpg,15.0,1,ack-4f,w,2,2,0,ctl,ok,0,0,16.7,303.9
mpg,15.0,1,w48-16qam-r1/3,w48,19,1,0,data,ok,18,18,14.3,303.9
mpg,15.0,1,ack-1f,w,3,3,0,ctl,ok,0,0,13.9,303.9
mpg,15.0,1,w48-16qam-r1/2,w48,19,2,1,data,ok,17,17,16.4,303.9
mpg,15.0,1,ack-1f,w,2,2,0,ctl,ok,0,0,9.9,303.9
mpg,15.0,1,w48-16qam-r1/2,w48,19,1,0,data,ok,18,18,17.2,303.9
mpg,15.0,1,ack-1f,w,3,3,0,ctl,ok,0,0,10.1,303.9
mpg,15.0,1,w48-16qam-r2/3,w48,19,2,1,data,ok,17,17,16.1,303.9
mpg,15.0,1,ack-1f,w,3,3,0,ctl,ok,0,0,15.9,303.9
mpg,15.0,1,w48-16qam-r2/3,w48,19,2,1,data,ok,17,17,13.8,303.9
mpg,15.0,1,ack-1f,w,3,3,0,ctl,ok,0,0,19.4,303.9
mpg,15.0,1,w48-16qam-r2/3,w48,19,2,1,data,ok,17,8,14.8,303.9
mpg,15.0,1,ack-1f,w,4,4,0,ctl,ok,0,0,16.0,303.9
mpg,15.0,1,w48-16qam-r2/3,w48,19,2,1,data,ok,8,8,14.3,303.9
mpg,15.0,1,ack-1f,w,2,2,0,ctl,ok,0,0,19.7,303.9
mpg,15.0,1,w48-16qam-r1/2,w48,19,1,0,data,ok,18,18,12.0,303.9
mpg,15.0,1,ack-1f,w,3,3,0,ctl,ok,0,0,11.6,303.9
mpg,15.0,1,w48-16qam-r1/2,w48,19,2,1,data,ok,17,17,15.3,303.9
mpg,15.0,10,qpsk-r1/5,w,1,1,0,ctl,ok,0,0,20.6,266.9
mpg,15.0,10,qpsk-r1/5,w,1,1,0,ctl,ok,0,0,19.1,266.9
mpg,15.0,10,ack-4f,w,3,3,0,ctl,ok,0,0,19.8,266.9
mpg,15.0,10,ack-1f,w,3,3,0,ctl,ok,0,0,21.6,266.9
mpg,15.0,10,w48-64l-r7/12,w48,39,2,1,data,ok,37,37,16.3,266.9
mpg,15.0,10,ack-1f,w,2,2,0,ctl,ok,0,0,21.5,266.9
mpg,15.0,10,w48-64l-r7/12,w48,39,1,0,data,ctl_lost,38,0,11.5,266.9
mpg,15.0,10,ack-4f,w,3,3,0,ctl,ok,0,0,18.2,266.9
mpg,15.0,10,ack-4f,w,2,2,0,ctl,ok,0,0,14.7,266.9
mpg,15.0,10,w48-16qam-r1/2,w48,19,1,0,data,ok,18,18,13.1,266.9
mpg,15.0,10,ack-1f,w,3,3,0,ctl,ok,0,0,13.2,266.9
mpg,15.0,10,w48-16qam-r1/2,w48,19,2,1,data,ok,17,17,13.6,266.9
mpg,15.0,10,ack-1f,w,3,3,0,ctl,ok,0,0,7.8,266.9
mpg,15.0,10,w48-16qam-r1/2,w48,19,2,1,data,ok,17,17,16.9,266.9
mpg,15.0,10,ack-1f,w,3,3,0,ctl,ok,0,0,18.9,266.9
mpg,15.0,10,w48-16qam-r2/3,w48,19,2,1,data,ok,17,17,16.0,266.9
mpg,15.0,10,ack-1f,w,2,2,0,ctl,ok,0,0,17.2,266.9
mpg,15.0,10,w48-16qam-r2/3,w48,19,1,0,data,ctl_lost,18,0,11.8,266.9
mpg,15.0,10,ack-4f,w,3,3,0,ctl,ok,0,0,19.6,266.9
mpg,15.0,10,ack-4f,w,2,2,0,ctl,ok,0,0,17.4,266.9
mpg,15.0,10,w48-16qam-r1/2,w48,19,1,0,data,ok,18,18,13.3,266.9
mpg,15.0,10,ack-1f,w,2,2,0,ctl,ok,0,0,13.0,266.9
mpg,15.0,10,w48-16qam-r1/2,w48,19,1,0,data,ok,18,18,16.1,266.9
mpg,15.0,10,ack-1f,w,2,2,0,ctl,ok,0,0,17.1,266.9
mpg,15.0,10,w48-16qam-r1/2,w48,19,1,0,data,ok,18,18,16.5,266.9
mpg,15.0,10,ack-1f,w,3,3,0,ctl,ok,0,0,17.5,266.9
mpg,15.0,10,w48-64l-r1/2,w48,39,2,1,data,ok,37,37,15.7,266.9
mpg,15.0,10,ack-1f,w,2,2,0,ctl,ok,0,0,18.3,266.9
mpg,15.0,10,w48-64l-r1/2,w48,39,1,0,data,ctl_lost,38,0,12.4,266.9
mpg,15.0,10,ack-4f,w,3,3,0,ctl,ok,0,0,17.0,266.9
mpg,15.0,10,ack-4f,w,2,2,0,ctl,ok,0,0,16.6,266.9
mpg,15.0,10,w48-16qam-r1/2,w48,19,1,0,data,ok,18,18,13.8,266.9
mpg,15.0,10,ack-1f,w,2,2,0,ctl,ok,0,0,14.8,266.9
mpg,15.0,10,w48-16qam-r1/2,w48,19,1,0,data,ok,18,18,14.1,266.9
mpg,15.0,10,ack-1f,w,3,3,0,ctl,ok,0,0,18.0,266.9
mpg,15.0,10,w48-16qam-r1/2,w48,19,2,1,data,ok,17,17,16.7,266.9
mpg,15.0,10,ack-1f,w,2,2,0,ctl,ok,0,0,11.9,266.9
mpg,15.0,10,w48-16qam-r1/2,w48,19,1,0,data,ok,18,18,15.2,266.9
mpg,15.0,10,ack-1f,w,2,2,0,ctl,ok,0,0,12.1,266.9
mpg,15.0,10,w48-16qam-r1/2,w48,19,1,0,data,ok,18,18,15.1,266.9
mpg,15.0,10,ack-1f,w,2,2,0,ctl,ok,0,0,19.2,266.9
mpg,15.0,10,w48-16qam-r1/2,w48,19,1,0,data,ok,18,18,15.5,266.9
mpg,15.0,10,ack-1f,w,2,2,0,ctl,ok,0,0,22.9,266.9
mpg,15.0,10,w48-16qam-r1/2,w48,19,1,0,data,ok,18,18,17.2,266.9
mpg,15.0,10,ack-1f,w,3,3,0,ctl,ok,0,0,18.1,266.9
mpg,15.0,10,w48-16qam-r2/3,w48,19,2,1,data,ok,17,3,13.7,266.9
mpg,15.0,10,ack-1f,w,3,3,0,ctl,ok,0,0,17.6,266.9
mpg,15.0,10,w48-16qam-r1/2,w48,19,1,0,data,ok,18,18,13.5,266.9
mpg,15.0,10,ack-1f,w,2,2,0,ctl,ok,0,0,11.4,266.9
mpg,15.0,10,w48-16qam-r1/2,w48,19,1,0,data,ok,18,18,14.7,266.9
mpg,15.0,10,ack-1f,w,3,3,0,ctl,ok,0,0,11.9,266.9
mpg,15.0,10,w48-16qam-r1/2,w48,19,2,1,data,ok,17,17,17.8,266.9
mpg,15.0,10,ack-1f,w,2,2,0,ctl,ok,0,0,19.6,266.9
mpg,15.0,10,w48-16qam-r1/2,w48,19,1,0,data,ok,18,18,16.5,266.9
mpg,15.0,10,ack-1f,w,3,3,0,ctl,ok,0,0,19.0,266.9
mpg,15.0,10,w48-16qam-r2/3,w48,19,2,1,data,ok,17,17,15.3,266.9
mpg,15.0,10,ack-1f,w,2,2,0,ctl,ok,0,0,17.3,266.9
mpg,15.0,10,w48-16qam-r1/2,w48,19,1,0,data,ok,18,18,18.4,266.9
mpg,15.0,10,ack-1f,w,3,3,0,ctl,ok,0,0,16.9,266.9
mpg,15.0,10,w48-16qam-r2/3,w48,19,2,1,data,ok,17,17,17.1,266.9
mpg,15.0,10,ack-1f,w,3,3,0,ctl,ok,0,0,18.4,266.9
mpg,15.0,10,w48-16qam-r2/3,w48,19,2,1,data,ok,17,17,16.9,266.9
mpg,15.0,10,ack-1f,w,3,3,0,ctl,ok,0,0,22.3,266.9
mpg,15.0,10,w48-16qam-r2/3,w48,19,2,1,data,ok,17,16,14.9,266.9
mpg,15.0,10,ack-1f,w,3,3,0,ctl,ok,0,0,13.2,266.9
mpg,15.0,10,w48-16qam-r1/2,w48,19,1,0,data,ok,18,12,9.9,266.9
mpg,15.0,10,ack-1f,w,4,4,0,ctl,ok,0,0,16.7,266.9
mpg,15.0,10,w48-16qam-r1/2,w48,19,2,1,data,ok,11,11,17.7,266.9
mpg,15.0,10,ack-1f,w,2,2,0,ctl,ok,0,0,14.9,266.9
mpg,15.0,10,w48-16qam-r1/2,w48,19,1,0,data,ok,18,18,16.4,266.9
mpg,15.0,10,ack-1f,w,3,3,0,ctl,ok,0,0,19.4,266.9
mpg,15.0,10,w48-16qam-r2/3,w48,19,2,1,data,ok,17,0,13.1,266.9
mpg,15.0,10,ack-1f,w,2,2,0,ctl,ok,0,0,13.2,266.9
mpg,15.0,10,w48-16qam-r1/2,w48,19,1,0,data,ok,18,18,15.9,266.9
mpg,15.0,10,ack-1f,w,2,2,0,ctl,ok,0,0,21.0,266.9
mpg,15.0,10,w48-16qam-r1/2,w48,19,1,0,data,ok,18,18,17.0,266.9
mpg,15.0,10,ack-1f,w,2,2,0,ctl,ok,0,0,13.0,266.9
mpg,15.0,10,w48-16qam-r2/3,w48,19,1,0,data,ctl_lost,18,0,12.9,266.9
mpg,15.0,10,ack-4f,w,3,3,0,ctl,ok,0,0,19.3,266.9
mpg,15.0,10,ack-4f,w,2,2,0,ctl,ok,0,0,17.5,266.9
mpg,15.0,10,w48-16qam-r1/2,w48,19,1,0,data,ok,18,18,11.6,266.9
mpg,15.0,10,ack-1f,w,2,2,0,ctl,ok,0,0,13.2,266.9
mpg,15.0,10,w48-16qam-r1/2,w48,19,1,0,data,ok,18,18,15.4,266.9
mpg,15.0,10,ack-1f,w,2,2,0,ctl,ok,0,0,18.5,266.9
mpg,15.0,10,w48-16qam-r1/2,w48,19,1,0,data,ok,18,18,16.0,266.9
mpg,15.0,10,ack-1f,w,2,2,0,ctl,ok,0,0,16.0,266.9
mpg,15.0,10,w48-16qam-r1/2,w48,19,1,0,data,ok,18,18,16.4,266.9
mpg,15.0,10,ack-1f,w,2,2,0,ctl,ok,0,0,15.7,266.9
mpg,15.0,10,w48-16qam-r1/2,w48,19,1,0,data,ok,18,18,16.4,266.9
mpg,15.0,10,ack-1f,w,2,2,0,ctl,ok,0,0,12.5,266.9
mpg,15.0,10,w48-16qam-r1/2,w48,19,1,0,data,ok,18,18,16.7,266.9
mpg,15.0,10,ack-1f,w,2,2,0,ctl,ok,0,0,14.7,266.9
mpg,15.0,10,w48-16qam-r1/2,w48,19,1,0,data,ok,18,18,15.6,266.9
mpg,15.0,8,qpsk-r1/5,w,1,1,0,ctl,ok,0,0,18.2,281.8
mpg,15.0,8,qpsk-r1/5,w,1,1,0,ctl,ok,0,0,17.2,281.8
mpg,15.0,8,ack-4f,w,3,3,0,ctl,ok,0,0,13.8,281.8
mpg,15.0,8,ack-1f,w,3,3,0,ctl,ok,0,0,20.2,281.8
mpg,15.0,8,w48-16qam-r2/3,w48,19,2,1,data,ok,17,16,15.1,281.8
mpg,15.0,8,ack-1f,w,3,3,0,ctl,ok,0,0,10.9,281.8
mpg,15.0,8,w48-16qam-r2/3,w48,19,2,1,data,ok,16,16,13.7,281.8
mpg,15.0,8,ack-1f,w,3,3,0,ctl,ok,0,0,11.9,281.8
mpg,15.0,8,w48-16qam-r2/3,w48,19,2,1,data,ok,17,17,15.8,281.8
mpg,15.0,8,ack-1f,w,3,3,0,ctl,ok,0,0,22.0,281.8
mpg,15.0,8,w48-16qam-r2/3,w48,19,2,1,data,ok,17,17,19.9,281.8
mpg,15.0,8,ack-1f,w,3,3,0,ctl,ok,0,0,16.1,281.8
mpg,15.0,8,w48-64l-r7/12,w48,39,2,1,data,ok,37,37,16.3,281.8
mpg,15.0,8,ack-1f,w,2,2,0,ctl,ok,0,0,19.3,281.8
mpg,15.0,8,w48-64l-r7/12,w48,39,1,0,data,ok,38,38,15.1,281.8
mpg,15.0,8,ack-1f,w,2,2,0,ctl,ok,0,0,14.2,281.8
mpg,15.0,8,w48-64l-r7/12,w48,39,1,0,data,ctl_lost,38,0,10.1,281.8
mpg,15.0,8,ack-4f,w,3,3,0,ctl,ok,0,0,19.2,281.8
mpg,15.0,8,ack-4f,w,3,3,0,ctl,ok,0,0,18.7,281.8
mpg,15.0,8,w48-16qam-r2/3,w48,19,2,1,data,ok,17,17,14.1,281.8
mpg,15.0,8,ack-1f,w,2,2,0,ctl,ok,0,0,18.7,281.8
mpg,15.0,8,w48-16qam-r2/3,w48,19,1,0,data,ok,18,18,17.5,281.8
mpg,15.0,8,ack-1f,w,3,3,0,ctl,ok,0,0,16.5,281.8
mpg,15.0,8,w48-16qam-r2/3,w48,19,2,1,data,ok,17,0,13.6,281.8
mpg,15.0,8,ack-1f,w,3,3,0,ctl,ok,0,0,17.6,281.8
mpg,15.0,8,w48-16qam-r2/3,w48,19,2,1,data,ok,0,0,16.2,281.8
mpg,15.0,8,ack-1f,w,2,2,0,ctl,ok,0,0,17.4,281.8
mpg,15.0,8,w48-16qam-r2/3,w48,19,1,0,data,ok,18,18,17.7,281.8
mpg,15.0,8,ack-1f,w,2,2,0,ctl,ok,0,0,20.8,281.8
mpg,15.0,8,w48-16qam-r2/3,w48,19,1,0,data,ok,18,18,19.8,281.8
mpg,15.0,8,ack-1f,w,3,3,0,ctl,ok,0,0,15.5,281.8
mpg,15.0,8,w48-64l-r7/12,w48,39,2,1,data,ok,37,13,13.3,281.8
mpg,15.0,8,ack-1f,w,4,4,0,ctl,ok,0,0,17.2,281.8
mpg,15.0,8,w48-16qam-r2/3,w48,19,1,0,data,ctl_lost,18,1,15.1,281.8
mpg,15.0,8,ack-4f,w,4,4,0,ctl,ok,0,0,11.3,281.8
mpg,15.0,8,ack-4f,w,3,3,0,ctl,ok,0,0,5.8,281.8
mpg,15.0,8,w48-16qam-r2/3,w48,19,2,1,data,ok,17,17,17.4,281.8
mpg,15.0,8,ack-1f,w,2,2,0,ctl,ok,0,0,17.8,281.8
mpg,15.0,8,w48-16qam-r2/3,w48,19,1,0,data,ok,18,18,18.8,281.8
mpg,15.0,8,ack-1f,w,3,3,0,ctl,ok,0,0,15.7,281.8
mpg,15.0,8,w48-64l-r1/2,w48,39,2,1,data,ok,37,28,15.6,281.8
mpg,15.0,8,ack-1f,w,4,4,0,ctl,ok,0,0,22.2,281.8
mpg,15.0,8,w48-64l-r1/2,w48,38,2,1,data,ok,27,27,13.6,281.8
mpg,15.0,8,ack-1f,w,2,2,0,ctl,ok,0,0,18.9,281.8
mpg,15.0,8,w48-16qam-r2/3,w48,19,1,0,data,ok,18,18,18.0,281.8
mpg,15.0,8,ack-1f,w,3,3,0,ctl,ok,0,0,20.4,281.8
mpg,15.0,8,w48-64l-r1/2,w48,39,2,1,data,ok,37,37,15.9,281.8
mpg,15.0,8,ack-1f,w,2,2,0,ctl,ok,0,0,18.3,281.8
mpg,15.0,8,w48-64l-r1/2,w48,39,1,0,data,ctl_lost,38,18,12.7,281.8
mpg,15.0,8,ack-4f,w,3,3,0,ctl,ok,0,0,18.2,281.8
mpg,15.0,8,ack-4f,w,2,2,0,ctl,ok,0,0,14.2,281.8
mpg,15.0,8,w48-16qam-r2/3,w48,19,1,0,data,ok,18,18,17.5,281.8
mpg,15.0,8,ack-1f,w,2,2,0,ctl,ok,0,0,17.8,281.8
mpg,15.0,8,w48-16qam-r2/3,w48,19,1,0,data,ctl_lost,18,0,12.5,281.8
mpg,15.0,8,ack-4f,w,2,2,0,ctl,ok,0,0,16.2,281.8
mpg,15.0,8,ack-4f,w,3,3,0,ctl,ok,0,0,13.2,281.8
mpg,15.0,8,w48-16qam-r1/2,w48,19,2,1,data,ok,17,17,16.6,281.8
mpg,15.0,8,ack-1f,w,3,3,0,ctl,ok,0,0,10.0,281.8
mpg,15.0,8,w48-16qam-r2/3,w48,19,2,1,data,ok,17,17,15.9,281.8
mpg,15.0,8,ack-1f,w,3,3,0,ctl,ok,0,0,16.8,281.8
mpg,15.0,8,w48-16qam-r2/3,w48,19,2,1,data,ok,17,0,14.1,281.8
mpg,15.0,8,ack-1f,w,3,3,0,ctl,ok,0,0,19.7,281.8
mpg,15.0,8,w48-16qam-r1/2,w48,19,2,1,data,ok,17,17,13.8,281.8
mpg,15.0,8,ack-1f,w,3,3,0,ctl,ok,0,0,14.3,281.8
mpg,15.0,8,w48-16qam-r1/2,w48,19,2,1,data,ok,17,17,16.9,281.8
mpg,15.0,8,ack-1f,w,2,2,0,ctl,ok,0,0,18.4,281.8
mpg,15.0,8,w48-16qam-r1/2,w48,19,1,0,data,ok,18,18,16.1,281.8
mpg,15.0,8,ack-1f,w,2,2,0,ctl,ok,0,0,22.0,281.8
mpg,15.0,8,w48-16qam-r2/3,w48,19,1,0,data,ok,18,18,15.2,281.8
mpg,15.0,8,ack-1f,w,2,2,0,ctl,ok,0,0,20.6,281.8
mpg,15.0,8,w48-16qam-r2/3,w48,19,1,0,data,ctl_lost,18,0,13.8,281.8
mpg,15.0,8,ack-4f,w,3,3,0,ctl,ok,0,0,9.7,281.8
mpg,15.0,8,ack-4f,w,3,3,0,ctl,ok,0,0,14.3,281.8
mpg,15.0,8,w48-16qam-r1/2,w48,19,2,1,data,ok,17,17,14.2,281.8
mpg,15.0,8,ack-1f,w,3,3,0,ctl,ok,0,0,18.5,281.8
mpg,15.0,8,w48-16qam-r1/2,w48,19,2,1,data,ok,17,17,17.6,281.8
mpg,15.0,8,ack-1f,w,2,2,0,ctl,ok,0,0,14.4,281.8
mpg,15.0,8,w48-16qam-r1/2,w48,19,1,0,data,ok,18,18,16.5,281.8
mpg,15.0,8,ack-1f,w,3,3,0,ctl,ok,0,0,15.5,281.8
mpg,15.0,8,w48-16qam-r2/3,w48,19,2,1,data,ok,17,0,13.9,281.8
mpg,15.0,8,ack-1f,w,2,2,0,ctl,ok,0,0,14.0,281.8
mpg,15.0,8,w48-16qam-r1/2,w48,19,1,0,data,ok,18,18,12.7,281.8
mpg,15.0,8,ack-1f,w,2,2,0,ctl,ok,0,0,15.5,281.8
mpg,15.0,8,w48-16qam-r1/2,w48,19,1,0,data,ok,18,18,16.4,281.8
mpg,15.0,8,ack-1f,w,2,2,0,ctl,ok,0,0,11.8,281.8
mpg,15.0,8,w48-16qam-r1/2,w48,19,1,0,data,ok,18,18,16.9,281.8
mpg,15.0,8,ack-1f,w,2,2,0,ctl,ok,0,0,19.3,281.8
mpg,15.0,8,w48-16qam-r1/2,w48,19,1,0,data,ok,18,18,16.0,281.8
mpg,15.0,8,ack-1f,w,2,2,0,ctl,ok,0,0,10.1,281.8
mpg,15.0,8,w48-16qam-r1/2,w48,19,1,0,data,ok,18,18,16.5,281.8
mpg,15.0,8,ack-1f,w,2,2,0,ctl,ok,0,0,10.0,281.8
mpg,15.0,8,w48-16qam-r1/2,w48,19,1,0,data,ok,18,18,17.5,281.8
mpg,15.0,8,ack-1f,w,2,2,0,ctl,ok,0,0,21.4,281.8
mpg,15.0,8,w48-16qam-r1/2,w48,19,1,0,data,ok,18,18,17.0,281.8
mpd,20.0,11,qpsk-r1/5,w,1,1,0,ctl,ok,0,0,19.4,290.7
mpd,20.0,11,qpsk-r1/5,w,1,1,0,ctl,ok,0,0,18.6,290.7
mpd,20.0,11,ack-4f,w,2,2,0,ctl,ok,0,0,17.6,290.7
mpd,20.0,11,ack-1f,w,2,2,0,ctl,ok,0,0,19.4,290.7
mpd,20.0,11,w48-16qam-r1/2,w48,19,1,0,data,ok,18,18,15.2,290.7
mpd,20.0,11,ack-1f,w,3,3,0,ctl,ok,0,0,17.3,290.7
mpd,20.0,11,w48-16qam-r1/2,w48,19,2,1,data,ok,17,17,17.7,290.7
mpd,20.0,11,ack-1f,w,2,2,0,ctl,ok,0,0,19.5,290.7
mpd,20.0,11,w48-16qam-r1/2,w48,19,1,0,data,ok,18,17,12.4,290.7
mpd,20.0,11,ack-1f,w,3,3,0,ctl,ok,0,0,18.8,290.7
mpd,20.0,11,w48-16qam-r1/2,w48,19,1,0,data,ok,17,17,18.4,290.7
mpd,20.0,11,ack-1f,w,2,2,0,ctl,ok,0,0,21.9,290.7
mpd,20.0,11,w48-16qam-r1/2,w48,19,1,0,data,ok,18,18,13.5,290.7
mpd,20.0,11,ack-1f,w,2,2,0,ctl,ok,0,0,19.3,290.7
mpd,20.0,11,w48-16qam-r1/2,w48,19,1,0,data,ok,18,18,15.9,290.7
mpd,20.0,11,ack-1f,w,2,2,0,ctl,ok,0,0,19.1,290.7
mpd,20.0,11,w48-16qam-r1/2,w48,19,1,0,data,ok,18,18,13.1,290.7
mpd,20.0,11,ack-1f,w,2,2,0,ctl,ok,0,0,19.3,290.7
mpd,20.0,11,w48-16qam-r1/2,w48,19,1,0,data,ctl_lost,18,12,12.3,290.7
mpd,20.0,11,ack-4f,w,3,3,0,ctl,ok,0,0,19.4,290.7
mpd,20.0,11,ack-4f,w,3,3,0,ctl,ok,0,0,19.5,290.7
mpd,20.0,11,w48-16qam-r1/2,w48,19,2,1,data,ok,17,17,12.9,290.7
mpd,20.0,11,ack-1f,w,3,3,0,ctl,ok,0,0,20.6,290.7
mpd,20.0,11,w48-16qam-r1/2,w48,19,2,1,data,ok,17,17,18.5,290.7
mpd,20.0,11,ack-1f,w,2,2,0,ctl,ok,0,0,20.6,290.7
mpd,20.0,11,w48-16qam-r1/2,w48,19,1,0,data,ok,18,18,19.2,290.7
mpd,20.0,11,ack-1f,w,3,3,0,ctl,ok,0,0,16.5,290.7
mpd,20.0,11,w48-16qam-r2/3,w48,19,2,1,data,ok,17,17,18.4,290.7
mpd,20.0,11,ack-1f,w,3,3,0,ctl,ok,0,0,19.2,290.7
mpd,20.0,11,w48-16qam-r2/3,w48,19,2,1,data,ok,17,17,16.1,290.7
mpd,20.0,11,ack-1f,w,3,3,0,ctl,ok,0,0,17.4,290.7
mpd,20.0,11,w48-16qam-r2/3,w48,19,2,1,data,ok,17,17,17.4,290.7
mpd,20.0,11,ack-1f,w,3,3,0,ctl,ok,0,0,20.4,290.7
mpd,20.0,11,w48-16qam-r2/3,w48,19,2,1,data,ok,17,17,19.3,290.7
mpd,20.0,11,ack-1f,w,3,3,0,ctl,ok,0,0,19.3,290.7
mpd,20.0,11,w48-16qam-r2/3,w48,19,2,1,data,ok,17,17,16.0,290.7
mpd,20.0,11,ack-1f,w,3,3,0,ctl,ok,0,0,19.6,290.7
mpd,20.0,11,w48-16qam-r2/3,w48,19,2,1,data,ok,17,11,14.2,290.7
mpd,20.0,11,ack-1f,w,4,4,0,ctl,ok,0,0,20.5,290.7
mpd,20.0,11,w48-16qam-r2/3,w48,19,2,1,data,ok,11,11,17.2,290.7
mpd,20.0,11,ack-1f,w,3,3,0,ctl,ok,0,0,19.2,290.7
mpd,20.0,11,w48-16qam-r2/3,w48,19,2,1,data,ok,17,0,13.3,290.7
mpd,20.0,11,ack-1f,w,3,3,0,ctl,ok,0,0,17.8,290.7
mpd,20.0,11,w48-16qam-r2/3,w48,19,2,1,data,ok,0,0,18.8,290.7
mpd,20.0,11,ack-1f,w,3,3,0,ctl,ok,0,0,19.2,290.7
mpd,20.0,11,w48-16qam-r2/3,w48,19,2,1,data,ok,17,17,18.7,290.7
mpd,20.0,11,ack-1f,w,2,2,0,ctl,ok,0,0,20.0,290.7
mpd,20.0,11,w48-16qam-r2/3,w48,19,1,0,data,ok,18,16,15.9,290.7
mpd,20.0,11,ack-1f,w,3,3,0,ctl,ok,0,0,20.1,290.7
mpd,20.0,11,w48-16qam-r2/3,w48,19,1,0,data,ok,16,16,17.8,290.7
mpd,20.0,11,ack-1f,w,2,2,0,ctl,ok,0,0,22.5,290.7
mpd,20.0,11,w48-16qam-r2/3,w48,19,1,0,data,ok,18,18,14.6,290.7
mpd,20.0,11,ack-1f,w,2,2,0,ctl,ok,0,0,22.4,290.7
mpd,20.0,11,w48-16qam-r2/3,w48,19,1,0,data,ok,18,18,18.5,290.7
mpd,20.0,11,ack-1f,w,2,2,0,ctl,ok,0,0,20.7,290.7
mpd,20.0,11,w48-16qam-r2/3,w48,19,1,0,data,ok,18,18,18.1,290.7
mpd,20.0,11,ack-1f,w,2,2,0,ctl,ok,0,0,19.7,290.7
mpd,20.0,11,w48-16qam-r2/3,w48,19,1,0,data,ok,18,18,17.2,290.7
mpd,20.0,11,ack-1f,w,2,2,0,ctl,ok,0,0,20.1,290.7
mpd,20.0,11,w48-16qam-r2/3,w48,19,1,0,data,ctl_lost,18,0,12.5,290.7
mpd,20.0,11,ack-4f,w,2,2,0,ctl,ok,0,0,16.8,290.7
mpd,20.0,11,ack-4f,w,3,3,0,ctl,ok,0,0,18.7,290.7
mpd,20.0,11,w48-16qam-r1/2,w48,19,2,1,data,ok,17,17,14.1,290.7
mpd,20.0,11,ack-1f,w,3,3,0,ctl,ok,0,0,20.9,290.7
mpd,20.0,11,w48-16qam-r1/2,w48,19,2,1,data,ok,17,17,16.9,290.7
mpd,20.0,11,ack-1f,w,2,2,0,ctl,ok,0,0,21.4,290.7
mpd,20.0,11,w48-16qam-r1/2,w48,19,1,0,data,ok,18,18,15.7,290.7
mpd,20.0,11,ack-1f,w,3,3,0,ctl,ok,0,0,13.2,290.7
mpd,20.0,11,w48-16qam-r2/3,w48,19,2,1,data,ok,17,0,13.9,290.7
mpd,20.0,11,ack-1f,w,2,2,0,ctl,ok,0,0,18.7,290.7
mpd,20.0,11,w48-16qam-r1/2,w48,19,1,0,data,ok,18,18,12.7,290.7
mpd,20.0,11,ack-1f,w,3,3,0,ctl,ok,0,0,20.2,290.7
mpd,20.0,11,w48-16qam-r1/2,w48,19,2,1,data,ok,17,17,19.1,290.7
mpd,20.0,11,ack-1f,w,2,2,0,ctl,ok,0,0,20.3,290.7
mpd,20.0,11,w48-16qam-r1/2,w48,19,1,0,data,ok,18,18,13.1,290.7
mpd,20.0,11,ack-1f,w,2,2,0,ctl,ok,0,0,21.3,290.7
mpd,20.0,11,w48-16qam-r1/2,w48,19,1,0,data,ok,18,18,13.1,290.7
mpd,20.0,11,ack-1f,w,3,3,0,ctl,ok,0,0,21.2,290.7
mpd,20.0,11,w48-16qam-r1/2,w48,19,2,1,data,ok,17,17,13.3,290.7
mpd,20.0,11,ack-1f,w,3,3,0,ctl,ok,0,0,21.6,290.7
mpd,20.0,11,w48-16qam-r1/2,w48,19,2,1,data,ok,17,17,13.0,290.7
mpd,20.0,11,ack-1f,w,3,3,0,ctl,ok,0,0,20.3,290.7
mpd,20.0,11,w48-16qam-r1/2,w48,19,2,1,data,ok,17,17,18.6,290.7
mpd,20.0,11,ack-1f,w,2,2,0,ctl,ok,0,0,9.7,290.7
mpd,20.0,11,w48-16qam-r1/2,w48,19,1,0,data,ok,18,18,12.5,290.7
mpd,20.0,11,ack-1f,w,2,2,0,ctl,ok,0,0,19.4,290.7
mpd,20.0,11,w48-16qam-r1/2,w48,19,1,0,data,ok,18,18,15.5,290.7
mpd,20.0,11,ack-1f,w,2,2,0,ctl,ok,0,0,20.3,290.7
mpd,20.0,11,w48-16qam-r1/2,w48,19,1,0,data,ok,18,18,17.9,290.7
mpd,20.0,11,ack-1f,w,3,3,0,ctl,ok,0,0,18.7,290.7
mpd,20.0,11,w48-16qam-r2/3,w48,19,2,1,data,ok,17,0,13.3,290.7
mpd,20.0,11,ack-1f,w,2,2,0,ctl,ok,0,0,18.8,290.7
mpd,20.0,11,w48-16qam-r1/2,w48,19,1,0,data,ok,18,18,12.7,290.7
mpg,15.0,7,qpsk-r1/5,w,1,1,0,ctl,ok,0,0,17.8,340.9
mpg,15.0,7,qpsk-r1/5,w,1,1,0,ctl,ok,0,0,17.9,340.9
mpg,15.0,7,ack-4f,w,3,3,0,ctl,ok,0,0,21.0,340.9
mpg,15.0,7,ack-1f,w,3,3,0,ctl,ok,0,0,21.7,340.9
mpg,15.0,7,w48-64l-r7/12,w48,39,2,1,data,ok,37,0,12.7,340.9
mpg,15.0,7,ack-1f,w,3,3,0,ctl,ok,0,0,18.9,340.9
mpg,15.0,7,w48-16qam-r2/3,w48,19,2,1,data,ok,17,17,17.9,340.9
mpg,15.0,7,ack-1f,w,3,3,0,ctl,ok,0,0,15.6,340.9
mpg,15.0,7,w48-16qam-r2/3,w48,19,2,1,data,ok,17,15,14.1,340.9
mpg,15.0,7,ack-1f,w,4,4,0,ctl,ok,0,0,15.9,340.9
mpg,15.0,7,w48-16qam-r2/3,w48,19,2,1,data,ok,15,15,19.3,340.9
mpg,15.0,7,ack-1f,w,2,2,0,ctl,ok,0,0,22.0,340.9
mpg,15.0,7,w48-16qam-r2/3,w48,19,1,0,data,ok,18,18,18.2,340.9
mpg,15.0,7,ack-1f,w,2,2,0,ctl,ok,0,0,15.5,340.9
mpg,15.0,7,w48-16qam-r2/3,w48,19,1,0,data,ok,18,18,15.8,340.9
mpg,15.0,7,ack-1f,w,3,3,0,ctl,ok,0,0,14.9,340.9
mpg,15.0,7,w48-16qam-r2/3,w48,19,2,1,data,ok,17,17,14.9,340.9
mpg,15.0,7,ack-1f,w,2,2,0,ctl,ok,0,0,18.8,340.9
mpg,15.0,7,w48-16qam-r2/3,w48,19,1,0,data,ok,18,0,14.2,340.9
mpg,15.0,7,ack-1f,w,3,3,0,ctl,ok,0,0,19.7,340.9
mpg,15.0,7,w48-16qam-r2/3,w48,19,2,1,data,ok,0,0,16.6,340.9
mpg,15.0,7,ack-1f,w,3,3,0,ctl,ok,0,0,21.8,340.9
mpg,15.0,7,w48-16qam-r2/3,w48,19,2,1,data,ok,16,16,17.6,340.9
mpg,15.0,7,ack-1f,w,3,3,0,ctl,ok,0,0,18.6,340.9
mpg,15.0,7,w48-64l-r1/2,w48,39,2,1,data,ok,37,34,13.7,340.9
mpg,15.0,7,ack-1f,w,4,4,0,ctl,ok,0,0,20.0,340.9
mpg,15.0,7,w48-64l-r1/2,w48,39,2,1,data,ok,34,34,12.7,340.9
mpg,15.0,7,ack-1f,w,2,2,0,ctl,ok,0,0,19.1,340.9
mpg,15.0,7,w48-16qam-r2/3,w48,19,1,0,data,ok,18,15,13.7,340.9
mpg,15.0,7,ack-1f,w,3,3,0,ctl,ok,0,0,12.4,340.9
mpg,15.0,7,w48-16qam-r2/3,w48,19,1,0,data,ok,15,15,17.8,340.9
mpg,15.0,7,ack-1f,w,3,3,0,ctl,ok,0,0,12.4,340.9
mpg,15.0,7,w48-16qam-r2/3,w48,19,2,1,data,ok,17,17,15.4,340.9
mpg,15.0,7,ack-1f,w,2,2,0,ctl,ok,0,0,15.7,340.9
mpg,15.0,7,w48-16qam-r2/3,w48,19,1,0,data,ok,18,18,14.2,340.9
mpg,15.0,7,ack-1f,w,2,2,0,ctl,ok,0,0,16.1,340.9
mpg,15.0,7,w48-16qam-r2/3,w48,19,1,0,data,ctl_lost,18,0,13.0,340.9
mpg,15.0,7,ack-4f,w,3,3,0,ctl,ok,0,0,20.4,340.9
mpg,15.0,7,ack-4f,w,3,3,0,ctl,ok,0,0,20.1,340.9
mpg,15.0,7,w48-64l-r1/2,w48,39,2,1,data,ok,37,37,14.1,340.9
mpg,15.0,7,ack-1f,w,3,3,0,ctl,ok,0,0,17.7,340.9
mpg,15.0,7,w48-64l-r1/2,w48,39,2,1,data,ok,37,37,15.6,340.9
mpg,15.0,7,ack-1f,w,3,3,0,ctl,ok,0,0,17.4,340.9
mpg,15.0,7,w48-64l-r1/2,w48,39,2,1,data,ok,37,37,15.2,340.9
mpg,15.0,7,ack-1f,w,3,3,0,ctl,ok,0,0,15.0,340.9
mpg,15.0,7,w48-64l-r1/2,w48,39,2,1,data,ok,37,27,12.8,340.9
mpg,15.0,7,ack-1f,w,4,4,0,ctl,ok,0,0,17.8,340.9
mpg,15.0,7,w48-64l-r1/2,w48,39,2,1,data,ok,27,15,12.4,340.9
mpg,15.0,7,ack-1f,w,4,4,0,ctl,ok,0,0,13.9,340.9
mpg,15.0,7,w48-64l-r1/2,w48,39,2,1,data,ok,25,0,8.6,340.9
mpg,15.0,7,ack-1f,w,2,2,0,ctl,ok,0,0,14.2,340.9
mpg,15.0,7,w48-16qam-r1/3,w48,19,1,0,data,ok,18,18,18.8,340.9
mpg,15.0,7,ack-1f,w,3,3,0,ctl,ok,0,0,19.5,340.9
mpg,15.0,7,w48-64l-r1/2,w48,39,2,1,data,ok,37,0,10.9,340.9
mpg,15.0,7,ack-1f,w,3,3,0,ctl,ok,0,0,15.8,340.9
mpg,15.0,7,w48-16qam-r2/3,w48,19,2,1,data,ok,17,17,17.8,340.9
mpg,15.0,7,ack-1f,w,3,3,0,ctl,ok,0,0,16.5,340.9
mpg,15.0,7,w48-16qam-r2/3,w48,19,2,1,data,ok,17,17,15.5,340.9
mpg,15.0,7,ack-1f,w,2,2,0,ctl,ok,0,0,19.5,340.9
mpg,15.0,7,w48-16qam-r2/3,w48,19,1,0,data,ok,18,18,16.7,340.9
mpg,15.0,7,ack-1f,w,2,2,0,ctl,ok,0,0,17.3,340.9
mpg,15.0,7,w48-16qam-r2/3,w48,19,1,0,data,ok,18,18,18.7,340.9
mpg,15.0,7,ack-1f,w,2,2,0,ctl,ok,0,0,17.9,340.9
mpg,15.0,7,w48-64l-r1/2,w48,39,1,0,data,ok,38,9,13.2,340.9
mpg,15.0,7,ack-1f,w,4,4,0,ctl,ok,0,0,17.4,340.9
mpg,15.0,7,w48-16qam-r2/3,w48,19,1,0,data,ok,18,18,16.0,340.9
mpg,15.0,7,ack-1f,w,2,2,0,ctl,ok,0,0,12.1,340.9
mpg,15.0,7,w48-16qam-r2/3,w48,19,1,0,data,ok,18,18,14.0,340.9
mpg,15.0,7,ack-1f,w,2,2,0,ctl,ok,0,0,19.3,340.9
mpg,15.0,7,w48-16qam-r2/3,w48,19,1,0,data,ok,18,18,13.9,340.9
mpg,15.0,7,ack-1f,w,2,2,0,ctl,ok,0,0,20.7,340.9
mpg,15.0,7,w48-16qam-r2/3,w48,19,1,0,data,ok,18,14,15.1,340.9
mpg,15.0,7,ack-1f,w,3,3,0,ctl,ok,0,0,19.1,340.9
mpg,15.0,7,w48-16qam-r2/3,w48,19,1,0,data,ok,14,14,17.1,340.9
mpg,15.0,7,ack-1f,w,2,2,0,ctl,ok,0,0,16.2,340.9
mpg,15.0,7,w48-16qam-r2/3,w48,19,1,0,data,ok,18,18,16.6,340.9
mpg,15.0,7,ack-1f,w,2,2,0,ctl,ok,0,0,13.3,340.9
mpg,15.0,7,w48-16qam-r2/3,w48,19,1,0,data,ok,18,18,16.9,340.9
mpg,15.0,7,ack-1f,w,2,2,0,ctl,ok,0,0,17.8,340.9
mpg,15.0,7,w48-16qam-r2/3,w48,19,1,0,data,ok,18,18,17.1,340.9
mpg,15.0,7,ack-1f,w,2,2,0,ctl,ok,0,0,11.6,340.9
mpg,15.0,7,w48-16qam-r2/3,w48,19,1,0,data,ok,18,18,18.9,340.9
mpg,15.0,7,ack-1f,w,2,2,0,ctl,ok,0,0,21.2,340.9
mpg,15.0,7,w48-16qam-r2/3,w48,19,1,0,data,ok,18,18,17.4,340.9
mpg,15.0,7,ack-1f,w,2,2,0,ctl,ok,0,0,18.7,340.9
mpg,15.0,7,w48-16qam-r2/3,w48,19,1,0,data,ok,18,18,13.8,340.9
mpg,15.0,7,ack-1f,w,2,2,0,ctl,ok,0,0,14.1,340.9
mpg,15.0,7,w48-16qam-r2/3,w48,19,1,0,data,ok,18,18,15.5,340.9
mpg,15.0,7,ack-1f,w,2,2,0,ctl,ok,0,0,19.9,340.9
mpg,15.0,7,w48-16qam-r2/3,w48,19,1,0,data,ok,18,18,15.4,340.9
mpg,15.0,7,ack-1f,w,2,2,0,ctl,ok,0,0,20.2,340.9
mpg,15.0,7,w48-16qam-r2/3,w48,19,1,0,data,ok,18,18,18.8,340.9
mpg,15.0,9,qpsk-r1/5,w,1,1,0,ctl,ok,0,0,20.9,268.6
mpg,15.0,9,qpsk-r1/5,w,1,1,0,ctl,ok,0,0,21.5,268.6
mpg,15.0,9,ack-4f,w,3,3,0,ctl,ok,0,0,18.9,268.6
mpg,15.0,9,ack-1f,w,3,3,0,ctl,ok,0,0,14.0,268.6
mpg,15.0,9,w48-64l-r7/12,w48,39,2,1,data,ok,37,0,11.4,268.6
mpg,15.0,9,ack-1f,w,3,3,0,ctl,ok,0,0,14.2,268.6
mpg,15.0,9,w48-16qam-r2/3,w48,19,2,1,data,ok,17,12,14.2,268.6
mpg,15.0,9,ack-1f,w,4,4,0,ctl,ok,0,0,16.3,268.6
mpg,15.0,9,w48-16qam-r2/3,w48,19,2,1,data,ok,12,12,16.8,268.6
mpg,15.0,9,ack-1f,w,3,3,0,ctl,ok,0,0,18.0,268.6
mpg,15.0,9,w48-16qam-r2/3,w48,19,2,1,data,ok,17,17,15.8,268.6
mpg,15.0,9,ack-1f,w,2,2,0,ctl,ok,0,0,14.7,268.6
mpg,15.0,9,w48-16qam-r2/3,w48,19,1,0,data,ok,18,18,16.3,268.6
mpg,15.0,9,ack-1f,w,2,2,0,ctl,ok,0,0,20.1,268.6
mpg,15.0,9,w48-16qam-r2/3,w48,19,1,0,data,ctl_lost,18,0,10.9,268.6
mpg,15.0,9,ack-4f,w,3,3,0,ctl,ok,0,0,14.8,268.6
mpg,15.0,9,ack-4f,w,3,3,0,ctl,ok,0,0,21.2,268.6
mpg,15.0,9,w48-16qam-r1/2,w48,19,2,1,data,ok,17,17,17.5,268.6
mpg,15.0,9,ack-1f,w,3,3,0,ctl,ok,0,0,19.7,268.6
mpg,15.0,9,w48-16qam-r2/3,w48,19,2,1,data,ok,17,17,17.4,268.6
mpg,15.0,9,ack-1f,w,3,3,0,ctl,ok,0,0,15.5,268.6
mpg,15.0,9,w48-64l-r1/2,w48,39,2,1,data,ok,37,30,12.8,268.6
mpg,15.0,9,ack-1f,w,4,4,0,ctl,ok,0,0,18.6,268.6
mpg,15.0,9,w48-64l-r1/2,w48,39,2,1,data,ok,30,0,12.4,268.6
mpg,15.0,9,ack-1f,w,3,3,0,ctl,ok,0,0,15.2,268.6
mpg,15.0,9,w48-16qam-r1/2,w48,19,2,1,data,ok,17,17,14.2,268.6
mpg,15.0,9,ack-1f,w,3,3,0,ctl,ok,0,0,16.9,268.6
mpg,15.0,9,w48-16qam-r1/2,w48,19,2,1,data,ok,17,17,13.8,268.6
mpg,15.0,9,ack-1f,w,3,3,0,ctl,ok,0,0,17.6,268.6
mpg,15.0,9,w48-16qam-r1/2,w48,19,2,1,data,ok,17,17,16.3,268.6
mpg,15.0,9,ack-1f,w,2,2,0,ctl,ok,0,0,19.1,268.6
mpg,15.0,9,w48-16qam-r1/2,w48,19,1,0,data,ok,18,18,14.3,268.6
mpg,15.0,9,ack-1f,w,2,2,0,ctl,ok,0,0,17.6,268.6
mpg,15.0,9,w48-16qam-r1/2,w48,19,1,0,data,ctl_lost,18,0,9.7,268.6
mpg,15.0,9,ack-4f,w,3,3,0,ctl,ok,0,0,10.9,268.6
mpg,15.0,9,ack-4f,w,2,2,0,ctl,ok,0,0,18.9,268.6
mpg,15.0,9,w48-16qam-r1/3,w48,19,1,0,data,ok,18,18,17.0,268.6
mpg,15.0,9,ack-1f,w,3,3,0,ctl,ok,0,0,16.8,268.6
mpg,15.0,9,w48-16qam-r2/3,w48,19,2,1,data,ok,17,10,14.4,268.6
mpg,15.0,9,ack-1f,w,4,4,0,ctl,ok,0,0,15.2,268.6
mpg,15.0,9,w48-16qam-r2/3,w48,19,2,1,data,ok,10,10,15.1,268.6
mpg,15.0,9,ack-1f,w,3,3,0,ctl,ok,0,0,17.3,268.6
mpg,15.0,9,w48-16qam-r2/3,w48,19,2,1,data,ok,17,17,16.6,268.6
mpg,15.0,9,ack-1f,w,3,3,0,ctl,ok,0,0,10.7,268.6
mpg,15.0,9,w48-16qam-r2/3,w48,19,2,1,data,ok,17,17,15.0,268.6
mpg,15.0,9,ack-1f,w,3,3,0,ctl,ok,0,0,20.4,268.6
mpg,15.0,9,w48-16qam-r2/3,w48,19,2,1,data,ok,17,17,15.0,268.6
mpg,15.0,9,ack-1f,w,3,3,0,ctl,ok,0,0,15.5,268.6
mpg,15.0,9,w48-16qam-r2/3,w48,19,2,1,data,ok,17,0,11.6,268.6
mpg,15.0,9,ack-1f,w,3,3,0,ctl,ok,0,0,16.8,268.6
mpg,15.0,9,w48-16qam-r1/2,w48,19,2,1,data,ok,17,17,17.9,268.6
mpg,15.0,9,ack-1f,w,3,3,0,ctl,ok,0,0,19.7,268.6
mpg,15.0,9,w48-16qam-r2/3,w48,19,2,1,data,ok,17,0,13.6,268.6
mpg,15.0,9,ack-1f,w,3,3,0,ctl,ok,0,0,16.2,268.6
mpg,15.0,9,w48-16qam-r1/2,w48,19,2,1,data,ok,17,17,13.5,268.6
mpg,15.0,9,ack-1f,w,3,3,0,ctl,ok,0,0,19.3,268.6
mpg,15.0,9,w48-16qam-r1/2,w48,19,2,1,data,ok,17,17,17.7,268.6
mpg,15.0,9,ack-1f,w,2,2,0,ctl,ok,0,0,16.9,268.6
mpg,15.0,9,w48-16qam-r1/2,w48,19,1,0,data,ok,18,18,15.5,268.6
mpg,15.0,9,ack-1f,w,2,2,0,ctl,ok,0,0,20.2,268.6
mpg,15.0,9,w48-16qam-r1/2,w48,19,1,0,data,ok,18,18,12.3,268.6
mpg,15.0,9,ack-1f,w,3,3,0,ctl,ok,0,0,14.7,268.6
mpg,15.0,9,w48-16qam-r1/2,w48,19,2,1,data,ok,17,17,16.9,268.6
mpg,15.0,9,ack-1f,w,2,2,0,ctl,ok,0,0,13.0,268.6
mpg,15.0,9,w48-16qam-r1/2,w48,19,1,0,data,ok,18,18,15.1,268.6
mpg,15.0,9,ack-1f,w,2,2,0,ctl,ok,0,0,19.8,268.6
mpg,15.0,9,w48-16qam-r1/2,w48,19,1,0,data,ok,18,18,14.2,268.6
mpg,15.0,9,ack-1f,w,2,2,0,ctl,ok,0,0,18.5,268.6
mpg,15.0,9,w48-16qam-r1/2,w48,19,1,0,data,ok,18,18,16.7,268.6
mpg,15.0,9,ack-1f,w,2,2,0,ctl,ok,0,0,16.0,268.6
mpg,15.0,9,w48-16qam-r1/2,w48,19,1,0,data,ok,18,18,11.9,268.6
mpg,15.0,9,ack-1f,w,2,2,0,ctl,ok,0,0,17.3,268.6
mpg,15.0,9,w48-16qam-r1/2,w48,19,1,0,data,ok,18,18,15.7,268.6
mpg,15.0,9,ack-1f,w,3,3,0,ctl,ok,0,0,17.2,268.6
mpg,15.0,9,w48-16qam-r1/2,w48,19,2,1,data,ok,17,17,17.6,268.6
mpg,15.0,9,ack-1f,w,3,3,0,ctl,ok,0,0,21.6,268.6
mpg,15.0,9,w48-64l-r1/2,w48,39,2,1,data,ok,37,37,15.1,268.6
mpg,15.0,9,ack-1f,w,3,3,0,ctl,ok,0,0,15.3,268.6
mpg,15.0,9,w48-64l-r1/2,w48,39,2,1,data,ok,37,37,13.9,268.6
mpg,15.0,9,ack-1f,w,3,3,0,ctl,ok,0,0,17.4,268.6
mpg,15.0,9,w48-64l-r1/2,w48,39,2,1,data,ok,37,0,11.8,268.6
mpg,15.0,9,ack-1f,w,2,2,0,ctl,ok,0,0,17.3,268.6
mpg,15.0,9,w48-16qam-r1/2,w48,19,1,0,data,ok,18,18,15.7,268.6
mpg,15.0,9,ack-1f,w,2,2,0,ctl,ok,0,0,6.8,268.6
mpg,15.0,9,w48-16qam-r1/2,w48,19,1,0,data,ok,18,18,18.2,268.6
mpg,15.0,9,ack-1f,w,3,3,0,ctl,ok,0,0,17.6,268.6
mpg,15.0,9,w48-64l-r1/2,w48,39,2,1,data,ok,37,36,13.5,268.6
mpg,15.0,9,ack-1f,w,4,4,0,ctl,ok,0,0,12.8,268.6
mpg,15.0,9,w48-64l-r1/2,w48,39,2,1,data,ok,36,0,12.6,268.6
mpg,15.0,9,ack-1f,w,2,2,0,ctl,ok,0,0,19.4,268.6
mpg,15.0,9,w48-16qam-r1/2,w48,19,1,0,data,ok,18,18,16.3,268.6
mpg,15.0,9,ack-1f,w,2,2,0,ctl,ok,0,0,17.4,268.6
mpg,15.0,9,w48-16qam-r2/3,w48,19,1,0,data,ok,18,18,17.1,268.6
mpg,15.0,3,qpsk-r1/5,w,1,1,0,ctl,ok,0,0,19.1,326.4
mpg,15.0,3,qpsk-r1/5,w,1,1,0,ctl,ok,0,0,18.4,326.4
mpg,15.0,3,ack-4f,w,3,3,0,ctl,ok,0,0,13.0,326.4
mpg,15.0,3,ack-1f,w,3,3,0,ctl,ok,0,0,15.5,326.4
mpg,15.0,3,w48-16qam-r1/2,w48,19,2,1,data,ok,17,17,13.9,326.4
mpg,15.0,3,ack-1f,w,3,3,0,ctl,ok,0,0,18.4,326.4
mpg,15.0,3,w48-16qam-r1/2,w48,19,2,1,data,ok,17,17,17.2,326.4
mpg,15.0,3,ack-1f,w,3,3,0,ctl,ok,0,0,21.2,326.4
mpg,15.0,3,w48-16qam-r2/3,w48,19,2,1,data,ok,17,17,15.8,326.4
mpg,15.0,3,ack-1f,w,2,2,0,ctl,ok,0,0,15.4,326.4
mpg,15.0,3,w48-16qam-r2/3,w48,19,1,0,data,ok,18,18,16.8,326.4
mpg,15.0,3,ack-1f,w,3,3,0,ctl,ok,0,0,18.2,326.4
mpg,15.0,3,w48-16qam-r2/3,w48,19,2,1,data,ok,17,17,16.9,326.4
mpg,15.0,3,ack-1f,w,2,2,0,ctl,ok,0,0,17.9,326.4
mpg,15.0,3,w48-16qam-r2/3,w48,19,1,0,data,ok,18,18,16.0,326.4
mpg,15.0,3,ack-1f,w,3,3,0,ctl,ok,0,0,15.0,326.4
mpg,15.0,3,w48-16qam-r2/3,w48,19,2,1,data,ok,17,17,17.0,326.4
mpg,15.0,3,ack-1f,w,3,3,0,ctl,ok,0,0,15.4,326.4
mpg,15.0,3,w48-16qam-r2/3,w48,19,2,1,data,ok,17,17,15.0,326.4
mpg,15.0,3,ack-1f,w,3,3,0,ctl,ok,0,0,17.7,326.4
mpg,15.0,3,w48-16qam-r2/3,w48,19,2,1,data,ok,17,17,16.5,326.4
mpg,15.0,3,ack-1f,w,3,3,0,ctl,ok,0,0,17.3,326.4
mpg,15.0,3,w48-16qam-r2/3,w48,19,2,1,data,ok,17,4,15.2,326.4
mpg,15.0,3,ack-1f,w,4,4,0,ctl,ok,0,0,18.9,326.4
mpg,15.0,3,w48-16qam-r2/3,w48,19,2,1,data,ok,4,0,12.2,326.4
mpg,15.0,3,ack-1f,w,3,3,0,ctl,ok,0,0,16.7,326.4
mpg,15.0,3,w48-16qam-r1/2,w48,19,2,1,data,ok,17,17,13.9,326.4
mpg,15.0,3,ack-1f,w,3,3,0,ctl,ok,0,0,9.9,326.4
mpg,15.0,3,w48-16qam-r1/2,w48,19,2,1,data,ok,17,17,12.5,326.4
mpg,15.0,3,ack-1f,w,3,3,0,ctl,ok,0,0,20.8,326.4
mpg,15.0,3,w48-16qam-r1/2,w48,19,2,1,data,ok,17,17,17.9,326.4
mpg,15.0,3,ack-1f,w,2,2,0,ctl,ok,0,0,19.4,326.4
mpg,15.0,3,w48-16qam-r2/3,w48,19,1,0,data,ok,18,18,15.8,326.4
mpg,15.0,3,ack-1f,w,2,2,0,ctl,ok,0,0,17.7,326.4
mpg,15.0,3,w48-16qam-r2/3,w48,19,1,0,data,ok,18,18,18.4,326.4
mpg,15.0,3,ack-1f,w,2,2,0,ctl,ok,0,0,12.0,326.4
mpg,15.0,3,w48-16qam-r2/3,w48,19,1,0,data,ok,18,18,17.2,326.4
mpg,15.0,3,ack-1f,w,2,2,0,ctl,ok,0,0,19.7,326.4
mpg,15.0,3,w48-16qam-r2/3,w48,19,1,0,data,ok,18,18,17.6,326.4
mpg,15.0,3,ack-1f,w,2,2,0,ctl,ok,0,0,18.5,326.4
mpg,15.0,3,w48-16qam-r2/3,w48,19,1,0,data,ok,18,18,18.2,326.4
mpg,15.0,3,ack-1f,w,3,3,0,ctl,ok,0,0,17.2,326.4
mpg,15.0,3,w48-64l-r7/12,w48,39,2,1,data,ok,37,37,16.5,326.4
mpg,15.0,3,ack-1f,w,3,3,0,ctl,ok,0,0,18.3,326.4
mpg,15.0,3,w48-64l-r7/12,w48,39,2,1,data,ok,37,37,15.0,326.4
mpg,15.0,3,ack-1f,w,3,3,0,ctl,ok,0,0,19.5,326.4
mpg,15.0,3,w48-64l-r7/12,w48,39,2,1,data,ok,37,0,10.9,326.4
mpg,15.0,3,ack-1f,w,3,3,0,ctl,ok,0,0,19.3,326.4
mpg,15.0,3,w48-16qam-r1/2,w48,19,2,1,data,ok,17,17,17.5,326.4
mpg,15.0,3,ack-1f,w,3,3,0,ctl,ok,0,0,16.0,326.4
mpg,15.0,3,w48-16qam-r2/3,w48,19,2,1,data,ok,17,17,15.3,326.4
mpg,15.0,3,ack-1f,w,2,2,0,ctl,ok,0,0,15.3,326.4
mpg,15.0,3,w48-16qam-r2/3,w48,19,1,0,data,ok,18,8,13.0,326.4
mpg,15.0,3,ack-1f,w,4,4,0,ctl,ok,0,0,15.8,326.4
mpg,15.0,3,w48-16qam-r2/3,w48,19,2,1,data,ok,7,7,16.7,326.4
mpg,15.0,3,ack-1f,w,2,2,0,ctl,ok,0,0,13.0,326.4
mpg,15.0,3,w48-16qam-r2/3,w48,19,1,0,data,ctl_lost,18,0,12.0,326.4
mpg,15.0,3,ack-4f,w,3,3,0,ctl,ok,0,0,17.1,326.4
mpg,15.0,3,ack-4f,w,2,2,0,ctl,ok,0,0,16.4,326.4
mpg,15.0,3,w48-16qam-r1/2,w48,19,1,0,data,ok,18,18,14.0,326.4
mpg,15.0,3,ack-1f,w,3,3,0,ctl,ok,0,0,12.4,326.4
mpg,15.0,3,w48-16qam-r2/3,w48,19,2,1,data,ok,17,16,15.2,326.4
mpg,15.0,3,ack-1f,w,3,3,0,ctl,ok,0,0,20.3,326.4
mpg,15.0,3,w48-16qam-r2/3,w48,19,2,1,data,ok,16,16,16.4,326.4
mpg,15.0,3,ack-1f,w,2,2,0,ctl,ok,0,0,20.7,326.4
mpg,15.0,3,w48-16qam-r2/3,w48,19,1,0,data,ok,18,18,15.5,326.4
mpg,15.0,3,ack-1f,w,2,2,0,ctl,ok,0,0,16.8,326.4
mpg,15.0,3,w48-16qam-r2/3,w48,19,1,0,data,ok,18,18,16.3,326.4
mpg,15.0,3,ack-1f,w,2,2,0,ctl,ok,0,0,13.0,326.4
mpg,15.0,3,w48-16qam-r2/3,w48,19,1,0,data,ok,18,18,14.4,326.4
mpg,15.0,3,ack-1f,w,2,2,0,ctl,ok,0,0,18.1,326.4
mpg,15.0,3,w48-16qam-r2/3,w48,19,1,0,data,ctl_lost,18,0,14.3,326.4
mpg,15.0,3,ack-4f,w,2,2,0,ctl,ok,0,0,17.2,326.4
mpg,15.0,3,ack-4f,w,3,3,0,ctl,ok,0,0,15.4,326.4
mpg,15.0,3,w48-16qam-r2/3,w48,19,2,1,data,ok,17,17,14.3,326.4
mpg,15.0,3,ack-1f,w,3,3,0,ctl,ok,0,0,21.2,326.4
mpg,15.0,3,w48-16qam-r2/3,w48,19,2,1,data,ok,17,17,19.8,326.4
mpg,15.0,3,ack-1f,w,3,3,0,ctl,ok,0,0,18.2,326.4
mpg,15.0,3,w48-64l-r7/12,w48,39,2,1,data,ok,37,8,14.3,326.4
mpg,15.0,3,ack-1f,w,4,4,0,ctl,ok,0,0,21.6,326.4
mpg,15.0,3,w48-16qam-r2/3,w48,19,1,0,data,ok,18,18,15.8,326.4
mpg,15.0,3,ack-1f,w,2,2,0,ctl,ok,0,0,11.8,326.4
mpg,15.0,3,w48-16qam-r2/3,w48,19,1,0,data,ok,18,16,15.6,326.4
mpg,15.0,3,ack-1f,w,4,4,0,ctl,ok,0,0,20.0,326.4
mpg,15.0,3,w48-16qam-r2/3,w48,19,2,1,data,ok,15,15,16.9,326.4
mpg,15.0,3,ack-1f,w,3,3,0,ctl,ok,0,0,13.2,326.4
mpg,15.0,3,w48-16qam-r2/3,w48,19,2,1,data,ok,17,17,14.4,326.4
mpg,15.0,3,ack-1f,w,2,2,0,ctl,ok,0,0,18.1,326.4
mpg,15.0,3,w48-16qam-r2/3,w48,19,1,0,data,ok,18,18,16.7,326.4
mpg,15.0,3,ack-1f,w,3,3,0,ctl,ok,0,0,16.5,326.4
mpg,15.0,3,w48-16qam-r2/3,w48,19,2,1,data,ok,17,16,13.7,326.4
mpg,15.0,3,ack-1f,w,4,4,0,ctl,ok,0,0,10.3,326.4
mpg,15.0,3,w48-16qam-r2/3,w48,19,2,1,data,ok,16,0,11.6,326.4
mpg,15.0,11,qpsk-r1/5,w,1,1,0,ctl,ok,0,0,20.4,280.1
mpg,15.0,11,qpsk-r1/5,w,1,1,0,ctl,ok,0,0,19.2,280.1
mpg,15.0,11,ack-4f,w,3,3,0,ctl,ok,0,0,12.0,280.1
mpg,15.0,11,ack-1f,w,2,2,0,ctl,ok,0,0,16.3,280.1
mpg,15.0,11,w48-16qam-r1/2,w48,19,1,0,data,ok,18,18,15.9,280.1
mpg,15.0,11,ack-1f,w,3,3,0,ctl,ok,0,0,16.4,280.1
mpg,15.0,11,w48-16qam-r2/3,w48,19,2,1,data,ok,17,17,17.1,280.1
mpg,15.0,11,ack-1f,w,3,3,0,ctl,ok,0,0,19.8,280.1
mpg,15.0,11,w48-16qam-r2/3,w48,19,2,1,data,ok,17,17,17.3,280.1
mpg,15.0,11,ack-1f,w,3,3,0,ctl,ok,0,0,21.4,280.1
mpg,15.0,11,w48-64l-r1/2,w48,39,2,1,data,ok,37,37,16.4,280.1
mpg,15.0,11,ack-1f,w,3,3,0,ctl,ok,0,0,19.2,280.1
mpg,15.0,11,w48-64l-r1/2,w48,39,2,1,data,ok,37,34,13.5,280.1
mpg,15.0,11,ack-1f,w,4,4,0,ctl,ok,0,0,12.8,280.1
mpg,15.0,11,w48-64l-r1/2,w48,39,2,1,data,ok,34,0,9.0,280.1
mpg,15.0,11,ack-1f,w,2,2,0,ctl,ok,0,0,19.2,280.1
mpg,15.0,11,w48-16qam-r1/3,w48,19,1,0,data,ok,18,18,15.3,280.1
mpg,15.0,11,ack-1f,w,3,3,0,ctl,ok,0,0,15.2,280.1
mpg,15.0,11,w48-16qam-r1/2,w48,19,2,1,data,ok,17,17,16.3,280.1
mpg,15.0,11,ack-1f,w,3,3,0,ctl,ok,0,0,6.6,280.1
mpg,15.0,11,w48-16qam-r2/3,w48,19,2,1,data,ok,17,0,13.2,280.1
mpg,15.0,11,ack-1f,w,3,3,0,ctl,ok,0,0,13.8,280.1
mpg,15.0,11,w48-16qam-r1/2,w48,19,2,1,data,ok,17,17,14.8,280.1
mpg,15.0,11,ack-1f,w,3,3,0,ctl,ok,0,0,19.2,280.1
mpg,15.0,11,w48-16qam-r1/2,w48,19,2,1,data,ok,17,17,17.2,280.1
mpg,15.0,11,ack-1f,w,3,3,0,ctl,ok,0,0,16.0,280.1
mpg,15.0,11,w48-16qam-r2/3,w48,19,2,1,data,ok,17,17,15.5,280.1
mpg,15.0,11,ack-1f,w,3,3,0,ctl,ok,0,0,13.3,280.1
mpg,15.0,11,w48-16qam-r2/3,w48,19,2,1,data,ok,17,17,14.3,280.1
mpg,15.0,11,ack-1f,w,2,2,0,ctl,ok,0,0,16.1,280.1
mpg,15.0,11,w48-16qam-r1/2,w48,19,1,0,data,ok,18,18,13.8,280.1
mpg,15.0,11,ack-1f,w,2,2,0,ctl,ok,0,0,17.2,280.1
mpg,15.0,11,w48-16qam-r1/2,w48,19,1,0,data,ok,18,18,15.7,280.1
mpg,15.0,11,ack-1f,w,2,2,0,ctl,ok,0,0,19.4,280.1
mpg,15.0,11,w48-16qam-r1/2,w48,19,1,0,data,ok,18,18,15.0,280.1
mpg,15.0,11,ack-1f,w,2,2,0,ctl,ok,0,0,13.9,280.1
mpg,15.0,11,w48-16qam-r2/3,w48,19,1,0,data,ok,18,11,15.5,280.1
mpg,15.0,11,ack-1f,w,3,3,0,ctl,ok,0,0,21.2,280.1
mpg,15.0,11,w48-16qam-r2/3,w48,19,1,0,data,ok,11,11,16.7,280.1
mpg,15.0,11,ack-1f,w,2,2,0,ctl,ok,0,0,20.6,280.1
mpg,15.0,11,w48-16qam-r2/3,w48,19,1,0,data,ctl_lost,18,0,13.5,280.1
mpg,15.0,11,ack-4f,w,3,3,0,ctl,ok,0,0,17.9,280.1
mpg,15.0,11,ack-4f,w,3,3,0,ctl,ok,0,0,15.5,280.1
mpg,15.0,11,w48-16qam-r2/3,w48,19,2,1,data,ok,17,17,18.5,280.1
mpg,15.0,11,ack-1f,w,2,2,0,ctl,ok,0,0,15.5,280.1
mpg,15.0,11,w48-16qam-r2/3,w48,19,1,0,data,ctl_lost,18,0,12.4,280.1
mpg,15.0,11,ack-4f,w,2,2,0,ctl,ok,0,0,7.4,280.1
mpg,15.0,11,ack-4f,w,3,3,0,ctl,ok,0,0,18.2,280.1
mpg,15.0,11,w48-16qam-r1/2,w48,19,2,1,data,ok,17,17,16.9,280.1
mpg,15.0,11,ack-1f,w,2,2,0,ctl,ok,0,0,18.7,280.1
mpg,15.0,11,w48-16qam-r1/2,w48,19,1,0,data,ok,18,18,13.1,280.1
mpg,15.0,11,ack-1f,w,2,2,0,ctl,ok,0,0,17.0,280.1
mpg,15.0,11,w48-16qam-r1/2,w48,19,1,0,data,ok,18,18,18.6,280.1
mpg,15.0,11,ack-1f,w,2,2,0,ctl,ok,0,0,19.0,280.1
mpg,15.0,11,w48-16qam-r1/2,w48,19,1,0,data,ok,18,18,17.5,280.1
mpg,15.0,11,ack-1f,w,2,2,0,ctl,ok,0,0,20.7,280.1
mpg,15.0,11,w48-64l-r1/2,w48,39,1,0,data,ok,38,30,13.4,280.1
mpg,15.0,11,ack-1f,w,4,4,0,ctl,ok,0,0,13.2,280.1
mpg,15.0,11,w48-64l-r1/2,w48,39,2,1,data,ok,29,29,13.7,280.1
mpg,15.0,11,ack-1f,w,3,3,0,ctl,ok,0,0,19.7,280.1
mpg,15.0,11,w48-64l-r1/2,w48,39,2,1,data,ok,37,2,13.7,280.1
mpg,15.0,11,ack-1f,w,3,3,0,ctl,ok,0,0,21.0,280.1
mpg,15.0,11,w48-16qam-r1/2,w48,19,1,0,data,ok,18,18,17.6,280.1
mpg,15.0,11,ack-1f,w,2,2,0,ctl,ok,0,0,8.8,280.1
mpg,15.0,11,w48-64l-r1/2,w48,39,1,0,data,ctl_lost,38,0,11.3,280.1
mpg,15.0,11,ack-4f,w,3,3,0,ctl,ok,0,0,19.4,280.1
mpg,15.0,11,ack-4f,w,2,2,0,ctl,ok,0,0,12.6,280.1
mpg,15.0,11,w48-16qam-r1/2,w48,19,1,0,data,ok,18,18,15.8,280.1
mpg,15.0,11,ack-1f,w,2,2,0,ctl,ok,0,0,16.0,280.1
mpg,15.0,11,w48-16qam-r1/2,w48,19,1,0,data,ok,18,18,14.3,280.1
mpg,15.0,11,ack-1f,w,2,2,0,ctl,ok,0,0,16.2,280.1
mpg,15.0,11,w48-16qam-r1/2,w48,19,1,0,data,ok,18,18,11.9,280.1
mpg,15.0,11,ack-1f,w,2,2,0,ctl,ok,0,0,13.2,280.1
mpg,15.0,11,w48-16qam-r1/2,w48,19,1,0,data,ok,18,18,14.8,280.1
mpg,15.0,11,ack-1f,w,2,2,0,ctl,ok,0,0,17.6,280.1
mpg,15.0,11,w48-16qam-r1/2,w48,19,1,0,data,ok,18,18,16.4,280.1
mpg,15.0,11,ack-1f,w,2,2,0,ctl,ok,0,0,14.6,280.1
mpg,15.0,11,w48-16qam-r1/2,w48,19,1,0,data,ok,18,18,12.7,280.1
mpg,15.0,11,ack-1f,w,2,2,0,ctl,ok,0,0,14.4,280.1
mpg,15.0,11,w48-16qam-r1/2,w48,19,1,0,data,ok,18,18,14.2,280.1
mpg,15.0,11,ack-1f,w,2,2,0,ctl,ok,0,0,20.2,280.1
mpg,15.0,11,w48-16qam-r1/2,w48,19,1,0,data,ok,18,18,14.8,280.1
mpg,15.0,11,ack-1f,w,2,2,0,ctl,ok,0,0,8.6,280.1
mpg,15.0,11,w48-16qam-r1/2,w48,19,1,0,data,ok,18,18,14.4,280.1
mpg,15.0,11,ack-1f,w,2,2,0,ctl,ok,0,0,14.9,280.1
mpg,15.0,11,w48-16qam-r1/2,w48,19,1,0,data,ok,18,18,14.2,280.1
mpg,15.0,11,ack-1f,w,2,2,0,ctl,ok,0,0,19.7,280.1
mpg,15.0,11,w48-16qam-r1/2,w48,19,1,0,data,ok,18,18,13.3,280.1
mpg,15.0,11,ack-1f,w,2,2,0,ctl,ok,0,0,12.9,280.1
mpg,15.0,11,w48-16qam-r1/2,w48,19,1,0,data,ok,18,18,16.6,280.1
mpg,15.0,11,ack-1f,w,2,2,0,ctl,ok,0,0,17.5,280.1
mpg,15.0,11,w48-16qam-r1/2,w48,19,1,0,data,ok,18,18,15.5,280.1
mpg,15.0,11,ack-1f,w,2,2,0,ctl,ok,0,0,12.6,280.1
mpg,15.0,11,w48-16qam-r1/2,w48,19,1,0,data,ctl_lost,18,0,12.0,280.1
mpg,15.0,4,qpsk-r1/5,w,1,1,0,ctl,ok,0,0,11.6,265.2
mpg,15.0,4,qpsk-r1/5,w,1,1,0,ctl,ok,0,0,10.0,265.2
mpg,15.0,4,ack-4f,w,2,2,0,ctl,ok,0,0,12.7,265.2
mpg,15.0,4,ack-1f,w,3,3,0,ctl,ok,0,0,13.6,265.2
mpg,15.0,4,w48-qpsk-r3/4,w48,19,2,1,data,ok,17,17,17.8,265.2
mpg,15.0,4,ack-1f,w,3,3,0,ctl,ok,0,0,15.6,265.2
mpg,15.0,4,w48-16qam-r2/3,w48,19,2,1,data,ok,17,17,17.3,265.2
mpg,15.0,4,ack-1f,w,2,2,0,ctl,ok,0,0,19.6,265.2
mpg,15.0,4,w48-16qam-r2/3,w48,19,1,0,data,ok,18,18,15.7,265.2
mpg,15.0,4,ack-1f,w,3,3,0,ctl,ok,0,0,21.0,265.2
mpg,15.0,4,w48-16qam-r2/3,w48,19,2,1,data,ok,17,17,17.2,265.2
mpg,15.0,4,ack-1f,w,2,2,0,ctl,ok,0,0,20.4,265.2
mpg,15.0,4,w48-16qam-r2/3,w48,19,1,0,data,ok,18,18,16.4,265.2
mpg,15.0,4,ack-1f,w,2,2,0,ctl,ok,0,0,15.8,265.2
mpg,15.0,4,w48-16qam-r2/3,w48,19,1,0,data,ok,18,18,16.9,265.2
mpg,15.0,4,ack-1f,w,3,3,0,ctl,ok,0,0,15.3,265.2
mpg,15.0,4,w48-16qam-r2/3,w48,19,2,1,data,ok,17,17,16.2,265.2
mpg,15.0,4,ack-1f,w,2,2,0,ctl,ok,0,0,17.2,265.2
mpg,15.0,4,w48-16qam-r2/3,w48,19,1,0,data,ok,18,18,17.0,265.2
mpg,15.0,4,ack-1f,w,2,2,0,ctl,ok,0,0,16.2,265.2
mpg,15.0,4,w48-16qam-r2/3,w48,19,1,0,data,ctl_lost,18,0,12.8,265.2
mpg,15.0,4,ack-4f,w,2,2,0,ctl,ok,0,0,19.0,265.2
mpg,15.0,4,ack-4f,w,3,3,0,ctl,ok,0,0,17.9,265.2
mpg,15.0,4,w48-16qam-r2/3,w48,19,2,1,data,ok,17,17,14.7,265.2
mpg,15.0,4,ack-1f,w,3,3,0,ctl,ok,0,0,12.6,265.2
mpg,15.0,4,w48-16qam-r2/3,w48,19,2,1,data,ok,17,17,16.7,265.2
mpg,15.0,4,ack-1f,w,3,3,0,ctl,ok,0,0,15.3,265.2
mpg,15.0,4,w48-16qam-r2/3,w48,19,2,1,data,ok,17,0,13.3,265.2
mpg,15.0,4,ack-1f,w,3,3,0,ctl,ok,0,0,16.8,265.2
mpg,15.0,4,w48-16qam-r1/2,w48,19,2,1,data,ok,17,17,14.1,265.2
mpg,15.0,4,ack-1f,w,3,3,0,ctl,ok,0,0,16.1,265.2
mpg,15.0,4,w48-16qam-r1/2,w48,19,2,1,data,ok,17,17,14.6,265.2
mpg,15.0,4,ack-1f,w,3,3,0,ctl,ok,0,0,14.8,265.2
mpg,15.0,4,w48-16qam-r2/3,w48,19,2,1,data,ok,17,17,16.7,265.2
mpg,15.0,4,ack-1f,w,3,3,0,ctl,ok,0,0,16.2,265.2
mpg,15.0,4,w48-16qam-r2/3,w48,19,2,1,data,ok,17,0,15.3,265.2
mpg,15.0,4,ack-1f,w,3,3,0,ctl,ok,0,0,12.0,265.2
mpg,15.0,4,w48-16qam-r1/2,w48,19,2,1,data,ok,17,17,16.7,265.2
mpg,15.0,4,ack-1f,w,2,2,0,ctl,ok,0,0,13.3,265.2
mpg,15.0,4,w48-16qam-r1/2,w48,19,1,0,data,ok,18,18,16.7,265.2
mpg,15.0,4,ack-1f,w,2,2,0,ctl,ok,0,0,17.5,265.2
mpg,15.0,4,w48-16qam-r2/3,w48,19,1,0,data,ok,18,18,16.8,265.2
mpg,15.0,4,ack-1f,w,2,2,0,ctl,ok,0,0,9.9,265.2
mpg,15.0,4,w48-16qam-r2/3,w48,19,1,0,data,ok,18,18,15.5,265.2
mpg,15.0,4,ack-1f,w,2,2,0,ctl,ok,0,0,17.8,265.2
mpg,15.0,4,w48-16qam-r2/3,w48,19,1,0,data,ctl_lost,18,0,12.4,265.2
mpg,15.0,4,ack-4f,w,2,2,0,ctl,ok,0,0,20.7,265.2
mpg,15.0,4,ack-4f,w,3,3,0,ctl,ok,0,0,15.9,265.2
mpg,15.0,4,w48-64l-r1/2,w48,39,2,1,data,ok,37,37,14.0,265.2
mpg,15.0,4,ack-1f,w,3,3,0,ctl,ok,0,0,16.7,265.2
mpg,15.0,4,w48-64l-r1/2,w48,39,2,1,data,ok,37,1,12.0,265.2
mpg,15.0,4,ack-1f,w,4,4,0,ctl,ok,0,0,20.5,265.2
mpg,15.0,4,w48-16qam-r1/2,w48,19,2,1,data,ok,17,17,17.1,265.2
mpg,15.0,4,ack-1f,w,3,3,0,ctl,ok,0,0,19.8,265.2
mpg,15.0,4,w48-64l-r1/2,w48,39,2,1,data,ok,37,37,14.0,265.2
mpg,15.0,4,ack-1f,w,3,3,0,ctl,ok,0,0,17.3,265.2
mpg,15.0,4,w48-64l-r1/2,w48,39,2,1,data,ok,37,33,13.3,265.2
mpg,15.0,4,ack-1f,w,4,4,0,ctl,ok,0,0,10.6,265.2
mpg,15.0,4,w48-64l-r1/2,w48,39,2,1,data,ok,33,0,9.7,265.2
mpg,15.0,4,ack-1f,w,3,3,0,ctl,ok,0,0,16.5,265.2
mpg,15.0,4,w48-16qam-r1/2,w48,19,2,1,data,ok,17,17,17.3,265.2
mpg,15.0,4,ack-1f,w,2,2,0,ctl,ok,0,0,19.2,265.2
mpg,15.0,4,w48-16qam-r1/2,w48,19,1,0,data,ok,18,18,15.9,265.2
mpg,15.0,4,ack-1f,w,3,3,0,ctl,ok,0,0,14.9,265.2
mpg,15.0,4,w48-64l-r1/2,w48,39,2,1,data,ok,37,36,13.7,265.2
mpg,15.0,4,ack-1f,w,4,4,0,ctl,ok,0,0,17.0,265.2
mpg,15.0,4,w48-64l-r1/2,w48,36,2,1,data,ok,33,0,10.3,265.2
mpg,15.0,4,ack-1f,w,3,3,0,ctl,ok,0,0,20.3,265.2
mpg,15.0,4,w48-16qam-r1/2,w48,19,2,1,data,ok,17,0,10.5,265.2
mpg,15.0,4,ack-1f,w,3,3,0,ctl,ok,0,0,15.0,265.2
mpg,15.0,4,w48-16qam-r1/3,w48,19,2,1,data,ok,17,17,16.5,265.2
mpg,15.0,4,ack-1f,w,3,3,0,ctl,ok,0,0,19.0,265.2
mpg,15.0,4,w48-16qam-r1/2,w48,19,2,1,data,ok,17,17,18.4,265.2
mpg,15.0,4,ack-1f,w,2,2,0,ctl,ok,0,0,16.3,265.2
mpg,15.0,4,w48-64l-r1/2,w48,39,1,0,data,ctl_lost,38,2,12.4,265.2
mpg,15.0,4,ack-4f,w,3,3,0,ctl,ok,0,0,18.8,265.2
mpg,15.0,4,ack-4f,w,3,3,0,ctl,ok,0,0,19.6,265.2
mpg,15.0,4,w48-16qam-r2/3,w48,19,2,1,data,ok,17,17,16.9,265.2
mpg,15.0,4,ack-1f,w,2,2,0,ctl,ok,0,0,16.1,265.2
mpg,15.0,4,w48-16qam-r2/3,w48,19,1,0,data,ok,18,15,15.7,265.2
mpg,15.0,4,ack-1f,w,3,3,0,ctl,ok,0,0,14.2,265.2
mpg,15.0,4,w48-16qam-r2/3,w48,19,2,1,data,ok,14,14,16.3,265.2
mpg,15.0,4,ack-1f,w,2,2,0,ctl,ok,0,0,20.1,265.2
mpg,15.0,4,w48-16qam-r1/2,w48,19,1,0,data,ok,18,18,17.5,265.2
mpg,15.0,4,ack-1f,w,2,2,0,ctl,ok,0,0,20.0,265.2
mpg,15.0,4,w48-64l-r1/2,w48,39,1,0,data,ctl_lost,38,3,12.6,265.2
mpg,15.0,4,ack-4f,w,3,3,0,ctl,ok,0,0,12.6,265.2
mpg,15.0,4,ack-4f,w,2,2,0,ctl,ok,0,0,16.7,265.2
mpg,15.0,4,w48-16qam-r1/2,w48,19,1,0,data,ok,18,18,17.8,265.2
mpg,15.0,4,ack-1f,w,3,3,0,ctl,ok,0,0,21.5,265.2
mpg,15.0,4,w48-16qam-r2/3,w48,19,2,1,data,ok,17,17,16.3,265.2
mpg,15.0,4,ack-1f,w,2,2,0,ctl,ok,0,0,12.5,265.2
mpg,15.0,4,w48-16qam-r2/3,w48,19,1,0,data,ok,18,18,19.8,265.2
mpg,15.0,2,qpsk-r1/5,w,1,1,0,ctl,ok,0,0,17.3,282.6
mpg,15.0,2,qpsk-r1/5,w,1,1,0,ctl,ok,0,0,18.3,282.6
mpg,15.0,2,ack-4f,w,3,3,0,ctl,ok,0,0,17.0,282.6
mpg,15.0,2,ack-1f,w,3,3,0,ctl,ok,0,0,16.0,282.6
mpg,15.0,2,w48-16qam-r2/3,w48,19,2,1,data,ok,17,0,12.7,282.6
mpg,15.0,2,ack-1f,w,3,3,0,ctl,ok,0,0,15.1,282.6
mpg,15.0,2,w48-16qam-r1/2,w48,19,2,1,data,ok,17,17,17.1,282.6
mpg,15.0,2,ack-1f,w,3,3,0,ctl,ok,0,0,20.4,282.6
mpg,15.0,2,w48-16qam-r1/2,w48,19,2,1,data,ok,17,17,12.9,282.6
mpg,15.0,2,ack-1f,w,3,3,0,ctl,ok,0,0,3.5,282.6
mpg,15.0,2,w48-16qam-r1/2,w48,19,2,1,data,ok,17,17,14.9,282.6
mpg,15.0,2,ack-1f,w,2,2,0,ctl,ok,0,0,14.7,282.6
mpg,15.0,2,w48-16qam-r1/3,w48,19,1,0,data,ok,18,18,17.6,282.6
mpg,15.0,2,ack-1f,w,2,2,0,ctl,ok,0,0,19.5,282.6
mpg,15.0,2,w48-16qam-r1/2,w48,19,1,0,data,ok,18,18,16.0,282.6
mpg,15.0,2,ack-1f,w,3,3,0,ctl,ok,0,0,13.1,282.6
mpg,15.0,2,w48-16qam-r2/3,w48,19,2,1,data,ok,17,17,17.4,282.6
mpg,15.0,2,ack-1f,w,2,2,0,ctl,ok,0,0,8.2,282.6
mpg,15.0,2,w48-16qam-r2/3,w48,19,1,0,data,ctl_lost,18,0,12.7,282.6
mpg,15.0,2,ack-4f,w,3,3,0,ctl,ok,0,0,16.3,282.6
mpg,15.0,2,ack-4f,w,2,2,0,ctl,ok,0,0,13.2,282.6
mpg,15.0,2,w48-16qam-r1/2,w48,19,1,0,data,ok,18,18,13.4,282.6
mpg,15.0,2,ack-1f,w,3,3,0,ctl,ok,0,0,18.1,282.6
mpg,15.0,2,w48-16qam-r1/2,w48,19,2,1,data,ok,17,17,15.0,282.6
mpg,15.0,2,ack-1f,w,2,2,0,ctl,ok,0,0,17.4,282.6
mpg,15.0,2,w48-16qam-r1/2,w48,19,1,0,data,ok,18,18,16.4,282.6
mpg,15.0,2,ack-1f,w,3,3,0,ctl,ok,0,0,16.2,282.6
mpg,15.0,2,w48-64l-r1/2,w48,39,2,1,data,ok,37,37,17.7,282.6
mpg,15.0,2,ack-1f,w,3,3,0,ctl,ok,0,0,18.3,282.6
mpg,15.0,2,w48-64l-r7/12,w48,39,2,1,data,ok,37,36,14.6,282.6
mpg,15.0,2,ack-1f,w,4,4,0,ctl,ok,0,0,17.2,282.6
mpg,15.0,2,w48-64l-r7/12,w48,39,2,1,data,ok,36,36,16.2,282.6
mpg,15.0,2,ack-1f,w,2,2,0,ctl,ok,0,0,17.4,282.6
mpg,15.0,2,w48-64l-r7/12,w48,39,1,0,data,ctl_lost,38,0,13.3,282.6
mpg,15.0,2,ack-4f,w,3,3,0,ctl,ok,0,0,20.5,282.6
mpg,15.0,2,ack-4f,w,3,3,0,ctl,ok,0,0,20.4,282.6
mpg,15.0,2,w48-64l-r1/2,w48,39,2,1,data,ok,37,37,15.5,282.6
mpg,15.0,2,ack-1f,w,3,3,0,ctl,ok,0,0,18.8,282.6
mpg,15.0,2,w48-64l-r1/2,w48,39,2,1,data,ok,37,37,15.6,282.6
mpg,15.0,2,ack-1f,w,3,3,0,ctl,ok,0,0,16.5,282.6
mpg,15.0,2,w48-64l-r1/2,w48,39,2,1,data,ok,37,37,14.0,282.6
mpg,15.0,2,ack-1f,w,3,3,0,ctl,ok,0,0,15.7,282.6
mpg,15.0,2,w48-64l-r1/2,w48,39,2,1,data,ok,37,0,11.5,282.6
mpg,15.0,2,ack-1f,w,2,2,0,ctl,ok,0,0,19.8,282.6
mpg,15.0,2,w48-16qam-r1/2,w48,19,1,0,data,ok,18,18,16.0,282.6
mpg,15.0,2,ack-1f,w,2,2,0,ctl,ok,0,0,17.7,282.6
mpg,15.0,2,w48-16qam-r1/2,w48,19,1,0,data,ok,18,18,14.8,282.6
mpg,15.0,2,ack-1f,w,2,2,0,ctl,ok,0,0,20.1,282.6
mpg,15.0,2,w48-16qam-r1/2,w48,19,1,0,data,ok,18,18,14.6,282.6
mpg,15.0,2,ack-1f,w,2,2,0,ctl,ok,0,0,11.4,282.6
mpg,15.0,2,w48-16qam-r1/2,w48,19,1,0,data,ok,18,18,15.2,282.6
mpg,15.0,2,ack-1f,w,2,2,0,ctl,ok,0,0,19.0,282.6
mpg,15.0,2,w48-16qam-r1/2,w48,19,1,0,data,ok,18,18,11.3,282.6
mpg,15.0,2,ack-1f,w,2,2,0,ctl,ok,0,0,18.4,282.6
mpg,15.0,2,w48-16qam-r1/2,w48,19,1,0,data,ok,18,18,12.4,282.6
mpg,15.0,2,ack-1f,w,3,3,0,ctl,ok,0,0,15.8,282.6
mpg,15.0,2,w48-16qam-r1/2,w48,19,2,1,data,ok,17,17,16.3,282.6
mpg,15.0,2,ack-1f,w,2,2,0,ctl,ok,0,0,22.9,282.6
mpg,15.0,2,w48-16qam-r1/2,w48,19,1,0,data,ok,18,18,18.3,282.6
mpg,15.0,2,ack-1f,w,2,2,0,ctl,ok,0,0,16.5,282.6
mpg,15.0,2,w48-64l-r1/2,w48,39,1,0,data,ok,38,38,13.9,282.6
mpg,15.0,2,ack-1f,w,3,3,0,ctl,ok,0,0,16.9,282.6
mpg,15.0,2,w48-64l-r1/2,w48,39,2,1,data,ok,37,13,13.0,282.6
mpg,15.0,2,ack-1f,w,4,4,0,ctl,ok,0,0,20.5,282.6
mpg,15.0,2,w48-64l-r1/2,w48,39,2,1,data,ok,13,13,14.1,282.6
mpg,15.0,2,ack-1f,w,3,3,0,ctl,ok,0,0,18.3,282.6
mpg,15.0,2,w48-64l-r1/2,w48,39,2,1,data,ok,37,12,12.6,282.6
mpg,15.0,2,ack-1f,w,4,4,0,ctl,ok,0,0,17.1,282.6
mpg,15.0,2,w48-64l-r1/2,w48,39,2,1,data,ok,12,12,13.7,282.6
mpg,15.0,2,ack-1f,w,3,3,0,ctl,ok,0,0,16.3,282.6
mpg,15.0,2,w48-64l-r1/2,w48,39,2,1,data,ok,37,0,10.7,282.6
mpg,15.0,2,ack-1f,w,2,2,0,ctl,ok,0,0,18.2,282.6
mpg,15.0,2,w48-16qam-r1/2,w48,19,1,0,data,ok,18,18,15.0,282.6
mpg,15.0,2,ack-1f,w,2,2,0,ctl,ok,0,0,13.9,282.6
mpg,15.0,2,w48-16qam-r1/2,w48,19,1,0,data,ok,18,18,17.4,282.6
mpg,15.0,2,ack-1f,w,2,2,0,ctl,ok,0,0,21.0,282.6
mpg,15.0,2,w48-64l-r1/2,w48,39,1,0,data,ok,38,38,15.0,282.6
mpg,15.0,2,ack-1f,w,2,2,0,ctl,ok,0,0,22.0,282.6
mpg,15.0,2,w48-64l-r1/2,w48,39,1,0,data,ctl_lost,38,0,13.5,282.6
mpg,15.0,2,ack-4f,w,3,3,0,ctl,ok,0,0,17.7,282.6
mpg,15.0,2,ack-4f,w,2,2,0,ctl,ok,0,0,17.9,282.6
mpg,15.0,2,w48-16qam-r1/2,w48,19,1,0,data,ok,18,18,18.6,282.6
mpg,15.0,2,ack-1f,w,2,2,0,ctl,ok,0,0,17.7,282.6
mpg,15.0,2,w48-64l-r1/2,w48,39,1,0,data,ok,38,38,16.8,282.6
mpg,15.0,2,ack-1f,w,2,2,0,ctl,ok,0,0,19.6,282.6
mpg,15.0,2,w48-64l-r1/2,w48,39,1,0,data,ctl_lost,38,0,12.6,282.6
mpg,15.0,2,ack-4f,w,3,3,0,ctl,ok,0,0,16.9,282.6
mpg,15.0,2,ack-4f,w,2,2,0,ctl,ok,0,0,18.6,282.6
mpg,15.0,2,w48-16qam-r1/2,w48,19,1,0,data,ok,18,18,11.7,282.6
mpg,15.0,2,ack-1f,w,3,3,0,ctl,ok,0,0,13.3,282.6
mpg,15.0,2,w48-16qam-r1/2,w48,19,2,1,data,ok,17,17,17.9,282.6
mpg,15.0,2,ack-1f,w,2,2,0,ctl,ok,0,0,13.6,282.6
mpg,15.0,2,w48-16qam-r1/2,w48,19,1,0,data,ok,18,18,15.6,282.6
mpg,15.0,0,qpsk-r1/5,w,1,1,0,ctl,ok,0,0,18.0,294.9
mpg,15.0,0,qpsk-r1/5,w,1,1,0,ctl,ok,0,0,18.9,294.9
mpg,15.0,0,ack-4f,w,3,3,0,ctl,ok,0,0,19.9,294.9
mpg,15.0,0,ack-1f,w,3,3,0,ctl,ok,0,0,16.5,294.9
mpg,15.0,0,w48-64l-r7/12,w48,39,2,1,data,ok,37,0,7.9,294.9
mpg,15.0,0,ack-1f,w,3,3,0,ctl,ok,0,0,14.0,294.9
mpg,15.0,0,w48-qpsk-r3/4,w48,19,2,1,data,ok,17,17,15.3,294.9
mpg,15.0,0,ack-1f,w,3,3,0,ctl,ok,0,0,22.5,294.9
mpg,15.0,0,w48-16qam-r1/2,w48,19,2,1,data,ok,17,17,17.4,294.9
mpg,15.0,0,ack-1f,w,3,3,0,ctl,ok,0,0,14.4,294.9
mpg,15.0,0,w48-16qam-r2/3,w48,19,2,1,data,ok,17,0,13.4,294.9
mpg,15.0,0,ack-1f,w,3,3,0,ctl,ok,0,0,14.8,294.9
mpg,15.0,0,w48-16qam-r1/2,w48,19,2,1,data,ok,17,17,16.8,294.9
mpg,15.0,0,ack-1f,w,2,2,0,ctl,ok,0,0,17.0,294.9
mpg,15.0,0,w48-16qam-r1/2,w48,19,1,0,data,ok,18,18,17.0,294.9
mpg,15.0,0,ack-1f,w,3,3,0,ctl,ok,0,0,20.7,294.9
mpg,15.0,0,w48-16qam-r2/3,w48,19,2,1,data,ok,17,17,16.6,294.9
mpg,15.0,0,ack-1f,w,3,3,0,ctl,ok,0,0,14.5,294.9
mpg,15.0,0,w48-16qam-r2/3,w48,19,2,1,data,ok,17,0,12.5,294.9
mpg,15.0,0,ack-1f,w,3,3,0,ctl,ok,0,0,13.9,294.9
mpg,15.0,0,w48-16qam-r1/2,w48,19,2,1,data,ok,17,17,20.1,294.9
mpg,15.0,0,ack-1f,w,3,3,0,ctl,ok,0,0,15.2,294.9
mpg,15.0,0,w48-64l-r7/12,w48,39,2,1,data,ok,37,0,12.9,294.9
mpg,15.0,0,ack-1f,w,2,2,0,ctl,ok,0,0,17.0,294.9
mpg,15.0,0,w48-16qam-r1/2,w48,19,1,0,data,ok,18,18,16.9,294.9
mpg,15.0,0,ack-1f,w,3,3,0,ctl,ok,0,0,17.0,294.9
mpg,15.0,0,w48-16qam-r2/3,w48,19,2,1,data,ok,17,0,14.8,294.9
mpg,15.0,0,ack-1f,w,2,2,0,ctl,ok,0,0,20.4,294.9
mpg,15.0,0,w48-16qam-r1/2,w48,19,1,0,data,ok,18,18,15.6,294.9
mpg,15.0,0,ack-1f,w,2,2,0,ctl,ok,0,0,17.8,294.9
mpg,15.0,0,w48-16qam-r1/2,w48,19,1,0,data,ok,18,18,16.6,294.9
mpg,15.0,0,ack-1f,w,2,2,0,ctl,ok,0,0,18.0,294.9
mpg,15.0,0,w48-16qam-r1/2,w48,19,1,0,data,ok,18,18,18.3,294.9
mpg,15.0,0,ack-1f,w,3,3,0,ctl,ok,0,0,18.7,294.9
mpg,15.0,0,w48-64l-r1/2,w48,39,2,1,data,ok,37,6,13.4,294.9
mpg,15.0,0,ack-1f,w,4,4,0,ctl,ok,0,0,18.4,294.9
mpg,15.0,0,w48-64l-r1/2,w48,39,2,1,data,ok,6,6,15.0,294.9
mpg,15.0,0,ack-1f,w,3,3,0,ctl,ok,0,0,21.6,294.9
mpg,15.0,0,w48-64l-r1/2,w48,39,2,1,data,ok,37,37,15.5,294.9
mpg,15.0,0,ack-1f,w,2,2,0,ctl,ok,0,0,12.6,294.9
mpg,15.0,0,w48-64l-r1/2,w48,39,1,0,data,ok,38,38,14.0,294.9
mpg,15.0,0,ack-1f,w,3,3,0,ctl,ok,0,0,20.6,294.9
mpg,15.0,0,w48-64l-r1/2,w48,39,2,1,data,ok,37,37,15.4,294.9
mpg,15.0,0,ack-1f,w,3,3,0,ctl,ok,0,0,20.0,294.9
mpg,15.0,0,w48-64l-r1/2,w48,39,2,1,data,ok,37,0,13.2,294.9
mpg,15.0,0,ack-1f,w,2,2,0,ctl,ok,0,0,18.1,294.9
mpg,15.0,0,w48-16qam-r1/2,w48,19,1,0,data,ok,18,18,13.9,294.9
mpg,15.0,0,ack-1f,w,2,2,0,ctl,ok,0,0,11.3,294.9
mpg,15.0,0,w48-16qam-r1/2,w48,19,1,0,data,ok,18,18,16.2,294.9
mpg,15.0,0,ack-1f,w,2,2,0,ctl,ok,0,0,18.2,294.9
mpg,15.0,0,w48-16qam-r1/2,w48,19,1,0,data,ok,18,18,19.2,294.9
mpg,15.0,0,ack-1f,w,2,2,0,ctl,ok,0,0,20.5,294.9
mpg,15.0,0,w48-64l-r1/2,w48,39,1,0,data,ok,38,23,15.3,294.9
mpg,15.0,0,ack-1f,w,4,4,0,ctl,ok,0,0,16.3,294.9
mpg,15.0,0,w48-64l-r1/2,w48,39,2,1,data,ok,22,22,14.4,294.9
mpg,15.0,0,ack-1f,w,3,3,0,ctl,ok,0,0,18.0,294.9
mpg,15.0,0,w48-64l-r1/2,w48,39,2,1,data,ok,37,37,15.6,294.9
mpg,15.0,0,ack-1f,w,2,2,0,ctl,ok,0,0,20.6,294.9
mpg,15.0,0,w48-64l-r1/2,w48,39,1,0,data,ok,38,38,14.4,294.9
mpg,15.0,0,ack-1f,w,2,2,0,ctl,ok,0,0,12.9,294.9
mpg,15.0,0,w48-64l-r1/2,w48,39,1,0,data,ok,38,38,15.6,294.9
mpg,15.0,0,ack-1f,w,2,2,0,ctl,ok,0,0,19.5,294.9
mpg,15.0,0,w48-64l-r1/2,w48,39,1,0,data,ok,38,35,13.3,294.9
mpg,15.0,0,ack-1f,w,4,4,0,ctl,ok,0,0,8.2,294.9
mpg,15.0,0,w48-64l-r1/2,w48,31,2,1,data,ok,26,0,13.7,294.9
mpg,15.0,0,ack-1f,w,2,2,0,ctl,ok,0,0,19.1,294.9
mpg,15.0,0,w48-16qam-r1/2,w48,19,1,0,data,ok,18,18,12.2,294.9
mpg,15.0,0,ack-1f,w,3,3,0,ctl,ok,0,0,10.6,294.9
mpg,15.0,0,w48-16qam-r1/2,w48,19,2,1,data,ok,17,17,13.2,294.9
mpg,15.0,0,ack-1f,w,3,3,0,ctl,ok,0,0,18.0,294.9
mpg,15.0,0,w48-16qam-r1/2,w48,19,2,1,data,ok,17,17,17.5,294.9
mpg,15.0,0,ack-1f,w,2,2,0,ctl,ok,0,0,18.9,294.9
mpg,15.0,0,w48-64l-r1/2,w48,39,1,0,data,ok,38,38,15.6,294.9
mpg,15.0,0,ack-1f,w,2,2,0,ctl,ok,0,0,21.6,294.9
mpg,15.0,0,w48-64l-r1/2,w48,39,1,0,data,ok,38,38,17.0,294.9
mpg,15.0,0,ack-1f,w,2,2,0,ctl,ok,0,0,11.9,294.9
mpg,15.0,0,w48-64l-r1/2,w48,39,1,0,data,ok,38,38,14.8,294.9
mpg,15.0,0,ack-1f,w,2,2,0,ctl,ok,0,0,8.5,294.9
mpg,15.0,0,w48-64l-r1/2,w48,39,1,0,data,ok,38,38,14.7,294.9
mpg,15.0,0,ack-1f,w,2,2,0,ctl,ok,0,0,19.0,294.9
mpg,15.0,0,w48-64l-r1/2,w48,39,1,0,data,ok,38,38,16.4,294.9
mpg,15.0,0,ack-1f,w,2,2,0,ctl,ok,0,0,17.4,294.9
mpg,15.0,0,w48-64l-r1/2,w48,39,1,0,data,ok,38,38,13.7,294.9
mpg,15.0,0,ack-1f,w,2,2,0,ctl,ok,0,0,23.0,294.9
mpg,15.0,0,w48-64l-r1/2,w48,39,1,0,data,ctl_lost,38,3,13.1,294.9
mpg,15.0,0,ack-4f,w,3,3,0,ctl,ok,0,0,18.2,294.9
mpg,15.0,0,ack-4f,w,3,3,0,ctl,ok,0,0,20.0,294.9
mpg,15.0,0,w48-64l-r1/2,w48,39,2,1,data,ok,37,0,13.3,294.9
mpg,15.0,0,ack-1f,w,3,3,0,ctl,ok,0,0,20.6,294.9
mpg,15.0,0,w48-64l-r1/2,w48,39,2,1,data,ok,0,0,10.9,294.9
mpg,15.0,0,ack-1f,w,2,2,0,ctl,ok,0,0,13.2,294.9
mpg,15.0,0,w48-16qam-r1/2,w48,19,1,0,data,ok,18,18,17.7,294.9
mpp,15.0,4,qpsk-r1/5,w,1,1,0,ctl,ok,0,0,20.2,326.8
mpp,15.0,4,qpsk-r1/5,w,1,1,0,ctl,ok,0,0,17.7,326.8
mpp,15.0,4,ack-4f,w,2,2,0,ctl,ok,0,0,17.5,326.8
mpp,15.0,4,ack-1f,w,3,3,0,ctl,ok,0,0,19.9,326.8
mpp,15.0,4,w48-16qam-r2/3,w48,19,2,1,data,ok,17,17,17.0,326.8
mpp,15.0,4,ack-1f,w,3,3,0,ctl,ok,0,0,13.7,326.8
mpp,15.0,4,w48-16qam-r2/3,w48,19,2,1,data,ok,17,17,15.5,326.8
mpp,15.0,4,ack-1f,w,3,3,0,ctl,ok,0,0,18.1,326.8
mpp,15.0,4,w48-16qam-r2/3,w48,19,2,1,data,ok,17,17,15.4,326.8
mpp,15.0,4,ack-1f,w,3,3,0,ctl,ok,0,0,19.2,326.8
mpp,15.0,4,w48-16qam-r2/3,w48,19,2,1,data,ok,17,17,15.2,326.8
mpp,15.0,4,ack-1f,w,3,3,0,ctl,ok,0,0,18.1,326.8
mpp,15.0,4,w48-16qam-r2/3,w48,19,2,1,data,ok,17,17,16.3,326.8
mpp,15.0,4,ack-1f,w,2,2,0,ctl,ok,0,0,11.1,326.8
mpp,15.0,4,w48-16qam-r2/3,w48,19,1,0,data,ok,18,18,15.7,326.8
mpp,15.0,4,ack-1f,w,2,2,0,ctl,ok,0,0,17.2,326.8
mpp,15.0,4,w48-16qam-r2/3,w48,19,1,0,data,ok,18,18,15.7,326.8
mpp,15.0,4,ack-1f,w,2,2,0,ctl,ok,0,0,18.1,326.8
mpp,15.0,4,w48-16qam-r2/3,w48,19,1,0,data,ctl_lost,18,0,14.3,326.8
mpp,15.0,4,ack-4f,w,2,2,0,ctl,ok,0,0,17.7,326.8
mpp,15.0,4,ack-4f,w,2,2,0,ctl,ok,0,0,17.8,326.8
mpp,15.0,4,w48-16qam-r1/2,w48,19,1,0,data,ok,18,18,16.5,326.8
mpp,15.0,4,ack-1f,w,3,3,0,ctl,ok,0,0,17.3,326.8
mpp,15.0,4,w48-16qam-r2/3,w48,19,2,1,data,ok,17,5,15.1,326.8
mpp,15.0,4,ack-1f,w,3,3,0,ctl,ok,0,0,19.0,326.8
mpp,15.0,4,w48-16qam-r2/3,w48,19,2,1,data,ok,5,5,15.5,326.8
mpp,15.0,4,ack-1f,w,2,2,0,ctl,ok,0,0,16.3,326.8
mpp,15.0,4,w48-16qam-r1/2,w48,19,1,0,data,ok,18,18,15.7,326.8
mpp,15.0,4,ack-1f,w,3,3,0,ctl,ok,0,0,18.3,326.8
mpp,15.0,4,w48-16qam-r2/3,w48,19,2,1,data,ok,17,17,15.5,326.8
mpp,15.0,4,ack-1f,w,3,3,0,ctl,ok,0,0,15.5,326.8
mpp,15.0,4,w48-16qam-r2/3,w48,19,2,1,data,ok,17,13,15.6,326.8
mpp,15.0,4,ack-1f,w,4,4,0,ctl,ok,0,0,18.2,326.8
mpp,15.0,4,w48-16qam-r2/3,w48,19,2,1,data,ok,13,13,15.5,326.8
mpp,15.0,4,ack-1f,w,3,3,0,ctl,ok,0,0,17.2,326.8
mpp,15.0,4,w48-16qam-r2/3,w48,19,2,1,data,ok,17,17,16.7,326.8
mpp,15.0,4,ack-1f,w,2,2,0,ctl,ok,0,0,15.9,326.8
mpp,15.0,4,w48-16qam-r2/3,w48,19,1,0,data,ok,18,18,15.7,326.8
mpp,15.0,4,ack-1f,w,2,2,0,ctl,ok,0,0,20.6,326.8
mpp,15.0,4,w48-16qam-r2/3,w48,19,1,0,data,ok,18,18,15.5,326.8
mpp,15.0,4,ack-1f,w,2,2,0,ctl,ok,0,0,19.5,326.8
mpp,15.0,4,w48-16qam-r2/3,w48,19,1,0,data,ok,18,18,16.5,326.8
mpp,15.0,4,ack-1f,w,2,2,0,ctl,ok,0,0,19.3,326.8
mpp,15.0,4,w48-16qam-r2/3,w48,19,1,0,data,ok,18,18,15.8,326.8
mpp,15.0,4,ack-1f,w,2,2,0,ctl,ok,0,0,15.8,326.8
mpp,15.0,4,w48-16qam-r2/3,w48,19,1,0,data,ok,18,18,15.5,326.8
mpp,15.0,4,ack-1f,w,2,2,0,ctl,ok,0,0,22.3,326.8
mpp,15.0,4,w48-16qam-r2/3,w48,19,1,0,data,ctl_lost,18,10,15.3,326.8
mpp,15.0,4,ack-4f,w,3,3,0,ctl,ok,0,0,16.8,326.8
mpp,15.0,4,ack-4f,w,3,3,0,ctl,ok,0,0,19.2,326.8
mpp,15.0,4,w48-16qam-r2/3,w48,19,2,1,data,ok,17,17,15.8,326.8
mpp,15.0,4,ack-1f,w,3,3,0,ctl,ok,0,0,17.1,326.8
mpp,15.0,4,w48-16qam-r2/3,w48,19,2,1,data,ok,17,17,15.7,326.8
mpp,15.0,4,ack-1f,w,3,3,0,ctl,ok,0,0,21.1,326.8
mpp,15.0,4,w48-16qam-r2/3,w48,19,2,1,data,ok,17,17,16.3,326.8
mpp,15.0,4,ack-1f,w,2,2,0,ctl,ok,0,0,16.4,326.8
mpp,15.0,4,w48-16qam-r2/3,w48,19,1,0,data,ctl_lost,18,17,16.2,326.8
mpp,15.0,4,ack-4f,w,3,3,0,ctl,ok,0,0,16.0,326.8
mpp,15.0,4,ack-4f,w,2,2,0,ctl,ok,0,0,17.7,326.8
mpp,15.0,4,w48-16qam-r1/2,w48,19,1,0,data,ok,18,18,15.6,326.8
mpp,15.0,4,ack-1f,w,2,2,0,ctl,ok,0,0,15.6,326.8
mpp,15.0,4,w48-16qam-r1/2,w48,19,1,0,data,ok,18,18,16.0,326.8
mpp,15.0,4,ack-1f,w,3,3,0,ctl,ok,0,0,15.7,326.8
mpp,15.0,4,w48-16qam-r2/3,w48,19,2,1,data,ok,17,17,15.6,326.8
mpp,15.0,4,ack-1f,w,3,3,0,ctl,ok,0,0,18.8,326.8
mpp,15.0,4,w48-16qam-r2/3,w48,19,2,1,data,ok,17,17,15.2,326.8
mpp,15.0,4,ack-1f,w,3,3,0,ctl,ok,0,0,18.3,326.8
mpp,15.0,4,w48-16qam-r2/3,w48,19,2,1,data,ok,17,17,15.5,326.8
mpp,15.0,4,ack-1f,w,3,3,0,ctl,ok,0,0,20.1,326.8
mpp,15.0,4,w48-16qam-r2/3,w48,19,2,1,data,ok,17,16,15.0,326.8
mpp,15.0,4,ack-1f,w,3,3,0,ctl,ok,0,0,20.3,326.8
mpp,15.0,4,w48-16qam-r2/3,w48,19,2,1,data,ok,16,16,16.4,326.8
mpp,15.0,4,ack-1f,w,2,2,0,ctl,ok,0,0,17.7,326.8
mpp,15.0,4,w48-16qam-r2/3,w48,19,1,0,data,ctl_lost,18,9,15.2,326.8
mpp,15.0,4,ack-4f,w,3,3,0,ctl,ok,0,0,18.4,326.8
mpp,15.0,4,ack-4f,w,3,3,0,ctl,ok,0,0,18.1,326.8
mpp,15.0,4,w48-16qam-r2/3,w48,19,2,1,data,ok,17,17,17.3,326.8
mpp,15.0,4,ack-1f,w,3,3,0,ctl,ok,0,0,18.6,326.8
mpp,15.0,4,w48-16qam-r2/3,w48,19,2,1,data,ok,17,17,16.4,326.8
mpp,15.0,4,ack-1f,w,3,3,0,ctl,ok,0,0,19.7,326.8
mpp,15.0,4,w48-16qam-r2/3,w48,19,2,1,data,ok,17,17,15.2,326.8
mpp,15.0,4,ack-1f,w,3,3,0,ctl,ok,0,0,17.0,326.8
mpp,15.0,4,w48-16qam-r2/3,w48,19,2,1,data,ok,17,17,15.6,326.8
mpp,15.0,4,ack-1f,w,3,3,0,ctl,ok,0,0,16.9,326.8
mpp,15.0,4,w48-16qam-r2/3,w48,19,2,1,data,ok,17,17,16.5,326.8
mpp,15.0,4,ack-1f,w,3,3,0,ctl,ok,0,0,19.0,326.8
mpp,15.0,4,w48-16qam-r2/3,w48,19,2,1,data,ok,17,17,17.3,326.8
mpp,15.0,4,ack-1f,w,2,2,0,ctl,ok,0,0,18.4,326.8
mpp,15.0,4,w48-16qam-r2/3,w48,19,1,0,data,ok,18,18,16.2,326.8
mpp,15.0,4,ack-1f,w,2,2,0,ctl,ok,0,0,16.3,326.8
mpp,15.0,4,w48-16qam-r2/3,w48,19,1,0,data,ok,18,18,16.0,326.8
mpp,15.0,4,ack-1f,w,2,2,0,ctl,ok,0,0,20.1,326.8
mpp,15.0,4,w48-16qam-r2/3,w48,19,1,0,data,ok,18,18,15.8,326.8
mpp,15.0,3,qpsk-r1/5,w,1,1,0,ctl,ok,0,0,17.2,338.3
mpp,15.0,3,qpsk-r1/5,w,1,1,0,ctl,ok,0,0,15.7,338.3
mpp,15.0,3,ack-4f,w,3,3,0,ctl,ok,0,0,18.1,338.3
mpp,15.0,3,ack-1f,w,3,3,0,ctl,ok,0,0,19.0,338.3
mpp,15.0,3,w48-16qam-r2/3,w48,19,2,1,data,ok,17,10,14.6,338.3
mpp,15.0,3,ack-1f,w,4,4,0,ctl,ok,0,0,21.2,338.3
mpp,15.0,3,w48-16qam-r2/3,w48,19,2,1,data,ok,10,10,15.4,338.3
mpp,15.0,3,ack-1f,w,3,3,0,ctl,ok,0,0,17.6,338.3
mpp,15.0,3,w48-16qam-r2/3,w48,19,2,1,data,ok,17,0,14.9,338.3
mpp,15.0,3,ack-1f,w,2,2,0,ctl,ok,0,0,19.2,338.3
mpp,15.0,3,w48-16qam-r1/2,w48,19,1,0,data,ok,18,18,16.3,338.3
mpp,15.0,3,ack-1f,w,2,2,0,ctl,ok,0,0,17.9,338.3
mpp,15.0,3,w48-16qam-r1/2,w48,19,1,0,data,ok,18,18,17.0,338.3
mpp,15.0,3,ack-1f,w,2,2,0,ctl,ok,0,0,17.5,338.3
mpp,15.0,3,w48-16qam-r2/3,w48,19,1,0,data,ok,18,18,17.9,338.3
mpp,15.0,3,ack-1f,w,2,2,0,ctl,ok,0,0,20.0,338.3
mpp,15.0,3,w48-16qam-r2/3,w48,19,1,0,data,ok,18,18,16.2,338.3
mpp,15.0,3,ack-1f,w,2,2,0,ctl,ok,0,0,17.8,338.3
mpp,15.0,3,w48-16qam-r2/3,w48,19,1,0,data,ctl_lost,18,0,14.8,338.3
mpp,15.0,3,ack-4f,w,3,3,0,ctl,ok,0,0,17.8,338.3
mpp,15.0,3,ack-4f,w,2,2,0,ctl,ok,0,0,18.7,338.3
mpp,15.0,3,w48-16qam-r1/2,w48,19,1,0,data,ok,18,18,15.1,338.3
mpp,15.0,3,ack-1f,w,2,2,0,ctl,ok,0,0,18.2,338.3
mpp,15.0,3,w48-16qam-r1/2,w48,19,1,0,data,ok,18,18,16.5,338.3
mpp,15.0,3,ack-1f,w,2,2,0,ctl,ok,0,0,16.2,338.3
mpp,15.0,3,w48-16qam-r1/2,w48,19,1,0,data,ok,18,18,16.4,338.3
mpp,15.0,3,ack-1f,w,3,3,0,ctl,ok,0,0,20.1,338.3
mpp,15.0,3,w48-16qam-r2/3,w48,19,2,1,data,ok,17,17,16.2,338.3
mpp,15.0,3,ack-1f,w,3,3,0,ctl,ok,0,0,15.4,338.3
mpp,15.0,3,w48-16qam-r2/3,w48,19,2,1,data,ok,17,17,15.7,338.3
mpp,15.0,3,ack-1f,w,2,2,0,ctl,ok,0,0,16.9,338.3
mpp,15.0,3,w48-16qam-r1/2,w48,19,1,0,data,ok,18,18,16.0,338.3
mpp,15.0,3,ack-1f,w,3,3,0,ctl,ok,0,0,21.0,338.3
mpp,15.0,3,w48-16qam-r2/3,w48,19,2,1,data,ok,17,17,15.6,338.3
mpp,15.0,3,ack-1f,w,3,3,0,ctl,ok,0,0,18.0,338.3
mpp,15.0,3,w48-16qam-r2/3,w48,19,2,1,data,ok,17,17,15.7,338.3
mpp,15.0,3,ack-1f,w,3,3,0,ctl,ok,0,0,18.0,338.3
mpp,15.0,3,w48-16qam-r2/3,w48,19,2,1,data,ok,17,10,14.9,338.3
mpp,15.0,3,ack-1f,w,4,4,0,ctl,ok,0,0,14.0,338.3
mpp,15.0,3,w48-16qam-r2/3,w48,19,2,1,data,ok,10,10,15.1,338.3
mpp,15.0,3,ack-1f,w,3,3,0,ctl,ok,0,0,17.3,338.3
mpp,15.0,3,w48-16qam-r2/3,w48,19,2,1,data,ok,17,17,16.1,338.3
mpp,15.0,3,ack-1f,w,2,2,0,ctl,ok,0,0,18.2,338.3
mpp,15.0,3,w48-16qam-r2/3,w48,19,1,0,data,ok,18,18,15.7,338.3
mpp,15.0,3,ack-1f,w,2,2,0,ctl,ok,0,0,15.7,338.3
mpp,15.0,3,w48-16qam-r2/3,w48,19,1,0,data,ok,18,18,15.8,338.3
mpp,15.0,3,ack-1f,w,2,2,0,ctl,ok,0,0,17.0,338.3
mpp,15.0,3,w48-16qam-r2/3,w48,19,1,0,data,ok,18,18,15.2,338.3
mpp,15.0,3,ack-1f,w,2,2,0,ctl,ok,0,0,15.2,338.3
mpp,15.0,3,w48-16qam-r2/3,w48,19,1,0,data,ok,18,18,16.5,338.3
mpp,15.0,3,ack-1f,w,2,2,0,ctl,ok,0,0,18.1,338.3
mpp,15.0,3,w48-16qam-r2/3,w48,19,1,0,data,ctl_lost,18,5,14.6,338.3
mpp,15.0,3,ack-4f,w,2,2,0,ctl,ok,0,0,18.3,338.3
mpp,15.0,3,ack-4f,w,3,3,0,ctl,ok,0,0,17.8,338.3
mpp,15.0,3,w48-16qam-r2/3,w48,19,2,1,data,ok,17,12,14.6,338.3
mpp,15.0,3,ack-1f,w,4,4,0,ctl,ok,0,0,17.0,338.3
mpp,15.0,3,w48-16qam-r2/3,w48,19,2,1,data,ok,12,11,15.7,338.3
mpp,15.0,3,ack-1f,w,3,3,0,ctl,ok,0,0,19.7,338.3
mpp,15.0,3,w48-16qam-r2/3,w48,19,2,1,data,ok,16,16,15.5,338.3
mpp,15.0,3,ack-1f,w,3,3,0,ctl,ok,0,0,20.3,338.3
mpp,15.0,3,w48-16qam-r2/3,w48,19,2,1,data,ok,17,17,15.6,338.3
mpp,15.0,3,ack-1f,w,2,2,0,ctl,ok,0,0,16.7,338.3
mpp,15.0,3,w48-16qam-r2/3,w48,19,1,0,data,ok,18,18,15.3,338.3
mpp,15.0,3,ack-1f,w,2,2,0,ctl,ok,0,0,14.8,338.3
mpp,15.0,3,w48-16qam-r2/3,w48,19,1,0,data,ok,18,18,15.9,338.3
mpp,15.0,3,ack-1f,w,2,2,0,ctl,ok,0,0,16.7,338.3
mpp,15.0,3,w48-16qam-r2/3,w48,19,1,0,data,ok,18,18,17.0,338.3
mpp,15.0,3,ack-1f,w,2,2,0,ctl,ok,0,0,16.7,338.3
mpp,15.0,3,w48-16qam-r2/3,w48,19,1,0,data,ok,18,18,15.7,338.3
mpp,15.0,3,ack-1f,w,2,2,0,ctl,ok,0,0,20.5,338.3
mpp,15.0,3,w48-16qam-r2/3,w48,19,1,0,data,ok,18,18,15.8,338.3
mpp,15.0,3,ack-1f,w,2,2,0,ctl,ok,0,0,12.8,338.3
mpp,15.0,3,w48-16qam-r2/3,w48,19,1,0,data,ok,18,18,16.2,338.3
mpp,15.0,3,ack-1f,w,2,2,0,ctl,ok,0,0,10.8,338.3
mpp,15.0,3,w48-16qam-r2/3,w48,19,1,0,data,ok,18,18,15.7,338.3
mpp,15.0,3,ack-1f,w,2,2,0,ctl,ok,0,0,17.5,338.3
mpp,15.0,3,w48-16qam-r2/3,w48,19,1,0,data,ok,18,18,15.8,338.3
mpp,15.0,3,ack-1f,w,2,2,0,ctl,ok,0,0,19.5,338.3
mpp,15.0,3,w48-16qam-r2/3,w48,19,1,0,data,ok,18,17,15.2,338.3
mpp,15.0,3,ack-1f,w,3,3,0,ctl,ok,0,0,16.1,338.3
mpp,15.0,3,w48-16qam-r2/3,w48,19,1,0,data,ok,17,17,16.0,338.3
mpp,15.0,3,ack-1f,w,2,2,0,ctl,ok,0,0,19.0,338.3
mpp,15.0,3,w48-16qam-r2/3,w48,19,1,0,data,ok,18,18,16.5,338.3
mpp,15.0,3,ack-1f,w,2,2,0,ctl,ok,0,0,18.7,338.3
mpp,15.0,3,w48-16qam-r2/3,w48,19,1,0,data,ok,18,18,15.7,338.3
mpp,15.0,3,ack-1f,w,2,2,0,ctl,ok,0,0,16.8,338.3
mpp,15.0,3,w48-16qam-r2/3,w48,19,1,0,data,ok,18,18,16.7,338.3
mpp,15.0,3,ack-1f,w,2,2,0,ctl,ok,0,0,18.6,338.3
mpp,15.0,3,w48-16qam-r2/3,w48,19,1,0,data,ok,18,18,15.2,338.3
mpp,15.0,3,ack-1f,w,2,2,0,ctl,ok,0,0,15.7,338.3
mpp,15.0,3,w48-16qam-r2/3,w48,19,1,0,data,ok,18,17,15.8,338.3
mpp,15.0,3,ack-1f,w,3,3,0,ctl,ok,0,0,19.6,338.3
mpp,15.0,3,w48-16qam-r2/3,w48,19,1,0,data,ok,17,17,15.7,338.3
mpp,15.0,5,qpsk-r1/5,w,1,1,0,ctl,ok,0,0,16.5,313.2
mpp,15.0,5,qpsk-r1/5,w,1,1,0,ctl,ok,0,0,16.1,313.2
mpp,15.0,5,ack-4f,w,3,3,0,ctl,ok,0,0,18.5,313.2
mpp,15.0,5,ack-1f,w,2,2,0,ctl,ok,0,0,18.7,313.2
mpp,15.0,5,w48-16qam-r1/2,w48,19,1,0,data,ok,18,18,16.5,313.2
mpp,15.0,5,ack-1f,w,3,3,0,ctl,ok,0,0,21.1,313.2
mpp,15.0,5,w48-16qam-r2/3,w48,19,2,1,data,ok,17,17,16.7,313.2
mpp,15.0,5,ack-1f,w,2,2,0,ctl,ok,0,0,18.5,313.2
mpp,15.0,5,w48-16qam-r2/3,w48,19,1,0,data,ok,18,18,16.3,313.2
mpp,15.0,5,ack-1f,w,3,3,0,ctl,ok,0,0,15.3,313.2
mpp,15.0,5,w48-16qam-r2/3,w48,19,2,1,data,ok,17,17,14.8,313.2
mpp,15.0,5,ack-1f,w,3,3,0,ctl,ok,0,0,17.6,313.2
mpp,15.0,5,w48-16qam-r2/3,w48,19,2,1,data,ok,17,17,15.8,313.2
mpp,15.0,5,ack-1f,w,3,3,0,ctl,ok,0,0,14.8,313.2
mpp,15.0,5,w48-16qam-r2/3,w48,19,2,1,data,ok,17,16,15.7,313.2
mpp,15.0,5,ack-1f,w,3,3,0,ctl,ok,0,0,13.8,313.2
mpp,15.0,5,w48-16qam-r2/3,w48,19,2,1,data,ok,16,16,15.8,313.2
mpp,15.0,5,ack-1f,w,2,2,0,ctl,ok,0,0,15.8,313.2
mpp,15.0,5,w48-16qam-r2/3,w48,19,1,0,data,ctl_lost,18,3,14.9,313.2
mpp,15.0,5,ack-4f,w,3,3,0,ctl,ok,0,0,18.9,313.2
mpp,15.0,5,ack-4f,w,3,3,0,ctl,ok,0,0,17.3,313.2
mpp,15.0,5,w48-16qam-r2/3,w48,19,2,1,data,ok,17,17,15.8,313.2
mpp,15.0,5,ack-1f,w,3,3,0,ctl,ok,0,0,13.9,313.2
mpp,15.0,5,w48-16qam-r2/3,w48,19,2,1,data,ok,17,17,16.1,313.2
mpp,15.0,5,ack-1f,w,3,3,0,ctl,ok,0,0,19.2,313.2
mpp,15.0,5,w48-16qam-r2/3,w48,19,2,1,data,ok,17,17,15.3,313.2
mpp,15.0,5,ack-1f,w,3,3,0,ctl,ok,0,0,17.4,313.2
mpp,15.0,5,w48-16qam-r2/3,w48,19,2,1,data,ok,17,15,15.2,313.2
mpp,15.0,5,ack-1f,w,3,3,0,ctl,ok,0,0,16.7,313.2
mpp,15.0,5,w48-16qam-r2/3,w48,19,2,1,data,ok,15,14,15.3,313.2
mpp,15.0,5,ack-1f,w,4,4,0,ctl,ok,0,0,16.0,313.2
mpp,15.0,5,w48-16qam-r2/3,w48,19,2,1,data,ok,16,16,15.2,313.2
mpp,15.0,5,ack-1f,w,3,3,0,ctl,ok,0,0,16.9,313.2
mpp,15.0,5,w48-16qam-r2/3,w48,19,2,1,data,ok,17,17,16.4,313.2
mpp,15.0,5,ack-1f,w,2,2,0,ctl,ok,0,0,18.2,313.2
mpp,15.0,5,w48-16qam-r2/3,w48,19,1,0,data,ok,18,18,15.5,313.2
mpp,15.0,5,ack-1f,w,2,2,0,ctl,ok,0,0,20.0,313.2
mpp,15.0,5,w48-16qam-r2/3,w48,19,1,0,data,ok,18,18,16.9,313.2
mpp,15.0,5,ack-1f,w,2,2,0,ctl,ok,0,0,20.9,313.2
mpp,15.0,5,w48-16qam-r2/3,w48,19,1,0,data,ok,18,18,14.6,313.2
mpp,15.0,5,ack-1f,w,2,2,0,ctl,ok,0,0,18.4,313.2
mpp,15.0,5,w48-16qam-r2/3,w48,19,1,0,data,ok,18,17,15.3,313.2
mpp,15.0,5,ack-1f,w,3,3,0,ctl,ok,0,0,16.4,313.2
mpp,15.0,5,w48-16qam-r2/3,w48,19,1,0,data,ctl_lost,17,0,14.7,313.2
mpp,15.0,5,ack-4f,w,2,2,0,ctl,ok,0,0,19.3,313.2
mpp,15.0,5,ack-4f,w,4,4,0,ctl,ok,0,0,18.3,313.2
mpp,15.0,5,w48-16qam-r2/3,w48,19,2,1,data,ok,16,16,16.7,313.2
mpp,15.0,5,ack-1f,w,2,2,0,ctl,ok,0,0,17.6,313.2
mpp,15.0,5,w48-16qam-r2/3,w48,19,1,0,data,ok,18,18,16.9,313.2
mpp,15.0,5,ack-1f,w,2,2,0,ctl,ok,0,0,16.8,313.2
mpp,15.0,5,w48-16qam-r2/3,w48,19,1,0,data,ok,18,18,15.9,313.2
mpp,15.0,5,ack-1f,w,2,2,0,ctl,ok,0,0,13.2,313.2
mpp,15.0,5,w48-16qam-r2/3,w48,19,1,0,data,ctl_lost,18,10,15.2,313.2
mpp,15.0,5,ack-4f,w,3,3,0,ctl,ok,0,0,18.4,313.2
mpp,15.0,5,ack-4f,w,2,2,0,ctl,ok,0,0,15.5,313.2
mpp,15.0,5,w48-16qam-r1/2,w48,19,1,0,data,ok,18,18,15.4,313.2
mpp,15.0,5,ack-1f,w,2,2,0,ctl,ok,0,0,15.9,313.2
mpp,15.0,5,w48-16qam-r1/2,w48,19,1,0,data,ok,18,18,17.7,313.2
mpp,15.0,5,ack-1f,w,3,3,0,ctl,ok,0,0,16.5,313.2
mpp,15.0,5,w48-16qam-r2/3,w48,19,2,1,data,ok,17,16,15.2,313.2
mpp,15.0,5,ack-1f,w,4,4,0,ctl,ok,0,0,19.1,313.2
mpp,15.0,5,w48-16qam-r2/3,w48,19,2,1,data,ok,16,16,16.2,313.2
mpp,15.0,5,ack-1f,w,3,3,0,ctl,ok,0,0,15.8,313.2
mpp,15.0,5,w48-16qam-r2/3,w48,19,2,1,data,ok,17,17,16.3,313.2
mpp,15.0,5,ack-1f,w,3,3,0,ctl,ok,0,0,15.2,313.2
mpp,15.0,5,w48-16qam-r2/3,w48,19,2,1,data,ok,17,13,15.3,313.2
mpp,15.0,5,ack-1f,w,4,4,0,ctl,ok,0,0,17.5,313.2
mpp,15.0,5,w48-16qam-r2/3,w48,19,2,1,data,ok,13,0,14.3,313.2
mpp,15.0,5,ack-1f,w,2,2,0,ctl,ok,0,0,17.3,313.2
mpp,15.0,5,w48-16qam-r1/2,w48,19,1,0,data,ok,18,18,16.7,313.2
mpp,15.0,5,ack-1f,w,3,3,0,ctl,ok,0,0,10.5,313.2
mpp,15.0,5,w48-16qam-r2/3,w48,19,2,1,data,ok,17,17,15.9,313.2
mpp,15.0,5,ack-1f,w,2,2,0,ctl,ok,0,0,17.4,313.2
mpp,15.0,5,w48-16qam-r2/3,w48,19,1,0,data,ok,18,11,14.6,313.2
mpp,15.0,5,ack-1f,w,4,4,0,ctl,ok,0,0,18.1,313.2
mpp,15.0,5,w48-16qam-r2/3,w48,19,2,1,data,ok,10,10,16.9,313.2
mpp,15.0,5,ack-1f,w,2,2,0,ctl,ok,0,0,17.5,313.2
mpp,15.0,5,w48-16qam-r2/3,w48,19,1,0,data,ok,18,10,15.4,313.2
mpp,15.0,5,ack-1f,w,3,3,0,ctl,ok,0,0,14.8,313.2
mpp,15.0,5,w48-16qam-r2/3,w48,19,1,0,data,ctl_lost,10,6,14.8,313.2
mpp,15.0,5,ack-4f,w,3,3,0,ctl,ok,0,0,15.7,313.2
mpp,15.0,5,ack-4f,w,4,4,0,ctl,ok,0,0,18.9,313.2
mpp,15.0,5,w48-16qam-r2/3,w48,19,2,1,data,ok,9,6,15.1,313.2
mpp,15.0,5,ack-1f,w,3,3,0,ctl,ok,0,0,18.1,313.2
mpp,15.0,5,w48-16qam-r2/3,w48,19,2,1,data,ok,14,14,16.0,313.2
mpp,15.0,5,ack-1f,w,2,2,0,ctl,ok,0,0,18.5,313.2
mpp,15.0,5,w48-16qam-r1/2,w48,19,1,0,data,ok,18,18,15.9,313.2
mpp,15.0,5,ack-1f,w,3,3,0,ctl,ok,0,0,16.7,313.2
mpp,15.0,5,w48-16qam-r2/3,w48,19,2,1,data,ok,17,17,15.5,313.2
mpp,15.0,5,ack-1f,w,2,2,0,ctl,ok,0,0,21.6,313.2
mpp,15.0,5,w48-16qam-r2/3,w48,19,1,0,data,ok,18,18,15.7,313.2
mpp,15.0,5,ack-1f,w,2,2,0,ctl,ok,0,0,19.3,313.2
mpp,15.0,5,w48-16qam-r2/3,w48,19,1,0,data,ok,18,18,15.0,313.2
mpp,15.0,0,qpsk-r1/5,w,1,1,0,ctl,ok,0,0,17.9,370.2
mpp,15.0,0,qpsk-r1/5,w,1,1,0,ctl,ok,0,0,15.8,370.2
mpp,15.0,0,ack-4f,w,3,3,0,ctl,ok,0,0,16.6,370.2
mpp,15.0,0,ack-1f,w,3,3,0,ctl,ok,0,0,19.8,370.2
mpp,15.0,0,w48-16qam-r2/3,w48,19,2,1,data,ok,17,17,16.3,370.2
mpp,15.0,0,ack-1f,w,3,3,0,ctl,ok,0,0,16.1,370.2
mpp,15.0,0,w48-16qam-r2/3,w48,19,2,1,data,ok,17,17,15.9,370.2
mpp,15.0,0,ack-1f,w,3,3,0,ctl,ok,0,0,16.4,370.2
mpp,15.0,0,w48-16qam-r2/3,w48,19,2,1,data,ok,17,17,16.0,370.2
mpp,15.0,0,ack-1f,w,3,3,0,ctl,ok,0,0,14.5,370.2
mpp,15.0,0,w48-16qam-r2/3,w48,19,2,1,data,ok,17,17,16.3,370.2
mpp,15.0,0,ack-1f,w,2,2,0,ctl,ok,0,0,20.4,370.2
mpp,15.0,0,w48-16qam-r2/3,w48,19,1,0,data,ok,18,18,15.4,370.2
mpp,15.0,0,ack-1f,w,2,2,0,ctl,ok,0,0,18.1,370.2
mpp,15.0,0,w48-16qam-r2/3,w48,19,1,0,data,ok,18,18,15.5,370.2
mpp,15.0,0,ack-1f,w,2,2,0,ctl,ok,0,0,18.4,370.2
mpp,15.0,0,w48-16qam-r2/3,w48,19,1,0,data,ok,18,18,16.2,370.2
mpp,15.0,0,ack-1f,w,2,2,0,ctl,ok,0,0,15.5,370.2
mpp,15.0,0,w48-16qam-r2/3,w48,19,1,0,data,ok,18,18,16.6,370.2
mpp,15.0,0,ack-1f,w,2,2,0,ctl,ok,0,0,18.7,370.2
mpp,15.0,0,w48-16qam-r2/3,w48,19,1,0,data,ok,18,18,16.3,370.2
mpp,15.0,0,ack-1f,w,2,2,0,ctl,ok,0,0,19.8,370.2
mpp,15.0,0,w48-16qam-r2/3,w48,19,1,0,data,ok,18,18,16.2,370.2
mpp,15.0,0,ack-1f,w,2,2,0,ctl,ok,0,0,16.2,370.2
mpp,15.0,0,w48-16qam-r2/3,w48,19,1,0,data,ok,18,18,15.8,370.2
mpp,15.0,0,ack-1f,w,2,2,0,ctl,ok,0,0,15.4,370.2
mpp,15.0,0,w48-16qam-r2/3,w48,19,1,0,data,ctl_lost,18,0,14.6,370.2
mpp,15.0,0,ack-4f,w,3,3,0,ctl,ok,0,0,18.9,370.2
mpp,15.0,0,ack-4f,w,3,3,0,ctl,ok,0,0,17.4,370.2
mpp,15.0,0,w48-16qam-r2/3,w48,19,2,1,data,ok,17,0,13.9,370.2
mpp,15.0,0,ack-1f,w,3,3,0,ctl,ok,0,0,18.9,370.2
mpp,15.0,0,w48-16qam-r2/3,w48,19,2,1,data,ok,0,0,15.9,370.2
mpp,15.0,0,ack-1f,w,3,3,0,ctl,ok,0,0,19.4,370.2
mpp,15.0,0,w48-16qam-r2/3,w48,19,2,1,data,ok,17,17,15.5,370.2
mpp,15.0,0,ack-1f,w,3,3,0,ctl,ok,0,0,21.4,370.2
mpp,15.0,0,w48-16qam-r2/3,w48,19,2,1,data,ok,17,17,15.6,370.2
mpp,15.0,0,ack-1f,w,2,2,0,ctl,ok,0,0,20.4,370.2
mpp,15.0,0,w48-16qam-r2/3,w48,19,1,0,data,ok,18,18,16.1,370.2
mpp,15.0,0,ack-1f,w,2,2,0,ctl,ok,0,0,18.0,370.2
mpp,15.0,0,w48-16qam-r2/3,w48,19,1,0,data,ok,18,18,16.0,370.2
mpp,15.0,0,ack-1f,w,2,2,0,ctl,ok,0,0,18.4,370.2
mpp,15.0,0,w48-16qam-r2/3,w48,19,1,0,data,ok,18,18,15.8,370.2
mpp,15.0,0,ack-1f,w,2,2,0,ctl,ok,0,0,18.1,370.2
mpp,15.0,0,w48-16qam-r2/3,w48,19,1,0,data,ok,18,18,16.5,370.2
mpp,15.0,0,ack-1f,w,2,2,0,ctl,ok,0,0,16.9,370.2
mpp,15.0,0,w48-16qam-r2/3,w48,19,1,0,data,ok,18,18,16.3,370.2
mpp,15.0,0,ack-1f,w,2,2,0,ctl,ok,0,0,10.0,370.2
mpp,15.0,0,w48-16qam-r2/3,w48,19,1,0,data,ok,18,18,16.3,370.2
mpp,15.0,0,ack-1f,w,2,2,0,ctl,ok,0,0,16.9,370.2
mpp,15.0,0,w48-16qam-r2/3,w48,19,1,0,data,ok,18,18,16.2,370.2
mpp,15.0,0,ack-1f,w,2,2,0,ctl,ok,0,0,15.4,370.2
mpp,15.0,0,w48-16qam-r2/3,w48,19,1,0,data,ok,18,18,16.7,370.2
mpp,15.0,0,ack-1f,w,2,2,0,ctl,ok,0,0,19.8,370.2
mpp,15.0,0,w48-16qam-r2/3,w48,19,1,0,data,ok,18,18,15.3,370.2
mpp,15.0,0,ack-1f,w,2,2,0,ctl,ok,0,0,14.9,370.2
mpp,15.0,0,w48-16qam-r2/3,w48,19,1,0,data,ok,18,18,16.0,370.2
mpp,15.0,0,ack-1f,w,2,2,0,ctl,ok,0,0,18.5,370.2
mpp,15.0,0,w48-16qam-r2/3,w48,19,1,0,data,ok,18,18,15.9,370.2
mpp,15.0,0,ack-1f,w,2,2,0,ctl,ok,0,0,14.2,370.2
mpp,15.0,0,w48-16qam-r2/3,w48,19,1,0,data,ok,18,18,16.2,370.2
mpp,15.0,0,ack-1f,w,2,2,0,ctl,ok,0,0,8.2,370.2
mpp,15.0,0,w48-16qam-r2/3,w48,19,1,0,data,ctl_lost,18,6,14.4,370.2
mpp,15.0,0,ack-4f,w,3,3,0,ctl,ok,0,0,17.1,370.2
mpp,15.0,0,ack-4f,w,3,3,0,ctl,ok,0,0,20.2,370.2
mpp,15.0,0,w48-16qam-r2/3,w48,19,2,1,data,ok,17,17,15.9,370.2
mpp,15.0,0,ack-1f,w,3,3,0,ctl,ok,0,0,16.5,370.2
mpp,15.0,0,w48-16qam-r2/3,w48,19,2,1,data,ok,17,16,14.6,370.2
mpp,15.0,0,ack-1f,w,3,3,0,ctl,ok,0,0,19.3,370.2
mpp,15.0,0,w48-16qam-r2/3,w48,19,1,0,data,ok,17,17,16.3,370.2
mpp,15.0,0,ack-1f,w,2,2,0,ctl,ok,0,0,16.4,370.2
mpp,15.0,0,w48-16qam-r2/3,w48,19,1,0,data,ok,18,14,15.0,370.2
mpp,15.0,0,ack-1f,w,3,3,0,ctl,ok,0,0,12.5,370.2
mpp,15.0,0,w48-16qam-r2/3,w48,19,1,0,data,ok,14,14,16.9,370.2
mpp,15.0,0,ack-1f,w,2,2,0,ctl,ok,0,0,17.5,370.2
mpp,15.0,0,w48-16qam-r2/3,w48,19,1,0,data,ok,18,18,16.1,370.2
mpp,15.0,0,ack-1f,w,2,2,0,ctl,ok,0,0,21.9,370.2
mpp,15.0,0,w48-16qam-r2/3,w48,19,1,0,data,ok,18,18,17.1,370.2
mpp,15.0,0,ack-1f,w,2,2,0,ctl,ok,0,0,19.5,370.2
mpp,15.0,0,w48-16qam-r2/3,w48,19,1,0,data,ok,18,18,15.6,370.2
mpp,15.0,0,ack-1f,w,2,2,0,ctl,ok,0,0,16.6,370.2
mpp,15.0,0,w48-16qam-r2/3,w48,19,1,0,data,ok,18,18,16.2,370.2
mpp,15.0,0,ack-1f,w,2,2,0,ctl,ok,0,0,19.2,370.2
mpp,15.0,0,w48-16qam-r2/3,w48,19,1,0,data,ok,18,18,16.5,370.2
mpp,15.0,0,ack-1f,w,2,2,0,ctl,ok,0,0,21.0,370.2
mpp,15.0,0,w48-16qam-r2/3,w48,19,1,0,data,ok,18,18,16.3,370.2
mpp,15.0,0,ack-1f,w,2,2,0,ctl,ok,0,0,16.2,370.2
mpp,15.0,0,w48-16qam-r2/3,w48,19,1,0,data,ok,18,18,15.8,370.2
mpp,15.0,0,ack-1f,w,2,2,0,ctl,ok,0,0,18.0,370.2
mpp,15.0,0,w48-16qam-r2/3,w48,19,1,0,data,ok,18,18,17.1,370.2
mpp,15.0,0,ack-1f,w,2,2,0,ctl,ok,0,0,17.4,370.2
mpp,15.0,0,w48-16qam-r2/3,w48,19,1,0,data,ok,18,18,16.4,370.2
mpp,15.0,0,ack-1f,w,2,2,0,ctl,ok,0,0,11.7,370.2
mpp,15.0,0,w48-16qam-r2/3,w48,19,1,0,data,ok,18,18,16.3,370.2
mpp,15.0,10,qpsk-r1/5,w,1,1,0,ctl,ok,0,0,17.6,293.7
mpp,15.0,10,qpsk-r1/5,w,1,1,0,ctl,ok,0,0,19.3,293.7
mpp,15.0,10,ack-4f,w,3,3,0,ctl,ok,0,0,18.8,293.7
mpp,15.0,10,ack-1f,w,3,3,0,ctl,ok,0,0,17.6,293.7
mpp,15.0,10,w48-16qam-r2/3,w48,19,2,1,data,ok,17,7,14.5,293.7
mpp,15.0,10,ack-1f,w,4,4,0,ctl,ok,0,0,18.8,293.7
mpp,15.0,10,w48-16qam-r2/3,w48,19,2,1,data,ok,7,7,15.6,293.7
mpp,15.0,10,ack-1f,w,3,3,0,ctl,ok,0,0,22.0,293.7
mpp,15.0,10,w48-16qam-r2/3,w48,19,2,1,data,ok,17,17,14.5,293.7
mpp,15.0,10,ack-1f,w,3,3,0,ctl,ok,0,0,19.9,293.7
mpp,15.0,10,w48-16qam-r2/3,w48,19,2,1,data,ok,17,17,17.2,293.7
mpp,15.0,10,ack-1f,w,2,2,0,ctl,ok,0,0,20.2,293.7
mpp,15.0,10,w48-16qam-r2/3,w48,19,1,0,data,ctl_lost,18,12,15.3,293.7
mpp,15.0,10,ack-4f,w,3,3,0,ctl,ok,0,0,18.6,293.7
mpp,15.0,10,ack-4f,w,3,3,0,ctl,ok,0,0,19.0,293.7
mpp,15.0,10,w48-16qam-r2/3,w48,19,2,1,data,ok,17,17,15.9,293.7
mpp,15.0,10,ack-1f,w,3,3,0,ctl,ok,0,0,16.0,293.7
mpp,15.0,10,w48-16qam-r2/3,w48,19,2,1,data,ok,17,17,16.1,293.7
mpp,15.0,10,ack-1f,w,3,3,0,ctl,ok,0,0,14.1,293.7
mpp,15.0,10,w48-16qam-r2/3,w48,19,2,1,data,ok,17,17,17.3,293.7
mpp,15.0,10,ack-1f,w,2,2,0,ctl,ok,0,0,20.7,293.7
mpp,15.0,10,w48-16qam-r2/3,w48,19,1,0,data,ok,18,18,15.7,293.7
mpp,15.0,10,ack-1f,w,2,2,0,ctl,ok,0,0,20.0,293.7
mpp,15.0,10,w48-16qam-r2/3,w48,19,1,0,data,ctl_lost,18,1,14.4,293.7
mpp,15.0,10,ack-4f,w,3,3,0,ctl,ok,0,0,15.1,293.7
mpp,15.0,10,ack-4f,w,3,3,0,ctl,ok,0,0,15.8,293.7
mpp,15.0,10,w48-16qam-r1/2,w48,19,2,1,data,ok,17,17,15.2,293.7
mpp,15.0,10,ack-1f,w,2,2,0,ctl,ok,0,0,15.8,293.7
mpp,15.0,10,w48-16qam-r1/2,w48,19,1,0,data,ok,18,18,15.4,293.7
mpp,15.0,10,ack-1f,w,2,2,0,ctl,ok,0,0,18.3,293.7
mpp,15.0,10,w48-16qam-r1/2,w48,19,1,0,data,ok,18,18,16.4,293.7
mpp,15.0,10,ack-1f,w,2,2,0,ctl,ok,0,0,19.8,293.7
mpp,15.0,10,w48-16qam-r1/2,w48,19,1,0,data,ok,18,18,14.3,293.7
mpp,15.0,10,ack-1f,w,2,2,0,ctl,ok,0,0,17.9,293.7
mpp,15.0,10,w48-16qam-r1/2,w48,19,1,0,data,ok,18,18,16.5,293.7
mpp,15.0,10,ack-1f,w,2,2,0,ctl,ok,0,0,14.3,293.7
mpp,15.0,10,w48-16qam-r1/2,w48,19,1,0,data,ok,18,18,15.9,293.7
mpp,15.0,10,ack-1f,w,2,2,0,ctl,ok,0,0,18.1,293.7
mpp,15.0,10,w48-16qam-r1/2,w48,19,1,0,data,ok,18,18,15.9,293.7
mpp,15.0,10,ack-1f,w,2,2,0,ctl,ok,0,0,13.4,293.7
mpp,15.0,10,w48-16qam-r1/2,w48,19,1,0,data,ok,18,18,15.4,293.7
mpp,15.0,10,ack-1f,w,2,2,0,ctl,ok,0,0,10.2,293.7
mpp,15.0,10,w48-16qam-r1/2,w48,19,1,0,data,ok,18,18,15.3,293.7
mpp,15.0,10,ack-1f,w,2,2,0,ctl,ok,0,0,19.8,293.7
mpp,15.0,10,w48-16qam-r1/2,w48,19,1,0,data,ok,18,18,14.8,293.7
mpp,15.0,10,ack-1f,w,2,2,0,ctl,ok,0,0,13.8,293.7
mpp,15.0,10,w48-16qam-r1/2,w48,19,1,0,data,ok,18,18,16.4,293.7
mpp,15.0,10,ack-1f,w,2,2,0,ctl,ok,0,0,15.9,293.7
mpp,15.0,10,w48-16qam-r1/2,w48,19,1,0,data,ok,18,18,15.7,293.7
mpp,15.0,10,ack-1f,w,2,2,0,ctl,ok,0,0,16.1,293.7
mpp,15.0,10,w48-16qam-r1/2,w48,19,1,0,data,ok,18,18,15.0,293.7
mpp,15.0,10,ack-1f,w,2,2,0,ctl,ok,0,0,15.3,293.7
mpp,15.0,10,w48-16qam-r1/2,w48,19,1,0,data,ok,18,18,15.1,293.7
mpp,15.0,10,ack-1f,w,2,2,0,ctl,ok,0,0,16.4,293.7
mpp,15.0,10,w48-16qam-r1/2,w48,19,1,0,data,ok,18,18,17.3,293.7
mpp,15.0,10,ack-1f,w,2,2,0,ctl,ok,0,0,20.1,293.7
mpp,15.0,10,w48-16qam-r1/2,w48,19,1,0,data,ok,18,18,16.3,293.7
mpp,15.0,10,ack-1f,w,3,3,0,ctl,ok,0,0,15.9,293.7
mpp,15.0,10,w48-16qam-r2/3,w48,19,2,1,data,ok,17,17,15.5,293.7
mpp,15.0,10,ack-1f,w,2,2,0,ctl,ok,0,0,17.5,293.7
mpp,15.0,10,w48-16qam-r1/2,w48,19,1,0,data,ok,18,18,16.6,293.7
mpp,15.0,10,ack-1f,w,2,2,0,ctl,ok,0,0,14.6,293.7
mpp,15.0,10,w48-16qam-r1/2,w48,19,1,0,data,ok,18,18,16.1,293.7
mpp,15.0,10,ack-1f,w,3,3,0,ctl,ok,0,0,18.9,293.7
mpp,15.0,10,w48-16qam-r2/3,w48,19,2,1,data,ok,17,1,13.8,293.7
mpp,15.0,10,ack-1f,w,3,3,0,ctl,ok,0,0,15.1,293.7
mpp,15.0,10,w48-16qam-r1/2,w48,19,1,0,data,ok,18,18,16.0,293.7
mpp,15.0,10,ack-1f,w,2,2,0,ctl,ok,0,0,16.1,293.7
mpp,15.0,10,w48-16qam-r1/2,w48,19,1,0,data,ok,18,18,15.6,293.7
mpp,15.0,10,ack-1f,w,2,2,0,ctl,ok,0,0,17.7,293.7
mpp,15.0,10,w48-16qam-r1/2,w48,19,1,0,data,ok,18,18,15.0,293.7
mpp,15.0,10,ack-1f,w,2,2,0,ctl,ok,0,0,17.4,293.7
mpp,15.0,10,w48-16qam-r1/2,w48,19,1,0,data,ok,18,18,15.7,293.7
mpp,15.0,10,ack-1f,w,2,2,0,ctl,ok,0,0,17.8,293.7
mpp,15.0,10,w48-16qam-r1/2,w48,19,1,0,data,ok,18,18,15.5,293.7
mpp,15.0,10,ack-1f,w,2,2,0,ctl,ok,0,0,15.8,293.7
mpp,15.0,10,w48-16qam-r1/2,w48,19,1,0,data,ok,18,18,15.8,293.7
mpp,15.0,10,ack-1f,w,2,2,0,ctl,ok,0,0,17.1,293.7
mpp,15.0,10,w48-16qam-r1/2,w48,19,1,0,data,ok,18,18,16.6,293.7
mpp,15.0,10,ack-1f,w,2,2,0,ctl,ok,0,0,16.9,293.7
mpp,15.0,10,w48-16qam-r1/2,w48,19,1,0,data,ok,18,18,15.5,293.7
mpp,15.0,10,ack-1f,w,2,2,0,ctl,ok,0,0,20.2,293.7
mpp,15.0,10,w48-16qam-r1/2,w48,19,1,0,data,ok,18,18,15.1,293.7
mpp,15.0,10,ack-1f,w,2,2,0,ctl,ok,0,0,19.9,293.7
mpp,15.0,10,w48-16qam-r1/2,w48,19,1,0,data,ok,18,18,16.0,293.7
mpp,15.0,10,ack-1f,w,2,2,0,ctl,ok,0,0,16.6,293.7
mpp,15.0,10,w48-16qam-r1/2,w48,19,1,0,data,ok,18,18,15.5,293.7
mpp,15.0,10,ack-1f,w,2,2,0,ctl,ok,0,0,19.3,293.7
mpp,15.0,10,w48-16qam-r1/2,w48,19,1,0,data,ok,18,18,15.1,293.7
mpp,15.0,10,ack-1f,w,2,2,0,ctl,ok,0,0,15.8,293.7
mpp,15.0,10,w48-16qam-r1/2,w48,19,1,0,data,ok,18,18,16.6,293.7
mpp,15.0,10,ack-1f,w,2,2,0,ctl,ok,0,0,16.4,293.7
mpp,15.0,10,w48-16qam-r1/2,w48,19,1,0,data,ok,18,18,15.8,293.7
mpp,15.0,7,qpsk-r1/5,w,1,1,0,ctl,ok,0,0,16.9,348.5
mpp,15.0,7,qpsk-r1/5,w,1,1,0,ctl,ok,0,0,17.7,348.5
mpp,15.0,7,ack-4f,w,2,2,0,ctl,ok,0,0,17.2,348.5
mpp,15.0,7,ack-1f,w,2,2,0,ctl,ok,0,0,20.5,348.5
mpp,15.0,7,w48-16qam-r1/2,w48,19,1,0,data,ok,18,18,16.6,348.5
mpp,15.0,7,ack-1f,w,3,3,0,ctl,ok,0,0,17.2,348.5
mpp,15.0,7,w48-16qam-r2/3,w48,19,2,1,data,ok,17,17,16.3,348.5
mpp,15.0,7,ack-1f,w,3,3,0,ctl,ok,0,0,17.3,348.5
mpp,15.0,7,w48-16qam-r2/3,w48,19,2,1,data,ok,17,17,15.9,348.5
mpp,15.0,7,ack-1f,w,3,3,0,ctl,ok,0,0,16.9,348.5
mpp,15.0,7,w48-16qam-r2/3,w48,19,2,1,data,ok,17,17,17.0,348.5
mpp,15.0,7,ack-1f,w,2,2,0,ctl,ok,0,0,15.7,348.5
mpp,15.0,7,w48-16qam-r2/3,w48,19,1,0,data,ok,18,18,16.1,348.5
mpp,15.0,7,ack-1f,w,2,2,0,ctl,ok,0,0,20.1,348.5
mpp,15.0,7,w48-16qam-r2/3,w48,19,1,0,data,ok,18,18,17.1,348.5
mpp,15.0,7,ack-1f,w,2,2,0,ctl,ok,0,0,17.1,348.5
mpp,15.0,7,w48-16qam-r2/3,w48,19,1,0,data,ok,18,17,15.6,348.5
mpp,15.0,7,ack-1f,w,3,3,0,ctl,ok,0,0,19.2,348.5
mpp,15.0,7,w48-16qam-r2/3,w48,19,1,0,data,ctl_lost,17,12,15.4,348.5
mpp,15.0,7,ack-4f,w,3,3,0,ctl,ok,0,0,19.0,348.5
mpp,15.0,7,ack-4f,w,3,3,0,ctl,ok,0,0,18.4,348.5
mpp,15.0,7,w48-16qam-r2/3,w48,19,2,1,data,ok,16,16,16.6,348.5
mpp,15.0,7,ack-1f,w,3,3,0,ctl,ok,0,0,14.4,348.5
mpp,15.0,7,w48-16qam-r2/3,w48,19,2,1,data,ok,17,17,16.6,348.5
mpp,15.0,7,ack-1f,w,3,3,0,ctl,ok,0,0,14.6,348.5
mpp,15.0,7,w48-16qam-r2/3,w48,19,2,1,data,ok,17,17,15.8,348.5
mpp,15.0,7,ack-1f,w,3,3,0,ctl,ok,0,0,11.8,348.5
mpp,15.0,7,w48-16qam-r2/3,w48,19,2,1,data,ok,17,17,16.8,348.5
mpp,15.0,7,ack-1f,w,3,3,0,ctl,ok,0,0,19.2,348.5
mpp,15.0,7,w48-16qam-r2/3,w48,19,2,1,data,ok,17,17,16.7,348.5
mpp,15.0,7,ack-1f,w,2,2,0,ctl,ok,0,0,16.8,348.5
mpp,15.0,7,w48-16qam-r2/3,w48,19,1,0,data,ok,18,18,15.7,348.5
mpp,15.0,7,ack-1f,w,3,3,0,ctl,ok,0,0,20.2,348.5
mpp,15.0,7,w48-16qam-r2/3,w48,19,2,1,data,ok,17,17,16.2,348.5
mpp,15.0,7,ack-1f,w,2,2,0,ctl,ok,0,0,19.4,348.5
mpp,15.0,7,w48-16qam-r2/3,w48,19,1,0,data,ok,18,18,15.7,348.5
mpp,15.0,7,ack-1f,w,2,2,0,ctl,ok,0,0,17.7,348.5
mpp,15.0,7,w48-16qam-r2/3,w48,19,1,0,data,ok,18,18,15.4,348.5
mpp,15.0,7,ack-1f,w,2,2,0,ctl,ok,0,0,16.0,348.5
mpp,15.0,7,w48-16qam-r2/3,w48,19,1,0,data,ok,18,18,16.6,348.5
mpp,15.0,7,ack-1f,w,2,2,0,ctl,ok,0,0,18.6,348.5
mpp,15.0,7,w48-16qam-r2/3,w48,19,1,0,data,ok,18,18,16.1,348.5
mpp,15.0,7,ack-1f,w,2,2,0,ctl,ok,0,0,19.2,348.5
mpp,15.0,7,w48-16qam-r2/3,w48,19,1,0,data,ok,18,18,16.9,348.5
mpp,15.0,7,ack-1f,w,2,2,0,ctl,ok,0,0,21.4,348.5
mpp,15.0,7,w48-16qam-r2/3,w48,19,1,0,data,ok,18,18,15.7,348.5
mpp,15.0,7,ack-1f,w,2,2,0,ctl,ok,0,0,18.7,348.5
mpp,15.0,7,w48-16qam-r2/3,w48,19,1,0,data,ok,18,18,15.6,348.5
mpp,15.0,7,ack-1f,w,2,2,0,ctl,ok,0,0,19.0,348.5
mpp,15.0,7,w48-16qam-r2/3,w48,19,1,0,data,ok,18,18,16.4,348.5
mpp,15.0,7,ack-1f,w,2,2,0,ctl,ok,0,0,19.9,348.5
mpp,15.0,7,w48-16qam-r2/3,w48,19,1,0,data,ok,18,18,16.2,348.5
mpp,15.0,7,ack-1f,w,2,2,0,ctl,ok,0,0,18.7,348.5
mpp,15.0,7,w48-16qam-r2/3,w48,19,1,0,data,ok,18,18,15.5,348.5
mpp,15.0,7,ack-1f,w,2,2,0,ctl,ok,0,0,17.1,348.5
mpp,15.0,7,w48-16qam-r2/3,w48,19,1,0,data,ok,18,18,16.4,348.5
mpp,15.0,7,ack-1f,w,2,2,0,ctl,ok,0,0,17.3,348.5
mpp,15.0,7,w48-16qam-r2/3,w48,19,1,0,data,ok,18,18,16.4,348.5
mpp,15.0,7,ack-1f,w,2,2,0,ctl,ok,0,0,18.1,348.5
mpp,15.0,7,w48-16qam-r2/3,w48,19,1,0,data,ok,18,18,16.4,348.5
mpp,15.0,7,ack-1f,w,2,2,0,ctl,ok,0,0,14.6,348.5
mpp,15.0,7,w48-16qam-r2/3,w48,19,1,0,data,ok,18,8,14.5,348.5
mpp,15.0,7,ack-1f,w,3,3,0,ctl,ok,0,0,14.6,348.5
mpp,15.0,7,w48-16qam-r2/3,w48,19,1,0,data,ok,8,8,15.6,348.5
mpp,15.0,7,ack-1f,w,2,2,0,ctl,ok,0,0,20.5,348.5
mpp,15.0,7,w48-16qam-r2/3,w48,19,1,0,data,ok,18,18,16.3,348.5
mpp,15.0,7,ack-1f,w,2,2,0,ctl,ok,0,0,18.8,348.5
mpp,15.0,7,w48-16qam-r2/3,w48,19,1,0,data,ok,18,18,16.5,348.5
mpp,15.0,7,ack-1f,w,2,2,0,ctl,ok,0,0,15.4,348.5
mpp,15.0,7,w48-16qam-r2/3,w48,19,1,0,data,ctl_lost,18,10,15.1,348.5
mpp,15.0,7,ack-4f,w,2,2,0,ctl,ok,0,0,20.1,348.5
mpp,15.0,7,ack-4f,w,2,2,0,ctl,ok,0,0,19.3,348.5
mpp,15.0,7,w48-16qam-r2/3,w48,19,1,0,data,ok,18,18,15.8,348.5
mpp,15.0,7,ack-1f,w,2,2,0,ctl,ok,0,0,21.0,348.5
mpp,15.0,7,w48-16qam-r2/3,w48,19,1,0,data,ok,18,18,16.5,348.5
mpp,15.0,7,ack-1f,w,2,2,0,ctl,ok,0,0,17.5,348.5
mpp,15.0,7,w48-16qam-r2/3,w48,19,1,0,data,ok,18,9,14.7,348.5
mpp,15.0,7,ack-1f,w,3,3,0,ctl,ok,0,0,16.5,348.5
mpp,15.0,7,w48-16qam-r2/3,w48,19,1,0,data,ok,9,8,15.7,348.5
mpp,15.0,7,ack-1f,w,3,3,0,ctl,ok,0,0,19.0,348.5
mpp,15.0,7,w48-16qam-r2/3,w48,19,2,1,data,ok,16,16,17.6,348.5
mpp,15.0,7,ack-1f,w,2,2,0,ctl,ok,0,0,20.9,348.5
mpp,15.0,7,w48-16qam-r2/3,w48,19,1,0,data,ctl_lost,18,8,14.5,348.5
mpp,15.0,7,ack-4f,w,3,3,0,ctl,ok,0,0,16.3,348.5
mpp,15.0,7,ack-4f,w,2,2,0,ctl,ok,0,0,18.9,348.5
mpp,15.0,7,w48-16qam-r1/2,w48,19,1,0,data,ok,18,18,15.0,348.5
mpp,15.0,7,ack-1f,w,2,2,0,ctl,ok,0,0,17.7,348.5
mpp,15.0,7,w48-16qam-r1/2,w48,19,1,0,data,ok,18,18,16.1,348.5
mpp,15.0,7,ack-1f,w,3,3,0,ctl,ok,0,0,15.6,348.5
mpp,15.0,7,w48-16qam-r2/3,w48,19,2,1,data,ok,17,17,15.7,348.5
mpp,15.0,7,ack-1f,w,3,3,0,ctl,ok,0,0,19.0,348.5
mpp,15.0,7,w48-16qam-r2/3,w48,19,2,1,data,ok,17,13,14.7,348.5
mpp,15.0,7,ack-1f,w,3,3,0,ctl,ok,0,0,12.8,348.5
mpp,15.0,7,w48-16qam-r2/3,w48,19,2,1,data,ok,13,13,16.3,348.5
mpp,15.0,9,qpsk-r1/5,w,1,1,0,ctl,ok,0,0,16.0,328.1
mpp,15.0,9,qpsk-r1/5,w,1,1,0,ctl,ok,0,0,15.5,328.1
mpp,15.0,9,ack-4f,w,3,3,0,ctl,ok,0,0,17.2,328.1
mpp,15.0,9,ack-1f,w,2,2,0,ctl,ok,0,0,15.5,328.1
mpp,15.0,9,w48-16qam-r1/2,w48,19,1,0,data,ok,18,18,14.9,328.1
mpp,15.0,9,ack-1f,w,2,2,0,ctl,ok,0,0,16.9,328.1
mpp,15.0,9,w48-16qam-r1/2,w48,19,1,0,data,ok,18,18,14.1,328.1
mpp,15.0,9,ack-1f,w,2,2,0,ctl,ok,0,0,18.4,328.1
mpp,15.0,9,w48-16qam-r1/2,w48,19,1,0,data,ok,18,18,17.0,328.1
mpp,15.0,9,ack-1f,w,3,3,0,ctl,ok,0,0,15.6,328.1
mpp,15.0,9,w48-16qam-r2/3,w48,19,2,1,data,ok,17,17,16.5,328.1
mpp,15.0,9,ack-1f,w,2,2,0,ctl,ok,0,0,17.0,328.1
mpp,15.0,9,w48-16qam-r2/3,w48,19,1,0,data,ok,18,18,15.9,328.1
mpp,15.0,9,ack-1f,w,3,3,0,ctl,ok,0,0,19.0,328.1
mpp,15.0,9,w48-16qam-r2/3,w48,19,2,1,data,ok,17,17,16.2,328.1
mpp,15.0,9,ack-1f,w,3,3,0,ctl,ok,0,0,14.3,328.1
mpp,15.0,9,w48-16qam-r2/3,w48,19,2,1,data,ok,17,16,15.0,328.1
mpp,15.0,9,ack-1f,w,3,3,0,ctl,ok,0,0,16.6,328.1
mpp,15.0,9,w48-16qam-r2/3,w48,19,2,1,data,ok,16,16,15.5,328.1
mpp,15.0,9,ack-1f,w,3,3,0,ctl,ok,0,0,18.9,328.1
mpp,15.0,9,w48-16qam-r2/3,w48,19,2,1,data,ok,17,17,17.5,328.1
mpp,15.0,9,ack-1f,w,2,2,0,ctl,ok,0,0,14.9,328.1
mpp,15.0,9,w48-16qam-r2/3,w48,19,1,0,data,ok,18,18,16.1,328.1
mpp,15.0,9,ack-1f,w,2,2,0,ctl,ok,0,0,14.0,328.1
mpp,15.0,9,w48-16qam-r2/3,w48,19,1,0,data,ok,18,18,15.4,328.1
mpp,15.0,9,ack-1f,w,2,2,0,ctl,ok,0,0,14.9,328.1
mpp,15.0,9,w48-16qam-r2/3,w48,19,1,0,data,ok,18,18,16.5,328.1
mpp,15.0,9,ack-1f,w,2,2,0,ctl,ok,0,0,18.2,328.1
mpp,15.0,9,w48-16qam-r2/3,w48,19,1,0,data,ok,18,18,16.3,328.1
mpp,15.0,9,ack-1f,w,2,2,0,ctl,ok,0,0,19.8,328.1
mpp,15.0,9,w48-16qam-r2/3,w48,19,1,0,data,ctl_lost,18,2,14.3,328.1
mpp,15.0,9,ack-4f,w,3,3,0,ctl,ok,0,0,15.7,328.1
mpp,15.0,9,ack-4f,w,2,2,0,ctl,ok,0,0,16.8,328.1
mpp,15.0,9,w48-16qam-r1/2,w48,19,1,0,data,ok,18,18,15.8,328.1
mpp,15.0,9,ack-1f,w,3,3,0,ctl,ok,0,0,19.1,328.1
mpp,15.0,9,w48-16qam-r2/3,w48,19,2,1,data,ok,17,17,16.2,328.1
mpp,15.0,9,ack-1f,w,3,3,0,ctl,ok,0,0,17.9,328.1
mpp,15.0,9,w48-16qam-r2/3,w48,19,2,1,data,ok,17,17,16.1,328.1
mpp,15.0,9,ack-1f,w,3,3,0,ctl,ok,0,0,16.8,328.1
mpp,15.0,9,w48-16qam-r2/3,w48,19,2,1,data,ok,17,17,16.5,328.1
mpp,15.0,9,ack-1f,w,2,2,0,ctl,ok,0,0,17.8,328.1
mpp,15.0,9,w48-16qam-r2/3,w48,19,1,0,data,ok,18,18,16.8,328.1
mpp,15.0,9,ack-1f,w,2,2,0,ctl,ok,0,0,15.2,328.1
mpp,15.0,9,w48-16qam-r2/3,w48,19,1,0,data,ok,18,18,15.7,328.1
mpp,15.0,9,ack-1f,w,2,2,0,ctl,ok,0,0,21.8,328.1
mpp,15.0,9,w48-16qam-r2/3,w48,19,1,0,data,ok,18,18,15.8,328.1
mpp,15.0,9,ack-1f,w,2,2,0,ctl,ok,0,0,13.9,328.1
mpp,15.0,9,w48-16qam-r2/3,w48,19,1,0,data,ok,18,17,15.2,328.1
mpp,15.0,9,ack-1f,w,3,3,0,ctl,ok,0,0,12.4,328.1
mpp,15.0,9,w48-16qam-r2/3,w48,19,1,0,data,ok,17,17,16.5,328.1
mpp,15.0,9,ack-1f,w,2,2,0,ctl,ok,0,0,17.3,328.1
mpp,15.0,9,w48-16qam-r2/3,w48,19,1,0,data,ctl_lost,18,14,15.3,328.1
mpp,15.0,9,ack-4f,w,2,2,0,ctl,ok,0,0,19.5,328.1
mpp,15.0,9,ack-4f,w,3,3,0,ctl,ok,0,0,19.2,328.1
mpp,15.0,9,w48-16qam-r2/3,w48,19,2,1,data,ok,17,8,15.3,328.1
mpp,15.0,9,ack-1f,w,4,4,0,ctl,ok,0,0,16.0,328.1
mpp,15.0,9,w48-16qam-r2/3,w48,19,2,1,data,ok,8,8,15.2,328.1
mpp,15.0,9,ack-1f,w,3,3,0,ctl,ok,0,0,20.4,328.1
mpp,15.0,9,w48-16qam-r2/3,w48,19,2,1,data,ok,17,17,16.8,328.1
mpp,15.0,9,ack-1f,w,2,2,0,ctl,ok,0,0,18.3,328.1
mpp,15.0,9,w48-16qam-r2/3,w48,19,1,0,data,ctl_lost,18,14,15.2,328.1
mpp,15.0,9,ack-4f,w,3,3,0,ctl,ok,0,0,17.8,328.1
mpp,15.0,9,ack-4f,w,2,2,0,ctl,ok,0,0,17.8,328.1
mpp,15.0,9,w48-16qam-r1/2,w48,19,1,0,data,ok,18,18,16.0,328.1
mpp,15.0,9,ack-1f,w,2,2,0,ctl,ok,0,0,18.2,328.1
mpp,15.0,9,w48-16qam-r1/2,w48,19,1,0,data,ok,18,18,15.7,328.1
mpp,15.0,9,ack-1f,w,2,2,0,ctl,ok,0,0,17.8,328.1
mpp,15.0,9,w48-16qam-r1/2,w48,19,1,0,data,ok,18,18,15.0,328.1
mpp,15.0,9,ack-1f,w,2,2,0,ctl,ok,0,0,16.5,328.1
mpp,15.0,9,w48-16qam-r1/2,w48,19,1,0,data,ok,18,18,15.7,328.1
mpp,15.0,9,ack-1f,w,2,2,0,ctl,ok,0,0,16.6,328.1
mpp,15.0,9,w48-16qam-r1/2,w48,19,1,0,data,ok,18,18,15.2,328.1
mpp,15.0,9,ack-1f,w,2,2,0,ctl,ok,0,0,16.2,328.1
mpp,15.0,9,w48-16qam-r1/2,w48,19,1,0,data,ok,18,18,14.5,328.1
mpp,15.0,9,ack-1f,w,2,2,0,ctl,ok,0,0,22.1,328.1
mpp,15.0,9,w48-16qam-r1/2,w48,19,1,0,data,ok,18,18,15.6,328.1
mpp,15.0,9,ack-1f,w,2,2,0,ctl,ok,0,0,21.1,328.1
mpp,15.0,9,w48-16qam-r1/2,w48,19,1,0,data,ok,18,18,15.0,328.1
mpp,15.0,9,ack-1f,w,2,2,0,ctl,ok,0,0,16.1,328.1
mpp,15.0,9,w48-16qam-r1/2,w48,19,1,0,data,ok,18,18,15.7,328.1
mpp,15.0,9,ack-1f,w,2,2,0,ctl,ok,0,0,18.7,328.1
mpp,15.0,9,w48-16qam-r1/2,w48,19,1,0,data,ok,18,18,15.7,328.1
mpp,15.0,9,ack-1f,w,2,2,0,ctl,ok,0,0,18.7,328.1
mpp,15.0,9,w48-16qam-r1/2,w48,19,1,0,data,ok,18,18,16.4,328.1
mpp,15.0,9,ack-1f,w,3,3,0,ctl,ok,0,0,17.9,328.1
mpp,15.0,9,w48-16qam-r2/3,w48,19,2,1,data,ok,17,17,16.9,328.1
mpp,15.0,9,ack-1f,w,3,3,0,ctl,ok,0,0,18.4,328.1
mpp,15.0,9,w48-16qam-r2/3,w48,19,2,1,data,ok,17,17,15.4,328.1
mpp,15.0,9,ack-1f,w,3,3,0,ctl,ok,0,0,19.8,328.1
mpp,15.0,9,w48-16qam-r2/3,w48,19,2,1,data,ok,17,17,16.1,328.1
mpp,15.0,9,ack-1f,w,3,3,0,ctl,ok,0,0,15.2,328.1
mpp,15.0,9,w48-16qam-r2/3,w48,19,2,1,data,ok,17,17,16.3,328.1
mpp,15.0,9,ack-1f,w,3,3,0,ctl,ok,0,0,17.8,328.1
mpp,15.0,9,w48-16qam-r2/3,w48,19,2,1,data,ok,17,17,16.4,328.1
mpp,15.0,1,qpsk-r1/5,w,1,1,0,ctl,ok,0,0,18.1,330.6
mpp,15.0,1,qpsk-r1/5,w,1,1,0,ctl,ok,0,0,19.8,330.6
mpp,15.0,1,ack-4f,w,3,3,0,ctl,ok,0,0,16.6,330.6
mpp,15.0,1,ack-1f,w,3,3,0,ctl,ok,0,0,19.1,330.6
mpp,15.0,1,w48-16qam-r2/3,w48,19,2,1,data,ok,17,11,15.5,330.6
mpp,15.0,1,ack-1f,w,4,4,0,ctl,ok,0,0,16.2,330.6
mpp,15.0,1,w48-16qam-r2/3,w48,19,2,1,data,ok,11,11,15.9,330.6
mpp,15.0,1,ack-1f,w,3,3,0,ctl,ok,0,0,15.5,330.6
mpp,15.0,1,w48-16qam-r2/3,w48,19,2,1,data,ok,17,17,15.6,330.6
mpp,15.0,1,ack-1f,w,3,3,0,ctl,ok,0,0,15.1,330.6
mpp,15.0,1,w48-16qam-r2/3,w48,19,2,1,data,ok,17,17,15.6,330.6
mpp,15.0,1,ack-1f,w,3,3,0,ctl,ok,0,0,17.6,330.6
mpp,15.0,1,w48-16qam-r2/3,w48,19,2,1,data,ok,17,17,15.9,330.6
mpp,15.0,1,ack-1f,w,2,2,0,ctl,ok,0,0,16.6,330.6
mpp,15.0,1,w48-16qam-r2/3,w48,19,1,0,data,ok,18,18,16.2,330.6
mpp,15.0,1,ack-1f,w,2,2,0,ctl,ok,0,0,16.7,330.6
mpp,15.0,1,w48-16qam-r2/3,w48,19,1,0,data,ok,18,18,15.6,330.6
mpp,15.0,1,ack-1f,w,2,2,0,ctl,ok,0,0,16.4,330.6
mpp,15.0,1,w48-16qam-r2/3,w48,19,1,0,data,ok,18,11,14.4,330.6
mpp,15.0,1,ack-1f,w,3,3,0,ctl,ok,0,0,15.8,330.6
mpp,15.0,1,w48-16qam-r2/3,w48,19,1,0,data,ok,11,11,15.4,330.6
mpp,15.0,1,ack-1f,w,2,2,0,ctl,ok,0,0,17.8,330.6
mpp,15.0,1,w48-16qam-r2/3,w48,19,1,0,data,ok,18,18,15.5,330.6
mpp,15.0,1,ack-1f,w,2,2,0,ctl,ok,0,0,16.3,330.6
mpp,15.0,1,w48-16qam-r2/3,w48,19,1,0,data,ok,18,12,14.5,330.6
mpp,15.0,1,ack-1f,w,3,3,0,ctl,ok,0,0,17.8,330.6
mpp,15.0,1,w48-16qam-r2/3,w48,19,1,0,data,ok,12,12,15.8,330.6
mpp,15.0,1,ack-1f,w,2,2,0,ctl,ok,0,0,20.7,330.6
mpp,15.0,1,w48-16qam-r2/3,w48,19,1,0,data,ok,18,18,15.1,330.6
mpp,15.0,1,ack-1f,w,2,2,0,ctl,ok,0,0,17.6,330.6
mpp,15.0,1,w48-16qam-r2/3,w48,19,1,0,data,ctl_lost,18,1,14.0,330.6
mpp,15.0,1,ack-4f,w,3,3,0,ctl,ok,0,0,15.5,330.6
mpp,15.0,1,ack-4f,w,3,3,0,ctl,ok,0,0,18.6,330.6
mpp,15.0,1,w48-16qam-r1/2,w48,19,2,1,data,ok,17,17,16.1,330.6
mpp,15.0,1,ack-1f,w,3,3,0,ctl,ok,0,0,18.6,330.6
mpp,15.0,1,w48-16qam-r2/3,w48,19,2,1,data,ok,17,17,16.3,330.6
mpp,15.0,1,ack-1f,w,2,2,0,ctl,ok,0,0,16.4,330.6
mpp,15.0,1,w48-16qam-r2/3,w48,19,1,0,data,ok,18,18,16.0,330.6
mpp,15.0,1,ack-1f,w,2,2,0,ctl,ok,0,0,13.9,330.6
mpp,15.0,1,w48-16qam-r2/3,w48,19,1,0,data,ok,18,18,16.2,330.6
mpp,15.0,1,ack-1f,w,2,2,0,ctl,ok,0,0,18.0,330.6
mpp,15.0,1,w48-16qam-r2/3,w48,19,1,0,data,ctl_lost,18,3,13.7,330.6
mpp,15.0,1,ack-4f,w,3,3,0,ctl,ok,0,0,17.3,330.6
mpp,15.0,1,ack-4f,w,2,2,0,ctl,ok,0,0,17.2,330.6
mpp,15.0,1,w48-16qam-r1/2,w48,19,1,0,data,ok,18,18,16.1,330.6
mpp,15.0,1,ack-1f,w,2,2,0,ctl,ok,0,0,15.8,330.6
mpp,15.0,1,w48-16qam-r1/2,w48,19,1,0,data,ok,18,18,14.8,330.6
mpp,15.0,1,ack-1f,w,2,2,0,ctl,ok,0,0,16.1,330.6
mpp,15.0,1,w48-16qam-r1/2,w48,19,1,0,data,ok,18,18,16.9,330.6
mpp,15.0,1,ack-1f,w,3,3,0,ctl,ok,0,0,19.8,330.6
mpp,15.0,1,w48-16qam-r2/3,w48,19,2,1,data,ok,17,17,15.9,330.6
mpp,15.0,1,ack-1f,w,3,3,0,ctl,ok,0,0,15.1,330.6
mpp,15.0,1,w48-16qam-r2/3,w48,19,2,1,data,ok,17,17,16.4,330.6
mpp,15.0,1,ack-1f,w,3,3,0,ctl,ok,0,0,18.1,330.6
mpp,15.0,1,w48-16qam-r2/3,w48,19,2,1,data,ok,17,17,16.2,330.6
mpp,15.0,1,ack-1f,w,3,3,0,ctl,ok,0,0,18.8,330.6
mpp,15.0,1,w48-16qam-r2/3,w48,19,2,1,data,ok,17,17,16.1,330.6
mpp,15.0,1,ack-1f,w,3,3,0,ctl,ok,0,0,17.3,330.6
mpp,15.0,1,w48-16qam-r2/3,w48,19,2,1,data,ok,17,12,15.1,330.6
mpp,15.0,1,ack-1f,w,4,4,0,ctl,ok,0,0,14.4,330.6
mpp,15.0,1,w48-16qam-r2/3,w48,19,2,1,data,ok,12,12,15.4,330.6
mpp,15.0,1,ack-1f,w,3,3,0,ctl,ok,0,0,18.2,330.6
mpp,15.0,1,w48-16qam-r2/3,w48,19,2,1,data,ok,17,17,16.1,330.6
mpp,15.0,1,ack-1f,w,2,2,0,ctl,ok,0,0,14.5,330.6
mpp,15.0,1,w48-16qam-r2/3,w48,19,1,0,data,ok,18,18,16.3,330.6
mpp,15.0,1,ack-1f,w,2,2,0,ctl,ok,0,0,16.2,330.6
mpp,15.0,1,w48-16qam-r2/3,w48,19,1,0,data,ctl_lost,18,0,14.1,330.6
mpp,15.0,1,ack-4f,w,3,3,0,ctl,ok,0,0,16.7,330.6
mpp,15.0,1,ack-4f,w,2,2,0,ctl,ok,0,0,15.5,330.6
mpp,15.0,1,w48-16qam-r1/2,w48,19,1,0,data,ok,18,18,16.1,330.6
mpp,15.0,1,ack-1f,w,3,3,0,ctl,ok,0,0,15.1,330.6
mpp,15.0,1,w48-16qam-r2/3,w48,19,2,1,data,ok,17,17,16.6,330.6
mpp,15.0,1,ack-1f,w,3,3,0,ctl,ok,0,0,15.3,330.6
mpp,15.0,1,w48-16qam-r2/3,w48,19,2,1,data,ok,17,14,14.7,330.6
mpp,15.0,1,ack-1f,w,4,4,0,ctl,ok,0,0,17.7,330.6
mpp,15.0,1,w48-16qam-r2/3,w48,19,2,1,data,ok,14,14,16.5,330.6
mpp,15.0,1,ack-1f,w,3,3,0,ctl,ok,0,0,17.8,330.6
mpp,15.0,1,w48-16qam-r2/3,w48,19,2,1,data,ok,17,16,15.5,330.6
mpp,15.0,1,ack-1f,w,4,4,0,ctl,ok,0,0,15.6,330.6
mpp,15.0,1,w48-16qam-r2/3,w48,19,2,1,data,ok,16,16,15.9,330.6
mpp,15.0,1,ack-1f,w,3,3,0,ctl,ok,0,0,17.5,330.6
mpp,15.0,1,w48-16qam-r2/3,w48,19,2,1,data,ok,17,16,15.3,330.6
mpp,15.0,1,ack-1f,w,3,3,0,ctl,ok,0,0,20.9,330.6
mpp,15.0,1,w48-16qam-r2/3,w48,19,1,0,data,ok,17,17,16.3,330.6
mpp,15.0,1,ack-1f,w,2,2,0,ctl,ok,0,0,18.5,330.6
mpp,15.0,1,w48-16qam-r2/3,w48,19,1,0,data,ok,18,18,16.1,330.6
mpp,15.0,1,ack-1f,w,2,2,0,ctl,ok,0,0,20.4,330.6
mpp,15.0,1,w48-16qam-r2/3,w48,19,1,0,data,ok,18,18,16.0,330.6
mpp,15.0,1,ack-1f,w,2,2,0,ctl,ok,0,0,15.9,330.6
mpp,15.0,1,w48-16qam-r2/3,w48,19,1,0,data,ok,18,18,15.3,330.6
mpp,15.0,1,ack-1f,w,2,2,0,ctl,ok,0,0,13.7,330.6
mpp,15.0,1,w48-16qam-r2/3,w48,19,1,0,data,ctl_lost,18,7,15.2,330.6
mpp,15.0,1,ack-4f,w,3,3,0,ctl,ok,0,0,15.9,330.6
mpp,15.0,2,qpsk-r1/5,w,1,1,0,ctl,ok,0,0,17.0,366.4
mpp,15.0,2,qpsk-r1/5,w,1,1,0,ctl,ok,0,0,18.5,366.4
mpp,15.0,2,ack-4f,w,3,3,0,ctl,ok,0,0,16.3,366.4
mpp,15.0,2,ack-1f,w,2,2,0,ctl,ok,0,0,13.0,366.4
mpp,15.0,2,w48-16qam-r1/2,w48,19,1,0,data,ok,18,18,15.8,366.4
mpp,15.0,2,ack-1f,w,3,3,0,ctl,ok,0,0,14.2,366.4
mpp,15.0,2,w48-16qam-r2/3,w48,19,2,1,data,ok,17,17,16.0,366.4
mpp,15.0,2,ack-1f,w,3,3,0,ctl,ok,0,0,16.7,366.4
mpp,15.0,2,w48-16qam-r2/3,w48,19,2,1,data,ok,17,14,14.9,366.4
mpp,15.0,2,ack-1f,w,4,4,0,ctl,ok,0,0,15.7,366.4
mpp,15.0,2,w48-16qam-r2/3,w48,19,2,1,data,ok,14,14,15.5,366.4
mpp,15.0,2,ack-1f,w,3,3,0,ctl,ok,0,0,17.1,366.4
mpp,15.0,2,w48-16qam-r2/3,w48,19,2,1,data,ok,17,16,15.5,366.4
mpp,15.0,2,ack-1f,w,3,3,0,ctl,ok,0,0,16.0,366.4
mpp,15.0,2,w48-16qam-r2/3,w48,19,2,1,data,ok,16,16,16.7,366.4
mpp,15.0,2,ack-1f,w,2,2,0,ctl,ok,0,0,16.5,366.4
mpp,15.0,2,w48-16qam-r2/3,w48,19,1,0,data,ok,18,17,15.6,366.4
mpp,15.0,2,ack-1f,w,3,3,0,ctl,ok,0,0,18.9,366.4
mpp,15.0,2,w48-16qam-r2/3,w48,19,1,0,data,ok,17,17,16.9,366.4
mpp,15.0,2,ack-1f,w,2,2,0,ctl,ok,0,0,16.4,366.4
mpp,15.0,2,w48-16qam-r2/3,w48,19,1,0,data,ctl_lost,18,7,14.7,366.4
mpp,15.0,2,ack-4f,w,3,3,0,ctl,ok,0,0,18.1,366.4
mpp,15.0,2,ack-4f,w,3,3,0,ctl,ok,0,0,16.3,366.4
mpp,15.0,2,w48-16qam-r2/3,w48,19,2,1,data,ok,17,17,16.4,366.4
mpp,15.0,2,ack-1f,w,3,3,0,ctl,ok,0,0,17.8,366.4
mpp,15.0,2,w48-16qam-r2/3,w48,19,2,1,data,ok,17,14,15.1,366.4
mpp,15.0,2,ack-1f,w,3,3,0,ctl,ok,0,0,15.5,366.4
mpp,15.0,2,w48-16qam-r2/3,w48,19,2,1,data,ok,14,14,16.4,366.4
mpp,15.0,2,ack-1f,w,3,3,0,ctl,ok,0,0,17.9,366.4
mpp,15.0,2,w48-16qam-r2/3,w48,19,2,1,data,ok,17,17,16.3,366.4
mpp,15.0,2,ack-1f,w,2,2,0,ctl,ok,0,0,18.5,366.4
mpp,15.0,2,w48-16qam-r2/3,w48,19,1,0,data,ok,18,18,15.4,366.4
mpp,15.0,2,ack-1f,w,2,2,0,ctl,ok,0,0,16.2,366.4
mpp,15.0,2,w48-16qam-r2/3,w48,19,1,0,data,ok,18,18,16.1,366.4
mpp,15.0,2,ack-1f,w,2,2,0,ctl,ok,0,0,18.1,366.4
mpp,15.0,2,w48-16qam-r2/3,w48,19,1,0,data,ok,18,18,16.2,366.4
mpp,15.0,2,ack-1f,w,2,2,0,ctl,ok,0,0,17.5,366.4
mpp,15.0,2,w48-16qam-r2/3,w48,19,1,0,data,ok,18,17,15.2,366.4
mpp,15.0,2,ack-1f,w,3,3,0,ctl,ok,0,0,18.8,366.4
mpp,15.0,2,w48-16qam-r2/3,w48,19,1,0,data,ok,17,17,16.4,366.4
mpp,15.0,2,ack-1f,w,2,2,0,ctl,ok,0,0,16.0,366.4
mpp,15.0,2,w48-16qam-r2/3,w48,19,1,0,data,ok,18,18,16.3,366.4
mpp,15.0,2,ack-1f,w,2,2,0,ctl,ok,0,0,17.9,366.4
mpp,15.0,2,w48-16qam-r2/3,w48,19,1,0,data,ok,18,18,17.7,366.4
mpp,15.0,2,ack-1f,w,2,2,0,ctl,ok,0,0,18.1,366.4
mpp,15.0,2,w48-16qam-r2/3,w48,19,1,0,data,ctl_lost,18,0,13.4,366.4
mpp,15.0,2,ack-4f,w,3,3,0,ctl,ok,0,0,16.9,366.4
mpp,15.0,2,ack-4f,w,2,2,0,ctl,ok,0,0,17.8,366.4
mpp,15.0,2,w48-16qam-r1/2,w48,19,1,0,data,ok,18,18,16.1,366.4
mpp,15.0,2,ack-1f,w,3,3,0,ctl,ok,0,0,16.3,366.4
mpp,15.0,2,w48-16qam-r2/3,w48,19,2,1,data,ok,17,17,15.8,366.4
mpp,15.0,2,ack-1f,w,3,3,0,ctl,ok,0,0,16.4,366.4
mpp,15.0,2,w48-16qam-r2/3,w48,19,2,1,data,ok,17,17,16.7,366.4
mpp,15.0,2,ack-1f,w,2,2,0,ctl,ok,0,0,21.1,366.4
mpp,15.0,2,w48-16qam-r2/3,w48,19,1,0,data,ok,18,18,15.1,366.4
mpp,15.0,2,ack-1f,w,2,2,0,ctl,ok,0,0,17.5,366.4
mpp,15.0,2,w48-16qam-r2/3,w48,19,1,0,data,ok,18,18,16.4,366.4
mpp,15.0,2,ack-1f,w,2,2,0,ctl,ok,0,0,18.6,366.4
mpp,15.0,2,w48-16qam-r2/3,w48,19,1,0,data,ok,18,18,16.2,366.4
mpp,15.0,2,ack-1f,w,2,2,0,ctl,ok,0,0,21.9,366.4
mpp,15.0,2,w48-16qam-r2/3,w48,19,1,0,data,ok,18,18,17.1,366.4
mpp,15.0,2,ack-1f,w,2,2,0,ctl,ok,0,0,16.6,366.4
mpp,15.0,2,w48-16qam-r2/3,w48,19,1,0,data,ok,18,18,15.9,366.4
mpp,15.0,2,ack-1f,w,2,2,0,ctl,ok,0,0,17.4,366.4
mpp,15.0,2,w48-16qam-r2/3,w48,19,1,0,data,ok,18,18,17.3,366.4
mpp,15.0,2,ack-1f,w,2,2,0,ctl,ok,0,0,13.0,366.4
mpp,15.0,2,w48-16qam-r2/3,w48,19,1,0,data,ok,18,18,16.0,366.4
mpp,15.0,2,ack-1f,w,2,2,0,ctl,ok,0,0,17.8,366.4
mpp,15.0,2,w48-16qam-r2/3,w48,19,1,0,data,ok,18,18,16.6,366.4
mpp,15.0,2,ack-1f,w,2,2,0,ctl,ok,0,0,16.3,366.4
mpp,15.0,2,w48-16qam-r2/3,w48,19,1,0,data,ok,18,18,16.1,366.4
mpp,15.0,2,ack-1f,w,2,2,0,ctl,ok,0,0,11.5,366.4
mpp,15.0,2,w48-16qam-r2/3,w48,19,1,0,data,ok,18,18,15.4,366.4
mpp,15.0,2,ack-1f,w,2,2,0,ctl,ok,0,0,12.3,366.4
mpp,15.0,2,w48-16qam-r2/3,w48,19,1,0,data,ok,18,18,16.3,366.4
mpp,15.0,2,ack-1f,w,2,2,0,ctl,ok,0,0,20.4,366.4
mpp,15.0,2,w48-16qam-r2/3,w48,19,1,0,data,ok,18,18,16.3,366.4
mpp,15.0,2,ack-1f,w,2,2,0,ctl,ok,0,0,17.3,366.4
mpp,15.0,2,w48-16qam-r2/3,w48,19,1,0,data,ok,18,18,15.9,366.4
mpp,15.0,2,ack-1f,w,2,2,0,ctl,ok,0,0,18.1,366.4
mpp,15.0,2,w48-16qam-r2/3,w48,19,1,0,data,ok,18,18,17.0,366.4
mpp,15.0,2,ack-1f,w,2,2,0,ctl,ok,0,0,18.7,366.4
mpp,15.0,2,w48-16qam-r2/3,w48,19,1,0,data,ok,18,12,15.4,366.4
mpp,15.0,2,ack-1f,w,3,3,0,ctl,ok,0,0,16.2,366.4
mpp,15.0,2,w48-16qam-r2/3,w48,19,1,0,data,ok,12,8,14.7,366.4
mpp,15.0,2,ack-1f,w,3,3,0,ctl,ok,0,0,18.9,366.4
mpp,15.0,2,w48-16qam-r2/3,w48,19,1,0,data,ok,14,14,17.6,366.4
mpp,15.0,2,ack-1f,w,2,2,0,ctl,ok,0,0,16.0,366.4
mpp,15.0,2,w48-16qam-r2/3,w48,19,1,0,data,ok,18,18,15.7,366.4
mpp,15.0,2,ack-1f,w,2,2,0,ctl,ok,0,0,17.2,366.4
mpp,15.0,2,w48-16qam-r2/3,w48,19,1,0,data,ok,18,18,16.1,366.4
mpp,15.0,2,ack-1f,w,2,2,0,ctl,ok,0,0,14.4,366.4
mpp,15.0,2,w48-16qam-r2/3,w48,19,1,0,data,ok,18,18,15.4,366.4
mpp,15.0,6,qpsk-r1/5,w,1,1,0,ctl,ok,0,0,18.6,353.2
mpp,15.0,6,qpsk-r1/5,w,1,1,0,ctl,ok,0,0,18.9,353.2
mpp,15.0,6,ack-4f,w,3,3,0,ctl,ok,0,0,16.5,353.2
mpp,15.0,6,ack-1f,w,3,3,0,ctl,ok,0,0,18.7,353.2
mpp,15.0,6,w48-16qam-r2/3,w48,19,2,1,data,ok,17,17,15.6,353.2
mpp,15.0,6,ack-1f,w,3,3,0,ctl,ok,0,0,19.7,353.2
mpp,15.0,6,w48-16qam-r2/3,w48,19,2,1,data,ok,17,17,16.2,353.2
mpp,15.0,6,ack-1f,w,3,3,0,ctl,ok,0,0,20.5,353.2
mpp,15.0,6,w48-16qam-r2/3,w48,19,2,1,data,ok,17,17,15.6,353.2
mpp,15.0,6,ack-1f,w,3,3,0,ctl,ok,0,0,14.2,353.2
mpp,15.0,6,w48-16qam-r2/3,w48,19,2,1,data,ok,17,15,14.9,353.2
mpp,15.0,6,ack-1f,w,4,4,0,ctl,ok,0,0,18.8,353.2
mpp,15.0,6,w48-16qam-r2/3,w48,19,2,1,data,ok,15,13,15.3,353.2
mpp,15.0,6,ack-1f,w,3,3,0,ctl,ok,0,0,16.9,353.2
mpp,15.0,6,w48-16qam-r2/3,w48,19,2,1,data,ok,15,15,15.2,353.2
mpp,15.0,6,ack-1f,w,3,3,0,ctl,ok,0,0,18.7,353.2
mpp,15.0,6,w48-16qam-r2/3,w48,19,2,1,data,ok,17,17,15.1,353.2
mpp,15.0,6,ack-1f,w,2,2,0,ctl,ok,0,0,20.8,353.2
mpp,15.0,6,w48-16qam-r2/3,w48,19,1,0,data,ok,18,17,15.4,353.2
mpp,15.0,6,ack-1f,w,3,3,0,ctl,ok,0,0,16.0,353.2
mpp,15.0,6,w48-16qam-r2/3,w48,19,1,0,data,ok,17,17,16.0,353.2
mpp,15.0,6,ack-1f,w,2,2,0,ctl,ok,0,0,20.0,353.2
mpp,15.0,6,w48-16qam-r2/3,w48,19,1,0,data,ok,18,15,15.5,353.2
mpp,15.0,6,ack-1f,w,3,3,0,ctl,ok,0,0,19.2,353.2
mpp,15.0,6,w48-16qam-r2/3,w48,19,1,0,data,ok,15,14,15.7,353.2
mpp,15.0,6,ack-1f,w,3,3,0,ctl,ok,0,0,19.2,353.2
mpp,15.0,6,w48-16qam-r2/3,w48,19,1,0,data,ok,17,17,16.4,353.2
mpp,15.0,6,ack-1f,w,2,2,0,ctl,ok,0,0,16.9,353.2
mpp,15.0,6,w48-16qam-r2/3,w48,19,1,0,data,ok,18,18,16.7,353.2
mpp,15.0,6,ack-1f,w,2,2,0,ctl,ok,0,0,13.7,353.2
mpp,15.0,6,w48-16qam-r2/3,w48,19,1,0,data,ok,18,18,17.6,353.2
mpp,15.0,6,ack-1f,w,2,2,0,ctl,ok,0,0,17.5,353.2
mpp,15.0,6,w48-16qam-r2/3,w48,19,1,0,data,ok,18,18,17.1,353.2
mpp,15.0,6,ack-1f,w,2,2,0,ctl,ok,0,0,14.8,353.2
mpp,15.0,6,w48-16qam-r2/3,w48,19,1,0,data,ok,18,12,15.0,353.2
mpp,15.0,6,ack-1f,w,3,3,0,ctl,ok,0,0,18.5,353.2
mpp,15.0,6,w48-16qam-r2/3,w48,19,1,0,data,ok,12,12,16.1,353.2
mpp,15.0,6,ack-1f,w,2,2,0,ctl,ok,0,0,21.6,353.2
mpp,15.0,6,w48-16qam-r2/3,w48,19,1,0,data,ok,18,15,15.1,353.2
mpp,15.0,6,ack-1f,w,3,3,0,ctl,ok,0,0,16.5,353.2
mpp,15.0,6,w48-16qam-r2/3,w48,19,1,0,data,ok,15,15,16.4,353.2
mpp,15.0,6,ack-1f,w,2,2,0,ctl,ok,0,0,15.1,353.2
mpp,15.0,6,w48-16qam-r2/3,w48,19,1,0,data,ok,18,18,15.7,353.2
mpp,15.0,6,ack-1f,w,2,2,0,ctl,ok,0,0,19.0,353.2
mpp,15.0,6,w48-16qam-r2/3,w48,19,1,0,data,ok,18,18,15.4,353.2
mpp,15.0,6,ack-1f,w,2,2,0,ctl,ok,0,0,15.9,353.2
mpp,15.0,6,w48-16qam-r2/3,w48,19,1,0,data,ctl_lost,18,7,13.8,353.2
mpp,15.0,6,ack-4f,w,2,2,0,ctl,ok,0,0,16.6,353.2
mpp,15.0,6,ack-4f,w,3,3,0,ctl,ok,0,0,18.0,353.2
mpp,15.0,6,w48-16qam-r2/3,w48,19,2,1,data,ok,17,17,16.5,353.2
mpp,15.0,6,ack-1f,w,2,2,0,ctl,ok,0,0,14.1,353.2
mpp,15.0,6,w48-16qam-r2/3,w48,19,1,0,data,ok,18,18,15.8,353.2
mpp,15.0,6,ack-1f,w,2,2,0,ctl,ok,0,0,12.8,353.2
mpp,15.0,6,w48-16qam-r2/3,w48,19,1,0,data,ok,18,12,15.3,353.2
mpp,15.0,6,ack-1f,w,3,3,0,ctl,ok,0,0,16.5,353.2
mpp,15.0,6,w48-16qam-r2/3,w48,19,1,0,data,ok,12,12,16.1,353.2
mpp,15.0,6,ack-1f,w,2,2,0,ctl,ok,0,0,12.2,353.2
mpp,15.0,6,w48-16qam-r2/3,w48,19,1,0,data,ok,18,18,16.5,353.2
mpp,15.0,6,ack-1f,w,2,2,0,ctl,ok,0,0,17.0,353.2
mpp,15.0,6,w48-16qam-r2/3,w48,19,1,0,data,ok,18,18,16.2,353.2
mpp,15.0,6,ack-1f,w,2,2,0,ctl,ok,0,0,15.8,353.2
mpp,15.0,6,w48-16qam-r2/3,w48,19,1,0,data,ok,18,18,15.6,353.2
mpp,15.0,6,ack-1f,w,2,2,0,ctl,ok,0,0,15.9,353.2
mpp,15.0,6,w48-16qam-r2/3,w48,19,1,0,data,ok,18,15,16.1,353.2
mpp,15.0,6,ack-1f,w,3,3,0,ctl,ok,0,0,15.7,353.2
mpp,15.0,6,w48-16qam-r2/3,w48,19,1,0,data,ctl_lost,15,13,15.7,353.2
mpp,15.0,6,ack-4f,w,3,3,0,ctl,ok,0,0,17.6,353.2
mpp,15.0,6,ack-4f,w,4,4,0,ctl,ok,0,0,18.4,353.2
mpp,15.0,6,w48-16qam-r2/3,w48,19,2,1,data,ok,14,12,15.5,353.2
mpp,15.0,6,ack-1f,w,3,3,0,ctl,ok,0,0,17.0,353.2
mpp,15.0,6,w48-16qam-r2/3,w48,19,2,1,data,ok,15,15,15.8,353.2
mpp,15.0,6,ack-1f,w,3,3,0,ctl,ok,0,0,15.3,353.2
mpp,15.0,6,w48-16qam-r2/3,w48,19,2,1,data,ok,17,17,15.9,353.2
mpp,15.0,6,ack-1f,w,2,2,0,ctl,ok,0,0,15.0,353.2
mpp,15.0,6,w48-16qam-r2/3,w48,19,1,0,data,ok,18,18,15.6,353.2
mpp,15.0,6,ack-1f,w,2,2,0,ctl,ok,0,0,21.5,353.2
mpp,15.0,6,w48-16qam-r2/3,w48,19,1,0,data,ok,18,18,16.0,353.2
mpp,15.0,6,ack-1f,w,2,2,0,ctl,ok,0,0,18.7,353.2
mpp,15.0,6,w48-16qam-r2/3,w48,19,1,0,data,ok,18,18,15.6,353.2
mpp,15.0,6,ack-1f,w,2,2,0,ctl,ok,0,0,19.4,353.2
mpp,15.0,6,w48-16qam-r2/3,w48,19,1,0,data,ok,18,18,15.9,353.2
mpp,15.0,6,ack-1f,w,2,2,0,ctl,ok,0,0,16.7,353.2
mpp,15.0,6,w48-16qam-r2/3,w48,19,1,0,data,ok,18,17,15.6,353.2
mpp,15.0,6,ack-1f,w,3,3,0,ctl,ok,0,0,19.5,353.2
mpp,15.0,6,w48-16qam-r2/3,w48,19,1,0,data,ok,17,12,15.6,353.2
mpp,15.0,6,ack-1f,w,3,3,0,ctl,ok,0,0,17.4,353.2
mpp,15.0,6,w48-16qam-r2/3,w48,19,1,0,data,ok,13,13,16.1,353.2
mpp,15.0,6,ack-1f,w,2,2,0,ctl,ok,0,0,18.8,353.2
mpp,15.0,6,w48-16qam-r2/3,w48,19,1,0,data,ok,18,18,16.5,353.2
mpp,15.0,6,ack-1f,w,2,2,0,ctl,ok,0,0,18.8,353.2
mpp,15.0,6,w48-16qam-r2/3,w48,19,1,0,data,ctl_lost,18,8,14.4,353.2
mpp,15.0,6,ack-4f,w,3,3,0,ctl,ok,0,0,17.9,353.2
mpp,15.0,6,ack-4f,w,3,3,0,ctl,ok,0,0,18.9,353.2
mpp,15.0,6,w48-16qam-r2/3,w48,19,2,1,data,ok,17,17,16.5,353.2
mpp,-4.0,0,qpsk-r1/5,w,1,1,0,ctl,ok,0,0,1.2,19.6
mpp,-4.0,0,qpsk-r1/5,w,1,1,0,ctl,ok,0,0,-1.6,19.6
mpp,-4.0,0,ack-4f,w,3,3,0,ctl,ok,0,0,-3.9,19.6
mpp,-4.0,0,ack-4f,w,3,3,0,ctl,ok,0,0,-0.9,19.6
mpp,-4.0,0,qpsk-r1/5,w,9,2,1,data,ok,7,7,0.7,19.6
mpp,-4.0,0,ack-4f,w,3,3,0,ctl,ok,0,0,-2.0,19.6
mpp,-4.0,0,qpsk-r1/5,w,9,2,1,data,ok,7,3,-2.4,19.6
mpp,-4.0,0,ack-4f,w,3,3,0,ctl,ok,0,0,-1.9,19.6
mpp,-4.0,0,qpsk-r1/5,w,9,2,1,data,ok,3,3,-0.3,19.6
mpp,-4.0,0,ack-4f,w,3,3,0,ctl,ok,0,0,-1.9,19.6
mpp,-4.0,0,qpsk-r1/5,w,9,2,1,data,ok,7,7,0.2,19.6
mpp,-4.0,0,ack-4f,w,3,3,0,ctl,ok,0,0,-6.2,19.6
mpp,-4.0,0,qpsk-r1/3,w,9,2,1,data,ok,7,0,-0.9,19.6
mpp,-4.0,0,ack-4f,w,2,2,0,ctl,ok,0,0,-8.0,19.6
mpp,-4.0,0,qpsk-r1/5,w,9,1,0,data,ok,8,8,-1.8,19.6
mpp,-4.0,0,ack-4f,w,3,3,0,ctl,ok,0,0,-1.9,19.6
mpp,-4.0,0,qpsk-r1/5,w,9,2,1,data,ok,7,7,-1.5,19.6
mpp,-4.0,0,ack-4f,w,3,3,0,ctl,ok,0,0,2.3,19.6
mpp,-4.0,0,qpsk-r1/5,w,9,2,1,data,ok,7,7,0.0,19.6
mpp,-4.0,0,ack-4f,w,2,2,0,ctl,ok,0,0,-0.2,19.6
mpp,-4.0,0,qpsk-r1/5,w,9,1,0,data,ok,8,8,-0.9,19.6
mpp,-4.0,0,ack-4f,w,2,2,0,ctl,ok,0,0,0.3,19.6
mpp,-4.0,0,qpsk-r1/5,w,9,1,0,data,ok,8,8,-1.2,19.6
mpp,-4.0,0,ack-4f,w,2,2,0,ctl,ok,0,0,-5.2,19.6
mpp,-4.0,0,qpsk-r1/5,w,9,1,0,data,ok,8,8,-1.3,19.6
mpp,-4.0,0,ack-4f,w,2,2,0,ctl,ok,0,0,-0.4,19.6
mpp,-4.0,0,qpsk-r1/5,w,9,1,0,data,ok,8,8,-0.9,19.6
mpp,-4.0,0,ack-4f,w,2,2,0,ctl,ok,0,0,-5.0,19.6
mpp,-4.0,0,qpsk-r1/5,w,9,1,0,data,ctl_lost,8,0,-3.6,19.6
mpp,-4.0,0,ack-4f,w,3,3,0,ctl,ok,0,0,-2.6,19.6
mpp,-4.0,0,ack-4f,w,3,3,0,ctl,ok,0,0,-2.0,19.6
mpp,-4.0,0,qpsk-r1/5,w,9,2,1,data,ok,7,7,-1.2,19.6
mpp,-4.0,0,ack-4f,w,3,3,0,ctl,ok,0,0,1.9,19.6
mpp,-4.0,0,qpsk-r1/5,w,9,2,1,data,ok,7,7,-0.2,19.6
mpp,-4.0,0,ack-4f,w,2,2,0,ctl,ok,0,0,-2.6,19.6
mpp,-4.0,0,qpsk-r1/5,w,9,1,0,data,ok,8,8,-1.5,19.6
mpp,-4.0,0,ack-4f,w,2,2,0,ctl,ok,0,0,-0.5,19.6
mpp,-4.0,0,qpsk-r1/5,w,9,1,0,data,ok,8,8,-1.6,19.6
mpp,-4.0,0,ack-4f,w,3,3,0,ctl,ok,0,0,0.2,19.6
mpp,-4.0,0,qpsk-r1/5,w,9,2,1,data,ok,7,7,0.3,19.6
mpp,-4.0,0,ack-4f,w,2,2,0,ctl,ok,0,0,-2.3,19.6
mpp,-4.0,0,qpsk-r1/5,w,9,1,0,data,ok,8,8,0.5,19.6
mpp,-4.0,0,ack-4f,w,3,3,0,ctl,ok,0,0,0.5,19.6
mpp,-4.0,0,qpsk-r1/3,w,9,2,1,data,ok,7,0,-3.2,19.6
mpp,-4.0,0,ack-4f,w,2,2,0,ctl,ok,0,0,0.7,19.6
mpp,-4.0,0,qpsk-r1/5,w,9,1,0,data,ok,8,8,-1.3,19.6
mpp,-4.0,0,ack-4f,w,3,3,0,ctl,ok,0,0,0.5,19.6
mpp,-4.0,0,qpsk-r1/5,w,9,2,,data,missed,0,0,,19.6
mpp,-4.0,0,ack-4f,w,3,3,0,ctl,ok,0,0,-1.7,19.6
mpp,-4.0,0,ack-4f,w,3,3,0,ctl,ok,0,0,-0.4,19.6
mpp,-4.0,0,qpsk-r1/5,w,9,2,1,data,ok,7,7,-0.1,19.6
mpp,-4.0,0,ack-4f,w,2,2,,ctl,missed,0,0,,19.6
mpp,-4.0,0,ack-4f,w,3,3,0,ctl,ok,0,0,-1.6,19.6
mpp,-4.0,0,ack-4f,w,3,3,0,ctl,ok,0,0,-1.7,19.6
mpp,-4.0,0,qpsk-r1/3,w,9,2,1,data,ok,7,0,-1.6,19.6
mpp,-4.0,0,ack-4f,w,3,3,0,ctl,ok,0,0,0.4,19.6
mpp,-4.0,0,qpsk-r1/5,w,9,2,1,data,ok,7,7,-0.0,19.6
mpp,-4.0,0,ack-4f,w,2,2,0,ctl,ok,0,0,-2.6,19.6
mpp,-4.0,0,qpsk-r1/5,w,9,1,0,data,ok,8,8,-0.5,19.6
mpp,-4.0,0,ack-4f,w,2,2,0,ctl,ok,0,0,-2.6,19.6
mpp,-4.0,0,qpsk-r1/5,w,9,1,0,data,ctl_lost,8,2,-2.7,19.6
mpp,-4.0,0,ack-4f,w,3,3,0,ctl,ok,0,0,0.9,19.6
mpp,-4.0,0,ack-4f,w,3,3,0,ctl,ok,0,0,-1.0,19.6
mpp,-4.0,0,qpsk-r1/5,w,9,2,1,data,ok,7,7,-0.2,19.6
mpp,-4.0,0,ack-4f,w,3,3,0,ctl,ok,0,0,1.2,19.6
mpp,-4.0,0,qpsk-r1/5,w,9,2,1,data,ok,7,7,-1.4,19.6
mpp,-4.0,0,ack-4f,w,2,2,0,ctl,ok,0,0,-1.3,19.6
mpp,-4.0,0,qpsk-r1/5,w,9,1,0,data,ok,8,8,-1.1,19.6
mpp,-4.0,0,ack-4f,w,3,3,,ctl,missed,0,0,,19.6
mpp,-4.0,0,ack-4f,w,3,3,0,ctl,ok,0,0,-6.1,19.6
mpp,-4.0,0,ack-4f,w,3,3,0,ctl,ok,0,0,-2.3,19.6
mpp,-4.0,0,qpsk-r1/5,w,9,2,1,data,ok,7,7,-0.0,19.6
mpp,-4.0,0,ack-4f,w,3,3,0,ctl,ok,0,0,-1.2,19.6
mpp,-4.0,0,qpsk-r1/5,w,9,2,1,data,ok,7,7,-0.6,19.6
mpp,-4.0,0,ack-4f,w,2,2,0,ctl,ok,0,0,3.3,19.6
mpp,-4.0,0,qpsk-r1/5,w,9,1,0,data,ok,8,8,0.0,19.6
mpp,-4.0,0,ack-4f,w,2,2,0,ctl,ok,0,0,1.8,19.6
mpp,-4.0,0,qpsk-r1/5,w,9,1,0,data,ok,8,8,0.1,19.6
mpp,-4.0,0,ack-4f,w,2,2,0,ctl,ok,0,0,0.6,19.6
mpp,-4.0,0,qpsk-r1/5,w,9,1,0,data,ok,8,8,-1.4,19.6
mpp,-4.0,0,ack-4f,w,2,2,0,ctl,ok,0,0,0.2,19.6
mpp,-4.0,0,qpsk-r1/5,w,9,1,0,data,ok,8,8,1.0,19.6
mpp,-4.0,0,ack-4f,w,2,2,0,ctl,ok,0,0,-1.9,19.6
mpp,-4.0,0,qpsk-r1/5,w,9,1,0,data,ok,8,8,0.4,19.6
mpp,-4.0,0,ack-4f,w,2,2,0,ctl,ok,0,0,-2.5,19.6
mpp,-4.0,0,qpsk-r1/5,w,9,1,0,data,ok,8,8,0.1,19.6
mpp,-4.0,0,ack-4f,w,2,2,0,ctl,ok,0,0,-1.7,19.6
mpp,-4.0,0,qpsk-r1/5,w,9,1,0,data,ok,8,8,2.2,19.6
mpp,-4.0,0,ack-4f,w,2,2,0,ctl,ok,0,0,0.4,19.6
mpp,-4.0,0,qpsk-r1/5,w,9,1,0,data,ok,8,8,-0.6,19.6
mpp,-4.0,0,ack-4f,w,2,2,0,ctl,ok,0,0,2.2,19.6
mpp,-4.0,0,qpsk-r1/5,w,9,1,0,data,ok,8,8,-1.5,19.6
mpp,-4.0,0,ack-4f,w,2,2,0,ctl,ok,0,0,-0.6,19.6
mpp,-4.0,0,qpsk-r1/5,w,9,1,0,data,ok,8,8,-1.2,19.6
mpp,-4.0,5,qpsk-r1/5,w,1,1,0,ctl,ctl_lost,0,0,0.7,20.4
mpp,-4.0,5,n4-qpsk-r1/3,n4,1,1,0,ctl,ok,0,0,-1.2,20.4
mpp,-4.0,5,n4-qpsk-r1/3,n4,1,1,0,ctl,ok,0,0,1.2,20.4
mpp,-4.0,5,ack-4f,w,3,3,0,ctl,ok,0,0,-1.0,20.4
mpp,-4.0,5,ack-4f,w,3,3,0,ctl,ok,0,0,1.8,20.4
mpp,-4.0,5,qpsk-r1/5,w,9,2,1,data,ok,7,7,0.6,20.4
mpp,-4.0,5,ack-4f,w,3,3,0,ctl,ok,0,0,-2.2,20.4
mpp,-4.0,5,qpsk-r1/5,w,9,2,1,data,ok,7,7,-0.5,20.4
mpp,-4.0,5,ack-4f,w,2,2,0,ctl,ok,0,0,-4.6,20.4
mpp,-4.0,5,qpsk-r1/5,w,9,1,0,data,ok,8,7,-2.2,20.4
mpp,-4.0,5,ack-4f,w,3,3,0,ctl,ok,0,0,1.3,20.4
mpp,-4.0,5,qpsk-r1/5,w,9,2,1,data,ok,6,4,-2.7,20.4
mpp,-4.0,5,ack-4f,w,3,3,0,ctl,ok,0,0,-4.3,20.4
mpp,-4.0,5,qpsk-r1/5,w,9,2,1,data,ok,5,5,-0.3,20.4
mpp,-4.0,5,ack-4f,w,2,2,0,ctl,ok,0,0,-1.1,20.4
mpp,-4.0,5,qpsk-r1/5,w,9,1,0,data,ok,8,8,-1.3,20.4
mpp,-4.0,5,ack-4f,w,2,2,0,ctl,ok,0,0,-0.7,20.4
mpp,-4.0,5,qpsk-r1/5,w,9,1,0,data,ok,8,4,-1.5,20.4
mpp,-4.0,5,ack-4f,w,3,3,0,ctl,ok,0,0,1.2,20.4
mpp,-4.0,5,qpsk-r1/5,w,9,2,1,data,ok,3,3,-0.5,20.4
mpp,-4.0,5,ack-4f,w,2,2,0,ctl,ok,0,0,0.9,20.4
mpp,-4.0,5,qpsk-r1/5,w,9,1,0,data,ok,8,8,-1.4,20.4
mpp,-4.0,5,ack-4f,w,2,2,0,ctl,ok,0,0,0.6,20.4
mpp,-4.0,5,qpsk-r1/5,w,9,1,0,data,ok,8,8,-1.7,20.4
mpp,-4.0,5,ack-4f,w,2,2,0,ctl,ok,0,0,0.2,20.4
mpp,-4.0,5,qpsk-r1/5,w,9,1,0,data,ok,8,8,-1.7,20.4
mpp,-4.0,5,ack-4f,w,2,2,0,ctl,ok,0,0,-3.6,20.4
mpp,-4.0,5,qpsk-r1/5,w,9,1,0,data,ctl_lost,8,8,-2.1,20.4
mpp,-4.0,5,ack-4f,w,3,3,0,ctl,ok,0,0,-2.7,20.4
mpp,-4.0,5,ack-4f,w,3,3,0,ctl,ok,0,0,-5.4,20.4
mpp,-4.0,5,qpsk-r1/5,w,9,2,1,data,ok,7,7,-1.3,20.4
mpp,-4.0,5,ack-4f,w,3,3,0,ctl,ok,0,0,0.3,20.4
mpp,-4.0,5,qpsk-r1/5,w,9,2,1,data,ok,7,7,-1.3,20.4
mpp,-4.0,5,ack-4f,w,3,3,0,ctl,ok,0,0,-2.5,20.4
mpp,-4.0,5,qpsk-r1/5,w,9,2,1,data,ok,7,6,-1.3,20.4
mpp,-4.0,5,ack-4f,w,3,3,0,ctl,ok,0,0,-0.3,20.4
mpp,-4.0,5,qpsk-r1/5,w,9,2,1,data,ok,6,6,-0.5,20.4
mpp,-4.0,5,ack-4f,w,2,2,0,ctl,ok,0,0,-0.3,20.4
mpp,-4.0,5,qpsk-r1/5,w,9,1,0,data,ok,8,8,-0.9,20.4
mpp,-4.0,5,ack-4f,w,2,2,0,ctl,ok,0,0,-0.1,20.4
mpp,-4.0,5,qpsk-r1/5,w,9,1,0,data,ctl_lost,8,4,-1.5,20.4
mpp,-4.0,5,ack-4f,w,3,3,0,ctl,ok,0,0,-2.5,20.4
mpp,-4.0,5,ack-4f,w,3,3,0,ctl,ok,0,0,2.5,20.4
mpp,-4.0,5,qpsk-r1/5,w,9,2,1,data,ok,7,7,0.1,20.4
mpp,-4.0,5,ack-4f,w,3,3,0,ctl,ok,0,0,0.8,20.4
mpp,-4.0,5,qpsk-r1/5,w,9,2,1,data,ok,7,7,0.4,20.4
mpp,-4.0,5,ack-4f,w,2,2,0,ctl,ok,0,0,1.5,20.4
mpp,-4.0,5,qpsk-r1/5,w,9,1,0,data,ok,8,8,-0.3,20.4
mpp,-4.0,5,ack-4f,w,2,2,0,ctl,ok,0,0,0.6,20.4
mpp,-4.0,5,qpsk-r1/5,w,9,1,0,data,ok,8,8,-2.2,20.4
mpp,-4.0,5,ack-4f,w,3,3,0,ctl,ok,0,0,1.1,20.4
mpp,-4.0,5,qpsk-r1/5,w,9,2,1,data,ok,7,7,-1.6,20.4
mpp,-4.0,5,ack-4f,w,3,3,0,ctl,ok,0,0,-4.9,20.4
mpp,-4.0,5,qpsk-r1/5,w,9,2,1,data,ok,7,7,-0.3,20.4
mpp,-4.0,5,ack-4f,w,2,2,0,ctl,ok,0,0,0.5,20.4
mpp,-4.0,5,qpsk-r1/5,w,9,1,0,data,ok,8,8,0.1,20.4
mpp,-4.0,5,ack-4f,w,2,2,0,ctl,ok,0,0,-0.7,20.4
mpp,-4.0,5,qpsk-r1/5,w,9,1,0,data,ok,8,8,-1.3,20.4
mpp,-4.0,5,ack-4f,w,2,2,0,ctl,ok,0,0,-2.8,20.4
mpp,-4.0,5,qpsk-r1/5,w,9,1,0,data,ok,8,8,-0.3,20.4
mpp,-4.0,5,ack-4f,w,2,2,0,ctl,ok,0,0,2.6,20.4
mpp,-4.0,5,qpsk-r1/5,w,9,1,0,data,ok,8,8,-1.2,20.4
mpp,-4.0,5,ack-4f,w,2,2,,ctl,missed,0,0,,20.4
mpp,-4.0,5,ack-4f,w,3,3,0,ctl,ok,0,0,-1.0,20.4
mpp,-4.0,5,ack-4f,w,2,2,0,ctl,ok,0,0,0.6,20.4
mpp,-4.0,5,qpsk-r1/5,w,9,1,0,data,ok,8,7,-2.0,20.4
mpp,-4.0,5,ack-4f,w,3,3,0,ctl,ok,0,0,-0.2,20.4
mpp,-4.0,5,qpsk-r1/5,w,9,2,1,data,ok,6,5,-1.6,20.4
mpp,-4.0,5,ack-4f,w,3,3,0,ctl,ok,0,0,1.2,20.4
mpp,-4.0,5,qpsk-r1/5,w,9,1,0,data,ok,7,7,-1.1,20.4
mpp,-4.0,5,ack-4f,w,2,2,0,ctl,ok,0,0,0.9,20.4
mpp,-4.0,5,qpsk-r1/5,w,9,1,0,data,ok,8,7,-2.0,20.4
mpp,-4.0,5,ack-4f,w,2,2,0,ctl,ok,0,0,-1.4,20.4
mpp,-4.0,5,qpsk-r1/5,w,9,1,0,data,ok,7,7,0.4,20.4
mpp,-4.0,5,ack-4f,w,2,2,0,ctl,ok,0,0,-4.4,20.4
mpp,-4.0,5,qpsk-r1/5,w,9,1,0,data,ok,8,8,-2.0,20.4
mpp,-4.0,5,ack-4f,w,2,2,0,ctl,ok,0,0,-3.0,20.4
mpp,-4.0,5,qpsk-r1/5,w,9,1,0,data,ctl_lost,8,0,-4.5,20.4
mpp,-4.0,5,ack-4f,w,3,3,0,ctl,ok,0,0,-0.3,20.4
mpp,-4.0,5,ack-4f,w,3,3,0,ctl,ok,0,0,-1.8,20.4
mpp,-4.0,5,qpsk-r1/5,w,9,2,1,data,ok,7,7,-1.9,20.4
mpp,-4.0,5,ack-4f,w,3,3,0,ctl,ok,0,0,0.2,20.4
mpp,-4.0,5,qpsk-r1/5,w,9,2,1,data,ok,7,7,-1.2,20.4
mpp,-4.0,5,ack-4f,w,2,2,0,ctl,ok,0,0,0.1,20.4
mpp,-4.0,5,qpsk-r1/5,w,9,1,0,data,ok,8,8,0.2,20.4
mpp,-4.0,5,ack-4f,w,2,2,,ctl,missed,0,0,,20.4
mpp,-4.0,5,ack-4f,w,3,3,0,ctl,ok,0,0,-0.7,20.4
mpp,-4.0,5,ack-4f,w,2,2,0,ctl,ok,0,0,1.1,20.4
mpp,-4.0,5,qpsk-r1/5,w,9,1,0,data,ok,8,8,0.3,20.4
mpp,-4.0,5,ack-4f,w,2,2,0,ctl,ok,0,0,0.5,20.4
mpp,-4.0,5,qpsk-r1/5,w,9,1,0,data,ok,8,8,-0.6,20.4
mpp,-4.0,5,ack-4f,w,2,2,0,ctl,ok,0,0,-1.0,20.4
mpp,-4.0,5,qpsk-r1/5,w,9,1,0,data,ok,8,8,-0.7,20.4
mpp,-4.0,4,qpsk-r1/5,w,1,1,0,ctl,ok,0,0,2.7,20.0
mpp,-4.0,4,qpsk-r1/5,w,1,1,0,ctl,ok,0,0,0.3,20.0
mpp,-4.0,4,ack-4f,w,3,3,0,ctl,ok,0,0,2.9,20.0
mpp,-4.0,4,ack-4f,w,3,3,0,ctl,ok,0,0,-1.0,20.0
mpp,-4.0,4,qpsk-r1/3,w,9,2,1,data,ok,7,0,-0.9,20.0
mpp,-4.0,4,ack-4f,w,3,3,0,ctl,ok,0,0,-1.5,20.0
mpp,-4.0,4,qpsk-r1/5,w,9,2,1,data,ok,7,7,-1.0,20.0
mpp,-4.0,4,ack-4f,w,3,3,0,ctl,ok,0,0,-2.2,20.0
mpp,-4.0,4,qpsk-r1/5,w,9,2,1,data,ok,7,7,-1.9,20.0
mpp,-4.0,4,ack-4f,w,3,3,0,ctl,ok,0,0,-2.3,20.0
mpp,-4.0,4,qpsk-r1/5,w,9,2,1,data,ok,7,7,-0.7,20.0
mpp,-4.0,4,ack-4f,w,3,3,0,ctl,ok,0,0,-2.1,20.0
mpp,-4.0,4,qpsk-r1/5,w,9,2,1,data,ok,7,2,-2.3,20.0
mpp,-4.0,4,ack-4f,w,3,3,0,ctl,ok,0,0,-0.1,20.0
mpp,-4.0,4,qpsk-r1/5,w,9,2,1,data,ok,2,2,-0.2,20.0
mpp,-4.0,4,ack-4f,w,2,2,0,ctl,ok,0,0,-2.4,20.0
mpp,-4.0,4,qpsk-r1/5,w,9,1,0,data,ok,8,6,-2.3,20.0
mpp,-4.0,4,ack-4f,w,3,3,0,ctl,ok,0,0,-0.1,20.0
mpp,-4.0,4,qpsk-r1/5,w,9,2,1,data,ok,5,5,-0.9,20.0
mpp,-4.0,4,ack-4f,w,2,2,0,ctl,ok,0,0,1.1,20.0
mpp,-4.0,4,qpsk-r1/5,w,9,1,0,data,ok,8,8,-1.2,20.0
mpp,-4.0,4,ack-4f,w,2,2,0,ctl,ok,0,0,1.9,20.0
mpp,-4.0,4,qpsk-r1/5,w,9,1,0,data,ctl_lost,8,8,-2.6,20.0
mpp,-4.0,4,ack-4f,w,3,3,0,ctl,ok,0,0,0.4,20.0
mpp,-4.0,4,ack-4f,w,3,3,0,ctl,ok,0,0,0.0,20.0
mpp,-4.0,4,qpsk-r1/5,w,9,2,1,data,ok,7,3,-3.4,20.0
mpp,-4.0,4,ack-4f,w,3,3,0,ctl,ok,0,0,0.0,20.0
mpp,-4.0,4,qpsk-r1/5,w,9,2,1,data,ok,3,3,-0.1,20.0
mpp,-4.0,4,ack-4f,w,3,3,0,ctl,ok,0,0,-4.5,20.0
mpp,-4.0,4,qpsk-r1/5,w,9,2,1,data,ok,7,7,-1.5,20.0
mpp,-4.0,4,ack-4f,w,2,2,0,ctl,ok,0,0,0.7,20.0
mpp,-4.0,4,qpsk-r1/5,w,9,1,0,data,ok,8,8,-1.4,20.0
mpp,-4.0,4,ack-4f,w,3,3,0,ctl,ok,0,0,-0.8,20.0
mpp,-4.0,4,qpsk-r1/5,w,9,2,1,data,ok,7,7,0.1,20.0
mpp,-4.0,4,ack-4f,w,2,2,0,ctl,ok,0,0,2.3,20.0
mpp,-4.0,4,qpsk-r1/5,w,9,1,0,data,ok,8,8,-0.5,20.0
mpp,-4.0,4,ack-4f,w,2,2,0,ctl,ok,0,0,-2.7,20.0
mpp,-4.0,4,qpsk-r1/5,w,9,1,0,data,ok,8,8,-1.0,20.0
mpp,-4.0,4,ack-4f,w,2,2,0,ctl,ok,0,0,-1.5,20.0
mpp,-4.0,4,qpsk-r1/5,w,9,1,0,data,ok,8,8,0.5,20.0
mpp,-4.0,4,ack-4f,w,2,2,0,ctl,ok,0,0,-3.7,20.0
mpp,-4.0,4,qpsk-r1/5,w,9,1,0,data,ok,8,8,0.5,20.0
mpp,-4.0,4,ack-4f,w,2,2,0,ctl,ok,0,0,-4.6,20.0
mpp,-4.0,4,qpsk-r1/5,w,9,1,0,data,ok,8,8,-0.4,20.0
mpp,-4.0,4,ack-4f,w,2,2,0,ctl,ok,0,0,-2.6,20.0
mpp,-4.0,4,qpsk-r1/5,w,9,1,0,data,ok,8,8,-1.3,20.0
mpp,-4.0,4,ack-4f,w,2,2,0,ctl,ok,0,0,1.3,20.0
mpp,-4.0,4,qpsk-r1/5,w,9,1,0,data,ctl_lost,8,5,-2.5,20.0
mpp,-4.0,4,ack-4f,w,3,3,0,ctl,ok,0,0,-0.2,20.0
mpp,-4.0,4,ack-4f,w,3,3,0,ctl,ok,0,0,-1.4,20.0
mpp,-4.0,4,qpsk-r1/3,w,9,2,1,data,ok,7,0,-1.2,20.0
mpp,-4.0,4,ack-4f,w,3,3,0,ctl,ok,0,0,-2.9,20.0
mpp,-4.0,4,qpsk-r1/5,w,9,2,1,data,ok,7,7,-0.2,20.0
mpp,-4.0,4,ack-4f,w,3,3,0,ctl,ok,0,0,-1.8,20.0
mpp,-4.0,4,qpsk-r1/5,w,9,2,1,data,ok,7,7,0.1,20.0
mpp,-4.0,4,ack-4f,w,2,2,0,ctl,ok,0,0,-2.4,20.0
mpp,-4.0,4,qpsk-r1/5,w,9,1,0,data,ok,8,8,-1.4,20.0
mpp,-4.0,4,ack-4f,w,2,2,0,ctl,ok,0,0,3.5,20.0
mpp,-4.0,4,qpsk-r1/5,w,9,1,0,data,ok,8,8,-0.4,20.0
mpp,-4.0,4,ack-4f,w,2,2,0,ctl,ok,0,0,-0.3,20.0
mpp,-4.0,4,qpsk-r1/5,w,9,1,0,data,ok,8,6,-2.8,20.0
mpp,-4.0,4,ack-4f,w,3,3,0,ctl,ok,0,0,0.0,20.0
mpp,-4.0,4,qpsk-r1/5,w,9,2,1,data,ok,5,5,-0.4,20.0
mpp,-4.0,4,ack-4f,w,2,2,0,ctl,ok,0,0,-2.4,20.0
mpp,-4.0,4,qpsk-r1/5,w,9,1,0,data,ok,8,8,-0.5,20.0
mpp,-4.0,4,ack-4f,w,2,2,0,ctl,ok,0,0,0.3,20.0
mpp,-4.0,4,qpsk-r1/5,w,9,1,0,data,ctl_lost,8,1,-3.0,20.0
mpp,-4.0,4,ack-4f,w,3,3,0,ctl,ok,0,0,-0.1,20.0
mpp,-4.0,4,ack-4f,w,3,3,0,ctl,ok,0,0,-0.4,20.0
mpp,-4.0,4,qpsk-r1/5,w,9,2,1,data,ok,7,7,-1.0,20.0
mpp,-4.0,4,ack-4f,w,3,3,0,ctl,ok,0,0,-0.4,20.0
mpp,-4.0,4,qpsk-r1/5,w,9,2,1,data,ok,7,5,-2.9,20.0
mpp,-4.0,4,ack-4f,w,3,3,0,ctl,ok,0,0,1.9,20.0
mpp,-4.0,4,qpsk-r1/5,w,9,2,1,data,ok,5,5,0.7,20.0
mpp,-4.0,4,ack-4f,w,2,2,0,ctl,ok,0,0,0.8,20.0
mpp,-4.0,4,qpsk-r1/5,w,9,1,0,data,ok,8,8,-1.7,20.0
mpp,-4.0,4,ack-4f,w,2,2,0,ctl,ok,0,0,2.8,20.0
mpp,-4.0,4,qpsk-r1/5,w,9,1,0,data,ok,8,8,-1.1,20.0
mpp,-4.0,4,ack-4f,w,2,2,0,ctl,ok,0,0,-2.1,20.0
mpp,-4.0,4,qpsk-r1/5,w,9,1,0,data,ok,8,7,-0.7,20.0
mpp,-4.0,4,ack-4f,w,3,3,0,ctl,ok,0,0,-3.2,20.0
mpp,-4.0,4,qpsk-r1/5,w,9,1,0,data,ok,7,7,0.6,20.0
mpp,-4.0,4,ack-4f,w,2,2,0,ctl,ok,0,0,1.1,20.0
mpp,-4.0,4,qpsk-r1/5,w,9,1,0,data,ok,8,8,0.5,20.0
mpp,-4.0,4,ack-4f,w,2,2,0,ctl,ok,0,0,-0.1,20.0
mpp,-4.0,4,qpsk-r1/5,w,9,1,0,data,ok,8,8,-0.2,20.0
mpp,-4.0,4,ack-4f,w,2,2,0,ctl,ok,0,0,0.3,20.0
mpp,-4.0,4,qpsk-r1/5,w,9,1,0,data,ok,8,8,-0.4,20.0
mpp,-4.0,4,ack-4f,w,2,2,0,ctl,ok,0,0,1.0,20.0
mpp,-4.0,4,qpsk-r1/5,w,9,1,0,data,ok,8,8,-0.6,20.0
mpp,-4.0,4,ack-4f,w,2,2,0,ctl,ok,0,0,-1.5,20.0
mpp,15.0,8,qpsk-r1/5,w,1,1,0,ctl,ok,0,0,19.1,365.5
mpp,15.0,8,qpsk-r1/5,w,1,1,0,ctl,ok,0,0,20.7,365.5
mpp,15.0,8,ack-4f,w,3,3,0,ctl,ok,0,0,17.4,365.5
mpp,15.0,8,ack-1f,w,3,3,0,ctl,ok,0,0,20.3,365.5
mpp,15.0,8,w48-16qam-r2/3,w48,19,2,1,data,ok,17,17,16.2,365.5
mpp,15.0,8,ack-1f,w,3,3,0,ctl,ok,0,0,14.2,365.5
mpp,15.0,8,w48-16qam-r2/3,w48,19,2,1,data,ok,17,17,16.9,365.5
mpp,15.0,8,ack-1f,w,2,2,0,ctl,ok,0,0,14.7,365.5
mpp,15.0,8,w48-16qam-r2/3,w48,19,1,0,data,ok,18,18,16.2,365.5
mpp,15.0,8,ack-1f,w,2,2,0,ctl,ok,0,0,16.7,365.5
mpp,15.0,8,w48-16qam-r2/3,w48,19,1,0,data,ok,18,18,15.6,365.5
mpp,15.0,8,ack-1f,w,3,3,0,ctl,ok,0,0,20.1,365.5
mpp,15.0,8,w48-16qam-r2/3,w48,19,2,1,data,ok,17,17,16.2,365.5
mpp,15.0,8,ack-1f,w,2,2,0,ctl,ok,0,0,15.5,365.5
mpp,15.0,8,w48-16qam-r2/3,w48,19,1,0,data,ok,18,18,16.1,365.5
mpp,15.0,8,ack-1f,w,2,2,0,ctl,ok,0,0,19.1,365.5
mpp,15.0,8,w48-16qam-r2/3,w48,19,1,0,data,ctl_lost,18,5,15.2,365.5
mpp,15.0,8,ack-4f,w,2,2,0,ctl,ok,0,0,20.1,365.5
mpp,15.0,8,ack-4f,w,3,3,0,ctl,ok,0,0,17.4,365.5
mpp,15.0,8,w48-16qam-r2/3,w48,19,2,1,data,ok,17,17,16.9,365.5
mpp,15.0,8,ack-1f,w,3,3,0,ctl,ok,0,0,16.2,365.5
mpp,15.0,8,w48-16qam-r2/3,w48,19,2,1,data,ok,17,15,15.8,365.5
mpp,15.0,8,ack-1f,w,4,4,0,ctl,ok,0,0,19.1,365.5
mpp,15.0,8,w48-16qam-r2/3,w48,19,2,1,data,ok,15,15,15.3,365.5
mpp,15.0,8,ack-1f,w,3,3,0,ctl,ok,0,0,21.4,365.5
mpp,15.0,8,w48-16qam-r2/3,w48,19,2,1,data,ok,17,16,15.2,365.5
mpp,15.0,8,ack-1f,w,4,4,0,ctl,ok,0,0,16.8,365.5
mpp,15.0,8,w48-16qam-r2/3,w48,19,2,1,data,ok,16,16,15.8,365.5
mpp,15.0,8,ack-1f,w,3,3,0,ctl,ok,0,0,19.5,365.5
mpp,15.0,8,w48-16qam-r2/3,w48,19,2,1,data,ok,17,17,16.3,365.5
mpp,15.0,8,ack-1f,w,2,2,0,ctl,ok,0,0,18.5,365.5
mpp,15.0,8,w48-16qam-r2/3,w48,19,1,0,data,ok,18,18,17.3,365.5
mpp,15.0,8,ack-1f,w,2,2,0,ctl,ok,0,0,18.3,365.5
mpp,15.0,8,w48-16qam-r2/3,w48,19,1,0,data,ok,18,18,16.0,365.5
mpp,15.0,8,ack-1f,w,2,2,0,ctl,ok,0,0,16.1,365.5
mpp,15.0,8,w48-16qam-r2/3,w48,19,1,0,data,ok,18,18,15.3,365.5
mpp,15.0,8,ack-1f,w,2,2,0,ctl,ok,0,0,18.7,365.5
mpp,15.0,8,w48-16qam-r2/3,w48,19,1,0,data,ok,18,18,16.7,365.5
mpp,15.0,8,ack-1f,w,2,2,0,ctl,ok,0,0,18.6,365.5
mpp,15.0,8,w48-16qam-r2/3,w48,19,1,0,data,ok,18,18,15.8,365.5
mpp,15.0,8,ack-1f,w,2,2,0,ctl,ok,0,0,19.3,365.5
mpp,15.0,8,w48-16qam-r2/3,w48,19,1,0,data,ok,18,18,16.7,365.5
mpp,15.0,8,ack-1f,w,2,2,0,ctl,ok,0,0,16.5,365.5
mpp,15.0,8,w48-16qam-r2/3,w48,19,1,0,data,ok,18,18,16.7,365.5
mpp,15.0,8,ack-1f,w,2,2,0,ctl,ok,0,0,19.0,365.5
mpp,15.0,8,w48-16qam-r2/3,w48,19,1,0,data,ok,18,18,16.3,365.5
mpp,15.0,8,ack-1f,w,2,2,0,ctl,ok,0,0,15.5,365.5
mpp,15.0,8,w48-16qam-r2/3,w48,19,1,0,data,ok,18,13,15.3,365.5
mpp,15.0,8,ack-1f,w,3,3,0,ctl,ok,0,0,18.3,365.5
mpp,15.0,8,w48-16qam-r2/3,w48,19,1,0,data,ok,13,13,15.5,365.5
mpp,15.0,8,ack-1f,w,2,2,0,ctl,ok,0,0,17.5,365.5
mpp,15.0,8,w48-16qam-r2/3,w48,19,1,0,data,ok,18,18,16.9,365.5
mpp,15.0,8,ack-1f,w,2,2,0,ctl,ok,0,0,18.5,365.5
mpp,15.0,8,w48-16qam-r2/3,w48,19,1,0,data,ok,18,18,16.8,365.5
mpp,15.0,8,ack-1f,w,2,2,0,ctl,ok,0,0,18.7,365.5
mpp,15.0,8,w48-16qam-r2/3,w48,19,1,0,data,ok,18,18,16.9,365.5
mpp,15.0,8,ack-1f,w,2,2,0,ctl,ok,0,0,20.9,365.5
mpp,15.0,8,w48-16qam-r2/3,w48,19,1,0,data,ok,18,18,16.2,365.5
mpp,15.0,8,ack-1f,w,2,2,0,ctl,ok,0,0,21.1,365.5
mpp,15.0,8,w48-16qam-r2/3,w48,19,1,0,data,ok,18,18,17.4,365.5
mpp,15.0,8,ack-1f,w,2,2,0,ctl,ok,0,0,17.7,365.5
mpp,15.0,8,w48-16qam-r2/3,w48,19,1,0,data,ok,18,18,15.0,365.5
mpp,15.0,8,ack-1f,w,2,2,0,ctl,ok,0,0,14.3,365.5
mpp,15.0,8,w48-16qam-r2/3,w48,19,1,0,data,ctl_lost,18,1,14.5,365.5
mpp,15.0,8,ack-4f,w,3,3,0,ctl,ok,0,0,14.7,365.5
mpp,15.0,8,ack-4f,w,3,3,0,ctl,ok,0,0,18.7,365.5
mpp,15.0,8,w48-16qam-r2/3,w48,19,2,1,data,ok,17,15,15.3,365.5
mpp,15.0,8,ack-1f,w,4,4,0,ctl,ok,0,0,12.4,365.5
mpp,15.0,8,w48-16qam-r2/3,w48,19,2,1,data,ok,15,15,16.8,365.5
mpp,15.0,8,ack-1f,w,2,2,0,ctl,ok,0,0,21.1,365.5
mpp,15.0,8,w48-16qam-r2/3,w48,19,1,0,data,ok,18,17,15.9,365.5
mpp,15.0,8,ack-1f,w,3,3,0,ctl,ok,0,0,17.6,365.5
mpp,15.0,8,w48-16qam-r2/3,w48,19,1,0,data,ok,17,17,16.1,365.5
mpp,15.0,8,ack-1f,w,2,2,0,ctl,ok,0,0,19.3,365.5
mpp,15.0,8,w48-16qam-r2/3,w48,19,1,0,data,ctl_lost,18,4,14.2,365.5
mpp,15.0,8,ack-4f,w,3,3,0,ctl,ok,0,0,18.8,365.5
mpp,15.0,8,ack-4f,w,3,3,0,ctl,ok,0,0,18.6,365.5
mpp,15.0,8,w48-16qam-r2/3,w48,19,2,1,data,ok,17,17,16.9,365.5
mpp,15.0,8,ack-1f,w,2,2,0,ctl,ok,0,0,18.1,365.5
mpp,15.0,8,w48-16qam-r2/3,w48,19,1,0,data,ok,18,18,16.5,365.5
mpp,15.0,8,ack-1f,w,2,2,0,ctl,ok,0,0,19.9,365.5
mpp,15.0,8,w48-16qam-r2/3,w48,19,1,0,data,ok,18,18,15.6,365.5
mpp,15.0,8,ack-1f,w,2,2,0,ctl,ok,0,0,19.7,365.5
mpp,15.0,8,w48-16qam-r2/3,w48,19,1,0,data,ok,18,18,17.1,365.5
mpp,15.0,8,ack-1f,w,2,2,0,ctl,ok,0,0,17.6,365.5
mpp,15.0,8,w48-16qam-r2/3,w48,19,1,0,data,ok,18,18,16.4,365.5
mpp,15.0,8,ack-1f,w,2,2,0,ctl,ok,0,0,15.8,365.5
mpp,15.0,8,w48-16qam-r2/3,w48,19,1,0,data,ok,18,18,15.7,365.5
mpp,15.0,8,ack-1f,w,2,2,0,ctl,ok,0,0,15.5,365.5
mpp,15.0,8,w48-16qam-r2/3,w48,19,1,0,data,ok,18,18,15.3,365.5
mpp,15.0,8,ack-1f,w,2,2,0,ctl,ok,0,0,15.5,365.5
mpp,15.0,8,w48-16qam-r2/3,w48,19,1,0,data,ok,18,18,16.2,365.5
mpp,15.0,8,ack-1f,w,2,2,0,ctl,ok,0,0,18.2,365.5
mpp,15.0,8,w48-16qam-r2/3,w48,19,1,0,data,ok,18,18,16.2,365.5
mpp,-4.0,6,qpsk-r1/5,w,1,1,0,ctl,ok,0,0,0.8,19.6
mpp,-4.0,6,qpsk-r1/5,w,1,1,0,ctl,ok,0,0,-0.4,19.6
mpp,-4.0,6,ack-4f,w,3,3,,ctl,missed,0,0,,19.6
mpp,-4.0,6,ack-4f,w,3,3,0,ctl,ok,0,0,-0.3,19.6
mpp,-4.0,6,ack-4f,w,3,3,0,ctl,ok,0,0,0.1,19.6
mpp,-4.0,6,qpsk-r1/5,w,9,2,1,data,ok,7,7,-1.4,19.6
mpp,-4.0,6,ack-4f,w,3,3,0,ctl,ok,0,0,1.9,19.6
mpp,-4.0,6,qpsk-r1/5,w,9,2,1,data,ok,7,0,-3.5,19.6
mpp,-4.0,6,ack-4f,w,3,3,0,ctl,ok,0,0,-1.5,19.6
mpp,-4.0,6,qpsk-r1/5,w,9,2,,data,missed,0,0,,19.6
mpp,-4.0,6,ack-4f,w,3,3,0,ctl,ok,0,0,-0.4,19.6
mpp,-4.0,6,ack-4f,w,3,3,0,ctl,ok,0,0,2.0,19.6
mpp,-4.0,6,qpsk-r1/5,w,9,2,1,data,ok,0,0,-1.9,19.6
mpp,-4.0,6,ack-4f,w,3,3,0,ctl,ok,0,0,-1.8,19.6
mpp,-4.0,6,qpsk-r1/5,w,9,2,1,data,ok,7,7,-1.2,19.6
mpp,-4.0,6,ack-4f,w,3,3,0,ctl,ok,0,0,0.2,19.6
mpp,-4.0,6,qpsk-r1/5,w,9,2,1,data,ok,7,7,-1.5,19.6
mpp,-4.0,6,ack-4f,w,2,2,0,ctl,ok,0,0,1.2,19.6
mpp,-4.0,6,qpsk-r1/5,w,9,1,0,data,ok,8,8,-1.7,19.6
mpp,-4.0,6,ack-4f,w,2,2,0,ctl,ok,0,0,2.9,19.6
mpp,-4.0,6,qpsk-r1/5,w,9,1,0,data,ok,8,8,0.5,19.6
mpp,-4.0,6,ack-4f,w,2,2,0,ctl,ok,0,0,-6.0,19.6
mpp,-4.0,6,qpsk-r1/5,w,9,1,0,data,ok,8,8,-0.6,19.6
mpp,-4.0,6,ack-4f,w,2,2,0,ctl,ok,0,0,1.7,19.6
mpp,-4.0,6,qpsk-r1/5,w,9,1,0,data,ok,8,8,0.8,19.6
mpp,-4.0,6,ack-4f,w,3,3,0,ctl,ok,0,0,-1.8,19.6
mpp,-4.0,6,qpsk-r1/3,w,9,2,1,data,ok,7,6,-0.0,19.6
mpp,-4.0,6,ack-4f,w,3,3,0,ctl,ok,0,0,2.2,19.6
mpp,-4.0,6,qpsk-r1/3,w,9,2,1,data,ok,6,0,-1.6,19.6
mpp,-4.0,6,ack-4f,w,2,2,0,ctl,ok,0,0,3.5,19.6
mpp,-4.0,6,qpsk-r1/5,w,9,1,0,data,ok,8,8,0.4,19.6
mpp,-4.0,6,ack-4f,w,2,2,0,ctl,ok,0,0,-1.4,19.6
mpp,-4.0,6,qpsk-r1/5,w,9,1,0,data,ok,8,8,-1.1,19.6
mpp,-4.0,6,ack-4f,w,2,2,0,ctl,ok,0,0,2.7,19.6
mpp,-4.0,6,qpsk-r1/5,w,9,1,0,data,ok,8,8,-2.1,19.6
mpp,-4.0,6,ack-4f,w,2,2,0,ctl,ok,0,0,-0.9,19.6
mpp,-4.0,6,qpsk-r1/5,w,9,1,0,data,ok,8,8,-0.8,19.6
mpp,-4.0,6,ack-4f,w,2,2,0,ctl,ok,0,0,0.2,19.6
mpp,-4.0,6,qpsk-r1/5,w,9,1,0,data,ok,8,8,-0.3,19.6
mpp,-4.0,6,ack-4f,w,2,2,0,ctl,ok,0,0,-1.7,19.6
mpp,-4.0,6,qpsk-r1/5,w,9,1,0,data,ok,8,8,-0.5,19.6
mpp,-4.0,6,ack-4f,w,2,2,0,ctl,ok,0,0,-1.9,19.6
mpp,-4.0,6,qpsk-r1/5,w,9,1,0,data,ok,8,8,-0.8,19.6
mpp,-4.0,6,ack-4f,w,2,2,0,ctl,ok,0,0,-2.1,19.6
mpp,-4.0,6,qpsk-r1/5,w,9,1,0,data,ok,8,5,-1.8,19.6
mpp,-4.0,6,ack-4f,w,3,3,0,ctl,ok,0,0,-4.9,19.6
mpp,-4.0,6,qpsk-r1/5,w,9,1,0,data,ok,5,5,-1.1,19.6
mpp,-4.0,6,ack-4f,w,2,2,0,ctl,ok,0,0,-2.4,19.6
mpp,-4.0,6,qpsk-r1/5,w,9,1,0,data,ok,8,8,0.6,19.6
mpp,-4.0,6,ack-4f,w,3,3,0,ctl,ok,0,0,-1.0,19.6
mpp,-4.0,6,qpsk-r1/3,w,9,2,1,data,ok,7,0,-1.4,19.6
mpp,-4.0,6,ack-4f,w,2,2,0,ctl,ok,0,0,0.0,19.6
mpp,-4.0,6,qpsk-r1/5,w,9,1,0,data,ok,8,8,-1.0,19.6
mpp,-4.0,6,ack-4f,w,2,2,0,ctl,ok,0,0,1.3,19.6
mpp,-4.0,6,qpsk-r1/5,w,9,1,0,data,ok,8,4,-2.0,19.6
mpp,-4.0,6,ack-4f,w,3,3,0,ctl,ok,0,0,-0.2,19.6
mpp,-4.0,6,qpsk-r1/5,w,9,1,0,data,ok,4,4,0.6,19.6
mpp,-4.0,6,ack-4f,w,2,2,0,ctl,ok,0,0,-0.7,19.6
mpp,-4.0,6,qpsk-r1/5,w,9,1,0,data,ok,8,8,-0.1,19.6
mpp,-4.0,6,ack-4f,w,2,2,0,ctl,ok,0,0,-1.6,19.6
mpp,-4.0,6,qpsk-r1/5,w,9,1,0,data,ok,8,8,-0.3,19.6
mpp,-4.0,6,ack-4f,w,2,2,0,ctl,ok,0,0,2.5,19.6
mpp,-4.0,6,qpsk-r1/5,w,9,1,0,data,ok,8,8,-1.2,19.6
mpp,-4.0,6,ack-4f,w,2,2,0,ctl,ok,0,0,3.0,19.6
mpp,-4.0,6,qpsk-r1/5,w,9,1,0,data,ok,8,8,-2.1,19.6
mpp,-4.0,6,ack-4f,w,2,2,0,ctl,ok,0,0,0.0,19.6
mpp,-4.0,6,qpsk-r1/5,w,9,1,0,data,ok,8,8,0.5,19.6
mpp,-4.0,6,ack-4f,w,2,2,0,ctl,ok,0,0,-3.1,19.6
mpp,-4.0,6,qpsk-r1/5,w,9,1,0,data,ok,8,8,-0.9,19.6
mpp,-4.0,6,ack-4f,w,2,2,0,ctl,ok,0,0,-0.2,19.6
mpp,-4.0,6,qpsk-r1/5,w,9,1,0,data,ok,8,8,-1.5,19.6
mpp,-4.0,6,ack-4f,w,2,2,0,ctl,ok,0,0,-0.4,19.6
mpp,-4.0,6,qpsk-r1/5,w,9,1,0,data,ctl_lost,8,6,-2.4,19.6
mpp,-4.0,6,ack-4f,w,3,3,0,ctl,ok,0,0,1.5,19.6
mpp,-4.0,6,ack-4f,w,2,2,0,ctl,ok,0,0,-1.7,19.6
mpp,-4.0,6,qpsk-r1/5,w,9,1,0,data,ok,8,8,-1.5,19.6
mpp,-4.0,6,ack-4f,w,2,2,0,ctl,ok,0,0,-0.2,19.6
mpp,-4.0,6,qpsk-r1/5,w,9,1,0,data,ok,8,8,0.7,19.6
mpp,-4.0,6,ack-4f,w,2,2,0,ctl,ok,0,0,2.2,19.6
mpp,-4.0,6,qpsk-r1/5,w,9,1,0,data,ctl_lost,8,4,-2.7,19.6
mpp,-4.0,6,ack-4f,w,3,3,0,ctl,ok,0,0,-4.5,19.6
mpp,-4.0,6,ack-4f,w,2,2,0,ctl,ok,0,0,-7.0,19.6
mpp,-4.0,6,fsk32r62-r1/2,c32r62,9,1,0,data,ok,8,8,-0.7,19.6
mpp,-4.0,6,ack-4f,w,3,3,0,ctl,ok,0,0,0.1,19.6
mpp,-4.0,6,qpsk-r1/5,w,9,2,1,data,ok,7,7,-1.0,19.6
mpp,-4.0,6,ack-4f,w,3,3,0,ctl,ok,0,0,-2.6,19.6
mpp,-4.0,6,qpsk-r1/5,w,9,2,1,data,ok,7,6,-2.1,19.6
mpp,-4.0,6,ack-4f,w,3,3,0,ctl,ok,0,0,0.1,19.6
mpp,-4.0,6,qpsk-r1/5,w,9,2,1,data,ok,6,6,-0.2,19.6
mpp,-4.0,8,qpsk-r1/5,w,1,1,0,ctl,ok,0,0,1.3,24.2
mpp,-4.0,8,qpsk-r1/5,w,1,1,0,ctl,ok,0,0,2.9,24.2
mpp,-4.0,8,ack-4f,w,3,3,0,ctl,ok,0,0,-1.5,24.2
mpp,-4.0,8,ack-1f,w,3,3,0,ctl,ok,0,0,2.0,24.2
mpp,-4.0,8,qpsk-r1/5,w,9,2,1,data,ok,7,7,-1.6,24.2
mpp,-4.0,8,ack-4f,w,3,3,0,ctl,ok,0,0,-1.0,24.2
mpp,-4.0,8,qpsk-r1/5,w,9,2,1,data,ok,7,7,-0.6,24.2
mpp,-4.0,8,ack-4f,w,3,3,0,ctl,ok,0,0,-2.4,24.2
mpp,-4.0,8,qpsk-r1/5,w,9,2,1,data,ok,7,7,-3.5,24.2
mpp,-4.0,8,ack-4f,w,3,3,0,ctl,ok,0,0,-3.2,24.2
mpp,-4.0,8,qpsk-r1/5,w,9,2,1,data,ok,7,7,-1.3,24.2
mpp,-4.0,8,ack-4f,w,3,3,0,ctl,ok,0,0,-1.4,24.2
mpp,-4.0,8,qpsk-r1/5,w,9,2,1,data,ok,7,7,0.1,24.2
mpp,-4.0,8,ack-4f,w,2,2,0,ctl,ok,0,0,-1.9,24.2
mpp,-4.0,8,qpsk-r1/5,w,9,1,0,data,ok,8,8,-1.3,24.2
mpp,-4.0,8,ack-4f,w,2,2,,ctl,missed,0,0,,24.2
mpp,-4.0,8,ack-4f,w,3,3,0,ctl,ok,0,0,-3.2,24.2
mpp,-4.0,8,ack-4f,w,3,3,0,ctl,ok,0,0,-1.7,24.2
mpp,-4.0,8,qpsk-r1/5,w,9,2,1,data,ok,7,7,-0.8,24.2
mpp,-4.0,8,ack-4f,w,3,3,0,ctl,ok,0,0,1.8,24.2
mpp,-4.0,8,qpsk-r1/5,w,9,2,1,data,ok,7,7,-2.2,24.2
mpp,-4.0,8,ack-4f,w,2,2,0,ctl,ok,0,0,1.6,24.2
mpp,-4.0,8,qpsk-r1/5,w,9,1,0,data,ok,8,8,-0.2,24.2
mpp,-4.0,8,ack-4f,w,2,2,0,ctl,ok,0,0,-4.1,24.2
mpp,-4.0,8,qpsk-r1/5,w,9,1,0,data,ok,8,8,-0.8,24.2
mpp,-4.0,8,ack-4f,w,2,2,0,ctl,ok,0,0,-2.6,24.2
mpp,-4.0,8,qpsk-r1/5,w,9,1,0,data,ok,8,8,-0.6,24.2
mpp,-4.0,8,ack-4f,w,2,2,0,ctl,ok,0,0,-1.4,24.2
mpp,-4.0,8,qpsk-r1/5,w,9,1,0,data,ok,8,8,-0.2,24.2
mpp,-4.0,8,ack-4f,w,2,2,0,ctl,ctl_lost,0,0,-8.7,24.2
mpp,-4.0,8,ack-4f,w,3,3,0,ctl,ok,0,0,-2.1,24.2
mpp,-4.0,8,ack-4f,w,2,2,0,ctl,ok,0,0,-0.3,24.2
mpp,-4.0,8,qpsk-r1/5,w,9,1,0,data,ok,8,8,0.5,24.2
mpp,-4.0,8,n10-ack-4f,n10,2,2,0,ctl,ok,0,0,-1.9,24.2
mpp,-4.0,8,qpsk-r1/5,w,9,1,0,data,ok,8,8,0.2,24.2
mpp,-4.0,8,ack-4f,w,2,2,0,ctl,ok,0,0,-1.6,24.2
mpp,-4.0,8,qpsk-r1/5,w,9,1,0,data,ok,8,8,-2.1,24.2
mpp,-4.0,8,ack-4f,w,2,2,0,ctl,ok,0,0,-3.5,24.2
mpp,-4.0,8,qpsk-r1/5,w,9,1,0,data,ok,8,8,-0.3,24.2
mpp,-4.0,8,ack-4f,w,2,2,0,ctl,ok,0,0,2.7,24.2
mpp,-4.0,8,qpsk-r1/5,w,9,1,0,data,ok,8,8,-1.3,24.2
mpp,-4.0,8,ack-4f,w,2,2,0,ctl,ok,0,0,-2.0,24.2
mpp,-4.0,8,qpsk-r1/5,w,9,1,0,data,ok,8,8,-0.2,24.2
mpp,-4.0,8,ack-4f,w,2,2,0,ctl,ok,0,0,-2.0,24.2
mpp,-4.0,8,qpsk-r1/5,w,9,1,0,data,ok,8,8,-0.2,24.2
mpp,-4.0,8,ack-4f,w,2,2,0,ctl,ok,0,0,0.2,24.2
mpp,-4.0,8,qpsk-r1/5,w,9,1,0,data,ok,8,8,-0.9,24.2
mpp,-4.0,8,ack-4f,w,2,2,0,ctl,ok,0,0,-2.8,24.2
mpp,-4.0,8,qpsk-r1/5,w,9,1,0,data,ok,8,8,-1.8,24.2
mpp,-4.0,8,ack-4f,w,2,2,0,ctl,ok,0,0,0.1,24.2
mpp,-4.0,8,qpsk-r1/5,w,9,1,0,data,ok,8,8,-1.3,24.2
mpp,-4.0,8,ack-4f,w,2,2,,ctl,missed,0,0,,24.2
mpp,-4.0,8,ack-4f,w,3,3,0,ctl,ok,0,0,-1.6,24.2
mpp,-4.0,8,ack-4f,w,2,2,0,ctl,ok,0,0,-1.0,24.2
mpp,-4.0,8,qpsk-r1/5,w,9,1,0,data,ok,8,8,0.2,24.2
mpp,-4.0,8,ack-4f,w,2,2,0,ctl,ok,0,0,1.0,24.2
mpp,-4.0,8,qpsk-r1/5,w,9,1,0,data,ok,8,8,-1.9,24.2
mpp,-4.0,8,ack-4f,w,2,2,0,ctl,ok,0,0,4.1,24.2
mpp,-4.0,8,qpsk-r1/5,w,9,1,0,data,ok,8,8,0.8,24.2
mpp,-4.0,8,ack-1f,w,2,2,0,ctl,ok,0,0,0.3,24.2
mpp,-4.0,8,qpsk-r1/5,w,9,1,0,data,ok,8,8,0.1,24.2
mpp,-4.0,8,ack-4f,w,2,2,0,ctl,ok,0,0,0.0,24.2
mpp,-4.0,8,qpsk-r1/5,w,9,1,0,data,ok,8,8,-0.9,24.2
mpp,-4.0,8,ack-4f,w,2,2,0,ctl,ok,0,0,1.8,24.2
mpp,-4.0,8,qpsk-r1/5,w,9,1,0,data,ok,8,8,-0.9,24.2
mpp,-4.0,8,ack-4f,w,2,2,,ctl,missed,0,0,,24.2
mpp,-4.0,8,ack-4f,w,3,3,0,ctl,ok,0,0,-5.9,24.2
mpp,-4.0,8,ack-4f,w,2,2,0,ctl,ok,0,0,-2.1,24.2
mpp,-4.0,8,qpsk-r1/5,w,9,1,0,data,ok,8,8,-0.5,24.2
mpp,-4.0,8,ack-4f,w,2,2,0,ctl,ok,0,0,-2.2,24.2
mpp,-4.0,8,qpsk-r1/5,w,9,1,0,data,ok,8,8,-0.9,24.2
mpp,-4.0,8,ack-4f,w,2,2,0,ctl,ok,0,0,1.3,24.2
mpp,-4.0,8,qpsk-r1/5,w,9,1,0,data,ok,8,8,-2.0,24.2
mpp,-4.0,8,ack-4f,w,2,2,0,ctl,ok,0,0,-3.5,24.2
mpp,-4.0,8,qpsk-r1/5,w,9,1,0,data,ok,8,8,-0.1,24.2
mpp,-4.0,8,ack-4f,w,2,2,0,ctl,ok,0,0,-0.8,24.2
mpp,-4.0,8,qpsk-r1/5,w,9,1,0,data,ok,8,8,-0.7,24.2
mpp,-4.0,8,ack-4f,w,2,2,0,ctl,ok,0,0,-0.9,24.2
mpp,-4.0,8,qpsk-r1/5,w,9,1,0,data,ok,8,7,-2.0,24.2
mpp,-4.0,8,ack-4f,w,3,3,0,ctl,ok,0,0,1.6,24.2
mpp,-4.0,8,qpsk-r1/5,w,9,1,0,data,ok,7,7,-0.0,24.2
mpp,-4.0,8,ack-4f,w,2,2,0,ctl,ok,0,0,1.4,24.2
mpp,-4.0,8,qpsk-r1/5,w,9,1,0,data,ok,8,8,-0.1,24.2
mpp,-4.0,8,ack-4f,w,2,2,0,ctl,ok,0,0,1.2,24.2
mpp,-4.0,8,qpsk-r1/5,w,9,1,0,data,ok,8,8,-0.5,24.2
mpp,-4.0,8,ack-4f,w,2,2,0,ctl,ok,0,0,2.6,24.2
mpp,-4.0,8,qpsk-r1/5,w,9,1,0,data,ok,8,8,-1.0,24.2
mpp,-4.0,8,ack-1f,w,2,2,0,ctl,ok,0,0,2.6,24.2
mpp,-4.0,8,qpsk-r1/5,w,9,1,0,data,ok,8,8,-1.0,24.2
mpp,-4.0,8,ack-1f,w,2,2,0,ctl,ctl_lost,0,0,-6.1,24.2
mpp,-4.0,8,ack-4f,w,3,3,0,ctl,ok,0,0,1.2,24.2
mpp,-4.0,8,ack-4f,w,2,2,0,ctl,ok,0,0,-2.1,24.2
mpp,-4.0,8,qpsk-r1/5,w,9,1,0,data,ok,8,8,-2.2,24.2
mpp,-4.0,8,ack-4f,w,2,2,0,ctl,ok,0,0,0.4,24.2
mpp,-4.0,8,qpsk-r1/5,w,9,1,0,data,ok,8,8,-0.2,24.2
mpp,-4.0,8,ack-4f,w,2,2,0,ctl,ok,0,0,-5.2,24.2
mpp,-4.0,8,qpsk-r1/5,w,9,1,0,data,ok,8,6,-2.8,24.2
mpp,-4.0,2,qpsk-r1/5,w,1,1,0,ctl,ok,0,0,-1.5,22.9
mpp,-4.0,2,qpsk-r1/5,w,1,1,0,ctl,ok,0,0,0.6,22.9
mpp,-4.0,2,ack-4f,w,3,3,0,ctl,ok,0,0,-5.7,22.9
mpp,-4.0,2,ack-4f,w,3,3,0,ctl,ok,0,0,-3.8,22.9
mpp,-4.0,2,qpsk-r1/5,w,9,2,1,data,ok,7,7,-1.1,22.9
mpp,-4.0,2,ack-4f,w,3,3,0,ctl,ok,0,0,-2.0,22.9
mpp,-4.0,2,qpsk-r1/5,w,9,2,1,data,ok,7,7,-1.5,22.9
mpp,-4.0,2,ack-4f,w,3,3,0,ctl,ok,0,0,0.2,22.9
mpp,-4.0,2,qpsk-r1/5,w,9,2,1,data,ok,7,6,-2.2,22.9
mpp,-4.0,2,ack-4f,w,3,3,0,ctl,ok,0,0,-1.0,22.9
mpp,-4.0,2,qpsk-r1/5,w,9,2,1,data,ok,6,5,-0.8,22.9
mpp,-4.0,2,ack-4f,w,3,3,0,ctl,ok,0,0,0.2,22.9
mpp,-4.0,2,qpsk-r1/5,w,9,2,1,data,ok,6,6,-0.8,22.9
mpp,-4.0,2,ack-4f,w,2,2,0,ctl,ok,0,0,-2.0,22.9
mpp,-4.0,2,qpsk-r1/5,w,9,1,0,data,ok,8,8,-0.7,22.9
mpp,-4.0,2,ack-4f,w,2,2,0,ctl,ok,0,0,-2.9,22.9
mpp,-4.0,2,qpsk-r1/5,w,9,1,0,data,ok,8,8,0.8,22.9
mpp,-4.0,2,ack-4f,w,2,2,0,ctl,ok,0,0,3.7,22.9
mpp,-4.0,2,qpsk-r1/5,w,9,1,0,data,ok,8,8,-1.8,22.9
mpp,-4.0,2,ack-4f,w,2,2,0,ctl,ok,0,0,-1.7,22.9
mpp,-4.0,2,qpsk-r1/5,w,9,1,0,data,ok,8,8,-1.4,22.9
mpp,-4.0,2,ack-4f,w,2,2,0,ctl,ok,0,0,-2.8,22.9
mpp,-4.0,2,qpsk-r1/5,w,9,1,0,data,ok,8,8,-0.2,22.9
mpp,-4.0,2,ack-4f,w,2,2,0,ctl,ok,0,0,-7.9,22.9
mpp,-4.0,2,qpsk-r1/5,w,9,1,0,data,ok,8,8,-1.3,22.9
mpp,-4.0,2,ack-4f,w,2,2,0,ctl,ok,0,0,-0.4,22.9
mpp,-4.0,2,qpsk-r1/5,w,9,1,0,data,ok,8,8,0.8,22.9
mpp,-4.0,2,ack-4f,w,2,2,0,ctl,ok,0,0,1.6,22.9
mpp,-4.0,2,qpsk-r1/5,w,9,1,0,data,ok,8,8,1.0,22.9
mpp,-4.0,2,ack-4f,w,3,3,0,ctl,ok,0,0,0.8,22.9
mpp,-4.0,2,qpsk-r1/3,w,9,2,1,data,ok,7,1,0.2,22.9
mpp,-4.0,2,ack-4f,w,3,3,0,ctl,ok,0,0,-1.8,22.9
mpp,-4.0,2,qpsk-r1/3,w,9,2,1,data,ok,1,0,-0.1,22.9
mpp,-4.0,2,ack-4f,w,2,2,0,ctl,ok,0,0,0.3,22.9
mpp,-4.0,2,qpsk-r1/5,w,9,1,0,data,ok,8,8,-1.6,22.9
mpp,-4.0,2,ack-4f,w,2,2,0,ctl,ok,0,0,-0.7,22.9
mpp,-4.0,2,qpsk-r1/5,w,9,1,0,data,ok,8,8,-1.5,22.9
mpp,-4.0,2,ack-4f,w,2,2,0,ctl,ok,0,0,-0.8,22.9
mpp,-4.0,2,qpsk-r1/5,w,9,1,0,data,ok,8,8,-0.6,22.9
mpp,-4.0,2,ack-4f,w,2,2,0,ctl,ok,0,0,1.0,22.9
mpp,-4.0,2,qpsk-r1/5,w,9,1,0,data,ok,8,8,-0.8,22.9
mpp,-4.0,2,ack-4f,w,2,2,0,ctl,ok,0,0,-1.6,22.9
mpp,-4.0,2,qpsk-r1/5,w,9,1,0,data,ok,8,8,-0.4,22.9
mpp,-4.0,2,ack-4f,w,2,2,0,ctl,ok,0,0,-1.8,22.9
mpp,-4.0,2,qpsk-r1/5,w,9,1,0,data,ctl_lost,8,0,-3.4,22.9
mpp,-4.0,2,ack-4f,w,3,3,0,ctl,ok,0,0,-1.2,22.9
mpp,-4.0,2,ack-4f,w,3,3,0,ctl,ok,0,0,0.1,22.9
mpp,-4.0,2,qpsk-r1/5,w,9,2,1,data,ok,7,7,-0.1,22.9
mpp,-4.0,2,ack-4f,w,3,3,0,ctl,ok,0,0,-4.0,22.9
mpp,-4.0,2,qpsk-r1/5,w,9,2,1,data,ok,7,7,-1.0,22.9
mpp,-4.0,2,ack-4f,w,2,2,0,ctl,ok,0,0,1.7,22.9
mpp,-4.0,2,qpsk-r1/5,w,9,1,0,data,ok,8,8,-0.7,22.9
mpp,-4.0,2,ack-4f,w,2,2,,ctl,missed,0,0,,22.9
mpp,-4.0,2,ack-4f,w,3,3,0,ctl,ok,0,0,0.3,22.9
mpp,-4.0,2,ack-4f,w,2,2,0,ctl,ok,0,0,-4.3,22.9
mpp,-4.0,2,qpsk-r1/5,w,9,1,0,data,ok,8,8,-1.1,22.9
mpp,-4.0,2,ack-4f,w,2,2,0,ctl,ok,0,0,0.4,22.9
mpp,-4.0,2,qpsk-r1/5,w,9,1,0,data,ok,8,8,0.0,22.9
mpp,-4.0,2,ack-4f,w,2,2,0,ctl,ok,0,0,-0.7,22.9
mpp,-4.0,2,qpsk-r1/5,w,9,1,0,data,ok,8,8,0.0,22.9
mpp,-4.0,2,ack-4f,w,2,2,0,ctl,ok,0,0,0.7,22.9
mpp,-4.0,2,qpsk-r1/5,w,9,1,0,data,ok,8,8,-0.2,22.9
mpp,-4.0,2,ack-4f,w,2,2,0,ctl,ok,0,0,-1.9,22.9
mpp,-4.0,2,qpsk-r1/5,w,9,1,0,data,ok,8,8,-0.4,22.9
mpp,-4.0,2,ack-4f,w,2,2,0,ctl,ok,0,0,-3.9,22.9
mpp,-4.0,2,qpsk-r1/5,w,9,1,0,data,ctl_lost,8,7,-2.0,22.9
mpp,-4.0,2,ack-4f,w,3,3,0,ctl,ok,0,0,-0.8,22.9
mpp,-4.0,2,ack-4f,w,3,3,0,ctl,ok,0,0,-5.1,22.9
mpp,-4.0,2,qpsk-r1/5,w,9,2,1,data,ok,7,7,0.0,22.9
mpp,-4.0,2,ack-4f,w,3,3,0,ctl,ok,0,0,-4.5,22.9
mpp,-4.0,2,qpsk-r1/5,w,9,2,1,data,ok,7,7,-0.1,22.9
mpp,-4.0,2,ack-4f,w,2,2,0,ctl,ok,0,0,-0.3,22.9
mpp,-4.0,2,qpsk-r1/5,w,9,1,0,data,ok,8,7,-2.1,22.9
mpp,-4.0,2,ack-4f,w,3,3,0,ctl,ok,0,0,-0.7,22.9
mpp,-4.0,2,qpsk-r1/5,w,9,2,1,data,ok,6,6,0.5,22.9
mpp,-4.0,2,ack-4f,w,2,2,0,ctl,ok,0,0,0.2,22.9
mpp,-4.0,2,qpsk-r1/5,w,9,1,0,data,ok,8,8,-1.0,22.9
mpp,-4.0,2,ack-4f,w,2,2,0,ctl,ok,0,0,-0.2,22.9
mpp,-4.0,2,qpsk-r1/5,w,9,1,0,data,ok,8,8,-0.7,22.9
mpp,-4.0,2,ack-4f,w,2,2,0,ctl,ok,0,0,0.5,22.9
mpp,-4.0,2,qpsk-r1/5,w,9,1,0,data,ok,8,8,-0.6,22.9
mpp,-4.0,2,ack-4f,w,2,2,0,ctl,ok,0,0,-1.7,22.9
mpp,-4.0,2,qpsk-r1/5,w,9,1,0,data,ok,8,8,-1.3,22.9
mpp,-4.0,2,ack-4f,w,2,2,0,ctl,ok,0,0,0.6,22.9
mpp,-4.0,2,qpsk-r1/5,w,9,1,0,data,ok,8,8,0.5,22.9
mpp,-4.0,2,ack-4f,w,2,2,0,ctl,ok,0,0,3.9,22.9
mpp,-4.0,2,qpsk-r1/5,w,9,1,0,data,ok,8,8,-1.4,22.9
mpp,-4.0,2,ack-4f,w,2,2,0,ctl,ok,0,0,1.7,22.9
mpp,-4.0,2,qpsk-r1/5,w,9,1,0,data,ok,8,8,0.4,22.9
mpp,-4.0,2,ack-4f,w,2,2,0,ctl,ok,0,0,-1.4,22.9
mpp,-4.0,2,qpsk-r1/5,w,9,1,0,data,ok,8,8,-1.4,22.9
mpp,-4.0,2,ack-4f,w,2,2,,ctl,missed,0,0,,22.9
mpp,-4.0,2,ack-4f,w,3,3,0,ctl,ok,0,0,-0.1,22.9
mpp,-4.0,1,qpsk-r1/5,w,1,1,0,ctl,ok,0,0,1.0,17.9
mpp,-4.0,1,qpsk-r1/5,w,1,1,0,ctl,ok,0,0,-0.4,17.9
mpp,-4.0,1,ack-4f,w,3,3,0,ctl,ok,0,0,-2.3,17.9
mpp,-4.0,1,ack-4f,w,3,3,0,ctl,ok,0,0,-1.2,17.9
mpp,-4.0,1,qpsk-r1/5,w,9,2,1,data,ok,7,7,-1.2,17.9
mpp,-4.0,1,ack-4f,w,3,3,0,ctl,ok,0,0,-1.5,17.9
mpp,-4.0,1,qpsk-r1/5,w,9,2,1,data,ok,7,7,-0.5,17.9
mpp,-4.0,1,ack-4f,w,3,3,0,ctl,ok,0,0,0.1,17.9
mpp,-4.0,1,qpsk-r1/5,w,9,2,1,data,ok,7,7,-1.5,17.9
mpp,-4.0,1,ack-4f,w,3,3,0,ctl,ok,0,0,-3.3,17.9
mpp,-4.0,1,qpsk-r1/5,w,9,2,1,data,ok,7,7,-1.9,17.9
mpp,-4.0,1,ack-4f,w,3,3,0,ctl,ok,0,0,-2.8,17.9
mpp,-4.0,1,qpsk-r1/5,w,9,2,1,data,ok,7,7,-2.0,17.9
mpp,-4.0,1,ack-4f,w,3,3,0,ctl,ok,0,0,-0.1,17.9
mpp,-4.0,1,qpsk-r1/5,w,9,2,1,data,ok,7,7,-1.7,17.9
mpp,-4.0,1,ack-4f,w,3,3,0,ctl,ok,0,0,-2.8,17.9
mpp,-4.0,1,qpsk-r1/5,w,9,2,1,data,ok,7,7,-1.4,17.9
mpp,-4.0,1,ack-4f,w,2,2,0,ctl,ok,0,0,-1.7,17.9
mpp,-4.0,1,qpsk-r1/5,w,9,1,0,data,ok,8,5,-1.4,17.9
mpp,-4.0,1,ack-4f,w,3,3,0,ctl,ok,0,0,-0.2,17.9
mpp,-4.0,1,qpsk-r1/5,w,9,1,0,data,ok,5,5,-0.9,17.9
mpp,-4.0,1,ack-4f,w,2,2,0,ctl,ok,0,0,1.1,17.9
mpp,-4.0,1,qpsk-r1/5,w,9,1,0,data,ok,8,8,-1.6,17.9
mpp,-4.0,1,ack-4f,w,2,2,0,ctl,ok,0,0,-1.5,17.9
mpp,-4.0,1,qpsk-r1/5,w,9,1,0,data,ok,8,8,-2.6,17.9
mpp,-4.0,1,ack-4f,w,2,2,0,ctl,ok,0,0,-2.7,17.9
mpp,-4.0,1,qpsk-r1/5,w,9,1,0,data,ok,8,8,0.3,17.9
mpp,-4.0,1,ack-4f,w,2,2,0,ctl,ok,0,0,0.9,17.9
mpp,-4.0,1,qpsk-r1/5,w,9,1,0,data,ctl_lost,8,6,-2.0,17.9
mpp,-4.0,1,ack-4f,w,3,3,0,ctl,ok,0,0,-0.2,17.9
mpp,-4.0,1,ack-4f,w,3,3,0,ctl,ok,0,0,3.1,17.9
mpp,-4.0,1,qpsk-r1/5,w,9,2,1,data,ok,7,7,-0.2,17.9
mpp,-4.0,1,ack-4f,w,3,3,0,ctl,ok,0,0,0.7,17.9
mpp,-4.0,1,qpsk-r1/5,w,9,2,1,data,ok,7,7,-1.1,17.9
mpp,-4.0,1,ack-4f,w,2,2,0,ctl,ok,0,0,0.1,17.9
mpp,-4.0,1,qpsk-r1/5,w,9,1,0,data,ok,8,8,0.0,17.9
mpp,-4.0,1,ack-4f,w,2,2,0,ctl,ok,0,0,-1.2,17.9
mpp,-4.0,1,qpsk-r1/5,w,9,1,0,data,ok,8,8,-0.6,17.9
mpp,-4.0,1,ack-4f,w,2,2,0,ctl,ok,0,0,-1.4,17.9
mpp,-4.0,1,qpsk-r1/5,w,9,1,0,data,ctl_lost,8,7,-2.8,17.9
mpp,-4.0,1,ack-4f,w,3,3,0,ctl,ok,0,0,-1.4,17.9
mpp,-4.0,1,ack-4f,w,3,3,0,ctl,ok,0,0,-2.0,17.9
mpp,-4.0,1,qpsk-r1/5,w,9,2,1,data,ok,7,6,-2.6,17.9
mpp,-4.0,1,ack-4f,w,3,3,0,ctl,ok,0,0,-1.7,17.9
mpp,-4.0,1,qpsk-r1/5,w,9,2,,data,missed,0,0,,17.9
mpp,-4.0,1,ack-4f,w,3,3,0,ctl,ok,0,0,-1.1,17.9
mpp,-4.0,1,ack-4f,w,3,3,0,ctl,ok,0,0,0.7,17.9
mpp,-4.0,1,qpsk-r1/5,w,9,2,1,data,ok,6,6,-1.1,17.9
mpp,-4.0,1,ack-4f,w,3,3,0,ctl,ok,0,0,0.3,17.9
mpp,-4.0,1,qpsk-r1/5,w,9,2,1,data,ok,7,7,-0.9,17.9
mpp,-4.0,1,ack-4f,w,2,2,0,ctl,ok,0,0,-0.4,17.9
mpp,-4.0,1,qpsk-r1/5,w,9,1,0,data,ok,8,8,-0.5,17.9
mpp,-4.0,1,ack-4f,w,2,2,0,ctl,ok,0,0,0.2,17.9
mpp,-4.0,1,qpsk-r1/5,w,9,1,0,data,ok,8,8,-0.4,17.9
mpp,-4.0,1,ack-4f,w,2,2,0,ctl,ok,0,0,2.5,17.9
mpp,-4.0,1,qpsk-r1/5,w,9,1,0,data,ctl_lost,8,0,-3.1,17.9
mpp,-4.0,1,ack-4f,w,3,3,0,ctl,ok,0,0,-3.7,17.9
mpp,-4.0,1,ack-4f,w,3,3,,ctl,missed,0,0,,17.9
mpp,-4.0,1,ack-4f,w,3,3,0,ctl,ok,0,0,-3.9,17.9
mpp,-4.0,1,ack-4f,w,3,3,0,ctl,ok,0,0,-6.3,17.9
mpp,-4.0,1,qpsk-r1/5,w,9,2,1,data,ok,7,7,-1.5,17.9
mpp,-4.0,1,ack-4f,w,3,3,0,ctl,ok,0,0,0.1,17.9
mpp,-4.0,1,qpsk-r1/5,w,9,2,1,data,ok,7,7,-1.6,17.9
mpp,-4.0,1,ack-4f,w,3,3,0,ctl,ok,0,0,-0.4,17.9
mpp,-4.0,1,qpsk-r1/5,w,9,2,1,data,ok,7,7,-1.5,17.9
mpp,-4.0,1,ack-4f,w,3,3,0,ctl,ok,0,0,-2.6,17.9
mpp,-4.0,1,qpsk-r1/5,w,9,2,1,data,ok,7,5,-2.2,17.9
mpp,-4.0,1,ack-4f,w,3,3,0,ctl,ok,0,0,-1.3,17.9
mpp,-4.0,1,qpsk-r1/5,w,9,2,1,data,ok,5,5,-0.3,17.9
mpp,-4.0,1,ack-4f,w,2,2,0,ctl,ok,0,0,-1.5,17.9
mpp,-4.0,1,qpsk-r1/5,w,9,1,0,data,ok,8,8,-0.5,17.9
mpp,-4.0,1,ack-4f,w,2,2,0,ctl,ok,0,0,-0.3,17.9
mpp,-4.0,1,qpsk-r1/5,w,9,1,0,data,ok,8,8,-0.8,17.9
mpp,-4.0,1,ack-4f,w,2,2,0,ctl,ok,0,0,0.3,17.9
mpp,-4.0,1,qpsk-r1/5,w,9,1,0,data,ctl_lost,8,4,-2.3,17.9
mpp,-4.0,1,ack-4f,w,3,3,0,ctl,ok,0,0,-1.0,17.9
mpp,-4.0,1,ack-4f,w,3,3,0,ctl,ok,0,0,2.1,17.9
mpp,-4.0,1,qpsk-r1/5,w,9,2,1,data,ok,7,2,-2.9,17.9
mpp,-4.0,1,ack-4f,w,3,3,0,ctl,ok,0,0,3.4,17.9
mpp,-4.0,1,qpsk-r1/5,w,9,2,1,data,ok,2,2,-0.9,17.9
mpp,-4.0,1,ack-1f,w,3,3,0,ctl,ctl_lost,0,0,-4.3,17.9
mpp,-4.0,1,ack-4f,w,3,3,0,ctl,ok,0,0,0.4,17.9
mpp,-4.0,1,ack-4f,w,2,2,0,ctl,ok,0,0,-0.0,17.9
mpp,-4.0,1,qpsk-r1/5,w,9,1,0,data,ok,8,8,-0.7,17.9
mpp,-4.0,1,ack-4f,w,3,3,0,ctl,ok,0,0,0.3,17.9
mpp,-4.0,1,qpsk-r1/5,w,9,2,1,data,ok,7,7,-0.4,17.9
mpp,-4.0,1,ack-4f,w,2,2,0,ctl,ok,0,0,-1.5,17.9
mpp,-4.0,1,qpsk-r1/5,w,9,1,0,data,ok,8,8,-1.4,17.9
mpp,-4.0,1,ack-4f,w,2,2,0,ctl,ctl_lost,0,0,-6.9,17.9
mpp,-4.0,1,ack-4f,w,3,3,0,ctl,ok,0,0,-3.5,17.9
mpp,-4.0,1,ack-4f,w,3,3,0,ctl,ok,0,0,-3.6,17.9
mpp,-4.0,1,qpsk-r1/5,w,9,2,1,data,ok,7,5,0.3,17.9
mpp,-4.0,1,n4-ack-8f,n4,3,3,0,ctl,ok,0,0,-2.4,17.9
mpp,-4.0,1,qpsk-r1/5,w,9,1,0,data,ok,6,6,-0.4,17.9
mpp,-4.0,9,qpsk-r1/5,w,1,1,0,ctl,ctl_lost,0,0,-3.2,19.1
mpp,-4.0,9,n4-qpsk-r1/3,n4,1,1,0,ctl,ctl_lost,0,0,-3.6,19.1
mpp,-4.0,9,n4-qpsk-r1/3,n4,1,1,0,ctl,ok,0,0,0.1,19.1
mpp,-4.0,9,n4-qpsk-r1/3,n4,1,1,,ctl,missed,0,0,,19.1
mpp,-4.0,9,n4-qpsk-r1/3,n4,1,1,0,ctl,ok,0,0,-0.1,19.1
mpp,-4.0,9,n4-qpsk-r1/3,n4,1,1,0,ctl,ok,0,0,-0.8,19.1
mpp,-4.0,9,ack-4f,w,3,3,0,ctl,ok,0,0,1.6,19.1
mpp,-4.0,9,ack-1f,w,3,3,0,ctl,ctl_lost,0,0,-0.9,19.1
mpp,-4.0,9,ack-4f,w,3,3,0,ctl,ok,0,0,1.2,19.1
mpp,-4.0,9,ack-4f,w,3,3,0,ctl,ok,0,0,0.1,19.1
mpp,-4.0,9,qpsk-r1/3,w,9,2,1,data,ok,7,4,-0.3,19.1
mpp,-4.0,9,ack-4f,w,3,3,0,ctl,ok,0,0,0.8,19.1
mpp,-4.0,9,qpsk-r1/3,w,9,2,1,data,ok,4,0,-1.2,19.1
mpp,-4.0,9,ack-4f,w,3,3,0,ctl,ok,0,0,-1.8,19.1
mpp,-4.0,9,qpsk-r1/5,w,9,2,1,data,ok,7,7,-0.4,19.1
mpp,-4.0,9,ack-4f,w,3,3,0,ctl,ok,0,0,-1.7,19.1
mpp,-4.0,9,qpsk-r1/5,w,9,2,1,data,ok,7,7,-1.9,19.1
mpp,-4.0,9,ack-4f,w,3,3,0,ctl,ok,0,0,-1.3,19.1
mpp,-4.0,9,qpsk-r1/3,w,9,2,1,data,ok,7,0,0.0,19.1
mpp,-4.0,9,ack-4f,w,3,3,0,ctl,ok,0,0,1.3,19.1
mpp,-4.0,9,qpsk-r1/5,w,9,2,1,data,ok,7,7,0.3,19.1
mpp,-4.0,9,ack-4f,w,2,2,0,ctl,ok,0,0,-0.5,19.1
mpp,-4.0,9,qpsk-r1/5,w,9,1,0,data,ok,8,8,-0.9,19.1
mpp,-4.0,9,ack-4f,w,2,2,0,ctl,ok,0,0,2.8,19.1
mpp,-4.0,9,qpsk-r1/5,w,9,1,0,data,ok,8,8,-2.1,19.1
mpp,-4.0,9,ack-4f,w,3,3,0,ctl,ok,0,0,0.2,19.1
mpp,-4.0,9,qpsk-r1/5,w,9,2,1,data,ok,7,7,0.8,19.1
mpp,-4.0,9,ack-4f,w,2,2,0,ctl,ok,0,0,1.5,19.1
mpp,-4.0,9,qpsk-r1/5,w,9,1,0,data,ok,8,8,-1.4,19.1
mpp,-4.0,9,ack-4f,w,2,2,0,ctl,ok,0,0,-3.3,19.1
mpp,-4.0,9,qpsk-r1/5,w,9,1,0,data,ok,8,8,-1.7,19.1
mpp,-4.0,9,ack-4f,w,3,3,0,ctl,ok,0,0,0.1,19.1
mpp,-4.0,9,qpsk-r1/5,w,9,2,1,data,ok,7,7,0.1,19.1
mpp,-4.0,9,ack-4f,w,2,2,0,ctl,ok,0,0,-1.3,19.1
mpp,-4.0,9,qpsk-r1/5,w,9,1,0,data,ok,8,8,-1.1,19.1
mpp,-4.0,9,ack-4f,w,2,2,0,ctl,ok,0,0,1.6,19.1
mpp,-4.0,9,qpsk-r1/5,w,9,1,0,data,ok,8,8,-0.9,19.1
mpp,-4.0,9,ack-4f,w,2,2,0,ctl,ok,0,0,2.3,19.1
mpp,-4.0,9,qpsk-r1/5,w,9,1,0,data,ok,8,8,-0.8,19.1
mpp,-4.0,9,ack-4f,w,2,2,0,ctl,ok,0,0,3.7,19.1
mpp,-4.0,9,qpsk-r1/5,w,9,1,0,data,ok,8,8,0.2,19.1
mpp,-4.0,9,ack-4f,w,2,2,0,ctl,ctl_lost,0,0,-4.4,19.1
mpp,-4.0,9,ack-4f,w,3,3,0,ctl,ok,0,0,-1.6,19.1
mpp,-4.0,9,ack-4f,w,3,3,0,ctl,ok,0,0,-2.1,19.1
mpp,-4.0,9,qpsk-r1/3,w,9,2,1,data,ok,7,4,-0.4,19.1
mpp,-4.0,9,polar-k96-f4,w,2,2,0,ctl,ok,0,0,0.5,19.1
mpp,-4.0,9,qpsk-r1/3,w,9,2,1,data,ok,4,0,-2.1,19.1
mpp,-4.0,9,n10-ack-4f,n10,2,2,0,ctl,ok,0,0,-2.2,19.1
mpp,-4.0,9,qpsk-r1/5,w,9,1,0,data,ok,8,8,1.0,19.1
mpp,-4.0,9,ack-4f,w,2,2,0,ctl,ok,0,0,-1.6,19.1
mpp,-4.0,9,qpsk-r1/5,w,9,1,0,data,ok,8,8,-1.3,19.1
mpp,-4.0,9,ack-4f,w,2,2,,ctl,missed,0,0,,19.1
mpp,-4.0,9,ack-4f,w,3,3,0,ctl,ok,0,0,-2.4,19.1
mpp,-4.0,9,ack-4f,w,2,2,0,ctl,ok,0,0,-1.5,19.1
mpp,-4.0,9,qpsk-r1/5,w,9,1,0,data,ok,8,8,0.2,19.1
mpp,-4.0,9,ack-4f,w,2,2,0,ctl,ok,0,0,4.9,19.1
mpp,-4.0,9,qpsk-r1/5,w,9,1,0,data,ctl_lost,8,0,-3.0,19.1
mpp,-4.0,9,ack-4f,w,3,3,0,ctl,ok,0,0,-2.1,19.1
mpp,-4.0,9,ack-4f,w,3,3,0,ctl,ok,0,0,-1.1,19.1
mpp,-4.0,9,qpsk-r1/5,w,9,2,1,data,ok,7,7,0.2,19.1
mpp,-4.0,9,ack-4f,w,3,3,0,ctl,ok,0,0,-1.6,19.1
mpp,-4.0,9,qpsk-r1/5,w,9,2,1,data,ok,7,7,-1.5,19.1
mpp,-4.0,9,ack-4f,w,2,2,0,ctl,ok,0,0,-1.1,19.1
mpp,-4.0,9,qpsk-r1/5,w,9,1,0,data,ctl_lost,8,7,-2.2,19.1
mpp,-4.0,9,ack-4f,w,2,2,0,ctl,ok,0,0,-0.5,19.1
mpp,-4.0,9,ack-4f,w,3,3,0,ctl,ok,0,0,-1.2,19.1
mpp,-4.0,9,qpsk-r1/5,w,9,2,1,data,ok,7,7,-2.0,19.1
mpp,-4.0,9,ack-4f,w,3,3,0,ctl,ok,0,0,-1.6,19.1
mpp,-4.0,9,qpsk-r1/5,w,9,2,1,data,ok,7,7,-0.8,19.1
mpp,-4.0,9,ack-4f,w,3,3,0,ctl,ok,0,0,0.5,19.1
mpp,-4.0,9,qpsk-r1/5,w,9,2,1,data,ok,7,3,-1.9,19.1
mpp,-4.0,9,ack-4f,w,3,3,0,ctl,ok,0,0,-0.4,19.1
mpp,-4.0,9,qpsk-r1/5,w,9,2,1,data,ok,3,3,-1.2,19.1
mpp,-4.0,9,ack-4f,w,3,3,0,ctl,ok,0,0,-1.0,19.1
mpp,-4.0,9,qpsk-r1/5,w,9,2,1,data,ok,7,7,-1.3,19.1
mpp,-4.0,9,ack-4f,w,2,2,0,ctl,ok,0,0,2.4,19.1
mpp,-4.0,9,qpsk-r1/5,w,9,1,0,data,ok,8,8,-0.8,19.1
mpp,-4.0,9,ack-4f,w,2,2,0,ctl,ok,0,0,-2.2,19.1
mpp,-4.0,9,qpsk-r1/5,w,9,1,0,data,ok,8,8,-0.5,19.1
mpp,-4.0,9,ack-4f,w,2,2,0,ctl,ok,0,0,-3.0,19.1
mpp,-4.0,9,qpsk-r1/5,w,9,1,0,data,ok,8,8,-0.6,19.1
mpp,-4.0,9,ack-4f,w,2,2,0,ctl,ok,0,0,-0.5,19.1
mpp,-4.0,9,qpsk-r1/5,w,9,1,0,data,ok,8,8,-0.7,19.1
mpp,-4.0,9,ack-4f,w,2,2,0,ctl,ok,0,0,-2.4,19.1
mpp,-4.0,9,qpsk-r1/5,w,9,1,0,data,ok,8,8,0.5,19.1
mpp,-4.0,9,ack-4f,w,2,2,0,ctl,ok,0,0,2.0,19.1
mpp,-4.0,9,qpsk-r1/5,w,9,1,0,data,ok,8,6,-1.2,19.1
mpp,-4.0,9,ack-4f,w,2,2,0,ctl,ok,0,0,-0.9,19.1
mpp,-4.0,9,qpsk-r1/5,w,9,1,0,data,ok,6,6,0.9,19.1
mpp,-4.0,9,ack-4f,w,2,2,0,ctl,ok,0,0,-5.0,19.1
mpp,-4.0,9,qpsk-r1/5,w,9,1,0,data,ok,8,8,-0.4,19.1
mpp,-4.0,9,ack-4f,w,2,2,0,ctl,ok,0,0,-1.8,19.1
mpp,-4.0,9,qpsk-r1/5,w,9,1,0,data,ok,8,8,-0.9,19.1
mpp,-4.0,10,qpsk-r1/5,w,1,1,0,ctl,ctl_lost,0,0,-2.2,18.7
mpp,-4.0,10,n4-qpsk-r1/3,n4,1,1,0,ctl,ok,0,0,-3.1,18.7
mpp,-4.0,10,n4-qpsk-r1/3,n4,1,1,0,ctl,ok,0,0,-1.2,18.7
mpp,-4.0,10,ack-4f,w,3,3,0,ctl,ok,0,0,0.2,18.7
mpp,-4.0,10,ack-4f,w,3,3,0,ctl,ok,0,0,-0.5,18.7
mpp,-4.0,10,qpsk-r1/5,w,9,2,1,data,ok,7,7,-1.5,18.7
mpp,-4.0,10,ack-4f,w,3,3,0,ctl,ok,0,0,-2.4,18.7
mpp,-4.0,10,qpsk-r1/5,w,9,2,1,data,ok,7,7,-1.5,18.7
mpp,-4.0,10,ack-4f,w,3,3,0,ctl,ok,0,0,0.7,18.7
mpp,-4.0,10,qpsk-r1/5,w,9,2,1,data,ok,7,7,0.3,18.7
mpp,-4.0,10,ack-4f,w,2,2,,ctl,missed,0,0,,18.7
mpp,-4.0,10,ack-4f,w,3,3,0,ctl,ok,0,0,1.4,18.7
mpp,-4.0,10,ack-4f,w,3,3,0,ctl,ok,0,0,-0.2,18.7
mpp,-4.0,10,qpsk-r1/3,w,9,2,1,data,ok,7,2,-0.7,18.7
mpp,-4.0,10,ack-4f,w,3,3,0,ctl,ok,0,0,0.0,18.7
mpp,-4.0,10,qpsk-r1/3,w,9,2,1,data,ok,2,0,-0.2,18.7
mpp,-4.0,10,ack-4f,w,2,2,0,ctl,ok,0,0,-1.1,18.7
mpp,-4.0,10,qpsk-r1/5,w,9,1,0,data,ok,8,8,-1.3,18.7
mpp,-4.0,10,ack-4f,w,2,2,0,ctl,ok,0,0,-2.0,18.7
mpp,-4.0,10,qpsk-r1/5,w,9,1,0,data,ok,8,8,1.2,18.7
mpp,-4.0,10,ack-4f,w,3,3,0,ctl,ok,0,0,-0.4,18.7
mpp,-4.0,10,qpsk-r1/3,w,9,2,1,data,ok,7,0,-2.0,18.7
mpp,-4.0,10,ack-4f,w,2,2,0,ctl,ok,0,0,0.5,18.7
mpp,-4.0,10,qpsk-r1/5,w,9,1,0,data,ok,8,1,-2.5,18.7
mpp,-4.0,10,ack-4f,w,3,3,0,ctl,ok,0,0,-2.0,18.7
mpp,-4.0,10,qpsk-r1/5,w,9,2,1,data,ok,0,0,-1.8,18.7
mpp,-4.0,10,ack-4f,w,3,3,0,ctl,ok,0,0,-0.7,18.7
mpp,-4.0,10,qpsk-r1/5,w,9,2,1,data,ok,7,7,-1.3,18.7
mpp,-4.0,10,ack-4f,w,2,2,0,ctl,ok,0,0,-0.7,18.7
mpp,-4.0,10,qpsk-r1/5,w,9,1,0,data,ok,8,6,-1.6,18.7
mpp,-4.0,10,ack-4f,w,3,3,0,ctl,ok,0,0,0.4,18.7
mpp,-4.0,10,qpsk-r1/5,w,9,1,0,data,ok,6,5,-2.6,18.7
mpp,-4.0,10,ack-4f,w,3,3,0,ctl,ok,0,0,-0.1,18.7
mpp,-4.0,10,qpsk-r1/5,w,9,1,0,data,ok,7,7,-0.4,18.7
mpp,-4.0,10,ack-4f,w,2,2,0,ctl,ok,0,0,-1.8,18.7
mpp,-4.0,10,qpsk-r1/5,w,9,1,0,data,ok,8,8,-1.4,18.7
mpp,-4.0,10,ack-4f,w,2,2,0,ctl,ok,0,0,-0.7,18.7
mpp,-4.0,10,qpsk-r1/5,w,9,1,0,data,ok,8,8,-0.2,18.7
mpp,-4.0,10,ack-4f,w,2,2,0,ctl,ok,0,0,-2.5,18.7
mpp,-4.0,10,qpsk-r1/5,w,9,1,0,data,ctl_lost,8,3,-2.4,18.7
mpp,-4.0,10,ack-4f,w,3,3,0,ctl,ok,0,0,-4.4,18.7
mpp,-4.0,10,ack-4f,w,2,2,0,ctl,ok,0,0,-2.8,18.7
mpp,-4.0,10,fsk32r62-r1/2,c32r62,9,1,0,data,ok,8,8,-1.1,18.7
mpp,-4.0,10,ack-4f,w,3,3,0,ctl,ok,0,0,-3.3,18.7
mpp,-4.0,10,qpsk-r1/5,w,9,2,1,data,ok,7,7,-1.4,18.7
mpp,-4.0,10,ack-4f,w,3,3,0,ctl,ok,0,0,-0.0,18.7
mpp,-4.0,10,qpsk-r1/5,w,9,2,1,data,ok,7,7,-1.5,18.7
mpp,-4.0,10,ack-4f,w,3,3,0,ctl,ok,0,0,0.1,18.7
mpp,-4.0,10,qpsk-r1/5,w,9,2,1,data,ok,7,7,-1.5,18.7
mpp,-4.0,10,ack-4f,w,2,2,0,ctl,ok,0,0,-3.1,18.7
mpp,-4.0,10,qpsk-r1/5,w,9,1,0,data,ok,8,8,1.0,18.7
mpp,-4.0,10,ack-4f,w,2,2,0,ctl,ok,0,0,1.4,18.7
mpp,-4.0,10,qpsk-r1/5,w,9,1,0,data,ok,8,8,-0.8,18.7
mpp,-4.0,10,ack-4f,w,2,2,0,ctl,ok,0,0,0.2,18.7
mpp,-4.0,10,qpsk-r1/5,w,9,1,0,data,ok,8,8,-1.1,18.7
mpp,-4.0,10,ack-4f,w,2,2,0,ctl,ok,0,0,-2.4,18.7
mpp,-4.0,10,qpsk-r1/5,w,9,1,0,data,ok,8,8,1.5,18.7
mpp,-4.0,10,ack-4f,w,2,2,0,ctl,ok,0,0,-0.7,18.7
mpp,-4.0,10,qpsk-r1/5,w,9,1,0,data,ok,8,8,-0.6,18.7
mpp,-4.0,10,ack-4f,w,2,2,0,ctl,ok,0,0,-5.3,18.7
mpp,-4.0,10,qpsk-r1/5,w,9,1,0,data,ctl_lost,8,1,-2.8,18.7
mpp,-4.0,10,ack-4f,w,3,3,0,ctl,ok,0,0,-2.3,18.7
mpp,-4.0,10,ack-4f,w,3,3,0,ctl,ok,0,0,-2.3,18.7
mpp,-4.0,10,qpsk-r1/5,w,9,2,1,data,ok,7,7,-0.1,18.7
mpp,-4.0,10,ack-4f,w,3,3,0,ctl,ctl_lost,0,0,-12.4,18.7
mpp,-4.0,10,ack-4f,w,3,3,0,ctl,ok,0,0,-1.2,18.7
mpp,-4.0,10,ack-4f,w,3,3,0,ctl,ok,0,0,-1.3,18.7
mpp,-4.0,10,qpsk-r1/5,w,9,2,1,data,ok,7,7,-1.9,18.7
mpp,-4.0,10,n10-ack-4f,n10,3,3,0,ctl,ok,0,0,-3.7,18.7
mpp,-4.0,10,qpsk-r1/5,w,9,2,1,data,ok,7,7,-1.1,18.7
mpp,-4.0,10,ack-4f,w,3,3,0,ctl,ok,0,0,0.2,18.7
mpp,-4.0,10,qpsk-r1/5,w,9,2,,data,missed,0,0,,18.7
mpp,-4.0,10,ack-4f,w,3,3,0,ctl,ok,0,0,0.8,18.7
mpp,-4.0,10,ack-4f,w,2,2,0,ctl,ok,0,0,-2.2,18.7
mpp,-4.0,10,qpsk-r1/5,w,9,1,0,data,ok,8,8,0.0,18.7
mpp,-4.0,10,ack-4f,w,2,2,0,ctl,ok,0,0,-0.5,18.7
mpp,-4.0,10,qpsk-r1/5,w,9,1,0,data,ok,8,8,-2.8,18.7
mpp,-4.0,10,ack-4f,w,2,2,0,ctl,ok,0,0,-1.3,18.7
mpp,-4.0,10,qpsk-r1/5,w,9,1,0,data,ok,8,8,0.8,18.7
mpp,-4.0,10,ack-4f,w,2,2,0,ctl,ok,0,0,-2.6,18.7
mpp,-4.0,10,qpsk-r1/5,w,9,1,0,data,ok,8,6,-1.5,18.7
mpp,-4.0,10,ack-4f,w,3,3,0,ctl,ok,0,0,-0.9,18.7
mpp,-4.0,10,qpsk-r1/5,w,9,1,0,data,ok,6,6,-1.3,18.7
mpp,-4.0,10,ack-4f,w,2,2,0,ctl,ok,0,0,-0.5,18.7
mpp,-4.0,10,qpsk-r1/5,w,9,1,0,data,ok,8,8,-1.1,18.7
mpp,-4.0,10,ack-4f,w,2,2,0,ctl,ok,0,0,-4.6,18.7
mpp,-4.0,10,qpsk-r1/5,w,9,1,0,data,ok,8,8,0.5,18.7
mpp,-4.0,10,ack-4f,w,2,2,0,ctl,ok,0,0,-0.7,18.7
mpp,-4.0,10,qpsk-r1/5,w,9,1,0,data,ok,8,8,-1.6,18.7
mpg,-4.0,1,qpsk-r1/5,w,1,1,0,ctl,ok,0,0,-0.5,16.6
mpg,-4.0,1,qpsk-r1/5,w,1,1,0,ctl,ctl_lost,0,0,-4.1,16.6
mpg,-4.0,1,n4-qpsk-r1/3,n4,1,1,0,ctl,ok,0,0,-0.6,16.6
mpg,-4.0,1,n4-qpsk-r1/3,n4,1,1,0,ctl,ok,0,0,1.8,16.6
mpg,-4.0,1,ack-4f,w,3,3,0,ctl,ok,0,0,1.6,16.6
mpg,-4.0,1,ack-1f,w,3,3,0,ctl,ok,0,0,0.6,16.6
mpg,-4.0,1,qpsk-r1/2,w,9,2,1,data,ok,7,7,2.9,16.6
mpg,-4.0,1,ack-4f,w,3,3,0,ctl,ok,0,0,1.7,16.6
mpg,-4.0,1,qpsk-r1/2,w,9,2,1,data,ok,7,0,-0.0,16.6
mpg,-4.0,1,ack-4f,w,3,3,0,ctl,ok,0,0,-1.4,16.6
mpg,-4.0,1,qpsk-r1/3,w,9,2,1,data,ok,7,0,-3.4,16.6
mpg,-4.0,1,ack-4f,w,3,3,0,ctl,ok,0,0,-2.1,16.6
mpg,-4.0,1,qpsk-r1/5,w,9,2,1,data,ok,7,7,-2.0,16.6
mpg,-4.0,1,ack-4f,w,3,3,0,ctl,ctl_lost,0,0,-7.2,16.6
mpg,-4.0,1,ack-4f,w,4,4,0,ctl,ok,0,0,-0.8,16.6
mpg,-4.0,1,ack-4f,w,3,3,0,ctl,ok,0,0,1.9,16.6
mpg,-4.0,1,qpsk-r1/3,w,9,2,1,data,ok,7,7,-0.3,16.6
mpg,-4.0,1,n10-ack-4f,n10,3,3,0,ctl,ok,0,0,0.3,16.6
mpg,-4.0,1,qpsk-r1/3,w,9,2,1,data,ok,7,7,0.7,16.6
mpg,-4.0,1,polar-k96-f4,w,1,1,0,ctl,ok,0,0,0.3,16.6
mpg,-4.0,1,qpsk-r1/3,w,9,2,1,data,ok,7,0,-6.2,16.6
mpg,-4.0,1,n10-ack-4f,n10,3,3,0,ctl,ctl_lost,0,0,-8.7,16.6
mpg,-4.0,1,ack-4f,w,2,2,0,ctl,ok,0,0,-1.4,16.6
mpg,-4.0,1,ack-4f,w,3,3,0,ctl,ok,0,0,1.6,16.6
mpg,-4.0,1,qpsk-r1/5,w,9,2,1,data,ok,7,0,-5.7,16.6
mpg,-4.0,1,n10-ack-4f,n10,3,3,,ctl,missed,0,0,,16.6
mpg,-4.0,1,ack-4f,w,4,4,0,ctl,ok,0,0,-4.4,16.6
mpg,-4.0,1,ack-4f,w,3,3,0,ctl,ok,0,0,-7.1,16.6
mpg,-4.0,1,qpsk-r1/5,w,9,2,1,data,ok,7,7,-1.8,16.6
mpg,-4.0,1,n10-ack-4f,n10,3,3,0,ctl,ok,0,0,-5.8,16.6
mpg,-4.0,1,qpsk-r1/5,w,9,2,1,data,ok,7,7,-2.3,16.6
mpg,-4.0,1,n4-ack-8f,n4,2,2,0,ctl,ok,0,0,-7.5,16.6
mpg,-4.0,1,qpsk-r1/5,w,9,1,0,data,ok,8,8,0.2,16.6
mpg,-4.0,1,n10-ack-4f,n10,3,3,0,ctl,ok,0,0,1.6,16.6
mpg,-4.0,1,qpsk-r1/3,w,9,2,1,data,ok,7,0,-1.4,16.6
mpg,-4.0,1,n10-ack-4f,n10,2,2,0,ctl,ok,0,0,-6.1,16.6
mpg,-4.0,1,qpsk-r1/5,w,9,1,,data,missed,0,0,,16.6
mpg,-4.0,1,ack-4f,w,4,4,0,ctl,ok,0,0,2.9,16.6
mpg,-4.0,1,ack-4f,w,3,3,0,ctl,ok,0,0,2.8,16.6
mpg,-4.0,1,qpsk-r1/3,w,9,2,1,data,ok,7,7,0.9,16.6
mpg,-4.0,1,n10-ack-4f,n10,2,2,0,ctl,ok,0,0,0.7,16.6
mpg,-4.0,1,qpsk-r1/3,w,9,1,0,data,ctl_lost,8,4,-1.6,16.6
mpg,-4.0,1,ack-4f,w,3,3,0,ctl,ok,0,0,-4.0,16.6
mpg,-4.0,1,ack-4f,w,2,2,0,ctl,ok,0,0,-1.4,16.6
mpg,-4.0,1,qpsk-r1/5,w,9,1,0,data,ok,8,8,-2.4,16.6
mpg,-4.0,1,n10-ack-4f,n10,3,3,0,ctl,ok,0,0,-2.6,16.6
mpg,-4.0,1,qpsk-r1/5,w,9,2,1,data,ok,7,7,-0.1,16.6
mpg,-4.0,1,n10-ack-4f,n10,2,2,0,ctl,ok,0,0,-2.0,16.6
mpg,-4.0,1,qpsk-r1/5,w,9,1,0,data,ok,8,8,0.9,16.6
mpg,-4.0,1,n10-ack-4f,n10,3,3,0,ctl,ok,0,0,-5.8,16.6
mpg,-4.0,1,qpsk-r1/3,w,9,2,1,data,ok,7,7,1.4,16.6
mpg,-4.0,1,n10-ack-4f,n10,3,3,0,ctl,ok,0,0,3.6,16.6
mpg,-4.0,1,qpsk-r1/2,w,9,2,1,data,ok,7,0,-0.6,16.6
mpg,-4.0,1,ack-1f,w,2,2,0,ctl,ok,0,0,-2.3,16.6
mpg,-4.0,1,qpsk-r1/5,w,9,1,0,data,ok,8,8,-2.2,16.6
mpg,-4.0,1,n10-ack-4f,n10,2,2,0,ctl,ok,0,0,3.6,16.6
mpg,-4.0,1,qpsk-r1/5,w,9,1,0,data,ok,8,8,-0.9,16.6
mpg,-4.0,1,ack-1f,w,2,2,0,ctl,ok,0,0,0.2,16.6
mpg,-4.0,1,qpsk-r1/5,w,9,1,0,data,ok,8,8,-2.4,16.6
mpg,-4.0,1,ack-1f,w,2,2,0,ctl,ctl_lost,0,0,-2.0,16.6
mpg,-4.0,1,ack-4f,w,3,3,0,ctl,ok,0,0,-4.4,16.6
mpg,-4.0,1,ack-4f,w,2,2,0,ctl,ok,0,0,-2.3,16.6
mpg,-4.0,1,qpsk-r1/5,w,9,1,0,data,ctl_lost,8,0,-6.6,16.6
mpg,-4.0,1,ack-4f,w,3,3,0,ctl,ok,0,0,-7.2,16.6
mpg,-4.0,1,ack-4f,w,3,3,0,ctl,ok,0,0,-6.1,16.6
mpg,-4.0,1,qpsk-r1/5,w,9,2,1,data,ok,7,7,1.2,16.6
mpg,-4.0,1,n10-ack-4f,n10,3,3,0,ctl,ok,0,0,-10.3,16.6
mpg,-4.0,1,qpsk-r1/3,w,9,2,1,data,ok,7,6,0.2,16.6
mpg,-4.0,1,n10-ack-4f,n10,3,3,0,ctl,ok,0,0,-5.4,16.6
mpg,-4.0,1,qpsk-r1/3,w,9,2,1,data,ok,6,6,0.2,16.6
mpg,-4.0,1,n10-ack-4f,n10,3,3,0,ctl,ok,0,0,-8.5,16.6
mpg,-4.0,1,qpsk-r1/3,w,9,2,1,data,ok,7,7,-0.5,16.6
mpg,-4.0,1,n10-ack-4f,n10,3,3,0,ctl,ok,0,0,3.5,16.6
mpg,-4.0,1,qpsk-r1/3,w,9,2,1,data,ok,7,7,1.8,16.6
mpg,-4.0,1,n10-ack-4f,n10,2,2,0,ctl,ok,0,0,-0.9,16.6
mpg,-4.0,1,qpsk-r1/3,w,9,1,0,data,ctl_lost,8,0,-1.8,16.6
mpg,-4.0,1,ack-4f,w,3,3,0,ctl,ok,0,0,-3.7,16.6
mpg,-4.0,1,ack-4f,w,3,3,0,ctl,ok,0,0,-0.1,16.6
mpg,-4.0,1,qpsk-r1/5,w,9,2,1,data,ctl_lost,7,0,-5.8,16.6
mpg,-4.0,1,ack-4f,w,4,4,0,ctl,ok,0,0,-3.4,16.6
mpg,-4.0,1,ack-4f,w,2,2,0,ctl,ok,0,0,-2.7,16.6
mpg,-4.0,1,fsk32r62-r1/2,c32r62,9,1,0,data,ok,8,7,0.1,16.6
mpg,-4.0,1,n10-ack-4f,n10,3,3,,ctl,missed,0,0,,16.6
mpg,-4.0,1,ack-4f,w,4,4,0,ctl,ok,0,0,-2.1,16.6
mpg,-4.0,1,ack-4f,w,3,3,0,ctl,ok,0,0,1.1,16.6
mpg,-4.0,1,fsk32r62-r1/2,c32r62,9,1,0,data,ok,8,8,-0.7,16.6
mpg,-4.0,1,n10-ack-4f,n10,3,3,0,ctl,ctl_lost,0,0,-6.4,16.6
mpg,-4.0,1,ack-4f,w,3,3,0,ctl,ok,0,0,-1.2,16.6
mpg,-4.0,1,ack-4f,w,3,3,0,ctl,ok,0,0,0.4,16.6
mpg,-4.0,1,qpsk-r1/5,w,9,2,1,data,ok,7,7,-0.3,16.6
mpg,-4.0,1,n10-ack-4f,n10,3,3,0,ctl,ok,0,0,-6.8,16.6
mpg,-4.0,1,qpsk-r1/3,w,9,2,1,data,ctl_lost,7,0,-6.4,16.6
mpp,-4.0,3,qpsk-r1/5,w,1,1,0,ctl,ok,0,0,-2.5,22.9
mpp,-4.0,3,qpsk-r1/5,w,1,1,0,ctl,ok,0,0,-1.8,22.9
mpp,-4.0,3,ack-4f,w,3,3,0,ctl,ok,0,0,0.3,22.9
mpp,-4.0,3,ack-4f,w,3,3,0,ctl,ok,0,0,-1.0,22.9
mpp,-4.0,3,qpsk-r1/5,w,9,2,1,data,ok,7,7,-1.2,22.9
mpp,-4.0,3,ack-4f,w,3,3,0,ctl,ok,0,0,-2.0,22.9
mpp,-4.0,3,qpsk-r1/5,w,9,2,1,data,ok,7,7,-0.9,22.9
mpp,-4.0,3,ack-4f,w,3,3,0,ctl,ok,0,0,-3.4,22.9
mpp,-4.0,3,qpsk-r1/5,w,9,2,1,data,ok,7,7,-2.3,22.9
mpp,-4.0,3,ack-4f,w,3,3,0,ctl,ctl_lost,0,0,-4.5,22.9
mpp,-4.0,3,ack-4f,w,3,3,0,ctl,ok,0,0,-1.6,22.9
mpp,-4.0,3,ack-4f,w,3,3,0,ctl,ok,0,0,-1.5,22.9
mpp,-4.0,3,qpsk-r1/5,w,9,2,1,data,ok,7,7,-1.7,22.9
mpp,-4.0,3,n4-ack-8f,n4,3,3,0,ctl,ok,0,0,-0.3,22.9
mpp,-4.0,3,qpsk-r1/5,w,9,2,1,data,ok,7,7,-0.1,22.9
mpp,-4.0,3,ack-1f,w,2,2,0,ctl,ok,0,0,4.9,22.9
mpp,-4.0,3,qpsk-r1/5,w,9,1,0,data,ok,8,8,-0.7,22.9
mpp,-4.0,3,ack-1f,w,2,2,0,ctl,ok,0,0,-2.6,22.9
mpp,-4.0,3,qpsk-r1/5,w,9,1,0,data,ok,8,8,-0.5,22.9
mpp,-4.0,3,ack-1f,w,2,2,0,ctl,ctl_lost,0,0,1.4,22.9
mpp,-4.0,3,ack-4f,w,3,3,0,ctl,ok,0,0,1.6,22.9
mpp,-4.0,3,ack-4f,w,3,3,0,ctl,ok,0,0,1.4,22.9
mpp,-4.0,3,qpsk-r1/3,w,9,2,1,data,ok,7,0,-1.8,22.9
mpp,-4.0,3,ack-1f,w,2,2,0,ctl,ok,0,0,-1.8,22.9
mpp,-4.0,3,qpsk-r1/5,w,9,1,0,data,ok,8,8,-0.1,22.9
mpp,-4.0,3,ack-4f,w,2,2,0,ctl,ok,0,0,-3.0,22.9
mpp,-4.0,3,qpsk-r1/5,w,9,1,0,data,ok,8,8,-0.3,22.9
mpp,-4.0,3,ack-4f,w,2,2,0,ctl,ok,0,0,-0.5,22.9
mpp,-4.0,3,qpsk-r1/5,w,9,1,0,data,ok,8,7,-1.7,22.9
mpp,-4.0,3,ack-4f,w,3,3,0,ctl,ok,0,0,-0.8,22.9
mpp,-4.0,3,qpsk-r1/5,w,9,1,0,data,ok,7,7,-0.2,22.9
mpp,-4.0,3,n10-ack-4f,n10,2,2,0,ctl,ok,0,0,-4.5,22.9
mpp,-4.0,3,qpsk-r1/5,w,9,1,0,data,ok,8,8,-1.0,22.9
mpp,-4.0,3,ack-4f,w,2,2,0,ctl,ok,0,0,2.5,22.9
mpp,-4.0,3,qpsk-r1/5,w,9,1,0,data,ok,8,8,-1.3,22.9
mpp,-4.0,3,ack-4f,w,2,2,0,ctl,ok,0,0,0.8,22.9
mpp,-4.0,3,qpsk-r1/5,w,9,1,0,data,ok,8,8,-2.0,22.9
mpp,-4.0,3,ack-1f,w,2,2,0,ctl,ok,0,0,-2.3,22.9
mpp,-4.0,3,qpsk-r1/5,w,9,1,0,data,ok,8,7,-2.6,22.9
mpp,-4.0,3,ack-4f,w,3,3,0,ctl,ok,0,0,-2.5,22.9
mpp,-4.0,3,qpsk-r1/5,w,9,1,0,data,ok,7,7,-1.2,22.9
mpp,-4.0,3,ack-4f,w,2,2,0,ctl,ok,0,0,-2.4,22.9
mpp,-4.0,3,qpsk-r1/5,w,9,1,0,data,ok,8,8,-1.3,22.9
mpp,-4.0,3,ack-4f,w,2,2,0,ctl,ok,0,0,1.0,22.9
mpp,-4.0,3,qpsk-r1/5,w,9,1,0,data,ok,8,8,-1.5,22.9
mpp,-4.0,3,ack-4f,w,2,2,0,ctl,ok,0,0,-2.1,22.9
mpp,-4.0,3,qpsk-r1/5,w,9,1,0,data,ok,8,8,-0.4,22.9
mpp,-4.0,3,ack-4f,w,2,2,0,ctl,ok,0,0,-3.9,22.9
mpp,-4.0,3,qpsk-r1/5,w,9,1,0,data,ok,8,8,-1.3,22.9
mpp,-4.0,3,ack-4f,w,2,2,0,ctl,ok,0,0,-4.3,22.9
mpp,-4.0,3,qpsk-r1/5,w,9,1,0,data,ok,8,8,-0.8,22.9
mpp,-4.0,3,ack-4f,w,2,2,0,ctl,ok,0,0,0.4,22.9
mpp,-4.0,3,qpsk-r1/5,w,9,1,0,data,ok,8,8,-1.1,22.9
mpp,-4.0,3,ack-4f,w,2,2,0,ctl,ok,0,0,-0.5,22.9
mpp,-4.0,3,qpsk-r1/5,w,9,1,0,data,ok,8,8,-0.9,22.9
mpp,-4.0,3,ack-4f,w,2,2,0,ctl,ok,0,0,-1.5,22.9
mpp,-4.0,3,qpsk-r1/5,w,9,1,0,data,ok,8,8,-1.4,22.9
mpp,-4.0,3,ack-4f,w,2,2,0,ctl,ok,0,0,-4.2,22.9
mpp,-4.0,3,qpsk-r1/5,w,9,1,0,data,ok,8,8,-0.7,22.9
mpp,-4.0,3,ack-4f,w,2,2,0,ctl,ok,0,0,-3.1,22.9
mpp,-4.0,3,qpsk-r1/5,w,9,1,0,data,ok,8,8,-1.2,22.9
mpp,-4.0,3,ack-4f,w,2,2,0,ctl,ok,0,0,-0.2,22.9
mpp,-4.0,3,qpsk-r1/5,w,9,1,0,data,ok,8,8,-1.5,22.9
mpp,-4.0,3,ack-4f,w,2,2,0,ctl,ok,0,0,1.4,22.9
mpp,-4.0,3,qpsk-r1/5,w,9,1,0,data,ok,8,7,-1.8,22.9
mpp,-4.0,3,ack-4f,w,3,3,0,ctl,ok,0,0,-1.3,22.9
mpp,-4.0,3,qpsk-r1/5,w,9,1,0,data,ok,7,7,-0.1,22.9
mpp,-4.0,3,ack-4f,w,2,2,0,ctl,ok,0,0,-0.6,22.9
mpp,-4.0,3,qpsk-r1/5,w,9,1,0,data,ok,8,8,-0.5,22.9
mpp,-4.0,3,ack-4f,w,2,2,0,ctl,ok,0,0,0.7,22.9
mpp,-4.0,3,qpsk-r1/5,w,9,1,0,data,ok,8,8,-0.3,22.9
mpp,-4.0,3,ack-4f,w,2,2,0,ctl,ok,0,0,-1.1,22.9
mpp,-4.0,3,qpsk-r1/5,w,9,1,0,data,ok,8,8,0.6,22.9
mpp,-4.0,3,ack-4f,w,2,2,0,ctl,ok,0,0,3.5,22.9
mpp,-4.0,3,qpsk-r1/5,w,9,1,0,data,ok,8,8,-1.4,22.9
mpp,-4.0,3,ack-1f,w,2,2,0,ctl,ok,0,0,2.3,22.9
mpp,-4.0,3,qpsk-r1/5,w,9,1,0,data,ok,8,8,-1.6,22.9
mpp,-4.0,3,ack-1f,w,2,2,0,ctl,ok,0,0,2.6,22.9
mpp,-4.0,3,qpsk-r1/5,w,9,1,0,data,ctl_lost,8,3,-1.8,22.9
mpp,-4.0,3,ack-4f,w,3,3,0,ctl,ok,0,0,-0.5,22.9
mpp,-4.0,3,ack-4f,w,2,2,0,ctl,ok,0,0,0.1,22.9
mpp,-4.0,3,qpsk-r1/5,w,9,1,0,data,ok,8,8,-1.4,22.9
mpp,-4.0,3,ack-1f,w,2,2,0,ctl,ctl_lost,0,0,-4.0,22.9
mpp,-4.0,3,ack-4f,w,3,3,0,ctl,ok,0,0,-3.9,22.9
mpp,-4.0,3,ack-4f,w,2,2,0,ctl,ok,0,0,2.7,22.9
mpp,-4.0,3,qpsk-r1/5,w,9,1,0,data,ok,8,8,0.1,22.9
mpp,-4.0,3,ack-4f,w,2,2,0,ctl,ok,0,0,-1.8,22.9
mpp,-4.0,3,qpsk-r1/5,w,9,1,0,data,ok,8,8,-0.5,22.9
mpp,-4.0,3,ack-4f,w,2,2,0,ctl,ok,0,0,0.1,22.9
mpp,-4.0,3,qpsk-r1/5,w,9,1,0,data,ok,8,8,-0.4,22.9
mpp,-4.0,3,ack-4f,w,2,2,0,ctl,ok,0,0,-2.5,22.9
mpp,-4.0,3,qpsk-r1/5,w,9,1,0,data,ok,8,8,-1.0,22.9
mpp,-4.0,3,ack-4f,w,2,2,0,ctl,ok,0,0,-0.6,22.9
mpp,-4.0,3,qpsk-r1/5,w,9,1,0,data,ok,8,5,-2.0,22.9
mpp,-4.0,3,ack-4f,w,3,3,0,ctl,ok,0,0,0.6,22.9
mpp,-4.0,3,qpsk-r1/5,w,9,1,0,data,ok,5,5,-1.5,22.9
mpp,15.0,11,qpsk-r1/5,w,1,1,0,ctl,ok,0,0,18.0,353.2
mpp,15.0,11,qpsk-r1/5,w,1,1,0,ctl,ok,0,0,14.1,353.2
mpp,15.0,11,ack-4f,w,2,2,0,ctl,ok,0,0,16.7,353.2
mpp,15.0,11,ack-1f,w,2,2,0,ctl,ok,0,0,15.1,353.2
mpp,15.0,11,w48-16qam-r1/2,w48,19,1,0,data,ok,18,18,16.6,353.2
mpp,15.0,11,ack-1f,w,3,3,0,ctl,ok,0,0,16.9,353.2
mpp,15.0,11,w48-16qam-r2/3,w48,19,2,1,data,ok,17,17,15.9,353.2
mpp,15.0,11,ack-1f,w,3,3,0,ctl,ok,0,0,19.9,353.2
mpp,15.0,11,w48-16qam-r2/3,w48,19,2,1,data,ok,17,17,16.0,353.2
mpp,15.0,11,ack-1f,w,3,3,0,ctl,ok,0,0,17.2,353.2
mpp,15.0,11,w48-16qam-r2/3,w48,19,2,1,data,ok,17,16,15.0,353.2
mpp,15.0,11,ack-1f,w,4,4,0,ctl,ok,0,0,15.6,353.2
mpp,15.0,11,w48-16qam-r2/3,w48,19,2,1,data,ok,16,15,15.5,353.2
mpp,15.0,11,ack-1f,w,3,3,0,ctl,ok,0,0,13.6,353.2
mpp,15.0,11,w48-16qam-r2/3,w48,19,2,1,data,ok,16,16,15.7,353.2
mpp,15.0,11,ack-1f,w,3,3,0,ctl,ok,0,0,18.3,353.2
mpp,15.0,11,w48-16qam-r2/3,w48,19,2,1,data,ok,17,17,15.6,353.2
mpp,15.0,11,ack-1f,w,2,2,0,ctl,ok,0,0,20.8,353.2
mpp,15.0,11,w48-16qam-r2/3,w48,19,1,0,data,ok,18,18,16.0,353.2
mpp,15.0,11,ack-1f,w,2,2,0,ctl,ok,0,0,15.4,353.2
mpp,15.0,11,w48-16qam-r2/3,w48,19,1,0,data,ok,18,15,15.5,353.2
mpp,15.0,11,ack-1f,w,3,3,0,ctl,ok,0,0,18.6,353.2
mpp,15.0,11,w48-16qam-r2/3,w48,19,1,0,data,ok,15,15,16.8,353.2
mpp,15.0,11,ack-1f,w,2,2,0,ctl,ok,0,0,13.9,353.2
mpp,15.0,11,w48-16qam-r2/3,w48,19,1,0,data,ok,18,18,15.6,353.2
mpp,15.0,11,ack-1f,w,2,2,0,ctl,ok,0,0,16.7,353.2
mpp,15.0,11,w48-16qam-r2/3,w48,19,1,0,data,ok,18,18,15.7,353.2
mpp,15.0,11,ack-1f,w,2,2,0,ctl,ok,0,0,19.1,353.2
mpp,15.0,11,w48-16qam-r2/3,w48,19,1,0,data,ok,18,18,15.8,353.2
mpp,15.0,11,ack-1f,w,2,2,0,ctl,ok,0,0,13.1,353.2
mpp,15.0,11,w48-16qam-r2/3,w48,19,1,0,data,ok,18,18,15.8,353.2
mpp,15.0,11,ack-1f,w,2,2,0,ctl,ok,0,0,14.8,353.2
mpp,15.0,11,w48-16qam-r2/3,w48,19,1,0,data,ok,18,18,16.3,353.2
mpp,15.0,11,ack-1f,w,2,2,0,ctl,ok,0,0,13.6,353.2
mpp,15.0,11,w48-16qam-r2/3,w48,19,1,0,data,ok,18,18,14.9,353.2
mpp,15.0,11,ack-1f,w,2,2,0,ctl,ok,0,0,18.6,353.2
mpp,15.0,11,w48-16qam-r2/3,w48,19,1,0,data,ok,18,16,15.1,353.2
mpp,15.0,11,ack-1f,w,3,3,0,ctl,ok,0,0,15.9,353.2
mpp,15.0,11,w48-16qam-r2/3,w48,19,1,0,data,ok,16,16,15.7,353.2
mpp,15.0,11,ack-1f,w,2,2,0,ctl,ok,0,0,16.9,353.2
mpp,15.0,11,w48-16qam-r2/3,w48,19,1,0,data,ok,18,18,15.9,353.2
mpp,15.0,11,ack-1f,w,2,2,0,ctl,ok,0,0,19.8,353.2
mpp,15.0,11,w48-16qam-r2/3,w48,19,1,0,data,ok,18,18,15.4,353.2
mpp,15.0,11,ack-1f,w,2,2,0,ctl,ok,0,0,15.2,353.2
mpp,15.0,11,w48-16qam-r2/3,w48,19,1,0,data,ok,18,18,15.5,353.2
mpp,15.0,11,ack-1f,w,2,2,0,ctl,ok,0,0,20.2,353.2
mpp,15.0,11,w48-16qam-r2/3,w48,19,1,0,data,ok,18,18,15.2,353.2
mpp,15.0,11,ack-1f,w,2,2,0,ctl,ok,0,0,18.1,353.2
mpp,15.0,11,w48-16qam-r2/3,w48,19,1,0,data,ok,18,18,16.7,353.2
mpp,15.0,11,ack-1f,w,2,2,0,ctl,ok,0,0,15.3,353.2
mpp,15.0,11,w48-16qam-r2/3,w48,19,1,0,data,ok,18,18,15.8,353.2
mpp,15.0,11,ack-1f,w,2,2,0,ctl,ok,0,0,17.8,353.2
mpp,15.0,11,w48-16qam-r2/3,w48,19,1,0,data,ok,18,16,15.4,353.2
mpp,15.0,11,ack-1f,w,3,3,0,ctl,ok,0,0,18.2,353.2
mpp,15.0,11,w48-16qam-r2/3,w48,19,1,0,data,ok,16,16,16.4,353.2
mpp,15.0,11,ack-1f,w,2,2,0,ctl,ok,0,0,13.7,353.2
mpp,15.0,11,w48-16qam-r2/3,w48,19,1,0,data,ok,18,18,16.1,353.2
mpp,15.0,11,ack-1f,w,2,2,0,ctl,ok,0,0,15.9,353.2
mpp,15.0,11,w48-16qam-r2/3,w48,19,1,0,data,ok,18,18,15.9,353.2
mpp,15.0,11,ack-1f,w,2,2,0,ctl,ok,0,0,17.0,353.2
mpp,15.0,11,w48-16qam-r2/3,w48,19,1,0,data,ok,18,18,16.8,353.2
mpp,15.0,11,ack-1f,w,2,2,0,ctl,ok,0,0,15.1,353.2
mpp,15.0,11,w48-16qam-r2/3,w48,19,1,0,data,ok,18,18,16.5,353.2
mpp,15.0,11,ack-1f,w,2,2,0,ctl,ok,0,0,16.5,353.2
mpp,15.0,11,w48-16qam-r2/3,w48,19,1,0,data,ctl_lost,18,8,15.1,353.2
mpp,15.0,11,ack-4f,w,3,3,0,ctl,ok,0,0,16.5,353.2
mpp,15.0,11,ack-4f,w,3,3,0,ctl,ok,0,0,19.3,353.2
mpp,15.0,11,w48-16qam-r2/3,w48,19,2,1,data,ok,17,15,15.1,353.2
mpp,15.0,11,ack-1f,w,4,4,0,ctl,ok,0,0,17.5,353.2
mpp,15.0,11,w48-16qam-r2/3,w48,19,2,1,data,ok,15,15,15.7,353.2
mpp,15.0,11,ack-1f,w,2,2,0,ctl,ok,0,0,14.5,353.2
mpp,15.0,11,w48-16qam-r2/3,w48,19,1,0,data,ok,18,18,16.6,353.2
mpp,15.0,11,ack-1f,w,2,2,0,ctl,ok,0,0,22.2,353.2
mpp,15.0,11,w48-16qam-r2/3,w48,19,1,0,data,ok,18,16,15.8,353.2
mpp,15.0,11,ack-1f,w,3,3,0,ctl,ok,0,0,14.3,353.2
mpp,15.0,11,w48-16qam-r2/3,w48,19,1,0,data,ok,16,8,15.3,353.2
mpp,15.0,11,ack-1f,w,3,3,0,ctl,ok,0,0,13.6,353.2
mpp,15.0,11,w48-16qam-r2/3,w48,19,1,0,data,ok,10,10,16.2,353.2
mpp,15.0,11,ack-1f,w,2,2,0,ctl,ok,0,0,12.2,353.2
mpp,15.0,11,w48-16qam-r2/3,w48,19,1,0,data,ok,18,18,16.7,353.2
mpp,15.0,11,ack-1f,w,2,2,0,ctl,ok,0,0,13.9,353.2
mpp,15.0,11,w48-16qam-r2/3,w48,19,1,0,data,ok,18,18,15.5,353.2
mpp,15.0,11,ack-1f,w,2,2,0,ctl,ok,0,0,16.2,353.2
mpp,15.0,11,w48-16qam-r2/3,w48,19,1,0,data,ctl_lost,18,0,14.5,353.2
mpp,15.0,11,ack-4f,w,3,3,0,ctl,ok,0,0,16.0,353.2
mpp,15.0,11,ack-4f,w,3,3,0,ctl,ok,0,0,15.6,353.2
mpp,15.0,11,w48-16qam-r2/3,w48,19,2,1,data,ok,17,6,14.7,353.2
mpp,15.0,11,ack-1f,w,4,4,0,ctl,ok,0,0,17.1,353.2
mpp,15.0,11,w48-16qam-r2/3,w48,19,2,1,data,ok,6,6,15.6,353.2
mpp,15.0,11,ack-1f,w,3,3,0,ctl,ok,0,0,18.3,353.2
mpp,15.0,11,w48-16qam-r2/3,w48,19,2,1,data,ok,17,15,15.2,353.2
mpp,15.0,11,ack-1f,w,3,3,0,ctl,ok,0,0,15.5,353.2
mpp,15.0,11,w48-16qam-r2/3,w48,19,1,0,data,ok,16,16,15.9,353.2
mpg,-4.0,2,qpsk-r1/5,w,1,1,0,ctl,ok,0,0,-4.1,18.7
mpg,-4.0,2,qpsk-r1/5,w,1,1,0,ctl,ok,0,0,-0.8,18.7
mpg,-4.0,2,ack-4f,w,3,3,0,ctl,ok,0,0,-2.6,18.7
mpg,-4.0,2,ack-4f,w,3,3,0,ctl,ok,0,0,-1.7,18.7
mpg,-4.0,2,qpsk-r1/5,w,9,2,1,data,ctl_lost,7,0,-5.4,18.7
mpg,-4.0,2,ack-4f,w,3,3,0,ctl,ok,0,0,1.8,18.7
mpg,-4.0,2,ack-4f,w,3,3,0,ctl,ok,0,0,1.9,18.7
mpg,-4.0,2,qpsk-r1/3,w,9,2,1,data,ok,7,7,1.2,18.7
mpg,-4.0,2,ack-4f,w,3,3,0,ctl,ok,0,0,0.3,18.7
mpg,-4.0,2,qpsk-r1/3,w,9,2,1,data,ok,7,0,-1.8,18.7
mpg,-4.0,2,ack-4f,w,3,3,0,ctl,ok,0,0,4.1,18.7
mpg,-4.0,2,qpsk-r1/3,w,9,2,1,data,ok,0,0,0.1,18.7
mpg,-4.0,2,ack-1f,w,3,3,0,ctl,ctl_lost,0,0,-2.5,18.7
mpg,-4.0,2,ack-4f,w,3,3,0,ctl,ok,0,0,-0.9,18.7
mpg,-4.0,2,ack-4f,w,3,3,0,ctl,ok,0,0,1.1,18.7
mpg,-4.0,2,qpsk-r1/3,w,9,2,1,data,ok,7,6,-0.2,18.7
mpg,-4.0,2,ack-4f,w,3,3,0,ctl,ok,0,0,-7.7,18.7
mpg,-4.0,2,qpsk-r1/3,w,9,2,1,data,ok,6,6,1.6,18.7
mpg,-4.0,2,ack-4f,w,3,3,,ctl,missed,0,0,,18.7
mpg,-4.0,2,ack-4f,w,3,3,0,ctl,ok,0,0,-4.9,18.7
mpg,-4.0,2,ack-4f,w,3,3,0,ctl,ok,0,0,-6.6,18.7
mpg,-4.0,2,qpsk-r1/3,w,9,2,1,data,ok,7,6,-1.8,18.7
mpg,-4.0,2,n4-ack-8f,n4,3,3,,ctl,missed,0,0,,18.7
mpg,-4.0,2,ack-4f,w,3,3,0,ctl,ok,0,0,1.1,18.7
mpg,-4.0,2,ack-4f,w,3,3,0,ctl,ok,0,0,-5.0,18.7
mpg,-4.0,2,qpsk-r1/3,w,9,2,1,data,ok,7,7,-1.1,18.7
mpg,-4.0,2,ack-4f,w,3,3,0,ctl,ok,0,0,-4.1,18.7
mpg,-4.0,2,qpsk-r1/3,w,9,2,1,data,ok,7,2,-1.0,18.7
mpg,-4.0,2,ack-4f,w,3,3,0,ctl,ok,0,0,-4.3,18.7
mpg,-4.0,2,qpsk-r1/3,w,9,2,1,data,ok,2,2,1.5,18.7
mpg,-4.0,2,ack-4f,w,2,2,0,ctl,ok,0,0,2.7,18.7
mpg,-4.0,2,qpsk-r1/3,w,9,1,0,data,ctl_lost,8,0,-1.2,18.7
mpg,-4.0,2,ack-4f,w,3,3,0,ctl,ok,0,0,-4.1,18.7
mpg,-4.0,2,ack-4f,w,3,3,0,ctl,ok,0,0,0.4,18.7
mpg,-4.0,2,qpsk-r1/3,w,9,2,1,data,ok,7,7,3.1,18.7
mpg,-4.0,2,ack-4f,w,2,2,0,ctl,ok,0,0,2.3,18.7
mpg,-4.0,2,qpsk-r1/3,w,9,1,0,data,ok,8,8,1.4,18.7
mpg,-4.0,2,ack-4f,w,2,2,0,ctl,ok,0,0,3.5,18.7
mpg,-4.0,2,qpsk-r1/3,w,9,1,0,data,ok,8,8,-0.5,18.7
mpg,-4.0,2,ack-4f,w,3,3,0,ctl,ok,0,0,-0.2,18.7
mpg,-4.0,2,qpsk-r1/3,w,9,2,1,data,ok,7,5,-1.0,18.7
mpg,-4.0,2,ack-4f,w,3,3,0,ctl,ok,0,0,-1.2,18.7
mpg,-4.0,2,qpsk-r1/3,w,9,2,1,data,ok,5,5,-1.2,18.7
mpg,-4.0,2,ack-4f,w,3,3,0,ctl,ok,0,0,-3.0,18.7
mpg,-4.0,2,qpsk-r1/3,w,9,2,1,data,ctl_lost,7,0,-5.4,18.7
mpg,-4.0,2,ack-4f,w,3,3,0,ctl,ok,0,0,2.1,18.7
mpg,-4.0,2,ack-4f,w,3,3,0,ctl,ok,0,0,1.2,18.7
mpg,-4.0,2,qpsk-r1/3,w,9,2,1,data,ok,7,1,-1.1,18.7
mpg,-4.0,2,ack-4f,w,3,3,0,ctl,ok,0,0,-7.5,18.7
mpg,-4.0,2,qpsk-r1/3,w,9,2,1,data,ok,1,0,-2.5,18.7
mpg,-4.0,2,ack-4f,w,3,3,0,ctl,ok,0,0,-1.4,18.7
mpg,-4.0,2,qpsk-r1/3,w,9,2,1,data,ctl_lost,6,0,-8.8,18.7
mpg,-4.0,2,ack-4f,w,3,3,0,ctl,ok,0,0,-2.2,18.7
mpg,-4.0,2,ack-4f,w,3,3,0,ctl,ok,0,0,2.5,18.7
mpg,-4.0,2,fsk32r62-r1/2,c32r62,10,2,1,data,ok,8,7,-3.0,18.7
mpg,-4.0,2,ack-4f,w,3,3,0,ctl,ok,0,0,-0.8,18.7
mpg,-4.0,2,fsk32r62-r1/2,c32r62,9,1,0,data,ok,7,7,1.5,18.7
mpg,-4.0,2,ack-4f,w,3,3,0,ctl,ok,0,0,1.2,18.7
mpg,-4.0,2,qpsk-r1/3,w,9,2,1,data,ok,7,0,-2.8,18.7
mpg,-4.0,2,ack-4f,w,3,3,0,ctl,ok,0,0,-1.4,18.7
mpg,-4.0,2,qpsk-r1/5,w,9,2,1,data,ok,7,7,-0.5,18.7
mpg,-4.0,2,ack-4f,w,3,3,0,ctl,ok,0,0,-3.9,18.7
mpg,-4.0,2,qpsk-r1/5,w,9,2,1,data,ok,7,7,-0.4,18.7
mpg,-4.0,2,ack-4f,w,3,3,0,ctl,ok,0,0,-2.4,18.7
mpg,-4.0,2,qpsk-r1/5,w,9,2,1,data,ok,7,7,-0.9,18.7
mpg,-4.0,2,ack-4f,w,3,3,0,ctl,ok,0,0,-4.9,18.7
mpg,-4.0,2,qpsk-r1/5,w,9,2,1,data,ok,7,1,-5.1,18.7
mpg,-4.0,2,ack-4f,w,3,3,0,ctl,ok,0,0,-1.2,18.7
mpg,-4.0,2,qpsk-r1/5,w,9,2,1,data,ok,1,1,0.4,18.7
mpg,-4.0,2,ack-4f,w,3,3,0,ctl,ok,0,0,-7.5,18.7
mpg,-4.0,2,qpsk-r1/5,w,9,2,1,data,ok,7,7,0.1,18.7
mpg,-4.0,2,ack-4f,w,2,2,0,ctl,ok,0,0,1.4,18.7
mpg,-4.0,2,qpsk-r1/5,w,9,1,0,data,ok,8,8,0.2,18.7
mpg,-4.0,2,ack-4f,w,2,2,0,ctl,ok,0,0,4.9,18.7
mpg,-4.0,2,qpsk-r1/5,w,9,1,0,data,ok,8,8,0.7,18.7
mpg,-4.0,2,ack-4f,w,2,2,0,ctl,ok,0,0,1.9,18.7
mpg,-4.0,2,qpsk-r1/5,w,9,1,0,data,ok,8,8,2.8,18.7
mpg,-4.0,2,ack-4f,w,3,3,0,ctl,ok,0,0,4.1,18.7
mpg,-4.0,2,qpsk-r1/3,w,9,2,1,data,ok,7,0,-0.6,18.7
mpg,-4.0,2,ack-4f,w,2,2,0,ctl,ok,0,0,5.2,18.7
mpg,-4.0,2,qpsk-r1/5,w,9,1,0,data,ok,8,8,1.3,18.7
mpg,-4.0,2,n4-ack-2f,n4,2,2,0,ctl,ok,0,0,-0.8,18.7
mpg,-4.0,2,qpsk-r1/5,w,9,1,0,data,ok,8,8,-2.5,18.7
mpg,-4.0,2,ack-4f,w,2,2,0,ctl,ok,0,0,0.7,18.7
mpg,-4.0,2,qpsk-r1/5,w,9,1,0,data,ctl_lost,8,0,-6.2,18.7
mpg,-4.0,2,ack-4f,w,3,3,0,ctl,ok,0,0,3.7,18.7
mpg,-4.0,2,ack-4f,w,3,3,0,ctl,ok,0,0,3.3,18.7
mpg,-4.0,2,qpsk-r1/5,w,9,2,1,data,ok,7,7,-1.6,18.7
mpp,-4.0,7,qpsk-r1/5,w,1,1,0,ctl,ok,0,0,-1.7,19.1
mpp,-4.0,7,qpsk-r1/5,w,1,1,0,ctl,ok,0,0,-0.5,19.1
mpp,-4.0,7,ack-4f,w,3,3,0,ctl,ok,0,0,-1.9,19.1
mpp,-4.0,7,ack-4f,w,3,3,0,ctl,ok,0,0,2.8,19.1
mpp,-4.0,7,qpsk-r1/5,w,9,2,1,data,ok,7,7,-0.9,19.1
mpp,-4.0,7,ack-4f,w,3,3,0,ctl,ok,0,0,0.2,19.1
mpp,-4.0,7,qpsk-r1/5,w,9,2,1,data,ok,7,7,-0.3,19.1
mpp,-4.0,7,ack-4f,w,2,2,0,ctl,ok,0,0,-3.7,19.1
mpp,-4.0,7,qpsk-r1/5,w,9,1,0,data,ok,8,8,-0.8,19.1
mpp,-4.0,7,ack-4f,w,2,2,0,ctl,ok,0,0,5.1,19.1
mpp,-4.0,7,qpsk-r1/5,w,9,1,0,data,ctl_lost,8,4,-2.0,19.1
mpp,-4.0,7,ack-4f,w,3,3,0,ctl,ok,0,0,0.7,19.1
mpp,-4.0,7,ack-4f,w,3,3,0,ctl,ok,0,0,-1.1,19.1
mpp,-4.0,7,qpsk-r1/3,w,9,2,1,data,ok,7,4,0.2,19.1
mpp,-4.0,7,ack-4f,w,3,3,0,ctl,ok,0,0,0.2,19.1
mpp,-4.0,7,qpsk-r1/3,w,9,2,1,data,ok,4,0,-1.0,19.1
mpp,-4.0,7,ack-4f,w,3,3,0,ctl,ok,0,0,-1.2,19.1
mpp,-4.0,7,qpsk-r1/3,w,9,2,1,data,ok,3,0,-1.4,19.1
mpp,-4.0,7,ack-4f,w,3,3,0,ctl,ok,0,0,-3.5,19.1
mpp,-4.0,7,qpsk-r1/5,w,9,2,1,data,ok,7,7,-0.5,19.1
mpp,-4.0,7,ack-4f,w,3,3,0,ctl,ok,0,0,-0.3,19.1
mpp,-4.0,7,qpsk-r1/5,w,9,2,1,data,ok,7,7,-1.0,19.1
mpp,-4.0,7,ack-4f,w,3,3,0,ctl,ok,0,0,0.3,19.1
mpp,-4.0,7,qpsk-r1/5,w,9,2,1,data,ok,7,7,-0.5,19.1
mpp,-4.0,7,ack-4f,w,3,3,0,ctl,ok,0,0,1.2,19.1
mpp,-4.0,7,qpsk-r1/5,w,9,2,1,data,ok,7,7,-0.4,19.1
mpp,-4.0,7,ack-4f,w,2,2,,ctl,missed,0,0,,19.1
mpp,-4.0,7,ack-4f,w,3,3,0,ctl,ok,0,0,1.2,19.1
mpp,-4.0,7,ack-4f,w,3,3,0,ctl,ok,0,0,-1.5,19.1
mpp,-4.0,7,qpsk-r1/3,w,9,2,1,data,ok,7,4,-0.2,19.1
mpp,-4.0,7,ack-4f,w,3,3,0,ctl,ok,0,0,0.8,19.1
mpp,-4.0,7,qpsk-r1/3,w,9,2,1,data,ok,4,0,0.2,19.1
mpp,-4.0,7,ack-4f,w,2,2,0,ctl,ok,0,0,2.9,19.1
mpp,-4.0,7,qpsk-r1/5,w,9,1,0,data,ctl_lost,8,7,-0.1,19.1
mpp,-4.0,7,ack-4f,w,4,4,0,ctl,ok,0,0,-0.2,19.1
mpp,-4.0,7,ack-4f,w,3,3,0,ctl,ok,0,0,-1.4,19.1
mpp,-4.0,7,qpsk-r1/5,w,9,2,1,data,ok,7,7,-1.9,19.1
mpp,-4.0,7,ack-4f,w,3,3,0,ctl,ok,0,0,-2.6,19.1
mpp,-4.0,7,qpsk-r1/5,w,9,2,1,data,ok,7,7,-1.3,19.1
mpp,-4.0,7,ack-4f,w,3,3,0,ctl,ok,0,0,-1.3,19.1
mpp,-4.0,7,qpsk-r1/5,w,9,2,1,data,ok,7,7,-0.6,19.1
mpp,-4.0,7,ack-4f,w,3,3,0,ctl,ok,0,0,-2.5,19.1
mpp,-4.0,7,qpsk-r1/5,w,9,2,1,data,ok,7,7,0.5,19.1
mpp,-4.0,7,ack-4f,w,2,2,0,ctl,ok,0,0,-0.2,19.1
mpp,-4.0,7,qpsk-r1/5,w,9,1,0,data,ok,8,8,0.1,19.1
mpp,-4.0,7,ack-4f,w,2,2,0,ctl,ok,0,0,0.5,19.1
mpp,-4.0,7,qpsk-r1/5,w,9,1,0,data,ok,8,8,-0.4,19.1
mpp,-4.0,7,ack-4f,w,2,2,0,ctl,ok,0,0,1.1,19.1
mpp,-4.0,7,qpsk-r1/5,w,9,1,0,data,ok,8,8,0.2,19.1
mpp,-4.0,7,ack-4f,w,2,2,0,ctl,ok,0,0,-0.4,19.1
mpp,-4.0,7,qpsk-r1/5,w,9,1,0,data,ok,8,8,-0.9,19.1
mpp,-4.0,7,ack-4f,w,2,2,0,ctl,ok,0,0,1.1,19.1
mpp,-4.0,7,qpsk-r1/5,w,9,1,0,data,ok,8,8,-0.7,19.1
mpp,-4.0,7,ack-4f,w,2,2,0,ctl,ok,0,0,-1.2,19.1
mpp,-4.0,7,qpsk-r1/5,w,9,1,0,data,ok,8,8,-0.9,19.1
mpp,-4.0,7,ack-4f,w,2,2,0,ctl,ok,0,0,-0.8,19.1
mpp,-4.0,7,qpsk-r1/5,w,9,1,0,data,ok,8,8,0.8,19.1
mpp,-4.0,7,ack-4f,w,2,2,0,ctl,ok,0,0,-2.5,19.1
mpp,-4.0,7,qpsk-r1/5,w,9,1,0,data,ok,8,8,-1.1,19.1
mpp,-4.0,7,ack-4f,w,2,2,0,ctl,ok,0,0,2.0,19.1
mpp,-4.0,7,qpsk-r1/5,w,9,1,0,data,ok,8,8,-2.4,19.1
mpp,-4.0,7,ack-4f,w,3,3,0,ctl,ok,0,0,-3.6,19.1
mpp,-4.0,7,qpsk-r1/5,w,9,2,1,data,ok,7,7,-1.4,19.1
mpp,-4.0,7,ack-4f,w,3,3,0,ctl,ok,0,0,0.6,19.1
mpp,-4.0,7,qpsk-r1/5,w,9,2,1,data,ok,7,7,-2.2,19.1
mpp,-4.0,7,ack-4f,w,2,2,0,ctl,ok,0,0,-1.5,19.1
mpp,-4.0,7,qpsk-r1/5,w,9,1,0,data,ok,8,8,-1.2,19.1
mpp,-4.0,7,ack-4f,w,2,2,0,ctl,ok,0,0,-2.3,19.1
mpp,-4.0,7,qpsk-r1/5,w,9,1,0,data,ctl_lost,8,8,-1.2,19.1
mpp,-4.0,7,ack-4f,w,3,3,0,ctl,ok,0,0,-1.0,19.1
mpp,-4.0,7,ack-4f,w,3,3,0,ctl,ok,0,0,0.4,19.1
mpp,-4.0,7,qpsk-r1/5,w,9,2,1,data,ok,7,7,-1.6,19.1
mpp,-4.0,7,ack-4f,w,3,3,0,ctl,ok,0,0,-0.9,19.1
mpp,-4.0,7,qpsk-r1/5,w,9,2,1,data,ok,7,7,-0.7,19.1
mpp,-4.0,7,ack-4f,w,2,2,0,ctl,ok,0,0,1.3,19.1
mpp,-4.0,7,qpsk-r1/5,w,9,1,0,data,ctl_lost,8,2,-3.1,19.1
mpp,-4.0,7,ack-4f,w,3,3,0,ctl,ok,0,0,-2.3,19.1
mpp,-4.0,7,ack-4f,w,2,2,0,ctl,ok,0,0,-4.7,19.1
mpp,-4.0,7,fsk32r62-r1/2,c32r62,9,1,0,data,ok,8,8,-0.2,19.1
mpp,-4.0,7,ack-4f,w,3,3,0,ctl,ok,0,0,-3.3,19.1
mpp,-4.0,7,qpsk-r1/5,w,9,2,1,data,ok,7,7,-0.3,19.1
mpp,-4.0,7,ack-4f,w,3,3,0,ctl,ok,0,0,-5.1,19.1
mpp,-4.0,7,qpsk-r1/5,w,9,2,1,data,ok,7,7,0.1,19.1
mpp,-4.0,7,ack-4f,w,2,2,,ctl,missed,0,0,,19.1
mpp,-4.0,7,ack-4f,w,3,3,0,ctl,ok,0,0,0.0,19.1
mpp,-4.0,7,ack-4f,w,3,3,0,ctl,ok,0,0,1.0,19.1
mpp,-4.0,7,qpsk-r1/5,w,9,2,1,data,ok,7,7,-1.4,19.1
mpp,-4.0,7,ack-4f,w,3,3,0,ctl,ok,0,0,-2.8,19.1
mpp,-4.0,7,qpsk-r1/5,w,9,2,1,data,ok,7,7,-1.9,19.1
mpp,-4.0,7,ack-4f,w,3,3,0,ctl,ok,0,0,0.2,19.1
mpp,-4.0,7,qpsk-r1/5,w,9,2,1,data,ok,7,7,0.1,19.1
mpp,-4.0,11,qpsk-r1/5,w,1,1,0,ctl,ok,0,0,-0.8,19.1
mpp,-4.0,11,qpsk-r1/5,w,1,1,0,ctl,ctl_lost,0,0,-4.4,19.1
mpp,-4.0,11,n4-qpsk-r1/3,n4,1,1,0,ctl,ok,0,0,-0.9,19.1
mpp,-4.0,11,n4-qpsk-r1/3,n4,1,1,0,ctl,ok,0,0,-1.3,19.1
mpp,-4.0,11,ack-4f,w,3,3,0,ctl,ok,0,0,-0.8,19.1
mpp,-4.0,11,ack-4f,w,3,3,0,ctl,ok,0,0,-1.6,19.1
mpp,-4.0,11,qpsk-r1/5,w,9,2,1,data,ok,7,7,0.8,19.1
mpp,-4.0,11,ack-4f,w,3,3,0,ctl,ok,0,0,0.7,19.1
mpp,-4.0,11,qpsk-r1/5,w,9,2,1,data,ok,7,7,-0.5,19.1
mpp,-4.0,11,ack-4f,w,2,2,0,ctl,ok,0,0,-1.7,19.1
mpp,-4.0,11,qpsk-r1/5,w,9,1,0,data,ok,8,8,-1.4,19.1
mpp,-4.0,11,ack-4f,w,3,3,0,ctl,ok,0,0,-0.0,19.1
mpp,-4.0,11,qpsk-r1/5,w,9,2,1,data,ok,7,7,-1.6,19.1
mpp,-4.0,11,ack-4f,w,3,3,0,ctl,ok,0,0,-1.9,19.1
mpp,-4.0,11,qpsk-r1/5,w,9,2,1,data,ok,7,7,-0.5,19.1
mpp,-4.0,11,ack-4f,w,2,2,0,ctl,ok,0,0,1.3,19.1
mpp,-4.0,11,qpsk-r1/5,w,9,1,0,data,ok,8,8,-1.9,19.1
mpp,-4.0,11,ack-4f,w,3,3,0,ctl,ok,0,0,-1.0,19.1
mpp,-4.0,11,qpsk-r1/5,w,9,2,1,data,ok,7,7,-1.6,19.1
mpp,-4.0,11,ack-4f,w,3,3,0,ctl,ok,0,0,0.5,19.1
mpp,-4.0,11,qpsk-r1/5,w,9,2,1,data,ok,7,7,-1.4,19.1
mpp,-4.0,11,ack-4f,w,2,2,0,ctl,ok,0,0,-2.0,19.1
mpp,-4.0,11,qpsk-r1/5,w,9,1,0,data,ok,8,8,-0.3,19.1
mpp,-4.0,11,ack-4f,w,2,2,0,ctl,ok,0,0,-0.5,19.1
mpp,-4.0,11,qpsk-r1/5,w,9,1,0,data,ok,8,8,0.3,19.1
mpp,-4.0,11,ack-4f,w,2,2,0,ctl,ok,0,0,-1.7,19.1
mpp,-4.0,11,qpsk-r1/5,w,9,1,0,data,ok,8,8,-1.0,19.1
mpp,-4.0,11,ack-4f,w,2,2,0,ctl,ok,0,0,-0.1,19.1
mpp,-4.0,11,qpsk-r1/5,w,9,1,0,data,ctl_lost,8,1,-3.2,19.1
mpp,-4.0,11,ack-4f,w,3,3,0,ctl,ok,0,0,-0.3,19.1
mpp,-4.0,11,ack-4f,w,3,3,0,ctl,ok,0,0,-3.1,19.1
mpp,-4.0,11,qpsk-r1/5,w,9,2,1,data,ok,7,7,0.1,19.1
mpp,-4.0,11,ack-4f,w,3,3,0,ctl,ok,0,0,-4.4,19.1
mpp,-4.0,11,qpsk-r1/5,w,9,2,1,data,ok,7,7,-1.8,19.1
mpp,-4.0,11,ack-4f,w,3,3,0,ctl,ok,0,0,0.1,19.1
mpp,-4.0,11,qpsk-r1/5,w,9,2,1,data,ok,7,7,-1.5,19.1
mpp,-4.0,11,ack-4f,w,3,3,0,ctl,ok,0,0,-1.5,19.1
mpp,-4.0,11,qpsk-r1/5,w,9,2,1,data,ok,7,7,-0.5,19.1
mpp,-4.0,11,ack-4f,w,2,2,0,ctl,ok,0,0,-3.7,19.1
mpp,-4.0,11,qpsk-r1/5,w,9,1,0,data,ok,8,8,1.7,19.1
mpp,-4.0,11,ack-4f,w,3,3,0,ctl,ok,0,0,-0.5,19.1
mpp,-4.0,11,qpsk-r1/3,w,9,2,1,data,ok,7,0,-0.7,19.1
mpp,-4.0,11,ack-4f,w,2,2,0,ctl,ok,0,0,-2.5,19.1
mpp,-4.0,11,qpsk-r1/5,w,9,1,0,data,ok,8,8,-0.2,19.1
mpp,-4.0,11,ack-4f,w,2,2,0,ctl,ok,0,0,-0.4,19.1
mpp,-4.0,11,qpsk-r1/5,w,9,1,0,data,ok,8,8,-1.0,19.1
mpp,-4.0,11,ack-4f,w,2,2,0,ctl,ok,0,0,2.0,19.1
mpp,-4.0,11,qpsk-r1/5,w,9,1,0,data,ok,8,8,-1.5,19.1
mpp,-4.0,11,ack-4f,w,2,2,0,ctl,ok,0,0,-1.1,19.1
mpp,-4.0,11,qpsk-r1/5,w,9,1,0,data,ok,8,8,-0.1,19.1
mpp,-4.0,11,ack-4f,w,2,2,0,ctl,ok,0,0,1.6,19.1
mpp,-4.0,11,qpsk-r1/5,w,9,1,0,data,ok,8,8,0.4,19.1
mpp,-4.0,11,ack-4f,w,2,2,0,ctl,ok,0,0,1.8,19.1
mpp,-4.0,11,qpsk-r1/5,w,9,1,0,data,ok,8,8,0.0,19.1
mpp,-4.0,11,ack-4f,w,2,2,0,ctl,ok,0,0,3.3,19.1
mpp,-4.0,11,qpsk-r1/5,w,9,1,0,data,ok,8,8,-0.8,19.1
mpp,-4.0,11,ack-4f,w,2,2,0,ctl,ok,0,0,-0.6,19.1
mpp,-4.0,11,qpsk-r1/5,w,9,1,0,data,ok,8,8,-1.1,19.1
mpp,-4.0,11,ack-4f,w,2,2,0,ctl,ok,0,0,-0.7,19.1
mpp,-4.0,11,qpsk-r1/5,w,9,1,0,data,ok,8,8,0.1,19.1
mpp,-4.0,11,ack-4f,w,2,2,0,ctl,ok,0,0,0.9,19.1
mpp,-4.0,11,qpsk-r1/5,w,9,1,0,data,ctl_lost,8,4,-3.0,19.1
mpp,-4.0,11,ack-4f,w,3,3,0,ctl,ok,0,0,-1.2,19.1
mpp,-4.0,11,ack-4f,w,3,3,0,ctl,ok,0,0,1.6,19.1
mpp,-4.0,11,qpsk-r1/5,w,9,2,,data,missed,0,0,,19.1
mpp,-4.0,11,ack-4f,w,3,3,0,ctl,ok,0,0,-1.4,19.1
mpp,-4.0,11,ack-4f,w,3,3,0,ctl,ok,0,0,0.3,19.1
mpp,-4.0,11,qpsk-r1/5,w,9,2,1,data,ok,7,7,-1.4,19.1
mpp,-4.0,11,ack-4f,w,3,3,0,ctl,ok,0,0,0.1,19.1
mpp,-4.0,11,qpsk-r1/5,w,9,2,1,data,ok,7,7,-0.3,19.1
mpp,-4.0,11,ack-4f,w,2,2,0,ctl,ok,0,0,-0.2,19.1
mpp,-4.0,11,qpsk-r1/5,w,9,1,0,data,ok,8,8,-0.7,19.1
mpp,-4.0,11,ack-4f,w,2,2,0,ctl,ok,0,0,4.9,19.1
mpp,-4.0,11,qpsk-r1/5,w,9,1,0,data,ctl_lost,8,6,-2.1,19.1
mpp,-4.0,11,ack-4f,w,3,3,0,ctl,ok,0,0,-3.3,19.1
mpp,-4.0,11,ack-4f,w,3,3,0,ctl,ctl_lost,0,0,-5.9,19.1
mpp,-4.0,11,ack-4f,w,3,3,0,ctl,ok,0,0,-1.6,19.1
mpp,-4.0,11,ack-4f,w,3,3,0,ctl,ok,0,0,1.5,19.1
mpp,-4.0,11,qpsk-r1/5,w,9,2,1,data,ok,7,7,-1.0,19.1
mpp,-4.0,11,ack-4f,w,3,3,0,ctl,ok,0,0,-0.3,19.1
mpp,-4.0,11,qpsk-r1/5,w,9,2,1,data,ok,7,7,-1.7,19.1
mpp,-4.0,11,ack-4f,w,3,3,0,ctl,ok,0,0,-2.4,19.1
mpp,-4.0,11,qpsk-r1/5,w,9,2,1,data,ok,7,6,-1.5,19.1
mpp,-4.0,11,ack-4f,w,3,3,0,ctl,ok,0,0,-2.5,19.1
mpp,-4.0,11,qpsk-r1/5,w,9,2,1,data,ok,6,0,-3.7,19.1
mpp,-4.0,11,ack-4f,w,3,3,0,ctl,ok,0,0,-3.0,19.1
mpp,-4.0,11,qpsk-r1/5,w,9,2,1,data,ok,1,1,-1.4,19.1
mpp,-4.0,11,ack-4f,w,3,3,0,ctl,ok,0,0,-2.4,19.1
mpp,-4.0,11,qpsk-r1/5,w,9,2,1,data,ok,7,6,-1.6,19.1
mpp,-4.0,11,ack-4f,w,3,3,0,ctl,ok,0,0,1.2,19.1
mpp,-4.0,11,qpsk-r1/5,w,9,1,0,data,ok,7,7,-0.9,19.1
mpp,-4.0,11,ack-4f,w,2,2,0,ctl,ok,0,0,-1.1,19.1
mpg,-4.0,0,qpsk-r1/5,w,1,1,0,ctl,ok,0,0,-3.3,19.6
mpg,-4.0,0,qpsk-r1/5,w,1,1,0,ctl,ok,0,0,-0.9,19.6
mpg,-4.0,0,ack-4f,w,3,3,0,ctl,ok,0,0,1.6,19.6
mpg,-4.0,0,ack-4f,w,3,3,0,ctl,ok,0,0,-3.8,19.6
mpg,-4.0,0,qpsk-r1/5,w,9,2,1,data,ctl_lost,7,0,-7.9,19.6
mpg,-4.0,0,ack-4f,w,3,3,0,ctl,ok,0,0,-5.6,19.6
mpg,-4.0,0,ack-4f,w,3,3,0,ctl,ok,0,0,-0.5,19.6
mpg,-4.0,0,fsk32r62-r1/2,c32r62,10,2,1,data,ok,8,8,0.5,19.6
mpg,-4.0,0,ack-4f,w,3,3,0,ctl,ok,0,0,-2.5,19.6
mpg,-4.0,0,qpsk-r1/3,w,9,2,1,data,ok,7,7,1.6,19.6
mpg,-4.0,0,ack-4f,w,3,3,0,ctl,ok,0,0,-1.6,19.6
mpg,-4.0,0,qpsk-r1/3,w,9,2,1,data,ok,7,7,-0.4,19.6
mpg,-4.0,0,ack-4f,w,3,3,0,ctl,ok,0,0,1.9,19.6
mpg,-4.0,0,qpsk-r1/3,w,9,2,1,data,ok,7,6,-0.4,19.6
mpg,-4.0,0,ack-4f,w,3,3,0,ctl,ok,0,0,-6.6,19.6
mpg,-4.0,0,qpsk-r1/3,w,9,2,1,data,ok,6,0,-3.8,19.6
mpg,-4.0,0,ack-4f,w,3,3,0,ctl,ok,0,0,3.2,19.6
mpg,-4.0,0,qpsk-r1/3,w,9,2,1,data,ok,1,1,2.7,19.6
mpg,-4.0,0,ack-4f,w,3,3,0,ctl,ok,0,0,-5.8,19.6
mpg,-4.0,0,qpsk-r1/3,w,9,2,1,data,ok,7,7,-0.3,19.6
mpg,-4.0,0,ack-4f,w,2,2,0,ctl,ok,0,0,-0.9,19.6
mpg,-4.0,0,qpsk-r1/3,w,9,1,0,data,ok,8,8,1.1,19.6
mpg,-4.0,0,ack-4f,w,3,3,0,ctl,ctl_lost,0,0,-9.4,19.6
mpg,-4.0,0,ack-4f,w,3,3,0,ctl,ok,0,0,2.3,19.6
mpg,-4.0,0,ack-4f,w,2,2,0,ctl,ok,0,0,2.2,19.6
mpg,-4.0,0,qpsk-r1/3,w,9,1,0,data,ok,8,8,1.0,19.6
mpg,-4.0,0,n10-ack-4f,n10,2,2,0,ctl,ok,0,0,-2.9,19.6
mpg,-4.0,0,qpsk-r1/3,w,9,1,0,data,ctl_lost,8,5,-1.2,19.6
mpg,-4.0,0,ack-4f,w,3,3,0,ctl,ok,0,0,0.2,19.6
mpg,-4.0,0,ack-4f,w,3,3,0,ctl,ok,0,0,-2.0,19.6
mpg,-4.0,0,qpsk-r1/3,w,9,2,1,data,ok,7,7,3.5,19.6
mpg,-4.0,0,n10-ack-4f,n10,2,2,0,ctl,ok,0,0,2.3,19.6
mpg,-4.0,0,qpsk-r1/3,w,9,1,0,data,ctl_lost,8,8,-0.6,19.6
mpg,-4.0,0,ack-4f,w,3,3,0,ctl,ok,0,0,-0.6,19.6
mpg,-4.0,0,ack-4f,w,3,3,0,ctl,ok,0,0,-1.2,19.6
mpg,-4.0,0,qpsk-r1/3,w,9,2,1,data,ok,7,7,3.6,19.6
mpg,-4.0,0,ack-4f,w,3,3,0,ctl,ok,0,0,0.5,19.6
mpg,-4.0,0,qpsk-r1/3,w,9,2,1,data,ok,7,0,-1.9,19.6
mpg,-4.0,0,ack-4f,w,3,3,0,ctl,ok,0,0,1.0,19.6
mpg,-4.0,0,qpsk-r1/3,w,9,2,1,data,ok,0,0,3.0,19.6
mpg,-4.0,0,ack-4f,w,3,3,0,ctl,ctl_lost,0,0,-9.0,19.6
mpg,-4.0,0,ack-4f,w,3,3,0,ctl,ok,0,0,1.3,19.6
mpg,-4.0,0,ack-4f,w,3,3,0,ctl,ok,0,0,3.9,19.6
mpg,-4.0,0,qpsk-r1/2,w,9,2,1,data,ctl_lost,7,0,-2.2,19.6
mpg,-4.0,0,ack-4f,w,3,3,0,ctl,ok,0,0,-2.2,19.6
mpg,-4.0,0,ack-4f,w,3,3,0,ctl,ok,0,0,-4.4,19.6
mpg,-4.0,0,qpsk-r1/3,w,9,2,1,data,ok,7,0,-1.5,19.6
mpg,-4.0,0,polar-k96-f4,w,1,1,0,ctl,ok,0,0,1.7,19.6
mpg,-4.0,0,fsk32r62-r1/2,c32r62,9,1,0,data,ok,8,7,2.2,19.6
mpg,-4.0,0,n10-ack-4f,n10,3,3,0,ctl,ok,0,0,-3.4,19.6
mpg,-4.0,0,qpsk-r1/3,w,9,1,0,data,ok,8,8,0.3,19.6
mpg,-4.0,0,n10-ack-4f,n10,3,3,0,ctl,ok,0,0,-1.6,19.6
mpg,-4.0,0,qpsk-r1/3,w,9,2,1,data,ok,7,7,2.5,19.6
mpg,-4.0,0,n10-ack-4f,n10,2,2,0,ctl,ok,0,0,-2.5,19.6
mpg,-4.0,0,qpsk-r1/3,w,9,1,0,data,ok,8,8,0.2,19.6
mpg,-4.0,0,n10-ack-4f,n10,2,2,0,ctl,ctl_lost,0,0,-7.6,19.6
mpg,-4.0,0,ack-4f,w,3,3,0,ctl,ok,0,0,0.4,19.6
mpg,-4.0,0,ack-4f,w,2,2,0,ctl,ok,0,0,-7.4,19.6
mpg,-4.0,0,qpsk-r1/3,w,9,1,0,data,ok,8,7,0.1,19.6
mpg,-4.0,0,n10-ack-4f,n10,3,3,0,ctl,ok,0,0,0.1,19.6
mpg,-4.0,0,qpsk-r1/3,w,9,2,1,data,ok,6,0,-3.3,19.6
mpg,-4.0,0,n10-ack-4f,n10,3,3,0,ctl,ok,0,0,5.5,19.6
mpg,-4.0,0,qpsk-r1/3,w,9,2,1,data,ok,1,0,-2.3,19.6
mpg,-4.0,0,ack-1f,w,2,2,0,ctl,ctl_lost,0,0,-6.1,19.6
mpg,-4.0,0,ack-4f,w,3,3,0,ctl,ctl_lost,0,0,-9.5,19.6
mpg,-4.0,0,ack-4f,w,3,3,0,ctl,ok,0,0,-4.9,19.6
mpg,-4.0,0,ack-4f,w,3,3,0,ctl,ok,0,0,-4.0,19.6
mpg,-4.0,0,fsk32r62-r1/2,c32r62,10,2,1,data,ok,8,8,1.2,19.6
mpg,-4.0,0,n10-ack-4f,n10,2,2,0,ctl,ok,0,0,3.6,19.6
mpg,-4.0,0,qpsk-r1/3,w,9,1,0,data,ok,8,8,3.8,19.6
mpg,-4.0,0,n10-ack-4f,n10,2,2,0,ctl,ctl_lost,0,0,-12.1,19.6
mpg,-4.0,0,ack-4f,w,3,3,0,ctl,ok,0,0,2.4,19.6
mpg,-4.0,0,ack-4f,w,3,3,0,ctl,ok,0,0,1.7,19.6
mpg,-4.0,0,w48-qpsk-r1/5,w48,19,2,1,data,ok,17,0,-3.7,19.6
mpg,-4.0,0,n10-ack-4f,n10,3,3,0,ctl,ok,0,0,-4.2,19.6
mpg,-4.0,0,qpsk-r1/3,w,9,2,1,data,ok,7,7,1.4,19.6
mpg,-4.0,0,polar-k96-f4,w,1,1,0,ctl,ok,0,0,2.8,19.6
mpg,-4.0,0,qpsk-r1/3,w,9,1,0,data,ok,8,8,-0.5,19.6
mpg,-4.0,0,ack-4f,w,2,2,0,ctl,ok,0,0,-0.8,19.6
mpg,-4.0,0,qpsk-r1/3,w,9,1,0,data,ok,8,8,2.7,19.6
mpg,-4.0,0,ack-4f,w,2,2,0,ctl,ok,0,0,-1.1,19.6
mpg,-4.0,0,qpsk-r1/3,w,9,1,0,data,ctl_lost,8,0,-2.6,19.6
mpg,-4.0,0,ack-4f,w,3,3,0,ctl,ctl_lost,0,0,-8.0,19.6
mpg,-4.0,0,ack-4f,w,3,3,0,ctl,ok,0,0,2.9,19.6
mpg,-4.0,0,ack-4f,w,3,3,0,ctl,ok,0,0,4.1,19.6
mpg,-4.0,0,qpsk-r1/3,w,9,2,1,data,ok,7,0,-2.3,19.6
mpg,-4.0,0,n10-ack-4f,n10,3,3,0,ctl,ok,0,0,-4.1,19.6
mpg,-4.0,0,qpsk-r1/3,w,9,2,1,data,ok,0,0,0.5,19.6
mpg,-4.0,4,qpsk-r1/5,w,1,1,0,ctl,ctl_lost,0,0,-10.3,16.1
mpg,-4.0,4,n4-qpsk-r1/3,n4,1,1,,ctl,missed,0,0,,16.1
mpg,-4.0,4,n4-qpsk-r1/3,n4,1,1,0,ctl,ok,0,0,-8.6,16.1
mpg,-4.0,4,n4-qpsk-r1/3,n4,1,1,0,ctl,ok,0,0,-1.3,16.1
mpg,-4.0,4,ack-4f,w,3,3,0,ctl,ok,0,0,0.6,16.1
mpg,-4.0,4,ack-4f,w,3,3,0,ctl,ok,0,0,2.4,16.1
mpg,-4.0,4,qpsk-r1/5,w,9,2,1,data,ok,7,7,-1.8,16.1
mpg,-4.0,4,ack-4f,w,3,3,0,ctl,ok,0,0,4.1,16.1
mpg,-4.0,4,qpsk-r1/5,w,9,2,1,data,ok,7,7,0.4,16.1
mpg,-4.0,4,ack-1f,w,3,3,0,ctl,ok,0,0,3.8,16.1
mpg,-4.0,4,qpsk-r1/3,w,9,2,1,data,ok,7,7,-0.3,16.1
mpg,-4.0,4,ack-1f,w,3,3,0,ctl,ctl_lost,0,0,-3.1,16.1
mpg,-4.0,4,ack-4f,w,3,3,0,ctl,ok,0,0,0.3,16.1
mpg,-4.0,4,ack-4f,w,3,3,0,ctl,ok,0,0,0.2,16.1
mpg,-4.0,4,qpsk-r1/3,w,9,2,1,data,ok,7,0,-1.9,16.1
mpg,-4.0,4,ack-4f,w,3,3,0,ctl,ok,0,0,-7.6,16.1
mpg,-4.0,4,qpsk-r1/5,w,9,2,1,data,ok,7,7,-1.4,16.1
mpg,-4.0,4,ack-4f,w,3,3,0,ctl,ok,0,0,0.7,16.1
mpg,-4.0,4,qpsk-r1/3,w,9,2,1,data,ok,7,0,-1.6,16.1
mpg,-4.0,4,ack-4f,w,3,3,,ctl,missed,0,0,,16.1
mpg,-4.0,4,ack-4f,w,3,3,0,ctl,ok,0,0,-0.6,16.1
mpg,-4.0,4,ack-4f,w,3,3,0,ctl,ok,0,0,2.5,16.1
mpg,-4.0,4,qpsk-r1/5,w,9,2,1,data,ok,7,7,-2.7,16.1
mpg,-4.0,4,ack-4f,w,3,3,0,ctl,ok,0,0,-1.7,16.1
mpg,-4.0,4,qpsk-r1/5,w,9,2,1,data,ok,7,0,-4.7,16.1
mpg,-4.0,4,ack-4f,w,3,3,0,ctl,ok,0,0,1.7,16.1
mpg,-4.0,4,qpsk-r1/5,w,9,2,1,data,ok,0,0,-2.6,16.1
mpg,-4.0,4,ack-4f,w,3,3,0,ctl,ok,0,0,-7.0,16.1
mpg,-4.0,4,qpsk-r1/5,w,9,2,1,data,ok,7,0,-3.1,16.1
mpg,-4.0,4,ack-4f,w,3,3,0,ctl,ok,0,0,-4.0,16.1
mpg,-4.0,4,qpsk-r1/5,w,9,2,1,data,ok,0,0,-0.3,16.1
mpg,-4.0,4,ack-4f,w,2,2,0,ctl,ok,0,0,-1.5,16.1
mpg,-4.0,4,qpsk-r1/5,w,9,1,0,data,ok,8,8,1.5,16.1
mpg,-4.0,4,ack-4f,w,3,3,0,ctl,ok,0,0,-4.9,16.1
mpg,-4.0,4,qpsk-r1/3,w,9,2,1,data,ok,7,0,-1.8,16.1
mpg,-4.0,4,ack-4f,w,2,2,,ctl,missed,0,0,,16.1
mpg,-4.0,4,ack-4f,w,3,3,0,ctl,ok,0,0,-4.1,16.1
mpg,-4.0,4,ack-4f,w,2,2,0,ctl,ok,0,0,-0.8,16.1
mpg,-4.0,4,qpsk-r1/5,w,9,1,0,data,ok,8,8,-1.8,16.1
mpg,-4.0,4,ack-4f,w,2,2,0,ctl,ok,0,0,3.4,16.1
mpg,-4.0,4,qpsk-r1/5,w,9,1,0,data,ok,8,8,-0.6,16.1
mpg,-4.0,4,ack-4f,w,2,2,0,ctl,ok,0,0,1.9,16.1
mpg,-4.0,4,qpsk-r1/5,w,9,1,0,data,ctl_lost,8,0,-3.6,16.1
mpg,-4.0,4,ack-4f,w,3,3,0,ctl,ok,0,0,0.7,16.1
mpg,-4.0,4,ack-4f,w,3,3,0,ctl,ok,0,0,-2.3,16.1
mpg,-4.0,4,qpsk-r1/3,w,9,2,1,data,ok,7,2,-1.3,16.1
mpg,-4.0,4,ack-4f,w,3,3,0,ctl,ok,0,0,1.0,16.1
mpg,-4.0,4,qpsk-r1/3,w,9,2,1,data,ok,2,0,-0.6,16.1
mpg,-4.0,4,ack-4f,w,2,2,0,ctl,ok,0,0,-3.9,16.1
mpg,-4.0,4,qpsk-r1/5,w,9,1,0,data,ok,8,8,-2.3,16.1
mpg,-4.0,4,ack-4f,w,3,3,0,ctl,ok,0,0,-0.2,16.1
mpg,-4.0,4,qpsk-r1/5,w,9,2,1,data,ok,7,7,0.9,16.1
mpg,-4.0,4,ack-4f,w,2,2,0,ctl,ok,0,0,-10.6,16.1
mpg,-4.0,4,qpsk-r1/5,w,9,1,0,data,ok,8,8,-0.8,16.1
mpg,-4.0,4,ack-4f,w,2,2,0,ctl,ok,0,0,-1.9,16.1
mpg,-4.0,4,qpsk-r1/5,w,9,1,0,data,ok,8,8,-0.5,16.1
mpg,-4.0,4,ack-4f,w,2,2,0,ctl,ok,0,0,1.4,16.1
mpg,-4.0,4,qpsk-r1/5,w,9,1,0,data,ok,8,8,-0.4,16.1
mpg,-4.0,4,ack-4f,w,2,2,0,ctl,ctl_lost,0,0,-11.6,16.1
mpg,-4.0,4,ack-4f,w,3,3,0,ctl,ok,0,0,-4.6,16.1
mpg,-4.0,4,ack-4f,w,3,3,0,ctl,ok,0,0,-2.3,16.1
mpg,-4.0,4,qpsk-r1/5,w,9,2,1,data,ok,7,7,0.3,16.1
mpg,-4.0,4,n10-ack-4f,n10,3,3,0,ctl,ok,0,0,2.9,16.1
mpg,-4.0,4,qpsk-r1/5,w,9,2,1,data,ok,7,7,-0.7,16.1
mpg,-4.0,4,ack-4f,w,2,2,0,ctl,ok,0,0,-2.6,16.1
mpg,-4.0,4,qpsk-r1/5,w,9,1,0,data,ok,8,8,-1.9,16.1
mpg,-4.0,4,ack-4f,w,2,2,0,ctl,ok,0,0,1.2,16.1
mpg,-4.0,4,qpsk-r1/5,w,9,1,0,data,ctl_lost,8,0,-5.0,16.1
mpg,-4.0,4,ack-4f,w,3,3,0,ctl,ok,0,0,1.8,16.1
mpg,-4.0,4,ack-4f,w,3,3,0,ctl,ok,0,0,-4.9,16.1
mpg,-4.0,4,qpsk-r1/5,w,9,2,,data,missed,0,0,,16.1
mpg,-4.0,4,ack-4f,w,2,2,0,ctl,ok,0,0,-3.0,16.1
mpg,-4.0,4,ack-4f,w,3,3,0,ctl,ok,0,0,-7.3,16.1
mpg,-4.0,4,qpsk-r1/5,w,9,2,1,data,ok,7,7,2.5,16.1
mpg,-4.0,4,n4-ack-8f,n4,2,2,0,ctl,ok,0,0,-8.5,16.1
mpg,-4.0,4,qpsk-r1/5,w,9,1,0,data,ok,8,8,-0.7,16.1
mpg,-4.0,4,ack-4f,w,2,2,0,ctl,ok,0,0,-3.6,16.1
mpg,-4.0,4,qpsk-r1/5,w,9,1,0,data,ok,8,8,1.3,16.1
mpg,-4.0,4,ack-4f,w,2,2,0,ctl,ok,0,0,2.4,16.1
mpg,-4.0,4,qpsk-r1/5,w,9,1,0,data,ok,8,8,-0.8,16.1
mpg,-4.0,4,ack-4f,w,2,2,0,ctl,ok,0,0,-2.3,16.1
mpg,-4.0,4,qpsk-r1/5,w,9,1,0,data,ok,8,4,-3.2,16.1
mpg,-4.0,4,ack-4f,w,3,3,0,ctl,ok,0,0,1.2,16.1
mpg,-4.0,4,qpsk-r1/5,w,9,2,1,data,ok,3,3,-0.3,16.1
mpg,-4.0,4,ack-4f,w,2,2,0,ctl,ok,0,0,0.5,16.1
mpg,-4.0,4,qpsk-r1/5,w,9,1,0,data,ok,8,8,1.7,16.1
mpg,-4.0,4,ack-4f,w,2,2,0,ctl,ok,0,0,0.2,16.1
mpg,-4.0,4,qpsk-r1/5,w,9,1,0,data,ok,8,8,-2.7,16.1
mpg,-4.0,4,ack-4f,w,2,2,0,ctl,ok,0,0,-1.4,16.1
mpg,-4.0,4,qpsk-r1/5,w,9,1,0,data,ok,8,8,3.5,16.1
mpg,-4.0,4,ack-4f,w,2,2,0,ctl,ok,0,0,3.3,16.1
mpg,-4.0,4,qpsk-r1/3,w,9,1,0,data,ctl_lost,8,0,-1.9,16.1
mpg,-4.0,4,ack-4f,w,3,3,0,ctl,ok,0,0,0.6,16.1
mpg,-4.0,4,ack-4f,w,2,2,0,ctl,ok,0,0,2.6,16.1
mpg,-4.0,4,qpsk-r1/5,w,9,1,0,data,ok,8,8,0.5,16.1
mpg,-4.0,3,qpsk-r1/5,w,1,1,0,ctl,ok,0,0,-0.5,15.7
mpg,-4.0,3,qpsk-r1/5,w,1,1,0,ctl,ok,0,0,-1.1,15.7
mpg,-4.0,3,ack-4f,w,3,3,0,ctl,ok,0,0,-7.6,15.7
mpg,-4.0,3,ack-4f,w,3,3,0,ctl,ok,0,0,-2.7,15.7
mpg,-4.0,3,qpsk-r1/5,w,9,2,1,data,ok,7,7,-2.2,15.7
mpg,-4.0,3,ack-4f,w,3,3,0,ctl,ok,0,0,-1.5,15.7
mpg,-4.0,3,qpsk-r1/5,w,9,2,1,data,ok,7,7,1.8,15.7
mpg,-4.0,3,ack-4f,w,3,3,0,ctl,ok,0,0,-0.2,15.7
mpg,-4.0,3,qpsk-r1/3,w,9,2,1,data,ok,7,4,0.2,15.7
mpg,-4.0,3,ack-4f,w,3,3,0,ctl,ok,0,0,3.1,15.7
mpg,-4.0,3,qpsk-r1/3,w,9,2,1,data,ok,4,0,-1.2,15.7
mpg,-4.0,3,ack-4f,w,3,3,0,ctl,ok,0,0,3.9,15.7
mpg,-4.0,3,qpsk-r1/3,w,9,2,1,data,ok,3,3,-0.2,15.7
mpg,-4.0,3,ack-1f,w,3,3,0,ctl,ctl_lost,0,0,-8.3,15.7
mpg,-4.0,3,ack-4f,w,3,3,0,ctl,ok,0,0,-3.8,15.7
mpg,-4.0,3,ack-4f,w,3,3,0,ctl,ok,0,0,0.7,15.7
mpg,-4.0,3,qpsk-r1/3,w,9,2,1,data,ok,7,7,-0.7,15.7
mpg,-4.0,3,ack-4f,w,3,3,0,ctl,ok,0,0,-2.8,15.7
mpg,-4.0,3,qpsk-r1/3,w,9,2,1,data,ok,7,0,-3.4,15.7
mpg,-4.0,3,ack-4f,w,3,3,0,ctl,ok,0,0,-0.3,15.7
mpg,-4.0,3,qpsk-r1/5,w,9,2,1,data,ok,7,7,1.4,15.7
mpg,-4.0,3,ack-4f,w,3,3,0,ctl,ok,0,0,-1.4,15.7
mpg,-4.0,3,qpsk-r1/3,w,9,2,1,data,ok,7,0,-4.2,15.7
mpg,-4.0,3,ack-4f,w,2,2,0,ctl,ok,0,0,2.9,15.7
mpg,-4.0,3,qpsk-r1/5,w,9,1,0,data,ctl_lost,8,0,-5.2,15.7
mpg,-4.0,3,ack-4f,w,4,4,0,ctl,ok,0,0,-3.6,15.7
mpg,-4.0,3,ack-4f,w,3,3,0,ctl,ok,0,0,-2.9,15.7
mpg,-4.0,3,fsk32r62-r1/2,c32r62,10,2,1,data,ok,8,7,-1.1,15.7
mpg,-4.0,3,ack-4f,w,3,3,0,ctl,ok,0,0,2.9,15.7
mpg,-4.0,3,fsk32r62-r1/2,c32r62,9,1,0,data,ok,7,6,0.9,15.7
mpg,-4.0,3,ack-4f,w,3,3,0,ctl,ok,0,0,1.3,15.7
mpg,-4.0,3,qpsk-r1/5,w,9,2,1,data,ok,7,7,1.1,15.7
mpg,-4.0,3,ack-4f,w,3,3,0,ctl,ok,0,0,0.0,15.7
mpg,-4.0,3,qpsk-r1/5,w,9,2,1,data,ok,7,7,0.4,15.7
mpg,-4.0,3,ack-4f,w,2,2,0,ctl,ok,0,0,4.6,15.7
mpg,-4.0,3,qpsk-r1/3,w,9,1,0,data,ok,8,4,-0.5,15.7
mpg,-4.0,3,ack-4f,w,3,3,0,ctl,ok,0,0,1.5,15.7
mpg,-4.0,3,qpsk-r1/3,w,9,1,0,data,ok,4,4,0.9,15.7
mpg,-4.0,3,ack-4f,w,2,2,0,ctl,ok,0,0,2.6,15.7
mpg,-4.0,3,qpsk-r1/3,w,9,1,0,data,ok,8,8,0.1,15.7
mpg,-4.0,3,ack-4f,w,2,2,0,ctl,ok,0,0,-4.9,15.7
mpg,-4.0,3,qpsk-r1/3,w,9,1,0,data,ctl_lost,8,4,-1.0,15.7
mpg,-4.0,3,ack-4f,w,3,3,0,ctl,ok,0,0,3.1,15.7
mpg,-4.0,3,ack-4f,w,3,3,0,ctl,ok,0,0,-2.3,15.7
mpg,-4.0,3,qpsk-r1/3,w,9,2,1,data,ok,7,0,-3.3,15.7
mpg,-4.0,3,ack-4f,w,3,3,0,ctl,ok,0,0,-2.3,15.7
mpg,-4.0,3,qpsk-r1/5,w,9,2,1,data,ok,7,7,-5.0,15.7
mpg,-4.0,3,ack-4f,w,3,3,0,ctl,ok,0,0,-3.0,15.7
mpg,-4.0,3,qpsk-r1/5,w,9,2,1,data,ok,7,7,-2.4,15.7
mpg,-4.0,3,ack-4f,w,3,3,0,ctl,ok,0,0,-6.0,15.7
mpg,-4.0,3,qpsk-r1/5,w,9,2,,data,missed,0,0,,15.7
mpg,-4.0,3,ack-4f,w,3,3,0,ctl,ok,0,0,-0.9,15.7
mpg,-4.0,3,ack-4f,w,3,3,0,ctl,ok,0,0,0.3,15.7
mpg,-4.0,3,qpsk-r1/5,w,9,2,1,data,ok,7,1,-4.4,15.7
mpg,-4.0,3,ack-4f,w,3,3,0,ctl,ctl_lost,0,0,-9.3,15.7
mpg,-4.0,3,ack-4f,w,3,3,0,ctl,ok,0,0,-5.0,15.7
mpg,-4.0,3,ack-4f,w,3,3,0,ctl,ok,0,0,-1.3,15.7
mpg,-4.0,3,qpsk-r1/5,w,9,2,1,data,ok,7,7,1.8,15.7
mpg,-4.0,3,n10-ack-4f,n10,3,3,0,ctl,ok,0,0,-2.8,15.7
mpg,-4.0,3,qpsk-r1/3,w,9,2,1,data,ok,7,7,0.2,15.7
mpg,-4.0,3,ack-4f,w,3,3,0,ctl,ok,0,0,1.1,15.7
mpg,-4.0,3,qpsk-r1/3,w,9,2,,data,missed,0,0,,15.7
mpg,-4.0,3,ack-4f,w,3,3,0,ctl,ok,0,0,-5.7,15.7
mpg,-4.0,3,ack-4f,w,3,3,0,ctl,ok,0,0,-13.5,15.7
mpg,-4.0,3,qpsk-r1/5,w,9,2,1,data,ok,7,7,-0.3,15.7
mpg,-4.0,3,ack-4f,w,2,2,0,ctl,ok,0,0,-0.8,15.7
mpg,-4.0,3,qpsk-r1/5,w,9,1,0,data,ok,8,8,-3.2,15.7
mpg,-4.0,3,ack-4f,w,2,2,0,ctl,ok,0,0,-1.5,15.7
mpg,-4.0,3,qpsk-r1/5,w,9,1,0,data,ctl_lost,8,0,-4.0,15.7
mpg,-4.0,3,ack-4f,w,3,3,0,ctl,ok,0,0,4.6,15.7
mpg,-4.0,3,ack-4f,w,3,3,0,ctl,ok,0,0,3.6,15.7
mpg,-4.0,3,qpsk-r1/3,w,9,2,1,data,ok,7,7,4.9,15.7
mpg,-4.0,3,ack-4f,w,2,2,0,ctl,ok,0,0,1.1,15.7
mpg,-4.0,3,qpsk-r1/2,w,9,1,0,data,ok,8,8,2.0,15.7
mpg,-4.0,3,ack-4f,w,3,3,0,ctl,ok,0,0,3.2,15.7
mpg,-4.0,3,qpsk-r1/2,w,9,2,1,data,ctl_lost,7,0,-2.9,15.7
mpg,-4.0,3,ack-4f,w,3,3,0,ctl,ctl_lost,0,0,-7.2,15.7
mpg,-4.0,3,ack-4f,w,3,3,0,ctl,ok,0,0,1.4,15.7
mpg,-4.0,3,ack-4f,w,3,3,0,ctl,ok,0,0,1.7,15.7
mpg,-4.0,3,qpsk-r1/3,w,9,2,1,data,ok,7,7,1.0,15.7
mpg,-4.0,3,ack-4f,w,3,3,0,ctl,ok,0,0,-3.0,15.7
mpg,-4.0,3,qpsk-r1/3,w,9,2,1,data,ok,7,0,-3.4,15.7
mpg,-4.0,3,ack-4f,w,3,3,0,ctl,ok,0,0,-5.3,15.7
mpg,-4.0,3,qpsk-r1/3,w,9,2,1,data,ctl_lost,0,0,-2.4,15.7
mpg,-4.0,3,ack-4f,w,3,3,0,ctl,ok,0,0,0.8,15.7
mpg,-4.0,3,ack-4f,w,3,3,0,ctl,ok,0,0,-1.2,15.7
mpg,-4.0,3,qpsk-r1/3,w,9,2,1,data,ctl_lost,0,0,-4.6,15.7
mpg,-4.0,7,qpsk-r1/5,w,1,1,0,ctl,ok,0,0,-0.5,17.4
mpg,-4.0,7,qpsk-r1/5,w,1,1,0,ctl,ok,0,0,2.2,17.4
mpg,-4.0,7,ack-4f,w,3,3,0,ctl,ok,0,0,-0.8,17.4
mpg,-4.0,7,ack-4f,w,3,3,0,ctl,ok,0,0,3.5,17.4
mpg,-4.0,7,qpsk-r1/5,w,9,2,1,data,ok,7,7,-3.1,17.4
mpg,-4.0,7,ack-1f,w,3,3,0,ctl,ok,0,0,-0.4,17.4
mpg,-4.0,7,qpsk-r1/5,w,9,2,1,data,ok,7,7,0.3,17.4
mpg,-4.0,7,ack-4f,w,3,3,0,ctl,ok,0,0,-3.6,17.4
mpg,-4.0,7,qpsk-r1/3,w,9,2,1,data,ctl_lost,7,0,-4.4,17.4
mpg,-4.0,7,ack-4f,w,3,3,0,ctl,ok,0,0,-2.3,17.4
mpg,-4.0,7,ack-4f,w,3,3,0,ctl,ok,0,0,2.5,17.4
mpg,-4.0,7,qpsk-r1/5,w,9,2,1,data,ok,7,7,4.6,17.4
mpg,-4.0,7,ack-4f,w,3,3,0,ctl,ok,0,0,5.9,17.4
mpg,-4.0,7,w48-qpsk-r1/5,w48,19,2,1,data,ctl_lost,17,0,-4.7,17.4
mpg,-4.0,7,ack-4f,w,2,2,0,ctl,ok,0,0,1.4,17.4
mpg,-4.0,7,ack-4f,w,2,2,0,ctl,ok,0,0,0.4,17.4
mpg,-4.0,7,qpsk-r1/5,w,9,1,0,data,ok,8,8,-3.4,17.4
mpg,-4.0,7,ack-1f,w,2,2,0,ctl,ok,0,0,-1.9,17.4
mpg,-4.0,7,qpsk-r1/5,w,9,1,0,data,ok,8,8,-2.1,17.4
mpg,-4.0,7,ack-4f,w,3,3,0,ctl,ok,0,0,2.9,17.4
mpg,-4.0,7,qpsk-r1/5,w,9,2,1,data,ok,7,7,-1.7,17.4
mpg,-4.0,7,ack-1f,w,2,2,0,ctl,ok,0,0,3.7,17.4
mpg,-4.0,7,qpsk-r1/5,w,9,1,0,data,ok,8,8,3.2,17.4
mpg,-4.0,7,ack-1f,w,2,2,0,ctl,ok,0,0,2.6,17.4
mpg,-4.0,7,qpsk-r1/5,w,9,1,0,data,ok,8,6,-3.5,17.4
mpg,-4.0,7,ack-1f,w,3,3,0,ctl,ok,0,0,2.4,17.4
mpg,-4.0,7,qpsk-r1/5,w,9,1,0,data,ok,6,6,-0.2,17.4
mpg,-4.0,7,ack-1f,w,2,2,0,ctl,ctl_lost,0,0,-5.7,17.4
mpg,-4.0,7,ack-4f,w,3,3,0,ctl,ok,0,0,-1.0,17.4
mpg,-4.0,7,ack-4f,w,2,2,0,ctl,ok,0,0,-1.3,17.4
mpg,-4.0,7,qpsk-r1/5,w,9,1,0,data,ctl_lost,8,0,-5.2,17.4
mpg,-4.0,7,ack-4f,w,3,3,0,ctl,ok,0,0,-3.4,17.4
mpg,-4.0,7,ack-4f,w,3,3,0,ctl,ok,0,0,2.9,17.4
mpg,-4.0,7,qpsk-r1/5,w,9,2,1,data,ok,7,7,-2.0,17.4
mpg,-4.0,7,ack-4f,w,3,3,0,ctl,ok,0,0,-1.1,17.4
mpg,-4.0,7,qpsk-r1/5,w,9,2,1,data,ok,7,7,-2.7,17.4
mpg,-4.0,7,ack-4f,w,3,3,,ctl,missed,0,0,,17.4
mpg,-4.0,7,ack-4f,w,3,3,0,ctl,ok,0,0,-0.5,17.4
mpg,-4.0,7,ack-4f,w,3,3,0,ctl,ok,0,0,-4.0,17.4
mpg,-4.0,7,qpsk-r1/5,w,9,2,1,data,ok,7,0,-5.2,17.4
mpg,-4.0,7,ack-4f,w,3,3,0,ctl,ok,0,0,1.2,17.4
mpg,-4.0,7,qpsk-r1/5,w,9,2,1,data,ok,0,0,0.0,17.4
mpg,-4.0,7,ack-4f,w,2,2,0,ctl,ok,0,0,-4.8,17.4
mpg,-4.0,7,qpsk-r1/5,w,9,1,0,data,ok,8,8,-1.2,17.4
mpg,-4.0,7,ack-4f,w,2,2,0,ctl,ok,0,0,2.1,17.4
mpg,-4.0,7,qpsk-r1/5,w,9,1,0,data,ok,8,8,0.4,17.4
mpg,-4.0,7,ack-4f,w,2,2,0,ctl,ok,0,0,4.2,17.4
mpg,-4.0,7,qpsk-r1/5,w,9,1,0,data,ctl_lost,8,0,-4.8,17.4
mpg,-4.0,7,ack-4f,w,3,3,0,ctl,ok,0,0,2.5,17.4
mpg,-4.0,7,ack-4f,w,3,3,0,ctl,ok,0,0,-1.2,17.4
mpg,-4.0,7,qpsk-r1/5,w,9,2,1,data,ok,7,7,-1.3,17.4
mpg,-4.0,7,ack-4f,w,2,2,0,ctl,ok,0,0,-4.9,17.4
mpg,-4.0,7,qpsk-r1/5,w,9,1,,data,missed,0,0,,17.4
mpg,-4.0,7,ack-4f,w,3,3,,ctl,missed,0,0,,17.4
mpg,-4.0,7,ack-4f,w,3,3,0,ctl,ok,0,0,2.5,17.4
mpg,-4.0,7,ack-4f,w,3,3,0,ctl,ok,0,0,3.9,17.4
mpg,-4.0,7,qpsk-r1/5,w,9,2,1,data,ok,7,7,-0.4,17.4
mpg,-4.0,7,ack-4f,w,2,2,0,ctl,ok,0,0,-2.7,17.4
mpg,-4.0,7,qpsk-r1/5,w,9,1,0,data,ok,8,8,2.0,17.4
mpg,-4.0,7,ack-4f,w,2,2,0,ctl,ok,0,0,-12.2,17.4
mpg,-4.0,7,qpsk-r1/5,w,9,1,0,data,ok,8,8,-0.3,17.4
mpg,-4.0,7,ack-4f,w,2,2,0,ctl,ok,0,0,0.9,17.4
mpg,-4.0,7,qpsk-r1/5,w,9,1,0,data,ok,8,8,1.1,17.4
mpg,-4.0,7,ack-4f,w,2,2,0,ctl,ok,0,0,0.5,17.4
mpg,-4.0,7,qpsk-r1/5,w,9,1,0,data,ok,8,8,4.1,17.4
mpg,-4.0,7,ack-4f,w,3,3,0,ctl,ok,0,0,1.2,17.4
mpg,-4.0,7,qpsk-r1/2,w,9,2,1,data,ok,7,0,-0.6,17.4
mpg,-4.0,7,ack-4f,w,3,3,0,ctl,ok,0,0,1.6,17.4
mpg,-4.0,7,qpsk-r1/2,w,9,2,1,data,ok,0,0,0.9,17.4
mpg,-4.0,7,ack-4f,w,3,3,0,ctl,ctl_lost,0,0,-10.0,17.4
mpg,-4.0,7,ack-4f,w,3,3,0,ctl,ok,0,0,-5.3,17.4
mpg,-4.0,7,ack-4f,w,2,2,0,ctl,ok,0,0,-9.4,17.4
mpg,-4.0,7,qpsk-r1/5,w,9,1,0,data,ok,8,8,0.3,17.4
mpg,-4.0,7,n4-ack-8f,n4,2,2,0,ctl,ok,0,0,-9.1,17.4
mpg,-4.0,7,qpsk-r1/5,w,9,1,0,data,ok,8,8,0.1,17.4
mpg,-4.0,7,n4-ack-8f,n4,2,2,0,ctl,ok,0,0,-4.0,17.4
mpg,-4.0,7,qpsk-r1/5,w,9,1,0,data,ok,8,8,-1.3,17.4
mpg,-4.0,7,n10-ack-4f,n10,2,2,0,ctl,ok,0,0,2.5,17.4
mpg,-4.0,7,qpsk-r1/5,w,9,1,0,data,ok,8,8,-1.6,17.4
mpg,-4.0,7,ack-4f,w,2,2,0,ctl,ok,0,0,-0.6,17.4
mpg,-4.0,7,qpsk-r1/5,w,9,1,0,data,ok,8,8,-1.8,17.4
mpg,-4.0,7,ack-4f,w,2,2,0,ctl,ok,0,0,-1.1,17.4
mpg,-4.0,7,qpsk-r1/5,w,9,1,0,data,ok,8,8,-0.2,17.4
mpg,-4.0,7,ack-4f,w,2,2,0,ctl,ok,0,0,-5.9,17.4
mpg,-4.0,7,qpsk-r1/5,w,9,1,,data,missed,0,0,,17.4
mpg,-4.0,7,ack-4f,w,3,3,0,ctl,ok,0,0,3.1,17.4
mpg,-4.0,7,ack-4f,w,3,3,0,ctl,ok,0,0,2.6,17.4
mpg,-4.0,7,qpsk-r1/2,w,9,2,1,data,ok,7,0,1.5,17.4
mpg,-4.0,7,ack-4f,w,3,3,0,ctl,ok,0,0,-3.2,17.4
mpg,-4.0,7,qpsk-r1/2,w,9,2,1,data,ctl_lost,0,0,-3.2,17.4
mpg,-4.0,7,ack-4f,w,3,3,0,ctl,ok,0,0,-1.7,17.4
mpg,-4.0,7,ack-4f,w,2,2,0,ctl,ok,0,0,0.5,17.4
mpg,-4.0,7,qpsk-r1/5,w,9,1,0,data,ok,8,8,0.2,17.4
mpg,-4.0,7,ack-4f,w,2,2,0,ctl,ok,0,0,-1.9,17.4
mpg,-4.0,7,qpsk-r1/5,w,9,1,0,data,ok,8,8,0.0,17.4
mpg,-4.0,7,ack-4f,w,2,2,0,ctl,ok,0,0,-0.7,17.4
mpg,-4.0,7,qpsk-r1/5,w,9,1,0,data,ok,8,8,-0.7,17.4
mpg,-4.0,5,qpsk-r1/5,w,1,1,0,ctl,ok,0,0,0.8,16.6
mpg,-4.0,5,qpsk-r1/5,w,1,1,0,ctl,ok,0,0,2.3,16.6
mpg,-4.0,5,ack-4f,w,3,3,0,ctl,ok,0,0,-1.3,16.6
mpg,-4.0,5,ack-1f,w,3,3,,ctl,missed,0,0,,16.6
mpg,-4.0,5,ack-4f,w,3,3,0,ctl,ok,0,0,-1.4,16.6
mpg,-4.0,5,ack-4f,w,3,3,0,ctl,ok,0,0,-1.6,16.6
mpg,-4.0,5,qpsk-r1/5,w,9,2,1,data,ok,7,7,0.9,16.6
mpg,-4.0,5,ack-4f,w,3,3,0,ctl,ok,0,0,1.8,16.6
mpg,-4.0,5,qpsk-r1/3,w,9,2,1,data,ok,7,7,-0.2,16.6
mpg,-4.0,5,ack-4f,w,3,3,0,ctl,ok,0,0,-2.3,16.6
mpg,-4.0,5,qpsk-r1/3,w,9,2,1,data,ok,7,0,-2.7,16.6
mpg,-4.0,5,ack-4f,w,3,3,0,ctl,ok,0,0,0.3,16.6
mpg,-4.0,5,qpsk-r1/3,w,9,2,1,data,ok,0,0,1.1,16.6
mpg,-4.0,5,ack-4f,w,3,3,0,ctl,ok,0,0,3.3,16.6
mpg,-4.0,5,qpsk-r1/3,w,9,2,1,data,ok,7,7,1.7,16.6
mpg,-4.0,5,ack-4f,w,2,2,0,ctl,ok,0,0,-4.6,16.6
mpg,-4.0,5,qpsk-r1/3,w,9,1,0,data,ok,8,4,-0.6,16.6
mpg,-4.0,5,ack-4f,w,3,3,0,ctl,ok,0,0,3.3,16.6
mpg,-4.0,5,qpsk-r1/3,w,9,2,1,data,ok,3,0,-1.7,16.6
mpg,-4.0,5,ack-4f,w,3,3,0,ctl,ok,0,0,-4.9,16.6
mpg,-4.0,5,qpsk-r1/5,w,9,2,1,data,ok,7,7,0.4,16.6
mpg,-4.0,5,ack-4f,w,3,3,0,ctl,ok,0,0,-6.3,16.6
mpg,-4.0,5,qpsk-r1/3,w,9,2,1,data,ok,7,0,-3.3,16.6
mpg,-4.0,5,n4-ack-8f,n4,3,3,0,ctl,ok,0,0,-7.1,16.6
mpg,-4.0,5,qpsk-r1/5,w,9,2,1,data,ok,7,0,-4.5,16.6
mpg,-4.0,5,ack-4f,w,3,3,0,ctl,ctl_lost,0,0,-6.4,16.6
mpg,-4.0,5,ack-4f,w,4,4,,ctl,missed,0,0,,16.6
mpg,-4.0,5,ack-4f,w,4,4,0,ctl,ok,0,0,2.9,16.6
mpg,-4.0,5,ack-4f,w,2,2,0,ctl,ok,0,0,0.6,16.6
mpg,-4.0,5,qpsk-r1/5,w,9,1,0,data,ctl_lost,8,0,-3.5,16.6
mpg,-4.0,5,ack-4f,w,3,3,0,ctl,ok,0,0,-0.9,16.6
mpg,-4.0,5,ack-4f,w,2,2,0,ctl,ok,0,0,-0.8,16.6
mpg,-4.0,5,fsk32r62-r1/2,c32r62,9,1,,data,missed,0,0,,16.6
mpg,-4.0,5,ack-4f,w,4,4,0,ctl,ok,0,0,-1.9,16.6
mpg,-4.0,5,ack-4f,w,2,2,0,ctl,ok,0,0,2.0,16.6
mpg,-4.0,5,fsk32r62-r1/2,c32r62,9,1,0,data,ok,8,8,-1.4,16.6
mpg,-4.0,5,ack-4f,w,2,2,0,ctl,ok,0,0,-1.8,16.6
mpg,-4.0,5,fsk32r62-r1/2,c32r62,9,1,0,data,ok,8,8,0.3,16.6
mpg,-4.0,5,ack-4f,w,3,3,0,ctl,ok,0,0,-2.9,16.6
mpg,-4.0,5,qpsk-r1/5,w,9,2,1,data,ok,7,7,1.6,16.6
mpg,-4.0,5,ack-4f,w,3,3,0,ctl,ok,0,0,2.9,16.6
mpg,-4.0,5,qpsk-r1/3,w,9,2,1,data,ok,7,6,-0.2,16.6
mpg,-4.0,5,ack-4f,w,3,3,0,ctl,ctl_lost,0,0,-8.0,16.6
mpg,-4.0,5,ack-4f,w,3,3,0,ctl,ok,0,0,4.2,16.6
mpg,-4.0,5,ack-4f,w,3,3,0,ctl,ok,0,0,5.7,16.6
mpg,-4.0,5,qpsk-r1/3,w,9,1,0,data,ok,8,8,1.9,16.6
mpg,-4.0,5,ack-1f,w,3,3,0,ctl,ok,0,0,3.1,16.6
mpg,-4.0,5,qpsk-r1/2,w,9,2,1,data,ok,7,0,-0.0,16.6
mpg,-4.0,5,ack-1f,w,2,2,0,ctl,ctl_lost,0,0,-4.6,16.6
mpg,-4.0,5,ack-4f,w,3,3,,ctl,missed,0,0,,16.6
mpg,-4.0,5,ack-4f,w,3,3,0,ctl,ok,0,0,-1.0,16.6
mpg,-4.0,5,ack-4f,w,2,2,0,ctl,ok,0,0,0.5,16.6
mpg,-4.0,5,qpsk-r1/3,w,9,1,0,data,ok,8,8,-0.4,16.6
mpg,-4.0,5,ack-4f,w,3,3,0,ctl,ok,0,0,0.4,16.6
mpg,-4.0,5,qpsk-r1/3,w,9,2,1,data,ok,7,3,-0.8,16.6
mpg,-4.0,5,ack-4f,w,3,3,0,ctl,ok,0,0,-2.3,16.6
mpg,-4.0,5,qpsk-r1/3,w,9,1,0,data,ok,4,4,-0.2,16.6
mpg,-4.0,5,ack-4f,w,2,2,0,ctl,ok,0,0,1.5,16.6
mpg,-4.0,5,qpsk-r1/3,w,9,1,0,data,ctl_lost,8,0,-1.8,16.6
mpg,-4.0,5,ack-4f,w,3,3,0,ctl,ok,0,0,-2.7,16.6
mpg,-4.0,5,ack-4f,w,3,3,0,ctl,ok,0,0,-1.7,16.6
mpg,-4.0,5,qpsk-r1/3,w,9,2,1,data,ok,7,7,1.3,16.6
mpg,-4.0,5,ack-4f,w,3,3,0,ctl,ok,0,0,4.0,16.6
mpg,-4.0,5,qpsk-r1/3,w,9,2,1,data,ok,7,7,0.3,16.6
mpg,-4.0,5,ack-4f,w,2,2,0,ctl,ok,0,0,-0.2,16.6
mpg,-4.0,5,qpsk-r1/3,w,9,1,0,data,ctl_lost,8,0,-3.8,16.6
mpg,-4.0,5,ack-4f,w,3,3,0,ctl,ok,0,0,-4.8,16.6
mpg,-4.0,5,ack-4f,w,2,2,0,ctl,ok,0,0,1.1,16.6
mpg,-4.0,5,fsk32r62-r1/2,c32r62,9,1,0,data,ok,8,8,0.5,16.6
mpg,-4.0,5,ack-4f,w,3,3,0,ctl,ok,0,0,2.1,16.6
mpg,-4.0,5,qpsk-r1/5,w,9,2,1,data,ok,7,7,-0.9,16.6
mpg,-4.0,5,ack-4f,w,3,3,0,ctl,ok,0,0,-2.6,16.6
mpg,-4.0,5,qpsk-r1/5,w,9,2,1,data,ok,7,7,0.9,16.6
mpg,-4.0,5,ack-4f,w,3,3,0,ctl,ok,0,0,0.5,16.6
mpg,-4.0,5,qpsk-r1/3,w,9,2,1,data,ok,7,7,2.3,16.6
mpg,-4.0,5,ack-4f,w,3,3,0,ctl,ok,0,0,-1.9,16.6
mpg,-4.0,5,qpsk-r1/3,w,9,2,,data,missed,0,0,,16.6
mpg,-4.0,5,ack-4f,w,3,3,0,ctl,ok,0,0,-6.1,16.6
mpg,-4.0,5,ack-4f,w,3,3,0,ctl,ok,0,0,-4.1,16.6
mpg,-4.0,5,qpsk-r1/3,w,9,2,1,data,ok,7,3,0.1,16.6
mpg,-4.0,5,ack-4f,w,3,3,,ctl,missed,0,0,,16.6
mpg,-4.0,5,ack-4f,w,3,3,0,ctl,ok,0,0,-1.4,16.6
mpg,-4.0,5,ack-4f,w,3,3,0,ctl,ok,0,0,-1.5,16.6
mpg,-4.0,5,qpsk-r1/3,w,9,2,1,data,ok,7,7,2.8,16.6
mpg,-4.0,5,ack-4f,w,2,2,0,ctl,ok,0,0,-1.7,16.6
mpg,-4.0,5,qpsk-r1/3,w,9,1,0,data,ctl_lost,8,0,-4.1,16.6
mpg,-4.0,6,qpsk-r1/5,w,1,1,0,ctl,ok,0,0,-1.6,17.4
mpg,-4.0,6,qpsk-r1/5,w,1,1,0,ctl,ok,0,0,-1.9,17.4
mpg,-4.0,6,ack-4f,w,3,3,0,ctl,ctl_lost,0,0,-8.4,17.4
mpg,-4.0,6,ack-4f,w,3,3,0,ctl,ok,0,0,2.2,17.4
mpg,-4.0,6,ack-4f,w,3,3,0,ctl,ok,0,0,0.2,17.4
mpg,-4.0,6,qpsk-r1/3,w,9,2,1,data,ok,7,6,-0.4,17.4
mpg,-4.0,6,ack-4f,w,3,3,0,ctl,ok,0,0,-5.5,17.4
mpg,-4.0,6,qpsk-r1/3,w,9,2,1,data,ok,6,6,0.2,17.4
mpg,-4.0,6,ack-4f,w,3,3,0,ctl,ok,0,0,-1.2,17.4
mpg,-4.0,6,qpsk-r1/3,w,9,2,1,data,ok,7,0,-5.0,17.4
mpg,-4.0,6,ack-4f,w,3,3,0,ctl,ok,0,0,-4.1,17.4
mpg,-4.0,6,qpsk-r1/3,w,9,2,1,data,ok,0,0,-0.7,17.4
mpg,-4.0,6,ack-4f,w,3,3,0,ctl,ok,0,0,-4.4,17.4
mpg,-4.0,6,qpsk-r1/3,w,9,2,1,data,ok,7,7,-0.2,17.4
mpg,-4.0,6,ack-4f,w,3,3,0,ctl,ok,0,0,-3.5,17.4
mpg,-4.0,6,qpsk-r1/3,w,9,2,1,data,ok,7,0,-2.5,17.4
mpg,-4.0,6,ack-4f,w,3,3,0,ctl,ok,0,0,0.6,17.4
mpg,-4.0,6,qpsk-r1/3,w,9,2,1,data,ok,0,0,-2.1,17.4
mpg,-4.0,6,ack-4f,w,3,3,0,ctl,ok,0,0,-2.0,17.4
mpg,-4.0,6,qpsk-r1/3,w,9,2,1,data,ok,7,0,-2.0,17.4
mpg,-4.0,6,ack-4f,w,3,3,0,ctl,ok,0,0,-2.2,17.4
mpg,-4.0,6,qpsk-r1/3,w,9,2,1,data,ok,0,0,-2.0,17.4
mpg,-4.0,6,ack-4f,w,3,3,0,ctl,ok,0,0,-0.5,17.4
mpg,-4.0,6,qpsk-r1/3,w,9,2,1,data,ok,7,0,-1.3,17.4
mpg,-4.0,6,ack-4f,w,3,3,0,ctl,ok,0,0,2.9,17.4
mpg,-4.0,6,qpsk-r1/5,w,9,2,1,data,ok,7,7,0.0,17.4
mpg,-4.0,6,ack-4f,w,3,3,0,ctl,ok,0,0,4.0,17.4
mpg,-4.0,6,qpsk-r1/5,w,9,2,1,data,ok,7,7,5.0,17.4
mpg,-4.0,6,ack-4f,w,2,2,0,ctl,ok,0,0,1.6,17.4
mpg,-4.0,6,qpsk-r1/3,w,9,1,0,data,ctl_lost,8,5,-1.5,17.4
mpg,-4.0,6,ack-4f,w,3,3,0,ctl,ok,0,0,2.0,17.4
mpg,-4.0,6,ack-4f,w,3,3,0,ctl,ok,0,0,-1.5,17.4
mpg,-4.0,6,qpsk-r1/3,w,9,2,,data,missed,0,0,,17.4
mpg,-4.0,6,ack-4f,w,3,3,0,ctl,ok,0,0,4.7,17.4
mpg,-4.0,6,ack-4f,w,3,3,0,ctl,ok,0,0,5.2,17.4
mpg,-4.0,6,qpsk-r1/2,w,9,2,1,data,ctl_lost,7,0,-1.8,17.4
mpg,-4.0,6,ack-4f,w,4,4,0,ctl,ok,0,0,-1.0,17.4
mpg,-4.0,6,ack-4f,w,3,3,0,ctl,ok,0,0,1.5,17.4
mpg,-4.0,6,qpsk-r1/5,w,9,2,1,data,ok,7,7,0.3,17.4
mpg,-4.0,6,ack-4f,w,2,2,0,ctl,ok,0,0,-3.2,17.4
mpg,-4.0,6,qpsk-r1/5,w,9,1,,data,missed,0,0,,17.4
mpg,-4.0,6,ack-4f,w,3,3,0,ctl,ok,0,0,-3.4,17.4
mpg,-4.0,6,ack-4f,w,3,3,0,ctl,ok,0,0,-5.5,17.4
mpg,-4.0,6,qpsk-r1/5,w,9,2,1,data,ok,7,7,1.1,17.4
mpg,-4.0,6,ack-4f,w,2,2,0,ctl,ok,0,0,1.3,17.4
mpg,-4.0,6,qpsk-r1/5,w,9,1,0,data,ok,8,8,0.4,17.4
mpg,-4.0,6,ack-4f,w,2,2,0,ctl,ok,0,0,-0.8,17.4
mpg,-4.0,6,qpsk-r1/5,w,9,1,0,data,ok,8,8,1.1,17.4
mpg,-4.0,6,ack-4f,w,2,2,0,ctl,ok,0,0,-1.3,17.4
mpg,-4.0,6,qpsk-r1/5,w,9,1,0,data,ok,8,8,-2.2,17.4
mpg,-4.0,6,ack-4f,w,2,2,0,ctl,ok,0,0,1.4,17.4
mpg,-4.0,6,qpsk-r1/5,w,9,1,0,data,ok,8,8,-0.7,17.4
mpg,-4.0,6,ack-4f,w,2,2,0,ctl,ok,0,0,-3.2,17.4
mpg,-4.0,6,qpsk-r1/5,w,9,1,0,data,ok,8,8,-0.5,17.4
mpg,-4.0,6,ack-4f,w,2,2,0,ctl,ok,0,0,2.4,17.4
mpg,-4.0,6,qpsk-r1/5,w,9,1,0,data,ok,8,8,0.3,17.4
mpg,-4.0,6,ack-4f,w,2,2,0,ctl,ok,0,0,-4.1,17.4
mpg,-4.0,6,qpsk-r1/5,w,9,1,,data,missed,0,0,,17.4
mpg,-4.0,6,ack-4f,w,3,3,0,ctl,ok,0,0,0.7,17.4
mpg,-4.0,6,ack-4f,w,2,2,0,ctl,ok,0,0,2.8,17.4
mpg,-4.0,6,qpsk-r1/5,w,9,1,0,data,ok,8,8,1.7,17.4
mpg,-4.0,6,ack-4f,w,2,2,0,ctl,ok,0,0,-1.7,17.4
mpg,-4.0,6,qpsk-r1/3,w,9,1,0,data,ctl_lost,8,0,-4.3,17.4
mpg,-4.0,6,ack-4f,w,3,3,0,ctl,ok,0,0,3.4,17.4
mpg,-4.0,6,ack-4f,w,2,2,0,ctl,ok,0,0,-4.2,17.4
mpg,-4.0,6,qpsk-r1/5,w,9,1,0,data,ok,8,8,-3.0,17.4
mpg,-4.0,6,ack-4f,w,2,2,0,ctl,ok,0,0,0.4,17.4
mpg,-4.0,6,qpsk-r1/5,w,9,1,0,data,ctl_lost,8,1,-4.2,17.4
mpg,-4.0,6,ack-4f,w,3,3,0,ctl,ok,0,0,-3.8,17.4
mpg,-4.0,6,ack-4f,w,3,3,0,ctl,ok,0,0,-0.3,17.4
mpg,-4.0,6,qpsk-r1/5,w,9,2,1,data,ok,7,7,1.4,17.4
mpg,-4.0,6,ack-4f,w,2,2,0,ctl,ok,0,0,0.9,17.4
mpg,-4.0,6,qpsk-r1/5,w,9,1,0,data,ok,8,8,-1.7,17.4
mpg,-4.0,6,ack-4f,w,2,2,0,ctl,ok,0,0,3.5,17.4
mpg,-4.0,6,qpsk-r1/5,w,9,1,0,data,ok,8,8,2.5,17.4
mpg,-4.0,6,ack-4f,w,2,2,0,ctl,ok,0,0,-7.4,17.4
mpg,-4.0,6,qpsk-r1/5,w,9,1,0,data,ok,8,8,1.7,17.4
mpg,-4.0,6,ack-4f,w,3,3,0,ctl,ok,0,0,5.4,17.4
mpg,-4.0,6,w48-qpsk-r1/5,w48,19,2,1,data,ok,17,1,-1.5,17.4
mpg,-4.0,6,ack-4f,w,3,3,0,ctl,ok,0,0,-0.5,17.4
mpg,-4.0,6,w48-qpsk-r1/5,w48,19,2,1,data,ok,1,0,-1.6,17.4
mpg,-4.0,6,ack-4f,w,3,3,0,ctl,ok,0,0,-1.2,17.4
mpg,-4.0,6,w48-qpsk-r1/5,w48,19,2,1,data,ctl_lost,16,0,-3.8,17.4
mpg,-4.0,6,ack-4f,w,3,3,0,ctl,ok,0,0,2.5,17.4
mpg,-4.0,6,ack-4f,w,2,2,0,ctl,ok,0,0,0.3,17.4
mpg,-4.0,6,qpsk-r1/5,w,9,1,0,data,ok,8,8,-0.5,17.4
mpg,-4.0,6,ack-4f,w,2,2,0,ctl,ok,0,0,0.8,17.4
mpg,-4.0,6,qpsk-r1/5,w,9,1,0,data,ok,8,8,-0.1,17.4
mpg,-4.0,6,ack-4f,w,2,2,0,ctl,ok,0,0,2.5,17.4
mpg,-4.0,6,qpsk-r1/5,w,9,1,0,data,ok,8,8,1.5,17.4
mpg,-4.0,6,ack-4f,w,2,2,0,ctl,ok,0,0,-0.2,17.4
mpg,-4.0,6,qpsk-r1/5,w,9,1,0,data,ok,8,8,0.5,17.4
mpg,-4.0,9,qpsk-r1/5,w,1,1,0,ctl,ok,0,0,4.1,14.9
mpg,-4.0,9,qpsk-r1/5,w,1,1,0,ctl,ok,0,0,4.0,14.9
mpg,-4.0,9,ack-4f,w,3,3,0,ctl,ok,0,0,-2.6,14.9
mpg,-4.0,9,ack-1f,w,3,3,0,ctl,ctl_lost,0,0,-3.1,14.9
mpg,-4.0,9,ack-4f,w,3,3,0,ctl,ok,0,0,0.8,14.9
mpg,-4.0,9,ack-4f,w,3,3,0,ctl,ok,0,0,0.5,14.9
mpg,-4.0,9,qpsk-r1/5,w,9,2,1,data,ok,7,0,-5.2,14.9
mpg,-4.0,9,ack-4f,w,3,3,,ctl,missed,0,0,,14.9
mpg,-4.0,9,ack-4f,w,3,3,0,ctl,ok,0,0,-1.0,14.9
mpg,-4.0,9,ack-4f,w,3,3,0,ctl,ok,0,0,1.7,14.9
mpg,-4.0,9,qpsk-r1/5,w,9,2,1,data,ok,7,7,-1.8,14.9
mpg,-4.0,9,ack-4f,w,3,3,0,ctl,ok,0,0,-1.3,14.9
mpg,-4.0,9,qpsk-r1/5,w,9,2,1,data,ok,7,7,-1.5,14.9
mpg,-4.0,9,ack-4f,w,3,3,0,ctl,ok,0,0,-4.5,14.9
mpg,-4.0,9,qpsk-r1/5,w,9,2,1,data,ok,7,7,-0.1,14.9
mpg,-4.0,9,ack-4f,w,3,3,0,ctl,ok,0,0,0.5,14.9
mpg,-4.0,9,qpsk-r1/3,w,9,2,1,data,ctl_lost,7,0,-6.4,14.9
mpg,-4.0,9,ack-4f,w,3,3,0,ctl,ok,0,0,-1.5,14.9
mpg,-4.0,9,ack-4f,w,3,3,0,ctl,ok,0,0,4.0,14.9
mpg,-4.0,9,qpsk-r1/5,w,9,2,1,data,ok,7,7,1.3,14.9
mpg,-4.0,9,ack-4f,w,2,2,0,ctl,ok,0,0,2.3,14.9
mpg,-4.0,9,qpsk-r1/5,w,9,1,0,data,ok,8,8,0.7,14.9
mpg,-4.0,9,ack-4f,w,2,2,0,ctl,ok,0,0,-2.6,14.9
mpg,-4.0,9,qpsk-r1/5,w,9,1,0,data,ok,8,8,-2.3,14.9
mpg,-4.0,9,ack-4f,w,2,2,0,ctl,ok,0,0,-0.5,14.9
mpg,-4.0,9,qpsk-r1/5,w,9,1,0,data,ctl_lost,8,3,-1.4,14.9
mpg,-4.0,9,ack-4f,w,3,3,0,ctl,ctl_lost,0,0,-5.5,14.9
mpg,-4.0,9,ack-4f,w,3,3,,ctl,missed,0,0,,14.9
mpg,-4.0,9,ack-4f,w,3,3,0,ctl,ok,0,0,-0.7,14.9
mpg,-4.0,9,ack-4f,w,3,3,0,ctl,ok,0,0,-0.3,14.9
mpg,-4.0,9,fsk32r62-r1/2,c32r62,10,2,1,data,ok,8,7,-0.7,14.9
mpg,-4.0,9,ack-4f,w,3,3,0,ctl,ok,0,0,-2.9,14.9
mpg,-4.0,9,fsk32r62-r1/2,c32r62,9,1,0,data,ok,7,4,-2.4,14.9
mpg,-4.0,9,ack-4f,w,3,3,0,ctl,ok,0,0,-3.7,14.9
mpg,-4.0,9,fsk32r62-r1/2,c32r62,9,1,0,data,ok,5,5,-1.3,14.9
mpg,-4.0,9,ack-4f,w,3,3,0,ctl,ok,0,0,0.1,14.9
mpg,-4.0,9,qpsk-r1/5,w,9,2,1,data,ok,7,7,0.5,14.9
mpg,-4.0,9,ack-4f,w,3,3,,ctl,missed,0,0,,14.9
mpg,-4.0,9,ack-4f,w,3,3,0,ctl,ok,0,0,-7.5,14.9
mpg,-4.0,9,ack-4f,w,3,3,0,ctl,ok,0,0,-0.9,14.9
mpg,-4.0,9,qpsk-r1/5,w,9,2,1,data,ok,7,7,0.3,14.9
mpg,-4.0,9,ack-4f,w,3,3,,ctl,missed,0,0,,14.9
mpg,-4.0,9,ack-4f,w,3,3,0,ctl,ok,0,0,0.9,14.9
mpg,-4.0,9,ack-4f,w,2,2,0,ctl,ok,0,0,-4.8,14.9
mpg,-4.0,9,qpsk-r1/5,w,9,1,0,data,ctl_lost,8,0,-5.6,14.9
mpg,-4.0,9,ack-4f,w,3,3,0,ctl,ok,0,0,3.4,14.9
mpg,-4.0,9,ack-4f,w,3,3,0,ctl,ok,0,0,4.0,14.9
mpg,-4.0,9,qpsk-r1/5,w,9,2,1,data,ok,7,7,0.1,14.9
mpg,-4.0,9,ack-4f,w,3,3,0,ctl,ok,0,0,-6.6,14.9
mpg,-4.0,9,qpsk-r1/5,w,9,2,,data,missed,0,0,,14.9
mpg,-4.0,9,ack-4f,w,3,3,0,ctl,ok,0,0,-1.7,14.9
mpg,-4.0,9,ack-4f,w,3,3,0,ctl,ok,0,0,1.3,14.9
mpg,-4.0,9,qpsk-r1/5,w,9,2,1,data,ok,7,7,-0.3,14.9
mpg,-4.0,9,ack-4f,w,3,3,0,ctl,ok,0,0,-0.0,14.9
mpg,-4.0,9,qpsk-r1/5,w,9,2,1,data,ok,7,7,-2.3,14.9
mpg,-4.0,9,ack-4f,w,3,3,0,ctl,ok,0,0,2.6,14.9
mpg,-4.0,9,qpsk-r1/5,w,9,2,1,data,ok,7,0,-3.9,14.9
mpg,-4.0,9,ack-4f,w,2,2,0,ctl,ok,0,0,-9.6,14.9
mpg,-4.0,9,fsk32r62-r1/2,c32r62,9,1,0,data,ok,8,8,0.3,14.9
mpg,-4.0,9,ack-4f,w,3,3,0,ctl,ok,0,0,-4.3,14.9
mpg,-4.0,9,qpsk-r1/5,w,9,2,1,data,ok,7,7,-0.4,14.9
mpg,-4.0,9,ack-4f,w,3,3,0,ctl,ok,0,0,1.5,14.9
mpg,-4.0,9,qpsk-r1/5,w,9,2,1,data,ok,7,6,-3.4,14.9
mpg,-4.0,9,ack-4f,w,3,3,0,ctl,ok,0,0,-2.6,14.9
mpg,-4.0,9,qpsk-r1/5,w,9,2,1,data,ok,6,6,-1.4,14.9
mpg,-4.0,9,ack-4f,w,3,3,0,ctl,ok,0,0,2.8,14.9
mpg,-4.0,9,qpsk-r1/5,w,9,2,1,data,ok,7,7,-0.3,14.9
mpg,-4.0,9,ack-4f,w,2,2,0,ctl,ok,0,0,3.7,14.9
mpg,-4.0,9,qpsk-r1/5,w,9,1,0,data,ok,8,8,3.2,14.9
mpg,-4.0,9,ack-4f,w,3,3,0,ctl,ok,0,0,0.3,14.9
mpg,-4.0,9,qpsk-r1/3,w,9,2,1,data,ok,7,0,-1.8,14.9
mpg,-4.0,9,ack-4f,w,3,3,0,ctl,ok,0,0,-1.8,14.9
mpg,-4.0,9,qpsk-r1/3,w,9,2,1,data,ok,0,0,-2.5,14.9
mpg,-4.0,9,ack-4f,w,3,3,0,ctl,ctl_lost,0,0,-6.8,14.9
mpg,-4.0,9,ack-4f,w,3,3,0,ctl,ok,0,0,-0.8,14.9
mpg,-4.0,9,ack-4f,w,3,3,0,ctl,ok,0,0,-8.9,14.9
mpg,-4.0,9,qpsk-r1/5,w,9,2,1,data,ok,7,7,-2.1,14.9
mpg,-4.0,9,n4-ack-8f,n4,2,2,0,ctl,ok,0,0,-2.4,14.9
mpg,-4.0,9,qpsk-r1/5,w,9,1,0,data,ok,8,8,-0.3,14.9
mpg,-4.0,9,ack-4f,w,2,2,0,ctl,ok,0,0,2.4,14.9
mpg,-4.0,9,qpsk-r1/5,w,9,1,0,data,ok,8,8,-2.9,14.9
mpg,-4.0,9,ack-4f,w,2,2,0,ctl,ok,0,0,0.1,14.9
mpg,-4.0,9,qpsk-r1/5,w,9,1,0,data,ok,8,8,-0.5,14.9
mpg,-4.0,9,ack-4f,w,2,2,0,ctl,ok,0,0,-0.9,14.9
mpg,-4.0,9,qpsk-r1/5,w,9,1,0,data,ok,8,8,-0.1,14.9
mpg,-4.0,9,ack-4f,w,2,2,0,ctl,ok,0,0,-3.4,14.9
mpg,-4.0,9,qpsk-r1/5,w,9,1,0,data,ok,8,8,-2.2,14.9
mpg,-4.0,8,qpsk-r1/5,w,1,1,0,ctl,ok,0,0,-0.5,19.1
mpg,-4.0,8,qpsk-r1/5,w,1,1,0,ctl,ok,0,0,-1.2,19.1
mpg,-4.0,8,ack-4f,w,3,3,0,ctl,ok,0,0,-3.3,19.1
mpg,-4.0,8,ack-4f,w,3,3,0,ctl,ok,0,0,1.5,19.1
mpg,-4.0,8,qpsk-r1/5,w,9,2,1,data,ok,7,2,-1.8,19.1
mpg,-4.0,8,ack-4f,w,3,3,0,ctl,ok,0,0,-4.9,19.1
mpg,-4.0,8,qpsk-r1/5,w,9,2,1,data,ok,2,0,-4.1,19.1
mpg,-4.0,8,ack-4f,w,3,3,0,ctl,ok,0,0,-4.0,19.1
mpg,-4.0,8,qpsk-r1/5,w,9,2,1,data,ok,5,5,1.1,19.1
mpg,-4.0,8,ack-4f,w,3,3,0,ctl,ok,0,0,4.3,19.1
mpg,-4.0,8,qpsk-r1/3,w,9,2,1,data,ok,7,7,0.5,19.1
mpg,-4.0,8,ack-4f,w,3,3,0,ctl,ok,0,0,3.2,19.1
mpg,-4.0,8,qpsk-r1/3,w,9,2,1,data,ok,7,7,1.6,19.1
mpg,-4.0,8,ack-1f,w,3,3,0,ctl,ok,0,0,-6.0,19.1
mpg,-4.0,8,qpsk-r1/3,w,9,2,1,data,ok,7,7,-0.2,19.1
mpg,-4.0,8,ack-4f,w,3,3,0,ctl,ok,0,0,-4.1,19.1
mpg,-4.0,8,qpsk-r1/3,w,9,2,1,data,ok,7,0,-1.1,19.1
mpg,-4.0,8,ack-4f,w,3,3,0,ctl,ok,0,0,-0.0,19.1
mpg,-4.0,8,qpsk-r1/3,w,9,2,1,data,ok,0,0,-2.6,19.1
mpg,-4.0,8,ack-4f,w,3,3,0,ctl,ok,0,0,-0.7,19.1
mpg,-4.0,8,qpsk-r1/3,w,9,2,1,data,ok,7,4,0.2,19.1
mpg,-4.0,8,ack-4f,w,3,3,0,ctl,ok,0,0,0.2,19.1
mpg,-4.0,8,qpsk-r1/3,w,9,2,1,data,ctl_lost,4,0,-5.5,19.1
mpg,-4.0,8,ack-4f,w,3,3,0,ctl,ok,0,0,0.3,19.1
mpg,-4.0,8,ack-4f,w,3,3,0,ctl,ok,0,0,1.7,19.1
mpg,-4.0,8,qpsk-r1/3,w,9,2,1,data,ok,4,2,-0.8,19.1
mpg,-4.0,8,ack-4f,w,3,3,0,ctl,ok,0,0,1.2,19.1
mpg,-4.0,8,qpsk-r1/3,w,9,2,1,data,ok,5,5,4.1,19.1
mpg,-4.0,8,ack-4f,w,2,2,0,ctl,ok,0,0,5.1,19.1
mpg,-4.0,8,qpsk-r1/3,w,9,1,0,data,ok,8,8,-0.3,19.1
mpg,-4.0,8,ack-1f,w,2,2,0,ctl,ok,0,0,2.1,19.1
mpg,-4.0,8,qpsk-r1/3,w,9,1,0,data,ok,8,6,-0.6,19.1
mpg,-4.0,8,ack-1f,w,3,3,0,ctl,ok,0,0,1.7,19.1
mpg,-4.0,8,qpsk-r1/3,w,9,2,1,data,ctl_lost,5,0,-5.0,19.1
mpg,-4.0,8,ack-4f,w,3,3,,ctl,missed,0,0,,19.1
mpg,-4.0,8,ack-4f,w,3,3,0,ctl,ok,0,0,0.2,19.1
mpg,-4.0,8,ack-4f,w,3,3,0,ctl,ok,0,0,-2.0,19.1
mpg,-4.0,8,qpsk-r1/3,w,9,2,1,data,ok,5,5,0.7,19.1
mpg,-4.0,8,ack-4f,w,3,3,0,ctl,ok,0,0,-0.5,19.1
mpg,-4.0,8,qpsk-r1/3,w,9,2,1,data,ok,7,0,-5.3,19.1
mpg,-4.0,8,ack-4f,w,3,3,0,ctl,ok,0,0,2.9,19.1
mpg,-4.0,8,qpsk-r1/5,w,9,2,1,data,ok,7,7,1.9,19.1
mpg,-4.0,8,ack-4f,w,3,3,0,ctl,ok,0,0,-0.2,19.1
mpg,-4.0,8,qpsk-r1/3,w,9,2,1,data,ok,7,7,2.4,19.1
mpg,-4.0,8,ack-4f,w,3,3,0,ctl,ok,0,0,0.2,19.1
mpg,-4.0,8,qpsk-r1/2,w,9,2,1,data,ok,7,7,2.1,19.1
mpg,-4.0,8,ack-4f,w,3,3,0,ctl,ok,0,0,-0.1,19.1
mpg,-4.0,8,qpsk-r1/2,w,9,2,1,data,ok,7,0,-0.9,19.1
mpg,-4.0,8,ack-4f,w,3,3,0,ctl,ok,0,0,-0.2,19.1
mpg,-4.0,8,qpsk-r1/3,w,9,2,1,data,ok,7,7,0.2,19.1
mpg,-4.0,8,ack-4f,w,3,3,0,ctl,ok,0,0,2.9,19.1
mpg,-4.0,8,qpsk-r1/3,w,9,2,1,data,ok,7,0,-3.0,19.1
mpg,-4.0,8,ack-4f,w,2,2,0,ctl,ok,0,0,-3.5,19.1
mpg,-4.0,8,qpsk-r1/5,w,9,1,0,data,ok,8,5,-4.8,19.1
mpg,-4.0,8,ack-4f,w,3,3,0,ctl,ok,0,0,-1.5,19.1
mpg,-4.0,8,qpsk-r1/5,w,9,2,1,data,ok,4,4,-2.1,19.1
mpg,-4.0,8,ack-4f,w,2,2,0,ctl,ok,0,0,-0.4,19.1
mpg,-4.0,8,qpsk-r1/5,w,9,1,0,data,ok,8,8,-0.8,19.1
mpg,-4.0,8,ack-4f,w,2,2,0,ctl,ok,0,0,-1.5,19.1
mpg,-4.0,8,qpsk-r1/5,w,9,1,0,data,ok,8,8,0.8,19.1
mpg,-4.0,8,ack-4f,w,3,3,0,ctl,ok,0,0,-1.4,19.1
mpg,-4.0,8,qpsk-r1/3,w,9,2,1,data,ok,7,0,-3.1,19.1
mpg,-4.0,8,ack-4f,w,2,2,0,ctl,ok,0,0,-2.6,19.1
mpg,-4.0,8,qpsk-r1/5,w,9,1,0,data,ok,8,8,1.1,19.1
mpg,-4.0,8,ack-4f,w,2,2,0,ctl,ok,0,0,2.3,19.1
mpg,-4.0,8,qpsk-r1/5,w,9,1,0,data,ok,8,8,1.7,19.1
mpg,-4.0,8,ack-4f,w,3,3,0,ctl,ok,0,0,-4.9,19.1
mpg,-4.0,8,qpsk-r1/2,w,9,2,1,data,ok,7,0,-0.5,19.1
mpg,-4.0,8,ack-4f,w,2,2,0,ctl,ok,0,0,-1.3,19.1
mpg,-4.0,8,qpsk-r1/5,w,9,1,0,data,ctl_lost,8,0,-7.4,19.1
mpg,-4.0,8,ack-4f,w,4,4,0,ctl,ctl_lost,0,0,-4.6,19.1
mpg,-4.0,8,ack-4f,w,4,4,0,ctl,ok,0,0,0.8,19.1
mpg,-4.0,8,ack-4f,w,3,3,0,ctl,ok,0,0,-6.7,19.1
mpg,-4.0,8,qpsk-r1/5,w,9,2,1,data,ok,7,7,0.4,19.1
mpg,-4.0,8,ack-4f,w,2,2,0,ctl,ok,0,0,-2.1,19.1
mpg,-4.0,8,qpsk-r1/5,w,9,1,0,data,ok,8,6,-2.2,19.1
mpg,-4.0,8,ack-4f,w,3,3,0,ctl,ok,0,0,-4.3,19.1
mpg,-4.0,8,qpsk-r1/5,w,9,1,0,data,ok,6,6,0.3,19.1
mpg,-4.0,8,ack-4f,w,2,2,0,ctl,ok,0,0,-3.6,19.1
mpg,-4.0,8,qpsk-r1/5,w,9,1,0,data,ctl_lost,8,0,-6.0,19.1
mpg,-4.0,8,ack-4f,w,3,3,0,ctl,ok,0,0,-1.2,19.1
mpg,-4.0,8,ack-4f,w,3,3,0,ctl,ok,0,0,-2.7,19.1
mpg,-4.0,8,qpsk-r1/5,w,9,2,1,data,ok,7,7,-1.4,19.1
mpg,-4.0,8,ack-4f,w,3,3,0,ctl,ok,0,0,2.2,19.1
mpg,-4.0,8,qpsk-r1/5,w,9,2,1,data,ok,7,7,1.5,19.1
mpg,-4.0,8,ack-4f,w,2,2,0,ctl,ok,0,0,-2.0,19.1
mpg,-4.0,8,qpsk-r1/3,w,9,1,0,data,ctl_lost,8,0,-0.1,19.1
mpg,-4.0,8,ack-4f,w,3,3,0,ctl,ok,0,0,1.5,19.1
mpg,-4.0,8,ack-4f,w,2,2,0,ctl,ok,0,0,-2.0,19.1
mpg,-4.0,8,qpsk-r1/5,w,9,1,0,data,ok,8,5,-1.6,19.1
mpg,-4.0,8,ack-4f,w,3,3,0,ctl,ok,0,0,1.9,19.1
mpg,-4.0,8,qpsk-r1/5,w,9,2,1,data,ok,4,4,1.2,19.1
mpg,-4.0,11,qpsk-r1/5,w,1,1,0,ctl,ok,0,0,2.8,14.0
mpg,-4.0,11,qpsk-r1/5,w,1,1,0,ctl,ok,0,0,1.0,14.0
mpg,-4.0,11,ack-4f,w,3,3,0,ctl,ctl_lost,0,0,-7.5,14.0
mpg,-4.0,11,ack-4f,w,3,3,0,ctl,ok,0,0,0.4,14.0
mpg,-4.0,11,ack-4f,w,3,3,0,ctl,ok,0,0,-3.5,14.0
mpg,-4.0,11,qpsk-r1/5,w,9,2,1,data,ok,7,7,-1.2,14.0
mpg,-4.0,11,ack-4f,w,3,3,0,ctl,ok,0,0,-1.3,14.0
mpg,-4.0,11,qpsk-r1/5,w,9,2,1,data,ok,7,7,1.5,14.0
mpg,-4.0,11,ack-4f,w,3,3,0,ctl,ok,0,0,1.3,14.0
mpg,-4.0,11,qpsk-r1/3,w,9,2,1,data,ok,7,7,1.1,14.0
mpg,-4.0,11,ack-4f,w,3,3,0,ctl,ok,0,0,3.8,14.0
mpg,-4.0,11,qpsk-r1/3,w,9,2,1,data,ok,7,7,1.5,14.0
mpg,-4.0,11,ack-4f,w,3,3,0,ctl,ok,0,0,1.5,14.0
mpg,-4.0,11,qpsk-r1/3,w,9,2,1,data,ctl_lost,7,0,-6.3,14.0
mpg,-4.0,11,ack-4f,w,3,3,0,ctl,ok,0,0,-4.4,14.0
mpg,-4.0,11,ack-4f,w,3,3,0,ctl,ok,0,0,1.2,14.0
mpg,-4.0,11,qpsk-r1/5,w,9,2,1,data,ok,7,7,-0.1,14.0
mpg,-4.0,11,ack-4f,w,2,2,0,ctl,ok,0,0,-0.9,14.0
mpg,-4.0,11,qpsk-r1/5,w,9,1,0,data,ok,8,8,1.3,14.0
mpg,-4.0,11,ack-4f,w,2,2,,ctl,missed,0,0,,14.0
mpg,-4.0,11,ack-4f,w,3,3,,ctl,missed,0,0,,14.0
mpg,-4.0,11,ack-4f,w,3,3,0,ctl,ok,0,0,-3.8,14.0
mpg,-4.0,11,ack-4f,w,2,2,0,ctl,ok,0,0,-3.2,14.0
mpg,-4.0,11,qpsk-r1/5,w,9,1,0,data,ctl_lost,8,0,-5.6,14.0
mpg,-4.0,11,ack-4f,w,3,3,0,ctl,ok,0,0,2.2,14.0
mpg,-4.0,11,ack-4f,w,3,3,0,ctl,ok,0,0,3.7,14.0
mpg,-4.0,11,qpsk-r1/3,w,9,2,1,data,ok,7,0,-2.3,14.0
mpg,-4.0,11,ack-4f,w,3,3,0,ctl,ctl_lost,0,0,-8.8,14.0
mpg,-4.0,11,ack-4f,w,4,4,0,ctl,ok,0,0,-1.4,14.0
mpg,-4.0,11,ack-4f,w,3,3,0,ctl,ok,0,0,0.8,14.0
mpg,-4.0,11,qpsk-r1/5,w,9,2,1,data,ok,7,1,-4.0,14.0
mpg,-4.0,11,n10-ack-4f,n10,3,3,,ctl,missed,0,0,,14.0
mpg,-4.0,11,ack-4f,w,4,4,0,ctl,ok,0,0,-1.8,14.0
mpg,-4.0,11,ack-4f,w,3,3,0,ctl,ok,0,0,-6.6,14.0
mpg,-4.0,11,qpsk-r1/5,w,9,2,1,data,ok,7,7,-1.6,14.0
mpg,-4.0,11,n10-ack-4f,n10,3,3,,ctl,missed,0,0,,14.0
mpg,-4.0,11,ack-4f,w,3,3,0,ctl,ok,0,0,1.5,14.0
mpg,-4.0,11,ack-4f,w,3,3,0,ctl,ok,0,0,2.6,14.0
mpg,-4.0,11,qpsk-r1/3,w,9,2,1,data,ok,7,0,-1.7,14.0
mpg,-4.0,11,n10-ack-4f,n10,3,3,0,ctl,ok,0,0,0.1,14.0
mpg,-4.0,11,qpsk-r1/5,w,9,2,1,data,ok,7,0,-4.8,14.0
mpg,-4.0,11,ack-4f,w,3,3,0,ctl,ok,0,0,1.3,14.0
mpg,-4.0,11,qpsk-r1/5,w,9,2,1,data,ok,0,0,-0.6,14.0
mpg,-4.0,11,n10-ack-4f,n10,3,3,0,ctl,ok,0,0,3.6,14.0
mpg,-4.0,11,qpsk-r1/5,w,9,2,1,data,ok,7,7,-1.3,14.0
mpg,-4.0,11,ack-1f,w,2,2,0,ctl,ctl_lost,0,0,-4.3,14.0
mpg,-4.0,11,ack-4f,w,3,3,0,ctl,ok,0,0,-1.0,14.0
mpg,-4.0,11,ack-4f,w,2,2,0,ctl,ok,0,0,-1.8,14.0
mpg,-4.0,11,qpsk-r1/5,w,9,1,0,data,ok,8,8,2.8,14.0
mpg,-4.0,11,n10-ack-4f,n10,3,3,0,ctl,ok,0,0,-4.0,14.0
mpg,-4.0,11,qpsk-r1/3,w,9,2,1,data,ok,7,0,-3.0,14.0
mpg,-4.0,11,ack-4f,w,2,2,0,ctl,ok,0,0,-6.9,14.0
mpg,-4.0,11,qpsk-r1/5,w,9,1,,data,missed,0,0,,14.0
mpg,-4.0,11,ack-4f,w,3,3,0,ctl,ok,0,0,0.0,14.0
mpg,-4.0,11,ack-4f,w,2,2,0,ctl,ok,0,0,0.5,14.0
mpg,-4.0,11,qpsk-r1/5,w,9,1,0,data,ok,8,8,-1.8,14.0
mpg,-4.0,11,n10-ack-4f,n10,2,2,0,ctl,ok,0,0,-1.7,14.0
mpg,-4.0,11,qpsk-r1/5,w,9,1,0,data,ok,8,8,-0.5,14.0
mpg,-4.0,11,n10-ack-4f,n10,2,2,0,ctl,ok,0,0,-2.2,14.0
mpg,-4.0,11,qpsk-r1/5,w,9,1,0,data,ok,8,8,-0.6,14.0
mpg,-4.0,11,n10-ack-4f,n10,2,2,0,ctl,ok,0,0,4.8,14.0
mpg,-4.0,11,qpsk-r1/5,w,9,1,0,data,ok,8,8,0.2,14.0
mpg,-4.0,11,ack-4f,w,2,2,0,ctl,ok,0,0,-4.7,14.0
mpg,-4.0,11,qpsk-r1/5,w,9,1,,data,missed,0,0,,14.0
mpg,-4.0,11,ack-4f,w,3,3,0,ctl,ok,0,0,0.5,14.0
mpg,-4.0,11,ack-4f,w,2,2,0,ctl,ok,0,0,-4.7,14.0
mpg,-4.0,11,qpsk-r1/5,w,9,1,0,data,ok,8,8,0.4,14.0
mpg,-4.0,11,n10-ack-4f,n10,2,2,0,ctl,ok,0,0,5.2,14.0
mpg,-4.0,11,qpsk-r1/5,w,9,1,0,data,ok,8,8,-1.5,14.0
mpg,-4.0,11,n10-ack-4f,n10,2,2,0,ctl,ok,0,0,0.5,14.0
mpg,-4.0,11,qpsk-r1/5,w,9,1,0,data,ok,8,8,-0.6,14.0
mpg,-4.0,11,n4-ack-2f,n4,2,2,0,ctl,ok,0,0,-3.6,14.0
mpg,-4.0,11,qpsk-r1/5,w,9,1,0,data,ctl_lost,8,0,-4.8,14.0
mpg,-4.0,11,ack-4f,w,3,3,0,ctl,ok,0,0,-1.4,14.0
mpg,-4.0,11,ack-4f,w,3,3,0,ctl,ok,0,0,-0.9,14.0
mpg,-4.0,11,qpsk-r1/5,w,9,2,1,data,ok,7,7,-2.2,14.0
mpg,-4.0,11,n10-ack-4f,n10,3,3,0,ctl,ctl_lost,0,0,-9.1,14.0
mpg,-4.0,11,ack-4f,w,2,2,0,ctl,ok,0,0,-1.7,14.0
mpg,-4.0,11,ack-4f,w,3,3,0,ctl,ok,0,0,-3.3,14.0
mpg,-4.0,11,qpsk-r1/5,w,9,2,1,data,ok,7,7,0.1,14.0
mpg,-4.0,11,n4-ack-8f,n4,2,2,0,ctl,ok,0,0,-0.8,14.0
mpg,-4.0,11,qpsk-r1/5,w,9,1,0,data,ok,8,8,-0.6,14.0
mpg,-4.0,11,ack-4f,w,2,2,0,ctl,ok,0,0,-5.0,14.0
mpg,-4.0,11,qpsk-r1/5,w,9,1,0,data,ok,8,0,-5.0,14.0
mpg,-4.0,11,ack-4f,w,3,3,0,ctl,ok,0,0,-1.3,14.0
mpg,-4.0,11,qpsk-r1/5,w,9,2,1,data,ok,0,0,-0.7,14.0
mpg,-4.0,11,ack-4f,w,2,2,0,ctl,ok,0,0,1.4,14.0
mpg,-4.0,11,qpsk-r1/5,w,9,1,0,data,ok,7,7,0.3,14.0
mpg,-4.0,11,ack-4f,w,2,2,0,ctl,ok,0,0,-10.6,14.0
mpg,-4.0,11,qpsk-r1/5,w,9,1,0,data,ok,8,2,-4.4,14.0
mpg,-4.0,11,ack-4f,w,3,3,0,ctl,ok,0,0,-4.1,14.0
mpg,-4.0,11,qpsk-r1/5,w,9,1,0,data,ok,2,2,-2.3,14.0
mpg,-4.0,11,n4-ack-8f,n4,2,2,0,ctl,ok,0,0,-0.8,14.0
mpg,-4.0,11,qpsk-r1/5,w,9,1,0,data,ctl_lost,8,0,-4.5,14.0
mpg,-4.0,11,ack-4f,w,3,3,0,ctl,ok,0,0,-14.3,14.0
mpg,-4.0,11,ack-4f,w,3,3,0,ctl,ok,0,0,-3.4,14.0
mpg,-4.0,11,fsk32r62-r1/2,c32r62,10,2,1,data,ok,8,6,-1.1,14.0
mpg,-4.0,10,qpsk-r1/5,w,1,1,0,ctl,ok,0,0,2.8,19.6
mpg,-4.0,10,qpsk-r1/5,w,1,1,0,ctl,ok,0,0,1.3,19.6
mpg,-4.0,10,ack-4f,w,3,3,0,ctl,ok,0,0,1.7,19.6
mpg,-4.0,10,ack-4f,w,3,3,0,ctl,ok,0,0,2.7,19.6
mpg,-4.0,10,qpsk-r1/2,w,9,2,1,data,ok,7,7,2.7,19.6
mpg,-4.0,10,ack-1f,w,3,3,0,ctl,ok,0,0,4.7,19.6
mpg,-4.0,10,qpsk-r1/2,w,9,2,1,data,ok,7,0,-2.3,19.6
mpg,-4.0,10,ack-1f,w,3,3,0,ctl,ok,0,0,-1.5,19.6
mpg,-4.0,10,qpsk-r1/3,w,9,2,1,data,ok,7,0,-3.9,19.6
mpg,-4.0,10,ack-1f,w,3,3,0,ctl,ctl_lost,0,0,-1.6,19.6
mpg,-4.0,10,ack-4f,w,4,4,0,ctl,ok,0,0,0.7,19.6
mpg,-4.0,10,ack-4f,w,3,3,0,ctl,ok,0,0,-3.4,19.6
mpg,-4.0,10,qpsk-r1/3,w,9,2,1,data,ok,7,0,-2.8,19.6
mpg,-4.0,10,ack-4f,w,3,3,,ctl,missed,0,0,,19.6
mpg,-4.0,10,ack-4f,w,3,3,0,ctl,ok,0,0,-2.4,19.6
mpg,-4.0,10,ack-4f,w,3,3,0,ctl,ok,0,0,-2.2,19.6
mpg,-4.0,10,qpsk-r1/3,w,9,2,1,data,ok,7,7,0.6,19.6
mpg,-4.0,10,ack-4f,w,3,3,0,ctl,ok,0,0,0.4,19.6
mpg,-4.0,10,qpsk-r1/3,w,9,2,1,data,ok,7,0,-2.0,19.6
mpg,-4.0,10,ack-4f,w,3,3,0,ctl,ok,0,0,-2.5,19.6
mpg,-4.0,10,qpsk-r1/3,w,9,2,,data,missed,0,0,,19.6
mpg,-4.0,10,ack-4f,w,3,3,0,ctl,ok,0,0,-5.5,19.6
mpg,-4.0,10,ack-4f,w,3,3,0,ctl,ok,0,0,-2.1,19.6
mpg,-4.0,10,qpsk-r1/3,w,9,2,1,data,ok,0,0,-2.6,19.6
mpg,-4.0,10,ack-4f,w,3,3,0,ctl,ok,0,0,-0.8,19.6
mpg,-4.0,10,qpsk-r1/3,w,9,2,1,data,ok,7,7,0.9,19.6
mpg,-4.0,10,ack-4f,w,2,2,0,ctl,ok,0,0,-3.4,19.6
mpg,-4.0,10,qpsk-r1/3,w,9,1,0,data,ok,8,8,-0.5,19.6
mpg,-4.0,10,ack-4f,w,2,2,0,ctl,ok,0,0,-1.2,19.6
mpg,-4.0,10,qpsk-r1/3,w,9,1,0,data,ctl_lost,8,0,-1.6,19.6
mpg,-4.0,10,ack-4f,w,3,3,0,ctl,ok,0,0,-0.0,19.6
mpg,-4.0,10,ack-4f,w,3,3,0,ctl,ok,0,0,-1.0,19.6
mpg,-4.0,10,qpsk-r1/3,w,9,2,1,data,ok,7,7,-1.4,19.6
mpg,-4.0,10,ack-4f,w,3,3,0,ctl,ctl_lost,0,0,-112.9,19.6
mpg,-4.0,10,ack-4f,w,3,3,0,ctl,ok,0,0,-9.6,19.6
mpg,-4.0,10,ack-4f,w,3,3,0,ctl,ok,0,0,-5.6,19.6
mpg,-4.0,10,qpsk-r1/3,w,9,2,1,data,ok,7,7,-0.1,19.6
mpg,-4.0,10,n10-ack-4f,n10,3,3,0,ctl,ok,0,0,-1.0,19.6
mpg,-4.0,10,qpsk-r1/3,w,9,2,1,data,ok,7,0,-2.8,19.6
mpg,-4.0,10,ack-4f,w,3,3,0,ctl,ok,0,0,-4.5,19.6
mpg,-4.0,10,qpsk-r1/3,w,9,2,1,data,ok,0,0,-3.8,19.6
mpg,-4.0,10,ack-4f,w,3,3,0,ctl,ok,0,0,-1.6,19.6
mpg,-4.0,10,qpsk-r1/3,w,9,2,1,data,ok,7,5,-1.1,19.6
mpg,-4.0,10,ack-4f,w,3,3,0,ctl,ok,0,0,-6.8,19.6
mpg,-4.0,10,qpsk-r1/3,w,9,2,1,data,ok,5,5,3.8,19.6
mpg,-4.0,10,ack-4f,w,2,2,0,ctl,ok,0,0,-1.2,19.6
mpg,-4.0,10,qpsk-r1/3,w,9,1,0,data,ctl_lost,8,0,-2.6,19.6
mpg,-4.0,10,ack-4f,w,3,3,0,ctl,ok,0,0,-2.6,19.6
mpg,-4.0,10,ack-4f,w,3,3,0,ctl,ok,0,0,-1.4,19.6
mpg,-4.0,10,qpsk-r1/3,w,9,2,1,data,ok,7,0,-3.2,19.6
mpg,-4.0,10,ack-4f,w,3,3,0,ctl,ok,0,0,-3.2,19.6
mpg,-4.0,10,qpsk-r1/3,w,9,2,1,data,ctl_lost,0,0,-2.1,19.6
mpg,-4.0,10,ack-4f,w,3,3,0,ctl,ok,0,0,-5.6,19.6
mpg,-4.0,10,ack-4f,w,3,3,0,ctl,ok,0,0,3.4,19.6
mpg,-4.0,10,qpsk-r1/3,w,9,2,1,data,ok,0,0,2.3,19.6
mpg,-4.0,10,ack-4f,w,3,3,0,ctl,ok,0,0,0.2,19.6
mpg,-4.0,10,qpsk-r1/3,w,9,2,1,data,ok,7,5,-0.8,19.6
mpg,-4.0,10,ack-4f,w,3,3,0,ctl,ok,0,0,-1.8,19.6
mpg,-4.0,10,qpsk-r1/3,w,9,2,1,data,ok,5,5,0.1,19.6
mpg,-4.0,10,ack-4f,w,3,3,0,ctl,ok,0,0,3.7,19.6
mpg,-4.0,10,qpsk-r1/3,w,9,2,1,data,ok,7,7,1.8,19.6
mpg,-4.0,10,ack-4f,w,2,2,0,ctl,ok,0,0,1.2,19.6
mpg,-4.0,10,qpsk-r1/3,w,9,1,0,data,ok,8,7,-0.4,19.6
mpg,-4.0,10,ack-4f,w,3,3,0,ctl,ok,0,0,3.1,19.6
mpg,-4.0,10,qpsk-r1/3,w,9,1,0,data,ok,7,7,3.1,19.6
mpg,-4.0,10,ack-4f,w,2,2,0,ctl,ok,0,0,-4.2,19.6
mpg,-4.0,10,qpsk-r1/3,w,9,1,0,data,ctl_lost,8,0,-5.9,19.6
mpg,-4.0,10,ack-4f,w,3,3,,ctl,missed,0,0,,19.6
mpg,-4.0,10,ack-4f,w,3,3,0,ctl,ok,0,0,4.1,19.6
mpg,-4.0,10,ack-4f,w,3,3,0,ctl,ok,0,0,3.7,19.6
mpg,-4.0,10,qpsk-r1/3,w,9,2,1,data,ok,7,0,-5.4,19.6
mpg,-4.0,10,ack-4f,w,3,3,0,ctl,ok,0,0,-5.2,19.6
mpg,-4.0,10,qpsk-r1/3,w,9,2,1,data,ok,0,0,0.8,19.6
mpg,-4.0,10,ack-4f,w,3,3,0,ctl,ok,0,0,-5.8,19.6
mpg,-4.0,10,qpsk-r1/3,w,9,2,1,data,ok,7,0,-2.3,19.6
mpg,-4.0,10,ack-4f,w,3,3,0,ctl,ok,0,0,-1.2,19.6
mpg,-4.0,10,qpsk-r1/3,w,9,2,1,data,ok,0,0,-1.3,19.6
mpg,-4.0,10,ack-4f,w,3,3,0,ctl,ok,0,0,0.0,19.6
mpg,-4.0,10,qpsk-r1/3,w,9,2,1,data,ok,7,0,-0.4,19.6
mpg,-4.0,10,ack-4f,w,3,3,0,ctl,ok,0,0,-3.9,19.6
mpg,-4.0,10,qpsk-r1/5,w,9,2,1,data,ok,7,7,-1.8,19.6
mpg,-4.0,10,ack-4f,w,3,3,0,ctl,ok,0,0,-0.5,19.6
mpg,-4.0,10,qpsk-r1/5,w,9,2,1,data,ok,7,0,-6.3,19.6
mpg,-4.0,10,ack-4f,w,3,3,0,ctl,ok,0,0,-0.3,19.6
mpg,-4.0,10,qpsk-r1/5,w,9,2,1,data,ok,0,0,-0.2,19.6
mpg,-4.0,10,ack-4f,w,3,3,0,ctl,ok,0,0,-9.7,19.6
mpg,-4.0,10,qpsk-r1/5,w,9,2,1,data,ok,7,7,0.1,19.6
mpg,-4.0,10,ack-4f,w,2,2,0,ctl,ok,0,0,0.8,19.6
mpg,-4.0,10,qpsk-r1/5,w,9,1,0,data,ok,8,8,-0.4,19.6
mpg,-4.0,10,ack-4f,w,2,2,0,ctl,ok,0,0,1.7,19.6
mpg,-4.0,10,qpsk-r1/5,w,9,1,0,data,ok,8,8,-1.5,19.6
mpg,-4.0,10,ack-4f,w,2,2,0,ctl,ok,0,0,1.7,19.6
mpg,-4.0,10,qpsk-r1/5,w,9,1,0,data,ctl_lost,8,5,-3.7,19.6
mpg,-4.0,10,ack-4f,w,3,3,0,ctl,ok,0,0,-0.9,19.6
